DT,prcp,dwpt,temp,wdir,pres,wspd,Donalsonville,rhum
2022-01-01 05:00:00,0.0,22.8,22.7,190.0,1017.0,13.0,0.172414,99.0
2022-01-01 06:00:00,0.0,22.5,22.7,200.0,1016.0,13.0,0.172414,99.0
2022-01-01 07:00:00,0.0,22.3,22.3,190.0,1016.0,11.2,0.155172,100.0
2022-01-01 08:00:00,0.0,22.2,22.5,190.0,1016.0,13.0,0.155172,98.0
2022-01-01 09:00:00,0.0,21.9,22.2,190.0,1016.0,14.8,0.137931,98.0
2022-01-01 10:00:00,0.0,21.9,21.9,190.0,1016.0,11.2,0.137931,100.0
2022-01-01 11:00:00,0.0,20.2,21.6,190.0,1016.0,11.2,0.137931,91.0
2022-01-01 12:00:00,0.0,19.8,21.3,180.0,1016.0,11.2,0.137931,94.0
2022-01-01 13:00:00,0.0,21.0,20.6,180.0,1016.0,11.2,0.137931,100.0
2022-01-01 14:00:00,0.0,21.1,21.3,190.0,1017.0,13.0,0.103448,99.0
2022-01-01 15:00:00,0.0,20.9,22.3,190.0,1017.0,20.5,0.051724,92.0
2022-01-01 16:00:00,0.0,20.1,25.3,170.0,1016.0,22.3,-0.137931,73.0
2022-01-01 17:00:00,0.0,19.3,26.7,200.0,1015.0,35.3,-0.224138,64.0
2022-01-01 18:00:00,0.0,18.5,28.1,210.0,1014.0,27.7,-0.224138,56.0
2022-01-01 19:00:00,0.0,18.3,28.5,200.0,1013.0,25.9,-0.155172,54.0
2022-01-01 20:00:00,0.0,18.1,27.4,200.0,1013.0,27.7,-0.051724,57.0
2022-01-01 21:00:00,0.0,17.9,27.2,220.0,1014.0,22.3,-0.034483,57.0
2022-01-01 22:00:00,0.0,18.0,26.7,210.0,1014.0,14.8,0.12069,59.0
2022-01-01 23:00:00,0.0,18.2,24.7,210.0,1014.0,22.3,0.189655,67.0
2022-01-02 00:00:00,0.0,18.6,23.7,200.0,1014.0,14.8,0.206897,73.0
2022-01-02 01:00:00,0.0,20.0,22.1,180.0,1014.0,16.6,0.189655,88.0
2022-01-02 02:00:00,0.0,21.1,21.8,190.0,1014.0,16.6,0.189655,96.0
2022-01-02 03:00:00,0.0,21.5,22.2,190.0,1014.0,22.3,0.172414,96.0
2022-01-02 04:00:00,0.0,21.8,22.1,200.0,1014.0,18.4,0.172414,98.0
2022-01-02 05:00:00,0.0,21.7,21.9,190.0,1013.0,16.6,0.155172,99.0
2022-01-02 06:00:00,0.0,21.7,21.9,200.0,1013.0,16.6,0.155172,99.0
2022-01-02 07:00:00,0.0,21.8,21.8,190.0,1013.0,16.6,0.155172,100.0
2022-01-02 08:00:00,0.0,21.8,22.0,180.0,1012.0,16.6,0.155172,99.0
2022-01-02 09:00:00,0.0,21.8,21.8,190.0,1012.0,13.0,0.137931,100.0
2022-01-02 10:00:00,0.0,21.9,22.1,190.0,1012.0,13.0,0.137931,99.0
2022-01-02 11:00:00,0.0,21.6,22.1,200.0,1012.0,16.6,0.137931,97.0
2022-01-02 12:00:00,0.0,21.6,21.9,180.0,1012.0,11.2,0.137931,98.0
2022-01-02 13:00:00,0.0,21.6,21.6,190.0,1013.0,11.2,0.155172,100.0
2022-01-02 14:00:00,0.2,22.3,23.3,210.0,1013.0,11.2,0.12069,94.0
2022-01-02 15:00:00,0.3,22.2,24.7,210.0,1014.0,20.5,0.051724,86.0
2022-01-02 16:00:00,0.2,22.2,24.9,220.0,1014.0,16.6,0.068966,85.0
2022-01-02 17:00:00,0.3,22.0,27.0,220.0,1012.0,24.1,-0.051724,74.0
2022-01-02 18:00:00,1.6,21.6,26.8,230.0,1010.0,24.1,-0.034483,73.0
2022-01-02 19:00:00,1.2,21.4,28.4,220.0,1010.0,29.5,-0.017241,66.0
2022-01-02 20:00:00,4.6,22.0,27.7,220.0,1010.0,37.1,0.068966,71.0
2022-01-02 21:00:00,0.4,22.4,25.9,210.0,1009.0,29.5,0.12069,81.0
2022-01-02 22:00:00,2.3,20.2,22.5,270.0,1010.0,24.1,0.189655,87.0
2022-01-02 23:00:00,9.7,20.0,20.4,260.0,1010.0,27.7,0.172414,100.0
2022-01-03 00:00:00,34.5,19.7,19.7,230.0,1010.0,25.9,0.189655,96.0
2022-01-03 01:00:00,18.8,19.3,20.0,230.0,1009.0,14.8,0.189655,96.0
2022-01-03 02:00:00,1.0,19.4,20.1,210.0,1008.0,18.4,0.172414,97.0
2022-01-03 03:00:00,1.3,18.7,20.5,200.0,1010.0,20.5,0.172414,98.0
2022-01-03 04:00:00,2.0,18.5,18.8,280.0,1012.0,51.8,0.172414,98.0
2022-01-03 05:00:00,0.1,11.7,12.8,290.0,1015.0,50.0,0.155172,93.0
2022-01-03 06:00:00,0.0,9.2,11.1,290.0,1015.0,38.9,0.137931,88.0
2022-01-03 07:00:00,0.0,6.8,8.8,290.0,1017.0,29.5,0.12069,87.0
2022-01-03 08:00:00,0.0,4.9,7.1,290.0,1017.0,27.7,0.12069,86.0
2022-01-03 09:00:00,0.0,3.3,6.0,290.0,1019.0,40.7,0.12069,83.0
2022-01-03 10:00:00,0.0,1.8,4.6,300.0,1020.0,40.7,0.137931,82.0
2022-01-03 11:00:00,0.0,1.0,3.6,290.0,1021.0,31.7,0.172414,83.0
2022-01-03 12:00:00,0.0,0.7,3.3,310.0,1022.0,31.7,0.189655,83.0
2022-01-03 13:00:00,0.0,0.2,3.0,310.0,1023.0,31.7,0.396552,82.0
2022-01-03 14:00:00,0.0,0.4,3.3,320.0,1025.0,25.9,0.465517,81.0
2022-01-03 15:00:00,0.0,0.5,3.8,310.0,1026.0,24.1,0.482759,79.0
2022-01-03 16:00:00,0.0,0.6,4.3,320.0,1026.0,22.3,0.465517,77.0
2022-01-03 17:00:00,0.0,1.0,5.3,310.0,1025.0,20.5,0.431034,74.0
2022-01-03 18:00:00,0.0,1.1,5.6,320.0,1025.0,22.3,0.431034,73.0
2022-01-03 19:00:00,0.0,1.4,6.5,320.0,1024.0,24.1,0.37931,70.0
2022-01-03 20:00:00,0.0,1.2,7.1,330.0,1025.0,24.1,0.12069,66.0
2022-01-03 21:00:00,0.0,1.1,8.4,360.0,1025.0,18.4,0.137931,60.0
2022-01-03 22:00:00,0.0,1.0,7.8,350.0,1025.0,20.5,0.293103,62.0
2022-01-03 23:00:00,0.0,1.0,6.5,350.0,1026.0,16.6,0.551724,68.0
2022-01-04 00:00:00,0.0,1.5,5.2,330.0,1026.0,11.2,0.655172,77.0
2022-01-04 01:00:00,0.0,1.3,4.6,350.0,1026.0,18.4,0.396552,79.0
2022-01-04 02:00:00,0.0,1.1,4.4,360.0,1027.0,11.2,0.396552,79.0
2022-01-04 03:00:00,0.0,0.9,3.9,350.0,1027.0,9.4,0.37931,81.0
2022-01-04 04:00:00,0.0,1.8,2.5,290.0,1027.0,9.4,0.37931,95.0
2022-01-04 05:00:00,0.0,1.7,2.4,300.0,1027.0,11.2,0.37931,95.0
2022-01-04 06:00:00,0.0,1.4,2.1,360.0,1027.0,11.2,0.362069,95.0
2022-01-04 07:00:00,0.0,0.8,2.0,10.0,1027.0,9.4,0.362069,92.0
2022-01-04 08:00:00,0.0,0.6,1.8,360.0,1027.0,9.4,0.362069,92.0
2022-01-04 09:00:00,0.0,0.7,1.3,360.0,1026.0,5.4,0.344828,96.0
2022-01-04 10:00:00,0.0,0.6,1.0,40.0,1026.0,11.2,0.37931,97.0
2022-01-04 11:00:00,0.0,0.5,0.9,40.0,1027.0,11.2,0.396552,97.0
2022-01-04 12:00:00,0.0,0.4,0.8,30.0,1027.0,9.4,0.448276,97.0
2022-01-04 13:00:00,0.0,0.9,1.3,50.0,1028.0,9.4,0.689655,97.0
2022-01-04 14:00:00,0.0,1.9,2.9,50.0,1028.0,7.6,0.689655,93.0
2022-01-04 15:00:00,0.0,3.5,5.2,60.0,1028.0,13.0,0.551724,89.0
2022-01-04 16:00:00,0.0,4.5,7.9,90.0,1027.0,14.8,0.448276,79.0
2022-01-04 17:00:00,0.0,5.2,10.4,70.0,1026.0,11.2,0.465517,70.0
2022-01-04 18:00:00,0.0,5.7,11.9,30.0,1025.0,7.6,0.465517,66.0
2022-01-04 19:00:00,0.0,6.1,13.0,90.0,1023.0,13.0,0.344828,63.0
2022-01-04 20:00:00,0.0,6.9,13.6,90.0,1023.0,13.0,0.448276,64.0
2022-01-04 21:00:00,0.0,7.0,13.9,70.0,1023.0,16.6,0.310345,63.0
2022-01-04 22:00:00,0.0,7.3,14.0,90.0,1022.0,11.2,0.344828,64.0
2022-01-04 23:00:00,0.0,7.5,11.0,100.0,1023.0,9.4,0.517241,79.0
2022-01-05 00:00:00,0.0,8.3,10.4,0.0,1022.0,0.0,0.603448,87.0
2022-01-05 01:00:00,0.0,8.4,9.2,260.0,1022.0,9.4,0.362069,95.0
2022-01-05 02:00:00,0.0,7.8,8.1,0.0,1022.0,0.0,0.344828,98.0
2022-01-05 03:00:00,0.0,8.4,8.4,280.0,1022.0,5.4,0.344828,100.0
2022-01-05 04:00:00,0.0,8.5,9.1,310.0,1021.0,9.4,0.327586,96.0
2022-01-05 05:00:00,0.0,8.7,9.0,0.0,1021.0,0.0,0.310345,98.0
2022-01-05 06:00:00,0.0,8.7,9.5,330.0,1020.0,7.6,0.293103,95.0
2022-01-05 07:00:00,0.1,9.1,9.6,0.0,1020.0,0.0,0.275862,97.0
2022-01-05 08:00:00,0.2,9.2,9.8,300.0,1020.0,11.2,0.275862,96.0
2022-01-05 09:00:00,0.0,9.2,10.0,310.0,1020.0,9.4,0.258621,95.0
2022-01-05 10:00:00,0.0,9.2,10.1,330.0,1020.0,7.6,0.241379,94.0
2022-01-05 11:00:00,0.1,9.2,10.3,360.0,1020.0,7.6,0.293103,93.0
2022-01-05 12:00:00,0.0,9.1,10.5,330.0,1020.0,11.2,0.344828,91.0
2022-01-05 13:00:00,0.0,8.8,10.4,360.0,1020.0,9.4,0.568966,90.0
2022-01-05 14:00:00,0.0,8.6,11.0,350.0,1020.0,7.6,0.534483,85.0
2022-01-05 15:00:00,0.0,8.6,12.9,20.0,1020.0,9.4,0.344828,75.0
2022-01-05 16:00:00,0.0,8.2,15.4,360.0,1019.0,14.8,0.189655,62.0
2022-01-05 17:00:00,0.0,7.6,16.7,300.0,1019.0,14.8,0.12069,55.0
2022-01-05 18:00:00,0.0,7.0,17.5,280.0,1017.0,14.8,0.103448,50.0
2022-01-05 19:00:00,0.0,7.0,17.5,280.0,1016.0,18.4,0.241379,50.0
2022-01-05 20:00:00,0.0,7.0,16.9,280.0,1016.0,13.0,0.293103,52.0
2022-01-05 21:00:00,0.0,6.5,19.0,290.0,1016.0,13.0,0.293103,44.0
2022-01-05 22:00:00,0.0,7.0,17.9,290.0,1016.0,14.8,0.396552,49.0
2022-01-05 23:00:00,0.0,7.8,15.3,360.0,1017.0,7.6,0.448276,61.0
2022-01-06 00:00:00,0.0,9.0,13.1,0.0,1017.0,0.0,0.5,76.0
2022-01-06 01:00:00,0.0,9.6,10.8,0.0,1017.0,0.0,0.241379,92.0
2022-01-06 02:00:00,0.0,8.5,9.1,0.0,1017.0,0.0,0.241379,96.0
2022-01-06 03:00:00,0.0,8.6,8.9,0.0,1017.0,0.0,0.241379,98.0
2022-01-06 04:00:00,0.0,7.4,7.4,0.0,1017.0,0.0,0.224138,100.0
2022-01-06 05:00:00,0.0,7.1,7.5,210.0,1017.0,5.4,0.224138,97.0
2022-01-06 06:00:00,0.0,7.1,7.5,0.0,1016.0,0.0,0.224138,97.0
2022-01-06 07:00:00,0.0,7.3,6.0,0.0,1017.0,0.0,0.206897,91.0
2022-01-06 08:00:00,0.0,6.5,6.6,290.0,1017.0,7.6,0.206897,92.0
2022-01-06 09:00:00,0.0,7.3,6.3,0.0,1017.0,0.0,0.206897,88.0
2022-01-06 10:00:00,0.0,7.3,5.5,0.0,1017.0,0.0,0.224138,91.0
2022-01-06 11:00:00,0.0,6.2,5.1,150.0,1017.0,5.4,0.258621,94.0
2022-01-06 12:00:00,0.0,5.9,4.4,90.0,1017.0,7.6,0.327586,96.0
2022-01-06 13:00:00,0.0,9.0,4.8,0.0,1017.0,0.0,0.534483,100.0
2022-01-06 14:00:00,0.0,8.6,8.6,100.0,1017.0,5.4,0.482759,100.0
2022-01-06 15:00:00,0.0,9.6,12.8,140.0,1017.0,9.4,0.310345,81.0
2022-01-06 16:00:00,0.0,9.5,16.6,150.0,1016.0,14.8,0.155172,63.0
2022-01-06 17:00:00,0.0,8.4,20.1,190.0,1014.0,16.6,0.12069,47.0
2022-01-06 18:00:00,0.0,8.0,21.1,210.0,1014.0,25.9,0.086207,43.0
2022-01-06 19:00:00,0.0,8.9,21.0,190.0,1013.0,20.5,0.310345,46.0
2022-01-06 20:00:00,0.0,10.4,20.3,210.0,1013.0,13.0,0.431034,53.0
2022-01-06 21:00:00,0.1,12.0,19.7,240.0,1014.0,14.8,0.465517,61.0
2022-01-06 22:00:00,0.6,14.6,17.7,230.0,1014.0,14.8,0.482759,82.0
2022-01-06 23:00:00,4.3,14.9,15.6,220.0,1013.0,7.6,0.465517,87.0
2022-01-07 00:00:00,1.0,15.3,14.9,140.0,1014.0,16.6,0.5,91.0
2022-01-07 01:00:00,0.5,15.7,14.3,180.0,1014.0,7.6,0.258621,93.0
2022-01-07 02:00:00,0.2,16.0,14.2,200.0,1014.0,9.4,0.224138,94.0
2022-01-07 03:00:00,0.1,15.8,15.5,210.0,1015.0,11.2,0.206897,93.0
2022-01-07 04:00:00,0.0,13.0,15.9,250.0,1016.0,11.2,0.189655,94.0
2022-01-07 05:00:00,0.0,13.3,14.3,340.0,1017.0,24.1,0.172414,94.0
2022-01-07 06:00:00,0.0,12.2,13.1,320.0,1018.0,18.4,0.172414,94.0
2022-01-07 07:00:00,0.0,7.7,10.6,350.0,1019.0,24.1,0.155172,82.0
2022-01-07 08:00:00,0.0,5.3,8.2,350.0,1019.0,18.4,0.172414,82.0
2022-01-07 09:00:00,0.0,3.9,6.4,350.0,1021.0,22.3,0.172414,84.0
2022-01-07 10:00:00,0.0,3.3,5.1,350.0,1021.0,14.8,0.189655,88.0
2022-01-07 11:00:00,0.0,2.7,4.4,360.0,1023.0,16.6,0.224138,89.0
2022-01-07 12:00:00,0.0,2.2,3.7,360.0,1023.0,14.8,0.310345,90.0
2022-01-07 13:00:00,0.0,1.6,3.4,10.0,1024.0,16.6,0.551724,88.0
2022-01-07 14:00:00,0.0,1.4,4.4,10.0,1026.0,18.4,0.517241,81.0
2022-01-07 15:00:00,0.0,1.0,6.1,40.0,1026.0,20.5,0.327586,70.0
2022-01-07 16:00:00,0.0,0.0,7.8,50.0,1025.0,20.5,0.189655,58.0
2022-01-07 17:00:00,0.0,-0.7,9.5,40.0,1025.0,14.8,0.12069,49.0
2022-01-07 18:00:00,0.0,-1.0,10.8,10.0,1023.0,16.6,0.086207,44.0
2022-01-07 19:00:00,0.0,-1.7,11.8,30.0,1023.0,20.5,0.068966,39.0
2022-01-07 20:00:00,0.0,-0.9,12.7,20.0,1023.0,11.2,0.068966,39.0
2022-01-07 21:00:00,0.0,-1.1,12.9,10.0,1024.0,13.0,0.12069,38.0
2022-01-07 22:00:00,0.0,-1.4,12.6,60.0,1024.0,14.8,0.258621,38.0
2022-01-07 23:00:00,0.0,0.3,9.7,70.0,1025.0,9.4,0.448276,52.0
2022-01-08 00:00:00,0.0,0.1,9.2,30.0,1025.0,7.6,0.517241,53.0
2022-01-08 01:00:00,0.0,2.6,7.5,0.0,1026.0,0.0,0.310345,71.0
2022-01-08 02:00:00,0.0,3.1,4.8,90.0,1026.0,5.4,0.275862,89.0
2022-01-08 03:00:00,0.0,2.3,5.1,80.0,1027.0,9.4,0.258621,82.0
2022-01-08 04:00:00,0.0,1.7,5.0,100.0,1027.0,7.6,0.275862,79.0
2022-01-08 05:00:00,0.0,0.7,5.5,40.0,1026.0,5.4,0.258621,71.0
2022-01-08 06:00:00,0.0,1.2,4.2,50.0,1027.0,7.6,0.241379,81.0
2022-01-08 07:00:00,0.0,0.9,3.7,60.0,1027.0,7.6,0.241379,82.0
2022-01-08 08:00:00,0.0,0.7,3.8,60.0,1027.0,13.0,0.258621,80.0
2022-01-08 09:00:00,0.0,0.8,3.2,60.0,1027.0,9.4,0.241379,84.0
2022-01-08 10:00:00,0.0,0.3,2.4,80.0,1028.0,7.6,0.258621,86.0
2022-01-08 11:00:00,0.0,0.0,2.4,70.0,1029.0,13.0,0.293103,84.0
2022-01-08 12:00:00,0.0,-0.2,2.1,60.0,1030.0,11.2,0.310345,85.0
2022-01-08 13:00:00,0.0,-0.6,2.3,60.0,1030.0,13.0,0.344828,81.0
2022-01-08 14:00:00,0.0,-0.1,4.5,60.0,1031.0,14.8,0.275862,72.0
2022-01-08 15:00:00,0.0,-0.5,7.5,80.0,1031.0,16.6,0.086207,57.0
2022-01-08 16:00:00,0.0,-0.2,10.7,80.0,1031.0,14.8,-0.017241,47.0
2022-01-08 17:00:00,0.0,0.7,14.1,90.0,1030.0,16.6,-0.12069,40.0
2022-01-08 18:00:00,0.0,3.2,16.1,80.0,1030.0,22.3,-0.224138,42.0
2022-01-08 19:00:00,0.0,5.8,17.9,70.0,1028.0,18.4,-0.258621,45.0
2022-01-08 20:00:00,0.0,6.8,18.3,60.0,1028.0,18.4,-0.189655,47.0
2022-01-08 21:00:00,0.0,8.0,17.4,90.0,1029.0,18.4,0.034483,54.0
2022-01-08 22:00:00,0.0,8.7,17.6,70.0,1029.0,14.8,0.155172,56.0
2022-01-08 23:00:00,0.0,9.2,14.8,70.0,1029.0,14.8,0.189655,69.0
2022-01-09 00:00:00,0.0,9.1,12.5,80.0,1030.0,13.0,0.241379,80.0
2022-01-09 01:00:00,0.0,9.4,11.5,80.0,1030.0,11.2,0.241379,87.0
2022-01-09 02:00:00,0.0,9.4,10.3,80.0,1030.0,14.8,0.241379,94.0
2022-01-09 03:00:00,0.0,10.0,10.6,90.0,1030.0,13.0,0.224138,96.0
2022-01-09 04:00:00,0.0,11.0,11.5,80.0,1030.0,13.0,0.224138,97.0
2022-01-09 05:00:00,0.0,10.0,10.9,80.0,1029.0,14.8,0.224138,86.0
2022-01-09 06:00:00,0.0,11.6,11.0,70.0,1029.0,16.6,0.189655,88.0
2022-01-09 07:00:00,0.0,11.5,11.8,80.0,1028.0,14.8,0.189655,92.0
2022-01-09 08:00:00,0.0,11.6,11.8,110.0,1027.0,18.4,0.189655,93.0
2022-01-09 09:00:00,0.0,11.7,12.2,100.0,1027.0,9.4,0.189655,93.0
2022-01-09 10:00:00,0.0,12.3,11.5,70.0,1027.0,7.6,0.189655,94.0
2022-01-09 11:00:00,0.0,13.0,12.2,80.0,1027.0,11.2,0.189655,93.0
2022-01-09 12:00:00,0.0,12.9,12.0,90.0,1028.0,13.0,0.206897,95.0
2022-01-09 13:00:00,0.0,12.8,12.1,90.0,1028.0,11.2,0.206897,99.0
2022-01-09 14:00:00,0.0,12.7,12.9,20.0,1028.0,7.6,0.206897,99.0
2022-01-09 15:00:00,0.0,13.6,14.2,0.0,1028.0,0.0,0.189655,96.0
2022-01-09 16:00:00,0.0,15.0,17.4,180.0,1027.0,13.0,0.103448,86.0
2022-01-09 17:00:00,0.0,16.2,19.7,180.0,1026.0,18.4,-0.017241,80.0
2022-01-09 18:00:00,0.0,16.6,21.9,190.0,1024.0,20.5,-0.189655,72.0
2022-01-09 19:00:00,0.0,17.2,23.7,190.0,1023.0,20.5,-0.224138,67.0
2022-01-09 20:00:00,0.0,17.5,25.6,200.0,1023.0,25.9,-0.103448,61.0
2022-01-09 21:00:00,0.0,17.8,23.8,190.0,1023.0,18.4,0.068966,69.0
2022-01-09 22:00:00,0.0,18.0,23.6,190.0,1022.0,16.6,0.12069,71.0
2022-01-09 23:00:00,0.0,18.3,22.1,200.0,1023.0,11.2,0.189655,79.0
2022-01-10 00:00:00,0.0,18.7,20.9,180.0,1023.0,9.4,0.224138,87.0
2022-01-10 01:00:00,3.1,18.9,20.1,190.0,1024.0,11.2,0.224138,93.0
2022-01-10 02:00:00,2.5,19.0,19.5,210.0,1024.0,11.2,0.224138,97.0
2022-01-10 03:00:00,0.4,17.0,19.1,220.0,1026.0,13.0,0.224138,100.0
2022-01-10 04:00:00,4.6,16.9,17.1,310.0,1023.0,24.1,0.206897,99.0
2022-01-10 05:00:00,5.6,17.0,15.9,120.0,1022.0,9.4,0.189655,98.0
2022-01-10 06:00:00,0.5,17.0,15.9,190.0,1023.0,13.0,0.172414,98.0
2022-01-10 07:00:00,0.0,17.0,15.2,260.0,1023.0,9.4,0.155172,98.0
2022-01-10 08:00:00,0.0,17.3,15.0,250.0,1023.0,7.6,0.155172,98.0
2022-01-10 09:00:00,0.0,17.9,15.3,240.0,1023.0,11.2,0.137931,99.0
2022-01-10 10:00:00,0.1,17.7,15.5,270.0,1023.0,7.6,0.155172,99.0
2022-01-10 11:00:00,0.0,16.9,15.6,270.0,1024.0,7.6,0.189655,96.0
2022-01-10 12:00:00,0.5,12.1,14.1,350.0,1025.0,20.5,0.241379,94.0
2022-01-10 13:00:00,0.0,12.0,12.9,360.0,1026.0,22.3,0.448276,94.0
2022-01-10 14:00:00,0.0,10.6,12.7,360.0,1027.0,24.1,0.5,87.0
2022-01-10 15:00:00,0.0,11.1,13.2,360.0,1028.0,24.1,0.396552,87.0
2022-01-10 16:00:00,0.0,7.8,12.3,340.0,1028.0,20.5,0.155172,74.0
2022-01-10 17:00:00,0.0,3.7,13.4,340.0,1027.0,22.3,0.155172,52.0
2022-01-10 18:00:00,0.0,1.7,13.7,360.0,1027.0,25.9,0.172414,44.0
2022-01-10 19:00:00,0.0,2.3,13.4,360.0,1026.0,18.4,0.206897,47.0
2022-01-10 20:00:00,0.0,1.2,14.3,360.0,1027.0,24.1,0.12069,41.0
2022-01-10 21:00:00,0.0,0.1,13.4,10.0,1027.0,24.1,0.293103,40.0
2022-01-10 22:00:00,0.0,0.0,13.3,20.0,1027.0,16.6,0.344828,40.0
2022-01-10 23:00:00,0.0,1.7,11.2,340.0,1028.0,9.4,0.5,52.0
2022-01-11 00:00:00,0.0,-0.2,9.4,350.0,1028.0,13.0,0.448276,51.0
2022-01-11 01:00:00,0.0,-1.2,8.4,350.0,1028.0,11.2,0.327586,51.0
2022-01-11 02:00:00,0.0,-1.8,7.7,350.0,1030.0,9.4,0.310345,51.0
2022-01-11 03:00:00,0.0,-3.0,7.3,10.0,1030.0,14.8,0.310345,48.0
2022-01-11 04:00:00,0.0,-3.9,6.6,10.0,1031.0,14.8,0.310345,47.0
2022-01-11 05:00:00,0.0,-4.1,5.8,10.0,1030.0,9.4,0.293103,49.0
2022-01-11 06:00:00,0.0,-4.6,5.6,20.0,1030.0,14.8,0.293103,48.0
2022-01-11 07:00:00,0.0,-4.2,4.6,20.0,1031.0,9.4,0.293103,53.0
2022-01-11 08:00:00,0.0,-3.9,3.8,20.0,1031.0,9.4,0.293103,57.0
2022-01-11 09:00:00,0.0,-3.8,3.0,360.0,1031.0,7.6,0.275862,61.0
2022-01-11 10:00:00,0.0,-3.6,2.5,360.0,1031.0,7.6,0.293103,64.0
2022-01-11 11:00:00,0.0,-3.6,2.1,340.0,1032.0,7.6,0.327586,66.0
2022-01-11 12:00:00,0.0,-3.5,1.6,0.0,1032.0,0.0,0.413793,69.0
2022-01-11 13:00:00,0.0,-4.1,2.0,350.0,1033.0,7.6,0.637931,64.0
2022-01-11 14:00:00,0.0,-3.5,4.0,10.0,1033.0,11.2,0.586207,58.0
2022-01-11 15:00:00,0.0,-6.0,6.3,30.0,1033.0,24.1,0.362069,41.0
2022-01-11 16:00:00,0.0,-6.0,8.2,60.0,1032.0,22.3,0.241379,36.0
2022-01-11 17:00:00,0.0,-4.6,9.8,80.0,1032.0,20.5,0.12069,36.0
2022-01-11 18:00:00,0.0,-4.3,10.5,50.0,1031.0,11.2,0.086207,35.0
2022-01-11 19:00:00,0.0,-3.1,11.9,60.0,1030.0,16.6,-0.034483,35.0
2022-01-11 20:00:00,0.0,-2.3,12.4,80.0,1030.0,13.0,-0.12069,36.0
2022-01-11 21:00:00,0.0,-2.6,12.5,70.0,1030.0,14.8,-0.034483,35.0
2022-01-11 22:00:00,0.0,-1.8,12.1,60.0,1030.0,16.6,0.068966,38.0
2022-01-11 23:00:00,0.0,-1.4,9.7,50.0,1030.0,13.0,0.258621,46.0
2022-01-12 00:00:00,0.0,0.3,7.8,30.0,1030.0,11.2,0.327586,59.0
2022-01-12 01:00:00,0.0,-0.1,6.9,40.0,1031.0,11.2,0.344828,61.0
2022-01-12 02:00:00,0.0,-0.2,6.3,30.0,1031.0,13.0,0.362069,63.0
2022-01-12 03:00:00,0.0,-0.6,5.5,30.0,1031.0,11.2,0.344828,65.0
2022-01-12 04:00:00,0.0,-0.3,4.3,60.0,1030.0,5.4,0.310345,72.0
2022-01-12 05:00:00,0.0,-0.2,3.3,60.0,1030.0,9.4,0.327586,78.0
2022-01-12 06:00:00,0.0,-0.1,3.4,60.0,1029.0,9.4,0.310345,78.0
2022-01-12 07:00:00,0.0,0.8,3.4,70.0,1028.0,11.2,0.310345,83.0
2022-01-12 08:00:00,0.0,1.0,3.4,40.0,1029.0,7.6,0.310345,84.0
2022-01-12 09:00:00,0.0,2.2,3.5,20.0,1029.0,7.6,0.293103,91.0
2022-01-12 10:00:00,0.0,2.3,3.6,60.0,1029.0,11.2,0.310345,91.0
2022-01-12 11:00:00,0.0,2.4,4.4,40.0,1028.0,11.2,0.344828,87.0
2022-01-12 12:00:00,0.0,2.2,3.7,30.0,1029.0,9.4,0.431034,90.0
2022-01-12 13:00:00,0.0,2.2,3.5,40.0,1028.0,7.6,0.465517,91.0
2022-01-12 14:00:00,0.0,2.0,5.0,60.0,1028.0,13.0,0.413793,81.0
2022-01-12 15:00:00,0.0,2.8,6.4,50.0,1028.0,11.2,0.37931,78.0
2022-01-12 16:00:00,0.0,3.6,8.2,60.0,1027.0,13.0,0.206897,73.0
2022-01-12 17:00:00,0.0,4.1,11.4,60.0,1025.0,14.8,0.0,61.0
2022-01-12 18:00:00,0.0,5.2,13.8,30.0,1024.0,9.4,0.12069,56.0
2022-01-12 19:00:00,0.0,5.9,14.0,40.0,1024.0,5.4,0.103448,58.0
2022-01-12 20:00:00,0.0,6.0,14.4,50.0,1023.0,11.2,0.103448,57.0
2022-01-12 21:00:00,0.0,6.4,14.3,20.0,1023.0,5.4,0.224138,59.0
2022-01-12 22:00:00,0.0,6.5,14.4,10.0,1023.0,7.6,0.224138,59.0
2022-01-12 23:00:00,0.0,6.9,12.9,30.0,1023.0,5.4,0.275862,67.0
2022-01-13 00:00:00,0.0,7.3,11.8,60.0,1023.0,9.4,0.293103,74.0
2022-01-13 01:00:00,0.0,7.7,11.2,40.0,1023.0,9.4,0.310345,79.0
2022-01-13 02:00:00,0.0,8.0,10.2,320.0,1022.0,7.6,0.293103,86.0
2022-01-13 03:00:00,0.0,7.9,9.1,0.0,1022.0,0.0,0.293103,92.0
2022-01-13 04:00:00,0.0,6.7,7.1,0.0,1022.0,0.0,0.275862,97.0
2022-01-13 05:00:00,0.0,6.0,6.4,0.0,1021.0,0.0,0.258621,97.0
2022-01-13 06:00:00,0.0,4.9,5.9,320.0,1021.0,7.6,0.241379,89.0
2022-01-13 07:00:00,0.0,5.2,5.3,290.0,1021.0,5.4,0.241379,84.0
2022-01-13 08:00:00,0.0,4.9,4.4,0.0,1020.0,0.0,0.258621,86.0
2022-01-13 09:00:00,0.0,4.5,4.2,300.0,1020.0,7.6,0.241379,95.0
2022-01-13 10:00:00,0.0,4.1,4.4,310.0,1020.0,5.4,0.258621,95.0
2022-01-13 11:00:00,0.0,3.7,4.2,0.0,1019.0,0.0,0.293103,95.0
2022-01-13 12:00:00,0.0,4.1,4.0,210.0,1020.0,5.4,0.327586,94.0
2022-01-13 13:00:00,0.0,3.8,3.3,280.0,1020.0,7.6,0.396552,96.0
2022-01-13 14:00:00,0.0,5.9,6.6,300.0,1020.0,7.6,0.275862,93.0
2022-01-13 15:00:00,0.0,5.2,9.4,300.0,1020.0,7.6,0.103448,75.0
2022-01-13 16:00:00,0.0,4.5,12.3,300.0,1019.0,13.0,-0.034483,59.0
2022-01-13 17:00:00,0.0,1.9,14.3,300.0,1017.0,14.8,-0.12069,43.0
2022-01-13 18:00:00,0.0,2.2,15.0,280.0,1015.0,13.0,-0.172414,42.0
2022-01-13 19:00:00,0.0,0.5,16.4,280.0,1015.0,18.4,-0.189655,34.0
2022-01-13 20:00:00,0.0,1.8,17.0,260.0,1014.0,16.6,-0.155172,36.0
2022-01-13 21:00:00,0.0,1.9,17.1,270.0,1013.0,18.4,-0.086207,36.0
2022-01-13 22:00:00,0.0,1.9,16.3,260.0,1013.0,20.5,0.034483,38.0
2022-01-13 23:00:00,0.0,3.3,13.5,260.0,1013.0,11.2,0.189655,50.0
2022-01-14 00:00:00,0.0,3.6,11.9,270.0,1013.0,7.6,0.258621,57.0
2022-01-14 01:00:00,0.0,4.0,10.3,240.0,1013.0,11.2,0.275862,65.0
2022-01-14 02:00:00,0.0,5.0,10.0,250.0,1014.0,13.0,0.275862,71.0
2022-01-14 03:00:00,0.0,4.9,9.9,250.0,1014.0,13.0,0.275862,71.0
2022-01-14 04:00:00,0.0,5.3,8.6,260.0,1014.0,11.2,0.241379,80.0
2022-01-14 05:00:00,0.0,5.4,7.8,270.0,1014.0,13.0,0.224138,85.0
2022-01-14 06:00:00,0.0,4.9,6.7,270.0,1014.0,13.0,0.224138,88.0
2022-01-14 07:00:00,0.0,4.8,6.6,270.0,1014.0,11.2,0.224138,88.0
2022-01-14 08:00:00,0.0,4.3,5.8,290.0,1015.0,13.0,0.224138,90.0
2022-01-14 09:00:00,0.0,4.0,5.8,290.0,1015.0,5.4,0.224138,88.0
2022-01-14 10:00:00,0.0,3.8,4.8,250.0,1015.0,9.4,0.241379,93.0
2022-01-14 11:00:00,0.0,4.0,5.0,290.0,1016.0,5.4,0.275862,93.0
2022-01-14 12:00:00,0.0,3.3,3.7,0.0,1016.0,0.0,0.327586,97.0
2022-01-14 13:00:00,0.0,5.1,1.8,90.0,1017.0,5.4,0.37931,94.0
2022-01-14 14:00:00,0.0,5.3,6.2,220.0,1017.0,5.4,0.275862,94.0
2022-01-14 15:00:00,0.0,4.0,9.6,310.0,1018.0,7.6,0.068966,68.0
2022-01-14 16:00:00,0.0,2.7,11.4,360.0,1018.0,5.4,-0.051724,55.0
2022-01-14 17:00:00,0.0,2.9,13.4,330.0,1017.0,11.2,-0.155172,49.0
2022-01-14 18:00:00,0.0,2.7,14.9,300.0,1016.0,13.0,-0.224138,44.0
2022-01-14 19:00:00,0.0,2.4,15.6,280.0,1015.0,13.0,-0.241379,41.0
2022-01-14 20:00:00,0.0,2.5,16.5,0.0,1015.0,0.0,-0.224138,39.0
2022-01-14 21:00:00,0.0,0.7,16.6,330.0,1015.0,14.8,-0.12069,34.0
2022-01-14 22:00:00,0.0,-0.5,15.8,290.0,1015.0,13.0,0.034483,33.0
2022-01-14 23:00:00,0.0,2.4,13.5,240.0,1016.0,5.4,0.155172,47.0
2022-01-15 00:00:00,0.0,3.8,8.8,200.0,1016.0,5.4,0.206897,71.0
2022-01-15 01:00:00,0.0,4.8,7.9,130.0,1016.0,7.6,0.241379,81.0
2022-01-15 02:00:00,0.0,4.2,7.2,0.0,1016.0,0.0,0.224138,81.0
2022-01-15 03:00:00,0.0,5.1,7.1,90.0,1016.0,5.4,0.224138,87.0
2022-01-15 04:00:00,0.0,4.8,6.0,190.0,1016.0,5.4,0.206897,92.0
2022-01-15 05:00:00,0.0,4.7,5.0,0.0,1016.0,0.0,0.206897,98.0
2022-01-15 06:00:00,0.0,4.4,5.0,0.0,1017.0,0.0,0.206897,96.0
2022-01-15 07:00:00,0.0,4.7,5.0,0.0,1016.0,0.0,0.189655,98.0
2022-01-15 08:00:00,0.0,4.0,4.5,90.0,1016.0,7.6,0.206897,100.0
2022-01-15 09:00:00,0.0,5.0,5.1,0.0,1016.0,0.0,0.206897,99.0
2022-01-15 10:00:00,0.0,4.6,4.7,110.0,1016.0,5.4,0.206897,99.0
2022-01-15 11:00:00,0.0,4.0,4.3,0.0,1017.0,0.0,0.224138,98.0
2022-01-15 12:00:00,0.0,3.6,3.6,0.0,1017.0,0.0,0.241379,85.0
2022-01-15 13:00:00,0.0,5.7,4.0,0.0,1018.0,0.0,0.241379,98.0
2022-01-15 14:00:00,0.0,5.7,7.1,0.0,1018.0,0.0,0.155172,91.0
2022-01-15 15:00:00,0.0,5.6,12.0,130.0,1018.0,11.2,-0.034483,65.0
2022-01-15 16:00:00,0.0,3.9,16.2,150.0,1017.0,13.0,-0.12069,44.0
2022-01-15 17:00:00,0.0,2.9,17.8,160.0,1017.0,14.8,-0.189655,37.0
2022-01-15 18:00:00,0.0,2.4,19.0,140.0,1015.0,14.8,-0.103448,33.0
2022-01-15 19:00:00,0.0,2.2,19.3,150.0,1014.0,9.4,-0.086207,32.0
2022-01-15 20:00:00,0.0,4.0,19.5,140.0,1013.0,13.0,0.017241,36.0
2022-01-15 21:00:00,0.0,6.2,19.1,140.0,1012.0,18.4,0.051724,43.0
2022-01-15 22:00:00,0.1,6.6,17.8,100.0,1012.0,13.0,0.103448,48.0
2022-01-15 23:00:00,1.8,9.2,16.5,160.0,1012.0,11.2,0.172414,62.0
2022-01-16 00:00:00,4.4,11.4,14.2,150.0,1012.0,7.6,0.206897,83.0
2022-01-16 01:00:00,2.8,12.2,12.7,120.0,1011.0,13.0,0.206897,97.0
2022-01-16 02:00:00,9.7,10.6,12.6,120.0,1011.0,22.3,0.206897,87.0
2022-01-16 03:00:00,10.7,12.0,12.8,110.0,1009.0,20.5,0.189655,100.0
2022-01-16 04:00:00,8.6,11.0,11.6,110.0,1008.0,25.9,0.189655,100.0
2022-01-16 05:00:00,8.4,10.9,10.9,120.0,1006.0,38.9,0.189655,100.0
2022-01-16 06:00:00,3.0,9.7,10.9,100.0,1004.0,31.7,0.172414,91.0
2022-01-16 07:00:00,4.3,11.0,11.4,100.0,1004.0,22.3,0.172414,94.0
2022-01-16 08:00:00,7.1,11.6,11.8,110.0,1001.0,31.7,0.172414,96.0
2022-01-16 09:00:00,6.1,12.3,12.3,130.0,1000.0,22.3,0.172414,96.0
2022-01-16 10:00:00,1.8,10.7,13.1,170.0,1002.0,14.8,0.172414,92.0
2022-01-16 11:00:00,0.2,10.8,12.1,240.0,1003.0,31.7,0.172414,92.0
2022-01-16 12:00:00,0.0,5.5,9.3,250.0,1004.0,44.6,0.189655,77.0
2022-01-16 13:00:00,0.0,5.0,7.4,240.0,1005.0,25.9,0.224138,85.0
2022-01-16 14:00:00,0.0,2.5,6.6,240.0,1005.0,29.5,0.155172,75.0
2022-01-16 15:00:00,0.0,2.0,6.7,240.0,1006.0,25.9,0.0,72.0
2022-01-16 16:00:00,0.0,1.8,8.0,260.0,1006.0,31.7,0.068966,65.0
2022-01-16 17:00:00,0.0,2.6,7.3,250.0,1006.0,35.3,0.189655,72.0
2022-01-16 18:00:00,0.0,2.0,6.9,250.0,1006.0,40.7,0.189655,71.0
2022-01-16 19:00:00,0.0,2.6,7.3,240.0,1006.0,27.7,0.103448,72.0
2022-01-16 20:00:00,0.0,2.6,7.1,260.0,1006.0,27.7,0.155172,73.0
2022-01-16 21:00:00,0.0,2.1,7.0,260.0,1006.0,33.5,0.224138,71.0
2022-01-16 22:00:00,0.0,1.8,6.5,270.0,1008.0,27.7,0.293103,72.0
2022-01-16 23:00:00,0.0,2.1,6.0,270.0,1008.0,27.7,0.327586,76.0
2022-01-17 00:00:00,0.0,2.0,5.9,270.0,1010.0,25.9,0.344828,76.0
2022-01-17 01:00:00,0.0,2.2,5.7,270.0,1010.0,22.3,0.362069,78.0
2022-01-17 02:00:00,0.0,2.7,5.5,280.0,1011.0,27.7,0.344828,82.0
2022-01-17 03:00:00,0.0,2.6,5.6,270.0,1012.0,22.3,0.327586,81.0
2022-01-17 04:00:00,0.0,2.8,5.5,280.0,1012.0,24.1,0.310345,83.0
2022-01-17 05:00:00,0.0,2.7,5.4,280.0,1012.0,27.7,0.293103,83.0
2022-01-17 06:00:00,0.0,2.7,4.5,270.0,1013.0,18.4,0.293103,88.0
2022-01-17 07:00:00,0.0,2.8,4.6,260.0,1013.0,18.4,0.258621,88.0
2022-01-17 08:00:00,0.0,2.4,4.7,290.0,1013.0,31.7,0.275862,85.0
2022-01-17 09:00:00,0.0,1.6,4.8,290.0,1014.0,29.5,0.275862,80.0
2022-01-17 10:00:00,0.0,1.5,3.6,270.0,1015.0,20.5,0.275862,86.0
2022-01-17 11:00:00,0.0,1.0,3.0,280.0,1015.0,18.4,0.327586,87.0
2022-01-17 12:00:00,0.0,1.5,3.1,290.0,1015.0,18.4,0.37931,89.0
2022-01-17 13:00:00,0.0,1.6,2.9,260.0,1016.0,16.6,0.413793,91.0
2022-01-17 14:00:00,0.0,2.0,3.8,280.0,1017.0,14.8,0.327586,88.0
2022-01-17 15:00:00,0.0,2.2,6.1,270.0,1017.0,20.5,0.12069,76.0
2022-01-17 16:00:00,0.0,2.0,8.2,270.0,1016.0,24.1,-0.034483,65.0
2022-01-17 17:00:00,0.0,2.0,10.1,290.0,1016.0,24.1,-0.12069,57.0
2022-01-17 18:00:00,0.0,1.9,11.4,280.0,1014.0,25.9,-0.172414,52.0
2022-01-17 19:00:00,0.0,2.2,12.6,280.0,1015.0,24.1,-0.051724,49.0
2022-01-17 20:00:00,0.0,1.5,13.2,280.0,1015.0,27.7,-0.068966,45.0
2022-01-17 21:00:00,0.0,0.4,13.0,310.0,1016.0,25.9,-0.086207,42.0
2022-01-17 22:00:00,0.0,1.0,11.3,310.0,1017.0,24.1,0.034483,49.0
2022-01-17 23:00:00,0.0,1.3,7.5,340.0,1019.0,24.1,0.224138,65.0
2022-01-18 00:00:00,0.0,0.7,4.9,340.0,1019.0,16.6,0.327586,74.0
2022-01-18 01:00:00,0.0,0.5,3.6,320.0,1020.0,11.2,0.344828,80.0
2022-01-18 02:00:00,0.0,0.2,3.3,320.0,1021.0,13.0,0.362069,80.0
2022-01-18 03:00:00,0.0,0.3,1.6,300.0,1021.0,7.6,0.362069,91.0
2022-01-18 04:00:00,0.0,0.5,2.1,340.0,1021.0,5.4,0.344828,89.0
2022-01-18 05:00:00,0.0,0.0,0.3,260.0,1021.0,7.6,0.344828,98.0
2022-01-18 06:00:00,0.0,0.0,0.3,250.0,1022.0,11.2,0.344828,98.0
2022-01-18 07:00:00,0.0,-0.2,0.1,250.0,1022.0,9.4,0.362069,98.0
2022-01-18 08:00:00,0.0,0.3,0.4,0.0,1022.0,0.0,0.362069,99.0
2022-01-18 09:00:00,0.0,-0.2,0.1,330.0,1022.0,5.4,0.344828,98.0
2022-01-18 10:00:00,0.0,-0.9,-0.8,250.0,1023.0,5.4,0.362069,99.0
2022-01-18 11:00:00,0.0,-2.1,-1.4,0.0,1024.0,0.0,0.431034,91.0
2022-01-18 12:00:00,0.0,-1.1,-0.9,0.0,1024.0,0.0,0.482759,99.0
2022-01-18 13:00:00,0.0,-0.7,-0.6,0.0,1025.0,0.0,0.534483,99.0
2022-01-18 14:00:00,0.0,1.4,1.5,0.0,1025.0,0.0,0.431034,99.0
2022-01-18 15:00:00,0.0,0.8,5.1,20.0,1025.0,9.4,0.189655,74.0
2022-01-18 16:00:00,0.0,0.9,7.5,40.0,1025.0,13.0,0.017241,63.0
2022-01-18 17:00:00,0.0,1.2,8.8,20.0,1024.0,7.6,-0.103448,59.0
2022-01-18 18:00:00,0.0,0.6,10.6,30.0,1023.0,11.2,-0.155172,50.0
2022-01-18 19:00:00,0.0,-0.4,11.8,350.0,1023.0,5.4,-0.137931,43.0
2022-01-18 20:00:00,0.0,1.2,12.9,240.0,1023.0,9.4,-0.155172,45.0
2022-01-18 21:00:00,0.0,1.0,13.7,270.0,1023.0,7.6,-0.051724,42.0
2022-01-18 22:00:00,0.0,-0.8,13.2,260.0,1023.0,5.4,0.017241,38.0
2022-01-18 23:00:00,0.0,-0.3,12.2,0.0,1023.0,0.0,0.189655,42.0
2022-01-19 00:00:00,0.0,3.3,7.4,0.0,1023.0,0.0,0.275862,75.0
2022-01-19 01:00:00,0.0,2.5,7.0,0.0,1023.0,0.0,0.293103,73.0
2022-01-19 02:00:00,0.0,3.1,4.4,140.0,1024.0,7.6,0.310345,91.0
2022-01-19 03:00:00,0.0,3.0,4.2,110.0,1024.0,5.4,0.293103,92.0
2022-01-19 04:00:00,0.0,2.8,3.2,140.0,1024.0,7.6,0.293103,97.0
2022-01-19 05:00:00,0.0,1.7,2.9,0.0,1024.0,0.0,0.293103,92.0
2022-01-19 06:00:00,0.0,1.6,3.4,0.0,1024.0,0.0,0.275862,88.0
2022-01-19 07:00:00,0.0,0.9,1.5,150.0,1023.0,5.4,0.293103,99.0
2022-01-19 08:00:00,0.0,0.4,1.0,130.0,1023.0,5.4,0.310345,89.0
2022-01-19 09:00:00,0.0,1.4,0.2,130.0,1023.0,7.6,0.293103,88.0
2022-01-19 10:00:00,0.0,0.6,0.1,150.0,1023.0,7.6,0.310345,97.0
2022-01-19 11:00:00,0.0,0.4,0.8,10.0,1024.0,7.6,0.344828,97.0
2022-01-19 12:00:00,0.0,0.8,0.9,20.0,1025.0,5.4,0.413793,99.0
2022-01-19 13:00:00,0.0,2.0,0.1,110.0,1025.0,5.4,0.637931,100.0
2022-01-19 14:00:00,0.0,3.3,3.7,90.0,1026.0,5.4,0.586207,97.0
2022-01-19 15:00:00,0.0,5.2,8.3,90.0,1026.0,7.6,0.413793,81.0
2022-01-19 16:00:00,0.0,3.8,12.1,130.0,1025.0,7.6,0.224138,57.0
2022-01-19 17:00:00,0.0,2.5,15.4,160.0,1024.0,11.2,0.103448,42.0
2022-01-19 18:00:00,0.0,3.2,17.3,120.0,1023.0,11.2,0.068966,39.0
2022-01-19 19:00:00,0.0,2.8,18.1,280.0,1022.0,7.6,0.034483,36.0
2022-01-19 20:00:00,0.0,2.5,19.2,120.0,1021.0,9.4,0.068966,33.0
2022-01-19 21:00:00,0.0,0.0,19.5,110.0,1021.0,7.6,0.155172,27.0
2022-01-19 22:00:00,0.0,0.1,19.0,160.0,1021.0,9.4,0.258621,28.0
2022-01-19 23:00:00,0.0,2.2,15.4,150.0,1021.0,9.4,0.155172,41.0
2022-01-20 00:00:00,0.0,2.5,13.0,140.0,1021.0,13.0,0.241379,49.0
2022-01-20 01:00:00,0.0,1.8,11.0,160.0,1020.0,11.2,0.258621,53.0
2022-01-20 02:00:00,0.0,2.3,11.0,170.0,1021.0,16.6,0.241379,55.0
2022-01-20 03:00:00,0.0,5.5,9.7,180.0,1021.0,11.2,0.241379,75.0
2022-01-20 04:00:00,0.0,7.1,9.3,210.0,1021.0,7.6,0.224138,86.0
2022-01-20 05:00:00,0.0,6.7,7.1,120.0,1021.0,5.4,0.224138,97.0
2022-01-20 06:00:00,0.0,5.3,5.4,120.0,1020.0,7.6,0.206897,99.0
2022-01-20 07:00:00,0.0,6.3,6.4,0.0,1020.0,0.0,0.189655,99.0
2022-01-20 08:00:00,0.0,5.0,5.3,280.0,1019.0,5.4,0.189655,98.0
2022-01-20 09:00:00,0.0,8.2,4.6,160.0,1018.0,9.4,0.189655,87.0
2022-01-20 10:00:00,0.0,8.4,6.6,0.0,1018.0,0.0,0.189655,85.0
2022-01-20 11:00:00,0.0,8.7,6.5,170.0,1018.0,5.4,0.241379,85.0
2022-01-20 12:00:00,0.0,9.6,7.2,160.0,1019.0,9.4,0.310345,92.0
2022-01-20 13:00:00,0.0,11.5,9.0,160.0,1019.0,7.6,0.517241,97.0
2022-01-20 14:00:00,0.0,11.8,12.3,180.0,1020.0,16.6,0.534483,97.0
2022-01-20 15:00:00,0.0,10.8,11.0,360.0,1020.0,14.8,0.534483,99.0
2022-01-20 16:00:00,0.0,11.1,11.6,40.0,1020.0,11.2,0.5,97.0
2022-01-20 17:00:00,0.0,11.5,12.1,80.0,1019.0,9.4,0.551724,96.0
2022-01-20 18:00:00,0.2,12.0,12.2,120.0,1018.0,7.6,0.551724,99.0
2022-01-20 19:00:00,1.8,15.2,12.4,330.0,1018.0,7.6,0.551724,80.0
2022-01-20 20:00:00,1.8,14.0,12.7,150.0,1018.0,9.4,0.5,93.0
2022-01-20 21:00:00,2.3,13.8,12.8,140.0,1018.0,9.4,0.534483,94.0
2022-01-20 22:00:00,1.5,13.7,13.0,340.0,1018.0,11.2,0.534483,95.0
2022-01-20 23:00:00,0.3,12.8,12.9,330.0,1018.0,13.0,0.310345,95.0
2022-01-21 00:00:00,1.0,12.3,12.8,10.0,1019.0,7.6,0.275862,96.0
2022-01-21 01:00:00,0.1,11.5,13.0,340.0,1020.0,13.0,0.275862,95.0
2022-01-21 02:00:00,0.3,10.1,10.6,340.0,1021.0,22.3,0.258621,93.0
2022-01-21 03:00:00,0.0,9.0,9.4,340.0,1022.0,22.3,0.258621,100.0
2022-01-21 04:00:00,0.0,8.0,8.3,350.0,1021.0,22.3,0.258621,100.0
2022-01-21 05:00:00,0.0,7.6,7.7,360.0,1022.0,20.5,0.258621,99.0
2022-01-21 06:00:00,0.0,6.4,7.1,360.0,1021.0,20.5,0.241379,95.0
2022-01-21 07:00:00,0.0,6.4,7.1,10.0,1021.0,16.6,0.241379,95.0
2022-01-21 08:00:00,0.0,6.5,6.9,360.0,1021.0,14.8,0.241379,97.0
2022-01-21 09:00:00,0.0,5.9,6.6,10.0,1021.0,14.8,0.224138,95.0
2022-01-21 10:00:00,0.0,5.1,5.5,340.0,1022.0,18.4,0.241379,97.0
2022-01-21 11:00:00,0.0,4.4,5.0,340.0,1023.0,16.6,0.275862,96.0
2022-01-21 12:00:00,0.0,3.9,4.8,340.0,1023.0,18.4,0.362069,94.0
2022-01-21 13:00:00,0.4,3.7,4.6,10.0,1023.0,11.2,0.396552,94.0
2022-01-21 14:00:00,0.1,4.3,5.0,20.0,1023.0,20.5,0.534483,95.0
2022-01-21 15:00:00,0.1,4.6,5.5,30.0,1024.0,14.8,0.603448,94.0
2022-01-21 16:00:00,0.4,4.7,5.4,360.0,1024.0,16.6,0.551724,95.0
2022-01-21 17:00:00,0.6,5.2,5.8,20.0,1023.0,14.8,0.568966,96.0
2022-01-21 18:00:00,0.5,5.3,5.6,360.0,1023.0,18.4,0.551724,98.0
2022-01-21 19:00:00,0.5,7.8,5.7,10.0,1023.0,13.0,0.5,93.0
2022-01-21 20:00:00,0.8,7.7,5.9,20.0,1023.0,14.8,0.310345,93.0
2022-01-21 21:00:00,0.5,9.0,6.4,10.0,1023.0,13.0,0.293103,91.0
2022-01-21 22:00:00,0.5,8.5,6.7,10.0,1023.0,14.8,0.310345,93.0
2022-01-21 23:00:00,0.3,7.8,6.9,10.0,1023.0,11.2,0.327586,94.0
2022-01-22 00:00:00,0.3,5.9,6.9,40.0,1024.0,16.6,0.327586,99.0
2022-01-22 01:00:00,0.8,6.3,6.4,20.0,1024.0,20.5,0.327586,99.0
2022-01-22 02:00:00,0.5,5.6,6.0,40.0,1025.0,18.4,0.327586,97.0
2022-01-22 03:00:00,0.3,5.2,5.6,40.0,1025.0,24.1,0.310345,97.0
2022-01-22 04:00:00,1.0,4.8,5.2,60.0,1025.0,14.8,0.293103,91.0
2022-01-22 05:00:00,0.0,3.9,4.7,40.0,1025.0,18.4,0.293103,99.0
2022-01-22 06:00:00,0.0,4.2,4.3,30.0,1025.0,16.6,0.275862,99.0
2022-01-22 07:00:00,0.0,3.9,4.2,50.0,1025.0,16.6,0.275862,98.0
2022-01-22 08:00:00,0.0,3.6,3.9,40.0,1025.0,14.8,0.275862,98.0
2022-01-22 09:00:00,0.0,3.7,3.8,30.0,1025.0,18.4,0.293103,99.0
2022-01-22 10:00:00,0.0,3.4,3.5,20.0,1025.0,16.6,0.293103,99.0
2022-01-22 11:00:00,0.0,2.2,3.2,30.0,1026.0,20.5,0.327586,93.0
2022-01-22 12:00:00,0.0,2.8,3.2,30.0,1027.0,20.5,0.362069,97.0
2022-01-22 13:00:00,0.0,2.5,2.9,10.0,1028.0,18.4,0.413793,97.0
2022-01-22 14:00:00,0.0,2.3,3.0,10.0,1028.0,16.6,0.413793,95.0
2022-01-22 15:00:00,0.0,2.3,3.6,20.0,1028.0,20.5,0.396552,91.0
2022-01-22 16:00:00,0.0,3.1,4.1,30.0,1028.0,20.5,0.344828,93.0
2022-01-22 17:00:00,0.0,3.3,5.3,30.0,1028.0,16.6,0.293103,87.0
2022-01-22 18:00:00,0.0,3.4,6.1,50.0,1026.0,14.8,0.224138,83.0
2022-01-22 19:00:00,0.0,3.0,6.2,10.0,1026.0,14.8,0.206897,80.0
2022-01-22 20:00:00,0.0,2.8,6.5,30.0,1025.0,18.4,0.189655,77.0
2022-01-22 21:00:00,0.0,2.1,6.4,10.0,1025.0,16.6,0.189655,74.0
2022-01-22 22:00:00,0.0,2.0,6.1,40.0,1025.0,9.4,0.224138,75.0
2022-01-22 23:00:00,0.0,1.5,5.4,10.0,1025.0,14.8,0.258621,76.0
2022-01-23 00:00:00,0.0,0.7,4.8,30.0,1025.0,13.0,0.310345,75.0
2022-01-23 01:00:00,0.0,0.7,4.9,50.0,1026.0,11.2,0.327586,74.0
2022-01-23 02:00:00,0.0,1.1,4.4,60.0,1026.0,7.6,0.310345,79.0
2022-01-23 03:00:00,0.0,0.8,3.8,40.0,1025.0,7.6,0.310345,81.0
2022-01-23 04:00:00,0.0,0.8,2.4,0.0,1025.0,0.0,0.310345,89.0
2022-01-23 05:00:00,0.0,0.8,1.1,0.0,1025.0,0.0,0.293103,98.0
2022-01-23 06:00:00,0.0,0.0,0.0,0.0,1024.0,0.0,0.310345,100.0
2022-01-23 07:00:00,0.0,-0.7,-1.0,0.0,1023.0,0.0,0.344828,92.0
2022-01-23 08:00:00,0.0,-1.6,-1.5,0.0,1023.0,0.0,0.344828,96.0
2022-01-23 09:00:00,0.0,-3.4,-1.3,0.0,1024.0,0.0,0.362069,94.0
2022-01-23 10:00:00,0.0,-3.8,-1.6,0.0,1023.0,0.0,0.37931,96.0
2022-01-23 11:00:00,0.0,-3.7,-2.5,0.0,1023.0,0.0,0.396552,97.0
2022-01-23 12:00:00,0.0,-3.9,-3.2,200.0,1023.0,5.4,0.413793,97.0
2022-01-23 13:00:00,0.0,-3.1,-2.6,0.0,1023.0,0.0,0.465517,98.0
2022-01-23 14:00:00,0.0,0.6,0.1,260.0,1023.0,7.6,0.344828,97.0
2022-01-23 15:00:00,0.0,1.7,2.4,260.0,1023.0,5.4,0.103448,95.0
2022-01-23 16:00:00,0.0,1.2,5.5,290.0,1023.0,9.4,-0.086207,74.0
2022-01-23 17:00:00,0.0,-2.0,7.5,270.0,1021.0,20.5,-0.172414,51.0
2022-01-23 18:00:00,0.0,-2.1,8.6,290.0,1021.0,14.8,-0.224138,47.0
2022-01-23 19:00:00,0.0,-2.6,9.7,290.0,1019.0,16.6,-0.258621,42.0
2022-01-23 20:00:00,0.0,-3.0,10.4,250.0,1018.0,14.8,-0.241379,39.0
2022-01-23 21:00:00,0.0,-2.7,11.1,270.0,1018.0,11.2,-0.137931,38.0
2022-01-23 22:00:00,0.0,-3.3,10.8,270.0,1018.0,13.0,-0.017241,37.0
2022-01-23 23:00:00,0.0,-2.0,8.4,260.0,1017.0,9.4,0.189655,48.0
2022-01-24 00:00:00,0.0,-1.9,6.8,230.0,1018.0,7.6,0.327586,54.0
2022-01-24 01:00:00,0.0,-0.4,4.6,250.0,1018.0,9.4,0.344828,70.0
2022-01-24 02:00:00,0.0,-1.4,4.2,250.0,1018.0,11.2,0.344828,67.0
2022-01-24 03:00:00,0.0,-1.5,2.9,260.0,1018.0,11.2,0.344828,73.0
2022-01-24 04:00:00,0.0,-2.2,2.1,280.0,1018.0,11.2,0.362069,73.0
2022-01-24 05:00:00,0.0,-2.4,2.5,260.0,1018.0,9.4,0.344828,70.0
2022-01-24 06:00:00,0.0,-3.1,2.4,240.0,1017.0,7.6,0.344828,67.0
2022-01-24 07:00:00,0.0,-2.1,0.5,250.0,1017.0,5.4,0.327586,83.0
2022-01-24 08:00:00,0.0,-2.0,-0.3,0.0,1017.0,0.0,0.327586,88.0
2022-01-24 09:00:00,0.0,-1.7,-0.9,0.0,1017.0,0.0,0.344828,94.0
2022-01-24 10:00:00,0.0,-1.9,-1.2,230.0,1017.0,9.4,0.362069,95.0
2022-01-24 11:00:00,0.0,-2.5,-0.8,260.0,1018.0,7.6,0.413793,88.0
2022-01-24 12:00:00,0.0,-2.5,-1.2,230.0,1018.0,7.6,0.482759,91.0
2022-01-24 13:00:00,0.0,-2.4,-1.3,0.0,1019.0,0.0,0.534483,92.0
2022-01-24 14:00:00,0.0,-0.9,2.7,250.0,1018.0,7.6,0.413793,77.0
2022-01-24 15:00:00,0.0,-0.2,5.9,300.0,1018.0,5.4,0.172414,65.0
2022-01-24 16:00:00,0.0,-0.2,8.6,0.0,1018.0,0.0,0.0,54.0
2022-01-24 17:00:00,0.0,0.0,11.5,0.0,1017.0,0.0,-0.086207,45.0
2022-01-24 18:00:00,0.0,-0.6,13.0,230.0,1016.0,9.4,-0.172414,39.0
2022-01-24 19:00:00,0.0,-0.7,14.6,220.0,1015.0,13.0,-0.12069,35.0
2022-01-24 20:00:00,0.0,-1.1,15.1,230.0,1015.0,14.8,-0.051724,33.0
2022-01-24 21:00:00,0.0,-1.5,15.6,230.0,1014.0,9.4,-0.034483,31.0
2022-01-24 22:00:00,0.0,-1.3,14.4,230.0,1015.0,9.4,0.103448,34.0
2022-01-24 23:00:00,0.0,-0.8,12.4,210.0,1015.0,9.4,0.206897,40.0
2022-01-25 00:00:00,0.0,1.1,9.4,200.0,1015.0,7.6,0.258621,56.0
2022-01-25 01:00:00,0.0,0.8,10.2,230.0,1016.0,13.0,0.275862,52.0
2022-01-25 02:00:00,0.0,1.3,9.9,240.0,1016.0,11.2,0.293103,55.0
2022-01-25 03:00:00,0.0,0.9,8.5,240.0,1016.0,7.6,0.293103,59.0
2022-01-25 04:00:00,0.0,1.4,7.8,210.0,1017.0,5.4,0.275862,64.0
2022-01-25 05:00:00,0.0,2.4,7.3,220.0,1016.0,5.4,0.241379,71.0
2022-01-25 06:00:00,0.0,4.6,7.1,0.0,1016.0,0.0,0.241379,84.0
2022-01-25 07:00:00,0.0,3.9,7.5,0.0,1016.0,0.0,0.241379,78.0
2022-01-25 08:00:00,0.0,4.6,7.1,0.0,1016.0,0.0,0.241379,84.0
2022-01-25 09:00:00,0.2,6.2,7.3,80.0,1016.0,5.4,0.206897,93.0
2022-01-25 10:00:00,0.2,6.8,7.2,50.0,1016.0,5.4,0.224138,97.0
2022-01-25 11:00:00,0.5,6.9,7.0,0.0,1017.0,0.0,0.258621,99.0
2022-01-25 12:00:00,0.3,7.1,7.4,0.0,1017.0,0.0,0.310345,98.0
2022-01-25 13:00:00,0.2,7.6,7.3,130.0,1017.0,7.6,0.344828,97.0
2022-01-25 14:00:00,0.0,7.7,8.1,0.0,1017.0,0.0,0.344828,97.0
2022-01-25 15:00:00,0.0,8.3,9.2,50.0,1018.0,5.4,0.293103,94.0
2022-01-25 16:00:00,0.0,8.4,10.3,350.0,1018.0,7.6,0.310345,88.0
2022-01-25 17:00:00,0.0,6.7,11.2,50.0,1017.0,7.6,0.293103,74.0
2022-01-25 18:00:00,0.0,6.4,11.7,70.0,1016.0,7.6,0.258621,70.0
2022-01-25 19:00:00,0.0,5.7,12.1,60.0,1016.0,11.2,0.258621,65.0
2022-01-25 20:00:00,0.1,7.2,11.7,40.0,1016.0,9.4,0.275862,74.0
2022-01-25 21:00:00,0.0,7.8,10.6,40.0,1016.0,11.2,0.310345,83.0
2022-01-25 22:00:00,0.8,8.9,9.4,30.0,1017.0,11.2,0.310345,97.0
2022-01-25 23:00:00,2.3,8.4,8.9,50.0,1018.0,9.4,0.293103,83.0
2022-01-26 00:00:00,1.8,9.0,8.8,80.0,1018.0,7.6,0.327586,92.0
2022-01-26 01:00:00,2.3,9.0,8.7,90.0,1018.0,9.4,0.310345,93.0
2022-01-26 02:00:00,0.3,8.8,8.7,100.0,1019.0,5.4,0.310345,93.0
2022-01-26 03:00:00,0.2,8.7,9.0,140.0,1020.0,5.4,0.293103,93.0
2022-01-26 04:00:00,0.5,8.4,8.7,0.0,1019.0,0.0,0.275862,92.0
2022-01-26 05:00:00,0.5,8.4,8.4,70.0,1019.0,5.4,0.258621,94.0
2022-01-26 06:00:00,0.0,8.2,8.6,10.0,1019.0,5.4,0.241379,93.0
2022-01-26 07:00:00,0.0,8.2,8.5,20.0,1019.0,11.2,0.241379,92.0
2022-01-26 08:00:00,0.0,8.3,8.2,10.0,1019.0,7.6,0.224138,92.0
2022-01-26 09:00:00,0.0,7.5,8.3,360.0,1020.0,11.2,0.206897,88.0
2022-01-26 10:00:00,0.0,7.6,7.8,350.0,1020.0,5.4,0.224138,89.0
2022-01-26 11:00:00,0.0,7.9,7.8,0.0,1021.0,0.0,0.258621,99.0
2022-01-26 12:00:00,0.0,8.2,8.3,10.0,1022.0,13.0,0.327586,99.0
2022-01-26 13:00:00,0.0,7.0,7.8,20.0,1022.0,13.0,0.37931,95.0
2022-01-26 14:00:00,0.0,6.2,7.7,20.0,1023.0,16.6,0.362069,90.0
2022-01-26 15:00:00,0.0,5.6,8.3,20.0,1023.0,16.6,0.206897,83.0
2022-01-26 16:00:00,0.0,5.3,9.9,20.0,1023.0,16.6,0.103448,73.0
2022-01-26 17:00:00,0.0,4.2,12.2,20.0,1023.0,20.5,0.068966,58.0
2022-01-26 18:00:00,0.0,3.9,13.9,10.0,1021.0,18.4,-0.189655,51.0
2022-01-26 19:00:00,0.0,2.5,14.6,30.0,1021.0,14.8,-0.155172,44.0
2022-01-26 20:00:00,0.0,0.1,16.0,10.0,1021.0,16.6,-0.103448,34.0
2022-01-26 21:00:00,0.0,-0.7,16.5,10.0,1021.0,16.6,0.034483,31.0
2022-01-26 22:00:00,0.0,-2.4,16.7,40.0,1022.0,18.4,0.068966,27.0
2022-01-26 23:00:00,0.0,-0.6,14.3,20.0,1023.0,9.4,0.155172,36.0
2022-01-27 00:00:00,0.0,1.6,12.3,360.0,1023.0,7.6,0.258621,48.0
2022-01-27 01:00:00,0.0,3.0,10.7,20.0,1023.0,7.6,0.275862,59.0
2022-01-27 02:00:00,0.0,3.6,8.8,330.0,1024.0,7.6,0.275862,70.0
2022-01-27 03:00:00,0.0,2.1,8.5,360.0,1024.0,9.4,0.275862,64.0
2022-01-27 04:00:00,0.0,1.8,7.1,10.0,1024.0,9.4,0.275862,69.0
2022-01-27 05:00:00,0.0,1.5,6.4,30.0,1023.0,11.2,0.258621,71.0
2022-01-27 06:00:00,0.0,1.7,5.8,20.0,1023.0,11.2,0.241379,75.0
2022-01-27 07:00:00,0.0,2.3,6.2,30.0,1023.0,13.0,0.241379,76.0
2022-01-27 08:00:00,0.0,2.5,5.3,20.0,1024.0,9.4,0.258621,82.0
2022-01-27 09:00:00,0.0,2.8,4.6,30.0,1024.0,9.4,0.241379,88.0
2022-01-27 10:00:00,0.0,3.4,4.7,30.0,1024.0,13.0,0.275862,91.0
2022-01-27 11:00:00,0.0,4.1,4.8,50.0,1025.0,13.0,0.310345,95.0
2022-01-27 12:00:00,0.0,2.6,4.5,40.0,1026.0,9.4,0.362069,89.0
2022-01-27 13:00:00,0.0,6.9,5.7,50.0,1026.0,9.4,0.413793,99.0
2022-01-27 14:00:00,0.0,7.3,7.4,60.0,1026.0,16.6,0.37931,99.0
2022-01-27 15:00:00,0.0,7.2,8.7,60.0,1026.0,22.3,0.327586,90.0
2022-01-27 16:00:00,0.0,5.3,10.8,70.0,1026.0,22.3,0.086207,69.0
2022-01-27 17:00:00,0.0,5.0,12.1,70.0,1024.0,18.4,-0.137931,62.0
2022-01-27 18:00:00,0.0,5.0,13.9,70.0,1024.0,18.4,-0.206897,55.0
2022-01-27 19:00:00,0.0,5.1,14.6,30.0,1022.0,14.8,-0.034483,53.0
2022-01-27 20:00:00,0.0,4.6,15.2,40.0,1022.0,13.0,0.017241,49.0
2022-01-27 21:00:00,0.0,4.3,15.6,50.0,1022.0,20.5,0.12069,47.0
2022-01-27 22:00:00,0.0,3.8,15.0,30.0,1022.0,14.8,-0.017241,47.0
2022-01-27 23:00:00,0.0,3.8,13.2,50.0,1022.0,11.2,0.137931,53.0
2022-01-28 00:00:00,0.0,3.7,10.7,40.0,1023.0,11.2,0.258621,62.0
2022-01-28 01:00:00,0.0,3.5,9.1,60.0,1023.0,13.0,0.258621,68.0
2022-01-28 02:00:00,0.0,3.1,7.4,70.0,1023.0,11.2,0.275862,74.0
2022-01-28 03:00:00,0.0,2.8,6.5,80.0,1023.0,11.2,0.258621,77.0
2022-01-28 04:00:00,0.0,2.7,6.1,80.0,1022.0,7.6,0.258621,79.0
2022-01-28 05:00:00,0.0,2.7,5.5,80.0,1022.0,5.4,0.241379,82.0
2022-01-28 06:00:00,0.0,2.5,5.2,0.0,1021.0,0.0,0.224138,83.0
2022-01-28 07:00:00,0.0,2.8,5.1,50.0,1021.0,7.6,0.224138,85.0
2022-01-28 08:00:00,0.0,2.1,4.6,60.0,1020.0,5.4,0.224138,84.0
2022-01-28 09:00:00,0.0,2.8,5.3,30.0,1019.0,5.4,0.224138,84.0
2022-01-28 10:00:00,0.0,3.0,4.8,90.0,1019.0,7.6,0.241379,88.0
2022-01-28 11:00:00,0.0,2.6,5.4,0.0,1020.0,0.0,0.275862,82.0
2022-01-28 12:00:00,0.0,3.1,5.3,310.0,1020.0,5.4,0.327586,86.0
2022-01-28 13:00:00,0.0,2.5,5.1,20.0,1020.0,7.6,0.396552,83.0
2022-01-28 14:00:00,0.0,2.6,6.1,20.0,1020.0,9.4,0.362069,78.0
2022-01-28 15:00:00,0.0,1.8,7.5,40.0,1020.0,5.4,0.293103,67.0
2022-01-28 16:00:00,0.0,0.1,8.9,80.0,1019.0,7.6,0.224138,54.0
2022-01-28 17:00:00,0.0,-0.3,10.6,0.0,1018.0,0.0,0.0,47.0
2022-01-28 18:00:00,0.0,1.2,12.2,280.0,1016.0,13.0,0.068966,47.0
2022-01-28 19:00:00,0.0,3.1,13.0,320.0,1016.0,5.4,0.086207,51.0
2022-01-28 20:00:00,0.0,4.0,12.5,310.0,1016.0,18.4,0.172414,56.0
2022-01-28 21:00:00,0.0,3.6,12.1,310.0,1016.0,25.9,0.189655,56.0
2022-01-28 22:00:00,0.0,1.8,11.0,300.0,1016.0,22.3,0.189655,53.0
2022-01-28 23:00:00,0.0,-0.9,10.2,310.0,1017.0,25.9,0.189655,46.0
2022-01-29 00:00:00,0.0,-0.8,7.9,300.0,1018.0,20.5,0.293103,54.0
2022-01-29 01:00:00,0.0,-2.6,8.7,330.0,1019.0,35.3,0.310345,45.0
2022-01-29 02:00:00,0.0,-3.1,7.2,320.0,1019.0,24.1,0.327586,48.0
2022-01-29 03:00:00,0.0,-3.9,6.0,310.0,1021.0,18.4,0.327586,49.0
2022-01-29 04:00:00,0.0,-4.2,4.3,290.0,1021.0,18.4,0.327586,54.0
2022-01-29 05:00:00,0.0,-5.3,4.8,310.0,1021.0,24.1,0.310345,48.0
2022-01-29 06:00:00,0.0,-5.1,3.1,300.0,1020.0,14.8,0.310345,55.0
2022-01-29 07:00:00,0.0,-4.9,1.6,280.0,1020.0,14.8,0.310345,62.0
2022-01-29 08:00:00,0.0,-5.7,2.7,300.0,1021.0,18.4,0.327586,54.0
2022-01-29 09:00:00,0.0,-7.1,2.6,310.0,1021.0,24.1,0.327586,49.0
2022-01-29 10:00:00,0.0,-8.2,1.6,310.0,1022.0,24.1,0.362069,48.0
2022-01-29 11:00:00,0.0,-9.4,0.9,320.0,1023.0,25.9,0.37931,46.0
2022-01-29 12:00:00,0.0,-9.3,-0.1,320.0,1025.0,37.1,0.413793,50.0
2022-01-29 13:00:00,0.0,-10.6,-1.2,330.0,1026.0,22.3,0.431034,49.0
2022-01-29 14:00:00,0.0,-10.0,0.0,320.0,1026.0,24.1,0.310345,47.0
2022-01-29 15:00:00,0.0,-10.0,1.2,340.0,1026.0,24.1,0.103448,43.0
2022-01-29 16:00:00,0.0,-10.0,2.9,340.0,1026.0,27.7,-0.017241,38.0
2022-01-29 17:00:00,0.0,-10.2,4.3,330.0,1025.0,25.9,-0.137931,34.0
2022-01-29 18:00:00,0.0,-10.9,5.8,320.0,1025.0,22.3,-0.189655,29.0
2022-01-29 19:00:00,0.0,-12.6,6.6,320.0,1023.0,31.7,-0.206897,24.0
2022-01-29 20:00:00,0.0,-14.8,7.4,340.0,1023.0,25.9,-0.189655,19.0
2022-01-29 21:00:00,0.0,-15.1,7.8,350.0,1023.0,29.5,-0.12069,18.0
2022-01-29 22:00:00,0.0,-15.5,7.3,330.0,1023.0,22.3,0.017241,18.0
2022-01-29 23:00:00,0.0,-14.8,5.9,330.0,1024.0,18.4,0.206897,21.0
2022-01-30 00:00:00,0.0,-12.3,3.7,330.0,1024.0,13.0,0.344828,30.0
2022-01-30 01:00:00,0.0,-10.0,2.2,320.0,1024.0,9.4,0.37931,40.0
2022-01-30 02:00:00,0.0,-7.1,-0.3,300.0,1025.0,11.2,0.37931,60.0
2022-01-30 03:00:00,0.0,-6.6,-0.6,290.0,1025.0,11.2,0.37931,64.0
2022-01-30 04:00:00,0.0,-7.2,-0.8,280.0,1025.0,11.2,0.37931,62.0
2022-01-30 05:00:00,0.0,-7.3,-1.1,250.0,1025.0,7.6,0.37931,63.0
2022-01-30 06:00:00,0.0,-6.7,-3.4,160.0,1025.0,5.4,0.37931,78.0
2022-01-30 07:00:00,0.0,-8.1,-3.0,220.0,1025.0,7.6,0.37931,68.0
2022-01-30 08:00:00,0.0,-6.1,-3.3,230.0,1025.0,5.4,0.396552,81.0
2022-01-30 09:00:00,0.0,-6.1,-3.6,0.0,1024.0,0.0,0.396552,83.0
2022-01-30 10:00:00,0.0,-6.1,-3.1,210.0,1024.0,9.4,0.413793,80.0
2022-01-30 11:00:00,0.0,-5.2,-3.7,0.0,1025.0,0.0,0.431034,89.0
2022-01-30 12:00:00,0.0,-5.4,-4.6,180.0,1025.0,5.4,0.448276,94.0
2022-01-30 13:00:00,0.0,-5.4,-4.1,150.0,1025.0,5.4,0.465517,91.0
2022-01-30 14:00:00,0.0,-3.5,1.6,210.0,1025.0,5.4,0.327586,69.0
2022-01-30 15:00:00,0.0,-5.3,6.0,220.0,1025.0,13.0,0.103448,44.0
2022-01-30 16:00:00,0.0,-5.1,10.5,240.0,1024.0,18.4,-0.051724,33.0
2022-01-30 17:00:00,0.0,-3.7,13.1,260.0,1024.0,24.1,-0.172414,31.0
2022-01-30 18:00:00,0.0,-2.0,14.5,220.0,1022.0,25.9,-0.241379,32.0
2022-01-30 19:00:00,0.0,0.2,15.6,210.0,1021.0,29.5,-0.258621,35.0
2022-01-30 20:00:00,0.0,0.9,16.4,220.0,1020.0,31.7,-0.224138,35.0
2022-01-30 21:00:00,0.0,2.5,16.5,230.0,1020.0,25.9,-0.137931,39.0
2022-01-30 22:00:00,0.0,2.6,15.8,210.0,1020.0,27.7,-0.017241,41.0
2022-01-30 23:00:00,0.0,2.7,14.2,220.0,1020.0,20.5,0.155172,46.0
2022-01-31 00:00:00,0.0,3.3,12.3,220.0,1021.0,18.4,0.275862,54.0
2022-01-31 01:00:00,0.0,4.2,11.5,230.0,1021.0,18.4,0.310345,61.0
2022-01-31 02:00:00,0.0,4.4,10.5,230.0,1022.0,16.6,0.310345,66.0
2022-01-31 03:00:00,0.0,4.4,9.0,230.0,1022.0,7.6,0.293103,73.0
2022-01-31 04:00:00,0.0,4.4,7.5,210.0,1022.0,7.6,0.293103,81.0
2022-01-31 05:00:00,0.0,4.7,6.7,210.0,1022.0,11.2,0.275862,87.0
2022-01-31 06:00:00,0.0,4.7,6.5,210.0,1022.0,11.2,0.275862,88.0
2022-01-31 07:00:00,0.0,4.8,6.2,210.0,1021.0,13.0,0.258621,91.0
2022-01-31 08:00:00,0.0,5.2,6.4,210.0,1021.0,11.2,0.258621,92.0
2022-01-31 09:00:00,0.0,5.7,6.6,220.0,1021.0,11.2,0.258621,94.0
2022-01-31 10:00:00,0.0,6.0,6.6,220.0,1021.0,11.2,0.293103,96.0
2022-01-31 11:00:00,0.0,6.2,6.5,220.0,1022.0,13.0,0.344828,98.0
2022-01-31 12:00:00,0.0,6.4,6.7,250.0,1023.0,11.2,0.396552,98.0
2022-01-31 13:00:00,0.0,8.2,5.9,250.0,1023.0,9.4,0.448276,95.0
2022-01-31 14:00:00,0.0,8.1,8.9,250.0,1024.0,9.4,0.327586,95.0
2022-01-31 15:00:00,0.0,8.0,11.1,280.0,1024.0,14.8,0.103448,81.0
2022-01-31 16:00:00,0.0,6.8,13.0,260.0,1023.0,9.4,-0.034483,66.0
2022-01-31 17:00:00,0.0,6.1,15.1,290.0,1023.0,5.4,-0.137931,55.0
2022-01-31 18:00:00,0.0,4.4,17.4,280.0,1021.0,11.2,-0.189655,42.0
2022-01-31 19:00:00,0.0,4.0,17.8,290.0,1021.0,5.4,-0.155172,40.0
2022-01-31 20:00:00,0.0,2.4,19.6,320.0,1021.0,13.0,-0.068966,32.0
2022-01-31 21:00:00,0.0,2.4,19.1,290.0,1021.0,16.6,-0.086207,33.0
2022-01-31 22:00:00,0.0,1.8,18.9,290.0,1021.0,11.2,-0.034483,32.0
2022-01-31 23:00:00,0.0,3.3,16.6,240.0,1021.0,7.6,0.137931,41.0
2022-02-01 00:00:00,0.0,3.3,13.5,200.0,1021.0,5.4,0.224138,50.0
2022-02-01 01:00:00,0.0,4.5,9.1,150.0,1022.0,7.6,0.258621,73.0
2022-02-01 02:00:00,0.0,4.5,8.1,120.0,1022.0,5.4,0.258621,78.0
2022-02-01 03:00:00,0.0,4.0,6.9,190.0,1023.0,5.4,0.258621,82.0
2022-02-01 04:00:00,0.0,4.0,5.7,0.0,1023.0,0.0,0.241379,89.0
2022-02-01 05:00:00,0.0,4.0,5.0,150.0,1022.0,5.4,0.241379,93.0
2022-02-01 06:00:00,0.0,3.2,3.9,140.0,1022.0,7.6,0.224138,95.0
2022-02-01 07:00:00,0.0,3.4,4.4,100.0,1022.0,5.4,0.224138,93.0
2022-02-01 08:00:00,0.0,2.9,3.2,140.0,1022.0,5.4,0.241379,98.0
2022-02-01 09:00:00,0.0,2.7,2.8,110.0,1022.0,5.4,0.224138,99.0
2022-02-01 10:00:00,0.0,2.1,2.5,0.0,1022.0,0.0,0.241379,97.0
2022-02-01 11:00:00,0.0,2.3,2.4,60.0,1022.0,5.4,0.310345,95.0
2022-02-01 12:00:00,0.0,1.8,1.9,0.0,1023.0,0.0,0.37931,95.0
2022-02-01 13:00:00,0.0,2.9,2.2,50.0,1024.0,5.4,0.448276,93.0
2022-02-01 14:00:00,0.0,7.8,7.0,70.0,1025.0,7.6,0.293103,92.0
2022-02-01 15:00:00,0.0,8.0,10.4,100.0,1025.0,9.4,0.086207,85.0
2022-02-01 16:00:00,0.0,8.6,14.9,140.0,1025.0,16.6,-0.068966,66.0
2022-02-01 17:00:00,0.0,7.8,17.2,130.0,1024.0,14.8,-0.155172,54.0
2022-02-01 18:00:00,0.0,7.1,18.3,140.0,1024.0,13.0,-0.224138,48.0
2022-02-01 19:00:00,0.0,4.8,19.5,180.0,1022.0,18.4,-0.224138,38.0
2022-02-01 20:00:00,0.0,3.9,20.3,170.0,1022.0,13.0,-0.206897,34.0
2022-02-01 21:00:00,0.0,4.7,19.8,130.0,1022.0,14.8,-0.086207,37.0
2022-02-01 22:00:00,0.0,4.8,19.1,140.0,1022.0,14.8,0.017241,39.0
2022-02-01 23:00:00,0.0,3.6,17.3,130.0,1022.0,11.2,0.137931,40.0
2022-02-02 00:00:00,0.0,4.0,12.6,100.0,1022.0,9.4,0.224138,56.0
2022-02-02 01:00:00,0.0,4.6,10.7,130.0,1022.0,7.6,0.258621,66.0
2022-02-02 02:00:00,0.0,5.1,11.0,130.0,1022.0,5.4,0.275862,67.0
2022-02-02 03:00:00,0.0,5.0,8.6,90.0,1022.0,11.2,0.258621,78.0
2022-02-02 04:00:00,0.0,5.5,8.6,100.0,1022.0,13.0,0.241379,81.0
2022-02-02 05:00:00,0.0,5.6,11.3,110.0,1022.0,13.0,0.241379,68.0
2022-02-02 06:00:00,0.0,5.0,10.0,100.0,1022.0,13.0,0.224138,71.0
2022-02-02 07:00:00,0.0,5.5,10.8,110.0,1022.0,13.0,0.206897,70.0
2022-02-02 08:00:00,0.0,7.0,10.5,110.0,1022.0,11.2,0.206897,79.0
2022-02-02 09:00:00,0.0,8.3,10.2,100.0,1021.0,16.6,0.206897,88.0
2022-02-02 10:00:00,0.0,8.9,10.5,110.0,1021.0,14.8,0.224138,90.0
2022-02-02 11:00:00,0.0,9.2,10.0,90.0,1022.0,11.2,0.258621,95.0
2022-02-02 12:00:00,0.0,9.2,9.3,80.0,1022.0,11.2,0.310345,99.0
2022-02-02 13:00:00,0.0,9.7,9.9,90.0,1023.0,13.0,0.327586,99.0
2022-02-02 14:00:00,0.0,10.6,11.7,90.0,1022.0,13.0,0.258621,93.0
2022-02-02 15:00:00,0.0,10.4,14.6,110.0,1022.0,13.0,0.155172,76.0
2022-02-02 16:00:00,0.0,10.1,19.4,130.0,1022.0,20.5,0.0,55.0
2022-02-02 17:00:00,0.0,10.5,21.4,160.0,1021.0,31.7,-0.068966,50.0
2022-02-02 18:00:00,0.0,10.4,22.3,170.0,1019.0,27.7,-0.051724,47.0
2022-02-02 19:00:00,0.0,10.8,23.0,150.0,1019.0,22.3,-0.137931,46.0
2022-02-02 20:00:00,0.0,9.1,23.1,170.0,1018.0,31.7,-0.172414,41.0
2022-02-02 21:00:00,0.0,8.9,22.4,170.0,1018.0,25.9,-0.017241,42.0
2022-02-02 22:00:00,0.0,9.0,21.4,170.0,1018.0,20.5,0.068966,45.0
2022-02-02 23:00:00,0.0,10.3,20.2,160.0,1019.0,18.4,0.137931,53.0
2022-02-03 00:00:00,0.0,10.0,19.0,160.0,1019.0,13.0,0.206897,56.0
2022-02-03 01:00:00,0.0,10.1,17.2,130.0,1019.0,9.4,0.224138,63.0
2022-02-03 02:00:00,0.0,10.3,17.2,130.0,1019.0,7.6,0.224138,64.0
2022-02-03 03:00:00,0.0,10.3,16.2,120.0,1019.0,11.2,0.206897,68.0
2022-02-03 04:00:00,0.0,10.2,15.2,120.0,1018.0,9.4,0.189655,72.0
2022-02-03 05:00:00,0.0,10.1,15.6,130.0,1018.0,9.4,0.172414,70.0
2022-02-03 06:00:00,0.0,10.1,15.6,130.0,1018.1,11.2,0.172414,70.0
2022-02-03 07:00:00,0.0,11.0,15.6,144.0,1017.9,16.2,0.155172,74.0
2022-02-03 08:00:00,0.0,11.5,17.0,150.0,1017.0,19.0,0.155172,70.0
2022-02-03 09:00:00,0.0,11.2,16.7,150.0,1017.0,18.4,0.12069,70.0
2022-02-03 10:00:00,0.0,12.5,17.2,150.0,1017.0,16.6,0.137931,74.0
2022-02-03 11:00:00,0.0,13.5,17.4,160.0,1018.0,24.1,0.172414,78.0
2022-02-03 12:00:00,0.0,14.2,17.1,160.0,1018.0,20.5,0.206897,83.0
2022-02-03 13:00:00,0.0,14.6,16.8,150.0,1019.0,22.3,0.241379,87.0
2022-02-03 14:00:00,0.0,15.4,18.9,170.0,1019.0,20.5,0.189655,80.0
2022-02-03 15:00:00,0.0,16.3,21.6,180.0,1019.0,25.9,0.034483,72.0
2022-02-03 16:00:00,0.0,16.8,23.0,180.0,1019.0,37.1,0.034483,68.0
2022-02-03 17:00:00,0.0,16.9,22.4,170.0,1019.0,27.7,0.017241,71.0
2022-02-03 18:00:00,0.0,17.1,23.3,180.0,1017.0,31.7,0.12069,68.0
2022-02-03 19:00:00,0.0,17.3,23.1,170.0,1017.0,31.7,0.155172,70.0
2022-02-03 20:00:00,0.0,17.3,23.8,180.0,1017.0,35.3,0.137931,67.0
2022-02-03 21:00:00,0.0,17.6,22.9,170.0,1017.0,31.7,0.206897,72.0
2022-02-03 22:00:00,0.0,17.5,22.4,180.0,1018.0,24.1,0.189655,74.0
2022-02-03 23:00:00,0.0,17.7,21.7,180.0,1018.0,24.1,0.189655,78.0
2022-02-04 00:00:00,0.0,18.0,21.2,170.0,1018.0,20.5,0.206897,82.0
2022-02-04 01:00:00,0.0,18.5,21.1,180.0,1018.0,22.3,0.224138,85.0
2022-02-04 02:00:00,0.0,18.8,20.9,170.0,1018.0,24.1,0.206897,88.0
2022-02-04 03:00:00,0.0,19.0,20.2,180.0,1018.0,24.1,0.189655,93.0
2022-02-04 04:00:00,0.0,19.4,20.6,180.0,1018.0,20.5,0.172414,93.0
2022-02-04 05:00:00,0.0,19.6,20.6,180.0,1018.0,24.1,0.172414,94.0
2022-02-04 06:00:00,0.0,19.9,20.7,190.0,1018.0,22.3,0.155172,95.0
2022-02-04 07:00:00,0.0,19.8,20.8,190.0,1017.0,22.3,0.12069,94.0
2022-02-04 08:00:00,0.0,19.8,20.8,190.0,1017.0,24.1,0.12069,94.0
2022-02-04 09:00:00,0.0,20.0,20.8,190.0,1017.0,22.3,0.12069,95.0
2022-02-04 10:00:00,0.1,19.9,20.7,190.0,1017.0,25.9,0.12069,95.0
2022-02-04 11:00:00,0.2,20.2,21.0,190.0,1017.0,25.9,0.155172,95.0
2022-02-04 12:00:00,0.7,20.2,20.9,190.0,1019.0,24.1,0.189655,96.0
2022-02-04 13:00:00,9.1,18.0,19.1,270.0,1019.0,11.2,0.241379,96.0
2022-02-04 14:00:00,3.6,18.2,18.7,310.0,1020.0,13.0,0.241379,96.0
2022-02-04 15:00:00,4.1,18.8,18.9,180.0,1020.0,7.6,0.206897,99.0
2022-02-04 16:00:00,0.1,19.1,19.3,250.0,1020.0,5.4,0.206897,99.0
2022-02-04 17:00:00,0.1,19.3,19.5,300.0,1021.0,14.8,0.206897,99.0
2022-02-04 18:00:00,0.2,15.3,15.6,310.0,1021.0,22.3,0.155172,98.0
2022-02-04 19:00:00,0.1,14.0,14.3,340.0,1020.0,11.2,0.155172,98.0
2022-02-04 20:00:00,0.0,13.1,14.6,320.0,1021.0,13.0,0.155172,91.0
2022-02-04 21:00:00,2.0,13.0,13.2,320.0,1021.0,14.8,0.172414,99.0
2022-02-04 22:00:00,0.5,10.4,11.7,310.0,1023.0,22.3,0.189655,62.0
2022-02-04 23:00:00,2.0,8.6,10.4,290.0,1023.0,20.5,0.224138,66.0
2022-02-05 00:00:00,1.3,7.5,9.7,300.0,1023.0,22.3,0.224138,67.0
2022-02-05 01:00:00,0.3,8.9,8.7,340.0,1024.0,18.4,0.241379,99.0
2022-02-05 02:00:00,0.0,8.0,8.1,310.0,1025.0,16.6,0.224138,99.0
2022-02-05 03:00:00,0.0,7.7,7.7,320.0,1025.0,18.4,0.206897,100.0
2022-02-05 04:00:00,0.3,7.1,7.2,320.0,1026.0,14.8,0.224138,99.0
2022-02-05 05:00:00,0.3,6.1,6.5,330.0,1026.0,29.5,0.224138,97.0
2022-02-05 06:00:00,0.3,5.6,5.7,340.0,1027.0,22.3,0.206897,99.0
2022-02-05 07:00:00,0.8,4.4,4.5,320.0,1026.0,31.7,0.224138,99.0
2022-02-05 08:00:00,1.1,4.2,4.3,350.0,1026.0,16.6,0.224138,99.0
2022-02-05 09:00:00,1.1,3.7,4.3,350.0,1027.0,18.4,0.241379,96.0
2022-02-05 10:00:00,0.3,2.3,3.8,350.0,1027.0,27.7,0.241379,90.0
2022-02-05 11:00:00,0.0,1.4,3.5,350.0,1028.0,27.7,0.275862,86.0
2022-02-05 12:00:00,0.0,0.8,2.9,350.0,1028.0,25.9,0.327586,86.0
2022-02-05 13:00:00,0.0,-0.4,1.9,360.0,1029.0,16.6,0.362069,85.0
2022-02-05 14:00:00,0.0,-0.7,3.1,10.0,1029.0,22.3,0.241379,76.0
2022-02-05 15:00:00,0.0,-1.7,4.5,20.0,1029.0,22.3,0.051724,64.0
2022-02-05 16:00:00,0.0,-2.6,6.0,20.0,1028.0,22.3,-0.086207,54.0
2022-02-05 17:00:00,0.0,-2.3,7.8,20.0,1028.0,27.7,-0.172414,49.0
2022-02-05 18:00:00,0.0,-2.2,8.8,20.0,1027.0,24.1,-0.155172,46.0
2022-02-05 19:00:00,0.0,-2.1,9.6,350.0,1026.0,18.4,-0.155172,44.0
2022-02-05 20:00:00,0.0,-2.5,9.8,350.0,1026.0,16.6,-0.086207,42.0
2022-02-05 21:00:00,0.0,-3.2,10.2,20.0,1026.0,16.6,-0.189655,39.0
2022-02-05 22:00:00,0.0,-3.2,10.1,360.0,1026.0,14.8,-0.051724,39.0
2022-02-05 23:00:00,0.0,-3.0,9.6,30.0,1027.0,16.6,0.12069,41.0
2022-02-06 00:00:00,0.0,-1.3,7.1,70.0,1027.0,9.4,0.258621,55.0
2022-02-06 01:00:00,0.0,-0.1,6.4,40.0,1027.0,7.6,0.275862,63.0
2022-02-06 02:00:00,0.0,0.1,6.4,360.0,1027.0,5.4,0.275862,64.0
2022-02-06 03:00:00,0.0,0.7,5.3,20.0,1027.0,7.6,0.275862,72.0
2022-02-06 04:00:00,0.0,-0.2,4.4,40.0,1027.0,11.2,0.275862,72.0
2022-02-06 05:00:00,0.0,-0.1,3.9,30.0,1026.0,7.6,0.275862,75.0
2022-02-06 06:00:00,0.0,-1.1,4.1,30.0,1025.0,9.4,0.258621,69.0
2022-02-06 07:00:00,0.0,-0.5,3.0,30.0,1025.0,5.4,0.275862,78.0
2022-02-06 08:00:00,0.0,-0.2,2.9,20.0,1025.0,5.4,0.275862,80.0
2022-02-06 09:00:00,0.0,-0.3,2.5,10.0,1025.0,7.6,0.275862,82.0
2022-02-06 10:00:00,0.0,0.8,2.7,30.0,1025.0,9.4,0.275862,87.0
2022-02-06 11:00:00,0.0,1.2,2.5,20.0,1025.0,7.6,0.275862,91.0
2022-02-06 12:00:00,0.0,2.3,3.6,20.0,1026.0,11.2,0.293103,91.0
2022-02-06 13:00:00,0.0,2.7,4.4,30.0,1026.0,16.6,0.327586,89.0
2022-02-06 14:00:00,0.0,2.8,5.8,50.0,1027.0,18.4,0.206897,81.0
2022-02-06 15:00:00,0.0,3.6,7.9,50.0,1027.0,24.1,0.0,74.0
2022-02-06 16:00:00,0.0,3.8,9.2,60.0,1026.0,25.9,-0.137931,69.0
2022-02-06 17:00:00,0.0,4.8,11.9,60.0,1025.0,22.3,-0.189655,62.0
2022-02-06 18:00:00,0.0,5.6,13.2,80.0,1024.0,16.6,-0.310345,60.0
2022-02-06 19:00:00,0.0,6.2,12.6,70.0,1023.0,22.3,-0.275862,65.0
2022-02-06 20:00:00,0.0,6.7,12.7,80.0,1023.0,22.3,-0.068966,67.0
2022-02-06 21:00:00,0.0,7.5,10.6,70.0,1023.0,25.9,0.0,81.0
2022-02-06 22:00:00,0.0,7.3,9.5,60.0,1023.0,24.1,0.137931,86.0
2022-02-06 23:00:00,0.0,7.0,9.2,70.0,1024.0,20.5,0.224138,86.0
2022-02-07 00:00:00,0.0,6.9,8.8,80.0,1024.0,18.4,0.258621,88.0
2022-02-07 01:00:00,0.0,7.8,7.9,70.0,1025.0,20.5,0.275862,99.0
2022-02-07 02:00:00,0.0,7.9,7.7,60.0,1025.0,13.0,0.275862,99.0
2022-02-07 03:00:00,0.0,7.6,7.7,70.0,1025.0,16.6,0.258621,99.0
2022-02-07 04:00:00,0.0,6.9,7.6,40.0,1024.0,13.0,0.258621,95.0
2022-02-07 05:00:00,0.0,6.5,7.7,50.0,1024.0,13.0,0.241379,92.0
2022-02-07 06:00:00,0.0,6.2,7.7,50.0,1024.0,9.4,0.224138,90.0
2022-02-07 07:00:00,0.0,6.2,7.7,50.0,1023.0,11.2,0.206897,90.0
2022-02-07 08:00:00,0.0,5.8,7.3,50.0,1023.0,14.8,0.189655,90.0
2022-02-07 09:00:00,0.0,5.2,6.6,60.0,1022.0,18.4,0.206897,91.0
2022-02-07 10:00:00,0.0,5.4,6.6,60.0,1022.0,11.2,0.224138,92.0
2022-02-07 11:00:00,0.0,5.8,6.5,70.0,1023.0,9.4,0.258621,95.0
2022-02-07 12:00:00,0.0,6.2,6.3,40.0,1023.0,11.2,0.310345,99.0
2022-02-07 13:00:00,0.0,6.0,6.3,30.0,1023.0,13.0,0.362069,98.0
2022-02-07 14:00:00,0.0,6.3,6.6,30.0,1023.0,13.0,0.327586,98.0
2022-02-07 15:00:00,0.0,6.0,7.5,40.0,1024.0,14.8,0.310345,90.0
2022-02-07 16:00:00,0.0,6.1,8.1,20.0,1023.0,13.0,0.224138,87.0
2022-02-07 17:00:00,0.2,6.1,8.7,50.0,1024.0,11.2,0.12069,84.0
2022-02-07 18:00:00,0.2,6.5,9.2,320.0,1022.0,7.6,0.241379,83.0
2022-02-07 19:00:00,1.0,6.9,10.0,300.0,1023.0,9.4,0.206897,81.0
2022-02-07 20:00:00,1.1,8.5,9.3,320.0,1021.0,13.0,0.258621,95.0
2022-02-07 21:00:00,1.0,8.7,9.0,360.0,1021.0,9.4,0.275862,98.0
2022-02-07 22:00:00,1.3,8.3,8.6,270.0,1021.0,7.6,0.275862,98.0
2022-02-07 23:00:00,0.3,8.5,8.6,340.0,1022.0,9.4,0.275862,99.0
2022-02-08 00:00:00,1.0,7.8,8.5,330.0,1022.0,7.6,0.310345,95.0
2022-02-08 01:00:00,0.3,7.8,8.4,340.0,1023.0,9.4,0.310345,97.0
2022-02-08 02:00:00,0.3,7.3,8.2,340.0,1023.0,5.4,0.293103,95.0
2022-02-08 03:00:00,0.1,6.9,8.0,0.0,1022.0,0.0,0.293103,95.0
2022-02-08 04:00:00,0.0,6.8,7.8,140.0,1023.0,5.4,0.275862,97.0
2022-02-08 05:00:00,0.0,6.8,7.6,270.0,1023.0,9.4,0.258621,96.0
2022-02-08 06:00:00,0.0,6.9,7.6,260.0,1022.0,7.6,0.241379,96.0
2022-02-08 07:00:00,0.0,6.7,7.5,280.0,1021.0,7.6,0.224138,95.0
2022-02-08 08:00:00,0.0,6.4,7.2,260.0,1021.0,5.4,0.241379,94.0
2022-02-08 09:00:00,0.0,5.7,6.7,300.0,1022.0,9.4,0.206897,92.0
2022-02-08 10:00:00,0.0,5.2,6.5,300.0,1022.0,9.4,0.224138,91.0
2022-02-08 11:00:00,0.0,5.6,6.6,320.0,1021.0,11.2,0.258621,97.0
2022-02-08 12:00:00,0.0,6.0,6.4,360.0,1022.0,11.2,0.310345,97.0
2022-02-08 13:00:00,0.0,5.2,5.9,10.0,1023.0,5.4,0.37931,95.0
2022-02-08 14:00:00,0.0,5.2,6.6,10.0,1024.0,5.4,0.344828,91.0
2022-02-08 15:00:00,0.0,4.3,7.2,350.0,1024.0,7.6,0.293103,82.0
2022-02-08 16:00:00,0.0,3.9,8.1,360.0,1024.0,11.2,0.258621,75.0
2022-02-08 17:00:00,0.0,2.8,9.3,350.0,1023.0,13.0,0.189655,64.0
2022-02-08 18:00:00,0.0,1.1,10.6,350.0,1022.0,9.4,0.051724,52.0
2022-02-08 19:00:00,0.0,0.5,11.4,10.0,1021.0,9.4,0.034483,47.0
2022-02-08 20:00:00,0.0,-0.4,11.8,360.0,1021.0,14.8,0.086207,43.0
2022-02-08 21:00:00,0.0,-1.1,11.7,360.0,1021.0,11.2,0.034483,41.0
2022-02-08 22:00:00,0.0,-0.2,11.6,350.0,1021.0,7.6,0.034483,44.0
2022-02-08 23:00:00,0.0,0.0,11.5,20.0,1022.0,7.6,0.12069,45.0
2022-02-09 00:00:00,0.0,1.0,8.6,0.0,1022.0,0.0,0.275862,59.0
2022-02-09 01:00:00,0.0,2.8,5.5,0.0,1022.0,0.0,0.310345,83.0
2022-02-09 02:00:00,0.0,3.2,4.1,0.0,1022.0,0.0,0.310345,94.0
2022-02-09 03:00:00,0.0,2.7,3.1,0.0,1022.0,0.0,0.327586,97.0
2022-02-09 04:00:00,0.0,1.3,1.4,160.0,1021.0,5.4,0.310345,99.0
2022-02-09 05:00:00,0.0,1.4,1.4,0.0,1021.0,0.0,0.293103,100.0
2022-02-09 06:00:00,0.0,-0.6,1.9,0.0,1021.0,0.0,0.310345,74.0
2022-02-09 07:00:00,0.0,-0.8,0.9,0.0,1021.0,0.0,0.310345,80.0
2022-02-09 08:00:00,0.0,-0.8,1.1,0.0,1021.0,0.0,0.327586,81.0
2022-02-09 09:00:00,0.0,-1.1,0.7,290.0,1020.0,5.4,0.310345,82.0
2022-02-09 10:00:00,0.0,-1.3,-0.8,130.0,1021.0,5.4,0.344828,85.0
2022-02-09 11:00:00,0.0,-1.9,-0.4,0.0,1021.0,0.0,0.37931,90.0
2022-02-09 12:00:00,0.0,-1.8,-1.0,0.0,1021.0,0.0,0.465517,90.0
2022-02-09 13:00:00,0.0,-1.1,-0.5,0.0,1022.0,0.0,0.517241,92.0
2022-02-09 14:00:00,0.0,3.4,3.4,270.0,1022.0,5.4,0.362069,78.0
2022-02-09 15:00:00,0.0,3.2,6.8,310.0,1022.0,7.6,0.103448,78.0
2022-02-09 16:00:00,0.0,3.5,11.2,0.0,1022.0,0.0,-0.051724,59.0
2022-02-09 17:00:00,0.0,0.1,13.8,330.0,1021.0,5.4,-0.155172,39.0
2022-02-09 18:00:00,0.0,-2.6,15.4,330.0,1019.0,9.4,-0.241379,29.0
2022-02-09 19:00:00,0.0,-0.9,16.3,290.0,1019.0,14.8,-0.206897,31.0
2022-02-09 20:00:00,0.0,-1.3,16.8,280.0,1019.0,11.2,-0.206897,29.0
2022-02-09 21:00:00,0.0,-1.6,16.5,260.0,1018.0,9.4,-0.137931,29.0
2022-02-09 22:00:00,0.0,-1.7,16.4,270.0,1018.0,9.4,-0.051724,29.0
2022-02-09 23:00:00,0.0,-0.6,15.2,280.0,1019.0,5.4,0.103448,34.0
2022-02-10 00:00:00,0.0,3.0,10.7,220.0,1019.0,5.4,0.224138,59.0
2022-02-10 01:00:00,0.0,3.6,8.2,200.0,1019.0,7.6,0.258621,73.0
2022-02-10 02:00:00,0.0,2.8,6.9,220.0,1020.0,5.4,0.258621,75.0
2022-02-10 03:00:00,0.0,2.6,6.2,220.0,1020.0,5.4,0.293103,78.0
2022-02-10 04:00:00,0.0,3.1,7.6,240.0,1020.0,11.2,0.293103,73.0
2022-02-10 05:00:00,0.0,2.8,6.4,230.0,1020.0,9.4,0.293103,78.0
2022-02-10 06:00:00,0.0,2.7,5.7,0.0,1020.0,0.0,0.275862,81.0
2022-02-10 07:00:00,0.0,2.4,3.1,200.0,1020.0,5.4,0.293103,95.0
2022-02-10 08:00:00,0.0,2.4,2.5,210.0,1020.0,7.6,0.293103,99.0
2022-02-10 09:00:00,0.0,1.3,1.3,170.0,1020.0,5.4,0.275862,100.0
2022-02-10 10:00:00,0.0,1.0,1.3,0.0,1020.0,0.0,0.310345,100.0
2022-02-10 11:00:00,0.0,0.9,1.5,0.0,1020.0,0.0,0.344828,99.0
2022-02-10 12:00:00,0.0,0.0,0.6,0.0,1021.0,0.0,0.413793,90.0
2022-02-10 13:00:00,0.0,5.0,0.7,0.0,1022.0,0.0,0.465517,87.0
2022-02-10 14:00:00,0.0,4.6,6.6,190.0,1022.0,5.4,0.327586,87.0
2022-02-10 15:00:00,0.0,3.2,10.6,0.0,1023.0,0.0,0.103448,60.0
2022-02-10 16:00:00,0.0,3.2,14.0,300.0,1022.0,9.4,-0.051724,48.0
2022-02-10 17:00:00,0.0,3.9,16.5,280.0,1021.0,13.0,-0.172414,43.0
2022-02-10 18:00:00,0.0,1.5,18.5,260.0,1021.0,7.6,-0.206897,32.0
2022-02-10 19:00:00,0.0,0.2,19.2,350.0,1020.0,9.4,-0.241379,28.0
2022-02-10 20:00:00,0.0,0.3,19.3,260.0,1019.0,9.4,-0.224138,28.0
2022-02-10 21:00:00,0.0,-0.7,19.3,330.0,1019.0,11.2,-0.137931,26.0
2022-02-10 22:00:00,0.0,-0.9,19.1,210.0,1019.0,7.6,-0.051724,26.0
2022-02-10 23:00:00,0.0,0.1,17.9,220.0,1019.0,5.4,0.086207,30.0
2022-02-11 00:00:00,0.0,1.4,13.4,180.0,1019.0,7.6,0.206897,44.0
2022-02-11 01:00:00,0.0,2.8,10.0,200.0,1019.0,5.4,0.241379,61.0
2022-02-11 02:00:00,0.0,2.6,8.4,170.0,1020.0,5.4,0.241379,67.0
2022-02-11 03:00:00,0.0,2.9,10.3,210.0,1020.0,16.6,0.241379,60.0
2022-02-11 04:00:00,0.0,2.8,9.0,220.0,1020.0,11.2,0.206897,65.0
2022-02-11 05:00:00,0.0,2.8,8.4,220.0,1020.0,11.2,0.206897,68.0
2022-02-11 06:00:00,0.0,3.2,8.1,220.0,1020.0,9.4,0.189655,71.0
2022-02-11 07:00:00,0.0,3.2,5.5,0.0,1020.0,0.0,0.189655,85.0
2022-02-11 08:00:00,0.0,3.5,4.8,0.0,1019.0,0.0,0.206897,91.0
2022-02-11 09:00:00,0.0,3.7,4.4,0.0,1019.0,0.0,0.206897,95.0
2022-02-11 10:00:00,0.0,2.8,2.8,0.0,1019.0,0.0,0.224138,100.0
2022-02-11 11:00:00,0.0,3.4,3.5,0.0,1020.0,0.0,0.275862,99.0
2022-02-11 12:00:00,0.0,3.8,2.1,0.0,1020.0,0.0,0.327586,85.0
2022-02-11 13:00:00,0.0,6.8,2.6,120.0,1020.0,5.4,0.37931,92.0
2022-02-11 14:00:00,0.0,7.2,8.4,0.0,1021.0,0.0,0.293103,92.0
2022-02-11 15:00:00,0.0,5.3,13.1,80.0,1021.0,5.4,0.103448,59.0
2022-02-11 16:00:00,0.0,5.1,16.1,40.0,1021.0,5.4,-0.086207,48.0
2022-02-11 17:00:00,0.0,3.0,18.3,170.0,1019.0,9.4,-0.068966,36.0
2022-02-11 18:00:00,0.0,2.5,18.7,190.0,1019.0,9.4,-0.189655,34.0
2022-02-11 19:00:00,0.0,1.5,19.6,200.0,1018.0,14.8,-0.275862,30.0
2022-02-11 20:00:00,0.0,1.9,19.5,190.0,1018.0,9.4,-0.241379,31.0
2022-02-11 21:00:00,0.0,2.2,19.3,220.0,1018.0,11.2,-0.086207,32.0
2022-02-11 22:00:00,0.0,1.7,18.7,200.0,1018.0,9.4,0.034483,32.0
2022-02-11 23:00:00,0.0,3.1,17.6,200.0,1018.0,7.6,0.137931,38.0
2022-02-12 00:00:00,0.0,3.9,16.2,190.0,1018.0,7.6,0.172414,44.0
2022-02-12 01:00:00,0.0,4.6,15.2,0.0,1019.0,0.0,0.189655,49.0
2022-02-12 02:00:00,0.0,5.3,13.4,170.0,1019.0,9.4,0.206897,58.0
2022-02-12 03:00:00,0.0,5.6,13.2,0.0,1019.0,0.0,0.206897,60.0
2022-02-12 04:00:00,0.0,6.2,11.5,200.0,1019.0,7.6,0.189655,70.0
2022-02-12 05:00:00,0.0,7.3,11.2,300.0,1019.0,5.4,0.172414,77.0
2022-02-12 06:00:00,0.0,7.0,9.8,300.0,1019.0,5.4,0.172414,83.0
2022-02-12 07:00:00,0.0,7.4,9.1,0.0,1019.0,0.0,0.155172,89.0
2022-02-12 08:00:00,0.0,7.6,9.3,0.0,1019.0,0.0,0.172414,89.0
2022-02-12 09:00:00,0.0,8.0,10.2,0.0,1019.0,0.0,0.172414,86.0
2022-02-12 10:00:00,0.0,8.4,8.9,110.0,1020.0,5.4,0.172414,97.0
2022-02-12 11:00:00,0.0,7.7,9.3,110.0,1020.0,7.6,0.172414,90.0
2022-02-12 12:00:00,0.0,7.0,8.2,110.0,1021.0,5.4,0.189655,92.0
2022-02-12 13:00:00,0.0,7.4,9.3,0.0,1021.0,0.0,0.206897,88.0
2022-02-12 14:00:00,0.0,8.2,11.3,0.0,1022.0,0.0,0.172414,81.0
2022-02-12 15:00:00,0.0,7.0,13.7,80.0,1022.0,5.4,0.137931,64.0
2022-02-12 16:00:00,0.0,7.0,15.8,70.0,1021.0,7.6,0.068966,56.0
2022-02-12 17:00:00,0.0,7.9,16.7,20.0,1020.0,9.4,-0.034483,56.0
2022-02-12 18:00:00,0.0,9.4,17.5,40.0,1020.0,9.4,-0.12069,59.0
2022-02-12 19:00:00,0.0,10.2,17.6,350.0,1019.0,7.6,-0.068966,62.0
2022-02-12 20:00:00,0.0,10.4,17.8,330.0,1019.0,7.6,-0.051724,62.0
2022-02-12 21:00:00,0.0,10.1,18.0,0.0,1019.0,0.0,0.034483,60.0
2022-02-12 22:00:00,0.0,10.6,18.0,140.0,1019.0,7.6,0.086207,62.0
2022-02-12 23:00:00,0.0,10.9,17.1,150.0,1019.0,7.6,0.12069,67.0
2022-02-13 00:00:00,0.0,11.0,15.6,0.0,1019.0,0.0,0.189655,74.0
2022-02-13 01:00:00,0.0,11.4,14.1,0.0,1019.0,0.0,0.189655,84.0
2022-02-13 02:00:00,0.0,11.5,13.6,0.0,1019.0,0.0,0.189655,87.0
2022-02-13 03:00:00,0.0,11.4,12.8,170.0,1019.0,5.4,0.189655,91.0
2022-02-13 04:00:00,0.0,11.1,11.7,0.0,1019.0,0.0,0.172414,96.0
2022-02-13 05:00:00,0.0,11.4,11.9,190.0,1018.0,5.4,0.172414,97.0
2022-02-13 06:00:00,0.0,10.3,12.1,180.0,1018.0,9.4,0.172414,89.0
2022-02-13 07:00:00,0.0,10.6,11.7,320.0,1018.0,7.6,0.155172,93.0
2022-02-13 08:00:00,0.0,10.8,11.4,280.0,1017.0,5.4,0.155172,96.0
2022-02-13 09:00:00,0.0,10.9,11.2,300.0,1018.0,7.6,0.155172,98.0
2022-02-13 10:00:00,0.0,9.6,11.2,340.0,1018.0,16.6,0.155172,90.0
2022-02-13 11:00:00,0.0,6.8,9.9,340.0,1019.0,18.4,0.172414,81.0
2022-02-13 12:00:00,0.0,4.1,9.7,350.0,1021.0,16.6,0.189655,68.0
2022-02-13 13:00:00,0.1,1.1,9.2,350.0,1021.0,22.3,0.224138,57.0
2022-02-13 14:00:00,0.2,-0.5,9.1,360.0,1022.0,16.6,0.189655,51.0
2022-02-13 15:00:00,0.2,-0.5,10.0,330.0,1022.0,16.6,-0.034483,48.0
2022-02-13 16:00:00,0.0,0.4,11.6,360.0,1022.0,16.6,-0.017241,46.0
2022-02-13 17:00:00,0.0,1.2,12.8,310.0,1021.0,18.4,-0.224138,45.0
2022-02-13 18:00:00,0.0,1.6,15.1,310.0,1020.0,27.7,-0.189655,40.0
2022-02-13 19:00:00,0.0,1.4,14.9,320.0,1020.0,25.9,-0.241379,40.0
2022-02-13 20:00:00,0.0,-2.3,15.2,310.0,1020.0,29.5,-0.310345,30.0
2022-02-13 21:00:00,0.0,-4.9,15.0,320.0,1021.0,25.9,-0.224138,25.0
2022-02-13 22:00:00,0.0,-8.3,13.6,320.0,1022.0,33.5,-0.086207,21.0
2022-02-13 23:00:00,0.0,-8.7,11.8,310.0,1022.0,25.9,0.086207,23.0
2022-02-14 00:00:00,0.0,-8.2,10.0,320.0,1024.0,16.6,0.258621,27.0
2022-02-14 01:00:00,0.0,-5.1,6.6,320.0,1024.0,9.4,0.293103,43.0
2022-02-14 02:00:00,0.0,-4.1,4.9,300.0,1025.0,11.2,0.275862,52.0
2022-02-14 03:00:00,0.0,-4.5,4.2,310.0,1025.0,13.0,0.293103,53.0
2022-02-14 04:00:00,0.0,-5.2,4.0,310.0,1026.0,11.2,0.293103,51.0
2022-02-14 05:00:00,0.0,-4.7,2.0,300.0,1026.0,11.2,0.293103,61.0
2022-02-14 06:00:00,0.0,-6.0,2.9,310.0,1026.0,11.2,0.275862,52.0
2022-02-14 07:00:00,0.0,-6.5,2.6,320.0,1027.0,11.2,0.241379,51.0
2022-02-14 08:00:00,0.0,-5.7,1.5,310.0,1027.0,9.4,0.258621,59.0
2022-02-14 09:00:00,0.0,-5.0,0.8,300.0,1027.0,7.6,0.258621,65.0
2022-02-14 10:00:00,0.0,-4.5,-0.2,300.0,1027.0,11.2,0.293103,73.0
2022-02-14 11:00:00,0.0,-5.1,-0.1,250.0,1028.0,5.4,0.327586,69.0
2022-02-14 12:00:00,0.0,-5.0,-0.2,290.0,1029.0,7.6,0.413793,70.0
2022-02-14 13:00:00,0.0,-3.7,0.0,270.0,1030.0,7.6,0.482759,76.0
2022-02-14 14:00:00,0.0,-4.0,3.5,310.0,1030.0,11.2,0.310345,58.0
2022-02-14 15:00:00,0.0,-5.6,7.5,320.0,1031.0,11.2,0.086207,39.0
2022-02-14 16:00:00,0.0,-7.0,9.8,10.0,1030.0,14.8,-0.051724,30.0
2022-02-14 17:00:00,0.0,-6.8,11.6,340.0,1029.0,11.2,-0.155172,27.0
2022-02-14 18:00:00,0.0,-6.0,13.1,350.0,1027.0,13.0,-0.224138,26.0
2022-02-14 19:00:00,0.0,-6.4,13.9,320.0,1027.0,9.4,-0.224138,24.0
2022-02-14 20:00:00,0.0,-1.9,14.2,335.0,1026.8,8.6,-0.189655,33.0
2022-02-14 21:00:00,0.0,-2.0,14.5,330.0,1026.5,7.2,-0.12069,32.0
2022-02-14 22:00:00,0.0,-4.7,14.0,250.0,1027.0,6.0,-0.017241,27.0
2022-02-14 23:00:00,0.0,-5.1,13.6,250.0,1027.0,5.4,0.137931,27.0
2022-02-15 00:00:00,0.0,-0.9,9.6,0.0,1029.0,0.0,0.241379,48.0
2022-02-15 01:00:00,0.0,0.7,7.0,0.0,1029.0,0.0,0.275862,64.0
2022-02-15 02:00:00,0.0,-0.5,5.6,160.0,1030.0,7.6,0.275862,65.0
2022-02-15 03:00:00,0.0,0.2,5.6,0.0,1030.0,0.0,0.293103,68.0
2022-02-15 04:00:00,0.0,0.3,4.7,0.0,1030.0,0.0,0.275862,73.0
2022-02-15 05:00:00,0.0,1.2,3.7,0.0,1030.0,0.0,0.275862,84.0
2022-02-15 06:00:00,0.0,1.7,2.9,0.0,1030.0,0.0,0.258621,92.0
2022-02-15 07:00:00,0.0,1.7,2.4,0.0,1030.0,0.0,0.258621,95.0
2022-02-15 08:00:00,0.0,1.1,2.6,0.0,1030.0,0.0,0.275862,90.0
2022-02-15 09:00:00,0.0,1.1,1.7,0.0,1031.0,0.0,0.275862,96.0
2022-02-15 10:00:00,0.0,0.7,1.1,0.0,1031.0,0.0,0.275862,97.0
2022-02-15 11:00:00,0.0,0.5,1.1,0.0,1031.0,0.0,0.344828,96.0
2022-02-15 12:00:00,0.0,0.2,0.3,100.0,1032.0,5.4,0.396552,99.0
2022-02-15 13:00:00,0.0,0.3,0.3,0.0,1033.0,0.0,0.448276,100.0
2022-02-15 14:00:00,0.0,2.6,3.6,0.0,1034.0,0.0,0.344828,93.0
2022-02-15 15:00:00,0.0,1.5,10.7,90.0,1034.0,11.2,0.086207,53.0
2022-02-15 16:00:00,0.0,-2.2,15.3,130.0,1034.0,16.6,-0.068966,30.0
2022-02-15 17:00:00,0.0,-2.8,17.4,100.0,1033.0,18.4,-0.172414,25.0
2022-02-15 18:00:00,0.0,-2.6,17.7,120.0,1032.0,13.0,-0.224138,25.0
2022-02-15 19:00:00,0.0,-2.5,19.9,140.0,1031.0,18.4,-0.241379,22.0
2022-02-15 20:00:00,0.0,-3.3,19.7,140.0,1030.0,22.3,-0.189655,21.0
2022-02-15 21:00:00,0.0,-2.1,19.6,100.0,1030.0,14.8,-0.12069,23.0
2022-02-15 22:00:00,0.0,1.3,19.3,130.0,1030.0,13.0,-0.017241,30.0
2022-02-15 23:00:00,0.0,2.5,17.8,90.0,1031.0,11.2,0.103448,36.0
2022-02-16 00:00:00,0.0,3.3,12.6,90.0,1031.0,11.2,0.224138,53.0
2022-02-16 01:00:00,0.0,3.3,11.0,100.0,1031.0,9.4,0.241379,59.0
2022-02-16 02:00:00,0.0,3.5,11.0,110.0,1032.0,13.0,0.241379,60.0
2022-02-16 03:00:00,0.0,2.9,10.1,100.0,1032.0,7.6,0.224138,61.0
2022-02-16 04:00:00,0.0,3.1,9.3,90.0,1031.0,9.4,0.224138,65.0
2022-02-16 05:00:00,0.0,3.3,7.8,110.0,1031.0,9.4,0.224138,73.0
2022-02-16 06:00:00,0.0,3.7,8.5,100.0,1031.0,9.4,0.206897,72.0
2022-02-16 07:00:00,0.0,4.7,7.6,110.0,1030.0,9.4,0.206897,82.0
2022-02-16 08:00:00,0.0,5.4,7.9,110.0,1030.0,9.4,0.206897,84.0
2022-02-16 09:00:00,0.0,5.6,7.1,110.0,1030.0,7.6,0.189655,90.0
2022-02-16 10:00:00,0.0,5.9,7.0,90.0,1030.0,11.2,0.189655,93.0
2022-02-16 11:00:00,0.0,6.5,7.1,100.0,1030.0,9.4,0.241379,96.0
2022-02-16 12:00:00,0.0,6.7,7.0,90.0,1030.0,11.2,0.293103,98.0
2022-02-16 13:00:00,0.0,7.8,8.1,90.0,1031.0,11.2,0.327586,98.0
2022-02-16 14:00:00,0.0,10.4,12.5,110.0,1031.0,9.4,0.172414,87.0
2022-02-16 15:00:00,0.0,11.2,16.9,130.0,1031.0,14.8,0.0,69.0
2022-02-16 16:00:00,0.0,11.5,20.6,130.0,1031.0,16.6,-0.12069,56.0
2022-02-16 17:00:00,0.0,11.8,22.8,150.0,1029.0,29.5,-0.206897,50.0
2022-02-16 18:00:00,0.0,10.3,22.9,160.0,1028.0,18.4,-0.258621,45.0
2022-02-16 19:00:00,0.0,9.0,23.8,140.0,1027.0,22.3,-0.086207,39.0
2022-02-16 20:00:00,0.0,9.3,22.9,160.0,1026.0,22.3,-0.189655,42.0
2022-02-16 21:00:00,0.0,8.2,23.3,150.0,1026.0,13.0,-0.051724,38.0
2022-02-16 22:00:00,0.0,8.1,24.1,160.0,1025.0,16.6,-0.051724,36.0
2022-02-16 23:00:00,0.0,8.8,21.9,160.0,1025.0,9.4,0.103448,43.0
2022-02-17 00:00:00,0.0,8.9,19.6,200.0,1025.0,7.6,0.189655,50.0
2022-02-17 01:00:00,0.0,9.2,15.8,170.0,1026.0,5.4,0.206897,65.0
2022-02-17 02:00:00,0.0,9.6,14.6,80.0,1026.0,7.6,0.206897,72.0
2022-02-17 03:00:00,0.0,10.1,14.1,110.0,1026.0,7.6,0.206897,77.0
2022-02-17 04:00:00,0.0,11.9,15.9,130.0,1026.0,14.8,0.206897,77.0
2022-02-17 05:00:00,0.0,12.6,15.1,130.0,1025.0,13.0,0.172414,85.0
2022-02-17 06:00:00,0.0,13.8,15.4,130.0,1025.0,14.8,0.155172,90.0
2022-02-17 07:00:00,0.0,13.9,14.5,130.0,1024.0,9.4,0.155172,96.0
2022-02-17 08:00:00,0.0,13.9,13.9,130.0,1024.0,7.6,0.155172,100.0
2022-02-17 09:00:00,0.0,13.3,13.8,120.0,1024.0,13.0,0.137931,93.0
2022-02-17 10:00:00,0.0,13.4,13.7,140.0,1024.0,9.4,0.137931,94.0
2022-02-17 11:00:00,0.0,14.5,14.4,140.0,1023.0,14.8,0.172414,97.0
2022-02-17 12:00:00,0.0,17.7,16.4,150.0,1023.0,22.3,0.224138,98.0
2022-02-17 13:00:00,0.0,17.4,17.7,170.0,1023.0,22.3,0.258621,98.0
2022-02-17 14:00:00,0.0,17.7,18.7,170.0,1023.0,27.7,0.224138,94.0
2022-02-17 15:00:00,0.0,18.2,20.8,180.0,1023.0,27.7,0.189655,85.0
2022-02-17 16:00:00,0.0,18.2,22.0,170.0,1022.0,22.3,0.086207,79.0
2022-02-17 17:00:00,0.0,18.5,24.1,180.0,1020.0,29.5,0.155172,71.0
2022-02-17 18:00:00,0.0,18.2,25.3,180.0,1019.0,31.7,0.051724,65.0
2022-02-17 19:00:00,0.0,17.7,25.5,190.0,1018.0,33.5,-0.017241,62.0
2022-02-17 20:00:00,0.0,18.3,25.4,170.0,1017.0,29.5,-0.068966,65.0
2022-02-17 21:00:00,0.0,18.3,23.0,200.0,1017.0,32.0,0.034483,75.0
2022-02-17 22:00:00,0.0,18.4,23.1,200.0,1017.0,31.7,0.12069,75.0
2022-02-17 23:00:00,0.0,18.6,21.8,200.0,1017.0,20.5,0.189655,82.0
2022-02-18 00:00:00,0.0,18.9,21.1,190.0,1017.0,24.1,0.206897,87.0
2022-02-18 01:00:00,0.0,19.2,20.9,210.0,1018.0,16.6,0.224138,90.0
2022-02-18 02:00:00,0.0,19.5,20.8,190.0,1018.0,20.5,0.206897,92.0
2022-02-18 03:00:00,0.0,18.7,20.0,190.0,1017.0,18.4,0.206897,89.0
2022-02-18 04:00:00,0.0,19.0,20.0,200.0,1017.0,20.5,0.189655,89.0
2022-02-18 05:00:00,0.0,21.0,20.8,210.0,1016.0,18.4,0.172414,100.0
2022-02-18 06:00:00,0.0,19.4,21.1,200.0,1016.0,24.1,0.155172,90.0
2022-02-18 07:00:00,0.0,21.0,21.2,210.0,1015.0,24.1,0.12069,100.0
2022-02-18 08:00:00,0.2,21.4,21.4,220.0,1014.0,20.5,0.12069,100.0
2022-02-18 09:00:00,0.2,22.0,21.5,210.0,1014.0,20.5,0.12069,100.0
2022-02-18 10:00:00,2.5,18.0,21.5,230.0,1016.0,24.1,0.137931,100.0
2022-02-18 11:00:00,0.5,18.7,17.6,340.0,1016.0,13.0,0.155172,96.0
2022-02-18 12:00:00,0.0,18.6,17.2,0.0,1018.0,0.0,0.206897,96.0
2022-02-18 13:00:00,0.1,16.2,17.3,270.0,1018.0,9.4,0.258621,95.0
2022-02-18 14:00:00,0.1,16.6,17.4,320.0,1019.0,18.4,0.241379,95.0
2022-02-18 15:00:00,0.1,15.5,17.3,330.0,1021.0,20.5,0.189655,89.0
2022-02-18 16:00:00,0.3,13.6,15.6,320.0,1021.0,24.1,0.0,88.0
2022-02-18 17:00:00,0.0,12.7,17.0,340.0,1020.0,13.0,-0.155172,76.0
2022-02-18 18:00:00,0.0,11.3,17.7,290.0,1020.0,22.3,-0.258621,66.0
2022-02-18 19:00:00,0.0,10.4,18.6,310.0,1019.0,20.5,-0.241379,59.0
2022-02-18 20:00:00,0.0,10.2,18.9,310.0,1019.0,18.4,-0.275862,57.0
2022-02-18 21:00:00,0.0,9.4,18.9,320.0,1019.0,20.5,-0.206897,54.0
2022-02-18 22:00:00,0.0,9.5,17.3,360.0,1020.0,18.4,-0.086207,60.0
2022-02-18 23:00:00,0.0,8.1,14.8,360.0,1020.0,18.4,0.051724,64.0
2022-02-19 00:00:00,0.0,6.9,12.9,360.0,1021.0,14.8,0.206897,67.0
2022-02-19 01:00:00,0.0,6.4,12.4,360.0,1021.0,18.4,0.206897,67.0
2022-02-19 02:00:00,0.0,5.9,11.6,340.0,1022.0,14.8,0.206897,68.0
2022-02-19 03:00:00,0.0,5.6,11.5,350.0,1022.0,9.4,0.206897,67.0
2022-02-19 04:00:00,0.0,4.9,10.8,330.0,1023.0,14.8,0.189655,67.0
2022-02-19 05:00:00,0.0,4.4,10.3,340.0,1023.0,14.8,0.189655,67.0
2022-02-19 06:00:00,0.0,4.3,8.7,340.0,1023.0,13.0,0.189655,74.0
2022-02-19 07:00:00,0.0,3.6,7.2,340.0,1023.0,16.6,0.172414,78.0
2022-02-19 08:00:00,0.0,1.7,6.0,350.0,1023.0,20.5,0.189655,74.0
2022-02-19 09:00:00,0.0,1.0,4.9,360.0,1024.0,14.8,0.189655,76.0
2022-02-19 10:00:00,0.0,0.5,4.0,350.0,1024.0,14.8,0.206897,78.0
2022-02-19 11:00:00,0.0,-0.7,3.5,350.0,1025.0,13.0,0.241379,74.0
2022-02-19 12:00:00,0.0,-0.9,2.9,350.0,1026.0,13.0,0.275862,76.0
2022-02-19 13:00:00,0.0,-0.5,3.1,340.0,1027.0,11.2,0.275862,77.0
2022-02-19 14:00:00,0.0,-1.4,4.8,360.0,1028.0,18.4,0.172414,64.0
2022-02-19 15:00:00,0.0,-3.1,7.2,20.0,1028.0,16.6,-0.017241,48.0
2022-02-19 16:00:00,0.0,-4.9,9.9,10.0,1028.0,27.7,-0.155172,35.0
2022-02-19 17:00:00,0.0,-5.2,11.8,360.0,1027.0,24.1,-0.275862,30.0
2022-02-19 18:00:00,0.0,-5.3,13.9,10.0,1026.0,22.3,-0.344828,26.0
2022-02-19 19:00:00,0.0,-5.7,15.3,10.0,1026.0,22.3,-0.344828,23.0
2022-02-19 20:00:00,0.0,-6.6,16.4,10.0,1025.0,24.1,-0.327586,20.0
2022-02-19 21:00:00,0.0,-5.7,16.8,10.0,1025.0,18.4,-0.258621,21.0
2022-02-19 22:00:00,0.0,-5.3,16.5,20.0,1026.0,20.5,-0.12069,22.0
2022-02-19 23:00:00,0.0,-4.3,15.7,30.0,1026.0,14.8,0.034483,25.0
2022-02-20 00:00:00,0.0,-3.3,13.5,20.0,1026.0,5.4,0.189655,31.0
2022-02-20 01:00:00,0.0,-0.7,11.1,340.0,1027.0,7.6,0.206897,44.0
2022-02-20 02:00:00,0.0,0.1,8.1,0.0,1027.0,0.0,0.206897,57.0
2022-02-20 03:00:00,0.0,1.4,6.5,0.0,1028.0,0.0,0.206897,70.0
2022-02-20 04:00:00,0.0,0.7,5.8,0.0,1028.0,0.0,0.206897,70.0
2022-02-20 05:00:00,0.0,1.3,3.8,0.0,1028.0,0.0,0.206897,84.0
2022-02-20 06:00:00,0.0,1.3,4.6,0.0,1028.0,0.0,0.189655,79.0
2022-02-20 07:00:00,0.0,0.8,2.9,0.0,1027.0,0.0,0.189655,86.0
2022-02-20 08:00:00,0.0,1.4,2.9,0.0,1027.0,0.0,0.189655,90.0
2022-02-20 09:00:00,0.0,0.7,1.6,0.0,1027.0,0.0,0.206897,94.0
2022-02-20 10:00:00,0.0,0.8,1.5,70.0,1028.0,5.4,0.224138,95.0
2022-02-20 11:00:00,0.0,0.1,1.7,70.0,1028.0,11.2,0.224138,89.0
2022-02-20 12:00:00,0.0,0.2,2.6,60.0,1029.0,13.0,0.241379,84.0
2022-02-20 13:00:00,0.0,0.7,2.8,80.0,1030.0,7.6,0.241379,86.0
2022-02-20 14:00:00,0.0,2.4,7.3,70.0,1030.0,14.8,0.086207,71.0
2022-02-20 15:00:00,0.0,-0.4,11.1,70.0,1030.0,13.0,-0.068966,45.0
2022-02-20 16:00:00,0.0,-0.7,14.2,100.0,1029.0,14.8,-0.224138,36.0
2022-02-20 17:00:00,0.0,-2.1,17.6,90.0,1028.0,18.4,-0.310345,26.0
2022-02-20 18:00:00,0.0,-3.0,19.3,140.0,1028.0,16.6,-0.344828,22.0
2022-02-20 19:00:00,0.0,-1.9,19.9,140.0,1026.0,11.2,-0.362069,23.0
2022-02-20 20:00:00,0.0,-1.3,21.3,130.0,1025.0,13.0,-0.310345,22.0
2022-02-20 21:00:00,0.0,0.6,22.1,140.0,1025.0,18.4,-0.206897,24.0
2022-02-20 22:00:00,0.0,0.6,21.4,190.0,1025.0,7.6,-0.086207,25.0
2022-02-20 23:00:00,0.0,0.9,20.0,120.0,1025.0,5.4,0.086207,28.0
2022-02-21 00:00:00,0.0,1.9,17.5,0.0,1025.0,0.0,0.189655,35.0
2022-02-21 01:00:00,0.0,3.9,13.3,0.0,1025.0,0.0,0.224138,53.0
2022-02-21 02:00:00,0.0,5.4,10.7,0.0,1026.0,0.0,0.241379,70.0
2022-02-21 03:00:00,0.0,6.3,10.3,0.0,1025.0,0.0,0.224138,76.0
2022-02-21 04:00:00,0.0,6.0,9.8,90.0,1026.0,5.4,0.206897,77.0
2022-02-21 05:00:00,0.0,6.6,8.8,80.0,1025.0,5.4,0.206897,86.0
2022-02-21 06:00:00,0.0,6.0,8.7,0.0,1025.0,0.0,0.172414,83.0
2022-02-21 07:00:00,0.0,5.8,8.2,0.0,1025.0,0.0,0.172414,85.0
2022-02-21 08:00:00,0.0,5.8,8.3,110.0,1024.0,5.4,0.172414,84.0
2022-02-21 09:00:00,0.0,7.0,8.5,110.0,1024.0,7.6,0.172414,90.0
2022-02-21 10:00:00,0.0,9.4,10.3,80.0,1024.0,9.4,0.189655,94.0
2022-02-21 11:00:00,0.0,9.6,10.2,90.0,1025.0,11.2,0.206897,96.0
2022-02-21 12:00:00,0.0,9.3,9.4,90.0,1024.0,7.6,0.258621,99.0
2022-02-21 13:00:00,0.0,10.4,10.6,90.0,1025.0,11.2,0.293103,99.0
2022-02-21 14:00:00,0.0,11.9,13.5,130.0,1026.0,11.2,0.258621,90.0
2022-02-21 15:00:00,0.0,12.3,17.2,140.0,1025.0,5.4,0.051724,73.0
2022-02-21 16:00:00,0.0,13.1,19.1,170.0,1025.0,14.8,0.103448,68.0
2022-02-21 17:00:00,0.0,13.4,20.2,160.0,1025.0,5.4,0.137931,65.0
2022-02-21 18:00:00,0.0,13.9,21.7,200.0,1024.0,11.2,0.12069,61.0
2022-02-21 19:00:00,0.0,13.8,21.9,130.0,1024.0,5.4,0.172414,60.0
2022-02-21 20:00:00,0.0,14.4,21.0,30.0,1023.0,9.4,0.155172,66.0
2022-02-21 21:00:00,0.0,14.9,21.3,360.0,1023.0,13.0,0.206897,67.0
2022-02-21 22:00:00,0.0,15.4,20.4,40.0,1023.0,9.4,0.172414,73.0
2022-02-21 23:00:00,0.0,14.4,21.2,140.0,1024.0,13.0,0.189655,65.0
2022-02-22 00:00:00,0.0,14.6,20.3,150.0,1024.0,13.0,0.189655,70.0
2022-02-22 01:00:00,0.2,15.0,19.6,170.0,1024.0,9.4,0.206897,75.0
2022-02-22 02:00:00,0.0,15.5,18.6,120.0,1024.0,7.6,0.206897,82.0
2022-02-22 03:00:00,0.0,15.3,17.7,100.0,1025.0,7.6,0.189655,86.0
2022-02-22 04:00:00,0.0,15.6,17.4,60.0,1024.0,5.4,0.189655,89.0
2022-02-22 05:00:00,0.0,15.3,15.6,110.0,1024.0,5.4,0.172414,98.0
2022-02-22 06:00:00,0.0,13.8,14.3,80.0,1024.0,11.2,0.137931,92.0
2022-02-22 07:00:00,0.0,14.0,14.6,120.0,1023.0,9.4,0.137931,94.0
2022-02-22 08:00:00,0.0,13.6,14.2,70.0,1023.0,5.4,0.137931,94.0
2022-02-22 09:00:00,0.0,13.6,13.2,0.0,1023.0,0.0,0.12069,93.0
2022-02-22 10:00:00,0.0,13.3,12.7,80.0,1023.0,5.4,0.137931,91.0
2022-02-22 11:00:00,0.0,13.4,11.2,90.0,1023.0,9.4,0.172414,90.0
2022-02-22 12:00:00,0.0,13.3,11.0,110.0,1024.0,5.4,0.224138,89.0
2022-02-22 13:00:00,0.0,16.4,12.6,140.0,1024.0,7.6,0.241379,96.0
2022-02-22 14:00:00,0.0,16.8,17.4,170.0,1024.0,18.4,0.12069,96.0
2022-02-22 15:00:00,0.0,16.3,22.0,170.0,1024.0,24.1,-0.034483,70.0
2022-02-22 16:00:00,0.0,15.4,24.2,180.0,1024.0,24.1,-0.137931,58.0
2022-02-22 17:00:00,0.0,15.8,26.1,180.0,1023.0,25.9,-0.206897,53.0
2022-02-22 18:00:00,0.0,15.7,27.3,180.0,1023.0,27.7,-0.241379,49.0
2022-02-22 19:00:00,0.0,15.3,28.4,190.0,1023.0,14.8,-0.189655,45.0
2022-02-22 20:00:00,0.0,15.2,28.6,210.0,1022.0,22.3,-0.103448,44.0
2022-02-22 21:00:00,0.0,15.1,28.1,220.0,1022.0,7.6,-0.017241,45.0
2022-02-22 22:00:00,0.0,15.1,27.8,170.0,1023.0,14.8,0.034483,46.0
2022-02-22 23:00:00,0.0,15.4,25.7,170.0,1023.0,14.8,0.155172,53.0
2022-02-23 00:00:00,0.0,15.6,22.8,180.0,1024.0,13.0,0.206897,64.0
2022-02-23 01:00:00,0.0,16.0,21.5,170.0,1024.0,13.0,0.224138,71.0
2022-02-23 02:00:00,0.0,16.2,20.4,190.0,1024.0,13.0,0.224138,77.0
2022-02-23 03:00:00,0.0,17.1,19.3,210.0,1024.0,14.8,0.206897,87.0
2022-02-23 04:00:00,0.0,16.6,16.9,230.0,1024.0,9.4,0.189655,98.0
2022-02-23 05:00:00,0.0,15.4,15.5,0.0,1024.0,0.0,0.172414,95.0
2022-02-23 06:00:00,0.0,14.8,15.5,0.0,1023.0,0.0,0.155172,96.0
2022-02-23 07:00:00,0.0,14.8,13.6,0.0,1023.0,0.0,0.137931,95.0
2022-02-23 08:00:00,0.0,14.5,13.7,180.0,1022.0,9.4,0.137931,95.0
2022-02-23 09:00:00,0.0,14.5,15.8,190.0,1023.0,9.4,0.12069,96.0
2022-02-23 10:00:00,0.0,14.5,15.0,210.0,1023.0,5.4,0.12069,96.0
2022-02-23 11:00:00,0.0,14.0,14.7,300.0,1025.0,5.4,0.155172,97.0
2022-02-23 12:00:00,0.0,13.2,15.8,280.0,1025.0,5.4,0.206897,99.0
2022-02-23 13:00:00,0.0,14.8,16.0,210.0,1026.0,5.4,0.241379,99.0
2022-02-23 14:00:00,0.0,15.9,16.6,190.0,1026.0,7.6,0.224138,95.0
2022-02-23 15:00:00,0.0,18.5,17.8,190.0,1026.0,9.4,0.12069,97.0
2022-02-23 16:00:00,0.0,18.9,19.4,210.0,1025.0,14.8,0.051724,97.0
2022-02-23 17:00:00,0.0,17.8,23.1,210.0,1025.0,14.8,-0.086207,72.0
2022-02-23 18:00:00,0.0,17.3,25.4,200.0,1023.0,16.6,-0.206897,61.0
2022-02-23 19:00:00,0.0,15.9,26.9,240.0,1023.0,11.2,-0.172414,51.0
2022-02-23 20:00:00,0.0,16.8,27.5,260.0,1021.0,11.2,-0.137931,52.0
2022-02-23 21:00:00,0.0,17.0,27.1,230.0,1021.0,14.8,-0.068966,54.0
2022-02-23 22:00:00,0.0,16.5,26.9,210.0,1021.0,13.0,0.017241,53.0
2022-02-23 23:00:00,0.0,16.8,25.7,240.0,1022.0,9.4,0.12069,58.0
2022-02-24 00:00:00,0.0,17.1,22.9,220.0,1022.0,9.4,0.224138,70.0
2022-02-24 01:00:00,0.0,17.6,21.8,190.0,1022.0,9.4,0.241379,77.0
2022-02-24 02:00:00,0.0,17.2,20.2,200.0,1023.0,11.2,0.224138,83.0
2022-02-24 03:00:00,0.0,17.5,20.1,200.0,1023.0,13.0,0.206897,85.0
2022-02-24 04:00:00,0.0,17.5,18.3,200.0,1023.0,9.4,0.189655,95.0
2022-02-24 05:00:00,0.0,17.3,17.5,220.0,1023.0,5.4,0.172414,99.0
2022-02-24 06:00:00,0.0,15.5,16.2,0.0,1022.0,0.0,0.155172,98.0
2022-02-24 07:00:00,0.0,14.8,15.3,0.0,1022.0,0.0,0.155172,99.0
2022-02-24 08:00:00,0.0,14.5,13.4,0.0,1022.0,0.0,0.137931,100.0
2022-02-24 09:00:00,0.0,14.3,13.1,150.0,1022.0,5.4,0.103448,100.0
2022-02-24 10:00:00,0.0,14.0,12.5,0.0,1022.0,0.0,0.103448,100.0
2022-02-24 11:00:00,0.0,13.8,12.4,130.0,1022.0,5.4,0.137931,100.0
2022-02-24 12:00:00,0.0,14.1,12.1,0.0,1024.0,0.0,0.189655,100.0
2022-02-24 13:00:00,0.0,13.3,12.8,0.0,1024.0,0.0,0.206897,99.0
2022-02-24 14:00:00,0.0,17.5,16.3,140.0,1024.0,7.6,0.137931,91.0
2022-02-24 15:00:00,0.0,17.3,19.9,140.0,1024.0,11.2,-0.017241,85.0
2022-02-24 16:00:00,0.0,17.4,23.7,140.0,1024.0,14.8,-0.12069,68.0
2022-02-24 17:00:00,0.0,16.7,25.9,190.0,1023.0,14.8,-0.189655,57.0
2022-02-24 18:00:00,0.0,16.2,27.6,210.0,1023.0,18.4,-0.172414,50.0
2022-02-24 19:00:00,0.0,16.0,27.0,200.0,1022.0,20.5,-0.12069,51.0
2022-02-24 20:00:00,0.0,16.4,27.8,210.0,1021.0,16.6,0.068966,50.0
2022-02-24 21:00:00,0.0,16.6,28.0,230.0,1021.0,16.6,0.0,50.0
2022-02-24 22:00:00,0.0,16.6,27.0,230.0,1021.0,22.3,0.103448,53.0
2022-02-24 23:00:00,0.0,16.5,25.4,250.0,1022.0,16.6,0.12069,58.0
2022-02-25 00:00:00,0.0,16.5,22.5,250.0,1022.0,9.4,0.206897,69.0
2022-02-25 01:00:00,0.0,17.0,21.2,220.0,1023.0,7.6,0.224138,77.0
2022-02-25 02:00:00,0.0,16.9,19.9,200.0,1023.0,9.4,0.206897,83.0
2022-02-25 03:00:00,0.0,17.3,19.2,200.0,1023.0,11.2,0.206897,89.0
2022-02-25 04:00:00,0.0,17.3,18.5,200.0,1023.0,9.4,0.172414,93.0
2022-02-25 05:00:00,0.0,17.0,18.0,200.0,1023.0,5.4,0.155172,94.0
2022-02-25 06:00:00,0.0,16.3,16.8,260.0,1023.0,7.6,0.137931,95.0
2022-02-25 07:00:00,0.0,15.9,15.9,230.0,1023.0,5.4,0.12069,96.0
2022-02-25 08:00:00,0.0,15.3,14.2,0.0,1022.0,0.0,0.12069,97.0
2022-02-25 09:00:00,0.0,14.9,12.8,200.0,1022.0,5.4,0.12069,98.0
2022-02-25 10:00:00,0.0,14.9,12.5,0.0,1022.0,0.0,0.12069,99.0
2022-02-25 11:00:00,0.0,14.7,11.9,230.0,1024.0,5.4,0.137931,99.0
2022-02-25 12:00:00,0.0,14.7,12.9,310.0,1024.0,9.4,0.189655,100.0
2022-02-25 13:00:00,0.0,15.1,15.6,250.0,1025.0,9.4,0.206897,98.0
2022-02-25 14:00:00,0.0,15.8,16.4,240.0,1026.0,11.2,0.189655,98.0
2022-02-25 15:00:00,0.0,16.0,16.7,310.0,1026.0,14.8,0.172414,94.0
2022-02-25 16:00:00,0.0,18.6,17.9,0.0,1026.0,0.0,0.051724,86.0
2022-02-25 17:00:00,0.1,18.4,20.8,220.0,1025.0,7.6,-0.034483,86.0
2022-02-25 18:00:00,0.1,18.0,24.8,250.0,1024.0,14.8,-0.155172,66.0
2022-02-25 19:00:00,0.1,18.3,24.8,240.0,1024.0,14.8,-0.155172,67.0
2022-02-25 20:00:00,0.2,18.5,25.8,260.0,1023.0,11.2,-0.103448,64.0
2022-02-25 21:00:00,0.1,18.2,25.5,260.0,1023.0,9.4,-0.017241,64.0
2022-02-25 22:00:00,0.0,18.1,26.2,240.0,1023.0,9.4,0.034483,61.0
2022-02-25 23:00:00,0.0,18.4,25.5,260.0,1024.0,7.6,0.12069,65.0
2022-02-26 00:00:00,0.0,18.5,23.2,310.0,1024.0,18.4,0.172414,75.0
2022-02-26 01:00:00,0.0,16.9,21.1,340.0,1025.0,22.3,0.189655,77.0
2022-02-26 02:00:00,0.1,16.6,19.4,360.0,1025.0,13.0,0.172414,84.0
2022-02-26 03:00:00,0.0,16.5,18.7,330.0,1026.0,9.4,0.172414,87.0
2022-02-26 04:00:00,0.0,16.1,18.3,330.0,1026.0,13.0,0.155172,87.0
2022-02-26 05:00:00,0.0,15.3,17.3,340.0,1026.0,14.8,0.155172,88.0
2022-02-26 06:00:00,0.0,14.1,15.4,330.0,1026.0,9.4,0.12069,92.0
2022-02-26 07:00:00,0.0,13.3,13.8,320.0,1026.0,11.2,0.12069,97.0
2022-02-26 08:00:00,0.0,12.5,13.6,340.0,1025.0,13.0,0.12069,93.0
2022-02-26 09:00:00,0.0,10.1,12.6,350.0,1026.0,13.0,0.103448,85.0
2022-02-26 10:00:00,0.0,9.8,11.9,350.0,1026.0,11.2,0.103448,87.0
2022-02-26 11:00:00,0.0,9.6,11.2,350.0,1026.0,9.4,0.12069,90.0
2022-02-26 12:00:00,0.0,9.0,10.6,10.0,1027.0,9.4,0.12069,90.0
2022-02-26 13:00:00,0.0,8.9,11.3,10.0,1028.0,9.4,0.103448,85.0
2022-02-26 14:00:00,0.0,8.0,13.4,10.0,1028.0,14.8,0.0,70.0
2022-02-26 15:00:00,0.0,7.2,15.4,30.0,1028.0,11.2,-0.137931,58.0
2022-02-26 16:00:00,0.0,7.7,17.7,50.0,1027.0,11.2,-0.258621,52.0
2022-02-26 17:00:00,0.0,7.7,20.4,30.0,1026.0,9.4,-0.327586,44.0
2022-02-26 18:00:00,0.0,8.2,22.1,310.0,1025.0,7.6,-0.344828,41.0
2022-02-26 19:00:00,0.0,9.4,23.8,20.0,1024.0,5.4,-0.344828,40.0
2022-02-26 20:00:00,0.0,10.2,24.7,330.0,1024.0,11.2,-0.310345,40.0
2022-02-26 21:00:00,0.0,10.1,25.5,20.0,1023.0,9.4,-0.206897,38.0
2022-02-26 22:00:00,0.0,10.3,25.2,330.0,1024.0,9.4,-0.103448,39.0
2022-02-26 23:00:00,0.0,9.0,24.2,350.0,1024.0,14.8,0.068966,38.0
2022-02-27 00:00:00,0.0,8.5,20.9,350.0,1024.0,9.4,0.172414,45.0
2022-02-27 01:00:00,0.0,9.6,18.8,10.0,1024.0,9.4,0.172414,55.0
2022-02-27 02:00:00,0.0,9.9,18.0,20.0,1024.0,9.4,0.172414,59.0
2022-02-27 03:00:00,0.0,9.1,16.9,30.0,1024.0,5.4,0.155172,60.0
2022-02-27 04:00:00,0.0,9.4,14.6,150.0,1024.0,5.4,0.155172,71.0
2022-02-27 05:00:00,0.0,10.7,14.3,0.0,1023.0,0.0,0.137931,79.0
2022-02-27 06:00:00,0.0,11.1,13.2,0.0,1023.0,0.0,0.12069,87.0
2022-02-27 07:00:00,0.0,10.7,12.0,0.0,1022.0,0.0,0.12069,92.0
2022-02-27 08:00:00,0.0,10.3,11.9,0.0,1022.0,0.0,0.103448,90.0
2022-02-27 09:00:00,0.0,10.5,11.1,0.0,1021.0,0.0,0.103448,96.0
2022-02-27 10:00:00,0.0,10.1,10.3,320.0,1021.0,7.6,0.103448,99.0
2022-02-27 11:00:00,0.0,9.5,9.5,0.0,1021.0,0.0,0.12069,100.0
2022-02-27 12:00:00,0.0,10.4,8.8,150.0,1022.0,9.4,0.12069,96.0
2022-02-27 13:00:00,0.0,10.8,11.4,0.0,1022.0,0.0,0.12069,96.0
2022-02-27 14:00:00,0.0,10.9,14.9,350.0,1022.0,5.4,0.068966,77.0
2022-02-27 15:00:00,0.0,9.0,19.1,300.0,1022.0,7.6,-0.103448,52.0
2022-02-27 16:00:00,0.0,10.2,21.7,240.0,1021.0,7.6,-0.241379,48.0
2022-02-27 17:00:00,0.0,10.1,25.0,250.0,1021.0,16.6,-0.310345,39.0
2022-02-27 18:00:00,0.0,11.4,26.0,210.0,1019.0,18.4,-0.327586,40.0
2022-02-27 19:00:00,0.0,11.9,26.6,260.0,1018.0,11.2,-0.224138,40.0
2022-02-27 20:00:00,0.0,12.5,26.9,290.0,1018.0,14.8,-0.189655,41.0
2022-02-27 21:00:00,0.0,13.1,25.9,290.0,1017.0,18.4,0.051724,45.0
2022-02-27 22:00:00,0.0,12.3,25.4,310.0,1017.0,24.1,0.086207,44.0
2022-02-27 23:00:00,0.2,11.5,22.8,330.0,1018.0,22.3,0.137931,49.0
2022-02-28 00:00:00,0.0,11.7,20.5,330.0,1019.0,16.6,0.189655,57.0
2022-02-28 01:00:00,0.1,14.1,19.0,320.0,1019.0,20.5,0.206897,73.0
2022-02-28 02:00:00,1.6,15.2,17.0,340.0,1020.0,11.2,0.206897,89.0
2022-02-28 03:00:00,0.6,14.3,16.1,340.0,1020.0,14.8,0.189655,89.0
2022-02-28 04:00:00,0.0,14.7,15.0,350.0,1020.0,7.6,0.172414,98.0
2022-02-28 05:00:00,0.0,14.4,14.9,340.0,1020.0,13.0,0.155172,97.0
2022-02-28 06:00:00,0.0,12.0,14.0,360.0,1020.0,14.8,0.155172,88.0
2022-02-28 07:00:00,0.0,11.2,13.7,340.0,1019.0,16.6,0.12069,85.0
2022-02-28 08:00:00,0.0,10.8,13.3,340.0,1019.0,16.6,0.12069,85.0
2022-02-28 09:00:00,0.0,11.1,13.0,350.0,1019.0,22.3,0.12069,88.0
2022-02-28 10:00:00,0.0,11.4,12.5,350.0,1019.0,13.0,0.12069,93.0
2022-02-28 11:00:00,0.0,11.6,12.2,330.0,1019.0,18.4,0.155172,96.0
2022-02-28 12:00:00,0.0,9.6,11.4,340.0,1020.0,13.0,0.206897,85.0
2022-02-28 13:00:00,0.2,9.3,11.7,360.0,1021.0,13.0,0.241379,84.0
2022-02-28 14:00:00,0.5,9.8,11.9,30.0,1021.0,18.4,0.241379,87.0
2022-02-28 15:00:00,0.4,12.1,12.7,50.0,1022.0,14.8,0.189655,94.0
2022-02-28 16:00:00,0.1,12.1,13.0,30.0,1021.0,14.8,0.189655,94.0
2022-02-28 17:00:00,0.0,12.0,13.4,50.0,1021.0,18.4,0.189655,91.0
2022-02-28 18:00:00,0.0,11.6,12.9,30.0,1021.0,22.3,0.206897,92.0
2022-02-28 19:00:00,0.0,11.9,13.5,30.0,1020.0,16.6,0.172414,90.0
2022-02-28 20:00:00,0.0,11.4,13.2,30.0,1020.0,22.3,0.189655,89.0
2022-02-28 21:00:00,0.0,11.0,13.5,10.0,1020.0,16.6,0.155172,85.0
2022-02-28 22:00:00,0.0,11.0,13.7,50.0,1020.0,13.0,0.12069,84.0
2022-02-28 23:00:00,0.0,10.7,14.1,40.0,1020.0,13.0,0.12069,80.0
2022-03-01 00:00:00,0.0,10.3,12.8,80.0,1020.0,7.6,0.189655,85.0
2022-03-01 01:00:00,0.0,10.6,11.1,150.0,1020.0,5.4,0.258621,97.0
2022-03-01 02:00:00,0.0,2.5,10.0,0.0,1020.0,0.0,0.241379,50.0
2022-03-01 03:00:00,0.0,9.1,10.0,0.0,1021.0,0.0,0.241379,94.0
2022-03-01 04:00:00,0.0,0.7,9.0,0.0,1021.0,0.0,0.206897,51.0
2022-03-01 05:00:00,0.0,0.3,9.1,0.0,1021.0,0.0,0.206897,55.0
2022-03-01 06:00:00,0.0,0.1,8.3,0.0,1021.0,0.0,0.189655,56.0
2022-03-01 07:00:00,0.0,-0.7,8.1,350.0,1021.0,5.4,0.189655,55.0
2022-03-01 08:00:00,0.0,-1.4,7.0,0.0,1020.0,0.0,0.189655,55.0
2022-03-01 09:00:00,0.0,-2.6,6.9,0.0,1021.0,0.0,0.155172,52.0
2022-03-01 10:00:00,0.0,-3.1,6.7,0.0,1021.0,0.0,0.172414,52.0
2022-03-01 11:00:00,0.0,-3.6,5.8,0.0,1022.0,0.0,0.206897,51.0
2022-03-01 12:00:00,0.0,-3.8,5.0,0.0,1022.0,0.0,0.275862,52.0
2022-03-01 13:00:00,0.0,8.4,5.5,0.0,1023.0,0.0,0.293103,90.0
2022-03-01 14:00:00,0.0,8.5,10.1,30.0,1023.0,11.2,0.155172,90.0
2022-03-01 15:00:00,0.0,6.3,14.2,30.0,1023.0,7.6,0.034483,59.0
2022-03-01 16:00:00,0.0,4.1,16.7,80.0,1022.0,13.0,-0.12069,43.0
2022-03-01 17:00:00,0.0,1.4,18.9,30.0,1022.0,18.4,-0.137931,31.0
2022-03-01 18:00:00,0.0,2.6,19.3,350.0,1021.0,13.0,-0.258621,33.0
2022-03-01 19:00:00,0.0,3.5,20.3,20.0,1020.0,9.4,-0.206897,33.0
2022-03-01 20:00:00,0.0,3.7,21.6,10.0,1020.0,13.0,-0.241379,31.0
2022-03-01 21:00:00,0.0,3.5,21.9,340.0,1019.0,18.4,-0.155172,30.0
2022-03-01 22:00:00,0.0,3.1,21.4,340.0,1020.0,5.4,-0.051724,30.0
2022-03-01 23:00:00,0.0,3.1,20.9,330.0,1020.0,9.4,0.051724,31.0
2022-03-02 00:00:00,0.0,3.8,18.4,0.0,1020.0,0.0,0.172414,38.0
2022-03-02 01:00:00,0.0,5.6,13.5,0.0,1021.0,0.0,0.206897,59.0
2022-03-02 02:00:00,0.0,5.9,11.2,230.0,1021.0,7.6,0.206897,70.0
2022-03-02 03:00:00,0.0,5.4,10.7,0.0,1021.0,0.0,0.189655,70.0
2022-03-02 04:00:00,0.0,5.6,9.2,0.0,1021.0,0.0,0.189655,78.0
2022-03-02 05:00:00,0.0,5.5,9.7,0.0,1021.0,0.0,0.172414,75.0
2022-03-02 06:00:00,0.0,5.3,8.6,0.0,1021.0,0.0,0.155172,80.0
2022-03-02 07:00:00,0.0,5.3,6.7,210.0,1021.0,7.6,0.155172,91.0
2022-03-02 08:00:00,0.0,4.6,5.6,0.0,1021.0,0.0,0.155172,93.0
2022-03-02 09:00:00,0.0,4.3,4.7,0.0,1021.0,0.0,0.137931,97.0
2022-03-02 10:00:00,0.0,3.6,4.2,0.0,1022.0,0.0,0.155172,96.0
2022-03-02 11:00:00,0.0,3.4,3.5,0.0,1022.0,0.0,0.206897,99.0
2022-03-02 12:00:00,0.0,3.0,3.6,0.0,1023.0,0.0,0.258621,96.0
2022-03-02 13:00:00,0.0,5.7,5.8,320.0,1023.0,5.4,0.293103,99.0
2022-03-02 14:00:00,0.0,5.0,11.1,0.0,1024.0,0.0,0.12069,66.0
2022-03-02 15:00:00,0.0,2.7,16.0,50.0,1023.0,7.6,-0.034483,41.0
2022-03-02 16:00:00,0.0,1.4,19.4,70.0,1023.0,7.6,-0.155172,30.0
2022-03-02 17:00:00,0.0,0.8,21.7,40.0,1022.0,11.2,-0.241379,25.0
2022-03-02 18:00:00,0.0,-1.7,22.4,50.0,1022.0,9.4,-0.293103,20.0
2022-03-02 19:00:00,0.0,-1.7,23.2,350.0,1021.0,5.4,-0.258621,19.0
2022-03-02 20:00:00,0.0,-1.7,24.1,290.0,1020.0,7.6,-0.224138,18.0
2022-03-02 21:00:00,0.0,-2.0,24.7,240.0,1020.0,9.4,-0.137931,17.0
2022-03-02 22:00:00,0.0,-1.3,24.6,230.0,1020.0,7.6,-0.051724,18.0
2022-03-02 23:00:00,0.0,-0.8,23.5,250.0,1020.0,7.6,0.051724,20.0
2022-03-03 00:00:00,0.0,1.5,19.6,230.0,1021.0,7.6,0.172414,30.0
2022-03-03 01:00:00,0.0,2.4,14.2,0.0,1021.0,0.0,0.206897,45.0
2022-03-03 02:00:00,0.0,2.8,13.3,0.0,1022.0,0.0,0.206897,49.0
2022-03-03 03:00:00,0.0,3.2,12.0,0.0,1022.0,0.0,0.206897,55.0
2022-03-03 04:00:00,0.0,4.5,12.5,240.0,1022.0,11.2,0.189655,58.0
2022-03-03 05:00:00,0.0,4.1,10.9,240.0,1022.0,5.4,0.172414,63.0
2022-03-03 06:00:00,0.0,3.9,10.9,230.0,1022.0,7.6,0.155172,62.0
2022-03-03 07:00:00,0.0,4.7,8.7,220.0,1021.0,5.4,0.155172,76.0
2022-03-03 08:00:00,0.0,4.5,7.0,190.0,1021.0,5.4,0.155172,84.0
2022-03-03 09:00:00,0.0,3.9,6.4,180.0,1021.0,7.6,0.137931,84.0
2022-03-03 10:00:00,0.0,4.3,5.3,220.0,1022.0,5.4,0.155172,93.0
2022-03-03 11:00:00,0.0,4.3,5.3,0.0,1023.0,0.0,0.189655,93.0
2022-03-03 12:00:00,0.0,4.6,5.3,0.0,1023.0,0.0,0.258621,95.0
2022-03-03 13:00:00,0.0,5.9,6.6,0.0,1024.0,0.0,0.275862,95.0
2022-03-03 14:00:00,0.0,6.1,12.5,0.0,1024.0,0.0,0.103448,65.0
2022-03-03 15:00:00,0.0,4.8,17.2,0.0,1024.0,0.0,0.0,44.0
2022-03-03 16:00:00,0.0,4.4,20.8,30.0,1024.0,7.6,-0.155172,34.0
2022-03-03 17:00:00,0.0,3.2,23.9,50.0,1023.0,9.4,-0.206897,26.0
2022-03-03 18:00:00,0.0,1.1,24.9,310.0,1022.0,13.0,-0.258621,21.0
2022-03-03 19:00:00,0.0,1.2,25.0,340.0,1022.0,7.6,-0.241379,21.0
2022-03-03 20:00:00,0.0,0.1,26.3,270.0,1021.0,5.4,-0.155172,18.0
2022-03-03 21:00:00,0.0,0.4,25.8,310.0,1021.0,13.0,0.017241,19.0
2022-03-03 22:00:00,0.0,0.6,26.0,290.0,1021.0,9.4,-0.034483,19.0
2022-03-03 23:00:00,0.0,1.9,23.7,290.0,1021.0,7.6,0.086207,24.0
2022-03-04 00:00:00,0.0,3.6,20.9,0.0,1021.0,0.0,0.189655,32.0
2022-03-04 01:00:00,0.0,3.7,15.9,0.0,1022.0,0.0,0.206897,44.0
2022-03-04 02:00:00,0.0,5.7,13.3,220.0,1022.0,9.4,0.206897,60.0
2022-03-04 03:00:00,0.0,4.1,16.0,220.0,1023.0,11.2,0.189655,45.0
2022-03-04 04:00:00,0.0,4.4,13.8,230.0,1023.0,7.6,0.189655,53.0
2022-03-04 05:00:00,0.0,5.0,11.1,0.0,1023.0,0.0,0.172414,66.0
2022-03-04 06:00:00,0.0,4.8,11.6,230.0,1023.0,11.2,0.137931,63.0
2022-03-04 07:00:00,0.0,5.3,9.9,220.0,1023.0,7.6,0.12069,73.0
2022-03-04 08:00:00,0.0,5.5,10.3,0.0,1023.0,0.0,0.12069,72.0
2022-03-04 09:00:00,0.0,5.3,8.7,0.0,1023.0,0.0,0.12069,79.0
2022-03-04 10:00:00,0.0,5.4,6.4,0.0,1024.0,0.0,0.137931,93.0
2022-03-04 11:00:00,0.0,5.6,6.2,0.0,1024.0,0.0,0.172414,96.0
2022-03-04 12:00:00,0.0,5.0,5.4,80.0,1025.0,5.4,0.241379,97.0
2022-03-04 13:00:00,0.0,6.6,7.5,0.0,1026.0,0.0,0.258621,94.0
2022-03-04 14:00:00,0.0,8.7,13.4,0.0,1026.0,0.0,0.103448,73.0
2022-03-04 15:00:00,0.0,6.4,19.3,70.0,1026.0,7.6,-0.051724,43.0
2022-03-04 16:00:00,0.0,4.1,23.7,70.0,1026.0,13.0,-0.155172,28.0
2022-03-04 17:00:00,0.0,3.1,25.8,120.0,1025.0,9.4,-0.224138,23.0
2022-03-04 18:00:00,0.0,2.6,27.6,120.0,1025.0,14.8,-0.258621,20.0
2022-03-04 19:00:00,0.0,1.6,28.2,240.0,1023.0,13.0,-0.241379,18.0
2022-03-04 20:00:00,0.0,1.0,28.4,150.0,1023.0,5.4,-0.241379,17.0
2022-03-04 21:00:00,0.0,1.5,29.0,150.0,1023.0,18.4,-0.172414,17.0
2022-03-04 22:00:00,0.0,2.0,28.6,190.0,1023.0,13.0,-0.051724,18.0
2022-03-04 23:00:00,0.0,5.0,26.7,190.0,1023.0,14.8,0.051724,25.0
2022-03-05 00:00:00,0.0,5.4,22.5,200.0,1024.0,11.2,0.155172,33.0
2022-03-05 01:00:00,0.0,6.2,20.6,200.0,1024.0,9.4,0.189655,39.0
2022-03-05 02:00:00,0.0,6.8,19.4,200.0,1025.0,9.4,0.189655,44.0
2022-03-05 03:00:00,0.0,7.2,16.0,0.0,1025.0,0.0,0.172414,56.0
2022-03-05 04:00:00,0.0,7.4,15.4,270.0,1025.0,5.4,0.155172,59.0
2022-03-05 05:00:00,0.0,8.0,12.1,100.0,1025.0,20.5,0.155172,76.0
2022-03-05 06:00:00,0.0,7.9,13.5,0.0,1025.0,0.0,0.137931,69.0
2022-03-05 07:00:00,0.0,8.5,12.8,140.0,1025.0,9.4,0.137931,75.0
2022-03-05 08:00:00,0.0,10.4,12.9,110.0,1025.0,7.6,0.12069,85.0
2022-03-05 09:00:00,0.0,11.2,12.1,120.0,1025.0,11.2,0.12069,94.0
2022-03-05 10:00:00,0.0,12.0,12.2,110.0,1025.0,9.4,0.12069,99.0
2022-03-05 11:00:00,0.0,12.3,11.0,90.0,1026.0,11.2,0.12069,95.0
2022-03-05 12:00:00,0.0,12.0,12.6,100.0,1026.0,11.2,0.137931,95.0
2022-03-05 13:00:00,0.0,12.9,13.5,100.0,1027.0,11.2,0.155172,91.0
2022-03-05 14:00:00,0.0,15.2,15.2,110.0,1028.0,13.0,0.051724,74.0
2022-03-05 15:00:00,0.0,14.7,19.5,130.0,1028.0,14.8,-0.12069,74.0
2022-03-05 16:00:00,0.0,14.8,21.9,130.0,1027.0,18.4,-0.241379,64.0
2022-03-05 17:00:00,0.0,13.8,24.9,140.0,1027.0,16.6,-0.310345,50.0
2022-03-05 18:00:00,0.0,12.5,26.1,180.0,1026.0,20.5,-0.327586,43.0
2022-03-05 19:00:00,0.0,12.0,27.2,150.0,1025.0,22.3,-0.327586,39.0
2022-03-05 20:00:00,0.0,11.1,28.0,180.0,1024.0,22.3,-0.275862,35.0
2022-03-05 21:00:00,0.0,8.4,28.1,170.0,1024.0,16.6,-0.189655,29.0
2022-03-05 22:00:00,0.0,6.7,28.0,160.0,1024.0,25.9,-0.068966,26.0
2022-03-05 23:00:00,0.0,8.2,25.7,180.0,1024.0,20.5,0.051724,33.0
2022-03-06 00:00:00,0.0,9.6,22.8,190.0,1024.0,13.0,0.155172,43.0
2022-03-06 01:00:00,0.0,9.7,21.1,210.0,1025.0,5.4,0.172414,48.0
2022-03-06 02:00:00,0.0,9.8,19.1,190.0,1025.0,7.6,0.172414,55.0
2022-03-06 03:00:00,0.0,9.9,17.0,200.0,1025.0,5.4,0.172414,63.0
2022-03-06 04:00:00,0.0,10.8,15.2,0.0,1025.0,0.0,0.155172,75.0
2022-03-06 05:00:00,0.0,10.9,13.9,0.0,1025.0,0.0,0.137931,82.0
2022-03-06 06:00:00,0.0,11.2,13.5,120.0,1025.0,13.0,0.12069,86.0
2022-03-06 07:00:00,0.0,11.7,14.9,150.0,1025.0,11.2,0.12069,81.0
2022-03-06 08:00:00,0.0,11.7,13.7,130.0,1025.0,7.6,0.12069,88.0
2022-03-06 09:00:00,0.0,13.2,14.2,0.0,1025.0,0.0,0.103448,94.0
2022-03-06 10:00:00,0.0,12.1,13.5,80.0,1025.0,5.4,0.103448,91.0
2022-03-06 11:00:00,0.0,12.0,12.5,80.0,1025.0,5.4,0.12069,97.0
2022-03-06 12:00:00,0.0,14.1,12.8,110.0,1026.0,5.4,0.12069,92.0
2022-03-06 13:00:00,0.0,17.4,15.6,130.0,1026.0,7.6,0.086207,80.0
2022-03-06 14:00:00,0.0,17.0,20.6,160.0,1026.0,16.6,-0.051724,80.0
2022-03-06 15:00:00,0.0,17.0,23.5,170.0,1026.0,22.3,-0.172414,67.0
2022-03-06 16:00:00,0.0,16.5,25.4,170.0,1026.0,25.9,-0.258621,58.0
2022-03-06 17:00:00,0.0,15.4,25.4,180.0,1025.0,22.3,-0.327586,54.0
2022-03-06 18:00:00,0.0,14.4,27.8,150.0,1024.0,22.3,-0.293103,44.0
2022-03-06 19:00:00,0.0,14.5,27.9,150.0,1023.0,24.1,-0.206897,44.0
2022-03-06 20:00:00,0.0,13.9,28.8,180.0,1022.0,22.3,-0.137931,40.0
2022-03-06 21:00:00,0.0,14.2,29.2,210.0,1022.0,18.4,-0.172414,40.0
2022-03-06 22:00:00,0.0,14.4,27.8,180.0,1022.0,22.3,0.034483,44.0
2022-03-06 23:00:00,0.0,14.4,25.6,190.0,1022.0,22.3,0.137931,50.0
2022-03-07 00:00:00,0.0,14.1,23.1,170.0,1023.0,11.2,0.206897,57.0
2022-03-07 01:00:00,0.0,15.2,22.1,200.0,1023.0,9.4,0.206897,65.0
2022-03-07 02:00:00,0.0,15.2,21.1,190.0,1022.0,9.4,0.224138,69.0
2022-03-07 03:00:00,0.0,15.1,20.8,200.0,1022.0,7.6,0.206897,70.0
2022-03-07 04:00:00,0.0,15.6,19.3,0.0,1022.0,0.0,0.189655,79.0
2022-03-07 05:00:00,0.0,15.7,17.4,0.0,1021.0,0.0,0.155172,90.0
2022-03-07 06:00:00,0.0,15.0,15.6,150.0,1021.0,7.6,0.137931,96.0
2022-03-07 07:00:00,0.0,14.8,15.1,150.0,1020.0,9.4,0.12069,98.0
2022-03-07 08:00:00,0.0,14.8,15.4,160.0,1020.0,11.2,0.12069,96.0
2022-03-07 09:00:00,0.0,14.6,15.7,140.0,1020.0,11.2,0.103448,93.0
2022-03-07 10:00:00,0.0,14.6,15.7,150.0,1019.0,11.2,0.12069,93.0
2022-03-07 11:00:00,0.0,14.5,15.3,140.0,1020.0,11.2,0.155172,95.0
2022-03-07 12:00:00,0.0,15.0,15.8,150.0,1020.0,5.4,0.189655,95.0
2022-03-07 13:00:00,0.0,15.8,18.0,170.0,1021.0,11.2,0.206897,87.0
2022-03-07 14:00:00,0.0,17.2,21.8,190.0,1021.0,16.6,0.103448,75.0
2022-03-07 15:00:00,0.0,18.3,23.9,210.0,1021.0,24.1,0.068966,71.0
2022-03-07 16:00:00,0.0,18.7,26.0,220.0,1021.0,22.3,-0.034483,64.0
2022-03-07 17:00:00,0.0,18.1,27.4,230.0,1020.0,24.1,-0.017241,57.0
2022-03-07 18:00:00,0.0,17.5,28.6,220.0,1019.0,25.9,0.051724,51.0
2022-03-07 19:00:00,0.0,18.3,27.0,260.0,1018.0,20.5,0.017241,59.0
2022-03-07 20:00:00,0.0,20.8,25.3,190.0,1017.0,22.3,-0.051724,76.0
2022-03-07 21:00:00,0.0,21.0,26.2,190.0,1017.0,14.8,-0.017241,73.0
2022-03-07 22:00:00,0.0,19.1,26.2,220.0,1017.0,22.3,0.017241,65.0
2022-03-07 23:00:00,0.0,19.7,24.9,190.0,1018.0,18.4,0.137931,73.0
2022-03-08 00:00:00,0.0,20.4,23.1,200.0,1018.0,14.8,0.224138,85.0
2022-03-08 01:00:00,0.0,20.6,22.1,200.0,1018.0,14.8,0.258621,91.0
2022-03-08 02:00:00,0.0,20.4,20.9,200.0,1018.0,11.2,0.241379,97.0
2022-03-08 03:00:00,0.0,20.0,20.2,200.0,1018.0,9.4,0.224138,99.0
2022-03-08 04:00:00,0.0,19.3,20.1,210.0,1018.0,9.4,0.206897,93.0
2022-03-08 05:00:00,0.0,19.5,20.0,200.0,1018.0,7.6,0.189655,93.0
2022-03-08 06:00:00,0.0,19.6,20.0,210.0,1018.0,7.6,0.172414,93.0
2022-03-08 07:00:00,0.0,19.7,19.7,190.0,1017.0,5.4,0.155172,95.0
2022-03-08 08:00:00,0.1,19.6,20.0,220.0,1017.0,9.4,0.155172,95.0
2022-03-08 09:00:00,0.1,19.5,20.0,250.0,1017.0,9.4,0.137931,94.0
2022-03-08 10:00:00,0.0,19.5,19.8,0.0,1017.0,0.0,0.137931,94.0
2022-03-08 11:00:00,0.0,19.5,19.7,160.0,1017.0,7.6,0.155172,95.0
2022-03-08 12:00:00,0.1,19.5,19.7,170.0,1018.0,7.6,0.206897,98.0
2022-03-08 13:00:00,0.0,21.3,19.7,0.0,1018.0,0.0,0.241379,96.0
2022-03-08 14:00:00,0.1,21.1,21.8,0.0,1018.0,0.0,0.241379,96.0
2022-03-08 15:00:00,0.1,19.9,23.8,170.0,1018.0,7.6,0.172414,79.0
2022-03-08 16:00:00,0.1,19.5,25.4,220.0,1018.0,14.8,0.017241,70.0
2022-03-08 17:00:00,0.2,19.2,25.5,150.0,1016.0,18.4,-0.051724,68.0
2022-03-08 18:00:00,0.1,19.0,26.6,170.0,1016.0,24.1,-0.051724,63.0
2022-03-08 19:00:00,0.1,18.1,27.7,180.0,1014.0,22.3,-0.017241,56.0
2022-03-08 20:00:00,0.1,17.2,28.3,200.0,1013.0,14.8,-0.051724,51.0
2022-03-08 21:00:00,0.1,16.8,28.2,200.0,1013.0,20.5,0.017241,50.0
2022-03-08 22:00:00,0.0,18.0,27.3,190.0,1013.0,27.7,0.137931,57.0
2022-03-08 23:00:00,0.0,19.1,25.2,180.0,1013.0,24.1,0.224138,69.0
2022-03-09 00:00:00,0.0,19.7,23.3,190.0,1014.0,18.4,0.241379,80.0
2022-03-09 01:00:00,0.0,20.0,21.9,190.0,1014.0,13.0,0.241379,89.0
2022-03-09 02:00:00,0.0,20.1,20.8,170.0,1014.0,13.0,0.241379,96.0
2022-03-09 03:00:00,0.0,20.0,20.2,190.0,1014.0,11.2,0.224138,99.0
2022-03-09 04:00:00,0.0,19.2,19.6,190.0,1014.0,13.0,0.206897,97.0
2022-03-09 05:00:00,0.0,19.2,19.8,210.0,1013.0,7.6,0.189655,95.0
2022-03-09 06:00:00,0.0,19.8,19.9,180.0,1013.0,13.0,0.155172,99.0
2022-03-09 07:00:00,0.0,20.3,20.5,190.0,1012.0,14.8,0.155172,99.0
2022-03-09 08:00:00,0.0,20.3,20.6,210.0,1012.0,11.2,0.155172,98.0
2022-03-09 09:00:00,0.0,20.4,20.9,200.0,1011.0,11.2,0.12069,97.0
2022-03-09 10:00:00,0.1,20.5,20.7,170.0,1011.0,13.0,0.12069,99.0
2022-03-09 11:00:00,0.2,20.7,21.0,170.0,1011.0,20.5,0.155172,98.0
2022-03-09 12:00:00,0.5,21.0,21.0,180.0,1012.0,31.7,0.224138,100.0
2022-03-09 13:00:00,2.0,19.6,21.1,200.0,1012.0,22.3,0.241379,93.0
2022-03-09 14:00:00,1.2,21.0,21.3,180.0,1013.0,24.1,0.258621,100.0
2022-03-09 15:00:00,0.3,21.0,21.3,210.0,1013.0,18.4,0.241379,98.0
2022-03-09 16:00:00,0.3,19.8,21.2,210.0,1013.0,16.6,0.172414,92.0
2022-03-09 17:00:00,0.1,19.4,20.6,210.0,1013.0,20.5,0.189655,93.0
2022-03-09 18:00:00,0.1,20.3,20.5,210.0,1012.0,16.6,0.241379,99.0
2022-03-09 19:00:00,0.8,18.1,20.0,210.0,1013.0,11.2,0.241379,76.0
2022-03-09 20:00:00,2.0,18.0,17.5,300.0,1013.0,25.9,0.206897,88.0
2022-03-09 21:00:00,1.4,15.8,16.3,320.0,1012.0,24.1,0.206897,99.0
2022-03-09 22:00:00,0.7,16.0,16.2,360.0,1014.0,7.6,0.206897,99.0
2022-03-09 23:00:00,0.5,15.3,15.5,360.0,1014.0,11.2,0.172414,99.0
2022-03-10 00:00:00,0.2,14.7,14.9,350.0,1014.0,5.4,0.189655,99.0
2022-03-10 01:00:00,0.5,16.6,14.9,340.0,1015.0,11.2,0.189655,94.0
2022-03-10 02:00:00,0.4,16.4,14.5,300.0,1016.0,5.4,0.189655,93.0
2022-03-10 03:00:00,1.3,15.6,14.2,310.0,1016.0,7.6,0.189655,94.0
2022-03-10 04:00:00,1.3,15.7,13.7,110.0,1016.0,7.6,0.172414,94.0
2022-03-10 05:00:00,1.5,15.2,13.9,190.0,1014.0,9.4,0.155172,94.0
2022-03-10 06:00:00,0.8,14.6,14.1,70.0,1013.0,9.4,0.155172,93.0
2022-03-10 07:00:00,0.3,14.4,14.3,100.0,1013.0,5.4,0.137931,94.0
2022-03-10 08:00:00,0.0,14.3,14.5,320.0,1014.0,18.4,0.137931,97.0
2022-03-10 09:00:00,0.0,14.1,14.4,10.0,1014.0,9.4,0.103448,98.0
2022-03-10 10:00:00,0.2,13.9,14.4,350.0,1015.0,11.2,0.12069,97.0
2022-03-10 11:00:00,0.2,13.7,13.8,360.0,1015.0,14.8,0.155172,95.0
2022-03-10 12:00:00,0.5,13.8,14.0,140.0,1017.0,5.4,0.206897,95.0
2022-03-10 13:00:00,0.5,14.3,14.1,340.0,1016.0,9.4,0.241379,93.0
2022-03-10 14:00:00,3.0,14.8,14.6,60.0,1017.0,5.4,0.206897,89.0
2022-03-10 15:00:00,0.1,15.4,15.2,110.0,1017.0,7.6,0.206897,84.0
2022-03-10 16:00:00,0.0,17.0,16.0,20.0,1017.0,9.4,0.189655,100.0
2022-03-10 17:00:00,0.7,17.0,16.9,50.0,1017.0,11.2,0.189655,100.0
2022-03-10 18:00:00,1.0,17.7,17.2,50.0,1016.0,9.4,0.12069,98.0
2022-03-10 19:00:00,0.0,17.7,18.0,70.0,1015.0,9.4,0.086207,98.0
2022-03-10 20:00:00,0.0,17.7,19.4,50.0,1015.0,7.6,0.086207,90.0
2022-03-10 21:00:00,0.0,17.1,20.1,70.0,1015.0,9.4,0.068966,83.0
2022-03-10 22:00:00,0.0,17.1,20.5,140.0,1015.0,5.4,0.017241,81.0
2022-03-10 23:00:00,0.0,16.9,20.7,120.0,1016.0,9.4,0.068966,79.0
2022-03-11 00:00:00,0.0,17.6,19.6,140.0,1016.0,5.4,0.172414,88.0
2022-03-11 01:00:00,0.0,17.8,18.6,0.0,1016.0,0.0,0.206897,95.0
2022-03-11 02:00:00,0.0,17.1,17.4,0.0,1017.0,0.0,0.206897,98.0
2022-03-11 03:00:00,0.0,17.1,16.8,0.0,1017.0,0.0,0.189655,95.0
2022-03-11 04:00:00,0.0,16.9,16.3,0.0,1017.0,0.0,0.172414,94.0
2022-03-11 05:00:00,0.0,17.1,16.1,0.0,1016.0,0.0,0.137931,94.0
2022-03-11 06:00:00,0.0,17.0,16.2,110.0,1016.0,5.4,0.12069,94.0
2022-03-11 07:00:00,0.0,17.0,17.1,120.0,1016.0,5.4,0.12069,94.0
2022-03-11 08:00:00,0.0,16.7,17.7,0.0,1015.0,0.0,0.12069,97.0
2022-03-11 09:00:00,0.0,16.7,17.9,50.0,1014.0,7.6,0.103448,97.0
2022-03-11 10:00:00,0.2,16.8,18.0,100.0,1014.0,11.2,0.12069,97.0
2022-03-11 11:00:00,0.9,16.9,18.1,90.0,1014.0,13.0,0.155172,98.0
2022-03-11 12:00:00,1.5,16.9,17.8,80.0,1016.0,14.8,0.206897,97.0
2022-03-11 13:00:00,0.3,17.1,18.1,100.0,1015.0,9.4,0.224138,97.0
2022-03-11 14:00:00,1.3,17.5,18.4,80.0,1015.0,9.4,0.224138,96.0
2022-03-11 15:00:00,2.9,19.5,19.3,110.0,1015.0,11.2,0.137931,97.0
2022-03-11 16:00:00,8.8,18.9,20.1,130.0,1015.0,9.4,0.189655,93.0
2022-03-11 17:00:00,5.2,18.7,21.1,130.0,1014.0,11.2,0.086207,86.0
2022-03-11 18:00:00,5.5,18.4,20.8,130.0,1013.0,11.2,0.12069,86.0
2022-03-11 19:00:00,8.6,19.0,19.3,0.0,1013.0,0.0,0.12069,98.0
2022-03-11 20:00:00,12.2,18.3,19.4,140.0,1010.0,16.6,0.103448,88.0
2022-03-11 21:00:00,2.0,20.8,20.3,140.0,1010.0,13.0,-0.051724,99.0
2022-03-11 22:00:00,2.5,20.7,20.9,170.0,1010.0,5.4,0.103448,99.0
2022-03-11 23:00:00,0.5,21.0,21.3,0.0,1010.0,0.0,0.137931,98.0
2022-03-12 00:00:00,0.1,20.5,20.8,180.0,1009.0,9.4,0.155172,98.0
2022-03-12 01:00:00,0.0,20.3,20.3,180.0,1009.0,13.0,0.172414,100.0
2022-03-12 02:00:00,0.0,18.9,20.0,170.0,1009.0,11.2,0.172414,97.0
2022-03-12 03:00:00,0.0,19.1,20.1,200.0,1007.0,14.8,0.172414,97.0
2022-03-12 04:00:00,0.0,19.7,19.7,170.0,1006.0,9.4,0.155172,98.0
2022-03-12 05:00:00,0.0,19.7,20.0,190.0,1005.0,18.4,0.137931,98.0
2022-03-12 06:00:00,0.0,18.5,19.7,200.0,1004.0,25.9,0.137931,93.0
2022-03-12 07:00:00,0.2,19.3,19.6,200.0,1003.0,27.7,0.12069,98.0
2022-03-12 08:00:00,2.0,18.8,19.7,200.0,1001.0,31.7,0.12069,96.0
2022-03-12 09:00:00,6.3,12.8,20.0,220.0,1001.0,24.1,0.12069,99.0
2022-03-12 10:00:00,8.1,12.6,12.8,310.0,1009.0,42.5,0.12069,99.0
2022-03-12 11:00:00,0.2,9.4,10.6,300.0,1009.0,25.9,0.12069,92.0
2022-03-12 12:00:00,0.2,6.2,8.8,330.0,1013.0,37.1,0.12069,84.0
2022-03-12 13:00:00,0.0,5.1,6.8,300.0,1016.0,40.7,0.137931,89.0
2022-03-12 14:00:00,0.0,1.5,5.8,310.0,1018.0,48.2,0.103448,74.0
2022-03-12 15:00:00,0.0,-0.3,6.2,320.0,1019.0,44.6,-0.051724,63.0
2022-03-12 16:00:00,0.0,-2.0,6.7,310.0,1020.0,42.5,-0.224138,54.0
2022-03-12 17:00:00,0.0,-0.3,7.9,310.0,1020.0,40.7,-0.344828,56.0
2022-03-12 18:00:00,0.0,-2.5,9.1,320.0,1020.0,37.1,-0.258621,44.0
2022-03-12 19:00:00,0.0,-5.1,6.6,320.0,1020.0,31.7,0.0,43.0
2022-03-12 20:00:00,0.0,-6.6,8.0,320.0,1021.0,29.5,-0.137931,35.0
2022-03-12 21:00:00,0.0,-6.5,9.4,320.0,1022.0,31.7,-0.241379,32.0
2022-03-12 22:00:00,0.0,-7.1,9.7,340.0,1023.0,25.9,-0.103448,30.0
2022-03-12 23:00:00,0.0,-8.3,8.3,340.0,1024.0,31.7,0.068966,30.0
2022-03-13 00:00:00,0.0,-7.7,6.3,350.0,1025.0,20.5,0.241379,36.0
2022-03-13 01:00:00,0.0,-8.1,5.4,340.0,1025.0,24.1,0.293103,37.0
2022-03-13 02:00:00,0.0,-7.5,4.3,340.0,1027.0,13.0,0.293103,42.0
2022-03-13 03:00:00,0.0,-5.4,3.0,340.0,1028.0,11.2,0.293103,54.0
2022-03-13 04:00:00,0.0,-5.5,2.4,340.0,1029.0,11.2,0.293103,56.0
2022-03-13 05:00:00,0.0,-7.2,1.9,350.0,1030.0,11.2,0.293103,51.0
2022-03-13 06:00:00,0.0,-7.3,1.0,360.0,1030.0,9.4,0.275862,54.0
2022-03-13 07:00:00,0.0,-7.3,0.5,360.0,1029.0,11.2,0.275862,56.0
2022-03-13 08:00:00,0.0,-7.3,0.0,20.0,1030.0,5.4,0.275862,58.0
2022-03-13 09:00:00,0.0,-6.5,-0.9,360.0,1030.0,9.4,0.293103,66.0
2022-03-13 10:00:00,0.0,-5.7,-1.5,10.0,1030.0,7.6,0.293103,73.0
2022-03-13 11:00:00,0.0,-6.5,-1.6,10.0,1031.0,9.4,0.293103,69.0
2022-03-13 12:00:00,0.0,-6.3,-2.1,40.0,1032.0,7.6,0.327586,73.0
2022-03-13 13:00:00,0.0,-6.4,0.0,30.0,1033.0,11.2,0.344828,62.0
2022-03-13 14:00:00,0.0,-9.3,2.6,40.0,1033.0,24.1,0.327586,41.0
2022-03-13 15:00:00,0.0,-9.6,4.6,50.0,1033.0,16.6,0.103448,35.0
2022-03-13 16:00:00,0.0,-9.9,5.5,70.0,1033.0,14.8,-0.068966,32.0
2022-03-13 17:00:00,0.0,-8.8,7.2,120.0,1032.0,7.6,-0.206897,31.0
2022-03-13 18:00:00,0.0,-6.6,9.7,50.0,1031.0,11.2,-0.275862,31.0
2022-03-13 19:00:00,0.0,-7.6,11.8,60.0,1030.0,14.8,-0.310345,25.0
2022-03-13 20:00:00,0.0,-7.5,12.5,100.0,1029.0,13.0,-0.310345,24.0
2022-03-13 21:00:00,0.0,-8.9,13.7,50.0,1029.0,11.2,-0.275862,20.0
2022-03-13 22:00:00,0.0,-9.4,13.9,40.0,1029.0,11.2,-0.224138,19.0
2022-03-13 23:00:00,0.0,-8.4,13.5,40.0,1029.0,7.6,-0.103448,21.0
2022-03-14 00:00:00,0.0,-6.2,11.2,20.0,1029.0,7.6,0.051724,29.0
2022-03-14 01:00:00,0.0,-3.3,8.9,40.0,1030.0,5.4,0.206897,42.0
2022-03-14 02:00:00,0.0,-0.8,7.4,0.0,1031.0,0.0,0.258621,56.0
2022-03-14 03:00:00,0.0,0.7,5.3,130.0,1031.0,7.6,0.258621,72.0
2022-03-14 04:00:00,0.0,1.2,5.3,90.0,1030.0,7.6,0.275862,75.0
2022-03-14 05:00:00,0.0,1.6,4.6,90.0,1030.0,5.4,0.258621,81.0
2022-03-14 06:00:00,0.0,0.2,4.4,100.0,1029.0,5.4,0.241379,74.0
2022-03-14 07:00:00,0.0,-0.1,3.7,0.0,1028.0,0.0,0.224138,76.0
2022-03-14 08:00:00,0.0,1.1,3.1,110.0,1028.0,5.4,0.224138,87.0
2022-03-14 09:00:00,0.0,-0.4,1.1,100.0,1028.0,13.0,0.241379,90.0
2022-03-14 10:00:00,0.0,-0.6,2.5,100.0,1029.0,7.6,0.258621,80.0
2022-03-14 11:00:00,0.0,0.0,3.3,20.0,1029.0,7.6,0.293103,79.0
2022-03-14 12:00:00,0.0,0.2,2.5,50.0,1030.0,7.6,0.362069,85.0
2022-03-14 13:00:00,0.0,2.0,3.5,30.0,1030.0,11.2,0.431034,90.0
2022-03-14 14:00:00,0.0,4.1,8.1,80.0,1031.0,14.8,0.413793,76.0
2022-03-14 15:00:00,0.0,2.8,12.4,80.0,1031.0,16.6,0.206897,52.0
2022-03-14 16:00:00,0.0,6.1,15.9,80.0,1030.0,14.8,0.0,52.0
2022-03-14 17:00:00,0.0,7.3,17.6,130.0,1029.0,9.4,-0.137931,51.0
2022-03-14 18:00:00,0.0,8.0,20.0,50.0,1028.0,14.8,-0.189655,46.0
2022-03-14 19:00:00,0.0,7.1,21.6,110.0,1027.0,13.0,-0.241379,39.0
2022-03-14 20:00:00,0.0,6.2,20.7,180.0,1026.0,11.2,-0.224138,39.0
2022-03-14 21:00:00,0.0,5.6,20.8,140.0,1026.0,13.0,-0.172414,37.0
2022-03-14 22:00:00,0.0,5.2,21.7,140.0,1026.0,13.0,-0.103448,34.0
2022-03-14 23:00:00,0.0,6.8,20.9,110.0,1026.0,11.2,-0.086207,40.0
2022-03-15 00:00:00,0.0,8.3,18.0,120.0,1026.0,7.6,0.051724,53.0
2022-03-15 01:00:00,0.0,8.7,15.2,0.0,1026.0,0.0,0.172414,65.0
2022-03-15 02:00:00,0.0,9.1,13.7,90.0,1027.0,9.4,0.206897,74.0
2022-03-15 03:00:00,0.0,9.4,13.6,80.0,1027.0,7.6,0.224138,76.0
2022-03-15 04:00:00,0.0,10.9,14.1,120.0,1026.0,13.0,0.206897,81.0
2022-03-15 05:00:00,0.0,11.4,14.4,120.0,1026.0,13.0,0.189655,82.0
2022-03-15 06:00:00,0.0,11.3,14.0,110.0,1025.0,11.2,0.172414,84.0
2022-03-15 07:00:00,0.0,11.6,13.9,110.0,1025.0,13.0,0.155172,86.0
2022-03-15 08:00:00,0.0,11.4,13.5,90.0,1024.0,13.0,0.155172,87.0
2022-03-15 09:00:00,0.0,11.4,13.3,90.0,1024.0,13.0,0.137931,88.0
2022-03-15 10:00:00,0.0,11.4,13.3,80.0,1024.0,11.2,0.155172,88.0
2022-03-15 11:00:00,0.0,11.5,13.3,100.0,1023.0,13.0,0.172414,89.0
2022-03-15 12:00:00,0.0,12.2,12.8,110.0,1023.0,11.2,0.241379,96.0
2022-03-15 13:00:00,0.0,13.0,14.1,130.0,1022.0,13.0,0.275862,93.0
2022-03-15 14:00:00,0.0,14.4,16.8,140.0,1022.0,22.3,0.293103,86.0
2022-03-15 15:00:00,0.0,14.5,19.0,140.0,1022.0,22.3,0.258621,75.0
2022-03-15 16:00:00,0.0,14.7,19.7,130.0,1022.0,25.9,0.137931,73.0
2022-03-15 17:00:00,0.0,14.9,19.9,120.0,1022.0,16.6,0.137931,73.0
2022-03-15 18:00:00,1.4,15.6,20.0,140.0,1022.0,20.5,0.224138,76.0
2022-03-15 19:00:00,7.6,15.7,17.7,160.0,1019.0,9.4,0.258621,79.0
2022-03-15 20:00:00,6.1,15.3,17.2,120.0,1020.0,18.4,0.258621,74.0
2022-03-15 21:00:00,2.3,16.6,16.8,130.0,1017.0,27.7,0.241379,99.0
2022-03-15 22:00:00,2.3,16.8,16.8,130.0,1017.0,22.3,0.189655,99.0
2022-03-15 23:00:00,0.4,16.3,16.5,130.0,1017.0,20.5,0.086207,99.0
2022-03-16 00:00:00,0.5,16.2,16.4,130.0,1017.0,25.9,0.172414,99.0
2022-03-16 01:00:00,0.9,16.2,16.4,130.0,1017.0,29.5,0.224138,99.0
2022-03-16 02:00:00,0.3,16.2,16.7,170.0,1017.0,13.0,0.206897,97.0
2022-03-16 03:00:00,1.5,16.9,16.3,140.0,1017.0,18.4,0.206897,96.0
2022-03-16 04:00:00,0.5,17.0,16.6,160.0,1017.0,13.0,0.189655,97.0
2022-03-16 05:00:00,0.0,17.2,16.7,150.0,1016.0,14.8,0.172414,98.0
2022-03-16 06:00:00,0.0,17.2,17.0,140.0,1016.0,11.2,0.172414,98.0
2022-03-16 07:00:00,0.0,17.3,17.0,160.0,1015.0,11.2,0.155172,99.0
2022-03-16 08:00:00,0.0,16.5,17.1,140.0,1015.0,9.4,0.155172,99.0
2022-03-16 09:00:00,0.0,15.9,17.3,160.0,1015.0,9.4,0.12069,97.0
2022-03-16 10:00:00,0.7,16.1,17.0,170.0,1015.0,5.4,0.137931,98.0
2022-03-16 11:00:00,0.0,16.0,16.6,150.0,1015.0,9.4,0.155172,98.0
2022-03-16 12:00:00,0.0,15.8,16.6,180.0,1016.0,7.6,0.206897,98.0
2022-03-16 13:00:00,0.0,15.7,16.9,160.0,1016.0,11.2,0.258621,97.0
2022-03-16 14:00:00,0.0,16.6,18.5,230.0,1017.0,11.2,0.241379,81.0
2022-03-16 15:00:00,0.0,16.8,20.2,210.0,1017.0,13.0,0.12069,81.0
2022-03-16 16:00:00,0.0,13.5,22.1,220.0,1016.0,16.6,-0.068966,58.0
2022-03-16 17:00:00,0.0,13.2,22.7,230.0,1015.0,20.5,-0.137931,55.0
2022-03-16 18:00:00,0.3,15.7,19.0,210.0,1014.0,11.2,-0.206897,81.0
2022-03-16 19:00:00,0.1,15.5,21.0,220.0,1013.0,16.6,-0.241379,71.0
2022-03-16 20:00:00,0.0,14.0,23.9,230.0,1013.0,20.5,-0.137931,54.0
2022-03-16 21:00:00,0.1,13.5,23.6,230.0,1012.0,27.7,0.068966,53.0
2022-03-16 22:00:00,0.0,12.2,22.6,240.0,1013.0,24.1,-0.068966,52.0
2022-03-16 23:00:00,0.0,10.8,22.0,220.0,1013.0,25.9,-0.017241,49.0
2022-03-17 00:00:00,0.0,11.1,19.6,230.0,1014.0,14.8,0.086207,58.0
2022-03-17 01:00:00,0.0,11.5,17.7,220.0,1015.0,11.2,0.189655,67.0
2022-03-17 02:00:00,0.0,11.9,16.6,230.0,1015.0,9.4,0.206897,74.0
2022-03-17 03:00:00,0.0,12.3,15.5,230.0,1015.0,9.4,0.206897,81.0
2022-03-17 04:00:00,0.0,12.8,14.4,220.0,1015.0,13.0,0.189655,90.0
2022-03-17 05:00:00,0.0,13.2,13.8,230.0,1015.0,7.6,0.172414,96.0
2022-03-17 06:00:00,0.0,12.9,13.1,220.0,1015.0,9.4,0.155172,99.0
2022-03-17 07:00:00,0.0,12.0,12.8,230.0,1015.0,9.4,0.137931,97.0
2022-03-17 08:00:00,0.0,11.8,12.7,250.0,1015.0,5.4,0.137931,98.0
2022-03-17 09:00:00,0.0,11.4,11.9,260.0,1015.0,7.6,0.12069,99.0
2022-03-17 10:00:00,0.0,10.7,10.8,230.0,1015.0,5.4,0.137931,99.0
2022-03-17 11:00:00,0.0,9.8,11.0,230.0,1016.0,7.6,0.155172,100.0
2022-03-17 12:00:00,0.0,11.1,10.7,240.0,1017.0,7.6,0.206897,100.0
2022-03-17 13:00:00,0.0,14.4,12.1,0.0,1017.0,0.0,0.275862,96.0
2022-03-17 14:00:00,0.0,14.4,15.0,80.0,1018.0,7.6,0.206897,96.0
2022-03-17 15:00:00,0.0,13.7,17.4,0.0,1018.0,0.0,0.051724,79.0
2022-03-17 16:00:00,0.0,12.5,20.5,110.0,1018.0,5.4,-0.051724,60.0
2022-03-17 17:00:00,0.0,11.5,21.2,240.0,1017.0,7.6,-0.12069,54.0
2022-03-17 18:00:00,0.0,11.6,22.9,170.0,1016.0,7.6,-0.034483,49.0
2022-03-17 19:00:00,0.0,11.3,24.3,240.0,1016.0,16.6,-0.172414,44.0
2022-03-17 20:00:00,0.0,12.0,24.4,260.0,1015.0,13.0,-0.103448,46.0
2022-03-17 21:00:00,0.0,11.5,24.5,270.0,1015.0,16.6,-0.189655,44.0
2022-03-17 22:00:00,0.0,11.8,24.5,240.0,1016.0,9.4,-0.137931,45.0
2022-03-17 23:00:00,0.0,11.5,23.8,0.0,1016.0,0.0,-0.051724,46.0
2022-03-18 00:00:00,0.0,13.5,21.6,250.0,1016.0,5.4,0.086207,60.0
2022-03-18 01:00:00,0.0,14.0,18.5,0.0,1017.0,0.0,0.172414,75.0
2022-03-18 02:00:00,0.0,14.4,18.1,190.0,1017.0,16.6,0.224138,79.0
2022-03-18 03:00:00,0.0,14.0,17.3,210.0,1018.0,16.6,0.206897,81.0
2022-03-18 04:00:00,0.0,13.8,15.8,220.0,1018.0,9.4,0.189655,88.0
2022-03-18 05:00:00,0.0,13.8,14.9,180.0,1017.0,7.6,0.172414,93.0
2022-03-18 06:00:00,0.0,12.9,13.1,0.0,1017.0,0.0,0.137931,99.0
2022-03-18 07:00:00,0.0,12.3,12.1,140.0,1016.0,7.6,0.12069,96.0
2022-03-18 08:00:00,0.0,11.4,12.4,150.0,1016.0,7.6,0.103448,97.0
2022-03-18 09:00:00,0.0,11.9,14.3,160.0,1016.0,9.4,0.103448,98.0
2022-03-18 10:00:00,0.0,11.9,14.9,130.0,1016.0,7.6,0.12069,99.0
2022-03-18 11:00:00,0.0,12.6,15.5,130.0,1016.0,13.0,0.155172,99.0
2022-03-18 12:00:00,0.0,13.7,15.8,150.0,1016.0,13.0,0.189655,97.0
2022-03-18 13:00:00,0.0,14.4,16.5,140.0,1016.0,13.0,0.241379,93.0
2022-03-18 14:00:00,0.0,15.6,17.8,130.0,1016.0,20.5,0.224138,67.0
2022-03-18 15:00:00,0.1,15.3,21.7,160.0,1016.0,24.1,0.155172,67.0
2022-03-18 16:00:00,0.1,14.0,23.3,180.0,1016.0,22.3,0.017241,56.0
2022-03-18 17:00:00,0.2,15.6,24.7,180.0,1016.0,16.6,0.017241,57.0
2022-03-18 18:00:00,0.1,16.6,25.5,170.0,1018.0,24.1,0.103448,58.0
2022-03-18 19:00:00,0.5,14.6,15.7,340.0,1016.0,13.0,0.103448,93.0
2022-03-18 20:00:00,40.1,17.3,14.5,90.0,1016.0,24.1,0.189655,77.0
2022-03-18 21:00:00,31.0,18.6,15.1,80.0,1018.0,31.7,0.172414,86.0
2022-03-18 22:00:00,19.8,16.0,15.7,20.0,1016.0,18.4,0.172414,100.0
2022-03-18 23:00:00,17.8,15.9,16.1,140.0,1015.0,20.5,0.172414,99.0
2022-03-19 00:00:00,1.8,16.0,16.4,140.0,1016.0,7.6,0.172414,100.0
2022-03-19 01:00:00,0.0,18.3,16.3,140.0,1016.0,16.6,0.172414,95.0
2022-03-19 02:00:00,0.5,18.1,16.6,170.0,1015.0,22.3,0.172414,96.0
2022-03-19 03:00:00,0.0,18.2,17.0,160.0,1015.0,14.8,0.172414,96.0
2022-03-19 04:00:00,0.0,17.8,17.1,180.0,1016.0,14.8,0.155172,99.0
2022-03-19 05:00:00,0.0,18.1,18.3,180.0,1016.0,22.3,0.137931,99.0
2022-03-19 06:00:00,0.0,17.4,17.7,180.0,1016.0,27.7,0.137931,98.0
2022-03-19 07:00:00,0.0,17.6,17.6,180.0,1016.0,22.3,0.12069,100.0
2022-03-19 08:00:00,0.0,18.0,17.8,170.0,1014.0,24.1,0.12069,100.0
2022-03-19 09:00:00,0.0,18.1,18.1,170.0,1015.0,22.3,0.12069,100.0
2022-03-19 10:00:00,5.3,17.8,18.2,210.0,1015.0,18.4,0.12069,95.0
2022-03-19 11:00:00,0.5,17.8,18.0,190.0,1017.0,14.8,0.137931,96.0
2022-03-19 12:00:00,0.0,18.0,18.3,190.0,1017.0,13.0,0.172414,97.0
2022-03-19 13:00:00,0.3,18.0,19.0,200.0,1018.0,13.0,0.189655,96.0
2022-03-19 14:00:00,3.0,18.3,19.7,200.0,1018.0,13.0,0.172414,97.0
2022-03-19 15:00:00,9.4,16.0,20.0,240.0,1019.0,11.2,0.172414,94.0
2022-03-19 16:00:00,0.3,15.9,16.9,310.0,1019.0,20.5,0.103448,94.0
2022-03-19 17:00:00,2.3,17.2,17.4,280.0,1019.0,13.0,0.12069,99.0
2022-03-19 18:00:00,1.8,17.1,17.6,280.0,1018.0,7.6,0.017241,97.0
2022-03-19 19:00:00,1.8,17.3,19.5,270.0,1018.0,11.2,-0.086207,87.0
2022-03-19 20:00:00,2.9,15.8,20.0,250.0,1018.0,13.0,-0.12069,77.0
2022-03-19 21:00:00,0.0,15.9,19.8,240.0,1017.0,11.2,-0.086207,78.0
2022-03-19 22:00:00,1.3,17.9,19.4,220.0,1018.0,9.4,-0.12069,91.0
2022-03-19 23:00:00,0.0,16.8,18.7,220.0,1018.0,14.8,0.017241,89.0
2022-03-20 00:00:00,0.0,16.9,18.0,250.0,1018.0,11.2,0.103448,93.0
2022-03-20 01:00:00,0.1,16.8,17.1,290.0,1019.0,7.6,0.137931,98.0
2022-03-20 02:00:00,0.0,11.1,17.1,320.0,1020.0,11.2,0.155172,68.0
2022-03-20 03:00:00,0.0,11.0,14.2,190.0,1021.0,5.4,0.155172,81.0
2022-03-20 04:00:00,0.0,10.3,13.3,300.0,1021.0,13.0,0.155172,82.0
2022-03-20 05:00:00,0.0,8.8,13.5,310.0,1021.0,13.0,0.137931,73.0
2022-03-20 06:00:00,0.0,8.0,12.9,320.0,1022.0,14.8,0.12069,72.0
2022-03-20 07:00:00,0.0,7.5,12.2,330.0,1022.0,14.8,0.12069,73.0
2022-03-20 08:00:00,0.0,7.2,11.5,340.0,1022.0,14.8,0.12069,75.0
2022-03-20 09:00:00,0.0,6.9,10.8,360.0,1023.0,9.4,0.12069,77.0
2022-03-20 10:00:00,0.0,6.9,9.6,360.0,1023.0,7.6,0.12069,83.0
2022-03-20 11:00:00,0.0,6.8,8.3,350.0,1024.0,11.2,0.12069,90.0
2022-03-20 12:00:00,0.0,6.3,8.5,360.0,1025.0,7.6,0.137931,86.0
2022-03-20 13:00:00,0.0,6.7,10.6,10.0,1026.0,9.4,0.172414,77.0
2022-03-20 14:00:00,0.0,5.0,13.1,50.0,1026.0,11.2,0.12069,58.0
2022-03-20 15:00:00,0.0,3.0,15.2,30.0,1026.0,16.6,-0.051724,44.0
2022-03-20 16:00:00,0.0,1.0,17.4,20.0,1025.0,16.6,-0.206897,33.0
2022-03-20 17:00:00,0.0,1.4,19.4,20.0,1025.0,22.3,-0.310345,30.0
2022-03-20 18:00:00,0.0,2.1,20.8,350.0,1024.0,20.5,-0.37931,29.0
2022-03-20 19:00:00,0.0,0.9,21.8,360.0,1023.0,18.4,-0.396552,25.0
2022-03-20 20:00:00,0.0,1.6,22.6,360.0,1023.0,18.4,-0.396552,25.0
2022-03-20 21:00:00,0.0,1.3,22.3,10.0,1022.0,18.4,-0.344828,25.0
2022-03-20 22:00:00,0.0,2.6,22.5,20.0,1022.0,14.8,-0.275862,27.0
2022-03-20 23:00:00,0.0,2.4,21.7,40.0,1022.0,11.2,-0.137931,28.0
2022-03-21 00:00:00,0.0,4.0,18.6,0.0,1023.0,0.0,0.017241,38.0
2022-03-21 01:00:00,0.0,8.9,14.7,230.0,1023.0,5.4,0.137931,68.0
2022-03-21 02:00:00,0.0,6.1,14.8,0.0,1024.0,0.0,0.189655,56.0
2022-03-21 03:00:00,0.0,7.5,11.8,0.0,1024.0,0.0,0.189655,75.0
2022-03-21 04:00:00,0.0,6.9,11.2,0.0,1024.0,0.0,0.172414,75.0
2022-03-21 05:00:00,0.0,8.0,9.6,0.0,1024.0,0.0,0.155172,90.0
2022-03-21 06:00:00,0.0,8.5,9.1,80.0,1024.0,7.6,0.137931,96.0
2022-03-21 07:00:00,0.0,4.9,8.7,80.0,1024.0,5.4,0.12069,69.0
2022-03-21 08:00:00,0.0,4.8,8.0,110.0,1023.0,5.4,0.12069,73.0
2022-03-21 09:00:00,0.0,4.2,8.1,80.0,1024.0,7.6,0.12069,74.0
2022-03-21 10:00:00,0.0,3.0,7.3,60.0,1024.0,5.4,0.137931,71.0
2022-03-21 11:00:00,0.0,6.0,7.1,0.0,1025.0,0.0,0.172414,100.0
2022-03-21 12:00:00,0.0,6.0,6.4,0.0,1025.0,0.0,0.224138,97.0
2022-03-21 13:00:00,0.0,8.1,10.9,70.0,1025.0,7.6,0.275862,83.0
2022-03-21 14:00:00,0.0,6.6,14.8,90.0,1026.0,16.6,0.224138,58.0
2022-03-21 15:00:00,0.0,5.1,18.2,90.0,1025.0,13.0,0.051724,42.0
2022-03-21 16:00:00,0.0,1.5,21.9,90.0,1025.0,22.3,-0.103448,26.0
2022-03-21 17:00:00,0.0,0.9,23.2,110.0,1024.0,16.6,-0.206897,23.0
2022-03-21 18:00:00,0.0,1.2,23.5,130.0,1023.0,7.6,-0.275862,23.0
2022-03-21 19:00:00,0.0,0.0,24.4,150.0,1022.0,13.0,-0.275862,20.0
2022-03-21 20:00:00,0.0,1.1,24.9,110.0,1022.0,13.0,-0.293103,21.0
2022-03-21 21:00:00,0.0,1.6,25.5,90.0,1021.0,14.8,-0.224138,21.0
2022-03-21 22:00:00,0.0,0.2,24.7,120.0,1020.0,14.8,-0.155172,20.0
2022-03-21 23:00:00,0.0,2.5,23.7,120.0,1020.0,11.2,-0.068966,25.0
2022-03-22 00:00:00,0.0,4.3,19.4,120.0,1020.0,9.4,0.068966,37.0
2022-03-22 01:00:00,0.0,8.3,16.1,110.0,1021.0,7.6,0.172414,60.0
2022-03-22 02:00:00,0.0,6.1,15.7,80.0,1021.0,9.4,0.206897,53.0
2022-03-22 03:00:00,0.0,6.6,13.8,180.0,1021.0,9.4,0.224138,62.0
2022-03-22 04:00:00,0.0,7.2,13.7,130.0,1020.0,13.0,0.189655,65.0
2022-03-22 05:00:00,0.0,9.0,15.1,130.0,1020.0,16.6,0.172414,67.0
2022-03-22 06:00:00,0.0,10.3,15.8,130.0,1019.0,16.6,0.172414,70.0
2022-03-22 07:00:00,0.0,11.0,16.3,130.0,1019.0,20.5,0.155172,71.0
2022-03-22 08:00:00,0.0,11.3,16.1,140.0,1019.0,20.5,0.155172,73.0
2022-03-22 09:00:00,0.0,11.5,15.1,140.0,1019.0,16.6,0.12069,79.0
2022-03-22 10:00:00,0.0,11.2,13.7,120.0,1019.0,11.2,0.12069,85.0
2022-03-22 11:00:00,0.0,11.3,13.1,120.0,1020.0,9.4,0.155172,89.0
2022-03-22 12:00:00,0.0,11.5,12.4,120.0,1020.0,9.4,0.206897,94.0
2022-03-22 13:00:00,0.0,12.2,15.8,130.0,1019.0,16.6,0.258621,79.0
2022-03-22 14:00:00,0.0,13.0,19.3,150.0,1019.0,18.4,0.172414,67.0
2022-03-22 15:00:00,0.0,13.1,21.4,170.0,1019.0,27.7,0.068966,59.0
2022-03-22 16:00:00,0.0,11.9,23.9,170.0,1019.0,27.7,-0.051724,47.0
2022-03-22 17:00:00,0.0,12.9,25.0,150.0,1017.0,27.7,-0.137931,47.0
2022-03-22 18:00:00,0.0,12.6,25.4,140.0,1016.0,31.7,-0.258621,45.0
2022-03-22 19:00:00,0.0,12.8,25.6,160.0,1016.0,24.1,-0.206897,45.0
2022-03-22 20:00:00,0.0,12.5,26.0,160.0,1014.0,25.9,-0.155172,43.0
2022-03-22 21:00:00,0.0,12.6,25.4,160.0,1014.0,27.7,-0.189655,45.0
2022-03-22 22:00:00,0.0,13.6,25.4,170.0,1014.0,27.7,-0.103448,48.0
2022-03-22 23:00:00,0.0,14.9,23.9,160.0,1014.0,20.5,0.034483,57.0
2022-03-23 00:00:00,0.1,16.4,23.1,170.0,1014.0,16.6,0.155172,66.0
2022-03-23 01:00:00,0.0,16.4,22.6,160.0,1014.0,13.0,0.206897,68.0
2022-03-23 02:00:00,1.0,16.1,22.0,160.0,1014.0,14.8,0.224138,69.0
2022-03-23 03:00:00,0.0,15.7,21.9,170.0,1014.0,20.5,0.224138,68.0
2022-03-23 04:00:00,0.0,17.4,22.0,170.0,1013.0,22.3,0.206897,75.0
2022-03-23 05:00:00,0.0,18.3,21.7,170.0,1012.0,20.5,0.189655,81.0
2022-03-23 06:00:00,0.0,19.2,21.6,170.0,1012.0,18.4,0.172414,86.0
2022-03-23 07:00:00,0.2,19.7,22.2,170.0,1011.0,18.4,0.155172,86.0
2022-03-23 08:00:00,0.1,20.0,22.5,180.0,1011.0,20.5,0.155172,86.0
2022-03-23 09:00:00,0.2,19.9,22.7,170.0,1011.0,25.9,0.12069,84.0
2022-03-23 10:00:00,1.3,20.6,20.9,170.0,1011.0,24.1,0.137931,98.0
2022-03-23 11:00:00,2.5,21.0,20.7,170.0,1010.0,27.7,0.172414,100.0
2022-03-23 12:00:00,0.5,20.5,20.9,170.0,1010.0,18.4,0.206897,97.0
2022-03-23 13:00:00,0.8,20.7,21.2,200.0,1010.0,20.5,0.258621,97.0
2022-03-23 14:00:00,0.8,20.4,21.1,200.0,1011.0,27.7,0.275862,96.0
2022-03-23 15:00:00,11.3,20.8,21.8,180.0,1011.0,27.7,0.258621,94.0
2022-03-23 16:00:00,4.3,20.9,22.8,190.0,1011.0,27.7,0.275862,89.0
2022-03-23 17:00:00,0.2,20.6,23.5,190.0,1012.0,29.5,0.172414,84.0
2022-03-23 18:00:00,0.0,20.3,22.6,210.0,1011.0,35.3,0.103448,87.0
2022-03-23 19:00:00,0.0,20.2,23.3,210.0,1011.0,22.3,0.189655,83.0
2022-03-23 20:00:00,0.0,20.1,23.3,210.0,1011.0,16.6,0.137931,82.0
2022-03-23 21:00:00,0.0,19.8,23.4,210.0,1011.0,14.8,0.172414,80.0
2022-03-23 22:00:00,0.0,19.6,22.8,220.0,1011.0,13.0,0.189655,82.0
2022-03-23 23:00:00,0.0,18.6,22.0,230.0,1011.0,16.6,0.155172,81.0
2022-03-24 00:00:00,0.0,18.5,20.7,240.0,1012.0,7.6,0.172414,87.0
2022-03-24 01:00:00,0.0,17.4,20.0,240.0,1013.0,9.4,0.189655,85.0
2022-03-24 02:00:00,0.0,17.1,19.5,240.0,1013.0,7.6,0.206897,86.0
2022-03-24 03:00:00,0.0,17.4,19.1,240.0,1014.0,9.4,0.206897,90.0
2022-03-24 04:00:00,0.0,16.8,18.6,250.0,1014.0,14.8,0.189655,89.0
2022-03-24 05:00:00,0.0,16.3,17.6,270.0,1014.0,14.8,0.172414,92.0
2022-03-24 06:00:00,0.0,14.2,16.9,230.0,1014.0,13.0,0.155172,84.0
2022-03-24 07:00:00,0.0,13.4,16.1,210.0,1014.0,9.4,0.155172,84.0
2022-03-24 08:00:00,0.0,13.5,15.7,230.0,1014.0,11.2,0.137931,87.0
2022-03-24 09:00:00,0.0,13.8,15.6,220.0,1013.0,11.2,0.12069,89.0
2022-03-24 10:00:00,0.0,13.9,15.4,250.0,1014.0,9.4,0.12069,91.0
2022-03-24 11:00:00,0.0,14.2,14.8,230.0,1014.0,5.4,0.155172,96.0
2022-03-24 12:00:00,0.0,13.9,14.4,0.0,1015.0,0.0,0.206897,97.0
2022-03-24 13:00:00,0.0,14.6,14.8,260.0,1015.0,5.4,0.258621,99.0
2022-03-24 14:00:00,0.0,13.3,15.8,360.0,1015.0,13.0,0.241379,85.0
2022-03-24 15:00:00,0.0,11.7,16.3,340.0,1016.0,14.8,0.189655,74.0
2022-03-24 16:00:00,0.0,9.7,16.5,360.0,1016.0,18.4,0.172414,64.0
2022-03-24 17:00:00,0.0,7.1,17.6,350.0,1016.0,16.6,0.103448,50.0
2022-03-24 18:00:00,0.0,6.0,18.5,330.0,1015.0,13.0,-0.068966,44.0
2022-03-24 19:00:00,0.1,5.8,19.0,290.0,1014.0,18.4,0.0,42.0
2022-03-24 20:00:00,0.3,5.9,19.5,300.0,1013.0,22.3,-0.12069,41.0
2022-03-24 21:00:00,0.3,5.2,18.0,310.0,1014.0,18.4,-0.051724,43.0
2022-03-24 22:00:00,0.7,7.1,15.9,280.0,1014.0,13.0,0.172414,56.0
2022-03-24 23:00:00,0.2,7.5,15.7,210.0,1013.0,7.6,0.155172,58.0
2022-03-25 00:00:00,0.0,7.5,15.2,220.0,1014.0,9.4,0.137931,60.0
2022-03-25 01:00:00,0.0,7.6,13.8,200.0,1015.0,7.6,0.155172,66.0
2022-03-25 02:00:00,0.0,7.7,14.0,200.0,1015.0,14.8,0.206897,66.0
2022-03-25 03:00:00,0.0,7.5,12.8,240.0,1015.0,7.6,0.206897,70.0
2022-03-25 04:00:00,0.0,6.4,12.4,230.0,1015.0,13.0,0.206897,67.0
2022-03-25 05:00:00,0.0,7.2,12.3,240.0,1015.0,13.0,0.155172,71.0
2022-03-25 06:00:00,0.0,7.6,11.1,230.0,1015.0,9.4,0.137931,79.0
2022-03-25 07:00:00,0.0,7.6,10.9,220.0,1015.0,11.2,0.137931,80.0
2022-03-25 08:00:00,0.0,7.9,11.2,230.0,1014.0,11.2,0.12069,80.0
2022-03-25 09:00:00,0.0,8.1,11.2,220.0,1014.0,11.2,0.12069,81.0
2022-03-25 10:00:00,0.0,8.3,10.4,220.0,1015.0,9.4,0.137931,87.0
2022-03-25 11:00:00,0.0,8.5,9.9,320.0,1015.0,5.4,0.172414,91.0
2022-03-25 12:00:00,0.0,8.4,8.9,220.0,1016.0,5.4,0.224138,97.0
2022-03-25 13:00:00,0.0,10.1,13.3,230.0,1016.0,11.2,0.258621,81.0
2022-03-25 14:00:00,0.0,10.6,16.3,260.0,1017.0,18.4,0.206897,69.0
2022-03-25 15:00:00,0.0,10.1,17.7,280.0,1017.0,27.7,0.051724,61.0
2022-03-25 16:00:00,0.0,6.7,19.2,310.0,1016.0,20.5,-0.086207,44.0
2022-03-25 17:00:00,0.0,4.4,20.8,290.0,1015.0,27.7,-0.224138,34.0
2022-03-25 18:00:00,0.0,3.7,21.5,300.0,1014.0,33.5,-0.327586,31.0
2022-03-25 19:00:00,0.0,3.0,21.8,300.0,1014.0,27.7,-0.362069,29.0
2022-03-25 20:00:00,0.0,2.7,21.5,280.0,1014.0,37.1,-0.362069,29.0
2022-03-25 21:00:00,0.0,3.6,22.0,310.0,1014.0,27.7,-0.327586,30.0
2022-03-25 22:00:00,0.0,3.1,21.4,300.0,1014.0,24.1,-0.258621,30.0
2022-03-25 23:00:00,0.0,3.1,20.4,300.0,1015.0,22.3,-0.137931,32.0
2022-03-26 00:00:00,0.0,4.3,17.3,300.0,1015.0,14.8,0.017241,42.0
2022-03-26 01:00:00,0.0,5.5,15.0,260.0,1016.0,9.4,0.137931,53.0
2022-03-26 02:00:00,0.0,6.5,13.4,240.0,1016.0,9.4,0.172414,63.0
2022-03-26 03:00:00,0.0,6.7,12.7,260.0,1016.0,7.6,0.172414,67.0
2022-03-26 04:00:00,0.0,8.0,11.7,250.0,1016.0,5.4,0.172414,78.0
2022-03-26 05:00:00,0.0,6.4,12.1,250.0,1016.0,13.0,0.155172,68.0
2022-03-26 06:00:00,0.0,6.2,11.5,250.0,1017.0,13.0,0.155172,70.0
2022-03-26 07:00:00,0.0,6.1,9.8,290.0,1017.0,13.0,0.137931,78.0
2022-03-26 08:00:00,0.0,6.3,9.8,290.0,1016.0,11.2,0.137931,79.0
2022-03-26 09:00:00,0.0,5.9,9.9,270.0,1017.0,9.4,0.137931,76.0
2022-03-26 10:00:00,0.0,6.2,9.3,260.0,1017.0,9.4,0.137931,81.0
2022-03-26 11:00:00,0.0,6.1,8.5,290.0,1018.0,11.2,0.137931,85.0
2022-03-26 12:00:00,0.0,6.1,8.7,250.0,1018.0,9.4,0.155172,84.0
2022-03-26 13:00:00,0.0,6.9,11.2,260.0,1019.0,9.4,0.172414,75.0
2022-03-26 14:00:00,0.0,8.2,14.5,300.0,1019.0,14.8,0.12069,66.0
2022-03-26 15:00:00,0.0,6.4,16.9,320.0,1019.0,18.4,-0.017241,50.0
2022-03-26 16:00:00,0.0,4.5,19.2,300.0,1018.0,20.5,-0.172414,38.0
2022-03-26 17:00:00,0.0,4.4,20.4,290.0,1017.0,31.7,-0.293103,35.0
2022-03-26 18:00:00,0.0,4.4,22.4,290.0,1016.0,38.9,-0.37931,31.0
2022-03-26 19:00:00,0.0,5.0,22.5,290.0,1016.0,25.9,-0.396552,32.0
2022-03-26 20:00:00,0.0,3.2,23.3,300.0,1015.0,31.7,-0.396552,27.0
2022-03-26 21:00:00,0.0,3.1,23.1,280.0,1015.0,35.3,-0.362069,27.0
2022-03-26 22:00:00,0.0,2.7,22.7,300.0,1015.0,31.7,-0.275862,27.0
2022-03-26 23:00:00,0.0,2.0,21.2,290.0,1015.0,24.1,-0.137931,28.0
2022-03-27 00:00:00,0.0,1.2,17.2,280.0,1016.0,14.8,0.0,34.0
2022-03-27 01:00:00,0.0,1.5,15.8,280.0,1017.0,16.6,0.12069,38.0
2022-03-27 02:00:00,0.0,1.0,13.7,280.0,1017.0,14.8,0.172414,42.0
2022-03-27 03:00:00,0.0,1.2,12.5,270.0,1017.0,9.4,0.172414,46.0
2022-03-27 04:00:00,0.0,2.3,12.8,270.0,1017.0,11.2,0.155172,49.0
2022-03-27 05:00:00,0.0,3.9,10.7,270.0,1017.0,9.4,0.137931,63.0
2022-03-27 06:00:00,0.0,2.9,10.6,260.0,1017.0,7.6,0.137931,59.0
2022-03-27 07:00:00,0.0,2.3,11.3,340.0,1017.0,7.6,0.12069,54.0
2022-03-27 08:00:00,0.0,3.3,10.0,270.0,1017.0,11.2,0.12069,63.0
2022-03-27 09:00:00,0.0,3.2,8.4,300.0,1018.0,11.2,0.12069,70.0
2022-03-27 10:00:00,0.0,3.2,9.0,280.0,1019.0,11.2,0.12069,67.0
2022-03-27 11:00:00,0.0,3.7,8.1,270.0,1019.0,5.4,0.137931,74.0
2022-03-27 12:00:00,0.0,4.4,7.8,250.0,1020.0,7.6,0.155172,79.0
2022-03-27 13:00:00,0.0,4.8,11.1,0.0,1020.0,0.0,0.155172,65.0
2022-03-27 14:00:00,0.0,1.9,15.4,320.0,1021.0,7.6,0.12069,40.0
2022-03-27 15:00:00,0.0,-0.6,17.7,20.0,1021.0,14.8,-0.034483,29.0
2022-03-27 16:00:00,0.0,0.3,19.3,280.0,1020.0,14.8,-0.189655,28.0
2022-03-27 17:00:00,0.0,1.4,20.5,280.0,1019.0,11.2,-0.293103,28.0
2022-03-27 18:00:00,0.0,2.1,22.0,280.0,1018.0,11.2,-0.344828,27.0
2022-03-27 19:00:00,0.0,2.2,23.4,260.0,1018.0,13.0,-0.362069,25.0
2022-03-27 20:00:00,0.0,2.2,24.7,280.0,1017.0,18.4,-0.362069,23.0
2022-03-27 21:00:00,0.0,3.2,25.2,310.0,1017.0,20.5,-0.310345,24.0
2022-03-27 22:00:00,0.0,4.8,25.1,290.0,1017.0,20.5,-0.224138,27.0
2022-03-27 23:00:00,0.0,5.4,24.1,280.0,1017.0,20.5,-0.103448,30.0
2022-03-28 00:00:00,0.0,7.1,21.6,280.0,1017.0,5.4,0.051724,39.0
2022-03-28 01:00:00,0.0,6.7,19.6,230.0,1018.0,11.2,0.155172,43.0
2022-03-28 02:00:00,0.0,7.5,17.8,230.0,1019.0,9.4,0.189655,51.0
2022-03-28 03:00:00,0.0,8.8,15.3,280.0,1019.0,11.2,0.189655,65.0
2022-03-28 04:00:00,0.0,9.0,14.0,0.0,1019.0,0.0,0.172414,72.0
2022-03-28 05:00:00,0.0,9.3,14.5,230.0,1019.0,9.4,0.155172,71.0
2022-03-28 06:00:00,0.0,10.5,13.7,270.0,1019.0,5.4,0.137931,81.0
2022-03-28 07:00:00,0.0,10.7,12.5,0.0,1019.0,0.0,0.12069,89.0
2022-03-28 08:00:00,0.0,10.7,11.3,250.0,1019.0,5.4,0.103448,96.0
2022-03-28 09:00:00,0.0,10.3,11.2,0.0,1019.0,0.0,0.103448,94.0
2022-03-28 10:00:00,0.0,9.6,10.2,0.0,1020.0,0.0,0.12069,91.0
2022-03-28 11:00:00,0.0,8.6,8.9,80.0,1020.0,7.6,0.155172,94.0
2022-03-28 12:00:00,0.0,11.6,9.1,0.0,1021.0,0.0,0.206897,91.0
2022-03-28 13:00:00,0.0,11.5,12.9,190.0,1021.0,7.6,0.241379,91.0
2022-03-28 14:00:00,0.0,5.3,16.7,0.0,1021.0,0.0,0.189655,47.0
2022-03-28 15:00:00,0.0,4.4,18.6,40.0,1021.0,5.4,0.051724,39.0
2022-03-28 16:00:00,0.0,9.3,20.4,200.0,1021.0,5.4,-0.086207,49.0
2022-03-28 17:00:00,0.0,12.6,22.7,260.0,1020.0,13.0,-0.172414,53.0
2022-03-28 18:00:00,0.0,14.3,24.8,310.0,1019.0,13.0,-0.241379,52.0
2022-03-28 19:00:00,0.0,12.6,26.6,260.0,1019.0,18.4,-0.241379,42.0
2022-03-28 20:00:00,0.0,11.1,27.5,280.0,1018.0,22.3,-0.241379,36.0
2022-03-28 21:00:00,0.0,9.6,28.3,300.0,1018.0,27.7,-0.206897,31.0
2022-03-28 22:00:00,0.0,8.7,27.9,280.0,1018.0,24.1,-0.137931,30.0
2022-03-28 23:00:00,0.0,8.0,27.1,280.0,1018.0,18.4,-0.051724,30.0
2022-03-29 00:00:00,0.0,8.6,22.9,280.0,1019.0,13.0,0.086207,40.0
2022-03-29 01:00:00,0.0,13.3,22.8,230.0,1019.0,14.8,0.206897,55.0
2022-03-29 02:00:00,0.0,13.7,20.5,220.0,1019.0,18.4,0.224138,65.0
2022-03-29 03:00:00,0.0,15.4,18.7,220.0,1020.0,13.0,0.224138,81.0
2022-03-29 04:00:00,0.0,16.1,17.9,240.0,1020.0,13.0,0.206897,89.0
2022-03-29 05:00:00,0.0,15.6,16.6,280.0,1021.0,9.4,0.172414,94.0
2022-03-29 06:00:00,0.0,14.9,15.4,0.0,1021.0,0.0,0.155172,94.0
2022-03-29 07:00:00,0.0,14.8,14.7,220.0,1020.0,7.6,0.155172,95.0
2022-03-29 08:00:00,0.0,14.5,14.7,220.0,1020.0,7.6,0.137931,96.0
2022-03-29 09:00:00,0.0,13.6,16.8,270.0,1021.0,11.2,0.12069,98.0
2022-03-29 10:00:00,0.0,14.2,16.2,270.0,1021.0,5.4,0.12069,98.0
2022-03-29 11:00:00,0.0,12.8,14.9,230.0,1021.0,5.4,0.155172,99.0
2022-03-29 12:00:00,0.0,16.4,13.9,260.0,1022.0,7.6,0.206897,96.0
2022-03-29 13:00:00,0.0,16.3,16.9,260.0,1023.0,7.6,0.241379,96.0
2022-03-29 14:00:00,0.0,15.5,18.6,290.0,1023.0,13.0,0.241379,82.0
2022-03-29 15:00:00,0.0,15.7,19.2,310.0,1023.0,7.6,0.189655,80.0
2022-03-29 16:00:00,0.0,15.5,19.9,0.0,1023.0,0.0,0.172414,76.0
2022-03-29 17:00:00,0.0,15.7,20.5,10.0,1022.0,9.4,0.034483,74.0
2022-03-29 18:00:00,0.0,15.4,22.8,40.0,1021.0,9.4,-0.137931,63.0
2022-03-29 19:00:00,0.0,13.4,24.5,340.0,1020.0,7.6,-0.206897,50.0
2022-03-29 20:00:00,0.0,10.3,26.6,240.0,1019.0,9.4,-0.206897,36.0
2022-03-29 21:00:00,0.0,9.4,27.6,190.0,1018.0,7.6,-0.137931,32.0
2022-03-29 22:00:00,0.0,10.5,27.8,130.0,1018.0,13.0,-0.068966,34.0
2022-03-29 23:00:00,0.0,7.7,27.9,210.0,1018.0,11.2,0.051724,28.0
2022-03-30 00:00:00,0.0,8.7,23.9,0.0,1018.0,0.0,0.103448,38.0
2022-03-30 01:00:00,0.0,10.2,21.0,180.0,1019.0,11.2,0.224138,50.0
2022-03-30 02:00:00,0.0,12.8,21.4,190.0,1019.0,13.0,0.241379,58.0
2022-03-30 03:00:00,0.0,12.6,20.4,200.0,1019.0,11.2,0.241379,61.0
2022-03-30 04:00:00,0.0,10.5,18.4,200.0,1018.0,11.2,0.206897,60.0
2022-03-30 05:00:00,0.0,10.0,18.1,180.0,1018.0,5.4,0.189655,59.0
2022-03-30 06:00:00,0.0,10.4,16.5,160.0,1018.0,5.4,0.172414,67.0
2022-03-30 07:00:00,0.0,11.0,15.6,140.0,1017.0,7.6,0.137931,74.0
2022-03-30 08:00:00,0.0,10.7,14.7,150.0,1017.0,5.4,0.137931,77.0
2022-03-30 09:00:00,0.0,12.6,15.5,140.0,1016.0,16.6,0.103448,83.0
2022-03-30 10:00:00,0.0,13.3,16.0,140.0,1016.0,14.8,0.103448,84.0
2022-03-30 11:00:00,0.0,13.6,15.9,130.0,1016.0,11.2,0.137931,86.0
2022-03-30 12:00:00,0.0,15.0,17.4,150.0,1016.0,13.0,0.189655,86.0
2022-03-30 13:00:00,0.0,15.7,18.3,150.0,1017.0,16.6,0.224138,85.0
2022-03-30 14:00:00,0.0,15.7,20.1,160.0,1017.0,13.0,0.224138,76.0
2022-03-30 15:00:00,0.0,16.0,22.9,170.0,1017.0,31.7,0.155172,65.0
2022-03-30 16:00:00,0.0,14.5,24.7,170.0,1016.0,29.5,0.103448,53.0
2022-03-30 17:00:00,0.0,12.5,26.4,180.0,1016.0,33.5,-0.068966,42.0
2022-03-30 18:00:00,0.0,10.3,29.2,170.0,1015.0,37.1,-0.017241,31.0
2022-03-30 19:00:00,0.0,10.6,28.9,160.0,1014.0,37.1,-0.137931,32.0
2022-03-30 20:00:00,0.0,14.9,28.3,180.0,1013.0,33.5,-0.224138,44.0
2022-03-30 21:00:00,0.0,14.3,27.7,190.0,1012.0,38.9,-0.172414,44.0
2022-03-30 22:00:00,0.0,15.7,26.3,170.0,1012.0,25.9,-0.12069,52.0
2022-03-30 23:00:00,0.0,16.4,25.0,180.0,1012.0,27.7,-0.017241,59.0
2022-03-31 00:00:00,0.0,17.5,23.0,190.0,1011.0,22.0,0.12069,71.0
2022-03-31 01:00:00,0.0,17.0,22.5,190.0,1011.0,22.3,0.189655,71.0
2022-03-31 02:00:00,0.0,17.0,21.8,190.0,1011.0,14.8,0.224138,74.0
2022-03-31 03:00:00,0.0,16.8,21.6,170.0,1011.0,18.4,0.224138,74.0
2022-03-31 04:00:00,0.0,16.2,22.2,190.0,1010.0,22.3,0.206897,69.0
2022-03-31 05:00:00,0.0,16.1,22.0,170.0,1010.0,24.1,0.189655,69.0
2022-03-31 06:00:00,0.0,15.9,22.6,190.0,1009.0,31.7,0.172414,66.0
2022-03-31 07:00:00,0.0,16.0,22.7,180.0,1008.0,33.5,0.172414,66.0
2022-03-31 08:00:00,0.0,16.6,23.1,180.0,1008.0,33.5,0.155172,67.0
2022-03-31 09:00:00,0.0,17.9,22.8,180.0,1006.0,37.1,0.137931,74.0
2022-03-31 10:00:00,1.0,20.3,20.5,180.0,1005.0,29.5,0.137931,99.0
2022-03-31 11:00:00,1.3,20.3,20.5,160.0,1007.0,27.7,0.155172,99.0
2022-03-31 12:00:00,16.3,19.1,18.5,270.0,1009.0,16.6,0.224138,87.0
2022-03-31 13:00:00,19.3,19.3,17.7,290.0,1009.0,14.8,0.258621,95.0
2022-03-31 14:00:00,8.9,15.7,17.1,270.0,1009.0,7.6,0.258621,85.0
2022-03-31 15:00:00,2.5,19.3,18.1,180.0,1009.0,16.6,0.258621,96.0
2022-03-31 16:00:00,0.0,19.1,19.8,220.0,1009.0,14.8,0.137931,96.0
2022-03-31 17:00:00,0.0,18.4,22.4,220.0,1009.0,14.8,-0.017241,78.0
2022-03-31 18:00:00,0.0,14.1,24.3,220.0,1008.0,22.3,-0.034483,53.0
2022-03-31 19:00:00,0.0,14.7,25.3,250.0,1008.0,14.8,-0.206897,52.0
2022-03-31 20:00:00,0.0,13.1,26.3,250.0,1008.0,25.9,-0.155172,44.0
2022-03-31 21:00:00,0.0,12.3,26.6,240.0,1008.0,24.1,-0.137931,41.0
2022-03-31 22:00:00,0.0,11.1,26.6,260.0,1008.0,16.6,-0.12069,38.0
2022-03-31 23:00:00,0.0,12.4,25.2,260.0,1009.0,14.8,-0.034483,45.0
2022-04-01 00:00:00,0.0,13.1,22.3,220.0,1010.0,7.6,0.086207,56.0
2022-04-01 01:00:00,0.0,12.8,20.9,230.0,1011.0,14.8,0.189655,60.0
2022-04-01 02:00:00,0.0,13.7,20.0,220.0,1012.0,14.8,0.224138,67.0
2022-04-01 03:00:00,0.0,14.2,18.3,230.0,1012.0,13.0,0.224138,77.0
2022-04-01 04:00:00,0.0,14.8,17.9,240.0,1012.0,11.2,0.206897,82.0
2022-04-01 05:00:00,0.0,15.1,16.8,260.0,1013.0,7.6,0.189655,90.0
2022-04-01 06:00:00,0.0,15.6,16.1,260.0,1013.0,9.4,0.155172,97.0
2022-04-01 07:00:00,0.0,15.2,15.5,270.0,1013.0,9.4,0.12069,96.0
2022-04-01 08:00:00,0.0,14.7,15.2,260.0,1014.0,7.6,0.12069,96.0
2022-04-01 09:00:00,0.0,14.0,15.9,340.0,1015.0,9.4,0.12069,94.0
2022-04-01 10:00:00,0.0,13.6,14.6,340.0,1016.0,7.6,0.12069,94.0
2022-04-01 11:00:00,0.0,11.8,13.8,0.0,1016.0,0.0,0.155172,88.0
2022-04-01 12:00:00,0.0,11.7,12.2,0.0,1017.0,0.0,0.189655,97.0
2022-04-01 13:00:00,0.0,11.8,14.7,340.0,1017.0,5.4,0.224138,83.0
2022-04-01 14:00:00,0.0,8.2,16.5,360.0,1018.0,14.8,0.155172,58.0
2022-04-01 15:00:00,0.0,6.8,18.6,350.0,1018.0,18.4,0.017241,46.0
2022-04-01 16:00:00,0.0,6.9,20.2,340.0,1018.0,14.8,-0.12069,42.0
2022-04-01 17:00:00,0.0,6.4,20.9,340.0,1017.0,9.4,-0.206897,39.0
2022-04-01 18:00:00,0.0,6.0,22.2,270.0,1016.0,11.2,-0.293103,35.0
2022-04-01 19:00:00,0.0,7.1,23.0,260.0,1016.0,13.0,-0.310345,36.0
2022-04-01 20:00:00,0.0,6.6,24.3,270.0,1016.0,13.0,-0.327586,32.0
2022-04-01 21:00:00,0.0,7.1,24.4,300.0,1016.0,14.8,-0.293103,33.0
2022-04-01 22:00:00,0.0,6.5,24.2,280.0,1016.0,7.6,-0.206897,32.0
2022-04-01 23:00:00,0.0,6.9,23.7,290.0,1016.0,5.4,-0.103448,34.0
2022-04-02 00:00:00,0.0,8.2,21.7,0.0,1017.0,0.0,0.034483,42.0
2022-04-02 01:00:00,0.0,10.7,19.2,0.0,1017.0,0.0,0.137931,58.0
2022-04-02 02:00:00,0.0,11.7,17.0,0.0,1018.0,0.0,0.172414,71.0
2022-04-02 03:00:00,0.0,10.5,16.2,0.0,1017.0,0.0,0.172414,69.0
2022-04-02 04:00:00,0.0,12.6,14.7,0.0,1018.0,0.0,0.155172,87.0
2022-04-02 05:00:00,0.0,12.0,14.0,360.0,1018.0,5.4,0.137931,88.0
2022-04-02 06:00:00,0.0,11.0,11.6,140.0,1018.0,5.4,0.12069,96.0
2022-04-02 07:00:00,0.0,6.3,11.7,0.0,1017.0,0.0,0.12069,69.0
2022-04-02 08:00:00,0.0,11.2,11.5,0.0,1017.0,0.0,0.103448,95.0
2022-04-02 09:00:00,0.0,10.8,11.9,0.0,1017.0,0.0,0.103448,93.0
2022-04-02 10:00:00,0.0,9.7,10.6,0.0,1017.0,0.0,0.103448,92.0
2022-04-02 11:00:00,0.0,9.5,10.7,30.0,1017.0,9.4,0.12069,92.0
2022-04-02 12:00:00,0.0,7.9,11.0,40.0,1018.0,7.6,0.12069,81.0
2022-04-02 13:00:00,0.0,8.9,12.4,50.0,1018.0,9.4,0.12069,79.0
2022-04-02 14:00:00,0.0,8.7,12.8,350.0,1020.0,7.6,0.086207,76.0
2022-04-02 15:00:00,0.0,10.0,13.0,340.0,1019.0,14.8,0.137931,82.0
2022-04-02 16:00:00,0.0,10.6,13.4,140.0,1018.0,7.6,0.137931,83.0
2022-04-02 17:00:00,0.0,10.4,14.2,10.0,1017.0,11.2,0.068966,78.0
2022-04-02 18:00:00,0.0,10.1,15.6,10.0,1017.0,9.4,0.051724,70.0
2022-04-02 19:00:00,0.1,9.9,16.0,340.0,1017.0,7.6,0.034483,67.0
2022-04-02 20:00:00,0.0,10.8,16.3,320.0,1016.0,5.4,0.068966,70.0
2022-04-02 21:00:00,0.0,10.3,17.9,310.0,1016.0,9.4,0.034483,61.0
2022-04-02 22:00:00,0.0,10.6,18.0,210.0,1016.0,5.4,0.0,62.0
2022-04-02 23:00:00,0.0,11.6,17.8,150.0,1015.0,7.6,0.034483,67.0
2022-04-03 00:00:00,0.0,11.6,16.5,210.0,1016.0,7.6,0.103448,73.0
2022-04-03 01:00:00,0.0,12.8,14.6,320.0,1015.0,7.6,0.137931,89.0
2022-04-03 02:00:00,0.0,12.6,12.8,0.0,1016.0,0.0,0.172414,99.0
2022-04-03 03:00:00,0.0,12.0,12.5,0.0,1017.0,0.0,0.172414,97.0
2022-04-03 04:00:00,0.0,11.4,11.2,250.0,1016.0,5.4,0.155172,80.0
2022-04-03 05:00:00,0.0,10.5,10.5,0.0,1016.0,0.0,0.137931,91.0
2022-04-03 06:00:00,0.0,10.3,10.3,0.0,1016.0,0.0,0.137931,91.0
2022-04-03 07:00:00,0.0,9.0,10.4,0.0,1016.0,0.0,0.137931,87.0
2022-04-03 08:00:00,0.0,8.3,10.5,0.0,1015.0,0.0,0.12069,85.0
2022-04-03 09:00:00,0.0,10.0,10.3,340.0,1015.0,5.4,0.12069,100.0
2022-04-03 10:00:00,0.0,6.5,10.1,0.0,1016.0,0.0,0.12069,77.0
2022-04-03 11:00:00,0.0,6.1,9.9,10.0,1016.0,5.4,0.137931,75.0
2022-04-03 12:00:00,0.0,11.6,9.0,0.0,1017.0,0.0,0.137931,91.0
2022-04-03 13:00:00,0.0,11.3,12.7,0.0,1018.0,0.0,0.137931,91.0
2022-04-03 14:00:00,0.0,9.6,16.2,20.0,1018.0,7.6,0.086207,65.0
2022-04-03 15:00:00,0.0,7.2,18.8,30.0,1018.0,16.6,-0.068966,47.0
2022-04-03 16:00:00,0.0,8.1,20.4,20.0,1017.0,9.4,-0.189655,45.0
2022-04-03 17:00:00,0.0,7.9,21.3,340.0,1016.0,11.2,-0.293103,42.0
2022-04-03 18:00:00,0.0,7.0,22.9,300.0,1015.0,13.0,-0.362069,36.0
2022-04-03 19:00:00,0.0,8.0,24.0,310.0,1015.0,5.4,-0.37931,36.0
2022-04-03 20:00:00,0.0,6.4,24.6,320.0,1014.0,5.4,-0.362069,31.0
2022-04-03 21:00:00,0.0,6.9,25.2,300.0,1013.0,14.8,-0.310345,31.0
2022-04-03 22:00:00,0.0,6.9,25.2,300.0,1013.0,18.4,-0.224138,31.0
2022-04-03 23:00:00,0.0,7.2,24.5,340.0,1014.0,9.4,-0.086207,33.0
2022-04-04 00:00:00,0.0,6.9,22.7,50.0,1014.0,5.4,0.051724,36.0
2022-04-04 01:00:00,0.0,9.9,18.3,0.0,1015.0,0.0,0.155172,58.0
2022-04-04 02:00:00,0.0,11.2,15.4,0.0,1015.0,0.0,0.189655,76.0
2022-04-04 03:00:00,0.0,10.8,14.2,0.0,1015.0,0.0,0.189655,80.0
2022-04-04 04:00:00,0.0,11.2,13.0,0.0,1015.0,0.0,0.172414,89.0
2022-04-04 05:00:00,0.0,9.5,12.3,0.0,1014.0,0.0,0.155172,83.0
2022-04-04 06:00:00,0.0,10.0,11.4,120.0,1014.0,7.6,0.137931,91.0
2022-04-04 07:00:00,0.0,10.5,11.0,0.0,1014.0,0.0,0.12069,97.0
2022-04-04 08:00:00,0.0,10.5,10.8,0.0,1014.0,0.0,0.12069,97.0
2022-04-04 09:00:00,0.0,10.5,11.0,0.0,1015.0,0.0,0.103448,97.0
2022-04-04 10:00:00,0.0,7.0,9.2,0.0,1015.0,0.0,0.12069,83.0
2022-04-04 11:00:00,0.0,6.5,9.5,0.0,1016.0,0.0,0.155172,81.0
2022-04-04 12:00:00,0.0,10.8,9.0,40.0,1016.0,5.4,0.189655,81.0
2022-04-04 13:00:00,0.0,10.6,13.8,80.0,1016.0,9.4,0.224138,81.0
2022-04-04 14:00:00,0.0,10.5,17.4,80.0,1017.0,13.0,0.172414,64.0
2022-04-04 15:00:00,0.0,9.9,21.0,120.0,1017.0,9.4,0.017241,49.0
2022-04-04 16:00:00,0.0,9.7,24.1,70.0,1017.0,7.6,-0.103448,40.0
2022-04-04 17:00:00,0.0,6.9,25.2,0.0,1016.0,0.0,-0.189655,31.0
2022-04-04 18:00:00,0.0,7.0,26.5,100.0,1015.0,7.6,-0.241379,29.0
2022-04-04 19:00:00,0.0,6.5,27.1,240.0,1014.0,9.4,-0.258621,27.0
2022-04-04 20:00:00,0.0,6.2,27.4,240.0,1014.0,11.2,-0.241379,26.0
2022-04-04 21:00:00,0.0,5.8,27.6,220.0,1013.0,13.0,-0.189655,25.0
2022-04-04 22:00:00,0.0,5.8,27.6,270.0,1013.0,9.4,-0.137931,25.0
2022-04-04 23:00:00,0.0,6.2,26.7,300.0,1013.0,7.6,-0.034483,27.0
2022-04-05 00:00:00,0.0,7.9,24.4,0.0,1013.0,0.0,0.086207,35.0
2022-04-05 01:00:00,0.0,9.7,21.1,170.0,1014.0,9.4,0.206897,48.0
2022-04-05 02:00:00,0.0,10.0,20.5,170.0,1014.0,7.6,0.224138,51.0
2022-04-05 03:00:00,0.0,10.8,17.4,200.0,1014.0,7.6,0.206897,65.0
2022-04-05 04:00:00,0.0,12.4,15.3,140.0,1014.0,7.6,0.189655,83.0
2022-04-05 05:00:00,0.0,12.4,15.8,140.0,1014.0,5.4,0.172414,80.0
2022-04-05 06:00:00,0.0,12.4,15.3,0.0,1013.0,0.0,0.155172,83.0
2022-04-05 07:00:00,0.0,13.4,15.0,0.0,1013.0,0.0,0.155172,90.0
2022-04-05 08:00:00,0.0,14.5,15.6,0.0,1011.0,0.0,0.155172,93.0
2022-04-05 09:00:00,0.0,15.0,16.1,120.0,1011.0,5.4,0.12069,93.0
2022-04-05 10:00:00,0.0,16.3,16.6,120.0,1010.0,9.4,0.12069,98.0
2022-04-05 11:00:00,0.0,17.0,17.5,140.0,1011.0,11.2,0.155172,97.0
2022-04-05 12:00:00,0.0,17.6,17.9,150.0,1010.0,9.4,0.206897,98.0
2022-04-05 13:00:00,0.0,18.5,19.8,160.0,1009.0,14.8,0.224138,92.0
2022-04-05 14:00:00,0.0,19.7,21.4,170.0,1010.0,27.7,0.206897,90.0
2022-04-05 15:00:00,0.1,20.1,22.8,170.0,1010.0,29.5,0.172414,85.0
2022-04-05 16:00:00,0.7,19.9,24.2,180.0,1010.0,35.3,0.206897,77.0
2022-04-05 17:00:00,0.9,19.6,26.7,190.0,1008.0,27.7,0.172414,65.0
2022-04-05 18:00:00,0.9,18.1,28.6,210.0,1008.0,33.5,0.017241,53.0
2022-04-05 19:00:00,0.4,19.3,27.5,210.0,1008.0,33.5,-0.068966,61.0
2022-04-05 20:00:00,0.0,19.2,27.1,250.0,1010.0,31.7,0.189655,62.0
2022-04-05 21:00:00,19.3,19.7,17.1,320.0,1011.0,25.9,0.258621,82.0
2022-04-05 22:00:00,4.8,19.5,17.1,320.0,1010.0,11.2,0.206897,94.0
2022-04-05 23:00:00,1.0,19.7,16.9,150.0,1010.0,14.8,0.172414,95.0
2022-04-06 00:00:00,3.3,19.7,17.1,150.0,1010.0,14.8,0.172414,95.0
2022-04-06 01:00:00,0.0,19.4,17.0,150.0,1010.0,13.0,0.172414,95.0
2022-04-06 02:00:00,0.5,18.9,17.0,150.0,1010.0,13.0,0.172414,96.0
2022-04-06 03:00:00,0.3,19.3,17.1,180.0,1010.0,11.2,0.172414,96.0
2022-04-06 04:00:00,0.1,19.6,17.0,180.0,1010.0,13.0,0.172414,97.0
2022-04-06 05:00:00,0.0,19.8,17.4,170.0,1009.0,11.2,0.155172,96.0
2022-04-06 06:00:00,0.0,20.0,18.2,160.0,1009.0,16.6,0.137931,96.0
2022-04-06 07:00:00,0.0,19.9,19.2,180.0,1008.0,9.4,0.137931,98.0
2022-04-06 08:00:00,0.0,20.2,20.1,190.0,1008.0,14.8,0.137931,97.0
2022-04-06 09:00:00,0.1,20.4,20.5,200.0,1009.0,13.0,0.12069,97.0
2022-04-06 10:00:00,0.2,20.6,20.9,200.0,1009.0,9.4,0.137931,97.0
2022-04-06 11:00:00,0.2,20.1,21.6,210.0,1009.0,11.2,0.155172,97.0
2022-04-06 12:00:00,0.9,20.1,22.2,200.0,1010.0,16.6,0.189655,97.0
2022-04-06 13:00:00,0.3,23.8,23.2,210.0,1010.0,18.4,0.241379,99.0
2022-04-06 14:00:00,0.0,23.9,24.8,200.0,1011.0,16.6,0.206897,95.0
2022-04-06 15:00:00,0.0,23.4,24.8,200.0,1011.0,14.8,0.155172,92.0
2022-04-06 16:00:00,0.0,23.3,26.6,210.0,1010.0,18.4,0.051724,82.0
2022-04-06 17:00:00,2.1,23.3,26.8,200.0,1010.0,20.5,0.051724,81.0
2022-04-06 18:00:00,7.5,23.1,26.8,190.0,1009.0,24.1,0.034483,80.0
2022-04-06 19:00:00,0.3,24.1,25.1,230.0,1008.0,16.6,-0.017241,94.0
2022-04-06 20:00:00,0.7,21.4,22.9,180.0,1007.0,18.4,0.12069,91.0
2022-04-06 21:00:00,0.3,21.2,23.9,160.0,1006.0,18.4,-0.051724,85.0
2022-04-06 22:00:00,0.1,22.5,25.0,150.0,1007.0,22.3,0.068966,86.0
2022-04-06 23:00:00,0.1,21.5,23.2,160.0,1007.0,20.5,0.12069,90.0
2022-04-07 00:00:00,0.2,22.1,22.3,150.0,1007.0,16.6,0.155172,99.0
2022-04-07 01:00:00,0.0,22.0,22.2,160.0,1008.0,7.6,0.224138,99.0
2022-04-07 02:00:00,0.5,23.8,24.3,230.0,1008.0,20.5,0.241379,97.0
2022-04-07 03:00:00,0.0,23.7,24.0,230.0,1008.0,16.6,0.241379,98.0
2022-04-07 04:00:00,3.6,23.8,23.8,220.0,1008.0,16.6,0.224138,99.0
2022-04-07 05:00:00,0.3,23.7,23.9,220.0,1007.0,18.4,0.206897,99.0
2022-04-07 06:00:00,0.0,24.0,23.6,230.0,1006.0,13.0,0.189655,100.0
2022-04-07 07:00:00,0.0,23.6,23.9,250.0,1006.0,18.4,0.172414,98.0
2022-04-07 08:00:00,0.0,23.2,23.7,240.0,1006.0,18.4,0.172414,97.0
2022-04-07 09:00:00,0.0,22.8,23.1,260.0,1006.0,18.4,0.155172,98.0
2022-04-07 10:00:00,0.2,22.0,22.7,270.0,1007.0,22.3,0.137931,96.0
2022-04-07 11:00:00,0.2,19.7,20.9,320.0,1009.0,16.6,0.172414,93.0
2022-04-07 12:00:00,0.0,16.6,19.2,320.0,1010.0,22.3,0.206897,85.0
2022-04-07 13:00:00,0.1,12.6,17.9,330.0,1010.0,14.8,0.258621,71.0
2022-04-07 14:00:00,0.0,12.4,18.9,350.0,1010.0,14.8,0.206897,66.0
2022-04-07 15:00:00,0.0,7.7,20.0,330.0,1010.0,22.3,0.103448,45.0
2022-04-07 16:00:00,0.0,7.3,21.1,310.0,1011.0,25.9,-0.068966,41.0
2022-04-07 17:00:00,0.0,6.4,22.2,330.0,1010.0,18.4,-0.172414,36.0
2022-04-07 18:00:00,0.0,6.7,23.0,290.0,1010.0,22.3,-0.258621,35.0
2022-04-07 19:00:00,0.0,6.7,23.5,310.0,1009.0,22.3,-0.258621,34.0
2022-04-07 20:00:00,0.0,5.4,24.0,280.0,1009.0,20.5,-0.258621,30.0
2022-04-07 21:00:00,0.0,5.4,24.1,290.0,1009.0,24.1,-0.206897,30.0
2022-04-07 22:00:00,0.0,3.8,24.0,280.0,1009.0,27.7,-0.172414,27.0
2022-04-07 23:00:00,0.0,4.4,22.9,280.0,1009.0,22.3,-0.086207,30.0
2022-04-08 00:00:00,0.0,3.8,20.2,300.0,1010.0,22.3,0.051724,34.0
2022-04-08 01:00:00,0.0,4.7,17.1,300.0,1011.0,14.8,0.155172,44.0
2022-04-08 02:00:00,0.0,5.4,15.2,290.0,1012.0,13.0,0.189655,52.0
2022-04-08 03:00:00,0.0,5.2,14.4,300.0,1013.0,18.4,0.189655,54.0
2022-04-08 04:00:00,0.0,3.5,14.7,310.0,1013.0,14.8,0.172414,47.0
2022-04-08 05:00:00,0.0,2.8,14.6,310.0,1014.0,20.5,0.137931,45.0
2022-04-08 06:00:00,0.0,2.7,13.8,300.0,1013.0,18.4,0.137931,47.0
2022-04-08 07:00:00,0.0,3.7,11.4,280.0,1014.0,9.4,0.12069,59.0
2022-04-08 08:00:00,0.0,3.9,10.9,270.0,1014.0,11.2,0.103448,62.0
2022-04-08 09:00:00,0.0,3.9,10.0,270.0,1014.0,13.0,0.103448,66.0
2022-04-08 10:00:00,0.0,4.1,9.5,260.0,1015.0,13.0,0.12069,69.0
2022-04-08 11:00:00,0.0,4.2,9.2,250.0,1015.0,13.0,0.155172,71.0
2022-04-08 12:00:00,0.0,4.3,9.9,260.0,1016.0,13.0,0.189655,68.0
2022-04-08 13:00:00,0.0,4.4,11.9,260.0,1016.0,14.8,0.224138,60.0
2022-04-08 14:00:00,0.0,3.6,15.1,280.0,1016.0,18.4,0.155172,46.0
2022-04-08 15:00:00,0.0,0.6,17.0,270.0,1016.0,29.5,0.0,33.0
2022-04-08 16:00:00,0.0,-1.0,18.3,280.0,1016.0,31.7,-0.12069,27.0
2022-04-08 17:00:00,0.0,-1.5,19.0,270.0,1014.0,33.5,-0.241379,25.0
2022-04-08 18:00:00,0.0,-1.9,19.8,230.0,1013.0,35.3,-0.344828,23.0
2022-04-08 19:00:00,0.0,-0.8,21.1,240.0,1012.0,29.5,-0.37931,23.0
2022-04-08 20:00:00,0.0,-1.0,21.7,240.0,1012.0,33.5,-0.37931,22.0
2022-04-08 21:00:00,0.0,0.2,21.7,240.0,1011.0,31.7,-0.327586,24.0
2022-04-08 22:00:00,0.0,0.1,20.9,240.0,1011.0,33.5,-0.258621,25.0
2022-04-08 23:00:00,0.0,1.2,19.7,240.0,1011.0,29.5,-0.12069,29.0
2022-04-09 00:00:00,0.0,3.3,17.8,250.0,1012.0,22.3,0.051724,38.0
2022-04-09 01:00:00,0.0,3.4,16.3,250.0,1013.0,18.4,0.137931,42.0
2022-04-09 02:00:00,0.0,2.3,15.9,300.0,1016.0,24.1,0.172414,40.0
2022-04-09 03:00:00,0.0,1.3,14.4,330.0,1017.0,25.9,0.189655,41.0
2022-04-09 04:00:00,0.0,-0.6,12.7,320.0,1017.0,22.3,0.172414,40.0
2022-04-09 05:00:00,0.0,-0.3,11.9,320.0,1017.0,18.4,0.172414,43.0
2022-04-09 06:00:00,0.0,-1.4,11.0,340.0,1017.0,20.5,0.155172,42.0
2022-04-09 07:00:00,0.0,-0.8,9.7,320.0,1017.0,11.2,0.137931,48.0
2022-04-09 08:00:00,0.0,0.9,7.7,300.0,1017.0,9.4,0.155172,62.0
2022-04-09 09:00:00,0.0,1.7,7.7,250.0,1017.0,7.6,0.155172,66.0
2022-04-09 10:00:00,0.0,1.4,6.7,260.0,1018.0,11.2,0.155172,69.0
2022-04-09 11:00:00,0.0,1.6,6.3,260.0,1018.0,11.2,0.155172,72.0
2022-04-09 12:00:00,0.0,2.3,6.8,260.0,1019.0,11.2,0.172414,73.0
2022-04-09 13:00:00,0.0,1.9,9.3,280.0,1019.0,22.3,0.189655,60.0
2022-04-09 14:00:00,0.0,-0.6,11.2,280.0,1020.0,33.5,0.103448,44.0
2022-04-09 15:00:00,0.0,-3.1,13.3,300.0,1020.0,35.3,-0.034483,32.0
2022-04-09 16:00:00,0.0,-4.2,14.1,300.0,1020.0,44.6,-0.189655,28.0
2022-04-09 17:00:00,0.0,-3.9,15.0,300.0,1020.0,50.0,-0.293103,27.0
2022-04-09 18:00:00,0.0,-3.9,15.5,310.0,1019.0,31.7,-0.362069,26.0
2022-04-09 19:00:00,0.0,-3.6,16.5,280.0,1018.0,27.7,-0.362069,25.0
2022-04-09 20:00:00,0.0,-2.9,17.3,280.0,1017.0,35.3,-0.37931,25.0
2022-04-09 21:00:00,0.0,-2.6,17.7,310.0,1017.0,27.7,-0.362069,25.0
2022-04-09 22:00:00,0.0,-2.9,17.3,300.0,1017.0,25.9,-0.275862,25.0
2022-04-09 23:00:00,0.0,-2.2,16.9,270.0,1017.0,20.5,-0.137931,27.0
2022-04-10 00:00:00,0.0,-0.7,14.6,280.0,1017.0,14.8,0.017241,35.0
2022-04-10 01:00:00,0.0,0.7,12.3,240.0,1019.0,7.6,0.137931,45.0
2022-04-10 02:00:00,0.0,2.7,10.6,240.0,1019.0,5.4,0.189655,58.0
2022-04-10 03:00:00,0.0,2.6,8.6,0.0,1020.0,0.0,0.189655,66.0
2022-04-10 04:00:00,0.0,3.0,9.2,220.0,1020.0,11.2,0.189655,65.0
2022-04-10 05:00:00,0.0,4.2,9.0,210.0,1020.0,9.4,0.172414,72.0
2022-04-10 06:00:00,0.0,5.8,9.3,230.0,1019.0,9.4,0.172414,79.0
2022-04-10 07:00:00,0.0,6.3,7.2,0.0,1019.0,0.0,0.155172,94.0
2022-04-10 08:00:00,0.0,6.3,6.6,0.0,1019.0,0.0,0.172414,98.0
2022-04-10 09:00:00,0.0,5.9,6.3,0.0,1020.0,0.0,0.155172,97.0
2022-04-10 10:00:00,0.0,4.5,5.9,0.0,1021.0,0.0,0.172414,90.0
2022-04-10 11:00:00,0.0,4.5,5.6,140.0,1021.0,5.4,0.172414,90.0
2022-04-10 12:00:00,0.0,8.9,6.4,0.0,1022.0,0.0,0.189655,93.0
2022-04-10 13:00:00,0.0,8.7,11.7,190.0,1022.0,5.4,0.189655,82.0
2022-04-10 14:00:00,0.0,9.3,15.4,230.0,1023.0,5.4,0.12069,67.0
2022-04-10 15:00:00,0.0,7.8,18.4,240.0,1023.0,7.6,-0.034483,50.0
2022-04-10 16:00:00,0.0,4.4,20.8,240.0,1023.0,16.6,-0.172414,34.0
2022-04-10 17:00:00,0.0,3.8,21.7,230.0,1021.0,13.0,-0.275862,31.0
2022-04-10 18:00:00,0.0,4.7,22.7,300.0,1020.0,11.2,-0.344828,31.0
2022-04-10 19:00:00,0.0,5.3,23.4,200.0,1020.0,9.4,-0.362069,31.0
2022-04-10 20:00:00,0.0,3.7,24.5,180.0,1019.0,13.0,-0.362069,26.0
2022-04-10 21:00:00,0.0,2.0,24.5,240.0,1019.0,7.6,-0.293103,23.0
2022-04-10 22:00:00,0.0,4.0,24.8,0.0,1019.0,0.0,-0.224138,26.0
2022-04-10 23:00:00,0.0,5.4,24.1,270.0,1019.0,11.2,-0.103448,30.0
2022-04-11 00:00:00,0.0,6.6,22.0,220.0,1020.0,9.4,0.034483,37.0
2022-04-11 01:00:00,0.0,9.4,19.5,220.0,1020.0,18.4,0.155172,52.0
2022-04-11 02:00:00,0.0,9.4,17.5,210.0,1021.0,16.6,0.206897,59.0
2022-04-11 03:00:00,0.0,9.2,15.8,190.0,1021.0,9.4,0.206897,65.0
2022-04-11 04:00:00,0.0,9.2,14.4,200.0,1021.0,9.4,0.172414,71.0
2022-04-11 05:00:00,0.0,9.5,12.5,0.0,1020.0,0.0,0.155172,82.0
2022-04-11 06:00:00,0.0,10.0,10.8,0.0,1020.0,0.0,0.137931,95.0
2022-04-11 07:00:00,0.0,9.5,10.3,0.0,1020.0,0.0,0.103448,95.0
2022-04-11 08:00:00,0.0,9.1,9.2,150.0,1020.0,5.4,0.103448,99.0
2022-04-11 09:00:00,0.0,7.6,9.0,80.0,1020.0,7.6,0.103448,93.0
2022-04-11 10:00:00,0.0,7.6,8.7,130.0,1020.0,5.4,0.12069,93.0
2022-04-11 11:00:00,0.0,7.5,8.2,130.0,1021.0,7.6,0.155172,92.0
2022-04-11 12:00:00,0.0,11.3,8.6,120.0,1021.0,5.4,0.206897,84.0
2022-04-11 13:00:00,0.0,11.0,13.7,130.0,1021.0,11.2,0.241379,84.0
2022-04-11 14:00:00,0.0,11.0,17.7,140.0,1022.0,16.6,0.155172,65.0
2022-04-11 15:00:00,0.0,10.6,21.1,150.0,1022.0,24.1,0.0,51.0
2022-04-11 16:00:00,0.0,11.2,22.4,150.0,1022.0,18.4,-0.051724,49.0
2022-04-11 17:00:00,0.0,11.2,23.1,150.0,1023.0,14.8,-0.068966,47.0
2022-04-11 18:00:00,0.0,10.9,23.9,220.0,1022.0,11.2,0.0,44.0
2022-04-11 19:00:00,0.0,11.1,25.3,190.0,1021.0,9.4,-0.224138,41.0
2022-04-11 20:00:00,0.0,12.7,27.1,190.0,1020.0,20.5,-0.155172,41.0
2022-04-11 21:00:00,0.0,13.5,26.4,200.0,1020.0,18.4,-0.189655,45.0
2022-04-11 22:00:00,0.0,13.4,25.5,180.0,1020.0,18.4,-0.068966,47.0
2022-04-11 23:00:00,0.0,13.2,24.0,170.0,1020.0,18.4,0.051724,51.0
2022-04-12 00:00:00,0.0,13.9,22.0,180.0,1021.0,11.2,0.155172,60.0
2022-04-12 01:00:00,0.0,13.2,21.0,190.0,1021.0,14.8,0.189655,61.0
2022-04-12 02:00:00,0.0,14.1,20.2,170.0,1022.0,14.8,0.206897,68.0
2022-04-12 03:00:00,0.0,15.3,19.6,180.0,1020.0,14.8,0.224138,76.0
2022-04-12 04:00:00,0.0,14.9,19.2,160.0,1020.0,18.4,0.189655,76.0
2022-04-12 05:00:00,0.0,14.1,19.0,180.0,1019.0,14.8,0.172414,73.0
2022-04-12 06:00:00,0.0,12.4,18.4,160.0,1019.0,16.6,0.155172,68.0
2022-04-12 07:00:00,0.0,12.7,17.0,200.0,1019.0,9.4,0.155172,76.0
2022-04-12 08:00:00,0.0,12.5,16.3,180.0,1019.0,7.6,0.137931,78.0
2022-04-12 09:00:00,0.0,11.9,16.3,170.0,1019.0,5.4,0.103448,75.0
2022-04-12 10:00:00,0.0,12.5,14.5,150.0,1021.0,9.4,0.12069,88.0
2022-04-12 11:00:00,0.0,13.0,15.1,0.0,1021.0,0.0,0.137931,87.0
2022-04-12 12:00:00,0.0,12.9,13.9,0.0,1022.0,0.0,0.189655,94.0
2022-04-12 13:00:00,0.0,14.8,17.2,30.0,1022.0,9.4,0.224138,86.0
2022-04-12 14:00:00,0.0,15.1,20.1,130.0,1022.0,13.0,0.137931,73.0
2022-04-12 15:00:00,0.0,14.6,23.9,180.0,1023.0,16.6,0.017241,56.0
2022-04-12 16:00:00,0.0,15.4,25.4,180.0,1023.0,11.2,-0.103448,54.0
2022-04-12 17:00:00,0.0,15.4,26.0,210.0,1022.0,20.5,-0.155172,52.0
2022-04-12 18:00:00,0.0,15.2,28.3,210.0,1021.0,14.8,-0.155172,45.0
2022-04-12 19:00:00,0.0,14.8,28.2,190.0,1020.0,20.5,-0.086207,44.0
2022-04-12 20:00:00,0.0,14.6,28.8,170.0,1020.0,18.4,-0.086207,42.0
2022-04-12 21:00:00,0.0,14.3,28.4,170.0,1020.0,18.4,-0.051724,42.0
2022-04-12 22:00:00,0.0,13.6,27.7,190.0,1019.0,13.0,-0.017241,42.0
2022-04-12 23:00:00,0.0,14.6,26.9,150.0,1019.0,22.3,0.034483,47.0
2022-04-13 00:00:00,0.0,14.3,24.2,160.0,1019.0,18.4,0.137931,54.0
2022-04-13 01:00:00,0.0,14.2,22.3,160.0,1019.0,16.6,0.224138,60.0
2022-04-13 02:00:00,0.0,13.8,20.6,160.0,1020.0,14.8,0.241379,65.0
2022-04-13 03:00:00,0.0,15.0,19.3,200.0,1020.0,9.4,0.224138,76.0
2022-04-13 04:00:00,0.0,15.6,18.7,220.0,1020.0,9.4,0.206897,82.0
2022-04-13 05:00:00,0.0,15.5,17.9,170.0,1019.0,5.4,0.172414,86.0
2022-04-13 06:00:00,0.0,15.9,17.4,0.0,1019.0,0.0,0.172414,91.0
2022-04-13 07:00:00,0.0,16.2,16.8,220.0,1018.0,5.4,0.155172,96.0
2022-04-13 08:00:00,0.0,16.0,16.6,160.0,1018.0,9.4,0.137931,96.0
2022-04-13 09:00:00,0.0,16.6,17.4,150.0,1018.0,16.6,0.12069,95.0
2022-04-13 10:00:00,0.0,16.4,17.4,160.0,1019.0,9.4,0.12069,94.0
2022-04-13 11:00:00,0.0,16.2,16.4,0.0,1019.0,0.0,0.137931,99.0
2022-04-13 12:00:00,0.0,16.7,16.9,160.0,1018.0,13.0,0.206897,99.0
2022-04-13 13:00:00,0.0,17.3,19.2,170.0,1018.0,24.1,0.241379,89.0
2022-04-13 14:00:00,0.0,18.1,22.8,170.0,1020.0,37.1,0.206897,75.0
2022-04-13 15:00:00,0.0,18.0,24.0,230.0,1020.0,13.0,0.12069,69.0
2022-04-13 16:00:00,0.0,17.0,24.8,190.0,1019.0,13.0,-0.017241,62.0
2022-04-13 17:00:00,0.0,16.7,26.8,140.0,1018.0,14.8,-0.068966,54.0
2022-04-13 18:00:00,0.0,16.2,28.3,160.0,1018.0,25.9,-0.068966,48.0
2022-04-13 19:00:00,0.0,15.1,26.7,160.0,1016.0,20.5,-0.051724,49.0
2022-04-13 20:00:00,0.0,15.3,26.6,160.0,1016.0,18.4,0.12069,50.0
2022-04-13 21:00:00,0.0,15.1,26.0,160.0,1016.0,22.3,0.086207,51.0
2022-04-13 22:00:00,0.0,16.0,25.1,170.0,1016.0,27.7,0.12069,57.0
2022-04-13 23:00:00,0.0,16.4,24.1,180.0,1015.0,22.3,0.086207,62.0
2022-04-14 00:00:00,0.0,16.6,22.6,170.0,1015.0,20.5,0.103448,69.0
2022-04-14 01:00:00,0.0,16.5,20.7,170.0,1015.0,11.2,0.206897,77.0
2022-04-14 02:00:00,0.0,16.9,19.3,180.0,1015.0,9.4,0.241379,86.0
2022-04-14 03:00:00,0.0,17.3,18.6,190.0,1017.0,9.4,0.241379,92.0
2022-04-14 04:00:00,0.0,17.7,18.9,220.0,1017.0,7.6,0.206897,93.0
2022-04-14 05:00:00,0.0,17.9,18.7,240.0,1016.0,5.4,0.172414,95.0
2022-04-14 06:00:00,0.0,17.0,17.7,230.0,1018.0,5.4,0.172414,100.0
2022-04-14 07:00:00,0.0,17.0,17.5,290.0,1018.0,7.6,0.155172,94.0
2022-04-14 08:00:00,0.0,17.1,18.6,200.0,1017.0,13.0,0.137931,94.0
2022-04-14 09:00:00,0.8,17.3,19.1,240.0,1017.0,9.4,0.12069,94.0
2022-04-14 10:00:00,0.0,17.7,18.2,220.0,1016.0,9.4,0.12069,95.0
2022-04-14 11:00:00,0.0,17.8,17.7,200.0,1016.0,9.4,0.137931,99.0
2022-04-14 12:00:00,0.0,17.6,17.8,190.0,1016.0,9.4,0.206897,99.0
2022-04-14 13:00:00,0.0,17.3,18.5,210.0,1015.0,13.0,0.224138,93.0
2022-04-14 14:00:00,0.0,17.1,19.5,170.0,1017.0,13.0,0.206897,86.0
2022-04-14 15:00:00,0.3,17.7,20.3,320.0,1018.0,20.5,0.189655,85.0
2022-04-14 16:00:00,0.0,17.7,21.5,320.0,1018.0,14.8,0.137931,79.0
2022-04-14 17:00:00,0.0,17.4,22.5,290.0,1018.0,13.0,0.068966,73.0
2022-04-14 18:00:00,0.1,17.0,23.2,270.0,1018.0,13.0,0.034483,68.0
2022-04-14 19:00:00,0.1,17.0,23.2,260.0,1017.0,16.6,0.051724,68.0
2022-04-14 20:00:00,0.6,16.6,23.1,280.0,1017.0,14.8,0.034483,67.0
2022-04-14 21:00:00,2.4,17.5,24.0,270.0,1017.0,9.4,0.034483,67.0
2022-04-14 22:00:00,0.0,17.0,24.0,260.0,1017.0,16.6,0.017241,65.0
2022-04-14 23:00:00,0.0,17.4,23.9,260.0,1017.0,11.2,0.017241,67.0
2022-04-15 00:00:00,0.0,17.8,22.2,230.0,1017.0,9.4,0.103448,76.0
2022-04-15 01:00:00,0.0,18.4,20.6,220.0,1017.0,7.6,0.172414,87.0
2022-04-15 02:00:00,0.0,18.5,19.8,210.0,1018.0,7.6,0.206897,92.0
2022-04-15 03:00:00,0.0,18.0,18.8,0.0,1018.0,0.0,0.224138,95.0
2022-04-15 04:00:00,0.0,18.0,17.9,300.0,1018.0,5.4,0.206897,100.0
2022-04-15 05:00:00,0.0,17.0,18.0,320.0,1019.0,7.6,0.172414,100.0
2022-04-15 06:00:00,0.0,17.8,17.3,280.0,1019.0,5.4,0.155172,99.0
2022-04-15 07:00:00,0.0,17.7,17.9,340.0,1019.0,14.8,0.12069,99.0
2022-04-15 08:00:00,0.0,13.5,16.8,20.0,1019.0,14.8,0.12069,81.0
2022-04-15 09:00:00,0.0,11.8,15.4,30.0,1019.0,13.0,0.103448,79.0
2022-04-15 10:00:00,0.0,10.9,14.1,30.0,1020.0,11.2,0.12069,81.0
2022-04-15 11:00:00,0.0,10.3,13.1,40.0,1021.0,9.4,0.137931,83.0
2022-04-15 12:00:00,0.0,11.0,13.7,60.0,1021.0,7.6,0.172414,84.0
2022-04-15 13:00:00,0.0,10.6,16.5,50.0,1021.0,9.4,0.206897,68.0
2022-04-15 14:00:00,0.0,7.9,19.2,80.0,1021.0,14.8,0.12069,48.0
2022-04-15 15:00:00,0.0,7.1,21.7,70.0,1022.0,16.6,-0.017241,39.0
2022-04-15 16:00:00,0.0,8.0,23.5,30.0,1021.0,13.0,-0.137931,37.0
2022-04-15 17:00:00,0.0,6.9,24.7,80.0,1021.0,9.4,-0.224138,32.0
2022-04-15 18:00:00,0.0,5.8,26.3,0.0,1019.0,0.0,-0.310345,27.0
2022-04-15 19:00:00,0.0,6.3,27.5,120.0,1019.0,11.2,-0.310345,26.0
2022-04-15 20:00:00,0.0,7.0,28.3,20.0,1018.0,5.4,-0.310345,26.0
2022-04-15 21:00:00,0.0,5.8,28.3,40.0,1017.0,9.4,-0.258621,24.0
2022-04-15 22:00:00,0.0,6.8,28.8,110.0,1017.0,9.4,-0.155172,25.0
2022-04-15 23:00:00,0.0,7.7,27.9,120.0,1017.0,13.0,-0.051724,28.0
2022-04-16 00:00:00,0.0,9.1,24.8,110.0,1017.0,7.6,0.051724,37.0
2022-04-16 01:00:00,0.0,10.8,21.0,90.0,1018.0,9.4,0.172414,52.0
2022-04-16 02:00:00,0.0,11.2,20.5,120.0,1019.0,5.4,0.189655,55.0
2022-04-16 03:00:00,0.0,14.8,20.7,120.0,1019.0,14.8,0.189655,69.0
2022-04-16 04:00:00,0.0,15.7,20.9,130.0,1019.0,20.5,0.172414,72.0
2022-04-16 05:00:00,0.0,16.1,20.3,140.0,1018.0,16.6,0.155172,77.0
2022-04-16 06:00:00,0.0,16.3,19.3,130.0,1018.0,11.2,0.137931,83.0
2022-04-16 07:00:00,0.0,17.0,19.0,130.0,1017.0,14.8,0.12069,88.0
2022-04-16 08:00:00,0.0,17.1,18.6,140.0,1016.0,16.6,0.12069,91.0
2022-04-16 09:00:00,0.0,17.4,18.4,160.0,1016.0,9.4,0.12069,94.0
2022-04-16 10:00:00,0.0,17.5,18.1,150.0,1016.0,14.8,0.103448,96.0
2022-04-16 11:00:00,0.0,17.7,18.0,160.0,1018.0,13.0,0.103448,98.0
2022-04-16 12:00:00,0.0,18.3,18.5,160.0,1019.0,7.6,0.12069,99.0
2022-04-16 13:00:00,0.3,18.1,18.4,210.0,1018.0,11.2,0.12069,98.0
2022-04-16 14:00:00,2.8,20.8,19.7,210.0,1019.0,11.2,0.137931,99.0
2022-04-16 15:00:00,0.0,20.8,21.0,220.0,1019.0,11.2,0.086207,99.0
2022-04-16 16:00:00,0.0,21.3,23.0,220.0,1019.0,13.0,-0.017241,90.0
2022-04-16 17:00:00,0.2,21.2,24.7,240.0,1018.0,9.4,-0.068966,81.0
2022-04-16 18:00:00,1.2,20.9,25.2,290.0,1018.0,9.4,-0.086207,77.0
2022-04-16 19:00:00,4.8,21.1,25.6,330.0,1016.0,7.6,-0.103448,76.0
2022-04-16 20:00:00,1.6,20.0,26.1,0.0,1016.0,0.0,-0.241379,69.0
2022-04-16 21:00:00,0.0,19.7,26.6,340.0,1016.0,7.6,-0.137931,66.0
2022-04-16 22:00:00,0.0,20.0,26.1,300.0,1015.0,9.4,-0.051724,69.0
2022-04-16 23:00:00,0.0,20.2,25.6,280.0,1016.0,5.4,0.103448,72.0
2022-04-17 00:00:00,0.0,20.0,25.0,310.0,1016.0,5.4,0.155172,74.0
2022-04-17 01:00:00,0.0,21.5,23.1,260.0,1018.0,5.4,0.189655,91.0
2022-04-17 02:00:00,0.0,20.0,22.7,10.0,1018.0,24.1,0.206897,85.0
2022-04-17 03:00:00,0.0,18.1,21.7,20.0,1018.0,18.4,0.206897,80.0
2022-04-17 04:00:00,3.8,18.8,19.0,220.0,1016.0,5.4,0.189655,99.0
2022-04-17 05:00:00,1.5,18.6,18.6,120.0,1016.0,9.4,0.172414,100.0
2022-04-17 06:00:00,0.0,18.5,18.4,140.0,1016.0,7.6,0.155172,97.0
2022-04-17 07:00:00,0.0,18.5,18.0,0.0,1016.0,0.0,0.137931,99.0
2022-04-17 08:00:00,0.0,18.5,17.3,320.0,1015.0,5.4,0.137931,99.0
2022-04-17 09:00:00,0.0,17.9,16.6,0.0,1015.0,0.0,0.12069,99.0
2022-04-17 10:00:00,0.0,18.1,17.0,350.0,1016.0,7.6,0.12069,100.0
2022-04-17 11:00:00,0.0,18.3,17.0,0.0,1016.0,0.0,0.12069,100.0
2022-04-17 12:00:00,0.0,17.7,17.6,40.0,1017.0,5.4,0.12069,98.0
2022-04-17 13:00:00,0.0,19.3,18.6,70.0,1017.0,9.4,0.12069,96.0
2022-04-17 14:00:00,0.0,19.7,20.4,60.0,1017.0,9.4,0.086207,96.0
2022-04-17 15:00:00,0.0,19.5,23.4,70.0,1017.0,11.2,0.017241,79.0
2022-04-17 16:00:00,0.0,19.8,24.7,0.0,1017.0,0.0,-0.034483,74.0
2022-04-17 17:00:00,0.0,20.1,25.3,230.0,1015.0,5.4,-0.103448,73.0
2022-04-17 18:00:00,0.2,19.2,26.8,250.0,1015.0,7.6,-0.086207,63.0
2022-04-17 19:00:00,0.2,19.6,27.0,230.0,1014.0,7.6,-0.12069,64.0
2022-04-17 20:00:00,0.0,19.1,26.5,0.0,1013.0,0.0,-0.034483,64.0
2022-04-17 21:00:00,0.4,19.2,26.3,60.0,1014.0,9.4,0.086207,65.0
2022-04-17 22:00:00,16.3,19.7,21.5,40.0,1014.0,27.7,0.172414,98.0
2022-04-17 23:00:00,39.1,19.3,19.6,60.0,1015.0,16.6,0.224138,98.0
2022-04-18 00:00:00,1.3,19.5,19.5,140.0,1014.0,16.6,0.206897,100.0
2022-04-18 01:00:00,0.0,18.8,19.5,170.0,1013.0,13.0,0.189655,99.0
2022-04-18 02:00:00,0.0,19.3,18.3,190.0,1014.0,7.6,0.189655,84.0
2022-04-18 03:00:00,0.1,18.0,17.9,0.0,1014.0,0.0,0.206897,100.0
2022-04-18 04:00:00,0.1,19.7,18.0,200.0,1015.0,5.4,0.189655,92.0
2022-04-18 05:00:00,0.0,19.8,17.8,140.0,1014.0,7.6,0.172414,95.0
2022-04-18 06:00:00,0.0,18.8,18.0,200.0,1014.0,11.2,0.155172,98.0
2022-04-18 07:00:00,0.3,18.6,18.6,200.0,1015.0,9.4,0.12069,98.0
2022-04-18 08:00:00,17.3,18.5,17.6,270.0,1014.0,27.7,0.12069,98.0
2022-04-18 09:00:00,5.3,18.6,17.7,90.0,1013.0,5.4,0.12069,98.0
2022-04-18 10:00:00,0.1,18.7,17.4,200.0,1014.0,7.6,0.12069,97.0
2022-04-18 11:00:00,0.1,18.0,16.9,240.0,1014.0,7.6,0.155172,96.0
2022-04-18 12:00:00,0.0,18.2,17.1,0.0,1015.0,0.0,0.189655,96.0
2022-04-18 13:00:00,0.7,19.7,18.0,230.0,1015.0,11.2,0.224138,98.0
2022-04-18 14:00:00,2.0,18.9,20.4,260.0,1016.0,16.6,0.189655,91.0
2022-04-18 15:00:00,0.4,18.7,21.7,270.0,1016.0,20.5,0.103448,83.0
2022-04-18 16:00:00,0.3,17.9,22.3,310.0,1016.0,24.1,0.017241,76.0
2022-04-18 17:00:00,0.0,18.6,23.1,290.0,1016.0,20.5,-0.051724,76.0
2022-04-18 18:00:00,0.0,18.7,22.7,300.0,1016.0,20.5,-0.034483,78.0
2022-04-18 19:00:00,0.0,18.2,23.8,310.0,1015.0,20.5,0.034483,71.0
2022-04-18 20:00:00,0.0,18.0,24.3,300.0,1014.0,16.6,0.0,68.0
2022-04-18 21:00:00,0.0,17.6,25.7,310.0,1015.0,22.3,-0.103448,61.0
2022-04-18 22:00:00,0.0,16.3,26.0,310.0,1015.0,24.1,-0.051724,55.0
2022-04-18 23:00:00,0.0,15.1,24.4,330.0,1016.0,24.1,0.017241,56.0
2022-04-19 00:00:00,0.0,15.1,22.2,320.0,1016.0,22.3,0.103448,64.0
2022-04-19 01:00:00,0.0,14.8,20.2,320.0,1018.0,29.5,0.189655,71.0
2022-04-19 02:00:00,0.0,13.5,18.0,330.0,1019.0,20.5,0.224138,75.0
2022-04-19 03:00:00,0.0,12.2,16.6,340.0,1020.0,16.6,0.206897,75.0
2022-04-19 04:00:00,0.0,11.8,15.6,340.0,1020.0,16.6,0.206897,78.0
2022-04-19 05:00:00,0.0,10.5,14.7,350.0,1020.0,20.5,0.172414,76.0
2022-04-19 06:00:00,0.0,8.9,13.9,350.0,1020.0,14.8,0.155172,72.0
2022-04-19 07:00:00,0.0,8.3,12.8,350.0,1020.0,13.0,0.137931,74.0
2022-04-19 08:00:00,0.0,8.5,11.5,350.0,1021.0,11.2,0.12069,82.0
2022-04-19 09:00:00,0.0,8.5,10.9,360.0,1021.0,11.2,0.103448,85.0
2022-04-19 10:00:00,0.0,7.9,10.9,10.0,1023.0,11.2,0.12069,82.0
2022-04-19 11:00:00,0.0,5.1,10.6,20.0,1023.0,18.4,0.137931,69.0
2022-04-19 12:00:00,0.0,4.2,10.3,20.0,1024.0,18.4,0.206897,66.0
2022-04-19 13:00:00,0.0,4.5,11.8,30.0,1024.0,20.5,0.224138,61.0
2022-04-19 14:00:00,0.0,2.5,13.6,20.0,1024.0,25.9,0.172414,47.0
2022-04-19 15:00:00,0.0,1.9,15.1,50.0,1024.0,25.9,0.017241,41.0
2022-04-19 16:00:00,0.0,2.4,15.6,30.0,1024.0,25.9,-0.12069,41.0
2022-04-19 17:00:00,0.0,2.2,16.6,350.0,1023.0,16.6,-0.224138,38.0
2022-04-19 18:00:00,0.0,2.7,18.4,10.0,1023.0,16.6,-0.275862,35.0
2022-04-19 19:00:00,0.0,2.4,18.6,350.0,1022.0,11.2,-0.275862,34.0
2022-04-19 20:00:00,0.0,2.9,19.6,20.0,1022.0,16.6,-0.293103,33.0
2022-04-19 21:00:00,0.0,3.7,20.1,30.0,1022.0,13.0,-0.241379,34.0
2022-04-19 22:00:00,0.0,3.2,20.0,30.0,1022.0,7.6,-0.172414,33.0
2022-04-19 23:00:00,0.0,3.6,19.9,350.0,1022.0,13.0,-0.086207,34.0
2022-04-20 00:00:00,0.0,4.5,18.0,40.0,1022.0,9.4,0.051724,41.0
2022-04-20 01:00:00,0.0,4.7,17.4,20.0,1022.0,5.4,0.172414,43.0
2022-04-20 02:00:00,0.0,7.7,13.5,0.0,1023.0,0.0,0.206897,68.0
2022-04-20 03:00:00,0.0,9.7,11.8,290.0,1023.0,7.6,0.189655,87.0
2022-04-20 04:00:00,0.0,8.1,11.2,0.0,1024.0,0.0,0.172414,81.0
2022-04-20 05:00:00,0.0,8.8,10.7,0.0,1024.0,0.0,0.155172,88.0
2022-04-20 06:00:00,0.0,8.1,10.2,0.0,1024.0,0.0,0.155172,87.0
2022-04-20 07:00:00,0.0,8.7,9.3,0.0,1024.0,0.0,0.137931,96.0
2022-04-20 08:00:00,0.0,7.7,8.8,110.0,1024.0,5.4,0.137931,93.0
2022-04-20 09:00:00,0.0,7.1,8.0,70.0,1024.0,7.6,0.12069,94.0
2022-04-20 10:00:00,0.0,6.5,8.5,90.0,1024.0,11.2,0.137931,87.0
2022-04-20 11:00:00,0.0,5.9,8.3,100.0,1025.0,7.6,0.155172,85.0
2022-04-20 12:00:00,0.0,6.2,9.1,90.0,1025.0,11.2,0.206897,82.0
2022-04-20 13:00:00,0.0,7.3,12.9,90.0,1026.0,11.2,0.224138,69.0
2022-04-20 14:00:00,0.0,8.8,16.9,110.0,1026.0,14.8,0.155172,59.0
2022-04-20 15:00:00,0.0,7.4,19.7,130.0,1026.0,31.7,0.017241,45.0
2022-04-20 16:00:00,0.0,7.0,21.1,110.0,1026.0,22.3,-0.12069,40.0
2022-04-20 17:00:00,0.0,6.8,22.2,110.0,1025.0,18.4,-0.206897,37.0
2022-04-20 18:00:00,0.0,7.1,23.4,160.0,1025.0,18.4,-0.275862,35.0
2022-04-20 19:00:00,0.0,9.3,25.5,130.0,1025.0,20.5,-0.275862,36.0
2022-04-20 20:00:00,0.0,10.1,25.5,80.0,1024.0,22.3,-0.241379,38.0
2022-04-20 21:00:00,0.0,9.1,25.2,140.0,1023.0,16.6,-0.206897,36.0
2022-04-20 22:00:00,0.0,10.3,25.2,90.0,1023.0,14.8,-0.137931,39.0
2022-04-20 23:00:00,0.0,10.7,24.8,130.0,1024.0,9.4,-0.051724,41.0
2022-04-21 00:00:00,0.0,11.5,22.4,130.0,1024.0,7.6,0.086207,50.0
2022-04-21 01:00:00,0.0,12.1,19.6,120.0,1025.0,7.6,0.189655,62.0
2022-04-21 02:00:00,0.0,12.3,19.3,120.0,1025.0,13.0,0.224138,64.0
2022-04-21 03:00:00,0.0,12.1,18.8,120.0,1025.0,18.4,0.206897,65.0
2022-04-21 04:00:00,0.0,11.6,18.3,120.0,1025.0,14.8,0.189655,65.0
2022-04-21 05:00:00,0.0,11.8,17.8,120.0,1026.0,16.6,0.172414,68.0
2022-04-21 06:00:00,0.0,12.2,17.1,120.0,1026.0,13.0,0.155172,73.0
2022-04-21 07:00:00,0.0,12.4,15.6,100.0,1026.0,11.2,0.137931,81.0
2022-04-21 08:00:00,0.0,12.7,15.8,100.0,1026.0,13.0,0.12069,82.0
2022-04-21 09:00:00,0.0,13.1,15.4,90.0,1026.0,16.6,0.103448,86.0
2022-04-21 10:00:00,0.0,13.1,14.7,90.0,1027.0,13.0,0.12069,90.0
2022-04-21 11:00:00,0.0,13.2,14.7,90.0,1027.0,14.8,0.155172,91.0
2022-04-21 12:00:00,0.0,13.7,15.3,80.0,1028.0,14.8,0.189655,90.0
2022-04-21 13:00:00,0.0,13.8,17.5,90.0,1028.0,14.8,0.224138,79.0
2022-04-21 14:00:00,0.0,13.8,20.6,100.0,1029.0,16.6,0.155172,65.0
2022-04-21 15:00:00,0.0,13.4,22.6,100.0,1029.0,14.8,0.017241,56.0
2022-04-21 16:00:00,0.0,13.7,24.5,150.0,1028.0,18.4,-0.017241,51.0
2022-04-21 17:00:00,0.0,13.1,25.2,120.0,1028.0,13.0,-0.155172,47.0
2022-04-21 18:00:00,0.0,13.4,26.3,100.0,1027.0,16.6,-0.224138,45.0
2022-04-21 19:00:00,0.0,13.0,26.6,120.0,1027.0,11.2,-0.189655,43.0
2022-04-21 20:00:00,0.0,13.3,26.5,100.0,1026.0,14.8,-0.12069,44.0
2022-04-21 21:00:00,0.0,13.2,27.2,110.0,1026.0,14.8,-0.137931,42.0
2022-04-21 22:00:00,0.0,12.7,26.7,90.0,1026.0,16.6,-0.068966,42.0
2022-04-21 23:00:00,0.0,13.0,26.2,90.0,1026.0,14.8,-0.017241,44.0
2022-04-22 00:00:00,0.0,13.4,22.9,100.0,1026.0,7.6,0.103448,55.0
2022-04-22 01:00:00,0.0,13.7,21.5,60.0,1027.0,7.6,0.189655,61.0
2022-04-22 02:00:00,0.0,13.6,19.0,90.0,1027.0,13.0,0.224138,71.0
2022-04-22 03:00:00,0.0,13.6,18.3,110.0,1028.0,7.6,0.224138,74.0
2022-04-22 04:00:00,0.0,13.4,17.3,110.0,1028.0,9.4,0.189655,78.0
2022-04-22 05:00:00,0.0,13.0,16.1,100.0,1028.0,13.0,0.155172,82.0
2022-04-22 06:00:00,0.0,13.1,17.0,110.0,1027.0,11.2,0.137931,78.0
2022-04-22 07:00:00,0.0,12.8,15.7,110.0,1028.0,7.6,0.12069,83.0
2022-04-22 08:00:00,0.0,13.0,15.1,80.0,1027.0,11.2,0.12069,87.0
2022-04-22 09:00:00,0.0,13.2,15.4,60.0,1027.0,7.6,0.12069,87.0
2022-04-22 10:00:00,0.0,13.3,14.9,50.0,1027.0,5.4,0.12069,90.0
2022-04-22 11:00:00,0.0,13.1,14.4,70.0,1028.0,7.6,0.137931,92.0
2022-04-22 12:00:00,0.0,13.8,14.8,100.0,1028.0,7.6,0.172414,94.0
2022-04-22 13:00:00,0.0,15.2,18.1,90.0,1030.0,13.0,0.189655,83.0
2022-04-22 14:00:00,0.0,14.7,21.1,70.0,1029.0,14.8,0.137931,67.0
2022-04-22 15:00:00,0.0,14.4,23.1,130.0,1029.0,20.5,0.017241,58.0
2022-04-22 16:00:00,0.0,14.5,25.0,90.0,1028.0,22.3,-0.086207,52.0
2022-04-22 17:00:00,0.0,13.4,25.5,120.0,1028.0,16.6,-0.155172,47.0
2022-04-22 18:00:00,0.0,12.7,26.3,120.0,1027.0,11.2,-0.258621,43.0
2022-04-22 19:00:00,0.0,12.6,27.4,90.0,1027.0,13.0,-0.275862,40.0
2022-04-22 20:00:00,0.0,12.1,28.2,120.0,1025.0,14.8,-0.258621,37.0
2022-04-22 21:00:00,0.0,12.5,28.2,80.0,1025.0,22.3,-0.206897,38.0
2022-04-22 22:00:00,0.0,12.1,27.7,80.0,1024.0,18.4,-0.12069,38.0
2022-04-22 23:00:00,0.0,12.3,27.0,90.0,1024.0,16.6,-0.017241,40.0
2022-04-23 00:00:00,0.0,12.9,24.3,100.0,1024.0,9.4,0.103448,49.0
2022-04-23 01:00:00,0.0,13.4,21.8,90.0,1025.0,9.4,0.189655,59.0
2022-04-23 02:00:00,0.0,13.6,20.9,100.0,1025.0,7.6,0.224138,63.0
2022-04-23 03:00:00,0.0,13.2,19.3,110.0,1025.0,9.4,0.206897,68.0
2022-04-23 04:00:00,0.0,12.4,18.7,120.0,1025.0,13.0,0.189655,67.0
2022-04-23 05:00:00,0.0,12.4,18.4,120.0,1025.0,13.0,0.172414,68.0
2022-04-23 06:00:00,0.0,13.2,17.7,130.0,1025.0,14.8,0.155172,75.0
2022-04-23 07:00:00,0.0,13.6,16.9,120.0,1024.0,13.0,0.137931,81.0
2022-04-23 08:00:00,0.0,13.3,15.5,110.0,1024.0,9.4,0.137931,87.0
2022-04-23 09:00:00,0.0,13.3,14.9,120.0,1024.0,9.4,0.12069,90.0
2022-04-23 10:00:00,0.0,13.0,13.8,90.0,1025.0,9.4,0.12069,95.0
2022-04-23 11:00:00,0.0,13.3,14.1,70.0,1025.0,7.6,0.12069,95.0
2022-04-23 12:00:00,0.0,14.5,15.1,0.0,1025.0,0.0,0.12069,96.0
2022-04-23 13:00:00,0.0,15.8,18.0,110.0,1025.0,11.2,0.12069,87.0
2022-04-23 14:00:00,0.0,15.8,21.7,130.0,1025.0,16.6,0.051724,69.0
2022-04-23 15:00:00,0.0,14.2,23.5,120.0,1025.0,18.4,-0.068966,56.0
2022-04-23 16:00:00,0.0,14.1,24.9,120.0,1024.0,13.0,-0.189655,51.0
2022-04-23 17:00:00,0.0,12.9,26.5,160.0,1024.0,18.4,-0.275862,43.0
2022-04-23 18:00:00,0.0,13.0,27.0,140.0,1023.0,20.5,-0.310345,42.0
2022-04-23 19:00:00,0.0,13.3,27.8,140.0,1022.0,13.0,-0.310345,41.0
2022-04-23 20:00:00,0.0,13.0,27.8,170.0,1022.0,13.0,-0.310345,40.0
2022-04-23 21:00:00,0.0,13.8,28.3,80.0,1021.0,16.6,-0.241379,41.0
2022-04-23 22:00:00,0.0,13.2,27.6,150.0,1021.0,14.8,-0.172414,41.0
2022-04-23 23:00:00,0.0,13.5,27.2,110.0,1021.0,13.0,-0.034483,43.0
2022-04-24 00:00:00,0.0,13.9,24.7,110.0,1021.0,9.4,0.086207,51.0
2022-04-24 01:00:00,0.0,14.0,21.6,110.0,1021.0,7.6,0.189655,62.0
2022-04-24 02:00:00,0.0,14.2,20.3,110.0,1021.0,7.6,0.224138,68.0
2022-04-24 03:00:00,0.0,14.2,20.1,120.0,1022.0,11.2,0.206897,69.0
2022-04-24 04:00:00,0.0,13.8,20.1,120.0,1022.0,18.4,0.189655,67.0
2022-04-24 05:00:00,0.0,14.0,19.9,130.0,1021.0,18.4,0.172414,69.0
2022-04-24 06:00:00,0.0,14.1,19.1,120.0,1021.0,16.6,0.155172,73.0
2022-04-24 07:00:00,0.0,14.5,18.4,130.0,1021.0,14.8,0.137931,78.0
2022-04-24 08:00:00,0.0,14.5,17.6,120.0,1021.0,11.2,0.137931,82.0
2022-04-24 09:00:00,0.0,14.3,16.7,120.0,1022.0,7.6,0.137931,86.0
2022-04-24 10:00:00,0.0,14.4,16.0,80.0,1022.0,11.2,0.12069,90.0
2022-04-24 11:00:00,0.0,14.1,15.1,80.0,1023.0,7.6,0.12069,94.0
2022-04-24 12:00:00,0.0,15.5,16.8,80.0,1023.0,7.6,0.12069,92.0
2022-04-24 13:00:00,0.0,15.8,18.6,110.0,1023.0,9.4,0.12069,84.0
2022-04-24 14:00:00,0.0,16.9,22.2,130.0,1023.0,16.6,0.051724,72.0
2022-04-24 15:00:00,0.0,17.0,24.5,140.0,1023.0,16.6,-0.068966,63.0
2022-04-24 16:00:00,0.0,16.6,26.1,170.0,1022.0,14.8,-0.172414,56.0
2022-04-24 17:00:00,0.0,14.6,27.2,130.0,1022.0,13.0,-0.241379,46.0
2022-04-24 18:00:00,0.0,14.8,27.1,110.0,1021.0,11.2,-0.258621,47.0
2022-04-24 19:00:00,0.0,14.9,28.3,170.0,1021.0,9.4,-0.189655,44.0
2022-04-24 20:00:00,0.0,15.0,28.0,130.0,1020.0,5.4,-0.137931,45.0
2022-04-24 21:00:00,0.0,15.1,28.9,110.0,1020.0,5.4,-0.086207,43.0
2022-04-24 22:00:00,0.0,15.2,28.6,100.0,1020.0,11.2,-0.034483,44.0
2022-04-24 23:00:00,0.0,15.0,27.3,170.0,1020.0,5.4,0.051724,47.0
2022-04-25 00:00:00,0.0,16.4,25.2,180.0,1020.0,9.4,0.12069,58.0
2022-04-25 01:00:00,0.0,15.9,23.6,180.0,1020.0,7.6,0.206897,62.0
2022-04-25 02:00:00,0.0,15.9,21.4,190.0,1020.0,7.6,0.258621,71.0
2022-04-25 03:00:00,0.0,17.1,20.7,0.0,1020.0,0.0,0.241379,80.0
2022-04-25 04:00:00,0.0,16.1,19.6,0.0,1020.0,0.0,0.224138,80.0
2022-04-25 05:00:00,0.0,16.6,18.8,0.0,1020.0,0.0,0.189655,87.0
2022-04-25 06:00:00,0.0,16.5,18.2,100.0,1020.0,11.2,0.172414,90.0
2022-04-25 07:00:00,0.0,16.0,18.8,150.0,1020.0,11.2,0.137931,84.0
2022-04-25 08:00:00,0.0,16.3,18.5,150.0,1020.0,11.2,0.137931,87.0
2022-04-25 09:00:00,0.0,16.3,18.0,150.0,1020.0,11.2,0.137931,90.0
2022-04-25 10:00:00,0.0,16.2,17.7,140.0,1021.0,7.6,0.137931,91.0
2022-04-25 11:00:00,0.0,16.1,16.9,100.0,1021.0,5.4,0.155172,95.0
2022-04-25 12:00:00,0.0,17.4,18.6,130.0,1021.0,13.0,0.206897,93.0
2022-04-25 13:00:00,0.0,18.4,21.4,140.0,1022.0,13.0,0.241379,83.0
2022-04-25 14:00:00,0.0,18.9,24.0,170.0,1022.0,11.2,0.155172,73.0
2022-04-25 15:00:00,0.0,18.4,26.0,160.0,1022.0,13.0,0.034483,63.0
2022-04-25 16:00:00,0.0,18.1,27.4,200.0,1021.0,13.0,-0.051724,57.0
2022-04-25 17:00:00,0.0,17.5,28.0,190.0,1021.0,13.0,-0.12069,53.0
2022-04-25 18:00:00,0.0,16.8,27.5,130.0,1020.0,7.6,-0.068966,52.0
2022-04-25 19:00:00,0.0,16.3,28.7,110.0,1019.0,5.4,-0.103448,47.0
2022-04-25 20:00:00,0.0,16.0,30.3,350.0,1019.0,7.6,-0.103448,42.0
2022-04-25 21:00:00,0.0,15.7,30.4,210.0,1018.0,13.0,-0.017241,41.0
2022-04-25 22:00:00,0.0,15.1,30.2,210.0,1018.0,14.8,0.0,40.0
2022-04-25 23:00:00,0.0,15.8,27.5,210.0,1019.0,18.4,0.189655,49.0
2022-04-26 00:00:00,0.0,17.6,24.9,230.0,1020.0,14.8,0.275862,64.0
2022-04-26 01:00:00,0.0,18.2,23.3,230.0,1020.0,11.2,0.275862,73.0
2022-04-26 02:00:00,0.0,18.4,21.6,270.0,1021.0,9.4,0.275862,82.0
2022-04-26 03:00:00,0.0,19.1,22.1,250.0,1021.0,9.4,0.275862,83.0
2022-04-26 04:00:00,0.0,19.2,22.0,260.0,1020.0,9.4,0.241379,84.0
2022-04-26 05:00:00,0.0,18.3,21.7,250.0,1020.0,7.6,0.206897,81.0
2022-04-26 06:00:00,0.0,17.9,21.1,210.0,1020.0,5.4,0.189655,82.0
2022-04-26 07:00:00,0.0,18.3,20.7,0.0,1019.0,0.0,0.172414,86.0
2022-04-26 08:00:00,0.0,18.1,20.2,0.0,1019.0,0.0,0.155172,88.0
2022-04-26 09:00:00,0.0,18.3,19.1,0.0,1020.0,0.0,0.137931,95.0
2022-04-26 10:00:00,0.0,18.1,18.6,140.0,1021.0,9.4,0.155172,97.0
2022-04-26 11:00:00,0.0,18.0,18.7,160.0,1021.0,7.6,0.172414,96.0
2022-04-26 12:00:00,0.0,18.8,19.6,200.0,1021.0,7.6,0.224138,95.0
2022-04-26 13:00:00,0.0,19.8,21.9,220.0,1022.0,13.0,0.241379,88.0
2022-04-26 14:00:00,0.0,19.3,23.6,270.0,1022.0,7.6,0.206897,77.0
2022-04-26 15:00:00,0.2,19.3,24.5,310.0,1022.0,11.2,0.137931,73.0
2022-04-26 16:00:00,0.0,18.6,25.7,320.0,1022.0,11.2,0.0,65.0
2022-04-26 17:00:00,0.0,17.4,27.2,300.0,1021.0,11.2,-0.051724,55.0
2022-04-26 18:00:00,0.0,17.8,28.6,320.0,1020.0,11.2,-0.068966,52.0
2022-04-26 19:00:00,0.0,16.6,27.7,290.0,1020.0,13.0,0.086207,51.0
2022-04-26 20:00:00,0.0,16.5,28.6,230.0,1019.0,13.0,-0.155172,48.0
2022-04-26 21:00:00,0.0,16.9,28.7,230.0,1018.0,13.0,-0.017241,49.0
2022-04-26 22:00:00,1.6,17.3,28.8,290.0,1018.0,16.6,-0.034483,50.0
2022-04-26 23:00:00,2.0,17.5,27.3,270.0,1018.0,11.2,0.206897,55.0
2022-04-27 00:00:00,0.3,19.0,21.6,320.0,1020.0,20.5,0.258621,85.0
2022-04-27 01:00:00,0.0,19.7,20.7,190.0,1021.0,7.6,0.241379,94.0
2022-04-27 02:00:00,0.0,19.2,20.7,270.0,1021.0,11.2,0.258621,91.0
2022-04-27 03:00:00,0.0,17.5,20.7,340.0,1021.0,16.6,0.258621,82.0
2022-04-27 04:00:00,0.0,17.9,19.6,310.0,1021.0,13.0,0.241379,90.0
2022-04-27 05:00:00,0.0,16.2,18.8,350.0,1021.0,20.5,0.206897,85.0
2022-04-27 06:00:00,0.0,15.3,18.2,360.0,1021.0,14.8,0.189655,83.0
2022-04-27 07:00:00,0.0,14.8,17.2,360.0,1020.0,9.4,0.172414,86.0
2022-04-27 08:00:00,0.0,14.5,16.7,10.0,1020.0,11.2,0.155172,87.0
2022-04-27 09:00:00,0.0,14.0,16.3,360.0,1020.0,14.8,0.137931,86.0
2022-04-27 10:00:00,0.0,12.9,15.6,10.0,1020.0,11.2,0.155172,84.0
2022-04-27 11:00:00,0.0,11.6,14.6,360.0,1021.0,9.4,0.172414,82.0
2022-04-27 12:00:00,0.0,10.5,14.9,350.0,1021.0,9.4,0.206897,75.0
2022-04-27 13:00:00,0.0,9.4,16.2,40.0,1021.0,16.6,0.224138,64.0
2022-04-27 14:00:00,0.0,9.6,17.5,30.0,1021.0,11.2,0.155172,60.0
2022-04-27 15:00:00,0.0,10.7,18.9,350.0,1021.0,11.2,0.0,59.0
2022-04-27 16:00:00,0.0,10.9,21.5,310.0,1020.0,5.4,-0.12069,51.0
2022-04-27 17:00:00,0.0,9.8,23.4,0.0,1020.0,0.0,-0.189655,42.0
2022-04-27 18:00:00,0.0,9.2,25.3,30.0,1019.0,11.2,-0.224138,36.0
2022-04-27 19:00:00,0.0,8.7,26.8,30.0,1018.0,7.6,-0.241379,32.0
2022-04-27 20:00:00,0.0,8.7,27.3,0.0,1017.0,0.0,-0.224138,31.0
2022-04-27 21:00:00,0.0,7.7,27.9,40.0,1017.0,14.8,-0.155172,28.0
2022-04-27 22:00:00,0.0,7.1,27.8,20.0,1017.0,13.0,-0.103448,27.0
2022-04-27 23:00:00,0.0,8.0,27.1,10.0,1017.0,14.8,0.0,30.0
2022-04-28 00:00:00,0.0,9.5,24.8,10.0,1018.0,9.4,0.12069,38.0
2022-04-28 01:00:00,0.0,10.4,23.0,340.0,1018.0,11.2,0.206897,45.0
2022-04-28 02:00:00,0.0,11.1,21.0,350.0,1019.0,11.2,0.241379,53.0
2022-04-28 03:00:00,0.0,11.0,19.5,360.0,1019.0,11.2,0.241379,58.0
2022-04-28 04:00:00,0.0,10.6,18.5,20.0,1019.0,9.4,0.206897,60.0
2022-04-28 05:00:00,0.0,11.2,16.9,30.0,1019.0,5.4,0.189655,69.0
2022-04-28 06:00:00,0.0,11.3,16.6,40.0,1019.0,9.4,0.172414,71.0
2022-04-28 07:00:00,0.0,11.2,16.0,70.0,1019.0,9.4,0.155172,73.0
2022-04-28 08:00:00,0.0,11.7,14.9,70.0,1018.0,7.6,0.137931,81.0
2022-04-28 09:00:00,0.0,12.2,14.3,70.0,1018.0,9.4,0.12069,87.0
2022-04-28 10:00:00,0.0,13.4,15.0,70.0,1019.0,13.0,0.12069,90.0
2022-04-28 11:00:00,0.0,13.1,14.6,70.0,1020.0,9.4,0.155172,91.0
2022-04-28 12:00:00,0.0,14.6,16.1,70.0,1020.0,13.0,0.206897,91.0
2022-04-28 13:00:00,0.0,15.8,18.7,90.0,1021.0,18.4,0.224138,83.0
2022-04-28 14:00:00,0.0,12.3,22.7,130.0,1021.0,20.5,0.155172,52.0
2022-04-28 15:00:00,0.0,8.8,24.9,110.0,1021.0,20.5,0.017241,36.0
2022-04-28 16:00:00,0.0,9.4,26.0,100.0,1020.0,24.1,-0.086207,35.0
2022-04-28 17:00:00,0.0,8.0,26.5,110.0,1019.0,20.5,-0.155172,31.0
2022-04-28 18:00:00,0.0,8.1,27.7,110.0,1018.0,18.4,-0.206897,29.0
2022-04-28 19:00:00,0.0,7.9,28.1,70.0,1018.0,22.3,-0.206897,28.0
2022-04-28 20:00:00,0.0,7.2,27.9,100.0,1017.0,13.0,-0.155172,27.0
2022-04-28 21:00:00,0.0,7.0,28.3,160.0,1017.0,14.8,-0.103448,26.0
2022-04-28 22:00:00,0.0,7.3,28.1,120.0,1017.0,13.0,-0.068966,27.0
2022-04-28 23:00:00,0.0,6.9,27.0,120.0,1017.0,13.0,0.0,28.0
2022-04-29 00:00:00,0.0,8.5,24.5,100.0,1017.0,5.4,0.103448,36.0
2022-04-29 01:00:00,0.0,8.7,22.2,80.0,1018.0,9.4,0.206897,42.0
2022-04-29 02:00:00,0.0,9.2,19.0,110.0,1018.0,9.4,0.224138,53.0
2022-04-29 03:00:00,0.0,9.2,19.9,120.0,1019.0,16.6,0.224138,50.0
2022-04-29 04:00:00,0.0,9.6,20.4,130.0,1019.0,20.5,0.206897,50.0
2022-04-29 05:00:00,0.0,10.5,19.5,130.0,1018.0,20.5,0.155172,56.0
2022-04-29 06:00:00,0.0,11.0,18.7,130.0,1018.0,16.6,0.137931,61.0
2022-04-29 07:00:00,0.0,11.2,17.9,130.0,1018.0,14.8,0.137931,65.0
2022-04-29 08:00:00,0.0,11.8,16.9,130.0,1018.0,11.2,0.12069,72.0
2022-04-29 09:00:00,0.0,12.1,15.9,120.0,1018.0,7.6,0.12069,78.0
2022-04-29 10:00:00,0.0,12.0,14.7,0.0,1019.0,0.0,0.12069,84.0
2022-04-29 11:00:00,0.0,13.1,15.4,100.0,1020.0,7.6,0.137931,86.0
2022-04-29 12:00:00,0.0,13.2,17.7,120.0,1020.0,11.2,0.189655,75.0
2022-04-29 13:00:00,0.0,13.4,20.4,120.0,1020.0,18.4,0.206897,64.0
2022-04-29 14:00:00,0.0,14.0,22.4,120.0,1020.0,16.6,0.155172,59.0
2022-04-29 15:00:00,0.0,14.5,24.1,130.0,1020.0,20.5,0.051724,55.0
2022-04-29 16:00:00,0.0,14.4,24.3,130.0,1019.0,14.8,0.0,54.0
2022-04-29 17:00:00,0.0,14.3,24.2,140.0,1019.0,13.0,0.034483,54.0
2022-04-29 18:00:00,0.0,14.2,24.4,160.0,1018.0,11.2,0.086207,53.0
2022-04-29 19:00:00,0.0,14.1,26.7,110.0,1017.0,14.8,0.034483,46.0
2022-04-29 20:00:00,0.0,13.1,28.0,130.0,1017.0,14.8,-0.224138,40.0
2022-04-29 21:00:00,0.0,12.5,26.9,150.0,1017.0,13.0,-0.224138,41.0
2022-04-29 22:00:00,0.0,13.1,26.7,150.0,1017.0,9.4,0.051724,43.0
2022-04-29 23:00:00,0.0,12.5,26.1,130.0,1017.0,5.4,0.12069,43.0
2022-04-30 00:00:00,0.0,13.6,24.4,140.0,1017.0,5.4,0.137931,51.0
2022-04-30 01:00:00,0.0,15.5,22.4,120.0,1017.0,7.6,0.189655,65.0
2022-04-30 02:00:00,0.0,16.0,21.2,150.0,1018.0,5.4,0.206897,72.0
2022-04-30 03:00:00,0.0,15.9,19.6,0.0,1018.0,0.0,0.189655,79.0
2022-04-30 04:00:00,0.0,14.2,20.8,130.0,1018.0,16.6,0.172414,66.0
2022-04-30 05:00:00,0.0,13.4,20.7,140.0,1018.0,14.8,0.155172,63.0
2022-04-30 06:00:00,0.0,13.6,20.1,130.0,1017.0,16.6,0.137931,66.0
2022-04-30 07:00:00,0.0,13.9,19.5,120.0,1017.0,16.6,0.137931,70.0
2022-04-30 08:00:00,0.0,14.4,18.9,120.0,1017.0,14.8,0.12069,75.0
2022-04-30 09:00:00,0.0,14.9,18.4,130.0,1017.0,14.8,0.12069,80.0
2022-04-30 10:00:00,0.0,15.1,18.0,120.0,1017.0,14.8,0.12069,83.0
2022-04-30 11:00:00,0.0,15.3,17.9,130.0,1018.0,14.8,0.12069,85.0
2022-04-30 12:00:00,0.0,15.8,19.1,140.0,1018.0,16.6,0.12069,81.0
2022-04-30 13:00:00,0.0,17.1,21.7,150.0,1018.0,18.4,0.12069,75.0
2022-04-30 14:00:00,0.0,17.9,23.7,160.0,1019.0,16.6,0.051724,70.0
2022-04-30 15:00:00,0.0,18.3,25.6,160.0,1019.0,18.4,-0.051724,64.0
2022-04-30 16:00:00,0.0,17.9,25.7,190.0,1018.0,18.4,-0.155172,62.0
2022-04-30 17:00:00,0.0,18.2,27.8,160.0,1017.0,16.6,-0.086207,56.0
2022-04-30 18:00:00,0.0,17.6,28.7,160.0,1017.0,18.4,-0.206897,51.0
2022-04-30 19:00:00,0.6,19.0,26.4,260.0,1017.0,11.2,-0.12069,64.0
2022-04-30 20:00:00,28.4,19.7,23.8,120.0,1016.0,7.6,-0.12069,78.0
2022-04-30 21:00:00,10.1,20.3,23.4,0.0,1016.0,0.0,0.034483,83.0
2022-04-30 22:00:00,0.6,20.5,25.2,200.0,1016.0,14.8,0.034483,75.0
2022-04-30 23:00:00,0.0,17.8,23.1,210.0,1016.0,13.0,0.137931,72.0
2022-05-01 00:00:00,0.2,18.1,22.1,280.0,1017.0,5.4,0.137931,78.0
2022-05-01 01:00:00,0.0,18.7,20.8,150.0,1017.0,7.6,0.172414,88.0
2022-05-01 02:00:00,0.0,19.1,20.6,140.0,1018.0,7.6,0.206897,91.0
2022-05-01 03:00:00,0.0,19.1,20.3,140.0,1018.0,9.4,0.189655,93.0
2022-05-01 04:00:00,0.0,19.2,20.5,170.0,1018.0,13.0,0.189655,92.0
2022-05-01 05:00:00,0.0,19.2,20.0,110.0,1018.0,9.4,0.172414,95.0
2022-05-01 06:00:00,0.0,18.9,19.4,170.0,1018.0,9.4,0.155172,97.0
2022-05-01 07:00:00,0.0,18.9,19.2,220.0,1017.0,7.6,0.137931,98.0
2022-05-01 08:00:00,0.0,19.5,19.8,170.0,1018.0,7.6,0.137931,98.0
2022-05-01 09:00:00,0.0,19.6,20.3,170.0,1018.0,7.6,0.12069,96.0
2022-05-01 10:00:00,0.0,19.7,20.4,220.0,1018.0,7.6,0.12069,96.0
2022-05-01 11:00:00,0.0,19.5,20.2,220.0,1019.0,11.2,0.12069,96.0
2022-05-01 12:00:00,0.0,19.9,20.7,200.0,1019.0,5.4,0.12069,95.0
2022-05-01 13:00:00,0.0,20.1,21.8,190.0,1019.0,7.6,0.12069,90.0
2022-05-01 14:00:00,0.0,20.3,24.0,260.0,1020.0,9.4,0.068966,80.0
2022-05-01 15:00:00,0.0,19.4,25.8,180.0,1020.0,13.0,-0.051724,68.0
2022-05-01 16:00:00,0.0,19.1,25.7,160.0,1019.0,5.4,-0.137931,67.0
2022-05-01 17:00:00,0.0,19.1,27.3,260.0,1019.0,7.6,-0.206897,61.0
2022-05-01 18:00:00,0.0,17.8,28.6,250.0,1018.0,11.2,-0.137931,52.0
2022-05-01 19:00:00,0.0,17.4,28.5,250.0,1018.0,14.8,-0.051724,51.0
2022-05-01 20:00:00,0.0,17.2,28.6,270.0,1017.0,5.4,-0.103448,50.0
2022-05-01 21:00:00,0.6,16.6,29.0,340.0,1018.0,7.6,0.068966,47.0
2022-05-01 22:00:00,0.6,17.6,23.4,200.0,1017.0,20.5,-0.051724,70.0
2022-05-01 23:00:00,0.0,16.8,22.5,180.0,1017.0,13.0,0.172414,70.0
2022-05-02 00:00:00,0.0,15.8,22.0,0.0,1017.0,0.0,0.189655,68.0
2022-05-02 01:00:00,0.0,16.6,21.0,0.0,1018.0,0.0,0.206897,76.0
2022-05-02 02:00:00,0.0,17.2,20.4,0.0,1019.0,0.0,0.241379,82.0
2022-05-02 03:00:00,0.0,17.4,19.8,0.0,1019.0,0.0,0.241379,86.0
2022-05-02 04:00:00,0.0,17.7,18.5,0.0,1019.0,0.0,0.206897,95.0
2022-05-02 05:00:00,0.0,17.7,18.9,0.0,1019.0,0.0,0.189655,93.0
2022-05-02 06:00:00,0.0,18.1,18.6,210.0,1019.0,7.6,0.172414,97.0
2022-05-02 07:00:00,0.0,18.4,18.7,190.0,1018.0,7.6,0.137931,98.0
2022-05-02 08:00:00,0.0,18.5,18.7,0.0,1018.0,0.0,0.12069,99.0
2022-05-02 09:00:00,0.0,17.9,18.2,90.0,1019.0,5.4,0.12069,98.0
2022-05-02 10:00:00,0.0,18.6,18.8,0.0,1019.0,0.0,0.137931,99.0
2022-05-02 11:00:00,0.0,18.7,18.9,0.0,1020.0,0.0,0.155172,99.0
2022-05-02 12:00:00,0.0,19.1,19.3,0.0,1020.0,0.0,0.206897,99.0
2022-05-02 13:00:00,0.0,19.7,19.9,0.0,1020.0,0.0,0.224138,99.0
2022-05-02 14:00:00,0.0,20.3,20.8,0.0,1020.0,0.0,0.189655,97.0
2022-05-02 15:00:00,0.0,20.0,23.9,240.0,1020.0,9.4,0.12069,79.0
2022-05-02 16:00:00,0.0,18.4,26.8,260.0,1020.0,11.2,0.0,60.0
2022-05-02 17:00:00,0.0,18.0,28.5,220.0,1019.0,9.4,-0.103448,53.0
2022-05-02 18:00:00,0.0,16.9,29.4,190.0,1018.0,13.0,-0.12069,47.0
2022-05-02 19:00:00,0.0,16.6,29.4,230.0,1018.0,9.4,-0.12069,46.0
2022-05-02 20:00:00,0.0,15.4,30.5,0.0,1017.0,0.0,-0.068966,40.0
2022-05-02 21:00:00,0.0,16.5,30.5,0.0,1017.0,0.0,-0.017241,43.0
2022-05-02 22:00:00,0.0,16.2,31.0,220.0,1017.0,7.6,0.017241,41.0
2022-05-02 23:00:00,0.0,17.5,26.4,150.0,1017.0,24.1,0.086207,58.0
2022-05-03 00:00:00,0.0,18.2,23.1,140.0,1018.0,11.2,0.206897,74.0
2022-05-03 01:00:00,0.0,19.2,21.1,120.0,1018.0,9.4,0.293103,89.0
2022-05-03 02:00:00,0.0,19.5,21.0,0.0,1018.0,0.0,0.293103,91.0
2022-05-03 03:00:00,0.0,18.8,20.9,190.0,1018.0,7.6,0.293103,88.0
2022-05-03 04:00:00,0.0,18.6,21.6,0.0,1018.0,0.0,0.275862,83.0
2022-05-03 05:00:00,0.0,18.9,21.1,0.0,1018.0,0.0,0.224138,87.0
2022-05-03 06:00:00,0.0,18.6,21.4,0.0,1018.0,0.0,0.206897,84.0
2022-05-03 07:00:00,0.0,18.2,20.1,200.0,1018.0,5.4,0.189655,89.0
2022-05-03 08:00:00,0.0,18.6,19.9,90.0,1018.0,7.6,0.172414,92.0
2022-05-03 09:00:00,0.0,18.6,19.1,130.0,1018.0,7.6,0.155172,97.0
2022-05-03 10:00:00,0.0,18.8,19.5,150.0,1018.0,11.2,0.155172,96.0
2022-05-03 11:00:00,0.0,18.8,19.1,170.0,1018.0,5.4,0.172414,98.0
2022-05-03 12:00:00,0.0,19.0,19.3,0.0,1019.0,0.0,0.241379,98.0
2022-05-03 13:00:00,0.0,20.6,23.1,150.0,1019.0,9.4,0.275862,86.0
2022-05-03 14:00:00,0.0,19.2,25.8,170.0,1019.0,11.2,0.206897,67.0
2022-05-03 15:00:00,0.0,18.2,28.4,200.0,1019.0,13.0,0.086207,54.0
2022-05-03 16:00:00,0.0,17.6,29.8,240.0,1019.0,14.8,-0.017241,48.0
2022-05-03 17:00:00,0.0,17.1,30.0,210.0,1018.0,11.2,-0.068966,46.0
2022-05-03 18:00:00,0.0,17.9,30.9,280.0,1018.0,18.4,-0.103448,46.0
2022-05-03 19:00:00,0.0,17.9,31.6,250.0,1017.0,14.8,-0.086207,44.0
2022-05-03 20:00:00,0.0,16.1,32.2,250.0,1016.0,18.4,0.017241,38.0
2022-05-03 21:00:00,1.6,16.5,32.2,250.0,1016.0,13.0,0.0,39.0
2022-05-03 22:00:00,0.0,18.8,29.0,160.0,1016.0,24.1,0.086207,54.0
2022-05-03 23:00:00,0.0,19.2,28.8,190.0,1016.0,9.4,0.12069,56.0
2022-05-04 00:00:00,0.0,19.4,27.0,170.0,1016.0,13.0,0.224138,63.0
2022-05-04 01:00:00,0.0,18.9,25.2,170.0,1017.0,13.0,0.310345,68.0
2022-05-04 02:00:00,0.0,19.4,23.7,180.0,1018.0,13.0,0.327586,77.0
2022-05-04 03:00:00,0.0,19.8,23.0,210.0,1018.0,11.2,0.310345,82.0
2022-05-04 04:00:00,0.0,19.6,21.9,170.0,1018.0,9.4,0.293103,87.0
2022-05-04 05:00:00,0.0,19.6,21.9,230.0,1018.0,9.4,0.258621,87.0
2022-05-04 06:00:00,0.0,18.9,20.1,0.0,1018.0,0.0,0.241379,93.0
2022-05-04 07:00:00,0.0,19.3,20.1,0.0,1018.0,0.0,0.224138,95.0
2022-05-04 08:00:00,0.0,19.5,20.2,0.0,1017.0,0.0,0.206897,96.0
2022-05-04 09:00:00,0.0,19.4,19.9,180.0,1017.0,5.4,0.172414,97.0
2022-05-04 10:00:00,0.0,20.5,20.8,210.0,1018.0,5.4,0.172414,98.0
2022-05-04 11:00:00,0.0,20.6,20.8,280.0,1018.0,7.6,0.206897,99.0
2022-05-04 12:00:00,0.0,20.6,20.8,300.0,1019.0,9.4,0.258621,99.0
2022-05-04 13:00:00,0.0,20.7,21.4,340.0,1020.0,9.4,0.275862,96.0
2022-05-04 14:00:00,0.0,20.6,22.5,0.0,1019.0,0.0,0.224138,89.0
2022-05-04 15:00:00,0.0,20.3,24.6,0.0,1020.0,0.0,0.103448,77.0
2022-05-04 16:00:00,0.0,20.0,27.1,210.0,1019.0,7.6,0.017241,65.0
2022-05-04 17:00:00,0.0,20.3,27.5,160.0,1018.0,9.4,-0.017241,65.0
2022-05-04 18:00:00,0.0,20.0,29.4,200.0,1018.0,11.2,-0.017241,57.0
2022-05-04 19:00:00,0.0,19.3,30.6,220.0,1017.0,14.8,-0.086207,51.0
2022-05-04 20:00:00,0.0,19.0,31.0,200.0,1016.0,13.0,0.0,49.0
2022-05-04 21:00:00,0.0,18.9,31.2,250.0,1016.0,9.4,-0.017241,48.0
2022-05-04 22:00:00,0.0,18.0,31.0,210.0,1016.0,7.6,0.017241,46.0
2022-05-04 23:00:00,0.0,15.8,31.0,250.0,1016.0,9.4,0.068966,40.0
2022-05-05 00:00:00,0.0,19.3,28.4,240.0,1016.0,11.2,0.189655,58.0
2022-05-05 01:00:00,0.0,19.8,26.2,240.0,1017.0,9.4,0.293103,68.0
2022-05-05 02:00:00,0.0,19.9,24.8,240.0,1018.0,9.4,0.327586,74.0
2022-05-05 03:00:00,0.0,19.8,24.1,230.0,1018.0,7.6,0.327586,77.0
2022-05-05 04:00:00,0.0,19.9,23.1,220.0,1017.0,9.4,0.293103,82.0
2022-05-05 05:00:00,0.0,19.9,22.7,230.0,1017.0,9.4,0.258621,84.0
2022-05-05 06:00:00,0.0,19.8,22.1,210.0,1017.0,7.6,0.224138,87.0
2022-05-05 07:00:00,0.0,20.0,21.7,200.0,1017.0,7.6,0.224138,90.0
2022-05-05 08:00:00,0.0,19.9,21.3,240.0,1016.0,5.4,0.206897,92.0
2022-05-05 09:00:00,0.0,19.3,20.0,0.0,1017.0,0.0,0.172414,96.0
2022-05-05 10:00:00,0.0,18.9,19.6,250.0,1017.0,5.4,0.172414,96.0
2022-05-05 11:00:00,0.0,19.2,19.5,240.0,1018.0,5.4,0.206897,98.0
2022-05-05 12:00:00,0.0,20.5,21.2,0.0,1018.0,0.0,0.258621,96.0
2022-05-05 13:00:00,0.0,21.3,23.0,270.0,1018.0,5.4,0.275862,90.0
2022-05-05 14:00:00,0.0,21.8,25.3,0.0,1018.0,0.0,0.189655,81.0
2022-05-05 15:00:00,0.0,21.4,28.1,110.0,1018.0,5.4,0.103448,67.0
2022-05-05 16:00:00,0.0,20.3,29.1,220.0,1017.0,13.0,0.034483,59.0
2022-05-05 17:00:00,0.0,19.5,31.2,230.0,1017.0,13.0,0.0,50.0
2022-05-05 18:00:00,0.0,19.2,31.9,220.0,1016.0,14.8,0.0,47.0
2022-05-05 19:00:00,0.0,18.7,32.1,210.0,1015.0,13.0,-0.051724,45.0
2022-05-05 20:00:00,0.0,18.2,31.6,220.0,1014.0,14.8,-0.068966,45.0
2022-05-05 21:00:00,0.0,17.9,32.5,240.0,1014.0,13.0,0.034483,42.0
2022-05-05 22:00:00,0.0,17.8,32.3,240.0,1014.0,20.5,0.034483,42.0
2022-05-05 23:00:00,0.0,17.8,31.5,260.0,1014.0,16.6,0.103448,44.0
2022-05-06 00:00:00,0.0,17.9,29.1,240.0,1014.0,14.8,0.189655,51.0
2022-05-06 01:00:00,0.0,16.1,25.5,230.0,1015.0,9.3,0.293103,56.0
2022-05-06 02:00:00,0.0,18.1,24.1,240.0,1015.0,13.0,0.310345,69.0
2022-05-06 03:00:00,0.0,19.5,22.9,250.0,1015.0,9.3,0.293103,81.0
2022-05-06 04:00:00,0.0,20.1,23.5,230.0,1016.0,16.6,0.258621,81.0
2022-05-06 05:00:00,0.0,20.3,21.8,0.0,1015.0,0.0,0.206897,91.0
2022-05-06 06:00:00,0.0,20.0,20.5,210.0,1014.0,5.5,0.189655,97.0
2022-05-06 07:00:00,0.0,20.9,21.6,230.0,1013.5,13.0,0.172414,96.0
2022-05-06 08:00:00,0.0,20.8,21.5,210.0,1013.1,11.9,0.172414,96.0
2022-05-06 09:00:00,0.0,20.7,21.4,220.0,1013.4,11.1,0.155172,96.0
2022-05-06 10:00:00,0.0,21.1,22.1,220.0,1013.1,16.7,0.172414,94.0
2022-05-06 11:00:00,0.0,21.3,22.7,240.0,1012.6,14.8,0.189655,92.0
2022-05-06 12:00:00,0.0,22.0,22.8,270.0,1012.2,11.1,0.241379,95.0
2022-05-06 13:00:00,0.0,20.4,24.3,210.0,1012.6,18.4,0.275862,79.0
2022-05-06 14:00:00,0.0,22.1,24.2,210.0,1011.7,13.0,0.275862,88.0
2022-05-06 15:00:00,0.1,22.5,26.0,230.0,1011.1,18.5,0.189655,81.0
2022-05-06 16:00:00,0.6,22.3,25.0,240.0,1011.0,22.2,0.103448,85.0
2022-05-06 17:00:00,5.0,19.7,23.3,217.0,1012.3,25.9,-0.051724,80.0
2022-05-06 18:00:00,1.9,20.4,22.1,218.0,1011.8,23.4,0.189655,90.0
2022-05-06 19:00:00,13.5,20.1,22.9,220.0,1011.2,24.1,0.068966,84.0
2022-05-06 20:00:00,3.5,19.7,24.0,250.0,1010.1,16.7,0.051724,77.0
2022-05-06 21:00:00,0.8,20.4,23.9,230.0,1008.5,18.5,0.068966,81.0
2022-05-06 22:00:00,0.0,21.2,25.1,216.0,1007.5,24.1,0.068966,79.0
2022-05-06 23:00:00,0.0,20.1,24.4,240.0,1007.1,20.4,0.068966,77.0
2022-05-07 00:00:00,0.0,20.2,23.4,230.0,1007.0,14.8,0.086207,82.0
2022-05-07 01:00:00,0.0,20.4,22.7,230.0,1007.3,11.1,0.172414,87.0
2022-05-07 02:00:00,0.0,20.9,22.3,250.0,1007.9,9.3,0.206897,92.0
2022-05-07 03:00:00,0.0,20.8,21.8,244.0,1008.3,15.5,0.206897,94.0
2022-05-07 04:00:00,0.0,21.4,22.2,270.0,1008.3,7.4,0.206897,95.0
2022-05-07 05:00:00,0.0,21.3,21.8,280.0,1008.4,7.4,0.189655,97.0
2022-05-07 06:00:00,0.0,20.4,21.1,0.0,1008.3,0.0,0.172414,96.0
2022-05-07 07:00:00,0.0,18.7,19.5,0.0,1008.0,0.0,0.155172,95.0
2022-05-07 08:00:00,0.0,17.9,19.4,274.0,1007.8,9.4,0.137931,91.0
2022-05-07 09:00:00,0.0,16.9,18.0,0.0,1008.1,0.0,0.137931,93.0
2022-05-07 10:00:00,0.0,15.3,17.5,0.0,1008.3,0.0,0.137931,87.0
2022-05-07 11:00:00,0.0,14.6,18.5,300.0,1008.7,7.4,0.12069,78.0
2022-05-07 12:00:00,0.0,14.2,19.8,320.0,1009.6,7.4,0.137931,70.0
2022-05-07 13:00:00,0.0,14.3,19.9,282.0,1009.8,13.0,0.103448,70.0
2022-05-07 14:00:00,0.0,13.9,21.7,320.0,1009.9,11.1,0.051724,61.0
2022-05-07 15:00:00,0.0,13.6,23.1,300.0,1009.6,14.8,-0.051724,55.0
2022-05-07 16:00:00,0.0,13.5,24.6,310.0,1009.2,18.5,-0.155172,50.0
2022-05-07 17:00:00,0.0,13.0,25.8,276.0,1008.6,19.1,-0.241379,45.0
2022-05-07 18:00:00,0.0,12.8,25.6,300.0,1007.8,18.5,-0.241379,45.0
2022-05-07 19:00:00,0.0,13.0,26.6,300.0,1007.0,14.8,-0.327586,43.0
2022-05-07 20:00:00,0.0,12.7,27.1,290.0,1006.7,18.5,-0.310345,41.0
2022-05-07 21:00:00,0.0,12.1,27.3,300.0,1006.0,16.7,-0.224138,39.0
2022-05-07 22:00:00,0.0,11.6,28.6,288.0,1005.7,18.4,-0.155172,35.0
2022-05-07 23:00:00,0.0,11.9,26.6,310.0,1005.6,11.1,-0.034483,40.0
2022-05-08 00:00:00,0.0,12.3,24.0,340.0,1006.0,7.4,0.086207,48.0
2022-05-08 01:00:00,0.0,12.9,22.1,340.0,1007.0,5.5,0.189655,56.0
2022-05-08 02:00:00,0.0,12.6,20.9,0.0,1008.0,0.0,0.206897,59.0
2022-05-08 03:00:00,0.0,10.3,21.5,349.0,1008.8,9.0,0.206897,49.0
2022-05-08 04:00:00,0.0,11.7,20.2,20.0,1009.3,9.3,0.189655,58.0
2022-05-08 05:00:00,0.0,11.7,18.6,50.0,1010.3,11.1,0.172414,64.0
2022-05-08 06:00:00,0.0,12.3,16.5,0.0,1010.3,0.0,0.155172,76.0
2022-05-08 07:00:00,0.0,12.5,15.4,0.0,1010.1,0.0,0.137931,83.0
2022-05-08 08:00:00,0.0,10.8,17.5,24.0,1010.2,4.7,0.12069,65.0
2022-05-08 09:00:00,0.0,13.6,14.7,0.0,1010.4,0.0,0.12069,93.0
2022-05-08 10:00:00,0.0,13.4,14.0,0.0,1010.7,0.0,0.103448,96.0
2022-05-08 11:00:00,0.0,13.3,15.8,0.0,1011.2,0.0,0.12069,85.0
2022-05-08 12:00:00,0.0,12.6,18.2,30.0,1011.8,9.3,0.12069,70.0
2022-05-08 13:00:00,0.0,11.3,19.3,13.0,1012.3,8.3,0.103448,60.0
2022-05-08 14:00:00,0.0,11.1,19.9,0.0,1012.0,0.0,0.034483,57.0
2022-05-08 15:00:00,0.0,12.1,21.8,0.0,1012.0,0.0,-0.086207,54.0
2022-05-08 16:00:00,0.0,13.2,23.6,0.0,1011.9,0.0,-0.189655,52.0
2022-05-08 17:00:00,0.0,12.3,26.2,296.0,1011.5,8.3,-0.275862,42.0
2022-05-08 18:00:00,0.0,13.1,25.9,290.0,1010.8,13.0,-0.310345,45.0
2022-05-08 19:00:00,0.0,13.1,27.5,320.0,1010.5,11.1,-0.293103,41.0
2022-05-08 20:00:00,0.0,10.8,28.1,340.0,1009.8,14.8,-0.275862,34.0
2022-05-08 21:00:00,0.0,9.8,28.0,20.0,1009.3,11.1,-0.206897,32.0
2022-05-08 22:00:00,0.0,10.9,28.8,350.0,1009.4,6.8,-0.12069,33.0
2022-05-08 23:00:00,0.0,10.5,27.3,40.0,1009.9,13.0,-0.017241,35.0
2022-05-09 00:00:00,0.0,11.8,23.8,60.0,1010.5,9.3,0.12069,47.0
2022-05-09 01:00:00,0.0,11.3,21.6,40.0,1011.2,9.3,0.224138,52.0
2022-05-09 02:00:00,0.0,11.4,21.1,60.0,1012.3,11.1,0.241379,54.0
2022-05-09 03:00:00,0.0,11.0,21.9,75.0,1013.1,12.6,0.241379,50.0
2022-05-09 04:00:00,0.0,12.2,19.7,80.0,1013.6,13.0,0.206897,62.0
2022-05-09 05:00:00,0.0,12.2,19.2,80.0,1014.1,16.7,0.189655,64.0
2022-05-09 06:00:00,0.0,11.4,19.9,78.0,1014.3,15.5,0.172414,58.0
2022-05-09 07:00:00,0.0,11.4,19.1,87.0,1014.5,14.4,0.137931,61.0
2022-05-09 08:00:00,0.0,13.4,17.5,110.0,1014.8,11.1,0.12069,77.0
2022-05-09 09:00:00,0.0,13.7,17.4,120.0,1015.3,14.8,0.12069,79.0
2022-05-09 10:00:00,0.0,13.7,16.6,100.0,1015.8,13.0,0.12069,83.0
2022-05-09 11:00:00,0.0,13.1,17.4,100.0,1016.7,20.4,0.155172,76.0
2022-05-09 12:00:00,0.0,12.8,17.1,73.0,1017.6,15.8,0.189655,76.0
2022-05-09 13:00:00,0.0,12.5,18.8,90.0,1018.4,20.4,0.224138,67.0
2022-05-09 14:00:00,0.0,10.9,19.7,90.0,1019.0,24.1,0.137931,57.0
2022-05-09 15:00:00,0.0,10.9,21.1,110.0,1019.4,20.4,0.017241,52.0
2022-05-09 16:00:00,0.0,11.4,22.7,80.0,1019.5,16.7,-0.086207,49.0
2022-05-09 17:00:00,0.0,11.1,25.3,76.0,1019.1,15.1,-0.172414,41.0
2022-05-09 18:00:00,0.0,11.2,23.8,110.0,1018.6,20.4,-0.224138,45.0
2022-05-09 19:00:00,0.0,11.4,25.2,60.0,1018.1,16.7,-0.206897,42.0
2022-05-09 20:00:00,0.0,11.4,25.2,0.0,1017.4,0.0,-0.189655,42.0
2022-05-09 21:00:00,0.0,11.6,25.9,50.0,1016.8,13.0,-0.137931,41.0
2022-05-09 22:00:00,0.0,9.6,27.8,55.0,1016.4,10.4,-0.068966,32.0
2022-05-09 23:00:00,0.0,11.6,25.0,60.0,1016.6,14.8,0.0,43.0
2022-05-10 00:00:00,0.0,12.0,22.6,70.0,1017.0,13.0,0.12069,51.0
2022-05-10 01:00:00,0.0,11.6,20.7,70.0,1017.7,13.0,0.224138,56.0
2022-05-10 02:00:00,0.0,11.1,19.6,80.0,1018.3,13.0,0.241379,58.0
2022-05-10 03:00:00,0.0,10.8,20.4,50.0,1019.4,11.5,0.241379,54.0
2022-05-10 04:00:00,0.0,10.5,18.9,90.0,1019.8,16.7,0.206897,58.0
2022-05-10 05:00:00,0.0,10.6,17.5,100.0,1020.1,9.3,0.189655,64.0
2022-05-10 06:00:00,0.0,9.8,17.9,80.0,1020.0,10.1,0.172414,59.0
2022-05-10 07:00:00,0.0,9.9,17.0,78.0,1019.8,8.6,0.155172,63.0
2022-05-10 08:00:00,0.0,11.3,13.8,0.0,1019.9,0.0,0.137931,85.0
2022-05-10 09:00:00,0.0,11.2,14.2,0.0,1019.9,0.0,0.12069,82.0
2022-05-10 10:00:00,0.0,11.5,12.9,0.0,1020.3,0.0,0.12069,91.0
2022-05-10 11:00:00,0.0,11.7,15.1,50.0,1021.1,7.4,0.155172,80.0
2022-05-10 12:00:00,0.0,11.8,17.6,50.0,1022.2,7.4,0.206897,69.0
2022-05-10 13:00:00,0.0,9.9,18.9,56.0,1022.7,10.1,0.224138,56.0
2022-05-10 14:00:00,0.0,10.2,22.0,90.0,1023.1,14.8,0.155172,47.0
2022-05-10 15:00:00,0.0,9.3,24.1,80.0,1023.1,20.4,0.034483,39.0
2022-05-10 16:00:00,0.0,8.2,25.2,90.0,1023.0,20.4,-0.068966,34.0
2022-05-10 17:00:00,0.0,7.9,26.9,64.0,1022.3,16.2,-0.155172,30.0
2022-05-10 18:00:00,0.0,9.3,26.4,70.0,1021.6,18.5,-0.189655,34.0
2022-05-10 19:00:00,0.0,6.8,27.4,60.0,1020.7,14.8,-0.172414,27.0
2022-05-10 20:00:00,0.0,7.7,27.9,60.0,1019.8,14.8,-0.155172,28.0
2022-05-10 21:00:00,0.0,2.9,29.8,40.0,1019.3,13.0,-0.103448,18.0
2022-05-10 22:00:00,0.0,1.1,29.6,34.0,1018.8,13.0,-0.034483,16.0
2022-05-10 23:00:00,0.0,5.9,27.0,40.0,1018.7,13.0,0.034483,26.0
2022-05-11 00:00:00,0.0,8.4,22.7,40.0,1018.7,5.5,0.137931,40.0
2022-05-11 01:00:00,0.0,10.5,20.1,0.0,1018.9,0.0,0.241379,54.0
2022-05-11 02:00:00,0.0,3.7,21.6,86.0,1019.4,8.3,0.258621,31.0
2022-05-11 03:00:00,0.0,10.8,17.7,0.0,1019.8,0.0,0.241379,64.0
2022-05-11 04:00:00,0.0,10.9,16.4,0.0,1019.9,0.0,0.206897,70.0
2022-05-11 05:00:00,0.0,11.6,15.2,0.0,1019.4,0.0,0.172414,79.0
2022-05-11 06:00:00,0.0,11.5,14.5,0.0,1019.7,0.0,0.155172,82.0
2022-05-11 07:00:00,0.0,6.6,15.9,36.0,1019.3,9.0,0.137931,54.0
2022-05-11 08:00:00,0.0,10.5,14.3,0.0,1019.3,0.0,0.137931,78.0
2022-05-11 09:00:00,0.0,9.9,14.9,0.0,1019.6,0.0,0.12069,72.0
2022-05-11 10:00:00,0.0,9.1,14.7,60.0,1020.5,11.1,0.12069,69.0
2022-05-11 11:00:00,0.0,9.9,16.5,50.0,1021.3,11.1,0.155172,65.0
2022-05-11 12:00:00,0.0,7.6,17.3,63.0,1021.6,9.7,0.206897,53.0
2022-05-11 13:00:00,0.0,10.2,20.7,80.0,1021.7,16.7,0.224138,51.0
2022-05-11 14:00:00,0.0,10.2,23.5,80.0,1022.1,16.7,0.155172,43.0
2022-05-11 15:00:00,0.0,9.4,25.1,90.0,1021.9,18.5,0.034483,37.0
2022-05-11 16:00:00,0.0,7.7,27.3,46.0,1021.8,11.2,-0.051724,29.0
2022-05-11 17:00:00,0.0,8.3,27.4,50.0,1020.8,16.7,-0.12069,30.0
2022-05-11 18:00:00,0.0,7.6,27.8,60.0,1020.1,9.3,-0.172414,28.0
2022-05-11 19:00:00,0.0,8.5,28.8,10.0,1018.9,18.5,-0.155172,28.0
2022-05-11 20:00:00,0.0,9.7,29.6,40.0,1017.9,24.1,-0.155172,29.0
2022-05-11 21:00:00,0.0,10.4,29.8,60.0,1016.8,22.2,-0.086207,30.0
2022-05-11 22:00:00,0.0,8.9,31.3,33.0,1016.1,16.9,-0.017241,25.0
2022-05-11 23:00:00,0.0,11.0,28.9,40.0,1015.8,18.5,0.034483,33.0
2022-05-12 00:00:00,0.0,11.4,25.6,20.0,1015.9,5.5,0.155172,41.0
2022-05-12 01:00:00,0.0,12.7,23.1,70.0,1016.8,5.5,0.258621,52.0
2022-05-12 02:00:00,0.0,10.4,23.3,71.0,1017.4,8.6,0.293103,44.0
2022-05-12 03:00:00,0.0,12.8,19.6,10.0,1017.8,5.5,0.275862,65.0
2022-05-12 04:00:00,0.0,14.0,17.5,0.0,1017.6,0.0,0.241379,80.0
2022-05-12 05:00:00,0.0,13.3,17.0,0.0,1017.1,0.0,0.224138,79.0
2022-05-12 06:00:00,0.0,14.7,16.3,0.0,1016.7,0.0,0.189655,90.0
2022-05-12 07:00:00,0.0,9.8,18.8,55.0,1016.4,9.4,0.172414,56.0
2022-05-12 08:00:00,0.0,14.0,15.1,0.0,1016.5,0.0,0.155172,93.0
2022-05-12 09:00:00,0.0,12.9,14.9,350.0,1016.8,5.5,0.137931,88.0
2022-05-12 10:00:00,0.0,11.7,15.9,20.0,1017.3,5.5,0.12069,76.0
2022-05-12 11:00:00,0.0,10.3,17.2,26.0,1017.8,9.0,0.155172,64.0
2022-05-12 12:00:00,0.0,11.8,18.7,40.0,1018.4,11.1,0.206897,64.0
2022-05-12 13:00:00,0.0,10.6,21.8,70.0,1018.4,14.8,0.224138,49.0
2022-05-12 14:00:00,0.0,9.4,24.7,50.0,1018.1,18.5,0.155172,38.0
2022-05-12 15:00:00,0.0,9.5,26.7,50.0,1017.8,20.4,0.034483,34.0
2022-05-12 16:00:00,0.0,7.9,28.1,50.0,1017.3,16.9,-0.051724,28.0
2022-05-12 17:00:00,0.0,9.9,28.1,50.0,1016.5,20.4,-0.12069,32.0
2022-05-12 18:00:00,0.0,10.3,29.2,60.0,1015.6,24.1,-0.172414,31.0
2022-05-12 19:00:00,0.0,11.6,30.1,30.0,1014.9,24.1,-0.155172,32.0
2022-05-12 20:00:00,0.0,11.6,30.6,50.0,1013.9,24.1,-0.137931,31.0
2022-05-12 21:00:00,0.0,11.1,31.2,42.0,1013.2,18.4,-0.086207,29.0
2022-05-12 22:00:00,0.0,12.0,30.0,70.0,1012.8,24.1,-0.017241,33.0
2022-05-12 23:00:00,0.0,12.5,28.2,100.0,1012.8,22.2,0.086207,38.0
2022-05-13 00:00:00,0.0,13.3,25.4,100.0,1013.0,11.1,0.155172,47.0
2022-05-13 01:00:00,0.0,13.5,22.2,60.0,1013.4,5.5,0.258621,58.0
2022-05-13 02:00:00,0.0,11.8,25.7,61.0,1014.4,13.0,0.275862,42.0
2022-05-13 03:00:00,0.0,13.9,22.0,50.0,1014.5,9.3,0.258621,60.0
2022-05-13 04:00:00,0.0,14.4,21.5,90.0,1014.7,9.3,0.224138,64.0
2022-05-13 05:00:00,0.0,15.1,20.3,0.0,1014.8,0.0,0.189655,72.0
2022-05-13 06:00:00,0.0,13.5,20.8,110.0,1014.6,9.4,0.172414,63.0
2022-05-13 07:00:00,0.0,14.4,20.8,80.0,1014.4,14.8,0.155172,67.0
2022-05-13 08:00:00,0.0,15.0,20.0,90.0,1014.7,11.1,0.155172,73.0
2022-05-13 09:00:00,0.0,15.5,18.8,70.0,1014.7,14.8,0.137931,81.0
2022-05-13 10:00:00,0.0,15.8,18.4,70.0,1014.8,11.1,0.137931,85.0
2022-05-13 11:00:00,0.0,15.3,17.7,57.0,1015.1,8.3,0.172414,86.0
2022-05-13 12:00:00,0.0,16.1,20.1,80.0,1015.7,14.8,0.224138,78.0
2022-05-13 13:00:00,0.0,16.5,22.5,90.0,1016.3,16.7,0.241379,69.0
2022-05-13 14:00:00,0.0,15.9,24.1,100.0,1016.5,14.8,0.172414,60.0
2022-05-13 15:00:00,0.0,15.8,24.9,55.0,1016.3,9.0,0.068966,57.0
2022-05-13 16:00:00,0.0,15.9,25.9,80.0,1016.0,13.0,-0.017241,54.0
2022-05-13 17:00:00,0.0,15.1,28.1,47.0,1015.3,7.9,-0.034483,45.0
2022-05-13 18:00:00,0.0,14.9,26.8,0.0,1014.4,0.0,-0.051724,48.0
2022-05-13 19:00:00,0.0,14.6,28.4,80.0,1013.6,13.0,-0.086207,43.0
2022-05-13 20:00:00,0.0,15.5,28.2,50.0,1013.0,16.7,-0.12069,46.0
2022-05-13 21:00:00,1.2,16.1,26.4,78.0,1012.9,11.2,0.017241,53.0
2022-05-13 22:00:00,0.5,14.1,27.4,40.0,1013.0,9.3,0.068966,44.0
2022-05-13 23:00:00,0.0,16.7,24.7,174.0,1013.8,6.5,0.017241,61.0
2022-05-14 00:00:00,0.0,16.9,23.6,0.0,1013.9,0.0,0.137931,66.0
2022-05-14 01:00:00,0.0,19.3,21.2,310.0,1014.5,5.5,0.224138,89.0
2022-05-14 02:00:00,0.0,17.5,21.5,150.0,1015.2,5.8,0.241379,78.0
2022-05-14 03:00:00,0.0,19.1,21.9,0.0,1015.8,0.0,0.241379,84.0
2022-05-14 04:00:00,0.0,18.0,20.4,177.0,1015.5,6.1,0.224138,86.0
2022-05-14 05:00:00,0.0,18.2,19.5,156.0,1014.8,5.0,0.206897,92.0
2022-05-14 06:00:00,0.0,17.7,18.7,113.0,1014.3,5.8,0.189655,94.0
2022-05-14 07:00:00,0.0,18.0,18.7,0.0,1013.9,0.0,0.172414,96.0
2022-05-14 08:00:00,0.0,18.1,18.8,0.0,1013.4,0.0,0.155172,96.0
2022-05-14 09:00:00,0.0,17.6,18.4,90.0,1013.9,5.5,0.155172,95.0
2022-05-14 10:00:00,0.0,17.3,17.8,0.0,1014.4,0.0,0.155172,97.0
2022-05-14 11:00:00,0.0,16.6,16.8,76.0,1015.2,4.7,0.137931,99.0
2022-05-14 12:00:00,0.0,17.9,19.8,0.0,1015.8,0.0,0.137931,89.0
2022-05-14 13:00:00,0.0,18.8,23.0,0.0,1015.9,0.0,0.137931,77.0
2022-05-14 14:00:00,0.0,18.5,25.1,0.0,1016.0,0.0,0.086207,67.0
2022-05-14 15:00:00,0.0,17.4,26.0,360.0,1016.3,5.5,-0.034483,59.0
2022-05-14 16:00:00,0.0,18.0,25.6,180.0,1016.1,1.8,-0.103448,63.0
2022-05-14 17:00:00,0.0,16.9,27.6,320.0,1016.0,5.5,-0.017241,52.0
2022-05-14 18:00:00,0.0,16.2,28.2,0.0,1015.0,0.0,-0.051724,48.0
2022-05-14 19:00:00,0.0,14.7,29.3,0.0,1014.2,0.0,-0.086207,41.0
2022-05-14 20:00:00,0.0,18.2,29.0,159.0,1013.3,4.3,-0.206897,52.0
2022-05-14 21:00:00,0.0,15.3,29.6,70.0,1012.5,11.1,-0.068966,42.0
2022-05-14 22:00:00,0.2,14.8,29.0,80.0,1012.3,7.4,0.034483,42.0
2022-05-14 23:00:00,0.0,15.5,25.2,260.0,1012.1,9.3,0.068966,55.0
2022-05-15 00:00:00,0.0,17.6,25.7,173.0,1012.1,9.4,0.155172,61.0
2022-05-15 01:00:00,0.0,18.2,24.2,182.0,1012.8,9.0,0.224138,69.0
2022-05-15 02:00:00,0.0,18.0,22.7,0.0,1014.3,0.0,0.241379,75.0
2022-05-15 03:00:00,0.0,18.7,21.9,170.0,1015.3,5.5,0.241379,82.0
2022-05-15 04:00:00,0.0,18.5,20.6,0.0,1015.3,0.0,0.206897,88.0
2022-05-15 05:00:00,0.0,18.8,20.3,0.0,1015.2,0.0,0.189655,91.0
2022-05-15 06:00:00,0.0,19.4,20.2,235.0,1014.8,5.8,0.172414,95.0
2022-05-15 07:00:00,0.0,18.2,19.7,0.0,1014.4,0.0,0.155172,91.0
2022-05-15 08:00:00,0.0,18.5,19.2,0.0,1014.2,0.0,0.137931,96.0
2022-05-15 09:00:00,0.0,17.9,18.6,0.0,1014.2,0.0,0.137931,96.0
2022-05-15 10:00:00,0.0,18.1,18.8,0.0,1014.3,0.0,0.137931,96.0
2022-05-15 11:00:00,0.0,19.1,19.3,207.0,1014.4,3.2,0.137931,99.0
2022-05-15 12:00:00,0.0,19.7,21.1,0.0,1014.6,0.0,0.137931,92.0
2022-05-15 13:00:00,0.0,20.1,23.8,0.0,1014.5,0.0,0.12069,80.0
2022-05-15 14:00:00,0.0,20.0,26.4,40.0,1014.8,7.4,0.051724,68.0
2022-05-15 15:00:00,0.0,18.0,28.2,0.0,1014.8,0.0,-0.034483,54.0
2022-05-15 16:00:00,0.0,18.1,28.9,195.0,1014.5,2.5,-0.137931,52.0
2022-05-15 17:00:00,0.0,16.7,28.8,200.0,1014.0,5.5,-0.103448,48.0
2022-05-15 18:00:00,0.0,17.1,30.8,190.0,1013.2,11.1,-0.068966,44.0
2022-05-15 19:00:00,0.0,16.4,31.2,280.0,1012.0,18.5,-0.068966,41.0
2022-05-15 20:00:00,0.0,16.7,30.3,244.0,1011.3,9.4,-0.017241,44.0
2022-05-15 21:00:00,0.0,18.6,23.3,180.0,1011.2,5.5,0.224138,75.0
2022-05-15 22:00:00,0.1,18.8,23.1,130.0,1011.2,7.4,0.155172,77.0
2022-05-15 23:00:00,0.0,17.6,23.1,270.0,1011.1,11.1,0.137931,71.0
2022-05-16 00:00:00,0.0,17.7,26.1,190.0,1011.2,6.5,0.12069,60.0
2022-05-16 01:00:00,0.0,18.0,24.3,200.0,1011.8,7.9,0.189655,68.0
2022-05-16 02:00:00,0.0,20.0,22.1,0.0,1012.8,0.0,0.224138,88.0
2022-05-16 03:00:00,0.0,20.6,21.8,210.0,1013.5,9.3,0.224138,93.0
2022-05-16 04:00:00,0.0,20.5,21.7,190.0,1013.2,5.5,0.206897,93.0
2022-05-16 05:00:00,0.0,20.5,21.3,0.0,1013.0,0.0,0.189655,95.0
2022-05-16 06:00:00,0.0,19.9,20.6,215.0,1012.3,7.6,0.172414,96.0
2022-05-16 07:00:00,0.0,19.8,20.5,280.0,1012.4,5.5,0.137931,96.0
2022-05-16 08:00:00,0.0,19.3,20.0,0.0,1012.2,0.0,0.137931,96.0
2022-05-16 09:00:00,0.0,19.8,20.6,200.0,1012.1,5.5,0.12069,95.0
2022-05-16 10:00:00,0.0,19.2,19.2,238.0,1012.4,5.8,0.155172,100.0
2022-05-16 11:00:00,0.0,19.5,20.3,0.0,1013.0,0.0,0.172414,95.0
2022-05-16 12:00:00,0.0,19.9,20.9,250.0,1013.8,6.8,0.224138,94.0
2022-05-16 13:00:00,0.0,20.5,22.0,0.0,1014.0,0.0,0.241379,91.0
2022-05-16 14:00:00,0.0,19.5,24.4,254.0,1014.2,11.5,0.206897,74.0
2022-05-16 15:00:00,0.0,18.1,25.7,270.0,1014.2,5.5,0.103448,63.0
2022-05-16 16:00:00,0.0,18.2,28.4,252.0,1013.7,11.2,-0.017241,54.0
2022-05-16 17:00:00,0.0,17.5,30.0,263.0,1012.7,9.0,-0.068966,47.0
2022-05-16 18:00:00,0.0,18.4,28.9,280.0,1012.2,9.3,-0.103448,53.0
2022-05-16 19:00:00,0.0,16.2,30.1,350.0,1011.2,11.1,-0.103448,43.0
2022-05-16 20:00:00,0.0,15.2,32.7,275.0,1010.3,9.4,-0.086207,35.0
2022-05-16 21:00:00,0.0,15.9,30.6,290.0,1009.8,7.4,-0.017241,41.0
2022-05-16 22:00:00,0.0,15.5,30.6,300.0,1009.4,5.5,0.017241,40.0
2022-05-16 23:00:00,0.0,16.9,29.8,260.0,1009.5,9.3,0.086207,46.0
2022-05-17 00:00:00,0.0,16.9,27.0,240.0,1010.2,9.3,0.224138,54.0
2022-05-17 01:00:00,0.0,17.3,27.7,219.0,1011.4,17.6,0.293103,53.0
2022-05-17 02:00:00,0.0,16.9,25.8,0.0,1012.4,0.0,0.310345,58.0
2022-05-17 03:00:00,0.0,19.1,24.2,230.0,1013.0,9.3,0.293103,73.0
2022-05-17 04:00:00,0.0,19.2,23.5,0.0,1013.4,0.0,0.275862,77.0
2022-05-17 05:00:00,0.0,20.0,23.0,230.0,1013.4,9.4,0.241379,83.0
2022-05-17 06:00:00,0.0,19.8,22.3,229.0,1013.3,8.3,0.206897,86.0
2022-05-17 07:00:00,0.0,20.4,21.9,0.0,1013.2,0.0,0.189655,91.0
2022-05-17 08:00:00,0.0,20.2,20.5,0.0,1013.3,0.0,0.172414,98.0
2022-05-17 09:00:00,0.0,18.8,20.9,10.0,1013.7,7.4,0.155172,88.0
2022-05-17 10:00:00,0.0,16.5,21.3,359.0,1014.2,9.4,0.155172,74.0
2022-05-17 11:00:00,0.0,16.9,21.3,30.0,1015.0,9.3,0.189655,76.0
2022-05-17 12:00:00,0.0,16.4,22.8,40.0,1015.6,13.0,0.241379,67.0
2022-05-17 13:00:00,0.0,14.4,25.9,70.0,1016.0,14.8,0.258621,49.0
2022-05-17 14:00:00,0.0,13.9,28.0,60.0,1015.9,13.0,0.206897,42.0
2022-05-17 15:00:00,0.0,12.7,29.8,53.0,1015.9,7.2,0.103448,35.0
2022-05-17 16:00:00,0.0,14.0,29.4,60.0,1015.7,7.4,0.017241,39.0
2022-05-17 17:00:00,0.0,13.8,30.6,60.0,1015.2,13.0,-0.034483,36.0
2022-05-17 18:00:00,0.0,15.2,31.2,340.0,1014.2,11.1,-0.068966,38.0
2022-05-17 19:00:00,0.0,13.1,34.2,282.0,1013.7,13.0,-0.051724,28.0
2022-05-17 20:00:00,0.0,12.9,34.0,281.0,1013.1,14.8,-0.034483,28.0
2022-05-17 21:00:00,0.0,15.3,32.3,340.0,1012.7,11.1,0.051724,36.0
2022-05-17 22:00:00,0.0,11.2,34.0,282.0,1012.3,10.8,0.137931,25.0
2022-05-17 23:00:00,0.0,11.9,33.4,271.0,1012.1,10.4,0.103448,27.0
2022-05-18 00:00:00,0.0,15.2,27.5,360.0,1012.4,7.4,0.224138,47.0
2022-05-18 01:00:00,0.0,12.2,29.2,268.0,1013.2,8.6,0.327586,35.0
2022-05-18 02:00:00,0.0,16.4,23.9,0.0,1014.4,0.0,0.327586,63.0
2022-05-18 03:00:00,0.0,16.1,22.5,0.0,1016.0,0.0,0.327586,67.0
2022-05-18 04:00:00,0.0,15.3,21.0,0.0,1016.3,0.0,0.293103,70.0
2022-05-18 05:00:00,0.0,19.5,23.6,244.0,1015.8,8.3,0.258621,78.0
2022-05-18 06:00:00,0.0,15.6,20.4,0.0,1015.6,0.0,0.224138,74.0
2022-05-18 07:00:00,0.0,15.9,19.2,0.0,1015.5,0.0,0.206897,81.0
2022-05-18 08:00:00,0.0,15.6,19.3,0.0,1016.0,0.0,0.189655,79.0
2022-05-18 09:00:00,0.0,15.5,18.3,0.0,1016.1,0.0,0.155172,84.0
2022-05-18 10:00:00,0.0,19.6,20.4,273.0,1015.9,5.8,0.172414,95.0
2022-05-18 11:00:00,0.0,15.3,18.4,0.0,1016.1,0.0,0.189655,82.0
2022-05-18 12:00:00,0.0,13.4,23.2,0.0,1017.1,0.0,0.224138,54.0
2022-05-18 13:00:00,0.0,13.9,26.5,190.0,1017.2,9.3,0.241379,46.0
2022-05-18 14:00:00,0.0,15.9,28.3,120.0,1017.2,4.7,0.172414,47.0
2022-05-18 15:00:00,0.0,17.3,30.6,147.0,1017.1,5.8,0.086207,45.0
2022-05-18 16:00:00,0.0,15.9,31.1,230.0,1016.5,5.5,0.017241,40.0
2022-05-18 17:00:00,0.0,16.1,31.8,240.0,1016.0,5.5,-0.017241,39.0
2022-05-18 18:00:00,0.0,16.9,32.7,230.0,1015.2,5.5,-0.051724,39.0
2022-05-18 19:00:00,0.0,18.5,32.7,250.0,1014.2,11.1,-0.034483,43.0
2022-05-18 20:00:00,0.0,15.9,35.1,232.0,1013.4,8.6,-0.034483,32.0
2022-05-18 21:00:00,0.0,16.4,32.5,300.0,1013.0,13.0,0.051724,38.0
2022-05-18 22:00:00,0.0,18.1,31.9,250.0,1013.2,13.0,0.103448,44.0
2022-05-18 23:00:00,0.0,18.8,29.4,250.0,1013.1,14.8,0.137931,53.0
2022-05-19 00:00:00,0.0,18.9,30.1,218.0,1012.9,16.9,0.241379,51.0
2022-05-19 01:00:00,0.0,19.0,26.6,230.0,1013.4,11.1,0.310345,63.0
2022-05-19 02:00:00,0.0,19.0,25.6,240.0,1014.2,11.1,0.327586,67.0
2022-05-19 03:00:00,0.0,20.0,24.3,230.0,1014.8,9.3,0.327586,77.0
2022-05-19 04:00:00,0.0,21.2,23.1,210.0,1015.2,5.5,0.293103,89.0
2022-05-19 05:00:00,0.0,22.1,23.7,231.0,1014.9,11.9,0.258621,91.0
2022-05-19 06:00:00,0.0,21.9,22.6,0.0,1014.3,0.0,0.224138,96.0
2022-05-19 07:00:00,0.0,21.9,22.4,0.0,1013.8,0.0,0.224138,97.0
2022-05-19 08:00:00,0.0,22.0,22.5,0.0,1013.8,0.0,0.206897,97.0
2022-05-19 09:00:00,0.0,22.6,23.4,239.0,1013.9,14.0,0.172414,95.0
2022-05-19 10:00:00,0.0,22.3,23.3,236.0,1014.3,13.0,0.172414,94.0
2022-05-19 11:00:00,0.0,22.3,23.3,280.0,1014.5,5.5,0.206897,94.0
2022-05-19 12:00:00,0.0,22.0,23.6,270.0,1015.0,7.4,0.275862,91.0
2022-05-19 13:00:00,0.0,22.0,25.5,260.0,1015.4,11.1,0.293103,81.0
2022-05-19 14:00:00,0.0,21.6,27.1,270.0,1015.1,11.1,0.224138,72.0
2022-05-19 15:00:00,0.0,20.3,28.5,290.0,1014.6,5.5,0.172414,61.0
2022-05-19 16:00:00,0.0,19.4,30.3,220.0,1014.5,9.3,0.068966,52.0
2022-05-19 17:00:00,0.0,17.1,33.3,220.0,1013.7,12.6,-0.017241,38.0
2022-05-19 18:00:00,0.0,16.3,34.4,217.0,1012.5,14.0,-0.034483,34.0
2022-05-19 19:00:00,0.0,17.2,33.5,200.0,1011.5,20.4,-0.017241,38.0
2022-05-19 20:00:00,0.0,16.6,33.2,220.0,1010.9,18.5,0.0,37.0
2022-05-19 21:00:00,0.0,15.6,31.7,240.0,1010.4,18.5,0.034483,38.0
2022-05-19 22:00:00,0.0,15.4,33.4,217.0,1010.1,19.4,0.155172,34.0
2022-05-19 23:00:00,0.0,16.7,29.9,250.0,1010.4,11.1,0.189655,45.0
2022-05-20 00:00:00,0.0,15.7,27.4,240.0,1010.8,14.8,0.275862,49.0
2022-05-20 01:00:00,0.0,16.9,25.8,240.0,1011.9,9.3,0.327586,58.0
2022-05-20 02:00:00,0.0,18.3,24.1,230.0,1012.4,5.5,0.344828,70.0
2022-05-20 03:00:00,0.0,20.2,25.6,220.0,1013.2,11.2,0.344828,72.0
2022-05-20 04:00:00,0.0,19.3,22.7,190.0,1013.6,5.5,0.293103,81.0
2022-05-20 05:00:00,0.0,20.0,22.1,200.0,1013.7,9.3,0.258621,88.0
2022-05-20 06:00:00,0.0,20.4,21.8,190.0,1013.7,7.4,0.241379,92.0
2022-05-20 07:00:00,0.0,22.0,22.7,196.0,1013.5,11.2,0.224138,96.0
2022-05-20 08:00:00,0.0,21.5,22.5,200.0,1013.4,9.3,0.206897,94.0
2022-05-20 09:00:00,0.0,21.1,21.8,200.0,1013.5,7.4,0.206897,96.0
2022-05-20 10:00:00,0.0,20.9,21.4,0.0,1013.7,0.0,0.206897,97.0
2022-05-20 11:00:00,0.0,21.5,22.0,169.0,1013.9,8.6,0.224138,97.0
2022-05-20 12:00:00,0.0,21.3,23.6,184.0,1014.7,13.0,0.275862,87.0
2022-05-20 13:00:00,0.0,21.1,25.0,210.0,1015.3,11.1,0.293103,79.0
2022-05-20 14:00:00,0.0,20.3,28.0,190.0,1014.9,16.7,0.224138,63.0
2022-05-20 15:00:00,0.0,19.2,29.5,190.0,1014.8,22.2,0.155172,54.0
2022-05-20 16:00:00,0.0,18.1,31.1,210.0,1014.6,14.8,0.068966,46.0
2022-05-20 17:00:00,0.0,17.0,32.8,192.0,1014.0,17.3,-0.017241,39.0
2022-05-20 18:00:00,0.0,18.2,32.8,200.0,1013.4,24.1,-0.086207,42.0
2022-05-20 19:00:00,0.0,16.1,33.2,200.0,1013.8,16.7,-0.068966,36.0
2022-05-20 20:00:00,0.0,18.1,30.0,240.0,1013.3,13.0,-0.086207,49.0
2022-05-20 21:00:00,0.0,15.8,32.3,184.0,1013.4,22.7,0.034483,37.0
2022-05-20 22:00:00,0.2,18.1,30.3,187.0,1013.9,22.0,0.258621,48.0
2022-05-20 23:00:00,0.0,17.8,29.6,220.0,1014.2,22.2,0.224138,49.0
2022-05-21 00:00:00,0.0,18.5,27.2,230.0,1014.6,9.3,0.224138,59.0
2022-05-21 01:00:00,0.0,18.5,26.1,230.0,1015.2,5.5,0.275862,63.0
2022-05-21 02:00:00,0.0,20.5,26.7,166.0,1015.7,13.3,0.275862,69.0
2022-05-21 03:00:00,0.0,21.4,25.5,160.0,1016.1,13.0,0.275862,78.0
2022-05-21 04:00:00,0.0,21.6,24.3,170.0,1016.9,7.4,0.258621,85.0
2022-05-21 05:00:00,0.0,21.9,23.5,180.0,1016.8,13.0,0.241379,91.0
2022-05-21 06:00:00,0.0,22.0,22.8,190.0,1016.7,7.4,0.224138,95.0
2022-05-21 07:00:00,0.0,22.1,22.8,172.0,1016.9,9.0,0.206897,96.0
2022-05-21 08:00:00,0.0,22.1,22.9,170.0,1017.5,5.5,0.189655,95.0
2022-05-21 09:00:00,0.0,22.5,23.2,170.0,1017.9,5.5,0.189655,96.0
2022-05-21 10:00:00,0.0,22.3,23.7,190.0,1018.3,11.1,0.189655,92.0
2022-05-21 11:00:00,0.0,22.3,23.7,152.0,1018.7,8.3,0.172414,92.0
2022-05-21 12:00:00,0.0,22.4,24.5,155.0,1019.2,10.8,0.172414,88.0
2022-05-21 13:00:00,0.0,21.7,26.7,220.0,1019.8,18.5,0.172414,74.0
2022-05-21 14:00:00,0.0,21.4,27.9,220.0,1019.9,16.7,0.12069,68.0
2022-05-21 15:00:00,0.0,21.0,28.5,230.0,1019.7,13.0,0.051724,64.0
2022-05-21 16:00:00,0.0,20.6,29.4,190.0,1019.7,13.0,0.034483,59.0
2022-05-21 17:00:00,0.0,20.7,29.0,200.0,1019.9,18.5,0.0,61.0
2022-05-21 18:00:00,2.7,20.8,26.3,219.0,1020.8,16.6,-0.017241,72.0
2022-05-21 19:00:00,0.3,20.1,22.4,210.0,1019.9,5.5,-0.017241,87.0
2022-05-21 20:00:00,0.0,20.6,26.8,205.0,1019.3,15.1,0.172414,69.0
2022-05-21 21:00:00,0.0,20.4,28.7,194.0,1018.9,13.7,0.206897,61.0
2022-05-21 22:00:00,0.0,19.8,25.7,260.0,1018.7,9.3,0.068966,70.0
2022-05-21 23:00:00,0.0,20.0,25.9,240.0,1019.5,7.4,0.086207,70.0
2022-05-22 00:00:00,0.0,20.2,24.7,160.0,1020.3,5.5,0.155172,76.0
2022-05-22 01:00:00,0.0,20.4,22.9,0.0,1021.2,0.0,0.224138,86.0
2022-05-22 02:00:00,0.0,19.6,25.5,158.0,1021.7,13.0,0.241379,70.0
2022-05-22 03:00:00,0.0,19.6,22.8,150.0,1022.1,16.7,0.258621,82.0
2022-05-22 04:00:00,0.0,19.6,23.9,173.0,1022.4,10.4,0.224138,77.0
2022-05-22 05:00:00,0.0,19.7,22.0,130.0,1022.3,5.5,0.206897,87.0
2022-05-22 06:00:00,0.0,20.0,22.7,149.0,1022.1,9.0,0.189655,85.0
2022-05-22 07:00:00,0.0,20.0,22.3,163.0,1021.8,7.9,0.172414,87.0
2022-05-22 08:00:00,0.0,20.0,20.8,130.0,1021.0,5.5,0.172414,95.0
2022-05-22 09:00:00,0.0,19.6,20.1,0.0,1021.3,0.0,0.155172,97.0
2022-05-22 10:00:00,0.0,18.9,19.6,0.0,1021.6,0.0,0.155172,96.0
2022-05-22 11:00:00,0.0,20.0,21.5,120.0,1021.9,9.3,0.155172,91.0
2022-05-22 12:00:00,0.0,21.3,23.2,162.0,1022.6,4.7,0.137931,89.0
2022-05-22 13:00:00,0.0,20.2,23.2,150.0,1022.8,9.3,0.12069,83.0
2022-05-22 14:00:00,0.0,20.9,26.6,190.0,1022.5,7.4,0.068966,71.0
2022-05-22 15:00:00,0.0,20.6,29.2,200.0,1022.6,9.4,0.068966,60.0
2022-05-22 16:00:00,0.0,20.3,30.7,207.0,1022.5,10.8,-0.086207,54.0
2022-05-22 17:00:00,0.0,21.7,30.6,270.0,1021.3,16.7,-0.051724,59.0
2022-05-22 18:00:00,0.0,19.2,21.8,290.0,1020.6,5.5,0.051724,85.0
2022-05-22 19:00:00,2.8,18.5,23.9,0.0,1020.6,0.0,0.189655,72.0
2022-05-22 20:00:00,6.4,18.7,25.8,0.0,1021.1,0.0,0.017241,65.0
2022-05-22 21:00:00,0.8,22.6,24.3,188.0,1020.5,4.3,-0.017241,90.0
2022-05-22 22:00:00,0.2,18.6,25.9,0.0,1019.8,0.0,0.017241,64.0
2022-05-22 23:00:00,0.0,19.7,25.3,0.0,1019.6,0.0,0.086207,71.0
2022-05-23 00:00:00,0.0,20.1,20.9,199.0,1020.0,5.4,0.189655,95.0
2022-05-23 01:00:00,0.0,22.7,24.1,150.0,1020.6,3.6,0.224138,92.0
2022-05-23 02:00:00,0.2,21.9,23.5,158.0,1019.9,11.2,0.241379,91.0
2022-05-23 03:00:00,0.0,19.9,20.9,80.0,1019.9,9.3,0.224138,94.0
2022-05-23 04:00:00,0.0,22.0,22.8,155.0,1020.2,9.7,0.206897,95.0
2022-05-23 05:00:00,0.0,20.2,21.7,110.0,1019.7,20.4,0.189655,91.0
2022-05-23 06:00:00,0.0,20.4,22.3,140.0,1018.8,14.8,0.155172,89.0
2022-05-23 07:00:00,0.0,22.2,23.6,142.0,1018.0,13.7,0.137931,92.0
2022-05-23 08:00:00,0.4,21.5,22.9,150.0,1018.0,18.5,0.137931,92.0
2022-05-23 09:00:00,3.5,22.0,23.4,180.0,1018.4,18.5,0.137931,92.0
2022-05-23 10:00:00,4.1,22.3,23.7,150.0,1018.3,11.1,0.155172,92.0
2022-05-23 11:00:00,0.3,20.7,21.0,195.0,1018.7,14.0,0.189655,98.0
2022-05-23 12:00:00,2.0,21.6,23.0,220.0,1019.5,5.5,0.224138,92.0
2022-05-23 13:00:00,2.9,22.7,25.2,230.0,1019.4,13.0,0.241379,86.0
2022-05-23 14:00:00,1.7,22.3,27.3,230.0,1019.5,14.8,0.189655,74.0
2022-05-23 15:00:00,2.6,22.4,28.2,190.0,1019.1,13.0,0.12069,71.0
2022-05-23 16:00:00,1.1,21.6,23.3,204.0,1018.7,16.9,0.051724,90.0
2022-05-23 17:00:00,0.3,22.5,25.0,240.0,1018.1,18.5,0.017241,86.0
2022-05-23 18:00:00,0.0,22.2,27.2,250.0,1017.6,11.1,0.137931,74.0
2022-05-23 19:00:00,1.1,20.3,22.0,290.0,1017.3,5.5,0.189655,90.0
2022-05-23 20:00:00,0.2,22.5,25.4,214.0,1016.5,11.5,0.293103,84.0
2022-05-23 21:00:00,0.0,22.8,27.4,218.0,1015.7,13.7,0.293103,76.0
2022-05-23 22:00:00,1.0,19.6,22.6,190.0,1015.5,11.1,0.275862,83.0
2022-05-23 23:00:00,1.5,19.6,22.6,180.0,1015.6,7.4,0.155172,83.0
2022-05-24 00:00:00,3.9,20.5,21.5,0.0,1016.8,0.0,0.137931,94.0
2022-05-24 01:00:00,0.0,20.6,21.3,0.0,1016.7,0.0,0.189655,96.0
2022-05-24 02:00:00,0.0,20.6,21.6,214.0,1017.5,4.7,0.224138,94.0
2022-05-24 03:00:00,0.0,20.3,21.7,110.0,1018.2,7.4,0.224138,92.0
2022-05-24 04:00:00,0.0,20.6,21.6,110.0,1017.9,13.0,0.206897,94.0
2022-05-24 05:00:00,0.0,20.6,21.4,0.0,1017.6,0.0,0.189655,95.0
2022-05-24 06:00:00,0.0,20.5,21.0,128.0,1017.2,5.4,0.172414,97.0
2022-05-24 07:00:00,0.0,20.5,21.2,0.0,1016.6,0.0,0.172414,96.0
2022-05-24 08:00:00,0.0,20.7,21.4,139.0,1016.2,4.0,0.155172,96.0
2022-05-24 09:00:00,0.0,19.9,20.6,0.0,1016.3,0.0,0.137931,96.0
2022-05-24 10:00:00,0.0,20.5,20.8,117.0,1016.5,4.7,0.155172,98.0
2022-05-24 11:00:00,0.0,20.6,20.9,90.0,1016.6,4.7,0.172414,98.0
2022-05-24 12:00:00,0.0,20.2,21.6,110.0,1017.0,5.5,0.224138,92.0
2022-05-24 13:00:00,0.0,20.3,23.8,0.0,1017.3,0.0,0.241379,81.0
2022-05-24 14:00:00,0.0,21.3,25.9,210.0,1017.3,5.5,0.172414,76.0
2022-05-24 15:00:00,0.0,21.3,27.0,130.0,1017.4,7.4,0.103448,71.0
2022-05-24 16:00:00,0.0,21.4,27.8,177.0,1017.3,9.0,0.137931,68.0
2022-05-24 17:00:00,0.1,20.7,29.0,210.0,1017.3,13.0,0.137931,61.0
2022-05-24 18:00:00,0.0,21.0,29.0,0.0,1016.5,0.0,0.034483,62.0
2022-05-24 19:00:00,0.0,23.2,25.9,240.0,1015.8,11.1,0.051724,85.0
2022-05-24 20:00:00,3.3,22.1,26.0,150.0,1016.1,12.2,0.12069,79.0
2022-05-24 21:00:00,0.0,19.8,25.7,130.0,1015.1,13.0,0.327586,70.0
2022-05-24 22:00:00,0.5,20.4,23.1,120.0,1015.1,22.2,0.12069,85.0
2022-05-24 23:00:00,0.0,20.9,22.3,0.0,1015.4,0.0,0.086207,92.0
2022-05-25 00:00:00,0.0,20.7,22.2,100.0,1015.5,7.4,0.241379,91.0
2022-05-25 01:00:00,0.0,20.8,21.6,50.0,1015.9,7.4,0.224138,95.0
2022-05-25 02:00:00,0.0,21.6,23.3,132.0,1016.6,6.5,0.224138,90.0
2022-05-25 03:00:00,0.0,20.5,21.2,90.0,1017.3,5.5,0.224138,96.0
2022-05-25 04:00:00,0.0,20.3,21.0,90.0,1017.2,9.3,0.206897,96.0
2022-05-25 05:00:00,0.0,22.1,22.8,111.0,1016.9,6.8,0.189655,96.0
2022-05-25 06:00:00,0.0,22.0,22.5,117.0,1016.6,6.8,0.172414,97.0
2022-05-25 07:00:00,0.0,20.3,21.0,0.0,1016.5,0.0,0.172414,96.0
2022-05-25 08:00:00,0.0,20.3,21.0,0.0,1015.8,0.0,0.155172,96.0
2022-05-25 09:00:00,0.0,20.1,20.8,110.0,1016.2,7.4,0.137931,96.0
2022-05-25 10:00:00,0.0,20.3,21.0,120.0,1016.6,7.4,0.155172,96.0
2022-05-25 11:00:00,0.0,20.1,21.5,118.0,1017.2,12.2,0.172414,92.0
2022-05-25 12:00:00,0.0,21.2,22.7,150.0,1017.5,9.3,0.224138,91.0
2022-05-25 13:00:00,0.0,22.0,25.1,160.0,1017.6,20.4,0.241379,83.0
2022-05-25 14:00:00,0.0,22.0,27.7,170.0,1018.3,18.5,0.189655,71.0
2022-05-25 15:00:00,0.5,21.9,25.8,149.0,1018.3,16.6,0.155172,79.0
2022-05-25 16:00:00,0.6,20.9,27.6,200.0,1018.4,11.1,0.103448,67.0
2022-05-25 17:00:00,0.5,20.3,23.4,153.0,1018.2,18.4,0.12069,83.0
2022-05-25 18:00:00,0.3,19.7,21.4,0.0,1018.1,0.0,0.310345,90.0
2022-05-25 19:00:00,0.4,20.6,21.3,220.0,1017.2,11.1,0.293103,96.0
2022-05-25 20:00:00,0.2,21.0,22.0,190.0,1016.8,16.7,0.293103,94.0
2022-05-25 21:00:00,0.0,21.2,26.4,170.0,1016.4,18.4,0.310345,73.0
2022-05-25 22:00:00,0.0,21.0,21.8,150.0,1016.3,11.1,0.224138,95.0
2022-05-25 23:00:00,5.4,21.2,22.0,170.0,1016.8,14.8,0.206897,95.0
2022-05-26 00:00:00,9.0,20.0,21.5,220.0,1018.0,9.3,0.206897,91.0
2022-05-26 01:00:00,2.2,20.9,21.7,238.0,1018.5,8.6,0.206897,95.0
2022-05-26 02:00:00,0.8,21.0,21.7,220.0,1018.0,13.0,0.206897,96.0
2022-05-26 03:00:00,0.2,18.6,21.8,190.0,1017.4,22.2,0.206897,82.0
2022-05-26 04:00:00,0.1,18.3,21.5,170.0,1016.8,18.5,0.206897,82.0
2022-05-26 05:00:00,0.0,19.5,20.8,230.0,1016.5,7.4,0.172414,92.0
2022-05-26 06:00:00,0.0,21.2,21.9,152.0,1016.3,9.7,0.172414,96.0
2022-05-26 07:00:00,0.0,18.6,20.8,210.0,1017.1,14.8,0.172414,87.0
2022-05-26 08:00:00,0.0,18.9,20.8,140.0,1017.2,9.3,0.155172,89.0
2022-05-26 09:00:00,0.0,18.8,20.0,0.0,1016.9,0.0,0.137931,93.0
2022-05-26 10:00:00,0.0,20.9,21.4,143.0,1017.2,7.9,0.155172,97.0
2022-05-26 11:00:00,0.0,19.3,20.0,140.0,1017.0,9.3,0.155172,96.0
2022-05-26 12:00:00,0.0,19.5,20.5,160.0,1017.1,9.3,0.224138,94.0
2022-05-26 13:00:00,0.0,19.5,21.6,190.0,1017.6,13.0,0.241379,88.0
2022-05-26 14:00:00,0.2,20.4,21.8,220.0,1017.8,11.1,0.241379,92.0
2022-05-26 15:00:00,0.3,22.9,26.2,176.0,1017.2,19.8,0.224138,82.0
2022-05-26 16:00:00,0.2,20.8,22.2,160.0,1017.2,16.7,0.224138,92.0
2022-05-26 17:00:00,4.4,20.5,22.0,220.0,1017.6,7.4,0.224138,91.0
2022-05-26 18:00:00,1.7,19.8,22.4,181.0,1017.5,20.5,0.206897,85.0
2022-05-26 19:00:00,0.2,22.2,25.9,180.0,1015.9,23.0,0.155172,80.0
2022-05-26 20:00:00,0.2,22.1,25.6,179.0,1015.3,21.6,0.206897,81.0
2022-05-26 21:00:00,0.2,20.3,21.8,260.0,1014.8,11.1,0.224138,91.0
2022-05-26 22:00:00,0.0,19.3,20.6,190.0,1014.1,7.4,0.189655,92.0
2022-05-26 23:00:00,0.0,20.7,21.5,180.0,1013.9,14.8,0.172414,95.0
2022-05-27 00:00:00,0.0,22.1,24.6,182.0,1013.8,19.4,0.155172,86.0
2022-05-27 01:00:00,0.0,21.8,24.1,191.0,1013.9,19.1,0.137931,87.0
2022-05-27 02:00:00,0.0,20.7,21.5,200.0,1014.4,13.0,0.172414,95.0
2022-05-27 03:00:00,0.0,19.8,21.0,230.0,1014.5,9.3,0.189655,93.0
2022-05-27 04:00:00,0.0,20.1,20.9,230.0,1014.4,9.3,0.172414,95.0
2022-05-27 05:00:00,0.0,21.5,23.0,195.0,1014.1,14.4,0.155172,91.0
2022-05-27 06:00:00,1.8,21.2,22.2,201.0,1013.7,16.6,0.137931,94.0
2022-05-27 07:00:00,5.5,19.8,21.2,230.0,1013.4,11.1,0.137931,92.0
2022-05-27 08:00:00,0.4,20.2,20.9,230.0,1013.1,22.2,0.137931,96.0
2022-05-27 09:00:00,0.0,20.6,21.3,219.0,1013.4,11.2,0.12069,96.0
2022-05-27 10:00:00,0.0,20.7,21.2,216.0,1013.4,7.6,0.12069,97.0
2022-05-27 11:00:00,0.0,18.2,19.0,170.0,1014.1,9.3,0.137931,95.0
2022-05-27 12:00:00,0.2,18.8,20.9,270.0,1014.5,5.5,0.155172,88.0
2022-05-27 13:00:00,0.2,20.6,22.9,320.0,1014.8,11.1,0.155172,87.0
2022-05-27 14:00:00,0.0,21.4,24.7,224.0,1014.8,11.2,0.086207,82.0
2022-05-27 15:00:00,0.0,21.0,26.2,248.0,1015.0,11.5,0.051724,73.0
2022-05-27 16:00:00,0.0,18.5,26.1,280.0,1015.0,11.1,-0.051724,63.0
2022-05-27 17:00:00,0.0,16.8,27.5,290.0,1014.3,14.8,-0.155172,52.0
2022-05-27 18:00:00,0.0,16.9,29.0,290.0,1013.6,14.8,-0.206897,48.0
2022-05-27 19:00:00,0.0,15.6,29.1,270.0,1012.6,14.8,-0.189655,44.0
2022-05-27 20:00:00,0.0,16.1,29.2,244.0,1011.7,19.8,-0.172414,45.0
2022-05-27 21:00:00,0.0,15.2,29.9,250.0,1011.5,13.0,-0.086207,41.0
2022-05-27 22:00:00,0.0,15.0,29.6,260.0,1011.2,11.1,0.017241,41.0
2022-05-27 23:00:00,0.0,14.3,28.4,260.0,1010.8,9.3,0.068966,42.0
2022-05-28 00:00:00,0.0,18.2,25.3,213.0,1011.0,10.1,0.137931,65.0
2022-05-28 01:00:00,0.0,16.1,25.2,240.0,1011.5,7.4,0.224138,57.0
2022-05-28 02:00:00,0.0,16.5,24.0,0.0,1012.1,0.0,0.241379,63.0
2022-05-28 03:00:00,0.0,17.4,22.0,0.0,1012.7,0.0,0.241379,75.0
2022-05-28 04:00:00,0.0,19.0,21.1,262.0,1012.8,7.2,0.224138,88.0
2022-05-28 05:00:00,0.0,18.3,19.5,268.0,1012.8,6.8,0.206897,93.0
2022-05-28 06:00:00,0.0,19.1,19.8,0.0,1012.5,0.0,0.172414,96.0
2022-05-28 07:00:00,0.0,18.8,19.3,0.0,1012.3,0.0,0.155172,97.0
2022-05-28 08:00:00,0.0,18.2,18.7,320.0,1012.2,5.5,0.137931,97.0
2022-05-28 09:00:00,0.0,15.4,17.8,351.0,1012.2,6.5,0.137931,86.0
2022-05-28 10:00:00,0.0,15.4,17.6,349.0,1012.6,6.8,0.137931,87.0
2022-05-28 11:00:00,0.0,16.0,18.8,0.0,1012.9,0.0,0.137931,84.0
2022-05-28 12:00:00,0.0,16.0,21.0,10.0,1013.7,11.1,0.12069,73.0
2022-05-28 13:00:00,0.0,15.4,23.3,30.0,1014.2,11.1,0.12069,61.0
2022-05-28 14:00:00,0.0,17.5,23.0,16.0,1014.5,8.3,0.051724,71.0
2022-05-28 15:00:00,0.0,17.5,24.8,32.0,1014.4,6.5,-0.034483,64.0
2022-05-28 16:00:00,0.0,13.9,26.4,310.0,1014.3,5.5,-0.137931,46.0
2022-05-28 17:00:00,0.0,14.1,27.0,330.0,1014.0,11.1,-0.206897,45.0
2022-05-28 18:00:00,0.0,14.4,28.2,290.0,1013.5,9.3,-0.241379,43.0
2022-05-28 19:00:00,0.0,15.8,28.5,261.0,1012.9,7.2,-0.241379,46.0
2022-05-28 20:00:00,0.0,14.4,29.0,320.0,1012.1,11.1,-0.206897,41.0
2022-05-28 21:00:00,0.0,14.0,29.0,330.0,1011.6,7.4,-0.155172,40.0
2022-05-28 22:00:00,0.0,12.3,28.9,10.0,1011.2,5.5,-0.068966,36.0
2022-05-28 23:00:00,0.0,14.3,27.3,0.0,1011.0,0.0,0.017241,45.0
2022-05-29 00:00:00,0.0,14.4,23.7,0.0,1011.1,0.0,0.137931,56.0
2022-05-29 01:00:00,0.0,14.7,25.3,342.0,1011.3,4.0,0.224138,52.0
2022-05-29 02:00:00,0.0,16.4,22.1,0.0,1012.2,0.0,0.241379,70.0
2022-05-29 03:00:00,0.0,18.1,21.1,0.0,1013.1,0.0,0.224138,83.0
2022-05-29 04:00:00,0.0,17.9,20.5,0.0,1013.4,0.0,0.206897,85.0
2022-05-29 05:00:00,0.0,18.2,21.2,257.0,1013.5,7.6,0.189655,83.0
2022-05-29 06:00:00,0.0,18.6,21.0,0.0,1013.3,0.0,0.172414,86.0
2022-05-29 07:00:00,0.0,18.8,19.5,0.0,1013.1,0.0,0.155172,96.0
2022-05-29 08:00:00,0.0,18.2,19.2,0.0,1012.9,0.0,0.137931,94.0
2022-05-29 09:00:00,0.0,17.8,18.3,210.0,1013.2,7.4,0.137931,97.0
2022-05-29 10:00:00,0.0,17.8,19.0,276.0,1013.5,4.3,0.137931,93.0
2022-05-29 11:00:00,0.0,17.9,18.6,0.0,1014.0,0.0,0.12069,96.0
2022-05-29 12:00:00,0.0,19.4,21.8,0.0,1014.4,0.0,0.12069,86.0
2022-05-29 13:00:00,0.0,18.7,24.8,0.0,1014.9,0.0,0.103448,69.0
2022-05-29 14:00:00,0.0,15.2,27.2,180.0,1015.1,7.4,0.051724,48.0
2022-05-29 15:00:00,0.0,18.8,26.7,160.0,1015.3,2.5,-0.051724,62.0
2022-05-29 16:00:00,0.0,15.9,28.3,0.0,1015.5,0.0,-0.137931,47.0
2022-05-29 17:00:00,0.0,16.2,29.4,230.0,1015.5,11.1,-0.189655,45.0
2022-05-29 18:00:00,0.1,17.0,29.1,176.0,1015.2,5.8,-0.206897,48.0
2022-05-29 19:00:00,0.3,16.8,29.3,189.0,1014.7,8.3,-0.206897,47.0
2022-05-29 20:00:00,0.3,18.5,29.0,186.0,1014.3,8.6,-0.172414,53.0
2022-05-29 21:00:00,0.0,17.0,28.8,190.0,1013.7,20.4,-0.051724,49.0
2022-05-29 22:00:00,0.2,16.9,27.6,200.0,1013.8,14.8,0.172414,52.0
2022-05-29 23:00:00,0.0,19.3,26.4,190.0,1013.9,11.1,0.155172,65.0
2022-05-30 00:00:00,0.0,20.8,25.8,116.0,1014.3,1.8,0.155172,74.0
2022-05-30 01:00:00,0.0,19.1,25.2,230.0,1014.7,7.4,0.206897,69.0
2022-05-30 02:00:00,0.0,19.2,24.1,0.0,1015.2,0.0,0.258621,74.0
2022-05-30 03:00:00,0.0,20.0,22.7,0.0,1016.3,0.0,0.241379,85.0
2022-05-30 04:00:00,0.0,19.8,21.9,0.0,1016.3,0.0,0.241379,88.0
2022-05-30 05:00:00,0.0,19.1,21.0,258.0,1016.3,7.9,0.206897,89.0
2022-05-30 06:00:00,0.0,19.8,21.2,0.0,1016.0,0.0,0.189655,92.0
2022-05-30 07:00:00,0.0,20.3,21.3,0.0,1015.7,0.0,0.155172,94.0
2022-05-30 08:00:00,0.0,19.9,20.7,0.0,1015.9,0.0,0.155172,95.0
2022-05-30 09:00:00,0.0,19.0,19.0,43.0,1015.7,3.2,0.155172,100.0
2022-05-30 10:00:00,0.0,19.9,20.6,0.0,1016.0,0.0,0.155172,96.0
2022-05-30 11:00:00,0.0,19.4,20.9,0.0,1016.1,0.0,0.172414,91.0
2022-05-30 12:00:00,0.0,20.0,23.7,140.0,1016.5,5.5,0.206897,80.0
2022-05-30 13:00:00,0.0,20.5,25.9,80.0,1016.7,9.3,0.206897,72.0
2022-05-30 14:00:00,0.0,20.7,26.1,65.0,1017.3,8.3,0.137931,72.0
2022-05-30 15:00:00,0.0,20.4,27.8,69.0,1017.0,7.6,0.051724,64.0
2022-05-30 16:00:00,0.0,18.1,29.6,110.0,1016.8,13.0,-0.017241,50.0
2022-05-30 17:00:00,0.0,16.4,30.8,180.0,1016.5,11.1,-0.068966,42.0
2022-05-30 18:00:00,0.0,14.6,32.0,220.0,1016.4,13.0,-0.051724,35.0
2022-05-30 19:00:00,0.0,15.1,32.0,210.0,1015.7,3.6,-0.086207,36.0
2022-05-30 20:00:00,0.0,15.2,32.1,260.0,1014.9,5.5,-0.086207,36.0
2022-05-30 21:00:00,0.0,15.2,31.7,240.0,1014.4,5.5,-0.068966,37.0
2022-05-30 22:00:00,0.0,15.3,32.3,0.0,1014.4,0.0,0.051724,36.0
2022-05-30 23:00:00,0.0,18.4,31.0,307.0,1014.6,5.0,0.086207,47.0
2022-05-31 00:00:00,0.0,17.7,27.9,89.0,1015.6,18.4,0.241379,54.0
2022-05-31 01:00:00,0.0,17.5,26.4,230.0,1016.1,7.4,0.293103,58.0
2022-05-31 02:00:00,0.0,17.6,25.4,160.0,1016.8,9.3,0.310345,62.0
2022-05-31 03:00:00,0.0,17.8,23.6,160.0,1017.7,13.0,0.310345,70.0
2022-05-31 04:00:00,0.0,19.5,22.9,126.0,1018.1,8.6,0.275862,81.0
2022-05-31 05:00:00,0.0,18.1,23.0,150.0,1017.7,9.3,0.224138,74.0
2022-05-31 06:00:00,0.0,18.4,22.2,140.0,1017.3,5.5,0.206897,79.0
2022-05-31 07:00:00,0.0,18.0,22.7,140.0,1017.0,9.3,0.189655,75.0
2022-05-31 08:00:00,0.0,20.9,21.7,92.0,1017.1,6.1,0.172414,95.0
2022-05-31 09:00:00,0.0,20.9,21.4,86.0,1016.9,6.8,0.172414,97.0
2022-05-31 10:00:00,0.0,19.3,20.6,0.0,1017.3,0.0,0.172414,92.0
2022-05-31 11:00:00,0.0,18.9,21.7,0.0,1017.8,0.0,0.189655,84.0
2022-05-31 12:00:00,0.0,19.1,23.4,80.0,1017.9,7.4,0.258621,77.0
2022-05-31 13:00:00,0.0,20.2,26.3,100.0,1018.2,9.3,0.258621,69.0
2022-05-31 14:00:00,0.0,21.6,25.9,95.0,1018.5,5.4,0.224138,77.0
2022-05-31 15:00:00,0.0,19.1,28.1,50.0,1018.4,9.3,0.12069,58.0
2022-05-31 16:00:00,0.0,18.6,29.5,90.0,1018.3,13.0,0.051724,52.0
2022-05-31 17:00:00,0.0,18.3,30.9,50.0,1018.0,9.3,0.017241,47.0
2022-05-31 18:00:00,0.0,18.7,31.0,40.0,1017.3,14.8,-0.051724,48.0
2022-05-31 19:00:00,0.0,19.9,31.9,58.0,1016.5,7.2,-0.017241,49.0
2022-05-31 20:00:00,0.0,17.7,32.2,80.0,1017.3,16.7,0.034483,42.0
2022-05-31 21:00:00,0.0,16.7,32.9,100.0,1017.1,13.0,0.086207,38.0
2022-05-31 22:00:00,0.0,16.7,32.0,150.0,1016.5,11.1,0.103448,40.0
2022-05-31 23:00:00,0.0,21.2,27.1,271.0,1015.9,3.6,0.12069,70.0
2022-06-01 00:00:00,0.0,17.8,26.7,290.0,1016.0,11.1,0.258621,58.0
2022-06-01 01:00:00,0.0,18.1,25.4,350.0,1016.6,5.5,0.327586,64.0
2022-06-01 02:00:00,0.0,16.8,22.3,180.0,1017.3,11.1,0.327586,71.0
2022-06-01 03:00:00,0.0,17.6,22.0,0.0,1017.9,0.0,0.327586,76.0
2022-06-01 04:00:00,0.0,19.0,23.5,133.0,1017.9,6.5,0.293103,76.0
2022-06-01 05:00:00,0.0,18.4,22.2,100.0,1017.3,5.5,0.258621,79.0
2022-06-01 06:00:00,0.0,19.4,20.7,0.0,1017.0,0.0,0.241379,92.0
2022-06-01 07:00:00,0.0,19.6,20.3,0.0,1016.7,0.0,0.224138,96.0
2022-06-01 08:00:00,0.0,19.2,19.9,0.0,1016.5,0.0,0.206897,96.0
2022-06-01 09:00:00,0.0,19.9,20.4,123.0,1016.3,6.1,0.172414,97.0
2022-06-01 10:00:00,0.0,19.6,20.3,0.0,1016.4,0.0,0.189655,96.0
2022-06-01 11:00:00,0.0,19.5,20.2,50.0,1016.7,5.4,0.206897,96.0
2022-06-01 12:00:00,0.0,18.6,24.0,120.0,1017.1,9.3,0.258621,72.0
2022-06-01 13:00:00,0.0,19.1,26.2,60.0,1017.3,9.3,0.293103,65.0
2022-06-01 14:00:00,0.0,20.9,26.6,74.0,1017.4,7.9,0.224138,71.0
2022-06-01 15:00:00,0.0,18.5,28.1,50.0,1017.0,5.5,0.103448,56.0
2022-06-01 16:00:00,0.0,18.1,30.0,50.0,1016.5,5.5,0.034483,49.0
2022-06-01 17:00:00,0.0,17.6,30.9,140.0,1016.2,11.1,0.0,45.0
2022-06-01 18:00:00,0.0,17.5,31.6,74.0,1015.4,9.0,-0.034483,43.0
2022-06-01 19:00:00,0.0,17.0,30.6,100.0,1014.4,13.0,0.086207,44.0
2022-06-01 20:00:00,0.0,17.4,31.1,20.0,1013.5,9.3,0.017241,44.0
2022-06-01 21:00:00,0.0,16.7,32.4,60.0,1012.8,9.3,0.068966,39.0
2022-06-01 22:00:00,0.0,16.3,31.5,0.0,1012.3,0.0,0.086207,40.0
2022-06-01 23:00:00,0.0,17.8,31.5,24.0,1011.7,4.7,0.12069,44.0
2022-06-02 00:00:00,0.0,18.5,28.7,230.0,1011.9,7.4,0.241379,54.0
2022-06-02 01:00:00,0.0,19.0,27.4,240.0,1012.1,5.5,0.327586,60.0
2022-06-02 02:00:00,0.0,19.4,25.3,0.0,1012.5,0.0,0.344828,70.0
2022-06-02 03:00:00,0.0,19.8,24.1,0.0,1014.0,0.0,0.344828,77.0
2022-06-02 04:00:00,0.0,19.1,24.0,237.0,1014.3,11.5,0.310345,74.0
2022-06-02 05:00:00,0.0,21.9,23.8,0.0,1014.1,0.0,0.258621,89.0
2022-06-02 06:00:00,0.0,20.5,22.6,261.0,1013.9,10.1,0.241379,88.0
2022-06-02 07:00:00,0.0,20.5,22.0,270.0,1013.6,8.3,0.224138,91.0
2022-06-02 08:00:00,0.0,22.0,22.3,0.0,1013.3,0.0,0.206897,98.0
2022-06-02 09:00:00,0.0,20.5,21.3,259.0,1013.0,7.9,0.189655,95.0
2022-06-02 10:00:00,0.0,21.5,22.2,0.0,1013.2,0.0,0.189655,96.0
2022-06-02 11:00:00,0.0,21.5,22.2,0.0,1013.5,0.0,0.206897,96.0
2022-06-02 12:00:00,0.0,22.2,24.5,340.0,1013.7,9.3,0.258621,87.0
2022-06-02 13:00:00,0.0,21.7,27.4,310.0,1013.7,5.5,0.275862,71.0
2022-06-02 14:00:00,0.0,21.9,28.4,311.0,1013.6,6.5,0.224138,68.0
2022-06-02 15:00:00,0.0,20.6,29.7,0.0,1013.0,0.0,0.137931,58.0
2022-06-02 16:00:00,0.0,18.9,31.2,290.0,1012.5,7.4,0.051724,48.0
2022-06-02 17:00:00,0.0,16.7,31.1,0.0,1012.2,0.0,0.0,42.0
2022-06-02 18:00:00,0.0,14.9,33.3,59.0,1011.7,2.9,0.0,33.0
2022-06-02 19:00:00,0.0,14.6,33.6,115.0,1010.9,2.2,0.017241,32.0
2022-06-02 20:00:00,0.0,17.5,33.3,190.0,1010.8,7.4,0.068966,39.0
2022-06-02 21:00:00,0.0,17.5,33.3,240.0,1010.0,7.4,0.034483,39.0
2022-06-02 22:00:00,0.0,17.9,33.3,220.0,1009.6,16.7,0.103448,40.0
2022-06-02 23:00:00,0.0,19.0,29.6,210.0,1009.3,16.7,0.12069,53.0
2022-06-03 00:00:00,0.0,16.3,29.9,236.0,1009.7,9.0,0.241379,44.0
2022-06-03 01:00:00,0.0,19.6,27.0,230.0,1010.2,7.4,0.327586,64.0
2022-06-03 02:00:00,0.0,19.4,25.5,290.0,1011.1,5.5,0.327586,69.0
2022-06-03 03:00:00,0.0,19.0,24.4,210.0,1011.8,5.5,0.327586,72.0
2022-06-03 04:00:00,0.0,20.5,24.6,234.0,1011.8,7.6,0.293103,78.0
2022-06-03 05:00:00,0.0,20.1,23.8,0.0,1011.8,0.0,0.241379,80.0
2022-06-03 06:00:00,0.0,20.5,23.2,0.0,1011.5,0.0,0.224138,85.0
2022-06-03 07:00:00,0.0,20.8,22.5,0.0,1011.0,0.0,0.206897,90.0
2022-06-03 08:00:00,0.0,20.9,22.4,0.0,1010.7,0.0,0.189655,91.0
2022-06-03 09:00:00,0.0,21.3,21.6,235.0,1010.7,5.8,0.189655,98.0
2022-06-03 10:00:00,0.0,20.8,21.8,0.0,1011.1,0.0,0.189655,94.0
2022-06-03 11:00:00,0.0,21.2,23.1,0.0,1011.4,0.0,0.189655,89.0
2022-06-03 12:00:00,0.0,20.7,24.8,0.0,1010.7,0.0,0.189655,78.0
2022-06-03 13:00:00,0.0,19.2,27.1,350.0,1011.0,7.4,0.206897,62.0
2022-06-03 14:00:00,0.0,23.1,26.4,340.0,1011.4,3.6,0.155172,82.0
2022-06-03 15:00:00,0.0,19.7,28.5,0.0,1011.2,0.0,0.086207,59.0
2022-06-03 16:00:00,0.0,19.2,30.5,0.0,1010.9,0.0,0.0,51.0
2022-06-03 17:00:00,0.0,19.9,31.9,30.0,1010.3,7.4,-0.051724,49.0
2022-06-03 18:00:00,0.0,20.1,32.2,54.0,1009.8,2.2,-0.068966,49.0
2022-06-03 19:00:00,0.0,18.6,32.0,210.0,1009.3,7.4,-0.051724,45.0
2022-06-03 20:00:00,0.0,19.4,32.5,340.0,1008.2,5.5,0.051724,46.0
2022-06-03 21:00:00,0.0,19.5,31.9,10.0,1007.4,11.1,-0.034483,48.0
2022-06-03 22:00:00,0.2,16.9,26.1,360.0,1008.4,9.3,0.189655,57.0
2022-06-03 23:00:00,0.0,18.7,29.9,351.0,1008.4,5.4,0.068966,51.0
2022-06-04 00:00:00,0.0,17.2,25.5,0.0,1009.3,0.0,0.258621,60.0
2022-06-04 01:00:00,0.0,17.4,24.7,290.0,1009.3,5.5,0.293103,64.0
2022-06-04 02:00:00,0.0,17.5,25.0,0.0,1009.6,0.0,0.275862,63.0
2022-06-04 03:00:00,0.0,19.1,23.6,0.0,1009.9,0.0,0.275862,76.0
2022-06-04 04:00:00,0.0,19.7,23.8,29.0,1010.0,6.8,0.258621,78.0
2022-06-04 05:00:00,0.0,19.2,23.3,350.0,1009.7,5.5,0.241379,78.0
2022-06-04 06:00:00,0.0,18.2,22.9,350.0,1009.5,7.4,0.206897,75.0
2022-06-04 07:00:00,0.0,18.8,22.2,20.0,1009.1,9.3,0.189655,81.0
2022-06-04 08:00:00,0.0,18.8,21.8,60.0,1008.4,7.4,0.172414,83.0
2022-06-04 09:00:00,0.0,20.2,22.1,358.0,1008.7,7.9,0.172414,89.0
2022-06-04 10:00:00,0.0,19.1,21.2,0.0,1008.6,0.0,0.172414,88.0
2022-06-04 11:00:00,0.0,19.4,21.8,50.0,1009.0,11.1,0.155172,86.0
2022-06-04 12:00:00,0.0,19.5,24.4,60.0,1009.3,20.4,0.172414,74.0
2022-06-04 13:00:00,0.0,19.6,24.8,38.0,1009.7,11.5,0.155172,73.0
2022-06-04 14:00:00,0.0,19.4,26.8,40.0,1009.3,11.5,0.086207,64.0
2022-06-04 15:00:00,0.0,19.4,28.2,80.0,1009.0,11.1,0.0,59.0
2022-06-04 16:00:00,0.0,19.2,29.8,70.0,1008.5,16.7,-0.086207,53.0
2022-06-04 17:00:00,0.0,19.7,30.7,90.0,1008.3,16.7,-0.12069,52.0
2022-06-04 18:00:00,0.0,19.0,31.0,50.0,1007.6,14.8,-0.155172,49.0
2022-06-04 19:00:00,0.0,18.2,32.8,37.0,1007.1,13.0,-0.189655,42.0
2022-06-04 20:00:00,0.0,18.5,32.3,70.0,1006.1,18.5,-0.12069,44.0
2022-06-04 21:00:00,0.0,19.5,31.9,30.0,1006.3,16.7,-0.103448,48.0
2022-06-04 22:00:00,0.0,18.3,31.3,50.0,1006.4,16.7,-0.017241,46.0
2022-06-04 23:00:00,0.0,18.3,29.8,22.0,1006.2,11.9,0.086207,50.0
2022-06-05 00:00:00,0.0,18.8,29.1,40.0,1006.4,14.8,0.189655,54.0
2022-06-05 01:00:00,0.0,19.4,26.8,30.0,1007.3,9.3,0.293103,64.0
2022-06-05 02:00:00,0.0,19.3,26.9,40.0,1008.2,16.7,0.310345,63.0
2022-06-05 03:00:00,0.0,18.8,24.4,140.0,1008.5,11.1,0.293103,71.0
2022-06-05 04:00:00,0.0,19.6,23.0,48.0,1008.3,9.7,0.275862,81.0
2022-06-05 05:00:00,0.0,19.6,23.0,0.0,1008.5,0.0,0.241379,81.0
2022-06-05 06:00:00,0.0,19.5,23.4,0.0,1008.1,0.0,0.224138,79.0
2022-06-05 07:00:00,0.0,19.5,22.9,80.0,1007.9,5.5,0.189655,81.0
2022-06-05 08:00:00,0.0,19.6,22.2,40.0,1008.0,5.5,0.172414,85.0
2022-06-05 09:00:00,0.0,19.0,20.7,38.0,1008.3,5.0,0.172414,90.0
2022-06-05 10:00:00,0.0,19.9,22.0,80.0,1008.7,11.1,0.172414,88.0
2022-06-05 11:00:00,0.0,20.1,22.2,50.0,1009.3,5.5,0.155172,88.0
2022-06-05 12:00:00,0.0,20.5,24.4,80.0,1009.8,13.0,0.155172,79.0
2022-06-05 13:00:00,0.0,20.0,24.5,77.0,1010.5,9.7,0.155172,76.0
2022-06-05 14:00:00,0.0,20.1,25.8,80.0,1010.8,11.1,0.086207,71.0
2022-06-05 15:00:00,0.0,19.5,27.7,90.0,1010.2,9.3,0.0,61.0
2022-06-05 16:00:00,0.0,19.9,29.0,49.0,1010.1,7.9,-0.086207,58.0
2022-06-05 17:00:00,0.0,18.0,29.2,130.0,1009.8,9.3,-0.137931,51.0
2022-06-05 18:00:00,0.3,18.8,29.0,35.0,1009.6,5.0,-0.12069,54.0
2022-06-05 19:00:00,0.0,19.1,30.4,40.0,1009.1,11.1,-0.137931,51.0
2022-06-05 20:00:00,0.0,18.6,30.2,60.0,1009.1,16.7,-0.137931,50.0
2022-06-05 21:00:00,0.0,18.5,29.0,40.0,1008.8,7.4,-0.051724,53.0
2022-06-05 22:00:00,0.0,17.4,30.7,127.0,1008.5,2.2,0.155172,45.0
2022-06-05 23:00:00,0.0,17.2,30.5,98.0,1008.3,1.4,0.327586,45.0
2022-06-06 00:00:00,0.0,20.1,22.0,220.0,1008.8,7.4,0.293103,89.0
2022-06-06 01:00:00,0.0,20.5,21.5,230.0,1010.0,5.5,0.275862,94.0
2022-06-06 02:00:00,0.0,20.6,21.3,310.0,1010.1,5.5,0.275862,96.0
2022-06-06 03:00:00,0.0,18.4,24.9,217.0,1010.8,6.8,0.258621,67.0
2022-06-06 04:00:00,0.0,20.8,21.3,0.0,1010.7,0.0,0.241379,97.0
2022-06-06 05:00:00,0.0,20.6,21.6,0.0,1010.9,0.0,0.224138,94.0
2022-06-06 06:00:00,0.0,20.7,21.2,0.0,1010.8,0.0,0.189655,97.0
2022-06-06 07:00:00,0.0,20.6,21.4,180.0,1011.1,7.4,0.172414,95.0
2022-06-06 08:00:00,0.0,19.4,22.4,123.0,1011.5,6.8,0.155172,83.0
2022-06-06 09:00:00,0.0,20.5,21.2,0.0,1012.1,0.0,0.155172,96.0
2022-06-06 10:00:00,0.0,20.1,20.8,0.0,1012.5,0.0,0.155172,96.0
2022-06-06 11:00:00,0.0,20.7,21.9,0.0,1012.7,0.0,0.172414,93.0
2022-06-06 12:00:00,0.0,20.6,24.1,110.0,1012.8,9.3,0.224138,81.0
2022-06-06 13:00:00,0.0,21.3,24.8,100.0,1013.1,7.2,0.241379,81.0
2022-06-06 14:00:00,0.0,21.3,26.3,140.0,1013.4,5.5,0.206897,74.0
2022-06-06 15:00:00,0.0,20.8,27.5,170.0,1013.4,7.4,0.12069,67.0
2022-06-06 16:00:00,0.0,20.3,28.8,140.0,1013.4,5.5,0.068966,60.0
2022-06-06 17:00:00,0.0,19.8,30.1,0.0,1012.8,0.0,0.017241,54.0
2022-06-06 18:00:00,0.0,19.3,31.7,142.0,1012.3,4.7,-0.017241,48.0
2022-06-06 19:00:00,0.0,18.4,31.4,0.0,1012.0,0.0,0.034483,46.0
2022-06-06 20:00:00,0.0,19.7,31.7,190.0,1011.2,11.1,0.137931,49.0
2022-06-06 21:00:00,0.0,19.1,32.2,240.0,1012.6,7.4,0.051724,46.0
2022-06-06 22:00:00,0.2,19.8,26.2,195.0,1011.7,8.6,0.189655,68.0
2022-06-06 23:00:00,0.0,19.2,28.0,180.0,1011.6,22.2,0.224138,59.0
2022-06-07 00:00:00,0.0,19.4,26.5,140.0,1012.4,14.8,0.275862,65.0
2022-06-07 01:00:00,0.0,19.0,24.6,110.0,1012.4,16.7,0.362069,71.0
2022-06-07 02:00:00,0.0,19.4,23.9,100.0,1013.1,13.0,0.362069,76.0
2022-06-07 03:00:00,0.0,20.0,24.7,134.0,1013.3,6.5,0.362069,75.0
2022-06-07 04:00:00,0.0,20.0,23.4,150.0,1013.4,7.4,0.344828,81.0
2022-06-07 05:00:00,0.0,20.4,22.9,130.0,1013.6,5.5,0.310345,86.0
2022-06-07 06:00:00,0.0,20.4,22.5,0.0,1013.5,0.0,0.275862,88.0
2022-06-07 07:00:00,0.0,20.3,22.0,130.0,1013.3,5.5,0.258621,90.0
2022-06-07 08:00:00,0.0,20.6,21.4,134.0,1013.5,5.8,0.241379,95.0
2022-06-07 09:00:00,0.0,20.2,21.6,100.0,1013.6,5.5,0.224138,92.0
2022-06-07 10:00:00,0.0,19.8,21.2,150.0,1014.3,5.5,0.224138,92.0
2022-06-07 11:00:00,0.0,19.7,21.8,130.0,1014.6,5.5,0.241379,88.0
2022-06-07 12:00:00,0.0,21.0,22.9,163.0,1015.0,2.2,0.293103,89.0
2022-06-07 13:00:00,0.0,21.5,25.2,221.0,1015.0,4.7,0.310345,80.0
2022-06-07 14:00:00,0.0,21.6,26.4,0.0,1015.2,0.0,0.258621,75.0
2022-06-07 15:00:00,0.0,20.2,28.4,240.0,1015.2,9.3,0.137931,61.0
2022-06-07 16:00:00,0.0,19.8,30.8,263.0,1015.2,6.5,0.155172,52.0
2022-06-07 17:00:00,0.0,18.7,32.1,260.0,1014.9,5.0,0.034483,45.0
2022-06-07 18:00:00,0.0,18.9,30.9,0.0,1014.2,0.0,0.034483,49.0
2022-06-07 19:00:00,0.0,17.7,31.8,310.0,1013.8,9.3,0.137931,43.0
2022-06-07 20:00:00,0.0,16.9,32.6,240.0,1013.1,9.3,0.034483,39.0
2022-06-07 21:00:00,0.0,17.5,34.3,227.0,1012.7,6.1,0.086207,37.0
2022-06-07 22:00:00,0.0,17.3,34.0,221.0,1012.3,9.0,0.137931,37.0
2022-06-07 23:00:00,0.0,18.5,31.9,360.0,1012.1,7.4,0.155172,45.0
2022-06-08 00:00:00,0.0,20.0,29.1,0.0,1012.9,0.0,0.275862,58.0
2022-06-08 01:00:00,0.0,20.0,26.6,0.0,1013.5,0.0,0.362069,67.0
2022-06-08 02:00:00,0.0,19.4,24.8,240.0,1014.0,5.5,0.37931,72.0
2022-06-08 03:00:00,0.0,20.6,27.3,216.0,1014.4,11.9,0.362069,67.0
2022-06-08 04:00:00,0.0,21.3,25.2,0.0,1014.9,0.0,0.327586,79.0
2022-06-08 05:00:00,0.0,21.5,24.4,0.0,1014.4,0.0,0.310345,84.0
2022-06-08 06:00:00,0.0,22.3,23.0,0.0,1014.2,0.0,0.275862,96.0
2022-06-08 07:00:00,0.0,20.9,24.2,257.0,1014.2,8.3,0.258621,82.0
2022-06-08 08:00:00,0.0,21.0,23.7,266.0,1014.2,7.9,0.258621,85.0
2022-06-08 09:00:00,0.0,20.6,23.3,258.0,1013.7,7.9,0.224138,85.0
2022-06-08 10:00:00,0.0,21.0,22.4,0.0,1014.3,0.0,0.224138,92.0
2022-06-08 11:00:00,0.0,21.6,23.0,220.0,1015.0,5.5,0.241379,92.0
2022-06-08 12:00:00,0.0,21.9,24.6,246.0,1015.7,5.8,0.293103,85.0
2022-06-08 13:00:00,0.0,22.0,26.6,265.0,1016.1,7.6,0.293103,76.0
2022-06-08 14:00:00,0.0,22.0,25.1,0.0,1016.3,0.0,0.241379,83.0
2022-06-08 15:00:00,0.0,22.0,25.9,0.0,1016.0,0.0,0.310345,79.0
2022-06-08 16:00:00,0.0,19.7,30.0,287.0,1015.9,9.7,0.310345,54.0
2022-06-08 17:00:00,0.0,19.7,30.7,284.0,1015.4,8.6,0.224138,52.0
2022-06-08 18:00:00,0.0,20.1,30.5,200.0,1014.5,5.5,0.137931,54.0
2022-06-08 19:00:00,0.0,19.5,31.2,220.0,1014.0,9.3,0.017241,50.0
2022-06-08 20:00:00,0.0,19.4,32.1,270.0,1013.4,9.3,0.017241,47.0
2022-06-08 21:00:00,0.0,19.5,32.2,300.0,1012.7,11.1,0.051724,47.0
2022-06-08 22:00:00,0.0,19.7,31.7,228.0,1012.4,19.8,0.103448,49.0
2022-06-08 23:00:00,0.0,20.0,31.0,240.0,1012.1,11.1,0.172414,52.0
2022-06-09 00:00:00,0.0,20.8,28.5,260.0,1012.4,9.3,0.258621,63.0
2022-06-09 01:00:00,0.0,21.3,27.5,250.0,1012.5,9.3,0.362069,69.0
2022-06-09 02:00:00,0.0,20.8,28.5,220.0,1013.1,17.3,0.37931,63.0
2022-06-09 03:00:00,0.0,21.6,26.8,260.0,1013.8,11.1,0.37931,73.0
2022-06-09 04:00:00,0.0,21.8,25.9,230.0,1014.0,9.3,0.344828,78.0
2022-06-09 05:00:00,0.0,22.4,25.1,220.0,1013.8,11.1,0.310345,85.0
2022-06-09 06:00:00,0.0,22.7,24.4,280.0,1013.5,5.5,0.293103,90.0
2022-06-09 07:00:00,0.0,22.9,24.7,241.0,1013.1,10.8,0.258621,90.0
2022-06-09 08:00:00,0.0,22.9,24.1,0.0,1013.6,0.0,0.241379,93.0
2022-06-09 09:00:00,0.0,23.0,23.8,220.0,1014.1,7.4,0.224138,95.0
2022-06-09 10:00:00,0.0,23.1,24.0,260.0,1014.4,5.5,0.224138,95.0
2022-06-09 11:00:00,0.0,23.6,24.6,0.0,1014.8,0.0,0.241379,94.0
2022-06-09 12:00:00,0.0,23.1,26.0,264.0,1015.2,16.6,0.293103,84.0
2022-06-09 13:00:00,0.0,23.7,26.0,270.0,1015.2,11.1,0.327586,87.0
2022-06-09 14:00:00,0.0,21.7,26.0,340.0,1015.0,18.5,0.293103,77.0
2022-06-09 15:00:00,0.0,19.6,26.7,300.0,1014.8,7.4,0.258621,65.0
2022-06-09 16:00:00,0.0,19.9,28.4,260.0,1014.3,9.3,0.310345,60.0
2022-06-09 17:00:00,0.0,20.6,33.4,272.0,1013.7,18.4,0.137931,47.0
2022-06-09 18:00:00,0.0,22.2,30.9,320.0,1013.1,5.5,0.103448,60.0
2022-06-09 19:00:00,0.0,21.5,32.0,290.0,1012.0,13.0,0.017241,54.0
2022-06-09 20:00:00,0.0,20.4,24.9,300.0,1011.0,11.1,-0.017241,76.0
2022-06-09 21:00:00,0.0,20.5,25.7,270.0,1011.0,13.0,0.275862,73.0
2022-06-09 22:00:00,0.0,18.2,33.7,272.0,1010.6,14.0,0.362069,40.0
2022-06-09 23:00:00,0.0,20.6,25.6,260.0,1010.3,9.3,0.275862,74.0
2022-06-10 00:00:00,0.0,21.8,24.7,250.0,1010.8,7.4,0.241379,84.0
2022-06-10 01:00:00,0.0,22.4,23.6,240.0,1011.2,7.4,0.275862,93.0
2022-06-10 02:00:00,0.0,21.8,26.8,217.0,1012.8,10.4,0.327586,74.0
2022-06-10 03:00:00,0.0,22.2,23.2,0.0,1013.1,0.0,0.327586,94.0
2022-06-10 04:00:00,0.0,22.3,23.0,250.0,1013.0,7.4,0.293103,96.0
2022-06-10 05:00:00,0.0,22.0,22.7,0.0,1013.1,0.0,0.258621,96.0
2022-06-10 06:00:00,0.0,23.1,24.1,272.0,1012.6,5.4,0.241379,94.0
2022-06-10 07:00:00,0.0,22.7,23.5,297.0,1012.2,5.4,0.224138,95.0
2022-06-10 08:00:00,0.0,20.9,21.6,0.0,1012.1,0.0,0.224138,96.0
2022-06-10 09:00:00,0.0,20.9,21.6,0.0,1012.5,0.0,0.206897,96.0
2022-06-10 10:00:00,0.0,20.8,21.6,340.0,1013.0,5.5,0.224138,95.0
2022-06-10 11:00:00,0.0,21.5,23.4,360.0,1013.6,7.4,0.241379,89.0
2022-06-10 12:00:00,0.0,20.3,24.8,25.0,1013.9,6.8,0.293103,76.0
2022-06-10 13:00:00,0.0,18.9,26.0,70.0,1014.1,11.1,0.293103,65.0
2022-06-10 14:00:00,0.0,18.5,28.4,150.0,1014.4,11.1,0.258621,55.0
2022-06-10 15:00:00,0.0,19.0,28.9,240.0,1014.2,5.5,0.137931,55.0
2022-06-10 16:00:00,0.0,17.0,31.5,314.0,1013.8,2.2,0.068966,42.0
2022-06-10 17:00:00,0.0,15.5,32.5,212.0,1013.4,3.2,0.017241,36.0
2022-06-10 18:00:00,0.0,19.5,30.8,260.0,1012.7,16.7,0.051724,51.0
2022-06-10 19:00:00,0.0,19.8,31.8,310.0,1011.6,11.1,0.034483,49.0
2022-06-10 20:00:00,0.0,19.3,32.0,360.0,1010.6,9.3,0.103448,47.0
2022-06-10 21:00:00,0.0,14.1,34.7,287.0,1010.1,12.2,0.017241,29.0
2022-06-10 22:00:00,0.0,19.8,30.8,232.0,1010.1,21.2,0.172414,52.0
2022-06-10 23:00:00,0.0,20.0,31.0,260.0,1009.3,13.0,0.258621,52.0
2022-06-11 00:00:00,0.0,21.1,23.8,230.0,1009.3,7.4,0.327586,85.0
2022-06-11 01:00:00,0.0,20.8,28.0,217.0,1010.1,9.4,0.362069,65.0
2022-06-11 02:00:00,0.0,21.8,27.3,200.0,1011.2,10.8,0.344828,72.0
2022-06-11 03:00:00,0.0,21.2,22.9,130.0,1011.3,7.4,0.327586,90.0
2022-06-11 04:00:00,0.0,21.5,23.1,0.0,1011.2,0.0,0.310345,91.0
2022-06-11 05:00:00,0.0,22.2,22.9,190.0,1011.4,5.5,0.293103,96.0
2022-06-11 06:00:00,0.0,22.8,24.5,234.0,1011.3,10.4,0.275862,90.0
2022-06-11 07:00:00,0.0,22.5,24.1,241.0,1011.0,9.0,0.258621,91.0
2022-06-11 08:00:00,0.0,21.3,22.0,0.0,1010.5,0.0,0.241379,96.0
2022-06-11 09:00:00,0.0,21.1,21.6,0.0,1011.1,0.0,0.241379,97.0
2022-06-11 10:00:00,0.0,20.7,21.2,0.0,1011.4,0.0,0.224138,97.0
2022-06-11 11:00:00,0.0,21.4,21.6,225.0,1011.9,5.0,0.206897,99.0
2022-06-11 12:00:00,0.0,21.5,22.7,259.0,1012.2,5.0,0.189655,93.0
2022-06-11 13:00:00,0.0,20.8,24.1,320.0,1012.6,5.5,0.172414,82.0
2022-06-11 14:00:00,0.0,21.2,26.4,330.0,1012.5,5.5,0.12069,73.0
2022-06-11 15:00:00,0.0,22.0,28.5,265.0,1012.1,4.3,0.034483,68.0
2022-06-11 16:00:00,0.0,22.1,30.2,218.0,1011.7,5.8,-0.086207,62.0
2022-06-11 17:00:00,0.0,20.1,29.5,340.0,1011.3,7.4,-0.12069,57.0
2022-06-11 18:00:00,0.0,19.9,30.6,290.0,1010.8,7.4,-0.155172,53.0
2022-06-11 19:00:00,0.0,19.2,31.5,330.0,1010.2,7.4,-0.155172,48.0
2022-06-11 20:00:00,0.0,20.5,33.3,226.0,1009.2,8.6,-0.137931,47.0
2022-06-11 21:00:00,0.0,19.9,33.5,219.0,1008.6,7.9,-0.034483,45.0
2022-06-11 22:00:00,0.0,18.4,32.2,310.0,1008.3,5.5,0.0,44.0
2022-06-11 23:00:00,0.2,19.3,31.6,210.0,1008.6,13.0,0.086207,48.0
2022-06-12 00:00:00,0.0,20.3,28.8,220.0,1009.8,11.1,0.206897,60.0
2022-06-12 01:00:00,0.2,20.7,27.4,200.0,1010.9,11.1,0.310345,67.0
2022-06-12 02:00:00,0.2,21.5,26.1,149.0,1011.5,10.4,0.327586,76.0
2022-06-12 03:00:00,0.0,20.8,26.0,210.0,1012.1,11.1,0.310345,73.0
2022-06-12 04:00:00,0.0,22.3,25.2,220.0,1012.1,11.1,0.293103,84.0
2022-06-12 05:00:00,0.0,22.7,24.4,210.0,1012.4,5.5,0.258621,90.0
2022-06-12 06:00:00,0.0,22.6,23.8,220.0,1012.3,5.5,0.241379,93.0
2022-06-12 07:00:00,0.0,23.3,24.3,179.0,1011.9,9.0,0.224138,94.0
2022-06-12 08:00:00,0.0,22.7,23.2,0.0,1012.0,0.0,0.189655,97.0
2022-06-12 09:00:00,0.0,22.4,23.2,0.0,1012.3,0.0,0.189655,95.0
2022-06-12 10:00:00,0.0,22.5,23.2,0.0,1011.8,0.0,0.172414,96.0
2022-06-12 11:00:00,0.0,22.5,22.8,144.0,1012.6,4.7,0.172414,98.0
2022-06-12 12:00:00,0.0,22.9,25.0,180.0,1013.3,5.5,0.172414,88.0
2022-06-12 13:00:00,0.0,22.4,26.8,190.0,1013.6,7.4,0.155172,77.0
2022-06-12 14:00:00,0.0,20.9,29.2,190.0,1013.8,5.5,0.103448,61.0
2022-06-12 15:00:00,0.0,21.3,30.2,224.0,1013.8,7.9,0.017241,59.0
2022-06-12 16:00:00,0.0,19.7,32.1,250.0,1013.9,6.5,-0.051724,48.0
2022-06-12 17:00:00,0.0,18.9,33.2,253.0,1013.6,6.1,-0.103448,43.0
2022-06-12 18:00:00,0.0,20.5,32.6,0.0,1012.9,0.0,-0.137931,49.0
2022-06-12 19:00:00,0.0,19.2,33.1,300.0,1012.2,7.4,-0.12069,44.0
2022-06-12 20:00:00,0.0,18.9,35.4,220.0,1011.4,9.0,-0.017241,38.0
2022-06-12 21:00:00,0.0,19.3,35.3,234.0,1011.5,9.4,0.017241,39.0
2022-06-12 22:00:00,0.0,20.7,31.8,290.0,1011.3,5.5,0.155172,52.0
2022-06-12 23:00:00,0.1,20.6,32.4,0.0,1011.7,0.0,0.172414,50.0
2022-06-13 00:00:00,0.2,20.5,29.0,0.0,1012.3,0.0,0.310345,60.0
2022-06-13 01:00:00,0.0,21.0,27.7,0.0,1013.6,0.0,0.37931,67.0
2022-06-13 02:00:00,0.0,21.9,29.1,206.0,1014.3,11.5,0.413793,65.0
2022-06-13 03:00:00,0.0,21.8,27.3,0.0,1015.0,0.0,0.413793,72.0
2022-06-13 04:00:00,0.0,23.0,25.5,200.0,1014.9,13.0,0.37931,86.0
2022-06-13 05:00:00,0.0,23.5,25.4,0.0,1014.9,0.0,0.362069,89.0
2022-06-13 06:00:00,0.0,23.7,24.6,220.0,1014.7,5.5,0.327586,95.0
2022-06-13 07:00:00,0.0,24.3,25.5,212.0,1014.4,9.0,0.293103,93.0
2022-06-13 08:00:00,0.0,24.4,24.7,0.0,1014.6,0.0,0.275862,98.0
2022-06-13 09:00:00,0.0,24.8,25.3,220.0,1014.7,9.3,0.275862,97.0
2022-06-13 10:00:00,0.0,24.9,25.4,234.0,1015.5,8.6,0.275862,97.0
2022-06-13 11:00:00,0.0,25.0,25.7,255.0,1016.4,9.0,0.310345,96.0
2022-06-13 12:00:00,0.0,25.3,26.0,310.0,1016.6,7.4,0.362069,96.0
2022-06-13 13:00:00,0.0,25.0,28.2,300.0,1017.3,9.3,0.362069,83.0
2022-06-13 14:00:00,0.1,23.4,30.0,300.0,1017.7,7.4,0.327586,68.0
2022-06-13 15:00:00,0.2,23.4,31.3,266.0,1017.5,10.8,0.241379,63.0
2022-06-13 16:00:00,0.0,23.5,32.8,266.0,1017.5,10.4,0.206897,58.0
2022-06-13 17:00:00,0.0,21.7,32.5,0.0,1017.4,0.0,0.155172,53.0
2022-06-13 18:00:00,0.0,20.4,34.4,20.0,1016.8,7.4,0.137931,44.0
2022-06-13 19:00:00,0.0,20.0,35.2,310.0,1015.9,7.4,0.103448,41.0
2022-06-13 20:00:00,0.0,21.3,35.8,243.0,1015.0,11.2,0.086207,43.0
2022-06-13 21:00:00,0.0,21.4,35.9,247.0,1014.4,11.2,0.206897,43.0
2022-06-13 22:00:00,0.0,22.5,33.7,230.0,1015.3,14.8,0.189655,52.0
2022-06-13 23:00:00,0.1,23.5,32.6,230.0,1015.9,16.7,0.224138,59.0
2022-06-14 00:00:00,0.6,23.2,29.7,220.0,1016.7,11.1,0.327586,68.0
2022-06-14 01:00:00,0.0,23.2,28.7,205.0,1016.7,9.0,0.413793,72.0
2022-06-14 02:00:00,0.0,22.2,28.2,240.0,1016.7,11.1,0.413793,70.0
2022-06-14 03:00:00,0.0,22.5,27.6,230.0,1017.6,7.4,0.448276,74.0
2022-06-14 04:00:00,0.0,23.5,26.4,240.0,1017.7,7.4,0.413793,84.0
2022-06-14 05:00:00,0.0,24.1,26.6,232.0,1017.7,12.2,0.362069,86.0
2022-06-14 06:00:00,0.0,24.2,26.2,217.0,1017.2,10.4,0.327586,89.0
2022-06-14 07:00:00,0.0,24.5,25.4,230.0,1017.0,5.5,0.293103,95.0
2022-06-14 08:00:00,0.0,24.7,25.4,230.0,1017.3,5.5,0.275862,96.0
2022-06-14 09:00:00,0.0,24.9,25.4,280.0,1017.2,7.4,0.241379,97.0
2022-06-14 10:00:00,0.0,24.7,25.2,270.0,1017.1,5.5,0.241379,97.0
2022-06-14 11:00:00,0.0,24.7,25.2,244.0,1017.5,10.4,0.275862,97.0
2022-06-14 12:00:00,0.0,25.1,26.7,290.0,1017.9,7.4,0.310345,91.0
2022-06-14 13:00:00,0.0,24.3,29.0,330.0,1018.2,7.4,0.327586,76.0
2022-06-14 14:00:00,0.0,24.1,30.4,350.0,1018.2,11.1,0.293103,69.0
2022-06-14 15:00:00,0.0,22.6,32.2,287.0,1017.9,8.3,0.241379,57.0
2022-06-14 16:00:00,0.0,22.2,33.7,270.0,1017.6,6.5,0.189655,51.0
2022-06-14 17:00:00,0.0,23.1,33.4,300.0,1017.1,5.5,0.137931,55.0
2022-06-14 18:00:00,0.0,22.0,34.2,230.0,1016.7,7.4,0.12069,49.0
2022-06-14 19:00:00,0.0,21.6,34.9,270.0,1016.2,11.1,0.12069,46.0
2022-06-14 20:00:00,0.0,20.8,37.0,257.0,1015.2,4.0,0.206897,39.0
2022-06-14 21:00:00,1.1,21.7,33.2,214.0,1014.5,15.8,0.189655,51.0
2022-06-14 22:00:00,2.6,23.9,29.0,80.0,1015.7,14.8,0.206897,74.0
2022-06-14 23:00:00,0.0,21.7,23.8,0.0,1016.3,0.0,0.396552,88.0
2022-06-15 00:00:00,0.0,22.9,28.0,256.0,1016.3,6.5,0.362069,74.0
2022-06-15 01:00:00,0.0,23.0,27.0,261.0,1016.8,7.6,0.344828,79.0
2022-06-15 02:00:00,0.0,21.4,23.3,0.0,1016.9,0.0,0.327586,89.0
2022-06-15 03:00:00,0.0,22.0,23.6,80.0,1017.4,9.3,0.327586,91.0
2022-06-15 04:00:00,0.0,22.4,23.4,0.0,1016.7,0.0,0.310345,94.0
2022-06-15 05:00:00,0.0,23.8,27.6,237.0,1016.7,9.7,0.275862,80.0
2022-06-15 06:00:00,0.0,24.0,26.9,240.0,1016.4,7.9,0.258621,84.0
2022-06-15 07:00:00,0.0,22.8,23.3,0.0,1016.2,0.0,0.241379,97.0
2022-06-15 08:00:00,0.0,22.7,23.2,0.0,1016.2,0.0,0.241379,97.0
2022-06-15 09:00:00,0.0,22.7,23.4,0.0,1016.3,0.0,0.206897,96.0
2022-06-15 10:00:00,0.0,22.5,23.2,0.0,1016.2,0.0,0.224138,96.0
2022-06-15 11:00:00,0.0,23.5,24.2,316.0,1016.4,5.4,0.241379,96.0
2022-06-15 12:00:00,0.0,22.7,24.3,0.0,1016.9,0.0,0.293103,91.0
2022-06-15 13:00:00,0.0,21.4,27.6,30.0,1017.3,9.3,0.310345,69.0
2022-06-15 14:00:00,0.0,20.6,29.4,360.0,1017.6,7.4,0.224138,59.0
2022-06-15 15:00:00,0.0,22.0,30.9,43.0,1017.7,1.8,0.172414,59.0
2022-06-15 16:00:00,0.0,21.6,33.1,72.0,1017.3,1.8,0.103448,51.0
2022-06-15 17:00:00,0.0,21.8,34.8,92.0,1016.8,3.2,0.103448,47.0
2022-06-15 18:00:00,0.0,22.1,33.6,70.0,1016.1,7.4,0.086207,51.0
2022-06-15 19:00:00,0.0,21.7,36.3,107.0,1015.6,4.0,0.068966,43.0
2022-06-15 20:00:00,0.0,20.8,36.6,107.0,1014.9,4.3,0.051724,40.0
2022-06-15 21:00:00,0.0,22.1,34.4,70.0,1014.2,11.1,0.103448,49.0
2022-06-15 22:00:00,0.0,21.6,35.3,120.0,1014.2,9.3,0.155172,45.0
2022-06-15 23:00:00,1.8,21.8,34.4,170.0,1015.5,5.5,0.224138,48.0
2022-06-16 00:00:00,4.0,22.8,30.9,240.0,1016.6,7.4,0.310345,62.0
2022-06-16 01:00:00,0.3,23.8,25.9,43.0,1015.9,4.7,0.37931,88.0
2022-06-16 02:00:00,4.9,24.5,29.4,190.0,1018.0,9.3,0.413793,75.0
2022-06-16 03:00:00,4.3,22.9,29.2,240.0,1017.8,9.3,0.413793,69.0
2022-06-16 04:00:00,0.0,22.6,27.7,0.0,1017.6,0.0,0.37931,74.0
2022-06-16 05:00:00,0.0,22.9,27.3,0.0,1017.3,0.0,0.344828,77.0
2022-06-16 06:00:00,0.0,23.2,26.1,324.0,1017.5,4.7,0.327586,84.0
2022-06-16 07:00:00,0.0,19.9,25.8,0.0,1017.3,0.0,0.310345,70.0
2022-06-16 08:00:00,0.0,20.2,24.9,10.0,1017.3,5.5,0.293103,75.0
2022-06-16 09:00:00,0.0,23.5,25.1,337.0,1017.6,5.0,0.258621,91.0
2022-06-16 10:00:00,0.0,21.0,24.5,50.0,1018.2,5.5,0.258621,81.0
2022-06-16 11:00:00,0.0,23.1,24.7,25.0,1018.1,1.4,0.275862,91.0
2022-06-16 12:00:00,0.0,21.2,26.4,90.0,1018.6,5.5,0.327586,73.0
2022-06-16 13:00:00,0.0,22.4,29.4,120.0,1019.0,5.5,0.310345,66.0
2022-06-16 14:00:00,0.0,23.2,32.2,0.0,1019.2,0.0,0.275862,59.0
2022-06-16 15:00:00,0.0,22.8,32.7,27.0,1019.1,2.5,0.172414,56.0
2022-06-16 16:00:00,0.0,21.3,34.6,150.0,1018.6,5.5,0.12069,46.0
2022-06-16 17:00:00,0.0,21.4,35.5,52.0,1018.2,7.6,0.137931,44.0
2022-06-16 18:00:00,0.0,20.7,36.5,51.0,1017.7,9.7,0.189655,40.0
2022-06-16 19:00:00,0.0,21.5,36.1,0.0,1016.9,0.0,0.189655,43.0
2022-06-16 20:00:00,0.0,19.9,37.5,49.0,1016.2,10.1,0.12069,36.0
2022-06-16 21:00:00,0.0,21.9,36.9,40.0,1016.0,11.1,0.172414,42.0
2022-06-16 22:00:00,0.5,23.6,33.9,50.0,1015.9,7.4,0.241379,55.0
2022-06-16 23:00:00,0.4,22.8,32.7,120.0,1017.3,14.8,0.258621,56.0
2022-06-17 00:00:00,0.0,22.3,27.1,242.0,1017.6,10.1,0.431034,75.0
2022-06-17 01:00:00,0.0,22.4,26.6,230.0,1017.8,6.5,0.448276,78.0
2022-06-17 02:00:00,0.0,20.7,25.9,240.0,1019.3,20.4,0.448276,73.0
2022-06-17 03:00:00,0.0,18.2,25.2,170.0,1020.0,11.1,0.431034,65.0
2022-06-17 04:00:00,0.0,19.1,24.2,0.0,1019.8,0.0,0.396552,73.0
2022-06-17 05:00:00,0.0,18.9,24.0,0.0,1019.3,0.0,0.344828,73.0
2022-06-17 06:00:00,0.0,23.4,24.3,88.0,1018.6,4.0,0.310345,95.0
2022-06-17 07:00:00,0.0,20.5,23.8,0.0,1018.4,0.0,0.293103,82.0
2022-06-17 08:00:00,0.0,20.4,23.7,60.0,1018.0,5.5,0.275862,82.0
2022-06-17 09:00:00,0.0,20.2,23.4,20.0,1018.1,5.5,0.258621,82.0
2022-06-17 10:00:00,0.0,23.8,24.1,181.0,1018.0,5.0,0.275862,98.0
2022-06-17 11:00:00,0.0,23.8,24.0,258.0,1017.9,3.2,0.293103,99.0
2022-06-17 12:00:00,0.0,21.3,25.0,120.0,1018.1,7.4,0.310345,80.0
2022-06-17 13:00:00,0.0,22.7,27.5,150.0,1018.2,7.4,0.310345,75.0
2022-06-17 14:00:00,0.0,24.3,29.2,350.0,1018.1,1.4,0.293103,75.0
2022-06-17 15:00:00,0.0,24.2,31.1,292.0,1017.8,3.2,0.206897,67.0
2022-06-17 16:00:00,0.0,21.5,32.0,330.0,1017.6,9.3,0.12069,54.0
2022-06-17 17:00:00,0.0,21.1,33.2,20.0,1017.1,11.1,0.086207,49.0
2022-06-17 18:00:00,0.0,20.8,34.0,360.0,1016.5,9.3,0.086207,46.0
2022-06-17 19:00:00,0.0,20.4,35.2,330.0,1015.8,5.5,0.017241,42.0
2022-06-17 20:00:00,0.0,22.3,35.3,213.0,1014.9,4.3,0.017241,47.0
2022-06-17 21:00:00,0.1,19.9,35.1,260.0,1014.2,7.4,0.068966,41.0
2022-06-17 22:00:00,0.9,20.4,35.2,350.0,1014.2,9.3,0.12069,42.0
2022-06-17 23:00:00,1.8,23.0,29.3,303.0,1014.5,10.4,0.206897,69.0
2022-06-18 00:00:00,0.0,23.9,27.7,310.0,1014.5,10.4,0.293103,80.0
2022-06-18 01:00:00,0.0,21.2,30.7,0.0,1014.1,0.0,0.37931,57.0
2022-06-18 02:00:00,0.0,21.2,29.5,0.0,1014.1,0.0,0.396552,61.0
2022-06-18 03:00:00,0.0,21.4,28.1,0.0,1014.5,0.0,0.396552,67.0
2022-06-18 04:00:00,0.0,22.5,27.8,233.0,1014.6,10.4,0.362069,73.0
2022-06-18 05:00:00,0.0,22.2,26.6,257.0,1014.7,13.0,0.327586,77.0
2022-06-18 06:00:00,0.0,22.1,25.6,260.0,1014.6,12.2,0.310345,81.0
2022-06-18 07:00:00,0.0,24.1,26.6,280.0,1014.0,7.4,0.293103,86.0
2022-06-18 08:00:00,0.0,25.1,26.5,0.0,1014.0,0.0,0.275862,92.0
2022-06-18 09:00:00,0.0,23.1,24.5,311.0,1013.8,5.4,0.258621,92.0
2022-06-18 10:00:00,0.0,25.0,26.0,0.0,1013.8,0.0,0.241379,94.0
2022-06-18 11:00:00,0.0,22.8,24.4,278.0,1014.3,6.8,0.241379,91.0
2022-06-18 12:00:00,0.0,21.4,29.2,340.0,1014.5,7.4,0.224138,63.0
2022-06-18 13:00:00,0.0,20.5,30.6,0.0,1014.7,0.0,0.206897,55.0
2022-06-18 14:00:00,0.0,19.9,31.9,10.0,1014.3,11.1,0.155172,49.0
2022-06-18 15:00:00,0.0,21.7,33.2,307.0,1014.0,10.8,0.103448,51.0
2022-06-18 16:00:00,0.0,18.9,33.6,350.0,1013.7,16.7,0.034483,42.0
2022-06-18 17:00:00,0.0,20.0,35.2,20.0,1013.2,13.0,-0.068966,41.0
2022-06-18 18:00:00,0.0,19.3,35.3,360.0,1012.6,16.7,-0.103448,39.0
2022-06-18 19:00:00,0.0,18.6,37.0,311.0,1012.1,16.6,-0.086207,34.0
2022-06-18 20:00:00,0.0,19.8,35.9,330.0,1011.3,16.7,-0.034483,39.0
2022-06-18 21:00:00,0.0,19.1,36.1,330.0,1010.7,14.8,0.0,37.0
2022-06-18 22:00:00,0.0,19.0,35.0,340.0,1010.2,9.3,0.068966,39.0
2022-06-18 23:00:00,0.0,19.5,33.8,10.0,1010.0,13.0,0.172414,43.0
2022-06-19 00:00:00,0.0,16.5,34.7,0.0,1010.4,13.0,0.310345,34.0
2022-06-19 01:00:00,0.0,17.9,31.6,360.0,1010.9,9.3,0.396552,44.0
2022-06-19 02:00:00,0.0,18.1,30.3,360.0,1011.5,9.3,0.413793,48.0
2022-06-19 03:00:00,0.0,18.7,28.9,10.0,1012.3,9.3,0.413793,54.0
2022-06-19 04:00:00,0.0,18.6,28.2,360.0,1012.6,11.1,0.37931,56.0
2022-06-19 05:00:00,0.0,17.8,28.3,359.0,1013.0,10.4,0.344828,53.0
2022-06-19 06:00:00,0.0,18.9,27.3,10.0,1013.0,7.4,0.327586,60.0
2022-06-19 07:00:00,0.0,18.0,25.8,30.0,1013.3,11.1,0.310345,62.0
2022-06-19 08:00:00,0.0,16.4,24.7,20.0,1013.3,9.3,0.293103,60.0
2022-06-19 09:00:00,0.0,12.4,25.5,18.0,1013.5,10.4,0.275862,44.0
2022-06-19 10:00:00,0.0,14.2,24.4,19.0,1014.1,10.8,0.258621,53.0
2022-06-19 11:00:00,0.0,14.7,24.0,10.0,1014.7,11.1,0.241379,56.0
2022-06-19 12:00:00,0.0,15.2,25.8,60.0,1015.5,18.5,0.241379,52.0
2022-06-19 13:00:00,0.0,15.3,27.6,90.0,1015.9,16.7,0.224138,47.0
2022-06-19 14:00:00,0.0,14.5,30.0,53.0,1016.1,15.5,0.172414,39.0
2022-06-19 15:00:00,0.0,16.7,30.3,80.0,1015.8,18.5,0.068966,44.0
2022-06-19 16:00:00,0.0,17.4,31.5,80.0,1015.9,14.8,0.0,43.0
2022-06-19 17:00:00,0.0,18.6,33.7,60.0,1015.8,14.8,-0.034483,41.0
2022-06-19 18:00:00,0.0,16.4,35.6,57.0,1015.4,16.9,-0.068966,32.0
2022-06-19 19:00:00,0.0,15.3,36.1,57.0,1014.7,16.6,-0.068966,29.0
2022-06-19 20:00:00,0.0,18.0,35.3,50.0,1014.0,20.4,-0.034483,36.0
2022-06-19 21:00:00,0.0,17.6,35.4,80.0,1014.0,20.4,0.0,35.0
2022-06-19 22:00:00,0.0,17.4,34.7,70.0,1013.8,22.2,0.086207,36.0
2022-06-19 23:00:00,0.0,15.4,35.1,72.0,1013.9,17.3,0.206897,31.0
2022-06-20 00:00:00,0.0,14.8,34.3,80.0,1014.4,16.6,0.258621,31.0
2022-06-20 01:00:00,0.0,18.0,30.6,50.0,1015.1,11.1,0.344828,47.0
2022-06-20 02:00:00,0.0,17.9,29.8,60.0,1016.7,11.1,0.362069,49.0
2022-06-20 03:00:00,0.0,19.5,28.9,140.0,1017.6,9.3,0.362069,57.0
2022-06-20 04:00:00,0.0,20.9,28.1,140.0,1018.2,14.8,0.344828,65.0
2022-06-20 05:00:00,0.0,19.0,27.5,101.0,1018.7,13.0,0.327586,60.0
2022-06-20 06:00:00,0.0,21.2,27.4,120.0,1018.9,14.8,0.293103,69.0
2022-06-20 07:00:00,0.0,21.0,26.5,140.0,1018.8,9.3,0.293103,72.0
2022-06-20 08:00:00,0.0,21.1,25.6,140.0,1018.8,13.0,0.275862,76.0
2022-06-20 09:00:00,0.0,21.4,24.9,140.0,1019.2,11.1,0.275862,81.0
2022-06-20 10:00:00,0.0,20.7,23.8,91.0,1019.7,7.9,0.258621,83.0
2022-06-20 11:00:00,0.0,21.6,24.7,130.0,1020.2,7.4,0.310345,83.0
2022-06-20 12:00:00,0.0,21.7,26.5,150.0,1020.7,11.1,0.327586,75.0
2022-06-20 13:00:00,0.0,21.5,27.0,104.0,1021.2,13.0,0.344828,72.0
2022-06-20 14:00:00,0.0,21.2,29.2,104.0,1021.3,13.0,0.293103,62.0
2022-06-20 15:00:00,0.0,21.5,30.4,120.0,1021.3,14.8,0.189655,59.0
2022-06-20 16:00:00,0.0,20.7,31.4,120.0,1021.2,14.8,0.12069,53.0
2022-06-20 17:00:00,0.0,20.3,33.1,120.0,1021.0,14.8,0.086207,47.0
2022-06-20 18:00:00,0.0,16.2,34.9,81.0,1020.4,13.0,0.155172,33.0
2022-06-20 19:00:00,0.0,15.9,35.6,75.0,1019.6,13.0,0.155172,31.0
2022-06-20 20:00:00,0.0,18.3,34.7,100.0,1019.1,9.3,0.12069,38.0
2022-06-20 21:00:00,0.0,18.5,34.5,120.0,1018.6,11.1,0.206897,39.0
2022-06-20 22:00:00,0.0,17.0,34.2,110.0,1018.2,16.7,0.137931,36.0
2022-06-20 23:00:00,0.0,15.7,32.7,80.0,1018.2,13.0,0.155172,36.0
2022-06-21 00:00:00,0.0,12.6,33.6,66.0,1018.2,9.4,0.310345,28.0
2022-06-21 01:00:00,0.0,17.3,27.8,0.0,1018.6,0.0,0.362069,53.0
2022-06-21 02:00:00,0.0,17.9,26.0,0.0,1019.4,0.0,0.37931,61.0
2022-06-21 03:00:00,0.0,18.7,24.8,0.0,1020.3,0.0,0.396552,69.0
2022-06-21 04:00:00,0.0,11.2,26.2,122.0,1020.5,8.6,0.37931,39.0
2022-06-21 05:00:00,0.0,17.8,24.6,140.0,1020.7,11.1,0.362069,66.0
2022-06-21 06:00:00,0.0,17.3,25.1,150.0,1020.7,9.3,0.310345,62.0
2022-06-21 07:00:00,0.0,18.1,23.4,0.0,1020.8,0.0,0.293103,72.0
2022-06-21 08:00:00,0.0,18.0,24.3,136.0,1020.9,9.0,0.293103,68.0
2022-06-21 09:00:00,0.0,18.8,23.9,136.0,1020.9,7.2,0.275862,73.0
2022-06-21 10:00:00,0.0,20.0,23.0,0.0,1021.2,0.0,0.275862,83.0
2022-06-21 11:00:00,0.0,20.6,22.1,0.0,1021.7,0.0,0.310345,91.0
2022-06-21 12:00:00,0.0,20.6,25.6,0.0,1022.4,0.0,0.362069,74.0
2022-06-21 13:00:00,0.0,21.8,28.3,240.0,1022.5,5.5,0.362069,68.0
2022-06-21 14:00:00,0.0,22.6,28.6,243.0,1022.9,1.8,0.310345,70.0
2022-06-21 15:00:00,0.0,21.0,30.5,90.0,1022.5,7.4,0.224138,57.0
2022-06-21 16:00:00,0.0,20.0,31.7,350.0,1022.3,11.1,0.137931,50.0
2022-06-21 17:00:00,0.0,17.6,33.0,20.0,1021.7,13.0,0.086207,40.0
2022-06-21 18:00:00,0.0,15.0,35.8,57.0,1021.1,10.1,0.051724,29.0
2022-06-21 19:00:00,0.0,14.3,36.3,62.0,1020.1,10.8,0.103448,27.0
2022-06-21 20:00:00,0.0,15.9,34.0,0.0,1019.2,0.0,0.224138,34.0
2022-06-21 21:00:00,0.0,16.5,34.7,350.0,1018.3,7.4,0.189655,34.0
2022-06-21 22:00:00,0.0,16.4,35.1,350.0,1017.6,9.3,0.189655,33.0
2022-06-21 23:00:00,0.0,14.5,35.9,128.0,1017.1,4.7,0.206897,28.0
2022-06-22 00:00:00,0.0,18.8,30.7,270.0,1017.7,5.5,0.344828,49.0
2022-06-22 01:00:00,0.0,14.6,32.0,192.0,1017.6,8.6,0.396552,35.0
2022-06-22 02:00:00,0.0,19.1,29.1,270.0,1018.1,9.3,0.431034,55.0
2022-06-22 03:00:00,0.0,19.7,28.2,260.0,1019.1,7.4,0.431034,60.0
2022-06-22 04:00:00,0.0,22.8,27.4,242.0,1019.1,12.6,0.413793,76.0
2022-06-22 05:00:00,0.0,22.2,26.8,280.0,1019.2,9.3,0.37931,76.0
2022-06-22 06:00:00,0.0,23.4,25.9,300.0,1018.7,7.4,0.344828,86.0
2022-06-22 07:00:00,0.0,23.1,25.4,300.0,1018.2,7.4,0.310345,87.0
2022-06-22 08:00:00,0.0,23.7,25.6,268.0,1017.7,10.8,0.293103,89.0
2022-06-22 09:00:00,0.0,23.5,25.3,273.0,1017.6,10.8,0.275862,90.0
2022-06-22 10:00:00,0.0,21.4,24.3,320.0,1017.8,7.4,0.275862,84.0
2022-06-22 11:00:00,0.0,21.2,24.9,330.0,1017.9,7.4,0.310345,80.0
2022-06-22 12:00:00,0.0,20.3,26.9,360.0,1018.3,7.4,0.362069,67.0
2022-06-22 13:00:00,0.0,19.2,30.5,30.0,1018.4,11.1,0.37931,51.0
2022-06-22 14:00:00,0.0,18.4,31.4,338.0,1018.1,9.7,0.327586,46.0
2022-06-22 15:00:00,0.0,17.7,33.6,50.0,1017.6,16.7,0.224138,39.0
2022-06-22 16:00:00,0.0,15.9,35.6,50.0,1017.2,14.8,0.155172,31.0
2022-06-22 17:00:00,0.0,14.9,36.3,30.0,1016.7,14.8,0.103448,28.0
2022-06-22 18:00:00,0.0,10.4,38.0,46.0,1015.8,9.4,0.103448,19.0
2022-06-22 19:00:00,0.0,13.4,37.4,60.0,1014.6,9.3,0.137931,24.0
2022-06-22 20:00:00,0.0,15.1,37.9,30.0,1013.5,7.4,0.12069,26.0
2022-06-22 21:00:00,0.0,14.9,37.7,290.0,1012.7,14.8,0.12069,26.0
2022-06-22 22:00:00,0.0,14.1,37.4,350.0,1011.8,11.1,0.189655,25.0
2022-06-22 23:00:00,0.0,10.1,38.6,36.0,1011.6,3.2,0.275862,18.0
2022-06-23 00:00:00,0.0,16.7,34.4,300.0,1011.8,7.4,0.362069,35.0
2022-06-23 01:00:00,0.0,17.5,32.4,310.0,1012.0,7.4,0.448276,41.0
2022-06-23 02:00:00,0.0,17.7,31.0,320.0,1012.4,7.4,0.448276,45.0
2022-06-23 03:00:00,0.0,14.3,30.2,155.0,1013.4,13.3,0.448276,38.0
2022-06-23 04:00:00,0.0,19.3,28.7,185.0,1013.3,10.4,0.431034,57.0
2022-06-23 05:00:00,0.0,20.0,27.1,173.0,1012.9,7.6,0.396552,65.0
2022-06-23 06:00:00,0.0,19.3,25.6,0.0,1012.6,0.0,0.362069,68.0
2022-06-23 07:00:00,0.0,19.7,25.1,280.0,1012.2,5.5,0.344828,72.0
2022-06-23 08:00:00,0.0,13.8,24.6,317.0,1011.9,7.6,0.327586,51.0
2022-06-23 09:00:00,0.0,13.6,24.4,311.0,1011.7,7.9,0.310345,51.0
2022-06-23 10:00:00,0.0,20.2,23.5,0.0,1011.8,0.0,0.310345,82.0
2022-06-23 11:00:00,0.0,20.9,25.0,330.0,1012.5,5.5,0.344828,78.0
2022-06-23 12:00:00,0.0,20.4,28.1,340.0,1012.7,9.3,0.37931,63.0
2022-06-23 13:00:00,0.0,19.7,30.0,305.0,1013.0,8.3,0.396552,54.0
2022-06-23 14:00:00,0.0,20.0,33.2,313.0,1012.8,9.0,0.362069,46.0
2022-06-23 15:00:00,0.0,18.1,35.5,331.0,1012.3,10.4,0.275862,36.0
2022-06-23 16:00:00,0.0,17.5,35.8,350.0,1011.6,11.1,0.189655,34.0
2022-06-23 17:00:00,0.0,17.8,37.3,10.0,1011.0,9.3,0.137931,32.0
2022-06-23 18:00:00,0.0,13.2,38.7,307.0,1010.2,7.9,0.103448,22.0
2022-06-23 19:00:00,0.0,16.8,37.9,350.0,1009.3,11.1,0.086207,29.0
2022-06-23 20:00:00,0.0,17.0,38.1,310.0,1008.5,14.8,0.172414,29.0
2022-06-23 21:00:00,0.0,16.5,38.2,350.0,1007.8,14.8,0.137931,28.0
2022-06-23 22:00:00,0.0,17.3,36.7,350.0,1007.4,9.3,0.189655,32.0
2022-06-23 23:00:00,0.0,13.3,38.8,320.0,1007.5,11.2,0.224138,22.0
2022-06-24 00:00:00,0.0,17.2,34.9,340.0,1008.1,9.3,0.37931,35.0
2022-06-24 01:00:00,0.0,18.0,32.1,340.0,1009.0,5.5,0.413793,43.0
2022-06-24 02:00:00,0.0,15.9,33.4,360.0,1009.6,13.3,0.448276,35.0
2022-06-24 03:00:00,0.0,18.8,29.4,330.0,1010.5,5.5,0.448276,53.0
2022-06-24 04:00:00,0.0,17.4,31.5,22.0,1011.2,3.2,0.431034,43.0
2022-06-24 05:00:00,0.0,19.3,28.7,340.0,1011.2,7.4,0.37931,57.0
2022-06-24 06:00:00,0.0,19.7,27.4,330.0,1011.0,5.5,0.344828,63.0
2022-06-24 07:00:00,0.0,18.4,27.7,316.0,1010.8,6.1,0.327586,57.0
2022-06-24 08:00:00,0.0,19.1,27.3,328.0,1010.5,6.5,0.327586,61.0
2022-06-24 09:00:00,0.0,19.5,26.6,328.0,1010.4,6.8,0.310345,65.0
2022-06-24 10:00:00,0.0,21.3,23.8,0.0,1010.8,0.0,0.293103,86.0
2022-06-24 11:00:00,0.0,21.9,25.2,0.0,1011.3,0.0,0.327586,82.0
2022-06-24 12:00:00,0.0,20.4,28.1,354.0,1012.2,7.6,0.37931,63.0
2022-06-24 13:00:00,0.0,21.0,30.8,2.0,1012.8,6.8,0.37931,56.0
2022-06-24 14:00:00,0.0,20.8,31.2,0.0,1013.2,0.0,0.344828,54.0
2022-06-24 15:00:00,0.0,21.0,33.5,230.0,1013.2,9.3,0.258621,48.0
2022-06-24 16:00:00,0.0,20.7,36.0,350.0,1012.9,9.3,0.189655,41.0
2022-06-24 17:00:00,0.0,18.5,37.5,274.0,1012.5,9.7,0.155172,33.0
2022-06-24 18:00:00,0.0,17.8,38.4,257.0,1011.8,7.9,0.068966,30.0
2022-06-24 19:00:00,0.0,18.4,37.4,330.0,1011.1,7.4,0.12069,33.0
2022-06-24 20:00:00,0.0,17.7,38.3,360.0,1010.8,13.0,0.258621,30.0
2022-06-24 21:00:00,0.0,17.5,38.1,340.0,1010.7,16.7,0.206897,30.0
2022-06-24 22:00:00,0.0,16.9,36.2,38.0,1010.9,6.8,0.224138,32.0
2022-06-24 23:00:00,0.0,19.6,32.3,346.0,1012.6,2.2,0.224138,47.0
2022-06-25 00:00:00,0.0,21.3,31.7,130.0,1012.5,11.1,0.293103,54.0
2022-06-25 01:00:00,0.0,20.9,26.4,130.0,1012.9,16.7,0.396552,72.0
2022-06-25 02:00:00,0.0,21.3,26.5,150.0,1013.5,9.3,0.431034,73.0
2022-06-25 03:00:00,0.0,21.3,29.6,86.0,1014.0,9.0,0.413793,61.0
2022-06-25 04:00:00,0.0,22.3,25.2,70.0,1014.2,5.5,0.37931,84.0
2022-06-25 05:00:00,0.0,22.5,24.8,130.0,1014.1,13.0,0.362069,87.0
2022-06-25 06:00:00,0.0,21.7,24.6,150.0,1014.1,9.3,0.327586,84.0
2022-06-25 07:00:00,0.0,22.3,27.3,117.0,1014.1,15.5,0.310345,74.0
2022-06-25 08:00:00,0.0,22.6,26.8,115.0,1014.4,14.0,0.293103,78.0
2022-06-25 09:00:00,0.0,22.0,23.9,80.0,1015.0,11.1,0.275862,89.0
2022-06-25 10:00:00,0.0,21.7,24.0,110.0,1015.4,14.8,0.275862,87.0
2022-06-25 11:00:00,0.0,21.0,24.3,140.0,1015.6,11.1,0.275862,82.0
2022-06-25 12:00:00,0.0,22.7,26.4,131.0,1016.7,13.0,0.275862,80.0
2022-06-25 13:00:00,0.0,22.6,26.8,140.0,1017.7,11.9,0.258621,78.0
2022-06-25 14:00:00,0.0,20.8,28.0,130.0,1018.1,13.0,0.224138,65.0
2022-06-25 15:00:00,0.9,20.5,29.9,150.0,1017.9,14.8,0.172414,57.0
2022-06-25 16:00:00,0.1,20.9,30.4,150.0,1018.0,13.0,0.086207,57.0
2022-06-25 17:00:00,0.1,22.6,30.4,106.0,1017.6,8.3,0.068966,63.0
2022-06-25 18:00:00,0.0,20.5,32.2,140.0,1017.3,9.3,0.103448,50.0
2022-06-25 19:00:00,0.0,23.7,31.1,140.0,1016.2,9.7,0.034483,65.0
2022-06-25 20:00:00,0.8,21.3,30.8,230.0,1016.0,14.8,0.017241,57.0
2022-06-25 21:00:00,1.2,23.5,24.5,330.0,1015.9,7.4,0.068966,94.0
2022-06-25 22:00:00,1.9,23.1,28.6,119.0,1015.9,10.8,0.189655,72.0
2022-06-25 23:00:00,0.0,23.8,25.2,200.0,1016.1,5.5,0.310345,92.0
2022-06-26 00:00:00,0.0,24.0,25.2,270.0,1016.4,5.5,0.275862,93.0
2022-06-26 01:00:00,0.0,24.1,25.1,0.0,1016.6,0.0,0.241379,94.0
2022-06-26 02:00:00,0.0,24.0,25.8,207.0,1017.0,5.4,0.275862,90.0
2022-06-26 03:00:00,0.0,24.1,25.1,207.0,1017.6,4.7,0.275862,94.0
2022-06-26 04:00:00,0.0,24.2,24.7,130.0,1017.7,5.5,0.275862,97.0
2022-06-26 05:00:00,0.0,24.0,24.5,110.0,1017.6,11.1,0.258621,97.0
2022-06-26 06:00:00,0.0,23.4,24.4,110.0,1017.4,9.3,0.241379,94.0
2022-06-26 07:00:00,0.0,22.5,24.1,123.0,1017.5,7.6,0.224138,91.0
2022-06-26 08:00:00,0.0,22.4,23.6,127.0,1017.9,5.4,0.224138,93.0
2022-06-26 09:00:00,0.0,21.9,23.5,0.0,1018.0,0.0,0.206897,91.0
2022-06-26 10:00:00,0.0,22.1,22.8,0.0,1018.0,0.0,0.206897,96.0
2022-06-26 11:00:00,0.0,21.8,23.7,140.0,1018.6,7.4,0.206897,89.0
2022-06-26 12:00:00,0.0,21.4,24.5,86.0,1019.0,8.6,0.206897,83.0
2022-06-26 13:00:00,0.0,21.3,26.1,94.0,1019.0,9.7,0.189655,75.0
2022-06-26 14:00:00,0.0,21.0,27.4,130.0,1019.5,11.1,0.137931,68.0
2022-06-26 15:00:00,0.0,18.8,29.1,170.0,1019.7,7.4,0.034483,54.0
2022-06-26 16:00:00,0.0,17.1,31.1,110.0,1019.2,9.3,-0.051724,43.0
2022-06-26 17:00:00,0.0,16.8,32.5,70.0,1018.7,13.0,-0.103448,39.0
2022-06-26 18:00:00,0.0,16.7,32.9,72.0,1017.8,13.3,-0.137931,38.0
2022-06-26 19:00:00,0.0,16.6,32.3,80.0,1017.0,7.4,-0.137931,39.0
2022-06-26 20:00:00,0.0,15.4,33.4,100.0,1016.0,7.4,-0.12069,34.0
2022-06-26 21:00:00,0.0,15.3,34.4,92.0,1015.3,13.0,-0.068966,32.0
2022-06-26 22:00:00,0.0,14.6,34.1,97.0,1015.0,12.6,0.034483,31.0
2022-06-26 23:00:00,0.0,14.8,33.2,140.0,1015.1,9.3,0.137931,33.0
2022-06-27 00:00:00,0.0,18.0,30.2,0.0,1015.8,0.0,0.206897,48.0
2022-06-27 01:00:00,0.0,20.0,26.6,0.0,1016.5,0.0,0.293103,67.0
2022-06-27 02:00:00,0.0,14.0,28.9,102.0,1017.2,10.1,0.327586,40.0
2022-06-27 03:00:00,0.0,16.9,27.0,189.0,1018.0,7.6,0.310345,54.0
2022-06-27 04:00:00,0.0,20.7,24.2,0.0,1018.0,0.0,0.275862,81.0
2022-06-27 05:00:00,0.0,20.6,24.7,170.0,1018.1,7.4,0.258621,78.0
2022-06-27 06:00:00,0.0,19.3,24.7,190.0,1017.6,9.3,0.224138,72.0
2022-06-27 07:00:00,0.0,22.2,23.9,113.0,1017.6,3.6,0.224138,90.0
2022-06-27 08:00:00,0.0,22.1,23.5,91.0,1017.6,5.0,0.206897,92.0
2022-06-27 09:00:00,0.0,19.9,23.1,0.0,1017.5,0.0,0.189655,82.0
2022-06-27 10:00:00,0.0,20.3,22.4,0.0,1017.5,0.0,0.189655,88.0
2022-06-27 11:00:00,0.0,19.0,23.0,100.0,1018.1,5.8,0.241379,78.0
2022-06-27 12:00:00,0.0,19.6,24.8,93.0,1018.1,5.4,0.275862,73.0
2022-06-27 13:00:00,0.0,18.7,26.9,116.0,1018.7,4.7,0.275862,61.0
2022-06-27 14:00:00,0.0,18.5,27.8,130.0,1018.8,5.5,0.241379,57.0
2022-06-27 15:00:00,0.0,19.5,30.1,110.0,1018.4,9.3,0.155172,53.0
2022-06-27 16:00:00,0.0,18.0,32.2,48.0,1018.3,7.6,0.068966,43.0
2022-06-27 17:00:00,0.0,17.7,33.1,65.0,1017.6,9.7,0.034483,40.0
2022-06-27 18:00:00,0.0,16.2,33.3,50.0,1016.8,16.7,0.051724,36.0
2022-06-27 19:00:00,0.0,16.4,34.5,79.0,1016.0,11.2,0.034483,34.0
2022-06-27 20:00:00,0.0,16.2,33.8,100.0,1015.0,9.3,0.068966,35.0
2022-06-27 21:00:00,0.0,15.0,35.2,97.0,1014.4,9.7,0.103448,30.0
2022-06-27 22:00:00,0.0,14.4,35.1,85.0,1014.0,10.4,0.155172,29.0
2022-06-27 23:00:00,0.0,15.6,34.2,110.0,1014.0,9.3,0.224138,33.0
2022-06-28 00:00:00,0.0,19.1,31.4,0.0,1014.5,0.0,0.275862,48.0
2022-06-28 01:00:00,0.0,19.2,29.2,350.0,1015.0,9.3,0.37931,55.0
2022-06-28 02:00:00,0.0,19.3,28.4,10.0,1015.6,9.3,0.413793,58.0
2022-06-28 03:00:00,0.0,19.5,26.4,40.0,1016.2,9.3,0.396552,66.0
2022-06-28 04:00:00,0.0,13.4,27.0,152.0,1016.3,7.9,0.362069,43.0
2022-06-28 05:00:00,0.0,20.2,24.9,0.0,1016.5,0.0,0.327586,75.0
2022-06-28 06:00:00,0.0,20.2,24.3,0.0,1016.7,0.0,0.310345,78.0
2022-06-28 07:00:00,0.0,19.5,23.6,203.0,1016.4,4.3,0.275862,78.0
2022-06-28 08:00:00,0.0,20.6,23.5,0.0,1016.3,0.0,0.275862,84.0
2022-06-28 09:00:00,0.0,20.2,23.4,0.0,1016.5,0.0,0.258621,82.0
2022-06-28 10:00:00,0.0,19.5,23.4,0.0,1016.7,0.0,0.258621,79.0
2022-06-28 11:00:00,0.0,19.6,22.6,153.0,1017.3,5.8,0.310345,83.0
2022-06-28 12:00:00,0.0,20.4,24.7,41.0,1017.9,1.4,0.344828,77.0
2022-06-28 13:00:00,0.0,21.2,27.4,140.0,1018.5,5.5,0.362069,69.0
2022-06-28 14:00:00,0.0,21.3,29.9,120.0,1018.5,5.5,0.327586,60.0
2022-06-28 15:00:00,0.0,20.5,31.5,170.0,1018.4,13.0,0.241379,52.0
2022-06-28 16:00:00,0.0,20.4,32.8,190.0,1018.5,9.3,0.172414,48.0
2022-06-28 17:00:00,0.0,19.6,33.1,150.0,1018.2,9.3,0.12069,45.0
2022-06-28 18:00:00,0.0,20.5,34.9,148.0,1017.6,6.1,0.068966,43.0
2022-06-28 19:00:00,0.0,19.3,35.4,185.0,1016.5,8.3,0.103448,39.0
2022-06-28 20:00:00,1.0,20.4,32.1,142.0,1016.5,7.9,0.224138,50.0
2022-06-28 21:00:00,1.1,20.6,31.0,148.0,1017.1,14.0,0.224138,54.0
2022-06-28 22:00:00,4.7,22.1,26.5,109.0,1017.7,7.6,0.155172,77.0
2022-06-28 23:00:00,0.2,22.3,26.9,6.0,1017.6,1.8,0.293103,76.0
2022-06-29 00:00:00,0.0,23.9,26.0,329.0,1017.8,1.4,0.362069,88.0
2022-06-29 01:00:00,0.0,24.2,25.4,350.0,1018.3,4.0,0.344828,93.0
2022-06-29 02:00:00,0.0,24.1,24.8,16.0,1018.9,4.7,0.37931,96.0
2022-06-29 03:00:00,0.2,23.9,24.8,48.0,1019.5,7.9,0.37931,95.0
2022-06-29 04:00:00,0.3,22.9,24.7,95.0,1020.2,10.4,0.362069,90.0
2022-06-29 05:00:00,0.0,22.6,25.9,87.0,1019.6,6.1,0.327586,82.0
2022-06-29 06:00:00,0.0,22.2,25.3,117.0,1019.4,13.0,0.310345,83.0
2022-06-29 07:00:00,0.0,22.0,24.5,124.0,1019.4,10.8,0.293103,86.0
2022-06-29 08:00:00,0.0,22.0,24.1,128.0,1019.2,6.1,0.275862,88.0
2022-06-29 09:00:00,0.0,21.9,23.6,136.0,1019.2,6.1,0.275862,90.0
2022-06-29 10:00:00,0.0,21.9,22.9,110.0,1019.6,7.9,0.275862,94.0
2022-06-29 11:00:00,0.0,21.9,22.7,107.0,1020.1,7.2,0.310345,95.0
2022-06-29 12:00:00,0.0,22.0,24.1,100.0,1020.7,6.1,0.344828,88.0
2022-06-29 13:00:00,0.0,22.3,26.2,106.0,1021.3,5.4,0.344828,79.0
2022-06-29 14:00:00,0.0,22.5,28.3,124.0,1021.4,4.0,0.310345,71.0
2022-06-29 15:00:00,0.0,22.3,30.4,103.0,1021.2,5.0,0.224138,62.0
2022-06-29 16:00:00,0.0,22.1,32.0,93.0,1021.4,4.3,0.172414,56.0
2022-06-29 17:00:00,0.0,21.7,33.5,92.0,1020.7,6.8,0.103448,50.0
2022-06-29 18:00:00,0.0,20.8,34.1,98.0,1020.2,8.3,0.12069,46.0
2022-06-29 19:00:00,5.3,22.9,29.9,217.0,1020.2,7.6,0.12069,66.0
2022-06-29 20:00:00,0.0,21.3,31.4,127.0,1019.8,12.6,0.155172,55.0
2022-06-29 21:00:00,2.2,22.4,26.8,111.0,1020.8,11.2,0.362069,77.0
2022-06-29 22:00:00,0.0,22.2,27.2,113.0,1020.2,5.8,0.413793,74.0
2022-06-29 23:00:00,0.0,22.0,27.3,108.0,1020.2,7.6,0.344828,73.0
2022-06-30 00:00:00,0.0,22.1,26.9,84.0,1020.9,7.9,0.327586,75.0
2022-06-30 01:00:00,0.0,23.0,25.9,90.0,1021.1,8.6,0.327586,84.0
2022-06-30 02:00:00,0.0,23.5,25.6,103.0,1021.5,7.2,0.327586,88.0
2022-06-30 03:00:00,0.0,23.4,25.3,112.0,1021.7,7.2,0.327586,89.0
2022-06-30 04:00:00,0.0,22.9,25.0,118.0,1021.5,5.8,0.310345,88.0
2022-06-30 05:00:00,0.0,22.6,24.2,130.0,1021.1,4.7,0.293103,91.0
2022-06-30 06:00:00,0.0,22.6,23.8,103.0,1020.6,4.3,0.275862,93.0
2022-06-30 07:00:00,0.0,22.4,23.6,87.0,1020.4,5.4,0.258621,93.0
2022-06-30 08:00:00,0.0,22.3,23.1,86.0,1020.7,5.4,0.241379,95.0
2022-06-30 09:00:00,0.0,22.2,22.9,80.0,1020.8,6.1,0.241379,96.0
2022-06-30 10:00:00,0.0,22.4,22.9,78.0,1020.9,6.1,0.241379,97.0
2022-06-30 11:00:00,0.0,21.6,22.3,61.0,1020.9,8.3,0.275862,96.0
2022-06-30 12:00:00,0.0,22.1,23.7,68.0,1021.1,8.6,0.310345,91.0
2022-06-30 13:00:00,0.0,22.7,25.6,87.0,1021.7,9.0,0.327586,84.0
2022-06-30 14:00:00,0.0,22.2,27.5,110.0,1021.9,9.0,0.293103,73.0
2022-06-30 15:00:00,0.0,22.6,28.4,95.0,1021.6,7.6,0.275862,71.0
2022-06-30 16:00:00,0.0,22.5,30.3,95.0,1021.2,7.2,0.241379,63.0
2022-06-30 17:00:00,0.0,22.0,31.5,101.0,1021.0,6.5,0.189655,57.0
2022-06-30 18:00:00,0.0,20.9,30.7,80.0,1020.2,14.8,0.086207,56.0
2022-06-30 19:00:00,0.0,20.2,31.6,100.0,1019.0,7.4,0.086207,51.0
2022-06-30 20:00:00,0.0,20.0,32.4,124.0,1018.2,8.6,0.086207,48.0
2022-06-30 21:00:00,0.0,20.4,32.1,118.0,1017.4,7.2,0.189655,50.0
2022-06-30 22:00:00,0.3,20.9,30.4,162.0,1017.7,10.4,0.224138,57.0
2022-06-30 23:00:00,0.1,19.5,26.4,0.0,1017.6,0.0,0.362069,66.0
2022-07-01 00:00:00,0.0,22.4,28.6,155.0,1018.2,9.0,0.344828,69.0
2022-07-01 01:00:00,0.0,22.4,27.4,174.0,1018.7,6.8,0.362069,74.0
2022-07-01 02:00:00,0.4,22.5,26.2,204.0,1019.0,5.8,0.37931,80.0
2022-07-01 03:00:00,0.0,22.8,25.3,90.0,1019.3,5.5,0.37931,86.0
2022-07-01 04:00:00,0.0,22.5,24.2,0.0,1019.2,0.0,0.344828,90.0
2022-07-01 05:00:00,0.0,22.3,23.7,0.0,1018.9,0.0,0.310345,92.0
2022-07-01 06:00:00,0.0,23.3,24.3,265.0,1018.7,3.6,0.310345,94.0
2022-07-01 07:00:00,0.0,23.1,24.0,276.0,1018.4,3.6,0.275862,95.0
2022-07-01 08:00:00,0.0,22.5,23.2,0.0,1017.9,0.0,0.275862,96.0
2022-07-01 09:00:00,0.0,22.5,23.2,0.0,1017.7,0.0,0.258621,96.0
2022-07-01 10:00:00,0.0,22.9,23.6,44.0,1017.8,3.2,0.258621,96.0
2022-07-01 11:00:00,0.0,22.6,22.6,33.0,1018.3,2.9,0.275862,100.0
2022-07-01 12:00:00,0.0,22.5,24.2,70.0,1019.0,5.5,0.275862,90.0
2022-07-01 13:00:00,0.0,22.3,25.8,140.0,1019.4,5.5,0.293103,81.0
2022-07-01 14:00:00,0.0,22.1,29.1,60.0,1019.4,7.4,0.258621,66.0
2022-07-01 15:00:00,0.0,20.7,31.1,90.0,1019.2,5.5,0.206897,54.0
2022-07-01 16:00:00,0.0,21.2,31.0,190.0,1019.2,4.7,0.103448,56.0
2022-07-01 17:00:00,0.0,20.1,32.5,0.0,1018.6,0.0,0.086207,48.0
2022-07-01 18:00:00,0.0,20.0,32.8,200.0,1017.9,13.0,0.189655,47.0
2022-07-01 19:00:00,0.0,21.1,27.8,20.0,1017.1,13.0,0.086207,67.0
2022-07-01 20:00:00,0.0,19.0,32.5,90.0,1016.8,5.5,0.275862,45.0
2022-07-01 21:00:00,0.0,22.3,29.1,258.0,1017.0,17.3,0.172414,67.0
2022-07-01 22:00:00,0.0,22.6,28.4,254.0,1016.6,13.7,0.017241,71.0
2022-07-01 23:00:00,0.0,19.9,30.2,50.0,1016.3,9.3,0.189655,54.0
2022-07-02 00:00:00,0.0,20.0,26.9,220.0,1016.6,7.4,0.206897,66.0
2022-07-02 01:00:00,0.0,23.4,26.7,214.0,1016.9,6.8,0.293103,82.0
2022-07-02 02:00:00,0.0,23.6,26.1,200.0,1017.2,6.8,0.310345,86.0
2022-07-02 03:00:00,0.0,20.8,24.9,0.0,1017.7,0.0,0.310345,78.0
2022-07-02 04:00:00,0.0,21.5,24.8,0.0,1017.5,0.0,0.275862,82.0
2022-07-02 05:00:00,0.0,22.8,24.9,226.0,1017.4,7.6,0.241379,88.0
2022-07-02 06:00:00,0.0,21.7,23.8,0.0,1016.9,0.0,0.224138,88.0
2022-07-02 07:00:00,0.0,22.7,23.7,252.0,1016.7,5.4,0.206897,94.0
2022-07-02 08:00:00,0.0,21.8,23.7,0.0,1016.7,0.0,0.189655,89.0
2022-07-02 09:00:00,0.0,21.8,23.4,260.0,1016.3,5.5,0.189655,91.0
2022-07-02 10:00:00,0.0,22.1,22.9,0.0,1016.8,0.0,0.189655,95.0
2022-07-02 11:00:00,0.0,22.4,22.7,289.0,1017.2,3.6,0.189655,98.0
2022-07-02 12:00:00,0.0,22.4,25.5,270.0,1017.7,5.5,0.172414,83.0
2022-07-02 13:00:00,1.6,22.0,27.3,290.0,1018.5,5.5,0.172414,73.0
2022-07-02 14:00:00,0.2,21.9,28.4,340.0,1018.9,7.4,0.086207,68.0
2022-07-02 15:00:00,0.0,22.8,26.7,245.0,1018.6,8.6,0.051724,79.0
2022-07-02 16:00:00,0.0,22.8,28.3,242.0,1018.3,7.9,0.051724,72.0
2022-07-02 17:00:00,0.0,21.3,32.4,270.0,1018.0,9.3,-0.017241,52.0
2022-07-02 18:00:00,0.0,20.6,33.5,290.0,1017.7,14.8,-0.017241,47.0
2022-07-02 19:00:00,0.0,21.6,30.2,252.0,1016.3,8.3,-0.103448,60.0
2022-07-02 20:00:00,0.0,20.8,32.6,269.0,1015.3,8.3,0.155172,50.0
2022-07-02 21:00:00,0.3,22.3,30.1,214.0,1015.6,16.2,0.189655,63.0
2022-07-02 22:00:00,0.0,22.9,24.3,350.0,1015.3,9.3,0.189655,92.0
2022-07-02 23:00:00,0.0,23.3,24.9,60.0,1015.4,7.4,0.224138,91.0
2022-07-03 00:00:00,0.0,22.6,29.1,227.0,1016.0,12.2,0.206897,68.0
2022-07-03 01:00:00,0.0,22.6,27.9,221.0,1016.6,10.1,0.172414,73.0
2022-07-03 02:00:00,0.0,22.8,27.4,222.0,1017.3,7.6,0.224138,76.0
2022-07-03 03:00:00,0.0,23.9,24.6,0.0,1017.4,0.0,0.241379,96.0
2022-07-03 04:00:00,0.0,23.5,24.4,0.0,1017.2,0.0,0.224138,95.0
2022-07-03 05:00:00,0.0,23.2,23.9,0.0,1017.7,0.0,0.224138,96.0
2022-07-03 06:00:00,0.0,24.0,24.2,224.0,1017.2,5.4,0.206897,99.0
2022-07-03 07:00:00,0.0,22.9,23.4,0.0,1016.9,0.0,0.206897,97.0
2022-07-03 08:00:00,0.0,22.7,23.4,0.0,1017.3,0.0,0.189655,96.0
2022-07-03 09:00:00,0.0,22.7,23.4,0.0,1018.0,0.0,0.172414,96.0
2022-07-03 10:00:00,0.0,22.7,23.4,0.0,1017.9,0.0,0.172414,96.0
2022-07-03 11:00:00,0.0,23.3,24.2,0.0,1018.5,0.0,0.172414,95.0
2022-07-03 12:00:00,0.5,22.7,23.7,326.0,1019.4,9.0,0.172414,94.0
2022-07-03 13:00:00,0.0,22.9,24.7,338.0,1019.6,5.0,0.155172,90.0
2022-07-03 14:00:00,0.0,22.3,28.3,300.0,1019.6,7.4,0.12069,70.0
2022-07-03 15:00:00,0.0,22.8,26.3,281.0,1020.1,11.9,0.068966,81.0
2022-07-03 16:00:00,0.0,23.0,26.3,294.0,1020.3,7.2,-0.034483,82.0
2022-07-03 17:00:00,0.2,21.8,31.0,350.0,1019.9,7.4,-0.137931,58.0
2022-07-03 18:00:00,0.1,21.4,30.9,170.0,1019.2,7.4,-0.103448,57.0
2022-07-03 19:00:00,0.0,23.8,29.6,254.0,1018.3,7.2,-0.034483,71.0
2022-07-03 20:00:00,0.1,23.7,30.0,215.0,1017.8,7.9,0.034483,69.0
2022-07-03 21:00:00,0.0,23.3,30.4,280.0,1017.2,14.8,0.189655,66.0
2022-07-03 22:00:00,0.0,22.6,24.7,310.0,1016.9,13.0,0.241379,88.0
2022-07-03 23:00:00,0.1,22.6,24.3,280.0,1017.0,7.4,0.224138,90.0
2022-07-04 00:00:00,4.2,22.9,23.9,190.0,1018.1,5.5,0.224138,94.0
2022-07-04 01:00:00,2.1,24.4,25.1,251.0,1018.7,7.6,0.224138,96.0
2022-07-04 02:00:00,0.9,23.1,23.8,0.0,1018.9,0.0,0.224138,96.0
2022-07-04 03:00:00,0.4,23.0,24.0,0.0,1019.0,0.0,0.224138,94.0
2022-07-04 04:00:00,0.3,23.2,23.9,180.0,1019.1,5.5,0.206897,96.0
2022-07-04 05:00:00,0.0,22.7,23.2,0.0,1018.9,0.0,0.206897,97.0
2022-07-04 06:00:00,0.0,23.6,23.8,269.0,1018.9,6.8,0.189655,99.0
2022-07-04 07:00:00,0.0,22.5,23.2,260.0,1018.7,7.4,0.172414,96.0
2022-07-04 08:00:00,0.0,22.6,23.1,0.0,1018.8,0.0,0.172414,97.0
2022-07-04 09:00:00,0.0,22.3,23.0,0.0,1019.2,0.0,0.172414,96.0
2022-07-04 10:00:00,0.0,22.1,22.8,0.0,1019.5,0.0,0.155172,96.0
2022-07-04 11:00:00,0.0,23.1,23.1,256.0,1019.9,3.2,0.155172,100.0
2022-07-04 12:00:00,0.1,23.2,24.1,0.0,1020.1,0.0,0.155172,95.0
2022-07-04 13:00:00,0.1,23.1,24.9,0.0,1020.7,0.0,0.137931,90.0
2022-07-04 14:00:00,0.2,23.1,26.2,0.0,1020.8,0.0,0.12069,83.0
2022-07-04 15:00:00,0.3,24.2,28.2,326.0,1020.8,2.2,0.086207,79.0
2022-07-04 16:00:00,0.2,23.9,29.5,298.0,1020.8,2.5,0.017241,72.0
2022-07-04 17:00:00,0.2,21.9,29.7,0.0,1019.6,0.0,-0.017241,63.0
2022-07-04 18:00:00,0.0,21.3,31.4,50.0,1019.1,7.4,-0.172414,55.0
2022-07-04 19:00:00,0.0,21.7,32.5,180.0,1018.2,7.4,-0.12069,53.0
2022-07-04 20:00:00,1.1,22.3,31.3,181.0,1017.4,4.3,-0.103448,59.0
2022-07-04 21:00:00,3.5,21.3,31.8,260.0,1017.7,9.3,0.0,54.0
2022-07-04 22:00:00,0.3,21.5,31.3,280.0,1016.7,5.5,-0.034483,56.0
2022-07-04 23:00:00,0.2,22.1,26.9,300.0,1017.3,9.3,0.172414,75.0
2022-07-05 00:00:00,0.0,23.0,25.7,290.0,1017.7,5.5,0.310345,85.0
2022-07-05 01:00:00,0.0,24.4,27.1,352.0,1017.9,1.4,0.275862,85.0
2022-07-05 02:00:00,0.0,24.5,26.3,183.0,1018.3,1.8,0.275862,90.0
2022-07-05 03:00:00,0.0,23.9,24.6,0.0,1018.6,0.0,0.275862,96.0
2022-07-05 04:00:00,0.0,23.7,24.2,0.0,1018.8,0.0,0.258621,97.0
2022-07-05 05:00:00,0.0,23.1,23.8,240.0,1018.5,5.5,0.241379,96.0
2022-07-05 06:00:00,0.0,23.9,24.2,219.0,1018.3,4.7,0.224138,98.0
2022-07-05 07:00:00,0.0,23.2,23.7,0.0,1018.0,0.0,0.206897,97.0
2022-07-05 08:00:00,0.0,23.0,23.5,0.0,1017.7,0.0,0.206897,97.0
2022-07-05 09:00:00,0.0,22.7,23.4,0.0,1017.7,0.0,0.189655,96.0
2022-07-05 10:00:00,0.0,22.5,23.2,0.0,1017.8,0.0,0.206897,96.0
2022-07-05 11:00:00,0.0,23.5,23.5,255.0,1018.2,3.2,0.241379,100.0
2022-07-05 12:00:00,0.0,24.0,25.2,0.0,1018.9,0.0,0.258621,93.0
2022-07-05 13:00:00,0.0,23.5,27.0,0.0,1019.3,0.0,0.258621,81.0
2022-07-05 14:00:00,0.0,23.0,29.3,320.0,1019.3,7.4,0.224138,69.0
2022-07-05 15:00:00,0.0,23.4,29.7,190.0,1019.0,2.2,0.155172,69.0
2022-07-05 16:00:00,0.0,22.2,30.9,330.0,1018.4,7.4,0.137931,60.0
2022-07-05 17:00:00,0.0,21.8,31.7,160.0,1018.0,5.5,0.017241,56.0
2022-07-05 18:00:00,0.0,21.2,32.3,0.0,1017.3,0.0,0.12069,52.0
2022-07-05 19:00:00,0.0,21.1,33.6,0.0,1015.9,0.0,0.137931,48.0
2022-07-05 20:00:00,0.0,21.8,33.3,180.0,1015.7,7.6,0.155172,51.0
2022-07-05 21:00:00,0.6,22.0,31.9,224.0,1016.0,7.2,0.12069,56.0
2022-07-05 22:00:00,0.3,21.8,33.3,310.0,1016.2,5.5,0.137931,51.0
2022-07-05 23:00:00,0.0,22.5,28.7,200.0,1015.4,18.5,0.137931,69.0
2022-07-06 00:00:00,0.0,25.0,28.2,240.0,1015.5,11.1,0.241379,83.0
2022-07-06 01:00:00,0.0,24.1,28.3,186.0,1015.9,7.9,0.310345,78.0
2022-07-06 02:00:00,0.0,24.3,27.4,207.0,1016.5,8.6,0.293103,83.0
2022-07-06 03:00:00,0.0,24.1,26.8,215.0,1016.9,7.9,0.344828,85.0
2022-07-06 04:00:00,0.0,23.8,25.4,240.0,1017.1,7.4,0.310345,91.0
2022-07-06 05:00:00,0.0,24.1,25.7,210.0,1016.8,5.0,0.293103,91.0
2022-07-06 06:00:00,0.0,23.6,25.2,240.0,1016.7,5.5,0.258621,91.0
2022-07-06 07:00:00,0.0,23.8,24.8,230.0,1016.4,7.4,0.241379,94.0
2022-07-06 08:00:00,0.0,23.9,24.4,0.0,1016.4,0.0,0.224138,97.0
2022-07-06 09:00:00,0.0,23.5,24.0,0.0,1015.9,0.0,0.206897,97.0
2022-07-06 10:00:00,0.0,24.1,24.1,301.0,1016.5,4.7,0.224138,100.0
2022-07-06 11:00:00,0.0,23.5,24.0,0.0,1017.2,0.0,0.258621,97.0
2022-07-06 12:00:00,0.0,24.4,25.8,270.0,1017.6,5.5,0.293103,92.0
2022-07-06 13:00:00,0.0,24.2,28.4,340.0,1018.0,7.4,0.293103,78.0
2022-07-06 14:00:00,0.0,23.4,29.7,280.0,1017.5,7.4,0.258621,69.0
2022-07-06 15:00:00,0.0,24.1,30.9,262.0,1017.2,5.0,0.189655,67.0
2022-07-06 16:00:00,0.0,21.0,31.1,220.0,1017.2,9.3,0.155172,55.0
2022-07-06 17:00:00,0.0,21.4,32.2,210.0,1017.0,7.4,0.086207,53.0
2022-07-06 18:00:00,0.0,21.5,33.3,170.0,1016.7,7.4,0.086207,50.0
2022-07-06 19:00:00,0.0,20.9,33.4,290.0,1015.7,9.3,0.068966,48.0
2022-07-06 20:00:00,0.0,23.0,34.6,218.0,1014.9,8.6,0.034483,51.0
2022-07-06 21:00:00,0.0,20.2,34.6,160.0,1014.3,5.5,0.086207,43.0
2022-07-06 22:00:00,0.0,20.1,34.1,240.0,1014.1,7.4,0.258621,44.0
2022-07-06 23:00:00,0.2,22.4,31.7,230.0,1014.4,13.0,0.241379,58.0
2022-07-07 00:00:00,0.0,23.4,30.2,228.0,1015.0,12.2,0.275862,67.0
2022-07-07 01:00:00,0.0,22.2,28.7,230.0,1015.6,7.4,0.37931,68.0
2022-07-07 02:00:00,0.0,22.6,27.7,220.0,1016.1,5.5,0.396552,74.0
2022-07-07 03:00:00,0.0,23.6,26.5,220.0,1016.4,5.5,0.37931,84.0
2022-07-07 04:00:00,0.0,23.7,27.2,241.0,1016.1,9.0,0.362069,81.0
2022-07-07 05:00:00,0.0,23.8,26.7,245.0,1016.1,8.3,0.327586,84.0
2022-07-07 06:00:00,0.0,23.8,25.4,0.0,1015.8,0.0,0.310345,91.0
2022-07-07 07:00:00,0.0,23.8,25.2,0.0,1015.5,0.0,0.275862,92.0
2022-07-07 08:00:00,0.0,23.9,24.8,0.0,1015.7,0.0,0.275862,95.0
2022-07-07 09:00:00,0.0,24.1,24.6,0.0,1015.9,0.0,0.258621,97.0
2022-07-07 10:00:00,0.0,23.7,24.4,268.0,1015.7,6.1,0.275862,96.0
2022-07-07 11:00:00,0.0,24.0,25.0,300.0,1016.2,5.5,0.310345,94.0
2022-07-07 12:00:00,0.0,24.0,27.1,300.0,1016.7,9.3,0.344828,83.0
2022-07-07 13:00:00,0.0,24.1,28.8,300.0,1017.3,9.3,0.362069,76.0
2022-07-07 14:00:00,0.0,24.1,29.7,283.0,1017.6,8.3,0.327586,72.0
2022-07-07 15:00:00,0.0,23.3,30.9,0.0,1017.1,0.0,0.258621,64.0
2022-07-07 16:00:00,0.0,22.3,31.3,280.0,1016.8,5.5,0.172414,59.0
2022-07-07 17:00:00,0.0,22.8,33.0,0.0,1016.5,0.0,0.137931,55.0
2022-07-07 18:00:00,0.0,22.8,34.4,265.0,1015.9,3.2,0.258621,51.0
2022-07-07 19:00:00,0.0,22.9,35.2,236.0,1015.2,4.7,0.155172,49.0
2022-07-07 20:00:00,0.0,21.8,34.4,280.0,1014.6,5.5,0.103448,48.0
2022-07-07 21:00:00,0.0,21.4,33.9,230.0,1014.1,9.3,0.344828,48.0
2022-07-07 22:00:00,0.3,22.7,32.9,196.0,1014.4,5.4,0.275862,55.0
2022-07-07 23:00:00,0.3,21.1,33.3,270.0,1014.7,5.5,0.258621,49.0
2022-07-08 00:00:00,0.0,23.4,30.5,229.0,1014.9,10.4,0.293103,66.0
2022-07-08 01:00:00,0.0,24.0,29.6,233.0,1015.6,8.6,0.362069,72.0
2022-07-08 02:00:00,0.0,22.9,29.2,240.0,1015.6,7.4,0.396552,69.0
2022-07-08 03:00:00,0.0,22.9,28.2,230.0,1016.4,5.5,0.413793,73.0
2022-07-08 04:00:00,0.0,23.8,27.4,100.0,1016.5,5.5,0.396552,81.0
2022-07-08 05:00:00,0.0,24.3,27.2,227.0,1016.5,8.6,0.362069,84.0
2022-07-08 06:00:00,0.0,24.2,26.3,0.0,1016.3,0.0,0.327586,88.0
2022-07-08 07:00:00,0.0,24.2,26.0,220.0,1016.1,5.5,0.310345,90.0
2022-07-08 08:00:00,0.0,24.0,25.6,230.0,1016.3,5.5,0.293103,91.0
2022-07-08 09:00:00,0.0,24.5,25.4,234.0,1016.5,6.8,0.275862,95.0
2022-07-08 10:00:00,0.0,24.3,25.3,0.0,1016.9,0.0,0.275862,94.0
2022-07-08 11:00:00,0.0,24.1,25.3,0.0,1017.4,0.0,0.293103,93.0
2022-07-08 12:00:00,0.0,24.2,27.8,280.0,1017.9,7.4,0.344828,81.0
2022-07-08 13:00:00,0.0,24.0,29.6,310.0,1018.3,9.3,0.344828,72.0
2022-07-08 14:00:00,0.0,24.3,30.4,258.0,1018.3,8.6,0.310345,70.0
2022-07-08 15:00:00,0.0,22.8,31.8,280.0,1018.2,9.3,0.224138,59.0
2022-07-08 16:00:00,0.0,22.3,32.5,210.0,1018.1,11.1,0.137931,55.0
2022-07-08 17:00:00,0.0,21.1,34.0,250.0,1017.5,11.1,0.12069,47.0
2022-07-08 18:00:00,0.0,21.1,34.0,240.0,1017.2,13.0,-0.017241,47.0
2022-07-08 19:00:00,0.0,22.2,35.6,226.0,1016.1,7.2,-0.017241,46.0
2022-07-08 20:00:00,0.2,20.7,35.2,270.0,1015.7,13.0,0.034483,43.0
2022-07-08 21:00:00,0.7,23.3,32.0,234.0,1016.3,12.6,0.051724,60.0
2022-07-08 22:00:00,0.3,22.6,30.2,240.0,1016.9,6.5,0.086207,64.0
2022-07-08 23:00:00,0.7,24.8,27.6,191.0,1016.5,3.6,0.155172,85.0
2022-07-09 00:00:00,0.2,24.8,27.4,154.0,1016.7,4.0,0.275862,86.0
2022-07-09 01:00:00,0.0,23.3,26.2,150.0,1016.9,13.0,0.310345,84.0
2022-07-09 02:00:00,0.0,24.8,26.6,154.0,1017.4,7.9,0.344828,90.0
2022-07-09 03:00:00,0.0,23.8,28.4,204.0,1017.7,10.1,0.327586,76.0
2022-07-09 04:00:00,0.0,23.8,27.8,216.0,1018.0,9.4,0.310345,79.0
2022-07-09 05:00:00,0.0,23.9,27.2,215.0,1018.3,9.4,0.293103,82.0
2022-07-09 06:00:00,0.0,24.0,26.9,214.0,1018.0,9.4,0.258621,84.0
2022-07-09 07:00:00,0.0,24.0,25.2,190.0,1017.6,7.4,0.258621,93.0
2022-07-09 08:00:00,0.0,24.2,25.1,0.0,1017.2,0.0,0.241379,95.0
2022-07-09 09:00:00,0.0,24.3,25.9,218.0,1017.1,9.0,0.241379,91.0
2022-07-09 10:00:00,0.0,24.4,24.9,0.0,1017.5,0.0,0.224138,97.0
2022-07-09 11:00:00,0.0,24.3,24.8,0.0,1017.7,0.0,0.224138,97.0
2022-07-09 12:00:00,0.0,24.7,27.6,290.0,1018.2,5.5,0.224138,84.0
2022-07-09 13:00:00,0.0,24.5,28.7,242.0,1018.3,8.6,0.206897,78.0
2022-07-09 14:00:00,0.0,24.5,30.3,245.0,1018.4,10.8,0.172414,71.0
2022-07-09 15:00:00,0.0,22.9,31.9,260.0,1018.3,14.8,0.068966,59.0
2022-07-09 16:00:00,0.0,22.0,32.8,240.0,1017.9,9.3,-0.017241,53.0
2022-07-09 17:00:00,0.0,22.1,30.5,230.0,1017.5,18.5,0.0,61.0
2022-07-09 18:00:00,0.0,22.3,32.5,0.0,1016.8,0.0,-0.086207,55.0
2022-07-09 19:00:00,1.0,22.5,31.2,350.0,1016.4,12.2,0.068966,60.0
2022-07-09 20:00:00,1.2,22.0,30.7,240.0,1016.6,16.7,0.034483,60.0
2022-07-09 21:00:00,0.9,23.6,30.4,280.0,1016.3,5.5,0.137931,67.0
2022-07-09 22:00:00,0.0,23.4,30.5,219.0,1015.7,13.3,0.189655,66.0
2022-07-09 23:00:00,0.0,24.3,30.1,217.0,1014.7,17.6,0.293103,71.0
2022-07-10 00:00:00,0.0,24.2,29.1,216.0,1014.9,16.2,0.241379,75.0
2022-07-10 01:00:00,0.0,23.9,25.9,180.0,1015.7,7.4,0.275862,89.0
2022-07-10 02:00:00,0.0,24.1,25.0,0.0,1016.2,0.0,0.293103,95.0
2022-07-10 03:00:00,0.0,24.2,25.6,240.0,1016.4,5.5,0.293103,92.0
2022-07-10 04:00:00,0.0,24.8,26.8,213.0,1015.7,11.2,0.275862,89.0
2022-07-10 05:00:00,0.0,23.0,25.1,240.0,1015.5,7.4,0.258621,88.0
2022-07-10 06:00:00,0.0,23.1,25.0,240.0,1015.3,7.4,0.241379,89.0
2022-07-10 07:00:00,0.0,23.4,24.6,0.0,1014.7,0.0,0.241379,93.0
2022-07-10 08:00:00,0.0,23.0,24.6,220.0,1014.6,13.0,0.224138,91.0
2022-07-10 09:00:00,0.0,24.8,25.1,232.0,1014.2,8.6,0.206897,98.0
2022-07-10 10:00:00,1.3,23.7,24.7,0.0,1014.0,0.0,0.206897,94.0
2022-07-10 11:00:00,0.0,23.9,24.8,0.0,1014.2,0.0,0.206897,95.0
2022-07-10 12:00:00,0.7,23.4,25.5,0.0,1014.8,0.0,0.206897,88.0
2022-07-10 13:00:00,0.0,23.8,27.1,10.0,1015.3,13.0,0.206897,82.0
2022-07-10 14:00:00,0.2,23.9,25.1,224.0,1014.7,7.6,0.12069,93.0
2022-07-10 15:00:00,0.0,23.1,28.2,350.0,1014.7,7.4,0.103448,74.0
2022-07-10 16:00:00,0.1,21.9,29.2,340.0,1014.7,5.5,0.017241,65.0
2022-07-10 17:00:00,0.0,19.8,30.8,0.0,1014.1,0.0,-0.086207,52.0
2022-07-10 18:00:00,0.0,24.2,30.3,213.0,1013.4,11.2,-0.068966,70.0
2022-07-10 19:00:00,0.0,20.8,32.2,0.0,1012.3,0.0,-0.103448,51.0
2022-07-10 20:00:00,0.0,19.8,31.5,0.0,1011.9,0.0,-0.034483,50.0
2022-07-10 21:00:00,7.5,24.1,27.7,222.0,1012.4,4.3,0.0,81.0
2022-07-10 22:00:00,0.8,20.4,32.1,260.0,1012.2,5.5,0.172414,50.0
2022-07-10 23:00:00,0.4,24.1,27.4,257.0,1011.4,9.7,0.086207,82.0
2022-07-11 00:00:00,0.2,22.2,31.2,0.0,1011.6,0.0,0.189655,59.0
2022-07-11 01:00:00,0.0,24.0,29.3,190.0,1011.8,11.1,0.293103,73.0
2022-07-11 02:00:00,0.0,25.3,27.1,230.0,1012.6,7.4,0.327586,90.0
2022-07-11 03:00:00,0.0,25.4,26.8,210.0,1012.7,7.4,0.327586,92.0
2022-07-11 04:00:00,1.1,23.2,23.9,358.0,1013.2,3.2,0.310345,96.0
2022-07-11 05:00:00,3.4,25.1,26.1,0.0,1012.7,0.0,0.293103,94.0
2022-07-11 06:00:00,0.1,25.2,25.7,200.0,1012.0,5.5,0.275862,97.0
2022-07-11 07:00:00,0.0,24.9,25.4,0.0,1011.5,0.0,0.241379,97.0
2022-07-11 08:00:00,0.0,24.5,25.0,0.0,1011.6,0.0,0.241379,97.0
2022-07-11 09:00:00,0.0,23.0,23.2,234.0,1011.6,4.3,0.224138,99.0
2022-07-11 10:00:00,0.0,24.3,25.0,0.0,1011.9,0.0,0.224138,96.0
2022-07-11 11:00:00,0.0,24.6,25.1,210.0,1012.2,7.4,0.258621,97.0
2022-07-11 12:00:00,0.0,24.7,26.1,230.0,1012.4,5.5,0.310345,92.0
2022-07-11 13:00:00,0.0,23.8,25.8,194.0,1012.8,4.7,0.293103,89.0
2022-07-11 14:00:00,0.0,24.3,28.1,150.0,1012.8,7.4,0.275862,80.0
2022-07-11 15:00:00,0.0,24.1,28.7,140.0,1012.8,5.5,0.206897,76.0
2022-07-11 16:00:00,0.0,24.4,30.2,180.0,1012.7,9.3,0.224138,71.0
2022-07-11 17:00:00,0.0,23.8,30.4,170.0,1012.5,14.8,0.224138,68.0
2022-07-11 18:00:00,0.0,23.7,30.8,122.0,1012.0,8.3,0.137931,66.0
2022-07-11 19:00:00,0.0,23.0,31.1,143.0,1011.3,7.9,0.189655,62.0
2022-07-11 20:00:00,1.2,21.8,23.5,330.0,1011.7,5.5,0.241379,90.0
2022-07-11 21:00:00,2.4,22.6,25.5,177.0,1011.5,6.8,0.37931,84.0
2022-07-11 22:00:00,3.1,22.7,24.4,150.0,1011.9,7.4,0.327586,90.0
2022-07-11 23:00:00,0.4,22.9,25.6,232.0,1012.3,9.7,0.241379,85.0
2022-07-12 00:00:00,0.0,22.8,25.5,263.0,1012.0,2.2,0.224138,85.0
2022-07-12 01:00:00,0.0,23.0,24.9,200.0,1012.3,0.7,0.241379,89.0
2022-07-12 02:00:00,0.0,23.1,24.9,140.0,1013.3,4.3,0.241379,90.0
2022-07-12 03:00:00,0.0,23.2,24.6,102.0,1013.7,2.2,0.241379,92.0
2022-07-12 04:00:00,0.0,23.2,24.2,66.0,1013.6,4.0,0.224138,94.0
2022-07-12 05:00:00,0.0,23.1,24.0,95.0,1013.6,5.4,0.206897,95.0
2022-07-12 06:00:00,0.0,22.2,22.7,0.0,1013.5,0.0,0.189655,97.0
2022-07-12 07:00:00,0.0,22.0,22.5,0.0,1013.2,0.0,0.172414,97.0
2022-07-12 08:00:00,0.0,23.3,23.5,133.0,1012.8,6.8,0.172414,99.0
2022-07-12 09:00:00,0.0,23.2,23.4,130.0,1012.4,5.0,0.155172,99.0
2022-07-12 10:00:00,0.0,22.3,23.0,0.0,1012.6,0.0,0.172414,96.0
2022-07-12 11:00:00,0.0,22.5,23.2,0.0,1013.1,0.0,0.206897,96.0
2022-07-12 12:00:00,0.4,23.1,23.8,155.0,1013.9,9.7,0.275862,96.0
2022-07-12 13:00:00,0.8,23.0,24.9,130.0,1014.6,9.3,0.275862,89.0
2022-07-12 14:00:00,1.6,22.8,23.5,189.0,1015.1,5.0,0.241379,96.0
2022-07-12 15:00:00,0.4,23.2,25.9,120.0,1014.9,7.4,0.241379,85.0
2022-07-12 16:00:00,0.2,23.7,27.2,140.0,1014.6,5.5,0.241379,81.0
2022-07-12 17:00:00,0.1,24.2,27.6,90.0,1014.6,5.5,0.189655,82.0
2022-07-12 18:00:00,3.0,23.2,26.1,169.0,1014.6,14.8,0.206897,84.0
2022-07-12 19:00:00,2.0,22.9,28.2,0.0,1014.2,0.0,0.241379,73.0
2022-07-12 20:00:00,0.2,23.7,25.8,120.0,1013.8,11.1,0.241379,88.0
2022-07-12 21:00:00,2.6,23.9,26.6,232.0,1013.8,11.5,0.362069,85.0
2022-07-12 22:00:00,4.1,23.2,25.7,187.0,1013.0,10.4,0.344828,86.0
2022-07-12 23:00:00,1.3,23.4,24.8,198.0,1012.9,7.2,0.206897,92.0
2022-07-13 00:00:00,0.4,23.6,24.6,161.0,1013.1,9.4,0.189655,94.0
2022-07-13 01:00:00,0.0,23.2,24.1,154.0,1013.7,7.6,0.224138,95.0
2022-07-13 02:00:00,0.0,23.4,24.1,153.0,1014.4,9.4,0.241379,96.0
2022-07-13 03:00:00,0.0,23.3,24.5,240.0,1015.7,5.5,0.241379,93.0
2022-07-13 04:00:00,0.0,23.2,23.7,168.0,1015.6,9.7,0.224138,97.0
2022-07-13 05:00:00,0.0,23.5,24.0,0.0,1015.5,0.0,0.206897,97.0
2022-07-13 06:00:00,0.0,23.1,23.6,0.0,1015.0,0.0,0.189655,97.0
2022-07-13 07:00:00,0.0,23.1,23.8,0.0,1014.7,0.0,0.172414,96.0
2022-07-13 08:00:00,0.0,23.3,23.8,0.0,1015.2,0.0,0.172414,97.0
2022-07-13 09:00:00,0.0,22.9,23.2,196.0,1015.2,6.5,0.172414,98.0
2022-07-13 10:00:00,0.0,22.8,23.5,0.0,1015.5,0.0,0.172414,96.0
2022-07-13 11:00:00,0.0,23.2,23.9,0.0,1016.2,0.0,0.224138,96.0
2022-07-13 12:00:00,0.0,23.2,23.9,221.0,1017.0,6.8,0.275862,96.0
2022-07-13 13:00:00,0.2,22.2,22.9,226.0,1017.9,9.7,0.275862,96.0
2022-07-13 14:00:00,0.9,24.4,27.1,230.0,1017.9,5.5,0.293103,85.0
2022-07-13 15:00:00,0.2,23.1,25.0,229.0,1018.1,11.2,0.206897,89.0
2022-07-13 16:00:00,0.2,23.4,27.4,310.0,1018.4,9.3,0.224138,79.0
2022-07-13 17:00:00,0.2,24.2,26.9,0.0,1018.3,0.0,0.034483,85.0
2022-07-13 18:00:00,0.1,24.0,28.0,231.0,1018.0,11.5,0.293103,79.0
2022-07-13 19:00:00,0.2,22.5,29.8,250.0,1017.3,13.0,0.258621,65.0
2022-07-13 20:00:00,1.3,22.3,29.8,280.0,1017.0,13.0,0.051724,64.0
2022-07-13 21:00:00,0.0,23.9,27.2,243.0,1016.4,8.3,0.103448,82.0
2022-07-13 22:00:00,0.0,23.9,28.3,229.0,1015.5,10.4,0.086207,77.0
2022-07-13 23:00:00,0.1,23.9,28.3,223.0,1015.4,11.2,0.103448,77.0
2022-07-14 00:00:00,0.0,23.0,28.3,231.0,1015.7,9.7,0.206897,73.0
2022-07-14 01:00:00,0.4,24.0,25.0,160.0,1016.7,7.4,0.258621,94.0
2022-07-14 02:00:00,0.2,23.9,24.6,0.0,1017.2,0.0,0.275862,96.0
2022-07-14 03:00:00,0.0,23.4,25.5,203.0,1018.1,7.6,0.275862,88.0
2022-07-14 04:00:00,0.0,23.5,24.0,0.0,1018.1,0.0,0.258621,97.0
2022-07-14 05:00:00,0.0,23.2,23.7,0.0,1018.3,0.0,0.224138,97.0
2022-07-14 06:00:00,0.0,23.3,23.8,0.0,1018.1,0.0,0.224138,97.0
2022-07-14 07:00:00,0.0,23.3,23.8,0.0,1017.9,0.0,0.206897,97.0
2022-07-14 08:00:00,0.0,22.7,23.5,240.0,1017.8,7.6,0.189655,95.0
2022-07-14 09:00:00,0.0,22.9,23.6,190.0,1017.9,7.4,0.172414,96.0
2022-07-14 10:00:00,0.0,22.9,23.4,0.0,1017.9,0.0,0.189655,97.0
2022-07-14 11:00:00,0.0,23.4,23.9,220.0,1018.5,5.5,0.224138,97.0
2022-07-14 12:00:00,0.0,23.7,26.2,280.0,1019.2,5.5,0.258621,86.0
2022-07-14 13:00:00,0.0,23.3,25.1,211.0,1019.6,10.1,0.293103,90.0
2022-07-14 14:00:00,0.1,23.5,27.7,320.0,1020.1,5.5,0.241379,78.0
2022-07-14 15:00:00,2.7,23.6,29.4,310.0,1020.2,13.0,0.155172,71.0
2022-07-14 16:00:00,0.1,23.3,29.6,240.0,1020.3,7.4,0.12069,69.0
2022-07-14 17:00:00,0.1,23.0,25.9,241.0,1019.9,9.0,0.086207,84.0
2022-07-14 18:00:00,0.1,23.0,25.3,260.0,1019.2,7.4,0.275862,87.0
2022-07-14 19:00:00,0.0,23.9,25.1,240.0,1018.3,7.4,0.293103,93.0
2022-07-14 20:00:00,0.0,24.3,26.1,220.0,1018.4,5.5,0.327586,90.0
2022-07-14 21:00:00,0.3,24.1,26.2,310.0,1017.9,7.4,0.293103,88.0
2022-07-14 22:00:00,0.0,23.5,26.8,259.0,1017.7,10.4,0.172414,82.0
2022-07-14 23:00:00,0.0,23.6,26.3,170.0,1017.8,9.3,0.137931,85.0
2022-07-15 00:00:00,0.0,23.7,25.5,0.0,1018.1,0.0,0.137931,90.0
2022-07-15 01:00:00,0.0,23.8,24.7,250.0,1018.4,5.5,0.224138,95.0
2022-07-15 02:00:00,0.0,24.1,24.8,0.0,1019.1,0.0,0.258621,96.0
2022-07-15 03:00:00,0.0,23.6,24.3,232.0,1019.7,5.4,0.241379,96.0
2022-07-15 04:00:00,0.0,23.8,24.3,0.0,1019.8,0.0,0.224138,97.0
2022-07-15 05:00:00,0.0,24.2,24.5,0.0,1019.5,0.0,0.206897,98.0
2022-07-15 06:00:00,0.0,23.9,24.4,0.0,1019.6,0.0,0.189655,97.0
2022-07-15 07:00:00,0.0,24.0,24.5,0.0,1019.6,0.0,0.189655,97.0
2022-07-15 08:00:00,0.0,22.0,22.5,310.0,1019.1,3.2,0.189655,97.0
2022-07-15 09:00:00,0.0,23.1,23.8,170.0,1018.8,7.4,0.172414,96.0
2022-07-15 10:00:00,0.0,22.2,23.2,220.0,1018.9,7.4,0.189655,94.0
2022-07-15 11:00:00,0.0,21.8,23.0,260.0,1019.3,9.3,0.224138,93.0
2022-07-15 12:00:00,0.0,21.7,22.5,303.0,1019.4,5.8,0.258621,95.0
2022-07-15 13:00:00,0.0,21.5,23.2,0.0,1019.7,0.0,0.275862,90.0
2022-07-15 14:00:00,0.0,21.2,24.3,0.0,1020.0,0.0,0.258621,83.0
2022-07-15 15:00:00,0.0,20.9,25.4,80.0,1020.2,7.4,0.224138,76.0
2022-07-15 16:00:00,0.1,21.7,26.7,170.0,1020.3,7.4,0.189655,74.0
2022-07-15 17:00:00,0.3,23.3,27.7,102.0,1020.1,6.8,0.103448,77.0
2022-07-15 18:00:00,4.2,21.8,27.5,0.0,1019.9,0.0,0.034483,71.0
2022-07-15 19:00:00,6.5,21.3,28.5,120.0,1019.9,7.4,0.0,65.0
2022-07-15 20:00:00,0.9,21.5,29.6,150.0,1019.2,9.3,-0.051724,62.0
2022-07-15 21:00:00,0.5,21.2,30.1,170.0,1019.1,7.4,-0.086207,59.0
2022-07-15 22:00:00,0.0,22.8,25.3,167.0,1018.6,4.7,0.017241,86.0
2022-07-15 23:00:00,0.0,20.0,25.2,170.0,1018.5,18.5,0.155172,73.0
2022-07-16 00:00:00,0.0,21.8,24.1,260.0,1018.5,7.4,0.172414,87.0
2022-07-16 01:00:00,0.0,22.1,23.1,0.0,1018.7,0.0,0.224138,94.0
2022-07-16 02:00:00,0.0,21.9,22.9,0.0,1018.9,0.0,0.258621,94.0
2022-07-16 03:00:00,0.0,22.4,22.9,104.0,1019.2,5.8,0.241379,97.0
2022-07-16 04:00:00,0.0,21.8,23.2,0.0,1019.0,0.0,0.258621,92.0
2022-07-16 05:00:00,0.0,22.0,22.3,0.0,1018.9,0.0,0.241379,98.0
2022-07-16 06:00:00,0.0,22.0,22.5,160.0,1018.5,5.5,0.206897,97.0
2022-07-16 07:00:00,0.0,21.6,21.9,154.0,1018.6,6.1,0.189655,98.0
2022-07-16 08:00:00,0.0,22.0,22.3,0.0,1018.2,0.0,0.172414,98.0
2022-07-16 09:00:00,0.0,21.5,22.0,0.0,1017.9,0.0,0.172414,97.0
2022-07-16 10:00:00,0.0,21.3,21.6,0.0,1017.8,0.0,0.155172,98.0
2022-07-16 11:00:00,0.0,21.4,21.9,0.0,1018.2,0.0,0.172414,97.0
2022-07-16 12:00:00,0.0,22.1,22.6,44.0,1018.5,1.8,0.172414,97.0
2022-07-16 13:00:00,0.0,21.6,23.7,100.0,1019.2,5.5,0.172414,88.0
2022-07-16 14:00:00,0.0,21.4,26.0,100.0,1019.1,5.5,0.137931,76.0
2022-07-16 15:00:00,0.0,21.5,27.7,0.0,1018.7,0.0,0.017241,69.0
2022-07-16 16:00:00,0.0,21.3,29.1,70.0,1018.3,5.5,-0.051724,63.0
2022-07-16 17:00:00,0.0,23.3,28.9,131.0,1018.2,7.6,-0.103448,72.0
2022-07-16 18:00:00,0.2,20.6,30.7,140.0,1017.8,5.5,-0.137931,55.0
2022-07-16 19:00:00,0.2,19.9,31.2,190.0,1017.0,7.4,-0.12069,51.0
2022-07-16 20:00:00,0.0,20.5,30.2,210.0,1016.2,14.8,-0.086207,56.0
2022-07-16 21:00:00,0.7,20.8,27.2,188.0,1015.8,7.9,-0.051724,68.0
2022-07-16 22:00:00,2.3,23.4,25.7,250.0,1015.8,11.9,-0.017241,87.0
2022-07-16 23:00:00,0.0,17.6,26.8,210.0,1015.9,9.3,0.051724,57.0
2022-07-17 00:00:00,0.0,20.2,26.1,140.0,1015.9,11.1,0.137931,70.0
2022-07-17 01:00:00,0.0,22.0,23.9,0.0,1016.0,0.0,0.224138,89.0
2022-07-17 02:00:00,0.0,23.1,24.3,131.0,1016.6,6.1,0.275862,93.0
2022-07-17 03:00:00,0.0,22.0,23.2,0.0,1017.2,0.0,0.275862,93.0
2022-07-17 04:00:00,0.0,22.4,22.9,0.0,1017.5,0.0,0.241379,97.0
2022-07-17 05:00:00,0.0,21.6,22.3,0.0,1017.6,0.0,0.224138,96.0
2022-07-17 06:00:00,0.0,21.2,22.0,0.0,1017.4,0.0,0.206897,95.0
2022-07-17 07:00:00,0.0,21.1,22.1,119.0,1016.7,5.8,0.189655,94.0
2022-07-17 08:00:00,0.0,21.0,21.5,0.0,1016.6,0.0,0.189655,97.0
2022-07-17 09:00:00,0.0,20.7,21.4,0.0,1016.3,0.0,0.172414,96.0
2022-07-17 10:00:00,0.0,20.4,21.1,0.0,1016.0,0.0,0.155172,96.0
2022-07-17 11:00:00,0.0,20.9,22.1,40.0,1016.4,5.5,0.155172,93.0
2022-07-17 12:00:00,0.0,22.1,22.6,75.0,1016.9,6.1,0.155172,97.0
2022-07-17 13:00:00,0.0,21.7,25.0,80.0,1017.3,5.5,0.155172,82.0
2022-07-17 14:00:00,0.0,20.8,27.5,140.0,1017.6,11.1,0.103448,67.0
2022-07-17 15:00:00,0.0,19.3,29.0,110.0,1017.8,7.4,0.0,56.0
2022-07-17 16:00:00,0.0,22.0,28.7,99.0,1017.6,8.3,-0.068966,67.0
2022-07-17 17:00:00,0.0,19.1,30.0,150.0,1017.3,11.1,-0.051724,52.0
2022-07-17 18:00:00,0.0,19.8,31.1,160.0,1016.8,7.4,-0.12069,51.0
2022-07-17 19:00:00,0.0,20.1,30.8,160.0,1016.1,9.3,-0.155172,53.0
2022-07-17 20:00:00,0.0,20.5,31.2,160.0,1015.6,11.1,-0.103448,53.0
2022-07-17 21:00:00,0.0,22.6,30.7,171.0,1015.2,7.9,-0.017241,62.0
2022-07-17 22:00:00,0.3,20.2,31.6,180.0,1015.1,9.3,0.12069,51.0
2022-07-17 23:00:00,0.0,19.6,30.9,190.0,1014.9,11.1,0.086207,51.0
2022-07-18 00:00:00,0.0,21.6,28.1,190.0,1014.8,5.5,0.155172,68.0
2022-07-18 01:00:00,0.0,21.1,25.9,0.0,1015.3,0.0,0.275862,75.0
2022-07-18 02:00:00,0.0,23.6,25.5,180.0,1015.8,4.7,0.310345,89.0
2022-07-18 03:00:00,0.0,22.1,24.4,190.0,1016.5,7.4,0.293103,87.0
2022-07-18 04:00:00,0.0,22.1,24.6,0.0,1016.5,0.0,0.275862,86.0
2022-07-18 05:00:00,0.0,22.5,24.1,250.0,1016.6,5.5,0.258621,91.0
2022-07-18 06:00:00,0.0,22.6,24.0,0.0,1016.5,0.0,0.224138,92.0
2022-07-18 07:00:00,0.0,22.6,23.3,196.0,1016.2,5.4,0.206897,96.0
2022-07-18 08:00:00,0.0,22.7,23.2,0.0,1016.1,0.0,0.189655,97.0
2022-07-18 09:00:00,0.0,22.5,23.0,0.0,1016.1,0.0,0.189655,97.0
2022-07-18 10:00:00,0.0,22.2,22.7,0.0,1016.4,0.0,0.189655,97.0
2022-07-18 11:00:00,0.0,22.7,22.7,100.0,1016.9,2.9,0.241379,100.0
2022-07-18 12:00:00,0.0,22.9,24.7,100.0,1017.3,5.5,0.275862,90.0
2022-07-18 13:00:00,0.0,23.0,26.1,0.0,1017.8,0.0,0.293103,83.0
2022-07-18 14:00:00,0.0,22.8,28.1,330.0,1018.0,9.3,0.258621,73.0
2022-07-18 15:00:00,0.0,23.2,27.6,250.0,1017.9,7.4,0.155172,77.0
2022-07-18 16:00:00,0.0,21.3,30.5,0.0,1017.8,0.0,0.12069,58.0
2022-07-18 17:00:00,0.0,23.0,29.8,209.0,1017.4,10.4,0.086207,67.0
2022-07-18 18:00:00,0.0,24.0,26.5,220.0,1016.8,9.3,0.103448,86.0
2022-07-18 19:00:00,0.3,23.0,28.8,230.0,1016.2,16.7,0.275862,71.0
2022-07-18 20:00:00,0.3,23.5,31.1,215.0,1015.3,12.2,0.189655,64.0
2022-07-18 21:00:00,0.0,22.9,30.5,208.0,1014.8,20.5,0.137931,64.0
2022-07-18 22:00:00,0.0,22.9,30.5,210.0,1014.9,16.7,0.086207,64.0
2022-07-18 23:00:00,0.0,22.4,30.0,230.0,1014.6,11.1,0.068966,64.0
2022-07-19 00:00:00,0.0,22.4,28.4,230.0,1014.9,7.4,0.172414,70.0
2022-07-19 01:00:00,0.0,23.9,26.0,220.0,1015.3,7.4,0.293103,88.0
2022-07-19 02:00:00,0.0,23.3,26.6,215.0,1016.0,12.2,0.310345,82.0
2022-07-19 03:00:00,0.0,23.1,26.0,230.0,1016.4,9.3,0.310345,84.0
2022-07-19 04:00:00,0.0,22.9,25.6,270.0,1016.4,5.5,0.275862,85.0
2022-07-19 05:00:00,0.0,23.1,24.7,210.0,1016.5,11.1,0.241379,91.0
2022-07-19 06:00:00,0.0,23.2,24.8,0.0,1016.7,0.0,0.224138,91.0
2022-07-19 07:00:00,0.0,23.6,24.3,221.0,1016.5,9.0,0.206897,96.0
2022-07-19 08:00:00,0.0,23.3,24.0,0.0,1016.5,0.0,0.206897,96.0
2022-07-19 09:00:00,0.0,23.6,23.9,0.0,1016.7,0.0,0.189655,98.0
2022-07-19 10:00:00,0.0,23.5,24.0,223.0,1016.8,8.3,0.189655,97.0
2022-07-19 11:00:00,0.0,22.8,24.0,247.0,1017.3,7.2,0.241379,93.0
2022-07-19 12:00:00,0.0,24.1,25.7,230.0,1017.5,9.3,0.275862,91.0
2022-07-19 13:00:00,0.0,24.3,27.9,250.0,1017.7,9.3,0.293103,81.0
2022-07-19 14:00:00,0.0,24.5,29.9,270.0,1017.8,11.1,0.258621,73.0
2022-07-19 15:00:00,0.1,24.3,29.7,240.0,1018.0,13.0,0.172414,73.0
2022-07-19 16:00:00,0.3,23.1,26.0,226.0,1018.9,13.0,0.086207,84.0
2022-07-19 17:00:00,0.0,24.4,30.2,240.0,1018.8,16.7,0.137931,71.0
2022-07-19 18:00:00,0.0,23.1,29.9,280.0,1017.9,11.1,0.086207,67.0
2022-07-19 19:00:00,0.0,21.6,25.9,0.0,1016.8,0.0,0.137931,77.0
2022-07-19 20:00:00,0.0,24.1,29.7,230.0,1016.1,12.2,0.362069,72.0
2022-07-19 21:00:00,0.0,23.3,28.1,236.0,1016.4,17.6,0.241379,75.0
2022-07-19 22:00:00,0.0,22.9,29.7,270.0,1016.0,7.4,0.137931,67.0
2022-07-19 23:00:00,0.0,21.0,26.9,200.0,1015.6,9.3,0.086207,70.0
2022-07-20 00:00:00,0.0,22.3,26.4,180.0,1015.9,7.4,0.155172,78.0
2022-07-20 01:00:00,0.0,23.6,25.9,194.0,1016.1,10.1,0.241379,87.0
2022-07-20 02:00:00,0.0,23.4,25.2,220.0,1016.3,9.3,0.275862,90.0
2022-07-20 03:00:00,0.0,23.3,25.2,220.0,1016.5,9.3,0.275862,89.0
2022-07-20 04:00:00,0.0,23.7,24.7,210.0,1016.3,7.4,0.258621,94.0
2022-07-20 05:00:00,0.0,23.8,24.3,0.0,1016.5,0.0,0.241379,97.0
2022-07-20 06:00:00,0.0,23.4,24.6,229.0,1016.4,10.4,0.224138,93.0
2022-07-20 07:00:00,0.0,23.3,23.8,0.0,1016.1,0.0,0.206897,97.0
2022-07-20 08:00:00,0.0,23.3,24.0,220.0,1016.0,5.5,0.189655,96.0
2022-07-20 09:00:00,0.0,23.6,23.9,0.0,1015.5,0.0,0.189655,98.0
2022-07-20 10:00:00,0.0,22.9,23.4,0.0,1015.7,0.0,0.189655,97.0
2022-07-20 11:00:00,0.0,23.3,24.0,231.0,1016.0,10.1,0.224138,96.0
2022-07-20 12:00:00,0.0,24.4,25.6,230.0,1016.7,7.4,0.275862,93.0
2022-07-20 13:00:00,0.0,24.3,27.9,250.0,1017.0,5.5,0.293103,81.0
2022-07-20 14:00:00,0.0,24.5,29.9,300.0,1017.3,9.3,0.258621,73.0
2022-07-20 15:00:00,0.0,23.4,30.0,300.0,1017.2,7.4,0.172414,68.0
2022-07-20 16:00:00,0.1,24.4,29.1,239.0,1017.2,13.7,0.12069,76.0
2022-07-20 17:00:00,0.2,21.7,27.2,160.0,1016.8,5.5,0.068966,72.0
2022-07-20 18:00:00,0.0,21.9,24.6,210.0,1016.7,22.2,0.103448,85.0
2022-07-20 19:00:00,0.0,21.8,24.7,210.0,1015.8,18.5,0.206897,84.0
2022-07-20 20:00:00,0.0,21.8,25.3,220.0,1015.3,24.1,0.310345,81.0
2022-07-20 21:00:00,0.7,23.5,28.1,227.0,1014.8,13.7,0.241379,76.0
2022-07-20 22:00:00,0.0,23.8,28.4,224.0,1014.1,15.1,0.137931,76.0
2022-07-20 23:00:00,0.0,23.2,28.8,218.0,1013.7,15.8,0.051724,72.0
2022-07-21 00:00:00,0.0,23.1,25.4,180.0,1013.6,7.4,0.172414,87.0
2022-07-21 01:00:00,0.0,22.9,24.1,190.0,1014.1,14.8,0.241379,93.0
2022-07-21 02:00:00,0.0,22.7,24.4,220.0,1014.9,13.0,0.241379,90.0
2022-07-21 03:00:00,0.0,23.2,23.7,210.0,1015.5,5.5,0.241379,97.0
2022-07-21 04:00:00,0.0,23.8,25.4,211.0,1014.6,16.2,0.224138,91.0
2022-07-21 05:00:00,0.0,23.0,23.5,220.0,1014.8,9.3,0.206897,97.0
2022-07-21 06:00:00,0.0,23.4,23.7,220.0,1014.7,9.3,0.189655,98.0
2022-07-21 07:00:00,0.0,23.4,23.9,220.0,1014.4,9.3,0.189655,97.0
2022-07-21 08:00:00,0.0,23.5,23.8,0.0,1014.6,0.0,0.172414,98.0
2022-07-21 09:00:00,0.0,23.4,23.7,220.0,1014.6,5.5,0.172414,98.0
2022-07-21 10:00:00,0.0,23.5,24.4,225.0,1015.1,8.6,0.189655,95.0
2022-07-21 11:00:00,0.0,23.4,23.9,0.0,1015.4,0.0,0.224138,97.0
2022-07-21 12:00:00,0.0,25.1,27.1,240.0,1015.8,9.3,0.258621,89.0
2022-07-21 13:00:00,0.0,24.3,27.0,211.0,1016.1,10.4,0.293103,85.0
2022-07-21 14:00:00,0.0,24.9,29.4,230.0,1016.0,11.1,0.241379,77.0
2022-07-21 15:00:00,0.0,24.5,30.3,220.0,1016.6,16.7,0.172414,71.0
2022-07-21 16:00:00,0.0,23.3,31.5,240.0,1016.9,20.4,0.086207,62.0
2022-07-21 17:00:00,0.0,23.3,30.4,250.0,1015.9,16.7,0.034483,66.0
2022-07-21 18:00:00,0.0,24.4,31.5,215.0,1015.2,19.1,0.051724,66.0
2022-07-21 19:00:00,0.7,23.4,31.6,240.0,1017.0,18.5,-0.051724,62.0
2022-07-21 20:00:00,0.3,22.8,31.8,250.0,1016.3,14.8,0.0,59.0
2022-07-21 21:00:00,0.1,22.7,32.3,230.0,1014.8,20.4,0.034483,57.0
2022-07-21 22:00:00,0.0,24.1,29.2,229.0,1014.4,17.6,0.068966,74.0
2022-07-21 23:00:00,0.0,23.9,28.8,222.0,1014.1,14.0,0.155172,75.0
2022-07-22 00:00:00,0.0,22.5,28.8,230.0,1014.1,9.3,0.258621,69.0
2022-07-22 01:00:00,0.0,23.0,27.6,230.0,1015.0,11.1,0.293103,76.0
2022-07-22 02:00:00,0.0,23.2,26.5,220.0,1016.1,5.5,0.293103,82.0
2022-07-22 03:00:00,0.0,23.7,25.8,220.0,1016.6,7.4,0.293103,88.0
2022-07-22 04:00:00,0.0,24.0,25.2,214.0,1016.7,9.0,0.275862,93.0
2022-07-22 05:00:00,0.0,24.0,25.6,220.0,1016.8,7.4,0.258621,91.0
2022-07-22 06:00:00,0.0,24.3,25.5,240.0,1016.6,7.4,0.224138,93.0
2022-07-22 07:00:00,0.0,24.6,25.1,240.0,1016.5,7.4,0.224138,97.0
2022-07-22 08:00:00,0.0,23.7,24.2,225.0,1016.4,7.9,0.206897,97.0
2022-07-22 09:00:00,0.0,24.4,24.9,0.0,1016.8,0.0,0.206897,97.0
2022-07-22 10:00:00,0.0,24.1,24.4,180.0,1017.2,7.4,0.206897,98.0
2022-07-22 11:00:00,0.0,24.5,25.0,0.0,1016.5,0.0,0.258621,97.0
2022-07-22 12:00:00,0.0,24.8,25.8,160.0,1017.5,7.4,0.293103,94.0
2022-07-22 13:00:00,0.0,24.4,27.1,219.0,1017.9,9.0,0.293103,85.0
2022-07-22 14:00:00,0.2,24.6,28.8,220.0,1018.2,13.0,0.275862,78.0
2022-07-22 15:00:00,0.5,24.9,29.6,218.0,1018.3,11.5,0.206897,76.0
2022-07-22 16:00:00,6.4,23.0,31.7,200.0,1018.9,16.7,0.103448,60.0
2022-07-22 17:00:00,0.0,22.1,31.0,228.0,1018.5,10.8,0.086207,59.0
2022-07-22 18:00:00,0.3,22.2,30.9,206.0,1018.3,9.4,0.12069,60.0
2022-07-22 19:00:00,0.4,22.4,26.5,300.0,1017.7,11.1,0.189655,78.0
2022-07-22 20:00:00,0.0,24.1,31.5,179.0,1017.3,9.0,0.12069,65.0
2022-07-22 21:00:00,1.9,24.1,28.5,235.0,1017.9,9.4,-0.051724,77.0
2022-07-22 22:00:00,0.0,21.6,29.1,280.0,1017.2,9.3,0.017241,64.0
2022-07-22 23:00:00,0.0,23.6,28.5,244.0,1017.1,8.3,0.103448,75.0
2022-07-23 00:00:00,0.0,24.1,27.9,237.0,1017.6,4.0,0.172414,80.0
2022-07-23 01:00:00,0.0,24.2,26.2,201.0,1018.0,5.8,0.241379,89.0
2022-07-23 02:00:00,0.0,24.4,24.9,0.0,1018.7,0.0,0.258621,97.0
2022-07-23 03:00:00,0.0,24.1,25.0,173.0,1019.3,5.8,0.275862,95.0
2022-07-23 04:00:00,0.0,23.6,23.9,0.0,1019.4,0.0,0.241379,98.0
2022-07-23 05:00:00,0.0,23.5,23.8,0.0,1019.3,0.0,0.224138,98.0
2022-07-23 06:00:00,0.0,22.2,22.7,200.0,1019.0,5.5,0.206897,97.0
2022-07-23 07:00:00,0.0,22.8,23.5,0.0,1018.6,0.0,0.189655,96.0
2022-07-23 08:00:00,0.0,23.2,23.2,182.0,1018.7,5.8,0.189655,100.0
2022-07-23 09:00:00,0.0,22.3,23.0,0.0,1018.8,0.0,0.172414,96.0
2022-07-23 10:00:00,0.0,22.4,23.1,20.0,1019.4,5.5,0.172414,96.0
2022-07-23 11:00:00,0.0,22.4,23.1,40.0,1020.0,5.5,0.189655,96.0
2022-07-23 12:00:00,0.0,23.6,25.5,0.0,1019.9,0.0,0.206897,89.0
2022-07-23 13:00:00,0.0,23.5,26.2,0.0,1020.2,0.0,0.206897,85.0
2022-07-23 14:00:00,0.0,24.2,27.8,229.0,1020.7,2.5,0.137931,81.0
2022-07-23 15:00:00,0.0,23.3,28.9,150.0,1020.6,7.4,0.051724,72.0
2022-07-23 16:00:00,0.0,22.0,30.6,120.0,1020.9,5.5,0.0,60.0
2022-07-23 17:00:00,0.0,21.9,31.4,180.0,1020.6,5.5,-0.017241,57.0
2022-07-23 18:00:00,0.0,22.6,31.9,195.0,1020.1,4.3,-0.137931,58.0
2022-07-23 19:00:00,0.0,21.8,33.0,10.0,1019.5,9.3,-0.12069,52.0
2022-07-23 20:00:00,0.0,22.6,32.5,210.0,1018.9,6.8,0.0,56.0
2022-07-23 21:00:00,0.0,22.2,32.4,228.0,1018.1,5.4,-0.017241,55.0
2022-07-23 22:00:00,0.0,22.8,25.7,229.0,1018.5,10.8,0.068966,84.0
2022-07-23 23:00:00,0.0,24.1,29.4,220.0,1018.9,10.4,0.051724,73.0
2022-07-24 00:00:00,0.0,24.1,28.5,210.0,1019.0,9.4,0.172414,77.0
2022-07-24 01:00:00,0.5,23.9,27.2,183.0,1019.6,6.8,0.224138,82.0
2022-07-24 02:00:00,0.0,23.1,24.3,0.0,1019.8,0.0,0.275862,93.0
2022-07-24 03:00:00,0.0,24.2,26.2,197.0,1020.3,7.2,0.275862,89.0
2022-07-24 04:00:00,0.0,23.1,24.1,0.0,1020.2,0.0,0.275862,94.0
2022-07-24 05:00:00,0.0,22.9,23.6,0.0,1020.0,0.0,0.241379,96.0
2022-07-24 06:00:00,0.0,22.8,23.3,0.0,1019.4,0.0,0.224138,97.0
2022-07-24 07:00:00,0.0,22.5,22.8,0.0,1019.0,0.0,0.206897,98.0
2022-07-24 08:00:00,0.0,23.4,23.7,191.0,1019.1,5.0,0.189655,98.0
2022-07-24 09:00:00,0.0,21.8,22.1,190.0,1019.4,5.5,0.172414,98.0
2022-07-24 10:00:00,0.0,21.7,22.2,0.0,1019.5,0.0,0.172414,97.0
2022-07-24 11:00:00,0.0,22.7,23.5,20.0,1019.6,5.5,0.172414,95.0
2022-07-24 12:00:00,0.0,23.3,25.8,60.0,1020.1,5.5,0.172414,86.0
2022-07-24 13:00:00,0.0,24.1,25.9,113.0,1020.7,2.9,0.172414,90.0
2022-07-24 14:00:00,0.0,22.1,28.6,30.0,1020.9,9.3,0.103448,68.0
2022-07-24 15:00:00,0.0,21.8,29.9,60.0,1020.8,7.4,0.017241,62.0
2022-07-24 16:00:00,0.0,22.0,31.5,100.0,1020.5,7.4,-0.086207,57.0
2022-07-24 17:00:00,0.0,24.1,31.2,148.0,1020.4,5.4,-0.137931,66.0
2022-07-24 18:00:00,0.0,21.7,32.5,0.0,1019.8,0.0,-0.155172,53.0
2022-07-24 19:00:00,0.0,20.8,31.9,150.0,1019.0,11.1,-0.12069,52.0
2022-07-24 20:00:00,0.4,21.3,33.1,180.0,1018.8,13.0,-0.103448,50.0
2022-07-24 21:00:00,0.0,23.8,29.1,188.0,1018.6,11.5,-0.068966,73.0
2022-07-24 22:00:00,0.0,23.7,29.3,205.0,1018.5,6.8,-0.034483,72.0
2022-07-24 23:00:00,0.8,23.5,28.1,178.0,1018.6,6.1,0.224138,76.0
2022-07-25 00:00:00,0.0,21.6,26.2,0.0,1018.6,0.0,0.293103,76.0
2022-07-25 01:00:00,0.0,23.2,25.1,0.0,1018.7,0.0,0.275862,89.0
2022-07-25 02:00:00,0.0,23.6,24.6,100.0,1019.3,9.3,0.275862,94.0
2022-07-25 03:00:00,0.0,24.0,25.0,146.0,1019.4,5.4,0.275862,94.0
2022-07-25 04:00:00,0.0,23.7,24.7,0.0,1019.3,0.0,0.258621,94.0
2022-07-25 05:00:00,0.0,23.6,24.6,50.0,1019.5,11.1,0.241379,94.0
2022-07-25 06:00:00,0.0,23.6,24.1,0.0,1019.2,0.0,0.224138,97.0
2022-07-25 07:00:00,0.0,23.3,23.6,0.0,1018.7,0.0,0.206897,98.0
2022-07-25 08:00:00,0.0,23.1,23.4,203.0,1018.6,5.8,0.206897,98.0
2022-07-25 09:00:00,0.0,22.5,23.0,180.0,1018.8,5.5,0.189655,97.0
2022-07-25 10:00:00,0.0,22.2,22.9,90.0,1019.0,5.5,0.189655,96.0
2022-07-25 11:00:00,0.0,22.3,23.0,0.0,1019.7,0.0,0.241379,96.0
2022-07-25 12:00:00,0.0,22.5,25.2,160.0,1020.1,7.4,0.275862,85.0
2022-07-25 13:00:00,0.0,24.3,25.7,162.0,1020.7,6.5,0.293103,92.0
2022-07-25 14:00:00,0.0,22.8,27.9,0.0,1020.8,0.0,0.241379,74.0
2022-07-25 15:00:00,0.0,21.9,30.0,150.0,1020.3,5.5,0.137931,62.0
2022-07-25 16:00:00,0.0,24.5,29.6,182.0,1020.4,4.7,0.068966,74.0
2022-07-25 17:00:00,0.0,24.0,30.6,171.0,1020.0,5.4,0.051724,68.0
2022-07-25 18:00:00,0.0,20.5,31.9,0.0,1019.5,0.0,0.017241,51.0
2022-07-25 19:00:00,0.0,20.6,32.7,0.0,1018.7,0.0,0.034483,49.0
2022-07-25 20:00:00,0.0,19.7,32.5,0.0,1018.0,0.0,0.051724,47.0
2022-07-25 21:00:00,0.0,23.0,31.7,211.0,1017.6,10.4,0.051724,60.0
2022-07-25 22:00:00,0.2,22.2,30.0,188.0,1017.9,15.5,0.051724,63.0
2022-07-25 23:00:00,0.0,22.7,28.0,195.0,1017.9,12.2,0.258621,73.0
2022-07-26 00:00:00,0.0,22.0,25.9,0.0,1017.7,0.0,0.224138,79.0
2022-07-26 01:00:00,0.0,23.2,26.3,188.0,1018.0,6.8,0.258621,83.0
2022-07-26 02:00:00,0.0,23.5,25.8,197.0,1019.0,6.1,0.293103,87.0
2022-07-26 03:00:00,0.0,23.4,23.9,0.0,1019.6,0.0,0.293103,97.0
2022-07-26 04:00:00,0.0,22.9,23.6,140.0,1019.3,7.4,0.258621,96.0
2022-07-26 05:00:00,0.0,22.5,23.0,180.0,1018.7,5.5,0.241379,97.0
2022-07-26 06:00:00,0.0,22.2,22.7,0.0,1019.2,0.0,0.224138,97.0
2022-07-26 07:00:00,0.0,22.6,23.1,135.0,1018.9,6.1,0.206897,97.0
2022-07-26 08:00:00,0.0,22.2,22.7,0.0,1018.8,0.0,0.189655,97.0
2022-07-26 09:00:00,0.0,21.9,22.4,0.0,1018.8,0.0,0.172414,97.0
2022-07-26 10:00:00,0.0,21.6,22.3,0.0,1019.0,0.0,0.172414,96.0
2022-07-26 11:00:00,0.0,22.7,23.4,0.0,1019.6,0.0,0.224138,96.0
2022-07-26 12:00:00,0.0,23.5,24.2,129.0,1020.4,4.0,0.258621,96.0
2022-07-26 13:00:00,0.0,23.3,26.2,180.0,1020.8,7.4,0.275862,84.0
2022-07-26 14:00:00,0.0,21.2,29.0,160.0,1021.1,9.3,0.224138,63.0
2022-07-26 15:00:00,0.0,21.0,30.5,90.0,1020.9,5.5,0.155172,57.0
2022-07-26 16:00:00,0.0,22.9,30.2,166.0,1020.5,5.8,0.086207,65.0
2022-07-26 17:00:00,0.0,21.0,31.8,60.0,1020.2,7.4,0.034483,53.0
2022-07-26 18:00:00,0.0,21.0,32.1,170.0,1019.8,7.6,0.0,52.0
2022-07-26 19:00:00,0.0,20.4,32.9,0.0,1019.1,0.0,0.051724,48.0
2022-07-26 20:00:00,0.0,21.2,32.6,170.0,1018.4,8.3,0.034483,51.0
2022-07-26 21:00:00,0.0,22.3,31.3,196.0,1018.1,14.0,0.189655,59.0
2022-07-26 22:00:00,0.0,23.2,30.3,217.0,1017.3,10.1,0.155172,66.0
2022-07-26 23:00:00,0.0,21.7,31.2,0.0,1017.0,0.0,0.224138,57.0
2022-07-27 00:00:00,0.0,23.4,29.2,243.0,1017.4,5.8,0.275862,71.0
2022-07-27 01:00:00,0.0,23.3,27.5,251.0,1018.1,5.0,0.37931,78.0
2022-07-27 02:00:00,0.0,22.8,27.6,202.0,1019.2,3.6,0.413793,75.0
2022-07-27 03:00:00,0.0,23.1,26.6,224.0,1019.5,4.7,0.413793,81.0
2022-07-27 04:00:00,0.0,23.3,24.9,0.0,1019.3,0.0,0.37931,91.0
2022-07-27 05:00:00,0.0,22.6,23.6,210.0,1019.1,7.4,0.344828,94.0
2022-07-27 06:00:00,0.0,22.2,22.9,180.0,1018.8,7.4,0.310345,96.0
2022-07-27 07:00:00,0.0,23.7,24.6,194.0,1018.2,6.1,0.293103,95.0
2022-07-27 08:00:00,0.0,22.9,23.6,0.0,1018.4,0.0,0.275862,96.0
2022-07-27 09:00:00,0.0,22.7,23.2,0.0,1018.7,0.0,0.275862,97.0
2022-07-27 10:00:00,0.0,22.8,23.5,0.0,1019.1,0.0,0.275862,96.0
2022-07-27 11:00:00,0.0,23.0,23.9,173.0,1019.5,1.4,0.310345,95.0
2022-07-27 12:00:00,0.0,23.0,24.8,0.0,1019.9,0.0,0.362069,90.0
2022-07-27 13:00:00,0.0,23.5,26.6,100.0,1020.4,5.5,0.396552,83.0
2022-07-27 14:00:00,0.0,23.4,28.3,180.0,1020.5,7.4,0.344828,75.0
2022-07-27 15:00:00,0.0,23.1,29.6,182.0,1020.4,2.2,0.241379,68.0
2022-07-27 16:00:00,0.0,22.4,30.8,152.0,1020.2,3.6,0.137931,61.0
2022-07-27 17:00:00,0.0,21.4,30.3,280.0,1019.7,16.7,0.224138,59.0
2022-07-27 18:00:00,0.0,20.9,30.7,300.0,1019.1,5.5,0.137931,56.0
2022-07-27 19:00:00,0.0,21.7,26.9,185.0,1018.5,7.9,0.155172,73.0
2022-07-27 20:00:00,0.0,23.2,25.7,170.0,1017.9,7.4,0.086207,86.0
2022-07-27 21:00:00,0.5,23.5,29.5,178.0,1017.8,16.6,0.258621,70.0
2022-07-27 22:00:00,0.0,23.8,28.9,220.0,1017.5,13.0,0.327586,74.0
2022-07-27 23:00:00,0.0,22.8,28.8,193.0,1017.3,11.2,0.155172,70.0
2022-07-28 00:00:00,0.0,23.0,26.7,0.0,1017.3,0.0,0.172414,80.0
2022-07-28 01:00:00,0.0,23.4,25.7,280.0,1017.7,7.4,0.310345,87.0
2022-07-28 02:00:00,0.0,23.7,26.2,204.0,1018.3,8.3,0.344828,86.0
2022-07-28 03:00:00,0.0,24.0,25.6,200.0,1018.8,5.8,0.344828,91.0
2022-07-28 04:00:00,0.0,23.5,24.5,0.0,1019.0,0.0,0.310345,94.0
2022-07-28 05:00:00,0.0,23.5,23.8,0.0,1019.2,0.0,0.293103,98.0
2022-07-28 06:00:00,0.0,23.2,23.7,0.0,1018.7,0.0,0.275862,97.0
2022-07-28 07:00:00,0.0,23.5,23.8,216.0,1018.4,5.8,0.258621,98.0
2022-07-28 08:00:00,0.0,23.0,23.5,0.0,1018.1,0.0,0.241379,97.0
2022-07-28 09:00:00,0.0,22.4,22.9,0.0,1017.9,0.0,0.241379,97.0
2022-07-28 10:00:00,0.0,21.9,22.4,0.0,1018.1,0.0,0.241379,97.0
2022-07-28 11:00:00,0.0,23.8,23.8,252.0,1018.7,1.4,0.275862,100.0
2022-07-28 12:00:00,0.0,23.1,24.0,0.0,1018.9,0.0,0.310345,95.0
2022-07-28 13:00:00,0.0,23.7,27.2,170.0,1019.0,5.5,0.327586,81.0
2022-07-28 14:00:00,0.0,23.4,28.7,210.0,1019.2,9.3,0.275862,73.0
2022-07-28 15:00:00,0.2,21.4,30.6,270.0,1019.2,7.4,0.224138,58.0
2022-07-28 16:00:00,0.0,24.2,30.3,220.0,1019.3,9.4,0.086207,70.0
2022-07-28 17:00:00,0.0,21.2,31.6,180.0,1019.1,5.5,0.103448,54.0
2022-07-28 18:00:00,0.0,21.0,31.1,190.0,1018.5,5.5,0.12069,55.0
2022-07-28 19:00:00,0.0,21.2,32.0,90.0,1017.7,5.5,0.051724,53.0
2022-07-28 20:00:00,0.3,22.8,32.4,210.0,1017.1,11.5,0.068966,57.0
2022-07-28 21:00:00,0.9,24.0,28.6,216.0,1017.6,15.5,0.275862,76.0
2022-07-28 22:00:00,0.3,22.9,23.7,280.0,1017.6,11.1,0.396552,95.0
2022-07-28 23:00:00,0.0,23.3,24.7,250.0,1017.0,7.4,0.293103,92.0
2022-07-29 00:00:00,0.0,23.8,24.7,0.0,1017.0,0.0,0.293103,95.0
2022-07-29 01:00:00,0.0,23.3,27.7,219.0,1017.4,10.8,0.275862,77.0
2022-07-29 02:00:00,0.0,23.5,23.8,0.0,1018.3,0.0,0.293103,98.0
2022-07-29 03:00:00,0.0,23.1,23.6,0.0,1018.9,0.0,0.293103,97.0
2022-07-29 04:00:00,0.0,22.8,23.3,0.0,1018.7,0.0,0.275862,97.0
2022-07-29 05:00:00,0.0,22.9,23.4,180.0,1018.5,5.5,0.258621,97.0
2022-07-29 06:00:00,0.0,24.0,24.5,206.0,1018.2,8.3,0.241379,97.0
2022-07-29 07:00:00,0.0,23.1,23.4,0.0,1018.1,0.0,0.224138,98.0
2022-07-29 08:00:00,0.0,22.6,23.3,0.0,1018.0,0.0,0.224138,96.0
2022-07-29 09:00:00,0.0,22.6,23.1,0.0,1018.2,0.0,0.206897,97.0
2022-07-29 10:00:00,0.0,22.6,22.9,0.0,1018.2,0.0,0.224138,98.0
2022-07-29 11:00:00,0.0,23.5,24.0,208.0,1018.8,6.1,0.258621,97.0
2022-07-29 12:00:00,0.0,24.1,25.1,230.0,1019.3,5.5,0.275862,94.0
2022-07-29 13:00:00,0.0,24.4,27.3,230.0,1019.7,11.1,0.293103,84.0
2022-07-29 14:00:00,0.0,24.2,29.3,280.0,1020.0,7.4,0.258621,74.0
2022-07-29 15:00:00,0.0,24.1,28.7,0.0,1019.6,0.0,0.172414,76.0
2022-07-29 16:00:00,0.7,22.7,29.7,244.0,1020.1,14.4,0.068966,66.0
2022-07-29 17:00:00,0.2,22.3,31.3,0.0,1019.8,0.0,0.103448,59.0
2022-07-29 18:00:00,0.0,23.9,31.5,233.0,1019.4,11.5,-0.051724,64.0
2022-07-29 19:00:00,0.0,23.9,28.8,240.0,1018.7,14.8,-0.017241,75.0
2022-07-29 20:00:00,0.0,23.2,30.3,260.0,1018.3,14.8,0.103448,66.0
2022-07-29 21:00:00,0.3,23.9,29.7,199.0,1018.0,16.6,0.068966,71.0
2022-07-29 22:00:00,0.0,20.9,29.2,240.0,1017.4,9.3,0.068966,61.0
2022-07-29 23:00:00,0.0,22.6,27.9,250.0,1017.3,7.4,0.12069,73.0
2022-07-30 00:00:00,0.0,23.9,26.2,200.0,1017.6,7.4,0.293103,87.0
2022-07-30 01:00:00,0.0,23.0,27.6,226.0,1018.4,8.3,0.327586,76.0
2022-07-30 02:00:00,0.0,24.2,25.4,200.0,1018.9,7.4,0.344828,93.0
2022-07-30 03:00:00,0.0,24.2,25.2,220.0,1019.8,5.5,0.327586,94.0
2022-07-30 04:00:00,0.0,24.1,24.6,0.0,1020.0,0.0,0.310345,97.0
2022-07-30 05:00:00,0.0,23.6,23.9,0.0,1020.2,0.0,0.275862,98.0
2022-07-30 06:00:00,0.0,23.4,24.8,231.0,1020.0,7.6,0.258621,92.0
2022-07-30 07:00:00,0.0,23.3,23.8,0.0,1019.7,0.0,0.258621,97.0
2022-07-30 08:00:00,0.0,22.8,23.1,0.0,1019.6,0.0,0.224138,98.0
2022-07-30 09:00:00,0.0,22.5,23.2,0.0,1019.7,0.0,0.224138,96.0
2022-07-30 10:00:00,0.0,22.4,23.1,0.0,1020.0,0.0,0.224138,96.0
2022-07-30 11:00:00,0.0,23.4,23.6,228.0,1020.2,5.4,0.241379,99.0
2022-07-30 12:00:00,0.0,24.2,24.7,0.0,1021.1,0.0,0.258621,97.0
2022-07-30 13:00:00,0.0,24.4,28.0,290.0,1021.5,9.3,0.258621,81.0
2022-07-30 14:00:00,0.0,23.4,29.9,250.0,1021.9,7.4,0.206897,68.0
2022-07-30 15:00:00,0.0,22.0,30.7,300.0,1021.7,11.1,0.12069,60.0
2022-07-30 16:00:00,0.0,22.0,31.9,250.0,1021.4,8.3,0.051724,56.0
2022-07-30 17:00:00,0.0,22.7,32.0,230.0,1021.2,13.0,-0.017241,58.0
2022-07-30 18:00:00,0.0,20.6,32.7,270.0,1020.9,9.3,-0.034483,49.0
2022-07-30 19:00:00,0.0,20.9,33.4,210.0,1020.0,14.8,-0.051724,48.0
2022-07-30 20:00:00,0.0,22.5,33.7,219.0,1019.2,11.2,-0.034483,52.0
2022-07-30 21:00:00,0.0,21.1,33.6,220.0,1018.8,13.0,-0.017241,48.0
2022-07-30 22:00:00,0.0,20.1,33.7,230.0,1018.4,9.3,0.12069,45.0
2022-07-30 23:00:00,0.0,22.0,31.2,230.0,1018.6,5.5,0.155172,58.0
2022-07-31 00:00:00,0.0,20.4,28.9,270.0,1019.3,5.5,0.293103,60.0
2022-07-31 01:00:00,0.0,18.8,28.7,221.0,1020.0,12.6,0.362069,55.0
2022-07-31 02:00:00,0.0,20.5,25.9,0.0,1020.9,0.0,0.37931,72.0
2022-07-31 03:00:00,0.0,20.7,25.7,0.0,1021.7,0.0,0.362069,74.0
2022-07-31 04:00:00,0.0,21.0,24.5,0.0,1022.0,0.0,0.327586,81.0
2022-07-31 05:00:00,0.0,20.9,24.4,0.0,1022.0,0.0,0.293103,81.0
2022-07-31 06:00:00,0.0,22.3,24.2,203.0,1021.7,8.3,0.275862,89.0
2022-07-31 07:00:00,0.0,21.4,22.4,0.0,1021.5,0.0,0.258621,94.0
2022-07-31 08:00:00,0.0,21.4,22.1,0.0,1020.9,0.0,0.241379,96.0
2022-07-31 09:00:00,0.0,21.8,22.3,0.0,1020.8,0.0,0.224138,97.0
2022-07-31 10:00:00,0.0,21.6,22.3,0.0,1020.9,0.0,0.206897,96.0
2022-07-31 11:00:00,0.0,21.1,21.9,235.0,1021.4,5.0,0.206897,95.0
2022-07-31 12:00:00,0.0,22.2,23.0,0.0,1022.0,0.0,0.206897,95.0
2022-07-31 13:00:00,0.0,23.3,27.0,0.0,1022.7,0.0,0.172414,80.0
2022-07-31 14:00:00,0.0,22.3,30.4,190.0,1023.3,9.3,0.137931,62.0
2022-07-31 15:00:00,0.0,20.6,30.7,229.0,1023.4,7.2,0.034483,55.0
2022-07-31 16:00:00,0.1,20.4,31.4,220.0,1023.5,11.1,-0.034483,52.0
2022-07-31 17:00:00,0.0,21.6,32.1,260.0,1023.1,5.5,-0.086207,54.0
2022-07-31 18:00:00,0.0,21.1,33.2,130.0,1022.5,9.3,-0.12069,49.0
2022-07-31 19:00:00,0.0,19.9,33.4,100.0,1021.7,7.4,-0.12069,45.0
2022-07-31 20:00:00,0.0,21.4,33.2,222.0,1021.2,9.0,-0.068966,50.0
2022-07-31 21:00:00,0.0,21.5,33.0,250.0,1020.5,16.7,-0.034483,51.0
2022-07-31 22:00:00,0.2,21.3,30.5,240.0,1020.6,9.3,0.137931,58.0
2022-07-31 23:00:00,0.0,21.9,28.9,280.0,1020.1,7.4,0.310345,66.0
2022-08-01 00:00:00,0.0,22.1,27.8,0.0,1020.3,0.0,0.275862,71.0
2022-08-01 01:00:00,0.0,22.5,28.3,252.0,1020.8,8.3,0.310345,71.0
2022-08-01 02:00:00,0.0,23.6,25.9,0.0,1021.4,0.0,0.344828,87.0
2022-08-01 03:00:00,0.0,23.2,25.0,0.0,1021.8,0.0,0.344828,90.0
2022-08-01 04:00:00,0.0,23.1,24.5,0.0,1021.4,0.0,0.293103,92.0
2022-08-01 05:00:00,0.0,23.2,24.4,0.0,1021.1,0.0,0.275862,93.0
2022-08-01 06:00:00,0.0,22.6,25.1,229.0,1020.9,6.5,0.258621,86.0
2022-08-01 07:00:00,0.0,22.9,23.4,0.0,1020.8,0.0,0.241379,97.0
2022-08-01 08:00:00,0.0,22.0,22.5,0.0,1020.7,0.0,0.224138,97.0
2022-08-01 09:00:00,0.0,21.7,22.4,0.0,1020.1,0.0,0.206897,96.0
2022-08-01 10:00:00,0.0,23.0,23.8,220.0,1020.5,5.4,0.224138,95.0
2022-08-01 11:00:00,0.0,21.6,22.1,0.0,1021.0,0.0,0.258621,97.0
2022-08-01 12:00:00,0.0,23.2,23.9,0.0,1021.4,0.0,0.293103,96.0
2022-08-01 13:00:00,0.0,23.3,27.7,260.0,1021.7,5.5,0.310345,77.0
2022-08-01 14:00:00,0.0,22.7,29.5,300.0,1021.9,9.3,0.275862,67.0
2022-08-01 15:00:00,0.0,22.2,30.6,214.0,1021.7,6.8,0.189655,61.0
2022-08-01 16:00:00,0.0,20.6,31.7,207.0,1021.6,8.6,0.137931,52.0
2022-08-01 17:00:00,0.0,21.9,32.1,250.0,1021.1,9.3,0.017241,55.0
2022-08-01 18:00:00,0.0,21.0,32.1,240.0,1020.6,9.3,0.068966,52.0
2022-08-01 19:00:00,0.0,19.9,33.9,219.0,1020.1,11.5,0.068966,44.0
2022-08-01 20:00:00,0.0,19.9,34.3,224.0,1019.4,14.8,0.172414,43.0
2022-08-01 21:00:00,0.0,21.1,33.3,260.0,1018.7,14.8,0.137931,49.0
2022-08-01 22:00:00,0.0,20.9,31.6,261.0,1018.5,13.7,0.155172,53.0
2022-08-01 23:00:00,0.0,22.6,27.7,320.0,1018.5,5.5,0.224138,74.0
2022-08-02 00:00:00,0.0,23.3,28.2,292.0,1019.4,10.1,0.293103,75.0
2022-08-02 01:00:00,0.0,21.5,27.0,350.0,1018.8,7.4,0.344828,72.0
2022-08-02 02:00:00,0.0,20.7,25.7,280.0,1019.0,5.5,0.344828,74.0
2022-08-02 03:00:00,0.0,21.8,24.1,0.0,1019.3,0.0,0.344828,87.0
2022-08-02 04:00:00,0.0,22.0,23.7,0.0,1019.3,0.0,0.310345,90.0
2022-08-02 05:00:00,0.0,22.6,24.7,246.0,1019.2,5.0,0.275862,88.0
2022-08-02 06:00:00,0.0,22.1,22.9,0.0,1019.0,0.0,0.258621,95.0
2022-08-02 07:00:00,0.0,22.1,22.6,0.0,1018.7,0.0,0.241379,97.0
2022-08-02 08:00:00,0.0,21.8,22.5,0.0,1018.8,0.0,0.241379,96.0
2022-08-02 09:00:00,0.0,22.9,23.7,276.0,1019.2,5.4,0.224138,95.0
2022-08-02 10:00:00,0.0,23.1,23.3,276.0,1019.0,6.8,0.224138,99.0
2022-08-02 11:00:00,0.0,21.5,22.2,300.0,1019.4,5.5,0.275862,96.0
2022-08-02 12:00:00,0.0,21.8,24.9,0.0,1019.6,0.0,0.310345,83.0
2022-08-02 13:00:00,0.0,21.7,27.2,360.0,1020.2,5.5,0.327586,72.0
2022-08-02 14:00:00,0.0,23.6,28.2,283.0,1020.4,6.8,0.293103,76.0
2022-08-02 15:00:00,0.2,22.1,29.6,303.0,1020.3,7.6,0.189655,64.0
2022-08-02 16:00:00,0.0,21.1,30.3,0.0,1019.6,0.0,0.103448,58.0
2022-08-02 17:00:00,0.0,21.7,31.5,100.0,1019.1,5.5,0.155172,56.0
2022-08-02 18:00:00,0.0,21.7,32.8,242.0,1018.4,8.6,0.12069,52.0
2022-08-02 19:00:00,0.8,20.8,31.5,0.0,1018.3,0.0,0.172414,53.0
2022-08-02 20:00:00,0.0,23.5,31.4,213.0,1017.0,7.2,0.362069,63.0
2022-08-02 21:00:00,0.0,23.1,31.2,200.0,1016.2,16.7,0.327586,62.0
2022-08-02 22:00:00,0.3,23.8,26.1,280.0,1016.2,9.3,0.310345,87.0
2022-08-02 23:00:00,0.9,22.7,27.3,269.0,1016.0,9.7,0.137931,76.0
2022-08-03 00:00:00,0.0,22.6,25.5,253.0,1016.6,9.7,0.189655,84.0
2022-08-03 01:00:00,0.0,22.2,25.5,360.0,1017.6,9.3,0.258621,82.0
2022-08-03 02:00:00,0.0,22.2,24.7,50.0,1017.5,5.5,0.293103,86.0
2022-08-03 03:00:00,0.0,23.0,23.8,0.0,1017.3,0.0,0.275862,95.0
2022-08-03 04:00:00,0.0,23.1,23.6,251.0,1016.9,4.3,0.258621,97.0
2022-08-03 05:00:00,0.0,23.0,23.3,218.0,1017.1,4.3,0.241379,98.0
2022-08-03 06:00:00,0.0,21.8,22.3,250.0,1016.5,5.5,0.224138,97.0
2022-08-03 07:00:00,0.0,22.1,22.6,180.0,1016.2,5.5,0.206897,97.0
2022-08-03 08:00:00,0.0,22.4,22.7,0.0,1016.3,0.0,0.189655,98.0
2022-08-03 09:00:00,0.0,21.9,22.4,310.0,1016.4,5.5,0.189655,97.0
2022-08-03 10:00:00,0.0,22.7,22.9,244.0,1016.7,7.9,0.206897,99.0
2022-08-03 11:00:00,0.0,21.5,22.2,320.0,1016.9,7.4,0.241379,96.0
2022-08-03 12:00:00,0.0,22.4,22.9,0.0,1017.6,0.0,0.275862,97.0
2022-08-03 13:00:00,0.0,22.5,25.2,0.0,1017.9,0.0,0.293103,85.0
2022-08-03 14:00:00,0.0,22.7,26.0,292.0,1018.1,3.2,1.0,82.0
2022-08-03 15:00:00,0.0,22.3,27.6,300.0,1018.1,1.4,0.965517,73.0
2022-08-03 16:00:00,0.0,20.4,28.4,90.0,1017.8,5.5,0.017241,62.0
2022-08-03 17:00:00,0.0,20.8,29.4,0.0,1017.4,0.0,0.034483,60.0
2022-08-03 18:00:00,0.0,19.8,30.5,160.0,1016.7,7.4,0.0,53.0
2022-08-03 19:00:00,0.0,21.6,32.1,201.0,1016.2,8.3,0.0,54.0
2022-08-03 20:00:00,0.0,20.6,31.3,170.0,1015.3,9.3,0.189655,53.0
2022-08-03 21:00:00,0.0,20.3,32.0,220.0,1014.9,13.0,0.034483,50.0
2022-08-03 22:00:00,0.0,19.4,31.8,220.0,1014.7,11.1,0.12069,48.0
2022-08-03 23:00:00,0.0,20.7,29.9,170.0,1015.0,14.8,0.137931,58.0
2022-08-04 00:00:00,0.0,21.5,29.0,216.0,1015.6,11.5,0.241379,64.0
2022-08-04 01:00:00,0.0,21.5,26.7,0.0,1016.6,0.0,0.344828,73.0
2022-08-04 02:00:00,0.0,22.8,25.3,0.0,1017.2,0.0,0.362069,86.0
2022-08-04 03:00:00,0.0,23.2,24.4,0.0,1017.6,0.0,0.344828,93.0
2022-08-04 04:00:00,0.0,23.1,23.8,230.0,1017.9,5.5,0.310345,96.0
2022-08-04 05:00:00,0.0,22.6,24.5,250.0,1017.9,5.0,0.293103,89.0
2022-08-04 06:00:00,0.0,22.6,23.6,100.0,1017.3,5.5,0.258621,94.0
2022-08-04 07:00:00,0.0,22.8,23.1,0.0,1017.0,0.0,0.241379,98.0
2022-08-04 08:00:00,0.0,22.0,22.5,0.0,1016.7,0.0,0.241379,97.0
2022-08-04 09:00:00,0.0,21.9,22.2,0.0,1016.6,0.0,0.224138,98.0
2022-08-04 10:00:00,0.0,22.4,22.9,170.0,1016.9,6.8,0.241379,97.0
2022-08-04 11:00:00,0.0,21.6,22.1,0.0,1017.2,0.0,0.275862,97.0
2022-08-04 12:00:00,0.0,23.7,24.4,0.0,1017.8,0.0,0.327586,96.0
2022-08-04 13:00:00,0.0,23.2,26.3,120.0,1018.3,3.2,0.344828,83.0
2022-08-04 14:00:00,0.0,22.8,28.1,149.0,1018.6,4.7,0.293103,73.0
2022-08-04 15:00:00,0.0,22.2,29.5,171.0,1018.8,6.8,0.206897,65.0
2022-08-04 16:00:00,0.0,21.2,31.0,270.0,1019.2,9.3,0.12069,56.0
2022-08-04 17:00:00,0.0,21.3,31.4,230.0,1018.5,5.5,0.068966,55.0
2022-08-04 18:00:00,0.0,20.6,32.3,0.0,1018.0,0.0,0.155172,50.0
2022-08-04 19:00:00,0.0,21.4,33.2,171.0,1017.3,6.5,0.137931,50.0
2022-08-04 20:00:00,0.0,20.7,33.2,164.0,1016.9,10.4,0.206897,48.0
2022-08-04 21:00:00,0.2,20.3,26.2,240.0,1017.1,5.5,0.051724,70.0
2022-08-04 22:00:00,0.0,21.0,29.6,170.0,1017.0,7.4,0.103448,60.0
2022-08-04 23:00:00,0.0,22.7,30.0,194.0,1016.8,9.0,0.224138,65.0
2022-08-05 00:00:00,0.0,22.8,29.1,185.0,1016.9,8.3,0.155172,69.0
2022-08-05 01:00:00,0.0,22.9,27.7,173.0,1017.9,6.1,0.293103,75.0
2022-08-05 02:00:00,0.0,23.0,24.8,0.0,1018.8,0.0,0.310345,90.0
2022-08-05 03:00:00,0.0,23.0,24.0,150.0,1019.4,5.5,0.327586,94.0
2022-08-05 04:00:00,0.0,22.9,24.5,0.0,1019.1,0.0,0.293103,91.0
2022-08-05 05:00:00,0.0,23.2,25.3,190.0,1018.9,5.4,0.258621,88.0
2022-08-05 06:00:00,0.0,23.3,23.6,0.0,1018.8,0.0,0.241379,98.0
2022-08-05 07:00:00,0.0,22.4,23.1,0.0,1018.5,0.0,0.224138,96.0
2022-08-05 08:00:00,0.0,21.9,22.6,200.0,1018.5,5.5,0.206897,96.0
2022-08-05 09:00:00,0.0,23.5,24.0,123.0,1018.4,5.4,0.206897,97.0
2022-08-05 10:00:00,0.0,22.0,22.7,0.0,1018.5,0.0,0.224138,96.0
2022-08-05 11:00:00,0.0,21.6,22.3,0.0,1018.8,0.0,0.258621,96.0
2022-08-05 12:00:00,0.0,21.9,24.4,100.0,1019.4,5.5,0.275862,86.0
2022-08-05 13:00:00,0.0,22.9,27.3,0.0,1019.8,0.0,0.310345,77.0
2022-08-05 14:00:00,0.0,23.2,29.2,0.0,1019.9,0.0,0.258621,70.0
2022-08-05 15:00:00,0.0,22.6,30.4,127.0,1020.2,6.1,0.172414,63.0
2022-08-05 16:00:00,0.0,20.7,31.8,110.0,1020.2,7.4,0.103448,52.0
2022-08-05 17:00:00,0.0,20.8,32.9,120.0,1019.9,13.0,0.068966,49.0
2022-08-05 18:00:00,0.0,20.3,33.9,100.0,1019.4,11.1,-0.017241,45.0
2022-08-05 19:00:00,0.0,20.6,34.6,142.0,1018.8,6.1,0.017241,44.0
2022-08-05 20:00:00,0.0,19.2,34.3,150.0,1017.9,5.5,0.086207,41.0
2022-08-05 21:00:00,0.0,20.7,34.3,130.0,1017.2,9.3,0.103448,45.0
2022-08-05 22:00:00,0.1,22.7,32.3,190.0,1017.3,9.3,0.137931,57.0
2022-08-05 23:00:00,0.0,20.6,31.7,196.0,1017.4,2.2,0.241379,52.0
2022-08-06 00:00:00,0.0,22.1,29.4,230.0,1018.5,7.4,0.258621,65.0
2022-08-06 01:00:00,0.0,22.7,28.0,0.0,1018.8,0.0,0.362069,73.0
2022-08-06 02:00:00,0.0,22.2,27.0,0.0,1019.6,0.0,0.396552,75.0
2022-08-06 03:00:00,0.0,23.0,25.3,0.0,1020.3,0.0,0.396552,87.0
2022-08-06 04:00:00,0.0,23.5,25.4,124.0,1020.3,3.6,0.362069,89.0
2022-08-06 05:00:00,0.0,23.3,24.9,0.0,1020.0,0.0,0.344828,91.0
2022-08-06 06:00:00,0.0,22.8,24.4,80.0,1020.0,5.5,0.327586,91.0
2022-08-06 07:00:00,0.0,22.6,24.3,0.0,1019.9,0.0,0.310345,90.0
2022-08-06 08:00:00,0.0,22.7,23.5,10.0,1019.9,5.5,0.293103,95.0
2022-08-06 09:00:00,0.0,22.3,23.5,53.0,1020.2,4.3,0.275862,93.0
2022-08-06 10:00:00,0.0,22.2,22.7,0.0,1020.3,0.0,0.293103,97.0
2022-08-06 11:00:00,0.0,22.8,23.5,40.0,1020.8,5.5,0.275862,96.0
2022-08-06 12:00:00,0.0,23.4,25.7,100.0,1021.3,7.4,0.275862,87.0
2022-08-06 13:00:00,0.0,23.1,28.4,90.0,1021.5,7.4,0.258621,73.0
2022-08-06 14:00:00,0.0,23.7,28.3,91.0,1021.9,5.0,0.224138,76.0
2022-08-06 15:00:00,0.0,23.3,30.1,120.0,1021.3,11.1,0.137931,67.0
2022-08-06 16:00:00,0.0,23.4,32.1,130.0,1021.5,9.3,0.051724,60.0
2022-08-06 17:00:00,0.0,23.5,32.3,170.0,1021.2,11.1,0.017241,60.0
2022-08-06 18:00:00,0.0,22.6,33.2,95.0,1020.5,9.4,0.017241,54.0
2022-08-06 19:00:00,0.0,22.1,28.1,160.0,1020.0,11.1,0.051724,70.0
2022-08-06 20:00:00,6.5,21.6,24.9,200.0,1020.3,13.0,0.172414,82.0
2022-08-06 21:00:00,0.1,22.3,24.0,340.0,1020.8,7.4,0.258621,90.0
2022-08-06 22:00:00,0.0,23.0,23.8,250.0,1021.1,7.4,0.258621,95.0
2022-08-06 23:00:00,0.0,23.2,24.1,90.0,1020.2,14.8,0.275862,95.0
2022-08-07 00:00:00,0.0,23.0,25.9,276.0,1020.7,6.5,0.258621,84.0
2022-08-07 01:00:00,0.0,22.2,23.6,0.0,1021.1,0.0,0.241379,92.0
2022-08-07 02:00:00,0.0,22.1,23.1,0.0,1021.6,0.0,0.241379,94.0
2022-08-07 03:00:00,0.0,21.9,23.3,0.0,1021.8,0.0,0.258621,92.0
2022-08-07 04:00:00,0.0,23.5,24.7,45.0,1021.3,5.8,0.241379,93.0
2022-08-07 05:00:00,0.0,21.6,23.0,0.0,1021.5,0.0,0.241379,92.0
2022-08-07 06:00:00,0.0,21.9,22.2,0.0,1020.8,0.0,0.224138,98.0
2022-08-07 07:00:00,0.0,21.7,22.0,0.0,1020.6,0.0,0.206897,98.0
2022-08-07 08:00:00,0.0,21.7,22.0,0.0,1020.8,0.0,0.206897,98.0
2022-08-07 09:00:00,0.0,23.2,23.7,63.0,1020.8,3.6,0.189655,97.0
2022-08-07 10:00:00,0.0,21.4,21.9,0.0,1021.1,0.0,0.189655,97.0
2022-08-07 11:00:00,0.0,21.5,22.5,50.0,1021.7,7.4,0.189655,94.0
2022-08-07 12:00:00,0.0,22.5,25.2,110.0,1022.3,7.4,0.189655,85.0
2022-08-07 13:00:00,0.0,22.9,26.8,100.0,1022.4,7.4,0.189655,79.0
2022-08-07 14:00:00,0.0,23.3,26.8,67.0,1022.3,2.5,0.137931,81.0
2022-08-07 15:00:00,0.0,23.4,29.0,110.0,1022.1,5.5,0.034483,72.0
2022-08-07 16:00:00,0.0,22.6,29.9,0.0,1022.0,0.0,-0.034483,65.0
2022-08-07 17:00:00,0.0,22.5,31.8,140.0,1021.7,5.5,-0.068966,58.0
2022-08-07 18:00:00,0.0,22.9,32.2,86.0,1020.7,4.3,0.034483,58.0
2022-08-07 19:00:00,0.0,22.1,32.6,170.0,1019.8,14.8,-0.103448,54.0
2022-08-07 20:00:00,1.6,21.0,28.5,105.0,1020.4,13.3,-0.103448,64.0
2022-08-07 21:00:00,0.8,22.9,23.4,260.0,1019.8,9.3,0.051724,97.0
2022-08-07 22:00:00,0.0,23.0,23.9,20.0,1019.4,5.5,0.344828,95.0
2022-08-07 23:00:00,0.0,23.8,27.3,288.0,1019.8,2.9,0.293103,81.0
2022-08-08 00:00:00,0.0,23.0,23.7,0.0,1019.9,0.0,0.258621,96.0
2022-08-08 01:00:00,0.0,23.0,23.3,0.0,1020.1,0.0,0.258621,98.0
2022-08-08 02:00:00,0.0,22.9,23.2,0.0,1020.7,0.0,0.275862,98.0
2022-08-08 03:00:00,0.0,22.9,23.4,160.0,1021.1,7.4,0.275862,97.0
2022-08-08 04:00:00,0.0,22.5,24.6,124.0,1021.0,7.2,0.241379,88.0
2022-08-08 05:00:00,0.0,23.3,23.6,0.0,1020.9,0.0,0.224138,98.0
2022-08-08 06:00:00,0.0,22.9,23.2,30.0,1020.2,7.4,0.224138,98.0
2022-08-08 07:00:00,0.0,21.9,22.6,0.0,1019.9,0.0,0.206897,96.0
2022-08-08 08:00:00,0.0,21.8,22.5,0.0,1019.1,0.0,0.189655,96.0
2022-08-08 09:00:00,0.0,22.2,22.5,112.0,1018.9,4.7,0.189655,98.0
2022-08-08 10:00:00,0.0,21.7,22.4,40.0,1018.9,5.5,0.189655,96.0
2022-08-08 11:00:00,0.0,21.4,22.1,0.0,1019.6,0.0,0.241379,96.0
2022-08-08 12:00:00,0.0,22.9,23.6,100.0,1020.5,5.5,0.275862,96.0
2022-08-08 13:00:00,0.0,22.9,24.7,56.0,1020.9,5.4,0.293103,90.0
2022-08-08 14:00:00,0.0,22.7,25.4,100.0,1021.3,9.3,0.258621,85.0
2022-08-08 15:00:00,0.0,22.9,27.3,0.0,1021.0,0.0,0.206897,77.0
2022-08-08 16:00:00,0.0,21.9,29.2,110.0,1020.7,5.5,0.137931,65.0
2022-08-08 17:00:00,0.0,21.7,30.3,0.0,1020.0,0.0,0.034483,60.0
2022-08-08 18:00:00,0.0,20.5,31.5,100.0,1019.3,2.5,0.017241,52.0
2022-08-08 19:00:00,0.0,21.9,31.4,280.0,1018.4,7.4,0.12069,57.0
2022-08-08 20:00:00,0.0,20.8,29.4,144.0,1017.2,5.0,0.017241,60.0
2022-08-08 21:00:00,0.0,22.8,23.5,140.0,1016.3,5.5,0.051724,96.0
2022-08-08 22:00:00,0.0,22.5,23.5,0.0,1017.3,0.0,0.137931,94.0
2022-08-08 23:00:00,0.0,21.9,29.7,185.0,1017.4,5.0,0.293103,63.0
2022-08-09 00:00:00,0.0,23.1,24.0,0.0,1017.8,0.0,0.275862,95.0
2022-08-09 01:00:00,0.0,23.5,24.0,0.0,1018.2,0.0,0.258621,97.0
2022-08-09 02:00:00,0.0,21.9,23.5,140.0,1019.4,13.0,0.275862,91.0
2022-08-09 03:00:00,2.3,21.6,22.8,0.0,1019.8,0.0,0.275862,93.0
2022-08-09 04:00:00,0.0,23.0,23.5,204.0,1019.8,5.0,0.241379,97.0
2022-08-09 05:00:00,0.0,21.4,22.4,160.0,1019.6,5.5,0.224138,94.0
2022-08-09 06:00:00,0.0,21.2,21.7,0.0,1019.5,0.0,0.189655,97.0
2022-08-09 07:00:00,0.0,21.4,21.7,0.0,1019.0,0.0,0.189655,98.0
2022-08-09 08:00:00,0.0,21.5,22.0,0.0,1019.1,0.0,0.172414,97.0
2022-08-09 09:00:00,0.0,21.9,21.9,133.0,1019.2,4.7,0.172414,100.0
2022-08-09 10:00:00,0.0,21.4,21.9,0.0,1019.5,0.0,0.172414,97.0
2022-08-09 11:00:00,0.0,21.4,22.2,0.0,1020.0,0.0,0.224138,95.0
2022-08-09 12:00:00,0.0,21.8,23.2,0.0,1020.3,0.0,0.275862,92.0
2022-08-09 13:00:00,0.0,22.9,24.3,153.0,1020.8,6.1,0.293103,92.0
2022-08-09 14:00:00,0.0,22.6,25.3,0.0,1020.8,0.0,0.241379,85.0
2022-08-09 15:00:00,0.0,23.2,29.2,170.0,1020.8,9.3,0.155172,70.0
2022-08-09 16:00:00,0.0,22.1,30.5,180.0,1020.3,13.0,0.017241,61.0
2022-08-09 17:00:00,0.0,22.1,30.8,140.0,1020.1,8.3,0.0,60.0
2022-08-09 18:00:00,0.0,22.0,31.6,153.0,1019.9,9.4,0.017241,57.0
2022-08-09 19:00:00,0.0,20.4,31.4,0.0,1019.3,0.0,0.051724,52.0
2022-08-09 20:00:00,0.3,21.6,31.1,0.0,1018.4,0.0,0.0,57.0
2022-08-09 21:00:00,2.9,21.7,26.9,206.0,1019.7,22.7,0.086207,73.0
2022-08-09 22:00:00,1.6,23.3,25.6,193.0,1019.1,8.6,0.362069,87.0
2022-08-09 23:00:00,0.7,22.9,23.6,140.0,1018.9,7.4,0.310345,96.0
2022-08-10 00:00:00,0.0,22.6,24.5,264.0,1019.2,3.2,0.293103,89.0
2022-08-10 01:00:00,0.0,23.0,24.0,284.0,1019.4,4.0,0.275862,94.0
2022-08-10 02:00:00,0.0,22.8,23.3,291.0,1020.4,4.0,0.258621,97.0
2022-08-10 03:00:00,0.0,22.5,23.2,166.0,1020.8,2.5,0.258621,96.0
2022-08-10 04:00:00,0.0,22.6,23.3,113.0,1020.8,1.4,0.241379,96.0
2022-08-10 05:00:00,0.0,22.0,22.3,160.0,1020.4,5.5,0.224138,98.0
2022-08-10 06:00:00,0.0,21.6,22.1,130.0,1020.1,5.5,0.189655,97.0
2022-08-10 07:00:00,0.0,21.3,22.0,0.0,1020.1,0.0,0.189655,96.0
2022-08-10 08:00:00,0.0,22.1,22.3,88.0,1020.1,5.0,0.189655,99.0
2022-08-10 09:00:00,0.0,20.9,21.4,130.0,1020.4,5.5,0.172414,97.0
2022-08-10 10:00:00,0.0,20.8,21.3,70.0,1019.9,7.4,0.189655,97.0
2022-08-10 11:00:00,0.0,21.1,21.6,70.0,1020.6,5.5,0.224138,97.0
2022-08-10 12:00:00,0.0,21.4,22.9,90.0,1021.3,5.5,0.275862,91.0
2022-08-10 13:00:00,0.0,22.8,24.2,141.0,1021.6,9.0,0.293103,92.0
2022-08-10 14:00:00,0.0,22.5,25.8,170.0,1021.8,16.7,0.224138,82.0
2022-08-10 15:00:00,0.0,23.2,28.7,70.0,1021.1,5.5,0.224138,72.0
2022-08-10 16:00:00,0.0,23.5,30.3,160.0,1021.3,9.3,0.103448,67.0
2022-08-10 17:00:00,0.0,23.0,31.4,164.0,1021.1,8.3,0.0,61.0
2022-08-10 18:00:00,0.0,22.1,30.8,140.0,1020.4,13.0,0.0,60.0
2022-08-10 19:00:00,0.6,21.3,31.8,200.0,1020.0,16.7,0.137931,54.0
2022-08-10 20:00:00,0.8,22.7,30.5,230.0,1019.5,5.5,0.068966,63.0
2022-08-10 21:00:00,0.0,22.7,28.7,206.0,1019.0,16.2,0.103448,70.0
2022-08-10 22:00:00,0.0,23.0,28.8,205.0,1018.9,14.0,0.310345,71.0
2022-08-10 23:00:00,0.0,21.6,23.7,140.0,1018.9,13.0,0.258621,88.0
2022-08-11 00:00:00,0.0,22.2,23.6,160.0,1018.8,7.4,0.275862,92.0
2022-08-11 01:00:00,0.0,22.5,23.3,0.0,1019.5,0.0,0.275862,95.0
2022-08-11 02:00:00,0.0,22.6,23.3,0.0,1020.3,0.0,0.275862,96.0
2022-08-11 03:00:00,0.0,23.6,25.0,218.0,1020.5,4.7,0.293103,92.0
2022-08-11 04:00:00,0.0,22.5,22.8,110.0,1020.3,7.4,0.258621,98.0
2022-08-11 05:00:00,0.0,22.1,22.6,120.0,1020.1,5.5,0.224138,97.0
2022-08-11 06:00:00,0.0,21.8,22.3,0.0,1020.1,0.0,0.189655,97.0
2022-08-11 07:00:00,0.0,21.6,22.1,0.0,1019.8,0.0,0.189655,97.0
2022-08-11 08:00:00,0.0,23.0,23.2,165.0,1019.6,5.4,0.172414,99.0
2022-08-11 09:00:00,0.0,21.6,22.1,130.0,1019.0,5.5,0.172414,97.0
2022-08-11 10:00:00,0.0,21.8,22.1,160.0,1019.1,5.5,0.189655,98.0
2022-08-11 11:00:00,0.0,22.6,23.4,133.0,1018.7,7.6,0.224138,95.0
2022-08-11 12:00:00,0.2,22.2,23.0,0.0,1019.3,0.0,0.275862,95.0
2022-08-11 13:00:00,0.1,22.4,24.1,214.0,1019.9,14.8,0.293103,90.0
2022-08-11 14:00:00,0.0,22.7,25.8,180.0,1020.1,14.8,0.241379,83.0
2022-08-11 15:00:00,0.0,22.1,27.4,210.0,1020.5,16.7,0.206897,73.0
2022-08-11 16:00:00,0.0,23.0,25.5,197.0,1020.0,11.9,0.155172,86.0
2022-08-11 17:00:00,0.0,22.5,26.4,208.0,1019.3,10.8,0.051724,79.0
2022-08-11 18:00:00,0.0,21.5,29.3,230.0,1018.6,20.4,0.086207,63.0
2022-08-11 19:00:00,0.0,23.0,29.5,197.0,1018.1,11.5,0.034483,68.0
2022-08-11 20:00:00,0.0,21.2,28.1,250.0,1017.1,18.5,0.103448,66.0
2022-08-11 21:00:00,2.0,20.4,28.1,260.0,1017.2,13.0,0.068966,63.0
2022-08-11 22:00:00,0.2,23.0,25.3,188.0,1017.1,11.2,0.103448,87.0
2022-08-11 23:00:00,0.3,20.8,27.0,240.0,1016.8,11.1,0.103448,69.0
2022-08-12 00:00:00,1.0,21.0,26.0,240.0,1016.9,9.3,0.189655,74.0
2022-08-12 01:00:00,0.2,22.8,23.8,200.0,1017.5,8.6,0.293103,94.0
2022-08-12 02:00:00,0.0,22.1,24.2,226.0,1018.0,10.1,0.293103,88.0
2022-08-12 03:00:00,0.0,22.0,23.6,224.0,1018.3,9.4,0.275862,91.0
2022-08-12 04:00:00,0.0,21.9,23.3,222.0,1018.3,12.6,0.258621,92.0
2022-08-12 05:00:00,0.0,22.2,23.4,230.0,1018.2,7.4,0.224138,93.0
2022-08-12 06:00:00,0.0,22.5,23.0,0.0,1018.0,0.0,0.224138,97.0
2022-08-12 07:00:00,0.0,21.9,22.4,212.0,1017.6,5.4,0.206897,97.0
2022-08-12 08:00:00,0.0,22.7,23.2,200.0,1017.4,5.5,0.189655,97.0
2022-08-12 09:00:00,0.0,21.9,22.6,200.0,1017.2,11.1,0.189655,96.0
2022-08-12 10:00:00,0.0,21.3,22.0,0.0,1017.5,0.0,0.189655,96.0
2022-08-12 11:00:00,0.2,21.8,22.5,0.0,1017.9,0.0,0.241379,96.0
2022-08-12 12:00:00,0.1,22.2,22.7,194.0,1018.3,2.9,0.275862,97.0
2022-08-12 13:00:00,0.0,21.3,24.4,250.0,1018.4,9.3,0.293103,83.0
2022-08-12 14:00:00,0.0,22.2,23.4,300.0,1018.6,7.4,0.241379,93.0
2022-08-12 15:00:00,0.0,23.3,24.5,230.0,1018.5,9.3,0.224138,93.0
2022-08-12 16:00:00,0.2,22.5,27.3,234.0,1018.4,11.9,0.241379,75.0
2022-08-12 17:00:00,0.2,23.1,27.9,237.0,1017.9,15.5,0.017241,75.0
2022-08-12 18:00:00,0.6,22.5,29.3,210.0,1017.0,11.1,0.017241,67.0
2022-08-12 19:00:00,1.3,22.5,27.3,220.0,1016.8,24.1,0.0,75.0
2022-08-12 20:00:00,1.9,22.1,27.8,239.0,1016.3,18.0,-0.086207,71.0
2022-08-12 21:00:00,2.4,22.0,26.8,220.0,1016.1,18.5,0.017241,75.0
2022-08-12 22:00:00,0.1,22.6,26.8,223.0,1015.0,19.1,0.051724,78.0
2022-08-12 23:00:00,0.2,21.5,25.4,260.0,1015.0,7.4,0.034483,79.0
2022-08-13 00:00:00,0.0,22.5,24.6,0.0,1015.1,0.0,0.275862,88.0
2022-08-13 01:00:00,0.0,22.8,24.7,235.0,1015.7,12.2,0.241379,89.0
2022-08-13 02:00:00,0.0,22.7,24.3,235.0,1016.1,10.8,0.258621,91.0
2022-08-13 03:00:00,0.4,22.7,24.3,250.0,1017.1,8.6,0.258621,91.0
2022-08-13 04:00:00,0.0,22.3,23.9,230.0,1016.8,5.5,0.241379,91.0
2022-08-13 05:00:00,0.0,22.9,23.7,252.0,1016.5,8.6,0.224138,95.0
2022-08-13 06:00:00,0.0,22.5,23.3,0.0,1015.8,0.0,0.206897,95.0
2022-08-13 07:00:00,0.0,22.6,23.1,254.0,1015.3,6.8,0.189655,97.0
2022-08-13 08:00:00,0.0,22.5,23.0,0.0,1015.5,0.0,0.189655,97.0
2022-08-13 09:00:00,0.0,22.9,23.2,290.0,1015.4,5.5,0.189655,98.0
2022-08-13 10:00:00,0.0,22.8,23.1,220.0,1015.4,5.5,0.172414,98.0
2022-08-13 11:00:00,0.0,23.3,23.8,280.0,1015.9,5.5,0.189655,97.0
2022-08-13 12:00:00,0.0,22.5,23.2,285.0,1016.3,7.9,0.172414,96.0
2022-08-13 13:00:00,0.0,23.5,25.3,320.0,1016.8,5.5,0.189655,90.0
2022-08-13 14:00:00,0.0,23.3,26.6,10.0,1017.5,14.8,0.137931,82.0
2022-08-13 15:00:00,0.1,22.9,27.3,10.0,1017.8,11.1,0.137931,77.0
2022-08-13 16:00:00,0.0,22.8,27.9,282.0,1017.8,1.8,0.137931,74.0
2022-08-13 17:00:00,0.0,22.6,29.1,288.0,1017.1,2.9,0.051724,68.0
2022-08-13 18:00:00,0.0,22.6,29.6,340.0,1016.5,9.3,0.0,66.0
2022-08-13 19:00:00,0.6,23.1,28.6,59.0,1015.9,7.6,-0.086207,72.0
2022-08-13 20:00:00,0.9,23.1,26.8,126.0,1015.9,2.5,-0.155172,80.0
2022-08-13 21:00:00,0.0,23.4,27.4,104.0,1015.4,6.1,-0.086207,79.0
2022-08-13 22:00:00,0.2,23.5,27.3,193.0,1014.8,5.0,0.068966,80.0
2022-08-13 23:00:00,0.2,23.3,27.3,179.0,1014.8,3.2,0.086207,79.0
2022-08-14 00:00:00,1.5,23.1,25.4,120.0,1015.5,7.2,0.241379,87.0
2022-08-14 01:00:00,1.4,22.6,23.6,328.0,1016.1,2.9,0.310345,94.0
2022-08-14 02:00:00,0.1,22.7,23.5,299.0,1016.5,3.6,0.327586,95.0
2022-08-14 03:00:00,0.0,22.5,23.0,34.0,1016.6,2.9,0.293103,97.0
2022-08-14 04:00:00,0.0,22.5,22.8,57.0,1016.4,3.6,0.275862,98.0
2022-08-14 05:00:00,0.0,22.1,22.8,0.0,1016.5,0.0,0.241379,96.0
2022-08-14 06:00:00,0.0,22.4,22.7,0.0,1016.1,0.0,0.224138,98.0
2022-08-14 07:00:00,0.0,22.1,22.8,99.0,1015.7,7.6,0.206897,96.0
2022-08-14 08:00:00,0.0,21.9,22.2,0.0,1015.4,0.0,0.189655,98.0
2022-08-14 09:00:00,0.0,22.2,22.5,60.0,1015.3,7.4,0.189655,98.0
2022-08-14 10:00:00,0.0,21.9,22.4,0.0,1015.4,0.0,0.172414,97.0
2022-08-14 11:00:00,0.0,22.2,22.9,70.0,1015.9,7.4,0.172414,96.0
2022-08-14 12:00:00,0.0,22.0,22.5,86.0,1016.4,7.9,0.189655,97.0
2022-08-14 13:00:00,0.0,22.3,24.8,100.0,1017.0,9.3,0.189655,86.0
2022-08-14 14:00:00,0.0,21.7,27.2,130.0,1017.4,11.1,0.137931,72.0
2022-08-14 15:00:00,0.0,21.2,28.2,110.0,1016.8,13.0,0.017241,66.0
2022-08-14 16:00:00,0.0,22.3,28.0,108.0,1016.6,12.2,-0.051724,71.0
2022-08-14 17:00:00,0.1,18.6,29.8,160.0,1016.5,9.3,-0.12069,51.0
2022-08-14 18:00:00,0.0,18.6,30.2,90.0,1016.2,7.4,-0.034483,50.0
2022-08-14 19:00:00,0.0,17.9,30.9,90.0,1015.5,9.3,-0.137931,46.0
2022-08-14 20:00:00,0.0,17.8,30.7,120.0,1015.2,5.5,-0.155172,46.0
2022-08-14 21:00:00,0.0,19.9,30.6,103.0,1014.2,6.8,-0.051724,53.0
2022-08-14 22:00:00,0.0,19.7,30.3,112.0,1013.7,5.4,-0.034483,53.0
2022-08-14 23:00:00,0.0,18.2,30.8,0.0,1013.4,0.0,0.086207,47.0
2022-08-15 00:00:00,0.0,21.3,28.5,195.0,1013.5,2.2,0.189655,65.0
2022-08-15 01:00:00,0.0,21.2,24.1,0.0,1013.9,0.0,0.293103,84.0
2022-08-15 02:00:00,0.0,20.7,25.7,202.0,1014.5,5.4,0.327586,74.0
2022-08-15 03:00:00,0.0,20.9,24.6,192.0,1015.0,6.5,0.293103,80.0
2022-08-15 04:00:00,0.0,21.3,24.0,230.0,1014.9,6.1,0.258621,85.0
2022-08-15 05:00:00,0.0,21.1,22.1,0.0,1014.8,0.0,0.241379,94.0
2022-08-15 06:00:00,0.0,21.2,21.5,0.0,1014.4,0.0,0.224138,98.0
2022-08-15 07:00:00,0.0,21.2,22.0,295.0,1013.8,5.8,0.189655,95.0
2022-08-15 08:00:00,0.0,20.8,21.5,0.0,1013.7,0.0,0.189655,96.0
2022-08-15 09:00:00,0.0,20.1,20.8,0.0,1013.9,0.0,0.189655,96.0
2022-08-15 10:00:00,0.0,20.2,20.7,0.0,1014.2,0.0,0.189655,97.0
2022-08-15 11:00:00,0.0,20.1,20.6,0.0,1014.0,0.0,0.241379,97.0
2022-08-15 12:00:00,0.0,21.4,21.7,261.0,1014.6,3.6,0.275862,98.0
2022-08-15 13:00:00,0.0,22.7,24.3,102.0,1014.9,1.1,0.293103,91.0
2022-08-15 14:00:00,0.0,22.6,26.8,183.0,1015.1,1.8,0.224138,78.0
2022-08-15 15:00:00,0.0,22.0,28.7,211.0,1015.0,4.7,0.137931,67.0
2022-08-15 16:00:00,0.0,21.7,30.0,218.0,1014.6,7.6,0.051724,61.0
2022-08-15 17:00:00,0.0,19.6,31.3,240.0,1014.2,7.4,0.0,50.0
2022-08-15 18:00:00,0.0,18.1,31.9,250.0,1013.9,11.1,-0.017241,44.0
2022-08-15 19:00:00,0.0,19.7,32.8,240.0,1013.1,9.3,-0.017241,46.0
2022-08-15 20:00:00,0.0,20.5,32.2,213.0,1012.1,8.3,0.0,50.0
2022-08-15 21:00:00,0.0,20.2,32.6,207.0,1011.1,9.7,0.034483,48.0
2022-08-15 22:00:00,0.0,20.4,31.8,230.0,1010.7,11.9,0.103448,51.0
2022-08-15 23:00:00,0.0,19.0,30.6,0.0,1010.6,0.0,0.137931,50.0
2022-08-16 00:00:00,0.0,23.1,28.6,231.0,1011.2,14.4,0.310345,72.0
2022-08-16 01:00:00,0.0,23.2,27.6,230.0,1011.5,11.9,0.37931,77.0
2022-08-16 02:00:00,0.3,23.3,26.4,246.0,1012.5,9.0,0.396552,83.0
2022-08-16 03:00:00,0.0,23.6,25.9,234.0,1013.1,8.3,0.37931,87.0
2022-08-16 04:00:00,0.0,23.3,25.8,0.0,1012.8,0.0,0.362069,86.0
2022-08-16 05:00:00,0.0,23.5,26.2,230.0,1012.7,5.5,0.327586,85.0
2022-08-16 06:00:00,0.0,23.9,24.8,221.0,1012.5,7.9,0.293103,95.0
2022-08-16 07:00:00,0.0,24.4,24.7,212.0,1012.2,7.2,0.275862,98.0
2022-08-16 08:00:00,0.0,24.2,24.5,226.0,1011.8,8.6,0.275862,98.0
2022-08-16 09:00:00,0.0,24.0,25.0,220.0,1011.7,9.3,0.258621,94.0
2022-08-16 10:00:00,0.0,24.0,24.3,242.0,1011.9,8.3,0.258621,98.0
2022-08-16 11:00:00,0.0,24.0,24.2,242.0,1012.1,7.6,0.293103,99.0
2022-08-16 12:00:00,0.0,24.9,25.6,0.0,1012.8,0.0,0.362069,96.0
2022-08-16 13:00:00,0.0,25.5,27.3,260.0,1012.7,7.4,0.396552,90.0
2022-08-16 14:00:00,0.0,25.1,30.7,270.0,1012.9,16.7,0.344828,72.0
2022-08-16 15:00:00,0.0,24.6,30.0,270.0,1013.1,10.1,0.275862,73.0
2022-08-16 16:00:00,0.0,23.9,31.3,280.0,1012.9,10.1,0.137931,65.0
2022-08-16 17:00:00,0.1,23.6,32.4,300.0,1012.4,14.8,0.206897,60.0
2022-08-16 18:00:00,0.0,22.5,33.4,320.0,1012.0,16.7,0.137931,53.0
2022-08-16 19:00:00,0.0,21.2,34.1,330.0,1011.1,13.0,0.189655,47.0
2022-08-16 20:00:00,0.0,21.6,34.2,298.0,1010.7,11.9,0.155172,48.0
2022-08-16 21:00:00,0.0,21.5,34.4,280.0,1010.5,11.2,0.155172,47.0
2022-08-16 22:00:00,0.0,24.7,30.6,216.0,1010.3,18.7,0.396552,71.0
2022-08-16 23:00:00,0.0,21.8,27.8,270.0,1010.3,9.3,0.344828,70.0
2022-08-17 00:00:00,0.0,21.5,25.6,230.0,1010.6,7.4,0.396552,78.0
2022-08-17 01:00:00,0.0,24.1,27.7,209.0,1011.1,8.6,0.37931,81.0
2022-08-17 02:00:00,0.0,23.7,26.6,214.0,1011.6,9.7,0.396552,84.0
2022-08-17 03:00:00,0.0,22.4,24.1,270.0,1012.0,5.5,0.37931,90.0
2022-08-17 04:00:00,0.0,22.5,23.9,290.0,1011.9,5.5,0.327586,92.0
2022-08-17 05:00:00,0.0,22.6,23.8,310.0,1011.6,7.4,0.310345,93.0
2022-08-17 06:00:00,0.0,20.8,26.0,295.0,1011.5,7.9,0.293103,73.0
2022-08-17 07:00:00,0.0,22.9,23.4,330.0,1011.4,7.4,0.275862,97.0
2022-08-17 08:00:00,0.0,22.5,22.8,0.0,1011.7,0.0,0.258621,98.0
2022-08-17 09:00:00,0.0,22.3,22.8,0.0,1011.9,0.0,0.258621,97.0
2022-08-17 10:00:00,0.0,18.9,23.6,345.0,1012.2,7.2,0.258621,75.0
2022-08-17 11:00:00,0.0,18.6,23.5,340.0,1013.1,8.3,0.310345,74.0
2022-08-17 12:00:00,0.0,22.0,23.7,350.0,1013.8,7.4,0.362069,90.0
2022-08-17 13:00:00,0.0,21.4,26.2,0.0,1014.1,0.0,0.37931,75.0
2022-08-17 14:00:00,0.0,21.9,29.1,350.0,1014.8,7.4,0.344828,65.0
2022-08-17 15:00:00,0.0,22.3,29.6,32.0,1014.7,4.7,0.241379,65.0
2022-08-17 16:00:00,0.0,21.1,31.2,17.0,1014.5,2.9,0.155172,55.0
2022-08-17 17:00:00,0.0,18.9,32.7,330.0,1014.1,9.3,0.12069,44.0
2022-08-17 18:00:00,0.0,19.7,32.5,350.0,1013.8,11.1,0.068966,47.0
2022-08-17 19:00:00,0.0,20.7,31.1,40.0,1013.0,27.8,0.155172,54.0
2022-08-17 20:00:00,0.0,19.5,30.5,50.0,1012.4,20.4,0.396552,52.0
2022-08-17 21:00:00,0.0,20.3,33.5,272.0,1012.0,7.9,0.293103,46.0
2022-08-17 22:00:00,0.0,20.2,30.6,70.0,1011.6,11.1,0.12069,54.0
2022-08-17 23:00:00,0.0,20.9,32.3,254.0,1011.7,6.8,0.155172,51.0
2022-08-18 00:00:00,0.0,23.2,24.8,206.0,1013.0,4.0,0.275862,91.0
2022-08-18 01:00:00,0.0,23.4,24.1,189.0,1012.7,4.0,0.37931,96.0
2022-08-18 02:00:00,0.0,23.2,23.7,198.0,1013.2,5.4,0.413793,97.0
2022-08-18 03:00:00,0.0,21.2,24.7,80.0,1013.6,7.4,0.37931,81.0
2022-08-18 04:00:00,0.0,21.9,23.8,0.0,1013.5,0.0,0.362069,89.0
2022-08-18 05:00:00,0.0,23.3,24.3,219.0,1013.7,5.4,0.310345,94.0
2022-08-18 06:00:00,0.0,23.0,24.2,328.0,1013.7,6.8,0.293103,93.0
2022-08-18 07:00:00,0.0,21.8,22.8,0.0,1013.1,0.0,0.275862,94.0
2022-08-18 08:00:00,0.5,21.5,22.9,30.0,1013.6,5.5,0.258621,92.0
2022-08-18 09:00:00,0.9,21.7,22.9,0.0,1013.3,0.0,0.258621,93.0
2022-08-18 10:00:00,0.0,21.7,22.5,70.0,1013.4,16.7,0.275862,95.0
2022-08-18 11:00:00,0.2,21.9,22.6,24.0,1013.9,6.1,0.327586,96.0
2022-08-18 12:00:00,0.0,21.9,22.6,80.0,1014.3,9.3,0.362069,96.0
2022-08-18 13:00:00,0.0,22.6,23.3,80.0,1014.8,11.1,0.37931,96.0
2022-08-18 14:00:00,0.0,22.2,25.9,150.0,1015.0,9.3,0.344828,80.0
2022-08-18 15:00:00,0.0,23.5,27.0,166.0,1014.7,4.0,0.310345,81.0
2022-08-18 16:00:00,0.0,23.8,27.6,204.0,1014.8,3.2,0.12069,80.0
2022-08-18 17:00:00,0.2,21.7,22.7,260.0,1014.7,7.4,0.12069,94.0
2022-08-18 18:00:00,0.4,23.2,23.7,0.0,1014.3,0.0,0.327586,97.0
2022-08-18 19:00:00,1.1,23.7,29.8,209.0,1013.0,5.4,0.362069,70.0
2022-08-18 20:00:00,7.0,23.4,29.7,257.0,1012.6,9.7,0.224138,69.0
2022-08-18 21:00:00,0.0,22.9,26.2,280.0,1012.5,5.5,0.189655,82.0
2022-08-18 22:00:00,0.0,22.4,27.2,270.0,1012.1,9.3,0.086207,75.0
2022-08-18 23:00:00,1.7,21.7,26.7,290.0,1012.7,5.5,0.137931,74.0
2022-08-19 00:00:00,0.1,24.3,26.4,152.0,1012.9,6.1,0.137931,88.0
2022-08-19 01:00:00,0.0,24.1,25.5,160.0,1013.2,4.7,0.224138,92.0
2022-08-19 02:00:00,0.0,23.7,24.2,0.0,1013.8,0.0,0.275862,97.0
2022-08-19 03:00:00,0.2,23.8,25.0,357.0,1014.5,2.2,0.258621,93.0
2022-08-19 04:00:00,0.7,23.5,24.0,0.0,1015.1,0.0,0.241379,97.0
2022-08-19 05:00:00,0.2,22.6,23.1,128.0,1014.5,6.5,0.224138,97.0
2022-08-19 06:00:00,0.0,23.5,23.7,233.0,1014.8,6.1,0.206897,99.0
2022-08-19 07:00:00,0.0,22.5,23.0,210.0,1014.6,5.5,0.189655,97.0
2022-08-19 08:00:00,0.0,22.7,23.2,0.0,1014.6,0.0,0.189655,97.0
2022-08-19 09:00:00,0.0,22.5,23.0,0.0,1014.5,0.0,0.189655,97.0
2022-08-19 10:00:00,0.0,23.1,23.1,214.0,1014.6,3.6,0.206897,100.0
2022-08-19 11:00:00,0.0,21.9,22.4,192.0,1015.1,2.5,0.241379,97.0
2022-08-19 12:00:00,0.0,23.1,23.4,190.0,1015.6,7.4,0.293103,98.0
2022-08-19 13:00:00,0.0,23.1,26.6,300.0,1016.1,5.5,0.293103,81.0
2022-08-19 14:00:00,0.0,22.9,26.2,213.0,1016.5,6.1,0.224138,82.0
2022-08-19 15:00:00,0.0,23.8,27.3,224.0,1016.8,5.0,0.103448,81.0
2022-08-19 16:00:00,0.2,24.1,29.2,217.0,1016.5,5.4,0.103448,74.0
2022-08-19 17:00:00,0.0,22.0,30.6,340.0,1016.2,7.4,0.12069,60.0
2022-08-19 18:00:00,0.1,20.3,31.7,300.0,1015.8,11.1,-0.068966,51.0
2022-08-19 19:00:00,0.2,22.8,30.7,211.0,1015.1,5.8,-0.017241,63.0
2022-08-19 20:00:00,10.2,23.2,25.1,266.0,1016.7,15.1,-0.034483,89.0
2022-08-19 21:00:00,1.3,21.9,31.4,250.0,1014.2,7.4,0.0,57.0
2022-08-19 22:00:00,2.0,21.4,31.2,350.0,1015.3,9.3,0.034483,56.0
2022-08-19 23:00:00,9.8,22.0,23.6,300.0,1016.1,6.1,0.12069,91.0
2022-08-20 00:00:00,0.0,22.3,23.7,96.0,1016.1,2.5,0.275862,92.0
2022-08-20 01:00:00,0.0,22.5,23.3,138.0,1016.7,5.8,0.310345,95.0
2022-08-20 02:00:00,0.0,23.6,25.4,140.0,1017.4,7.4,0.327586,90.0
2022-08-20 03:00:00,0.0,21.2,24.5,0.0,1017.6,0.0,0.293103,82.0
2022-08-20 04:00:00,0.0,21.7,23.6,130.0,1017.9,5.5,0.275862,89.0
2022-08-20 05:00:00,0.0,22.9,23.6,168.0,1018.2,6.8,0.258621,96.0
2022-08-20 06:00:00,0.0,21.4,22.8,120.0,1018.1,5.5,0.241379,92.0
2022-08-20 07:00:00,0.0,21.9,22.2,44.0,1018.3,7.2,0.224138,98.0
2022-08-20 08:00:00,0.0,21.4,23.1,0.0,1017.6,0.0,0.206897,90.0
2022-08-20 09:00:00,0.0,22.1,23.1,0.0,1017.4,0.0,0.189655,94.0
2022-08-20 10:00:00,0.0,21.0,21.3,90.0,1018.1,4.3,0.189655,98.0
2022-08-20 11:00:00,0.0,22.6,23.3,0.0,1019.0,0.0,0.189655,96.0
2022-08-20 12:00:00,0.0,22.7,23.5,180.0,1019.6,5.5,0.189655,95.0
2022-08-20 13:00:00,0.0,23.5,25.1,0.0,1020.1,0.0,0.189655,91.0
2022-08-20 14:00:00,0.0,23.8,28.0,170.0,1020.6,5.5,0.189655,78.0
2022-08-20 15:00:00,0.0,24.0,28.2,264.0,1020.7,1.4,0.103448,78.0
2022-08-20 16:00:00,0.0,22.8,30.4,210.0,1020.5,5.5,0.0,64.0
2022-08-20 17:00:00,0.0,22.8,28.6,110.0,1019.8,5.5,-0.086207,71.0
2022-08-20 18:00:00,0.0,21.4,32.2,140.0,1019.4,7.4,0.034483,53.0
2022-08-20 19:00:00,0.0,20.9,32.0,130.0,1018.8,7.4,-0.051724,52.0
2022-08-20 20:00:00,0.0,21.8,32.3,154.0,1017.8,4.7,-0.137931,54.0
2022-08-20 21:00:00,0.7,22.3,29.3,320.0,1018.3,7.4,0.068966,66.0
2022-08-20 22:00:00,0.5,24.1,29.2,210.0,1017.4,10.1,0.189655,74.0
2022-08-20 23:00:00,0.0,22.6,25.1,200.0,1018.0,5.5,0.12069,86.0
2022-08-21 00:00:00,0.2,24.2,27.5,135.0,1018.5,3.6,0.189655,82.0
2022-08-21 01:00:00,2.9,22.2,24.9,0.0,1019.6,0.0,0.293103,85.0
2022-08-21 02:00:00,0.0,21.5,25.0,230.0,1019.9,5.5,0.293103,81.0
2022-08-21 03:00:00,0.0,22.5,24.2,0.0,1020.3,0.0,0.293103,90.0
2022-08-21 04:00:00,0.0,23.1,23.8,0.0,1020.0,0.0,0.275862,96.0
2022-08-21 05:00:00,0.0,23.2,23.5,31.0,1019.2,2.9,0.258621,98.0
2022-08-21 06:00:00,0.0,23.2,23.9,0.0,1019.1,0.0,0.241379,96.0
2022-08-21 07:00:00,0.0,23.2,23.9,0.0,1018.7,0.0,0.224138,96.0
2022-08-21 08:00:00,0.0,23.0,23.9,0.0,1018.4,0.0,0.206897,95.0
2022-08-21 09:00:00,0.0,23.2,23.5,0.0,1018.4,0.0,0.206897,98.0
2022-08-21 10:00:00,0.0,22.6,22.6,235.0,1018.5,4.7,0.189655,100.0
2022-08-21 11:00:00,0.0,23.1,23.4,140.0,1019.4,5.5,0.189655,98.0
2022-08-21 12:00:00,0.0,23.4,23.9,170.0,1019.8,5.5,0.189655,97.0
2022-08-21 13:00:00,0.0,23.6,25.2,0.0,1019.4,0.0,0.189655,91.0
2022-08-21 14:00:00,0.0,24.1,26.8,221.0,1019.7,4.7,0.189655,85.0
2022-08-21 15:00:00,0.0,23.9,27.2,207.0,1019.8,4.7,0.137931,82.0
2022-08-21 16:00:00,0.0,23.7,28.8,229.0,1019.7,5.0,0.034483,74.0
2022-08-21 17:00:00,0.0,22.3,30.7,280.0,1019.1,9.3,0.017241,61.0
2022-08-21 18:00:00,0.0,20.8,30.9,0.0,1018.5,0.0,0.0,55.0
2022-08-21 19:00:00,0.0,20.7,31.4,270.0,1017.7,5.5,-0.103448,53.0
2022-08-21 20:00:00,0.0,22.2,31.5,228.0,1016.8,5.4,-0.034483,58.0
2022-08-21 21:00:00,0.0,21.1,31.9,260.0,1016.1,9.3,-0.017241,53.0
2022-08-21 22:00:00,0.0,22.0,31.6,220.0,1015.8,9.7,0.086207,57.0
2022-08-21 23:00:00,2.2,23.3,26.8,304.0,1017.1,10.8,0.189655,81.0
2022-08-22 00:00:00,0.0,23.4,25.0,244.0,1016.9,4.3,0.310345,91.0
2022-08-22 01:00:00,0.0,23.8,24.5,210.0,1017.3,4.0,0.293103,96.0
2022-08-22 02:00:00,0.0,23.0,23.8,0.0,1017.7,0.0,0.293103,95.0
2022-08-22 03:00:00,0.0,23.1,23.6,0.0,1017.9,0.0,0.275862,97.0
2022-08-22 04:00:00,0.0,22.9,23.6,230.0,1017.7,5.5,0.258621,96.0
2022-08-22 05:00:00,0.0,22.7,23.4,265.0,1017.3,4.3,0.241379,96.0
2022-08-22 06:00:00,0.0,23.1,23.8,0.0,1016.9,0.0,0.224138,96.0
2022-08-22 07:00:00,0.0,22.9,23.6,0.0,1016.5,0.0,0.206897,96.0
2022-08-22 08:00:00,0.0,23.0,23.3,0.0,1016.4,0.0,0.206897,98.0
2022-08-22 09:00:00,0.0,22.6,22.9,0.0,1016.0,0.0,0.189655,98.0
2022-08-22 10:00:00,0.0,22.7,22.7,257.0,1016.1,5.8,0.206897,100.0
2022-08-22 11:00:00,0.0,22.4,22.9,0.0,1016.6,0.0,0.241379,97.0
2022-08-22 12:00:00,0.0,22.5,23.3,0.0,1017.0,0.0,0.275862,95.0
2022-08-22 13:00:00,0.0,22.3,24.4,270.0,1016.9,5.5,0.310345,88.0
2022-08-22 14:00:00,0.0,21.5,26.7,300.0,1017.0,7.4,0.275862,73.0
2022-08-22 15:00:00,0.0,23.1,27.5,260.0,1017.0,3.2,0.206897,77.0
2022-08-22 16:00:00,0.0,21.5,28.7,320.0,1016.7,9.3,0.12069,65.0
2022-08-22 17:00:00,0.0,20.9,30.1,290.0,1016.4,9.3,0.017241,58.0
2022-08-22 18:00:00,0.0,22.0,31.2,241.0,1015.7,7.2,0.034483,58.0
2022-08-22 19:00:00,0.0,21.7,30.3,330.0,1014.7,13.0,0.068966,60.0
2022-08-22 20:00:00,0.0,21.0,31.8,281.0,1014.1,7.9,0.103448,53.0
2022-08-22 21:00:00,0.0,21.0,32.1,289.0,1013.5,8.3,0.155172,52.0
2022-08-22 22:00:00,0.0,20.7,31.8,278.0,1013.3,9.4,0.103448,52.0
2022-08-22 23:00:00,0.3,22.5,28.5,0.0,1014.4,0.0,0.051724,70.0
2022-08-23 00:00:00,0.0,21.9,26.9,293.0,1014.7,12.6,0.258621,74.0
2022-08-23 01:00:00,0.0,24.0,27.1,0.0,1015.4,0.0,0.327586,83.0
2022-08-23 02:00:00,0.0,23.2,26.9,20.0,1015.7,5.5,0.327586,80.0
2022-08-23 03:00:00,0.0,23.0,26.1,0.0,1015.8,0.0,0.310345,83.0
2022-08-23 04:00:00,0.0,24.1,25.0,0.0,1015.5,0.0,0.293103,95.0
2022-08-23 05:00:00,0.0,22.3,23.3,270.0,1015.5,3.6,0.258621,94.0
2022-08-23 06:00:00,0.0,24.0,24.7,0.0,1015.0,0.0,0.241379,96.0
2022-08-23 07:00:00,0.0,23.5,23.8,0.0,1014.5,0.0,0.224138,98.0
2022-08-23 08:00:00,0.0,23.2,23.7,0.0,1013.9,0.0,0.224138,97.0
2022-08-23 09:00:00,0.0,23.6,24.1,0.0,1013.8,0.0,0.206897,97.0
2022-08-23 10:00:00,0.0,22.1,22.3,320.0,1013.8,4.7,0.224138,99.0
2022-08-23 11:00:00,0.0,23.7,24.2,340.0,1014.7,7.4,0.258621,97.0
2022-08-23 12:00:00,0.0,23.6,24.8,0.0,1014.8,0.0,0.310345,93.0
2022-08-23 13:00:00,0.0,22.9,26.6,360.0,1015.3,9.3,0.327586,80.0
2022-08-23 14:00:00,0.0,21.3,25.9,357.0,1015.5,11.5,0.310345,76.0
2022-08-23 15:00:00,0.0,21.0,25.8,356.0,1015.6,9.7,0.206897,75.0
2022-08-23 16:00:00,0.0,22.5,26.4,354.0,1015.6,11.9,0.137931,79.0
2022-08-23 17:00:00,0.0,21.3,29.1,50.0,1015.3,9.3,0.068966,63.0
2022-08-23 18:00:00,0.0,21.3,27.3,6.0,1015.2,6.1,0.189655,70.0
2022-08-23 19:00:00,0.0,21.2,27.9,14.0,1014.9,6.1,0.137931,67.0
2022-08-23 20:00:00,0.0,20.2,30.2,320.0,1014.2,11.1,0.172414,55.0
2022-08-23 21:00:00,0.0,21.1,30.3,360.0,1013.6,11.1,0.068966,58.0
2022-08-23 22:00:00,2.3,22.0,28.5,50.0,1013.7,11.1,0.12069,68.0
2022-08-23 23:00:00,0.5,22.9,24.8,251.0,1013.7,2.2,0.12069,89.0
2022-08-24 00:00:00,0.0,23.0,24.6,157.0,1014.5,5.8,0.224138,91.0
2022-08-24 01:00:00,0.0,23.0,25.7,220.0,1014.5,9.3,0.293103,85.0
2022-08-24 02:00:00,0.0,22.5,24.6,250.0,1015.0,5.5,0.310345,88.0
2022-08-24 03:00:00,0.0,23.1,23.4,102.0,1015.0,4.3,0.293103,98.0
2022-08-24 04:00:00,0.0,23.2,24.1,0.0,1014.9,0.0,0.258621,95.0
2022-08-24 05:00:00,0.0,22.6,22.8,80.0,1015.0,4.7,0.241379,99.0
2022-08-24 06:00:00,0.0,22.7,24.1,0.0,1014.8,0.0,0.224138,92.0
2022-08-24 07:00:00,0.0,23.0,23.8,0.0,1014.7,0.0,0.206897,95.0
2022-08-24 08:00:00,0.0,22.9,23.6,26.0,1014.6,5.8,0.206897,96.0
2022-08-24 09:00:00,0.0,22.8,23.5,42.0,1014.6,5.4,0.206897,96.0
2022-08-24 10:00:00,0.1,22.6,23.3,56.0,1014.9,6.1,0.206897,96.0
2022-08-24 11:00:00,0.3,23.0,24.0,60.0,1015.3,5.5,0.241379,94.0
2022-08-24 12:00:00,0.2,23.2,24.4,60.0,1016.1,5.5,0.293103,93.0
2022-08-24 13:00:00,0.0,22.9,23.7,50.0,1016.5,5.8,0.310345,95.0
2022-08-24 14:00:00,0.4,23.1,23.8,64.0,1016.7,6.8,0.310345,96.0
2022-08-24 15:00:00,0.6,21.9,27.4,80.0,1017.2,13.0,0.241379,72.0
2022-08-24 16:00:00,0.6,21.5,28.0,90.0,1017.6,9.3,0.172414,68.0
2022-08-24 17:00:00,0.7,21.4,28.9,90.0,1017.0,11.1,0.224138,64.0
2022-08-24 18:00:00,0.1,21.4,30.0,100.0,1016.8,9.3,0.189655,60.0
2022-08-24 19:00:00,0.2,23.0,28.3,102.0,1016.2,6.5,0.051724,73.0
2022-08-24 20:00:00,0.0,21.5,30.1,170.0,1015.4,7.4,0.086207,60.0
2022-08-24 21:00:00,0.0,21.2,29.8,0.0,1014.7,0.0,0.034483,60.0
2022-08-24 22:00:00,1.4,23.0,29.0,0.0,1015.1,0.0,0.258621,70.0
2022-08-24 23:00:00,0.3,23.8,26.7,307.0,1015.3,4.0,0.224138,84.0
2022-08-25 00:00:00,0.0,24.5,25.9,323.0,1015.4,2.9,0.258621,92.0
2022-08-25 01:00:00,0.0,23.4,25.7,10.0,1015.7,7.4,0.293103,87.0
2022-08-25 02:00:00,0.0,24.3,25.2,0.0,1016.4,0.0,0.293103,95.0
2022-08-25 03:00:00,0.0,23.5,24.9,295.0,1016.9,1.8,0.275862,92.0
2022-08-25 04:00:00,2.1,23.1,24.1,360.0,1016.2,7.4,0.258621,94.0
2022-08-25 05:00:00,0.6,23.7,24.2,28.0,1016.5,3.6,0.241379,97.0
2022-08-25 06:00:00,0.0,22.7,23.7,40.0,1016.1,13.0,0.224138,94.0
2022-08-25 07:00:00,0.0,23.2,23.9,0.0,1015.7,0.0,0.206897,96.0
2022-08-25 08:00:00,0.0,22.8,23.5,39.0,1016.0,6.5,0.189655,96.0
2022-08-25 09:00:00,0.3,22.6,23.4,57.0,1015.6,8.6,0.189655,95.0
2022-08-25 10:00:00,0.0,22.6,23.3,60.0,1015.6,7.4,0.224138,96.0
2022-08-25 11:00:00,0.1,22.7,23.2,100.0,1016.0,11.1,0.258621,97.0
2022-08-25 12:00:00,1.5,23.1,24.0,90.0,1016.9,9.3,0.293103,95.0
2022-08-25 13:00:00,1.2,23.0,24.2,110.0,1017.4,7.4,0.310345,93.0
2022-08-25 14:00:00,0.5,23.1,23.8,96.0,1017.7,7.6,0.293103,96.0
2022-08-25 15:00:00,0.2,23.6,25.2,100.0,1018.1,7.4,0.275862,91.0
2022-08-25 16:00:00,0.5,23.7,26.0,110.0,1018.2,7.4,0.258621,87.0
2022-08-25 17:00:00,0.4,23.0,27.6,40.0,1018.1,5.5,0.189655,76.0
2022-08-25 18:00:00,0.0,23.1,28.2,100.0,1017.6,5.5,0.172414,74.0
2022-08-25 19:00:00,0.2,23.2,26.9,72.0,1017.1,8.6,0.155172,80.0
2022-08-25 20:00:00,0.4,23.2,28.3,50.0,1016.8,9.3,0.189655,74.0
2022-08-25 21:00:00,1.5,23.4,28.5,360.0,1016.4,5.5,0.206897,74.0
2022-08-25 22:00:00,0.7,23.5,25.3,176.0,1016.0,0.7,0.206897,90.0
2022-08-25 23:00:00,0.7,23.6,25.2,14.0,1016.3,1.1,0.155172,91.0
2022-08-26 00:00:00,0.2,22.7,25.4,130.0,1016.5,5.5,0.189655,85.0
2022-08-26 01:00:00,0.4,20.3,23.8,140.0,1017.1,7.4,0.258621,81.0
2022-08-26 02:00:00,1.1,20.6,23.3,150.0,1017.7,7.4,0.275862,85.0
2022-08-26 03:00:00,0.7,21.4,22.9,0.0,1018.4,0.0,0.258621,91.0
2022-08-26 04:00:00,0.5,23.0,23.5,70.0,1017.9,2.5,0.241379,97.0
2022-08-26 05:00:00,0.1,21.5,22.9,0.0,1016.9,0.0,0.224138,92.0
2022-08-26 06:00:00,0.2,22.2,22.9,0.0,1016.5,0.0,0.189655,96.0
2022-08-26 07:00:00,0.0,22.3,23.1,60.0,1016.1,5.5,0.189655,95.0
2022-08-26 08:00:00,0.0,22.4,22.9,0.0,1015.9,0.0,0.172414,97.0
2022-08-26 09:00:00,0.2,22.6,22.9,0.0,1015.9,0.0,0.172414,98.0
2022-08-26 10:00:00,0.1,22.1,22.4,115.0,1015.8,5.0,0.189655,98.0
2022-08-26 11:00:00,0.0,22.6,23.3,0.0,1015.8,0.0,0.224138,96.0
2022-08-26 12:00:00,0.2,22.6,22.9,80.0,1016.4,2.9,0.275862,98.0
2022-08-26 13:00:00,0.6,22.7,24.8,0.0,1017.0,0.0,0.310345,88.0
2022-08-26 14:00:00,0.3,22.9,25.4,0.0,1017.1,0.0,0.293103,86.0
2022-08-26 15:00:00,0.1,22.3,23.9,52.0,1017.7,6.1,0.241379,91.0
2022-08-26 16:00:00,0.2,22.5,29.0,110.0,1017.6,7.4,0.172414,68.0
2022-08-26 17:00:00,0.0,22.8,26.5,62.0,1017.5,2.5,0.068966,80.0
2022-08-26 18:00:00,0.0,23.2,27.6,220.0,1016.7,0.7,0.017241,77.0
2022-08-26 19:00:00,0.0,22.4,30.8,160.0,1015.6,11.1,-0.034483,61.0
2022-08-26 20:00:00,0.0,22.1,31.3,140.0,1015.2,9.3,-0.086207,58.0
2022-08-26 21:00:00,0.9,22.9,29.7,220.0,1014.9,9.3,-0.034483,67.0
2022-08-26 22:00:00,0.1,23.9,26.4,86.0,1014.7,0.4,0.017241,86.0
2022-08-26 23:00:00,0.0,24.1,26.8,124.0,1014.9,1.8,0.206897,85.0
2022-08-27 00:00:00,0.0,24.2,25.8,179.0,1015.2,3.2,0.241379,91.0
2022-08-27 01:00:00,0.0,23.5,24.9,0.0,1015.6,0.0,0.275862,92.0
2022-08-27 02:00:00,0.0,23.5,24.7,0.0,1016.0,0.0,0.275862,93.0
2022-08-27 03:00:00,0.0,23.4,23.7,86.0,1016.0,2.9,0.275862,98.0
2022-08-27 04:00:00,0.0,23.5,23.5,73.0,1015.9,2.2,0.241379,100.0
2022-08-27 05:00:00,0.0,22.8,24.0,0.0,1015.9,0.0,0.241379,93.0
2022-08-27 06:00:00,0.0,22.7,23.4,0.0,1015.5,0.0,0.224138,96.0
2022-08-27 07:00:00,0.0,23.0,23.3,0.0,1015.2,0.0,0.206897,98.0
2022-08-27 08:00:00,0.0,22.8,23.3,0.0,1015.1,0.0,0.189655,97.0
2022-08-27 09:00:00,0.0,22.5,22.5,125.0,1014.9,2.9,0.189655,100.0
2022-08-27 10:00:00,0.0,23.0,23.5,0.0,1015.1,0.0,0.172414,97.0
2022-08-27 11:00:00,0.0,23.0,23.5,30.0,1015.2,5.5,0.189655,97.0
2022-08-27 12:00:00,0.0,23.1,24.0,0.0,1015.2,0.0,0.189655,95.0
2022-08-27 13:00:00,0.0,23.3,25.1,60.0,1015.6,5.5,0.189655,90.0
2022-08-27 14:00:00,0.0,24.1,26.6,102.0,1015.8,2.2,0.172414,86.0
2022-08-27 15:00:00,0.2,23.0,27.2,70.0,1015.6,7.4,0.12069,78.0
2022-08-27 16:00:00,0.2,22.8,29.1,150.0,1015.4,9.3,0.051724,69.0
2022-08-27 17:00:00,0.1,22.7,30.0,88.0,1014.7,5.0,-0.017241,65.0
2022-08-27 18:00:00,0.0,22.5,29.8,90.0,1014.4,6.8,-0.12069,65.0
2022-08-27 19:00:00,1.2,21.8,30.2,180.0,1013.8,7.4,-0.137931,61.0
2022-08-27 20:00:00,0.8,22.1,29.4,290.0,1013.1,11.1,-0.068966,65.0
2022-08-27 21:00:00,2.7,22.8,24.6,0.0,1013.4,0.0,0.12069,90.0
2022-08-27 22:00:00,0.0,23.0,25.1,0.0,1013.1,0.0,0.275862,88.0
2022-08-27 23:00:00,0.0,23.1,27.5,268.0,1012.7,1.8,0.293103,77.0
2022-08-28 00:00:00,0.0,24.0,26.1,45.0,1013.1,3.2,0.241379,88.0
2022-08-28 01:00:00,0.0,23.8,25.4,272.0,1013.3,2.5,0.275862,91.0
2022-08-28 02:00:00,0.0,23.1,23.6,20.0,1014.0,11.1,0.293103,97.0
2022-08-28 03:00:00,0.0,23.1,24.5,223.0,1014.5,5.4,0.275862,92.0
2022-08-28 04:00:00,0.0,22.6,23.8,279.0,1014.3,4.7,0.275862,93.0
2022-08-28 05:00:00,0.0,22.0,23.0,130.0,1014.2,5.5,0.258621,94.0
2022-08-28 06:00:00,0.0,21.8,22.5,300.0,1014.0,5.5,0.241379,96.0
2022-08-28 07:00:00,0.0,21.8,22.3,100.0,1013.9,9.3,0.224138,97.0
2022-08-28 08:00:00,0.0,22.8,23.6,77.0,1013.5,8.3,0.224138,95.0
2022-08-28 09:00:00,0.0,21.9,22.2,40.0,1013.4,9.3,0.206897,98.0
2022-08-28 10:00:00,0.0,21.5,22.0,90.0,1013.8,5.5,0.206897,97.0
2022-08-28 11:00:00,0.0,21.2,21.9,0.0,1014.4,0.0,0.206897,96.0
2022-08-28 12:00:00,0.0,22.9,23.4,52.0,1015.2,7.2,0.206897,97.0
2022-08-28 13:00:00,0.0,23.2,25.0,71.0,1015.5,9.7,0.206897,90.0
2022-08-28 14:00:00,0.0,21.9,25.8,110.0,1016.0,5.5,0.137931,79.0
2022-08-28 15:00:00,0.3,21.8,27.8,70.0,1016.2,7.4,0.068966,70.0
2022-08-28 16:00:00,0.4,21.3,28.8,80.0,1016.3,9.3,-0.051724,64.0
2022-08-28 17:00:00,0.8,23.9,29.7,80.0,1015.5,9.0,0.0,71.0
2022-08-28 18:00:00,0.2,23.8,30.4,82.0,1015.2,9.4,-0.017241,68.0
2022-08-28 19:00:00,0.1,21.7,30.3,80.0,1014.7,5.5,-0.051724,60.0
2022-08-28 20:00:00,0.5,21.6,29.4,80.0,1013.7,14.8,-0.068966,63.0
2022-08-28 21:00:00,0.9,21.2,30.4,90.0,1013.4,18.5,-0.086207,58.0
2022-08-28 22:00:00,0.0,24.1,27.4,170.0,1013.4,7.2,0.017241,82.0
2022-08-28 23:00:00,0.0,23.2,28.8,106.0,1013.1,5.8,0.12069,72.0
2022-08-29 00:00:00,0.4,23.0,27.2,99.0,1013.7,9.7,0.293103,78.0
2022-08-29 01:00:00,0.0,22.3,25.2,0.0,1014.5,0.0,0.327586,84.0
2022-08-29 02:00:00,0.0,22.4,24.0,0.0,1015.5,0.0,0.344828,91.0
2022-08-29 03:00:00,0.0,22.4,24.0,92.0,1015.2,4.0,0.344828,91.0
2022-08-29 04:00:00,0.0,22.4,23.6,90.0,1015.5,5.5,0.310345,93.0
2022-08-29 05:00:00,0.0,22.4,23.2,0.0,1015.5,0.0,0.275862,95.0
2022-08-29 06:00:00,0.0,22.1,22.8,0.0,1015.2,0.0,0.258621,96.0
2022-08-29 07:00:00,0.0,22.4,22.7,30.0,1014.8,7.4,0.241379,98.0
2022-08-29 08:00:00,0.0,22.4,22.9,65.0,1014.9,6.5,0.224138,97.0
2022-08-29 09:00:00,0.0,22.0,22.5,50.0,1014.4,5.5,0.224138,97.0
2022-08-29 10:00:00,0.0,22.4,22.7,80.0,1014.7,7.4,0.241379,98.0
2022-08-29 11:00:00,0.0,22.4,23.1,90.0,1015.3,11.1,0.275862,96.0
2022-08-29 12:00:00,0.0,22.8,23.6,80.0,1015.7,7.4,0.344828,95.0
2022-08-29 13:00:00,0.0,23.1,25.0,69.0,1016.1,15.1,0.362069,89.0
2022-08-29 14:00:00,0.0,23.5,25.8,70.0,1016.3,13.0,0.344828,87.0
2022-08-29 15:00:00,0.0,22.5,27.6,60.0,1016.8,13.0,0.293103,74.0
2022-08-29 16:00:00,0.0,22.8,28.8,90.0,1016.7,18.5,0.189655,70.0
2022-08-29 17:00:00,0.0,22.2,30.6,76.0,1016.3,12.6,0.172414,61.0
2022-08-29 18:00:00,0.0,23.0,30.9,86.0,1015.9,11.9,0.051724,63.0
2022-08-29 19:00:00,0.0,21.4,31.5,100.0,1015.0,7.4,0.086207,55.0
2022-08-29 20:00:00,0.0,20.9,32.0,90.0,1014.3,7.4,0.086207,52.0
2022-08-29 21:00:00,0.4,22.8,29.1,150.0,1014.1,13.0,0.103448,69.0
2022-08-29 22:00:00,0.1,23.1,28.2,177.0,1013.3,4.3,0.103448,74.0
2022-08-29 23:00:00,0.0,22.1,31.1,80.0,1013.4,7.4,0.206897,59.0
2022-08-30 00:00:00,0.1,22.4,27.9,140.0,1014.0,9.3,0.275862,72.0
2022-08-30 01:00:00,0.0,22.7,26.6,130.0,1014.8,5.5,0.37931,79.0
2022-08-30 02:00:00,0.0,23.5,25.6,119.0,1016.1,5.0,0.37931,88.0
2022-08-30 03:00:00,0.0,23.5,25.1,100.0,1015.9,4.3,0.362069,91.0
2022-08-30 04:00:00,0.0,23.2,25.0,30.0,1016.1,7.4,0.344828,90.0
2022-08-30 05:00:00,0.0,23.2,24.6,140.0,1016.2,7.4,0.293103,92.0
2022-08-30 06:00:00,0.0,22.9,23.6,0.0,1015.9,0.0,0.275862,96.0
2022-08-30 07:00:00,0.0,22.8,23.8,56.0,1015.2,4.0,0.258621,94.0
2022-08-30 08:00:00,0.0,23.1,23.4,0.0,1014.8,0.0,0.258621,98.0
2022-08-30 09:00:00,0.0,22.9,23.4,0.0,1014.7,0.0,0.224138,97.0
2022-08-30 10:00:00,0.0,22.9,23.2,30.0,1015.7,5.5,0.241379,98.0
2022-08-30 11:00:00,0.0,23.0,23.5,40.0,1015.7,7.4,0.275862,97.0
2022-08-30 12:00:00,0.0,22.9,23.2,39.0,1016.0,4.3,0.327586,98.0
2022-08-30 13:00:00,0.0,23.6,25.4,66.0,1016.3,4.0,0.344828,90.0
2022-08-30 14:00:00,0.0,23.3,27.3,0.0,1016.3,0.0,0.293103,79.0
2022-08-30 15:00:00,0.0,23.2,28.8,140.0,1015.7,7.4,0.155172,72.0
2022-08-30 16:00:00,0.0,22.7,30.3,70.0,1015.0,7.4,0.051724,64.0
2022-08-30 17:00:00,0.0,23.1,31.5,64.0,1014.2,7.6,0.017241,61.0
2022-08-30 18:00:00,0.0,23.1,32.1,98.0,1014.5,7.9,0.0,59.0
2022-08-30 19:00:00,0.0,21.2,32.7,120.0,1014.5,5.5,0.0,51.0
2022-08-30 20:00:00,0.9,20.5,33.0,0.0,1013.5,0.0,0.051724,48.0
2022-08-30 21:00:00,0.0,22.8,32.1,280.0,1012.6,3.6,0.12069,58.0
2022-08-30 22:00:00,0.3,22.8,30.6,166.0,1012.7,10.4,0.189655,63.0
2022-08-30 23:00:00,0.2,22.2,29.5,330.0,1013.1,7.4,0.206897,65.0
2022-08-31 00:00:00,0.0,22.9,27.3,0.0,1013.8,0.0,0.362069,77.0
2022-08-31 01:00:00,0.0,23.8,25.8,200.0,1013.9,7.4,0.413793,89.0
2022-08-31 02:00:00,0.0,22.6,26.1,0.0,1014.5,0.0,0.431034,81.0
2022-08-31 03:00:00,0.0,23.2,24.6,259.0,1014.7,4.7,0.413793,92.0
2022-08-31 04:00:00,0.0,23.1,24.5,253.0,1015.0,6.1,0.37931,92.0
2022-08-31 05:00:00,0.0,22.9,24.3,0.0,1014.8,0.0,0.362069,92.0
2022-08-31 06:00:00,0.0,22.9,24.1,350.0,1014.6,5.5,0.310345,93.0
2022-08-31 07:00:00,0.0,23.4,23.9,231.0,1014.2,5.0,0.293103,97.0
2022-08-31 08:00:00,0.0,23.0,24.0,0.0,1014.1,0.0,0.275862,94.0
2022-08-31 09:00:00,0.0,22.5,23.9,360.0,1014.1,5.5,0.258621,92.0
2022-08-31 10:00:00,0.0,22.5,23.3,0.0,1014.3,0.0,0.275862,95.0
2022-08-31 11:00:00,0.0,22.7,23.4,20.0,1015.0,7.4,0.327586,96.0
2022-08-31 12:00:00,0.0,23.2,23.4,334.0,1015.3,0.4,0.362069,99.0
2022-08-31 13:00:00,0.0,22.0,25.7,50.0,1015.5,13.0,0.37931,80.0
2022-08-31 14:00:00,0.0,22.1,27.4,50.0,1015.7,9.3,0.310345,73.0
2022-08-31 15:00:00,0.0,22.7,28.2,10.0,1015.8,5.5,0.189655,72.0
2022-08-31 16:00:00,0.0,23.0,31.4,140.0,1015.5,5.5,0.224138,61.0
2022-08-31 17:00:00,0.0,23.6,30.9,64.0,1015.1,3.2,0.12069,65.0
2022-08-31 18:00:00,0.0,23.2,30.8,360.0,1014.5,11.1,0.103448,64.0
2022-08-31 19:00:00,0.0,22.9,31.3,340.0,1013.7,9.3,0.189655,61.0
2022-08-31 20:00:00,0.0,22.0,32.5,10.0,1013.1,11.1,0.258621,54.0
2022-08-31 21:00:00,0.5,23.8,29.6,233.0,1012.8,5.0,0.206897,71.0
2022-08-31 22:00:00,0.0,24.3,30.1,196.0,1012.5,3.2,0.103448,71.0
2022-08-31 23:00:00,0.4,24.0,28.2,206.0,1013.1,12.2,0.137931,78.0
2022-09-01 00:00:00,0.1,23.0,26.5,190.0,1013.7,7.4,0.224138,81.0
2022-09-01 01:00:00,0.1,23.3,25.4,130.0,1014.4,9.3,0.344828,88.0
2022-09-01 02:00:00,0.0,23.1,24.7,130.0,1014.7,7.4,0.362069,91.0
2022-09-01 03:00:00,0.0,23.1,24.0,185.0,1014.8,6.8,0.344828,95.0
2022-09-01 04:00:00,0.0,22.8,24.0,110.0,1014.6,7.4,0.310345,93.0
2022-09-01 05:00:00,0.0,22.9,23.4,194.0,1014.6,5.0,0.275862,97.0
2022-09-01 06:00:00,0.0,22.5,23.2,0.0,1014.6,0.0,0.241379,96.0
2022-09-01 07:00:00,0.0,22.3,23.0,0.0,1014.3,0.0,0.224138,96.0
2022-09-01 08:00:00,0.0,22.8,23.0,359.0,1014.3,3.2,0.206897,99.0
2022-09-01 09:00:00,0.0,22.4,22.9,0.0,1014.2,0.0,0.206897,97.0
2022-09-01 10:00:00,0.0,22.2,22.5,0.0,1014.2,0.0,0.224138,98.0
2022-09-01 11:00:00,0.0,22.1,22.6,0.0,1014.8,0.0,0.258621,97.0
2022-09-01 12:00:00,0.0,23.4,23.6,117.0,1015.3,4.7,0.310345,99.0
2022-09-01 13:00:00,0.0,22.8,25.3,140.0,1015.6,5.5,0.327586,86.0
2022-09-01 14:00:00,0.0,23.3,27.7,110.0,1015.5,5.5,0.258621,77.0
2022-09-01 15:00:00,0.1,22.8,29.1,0.0,1015.8,0.0,0.137931,69.0
2022-09-01 16:00:00,0.2,23.8,29.1,143.0,1016.0,10.8,0.051724,73.0
2022-09-01 17:00:00,0.1,23.9,30.2,154.0,1015.7,10.8,0.017241,69.0
2022-09-01 18:00:00,0.1,22.4,30.8,330.0,1015.2,5.5,0.017241,61.0
2022-09-01 19:00:00,0.0,22.6,30.2,0.0,1014.2,0.0,0.034483,64.0
2022-09-01 20:00:00,0.3,23.0,28.8,0.0,1014.2,0.0,0.0,71.0
2022-09-01 21:00:00,0.1,23.0,28.5,218.0,1013.9,6.8,0.103448,72.0
2022-09-01 22:00:00,0.0,23.2,24.2,100.0,1013.8,16.7,0.275862,94.0
2022-09-01 23:00:00,0.0,23.1,27.5,173.0,1013.4,7.6,0.258621,77.0
2022-09-02 00:00:00,0.0,23.0,23.9,0.0,1013.9,0.0,0.241379,95.0
2022-09-02 01:00:00,0.0,22.7,24.8,153.0,1014.6,9.4,0.241379,88.0
2022-09-02 02:00:00,0.0,22.7,24.4,143.0,1015.6,6.5,0.258621,90.0
2022-09-02 03:00:00,0.0,21.3,23.2,170.0,1015.8,5.5,0.241379,89.0
2022-09-02 04:00:00,0.0,21.5,23.0,0.0,1015.4,0.0,0.224138,91.0
2022-09-02 05:00:00,0.0,21.2,22.6,0.0,1015.5,0.0,0.189655,92.0
2022-09-02 06:00:00,0.0,21.6,22.3,40.0,1015.4,7.4,0.172414,96.0
2022-09-02 07:00:00,0.0,22.9,23.2,115.0,1015.1,4.3,0.172414,98.0
2022-09-02 08:00:00,0.0,21.9,22.4,80.0,1015.3,5.5,0.155172,97.0
2022-09-02 09:00:00,0.0,22.2,22.7,140.0,1016.1,7.4,0.155172,97.0
2022-09-02 10:00:00,0.4,22.4,22.9,56.0,1015.9,6.5,0.172414,97.0
2022-09-02 11:00:00,0.0,22.7,23.0,130.0,1016.5,7.4,0.189655,98.0
2022-09-02 12:00:00,0.0,22.6,23.1,97.0,1016.9,8.3,0.206897,97.0
2022-09-02 13:00:00,0.0,23.0,24.0,130.0,1017.5,9.3,0.224138,94.0
2022-09-02 14:00:00,0.1,22.9,26.6,80.0,1017.3,7.4,0.189655,80.0
2022-09-02 15:00:00,0.1,22.9,26.4,128.0,1017.7,10.4,0.137931,81.0
2022-09-02 16:00:00,0.2,22.4,29.7,100.0,1017.3,13.0,0.137931,65.0
2022-09-02 17:00:00,0.2,23.4,29.2,138.0,1017.2,11.9,-0.034483,71.0
2022-09-02 18:00:00,0.0,22.0,30.4,170.0,1017.0,14.8,0.0,61.0
2022-09-02 19:00:00,0.0,21.7,30.6,150.0,1016.3,14.8,-0.017241,59.0
2022-09-02 20:00:00,0.6,22.3,26.0,240.0,1016.0,9.3,0.103448,80.0
2022-09-02 21:00:00,0.5,22.5,27.1,183.0,1016.4,13.7,0.017241,76.0
2022-09-02 22:00:00,0.0,22.8,27.4,182.0,1016.0,6.5,0.275862,76.0
2022-09-02 23:00:00,0.0,22.9,27.3,187.0,1016.4,8.3,0.155172,77.0
2022-09-03 00:00:00,0.0,23.1,26.4,172.0,1016.6,6.1,0.155172,82.0
2022-09-03 01:00:00,0.0,23.4,25.3,150.0,1017.3,5.0,0.241379,89.0
2022-09-03 02:00:00,0.4,23.0,24.6,102.0,1018.5,8.3,0.258621,91.0
2022-09-03 03:00:00,0.0,22.8,24.0,0.0,1018.7,0.0,0.241379,93.0
2022-09-03 04:00:00,0.0,22.7,23.2,120.0,1018.7,7.4,0.224138,97.0
2022-09-03 05:00:00,0.0,22.8,23.3,120.0,1018.6,5.5,0.206897,97.0
2022-09-03 06:00:00,0.0,22.5,22.8,91.0,1018.5,4.0,0.189655,98.0
2022-09-03 07:00:00,0.0,22.3,22.6,0.0,1018.4,0.0,0.172414,98.0
2022-09-03 08:00:00,0.0,22.6,22.8,92.0,1018.3,5.8,0.172414,99.0
2022-09-03 09:00:00,0.0,21.7,22.2,90.0,1018.5,5.5,0.172414,97.0
2022-09-03 10:00:00,0.0,21.6,22.1,110.0,1018.6,5.5,0.155172,97.0
2022-09-03 11:00:00,0.3,22.1,22.6,100.0,1019.0,3.6,0.155172,97.0
2022-09-03 12:00:00,0.3,22.1,22.8,80.0,1019.5,7.4,0.155172,96.0
2022-09-03 13:00:00,0.0,22.8,25.1,120.0,1019.8,9.3,0.155172,87.0
2022-09-03 14:00:00,0.0,22.6,27.7,120.0,1019.5,14.8,0.068966,74.0
2022-09-03 15:00:00,0.0,22.4,28.9,120.0,1019.6,9.3,0.0,68.0
2022-09-03 16:00:00,0.0,22.5,28.7,117.0,1019.5,8.6,0.086207,69.0
2022-09-03 17:00:00,0.0,22.0,29.5,120.0,1018.9,9.3,-0.068966,64.0
2022-09-03 18:00:00,0.0,21.6,31.1,170.0,1018.5,16.7,-0.103448,57.0
2022-09-03 19:00:00,0.2,21.8,31.7,170.0,1017.7,13.0,-0.155172,56.0
2022-09-03 20:00:00,0.1,22.5,30.9,174.0,1016.8,5.4,-0.068966,61.0
2022-09-03 21:00:00,0.0,22.3,30.7,168.0,1016.2,4.7,0.172414,61.0
2022-09-03 22:00:00,0.5,21.5,27.0,300.0,1016.7,9.3,0.103448,72.0
2022-09-03 23:00:00,0.7,22.7,26.6,128.0,1016.7,8.3,0.137931,79.0
2022-09-04 00:00:00,1.8,22.8,24.4,87.0,1017.3,9.4,0.224138,91.0
2022-09-04 01:00:00,0.0,23.3,25.1,198.0,1017.1,2.9,0.258621,90.0
2022-09-04 02:00:00,0.0,23.6,24.1,0.0,1017.5,0.0,0.275862,97.0
2022-09-04 03:00:00,0.0,23.3,24.0,98.0,1017.6,4.0,0.258621,96.0
2022-09-04 04:00:00,0.0,23.2,23.7,0.0,1017.6,0.0,0.224138,97.0
2022-09-04 05:00:00,0.0,22.9,23.2,85.0,1017.4,4.0,0.206897,98.0
2022-09-04 06:00:00,0.0,22.5,23.0,0.0,1017.2,0.0,0.189655,97.0
2022-09-04 07:00:00,0.0,22.8,23.0,86.0,1016.7,4.7,0.172414,99.0
2022-09-04 08:00:00,0.0,22.3,23.0,40.0,1016.6,5.5,0.172414,96.0
2022-09-04 09:00:00,0.0,22.4,22.7,109.0,1016.4,6.5,0.172414,98.0
2022-09-04 10:00:00,0.0,21.8,22.5,0.0,1016.5,0.0,0.155172,96.0
2022-09-04 11:00:00,0.0,21.9,22.1,100.0,1016.7,4.7,0.155172,99.0
2022-09-04 12:00:00,0.0,22.2,22.9,0.0,1017.5,0.0,0.155172,96.0
2022-09-04 13:00:00,0.1,23.1,25.2,140.0,1017.6,5.5,0.172414,88.0
2022-09-04 14:00:00,0.0,22.9,27.3,0.0,1017.6,0.0,0.086207,77.0
2022-09-04 15:00:00,0.0,22.1,30.2,160.0,1017.3,5.5,-0.017241,62.0
2022-09-04 16:00:00,0.0,23.6,28.5,156.0,1017.2,5.8,-0.103448,75.0
2022-09-04 17:00:00,0.1,21.9,30.3,180.0,1016.6,7.4,-0.172414,61.0
2022-09-04 18:00:00,0.0,22.1,31.4,160.0,1016.0,11.1,-0.12069,58.0
2022-09-04 19:00:00,0.0,22.7,29.0,80.0,1014.6,9.3,-0.137931,69.0
2022-09-04 20:00:00,0.0,23.4,26.1,220.0,1013.5,14.8,0.051724,85.0
2022-09-04 21:00:00,0.2,22.5,28.0,226.0,1013.9,17.3,0.103448,72.0
2022-09-04 22:00:00,0.0,23.1,27.1,178.0,1014.1,11.9,-0.017241,79.0
2022-09-04 23:00:00,0.0,22.9,24.5,170.0,1014.4,9.3,0.068966,91.0
2022-09-05 00:00:00,0.0,23.3,25.8,180.0,1014.3,7.9,0.155172,86.0
2022-09-05 01:00:00,0.0,23.4,25.0,168.0,1014.9,6.5,0.224138,91.0
2022-09-05 02:00:00,0.0,23.4,24.8,176.0,1015.4,6.1,0.241379,92.0
2022-09-05 03:00:00,0.0,23.2,23.5,137.0,1015.1,4.0,0.241379,98.0
2022-09-05 04:00:00,0.0,23.1,23.4,100.0,1015.2,6.5,0.206897,98.0
2022-09-05 05:00:00,0.0,22.9,23.2,120.0,1015.1,5.0,0.206897,98.0
2022-09-05 06:00:00,0.0,22.7,23.0,102.0,1014.6,5.4,0.189655,98.0
2022-09-05 07:00:00,0.0,22.1,22.6,0.0,1014.6,0.0,0.172414,97.0
2022-09-05 08:00:00,0.0,22.4,22.7,0.0,1014.0,0.0,0.172414,98.0
2022-09-05 09:00:00,0.0,22.2,22.7,0.0,1014.2,0.0,0.155172,97.0
2022-09-05 10:00:00,0.0,22.0,22.5,0.0,1014.6,0.0,0.155172,97.0
2022-09-05 11:00:00,0.1,23.4,23.7,198.0,1015.1,6.1,0.155172,98.0
2022-09-05 12:00:00,0.1,22.1,22.8,0.0,1015.7,0.0,0.155172,96.0
2022-09-05 13:00:00,0.0,23.8,25.9,200.0,1015.8,9.3,0.172414,88.0
2022-09-05 14:00:00,0.0,23.5,27.9,210.0,1016.3,11.1,0.12069,77.0
2022-09-05 15:00:00,0.0,24.3,28.3,195.0,1016.3,7.6,0.017241,79.0
2022-09-05 16:00:00,0.0,24.5,29.6,198.0,1016.4,9.0,-0.103448,74.0
2022-09-05 17:00:00,0.0,22.0,30.9,210.0,1016.1,11.1,-0.137931,59.0
2022-09-05 18:00:00,0.0,21.4,30.6,200.0,1015.7,9.3,-0.068966,58.0
2022-09-05 19:00:00,0.0,23.3,29.6,240.0,1015.3,9.3,-0.172414,69.0
2022-09-05 20:00:00,0.0,22.4,31.1,210.0,1014.6,10.1,0.0,60.0
2022-09-05 21:00:00,0.8,22.8,28.3,209.0,1014.6,16.2,0.034483,72.0
2022-09-05 22:00:00,0.0,23.0,28.5,222.0,1014.6,10.8,-0.051724,72.0
2022-09-05 23:00:00,0.0,23.8,27.4,237.0,1015.4,6.5,0.189655,81.0
2022-09-06 00:00:00,0.0,23.9,25.9,229.0,1015.6,5.4,0.189655,89.0
2022-09-06 01:00:00,0.0,23.8,25.4,206.0,1016.1,5.4,0.241379,91.0
2022-09-06 02:00:00,0.0,23.8,24.7,214.0,1016.8,5.4,0.275862,95.0
2022-09-06 03:00:00,0.0,23.2,23.9,0.0,1017.0,0.0,0.258621,96.0
2022-09-06 04:00:00,0.0,23.0,24.2,240.0,1016.8,5.5,0.241379,93.0
2022-09-06 05:00:00,0.0,23.0,23.3,272.0,1016.8,6.1,0.224138,98.0
2022-09-06 06:00:00,0.0,22.8,23.1,271.0,1016.3,6.1,0.189655,98.0
2022-09-06 07:00:00,0.0,22.6,23.4,0.0,1016.2,0.0,0.189655,95.0
2022-09-06 08:00:00,0.0,22.6,22.9,0.0,1016.1,0.0,0.172414,98.0
2022-09-06 09:00:00,0.0,22.1,22.4,0.0,1015.9,0.0,0.172414,98.0
2022-09-06 10:00:00,0.0,22.4,22.6,271.0,1016.5,5.4,0.172414,99.0
2022-09-06 11:00:00,0.0,21.0,21.5,180.0,1017.0,5.5,0.224138,97.0
2022-09-06 12:00:00,0.0,22.2,22.9,0.0,1017.7,0.0,0.258621,96.0
2022-09-06 13:00:00,0.0,22.7,26.6,340.0,1017.9,7.4,0.275862,79.0
2022-09-06 14:00:00,0.0,22.9,28.4,300.0,1017.8,5.5,0.241379,72.0
2022-09-06 15:00:00,0.0,23.2,28.8,275.0,1018.0,6.8,0.103448,72.0
2022-09-06 16:00:00,0.0,21.8,29.9,280.0,1017.9,7.4,0.034483,62.0
2022-09-06 17:00:00,0.0,21.3,30.5,310.0,1017.3,5.5,-0.017241,58.0
2022-09-06 18:00:00,0.0,20.0,31.7,310.0,1016.6,11.1,-0.034483,50.0
2022-09-06 19:00:00,0.0,20.4,31.4,320.0,1016.5,7.4,0.0,52.0
2022-09-06 20:00:00,0.0,21.7,31.9,276.0,1015.6,12.2,-0.017241,55.0
2022-09-06 21:00:00,1.1,22.8,29.1,261.0,1015.9,13.0,0.068966,69.0
2022-09-06 22:00:00,0.1,23.3,28.2,214.0,1015.4,8.6,0.137931,75.0
2022-09-06 23:00:00,0.0,21.7,29.2,0.0,1015.2,0.0,0.224138,64.0
2022-09-07 00:00:00,0.0,24.0,26.3,0.0,1015.5,0.0,0.258621,87.0
2022-09-07 01:00:00,0.0,23.5,26.4,222.0,1016.2,7.2,0.310345,84.0
2022-09-07 02:00:00,0.0,23.3,25.2,0.0,1016.8,0.0,0.327586,89.0
2022-09-07 03:00:00,0.0,23.3,24.3,0.0,1016.8,0.0,0.310345,94.0
2022-09-07 04:00:00,0.0,23.1,24.0,0.0,1016.5,0.0,0.275862,95.0
2022-09-07 05:00:00,0.0,22.5,23.9,0.0,1016.4,0.0,0.241379,92.0
2022-09-07 06:00:00,0.0,22.9,24.1,262.0,1015.7,6.8,0.224138,93.0
2022-09-07 07:00:00,0.0,22.5,23.2,0.0,1015.6,0.0,0.206897,96.0
2022-09-07 08:00:00,0.0,22.4,23.1,0.0,1015.4,0.0,0.206897,96.0
2022-09-07 09:00:00,0.0,22.7,23.7,286.0,1015.3,6.8,0.189655,94.0
2022-09-07 10:00:00,0.0,22.6,23.6,310.0,1014.9,7.6,0.206897,94.0
2022-09-07 11:00:00,0.0,22.1,23.5,328.0,1015.2,6.5,0.241379,92.0
2022-09-07 12:00:00,0.0,22.4,23.4,340.0,1015.5,5.5,0.293103,94.0
2022-09-07 13:00:00,0.0,22.4,25.1,0.0,1015.5,0.0,0.327586,85.0
2022-09-07 14:00:00,0.0,22.1,26.5,0.0,1015.4,0.0,0.293103,77.0
2022-09-07 15:00:00,0.0,22.2,27.5,359.0,1015.7,6.5,0.224138,73.0
2022-09-07 16:00:00,0.0,22.1,27.8,335.0,1015.5,5.8,0.189655,71.0
2022-09-07 17:00:00,0.0,21.0,28.7,280.0,1014.9,5.5,0.137931,63.0
2022-09-07 18:00:00,0.0,20.3,29.4,0.0,1014.1,0.0,0.155172,58.0
2022-09-07 19:00:00,0.0,20.1,30.1,0.0,1013.4,0.0,0.137931,55.0
2022-09-07 20:00:00,0.0,20.6,30.4,268.0,1012.1,6.1,0.051724,56.0
2022-09-07 21:00:00,0.0,20.8,30.0,310.0,1011.8,7.4,0.172414,58.0
2022-09-07 22:00:00,3.0,22.3,23.5,280.0,1011.9,14.0,0.189655,93.0
2022-09-07 23:00:00,1.3,22.3,23.3,242.0,1011.1,4.3,0.189655,94.0
2022-09-08 00:00:00,0.6,22.3,23.1,253.0,1011.6,3.2,0.275862,95.0
2022-09-08 01:00:00,0.0,22.1,22.8,232.0,1012.2,5.4,0.293103,96.0
2022-09-08 02:00:00,0.0,21.6,25.9,238.0,1011.9,8.3,0.293103,77.0
2022-09-08 03:00:00,0.0,22.3,24.2,0.0,1011.9,0.0,0.293103,89.0
2022-09-08 04:00:00,0.0,22.6,24.2,0.0,1011.7,0.0,0.258621,91.0
2022-09-08 05:00:00,0.0,20.2,24.5,306.0,1011.3,7.6,0.224138,77.0
2022-09-08 06:00:00,0.0,19.9,24.0,302.0,1010.6,6.5,0.206897,78.0
2022-09-08 07:00:00,0.0,22.3,23.9,0.0,1009.9,0.0,0.206897,91.0
2022-09-08 08:00:00,0.0,22.2,23.2,0.0,1009.7,0.0,0.206897,94.0
2022-09-08 09:00:00,0.0,21.8,22.8,0.0,1009.4,0.0,0.189655,94.0
2022-09-08 10:00:00,0.0,19.9,22.2,346.0,1009.3,6.8,0.206897,87.0
2022-09-08 11:00:00,0.0,20.2,22.3,14.0,1009.7,5.0,0.241379,88.0
2022-09-08 12:00:00,0.0,21.8,23.2,40.0,1009.6,7.4,0.275862,92.0
2022-09-08 13:00:00,0.0,21.6,25.9,80.0,1009.4,7.4,0.293103,77.0
2022-09-08 14:00:00,0.0,20.9,26.6,38.0,1009.4,6.8,0.224138,71.0
2022-09-08 15:00:00,0.0,21.3,28.5,62.0,1009.5,7.2,0.137931,65.0
2022-09-08 16:00:00,0.0,21.4,30.0,160.0,1009.4,11.1,0.017241,60.0
2022-09-08 17:00:00,0.0,20.4,30.1,130.0,1008.7,9.3,-0.017241,56.0
2022-09-08 18:00:00,1.2,21.0,30.2,160.0,1008.6,20.4,0.068966,58.0
2022-09-08 19:00:00,0.0,22.5,27.5,178.0,1007.7,5.8,0.068966,74.0
2022-09-08 20:00:00,0.6,22.0,26.8,144.0,1006.9,5.8,0.189655,75.0
2022-09-08 21:00:00,0.0,22.0,28.0,168.0,1006.5,4.3,0.293103,70.0
2022-09-08 22:00:00,0.4,22.0,27.3,142.0,1006.3,6.1,0.362069,73.0
2022-09-08 23:00:00,0.0,22.0,26.6,98.0,1006.4,2.9,0.258621,76.0
2022-09-09 00:00:00,0.0,22.6,25.1,79.0,1006.7,4.7,0.224138,86.0
2022-09-09 01:00:00,0.0,22.3,25.2,79.0,1007.1,7.9,0.224138,84.0
2022-09-09 02:00:00,0.1,21.9,24.4,70.0,1008.0,15.8,0.224138,86.0
2022-09-09 03:00:00,0.0,19.6,23.5,64.0,1008.1,6.8,0.224138,79.0
2022-09-09 04:00:00,0.0,19.7,23.1,71.0,1008.1,7.9,0.206897,81.0
2022-09-09 05:00:00,0.0,21.0,22.2,0.0,1008.1,0.0,0.172414,93.0
2022-09-09 06:00:00,0.0,20.4,23.1,63.0,1008.0,9.4,0.172414,85.0
2022-09-09 07:00:00,0.0,20.8,22.9,70.0,1007.7,12.2,0.155172,88.0
2022-09-09 08:00:00,0.0,21.0,21.8,70.0,1007.6,11.1,0.155172,95.0
2022-09-09 09:00:00,0.0,21.4,22.1,65.0,1007.7,8.6,0.155172,96.0
2022-09-09 10:00:00,0.0,21.3,21.8,62.0,1007.6,10.8,0.155172,97.0
2022-09-09 11:00:00,0.0,21.0,21.7,80.0,1008.2,13.0,0.206897,96.0
2022-09-09 12:00:00,0.0,21.6,22.3,66.0,1008.9,11.5,0.241379,96.0
2022-09-09 13:00:00,0.0,21.5,23.4,110.0,1008.8,14.8,0.258621,89.0
2022-09-09 14:00:00,0.2,21.8,24.5,77.0,1009.1,18.0,0.241379,85.0
2022-09-09 15:00:00,0.2,22.0,25.1,74.0,1009.5,17.3,0.206897,83.0
2022-09-09 16:00:00,0.0,21.3,26.8,90.0,1009.9,18.5,0.137931,72.0
2022-09-09 17:00:00,0.0,21.7,26.9,90.0,1009.3,13.0,0.034483,73.0
2022-09-09 18:00:00,0.0,21.5,28.2,120.0,1009.1,11.1,0.051724,67.0
2022-09-09 19:00:00,0.1,21.2,27.9,98.0,1008.5,15.5,0.034483,67.0
2022-09-09 20:00:00,0.0,20.8,28.3,104.0,1007.7,15.5,0.017241,64.0
2022-09-09 21:00:00,0.3,22.0,27.5,50.0,1007.5,14.8,0.189655,72.0
2022-09-09 22:00:00,0.0,21.4,27.1,116.0,1007.7,13.3,0.137931,71.0
2022-09-09 23:00:00,1.6,22.5,25.0,113.0,1008.4,12.2,0.155172,86.0
2022-09-10 00:00:00,0.3,22.3,23.5,82.0,1008.8,10.1,0.189655,93.0
2022-09-10 01:00:00,0.5,22.3,24.0,100.0,1010.1,13.0,0.224138,90.0
2022-09-10 02:00:00,1.5,22.2,22.9,106.0,1010.9,9.7,0.224138,96.0
2022-09-10 03:00:00,0.0,22.4,23.2,97.0,1011.4,9.4,0.224138,95.0
2022-09-10 04:00:00,0.0,21.8,22.8,104.0,1011.6,11.2,0.206897,94.0
2022-09-10 05:00:00,0.6,21.9,22.6,89.0,1011.5,6.8,0.189655,96.0
2022-09-10 06:00:00,0.0,21.9,22.6,94.0,1011.3,8.3,0.172414,96.0
2022-09-10 07:00:00,0.0,22.5,23.0,70.0,1011.1,9.3,0.155172,97.0
2022-09-10 08:00:00,0.0,22.6,23.1,100.0,1011.3,13.0,0.155172,97.0
2022-09-10 09:00:00,0.0,21.9,22.2,85.0,1011.7,7.6,0.155172,98.0
2022-09-10 10:00:00,0.2,22.0,22.3,115.0,1012.1,10.8,0.155172,98.0
2022-09-10 11:00:00,0.0,22.7,23.4,120.0,1012.8,9.3,0.155172,96.0
2022-09-10 12:00:00,0.6,23.0,23.7,140.0,1013.6,11.1,0.172414,96.0
2022-09-10 13:00:00,0.0,22.6,24.9,160.0,1014.1,11.1,0.172414,87.0
2022-09-10 14:00:00,0.9,22.2,23.9,146.0,1015.2,13.3,0.155172,90.0
2022-09-10 15:00:00,0.1,22.6,26.3,160.0,1015.8,14.8,0.086207,80.0
2022-09-10 16:00:00,0.1,22.6,26.3,180.0,1015.9,18.5,0.034483,80.0
2022-09-10 17:00:00,0.3,22.7,25.2,150.0,1016.0,11.1,0.034483,86.0
2022-09-10 18:00:00,0.1,22.3,27.3,167.0,1015.8,18.7,0.137931,74.0
2022-09-10 19:00:00,0.2,22.3,26.2,174.0,1015.1,14.0,0.155172,79.0
2022-09-10 20:00:00,0.3,22.2,24.7,190.0,1014.9,16.7,0.155172,86.0
2022-09-10 21:00:00,0.0,22.9,26.6,158.0,1014.6,12.6,0.068966,80.0
2022-09-10 22:00:00,0.2,22.9,26.2,154.0,1014.7,13.7,0.086207,82.0
2022-09-10 23:00:00,1.1,22.9,24.5,154.0,1015.4,8.6,0.12069,91.0
2022-09-11 00:00:00,0.0,22.9,24.1,157.0,1015.6,12.6,0.172414,93.0
2022-09-11 01:00:00,0.1,22.4,24.0,50.0,1016.3,7.4,0.206897,91.0
2022-09-11 02:00:00,0.0,22.6,23.3,137.0,1017.2,7.6,0.206897,96.0
2022-09-11 03:00:00,0.0,21.6,22.8,0.0,1017.2,0.0,0.206897,93.0
2022-09-11 04:00:00,0.0,22.9,23.4,120.0,1017.3,8.3,0.206897,97.0
2022-09-11 05:00:00,0.0,23.1,23.4,113.0,1017.4,7.9,0.189655,98.0
2022-09-11 06:00:00,0.0,23.3,23.6,106.0,1017.6,7.6,0.172414,98.0
2022-09-11 07:00:00,0.0,21.4,22.4,160.0,1017.3,5.5,0.155172,94.0
2022-09-11 08:00:00,0.0,20.8,22.2,160.0,1016.7,7.4,0.155172,92.0
2022-09-11 09:00:00,0.0,22.9,22.9,110.0,1016.6,9.0,0.155172,100.0
2022-09-11 10:00:00,0.0,22.7,23.0,133.0,1016.9,10.8,0.155172,98.0
2022-09-11 11:00:00,0.0,20.6,21.6,150.0,1017.2,5.5,0.137931,94.0
2022-09-11 12:00:00,0.9,21.9,23.1,140.0,1018.1,7.4,0.137931,93.0
2022-09-11 13:00:00,0.2,22.8,24.6,140.0,1018.3,5.5,0.155172,90.0
2022-09-11 14:00:00,0.0,22.3,24.2,184.0,1018.5,11.2,0.068966,89.0
2022-09-11 15:00:00,1.3,23.8,24.3,10.0,1019.1,7.4,0.12069,97.0
2022-09-11 16:00:00,0.5,22.0,24.1,164.0,1019.0,11.5,0.155172,88.0
2022-09-11 17:00:00,0.2,24.0,24.3,250.0,1018.1,5.5,0.172414,98.0
2022-09-11 18:00:00,0.1,22.7,26.6,195.0,1017.4,10.8,0.172414,79.0
2022-09-11 19:00:00,0.2,22.9,26.8,198.0,1016.6,10.4,0.155172,79.0
2022-09-11 20:00:00,0.2,23.0,25.9,0.0,1015.8,0.0,0.137931,84.0
2022-09-11 21:00:00,0.1,22.9,25.8,230.0,1015.2,7.4,0.034483,84.0
2022-09-11 22:00:00,0.0,23.6,27.1,179.0,1014.9,7.6,0.051724,81.0
2022-09-11 23:00:00,1.1,23.2,26.1,211.0,1015.5,10.1,0.051724,84.0
2022-09-12 00:00:00,0.2,23.7,25.1,169.0,1015.5,7.2,0.155172,92.0
2022-09-12 01:00:00,0.0,23.6,24.5,155.0,1015.9,9.7,0.206897,95.0
2022-09-12 02:00:00,0.0,21.8,22.3,190.0,1016.5,5.5,0.224138,97.0
2022-09-12 03:00:00,0.0,22.0,22.5,170.0,1016.3,5.5,0.206897,97.0
2022-09-12 04:00:00,0.0,22.1,22.4,180.0,1016.4,5.5,0.189655,98.0
2022-09-12 05:00:00,0.0,22.5,22.8,176.0,1016.1,5.8,0.172414,98.0
2022-09-12 06:00:00,0.1,21.5,22.0,0.0,1015.5,0.0,0.172414,97.0
2022-09-12 07:00:00,0.0,21.2,21.9,0.0,1014.8,0.0,0.155172,96.0
2022-09-12 08:00:00,0.0,22.5,22.7,210.0,1014.2,2.9,0.155172,99.0
2022-09-12 09:00:00,0.0,21.3,22.1,0.0,1014.0,0.0,0.137931,95.0
2022-09-12 10:00:00,0.0,21.5,21.5,198.0,1014.1,6.5,0.155172,100.0
2022-09-12 11:00:00,0.0,20.7,21.5,0.0,1014.7,0.0,0.206897,95.0
2022-09-12 12:00:00,0.0,21.1,22.1,0.0,1014.3,0.0,0.258621,94.0
2022-09-12 13:00:00,0.0,22.7,23.4,308.0,1014.6,2.9,0.293103,96.0
2022-09-12 14:00:00,0.0,23.0,24.6,316.0,1015.0,5.0,0.258621,91.0
2022-09-12 15:00:00,0.0,21.4,26.2,0.0,1015.1,0.0,0.172414,75.0
2022-09-12 16:00:00,0.0,21.5,28.0,50.0,1014.9,5.5,0.034483,68.0
2022-09-12 17:00:00,0.2,21.7,30.3,230.0,1013.9,7.4,-0.017241,60.0
2022-09-12 18:00:00,0.0,22.4,30.2,235.0,1013.2,6.1,-0.086207,63.0
2022-09-12 19:00:00,0.0,22.0,30.7,238.0,1012.1,9.7,-0.068966,60.0
2022-09-12 20:00:00,0.4,19.4,30.0,240.0,1011.0,9.3,0.051724,53.0
2022-09-12 21:00:00,7.5,22.3,23.9,360.0,1012.1,13.0,0.051724,91.0
2022-09-12 22:00:00,0.0,21.7,24.2,295.0,1011.1,6.8,0.155172,86.0
2022-09-12 23:00:00,0.0,22.6,24.7,243.0,1011.1,4.0,0.258621,88.0
2022-09-13 00:00:00,0.0,22.9,23.7,226.0,1011.5,5.0,0.206897,95.0
2022-09-13 01:00:00,0.0,22.7,23.4,218.0,1012.0,6.1,0.241379,96.0
2022-09-13 02:00:00,0.0,22.5,23.2,226.0,1012.4,5.8,0.258621,96.0
2022-09-13 03:00:00,0.0,22.0,22.7,0.0,1012.6,0.0,0.241379,96.0
2022-09-13 04:00:00,0.0,22.0,22.3,252.0,1012.4,5.0,0.224138,98.0
2022-09-13 05:00:00,0.0,21.7,22.0,260.0,1012.4,4.7,0.189655,98.0
2022-09-13 06:00:00,0.0,21.3,21.6,280.0,1012.4,4.7,0.172414,98.0
2022-09-13 07:00:00,0.0,21.7,22.0,0.0,1012.2,0.0,0.172414,98.0
2022-09-13 08:00:00,0.0,21.4,21.7,284.0,1012.0,4.7,0.155172,98.0
2022-09-13 09:00:00,0.0,20.9,21.6,330.0,1011.8,7.6,0.155172,96.0
2022-09-13 10:00:00,0.0,19.8,21.5,10.0,1012.0,11.1,0.155172,90.0
2022-09-13 11:00:00,0.0,19.2,20.9,360.0,1012.4,9.3,0.206897,90.0
2022-09-13 12:00:00,0.0,17.9,20.9,30.0,1013.3,11.1,0.258621,83.0
2022-09-13 13:00:00,0.0,14.6,22.2,50.0,1013.8,14.8,0.293103,62.0
2022-09-13 14:00:00,0.0,17.9,22.6,16.0,1014.0,9.7,0.224138,75.0
2022-09-13 15:00:00,0.0,13.6,24.7,60.0,1014.3,13.0,0.086207,50.0
2022-09-13 16:00:00,0.0,15.5,26.1,50.0,1014.6,11.1,-0.017241,52.0
2022-09-13 17:00:00,0.0,17.8,27.4,45.0,1014.2,6.5,-0.086207,56.0
2022-09-13 18:00:00,0.0,18.2,28.1,40.0,1013.6,4.3,-0.137931,55.0
2022-09-13 19:00:00,0.0,18.5,28.7,29.0,1013.2,2.9,-0.086207,54.0
2022-09-13 20:00:00,0.0,15.5,28.2,360.0,1012.2,7.4,-0.103448,46.0
2022-09-13 21:00:00,0.0,15.4,28.5,10.0,1011.7,9.3,0.0,45.0
2022-09-13 22:00:00,0.0,17.5,29.0,343.0,1011.4,2.2,0.017241,50.0
2022-09-13 23:00:00,0.0,20.6,27.5,354.0,1011.8,3.2,0.068966,66.0
2022-09-14 00:00:00,0.0,17.9,23.9,12.0,1012.5,8.3,0.189655,69.0
2022-09-14 01:00:00,0.0,14.4,22.8,354.0,1013.5,7.9,0.293103,59.0
2022-09-14 02:00:00,0.0,10.6,21.5,4.0,1014.3,7.9,0.293103,50.0
2022-09-14 03:00:00,0.0,9.8,20.6,1.0,1014.7,8.3,0.258621,50.0
2022-09-14 04:00:00,0.0,10.0,19.9,9.0,1014.7,8.3,0.224138,53.0
2022-09-14 05:00:00,0.0,14.4,17.5,0.0,1014.9,0.0,0.206897,82.0
2022-09-14 06:00:00,0.0,13.6,17.5,0.0,1015.3,0.0,0.189655,78.0
2022-09-14 07:00:00,0.0,13.5,17.2,0.0,1015.1,0.0,0.172414,79.0
2022-09-14 08:00:00,0.0,14.3,16.1,0.0,1015.0,0.0,0.172414,89.0
2022-09-14 09:00:00,0.0,12.2,16.4,44.0,1015.1,6.8,0.172414,76.0
2022-09-14 10:00:00,0.0,13.9,16.1,0.0,1015.2,0.0,0.172414,87.0
2022-09-14 11:00:00,0.0,13.4,16.3,0.0,1015.7,0.0,0.206897,83.0
2022-09-14 12:00:00,0.0,13.7,18.0,40.0,1016.1,5.5,0.258621,76.0
2022-09-14 13:00:00,0.0,15.0,22.1,60.0,1016.5,9.3,0.275862,64.0
2022-09-14 14:00:00,0.0,15.0,22.4,28.0,1016.8,6.5,0.206897,63.0
2022-09-14 15:00:00,0.0,14.9,26.1,60.0,1016.5,11.1,0.103448,50.0
2022-09-14 16:00:00,0.0,12.9,27.7,70.0,1016.9,14.8,-0.017241,40.0
2022-09-14 17:00:00,0.0,13.1,27.9,57.0,1017.1,11.2,-0.103448,40.0
2022-09-14 18:00:00,0.0,13.2,28.5,65.0,1016.8,10.4,-0.137931,39.0
2022-09-14 19:00:00,0.0,13.2,29.4,40.0,1016.3,11.1,-0.12069,37.0
2022-09-14 20:00:00,0.0,13.1,29.3,44.0,1015.4,9.4,-0.12069,37.0
2022-09-14 21:00:00,0.0,13.4,29.2,38.0,1014.7,9.4,-0.068966,38.0
2022-09-14 22:00:00,0.0,14.4,28.6,32.0,1014.6,9.0,0.0,42.0
2022-09-14 23:00:00,0.0,16.6,26.4,37.0,1014.9,6.1,0.034483,55.0
2022-09-15 00:00:00,0.0,17.8,22.7,90.0,1015.4,5.5,0.155172,74.0
2022-09-15 01:00:00,0.0,17.0,21.0,0.0,1016.5,0.0,0.258621,78.0
2022-09-15 02:00:00,0.0,13.5,22.1,79.0,1017.2,8.6,0.275862,58.0
2022-09-15 03:00:00,0.0,12.8,21.4,77.0,1017.6,9.0,0.258621,58.0
2022-09-15 04:00:00,0.0,13.1,20.1,88.0,1017.6,8.3,0.224138,64.0
2022-09-15 05:00:00,0.0,16.1,19.3,0.0,1017.6,0.0,0.206897,82.0
2022-09-15 06:00:00,0.0,15.8,18.4,350.0,1017.4,5.5,0.172414,85.0
2022-09-15 07:00:00,0.0,14.5,18.0,63.0,1017.1,7.6,0.172414,80.0
2022-09-15 08:00:00,0.0,14.4,17.9,53.0,1017.1,6.8,0.155172,80.0
2022-09-15 09:00:00,0.0,14.5,17.8,40.0,1017.2,7.6,0.155172,81.0
2022-09-15 10:00:00,0.0,14.9,17.8,30.0,1017.9,9.3,0.172414,83.0
2022-09-15 11:00:00,0.0,15.0,17.9,50.0,1018.1,5.5,0.206897,83.0
2022-09-15 12:00:00,0.0,14.8,17.9,53.0,1018.9,11.5,0.258621,82.0
2022-09-15 13:00:00,0.0,16.3,20.3,47.0,1019.5,11.2,0.275862,78.0
2022-09-15 14:00:00,0.0,17.4,22.9,53.0,1019.8,12.6,0.224138,71.0
2022-09-15 15:00:00,0.0,19.0,26.6,110.0,1020.1,18.5,0.086207,63.0
2022-09-15 16:00:00,0.0,16.5,28.6,100.0,1019.7,16.7,0.0,48.0
2022-09-15 17:00:00,0.0,15.2,29.0,60.0,1019.3,22.2,-0.068966,43.0
2022-09-15 18:00:00,0.0,17.2,29.3,68.0,1018.7,14.4,-0.12069,48.0
2022-09-15 19:00:00,0.0,16.4,29.6,64.0,1018.1,13.7,-0.12069,45.0
2022-09-15 20:00:00,0.0,15.7,30.0,100.0,1017.7,13.0,-0.086207,42.0
2022-09-15 21:00:00,0.0,15.1,29.3,67.0,1017.1,14.8,-0.034483,42.0
2022-09-15 22:00:00,0.0,16.3,28.7,65.0,1017.1,13.0,0.017241,47.0
2022-09-15 23:00:00,0.0,17.2,27.0,59.0,1017.4,8.6,0.051724,55.0
2022-09-16 00:00:00,0.0,16.1,24.4,47.0,1017.9,7.9,0.189655,60.0
2022-09-16 01:00:00,0.0,15.9,23.6,51.0,1018.6,8.3,0.258621,62.0
2022-09-16 02:00:00,0.0,16.0,21.5,60.0,1019.1,9.3,0.258621,71.0
2022-09-16 03:00:00,0.0,15.4,21.8,90.0,1019.2,8.3,0.258621,67.0
2022-09-16 04:00:00,0.0,15.7,20.9,69.0,1019.3,7.6,0.224138,72.0
2022-09-16 05:00:00,0.0,15.5,20.3,55.0,1019.6,8.3,0.206897,74.0
2022-09-16 06:00:00,0.0,15.2,19.5,80.0,1019.3,9.3,0.189655,76.0
2022-09-16 07:00:00,0.0,15.4,19.3,51.0,1019.3,8.6,0.172414,78.0
2022-09-16 08:00:00,0.0,15.4,19.1,46.0,1019.0,9.0,0.155172,79.0
2022-09-16 09:00:00,0.0,15.7,18.3,50.0,1018.8,7.4,0.155172,85.0
2022-09-16 10:00:00,0.0,15.6,18.0,50.0,1019.0,9.3,0.172414,86.0
2022-09-16 11:00:00,0.0,16.0,17.8,60.0,1019.6,7.4,0.224138,89.0
2022-09-16 12:00:00,0.0,15.8,18.7,64.0,1020.3,10.1,0.241379,83.0
2022-09-16 13:00:00,0.0,16.7,20.9,47.0,1020.3,9.7,0.275862,77.0
2022-09-16 14:00:00,0.0,17.3,24.6,120.0,1020.3,14.8,0.206897,64.0
2022-09-16 15:00:00,0.0,16.7,26.5,110.0,1020.5,14.8,0.068966,55.0
2022-09-16 16:00:00,0.0,15.7,28.4,110.0,1020.4,14.8,-0.017241,46.0
2022-09-16 17:00:00,0.0,15.9,29.0,100.0,1019.8,9.3,-0.086207,45.0
2022-09-16 18:00:00,0.0,16.2,29.4,58.0,1019.1,10.1,-0.155172,45.0
2022-09-16 19:00:00,0.0,16.4,29.6,50.0,1018.2,9.3,-0.155172,45.0
2022-09-16 20:00:00,0.0,15.1,29.8,30.0,1017.5,9.3,-0.137931,41.0
2022-09-16 21:00:00,0.0,15.1,29.8,50.0,1017.2,7.4,-0.103448,41.0
2022-09-16 22:00:00,0.0,15.7,29.6,68.0,1017.4,10.4,-0.034483,43.0
2022-09-16 23:00:00,0.0,17.1,27.9,63.0,1017.6,6.5,0.068966,52.0
2022-09-17 00:00:00,0.0,15.6,26.2,34.0,1017.7,7.6,0.189655,52.0
2022-09-17 01:00:00,0.0,17.2,23.2,60.0,1018.2,7.4,0.258621,69.0
2022-09-17 02:00:00,0.0,15.2,24.3,86.0,1019.2,9.0,0.258621,57.0
2022-09-17 03:00:00,0.0,17.7,23.2,124.0,1019.6,7.9,0.241379,71.0
2022-09-17 04:00:00,0.0,16.9,23.1,50.0,1019.4,7.4,0.241379,68.0
2022-09-17 05:00:00,0.0,18.2,22.0,80.0,1019.1,7.4,0.224138,79.0
2022-09-17 06:00:00,0.0,18.0,21.8,0.0,1018.9,0.0,0.206897,79.0
2022-09-17 07:00:00,0.0,19.3,21.4,71.0,1018.8,7.6,0.189655,88.0
2022-09-17 08:00:00,0.0,19.4,21.3,67.0,1018.8,7.9,0.172414,89.0
2022-09-17 09:00:00,0.0,19.1,21.5,0.0,1018.3,0.0,0.172414,86.0
2022-09-17 10:00:00,0.0,18.6,20.7,60.0,1018.5,11.1,0.189655,88.0
2022-09-17 11:00:00,0.0,18.8,20.5,70.0,1018.9,7.4,0.206897,90.0
2022-09-17 12:00:00,0.0,17.5,20.7,61.0,1019.3,11.5,0.224138,82.0
2022-09-17 13:00:00,0.0,18.6,22.6,62.0,1019.8,12.2,0.224138,78.0
2022-09-17 14:00:00,0.0,19.5,25.6,100.0,1019.8,20.4,0.155172,69.0
2022-09-17 15:00:00,0.0,18.9,27.9,120.0,1020.2,14.8,0.034483,58.0
2022-09-17 16:00:00,0.0,19.3,28.6,100.0,1020.1,14.8,-0.051724,57.0
2022-09-17 17:00:00,0.0,19.2,30.1,81.0,1019.5,15.1,-0.12069,52.0
2022-09-17 18:00:00,0.0,18.9,30.8,76.0,1018.9,13.0,-0.189655,49.0
2022-09-17 19:00:00,0.0,18.6,31.2,72.0,1017.9,12.2,-0.155172,47.0
2022-09-17 20:00:00,0.0,18.0,31.4,70.0,1017.2,12.6,-0.189655,45.0
2022-09-17 21:00:00,0.0,17.7,31.0,68.0,1016.7,13.0,-0.103448,45.0
2022-09-17 22:00:00,0.0,17.9,30.5,63.0,1016.5,12.2,-0.051724,47.0
2022-09-17 23:00:00,0.0,18.3,29.2,62.0,1016.8,9.7,0.051724,52.0
2022-09-18 00:00:00,0.0,16.7,27.4,49.0,1017.1,10.1,0.206897,52.0
2022-09-18 01:00:00,0.0,18.6,24.4,50.0,1017.5,5.5,0.275862,70.0
2022-09-18 02:00:00,0.0,15.8,25.8,60.0,1018.1,10.8,0.275862,54.0
2022-09-18 03:00:00,0.0,16.1,24.6,75.0,1018.2,9.7,0.241379,59.0
2022-09-18 04:00:00,0.0,16.4,23.9,97.0,1018.1,11.5,0.224138,63.0
2022-09-18 05:00:00,0.0,17.2,21.4,80.0,1017.6,9.3,0.206897,77.0
2022-09-18 06:00:00,0.0,16.3,22.0,69.0,1017.3,9.0,0.189655,70.0
2022-09-18 07:00:00,0.0,16.2,21.5,65.0,1017.3,8.3,0.155172,72.0
2022-09-18 08:00:00,0.0,16.7,20.7,59.0,1017.4,6.8,0.155172,78.0
2022-09-18 09:00:00,0.0,17.0,20.0,20.0,1017.5,5.5,0.155172,83.0
2022-09-18 10:00:00,0.0,18.0,20.2,37.0,1017.5,7.6,0.137931,87.0
2022-09-18 11:00:00,0.0,18.1,20.0,29.0,1017.8,9.4,0.137931,89.0
2022-09-18 12:00:00,0.0,17.9,20.3,32.0,1018.3,11.5,0.137931,86.0
2022-09-18 13:00:00,0.0,18.1,22.3,32.0,1018.9,10.4,0.137931,77.0
2022-09-18 14:00:00,0.0,19.5,24.9,40.0,1019.1,13.0,0.068966,72.0
2022-09-18 15:00:00,0.0,18.8,27.5,60.0,1018.6,11.1,-0.051724,59.0
2022-09-18 16:00:00,0.0,16.6,29.4,30.0,1018.5,27.8,-0.137931,46.0
2022-09-18 17:00:00,0.0,18.5,30.1,29.0,1017.8,15.8,-0.224138,50.0
2022-09-18 18:00:00,0.0,16.3,29.9,40.0,1017.1,22.2,-0.241379,44.0
2022-09-18 19:00:00,0.0,15.9,30.7,50.0,1016.3,20.4,-0.241379,41.0
2022-09-18 20:00:00,0.0,16.0,30.3,60.0,1015.2,16.7,-0.224138,42.0
2022-09-18 21:00:00,0.0,16.4,30.4,40.0,1014.8,16.7,-0.155172,43.0
2022-09-18 22:00:00,0.0,17.0,30.6,51.0,1014.5,16.9,-0.068966,44.0
2022-09-18 23:00:00,0.0,17.7,27.9,40.0,1014.4,9.3,0.051724,54.0
2022-09-19 00:00:00,0.0,17.2,25.5,0.0,1014.8,0.0,0.206897,60.0
2022-09-19 01:00:00,0.0,17.8,26.8,50.0,1015.7,12.2,0.293103,58.0
2022-09-19 02:00:00,0.0,18.2,25.8,43.0,1016.2,10.4,0.293103,63.0
2022-09-19 03:00:00,0.0,18.4,25.2,30.0,1016.3,9.4,0.275862,66.0
2022-09-19 04:00:00,0.0,16.9,23.6,20.0,1016.1,9.3,0.258621,66.0
2022-09-19 05:00:00,0.0,18.1,22.3,30.0,1015.7,11.1,0.224138,77.0
2022-09-19 06:00:00,0.0,18.6,23.5,23.0,1015.4,9.4,0.189655,74.0
2022-09-19 07:00:00,0.0,18.5,23.0,29.0,1015.3,9.7,0.172414,76.0
2022-09-19 08:00:00,0.0,18.3,22.5,37.0,1015.5,9.7,0.172414,77.0
2022-09-19 09:00:00,0.0,18.3,21.9,36.0,1015.5,9.0,0.172414,80.0
2022-09-19 10:00:00,0.0,18.7,20.2,0.0,1015.9,0.0,0.172414,91.0
2022-09-19 11:00:00,0.0,18.4,21.2,24.0,1016.2,9.4,0.206897,84.0
2022-09-19 12:00:00,0.0,18.3,21.3,26.0,1016.4,10.4,0.258621,83.0
2022-09-19 13:00:00,0.0,19.3,23.4,40.0,1017.1,9.3,0.275862,78.0
2022-09-19 14:00:00,0.0,19.9,25.8,50.0,1017.4,14.8,0.206897,70.0
2022-09-19 15:00:00,0.0,19.2,28.2,30.0,1017.5,20.4,0.068966,58.0
2022-09-19 16:00:00,0.0,17.1,30.0,36.0,1016.3,16.6,0.0,46.0
2022-09-19 17:00:00,0.0,16.7,31.1,36.0,1015.8,16.2,-0.051724,42.0
2022-09-19 18:00:00,0.0,18.0,30.6,30.0,1015.2,20.4,-0.086207,47.0
2022-09-19 19:00:00,0.0,17.6,31.3,40.0,1014.4,16.7,-0.068966,44.0
2022-09-19 20:00:00,0.0,17.8,31.1,60.0,1013.8,16.7,-0.017241,45.0
2022-09-19 21:00:00,0.0,15.8,32.8,52.0,1013.2,16.2,0.034483,36.0
2022-09-19 22:00:00,0.0,15.5,32.5,62.0,1012.9,13.0,0.068966,36.0
2022-09-19 23:00:00,0.0,16.7,30.7,62.0,1013.2,7.6,0.12069,43.0
2022-09-20 00:00:00,0.0,15.7,28.1,31.0,1013.6,9.7,0.258621,47.0
2022-09-20 01:00:00,0.0,15.1,27.4,28.0,1014.2,9.7,0.344828,47.0
2022-09-20 02:00:00,0.0,16.7,25.9,29.0,1015.2,7.9,0.344828,57.0
2022-09-20 03:00:00,0.0,16.9,24.9,33.0,1015.3,7.6,0.310345,61.0
2022-09-20 04:00:00,0.0,19.4,20.9,0.0,1015.2,0.0,0.275862,91.0
2022-09-20 05:00:00,0.0,18.2,21.0,0.0,1015.1,0.0,0.241379,84.0
2022-09-20 06:00:00,0.0,17.2,22.0,42.0,1015.2,6.5,0.224138,74.0
2022-09-20 07:00:00,0.0,17.3,21.9,25.0,1015.0,6.5,0.206897,75.0
2022-09-20 08:00:00,0.0,17.4,19.8,0.0,1015.0,0.0,0.206897,86.0
2022-09-20 09:00:00,0.0,17.8,19.1,0.0,1015.1,0.0,0.189655,92.0
2022-09-20 10:00:00,0.0,17.4,18.9,10.0,1015.3,5.5,0.206897,91.0
2022-09-20 11:00:00,0.0,17.1,19.9,27.0,1015.8,6.5,0.241379,84.0
2022-09-20 12:00:00,0.0,17.2,20.6,18.0,1016.3,7.9,0.275862,81.0
2022-09-20 13:00:00,0.0,18.2,23.5,30.0,1016.8,5.5,0.310345,72.0
2022-09-20 14:00:00,0.0,17.8,26.5,50.0,1017.0,9.3,0.241379,59.0
2022-09-20 15:00:00,0.0,17.6,29.1,50.0,1016.8,13.0,0.12069,50.0
2022-09-20 16:00:00,0.0,16.2,31.0,53.0,1016.7,9.0,0.034483,41.0
2022-09-20 17:00:00,0.0,15.8,32.3,48.0,1015.9,9.7,-0.017241,37.0
2022-09-20 18:00:00,0.0,16.7,31.6,60.0,1015.1,13.0,-0.051724,41.0
2022-09-20 19:00:00,0.0,16.3,32.4,40.0,1014.1,13.0,-0.051724,38.0
2022-09-20 20:00:00,0.0,16.3,33.9,50.0,1013.4,9.7,-0.017241,35.0
2022-09-20 21:00:00,0.0,15.8,33.8,50.0,1012.9,11.2,0.051724,34.0
2022-09-20 22:00:00,0.0,16.0,33.1,52.0,1012.6,11.2,0.155172,36.0
2022-09-20 23:00:00,0.0,19.0,29.3,360.0,1012.9,9.3,0.172414,54.0
2022-09-21 00:00:00,0.0,18.2,29.7,352.0,1013.3,12.6,0.293103,50.0
2022-09-21 01:00:00,0.0,18.8,28.7,356.0,1014.1,11.9,0.362069,55.0
2022-09-21 02:00:00,0.0,19.2,27.7,4.0,1014.5,9.0,0.344828,60.0
2022-09-21 03:00:00,0.0,20.1,23.5,0.0,1014.4,0.0,0.310345,81.0
2022-09-21 04:00:00,0.0,20.5,22.8,0.0,1013.9,0.0,0.275862,87.0
2022-09-21 05:00:00,0.0,20.5,21.9,0.0,1013.8,0.0,0.258621,92.0
2022-09-21 06:00:00,0.0,19.5,23.8,85.0,1013.6,5.4,0.224138,77.0
2022-09-21 07:00:00,0.0,19.1,23.4,94.0,1013.7,7.2,0.206897,77.0
2022-09-21 08:00:00,0.0,19.1,20.3,0.0,1013.5,0.0,0.206897,93.0
2022-09-21 09:00:00,0.0,19.9,20.6,0.0,1013.6,0.0,0.189655,96.0
2022-09-21 10:00:00,0.0,18.8,20.0,0.0,1014.0,0.0,0.206897,93.0
2022-09-21 11:00:00,0.0,19.3,21.0,56.0,1014.6,6.1,0.241379,90.0
2022-09-21 12:00:00,0.0,19.4,21.7,37.0,1015.0,5.4,0.293103,87.0
2022-09-21 13:00:00,0.0,20.3,24.6,31.0,1015.5,5.0,0.310345,77.0
2022-09-21 14:00:00,0.0,22.6,27.7,40.0,1015.4,7.4,0.241379,74.0
2022-09-21 15:00:00,0.0,21.9,30.0,30.0,1015.5,7.4,0.12069,62.0
2022-09-21 16:00:00,0.0,14.1,31.9,76.0,1015.1,12.6,0.034483,34.0
2022-09-21 17:00:00,0.0,13.8,32.6,76.0,1014.3,14.0,0.0,32.0
2022-09-21 18:00:00,0.0,16.6,32.8,70.0,1013.7,18.5,0.0,38.0
2022-09-21 19:00:00,0.0,16.1,33.2,60.0,1012.8,14.8,-0.034483,36.0
2022-09-21 20:00:00,0.0,14.5,34.0,54.0,1012.1,12.6,0.12069,31.0
2022-09-21 21:00:00,0.0,14.5,34.0,45.0,1011.6,13.7,0.068966,31.0
2022-09-21 22:00:00,0.0,16.0,32.6,40.0,1011.5,9.3,0.12069,37.0
2022-09-21 23:00:00,0.0,17.8,30.4,70.0,1011.6,9.3,0.172414,47.0
2022-09-22 00:00:00,0.0,13.9,30.2,11.0,1011.8,11.9,0.275862,37.0
2022-09-22 01:00:00,0.0,14.0,29.0,24.0,1012.4,10.1,0.362069,40.0
2022-09-22 02:00:00,0.0,18.6,22.6,0.0,1013.1,0.0,0.362069,78.0
2022-09-22 03:00:00,0.0,14.8,26.4,73.0,1013.4,7.6,0.327586,49.0
2022-09-22 04:00:00,0.0,19.3,21.4,0.0,1013.4,0.0,0.293103,88.0
2022-09-22 05:00:00,0.0,19.2,20.7,0.0,1013.4,0.0,0.258621,91.0
2022-09-22 06:00:00,0.0,15.3,24.1,160.0,1013.1,5.4,0.241379,58.0
2022-09-22 07:00:00,0.0,16.1,23.6,188.0,1013.0,5.4,0.224138,63.0
2022-09-22 08:00:00,0.0,17.8,19.3,130.0,1012.6,5.5,0.206897,91.0
2022-09-22 09:00:00,0.0,18.1,18.9,0.0,1012.4,0.0,0.206897,95.0
2022-09-22 10:00:00,0.0,17.4,18.4,0.0,1013.0,0.0,0.224138,94.0
2022-09-22 11:00:00,0.0,16.3,20.1,344.0,1013.3,6.1,0.258621,79.0
2022-09-22 12:00:00,0.0,16.4,21.0,340.0,1013.6,5.8,0.310345,75.0
2022-09-22 13:00:00,0.0,18.2,23.8,0.0,1014.2,0.0,0.310345,71.0
2022-09-22 14:00:00,0.0,18.2,28.7,340.0,1014.2,7.4,0.241379,53.0
2022-09-22 15:00:00,0.0,18.3,30.5,263.0,1014.0,3.6,0.12069,48.0
2022-09-22 16:00:00,0.0,17.8,32.3,272.0,1013.6,4.0,0.051724,42.0
2022-09-22 17:00:00,0.0,17.3,32.7,360.0,1012.9,11.1,0.0,40.0
2022-09-22 18:00:00,0.0,16.9,33.6,330.0,1012.0,11.1,-0.017241,37.0
2022-09-22 19:00:00,0.0,16.6,34.3,10.0,1011.0,9.3,0.017241,35.0
2022-09-22 20:00:00,0.0,16.6,34.8,350.0,1010.1,7.4,0.034483,34.0
2022-09-22 21:00:00,0.0,14.8,35.6,300.0,1009.4,10.4,0.086207,29.0
2022-09-22 22:00:00,0.0,17.2,34.4,340.0,1009.2,5.5,0.155172,36.0
2022-09-22 23:00:00,0.0,18.6,30.2,0.0,1009.2,0.0,0.224138,50.0
2022-09-23 00:00:00,0.0,19.7,27.4,0.0,1009.6,0.0,0.344828,63.0
2022-09-23 01:00:00,0.0,15.0,31.0,336.0,1010.2,10.1,0.413793,38.0
2022-09-23 02:00:00,0.0,16.6,29.1,320.0,1010.7,7.2,0.396552,47.0
2022-09-23 03:00:00,0.0,18.7,28.3,360.0,1011.1,18.5,0.37931,56.0
2022-09-23 04:00:00,0.0,21.0,24.9,330.0,1011.5,11.1,0.344828,79.0
2022-09-23 05:00:00,0.0,16.9,28.0,338.0,1011.9,13.0,0.327586,51.0
2022-09-23 06:00:00,0.0,20.4,24.7,10.0,1012.0,13.0,0.293103,77.0
2022-09-23 07:00:00,0.0,17.8,26.8,17.0,1012.3,11.2,0.275862,58.0
2022-09-23 08:00:00,0.0,20.2,23.7,30.0,1012.5,14.8,0.258621,81.0
2022-09-23 09:00:00,0.0,18.5,22.7,40.0,1012.7,14.8,0.258621,77.0
2022-09-23 10:00:00,0.0,18.3,24.8,30.0,1013.6,14.4,0.275862,67.0
2022-09-23 11:00:00,0.0,14.4,20.8,30.0,1014.6,14.8,0.310345,67.0
2022-09-23 12:00:00,0.0,13.8,23.1,23.0,1015.2,15.1,0.344828,56.0
2022-09-23 13:00:00,0.0,14.1,22.8,80.0,1015.8,18.5,0.344828,58.0
2022-09-23 14:00:00,0.0,13.8,24.9,80.0,1016.3,22.2,0.258621,50.0
2022-09-23 15:00:00,0.0,11.7,26.8,60.0,1016.6,18.7,0.137931,39.0
2022-09-23 16:00:00,0.0,11.6,28.1,60.0,1016.9,17.3,0.017241,36.0
2022-09-23 17:00:00,0.0,12.3,29.4,66.0,1016.2,15.1,-0.051724,35.0
2022-09-23 18:00:00,0.0,13.7,29.1,100.0,1015.7,18.5,-0.12069,39.0
2022-09-23 19:00:00,0.0,11.7,29.2,90.0,1014.9,11.1,-0.137931,34.0
2022-09-23 20:00:00,0.0,12.2,31.4,55.0,1014.4,12.2,-0.155172,31.0
2022-09-23 21:00:00,0.0,11.6,31.2,53.0,1014.3,13.0,-0.103448,30.0
2022-09-23 22:00:00,0.0,12.2,28.7,70.0,1014.5,13.0,-0.017241,36.0
2022-09-23 23:00:00,0.0,14.3,25.2,40.0,1014.7,7.4,0.086207,51.0
2022-09-24 00:00:00,0.0,14.6,21.7,60.0,1015.2,11.1,0.224138,64.0
2022-09-24 01:00:00,0.0,10.9,25.5,33.0,1016.1,13.3,0.310345,40.0
2022-09-24 02:00:00,0.0,10.3,24.8,40.0,1016.9,13.7,0.310345,40.0
2022-09-24 03:00:00,0.0,12.7,20.5,80.0,1017.8,13.0,0.293103,61.0
2022-09-24 04:00:00,0.0,13.1,19.4,90.0,1017.9,7.4,0.275862,67.0
2022-09-24 05:00:00,0.0,10.4,21.6,73.0,1017.8,10.4,0.258621,49.0
2022-09-24 06:00:00,0.0,11.2,20.9,81.0,1017.6,10.4,0.224138,54.0
2022-09-24 07:00:00,0.0,13.3,17.0,100.0,1017.6,7.4,0.206897,79.0
2022-09-24 08:00:00,0.0,12.9,19.7,88.0,1017.7,8.3,0.189655,65.0
2022-09-24 09:00:00,0.0,14.3,16.7,90.0,1017.7,7.4,0.172414,86.0
2022-09-24 10:00:00,0.0,14.5,18.6,81.0,1017.8,7.9,0.172414,77.0
2022-09-24 11:00:00,0.0,14.7,18.2,80.0,1018.1,8.6,0.206897,80.0
2022-09-24 12:00:00,0.0,15.2,18.7,100.0,1018.6,9.3,0.206897,80.0
2022-09-24 13:00:00,0.0,14.5,20.4,80.0,1018.9,10.1,0.206897,69.0
2022-09-24 14:00:00,0.0,14.6,23.6,140.0,1019.1,13.0,0.137931,57.0
2022-09-24 15:00:00,0.0,13.5,26.4,90.0,1018.9,9.3,0.017241,45.0
2022-09-24 16:00:00,0.0,16.0,27.0,88.0,1018.7,7.2,-0.068966,51.0
2022-09-24 17:00:00,0.0,14.7,28.1,70.0,1017.9,14.8,-0.155172,44.0
2022-09-24 18:00:00,0.0,14.0,28.5,40.0,1017.4,11.1,-0.206897,41.0
2022-09-24 19:00:00,0.0,12.6,29.2,360.0,1016.2,11.1,-0.224138,36.0
2022-09-24 20:00:00,0.0,10.8,30.3,51.0,1015.4,7.9,-0.155172,30.0
2022-09-24 21:00:00,0.0,9.8,30.3,49.0,1014.9,9.4,-0.12069,28.0
2022-09-24 22:00:00,0.0,11.8,28.8,40.0,1014.9,11.1,-0.017241,35.0
2022-09-24 23:00:00,0.0,12.7,27.9,55.0,1014.9,6.8,0.086207,39.0
2022-09-25 00:00:00,0.0,11.7,25.2,42.0,1015.1,7.6,0.241379,43.0
2022-09-25 01:00:00,0.0,9.9,24.4,44.0,1015.5,10.4,0.327586,40.0
2022-09-25 02:00:00,0.0,8.4,23.5,61.0,1016.0,9.0,0.327586,38.0
2022-09-25 03:00:00,0.0,13.2,19.2,0.0,1016.0,0.0,0.310345,68.0
2022-09-25 04:00:00,0.0,13.9,18.0,0.0,1016.0,0.0,0.275862,77.0
2022-09-25 05:00:00,0.0,14.3,17.6,0.0,1015.5,0.0,0.258621,81.0
2022-09-25 06:00:00,0.0,12.1,20.1,103.0,1015.2,7.2,0.241379,60.0
2022-09-25 07:00:00,0.0,14.1,17.4,0.0,1015.0,0.0,0.224138,81.0
2022-09-25 08:00:00,0.0,14.6,16.4,0.0,1014.7,0.0,0.224138,89.0
2022-09-25 09:00:00,0.0,14.4,15.9,0.0,1015.0,0.0,0.172414,91.0
2022-09-25 10:00:00,0.0,16.4,18.4,105.0,1014.9,6.8,0.155172,88.0
2022-09-25 11:00:00,0.0,16.5,18.2,119.0,1015.1,6.8,0.155172,90.0
2022-09-25 12:00:00,0.0,15.4,16.5,0.0,1015.3,0.0,0.155172,93.0
2022-09-25 13:00:00,0.0,17.4,21.6,0.0,1015.5,0.0,0.155172,77.0
2022-09-25 14:00:00,0.0,18.1,24.6,0.0,1015.3,0.0,0.086207,67.0
2022-09-25 15:00:00,0.0,19.1,27.0,186.0,1015.1,6.1,-0.017241,62.0
2022-09-25 16:00:00,0.0,17.3,28.8,202.0,1014.3,6.8,-0.137931,50.0
2022-09-25 17:00:00,0.0,14.0,29.8,360.0,1013.8,13.0,-0.189655,38.0
2022-09-25 18:00:00,0.0,15.2,30.7,50.0,1013.1,11.1,-0.206897,39.0
2022-09-25 19:00:00,0.0,16.7,31.6,254.0,1012.2,4.7,-0.206897,41.0
2022-09-25 20:00:00,0.0,16.6,32.3,248.0,1011.2,5.0,-0.155172,39.0
2022-09-25 21:00:00,0.0,15.1,30.6,90.0,1010.6,7.4,-0.103448,39.0
2022-09-25 22:00:00,0.0,15.3,32.3,258.0,1010.1,6.1,0.051724,36.0
2022-09-25 23:00:00,0.0,18.4,26.5,0.0,1010.2,0.0,0.206897,61.0
2022-09-26 00:00:00,0.0,17.6,28.4,212.0,1010.9,5.0,0.258621,52.0
2022-09-26 01:00:00,0.0,17.8,26.7,146.0,1011.4,5.8,0.344828,58.0
2022-09-26 02:00:00,0.0,17.7,23.0,0.0,1012.0,0.0,0.327586,72.0
2022-09-26 03:00:00,0.0,18.3,23.6,210.0,1012.3,11.1,0.293103,72.0
2022-09-26 04:00:00,0.0,19.2,23.0,220.0,1012.2,9.3,0.275862,79.0
2022-09-26 05:00:00,0.0,19.3,22.1,250.0,1012.8,5.5,0.241379,84.0
2022-09-26 06:00:00,0.0,19.3,22.9,228.0,1012.5,10.1,0.224138,80.0
2022-09-26 07:00:00,0.0,19.5,21.9,0.0,1012.4,0.0,0.206897,86.0
2022-09-26 08:00:00,0.0,19.3,20.8,0.0,1012.4,0.0,0.206897,91.0
2022-09-26 09:00:00,0.0,20.6,22.0,254.0,1012.1,7.2,0.189655,92.0
2022-09-26 10:00:00,0.0,20.8,21.6,273.0,1011.8,6.5,0.206897,95.0
2022-09-26 11:00:00,0.0,20.6,21.3,305.0,1012.1,7.6,0.241379,96.0
2022-09-26 12:00:00,0.0,18.6,19.4,0.0,1012.7,0.0,0.275862,95.0
2022-09-26 13:00:00,0.0,18.6,24.2,10.0,1013.1,5.5,0.310345,71.0
2022-09-26 14:00:00,0.0,18.3,27.0,355.0,1013.5,7.6,0.241379,59.0
2022-09-26 15:00:00,0.0,18.7,28.9,353.0,1013.8,10.8,0.103448,54.0
2022-09-26 16:00:00,0.0,17.7,28.8,60.0,1013.2,5.5,0.017241,51.0
2022-09-26 17:00:00,0.0,18.0,30.6,10.0,1012.5,9.3,-0.017241,47.0
2022-09-26 18:00:00,0.0,16.9,31.3,350.0,1011.8,11.1,-0.017241,42.0
2022-09-26 19:00:00,0.0,11.5,33.7,333.0,1011.0,14.0,0.017241,26.0
2022-09-26 20:00:00,0.0,13.0,33.5,324.0,1010.4,12.6,0.017241,29.0
2022-09-26 21:00:00,0.0,15.3,32.3,350.0,1009.8,11.1,0.068966,36.0
2022-09-26 22:00:00,0.0,13.3,31.5,360.0,1009.3,9.3,0.12069,33.0
2022-09-26 23:00:00,0.0,12.2,28.3,360.0,1009.8,9.3,0.224138,37.0
2022-09-27 00:00:00,0.0,11.0,30.0,346.0,1010.8,14.4,0.327586,31.0
2022-09-27 01:00:00,0.0,10.1,28.9,356.0,1012.0,14.0,0.396552,31.0
2022-09-27 02:00:00,0.0,9.9,26.6,360.0,1012.6,14.4,0.37931,35.0
2022-09-27 03:00:00,0.0,12.6,22.7,20.0,1013.1,5.5,0.344828,53.0
2022-09-27 04:00:00,0.0,11.6,21.9,0.0,1013.7,0.0,0.310345,52.0
2022-09-27 05:00:00,0.0,12.8,18.6,0.0,1014.0,0.0,0.275862,69.0
2022-09-27 06:00:00,0.0,12.4,18.2,350.0,1014.1,11.1,0.258621,69.0
2022-09-27 07:00:00,0.0,9.1,21.5,353.0,1014.2,13.3,0.241379,45.0
2022-09-27 08:00:00,0.0,10.0,18.4,30.0,1014.1,11.1,0.224138,58.0
2022-09-27 09:00:00,0.0,10.0,16.8,30.0,1014.0,11.1,0.206897,64.0
2022-09-27 10:00:00,0.0,8.0,19.3,11.0,1014.1,12.2,0.206897,48.0
2022-09-27 11:00:00,0.0,9.6,15.3,0.0,1014.4,0.0,0.241379,69.0
2022-09-27 12:00:00,0.0,9.7,15.8,30.0,1014.9,9.3,0.275862,67.0
2022-09-27 13:00:00,0.0,9.2,19.0,40.0,1015.6,20.4,0.293103,53.0
2022-09-27 14:00:00,0.0,8.5,22.8,60.0,1016.4,20.4,0.224138,40.0
2022-09-27 15:00:00,0.0,6.7,25.0,36.0,1016.3,17.3,0.086207,31.0
2022-09-27 16:00:00,0.0,7.4,24.8,50.0,1016.4,20.4,-0.034483,33.0
2022-09-27 17:00:00,0.0,7.3,25.7,60.0,1015.9,14.8,-0.086207,31.0
2022-09-27 18:00:00,0.0,6.3,27.5,30.0,1015.1,20.4,-0.12069,26.0
2022-09-27 19:00:00,0.0,3.5,29.6,9.0,1014.1,16.6,-0.103448,19.0
2022-09-27 20:00:00,0.0,3.0,29.9,13.0,1013.4,16.2,-0.103448,18.0
2022-09-27 21:00:00,0.0,4.4,27.4,50.0,1013.2,14.8,-0.017241,23.0
2022-09-27 22:00:00,0.0,1.7,28.3,18.0,1013.8,15.1,0.103448,18.0
2022-09-27 23:00:00,0.0,0.2,26.5,10.0,1014.1,12.6,0.068966,18.0
2022-09-28 00:00:00,0.0,-1.1,24.0,356.0,1014.5,11.5,0.206897,19.0
2022-09-28 01:00:00,0.0,5.1,19.8,20.0,1015.4,9.3,0.258621,38.0
2022-09-28 02:00:00,0.0,1.7,22.1,9.0,1016.4,17.3,0.275862,26.0
2022-09-28 03:00:00,0.0,4.6,18.4,30.0,1016.9,16.7,0.275862,40.0
2022-09-28 04:00:00,0.0,5.4,15.5,40.0,1016.9,13.0,0.241379,51.0
2022-09-28 05:00:00,0.0,1.0,20.1,20.0,1017.3,18.7,0.224138,28.0
2022-09-28 06:00:00,0.0,4.5,15.8,30.0,1017.1,14.8,0.189655,47.0
2022-09-28 07:00:00,0.0,4.2,15.8,40.0,1016.7,16.7,0.172414,46.0
2022-09-28 08:00:00,0.0,3.8,15.4,30.0,1017.1,18.5,0.172414,46.0
2022-09-28 09:00:00,0.0,3.5,15.4,40.0,1016.6,24.1,0.155172,45.0
2022-09-28 10:00:00,0.0,0.6,17.5,22.0,1017.1,21.2,0.155172,32.0
2022-09-28 11:00:00,0.0,3.2,15.4,40.0,1017.7,22.2,0.206897,44.0
2022-09-28 12:00:00,0.0,3.2,16.1,50.0,1017.8,25.9,0.258621,42.0
2022-09-28 13:00:00,0.0,3.7,19.1,60.0,1018.3,35.2,0.275862,36.0
2022-09-28 14:00:00,0.0,2.0,19.6,24.0,1018.4,27.4,0.172414,31.0
2022-09-28 15:00:00,0.0,2.3,21.6,25.0,1017.5,29.5,0.068966,28.0
2022-09-28 16:00:00,0.0,5.1,21.6,40.0,1017.9,29.6,0.068966,34.0
2022-09-28 17:00:00,0.0,5.5,22.6,40.0,1017.6,33.3,0.086207,33.0
2022-09-28 18:00:00,0.0,5.3,23.9,40.0,1017.0,37.0,0.0,30.0
2022-09-28 19:00:00,0.0,3.3,26.8,30.0,1015.7,29.9,0.0,22.0
2022-09-28 20:00:00,0.0,2.9,27.1,30.0,1015.0,29.5,0.017241,21.0
2022-09-28 21:00:00,0.0,5.3,24.5,50.0,1014.5,27.8,0.103448,29.0
2022-09-28 22:00:00,0.0,1.9,25.9,25.0,1014.5,29.2,-0.017241,21.0
2022-09-28 23:00:00,0.0,1.8,23.5,17.0,1015.4,25.9,0.017241,24.0
2022-09-29 00:00:00,0.0,1.2,22.2,16.0,1015.6,25.9,0.103448,25.0
2022-09-29 01:00:00,0.0,1.6,21.4,21.0,1016.4,25.9,0.206897,27.0
2022-09-29 02:00:00,0.0,1.5,20.7,23.0,1016.8,26.3,0.241379,28.0
2022-09-29 03:00:00,0.0,4.7,16.3,40.0,1017.1,20.4,0.224138,46.0
2022-09-29 04:00:00,0.0,1.8,18.8,29.0,1016.9,25.9,0.206897,32.0
2022-09-29 05:00:00,0.0,1.4,18.4,28.0,1016.5,26.3,0.189655,32.0
2022-09-29 06:00:00,0.0,3.8,14.7,20.0,1015.9,18.5,0.172414,48.0
2022-09-29 07:00:00,0.0,3.1,14.3,30.0,1015.5,18.5,0.155172,47.0
2022-09-29 08:00:00,0.0,2.8,13.6,30.0,1015.3,20.4,0.155172,48.0
2022-09-29 09:00:00,0.0,1.0,17.0,25.0,1015.8,24.8,0.155172,34.0
2022-09-29 10:00:00,0.0,1.9,16.7,24.0,1015.8,25.2,0.155172,37.0
2022-09-29 11:00:00,0.0,3.6,13.0,30.0,1015.7,20.4,0.189655,53.0
2022-09-29 12:00:00,0.0,4.2,13.9,40.0,1015.9,18.5,0.258621,52.0
2022-09-29 13:00:00,0.0,4.9,16.6,50.0,1016.5,24.1,0.293103,46.0
2022-09-29 14:00:00,0.0,5.7,18.9,60.0,1016.4,31.5,0.206897,42.0
2022-09-29 15:00:00,0.0,4.4,20.8,24.0,1016.0,29.2,0.034483,34.0
2022-09-29 16:00:00,0.0,6.8,21.3,50.0,1015.8,33.3,-0.068966,39.0
2022-09-29 17:00:00,0.0,7.7,23.7,50.0,1015.0,25.9,-0.12069,36.0
2022-09-29 18:00:00,0.0,6.3,24.5,26.0,1014.8,29.9,-0.206897,31.0
2022-09-29 19:00:00,0.0,6.3,24.5,22.0,1013.7,29.2,-0.068966,31.0
2022-09-29 20:00:00,0.0,6.4,24.1,23.0,1013.2,29.9,-0.103448,32.0
2022-09-29 21:00:00,0.0,8.1,22.0,40.0,1012.9,25.9,0.034483,41.0
2022-09-29 22:00:00,0.0,6.2,22.0,19.0,1013.0,28.4,0.137931,36.0
2022-09-29 23:00:00,0.0,6.8,21.7,16.0,1012.9,26.3,0.137931,38.0
2022-09-30 00:00:00,0.0,6.9,21.4,21.0,1013.1,25.2,0.206897,39.0
2022-09-30 01:00:00,0.0,5.8,21.5,26.0,1013.7,25.2,0.241379,36.0
2022-09-30 02:00:00,0.0,8.4,19.1,50.0,1014.2,24.1,0.241379,50.0
2022-09-30 03:00:00,0.0,8.6,18.6,40.0,1014.0,13.0,0.241379,52.0
2022-09-30 04:00:00,0.0,8.3,18.3,20.0,1013.6,7.4,0.224138,52.0
2022-09-30 05:00:00,0.0,5.5,19.1,24.0,1012.9,20.2,0.206897,41.0
2022-09-30 06:00:00,0.0,7.9,17.3,20.0,1012.7,9.3,0.189655,54.0
2022-09-30 07:00:00,0.0,7.9,16.2,350.0,1012.0,9.3,0.189655,58.0
2022-09-30 08:00:00,0.0,6.2,17.7,12.0,1011.6,17.6,0.189655,47.0
2022-09-30 09:00:00,0.0,7.4,15.1,360.0,1011.5,13.0,0.172414,60.0
2022-09-30 10:00:00,0.0,7.0,17.2,4.0,1011.8,16.6,0.189655,51.0
2022-09-30 11:00:00,0.0,7.3,14.3,350.0,1012.6,9.3,0.224138,63.0
2022-09-30 12:00:00,0.0,7.9,15.9,10.0,1012.8,13.0,0.241379,59.0
2022-09-30 13:00:00,0.0,8.4,19.4,10.0,1012.8,22.2,0.241379,49.0
2022-09-30 14:00:00,0.0,8.7,19.4,30.0,1012.8,16.7,0.172414,50.0
2022-09-30 15:00:00,0.0,8.2,22.1,4.0,1012.5,19.1,0.051724,41.0
2022-09-30 16:00:00,0.0,9.9,21.4,10.0,1012.4,16.7,0.051724,48.0
2022-09-30 17:00:00,0.0,10.9,22.4,30.0,1011.7,18.5,0.017241,48.0
2022-09-30 18:00:00,0.0,10.1,26.9,358.0,1011.0,14.4,-0.051724,35.0
2022-09-30 19:00:00,0.0,10.6,27.9,348.0,1009.7,13.7,0.051724,34.0
2022-09-30 20:00:00,0.0,12.0,23.6,50.0,1008.9,20.4,0.034483,48.0
2022-09-30 21:00:00,0.0,12.5,24.2,30.0,1008.3,13.0,-0.017241,48.0
2022-09-30 22:00:00,0.0,11.2,27.1,9.0,1008.4,17.6,0.051724,37.0
2022-09-30 23:00:00,0.0,13.0,21.9,60.0,1008.6,7.4,0.051724,57.0
2022-10-01 00:00:00,0.0,11.0,23.3,315.0,1009.1,12.2,0.137931,46.0
2022-10-01 01:00:00,0.0,11.1,22.3,322.0,1009.9,10.8,0.258621,49.0
2022-10-01 02:00:00,0.0,12.5,20.5,357.0,1010.7,7.2,0.275862,60.0
2022-10-01 03:00:00,0.0,13.7,16.0,0.0,1010.9,0.0,0.258621,86.0
2022-10-01 04:00:00,0.0,12.4,18.2,7.0,1010.7,9.0,0.241379,69.0
2022-10-01 05:00:00,0.0,12.4,14.9,0.0,1010.4,0.0,0.224138,85.0
2022-10-01 06:00:00,0.0,13.1,14.6,290.0,1010.2,5.5,0.206897,91.0
2022-10-01 07:00:00,0.0,12.8,14.1,0.0,1010.4,0.0,0.189655,92.0
2022-10-01 08:00:00,0.0,12.2,13.5,0.0,1010.7,0.0,0.189655,92.0
2022-10-01 09:00:00,0.0,13.0,15.3,297.0,1011.0,7.6,0.172414,86.0
2022-10-01 10:00:00,0.0,12.0,12.8,0.0,1011.6,0.0,0.189655,95.0
2022-10-01 11:00:00,0.0,11.5,12.1,0.0,1012.1,0.0,0.189655,96.0
2022-10-01 12:00:00,0.0,13.1,14.4,0.0,1012.5,0.0,0.224138,92.0
2022-10-01 13:00:00,0.0,12.3,17.4,298.0,1013.1,6.8,0.224138,72.0
2022-10-01 14:00:00,0.0,10.3,20.8,315.0,1013.4,6.8,0.155172,51.0
2022-10-01 15:00:00,0.0,7.5,24.9,310.0,1013.5,11.1,0.017241,33.0
2022-10-01 16:00:00,0.0,8.0,26.5,300.0,1013.2,13.0,-0.103448,31.0
2022-10-01 17:00:00,0.0,6.7,28.0,310.0,1012.1,11.1,-0.189655,26.0
2022-10-01 18:00:00,0.0,5.8,29.0,297.0,1011.5,15.5,-0.293103,23.0
2022-10-01 19:00:00,0.0,2.9,28.8,350.0,1010.6,14.8,-0.275862,19.0
2022-10-01 20:00:00,0.0,2.3,29.0,340.0,1010.2,16.7,-0.258621,18.0
2022-10-01 21:00:00,0.0,2.2,28.9,340.0,1010.1,13.0,-0.189655,18.0
2022-10-01 22:00:00,0.0,4.1,29.4,302.0,1010.1,13.0,-0.068966,20.0
2022-10-01 23:00:00,0.0,5.2,26.9,302.0,1010.5,9.0,0.051724,25.0
2022-10-02 00:00:00,0.0,4.2,24.4,340.0,1011.1,7.4,0.224138,27.0
2022-10-02 01:00:00,0.0,3.7,23.2,322.0,1012.0,14.0,0.293103,28.0
2022-10-02 02:00:00,0.0,3.7,22.1,323.0,1012.8,12.6,0.275862,30.0
2022-10-02 03:00:00,0.0,4.7,21.2,324.0,1013.2,11.2,0.241379,34.0
2022-10-02 04:00:00,0.0,5.6,20.4,340.0,1013.8,10.8,0.206897,38.0
2022-10-02 05:00:00,0.0,6.8,19.4,348.0,1014.0,9.7,0.189655,44.0
2022-10-02 06:00:00,0.0,7.8,14.3,320.0,1014.0,5.5,0.137931,65.0
2022-10-02 07:00:00,0.0,7.4,14.9,0.0,1014.2,0.0,0.137931,61.0
2022-10-02 08:00:00,0.0,7.9,13.9,360.0,1014.0,7.4,0.12069,67.0
2022-10-02 09:00:00,0.0,9.6,15.9,1.0,1014.2,8.3,0.12069,66.0
2022-10-02 10:00:00,0.0,8.8,12.3,0.0,1014.8,0.0,0.12069,79.0
2022-10-02 11:00:00,0.0,9.2,12.2,330.0,1015.4,5.5,0.12069,82.0
2022-10-02 12:00:00,0.0,11.0,15.4,340.0,1015.6,7.4,0.137931,75.0
2022-10-02 13:00:00,0.0,10.6,18.2,323.0,1015.7,10.1,0.137931,61.0
2022-10-02 14:00:00,0.0,10.2,21.4,331.0,1015.9,10.4,0.068966,49.0
2022-10-02 15:00:00,0.0,9.1,23.9,360.0,1015.9,9.3,-0.068966,39.0
2022-10-02 16:00:00,0.0,9.0,26.1,320.0,1015.6,14.8,-0.206897,34.0
2022-10-02 17:00:00,0.0,7.3,27.4,324.0,1014.9,15.8,-0.275862,28.0
2022-10-02 18:00:00,0.0,7.3,28.7,323.0,1014.3,15.8,-0.310345,26.0
2022-10-02 19:00:00,0.0,7.0,29.7,340.0,1013.4,20.4,-0.310345,24.0
2022-10-02 20:00:00,0.0,7.1,29.9,350.0,1012.7,16.7,-0.258621,24.0
2022-10-02 21:00:00,0.0,8.4,29.3,340.0,1012.5,16.7,-0.189655,27.0
2022-10-02 22:00:00,0.0,9.3,28.6,351.0,1012.5,17.6,-0.086207,30.0
2022-10-02 23:00:00,0.0,10.3,26.6,9.0,1013.2,17.3,0.051724,36.0
2022-10-03 00:00:00,0.0,11.4,24.1,20.0,1013.9,11.1,0.206897,45.0
2022-10-03 01:00:00,0.0,11.5,23.8,5.0,1014.6,12.2,0.275862,46.0
2022-10-03 02:00:00,0.0,12.1,20.1,40.0,1015.2,7.4,0.258621,60.0
2022-10-03 03:00:00,0.0,11.7,21.7,360.0,1015.8,10.1,0.224138,53.0
2022-10-03 04:00:00,0.0,12.0,20.8,12.0,1016.1,10.4,0.206897,57.0
2022-10-03 05:00:00,0.0,11.9,17.9,20.0,1016.0,9.3,0.189655,68.0
2022-10-03 06:00:00,0.0,11.8,16.9,40.0,1015.9,14.8,0.172414,72.0
2022-10-03 07:00:00,0.0,12.0,16.0,50.0,1016.1,11.1,0.155172,77.0
2022-10-03 08:00:00,0.0,11.8,18.5,44.0,1016.5,10.4,0.155172,65.0
2022-10-03 09:00:00,0.0,11.4,18.1,61.0,1016.8,13.3,0.137931,65.0
2022-10-03 10:00:00,0.0,12.0,15.0,70.0,1017.0,14.8,0.155172,82.0
2022-10-03 11:00:00,0.0,11.4,13.9,40.0,1017.5,7.4,0.206897,85.0
2022-10-03 12:00:00,0.0,10.9,16.8,56.0,1018.2,14.4,0.241379,68.0
2022-10-03 13:00:00,0.0,10.9,18.6,56.0,1018.8,15.1,0.258621,61.0
2022-10-03 14:00:00,0.0,11.1,20.4,56.0,1019.0,18.0,0.189655,55.0
2022-10-03 15:00:00,0.0,10.7,21.9,80.0,1019.0,16.7,0.034483,49.0
2022-10-03 16:00:00,0.0,11.1,23.4,10.0,1018.6,7.4,-0.068966,46.0
2022-10-03 17:00:00,0.0,10.4,25.3,28.0,1018.0,14.4,-0.155172,39.0
2022-10-03 18:00:00,0.0,10.1,26.4,19.0,1017.2,15.8,-0.206897,36.0
2022-10-03 19:00:00,0.0,11.4,25.6,40.0,1016.3,20.4,-0.172414,41.0
2022-10-03 20:00:00,0.0,10.4,26.7,50.0,1015.8,18.5,-0.068966,36.0
2022-10-03 21:00:00,0.0,10.8,26.2,50.0,1015.0,20.4,-0.086207,38.0
2022-10-03 22:00:00,0.0,9.2,27.3,44.0,1015.2,20.2,-0.017241,32.0
2022-10-03 23:00:00,0.0,8.0,26.5,47.0,1015.3,15.8,0.051724,31.0
2022-10-04 00:00:00,0.0,9.8,23.8,62.0,1016.2,19.4,0.206897,41.0
2022-10-04 01:00:00,0.0,9.9,22.4,67.0,1017.0,18.4,0.293103,45.0
2022-10-04 02:00:00,0.0,10.7,16.2,110.0,1017.8,11.1,0.293103,70.0
2022-10-04 03:00:00,0.0,10.1,20.9,71.0,1018.2,15.1,0.275862,50.0
2022-10-04 04:00:00,0.0,10.3,19.9,80.0,1018.4,10.1,0.241379,54.0
2022-10-04 05:00:00,0.0,10.3,14.3,120.0,1018.3,5.5,0.206897,77.0
2022-10-04 06:00:00,0.0,10.4,13.4,80.0,1018.2,5.5,0.189655,82.0
2022-10-04 07:00:00,0.0,10.8,16.7,72.0,1018.3,8.6,0.172414,68.0
2022-10-04 08:00:00,0.0,10.2,11.5,0.0,1018.3,0.0,0.155172,92.0
2022-10-04 09:00:00,0.0,10.1,11.4,0.0,1018.2,0.0,0.12069,92.0
2022-10-04 10:00:00,0.0,11.0,14.8,68.0,1018.5,6.8,0.137931,78.0
2022-10-04 11:00:00,0.0,9.5,11.1,0.0,1018.9,0.0,0.155172,90.0
2022-10-04 12:00:00,0.0,10.8,14.0,51.0,1019.3,8.3,0.206897,81.0
2022-10-04 13:00:00,0.0,10.8,16.5,50.0,1020.0,9.7,0.224138,69.0
2022-10-04 14:00:00,0.0,10.8,18.7,90.0,1020.4,14.8,0.155172,60.0
2022-10-04 15:00:00,0.0,9.6,21.0,100.0,1020.3,20.4,0.034483,48.0
2022-10-04 16:00:00,0.0,7.6,23.1,110.0,1020.0,22.2,-0.051724,37.0
2022-10-04 17:00:00,0.0,8.1,24.1,130.0,1019.2,7.4,-0.12069,36.0
2022-10-04 18:00:00,0.0,8.6,26.1,66.0,1018.4,11.2,-0.172414,33.0
2022-10-04 19:00:00,0.0,8.6,26.1,70.0,1017.1,11.1,-0.172414,33.0
2022-10-04 20:00:00,0.0,8.9,26.5,40.0,1016.2,11.1,-0.137931,33.0
2022-10-04 21:00:00,0.0,9.2,25.8,70.0,1016.1,13.0,0.0,35.0
2022-10-04 22:00:00,0.0,8.4,26.4,37.0,1016.1,9.7,0.034483,32.0
2022-10-04 23:00:00,0.0,10.2,21.7,40.0,1016.1,5.5,0.12069,48.0
2022-10-05 00:00:00,0.0,10.8,19.3,0.0,1016.4,0.0,0.241379,58.0
2022-10-05 01:00:00,0.0,11.5,16.6,0.0,1017.1,0.0,0.310345,72.0
2022-10-05 02:00:00,0.0,9.2,19.6,29.0,1017.5,6.8,0.310345,51.0
2022-10-05 03:00:00,0.0,9.4,18.6,65.0,1017.7,7.9,0.293103,55.0
2022-10-05 04:00:00,0.0,11.1,14.1,0.0,1017.8,0.0,0.258621,82.0
2022-10-05 05:00:00,0.0,10.9,13.2,0.0,1017.6,0.0,0.241379,86.0
2022-10-05 06:00:00,0.0,11.1,12.5,0.0,1017.5,0.0,0.206897,91.0
2022-10-05 07:00:00,0.0,10.5,11.9,0.0,1017.7,0.0,0.206897,91.0
2022-10-05 08:00:00,0.0,9.9,16.0,236.0,1017.5,5.8,0.189655,67.0
2022-10-05 09:00:00,0.0,10.3,11.7,0.0,1017.5,0.0,0.172414,91.0
2022-10-05 10:00:00,0.0,10.1,11.7,40.0,1017.8,5.5,0.172414,90.0
2022-10-05 11:00:00,0.0,8.6,10.7,0.0,1018.0,0.0,0.206897,87.0
2022-10-05 12:00:00,0.0,11.2,13.9,0.0,1018.3,0.0,0.241379,84.0
2022-10-05 13:00:00,0.0,10.7,17.3,289.0,1018.5,3.6,0.258621,65.0
2022-10-05 14:00:00,0.0,12.2,19.7,30.0,1019.1,5.5,0.224138,62.0
2022-10-05 15:00:00,0.0,10.5,25.0,20.0,1019.1,5.5,0.103448,40.0
2022-10-05 16:00:00,0.0,10.8,26.2,0.0,1018.8,0.0,-0.017241,38.0
2022-10-05 17:00:00,0.0,10.8,27.2,310.0,1017.8,11.1,-0.034483,36.0
2022-10-05 18:00:00,0.0,9.2,27.9,313.0,1016.8,5.8,-0.137931,31.0
2022-10-05 19:00:00,0.0,10.0,28.3,316.0,1015.9,5.8,-0.086207,32.0
2022-10-05 20:00:00,0.0,9.9,28.2,340.0,1015.1,14.8,-0.137931,32.0
2022-10-05 21:00:00,0.0,8.6,27.8,30.0,1014.8,7.4,-0.068966,30.0
2022-10-05 22:00:00,0.0,8.8,28.6,319.0,1015.2,5.0,0.017241,29.0
2022-10-05 23:00:00,0.0,11.5,26.6,60.0,1015.5,9.3,0.103448,39.0
2022-10-06 00:00:00,0.0,11.0,20.0,0.0,1016.1,0.0,0.189655,56.0
2022-10-06 01:00:00,0.0,11.2,17.2,0.0,1016.8,0.0,0.258621,68.0
2022-10-06 02:00:00,0.0,10.8,16.1,19.0,1017.5,7.9,0.241379,71.0
2022-10-06 03:00:00,0.0,7.8,19.7,11.0,1017.5,9.0,0.224138,46.0
2022-10-06 04:00:00,0.0,11.2,14.4,0.0,1017.7,0.0,0.189655,81.0
2022-10-06 05:00:00,0.0,9.4,13.1,210.0,1017.5,5.5,0.172414,78.0
2022-10-06 06:00:00,0.0,10.2,12.3,0.0,1017.5,0.0,0.155172,87.0
2022-10-06 07:00:00,0.0,10.0,11.6,0.0,1017.7,0.0,0.12069,90.0
2022-10-06 08:00:00,0.0,8.8,14.9,321.0,1017.7,7.2,0.103448,67.0
2022-10-06 09:00:00,0.0,9.7,10.9,0.0,1017.8,0.0,0.103448,92.0
2022-10-06 10:00:00,0.0,9.1,10.5,320.0,1018.1,5.5,0.12069,91.0
2022-10-06 11:00:00,0.0,8.9,11.3,0.0,1018.6,0.0,0.155172,85.0
2022-10-06 12:00:00,0.0,10.0,15.0,0.0,1019.0,0.0,0.189655,72.0
2022-10-06 13:00:00,0.0,9.6,17.4,9.0,1019.4,5.0,0.206897,60.0
2022-10-06 14:00:00,0.0,7.8,20.8,70.0,1019.7,5.5,0.155172,43.0
2022-10-06 15:00:00,0.0,4.1,25.6,30.0,1019.7,9.3,0.017241,25.0
2022-10-06 16:00:00,0.0,4.5,27.5,340.0,1019.4,9.3,-0.086207,23.0
2022-10-06 17:00:00,0.0,5.4,28.6,314.0,1018.7,6.5,-0.12069,23.0
2022-10-06 18:00:00,0.0,4.2,29.5,310.0,1017.9,6.8,-0.017241,20.0
2022-10-06 19:00:00,0.0,3.8,29.0,30.0,1017.0,14.8,0.0,20.0
2022-10-06 20:00:00,0.0,4.3,29.6,30.0,1016.4,7.4,0.034483,20.0
2022-10-06 21:00:00,0.0,2.6,30.4,312.0,1016.3,6.5,0.086207,17.0
2022-10-06 22:00:00,0.0,2.9,29.7,306.0,1016.3,6.1,0.189655,18.0
2022-10-06 23:00:00,0.0,7.0,26.5,0.0,1016.6,0.0,0.258621,29.0
2022-10-07 00:00:00,0.0,6.7,20.4,0.0,1017.1,0.0,0.396552,41.0
2022-10-07 01:00:00,0.0,8.5,16.8,0.0,1017.9,0.0,0.327586,58.0
2022-10-07 02:00:00,0.0,4.5,20.0,25.0,1018.9,9.7,0.258621,36.0
2022-10-07 03:00:00,0.0,4.9,20.0,8.0,1019.3,7.9,0.224138,37.0
2022-10-07 04:00:00,0.0,8.8,13.1,0.0,1019.4,0.0,0.206897,75.0
2022-10-07 05:00:00,0.0,8.5,12.8,0.0,1019.3,0.0,0.172414,75.0
2022-10-07 06:00:00,0.0,8.7,12.6,0.0,1019.3,0.0,0.137931,77.0
2022-10-07 07:00:00,0.0,8.8,11.4,310.0,1019.5,5.5,0.137931,84.0
2022-10-07 08:00:00,0.0,6.6,14.5,346.0,1019.3,8.6,0.12069,59.0
2022-10-07 09:00:00,0.0,8.2,11.2,0.0,1019.4,0.0,0.12069,82.0
2022-10-07 10:00:00,0.0,8.2,10.3,0.0,1019.8,0.0,0.137931,87.0
2022-10-07 11:00:00,0.0,9.2,15.3,76.0,1020.4,5.8,0.172414,67.0
2022-10-07 12:00:00,0.0,9.4,15.0,51.0,1020.8,5.4,0.206897,69.0
2022-10-07 13:00:00,0.0,9.0,17.9,24.0,1021.2,5.4,0.224138,56.0
2022-10-07 14:00:00,0.0,9.2,22.8,70.0,1021.7,5.5,0.137931,42.0
2022-10-07 15:00:00,0.0,8.1,27.2,0.0,1021.6,0.0,0.103448,30.0
2022-10-07 16:00:00,0.0,5.6,28.8,38.0,1021.4,5.8,0.068966,23.0
2022-10-07 17:00:00,0.0,4.2,29.5,50.0,1020.7,13.0,0.034483,20.0
2022-10-07 18:00:00,0.0,5.1,30.6,38.0,1019.6,4.3,0.0,20.0
2022-10-07 19:00:00,0.0,3.9,30.0,310.0,1018.5,5.5,0.0,19.0
2022-10-07 20:00:00,0.0,5.1,30.6,160.0,1017.9,5.5,0.017241,20.0
2022-10-07 21:00:00,0.0,5.6,31.2,173.0,1017.5,2.9,0.086207,20.0
2022-10-07 22:00:00,0.0,5.1,30.6,185.0,1017.3,4.0,0.206897,20.0
2022-10-07 23:00:00,0.0,6.4,28.3,0.0,1017.7,0.0,0.344828,25.0
2022-10-08 00:00:00,0.0,9.0,20.0,0.0,1018.4,0.0,0.258621,49.0
2022-10-08 01:00:00,0.0,9.6,18.3,0.0,1019.1,0.0,0.275862,57.0
2022-10-08 02:00:00,0.0,10.1,17.2,0.0,1019.9,0.0,0.258621,63.0
2022-10-08 03:00:00,0.0,7.1,21.2,292.0,1020.2,5.0,0.241379,40.0
2022-10-08 04:00:00,0.0,9.8,15.2,200.0,1020.1,5.5,0.224138,70.0
2022-10-08 05:00:00,0.0,9.3,14.9,0.0,1020.1,0.0,0.206897,69.0
2022-10-08 06:00:00,0.0,9.9,14.9,0.0,1020.0,0.0,0.189655,72.0
2022-10-08 07:00:00,0.0,10.4,19.1,11.0,1020.3,8.3,0.189655,57.0
2022-10-08 08:00:00,0.0,10.5,14.1,0.0,1020.0,0.0,0.172414,79.0
2022-10-08 09:00:00,0.0,10.7,13.5,0.0,1020.1,0.0,0.172414,83.0
2022-10-08 10:00:00,0.0,10.7,13.7,0.0,1020.5,0.0,0.172414,82.0
2022-10-08 11:00:00,0.0,10.5,13.9,360.0,1021.4,5.5,0.189655,80.0
2022-10-08 12:00:00,0.0,9.7,18.6,12.0,1021.9,12.2,0.206897,56.0
2022-10-08 13:00:00,0.0,11.2,19.2,30.0,1022.4,13.0,0.224138,60.0
2022-10-08 14:00:00,0.0,11.6,23.9,30.0,1022.9,22.2,0.137931,46.0
2022-10-08 15:00:00,0.0,10.6,26.5,50.0,1022.8,20.4,0.068966,37.0
2022-10-08 16:00:00,0.0,10.7,28.0,22.0,1022.0,13.3,-0.086207,34.0
2022-10-08 17:00:00,0.0,9.5,29.4,13.0,1021.4,12.6,-0.155172,29.0
2022-10-08 18:00:00,0.0,9.3,29.2,10.0,1020.4,20.4,-0.258621,29.0
2022-10-08 19:00:00,0.0,9.2,29.6,40.0,1019.3,20.4,-0.206897,28.0
2022-10-08 20:00:00,0.0,6.5,29.9,20.0,1018.6,14.8,-0.206897,23.0
2022-10-08 21:00:00,0.0,6.4,29.8,353.0,1018.5,16.9,-0.137931,23.0
2022-10-08 22:00:00,0.0,5.3,29.2,355.0,1018.6,15.8,-0.017241,22.0
2022-10-08 23:00:00,0.0,8.1,25.1,360.0,1019.0,9.3,0.051724,34.0
2022-10-09 00:00:00,0.0,7.8,22.9,360.0,1019.7,9.3,0.206897,38.0
2022-10-09 01:00:00,0.0,8.6,21.3,360.0,1020.4,9.3,0.293103,44.0
2022-10-09 02:00:00,0.0,8.3,20.3,360.0,1020.8,11.1,0.293103,46.0
2022-10-09 03:00:00,0.0,8.3,21.8,352.0,1021.2,14.4,0.275862,42.0
2022-10-09 04:00:00,0.0,7.7,18.3,10.0,1021.7,9.3,0.241379,50.0
2022-10-09 05:00:00,0.0,7.2,16.0,10.0,1021.5,5.5,0.224138,56.0
2022-10-09 06:00:00,0.0,6.4,15.1,20.0,1021.5,5.5,0.206897,56.0
2022-10-09 07:00:00,0.0,5.9,17.7,1.0,1021.5,12.2,0.189655,46.0
2022-10-09 08:00:00,0.0,5.0,14.2,10.0,1021.5,9.3,0.172414,54.0
2022-10-09 09:00:00,0.0,4.7,12.0,30.0,1021.6,11.1,0.155172,61.0
2022-10-09 10:00:00,0.0,3.4,12.5,10.0,1022.0,9.3,0.137931,54.0
2022-10-09 11:00:00,0.0,3.6,14.5,7.0,1022.5,11.5,0.12069,48.0
2022-10-09 12:00:00,0.0,2.8,13.9,12.0,1023.0,9.7,0.12069,47.0
2022-10-09 13:00:00,0.0,3.2,14.0,20.0,1023.6,14.8,0.137931,48.0
2022-10-09 14:00:00,0.0,2.7,18.9,40.0,1024.2,9.3,0.068966,34.0
2022-10-09 15:00:00,0.0,1.9,21.7,20.0,1023.9,14.8,-0.086207,27.0
2022-10-09 16:00:00,0.0,-1.6,24.2,359.0,1023.5,10.8,-0.206897,18.0
2022-10-09 17:00:00,0.0,1.0,24.8,10.0,1022.8,16.7,-0.293103,21.0
2022-10-09 18:00:00,0.0,2.7,26.9,340.0,1022.0,16.7,-0.293103,21.0
2022-10-09 19:00:00,0.0,3.3,27.6,350.0,1020.6,11.1,-0.310345,21.0
2022-10-09 20:00:00,0.0,3.6,27.9,350.0,1020.0,16.7,-0.275862,21.0
2022-10-09 21:00:00,0.0,0.1,28.3,332.0,1019.8,11.2,-0.241379,16.0
2022-10-09 22:00:00,0.0,0.3,27.5,325.0,1019.6,10.8,-0.137931,17.0
2022-10-09 23:00:00,0.0,2.0,22.5,340.0,1019.8,9.3,0.017241,26.0
2022-10-10 00:00:00,0.0,3.6,18.2,340.0,1020.5,7.4,0.12069,38.0
2022-10-10 01:00:00,0.0,0.9,21.2,326.0,1021.1,10.1,0.189655,26.0
2022-10-10 02:00:00,0.0,0.6,19.6,335.0,1021.8,9.7,0.172414,28.0
2022-10-10 03:00:00,0.0,4.1,14.7,340.0,1021.9,7.4,0.172414,49.0
2022-10-10 04:00:00,0.0,4.4,13.8,330.0,1022.1,5.5,0.155172,53.0
2022-10-10 05:00:00,0.0,4.7,12.2,360.0,1021.9,7.4,0.137931,60.0
2022-10-10 06:00:00,0.0,3.1,13.0,20.0,1021.7,9.3,0.12069,51.0
2022-10-10 07:00:00,0.0,2.0,15.9,345.0,1021.5,12.6,0.103448,39.0
2022-10-10 08:00:00,0.0,3.7,12.5,10.0,1020.9,9.3,0.103448,55.0
2022-10-10 09:00:00,0.0,3.3,12.9,360.0,1020.9,9.3,0.103448,52.0
2022-10-10 10:00:00,0.0,3.3,12.1,360.0,1021.4,7.4,0.12069,55.0
2022-10-10 11:00:00,0.0,4.1,10.6,360.0,1022.0,5.5,0.155172,64.0
2022-10-10 12:00:00,0.0,4.4,13.3,358.0,1022.2,11.2,0.189655,55.0
2022-10-10 13:00:00,0.0,4.8,15.2,40.0,1022.6,9.3,0.224138,50.0
2022-10-10 14:00:00,0.0,8.1,19.4,60.0,1022.9,11.1,0.155172,48.0
2022-10-10 15:00:00,0.0,7.7,21.5,31.0,1023.1,9.4,0.017241,41.0
2022-10-10 16:00:00,0.0,9.8,23.8,360.0,1023.0,7.4,-0.086207,41.0
2022-10-10 17:00:00,0.0,7.7,25.6,31.0,1022.0,9.0,-0.155172,32.0
2022-10-10 18:00:00,0.0,8.5,26.0,50.0,1021.1,16.7,-0.206897,33.0
2022-10-10 19:00:00,0.0,6.7,26.7,40.0,1020.3,14.8,-0.189655,28.0
2022-10-10 20:00:00,0.0,7.5,28.3,12.0,1019.6,10.1,-0.172414,27.0
2022-10-10 21:00:00,0.0,7.0,28.3,16.0,1019.1,10.8,-0.103448,26.0
2022-10-10 22:00:00,0.0,7.4,26.9,60.0,1018.7,9.3,-0.034483,29.0
2022-10-10 23:00:00,0.0,8.6,23.3,20.0,1018.9,5.5,0.034483,39.0
2022-10-11 00:00:00,0.0,7.9,19.9,20.0,1019.5,7.4,0.172414,46.0
2022-10-11 01:00:00,0.0,7.6,21.8,342.0,1020.5,11.9,0.241379,40.0
2022-10-11 02:00:00,0.0,8.0,20.7,353.0,1021.2,10.1,0.241379,44.0
2022-10-11 03:00:00,0.0,7.7,17.7,20.0,1021.7,13.0,0.224138,52.0
2022-10-11 04:00:00,0.0,8.3,16.1,50.0,1021.7,11.1,0.189655,60.0
2022-10-11 05:00:00,0.0,8.5,15.8,40.0,1021.0,9.3,0.155172,62.0
2022-10-11 06:00:00,0.0,8.7,15.5,70.0,1021.0,11.1,0.155172,64.0
2022-10-11 07:00:00,0.0,9.5,18.2,45.0,1021.0,11.9,0.137931,57.0
2022-10-11 08:00:00,0.0,9.0,14.8,60.0,1021.2,7.4,0.137931,68.0
2022-10-11 09:00:00,0.0,8.9,14.5,50.0,1021.2,7.4,0.12069,69.0
2022-10-11 10:00:00,0.0,11.5,16.6,62.0,1021.4,9.4,0.137931,72.0
2022-10-11 11:00:00,0.0,11.9,16.3,59.0,1021.9,9.4,0.155172,75.0
2022-10-11 12:00:00,0.0,15.0,15.6,70.0,1022.4,9.3,0.189655,96.0
2022-10-11 13:00:00,0.0,15.3,18.0,90.0,1022.7,14.8,0.224138,84.0
2022-10-11 14:00:00,0.0,15.9,21.8,120.0,1023.5,14.8,0.206897,69.0
2022-10-11 15:00:00,0.0,17.0,24.0,78.0,1023.6,14.8,0.12069,65.0
2022-10-11 16:00:00,0.0,16.3,26.3,85.0,1023.2,13.7,-0.068966,54.0
2022-10-11 17:00:00,0.0,14.1,27.4,170.0,1022.5,9.3,-0.137931,44.0
2022-10-11 18:00:00,0.0,13.0,28.7,160.0,1021.6,13.0,-0.172414,38.0
2022-10-11 19:00:00,0.0,11.4,29.9,180.0,1020.3,9.3,-0.155172,32.0
2022-10-11 20:00:00,0.0,12.0,31.1,99.0,1019.5,8.3,-0.103448,31.0
2022-10-11 21:00:00,0.0,10.9,31.0,99.0,1018.9,7.6,-0.034483,29.0
2022-10-11 22:00:00,0.0,12.0,29.5,80.0,1018.4,13.0,0.017241,34.0
2022-10-11 23:00:00,0.0,12.2,23.9,80.0,1018.5,7.4,0.103448,48.0
2022-10-12 00:00:00,0.0,12.4,21.3,90.0,1018.8,9.3,0.224138,57.0
2022-10-12 01:00:00,0.0,10.2,24.7,73.0,1019.9,7.2,0.275862,40.0
2022-10-12 02:00:00,0.0,13.6,20.9,120.0,1020.3,9.3,0.258621,63.0
2022-10-12 03:00:00,0.0,13.8,19.6,130.0,1020.4,5.5,0.241379,69.0
2022-10-12 04:00:00,0.0,14.9,19.9,0.0,1020.4,0.0,0.206897,73.0
2022-10-12 05:00:00,0.0,10.1,20.6,96.0,1020.3,7.9,0.189655,51.0
2022-10-12 06:00:00,0.0,13.2,21.0,113.0,1019.9,10.8,0.155172,61.0
2022-10-12 07:00:00,0.0,16.7,20.7,130.0,1019.8,7.4,0.155172,78.0
2022-10-12 08:00:00,0.0,18.0,20.8,150.0,1019.5,7.4,0.137931,84.0
2022-10-12 09:00:00,0.2,18.2,20.4,110.0,1019.1,7.4,0.137931,87.0
2022-10-12 10:00:00,0.0,18.5,20.2,110.0,1018.8,7.4,0.155172,90.0
2022-10-12 11:00:00,0.2,20.0,20.7,104.0,1019.3,9.4,0.189655,96.0
2022-10-12 12:00:00,0.3,18.9,20.8,120.0,1019.1,9.3,0.241379,89.0
2022-10-12 13:00:00,0.0,19.3,21.7,120.0,1019.4,14.8,0.344828,86.0
2022-10-12 14:00:00,0.0,19.5,24.4,130.0,1019.6,13.0,0.5,74.0
2022-10-12 15:00:00,0.0,20.4,24.5,128.0,1020.0,9.0,0.431034,78.0
2022-10-12 16:00:00,0.0,20.0,26.4,69.0,1019.8,5.8,0.310345,68.0
2022-10-12 17:00:00,0.0,18.2,28.4,150.0,1018.0,11.1,0.327586,54.0
2022-10-12 18:00:00,0.0,17.9,29.7,150.0,1016.5,18.5,0.362069,49.0
2022-10-12 19:00:00,0.5,17.6,28.7,170.0,1015.8,11.1,0.327586,51.0
2022-10-12 20:00:00,1.4,21.1,25.2,247.0,1015.7,10.1,0.448276,78.0
2022-10-12 21:00:00,0.3,21.6,25.1,234.0,1015.1,8.6,0.551724,81.0
2022-10-12 22:00:00,0.1,18.3,20.7,200.0,1015.1,11.1,0.551724,86.0
2022-10-12 23:00:00,0.0,19.9,21.3,150.0,1014.8,13.0,0.241379,92.0
2022-10-13 00:00:00,0.0,20.9,21.9,20.0,1014.6,13.0,0.206897,94.0
2022-10-13 01:00:00,0.6,20.7,22.2,200.0,1015.0,9.0,0.241379,91.0
2022-10-13 02:00:00,9.6,18.9,19.9,40.0,1015.9,11.1,0.241379,94.0
2022-10-13 03:00:00,14.9,18.9,19.7,140.0,1015.7,9.3,0.224138,95.0
2022-10-13 04:00:00,0.3,19.0,19.8,160.0,1015.9,14.8,0.189655,95.0
2022-10-13 05:00:00,0.8,18.9,19.6,200.0,1014.7,9.3,0.172414,96.0
2022-10-13 06:00:00,0.1,19.8,20.3,222.0,1014.0,2.9,0.172414,97.0
2022-10-13 07:00:00,0.0,18.9,19.6,230.0,1013.4,5.5,0.155172,96.0
2022-10-13 08:00:00,0.0,18.9,19.7,0.0,1012.3,0.0,0.137931,95.0
2022-10-13 09:00:00,0.0,18.7,19.7,0.0,1012.0,0.0,0.137931,94.0
2022-10-13 10:00:00,0.0,18.9,19.9,0.0,1012.0,0.0,0.155172,94.0
2022-10-13 11:00:00,0.0,20.2,20.5,266.0,1012.6,5.4,0.172414,98.0
2022-10-13 12:00:00,0.0,18.4,19.4,360.0,1012.6,5.5,0.224138,94.0
2022-10-13 13:00:00,0.0,19.5,20.3,230.0,1013.0,5.5,0.258621,95.0
2022-10-13 14:00:00,0.0,16.4,22.9,70.0,1013.3,5.5,0.241379,67.0
2022-10-13 15:00:00,0.1,20.5,22.8,263.0,1013.4,10.4,0.37931,87.0
2022-10-13 16:00:00,0.0,20.2,23.9,274.0,1013.1,10.4,0.241379,80.0
2022-10-13 17:00:00,0.0,15.6,26.2,360.0,1012.5,11.1,0.189655,52.0
2022-10-13 18:00:00,0.0,15.2,28.7,350.0,1010.9,14.8,0.12069,44.0
2022-10-13 19:00:00,0.0,18.6,27.9,276.0,1010.1,10.8,0.137931,57.0
2022-10-13 20:00:00,0.0,18.5,28.4,274.0,1009.5,8.6,0.155172,55.0
2022-10-13 21:00:00,0.0,18.0,28.5,290.0,1009.2,9.4,0.068966,53.0
2022-10-13 22:00:00,0.0,15.0,26.9,350.0,1009.5,7.4,0.086207,48.0
2022-10-13 23:00:00,0.0,15.5,23.7,330.0,1009.9,5.5,0.137931,60.0
2022-10-14 00:00:00,0.0,16.1,20.3,340.0,1010.7,5.5,0.172414,77.0
2022-10-14 01:00:00,0.0,15.6,24.1,324.0,1011.4,9.7,0.224138,59.0
2022-10-14 02:00:00,0.0,16.1,19.2,340.0,1012.2,5.5,0.224138,82.0
2022-10-14 03:00:00,0.0,14.7,18.6,340.0,1012.9,7.4,0.189655,78.0
2022-10-14 04:00:00,0.0,14.8,17.0,340.0,1013.2,5.5,0.189655,87.0
2022-10-14 05:00:00,0.0,14.3,16.8,340.0,1013.4,9.3,0.155172,85.0
2022-10-14 06:00:00,0.0,12.7,18.7,332.0,1013.5,9.7,0.137931,68.0
2022-10-14 07:00:00,0.0,13.2,17.7,350.0,1013.8,7.4,0.12069,75.0
2022-10-14 08:00:00,0.0,11.7,16.8,30.0,1013.9,13.0,0.12069,72.0
2022-10-14 09:00:00,0.0,10.5,16.2,10.0,1014.2,11.1,0.12069,69.0
2022-10-14 10:00:00,0.0,10.1,14.3,30.0,1014.6,11.1,0.137931,76.0
2022-10-14 11:00:00,0.0,10.9,15.5,9.0,1014.9,12.2,0.155172,74.0
2022-10-14 12:00:00,0.0,10.1,14.1,20.0,1015.4,11.1,0.206897,77.0
2022-10-14 13:00:00,0.0,7.9,17.6,60.0,1016.1,13.0,0.241379,53.0
2022-10-14 14:00:00,0.0,7.6,18.9,63.0,1016.8,9.4,0.172414,48.0
2022-10-14 15:00:00,0.0,5.7,21.4,62.0,1017.1,9.4,0.034483,36.0
2022-10-14 16:00:00,0.0,2.1,23.2,90.0,1016.8,16.7,-0.068966,25.0
2022-10-14 17:00:00,0.0,2.0,24.5,60.0,1016.5,11.1,-0.137931,23.0
2022-10-14 18:00:00,0.0,2.8,25.5,30.0,1015.8,9.3,-0.172414,23.0
2022-10-14 19:00:00,0.0,2.0,26.0,0.0,1015.0,0.0,-0.189655,21.0
2022-10-14 20:00:00,0.0,3.3,27.6,155.0,1014.4,0.7,-0.189655,21.0
2022-10-14 21:00:00,0.0,3.3,27.6,197.0,1014.3,4.0,-0.155172,21.0
2022-10-14 22:00:00,0.0,5.0,24.1,0.0,1014.3,0.0,-0.086207,29.0
2022-10-14 23:00:00,0.0,7.5,19.8,0.0,1014.3,0.0,0.034483,45.0
2022-10-15 00:00:00,0.0,10.1,15.8,180.0,1014.9,5.5,0.155172,69.0
2022-10-15 01:00:00,0.0,6.5,21.4,328.0,1015.7,4.3,0.206897,38.0
2022-10-15 02:00:00,0.0,10.5,14.9,360.0,1016.3,5.5,0.206897,75.0
2022-10-15 03:00:00,0.0,9.7,13.5,0.0,1017.1,0.0,0.189655,78.0
2022-10-15 04:00:00,0.0,8.9,12.8,0.0,1017.5,0.0,0.172414,77.0
2022-10-15 05:00:00,0.0,6.3,15.6,36.0,1017.6,7.2,0.155172,54.0
2022-10-15 06:00:00,0.0,6.0,14.7,46.0,1017.7,7.9,0.155172,56.0
2022-10-15 07:00:00,0.0,9.3,11.4,0.0,1017.7,0.0,0.137931,87.0
2022-10-15 08:00:00,0.0,9.8,11.2,0.0,1017.7,0.0,0.12069,91.0
2022-10-15 09:00:00,0.0,9.7,10.6,0.0,1018.0,0.0,0.12069,94.0
2022-10-15 10:00:00,0.0,9.6,10.5,0.0,1018.4,0.0,0.12069,94.0
2022-10-15 11:00:00,0.0,6.3,11.8,67.0,1018.7,7.2,0.137931,69.0
2022-10-15 12:00:00,0.0,6.4,11.9,66.0,1019.0,7.2,0.137931,69.0
2022-10-15 13:00:00,0.0,9.9,16.5,120.0,1019.5,5.5,0.155172,65.0
2022-10-15 14:00:00,0.0,8.5,22.0,120.0,1020.0,9.3,0.103448,42.0
2022-10-15 15:00:00,0.0,6.9,24.2,85.0,1020.3,7.2,-0.034483,33.0
2022-10-15 16:00:00,0.0,7.1,25.5,130.0,1020.1,11.1,-0.137931,31.0
2022-10-15 17:00:00,0.0,5.9,27.0,70.0,1019.7,13.0,-0.241379,26.0
2022-10-15 18:00:00,0.0,5.5,27.9,110.0,1018.9,11.1,-0.258621,24.0
2022-10-15 19:00:00,0.0,5.1,28.9,85.0,1018.0,4.7,-0.275862,22.0
2022-10-15 20:00:00,0.0,4.6,29.1,81.0,1017.8,2.9,-0.241379,21.0
2022-10-15 21:00:00,0.0,3.8,29.0,150.0,1017.5,7.4,-0.172414,20.0
2022-10-15 22:00:00,0.0,7.8,26.3,350.0,1017.4,5.5,-0.086207,31.0
2022-10-15 23:00:00,0.0,7.2,24.5,0.0,1017.4,0.0,0.034483,33.0
2022-10-16 00:00:00,0.0,6.9,21.4,45.0,1017.8,9.4,0.172414,39.0
2022-10-16 01:00:00,0.0,11.0,16.7,0.0,1018.4,0.0,0.224138,69.0
2022-10-16 02:00:00,0.0,10.9,15.7,0.0,1019.0,0.0,0.224138,73.0
2022-10-16 03:00:00,0.0,10.8,14.6,0.0,1019.2,0.0,0.189655,78.0
2022-10-16 04:00:00,0.0,10.9,14.1,0.0,1019.2,0.0,0.172414,81.0
2022-10-16 05:00:00,0.0,6.8,16.4,115.0,1018.7,9.4,0.155172,53.0
2022-10-16 06:00:00,0.0,11.1,13.2,0.0,1018.6,0.0,0.12069,87.0
2022-10-16 07:00:00,0.0,11.0,12.9,0.0,1018.5,0.0,0.12069,88.0
2022-10-16 08:00:00,0.0,10.3,12.6,0.0,1018.3,0.0,0.12069,86.0
2022-10-16 09:00:00,0.0,7.5,14.2,120.0,1018.2,9.0,0.12069,64.0
2022-10-16 10:00:00,0.0,9.2,13.8,128.0,1018.3,9.4,0.103448,74.0
2022-10-16 11:00:00,0.0,9.9,12.5,0.0,1018.8,0.0,0.103448,84.0
2022-10-16 12:00:00,0.0,11.8,13.6,0.0,1018.9,0.0,0.103448,89.0
2022-10-16 13:00:00,0.0,13.0,18.1,0.0,1019.3,0.0,0.12069,72.0
2022-10-16 14:00:00,0.0,13.2,21.0,129.0,1019.5,3.6,0.068966,61.0
2022-10-16 15:00:00,0.0,15.1,24.4,168.0,1019.4,4.0,-0.051724,56.0
2022-10-16 16:00:00,0.0,15.7,26.7,200.0,1019.2,7.4,-0.155172,51.0
2022-10-16 17:00:00,0.0,14.3,28.1,0.0,1017.9,0.0,-0.206897,43.0
2022-10-16 18:00:00,0.0,12.3,29.3,207.0,1017.2,5.8,-0.224138,35.0
2022-10-16 19:00:00,0.0,11.8,29.8,211.0,1016.1,6.8,-0.172414,33.0
2022-10-16 20:00:00,0.0,10.9,29.9,205.0,1015.6,6.1,-0.172414,31.0
2022-10-16 21:00:00,0.0,13.0,29.6,330.0,1015.2,5.5,-0.137931,36.0
2022-10-16 22:00:00,0.0,13.3,27.3,0.0,1014.5,0.0,-0.051724,42.0
2022-10-16 23:00:00,0.0,14.1,22.8,190.0,1014.1,5.5,0.086207,58.0
2022-10-17 00:00:00,0.0,14.2,23.8,165.0,1014.2,6.1,0.224138,55.0
2022-10-17 01:00:00,0.0,15.8,23.0,240.0,1014.6,5.5,0.275862,64.0
2022-10-17 02:00:00,0.0,15.3,21.9,223.0,1014.9,7.6,0.275862,66.0
2022-10-17 03:00:00,0.0,16.5,20.9,0.0,1015.1,0.0,0.241379,76.0
2022-10-17 04:00:00,0.0,17.3,19.5,250.0,1015.1,5.5,0.224138,87.0
2022-10-17 05:00:00,0.0,16.5,18.2,0.0,1014.6,0.0,0.189655,90.0
2022-10-17 06:00:00,0.0,18.0,18.8,256.0,1014.4,6.5,0.172414,95.0
2022-10-17 07:00:00,0.0,16.1,17.6,0.0,1013.8,0.0,0.155172,91.0
2022-10-17 08:00:00,0.0,18.0,18.8,0.0,1013.4,0.0,0.155172,95.0
2022-10-17 09:00:00,0.0,17.8,18.0,256.0,1012.8,7.2,0.155172,99.0
2022-10-17 10:00:00,0.0,17.6,17.8,247.0,1012.9,7.2,0.155172,99.0
2022-10-17 11:00:00,0.0,19.1,20.1,0.0,1013.1,0.0,0.189655,94.0
2022-10-17 12:00:00,0.0,19.2,20.2,0.0,1013.3,0.0,0.241379,94.0
2022-10-17 13:00:00,0.0,19.8,21.0,0.0,1013.5,0.0,0.344828,93.0
2022-10-17 14:00:00,0.0,19.7,22.3,238.0,1013.3,9.4,0.5,85.0
2022-10-17 15:00:00,0.0,20.3,25.0,234.0,1013.0,9.4,0.5,75.0
2022-10-17 16:00:00,0.1,20.6,23.1,310.0,1012.4,7.4,0.5,86.0
2022-10-17 17:00:00,0.0,18.7,26.3,310.0,1011.7,13.0,0.413793,63.0
2022-10-17 18:00:00,0.0,18.1,26.8,320.0,1010.9,14.8,0.206897,59.0
2022-10-17 19:00:00,0.0,14.0,29.0,264.0,1009.6,16.6,0.293103,40.0
2022-10-17 20:00:00,0.0,17.9,27.2,310.0,1008.8,13.0,0.396552,57.0
2022-10-17 21:00:00,0.0,16.0,26.3,300.0,1008.5,13.0,0.37931,53.0
2022-10-17 22:00:00,0.0,16.4,25.0,280.0,1008.4,7.4,0.465517,59.0
2022-10-17 23:00:00,0.0,16.6,25.5,275.0,1008.5,11.9,0.241379,58.0
2022-10-18 00:00:00,0.0,16.2,24.8,278.0,1008.9,11.2,0.224138,59.0
2022-10-18 01:00:00,0.0,14.8,21.9,300.0,1009.6,7.4,0.241379,64.0
2022-10-18 02:00:00,0.0,15.1,20.5,320.0,1010.0,5.5,0.241379,71.0
2022-10-18 03:00:00,0.0,14.6,19.8,340.0,1010.5,9.3,0.224138,72.0
2022-10-18 04:00:00,0.0,13.8,19.9,324.0,1010.9,16.6,0.189655,68.0
2022-10-18 05:00:00,0.0,9.3,18.8,327.0,1010.7,16.2,0.172414,54.0
2022-10-18 06:00:00,0.0,7.2,17.0,360.0,1010.9,13.0,0.137931,51.0
2022-10-18 07:00:00,0.0,5.8,14.8,340.0,1011.2,11.1,0.12069,55.0
2022-10-18 08:00:00,0.0,3.5,13.1,350.0,1011.5,14.8,0.12069,52.0
2022-10-18 09:00:00,0.0,2.8,14.3,334.0,1011.5,15.5,0.12069,46.0
2022-10-18 10:00:00,0.0,1.3,13.3,337.0,1012.2,14.4,0.137931,44.0
2022-10-18 11:00:00,0.0,2.1,10.5,350.0,1013.1,11.1,0.155172,56.0
2022-10-18 12:00:00,0.0,1.6,10.2,350.0,1013.8,11.1,0.206897,55.0
2022-10-18 13:00:00,0.0,-1.6,12.3,350.0,1014.9,18.4,0.344828,38.0
2022-10-18 14:00:00,0.0,-1.9,13.2,349.0,1015.6,18.7,0.448276,35.0
2022-10-18 15:00:00,0.0,-3.7,14.1,30.0,1015.8,24.1,0.0,29.0
2022-10-18 16:00:00,0.0,-3.9,15.6,344.0,1015.2,16.9,0.0,26.0
2022-10-18 17:00:00,0.0,-3.6,15.3,320.0,1015.0,14.8,0.0,27.0
2022-10-18 18:00:00,0.0,-5.8,17.4,338.0,1014.3,17.6,0.0,20.0
2022-10-18 19:00:00,0.0,-6.3,16.8,20.0,1013.5,18.5,0.0,20.0
2022-10-18 20:00:00,0.0,-5.5,17.8,329.0,1013.5,15.8,0.0,20.0
2022-10-18 21:00:00,0.0,-6.0,16.4,360.0,1013.2,20.4,0.0,21.0
2022-10-18 22:00:00,0.0,-5.6,16.1,334.0,1013.6,19.4,0.0,22.0
2022-10-18 23:00:00,0.0,-5.1,14.2,337.0,1014.1,19.4,0.0,26.0
2022-10-19 00:00:00,0.0,-5.1,13.0,338.0,1015.5,20.5,0.0,28.0
2022-10-19 01:00:00,0.0,-3.8,10.3,350.0,1016.6,14.8,0.0,37.0
2022-10-19 02:00:00,0.0,-3.5,11.0,340.0,1017.6,16.9,0.0,36.0
2022-10-19 03:00:00,0.0,-2.7,8.2,350.0,1018.3,9.3,0.0,46.0
2022-10-19 04:00:00,0.0,-2.9,9.7,334.0,1018.9,12.6,0.0,41.0
2022-10-19 05:00:00,0.0,-3.4,9.2,333.0,1019.0,14.0,0.0,41.0
2022-10-19 06:00:00,0.0,-4.0,8.9,351.0,1018.9,14.4,0.0,40.0
2022-10-19 07:00:00,0.0,-1.9,5.5,10.0,1019.4,7.4,0.0,59.0
2022-10-19 08:00:00,0.0,-3.9,7.9,0.0,1019.8,11.5,0.0,43.0
2022-10-19 09:00:00,0.0,-3.8,7.0,357.0,1020.0,9.7,0.0,46.0
2022-10-19 10:00:00,0.0,-1.3,3.7,340.0,1020.3,7.4,0.0,70.0
2022-10-19 11:00:00,0.0,-1.6,3.8,340.0,1020.9,7.4,0.0,68.0
2022-10-19 12:00:00,0.0,-1.1,4.5,340.0,1021.6,9.3,0.0,67.0
2022-10-19 13:00:00,0.0,-1.1,8.2,20.0,1022.2,18.5,0.0,52.0
2022-10-19 14:00:00,0.0,-1.7,10.3,356.0,1023.1,13.0,0.0,43.0
2022-10-19 15:00:00,0.0,-3.2,12.2,30.0,1023.1,22.2,0.0,34.0
2022-10-19 16:00:00,0.0,-2.2,13.8,2.0,1022.5,12.6,0.0,33.0
2022-10-19 17:00:00,0.0,-4.0,15.4,20.0,1022.2,13.0,0.0,26.0
2022-10-19 18:00:00,0.0,-2.1,16.5,349.0,1021.3,11.5,0.0,28.0
2022-10-19 19:00:00,0.0,-3.4,17.4,345.0,1020.4,12.6,0.0,24.0
2022-10-19 20:00:00,0.0,-4.6,17.3,340.0,1019.6,13.0,0.0,22.0
2022-10-19 21:00:00,0.0,-3.9,17.5,340.0,1019.4,11.1,0.0,23.0
2022-10-19 22:00:00,0.0,-4.4,16.9,342.0,1019.4,11.5,0.0,23.0
2022-10-19 23:00:00,0.0,-2.8,14.1,350.0,1019.4,6.8,0.0,31.0
2022-10-20 00:00:00,0.0,-2.1,12.2,355.0,1020.0,7.2,0.0,37.0
2022-10-20 01:00:00,0.0,-1.6,11.2,342.0,1020.6,7.6,0.0,41.0
2022-10-20 02:00:00,0.0,-1.1,10.7,328.0,1020.9,10.1,0.0,44.0
2022-10-20 03:00:00,0.0,-1.2,10.2,333.0,1021.4,10.1,0.0,45.0
2022-10-20 04:00:00,0.0,-1.6,9.5,332.0,1021.5,9.7,0.0,46.0
2022-10-20 05:00:00,0.0,-2.0,8.7,333.0,1021.1,8.6,0.0,47.0
2022-10-20 06:00:00,0.0,-2.0,7.8,333.0,1020.8,7.9,0.0,50.0
2022-10-20 07:00:00,0.0,0.2,3.7,0.0,1020.9,0.0,0.0,78.0
2022-10-20 08:00:00,0.0,0.3,2.6,0.0,1021.0,0.0,0.0,85.0
2022-10-20 09:00:00,0.0,-1.6,5.6,336.0,1021.0,8.6,0.0,60.0
2022-10-20 10:00:00,0.0,0.0,2.1,0.0,1020.9,0.0,0.0,86.0
2022-10-20 11:00:00,0.0,-0.2,1.6,0.0,1021.3,0.0,0.0,88.0
2022-10-20 12:00:00,0.0,-0.1,2.2,0.0,1021.1,0.0,0.0,85.0
2022-10-20 13:00:00,0.0,1.5,8.8,0.0,1021.6,0.0,0.0,60.0
2022-10-20 14:00:00,0.0,1.3,11.1,15.0,1022.1,2.2,0.0,51.0
2022-10-20 15:00:00,0.0,-0.9,14.4,58.0,1022.1,1.8,0.0,35.0
2022-10-20 16:00:00,0.0,-4.2,16.5,120.0,1021.4,1.1,0.0,24.0
2022-10-20 17:00:00,0.0,-5.2,17.4,234.0,1020.7,1.8,0.0,21.0
2022-10-20 18:00:00,0.0,-5.1,18.3,256.0,1019.8,4.7,0.0,20.0
2022-10-20 19:00:00,0.0,-5.3,18.8,259.0,1018.7,7.6,0.0,19.0
2022-10-20 20:00:00,0.0,-4.9,19.3,0.0,1017.8,0.0,0.0,19.0
2022-10-20 21:00:00,0.0,-5.2,19.0,260.0,1017.5,9.3,0.0,19.0
2022-10-20 22:00:00,0.0,-5.3,18.0,286.0,1017.1,7.2,0.0,20.0
2022-10-20 23:00:00,0.0,-1.9,14.2,0.0,1016.8,0.0,0.0,33.0
2022-10-21 00:00:00,0.0,-1.9,12.8,336.0,1017.2,7.9,0.0,36.0
2022-10-21 01:00:00,0.0,-2.3,13.2,319.0,1017.8,6.1,0.0,34.0
2022-10-21 02:00:00,0.0,-2.5,13.0,260.0,1018.2,4.7,0.0,34.0
2022-10-21 03:00:00,0.0,0.6,6.7,230.0,1018.4,11.1,0.0,65.0
2022-10-21 04:00:00,0.0,0.2,8.8,254.0,1018.8,7.2,0.0,55.0
2022-10-21 05:00:00,0.0,0.8,7.9,294.0,1018.6,7.2,0.0,61.0
2022-10-21 06:00:00,0.0,1.9,5.8,320.0,1018.6,5.5,0.0,76.0
2022-10-21 07:00:00,0.0,1.3,5.6,0.0,1018.7,0.0,0.0,74.0
2022-10-21 08:00:00,0.0,1.5,5.0,0.0,1018.5,0.0,0.0,78.0
2022-10-21 09:00:00,0.0,0.3,6.9,10.0,1018.8,8.6,0.0,63.0
2022-10-21 10:00:00,0.0,1.9,4.0,0.0,1019.0,0.0,0.0,86.0
2022-10-21 11:00:00,0.0,1.1,3.6,0.0,1019.6,0.0,0.0,84.0
2022-10-21 12:00:00,0.0,2.8,5.1,0.0,1020.0,0.0,0.0,85.0
2022-10-21 13:00:00,0.0,3.6,12.1,30.0,1020.8,5.5,0.0,56.0
2022-10-21 14:00:00,0.0,1.0,13.3,46.0,1021.3,4.7,0.0,43.0
2022-10-21 15:00:00,0.0,-0.2,16.6,60.0,1021.7,5.5,0.0,32.0
2022-10-21 16:00:00,0.0,-0.9,19.0,350.0,1021.3,11.1,0.0,26.0
2022-10-21 17:00:00,0.0,-0.5,19.5,46.0,1020.8,7.2,0.0,26.0
2022-10-21 18:00:00,0.0,-0.2,20.5,36.0,1020.0,7.6,0.0,25.0
2022-10-21 19:00:00,0.0,-0.3,21.1,31.0,1019.1,6.8,0.0,24.0
2022-10-21 20:00:00,0.0,-0.1,22.0,40.0,1018.4,9.3,0.0,23.0
2022-10-21 21:00:00,0.0,-1.0,21.6,80.0,1018.2,5.5,0.0,22.0
2022-10-21 22:00:00,0.0,1.4,20.5,35.0,1018.2,6.8,0.0,28.0
2022-10-21 23:00:00,0.0,3.4,16.3,43.0,1018.3,9.0,0.0,42.0
2022-10-22 00:00:00,0.0,4.1,14.4,72.0,1019.3,9.0,0.0,50.0
2022-10-22 01:00:00,0.0,3.6,10.6,0.0,1020.0,0.0,0.0,62.0
2022-10-22 02:00:00,0.0,4.2,12.2,93.0,1020.4,9.0,0.0,58.0
2022-10-22 03:00:00,0.0,4.1,11.1,91.0,1020.6,9.0,0.0,62.0
2022-10-22 04:00:00,0.0,3.8,10.5,90.0,1020.6,8.3,0.0,63.0
2022-10-22 05:00:00,0.0,4.2,7.2,0.0,1020.2,0.0,0.0,81.0
2022-10-22 06:00:00,0.0,3.3,8.9,79.0,1019.8,9.4,0.0,68.0
2022-10-22 07:00:00,0.0,4.1,5.9,0.0,1019.9,0.0,0.0,88.0
2022-10-22 08:00:00,0.0,4.1,5.5,0.0,1019.8,0.0,0.0,91.0
2022-10-22 09:00:00,0.0,3.1,7.2,46.0,1020.1,7.6,0.0,75.0
2022-10-22 10:00:00,0.0,2.7,5.2,0.0,1020.4,0.0,0.0,84.0
2022-10-22 11:00:00,0.0,3.0,5.3,0.0,1021.0,0.0,0.0,85.0
2022-10-22 12:00:00,0.0,1.5,7.0,75.0,1021.2,7.9,0.0,68.0
2022-10-22 13:00:00,0.0,2.0,10.4,63.0,1021.8,9.0,0.0,56.0
2022-10-22 14:00:00,0.0,3.2,14.7,56.0,1022.7,6.1,0.0,46.0
2022-10-22 15:00:00,0.0,2.0,19.6,90.0,1023.0,11.1,0.0,31.0
2022-10-22 16:00:00,0.0,1.1,22.1,100.0,1022.6,13.0,0.0,25.0
2022-10-22 17:00:00,0.0,1.6,22.0,65.0,1022.1,11.9,0.0,26.0
2022-10-22 18:00:00,0.0,1.8,22.9,50.0,1021.1,10.4,0.0,25.0
2022-10-22 19:00:00,0.0,0.4,24.1,90.0,1020.0,7.4,0.0,21.0
2022-10-22 20:00:00,0.0,1.6,24.8,90.0,1019.6,14.8,0.0,22.0
2022-10-22 21:00:00,0.0,3.0,23.0,54.0,1019.1,10.8,0.0,27.0
2022-10-22 22:00:00,0.0,3.5,21.9,49.0,1019.1,9.7,0.0,30.0
2022-10-22 23:00:00,0.0,4.4,17.8,50.0,1019.2,7.6,0.0,41.0
2022-10-23 00:00:00,0.0,4.5,16.5,56.0,1019.6,8.6,0.0,45.0
2022-10-23 01:00:00,0.0,4.4,11.9,0.0,1020.2,0.0,0.0,60.0
2022-10-23 02:00:00,0.0,5.0,10.7,0.0,1020.4,0.0,0.0,68.0
2022-10-23 03:00:00,0.0,4.5,13.6,67.0,1020.5,8.6,0.0,54.0
2022-10-23 04:00:00,0.0,4.9,12.5,74.0,1020.7,8.6,0.0,60.0
2022-10-23 05:00:00,0.0,4.2,9.0,0.0,1020.5,0.0,0.0,72.0
2022-10-23 06:00:00,0.0,5.7,10.3,75.0,1020.1,8.3,0.0,73.0
2022-10-23 07:00:00,0.0,4.5,6.8,0.0,1020.0,0.0,0.0,85.0
2022-10-23 08:00:00,0.0,4.5,6.5,0.0,1019.9,0.0,0.0,87.0
2022-10-23 09:00:00,0.0,4.6,8.4,53.0,1020.0,7.9,0.0,77.0
2022-10-23 10:00:00,0.0,4.0,5.8,10.0,1020.5,5.5,0.0,88.0
2022-10-23 11:00:00,0.0,3.7,5.5,20.0,1021.0,5.5,0.0,88.0
2022-10-23 12:00:00,0.0,4.0,7.6,49.0,1021.4,7.6,0.0,78.0
2022-10-23 13:00:00,0.0,4.7,11.0,53.0,1021.8,9.4,0.0,65.0
2022-10-23 14:00:00,0.0,5.9,14.9,110.0,1022.1,7.4,0.0,55.0
2022-10-23 15:00:00,0.0,6.3,19.6,90.0,1022.3,7.4,0.0,42.0
2022-10-23 16:00:00,0.0,3.7,22.7,190.0,1022.3,5.5,0.0,29.0
2022-10-23 17:00:00,0.0,4.7,22.7,78.0,1021.7,8.3,0.0,31.0
2022-10-23 18:00:00,0.0,4.6,23.7,73.0,1020.8,6.8,0.0,29.0
2022-10-23 19:00:00,0.0,4.0,24.8,140.0,1020.1,9.3,0.0,26.0
2022-10-23 20:00:00,0.0,2.7,25.3,40.0,1019.7,11.1,0.0,23.0
2022-10-23 21:00:00,0.0,4.8,24.5,53.0,1019.2,6.8,0.0,28.0
2022-10-23 22:00:00,0.0,6.6,23.4,51.0,1019.1,6.1,0.0,34.0
2022-10-23 23:00:00,0.0,7.8,18.7,50.0,1018.9,9.4,0.0,49.0
2022-10-24 00:00:00,0.0,8.2,17.0,54.0,1019.2,9.4,0.0,56.0
2022-10-24 01:00:00,0.0,6.6,12.6,0.0,1020.0,0.0,0.0,67.0
2022-10-24 02:00:00,0.0,9.4,15.3,72.0,1019.8,7.9,0.0,68.0
2022-10-24 03:00:00,0.0,10.2,14.4,78.0,1019.9,7.9,0.0,76.0
2022-10-24 04:00:00,0.0,10.6,13.1,74.0,1020.0,8.3,0.0,85.0
2022-10-24 05:00:00,0.0,10.6,12.7,76.0,1019.8,7.6,0.0,87.0
2022-10-24 06:00:00,0.0,6.6,9.9,0.0,1019.6,0.0,0.0,80.0
2022-10-24 07:00:00,0.0,7.3,9.5,0.0,1019.6,0.0,0.0,86.0
2022-10-24 08:00:00,0.0,10.0,11.6,63.0,1019.5,7.2,0.0,90.0
2022-10-24 09:00:00,0.0,6.7,10.4,70.0,1019.7,7.4,0.0,78.0
2022-10-24 10:00:00,0.0,8.1,10.9,80.0,1020.0,5.5,0.0,83.0
2022-10-24 11:00:00,0.0,9.5,10.9,0.0,1020.5,0.0,0.0,91.0
2022-10-24 12:00:00,0.0,10.7,11.3,88.0,1020.8,7.2,0.0,96.0
2022-10-24 13:00:00,0.0,12.8,14.2,90.0,1021.1,9.0,0.0,91.0
2022-10-24 14:00:00,0.0,13.0,19.0,130.0,1021.4,13.0,0.0,68.0
2022-10-24 15:00:00,0.0,13.1,23.8,150.0,1021.6,14.8,0.0,51.0
2022-10-24 16:00:00,0.0,11.9,26.2,250.0,1021.1,7.4,0.0,41.0
2022-10-24 17:00:00,0.0,14.8,25.7,139.0,1020.3,10.8,0.0,51.0
2022-10-24 18:00:00,0.0,14.0,26.9,180.0,1019.2,10.4,0.0,45.0
2022-10-24 19:00:00,0.0,12.1,27.7,230.0,1018.2,16.7,0.0,38.0
2022-10-24 20:00:00,0.0,11.2,27.6,0.0,1017.5,0.0,0.0,36.0
2022-10-24 21:00:00,0.0,11.7,27.2,0.0,1017.0,0.0,0.0,38.0
2022-10-24 22:00:00,0.0,12.9,26.5,116.0,1016.5,5.8,0.0,43.0
2022-10-24 23:00:00,0.0,13.0,23.4,82.0,1016.2,6.5,0.0,52.0
2022-10-25 00:00:00,0.0,12.0,20.0,0.0,1016.4,0.0,0.0,60.0
2022-10-25 01:00:00,0.0,11.6,17.6,190.0,1017.0,14.8,0.0,68.0
2022-10-25 02:00:00,0.0,13.8,18.3,124.0,1017.3,6.8,0.0,75.0
2022-10-25 03:00:00,0.0,13.9,18.4,144.0,1017.7,5.4,0.0,75.0
2022-10-25 04:00:00,0.0,11.9,14.0,0.0,1017.5,0.0,0.0,87.0
2022-10-25 05:00:00,0.0,10.7,13.2,0.0,1017.1,0.0,0.0,85.0
2022-10-25 06:00:00,0.0,11.4,14.1,0.0,1016.5,0.0,0.0,84.0
2022-10-25 07:00:00,0.0,13.0,14.8,105.0,1016.3,7.6,0.0,89.0
2022-10-25 08:00:00,0.0,11.7,14.6,114.0,1016.2,7.9,0.0,83.0
2022-10-25 09:00:00,0.0,10.8,13.6,90.0,1015.7,5.5,0.0,83.0
2022-10-25 10:00:00,0.0,10.8,12.7,0.0,1015.9,0.0,0.0,88.0
2022-10-25 11:00:00,0.0,12.1,13.9,130.0,1016.1,8.6,0.0,89.0
2022-10-25 12:00:00,0.0,13.0,15.5,160.0,1015.9,9.3,0.0,85.0
2022-10-25 13:00:00,0.0,13.6,16.5,124.0,1016.3,10.4,0.0,83.0
2022-10-25 14:00:00,0.0,14.6,20.5,160.0,1016.9,18.5,0.0,69.0
2022-10-25 15:00:00,0.0,15.9,23.9,160.0,1016.5,18.5,0.0,61.0
2022-10-25 16:00:00,0.0,17.7,25.2,158.0,1015.9,15.1,0.0,63.0
2022-10-25 17:00:00,0.0,17.8,26.8,166.0,1014.8,16.2,0.0,58.0
2022-10-25 18:00:00,0.0,16.8,28.6,182.0,1013.8,15.1,0.0,49.0
2022-10-25 19:00:00,0.0,17.6,27.7,180.0,1012.6,18.5,0.0,54.0
2022-10-25 20:00:00,0.0,17.5,27.6,182.0,1011.7,20.9,0.0,54.0
2022-10-25 21:00:00,0.1,17.8,26.8,192.0,1011.7,21.2,0.0,58.0
2022-10-25 22:00:00,0.1,18.2,25.2,210.0,1011.4,14.8,0.0,65.0
2022-10-25 23:00:00,0.0,17.4,25.5,190.0,1011.3,13.3,0.0,61.0
2022-10-26 00:00:00,0.0,17.5,23.8,200.0,1012.3,11.1,0.0,68.0
2022-10-26 01:00:00,0.0,18.9,22.1,200.0,1012.6,11.1,0.0,82.0
2022-10-26 02:00:00,0.0,19.0,21.8,178.0,1012.9,15.1,0.0,84.0
2022-10-26 03:00:00,0.0,19.6,21.7,180.0,1012.7,15.8,0.0,88.0
2022-10-26 04:00:00,0.1,20.0,21.5,184.0,1012.6,14.4,0.0,91.0
2022-10-26 05:00:00,0.4,20.9,22.6,220.0,1011.7,16.7,0.0,90.0
2022-10-26 06:00:00,0.7,21.3,22.3,240.0,1011.3,9.3,0.0,94.0
2022-10-26 07:00:00,1.4,20.3,21.0,216.0,1011.5,13.7,0.0,96.0
2022-10-26 08:00:00,0.2,20.4,21.9,290.0,1011.3,7.4,0.0,91.0
2022-10-26 09:00:00,0.0,20.3,17.7,340.0,1011.0,14.8,0.0,97.0
2022-10-26 10:00:00,0.0,12.5,15.8,350.0,1011.6,11.1,0.0,81.0
2022-10-26 11:00:00,0.0,15.0,16.5,326.0,1012.3,15.1,0.0,91.0
2022-10-26 12:00:00,0.0,14.1,15.4,329.0,1012.7,13.3,0.0,92.0
2022-10-26 13:00:00,0.0,10.7,15.1,350.0,1013.6,11.1,0.0,75.0
2022-10-26 14:00:00,0.0,10.6,17.0,10.0,1014.5,16.7,0.0,66.0
2022-10-26 15:00:00,0.0,10.5,19.2,20.0,1014.4,14.8,0.0,57.0
2022-10-26 16:00:00,0.0,11.0,19.8,325.0,1014.3,10.4,0.0,57.0
2022-10-26 17:00:00,0.0,10.9,21.5,320.0,1013.7,9.4,0.0,51.0
2022-10-26 18:00:00,0.0,9.9,23.2,10.0,1012.8,11.1,0.0,43.0
2022-10-26 19:00:00,0.0,8.6,24.2,30.0,1012.0,14.8,0.0,37.0
2022-10-26 20:00:00,0.0,8.5,25.0,360.0,1011.5,13.0,0.0,35.0
2022-10-26 21:00:00,0.0,9.4,24.2,316.0,1011.1,9.7,0.0,39.0
2022-10-26 22:00:00,0.0,9.3,23.3,314.0,1011.5,9.4,0.0,41.0
2022-10-26 23:00:00,0.0,9.7,20.2,316.0,1011.9,7.2,0.0,51.0
2022-10-27 00:00:00,0.0,9.5,18.7,328.0,1012.8,8.6,0.0,55.0
2022-10-27 01:00:00,0.0,9.1,16.9,340.0,1013.8,5.5,0.0,60.0
2022-10-27 02:00:00,0.0,9.2,15.1,340.0,1014.1,7.4,0.0,68.0
2022-10-27 03:00:00,0.0,9.9,16.0,349.0,1014.4,14.0,0.0,67.0
2022-10-27 04:00:00,0.0,9.1,14.5,10.0,1014.6,11.1,0.0,70.0
2022-10-27 05:00:00,0.0,8.8,13.1,20.0,1014.6,7.4,0.0,75.0
2022-10-27 06:00:00,0.0,8.7,13.4,6.0,1014.4,11.2,0.0,73.0
2022-10-27 07:00:00,0.0,8.7,10.3,0.0,1014.5,0.0,0.0,90.0
2022-10-27 08:00:00,0.0,8.4,11.9,7.0,1014.6,7.6,0.0,79.0
2022-10-27 09:00:00,0.0,8.0,10.2,20.0,1014.9,7.4,0.0,86.0
2022-10-27 10:00:00,0.0,7.0,9.1,30.0,1015.1,9.3,0.0,87.0
2022-10-27 11:00:00,0.0,8.1,10.2,16.0,1015.7,7.9,0.0,87.0
2022-10-27 12:00:00,0.0,7.9,9.8,21.0,1016.1,7.9,0.0,88.0
2022-10-27 13:00:00,0.0,8.1,11.2,60.0,1016.7,11.1,0.0,81.0
2022-10-27 14:00:00,0.0,8.4,14.7,38.0,1017.2,10.4,0.0,66.0
2022-10-27 15:00:00,0.0,8.9,17.2,80.0,1017.4,5.5,0.0,58.0
2022-10-27 16:00:00,0.0,9.9,20.7,120.0,1017.1,5.5,0.0,50.0
2022-10-27 17:00:00,0.0,9.6,21.7,55.0,1016.8,9.0,0.0,46.0
2022-10-27 18:00:00,0.0,9.6,23.2,110.0,1016.1,11.1,0.0,42.0
2022-10-27 19:00:00,0.0,10.1,24.2,50.0,1015.4,7.4,0.0,41.0
2022-10-27 20:00:00,0.0,9.6,24.9,80.0,1015.4,7.4,0.0,38.0
2022-10-27 21:00:00,0.0,9.4,24.7,56.0,1015.4,9.7,0.0,38.0
2022-10-27 22:00:00,0.0,9.5,23.9,58.0,1015.7,9.7,0.0,40.0
2022-10-27 23:00:00,0.0,11.2,20.6,20.0,1016.0,7.4,0.0,55.0
2022-10-28 00:00:00,0.0,10.9,18.3,40.0,1016.5,7.4,0.0,62.0
2022-10-28 01:00:00,0.0,11.4,15.2,0.0,1017.2,0.0,0.0,78.0
2022-10-28 02:00:00,0.0,12.8,18.4,45.0,1017.7,11.2,0.0,70.0
2022-10-28 03:00:00,0.0,10.6,15.6,70.0,1018.0,11.1,0.0,72.0
2022-10-28 04:00:00,0.0,10.9,16.4,80.0,1018.5,13.0,0.0,70.0
2022-10-28 05:00:00,0.0,11.3,15.9,80.0,1018.7,11.1,0.0,74.0
2022-10-28 06:00:00,0.0,11.9,15.1,70.0,1018.9,11.1,0.0,81.0
2022-10-28 07:00:00,0.0,13.6,16.9,80.0,1018.9,15.8,0.0,81.0
2022-10-28 08:00:00,0.0,13.2,15.7,90.0,1018.6,14.8,0.0,85.0
2022-10-28 09:00:00,0.0,13.8,15.6,90.0,1018.5,9.3,0.0,89.0
2022-10-28 10:00:00,0.0,13.9,15.9,70.0,1018.9,13.0,0.0,88.0
2022-10-28 11:00:00,0.0,14.5,16.7,67.0,1019.5,15.1,0.0,87.0
2022-10-28 12:00:00,0.0,14.1,16.8,62.0,1020.2,14.4,0.0,84.0
2022-10-28 13:00:00,0.0,14.2,16.9,70.0,1021.1,18.5,0.0,84.0
2022-10-28 14:00:00,0.0,14.1,18.6,90.0,1022.1,22.2,0.0,75.0
2022-10-28 15:00:00,0.2,15.0,19.5,56.0,1022.6,15.8,0.0,75.0
2022-10-28 16:00:00,0.0,15.0,20.0,59.0,1022.7,15.8,0.0,73.0
2022-10-28 17:00:00,0.0,14.7,21.6,64.0,1022.0,15.8,0.0,65.0
2022-10-28 18:00:00,0.0,15.0,25.0,120.0,1021.1,22.2,0.0,54.0
2022-10-28 19:00:00,0.0,14.9,25.8,100.0,1019.7,18.5,0.0,51.0
2022-10-28 20:00:00,0.0,15.9,26.2,90.0,1019.4,18.4,0.0,53.0
2022-10-28 21:00:00,0.0,16.1,25.8,88.0,1019.6,17.6,0.0,55.0
2022-10-28 22:00:00,0.0,14.9,24.5,80.0,1019.9,13.0,0.0,55.0
2022-10-28 23:00:00,0.0,15.0,22.9,60.0,1019.5,11.1,0.0,61.0
2022-10-29 00:00:00,0.0,14.7,21.8,80.0,1020.3,13.0,0.0,64.0
2022-10-29 01:00:00,0.0,14.3,22.2,100.0,1021.1,14.8,0.0,61.0
2022-10-29 02:00:00,0.0,13.8,23.3,55.0,1021.7,19.8,0.0,55.0
2022-10-29 03:00:00,0.0,13.2,21.0,110.0,1022.1,13.0,0.0,61.0
2022-10-29 04:00:00,0.0,12.6,19.1,100.0,1021.9,7.4,0.0,66.0
2022-10-29 05:00:00,0.0,12.3,17.6,50.0,1021.7,11.1,0.0,71.0
2022-10-29 06:00:00,0.0,14.1,19.0,68.0,1021.8,14.0,0.0,73.0
2022-10-29 07:00:00,0.0,14.4,18.5,74.0,1021.7,13.3,0.0,77.0
2022-10-29 08:00:00,0.0,11.9,16.8,70.0,1021.5,11.1,0.0,73.0
2022-10-29 09:00:00,0.0,12.4,16.4,80.0,1021.1,14.8,0.0,77.0
2022-10-29 10:00:00,0.0,12.6,15.7,60.0,1021.2,13.0,0.0,82.0
2022-10-29 11:00:00,0.0,14.1,16.6,74.0,1021.7,14.0,0.0,85.0
2022-10-29 12:00:00,0.0,13.3,16.0,110.0,1022.3,18.5,0.0,84.0
2022-10-29 13:00:00,0.0,14.1,16.8,120.0,1022.9,24.1,0.0,84.0
2022-10-29 14:00:00,0.0,14.2,17.7,120.0,1023.2,18.5,0.0,80.0
2022-10-29 15:00:00,0.0,14.4,18.1,110.0,1023.2,22.2,0.0,79.0
2022-10-29 16:00:00,0.0,14.6,19.1,100.0,1022.9,16.7,0.0,75.0
2022-10-29 17:00:00,0.0,15.2,24.3,93.0,1021.9,17.3,0.0,57.0
2022-10-29 18:00:00,0.0,14.5,19.5,70.0,1020.9,18.5,0.0,73.0
2022-10-29 19:00:00,0.0,14.7,19.7,90.0,1019.7,14.8,0.0,73.0
2022-10-29 20:00:00,0.0,13.8,27.1,98.0,1019.2,6.8,0.0,44.0
2022-10-29 21:00:00,0.0,13.9,27.2,98.0,1018.8,12.6,0.0,44.0
2022-10-29 22:00:00,0.0,15.5,19.2,110.0,1018.6,18.5,0.0,79.0
2022-10-29 23:00:00,0.0,15.5,18.8,100.0,1018.6,16.7,0.0,81.0
2022-10-30 00:00:00,0.0,15.8,18.7,120.0,1019.0,18.5,0.0,83.0
2022-10-30 01:00:00,0.0,16.2,18.2,100.0,1019.3,14.8,0.0,88.0
2022-10-30 02:00:00,0.0,14.8,21.9,102.0,1019.4,15.8,0.0,64.0
2022-10-30 03:00:00,0.0,16.2,17.9,110.0,1019.7,14.8,0.0,90.0
2022-10-30 04:00:00,0.0,16.7,17.7,110.0,1019.4,13.0,0.0,94.0
2022-10-30 05:00:00,0.0,16.5,17.8,110.0,1019.5,11.1,0.0,92.0
2022-10-30 06:00:00,0.0,16.2,17.7,120.0,1019.0,13.0,0.0,91.0
2022-10-30 07:00:00,0.0,15.5,17.7,99.0,1018.4,14.4,0.0,87.0
2022-10-30 08:00:00,0.0,16.6,17.4,130.0,1018.0,13.0,0.0,95.0
2022-10-30 09:00:00,0.0,16.5,17.3,110.0,1018.0,18.5,0.0,95.0
2022-10-30 10:00:00,0.0,14.9,16.0,93.0,1017.6,12.6,0.0,93.0
2022-10-30 11:00:00,0.0,15.0,16.0,96.0,1017.6,12.2,0.0,94.0
2022-10-30 12:00:00,0.0,15.4,16.2,105.0,1017.6,13.0,0.0,95.0
2022-10-30 13:00:00,0.0,16.7,17.5,110.0,1017.9,11.1,0.0,95.0
2022-10-30 14:00:00,0.0,17.1,17.9,120.0,1018.2,16.7,0.0,95.0
2022-10-30 15:00:00,0.0,16.5,21.3,118.0,1018.4,13.7,0.0,74.0
2022-10-30 16:00:00,0.0,17.0,22.5,122.0,1017.9,12.6,0.0,71.0
2022-10-30 17:00:00,0.0,17.1,20.3,130.0,1016.9,14.8,0.0,82.0
2022-10-30 18:00:00,0.0,17.1,21.1,140.0,1015.7,13.0,0.0,78.0
2022-10-30 19:00:00,0.0,17.4,22.9,170.0,1014.5,14.8,0.0,71.0
2022-10-30 20:00:00,0.0,17.5,27.3,174.0,1013.6,19.4,0.0,55.0
2022-10-30 21:00:00,0.2,18.5,26.1,176.0,1013.6,16.6,0.0,63.0
2022-10-30 22:00:00,3.0,16.7,23.4,200.0,1014.1,7.4,0.0,66.0
2022-10-30 23:00:00,2.4,17.2,21.4,170.0,1014.3,7.4,0.0,77.0
2022-10-31 00:00:00,0.2,17.1,22.2,170.0,1014.4,14.8,0.0,73.0
2022-10-31 01:00:00,0.2,18.4,22.6,161.0,1015.0,12.6,0.0,77.0
2022-10-31 02:00:00,0.0,17.5,21.5,180.0,1015.2,9.3,0.0,78.0
2022-10-31 03:00:00,0.0,17.2,21.2,150.0,1015.3,9.3,0.0,78.0
2022-10-31 04:00:00,0.0,17.1,20.5,170.0,1015.5,7.4,0.0,81.0
2022-10-31 05:00:00,0.4,18.0,20.1,270.0,1015.3,5.5,0.0,88.0
2022-10-31 06:00:00,0.4,19.1,19.8,207.0,1015.1,10.8,0.0,96.0
2022-10-31 07:00:00,0.6,19.2,19.7,185.0,1015.0,8.3,0.37931,97.0
2022-10-31 08:00:00,0.7,19.6,20.4,240.0,1014.7,9.3,0.37931,95.0
2022-10-31 09:00:00,0.8,19.7,20.4,0.0,1014.6,0.0,0.37931,96.0
2022-10-31 10:00:00,2.1,18.8,19.3,184.0,1014.8,14.4,0.37931,97.0
2022-10-31 11:00:00,2.2,18.5,19.0,198.0,1015.5,12.2,0.0,97.0
2022-10-31 12:00:00,0.7,17.7,18.9,0.0,1015.4,0.0,0.0,93.0
2022-10-31 13:00:00,0.0,18.0,19.2,260.0,1015.8,5.5,0.0,93.0
2022-10-31 14:00:00,0.0,17.7,19.7,330.0,1016.5,7.4,0.482759,88.0
2022-10-31 15:00:00,0.0,15.0,20.4,340.0,1017.0,5.5,0.448276,71.0
2022-10-31 16:00:00,0.0,17.3,20.7,274.0,1017.1,4.3,0.431034,81.0
2022-10-31 17:00:00,0.0,14.4,22.6,310.0,1016.6,7.4,0.37931,60.0
2022-10-31 18:00:00,0.0,14.7,24.0,0.0,1015.8,0.0,0.362069,56.0
2022-10-31 19:00:00,0.0,14.3,24.2,290.0,1014.8,7.4,0.310345,54.0
2022-10-31 20:00:00,0.0,16.3,25.7,221.0,1014.1,11.2,0.310345,56.0
2022-10-31 21:00:00,0.0,15.4,26.0,230.0,1014.1,11.9,0.327586,52.0
2022-10-31 22:00:00,0.0,14.9,23.9,250.0,1014.5,5.5,0.0,57.0
2022-10-31 23:00:00,0.0,14.9,19.9,0.0,1015.0,0.0,0.293103,73.0
2022-11-01 00:00:00,0.0,15.4,20.2,310.0,1015.5,9.0,0.206897,74.0
2022-11-01 01:00:00,0.0,14.1,19.1,318.0,1016.4,9.0,0.0,73.0
2022-11-01 02:00:00,0.0,12.5,18.5,350.0,1017.2,7.4,0.0,68.0
2022-11-01 03:00:00,0.0,11.6,17.3,360.0,1017.8,9.3,0.189655,69.0
2022-11-01 04:00:00,0.0,11.3,15.3,80.0,1018.4,5.5,0.172414,77.0
2022-11-01 05:00:00,0.0,12.2,13.6,0.0,1018.6,0.0,0.0,91.0
2022-11-01 06:00:00,0.0,12.5,15.4,359.0,1018.5,9.0,0.137931,83.0
2022-11-01 07:00:00,0.0,11.5,12.8,0.0,1018.8,0.0,0.12069,92.0
2022-11-01 08:00:00,0.0,11.3,12.1,0.0,1018.8,0.0,0.12069,95.0
2022-11-01 09:00:00,0.0,10.9,11.7,0.0,1019.1,0.0,0.12069,95.0
2022-11-01 10:00:00,0.0,10.3,11.1,0.0,1019.5,0.0,0.137931,95.0
2022-11-01 11:00:00,0.0,12.3,13.2,9.0,1020.2,6.8,0.0,94.0
2022-11-01 12:00:00,0.0,9.7,10.5,0.0,1020.8,0.0,0.0,95.0
2022-11-01 13:00:00,0.0,12.0,15.2,50.0,1021.5,7.4,0.0,81.0
2022-11-01 14:00:00,0.0,13.8,17.9,20.0,1022.1,8.3,0.448276,77.0
2022-11-01 15:00:00,0.0,13.8,20.4,23.0,1022.5,10.4,0.293103,66.0
2022-11-01 16:00:00,0.0,13.0,22.2,26.0,1022.3,12.6,0.137931,56.0
2022-11-01 17:00:00,0.0,11.1,24.1,20.0,1021.7,16.7,0.068966,44.0
2022-11-01 18:00:00,0.0,11.0,24.8,20.0,1020.3,13.0,0.051724,42.0
2022-11-01 19:00:00,0.0,12.8,24.2,23.0,1019.9,9.7,0.051724,49.0
2022-11-01 20:00:00,0.0,13.0,24.4,19.0,1019.9,9.0,0.068966,49.0
2022-11-01 21:00:00,0.0,13.0,24.1,12.0,1020.2,7.9,0.172414,50.0
2022-11-01 22:00:00,0.0,14.1,23.1,2.0,1020.4,5.0,0.0,57.0
2022-11-01 23:00:00,0.0,13.0,19.5,0.0,1020.8,0.0,0.310345,66.0
2022-11-02 00:00:00,0.0,12.6,17.5,10.0,1021.5,5.5,0.396552,73.0
2022-11-02 01:00:00,0.0,11.5,17.9,10.0,1021.9,7.4,0.0,66.0
2022-11-02 02:00:00,0.0,11.9,14.9,0.0,1022.2,0.0,0.0,82.0
2022-11-02 03:00:00,0.0,13.7,15.9,28.0,1022.4,7.2,0.431034,87.0
2022-11-02 04:00:00,0.0,12.0,15.2,0.0,1022.3,0.0,0.413793,81.0
2022-11-02 05:00:00,0.0,11.4,15.4,0.0,1022.2,0.0,0.0,77.0
2022-11-02 06:00:00,0.0,11.9,14.0,0.0,1021.9,0.0,0.0,87.0
2022-11-02 07:00:00,0.0,12.8,14.1,29.0,1022.1,7.2,0.37931,92.0
2022-11-02 08:00:00,0.0,11.2,14.2,0.0,1022.0,0.0,0.37931,82.0
2022-11-02 09:00:00,0.0,11.2,14.0,0.0,1022.1,0.0,0.362069,83.0
2022-11-02 10:00:00,0.0,10.9,14.5,0.0,1022.6,0.0,0.396552,79.0
2022-11-02 11:00:00,0.0,10.8,14.2,40.0,1023.1,7.4,0.0,80.0
2022-11-02 12:00:00,0.0,12.4,13.7,49.0,1023.6,6.5,0.0,92.0
2022-11-02 13:00:00,0.0,11.5,16.4,80.0,1024.0,9.3,0.0,73.0
2022-11-02 14:00:00,0.0,11.3,20.7,70.0,1024.5,9.3,0.465517,55.0
2022-11-02 15:00:00,0.0,11.4,23.7,120.0,1024.3,11.1,0.310345,46.0
2022-11-02 16:00:00,0.0,13.7,23.2,63.0,1024.0,7.2,0.224138,55.0
2022-11-02 17:00:00,0.0,13.6,24.7,64.0,1023.2,5.8,0.017241,50.0
2022-11-02 18:00:00,0.0,12.0,26.3,350.0,1022.4,5.5,0.068966,41.0
2022-11-02 19:00:00,0.0,12.2,27.4,0.0,1021.6,0.0,0.086207,39.0
2022-11-02 20:00:00,0.0,13.4,26.3,359.0,1021.3,6.5,0.137931,45.0
2022-11-02 21:00:00,0.0,13.9,26.4,359.0,1021.0,6.8,0.189655,46.0
2022-11-02 22:00:00,0.0,14.6,25.1,8.0,1021.0,6.8,0.0,52.0
2022-11-02 23:00:00,0.0,12.6,21.8,0.0,1021.3,0.0,0.310345,56.0
2022-11-03 00:00:00,0.0,11.9,20.7,30.0,1021.7,9.3,0.431034,57.0
2022-11-03 01:00:00,0.0,14.2,19.6,359.0,1022.3,9.4,0.0,71.0
2022-11-03 02:00:00,0.0,14.2,18.9,18.0,1022.8,10.4,0.0,74.0
2022-11-03 03:00:00,0.0,11.7,17.2,0.0,1022.5,0.0,0.448276,70.0
2022-11-03 04:00:00,0.0,11.3,17.3,0.0,1022.5,0.0,0.413793,68.0
2022-11-03 05:00:00,0.0,11.0,16.5,40.0,1022.2,9.3,0.0,70.0
2022-11-03 06:00:00,0.0,10.7,16.4,60.0,1022.0,9.3,0.344828,69.0
2022-11-03 07:00:00,0.0,12.6,16.6,48.0,1021.9,9.0,0.362069,77.0
2022-11-03 08:00:00,0.0,10.6,15.4,50.0,1021.8,7.4,0.362069,73.0
2022-11-03 09:00:00,0.0,10.9,14.9,40.0,1021.6,7.4,0.362069,77.0
2022-11-03 10:00:00,0.0,11.4,14.2,40.0,1021.8,7.4,0.37931,83.0
2022-11-03 11:00:00,0.0,11.6,14.3,50.0,1022.2,7.4,0.0,84.0
2022-11-03 12:00:00,0.0,13.9,14.9,49.0,1022.7,10.8,0.413793,94.0
2022-11-03 13:00:00,0.0,13.0,16.7,60.0,1023.5,13.0,0.482759,79.0
2022-11-03 14:00:00,0.0,13.3,20.3,80.0,1024.0,16.7,0.448276,64.0
2022-11-03 15:00:00,0.0,12.8,24.2,90.0,1024.1,16.7,0.293103,49.0
2022-11-03 16:00:00,0.0,14.9,23.7,66.0,1023.8,12.6,0.0,58.0
2022-11-03 17:00:00,0.0,12.6,26.6,80.0,1023.0,16.7,0.0,42.0
2022-11-03 18:00:00,0.0,12.2,27.4,70.0,1021.7,14.8,0.0,39.0
2022-11-03 19:00:00,0.0,11.6,28.1,100.0,1020.8,13.0,0.0,36.0
2022-11-03 20:00:00,0.0,13.1,26.7,60.0,1020.6,12.2,0.086207,43.0
2022-11-03 21:00:00,0.0,12.4,26.3,54.0,1020.5,12.6,0.0,42.0
2022-11-03 22:00:00,0.0,10.6,26.0,80.0,1020.5,11.1,0.224138,38.0
2022-11-03 23:00:00,0.0,11.0,21.9,90.0,1020.5,9.3,0.0,50.0
2022-11-04 00:00:00,0.0,11.1,19.6,100.0,1021.1,11.1,0.413793,58.0
2022-11-04 01:00:00,0.0,10.8,19.0,90.0,1021.7,11.1,0.0,59.0
2022-11-04 02:00:00,0.0,12.7,20.0,59.0,1022.0,12.2,0.0,63.0
2022-11-04 03:00:00,0.0,10.8,18.2,90.0,1022.0,11.1,0.0,62.0
2022-11-04 04:00:00,0.0,12.1,18.6,67.0,1022.0,13.3,0.0,66.0
2022-11-04 05:00:00,0.0,10.6,16.3,90.0,1021.9,7.4,0.396552,69.0
2022-11-04 06:00:00,0.0,12.4,17.5,80.0,1021.7,11.9,0.0,72.0
2022-11-04 07:00:00,0.0,10.6,14.2,80.0,1021.7,9.3,0.362069,79.0
2022-11-04 08:00:00,0.0,12.4,15.8,83.0,1021.6,9.0,0.362069,80.0
2022-11-04 09:00:00,0.0,10.9,13.7,90.0,1021.4,7.4,0.362069,83.0
2022-11-04 10:00:00,0.0,11.8,14.3,80.0,1021.3,8.3,0.37931,85.0
2022-11-04 11:00:00,0.0,10.6,12.7,50.0,1021.5,5.5,0.0,87.0
2022-11-04 12:00:00,0.0,12.0,13.6,71.0,1021.7,9.0,0.396552,90.0
2022-11-04 13:00:00,0.0,12.4,15.6,80.0,1022.3,9.3,0.465517,81.0
2022-11-04 14:00:00,0.0,12.0,20.3,110.0,1022.9,16.7,0.413793,59.0
2022-11-04 15:00:00,0.0,13.2,20.5,68.0,1022.8,11.5,0.275862,63.0
2022-11-04 16:00:00,0.0,13.2,22.7,74.0,1022.2,13.3,0.0,55.0
2022-11-04 17:00:00,0.0,10.3,25.2,100.0,1021.5,14.8,0.0,39.0
2022-11-04 18:00:00,0.0,9.4,26.1,80.0,1020.3,7.4,0.0,35.0
2022-11-04 19:00:00,0.0,9.3,26.9,80.0,1019.8,13.0,0.0,33.0
2022-11-04 20:00:00,0.0,9.9,27.1,110.0,1019.2,11.1,0.034483,34.0
2022-11-04 21:00:00,0.0,10.9,25.9,57.0,1018.7,10.8,0.0,39.0
2022-11-04 22:00:00,0.0,11.0,25.6,100.0,1018.4,11.1,0.189655,40.0
2022-11-04 23:00:00,0.0,11.3,20.7,90.0,1018.2,9.3,0.0,55.0
2022-11-05 00:00:00,0.0,11.8,18.5,0.0,1018.5,0.0,0.206897,65.0
2022-11-05 01:00:00,0.0,12.6,19.6,63.0,1018.5,8.3,0.0,64.0
2022-11-05 02:00:00,0.0,11.6,18.8,100.0,1018.5,7.4,0.0,63.0
2022-11-05 03:00:00,0.0,11.8,18.0,110.0,1018.3,5.5,0.0,67.0
2022-11-05 04:00:00,0.0,11.9,17.2,130.0,1018.3,7.4,0.0,71.0
2022-11-05 05:00:00,0.0,14.7,19.5,118.0,1018.0,11.2,0.396552,74.0
2022-11-05 06:00:00,0.0,15.6,18.7,117.0,1017.9,9.0,0.0,82.0
2022-11-05 07:00:00,0.0,13.3,16.8,120.0,1017.7,9.3,0.37931,80.0
2022-11-05 08:00:00,0.0,13.9,17.0,110.0,1017.4,7.4,0.362069,82.0
2022-11-05 09:00:00,0.0,13.6,15.9,120.0,1017.2,7.4,0.362069,86.0
2022-11-05 10:00:00,0.0,16.2,17.2,106.0,1017.0,7.9,0.310345,94.0
2022-11-05 11:00:00,0.0,16.1,16.9,110.0,1017.1,7.2,0.0,95.0
2022-11-05 12:00:00,0.0,14.3,15.6,60.0,1017.1,5.5,0.37931,92.0
2022-11-05 13:00:00,0.0,16.0,18.2,100.0,1017.2,5.5,0.396552,87.0
2022-11-05 14:00:00,0.0,17.1,21.5,150.0,1017.7,11.1,0.362069,76.0
2022-11-05 15:00:00,0.0,18.2,23.8,130.0,1017.5,10.8,0.224138,71.0
2022-11-05 16:00:00,0.0,18.3,25.6,148.0,1017.2,13.0,0.0,64.0
2022-11-05 17:00:00,0.0,16.9,27.0,190.0,1016.6,16.7,0.0,54.0
2022-11-05 18:00:00,0.0,17.0,27.8,230.0,1015.8,13.0,0.0,52.0
2022-11-05 19:00:00,0.0,15.9,27.6,180.0,1015.2,13.0,0.0,49.0
2022-11-05 20:00:00,0.0,16.8,28.6,178.0,1015.0,9.7,0.172414,49.0
2022-11-05 21:00:00,0.0,16.5,28.2,166.0,1014.7,7.9,0.0,49.0
2022-11-05 22:00:00,0.0,18.5,27.2,170.0,1015.2,2.5,0.258621,59.0
2022-11-05 23:00:00,0.0,15.9,22.6,0.0,1015.3,0.0,0.0,66.0
2022-11-06 00:00:00,0.0,15.9,23.1,350.0,1015.8,11.1,0.37931,64.0
2022-11-06 01:00:00,0.0,16.9,22.7,53.0,1016.1,7.2,0.0,70.0
2022-11-06 02:00:00,0.0,15.9,20.7,360.0,1016.3,5.5,0.0,74.0
2022-11-06 03:00:00,0.0,15.7,18.8,0.0,1016.3,0.0,0.0,82.0
2022-11-06 04:00:00,0.0,16.3,21.6,120.0,1016.3,13.0,0.0,72.0
2022-11-06 05:00:00,0.0,18.4,21.8,130.0,1016.1,17.3,0.37931,81.0
2022-11-06 06:00:00,0.0,18.9,21.3,131.0,1015.5,16.9,0.0,86.0
2022-11-06 07:00:00,0.0,19.2,21.5,133.0,1015.2,18.0,0.37931,87.0
2022-11-06 08:00:00,0.0,18.2,20.1,350.0,1015.1,7.4,0.37931,89.0
2022-11-06 09:00:00,0.0,18.5,20.4,0.0,1015.4,0.0,0.362069,89.0
2022-11-06 10:00:00,0.0,19.1,20.8,30.0,1015.9,7.4,0.37931,90.0
2022-11-06 11:00:00,0.0,19.2,19.9,120.0,1016.6,6.5,0.0,96.0
2022-11-06 12:00:00,0.0,19.0,20.3,50.0,1017.2,5.5,0.344828,92.0
2022-11-06 13:00:00,0.0,19.6,23.0,70.0,1018.1,13.0,0.362069,81.0
2022-11-06 14:00:00,0.0,19.7,24.2,110.0,1019.0,11.1,0.362069,76.0
2022-11-06 15:00:00,0.0,20.9,25.2,113.0,1019.2,10.1,0.275862,77.0
2022-11-06 16:00:00,0.0,20.4,26.6,123.0,1019.2,9.0,0.0,69.0
2022-11-06 17:00:00,0.0,18.1,27.7,0.0,1018.8,0.0,0.0,56.0
2022-11-06 18:00:00,0.0,17.8,29.0,90.0,1018.1,9.3,0.0,51.0
2022-11-06 19:00:00,0.0,19.3,27.8,27.0,1017.5,5.8,0.0,60.0
2022-11-06 20:00:00,0.0,19.2,27.7,63.0,1017.2,6.1,0.155172,60.0
2022-11-06 21:00:00,0.1,17.9,29.7,100.0,1017.1,14.8,0.0,49.0
2022-11-06 22:00:00,0.0,18.5,27.5,40.0,1017.0,13.0,0.344828,58.0
2022-11-06 23:00:00,0.0,18.1,23.9,50.0,1017.3,9.3,0.0,70.0
2022-11-07 00:00:00,0.0,18.7,25.3,109.0,1018.3,17.6,0.465517,67.0
2022-11-07 01:00:00,0.0,19.5,23.6,103.0,1019.0,12.6,0.0,78.0
2022-11-07 02:00:00,0.0,18.6,21.0,0.0,1019.6,0.0,0.0,86.0
2022-11-07 03:00:00,0.0,18.1,22.1,110.0,1019.9,5.5,0.0,78.0
2022-11-07 04:00:00,0.0,18.4,21.2,70.0,1020.2,7.4,0.0,84.0
2022-11-07 05:00:00,0.0,18.5,20.6,0.0,1020.4,0.0,0.413793,88.0
2022-11-07 06:00:00,0.0,19.8,21.0,78.0,1020.5,8.3,0.396552,93.0
2022-11-07 07:00:00,0.0,18.8,20.1,50.0,1020.7,7.4,0.396552,92.0
2022-11-07 08:00:00,0.0,19.3,20.5,70.0,1020.4,9.3,0.37931,93.0
2022-11-07 09:00:00,0.0,19.5,20.5,60.0,1020.3,9.3,0.37931,94.0
2022-11-07 10:00:00,0.0,19.6,21.0,60.0,1020.7,11.1,0.396552,92.0
2022-11-07 11:00:00,0.0,19.8,20.3,59.0,1021.4,10.8,0.0,97.0
2022-11-07 12:00:00,0.0,19.6,20.9,80.0,1021.9,9.3,0.431034,92.0
2022-11-07 13:00:00,0.0,19.1,22.9,90.0,1022.4,13.0,0.5,79.0
2022-11-07 14:00:00,0.0,17.7,25.2,110.0,1023.1,16.7,0.344828,63.0
2022-11-07 15:00:00,0.0,19.6,25.2,64.0,1023.3,12.2,0.258621,71.0
2022-11-07 16:00:00,0.0,18.7,26.8,63.0,1023.1,14.0,0.0,61.0
2022-11-07 17:00:00,0.0,14.4,28.6,90.0,1022.3,16.7,0.0,42.0
2022-11-07 18:00:00,0.0,14.5,30.0,30.0,1021.3,16.7,0.0,39.0
2022-11-07 19:00:00,0.0,16.8,29.6,49.0,1020.6,15.1,0.0,46.0
2022-11-07 20:00:00,0.0,16.2,29.7,47.0,1020.3,17.3,0.258621,44.0
2022-11-07 21:00:00,0.0,14.0,29.9,80.0,1020.0,16.7,0.0,38.0
2022-11-07 22:00:00,0.0,13.5,27.6,70.0,1020.0,13.0,0.448276,42.0
2022-11-07 23:00:00,0.0,14.2,24.4,60.0,1020.6,11.1,0.0,53.0
2022-11-08 00:00:00,0.0,14.7,23.2,50.0,1021.4,7.4,0.482759,59.0
2022-11-08 01:00:00,0.0,17.2,25.0,34.0,1021.8,13.7,0.0,62.0
2022-11-08 02:00:00,0.0,14.5,21.4,50.0,1022.5,5.5,0.0,65.0
2022-11-08 03:00:00,0.0,14.7,21.1,40.0,1022.9,7.4,0.0,67.0
2022-11-08 04:00:00,0.0,14.9,20.1,20.0,1022.8,5.5,0.0,72.0
2022-11-08 05:00:00,0.0,15.4,19.3,0.0,1022.5,0.0,0.431034,78.0
2022-11-08 06:00:00,0.0,16.8,21.4,37.0,1022.5,10.8,0.0,75.0
2022-11-08 07:00:00,0.0,15.4,19.1,30.0,1022.5,7.4,0.396552,79.0
2022-11-08 08:00:00,0.0,15.7,19.0,50.0,1022.4,9.3,0.396552,81.0
2022-11-08 09:00:00,0.0,15.5,18.1,30.0,1022.1,7.4,0.396552,85.0
2022-11-08 10:00:00,0.0,17.4,19.3,33.0,1022.3,9.4,0.413793,89.0
2022-11-08 11:00:00,0.0,16.0,18.0,30.0,1022.6,9.3,0.0,88.0
2022-11-08 12:00:00,0.0,16.3,18.3,40.0,1023.1,7.4,0.465517,88.0
2022-11-08 13:00:00,0.0,17.8,21.8,50.0,1023.7,18.5,0.482759,78.0
2022-11-08 14:00:00,0.0,19.0,23.0,31.0,1024.4,13.7,0.448276,78.0
2022-11-08 15:00:00,0.0,19.2,25.3,40.0,1024.3,17.6,0.275862,69.0
2022-11-08 16:00:00,0.0,17.3,28.1,80.0,1023.9,22.2,0.0,52.0
2022-11-08 17:00:00,0.0,16.1,29.2,70.0,1023.3,27.8,0.0,45.0
2022-11-08 18:00:00,0.0,15.9,29.8,52.0,1022.2,23.4,0.0,43.0
2022-11-08 19:00:00,0.0,16.0,29.5,51.0,1021.6,25.6,0.0,44.0
2022-11-08 20:00:00,0.0,15.9,29.0,50.0,1021.0,25.2,0.327586,45.0
2022-11-08 21:00:00,0.0,14.1,27.8,60.0,1020.8,24.1,0.0,43.0
2022-11-08 22:00:00,0.0,11.7,26.4,70.0,1021.3,18.5,0.431034,40.0
2022-11-08 23:00:00,0.0,11.2,23.9,50.0,1021.7,14.8,0.0,45.0
2022-11-09 00:00:00,0.0,10.2,23.1,70.0,1022.6,16.7,0.465517,44.0
2022-11-09 01:00:00,0.0,9.1,23.5,48.0,1023.4,22.3,0.0,40.0
2022-11-09 02:00:00,0.0,8.8,21.9,80.0,1023.9,18.5,0.0,43.0
2022-11-09 03:00:00,0.0,6.7,20.0,80.0,1024.2,14.8,0.0,42.0
2022-11-09 04:00:00,0.0,-0.8,19.8,50.0,1024.2,22.0,0.0,25.0
2022-11-09 05:00:00,0.0,0.1,19.0,48.0,1023.6,20.2,0.396552,28.0
2022-11-09 06:00:00,0.0,1.7,17.3,70.0,1023.6,16.7,0.0,35.0
2022-11-09 07:00:00,0.0,0.7,16.2,70.0,1023.7,18.5,0.37931,35.0
2022-11-09 08:00:00,0.0,-0.8,15.9,51.0,1023.5,22.0,0.396552,32.0
2022-11-09 09:00:00,0.0,-0.8,14.1,60.0,1023.4,18.5,0.37931,36.0
2022-11-09 10:00:00,0.0,-1.5,14.1,52.0,1023.6,20.5,0.396552,34.0
2022-11-09 11:00:00,0.0,-0.7,13.7,70.0,1024.0,27.8,0.0,37.0
2022-11-09 12:00:00,0.0,-0.2,13.1,70.0,1024.5,29.6,0.431034,40.0
2022-11-09 13:00:00,0.0,2.2,14.7,70.0,1025.0,27.8,0.431034,43.0
2022-11-09 14:00:00,0.0,0.1,14.2,53.0,1025.3,27.0,0.293103,38.0
2022-11-09 15:00:00,0.0,1.6,15.5,47.0,1025.4,25.6,0.155172,39.0
2022-11-09 16:00:00,0.0,5.1,18.2,45.0,1024.8,24.5,0.0,42.0
2022-11-09 17:00:00,0.0,7.1,20.1,45.0,1023.9,23.4,0.0,43.0
2022-11-09 18:00:00,0.0,7.0,21.1,70.0,1022.7,27.8,0.0,40.0
2022-11-09 19:00:00,0.0,7.2,21.3,45.0,1021.4,23.8,0.0,40.0
2022-11-09 20:00:00,0.0,8.2,21.7,44.0,1020.4,23.8,0.241379,42.0
2022-11-09 21:00:00,0.0,8.4,20.8,70.0,1020.4,22.2,0.0,45.0
2022-11-09 22:00:00,0.0,7.9,19.5,50.0,1020.1,16.7,0.396552,47.0
2022-11-09 23:00:00,0.0,8.3,19.3,46.0,1020.3,21.2,0.0,49.0
2022-11-10 00:00:00,0.0,8.4,18.7,42.0,1020.5,21.2,0.431034,51.0
2022-11-10 01:00:00,0.0,8.3,18.0,70.0,1020.5,20.4,0.0,53.0
2022-11-10 02:00:00,0.0,8.1,17.8,60.0,1020.8,25.9,0.0,53.0
2022-11-10 03:00:00,0.0,8.3,17.2,60.0,1020.5,20.4,0.0,56.0
2022-11-10 04:00:00,0.0,7.9,17.0,40.0,1020.0,18.5,0.0,55.0
2022-11-10 05:00:00,0.0,9.0,16.8,42.0,1019.2,21.6,0.396552,60.0
2022-11-10 06:00:00,0.0,7.7,16.8,60.0,1018.2,24.1,0.0,55.0
2022-11-10 07:00:00,0.0,7.9,16.7,60.0,1017.2,24.1,0.37931,56.0
2022-11-10 08:00:00,0.0,8.2,16.8,50.0,1016.1,20.4,0.37931,57.0
2022-11-10 09:00:00,0.0,9.7,16.8,31.0,1015.0,24.5,0.362069,63.0
2022-11-10 10:00:00,0.0,9.8,16.9,31.0,1014.2,24.8,0.413793,63.0
2022-11-10 11:00:00,0.0,9.7,16.8,50.0,1013.7,20.4,0.0,63.0
2022-11-10 12:00:00,0.0,10.3,17.4,40.0,1013.4,24.1,0.448276,63.0
2022-11-10 13:00:00,0.0,11.0,18.4,50.0,1013.0,33.3,0.517241,62.0
2022-11-10 14:00:00,0.0,11.9,18.9,27.0,1012.5,28.1,0.448276,64.0
2022-11-10 15:00:00,0.0,12.1,19.8,40.0,1011.8,33.3,0.431034,61.0
2022-11-10 16:00:00,0.0,12.9,19.9,16.0,1010.5,31.0,0.0,64.0
2022-11-10 17:00:00,0.1,13.7,18.4,30.0,1009.4,29.6,0.0,74.0
2022-11-10 18:00:00,1.2,14.1,18.0,30.0,1007.9,29.6,0.0,78.0
2022-11-10 19:00:00,1.6,15.8,17.5,18.0,1005.8,33.5,0.0,90.0
2022-11-10 20:00:00,2.2,15.2,17.4,30.0,1004.1,35.2,0.482759,87.0
2022-11-10 21:00:00,3.1,15.4,17.1,11.0,1002.6,34.9,0.0,90.0
2022-11-10 22:00:00,5.4,15.9,17.7,15.0,1001.7,36.0,0.431034,89.0
2022-11-10 23:00:00,2.4,16.9,17.9,15.0,1000.6,34.2,0.0,94.0
2022-11-11 00:00:00,5.2,17.4,18.4,17.0,999.7,34.9,0.396552,94.0
2022-11-11 01:00:00,4.7,16.8,18.5,30.0,998.8,31.5,0.0,90.0
2022-11-11 02:00:00,3.5,17.3,18.8,10.0,998.7,29.6,0.0,91.0
2022-11-11 03:00:00,2.9,17.8,19.1,10.0,997.8,24.1,0.0,92.0
2022-11-11 04:00:00,2.1,19.1,19.8,21.0,996.9,23.4,0.0,96.0
2022-11-11 05:00:00,1.6,19.2,19.9,18.0,996.5,18.4,0.396552,96.0
2022-11-11 06:00:00,0.9,18.1,18.9,300.0,996.4,7.4,0.0,95.0
2022-11-11 07:00:00,0.2,17.9,18.7,260.0,997.1,14.8,0.310345,95.0
2022-11-11 08:00:00,0.3,17.7,18.5,260.0,998.6,13.0,0.12069,95.0
2022-11-11 09:00:00,0.2,18.3,18.6,241.0,999.6,22.0,0.206897,98.0
2022-11-11 10:00:00,0.5,17.4,18.6,240.0,1000.9,16.7,0.362069,93.0
2022-11-11 11:00:00,0.0,17.5,18.5,250.0,1002.2,16.7,0.0,94.0
2022-11-11 12:00:00,0.0,17.6,18.8,250.0,1003.5,20.4,0.431034,93.0
2022-11-11 13:00:00,0.0,17.8,19.0,250.0,1004.6,18.5,0.5,93.0
2022-11-11 14:00:00,0.0,18.4,19.2,232.0,1005.7,21.2,0.465517,95.0
2022-11-11 15:00:00,0.0,18.3,19.8,235.0,1006.8,23.0,0.431034,91.0
2022-11-11 16:00:00,0.0,17.8,22.0,240.0,1007.2,16.7,0.0,77.0
2022-11-11 17:00:00,0.0,17.0,22.8,250.0,1007.4,13.0,0.0,70.0
2022-11-11 18:00:00,0.0,17.1,23.3,280.0,1007.2,14.8,0.0,68.0
2022-11-11 19:00:00,0.0,18.1,23.9,253.0,1007.2,20.5,0.0,70.0
2022-11-11 20:00:00,0.0,16.9,23.4,260.0,1007.6,11.1,0.37931,67.0
2022-11-11 21:00:00,0.0,17.4,22.7,240.0,1007.9,7.4,0.0,72.0
2022-11-11 22:00:00,0.0,17.8,22.2,230.0,1008.3,13.0,0.413793,76.0
2022-11-11 23:00:00,0.0,18.0,21.4,220.0,1009.1,7.4,0.0,81.0
2022-11-12 00:00:00,0.0,18.7,22.3,218.0,1009.7,10.4,0.413793,80.0
2022-11-12 01:00:00,0.0,18.0,20.4,230.0,1010.5,7.4,0.0,86.0
2022-11-12 02:00:00,0.0,17.5,19.5,240.0,1011.3,5.5,0.0,88.0
2022-11-12 03:00:00,0.0,17.4,18.7,250.0,1011.9,5.5,0.0,92.0
2022-11-12 04:00:00,0.0,17.9,18.6,233.0,1012.1,7.9,0.0,96.0
2022-11-12 05:00:00,0.0,17.1,18.1,0.0,1011.9,0.0,0.413793,94.0
2022-11-12 06:00:00,0.0,17.2,18.9,260.0,1011.8,5.5,0.0,90.0
2022-11-12 07:00:00,0.0,16.4,17.4,0.0,1012.0,0.0,0.37931,94.0
2022-11-12 08:00:00,0.0,15.7,16.5,210.0,1011.8,7.4,0.37931,95.0
2022-11-12 09:00:00,0.0,17.4,17.6,224.0,1012.1,7.6,0.37931,99.0
2022-11-12 10:00:00,0.0,17.0,17.8,0.0,1012.0,0.0,0.37931,95.0
2022-11-12 11:00:00,0.0,17.1,17.7,220.0,1012.5,11.1,0.0,96.0
2022-11-12 12:00:00,0.0,17.5,18.1,220.0,1013.0,5.5,0.362069,96.0
2022-11-12 13:00:00,0.0,17.8,20.4,250.0,1013.6,9.3,0.413793,85.0
2022-11-12 14:00:00,0.0,18.7,20.0,206.0,1014.0,10.1,0.206897,92.0
2022-11-12 15:00:00,0.0,16.0,22.2,240.0,1014.3,14.8,0.155172,68.0
2022-11-12 16:00:00,0.0,14.7,24.0,280.0,1013.9,20.4,0.0,56.0
2022-11-12 17:00:00,0.0,14.0,25.8,250.0,1013.7,18.5,0.0,48.0
2022-11-12 18:00:00,0.0,13.3,25.8,260.0,1013.0,14.8,0.0,46.0
2022-11-12 19:00:00,0.0,16.1,25.8,246.0,1012.2,15.8,0.0,55.0
2022-11-12 20:00:00,0.0,13.1,24.9,240.0,1011.9,9.3,0.206897,48.0
2022-11-12 21:00:00,0.0,13.5,23.6,250.0,1012.1,7.4,0.0,53.0
2022-11-12 22:00:00,0.0,10.6,22.1,280.0,1012.7,5.5,0.396552,48.0
2022-11-12 23:00:00,0.0,14.7,22.3,230.0,1012.8,12.2,0.0,62.0
2022-11-13 00:00:00,0.0,14.0,20.1,330.0,1014.2,13.0,0.431034,68.0
2022-11-13 01:00:00,0.0,12.9,17.6,340.0,1015.3,13.0,0.0,74.0
2022-11-13 02:00:00,0.0,12.2,15.8,340.0,1015.9,16.7,0.0,79.0
2022-11-13 03:00:00,0.0,10.1,14.7,350.0,1016.8,14.8,0.0,74.0
2022-11-13 04:00:00,0.0,10.2,15.4,323.0,1017.3,17.6,0.0,71.0
2022-11-13 05:00:00,0.0,7.2,12.3,330.0,1017.7,16.7,0.413793,71.0
2022-11-13 06:00:00,0.0,5.9,11.4,330.0,1018.0,16.7,0.0,69.0
2022-11-13 07:00:00,0.0,4.3,9.9,360.0,1018.5,14.8,0.396552,68.0
2022-11-13 08:00:00,0.0,2.6,7.9,10.0,1018.9,20.4,0.37931,69.0
2022-11-13 09:00:00,0.0,2.6,9.8,338.0,1019.1,16.9,0.396552,61.0
2022-11-13 10:00:00,0.0,2.2,7.5,10.0,1019.4,22.2,0.37931,69.0
2022-11-13 11:00:00,0.0,1.7,7.0,20.0,1020.4,20.4,0.0,69.0
2022-11-13 12:00:00,0.0,-0.1,5.8,20.0,1021.2,22.2,0.344828,66.0
2022-11-13 13:00:00,0.0,0.4,7.2,20.0,1021.7,20.4,0.413793,62.0
2022-11-13 14:00:00,0.0,0.6,6.7,359.0,1022.3,16.2,0.293103,65.0
2022-11-13 15:00:00,0.0,-1.0,8.6,20.0,1022.7,20.4,0.103448,51.0
2022-11-13 16:00:00,0.0,-0.1,11.4,20.0,1021.9,14.8,0.0,45.0
2022-11-13 17:00:00,0.0,-0.8,12.1,30.0,1021.3,16.7,0.0,41.0
2022-11-13 18:00:00,0.0,2.6,12.5,1.0,1020.4,12.2,0.0,51.0
2022-11-13 19:00:00,0.0,-1.2,14.0,50.0,1019.6,20.4,0.0,35.0
2022-11-13 20:00:00,0.0,-1.2,14.5,10.0,1019.4,13.0,0.0,34.0
2022-11-13 21:00:00,0.0,-0.7,14.2,10.0,1019.2,11.1,0.0,36.0
2022-11-13 22:00:00,0.0,-0.1,11.4,360.0,1019.5,7.4,0.258621,45.0
2022-11-13 23:00:00,0.0,2.4,10.6,356.0,1019.8,8.3,0.0,57.0
2022-11-14 00:00:00,0.0,-0.1,9.5,360.0,1020.4,13.0,0.482759,51.0
2022-11-14 01:00:00,0.0,-0.3,8.8,20.0,1021.1,11.1,0.0,53.0
2022-11-14 02:00:00,0.0,-0.2,7.0,20.0,1021.3,11.1,0.0,60.0
2022-11-14 03:00:00,0.0,0.3,7.6,26.0,1021.6,11.2,0.0,60.0
2022-11-14 04:00:00,0.0,-0.6,6.9,29.0,1021.7,11.2,0.0,59.0
2022-11-14 05:00:00,0.0,-0.4,4.6,40.0,1021.6,13.0,0.465517,70.0
2022-11-14 06:00:00,0.0,-0.4,4.0,40.0,1021.7,11.1,0.0,73.0
2022-11-14 07:00:00,0.0,-0.7,3.7,50.0,1021.4,11.1,0.465517,73.0
2022-11-14 08:00:00,0.0,-0.9,3.3,50.0,1021.5,13.0,0.465517,74.0
2022-11-14 09:00:00,0.0,-0.6,4.6,44.0,1021.5,11.5,0.465517,69.0
2022-11-14 10:00:00,0.0,-0.5,4.5,49.0,1021.6,11.5,0.465517,70.0
2022-11-14 11:00:00,0.0,-0.5,3.3,50.0,1022.0,13.0,0.0,76.0
2022-11-14 12:00:00,0.0,0.2,4.6,60.0,1022.3,14.8,0.568966,73.0
2022-11-14 13:00:00,0.0,1.2,5.7,49.0,1023.0,14.0,0.603448,73.0
2022-11-14 14:00:00,0.0,1.9,8.1,54.0,1023.6,14.4,0.431034,65.0
2022-11-14 15:00:00,0.0,2.1,10.5,80.0,1023.6,16.7,0.258621,56.0
2022-11-14 16:00:00,0.0,3.6,13.2,110.0,1023.1,14.8,0.0,52.0
2022-11-14 17:00:00,0.0,6.1,14.2,64.0,1022.4,13.3,0.0,58.0
2022-11-14 18:00:00,0.0,7.1,15.6,65.0,1021.6,12.6,0.0,57.0
2022-11-14 19:00:00,0.0,5.6,17.0,90.0,1020.7,13.0,0.0,47.0
2022-11-14 20:00:00,0.0,5.7,17.5,60.0,1020.2,11.1,0.12069,46.0
2022-11-14 21:00:00,0.0,6.0,17.4,80.0,1020.2,16.7,0.0,47.0
2022-11-14 22:00:00,0.0,6.9,14.6,70.0,1019.7,13.0,0.344828,60.0
2022-11-14 23:00:00,0.0,8.9,13.9,54.0,1019.3,8.3,0.0,72.0
2022-11-15 00:00:00,0.0,7.3,12.8,80.0,1019.4,14.8,0.465517,69.0
2022-11-15 01:00:00,0.0,7.5,12.6,90.0,1019.0,13.0,0.0,71.0
2022-11-15 02:00:00,0.0,8.2,13.3,120.0,1019.5,16.7,0.0,71.0
2022-11-15 03:00:00,0.0,8.8,12.5,83.0,1019.7,17.3,0.0,78.0
2022-11-15 04:00:00,0.0,9.1,12.5,87.0,1019.2,16.6,0.0,80.0
2022-11-15 05:00:00,0.0,9.1,13.0,50.0,1019.1,9.3,0.431034,77.0
2022-11-15 06:00:00,0.0,9.3,13.7,80.0,1018.7,13.0,0.0,75.0
2022-11-15 07:00:00,0.0,10.4,14.2,100.0,1018.4,11.1,0.413793,78.0
2022-11-15 08:00:00,0.0,11.0,12.8,71.0,1018.4,9.7,0.413793,89.0
2022-11-15 09:00:00,0.0,11.3,13.2,76.0,1018.0,10.8,0.413793,88.0
2022-11-15 10:00:00,0.5,11.1,12.5,80.0,1017.7,18.5,0.431034,91.0
2022-11-15 11:00:00,1.3,11.2,12.6,130.0,1017.6,16.7,0.0,91.0
2022-11-15 12:00:00,3.6,13.0,13.8,121.0,1017.2,13.7,0.482759,95.0
2022-11-15 13:00:00,1.5,12.4,13.0,90.0,1018.1,14.8,0.534483,96.0
2022-11-15 14:00:00,4.0,13.9,15.0,170.0,1017.9,18.5,0.5,93.0
2022-11-15 15:00:00,3.1,14.9,16.5,190.0,1017.4,13.0,0.482759,90.0
2022-11-15 16:00:00,0.3,16.2,19.5,180.0,1016.7,22.2,0.0,81.0
2022-11-15 17:00:00,0.6,17.6,19.5,160.0,1016.0,20.2,0.0,89.0
2022-11-15 18:00:00,0.0,18.8,21.2,184.0,1014.9,19.8,0.0,86.0
2022-11-15 19:00:00,0.1,17.2,25.0,230.0,1014.0,24.1,0.0,62.0
2022-11-15 20:00:00,0.1,17.7,24.5,240.0,1013.9,22.2,0.362069,66.0
2022-11-15 21:00:00,0.2,18.3,24.6,230.0,1013.8,16.7,0.0,68.0
2022-11-15 22:00:00,0.0,18.9,23.2,229.0,1014.5,18.7,0.396552,77.0
2022-11-15 23:00:00,0.1,18.3,20.0,290.0,1015.7,19.4,0.0,90.0
2022-11-16 00:00:00,0.0,15.8,18.0,350.0,1017.2,20.4,0.413793,87.0
2022-11-16 01:00:00,0.0,13.7,16.6,360.0,1018.2,16.7,0.0,83.0
2022-11-16 02:00:00,0.0,13.8,16.3,321.0,1019.1,16.9,0.0,85.0
2022-11-16 03:00:00,0.0,13.3,14.8,322.0,1020.1,15.5,0.0,91.0
2022-11-16 04:00:00,0.0,12.4,14.4,324.0,1020.5,16.6,0.0,88.0
2022-11-16 05:00:00,0.0,11.1,14.5,10.0,1020.3,22.2,0.413793,80.0
2022-11-16 06:00:00,0.0,9.8,13.8,30.0,1020.6,18.5,0.37931,77.0
2022-11-16 07:00:00,0.0,9.8,13.4,30.0,1020.7,16.7,0.362069,79.0
2022-11-16 08:00:00,0.0,9.4,13.0,348.0,1020.8,14.8,0.37931,79.0
2022-11-16 09:00:00,0.0,9.7,12.1,360.0,1020.9,13.0,0.37931,85.0
2022-11-16 10:00:00,0.0,9.7,11.4,360.0,1021.7,14.8,0.396552,89.0
2022-11-16 11:00:00,0.0,8.5,11.7,10.0,1021.9,14.8,0.0,81.0
2022-11-16 12:00:00,0.0,6.7,11.4,360.0,1022.4,13.0,0.413793,73.0
2022-11-16 13:00:00,0.0,6.8,10.9,343.0,1023.3,15.5,0.517241,76.0
2022-11-16 14:00:00,0.0,5.8,11.5,10.0,1024.0,11.1,0.5,68.0
2022-11-16 15:00:00,0.0,6.7,11.6,349.0,1024.1,15.5,0.413793,72.0
2022-11-16 16:00:00,0.0,4.5,13.4,340.0,1024.1,20.4,0.0,55.0
2022-11-16 17:00:00,0.0,3.7,13.4,350.0,1023.6,16.7,0.0,52.0
2022-11-16 18:00:00,0.0,6.4,14.1,336.0,1022.7,12.6,0.0,60.0
2022-11-16 19:00:00,0.0,3.2,14.1,340.0,1022.2,16.7,0.206897,48.0
2022-11-16 20:00:00,0.0,1.2,14.3,10.0,1021.8,18.5,0.275862,41.0
2022-11-16 21:00:00,0.0,4.6,14.0,339.0,1021.9,14.8,0.0,53.0
2022-11-16 22:00:00,0.0,4.4,13.3,343.0,1022.0,10.4,0.413793,55.0
2022-11-16 23:00:00,0.0,3.3,12.1,344.0,1022.7,10.1,0.0,55.0
2022-11-17 00:00:00,0.0,2.7,9.9,330.0,1023.6,5.5,0.482759,61.0
2022-11-17 01:00:00,0.0,1.8,10.5,334.0,1024.5,13.3,0.0,55.0
2022-11-17 02:00:00,0.0,1.1,8.4,340.0,1024.8,9.3,0.0,60.0
2022-11-17 03:00:00,0.0,0.6,9.5,331.0,1025.3,12.6,0.0,54.0
2022-11-17 04:00:00,0.0,0.3,9.4,327.0,1025.7,13.0,0.0,53.0
2022-11-17 05:00:00,0.0,0.2,9.3,330.0,1025.7,13.3,0.448276,53.0
2022-11-17 06:00:00,0.0,0.5,8.3,340.0,1025.7,11.1,0.0,58.0
2022-11-17 07:00:00,0.0,0.5,8.0,360.0,1025.6,11.1,0.448276,59.0
2022-11-17 08:00:00,0.0,-0.2,9.4,339.0,1025.5,15.1,0.431034,51.0
2022-11-17 09:00:00,0.0,0.0,7.5,360.0,1025.6,11.1,0.448276,59.0
2022-11-17 10:00:00,0.0,-0.9,8.4,350.0,1025.8,13.0,0.482759,52.0
2022-11-17 11:00:00,0.0,-0.1,6.0,340.0,1026.4,7.4,0.0,65.0
2022-11-17 12:00:00,0.0,-1.2,7.3,349.0,1026.7,11.5,0.551724,55.0
2022-11-17 13:00:00,0.0,-0.7,7.3,350.0,1027.0,10.1,0.637931,57.0
2022-11-17 14:00:00,0.0,-0.8,7.2,20.0,1027.4,11.1,0.586207,57.0
2022-11-17 15:00:00,0.0,-2.4,9.9,20.0,1027.6,9.3,0.534483,42.0
2022-11-17 16:00:00,0.0,-0.3,9.6,7.0,1027.2,11.2,0.0,50.0
2022-11-17 17:00:00,0.0,-3.2,11.8,10.0,1026.5,13.0,0.0,35.0
2022-11-17 18:00:00,0.0,0.6,10.9,355.0,1025.3,9.4,0.0,49.0
2022-11-17 19:00:00,0.0,-2.5,12.6,320.0,1024.2,13.0,0.0,35.0
2022-11-17 20:00:00,0.0,-2.4,11.0,0.0,1024.0,0.0,0.362069,39.0
2022-11-17 21:00:00,0.0,0.3,11.9,309.0,1024.5,9.0,0.0,45.0
2022-11-17 22:00:00,0.0,0.7,11.3,316.0,1024.0,7.9,0.465517,48.0
2022-11-17 23:00:00,0.0,-1.3,9.8,340.0,1024.4,5.5,0.0,46.0
2022-11-18 00:00:00,0.0,0.2,8.8,340.0,1025.2,7.4,0.551724,55.0
2022-11-18 01:00:00,0.0,-1.1,8.2,340.0,1026.0,7.4,0.0,52.0
2022-11-18 02:00:00,0.0,-3.3,7.9,344.0,1025.7,15.5,0.0,45.0
2022-11-18 03:00:00,0.0,-4.4,7.4,342.0,1026.4,15.1,0.0,43.0
2022-11-18 04:00:00,0.0,-4.4,6.1,360.0,1026.5,9.3,0.0,47.0
2022-11-18 05:00:00,0.0,-3.9,4.9,339.0,1026.7,10.4,0.5,53.0
2022-11-18 06:00:00,0.0,-4.6,3.1,360.0,1026.6,11.1,0.482759,57.0
2022-11-18 07:00:00,0.0,-3.9,3.4,346.0,1026.8,10.1,0.482759,59.0
2022-11-18 08:00:00,0.0,-4.2,2.8,349.0,1026.5,10.1,0.517241,60.0
2022-11-18 09:00:00,0.0,-4.7,0.9,350.0,1026.3,7.4,0.517241,66.0
2022-11-18 10:00:00,0.0,-5.2,0.2,350.0,1026.8,9.3,0.465517,67.0
2022-11-18 11:00:00,0.0,-5.7,0.1,10.0,1027.3,9.3,0.0,65.0
2022-11-18 12:00:00,0.0,-5.1,1.0,0.0,1027.7,9.0,0.534483,64.0
2022-11-18 13:00:00,0.0,-5.6,1.8,20.0,1028.3,14.8,0.672414,58.0
2022-11-18 14:00:00,0.0,-5.9,5.4,30.0,1028.7,14.8,0.431034,44.0
2022-11-18 15:00:00,0.0,-6.5,8.5,30.0,1028.9,14.8,0.275862,34.0
2022-11-18 16:00:00,0.0,-3.1,8.5,21.0,1028.6,11.9,0.0,44.0
2022-11-18 17:00:00,0.0,-2.8,9.9,24.0,1027.4,11.2,0.0,41.0
2022-11-18 18:00:00,0.0,-8.3,13.6,40.0,1026.3,16.7,0.0,21.0
2022-11-18 19:00:00,0.0,-1.7,11.8,19.0,1025.4,10.8,0.0,39.0
2022-11-18 20:00:00,0.0,-8.3,14.4,70.0,1024.8,16.7,0.068966,20.0
2022-11-18 21:00:00,0.0,-0.8,12.1,26.0,1024.6,9.7,0.0,41.0
2022-11-18 22:00:00,0.0,1.2,10.9,27.0,1024.8,5.8,0.310345,51.0
2022-11-18 23:00:00,0.0,0.4,7.2,27.0,1025.2,9.7,0.0,62.0
2022-11-19 00:00:00,0.0,-0.3,6.5,17.0,1025.9,9.0,0.517241,62.0
2022-11-19 01:00:00,0.0,-0.5,6.5,3.0,1026.3,8.6,0.0,61.0
2022-11-19 02:00:00,0.0,-0.2,5.7,2.0,1026.6,8.6,0.0,66.0
2022-11-19 03:00:00,0.0,0.1,4.3,24.0,1027.0,9.4,0.0,74.0
2022-11-19 04:00:00,0.0,0.0,3.5,24.0,1027.0,9.7,0.0,78.0
2022-11-19 05:00:00,0.0,-1.6,1.5,0.0,1026.8,0.0,0.534483,80.0
2022-11-19 06:00:00,0.0,-0.2,3.6,8.0,1026.6,7.9,0.0,76.0
2022-11-19 07:00:00,0.0,-0.2,5.0,3.0,1026.7,8.3,0.551724,69.0
2022-11-19 08:00:00,0.0,-1.1,6.1,40.0,1026.5,7.4,0.534483,60.0
2022-11-19 09:00:00,0.0,-1.1,6.6,20.0,1026.1,11.1,0.517241,58.0
2022-11-19 10:00:00,0.0,-1.3,6.9,60.0,1026.0,7.4,0.482759,56.0
2022-11-19 11:00:00,0.0,-0.6,6.6,22.0,1026.4,7.6,0.0,60.0
2022-11-19 12:00:00,0.0,-0.8,6.9,28.0,1026.8,7.2,0.5,58.0
2022-11-19 13:00:00,0.0,-0.6,6.9,22.0,1027.4,9.0,0.534483,59.0
2022-11-19 14:00:00,0.0,-1.9,10.1,50.0,1028.2,13.0,0.465517,43.0
2022-11-19 15:00:00,0.0,-2.2,11.7,90.0,1028.7,13.0,0.327586,38.0
2022-11-19 16:00:00,0.0,-1.9,14.2,70.0,1028.2,14.8,0.0,33.0
2022-11-19 17:00:00,0.0,1.2,11.9,40.0,1026.9,13.0,0.0,48.0
2022-11-19 18:00:00,0.0,-2.0,14.5,90.0,1026.1,9.3,0.0,32.0
2022-11-19 19:00:00,0.0,1.1,13.4,20.0,1025.4,13.0,0.0,43.0
2022-11-19 20:00:00,0.0,4.7,12.8,0.0,1025.3,0.0,0.396552,58.0
2022-11-19 21:00:00,0.2,3.5,11.2,35.0,1025.1,6.5,0.0,59.0
2022-11-19 22:00:00,0.0,5.0,10.9,2.0,1025.5,1.8,0.448276,67.0
2022-11-19 23:00:00,0.0,4.4,12.0,20.0,1025.8,7.4,0.0,66.0
2022-11-20 00:00:00,0.0,5.6,9.8,174.0,1026.5,1.8,0.5,75.0
2022-11-20 01:00:00,0.4,6.8,9.4,209.0,1027.1,2.9,0.0,84.0
2022-11-20 02:00:00,0.4,7.0,9.0,213.0,1027.4,5.4,0.0,87.0
2022-11-20 03:00:00,0.2,7.6,8.7,292.0,1027.2,2.2,0.0,93.0
2022-11-20 04:00:00,0.0,4.1,9.7,350.0,1027.3,13.0,0.0,68.0
2022-11-20 05:00:00,0.0,4.4,9.8,352.0,1027.2,10.4,0.465517,69.0
2022-11-20 06:00:00,0.1,3.8,9.6,351.0,1027.2,12.2,0.0,67.0
2022-11-20 07:00:00,0.3,3.8,9.2,354.0,1027.4,12.6,0.465517,69.0
2022-11-20 08:00:00,0.4,5.7,7.7,340.0,1026.8,7.4,0.465517,87.0
2022-11-20 09:00:00,0.0,6.1,7.8,0.0,1026.5,0.0,0.448276,89.0
2022-11-20 10:00:00,0.0,4.5,7.9,360.0,1026.7,5.5,0.448276,79.0
2022-11-20 11:00:00,0.0,3.9,7.5,20.0,1026.8,14.8,0.0,78.0
2022-11-20 12:00:00,0.0,4.0,7.4,8.0,1027.0,13.7,0.448276,79.0
2022-11-20 13:00:00,0.0,0.7,7.1,30.0,1027.8,16.7,0.517241,64.0
2022-11-20 14:00:00,0.0,-0.8,7.1,20.0,1028.7,22.2,0.5,57.0
2022-11-20 15:00:00,0.0,-1.4,7.6,20.0,1028.9,20.4,0.517241,53.0
2022-11-20 16:00:00,0.0,-0.8,9.1,24.0,1028.6,15.8,0.0,50.0
2022-11-20 17:00:00,0.0,-1.7,9.3,23.0,1028.2,14.8,0.0,46.0
2022-11-20 18:00:00,0.0,-3.8,8.0,30.0,1027.5,18.5,0.0,43.0
2022-11-20 19:00:00,0.0,-3.6,8.2,30.0,1027.1,18.5,0.0,43.0
2022-11-20 20:00:00,0.0,-4.3,8.5,40.0,1026.0,16.7,0.413793,40.0
2022-11-20 21:00:00,0.0,-1.7,9.7,15.0,1025.7,11.5,0.0,45.0
2022-11-20 22:00:00,0.0,-1.2,9.3,11.0,1025.9,10.4,0.448276,48.0
2022-11-20 23:00:00,0.0,-2.1,8.3,10.0,1025.8,11.9,0.0,48.0
2022-11-21 00:00:00,0.0,-2.8,5.8,30.0,1026.4,11.1,0.293103,54.0
2022-11-21 01:00:00,0.0,-2.2,6.4,14.0,1027.2,12.2,0.0,54.0
2022-11-21 02:00:00,0.0,-2.9,6.0,21.0,1027.6,12.2,0.0,53.0
2022-11-21 03:00:00,0.0,-3.8,3.7,40.0,1028.0,11.1,0.0,58.0
2022-11-21 04:00:00,0.0,-3.2,5.1,34.0,1027.9,11.2,0.0,55.0
2022-11-21 05:00:00,0.0,-3.9,2.7,30.0,1027.9,5.5,0.275862,62.0
2022-11-21 06:00:00,0.0,-4.1,2.9,60.0,1027.7,13.0,0.0,60.0
2022-11-21 07:00:00,0.0,-3.8,3.7,44.0,1027.6,12.2,0.517241,58.0
2022-11-21 08:00:00,0.0,-4.1,1.6,40.0,1027.3,11.1,0.534483,66.0
2022-11-21 09:00:00,0.0,-4.0,2.3,60.0,1027.4,11.1,0.517241,63.0
2022-11-21 10:00:00,0.0,-3.8,2.1,50.0,1027.8,11.1,0.551724,65.0
2022-11-21 11:00:00,0.0,-3.4,2.7,44.0,1028.0,11.9,0.0,64.0
2022-11-21 12:00:00,0.0,-3.2,2.7,39.0,1028.3,11.9,0.568966,65.0
2022-11-21 13:00:00,0.0,-3.0,4.3,60.0,1028.7,18.5,0.672414,59.0
2022-11-21 14:00:00,0.0,-1.7,8.4,90.0,1029.0,14.8,0.5,49.0
2022-11-21 15:00:00,0.0,0.2,9.9,70.0,1029.1,13.0,0.362069,51.0
2022-11-21 16:00:00,0.0,3.2,13.4,60.0,1028.7,13.0,0.0,50.0
2022-11-21 17:00:00,0.0,4.5,13.1,47.0,1027.8,11.5,0.0,56.0
2022-11-21 18:00:00,0.0,5.0,16.3,90.0,1026.9,11.1,0.0,47.0
2022-11-21 19:00:00,0.0,6.4,18.2,70.0,1025.7,16.7,0.0,46.0
2022-11-21 20:00:00,0.0,8.6,16.7,47.0,1025.0,12.6,0.137931,59.0
2022-11-21 21:00:00,0.0,8.5,16.5,39.0,1025.1,14.0,0.0,59.0
2022-11-21 22:00:00,0.0,8.8,15.3,36.0,1025.6,10.1,0.362069,65.0
2022-11-21 23:00:00,0.0,6.2,13.1,80.0,1026.1,7.4,0.0,63.0
2022-11-22 00:00:00,0.0,7.4,12.3,29.0,1026.6,12.2,0.465517,72.0
2022-11-22 01:00:00,0.0,6.7,11.8,34.0,1027.1,12.6,0.0,71.0
2022-11-22 02:00:00,0.0,6.0,11.3,44.0,1027.4,12.6,0.0,70.0
2022-11-22 03:00:00,0.0,5.6,11.3,90.0,1027.6,13.0,0.0,68.0
2022-11-22 04:00:00,0.0,5.1,10.6,70.0,1027.4,11.1,0.0,69.0
2022-11-22 05:00:00,0.0,4.8,10.5,70.0,1027.0,11.1,0.431034,68.0
2022-11-22 06:00:00,0.0,5.2,9.8,52.0,1026.6,10.4,0.431034,73.0
2022-11-22 07:00:00,0.0,5.1,9.3,55.0,1026.3,10.1,0.431034,75.0
2022-11-22 08:00:00,0.0,4.3,10.6,60.0,1026.0,11.1,0.396552,65.0
2022-11-22 09:00:00,0.0,4.3,9.9,40.0,1025.9,11.1,0.37931,68.0
2022-11-22 10:00:00,0.0,4.1,8.7,49.0,1025.6,12.2,0.448276,73.0
2022-11-22 11:00:00,0.0,3.8,8.6,35.0,1026.3,10.8,0.0,72.0
2022-11-22 12:00:00,0.0,3.6,8.4,47.0,1026.6,10.8,0.275862,72.0
2022-11-22 13:00:00,0.0,4.3,11.3,60.0,1026.8,13.0,0.293103,62.0
2022-11-22 14:00:00,0.0,5.8,13.9,70.0,1027.2,14.8,0.275862,58.0
2022-11-22 15:00:00,0.0,6.0,13.1,43.0,1027.3,12.2,0.258621,62.0
2022-11-22 16:00:00,0.0,8.4,18.8,80.0,1027.0,16.7,0.0,51.0
2022-11-22 17:00:00,0.0,9.6,17.4,42.0,1025.8,12.6,0.0,60.0
2022-11-22 18:00:00,0.0,9.4,20.1,80.0,1024.8,13.0,0.0,50.0
2022-11-22 19:00:00,0.0,9.7,20.8,60.0,1024.0,16.7,0.0,49.0
2022-11-22 20:00:00,0.0,12.1,20.1,42.0,1023.4,12.2,0.103448,60.0
2022-11-22 21:00:00,0.0,12.0,19.7,35.0,1023.2,11.5,0.0,61.0
2022-11-22 22:00:00,0.0,8.9,19.0,70.0,1023.3,11.1,0.172414,52.0
2022-11-22 23:00:00,0.0,9.1,16.7,40.0,1023.3,11.1,0.0,61.0
2022-11-23 00:00:00,0.0,8.3,15.3,40.0,1023.6,13.0,0.206897,63.0
2022-11-23 01:00:00,0.0,9.5,15.4,25.0,1023.6,11.2,0.0,68.0
2022-11-23 02:00:00,0.0,9.0,14.9,36.0,1023.9,10.4,0.0,68.0
2022-11-23 03:00:00,0.0,7.2,14.9,40.0,1023.9,7.4,0.0,60.0
2022-11-23 04:00:00,0.0,7.1,13.3,10.0,1023.4,7.4,0.0,66.0
2022-11-23 05:00:00,0.0,7.1,13.3,20.0,1023.6,11.1,0.172414,66.0
2022-11-23 06:00:00,0.0,7.0,13.4,40.0,1023.3,9.3,0.0,65.0
2022-11-23 07:00:00,0.0,8.1,13.0,34.0,1022.5,10.4,0.155172,72.0
2022-11-23 08:00:00,0.0,6.8,13.2,40.0,1022.1,9.3,0.155172,65.0
2022-11-23 09:00:00,0.0,7.1,13.1,40.0,1021.6,11.1,0.155172,67.0
2022-11-23 10:00:00,0.0,7.3,12.4,40.0,1021.6,10.8,0.172414,71.0
2022-11-23 11:00:00,0.0,7.2,12.5,42.0,1022.0,10.1,0.0,70.0
2022-11-23 12:00:00,0.0,7.4,13.2,40.0,1022.4,14.8,0.241379,68.0
2022-11-23 13:00:00,0.0,7.1,13.6,40.0,1022.8,13.0,0.258621,65.0
2022-11-23 14:00:00,0.0,8.7,16.0,70.0,1023.3,14.8,0.224138,62.0
2022-11-23 15:00:00,0.0,10.9,18.8,90.0,1023.3,22.2,0.068966,60.0
2022-11-23 16:00:00,0.0,9.8,15.9,42.0,1023.1,12.6,0.0,67.0
2022-11-23 17:00:00,0.0,12.2,21.3,100.0,1022.0,20.4,0.0,56.0
2022-11-23 18:00:00,0.0,12.1,22.4,90.0,1021.1,22.2,0.0,52.0
2022-11-23 19:00:00,0.0,11.7,23.3,50.0,1020.4,13.0,0.0,48.0
2022-11-23 20:00:00,0.0,11.4,23.0,80.0,1019.7,20.4,-0.137931,48.0
2022-11-23 21:00:00,0.0,12.8,20.3,50.0,1019.5,13.0,0.0,62.0
2022-11-23 22:00:00,0.0,11.4,21.7,70.0,1019.5,13.0,0.103448,52.0
2022-11-23 23:00:00,0.0,10.8,17.2,70.0,1020.0,11.1,0.0,66.0
2022-11-24 00:00:00,0.0,11.2,16.5,60.0,1020.4,9.3,0.206897,71.0
2022-11-24 01:00:00,0.0,11.2,15.8,30.0,1021.0,11.2,0.0,74.0
2022-11-24 02:00:00,0.0,10.6,15.6,41.0,1021.4,10.4,0.0,72.0
2022-11-24 03:00:00,0.0,10.0,14.4,50.0,1021.6,5.5,0.0,75.0
2022-11-24 04:00:00,0.0,9.9,13.9,40.0,1021.5,7.4,0.0,77.0
2022-11-24 05:00:00,0.0,10.8,13.4,69.0,1021.1,9.7,0.172414,84.0
2022-11-24 06:00:00,0.0,10.4,12.9,40.0,1020.8,7.4,0.0,85.0
2022-11-24 07:00:00,0.0,10.8,12.6,60.0,1020.7,8.3,0.155172,89.0
2022-11-24 08:00:00,0.0,10.6,13.1,60.0,1020.4,11.1,0.137931,85.0
2022-11-24 09:00:00,0.0,12.5,14.6,120.0,1020.1,11.1,0.137931,87.0
2022-11-24 10:00:00,0.0,12.2,14.5,60.0,1020.4,7.4,0.137931,86.0
2022-11-24 11:00:00,0.0,9.1,11.7,65.0,1020.4,10.4,0.0,84.0
2022-11-24 12:00:00,0.0,13.2,14.8,60.0,1020.8,13.0,0.155172,90.0
2022-11-24 13:00:00,0.0,14.2,14.8,70.0,1021.4,11.1,0.155172,96.0
2022-11-24 14:00:00,0.0,14.3,16.8,70.0,1022.0,16.7,0.12069,85.0
2022-11-24 15:00:00,0.0,13.4,16.3,58.0,1022.5,15.8,0.103448,83.0
2022-11-24 16:00:00,0.0,13.9,17.0,53.0,1022.5,13.7,0.0,82.0
2022-11-24 17:00:00,0.0,14.6,20.5,90.0,1021.3,13.0,0.0,69.0
2022-11-24 18:00:00,0.0,15.2,22.6,120.0,1020.4,13.0,0.0,63.0
2022-11-24 19:00:00,0.0,15.7,24.2,100.0,1019.6,11.1,0.0,59.0
2022-11-24 20:00:00,0.0,15.7,24.8,110.0,1018.3,7.4,-0.206897,57.0
2022-11-24 21:00:00,0.0,15.6,20.6,74.0,1018.2,13.3,0.0,73.0
2022-11-24 22:00:00,0.0,15.6,23.6,110.0,1018.4,14.8,0.103448,61.0
2022-11-24 23:00:00,0.0,15.6,22.3,70.0,1018.4,14.8,0.0,66.0
2022-11-25 00:00:00,0.0,14.3,18.4,42.0,1019.0,13.0,0.172414,77.0
2022-11-25 01:00:00,0.0,15.7,19.0,56.0,1018.8,11.9,0.0,81.0
2022-11-25 02:00:00,0.1,15.7,18.6,64.0,1018.8,13.3,0.0,83.0
2022-11-25 03:00:00,0.0,16.2,19.2,110.0,1018.7,22.2,0.0,83.0
2022-11-25 04:00:00,0.0,16.0,18.8,100.0,1018.6,16.7,0.0,84.0
2022-11-25 05:00:00,0.0,16.0,18.6,80.0,1018.4,13.0,0.155172,85.0
2022-11-25 06:00:00,0.0,16.6,17.7,58.0,1018.1,9.4,0.0,93.0
2022-11-25 07:00:00,1.1,16.3,18.0,70.0,1017.6,13.0,0.12069,90.0
2022-11-25 08:00:00,0.1,16.5,17.6,70.0,1017.1,11.1,0.12069,93.0
2022-11-25 09:00:00,0.2,15.8,16.9,70.0,1016.5,18.5,0.12069,93.0
2022-11-25 10:00:00,0.5,18.2,18.5,127.0,1016.1,8.3,0.12069,98.0
2022-11-25 11:00:00,0.2,18.5,18.7,154.0,1016.4,8.6,0.0,99.0
2022-11-25 12:00:00,0.0,15.3,15.9,110.0,1016.0,9.3,0.137931,96.0
2022-11-25 13:00:00,0.0,15.2,16.0,60.0,1016.0,7.4,0.155172,95.0
2022-11-25 14:00:00,0.0,15.5,16.3,110.0,1015.9,9.3,0.155172,95.0
2022-11-25 15:00:00,0.0,16.5,17.3,80.0,1016.2,7.4,0.155172,95.0
2022-11-25 16:00:00,0.0,20.4,21.9,222.0,1016.5,14.8,0.0,91.0
2022-11-25 17:00:00,0.1,17.5,18.1,80.0,1016.5,7.4,0.0,96.0
2022-11-25 18:00:00,0.2,17.3,17.9,50.0,1015.9,9.3,0.0,96.0
2022-11-25 19:00:00,0.7,21.0,22.2,231.0,1015.2,6.1,0.0,93.0
2022-11-25 20:00:00,1.5,20.5,21.3,332.0,1015.3,14.4,0.258621,95.0
2022-11-25 21:00:00,3.2,16.1,17.1,30.0,1016.1,20.4,0.0,94.0
2022-11-25 22:00:00,0.0,15.0,16.6,40.0,1016.2,18.5,0.37931,90.0
2022-11-25 23:00:00,0.0,14.7,16.0,80.0,1016.7,7.4,0.0,92.0
2022-11-26 00:00:00,0.0,16.1,17.1,18.0,1017.5,9.0,0.431034,94.0
2022-11-26 01:00:00,0.0,15.8,16.9,15.0,1018.1,9.7,0.0,93.0
2022-11-26 02:00:00,0.0,14.0,15.5,60.0,1018.9,13.0,0.0,91.0
2022-11-26 03:00:00,0.0,14.1,15.4,70.0,1018.7,9.3,0.0,92.0
2022-11-26 04:00:00,0.0,14.4,15.4,60.0,1019.0,9.3,0.0,94.0
2022-11-26 05:00:00,0.0,14.4,14.7,43.0,1018.8,8.6,0.413793,98.0
2022-11-26 06:00:00,0.0,14.1,14.4,39.0,1018.7,9.4,0.37931,98.0
2022-11-26 07:00:00,0.0,14.5,15.1,70.0,1018.8,11.1,0.37931,96.0
2022-11-26 08:00:00,0.0,13.2,13.7,45.0,1018.5,10.1,0.37931,97.0
2022-11-26 09:00:00,0.0,14.3,14.9,80.0,1018.2,7.4,0.37931,96.0
2022-11-26 10:00:00,0.0,12.9,13.4,56.0,1018.4,10.8,0.37931,97.0
2022-11-26 11:00:00,0.0,12.9,13.4,53.0,1018.7,11.5,0.0,97.0
2022-11-26 12:00:00,0.0,14.3,15.1,100.0,1018.9,11.1,0.327586,95.0
2022-11-26 13:00:00,0.0,15.0,15.6,100.0,1019.3,11.1,0.396552,96.0
2022-11-26 14:00:00,0.0,15.4,16.2,110.0,1019.5,14.8,0.37931,95.0
2022-11-26 15:00:00,0.0,14.7,17.1,95.0,1019.8,13.7,0.37931,86.0
2022-11-26 16:00:00,0.0,16.1,17.4,120.0,1019.8,16.7,0.0,92.0
2022-11-26 17:00:00,0.0,16.1,18.1,120.0,1019.1,18.5,0.0,88.0
2022-11-26 18:00:00,0.0,16.3,18.7,140.0,1017.8,11.1,0.0,86.0
2022-11-26 19:00:00,0.0,17.5,20.1,130.0,1016.5,14.4,0.0,85.0
2022-11-26 20:00:00,0.0,17.7,20.5,146.0,1016.8,12.6,0.362069,84.0
2022-11-26 21:00:00,0.0,17.0,19.8,140.0,1016.2,11.1,0.0,84.0
2022-11-26 22:00:00,0.0,17.3,19.7,150.0,1015.8,11.1,0.396552,86.0
2022-11-26 23:00:00,0.0,18.0,19.3,160.0,1015.9,9.3,0.0,92.0
2022-11-27 00:00:00,0.0,18.2,19.0,140.0,1016.1,13.0,0.413793,95.0
2022-11-27 01:00:00,0.0,17.7,19.4,140.0,1015.9,11.1,0.0,90.0
2022-11-27 02:00:00,0.0,18.7,20.2,147.0,1014.9,17.3,0.0,91.0
2022-11-27 03:00:00,0.0,18.0,19.5,140.0,1015.3,11.1,0.0,91.0
2022-11-27 04:00:00,0.0,18.4,19.9,160.0,1013.9,16.7,0.0,91.0
2022-11-27 05:00:00,0.0,19.0,20.2,160.0,1013.2,22.0,0.396552,93.0
2022-11-27 06:00:00,0.3,19.1,20.3,161.0,1012.1,24.5,0.0,93.0
2022-11-27 07:00:00,0.6,19.3,21.2,190.0,1011.1,18.5,0.37931,89.0
2022-11-27 08:00:00,1.6,20.3,21.7,220.0,1010.2,16.7,0.37931,92.0
2022-11-27 09:00:00,8.5,19.9,20.4,198.0,1010.2,24.8,0.37931,97.0
2022-11-27 10:00:00,3.6,20.0,20.7,216.0,1010.5,24.8,0.396552,96.0
2022-11-27 11:00:00,3.7,20.5,22.0,220.0,1010.8,14.8,0.0,91.0
2022-11-27 12:00:00,0.4,19.6,22.1,270.0,1011.3,14.8,0.344828,86.0
2022-11-27 13:00:00,1.2,13.3,18.0,280.0,1012.1,22.2,0.396552,74.0
2022-11-27 14:00:00,0.1,15.8,18.4,251.0,1013.0,22.3,0.362069,85.0
2022-11-27 15:00:00,0.0,13.4,18.3,253.0,1013.8,20.9,0.137931,73.0
2022-11-27 16:00:00,0.0,7.7,19.6,280.0,1014.3,20.4,0.0,46.0
2022-11-27 17:00:00,0.0,6.3,20.8,270.0,1013.8,11.1,0.0,39.0
2022-11-27 18:00:00,0.0,7.6,21.4,290.0,1013.3,13.0,0.0,41.0
2022-11-27 19:00:00,0.0,9.5,20.6,252.0,1012.7,19.4,0.0,49.0
2022-11-27 20:00:00,0.0,9.4,20.5,252.0,1012.5,18.4,0.0,49.0
2022-11-27 21:00:00,0.0,6.1,21.4,260.0,1012.3,16.7,0.0,37.0
2022-11-27 22:00:00,0.0,6.0,20.0,250.0,1012.4,9.3,0.258621,40.0
2022-11-27 23:00:00,0.0,6.4,16.3,0.0,1012.7,0.0,0.0,52.0
2022-11-28 00:00:00,0.0,7.9,15.1,230.0,1013.3,9.3,0.431034,62.0
2022-11-28 01:00:00,0.0,9.3,14.9,234.0,1013.9,14.8,0.0,69.0
2022-11-28 02:00:00,0.0,7.8,13.6,230.0,1014.4,7.4,0.0,68.0
2022-11-28 03:00:00,0.0,7.9,12.0,0.0,1014.8,0.0,0.0,76.0
2022-11-28 04:00:00,0.0,10.8,13.8,247.0,1015.0,12.6,0.0,82.0
2022-11-28 05:00:00,0.0,8.6,10.3,0.0,1015.0,0.0,0.396552,89.0
2022-11-28 06:00:00,0.0,9.5,13.1,252.0,1015.1,10.4,0.0,79.0
2022-11-28 07:00:00,0.0,8.0,10.4,210.0,1015.1,5.5,0.396552,85.0
2022-11-28 08:00:00,0.0,8.0,9.6,0.0,1015.1,0.0,0.396552,90.0
2022-11-28 09:00:00,0.0,10.7,12.3,248.0,1015.1,8.3,0.396552,90.0
2022-11-28 10:00:00,0.0,10.9,12.2,247.0,1015.3,7.9,0.431034,92.0
2022-11-28 11:00:00,0.0,10.5,13.0,240.0,1015.3,5.5,0.0,85.0
2022-11-28 12:00:00,0.0,10.9,12.8,240.0,1016.1,5.5,0.465517,88.0
2022-11-28 13:00:00,0.0,12.2,15.1,260.0,1016.6,5.5,0.5,83.0
2022-11-28 14:00:00,0.0,13.6,17.9,290.0,1017.3,11.1,0.362069,76.0
2022-11-28 15:00:00,0.0,14.2,17.5,257.0,1018.0,10.1,0.224138,81.0
2022-11-28 16:00:00,0.0,13.8,20.6,280.0,1018.0,16.7,0.0,65.0
2022-11-28 17:00:00,0.0,13.5,21.9,280.0,1017.7,16.7,0.0,59.0
2022-11-28 18:00:00,0.0,12.9,22.4,280.0,1017.1,13.0,0.0,55.0
2022-11-28 19:00:00,0.0,13.9,21.5,254.0,1016.2,11.9,0.0,62.0
2022-11-28 20:00:00,0.0,13.5,21.6,253.0,1016.0,9.7,0.103448,60.0
2022-11-28 21:00:00,0.0,9.0,23.0,300.0,1015.6,11.1,0.0,41.0
2022-11-28 22:00:00,0.0,9.3,20.0,0.0,1015.8,0.0,0.327586,50.0
2022-11-28 23:00:00,0.0,13.3,16.2,312.0,1016.2,9.7,0.0,83.0
2022-11-29 00:00:00,0.0,12.6,15.1,330.0,1016.8,9.7,0.448276,85.0
2022-11-29 01:00:00,0.0,9.7,13.7,0.0,1017.5,0.0,0.0,77.0
2022-11-29 02:00:00,0.0,9.4,11.8,0.0,1017.9,0.0,0.0,85.0
2022-11-29 03:00:00,0.0,9.7,11.6,0.0,1018.5,0.0,0.0,88.0
2022-11-29 04:00:00,0.0,10.7,12.1,65.0,1018.8,7.2,0.0,91.0
2022-11-29 05:00:00,0.0,10.7,11.8,82.0,1018.5,7.2,0.396552,93.0
2022-11-29 06:00:00,0.0,8.9,10.3,0.0,1018.3,0.0,0.0,91.0
2022-11-29 07:00:00,0.0,8.7,9.6,0.0,1018.3,0.0,0.37931,94.0
2022-11-29 08:00:00,0.0,8.2,9.3,30.0,1018.1,5.5,0.37931,93.0
2022-11-29 09:00:00,0.0,10.3,10.5,70.0,1018.1,5.8,0.37931,99.0
2022-11-29 10:00:00,0.0,10.9,10.9,86.0,1018.2,5.4,0.413793,100.0
2022-11-29 11:00:00,0.0,9.3,10.4,0.0,1018.8,0.0,0.0,93.0
2022-11-29 12:00:00,0.0,9.8,10.7,0.0,1019.3,0.0,0.431034,94.0
2022-11-29 13:00:00,0.0,11.9,13.5,0.0,1019.7,0.0,0.517241,90.0
2022-11-29 14:00:00,0.0,14.3,14.6,107.0,1020.1,8.3,0.413793,98.0
2022-11-29 15:00:00,0.0,13.4,19.2,150.0,1020.5,14.8,0.293103,69.0
2022-11-29 16:00:00,0.0,13.8,21.6,150.0,1020.2,14.8,0.0,61.0
2022-11-29 17:00:00,0.0,13.3,22.8,160.0,1019.5,14.8,0.0,55.0
2022-11-29 18:00:00,0.2,13.8,24.0,150.0,1018.2,14.8,0.0,53.0
2022-11-29 19:00:00,0.0,16.6,23.3,141.0,1017.2,14.8,0.0,66.0
2022-11-29 20:00:00,0.0,13.5,25.3,180.0,1016.7,25.9,0.189655,48.0
2022-11-29 21:00:00,0.0,12.6,25.0,170.0,1016.6,27.8,0.0,46.0
2022-11-29 22:00:00,0.0,12.2,22.5,160.0,1017.1,20.4,0.362069,52.0
2022-11-29 23:00:00,0.0,13.7,21.0,156.0,1017.1,16.2,0.0,63.0
2022-11-30 00:00:00,0.0,12.8,19.6,158.0,1017.2,16.2,0.431034,65.0
2022-11-30 01:00:00,0.0,11.2,18.6,180.0,1017.5,14.8,0.0,62.0
2022-11-30 02:00:00,0.0,9.8,18.8,190.0,1017.7,14.8,0.0,56.0
2022-11-30 03:00:00,0.0,11.1,19.0,190.0,1017.5,13.0,0.0,60.0
2022-11-30 04:00:00,0.0,12.7,18.7,162.0,1017.4,16.2,0.0,68.0
2022-11-30 05:00:00,0.0,14.0,18.7,168.0,1017.2,16.2,0.396552,74.0
2022-11-30 06:00:00,0.0,12.0,18.5,200.0,1016.8,13.0,0.37931,66.0
2022-11-30 07:00:00,0.0,12.3,19.8,230.0,1016.8,9.3,0.362069,62.0
2022-11-30 08:00:00,0.0,15.0,19.1,181.0,1016.5,16.9,0.396552,77.0
2022-11-30 09:00:00,0.0,15.6,19.5,182.0,1016.1,19.4,0.362069,78.0
2022-11-30 10:00:00,0.1,15.0,19.8,200.0,1016.5,22.2,0.37931,74.0
2022-11-30 11:00:00,0.5,16.4,20.2,200.0,1016.3,22.2,0.0,79.0
2022-11-30 12:00:00,1.0,18.1,20.0,220.0,1016.9,16.7,0.413793,89.0
2022-11-30 13:00:00,1.2,16.7,18.5,270.0,1016.8,14.8,0.5,89.0
2022-11-30 14:00:00,6.9,19.4,19.9,216.0,1018.0,16.6,0.517241,97.0
2022-11-30 15:00:00,2.8,19.6,20.1,229.0,1018.8,15.5,0.517241,97.0
2022-11-30 16:00:00,0.9,17.2,18.0,250.0,1018.9,7.4,0.0,95.0
2022-11-30 17:00:00,0.1,17.5,19.0,310.0,1018.7,5.5,0.0,91.0
2022-11-30 18:00:00,0.3,19.8,21.9,268.0,1018.3,13.7,0.0,88.0
2022-11-30 19:00:00,0.0,19.8,23.2,303.0,1018.1,13.7,0.0,81.0
2022-11-30 20:00:00,0.0,18.3,22.8,340.0,1018.6,16.9,0.344828,76.0
2022-11-30 21:00:00,0.0,14.9,22.3,10.0,1019.0,11.1,0.0,63.0
2022-11-30 22:00:00,0.0,14.3,19.9,0.0,1019.5,0.0,0.344828,70.0
2022-11-30 23:00:00,0.0,14.6,20.0,337.0,1020.2,13.7,0.0,71.0
2022-12-01 00:00:00,0.0,11.0,18.2,338.0,1021.5,17.3,0.448276,63.0
2022-12-01 01:00:00,0.0,7.2,16.3,339.0,1022.6,17.6,0.0,55.0
2022-12-01 02:00:00,0.0,5.0,14.8,347.0,1023.8,18.7,0.0,52.0
2022-12-01 03:00:00,0.0,1.9,12.3,10.0,1024.6,22.2,0.0,49.0
2022-12-01 04:00:00,0.0,1.2,11.6,358.0,1025.3,18.7,0.0,49.0
2022-12-01 05:00:00,0.0,0.0,9.9,360.0,1026.1,7.4,0.413793,50.0
2022-12-01 06:00:00,0.0,-0.4,8.9,20.0,1026.5,16.7,0.0,52.0
2022-12-01 07:00:00,0.0,-0.7,6.8,10.0,1027.1,11.1,0.431034,59.0
2022-12-01 08:00:00,0.0,-4.0,7.5,20.0,1027.2,14.0,0.431034,44.0
2022-12-01 09:00:00,0.0,-4.5,7.3,22.0,1027.2,14.8,0.431034,43.0
2022-12-01 10:00:00,0.0,-5.3,6.7,23.0,1027.8,14.8,0.448276,42.0
2022-12-01 11:00:00,0.0,-2.1,3.9,10.0,1028.6,9.3,0.0,65.0
2022-12-01 12:00:00,0.0,-3.2,3.4,30.0,1029.5,13.0,0.534483,62.0
2022-12-01 13:00:00,0.0,-3.8,6.4,40.0,1030.2,20.4,0.586207,48.0
2022-12-01 14:00:00,0.0,-4.6,7.1,32.0,1030.6,15.5,0.413793,43.0
2022-12-01 15:00:00,0.0,-4.5,9.5,80.0,1031.0,25.9,0.241379,37.0
2022-12-01 16:00:00,0.0,-3.6,11.3,100.0,1030.9,20.4,0.0,35.0
2022-12-01 17:00:00,0.0,-2.5,13.9,80.0,1030.0,20.4,0.0,32.0
2022-12-01 18:00:00,0.0,0.4,13.4,52.0,1029.1,15.8,0.0,41.0
2022-12-01 19:00:00,0.0,1.6,14.3,58.0,1028.2,15.5,0.0,42.0
2022-12-01 20:00:00,0.0,-2.0,16.6,110.0,1028.0,22.2,0.103448,28.0
2022-12-01 21:00:00,0.0,-1.0,16.1,80.0,1027.7,16.7,0.0,31.0
2022-12-01 22:00:00,0.0,3.0,13.2,46.0,1028.0,10.1,0.362069,50.0
2022-12-01 23:00:00,0.0,2.3,11.0,45.0,1028.2,10.1,0.0,55.0
2022-12-02 00:00:00,0.0,1.9,10.3,52.0,1028.5,11.9,0.482759,56.0
2022-12-02 01:00:00,0.0,1.4,9.8,59.0,1028.8,12.2,0.0,56.0
2022-12-02 02:00:00,0.0,0.7,8.8,70.0,1029.2,13.0,0.0,57.0
2022-12-02 03:00:00,0.0,0.8,9.1,67.0,1029.6,13.3,0.0,56.0
2022-12-02 04:00:00,0.0,1.2,8.8,73.0,1029.5,14.0,0.0,59.0
2022-12-02 05:00:00,0.0,1.3,8.4,78.0,1029.3,14.0,0.5,61.0
2022-12-02 06:00:00,0.0,2.3,7.8,80.0,1028.9,11.1,0.0,68.0
2022-12-02 07:00:00,0.0,2.2,7.3,80.0,1028.5,11.1,0.241379,70.0
2022-12-02 08:00:00,0.0,1.8,6.5,90.0,1028.3,9.3,0.241379,72.0
2022-12-02 09:00:00,0.0,3.9,7.7,75.0,1028.0,12.2,0.482759,77.0
2022-12-02 10:00:00,0.0,1.2,6.1,100.0,1028.2,11.1,0.5,71.0
2022-12-02 11:00:00,0.0,0.8,5.9,90.0,1028.2,9.3,0.0,70.0
2022-12-02 12:00:00,0.0,1.1,5.8,90.0,1028.6,9.3,0.551724,72.0
2022-12-02 13:00:00,0.0,2.7,9.9,110.0,1029.0,14.8,0.62069,61.0
2022-12-02 14:00:00,0.0,6.6,10.7,76.0,1029.4,11.5,0.431034,76.0
2022-12-02 15:00:00,0.0,5.3,13.9,100.0,1029.5,16.7,0.258621,56.0
2022-12-02 16:00:00,0.0,7.4,17.4,110.0,1029.0,13.0,0.0,52.0
2022-12-02 17:00:00,0.0,12.5,18.5,84.0,1028.1,10.8,0.0,68.0
2022-12-02 18:00:00,0.0,9.7,21.5,110.0,1026.9,14.8,0.0,47.0
2022-12-02 19:00:00,0.0,13.7,21.0,109.0,1026.2,10.4,0.0,63.0
2022-12-02 20:00:00,0.0,10.0,22.9,170.0,1025.9,13.0,0.051724,44.0
2022-12-02 21:00:00,0.0,10.4,22.2,150.0,1025.8,13.0,0.0,47.0
2022-12-02 22:00:00,0.0,10.9,19.4,130.0,1026.0,9.3,0.310345,58.0
2022-12-02 23:00:00,0.0,13.3,15.8,101.0,1026.2,8.3,0.0,85.0
2022-12-03 00:00:00,0.0,10.3,16.0,0.0,1026.7,0.0,0.448276,69.0
2022-12-03 01:00:00,0.0,10.1,14.3,0.0,1027.1,0.0,0.0,76.0
2022-12-03 02:00:00,0.0,10.0,13.6,0.0,1027.1,0.0,0.0,79.0
2022-12-03 03:00:00,0.0,11.0,12.1,107.0,1027.3,10.1,0.0,93.0
2022-12-03 04:00:00,0.0,11.4,12.7,88.0,1027.3,7.9,0.0,92.0
2022-12-03 05:00:00,0.0,11.1,12.2,90.0,1027.2,7.2,0.431034,93.0
2022-12-03 06:00:00,0.0,10.8,12.1,107.0,1027.2,7.6,0.413793,92.0
2022-12-03 07:00:00,0.0,9.3,11.0,120.0,1027.0,5.5,0.396552,89.0
2022-12-03 08:00:00,0.0,10.2,11.6,60.0,1026.8,5.5,0.413793,91.0
2022-12-03 09:00:00,0.0,11.0,11.6,138.0,1027.1,9.7,0.413793,96.0
2022-12-03 10:00:00,0.0,9.0,10.1,0.0,1027.2,0.0,0.413793,93.0
2022-12-03 11:00:00,0.0,9.1,10.0,0.0,1027.7,0.0,0.0,94.0
2022-12-03 12:00:00,0.0,10.9,11.4,144.0,1027.9,9.4,0.396552,97.0
2022-12-03 13:00:00,0.0,12.7,13.3,136.0,1028.4,5.8,0.448276,96.0
2022-12-03 14:00:00,0.0,14.3,15.9,164.0,1028.9,2.5,0.344828,90.0
2022-12-03 15:00:00,0.0,14.6,20.3,200.0,1029.2,14.8,0.034483,70.0
2022-12-03 16:00:00,0.0,14.7,23.7,240.0,1028.5,11.1,0.0,57.0
2022-12-03 17:00:00,0.0,17.2,21.6,195.0,1027.4,9.7,0.0,76.0
2022-12-03 18:00:00,0.0,17.3,23.5,192.0,1025.9,12.6,0.0,68.0
2022-12-03 19:00:00,0.0,14.6,26.1,240.0,1025.3,9.3,0.0,49.0
2022-12-03 20:00:00,0.0,15.3,25.3,290.0,1024.6,9.3,0.017241,54.0
2022-12-03 21:00:00,0.0,17.5,24.5,250.0,1024.3,8.3,0.0,65.0
2022-12-03 22:00:00,0.0,15.9,21.8,0.0,1024.6,0.0,0.413793,69.0
2022-12-03 23:00:00,0.0,18.5,20.4,260.0,1025.0,6.5,0.0,89.0
2022-12-04 00:00:00,0.0,15.4,19.8,200.0,1025.2,7.4,0.448276,76.0
2022-12-04 01:00:00,0.0,18.3,19.3,281.0,1025.5,5.8,0.0,94.0
2022-12-04 02:00:00,0.0,18.2,20.1,350.0,1025.4,7.4,0.0,89.0
2022-12-04 03:00:00,0.0,18.5,19.2,0.0,1025.3,0.0,0.0,96.0
2022-12-04 04:00:00,0.0,17.5,18.0,247.0,1025.3,6.5,0.0,97.0
2022-12-04 05:00:00,0.3,17.0,17.2,268.0,1025.0,6.1,0.413793,99.0
2022-12-04 06:00:00,0.0,18.6,19.3,0.0,1024.4,0.0,0.0,96.0
2022-12-04 07:00:00,0.0,17.4,17.6,254.0,1023.8,4.7,0.396552,99.0
2022-12-04 08:00:00,0.0,16.9,16.9,274.0,1023.3,5.0,0.37931,100.0
2022-12-04 09:00:00,0.0,16.4,16.4,311.0,1023.2,5.0,0.396552,100.0
2022-12-04 10:00:00,0.0,17.8,18.6,10.0,1022.8,5.5,0.37931,95.0
2022-12-04 11:00:00,0.0,17.7,18.5,30.0,1023.2,9.3,0.0,95.0
2022-12-04 12:00:00,0.0,16.1,16.3,4.0,1023.5,7.2,0.344828,99.0
2022-12-04 13:00:00,0.0,17.1,17.4,40.0,1023.7,7.6,0.396552,98.0
2022-12-04 14:00:00,0.0,17.3,17.9,40.0,1023.7,5.5,0.37931,96.0
2022-12-04 15:00:00,0.0,16.4,19.2,50.0,1024.0,11.1,0.258621,84.0
2022-12-04 16:00:00,0.0,16.0,21.5,0.0,1024.1,0.0,0.0,71.0
2022-12-04 17:00:00,0.0,17.3,20.1,46.0,1023.4,6.5,0.0,84.0
2022-12-04 18:00:00,0.0,17.0,21.0,6.0,1022.2,5.4,0.0,78.0
2022-12-04 19:00:00,0.0,16.8,21.4,324.0,1021.4,7.2,0.0,75.0
2022-12-04 20:00:00,0.0,15.2,23.4,340.0,1020.7,11.1,0.206897,60.0
2022-12-04 21:00:00,0.0,14.5,23.5,340.0,1020.3,11.1,0.0,57.0
2022-12-04 22:00:00,0.0,17.7,20.7,4.0,1020.0,4.0,0.310345,83.0
2022-12-04 23:00:00,0.0,16.5,19.9,322.0,1019.8,5.8,0.0,81.0
2022-12-05 00:00:00,0.0,14.5,20.1,360.0,1020.4,14.8,0.448276,70.0
2022-12-05 01:00:00,0.0,13.6,17.9,0.0,1020.7,0.0,0.0,76.0
2022-12-05 02:00:00,0.0,15.6,18.4,36.0,1020.6,5.4,0.0,84.0
2022-12-05 03:00:00,0.0,13.2,14.7,190.0,1020.6,5.5,0.0,91.0
2022-12-05 04:00:00,0.0,14.4,15.4,56.0,1020.3,7.9,0.0,94.0
2022-12-05 05:00:00,0.0,14.0,14.6,72.0,1019.7,7.9,0.37931,96.0
2022-12-05 06:00:00,0.0,12.3,12.9,0.0,1019.4,0.0,0.0,96.0
2022-12-05 07:00:00,0.0,14.0,14.3,45.0,1019.1,5.4,0.37931,98.0
2022-12-05 08:00:00,0.0,14.5,14.8,45.0,1019.1,4.0,0.362069,98.0
2022-12-05 09:00:00,0.0,12.8,13.4,0.0,1019.0,0.0,0.362069,96.0
2022-12-05 10:00:00,0.0,12.6,12.8,43.0,1018.5,5.0,0.37931,99.0
2022-12-05 11:00:00,0.0,11.5,12.3,0.0,1018.7,0.0,0.0,95.0
2022-12-05 12:00:00,0.0,13.0,13.0,34.0,1018.9,4.0,0.413793,100.0
2022-12-05 13:00:00,0.0,13.2,13.4,67.0,1019.4,2.9,0.482759,99.0
2022-12-05 14:00:00,0.0,14.4,14.7,80.0,1020.0,2.9,0.396552,98.0
2022-12-05 15:00:00,0.0,14.5,19.2,140.0,1020.4,5.5,0.258621,74.0
2022-12-05 16:00:00,0.0,13.3,21.7,180.0,1020.1,7.4,0.0,59.0
2022-12-05 17:00:00,0.0,16.7,21.5,192.0,1019.6,4.3,0.0,74.0
2022-12-05 18:00:00,0.0,15.8,22.5,213.0,1018.4,6.1,0.0,66.0
2022-12-05 19:00:00,0.0,12.9,23.6,260.0,1017.7,7.4,0.0,51.0
2022-12-05 20:00:00,0.0,12.8,23.2,230.0,1017.3,9.3,0.103448,52.0
2022-12-05 21:00:00,0.0,15.6,23.0,218.0,1017.3,5.8,0.0,63.0
2022-12-05 22:00:00,0.0,17.3,21.7,173.0,1017.4,4.3,0.431034,76.0
2022-12-05 23:00:00,0.0,14.4,20.8,0.0,1017.5,0.0,0.0,67.0
2022-12-06 00:00:00,0.0,15.1,19.9,140.0,1018.1,9.3,0.465517,74.0
2022-12-06 01:00:00,0.0,14.1,19.5,160.0,1018.7,13.0,0.0,71.0
2022-12-06 02:00:00,0.0,15.7,17.5,181.0,1019.1,8.6,0.0,89.0
2022-12-06 03:00:00,0.0,16.5,18.5,270.0,1019.0,5.5,0.0,88.0
2022-12-06 04:00:00,0.0,16.6,17.2,183.0,1018.9,8.6,0.0,96.0
2022-12-06 05:00:00,0.0,17.2,18.4,210.0,1018.9,9.3,0.396552,93.0
2022-12-06 06:00:00,0.0,16.0,16.3,190.0,1019.0,9.0,0.37931,98.0
2022-12-06 07:00:00,0.0,15.9,16.1,179.0,1019.1,8.3,0.362069,99.0
2022-12-06 08:00:00,0.0,16.3,16.3,183.0,1019.2,8.6,0.362069,100.0
2022-12-06 09:00:00,0.0,17.1,18.1,210.0,1019.3,7.4,0.362069,94.0
2022-12-06 10:00:00,0.0,16.9,17.7,220.0,1019.5,5.5,0.37931,95.0
2022-12-06 11:00:00,0.0,16.5,17.3,210.0,1019.8,5.5,0.0,95.0
2022-12-06 12:00:00,0.0,16.5,17.1,170.0,1020.5,5.5,0.396552,96.0
2022-12-06 13:00:00,0.0,16.8,17.0,181.0,1021.3,6.8,0.482759,99.0
2022-12-06 14:00:00,0.0,17.2,17.8,190.0,1022.1,9.3,0.465517,96.0
2022-12-06 15:00:00,0.0,17.1,19.5,170.0,1022.8,5.5,0.413793,86.0
2022-12-06 16:00:00,0.0,18.0,20.1,176.0,1023.2,8.6,0.0,88.0
2022-12-06 17:00:00,0.0,17.8,21.8,188.0,1022.8,10.8,0.0,78.0
2022-12-06 18:00:00,0.0,17.4,23.7,195.0,1021.9,12.2,0.0,68.0
2022-12-06 19:00:00,0.0,16.8,25.7,200.0,1021.2,9.3,0.0,58.0
2022-12-06 20:00:00,0.0,16.2,26.6,190.0,1020.7,13.0,0.293103,53.0
2022-12-06 21:00:00,0.0,16.3,25.4,190.0,1020.8,11.1,0.0,57.0
2022-12-06 22:00:00,0.0,18.4,23.3,205.0,1021.3,6.8,0.413793,74.0
2022-12-06 23:00:00,0.0,18.3,21.7,190.0,1021.5,6.5,0.0,81.0
2022-12-07 00:00:00,0.0,18.3,20.9,177.0,1022.0,9.7,0.465517,85.0
2022-12-07 01:00:00,0.0,17.1,21.1,200.0,1022.7,13.0,0.0,78.0
2022-12-07 02:00:00,0.0,18.5,20.6,210.0,1022.7,9.3,0.0,88.0
2022-12-07 03:00:00,0.0,18.6,19.8,178.0,1023.0,8.6,0.0,93.0
2022-12-07 04:00:00,0.0,18.1,19.3,190.0,1023.3,5.5,0.0,93.0
2022-12-07 05:00:00,0.0,18.1,19.1,180.0,1023.5,7.4,0.293103,94.0
2022-12-07 06:00:00,0.0,18.2,18.4,188.0,1024.0,5.8,0.0,99.0
2022-12-07 07:00:00,0.0,18.4,18.7,185.0,1023.7,9.0,0.362069,98.0
2022-12-07 08:00:00,0.0,18.3,18.5,193.0,1023.8,8.6,0.362069,99.0
2022-12-07 09:00:00,0.0,18.4,18.4,200.0,1024.0,8.3,0.344828,100.0
2022-12-07 10:00:00,0.0,18.6,19.4,0.0,1024.2,0.0,0.396552,95.0
2022-12-07 11:00:00,0.0,18.4,18.4,198.0,1024.5,7.9,0.0,100.0
2022-12-07 12:00:00,0.0,15.8,15.8,257.0,1025.2,7.9,0.413793,100.0
2022-12-07 13:00:00,0.0,18.7,19.5,290.0,1025.7,5.5,0.448276,95.0
2022-12-07 14:00:00,0.0,19.1,19.9,0.0,1026.4,0.0,0.413793,95.0
2022-12-07 15:00:00,0.0,19.8,20.6,270.0,1027.1,7.4,0.37931,95.0
2022-12-07 16:00:00,0.3,19.3,24.0,350.0,1027.2,9.3,0.0,75.0
2022-12-07 17:00:00,0.2,19.7,24.4,235.0,1026.4,10.4,0.0,75.0
2022-12-07 18:00:00,0.0,16.9,25.8,290.0,1025.6,9.3,0.0,58.0
2022-12-07 19:00:00,0.0,16.0,26.7,290.0,1025.1,9.3,0.0,52.0
2022-12-07 20:00:00,0.0,14.9,27.2,320.0,1024.6,11.1,0.206897,47.0
2022-12-07 21:00:00,0.0,15.0,26.6,330.0,1024.4,7.4,0.0,49.0
2022-12-07 22:00:00,0.0,20.1,23.5,236.0,1024.3,3.6,0.396552,81.0
2022-12-07 23:00:00,0.0,19.1,20.8,204.0,1024.6,7.2,0.0,90.0
2022-12-08 00:00:00,0.0,15.8,19.3,0.0,1025.0,0.0,0.465517,80.0
2022-12-08 01:00:00,0.0,18.8,19.8,207.0,1025.4,7.6,0.0,94.0
2022-12-08 02:00:00,0.0,18.6,19.4,232.0,1025.8,7.6,0.0,95.0
2022-12-08 03:00:00,0.0,17.9,18.4,243.0,1025.6,6.8,0.0,97.0
2022-12-08 04:00:00,0.0,15.1,15.9,0.0,1025.5,0.0,0.0,95.0
2022-12-08 05:00:00,0.0,14.3,15.3,0.0,1025.3,0.0,0.396552,94.0
2022-12-08 06:00:00,0.0,16.8,16.8,246.0,1025.2,7.6,0.0,100.0
2022-12-08 07:00:00,0.0,16.9,16.9,252.0,1024.8,6.5,0.362069,100.0
2022-12-08 08:00:00,0.0,16.7,17.5,0.0,1024.1,0.0,0.37931,95.0
2022-12-08 09:00:00,0.0,16.2,17.0,0.0,1024.1,0.0,0.37931,95.0
2022-12-08 10:00:00,0.0,15.9,16.7,290.0,1024.0,5.5,0.37931,95.0
2022-12-08 11:00:00,0.0,18.2,18.2,289.0,1024.1,6.1,0.0,100.0
2022-12-08 12:00:00,0.0,18.2,18.2,282.0,1024.5,5.8,0.431034,100.0
2022-12-08 13:00:00,0.0,15.2,16.2,280.0,1024.4,5.5,0.5,94.0
2022-12-08 14:00:00,0.0,16.7,17.5,0.0,1024.5,0.0,0.448276,95.0
2022-12-08 15:00:00,0.0,17.4,18.4,340.0,1024.7,7.4,0.396552,94.0
2022-12-08 16:00:00,0.0,18.8,20.9,277.0,1024.7,8.3,0.0,88.0
2022-12-08 17:00:00,0.0,18.9,22.3,280.0,1024.0,9.0,0.0,81.0
2022-12-08 18:00:00,0.0,17.0,24.8,270.0,1023.0,7.4,0.0,62.0
2022-12-08 19:00:00,0.0,16.1,25.8,260.0,1022.3,13.0,0.0,55.0
2022-12-08 20:00:00,0.0,18.0,24.5,278.0,1021.8,9.7,0.224138,67.0
2022-12-08 21:00:00,0.0,17.7,24.2,271.0,1021.5,8.6,0.0,67.0
2022-12-08 22:00:00,0.0,14.9,24.2,280.0,1021.5,5.5,0.362069,56.0
2022-12-08 23:00:00,0.0,15.0,21.9,260.0,1021.5,7.4,0.0,65.0
2022-12-09 00:00:00,0.0,15.4,18.7,0.0,1021.7,0.0,0.413793,81.0
2022-12-09 01:00:00,0.0,16.4,17.7,211.0,1021.8,8.3,0.0,92.0
2022-12-09 02:00:00,0.0,16.0,17.1,214.0,1022.0,8.3,0.0,93.0
2022-12-09 03:00:00,0.0,14.1,14.9,0.0,1022.2,0.0,0.0,95.0
2022-12-09 04:00:00,0.0,14.5,15.1,0.0,1022.1,0.0,0.0,96.0
2022-12-09 05:00:00,0.0,13.2,14.2,0.0,1021.7,0.0,0.396552,94.0
2022-12-09 06:00:00,0.0,15.8,16.1,262.0,1021.2,7.6,0.0,98.0
2022-12-09 07:00:00,0.0,15.8,15.8,264.0,1020.9,7.2,0.37931,100.0
2022-12-09 08:00:00,0.0,11.7,12.5,0.0,1020.9,0.0,0.37931,95.0
2022-12-09 09:00:00,0.0,11.6,12.5,0.0,1020.6,0.0,0.362069,94.0
2022-12-09 10:00:00,0.0,11.0,11.9,0.0,1020.4,0.0,0.396552,94.0
2022-12-09 11:00:00,0.0,16.8,16.8,280.0,1020.4,7.6,0.0,100.0
2022-12-09 12:00:00,0.0,16.8,16.8,284.0,1020.6,6.8,0.413793,100.0
2022-12-09 13:00:00,0.0,12.7,13.6,220.0,1020.9,7.4,0.465517,94.0
2022-12-09 14:00:00,0.0,14.3,15.3,220.0,1021.5,5.5,0.431034,94.0
2022-12-09 15:00:00,0.0,17.0,17.8,280.0,1021.8,7.4,0.362069,95.0
2022-12-09 16:00:00,0.0,16.1,21.6,280.0,1021.7,9.3,0.0,71.0
2022-12-09 17:00:00,0.0,18.1,21.3,271.0,1021.2,8.3,0.0,82.0
2022-12-09 18:00:00,0.0,16.6,24.1,350.0,1020.3,13.0,0.0,63.0
2022-12-09 19:00:00,0.0,16.3,25.1,320.0,1019.3,5.5,0.0,58.0
2022-12-09 20:00:00,0.0,18.3,22.8,264.0,1019.1,9.7,0.051724,76.0
2022-12-09 21:00:00,0.0,18.1,22.8,263.0,1018.7,9.7,0.0,75.0
2022-12-09 22:00:00,0.0,16.2,23.9,300.0,1018.9,5.5,0.327586,62.0
2022-12-09 23:00:00,0.0,16.3,20.3,0.0,1019.0,0.0,0.0,78.0
2022-12-10 00:00:00,0.0,17.2,18.4,238.0,1019.4,7.9,0.482759,93.0
2022-12-10 01:00:00,0.0,17.1,18.1,247.0,1019.7,7.6,0.0,94.0
2022-12-10 02:00:00,0.0,16.9,18.0,242.0,1019.9,7.2,0.0,93.0
2022-12-10 03:00:00,0.0,15.4,16.2,0.0,1020.1,0.0,0.0,95.0
2022-12-10 04:00:00,0.0,15.4,16.0,270.0,1019.9,5.5,0.0,96.0
2022-12-10 05:00:00,0.0,15.2,15.8,320.0,1019.8,5.5,0.431034,96.0
2022-12-10 06:00:00,0.0,16.4,16.7,255.0,1019.8,6.5,0.0,98.0
2022-12-10 07:00:00,0.0,16.0,16.3,265.0,1019.6,6.5,0.362069,98.0
2022-12-10 08:00:00,0.0,14.0,14.6,0.0,1019.6,0.0,0.37931,96.0
2022-12-10 09:00:00,0.0,13.9,14.7,0.0,1019.4,0.0,0.396552,95.0
2022-12-10 10:00:00,0.0,15.2,15.5,294.0,1019.4,6.1,0.396552,98.0
2022-12-10 11:00:00,0.0,13.6,14.6,0.0,1020.1,0.0,0.0,94.0
2022-12-10 12:00:00,0.0,14.2,14.4,343.0,1020.4,8.3,0.344828,99.0
2022-12-10 13:00:00,0.0,14.0,15.0,0.0,1021.0,0.0,0.396552,94.0
2022-12-10 14:00:00,0.0,15.6,16.6,50.0,1021.3,5.5,0.396552,94.0
2022-12-10 15:00:00,0.0,16.5,17.3,70.0,1021.7,11.1,0.362069,95.0
2022-12-10 16:00:00,0.0,17.4,19.8,58.0,1022.0,7.9,0.0,86.0
2022-12-10 17:00:00,0.0,16.7,17.3,70.0,1021.4,7.4,0.0,96.0
2022-12-10 18:00:00,0.0,16.2,17.9,60.0,1020.7,7.4,0.0,90.0
2022-12-10 19:00:00,0.1,17.0,21.8,31.0,1020.0,4.7,0.0,74.0
2022-12-10 20:00:00,0.0,17.1,21.7,19.0,1020.0,5.8,0.362069,75.0
2022-12-10 21:00:00,0.0,16.6,21.2,12.0,1020.2,6.1,0.0,75.0
2022-12-10 22:00:00,0.0,16.5,20.7,41.0,1020.2,9.0,0.37931,77.0
2022-12-10 23:00:00,0.0,16.4,19.0,44.0,1020.4,9.0,0.0,85.0
2022-12-11 00:00:00,0.0,16.1,18.3,49.0,1020.7,7.2,0.431034,87.0
2022-12-11 01:00:00,0.0,15.9,17.6,66.0,1021.0,6.5,0.0,90.0
2022-12-11 02:00:00,0.0,14.4,16.9,73.0,1021.6,9.0,0.0,85.0
2022-12-11 03:00:00,0.0,13.7,16.6,70.0,1021.7,13.0,0.0,83.0
2022-12-11 04:00:00,0.0,13.6,16.1,90.0,1021.7,11.1,0.0,85.0
2022-12-11 05:00:00,0.0,13.2,14.7,80.0,1021.5,10.8,0.413793,91.0
2022-12-11 06:00:00,0.0,14.0,15.8,90.0,1021.3,7.4,0.0,89.0
2022-12-11 07:00:00,0.0,12.8,13.7,93.0,1021.1,8.3,0.362069,94.0
2022-12-11 08:00:00,0.0,14.2,15.5,90.0,1021.2,11.1,0.396552,92.0
2022-12-11 09:00:00,0.0,14.2,15.3,90.0,1020.8,5.5,0.396552,93.0
2022-12-11 10:00:00,0.0,14.2,15.3,110.0,1020.7,7.4,0.396552,93.0
2022-12-11 11:00:00,0.0,12.0,13.3,95.0,1020.8,7.2,0.0,92.0
2022-12-11 12:00:00,0.0,14.3,15.4,120.0,1021.1,7.4,0.413793,93.0
2022-12-11 13:00:00,0.0,14.4,15.5,140.0,1021.4,9.3,0.413793,93.0
2022-12-11 14:00:00,0.0,14.5,16.3,130.0,1021.5,7.4,0.396552,89.0
2022-12-11 15:00:00,0.0,14.8,17.9,120.0,1021.9,9.3,0.396552,82.0
2022-12-11 16:00:00,0.0,12.9,15.8,104.0,1021.7,5.0,0.0,83.0
2022-12-11 17:00:00,0.0,14.5,18.6,0.0,1020.7,0.0,0.0,77.0
2022-12-11 18:00:00,0.0,14.3,19.3,0.0,1019.6,0.0,0.0,73.0
2022-12-11 19:00:00,0.0,14.0,20.1,0.0,1018.9,0.0,0.0,68.0
2022-12-11 20:00:00,0.2,15.1,19.2,145.0,1018.4,0.4,0.241379,77.0
2022-12-11 21:00:00,0.4,15.6,19.1,20.0,1018.3,1.4,0.0,80.0
2022-12-11 22:00:00,0.0,16.4,18.4,318.0,1018.4,0.7,0.396552,88.0
2022-12-11 23:00:00,0.3,15.1,18.2,120.0,1018.1,7.4,0.0,82.0
2022-12-12 00:00:00,0.2,15.5,17.5,100.0,1018.0,7.4,0.448276,88.0
2022-12-12 01:00:00,0.1,15.9,17.0,90.0,1018.2,5.4,0.0,93.0
2022-12-12 02:00:00,0.0,15.7,16.3,82.0,1018.7,4.7,0.0,96.0
2022-12-12 03:00:00,0.1,15.7,17.2,90.0,1018.5,5.5,0.0,91.0
2022-12-12 04:00:00,0.0,15.1,16.7,180.0,1018.3,11.1,0.0,90.0
2022-12-12 05:00:00,0.0,15.0,15.6,127.0,1018.2,6.1,0.431034,96.0
2022-12-12 06:00:00,0.0,15.0,15.5,146.0,1017.9,5.0,0.0,97.0
2022-12-12 07:00:00,0.0,14.8,15.8,0.0,1017.7,0.0,0.396552,94.0
2022-12-12 08:00:00,0.0,14.8,15.9,130.0,1017.7,7.4,0.396552,93.0
2022-12-12 09:00:00,0.0,14.4,15.9,130.0,1017.5,5.5,0.396552,91.0
2022-12-12 10:00:00,0.0,13.3,13.5,112.0,1017.5,5.4,0.413793,99.0
2022-12-12 11:00:00,0.0,13.5,13.8,118.0,1017.6,5.4,0.0,98.0
2022-12-12 12:00:00,0.2,14.4,15.4,90.0,1017.8,7.4,0.431034,94.0
2022-12-12 13:00:00,0.3,14.6,15.7,110.0,1017.8,7.4,0.517241,93.0
2022-12-12 14:00:00,0.6,14.7,16.3,160.0,1018.3,7.4,0.482759,90.0
2022-12-12 15:00:00,1.7,14.7,16.2,65.0,1019.1,10.1,0.482759,91.0
2022-12-12 16:00:00,0.7,14.8,16.3,68.0,1019.1,10.8,0.0,91.0
2022-12-12 17:00:00,0.5,15.1,18.6,70.0,1018.6,11.1,0.0,80.0
2022-12-12 18:00:00,0.3,14.2,19.8,120.0,1017.6,11.1,0.0,70.0
2022-12-12 19:00:00,0.0,14.9,19.4,106.0,1017.0,9.7,0.0,75.0
2022-12-12 20:00:00,0.0,14.8,20.0,104.0,1016.6,8.6,0.275862,72.0
2022-12-12 21:00:00,0.0,15.1,19.4,102.0,1016.7,6.5,0.0,76.0
2022-12-12 22:00:00,0.0,15.5,18.8,98.0,1017.1,4.3,0.465517,81.0
2022-12-12 23:00:00,0.0,15.3,18.0,66.0,1017.5,5.8,0.0,84.0
2022-12-13 00:00:00,0.0,13.4,16.7,80.0,1017.9,16.7,0.431034,81.0
2022-12-13 01:00:00,0.1,14.0,17.3,61.0,1018.5,11.9,0.0,81.0
2022-12-13 02:00:00,0.0,13.9,17.0,66.0,1018.8,13.7,0.0,82.0
2022-12-13 03:00:00,0.0,13.1,16.2,100.0,1018.9,13.0,0.0,82.0
2022-12-13 04:00:00,0.0,12.8,16.1,90.0,1018.9,13.0,0.0,81.0
2022-12-13 05:00:00,0.0,12.9,15.8,120.0,1018.7,13.0,0.413793,83.0
2022-12-13 06:00:00,0.0,13.2,15.2,87.0,1018.0,13.0,0.413793,88.0
2022-12-13 07:00:00,0.0,13.2,14.8,91.0,1018.1,11.2,0.396552,90.0
2022-12-13 08:00:00,0.0,13.0,15.3,100.0,1018.3,14.8,0.362069,86.0
2022-12-13 09:00:00,0.0,13.0,15.2,90.0,1018.5,16.7,0.37931,87.0
2022-12-13 10:00:00,0.0,12.8,14.9,110.0,1018.9,18.5,0.413793,87.0
2022-12-13 11:00:00,0.0,11.0,12.6,83.0,1019.2,15.5,0.0,90.0
2022-12-13 12:00:00,0.0,10.6,12.2,91.0,1019.3,15.5,0.465517,90.0
2022-12-13 13:00:00,0.0,11.9,14.4,100.0,1019.9,13.0,0.517241,85.0
2022-12-13 14:00:00,0.0,11.1,16.2,120.0,1020.3,18.5,0.448276,72.0
2022-12-13 15:00:00,0.0,11.7,15.5,90.0,1020.5,15.8,0.344828,78.0
2022-12-13 16:00:00,0.0,12.3,17.4,90.0,1020.4,17.6,0.0,72.0
2022-12-13 17:00:00,0.0,11.2,19.7,120.0,1019.4,16.7,0.0,58.0
2022-12-13 18:00:00,0.0,11.5,20.0,120.0,1018.8,20.4,0.0,58.0
2022-12-13 19:00:00,0.0,11.8,20.6,120.0,1018.1,20.4,0.0,57.0
2022-12-13 20:00:00,0.3,14.3,19.7,144.0,1017.7,8.6,0.327586,71.0
2022-12-13 21:00:00,1.0,13.5,20.3,74.0,1017.5,10.4,0.0,65.0
2022-12-13 22:00:00,0.6,14.6,18.9,76.0,1017.8,6.5,0.448276,76.0
2022-12-13 23:00:00,2.2,15.6,17.6,82.0,1018.2,6.5,0.0,88.0
2022-12-14 00:00:00,0.4,15.5,17.3,85.0,1018.6,12.6,0.448276,89.0
2022-12-14 01:00:00,0.2,15.3,17.0,98.0,1018.7,16.2,0.0,90.0
2022-12-14 02:00:00,0.0,12.0,16.7,95.0,1019.0,18.7,0.0,74.0
2022-12-14 03:00:00,0.0,10.1,16.0,100.0,1019.1,18.5,0.0,68.0
2022-12-14 04:00:00,0.0,9.3,15.4,120.0,1019.2,24.1,0.0,67.0
2022-12-14 05:00:00,0.0,11.5,14.7,103.0,1019.2,16.2,0.362069,81.0
2022-12-14 06:00:00,0.0,9.1,14.5,120.0,1018.5,20.4,0.362069,70.0
2022-12-14 07:00:00,0.0,11.0,13.8,102.0,1017.9,15.8,0.344828,83.0
2022-12-14 08:00:00,0.0,8.5,13.9,110.0,1017.6,14.8,0.327586,70.0
2022-12-14 09:00:00,0.0,8.7,13.4,110.0,1017.2,14.8,0.362069,73.0
2022-12-14 10:00:00,0.0,8.8,13.3,100.0,1016.7,14.8,0.362069,74.0
2022-12-14 11:00:00,0.0,11.7,13.7,112.0,1016.4,14.0,0.0,88.0
2022-12-14 12:00:00,0.0,9.4,13.5,120.0,1016.0,16.7,0.482759,76.0
2022-12-14 13:00:00,0.0,10.1,13.9,120.0,1016.3,16.7,0.534483,78.0
2022-12-14 14:00:00,0.0,11.3,15.7,150.0,1016.2,22.2,0.5,75.0
2022-12-14 15:00:00,0.0,15.5,18.4,143.0,1016.1,21.2,0.465517,83.0
2022-12-14 16:00:00,0.0,16.4,19.6,144.0,1015.7,21.2,0.0,82.0
2022-12-14 17:00:00,0.0,14.0,19.4,160.0,1014.8,25.9,0.0,71.0
2022-12-14 18:00:00,0.0,14.3,20.2,160.0,1013.5,14.8,0.0,69.0
2022-12-14 19:00:00,0.0,15.2,21.6,150.0,1012.2,16.7,0.0,67.0
2022-12-14 20:00:00,0.0,15.9,22.1,170.0,1011.6,29.6,0.396552,68.0
2022-12-14 21:00:00,1.3,18.0,21.0,153.0,1011.4,20.2,0.0,83.0
2022-12-14 22:00:00,0.6,18.0,20.1,152.0,1011.0,21.6,0.448276,88.0
2022-12-14 23:00:00,0.6,16.7,20.5,160.0,1011.1,18.5,0.0,79.0
2022-12-15 00:00:00,0.0,17.3,20.5,170.0,1011.0,22.2,0.448276,82.0
2022-12-15 01:00:00,0.0,18.5,19.5,165.0,1010.7,21.2,0.0,94.0
2022-12-15 02:00:00,0.0,18.7,20.4,180.0,1010.2,20.4,0.0,90.0
2022-12-15 03:00:00,0.0,18.0,20.8,180.0,1009.6,27.8,0.0,84.0
2022-12-15 04:00:00,0.3,18.8,21.0,180.0,1009.4,25.9,0.0,87.0
2022-12-15 05:00:00,0.4,19.2,21.5,200.0,1008.7,20.4,0.413793,87.0
2022-12-15 06:00:00,2.2,18.4,19.1,187.0,1008.2,29.9,0.0,96.0
2022-12-15 07:00:00,1.7,19.7,21.1,200.0,1007.7,22.2,0.293103,92.0
2022-12-15 08:00:00,3.2,20.0,21.4,200.0,1006.6,22.2,0.293103,92.0
2022-12-15 09:00:00,1.8,19.4,20.7,240.0,1006.6,13.0,0.293103,92.0
2022-12-15 10:00:00,14.9,18.7,20.0,271.0,1007.4,19.4,0.224138,92.0
2022-12-15 11:00:00,0.8,13.3,14.6,303.0,1009.2,20.9,0.0,92.0
2022-12-15 12:00:00,0.0,10.5,14.7,330.0,1010.2,14.8,0.224138,76.0
2022-12-15 13:00:00,0.0,8.1,13.5,320.0,1010.8,14.8,0.258621,70.0
2022-12-15 14:00:00,0.0,9.3,12.9,306.0,1012.1,19.1,0.189655,79.0
2022-12-15 15:00:00,0.0,8.4,13.6,309.0,1013.5,17.6,0.189655,71.0
2022-12-15 16:00:00,0.0,8.1,14.9,303.0,1013.9,15.8,0.0,64.0
2022-12-15 17:00:00,0.0,3.7,15.9,310.0,1013.5,20.4,0.0,44.0
2022-12-15 18:00:00,0.0,6.3,16.5,287.0,1012.9,16.2,0.0,51.0
2022-12-15 19:00:00,0.0,6.6,16.5,286.0,1012.1,16.2,0.0,52.0
2022-12-15 20:00:00,0.0,6.2,16.4,283.0,1012.1,15.1,0.103448,51.0
2022-12-15 21:00:00,0.0,2.8,17.3,300.0,1012.4,16.7,0.0,38.0
2022-12-15 22:00:00,0.0,6.5,14.7,277.0,1013.1,10.4,0.327586,58.0
2022-12-15 23:00:00,0.0,6.2,11.1,300.0,1013.5,5.5,0.0,72.0
2022-12-16 00:00:00,0.0,4.9,11.5,278.0,1014.1,9.4,0.482759,64.0
2022-12-16 01:00:00,0.0,4.4,10.9,278.0,1014.9,10.1,0.0,64.0
2022-12-16 02:00:00,0.0,3.8,10.3,278.0,1015.6,9.4,0.0,64.0
2022-12-16 03:00:00,0.0,2.8,10.2,320.0,1016.2,9.3,0.0,60.0
2022-12-16 04:00:00,0.0,4.2,9.2,280.0,1016.4,9.4,0.0,71.0
2022-12-16 05:00:00,0.0,3.7,8.5,278.0,1016.5,9.4,0.413793,72.0
2022-12-16 06:00:00,0.0,3.2,8.1,282.0,1016.5,10.1,0.0,71.0
2022-12-16 07:00:00,0.0,2.7,6.4,330.0,1016.7,5.5,0.327586,77.0
2022-12-16 08:00:00,0.0,2.3,6.4,320.0,1016.9,5.5,0.206897,75.0
2022-12-16 09:00:00,0.0,1.1,7.0,304.0,1016.9,10.4,0.206897,66.0
2022-12-16 10:00:00,0.0,0.8,6.7,311.0,1017.2,10.1,0.396552,66.0
2022-12-16 11:00:00,0.0,2.7,4.2,320.0,1017.6,5.5,0.0,90.0
2022-12-16 12:00:00,0.0,1.4,3.0,210.0,1018.2,5.5,0.551724,89.0
2022-12-16 13:00:00,0.0,3.9,5.6,230.0,1018.9,5.5,0.586207,89.0
2022-12-16 14:00:00,0.0,2.2,8.2,284.0,1019.4,6.5,0.482759,66.0
2022-12-16 15:00:00,0.0,3.2,10.6,302.0,1019.3,6.8,0.275862,60.0
2022-12-16 16:00:00,0.0,0.5,13.1,330.0,1019.3,14.8,0.0,42.0
2022-12-16 17:00:00,0.0,-0.4,14.1,330.0,1018.6,14.8,0.0,37.0
2022-12-16 18:00:00,0.0,-2.1,15.4,320.0,1017.8,13.0,0.0,30.0
2022-12-16 19:00:00,0.0,-2.3,16.2,320.0,1017.3,11.1,0.0,28.0
2022-12-16 20:00:00,0.0,2.1,15.3,278.0,1017.2,12.2,0.068966,41.0
2022-12-16 21:00:00,0.0,-2.7,15.8,310.0,1017.0,13.0,0.0,28.0
2022-12-16 22:00:00,0.0,-0.1,13.2,0.0,1017.0,0.0,0.310345,40.0
2022-12-16 23:00:00,0.0,1.8,8.7,0.0,1017.6,0.0,0.0,62.0
2022-12-17 00:00:00,0.0,3.2,9.2,265.0,1017.8,8.3,0.482759,66.0
2022-12-17 01:00:00,0.0,3.2,7.9,266.0,1018.0,10.8,0.0,72.0
2022-12-17 02:00:00,0.0,2.9,7.4,246.0,1018.3,9.7,0.0,73.0
2022-12-17 03:00:00,0.0,2.3,5.1,0.0,1018.4,0.0,0.0,82.0
2022-12-17 04:00:00,0.0,1.7,4.7,0.0,1018.4,0.0,0.0,81.0
2022-12-17 05:00:00,0.0,3.6,7.8,241.0,1018.3,6.8,0.517241,75.0
2022-12-17 06:00:00,0.0,2.1,4.1,0.0,1017.9,0.0,0.0,87.0
2022-12-17 07:00:00,0.0,2.3,4.4,0.0,1017.7,0.0,0.465517,86.0
2022-12-17 08:00:00,0.0,3.2,4.9,289.0,1017.7,7.2,0.5,89.0
2022-12-17 09:00:00,0.0,1.7,3.2,170.0,1017.5,5.5,0.482759,90.0
2022-12-17 10:00:00,0.0,2.3,3.9,180.0,1017.5,5.5,0.465517,89.0
2022-12-17 11:00:00,0.0,2.9,4.6,290.0,1017.6,7.6,0.0,89.0
2022-12-17 12:00:00,0.0,3.2,4.4,170.0,1017.9,5.5,0.448276,92.0
2022-12-17 13:00:00,0.0,3.3,5.8,201.0,1018.1,4.7,0.5,84.0
2022-12-17 14:00:00,0.0,4.7,8.9,222.0,1018.7,4.3,0.5,75.0
2022-12-17 15:00:00,0.0,5.7,11.9,243.0,1019.1,4.0,0.482759,66.0
2022-12-17 16:00:00,0.0,1.8,13.8,330.0,1018.6,5.5,0.0,44.0
2022-12-17 17:00:00,0.0,0.0,16.3,40.0,1017.5,5.5,0.0,33.0
2022-12-17 18:00:00,0.0,4.8,16.5,267.0,1016.3,6.8,0.0,46.0
2022-12-17 19:00:00,0.0,6.0,16.8,271.0,1015.8,9.0,0.0,49.0
2022-12-17 20:00:00,0.0,2.6,14.4,330.0,1016.2,9.3,0.362069,45.0
2022-12-17 21:00:00,0.0,3.5,14.1,330.0,1016.3,9.3,0.0,49.0
2022-12-17 22:00:00,0.0,3.0,12.9,340.0,1016.7,13.0,0.448276,51.0
2022-12-17 23:00:00,0.0,4.1,12.4,320.0,1017.3,14.0,0.0,57.0
2022-12-18 00:00:00,0.0,3.9,10.7,321.0,1018.0,11.9,0.5,63.0
2022-12-18 01:00:00,0.0,0.9,10.3,10.0,1018.4,11.1,0.0,52.0
2022-12-18 02:00:00,0.0,-1.1,10.0,360.0,1019.0,13.0,0.0,46.0
2022-12-18 03:00:00,0.0,1.7,10.4,329.0,1019.6,12.6,0.0,55.0
2022-12-18 04:00:00,0.0,-2.4,7.1,350.0,1020.4,7.4,0.0,51.0
2022-12-18 05:00:00,0.0,-3.6,7.0,335.0,1020.5,9.4,0.517241,47.0
2022-12-18 06:00:00,0.0,-3.2,4.8,335.0,1020.3,7.2,0.482759,56.0
2022-12-18 07:00:00,0.0,-0.3,2.1,0.0,1021.0,0.0,0.517241,84.0
2022-12-18 08:00:00,0.0,-4.2,3.5,330.0,1021.2,8.3,0.448276,57.0
2022-12-18 09:00:00,0.0,-2.3,2.6,340.0,1021.7,9.3,0.482759,70.0
2022-12-18 10:00:00,0.0,-4.1,3.1,329.0,1022.1,12.6,0.534483,59.0
2022-12-18 11:00:00,0.0,-2.7,1.8,340.0,1022.6,13.0,0.0,72.0
2022-12-18 12:00:00,0.0,-3.5,1.2,340.0,1023.0,9.3,0.517241,71.0
2022-12-18 13:00:00,0.0,-3.0,1.7,338.0,1023.7,9.7,0.603448,71.0
2022-12-18 14:00:00,0.0,-1.6,3.8,340.0,1024.5,9.7,0.37931,68.0
2022-12-18 15:00:00,0.0,-2.0,5.9,355.0,1025.2,12.6,0.224138,57.0
2022-12-18 16:00:00,0.0,-4.2,9.0,330.0,1025.2,13.0,0.0,39.0
2022-12-18 17:00:00,0.0,-1.2,8.6,339.0,1024.4,10.1,0.0,50.0
2022-12-18 18:00:00,0.0,-1.2,9.9,337.0,1023.4,10.8,0.0,46.0
2022-12-18 19:00:00,0.0,-1.3,10.8,339.0,1022.8,11.5,0.0,43.0
2022-12-18 20:00:00,0.0,-7.5,13.2,360.0,1022.7,11.1,0.034483,23.0
2022-12-18 21:00:00,0.0,-7.2,12.9,50.0,1022.8,16.7,0.0,24.0
2022-12-18 22:00:00,0.0,-4.7,8.5,40.0,1023.3,13.0,0.327586,39.0
2022-12-18 23:00:00,0.0,-1.4,7.3,343.0,1023.9,7.9,0.0,54.0
2022-12-19 00:00:00,0.0,-1.7,6.4,343.0,1024.7,9.7,0.551724,56.0
2022-12-19 01:00:00,0.0,-4.5,6.6,350.0,1025.4,9.3,0.0,45.0
2022-12-19 02:00:00,0.0,-6.0,6.0,360.0,1026.0,9.3,0.0,42.0
2022-12-19 03:00:00,0.0,-1.6,4.4,352.0,1026.4,9.7,0.0,65.0
2022-12-19 04:00:00,0.0,-1.8,3.6,4.0,1026.6,9.0,0.0,68.0
2022-12-19 05:00:00,0.0,-5.2,2.7,20.0,1026.6,7.4,0.568966,56.0
2022-12-19 06:00:00,0.0,-2.5,2.4,18.0,1026.6,9.0,0.551724,70.0
2022-12-19 07:00:00,0.0,-4.5,0.1,0.0,1026.3,0.0,0.568966,71.0
2022-12-19 08:00:00,0.0,-5.1,1.2,34.0,1026.6,8.6,0.551724,63.0
2022-12-19 09:00:00,0.0,-5.1,0.9,40.0,1026.8,10.1,0.586207,64.0
2022-12-19 10:00:00,0.0,-5.8,-0.4,70.0,1026.7,9.3,0.586207,67.0
2022-12-19 11:00:00,0.0,-6.2,-0.4,0.0,1026.8,0.0,0.0,65.0
2022-12-19 12:00:00,0.0,-5.1,-0.1,50.0,1027.3,9.4,0.672414,69.0
2022-12-19 13:00:00,0.0,-4.6,0.0,43.0,1028.6,8.3,0.758621,71.0
2022-12-19 14:00:00,0.0,-4.7,3.5,80.0,1029.1,11.1,0.655172,55.0
2022-12-19 15:00:00,0.0,-4.2,6.0,100.0,1029.2,13.0,0.431034,48.0
2022-12-19 16:00:00,0.0,-3.6,9.7,90.0,1028.6,16.7,0.0,39.0
2022-12-19 17:00:00,0.0,-3.9,11.9,120.0,1027.5,13.0,0.0,33.0
2022-12-19 18:00:00,0.0,0.6,11.2,76.0,1026.2,11.9,0.0,48.0
2022-12-19 19:00:00,0.0,-3.1,13.8,80.0,1025.4,9.3,0.0,31.0
2022-12-19 20:00:00,0.0,-1.6,14.0,70.0,1024.9,13.0,0.241379,34.0
2022-12-19 21:00:00,0.0,-1.5,14.6,90.0,1024.6,18.5,0.0,33.0
2022-12-19 22:00:00,0.0,3.2,12.2,52.0,1025.0,6.5,0.431034,54.0
2022-12-19 23:00:00,0.0,3.4,10.9,28.0,1025.1,6.1,0.0,60.0
2022-12-20 00:00:00,0.0,3.0,10.4,22.0,1025.8,9.4,0.534483,60.0
2022-12-20 01:00:00,0.0,1.1,11.5,40.0,1025.7,14.8,0.0,49.0
2022-12-20 02:00:00,0.0,3.5,10.2,32.0,1026.4,9.0,0.0,63.0
2022-12-20 03:00:00,0.0,4.2,9.8,21.0,1027.0,10.8,0.0,68.0
2022-12-20 04:00:00,0.0,1.5,11.0,80.0,1027.3,5.5,0.0,52.0
2022-12-20 05:00:00,0.1,5.0,9.2,70.0,1026.4,5.5,0.5,75.0
2022-12-20 06:00:00,2.9,6.4,8.4,0.0,1025.5,0.0,0.0,87.0
2022-12-20 07:00:00,1.7,7.7,9.3,119.0,1024.1,19.1,0.517241,90.0
2022-12-20 08:00:00,1.1,8.6,9.7,115.0,1024.4,10.8,0.482759,93.0
2022-12-20 09:00:00,1.3,8.6,10.0,140.0,1023.7,13.0,0.5,91.0
2022-12-20 10:00:00,0.7,9.0,10.1,80.0,1023.5,11.1,0.5,93.0
2022-12-20 11:00:00,0.4,8.7,9.9,90.0,1024.1,11.1,0.0,92.0
2022-12-20 12:00:00,1.2,8.9,9.5,59.0,1023.7,13.0,0.551724,96.0
2022-12-20 13:00:00,0.2,8.8,9.4,62.0,1024.2,11.5,0.655172,96.0
2022-12-20 14:00:00,0.1,7.0,8.5,60.0,1025.4,25.9,0.637931,90.0
2022-12-20 15:00:00,0.6,6.2,7.9,70.0,1025.9,24.1,0.62069,89.0
2022-12-20 16:00:00,0.0,6.0,7.9,70.0,1025.6,18.5,0.0,88.0
2022-12-20 17:00:00,0.0,7.8,10.0,54.0,1025.4,16.9,0.0,86.0
2022-12-20 18:00:00,0.5,5.8,9.3,80.0,1024.3,25.9,0.0,79.0
2022-12-20 19:00:00,0.6,5.5,9.5,90.0,1023.6,22.2,0.0,76.0
2022-12-20 20:00:00,0.8,6.1,9.8,80.0,1022.6,16.7,0.517241,78.0
2022-12-20 21:00:00,0.7,9.3,9.9,31.0,1023.3,16.6,0.0,96.0
2022-12-20 22:00:00,0.8,8.9,9.7,39.0,1022.9,18.7,0.603448,95.0
2022-12-20 23:00:00,0.0,8.5,9.6,36.0,1023.1,19.8,0.0,93.0
2022-12-21 00:00:00,0.0,8.0,9.1,32.0,1023.3,22.7,0.568966,93.0
2022-12-21 01:00:00,0.4,6.9,8.6,70.0,1023.5,27.8,0.0,89.0
2022-12-21 02:00:00,1.3,7.3,8.1,30.0,1024.7,20.9,0.0,95.0
2022-12-21 03:00:00,0.7,6.1,8.1,60.0,1024.4,22.2,0.0,87.0
2022-12-21 04:00:00,0.2,6.8,7.9,60.0,1024.1,21.2,0.0,93.0
2022-12-21 05:00:00,0.0,6.9,8.0,47.0,1023.9,19.8,0.551724,93.0
2022-12-21 06:00:00,0.0,6.2,7.9,50.0,1023.9,18.5,0.0,89.0
2022-12-21 07:00:00,0.0,6.1,7.6,50.0,1023.3,20.4,0.517241,90.0
2022-12-21 08:00:00,0.0,5.4,7.3,50.0,1023.0,18.5,0.534483,88.0
2022-12-21 09:00:00,0.0,5.8,6.9,42.0,1023.1,17.6,0.517241,93.0
2022-12-21 10:00:00,0.0,5.4,6.6,40.0,1023.2,18.0,0.534483,92.0
2022-12-21 11:00:00,0.0,5.3,6.7,60.0,1023.4,16.7,0.0,91.0
2022-12-21 12:00:00,0.0,5.0,6.9,60.0,1023.7,20.4,0.586207,88.0
2022-12-21 13:00:00,0.0,5.4,6.8,60.0,1023.9,16.7,0.655172,91.0
2022-12-21 14:00:00,0.0,5.0,8.2,56.0,1024.3,20.2,0.672414,80.0
2022-12-21 15:00:00,0.0,5.9,7.1,70.0,1024.8,16.7,0.637931,92.0
2022-12-21 16:00:00,0.0,5.8,7.7,70.0,1024.7,16.7,0.0,88.0
2022-12-21 17:00:00,0.0,5.8,8.2,70.0,1023.9,14.8,0.0,85.0
2022-12-21 18:00:00,0.0,5.9,8.8,70.0,1022.7,16.7,0.0,82.0
2022-12-21 19:00:00,0.0,6.6,12.3,52.0,1021.8,19.4,0.0,68.0
2022-12-21 20:00:00,0.0,6.2,9.5,80.0,1021.4,16.7,0.551724,80.0
2022-12-21 21:00:00,0.0,6.7,9.6,80.0,1020.9,18.5,0.0,82.0
2022-12-21 22:00:00,0.0,6.7,9.6,80.0,1020.4,13.0,0.586207,82.0
2022-12-21 23:00:00,0.0,6.2,11.3,50.0,1020.3,13.3,0.0,71.0
2022-12-22 00:00:00,0.0,6.2,10.6,48.0,1020.7,13.7,0.551724,74.0
2022-12-22 01:00:00,0.0,7.0,9.0,70.0,1020.7,14.8,0.0,87.0
2022-12-22 02:00:00,0.0,7.3,8.9,90.0,1021.0,13.0,0.0,90.0
2022-12-22 03:00:00,0.0,7.8,8.7,80.0,1020.9,11.1,0.0,94.0
2022-12-22 04:00:00,0.0,6.3,9.8,72.0,1020.8,10.8,0.0,79.0
2022-12-22 05:00:00,0.0,6.7,9.8,62.0,1020.2,9.0,0.5,81.0
2022-12-22 06:00:00,0.0,7.6,8.5,50.0,1019.9,7.4,0.0,94.0
2022-12-22 07:00:00,0.0,7.5,8.3,70.0,1019.6,5.5,0.5,95.0
2022-12-22 08:00:00,0.0,6.5,8.9,30.0,1018.9,8.3,0.5,85.0
2022-12-22 09:00:00,0.0,6.7,8.9,40.0,1018.7,6.5,0.5,86.0
2022-12-22 10:00:00,0.0,7.2,8.1,110.0,1018.1,9.3,0.5,94.0
2022-12-22 11:00:00,0.0,6.8,8.0,100.0,1018.0,9.3,0.0,92.0
2022-12-22 12:00:00,0.0,7.1,8.0,0.0,1017.4,0.0,0.534483,94.0
2022-12-22 13:00:00,0.0,5.9,8.4,63.0,1017.8,7.9,0.586207,84.0
2022-12-22 14:00:00,0.0,6.4,9.1,74.0,1018.1,3.6,0.586207,83.0
2022-12-22 15:00:00,0.0,7.0,8.5,0.0,1017.9,0.0,0.551724,90.0
2022-12-22 16:00:00,0.0,7.6,9.8,170.0,1017.5,11.1,0.0,86.0
2022-12-22 17:00:00,0.0,7.8,10.2,170.0,1016.5,7.4,0.0,85.0
2022-12-22 18:00:00,0.0,10.4,13.8,139.0,1014.6,6.1,0.0,80.0
2022-12-22 19:00:00,0.0,11.2,14.8,170.0,1013.7,3.6,0.0,79.0
2022-12-22 20:00:00,0.1,9.5,11.1,120.0,1013.3,5.5,0.482759,90.0
2022-12-22 21:00:00,0.0,11.4,14.6,294.0,1013.1,4.0,0.0,81.0
2022-12-22 22:00:00,0.0,11.8,14.5,349.0,1012.7,1.4,0.482759,84.0
2022-12-22 23:00:00,0.0,12.2,13.8,332.0,1012.6,2.9,0.0,90.0
2022-12-23 00:00:00,0.2,12.6,13.5,339.0,1012.8,3.2,0.327586,94.0
2022-12-23 01:00:00,0.0,10.1,11.5,330.0,1013.3,7.4,0.0,91.0
2022-12-23 02:00:00,0.9,10.5,11.4,170.0,1013.6,7.4,0.0,94.0
2022-12-23 03:00:00,0.4,12.0,13.1,196.0,1012.9,6.1,0.0,93.0
2022-12-23 04:00:00,0.0,11.0,11.8,180.0,1012.4,5.0,0.0,95.0
2022-12-23 05:00:00,0.0,11.3,11.9,210.0,1012.2,11.1,0.258621,96.0
2022-12-23 06:00:00,0.0,11.9,12.5,280.0,1012.7,11.1,0.241379,96.0
2022-12-23 07:00:00,0.0,10.0,13.2,300.0,1013.3,18.5,0.224138,81.0
2022-12-23 08:00:00,0.0,11.0,12.6,288.0,1014.1,25.2,0.224138,90.0
2022-12-23 09:00:00,0.0,9.8,11.4,296.0,1015.1,23.4,0.224138,90.0
2022-12-23 10:00:00,0.0,3.9,9.5,330.0,1017.7,27.8,0.241379,68.0
2022-12-23 11:00:00,0.0,-0.4,4.0,340.0,1019.4,33.3,0.0,76.0
2022-12-23 12:00:00,0.0,-6.2,0.9,310.0,1020.9,25.9,0.310345,59.0
2022-12-23 13:00:00,0.0,-11.5,-0.7,318.0,1022.4,24.1,0.344828,44.0
2022-12-23 14:00:00,0.0,-11.4,-1.8,316.0,1023.8,22.7,0.275862,48.0
2022-12-23 15:00:00,0.0,-12.8,0.6,330.0,1024.9,20.4,0.086207,36.0
2022-12-23 16:00:00,0.0,-15.1,1.0,350.0,1025.4,25.9,0.0,29.0
2022-12-23 17:00:00,0.0,-13.3,-0.7,318.0,1025.1,21.6,0.0,38.0
2022-12-23 18:00:00,0.0,-13.2,-0.2,314.0,1024.9,20.9,0.0,37.0
2022-12-23 19:00:00,0.0,-13.0,0.4,308.0,1024.4,19.8,0.0,36.0
2022-12-23 20:00:00,0.0,-13.5,0.6,304.0,1024.2,20.5,-0.068966,34.0
2022-12-23 21:00:00,0.0,-16.4,0.5,340.0,1024.5,18.5,0.0,27.0
2022-12-23 22:00:00,0.0,-14.6,-1.0,301.0,1025.1,19.1,0.206897,35.0
2022-12-23 23:00:00,0.0,-15.9,-2.1,302.0,1025.7,16.2,0.0,34.0
2022-12-24 00:00:00,0.0,-16.4,-2.7,305.0,1026.7,18.0,0.465517,34.0
2022-12-24 01:00:00,0.0,-17.0,-3.4,307.0,1027.5,19.4,0.0,34.0
2022-12-24 02:00:00,0.0,-17.7,-4.1,311.0,1028.1,18.7,0.0,34.0
2022-12-24 03:00:00,0.0,-17.8,-4.6,314.0,1028.6,18.4,0.0,35.0
2022-12-24 04:00:00,0.0,-17.9,-5.1,315.0,1029.1,17.6,0.0,36.0
2022-12-24 05:00:00,0.0,-17.5,-5.4,340.0,1029.3,18.5,0.517241,38.0
2022-12-24 06:00:00,0.0,-20.9,-6.5,322.0,1029.3,20.2,0.0,31.0
2022-12-24 07:00:00,0.0,-20.7,-6.7,323.0,1029.5,20.2,0.517241,32.0
2022-12-24 08:00:00,0.0,-16.9,-7.5,350.0,1029.4,14.8,0.551724,47.0
2022-12-24 09:00:00,0.0,-21.4,-7.1,322.0,1029.8,19.1,0.568966,31.0
2022-12-24 10:00:00,0.0,-21.7,-7.4,319.0,1030.0,18.7,0.568966,31.0
2022-12-24 11:00:00,0.0,-19.6,-8.1,323.0,1030.3,17.6,0.0,39.0
2022-12-24 12:00:00,0.0,-19.9,-8.1,322.0,1030.9,16.2,0.603448,38.0
2022-12-24 13:00:00,0.0,-17.4,-8.3,350.0,1031.4,16.7,0.62069,48.0
2022-12-24 14:00:00,0.0,-17.6,-7.4,350.0,1032.1,18.5,0.5,44.0
2022-12-24 15:00:00,0.0,-17.1,-5.9,319.0,1032.3,14.4,0.275862,41.0
2022-12-24 16:00:00,0.0,-15.7,-4.4,316.0,1031.9,13.7,0.0,41.0
2022-12-24 17:00:00,0.0,-14.4,-3.0,313.0,1031.0,13.3,0.0,41.0
2022-12-24 18:00:00,0.0,-16.2,-2.1,330.0,1029.9,16.7,0.0,33.0
2022-12-24 19:00:00,0.0,-15.9,-1.3,320.0,1028.7,13.0,0.0,32.0
2022-12-24 20:00:00,0.0,-15.6,-0.5,340.0,1028.2,14.8,0.034483,31.0
2022-12-24 21:00:00,0.0,-12.8,-0.5,307.0,1028.2,13.7,0.0,39.0
2022-12-24 22:00:00,0.0,-13.2,-1.0,304.0,1028.3,13.3,0.275862,39.0
2022-12-24 23:00:00,0.0,-13.6,-2.4,294.0,1028.4,9.0,0.0,42.0
2022-12-25 00:00:00,0.0,-13.4,-3.1,290.0,1028.6,9.4,0.5,45.0
2022-12-25 01:00:00,0.0,-12.4,-3.5,300.0,1028.8,5.5,0.0,50.0
2022-12-25 02:00:00,0.0,-12.9,-3.7,303.0,1028.9,10.8,0.0,49.0
2022-12-25 03:00:00,0.0,-13.1,-3.9,308.0,1029.1,10.4,0.0,49.0
2022-12-25 04:00:00,0.0,-13.1,-4.2,306.0,1029.0,10.1,0.0,50.0
2022-12-25 05:00:00,0.0,-12.5,-4.6,330.0,1028.7,7.4,0.517241,54.0
2022-12-25 06:00:00,0.0,-14.1,-4.5,310.0,1028.4,11.5,0.517241,47.0
2022-12-25 07:00:00,0.0,-14.9,-4.5,316.0,1028.1,11.5,0.517241,44.0
2022-12-25 08:00:00,0.0,-15.5,-4.5,318.0,1027.8,11.2,0.517241,42.0
2022-12-25 09:00:00,0.0,-12.8,-4.4,340.0,1027.5,11.1,0.534483,52.0
2022-12-25 10:00:00,0.0,-12.6,-5.2,340.0,1027.7,7.4,0.517241,56.0
2022-12-25 11:00:00,0.0,-15.8,-4.5,319.0,1027.8,10.1,0.0,41.0
2022-12-25 12:00:00,0.0,-14.7,-4.8,316.0,1028.4,8.3,0.551724,46.0
2022-12-25 13:00:00,0.0,-12.3,-4.6,350.0,1028.9,9.3,0.568966,55.0
2022-12-25 14:00:00,0.0,-11.6,-2.6,360.0,1029.7,16.7,0.448276,50.0
2022-12-25 15:00:00,0.0,-12.4,-0.8,360.0,1030.0,13.0,0.241379,41.0
2022-12-25 16:00:00,0.0,-11.2,-0.1,328.0,1029.9,11.2,0.0,43.0
2022-12-25 17:00:00,0.0,-10.7,1.4,325.0,1028.6,9.4,0.0,40.0
2022-12-25 18:00:00,0.0,-14.5,3.7,310.0,1027.5,13.0,0.0,25.0
2022-12-25 19:00:00,0.0,-14.3,5.2,360.0,1026.5,9.3,0.0,23.0
2022-12-25 20:00:00,0.0,-9.0,4.1,289.0,1026.0,9.0,-0.051724,38.0
2022-12-25 21:00:00,0.0,-9.2,4.2,285.0,1025.8,9.7,0.0,37.0
2022-12-25 22:00:00,0.0,-8.5,3.5,273.0,1025.8,7.6,0.172414,41.0
2022-12-25 23:00:00,0.0,-7.6,0.2,260.0,1026.0,7.9,0.0,56.0
2022-12-26 00:00:00,0.0,-8.5,-1.1,0.0,1026.8,0.0,0.396552,57.0
2022-12-26 01:00:00,0.0,-9.2,-0.3,303.0,1026.9,9.7,0.0,51.0
2022-12-26 02:00:00,0.0,-9.8,-0.9,313.0,1027.3,8.6,0.0,51.0
2022-12-26 03:00:00,0.0,-8.2,-3.3,0.0,1027.6,0.0,0.0,69.0
2022-12-26 04:00:00,0.0,-9.1,-2.6,337.0,1027.8,7.9,0.0,61.0
2022-12-26 05:00:00,0.0,-8.2,-4.4,0.0,1027.8,0.0,0.465517,75.0
2022-12-26 06:00:00,0.0,-8.9,-3.9,328.0,1027.4,9.7,0.0,68.0
2022-12-26 07:00:00,0.0,-9.0,-4.2,315.0,1027.1,9.0,0.465517,69.0
2022-12-26 08:00:00,0.0,-9.2,-5.8,0.0,1026.7,0.0,0.465517,77.0
2022-12-26 09:00:00,0.0,-9.4,-5.7,0.0,1027.1,0.0,0.482759,75.0
2022-12-26 10:00:00,0.0,-9.4,-6.2,0.0,1027.1,0.0,0.5,78.0
2022-12-26 11:00:00,0.0,-9.1,-5.0,348.0,1027.1,7.6,0.0,73.0
2022-12-26 12:00:00,0.0,-9.3,-5.2,26.0,1027.5,7.9,0.534483,73.0
2022-12-26 13:00:00,0.0,-9.2,-6.2,190.0,1028.1,9.3,0.568966,79.0
2022-12-26 14:00:00,0.0,-7.7,-1.4,0.0,1028.3,0.0,0.465517,62.0
2022-12-26 15:00:00,0.0,-9.0,2.0,82.0,1028.7,2.5,0.206897,44.0
2022-12-26 16:00:00,0.0,-9.8,4.3,71.0,1028.7,2.2,0.0,35.0
2022-12-26 17:00:00,0.0,-9.1,5.5,343.0,1028.1,2.9,0.0,34.0
2022-12-26 18:00:00,0.0,-13.0,6.7,170.0,1027.3,5.5,0.0,23.0
2022-12-26 19:00:00,0.0,-12.2,8.3,310.0,1026.0,7.4,0.0,22.0
2022-12-26 20:00:00,0.0,-6.6,7.5,306.0,1025.4,3.2,-0.103448,36.0
2022-12-26 21:00:00,0.0,-6.4,7.3,326.0,1025.1,3.2,0.0,37.0
2022-12-26 22:00:00,0.0,-2.2,6.4,285.0,1025.3,2.5,0.12069,54.0
2022-12-26 23:00:00,0.0,-5.7,5.9,282.0,1025.1,3.2,0.0,43.0
2022-12-27 00:00:00,0.0,-7.5,4.0,134.0,1025.8,0.7,0.362069,43.0
2022-12-27 01:00:00,0.0,-7.5,2.7,98.0,1026.3,2.2,0.0,47.0
2022-12-27 02:00:00,0.0,-7.3,-0.3,100.0,1026.8,5.4,0.0,59.0
2022-12-27 03:00:00,0.0,-5.5,-1.1,0.0,1027.0,0.0,0.0,72.0
2022-12-27 04:00:00,0.0,-6.6,-1.0,90.0,1026.8,5.5,0.0,66.0
2022-12-27 05:00:00,0.0,-6.2,-2.0,129.0,1026.7,9.4,0.396552,73.0
2022-12-27 06:00:00,0.0,-6.0,-1.8,101.0,1026.5,7.6,0.0,73.0
2022-12-27 07:00:00,0.0,-6.5,-2.1,61.0,1026.1,5.4,0.396552,72.0
2022-12-27 08:00:00,0.0,-5.8,-2.5,0.0,1026.1,0.0,0.413793,78.0
2022-12-27 09:00:00,0.0,-5.3,-0.7,0.0,1025.9,0.0,0.431034,71.0
2022-12-27 10:00:00,0.0,-5.7,-0.7,76.0,1026.3,6.1,0.431034,69.0
2022-12-27 11:00:00,0.0,-5.8,-1.6,50.0,1026.5,6.1,0.0,73.0
2022-12-27 12:00:00,0.0,-5.8,-2.0,54.0,1026.7,6.8,0.465517,75.0
2022-12-27 13:00:00,0.0,-5.5,-2.4,0.0,1026.8,0.0,0.672414,79.0
2022-12-27 14:00:00,0.0,-5.3,3.9,120.0,1027.4,11.1,0.62069,51.0
2022-12-27 15:00:00,0.0,-2.4,4.7,75.0,1028.0,6.5,0.37931,60.0
2022-12-27 16:00:00,0.0,-9.2,9.9,110.0,1027.7,7.4,0.0,25.0
2022-12-27 17:00:00,0.0,-2.7,9.3,69.0,1027.3,9.0,0.0,43.0
2022-12-27 18:00:00,0.0,-2.3,10.4,62.0,1026.5,7.2,0.0,41.0
2022-12-27 19:00:00,0.0,-2.0,11.1,64.0,1025.6,5.8,0.0,40.0
2022-12-27 20:00:00,0.0,-1.6,11.5,72.0,1025.1,6.5,0.086207,40.0
2022-12-27 21:00:00,0.0,-1.6,11.2,42.0,1025.2,5.4,0.0,41.0
2022-12-27 22:00:00,0.0,3.5,9.5,46.0,1025.4,5.0,0.310345,66.0
2022-12-27 23:00:00,0.0,-0.4,5.2,48.0,1025.4,10.1,0.0,67.0
2022-12-28 00:00:00,0.0,-0.7,4.3,44.0,1025.8,9.0,0.534483,70.0
2022-12-28 01:00:00,0.0,-3.9,2.4,0.0,1026.2,0.0,0.0,63.0
2022-12-28 02:00:00,0.0,-1.4,2.8,56.0,1025.7,10.4,0.0,74.0
2022-12-28 03:00:00,0.0,-3.8,0.5,0.0,1025.5,0.0,0.0,73.0
2022-12-28 04:00:00,0.0,-4.3,-0.4,0.0,1025.7,0.0,0.0,75.0
2022-12-28 05:00:00,0.0,-1.3,0.8,93.0,1025.6,8.6,0.62069,86.0
2022-12-28 06:00:00,0.0,-1.7,0.2,92.0,1025.6,8.6,0.0,87.0
2022-12-28 07:00:00,0.0,-4.6,-1.8,0.0,1025.5,0.0,0.637931,81.0
2022-12-28 08:00:00,0.0,-4.7,-1.9,0.0,1025.5,0.0,0.655172,81.0
2022-12-28 09:00:00,0.0,-4.7,-2.2,0.0,1025.3,0.0,0.655172,83.0
2022-12-28 10:00:00,0.0,-3.9,-0.9,95.0,1025.3,8.3,0.655172,80.0
2022-12-28 11:00:00,0.0,-4.5,-1.5,102.0,1025.6,9.4,0.0,80.0
2022-12-28 12:00:00,0.0,-5.7,-0.9,60.0,1026.0,5.5,0.689655,70.0
2022-12-28 13:00:00,0.0,-5.1,-0.1,20.0,1027.0,5.5,0.741379,69.0
2022-12-28 14:00:00,0.0,-2.7,2.6,80.0,1027.9,7.9,0.62069,68.0
2022-12-28 15:00:00,0.0,-0.6,6.1,85.0,1028.4,5.8,0.362069,62.0
2022-12-28 16:00:00,0.0,1.1,9.4,78.0,1028.5,6.8,0.0,56.0
2022-12-28 17:00:00,0.0,2.1,11.9,86.0,1027.4,8.6,0.0,51.0
2022-12-28 18:00:00,0.0,-3.9,16.2,150.0,1026.6,7.4,0.0,25.0
2022-12-28 19:00:00,0.0,-2.8,17.5,160.0,1025.8,11.1,0.0,25.0
2022-12-28 20:00:00,0.0,4.4,15.7,88.0,1025.3,9.4,0.12069,47.0
2022-12-28 21:00:00,0.0,4.6,15.3,79.0,1024.7,11.2,0.0,49.0
2022-12-28 22:00:00,0.0,-1.5,17.2,100.0,1025.1,13.0,0.396552,28.0
2022-12-28 23:00:00,0.0,-0.4,14.9,90.0,1025.0,11.1,0.0,35.0
2022-12-29 00:00:00,0.0,2.7,11.4,86.0,1025.4,12.2,0.482759,55.0
2022-12-29 01:00:00,0.0,1.2,11.2,94.0,1025.8,11.2,0.0,50.0
2022-12-29 02:00:00,0.0,-0.1,11.1,97.0,1026.4,12.6,0.0,46.0
2022-12-29 03:00:00,0.0,0.9,12.2,0.0,1026.7,0.0,0.0,46.0
2022-12-29 04:00:00,0.0,1.1,11.8,120.0,1026.9,11.1,0.0,48.0
2022-12-29 05:00:00,0.0,0.1,10.4,102.0,1026.9,10.4,0.482759,49.0
2022-12-29 06:00:00,0.0,1.3,10.8,102.0,1026.6,10.8,0.482759,52.0
2022-12-29 07:00:00,0.0,3.3,11.8,120.0,1026.5,11.1,0.465517,56.0
2022-12-29 08:00:00,0.0,4.9,11.5,120.0,1026.4,13.0,0.465517,64.0
2022-12-29 09:00:00,0.0,5.3,11.0,0.0,1025.8,0.0,0.465517,68.0
2022-12-29 10:00:00,0.0,7.0,10.3,96.0,1025.8,6.5,0.448276,80.0
2022-12-29 11:00:00,0.0,7.3,10.6,86.0,1025.8,6.8,0.0,80.0
2022-12-29 12:00:00,0.0,5.0,8.4,40.0,1026.5,5.5,0.482759,79.0
2022-12-29 13:00:00,0.0,6.1,10.7,40.0,1027.1,5.5,0.517241,73.0
2022-12-29 14:00:00,0.0,8.2,11.3,79.0,1027.5,8.3,0.396552,81.0
2022-12-29 15:00:00,0.0,8.2,15.5,120.0,1027.6,13.0,0.224138,62.0
2022-12-29 16:00:00,0.0,10.5,16.0,98.0,1027.5,7.6,0.0,70.0
2022-12-29 17:00:00,0.0,9.2,19.6,170.0,1026.6,18.5,0.0,51.0
2022-12-29 18:00:00,0.0,8.8,22.0,160.0,1025.4,11.1,0.0,43.0
2022-12-29 19:00:00,0.0,11.8,20.9,127.0,1024.3,7.9,0.0,56.0
2022-12-29 20:00:00,0.0,10.0,21.5,136.0,1023.7,8.6,0.017241,48.0
2022-12-29 21:00:00,0.0,5.2,23.3,110.0,1023.4,14.8,0.0,31.0
2022-12-29 22:00:00,0.0,5.2,21.8,130.0,1023.3,9.3,0.224138,34.0
2022-12-29 23:00:00,0.0,10.1,14.7,114.0,1023.6,10.1,0.0,74.0
2022-12-30 00:00:00,0.0,9.4,13.3,109.0,1024.2,8.6,0.413793,77.0
2022-12-30 01:00:00,0.0,8.6,11.4,120.0,1024.6,10.1,0.0,83.0
2022-12-30 02:00:00,0.0,8.2,10.6,66.0,1024.7,7.9,0.0,85.0
2022-12-30 03:00:00,0.0,8.3,10.7,65.0,1024.9,10.1,0.0,85.0
2022-12-30 04:00:00,0.0,8.3,10.7,86.0,1025.2,9.4,0.0,85.0
2022-12-30 05:00:00,0.0,5.3,10.3,0.0,1024.7,0.0,0.413793,71.0
2022-12-30 06:00:00,0.0,8.8,10.5,95.0,1024.4,9.4,0.413793,89.0
2022-12-30 07:00:00,0.0,5.6,8.1,120.0,1024.3,7.4,0.413793,84.0
2022-12-30 08:00:00,0.0,7.3,9.4,110.0,1023.7,5.5,0.413793,87.0
2022-12-30 09:00:00,0.0,9.7,10.2,86.0,1023.6,9.0,0.396552,97.0
2022-12-30 10:00:00,0.0,10.1,10.4,98.0,1023.5,8.3,0.413793,98.0
2022-12-30 11:00:00,0.0,7.8,8.6,80.0,1023.2,7.4,0.0,95.0
2022-12-30 12:00:00,0.0,8.6,9.4,0.0,1023.0,0.0,0.396552,95.0
2022-12-30 13:00:00,0.0,10.3,11.1,110.0,1023.1,9.3,0.465517,95.0
2022-12-30 14:00:00,0.0,12.3,13.6,92.0,1023.1,12.6,0.413793,92.0
2022-12-30 15:00:00,0.0,13.6,16.1,100.0,1022.9,11.9,0.189655,85.0
2022-12-30 16:00:00,0.0,11.8,20.6,180.0,1022.5,20.4,0.0,57.0
2022-12-30 17:00:00,0.0,10.8,22.0,160.0,1021.4,24.1,0.0,49.0
2022-12-30 18:00:00,0.0,10.4,22.6,150.0,1020.1,24.1,0.0,46.0
2022-12-30 19:00:00,0.0,12.9,23.6,136.0,1019.0,16.2,0.0,51.0
2022-12-30 20:00:00,0.0,12.0,23.0,140.0,1018.8,16.9,0.258621,50.0
2022-12-30 21:00:00,0.0,8.6,22.5,150.0,1018.5,20.4,0.0,41.0
2022-12-30 22:00:00,0.0,13.0,20.5,135.0,1018.4,7.6,0.344828,62.0
2022-12-30 23:00:00,0.0,12.6,18.4,145.0,1018.8,7.2,0.0,69.0
2022-12-31 00:00:00,0.2,12.8,17.1,168.0,1019.4,7.2,0.431034,76.0
2022-12-31 01:00:00,0.5,12.6,17.9,135.0,1018.2,11.9,0.0,71.0
2022-12-31 02:00:00,0.3,10.7,16.6,310.0,1018.4,5.5,0.0,68.0
2022-12-31 03:00:00,0.6,11.5,16.1,0.0,1018.2,0.0,0.0,74.0
2022-12-31 04:00:00,0.8,13.5,15.8,152.0,1018.0,17.6,0.0,86.0
2022-12-31 05:00:00,1.7,13.7,15.5,163.0,1017.6,19.1,0.396552,89.0
2022-12-31 06:00:00,1.2,13.4,14.7,110.0,1017.5,11.1,0.0,92.0
2022-12-31 07:00:00,4.8,13.2,15.7,150.0,1017.6,29.6,0.37931,85.0
2022-12-31 08:00:00,2.4,14.5,16.5,40.0,1016.7,10.8,0.37931,88.0
2022-12-31 09:00:00,0.2,13.9,14.5,71.0,1016.2,7.2,0.362069,96.0
2022-12-31 10:00:00,0.4,14.2,14.7,74.0,1016.0,4.7,0.37931,97.0
2022-12-31 11:00:00,0.2,16.4,16.7,170.0,1016.2,14.0,0.0,98.0
2022-12-31 12:00:00,0.0,16.5,17.6,200.0,1016.2,11.1,0.327586,93.0
2022-12-31 13:00:00,0.0,17.3,17.5,169.0,1016.2,15.8,0.37931,99.0
2022-12-31 14:00:00,0.0,17.8,18.1,170.0,1016.9,15.8,0.37931,98.0
2022-12-31 15:00:00,0.0,18.4,18.7,178.0,1017.1,13.7,0.327586,98.0
2022-12-31 16:00:00,1.3,16.8,19.2,190.0,1017.3,11.1,0.0,86.0
2022-12-31 17:00:00,0.2,17.1,20.3,230.0,1017.0,20.4,0.0,82.0
2022-12-31 18:00:00,0.2,18.8,20.1,226.0,1016.2,20.9,0.0,92.0
2022-12-31 19:00:00,7.1,18.7,20.2,214.0,1015.6,10.1,0.0,91.0
2022-12-31 20:00:00,0.3,18.8,20.7,200.0,1015.2,14.8,0.172414,89.0
2022-12-31 21:00:00,0.0,19.0,21.3,225.0,1015.3,14.8,0.0,87.0
2022-12-31 22:00:00,0.2,17.1,21.1,200.0,1015.5,14.8,0.224138,78.0
2022-12-31 23:00:00,0.0,18.8,19.3,201.0,1015.8,12.2,0.0,97.0
2023-01-01 00:00:00,0.0,18.2,18.5,212.0,1016.5,11.2,0.172414,98.0
