DT,dwpt,rhum,wdir,Amity,pres,temp,wspd,prcp
2022-01-01 08:00:00,-5.0,85.0,340.0,0.678119,1023.0,-2.8,5.4,0.0
2022-01-01 09:00:00,-5.0,88.0,0.0,0.661744,1023.6,-3.3,0.0,0.0
2022-01-01 10:00:00,-5.0,88.0,0.0,0.667333,1024.3,-3.3,0.0,0.0
2022-01-01 11:00:00,-5.6,84.0,0.0,0.6831,1024.9,-3.3,0.0,0.0
2022-01-01 12:00:00,-6.1,85.0,0.0,0.717013,1024.9,-3.9,0.0,0.0
2022-01-01 13:00:00,-6.1,85.0,0.0,0.747671,1025.4,-3.9,0.0,0.0
2022-01-01 14:00:00,-6.1,85.0,0.0,0.787813,1025.7,-3.9,0.0,0.0
2022-01-01 15:00:00,-6.7,84.0,340.0,0.829981,1026.1,-4.4,7.6,0.0
2022-01-01 16:00:00,-5.6,81.0,0.0,0.840125,1026.2,-2.8,0.0,0.0
2022-01-01 17:00:00,-5.6,81.0,10.0,0.852644,1026.6,-2.8,5.4,0.0
2022-01-01 18:00:00,-5.5,78.0,0.0,0.792315,1026.9,-2.2,0.0,0.0
2022-01-01 19:00:00,-5.5,75.0,0.0,0.753076,1027.4,-1.7,0.0,0.0
2022-01-01 20:00:00,-5.6,69.0,0.0,0.717898,1026.5,-0.6,0.0,0.0
2022-01-01 21:00:00,-3.9,75.0,140.0,0.610154,1026.0,0.0,5.4,0.0
2022-01-01 22:00:00,-3.3,75.0,0.0,0.648675,1025.3,0.6,0.0,0.0
2022-01-01 23:00:00,-2.8,72.0,0.0,0.734438,1024.8,1.7,0.0,0.0
2022-01-02 00:00:00,-2.8,75.0,0.0,0.783644,1024.4,1.1,0.0,0.0
2022-01-02 01:00:00,-3.3,82.0,360.0,0.822352,1024.0,-0.6,9.4,0.0
2022-01-02 02:00:00,-3.3,85.0,0.0,0.81824,1023.6,-1.1,0.0,0.0
2022-01-02 03:00:00,-2.8,88.0,0.0,0.819923,1023.0,-1.1,0.0,0.0
2022-01-02 04:00:00,-3.3,85.0,340.0,0.78834,1022.9,-1.1,9.4,0.0
2022-01-02 05:00:00,-2.8,85.0,0.0,0.741449,1022.6,-0.6,0.0,0.0
2022-01-02 06:00:00,-2.8,88.0,0.0,0.706105,1022.0,-1.1,0.0,0.0
2022-01-02 07:00:00,-2.8,88.0,0.0,0.672697,1021.4,-1.1,0.0,0.0
2022-01-02 08:00:00,-2.8,88.0,0.0,0.645525,1021.0,-1.1,0.0,0.0
2022-01-02 09:00:00,-3.3,89.0,0.0,0.609595,1020.3,-1.7,0.0,0.0
2022-01-02 10:00:00,-3.3,89.0,0.0,0.616228,1020.0,-1.7,0.0,0.0
2022-01-02 11:00:00,-2.2,92.0,0.0,0.616485,1019.3,-1.1,0.0,0.0
2022-01-02 12:00:00,-2.2,89.0,0.0,0.635137,1018.7,-0.6,0.0,0.0
2022-01-02 13:00:00,-2.2,89.0,0.0,0.669157,1017.7,-0.6,0.0,0.0
2022-01-02 14:00:00,-1.8,88.0,0.0,0.703446,1017.3,0.0,0.0,0.0
2022-01-02 15:00:00,-1.8,88.0,20.0,0.733548,1016.8,0.0,5.4,0.0
2022-01-02 16:00:00,-1.8,88.0,0.0,0.76472,1016.1,0.0,0.0,0.0
2022-01-02 17:00:00,-1.2,88.0,340.0,0.778277,1015.1,0.6,5.4,0.0
2022-01-02 18:00:00,-0.7,88.0,340.0,0.772386,1014.3,1.1,5.4,0.0
2022-01-02 19:00:00,0.0,79.0,120.0,0.717208,1013.3,3.3,5.4,0.0
2022-01-02 20:00:00,-1.2,53.0,190.0,0.690983,1011.9,7.8,24.1,0.0
2022-01-02 21:00:00,-1.0,50.0,190.0,0.71126,1010.7,8.9,33.5,0.0
2022-01-02 22:00:00,0.1,54.0,190.0,0.730033,1009.7,8.9,33.5,0.3
2022-01-02 23:00:00,0.1,54.0,190.0,0.731476,1008.4,8.9,27.7,1.9
2022-01-03 00:00:00,1.7,63.0,190.0,0.749747,1007.5,8.3,40.7,0.3
2022-01-03 01:00:00,1.1,56.0,180.0,0.777337,1005.9,9.4,37.1,0.3
2022-01-03 02:00:00,0.6,54.0,190.0,0.756927,1004.6,9.4,37.1,0.3
2022-01-03 03:00:00,2.7,68.0,190.0,0.736766,1003.5,8.3,33.5,0.8
2022-01-03 04:00:00,2.9,66.0,190.0,0.705482,1002.7,8.9,40.7,2.3
2022-01-03 05:00:00,3.9,74.0,200.0,0.645611,1001.6,8.3,31.7,0.3
2022-01-03 06:00:00,3.9,71.0,190.0,0.583563,1000.4,8.9,35.3,0.3
2022-01-03 07:00:00,5.1,77.0,200.0,0.535251,999.9,8.9,44.6,0.8
2022-01-03 08:00:00,5.0,86.0,260.0,0.483606,1000.0,7.2,18.4,1.0
2022-01-03 09:00:00,4.4,85.0,230.0,0.469177,998.0,6.7,24.1,0.5
2022-01-03 10:00:00,5.6,86.0,160.0,0.475447,998.1,7.8,24.1,6.1
2022-01-03 11:00:00,5.7,90.0,240.0,0.483918,999.0,7.2,11.2,7.4
2022-01-03 12:00:00,3.3,82.0,250.0,0.500053,999.0,6.1,25.9,4.8
2022-01-03 13:00:00,3.3,89.0,200.0,0.579068,999.4,5.0,13.0,2.5
2022-01-03 14:00:00,2.9,86.0,180.0,0.665421,999.5,5.0,14.8,1.8
2022-01-03 15:00:00,2.7,89.0,150.0,0.697394,1000.0,4.4,13.0,2.8
2022-01-03 16:00:00,3.3,89.0,160.0,0.696163,1000.4,5.0,24.1,1.0
2022-01-03 17:00:00,2.9,86.0,180.0,0.736765,1001.2,5.0,18.4,2.8
2022-01-03 18:00:00,2.3,86.0,170.0,0.753039,1002.0,4.4,22.3,0.7
2022-01-03 19:00:00,2.3,86.0,170.0,0.743226,1002.6,4.4,13.0,1.3
2022-01-03 20:00:00,2.9,86.0,160.0,0.743707,1002.1,5.0,16.6,0.6
2022-01-03 21:00:00,2.9,86.0,230.0,0.741851,1002.6,5.0,18.4,1.3
2022-01-03 22:00:00,1.7,79.0,220.0,0.735648,1002.4,5.0,20.5,0.4
2022-01-03 23:00:00,2.8,82.0,170.0,0.754791,1003.1,5.6,7.6,0.0
2022-01-04 00:00:00,2.2,82.0,200.0,0.790473,1003.7,5.0,24.1,1.2
2022-01-04 01:00:00,1.2,86.0,190.0,0.807057,1004.8,3.3,18.4,1.8
2022-01-04 02:00:00,0.6,89.0,170.0,0.813157,1004.9,2.2,16.6,0.1
2022-01-04 03:00:00,1.0,92.0,0.0,0.777721,1006.2,2.2,0.0,0.8
2022-01-04 04:00:00,1.0,92.0,160.0,0.7453,1007.2,2.2,7.6,0.3
2022-01-04 05:00:00,0.6,89.0,30.0,0.688859,1008.3,2.2,5.4,0.0
2022-01-04 06:00:00,1.2,89.0,130.0,0.599137,1009.2,2.8,5.4,0.5
2022-01-04 07:00:00,1.8,93.0,130.0,0.543845,1010.6,2.8,9.4,0.3
2022-01-04 08:00:00,1.7,89.0,150.0,0.542998,1011.7,3.3,11.2,0.0
2022-01-04 09:00:00,1.7,89.0,0.0,0.529808,1012.9,3.3,0.0,0.0
2022-01-04 10:00:00,1.7,89.0,130.0,0.521671,1013.7,3.3,11.2,0.0
2022-01-04 11:00:00,1.7,89.0,150.0,0.538219,1015.1,3.3,7.6,0.0
2022-01-04 12:00:00,1.8,83.0,180.0,0.56877,1015.1,4.4,18.4,0.0
2022-01-04 13:00:00,2.3,86.0,220.0,0.630391,1015.9,4.4,14.8,0.5
2022-01-04 14:00:00,2.3,86.0,210.0,0.712658,1016.7,4.4,13.0,0.3
2022-01-04 15:00:00,2.3,89.0,0.0,0.771641,1017.1,3.9,0.0,0.0
2022-01-04 16:00:00,2.3,89.0,150.0,0.743071,1018.0,3.9,9.4,0.0
2022-01-04 17:00:00,2.7,89.0,200.0,0.745971,1018.1,4.4,5.4,0.4
2022-01-04 18:00:00,3.3,89.0,160.0,0.705143,1018.4,5.0,13.0,0.1
2022-01-04 19:00:00,4.4,85.0,0.0,0.702894,1018.4,6.7,0.0,0.3
2022-01-04 20:00:00,4.4,89.0,170.0,0.707288,1017.8,6.1,16.6,0.1
2022-01-04 21:00:00,5.1,83.0,190.0,0.707478,1017.5,7.8,14.8,0.3
2022-01-04 22:00:00,5.1,83.0,160.0,0.69356,1017.1,7.8,13.0,0.3
2022-01-04 23:00:00,6.1,93.0,150.0,0.693616,1016.9,7.2,11.2,0.2
2022-01-05 00:00:00,6.1,93.0,150.0,0.723104,1016.2,7.2,11.2,1.0
2022-01-05 01:00:00,6.1,93.0,160.0,0.754064,1015.5,7.2,16.6,1.3
2022-01-05 02:00:00,5.7,90.0,140.0,0.762527,1014.9,7.2,13.0,0.5
2022-01-05 03:00:00,5.6,93.0,140.0,0.712902,1014.5,6.7,7.6,0.3
2022-01-05 04:00:00,5.6,93.0,150.0,0.670412,1014.3,6.7,11.2,0.5
2022-01-05 05:00:00,5.7,90.0,0.0,0.616307,1014.2,7.2,0.0,0.1
2022-01-05 06:00:00,6.1,93.0,240.0,0.54266,1015.3,7.2,11.2,0.0
2022-01-05 07:00:00,6.1,93.0,240.0,0.490843,1016.2,7.2,9.4,0.3
2022-01-05 08:00:00,5.6,93.0,0.0,0.469428,1017.3,6.7,0.0,0.0
2022-01-05 09:00:00,5.7,97.0,0.0,0.45598,1018.9,6.1,0.0,0.0
2022-01-05 10:00:00,5.1,93.0,0.0,0.452163,1019.9,6.1,0.0,0.0
2022-01-05 11:00:00,5.0,89.0,230.0,0.45324,1020.3,6.7,9.4,0.0
2022-01-05 12:00:00,5.1,93.0,250.0,0.489952,1021.5,6.1,9.4,0.0
2022-01-05 13:00:00,5.1,93.0,230.0,0.550964,1021.6,6.1,9.4,0.0
2022-01-05 14:00:00,5.1,93.0,290.0,0.604243,1021.9,6.1,5.4,0.2
2022-01-05 15:00:00,4.4,92.0,0.0,0.662719,1022.4,5.6,0.0,0.3
2022-01-05 16:00:00,3.9,89.0,0.0,0.667402,1022.5,5.6,0.0,0.5
2022-01-05 17:00:00,4.4,96.0,0.0,0.676474,1022.7,5.0,0.0,0.3
2022-01-05 18:00:00,5.1,93.0,0.0,0.678805,1022.8,6.1,0.0,0.8
2022-01-05 19:00:00,5.1,93.0,130.0,0.67252,1022.6,6.1,11.2,1.0
2022-01-05 20:00:00,5.0,89.0,110.0,0.683091,1022.1,6.7,5.4,1.3
2022-01-05 21:00:00,5.0,89.0,0.0,0.672398,1021.7,6.7,0.0,1.3
2022-01-05 22:00:00,5.1,93.0,90.0,0.670018,1020.2,6.1,7.6,1.8
2022-01-05 23:00:00,4.4,89.0,70.0,0.683193,1019.6,6.1,5.4,2.3
2022-01-06 00:00:00,4.4,92.0,50.0,0.713132,1018.8,5.6,7.6,1.0
2022-01-06 01:00:00,4.0,93.0,0.0,0.746645,1017.8,5.0,0.0,0.8
2022-01-06 02:00:00,4.0,100.0,340.0,0.744316,1017.0,4.0,9.0,1.5
2022-01-06 03:00:00,4.0,97.0,340.0,0.710316,1016.6,4.4,7.6,1.0
2022-01-06 04:00:00,4.0,97.0,310.0,0.681036,1016.6,4.4,5.4,1.5
2022-01-06 05:00:00,4.0,93.0,0.0,0.614449,1016.4,5.0,0.0,1.0
2022-01-06 06:00:00,4.0,93.0,0.0,0.549654,1015.5,5.0,0.0,0.3
2022-01-06 07:00:00,4.4,96.0,0.0,0.490123,1014.4,5.0,0.0,0.1
2022-01-06 08:00:00,4.4,92.0,0.0,0.448333,1013.0,5.6,0.0,0.2
2022-01-06 09:00:00,5.0,96.0,0.0,0.440274,1012.5,5.6,0.0,0.5
2022-01-06 10:00:00,9.9,86.0,190.0,0.420177,1011.2,12.2,20.5,0.8
2022-01-06 11:00:00,9.9,86.0,190.0,0.418579,1011.3,12.2,27.7,0.5
2022-01-06 12:00:00,9.9,86.0,200.0,0.428844,1011.2,12.2,24.1,0.8
2022-01-06 13:00:00,9.4,83.0,200.0,0.484091,1010.8,12.2,16.6,0.8
2022-01-06 14:00:00,10.6,90.0,210.0,0.555492,1010.7,12.2,14.8,1.5
2022-01-06 15:00:00,10.6,90.0,220.0,0.595271,1011.0,12.2,20.5,3.0
2022-01-06 16:00:00,10.6,90.0,200.0,0.603052,1010.8,12.2,25.9,0.3
2022-01-06 17:00:00,10.0,83.0,190.0,0.609238,1010.6,12.8,29.5,0.0
2022-01-06 18:00:00,9.9,86.0,190.0,0.603097,1010.8,12.2,35.3,0.7
2022-01-06 19:00:00,9.4,80.0,190.0,0.592975,1010.6,12.8,29.5,0.8
2022-01-06 20:00:00,9.4,80.0,190.0,0.573167,1009.6,12.8,31.7,0.0
2022-01-06 21:00:00,10.0,83.0,180.0,0.574288,1008.4,12.8,37.1,0.1
2022-01-06 22:00:00,9.9,86.0,180.0,0.571973,1007.7,12.2,35.3,0.1
2022-01-06 23:00:00,9.4,83.0,200.0,0.583707,1007.4,12.2,25.9,0.0
2022-01-07 00:00:00,8.3,77.0,200.0,0.608021,1006.7,12.2,35.3,0.0
2022-01-07 01:00:00,8.3,83.0,190.0,0.649146,1006.4,11.1,24.1,0.0
2022-01-07 02:00:00,7.8,80.0,200.0,0.618066,1005.6,11.1,18.4,0.0
2022-01-07 03:00:00,6.6,74.0,190.0,0.58576,1004.1,11.1,20.5,0.0
2022-01-07 04:00:00,6.0,71.0,200.0,0.549969,1003.0,11.1,16.6,0.0
2022-01-07 05:00:00,6.6,74.0,190.0,0.516339,1002.1,11.1,16.6,0.6
2022-01-07 06:00:00,6.7,77.0,190.0,0.470516,1000.4,10.6,22.3,1.8
2022-01-07 07:00:00,6.7,77.0,190.0,0.433296,999.5,10.6,25.9,0.5
2022-01-07 08:00:00,8.3,89.0,190.0,0.410718,998.8,10.0,24.1,1.3
2022-01-07 09:00:00,7.8,86.0,190.0,0.397733,997.4,10.0,25.9,1.0
2022-01-07 10:00:00,7.8,86.0,190.0,0.394528,996.6,10.0,22.3,0.3
2022-01-07 11:00:00,7.8,86.0,170.0,0.408376,996.1,10.0,27.7,0.0
2022-01-07 12:00:00,8.3,89.0,170.0,0.427344,995.1,10.0,25.9,1.8
2022-01-07 13:00:00,7.8,83.0,170.0,0.473015,993.7,10.6,31.7,1.0
2022-01-07 14:00:00,8.4,86.0,170.0,0.53611,992.7,10.6,31.7,1.8
2022-01-07 15:00:00,7.8,83.0,210.0,0.579605,993.1,10.6,35.3,1.0
2022-01-07 16:00:00,5.1,80.0,240.0,0.601457,998.2,8.3,38.9,0.5
2022-01-07 17:00:00,4.0,80.0,230.0,0.617996,1001.6,7.2,33.5,0.9
2022-01-07 18:00:00,4.0,80.0,230.0,0.617643,1004.3,7.2,33.5,0.0
2022-01-07 19:00:00,4.0,80.0,220.0,0.612862,1006.9,7.2,22.3,0.1
2022-01-07 20:00:00,3.8,76.0,250.0,0.60714,1008.4,7.8,22.3,0.0
2022-01-07 21:00:00,1.7,68.0,260.0,0.507764,1009.3,7.2,20.5,0.0
2022-01-07 22:00:00,2.3,71.0,250.0,0.552439,1010.1,7.2,20.5,0.0
2022-01-07 23:00:00,2.2,73.0,260.0,0.603664,1010.9,6.7,16.6,0.0
2022-01-08 00:00:00,1.6,73.0,240.0,0.642261,1011.8,6.1,11.2,0.0
2022-01-08 01:00:00,2.2,76.0,220.0,0.678798,1012.7,6.1,16.6,0.0
2022-01-08 02:00:00,2.2,79.0,190.0,0.681176,1013.2,5.6,13.0,0.0
2022-01-08 03:00:00,2.2,79.0,230.0,0.649964,1014.0,5.6,13.0,0.0
2022-01-08 04:00:00,2.8,82.0,230.0,0.619486,1015.0,5.6,14.8,0.1
2022-01-08 05:00:00,2.9,86.0,190.0,0.5699,1015.8,5.0,11.2,0.1
2022-01-08 06:00:00,2.2,82.0,220.0,0.541069,1016.3,5.0,7.6,0.0
2022-01-08 07:00:00,2.3,89.0,260.0,0.492131,1016.8,3.9,11.2,0.0
2022-01-08 08:00:00,2.3,86.0,190.0,0.486392,1017.6,4.4,13.0,0.0
2022-01-08 09:00:00,2.9,86.0,160.0,0.469082,1018.3,5.0,13.0,0.0
2022-01-08 10:00:00,2.9,86.0,0.0,0.459612,1019.2,5.0,0.0,0.0
2022-01-08 11:00:00,2.9,86.0,0.0,0.46647,1020.1,5.0,0.0,0.0
2022-01-08 12:00:00,2.7,89.0,250.0,0.485495,1020.4,4.4,7.6,0.3
2022-01-08 13:00:00,2.9,86.0,220.0,0.514473,1020.5,5.0,7.6,0.0
2022-01-08 14:00:00,3.3,89.0,220.0,0.559298,1021.5,5.0,11.2,0.0
2022-01-08 15:00:00,2.9,86.0,0.0,0.618068,1022.0,5.0,0.0,0.0
2022-01-08 16:00:00,2.7,89.0,0.0,0.65814,1022.7,4.4,0.0,0.0
2022-01-08 17:00:00,3.3,89.0,0.0,0.681349,1023.9,5.0,0.0,0.0
2022-01-08 18:00:00,3.3,82.0,0.0,0.657187,1024.5,6.1,0.0,0.0
2022-01-08 19:00:00,3.8,76.0,0.0,0.568604,1025.1,7.8,0.0,0.0
2022-01-08 20:00:00,3.8,76.0,0.0,0.468477,1024.9,7.8,0.0,0.0
2022-01-08 21:00:00,4.3,73.0,0.0,0.432577,1024.3,8.9,0.0,0.0
2022-01-08 22:00:00,4.0,69.0,0.0,0.451817,1024.0,9.4,0.0,0.0
2022-01-08 23:00:00,4.0,69.0,0.0,0.504599,1024.2,9.4,0.0,0.0
2022-01-09 00:00:00,3.9,74.0,360.0,0.565232,1024.5,8.3,5.4,0.0
2022-01-09 01:00:00,2.8,76.0,10.0,0.633171,1024.6,6.7,7.6,0.0
2022-01-09 02:00:00,2.8,82.0,340.0,0.639607,1024.5,5.6,9.4,0.0
2022-01-09 03:00:00,2.3,86.0,340.0,0.645026,1024.5,4.4,11.2,0.0
2022-01-09 04:00:00,2.3,89.0,340.0,0.619577,1024.8,3.9,11.2,0.0
2022-01-09 05:00:00,1.7,89.0,350.0,0.593267,1024.8,3.3,13.0,0.0
2022-01-09 06:00:00,1.0,92.0,350.0,0.556188,1025.0,2.2,9.4,0.0
2022-01-09 07:00:00,1.0,92.0,340.0,0.530756,1025.1,2.2,13.0,0.0
2022-01-09 08:00:00,0.6,89.0,350.0,0.510488,1025.0,2.2,11.2,0.0
2022-01-09 09:00:00,0.5,92.0,350.0,0.508062,1024.6,1.7,9.4,0.0
2022-01-09 10:00:00,0.5,92.0,350.0,0.517208,1024.5,1.7,9.4,0.0
2022-01-09 11:00:00,-0.7,88.0,340.0,0.524458,1024.8,1.1,9.4,0.0
2022-01-09 12:00:00,-0.6,92.0,0.0,0.552464,1024.8,0.6,0.0,0.0
2022-01-09 13:00:00,-0.7,88.0,350.0,0.607797,1024.7,1.1,11.2,0.0
2022-01-09 14:00:00,-0.6,92.0,360.0,0.66313,1024.8,0.6,7.6,0.0
2022-01-09 15:00:00,-0.6,92.0,0.0,0.700218,1025.3,0.6,0.0,0.0
2022-01-09 16:00:00,-2.2,92.0,270.0,0.727181,1025.4,-1.1,7.6,0.0
2022-01-09 17:00:00,-1.2,88.0,0.0,0.697612,1025.8,0.6,0.0,0.0
2022-01-09 18:00:00,1.7,89.0,0.0,0.623907,1026.5,3.3,0.0,0.0
2022-01-09 19:00:00,2.2,73.0,340.0,0.521549,1026.4,6.7,7.6,0.0
2022-01-09 20:00:00,2.2,63.0,360.0,0.483856,1025.9,8.9,7.6,0.0
2022-01-09 21:00:00,1.6,56.0,0.0,0.437021,1025.6,10.0,0.0,0.0
2022-01-09 22:00:00,2.1,54.0,0.0,0.483288,1025.2,11.1,0.0,0.0
2022-01-09 23:00:00,2.2,52.0,10.0,0.518503,1025.1,11.7,5.4,0.0
2022-01-10 00:00:00,2.9,59.0,330.0,0.597037,1025.1,10.6,7.6,0.0
2022-01-10 01:00:00,1.6,56.0,350.0,0.679228,1025.3,10.0,7.6,0.0
2022-01-10 02:00:00,1.7,68.0,340.0,0.695897,1025.3,7.2,9.4,0.0
2022-01-10 03:00:00,1.1,82.0,360.0,0.707773,1025.7,3.9,9.4,0.0
2022-01-10 04:00:00,1.1,82.0,360.0,0.659698,1025.5,3.9,11.2,0.0
2022-01-10 05:00:00,0.6,79.0,340.0,0.608046,1025.6,3.9,13.0,0.0
2022-01-10 06:00:00,0.0,79.0,350.0,0.54241,1025.8,3.3,13.0,0.0
2022-01-10 07:00:00,-0.6,82.0,350.0,0.523021,1026.4,2.2,9.4,0.0
2022-01-10 08:00:00,-0.7,78.0,360.0,0.504273,1026.9,2.8,5.4,0.0
2022-01-10 09:00:00,-0.7,88.0,0.0,0.499625,1027.0,1.1,0.0,0.0
2022-01-10 10:00:00,-1.2,88.0,10.0,0.506373,1027.0,0.6,7.6,0.0
2022-01-10 11:00:00,-1.2,88.0,250.0,0.526084,1027.5,0.6,5.4,0.0
2022-01-10 12:00:00,-0.6,92.0,0.0,0.5509,1027.4,0.6,0.0,0.0
2022-01-10 13:00:00,-0.7,88.0,0.0,0.641501,1027.7,1.1,0.0,0.0
2022-01-10 14:00:00,-0.1,92.0,0.0,0.716631,1028.1,1.1,0.0,0.2
2022-01-10 15:00:00,0.5,92.0,0.0,0.769943,1029.2,1.7,0.0,0.8
2022-01-10 16:00:00,1.0,92.0,100.0,0.772815,1029.6,2.2,5.4,0.8
2022-01-10 17:00:00,1.8,93.0,0.0,0.751732,1030.8,2.8,0.0,0.5
2022-01-10 18:00:00,1.7,89.0,0.0,0.751232,1031.2,3.3,0.0,0.5
2022-01-10 19:00:00,2.3,89.0,360.0,0.734415,1031.3,3.9,7.6,0.0
2022-01-10 20:00:00,3.3,89.0,330.0,0.670593,1030.3,5.0,5.4,0.0
2022-01-10 21:00:00,3.3,82.0,330.0,0.550414,1029.9,6.1,5.4,0.0
2022-01-10 22:00:00,4.0,80.0,340.0,0.616458,1029.6,7.2,7.6,0.0
2022-01-10 23:00:00,4.3,82.0,340.0,0.638888,1029.3,7.2,5.4,0.0
2022-01-11 00:00:00,5.1,83.0,0.0,0.662053,1028.7,7.8,0.0,0.0
2022-01-11 01:00:00,4.4,89.0,60.0,0.711387,1029.0,6.1,5.4,0.0
2022-01-11 02:00:00,4.4,89.0,290.0,0.702753,1028.7,6.1,5.4,0.0
2022-01-11 03:00:00,4.4,92.0,0.0,0.668519,1027.7,5.6,0.0,0.0
2022-01-11 04:00:00,4.4,96.0,0.0,0.637455,1027.5,5.0,0.0,0.0
2022-01-11 05:00:00,5.1,93.0,0.0,0.579501,1027.5,6.1,0.0,0.0
2022-01-11 06:00:00,5.1,93.0,0.0,0.521006,1027.1,6.1,0.0,0.0
2022-01-11 07:00:00,5.0,96.0,160.0,0.486512,1027.0,5.6,5.4,0.0
2022-01-11 08:00:00,5.1,93.0,0.0,0.455633,1027.5,6.1,0.0,0.0
2022-01-11 09:00:00,4.4,92.0,0.0,0.440965,1027.6,5.6,0.0,0.0
2022-01-11 10:00:00,4.4,92.0,40.0,0.440545,1027.1,5.6,7.6,0.0
2022-01-11 11:00:00,4.4,96.0,0.0,0.448428,1027.0,5.0,0.0,0.0
2022-01-11 12:00:00,4.4,92.0,0.0,0.46065,1027.1,5.6,0.0,0.0
2022-01-11 13:00:00,5.1,93.0,0.0,0.526505,1026.7,6.1,0.0,0.2
2022-01-11 14:00:00,5.1,93.0,0.0,0.599431,1026.7,6.1,0.0,0.8
2022-01-11 15:00:00,5.1,93.0,0.0,0.629654,1026.7,6.1,0.0,0.8
2022-01-11 16:00:00,5.1,93.0,0.0,0.610746,1026.6,6.1,0.0,0.3
2022-01-11 17:00:00,5.6,93.0,0.0,0.621611,1026.2,6.7,0.0,0.4
2022-01-11 18:00:00,6.1,93.0,0.0,0.61595,1026.8,7.2,0.0,0.1
2022-01-11 19:00:00,6.8,90.0,0.0,0.597281,1026.6,8.3,0.0,0.1
2022-01-11 20:00:00,7.2,89.0,20.0,0.599,1025.6,8.9,5.4,0.0
2022-01-11 21:00:00,7.2,86.0,0.0,0.577765,1025.1,9.4,0.0,0.0
2022-01-11 22:00:00,8.4,86.0,0.0,0.572146,1024.1,10.6,0.0,0.0
2022-01-11 23:00:00,8.4,86.0,50.0,0.567987,1023.9,10.6,5.4,0.0
2022-01-12 00:00:00,8.4,86.0,360.0,0.602923,1023.8,10.6,5.4,0.0
2022-01-12 01:00:00,8.4,86.0,0.0,0.615377,1023.6,10.6,0.0,0.0
2022-01-12 02:00:00,8.4,80.0,140.0,0.626721,1023.2,11.7,14.8,0.0
2022-01-12 03:00:00,8.3,77.0,140.0,0.599846,1022.9,12.2,14.8,0.0
2022-01-12 04:00:00,8.4,80.0,140.0,0.569011,1022.9,11.7,14.8,0.0
2022-01-12 05:00:00,8.4,72.0,180.0,0.500859,1022.8,13.3,18.4,0.0
2022-01-12 06:00:00,8.4,72.0,190.0,0.445031,1023.0,13.3,11.2,0.0
2022-01-12 07:00:00,8.3,74.0,0.0,0.408989,1023.4,12.8,0.0,0.0
2022-01-12 08:00:00,7.8,77.0,220.0,0.385411,1023.3,11.7,14.8,0.0
2022-01-12 09:00:00,7.8,77.0,0.0,0.367278,1023.7,11.7,0.0,0.0
2022-01-12 10:00:00,7.8,77.0,0.0,0.364344,1023.4,11.7,0.0,0.0
2022-01-12 11:00:00,7.8,77.0,0.0,0.356193,1023.7,11.7,0.0,0.0
2022-01-12 12:00:00,7.8,80.0,0.0,0.376292,1023.0,11.1,0.0,0.0
2022-01-12 13:00:00,7.2,86.0,0.0,0.442794,1022.4,9.4,0.0,0.0
2022-01-12 14:00:00,7.2,86.0,30.0,0.51015,1022.5,9.4,7.6,0.0
2022-01-12 15:00:00,7.2,89.0,0.0,0.5454,1022.1,8.9,0.0,0.0
2022-01-12 16:00:00,6.8,90.0,0.0,0.549738,1022.0,8.3,0.0,0.0
2022-01-12 17:00:00,6.1,93.0,0.0,0.529436,1022.0,7.2,0.0,0.0
2022-01-12 18:00:00,7.8,86.0,0.0,0.51149,1022.1,10.0,0.0,0.0
2022-01-12 19:00:00,6.6,74.0,0.0,0.425644,1022.0,11.1,0.0,0.0
2022-01-12 20:00:00,6.2,64.0,0.0,0.418728,1021.2,12.8,0.0,0.0
2022-01-12 21:00:00,6.6,64.0,0.0,0.379565,1020.6,13.3,0.0,0.0
2022-01-12 22:00:00,6.7,60.0,110.0,0.435544,1020.0,14.4,9.4,0.0
2022-01-12 23:00:00,7.9,67.0,120.0,0.463158,1019.4,13.9,7.6,0.0
2022-01-13 00:00:00,7.7,69.0,60.0,0.493323,1018.9,13.3,5.4,0.0
2022-01-13 01:00:00,6.7,77.0,350.0,0.549594,1018.5,10.6,9.4,0.0
2022-01-13 02:00:00,5.6,83.0,0.0,0.585293,1018.2,8.3,0.0,0.0
2022-01-13 03:00:00,5.1,93.0,270.0,0.583653,1018.9,6.1,11.2,0.0
2022-01-13 04:00:00,5.1,93.0,0.0,0.577732,1019.0,6.1,0.0,0.0
2022-01-13 05:00:00,4.0,93.0,0.0,0.521807,1019.2,5.0,0.0,0.0
2022-01-13 06:00:00,5.1,93.0,90.0,0.471655,1018.7,6.1,7.6,0.0
2022-01-13 07:00:00,5.0,89.0,100.0,0.420924,1018.6,6.7,14.8,0.0
2022-01-13 08:00:00,5.7,90.0,300.0,0.412114,1018.3,7.2,7.6,0.0
2022-01-13 09:00:00,5.6,93.0,0.0,0.403055,1018.1,6.7,0.0,0.3
2022-01-13 10:00:00,5.1,93.0,0.0,0.395416,1017.7,6.1,0.0,0.0
2022-01-13 11:00:00,5.0,89.0,10.0,0.399386,1017.6,6.7,7.0,0.2
2022-01-13 12:00:00,6.7,93.0,0.0,0.419682,1017.1,7.8,0.0,1.0
2022-01-13 13:00:00,7.8,83.0,190.0,0.480145,1017.2,10.6,22.3,0.0
2022-01-13 14:00:00,7.8,86.0,180.0,0.550304,1018.0,10.0,16.6,0.3
2022-01-13 15:00:00,7.2,86.0,160.0,0.579396,1018.3,9.4,18.4,0.0
2022-01-13 16:00:00,7.2,86.0,160.0,0.580318,1018.8,9.4,24.1,0.0
2022-01-13 17:00:00,7.8,90.0,160.0,0.59199,1019.9,9.4,14.8,0.2
2022-01-13 18:00:00,7.8,86.0,160.0,0.587218,1020.9,10.0,20.5,0.0
2022-01-13 19:00:00,7.8,86.0,150.0,0.595562,1021.5,10.0,16.6,0.1
2022-01-13 20:00:00,8.3,89.0,150.0,0.575315,1021.9,10.0,20.5,0.3
2022-01-13 21:00:00,8.9,89.0,170.0,0.555752,1022.0,10.6,14.8,0.1
2022-01-13 22:00:00,8.9,89.0,160.0,0.546392,1022.6,10.6,16.6,0.0
2022-01-13 23:00:00,8.8,86.0,160.0,0.533529,1023.3,11.1,18.4,0.0
2022-01-14 00:00:00,8.8,86.0,150.0,0.563431,1024.7,11.1,13.0,0.0
2022-01-14 01:00:00,8.9,89.0,150.0,0.598762,1025.6,10.6,9.4,0.0
2022-01-14 02:00:00,8.9,89.0,160.0,0.601447,1026.6,10.6,9.4,0.0
2022-01-14 03:00:00,8.9,89.0,200.0,0.571955,1027.3,10.6,9.4,0.3
2022-01-14 04:00:00,8.9,93.0,200.0,0.540567,1028.1,10.0,9.4,0.0
2022-01-14 05:00:00,8.3,89.0,0.0,0.486203,1028.7,10.0,0.0,0.0
2022-01-14 06:00:00,8.3,93.0,0.0,0.453722,1029.2,9.4,0.0,0.0
2022-01-14 07:00:00,7.8,93.0,0.0,0.419568,1029.4,8.9,0.0,0.0
2022-01-14 08:00:00,8.3,96.0,0.0,0.397717,1029.9,8.9,0.0,0.0
2022-01-14 09:00:00,7.8,93.0,350.0,0.381942,1030.6,8.9,5.4,0.0
2022-01-14 10:00:00,8.3,96.0,0.0,0.382495,1031.4,8.9,0.0,0.0
2022-01-14 11:00:00,6.8,97.0,0.0,0.388047,1031.7,7.2,0.0,0.0
2022-01-14 12:00:00,7.2,93.0,0.0,0.41382,1031.7,8.3,0.0,0.0
2022-01-14 13:00:00,7.2,93.0,60.0,0.465165,1032.0,8.3,9.4,0.0
2022-01-14 14:00:00,6.7,93.0,310.0,0.501801,1031.6,7.8,7.6,0.0
2022-01-14 15:00:00,6.1,93.0,30.0,0.553665,1031.9,7.2,5.4,0.0
2022-01-14 16:00:00,6.1,93.0,50.0,0.557737,1032.0,7.2,5.4,0.0
2022-01-14 17:00:00,7.2,93.0,0.0,0.532407,1032.0,8.3,0.0,0.0
2022-01-14 18:00:00,7.8,93.0,310.0,0.502282,1031.9,8.9,5.4,0.0
2022-01-14 19:00:00,7.8,83.0,20.0,0.50052,1031.6,10.6,7.6,0.0
2022-01-14 20:00:00,8.3,89.0,110.0,0.521737,1031.0,10.0,9.4,0.0
2022-01-14 21:00:00,7.2,86.0,120.0,0.509815,1030.1,9.4,5.4,0.0
2022-01-14 22:00:00,7.2,83.0,0.0,0.427501,1030.0,10.0,0.0,0.0
2022-01-14 23:00:00,7.2,74.0,350.0,0.441974,1029.2,11.7,9.4,0.0
2022-01-15 00:00:00,7.2,74.0,30.0,0.49093,1029.1,11.7,7.6,0.0
2022-01-15 01:00:00,6.7,80.0,340.0,0.55557,1029.3,10.0,7.6,0.0
2022-01-15 02:00:00,6.1,86.0,10.0,0.564776,1028.9,8.3,5.4,0.0
2022-01-15 03:00:00,4.3,82.0,350.0,0.561616,1028.6,7.2,7.6,0.0
2022-01-15 04:00:00,5.1,93.0,0.0,0.555185,1028.0,6.1,0.0,0.0
2022-01-15 05:00:00,4.4,92.0,320.0,0.524271,1028.1,5.6,5.4,0.0
2022-01-15 06:00:00,4.0,93.0,350.0,0.499694,1028.0,5.0,7.6,0.0
2022-01-15 07:00:00,2.3,93.0,350.0,0.478117,1028.0,3.3,7.6,0.0
2022-01-15 08:00:00,2.2,100.0,0.0,0.456482,1027.9,2.2,0.0,0.0
2022-01-15 09:00:00,1.8,93.0,330.0,0.446589,1027.8,2.8,7.6,0.0
2022-01-15 10:00:00,0.7,97.0,260.0,0.442833,1027.7,1.1,7.6,0.0
2022-01-15 11:00:00,-0.6,92.0,260.0,0.459637,1028.0,0.6,9.4,0.0
2022-01-15 12:00:00,-0.6,92.0,0.0,0.498093,1028.0,0.6,0.0,0.0
2022-01-15 13:00:00,-0.6,96.0,0.0,0.515058,1027.6,0.0,0.0,0.0
2022-01-15 14:00:00,-0.6,92.0,0.0,0.578363,1027.7,0.6,0.0,0.0
2022-01-15 15:00:00,-0.6,96.0,300.0,0.641087,1028.4,0.0,5.4,0.0
2022-01-15 16:00:00,0.0,96.0,0.0,0.701902,1028.3,0.6,0.0,0.0
2022-01-15 17:00:00,0.0,96.0,0.0,0.70199,1028.5,0.6,0.0,0.0
2022-01-15 18:00:00,1.1,96.0,0.0,0.694341,1028.7,1.7,0.0,0.0
2022-01-15 19:00:00,1.8,97.0,0.0,0.652602,1028.6,2.2,0.0,0.0
2022-01-15 20:00:00,2.2,96.0,0.0,0.600838,1028.5,2.8,0.0,0.0
2022-01-15 21:00:00,2.9,97.0,0.0,0.560322,1028.0,3.3,0.0,0.0
2022-01-15 22:00:00,3.3,96.0,0.0,0.537647,1027.1,3.9,0.0,0.0
2022-01-15 23:00:00,3.3,89.0,0.0,0.564799,1026.6,5.0,0.0,0.0
2022-01-16 00:00:00,3.4,93.0,0.0,0.593092,1026.0,4.4,0.0,0.0
2022-01-16 01:00:00,3.3,96.0,0.0,0.639463,1026.4,3.9,0.0,0.0
2022-01-16 02:00:00,2.9,93.0,0.0,0.636974,1026.4,3.9,0.0,0.0
2022-01-16 03:00:00,2.9,97.0,0.0,0.625856,1026.4,3.3,0.0,0.0
2022-01-16 04:00:00,2.9,97.0,0.0,0.610232,1026.6,3.3,0.0,0.0
2022-01-16 05:00:00,2.9,97.0,0.0,0.577793,1026.5,3.3,0.0,0.0
2022-01-16 06:00:00,2.9,97.0,0.0,0.536768,1026.3,3.3,0.0,0.0
2022-01-16 07:00:00,2.3,93.0,0.0,0.500278,1026.2,3.3,0.0,0.0
2022-01-16 08:00:00,2.2,96.0,0.0,0.467893,1026.1,2.8,0.0,0.0
2022-01-16 09:00:00,1.8,93.0,0.0,0.451796,1025.7,2.8,0.0,0.0
2022-01-16 10:00:00,2.2,96.0,0.0,0.458211,1025.8,2.8,0.0,0.0
2022-01-16 11:00:00,2.2,96.0,0.0,0.464203,1025.3,2.8,0.0,0.0
2022-01-16 12:00:00,2.2,96.0,170.0,0.481246,1025.0,2.8,5.4,0.0
2022-01-16 13:00:00,2.2,96.0,0.0,0.513697,1024.9,2.8,0.0,0.0
2022-01-16 14:00:00,2.2,96.0,0.0,0.546045,1024.5,2.8,0.0,0.0
2022-01-16 15:00:00,2.2,96.0,340.0,0.60187,1024.4,2.8,5.4,0.0
2022-01-16 16:00:00,2.2,96.0,0.0,0.638289,1024.2,2.8,0.0,0.0
2022-01-16 17:00:00,1.8,93.0,0.0,0.679423,1024.3,2.8,0.0,0.0
2022-01-16 18:00:00,2.2,96.0,310.0,0.65041,1024.6,2.8,7.6,0.0
2022-01-16 19:00:00,2.3,93.0,0.0,0.596856,1023.9,3.3,0.0,0.0
2022-01-16 20:00:00,2.9,86.0,0.0,0.531687,1023.3,5.0,0.0,0.0
2022-01-16 21:00:00,3.3,82.0,340.0,0.441184,1022.5,6.1,7.6,0.0
2022-01-16 22:00:00,4.0,80.0,340.0,0.447241,1021.5,7.2,5.4,0.0
2022-01-16 23:00:00,4.3,82.0,340.0,0.516624,1020.8,7.2,5.4,0.0
2022-01-17 00:00:00,4.3,82.0,360.0,0.57745,1020.6,7.2,11.2,0.0
2022-01-17 01:00:00,4.4,85.0,0.0,0.631999,1020.6,6.7,0.0,0.0
2022-01-17 02:00:00,4.4,89.0,0.0,0.633229,1020.2,6.1,0.0,0.0
2022-01-17 03:00:00,4.4,92.0,330.0,0.617803,1019.9,5.6,5.4,0.0
2022-01-17 04:00:00,3.4,93.0,0.0,0.611155,1020.0,4.4,0.0,0.0
2022-01-17 05:00:00,2.9,97.0,0.0,0.575762,1019.8,3.3,0.0,0.0
2022-01-17 06:00:00,3.4,93.0,280.0,0.516133,1019.7,4.4,5.4,0.0
2022-01-17 07:00:00,3.4,93.0,0.0,0.476186,1019.6,4.4,0.0,0.0
2022-01-17 08:00:00,2.7,89.0,0.0,0.449461,1019.5,4.4,0.0,0.0
2022-01-17 09:00:00,3.3,96.0,260.0,0.441143,1019.4,3.9,5.4,0.0
2022-01-17 10:00:00,2.3,93.0,0.0,0.438285,1018.9,3.3,0.0,0.0
2022-01-17 11:00:00,2.9,97.0,280.0,0.446492,1019.1,3.3,7.6,0.0
2022-01-17 12:00:00,2.9,93.0,260.0,0.472967,1019.0,3.9,7.6,0.0
2022-01-17 13:00:00,3.3,96.0,230.0,0.528363,1018.7,3.9,5.4,0.0
2022-01-17 14:00:00,2.9,93.0,0.0,0.584552,1018.8,3.9,0.0,0.0
2022-01-17 15:00:00,2.9,93.0,0.0,0.631008,1018.9,3.9,0.0,0.0
2022-01-17 16:00:00,2.9,93.0,0.0,0.651646,1019.1,3.9,0.0,0.0
2022-01-17 17:00:00,2.9,97.0,0.0,0.651578,1019.5,3.3,0.0,0.0
2022-01-17 18:00:00,2.9,97.0,270.0,0.664657,1020.1,3.3,5.4,0.0
2022-01-17 19:00:00,2.9,97.0,230.0,0.668578,1020.1,3.3,5.4,0.0
2022-01-17 20:00:00,2.9,93.0,0.0,0.652669,1019.5,3.9,0.0,0.0
2022-01-17 21:00:00,2.9,93.0,0.0,0.647642,1019.1,3.9,0.0,0.0
2022-01-17 22:00:00,3.4,93.0,230.0,0.636323,1018.6,4.4,5.4,0.0
2022-01-17 23:00:00,3.4,93.0,260.0,0.630599,1018.6,4.4,7.6,0.0
2022-01-18 00:00:00,3.4,93.0,0.0,0.670858,1018.5,4.4,0.0,0.0
2022-01-18 01:00:00,2.9,93.0,240.0,0.719567,1018.4,3.9,5.4,0.0
2022-01-18 02:00:00,2.9,93.0,260.0,0.711868,1018.7,3.9,5.4,0.0
2022-01-18 03:00:00,3.3,96.0,0.0,0.694597,1018.8,3.9,0.0,0.0
2022-01-18 04:00:00,3.3,96.0,200.0,0.656237,1019.1,3.9,5.4,0.0
2022-01-18 05:00:00,3.3,96.0,0.0,0.581677,1019.1,3.9,0.0,0.0
2022-01-18 06:00:00,4.0,97.0,170.0,0.526282,1019.0,4.4,5.4,0.0
2022-01-18 07:00:00,3.3,96.0,160.0,0.485924,1019.1,3.9,9.4,0.0
2022-01-18 08:00:00,2.9,93.0,0.0,0.46078,1019.2,3.9,0.0,0.0
2022-01-18 09:00:00,2.9,93.0,0.0,0.447844,1019.4,3.9,0.0,0.0
2022-01-18 10:00:00,3.4,93.0,120.0,0.455166,1019.6,4.4,7.6,0.5
2022-01-18 11:00:00,3.4,93.0,0.0,0.452199,1019.9,4.4,0.0,0.2
2022-01-18 12:00:00,3.4,93.0,188.0,0.491464,1019.8,4.4,12.6,0.0
2022-01-18 13:00:00,3.4,93.0,0.0,0.552705,1020.1,4.4,0.0,0.0
2022-01-18 14:00:00,4.0,93.0,0.0,0.629889,1020.3,5.0,0.0,0.2
2022-01-18 15:00:00,4.0,93.0,0.0,0.651265,1020.9,5.0,0.0,0.0
2022-01-18 16:00:00,4.0,93.0,330.0,0.647202,1020.8,5.0,5.4,0.1
2022-01-18 17:00:00,4.0,93.0,340.0,0.618562,1021.0,5.0,7.6,0.0
2022-01-18 18:00:00,4.4,96.0,0.0,0.611022,1021.6,5.0,0.0,0.0
2022-01-18 19:00:00,5.0,96.0,0.0,0.596458,1021.9,5.6,0.0,0.0
2022-01-18 20:00:00,5.1,93.0,0.0,0.586303,1021.6,6.1,0.0,0.0
2022-01-18 21:00:00,6.1,93.0,0.0,0.579904,1021.3,7.2,0.0,0.0
2022-01-18 22:00:00,6.1,89.0,0.0,0.558704,1021.3,7.8,0.0,0.0
2022-01-18 23:00:00,6.7,86.0,0.0,0.568252,1021.4,8.9,0.0,0.0
2022-01-19 00:00:00,7.2,89.0,360.0,0.597487,1022.2,8.9,5.4,0.5
2022-01-19 01:00:00,7.2,93.0,0.0,0.63851,1022.3,8.3,0.0,0.3
2022-01-19 02:00:00,6.1,93.0,340.0,0.643956,1022.3,7.2,7.6,0.5
2022-01-19 03:00:00,6.1,93.0,340.0,0.610157,1022.8,7.2,7.6,0.0
2022-01-19 04:00:00,6.1,93.0,0.0,0.574214,1023.0,7.2,0.0,0.0
2022-01-19 05:00:00,6.8,97.0,0.0,0.533266,1023.3,7.2,0.0,0.0
2022-01-19 06:00:00,6.8,97.0,330.0,0.471749,1024.0,7.2,6.0,0.0
2022-01-19 07:00:00,6.8,97.0,0.0,0.418054,1023.9,7.2,0.0,0.0
2022-01-19 08:00:00,6.1,93.0,0.0,0.404099,1023.9,7.2,0.0,0.0
2022-01-19 09:00:00,6.1,93.0,350.0,0.39408,1024.3,7.2,5.4,0.0
2022-01-19 10:00:00,6.1,93.0,340.0,0.393958,1024.1,7.2,7.6,0.0
2022-01-19 11:00:00,6.1,93.0,0.0,0.398718,1025.0,7.2,0.0,0.0
2022-01-19 12:00:00,6.1,93.0,10.0,0.417478,1024.9,7.2,5.4,0.1
2022-01-19 13:00:00,6.1,93.0,330.0,0.482151,1024.9,7.2,5.4,0.3
2022-01-19 14:00:00,6.1,93.0,360.0,0.548798,1025.1,7.2,5.4,0.3
2022-01-19 15:00:00,6.8,97.0,0.0,0.589606,1025.5,7.2,0.0,0.5
2022-01-19 16:00:00,6.8,97.0,0.0,0.594731,1025.9,7.2,0.0,0.8
2022-01-19 17:00:00,6.7,93.0,0.0,0.596369,1026.2,7.8,0.0,1.0
2022-01-19 18:00:00,7.2,93.0,0.0,0.574944,1026.8,8.3,0.0,0.3
2022-01-19 19:00:00,7.2,89.0,0.0,0.568976,1026.0,8.9,0.0,0.3
2022-01-19 20:00:00,7.8,90.0,0.0,0.575408,1026.4,9.4,0.0,0.0
2022-01-19 21:00:00,8.9,93.0,0.0,0.554085,1025.8,10.0,0.0,0.0
2022-01-19 22:00:00,8.9,89.0,0.0,0.540615,1025.4,10.6,0.0,0.0
2022-01-19 23:00:00,9.4,89.0,0.0,0.539728,1025.5,11.1,0.0,0.0
2022-01-20 00:00:00,10.0,93.0,0.0,0.570596,1025.5,11.1,0.0,0.0
2022-01-20 01:00:00,9.9,89.0,150.0,0.591538,1025.5,11.7,13.0,0.0
2022-01-20 02:00:00,9.9,89.0,160.0,0.605004,1025.9,11.7,11.2,0.0
2022-01-20 03:00:00,10.0,93.0,160.0,0.590747,1025.9,11.1,7.6,0.0
2022-01-20 04:00:00,10.0,93.0,0.0,0.55732,1026.0,11.1,0.0,0.5
2022-01-20 05:00:00,10.0,93.0,0.0,0.502562,1026.3,11.1,0.0,0.1
2022-01-20 06:00:00,9.9,89.0,210.0,0.446935,1026.5,11.7,14.8,0.2
2022-01-20 07:00:00,10.6,93.0,210.0,0.395557,1026.7,11.7,13.0,0.1
2022-01-20 08:00:00,10.6,93.0,210.0,0.368565,1026.6,11.7,13.0,0.0
2022-01-20 09:00:00,10.6,93.0,210.0,0.354077,1026.8,11.7,9.4,0.3
2022-01-20 10:00:00,10.6,93.0,190.0,0.344222,1026.6,11.7,7.6,0.1
2022-01-20 11:00:00,10.6,90.0,0.0,0.345425,1026.6,12.2,0.0,0.0
2022-01-20 12:00:00,10.6,90.0,210.0,0.372448,1026.4,12.2,11.2,0.3
2022-01-20 13:00:00,10.7,87.0,220.0,0.414667,1026.6,12.8,16.6,0.0
2022-01-20 14:00:00,9.9,86.0,220.0,0.485195,1025.9,12.2,14.8,0.0
2022-01-20 15:00:00,10.7,87.0,200.0,0.526553,1025.8,12.8,16.6,0.0
2022-01-20 16:00:00,10.6,93.0,200.0,0.525577,1026.1,11.7,9.4,0.5
2022-01-20 17:00:00,9.9,86.0,220.0,0.526592,1026.7,12.2,20.5,0.3
2022-01-20 18:00:00,9.4,83.0,210.0,0.521747,1027.2,12.2,16.6,0.0
2022-01-20 19:00:00,9.4,80.0,220.0,0.462031,1027.6,12.8,24.1,0.0
2022-01-20 20:00:00,9.9,80.0,240.0,0.374294,1027.7,13.3,16.6,0.0
2022-01-20 21:00:00,9.0,75.0,250.0,0.381561,1027.8,13.3,22.3,0.0
2022-01-20 22:00:00,8.3,77.0,240.0,0.387356,1028.2,12.2,22.3,0.0
2022-01-20 23:00:00,7.8,77.0,220.0,0.417369,1028.9,11.7,16.6,0.0
2022-01-21 00:00:00,5.0,66.0,250.0,0.496867,1029.5,11.1,25.9,0.0
2022-01-21 01:00:00,5.0,74.0,260.0,0.572842,1030.0,9.4,18.4,0.0
2022-01-21 02:00:00,4.4,79.0,250.0,0.595854,1030.8,7.8,13.0,0.0
2022-01-21 03:00:00,4.3,82.0,240.0,0.575223,1031.2,7.2,11.2,0.0
2022-01-21 04:00:00,3.9,86.0,240.0,0.560158,1032.0,6.1,16.6,0.0
2022-01-21 05:00:00,2.7,89.0,250.0,0.516115,1031.6,4.4,11.2,0.0
2022-01-21 06:00:00,2.7,89.0,250.0,0.476125,1032.5,4.4,5.4,0.0
2022-01-21 07:00:00,2.9,97.0,240.0,0.451389,1032.9,3.3,9.4,0.0
2022-01-21 08:00:00,3.3,89.0,0.0,0.433652,1033.8,5.0,0.0,0.0
2022-01-21 09:00:00,2.9,97.0,0.0,0.42855,1034.3,3.3,0.0,0.0
2022-01-21 10:00:00,2.3,89.0,0.0,0.443161,1034.4,3.9,0.0,0.0
2022-01-21 11:00:00,1.1,96.0,0.0,0.464377,1035.4,1.7,0.0,0.0
2022-01-21 12:00:00,-0.6,92.0,0.0,0.496322,1036.0,0.6,0.0,0.0
2022-01-21 13:00:00,0.0,96.0,0.0,0.560315,1035.7,0.6,0.0,0.0
2022-01-21 14:00:00,-0.6,96.0,0.0,0.645529,1035.5,0.0,0.0,0.0
2022-01-21 15:00:00,0.7,97.0,0.0,0.69751,1036.0,1.1,0.0,0.0
2022-01-21 16:00:00,0.7,97.0,0.0,0.662395,1036.2,1.1,0.0,0.0
2022-01-21 17:00:00,2.3,93.0,320.0,0.662501,1037.2,3.3,7.6,0.0
2022-01-21 18:00:00,3.4,93.0,320.0,0.554782,1037.4,4.4,7.6,0.0
2022-01-21 19:00:00,5.1,77.0,360.0,0.472275,1037.7,8.9,9.4,0.0
2022-01-21 20:00:00,4.4,71.0,20.0,0.530373,1037.3,9.4,9.4,0.0
2022-01-21 21:00:00,4.3,73.0,50.0,0.530732,1036.8,8.9,11.2,0.0
2022-01-21 22:00:00,3.9,74.0,20.0,0.466255,1036.0,8.3,13.0,0.0
2022-01-21 23:00:00,3.9,71.0,40.0,0.475374,1035.8,8.9,9.4,0.0
2022-01-22 00:00:00,3.9,74.0,40.0,0.555282,1035.7,8.3,9.4,0.0
2022-01-22 01:00:00,3.3,76.0,90.0,0.611896,1035.8,7.2,5.4,0.0
2022-01-22 02:00:00,3.3,85.0,0.0,0.610839,1035.6,5.6,0.0,0.0
2022-01-22 03:00:00,3.9,86.0,0.0,0.594569,1035.6,6.1,0.0,0.0
2022-01-22 04:00:00,4.4,89.0,0.0,0.579965,1035.2,6.1,0.0,0.0
2022-01-22 05:00:00,4.0,80.0,0.0,0.531092,1034.9,7.2,0.0,0.0
2022-01-22 06:00:00,3.8,82.0,360.0,0.489592,1034.8,6.7,5.4,0.0
2022-01-22 07:00:00,3.9,86.0,360.0,0.449923,1034.5,6.1,5.4,0.0
2022-01-22 08:00:00,3.9,89.0,320.0,0.412374,1034.3,5.6,5.4,0.0
2022-01-22 09:00:00,3.3,85.0,350.0,0.398606,1034.1,5.6,9.4,0.0
2022-01-22 10:00:00,3.3,89.0,330.0,0.403739,1034.1,5.0,13.0,0.0
2022-01-22 11:00:00,2.9,86.0,330.0,0.409216,1034.1,5.0,11.2,0.0
2022-01-22 12:00:00,2.9,86.0,340.0,0.429916,1033.6,5.0,11.2,0.0
2022-01-22 13:00:00,2.9,86.0,340.0,0.472516,1033.5,5.0,16.6,0.0
2022-01-22 14:00:00,2.9,86.0,330.0,0.513599,1033.0,5.0,11.2,0.0
2022-01-22 15:00:00,2.9,86.0,340.0,0.551786,1033.2,5.0,9.4,0.0
2022-01-22 16:00:00,2.2,82.0,20.0,0.597183,1033.3,5.0,9.4,0.0
2022-01-22 17:00:00,2.2,79.0,40.0,0.627813,1033.4,5.6,7.6,0.0
2022-01-22 18:00:00,2.2,79.0,40.0,0.639306,1033.3,5.6,7.6,0.0
2022-01-22 19:00:00,2.2,79.0,330.0,0.617096,1033.0,5.6,9.4,0.0
2022-01-22 20:00:00,2.7,79.0,350.0,0.563945,1032.1,6.1,9.4,0.0
2022-01-22 21:00:00,2.8,76.0,320.0,0.411563,1031.2,6.7,9.4,0.0
2022-01-22 22:00:00,3.3,71.0,350.0,0.401717,1030.4,8.3,13.0,0.0
2022-01-22 23:00:00,3.4,66.0,360.0,0.458534,1030.0,9.4,11.2,0.0
2022-01-23 00:00:00,3.9,66.0,350.0,0.50695,1029.6,10.0,7.6,0.0
2022-01-23 01:00:00,3.3,68.0,350.0,0.579614,1029.4,8.9,7.6,0.0
2022-01-23 02:00:00,2.3,71.0,350.0,0.59163,1029.2,7.2,9.4,0.0
2022-01-23 03:00:00,2.2,79.0,360.0,0.586102,1028.8,5.6,5.4,0.0
2022-01-23 04:00:00,2.2,82.0,0.0,0.579968,1028.7,5.0,0.0,0.0
2022-01-23 05:00:00,1.8,86.0,0.0,0.555148,1028.7,3.9,0.0,0.0
2022-01-23 06:00:00,0.1,89.0,310.0,0.539018,1028.7,1.7,7.6,0.0
2022-01-23 07:00:00,0.6,89.0,0.0,0.506463,1028.8,2.2,0.0,0.0
2022-01-23 08:00:00,-0.6,92.0,0.0,0.492112,1029.0,0.6,0.0,0.0
2022-01-23 09:00:00,-1.1,92.0,0.0,0.494561,1028.8,0.0,0.0,0.0
2022-01-23 10:00:00,-2.2,92.0,250.0,0.486815,1028.7,-1.1,7.6,0.0
2022-01-23 11:00:00,-1.8,88.0,0.0,0.504593,1028.6,0.0,0.0,0.0
2022-01-23 12:00:00,-1.7,92.0,0.0,0.535766,1028.2,-0.6,0.0,0.0
2022-01-23 13:00:00,-2.2,92.0,0.0,0.569595,1027.9,-1.1,0.0,0.0
2022-01-23 14:00:00,-2.2,92.0,0.0,0.631269,1027.8,-1.1,0.0,0.0
2022-01-23 15:00:00,-2.8,92.0,0.0,0.684429,1028.1,-1.7,0.0,0.0
2022-01-23 16:00:00,-3.3,89.0,0.0,0.709496,1028.3,-1.7,0.0,0.0
2022-01-23 17:00:00,-1.2,96.0,0.0,0.672371,1028.4,-0.6,0.0,0.0
2022-01-23 18:00:00,1.2,89.0,0.0,0.55179,1028.2,2.8,0.0,0.0
2022-01-23 19:00:00,2.8,82.0,0.0,0.479364,1028.2,5.6,0.0,0.0
2022-01-23 20:00:00,2.2,73.0,170.0,0.433753,1027.5,6.7,5.4,0.0
2022-01-23 21:00:00,2.1,65.0,120.0,0.404556,1026.7,8.3,5.4,0.0
2022-01-23 22:00:00,2.8,61.0,0.0,0.418675,1026.0,10.0,0.0,0.0
2022-01-23 23:00:00,3.4,61.0,0.0,0.500272,1025.7,10.6,0.0,0.0
2022-01-24 00:00:00,3.9,66.0,110.0,0.554182,1025.6,10.0,7.6,0.0
2022-01-24 01:00:00,2.7,68.0,100.0,0.63803,1025.5,8.3,5.4,0.0
2022-01-24 02:00:00,2.7,79.0,270.0,0.670568,1025.6,6.1,5.4,0.0
2022-01-24 03:00:00,2.3,89.0,0.0,0.682898,1025.7,3.9,0.0,0.0
2022-01-24 04:00:00,2.2,96.0,290.0,0.657626,1026.2,2.8,5.4,0.0
2022-01-24 05:00:00,0.5,92.0,0.0,0.609524,1026.2,1.7,0.0,0.0
2022-01-24 06:00:00,-0.1,92.0,0.0,0.56651,1026.2,1.1,0.0,0.0
2022-01-24 07:00:00,-1.7,92.0,250.0,0.523411,1026.2,-0.6,5.4,0.0
2022-01-24 08:00:00,-1.2,96.0,240.0,0.510027,1026.1,-0.6,5.4,0.0
2022-01-24 09:00:00,-1.2,96.0,230.0,0.514754,1025.9,-0.6,5.4,0.0
2022-01-24 10:00:00,-1.2,96.0,210.0,0.516519,1025.8,-0.6,5.4,0.0
2022-01-24 11:00:00,-0.6,96.0,0.0,0.532812,1026.0,0.0,0.0,0.0
2022-01-24 12:00:00,0.0,96.0,0.0,0.572008,1025.3,0.6,0.0,0.0
2022-01-24 13:00:00,0.0,96.0,0.0,0.636509,1025.3,0.6,0.0,0.0
2022-01-24 14:00:00,-0.6,96.0,0.0,0.74514,1025.2,0.0,0.0,0.0
2022-01-24 15:00:00,-0.6,96.0,0.0,0.773287,1025.4,0.0,0.0,0.0
2022-01-24 16:00:00,-0.6,92.0,0.0,0.753273,1025.5,0.6,0.0,0.0
2022-01-24 17:00:00,-0.6,92.0,0.0,0.750695,1025.8,0.6,0.0,0.0
2022-01-24 18:00:00,0.0,96.0,0.0,0.724991,1026.2,0.6,0.0,0.0
2022-01-24 19:00:00,0.6,100.0,0.0,0.728752,1026.4,0.6,0.0,0.0
2022-01-24 20:00:00,0.7,97.0,0.0,0.712336,1025.6,1.1,0.0,0.0
2022-01-24 21:00:00,0.5,92.0,0.0,0.689447,1024.9,1.7,0.0,0.0
2022-01-24 22:00:00,1.0,92.0,0.0,0.662028,1024.3,2.2,0.0,0.0
2022-01-24 23:00:00,1.0,92.0,90.0,0.660328,1024.2,2.2,5.4,0.0
2022-01-25 00:00:00,1.8,93.0,10.0,0.698979,1024.2,2.8,7.6,0.0
2022-01-25 01:00:00,2.3,93.0,330.0,0.753337,1024.0,3.3,7.6,0.0
2022-01-25 02:00:00,2.3,93.0,290.0,0.752613,1024.3,3.3,7.6,0.0
2022-01-25 03:00:00,2.2,96.0,0.0,0.735917,1024.8,2.8,0.0,0.0
2022-01-25 04:00:00,2.2,96.0,340.0,0.694138,1024.8,2.8,7.6,0.0
2022-01-25 05:00:00,2.2,96.0,330.0,0.646618,1024.9,2.8,11.2,0.0
2022-01-25 06:00:00,1.1,96.0,330.0,0.573278,1025.3,1.7,7.6,0.0
2022-01-25 07:00:00,-0.6,92.0,10.0,0.533113,1025.5,0.6,7.6,0.0
2022-01-25 08:00:00,-1.1,92.0,340.0,0.526388,1025.7,0.0,7.6,0.0
2022-01-25 09:00:00,-2.2,92.0,0.0,0.531515,1025.6,-1.1,0.0,0.0
2022-01-25 10:00:00,-2.8,88.0,0.0,0.531623,1025.9,-1.1,0.0,0.0
2022-01-25 11:00:00,-2.8,88.0,0.0,0.558222,1026.0,-1.1,0.0,0.0
2022-01-25 12:00:00,-2.8,88.0,0.0,0.60738,1025.6,-1.1,0.0,0.0
2022-01-25 13:00:00,-2.8,88.0,360.0,0.690208,1025.6,-1.1,5.4,0.0
2022-01-25 14:00:00,-2.8,92.0,0.0,0.793421,1025.4,-1.7,0.0,0.0
2022-01-25 15:00:00,-3.3,92.0,130.0,0.819183,1025.6,-2.2,5.4,0.0
2022-01-25 16:00:00,-3.9,88.0,0.0,0.769097,1025.7,-2.2,0.0,0.0
2022-01-25 17:00:00,0.0,96.0,360.0,0.675223,1025.8,0.6,7.6,0.0
2022-01-25 18:00:00,0.6,70.0,350.0,0.543045,1025.9,5.6,13.0,0.0
2022-01-25 19:00:00,0.6,63.0,330.0,0.468823,1025.8,7.2,16.6,0.0
2022-01-25 20:00:00,0.1,54.0,350.0,0.418147,1025.1,8.9,13.0,0.0
2022-01-25 21:00:00,0.6,52.0,350.0,0.40362,1024.1,10.0,13.0,0.0
2022-01-25 22:00:00,1.1,50.0,340.0,0.390621,1023.4,11.1,13.0,0.0
2022-01-25 23:00:00,1.6,50.0,10.0,0.434457,1022.7,11.7,11.2,0.0
2022-01-26 00:00:00,1.1,50.0,350.0,0.513288,1022.5,11.1,11.2,0.0
2022-01-26 01:00:00,1.1,58.0,350.0,0.618021,1022.0,8.9,9.4,0.0
2022-01-26 02:00:00,0.6,63.0,40.0,0.66552,1021.8,7.2,5.4,0.0
2022-01-26 03:00:00,0.0,67.0,0.0,0.677486,1021.6,5.6,0.0,0.0
2022-01-26 04:00:00,-0.5,76.0,30.0,0.653175,1021.9,3.3,5.4,0.0
2022-01-26 05:00:00,-1.2,88.0,0.0,0.621515,1022.2,0.6,0.0,0.0
2022-01-26 06:00:00,-1.8,88.0,0.0,0.560957,1022.4,0.0,0.0,0.0
2022-01-26 07:00:00,-1.1,85.0,0.0,0.525226,1022.5,1.1,0.0,0.0
2022-01-26 08:00:00,-3.3,89.0,0.0,0.529662,1022.7,-1.7,0.0,0.0
2022-01-26 09:00:00,-3.3,92.0,0.0,0.549233,1022.6,-2.2,0.0,0.0
2022-01-26 10:00:00,-3.3,89.0,0.0,0.552806,1022.7,-1.7,0.0,0.0
2022-01-26 11:00:00,-4.4,92.0,0.0,0.58184,1022.7,-3.3,0.0,0.0
2022-01-26 12:00:00,-3.9,88.0,0.0,0.634695,1022.7,-2.2,0.0,0.0
2022-01-26 13:00:00,-3.9,88.0,0.0,0.727642,1022.9,-2.2,0.0,0.0
2022-01-26 14:00:00,-4.4,92.0,0.0,0.82683,1023.1,-3.3,0.0,0.0
2022-01-26 15:00:00,-5.0,88.0,0.0,0.87072,1023.5,-3.3,0.0,0.0
2022-01-26 16:00:00,-5.0,92.0,260.0,0.813434,1024.1,-3.9,5.4,0.0
2022-01-26 17:00:00,-2.2,92.0,0.0,0.685793,1024.5,-1.1,0.0,0.0
2022-01-26 18:00:00,-0.6,85.0,0.0,0.572787,1024.9,1.7,0.0,0.0
2022-01-26 19:00:00,0.0,70.0,350.0,0.489791,1025.3,5.0,5.4,0.0
2022-01-26 20:00:00,-0.5,58.0,0.0,0.447955,1024.9,7.2,0.0,0.0
2022-01-26 21:00:00,-0.5,54.0,330.0,0.414714,1024.1,8.3,11.2,0.0
2022-01-26 22:00:00,-0.7,51.0,340.0,0.4351,1023.8,8.9,9.4,0.0
2022-01-26 23:00:00,-0.5,48.0,360.0,0.489969,1023.8,10.0,9.4,0.0
2022-01-27 00:00:00,0.0,48.0,340.0,0.570188,1024.1,10.6,11.2,0.0
2022-01-27 01:00:00,-0.1,60.0,40.0,0.652192,1024.3,7.2,9.4,0.0
2022-01-27 02:00:00,-1.8,59.0,70.0,0.687606,1024.4,5.6,9.4,0.0
2022-01-27 03:00:00,-1.7,70.0,0.0,0.687151,1024.8,3.3,0.0,0.0
2022-01-27 04:00:00,-1.7,72.0,10.0,0.684403,1025.2,2.8,7.6,0.0
2022-01-27 05:00:00,-1.7,78.0,360.0,0.629739,1025.4,1.7,5.4,0.0
2022-01-27 06:00:00,-1.6,82.0,0.0,0.579865,1025.9,1.1,0.0,0.0
2022-01-27 07:00:00,-2.8,85.0,360.0,0.538711,1026.3,-0.6,5.4,0.0
2022-01-27 08:00:00,-2.2,85.0,350.0,0.531557,1026.7,0.0,7.6,0.0
2022-01-27 09:00:00,-2.1,82.0,360.0,0.522661,1026.7,0.6,9.4,0.0
2022-01-27 10:00:00,-3.3,75.0,10.0,0.530743,1026.9,0.6,13.0,0.0
2022-01-27 11:00:00,-3.3,75.0,10.0,0.552596,1027.2,0.6,11.2,0.0
2022-01-27 12:00:00,-2.8,78.0,360.0,0.586442,1027.2,0.6,14.8,0.0
2022-01-27 13:00:00,-3.2,73.0,360.0,0.659407,1027.5,1.1,14.8,0.0
2022-01-27 14:00:00,-3.3,67.0,350.0,0.765163,1027.7,2.2,16.6,0.0
2022-01-27 15:00:00,-3.4,69.0,360.0,0.790629,1028.3,1.7,13.0,0.0
2022-01-27 16:00:00,-3.3,67.0,350.0,0.726768,1028.8,2.2,13.0,0.0
2022-01-27 17:00:00,-2.9,64.0,360.0,0.620341,1029.0,3.3,13.0,0.0
2022-01-27 18:00:00,-2.8,57.0,360.0,0.51219,1029.3,5.0,16.6,0.0
2022-01-27 19:00:00,-2.2,53.0,350.0,0.453895,1029.4,6.7,16.6,0.0
2022-01-27 20:00:00,-1.7,51.0,340.0,0.403391,1028.8,7.8,16.6,0.0
2022-01-27 21:00:00,-1.1,48.0,340.0,0.384291,1028.3,9.4,18.4,0.0
2022-01-27 22:00:00,-1.2,44.0,350.0,0.397604,1027.7,10.6,18.4,0.0
2022-01-27 23:00:00,-1.2,44.0,340.0,0.456995,1027.5,10.6,16.6,0.0
2022-01-28 00:00:00,-1.1,46.0,350.0,0.529607,1027.8,10.0,16.6,0.0
2022-01-28 01:00:00,-1.7,51.0,360.0,0.607253,1027.9,7.8,9.4,0.0
2022-01-28 02:00:00,-2.1,60.0,10.0,0.656883,1027.9,5.0,9.4,0.0
2022-01-28 03:00:00,-2.7,67.0,350.0,0.655924,1028.0,2.8,11.2,0.0
2022-01-28 04:00:00,-3.3,64.0,350.0,0.645159,1028.4,2.8,14.8,0.0
2022-01-28 05:00:00,-3.2,73.0,340.0,0.599695,1028.5,1.1,11.2,0.0
2022-01-28 06:00:00,-3.3,67.0,340.0,0.540291,1028.5,2.2,14.8,0.0
2022-01-28 07:00:00,-4.0,66.0,350.0,0.519212,1028.7,1.7,11.2,0.0
2022-01-28 08:00:00,-4.0,69.0,350.0,0.503852,1028.9,1.1,11.2,0.0
2022-01-28 09:00:00,-4.4,69.0,340.0,0.513374,1028.7,0.6,13.0,0.0
2022-01-28 10:00:00,-3.9,72.0,360.0,0.51829,1028.4,0.6,9.4,0.0
2022-01-28 11:00:00,-4.4,72.0,360.0,0.536251,1028.4,0.0,9.4,0.0
2022-01-28 12:00:00,-4.4,69.0,350.0,0.565057,1028.3,0.6,11.2,0.0
2022-01-28 13:00:00,-4.4,72.0,10.0,0.632373,1028.2,0.0,7.6,0.0
2022-01-28 14:00:00,-4.4,78.0,360.0,0.720256,1028.4,-1.1,9.4,0.0
2022-01-28 15:00:00,-5.0,75.0,340.0,0.778491,1028.6,-1.1,7.6,0.0
2022-01-28 16:00:00,-4.4,82.0,330.0,0.741731,1029.0,-1.7,5.4,0.0
2022-01-28 17:00:00,-2.7,70.0,10.0,0.674919,1029.5,2.2,5.4,0.0
2022-01-28 18:00:00,-2.7,60.0,360.0,0.542727,1029.6,4.4,7.6,0.0
2022-01-28 19:00:00,-2.8,53.0,8.0,0.45399,1029.7,6.1,5.4,0.0
2022-01-28 20:00:00,-2.3,51.0,0.0,0.419468,1028.9,7.2,0.0,0.0
2022-01-28 21:00:00,-1.8,47.0,40.0,0.391978,1027.9,8.9,7.6,0.0
2022-01-28 22:00:00,-1.8,47.0,0.0,0.397968,1026.9,8.9,0.0,0.0
2022-01-28 23:00:00,-0.5,50.0,0.0,0.442731,1026.0,9.4,0.0,0.0
2022-01-29 00:00:00,0.0,52.0,120.0,0.520369,1025.9,9.4,5.4,0.0
2022-01-29 01:00:00,0.0,56.0,0.0,0.588943,1025.5,8.3,0.0,0.0
2022-01-29 02:00:00,0.0,65.0,0.0,0.621952,1025.4,6.1,0.0,0.0
2022-01-29 03:00:00,-1.0,76.0,0.0,0.636687,1025.5,2.8,0.0,0.0
2022-01-29 04:00:00,-1.8,75.0,350.0,0.628083,1025.9,2.2,5.4,0.0
2022-01-29 05:00:00,-1.7,78.0,0.0,0.595466,1026.0,1.7,0.0,0.0
2022-01-29 06:00:00,-2.2,85.0,0.0,0.553326,1026.2,0.0,0.0,0.0
2022-01-29 07:00:00,-2.2,89.0,0.0,0.533848,1026.6,-0.6,0.0,0.0
2022-01-29 08:00:00,-2.8,85.0,0.0,0.52381,1026.3,-0.6,0.0,0.0
2022-01-29 09:00:00,-3.3,85.0,0.0,0.528506,1025.9,-1.1,0.0,0.0
2022-01-29 10:00:00,-3.9,88.0,0.0,0.532045,1025.6,-2.2,0.0,0.0
2022-01-29 11:00:00,-3.9,88.0,0.0,0.557016,1025.6,-2.2,0.0,0.0
2022-01-29 12:00:00,-4.4,89.0,0.0,0.596438,1025.7,-2.8,0.0,0.0
2022-01-29 13:00:00,-5.0,92.0,0.0,0.656053,1025.8,-3.9,0.0,0.0
2022-01-29 14:00:00,-5.6,88.0,0.0,0.717124,1025.9,-3.9,0.0,0.0
2022-01-29 15:00:00,-5.0,92.0,0.0,0.783451,1025.9,-3.9,0.0,0.0
2022-01-29 16:00:00,-5.0,88.0,0.0,0.814521,1026.2,-3.3,0.0,0.0
2022-01-29 17:00:00,-2.2,89.0,0.0,0.72415,1026.2,-0.6,0.0,0.0
2022-01-29 18:00:00,-1.0,82.0,0.0,0.606911,1026.4,1.7,0.0,0.0
2022-01-29 19:00:00,-0.5,73.0,0.0,0.537243,1026.4,3.9,0.0,0.0
2022-01-29 20:00:00,-1.0,65.0,0.0,0.45599,1025.8,5.0,0.0,0.0
2022-01-29 21:00:00,-0.5,60.0,0.0,0.428632,1025.1,6.7,0.0,0.0
2022-01-29 22:00:00,0.0,58.0,150.0,0.436571,1024.3,7.8,7.6,0.0
2022-01-29 23:00:00,0.5,58.0,110.0,0.470719,1023.8,8.3,7.6,0.0
2022-01-30 00:00:00,1.2,61.0,0.0,0.540899,1023.4,8.3,0.0,0.0
2022-01-30 01:00:00,1.2,68.0,0.0,0.59674,1023.4,6.7,0.0,0.0
2022-01-30 02:00:00,0.6,70.0,0.0,0.622746,1023.3,5.6,0.0,0.0
2022-01-30 03:00:00,-0.1,85.0,0.0,0.619483,1023.6,2.2,0.0,0.0
2022-01-30 04:00:00,-1.6,85.0,0.0,0.609362,1023.6,0.6,0.0,0.0
2022-01-30 05:00:00,-1.2,88.0,240.0,0.589653,1023.5,0.6,5.4,0.0
2022-01-30 06:00:00,-1.8,88.0,310.0,0.569663,1024.1,0.0,5.4,0.0
2022-01-30 07:00:00,-1.8,88.0,280.0,0.538082,1024.2,0.0,5.4,0.0
2022-01-30 08:00:00,-2.8,88.0,0.0,0.515663,1023.3,-1.1,0.0,0.0
2022-01-30 09:00:00,-1.7,92.0,320.0,0.503761,1023.3,-0.6,5.4,0.0
2022-01-30 10:00:00,-1.7,92.0,190.0,0.504612,1023.2,-0.6,7.6,0.0
2022-01-30 11:00:00,-0.1,92.0,300.0,0.501742,1023.4,1.1,11.2,0.0
2022-01-30 12:00:00,-0.7,88.0,0.0,0.524054,1023.2,1.1,0.0,0.0
2022-01-30 13:00:00,-0.7,88.0,0.0,0.55667,1022.7,1.1,0.0,0.0
2022-01-30 14:00:00,-0.6,92.0,0.0,0.596865,1022.5,0.6,0.0,0.0
2022-01-30 15:00:00,-1.1,92.0,0.0,0.677857,1022.3,0.0,0.0,0.0
2022-01-30 16:00:00,-1.7,92.0,0.0,0.726217,1022.2,-0.6,0.0,0.0
2022-01-30 17:00:00,-0.1,92.0,0.0,0.689091,1022.0,1.1,0.0,0.0
2022-01-30 18:00:00,0.7,83.0,270.0,0.623599,1022.3,3.3,5.4,0.0
2022-01-30 19:00:00,1.7,79.0,170.0,0.597472,1021.7,5.0,5.4,0.0
2022-01-30 20:00:00,2.2,79.0,130.0,0.626076,1020.7,5.6,5.4,0.0
2022-01-30 21:00:00,3.3,76.0,200.0,0.620188,1019.7,7.2,7.6,0.0
2022-01-30 22:00:00,3.8,76.0,250.0,0.610556,1018.2,7.8,5.4,0.0
2022-01-30 23:00:00,6.2,77.0,160.0,0.602138,1016.6,10.0,27.7,0.0
2022-01-31 00:00:00,6.7,77.0,180.0,0.642035,1015.5,10.6,25.9,0.5
2022-01-31 01:00:00,7.8,86.0,190.0,0.669789,1015.7,10.0,22.3,3.6
2022-01-31 02:00:00,5.6,80.0,250.0,0.661363,1017.3,8.9,24.1,2.3
2022-01-31 03:00:00,4.3,82.0,250.0,0.653232,1018.4,7.2,20.5,0.0
2022-01-31 04:00:00,3.3,82.0,230.0,0.612043,1019.9,6.1,16.6,0.0
2022-01-31 05:00:00,3.9,89.0,230.0,0.564217,1021.0,5.6,18.4,0.4
2022-01-31 06:00:00,2.3,89.0,220.0,0.514272,1022.2,3.9,11.2,0.0
2022-01-31 07:00:00,2.2,82.0,250.0,0.470371,1023.5,5.0,20.5,0.1
2022-01-31 08:00:00,1.8,86.0,230.0,0.455922,1024.1,3.9,18.4,0.0
2022-01-31 09:00:00,2.3,86.0,220.0,0.448903,1024.8,4.4,18.4,0.0
2022-01-31 10:00:00,1.2,86.0,210.0,0.452147,1025.4,3.3,14.8,0.0
2022-01-31 11:00:00,1.8,86.0,220.0,0.468604,1027.0,3.9,16.6,0.0
2022-01-31 12:00:00,0.6,89.0,200.0,0.512784,1026.9,2.2,13.0,0.0
2022-01-31 13:00:00,0.5,92.0,200.0,0.578839,1027.3,1.7,7.6,0.0
2022-01-31 14:00:00,0.6,89.0,190.0,0.689244,1027.3,2.2,7.6,0.3
2022-01-31 15:00:00,0.5,92.0,90.0,0.733971,1027.6,1.7,5.4,0.4
2022-01-31 16:00:00,0.6,89.0,210.0,0.69014,1027.6,2.2,11.2,0.0
2022-01-31 17:00:00,2.3,89.0,210.0,0.626279,1028.0,3.9,13.0,0.0
2022-01-31 18:00:00,2.8,82.0,210.0,0.556007,1028.4,5.6,13.0,0.0
2022-01-31 19:00:00,3.3,79.0,240.0,0.491275,1028.7,6.7,13.0,0.0
2022-01-31 20:00:00,3.3,71.0,240.0,0.560023,1028.5,8.3,14.8,0.0
2022-01-31 21:00:00,3.3,68.0,220.0,0.471221,1028.2,8.9,13.0,0.1
2022-01-31 22:00:00,2.9,66.0,240.0,0.506075,1027.8,8.9,18.4,0.0
2022-01-31 23:00:00,2.7,63.0,260.0,0.491038,1027.5,9.4,11.2,0.0
2022-02-01 00:00:00,2.9,66.0,260.0,0.565178,1027.9,8.9,13.0,0.0
2022-02-01 01:00:00,2.9,71.0,250.0,0.650598,1028.2,7.8,11.2,0.0
2022-02-01 02:00:00,2.2,82.0,240.0,0.679664,1028.5,5.0,13.0,0.0
2022-02-01 03:00:00,1.2,86.0,250.0,0.680857,1028.8,3.3,9.4,0.0
2022-02-01 04:00:00,1.2,89.0,270.0,0.652478,1029.2,2.8,7.6,0.0
2022-02-01 05:00:00,0.5,92.0,240.0,0.614789,1029.4,1.7,9.4,0.0
2022-02-01 06:00:00,-0.7,88.0,230.0,0.55504,1029.6,1.1,9.4,0.0
2022-02-01 07:00:00,-0.6,92.0,340.0,0.527338,1029.8,0.6,7.6,0.0
2022-02-01 08:00:00,-0.6,96.0,340.0,0.515522,1030.3,0.0,5.4,0.0
2022-02-01 09:00:00,-1.1,92.0,330.0,0.502208,1030.5,0.0,7.6,0.0
2022-02-01 10:00:00,-1.7,92.0,0.0,0.510687,1030.3,-0.6,0.0,0.0
2022-02-01 11:00:00,-2.2,92.0,0.0,0.5431,1030.2,-1.1,0.0,0.0
2022-02-01 12:00:00,-3.3,89.0,330.0,0.585768,1029.9,-1.7,5.4,0.0
2022-02-01 13:00:00,-2.8,92.0,0.0,0.661235,1030.0,-1.7,0.0,0.0
2022-02-01 14:00:00,-2.2,92.0,0.0,0.75269,1030.0,-1.1,0.0,0.0
2022-02-01 15:00:00,-2.2,92.0,0.0,0.795866,1030.3,-1.1,0.0,0.0
2022-02-01 16:00:00,-1.7,92.0,0.0,0.75565,1031.0,-0.6,0.0,0.0
2022-02-01 17:00:00,-1.2,96.0,0.0,0.683159,1030.4,-0.6,0.0,0.0
2022-02-01 18:00:00,0.0,96.0,0.0,0.595954,1030.2,0.6,0.0,0.0
2022-02-01 19:00:00,2.2,96.0,0.0,0.505361,1030.0,2.8,0.0,0.0
2022-02-01 20:00:00,2.7,89.0,0.0,0.440436,1029.8,4.4,0.0,0.0
2022-02-01 21:00:00,2.9,74.0,0.0,0.448247,1029.3,7.2,0.0,0.0
2022-02-01 22:00:00,1.7,63.0,270.0,0.513018,1028.5,8.3,7.6,0.0
2022-02-01 23:00:00,0.5,58.0,300.0,0.55821,1028.3,8.3,14.8,0.0
2022-02-02 00:00:00,1.7,68.0,250.0,0.607459,1028.4,7.2,18.4,0.0
2022-02-02 01:00:00,1.6,73.0,240.0,0.668346,1028.6,6.1,9.4,0.0
2022-02-02 02:00:00,2.2,76.0,230.0,0.685199,1028.3,6.1,14.8,0.0
2022-02-02 03:00:00,2.8,82.0,230.0,0.667375,1028.6,5.6,13.0,0.0
2022-02-02 04:00:00,2.9,86.0,230.0,0.64058,1028.5,5.0,14.8,0.0
2022-02-02 05:00:00,2.8,82.0,240.0,0.589064,1028.8,5.6,16.6,0.0
2022-02-02 06:00:00,2.9,86.0,240.0,0.533475,1028.6,5.0,13.0,0.0
2022-02-02 07:00:00,2.8,82.0,240.0,0.473998,1028.8,5.6,13.0,0.0
2022-02-02 08:00:00,3.3,89.0,200.0,0.45361,1029.2,5.0,7.6,0.0
2022-02-02 09:00:00,3.3,89.0,130.0,0.452917,1029.1,5.0,9.4,0.1
2022-02-02 10:00:00,4.0,93.0,140.0,0.442755,1029.1,5.0,7.6,0.1
2022-02-02 11:00:00,4.0,93.0,120.0,0.464487,1029.0,5.0,5.4,0.2
2022-02-02 12:00:00,4.0,93.0,120.0,0.488453,1030.0,5.0,7.6,0.3
2022-02-02 13:00:00,4.0,93.0,130.0,0.547276,1029.5,5.0,5.4,0.0
2022-02-02 14:00:00,4.4,96.0,0.0,0.63239,1029.6,5.0,0.0,0.0
2022-02-02 15:00:00,4.0,93.0,220.0,0.659658,1029.9,5.0,5.4,0.0
2022-02-02 16:00:00,4.0,97.0,220.0,0.649261,1029.4,4.4,7.6,0.0
2022-02-02 17:00:00,4.0,93.0,240.0,0.649813,1029.8,5.0,9.4,0.0
2022-02-02 18:00:00,4.4,92.0,220.0,0.632785,1030.5,5.6,11.2,0.0
2022-02-02 19:00:00,4.4,89.0,190.0,0.615221,1030.1,6.1,7.6,0.0
2022-02-02 20:00:00,4.4,85.0,210.0,0.592865,1029.7,6.7,9.4,0.0
2022-02-02 21:00:00,5.0,86.0,0.0,0.572238,1029.1,7.2,0.0,0.0
2022-02-02 22:00:00,5.1,83.0,180.0,0.568825,1028.4,7.8,9.4,0.0
2022-02-02 23:00:00,6.1,89.0,180.0,0.57602,1027.5,7.8,9.4,0.0
2022-02-03 00:00:00,6.1,89.0,200.0,0.62224,1027.6,7.8,11.2,0.0
2022-02-03 01:00:00,6.1,89.0,180.0,0.645327,1027.5,7.8,9.4,0.3
2022-02-03 02:00:00,5.7,90.0,190.0,0.67144,1027.4,7.2,9.4,0.0
2022-02-03 03:00:00,5.0,86.0,230.0,0.644997,1027.5,7.2,13.0,0.0
2022-02-03 04:00:00,5.0,86.0,230.0,0.617211,1027.9,7.2,14.8,0.0
2022-02-03 05:00:00,5.0,86.0,230.0,0.560411,1028.2,7.2,13.0,0.0
2022-02-03 06:00:00,5.0,89.0,230.0,0.508361,1028.7,6.7,11.2,0.0
2022-02-03 07:00:00,4.4,85.0,220.0,0.448084,1028.6,6.7,11.2,0.0
2022-02-03 08:00:00,4.4,89.0,180.0,0.427672,1028.5,6.1,9.4,0.0
2022-02-03 09:00:00,4.4,85.0,160.0,0.414968,1028.6,6.7,11.2,0.0
2022-02-03 10:00:00,5.1,93.0,160.0,0.414349,1028.9,6.1,9.4,0.0
2022-02-03 11:00:00,4.4,89.0,140.0,0.42884,1029.2,6.1,5.4,0.0
2022-02-03 12:00:00,4.4,92.0,130.0,0.463301,1029.3,5.6,7.6,0.0
2022-02-03 13:00:00,4.4,92.0,0.0,0.518574,1029.3,5.6,0.0,0.0
2022-02-03 14:00:00,4.0,93.0,0.0,0.611654,1029.5,5.0,0.0,0.0
2022-02-03 15:00:00,2.9,97.0,160.0,0.656503,1029.9,3.3,5.4,0.0
2022-02-03 16:00:00,2.9,97.0,260.0,0.650896,1030.3,3.3,7.6,0.0
2022-02-03 17:00:00,4.0,93.0,240.0,0.626519,1030.3,5.0,13.0,0.0
2022-02-03 18:00:00,4.4,89.0,270.0,0.573569,1031.5,6.1,9.4,0.0
2022-02-03 19:00:00,5.0,86.0,0.0,0.499174,1031.4,7.2,0.0,0.0
2022-02-03 20:00:00,5.1,80.0,300.0,0.464678,1031.9,8.3,7.6,0.0
2022-02-03 21:00:00,5.6,77.0,0.0,0.36695,1031.5,9.4,0.0,0.0
2022-02-03 22:00:00,5.6,71.0,0.0,0.39561,1031.1,10.6,0.0,0.0
2022-02-03 23:00:00,4.4,61.0,0.0,0.415888,1030.6,11.7,0.0,0.0
2022-02-04 00:00:00,3.9,61.0,0.0,0.467704,1030.3,11.1,0.0,0.0
2022-02-04 01:00:00,4.9,68.0,0.0,0.537418,1030.1,10.6,0.0,0.0
2022-02-04 02:00:00,4.3,76.0,10.0,0.59236,1030.4,8.3,5.4,0.0
2022-02-04 03:00:00,3.9,86.0,340.0,0.583112,1030.8,6.1,11.2,0.0
2022-02-04 04:00:00,3.9,89.0,360.0,0.569826,1031.0,5.6,11.2,0.0
2022-02-04 05:00:00,4.0,93.0,0.0,0.533584,1030.9,5.0,0.0,0.0
2022-02-04 06:00:00,2.2,96.0,0.0,0.503309,1032.0,2.8,0.0,0.0
2022-02-04 07:00:00,2.2,96.0,340.0,0.47391,1031.7,2.8,11.2,0.0
2022-02-04 08:00:00,0.6,100.0,0.0,0.464187,1031.7,0.6,0.0,0.0
2022-02-04 09:00:00,0.7,97.0,0.0,0.464959,1031.0,1.1,0.0,0.0
2022-02-04 10:00:00,0.0,96.0,0.0,0.465846,1030.5,0.6,0.0,0.0
2022-02-04 11:00:00,1.1,96.0,0.0,0.476136,1031.3,1.7,0.0,0.0
2022-02-04 12:00:00,1.8,93.0,0.0,0.489471,1030.8,2.8,0.0,0.0
2022-02-04 13:00:00,2.2,96.0,0.0,0.537668,1031.0,2.8,0.0,0.0
2022-02-04 14:00:00,2.9,97.0,0.0,0.60689,1030.4,3.3,0.0,0.0
2022-02-04 15:00:00,2.2,96.0,100.0,0.65584,1030.5,2.8,7.6,0.0
2022-02-04 16:00:00,2.9,97.0,0.0,0.657076,1030.7,3.3,0.0,0.0
2022-02-04 17:00:00,2.9,97.0,0.0,0.641741,1031.2,3.3,0.0,0.0
2022-02-04 18:00:00,3.3,96.0,130.0,0.645604,1031.4,3.9,7.6,0.0
2022-02-04 19:00:00,3.4,93.0,130.0,0.590346,1032.1,4.4,9.4,0.0
2022-02-04 20:00:00,4.4,92.0,140.0,0.532258,1031.4,5.6,11.2,0.0
2022-02-04 21:00:00,4.4,85.0,260.0,0.528683,1031.7,6.7,7.6,0.0
2022-02-04 22:00:00,5.6,83.0,180.0,0.53226,1031.4,8.3,18.4,0.0
2022-02-04 23:00:00,6.1,80.0,190.0,0.5537,1031.3,9.4,13.0,0.0
2022-02-05 00:00:00,6.2,77.0,210.0,0.57855,1031.2,10.0,18.4,0.0
2022-02-05 01:00:00,6.2,83.0,200.0,0.61517,1031.3,8.9,14.8,0.2
2022-02-05 02:00:00,6.2,83.0,210.0,0.602125,1031.7,8.9,16.6,0.0
2022-02-05 03:00:00,6.2,83.0,190.0,0.594788,1032.5,8.9,11.2,0.0
2022-02-05 04:00:00,6.2,83.0,230.0,0.567997,1033.1,8.9,14.8,0.0
2022-02-05 05:00:00,6.1,89.0,210.0,0.53008,1033.1,7.8,14.8,0.0
2022-02-05 06:00:00,4.4,89.0,230.0,0.489359,1033.5,6.1,13.0,0.0
2022-02-05 07:00:00,4.0,93.0,0.0,0.453965,1034.0,5.0,0.0,0.0
2022-02-05 08:00:00,4.0,97.0,0.0,0.429529,1034.6,4.4,0.0,0.0
2022-02-05 09:00:00,1.8,97.0,0.0,0.428807,1034.6,2.2,0.0,0.0
2022-02-05 10:00:00,3.3,96.0,280.0,0.416071,1034.7,3.9,5.4,0.0
2022-02-05 11:00:00,3.3,96.0,310.0,0.425335,1034.9,3.9,7.6,0.0
2022-02-05 12:00:00,3.3,96.0,0.0,0.449836,1035.0,3.9,0.0,0.0
2022-02-05 13:00:00,3.3,100.0,0.0,0.493628,1034.5,3.3,0.0,0.0
2022-02-05 14:00:00,4.4,96.0,330.0,0.518859,1035.2,5.0,9.4,0.0
2022-02-05 15:00:00,5.0,96.0,0.0,0.562389,1035.5,5.6,0.0,0.0
2022-02-05 16:00:00,4.0,93.0,260.0,0.617446,1036.0,5.0,5.4,0.0
2022-02-05 17:00:00,5.0,96.0,310.0,0.611764,1036.9,5.6,5.4,0.0
2022-02-05 18:00:00,5.7,90.0,330.0,0.550823,1037.0,7.2,7.6,0.0
2022-02-05 19:00:00,5.1,77.0,70.0,0.542718,1036.7,8.9,7.6,0.0
2022-02-05 20:00:00,5.1,77.0,0.0,0.557178,1035.4,8.9,0.0,0.0
2022-02-05 21:00:00,4.4,71.0,0.0,0.539516,1034.6,9.4,0.0,0.0
2022-02-05 22:00:00,4.4,71.0,110.0,0.488741,1033.7,9.4,11.2,0.0
2022-02-05 23:00:00,4.4,68.0,30.0,0.449316,1033.3,10.0,7.6,0.0
2022-02-06 00:00:00,3.9,66.0,340.0,0.485168,1033.3,10.0,11.2,0.0
2022-02-06 01:00:00,4.0,69.0,20.0,0.548973,1033.2,9.4,13.0,0.0
2022-02-06 02:00:00,3.3,76.0,20.0,0.589834,1033.1,7.2,9.4,0.0
2022-02-06 03:00:00,2.9,86.0,30.0,0.562749,1033.5,5.0,7.6,0.0
2022-02-06 04:00:00,2.8,82.0,10.0,0.546411,1033.3,5.6,9.4,0.0
2022-02-06 05:00:00,2.9,86.0,360.0,0.535751,1032.9,5.0,11.2,0.0
2022-02-06 06:00:00,2.3,89.0,340.0,0.49173,1032.7,3.9,11.2,0.0
2022-02-06 07:00:00,2.3,93.0,310.0,0.462159,1032.3,3.3,7.6,0.0
2022-02-06 08:00:00,1.0,92.0,340.0,0.454784,1032.1,2.2,7.6,0.0
2022-02-06 09:00:00,0.5,92.0,300.0,0.457597,1031.6,1.7,5.4,0.0
2022-02-06 10:00:00,-1.2,96.0,250.0,0.462753,1031.5,-0.6,7.6,0.0
2022-02-06 11:00:00,-1.7,92.0,250.0,0.484742,1031.1,-0.6,7.6,0.0
2022-02-06 12:00:00,-1.7,92.0,0.0,0.514312,1031.0,-0.6,0.0,0.0
2022-02-06 13:00:00,-1.7,96.0,0.0,0.556013,1030.7,-1.1,0.0,0.0
2022-02-06 14:00:00,-2.8,92.0,170.0,0.60743,1030.9,-1.7,5.4,0.0
2022-02-06 15:00:00,-1.7,92.0,120.0,0.661019,1031.0,-0.6,5.4,0.0
2022-02-06 16:00:00,-1.1,92.0,0.0,0.724454,1030.9,0.0,0.0,0.0
2022-02-06 17:00:00,-0.6,96.0,0.0,0.694933,1031.2,0.0,0.0,0.0
2022-02-06 18:00:00,0.0,96.0,180.0,0.624635,1031.0,0.6,5.4,0.0
2022-02-06 19:00:00,1.1,96.0,0.0,0.601881,1030.6,1.7,0.0,0.0
2022-02-06 20:00:00,2.8,100.0,0.0,0.57773,1029.9,2.8,0.0,0.0
2022-02-06 21:00:00,2.9,93.0,120.0,0.474314,1028.7,3.9,5.4,0.0
2022-02-06 22:00:00,4.0,97.0,120.0,0.392522,1027.5,4.4,9.4,0.0
2022-02-06 23:00:00,4.4,85.0,130.0,0.433283,1026.7,6.7,7.6,0.0
2022-02-07 00:00:00,4.3,76.0,0.0,0.509514,1026.5,8.3,0.0,0.0
2022-02-07 01:00:00,4.3,76.0,0.0,0.606846,1025.7,8.3,0.0,0.0
2022-02-07 02:00:00,3.3,89.0,110.0,0.64986,1025.6,5.0,5.4,0.0
2022-02-07 03:00:00,1.8,93.0,40.0,0.658735,1025.6,2.8,5.4,0.0
2022-02-07 04:00:00,-0.1,92.0,0.0,0.647169,1025.5,1.1,0.0,0.0
2022-02-07 05:00:00,-0.1,92.0,0.0,0.614217,1026.1,1.1,0.0,0.0
2022-02-07 06:00:00,-0.6,92.0,140.0,0.558196,1026.5,0.6,7.6,0.0
2022-02-07 07:00:00,-0.6,96.0,360.0,0.500612,1027.0,0.0,7.6,0.0
2022-02-07 08:00:00,0.0,96.0,280.0,0.479216,1027.9,0.6,9.4,0.0
2022-02-07 09:00:00,0.7,97.0,50.0,0.462897,1027.7,1.1,5.4,0.0
2022-02-07 10:00:00,0.7,97.0,0.0,0.465267,1028.6,1.1,0.0,0.0
2022-02-07 11:00:00,0.7,97.0,0.0,0.469509,1029.1,1.1,0.0,0.0
2022-02-07 12:00:00,1.1,96.0,0.0,0.516907,1028.8,1.7,0.0,0.0
2022-02-07 13:00:00,1.8,93.0,0.0,0.593855,1029.3,2.8,0.0,0.0
2022-02-07 14:00:00,2.2,96.0,0.0,0.684566,1030.0,2.8,0.0,0.0
2022-02-07 15:00:00,2.9,97.0,0.0,0.69004,1030.4,3.3,0.0,0.0
2022-02-07 16:00:00,1.0,92.0,160.0,0.6624,1031.3,2.2,7.6,0.0
2022-02-07 17:00:00,2.2,96.0,0.0,0.634797,1031.8,2.8,0.0,0.0
2022-02-07 18:00:00,3.4,93.0,0.0,0.601704,1032.1,4.4,0.0,0.0
2022-02-07 19:00:00,4.4,89.0,0.0,0.571878,1032.5,6.1,0.0,0.0
2022-02-07 20:00:00,5.1,83.0,0.0,0.533873,1032.4,7.8,0.0,0.0
2022-02-07 21:00:00,5.6,80.0,10.0,0.469056,1032.3,8.9,7.6,0.0
2022-02-07 22:00:00,6.7,80.0,320.0,0.446117,1032.3,10.0,5.4,0.0
2022-02-07 23:00:00,7.3,72.0,0.0,0.427989,1032.3,12.2,0.0,0.0
2022-02-08 00:00:00,7.3,69.0,70.0,0.489077,1032.6,12.8,7.6,0.0
2022-02-08 01:00:00,7.2,77.0,120.0,0.568408,1032.8,11.1,7.6,0.0
2022-02-08 02:00:00,6.8,90.0,60.0,0.632382,1033.1,8.3,5.4,0.0
2022-02-08 03:00:00,5.7,90.0,10.0,0.630299,1033.6,7.2,5.4,0.0
2022-02-08 04:00:00,3.4,93.0,200.0,0.590652,1033.4,4.4,9.4,0.0
2022-02-08 05:00:00,5.0,89.0,330.0,0.551206,1034.2,6.7,7.6,0.0
2022-02-08 06:00:00,4.4,89.0,300.0,0.495523,1034.9,6.1,5.4,0.0
2022-02-08 07:00:00,3.4,93.0,0.0,0.454084,1035.1,4.4,0.0,0.0
2022-02-08 08:00:00,1.8,93.0,290.0,0.438393,1035.6,2.8,5.4,0.0
2022-02-08 09:00:00,1.8,97.0,310.0,0.431524,1035.5,2.2,5.4,0.0
2022-02-08 10:00:00,0.7,97.0,0.0,0.449051,1036.0,1.1,0.0,0.0
2022-02-08 11:00:00,-0.1,92.0,0.0,0.46399,1036.2,1.1,0.0,0.0
2022-02-08 12:00:00,1.8,97.0,0.0,0.510771,1035.7,2.2,0.0,0.0
2022-02-08 13:00:00,2.2,96.0,10.0,0.575631,1036.1,2.8,5.4,0.0
2022-02-08 14:00:00,1.8,97.0,0.0,0.672313,1036.4,2.2,0.0,0.0
2022-02-08 15:00:00,0.5,92.0,0.0,0.711161,1036.2,1.7,0.0,0.0
2022-02-08 16:00:00,0.7,97.0,0.0,0.671416,1036.5,1.1,0.0,0.0
2022-02-08 17:00:00,1.8,97.0,0.0,0.632405,1037.1,2.2,0.0,0.0
2022-02-08 18:00:00,2.9,97.0,0.0,0.561806,1037.6,3.3,0.0,0.0
2022-02-08 19:00:00,3.3,96.0,110.0,0.55206,1037.3,3.9,9.4,0.0
2022-02-08 20:00:00,4.0,93.0,110.0,0.490405,1037.0,5.0,9.4,0.0
2022-02-08 21:00:00,5.0,96.0,110.0,0.373028,1036.4,5.6,5.4,0.0
2022-02-08 22:00:00,5.6,86.0,120.0,0.446154,1035.7,7.8,5.4,0.0
2022-02-08 23:00:00,5.6,80.0,0.0,0.462425,1035.1,8.9,0.0,0.0
2022-02-09 00:00:00,6.2,74.0,0.0,0.514924,1035.4,10.6,0.0,0.0
2022-02-09 01:00:00,6.1,80.0,80.0,0.565539,1035.4,9.4,5.4,0.0
2022-02-09 02:00:00,5.0,89.0,0.0,0.619438,1035.7,6.7,0.0,0.0
2022-02-09 03:00:00,5.6,93.0,0.0,0.605925,1035.9,6.7,0.0,0.0
2022-02-09 04:00:00,5.7,90.0,0.0,0.57175,1035.8,7.2,0.0,0.0
2022-02-09 05:00:00,4.4,92.0,240.0,0.543558,1035.5,5.6,5.4,0.0
2022-02-09 06:00:00,4.4,92.0,0.0,0.491349,1035.6,5.6,0.0,0.0
2022-02-09 07:00:00,5.1,93.0,170.0,0.456216,1035.6,6.1,7.6,0.0
2022-02-09 08:00:00,4.0,97.0,20.0,0.426345,1036.2,4.4,7.6,0.0
2022-02-09 09:00:00,3.9,100.0,0.0,0.425014,1036.2,3.9,0.0,0.0
2022-02-09 10:00:00,2.9,93.0,0.0,0.430988,1036.1,3.9,0.0,0.0
2022-02-09 11:00:00,1.8,93.0,230.0,0.44045,1036.3,2.8,5.4,0.0
2022-02-09 12:00:00,2.2,96.0,0.0,0.473917,1036.0,2.8,0.0,0.0
2022-02-09 13:00:00,1.8,97.0,0.0,0.552921,1036.0,2.2,0.0,0.0
2022-02-09 14:00:00,2.2,96.0,0.0,0.640762,1036.1,2.8,0.0,0.0
2022-02-09 15:00:00,1.8,97.0,170.0,0.674912,1035.7,2.2,5.4,0.0
2022-02-09 16:00:00,2.2,96.0,0.0,0.638704,1036.1,2.8,0.0,0.0
2022-02-09 17:00:00,3.3,100.0,0.0,0.580895,1036.3,3.3,0.0,0.0
2022-02-09 18:00:00,5.0,96.0,0.0,0.483757,1035.8,5.6,0.0,0.0
2022-02-09 19:00:00,6.1,93.0,110.0,0.437511,1036.7,7.2,7.6,0.0
2022-02-09 20:00:00,5.6,80.0,0.0,0.331107,1035.9,8.9,0.0,0.0
2022-02-09 21:00:00,7.2,74.0,150.0,0.308571,1035.0,11.7,5.4,0.0
2022-02-09 22:00:00,7.3,69.0,150.0,0.328176,1034.4,12.8,7.6,0.0
2022-02-09 23:00:00,6.7,62.0,0.0,0.352913,1034.0,13.9,0.0,0.0
2022-02-10 00:00:00,6.6,55.0,350.0,0.426586,1033.6,15.6,5.4,0.0
2022-02-10 01:00:00,7.9,65.0,360.0,0.50177,1033.2,14.4,5.4,0.0
2022-02-10 02:00:00,7.2,77.0,0.0,0.556509,1033.0,11.1,0.0,0.0
2022-02-10 03:00:00,6.8,90.0,0.0,0.55313,1032.9,8.3,0.0,0.0
2022-02-10 04:00:00,7.2,86.0,290.0,0.535996,1033.1,9.4,5.4,0.0
2022-02-10 05:00:00,5.6,93.0,0.0,0.491276,1032.9,6.7,0.0,0.0
2022-02-10 06:00:00,4.0,97.0,0.0,0.446093,1032.7,4.4,0.0,0.0
2022-02-10 07:00:00,6.1,96.0,0.0,0.407637,1032.7,6.7,0.0,0.0
2022-02-10 08:00:00,5.0,100.0,0.0,0.38967,1032.4,5.0,0.0,0.0
2022-02-10 09:00:00,3.3,96.0,0.0,0.395483,1032.3,3.9,0.0,0.0
2022-02-10 10:00:00,2.9,97.0,20.0,0.403259,1032.2,3.3,5.4,0.0
2022-02-10 11:00:00,1.8,93.0,280.0,0.419346,1031.8,2.8,5.4,0.0
2022-02-10 12:00:00,2.2,96.0,0.0,0.45793,1031.6,2.8,0.0,0.0
2022-02-10 13:00:00,2.9,97.0,0.0,0.524115,1031.7,3.3,0.0,0.0
2022-02-10 14:00:00,4.0,97.0,0.0,0.602492,1031.5,4.4,0.0,0.0
2022-02-10 15:00:00,4.4,96.0,0.0,0.640325,1031.5,5.0,0.0,0.0
2022-02-10 16:00:00,5.0,96.0,0.0,0.617082,1031.9,5.6,0.0,0.0
2022-02-10 17:00:00,6.1,96.0,0.0,0.592587,1031.7,6.7,0.0,0.0
2022-02-10 18:00:00,6.8,97.0,0.0,0.549912,1031.7,7.2,0.0,0.0
2022-02-10 19:00:00,7.2,96.0,0.0,0.539373,1031.7,7.8,0.0,0.0
2022-02-10 20:00:00,7.2,89.0,320.0,0.535195,1031.2,8.9,5.4,0.0
2022-02-10 21:00:00,7.8,86.0,10.0,0.527964,1030.3,10.0,7.6,0.0
2022-02-10 22:00:00,7.8,83.0,340.0,0.509149,1029.7,10.6,7.6,0.0
2022-02-10 23:00:00,7.8,80.0,310.0,0.497396,1029.2,11.1,5.4,0.0
2022-02-11 00:00:00,7.8,80.0,310.0,0.520397,1028.4,11.1,7.6,0.0
2022-02-11 01:00:00,7.2,83.0,310.0,0.569705,1028.0,10.0,5.4,0.0
2022-02-11 02:00:00,6.1,93.0,0.0,0.601333,1027.8,7.2,0.0,0.0
2022-02-11 03:00:00,6.1,96.0,320.0,0.604089,1028.1,6.7,9.4,0.0
2022-02-11 04:00:00,6.1,93.0,30.0,0.582684,1028.8,7.2,7.6,0.0
2022-02-11 05:00:00,5.7,90.0,10.0,0.52755,1029.0,7.2,9.4,0.0
2022-02-11 06:00:00,6.1,89.0,30.0,0.468697,1029.0,7.8,9.4,0.0
2022-02-11 07:00:00,6.1,86.0,30.0,0.426215,1028.9,8.3,11.2,0.0
2022-02-11 08:00:00,6.1,89.0,350.0,0.411931,1029.0,7.8,5.4,0.0
2022-02-11 09:00:00,5.6,83.0,360.0,0.397126,1028.6,8.3,5.4,0.0
2022-02-11 10:00:00,5.6,86.0,350.0,0.396326,1028.4,7.8,5.4,0.0
2022-02-11 11:00:00,5.1,93.0,350.0,0.402617,1028.0,6.1,9.4,0.0
2022-02-11 12:00:00,4.0,93.0,350.0,0.432385,1028.0,5.0,11.2,0.0
2022-02-11 13:00:00,4.0,93.0,350.0,0.490363,1027.8,5.0,7.6,0.0
2022-02-11 14:00:00,3.9,89.0,330.0,0.552177,1027.7,5.6,9.4,0.0
2022-02-11 15:00:00,4.4,89.0,340.0,0.579538,1027.7,6.1,11.2,0.0
2022-02-11 16:00:00,4.4,89.0,340.0,0.562111,1027.8,6.1,13.0,0.0
2022-02-11 17:00:00,4.4,89.0,330.0,0.489736,1027.8,6.1,5.4,0.0
2022-02-11 18:00:00,5.0,74.0,360.0,0.373085,1027.5,9.4,14.8,0.0
2022-02-11 19:00:00,5.6,71.0,330.0,0.337614,1027.3,10.6,14.8,0.0
2022-02-11 20:00:00,5.7,62.0,340.0,0.2994,1026.8,12.8,11.2,0.0
2022-02-11 21:00:00,4.9,51.0,340.0,0.278926,1025.8,15.0,16.6,0.0
2022-02-11 22:00:00,5.5,46.0,340.0,0.278335,1025.1,17.2,20.5,0.0
2022-02-11 23:00:00,3.2,33.0,360.0,0.311315,1024.5,20.0,18.4,0.0
2022-02-12 00:00:00,0.9,29.0,20.0,0.394498,1024.0,19.4,22.3,0.0
2022-02-12 01:00:00,-0.1,31.0,360.0,0.453617,1023.8,17.2,16.6,0.0
2022-02-12 02:00:00,-2.9,29.0,10.0,0.486439,1023.9,15.0,18.4,0.0
2022-02-12 03:00:00,-3.9,30.0,360.0,0.490646,1024.1,13.3,16.6,0.0
2022-02-12 04:00:00,-5.8,27.0,360.0,0.48644,1024.3,12.8,16.6,0.0
2022-02-12 05:00:00,-3.8,35.0,340.0,0.459042,1024.5,11.1,20.5,0.0
2022-02-12 06:00:00,-3.3,39.0,340.0,0.428941,1024.6,10.0,16.6,0.0
2022-02-12 07:00:00,-4.0,37.0,340.0,0.396542,1024.5,10.0,18.4,0.0
2022-02-12 08:00:00,-4.2,38.0,340.0,0.370314,1024.3,9.4,16.6,0.0
2022-02-12 09:00:00,-4.2,38.0,350.0,0.364049,1024.1,9.4,16.6,0.0
2022-02-12 10:00:00,-4.3,39.0,350.0,0.3596,1024.0,8.9,14.8,0.0
2022-02-12 11:00:00,-4.3,42.0,350.0,0.371078,1023.9,7.8,13.0,0.0
2022-02-12 12:00:00,-4.3,42.0,350.0,0.390917,1023.7,7.8,13.0,0.0
2022-02-12 13:00:00,-4.3,42.0,350.0,0.427803,1023.4,7.8,14.8,0.0
2022-02-12 14:00:00,-4.9,39.0,340.0,0.475473,1023.3,8.3,16.6,0.0
2022-02-12 15:00:00,-4.9,39.0,350.0,0.542043,1023.4,8.3,18.4,0.0
2022-02-12 16:00:00,-4.9,39.0,350.0,0.519349,1023.6,8.3,14.8,0.0
2022-02-12 17:00:00,-4.2,35.0,350.0,0.432458,1024.0,10.6,18.4,0.0
2022-02-12 18:00:00,-3.2,34.0,350.0,0.344814,1023.9,12.2,20.5,0.0
2022-02-12 19:00:00,-3.0,31.0,360.0,0.299306,1024.1,13.9,14.8,0.0
2022-02-12 20:00:00,-1.5,31.0,340.0,0.27518,1023.7,15.6,18.4,0.0
2022-02-12 21:00:00,-1.9,28.0,360.0,0.241346,1022.7,16.7,14.8,0.0
2022-02-12 22:00:00,-0.5,29.0,360.0,0.242547,1021.7,17.8,11.2,0.0
2022-02-12 23:00:00,-0.1,29.0,330.0,0.293352,1021.2,18.3,18.4,0.0
2022-02-13 00:00:00,-0.5,29.0,340.0,0.361673,1021.0,17.8,18.4,0.0
2022-02-13 01:00:00,-0.6,32.0,350.0,0.437912,1021.2,16.1,16.6,0.0
2022-02-13 02:00:00,-1.0,40.0,350.0,0.47486,1021.3,12.2,9.4,0.0
2022-02-13 03:00:00,-1.2,44.0,360.0,0.468471,1021.5,10.6,11.2,0.0
2022-02-13 04:00:00,-1.8,47.0,340.0,0.472537,1021.8,8.9,13.0,0.0
2022-02-13 05:00:00,-1.8,49.0,350.0,0.453586,1022.4,8.3,11.2,0.0
2022-02-13 06:00:00,-2.3,49.0,350.0,0.419164,1022.7,7.8,11.2,0.0
2022-02-13 07:00:00,-2.3,55.0,350.0,0.393782,1022.7,6.1,9.4,0.0
2022-02-13 08:00:00,-1.8,59.0,340.0,0.379695,1022.8,5.6,13.0,0.0
2022-02-13 09:00:00,-1.7,67.0,350.0,0.376442,1022.9,3.9,5.4,0.0
2022-02-13 10:00:00,-1.7,72.0,350.0,0.377015,1023.1,2.8,9.4,0.0
2022-02-13 11:00:00,-2.3,64.0,330.0,0.394529,1023.0,3.9,5.4,0.0
2022-02-13 12:00:00,-2.3,75.0,0.0,0.432456,1022.9,1.7,0.0,0.0
2022-02-13 13:00:00,-1.0,82.0,0.0,0.488258,1022.9,1.7,0.0,0.0
2022-02-13 14:00:00,-1.2,88.0,0.0,0.532502,1022.9,0.6,0.0,0.0
2022-02-13 15:00:00,-2.2,85.0,10.0,0.598562,1023.2,0.0,5.4,0.0
2022-02-13 16:00:00,-1.7,92.0,0.0,0.600912,1023.8,-0.6,0.0,0.0
2022-02-13 17:00:00,0.6,79.0,0.0,0.517437,1024.2,3.9,0.0,0.0
2022-02-13 18:00:00,1.2,68.0,0.0,0.427027,1024.3,6.7,0.0,0.0
2022-02-13 19:00:00,0.6,54.0,0.0,0.36818,1024.1,9.4,0.0,0.0
2022-02-13 20:00:00,0.5,48.0,0.0,0.317285,1023.3,11.1,0.0,0.0
2022-02-13 21:00:00,1.2,45.0,0.0,0.335606,1021.9,12.8,0.0,0.0
2022-02-13 22:00:00,2.2,45.0,0.0,0.394272,1021.1,13.9,0.0,0.0
2022-02-13 23:00:00,3.5,46.0,0.0,0.405539,1020.6,15.0,0.0,0.0
2022-02-14 00:00:00,6.0,57.0,230.0,0.438701,1020.2,14.4,7.6,0.0
2022-02-14 01:00:00,5.5,57.0,0.0,0.492611,1019.6,13.9,0.0,0.0
2022-02-14 02:00:00,5.1,64.0,260.0,0.520238,1019.4,11.7,5.4,0.0
2022-02-14 03:00:00,4.9,68.0,0.0,0.537061,1018.4,10.6,0.0,0.0
2022-02-14 04:00:00,4.9,68.0,300.0,0.530879,1018.2,10.6,5.4,0.0
2022-02-14 05:00:00,5.1,77.0,230.0,0.48687,1018.3,8.9,11.2,0.0
2022-02-14 06:00:00,4.3,76.0,220.0,0.432771,1018.2,8.3,14.8,0.0
2022-02-14 07:00:00,3.3,68.0,220.0,0.376059,1018.2,8.9,16.6,0.0
2022-02-14 08:00:00,3.9,74.0,200.0,0.357777,1017.8,8.3,11.2,0.0
2022-02-14 09:00:00,4.3,82.0,200.0,0.36347,1017.1,7.2,14.8,0.0
2022-02-14 10:00:00,3.3,85.0,190.0,0.35588,1016.6,5.6,14.8,0.0
2022-02-14 11:00:00,4.4,79.0,210.0,0.371208,1016.1,7.8,7.0,0.0
2022-02-14 12:00:00,5.1,83.0,210.0,0.397856,1015.9,7.8,7.6,0.2
2022-02-14 13:00:00,5.1,77.0,190.0,0.473012,1015.5,8.9,14.8,0.0
2022-02-14 14:00:00,5.7,90.0,160.0,0.559949,1014.7,7.2,7.6,0.2
2022-02-14 15:00:00,6.1,89.0,200.0,0.590148,1013.9,7.8,16.6,0.5
2022-02-14 16:00:00,6.7,93.0,200.0,0.558176,1013.2,7.8,20.5,1.3
2022-02-14 17:00:00,6.8,90.0,220.0,0.568141,1013.7,8.3,20.5,2.0
2022-02-14 18:00:00,6.1,89.0,220.0,0.526889,1013.9,7.8,16.6,0.8
2022-02-14 19:00:00,5.0,71.0,260.0,0.476831,1014.4,10.0,24.1,0.0
2022-02-14 20:00:00,4.4,68.0,260.0,0.498885,1014.8,10.0,22.3,0.3
2022-02-14 21:00:00,4.3,73.0,250.0,0.47343,1014.7,8.9,18.4,0.0
2022-02-14 22:00:00,5.0,74.0,230.0,0.373806,1014.8,9.4,25.9,0.2
2022-02-14 23:00:00,3.8,63.0,250.0,0.470933,1015.1,10.6,22.3,0.0
2022-02-15 00:00:00,3.9,71.0,250.0,0.507204,1015.7,8.9,14.8,0.0
2022-02-15 01:00:00,3.3,71.0,270.0,0.555672,1016.3,8.3,9.4,0.0
2022-02-15 02:00:00,1.7,68.0,250.0,0.594181,1017.4,7.2,9.4,0.0
2022-02-15 03:00:00,2.2,82.0,250.0,0.596374,1018.2,5.0,11.2,0.0
2022-02-15 04:00:00,2.3,89.0,240.0,0.583622,1018.7,3.9,11.2,0.0
2022-02-15 05:00:00,2.7,89.0,240.0,0.534475,1019.3,4.4,13.0,0.0
2022-02-15 06:00:00,2.3,93.0,230.0,0.476015,1019.6,3.3,7.6,0.0
2022-02-15 07:00:00,3.9,89.0,210.0,0.42932,1020.3,5.6,13.0,0.0
2022-02-15 08:00:00,3.9,86.0,210.0,0.431223,1020.7,6.1,7.6,0.0
2022-02-15 09:00:00,4.4,89.0,0.0,0.419003,1021.6,6.1,0.0,0.0
2022-02-15 10:00:00,4.4,92.0,260.0,0.413488,1021.5,5.6,7.6,0.0
2022-02-15 11:00:00,4.4,92.0,0.0,0.427966,1021.8,5.6,0.0,0.0
2022-02-15 12:00:00,3.9,89.0,0.0,0.466307,1022.1,5.6,0.0,0.0
2022-02-15 13:00:00,4.0,93.0,20.0,0.530341,1022.4,5.0,7.6,0.0
2022-02-15 14:00:00,3.4,93.0,70.0,0.604392,1022.8,4.4,5.4,0.0
2022-02-15 15:00:00,2.9,93.0,0.0,0.626512,1022.9,3.9,0.0,0.0
2022-02-15 16:00:00,3.3,89.0,100.0,0.606078,1023.8,5.0,5.4,0.0
2022-02-15 17:00:00,3.9,89.0,0.0,0.585574,1024.3,5.6,0.0,0.0
2022-02-15 18:00:00,3.8,82.0,0.0,0.572857,1024.8,6.7,0.0,0.0
2022-02-15 19:00:00,4.3,82.0,290.0,0.584369,1024.9,7.2,5.4,0.0
2022-02-15 20:00:00,4.4,79.0,250.0,0.567368,1025.3,7.8,9.4,0.0
2022-02-15 21:00:00,5.1,80.0,240.0,0.552285,1024.8,8.3,5.4,0.0
2022-02-15 22:00:00,5.1,77.0,230.0,0.544341,1024.2,8.9,7.6,0.0
2022-02-15 23:00:00,5.1,77.0,240.0,0.547135,1024.3,8.9,7.6,0.0
2022-02-16 00:00:00,5.1,77.0,220.0,0.568101,1023.8,8.9,9.4,0.0
2022-02-16 01:00:00,5.1,77.0,230.0,0.605786,1023.8,8.9,9.4,0.0
2022-02-16 02:00:00,5.1,80.0,220.0,0.641091,1024.3,8.3,9.4,0.0
2022-02-16 03:00:00,5.6,83.0,230.0,0.615509,1024.2,8.3,14.8,0.0
2022-02-16 04:00:00,4.4,85.0,240.0,0.587672,1024.8,6.7,13.0,0.0
2022-02-16 05:00:00,3.3,89.0,240.0,0.549543,1024.7,5.0,13.0,0.0
2022-02-16 06:00:00,3.3,85.0,230.0,0.481806,1024.7,5.6,13.0,0.0
2022-02-16 07:00:00,3.3,89.0,230.0,0.44715,1024.8,5.0,13.0,0.0
2022-02-16 08:00:00,4.4,89.0,230.0,0.427914,1024.3,6.1,16.6,0.0
2022-02-16 09:00:00,4.4,89.0,230.0,0.414964,1024.0,6.1,11.2,0.0
2022-02-16 10:00:00,4.3,82.0,230.0,0.40462,1023.9,7.2,14.8,0.0
2022-02-16 11:00:00,4.3,82.0,230.0,0.410729,1024.3,7.2,13.0,0.0
2022-02-16 12:00:00,5.0,89.0,230.0,0.448429,1024.4,6.7,11.2,0.0
2022-02-16 13:00:00,5.6,93.0,220.0,0.513368,1024.9,6.7,11.2,0.0
2022-02-16 14:00:00,5.0,89.0,220.0,0.59992,1025.5,6.7,11.2,0.0
2022-02-16 15:00:00,5.0,89.0,220.0,0.620878,1025.7,6.7,7.6,0.0
2022-02-16 16:00:00,5.0,89.0,180.0,0.598365,1026.5,6.7,5.4,0.0
2022-02-16 17:00:00,5.6,86.0,160.0,0.495351,1027.1,7.8,5.4,0.0
2022-02-16 18:00:00,5.6,80.0,270.0,0.366106,1027.6,8.9,7.6,0.0
2022-02-16 19:00:00,6.2,74.0,240.0,0.356912,1028.0,10.6,5.4,0.0
2022-02-16 20:00:00,3.9,61.0,0.0,0.446675,1028.3,11.1,0.0,0.0
2022-02-16 21:00:00,4.4,61.0,80.0,0.421396,1028.3,11.7,5.4,0.0
2022-02-16 22:00:00,5.1,64.0,130.0,0.431559,1028.5,11.7,5.4,0.0
2022-02-16 23:00:00,5.6,69.0,110.0,0.486909,1028.5,11.1,9.4,0.0
2022-02-17 00:00:00,5.6,69.0,110.0,0.510384,1028.9,11.1,9.4,0.0
2022-02-17 01:00:00,5.6,71.0,110.0,0.556521,1029.2,10.6,9.4,0.0
2022-02-17 02:00:00,5.6,74.0,130.0,0.58071,1029.6,10.0,9.4,0.0
2022-02-17 03:00:00,5.6,74.0,150.0,0.56565,1030.4,10.0,5.4,0.0
2022-02-17 04:00:00,6.2,83.0,210.0,0.537853,1030.9,8.9,11.2,0.0
2022-02-17 05:00:00,5.6,86.0,220.0,0.490615,1031.1,7.8,13.0,0.0
2022-02-17 06:00:00,5.1,83.0,230.0,0.445537,1031.6,7.8,7.6,0.0
2022-02-17 07:00:00,4.4,85.0,0.0,0.407853,1031.7,6.7,0.0,0.0
2022-02-17 08:00:00,3.3,89.0,280.0,0.402122,1032.0,5.0,7.6,0.0
2022-02-17 09:00:00,3.3,89.0,0.0,0.399077,1031.9,5.0,0.0,0.0
2022-02-17 10:00:00,2.9,93.0,300.0,0.410152,1031.9,3.9,5.4,0.0
2022-02-17 11:00:00,2.3,93.0,0.0,0.443134,1031.9,3.3,0.0,0.0
2022-02-17 12:00:00,2.3,93.0,270.0,0.494145,1032.1,3.3,7.6,0.0
2022-02-17 13:00:00,1.0,92.0,0.0,0.569062,1032.0,2.2,0.0,0.0
2022-02-17 14:00:00,1.8,97.0,0.0,0.652958,1032.3,2.2,0.0,0.0
2022-02-17 15:00:00,0.1,89.0,0.0,0.683947,1033.0,1.7,0.0,0.0
2022-02-17 16:00:00,1.0,92.0,0.0,0.636771,1033.5,2.2,0.0,0.0
2022-02-17 17:00:00,2.9,93.0,0.0,0.618883,1033.9,3.9,0.0,0.0
2022-02-17 18:00:00,3.3,89.0,0.0,0.586424,1033.9,5.0,0.0,0.0
2022-02-17 19:00:00,4.4,89.0,0.0,0.575861,1033.7,6.1,0.0,0.0
2022-02-17 20:00:00,4.4,79.0,210.0,0.537903,1033.2,7.8,5.4,0.0
2022-02-17 21:00:00,4.4,79.0,240.0,0.518887,1032.8,7.8,7.6,0.0
2022-02-17 22:00:00,4.4,79.0,0.0,0.47795,1032.5,7.8,0.0,0.0
2022-02-17 23:00:00,4.3,73.0,0.0,0.505101,1031.8,8.9,0.0,0.0
2022-02-18 00:00:00,4.3,73.0,120.0,0.555714,1031.1,8.9,7.2,0.0
2022-02-18 01:00:00,5.1,77.0,0.0,0.567605,1030.9,8.9,0.0,0.0
2022-02-18 02:00:00,3.8,82.0,0.0,0.601291,1030.9,6.7,0.0,0.0
2022-02-18 03:00:00,3.9,89.0,270.0,0.603809,1031.8,5.6,5.4,0.0
2022-02-18 04:00:00,2.2,96.0,0.0,0.586132,1030.9,2.8,0.0,0.0
2022-02-18 05:00:00,2.3,93.0,290.0,0.550948,1031.0,3.3,5.4,0.0
2022-02-18 06:00:00,1.8,93.0,0.0,0.504319,1031.4,2.8,0.0,0.0
2022-02-18 07:00:00,1.1,96.0,0.0,0.483961,1031.0,1.7,0.0,0.0
2022-02-18 08:00:00,1.1,96.0,350.0,0.472673,1032.0,1.7,5.4,0.0
2022-02-18 09:00:00,3.3,96.0,0.0,0.466125,1031.7,3.9,0.0,0.0
2022-02-18 10:00:00,2.9,97.0,0.0,0.455214,1031.9,3.3,0.0,0.0
2022-02-18 11:00:00,2.2,96.0,0.0,0.467123,1031.6,2.8,0.0,0.0
2022-02-18 12:00:00,2.9,97.0,0.0,0.506078,1031.6,3.3,0.0,0.0
2022-02-18 13:00:00,0.0,96.0,0.0,0.587427,1031.4,0.6,0.0,0.0
2022-02-18 14:00:00,0.0,96.0,0.0,0.647789,1031.2,0.6,0.0,0.0
2022-02-18 15:00:00,0.0,96.0,0.0,0.671024,1031.1,0.6,0.0,0.0
2022-02-18 16:00:00,0.0,96.0,0.0,0.632972,1031.3,0.6,0.0,0.0
2022-02-18 17:00:00,1.7,100.0,0.0,0.558834,1031.6,1.7,0.0,0.0
2022-02-18 18:00:00,3.3,96.0,0.0,0.44073,1031.6,3.9,0.0,0.0
2022-02-18 19:00:00,4.4,96.0,160.0,0.373487,1031.5,5.0,11.2,0.0
2022-02-18 20:00:00,5.1,93.0,130.0,0.329901,1031.1,6.1,11.2,0.0
2022-02-18 21:00:00,5.6,80.0,20.0,0.281123,1029.7,8.9,5.4,0.0
2022-02-18 22:00:00,6.2,69.0,0.0,0.296582,1028.8,11.7,0.0,0.0
2022-02-18 23:00:00,5.7,60.0,0.0,0.346669,1028.0,13.3,0.0,0.0
2022-02-19 00:00:00,6.8,58.0,150.0,0.408779,1027.4,15.0,5.4,0.0
2022-02-19 01:00:00,7.2,64.0,150.0,0.491371,1026.9,13.9,5.4,0.0
2022-02-19 02:00:00,6.6,71.0,140.0,0.535747,1026.5,11.7,7.6,0.0
2022-02-19 03:00:00,6.7,83.0,0.0,0.52324,1026.5,9.4,0.0,0.0
2022-02-19 04:00:00,4.4,85.0,0.0,0.505597,1026.2,6.7,0.0,0.0
2022-02-19 05:00:00,4.4,85.0,300.0,0.480565,1025.9,6.7,5.4,0.0
2022-02-19 06:00:00,4.4,92.0,0.0,0.457411,1025.9,5.6,0.0,0.0
2022-02-19 07:00:00,1.8,97.0,0.0,0.43464,1025.6,2.2,0.0,0.0
2022-02-19 08:00:00,1.8,93.0,0.0,0.42456,1025.1,2.8,0.0,0.0
2022-02-19 09:00:00,1.0,92.0,0.0,0.420041,1024.5,2.2,0.0,0.0
2022-02-19 10:00:00,1.1,96.0,0.0,0.42179,1024.5,1.7,0.0,0.0
2022-02-19 11:00:00,-0.6,92.0,0.0,0.428746,1024.0,0.6,0.0,0.0
2022-02-19 12:00:00,-0.6,96.0,0.0,0.459351,1023.5,0.0,0.0,0.0
2022-02-19 13:00:00,0.0,96.0,0.0,0.495772,1023.2,0.6,0.0,0.0
2022-02-19 14:00:00,1.8,97.0,0.0,0.536576,1023.4,2.2,0.0,0.0
2022-02-19 15:00:00,1.8,93.0,70.0,0.598082,1023.5,2.8,5.4,0.0
2022-02-19 16:00:00,2.9,97.0,0.0,0.616395,1023.7,3.3,0.0,0.0
2022-02-19 17:00:00,3.3,96.0,310.0,0.623153,1025.0,3.9,5.4,0.0
2022-02-19 18:00:00,3.4,93.0,320.0,0.538717,1024.7,4.4,7.6,0.0
2022-02-19 19:00:00,3.9,89.0,150.0,0.474832,1024.2,5.6,5.4,0.0
2022-02-19 20:00:00,5.1,80.0,0.0,0.527047,1023.4,8.3,0.0,0.0
2022-02-19 21:00:00,5.1,77.0,220.0,0.514259,1023.1,8.9,13.0,0.0
2022-02-19 22:00:00,5.0,74.0,200.0,0.450848,1021.9,9.4,16.6,0.0
2022-02-19 23:00:00,5.6,71.0,210.0,0.478882,1021.6,10.6,16.6,0.0
2022-02-20 00:00:00,5.0,71.0,250.0,0.502875,1021.6,10.0,22.3,0.0
2022-02-20 01:00:00,5.0,71.0,240.0,0.525802,1020.9,10.0,18.4,0.0
2022-02-20 02:00:00,5.1,77.0,230.0,0.563569,1020.4,8.9,20.5,0.0
2022-02-20 03:00:00,5.6,80.0,200.0,0.548312,1020.2,8.9,11.2,0.0
2022-02-20 04:00:00,5.1,80.0,200.0,0.521799,1019.8,8.3,14.8,0.0
2022-02-20 05:00:00,5.6,86.0,220.0,0.484893,1019.3,7.8,14.8,0.0
2022-02-20 06:00:00,6.1,89.0,210.0,0.46038,1019.3,7.8,18.4,0.1
2022-02-20 07:00:00,6.1,93.0,210.0,0.423848,1018.9,7.2,16.6,0.1
2022-02-20 08:00:00,5.7,90.0,230.0,0.396566,1018.0,7.2,20.5,0.0
2022-02-20 09:00:00,5.7,90.0,230.0,0.397188,1017.8,7.2,18.4,0.0
2022-02-20 10:00:00,5.0,86.0,230.0,0.388261,1017.4,7.2,18.4,0.1
2022-02-20 11:00:00,4.4,85.0,230.0,0.391493,1016.7,6.7,20.5,0.6
2022-02-20 12:00:00,4.4,85.0,230.0,0.411329,1016.4,6.7,13.0,0.4
2022-02-20 13:00:00,3.9,89.0,230.0,0.444166,1016.3,5.6,14.8,0.0
2022-02-20 14:00:00,3.3,85.0,240.0,0.483598,1016.7,5.6,13.0,0.0
2022-02-20 15:00:00,1.8,86.0,240.0,0.543244,1016.7,3.9,11.2,0.0
2022-02-20 16:00:00,1.8,86.0,50.0,0.543773,1017.3,3.9,5.4,0.0
2022-02-20 17:00:00,2.7,79.0,230.0,0.521698,1018.0,6.1,9.4,0.0
2022-02-20 18:00:00,2.9,71.0,240.0,0.400204,1017.6,7.8,14.8,0.0
2022-02-20 19:00:00,3.3,73.0,220.0,0.380226,1017.5,7.8,16.6,0.0
2022-02-20 20:00:00,1.8,61.0,340.0,0.404228,1017.5,8.9,7.6,0.0
2022-02-20 21:00:00,1.8,59.0,250.0,0.33211,1016.9,9.4,14.8,0.0
2022-02-20 22:00:00,2.7,63.0,250.0,0.368285,1016.4,9.4,22.3,0.1
2022-02-20 23:00:00,2.3,61.0,260.0,0.424008,1016.3,9.4,18.4,0.1
2022-02-21 00:00:00,1.2,61.0,320.0,0.492063,1016.5,8.3,11.2,0.0
2022-02-21 01:00:00,1.2,61.0,280.0,0.571459,1016.8,8.3,13.0,0.0
2022-02-21 02:00:00,1.7,76.0,250.0,0.611093,1016.8,5.6,9.4,0.0
2022-02-21 03:00:00,1.8,83.0,220.0,0.592271,1017.1,4.4,11.2,0.0
2022-02-21 04:00:00,1.8,86.0,200.0,0.58677,1016.9,3.9,13.0,0.0
2022-02-21 05:00:00,1.7,79.0,230.0,0.544752,1017.0,5.0,16.6,0.0
2022-02-21 06:00:00,1.8,83.0,240.0,0.495136,1017.2,4.4,14.8,0.0
2022-02-21 07:00:00,1.2,86.0,240.0,0.478212,1016.7,3.3,11.2,0.0
2022-02-21 08:00:00,1.2,86.0,220.0,0.456592,1016.4,3.3,14.8,0.0
2022-02-21 09:00:00,1.1,82.0,220.0,0.441511,1016.2,3.9,18.4,0.0
2022-02-21 10:00:00,1.1,82.0,220.0,0.439606,1015.6,3.9,16.6,0.0
2022-02-21 11:00:00,1.2,86.0,220.0,0.455679,1014.6,3.3,22.3,0.0
2022-02-21 12:00:00,1.2,89.0,230.0,0.493691,1013.8,2.8,14.8,0.0
2022-02-21 13:00:00,1.2,89.0,190.0,0.548097,1013.4,2.8,9.4,0.0
2022-02-21 14:00:00,1.2,89.0,200.0,0.610127,1013.0,2.8,14.8,0.0
2022-02-21 15:00:00,1.2,86.0,230.0,0.652583,1012.5,3.3,16.6,0.0
2022-02-21 16:00:00,1.7,89.0,240.0,0.659981,1012.6,3.3,9.4,0.8
2022-02-21 17:00:00,1.7,89.0,240.0,0.610823,1012.4,3.3,13.0,0.0
2022-02-21 18:00:00,2.3,86.0,230.0,0.58768,1012.2,4.4,13.0,0.0
2022-02-21 19:00:00,2.2,79.0,230.0,0.622101,1012.0,5.6,11.2,0.0
2022-02-21 20:00:00,2.8,76.0,230.0,0.564653,1011.7,6.7,13.0,0.0
2022-02-21 21:00:00,2.2,76.0,220.0,0.561625,1011.2,6.1,16.6,0.0
2022-02-21 22:00:00,1.7,76.0,70.0,0.460636,1010.7,5.6,5.4,0.5
2022-02-21 23:00:00,1.7,76.0,120.0,0.456788,1010.4,5.6,13.0,0.3
2022-02-22 00:00:00,2.8,82.0,100.0,0.598159,1010.7,5.6,7.6,0.0
2022-02-22 01:00:00,2.3,86.0,160.0,0.667454,1011.1,4.4,9.4,0.1
2022-02-22 02:00:00,1.8,86.0,60.0,0.710456,1011.6,3.9,9.4,0.8
2022-02-22 03:00:00,1.7,89.0,10.0,0.696317,1012.4,3.3,5.4,0.3
2022-02-22 04:00:00,1.2,89.0,330.0,0.656845,1012.6,2.8,7.6,0.3
2022-02-22 05:00:00,1.0,92.0,320.0,0.622819,1013.0,2.2,9.4,0.0
2022-02-22 06:00:00,0.5,92.0,0.0,0.553892,1013.8,1.7,0.0,0.0
2022-02-22 07:00:00,0.5,92.0,320.0,0.519204,1014.2,1.7,11.2,0.0
2022-02-22 08:00:00,0.6,89.0,340.0,0.493049,1014.9,2.2,11.2,0.0
2022-02-22 09:00:00,-0.1,85.0,330.0,0.501343,1015.4,2.2,9.4,0.0
2022-02-22 10:00:00,-0.6,82.0,30.0,0.500251,1015.9,2.2,9.4,0.0
2022-02-22 11:00:00,-2.1,73.0,10.0,0.522558,1016.4,2.2,11.2,0.0
2022-02-22 12:00:00,-3.2,73.0,10.0,0.575367,1016.8,1.1,11.2,0.0
2022-02-22 13:00:00,-4.3,67.0,10.0,0.655225,1017.7,1.1,13.0,0.0
2022-02-22 14:00:00,-5.0,64.0,10.0,0.74676,1018.5,1.1,14.8,0.0
2022-02-22 15:00:00,-6.1,61.0,30.0,0.802104,1019.3,0.6,16.6,0.0
2022-02-22 16:00:00,-6.7,58.0,40.0,0.720401,1020.2,0.6,16.6,0.0
2022-02-22 17:00:00,-6.6,54.0,50.0,0.602567,1021.1,1.7,18.4,0.0
2022-02-22 18:00:00,-8.2,46.0,40.0,0.515133,1021.7,2.2,22.3,0.0
2022-02-22 19:00:00,-8.3,44.0,60.0,0.470516,1022.3,2.8,25.9,0.0
2022-02-22 20:00:00,-7.2,46.0,40.0,0.442677,1022.6,3.3,16.6,0.0
2022-02-22 21:00:00,-7.3,44.0,40.0,0.420135,1022.3,3.9,20.5,0.0
2022-02-22 22:00:00,-7.1,43.0,40.0,0.42145,1022.4,4.4,31.7,0.0
2022-02-22 23:00:00,-7.1,43.0,40.0,0.471626,1022.5,4.4,16.6,0.0
2022-02-23 00:00:00,-8.2,41.0,30.0,0.561406,1023.1,3.9,29.5,0.0
2022-02-23 01:00:00,-9.4,42.0,40.0,0.682359,1023.6,2.2,27.7,0.0
2022-02-23 02:00:00,-10.0,45.0,40.0,0.784809,1024.3,0.6,25.9,0.0
2022-02-23 03:00:00,-9.5,51.0,50.0,0.800141,1025.4,-0.6,16.6,0.0
2022-02-23 04:00:00,-10.5,47.0,30.0,0.786981,1026.1,-0.6,14.8,0.0
2022-02-23 05:00:00,-11.0,47.0,30.0,0.743693,1026.6,-1.1,24.1,0.0
2022-02-23 06:00:00,-11.8,46.0,30.0,0.696747,1027.3,-1.7,18.4,0.0
2022-02-23 07:00:00,-12.1,45.0,30.0,0.661526,1027.7,-1.7,16.6,0.0
2022-02-23 08:00:00,-12.3,46.0,20.0,0.647766,1027.9,-2.2,16.6,0.0
2022-02-23 09:00:00,-13.4,42.0,20.0,0.648411,1028.1,-2.2,16.6,0.0
2022-02-23 10:00:00,-13.4,44.0,20.0,0.667399,1028.2,-2.8,18.4,0.0
2022-02-23 11:00:00,-13.9,42.0,20.0,0.686979,1028.4,-2.8,14.8,0.0
2022-02-23 12:00:00,-13.8,44.0,30.0,0.732051,1028.3,-3.3,20.5,0.0
2022-02-23 13:00:00,-13.8,46.0,10.0,0.813436,1028.7,-3.9,16.6,0.0
2022-02-23 14:00:00,-14.4,44.0,360.0,0.923448,1029.0,-3.9,18.4,0.0
2022-02-23 15:00:00,-14.4,42.0,10.0,0.960614,1029.1,-3.3,16.6,0.0
2022-02-23 16:00:00,-14.2,41.0,20.0,0.823905,1029.6,-2.8,20.5,0.0
2022-02-23 17:00:00,-15.0,34.0,10.0,0.704503,1030.0,-1.1,13.0,0.0
2022-02-23 18:00:00,-14.4,33.0,20.0,0.604095,1030.2,0.0,14.8,0.0
2022-02-23 19:00:00,-13.8,32.0,60.0,0.543486,1029.9,1.1,18.4,0.0
2022-02-23 20:00:00,-13.3,32.0,70.0,0.491274,1029.6,1.7,14.8,0.0
2022-02-23 21:00:00,-12.7,31.0,50.0,0.462177,1029.0,2.8,14.8,0.0
2022-02-23 22:00:00,-13.4,27.0,30.0,0.465101,1028.6,3.9,9.4,0.0
2022-02-23 23:00:00,-13.4,27.0,350.0,0.506325,1028.4,3.9,13.0,0.0
2022-02-24 00:00:00,-13.9,25.0,30.0,0.573602,1028.3,4.4,9.4,0.0
2022-02-24 01:00:00,-13.4,27.0,20.0,0.685086,1028.1,3.9,13.0,0.0
2022-02-24 02:00:00,-12.1,35.0,60.0,0.752336,1028.2,1.7,7.6,0.0
2022-02-24 03:00:00,-12.1,38.0,340.0,0.771671,1028.2,0.6,9.4,0.0
2022-02-24 04:00:00,-10.5,49.0,0.0,0.756422,1028.3,-1.1,0.0,0.0
2022-02-24 05:00:00,-8.9,60.0,0.0,0.734955,1028.3,-2.2,0.0,0.0
2022-02-24 06:00:00,-7.8,71.0,290.0,0.676875,1028.6,-3.3,7.6,0.0
2022-02-24 07:00:00,-7.8,71.0,0.0,0.647688,1028.8,-3.3,0.0,0.0
2022-02-24 08:00:00,-7.7,66.0,0.0,0.625207,1028.6,-2.2,0.0,0.0
2022-02-24 09:00:00,-6.6,75.0,0.0,0.625996,1028.5,-2.8,0.0,0.0
2022-02-24 10:00:00,-6.6,69.0,0.0,0.612604,1028.2,-1.7,0.0,0.0
2022-02-24 11:00:00,-5.5,75.0,0.0,0.621669,1028.0,-1.7,0.0,0.0
2022-02-24 12:00:00,-4.4,78.0,100.0,0.65778,1027.9,-1.1,5.4,0.0
2022-02-24 13:00:00,-5.6,69.0,30.0,0.721626,1028.3,-0.6,5.4,0.0
2022-02-24 14:00:00,-5.0,72.0,50.0,0.801212,1028.6,-0.6,7.6,0.0
2022-02-24 15:00:00,-5.6,69.0,0.0,0.849156,1029.0,-0.6,0.0,0.0
2022-02-24 16:00:00,-5.6,66.0,0.0,0.797791,1029.9,0.0,0.0,0.0
2022-02-24 17:00:00,-6.7,58.0,0.0,0.773242,1030.7,0.6,0.0,0.0
2022-02-24 18:00:00,-6.0,59.0,0.0,0.74497,1031.2,1.1,0.0,0.0
2022-02-24 19:00:00,-5.7,58.0,40.0,0.680284,1031.5,1.7,5.4,0.0
2022-02-24 20:00:00,-5.6,54.0,0.0,0.63262,1031.6,2.8,0.0,0.0
2022-02-24 21:00:00,-4.3,55.0,350.0,0.596382,1031.1,3.9,7.6,0.0
2022-02-24 22:00:00,-3.9,55.0,0.0,0.573811,1030.9,4.4,0.0,0.0
2022-02-24 23:00:00,-3.3,55.0,0.0,0.561282,1031.0,5.0,0.0,0.0
2022-02-25 00:00:00,-2.3,57.0,90.0,0.634492,1030.8,5.6,7.6,0.0
2022-02-25 01:00:00,-1.7,62.0,90.0,0.67832,1030.8,5.0,5.4,0.0
2022-02-25 02:00:00,-1.6,65.0,0.0,0.705046,1030.7,4.4,0.0,0.0
2022-02-25 03:00:00,-1.7,67.0,0.0,0.707645,1031.2,3.9,0.0,0.0
2022-02-25 04:00:00,-2.3,75.0,80.0,0.690479,1031.0,1.7,5.4,0.0
2022-02-25 05:00:00,-2.1,82.0,330.0,0.653448,1031.2,0.6,7.6,0.0
2022-02-25 06:00:00,-3.9,81.0,350.0,0.615662,1031.5,-1.1,11.2,0.0
2022-02-25 07:00:00,-3.9,85.0,30.0,0.587189,1031.6,-1.7,5.4,0.0
2022-02-25 08:00:00,-3.3,85.0,330.0,0.592838,1031.4,-1.1,5.4,0.0
2022-02-25 09:00:00,-5.0,88.0,310.0,0.596287,1031.7,-3.3,7.6,0.0
2022-02-25 10:00:00,-5.6,88.0,280.0,0.614107,1031.9,-3.9,5.4,0.0
2022-02-25 11:00:00,-5.0,85.0,350.0,0.637672,1031.7,-2.8,7.6,0.0
2022-02-25 12:00:00,-5.6,88.0,340.0,0.665744,1031.5,-3.9,7.6,0.0
2022-02-25 13:00:00,-5.6,88.0,360.0,0.750175,1031.4,-3.9,9.4,0.0
2022-02-25 14:00:00,-6.1,88.0,360.0,0.850831,1031.3,-4.4,9.4,0.0
2022-02-25 15:00:00,-6.1,88.0,360.0,0.872485,1031.1,-4.4,7.6,0.0
2022-02-25 16:00:00,-4.4,85.0,340.0,0.752332,1031.0,-2.2,9.4,0.0
2022-02-25 17:00:00,-3.2,79.0,360.0,0.627791,1030.7,0.0,11.2,0.0
2022-02-25 18:00:00,-5.0,59.0,350.0,0.521993,1030.0,2.2,9.4,0.0
2022-02-25 19:00:00,-4.7,53.0,0.0,0.441389,1029.0,4.0,0.0,0.0
2022-02-25 20:00:00,-4.4,53.0,0.0,0.40539,1029.0,4.4,0.0,0.0
2022-02-25 21:00:00,-5.0,43.0,12.0,0.373959,1027.8,6.7,5.4,0.0
2022-02-25 22:00:00,-5.7,38.0,0.0,0.378182,1027.3,7.8,0.0,0.0
2022-02-25 23:00:00,-6.1,34.0,0.0,0.418055,1026.8,8.9,0.0,0.0
2022-02-26 00:00:00,-6.0,32.0,90.0,0.504205,1026.2,10.0,5.4,0.0
2022-02-26 01:00:00,-6.7,34.0,60.0,0.569904,1025.8,8.3,9.4,0.0
2022-02-26 02:00:00,-5.0,43.0,340.0,0.639948,1025.6,6.7,7.6,0.0
2022-02-26 03:00:00,-4.3,55.0,10.0,0.625278,1025.2,3.9,9.4,0.0
2022-02-26 04:00:00,-5.0,61.0,360.0,0.621998,1025.2,1.7,9.4,0.0
2022-02-26 05:00:00,-5.0,69.0,340.0,0.61263,1025.0,0.0,7.6,0.0
2022-02-26 06:00:00,-5.0,69.0,10.0,0.59443,1024.8,0.0,5.4,0.0
2022-02-26 07:00:00,-5.0,69.0,340.0,0.565984,1025.0,0.0,11.2,0.0
2022-02-26 08:00:00,-4.3,76.0,360.0,0.538742,1025.1,-0.6,9.4,0.0
2022-02-26 09:00:00,-4.3,76.0,360.0,0.526911,1024.7,-0.6,11.2,0.0
2022-02-26 10:00:00,-5.0,72.0,0.0,0.537867,1024.5,-0.6,0.0,0.0
2022-02-26 11:00:00,-4.4,72.0,350.0,0.545915,1024.3,0.0,9.4,0.0
2022-02-26 12:00:00,-4.4,72.0,340.0,0.567972,1023.8,0.0,13.0,0.0
2022-02-26 13:00:00,-4.4,72.0,0.0,0.597055,1023.9,0.0,0.0,0.0
2022-02-26 14:00:00,-5.0,69.0,0.0,0.66034,1023.8,0.0,0.0,0.0
2022-02-26 15:00:00,-4.4,82.0,0.0,0.723295,1023.9,-1.7,0.0,0.0
2022-02-26 16:00:00,-3.2,79.0,0.0,0.722255,1023.9,0.0,0.0,0.0
2022-02-26 17:00:00,-3.9,64.0,0.0,0.702371,1024.0,2.2,0.0,0.0
2022-02-26 18:00:00,-3.9,57.0,0.0,0.644333,1023.9,3.9,0.0,0.0
2022-02-26 19:00:00,-3.8,53.0,0.0,0.632432,1023.8,5.0,0.0,0.0
2022-02-26 20:00:00,-3.2,53.0,0.0,0.65093,1023.7,5.6,0.0,0.0
2022-02-26 21:00:00,0.0,70.0,0.0,0.641665,1023.2,5.0,0.0,0.5
2022-02-26 22:00:00,1.8,86.0,350.0,0.621481,1022.7,3.9,9.4,0.8
2022-02-26 23:00:00,2.7,89.0,350.0,0.608715,1022.5,4.4,9.4,0.5
2022-02-27 00:00:00,2.7,89.0,340.0,0.629784,1022.2,4.4,7.6,0.3
2022-02-27 01:00:00,2.9,93.0,350.0,0.654645,1021.4,3.9,11.2,0.8
2022-02-27 02:00:00,2.9,93.0,350.0,0.655118,1020.9,3.9,9.4,0.8
2022-02-27 03:00:00,2.9,93.0,350.0,0.649279,1020.6,3.9,11.2,1.3
2022-02-27 04:00:00,3.3,96.0,330.0,0.602836,1020.7,3.9,9.4,0.3
2022-02-27 05:00:00,2.9,93.0,360.0,0.569609,1020.4,3.9,7.6,0.3
2022-02-27 06:00:00,3.3,96.0,0.0,0.530062,1020.9,3.9,0.0,1.0
2022-02-27 07:00:00,3.9,100.0,0.0,0.486369,1021.1,3.9,0.0,0.8
2022-02-27 08:00:00,3.3,96.0,100.0,0.458206,1020.9,3.9,7.6,0.4
2022-02-27 09:00:00,4.0,97.0,110.0,0.438153,1021.3,4.4,5.4,0.3
2022-02-27 10:00:00,4.0,97.0,110.0,0.417191,1020.9,4.4,9.4,0.0
2022-02-27 11:00:00,5.0,100.0,0.0,0.417801,1020.8,5.0,0.0,0.0
2022-02-27 12:00:00,5.0,96.0,120.0,0.432959,1021.0,5.6,9.4,0.0
2022-02-27 13:00:00,7.2,86.0,180.0,0.457787,1021.1,9.4,20.5,0.0
2022-02-27 14:00:00,7.2,86.0,180.0,0.488474,1021.8,9.4,20.5,0.0
2022-02-27 15:00:00,7.2,86.0,170.0,0.538699,1022.0,9.4,25.9,0.0
2022-02-27 16:00:00,7.2,86.0,170.0,0.574759,1022.5,9.4,22.3,0.1
2022-02-27 17:00:00,8.3,89.0,190.0,0.589326,1023.2,10.0,18.4,0.3
2022-02-27 18:00:00,8.4,86.0,190.0,0.548709,1023.4,10.6,14.8,0.1
2022-02-27 19:00:00,8.4,80.0,170.0,0.554446,1022.8,11.7,18.4,0.0
2022-02-27 20:00:00,8.4,80.0,180.0,0.536017,1022.8,11.7,24.1,0.7
2022-02-27 21:00:00,8.4,80.0,190.0,0.530626,1022.4,11.7,16.6,0.8
2022-02-27 22:00:00,8.3,77.0,200.0,0.558381,1021.6,12.2,14.8,0.2
2022-02-27 23:00:00,9.4,89.0,180.0,0.573874,1021.2,11.1,11.2,1.0
2022-02-28 00:00:00,9.4,89.0,170.0,0.59072,1020.8,11.1,18.4,1.8
2022-02-28 01:00:00,10.0,96.0,200.0,0.587587,1020.2,10.6,5.4,1.3
2022-02-28 02:00:00,9.4,92.0,130.0,0.587991,1019.0,10.6,9.4,0.5
2022-02-28 03:00:00,9.4,89.0,210.0,0.577292,1019.5,11.1,14.8,0.5
2022-02-28 04:00:00,9.4,92.0,150.0,0.553183,1017.8,10.6,22.3,0.1
2022-02-28 05:00:00,10.0,93.0,140.0,0.492735,1017.9,11.1,14.8,0.0
2022-02-28 06:00:00,9.4,83.0,180.0,0.43647,1018.2,12.2,22.3,0.0
2022-02-28 07:00:00,9.4,77.0,190.0,0.381763,1017.7,13.3,27.7,0.1
2022-02-28 08:00:00,10.0,83.0,180.0,0.361885,1016.5,12.8,20.5,0.8
2022-02-28 09:00:00,10.6,90.0,190.0,0.35165,1016.5,12.2,25.9,1.8
2022-02-28 10:00:00,11.1,93.0,180.0,0.339219,1016.6,12.2,14.8,0.8
2022-02-28 11:00:00,11.0,89.0,170.0,0.344832,1015.7,12.8,20.5,2.3
2022-02-28 12:00:00,11.0,89.0,170.0,0.373384,1015.2,12.8,20.5,0.8
2022-02-28 13:00:00,11.0,89.0,180.0,0.437761,1014.6,12.8,27.7,1.0
2022-02-28 14:00:00,11.7,93.0,180.0,0.506292,1014.7,12.8,25.9,2.8
2022-02-28 15:00:00,11.7,93.0,170.0,0.530862,1013.4,12.8,24.1,2.0
2022-02-28 16:00:00,11.7,93.0,190.0,0.526712,1014.7,12.8,27.7,5.3
2022-02-28 17:00:00,12.2,93.0,180.0,0.536451,1014.8,13.3,18.4,6.4
2022-02-28 18:00:00,12.2,93.0,190.0,0.539818,1015.2,13.3,24.1,10.4
2022-02-28 19:00:00,12.2,93.0,200.0,0.543373,1016.1,13.3,27.7,5.8
2022-02-28 20:00:00,12.2,93.0,190.0,0.527286,1016.8,13.3,27.7,1.8
2022-02-28 21:00:00,12.8,93.0,190.0,0.500199,1016.7,13.9,20.5,0.3
2022-02-28 22:00:00,12.3,90.0,180.0,0.50654,1016.0,13.9,27.7,0.0
2022-02-28 23:00:00,12.3,87.0,180.0,0.50302,1015.5,14.4,40.7,0.1
2022-03-01 00:00:00,12.3,87.0,170.0,0.513476,1015.8,14.4,29.5,0.3
2022-03-01 01:00:00,12.3,87.0,180.0,0.544661,1015.8,14.4,25.9,0.9
2022-03-01 02:00:00,11.7,84.0,180.0,0.569387,1015.1,14.4,35.3,0.0
2022-03-01 03:00:00,10.6,78.0,180.0,0.558653,1015.0,14.4,37.1,0.0
2022-03-01 04:00:00,10.7,81.0,200.0,0.517348,1015.6,13.9,29.5,0.6
2022-03-01 05:00:00,10.7,84.0,200.0,0.452624,1016.4,13.3,22.3,0.5
2022-03-01 06:00:00,11.0,89.0,180.0,0.402699,1016.5,12.8,29.5,2.3
2022-03-01 07:00:00,11.7,93.0,190.0,0.354783,1016.9,12.8,20.5,2.3
2022-03-01 08:00:00,11.7,97.0,190.0,0.338897,1017.5,12.2,20.5,2.8
2022-03-01 09:00:00,11.7,97.0,240.0,0.330672,1018.0,12.2,11.2,3.6
2022-03-01 10:00:00,11.7,97.0,200.0,0.321991,1018.3,12.2,13.0,3.6
2022-03-01 11:00:00,11.7,100.0,0.0,0.328406,1018.4,11.7,0.0,0.5
2022-03-01 12:00:00,11.1,96.0,160.0,0.353108,1018.6,11.7,5.4,0.5
2022-03-01 13:00:00,11.1,100.0,140.0,0.402262,1018.7,11.1,9.4,0.3
2022-03-01 14:00:00,11.1,100.0,140.0,0.486224,1018.8,11.1,13.0,0.0
2022-03-01 15:00:00,11.1,100.0,140.0,0.510648,1020.0,11.1,7.6,0.0
2022-03-01 16:00:00,11.1,96.0,0.0,0.495974,1019.4,11.7,0.0,0.1
2022-03-01 17:00:00,11.7,97.0,190.0,0.465979,1019.7,12.2,7.6,0.0
2022-03-01 18:00:00,11.7,93.0,190.0,0.46902,1019.6,12.8,14.8,0.3
2022-03-01 19:00:00,12.2,93.0,190.0,0.443847,1020.1,13.3,11.2,0.3
2022-03-01 20:00:00,11.8,87.0,210.0,0.432112,1020.3,13.9,14.8,0.0
2022-03-01 21:00:00,12.8,93.0,200.0,0.453624,1019.8,13.9,16.6,0.5
2022-03-01 22:00:00,12.8,97.0,190.0,0.43509,1019.6,13.3,9.4,0.3
2022-03-01 23:00:00,12.3,90.0,220.0,0.463924,1019.7,13.9,7.6,0.1
2022-03-02 00:00:00,11.0,89.0,230.0,0.49089,1019.9,12.8,9.4,0.3
2022-03-02 01:00:00,9.9,86.0,140.0,0.514677,1019.0,12.2,7.6,0.3
2022-03-02 02:00:00,11.7,97.0,140.0,0.529897,1019.3,12.2,7.6,0.0
2022-03-02 03:00:00,11.7,100.0,0.0,0.527406,1019.3,11.7,0.0,0.3
2022-03-02 04:00:00,11.1,100.0,0.0,0.505163,1020.0,11.1,0.0,0.1
2022-03-02 05:00:00,11.1,100.0,0.0,0.466122,1019.7,11.1,0.0,0.6
2022-03-02 06:00:00,11.1,100.0,130.0,0.403302,1019.5,11.1,5.4,0.3
2022-03-02 07:00:00,11.1,100.0,120.0,0.358853,1019.6,11.1,5.4,0.0
2022-03-02 08:00:00,10.6,100.0,110.0,0.334378,1019.5,10.6,5.4,0.0
2022-03-02 09:00:00,10.6,100.0,0.0,0.331336,1019.0,10.6,0.0,0.2
2022-03-02 10:00:00,10.6,100.0,110.0,0.327867,1018.8,10.6,5.4,0.0
2022-03-02 11:00:00,10.6,100.0,110.0,0.332866,1018.0,10.6,7.6,0.2
2022-03-02 12:00:00,10.6,100.0,0.0,0.360688,1017.9,10.6,0.0,0.8
2022-03-02 13:00:00,10.0,100.0,0.0,0.409855,1018.0,10.0,0.0,0.9
2022-03-02 14:00:00,10.0,100.0,0.0,0.479807,1017.5,10.0,0.0,0.3
2022-03-02 15:00:00,10.0,100.0,0.0,0.516342,1017.5,10.0,0.0,1.0
2022-03-02 16:00:00,10.6,100.0,0.0,0.504832,1017.9,10.6,0.0,1.0
2022-03-02 17:00:00,11.1,100.0,220.0,0.482152,1017.9,11.1,5.4,0.5
2022-03-02 18:00:00,11.1,100.0,250.0,0.495372,1017.9,11.1,5.4,0.3
2022-03-02 19:00:00,10.6,97.0,250.0,0.493415,1018.6,11.1,13.0,0.5
2022-03-02 20:00:00,10.0,96.0,250.0,0.497252,1018.9,10.6,9.4,0.5
2022-03-02 21:00:00,10.6,97.0,220.0,0.464814,1018.2,11.1,9.4,0.5
2022-03-02 22:00:00,10.6,97.0,230.0,0.462751,1017.7,11.1,7.6,0.3
2022-03-02 23:00:00,10.6,93.0,200.0,0.479132,1017.8,11.7,9.4,0.5
2022-03-03 00:00:00,10.6,97.0,220.0,0.497395,1017.8,11.1,13.0,0.5
2022-03-03 01:00:00,9.4,89.0,240.0,0.562163,1017.7,11.1,7.6,0.3
2022-03-03 02:00:00,9.4,96.0,230.0,0.572918,1017.6,10.0,9.4,0.3
2022-03-03 03:00:00,9.4,100.0,230.0,0.555594,1018.1,9.4,11.2,0.3
2022-03-03 04:00:00,8.9,97.0,220.0,0.53812,1017.8,9.4,9.4,0.3
2022-03-03 05:00:00,8.3,96.0,240.0,0.483847,1018.2,8.9,9.4,0.1
2022-03-03 06:00:00,8.3,96.0,240.0,0.437515,1018.6,8.9,13.0,0.1
2022-03-03 07:00:00,8.3,100.0,250.0,0.387408,1018.8,8.3,9.4,0.1
2022-03-03 08:00:00,7.9,97.0,240.0,0.37771,1018.8,8.3,11.2,0.0
2022-03-03 09:00:00,7.8,100.0,240.0,0.3728,1019.0,7.8,11.2,0.0
2022-03-03 10:00:00,7.8,100.0,0.0,0.372403,1019.4,7.8,0.0,0.0
2022-03-03 11:00:00,7.8,100.0,260.0,0.373977,1019.2,7.8,7.6,0.0
2022-03-03 12:00:00,7.8,100.0,0.0,0.414029,1019.6,7.8,0.0,0.5
2022-03-03 13:00:00,6.8,97.0,340.0,0.477037,1020.0,7.2,7.6,1.0
2022-03-03 14:00:00,5.7,97.0,0.0,0.55637,1020.3,6.1,0.0,0.0
2022-03-03 15:00:00,5.0,96.0,360.0,0.59608,1020.7,5.6,7.6,0.0
2022-03-03 16:00:00,5.0,100.0,0.0,0.506747,1021.4,5.0,0.0,0.0
2022-03-03 17:00:00,5.0,86.0,0.0,0.413352,1021.8,7.2,0.0,0.0
2022-03-03 18:00:00,5.1,83.0,250.0,0.34284,1022.1,7.8,5.4,0.0
2022-03-03 19:00:00,5.1,80.0,280.0,0.291068,1021.9,8.3,5.4,0.0
2022-03-03 20:00:00,5.0,74.0,0.0,0.367724,1021.9,9.4,0.0,0.0
2022-03-03 21:00:00,5.6,71.0,200.0,0.391161,1021.2,10.6,9.4,0.0
2022-03-03 22:00:00,6.2,74.0,230.0,0.330092,1020.8,10.6,11.2,0.1
2022-03-03 23:00:00,6.2,83.0,80.0,0.32951,1020.5,8.9,14.8,0.0
2022-03-04 00:00:00,6.2,77.0,0.0,0.393464,1020.5,10.0,0.0,0.0
2022-03-04 01:00:00,4.4,68.0,310.0,0.495818,1020.4,10.0,13.0,0.0
2022-03-04 02:00:00,3.9,74.0,280.0,0.558824,1021.0,8.3,9.4,0.0
2022-03-04 03:00:00,3.3,76.0,300.0,0.554911,1021.4,7.2,20.5,0.0
2022-03-04 04:00:00,3.3,85.0,280.0,0.543518,1021.4,5.6,9.4,0.0
2022-03-04 05:00:00,3.9,100.0,210.0,0.513223,1021.6,3.9,9.4,0.0
2022-03-04 06:00:00,2.8,100.0,240.0,0.482635,1021.7,2.8,9.4,0.0
2022-03-04 07:00:00,3.9,100.0,260.0,0.453348,1021.4,3.9,5.4,0.0
2022-03-04 08:00:00,3.3,100.0,290.0,0.454592,1021.1,3.3,5.4,0.0
2022-03-04 09:00:00,1.7,100.0,90.0,0.446619,1020.8,1.7,5.4,0.0
2022-03-04 10:00:00,1.7,100.0,310.0,0.449522,1020.6,1.7,7.6,0.0
2022-03-04 11:00:00,2.8,100.0,0.0,0.446787,1020.0,2.8,0.0,0.0
2022-03-04 12:00:00,3.3,100.0,350.0,0.467803,1019.5,3.3,5.4,0.0
2022-03-04 13:00:00,3.3,100.0,280.0,0.536455,1019.5,3.3,5.4,0.3
2022-03-04 14:00:00,3.3,100.0,0.0,0.600752,1019.1,3.3,0.0,0.0
2022-03-04 15:00:00,3.3,100.0,320.0,0.627202,1018.9,3.3,5.4,0.0
2022-03-04 16:00:00,3.9,100.0,340.0,0.63022,1019.1,3.9,5.4,0.0
2022-03-04 17:00:00,4.4,100.0,330.0,0.578447,1019.1,4.4,5.4,0.0
2022-03-04 18:00:00,5.6,100.0,320.0,0.533422,1018.8,5.6,7.6,0.0
2022-03-04 19:00:00,5.0,86.0,40.0,0.482732,1018.7,7.2,9.4,0.0
2022-03-04 20:00:00,5.1,80.0,10.0,0.366772,1018.5,8.3,13.0,0.0
2022-03-04 21:00:00,4.3,73.0,20.0,0.332597,1017.8,8.9,9.4,0.0
2022-03-04 22:00:00,3.4,66.0,20.0,0.370191,1017.3,9.4,9.4,0.0
2022-03-04 23:00:00,3.8,63.0,350.0,0.402293,1017.2,10.6,16.6,0.0
2022-03-05 00:00:00,4.4,68.0,350.0,0.414822,1017.4,10.0,13.0,0.0
2022-03-05 01:00:00,3.9,71.0,340.0,0.514727,1017.5,8.9,18.4,0.0
2022-03-05 02:00:00,4.3,76.0,340.0,0.566666,1018.0,8.3,14.8,0.0
2022-03-05 03:00:00,4.0,80.0,340.0,0.55459,1018.7,7.2,13.0,0.0
2022-03-05 04:00:00,3.3,82.0,310.0,0.52452,1019.2,6.1,7.6,0.0
2022-03-05 05:00:00,3.3,85.0,290.0,0.522612,1019.6,5.6,7.6,0.0
2022-03-05 06:00:00,3.3,100.0,310.0,0.497184,1020.2,3.3,7.6,0.0
2022-03-05 07:00:00,2.7,89.0,340.0,0.463182,1020.6,4.4,7.6,0.0
2022-03-05 08:00:00,2.2,100.0,280.0,0.455189,1020.7,2.2,5.4,0.0
2022-03-05 09:00:00,1.1,100.0,200.0,0.449328,1021.1,1.1,7.6,0.0
2022-03-05 10:00:00,1.7,100.0,300.0,0.454591,1021.4,1.7,7.6,0.0
2022-03-05 11:00:00,1.1,100.0,0.0,0.475903,1021.5,1.1,0.0,0.0
2022-03-05 12:00:00,0.6,100.0,0.0,0.504568,1021.7,0.6,0.0,0.0
2022-03-05 13:00:00,-0.6,100.0,0.0,0.553024,1022.2,-0.6,0.0,0.0
2022-03-05 14:00:00,-0.6,100.0,0.0,0.608031,1022.8,-0.6,0.0,0.0
2022-03-05 15:00:00,-0.6,100.0,0.0,0.641628,1023.4,-0.6,0.0,0.0
2022-03-05 16:00:00,0.6,100.0,0.0,0.590128,1024.2,0.6,0.0,0.0
2022-03-05 17:00:00,3.3,96.0,0.0,0.480081,1024.9,3.9,0.0,0.0
2022-03-05 18:00:00,4.4,85.0,0.0,0.384692,1025.3,6.7,0.0,0.0
2022-03-05 19:00:00,4.4,71.0,20.0,0.312044,1025.2,9.4,5.4,0.0
2022-03-05 20:00:00,5.6,74.0,110.0,0.2874,1024.9,10.0,7.6,0.0
2022-03-05 21:00:00,6.0,71.0,130.0,0.271545,1024.4,11.1,9.4,0.0
2022-03-05 22:00:00,6.0,71.0,120.0,0.289083,1024.1,11.1,9.4,0.0
2022-03-05 23:00:00,6.2,64.0,350.0,0.327916,1023.9,12.8,5.4,0.0
2022-03-06 00:00:00,2.2,47.0,350.0,0.420463,1024.1,13.3,18.4,0.0
2022-03-06 01:00:00,5.0,59.0,70.0,0.464785,1024.2,12.8,9.4,0.0
2022-03-06 02:00:00,2.9,59.0,20.0,0.498452,1024.6,10.6,7.6,0.0
2022-03-06 03:00:00,2.7,63.0,0.0,0.517308,1025.3,9.4,0.0,0.0
2022-03-06 04:00:00,5.0,86.0,0.0,0.503845,1025.7,7.2,0.0,0.0
2022-03-06 05:00:00,5.0,96.0,260.0,0.473063,1026.6,5.6,9.4,0.0
2022-03-06 06:00:00,3.9,100.0,240.0,0.454848,1026.8,3.9,11.2,0.0
2022-03-06 07:00:00,3.9,100.0,270.0,0.431453,1026.8,3.9,9.4,0.0
2022-03-06 08:00:00,3.3,100.0,270.0,0.422551,1027.1,3.3,9.4,0.0
2022-03-06 09:00:00,2.2,100.0,0.0,0.416041,1027.1,2.2,0.0,0.0
2022-03-06 10:00:00,1.7,100.0,0.0,0.423798,1027.6,1.7,0.0,0.0
2022-03-06 11:00:00,-1.0,100.0,0.0,0.45105,1027.9,0.6,0.0,0.0
2022-03-06 12:00:00,-0.6,100.0,0.0,0.473782,1028.0,-0.6,0.0,0.0
2022-03-06 13:00:00,-1.0,100.0,330.0,0.523193,1028.7,0.0,5.4,0.0
2022-03-06 14:00:00,-1.1,100.0,330.0,0.562405,1029.0,-1.1,7.6,0.0
2022-03-06 15:00:00,1.0,99.0,340.0,0.610874,1030.1,-0.6,5.4,0.0
2022-03-06 16:00:00,1.9,97.0,0.0,0.643649,1030.9,0.0,0.0,0.0
2022-03-06 17:00:00,5.0,100.0,0.0,0.604137,1031.6,2.2,0.0,0.0
2022-03-06 18:00:00,5.0,100.0,0.0,0.575796,1032.2,5.0,0.0,0.0
2022-03-06 19:00:00,6.1,96.0,0.0,0.527274,1032.3,6.7,0.0,0.0
2022-03-06 20:00:00,5.7,90.0,130.0,0.433352,1032.6,7.2,5.4,0.0
2022-03-06 21:00:00,6.2,83.0,200.0,0.384795,1032.1,8.9,7.6,0.0
2022-03-06 22:00:00,5.0,71.0,0.0,0.326076,1031.8,10.0,0.0,0.0
2022-03-06 23:00:00,6.2,74.0,110.0,0.359114,1031.7,10.6,9.4,0.0
2022-03-07 00:00:00,6.2,74.0,190.0,0.433608,1031.7,10.6,5.4,0.0
2022-03-07 01:00:00,6.2,74.0,140.0,0.510005,1031.5,10.6,9.4,0.0
2022-03-07 02:00:00,6.2,83.0,190.0,0.568395,1031.8,8.9,5.4,0.0
2022-03-07 03:00:00,6.1,93.0,140.0,0.603563,1032.1,7.2,5.4,0.0
2022-03-07 04:00:00,5.6,93.0,0.0,0.579348,1032.6,6.7,0.0,0.0
2022-03-07 05:00:00,3.3,100.0,0.0,0.553981,1033.0,3.3,0.0,0.0
2022-03-07 06:00:00,3.9,100.0,0.0,0.489122,1033.6,3.9,0.0,0.0
2022-03-07 07:00:00,2.2,100.0,330.0,0.441839,1034.0,2.2,5.4,0.0
2022-03-07 08:00:00,1.7,100.0,0.0,0.427098,1034.3,1.7,0.0,0.0
2022-03-07 09:00:00,1.8,97.0,0.0,0.4332,1034.2,2.2,0.0,0.0
2022-03-07 10:00:00,0.0,100.0,120.0,0.44502,1034.4,0.6,5.4,0.0
2022-03-07 11:00:00,0.0,100.0,0.0,0.469857,1035.0,0.0,0.0,0.0
2022-03-07 12:00:00,0.2,97.0,0.0,0.518741,1034.8,-0.6,0.0,0.0
2022-03-07 13:00:00,-0.7,99.0,0.0,0.598018,1034.5,0.0,0.0,0.0
2022-03-07 14:00:00,-0.7,99.0,0.0,0.670558,1035.1,0.0,0.0,0.0
2022-03-07 15:00:00,-0.5,98.0,0.0,0.691567,1035.1,0.0,0.0,0.0
2022-03-07 16:00:00,0.4,95.0,0.0,0.653664,1035.4,1.1,0.0,0.0
2022-03-07 17:00:00,2.4,91.0,0.0,0.629828,1035.3,2.2,0.0,0.0
2022-03-07 18:00:00,4.3,80.0,130.0,0.518985,1035.3,3.3,5.4,0.0
2022-03-07 19:00:00,4.8,68.0,0.0,0.357952,1034.9,4.4,0.0,0.0
2022-03-07 20:00:00,8.9,93.0,0.0,0.314335,1034.2,6.1,0.0,0.0
2022-03-07 21:00:00,8.9,93.0,0.0,0.310243,1033.0,10.0,0.0,0.0
2022-03-07 22:00:00,9.4,86.0,20.0,0.327233,1032.2,11.7,5.4,0.0
2022-03-07 23:00:00,9.9,89.0,350.0,0.379611,1031.8,11.7,11.2,0.0
2022-03-08 00:00:00,9.4,86.0,350.0,0.401142,1031.6,11.7,13.0,0.0
2022-03-08 01:00:00,9.4,86.0,310.0,0.496503,1031.1,11.7,9.4,0.0
2022-03-08 02:00:00,8.9,89.0,290.0,0.562293,1031.3,10.6,7.6,0.0
2022-03-08 03:00:00,6.7,100.0,220.0,0.575815,1031.5,6.7,9.4,0.0
2022-03-08 04:00:00,6.1,100.0,260.0,0.554829,1031.8,6.1,7.6,0.0
2022-03-08 05:00:00,5.0,100.0,250.0,0.512834,1031.9,5.0,9.4,0.0
2022-03-08 06:00:00,5.7,97.0,250.0,0.463866,1031.8,6.1,5.4,0.0
2022-03-08 07:00:00,5.0,100.0,260.0,0.431009,1031.5,5.0,7.6,0.0
2022-03-08 08:00:00,4.4,100.0,260.0,0.423222,1031.5,4.4,5.4,0.0
2022-03-08 09:00:00,3.3,100.0,270.0,0.417461,1031.2,3.3,5.4,0.0
2022-03-08 10:00:00,3.9,100.0,0.0,0.426657,1031.0,3.9,0.0,0.0
2022-03-08 11:00:00,5.0,100.0,240.0,0.445833,1030.7,5.0,11.2,0.0
2022-03-08 12:00:00,4.4,100.0,240.0,0.468477,1030.2,4.4,13.0,0.0
2022-03-08 13:00:00,5.6,100.0,240.0,0.547585,1029.8,5.6,18.4,0.0
2022-03-08 14:00:00,5.6,100.0,230.0,0.610011,1029.5,5.6,11.2,0.0
2022-03-08 15:00:00,6.1,100.0,230.0,0.633456,1029.4,6.1,16.6,0.0
2022-03-08 16:00:00,6.1,100.0,230.0,0.612409,1029.1,6.1,13.0,0.0
2022-03-08 17:00:00,6.7,100.0,220.0,0.550542,1028.8,6.7,13.0,0.0
2022-03-08 18:00:00,7.2,100.0,220.0,0.542337,1028.3,7.2,22.3,0.0
2022-03-08 19:00:00,6.7,93.0,200.0,0.493073,1027.8,7.8,14.8,0.0
2022-03-08 20:00:00,7.2,89.0,220.0,0.456488,1027.1,8.9,13.0,0.0
2022-03-08 21:00:00,7.3,80.0,220.0,0.478288,1026.1,10.6,18.4,0.0
2022-03-08 22:00:00,4.9,61.0,240.0,0.359126,1025.0,12.2,22.3,0.0
2022-03-08 23:00:00,5.0,66.0,240.0,0.492972,1024.3,11.1,22.3,0.0
2022-03-09 00:00:00,4.5,66.0,260.0,0.514722,1024.0,10.6,24.1,0.0
2022-03-09 01:00:00,3.3,63.0,260.0,0.582295,1023.5,10.0,20.5,0.0
2022-03-09 02:00:00,5.1,77.0,240.0,0.64566,1023.3,8.9,16.6,0.0
2022-03-09 03:00:00,5.1,83.0,240.0,0.620715,1023.1,7.8,16.6,0.0
2022-03-09 04:00:00,5.7,90.0,230.0,0.578554,1022.7,7.2,13.0,0.0
2022-03-09 05:00:00,6.1,93.0,230.0,0.550402,1022.5,7.2,13.0,0.0
2022-03-09 06:00:00,6.8,97.0,240.0,0.467953,1022.4,7.2,13.0,0.0
2022-03-09 07:00:00,6.8,97.0,230.0,0.419026,1021.8,7.2,14.8,0.0
2022-03-09 08:00:00,7.2,100.0,230.0,0.397451,1021.3,7.2,16.6,0.0
2022-03-09 09:00:00,7.2,100.0,230.0,0.386869,1021.2,7.2,14.8,0.0
2022-03-09 10:00:00,7.2,100.0,230.0,0.383459,1021.0,7.2,9.4,0.0
2022-03-09 11:00:00,6.1,100.0,130.0,0.401433,1021.0,6.1,7.6,0.2
2022-03-09 12:00:00,6.1,100.0,20.0,0.43467,1021.0,6.1,11.2,0.2
2022-03-09 13:00:00,4.7,96.0,90.0,0.49874,1020.6,6.1,5.4,0.5
2022-03-09 14:00:00,4.5,98.0,0.0,0.572804,1020.6,5.6,0.0,0.0
2022-03-09 15:00:00,4.2,99.0,70.0,0.590592,1020.7,5.6,5.4,0.0
2022-03-09 16:00:00,4.8,96.0,50.0,0.584956,1021.0,4.4,18.4,0.3
2022-03-09 17:00:00,5.1,95.0,10.0,0.579759,1021.4,5.0,9.4,0.1
2022-03-09 18:00:00,3.5,73.0,340.0,0.501207,1021.5,6.7,14.8,0.1
2022-03-09 19:00:00,3.3,73.0,10.0,0.374916,1021.5,7.8,18.4,0.0
2022-03-09 20:00:00,2.9,66.0,10.0,0.387621,1021.5,8.9,18.4,0.0
2022-03-09 21:00:00,1.1,56.0,20.0,0.305772,1021.5,9.4,18.4,0.0
2022-03-09 22:00:00,0.0,48.0,50.0,0.300311,1021.4,10.6,20.5,0.0
2022-03-09 23:00:00,-1.8,42.0,20.0,0.335521,1021.3,10.6,16.6,0.0
2022-03-10 00:00:00,-2.1,41.0,30.0,0.414773,1021.5,10.6,18.4,0.0
2022-03-10 01:00:00,-2.7,41.0,40.0,0.503476,1022.0,10.0,24.1,0.0
2022-03-10 02:00:00,-2.8,47.0,40.0,0.588923,1022.7,7.8,16.6,0.0
2022-03-10 03:00:00,-2.8,53.0,40.0,0.603819,1023.4,6.1,14.8,0.0
2022-03-10 04:00:00,-3.3,55.0,40.0,0.581695,1024.2,5.0,13.0,0.0
2022-03-10 05:00:00,-2.7,62.0,30.0,0.552503,1024.9,3.9,13.0,0.0
2022-03-10 06:00:00,-3.3,62.0,30.0,0.502858,1025.6,3.3,7.6,0.0
2022-03-10 07:00:00,-2.8,72.0,340.0,0.470912,1026.3,1.7,9.4,0.0
2022-03-10 08:00:00,-2.8,75.0,340.0,0.450409,1026.8,1.1,7.6,0.0
2022-03-10 09:00:00,-3.2,79.0,340.0,0.452958,1027.1,0.0,9.4,0.0
2022-03-10 10:00:00,-4.0,78.0,320.0,0.470233,1027.5,-0.6,7.6,0.0
2022-03-10 11:00:00,-4.3,76.0,320.0,0.497042,1027.2,-0.6,9.4,0.0
2022-03-10 12:00:00,-5.0,78.0,340.0,0.553777,1026.9,-1.7,11.2,0.0
2022-03-10 13:00:00,-5.0,78.0,340.0,0.636678,1027.1,-1.7,9.4,0.0
2022-03-10 14:00:00,-5.0,81.0,340.0,0.763185,1027.6,-2.2,5.4,0.0
2022-03-10 15:00:00,-5.0,78.0,340.0,0.775663,1027.7,-1.7,5.4,0.0
2022-03-10 16:00:00,-3.3,85.0,0.0,0.644397,1028.0,-1.1,0.0,0.0
2022-03-10 17:00:00,-2.8,72.0,0.0,0.514071,1028.6,1.7,0.0,0.0
2022-03-10 18:00:00,-4.4,53.0,0.0,0.407916,1028.8,4.4,0.0,0.0
2022-03-10 19:00:00,-3.8,49.0,90.0,0.354736,1028.9,6.1,7.6,0.0
2022-03-10 20:00:00,-4.3,42.0,90.0,0.391187,1028.7,7.8,11.2,0.0
2022-03-10 21:00:00,-5.7,38.0,140.0,0.329723,1027.9,7.8,7.6,0.0
2022-03-10 22:00:00,-4.0,40.0,34.0,0.320522,1027.6,8.9,5.4,0.0
2022-03-10 23:00:00,-4.0,37.0,120.0,0.370296,1027.2,10.0,9.4,0.0
2022-03-11 00:00:00,-3.3,39.0,120.0,0.482788,1026.6,10.0,9.4,0.0
2022-03-11 01:00:00,-4.5,40.0,90.0,0.533939,1026.7,8.3,5.4,0.0
2022-03-11 02:00:00,-3.9,42.0,0.0,0.589955,1026.3,8.3,0.0,0.0
2022-03-11 03:00:00,-2.3,51.0,0.0,0.597855,1026.6,7.2,0.0,0.0
2022-03-11 04:00:00,-0.6,67.0,0.0,0.587249,1026.7,5.0,0.0,0.0
2022-03-11 05:00:00,0.6,73.0,0.0,0.538924,1027.0,5.0,0.0,0.0
2022-03-11 06:00:00,0.5,76.0,0.0,0.493951,1027.0,4.4,0.0,0.0
2022-03-11 07:00:00,-0.5,76.0,290.0,0.449776,1027.1,3.3,5.4,0.0
2022-03-11 08:00:00,-0.5,73.0,0.0,0.440487,1026.9,3.9,0.0,0.0
2022-03-11 09:00:00,-0.7,78.0,0.0,0.444581,1026.7,2.8,0.0,0.0
2022-03-11 10:00:00,-1.2,88.0,280.0,0.463853,1027.0,0.6,5.4,0.0
2022-03-11 11:00:00,-1.8,88.0,260.0,0.497584,1026.7,0.0,5.4,0.0
2022-03-11 12:00:00,-2.2,89.0,0.0,0.53672,1026.8,-0.6,0.0,0.0
2022-03-11 13:00:00,-2.2,92.0,0.0,0.605397,1026.9,-1.1,0.0,0.0
2022-03-11 14:00:00,-2.2,89.0,0.0,0.702227,1027.2,-0.6,0.0,0.0
2022-03-11 15:00:00,-2.8,92.0,0.0,0.716338,1027.2,-1.7,0.0,0.0
2022-03-11 16:00:00,-1.1,92.0,0.0,0.645233,1027.5,0.0,0.0,0.0
2022-03-11 17:00:00,-1.1,79.0,290.0,0.537379,1027.5,2.2,5.4,0.0
2022-03-11 18:00:00,0.0,70.0,0.0,0.406002,1027.5,5.0,0.0,0.0
2022-03-11 19:00:00,1.6,65.0,0.0,0.350471,1027.2,7.8,0.0,0.0
2022-03-11 20:00:00,1.8,59.0,130.0,0.302057,1026.4,9.4,7.6,0.0
2022-03-11 21:00:00,2.9,59.0,0.0,0.281213,1025.7,10.6,0.0,0.0
2022-03-11 22:00:00,3.2,52.0,210.0,0.335998,1024.6,12.8,5.4,0.0
2022-03-11 23:00:00,2.3,44.0,210.0,0.353712,1023.9,14.4,9.4,0.0
2022-03-12 00:00:00,0.2,35.0,200.0,0.400027,1023.1,15.6,7.6,0.0
2022-03-12 01:00:00,2.8,47.0,200.0,0.448771,1022.7,13.9,7.6,0.0
2022-03-12 02:00:00,1.0,43.0,0.0,0.495497,1022.4,13.3,0.0,0.0
2022-03-12 03:00:00,2.3,61.0,230.0,0.510514,1022.1,9.4,16.6,0.0
2022-03-12 04:00:00,1.2,63.0,250.0,0.487136,1021.8,7.8,16.6,0.0
2022-03-12 05:00:00,0.6,63.0,310.0,0.477181,1021.9,7.2,5.4,0.0
2022-03-12 06:00:00,0.6,65.0,0.0,0.452271,1021.9,6.7,0.0,0.0
2022-03-12 07:00:00,0.0,65.0,270.0,0.41365,1021.8,6.1,5.4,0.0
2022-03-12 08:00:00,0.0,79.0,0.0,0.404826,1021.5,3.3,0.0,0.0
2022-03-12 09:00:00,-0.6,82.0,360.0,0.408732,1021.1,2.2,5.4,0.0
2022-03-12 10:00:00,-0.7,88.0,10.0,0.412257,1020.5,1.1,5.4,0.0
2022-03-12 11:00:00,-1.0,82.0,300.0,0.43573,1019.6,1.7,7.6,0.0
2022-03-12 12:00:00,-2.2,85.0,0.0,0.477715,1018.8,0.0,0.0,0.0
2022-03-12 13:00:00,-2.8,88.0,0.0,0.535719,1018.3,-1.1,0.0,0.0
2022-03-12 14:00:00,-3.3,85.0,0.0,0.593925,1017.7,-1.1,0.0,0.0
2022-03-12 15:00:00,-2.8,92.0,0.0,0.624917,1017.3,-1.7,0.0,0.0
2022-03-12 16:00:00,-1.6,82.0,0.0,0.548797,1016.6,1.1,0.0,0.0
2022-03-12 17:00:00,-0.5,73.0,0.0,0.459714,1015.9,3.9,0.0,0.0
2022-03-12 18:00:00,0.0,65.0,152.0,0.362161,1014.9,6.1,5.4,0.0
2022-03-12 19:00:00,1.1,56.0,0.0,0.292666,1013.2,9.4,0.0,0.0
2022-03-12 20:00:00,2.2,52.0,160.0,0.390891,1011.7,11.7,7.6,0.0
2022-03-12 21:00:00,2.9,51.0,200.0,0.48013,1010.4,12.8,7.6,0.0
2022-03-12 22:00:00,4.4,68.0,210.0,0.489471,1010.5,10.0,22.3,0.3
2022-03-12 23:00:00,6.0,71.0,180.0,0.498494,1009.6,11.1,18.4,0.5
2022-03-13 00:00:00,6.2,77.0,190.0,0.525715,1008.7,10.0,22.3,0.5
2022-03-13 01:00:00,6.7,80.0,160.0,0.539486,1007.6,10.0,20.5,0.8
2022-03-13 02:00:00,7.2,83.0,170.0,0.538134,1007.1,10.0,27.7,1.0
2022-03-13 03:00:00,7.2,86.0,160.0,0.524674,1006.1,9.4,18.4,0.9
2022-03-13 04:00:00,7.8,90.0,170.0,0.507866,1005.5,9.4,24.1,0.8
2022-03-13 05:00:00,6.7,86.0,210.0,0.48097,1006.2,8.9,25.9,0.8
2022-03-13 06:00:00,4.4,79.0,190.0,0.45349,1007.5,7.8,20.5,0.3
2022-03-13 07:00:00,5.0,86.0,180.0,0.418962,1008.3,7.2,20.5,2.0
2022-03-13 08:00:00,4.4,85.0,180.0,0.400801,1008.4,6.7,18.4,1.5
2022-03-13 09:00:00,4.4,85.0,190.0,0.402499,1008.0,6.7,24.1,1.0
2022-03-13 10:00:00,5.1,93.0,180.0,0.400465,1007.7,6.1,24.1,1.8
2022-03-13 11:00:00,3.9,86.0,180.0,0.404868,1007.8,6.1,27.7,0.5
2022-03-13 12:00:00,3.9,89.0,170.0,0.436701,1007.9,5.6,27.7,0.8
2022-03-13 13:00:00,3.3,82.0,170.0,0.472672,1007.6,6.1,29.5,0.8
2022-03-13 14:00:00,3.9,86.0,170.0,0.516373,1007.9,6.1,22.3,0.8
2022-03-13 15:00:00,5.1,93.0,170.0,0.577703,1008.5,6.1,31.7,1.3
2022-03-13 16:00:00,5.0,89.0,170.0,0.613385,1009.4,6.7,35.3,1.3
2022-03-13 17:00:00,6.1,89.0,170.0,0.609162,1013.0,7.8,27.7,0.2
2022-03-13 18:00:00,6.7,93.0,170.0,0.588188,1012.8,7.8,25.9,0.5
2022-03-13 19:00:00,6.8,90.0,170.0,0.588365,1014.3,8.3,24.1,1.0
2022-03-13 20:00:00,7.2,89.0,210.0,0.570134,1015.7,8.9,24.1,3.6
2022-03-13 21:00:00,8.3,89.0,210.0,0.549271,1016.4,10.0,14.8,0.3
2022-03-13 22:00:00,7.3,80.0,240.0,0.554169,1017.4,10.6,22.3,0.3
2022-03-13 23:00:00,7.3,80.0,200.0,0.58389,1018.6,10.6,24.1,0.1
2022-03-14 00:00:00,6.1,80.0,240.0,0.61409,1019.6,9.4,13.0,0.1
2022-03-14 01:00:00,6.1,86.0,190.0,0.621283,1020.0,8.3,14.8,0.2
2022-03-14 02:00:00,6.1,86.0,200.0,0.634663,1021.1,8.3,14.8,0.3
2022-03-14 03:00:00,5.6,83.0,170.0,0.625787,1021.8,8.3,13.0,0.1
2022-03-14 04:00:00,5.1,80.0,180.0,0.56299,1022.5,8.3,14.8,0.0
2022-03-14 05:00:00,5.1,80.0,170.0,0.4865,1023.2,8.3,16.6,0.0
2022-03-14 06:00:00,5.1,80.0,150.0,0.430943,1023.2,8.3,18.4,0.0
2022-03-14 07:00:00,5.6,86.0,160.0,0.406281,1023.2,7.8,16.6,0.3
2022-03-14 08:00:00,5.6,86.0,140.0,0.39508,1023.2,7.8,11.2,0.6
2022-03-14 09:00:00,5.6,83.0,210.0,0.377446,1023.4,8.3,13.0,0.0
2022-03-14 10:00:00,5.1,83.0,260.0,0.38867,1023.1,7.8,9.4,0.2
2022-03-14 11:00:00,5.1,83.0,190.0,0.403504,1022.2,7.8,7.6,0.0
2022-03-14 12:00:00,5.0,86.0,150.0,0.471575,1022.2,7.2,7.6,0.1
2022-03-14 13:00:00,5.0,86.0,0.0,0.541793,1022.0,7.2,0.0,0.5
2022-03-14 14:00:00,5.7,90.0,270.0,0.59728,1021.8,7.2,5.4,0.0
2022-03-14 15:00:00,6.1,96.0,0.0,0.586636,1021.3,6.7,0.0,0.0
2022-03-14 16:00:00,6.7,93.0,0.0,0.584841,1021.4,7.8,0.0,0.0
2022-03-14 17:00:00,6.2,83.0,0.0,0.578466,1021.3,8.9,0.0,0.0
2022-03-14 18:00:00,6.2,83.0,270.0,0.551804,1021.1,8.9,5.4,0.0
2022-03-14 19:00:00,6.2,77.0,100.0,0.523785,1020.3,10.0,7.6,0.0
2022-03-14 20:00:00,6.7,77.0,100.0,0.513219,1019.8,10.6,7.6,0.0
2022-03-14 21:00:00,5.6,66.0,0.0,0.502252,1018.3,11.7,0.0,0.1
2022-03-14 22:00:00,6.6,74.0,0.0,0.49695,1017.8,11.1,0.0,0.3
2022-03-14 23:00:00,7.2,77.0,360.0,0.552725,1017.2,11.1,7.6,0.0
2022-03-15 00:00:00,6.7,77.0,190.0,0.600262,1017.9,10.6,9.4,1.0
2022-03-15 01:00:00,6.7,83.0,130.0,0.607987,1017.7,9.4,9.4,2.5
2022-03-15 02:00:00,7.2,93.0,0.0,0.581632,1017.0,8.3,0.0,2.3
2022-03-15 03:00:00,7.2,93.0,0.0,0.550621,1016.6,8.3,0.0,1.8
2022-03-15 04:00:00,7.2,96.0,0.0,0.499746,1016.8,7.8,0.0,0.8
2022-03-15 05:00:00,7.2,93.0,170.0,0.445669,1016.6,8.3,7.6,0.4
2022-03-15 06:00:00,7.8,90.0,150.0,0.400013,1016.5,9.4,13.0,0.0
2022-03-15 07:00:00,8.3,93.0,150.0,0.377941,1016.1,9.4,11.2,0.0
2022-03-15 08:00:00,8.3,89.0,170.0,0.364413,1015.7,10.0,5.4,1.5
2022-03-15 09:00:00,8.3,89.0,0.0,0.354707,1015.8,10.0,0.0,2.1
2022-03-15 10:00:00,8.9,97.0,220.0,0.355445,1016.8,9.4,11.2,1.3
2022-03-15 11:00:00,7.2,93.0,200.0,0.384044,1017.1,8.3,11.2,0.0
2022-03-15 12:00:00,7.2,93.0,200.0,0.44868,1017.9,8.3,13.0,0.8
2022-03-15 13:00:00,7.2,96.0,0.0,0.513884,1018.2,7.8,0.0,0.8
2022-03-15 14:00:00,7.2,93.0,200.0,0.551043,1018.9,8.3,11.2,0.3
2022-03-15 15:00:00,6.7,93.0,200.0,0.52567,1019.3,7.8,13.0,0.0
2022-03-15 16:00:00,7.2,89.0,200.0,0.470496,1020.3,8.9,11.2,0.2
2022-03-15 17:00:00,7.8,83.0,240.0,0.368023,1021.3,10.6,14.8,0.1
2022-03-15 18:00:00,7.8,77.0,220.0,0.407142,1021.7,11.7,18.4,0.1
2022-03-15 19:00:00,7.3,72.0,250.0,0.396587,1022.3,12.2,16.6,0.0
2022-03-15 20:00:00,6.2,64.0,230.0,0.315359,1022.8,12.8,29.5,0.1
2022-03-15 21:00:00,6.2,62.0,220.0,0.255592,1023.0,13.3,29.5,0.0
2022-03-15 22:00:00,4.4,59.0,230.0,0.252483,1023.2,12.2,29.5,0.0
2022-03-15 23:00:00,4.4,59.0,260.0,0.402947,1023.5,12.2,24.1,0.0
2022-03-16 00:00:00,5.0,66.0,230.0,0.447213,1023.7,11.1,16.6,0.2
2022-03-16 01:00:00,5.0,74.0,250.0,0.496518,1024.4,9.4,25.9,0.3
2022-03-16 02:00:00,5.1,77.0,230.0,0.526973,1024.6,8.9,13.0,0.0
2022-03-16 03:00:00,5.1,83.0,240.0,0.535928,1024.7,7.8,11.2,0.0
2022-03-16 04:00:00,4.3,82.0,240.0,0.505934,1025.3,7.2,11.2,0.0
2022-03-16 05:00:00,3.9,86.0,220.0,0.449741,1025.8,6.1,13.0,0.0
2022-03-16 06:00:00,3.3,89.0,220.0,0.41151,1026.3,5.0,13.0,0.0
2022-03-16 07:00:00,5.0,89.0,210.0,0.389551,1026.9,6.7,9.4,0.0
2022-03-16 08:00:00,4.0,93.0,180.0,0.385163,1026.9,5.0,7.6,0.0
2022-03-16 09:00:00,3.3,89.0,130.0,0.391133,1027.1,5.0,5.4,0.0
2022-03-16 10:00:00,2.2,96.0,200.0,0.412038,1027.6,2.8,7.6,0.0
2022-03-16 11:00:00,2.9,93.0,230.0,0.420524,1027.4,3.9,7.6,0.0
2022-03-16 12:00:00,3.4,93.0,0.0,0.496846,1027.5,4.4,0.0,0.0
2022-03-16 13:00:00,4.0,93.0,40.0,0.566601,1027.8,5.0,5.4,0.0
2022-03-16 14:00:00,2.9,93.0,360.0,0.608331,1028.1,3.9,5.4,0.0
2022-03-16 15:00:00,2.3,93.0,340.0,0.586867,1028.7,3.3,5.4,0.0
2022-03-16 16:00:00,4.0,93.0,300.0,0.477552,1029.1,5.0,5.4,0.0
2022-03-16 17:00:00,4.4,85.0,0.0,0.42985,1029.1,6.7,0.0,0.0
2022-03-16 18:00:00,5.6,83.0,150.0,0.329758,1029.5,8.3,5.4,0.0
2022-03-16 19:00:00,5.6,74.0,150.0,0.268872,1029.0,10.0,9.4,0.0
2022-03-16 20:00:00,4.3,63.0,150.0,0.306702,1028.5,11.1,7.6,0.0
2022-03-16 21:00:00,4.3,63.0,170.0,0.298558,1027.8,11.1,9.4,0.0
2022-03-16 22:00:00,4.0,59.0,0.0,0.289315,1027.3,11.7,0.0,0.0
2022-03-16 23:00:00,3.2,56.0,0.0,0.355288,1026.9,11.7,0.0,0.0
2022-03-17 00:00:00,2.8,49.0,0.0,0.39057,1026.2,13.3,0.0,0.0
2022-03-17 01:00:00,2.9,51.0,290.0,0.45247,1025.4,12.8,7.6,0.0
2022-03-17 02:00:00,3.2,56.0,0.0,0.498326,1025.0,11.7,0.0,0.0
2022-03-17 03:00:00,4.0,69.0,0.0,0.507855,1024.9,9.4,0.0,0.0
2022-03-17 04:00:00,3.9,74.0,0.0,0.466711,1024.9,8.3,0.0,0.0
2022-03-17 05:00:00,3.3,85.0,290.0,0.422174,1024.8,5.6,5.4,0.0
2022-03-17 06:00:00,3.9,89.0,290.0,0.385781,1024.3,5.6,5.4,0.0
2022-03-17 07:00:00,2.7,89.0,300.0,0.368776,1024.1,4.4,5.4,0.0
2022-03-17 08:00:00,3.4,93.0,330.0,0.362852,1023.4,4.4,9.4,0.0
2022-03-17 09:00:00,2.2,96.0,0.0,0.36852,1023.0,2.8,0.0,0.0
2022-03-17 10:00:00,2.3,93.0,0.0,0.391423,1022.7,3.3,0.0,0.0
2022-03-17 11:00:00,1.8,93.0,290.0,0.421112,1022.0,2.8,7.6,0.0
2022-03-17 12:00:00,1.8,93.0,0.0,0.503881,1021.6,2.8,0.0,0.0
2022-03-17 13:00:00,1.8,97.0,240.0,0.58332,1021.6,2.2,5.4,0.0
2022-03-17 14:00:00,1.8,97.0,0.0,0.617256,1021.1,2.2,0.0,0.0
2022-03-17 15:00:00,2.2,96.0,0.0,0.619056,1021.4,2.8,0.0,0.0
2022-03-17 16:00:00,2.9,93.0,0.0,0.605068,1021.4,3.9,0.0,0.0
2022-03-17 17:00:00,3.9,89.0,0.0,0.594791,1021.5,5.6,0.0,0.0
2022-03-17 18:00:00,5.0,89.0,200.0,0.560444,1022.4,6.7,9.4,0.0
2022-03-17 19:00:00,5.7,90.0,230.0,0.53844,1022.6,7.2,7.6,0.0
2022-03-17 20:00:00,5.6,83.0,130.0,0.508418,1022.2,8.3,7.6,0.0
2022-03-17 21:00:00,5.6,77.0,220.0,0.481306,1022.2,9.4,5.4,0.0
2022-03-17 22:00:00,5.0,71.0,220.0,0.497867,1021.8,10.0,7.6,0.0
2022-03-17 23:00:00,4.9,68.0,200.0,0.493797,1021.5,10.6,22.3,0.0
2022-03-18 00:00:00,6.2,74.0,210.0,0.504882,1020.9,10.6,16.6,0.0
2022-03-18 01:00:00,6.2,74.0,180.0,0.550715,1020.7,10.6,18.4,0.0
2022-03-18 02:00:00,6.2,74.0,180.0,0.540441,1020.9,10.6,9.4,0.0
2022-03-18 03:00:00,6.7,80.0,180.0,0.533662,1020.9,10.0,14.8,0.0
2022-03-18 04:00:00,6.7,86.0,210.0,0.494674,1021.3,8.9,11.2,0.0
2022-03-18 05:00:00,7.2,86.0,220.0,0.44794,1021.5,9.4,9.4,0.0
2022-03-18 06:00:00,7.2,86.0,180.0,0.410435,1021.6,9.4,9.4,0.0
2022-03-18 07:00:00,7.8,93.0,170.0,0.379346,1021.4,8.9,5.4,0.0
2022-03-18 08:00:00,7.8,93.0,210.0,0.366652,1021.1,8.9,7.6,0.0
2022-03-18 09:00:00,7.8,93.0,230.0,0.356417,1021.3,8.9,9.4,0.0
2022-03-18 10:00:00,7.8,93.0,200.0,0.354546,1020.9,8.9,11.2,0.0
2022-03-18 11:00:00,7.2,93.0,180.0,0.374077,1020.4,8.3,7.0,0.0
2022-03-18 12:00:00,7.2,89.0,180.0,0.427567,1020.1,8.9,7.6,0.0
2022-03-18 13:00:00,7.2,93.0,190.0,0.474117,1020.4,8.3,5.4,0.0
2022-03-18 14:00:00,7.2,96.0,0.0,0.51793,1020.0,7.8,0.0,0.0
2022-03-18 15:00:00,6.7,93.0,0.0,0.516974,1019.7,7.8,0.0,0.0
2022-03-18 16:00:00,7.8,93.0,0.0,0.51333,1019.7,8.9,0.0,0.0
2022-03-18 17:00:00,8.4,86.0,0.0,0.49042,1019.5,10.6,0.0,0.0
2022-03-18 18:00:00,7.2,74.0,200.0,0.471326,1019.3,11.7,18.4,0.0
2022-03-18 19:00:00,7.3,72.0,200.0,0.478729,1019.0,12.2,22.3,0.0
2022-03-18 20:00:00,7.9,75.0,190.0,0.440968,1018.3,12.2,13.0,0.0
2022-03-18 21:00:00,7.9,72.0,210.0,0.438857,1017.8,12.8,14.8,0.0
2022-03-18 22:00:00,8.3,77.0,270.0,0.437442,1017.1,12.2,11.2,0.0
2022-03-18 23:00:00,8.4,80.0,0.0,0.450947,1016.5,11.7,0.0,0.0
2022-03-19 00:00:00,8.3,77.0,210.0,0.441456,1015.7,12.2,9.4,0.0
2022-03-19 01:00:00,7.3,72.0,210.0,0.463158,1015.1,12.2,14.8,0.0
2022-03-19 02:00:00,7.2,77.0,220.0,0.484668,1014.9,11.1,9.4,0.0
2022-03-19 03:00:00,6.7,77.0,190.0,0.48722,1014.3,10.6,5.4,0.0
2022-03-19 04:00:00,6.7,83.0,170.0,0.458377,1013.8,9.4,9.4,0.0
2022-03-19 05:00:00,6.2,83.0,140.0,0.41842,1013.3,8.9,5.4,0.0
2022-03-19 06:00:00,6.7,83.0,170.0,0.389364,1012.8,9.4,9.4,0.0
2022-03-19 07:00:00,6.2,74.0,190.0,0.359255,1012.4,10.6,16.6,0.0
2022-03-19 08:00:00,6.7,86.0,260.0,0.349101,1012.0,8.9,7.6,0.0
2022-03-19 09:00:00,6.1,80.0,190.0,0.337933,1011.4,9.4,9.4,0.7
2022-03-19 10:00:00,6.7,86.0,190.0,0.342569,1011.3,8.9,13.0,0.8
2022-03-19 11:00:00,6.8,90.0,140.0,0.353685,1010.7,8.3,13.0,0.2
2022-03-19 12:00:00,7.2,93.0,150.0,0.382198,1010.3,8.3,14.8,0.5
2022-03-19 13:00:00,7.2,93.0,290.0,0.418936,1010.9,8.3,11.2,0.5
2022-03-19 14:00:00,7.2,96.0,230.0,0.467095,1011.4,7.8,11.2,0.6
2022-03-19 15:00:00,6.1,89.0,260.0,0.523953,1012.6,7.8,9.4,0.3
2022-03-19 16:00:00,4.0,80.0,270.0,0.465471,1014.0,7.2,16.6,0.1
2022-03-19 17:00:00,4.0,69.0,310.0,0.400527,1014.9,9.4,11.2,0.0
2022-03-19 18:00:00,4.4,68.0,280.0,0.366537,1015.7,10.0,11.2,0.0
2022-03-19 19:00:00,3.3,63.0,290.0,0.428289,1016.5,10.0,18.4,0.0
2022-03-19 20:00:00,4.0,69.0,250.0,0.377947,1017.3,9.4,13.0,0.3
2022-03-19 21:00:00,3.4,61.0,320.0,0.294932,1017.6,10.6,14.8,0.3
2022-03-19 22:00:00,1.6,50.0,270.0,0.261567,1018.0,11.7,24.1,0.0
2022-03-19 23:00:00,1.1,52.0,260.0,0.328451,1018.7,10.6,22.3,0.0
2022-03-20 00:00:00,0.6,52.0,280.0,0.36039,1019.4,10.0,24.1,0.0
2022-03-20 01:00:00,1.1,56.0,260.0,0.450467,1020.2,9.4,16.6,0.0
2022-03-20 02:00:00,0.0,58.0,260.0,0.502305,1021.2,7.8,13.0,0.0
2022-03-20 03:00:00,0.6,70.0,250.0,0.500344,1022.1,5.6,7.6,0.0
2022-03-20 04:00:00,0.6,73.0,260.0,0.48879,1022.6,5.0,5.4,0.0
2022-03-20 05:00:00,1.6,73.0,270.0,0.47445,1023.1,6.1,14.8,0.0
2022-03-20 06:00:00,1.8,86.0,240.0,0.43624,1024.1,3.9,11.2,0.0
2022-03-20 07:00:00,1.7,89.0,220.0,0.422121,1024.4,3.3,5.4,0.0
2022-03-20 08:00:00,2.3,86.0,260.0,0.410781,1024.7,4.4,11.2,0.4
2022-03-20 09:00:00,2.3,93.0,210.0,0.40695,1024.8,3.3,9.4,0.3
2022-03-20 10:00:00,2.3,93.0,170.0,0.405011,1025.2,3.3,5.4,0.0
2022-03-20 11:00:00,2.9,93.0,210.0,0.422885,1025.5,3.9,14.8,0.1
2022-03-20 12:00:00,1.8,93.0,220.0,0.461889,1025.9,2.8,5.4,0.0
2022-03-20 13:00:00,1.0,92.0,100.0,0.503135,1026.1,2.2,5.4,0.0
2022-03-20 14:00:00,1.8,93.0,0.0,0.566437,1026.2,2.8,0.0,0.0
2022-03-20 15:00:00,2.2,96.0,0.0,0.587904,1026.6,2.8,0.0,0.0
2022-03-20 16:00:00,2.7,89.0,0.0,0.574711,1027.3,4.4,0.0,0.0
2022-03-20 17:00:00,3.3,89.0,140.0,0.520827,1027.5,5.0,5.4,0.3
2022-03-20 18:00:00,3.8,82.0,140.0,0.538796,1028.1,6.7,5.4,0.0
2022-03-20 19:00:00,3.8,76.0,210.0,0.524208,1028.2,7.8,9.4,0.0
2022-03-20 20:00:00,3.8,76.0,210.0,0.490153,1028.1,7.8,16.6,0.0
2022-03-20 21:00:00,3.3,68.0,210.0,0.472764,1027.5,8.9,18.4,0.0
2022-03-20 22:00:00,4.0,69.0,200.0,0.490337,1027.7,9.4,20.5,0.0
2022-03-20 23:00:00,4.3,73.0,190.0,0.531235,1028.0,8.9,18.4,0.0
2022-03-21 00:00:00,4.4,79.0,0.0,0.574592,1028.4,7.8,0.0,0.3
2022-03-21 01:00:00,4.4,79.0,190.0,0.574578,1028.1,7.8,16.6,0.2
2022-03-21 02:00:00,4.3,82.0,200.0,0.586524,1028.0,7.2,9.4,0.1
2022-03-21 03:00:00,3.8,82.0,190.0,0.572033,1027.9,6.7,7.6,0.1
2022-03-21 04:00:00,3.8,82.0,0.0,0.523042,1028.2,6.7,0.0,0.0
2022-03-21 05:00:00,3.8,82.0,200.0,0.460012,1028.1,6.7,9.4,0.0
2022-03-21 06:00:00,3.9,86.0,190.0,0.423484,1027.9,6.1,9.4,0.0
2022-03-21 07:00:00,4.4,89.0,90.0,0.394484,1028.1,6.1,5.4,0.2
2022-03-21 08:00:00,3.9,86.0,200.0,0.38618,1028.0,6.1,7.0,0.3
2022-03-21 09:00:00,3.9,86.0,200.0,0.391296,1028.2,6.1,7.6,0.3
2022-03-21 10:00:00,5.1,93.0,130.0,0.395302,1028.0,6.1,5.4,0.3
2022-03-21 11:00:00,4.4,89.0,150.0,0.414773,1027.5,6.1,7.6,0.3
2022-03-21 12:00:00,4.4,89.0,160.0,0.472656,1027.5,6.1,7.6,0.5
2022-03-21 13:00:00,4.4,89.0,160.0,0.532358,1027.4,6.1,7.6,0.5
2022-03-21 14:00:00,4.4,89.0,150.0,0.570883,1027.3,6.1,9.4,0.8
2022-03-21 15:00:00,4.4,89.0,140.0,0.584874,1027.1,6.1,7.6,1.0
2022-03-21 16:00:00,5.0,89.0,170.0,0.595349,1027.3,6.7,13.0,1.0
2022-03-21 17:00:00,5.6,93.0,140.0,0.592945,1027.4,6.7,14.8,1.3
2022-03-21 18:00:00,6.1,93.0,160.0,0.568553,1027.0,7.2,20.5,0.7
2022-03-21 19:00:00,6.8,90.0,160.0,0.544192,1027.6,8.3,18.4,0.3
2022-03-21 20:00:00,7.8,93.0,160.0,0.531087,1027.6,8.9,20.5,0.3
2022-03-21 21:00:00,7.2,86.0,180.0,0.512126,1027.6,9.4,18.4,0.1
2022-03-21 22:00:00,8.3,93.0,180.0,0.505651,1027.6,9.4,13.0,0.1
2022-03-21 23:00:00,8.3,89.0,170.0,0.534935,1027.7,10.0,14.8,0.1
2022-03-22 00:00:00,8.9,93.0,160.0,0.552456,1027.9,10.0,14.8,0.0
2022-03-22 01:00:00,9.4,92.0,150.0,0.548673,1028.0,10.6,13.0,0.0
2022-03-22 02:00:00,9.4,96.0,160.0,0.558904,1027.7,10.0,11.2,0.3
2022-03-22 03:00:00,9.4,96.0,150.0,0.512357,1027.8,10.0,11.2,0.0
2022-03-22 04:00:00,9.4,96.0,0.0,0.471427,1028.2,10.0,0.0,0.0
2022-03-22 05:00:00,9.4,92.0,0.0,0.414336,1028.7,10.6,0.0,0.0
2022-03-22 06:00:00,9.4,92.0,190.0,0.377431,1028.9,10.6,7.6,0.0
2022-03-22 07:00:00,9.4,92.0,0.0,0.358674,1029.3,10.6,0.0,0.0
2022-03-22 08:00:00,9.4,96.0,0.0,0.343303,1029.6,10.0,0.0,0.0
2022-03-22 09:00:00,9.4,96.0,0.0,0.336863,1030.0,10.0,0.0,0.0
2022-03-22 10:00:00,9.4,96.0,220.0,0.335883,1030.0,10.0,7.6,0.0
2022-03-22 11:00:00,9.4,96.0,0.0,0.35194,1029.9,10.0,0.0,0.0
2022-03-22 12:00:00,9.4,96.0,0.0,0.411804,1029.9,10.0,0.0,0.0
2022-03-22 13:00:00,9.4,96.0,60.0,0.448481,1030.0,10.0,5.4,0.0
2022-03-22 14:00:00,9.4,96.0,340.0,0.471804,1030.1,10.0,5.4,0.0
2022-03-22 15:00:00,10.0,96.0,0.0,0.485252,1029.9,10.6,0.0,0.3
2022-03-22 16:00:00,10.0,93.0,20.0,0.463534,1029.9,11.1,5.4,0.0
2022-03-22 17:00:00,10.6,90.0,40.0,0.445227,1029.5,12.2,7.6,0.0
2022-03-22 18:00:00,10.6,90.0,350.0,0.434513,1029.3,12.2,9.4,0.0
2022-03-22 19:00:00,11.2,87.0,40.0,0.385145,1028.9,13.3,7.6,0.0
2022-03-22 20:00:00,11.8,81.0,20.0,0.373496,1027.9,15.0,11.2,0.0
2022-03-22 21:00:00,12.3,78.0,360.0,0.342817,1027.1,16.1,14.8,0.0
2022-03-22 22:00:00,12.8,81.0,330.0,0.280786,1026.1,16.1,11.2,0.0
2022-03-22 23:00:00,12.3,70.0,360.0,0.300513,1025.1,17.8,9.4,0.0
2022-03-23 00:00:00,12.7,70.0,350.0,0.352182,1024.0,18.3,7.6,0.0
2022-03-23 01:00:00,12.9,68.0,40.0,0.41137,1023.2,18.9,9.4,0.0
2022-03-23 02:00:00,12.7,75.0,340.0,0.430901,1022.6,17.2,5.4,0.0
2022-03-23 03:00:00,12.2,75.0,340.0,0.445738,1021.9,16.7,5.4,0.0
2022-03-23 04:00:00,11.7,97.0,0.0,0.407192,1021.6,12.2,0.0,0.0
2022-03-23 05:00:00,10.0,96.0,300.0,0.361733,1021.7,10.6,5.4,0.0
2022-03-23 06:00:00,11.1,100.0,0.0,0.313328,1021.1,11.1,0.0,0.0
2022-03-23 07:00:00,9.4,96.0,340.0,0.300957,1021.0,10.0,5.4,0.0
2022-03-23 08:00:00,9.4,96.0,310.0,0.291226,1020.8,10.0,9.4,0.0
2022-03-23 09:00:00,8.9,93.0,300.0,0.282135,1020.7,10.0,7.6,0.0
2022-03-23 10:00:00,8.3,100.0,0.0,0.289473,1021.0,8.3,0.0,0.0
2022-03-23 11:00:00,7.8,100.0,0.0,0.30765,1020.9,7.8,0.0,0.0
2022-03-23 12:00:00,8.9,93.0,240.0,0.35131,1021.1,10.0,11.2,0.0
2022-03-23 13:00:00,8.9,89.0,230.0,0.404342,1021.3,10.6,18.4,0.0
2022-03-23 14:00:00,8.9,89.0,250.0,0.440509,1021.4,10.6,9.4,0.0
2022-03-23 15:00:00,8.9,89.0,230.0,0.459481,1021.8,10.6,13.0,0.0
2022-03-23 16:00:00,8.8,86.0,230.0,0.425074,1022.3,11.1,13.0,0.0
2022-03-23 17:00:00,8.9,80.0,230.0,0.371296,1022.6,12.2,14.8,0.0
2022-03-23 18:00:00,7.9,67.0,240.0,0.312595,1022.8,13.9,18.4,0.0
2022-03-23 19:00:00,8.2,64.0,260.0,0.394792,1023.2,15.0,18.4,0.0
2022-03-23 20:00:00,7.9,67.0,260.0,0.408102,1024.0,13.9,20.5,0.0
2022-03-23 21:00:00,9.4,80.0,260.0,0.345454,1024.4,12.8,13.0,0.3
2022-03-23 22:00:00,9.4,77.0,200.0,0.370955,1023.8,13.3,13.0,0.3
2022-03-23 23:00:00,8.9,72.0,230.0,0.426119,1023.7,13.9,11.2,0.0
2022-03-24 00:00:00,8.9,72.0,250.0,0.457894,1023.9,13.9,18.4,0.0
2022-03-24 01:00:00,8.4,72.0,240.0,0.459808,1024.1,13.3,20.5,0.0
2022-03-24 02:00:00,8.9,77.0,250.0,0.455328,1024.4,12.8,13.0,0.0
2022-03-24 03:00:00,7.3,80.0,270.0,0.474846,1024.9,10.6,9.4,0.0
2022-03-24 04:00:00,6.2,83.0,0.0,0.444368,1025.5,8.9,0.0,0.0
2022-03-24 05:00:00,5.6,83.0,0.0,0.417694,1026.2,8.3,0.0,0.0
2022-03-24 06:00:00,5.1,93.0,0.0,0.373468,1026.5,6.1,0.0,0.0
2022-03-24 07:00:00,2.2,76.0,350.0,0.357894,1026.6,6.1,7.6,0.0
2022-03-24 08:00:00,1.7,79.0,0.0,0.355272,1026.4,5.0,0.0,0.0
2022-03-24 09:00:00,2.2,100.0,240.0,0.377999,1026.6,2.2,5.4,0.0
2022-03-24 10:00:00,1.0,92.0,340.0,0.394747,1026.5,2.2,11.2,0.0
2022-03-24 11:00:00,0.5,92.0,340.0,0.426188,1026.2,1.7,11.2,0.0
2022-03-24 12:00:00,-0.1,92.0,360.0,0.505509,1025.6,1.1,7.6,0.0
2022-03-24 13:00:00,-0.6,92.0,350.0,0.562483,1025.4,0.6,9.4,0.0
2022-03-24 14:00:00,-0.7,88.0,340.0,0.61048,1025.1,1.1,11.2,0.0
2022-03-24 15:00:00,-0.7,88.0,350.0,0.593453,1024.5,1.1,7.6,0.0
2022-03-24 16:00:00,2.3,89.0,10.0,0.551263,1023.8,3.9,9.4,0.0
2022-03-24 17:00:00,2.8,82.0,320.0,0.465341,1023.7,5.6,9.4,0.0
2022-03-24 18:00:00,3.8,76.0,330.0,0.357974,1022.9,7.8,14.8,0.0
2022-03-24 19:00:00,4.4,68.0,330.0,0.309367,1021.9,10.0,13.0,0.0
2022-03-24 20:00:00,5.1,64.0,350.0,0.232588,1020.6,11.7,9.4,0.0
2022-03-24 21:00:00,5.0,59.0,310.0,0.19729,1020.1,12.8,9.4,0.0
2022-03-24 22:00:00,6.0,57.0,310.0,0.227054,1018.8,14.4,7.6,0.0
2022-03-24 23:00:00,6.6,55.0,270.0,0.326247,1018.1,15.6,5.4,0.0
2022-03-25 00:00:00,6.6,55.0,210.0,0.369843,1017.7,15.6,5.4,0.0
2022-03-25 01:00:00,8.3,62.0,190.0,0.421331,1017.0,15.6,7.6,0.0
2022-03-25 02:00:00,7.9,72.0,170.0,0.438226,1016.8,12.8,9.4,0.0
2022-03-25 03:00:00,7.2,74.0,260.0,0.443728,1016.8,11.7,5.4,0.0
2022-03-25 04:00:00,7.8,80.0,0.0,0.431859,1016.9,11.1,0.0,0.0
2022-03-25 05:00:00,7.8,86.0,0.0,0.379454,1017.0,10.0,0.0,0.0
2022-03-25 06:00:00,7.2,86.0,0.0,0.341654,1017.4,9.4,0.0,0.0
2022-03-25 07:00:00,7.2,89.0,0.0,0.323584,1017.5,8.9,0.0,0.0
2022-03-25 08:00:00,6.1,93.0,0.0,0.314204,1017.7,7.2,0.0,0.0
2022-03-25 09:00:00,6.7,93.0,0.0,0.312147,1017.4,7.8,0.0,0.0
2022-03-25 10:00:00,4.0,80.0,240.0,0.325402,1017.7,7.2,9.4,0.0
2022-03-25 11:00:00,3.9,86.0,230.0,0.344927,1017.7,6.1,9.4,0.0
2022-03-25 12:00:00,3.8,82.0,0.0,0.405251,1017.4,6.7,0.0,0.0
2022-03-25 13:00:00,3.9,86.0,0.0,0.456064,1018.0,6.1,0.0,0.0
2022-03-25 14:00:00,3.3,85.0,0.0,0.489991,1018.4,5.6,0.0,0.0
2022-03-25 15:00:00,3.3,89.0,0.0,0.500033,1018.7,5.0,0.0,0.0
2022-03-25 16:00:00,4.0,80.0,0.0,0.437317,1019.0,7.2,0.0,0.0
2022-03-25 17:00:00,3.9,71.0,240.0,0.364114,1019.5,8.9,9.4,0.0
2022-03-25 18:00:00,4.5,66.0,230.0,0.280616,1019.5,10.6,14.8,0.0
2022-03-25 19:00:00,5.6,69.0,200.0,0.219231,1019.7,11.1,14.8,0.0
2022-03-25 20:00:00,5.0,59.0,170.0,0.209796,1019.6,12.8,7.6,0.0
2022-03-25 21:00:00,6.0,57.0,130.0,0.203855,1018.8,14.4,9.4,0.0
2022-03-25 22:00:00,0.8,38.0,270.0,0.185825,1018.1,15.0,5.4,0.0
2022-03-25 23:00:00,1.0,36.0,130.0,0.282819,1017.6,16.1,5.4,0.0
2022-03-26 00:00:00,4.3,47.0,190.0,0.344882,1017.3,15.6,9.4,0.0
2022-03-26 01:00:00,5.5,53.0,90.0,0.400953,1017.1,15.0,9.4,0.0
2022-03-26 02:00:00,6.7,60.0,0.0,0.415195,1016.8,14.4,0.0,0.0
2022-03-26 03:00:00,7.2,74.0,210.0,0.430859,1016.5,11.7,7.6,0.0
2022-03-26 04:00:00,7.2,83.0,230.0,0.403871,1016.7,10.0,13.0,0.0
2022-03-26 05:00:00,6.7,83.0,0.0,0.371561,1016.7,9.4,0.0,0.0
2022-03-26 06:00:00,6.2,83.0,250.0,0.337032,1016.4,8.9,5.4,0.0
2022-03-26 07:00:00,6.7,86.0,280.0,0.310012,1016.5,8.9,5.4,0.0
2022-03-26 08:00:00,6.7,86.0,270.0,0.298034,1016.6,8.9,5.4,0.0
2022-03-26 09:00:00,6.7,86.0,0.0,0.292333,1016.4,8.9,0.0,0.0
2022-03-26 10:00:00,7.2,89.0,0.0,0.299477,1016.3,8.9,0.0,0.0
2022-03-26 11:00:00,7.2,89.0,0.0,0.299798,1015.9,8.9,0.0,0.0
2022-03-26 12:00:00,7.8,93.0,50.0,0.333166,1015.7,8.9,5.4,0.0
2022-03-26 13:00:00,7.2,89.0,50.0,0.376331,1015.4,8.9,5.4,0.0
2022-03-26 14:00:00,7.2,86.0,0.0,0.430939,1015.5,9.4,0.0,0.0
2022-03-26 15:00:00,7.8,90.0,0.0,0.445475,1015.5,9.4,0.0,0.0
2022-03-26 16:00:00,8.4,86.0,0.0,0.421083,1015.1,10.6,0.0,0.0
2022-03-26 17:00:00,8.9,83.0,150.0,0.326827,1014.5,11.7,11.2,0.0
2022-03-26 18:00:00,9.4,80.0,310.0,0.356052,1014.2,12.8,5.4,0.0
2022-03-26 19:00:00,9.9,77.0,310.0,0.246904,1013.7,13.9,9.4,0.0
2022-03-26 20:00:00,10.0,72.0,0.0,0.251125,1012.9,15.0,0.0,0.0
2022-03-26 21:00:00,10.5,67.0,360.0,0.24663,1012.2,16.7,7.6,0.0
2022-03-26 22:00:00,10.6,65.0,360.0,0.308268,1011.2,17.2,9.4,0.0
2022-03-26 23:00:00,10.6,65.0,360.0,0.320694,1010.4,17.2,11.2,0.0
2022-03-27 00:00:00,10.6,65.0,350.0,0.351573,1009.6,17.2,9.4,0.0
2022-03-27 01:00:00,10.6,65.0,10.0,0.374933,1009.1,17.2,7.6,0.0
2022-03-27 02:00:00,11.1,72.0,360.0,0.401359,1008.5,16.1,9.4,0.0
2022-03-27 03:00:00,10.6,78.0,350.0,0.396965,1008.0,14.4,7.6,0.0
2022-03-27 04:00:00,10.7,81.0,340.0,0.385878,1007.8,13.9,9.4,0.0
2022-03-27 05:00:00,10.7,81.0,340.0,0.362124,1007.0,13.9,16.6,0.0
2022-03-27 06:00:00,9.9,86.0,350.0,0.310616,1006.9,12.2,5.4,0.0
2022-03-27 07:00:00,8.9,93.0,250.0,0.286375,1006.7,10.0,5.4,0.0
2022-03-27 08:00:00,8.9,89.0,0.0,0.275056,1006.3,10.6,0.0,0.0
2022-03-27 09:00:00,8.3,89.0,290.0,0.262711,1006.2,10.0,7.6,0.0
2022-03-27 10:00:00,8.9,93.0,270.0,0.25925,1005.9,10.0,5.4,0.0
2022-03-27 11:00:00,8.3,93.0,0.0,0.26658,1005.9,9.4,0.0,0.0
2022-03-27 12:00:00,7.2,96.0,0.0,0.293835,1005.9,7.8,0.0,0.0
2022-03-27 13:00:00,7.9,97.0,360.0,0.331948,1005.9,8.3,9.4,0.0
2022-03-27 14:00:00,7.9,97.0,0.0,0.377222,1005.8,8.3,0.0,0.0
2022-03-27 15:00:00,7.9,97.0,0.0,0.421892,1006.0,8.3,0.0,0.0
2022-03-27 16:00:00,8.9,97.0,0.0,0.421535,1005.6,9.4,0.0,0.0
2022-03-27 17:00:00,10.0,93.0,0.0,0.372773,1005.6,11.1,0.0,0.0
2022-03-27 18:00:00,10.7,87.0,0.0,0.325382,1005.6,12.8,0.0,0.0
2022-03-27 19:00:00,11.2,78.0,0.0,0.287449,1005.3,15.0,0.0,0.0
2022-03-27 20:00:00,10.6,70.0,0.0,0.213397,1004.7,16.1,0.0,0.0
2022-03-27 21:00:00,10.7,63.0,0.0,0.224224,1004.1,17.8,0.0,0.0
2022-03-27 22:00:00,11.8,68.0,198.0,0.271983,1003.6,17.8,5.4,0.0
2022-03-27 23:00:00,11.6,65.0,0.0,0.353056,1003.2,18.3,0.0,0.0
2022-03-28 00:00:00,12.2,65.0,0.0,0.403459,1002.9,18.9,0.0,0.0
2022-03-28 01:00:00,12.7,70.0,40.0,0.419282,1002.4,18.3,7.6,0.0
2022-03-28 02:00:00,13.2,80.0,190.0,0.44053,1003.0,16.7,5.4,0.0
2022-03-28 03:00:00,12.7,83.0,180.0,0.457336,1002.9,15.6,7.6,0.0
2022-03-28 04:00:00,11.2,75.0,330.0,0.403945,1002.8,15.6,11.2,0.0
2022-03-28 05:00:00,9.9,80.0,220.0,0.343652,1002.8,13.3,7.6,0.0
2022-03-28 06:00:00,9.4,83.0,240.0,0.303181,1003.6,12.2,16.6,0.0
2022-03-28 07:00:00,8.4,80.0,230.0,0.276181,1004.0,11.7,14.8,0.0
2022-03-28 08:00:00,7.8,80.0,0.0,0.265008,1004.6,11.1,0.0,0.0
2022-03-28 09:00:00,6.0,66.0,0.0,0.254033,1004.8,12.2,0.0,0.0
2022-03-28 10:00:00,6.7,80.0,230.0,0.259566,1004.9,10.0,9.4,0.0
2022-03-28 11:00:00,7.8,83.0,220.0,0.273968,1005.3,10.6,14.8,0.0
2022-03-28 12:00:00,7.8,86.0,260.0,0.333189,1005.7,10.0,9.4,0.0
2022-03-28 13:00:00,7.8,86.0,270.0,0.404298,1006.3,10.0,5.4,0.0
2022-03-28 14:00:00,7.8,86.0,0.0,0.444843,1006.8,10.0,0.0,0.0
2022-03-28 15:00:00,7.8,86.0,0.0,0.42666,1007.3,10.0,0.0,0.0
2022-03-28 16:00:00,8.4,86.0,0.0,0.404048,1007.5,10.6,0.0,0.0
2022-03-28 17:00:00,8.4,80.0,0.0,0.352366,1007.9,11.7,0.0,0.0
2022-03-28 18:00:00,8.9,80.0,220.0,0.393328,1008.5,12.2,7.6,0.0
2022-03-28 19:00:00,8.9,72.0,190.0,0.377119,1008.7,13.9,9.4,0.0
2022-03-28 20:00:00,8.3,69.0,230.0,0.35756,1008.9,13.9,7.6,0.0
2022-03-28 21:00:00,9.0,70.0,200.0,0.369359,1009.0,14.4,11.2,0.0
2022-03-28 22:00:00,9.9,77.0,210.0,0.370749,1008.9,13.9,11.2,0.1
2022-03-28 23:00:00,9.9,80.0,240.0,0.415538,1009.2,13.3,11.2,0.2
2022-03-29 00:00:00,10.6,93.0,10.0,0.463352,1010.0,11.7,7.6,0.2
2022-03-29 01:00:00,10.6,90.0,0.0,0.466531,1010.0,12.2,0.0,0.3
2022-03-29 02:00:00,11.1,93.0,230.0,0.452125,1010.4,12.2,9.4,0.3
2022-03-29 03:00:00,10.0,93.0,230.0,0.45378,1011.0,11.1,11.2,0.0
2022-03-29 04:00:00,8.9,89.0,220.0,0.419251,1012.0,10.6,13.0,0.0
2022-03-29 05:00:00,7.8,90.0,240.0,0.373068,1013.1,9.4,13.0,0.0
2022-03-29 06:00:00,6.8,90.0,230.0,0.33586,1013.7,8.3,11.2,0.0
2022-03-29 07:00:00,6.1,93.0,230.0,0.326792,1014.5,7.2,13.0,0.0
2022-03-29 08:00:00,5.1,93.0,240.0,0.315327,1014.9,6.1,9.4,0.0
2022-03-29 09:00:00,5.1,93.0,260.0,0.308365,1015.4,6.1,11.2,0.0
2022-03-29 10:00:00,4.4,96.0,250.0,0.332287,1016.0,5.0,7.6,0.0
2022-03-29 11:00:00,5.1,93.0,290.0,0.37056,1015.9,6.1,7.6,0.0
2022-03-29 12:00:00,5.1,93.0,290.0,0.449124,1016.1,6.1,5.4,0.0
2022-03-29 13:00:00,5.7,97.0,0.0,0.518415,1016.4,6.1,0.0,0.0
2022-03-29 14:00:00,5.7,97.0,270.0,0.545505,1016.6,6.1,5.4,0.0
2022-03-29 15:00:00,5.6,93.0,250.0,0.535543,1017.2,6.7,7.6,0.0
2022-03-29 16:00:00,5.6,93.0,250.0,0.500538,1017.8,6.7,5.4,0.0
2022-03-29 17:00:00,6.1,86.0,0.0,0.4581,1018.0,8.3,0.0,0.0
2022-03-29 18:00:00,7.2,86.0,0.0,0.42139,1018.6,9.4,0.0,0.0
2022-03-29 19:00:00,7.3,80.0,0.0,0.370133,1019.0,10.6,0.0,0.0
2022-03-29 20:00:00,7.8,80.0,0.0,0.318274,1019.0,11.1,0.0,0.0
2022-03-29 21:00:00,8.3,74.0,0.0,0.285441,1019.0,12.8,0.0,0.0
2022-03-29 22:00:00,9.3,74.0,230.0,0.323366,1018.7,13.9,9.4,0.0
2022-03-29 23:00:00,9.4,72.0,190.0,0.326625,1018.3,14.4,11.2,0.0
2022-03-30 00:00:00,10.0,72.0,180.0,0.359979,1018.0,15.0,9.4,0.0
2022-03-30 01:00:00,9.5,67.0,160.0,0.436389,1017.8,15.6,5.4,0.0
2022-03-30 02:00:00,8.4,72.0,240.0,0.468269,1017.8,13.3,13.0,0.0
2022-03-30 03:00:00,6.0,71.0,240.0,0.481738,1018.5,11.1,20.5,0.0
2022-03-30 04:00:00,5.0,74.0,240.0,0.448454,1019.0,9.4,27.7,0.0
2022-03-30 05:00:00,3.9,74.0,250.0,0.39179,1019.6,8.3,25.9,0.0
2022-03-30 06:00:00,3.8,76.0,240.0,0.352581,1020.2,7.8,24.1,0.0
2022-03-30 07:00:00,3.3,79.0,230.0,0.338581,1020.7,6.7,13.0,0.0
2022-03-30 08:00:00,3.3,79.0,250.0,0.333313,1021.6,6.7,11.2,0.0
2022-03-30 09:00:00,4.4,79.0,200.0,0.331866,1022.5,7.8,9.4,0.0
2022-03-30 10:00:00,3.8,76.0,190.0,0.337581,1022.3,7.8,11.2,0.0
2022-03-30 11:00:00,3.8,76.0,220.0,0.364374,1022.0,7.8,11.2,0.0
2022-03-30 12:00:00,4.0,80.0,220.0,0.431564,1022.8,7.2,11.2,0.0
2022-03-30 13:00:00,4.4,79.0,200.0,0.494142,1022.7,7.8,11.2,0.0
2022-03-30 14:00:00,4.3,82.0,200.0,0.532616,1022.9,7.2,11.2,0.0
2022-03-30 15:00:00,5.1,83.0,210.0,0.530908,1023.2,7.8,11.2,0.0
2022-03-30 16:00:00,5.6,86.0,200.0,0.480022,1023.7,7.8,16.6,0.0
2022-03-30 17:00:00,6.2,83.0,210.0,0.399297,1024.1,8.9,16.6,0.0
2022-03-30 18:00:00,6.2,77.0,230.0,0.291043,1024.6,10.0,14.8,0.0
2022-03-30 19:00:00,4.9,68.0,260.0,0.243456,1024.7,10.6,5.4,0.0
2022-03-30 20:00:00,3.9,57.0,260.0,0.244244,1024.8,12.2,9.4,0.0
2022-03-30 21:00:00,2.9,53.0,280.0,0.173391,1024.6,12.2,9.4,0.0
2022-03-30 22:00:00,2.2,47.0,250.0,0.260371,1024.4,13.3,18.4,0.0
2022-03-30 23:00:00,1.6,45.0,270.0,0.268716,1024.2,13.3,11.2,0.0
2022-03-31 00:00:00,1.2,45.0,310.0,0.34121,1024.2,12.8,22.3,0.0
2022-03-31 01:00:00,2.2,52.0,280.0,0.427514,1024.2,11.7,14.8,0.0
2022-03-31 02:00:00,2.2,56.0,280.0,0.475095,1024.3,10.6,16.6,0.0
2022-03-31 03:00:00,2.9,71.0,280.0,0.501094,1024.6,7.8,9.4,0.0
2022-03-31 04:00:00,2.2,73.0,250.0,0.47382,1024.9,6.7,11.2,0.0
2022-03-31 05:00:00,2.2,73.0,280.0,0.416972,1024.9,6.7,9.4,0.0
2022-03-31 06:00:00,1.8,83.0,240.0,0.369902,1025.5,4.4,14.8,0.0
2022-03-31 07:00:00,2.3,89.0,0.0,0.360035,1025.4,3.9,0.0,0.0
2022-03-31 08:00:00,2.3,89.0,280.0,0.379131,1025.3,3.9,5.4,0.0
2022-03-31 09:00:00,2.3,89.0,0.0,0.401822,1025.1,3.9,0.0,0.0
2022-03-31 10:00:00,2.9,93.0,0.0,0.424512,1025.2,3.9,0.0,0.0
2022-03-31 11:00:00,2.3,89.0,310.0,0.447203,1025.1,3.9,7.6,0.0
2022-03-31 12:00:00,2.3,89.0,310.0,0.48461,1024.7,3.9,5.4,0.0
2022-03-31 13:00:00,2.3,89.0,290.0,0.560566,1024.5,3.9,5.4,0.0
2022-03-31 14:00:00,1.2,89.0,320.0,0.601636,1024.7,2.8,7.6,0.0
2022-03-31 15:00:00,2.3,89.0,350.0,0.552662,1024.9,3.9,5.4,0.0
2022-03-31 16:00:00,3.3,85.0,270.0,0.439088,1025.1,5.6,5.4,0.0
2022-03-31 17:00:00,3.3,76.0,260.0,0.343938,1025.1,7.2,5.4,0.0
2022-03-31 18:00:00,2.7,63.0,320.0,0.290935,1024.9,9.4,7.6,0.0
2022-03-31 19:00:00,2.1,54.0,248.0,0.32324,1024.2,11.1,7.6,0.0
2022-03-31 20:00:00,1.1,52.0,0.0,0.333092,1024.2,10.6,0.0,0.0
2022-03-31 21:00:00,1.6,50.0,0.0,0.304333,1023.7,11.7,0.0,0.0
2022-03-31 22:00:00,2.9,53.0,293.0,0.317132,1023.1,12.2,5.4,0.0
2022-03-31 23:00:00,2.1,50.0,0.0,0.374294,1022.7,12.2,0.0,0.0
2022-04-01 00:00:00,3.2,56.0,0.0,0.405022,1022.2,11.7,0.0,0.0
2022-04-01 01:00:00,4.9,68.0,330.0,0.457883,1021.9,10.6,11.2,0.0
2022-04-01 02:00:00,3.9,61.0,340.0,0.469487,1021.4,11.1,5.4,0.0
2022-04-01 03:00:00,4.3,73.0,350.0,0.469348,1021.3,8.9,9.4,0.0
2022-04-01 04:00:00,5.1,77.0,330.0,0.443221,1021.7,8.9,9.4,0.0
2022-04-01 05:00:00,3.8,82.0,300.0,0.397084,1021.8,6.7,5.4,0.0
2022-04-01 06:00:00,3.3,85.0,0.0,0.365723,1021.6,5.6,0.0,0.0
2022-04-01 07:00:00,3.3,89.0,0.0,0.352813,1021.5,5.0,0.0,0.0
2022-04-01 08:00:00,2.3,89.0,290.0,0.369225,1021.7,3.9,7.6,0.0
2022-04-01 09:00:00,2.2,96.0,280.0,0.36678,1021.8,2.8,5.4,0.0
2022-04-01 10:00:00,2.3,93.0,0.0,0.382483,1021.2,3.3,0.0,0.0
2022-04-01 11:00:00,1.8,93.0,300.0,0.422055,1021.4,2.8,5.4,0.0
2022-04-01 12:00:00,1.0,92.0,0.0,0.497343,1021.2,2.2,0.0,0.0
2022-04-01 13:00:00,0.5,92.0,0.0,0.568652,1021.0,1.7,0.0,0.0
2022-04-01 14:00:00,0.5,92.0,310.0,0.606115,1021.3,1.7,7.6,0.0
2022-04-01 15:00:00,2.2,96.0,0.0,0.567897,1021.2,2.8,0.0,0.0
2022-04-01 16:00:00,3.4,93.0,0.0,0.495858,1021.0,4.4,0.0,0.0
2022-04-01 17:00:00,3.8,82.0,0.0,0.356238,1020.9,6.7,0.0,0.0
2022-04-01 18:00:00,3.9,71.0,320.0,0.260259,1021.3,8.9,5.4,0.0
2022-04-01 19:00:00,3.8,63.0,240.0,0.209575,1020.5,10.6,5.4,0.0
2022-04-01 20:00:00,6.2,69.0,0.0,0.196331,1020.1,11.7,0.0,0.0
2022-04-01 21:00:00,4.4,55.0,150.0,0.200853,1019.4,13.3,9.4,0.0
2022-04-01 22:00:00,6.0,57.0,100.0,0.292258,1018.7,14.4,11.2,0.0
2022-04-01 23:00:00,4.4,51.0,240.0,0.3662,1018.1,14.4,11.2,0.0
2022-04-02 00:00:00,5.5,57.0,220.0,0.438535,1017.9,13.9,18.4,0.0
2022-04-02 01:00:00,4.5,66.0,250.0,0.449448,1018.7,10.6,24.1,0.2
2022-04-02 02:00:00,5.1,77.0,220.0,0.463615,1019.0,8.9,13.0,0.0
2022-04-02 03:00:00,5.6,83.0,220.0,0.462146,1019.0,8.3,13.0,0.0
2022-04-02 04:00:00,5.1,80.0,220.0,0.435049,1019.2,8.3,11.2,0.0
2022-04-02 05:00:00,5.6,83.0,240.0,0.404367,1019.8,8.3,11.2,0.3
2022-04-02 06:00:00,6.1,89.0,250.0,0.364825,1020.3,7.8,11.2,0.8
2022-04-02 07:00:00,5.7,90.0,240.0,0.346715,1020.9,7.2,16.6,0.5
2022-04-02 08:00:00,5.0,89.0,230.0,0.327711,1021.5,6.7,16.6,0.0
2022-04-02 09:00:00,4.0,93.0,230.0,0.335106,1022.2,5.0,13.0,0.0
2022-04-02 10:00:00,3.9,89.0,240.0,0.34256,1022.9,5.6,16.6,0.0
2022-04-02 11:00:00,4.0,93.0,230.0,0.36847,1023.4,5.0,11.2,0.3
2022-04-02 12:00:00,2.9,97.0,210.0,0.411142,1023.6,3.3,11.2,0.0
2022-04-02 13:00:00,4.4,92.0,220.0,0.452024,1024.0,5.6,14.8,0.0
2022-04-02 14:00:00,5.0,89.0,230.0,0.504347,1024.6,6.7,14.8,0.0
2022-04-02 15:00:00,5.0,89.0,260.0,0.521698,1025.4,6.7,7.6,0.0
2022-04-02 16:00:00,5.1,83.0,240.0,0.46604,1026.0,7.8,5.4,0.0
2022-04-02 17:00:00,5.6,80.0,180.0,0.37244,1026.2,8.9,9.4,0.1
2022-04-02 18:00:00,5.0,71.0,230.0,0.349254,1026.4,10.0,7.6,0.0
2022-04-02 19:00:00,4.3,63.0,230.0,0.223717,1026.4,11.1,9.4,0.0
2022-04-02 20:00:00,5.7,62.0,150.0,0.188246,1026.1,12.8,11.2,0.0
2022-04-02 21:00:00,4.4,55.0,150.0,0.209441,1025.5,13.3,14.8,0.0
2022-04-02 22:00:00,3.9,53.0,160.0,0.23846,1025.0,13.3,11.2,0.0
2022-04-02 23:00:00,4.4,55.0,130.0,0.263506,1024.4,13.3,9.4,0.0
2022-04-03 00:00:00,2.2,47.0,0.0,0.336906,1023.7,13.3,0.0,0.0
2022-04-03 01:00:00,3.4,49.0,100.0,0.377919,1023.2,13.9,5.4,0.0
2022-04-03 02:00:00,3.2,52.0,50.0,0.42422,1022.7,12.8,5.4,0.0
2022-04-03 03:00:00,3.8,63.0,0.0,0.42675,1022.2,10.6,0.0,0.0
2022-04-03 04:00:00,3.9,74.0,150.0,0.412446,1021.9,8.3,7.6,0.0
2022-04-03 05:00:00,3.8,76.0,330.0,0.38223,1021.9,7.8,5.4,0.0
2022-04-03 06:00:00,4.0,80.0,340.0,0.369116,1021.5,7.2,5.4,0.0
2022-04-03 07:00:00,3.3,89.0,300.0,0.336827,1021.0,5.0,9.4,0.0
2022-04-03 08:00:00,3.3,89.0,330.0,0.328785,1020.3,5.0,7.6,0.0
2022-04-03 09:00:00,3.3,85.0,280.0,0.325296,1019.9,5.6,5.4,0.0
2022-04-03 10:00:00,3.3,89.0,0.0,0.337332,1019.5,5.0,0.0,0.0
2022-04-03 11:00:00,3.3,89.0,0.0,0.348625,1019.2,5.0,0.0,0.0
2022-04-03 12:00:00,4.0,93.0,0.0,0.382158,1019.1,5.0,0.0,0.0
2022-04-03 13:00:00,4.0,93.0,100.0,0.424545,1018.7,5.0,7.6,0.0
2022-04-03 14:00:00,4.0,93.0,0.0,0.479276,1018.9,5.0,0.0,0.0
2022-04-03 15:00:00,4.4,89.0,10.0,0.516913,1018.9,6.1,5.4,0.0
2022-04-03 16:00:00,5.0,86.0,150.0,0.508061,1018.9,7.2,7.6,0.0
2022-04-03 17:00:00,5.1,80.0,140.0,0.429049,1018.6,8.3,11.2,0.0
2022-04-03 18:00:00,6.2,77.0,180.0,0.376852,1018.1,10.0,13.0,0.0
2022-04-03 19:00:00,5.6,69.0,210.0,0.339388,1018.1,11.1,18.4,0.0
2022-04-03 20:00:00,5.6,66.0,190.0,0.436289,1017.5,11.7,22.3,0.0
2022-04-03 21:00:00,6.6,71.0,190.0,0.458545,1016.8,11.7,22.3,0.0
2022-04-03 22:00:00,6.6,71.0,200.0,0.450249,1016.0,11.7,20.5,0.0
2022-04-03 23:00:00,6.6,71.0,200.0,0.479009,1015.1,11.7,22.3,0.3
2022-04-04 00:00:00,7.2,74.0,200.0,0.507334,1014.3,11.7,14.8,0.0
2022-04-04 01:00:00,6.6,71.0,200.0,0.525909,1013.1,11.7,29.5,0.3
2022-04-04 02:00:00,6.0,71.0,210.0,0.539476,1012.1,11.1,27.7,0.0
2022-04-04 03:00:00,6.2,74.0,200.0,0.525241,1011.5,10.6,29.5,0.0
2022-04-04 04:00:00,6.7,83.0,190.0,0.484669,1010.5,9.4,27.7,0.3
2022-04-04 05:00:00,6.7,83.0,180.0,0.4245,1009.2,9.4,29.5,1.4
2022-04-04 06:00:00,6.7,83.0,180.0,0.391934,1007.7,9.4,29.5,0.8
2022-04-04 07:00:00,7.2,86.0,180.0,0.365507,1006.4,9.4,24.1,0.8
2022-04-04 08:00:00,7.2,89.0,180.0,0.356993,1005.0,8.9,29.5,1.0
2022-04-04 09:00:00,7.2,89.0,180.0,0.350288,1003.8,8.9,38.9,3.0
2022-04-04 10:00:00,7.8,90.0,180.0,0.354781,1002.9,9.4,33.5,4.6
2022-04-04 11:00:00,7.8,90.0,190.0,0.375638,1002.5,9.4,38.9,4.6
2022-04-04 12:00:00,8.3,93.0,190.0,0.441544,1002.2,9.4,35.3,3.6
2022-04-04 13:00:00,8.3,89.0,240.0,0.517864,1003.0,10.0,22.3,1.0
2022-04-04 14:00:00,6.7,86.0,250.0,0.553048,1004.2,8.9,25.9,0.8
2022-04-04 15:00:00,6.7,93.0,230.0,0.516226,1004.8,7.8,9.4,0.5
2022-04-04 16:00:00,6.8,90.0,190.0,0.474027,1004.6,8.3,13.0,0.3
2022-04-04 17:00:00,6.1,80.0,250.0,0.365412,1005.8,9.4,25.9,1.0
2022-04-04 18:00:00,6.0,71.0,260.0,0.298483,1006.9,11.1,35.3,0.0
2022-04-04 19:00:00,5.0,66.0,250.0,0.237983,1008.2,11.1,44.6,0.1
2022-04-04 20:00:00,4.3,63.0,250.0,0.211786,1009.2,11.1,38.9,0.0
2022-04-04 21:00:00,4.4,59.0,240.0,0.219056,1010.0,12.2,46.4,0.1
2022-04-04 22:00:00,2.9,57.0,270.0,0.331152,1010.9,11.1,37.1,0.0
2022-04-04 23:00:00,3.3,73.0,250.0,0.395073,1012.9,7.8,40.7,0.3
2022-04-05 00:00:00,3.4,66.0,240.0,0.507496,1013.2,9.4,37.1,0.3
2022-04-05 01:00:00,3.3,73.0,250.0,0.562464,1013.9,7.8,29.5,0.1
2022-04-05 02:00:00,1.6,73.0,230.0,0.576963,1015.1,6.1,25.9,0.0
2022-04-05 03:00:00,2.9,86.0,250.0,0.558925,1016.4,5.0,27.7,0.5
2022-04-05 04:00:00,2.3,89.0,200.0,0.525311,1017.6,3.9,14.8,0.0
2022-04-05 05:00:00,1.8,86.0,170.0,0.473761,1018.4,3.9,11.2,0.0
2022-04-05 06:00:00,2.8,82.0,200.0,0.424204,1019.1,5.6,18.4,0.0
2022-04-05 07:00:00,2.9,86.0,200.0,0.40134,1020.0,5.0,11.2,0.0
2022-04-05 08:00:00,1.7,76.0,220.0,0.389374,1020.8,5.6,18.4,0.5
2022-04-05 09:00:00,2.2,82.0,210.0,0.387641,1021.6,5.0,14.8,0.3
2022-04-05 10:00:00,1.8,86.0,190.0,0.414605,1022.6,3.9,14.8,0.0
2022-04-05 11:00:00,1.7,79.0,220.0,0.445546,1023.6,5.0,9.4,0.5
2022-04-05 12:00:00,1.7,89.0,180.0,0.524918,1024.4,3.3,13.0,0.0
2022-04-05 13:00:00,1.7,89.0,210.0,0.612861,1025.3,3.3,11.2,0.0
2022-04-05 14:00:00,1.2,86.0,250.0,0.634999,1026.7,3.3,16.6,0.0
2022-04-05 15:00:00,2.7,89.0,210.0,0.564053,1027.7,4.4,9.4,0.0
2022-04-05 16:00:00,3.3,82.0,190.0,0.437715,1028.7,6.1,7.6,0.0
2022-04-05 17:00:00,3.3,71.0,330.0,0.357514,1029.5,8.3,7.6,0.0
2022-04-05 18:00:00,2.2,79.0,330.0,0.364463,1030.4,5.6,25.9,2.0
2022-04-05 19:00:00,4.3,76.0,100.0,0.330097,1030.3,8.3,9.4,1.0
2022-04-05 20:00:00,4.4,79.0,60.0,0.206077,1030.8,7.8,9.4,0.8
2022-04-05 21:00:00,2.8,61.0,279.0,0.206783,1030.3,10.0,9.4,0.0
2022-04-05 22:00:00,2.1,54.0,281.0,0.225419,1030.3,11.1,5.4,0.0
2022-04-05 23:00:00,2.1,50.0,310.0,0.303002,1029.9,12.2,7.6,0.0
2022-04-06 00:00:00,1.2,45.0,310.0,0.354323,1029.9,12.8,9.4,0.0
2022-04-06 01:00:00,0.5,48.0,250.0,0.434697,1029.8,11.1,5.4,0.0
2022-04-06 02:00:00,0.0,48.0,310.0,0.477783,1029.8,10.6,11.2,0.0
2022-04-06 03:00:00,0.0,56.0,340.0,0.495842,1030.1,8.3,9.4,0.0
2022-04-06 04:00:00,0.0,58.0,0.0,0.467202,1030.7,7.8,0.0,0.0
2022-04-06 05:00:00,1.1,73.0,310.0,0.422163,1031.2,5.6,7.6,0.0
2022-04-06 06:00:00,0.6,79.0,310.0,0.38087,1031.3,3.9,7.6,0.0
2022-04-06 07:00:00,0.5,85.0,0.0,0.367894,1031.5,2.8,0.0,0.0
2022-04-06 08:00:00,0.0,82.0,340.0,0.370187,1031.6,2.8,11.2,0.0
2022-04-06 09:00:00,-0.1,85.0,340.0,0.385276,1031.7,2.2,11.2,0.0
2022-04-06 10:00:00,-0.6,85.0,350.0,0.400432,1031.2,1.7,9.4,0.0
2022-04-06 11:00:00,-1.1,85.0,350.0,0.440942,1031.1,1.1,9.4,0.0
2022-04-06 12:00:00,-1.1,85.0,340.0,0.537144,1030.7,1.1,9.4,0.0
2022-04-06 13:00:00,-1.1,85.0,350.0,0.633009,1030.3,1.1,11.2,0.0
2022-04-06 14:00:00,-1.0,82.0,350.0,0.644653,1030.2,1.7,11.2,0.0
2022-04-06 15:00:00,0.0,82.0,340.0,0.546746,1030.4,2.8,13.0,0.0
2022-04-06 16:00:00,1.1,73.0,350.0,0.439066,1030.3,5.6,16.6,0.0
2022-04-06 17:00:00,1.6,65.0,340.0,0.337079,1030.1,7.8,16.6,0.0
2022-04-06 18:00:00,1.7,54.0,360.0,0.266709,1029.9,10.6,13.0,0.0
2022-04-06 19:00:00,1.6,50.0,0.0,0.224568,1029.5,11.7,0.0,0.0
2022-04-06 20:00:00,2.8,49.0,340.0,0.200933,1029.0,13.3,11.2,0.0
2022-04-06 21:00:00,3.8,49.0,330.0,0.179426,1028.4,14.4,13.0,0.0
2022-04-06 22:00:00,3.8,44.0,340.0,0.208887,1027.5,16.1,9.4,0.0
2022-04-06 23:00:00,4.0,40.0,60.0,0.251152,1026.8,17.8,9.4,0.0
2022-04-07 00:00:00,2.7,34.0,10.0,0.320116,1026.0,18.9,13.0,0.0
2022-04-07 01:00:00,4.5,40.0,20.0,0.400449,1025.6,18.3,11.2,0.0
2022-04-07 02:00:00,5.5,46.0,10.0,0.44666,1025.2,17.2,11.2,0.0
2022-04-07 03:00:00,4.4,55.0,360.0,0.453785,1024.9,13.3,11.2,0.0
2022-04-07 04:00:00,4.3,63.0,350.0,0.439046,1025.0,11.1,11.2,0.0
2022-04-07 05:00:00,3.8,63.0,350.0,0.368916,1025.2,10.6,9.4,0.0
2022-04-07 06:00:00,2.8,61.0,350.0,0.322324,1025.1,10.0,11.2,0.0
2022-04-07 07:00:00,2.3,61.0,350.0,0.317038,1024.9,9.4,11.2,0.0
2022-04-07 08:00:00,2.2,63.0,350.0,0.301209,1024.9,8.9,11.2,0.0
2022-04-07 09:00:00,1.6,65.0,350.0,0.300298,1024.9,7.8,9.4,0.0
2022-04-07 10:00:00,1.1,65.0,350.0,0.308006,1024.6,7.2,9.4,0.0
2022-04-07 11:00:00,1.2,68.0,340.0,0.343638,1024.3,6.7,13.0,0.0
2022-04-07 12:00:00,1.0,70.0,350.0,0.418653,1024.3,6.1,11.2,0.0
2022-04-07 13:00:00,1.0,70.0,340.0,0.504785,1024.0,6.1,11.2,0.0
2022-04-07 14:00:00,1.1,73.0,350.0,0.54955,1024.1,5.6,11.2,0.0
2022-04-07 15:00:00,1.7,63.0,350.0,0.483875,1024.2,8.3,13.0,0.0
2022-04-07 16:00:00,2.9,57.0,360.0,0.357555,1024.3,11.1,13.0,0.0
2022-04-07 17:00:00,2.9,46.0,10.0,0.27872,1023.9,14.4,9.4,0.0
2022-04-07 18:00:00,3.4,44.0,356.0,0.208886,1023.5,15.6,5.4,0.0
2022-04-07 19:00:00,4.4,41.0,0.0,0.159894,1023.0,17.8,0.0,0.0
2022-04-07 20:00:00,5.1,39.0,350.0,0.144224,1021.9,19.4,5.4,0.0
2022-04-07 21:00:00,6.6,39.0,2.0,0.169206,1021.0,21.1,5.4,0.0
2022-04-07 22:00:00,6.5,35.0,0.0,0.206848,1020.0,22.8,0.0,0.0
2022-04-07 23:00:00,8.2,42.0,0.0,0.259365,1018.9,21.7,0.0,0.0
2022-04-08 00:00:00,9.3,41.0,0.0,0.343341,1018.1,23.3,0.0,0.0
2022-04-08 01:00:00,9.6,43.0,0.0,0.379146,1017.2,22.8,0.0,0.0
2022-04-08 02:00:00,9.0,49.0,220.0,0.402839,1017.0,20.0,7.6,0.0
2022-04-08 03:00:00,8.9,58.0,240.0,0.392951,1017.0,17.2,13.0,0.0
2022-04-08 04:00:00,7.3,56.0,230.0,0.386767,1017.5,16.1,16.6,0.0
2022-04-08 05:00:00,6.1,53.0,220.0,0.339037,1018.2,15.6,22.3,0.0
2022-04-08 06:00:00,4.4,51.0,230.0,0.295567,1018.9,14.4,22.3,0.0
2022-04-08 07:00:00,3.4,51.0,240.0,0.276154,1019.5,13.3,24.1,0.0
2022-04-08 08:00:00,-0.7,41.0,240.0,0.266605,1020.5,12.2,20.5,0.0
2022-04-08 09:00:00,-0.1,46.0,220.0,0.266798,1021.6,11.1,24.1,0.0
2022-04-08 10:00:00,7.2,77.0,220.0,0.267482,1022.2,11.1,22.3,0.4
2022-04-08 11:00:00,8.4,86.0,230.0,0.284787,1022.8,10.6,16.6,0.3
2022-04-08 12:00:00,8.3,89.0,210.0,0.338475,1023.0,10.0,14.8,0.0
2022-04-08 13:00:00,7.8,86.0,240.0,0.385077,1023.8,10.0,20.5,0.0
2022-04-08 14:00:00,3.9,74.0,240.0,0.419917,1024.9,8.3,20.5,0.0
2022-04-08 15:00:00,3.8,76.0,200.0,0.409863,1025.7,7.8,11.2,0.0
2022-04-08 16:00:00,5.6,77.0,200.0,0.371715,1026.1,9.4,14.8,0.0
2022-04-08 17:00:00,4.5,66.0,260.0,0.367679,1026.6,10.6,20.5,0.0
2022-04-08 18:00:00,4.4,61.0,240.0,0.305005,1027.1,11.7,25.9,0.0
2022-04-08 19:00:00,4.0,55.0,290.0,0.18244,1027.1,12.8,22.3,0.0
2022-04-08 20:00:00,3.2,52.0,240.0,0.17831,1026.8,12.8,24.1,0.0
2022-04-08 21:00:00,4.0,55.0,290.0,0.307645,1026.7,12.8,31.7,0.0
2022-04-08 22:00:00,4.4,68.0,280.0,0.309781,1028.0,10.0,31.7,0.3
2022-04-08 23:00:00,5.6,71.0,240.0,0.293356,1027.6,10.6,18.4,0.0
2022-04-09 00:00:00,4.9,68.0,280.0,0.349894,1028.0,10.6,22.3,0.0
2022-04-09 01:00:00,3.3,63.0,260.0,0.391238,1028.0,10.0,16.6,0.0
2022-04-09 02:00:00,3.3,68.0,240.0,0.421087,1028.2,8.9,20.5,0.0
2022-04-09 03:00:00,2.8,76.0,240.0,0.439976,1028.4,6.7,16.6,0.0
2022-04-09 04:00:00,2.2,76.0,240.0,0.432855,1029.2,6.1,11.2,0.0
2022-04-09 05:00:00,2.2,82.0,220.0,0.408251,1030.0,5.0,11.2,0.0
2022-04-09 06:00:00,2.3,86.0,220.0,0.3785,1030.2,4.4,13.0,0.0
2022-04-09 07:00:00,1.8,86.0,240.0,0.360225,1030.1,3.9,11.2,0.0
2022-04-09 08:00:00,1.8,93.0,240.0,0.35815,1030.4,2.8,9.4,0.0
2022-04-09 09:00:00,1.8,93.0,250.0,0.353819,1030.3,2.8,11.2,0.0
2022-04-09 10:00:00,1.8,93.0,240.0,0.368559,1030.6,2.8,9.4,0.0
2022-04-09 11:00:00,2.3,93.0,0.0,0.392021,1030.5,3.3,0.0,0.0
2022-04-09 12:00:00,1.7,89.0,0.0,0.438827,1030.6,3.3,0.0,0.0
2022-04-09 13:00:00,1.0,92.0,290.0,0.483491,1030.6,2.2,5.4,0.0
2022-04-09 14:00:00,-0.1,92.0,250.0,0.544024,1030.6,1.1,7.6,0.0
2022-04-09 15:00:00,2.3,93.0,0.0,0.549043,1030.6,3.3,0.0,0.0
2022-04-09 16:00:00,2.8,82.0,240.0,0.438872,1030.4,5.6,9.4,0.0
2022-04-09 17:00:00,3.3,73.0,240.0,0.448019,1030.2,7.8,9.4,0.0
2022-04-09 18:00:00,3.3,73.0,240.0,0.320908,1030.0,7.8,18.4,0.1
2022-04-09 19:00:00,2.3,61.0,290.0,0.288297,1029.6,9.4,9.4,0.1
2022-04-09 20:00:00,2.3,61.0,290.0,0.22199,1029.1,9.4,18.4,0.3
2022-04-09 21:00:00,1.6,52.0,270.0,0.269387,1028.4,11.1,22.3,0.0
2022-04-09 22:00:00,0.0,48.0,270.0,0.288304,1028.1,10.6,13.0,0.0
2022-04-09 23:00:00,0.6,52.0,300.0,0.283006,1027.9,10.0,24.1,0.0
2022-04-10 00:00:00,-1.0,50.0,260.0,0.352862,1027.6,8.9,24.1,0.0
2022-04-10 01:00:00,1.2,63.0,270.0,0.444788,1027.3,7.8,25.9,0.0
2022-04-10 02:00:00,1.1,65.0,270.0,0.483879,1026.9,7.2,16.6,0.0
2022-04-10 03:00:00,1.7,79.0,230.0,0.502095,1026.1,5.0,16.6,0.0
2022-04-10 04:00:00,2.2,82.0,220.0,0.464294,1025.5,5.0,16.6,0.1
2022-04-10 05:00:00,2.9,86.0,210.0,0.44029,1024.5,5.0,14.8,0.3
2022-04-10 06:00:00,2.9,86.0,190.0,0.408332,1022.8,5.0,20.5,0.8
2022-04-10 07:00:00,3.3,89.0,200.0,0.39294,1022.6,5.0,22.3,2.8
2022-04-10 08:00:00,3.3,89.0,230.0,0.371365,1022.3,5.0,16.6,0.5
2022-04-10 09:00:00,3.3,89.0,210.0,0.362883,1022.2,5.0,9.4,0.0
2022-04-10 10:00:00,2.2,82.0,200.0,0.371214,1021.8,5.0,13.0,0.0
2022-04-10 11:00:00,1.8,83.0,220.0,0.384173,1021.9,4.4,11.2,0.0
2022-04-10 12:00:00,1.8,83.0,220.0,0.425028,1021.7,4.4,14.8,0.0
2022-04-10 13:00:00,1.7,79.0,240.0,0.471557,1021.7,5.0,16.6,0.0
2022-04-10 14:00:00,2.3,86.0,220.0,0.532323,1021.4,4.4,13.0,0.1
2022-04-10 15:00:00,2.3,86.0,210.0,0.553732,1021.2,4.4,9.4,0.1
2022-04-10 16:00:00,2.2,82.0,210.0,0.509569,1020.9,5.0,9.4,0.3
2022-04-10 17:00:00,2.2,79.0,220.0,0.521369,1020.8,5.6,13.0,0.0
2022-04-10 18:00:00,2.3,71.0,240.0,0.465184,1020.4,7.2,14.8,0.0
2022-04-10 19:00:00,2.8,76.0,220.0,0.458169,1020.0,6.7,20.5,0.0
2022-04-10 20:00:00,2.8,76.0,220.0,0.426093,1019.3,6.7,16.6,0.1
2022-04-10 21:00:00,2.7,79.0,260.0,0.454149,1018.7,6.1,18.4,0.2
2022-04-10 22:00:00,2.8,76.0,240.0,0.474908,1017.8,6.7,18.4,0.2
2022-04-10 23:00:00,2.8,76.0,220.0,0.533107,1016.6,6.7,13.0,0.3
2022-04-11 00:00:00,3.3,82.0,240.0,0.57656,1015.4,6.1,7.6,0.5
2022-04-11 01:00:00,3.3,85.0,0.0,0.604807,1013.8,5.6,0.0,0.8
2022-04-11 02:00:00,3.3,89.0,60.0,0.587883,1012.2,5.0,5.4,2.0
2022-04-11 03:00:00,4.0,93.0,70.0,0.605084,1009.9,5.0,7.6,2.0
2022-04-11 04:00:00,4.0,97.0,50.0,0.545559,1008.0,4.4,9.4,2.0
2022-04-11 05:00:00,2.9,93.0,340.0,0.489742,1006.1,3.9,11.2,3.0
2022-04-11 06:00:00,0.7,97.0,330.0,0.437941,1003.7,1.1,18.4,3.6
2022-04-11 07:00:00,0.0,96.0,350.0,0.426901,1000.6,0.6,18.4,2.8
2022-04-11 08:00:00,0.7,97.0,330.0,0.420591,997.3,1.1,16.6,2.5
2022-04-11 09:00:00,0.0,96.0,340.0,0.436671,995.5,0.6,27.7,3.8
2022-04-11 10:00:00,0.0,96.0,310.0,0.454586,995.1,0.6,24.1,1.5
2022-04-11 11:00:00,0.5,92.0,290.0,0.494878,996.2,1.7,14.8,0.8
2022-04-11 12:00:00,1.0,92.0,220.0,0.565318,996.9,2.2,11.2,0.3
2022-04-11 13:00:00,0.6,89.0,240.0,0.65305,998.0,2.2,18.4,0.3
2022-04-11 14:00:00,0.6,89.0,240.0,0.696092,999.4,2.2,25.9,0.0
2022-04-11 15:00:00,0.5,85.0,240.0,0.693191,1000.6,2.8,14.8,0.0
2022-04-11 16:00:00,0.5,85.0,240.0,0.653177,1001.6,2.8,22.3,0.0
2022-04-11 17:00:00,1.7,89.0,230.0,0.581919,1002.0,3.3,22.3,0.0
2022-04-11 18:00:00,1.7,79.0,240.0,0.583694,1002.9,5.0,18.4,0.0
2022-04-11 19:00:00,2.2,82.0,260.0,0.56247,1004.0,5.0,18.4,0.1
2022-04-11 20:00:00,2.7,79.0,270.0,0.455575,1004.9,6.1,13.0,0.2
2022-04-11 21:00:00,2.3,71.0,330.0,0.45755,1005.8,7.2,16.6,0.3
2022-04-11 22:00:00,2.9,74.0,360.0,0.533197,1007.0,7.2,13.0,1.0
2022-04-11 23:00:00,2.9,71.0,300.0,0.48141,1007.9,7.8,16.6,0.1
2022-04-12 00:00:00,1.8,61.0,280.0,0.482311,1008.3,8.9,25.9,0.0
2022-04-12 01:00:00,0.1,54.0,300.0,0.513145,1008.9,8.9,16.6,0.0
2022-04-12 02:00:00,1.2,61.0,290.0,0.563548,1009.7,8.3,16.6,0.0
2022-04-12 03:00:00,0.6,65.0,270.0,0.585158,1010.5,6.7,18.4,0.0
2022-04-12 04:00:00,0.1,76.0,240.0,0.546356,1011.5,3.9,14.8,0.0
2022-04-12 05:00:00,0.1,76.0,270.0,0.498983,1012.2,3.9,13.0,0.0
2022-04-12 06:00:00,0.7,83.0,240.0,0.444246,1013.0,3.3,13.0,0.0
2022-04-12 07:00:00,0.5,76.0,270.0,0.42664,1014.3,4.4,13.0,0.5
2022-04-12 08:00:00,1.8,93.0,160.0,0.425182,1014.4,2.8,7.6,0.3
2022-04-12 09:00:00,1.2,89.0,190.0,0.429975,1014.5,2.8,13.0,0.0
2022-04-12 10:00:00,1.7,89.0,220.0,0.444166,1014.8,3.3,13.0,0.5
2022-04-12 11:00:00,1.8,93.0,180.0,0.47608,1014.7,2.8,11.2,0.3
2022-04-12 12:00:00,1.8,93.0,220.0,0.571284,1015.1,2.8,9.4,0.3
2022-04-12 13:00:00,1.0,92.0,200.0,0.65265,1015.2,2.2,9.4,0.8
2022-04-12 14:00:00,0.6,89.0,190.0,0.683575,1015.5,2.2,16.6,0.3
2022-04-12 15:00:00,1.2,89.0,170.0,0.668866,1015.9,2.8,14.8,0.5
2022-04-12 16:00:00,2.3,86.0,200.0,0.586166,1016.1,4.4,13.0,0.0
2022-04-12 17:00:00,1.7,79.0,170.0,0.556178,1016.4,5.0,16.6,0.0
2022-04-12 18:00:00,2.2,79.0,190.0,0.533223,1016.5,5.6,22.3,0.3
2022-04-12 19:00:00,2.2,76.0,200.0,0.539771,1017.0,6.1,22.3,1.0
2022-04-12 20:00:00,3.3,85.0,220.0,0.533398,1017.0,5.6,9.4,0.8
2022-04-12 21:00:00,2.2,79.0,220.0,0.394815,1017.3,5.6,29.5,0.3
2022-04-12 22:00:00,3.3,82.0,280.0,0.371765,1017.3,6.1,24.1,0.3
2022-04-12 23:00:00,2.2,73.0,250.0,0.478094,1016.7,6.7,29.5,0.4
2022-04-13 00:00:00,2.2,79.0,240.0,0.542495,1016.5,5.6,11.2,0.3
2022-04-13 01:00:00,2.2,79.0,270.0,0.623086,1016.1,5.6,5.4,0.0
2022-04-13 02:00:00,2.3,89.0,250.0,0.622587,1016.3,3.9,14.8,1.8
2022-04-13 03:00:00,1.7,89.0,190.0,0.624679,1015.8,3.3,13.0,0.5
2022-04-13 04:00:00,2.3,89.0,190.0,0.582311,1015.8,3.9,9.4,0.3
2022-04-13 05:00:00,1.8,93.0,0.0,0.508284,1015.4,2.8,0.0,1.5
2022-04-13 06:00:00,1.7,89.0,150.0,0.472273,1014.8,3.3,18.4,2.4
2022-04-13 07:00:00,1.8,93.0,150.0,0.455112,1014.5,2.8,9.4,0.3
2022-04-13 08:00:00,1.8,93.0,170.0,0.451937,1014.0,2.8,9.0,0.8
2022-04-13 09:00:00,1.8,93.0,170.0,0.463016,1013.9,2.8,9.4,1.0
2022-04-13 10:00:00,0.6,89.0,0.0,0.474595,1013.5,2.2,0.0,0.5
2022-04-13 11:00:00,1.0,92.0,0.0,0.500143,1013.5,2.2,0.0,0.1
2022-04-13 12:00:00,1.0,92.0,220.0,0.59054,1014.0,2.2,13.0,0.0
2022-04-13 13:00:00,0.0,96.0,210.0,0.678839,1014.0,0.6,11.2,0.2
2022-04-13 14:00:00,0.0,96.0,140.0,0.725781,1014.5,0.6,9.4,0.3
2022-04-13 15:00:00,0.5,92.0,180.0,0.699077,1015.8,1.7,7.6,0.5
2022-04-13 16:00:00,1.0,92.0,160.0,0.610902,1016.0,2.2,14.8,0.8
2022-04-13 17:00:00,2.3,86.0,160.0,0.543019,1015.8,4.4,18.4,0.1
2022-04-13 18:00:00,2.7,79.0,180.0,0.528056,1016.0,6.1,20.5,0.0
2022-04-13 19:00:00,2.2,79.0,270.0,0.366378,1016.4,5.6,16.6,0.2
2022-04-13 20:00:00,2.3,68.0,240.0,0.304397,1016.1,7.8,22.3,0.1
2022-04-13 21:00:00,2.1,65.0,270.0,0.345155,1016.0,8.3,20.5,0.1
2022-04-13 22:00:00,1.8,59.0,270.0,0.398138,1015.5,9.4,14.8,0.0
2022-04-13 23:00:00,2.3,61.0,200.0,0.443541,1015.3,9.4,22.3,0.0
2022-04-14 00:00:00,1.7,63.0,220.0,0.512979,1014.9,8.3,18.4,0.0
2022-04-14 01:00:00,2.1,65.0,230.0,0.528163,1014.9,8.3,14.8,0.0
2022-04-14 02:00:00,-1.8,49.0,280.0,0.54237,1014.5,8.3,14.8,0.0
2022-04-14 03:00:00,-1.1,60.0,280.0,0.581009,1014.3,6.1,11.2,0.0
2022-04-14 04:00:00,-0.5,76.0,210.0,0.556366,1014.4,3.3,5.4,0.0
2022-04-14 05:00:00,-1.1,73.0,0.0,0.512593,1014.4,3.3,0.0,0.0
2022-04-14 06:00:00,-1.1,79.0,0.0,0.458434,1014.0,2.2,0.0,0.0
2022-04-14 07:00:00,-1.1,85.0,0.0,0.461537,1013.8,1.1,0.0,0.0
2022-04-14 08:00:00,-1.8,88.0,270.0,0.463134,1013.8,0.0,7.6,0.0
2022-04-14 09:00:00,-1.8,88.0,270.0,0.476649,1013.8,0.0,5.4,0.0
2022-04-14 10:00:00,-2.2,89.0,290.0,0.508029,1013.6,-0.6,7.6,0.0
2022-04-14 11:00:00,-2.2,89.0,0.0,0.555406,1013.4,-0.6,0.0,0.0
2022-04-14 12:00:00,-1.7,92.0,0.0,0.651982,1013.4,-0.6,0.0,0.0
2022-04-14 13:00:00,-1.2,96.0,0.0,0.729702,1013.6,-0.6,0.0,0.0
2022-04-14 14:00:00,-2.2,92.0,0.0,0.763553,1014.0,-1.1,0.0,0.0
2022-04-14 15:00:00,-0.6,96.0,0.0,0.712922,1014.2,0.0,0.0,0.0
2022-04-14 16:00:00,1.2,89.0,310.0,0.597613,1014.5,2.8,5.4,0.0
2022-04-14 17:00:00,2.2,82.0,240.0,0.442728,1014.6,5.0,5.4,0.0
2022-04-14 18:00:00,2.8,76.0,240.0,0.381598,1014.4,6.7,11.2,0.0
2022-04-14 19:00:00,1.6,65.0,210.0,0.306488,1014.2,7.8,18.4,0.0
2022-04-14 20:00:00,2.7,68.0,210.0,0.414522,1014.2,8.3,13.0,0.1
2022-04-14 21:00:00,2.2,79.0,220.0,0.394792,1014.4,5.6,9.4,0.3
2022-04-14 22:00:00,1.6,65.0,220.0,0.42688,1014.0,7.8,13.0,0.0
2022-04-14 23:00:00,3.3,73.0,200.0,0.427131,1014.0,7.8,18.4,4.1
2022-04-15 00:00:00,1.6,70.0,210.0,0.476855,1014.0,6.7,13.0,0.5
2022-04-15 01:00:00,2.3,68.0,40.0,0.490738,1014.1,7.8,9.4,0.3
2022-04-15 02:00:00,2.3,68.0,20.0,0.535449,1014.1,7.8,18.4,0.0
2022-04-15 03:00:00,-0.6,67.0,290.0,0.561793,1014.8,5.0,16.6,0.0
2022-04-15 04:00:00,0.0,79.0,260.0,0.541663,1015.8,3.3,7.6,0.0
2022-04-15 05:00:00,0.6,89.0,130.0,0.510568,1016.5,2.2,9.4,0.0
2022-04-15 06:00:00,1.1,96.0,100.0,0.479205,1017.0,1.7,7.6,0.0
2022-04-15 07:00:00,0.5,92.0,0.0,0.466449,1017.1,1.7,0.0,0.0
2022-04-15 08:00:00,0.0,96.0,0.0,0.469333,1017.6,0.6,0.0,0.0
2022-04-15 09:00:00,-0.6,92.0,0.0,0.477403,1017.9,0.6,0.0,0.0
2022-04-15 10:00:00,-1.7,96.0,0.0,0.500333,1018.2,-1.1,0.0,0.0
2022-04-15 11:00:00,-1.2,96.0,0.0,0.535455,1018.6,-0.6,0.0,0.0
2022-04-15 12:00:00,-2.2,92.0,0.0,0.626893,1018.8,-1.1,0.0,0.0
2022-04-15 13:00:00,-2.8,96.0,0.0,0.698958,1018.9,-2.2,0.0,0.0
2022-04-15 14:00:00,-3.3,92.0,0.0,0.733404,1019.4,-2.2,0.0,0.0
2022-04-15 15:00:00,-1.7,96.0,340.0,0.688391,1019.8,-1.1,7.6,0.0
2022-04-15 16:00:00,0.6,100.0,0.0,0.608307,1020.0,0.6,0.0,0.0
2022-04-15 17:00:00,1.1,100.0,0.0,0.523645,1020.6,1.1,0.0,0.0
2022-04-15 18:00:00,1.7,89.0,0.0,0.412668,1020.6,3.3,0.0,0.0
2022-04-15 19:00:00,2.8,76.0,0.0,0.305268,1020.3,6.7,0.0,0.0
2022-04-15 20:00:00,0.6,56.0,0.0,0.307405,1019.5,8.9,0.0,0.0
2022-04-15 21:00:00,-0.5,50.0,160.0,0.222024,1018.9,9.4,7.6,0.0
2022-04-15 22:00:00,0.0,48.0,345.0,0.294791,1018.7,10.6,7.6,0.0
2022-04-15 23:00:00,-1.7,41.0,0.0,0.302091,1017.7,11.1,0.0,0.0
2022-04-16 00:00:00,-4.1,33.0,70.0,0.349548,1016.7,11.7,7.6,0.0
2022-04-16 01:00:00,-3.8,35.0,100.0,0.415499,1015.7,11.1,7.6,0.0
2022-04-16 02:00:00,-4.2,34.0,0.0,0.452256,1015.1,11.1,0.0,0.0
2022-04-16 03:00:00,-4.3,39.0,0.0,0.497644,1014.6,8.9,0.0,0.0
2022-04-16 04:00:00,-1.8,57.0,340.0,0.494418,1014.7,6.1,14.8,0.0
2022-04-16 05:00:00,-0.6,67.0,340.0,0.473238,1014.6,5.0,14.8,0.0
2022-04-16 06:00:00,-0.5,73.0,350.0,0.434796,1014.2,3.9,7.6,0.0
2022-04-16 07:00:00,-0.5,76.0,350.0,0.413461,1013.6,3.3,9.4,0.0
2022-04-16 08:00:00,-0.7,78.0,350.0,0.407624,1012.7,2.8,13.0,0.0
2022-04-16 09:00:00,-0.5,76.0,340.0,0.403781,1011.9,3.3,11.2,0.0
2022-04-16 10:00:00,-0.5,76.0,340.0,0.395997,1011.0,3.3,11.2,0.0
2022-04-16 11:00:00,-1.1,79.0,340.0,0.426848,1010.5,2.2,7.6,0.0
2022-04-16 12:00:00,-1.6,85.0,280.0,0.498681,1010.3,0.6,7.6,0.0
2022-04-16 13:00:00,-1.8,88.0,330.0,0.559388,1010.0,0.0,7.6,0.0
2022-04-16 14:00:00,-1.8,88.0,280.0,0.602196,1010.3,0.0,7.6,0.0
2022-04-16 15:00:00,-0.6,92.0,250.0,0.567171,1010.9,0.6,9.4,0.0
2022-04-16 16:00:00,0.5,76.0,0.0,0.469741,1011.2,4.4,0.0,0.0
2022-04-16 17:00:00,1.2,68.0,190.0,0.353154,1011.8,6.7,7.6,0.0
2022-04-16 18:00:00,0.6,54.0,190.0,0.29708,1012.4,9.4,13.0,0.0
2022-04-16 19:00:00,0.0,50.0,210.0,0.482014,1012.8,10.0,14.8,0.0
2022-04-16 20:00:00,1.0,70.0,250.0,0.36544,1016.0,6.1,37.1,0.0
2022-04-16 21:00:00,3.9,74.0,270.0,0.271473,1015.8,8.3,27.7,0.5
2022-04-16 22:00:00,2.3,68.0,260.0,0.30923,1017.1,7.8,31.7,0.0
2022-04-16 23:00:00,1.7,63.0,270.0,0.382056,1017.7,8.3,16.6,0.0
2022-04-17 00:00:00,2.3,71.0,260.0,0.401054,1018.4,7.2,20.5,0.0
2022-04-17 01:00:00,1.1,58.0,260.0,0.481097,1019.1,8.9,22.3,0.0
2022-04-17 02:00:00,1.6,65.0,270.0,0.499812,1019.9,7.8,14.8,0.0
2022-04-17 03:00:00,1.0,70.0,260.0,0.523496,1020.8,6.1,16.6,0.0
2022-04-17 04:00:00,1.1,73.0,270.0,0.519647,1021.9,5.6,11.2,0.0
2022-04-17 05:00:00,0.5,85.0,220.0,0.483924,1022.8,2.8,11.2,0.0
2022-04-17 06:00:00,1.2,86.0,220.0,0.46066,1023.4,3.3,11.2,0.0
2022-04-17 07:00:00,0.6,89.0,0.0,0.431736,1024.1,2.2,0.0,0.0
2022-04-17 08:00:00,1.7,89.0,0.0,0.413425,1024.1,3.3,0.0,0.0
2022-04-17 09:00:00,1.8,86.0,40.0,0.407606,1024.4,3.9,5.4,0.0
2022-04-17 10:00:00,1.7,89.0,10.0,0.426063,1024.7,3.3,5.4,0.0
2022-04-17 11:00:00,0.6,89.0,330.0,0.451314,1024.8,2.2,5.4,0.0
2022-04-17 12:00:00,-0.1,92.0,10.0,0.515627,1024.6,1.1,5.4,0.0
2022-04-17 13:00:00,-0.6,92.0,350.0,0.579175,1024.5,0.6,5.4,0.0
2022-04-17 14:00:00,-0.6,96.0,360.0,0.640118,1024.9,0.0,9.4,0.0
2022-04-17 15:00:00,1.0,92.0,340.0,0.611625,1024.5,2.2,7.6,0.0
2022-04-17 16:00:00,2.9,86.0,340.0,0.562637,1024.8,5.0,9.4,0.0
2022-04-17 17:00:00,2.7,79.0,340.0,0.445891,1024.3,6.1,9.4,0.0
2022-04-17 18:00:00,3.3,71.0,350.0,0.391076,1024.0,8.3,11.2,0.0
2022-04-17 19:00:00,1.6,56.0,90.0,0.35399,1023.3,10.0,7.6,0.0
2022-04-17 20:00:00,1.1,50.0,81.0,0.313955,1022.6,11.1,7.6,0.0
2022-04-17 21:00:00,-0.5,43.0,200.0,0.342451,1021.9,11.7,7.6,0.0
2022-04-17 22:00:00,0.0,43.0,200.0,0.389597,1021.2,12.2,7.6,0.0
2022-04-17 23:00:00,0.6,45.0,130.0,0.433246,1020.2,12.2,9.4,0.0
2022-04-18 00:00:00,0.6,45.0,220.0,0.47666,1019.5,12.2,9.4,0.0
2022-04-18 01:00:00,2.1,54.0,250.0,0.494807,1019.0,11.1,11.2,0.0
2022-04-18 02:00:00,0.6,50.0,280.0,0.511196,1018.3,10.6,9.4,0.0
2022-04-18 03:00:00,2.8,61.0,0.0,0.531916,1017.8,10.0,0.0,0.0
2022-04-18 04:00:00,2.1,65.0,340.0,0.505336,1016.9,8.3,13.0,0.0
2022-04-18 05:00:00,2.9,71.0,30.0,0.432956,1016.7,7.8,7.6,0.0
2022-04-18 06:00:00,2.3,68.0,340.0,0.38286,1016.4,7.8,7.6,0.0
2022-04-18 07:00:00,3.8,82.0,260.0,0.365377,1015.8,6.7,7.6,0.0
2022-04-18 08:00:00,3.3,76.0,0.0,0.359087,1015.4,7.2,0.0,0.0
2022-04-18 09:00:00,3.8,82.0,0.0,0.35191,1014.6,6.7,0.0,0.0
2022-04-18 10:00:00,3.9,86.0,0.0,0.362334,1013.9,6.1,0.0,0.0
2022-04-18 11:00:00,3.9,86.0,70.0,0.396096,1012.9,6.1,7.6,0.0
2022-04-18 12:00:00,3.9,86.0,0.0,0.46493,1012.1,6.1,0.0,0.0
2022-04-18 13:00:00,3.8,82.0,360.0,0.53632,1011.3,6.7,5.4,0.0
2022-04-18 14:00:00,4.4,85.0,360.0,0.576116,1010.5,6.7,7.6,0.5
2022-04-18 15:00:00,5.1,93.0,350.0,0.562069,1009.8,6.1,5.4,0.3
2022-04-18 16:00:00,5.6,93.0,350.0,0.564228,1008.8,6.7,9.4,0.3
2022-04-18 17:00:00,6.1,93.0,350.0,0.569675,1007.8,7.2,5.4,1.8
2022-04-18 18:00:00,6.7,93.0,0.0,0.577511,1006.8,7.8,0.0,1.3
2022-04-18 19:00:00,6.8,90.0,110.0,0.533636,1005.6,8.3,5.4,1.3
2022-04-18 20:00:00,7.2,89.0,300.0,0.504881,1004.0,8.9,5.4,0.3
2022-04-18 21:00:00,7.8,90.0,350.0,0.500903,1003.2,9.4,9.4,0.8
2022-04-18 22:00:00,8.4,86.0,160.0,0.518648,1002.7,10.6,13.0,0.8
2022-04-18 23:00:00,5.6,83.0,250.0,0.577962,1004.5,8.3,29.5,1.8
2022-04-19 00:00:00,4.0,80.0,230.0,0.519784,1006.3,7.2,24.1,0.0
2022-04-19 01:00:00,4.0,80.0,230.0,0.51087,1008.1,7.2,11.2,0.0
2022-04-19 02:00:00,3.3,76.0,230.0,0.559697,1009.1,7.2,22.3,0.0
2022-04-19 03:00:00,2.8,82.0,240.0,0.56165,1009.3,5.6,9.4,0.0
2022-04-19 04:00:00,3.3,85.0,200.0,0.522229,1010.1,5.6,9.4,0.0
2022-04-19 05:00:00,3.9,86.0,180.0,0.465046,1010.5,6.1,20.5,0.3
2022-04-19 06:00:00,4.4,89.0,190.0,0.418404,1010.6,6.1,11.2,0.5
2022-04-19 07:00:00,3.9,89.0,190.0,0.406456,1010.6,5.6,20.5,0.3
2022-04-19 08:00:00,3.3,85.0,180.0,0.398148,1010.9,5.6,22.3,0.0
2022-04-19 09:00:00,2.9,86.0,180.0,0.39571,1011.3,5.0,13.0,0.0
2022-04-19 10:00:00,2.3,89.0,0.0,0.409636,1011.5,3.9,0.0,0.0
2022-04-19 11:00:00,2.7,89.0,230.0,0.435342,1011.4,4.4,7.6,0.3
2022-04-19 12:00:00,3.3,89.0,190.0,0.523695,1011.8,5.0,9.4,0.5
2022-04-19 13:00:00,3.4,93.0,210.0,0.588683,1011.6,4.4,7.6,2.5
2022-04-19 14:00:00,3.3,89.0,0.0,0.612938,1011.5,5.0,0.0,0.5
2022-04-19 15:00:00,4.0,93.0,110.0,0.602988,1011.5,5.0,5.4,0.5
2022-04-19 16:00:00,4.4,92.0,0.0,0.590762,1011.5,5.6,0.0,1.3
2022-04-19 17:00:00,4.4,92.0,360.0,0.587583,1011.5,5.6,7.6,1.3
2022-04-19 18:00:00,5.1,93.0,40.0,0.566126,1011.8,6.1,5.4,1.8
2022-04-19 19:00:00,5.0,89.0,90.0,0.538965,1011.9,6.7,7.6,1.0
2022-04-19 20:00:00,5.0,86.0,160.0,0.509272,1011.7,7.2,11.2,0.5
2022-04-19 21:00:00,5.6,86.0,190.0,0.443523,1011.6,7.8,14.8,0.3
2022-04-19 22:00:00,5.1,77.0,200.0,0.452296,1011.8,8.9,16.6,0.3
2022-04-19 23:00:00,4.3,73.0,210.0,0.438006,1012.0,8.9,9.4,0.0
2022-04-20 00:00:00,5.6,74.0,220.0,0.533167,1011.5,10.0,7.6,0.0
2022-04-20 01:00:00,5.6,77.0,220.0,0.525314,1011.9,9.4,7.6,0.0
2022-04-20 02:00:00,6.1,80.0,0.0,0.534108,1012.0,9.4,0.0,0.0
2022-04-20 03:00:00,6.1,89.0,130.0,0.531166,1011.8,7.8,7.6,0.0
2022-04-20 04:00:00,6.1,89.0,160.0,0.507556,1012.0,7.8,7.6,0.2
2022-04-20 05:00:00,6.1,93.0,100.0,0.452608,1012.0,7.2,5.4,0.3
2022-04-20 06:00:00,6.8,97.0,120.0,0.400567,1012.0,7.2,9.4,0.0
2022-04-20 07:00:00,5.7,97.0,130.0,0.38661,1011.6,6.1,7.6,0.0
2022-04-20 08:00:00,4.4,96.0,120.0,0.378133,1011.0,5.0,5.4,0.0
2022-04-20 09:00:00,4.4,96.0,300.0,0.38514,1010.9,5.0,5.4,0.0
2022-04-20 10:00:00,4.0,97.0,60.0,0.40274,1009.0,4.4,5.4,0.0
2022-04-20 11:00:00,3.9,100.0,0.0,0.428919,1009.0,3.9,0.0,0.0
2022-04-20 12:00:00,3.3,96.0,0.0,0.497508,1008.3,3.9,0.0,0.0
2022-04-20 13:00:00,3.9,100.0,0.0,0.581741,1006.0,3.9,0.0,0.0
2022-04-20 14:00:00,4.0,93.0,350.0,0.605204,1006.1,5.0,9.4,0.0
2022-04-20 15:00:00,5.6,100.0,20.0,0.606592,1005.2,5.6,7.6,0.0
2022-04-20 16:00:00,5.1,93.0,39.0,0.600637,1005.1,6.1,6.5,0.5
2022-04-20 17:00:00,5.1,93.0,0.0,0.588483,1004.7,6.1,0.0,0.8
2022-04-20 18:00:00,5.0,89.0,0.0,0.56906,1004.5,6.7,0.0,2.0
2022-04-20 19:00:00,5.7,90.0,360.0,0.537903,1004.0,7.2,9.4,1.8
2022-04-20 20:00:00,6.1,86.0,60.0,0.487524,1003.4,8.3,7.6,0.5
2022-04-20 21:00:00,7.8,86.0,140.0,0.433592,1003.1,10.0,16.6,0.3
2022-04-20 22:00:00,6.6,71.0,190.0,0.442515,1003.2,11.7,29.5,0.0
2022-04-20 23:00:00,6.6,71.0,180.0,0.482984,1003.7,11.7,25.9,0.0
2022-04-21 00:00:00,7.2,77.0,180.0,0.486223,1004.0,11.1,20.5,0.6
2022-04-21 01:00:00,7.8,77.0,170.0,0.513367,1004.0,11.7,16.6,0.0
2022-04-21 02:00:00,7.2,77.0,150.0,0.520567,1003.7,11.1,16.6,0.0
2022-04-21 03:00:00,6.7,80.0,140.0,0.532873,1003.0,10.0,16.6,0.2
2022-04-21 04:00:00,6.2,83.0,0.0,0.501649,1002.7,8.9,0.0,0.0
2022-04-21 05:00:00,5.6,80.0,140.0,0.428358,1002.2,8.9,13.0,0.0
2022-04-21 06:00:00,6.1,86.0,90.0,0.38951,1001.5,8.3,11.2,0.5
2022-04-21 07:00:00,6.7,93.0,0.0,0.367763,1002.0,7.8,0.0,2.8
2022-04-21 08:00:00,6.1,89.0,130.0,0.35933,1002.1,7.8,13.0,1.8
2022-04-21 09:00:00,6.1,89.0,140.0,0.361866,1002.6,7.8,13.0,0.3
2022-04-21 10:00:00,5.6,86.0,160.0,0.373649,1002.9,7.8,14.8,0.1
2022-04-21 11:00:00,5.6,86.0,180.0,0.402009,1003.7,7.8,27.7,0.0
2022-04-21 12:00:00,5.0,86.0,190.0,0.473215,1006.0,7.2,20.5,0.0
2022-04-21 13:00:00,5.7,90.0,190.0,0.550731,1005.5,7.2,24.1,0.5
2022-04-21 14:00:00,5.6,93.0,100.0,0.566664,1006.4,6.7,7.6,0.3
2022-04-21 15:00:00,5.1,83.0,160.0,0.49751,1007.3,7.8,16.6,0.0
2022-04-21 16:00:00,5.6,80.0,170.0,0.473729,1007.9,8.9,22.3,0.0
2022-04-21 17:00:00,6.2,77.0,180.0,0.480428,1008.6,10.0,14.8,0.0
2022-04-21 18:00:00,5.0,66.0,170.0,0.431585,1009.0,11.1,27.7,0.0
2022-04-21 19:00:00,6.0,66.0,190.0,0.477219,1009.1,12.2,14.8,0.1
2022-04-21 20:00:00,4.9,68.0,250.0,0.391321,1009.8,10.6,25.9,0.1
2022-04-21 21:00:00,6.0,71.0,230.0,0.369846,1009.6,11.1,7.6,0.3
2022-04-21 22:00:00,7.2,86.0,270.0,0.379638,1010.4,9.4,11.2,1.0
2022-04-21 23:00:00,6.7,80.0,250.0,0.447236,1010.9,10.0,9.4,0.8
2022-04-22 00:00:00,6.2,74.0,250.0,0.416243,1011.1,10.6,7.6,0.0
2022-04-22 01:00:00,5.6,69.0,300.0,0.46557,1011.1,11.1,7.6,0.0
2022-04-22 02:00:00,6.2,74.0,50.0,0.484619,1011.7,10.6,7.6,0.0
2022-04-22 03:00:00,5.6,77.0,70.0,0.516814,1011.9,9.4,5.4,0.0
2022-04-22 04:00:00,5.6,83.0,210.0,0.490505,1013.0,8.3,20.5,1.8
2022-04-22 05:00:00,6.1,89.0,360.0,0.421488,1013.3,7.8,7.6,1.8
2022-04-22 06:00:00,6.7,93.0,350.0,0.395014,1013.5,7.8,7.6,0.0
2022-04-22 07:00:00,6.7,93.0,310.0,0.371719,1014.0,7.8,7.6,0.0
2022-04-22 08:00:00,6.1,93.0,330.0,0.36503,1014.2,7.2,7.6,0.0
2022-04-22 09:00:00,5.6,93.0,340.0,0.362595,1014.4,6.7,5.4,0.0
2022-04-22 10:00:00,4.4,96.0,0.0,0.37283,1014.8,5.0,0.0,0.0
2022-04-22 11:00:00,4.0,97.0,0.0,0.395405,1015.6,4.4,0.0,0.0
2022-04-22 12:00:00,4.4,96.0,0.0,0.461783,1016.3,5.0,0.0,0.0
2022-04-22 13:00:00,5.7,97.0,0.0,0.515219,1016.7,6.1,0.0,0.0
2022-04-22 14:00:00,4.4,100.0,0.0,0.553656,1017.3,4.4,0.0,0.0
2022-04-22 15:00:00,5.0,96.0,0.0,0.525809,1018.1,5.6,0.0,0.0
2022-04-22 16:00:00,5.7,97.0,230.0,0.499531,1018.9,6.1,5.4,0.0
2022-04-22 17:00:00,6.1,96.0,140.0,0.380484,1019.2,6.7,5.4,0.0
2022-04-22 18:00:00,6.7,83.0,0.0,0.250101,1019.6,9.4,0.0,0.0
2022-04-22 19:00:00,7.9,75.0,80.0,0.19396,1020.0,12.2,5.4,0.0
2022-04-22 20:00:00,7.2,64.0,80.0,0.282799,1020.0,13.9,5.4,0.0
2022-04-22 21:00:00,7.9,72.0,260.0,0.314669,1020.2,12.8,16.6,0.3
2022-04-22 22:00:00,8.9,83.0,200.0,0.198468,1020.4,11.7,11.2,1.3
2022-04-22 23:00:00,6.8,58.0,0.0,0.229065,1020.6,15.0,0.0,0.0
2022-04-23 00:00:00,7.3,60.0,0.0,0.294749,1020.8,15.0,0.0,0.0
2022-04-23 01:00:00,6.8,58.0,0.0,0.378311,1021.1,15.0,0.0,0.0
2022-04-23 02:00:00,4.9,53.0,300.0,0.400939,1021.5,14.4,13.0,0.0
2022-04-23 03:00:00,6.0,71.0,260.0,0.41878,1022.0,11.1,11.2,0.0
2022-04-23 04:00:00,5.0,71.0,250.0,0.404947,1022.8,10.0,7.6,0.0
2022-04-23 05:00:00,4.3,76.0,240.0,0.373564,1023.7,8.3,5.4,0.0
2022-04-23 06:00:00,5.1,80.0,300.0,0.348176,1024.1,8.3,5.4,0.0
2022-04-23 07:00:00,4.0,93.0,250.0,0.322984,1024.5,5.0,11.2,0.0
2022-04-23 08:00:00,4.4,89.0,300.0,0.317009,1025.4,6.1,5.4,0.0
2022-04-23 09:00:00,4.0,93.0,0.0,0.318288,1025.9,5.0,0.0,0.0
2022-04-23 10:00:00,2.9,93.0,340.0,0.340869,1025.8,3.9,7.6,0.0
2022-04-23 11:00:00,2.9,93.0,320.0,0.364383,1026.4,3.9,5.4,0.0
2022-04-23 12:00:00,2.2,96.0,350.0,0.413008,1027.1,2.8,9.4,0.0
2022-04-23 13:00:00,1.1,96.0,0.0,0.464171,1027.1,1.7,0.0,0.0
2022-04-23 14:00:00,1.1,96.0,0.0,0.506682,1027.4,1.7,0.0,0.0
2022-04-23 15:00:00,3.4,93.0,340.0,0.517881,1028.1,4.4,5.4,0.0
2022-04-23 16:00:00,4.4,85.0,0.0,0.413297,1028.2,6.7,0.0,0.0
2022-04-23 17:00:00,6.1,86.0,0.0,0.320074,1028.3,8.3,0.0,0.0
2022-04-23 18:00:00,7.2,77.0,0.0,0.242696,1028.2,11.1,0.0,0.0
2022-04-23 19:00:00,7.3,69.0,145.0,0.200904,1028.0,12.8,5.4,0.0
2022-04-23 20:00:00,6.7,62.0,0.0,0.160904,1027.6,13.9,0.0,0.0
2022-04-23 21:00:00,5.5,51.0,0.0,0.164529,1027.0,15.6,0.0,0.0
2022-04-23 22:00:00,3.2,42.0,0.0,0.168681,1026.4,16.1,0.0,0.0
2022-04-23 23:00:00,1.6,35.0,0.0,0.231841,1025.7,17.2,0.0,0.0
2022-04-24 00:00:00,2.4,37.0,110.0,0.293161,1025.1,17.2,5.4,0.0
2022-04-24 01:00:00,3.5,40.0,110.0,0.358805,1024.5,17.2,7.6,0.0
2022-04-24 02:00:00,4.5,46.0,120.0,0.395752,1024.2,16.1,7.6,0.0
2022-04-24 03:00:00,6.7,60.0,120.0,0.414461,1024.1,14.4,5.4,0.0
2022-04-24 04:00:00,4.0,59.0,0.0,0.40407,1024.4,11.7,0.0,0.0
2022-04-24 05:00:00,4.4,71.0,280.0,0.362338,1024.6,9.4,5.4,0.0
2022-04-24 06:00:00,5.0,71.0,320.0,0.321748,1024.6,10.0,7.6,0.0
2022-04-24 07:00:00,5.0,86.0,0.0,0.306233,1024.2,7.2,0.0,0.0
2022-04-24 08:00:00,4.4,89.0,360.0,0.291392,1024.1,6.1,5.4,0.0
2022-04-24 09:00:00,3.9,89.0,0.0,0.287422,1024.0,5.6,0.0,0.0
2022-04-24 10:00:00,2.9,97.0,280.0,0.30252,1023.7,3.3,5.4,0.0
2022-04-24 11:00:00,2.9,93.0,0.0,0.324815,1023.3,3.9,0.0,0.0
2022-04-24 12:00:00,2.2,96.0,0.0,0.376604,1023.1,2.8,0.0,0.0
2022-04-24 13:00:00,2.2,96.0,0.0,0.424384,1022.9,2.8,0.0,0.0
2022-04-24 14:00:00,2.9,97.0,0.0,0.445085,1022.9,3.3,0.0,0.0
2022-04-24 15:00:00,4.4,96.0,0.0,0.422379,1023.0,5.0,0.0,0.0
2022-04-24 16:00:00,6.1,86.0,0.0,0.368867,1022.9,8.3,0.0,0.0
2022-04-24 17:00:00,6.2,77.0,0.0,0.292042,1022.6,10.0,0.0,0.0
2022-04-24 18:00:00,6.6,66.0,30.0,0.213347,1022.2,12.8,5.4,0.0
2022-04-24 19:00:00,7.9,67.0,260.0,0.184407,1022.1,13.9,5.4,0.0
2022-04-24 20:00:00,7.9,60.0,0.0,0.157628,1021.4,15.6,0.0,0.0
2022-04-24 21:00:00,8.9,56.0,130.0,0.15355,1020.8,17.8,5.4,0.0
2022-04-24 22:00:00,8.8,52.0,130.0,0.182074,1020.0,18.9,5.4,0.0
2022-04-24 23:00:00,7.8,47.0,250.0,0.26468,1019.2,19.4,11.2,0.0
2022-04-25 00:00:00,9.0,49.0,240.0,0.328751,1018.7,20.0,9.4,0.0
2022-04-25 01:00:00,5.2,42.0,260.0,0.404962,1018.4,18.3,20.5,0.0
2022-04-25 02:00:00,3.2,42.0,250.0,0.42973,1018.2,16.1,20.5,0.0
2022-04-25 03:00:00,4.9,53.0,250.0,0.463156,1018.2,14.4,20.5,0.0
2022-04-25 04:00:00,6.6,64.0,260.0,0.436085,1018.9,13.3,18.4,0.0
2022-04-25 05:00:00,7.8,77.0,230.0,0.370052,1019.2,11.7,9.4,0.0
2022-04-25 06:00:00,7.8,86.0,200.0,0.31736,1019.2,10.0,11.2,0.0
2022-04-25 07:00:00,7.8,80.0,180.0,0.29186,1019.2,11.1,14.8,0.0
2022-04-25 08:00:00,7.2,86.0,200.0,0.27538,1019.3,9.4,11.2,0.0
2022-04-25 09:00:00,8.8,86.0,180.0,0.26901,1019.1,11.1,9.4,0.0
2022-04-25 10:00:00,8.8,86.0,210.0,0.267452,1018.9,11.1,11.2,0.2
2022-04-25 11:00:00,8.9,89.0,250.0,0.292787,1018.8,10.6,9.4,0.1
2022-04-25 12:00:00,9.4,92.0,210.0,0.343621,1019.0,10.6,11.2,0.0
2022-04-25 13:00:00,9.4,92.0,220.0,0.416515,1018.9,10.6,11.2,0.3
2022-04-25 14:00:00,8.9,93.0,190.0,0.439733,1018.9,10.0,9.4,0.0
2022-04-25 15:00:00,8.9,89.0,190.0,0.454946,1019.0,10.6,9.4,0.0
2022-04-25 16:00:00,8.9,89.0,210.0,0.467583,1019.3,10.6,13.0,0.0
2022-04-25 17:00:00,8.4,86.0,220.0,0.446579,1019.5,10.6,13.0,0.0
2022-04-25 18:00:00,7.8,80.0,230.0,0.406457,1019.8,11.1,9.4,0.0
2022-04-25 19:00:00,7.3,72.0,200.0,0.36216,1019.9,12.2,7.6,0.0
2022-04-25 20:00:00,5.0,57.0,240.0,0.368196,1019.8,13.3,16.6,0.0
2022-04-25 21:00:00,4.4,51.0,230.0,0.341279,1019.5,14.4,20.5,0.0
2022-04-25 22:00:00,5.5,57.0,240.0,0.314048,1019.7,13.9,14.8,0.0
2022-04-25 23:00:00,5.7,56.0,240.0,0.332639,1019.2,14.4,14.8,0.3
2022-04-26 00:00:00,4.5,53.0,250.0,0.378667,1019.0,13.9,20.5,0.0
2022-04-26 01:00:00,5.0,59.0,260.0,0.446689,1018.8,12.8,18.4,0.0
2022-04-26 02:00:00,4.4,59.0,280.0,0.470681,1018.5,12.2,18.4,0.0
2022-04-26 03:00:00,3.9,61.0,270.0,0.482775,1018.5,11.1,16.6,0.0
2022-04-26 04:00:00,3.9,66.0,270.0,0.447228,1018.7,10.0,7.6,0.0
2022-04-26 05:00:00,4.3,76.0,280.0,0.388194,1018.9,8.3,7.6,0.0
2022-04-26 06:00:00,3.9,74.0,262.0,0.336553,1018.9,8.3,5.4,0.0
2022-04-26 07:00:00,3.9,86.0,0.0,0.324463,1018.8,6.1,0.0,0.0
2022-04-26 08:00:00,3.9,86.0,250.0,0.322432,1018.9,6.1,7.6,0.0
2022-04-26 09:00:00,3.9,86.0,240.0,0.322062,1018.8,6.1,7.6,0.0
2022-04-26 10:00:00,4.4,89.0,280.0,0.336104,1018.6,6.1,5.4,0.0
2022-04-26 11:00:00,3.9,89.0,230.0,0.363714,1018.7,5.6,11.2,0.0
2022-04-26 12:00:00,5.1,93.0,250.0,0.442566,1019.1,6.1,9.4,0.0
2022-04-26 13:00:00,4.0,93.0,230.0,0.509927,1019.0,5.0,9.4,0.1
2022-04-26 14:00:00,4.4,92.0,250.0,0.537503,1019.2,5.6,9.4,0.0
2022-04-26 15:00:00,5.7,90.0,210.0,0.474757,1019.4,7.2,9.4,0.0
2022-04-26 16:00:00,5.6,86.0,240.0,0.418947,1019.5,7.8,9.4,0.0
2022-04-26 17:00:00,5.6,74.0,200.0,0.469726,1019.6,10.0,11.2,0.0
2022-04-26 18:00:00,5.6,83.0,230.0,0.32777,1020.1,8.3,9.4,1.0
2022-04-26 19:00:00,5.6,74.0,210.0,0.312426,1020.2,10.0,11.2,0.0
2022-04-26 20:00:00,6.6,74.0,250.0,0.289051,1020.1,11.1,20.5,0.2
2022-04-26 21:00:00,5.6,64.0,260.0,0.319008,1019.9,12.2,22.3,2.4
2022-04-26 22:00:00,5.0,59.0,270.0,0.263299,1020.1,12.8,14.8,0.0
2022-04-26 23:00:00,4.0,55.0,260.0,0.288235,1020.2,12.8,27.7,0.0
2022-04-27 00:00:00,3.9,57.0,260.0,0.356455,1020.1,12.2,24.1,0.0
2022-04-27 01:00:00,2.7,54.0,260.0,0.429655,1020.2,11.7,18.4,0.0
2022-04-27 02:00:00,2.8,61.0,270.0,0.474618,1020.6,10.0,16.6,0.0
2022-04-27 03:00:00,3.3,68.0,260.0,0.485699,1020.9,8.9,9.4,0.0
2022-04-27 04:00:00,3.3,71.0,280.0,0.459799,1021.2,8.3,9.4,0.0
2022-04-27 05:00:00,3.3,73.0,260.0,0.399636,1021.3,7.8,9.4,0.0
2022-04-27 06:00:00,4.0,80.0,0.0,0.355066,1021.2,7.2,0.0,0.0
2022-04-27 07:00:00,3.3,79.0,0.0,0.348077,1020.9,6.7,0.0,0.0
2022-04-27 08:00:00,4.4,89.0,0.0,0.338189,1020.7,6.1,0.0,0.0
2022-04-27 09:00:00,4.4,89.0,0.0,0.339643,1020.4,6.1,0.0,0.0
2022-04-27 10:00:00,4.4,85.0,0.0,0.346516,1020.2,6.7,0.0,0.0
2022-04-27 11:00:00,4.4,89.0,0.0,0.379836,1020.3,6.1,0.0,1.3
2022-04-27 12:00:00,5.1,93.0,0.0,0.446845,1020.2,6.1,0.0,0.1
2022-04-27 13:00:00,5.7,97.0,0.0,0.529315,1020.1,6.1,0.0,0.3
2022-04-27 14:00:00,5.7,97.0,0.0,0.542568,1020.0,6.1,0.0,0.3
2022-04-27 15:00:00,5.7,90.0,230.0,0.502577,1020.0,7.2,5.4,0.0
2022-04-27 16:00:00,5.7,90.0,230.0,0.375772,1020.2,7.2,5.4,0.0
2022-04-27 17:00:00,5.6,77.0,210.0,0.282006,1020.3,9.4,9.4,0.0
2022-04-27 18:00:00,4.9,68.0,210.0,0.377195,1020.1,10.6,9.4,0.0
2022-04-27 19:00:00,4.4,61.0,210.0,0.295355,1020.1,11.7,11.2,0.0
2022-04-27 20:00:00,4.5,66.0,280.0,0.292459,1020.2,10.6,9.4,0.0
2022-04-27 21:00:00,6.0,71.0,0.0,0.269013,1019.9,11.1,0.0,0.2
2022-04-27 22:00:00,4.4,59.0,230.0,0.330422,1019.6,12.2,17.0,0.0
2022-04-27 23:00:00,6.2,69.0,230.0,0.293651,1019.5,11.7,16.6,0.0
2022-04-28 00:00:00,4.9,61.0,0.0,0.3927,1018.9,12.2,0.0,0.3
2022-04-28 01:00:00,5.7,60.0,60.0,0.434481,1018.7,13.3,11.2,0.0
2022-04-28 02:00:00,6.2,69.0,90.0,0.451571,1018.5,11.7,7.6,0.0
2022-04-28 03:00:00,6.0,71.0,110.0,0.483344,1018.3,11.1,5.4,0.0
2022-04-28 04:00:00,5.6,74.0,340.0,0.445283,1018.5,10.0,11.2,0.0
2022-04-28 05:00:00,4.3,73.0,340.0,0.395824,1018.8,8.9,13.0,0.0
2022-04-28 06:00:00,5.6,83.0,350.0,0.346956,1018.3,8.3,13.0,0.0
2022-04-28 07:00:00,5.6,83.0,330.0,0.334208,1017.8,8.3,11.2,0.0
2022-04-28 08:00:00,5.1,83.0,340.0,0.327927,1017.4,7.8,9.4,0.0
2022-04-28 09:00:00,3.8,76.0,330.0,0.331524,1017.3,7.8,9.4,0.0
2022-04-28 10:00:00,4.0,80.0,330.0,0.332451,1017.0,7.2,7.6,0.0
2022-04-28 11:00:00,4.0,80.0,300.0,0.366066,1016.8,7.2,7.6,0.0
2022-04-28 12:00:00,3.8,82.0,290.0,0.43726,1016.8,6.7,5.4,0.0
2022-04-28 13:00:00,3.9,86.0,320.0,0.527568,1016.8,6.1,5.4,0.0
2022-04-28 14:00:00,5.0,89.0,260.0,0.536467,1016.9,6.7,5.4,0.0
2022-04-28 15:00:00,5.0,86.0,0.0,0.49167,1017.3,7.2,0.0,0.0
2022-04-28 16:00:00,5.1,80.0,0.0,0.425663,1017.5,8.3,0.0,0.0
2022-04-28 17:00:00,5.6,74.0,170.0,0.309851,1017.6,10.0,5.4,0.0
2022-04-28 18:00:00,4.9,68.0,170.0,0.312492,1017.5,10.6,7.6,0.0
2022-04-28 19:00:00,4.4,59.0,220.0,0.295083,1017.4,12.2,18.4,0.0
2022-04-28 20:00:00,4.9,61.0,190.0,0.297284,1017.3,12.2,24.1,0.0
2022-04-28 21:00:00,5.6,64.0,240.0,0.271085,1017.5,12.2,14.8,0.0
2022-04-28 22:00:00,5.0,59.0,260.0,0.248006,1018.1,12.8,20.5,0.0
2022-04-28 23:00:00,5.0,59.0,250.0,0.281097,1018.4,12.8,25.9,0.0
2022-04-29 00:00:00,4.9,61.0,260.0,0.368061,1018.8,12.2,16.6,0.0
2022-04-29 01:00:00,4.3,63.0,270.0,0.415105,1019.2,11.1,16.6,0.0
2022-04-29 02:00:00,4.3,63.0,270.0,0.438443,1019.2,11.1,13.0,0.0
2022-04-29 03:00:00,5.1,77.0,250.0,0.463836,1019.6,8.9,7.6,0.0
2022-04-29 04:00:00,5.0,74.0,290.0,0.432164,1020.1,9.4,5.4,0.0
2022-04-29 05:00:00,6.1,86.0,240.0,0.394719,1020.8,8.3,7.6,0.3
2022-04-29 06:00:00,6.1,93.0,220.0,0.348563,1021.1,7.2,5.4,0.0
2022-04-29 07:00:00,5.7,90.0,0.0,0.33442,1021.4,7.2,0.0,0.0
2022-04-29 08:00:00,5.7,90.0,0.0,0.330468,1021.9,7.2,0.0,0.0
2022-04-29 09:00:00,5.7,90.0,0.0,0.321562,1022.1,7.2,0.0,0.0
2022-04-29 10:00:00,6.1,93.0,0.0,0.338698,1022.5,7.2,0.0,0.0
2022-04-29 11:00:00,5.6,93.0,170.0,0.36068,1022.5,6.7,5.4,0.0
2022-04-29 12:00:00,4.4,92.0,0.0,0.417504,1022.8,5.6,0.0,0.0
2022-04-29 13:00:00,5.1,93.0,40.0,0.480801,1022.8,6.1,5.4,0.0
2022-04-29 14:00:00,5.7,90.0,0.0,0.493082,1023.2,7.2,0.0,0.0
2022-04-29 15:00:00,6.7,93.0,0.0,0.453179,1023.6,7.8,0.0,0.0
2022-04-29 16:00:00,7.2,86.0,160.0,0.452707,1023.3,9.4,11.2,0.0
2022-04-29 17:00:00,6.7,77.0,210.0,0.431531,1023.5,10.6,5.4,0.0
2022-04-29 18:00:00,6.6,74.0,150.0,0.388128,1023.3,11.1,13.0,0.0
2022-04-29 19:00:00,6.7,69.0,170.0,0.349323,1023.0,12.2,14.8,0.1
2022-04-29 20:00:00,6.2,64.0,180.0,0.314144,1022.2,12.8,11.2,0.0
2022-04-29 21:00:00,6.2,62.0,170.0,0.351221,1021.4,13.3,9.4,0.0
2022-04-29 22:00:00,5.7,56.0,210.0,0.365147,1020.5,14.4,11.2,0.0
2022-04-29 23:00:00,6.6,64.0,210.0,0.3788,1019.8,13.3,9.4,0.2
2022-04-30 00:00:00,8.3,77.0,210.0,0.391876,1019.2,12.2,11.2,0.3
2022-04-30 01:00:00,8.3,74.0,170.0,0.441421,1018.5,12.8,16.6,1.7
2022-04-30 02:00:00,8.4,80.0,160.0,0.451674,1017.5,11.7,7.6,0.3
2022-04-30 03:00:00,8.9,93.0,0.0,0.443924,1016.9,10.0,0.0,1.8
2022-04-30 04:00:00,8.9,93.0,0.0,0.430891,1016.5,10.0,0.0,2.0
2022-04-30 05:00:00,8.9,93.0,0.0,0.38393,1016.0,10.0,0.0,0.2
2022-04-30 06:00:00,9.4,96.0,140.0,0.35091,1015.3,10.0,11.2,0.3
2022-04-30 07:00:00,9.4,92.0,150.0,0.330724,1014.8,10.6,9.4,1.3
2022-04-30 08:00:00,10.0,96.0,140.0,0.313686,1014.4,10.6,7.6,1.0
2022-04-30 09:00:00,10.0,96.0,150.0,0.304678,1013.8,10.6,9.4,1.5
2022-04-30 10:00:00,10.0,93.0,150.0,0.306945,1013.2,11.1,11.2,0.8
2022-04-30 11:00:00,10.0,93.0,190.0,0.315675,1012.9,11.1,16.6,0.5
2022-04-30 12:00:00,9.4,92.0,230.0,0.346111,1012.9,10.6,11.2,0.8
2022-04-30 13:00:00,8.3,89.0,240.0,0.380305,1013.1,10.0,11.2,0.3
2022-04-30 14:00:00,7.2,89.0,230.0,0.407494,1013.3,8.9,5.4,0.0
2022-04-30 15:00:00,7.8,86.0,250.0,0.383969,1014.2,10.0,13.0,0.0
2022-04-30 16:00:00,7.2,77.0,240.0,0.384267,1014.2,11.1,14.8,0.0
2022-04-30 17:00:00,6.6,71.0,230.0,0.412598,1014.9,11.7,14.8,0.0
2022-04-30 18:00:00,6.7,77.0,250.0,0.354543,1015.5,10.6,13.0,0.0
2022-04-30 19:00:00,6.6,64.0,250.0,0.383286,1015.6,13.3,13.0,0.2
2022-04-30 20:00:00,7.3,69.0,240.0,0.324843,1016.1,12.8,22.3,0.2
2022-04-30 21:00:00,8.4,72.0,210.0,0.327059,1016.1,13.3,13.0,2.7
2022-04-30 22:00:00,7.3,80.0,260.0,0.2592,1016.4,10.6,18.4,0.3
2022-04-30 23:00:00,8.3,77.0,260.0,0.267498,1016.3,12.2,14.8,0.3
2022-05-01 00:00:00,7.9,72.0,250.0,0.320232,1016.5,12.8,14.8,0.0
2022-05-01 01:00:00,8.3,74.0,250.0,0.372483,1017.0,12.8,7.6,0.5
2022-05-01 02:00:00,7.3,72.0,250.0,0.386301,1017.4,12.2,9.4,0.0
2022-05-01 03:00:00,7.2,74.0,230.0,0.40896,1017.6,11.7,6.0,0.0
2022-05-01 04:00:00,6.7,86.0,230.0,0.399247,1018.0,8.9,5.4,0.0
2022-05-01 05:00:00,6.1,89.0,0.0,0.385619,1018.7,7.8,0.0,0.0
2022-05-01 06:00:00,6.8,90.0,0.0,0.344911,1019.4,8.3,0.0,0.0
2022-05-01 07:00:00,6.8,90.0,280.0,0.332057,1019.5,8.3,5.4,0.0
2022-05-01 08:00:00,6.7,93.0,230.0,0.309837,1019.9,7.8,9.4,0.0
2022-05-01 09:00:00,6.7,93.0,300.0,0.317315,1019.9,7.8,5.4,0.0
2022-05-01 10:00:00,6.1,93.0,0.0,0.317605,1019.7,7.2,0.0,0.0
2022-05-01 11:00:00,6.1,96.0,0.0,0.330995,1019.9,6.7,0.0,0.0
2022-05-01 12:00:00,6.1,96.0,290.0,0.362555,1020.2,6.7,7.6,0.0
2022-05-01 13:00:00,6.1,96.0,290.0,0.407894,1020.1,6.7,5.4,0.0
2022-05-01 14:00:00,6.1,96.0,270.0,0.437998,1020.5,6.7,5.4,0.0
2022-05-01 15:00:00,6.1,93.0,240.0,0.457432,1020.7,7.2,7.6,0.0
2022-05-01 16:00:00,6.7,86.0,10.0,0.39721,1020.7,8.9,6.0,0.0
2022-05-01 17:00:00,7.8,80.0,10.0,0.27437,1020.3,11.1,5.4,0.0
2022-05-01 18:00:00,7.9,75.0,0.0,0.33281,1019.9,12.2,0.0,0.0
2022-05-01 19:00:00,8.9,72.0,80.0,0.271403,1019.4,13.9,7.6,0.0
2022-05-01 20:00:00,7.9,65.0,120.0,0.20545,1018.6,14.4,7.6,0.0
2022-05-01 21:00:00,7.9,60.0,50.0,0.177428,1017.7,15.6,7.6,0.0
2022-05-01 22:00:00,7.3,56.0,50.0,0.204962,1016.7,16.1,5.4,0.0
2022-05-01 23:00:00,7.9,56.0,0.0,0.318428,1015.7,16.7,0.0,0.0
2022-05-02 00:00:00,8.4,58.0,110.0,0.33521,1014.4,16.7,5.4,0.0
2022-05-02 01:00:00,7.9,56.0,110.0,0.388493,1013.3,16.7,5.4,0.0
2022-05-02 02:00:00,9.5,67.0,110.0,0.421587,1012.0,15.6,7.6,0.0
2022-05-02 03:00:00,10.0,72.0,110.0,0.45458,1010.6,15.0,5.4,0.0
2022-05-02 04:00:00,9.3,74.0,0.0,0.425753,1010.1,13.9,0.0,0.0
2022-05-02 05:00:00,9.9,89.0,200.0,0.349728,1009.7,11.7,5.4,0.0
2022-05-02 06:00:00,8.9,83.0,230.0,0.310765,1009.2,11.7,22.3,0.0
2022-05-02 07:00:00,6.2,74.0,260.0,0.285009,1009.4,10.6,27.7,0.0
2022-05-02 08:00:00,6.2,77.0,260.0,0.271265,1009.5,10.0,14.8,0.0
2022-05-02 09:00:00,6.7,83.0,180.0,0.274005,1009.4,9.4,14.8,0.0
2022-05-02 10:00:00,6.7,83.0,190.0,0.284496,1009.5,9.4,22.3,0.5
2022-05-02 11:00:00,6.8,90.0,160.0,0.312039,1009.1,8.3,14.8,2.0
2022-05-02 12:00:00,6.8,90.0,170.0,0.374835,1009.2,8.3,20.5,0.3
2022-05-02 13:00:00,6.1,89.0,180.0,0.439753,1009.4,7.8,16.6,0.5
2022-05-02 14:00:00,6.8,90.0,170.0,0.459309,1009.4,8.3,11.2,0.2
2022-05-02 15:00:00,5.6,80.0,170.0,0.45517,1009.9,8.9,22.3,0.3
2022-05-02 16:00:00,6.1,80.0,180.0,0.421466,1009.8,9.4,25.9,0.2
2022-05-02 17:00:00,5.6,80.0,190.0,0.38383,1010.0,8.9,27.7,0.5
2022-05-02 18:00:00,7.8,86.0,200.0,0.395731,1010.9,10.0,24.1,0.0
2022-05-02 19:00:00,7.3,72.0,240.0,0.386668,1012.1,12.2,31.7,1.2
2022-05-02 20:00:00,7.2,77.0,240.0,0.345151,1013.3,11.1,25.9,0.0
2022-05-02 21:00:00,7.2,74.0,230.0,0.366916,1014.1,11.7,18.4,0.0
2022-05-02 22:00:00,7.2,74.0,210.0,0.412451,1015.2,11.7,22.3,0.0
2022-05-02 23:00:00,7.8,77.0,220.0,0.362684,1015.8,11.7,18.4,1.1
2022-05-03 00:00:00,8.3,74.0,220.0,0.404145,1016.3,12.8,18.4,0.0
2022-05-03 01:00:00,7.2,74.0,240.0,0.45373,1017.2,11.7,20.5,0.4
2022-05-03 02:00:00,7.3,72.0,240.0,0.468154,1017.9,12.2,18.4,0.0
2022-05-03 03:00:00,6.7,77.0,240.0,0.478724,1018.9,10.6,14.8,0.0
2022-05-03 04:00:00,6.7,83.0,230.0,0.454584,1020.5,9.4,13.0,0.0
2022-05-03 05:00:00,6.7,83.0,210.0,0.409737,1021.6,9.4,11.2,0.0
2022-05-03 06:00:00,6.1,89.0,230.0,0.365679,1022.4,7.8,13.0,0.0
2022-05-03 07:00:00,5.0,89.0,250.0,0.340765,1023.0,6.7,11.2,0.0
2022-05-03 08:00:00,6.1,93.0,230.0,0.327021,1023.6,7.2,9.4,0.0
2022-05-03 09:00:00,6.1,93.0,230.0,0.324406,1023.9,7.2,13.0,0.0
2022-05-03 10:00:00,5.7,90.0,230.0,0.333185,1024.3,7.2,11.2,0.0
2022-05-03 11:00:00,5.6,93.0,230.0,0.369594,1025.2,6.7,9.4,0.0
2022-05-03 12:00:00,6.1,96.0,280.0,0.433302,1025.5,6.7,5.4,0.0
2022-05-03 13:00:00,5.6,93.0,260.0,0.487033,1025.7,6.7,5.4,0.0
2022-05-03 14:00:00,6.1,93.0,240.0,0.523111,1026.0,7.2,7.6,0.0
2022-05-03 15:00:00,6.1,86.0,240.0,0.429744,1026.5,8.3,7.6,0.0
2022-05-03 16:00:00,6.1,80.0,230.0,0.337977,1026.6,9.4,5.4,0.0
2022-05-03 17:00:00,6.2,69.0,110.0,0.365386,1026.5,11.7,7.6,0.0
2022-05-03 18:00:00,5.0,66.0,0.0,0.253448,1026.6,11.1,0.0,0.0
2022-05-03 19:00:00,6.6,64.0,230.0,0.145502,1026.4,13.3,5.4,0.0
2022-05-03 20:00:00,6.7,60.0,260.0,0.240892,1026.2,14.4,11.2,0.0
2022-05-03 21:00:00,6.0,59.0,240.0,0.174985,1025.9,13.9,9.4,0.0
2022-05-03 22:00:00,7.1,57.0,170.0,0.233503,1025.4,15.6,7.6,0.0
2022-05-03 23:00:00,6.2,52.0,170.0,0.272418,1024.8,16.1,7.6,0.0
2022-05-04 00:00:00,6.1,53.0,0.0,0.334284,1024.4,15.6,0.0,0.0
2022-05-04 01:00:00,6.8,58.0,140.0,0.401441,1023.9,15.0,9.4,0.0
2022-05-04 02:00:00,6.0,55.0,0.0,0.406224,1023.3,15.0,0.0,0.0
2022-05-04 03:00:00,7.2,64.0,80.0,0.417225,1023.2,13.9,7.6,0.0
2022-05-04 04:00:00,7.3,72.0,60.0,0.404993,1023.2,12.2,7.6,0.0
2022-05-04 05:00:00,6.0,71.0,60.0,0.358081,1023.3,11.1,5.4,0.0
2022-05-04 06:00:00,5.6,74.0,340.0,0.31281,1022.9,10.0,13.0,0.0
2022-05-04 07:00:00,5.0,74.0,350.0,0.29889,1022.2,9.4,11.2,0.0
2022-05-04 08:00:00,5.1,80.0,340.0,0.28789,1022.0,8.3,9.4,0.0
2022-05-04 09:00:00,5.1,83.0,340.0,0.296782,1021.4,7.8,11.2,0.0
2022-05-04 10:00:00,5.1,83.0,340.0,0.305078,1020.7,7.8,7.6,0.0
2022-05-04 11:00:00,5.7,90.0,0.0,0.338565,1020.0,7.2,0.0,0.0
2022-05-04 12:00:00,5.7,90.0,0.0,0.404965,1019.4,7.2,0.0,0.0
2022-05-04 13:00:00,5.1,93.0,0.0,0.474527,1019.0,6.1,0.0,0.0
2022-05-04 14:00:00,5.6,93.0,240.0,0.472399,1018.7,6.7,5.4,0.0
2022-05-04 15:00:00,7.2,93.0,0.0,0.406548,1018.6,8.3,0.0,0.0
2022-05-04 16:00:00,6.7,77.0,300.0,0.346318,1018.3,10.6,5.4,0.0
2022-05-04 17:00:00,6.0,66.0,80.0,0.271687,1017.7,12.2,5.4,0.0
2022-05-04 18:00:00,7.3,67.0,0.0,0.224615,1017.0,13.3,0.0,0.0
2022-05-04 19:00:00,7.2,62.0,110.0,0.173364,1016.6,14.4,5.4,0.0
2022-05-04 20:00:00,7.9,56.0,0.0,0.124891,1015.7,16.7,0.0,0.0
2022-05-04 21:00:00,7.7,50.0,0.0,0.161229,1015.1,18.3,0.0,0.0
2022-05-04 22:00:00,9.3,52.0,205.0,0.196226,1014.2,19.4,7.6,0.0
2022-05-04 23:00:00,10.1,51.0,160.0,0.267117,1013.4,20.6,7.6,0.0
2022-05-05 00:00:00,10.6,51.0,160.0,0.348503,1012.3,21.1,11.2,0.0
2022-05-05 01:00:00,11.7,61.0,220.0,0.394272,1011.6,19.4,9.4,0.0
2022-05-05 02:00:00,10.7,63.0,230.0,0.414128,1011.2,17.8,13.0,0.0
2022-05-05 03:00:00,9.5,67.0,220.0,0.412847,1011.1,15.6,18.4,0.0
2022-05-05 04:00:00,6.7,60.0,220.0,0.378333,1011.2,14.4,18.4,0.0
2022-05-05 05:00:00,5.0,59.0,240.0,0.336344,1011.3,12.8,14.8,0.0
2022-05-05 06:00:00,4.0,59.0,230.0,0.288713,1011.0,11.7,22.3,0.0
2022-05-05 07:00:00,1.6,52.0,230.0,0.284114,1011.1,11.1,13.0,0.0
2022-05-05 08:00:00,1.7,54.0,170.0,0.267406,1011.5,10.6,9.4,0.0
2022-05-05 09:00:00,1.1,54.0,230.0,0.267458,1010.8,10.0,9.4,0.0
2022-05-05 10:00:00,2.3,61.0,220.0,0.270535,1010.7,9.4,9.4,0.0
2022-05-05 11:00:00,3.9,71.0,100.0,0.301059,1009.2,8.9,9.4,0.3
2022-05-05 12:00:00,5.1,80.0,210.0,0.358581,1010.0,8.3,11.2,0.5
2022-05-05 13:00:00,5.1,83.0,0.0,0.44054,1009.1,7.8,0.0,0.8
2022-05-05 14:00:00,5.7,90.0,170.0,0.485698,1009.6,7.2,13.0,1.8
2022-05-05 15:00:00,5.0,86.0,170.0,0.481697,1009.1,7.2,11.2,2.5
2022-05-05 16:00:00,5.7,90.0,150.0,0.469214,1008.5,7.2,7.6,1.3
2022-05-05 17:00:00,6.1,89.0,160.0,0.471049,1007.9,7.8,13.0,0.5
2022-05-05 18:00:00,7.2,89.0,180.0,0.489178,1007.8,8.9,20.5,0.5
2022-05-05 19:00:00,7.2,89.0,170.0,0.428877,1007.3,8.9,16.6,1.3
2022-05-05 20:00:00,7.8,90.0,150.0,0.367367,1006.8,9.4,13.0,0.8
2022-05-05 21:00:00,9.4,92.0,160.0,0.390606,1007.0,10.6,16.6,0.8
2022-05-05 22:00:00,11.2,87.0,190.0,0.388621,1006.6,13.3,27.7,0.0
2022-05-05 23:00:00,11.1,83.0,230.0,0.336711,1006.9,13.9,14.8,0.2
2022-05-06 00:00:00,8.9,67.0,250.0,0.386964,1007.7,15.0,25.9,0.1
2022-05-06 01:00:00,6.7,69.0,250.0,0.415388,1009.5,12.2,35.3,0.0
2022-05-06 02:00:00,7.2,77.0,4.0,0.424994,1010.2,11.1,25.9,0.0
2022-05-06 03:00:00,7.2,77.0,250.0,0.450482,1010.2,11.1,14.8,0.0
2022-05-06 04:00:00,6.7,83.0,250.0,0.421162,1010.9,9.4,7.6,0.0
2022-05-06 05:00:00,6.7,83.0,2.0,0.390251,1010.8,9.4,7.6,0.0
2022-05-06 06:00:00,7.2,89.0,270.0,0.338569,1010.6,8.9,5.4,0.0
2022-05-06 07:00:00,7.2,89.0,270.0,0.317961,1010.6,8.9,5.4,0.0
2022-05-06 08:00:00,7.8,90.0,0.0,0.302798,1010.7,9.4,0.0,0.0
2022-05-06 09:00:00,7.8,93.0,150.0,0.301485,1009.4,8.9,5.4,0.0
2022-05-06 10:00:00,7.8,93.0,40.0,0.307079,1008.6,8.9,5.4,0.0
2022-05-06 11:00:00,7.8,93.0,40.0,0.323129,1008.6,8.9,5.4,0.3
2022-05-06 12:00:00,7.8,93.0,0.0,0.374318,1007.9,8.9,0.0,0.0
2022-05-06 13:00:00,7.9,97.0,0.0,0.43331,1007.3,8.3,0.0,0.5
2022-05-06 14:00:00,7.9,97.0,0.0,0.454462,1006.4,8.3,0.0,0.8
2022-05-06 15:00:00,7.9,97.0,0.0,0.456545,1006.1,8.3,7.6,0.7
2022-05-06 16:00:00,8.3,96.0,0.0,0.468811,1005.9,8.9,0.0,1.3
2022-05-06 17:00:00,12.2,93.0,3.0,0.384785,1005.7,13.3,5.4,1.8
2022-05-06 18:00:00,12.2,93.0,250.0,0.398693,1005.7,13.3,11.2,0.5
2022-05-06 19:00:00,11.7,90.0,200.0,0.431477,1004.7,13.3,13.0,0.5
2022-05-06 20:00:00,11.7,90.0,200.0,0.397426,1004.7,13.3,13.0,0.8
2022-05-06 21:00:00,11.1,96.0,2.0,0.355706,1004.9,11.7,20.5,2.0
2022-05-06 22:00:00,12.3,90.0,250.0,0.307523,1004.7,13.9,13.0,3.6
2022-05-06 23:00:00,9.4,86.0,210.0,0.421759,1005.0,11.7,24.1,0.3
2022-05-07 00:00:00,9.4,83.0,210.0,0.426091,1004.6,12.2,16.6,2.8
2022-05-07 01:00:00,8.9,83.0,230.0,0.434916,1004.8,11.7,11.2,1.6
2022-05-07 02:00:00,8.9,83.0,230.0,0.431678,1004.8,11.7,11.2,0.3
2022-05-07 03:00:00,8.3,89.0,240.0,0.438769,1005.1,10.0,13.0,1.0
2022-05-07 04:00:00,7.8,90.0,160.0,0.420412,1005.9,9.4,5.4,0.8
2022-05-07 05:00:00,8.3,89.0,0.0,0.382732,1005.8,10.0,5.4,0.0
2022-05-07 06:00:00,8.3,89.0,0.0,0.346253,1005.8,10.0,0.0,0.0
2022-05-07 07:00:00,8.3,89.0,200.0,0.335131,1005.6,10.0,16.6,0.3
2022-05-07 08:00:00,8.3,89.0,200.0,0.308301,1006.7,10.0,14.8,1.3
2022-05-07 09:00:00,7.8,90.0,200.0,0.303132,1007.5,9.4,16.6,0.6
2022-05-07 10:00:00,8.3,93.0,210.0,0.305404,1008.4,9.4,16.6,0.3
2022-05-07 11:00:00,8.3,93.0,5.0,0.318752,1009.6,9.4,16.6,1.0
2022-05-07 12:00:00,8.3,93.0,230.0,0.356172,1009.6,9.4,16.6,0.4
2022-05-07 13:00:00,6.1,86.0,250.0,0.394352,1012.4,8.3,9.4,0.0
2022-05-07 14:00:00,5.6,83.0,250.0,0.459035,1013.5,8.3,14.8,0.0
2022-05-07 15:00:00,5.6,80.0,260.0,0.487971,1014.8,8.9,7.6,0.0
2022-05-07 16:00:00,5.0,74.0,260.0,0.482267,1015.7,9.4,16.6,0.0
2022-05-07 17:00:00,5.0,74.0,260.0,0.420297,1015.7,9.4,16.6,0.0
2022-05-07 18:00:00,5.0,71.0,230.0,0.447459,1016.4,10.0,18.4,0.0
2022-05-07 19:00:00,3.9,66.0,250.0,0.33072,1016.5,10.0,22.3,0.3
2022-05-07 20:00:00,4.4,59.0,6.0,0.242378,1016.3,12.2,25.9,0.1
2022-05-07 21:00:00,3.9,61.0,300.0,0.216354,1016.5,11.1,14.8,0.0
2022-05-07 22:00:00,3.9,61.0,300.0,0.244562,1016.5,11.1,14.8,0.0
2022-05-07 23:00:00,3.9,66.0,270.0,0.288322,1016.4,10.0,25.9,0.0
2022-05-08 00:00:00,3.9,71.0,250.0,0.342217,1015.8,8.9,20.5,0.0
2022-05-08 01:00:00,4.3,76.0,260.0,0.397163,1015.6,8.3,22.3,0.0
2022-05-08 02:00:00,4.4,79.0,230.0,0.44197,1015.0,7.8,13.0,0.0
2022-05-08 03:00:00,4.4,79.0,230.0,0.455173,1015.0,7.8,13.0,0.0
2022-05-08 04:00:00,3.9,89.0,230.0,0.452398,1014.4,5.6,11.2,0.0
2022-05-08 05:00:00,3.3,89.0,220.0,0.429233,1014.0,5.0,9.4,0.3
2022-05-08 06:00:00,3.3,89.0,0.0,0.386141,1013.2,5.0,0.0,0.0
2022-05-08 07:00:00,3.3,89.0,200.0,0.368886,1012.7,5.0,5.4,0.0
2022-05-08 08:00:00,3.3,89.0,200.0,0.34988,1012.7,5.0,5.4,0.0
2022-05-08 09:00:00,3.4,93.0,0.0,0.355126,1010.8,4.4,0.0,0.0
2022-05-08 10:00:00,4.0,93.0,180.0,0.360345,1010.4,5.0,7.6,0.0
2022-05-08 11:00:00,4.0,93.0,180.0,0.371151,1010.4,5.0,7.6,0.0
2022-05-08 12:00:00,4.0,93.0,70.0,0.410842,1009.2,5.0,5.4,0.0
2022-05-08 13:00:00,4.4,92.0,0.0,0.44048,1007.9,5.6,0.0,0.0
2022-05-08 14:00:00,4.4,92.0,0.0,0.488107,1007.6,5.6,9.4,0.3
2022-05-08 15:00:00,4.4,92.0,70.0,0.524229,1007.6,5.6,9.4,1.0
2022-05-08 16:00:00,3.9,89.0,110.0,0.548223,1007.5,5.6,7.6,1.0
2022-05-08 17:00:00,4.4,89.0,130.0,0.53636,1007.5,6.1,7.6,0.3
2022-05-08 18:00:00,5.1,83.0,0.0,0.450253,1007.8,7.8,0.0,1.3
2022-05-08 19:00:00,5.1,83.0,149.0,0.346718,1007.8,7.8,7.0,0.4
2022-05-08 20:00:00,5.6,80.0,310.0,0.352765,1007.9,8.9,7.6,0.8
2022-05-08 21:00:00,5.1,80.0,320.0,0.370447,1008.1,8.3,7.6,0.3
2022-05-08 22:00:00,5.1,77.0,210.0,0.400117,1008.1,8.9,7.6,0.1
2022-05-08 23:00:00,5.6,83.0,220.0,0.459569,1008.4,8.3,18.4,1.3
2022-05-09 00:00:00,6.1,86.0,230.0,0.462185,1008.8,8.3,13.0,0.5
2022-05-09 01:00:00,5.1,83.0,230.0,0.519942,1009.0,7.8,5.4,0.3
2022-05-09 02:00:00,5.1,83.0,230.0,0.505842,1009.0,7.8,5.4,0.1
2022-05-09 03:00:00,5.1,93.0,210.0,0.509292,1009.7,6.1,7.6,0.5
2022-05-09 04:00:00,3.4,93.0,230.0,0.514766,1010.4,4.4,7.6,0.0
2022-05-09 05:00:00,2.9,93.0,3.0,0.474501,1011.1,3.9,7.6,0.0
2022-05-09 06:00:00,2.3,93.0,280.0,0.421845,1011.5,3.3,5.4,0.0
2022-05-09 07:00:00,2.3,93.0,280.0,0.402004,1011.5,3.3,5.4,0.0
2022-05-09 08:00:00,1.8,97.0,0.0,0.39024,1012.3,2.2,0.0,0.0
2022-05-09 09:00:00,0.7,97.0,0.0,0.393205,1012.6,1.1,0.0,0.0
2022-05-09 10:00:00,0.7,97.0,0.0,0.417977,1013.0,1.1,0.0,0.0
2022-05-09 11:00:00,0.7,97.0,0.0,0.448696,1013.0,1.1,0.0,0.0
2022-05-09 12:00:00,1.8,97.0,0.0,0.517459,1013.1,2.2,0.0,0.0
2022-05-09 13:00:00,3.3,96.0,0.0,0.600986,1014.0,3.9,0.0,0.0
2022-05-09 14:00:00,4.0,97.0,140.0,0.621008,1014.5,4.4,5.4,0.0
2022-05-09 15:00:00,3.9,89.0,200.0,0.55528,1014.9,5.6,5.4,0.0
2022-05-09 16:00:00,3.9,89.0,200.0,0.0,1014.9,5.6,5.4,0.0
2022-05-09 17:00:00,5.1,80.0,220.0,0.023807,1015.2,8.3,9.4,0.0
2022-05-09 18:00:00,5.0,71.0,190.0,0.203707,1015.4,10.0,18.4,0.0
2022-05-09 19:00:00,4.3,63.0,190.0,0.412084,1015.8,11.1,11.2,0.0
2022-05-09 20:00:00,4.9,68.0,3.0,0.378591,1015.8,10.6,11.2,0.0
2022-05-09 21:00:00,4.3,63.0,230.0,0.371534,1016.0,11.1,14.8,0.1
2022-05-09 22:00:00,4.3,63.0,230.0,0.443225,1016.0,11.1,14.8,0.0
2022-05-09 23:00:00,5.6,74.0,2.0,0.433155,1016.4,10.0,14.8,0.0
2022-05-10 00:00:00,3.9,66.0,340.0,0.434549,1016.3,10.0,9.4,0.0
2022-05-10 01:00:00,4.5,66.0,360.0,0.490039,1016.5,10.6,5.4,0.0
2022-05-10 02:00:00,4.5,66.0,360.0,0.472466,1016.5,10.6,5.4,0.0
2022-05-10 03:00:00,5.1,80.0,230.0,0.480592,1017.4,8.3,9.4,0.0
2022-05-10 04:00:00,4.3,76.0,290.0,0.483964,1018.1,8.3,5.4,0.0
2022-05-10 05:00:00,3.8,82.0,280.0,0.438045,1018.5,6.7,5.4,0.0
2022-05-10 06:00:00,3.9,89.0,0.0,0.391818,1018.7,5.6,0.0,0.0
2022-05-10 07:00:00,3.9,89.0,0.0,0.371424,1018.7,5.6,0.0,0.0
2022-05-10 08:00:00,4.4,92.0,240.0,0.371263,1019.4,5.6,5.4,0.0
2022-05-10 09:00:00,4.4,92.0,0.0,0.365357,1019.8,5.6,0.0,0.0
2022-05-10 10:00:00,4.0,97.0,330.0,0.37261,1020.4,4.4,5.4,0.3
2022-05-10 11:00:00,4.0,97.0,330.0,0.410895,1020.4,4.4,5.4,0.0
2022-05-10 12:00:00,4.0,97.0,280.0,0.489874,1021.2,4.4,5.4,0.0
2022-05-10 13:00:00,3.4,93.0,0.0,0.568633,1021.7,4.4,0.0,0.0
2022-05-10 14:00:00,3.9,86.0,0.0,0.54419,1022.6,6.1,5.4,0.0
2022-05-10 15:00:00,4.3,82.0,0.0,0.437854,1023.1,7.2,0.0,0.0
2022-05-10 16:00:00,4.3,82.0,0.0,0.344906,1023.1,7.2,0.0,0.0
2022-05-10 17:00:00,5.0,66.0,2.0,0.2907,1023.5,11.1,0.0,0.0
2022-05-10 18:00:00,4.4,59.0,0.0,0.235929,1023.5,12.2,0.0,0.0
2022-05-10 19:00:00,4.5,57.0,0.0,0.244059,1023.5,12.8,7.6,0.0
2022-05-10 20:00:00,3.9,51.0,240.0,0.134054,1023.3,13.9,13.0,0.0
2022-05-10 21:00:00,3.9,51.0,240.0,0.181269,1023.3,13.9,13.0,0.0
2022-05-10 22:00:00,4.0,46.0,250.0,0.222897,1022.8,15.6,7.6,0.0
2022-05-10 23:00:00,4.0,46.0,210.0,0.310619,1022.7,15.6,7.6,0.0
2022-05-11 00:00:00,4.4,49.0,210.0,0.325504,1022.6,15.0,5.4,0.3
2022-05-11 01:00:00,4.5,53.0,240.0,0.405311,1022.7,13.9,5.4,0.0
2022-05-11 02:00:00,4.5,53.0,240.0,0.436125,1022.7,13.9,18.4,0.0
2022-05-11 03:00:00,4.0,69.0,260.0,0.44654,1024.1,9.4,7.6,0.0
2022-05-11 04:00:00,3.3,73.0,250.0,0.431933,1024.7,7.8,9.4,0.0
2022-05-11 05:00:00,3.3,85.0,230.0,0.391986,1025.1,5.6,11.2,0.0
2022-05-11 06:00:00,3.3,85.0,230.0,0.341952,1025.1,5.6,11.2,0.0
2022-05-11 07:00:00,3.3,89.0,0.0,0.328604,1025.3,5.0,0.0,0.0
2022-05-11 08:00:00,2.9,93.0,280.0,0.329017,1025.3,3.9,5.4,0.0
2022-05-11 09:00:00,3.3,89.0,0.0,0.333721,1025.3,5.0,0.0,0.0
2022-05-11 10:00:00,2.9,93.0,0.0,0.352317,1025.2,3.9,0.0,0.0
2022-05-11 11:00:00,2.9,93.0,0.0,0.389278,1025.2,3.9,0.0,0.0
2022-05-11 12:00:00,1.0,92.0,240.0,0.479454,1025.1,2.2,5.4,0.0
2022-05-11 13:00:00,1.8,93.0,0.0,0.553628,1025.3,2.8,0.0,0.0
2022-05-11 14:00:00,4.0,93.0,0.0,0.530133,1025.6,5.0,0.0,0.0
2022-05-11 15:00:00,4.4,79.0,0.0,0.438879,1025.2,7.8,0.0,0.0
2022-05-11 16:00:00,4.4,79.0,0.0,0.335042,1025.2,7.8,0.0,0.0
2022-05-11 17:00:00,4.4,59.0,230.0,0.243325,1024.4,12.2,11.2,0.0
2022-05-11 18:00:00,4.5,57.0,230.0,0.204132,1024.1,12.8,9.4,0.0
2022-05-11 19:00:00,4.9,53.0,216.0,0.292663,1023.5,14.4,7.6,0.0
2022-05-11 20:00:00,4.9,53.0,230.0,0.19162,1022.6,14.4,11.2,0.0
2022-05-11 21:00:00,4.9,53.0,230.0,0.238666,1022.6,14.4,11.2,0.0
2022-05-11 22:00:00,2.9,46.0,270.0,0.326124,1022.0,14.4,13.0,0.0
2022-05-11 23:00:00,2.8,49.0,270.0,0.344556,1022.2,13.3,22.3,0.0
2022-05-12 00:00:00,4.5,57.0,260.0,0.378351,1022.4,12.8,18.4,0.0
2022-05-12 01:00:00,3.4,59.0,250.0,0.451709,1022.5,11.1,20.5,0.0
2022-05-12 02:00:00,3.4,59.0,250.0,0.46809,1022.5,11.1,20.5,0.0
2022-05-12 03:00:00,4.0,69.0,250.0,0.47035,1023.2,9.4,11.2,0.0
2022-05-12 04:00:00,4.3,76.0,200.0,0.440164,1023.1,8.3,7.6,0.0
2022-05-12 05:00:00,4.3,73.0,150.0,0.39202,1022.8,8.9,11.2,0.0
2022-05-12 06:00:00,4.3,73.0,150.0,0.341739,1022.8,8.9,11.2,0.2
2022-05-12 07:00:00,5.1,77.0,170.0,0.319226,1022.2,8.9,11.2,0.0
2022-05-12 08:00:00,4.0,69.0,190.0,0.315766,1021.6,9.4,16.6,0.0
2022-05-12 09:00:00,4.3,73.0,180.0,0.306958,1021.1,8.9,22.3,0.0
2022-05-12 10:00:00,4.3,73.0,180.0,0.328707,1020.8,8.9,16.6,0.0
2022-05-12 11:00:00,4.3,73.0,180.0,0.348919,1020.8,8.9,16.6,0.2
2022-05-12 12:00:00,4.3,76.0,170.0,0.43185,1019.7,8.3,22.3,0.0
2022-05-12 13:00:00,4.3,76.0,170.0,0.502536,1019.7,8.3,22.3,0.2
2022-05-12 14:00:00,5.1,80.0,170.0,0.535738,1019.4,8.3,20.5,0.0
2022-05-12 15:00:00,5.1,80.0,170.0,0.531031,1019.4,8.3,20.5,0.3
2022-05-12 16:00:00,5.6,83.0,170.0,0.525632,1019.3,8.3,22.3,0.9
2022-05-12 17:00:00,5.6,83.0,180.0,0.525485,1018.8,8.3,35.3,0.8
2022-05-12 18:00:00,6.1,86.0,170.0,0.484247,1018.5,8.3,25.9,0.8
2022-05-12 19:00:00,7.4,97.0,182.0,0.416141,1019.3,7.8,25.6,1.5
2022-05-12 20:00:00,7.3,97.0,182.0,0.437917,1018.4,7.7,25.6,2.4
2022-05-12 21:00:00,7.4,97.0,190.0,0.46212,1018.8,7.8,23.8,1.3
2022-05-12 22:00:00,7.7,97.0,195.0,0.442866,1019.1,8.1,22.3,1.9
2022-05-12 23:00:00,6.7,83.0,240.0,0.348935,1018.6,9.4,16.6,0.5
2022-05-13 00:00:00,5.6,66.0,250.0,0.41012,1018.9,11.7,29.5,0.1
2022-05-13 01:00:00,3.4,61.0,280.0,0.443152,1019.5,10.6,14.8,0.0
2022-05-13 02:00:00,3.8,63.0,270.0,0.475977,1020.1,10.6,20.5,0.0
2022-05-13 03:00:00,2.1,65.0,270.0,0.468988,1020.6,8.3,11.2,0.0
2022-05-13 04:00:00,2.9,74.0,260.0,0.479957,1021.9,7.2,11.2,0.0
2022-05-13 05:00:00,2.9,86.0,160.0,0.44241,1022.7,5.0,7.6,0.0
2022-05-13 06:00:00,2.3,89.0,210.0,0.399718,1023.3,3.9,5.4,0.0
2022-05-13 07:00:00,1.0,92.0,220.0,0.393408,1024.2,2.2,9.4,0.0
2022-05-13 08:00:00,1.8,93.0,0.0,0.376159,1024.2,2.8,9.4,0.0
2022-05-13 09:00:00,1.8,97.0,350.0,0.37648,1025.0,2.2,5.4,0.0
2022-05-13 10:00:00,0.5,92.0,0.0,0.400703,1024.8,1.7,0.0,0.0
2022-05-13 11:00:00,0.5,92.0,0.0,0.441201,1024.8,1.7,0.0,0.0
2022-05-13 12:00:00,-0.1,92.0,0.0,0.515152,1025.0,1.1,0.0,0.0
2022-05-13 13:00:00,2.2,100.0,0.0,0.559341,1025.0,2.2,0.0,0.0
2022-05-13 14:00:00,2.2,100.0,0.0,0.563339,1025.0,2.2,0.0,0.0
2022-05-13 15:00:00,4.4,85.0,360.0,0.520903,1025.1,6.7,5.4,0.0
2022-05-13 16:00:00,4.4,85.0,360.0,0.470298,1025.1,6.7,5.4,0.0
2022-05-13 17:00:00,5.6,74.0,2.0,0.399844,1023.9,10.0,0.0,0.0
2022-05-13 18:00:00,3.9,61.0,80.0,0.309594,1023.7,11.1,7.6,0.0
2022-05-13 19:00:00,4.3,63.0,160.0,0.304356,1022.9,11.1,9.4,0.0
2022-05-13 20:00:00,5.6,66.0,160.0,0.321036,1022.3,11.7,5.4,0.0
2022-05-13 21:00:00,5.6,66.0,170.0,0.360853,1022.3,11.7,5.4,0.0
2022-05-13 22:00:00,6.6,71.0,200.0,0.373868,1021.3,11.7,18.4,0.0
2022-05-13 23:00:00,7.8,83.0,3.0,0.413582,1021.0,10.6,18.4,0.3
2022-05-14 00:00:00,7.8,86.0,170.0,0.456488,1020.2,10.0,5.4,0.5
2022-05-14 01:00:00,7.8,86.0,170.0,0.473415,1020.2,10.0,5.4,1.3
2022-05-14 02:00:00,8.3,89.0,0.0,0.469347,1019.4,10.0,0.0,1.5
2022-05-14 03:00:00,8.9,100.0,230.0,0.470336,1018.0,8.9,5.4,2.5
2022-05-14 04:00:00,8.9,100.0,230.0,0.440481,1018.0,8.9,5.4,2.0
2022-05-14 05:00:00,8.9,97.0,0.0,0.393704,1017.0,9.4,0.0,0.5
2022-05-14 06:00:00,8.9,97.0,0.0,0.355361,1017.0,9.4,0.0,2.0
2022-05-14 07:00:00,8.3,96.0,350.0,0.325963,1016.5,8.9,5.4,0.3
2022-05-14 08:00:00,8.3,96.0,2.0,0.312818,1016.1,8.9,5.4,2.0
2022-05-14 09:00:00,8.3,96.0,350.0,0.299955,1016.1,8.9,7.6,1.3
2022-05-14 10:00:00,8.9,97.0,0.0,0.301749,1015.5,9.4,0.0,1.3
2022-05-14 11:00:00,8.9,97.0,0.0,0.311381,1015.2,9.4,0.0,0.8
2022-05-14 12:00:00,8.9,97.0,60.0,0.346769,1015.2,9.4,5.4,1.3
2022-05-14 13:00:00,10.6,97.0,240.0,0.376351,1015.5,11.1,9.4,0.5
2022-05-14 14:00:00,10.6,97.0,240.0,0.390435,1015.5,11.1,9.4,0.0
2022-05-14 15:00:00,11.7,93.0,190.0,0.415782,1016.9,12.8,7.6,0.0
2022-05-14 16:00:00,11.7,93.0,190.0,0.418779,1016.9,12.8,7.6,0.0
2022-05-14 17:00:00,12.2,80.0,200.0,0.319711,1017.6,15.6,18.4,0.0
2022-05-14 18:00:00,12.1,72.0,180.0,0.280373,1018.3,17.2,20.5,0.0
2022-05-14 19:00:00,11.2,61.0,180.0,0.178679,1018.6,18.9,20.5,0.0
2022-05-14 20:00:00,11.2,59.0,210.0,0.13414,1018.6,19.4,33.5,0.0
2022-05-14 21:00:00,11.2,59.0,210.0,0.125808,1018.6,19.4,27.7,0.0
2022-05-14 22:00:00,10.1,53.0,210.0,0.146158,1019.2,20.0,22.3,0.0
2022-05-14 23:00:00,11.2,59.0,5.0,0.252495,1019.2,19.4,27.7,0.0
2022-05-15 00:00:00,9.9,58.0,260.0,0.271717,1019.3,18.3,14.8,0.0
2022-05-15 01:00:00,9.9,58.0,260.0,0.349169,1019.3,18.3,14.8,0.0
2022-05-15 02:00:00,11.1,72.0,240.0,0.387466,1019.1,16.1,5.4,0.0
2022-05-15 03:00:00,11.2,78.0,220.0,0.388749,1019.3,15.0,7.6,0.0
2022-05-15 04:00:00,11.8,81.0,170.0,0.376667,1019.7,15.0,5.4,0.0
2022-05-15 05:00:00,11.8,87.0,230.0,0.334178,1019.6,13.9,5.4,0.0
2022-05-15 06:00:00,11.8,87.0,230.0,0.302323,1019.6,13.9,5.4,0.0
2022-05-15 07:00:00,11.8,87.0,0.0,0.265164,1018.7,13.9,0.0,0.0
2022-05-15 08:00:00,11.7,90.0,0.0,0.249621,1018.0,13.3,0.0,0.0
2022-05-15 09:00:00,12.2,93.0,0.0,0.241151,1017.2,13.3,0.0,0.0
2022-05-15 10:00:00,12.2,93.0,0.0,0.239398,1017.2,13.3,0.0,0.0
2022-05-15 11:00:00,11.7,93.0,0.0,0.246783,1015.6,12.8,0.0,0.0
2022-05-15 12:00:00,11.1,93.0,0.0,0.266465,1015.2,12.2,0.0,0.0
2022-05-15 13:00:00,11.1,93.0,0.0,0.288437,1015.2,12.2,0.0,0.0
2022-05-15 14:00:00,11.8,87.0,2.0,0.318745,1014.2,13.9,0.0,0.0
2022-05-15 15:00:00,11.8,87.0,350.0,0.33899,1014.2,13.9,5.4,0.0
2022-05-15 16:00:00,12.2,80.0,0.0,0.36632,1013.3,15.6,0.0,0.0
2022-05-15 17:00:00,12.8,81.0,2.0,0.371481,1013.0,16.1,0.0,0.0
2022-05-15 18:00:00,13.9,93.0,30.0,0.396913,1013.0,15.0,5.4,0.1
2022-05-15 19:00:00,13.9,93.0,30.0,0.347552,1013.0,15.0,5.4,0.3
2022-05-15 20:00:00,14.3,86.0,0.0,0.345461,1012.7,16.7,0.0,0.3
2022-05-15 21:00:00,15.0,87.0,0.0,0.310694,1012.5,17.2,0.0,0.0
2022-05-15 22:00:00,16.1,87.0,240.0,0.295025,1012.8,18.3,9.4,0.3
2022-05-15 23:00:00,11.2,59.0,250.0,0.283843,1013.0,19.4,20.5,0.0
2022-05-16 00:00:00,9.4,60.0,240.0,0.378979,1013.3,17.2,20.5,0.3
2022-05-16 01:00:00,9.4,60.0,240.0,0.426665,1013.3,17.2,20.5,0.0
2022-05-16 02:00:00,11.2,75.0,250.0,0.433559,1014.0,15.6,11.2,0.0
2022-05-16 03:00:00,11.2,87.0,210.0,0.435678,1014.5,13.3,11.2,0.0
2022-05-16 04:00:00,10.6,78.0,0.0,0.405758,1015.3,14.4,0.0,0.0
2022-05-16 05:00:00,10.7,84.0,190.0,0.352564,1016.1,13.3,9.4,0.0
2022-05-16 06:00:00,10.7,84.0,190.0,0.299746,1016.1,13.3,9.4,0.0
2022-05-16 07:00:00,9.4,80.0,210.0,0.272285,1017.0,12.8,11.2,0.0
2022-05-16 08:00:00,9.4,83.0,0.0,0.251759,1017.0,12.2,0.0,0.0
2022-05-16 09:00:00,9.4,83.0,190.0,0.25046,1017.4,12.2,9.4,0.0
2022-05-16 10:00:00,9.4,83.0,190.0,0.253206,1017.4,12.2,9.4,0.0
2022-05-16 11:00:00,8.8,86.0,230.0,0.275468,1018.2,11.1,14.8,0.0
2022-05-16 12:00:00,8.3,93.0,210.0,0.323862,1018.7,9.4,7.6,0.0
2022-05-16 13:00:00,8.4,86.0,210.0,0.378801,1019.4,10.6,14.8,0.0
2022-05-16 14:00:00,8.9,80.0,220.0,0.385719,1019.9,12.2,13.0,0.0
2022-05-16 15:00:00,8.9,80.0,220.0,0.311546,1019.9,12.2,13.0,0.0
2022-05-16 16:00:00,7.7,69.0,240.0,0.358402,1020.4,13.3,20.5,0.0
2022-05-16 17:00:00,6.2,62.0,260.0,0.341198,1020.7,13.3,18.4,0.0
2022-05-16 18:00:00,5.5,57.0,250.0,0.31141,1021.6,13.9,18.4,0.0
2022-05-16 19:00:00,5.5,57.0,250.0,0.207643,1021.6,13.9,18.4,0.0
2022-05-16 20:00:00,7.3,56.0,240.0,0.194717,1021.6,16.1,11.2,0.0
2022-05-16 21:00:00,6.1,53.0,240.0,0.224092,1021.9,15.6,18.4,0.0
2022-05-16 22:00:00,6.7,50.0,310.0,0.170283,1021.8,17.2,13.0,0.0
2022-05-16 23:00:00,7.3,54.0,2.0,0.217543,1021.8,16.7,13.0,0.0
2022-05-17 00:00:00,7.3,54.0,310.0,0.300341,1021.8,16.7,7.6,0.0
2022-05-17 01:00:00,5.7,56.0,280.0,0.387375,1021.8,14.4,16.6,0.0
2022-05-17 02:00:00,5.7,60.0,3.0,0.417955,1022.2,13.3,16.6,0.0
2022-05-17 03:00:00,5.6,69.0,300.0,0.424187,1022.8,11.1,7.6,0.0
2022-05-17 04:00:00,5.6,80.0,240.0,0.396985,1023.3,8.9,7.6,0.0
2022-05-17 05:00:00,5.6,80.0,240.0,0.35702,1023.3,8.9,7.6,0.0
2022-05-17 06:00:00,6.1,86.0,270.0,0.299475,1023.7,8.3,5.4,0.0
2022-05-17 07:00:00,5.7,90.0,290.0,0.283641,1024.0,7.2,7.6,0.0
2022-05-17 08:00:00,5.6,93.0,290.0,0.277891,1024.0,6.7,5.4,0.0
2022-05-17 09:00:00,6.1,93.0,270.0,0.280568,1024.4,7.2,9.4,0.0
2022-05-17 10:00:00,6.1,93.0,270.0,0.289107,1024.4,7.2,9.4,0.0
2022-05-17 11:00:00,5.1,93.0,2.0,0.315734,1024.5,6.1,0.0,0.0
2022-05-17 12:00:00,5.6,93.0,280.0,0.388874,1024.7,6.7,5.4,0.0
2022-05-17 13:00:00,5.6,93.0,340.0,0.460307,1024.9,6.7,5.4,0.0
2022-05-17 14:00:00,6.1,89.0,270.0,0.464092,1025.2,7.8,5.4,0.0
2022-05-17 15:00:00,6.1,89.0,270.0,0.407146,1025.2,7.8,5.4,0.0
2022-05-17 16:00:00,5.6,66.0,0.0,0.285044,1025.6,11.7,0.0,0.0
2022-05-17 17:00:00,5.0,59.0,0.0,0.23421,1025.7,12.8,0.0,0.0
2022-05-17 18:00:00,5.7,56.0,0.0,0.16228,1026.1,14.4,7.6,0.0
2022-05-17 19:00:00,6.1,53.0,240.0,0.136519,1025.6,15.6,7.6,0.0
2022-05-17 20:00:00,6.1,53.0,204.0,0.157723,1025.6,15.6,7.6,0.0
2022-05-17 21:00:00,5.0,46.0,0.0,0.156931,1024.6,16.7,0.0,0.0
2022-05-17 22:00:00,6.7,50.0,0.0,0.199856,1024.0,17.2,7.6,0.0
2022-05-17 23:00:00,7.2,50.0,190.0,0.256386,1023.4,17.8,9.4,0.0
2022-05-18 00:00:00,7.2,50.0,190.0,0.323442,1023.4,17.8,9.4,0.0
2022-05-18 01:00:00,8.8,64.0,220.0,0.393017,1022.4,15.6,13.0,0.0
2022-05-18 02:00:00,7.9,67.0,220.0,0.404852,1022.3,13.9,11.2,0.0
2022-05-18 03:00:00,6.6,71.0,220.0,0.407228,1022.2,11.7,13.0,0.0
2022-05-18 04:00:00,5.6,69.0,230.0,0.40565,1022.1,11.1,13.0,0.0
2022-05-18 05:00:00,5.6,69.0,230.0,0.359826,1022.1,11.1,13.0,0.0
2022-05-18 06:00:00,4.4,71.0,230.0,0.306992,1021.8,9.4,13.0,0.0
2022-05-18 07:00:00,3.3,63.0,210.0,0.284383,1021.4,10.0,11.2,0.0
2022-05-18 08:00:00,4.0,69.0,5.0,0.278291,1021.2,9.4,11.2,0.0
2022-05-18 09:00:00,4.4,71.0,240.0,0.265267,1020.8,9.4,14.8,0.0
2022-05-18 10:00:00,4.4,71.0,240.0,0.275477,1020.8,9.4,14.8,0.0
2022-05-18 11:00:00,5.6,83.0,190.0,0.306234,1021.0,8.3,11.2,0.1
2022-05-18 12:00:00,6.8,90.0,160.0,0.370921,1020.8,8.3,14.8,0.5
2022-05-18 13:00:00,6.8,90.0,160.0,0.449514,1020.8,8.3,14.8,1.0
2022-05-18 14:00:00,6.8,90.0,180.0,0.497398,1020.9,8.3,18.4,0.5
2022-05-18 15:00:00,6.8,90.0,180.0,0.483313,1020.9,8.3,18.4,0.3
2022-05-18 16:00:00,7.8,90.0,160.0,0.463593,1021.3,9.4,16.6,0.3
2022-05-18 17:00:00,8.8,86.0,170.0,0.457092,1021.5,11.1,18.4,0.0
2022-05-18 18:00:00,8.8,86.0,170.0,0.455442,1021.5,11.1,18.4,0.0
2022-05-18 19:00:00,11.2,87.0,190.0,0.371702,1022.5,13.3,16.6,0.4
2022-05-18 20:00:00,9.5,67.0,250.0,0.263726,1023.0,15.6,20.5,0.3
2022-05-18 21:00:00,7.9,60.0,250.0,0.219163,1023.5,15.6,20.5,0.0
2022-05-18 22:00:00,6.8,58.0,250.0,0.233482,1023.7,15.0,24.1,0.0
2022-05-18 23:00:00,6.0,57.0,250.0,0.304509,1023.6,14.4,24.1,0.0
2022-05-19 00:00:00,6.0,57.0,250.0,0.370443,1023.6,14.4,24.1,0.0
2022-05-19 01:00:00,5.7,62.0,260.0,0.397687,1023.4,12.8,16.6,0.0
2022-05-19 02:00:00,5.6,66.0,280.0,0.42477,1023.9,11.7,16.6,0.0
2022-05-19 03:00:00,4.9,68.0,280.0,0.44651,1024.1,10.6,16.6,0.0
2022-05-19 04:00:00,4.3,73.0,260.0,0.417822,1024.0,8.9,11.2,0.0
2022-05-19 05:00:00,4.3,73.0,260.0,0.389475,1024.0,8.9,11.2,0.0
2022-05-19 06:00:00,4.4,89.0,210.0,0.332522,1023.9,6.1,9.4,0.0
2022-05-19 07:00:00,5.6,86.0,0.0,0.314446,1023.9,7.8,0.0,0.0
2022-05-19 08:00:00,5.6,86.0,0.0,0.310838,1023.9,7.8,0.0,0.0
2022-05-19 09:00:00,6.1,93.0,110.0,0.311166,1023.8,7.2,7.6,0.0
2022-05-19 10:00:00,5.1,93.0,190.0,0.31996,1024.0,6.1,5.4,0.0
2022-05-19 11:00:00,5.1,93.0,4.0,0.362913,1024.2,6.1,5.4,0.0
2022-05-19 12:00:00,5.1,93.0,210.0,0.444212,1024.2,6.1,13.0,0.0
2022-05-19 13:00:00,5.0,86.0,230.0,0.501578,1024.5,7.2,11.2,0.0
2022-05-19 14:00:00,5.1,77.0,4.0,0.500704,1024.7,8.9,11.2,0.0
2022-05-19 15:00:00,5.0,71.0,230.0,0.424171,1024.8,10.0,5.4,0.0
2022-05-19 16:00:00,4.9,68.0,250.0,0.406356,1024.8,10.6,7.6,0.0
2022-05-19 17:00:00,4.9,68.0,250.0,0.304396,1024.8,10.6,7.6,0.3
2022-05-19 18:00:00,5.0,57.0,270.0,0.225003,1024.3,13.3,18.4,0.0
2022-05-19 19:00:00,5.0,66.0,290.0,0.268604,1024.5,11.1,20.5,0.1
2022-05-19 20:00:00,3.9,57.0,290.0,0.294632,1024.2,12.2,13.0,0.0
2022-05-19 21:00:00,4.0,55.0,300.0,0.220289,1024.4,12.8,13.0,0.0
2022-05-19 22:00:00,4.0,55.0,350.0,0.193721,1024.4,12.8,22.3,0.0
2022-05-19 23:00:00,3.4,51.0,290.0,0.262224,1024.0,13.3,24.1,0.0
2022-05-20 00:00:00,3.4,51.0,320.0,0.348343,1024.0,13.3,20.5,0.0
2022-05-20 01:00:00,3.4,55.0,300.0,0.422698,1024.4,12.2,16.6,0.0
2022-05-20 02:00:00,2.7,54.0,300.0,0.426913,1024.8,11.7,16.6,0.0
2022-05-20 03:00:00,2.7,54.0,320.0,0.430387,1024.8,11.7,16.6,0.0
2022-05-20 04:00:00,3.3,71.0,290.0,0.415208,1025.8,8.3,5.4,0.0
2022-05-20 05:00:00,3.3,85.0,240.0,0.387726,1026.0,5.6,7.6,0.0
2022-05-20 06:00:00,2.3,89.0,230.0,0.330095,1026.0,3.9,9.4,0.0
2022-05-20 07:00:00,2.3,89.0,230.0,0.329657,1026.0,3.9,9.4,0.0
2022-05-20 08:00:00,2.7,89.0,300.0,0.333214,1025.8,4.4,5.4,0.0
2022-05-20 09:00:00,1.7,89.0,0.0,0.335763,1026.0,3.3,0.0,0.0
2022-05-20 10:00:00,1.8,93.0,0.0,0.343932,1026.0,2.8,0.0,0.0
2022-05-20 11:00:00,1.1,96.0,0.0,0.384939,1026.0,1.7,0.0,0.0
2022-05-20 12:00:00,1.1,96.0,0.0,0.461708,1026.0,1.7,0.0,0.0
2022-05-20 13:00:00,2.2,100.0,0.0,0.523954,1026.3,2.2,0.0,0.0
2022-05-20 14:00:00,3.3,85.0,0.0,0.498235,1026.5,5.6,0.0,0.0
2022-05-20 15:00:00,5.1,77.0,0.0,0.395173,1026.5,8.9,0.0,0.0
2022-05-20 16:00:00,4.3,63.0,0.0,0.311561,1025.8,11.1,0.0,0.0
2022-05-20 17:00:00,4.3,63.0,0.0,0.249399,1025.8,11.1,0.0,0.0
2022-05-20 18:00:00,4.0,55.0,190.0,0.237782,1024.6,12.8,7.6,0.0
2022-05-20 19:00:00,3.9,53.0,0.0,0.186437,1024.2,13.3,0.0,0.0
2022-05-20 20:00:00,4.9,53.0,60.0,0.237556,1023.8,14.4,9.4,0.0
2022-05-20 21:00:00,4.9,53.0,60.0,0.231019,1023.8,14.4,9.4,0.0
2022-05-20 22:00:00,5.5,53.0,30.0,0.247313,1022.9,15.0,9.4,0.0
2022-05-20 23:00:00,4.9,53.0,20.0,0.23631,1022.3,14.4,9.4,0.0
2022-05-21 00:00:00,5.5,53.0,30.0,0.293873,1021.8,15.0,11.2,0.0
2022-05-21 01:00:00,5.5,53.0,30.0,0.36993,1021.8,15.0,11.2,0.0
2022-05-21 02:00:00,5.5,53.0,30.0,0.380007,1021.5,15.0,7.6,0.0
2022-05-21 03:00:00,5.6,64.0,340.0,0.388132,1021.1,12.2,7.6,0.0
2022-05-21 04:00:00,5.6,86.0,0.0,0.390666,1021.4,7.8,0.0,0.0
2022-05-21 05:00:00,6.1,93.0,0.0,0.349856,1022.0,7.2,0.0,0.0
2022-05-21 06:00:00,6.1,93.0,0.0,0.318045,1022.0,7.2,0.0,0.0
2022-05-21 07:00:00,5.1,93.0,0.0,0.301529,1022.2,6.1,0.0,0.0
2022-05-21 08:00:00,5.1,93.0,260.0,0.290406,1022.0,6.1,5.4,0.0
2022-05-21 09:00:00,4.4,96.0,300.0,0.289105,1021.8,5.0,7.6,0.0
2022-05-21 10:00:00,2.9,93.0,300.0,0.300376,1021.8,3.9,5.4,0.0
2022-05-21 11:00:00,2.9,97.0,2.0,0.319439,1021.8,3.3,5.4,0.0
2022-05-21 12:00:00,2.9,97.0,280.0,0.365115,1021.8,3.3,5.4,0.0
2022-05-21 13:00:00,5.0,96.0,0.0,0.4057,1022.0,5.6,0.0,0.0
2022-05-21 14:00:00,6.7,93.0,0.0,0.426078,1022.4,7.8,0.0,0.0
2022-05-21 15:00:00,6.6,74.0,360.0,0.356199,1022.3,11.1,5.4,0.0
2022-05-21 16:00:00,6.6,74.0,360.0,0.280683,1022.3,11.1,5.4,0.0
2022-05-21 17:00:00,7.8,62.0,14.0,0.200548,1021.7,15.0,9.4,0.0
2022-05-21 18:00:00,7.9,56.0,2.0,0.152849,1021.6,16.7,5.4,0.0
2022-05-21 19:00:00,8.3,52.0,350.0,0.111077,1021.2,18.3,9.4,0.0
2022-05-21 20:00:00,7.8,47.0,350.0,0.098558,1020.8,19.4,9.4,0.0
2022-05-21 21:00:00,7.8,47.0,350.0,0.099964,1020.8,19.4,9.4,0.0
2022-05-21 22:00:00,5.6,35.0,10.0,0.15307,1019.8,21.7,14.8,0.0
2022-05-21 23:00:00,2.9,29.0,10.0,0.20719,1019.4,21.7,5.4,0.0
2022-05-22 00:00:00,3.8,30.0,20.0,0.311008,1019.5,22.2,13.0,0.0
2022-05-22 01:00:00,3.8,30.0,20.0,0.33792,1019.5,22.2,13.0,0.0
2022-05-22 02:00:00,3.9,37.0,350.0,0.355046,1019.7,18.9,18.4,0.0
2022-05-22 03:00:00,6.1,53.0,340.0,0.349786,1021.0,15.6,13.0,0.0
2022-05-22 04:00:00,6.6,64.0,290.0,0.362256,1021.8,13.3,11.2,0.0
2022-05-22 05:00:00,7.2,77.0,270.0,0.344663,1022.2,11.1,11.2,0.0
2022-05-22 06:00:00,7.2,86.0,290.0,0.297838,1022.4,9.4,9.4,0.0
2022-05-22 07:00:00,7.2,86.0,290.0,0.267424,1022.4,9.4,9.4,0.0
2022-05-22 08:00:00,6.1,86.0,2.0,0.249854,1022.8,8.3,0.0,0.0
2022-05-22 09:00:00,5.1,93.0,0.0,0.244563,1023.0,6.1,0.0,0.0
2022-05-22 10:00:00,5.6,93.0,0.0,0.250531,1023.1,6.7,0.0,0.0
2022-05-22 11:00:00,5.6,93.0,0.0,0.267255,1023.1,6.7,0.0,0.0
2022-05-22 12:00:00,5.1,93.0,310.0,0.297821,1023.7,6.1,5.4,0.0
2022-05-22 13:00:00,6.1,93.0,0.0,0.333347,1024.1,7.2,0.0,0.0
2022-05-22 14:00:00,7.2,86.0,0.0,0.330629,1024.5,9.4,0.0,0.0
2022-05-22 15:00:00,7.9,75.0,0.0,0.308375,1024.4,12.2,0.0,0.0
2022-05-22 16:00:00,7.9,75.0,0.0,0.254504,1024.4,12.2,0.0,0.0
2022-05-22 17:00:00,8.8,62.0,0.0,0.195292,1023.7,16.1,0.0,0.0
2022-05-22 18:00:00,9.4,54.0,0.0,0.17479,1023.7,18.9,5.4,0.0
2022-05-22 19:00:00,10.1,55.0,0.0,0.160308,1023.2,19.4,0.0,0.0
2022-05-22 20:00:00,5.4,36.0,0.0,0.135034,1022.7,21.1,0.0,0.0
2022-05-22 21:00:00,5.4,36.0,0.0,0.144467,1022.7,21.1,0.0,0.0
2022-05-22 22:00:00,0.7,24.0,0.0,0.181248,1021.5,22.2,0.0,0.0
2022-05-22 23:00:00,1.2,24.0,0.0,0.295336,1021.2,22.8,0.0,0.0
2022-05-23 00:00:00,6.6,39.0,220.0,0.358451,1021.1,21.1,11.2,0.0
2022-05-23 01:00:00,6.6,39.0,220.0,0.404805,1021.1,21.1,11.2,0.0
2022-05-23 02:00:00,7.9,56.0,3.0,0.428505,1020.9,16.7,16.6,0.0
2022-05-23 03:00:00,7.1,57.0,300.0,0.43277,1021.1,15.6,5.4,0.0
2022-05-23 04:00:00,8.3,69.0,230.0,0.39495,1021.5,13.9,14.8,0.0
2022-05-23 05:00:00,7.7,69.0,4.0,0.339658,1021.8,13.3,14.8,0.0
2022-05-23 06:00:00,7.7,69.0,220.0,0.284923,1021.8,13.3,14.8,0.0
2022-05-23 07:00:00,7.8,80.0,0.0,0.26518,1022.1,11.1,0.0,0.0
2022-05-23 08:00:00,7.8,86.0,0.0,0.249187,1022.3,10.0,0.0,0.0
2022-05-23 09:00:00,7.8,83.0,250.0,0.235522,1022.4,10.6,9.4,0.0
2022-05-23 10:00:00,6.6,74.0,0.0,0.23138,1022.2,11.1,0.0,0.0
2022-05-23 11:00:00,6.6,74.0,0.0,0.254474,1022.2,11.1,0.0,0.0
2022-05-23 12:00:00,7.3,80.0,0.0,0.315573,1022.7,10.6,0.0,0.0
2022-05-23 13:00:00,7.8,80.0,280.0,0.356045,1022.7,11.1,5.4,0.0
2022-05-23 14:00:00,8.9,77.0,0.0,0.353461,1022.8,12.8,0.0,0.0
2022-05-23 15:00:00,8.3,67.0,250.0,0.303601,1023.0,14.4,5.4,0.0
2022-05-23 16:00:00,8.3,67.0,250.0,0.236995,1023.0,14.4,5.4,0.0
2022-05-23 17:00:00,6.1,48.0,210.0,0.256145,1023.0,17.2,5.4,0.0
2022-05-23 18:00:00,6.1,48.0,190.0,0.176532,1022.6,17.2,14.8,0.0
2022-05-23 19:00:00,8.0,49.0,190.0,0.149985,1022.3,18.9,9.4,0.0
2022-05-23 20:00:00,9.5,49.0,2.0,0.162348,1021.7,20.6,9.4,0.0
2022-05-23 21:00:00,9.5,49.0,281.0,0.156115,1021.7,20.6,7.6,0.0
2022-05-23 22:00:00,10.0,49.0,200.0,0.174283,1020.8,21.1,5.4,0.0
2022-05-23 23:00:00,10.7,53.0,0.0,0.234672,1020.4,20.6,0.0,0.0
2022-05-24 00:00:00,11.2,59.0,220.0,0.311321,1020.0,19.4,16.6,0.0
2022-05-24 01:00:00,11.2,59.0,220.0,0.376742,1020.0,19.4,16.6,0.0
2022-05-24 02:00:00,9.4,58.0,360.0,0.40177,1020.4,17.8,13.0,0.0
2022-05-24 03:00:00,9.0,70.0,360.0,0.403229,1021.2,14.4,9.4,0.0
2022-05-24 04:00:00,7.9,72.0,20.0,0.385561,1021.5,12.8,13.0,0.0
2022-05-24 05:00:00,7.3,80.0,2.0,0.336473,1021.5,10.6,13.0,0.0
2022-05-24 06:00:00,7.3,80.0,20.0,0.281675,1021.5,10.6,5.4,0.0
2022-05-24 07:00:00,6.1,89.0,280.0,0.257363,1021.4,7.8,5.4,0.0
2022-05-24 08:00:00,6.1,93.0,280.0,0.249643,1021.2,7.2,5.4,0.0
2022-05-24 09:00:00,5.7,97.0,250.0,0.249255,1020.8,6.1,7.6,0.0
2022-05-24 10:00:00,6.1,93.0,300.0,0.250963,1020.7,7.2,5.4,0.0
2022-05-24 11:00:00,6.1,93.0,300.0,0.27444,1020.7,7.2,5.4,0.0
2022-05-24 12:00:00,5.7,97.0,310.0,0.330365,1020.6,6.1,5.4,0.0
2022-05-24 13:00:00,6.7,93.0,0.0,0.387402,1020.3,7.8,0.0,0.0
2022-05-24 14:00:00,7.8,83.0,0.0,0.382287,1020.2,10.6,0.0,0.0
2022-05-24 15:00:00,7.8,83.0,0.0,0.319926,1020.2,10.6,0.0,0.0
2022-05-24 16:00:00,9.0,70.0,0.0,0.301087,1020.0,14.4,0.0,0.0
2022-05-24 17:00:00,9.0,70.0,0.0,0.299718,1019.8,14.4,0.0,0.0
2022-05-24 18:00:00,9.5,67.0,220.0,0.284553,1019.6,15.6,7.6,0.0
2022-05-24 19:00:00,10.1,65.0,0.0,0.249347,1019.1,16.7,0.0,0.0
2022-05-24 20:00:00,10.1,65.0,0.0,0.233415,1019.1,16.7,0.0,0.0
2022-05-24 21:00:00,10.6,65.0,0.0,0.292363,1018.2,17.2,0.0,0.0
2022-05-24 22:00:00,10.6,61.0,0.0,0.310625,1017.2,18.3,0.0,0.0
2022-05-24 23:00:00,10.7,63.0,3.0,0.339277,1016.7,17.8,18.4,0.0
2022-05-25 00:00:00,10.6,61.0,360.0,0.348224,1016.3,18.3,5.4,0.3
2022-05-25 01:00:00,10.6,61.0,360.0,0.380584,1016.3,18.3,5.4,0.0
2022-05-25 02:00:00,11.0,67.0,0.0,0.392815,1016.1,17.2,5.4,0.0
2022-05-25 03:00:00,9.9,69.0,0.0,0.386726,1016.1,15.6,0.0,0.0
2022-05-25 04:00:00,10.6,75.0,190.0,0.381531,1016.1,15.0,5.4,0.0
2022-05-25 05:00:00,10.6,75.0,190.0,0.326377,1016.1,15.0,5.4,0.0
2022-05-25 06:00:00,7.9,67.0,220.0,0.280558,1016.2,13.9,7.6,0.0
2022-05-25 07:00:00,7.9,72.0,180.0,0.251664,1016.0,12.8,7.6,0.0
2022-05-25 08:00:00,8.9,77.0,4.0,0.249533,1015.9,12.8,7.6,0.0
2022-05-25 09:00:00,9.4,83.0,190.0,0.245446,1015.9,12.2,5.4,0.0
2022-05-25 10:00:00,9.4,83.0,190.0,0.242231,1015.9,12.2,5.4,0.0
2022-05-25 11:00:00,10.6,90.0,2.0,0.258129,1015.8,12.2,9.4,0.0
2022-05-25 12:00:00,11.1,93.0,190.0,0.301137,1016.3,12.2,11.2,0.0
2022-05-25 13:00:00,11.1,93.0,190.0,0.350005,1016.3,12.2,11.2,0.0
2022-05-25 14:00:00,11.7,84.0,3.0,0.374889,1016.9,14.4,11.2,0.0
2022-05-25 15:00:00,11.7,84.0,210.0,0.302683,1016.9,14.4,9.4,0.0
2022-05-25 16:00:00,11.7,75.0,190.0,0.302718,1017.3,16.1,9.4,0.0
2022-05-25 17:00:00,12.3,70.0,190.0,0.208804,1017.2,17.8,11.2,0.0
2022-05-25 18:00:00,12.2,65.0,190.0,0.187165,1016.8,18.9,7.6,0.0
2022-05-25 19:00:00,11.8,57.0,220.0,0.195648,1016.6,20.6,5.4,0.0
2022-05-25 20:00:00,11.8,57.0,208.0,0.141676,1016.6,20.6,5.4,0.0
2022-05-25 21:00:00,11.6,51.0,90.0,0.183314,1015.5,22.2,13.0,0.0
2022-05-25 22:00:00,11.8,50.0,0.0,0.209748,1014.9,22.8,0.0,0.0
2022-05-25 23:00:00,11.8,50.0,2.0,0.281753,1014.3,22.8,0.0,0.0
2022-05-26 00:00:00,11.8,50.0,120.0,0.315535,1013.8,22.8,9.4,0.0
2022-05-26 01:00:00,11.8,50.0,120.0,0.369467,1013.8,22.8,9.4,0.0
2022-05-26 02:00:00,11.7,61.0,230.0,0.398879,1012.9,19.4,7.6,0.0
2022-05-26 03:00:00,11.7,61.0,230.0,0.398698,1013.1,19.4,5.4,0.0
2022-05-26 04:00:00,10.0,67.0,240.0,0.384972,1013.3,16.1,5.4,0.0
2022-05-26 05:00:00,10.0,67.0,240.0,0.328708,1013.3,16.1,5.4,0.0
2022-05-26 06:00:00,11.8,78.0,330.0,0.280616,1013.1,15.6,7.6,0.0
2022-05-26 07:00:00,11.8,78.0,330.0,0.249781,1013.1,15.6,7.6,0.0
2022-05-26 08:00:00,11.2,87.0,290.0,0.240511,1012.7,13.3,5.4,0.0
2022-05-26 09:00:00,11.8,87.0,300.0,0.232366,1012.5,13.9,5.4,0.0
2022-05-26 10:00:00,11.8,87.0,300.0,0.232345,1012.5,13.9,5.4,0.0
2022-05-26 11:00:00,11.1,93.0,270.0,0.248986,1012.4,12.2,5.4,0.0
2022-05-26 12:00:00,11.0,89.0,0.0,0.28727,1012.5,12.8,0.0,0.0
2022-05-26 13:00:00,11.8,87.0,350.0,0.333707,1012.5,13.9,5.4,0.0
2022-05-26 14:00:00,12.3,87.0,0.0,0.365959,1012.1,14.4,0.0,0.0
2022-05-26 15:00:00,12.3,87.0,0.0,0.364134,1012.1,14.4,0.0,0.0
2022-05-26 16:00:00,11.6,72.0,0.0,0.360255,1011.9,16.7,0.0,0.0
2022-05-26 17:00:00,14.0,76.0,2.0,0.279927,1011.2,18.3,0.0,0.0
2022-05-26 18:00:00,14.0,71.0,0.0,0.244861,1010.8,19.4,0.0,0.0
2022-05-26 19:00:00,12.8,61.0,0.0,0.273159,1010.5,20.6,0.0,0.0
2022-05-26 20:00:00,12.8,61.0,0.0,0.299103,1010.5,20.6,0.0,0.0
2022-05-26 21:00:00,15.6,71.0,240.0,0.308145,1010.4,21.1,7.6,0.0
2022-05-26 22:00:00,15.1,66.0,200.0,0.332269,1010.3,21.7,5.4,0.2
2022-05-26 23:00:00,14.4,63.0,2.0,0.353652,1010.2,21.7,5.4,0.0
2022-05-27 00:00:00,15.1,76.0,130.0,0.38391,1010.8,19.4,11.2,0.0
2022-05-27 01:00:00,15.1,76.0,130.0,0.362274,1010.8,19.4,11.2,0.5
2022-05-27 02:00:00,15.5,90.0,2.0,0.360839,1010.3,17.2,13.0,1.0
2022-05-27 03:00:00,14.5,90.0,180.0,0.360217,1010.3,16.1,5.4,0.0
2022-05-27 04:00:00,13.9,93.0,0.0,0.354482,1010.6,15.0,0.0,0.0
2022-05-27 05:00:00,13.9,93.0,0.0,0.32186,1010.6,15.0,0.0,0.0
2022-05-27 06:00:00,7.9,65.0,250.0,0.269676,1011.2,14.4,16.6,0.0
2022-05-27 07:00:00,7.9,67.0,220.0,0.239713,1011.5,13.9,11.2,0.0
2022-05-27 08:00:00,8.9,77.0,3.0,0.231985,1012.0,12.8,11.2,0.0
2022-05-27 09:00:00,8.9,77.0,170.0,0.219573,1012.0,12.8,11.2,0.0
2022-05-27 10:00:00,8.9,77.0,240.0,0.22952,1012.8,12.8,13.0,0.5
2022-05-27 11:00:00,9.9,89.0,3.0,0.236867,1013.6,11.7,11.2,0.0
2022-05-27 12:00:00,10.0,93.0,220.0,0.283336,1014.2,11.1,9.4,0.5
2022-05-27 13:00:00,8.8,86.0,240.0,0.31294,1014.6,11.1,11.2,0.0
2022-05-27 14:00:00,8.9,83.0,240.0,0.345847,1015.0,11.7,9.4,0.0
2022-05-27 15:00:00,8.9,83.0,240.0,0.347629,1015.0,11.7,9.4,0.0
2022-05-27 16:00:00,8.3,74.0,250.0,0.366864,1015.8,12.8,14.8,0.0
2022-05-27 17:00:00,8.3,74.0,250.0,0.362046,1015.8,12.8,14.8,0.0
2022-05-27 18:00:00,8.9,77.0,4.0,0.326714,1016.3,12.8,11.2,0.0
2022-05-27 19:00:00,9.0,75.0,200.0,0.321685,1016.9,13.3,9.4,0.0
2022-05-27 20:00:00,9.0,70.0,2.0,0.302169,1016.6,14.4,11.2,0.0
2022-05-27 21:00:00,8.8,64.0,180.0,0.268576,1016.3,15.6,11.2,0.0
2022-05-27 22:00:00,8.9,67.0,230.0,0.331194,1016.0,15.0,11.2,0.0
2022-05-27 23:00:00,8.3,62.0,240.0,0.297189,1015.7,15.6,13.0,0.0
2022-05-28 00:00:00,8.3,62.0,240.0,0.293655,1015.7,15.6,13.0,0.0
2022-05-28 01:00:00,7.8,62.0,260.0,0.322731,1015.1,15.0,11.2,0.0
2022-05-28 02:00:00,8.3,69.0,2.0,0.353348,1015.0,13.9,11.2,0.0
2022-05-28 03:00:00,7.9,72.0,270.0,0.36306,1014.9,12.8,9.4,0.0
2022-05-28 04:00:00,8.4,80.0,270.0,0.363767,1014.9,11.7,5.4,0.0
2022-05-28 05:00:00,8.4,80.0,270.0,0.336031,1014.9,11.7,5.4,0.0
2022-05-28 06:00:00,9.4,92.0,0.0,0.284614,1014.2,10.6,0.0,0.0
2022-05-28 07:00:00,8.4,86.0,0.0,0.268302,1013.4,10.6,0.0,0.0
2022-05-28 08:00:00,8.3,96.0,0.0,0.248673,1012.8,8.9,5.4,0.0
2022-05-28 09:00:00,8.3,89.0,0.0,0.246388,1011.9,10.0,0.0,0.0
2022-05-28 10:00:00,8.3,89.0,0.0,0.250371,1011.9,10.0,0.0,0.0
2022-05-28 11:00:00,7.8,86.0,2.0,0.252437,1010.4,10.0,0.0,0.0
2022-05-28 12:00:00,8.3,89.0,0.0,0.276912,1009.8,10.0,0.0,0.0
2022-05-28 13:00:00,8.3,89.0,0.0,0.301025,1009.8,10.0,0.0,0.3
2022-05-28 14:00:00,8.9,93.0,0.0,0.339695,1009.0,10.0,0.0,0.3
2022-05-28 15:00:00,10.0,93.0,0.0,0.368173,1008.2,11.1,0.0,0.0
2022-05-28 16:00:00,10.0,83.0,100.0,0.329316,1006.6,12.8,7.6,0.2
2022-05-28 17:00:00,10.7,81.0,3.0,0.329054,1005.6,13.9,7.6,0.0
2022-05-28 18:00:00,10.7,81.0,20.0,0.396703,1005.6,13.9,9.4,0.1
2022-05-28 19:00:00,11.7,93.0,150.0,0.404617,1004.9,12.8,9.4,1.3
2022-05-28 20:00:00,11.7,97.0,3.0,0.384487,1003.3,12.2,16.6,0.5
2022-05-28 21:00:00,12.2,93.0,110.0,0.348975,1002.4,13.3,14.8,2.5
2022-05-28 22:00:00,12.2,93.0,110.0,0.334346,1002.4,13.3,14.8,1.7
2022-05-28 23:00:00,12.2,80.0,130.0,0.333392,1001.4,15.6,16.6,0.5
2022-05-29 00:00:00,12.2,80.0,170.0,0.356473,1001.4,15.6,33.5,0.0
2022-05-29 01:00:00,8.9,77.0,180.0,0.389605,1003.0,12.8,22.3,0.0
2022-05-29 02:00:00,8.9,83.0,170.0,0.382468,1004.0,11.7,16.6,0.0
2022-05-29 03:00:00,8.9,83.0,170.0,0.384938,1004.0,11.7,16.6,0.0
2022-05-29 04:00:00,9.4,89.0,160.0,0.37165,1005.0,11.1,7.6,0.1
2022-05-29 05:00:00,9.4,92.0,160.0,0.344196,1005.9,10.6,5.4,0.0
2022-05-29 06:00:00,10.0,93.0,200.0,0.319664,1006.8,11.1,5.4,0.0
2022-05-29 07:00:00,10.0,96.0,250.0,0.287463,1009.7,10.6,9.4,0.5
2022-05-29 08:00:00,10.0,96.0,250.0,0.270886,1009.7,10.6,9.4,2.0
2022-05-29 09:00:00,9.4,96.0,250.0,0.266889,1011.0,10.0,13.0,1.3
2022-05-29 10:00:00,8.3,89.0,230.0,0.268034,1013.2,10.0,14.8,0.8
2022-05-29 11:00:00,7.8,90.0,230.0,0.276654,1014.0,9.4,14.8,0.4
2022-05-29 12:00:00,7.8,90.0,230.0,0.298986,1014.7,9.4,11.2,0.0
2022-05-29 13:00:00,7.8,90.0,230.0,0.329512,1015.5,9.4,11.2,0.0
2022-05-29 14:00:00,7.8,90.0,230.0,0.366118,1015.5,9.4,11.2,0.0
2022-05-29 15:00:00,7.8,80.0,230.0,0.365099,1016.9,11.1,13.0,0.0
2022-05-29 16:00:00,7.2,77.0,250.0,0.295714,1017.1,11.1,18.4,0.0
2022-05-29 17:00:00,7.3,69.0,7.0,0.276282,1017.5,12.8,18.4,0.0
2022-05-29 18:00:00,7.2,64.0,270.0,0.312062,1017.8,13.9,24.1,0.0
2022-05-29 19:00:00,7.2,64.0,250.0,0.295898,1017.8,13.9,25.9,0.0
2022-05-29 20:00:00,5.5,57.0,250.0,0.217352,1018.5,13.9,27.7,0.0
2022-05-29 21:00:00,5.0,59.0,300.0,0.213818,1018.7,12.8,20.5,0.0
2022-05-29 22:00:00,4.9,61.0,290.0,0.192429,1019.1,12.2,25.9,0.0
2022-05-29 23:00:00,5.5,57.0,5.0,0.245941,1019.3,13.9,25.9,0.0
2022-05-30 00:00:00,5.5,57.0,280.0,0.318149,1019.3,13.9,18.4,0.0
2022-05-30 01:00:00,6.6,74.0,250.0,0.382685,1019.9,11.1,11.2,0.0
2022-05-30 02:00:00,5.6,74.0,250.0,0.399516,1020.3,10.0,16.6,0.0
2022-05-30 03:00:00,6.1,80.0,240.0,0.404102,1020.6,9.4,13.0,0.0
2022-05-30 04:00:00,6.7,86.0,240.0,0.395812,1021.0,8.9,14.8,0.0
2022-05-30 05:00:00,6.7,86.0,240.0,0.36757,1021.0,8.9,14.8,0.0
2022-05-30 06:00:00,6.8,90.0,220.0,0.319113,1021.2,8.3,13.0,0.0
2022-05-30 07:00:00,6.1,86.0,230.0,0.299173,1021.2,8.3,14.8,0.0
2022-05-30 08:00:00,6.1,86.0,240.0,0.289732,1021.1,8.3,13.0,0.0
2022-05-30 09:00:00,6.1,86.0,240.0,0.277375,1021.1,8.3,13.0,0.0
2022-05-30 10:00:00,7.2,93.0,240.0,0.288374,1021.0,8.3,9.4,0.0
2022-05-30 11:00:00,6.8,90.0,230.0,0.296406,1020.8,8.3,7.6,0.0
2022-05-30 12:00:00,6.7,93.0,220.0,0.322299,1021.1,7.8,9.4,0.0
2022-05-30 13:00:00,6.7,86.0,220.0,0.359133,1021.5,8.9,11.2,0.0
2022-05-30 14:00:00,6.7,86.0,220.0,0.383524,1021.5,8.9,11.2,0.0
2022-05-30 15:00:00,7.2,83.0,240.0,0.402054,1022.1,10.0,9.4,0.0
2022-05-30 16:00:00,6.0,71.0,0.0,0.408712,1022.2,11.1,0.0,0.0
2022-05-30 17:00:00,6.6,66.0,2.0,0.299307,1021.8,12.8,0.0,0.0
2022-05-30 18:00:00,7.2,64.0,240.0,0.275131,1021.6,13.9,13.0,0.0
2022-05-30 19:00:00,7.2,64.0,240.0,0.205353,1021.6,13.9,13.0,0.0
2022-05-30 20:00:00,7.9,56.0,230.0,0.230092,1021.4,16.7,7.6,0.0
2022-05-30 21:00:00,7.7,69.0,320.0,0.245165,1021.6,13.3,14.8,0.0
2022-05-30 22:00:00,8.4,58.0,0.0,0.261102,1021.2,16.7,0.0,0.0
2022-05-30 23:00:00,7.3,56.0,330.0,0.291409,1021.3,16.1,16.6,0.0
2022-05-31 00:00:00,7.3,56.0,330.0,0.329551,1021.3,16.1,16.6,0.0
2022-05-31 01:00:00,7.3,60.0,300.0,0.370234,1021.1,15.0,9.4,0.1
2022-05-31 02:00:00,8.9,72.0,330.0,0.40511,1021.3,13.9,13.0,0.0
2022-05-31 03:00:00,8.3,74.0,320.0,0.416397,1021.5,12.8,9.4,0.0
2022-05-31 04:00:00,8.3,74.0,320.0,0.408435,1021.5,12.8,9.4,0.0
2022-05-31 05:00:00,7.8,83.0,0.0,0.354206,1022.0,10.6,0.0,0.0
2022-05-31 06:00:00,7.8,93.0,270.0,0.302679,1021.9,8.9,5.4,0.0
2022-05-31 07:00:00,6.7,93.0,280.0,0.281599,1022.0,7.8,7.6,0.0
2022-05-31 08:00:00,6.7,93.0,280.0,0.27548,1022.0,7.8,7.6,0.0
2022-05-31 09:00:00,6.7,93.0,280.0,0.2615,1022.0,7.8,7.6,0.0
2022-05-31 10:00:00,7.2,93.0,0.0,0.26705,1021.7,8.3,0.0,0.0
2022-05-31 11:00:00,7.9,97.0,0.0,0.28534,1021.7,8.3,0.0,0.0
2022-05-31 12:00:00,8.3,93.0,0.0,0.34461,1021.4,9.4,0.0,0.0
2022-05-31 13:00:00,8.3,93.0,0.0,0.403226,1021.4,9.4,0.0,0.0
2022-05-31 14:00:00,8.3,74.0,2.0,0.401259,1021.5,12.8,0.0,0.0
2022-05-31 15:00:00,9.0,70.0,360.0,0.331077,1021.1,14.4,7.6,0.0
2022-05-31 16:00:00,8.8,64.0,9.0,0.243084,1020.9,15.6,5.4,0.0
2022-05-31 17:00:00,10.1,63.0,2.0,0.210123,1020.3,17.2,5.4,0.0
2022-05-31 18:00:00,10.1,63.0,290.0,0.156403,1020.3,17.2,7.6,0.0
2022-05-31 19:00:00,10.7,57.0,290.0,0.132988,1019.3,19.4,9.4,0.0
2022-05-31 20:00:00,11.2,55.0,0.0,0.139929,1018.6,20.6,9.4,0.0
2022-05-31 21:00:00,11.8,50.0,0.0,0.141388,1017.9,22.8,7.6,0.0
2022-05-31 22:00:00,11.0,46.0,310.0,0.191164,1017.4,23.3,7.6,0.0
2022-05-31 23:00:00,11.0,46.0,308.0,0.255394,1017.4,23.3,7.6,0.0
2022-06-01 00:00:00,9.3,41.0,0.0,0.313203,1016.4,23.3,0.0,0.0
2022-06-01 01:00:00,9.8,41.0,360.0,0.376733,1015.9,23.9,7.6,0.0
2022-06-01 02:00:00,11.7,55.0,2.0,0.413091,1015.5,21.1,7.6,0.0
2022-06-01 03:00:00,11.7,55.0,240.0,0.400654,1015.6,21.1,14.8,0.0
2022-06-01 04:00:00,11.6,72.0,240.0,0.393766,1015.6,16.7,14.8,0.0
2022-06-01 05:00:00,11.2,81.0,2.0,0.34831,1016.1,14.4,7.6,0.0
2022-06-01 06:00:00,10.7,81.0,260.0,0.287555,1016.0,13.9,9.4,0.0
2022-06-01 07:00:00,10.7,81.0,290.0,0.249686,1015.7,13.9,5.4,0.0
2022-06-01 08:00:00,10.7,84.0,3.0,0.235364,1015.5,13.3,5.4,0.0
2022-06-01 09:00:00,10.7,84.0,280.0,0.232002,1015.5,13.3,9.4,0.0
2022-06-01 10:00:00,10.6,90.0,320.0,0.23264,1015.3,12.2,5.4,0.0
2022-06-01 11:00:00,9.9,86.0,0.0,0.247572,1015.3,12.2,5.4,0.0
2022-06-01 12:00:00,9.9,89.0,250.0,0.280562,1015.7,11.7,5.4,0.0
2022-06-01 13:00:00,10.7,87.0,0.0,0.327989,1015.7,12.8,0.0,0.0
2022-06-01 14:00:00,10.7,87.0,0.0,0.345437,1015.7,12.8,0.0,0.0
2022-06-01 15:00:00,11.8,81.0,220.0,0.316872,1016.1,15.0,5.4,0.0
2022-06-01 16:00:00,12.2,75.0,0.0,0.296226,1016.2,16.7,0.0,0.0
2022-06-01 17:00:00,12.7,70.0,0.0,0.252584,1016.1,18.3,5.4,0.0
2022-06-01 18:00:00,12.9,66.0,221.0,0.210863,1015.6,19.4,5.4,0.0
2022-06-01 19:00:00,12.9,66.0,210.0,0.221028,1015.6,19.4,5.4,0.0
2022-06-01 20:00:00,14.4,63.0,100.0,0.163525,1014.9,21.7,7.6,0.0
2022-06-01 21:00:00,14.4,63.0,100.0,0.155862,1014.9,21.7,7.6,0.0
2022-06-01 22:00:00,14.0,56.0,240.0,0.225555,1014.0,23.3,5.4,0.0
2022-06-01 23:00:00,14.0,56.0,240.0,0.271639,1014.0,23.3,5.4,0.0
2022-06-02 00:00:00,14.3,55.0,220.0,0.338844,1012.8,23.9,9.4,0.0
2022-06-02 01:00:00,15.1,64.0,210.0,0.403942,1012.8,22.2,14.8,0.0
2022-06-02 02:00:00,14.0,71.0,230.0,0.427482,1012.9,19.4,9.4,0.0
2022-06-02 03:00:00,12.2,75.0,230.0,0.406793,1013.5,16.7,9.4,0.0
2022-06-02 04:00:00,12.2,75.0,230.0,0.392955,1013.5,16.7,9.4,0.0
2022-06-02 05:00:00,11.2,78.0,240.0,0.34066,1013.9,15.0,13.0,0.0
2022-06-02 06:00:00,10.7,84.0,250.0,0.282845,1014.1,13.3,7.6,0.0
2022-06-02 07:00:00,10.7,84.0,250.0,0.253339,1014.1,13.3,7.6,0.0
2022-06-02 08:00:00,10.0,93.0,0.0,0.243328,1013.7,11.1,0.0,0.0
2022-06-02 09:00:00,10.0,93.0,0.0,0.232232,1013.7,11.1,0.0,0.0
2022-06-02 10:00:00,9.4,92.0,260.0,0.232461,1013.3,10.6,7.6,0.0
2022-06-02 11:00:00,9.4,92.0,2.0,0.248645,1013.0,10.6,7.6,0.0
2022-06-02 12:00:00,9.4,92.0,290.0,0.291384,1012.8,10.6,9.4,0.0
2022-06-02 13:00:00,10.0,93.0,200.0,0.331958,1012.6,11.1,5.4,0.0
2022-06-02 14:00:00,10.0,93.0,200.0,0.344575,1012.6,11.1,5.4,0.0
2022-06-02 15:00:00,11.8,78.0,0.0,0.310804,1012.3,15.6,0.0,0.0
2022-06-02 16:00:00,11.8,78.0,0.0,0.319922,1012.3,15.6,0.0,0.0
2022-06-02 17:00:00,12.2,75.0,0.0,0.306851,1011.6,16.7,0.0,0.0
2022-06-02 18:00:00,12.7,75.0,0.0,0.261543,1011.6,17.2,0.0,0.0
2022-06-02 19:00:00,13.9,68.0,0.0,0.247113,1010.5,20.0,0.0,0.0
2022-06-02 20:00:00,13.9,68.0,0.0,0.244147,1010.5,20.0,0.0,0.0
2022-06-02 21:00:00,14.9,61.0,180.0,0.276299,1009.5,22.8,9.4,0.0
2022-06-02 22:00:00,14.9,61.0,0.0,0.328859,1008.7,22.8,0.0,0.0
2022-06-02 23:00:00,14.9,61.0,0.0,0.327823,1008.7,22.8,0.0,0.0
2022-06-03 00:00:00,13.3,55.0,230.0,0.366471,1008.1,22.8,11.2,0.0
2022-06-03 01:00:00,13.3,61.0,240.0,0.384292,1008.3,21.1,14.8,0.0
2022-06-03 02:00:00,13.3,68.0,240.0,0.398597,1008.3,19.4,13.0,0.0
2022-06-03 03:00:00,12.3,70.0,230.0,0.390369,1008.1,17.8,13.0,0.0
2022-06-03 04:00:00,12.3,70.0,230.0,0.369552,1008.1,17.8,13.0,0.0
2022-06-03 05:00:00,10.6,72.0,230.0,0.333129,1008.4,15.6,13.0,0.0
2022-06-03 06:00:00,10.6,75.0,190.0,0.288552,1008.4,15.0,9.4,0.0
2022-06-03 07:00:00,10.6,75.0,210.0,0.249484,1008.7,15.0,16.6,0.0
2022-06-03 08:00:00,10.6,78.0,180.0,0.232592,1008.4,14.4,11.2,0.0
2022-06-03 09:00:00,10.6,78.0,180.0,0.232522,1008.4,14.4,11.2,0.0
2022-06-03 10:00:00,10.0,83.0,190.0,0.23282,1008.7,12.8,13.0,0.0
2022-06-03 11:00:00,10.0,83.0,190.0,0.23682,1008.7,12.8,13.0,0.0
2022-06-03 12:00:00,11.7,90.0,0.0,0.280362,1008.4,13.3,0.0,0.0
2022-06-03 13:00:00,12.3,90.0,150.0,0.329106,1008.3,13.9,5.4,0.0
2022-06-03 14:00:00,12.3,90.0,150.0,0.358542,1008.3,13.9,5.4,0.0
2022-06-03 15:00:00,12.9,87.0,220.0,0.349105,1008.8,15.0,5.4,0.0
2022-06-03 16:00:00,12.3,78.0,190.0,0.342222,1008.9,16.1,11.2,0.0
2022-06-03 17:00:00,12.3,78.0,190.0,0.356235,1008.9,16.1,11.2,0.0
2022-06-03 18:00:00,11.7,70.0,4.0,0.285201,1009.3,17.2,13.0,0.0
2022-06-03 19:00:00,11.2,75.0,260.0,0.302812,1009.8,15.6,13.0,0.0
2022-06-03 20:00:00,9.9,69.0,240.0,0.313611,1010.1,15.6,9.4,0.0
2022-06-03 21:00:00,10.6,70.0,240.0,0.315054,1010.4,16.1,9.4,0.0
2022-06-03 22:00:00,11.8,78.0,240.0,0.328522,1010.8,15.6,11.2,0.0
2022-06-03 23:00:00,11.8,78.0,240.0,0.351269,1010.8,15.6,11.2,0.1
2022-06-04 00:00:00,12.3,87.0,180.0,0.371503,1011.0,14.4,13.0,0.3
2022-06-04 01:00:00,11.7,90.0,160.0,0.378328,1011.0,13.3,14.8,0.3
2022-06-04 02:00:00,11.7,90.0,160.0,0.372088,1010.8,13.3,14.8,0.8
2022-06-04 03:00:00,11.7,93.0,160.0,0.371585,1010.7,12.8,13.0,0.3
2022-06-04 04:00:00,11.7,93.0,160.0,0.359445,1010.7,12.8,13.0,0.0
2022-06-04 05:00:00,11.1,93.0,190.0,0.316869,1010.6,12.2,5.4,0.0
2022-06-04 06:00:00,11.1,93.0,0.0,0.29037,1010.4,12.2,0.0,0.0
2022-06-04 07:00:00,11.1,93.0,0.0,0.255824,1010.0,12.2,0.0,0.0
2022-06-04 08:00:00,11.1,93.0,0.0,0.240772,1009.9,12.2,0.0,0.0
2022-06-04 09:00:00,11.1,93.0,0.0,0.237218,1009.9,12.2,0.0,0.1
2022-06-04 10:00:00,11.7,97.0,0.0,0.232345,1009.2,12.2,0.0,0.3
2022-06-04 11:00:00,11.7,97.0,0.0,0.235251,1009.0,12.2,0.0,0.0
2022-06-04 12:00:00,11.7,97.0,110.0,0.265727,1009.0,12.2,5.4,0.3
2022-06-04 13:00:00,11.7,97.0,110.0,0.294963,1009.0,12.2,5.4,0.8
2022-06-04 14:00:00,11.7,93.0,100.0,0.338361,1008.4,12.8,7.6,0.8
2022-06-04 15:00:00,11.7,93.0,90.0,0.358391,1008.4,12.8,7.6,0.5
2022-06-04 16:00:00,12.2,93.0,140.0,0.35009,1008.2,13.3,7.6,0.5
2022-06-04 17:00:00,12.3,87.0,130.0,0.388842,1007.8,14.4,5.4,0.3
2022-06-04 18:00:00,13.9,93.0,3.0,0.366213,1008.0,15.0,7.6,0.2
2022-06-04 19:00:00,14.0,90.0,150.0,0.374627,1006.9,15.6,14.8,1.3
2022-06-04 20:00:00,14.0,90.0,150.0,0.365432,1006.9,15.6,14.8,0.3
2022-06-04 21:00:00,14.0,90.0,150.0,0.343483,1006.7,15.6,9.4,0.3
2022-06-04 22:00:00,14.0,84.0,150.0,0.349017,1006.3,16.7,16.6,0.0
2022-06-04 23:00:00,15.1,90.0,0.0,0.378018,1005.3,16.7,0.0,0.2
2022-06-05 00:00:00,15.1,90.0,0.0,0.391174,1005.3,16.7,0.0,1.1
2022-06-05 01:00:00,15.0,96.0,130.0,0.377996,1005.4,15.6,7.6,2.3
2022-06-05 02:00:00,14.5,93.0,140.0,0.379058,1004.1,15.6,13.0,0.3
2022-06-05 03:00:00,13.9,93.0,140.0,0.375178,1003.7,15.0,11.2,3.7
2022-06-05 04:00:00,13.9,93.0,140.0,0.357558,1003.7,15.0,11.2,0.5
2022-06-05 05:00:00,13.9,93.0,150.0,0.326013,1003.9,15.0,7.6,0.5
2022-06-05 06:00:00,13.9,93.0,150.0,0.294955,1003.2,15.0,7.6,0.0
2022-06-05 07:00:00,13.9,93.0,160.0,0.267538,1003.2,15.0,22.3,1.3
2022-06-05 08:00:00,14.4,96.0,140.0,0.252539,1003.5,15.0,11.2,1.5
2022-06-05 09:00:00,14.4,96.0,150.0,0.234431,1003.7,15.0,14.8,0.3
2022-06-05 10:00:00,13.9,93.0,190.0,0.232823,1003.8,15.0,20.5,0.0
2022-06-05 11:00:00,13.3,93.0,5.0,0.236182,1004.1,14.4,20.5,0.0
2022-06-05 12:00:00,13.3,93.0,180.0,0.255798,1004.1,14.4,16.6,0.0
2022-06-05 13:00:00,13.9,93.0,210.0,0.282506,1004.7,15.0,14.8,0.0
2022-06-05 14:00:00,13.3,93.0,210.0,0.307097,1005.9,14.4,11.2,0.0
2022-06-05 15:00:00,13.4,90.0,230.0,0.332154,1006.4,15.0,11.2,0.3
2022-06-05 16:00:00,14.0,84.0,220.0,0.313411,1006.6,16.7,18.4,0.4
2022-06-05 17:00:00,14.0,84.0,220.0,0.286727,1006.6,16.7,18.4,0.0
2022-06-05 18:00:00,12.7,75.0,250.0,0.285975,1008.0,17.2,16.6,0.0
2022-06-05 19:00:00,12.9,73.0,230.0,0.348667,1008.5,17.8,14.8,0.0
2022-06-05 20:00:00,13.2,80.0,260.0,0.281913,1009.3,16.7,20.5,0.3
2022-06-05 21:00:00,13.3,68.0,260.0,0.235341,1009.4,19.4,13.0,0.8
2022-06-05 22:00:00,11.7,70.0,270.0,0.309768,1010.0,17.2,20.5,0.0
2022-06-05 23:00:00,11.7,70.0,270.0,0.354945,1010.0,17.2,20.5,2.0
2022-06-06 00:00:00,13.2,80.0,240.0,0.393207,1010.8,16.7,13.0,0.7
2022-06-06 01:00:00,12.2,80.0,220.0,0.399101,1011.5,15.6,14.8,0.4
2022-06-06 02:00:00,11.2,81.0,240.0,0.418007,1012.4,14.4,14.8,0.3
2022-06-06 03:00:00,11.2,81.0,240.0,0.416208,1012.4,14.4,14.8,0.0
2022-06-06 04:00:00,11.0,89.0,220.0,0.388455,1014.3,12.8,7.6,0.0
2022-06-06 05:00:00,11.1,93.0,220.0,0.33736,1015.2,12.2,9.4,0.0
2022-06-06 06:00:00,11.1,93.0,210.0,0.287357,1015.9,12.2,7.6,0.0
2022-06-06 07:00:00,10.6,90.0,220.0,0.264997,1016.2,12.2,9.4,0.0
2022-06-06 08:00:00,10.6,90.0,0.0,0.251797,1016.6,12.2,9.4,0.0
2022-06-06 09:00:00,11.1,93.0,0.0,0.241342,1016.9,12.2,0.0,0.0
2022-06-06 10:00:00,11.1,93.0,0.0,0.241938,1016.9,12.2,0.0,0.0
2022-06-06 11:00:00,11.1,96.0,0.0,0.258102,1017.5,11.7,0.0,0.3
2022-06-06 12:00:00,11.1,96.0,0.0,0.312432,1017.5,11.7,0.0,0.8
2022-06-06 13:00:00,11.1,96.0,0.0,0.359144,1018.1,11.7,0.0,0.5
2022-06-06 14:00:00,11.7,93.0,2.0,0.387428,1018.9,12.8,5.4,0.3
2022-06-06 15:00:00,11.7,93.0,250.0,0.357904,1020.0,12.8,7.6,0.0
2022-06-06 16:00:00,11.2,81.0,230.0,0.346142,1020.5,14.4,5.4,0.0
2022-06-06 17:00:00,10.6,72.0,230.0,0.290365,1020.4,15.6,5.4,0.0
2022-06-06 18:00:00,10.6,72.0,150.0,0.30045,1020.4,15.6,5.4,0.0
2022-06-06 19:00:00,11.2,75.0,150.0,0.296598,1020.6,15.6,9.4,0.0
2022-06-06 20:00:00,10.6,65.0,250.0,0.231142,1020.8,17.2,11.2,0.0
2022-06-06 21:00:00,8.9,56.0,0.0,0.300279,1021.0,17.8,0.0,0.0
2022-06-06 22:00:00,8.9,56.0,0.0,0.31047,1021.0,17.8,0.0,0.0
2022-06-06 23:00:00,9.5,65.0,300.0,0.315669,1021.0,16.1,18.4,0.0
2022-06-07 00:00:00,9.4,62.0,300.0,0.337356,1020.8,16.7,9.4,0.0
2022-06-07 01:00:00,8.9,58.0,330.0,0.357471,1020.4,17.2,13.0,0.0
2022-06-07 02:00:00,10.0,67.0,350.0,0.386316,1020.2,16.1,9.4,0.0
2022-06-07 03:00:00,10.0,67.0,350.0,0.397239,1020.2,16.1,9.4,0.0
2022-06-07 04:00:00,8.3,74.0,340.0,0.38993,1020.0,12.8,9.4,0.0
2022-06-07 05:00:00,9.4,86.0,340.0,0.350232,1020.0,11.7,9.4,0.0
2022-06-07 06:00:00,8.9,89.0,320.0,0.291411,1020.3,10.6,5.4,0.0
2022-06-07 07:00:00,8.9,89.0,320.0,0.268753,1020.3,10.6,5.4,0.0
2022-06-07 08:00:00,6.7,93.0,0.0,0.254992,1019.1,7.8,0.0,0.0
2022-06-07 09:00:00,6.7,93.0,0.0,0.24997,1018.8,7.8,0.0,0.0
2022-06-07 10:00:00,6.8,97.0,0.0,0.249882,1018.2,7.2,0.0,0.0
2022-06-07 11:00:00,6.8,97.0,0.0,0.273984,1017.4,7.2,0.0,0.0
2022-06-07 12:00:00,6.8,97.0,350.0,0.333201,1016.6,7.2,11.2,0.0
2022-06-07 13:00:00,7.8,90.0,0.0,0.38863,1016.7,9.4,0.0,0.0
2022-06-07 14:00:00,7.8,90.0,0.0,0.375448,1016.7,9.4,0.0,0.0
2022-06-07 15:00:00,9.3,74.0,330.0,0.311082,1015.7,13.9,7.6,0.0
2022-06-07 16:00:00,10.6,70.0,330.0,0.236829,1015.0,16.1,7.6,0.0
2022-06-07 17:00:00,10.6,70.0,100.0,0.194186,1015.0,16.1,7.6,0.0
2022-06-07 18:00:00,10.7,59.0,100.0,0.168371,1013.4,18.9,5.4,0.0
2022-06-07 19:00:00,10.7,53.0,0.0,0.216747,1013.2,20.6,0.0,0.0
2022-06-07 20:00:00,9.5,49.0,0.0,0.287333,1013.0,20.6,0.0,0.0
2022-06-07 21:00:00,10.6,51.0,0.0,0.310759,1012.9,21.1,0.0,0.0
2022-06-07 22:00:00,10.6,51.0,0.0,0.309575,1012.9,21.1,0.0,0.0
2022-06-07 23:00:00,13.3,68.0,3.0,0.362131,1013.7,19.4,7.6,0.0
2022-06-08 00:00:00,13.3,68.0,190.0,0.374386,1013.4,19.4,9.4,0.0
2022-06-08 01:00:00,13.3,70.0,190.0,0.407423,1013.8,18.9,13.0,0.0
2022-06-08 02:00:00,12.3,68.0,190.0,0.403077,1014.1,18.3,11.2,0.0
2022-06-08 03:00:00,12.3,68.0,180.0,0.386521,1014.1,18.3,11.2,0.0
2022-06-08 04:00:00,10.0,67.0,210.0,0.369271,1014.5,16.1,5.4,0.0
2022-06-08 05:00:00,11.2,75.0,2.0,0.330874,1014.9,15.6,5.4,0.0
2022-06-08 06:00:00,10.0,72.0,190.0,0.276723,1015.3,15.0,7.6,0.0
2022-06-08 07:00:00,10.0,72.0,190.0,0.255314,1015.3,15.0,7.6,0.0
2022-06-08 08:00:00,9.4,77.0,200.0,0.243196,1015.5,13.3,0.0,0.0
2022-06-08 09:00:00,9.4,80.0,190.0,0.233244,1015.7,12.8,9.4,0.0
2022-06-08 10:00:00,9.4,80.0,190.0,0.246043,1015.7,12.8,9.4,0.0
2022-06-08 11:00:00,8.9,80.0,2.0,0.25218,1016.0,12.2,9.4,0.0
2022-06-08 12:00:00,8.9,80.0,140.0,0.303053,1016.0,12.2,7.6,0.0
2022-06-08 13:00:00,10.7,84.0,180.0,0.336423,1016.8,13.3,5.4,0.0
2022-06-08 14:00:00,11.2,81.0,0.0,0.350284,1017.1,14.4,0.0,0.0
2022-06-08 15:00:00,11.2,75.0,220.0,0.295248,1017.4,15.6,11.2,0.0
2022-06-08 16:00:00,10.6,65.0,200.0,0.22876,1017.2,17.2,14.8,0.0
2022-06-08 17:00:00,10.6,65.0,200.0,0.216003,1017.2,17.2,14.8,0.0
2022-06-08 18:00:00,8.8,54.0,200.0,0.174379,1017.1,18.3,9.4,0.0
2022-06-08 19:00:00,8.4,49.0,200.0,0.193936,1016.8,19.4,9.4,0.0
2022-06-08 20:00:00,8.3,45.0,4.0,0.171207,1016.4,20.6,9.4,0.0
2022-06-08 21:00:00,8.3,45.0,180.0,0.222147,1016.4,20.6,13.0,0.0
2022-06-08 22:00:00,10.0,49.0,210.0,0.287664,1015.7,21.1,9.4,0.0
2022-06-08 23:00:00,11.0,49.0,3.0,0.286108,1015.2,22.2,9.4,0.0
2022-06-09 00:00:00,10.5,49.0,240.0,0.303841,1014.6,21.7,9.4,0.0
2022-06-09 01:00:00,11.1,53.0,220.0,0.37312,1014.4,21.1,11.2,0.0
2022-06-09 02:00:00,9.9,56.0,220.0,0.406684,1014.7,18.9,14.8,0.0
2022-06-09 03:00:00,8.8,64.0,220.0,0.412669,1014.8,15.6,14.8,0.0
2022-06-09 04:00:00,8.8,64.0,220.0,0.387377,1014.8,15.6,14.8,0.0
2022-06-09 05:00:00,7.7,69.0,4.0,0.340209,1015.5,13.3,13.0,0.0
2022-06-09 06:00:00,8.3,69.0,250.0,0.290903,1015.6,13.9,7.6,0.0
2022-06-09 07:00:00,8.3,69.0,250.0,0.258337,1015.6,13.9,7.6,0.0
2022-06-09 08:00:00,8.4,80.0,240.0,0.233841,1014.6,11.7,0.0,0.0
2022-06-09 09:00:00,7.8,77.0,260.0,0.233149,1014.8,11.7,5.4,0.0
2022-06-09 10:00:00,8.4,86.0,260.0,0.232645,1015.0,10.6,9.4,0.0
2022-06-09 11:00:00,8.8,86.0,0.0,0.250336,1014.4,11.1,0.0,0.0
2022-06-09 12:00:00,8.8,86.0,0.0,0.298949,1014.4,11.1,0.0,0.0
2022-06-09 13:00:00,9.4,80.0,0.0,0.336886,1014.9,12.8,0.0,0.0
2022-06-09 14:00:00,9.3,74.0,220.0,0.370323,1015.1,13.9,7.6,0.0
2022-06-09 15:00:00,9.9,77.0,120.0,0.371609,1014.8,13.9,7.6,0.0
2022-06-09 16:00:00,10.0,75.0,130.0,0.368808,1014.5,14.4,7.6,0.0
2022-06-09 17:00:00,10.0,75.0,130.0,0.359081,1014.5,14.4,7.6,0.0
2022-06-09 18:00:00,10.0,67.0,0.0,0.38203,1013.8,16.1,0.0,0.0
2022-06-09 19:00:00,10.0,67.0,0.0,0.369941,1013.8,16.1,0.0,0.0
2022-06-09 20:00:00,9.4,56.0,0.0,0.272203,1012.9,18.3,5.4,0.3
2022-06-09 21:00:00,12.3,55.0,210.0,0.188669,1012.1,21.7,13.0,0.0
2022-06-09 22:00:00,12.3,55.0,210.0,0.337613,1012.1,21.7,13.0,0.0
2022-06-09 23:00:00,13.3,61.0,3.0,0.346231,1010.6,21.1,13.0,0.0
2022-06-10 00:00:00,15.7,79.0,240.0,0.367686,1009.8,19.4,7.6,0.0
2022-06-10 01:00:00,15.7,79.0,240.0,0.385665,1009.8,19.4,7.6,0.5
2022-06-10 02:00:00,15.6,93.0,250.0,0.39006,1013.0,16.7,13.0,0.2
2022-06-10 03:00:00,15.6,93.0,220.0,0.375926,1012.7,16.7,11.2,2.0
2022-06-10 04:00:00,15.0,93.0,230.0,0.366343,1013.1,16.1,7.6,0.3
2022-06-10 05:00:00,15.0,96.0,2.0,0.327186,1013.7,15.6,7.6,0.3
2022-06-10 06:00:00,15.0,96.0,140.0,0.280803,1013.7,15.6,5.4,0.5
2022-06-10 07:00:00,15.0,96.0,190.0,0.25243,1013.9,15.6,5.4,0.0
2022-06-10 08:00:00,15.0,96.0,200.0,0.234585,1013.7,15.6,5.4,0.5
2022-06-10 09:00:00,14.4,96.0,230.0,0.232241,1013.9,15.0,5.4,1.0
2022-06-10 10:00:00,14.4,96.0,230.0,0.235893,1013.9,15.0,5.4,2.3
2022-06-10 11:00:00,15.0,100.0,210.0,0.245988,1014.1,15.0,5.4,2.5
2022-06-10 12:00:00,15.0,100.0,0.0,0.28432,1014.0,15.0,0.0,0.3
2022-06-10 13:00:00,15.0,100.0,220.0,0.309069,1014.9,15.0,7.6,0.3
2022-06-10 14:00:00,15.6,93.0,210.0,0.332924,1014.8,16.7,9.4,0.0
2022-06-10 15:00:00,15.6,93.0,210.0,0.309029,1014.8,16.7,9.4,0.0
2022-06-10 16:00:00,16.1,87.0,240.0,0.294011,1015.0,18.3,11.2,0.0
2022-06-10 17:00:00,16.1,81.0,200.0,0.287752,1014.3,19.4,14.8,0.0
2022-06-10 18:00:00,15.0,78.0,210.0,0.331484,1014.6,18.9,14.8,0.0
2022-06-10 19:00:00,16.6,90.0,190.0,0.348541,1014.7,18.3,5.4,0.0
2022-06-10 20:00:00,16.6,90.0,190.0,0.355413,1014.7,18.3,5.4,0.8
2022-06-10 21:00:00,15.1,90.0,3.0,0.353681,1014.9,16.7,14.8,0.8
2022-06-10 22:00:00,14.0,90.0,270.0,0.333863,1014.9,15.6,9.4,1.5
2022-06-10 23:00:00,14.0,90.0,2.0,0.368675,1014.7,15.6,9.4,1.0
2022-06-11 00:00:00,14.0,90.0,280.0,0.376807,1014.7,15.6,5.4,1.5
2022-06-11 01:00:00,13.9,97.0,0.0,0.378397,1014.8,14.4,0.0,2.3
2022-06-11 02:00:00,13.3,96.0,150.0,0.36779,1015.0,13.9,7.6,0.7
2022-06-11 03:00:00,13.3,96.0,140.0,0.375053,1014.2,13.9,5.4,3.0
2022-06-11 04:00:00,13.3,96.0,140.0,0.348488,1014.2,13.9,5.4,5.3
2022-06-11 05:00:00,13.3,96.0,100.0,0.328762,1014.0,13.9,5.4,2.8
2022-06-11 06:00:00,13.3,96.0,0.0,0.308481,1014.0,13.9,5.4,4.3
2022-06-11 07:00:00,13.9,100.0,0.0,0.273834,1013.4,13.9,0.0,1.5
2022-06-11 08:00:00,13.9,100.0,0.0,0.25139,1013.4,13.9,0.0,0.3
2022-06-11 09:00:00,13.9,100.0,0.0,0.235176,1013.4,13.9,0.0,0.2
2022-06-11 10:00:00,13.3,96.0,240.0,0.233701,1013.5,13.9,5.4,0.0
2022-06-11 11:00:00,13.3,96.0,0.0,0.237484,1013.1,13.9,0.0,0.0
2022-06-11 12:00:00,13.9,100.0,270.0,0.259718,1013.7,13.9,5.4,0.2
2022-06-11 13:00:00,13.9,100.0,270.0,0.274678,1013.7,13.9,5.4,0.0
2022-06-11 14:00:00,13.9,100.0,280.0,0.313189,1013.7,13.9,5.4,0.0
2022-06-11 15:00:00,13.9,93.0,210.0,0.347563,1014.0,15.0,5.4,0.0
2022-06-11 16:00:00,13.9,93.0,210.0,0.351315,1014.0,15.0,5.4,0.0
2022-06-11 17:00:00,13.9,87.0,220.0,0.351001,1014.0,16.1,7.6,0.0
2022-06-11 18:00:00,14.3,86.0,220.0,0.343523,1014.0,16.7,7.6,0.0
2022-06-11 19:00:00,14.5,84.0,220.0,0.310591,1013.7,17.2,7.6,0.1
2022-06-11 20:00:00,15.0,78.0,220.0,0.256224,1013.7,18.9,14.8,0.0
2022-06-11 21:00:00,15.0,78.0,220.0,0.303533,1013.7,18.9,14.8,0.0
2022-06-11 22:00:00,14.4,73.0,230.0,0.283336,1013.3,19.4,9.4,0.0
2022-06-11 23:00:00,14.5,68.0,230.0,0.291974,1013.2,20.6,16.6,0.0
2022-06-12 00:00:00,13.4,73.0,260.0,0.319638,1013.2,18.3,5.4,0.0
2022-06-12 01:00:00,12.3,70.0,230.0,0.356274,1013.0,17.8,11.2,0.0
2022-06-12 02:00:00,12.3,70.0,230.0,0.355294,1013.0,17.8,11.2,0.0
2022-06-12 03:00:00,11.2,75.0,240.0,0.358435,1013.0,15.6,7.6,0.0
2022-06-12 04:00:00,10.7,81.0,250.0,0.350185,1013.2,13.9,11.2,0.0
2022-06-12 05:00:00,9.9,80.0,0.0,0.318917,1013.4,13.3,0.0,0.0
2022-06-12 06:00:00,9.9,80.0,0.0,0.297606,1013.4,13.3,0.0,0.0
2022-06-12 07:00:00,10.6,93.0,310.0,0.258812,1012.5,11.7,5.4,0.0
2022-06-12 08:00:00,10.6,93.0,2.0,0.244431,1012.1,11.7,5.4,0.0
2022-06-12 09:00:00,9.9,89.0,330.0,0.23166,1011.8,11.7,5.4,0.0
2022-06-12 10:00:00,9.9,89.0,330.0,0.232669,1011.8,11.7,5.4,0.0
2022-06-12 11:00:00,9.4,86.0,320.0,0.232594,1011.4,11.7,5.4,0.0
2022-06-12 12:00:00,8.8,86.0,320.0,0.253609,1010.8,11.1,7.6,0.0
2022-06-12 13:00:00,9.4,89.0,330.0,0.278833,1010.4,11.1,9.4,0.0
2022-06-12 14:00:00,10.0,93.0,350.0,0.321425,1010.1,11.1,9.4,0.3
2022-06-12 15:00:00,9.9,89.0,350.0,0.355952,1009.7,11.7,7.6,1.0
2022-06-12 16:00:00,9.9,89.0,350.0,0.384392,1009.7,11.7,7.6,0.3
2022-06-12 17:00:00,10.6,93.0,200.0,0.387066,1010.0,11.7,9.4,0.4
2022-06-12 18:00:00,11.0,89.0,230.0,0.351974,1010.3,12.8,5.4,1.5
2022-06-12 19:00:00,11.0,89.0,230.0,0.346107,1010.3,12.8,5.4,0.5
2022-06-12 20:00:00,9.4,83.0,240.0,0.347504,1011.0,12.2,20.5,0.5
2022-06-12 21:00:00,9.4,80.0,6.0,0.274848,1011.3,12.8,16.6,0.3
2022-06-12 22:00:00,7.7,69.0,310.0,0.291433,1012.2,13.3,14.8,0.0
2022-06-12 23:00:00,6.6,64.0,310.0,0.300317,1013.2,13.3,14.8,0.0
2022-06-13 00:00:00,7.2,64.0,270.0,0.3086,1013.6,13.9,20.5,0.0
2022-06-13 01:00:00,7.2,64.0,270.0,0.38254,1013.6,13.9,20.5,0.0
2022-06-13 02:00:00,7.2,77.0,260.0,0.413555,1015.1,11.1,16.6,0.0
2022-06-13 03:00:00,7.3,80.0,250.0,0.425158,1015.7,10.6,11.2,0.0
2022-06-13 04:00:00,6.7,86.0,240.0,0.407587,1016.4,8.9,13.0,0.0
2022-06-13 05:00:00,7.8,86.0,240.0,0.360636,1017.1,10.0,14.8,0.0
2022-06-13 06:00:00,7.8,86.0,240.0,0.319579,1017.1,10.0,14.8,0.0
2022-06-13 07:00:00,7.8,86.0,230.0,0.28753,1017.7,10.0,13.0,0.0
2022-06-13 08:00:00,7.8,90.0,230.0,0.269309,1017.9,9.4,14.8,0.0
2022-06-13 09:00:00,7.2,89.0,230.0,0.267123,1018.1,8.9,14.8,0.0
2022-06-13 10:00:00,6.8,90.0,240.0,0.26702,1018.5,8.3,14.8,0.0
2022-06-13 11:00:00,6.8,90.0,240.0,0.300002,1018.5,8.3,14.8,0.0
2022-06-13 12:00:00,6.7,93.0,250.0,0.36133,1019.3,7.8,14.8,0.0
2022-06-13 13:00:00,7.2,86.0,230.0,0.403978,1019.8,9.4,13.0,0.0
2022-06-13 14:00:00,7.2,83.0,240.0,0.407367,1020.6,10.0,11.2,0.0
2022-06-13 15:00:00,7.8,80.0,230.0,0.379519,1021.0,11.1,18.4,0.0
2022-06-13 16:00:00,7.8,80.0,230.0,0.392126,1021.0,11.1,18.4,0.0
2022-06-13 17:00:00,7.9,75.0,200.0,0.394296,1021.6,12.2,18.4,0.0
2022-06-13 18:00:00,8.4,80.0,180.0,0.400374,1022.2,11.7,13.0,0.0
2022-06-13 19:00:00,8.9,77.0,210.0,0.387358,1022.5,12.8,11.2,0.0
2022-06-13 20:00:00,8.9,77.0,210.0,0.331078,1022.5,12.8,11.2,0.0
2022-06-13 21:00:00,9.0,70.0,250.0,0.347569,1022.7,14.4,18.4,0.0
2022-06-13 22:00:00,7.2,64.0,250.0,0.310162,1023.2,13.9,18.4,0.0
2022-06-13 23:00:00,7.9,67.0,230.0,0.382318,1023.4,13.9,22.3,0.0
2022-06-14 00:00:00,8.3,69.0,260.0,0.309551,1023.6,13.9,13.0,0.0
2022-06-14 01:00:00,8.3,69.0,260.0,0.401708,1023.6,13.9,13.0,0.0
2022-06-14 02:00:00,8.3,77.0,240.0,0.426715,1024.2,12.2,13.0,0.0
2022-06-14 03:00:00,7.2,74.0,250.0,0.41627,1024.1,11.7,13.0,0.0
2022-06-14 04:00:00,7.8,83.0,250.0,0.408334,1024.2,10.6,5.4,0.0
2022-06-14 05:00:00,8.3,89.0,240.0,0.363103,1024.2,10.0,9.4,0.0
2022-06-14 06:00:00,8.3,89.0,240.0,0.316148,1024.2,10.0,9.4,0.0
2022-06-14 07:00:00,8.4,86.0,240.0,0.286853,1024.0,10.6,13.0,0.0
2022-06-14 08:00:00,8.3,89.0,230.0,0.268246,1024.0,10.0,11.2,0.0
2022-06-14 09:00:00,8.9,93.0,210.0,0.263966,1023.4,10.0,11.2,0.0
2022-06-14 10:00:00,8.9,97.0,230.0,0.273413,1023.2,9.4,13.0,0.0
2022-06-14 11:00:00,8.9,97.0,230.0,0.291077,1023.2,9.4,13.0,0.0
2022-06-14 12:00:00,8.9,93.0,200.0,0.346061,1023.3,10.0,7.6,0.4
2022-06-14 13:00:00,8.9,93.0,230.0,0.384783,1023.5,10.0,9.4,0.3
2022-06-14 14:00:00,9.4,89.0,250.0,0.417114,1023.9,11.1,11.2,0.0
2022-06-14 15:00:00,9.4,89.0,250.0,0.37339,1023.9,11.1,11.2,0.0
2022-06-14 16:00:00,8.3,74.0,290.0,0.316198,1024.2,12.8,9.4,0.0
2022-06-14 17:00:00,8.9,72.0,0.0,0.338275,1024.3,13.9,0.0,0.0
2022-06-14 18:00:00,7.3,60.0,340.0,0.236118,1024.2,15.0,9.4,0.1
2022-06-14 19:00:00,7.1,57.0,340.0,0.258501,1024.2,15.6,5.4,0.0
2022-06-14 20:00:00,7.1,57.0,302.0,0.216002,1024.2,15.6,5.4,0.0
2022-06-14 21:00:00,6.7,50.0,300.0,0.237337,1024.0,17.2,7.6,0.0
2022-06-14 22:00:00,7.3,52.0,340.0,0.229127,1023.6,17.2,5.4,0.0
2022-06-14 23:00:00,6.7,50.0,3.0,0.208799,1023.3,17.2,5.4,0.0
2022-06-15 00:00:00,7.8,54.0,240.0,0.268069,1022.7,17.2,7.6,0.0
2022-06-15 01:00:00,7.8,54.0,240.0,0.368708,1022.7,17.2,7.6,0.0
2022-06-15 02:00:00,7.8,54.0,340.0,0.394295,1022.0,17.2,9.4,0.0
2022-06-15 03:00:00,8.3,69.0,340.0,0.390388,1021.7,13.9,11.2,0.0
2022-06-15 04:00:00,7.9,72.0,360.0,0.387229,1021.8,12.8,9.4,0.0
2022-06-15 05:00:00,7.2,74.0,3.0,0.352415,1021.6,11.7,9.4,0.0
2022-06-15 06:00:00,7.2,74.0,340.0,0.298777,1021.6,11.7,9.4,0.0
2022-06-15 07:00:00,7.2,83.0,330.0,0.258934,1020.6,10.0,7.6,0.0
2022-06-15 08:00:00,7.8,86.0,340.0,0.249331,1020.0,10.0,9.4,0.0
2022-06-15 09:00:00,7.8,90.0,350.0,0.245893,1019.1,9.4,7.6,0.0
2022-06-15 10:00:00,7.8,90.0,350.0,0.250028,1019.1,9.4,7.6,0.0
2022-06-15 11:00:00,7.2,89.0,330.0,0.268339,1018.1,8.9,5.4,0.0
2022-06-15 12:00:00,7.2,89.0,350.0,0.321062,1017.2,8.9,5.4,0.0
2022-06-15 13:00:00,7.8,90.0,0.0,0.365437,1016.7,9.4,0.0,0.0
2022-06-15 14:00:00,7.9,75.0,340.0,0.367814,1016.2,12.2,9.4,0.0
2022-06-15 15:00:00,7.9,75.0,340.0,0.352749,1016.2,12.2,9.4,0.0
2022-06-15 16:00:00,8.3,74.0,260.0,0.366401,1015.8,12.8,7.6,0.0
2022-06-15 17:00:00,8.9,72.0,260.0,0.365374,1014.7,13.9,5.4,0.0
2022-06-15 18:00:00,9.5,67.0,80.0,0.288374,1014.4,15.6,9.4,0.0
2022-06-15 19:00:00,8.8,54.0,0.0,0.179047,1014.1,18.3,0.0,0.0
2022-06-15 20:00:00,8.8,54.0,0.0,0.232454,1014.1,18.3,0.0,0.0
2022-06-15 21:00:00,9.4,58.0,32.0,0.257471,1013.5,17.8,5.4,0.0
2022-06-15 22:00:00,9.9,56.0,0.0,0.235183,1012.3,18.9,0.0,0.0
2022-06-15 23:00:00,9.4,54.0,3.0,0.28482,1012.4,18.9,0.0,0.0
2022-06-16 00:00:00,11.1,63.0,240.0,0.314163,1012.4,18.3,13.0,0.0
2022-06-16 01:00:00,11.1,63.0,240.0,0.379752,1012.4,18.3,13.0,0.0
2022-06-16 02:00:00,9.4,58.0,240.0,0.370554,1012.4,17.8,14.8,0.0
2022-06-16 03:00:00,9.4,72.0,220.0,0.39119,1012.8,14.4,7.6,0.0
2022-06-16 04:00:00,8.4,72.0,0.0,0.38782,1012.8,13.3,0.0,0.0
2022-06-16 05:00:00,8.4,72.0,0.0,0.330048,1012.8,13.3,0.0,0.0
2022-06-16 06:00:00,8.9,77.0,230.0,0.283211,1013.2,12.8,9.4,0.0
2022-06-16 07:00:00,9.4,80.0,200.0,0.257867,1012.8,12.8,9.4,0.0
2022-06-16 08:00:00,9.4,83.0,180.0,0.23687,1012.7,12.2,9.4,0.0
2022-06-16 09:00:00,9.4,80.0,0.0,0.233129,1012.6,12.8,0.0,0.0
2022-06-16 10:00:00,9.4,80.0,0.0,0.232379,1012.6,12.8,0.0,0.0
2022-06-16 11:00:00,9.4,86.0,160.0,0.254879,1012.6,11.7,7.6,0.0
2022-06-16 12:00:00,9.9,86.0,150.0,0.301451,1012.7,12.2,7.6,0.0
2022-06-16 13:00:00,10.0,83.0,0.0,0.338841,1013.0,12.8,0.0,0.0
2022-06-16 14:00:00,10.6,78.0,220.0,0.361627,1013.1,14.4,11.2,0.0
2022-06-16 15:00:00,10.6,78.0,220.0,0.333331,1013.1,14.4,11.2,0.0
2022-06-16 16:00:00,10.6,75.0,300.0,0.297899,1013.5,15.0,9.4,0.0
2022-06-16 17:00:00,10.0,67.0,300.0,0.283917,1013.4,16.1,5.4,0.0
2022-06-16 18:00:00,10.0,67.0,260.0,0.286576,1013.4,16.1,5.4,0.0
2022-06-16 19:00:00,9.5,65.0,260.0,0.296588,1013.7,16.1,13.0,0.0
2022-06-16 20:00:00,10.6,61.0,220.0,0.13478,1013.5,18.3,7.6,0.0
2022-06-16 21:00:00,9.4,56.0,0.0,0.169761,1013.0,18.3,0.0,0.0
2022-06-16 22:00:00,8.2,50.0,0.0,0.1697,1012.5,18.9,5.4,0.0
2022-06-16 23:00:00,8.0,49.0,120.0,0.234117,1012.4,18.9,5.4,0.0
2022-06-17 00:00:00,8.0,49.0,120.0,0.266643,1012.4,18.9,5.4,0.0
2022-06-17 01:00:00,8.3,52.0,220.0,0.344539,1011.2,18.3,9.4,0.0
2022-06-17 02:00:00,8.3,60.0,250.0,0.379411,1011.5,16.1,14.8,0.0
2022-06-17 03:00:00,8.9,67.0,270.0,0.378686,1011.1,15.0,7.6,0.0
2022-06-17 04:00:00,8.9,72.0,0.0,0.370502,1011.3,13.9,0.0,0.0
2022-06-17 05:00:00,8.9,72.0,0.0,0.327245,1011.3,13.9,0.0,0.0
2022-06-17 06:00:00,8.8,86.0,250.0,0.275664,1010.6,11.1,5.4,0.0
2022-06-17 07:00:00,8.9,83.0,250.0,0.250258,1010.0,11.7,7.6,0.0
2022-06-17 08:00:00,8.8,86.0,2.0,0.239105,1009.5,11.1,7.6,0.0
2022-06-17 09:00:00,8.9,89.0,230.0,0.232496,1009.2,10.6,7.6,0.0
2022-06-17 10:00:00,8.9,89.0,230.0,0.232493,1009.2,10.6,7.6,0.0
2022-06-17 11:00:00,8.4,86.0,270.0,0.243568,1008.6,10.6,7.6,0.0
2022-06-17 12:00:00,8.9,89.0,250.0,0.287365,1008.8,10.6,5.4,0.0
2022-06-17 13:00:00,8.9,83.0,0.0,0.316116,1008.4,11.7,0.0,0.0
2022-06-17 14:00:00,8.9,83.0,0.0,0.363632,1008.4,11.7,0.0,0.0
2022-06-17 15:00:00,9.4,86.0,170.0,0.399677,1009.6,11.7,14.8,0.3
2022-06-17 16:00:00,10.0,93.0,230.0,0.412754,1009.9,11.1,11.2,2.3
2022-06-17 17:00:00,10.6,93.0,220.0,0.391858,1010.4,11.7,11.2,2.0
2022-06-17 18:00:00,11.7,93.0,220.0,0.344506,1010.6,12.8,14.8,1.3
2022-06-17 19:00:00,11.7,93.0,220.0,0.28234,1010.6,12.8,14.8,0.5
2022-06-17 20:00:00,12.1,83.0,220.0,0.299524,1011.2,15.0,14.8,0.2
2022-06-17 21:00:00,11.8,78.0,220.0,0.293911,1011.3,15.6,16.6,0.5
2022-06-17 22:00:00,10.6,70.0,250.0,0.301308,1011.6,16.1,14.8,2.0
2022-06-17 23:00:00,10.6,72.0,240.0,0.270621,1011.6,15.6,13.0,1.0
2022-06-18 00:00:00,10.6,72.0,240.0,0.309444,1011.6,15.6,13.0,0.0
2022-06-18 01:00:00,8.8,64.0,250.0,0.347922,1011.8,15.6,16.6,0.0
2022-06-18 02:00:00,9.0,70.0,250.0,0.381126,1012.5,14.4,9.4,0.0
2022-06-18 03:00:00,8.4,72.0,220.0,0.368464,1012.6,13.3,7.6,0.0
2022-06-18 04:00:00,8.9,83.0,240.0,0.366667,1013.3,11.7,9.4,0.0
2022-06-18 05:00:00,8.9,83.0,240.0,0.340728,1013.3,11.7,9.4,0.0
2022-06-18 06:00:00,8.3,89.0,250.0,0.293054,1013.7,10.0,9.4,0.0
2022-06-18 07:00:00,8.9,89.0,240.0,0.26636,1013.8,10.6,7.6,0.0
2022-06-18 08:00:00,8.3,89.0,270.0,0.257534,1013.9,10.0,7.6,0.0
2022-06-18 09:00:00,8.3,89.0,270.0,0.24994,1013.9,10.0,7.6,0.0
2022-06-18 10:00:00,8.9,93.0,240.0,0.250609,1014.3,10.0,7.6,0.0
2022-06-18 11:00:00,8.3,89.0,0.0,0.271563,1015.2,10.0,0.0,0.0
2022-06-18 12:00:00,7.9,97.0,240.0,0.292664,1015.5,8.3,7.6,0.0
2022-06-18 13:00:00,7.9,97.0,0.0,0.330258,1016.1,8.3,0.0,0.0
2022-06-18 14:00:00,7.9,97.0,0.0,0.351169,1016.1,8.3,0.0,0.0
2022-06-18 15:00:00,8.4,86.0,280.0,0.332911,1016.7,10.6,11.2,0.0
2022-06-18 16:00:00,8.9,72.0,0.0,0.249795,1016.5,13.9,0.0,0.0
2022-06-18 17:00:00,9.5,65.0,2.0,0.270681,1016.4,16.1,0.0,0.0
2022-06-18 18:00:00,11.1,83.0,220.0,0.304474,1016.6,13.9,9.4,0.0
2022-06-18 19:00:00,11.1,83.0,220.0,0.266358,1016.6,13.9,9.4,0.5
2022-06-18 20:00:00,10.1,65.0,260.0,0.286478,1017.1,16.7,14.8,0.3
2022-06-18 21:00:00,10.6,72.0,5.0,0.175792,1017.4,15.6,14.8,0.4
2022-06-18 22:00:00,8.8,62.0,350.0,0.241164,1017.7,16.1,16.6,0.0
2022-06-18 23:00:00,8.3,62.0,250.0,0.299713,1018.3,15.6,20.5,0.3
2022-06-19 00:00:00,8.3,62.0,250.0,0.34791,1018.3,15.6,20.5,0.0
2022-06-19 01:00:00,9.4,77.0,260.0,0.369448,1019.0,13.3,14.8,0.0
2022-06-19 02:00:00,9.9,86.0,250.0,0.372425,1019.3,12.2,11.2,0.0
2022-06-19 03:00:00,9.4,86.0,240.0,0.372981,1019.2,11.7,14.8,0.3
2022-06-19 04:00:00,9.4,86.0,240.0,0.357369,1019.2,11.7,14.8,0.0
2022-06-19 05:00:00,9.4,89.0,3.0,0.330571,1020.4,11.1,0.0,0.0
2022-06-19 06:00:00,9.4,89.0,230.0,0.293986,1020.6,11.1,9.4,0.0
2022-06-19 07:00:00,9.4,86.0,240.0,0.270297,1020.7,11.7,9.4,0.0
2022-06-19 08:00:00,10.0,93.0,240.0,0.251971,1020.6,11.1,9.4,0.0
2022-06-19 09:00:00,10.0,93.0,230.0,0.249461,1020.6,11.1,9.4,0.0
2022-06-19 10:00:00,10.0,93.0,240.0,0.242257,1021.0,11.1,5.4,0.0
2022-06-19 11:00:00,10.0,96.0,2.0,0.253143,1021.3,10.6,5.4,0.0
2022-06-19 12:00:00,10.0,96.0,220.0,0.281553,1021.8,10.6,5.4,0.0
2022-06-19 13:00:00,10.0,93.0,0.0,0.289251,1022.0,11.1,0.0,0.5
2022-06-19 14:00:00,10.0,93.0,0.0,0.337529,1022.0,11.1,0.0,0.2
2022-06-19 15:00:00,10.6,90.0,230.0,0.353116,1022.8,12.2,13.0,0.0
2022-06-19 16:00:00,11.1,83.0,250.0,0.328027,1022.9,13.9,9.4,0.0
2022-06-19 17:00:00,9.9,69.0,260.0,0.292717,1022.9,15.6,5.4,0.0
2022-06-19 18:00:00,9.9,69.0,260.0,0.248003,1022.9,15.6,5.4,0.0
2022-06-19 19:00:00,11.2,78.0,280.0,0.29814,1023.3,15.0,16.6,0.0
2022-06-19 20:00:00,10.6,65.0,210.0,0.296065,1023.5,17.2,7.6,0.0
2022-06-19 21:00:00,11.7,70.0,240.0,0.33756,1023.6,17.2,14.8,0.0
2022-06-19 22:00:00,11.7,70.0,230.0,0.306146,1023.8,17.2,11.2,0.0
2022-06-19 23:00:00,11.7,70.0,230.0,0.29994,1023.8,17.2,11.2,0.0
2022-06-20 00:00:00,11.0,67.0,230.0,0.28537,1023.4,17.2,11.2,0.0
2022-06-20 01:00:00,11.2,70.0,250.0,0.326452,1023.4,16.7,14.8,0.0
2022-06-20 02:00:00,11.2,75.0,240.0,0.371918,1023.6,15.6,11.2,0.0
2022-06-20 03:00:00,10.7,81.0,230.0,0.389816,1023.8,13.9,13.0,0.0
2022-06-20 04:00:00,10.7,81.0,230.0,0.379149,1023.8,13.9,13.0,0.0
2022-06-20 05:00:00,9.4,89.0,0.0,0.338486,1024.8,11.1,0.0,0.0
2022-06-20 06:00:00,9.4,89.0,240.0,0.293169,1024.9,11.1,5.4,0.0
2022-06-20 07:00:00,8.9,93.0,220.0,0.264704,1025.0,10.0,9.4,0.0
2022-06-20 08:00:00,8.9,93.0,0.0,0.248785,1025.0,10.0,9.4,0.0
2022-06-20 09:00:00,8.9,93.0,0.0,0.243866,1025.0,10.0,0.0,0.0
2022-06-20 10:00:00,10.0,93.0,0.0,0.240278,1025.2,11.1,0.0,0.0
2022-06-20 11:00:00,10.0,93.0,0.0,0.258287,1025.5,11.1,0.0,0.0
2022-06-20 12:00:00,10.0,93.0,0.0,0.291198,1025.5,11.1,0.0,0.0
2022-06-20 13:00:00,9.9,89.0,0.0,0.324422,1026.1,11.7,0.0,0.0
2022-06-20 14:00:00,9.9,89.0,0.0,0.346199,1026.1,11.7,0.0,0.0
2022-06-20 15:00:00,9.9,77.0,10.0,0.359197,1026.9,13.9,9.4,0.0
2022-06-20 16:00:00,9.9,77.0,10.0,0.318695,1026.9,13.9,9.4,0.0
2022-06-20 17:00:00,9.5,65.0,2.0,0.312782,1027.0,16.1,11.2,0.0
2022-06-20 18:00:00,9.5,65.0,10.0,0.22678,1027.0,16.1,5.4,0.0
2022-06-20 19:00:00,8.9,58.0,30.0,0.185008,1026.9,17.2,9.4,0.0
2022-06-20 20:00:00,9.3,52.0,21.0,0.176741,1026.5,19.4,9.4,0.0
2022-06-20 21:00:00,10.7,53.0,30.0,0.145999,1026.2,20.6,13.0,0.0
2022-06-20 22:00:00,10.5,49.0,20.0,0.188255,1025.6,21.7,11.2,0.0
2022-06-20 23:00:00,10.5,49.0,20.0,0.247724,1025.6,21.7,11.2,0.0
2022-06-21 00:00:00,10.7,48.0,50.0,0.291401,1025.0,22.2,13.0,0.0
2022-06-21 01:00:00,10.0,46.0,10.0,0.367051,1024.7,22.2,16.6,0.0
2022-06-21 02:00:00,10.7,53.0,10.0,0.409756,1024.8,20.6,9.4,0.0
2022-06-21 03:00:00,10.7,59.0,10.0,0.398818,1025.2,18.9,13.0,0.0
2022-06-21 04:00:00,10.7,59.0,10.0,0.384209,1025.2,18.9,13.0,0.0
2022-06-21 05:00:00,10.6,72.0,2.0,0.344705,1026.0,15.6,9.4,0.0
2022-06-21 06:00:00,10.6,78.0,320.0,0.288312,1026.2,14.4,7.6,0.0
2022-06-21 07:00:00,10.6,90.0,0.0,0.254408,1026.1,12.2,0.0,0.0
2022-06-21 08:00:00,10.6,90.0,0.0,0.245811,1026.1,12.2,0.0,0.0
2022-06-21 09:00:00,10.6,93.0,290.0,0.232538,1026.4,11.7,5.4,0.0
2022-06-21 10:00:00,10.0,93.0,300.0,0.233295,1026.4,11.1,5.4,0.0
2022-06-21 11:00:00,10.0,96.0,0.0,0.244463,1026.4,10.6,0.0,0.0
2022-06-21 12:00:00,8.3,96.0,0.0,0.279463,1027.7,8.9,0.0,0.0
2022-06-21 13:00:00,11.1,96.0,0.0,0.315773,1026.6,11.7,0.0,0.0
2022-06-21 14:00:00,11.1,96.0,0.0,0.316286,1026.6,11.7,0.0,0.0
2022-06-21 15:00:00,11.8,81.0,0.0,0.284021,1026.6,15.0,0.0,0.0
2022-06-21 16:00:00,12.9,73.0,0.0,0.241145,1026.3,17.8,5.4,0.0
2022-06-21 17:00:00,13.3,63.0,0.0,0.190689,1025.6,20.6,5.4,0.0
2022-06-21 18:00:00,13.3,55.0,30.0,0.176942,1025.0,22.8,14.8,0.0
2022-06-21 19:00:00,13.3,55.0,30.0,0.144338,1025.0,22.8,14.8,0.0
2022-06-21 20:00:00,13.5,47.0,30.0,0.152366,1023.5,25.6,14.8,0.0
2022-06-21 21:00:00,13.2,42.0,10.0,0.182472,1022.9,27.2,18.4,0.0
2022-06-21 22:00:00,13.0,40.0,30.0,0.235766,1022.3,27.8,13.0,0.0
2022-06-21 23:00:00,12.2,37.0,5.0,0.304772,1021.8,28.3,13.0,0.0
2022-06-22 00:00:00,14.1,43.0,40.0,0.351756,1021.4,27.8,16.6,0.0
2022-06-22 01:00:00,14.1,43.0,40.0,0.429908,1021.4,27.8,16.6,0.0
2022-06-22 02:00:00,13.8,48.0,10.0,0.469724,1021.2,25.6,16.6,0.0
2022-06-22 03:00:00,13.8,57.0,360.0,0.453984,1021.3,22.8,11.2,0.0
2022-06-22 04:00:00,13.8,57.0,360.0,0.41848,1021.3,22.8,11.2,0.0
2022-06-22 05:00:00,12.9,66.0,3.0,0.374269,1021.6,19.4,13.0,0.0
2022-06-22 06:00:00,12.1,72.0,0.0,0.308815,1021.6,17.2,0.0,0.0
2022-06-22 07:00:00,12.2,75.0,0.0,0.260426,1021.7,16.7,5.4,0.0
2022-06-22 08:00:00,12.8,93.0,2.0,0.248948,1021.7,13.9,5.4,0.0
2022-06-22 09:00:00,12.8,93.0,250.0,0.231983,1021.7,13.9,7.6,0.0
2022-06-22 10:00:00,11.7,97.0,230.0,0.232305,1021.6,12.2,7.6,0.0
2022-06-22 11:00:00,11.1,93.0,0.0,0.240997,1021.3,12.2,7.6,0.0
2022-06-22 12:00:00,11.1,96.0,290.0,0.270817,1021.4,11.7,7.6,0.0
2022-06-22 13:00:00,11.1,96.0,290.0,0.309124,1021.4,11.7,7.6,0.0
2022-06-22 14:00:00,13.2,80.0,0.0,0.299932,1021.4,16.7,0.0,0.0
2022-06-22 15:00:00,14.0,73.0,0.0,0.269626,1021.1,18.9,0.0,0.0
2022-06-22 16:00:00,14.0,66.0,0.0,0.237145,1020.7,20.6,0.0,0.0
2022-06-22 17:00:00,14.9,61.0,0.0,0.211832,1020.3,22.8,0.0,0.0
2022-06-22 18:00:00,14.9,61.0,0.0,0.204221,1020.3,22.8,0.0,0.0
2022-06-22 19:00:00,15.7,60.0,0.0,0.196173,1019.2,23.9,0.0,0.0
2022-06-22 20:00:00,16.1,60.0,2.0,0.194036,1018.7,24.4,0.0,0.0
2022-06-22 21:00:00,16.2,56.0,0.0,0.2788,1018.1,25.6,0.0,0.0
2022-06-22 22:00:00,16.2,56.0,0.0,0.32422,1018.1,25.6,0.0,0.0
2022-06-22 23:00:00,16.1,54.0,40.0,0.330539,1017.7,26.1,5.4,0.0
2022-06-23 00:00:00,14.5,52.0,360.0,0.418901,1017.1,25.0,20.5,0.0
2022-06-23 01:00:00,12.1,51.0,10.0,0.438645,1017.1,22.8,24.1,0.0
2022-06-23 02:00:00,10.0,49.0,10.0,0.474511,1017.4,21.1,22.3,0.0
2022-06-23 03:00:00,10.0,49.0,350.0,0.449391,1017.9,18.9,13.0,0.0
2022-06-23 04:00:00,6.7,45.0,350.0,0.405743,1017.9,18.9,13.0,0.0
2022-06-23 05:00:00,7.2,62.0,2.0,0.348925,1019.3,14.4,7.6,0.0
2022-06-23 06:00:00,7.2,77.0,0.0,0.297782,1019.7,11.1,0.0,0.0
2022-06-23 07:00:00,7.3,80.0,250.0,0.265484,1020.0,10.6,5.4,0.0
2022-06-23 08:00:00,7.3,80.0,250.0,0.244071,1020.0,10.6,5.4,0.0
2022-06-23 09:00:00,6.7,80.0,340.0,0.234262,1020.5,10.0,7.6,0.0
2022-06-23 10:00:00,6.1,93.0,0.0,0.235416,1020.5,7.2,0.0,0.0
2022-06-23 11:00:00,6.1,93.0,0.0,0.251715,1020.5,7.2,0.0,0.0
2022-06-23 12:00:00,6.7,100.0,0.0,0.288019,1021.1,6.7,0.0,0.0
2022-06-23 13:00:00,6.7,100.0,0.0,0.320369,1021.1,6.7,0.0,0.0
2022-06-23 14:00:00,7.8,80.0,0.0,0.315801,1021.5,11.1,5.4,0.0
2022-06-23 15:00:00,7.7,69.0,0.0,0.268078,1021.4,13.3,0.0,0.0
2022-06-23 16:00:00,8.4,58.0,0.0,0.229557,1021.0,16.7,9.4,0.0
2022-06-23 17:00:00,7.2,50.0,5.0,0.193941,1020.7,17.8,9.4,0.0
2022-06-23 18:00:00,7.2,50.0,10.0,0.158835,1020.7,17.8,16.6,0.0
2022-06-23 19:00:00,7.9,44.0,40.0,0.15865,1019.9,20.6,13.0,0.0
2022-06-23 20:00:00,8.9,44.0,40.0,0.15828,1019.6,21.7,5.4,0.0
2022-06-23 21:00:00,8.2,38.0,14.0,0.177673,1018.8,23.3,5.4,0.0
2022-06-23 22:00:00,8.2,38.0,30.0,0.219603,1018.8,23.3,5.4,0.0
2022-06-23 23:00:00,6.6,32.0,0.0,0.28723,1017.6,24.4,7.6,0.0
2022-06-24 00:00:00,6.2,31.0,350.0,0.348434,1017.2,24.4,11.2,0.0
2022-06-24 01:00:00,7.1,33.0,10.0,0.425663,1017.0,24.4,13.0,0.0
2022-06-24 02:00:00,8.0,40.0,10.0,0.446407,1017.2,22.2,13.0,0.0
2022-06-24 03:00:00,8.0,40.0,10.0,0.443822,1017.2,22.2,13.0,0.0
2022-06-24 04:00:00,10.1,65.0,360.0,0.417108,1018.2,16.7,13.0,0.0
2022-06-24 05:00:00,8.8,64.0,4.0,0.372965,1018.9,15.6,13.0,0.0
2022-06-24 06:00:00,6.7,62.0,360.0,0.306965,1019.2,13.9,11.2,0.0
2022-06-24 07:00:00,5.6,64.0,360.0,0.285573,1019.1,12.2,5.4,0.0
2022-06-24 08:00:00,5.6,64.0,240.0,0.263544,1019.1,12.2,5.4,0.0
2022-06-24 09:00:00,7.8,90.0,0.0,0.252666,1019.8,9.4,0.0,0.0
2022-06-24 10:00:00,7.8,93.0,0.0,0.250675,1019.8,8.9,0.0,0.0
2022-06-24 11:00:00,7.2,96.0,0.0,0.269929,1020.1,7.8,0.0,0.0
2022-06-24 12:00:00,7.2,96.0,0.0,0.296539,1020.6,7.8,0.0,0.0
2022-06-24 13:00:00,7.2,96.0,0.0,0.319377,1020.6,7.8,0.0,0.0
2022-06-24 14:00:00,9.4,83.0,0.0,0.338438,1020.5,12.2,0.0,0.0
2022-06-24 15:00:00,7.3,54.0,350.0,0.306051,1020.4,16.7,9.4,0.0
2022-06-24 16:00:00,6.2,45.0,10.0,0.249941,1020.4,18.3,16.6,0.0
2022-06-24 17:00:00,7.4,44.0,5.0,0.1998,1019.9,20.0,16.6,0.0
2022-06-24 18:00:00,7.4,44.0,330.0,0.170129,1019.9,20.0,16.6,0.0
2022-06-24 19:00:00,8.3,37.0,20.0,0.16831,1019.2,23.9,14.8,0.0
2022-06-24 20:00:00,9.4,36.0,4.0,0.176996,1018.6,25.6,14.8,0.0
2022-06-24 21:00:00,7.7,30.0,360.0,0.206659,1018.0,26.7,24.1,0.0
2022-06-24 22:00:00,8.1,28.0,360.0,0.246523,1017.4,28.3,24.1,0.0
2022-06-24 23:00:00,8.1,28.0,10.0,0.31089,1017.4,28.3,24.1,0.0
2022-06-25 00:00:00,8.1,28.0,20.0,0.372435,1016.6,28.3,20.5,0.0
2022-06-25 01:00:00,8.1,29.0,20.0,0.44595,1016.4,27.8,22.3,0.0
2022-06-25 02:00:00,9.0,34.0,5.0,0.460165,1016.5,26.1,22.3,0.0
2022-06-25 03:00:00,9.0,34.0,360.0,0.438172,1016.5,26.1,16.6,0.0
2022-06-25 04:00:00,8.9,44.0,340.0,0.424233,1017.0,21.7,18.4,0.0
2022-06-25 05:00:00,7.9,44.0,5.0,0.392425,1017.4,20.6,18.4,0.0
2022-06-25 06:00:00,7.2,45.0,350.0,0.331803,1017.4,19.4,14.8,0.0
2022-06-25 07:00:00,7.8,52.0,360.0,0.288472,1017.4,17.8,14.8,0.0
2022-06-25 08:00:00,7.8,52.0,360.0,0.249741,1017.4,17.8,14.8,0.0
2022-06-25 09:00:00,7.3,52.0,350.0,0.232627,1017.5,17.2,14.8,0.0
2022-06-25 10:00:00,6.7,50.0,350.0,0.227388,1017.3,17.2,18.4,0.0
2022-06-25 11:00:00,6.8,52.0,5.0,0.232714,1017.3,16.7,18.4,0.0
2022-06-25 12:00:00,6.8,52.0,350.0,0.2442,1017.3,16.7,16.6,0.0
2022-06-25 13:00:00,7.7,50.0,350.0,0.271557,1017.5,18.3,18.4,0.0
2022-06-25 14:00:00,10.0,49.0,360.0,0.320929,1017.6,21.1,14.8,0.0
2022-06-25 15:00:00,9.8,41.0,360.0,0.32311,1017.4,23.9,18.4,0.0
2022-06-25 16:00:00,9.4,36.0,10.0,0.288112,1017.2,25.6,18.4,0.0
2022-06-25 17:00:00,11.2,37.0,360.0,0.275638,1016.8,27.2,20.5,0.0
2022-06-25 18:00:00,11.2,37.0,360.0,0.264955,1016.8,27.2,20.5,0.0
2022-06-25 19:00:00,11.1,30.0,70.0,0.256168,1015.8,30.6,20.5,0.0
2022-06-25 20:00:00,9.9,26.0,20.0,0.26691,1015.1,31.7,22.3,0.0
2022-06-25 21:00:00,10.2,25.0,40.0,0.304718,1014.5,32.8,16.6,0.0
2022-06-25 22:00:00,10.2,25.0,40.0,0.340472,1014.5,32.8,16.6,0.0
2022-06-25 23:00:00,10.2,25.0,30.0,0.407041,1013.7,32.8,22.3,0.0
2022-06-26 00:00:00,9.1,24.0,10.0,0.467571,1013.4,32.2,18.4,0.0
2022-06-26 01:00:00,9.3,25.0,360.0,0.529736,1013.2,31.7,16.6,0.0
2022-06-26 02:00:00,9.0,27.0,360.0,0.548593,1013.2,30.0,14.8,0.0
2022-06-26 03:00:00,9.0,27.0,360.0,0.531105,1013.2,30.0,14.8,0.0
2022-06-26 04:00:00,6.7,28.0,350.0,0.496101,1013.8,26.7,20.5,0.0
2022-06-26 05:00:00,6.6,32.0,340.0,0.429651,1014.3,24.4,16.6,0.0
2022-06-26 06:00:00,7.4,37.0,340.0,0.38004,1014.4,22.8,18.4,0.0
2022-06-26 07:00:00,7.2,38.0,350.0,0.328269,1014.4,22.2,16.6,0.0
2022-06-26 08:00:00,7.2,38.0,350.0,0.295653,1014.4,22.2,16.6,0.0
2022-06-26 09:00:00,6.0,36.0,340.0,0.27432,1014.3,21.7,16.6,0.0
2022-06-26 10:00:00,6.9,41.0,350.0,0.260334,1014.3,20.6,9.4,0.0
2022-06-26 11:00:00,6.2,39.0,350.0,0.256929,1014.4,20.6,13.0,0.0
2022-06-26 12:00:00,6.2,39.0,350.0,0.262715,1014.4,20.6,13.0,0.0
2022-06-26 13:00:00,7.9,41.0,350.0,0.279732,1014.5,21.7,11.2,0.0
2022-06-26 14:00:00,7.9,41.0,350.0,0.313273,1014.6,21.7,16.6,0.0
2022-06-26 15:00:00,9.9,36.0,350.0,0.338369,1014.8,26.1,13.0,0.0
2022-06-26 16:00:00,10.4,35.0,360.0,0.332192,1014.4,27.2,18.4,0.0
2022-06-26 17:00:00,10.4,35.0,360.0,0.310068,1014.4,27.2,18.4,0.0
2022-06-26 18:00:00,13.4,35.0,320.0,0.309286,1014.0,30.6,14.8,0.0
2022-06-26 19:00:00,13.9,34.0,330.0,0.332746,1013.5,31.7,14.8,0.0
2022-06-26 20:00:00,14.4,33.0,330.0,0.353777,1013.0,32.8,11.2,0.0
2022-06-26 21:00:00,13.9,30.0,330.0,0.386193,1012.6,33.9,16.6,0.0
2022-06-26 22:00:00,13.9,30.0,330.0,0.43095,1012.6,33.9,16.6,0.0
2022-06-26 23:00:00,14.3,28.0,3.0,0.491799,1011.9,35.6,14.8,0.0
2022-06-27 00:00:00,14.3,29.0,350.0,0.56646,1011.6,35.0,9.4,0.0
2022-06-27 01:00:00,14.8,31.0,340.0,0.635001,1011.6,34.4,9.4,0.0
2022-06-27 02:00:00,14.8,31.0,340.0,0.650538,1011.6,34.4,9.4,0.0
2022-06-27 03:00:00,20.7,54.0,230.0,0.608149,1012.3,31.1,16.6,0.0
2022-06-27 04:00:00,15.6,58.0,250.0,0.547689,1012.8,24.4,5.4,0.0
2022-06-27 05:00:00,12.3,61.0,4.0,0.472931,1013.4,20.0,5.4,0.0
2022-06-27 06:00:00,11.7,63.0,240.0,0.383849,1013.5,18.9,14.8,0.0
2022-06-27 07:00:00,11.7,63.0,240.0,0.336942,1013.5,18.9,14.8,0.0
2022-06-27 08:00:00,12.3,78.0,0.0,0.305059,1014.3,16.1,0.0,0.0
2022-06-27 09:00:00,10.5,67.0,270.0,0.278881,1014.2,16.7,7.6,0.0
2022-06-27 10:00:00,9.9,69.0,250.0,0.272648,1014.1,15.6,13.0,0.0
2022-06-27 11:00:00,10.0,75.0,2.0,0.273791,1014.5,14.4,13.0,0.0
2022-06-27 12:00:00,10.0,75.0,250.0,0.294956,1014.5,14.4,5.4,0.0
2022-06-27 13:00:00,10.0,67.0,280.0,0.329909,1015.0,16.1,9.4,0.0
2022-06-27 14:00:00,12.7,70.0,280.0,0.353288,1015.0,18.3,7.6,0.0
2022-06-27 15:00:00,13.3,61.0,0.0,0.32433,1014.9,21.1,0.0,0.0
2022-06-27 16:00:00,12.7,53.0,0.0,0.317009,1014.8,22.8,0.0,0.0
2022-06-27 17:00:00,13.2,48.0,240.0,0.311293,1014.4,25.0,5.4,0.0
2022-06-27 18:00:00,13.2,48.0,240.0,0.330584,1014.4,25.0,5.4,0.0
2022-06-27 19:00:00,16.1,46.0,0.0,0.344245,1013.8,28.9,7.6,0.0
2022-06-27 20:00:00,16.2,42.0,240.0,0.359555,1013.5,30.6,14.8,0.0
2022-06-27 21:00:00,17.3,45.0,240.0,0.383817,1013.4,30.6,14.8,0.0
2022-06-27 22:00:00,17.3,45.0,240.0,0.436466,1013.4,30.6,14.8,0.0
2022-06-27 23:00:00,12.4,34.0,250.0,0.50131,1013.5,30.0,14.8,0.0
2022-06-28 00:00:00,9.6,30.0,260.0,0.529526,1013.6,28.9,16.6,0.0
2022-06-28 01:00:00,9.1,31.0,260.0,0.587987,1013.8,27.8,9.4,0.0
2022-06-28 02:00:00,9.1,31.0,260.0,0.60723,1013.8,27.8,9.4,0.0
2022-06-28 03:00:00,10.1,39.0,250.0,0.537902,1014.8,25.0,14.8,0.0
2022-06-28 04:00:00,10.7,63.0,230.0,0.480899,1015.2,17.8,22.3,0.0
2022-06-28 05:00:00,10.0,72.0,230.0,0.414191,1016.1,15.0,22.3,0.0
2022-06-28 06:00:00,9.9,77.0,220.0,0.342883,1016.8,13.9,16.6,0.0
2022-06-28 07:00:00,9.9,77.0,220.0,0.303729,1016.8,13.9,16.6,0.0
2022-06-28 08:00:00,9.4,83.0,190.0,0.284544,1017.6,12.2,13.0,0.0
2022-06-28 09:00:00,9.4,86.0,180.0,0.260551,1018.1,11.7,11.2,0.0
2022-06-28 10:00:00,9.4,89.0,180.0,0.254798,1018.3,11.1,11.2,0.0
2022-06-28 11:00:00,8.9,89.0,170.0,0.268451,1018.8,10.6,11.2,0.0
2022-06-28 12:00:00,8.9,89.0,170.0,0.281204,1018.8,10.6,11.2,0.0
2022-06-28 13:00:00,10.7,87.0,130.0,0.307937,1019.5,12.8,9.4,0.0
2022-06-28 14:00:00,10.6,78.0,3.0,0.326059,1020.1,14.4,9.4,0.0
2022-06-28 15:00:00,11.6,72.0,150.0,0.325374,1019.8,16.7,20.5,0.0
2022-06-28 16:00:00,11.6,72.0,150.0,0.33087,1019.8,16.7,20.5,0.0
2022-06-28 17:00:00,11.8,68.0,180.0,0.338721,1020.0,17.8,16.6,0.0
2022-06-28 18:00:00,12.3,68.0,200.0,0.320297,1020.5,18.3,18.4,0.0
2022-06-28 19:00:00,12.7,70.0,210.0,0.353172,1020.6,18.3,18.4,0.0
2022-06-28 20:00:00,13.3,68.0,5.0,0.289745,1020.8,19.4,18.4,0.0
2022-06-28 21:00:00,13.3,68.0,250.0,0.283225,1020.8,19.4,16.6,0.0
2022-06-28 22:00:00,12.8,59.0,250.0,0.222818,1020.6,21.1,14.8,0.0
2022-06-28 23:00:00,12.3,59.0,3.0,0.300109,1020.5,20.6,14.8,0.0
2022-06-29 00:00:00,11.7,59.0,290.0,0.332183,1020.3,20.0,14.8,0.0
2022-06-29 01:00:00,11.7,63.0,250.0,0.39789,1020.4,18.9,11.2,0.0
2022-06-29 02:00:00,11.7,63.0,250.0,0.431234,1020.4,18.9,11.2,0.0
2022-06-29 03:00:00,10.6,75.0,250.0,0.412868,1020.4,15.0,14.8,0.0
2022-06-29 04:00:00,9.9,80.0,230.0,0.387906,1020.8,13.3,9.4,0.0
2022-06-29 05:00:00,9.9,80.0,280.0,0.334817,1021.0,13.3,5.4,0.0
2022-06-29 06:00:00,9.9,80.0,280.0,0.283033,1021.0,13.3,5.4,0.0
2022-06-29 07:00:00,9.4,92.0,210.0,0.253107,1021.2,10.6,5.4,0.0
2022-06-29 08:00:00,8.9,89.0,250.0,0.231237,1021.2,10.6,7.6,0.0
2022-06-29 09:00:00,9.4,89.0,320.0,0.232683,1021.3,11.1,5.4,0.0
2022-06-29 10:00:00,9.9,89.0,280.0,0.233082,1021.2,11.7,5.4,0.0
2022-06-29 11:00:00,10.6,93.0,240.0,0.24271,1021.4,11.7,7.6,0.0
2022-06-29 12:00:00,10.6,93.0,240.0,0.260417,1021.4,11.7,7.6,0.0
2022-06-29 13:00:00,11.0,89.0,0.0,0.290641,1021.9,12.8,0.0,0.0
2022-06-29 14:00:00,11.7,84.0,250.0,0.310497,1022.1,14.4,5.4,0.0
2022-06-29 15:00:00,10.6,72.0,0.0,0.30865,1022.3,15.6,0.0,0.0
2022-06-29 16:00:00,10.6,72.0,0.0,0.314846,1022.3,15.6,0.0,0.0
2022-06-29 17:00:00,10.6,65.0,2.0,0.287145,1022.2,17.2,7.6,0.0
2022-06-29 18:00:00,11.7,63.0,170.0,0.206698,1021.7,18.9,11.2,0.0
2022-06-29 19:00:00,10.7,57.0,0.0,0.145755,1021.4,19.4,0.0,0.0
2022-06-29 20:00:00,11.8,57.0,0.0,0.161635,1020.9,20.6,0.0,0.0
2022-06-29 21:00:00,11.8,57.0,0.0,0.193503,1020.9,20.6,0.0,0.0
2022-06-29 22:00:00,12.9,52.0,0.0,0.234253,1019.7,23.3,0.0,0.0
2022-06-29 23:00:00,13.4,52.0,2.0,0.302973,1019.1,23.9,0.0,0.0
2022-06-30 00:00:00,13.3,50.0,0.0,0.366878,1018.7,24.4,0.0,0.0
2022-06-30 01:00:00,12.7,55.0,230.0,0.435021,1018.6,22.2,20.5,0.0
2022-06-30 02:00:00,12.7,55.0,230.0,0.452907,1018.6,22.2,20.5,0.0
2022-06-30 03:00:00,11.7,75.0,240.0,0.436204,1019.2,16.1,16.6,0.0
2022-06-30 04:00:00,12.3,78.0,360.0,0.412475,1019.9,16.1,11.2,0.0
2022-06-30 05:00:00,11.2,78.0,3.0,0.357631,1020.1,15.0,11.2,0.0
2022-06-30 06:00:00,11.1,83.0,330.0,0.286076,1020.1,13.9,11.2,0.0
2022-06-30 07:00:00,11.1,83.0,330.0,0.255081,1020.1,13.9,11.2,0.0
2022-06-30 08:00:00,10.0,93.0,280.0,0.244605,1020.2,11.1,7.6,0.0
2022-06-30 09:00:00,9.4,89.0,0.0,0.232631,1020.1,11.1,0.0,0.0
2022-06-30 10:00:00,8.9,93.0,280.0,0.235744,1020.3,10.0,9.4,0.0
2022-06-30 11:00:00,8.9,93.0,280.0,0.25151,1020.3,10.0,9.4,0.0
2022-06-30 12:00:00,10.0,93.0,260.0,0.27285,1020.2,11.1,5.4,0.0
2022-06-30 13:00:00,10.6,93.0,0.0,0.299225,1020.3,11.7,0.0,0.0
2022-06-30 14:00:00,10.6,78.0,10.0,0.298058,1020.4,14.4,5.4,0.0
2022-06-30 15:00:00,10.6,72.0,10.0,0.260752,1020.3,15.6,7.6,0.0
2022-06-30 16:00:00,10.6,72.0,10.0,0.244203,1020.3,15.6,7.6,0.0
2022-06-30 17:00:00,11.7,63.0,2.0,0.203922,1019.6,18.9,0.0,0.0
2022-06-30 18:00:00,12.3,61.0,0.0,0.179079,1019.1,20.0,0.0,0.0
2022-06-30 19:00:00,11.7,55.0,0.0,0.17515,1018.6,21.1,11.2,0.0
2022-06-30 20:00:00,10.6,43.0,359.0,0.185867,1017.9,23.9,5.4,0.0
2022-06-30 21:00:00,10.6,43.0,340.0,0.209074,1017.9,23.9,5.4,0.0
2022-06-30 22:00:00,12.8,45.0,330.0,0.272637,1016.9,25.6,13.0,0.0
2022-06-30 23:00:00,12.8,45.0,330.0,0.338531,1016.9,25.6,13.0,0.0
2022-07-01 00:00:00,14.5,47.0,330.0,0.396519,1016.0,26.7,9.4,0.0
2022-07-01 01:00:00,14.5,47.0,330.0,0.458057,1016.0,26.7,9.4,0.0
2022-07-01 02:00:00,14.4,70.0,230.0,0.463303,1016.1,20.0,20.5,0.0
2022-07-01 03:00:00,13.3,75.0,230.0,0.430401,1016.5,17.8,18.4,0.0
2022-07-01 04:00:00,12.8,81.0,230.0,0.404116,1017.0,16.1,16.6,0.0
2022-07-01 05:00:00,12.1,83.0,5.0,0.357308,1017.5,15.0,16.6,0.0
2022-07-01 06:00:00,12.1,83.0,230.0,0.308399,1017.5,15.0,16.6,0.0
2022-07-01 07:00:00,11.7,90.0,230.0,0.273992,1017.8,13.3,13.0,0.0
2022-07-01 08:00:00,11.2,87.0,230.0,0.254225,1018.0,13.3,13.0,0.0
2022-07-01 09:00:00,11.0,89.0,230.0,0.245683,1018.2,12.8,9.4,0.0
2022-07-01 10:00:00,11.0,89.0,240.0,0.233559,1018.4,12.8,7.6,0.0
2022-07-01 11:00:00,11.0,89.0,240.0,0.241067,1018.4,12.8,7.6,0.0
2022-07-01 12:00:00,10.6,93.0,0.0,0.266958,1018.7,11.7,0.0,0.0
2022-07-01 13:00:00,11.7,90.0,0.0,0.287148,1019.1,13.3,0.0,0.0
2022-07-01 14:00:00,12.1,83.0,250.0,0.305542,1019.4,15.0,5.4,0.0
2022-07-01 15:00:00,12.8,81.0,0.0,0.283248,1019.4,16.1,0.0,0.0
2022-07-01 16:00:00,12.8,81.0,0.0,0.294648,1019.4,16.1,0.0,0.0
2022-07-01 17:00:00,13.3,68.0,2.0,0.303427,1019.1,19.4,5.4,0.0
2022-07-01 18:00:00,13.2,65.0,0.0,0.287674,1018.7,20.0,0.0,0.0
2022-07-01 19:00:00,13.9,61.0,60.0,0.28114,1018.4,21.7,7.6,0.0
2022-07-01 20:00:00,13.9,61.0,60.0,0.233506,1018.4,21.7,7.6,0.0
2022-07-01 21:00:00,15.7,60.0,0.0,0.234525,1017.9,23.9,0.0,0.0
2022-07-01 22:00:00,15.1,58.0,80.0,0.272655,1017.2,23.9,7.6,0.0
2022-07-01 23:00:00,15.0,54.0,3.0,0.305119,1015.8,25.0,9.0,0.0
2022-07-02 00:00:00,15.0,54.0,230.0,0.370622,1015.8,25.0,9.4,0.0
2022-07-02 01:00:00,16.1,60.0,230.0,0.422684,1015.1,24.4,16.6,0.0
2022-07-02 02:00:00,14.0,71.0,230.0,0.435896,1014.7,19.4,20.5,0.0
2022-07-02 03:00:00,12.7,75.0,260.0,0.404809,1015.0,17.2,11.2,0.0
2022-07-02 04:00:00,12.3,87.0,250.0,0.394484,1015.6,14.4,9.4,0.0
2022-07-02 05:00:00,11.7,90.0,240.0,0.340139,1015.7,13.3,13.0,0.0
2022-07-02 06:00:00,11.7,90.0,240.0,0.297312,1015.7,13.3,13.0,0.0
2022-07-02 07:00:00,11.0,89.0,280.0,0.263153,1015.9,12.8,7.6,0.0
2022-07-02 08:00:00,10.6,93.0,2.0,0.246304,1015.9,11.7,7.6,0.0
2022-07-02 09:00:00,10.0,93.0,280.0,0.232668,1015.8,11.1,7.6,0.0
2022-07-02 10:00:00,10.0,93.0,250.0,0.234519,1015.7,11.1,5.4,0.0
2022-07-02 11:00:00,10.0,93.0,250.0,0.23433,1015.7,11.1,5.4,0.0
2022-07-02 12:00:00,10.0,96.0,0.0,0.246637,1015.7,10.6,0.0,0.0
2022-07-02 13:00:00,10.6,93.0,0.0,0.267242,1015.9,11.7,0.0,0.0
2022-07-02 14:00:00,11.7,93.0,260.0,0.306127,1015.8,12.8,5.4,0.0
2022-07-02 15:00:00,11.2,81.0,340.0,0.330761,1015.6,14.4,9.4,0.0
2022-07-02 16:00:00,11.2,81.0,340.0,0.319475,1015.6,14.4,9.4,0.0
2022-07-02 17:00:00,11.8,78.0,200.0,0.340019,1014.9,15.6,5.4,0.0
2022-07-02 18:00:00,12.2,75.0,0.0,0.282691,1014.7,16.7,0.0,0.0
2022-07-02 19:00:00,12.2,75.0,0.0,0.217716,1014.7,16.7,0.0,0.0
2022-07-02 20:00:00,13.3,70.0,180.0,0.19453,1014.1,18.9,7.6,0.0
2022-07-02 21:00:00,14.0,66.0,210.0,0.263052,1013.6,20.6,7.6,0.0
2022-07-02 22:00:00,14.0,66.0,210.0,0.284065,1013.1,20.6,7.6,0.0
2022-07-02 23:00:00,14.5,66.0,230.0,0.303439,1012.6,21.1,11.2,0.0
2022-07-03 00:00:00,14.5,66.0,230.0,0.351011,1012.6,21.1,11.2,0.0
2022-07-03 01:00:00,14.0,66.0,240.0,0.377776,1011.9,20.6,9.4,0.0
2022-07-03 02:00:00,13.4,73.0,190.0,0.402236,1012.5,18.3,20.5,0.0
2022-07-03 03:00:00,12.2,75.0,220.0,0.390015,1013.1,16.7,18.4,0.0
2022-07-03 04:00:00,12.3,78.0,0.0,0.367228,1013.6,16.1,0.0,0.0
2022-07-03 05:00:00,12.3,78.0,0.0,0.33388,1013.6,16.1,0.0,0.0
2022-07-03 06:00:00,11.8,87.0,2.0,0.301433,1013.5,13.9,7.6,0.0
2022-07-03 07:00:00,11.1,83.0,240.0,0.278187,1013.6,13.9,5.4,0.0
2022-07-03 08:00:00,11.1,83.0,230.0,0.247032,1013.7,13.9,11.2,0.0
2022-07-03 09:00:00,11.1,83.0,220.0,0.231047,1014.0,13.9,7.6,0.0
2022-07-03 10:00:00,11.2,87.0,240.0,0.23266,1014.2,13.3,5.4,0.0
2022-07-03 11:00:00,10.7,84.0,2.0,0.232193,1014.4,13.3,5.4,0.0
2022-07-03 12:00:00,10.7,84.0,240.0,0.238431,1014.4,13.3,5.4,0.0
2022-07-03 13:00:00,11.1,83.0,0.0,0.250495,1014.4,13.9,0.0,0.0
2022-07-03 14:00:00,11.1,83.0,210.0,0.283144,1014.6,13.9,5.4,0.0
2022-07-03 15:00:00,11.1,83.0,210.0,0.284766,1014.6,13.9,5.4,0.0
2022-07-03 16:00:00,11.7,75.0,150.0,0.304172,1014.5,16.1,5.4,0.0
2022-07-03 17:00:00,11.7,75.0,90.0,0.293661,1014.5,16.1,5.4,0.0
2022-07-03 18:00:00,12.1,72.0,130.0,0.278008,1014.5,17.2,11.2,0.0
2022-07-03 19:00:00,11.6,65.0,130.0,0.233666,1014.4,18.3,7.6,0.0
2022-07-03 20:00:00,11.6,65.0,190.0,0.176994,1014.4,18.3,7.6,0.0
2022-07-03 21:00:00,11.7,55.0,100.0,0.239333,1013.5,21.1,9.4,0.0
2022-07-03 22:00:00,11.6,51.0,360.0,0.255198,1013.0,22.2,9.4,0.0
2022-07-03 23:00:00,12.3,57.0,2.0,0.350418,1012.7,21.1,9.4,0.0
2022-07-04 00:00:00,11.7,55.0,0.0,0.368257,1012.5,21.1,0.0,0.0
2022-07-04 01:00:00,11.7,55.0,0.0,0.394184,1012.5,21.1,0.0,0.0
2022-07-04 02:00:00,12.3,59.0,20.0,0.406377,1012.5,20.6,16.6,0.0
2022-07-04 03:00:00,11.6,65.0,10.0,0.396372,1012.7,18.3,9.4,0.0
2022-07-04 04:00:00,12.8,78.0,0.0,0.376451,1013.3,16.7,0.0,0.0
2022-07-04 05:00:00,12.8,78.0,0.0,0.336401,1013.3,16.7,0.0,0.0
2022-07-04 06:00:00,10.0,75.0,360.0,0.292539,1013.9,14.4,9.4,0.0
2022-07-04 07:00:00,9.9,80.0,340.0,0.265694,1013.8,13.3,7.6,0.0
2022-07-04 08:00:00,9.9,86.0,310.0,0.249831,1013.8,12.2,5.4,0.0
2022-07-04 09:00:00,9.4,96.0,250.0,0.229812,1014.0,10.0,9.4,0.0
2022-07-04 10:00:00,9.4,96.0,250.0,0.232249,1014.0,10.0,9.4,0.0
2022-07-04 11:00:00,9.4,92.0,2.0,0.234543,1014.5,10.6,7.6,0.0
2022-07-04 12:00:00,10.0,96.0,300.0,0.25112,1014.7,10.6,7.6,0.0
2022-07-04 13:00:00,10.6,90.0,0.0,0.256397,1014.9,12.2,0.0,0.0
2022-07-04 14:00:00,11.1,83.0,0.0,0.270336,1014.9,13.9,0.0,0.0
2022-07-04 15:00:00,11.1,83.0,0.0,0.27636,1014.9,13.9,0.0,0.0
2022-07-04 16:00:00,11.2,70.0,190.0,0.30594,1014.8,16.7,7.6,0.0
2022-07-04 17:00:00,11.2,70.0,190.0,0.300211,1014.8,16.7,7.6,0.0
2022-07-04 18:00:00,11.0,67.0,0.0,0.255889,1014.6,17.2,0.0,0.0
2022-07-04 19:00:00,11.7,61.0,220.0,0.21676,1014.5,19.4,5.4,0.0
2022-07-04 20:00:00,12.8,59.0,150.0,0.189978,1014.0,21.1,7.6,0.0
2022-07-04 21:00:00,12.2,53.0,0.0,0.231329,1013.6,22.2,0.0,0.0
2022-07-04 22:00:00,12.4,47.0,0.0,0.272087,1013.1,24.4,9.4,0.0
2022-07-04 23:00:00,9.8,41.0,0.0,0.309615,1012.8,23.9,9.4,0.0
2022-07-05 00:00:00,11.7,45.0,0.0,0.368822,1012.6,24.4,5.4,0.0
2022-07-05 01:00:00,11.7,45.0,165.0,0.42057,1012.6,24.4,5.4,0.0
2022-07-05 02:00:00,12.3,50.0,340.0,0.44489,1012.3,23.3,7.6,0.0
2022-07-05 03:00:00,12.8,57.0,160.0,0.419451,1012.5,21.7,5.4,0.0
2022-07-05 04:00:00,12.7,70.0,280.0,0.3827,1013.1,18.3,9.4,0.0
2022-07-05 05:00:00,12.2,80.0,270.0,0.348175,1013.3,15.6,7.6,0.0
2022-07-05 06:00:00,12.2,80.0,270.0,0.320327,1013.3,15.6,7.6,0.0
2022-07-05 07:00:00,12.2,80.0,280.0,0.289733,1013.3,15.6,9.4,0.0
2022-07-05 08:00:00,12.7,83.0,300.0,0.256899,1013.1,15.6,5.4,0.0
2022-07-05 09:00:00,12.3,87.0,240.0,0.242178,1013.1,14.4,5.4,0.0
2022-07-05 10:00:00,12.3,87.0,240.0,0.235419,1013.1,14.4,5.4,0.0
2022-07-05 11:00:00,12.3,87.0,0.0,0.245496,1013.0,14.4,5.4,0.0
2022-07-05 12:00:00,12.8,93.0,0.0,0.273948,1013.1,13.9,0.0,0.6
2022-07-05 13:00:00,12.9,87.0,0.0,0.289182,1013.2,15.0,0.0,0.0
2022-07-05 14:00:00,13.2,80.0,0.0,0.307239,1013.2,16.7,0.0,0.0
2022-07-05 15:00:00,13.2,80.0,0.0,0.307783,1013.2,16.7,0.0,0.0
2022-07-05 16:00:00,13.3,70.0,0.0,0.344517,1013.0,18.9,0.0,0.0
2022-07-05 17:00:00,14.5,84.0,2.0,0.370837,1013.0,17.2,0.0,1.6
2022-07-05 18:00:00,15.1,84.0,240.0,0.324061,1013.2,17.8,7.6,0.3
2022-07-05 19:00:00,15.1,84.0,240.0,0.277216,1013.2,17.8,7.6,0.3
2022-07-05 20:00:00,14.4,63.0,2.0,0.306006,1012.7,21.7,5.4,0.0
2022-07-05 21:00:00,15.1,76.0,280.0,0.364362,1012.9,19.4,7.6,0.0
2022-07-05 22:00:00,15.6,71.0,300.0,0.326152,1012.3,21.1,9.4,0.3
2022-07-05 23:00:00,15.6,73.0,0.0,0.366258,1012.5,20.6,9.4,0.3
2022-07-06 00:00:00,15.6,73.0,0.0,0.404004,1012.5,20.6,0.0,0.0
2022-07-06 01:00:00,15.0,73.0,230.0,0.417152,1012.6,20.0,5.4,0.0
2022-07-06 02:00:00,16.7,93.0,220.0,0.416813,1012.8,17.8,0.0,0.5
2022-07-06 03:00:00,16.7,93.0,150.0,0.413246,1013.0,17.8,7.6,0.3
2022-07-06 04:00:00,16.7,93.0,150.0,0.393486,1013.0,17.8,7.6,0.5
2022-07-06 05:00:00,16.1,93.0,0.0,0.339262,1014.0,17.2,0.0,0.0
2022-07-06 06:00:00,16.1,93.0,0.0,0.294473,1013.6,17.2,0.0,0.0
2022-07-06 07:00:00,16.1,96.0,230.0,0.269941,1013.3,16.7,7.6,0.0
2022-07-06 08:00:00,16.1,96.0,230.0,0.251916,1013.3,16.7,7.6,0.0
2022-07-06 09:00:00,15.6,93.0,240.0,0.237501,1013.2,16.7,7.6,0.0
2022-07-06 10:00:00,15.6,93.0,240.0,0.239364,1013.2,16.7,7.6,0.3
2022-07-06 11:00:00,15.6,97.0,0.0,0.250645,1013.1,16.1,0.0,0.0
2022-07-06 12:00:00,15.0,93.0,0.0,0.276365,1013.3,16.1,0.0,0.0
2022-07-06 13:00:00,15.0,93.0,0.0,0.310884,1013.6,16.1,0.0,0.0
2022-07-06 14:00:00,15.1,90.0,2.0,0.314546,1013.8,16.7,0.0,0.0
2022-07-06 15:00:00,15.1,90.0,200.0,0.319911,1013.8,16.7,7.6,0.0
2022-07-06 16:00:00,15.1,76.0,230.0,0.313841,1014.1,19.4,7.6,0.0
2022-07-06 17:00:00,14.5,66.0,0.0,0.251388,1014.0,21.1,7.6,0.0
2022-07-06 18:00:00,14.0,64.0,200.0,0.322366,1014.0,21.1,7.6,0.0
2022-07-06 19:00:00,14.0,64.0,200.0,0.302162,1014.0,21.1,7.6,0.0
2022-07-06 20:00:00,15.5,68.0,4.0,0.357966,1013.6,21.7,7.6,0.0
2022-07-06 21:00:00,15.1,64.0,130.0,0.335204,1013.6,22.2,7.6,0.0
2022-07-06 22:00:00,15.1,64.0,240.0,0.402095,1013.6,22.2,7.6,0.0
2022-07-06 23:00:00,14.3,61.0,3.0,0.426963,1013.4,22.2,11.2,0.0
2022-07-07 00:00:00,14.3,61.0,190.0,0.427601,1013.4,22.2,11.2,0.0
2022-07-07 01:00:00,14.5,68.0,250.0,0.455961,1013.7,20.6,13.0,0.0
2022-07-07 02:00:00,14.4,73.0,250.0,0.449788,1013.9,19.4,9.4,0.0
2022-07-07 03:00:00,14.5,81.0,240.0,0.436155,1014.2,17.8,9.4,0.0
2022-07-07 04:00:00,13.2,80.0,250.0,0.424154,1014.7,16.7,5.4,0.0
2022-07-07 05:00:00,13.2,80.0,250.0,0.372462,1014.7,16.7,5.4,0.0
2022-07-07 06:00:00,12.8,93.0,230.0,0.317627,1015.0,13.9,9.4,0.0
2022-07-07 07:00:00,12.2,93.0,250.0,0.280042,1015.2,13.3,11.2,0.0
2022-07-07 08:00:00,13.3,93.0,240.0,0.264268,1015.4,14.4,11.2,0.0
2022-07-07 09:00:00,13.4,90.0,240.0,0.265416,1015.6,15.0,9.4,0.0
2022-07-07 10:00:00,13.4,90.0,240.0,0.269728,1015.6,15.0,9.4,0.0
2022-07-07 11:00:00,13.3,93.0,2.0,0.269277,1015.9,14.4,7.6,0.0
2022-07-07 12:00:00,13.4,90.0,250.0,0.29716,1016.3,15.0,5.4,0.0
2022-07-07 13:00:00,13.4,90.0,260.0,0.322208,1016.7,15.0,5.4,0.0
2022-07-07 14:00:00,13.4,84.0,2.0,0.342625,1017.0,16.1,5.4,0.0
2022-07-07 15:00:00,13.4,84.0,270.0,0.345259,1017.0,16.1,5.4,0.0
2022-07-07 16:00:00,13.4,73.0,200.0,0.344078,1017.4,18.3,11.2,0.0
2022-07-07 17:00:00,13.3,70.0,0.0,0.321455,1017.6,18.9,11.2,0.0
2022-07-07 18:00:00,14.0,71.0,190.0,0.284388,1017.6,19.4,7.6,0.0
2022-07-07 19:00:00,14.0,71.0,190.0,0.249644,1017.6,19.4,7.6,0.0
2022-07-07 20:00:00,14.3,61.0,140.0,0.213823,1017.1,22.2,7.6,0.0
2022-07-07 21:00:00,14.3,57.0,227.0,0.2636,1016.8,23.3,11.2,0.0
2022-07-07 22:00:00,13.2,53.0,170.0,0.356806,1016.9,23.3,9.4,0.0
2022-07-07 23:00:00,13.2,53.0,170.0,0.345567,1016.9,23.3,9.4,0.0
2022-07-08 00:00:00,14.3,55.0,240.0,0.40461,1016.5,23.9,16.6,0.0
2022-07-08 01:00:00,14.3,55.0,240.0,0.458802,1016.5,23.9,16.6,0.0
2022-07-08 02:00:00,14.4,59.0,250.0,0.475879,1016.6,22.8,20.5,0.0
2022-07-08 03:00:00,13.3,75.0,240.0,0.455253,1017.4,17.8,14.8,0.0
2022-07-08 04:00:00,13.3,75.0,240.0,0.433255,1017.4,17.8,14.8,0.0
2022-07-08 05:00:00,12.3,87.0,3.0,0.380016,1018.4,14.4,5.4,0.0
2022-07-08 06:00:00,12.9,87.0,230.0,0.310589,1018.4,15.0,11.2,0.0
2022-07-08 07:00:00,12.9,87.0,230.0,0.285434,1018.4,15.0,11.2,0.0
2022-07-08 08:00:00,12.3,87.0,2.0,0.263872,1018.6,14.4,11.2,0.0
2022-07-08 09:00:00,12.3,90.0,240.0,0.250057,1018.9,13.9,9.4,0.0
2022-07-08 10:00:00,12.3,90.0,240.0,0.246325,1018.9,13.9,9.4,0.0
2022-07-08 11:00:00,12.3,87.0,2.0,0.254049,1019.2,14.4,5.4,0.0
2022-07-08 12:00:00,12.3,90.0,280.0,0.276951,1019.4,13.9,7.6,0.0
2022-07-08 13:00:00,12.3,87.0,260.0,0.302368,1019.6,14.4,5.4,0.0
2022-07-08 14:00:00,12.9,87.0,280.0,0.318064,1019.8,15.0,5.4,0.0
2022-07-08 15:00:00,12.9,87.0,280.0,0.335903,1019.8,15.0,5.4,0.0
2022-07-08 16:00:00,14.0,71.0,20.0,0.282625,1019.9,19.4,5.4,0.0
2022-07-08 17:00:00,13.3,63.0,0.0,0.249591,1019.7,20.6,5.4,0.0
2022-07-08 18:00:00,12.8,57.0,0.0,0.290689,1019.4,21.7,5.4,0.0
2022-07-08 19:00:00,12.8,57.0,180.0,0.225922,1019.4,21.7,5.4,0.0
2022-07-08 20:00:00,14.5,54.0,180.0,0.232054,1019.1,24.4,5.4,0.0
2022-07-08 21:00:00,13.9,50.0,130.0,0.26128,1018.8,25.0,9.4,0.0
2022-07-08 22:00:00,13.2,45.0,210.0,0.310114,1018.4,26.1,7.6,0.0
2022-07-08 23:00:00,13.2,45.0,210.0,0.421363,1018.4,26.1,7.6,0.0
2022-07-09 00:00:00,13.8,45.0,320.0,0.440928,1017.9,26.7,9.4,0.0
2022-07-09 01:00:00,13.8,45.0,320.0,0.493716,1017.9,26.7,9.4,0.0
2022-07-09 02:00:00,14.0,54.0,3.0,0.496454,1017.9,23.9,16.6,0.0
2022-07-09 03:00:00,12.8,61.0,230.0,0.480829,1018.2,20.6,16.6,0.0
2022-07-09 04:00:00,12.8,61.0,230.0,0.451774,1018.2,20.6,16.6,0.0
2022-07-09 05:00:00,12.3,68.0,280.0,0.396757,1018.7,18.3,7.6,0.0
2022-07-09 06:00:00,12.7,83.0,250.0,0.333498,1019.1,15.6,11.2,0.0
2022-07-09 07:00:00,12.1,83.0,270.0,0.292871,1019.5,15.0,5.4,0.0
2022-07-09 08:00:00,12.3,87.0,2.0,0.271384,1019.5,14.4,5.4,0.0
2022-07-09 09:00:00,12.3,87.0,290.0,0.249599,1019.5,14.4,7.6,0.0
2022-07-09 10:00:00,11.8,87.0,300.0,0.249524,1019.5,13.9,9.4,0.0
2022-07-09 11:00:00,11.7,97.0,2.0,0.249944,1019.8,12.2,9.4,0.0
2022-07-09 12:00:00,11.0,89.0,270.0,0.25575,1020.1,12.8,5.4,0.0
2022-07-09 13:00:00,12.3,87.0,270.0,0.287309,1020.5,14.4,7.6,0.0
2022-07-09 14:00:00,12.3,87.0,270.0,0.3134,1020.5,14.4,7.6,0.0
2022-07-09 15:00:00,12.3,70.0,270.0,0.326463,1021.3,17.8,7.6,0.0
2022-07-09 16:00:00,12.7,63.0,350.0,0.296431,1021.6,20.0,7.6,0.0
2022-07-09 17:00:00,13.3,59.0,20.0,0.255483,1021.5,21.7,7.6,0.0
2022-07-09 18:00:00,13.3,59.0,20.0,0.243348,1021.5,21.7,7.6,0.0
2022-07-09 19:00:00,13.9,52.0,202.0,0.242355,1021.1,24.4,5.4,0.0
2022-07-09 20:00:00,13.9,52.0,214.0,0.275107,1021.1,24.4,5.4,0.0
2022-07-09 21:00:00,13.8,48.0,210.0,0.287286,1020.8,25.6,5.4,0.0
2022-07-09 22:00:00,11.8,41.0,210.0,0.329865,1020.7,26.1,13.0,0.0
2022-07-09 23:00:00,12.8,41.0,270.0,0.372247,1020.9,27.2,13.0,0.0
2022-07-10 00:00:00,10.7,38.0,260.0,0.423705,1021.4,26.1,24.1,0.0
2022-07-10 01:00:00,10.7,38.0,260.0,0.462524,1021.4,26.1,24.1,0.0
2022-07-10 02:00:00,12.3,57.0,240.0,0.460825,1022.6,21.1,16.6,0.0
2022-07-10 03:00:00,11.6,65.0,220.0,0.42008,1022.9,18.3,20.5,0.0
2022-07-10 04:00:00,11.6,65.0,220.0,0.38785,1022.9,18.3,20.5,0.0
2022-07-10 05:00:00,11.2,75.0,220.0,0.357038,1024.7,15.6,9.4,0.0
2022-07-10 06:00:00,11.1,83.0,230.0,0.318944,1024.9,13.9,9.4,0.0
2022-07-10 07:00:00,11.0,89.0,250.0,0.284601,1025.2,12.8,7.6,0.0
2022-07-10 08:00:00,11.8,87.0,280.0,0.264834,1025.4,13.9,5.4,0.0
2022-07-10 09:00:00,11.8,87.0,280.0,0.238297,1025.4,13.9,5.4,0.0
2022-07-10 10:00:00,11.2,87.0,310.0,0.23188,1026.1,13.3,5.4,0.0
2022-07-10 11:00:00,11.1,83.0,0.0,0.232559,1026.2,13.9,0.0,0.0
2022-07-10 12:00:00,10.6,90.0,0.0,0.24331,1026.8,12.2,0.0,0.0
2022-07-10 13:00:00,10.6,90.0,0.0,0.259524,1026.8,12.2,0.0,0.0
2022-07-10 14:00:00,11.8,78.0,0.0,0.270045,1027.2,15.6,0.0,0.0
2022-07-10 15:00:00,11.7,70.0,0.0,0.271811,1027.3,17.2,0.0,0.0
2022-07-10 16:00:00,12.2,65.0,0.0,0.241489,1027.2,18.9,5.4,0.0
2022-07-10 17:00:00,12.3,57.0,70.0,0.208468,1026.7,21.1,11.2,0.0
2022-07-10 18:00:00,11.6,51.0,0.0,0.190598,1026.5,22.2,0.0,0.0
2022-07-10 19:00:00,11.6,51.0,0.0,0.200419,1026.5,22.2,0.0,0.0
2022-07-10 20:00:00,12.8,50.0,330.0,0.221573,1026.2,23.9,11.0,0.0
2022-07-10 21:00:00,12.7,48.0,330.0,0.2566,1026.0,24.4,11.2,0.0
2022-07-10 22:00:00,13.8,45.0,60.0,0.30405,1025.0,26.7,13.0,0.0
2022-07-10 23:00:00,13.8,45.0,60.0,0.388084,1025.0,26.7,13.0,0.0
2022-07-11 00:00:00,14.5,47.0,10.0,0.466223,1024.6,26.7,16.6,0.0
2022-07-11 01:00:00,14.5,47.0,30.0,0.532042,1024.0,26.7,13.0,0.0
2022-07-11 02:00:00,13.2,48.0,360.0,0.544195,1023.4,25.0,18.4,0.0
2022-07-11 03:00:00,12.7,53.0,360.0,0.513213,1023.4,22.8,11.2,0.0
2022-07-11 04:00:00,12.7,53.0,360.0,0.470321,1023.4,22.8,11.2,0.0
2022-07-11 05:00:00,13.3,70.0,20.0,0.409148,1023.8,18.9,11.2,0.0
2022-07-11 06:00:00,13.4,73.0,330.0,0.333671,1023.3,18.3,9.4,0.0
2022-07-11 07:00:00,13.4,73.0,340.0,0.30394,1022.9,18.3,7.6,0.0
2022-07-11 08:00:00,13.4,73.0,340.0,0.269527,1022.9,18.3,7.6,0.0
2022-07-11 09:00:00,12.3,78.0,340.0,0.263679,1021.8,16.1,5.4,0.0
2022-07-11 10:00:00,12.2,75.0,360.0,0.249187,1021.3,16.7,11.2,0.0
2022-07-11 11:00:00,12.2,75.0,360.0,0.254211,1020.7,16.7,7.6,0.0
2022-07-11 12:00:00,12.2,75.0,360.0,0.287157,1020.2,16.7,14.8,0.0
2022-07-11 13:00:00,12.2,75.0,360.0,0.327306,1020.2,16.7,14.8,0.0
2022-07-11 14:00:00,12.9,68.0,10.0,0.344095,1019.6,18.9,13.0,0.0
2022-07-11 15:00:00,13.3,57.0,10.0,0.326369,1019.1,22.2,13.0,0.0
2022-07-11 16:00:00,14.5,54.0,10.0,0.299055,1018.7,24.4,18.4,0.0
2022-07-11 17:00:00,14.5,47.0,10.0,0.288387,1017.9,26.7,18.4,0.0
2022-07-11 18:00:00,14.5,47.0,340.0,0.303085,1017.9,26.7,20.5,0.0
2022-07-11 19:00:00,15.5,39.0,10.0,0.331401,1016.1,31.1,13.0,0.0
2022-07-11 20:00:00,15.5,39.0,10.0,0.361985,1016.1,31.1,13.0,0.0
2022-07-11 21:00:00,14.3,30.0,30.0,0.415354,1014.1,34.4,24.1,0.0
2022-07-11 22:00:00,14.3,30.0,30.0,0.486235,1014.1,34.4,24.1,0.0
2022-07-11 23:00:00,13.8,28.0,30.0,0.546015,1013.2,35.0,22.3,0.0
2022-07-12 00:00:00,14.3,29.0,20.0,0.606104,1012.5,35.0,16.6,0.0
2022-07-12 01:00:00,13.8,28.0,20.0,0.667139,1011.2,35.0,16.6,0.0
2022-07-12 02:00:00,13.8,28.0,20.0,0.688355,1011.2,35.0,16.6,0.0
2022-07-12 03:00:00,15.1,38.0,360.0,0.669313,1011.1,31.1,18.4,0.0
2022-07-12 04:00:00,14.0,39.0,350.0,0.624454,1011.2,29.4,22.3,0.0
2022-07-12 05:00:00,12.8,41.0,6.0,0.547594,1011.3,27.2,20.5,0.0
2022-07-12 06:00:00,13.8,45.0,350.0,0.451062,1011.0,26.7,20.5,0.0
2022-07-12 07:00:00,13.9,47.0,350.0,0.393845,1010.9,26.1,22.3,0.0
2022-07-12 08:00:00,13.9,47.0,350.0,0.360704,1010.9,26.1,22.3,0.0
2022-07-12 09:00:00,13.2,53.0,360.0,0.318728,1011.0,23.3,5.4,0.0
2022-07-12 10:00:00,13.9,81.0,250.0,0.314161,1011.0,17.2,5.4,0.0
2022-07-12 11:00:00,13.9,81.0,250.0,0.302369,1011.1,17.2,5.4,0.0
2022-07-12 12:00:00,13.4,84.0,0.0,0.323896,1011.4,16.1,0.0,0.0
2022-07-12 13:00:00,13.4,84.0,0.0,0.356506,1011.4,16.1,0.0,0.0
2022-07-12 14:00:00,14.5,66.0,0.0,0.377406,1012.2,21.1,0.0,0.0
2022-07-12 15:00:00,15.6,62.0,0.0,0.370433,1012.4,23.3,0.0,0.0
2022-07-12 16:00:00,14.9,50.0,0.0,0.359967,1012.0,26.1,5.4,0.0
2022-07-12 17:00:00,13.2,38.0,3.0,0.345779,1011.7,28.9,5.4,0.0
2022-07-12 18:00:00,13.2,38.0,20.0,0.378839,1011.7,28.9,11.2,0.0
2022-07-12 19:00:00,12.0,30.0,30.0,0.407577,1011.1,31.7,16.6,0.0
2022-07-12 20:00:00,12.4,29.0,20.0,0.416566,1010.7,32.8,16.6,0.0
2022-07-12 21:00:00,12.4,29.0,20.0,0.459463,1010.7,32.8,16.6,0.0
2022-07-12 22:00:00,11.7,26.0,300.0,0.525579,1010.2,33.9,13.0,0.0
2022-07-12 23:00:00,16.2,37.0,220.0,0.546668,1009.8,32.8,18.4,0.0
2022-07-13 00:00:00,16.2,48.0,230.0,0.576751,1009.9,28.3,24.1,0.0
2022-07-13 01:00:00,15.0,52.0,220.0,0.616376,1010.2,25.6,22.3,0.0
2022-07-13 02:00:00,13.8,59.0,220.0,0.588655,1011.1,22.2,22.3,0.0
2022-07-13 03:00:00,13.8,59.0,220.0,0.530218,1011.1,22.2,22.3,0.0
2022-07-13 04:00:00,12.2,75.0,230.0,0.489855,1013.1,16.7,16.6,0.0
2022-07-13 05:00:00,11.8,81.0,240.0,0.422552,1014.1,15.0,14.8,0.0
2022-07-13 06:00:00,11.2,81.0,250.0,0.345175,1014.5,14.4,9.4,0.0
2022-07-13 07:00:00,10.7,81.0,270.0,0.296726,1014.9,13.9,11.2,0.0
2022-07-13 08:00:00,10.7,81.0,270.0,0.280461,1014.9,13.9,11.2,0.0
2022-07-13 09:00:00,10.7,84.0,0.0,0.265793,1015.4,13.3,0.0,0.0
2022-07-13 10:00:00,9.9,86.0,280.0,0.262202,1015.9,12.2,7.6,0.0
2022-07-13 11:00:00,9.9,89.0,2.0,0.26865,1016.3,11.7,7.6,0.0
2022-07-13 12:00:00,10.0,93.0,0.0,0.299061,1016.8,11.1,0.0,0.0
2022-07-13 13:00:00,10.0,93.0,0.0,0.328746,1016.8,11.1,0.0,0.0
2022-07-13 14:00:00,10.6,78.0,250.0,0.33605,1017.6,14.4,0.0,0.0
2022-07-13 15:00:00,10.0,67.0,0.0,0.324184,1017.7,16.1,5.4,0.0
2022-07-13 16:00:00,9.9,60.0,26.0,0.296182,1017.6,17.8,7.6,0.0
2022-07-13 17:00:00,10.7,57.0,0.0,0.253624,1017.4,19.4,7.6,0.0
2022-07-13 18:00:00,10.7,57.0,0.0,0.245594,1017.4,19.4,0.0,0.0
2022-07-13 19:00:00,11.2,48.0,330.0,0.242297,1017.1,22.8,14.8,0.0
2022-07-13 20:00:00,11.7,45.0,10.0,0.252725,1016.6,24.4,14.8,0.0
2022-07-13 21:00:00,11.7,45.0,10.0,0.287089,1016.6,24.4,14.8,0.0
2022-07-13 22:00:00,11.2,38.0,10.0,0.329741,1015.8,26.7,13.0,0.0
2022-07-13 23:00:00,11.2,38.0,10.0,0.414887,1015.8,26.7,13.0,0.0
2022-07-14 00:00:00,10.8,37.0,57.0,0.481545,1015.1,26.7,5.4,0.0
2022-07-14 01:00:00,10.8,37.0,10.0,0.538926,1015.1,26.7,5.4,0.0
2022-07-14 02:00:00,11.2,42.0,10.0,0.544408,1015.2,25.0,13.0,0.0
2022-07-14 03:00:00,11.2,42.0,360.0,0.495636,1015.2,25.0,13.0,0.0
2022-07-14 04:00:00,12.3,70.0,270.0,0.460324,1016.3,17.8,11.2,0.0
2022-07-14 05:00:00,11.8,78.0,4.0,0.395504,1016.8,15.6,11.2,0.0
2022-07-14 06:00:00,11.2,81.0,270.0,0.33598,1017.0,14.4,11.2,0.0
2022-07-14 07:00:00,11.1,83.0,250.0,0.287008,1017.2,13.9,7.6,0.0
2022-07-14 08:00:00,11.1,83.0,250.0,0.268436,1017.2,13.9,7.6,0.0
2022-07-14 09:00:00,10.7,87.0,0.0,0.258951,1017.6,12.8,0.0,0.0
2022-07-14 10:00:00,10.6,90.0,290.0,0.25134,1017.6,12.2,7.6,0.0
2022-07-14 11:00:00,9.9,89.0,0.0,0.259047,1017.8,11.7,7.6,0.0
2022-07-14 12:00:00,9.9,89.0,0.0,0.285139,1017.8,11.7,0.0,0.0
2022-07-14 13:00:00,10.6,90.0,0.0,0.316563,1018.0,12.2,0.0,0.0
2022-07-14 14:00:00,11.7,84.0,0.0,0.338214,1018.3,14.4,0.0,0.0
2022-07-14 15:00:00,11.7,75.0,0.0,0.30821,1018.3,16.1,0.0,0.0
2022-07-14 16:00:00,11.6,65.0,310.0,0.260189,1017.8,18.3,9.4,0.0
2022-07-14 17:00:00,11.6,65.0,310.0,0.246433,1017.8,18.3,9.4,0.0
2022-07-14 18:00:00,13.2,53.0,10.0,0.231928,1016.6,23.3,5.4,0.0
2022-07-14 19:00:00,12.8,50.0,335.0,0.242,1016.1,23.9,7.6,0.0
2022-07-14 20:00:00,12.8,45.0,340.0,0.261377,1015.4,25.6,9.4,0.0
2022-07-14 21:00:00,12.7,42.0,340.0,0.296541,1014.8,26.7,5.4,0.0
2022-07-14 22:00:00,12.7,42.0,200.0,0.357693,1014.8,26.7,5.4,0.0
2022-07-14 23:00:00,13.4,40.0,2.0,0.422468,1013.9,28.3,13.0,0.0
2022-07-15 00:00:00,14.1,43.0,210.0,0.498624,1013.7,27.8,20.5,0.0
2022-07-15 01:00:00,12.9,44.0,230.0,0.54098,1013.8,26.1,18.4,0.0
2022-07-15 02:00:00,11.7,48.0,220.0,0.530238,1014.2,23.3,18.4,0.0
2022-07-15 03:00:00,11.7,48.0,220.0,0.500574,1014.2,23.3,18.4,0.0
2022-07-15 04:00:00,11.1,72.0,220.0,0.455371,1015.4,16.1,20.5,0.0
2022-07-15 05:00:00,10.6,75.0,6.0,0.392287,1015.8,15.0,20.5,0.0
2022-07-15 06:00:00,9.9,77.0,220.0,0.333652,1016.0,13.9,18.4,0.0
2022-07-15 07:00:00,9.9,77.0,220.0,0.299503,1016.0,13.9,18.4,0.0
2022-07-15 08:00:00,10.0,83.0,220.0,0.261841,1017.0,12.8,16.6,0.0
2022-07-15 09:00:00,9.4,86.0,240.0,0.249612,1017.6,11.7,9.4,0.0
2022-07-15 10:00:00,8.3,89.0,190.0,0.250168,1018.0,10.0,9.4,0.0
2022-07-15 11:00:00,8.9,89.0,0.0,0.254998,1018.5,10.6,0.0,0.0
2022-07-15 12:00:00,8.9,89.0,0.0,0.283907,1018.5,10.6,0.0,0.0
2022-07-15 13:00:00,9.9,89.0,0.0,0.304824,1018.8,11.7,0.0,0.0
2022-07-15 14:00:00,9.9,89.0,0.0,0.329793,1018.8,11.7,0.0,0.0
2022-07-15 15:00:00,10.6,75.0,0.0,0.317492,1019.3,15.0,0.0,0.0
2022-07-15 16:00:00,11.2,70.0,0.0,0.282835,1019.1,16.7,5.4,0.0
2022-07-15 17:00:00,11.2,70.0,223.0,0.246775,1019.1,16.7,5.4,0.0
2022-07-15 18:00:00,11.2,55.0,210.0,0.245873,1018.9,20.6,7.6,0.0
2022-07-15 19:00:00,9.6,43.0,209.0,0.240427,1018.5,22.8,7.6,0.0
2022-07-15 20:00:00,9.9,40.0,200.0,0.238201,1018.1,24.4,13.0,0.0
2022-07-15 21:00:00,11.8,41.0,200.0,0.273344,1017.8,26.1,9.4,0.0
2022-07-15 22:00:00,11.8,41.0,210.0,0.331822,1017.8,26.1,9.4,0.0
2022-07-15 23:00:00,13.3,41.0,5.0,0.405834,1016.9,27.8,20.5,0.0
2022-07-16 00:00:00,12.2,38.0,230.0,0.479627,1016.9,27.8,18.4,0.0
2022-07-16 01:00:00,12.2,42.0,240.0,0.538024,1016.8,26.1,16.6,0.0
2022-07-16 02:00:00,12.2,42.0,240.0,0.536265,1016.8,26.1,16.6,0.0
2022-07-16 03:00:00,14.0,64.0,220.0,0.50412,1017.1,21.1,16.6,0.0
2022-07-16 04:00:00,14.0,73.0,220.0,0.459625,1017.6,18.9,18.4,0.0
2022-07-16 05:00:00,13.9,78.0,4.0,0.414135,1017.9,17.8,18.4,0.0
2022-07-16 06:00:00,14.0,84.0,230.0,0.355513,1017.8,16.7,13.0,0.0
2022-07-16 07:00:00,14.0,84.0,230.0,0.321643,1017.8,16.7,13.0,0.0
2022-07-16 08:00:00,14.0,90.0,240.0,0.299918,1018.2,15.6,9.4,0.0
2022-07-16 09:00:00,14.0,90.0,290.0,0.283537,1018.2,15.6,5.4,0.0
2022-07-16 10:00:00,14.0,90.0,290.0,0.284217,1018.2,15.6,5.4,0.0
2022-07-16 11:00:00,14.0,90.0,280.0,0.284285,1018.5,15.6,5.4,0.0
2022-07-16 12:00:00,14.0,90.0,280.0,0.298979,1018.5,15.6,5.4,0.0
2022-07-16 13:00:00,14.5,90.0,0.0,0.32439,1018.7,16.1,0.0,0.0
2022-07-16 14:00:00,14.5,84.0,250.0,0.356316,1018.9,17.2,5.4,0.0
2022-07-16 15:00:00,15.0,87.0,340.0,0.371558,1019.0,17.2,5.4,0.0
2022-07-16 16:00:00,15.0,87.0,340.0,0.386017,1019.0,17.2,5.4,0.0
2022-07-16 17:00:00,15.1,84.0,360.0,0.371381,1019.1,17.8,9.4,0.0
2022-07-16 18:00:00,15.5,84.0,20.0,0.394811,1019.3,18.3,5.4,0.0
2022-07-16 19:00:00,15.0,78.0,310.0,0.334171,1019.3,18.9,5.4,0.0
2022-07-16 20:00:00,15.0,78.0,310.0,0.338715,1019.3,18.9,5.4,0.0
2022-07-16 21:00:00,15.5,68.0,10.0,0.326705,1018.9,21.7,7.6,0.0
2022-07-16 22:00:00,15.7,60.0,350.0,0.359553,1017.9,23.9,7.6,0.0
2022-07-16 23:00:00,14.4,59.0,3.0,0.381274,1017.2,22.8,7.6,0.0
2022-07-17 00:00:00,14.3,57.0,330.0,0.373458,1016.8,23.3,5.4,0.0
2022-07-17 01:00:00,14.3,57.0,0.0,0.442787,1016.5,23.3,0.0,0.0
2022-07-17 02:00:00,13.3,61.0,0.0,0.465334,1016.5,21.1,0.0,0.0
2022-07-17 03:00:00,13.3,61.0,230.0,0.424695,1016.5,21.1,20.5,0.0
2022-07-17 04:00:00,11.2,61.0,330.0,0.408882,1017.6,18.9,9.4,0.0
2022-07-17 05:00:00,10.6,65.0,3.0,0.369665,1017.8,17.2,9.4,0.0
2022-07-17 06:00:00,11.2,75.0,230.0,0.316789,1017.8,15.6,11.2,0.0
2022-07-17 07:00:00,11.2,75.0,230.0,0.270851,1017.8,15.6,11.2,0.0
2022-07-17 08:00:00,11.2,78.0,250.0,0.248806,1017.8,15.0,7.6,0.0
2022-07-17 09:00:00,11.2,75.0,270.0,0.241242,1017.9,15.6,5.4,0.0
2022-07-17 10:00:00,11.2,78.0,260.0,0.23131,1017.8,15.0,5.4,0.0
2022-07-17 11:00:00,11.2,75.0,320.0,0.235442,1017.9,15.6,7.6,0.0
2022-07-17 12:00:00,11.2,75.0,320.0,0.251086,1017.9,15.6,7.6,0.0
2022-07-17 13:00:00,9.5,67.0,360.0,0.263932,1018.1,15.6,7.6,0.0
2022-07-17 14:00:00,8.3,60.0,360.0,0.295599,1018.2,16.1,9.4,0.0
2022-07-17 15:00:00,8.9,58.0,20.0,0.305296,1018.0,17.2,14.8,0.0
2022-07-17 16:00:00,8.9,58.0,20.0,0.301036,1018.0,17.2,14.8,0.0
2022-07-17 17:00:00,9.6,51.0,30.0,0.265458,1017.7,20.0,9.4,0.0
2022-07-17 18:00:00,9.5,49.0,3.0,0.31946,1017.7,20.6,9.4,0.0
2022-07-17 19:00:00,8.4,44.0,330.0,0.261562,1017.4,21.1,7.6,0.0
2022-07-17 20:00:00,9.6,43.0,330.0,0.247215,1016.7,22.8,11.2,0.0
2022-07-17 21:00:00,9.6,43.0,360.0,0.324927,1016.7,22.8,11.2,0.0
2022-07-17 22:00:00,10.0,46.0,360.0,0.367453,1016.4,22.2,16.6,0.0
2022-07-17 23:00:00,10.0,46.0,340.0,0.413273,1016.2,22.2,16.6,0.0
2022-07-18 00:00:00,9.9,47.0,30.0,0.449781,1016.0,21.7,16.6,0.0
2022-07-18 01:00:00,9.6,51.0,360.0,0.483543,1016.1,20.0,14.8,0.0
2022-07-18 02:00:00,9.6,51.0,360.0,0.465288,1016.1,20.0,14.8,0.0
2022-07-18 03:00:00,9.4,56.0,320.0,0.460135,1016.7,18.3,18.4,0.0
2022-07-18 04:00:00,9.5,65.0,340.0,0.42943,1017.4,16.1,9.4,0.0
2022-07-18 05:00:00,8.8,64.0,290.0,0.380749,1018.0,15.6,7.6,0.0
2022-07-18 06:00:00,8.9,80.0,250.0,0.307825,1018.2,12.2,7.6,0.0
2022-07-18 07:00:00,8.9,80.0,250.0,0.270167,1018.2,12.2,7.6,0.0
2022-07-18 08:00:00,8.9,83.0,0.0,0.255025,1019.1,11.7,0.0,0.0
2022-07-18 09:00:00,8.3,93.0,0.0,0.244956,1019.3,9.4,0.0,0.0
2022-07-18 10:00:00,8.3,93.0,0.0,0.232349,1019.7,9.4,0.0,0.0
2022-07-18 11:00:00,8.3,93.0,0.0,0.251399,1019.7,9.4,0.0,0.0
2022-07-18 12:00:00,6.8,97.0,0.0,0.273002,1020.7,7.2,0.0,0.0
2022-07-18 13:00:00,8.9,93.0,230.0,0.316844,1021.3,10.0,5.4,0.0
2022-07-18 14:00:00,9.9,77.0,10.0,0.348049,1021.6,13.9,7.6,0.0
2022-07-18 15:00:00,10.0,67.0,50.0,0.313054,1021.7,16.1,9.4,0.0
2022-07-18 16:00:00,10.0,67.0,50.0,0.279052,1021.7,16.1,9.4,0.0
2022-07-18 17:00:00,10.7,59.0,50.0,0.247462,1021.3,18.9,13.0,0.0
2022-07-18 18:00:00,10.7,59.0,50.0,0.222881,1021.3,18.9,13.0,0.0
2022-07-18 19:00:00,12.8,57.0,360.0,0.214686,1020.6,21.7,16.6,0.0
2022-07-18 20:00:00,12.1,51.0,40.0,0.214323,1019.8,22.8,18.4,0.0
2022-07-18 21:00:00,12.1,51.0,40.0,0.233844,1019.8,22.8,18.4,0.0
2022-07-18 22:00:00,12.9,47.0,10.0,0.298531,1018.5,25.0,18.4,0.0
2022-07-18 23:00:00,12.9,47.0,10.0,0.373024,1018.5,25.0,18.4,0.0
2022-07-19 00:00:00,13.2,45.0,20.0,0.445682,1017.3,26.1,14.8,0.0
2022-07-19 01:00:00,13.5,47.0,360.0,0.52202,1016.3,25.6,22.3,0.0
2022-07-19 02:00:00,13.5,47.0,360.0,0.527936,1016.3,25.6,22.3,0.0
2022-07-19 03:00:00,12.3,55.0,20.0,0.487162,1016.1,21.7,14.8,0.0
2022-07-19 04:00:00,12.3,59.0,360.0,0.457628,1016.6,20.6,11.2,0.0
2022-07-19 05:00:00,12.9,66.0,360.0,0.394616,1016.5,19.4,13.0,0.0
2022-07-19 06:00:00,12.9,66.0,360.0,0.334013,1016.5,19.4,13.0,0.0
2022-07-19 07:00:00,11.8,81.0,260.0,0.296584,1016.6,15.0,5.4,0.0
2022-07-19 08:00:00,11.7,93.0,260.0,0.275545,1016.6,12.8,7.6,0.0
2022-07-19 09:00:00,11.1,93.0,290.0,0.267086,1016.6,12.2,5.4,0.0
2022-07-19 10:00:00,10.6,93.0,0.0,0.260365,1016.8,11.7,0.0,0.0
2022-07-19 11:00:00,10.6,93.0,0.0,0.265298,1016.8,11.7,0.0,0.0
2022-07-19 12:00:00,10.0,96.0,0.0,0.301468,1016.8,10.6,0.0,0.0
2022-07-19 13:00:00,11.7,93.0,0.0,0.322859,1017.1,12.8,0.0,0.0
2022-07-19 14:00:00,12.7,83.0,0.0,0.350122,1017.3,15.6,0.0,0.0
2022-07-19 15:00:00,13.4,73.0,0.0,0.33107,1017.2,18.3,0.0,0.0
2022-07-19 16:00:00,13.4,73.0,0.0,0.303488,1017.2,18.3,0.0,0.0
2022-07-19 17:00:00,14.3,57.0,30.0,0.270859,1016.5,23.3,9.4,0.0
2022-07-19 18:00:00,15.0,52.0,30.0,0.261213,1016.2,25.6,9.4,0.0
2022-07-19 19:00:00,15.1,46.0,50.0,0.265498,1015.7,27.8,9.4,0.0
2022-07-19 20:00:00,15.1,46.0,50.0,0.301816,1015.7,27.8,9.4,0.0
2022-07-19 21:00:00,14.4,40.0,9.0,0.345154,1014.6,29.4,5.4,0.0
2022-07-19 22:00:00,13.8,36.0,280.0,0.403861,1014.3,30.6,5.4,0.0
2022-07-19 23:00:00,13.0,32.0,0.0,0.477431,1013.9,31.7,5.4,0.0
2022-07-20 00:00:00,11.0,28.0,330.0,0.569048,1013.6,31.7,7.6,0.0
2022-07-20 01:00:00,11.0,28.0,330.0,0.641548,1013.6,31.7,7.6,0.0
2022-07-20 02:00:00,16.8,53.0,4.0,0.647199,1013.8,27.2,0.0,0.0
2022-07-20 03:00:00,16.8,53.0,230.0,0.584081,1014.2,27.2,18.4,0.0
2022-07-20 04:00:00,15.0,68.0,250.0,0.539057,1014.8,21.1,13.0,0.0
2022-07-20 05:00:00,14.0,71.0,3.0,0.455191,1015.2,19.4,13.0,0.0
2022-07-20 06:00:00,14.0,71.0,280.0,0.370415,1015.2,19.4,11.2,0.0
2022-07-20 07:00:00,12.7,75.0,290.0,0.334898,1015.8,17.2,7.6,0.0
2022-07-20 08:00:00,12.8,78.0,280.0,0.306181,1016.1,16.7,5.4,0.0
2022-07-20 09:00:00,12.3,78.0,0.0,0.297907,1016.3,16.1,0.0,0.0
2022-07-20 10:00:00,12.3,78.0,0.0,0.28318,1016.3,16.1,0.0,0.0
2022-07-20 11:00:00,11.8,87.0,290.0,0.285106,1017.2,13.9,5.4,0.0
2022-07-20 12:00:00,11.8,87.0,290.0,0.31465,1017.5,13.9,5.4,0.0
2022-07-20 13:00:00,12.1,83.0,270.0,0.344099,1017.8,15.0,5.4,0.0
2022-07-20 14:00:00,13.3,78.0,0.0,0.388393,1018.2,17.2,0.0,0.0
2022-07-20 15:00:00,13.3,78.0,0.0,0.370756,1018.2,17.2,0.0,0.0
2022-07-20 16:00:00,14.4,59.0,0.0,0.347494,1018.2,22.8,0.0,0.0
2022-07-20 17:00:00,15.0,54.0,30.0,0.322832,1017.9,25.0,5.4,0.0
2022-07-20 18:00:00,15.0,54.0,30.0,0.33522,1017.9,25.0,5.4,0.0
2022-07-20 19:00:00,15.6,46.0,0.0,0.353813,1017.2,28.3,0.0,0.0
2022-07-20 20:00:00,15.6,46.0,0.0,0.400552,1017.2,28.3,0.0,0.0
2022-07-20 21:00:00,13.0,32.0,220.0,0.44353,1016.4,31.7,13.0,0.0
2022-07-20 22:00:00,13.9,33.0,220.0,0.50742,1015.8,32.2,5.4,0.0
2022-07-20 23:00:00,13.9,33.0,205.0,0.570944,1015.8,32.2,5.4,0.0
2022-07-21 00:00:00,16.8,41.0,230.0,0.647882,1015.0,31.7,14.8,0.0
2022-07-21 01:00:00,15.7,42.0,230.0,0.705624,1014.8,30.0,14.8,0.0
2022-07-21 02:00:00,16.2,51.0,230.0,0.685205,1014.9,27.2,18.4,0.0
2022-07-21 03:00:00,15.1,60.0,230.0,0.619323,1015.1,23.3,18.4,0.0
2022-07-21 04:00:00,15.1,60.0,230.0,0.55588,1015.1,23.3,18.4,0.0
2022-07-21 05:00:00,13.3,70.0,5.0,0.467709,1016.2,18.9,14.8,0.0
2022-07-21 06:00:00,12.7,75.0,240.0,0.384209,1016.2,17.2,18.4,0.0
2022-07-21 07:00:00,12.3,78.0,230.0,0.338317,1016.7,16.1,16.6,0.0
2022-07-21 08:00:00,12.3,78.0,230.0,0.317346,1016.7,16.1,16.6,0.0
2022-07-21 09:00:00,12.3,90.0,240.0,0.30165,1017.1,13.9,14.8,0.0
2022-07-21 10:00:00,11.8,87.0,230.0,0.294879,1017.3,13.9,11.2,0.0
2022-07-21 11:00:00,11.7,93.0,210.0,0.300365,1017.7,12.8,7.6,0.0
2022-07-21 12:00:00,11.7,90.0,220.0,0.324036,1017.9,13.3,13.0,0.0
2022-07-21 13:00:00,11.7,90.0,220.0,0.336708,1017.9,13.3,13.0,0.0
2022-07-21 14:00:00,12.2,80.0,210.0,0.363407,1018.4,15.6,13.0,0.0
2022-07-21 15:00:00,12.8,78.0,160.0,0.354229,1018.4,16.7,5.4,0.0
2022-07-21 16:00:00,13.3,70.0,140.0,0.316135,1018.3,18.9,9.4,0.0
2022-07-21 17:00:00,13.3,70.0,140.0,0.307743,1018.3,18.9,9.4,0.0
2022-07-21 18:00:00,14.3,61.0,0.0,0.292007,1017.5,22.2,5.4,0.0
2022-07-21 19:00:00,15.1,58.0,240.0,0.297365,1016.8,23.9,14.8,0.0
2022-07-21 20:00:00,15.0,52.0,4.0,0.317559,1016.1,25.6,14.8,0.0
2022-07-21 21:00:00,15.7,51.0,250.0,0.368234,1015.5,26.7,9.4,0.0
2022-07-21 22:00:00,16.1,49.0,250.0,0.431413,1015.0,27.8,14.8,0.0
2022-07-21 23:00:00,16.1,49.0,250.0,0.489652,1015.0,27.8,14.8,0.0
2022-07-22 00:00:00,15.1,49.0,220.0,0.531768,1014.3,26.7,20.5,0.0
2022-07-22 01:00:00,14.5,54.0,230.0,0.58186,1014.2,24.4,20.5,0.0
2022-07-22 02:00:00,13.3,61.0,230.0,0.56474,1014.6,21.1,24.1,0.0
2022-07-22 03:00:00,13.3,61.0,230.0,0.50087,1014.6,21.1,24.1,0.0
2022-07-22 04:00:00,11.8,78.0,230.0,0.474755,1015.8,15.6,20.5,0.0
2022-07-22 05:00:00,11.2,78.0,6.0,0.412558,1016.3,15.0,20.5,0.0
2022-07-22 06:00:00,11.2,81.0,220.0,0.35448,1016.7,14.4,18.4,0.0
2022-07-22 07:00:00,11.1,83.0,230.0,0.315268,1017.3,13.9,16.6,0.0
2022-07-22 08:00:00,11.1,83.0,230.0,0.299568,1017.3,13.9,16.6,0.0
2022-07-22 09:00:00,11.0,89.0,0.0,0.284167,1018.1,12.8,0.0,0.0
2022-07-22 10:00:00,10.6,90.0,0.0,0.283558,1018.4,12.2,0.0,0.0
2022-07-22 11:00:00,10.6,90.0,0.0,0.287139,1018.4,12.2,0.0,0.0
2022-07-22 12:00:00,12.3,90.0,0.0,0.313935,1018.9,13.9,0.0,0.0
2022-07-22 13:00:00,12.3,90.0,0.0,0.340389,1018.9,13.9,0.0,0.0
2022-07-22 14:00:00,12.9,87.0,230.0,0.382905,1019.4,15.0,5.4,0.0
2022-07-22 15:00:00,12.9,87.0,240.0,0.386714,1019.4,15.0,5.4,0.0
2022-07-22 16:00:00,12.1,72.0,0.0,0.414055,1019.9,17.2,0.0,0.0
2022-07-22 17:00:00,12.1,72.0,0.0,0.392609,1019.9,17.2,0.0,0.0
2022-07-22 18:00:00,11.7,63.0,170.0,0.380317,1020.0,18.9,7.6,0.0
2022-07-22 19:00:00,11.7,55.0,170.0,0.324909,1019.7,21.1,5.4,0.0
2022-07-22 20:00:00,11.7,53.0,310.0,0.249382,1019.2,21.7,9.4,0.0
2022-07-22 21:00:00,11.7,53.0,310.0,0.271628,1019.2,21.7,9.4,0.0
2022-07-22 22:00:00,12.2,48.0,120.0,0.333034,1018.5,23.9,7.6,0.0
2022-07-22 23:00:00,12.7,48.0,24.0,0.403649,1017.9,24.4,7.6,0.0
2022-07-23 00:00:00,12.8,45.0,0.0,0.484163,1017.5,25.6,0.0,0.0
2022-07-23 01:00:00,12.8,45.0,290.0,0.533379,1017.3,25.6,5.4,0.0
2022-07-23 02:00:00,14.5,54.0,240.0,0.534051,1016.9,24.4,11.2,0.0
2022-07-23 03:00:00,14.4,59.0,250.0,0.491058,1017.1,22.8,14.8,0.0
2022-07-23 04:00:00,12.7,70.0,340.0,0.453457,1018.1,18.3,7.6,0.0
2022-07-23 05:00:00,11.7,70.0,0.0,0.389358,1018.4,17.2,7.6,0.0
2022-07-23 06:00:00,10.6,72.0,310.0,0.33729,1018.7,15.6,5.4,0.0
2022-07-23 07:00:00,11.8,87.0,280.0,0.302818,1019.0,13.9,7.6,0.0
2022-07-23 08:00:00,11.8,87.0,280.0,0.281396,1019.0,13.9,7.6,0.0
2022-07-23 09:00:00,10.6,90.0,290.0,0.257543,1019.3,12.2,7.6,0.0
2022-07-23 10:00:00,9.9,86.0,300.0,0.244888,1019.4,12.2,7.6,0.0
2022-07-23 11:00:00,9.9,86.0,350.0,0.248658,1019.6,12.2,9.4,0.0
2022-07-23 12:00:00,9.9,86.0,350.0,0.257474,1019.6,12.2,9.4,0.0
2022-07-23 13:00:00,11.1,93.0,0.0,0.303275,1020.3,12.2,0.0,0.0
2022-07-23 14:00:00,11.1,93.0,0.0,0.382121,1020.3,12.2,0.0,0.0
2022-07-23 15:00:00,11.2,78.0,10.0,0.415053,1020.9,15.0,9.4,0.0
2022-07-23 16:00:00,10.6,72.0,330.0,0.430334,1020.9,15.6,11.2,0.0
2022-07-23 17:00:00,10.6,72.0,330.0,0.415506,1020.9,15.6,11.2,0.0
2022-07-23 18:00:00,10.5,67.0,340.0,0.379396,1020.7,16.7,5.4,0.0
2022-07-23 19:00:00,11.7,61.0,0.0,0.259893,1020.5,19.4,0.0,0.0
2022-07-23 20:00:00,11.7,55.0,0.0,0.234504,1019.4,21.1,0.0,0.0
2022-07-23 21:00:00,11.7,55.0,0.0,0.254943,1019.4,21.1,0.0,0.0
2022-07-23 22:00:00,12.3,50.0,25.0,0.299407,1018.9,23.3,7.6,0.0
2022-07-23 23:00:00,12.7,48.0,25.0,0.362812,1018.2,24.4,9.4,0.0
2022-07-24 00:00:00,13.5,47.0,0.0,0.442506,1017.8,25.6,0.0,0.0
2022-07-24 01:00:00,13.5,47.0,350.0,0.4984,1017.3,25.6,5.4,0.0
2022-07-24 02:00:00,13.5,47.0,0.0,0.496453,1017.1,25.6,0.0,0.0
2022-07-24 03:00:00,13.3,50.0,10.0,0.460644,1017.2,24.4,11.2,0.0
2022-07-24 04:00:00,12.7,70.0,250.0,0.433079,1018.1,18.3,5.4,0.0
2022-07-24 05:00:00,12.2,65.0,2.0,0.396645,1018.1,18.9,5.4,0.0
2022-07-24 06:00:00,12.3,87.0,210.0,0.345076,1017.9,14.4,9.4,0.0
2022-07-24 07:00:00,12.3,87.0,210.0,0.30641,1017.9,14.4,9.4,0.0
2022-07-24 08:00:00,11.7,90.0,290.0,0.272983,1017.9,13.3,7.6,0.0
2022-07-24 09:00:00,11.7,90.0,290.0,0.260107,1017.9,13.3,5.4,0.0
2022-07-24 10:00:00,11.1,93.0,0.0,0.246126,1018.0,12.2,0.0,0.0
2022-07-24 11:00:00,10.6,93.0,280.0,0.249459,1018.0,11.7,5.4,0.0
2022-07-24 12:00:00,10.6,93.0,280.0,0.267305,1018.0,11.7,5.4,0.0
2022-07-24 13:00:00,11.1,96.0,0.0,0.288325,1018.5,11.7,0.0,0.0
2022-07-24 14:00:00,12.3,87.0,290.0,0.327733,1018.5,14.4,5.4,0.0
2022-07-24 15:00:00,13.3,75.0,0.0,0.323576,1018.4,17.8,0.0,0.0
2022-07-24 16:00:00,14.0,66.0,0.0,0.297242,1018.0,20.6,9.4,0.0
2022-07-24 17:00:00,14.0,66.0,40.0,0.270293,1018.0,20.6,9.4,0.0
2022-07-24 18:00:00,15.0,52.0,40.0,0.264432,1017.0,25.6,13.0,0.0
2022-07-24 19:00:00,15.7,51.0,10.0,0.262795,1016.1,26.7,14.8,0.0
2022-07-24 20:00:00,16.2,45.0,5.0,0.298753,1015.4,29.4,14.8,0.0
2022-07-24 21:00:00,16.2,45.0,40.0,0.356128,1015.4,29.4,18.4,0.0
2022-07-24 22:00:00,16.3,41.0,360.0,0.427482,1014.7,31.1,11.2,0.0
2022-07-24 23:00:00,16.6,37.0,4.0,0.514488,1013.5,33.3,9.4,0.0
2022-07-25 00:00:00,16.6,37.0,30.0,0.606562,1013.5,33.3,14.8,0.0
2022-07-25 01:00:00,15.8,35.0,10.0,0.668561,1013.0,33.3,18.4,0.0
2022-07-25 02:00:00,14.4,34.0,20.0,0.668969,1012.7,32.2,18.4,0.0
2022-07-25 03:00:00,15.1,39.0,10.0,0.623467,1012.8,30.6,14.8,0.0
2022-07-25 04:00:00,13.2,48.0,30.0,0.576136,1013.1,25.0,5.4,0.0
2022-07-25 05:00:00,13.2,48.0,30.0,0.489865,1013.1,25.0,5.4,0.0
2022-07-25 06:00:00,10.6,43.0,350.0,0.412623,1012.9,23.9,9.4,0.0
2022-07-25 07:00:00,10.6,43.0,350.0,0.368171,1012.9,23.9,9.4,0.0
2022-07-25 08:00:00,12.3,68.0,350.0,0.325984,1012.5,18.3,5.4,0.0
2022-07-25 09:00:00,13.3,86.0,0.0,0.304951,1012.6,15.6,0.0,0.0
2022-07-25 10:00:00,13.3,86.0,0.0,0.289416,1012.6,15.6,0.0,0.0
2022-07-25 11:00:00,13.3,86.0,0.0,0.293237,1012.6,15.6,0.0,0.0
2022-07-25 12:00:00,12.8,90.0,0.0,0.330974,1012.5,14.4,0.0,0.0
2022-07-25 13:00:00,13.3,75.0,0.0,0.369977,1013.0,17.8,0.0,0.0
2022-07-25 14:00:00,15.0,81.0,0.0,0.418545,1013.1,18.3,0.0,0.0
2022-07-25 15:00:00,14.4,63.0,0.0,0.411263,1013.1,21.7,0.0,0.0
2022-07-25 16:00:00,13.8,48.0,0.0,0.414499,1012.9,25.6,0.0,0.0
2022-07-25 17:00:00,13.8,48.0,0.0,0.397911,1012.9,25.6,0.0,0.0
2022-07-25 18:00:00,14.9,40.0,0.0,0.409608,1011.8,30.0,0.0,0.0
2022-07-25 19:00:00,16.1,39.0,140.0,0.429534,1011.1,31.7,7.6,0.0
2022-07-25 20:00:00,16.2,36.0,140.0,0.466262,1010.5,33.3,5.4,0.0
2022-07-25 21:00:00,16.2,36.0,7.0,0.513422,1010.5,33.3,5.4,0.0
2022-07-25 22:00:00,16.3,33.0,0.0,0.57207,1009.8,35.0,0.0,0.0
2022-07-25 23:00:00,13.3,24.0,3.0,0.639682,1008.5,37.2,7.6,0.0
2022-07-26 00:00:00,16.3,30.0,0.0,0.710906,1008.1,36.7,0.0,0.0
2022-07-26 01:00:00,15.8,30.0,120.0,0.775371,1007.5,36.1,5.4,0.0
2022-07-26 02:00:00,15.8,30.0,120.0,0.774742,1007.5,36.1,5.4,0.0
2022-07-26 03:00:00,17.7,36.0,360.0,0.729869,1007.5,35.0,7.6,0.0
2022-07-26 04:00:00,18.2,58.0,210.0,0.667906,1007.9,27.2,9.4,0.0
2022-07-26 05:00:00,16.7,64.0,0.0,0.57184,1008.7,23.9,7.6,0.0
2022-07-26 06:00:00,15.6,71.0,0.0,0.481324,1008.9,21.1,5.4,0.0
2022-07-26 07:00:00,15.6,71.0,300.0,0.426618,1008.9,21.1,5.4,0.0
2022-07-26 08:00:00,15.7,79.0,0.0,0.390003,1009.3,19.4,0.0,0.0
2022-07-26 09:00:00,15.0,78.0,290.0,0.359384,1009.6,18.9,7.6,0.0
2022-07-26 10:00:00,14.5,81.0,0.0,0.339384,1009.9,17.8,0.0,0.0
2022-07-26 11:00:00,14.5,81.0,0.0,0.334576,1009.9,17.8,0.0,0.0
2022-07-26 12:00:00,14.5,84.0,290.0,0.351296,1010.5,17.2,5.4,0.0
2022-07-26 13:00:00,15.1,84.0,260.0,0.394042,1010.8,17.8,7.6,0.0
2022-07-26 14:00:00,15.6,81.0,2.0,0.436761,1011.3,18.9,7.6,0.0
2022-07-26 15:00:00,16.6,73.0,0.0,0.42413,1011.7,21.7,0.0,0.0
2022-07-26 16:00:00,16.6,73.0,0.0,0.405199,1011.7,21.7,0.0,0.0
2022-07-26 17:00:00,17.2,51.0,150.0,0.405386,1011.5,28.3,5.4,0.0
2022-07-26 18:00:00,17.1,46.0,0.0,0.425736,1011.4,30.0,0.0,0.0
2022-07-26 19:00:00,16.9,40.0,130.0,0.457482,1011.0,32.2,5.4,0.0
2022-07-26 20:00:00,16.7,36.0,130.0,0.503361,1010.6,33.9,7.6,0.0
2022-07-26 21:00:00,16.7,36.0,240.0,0.552337,1010.6,33.9,7.6,0.0
2022-07-26 22:00:00,16.3,33.0,240.0,0.621066,1010.1,35.0,7.6,0.0
2022-07-26 23:00:00,14.7,27.0,2.0,0.671749,1009.4,36.7,0.0,0.0
2022-07-27 00:00:00,14.7,27.0,240.0,0.725415,1009.4,36.7,5.4,0.0
2022-07-27 01:00:00,17.8,34.0,240.0,0.763998,1009.3,36.1,14.8,0.0
2022-07-27 02:00:00,18.4,40.0,230.0,0.745792,1009.2,33.9,16.6,0.0
2022-07-27 03:00:00,17.1,49.0,220.0,0.708007,1009.6,28.9,20.5,0.0
2022-07-27 04:00:00,14.4,59.0,240.0,0.631678,1011.3,22.8,20.5,0.0
2022-07-27 05:00:00,14.0,66.0,240.0,0.531795,1011.9,20.6,20.5,0.0
2022-07-27 06:00:00,13.3,70.0,240.0,0.443538,1012.5,18.9,9.4,0.0
2022-07-27 07:00:00,13.3,70.0,240.0,0.391722,1012.5,18.9,9.4,0.0
2022-07-27 08:00:00,12.7,75.0,0.0,0.357047,1013.5,17.2,13.0,0.0
2022-07-27 09:00:00,12.3,78.0,250.0,0.339712,1013.9,16.1,13.0,0.0
2022-07-27 10:00:00,12.1,83.0,260.0,0.3185,1014.4,15.0,7.6,0.0
2022-07-27 11:00:00,12.1,83.0,260.0,0.316896,1014.4,15.0,7.6,0.0
2022-07-27 12:00:00,12.1,83.0,270.0,0.337317,1015.1,15.0,5.4,0.0
2022-07-27 13:00:00,12.7,83.0,250.0,0.373953,1015.6,15.6,5.4,0.0
2022-07-27 14:00:00,13.3,75.0,0.0,0.420464,1015.7,17.8,5.4,0.0
2022-07-27 15:00:00,14.0,71.0,0.0,0.403857,1015.8,19.4,0.0,0.0
2022-07-27 16:00:00,14.0,71.0,0.0,0.423984,1015.8,19.4,0.0,0.0
2022-07-27 17:00:00,15.6,56.0,0.0,0.382427,1015.5,25.0,0.0,0.0
2022-07-27 18:00:00,16.8,53.0,0.0,0.40163,1015.1,27.2,0.0,0.0
2022-07-27 19:00:00,16.8,53.0,0.0,0.430446,1015.1,27.2,0.0,0.0
2022-07-27 20:00:00,16.1,39.0,0.0,0.473318,1014.1,31.7,5.4,0.0
2022-07-27 21:00:00,16.6,38.0,140.0,0.526318,1013.6,32.8,7.6,0.0
2022-07-27 22:00:00,16.6,38.0,140.0,0.582588,1013.6,32.8,7.6,0.0
2022-07-27 23:00:00,16.8,34.0,3.0,0.640323,1012.7,35.0,0.0,0.0
2022-07-28 00:00:00,16.9,33.0,240.0,0.727249,1012.4,35.6,7.6,0.0
2022-07-28 01:00:00,19.0,50.0,240.0,0.767295,1012.1,30.6,13.0,0.0
2022-07-28 02:00:00,19.0,50.0,240.0,0.717727,1012.1,30.6,13.0,0.0
2022-07-28 03:00:00,16.1,54.0,240.0,0.66524,1012.6,26.1,18.4,0.0
2022-07-28 04:00:00,15.7,60.0,250.0,0.609564,1013.4,23.9,7.6,0.0
2022-07-28 05:00:00,15.1,64.0,3.0,0.529312,1013.4,22.2,7.6,0.0
2022-07-28 06:00:00,15.1,64.0,270.0,0.44155,1013.4,22.2,9.4,0.0
2022-07-28 07:00:00,14.0,71.0,260.0,0.380533,1013.8,19.4,11.2,0.0
2022-07-28 08:00:00,13.4,73.0,2.0,0.348351,1013.6,18.3,11.2,0.0
2022-07-28 09:00:00,13.3,78.0,260.0,0.325763,1013.9,17.2,11.2,0.0
2022-07-28 10:00:00,12.8,78.0,280.0,0.30992,1013.9,16.7,7.6,0.0
2022-07-28 11:00:00,12.8,81.0,2.0,0.310738,1013.9,16.1,7.6,0.0
2022-07-28 12:00:00,12.8,81.0,300.0,0.331808,1013.9,16.1,7.6,0.0
2022-07-28 13:00:00,12.7,83.0,280.0,0.371458,1014.0,15.6,7.6,0.0
2022-07-28 14:00:00,14.0,76.0,2.0,0.428532,1014.4,18.3,7.6,0.0
2022-07-28 15:00:00,14.5,66.0,0.0,0.426622,1014.5,21.1,0.0,0.0
2022-07-28 16:00:00,14.5,66.0,0.0,0.449251,1014.5,21.1,0.0,0.0
2022-07-28 17:00:00,16.7,58.0,2.0,0.421666,1014.0,25.6,0.0,0.0
2022-07-28 18:00:00,16.2,48.0,273.0,0.481123,1013.6,28.3,5.4,0.0
2022-07-28 19:00:00,17.1,46.0,6.0,0.434523,1013.0,30.0,7.6,0.0
2022-07-28 20:00:00,17.1,46.0,270.0,0.492553,1013.0,30.0,7.6,0.0
2022-07-28 21:00:00,19.0,43.0,80.0,0.541051,1011.6,33.3,7.6,0.0
2022-07-28 22:00:00,19.0,39.0,30.0,0.599717,1010.9,35.0,7.6,0.0
2022-07-28 23:00:00,19.4,40.0,2.0,0.662517,1010.4,35.0,7.6,0.0
2022-07-29 00:00:00,19.4,40.0,50.0,0.724967,1010.1,35.0,5.4,0.0
2022-07-29 01:00:00,19.4,40.0,220.0,0.786786,1010.1,35.0,5.4,0.0
2022-07-29 02:00:00,21.1,46.0,220.0,0.763425,1009.8,34.4,9.4,0.0
2022-07-29 03:00:00,19.0,61.0,260.0,0.717991,1010.1,27.2,7.6,0.0
2022-07-29 04:00:00,18.2,66.0,280.0,0.660682,1010.6,25.0,7.6,0.0
2022-07-29 05:00:00,17.3,69.0,3.0,0.560086,1010.8,23.3,7.6,0.0
2022-07-29 06:00:00,17.3,69.0,280.0,0.48061,1010.8,23.3,9.4,0.0
2022-07-29 07:00:00,16.6,73.0,280.0,0.427695,1011.3,21.7,5.4,0.0
2022-07-29 08:00:00,16.0,78.0,280.0,0.391522,1011.4,20.0,5.4,0.0
2022-07-29 09:00:00,16.1,81.0,260.0,0.36363,1011.6,19.4,9.4,0.0
2022-07-29 10:00:00,15.5,84.0,270.0,0.3475,1011.8,18.3,7.6,0.0
2022-07-29 11:00:00,15.5,84.0,270.0,0.347217,1011.8,18.3,7.6,0.0
2022-07-29 12:00:00,14.3,86.0,290.0,0.365422,1012.2,16.7,9.4,0.0
2022-07-29 13:00:00,14.3,86.0,260.0,0.386933,1012.5,16.7,9.4,0.0
2022-07-29 14:00:00,14.3,86.0,260.0,0.443736,1012.5,16.7,9.4,0.0
2022-07-29 15:00:00,15.6,81.0,270.0,0.44783,1012.6,18.9,7.6,0.0
2022-07-29 16:00:00,18.3,64.0,0.0,0.447689,1012.5,25.6,0.0,0.0
2022-07-29 17:00:00,19.0,57.0,0.0,0.44764,1012.1,28.3,0.0,0.0
2022-07-29 18:00:00,19.0,50.0,0.0,0.480374,1011.8,30.6,0.0,0.0
2022-07-29 19:00:00,20.1,46.0,0.0,0.499163,1010.9,33.3,0.0,0.0
2022-07-29 20:00:00,20.1,46.0,0.0,0.536662,1010.9,33.3,0.0,0.0
2022-07-29 21:00:00,20.8,41.0,70.0,0.575201,1009.5,36.1,5.4,0.0
2022-07-29 22:00:00,20.1,37.0,80.0,0.62952,1008.9,37.2,5.4,0.0
2022-07-29 23:00:00,20.1,37.0,80.0,0.689912,1008.6,37.2,11.2,0.0
2022-07-30 00:00:00,20.1,37.0,80.0,0.758169,1008.6,37.2,11.2,0.0
2022-07-30 01:00:00,20.1,38.0,100.0,0.806782,1008.2,36.7,7.6,0.0
2022-07-30 02:00:00,20.6,52.0,240.0,0.780856,1008.1,31.7,13.0,0.0
2022-07-30 03:00:00,19.5,59.0,240.0,0.729865,1008.6,28.3,9.4,0.0
2022-07-30 04:00:00,18.3,64.0,250.0,0.668361,1009.1,25.6,7.6,0.0
2022-07-30 05:00:00,17.9,69.0,260.0,0.583699,1009.6,23.9,7.6,0.0
2022-07-30 06:00:00,17.9,69.0,260.0,0.505973,1009.6,23.9,7.6,0.0
2022-07-30 07:00:00,16.6,73.0,270.0,0.43722,1009.8,21.7,5.4,0.0
2022-07-30 08:00:00,16.0,75.0,270.0,0.401207,1009.9,20.6,5.4,0.0
2022-07-30 09:00:00,15.7,79.0,270.0,0.366551,1010.2,19.4,7.6,0.0
2022-07-30 10:00:00,15.0,81.0,280.0,0.345751,1010.6,18.3,9.4,0.0
2022-07-30 11:00:00,15.0,81.0,280.0,0.335862,1010.6,18.3,9.4,0.0
2022-07-30 12:00:00,14.5,81.0,260.0,0.34815,1011.3,17.8,9.4,0.0
2022-07-30 13:00:00,15.0,81.0,280.0,0.367682,1011.5,18.3,14.8,0.0
2022-07-30 14:00:00,15.7,79.0,0.0,0.423911,1011.7,19.4,0.0,0.0
2022-07-30 15:00:00,15.7,79.0,0.0,0.471544,1011.7,19.4,0.0,0.0
2022-07-30 16:00:00,17.7,71.0,0.0,0.471755,1011.5,23.3,0.0,0.0
2022-07-30 17:00:00,19.0,67.0,120.0,0.483252,1011.1,25.6,11.2,0.0
2022-07-30 18:00:00,18.8,62.0,110.0,0.527885,1010.9,26.7,5.4,0.0
2022-07-30 19:00:00,20.1,63.0,0.0,0.519741,1010.5,27.8,0.0,0.0
2022-07-30 20:00:00,20.0,50.0,2.0,0.420004,1010.2,31.7,0.0,0.0
2022-07-30 21:00:00,20.0,50.0,300.0,0.488962,1010.2,31.7,7.6,0.0
2022-07-30 22:00:00,18.3,32.0,30.0,0.57099,1008.9,37.8,13.0,0.0
2022-07-30 23:00:00,16.6,28.0,4.0,0.659318,1008.6,38.3,13.0,0.0
2022-07-31 00:00:00,13.5,23.0,20.0,0.719215,1008.7,38.3,13.0,0.0
2022-07-31 01:00:00,13.5,23.0,20.0,0.770075,1008.7,38.3,13.0,0.0
2022-07-31 02:00:00,14.4,31.0,2.0,0.748258,1009.0,33.9,16.6,0.0
2022-07-31 03:00:00,14.4,31.0,260.0,0.69244,1009.5,33.9,9.4,0.0
2022-07-31 04:00:00,16.2,56.0,270.0,0.641802,1010.2,25.6,5.4,0.0
2022-07-31 05:00:00,16.2,56.0,270.0,0.556681,1010.2,25.6,5.4,0.0
2022-07-31 06:00:00,14.0,54.0,280.0,0.479383,1010.9,23.9,11.2,0.0
2022-07-31 07:00:00,13.3,59.0,290.0,0.420411,1011.1,21.7,5.4,0.0
2022-07-31 08:00:00,13.3,68.0,0.0,0.375111,1011.1,19.4,0.0,0.0
2022-07-31 09:00:00,13.4,73.0,300.0,0.342207,1011.2,18.3,5.4,0.0
2022-07-31 10:00:00,13.4,73.0,300.0,0.328678,1011.2,18.3,5.4,0.0
2022-07-31 11:00:00,12.3,70.0,2.0,0.317349,1011.6,17.8,5.4,0.0
2022-07-31 12:00:00,12.7,83.0,260.0,0.307197,1012.1,15.6,5.4,0.0
2022-07-31 13:00:00,11.7,70.0,0.0,0.321792,1012.4,17.2,0.0,0.0
2022-07-31 14:00:00,12.2,65.0,300.0,0.371213,1012.6,18.9,9.4,0.0
2022-07-31 15:00:00,12.2,65.0,300.0,0.403856,1012.6,18.9,9.4,0.0
2022-07-31 16:00:00,15.1,60.0,0.0,0.387639,1013.2,23.3,0.0,0.0
2022-07-31 17:00:00,14.5,47.0,0.0,0.377068,1012.8,26.7,0.0,0.0
2022-07-31 18:00:00,14.4,40.0,0.0,0.417927,1012.4,29.4,5.4,0.0
2022-07-31 19:00:00,13.8,36.0,150.0,0.477393,1012.0,30.6,7.6,0.0
2022-07-31 20:00:00,13.8,36.0,150.0,0.494394,1012.0,30.6,7.6,0.0
2022-07-31 21:00:00,15.8,35.0,240.0,0.526115,1011.3,33.3,11.2,0.0
2022-07-31 22:00:00,14.8,31.0,220.0,0.59035,1010.6,34.4,7.6,0.0
2022-07-31 23:00:00,15.9,32.0,3.0,0.660787,1010.1,35.0,7.6,0.0
2022-08-01 00:00:00,15.9,32.0,210.0,0.719517,1010.1,35.0,9.4,0.0
2022-08-01 01:00:00,17.2,36.0,230.0,0.73158,1010.0,34.4,14.8,0.0
2022-08-01 02:00:00,16.2,51.0,220.0,0.673027,1010.1,27.2,16.6,0.0
2022-08-01 03:00:00,15.1,58.0,240.0,0.629513,1010.9,23.9,16.6,0.0
2022-08-01 04:00:00,14.3,57.0,280.0,0.566831,1011.4,23.3,9.4,0.0
2022-08-01 05:00:00,14.3,57.0,280.0,0.479678,1011.4,23.3,9.4,0.0
2022-08-01 06:00:00,14.0,71.0,250.0,0.405383,1012.1,19.4,9.4,0.0
2022-08-01 07:00:00,14.0,76.0,240.0,0.359255,1012.6,18.3,13.0,0.0
2022-08-01 08:00:00,13.2,80.0,240.0,0.327396,1013.2,16.7,13.0,0.0
2022-08-01 09:00:00,13.4,84.0,250.0,0.307548,1013.5,16.1,7.6,0.0
2022-08-01 10:00:00,13.4,84.0,250.0,0.30108,1013.5,16.1,7.6,0.0
2022-08-01 11:00:00,12.7,83.0,3.0,0.304362,1014.1,15.6,11.2,0.0
2022-08-01 12:00:00,12.9,87.0,240.0,0.3442,1014.4,15.0,13.0,0.0
2022-08-01 13:00:00,13.3,86.0,230.0,0.375018,1014.9,15.6,11.2,0.0
2022-08-01 14:00:00,13.2,83.0,230.0,0.42288,1015.3,16.1,7.6,0.0
2022-08-01 15:00:00,13.4,84.0,200.0,0.42772,1015.3,16.1,7.6,0.0
2022-08-01 16:00:00,14.4,78.0,0.0,0.426805,1015.4,18.3,0.0,0.0
2022-08-01 17:00:00,14.4,73.0,250.0,0.437973,1015.5,19.4,7.6,0.0
2022-08-01 18:00:00,15.6,62.0,250.0,0.401737,1015.5,23.3,7.6,0.0
2022-08-01 19:00:00,15.6,56.0,280.0,0.364872,1015.0,25.0,11.2,0.0
2022-08-01 20:00:00,15.6,56.0,280.0,0.39534,1015.0,25.0,11.2,0.0
2022-08-01 21:00:00,15.1,46.0,200.0,0.44127,1014.1,27.8,7.6,0.0
2022-08-01 22:00:00,16.7,51.0,220.0,0.487967,1013.9,27.8,13.0,0.0
2022-08-01 23:00:00,17.2,51.0,5.0,0.541336,1013.8,28.3,13.0,0.0
2022-08-02 00:00:00,17.2,51.0,220.0,0.607432,1013.8,28.3,16.6,0.0
2022-08-02 01:00:00,16.6,56.0,230.0,0.667616,1013.4,26.1,20.5,0.0
2022-08-02 02:00:00,15.5,66.0,230.0,0.653415,1013.5,22.2,20.5,0.0
2022-08-02 03:00:00,15.5,66.0,220.0,0.58033,1013.8,22.2,22.3,0.0
2022-08-02 04:00:00,14.5,81.0,230.0,0.537132,1014.7,17.8,16.6,0.0
2022-08-02 05:00:00,14.5,81.0,230.0,0.454876,1014.7,17.8,16.6,0.0
2022-08-02 06:00:00,13.9,87.0,230.0,0.398137,1015.5,16.1,5.4,0.0
2022-08-02 07:00:00,13.9,87.0,210.0,0.363481,1015.9,16.1,9.4,0.0
2022-08-02 08:00:00,13.9,87.0,3.0,0.343018,1016.6,16.1,9.4,0.0
2022-08-02 09:00:00,14.0,90.0,230.0,0.325871,1016.9,15.6,11.2,0.0
2022-08-02 10:00:00,14.0,90.0,230.0,0.30086,1016.9,15.6,11.2,0.0
2022-08-02 11:00:00,13.4,90.0,2.0,0.317835,1017.1,15.0,7.6,0.0
2022-08-02 12:00:00,13.4,90.0,310.0,0.342272,1017.1,15.0,5.4,0.0
2022-08-02 13:00:00,13.3,93.0,0.0,0.366655,1017.6,14.4,0.0,0.0
2022-08-02 14:00:00,13.3,93.0,0.0,0.398869,1017.6,14.4,0.0,0.0
2022-08-02 15:00:00,15.0,81.0,100.0,0.405461,1017.7,18.3,7.6,0.0
2022-08-02 16:00:00,15.0,81.0,100.0,0.38217,1017.7,18.3,7.6,0.0
2022-08-02 17:00:00,16.0,68.0,2.0,0.345842,1017.5,22.2,9.4,0.0
2022-08-02 18:00:00,16.2,62.0,120.0,0.328517,1017.1,23.9,7.6,0.0
2022-08-02 19:00:00,16.2,62.0,120.0,0.347686,1017.1,23.9,7.6,0.0
2022-08-02 20:00:00,16.8,53.0,0.0,0.397335,1016.2,27.2,0.0,0.0
2022-08-02 21:00:00,14.9,44.0,0.0,0.432707,1015.6,28.3,5.4,0.0
2022-08-02 22:00:00,13.7,37.0,198.0,0.488518,1015.2,30.0,7.6,0.0
2022-08-02 23:00:00,13.8,36.0,2.0,0.564285,1014.5,30.6,7.6,0.0
2022-08-03 00:00:00,13.8,36.0,270.0,0.649397,1014.5,30.6,5.4,0.0
2022-08-03 01:00:00,15.1,39.0,80.0,0.718632,1013.7,30.6,5.4,0.0
2022-08-03 02:00:00,17.1,54.0,3.0,0.70022,1013.5,27.2,5.4,0.0
2022-08-03 03:00:00,12.8,50.0,220.0,0.646292,1013.7,23.9,16.6,0.0
2022-08-03 04:00:00,12.8,50.0,220.0,0.574572,1013.7,23.9,16.6,0.0
2022-08-03 05:00:00,12.3,59.0,2.0,0.48909,1014.5,20.6,13.0,0.0
2022-08-03 06:00:00,12.3,70.0,260.0,0.395425,1014.6,17.8,7.6,0.0
2022-08-03 07:00:00,12.2,75.0,270.0,0.360734,1014.9,16.7,9.4,0.0
2022-08-03 08:00:00,11.8,78.0,2.0,0.331562,1014.8,15.6,9.4,0.0
2022-08-03 09:00:00,11.2,78.0,280.0,0.311585,1014.9,15.0,7.6,0.0
2022-08-03 10:00:00,11.2,78.0,280.0,0.301225,1014.9,15.0,7.6,0.0
2022-08-03 11:00:00,10.7,81.0,290.0,0.305272,1014.8,13.9,7.6,0.0
2022-08-03 12:00:00,10.7,84.0,290.0,0.333108,1014.8,13.3,7.6,0.0
2022-08-03 13:00:00,11.1,83.0,290.0,0.371525,1015.1,13.9,7.6,0.0
2022-08-03 14:00:00,11.1,83.0,290.0,0.412143,1015.1,13.9,7.6,0.0
2022-08-03 15:00:00,11.6,72.0,260.0,0.387469,1015.2,16.7,7.6,0.0
2022-08-03 16:00:00,12.9,68.0,0.0,0.362806,1014.8,18.9,0.0,0.0
2022-08-03 17:00:00,12.8,59.0,0.0,0.322203,1014.5,21.1,0.0,0.0
2022-08-03 18:00:00,12.2,48.0,200.0,0.312814,1013.9,23.9,9.4,0.0
2022-08-03 19:00:00,12.2,48.0,200.0,0.307941,1013.9,23.9,9.4,0.0
2022-08-03 20:00:00,12.7,42.0,4.0,0.330318,1012.7,26.7,13.0,0.0
2022-08-03 21:00:00,13.4,40.0,220.0,0.36514,1012.2,28.3,14.8,0.0
2022-08-03 22:00:00,12.0,39.0,220.0,0.413696,1012.2,27.2,22.3,0.0
2022-08-03 23:00:00,11.2,38.0,8.0,0.477516,1012.2,26.7,22.3,0.0
2022-08-04 00:00:00,11.2,38.0,250.0,0.547323,1012.2,26.7,27.7,0.0
2022-08-04 01:00:00,10.0,43.0,240.0,0.59946,1012.2,23.3,20.5,0.0
2022-08-04 02:00:00,11.2,57.0,240.0,0.571322,1012.4,20.0,20.5,0.0
2022-08-04 03:00:00,10.5,67.0,240.0,0.52738,1013.0,16.7,16.6,0.0
2022-08-04 04:00:00,10.6,72.0,230.0,0.489114,1014.1,15.6,14.8,0.0
2022-08-04 05:00:00,10.6,72.0,230.0,0.416481,1014.1,15.6,14.8,0.0
2022-08-04 06:00:00,10.7,81.0,0.0,0.37107,1015.0,13.9,0.0,0.0
2022-08-04 07:00:00,9.9,86.0,220.0,0.336406,1015.4,12.2,7.6,0.0
2022-08-04 08:00:00,9.9,86.0,220.0,0.310716,1015.4,12.2,7.6,0.0
2022-08-04 09:00:00,9.9,89.0,300.0,0.305615,1015.5,11.7,5.4,0.0
2022-08-04 10:00:00,9.9,86.0,0.0,0.28664,1015.6,12.2,0.0,0.0
2022-08-04 11:00:00,9.9,86.0,0.0,0.285619,1015.6,12.2,0.0,0.0
2022-08-04 12:00:00,10.6,90.0,0.0,0.32143,1016.0,12.2,0.0,0.0
2022-08-04 13:00:00,11.2,87.0,0.0,0.357028,1016.5,13.3,0.0,0.0
2022-08-04 14:00:00,11.2,87.0,0.0,0.404273,1016.5,13.3,0.0,0.0
2022-08-04 15:00:00,12.2,80.0,0.0,0.384774,1017.0,15.6,0.0,0.0
2022-08-04 16:00:00,11.8,68.0,0.0,0.356218,1016.9,17.8,0.0,0.0
2022-08-04 17:00:00,11.8,68.0,0.0,0.328439,1016.9,17.8,0.0,0.0
2022-08-04 18:00:00,11.8,57.0,350.0,0.301874,1017.4,20.6,9.4,0.0
2022-08-04 19:00:00,11.8,57.0,350.0,0.403337,1017.4,20.6,9.4,0.0
2022-08-04 20:00:00,11.6,51.0,10.0,0.326019,1017.0,22.2,9.4,0.0
2022-08-04 21:00:00,11.7,45.0,10.0,0.340081,1016.4,24.4,9.4,0.0
2022-08-04 22:00:00,11.7,45.0,20.0,0.373702,1016.0,24.4,11.2,0.0
2022-08-04 23:00:00,11.7,45.0,20.0,0.430156,1016.0,24.4,11.2,0.0
2022-08-05 00:00:00,11.0,43.0,20.0,0.49676,1015.1,24.4,11.2,0.0
2022-08-05 01:00:00,11.0,46.0,20.0,0.565097,1014.7,23.3,16.6,0.0
2022-08-05 02:00:00,10.5,49.0,20.0,0.554381,1015.0,21.7,22.3,0.0
2022-08-05 03:00:00,10.1,55.0,360.0,0.505474,1015.5,19.4,13.0,0.0
2022-08-05 04:00:00,10.1,55.0,360.0,0.460799,1015.5,19.4,13.0,0.0
2022-08-05 05:00:00,10.5,67.0,3.0,0.409215,1016.3,16.7,14.8,0.0
2022-08-05 06:00:00,10.6,70.0,350.0,0.357562,1016.3,16.1,13.0,0.0
2022-08-05 07:00:00,10.0,75.0,350.0,0.315297,1016.3,14.4,9.4,0.0
2022-08-05 08:00:00,9.4,72.0,350.0,0.299633,1016.2,14.4,5.4,0.0
2022-08-05 09:00:00,9.4,72.0,360.0,0.283542,1016.2,14.4,5.4,0.0
2022-08-05 10:00:00,9.4,77.0,20.0,0.283712,1015.9,13.3,9.4,0.0
2022-08-05 11:00:00,9.4,80.0,3.0,0.287104,1015.6,12.8,9.4,0.0
2022-08-05 12:00:00,8.3,89.0,320.0,0.316817,1015.6,10.0,7.6,0.0
2022-08-05 13:00:00,9.4,92.0,250.0,0.331334,1016.1,10.6,7.6,0.0
2022-08-05 14:00:00,9.4,92.0,250.0,0.382806,1016.1,10.6,7.6,0.0
2022-08-05 15:00:00,9.9,58.0,20.0,0.382512,1016.0,18.3,20.5,0.0
2022-08-05 16:00:00,10.1,53.0,20.0,0.353868,1015.9,20.0,20.5,0.0
2022-08-05 17:00:00,10.0,49.0,6.0,0.322999,1015.7,21.1,20.5,0.0
2022-08-05 18:00:00,10.6,46.0,340.0,0.287515,1015.5,22.8,14.8,0.0
2022-08-05 19:00:00,10.6,46.0,340.0,0.266157,1015.5,22.8,14.8,0.0
2022-08-05 20:00:00,9.4,35.0,360.0,0.296497,1014.7,26.1,22.3,0.0
2022-08-05 21:00:00,9.5,33.0,30.0,0.323045,1014.1,27.2,22.3,0.0
2022-08-05 22:00:00,9.5,33.0,30.0,0.383456,1014.1,27.2,22.3,0.0
2022-08-05 23:00:00,9.1,30.0,10.0,0.442675,1013.6,28.3,9.4,0.0
2022-08-06 00:00:00,8.1,29.0,350.0,0.507767,1013.1,27.8,18.4,0.0
2022-08-06 01:00:00,9.5,33.0,360.0,0.559105,1013.0,27.2,20.5,0.0
2022-08-06 02:00:00,9.3,37.0,360.0,0.563595,1013.3,25.0,14.8,0.0
2022-08-06 03:00:00,9.9,44.0,10.0,0.532035,1013.9,22.8,14.8,0.0
2022-08-06 04:00:00,9.9,44.0,10.0,0.492719,1013.9,22.8,14.8,0.0
2022-08-06 05:00:00,11.8,68.0,360.0,0.437782,1015.0,17.8,5.4,0.0
2022-08-06 06:00:00,11.8,68.0,0.0,0.384596,1015.4,17.8,0.0,0.0
2022-08-06 07:00:00,11.2,75.0,300.0,0.344654,1015.5,15.6,5.4,0.0
2022-08-06 08:00:00,11.0,89.0,250.0,0.321811,1015.7,12.8,5.4,0.0
2022-08-06 09:00:00,11.0,89.0,250.0,0.307792,1015.7,12.8,5.4,0.0
2022-08-06 10:00:00,10.0,93.0,0.0,0.291204,1015.9,11.1,0.0,0.0
2022-08-06 11:00:00,9.9,86.0,300.0,0.285529,1015.9,12.2,5.4,0.0
2022-08-06 12:00:00,10.6,93.0,280.0,0.308533,1016.1,11.7,5.4,0.0
2022-08-06 13:00:00,9.4,92.0,0.0,0.337276,1016.6,10.6,0.0,0.0
2022-08-06 14:00:00,9.4,92.0,0.0,0.372717,1016.6,10.6,0.0,0.0
2022-08-06 15:00:00,12.3,70.0,0.0,0.370668,1016.9,17.8,0.0,0.0
2022-08-06 16:00:00,12.3,59.0,0.0,0.363268,1016.7,20.6,5.4,0.0
2022-08-06 17:00:00,12.9,52.0,18.0,0.330412,1016.4,23.3,5.4,0.0
2022-08-06 18:00:00,12.9,52.0,15.0,0.317953,1016.4,23.3,5.4,0.0
2022-08-06 19:00:00,13.3,41.0,0.0,0.314774,1015.5,27.8,7.6,0.0
2022-08-06 20:00:00,12.3,35.0,0.0,0.345093,1014.9,29.4,0.0,0.0
2022-08-06 21:00:00,12.0,31.0,0.0,0.382204,1014.6,31.1,7.6,0.0
2022-08-06 22:00:00,10.3,26.0,348.0,0.452702,1013.9,32.2,5.4,0.0
2022-08-06 23:00:00,10.3,26.0,341.0,0.528443,1013.9,32.2,5.4,0.0
2022-08-07 00:00:00,8.3,22.0,340.0,0.59822,1013.1,32.8,11.2,0.0
2022-08-07 01:00:00,9.7,25.0,350.0,0.644125,1012.7,32.2,13.0,0.0
2022-08-07 02:00:00,10.5,30.0,350.0,0.633705,1012.9,30.0,5.4,0.0
2022-08-07 03:00:00,10.8,37.0,360.0,0.576468,1013.5,26.7,7.6,0.0
2022-08-07 04:00:00,10.8,37.0,360.0,0.528419,1013.5,26.7,7.6,0.0
2022-08-07 05:00:00,10.6,43.0,0.0,0.451534,1014.3,23.9,0.0,0.0
2022-08-07 06:00:00,11.7,63.0,0.0,0.380257,1014.4,18.9,0.0,0.0
2022-08-07 07:00:00,11.7,63.0,0.0,0.340952,1014.6,18.9,0.0,0.0
2022-08-07 08:00:00,11.8,81.0,0.0,0.317481,1014.5,15.0,5.4,0.0
2022-08-07 09:00:00,11.8,81.0,280.0,0.295675,1014.5,15.0,5.4,0.0
2022-08-07 10:00:00,12.3,90.0,300.0,0.281945,1014.5,13.9,5.4,0.0
2022-08-07 11:00:00,11.7,90.0,0.0,0.273805,1014.7,13.3,5.4,0.0
2022-08-07 12:00:00,12.2,96.0,0.0,0.281227,1014.7,12.8,0.0,0.0
2022-08-07 13:00:00,12.2,96.0,0.0,0.296841,1014.7,12.8,0.0,0.0
2022-08-07 14:00:00,13.4,84.0,230.0,0.342229,1015.3,16.1,5.4,0.0
2022-08-07 15:00:00,13.2,65.0,260.0,0.3654,1015.3,20.0,5.4,0.0
2022-08-07 16:00:00,13.2,48.0,20.0,0.36286,1015.0,25.0,5.4,0.0
2022-08-07 17:00:00,12.6,38.0,2.0,0.340437,1014.8,28.3,5.4,0.0
2022-08-07 18:00:00,12.6,38.0,13.0,0.363225,1014.8,28.3,5.4,0.0
2022-08-07 19:00:00,11.9,28.0,0.0,0.387391,1013.8,32.8,5.4,0.0
2022-08-07 20:00:00,10.9,24.0,13.0,0.435903,1013.3,34.4,11.2,0.0
2022-08-07 21:00:00,9.2,20.0,360.0,0.48183,1012.7,35.6,13.0,0.0
2022-08-07 22:00:00,8.5,18.0,350.0,0.545584,1012.1,36.7,11.2,0.0
2022-08-07 23:00:00,8.5,18.0,350.0,0.630567,1012.1,36.7,11.2,0.0
2022-08-08 00:00:00,5.9,15.0,10.0,0.704128,1011.2,36.7,13.0,0.0
2022-08-08 01:00:00,8.4,19.0,350.0,0.731681,1010.8,35.6,9.4,0.0
2022-08-08 02:00:00,8.4,19.0,5.0,0.690843,1011.4,35.6,9.4,0.0
2022-08-08 03:00:00,14.9,44.0,220.0,0.628201,1012.1,28.3,18.4,0.0
2022-08-08 04:00:00,13.9,52.0,240.0,0.560036,1012.1,24.4,22.3,0.0
2022-08-08 05:00:00,12.8,61.0,250.0,0.466096,1013.3,20.6,16.6,0.0
2022-08-08 06:00:00,12.2,65.0,250.0,0.390614,1013.7,18.9,13.0,0.0
2022-08-08 07:00:00,11.8,68.0,260.0,0.34588,1013.5,17.8,16.6,0.0
2022-08-08 08:00:00,11.8,68.0,260.0,0.315506,1013.5,17.8,16.6,0.0
2022-08-08 09:00:00,11.2,78.0,250.0,0.299535,1013.9,15.0,11.2,0.0
2022-08-08 10:00:00,11.2,81.0,270.0,0.286079,1013.9,14.4,13.0,0.0
2022-08-08 11:00:00,11.2,87.0,260.0,0.284077,1014.2,13.3,9.4,0.0
2022-08-08 12:00:00,11.0,89.0,220.0,0.316867,1014.5,12.8,5.4,0.0
2022-08-08 13:00:00,11.0,89.0,220.0,0.349542,1014.5,12.8,5.4,0.0
2022-08-08 14:00:00,12.1,83.0,230.0,0.387343,1015.4,15.0,11.2,0.0
2022-08-08 15:00:00,12.7,75.0,220.0,0.378113,1015.8,17.2,7.6,0.0
2022-08-08 16:00:00,13.3,68.0,220.0,0.350773,1015.7,19.4,7.6,0.0
2022-08-08 17:00:00,13.3,63.0,230.0,0.34711,1015.3,20.6,9.4,0.0
2022-08-08 18:00:00,13.3,63.0,230.0,0.383953,1015.3,20.6,9.4,0.0
2022-08-08 19:00:00,14.3,55.0,220.0,0.384502,1014.8,23.9,14.8,0.0
2022-08-08 20:00:00,14.3,55.0,5.0,0.477294,1014.3,23.9,14.8,0.0
2022-08-08 21:00:00,15.1,58.0,230.0,0.382944,1014.3,23.9,18.4,0.0
2022-08-08 22:00:00,15.1,58.0,230.0,0.393292,1014.3,23.9,18.4,0.0
2022-08-08 23:00:00,15.5,47.0,200.0,0.490905,1012.7,27.8,14.8,0.0
2022-08-09 00:00:00,15.6,58.0,210.0,0.548182,1012.9,24.4,25.9,0.0
2022-08-09 01:00:00,15.6,58.0,210.0,0.583853,1012.9,24.4,25.9,0.0
2022-08-09 02:00:00,14.0,71.0,220.0,0.559187,1013.2,19.4,24.1,0.0
2022-08-09 03:00:00,14.0,71.0,220.0,0.522508,1013.2,19.4,24.1,0.0
2022-08-09 04:00:00,13.4,84.0,220.0,0.473229,1014.1,16.1,22.3,0.0
2022-08-09 05:00:00,12.8,81.0,210.0,0.392137,1014.5,16.1,20.5,0.0
2022-08-09 06:00:00,12.7,83.0,210.0,0.348327,1015.1,15.6,18.4,0.0
2022-08-09 07:00:00,12.9,87.0,230.0,0.325831,1014.6,15.0,11.2,0.0
2022-08-09 08:00:00,12.9,87.0,230.0,0.293097,1014.6,15.0,11.2,0.0
2022-08-09 09:00:00,12.3,90.0,150.0,0.27889,1015.2,13.9,7.6,0.0
2022-08-09 10:00:00,12.9,87.0,240.0,0.269167,1015.2,15.0,7.6,0.0
2022-08-09 11:00:00,12.8,90.0,0.0,0.285233,1014.7,14.4,0.0,0.0
2022-08-09 12:00:00,12.8,93.0,0.0,0.311746,1014.5,13.9,0.0,0.0
2022-08-09 13:00:00,12.8,93.0,0.0,0.34423,1014.5,13.9,0.0,0.0
2022-08-09 14:00:00,13.4,90.0,0.0,0.389207,1014.3,15.0,7.6,0.0
2022-08-09 15:00:00,13.4,90.0,280.0,0.399433,1014.3,15.0,7.6,0.0
2022-08-09 16:00:00,14.0,76.0,0.0,0.357796,1014.2,18.3,0.0,0.0
2022-08-09 17:00:00,14.0,76.0,0.0,0.332166,1014.2,18.3,0.0,0.0
2022-08-09 18:00:00,15.1,64.0,0.0,0.333719,1014.1,22.2,0.0,0.0
2022-08-09 19:00:00,15.1,58.0,0.0,0.333174,1013.2,23.9,0.0,0.0
2022-08-09 20:00:00,16.2,56.0,0.0,0.334926,1012.5,25.6,9.4,0.0
2022-08-09 21:00:00,16.2,56.0,222.0,0.387744,1012.5,25.6,9.4,0.0
2022-08-09 22:00:00,16.8,53.0,0.0,0.452035,1011.7,27.2,0.0,0.0
2022-08-09 23:00:00,17.1,49.0,210.0,0.53365,1010.4,28.9,5.4,0.0
2022-08-10 00:00:00,16.8,48.0,200.0,0.602398,1010.5,28.9,5.4,0.0
2022-08-10 01:00:00,15.7,60.0,200.0,0.623058,1010.3,23.9,5.4,0.0
2022-08-10 02:00:00,15.0,68.0,6.0,0.585228,1010.5,21.1,25.9,0.0
2022-08-10 03:00:00,15.0,68.0,220.0,0.525759,1010.5,21.1,22.3,0.0
2022-08-10 04:00:00,14.0,84.0,290.0,0.465167,1011.4,16.7,13.0,0.0
2022-08-10 05:00:00,13.9,87.0,290.0,0.39967,1013.1,16.1,13.0,1.0
2022-08-10 06:00:00,13.3,86.0,200.0,0.346885,1013.4,15.6,20.5,0.0
2022-08-10 07:00:00,13.3,86.0,200.0,0.316299,1013.4,15.6,20.5,0.0
2022-08-10 08:00:00,13.4,84.0,210.0,0.304483,1014.4,16.1,22.3,0.0
2022-08-10 09:00:00,13.4,84.0,210.0,0.297843,1015.0,16.1,18.4,0.0
2022-08-10 10:00:00,13.4,84.0,210.0,0.289197,1015.0,16.1,18.4,0.0
2022-08-10 11:00:00,13.2,80.0,200.0,0.30231,1015.4,16.7,16.6,0.0
2022-08-10 12:00:00,13.4,84.0,4.0,0.325008,1016.0,16.1,14.8,0.0
2022-08-10 13:00:00,13.9,87.0,200.0,0.353983,1016.9,16.1,9.4,0.0
2022-08-10 14:00:00,14.0,84.0,190.0,0.396491,1017.3,16.7,11.2,0.0
2022-08-10 15:00:00,13.9,81.0,200.0,0.416836,1017.5,17.2,11.2,0.0
2022-08-10 16:00:00,13.9,78.0,210.0,0.424604,1017.9,17.8,9.4,0.0
2022-08-10 17:00:00,13.9,78.0,210.0,0.420957,1017.9,17.8,9.4,0.0
2022-08-10 18:00:00,14.0,73.0,240.0,0.44224,1018.7,18.9,13.0,0.0
2022-08-10 19:00:00,14.0,73.0,230.0,0.434246,1018.9,18.9,9.4,0.0
2022-08-10 20:00:00,13.2,65.0,2.0,0.360519,1018.8,20.0,9.4,0.0
2022-08-10 21:00:00,13.3,57.0,240.0,0.372516,1018.8,22.2,5.4,0.0
2022-08-10 22:00:00,13.3,57.0,220.0,0.376449,1018.8,22.2,5.4,0.0
2022-08-10 23:00:00,13.3,55.0,250.0,0.429197,1018.7,22.8,11.2,0.0
2022-08-11 00:00:00,13.3,55.0,250.0,0.458067,1018.7,22.8,11.2,0.0
2022-08-11 01:00:00,12.3,50.0,290.0,0.533784,1018.6,23.3,11.2,0.0
2022-08-11 02:00:00,12.8,57.0,0.0,0.498429,1018.6,21.7,11.2,0.0
2022-08-11 03:00:00,12.8,57.0,0.0,0.493675,1018.6,21.7,0.0,0.0
2022-08-11 04:00:00,12.1,72.0,0.0,0.472588,1019.5,17.2,0.0,0.0
2022-08-11 05:00:00,11.7,75.0,2.0,0.399019,1019.7,16.1,0.0,0.0
2022-08-11 06:00:00,12.3,78.0,310.0,0.344352,1019.7,16.1,7.6,0.0
2022-08-11 07:00:00,12.3,78.0,310.0,0.316372,1019.7,16.1,7.6,0.0
2022-08-11 08:00:00,11.7,93.0,0.0,0.294423,1019.5,12.8,0.0,0.0
2022-08-11 09:00:00,11.1,96.0,0.0,0.283291,1019.2,11.7,0.0,0.0
2022-08-11 10:00:00,11.1,93.0,290.0,0.276998,1019.2,12.2,5.4,0.0
2022-08-11 11:00:00,10.6,93.0,0.0,0.282392,1019.1,11.7,5.4,0.0
2022-08-11 12:00:00,10.6,93.0,0.0,0.314772,1019.1,11.7,0.0,0.0
2022-08-11 13:00:00,10.6,93.0,0.0,0.339613,1019.1,11.7,0.0,0.0
2022-08-11 14:00:00,12.3,90.0,0.0,0.386248,1019.3,13.9,0.0,0.0
2022-08-11 15:00:00,12.7,75.0,0.0,0.375989,1018.9,17.2,0.0,0.0
2022-08-11 16:00:00,14.0,71.0,0.0,0.349848,1018.4,19.4,0.0,0.0
2022-08-11 17:00:00,14.0,71.0,0.0,0.318659,1018.4,19.4,0.0,0.0
2022-08-11 18:00:00,15.1,60.0,0.0,0.30884,1017.4,23.3,0.0,0.0
2022-08-11 19:00:00,14.5,52.0,0.0,0.312157,1016.8,25.0,0.0,0.0
2022-08-11 20:00:00,14.5,52.0,0.0,0.33389,1016.8,25.0,0.0,0.0
2022-08-11 21:00:00,14.5,47.0,0.0,0.383373,1016.3,26.7,0.0,0.0
2022-08-11 22:00:00,13.0,40.0,0.0,0.458684,1015.9,27.8,0.0,0.0
2022-08-11 23:00:00,14.3,41.0,200.0,0.523545,1014.7,28.9,7.6,0.0
2022-08-12 00:00:00,15.6,46.0,230.0,0.573377,1014.6,28.3,24.1,0.0
2022-08-12 01:00:00,15.0,52.0,230.0,0.618108,1014.9,25.6,24.1,0.0
2022-08-12 02:00:00,14.4,59.0,230.0,0.588803,1015.2,22.8,22.3,0.0
2022-08-12 03:00:00,14.4,59.0,230.0,0.551605,1015.2,22.8,22.3,0.0
2022-08-12 04:00:00,12.9,73.0,220.0,0.517803,1016.3,17.8,20.5,0.0
2022-08-12 05:00:00,12.7,75.0,220.0,0.438268,1016.4,17.2,16.6,0.0
2022-08-12 06:00:00,12.3,78.0,230.0,0.362192,1016.9,16.1,13.0,0.0
2022-08-12 07:00:00,12.3,78.0,230.0,0.32559,1016.9,16.1,13.0,0.0
2022-08-12 08:00:00,12.3,90.0,230.0,0.30017,1017.3,13.9,9.4,0.0
2022-08-12 09:00:00,12.2,93.0,230.0,0.283599,1017.2,13.3,13.0,0.0
2022-08-12 10:00:00,11.7,93.0,220.0,0.284705,1017.3,12.8,7.6,0.0
2022-08-12 11:00:00,11.1,93.0,0.0,0.279156,1017.2,12.2,0.0,0.0
2022-08-12 12:00:00,11.1,93.0,0.0,0.305838,1017.2,12.2,0.0,0.0
2022-08-12 13:00:00,11.1,93.0,220.0,0.334298,1017.3,12.2,9.4,0.0
2022-08-12 14:00:00,11.7,93.0,200.0,0.386903,1017.7,12.8,7.6,0.0
2022-08-12 15:00:00,12.1,83.0,240.0,0.383567,1018.4,15.0,7.6,0.0
2022-08-12 16:00:00,12.8,78.0,240.0,0.351108,1018.2,16.7,5.4,0.0
2022-08-12 17:00:00,12.8,78.0,220.0,0.309516,1018.2,16.7,5.4,0.0
2022-08-12 18:00:00,12.8,59.0,0.0,0.306192,1017.8,21.1,0.0,0.0
2022-08-12 19:00:00,12.1,51.0,200.0,0.351022,1017.5,22.8,14.8,0.0
2022-08-12 20:00:00,12.1,51.0,200.0,0.368737,1017.5,22.8,14.8,0.0
2022-08-12 21:00:00,13.2,48.0,210.0,0.390759,1017.2,25.0,13.0,0.0
2022-08-12 22:00:00,13.2,48.0,210.0,0.359859,1017.2,25.0,13.0,0.0
2022-08-12 23:00:00,12.2,48.0,210.0,0.428224,1017.3,23.9,20.5,0.0
2022-08-13 00:00:00,12.2,48.0,210.0,0.489256,1017.3,23.9,20.5,0.0
2022-08-13 01:00:00,11.0,46.0,240.0,0.527649,1017.3,23.3,24.1,0.0
2022-08-13 02:00:00,10.6,51.0,240.0,0.499483,1018.0,21.1,22.3,0.0
2022-08-13 03:00:00,9.9,56.0,250.0,0.48274,1018.8,18.9,18.4,0.0
2022-08-13 04:00:00,10.0,67.0,280.0,0.458607,1019.8,16.1,11.2,0.0
2022-08-13 05:00:00,9.9,80.0,3.0,0.402649,1020.2,13.3,11.2,0.0
2022-08-13 06:00:00,9.9,80.0,210.0,0.353706,1020.2,13.3,9.4,0.0
2022-08-13 07:00:00,9.9,80.0,190.0,0.322055,1020.3,13.3,9.4,0.0
2022-08-13 08:00:00,9.9,86.0,2.0,0.29308,1020.8,12.2,9.4,0.0
2022-08-13 09:00:00,10.7,84.0,0.0,0.269561,1021.1,13.3,0.0,0.0
2022-08-13 10:00:00,11.1,83.0,0.0,0.25572,1021.2,13.9,0.0,0.0
2022-08-13 11:00:00,10.7,81.0,0.0,0.249864,1021.4,13.9,0.0,0.0
2022-08-13 12:00:00,10.7,81.0,0.0,0.265503,1021.4,13.9,0.0,0.0
2022-08-13 13:00:00,11.8,81.0,0.0,0.303299,1022.0,15.0,0.0,0.0
2022-08-13 14:00:00,11.8,81.0,0.0,0.353576,1022.2,15.0,5.4,0.0
2022-08-13 15:00:00,11.7,75.0,0.0,0.383279,1022.4,16.1,0.0,0.0
2022-08-13 16:00:00,11.7,75.0,0.0,0.382583,1022.4,16.1,0.0,0.0
2022-08-13 17:00:00,12.3,59.0,2.0,0.365576,1022.6,20.6,5.4,0.0
2022-08-13 18:00:00,12.3,59.0,306.0,0.282939,1022.6,20.6,7.6,0.0
2022-08-13 19:00:00,11.1,53.0,10.0,0.265186,1022.3,21.1,5.4,0.0
2022-08-13 20:00:00,11.8,50.0,10.0,0.292276,1021.7,22.8,11.2,0.0
2022-08-13 21:00:00,12.4,47.0,310.0,0.315429,1021.3,24.4,9.4,0.0
2022-08-13 22:00:00,12.2,45.0,310.0,0.366287,1021.1,25.0,14.8,0.0
2022-08-13 23:00:00,12.8,45.0,360.0,0.424542,1020.6,25.6,11.2,0.0
2022-08-14 00:00:00,12.1,43.0,330.0,0.495723,1020.2,25.6,11.2,0.0
2022-08-14 01:00:00,12.2,45.0,350.0,0.555947,1019.4,25.0,13.0,0.0
2022-08-14 02:00:00,12.2,45.0,350.0,0.526112,1019.4,25.0,13.0,0.0
2022-08-14 03:00:00,12.9,52.0,360.0,0.500957,1019.6,23.3,11.2,0.0
2022-08-14 04:00:00,12.8,61.0,360.0,0.461448,1019.9,20.6,14.8,0.0
2022-08-14 05:00:00,12.3,70.0,340.0,0.405828,1020.1,17.8,7.6,0.0
2022-08-14 06:00:00,12.3,70.0,340.0,0.355615,1020.1,17.8,7.6,0.0
2022-08-14 07:00:00,11.8,87.0,290.0,0.320373,1020.2,13.9,5.4,0.0
2022-08-14 08:00:00,11.7,93.0,290.0,0.290017,1020.4,12.8,0.0,0.0
2022-08-14 09:00:00,12.2,93.0,0.0,0.276384,1020.5,13.3,0.0,0.0
2022-08-14 10:00:00,11.7,90.0,0.0,0.254041,1020.5,13.3,0.0,0.0
2022-08-14 11:00:00,11.7,90.0,0.0,0.249886,1020.5,13.3,0.0,0.0
2022-08-14 12:00:00,11.7,97.0,0.0,0.250165,1020.6,12.2,0.0,0.0
2022-08-14 13:00:00,11.1,93.0,0.0,0.270305,1021.0,12.2,0.0,0.0
2022-08-14 14:00:00,12.8,90.0,0.0,0.308637,1021.2,14.4,0.0,0.0
2022-08-14 15:00:00,13.2,80.0,0.0,0.316055,1021.3,16.7,0.0,0.0
2022-08-14 16:00:00,13.2,80.0,0.0,0.286762,1021.3,16.7,0.0,0.0
2022-08-14 17:00:00,14.0,64.0,0.0,0.274821,1020.6,21.1,0.0,0.0
2022-08-14 18:00:00,14.0,56.0,0.0,0.258786,1020.1,23.3,0.0,0.0
2022-08-14 19:00:00,13.2,48.0,70.0,0.272207,1019.6,25.0,9.4,0.0
2022-08-14 20:00:00,13.4,44.0,0.0,0.294383,1019.1,26.7,0.0,0.0
2022-08-14 21:00:00,13.4,44.0,0.0,0.339348,1019.1,26.7,0.0,0.0
2022-08-14 22:00:00,12.2,38.0,0.0,0.398098,1018.4,27.8,0.0,0.0
2022-08-14 23:00:00,12.3,36.0,360.0,0.484643,1017.7,28.9,7.6,0.0
2022-08-15 00:00:00,12.9,35.0,0.0,0.562639,1016.7,30.0,0.0,0.0
2022-08-15 01:00:00,12.9,35.0,0.0,0.608969,1016.7,30.0,0.0,0.0
2022-08-15 02:00:00,12.8,36.0,300.0,0.569874,1016.4,29.4,5.4,0.0
2022-08-15 03:00:00,15.1,56.0,220.0,0.516617,1016.5,24.4,16.6,0.0
2022-08-15 04:00:00,14.0,66.0,240.0,0.466035,1017.0,20.6,7.6,0.0
2022-08-15 05:00:00,12.7,70.0,260.0,0.388254,1017.5,18.3,9.4,0.0
2022-08-15 06:00:00,12.7,70.0,260.0,0.326113,1017.5,18.3,9.4,0.0
2022-08-15 07:00:00,12.8,81.0,250.0,0.30166,1017.8,16.1,7.6,0.0
2022-08-15 08:00:00,12.3,78.0,250.0,0.275868,1017.6,16.1,5.4,0.0
2022-08-15 09:00:00,12.2,80.0,0.0,0.261,1017.6,15.6,0.0,0.0
2022-08-15 10:00:00,11.7,84.0,290.0,0.253237,1017.8,14.4,7.6,0.0
2022-08-15 11:00:00,11.7,84.0,290.0,0.260052,1017.8,14.4,7.6,0.0
2022-08-15 12:00:00,11.8,87.0,300.0,0.294136,1017.6,13.9,5.4,0.0
2022-08-15 13:00:00,11.2,87.0,290.0,0.330065,1017.6,13.3,5.4,0.0
2022-08-15 14:00:00,11.0,89.0,0.0,0.393481,1018.0,12.8,0.0,0.0
2022-08-15 15:00:00,13.4,73.0,0.0,0.38463,1018.1,18.3,0.0,0.0
2022-08-15 16:00:00,13.4,73.0,0.0,0.366289,1018.1,18.3,0.0,0.0
2022-08-15 17:00:00,14.0,54.0,3.0,0.348548,1017.8,23.9,7.6,0.0
2022-08-15 18:00:00,14.4,50.0,326.0,0.347866,1017.1,25.6,5.4,0.0
2022-08-15 19:00:00,13.8,45.0,300.0,0.352586,1016.6,26.7,9.4,0.0
2022-08-15 20:00:00,13.8,45.0,300.0,0.381192,1016.6,26.7,9.4,0.0
2022-08-15 21:00:00,13.2,38.0,80.0,0.433935,1016.0,28.9,9.0,0.0
2022-08-15 22:00:00,13.4,35.0,80.0,0.484454,1015.6,30.6,9.4,0.0
2022-08-15 23:00:00,13.4,34.0,0.0,0.558956,1015.0,31.1,0.0,0.0
2022-08-16 00:00:00,14.3,37.0,230.0,0.622144,1014.4,30.6,16.6,0.0
2022-08-16 01:00:00,14.3,37.0,230.0,0.672837,1014.4,30.6,16.6,0.0
2022-08-16 02:00:00,14.9,44.0,230.0,0.626077,1014.4,28.3,18.4,0.0
2022-08-16 03:00:00,13.3,61.0,250.0,0.566019,1015.5,21.1,13.0,0.0
2022-08-16 04:00:00,13.3,70.0,240.0,0.508217,1015.9,18.9,13.0,0.0
2022-08-16 05:00:00,12.7,70.0,3.0,0.444113,1016.1,18.3,13.0,0.0
2022-08-16 06:00:00,12.7,70.0,230.0,0.373079,1016.1,18.3,11.2,0.0
2022-08-16 07:00:00,12.8,78.0,0.0,0.340801,1016.6,16.7,0.0,0.0
2022-08-16 08:00:00,12.8,78.0,2.0,0.309699,1016.7,16.7,0.0,0.0
2022-08-16 09:00:00,13.3,86.0,290.0,0.290909,1016.8,15.6,9.4,0.0
2022-08-16 10:00:00,12.9,87.0,280.0,0.285966,1017.2,15.0,7.6,0.0
2022-08-16 11:00:00,12.9,87.0,280.0,0.284192,1017.2,15.0,7.6,0.0
2022-08-16 12:00:00,12.2,93.0,290.0,0.319628,1017.4,13.3,7.6,0.0
2022-08-16 13:00:00,12.8,93.0,280.0,0.348187,1017.8,13.9,5.4,0.0
2022-08-16 14:00:00,13.3,86.0,0.0,0.386853,1017.9,15.6,0.0,0.0
2022-08-16 15:00:00,13.4,73.0,330.0,0.377484,1017.6,18.3,7.6,0.0
2022-08-16 16:00:00,13.4,73.0,330.0,0.338038,1017.6,18.3,7.6,0.0
2022-08-16 17:00:00,12.2,48.0,0.0,0.30689,1017.1,23.9,9.4,0.0
2022-08-16 18:00:00,12.8,41.0,340.0,0.318929,1016.4,27.2,13.0,0.0
2022-08-16 19:00:00,10.9,34.0,320.0,0.335991,1015.8,28.3,9.4,0.0
2022-08-16 20:00:00,10.9,34.0,320.0,0.366574,1015.8,28.3,9.4,0.0
2022-08-16 21:00:00,9.9,27.0,360.0,0.418018,1015.1,31.1,14.8,0.0
2022-08-16 22:00:00,10.8,27.0,20.0,0.476672,1013.6,32.2,14.8,0.0
2022-08-16 23:00:00,10.8,27.0,20.0,0.571603,1013.6,32.2,14.8,0.0
2022-08-17 00:00:00,10.8,26.0,360.0,0.644434,1012.7,32.8,18.4,0.0
2022-08-17 01:00:00,10.8,26.0,10.0,0.710196,1012.7,32.8,22.3,0.0
2022-08-17 02:00:00,12.3,36.0,5.0,0.670258,1012.3,28.9,16.6,0.0
2022-08-17 03:00:00,12.2,45.0,20.0,0.646217,1012.7,25.0,9.4,0.0
2022-08-17 04:00:00,12.2,48.0,350.0,0.59003,1013.1,23.9,13.0,0.0
2022-08-17 05:00:00,12.2,48.0,350.0,0.497382,1013.1,23.9,13.0,0.0
2022-08-17 06:00:00,13.3,55.0,350.0,0.419793,1013.1,22.8,9.4,0.0
2022-08-17 07:00:00,13.9,81.0,280.0,0.377785,1013.2,17.2,5.4,0.0
2022-08-17 08:00:00,14.3,86.0,270.0,0.35408,1013.1,16.7,5.4,0.0
2022-08-17 09:00:00,12.8,90.0,210.0,0.340394,1013.3,14.4,7.6,0.0
2022-08-17 10:00:00,13.3,93.0,0.0,0.334917,1013.5,14.4,0.0,0.0
2022-08-17 11:00:00,13.3,93.0,0.0,0.33352,1013.5,14.4,0.0,0.0
2022-08-17 12:00:00,12.9,87.0,0.0,0.343495,1013.5,15.0,0.0,0.0
2022-08-17 13:00:00,13.3,93.0,0.0,0.370748,1013.6,14.4,0.0,0.0
2022-08-17 14:00:00,14.5,84.0,0.0,0.426123,1013.6,17.2,0.0,0.0
2022-08-17 15:00:00,14.5,84.0,0.0,0.434146,1013.6,17.2,0.0,0.0
2022-08-17 16:00:00,15.1,58.0,0.0,0.423354,1013.0,23.9,0.0,0.0
2022-08-17 17:00:00,14.9,47.0,3.0,0.415351,1012.6,27.2,0.0,0.0
2022-08-17 18:00:00,16.1,46.0,90.0,0.416416,1012.1,28.9,7.6,0.0
2022-08-17 19:00:00,16.6,43.0,90.0,0.445015,1011.4,30.6,9.4,0.0
2022-08-17 20:00:00,16.6,43.0,170.0,0.523349,1011.4,30.6,9.4,0.0
2022-08-17 21:00:00,16.7,36.0,0.0,0.585652,1010.9,33.9,0.0,0.0
2022-08-17 22:00:00,16.6,37.0,110.0,0.627904,1010.3,33.3,5.4,0.0
2022-08-17 23:00:00,16.6,37.0,110.0,0.651458,1010.3,33.3,5.4,0.0
2022-08-18 00:00:00,17.2,36.0,0.0,0.741085,1009.6,34.4,0.0,0.0
2022-08-18 01:00:00,17.2,36.0,0.0,0.79421,1009.6,34.4,0.0,0.0
2022-08-18 02:00:00,18.8,51.0,140.0,0.778102,1009.9,30.0,11.2,0.0
2022-08-18 03:00:00,17.9,55.0,230.0,0.74839,1010.6,27.8,11.2,0.0
2022-08-18 04:00:00,17.9,55.0,230.0,0.687029,1010.6,27.8,11.2,0.0
2022-08-18 05:00:00,17.7,60.0,2.0,0.592287,1010.6,26.1,0.0,0.0
2022-08-18 06:00:00,17.7,60.0,270.0,0.509654,1010.6,26.1,5.4,0.0
2022-08-18 07:00:00,17.9,79.0,0.0,0.457907,1011.8,21.7,0.0,0.0
2022-08-18 08:00:00,16.6,73.0,0.0,0.421034,1011.9,21.7,13.0,0.0
2022-08-18 09:00:00,16.6,73.0,0.0,0.396455,1011.1,21.7,0.0,0.0
2022-08-18 10:00:00,16.6,73.0,0.0,0.384084,1011.1,21.7,0.0,0.0
2022-08-18 11:00:00,16.1,90.0,0.0,0.370111,1011.9,17.8,0.0,0.0
2022-08-18 12:00:00,16.1,87.0,0.0,0.388964,1012.1,18.3,0.0,0.0
2022-08-18 13:00:00,16.1,87.0,0.0,0.424803,1012.1,18.3,0.0,0.0
2022-08-18 14:00:00,16.6,81.0,150.0,0.476653,1013.1,20.0,11.2,0.0
2022-08-18 15:00:00,16.6,81.0,150.0,0.477054,1013.1,20.0,11.2,0.0
2022-08-18 16:00:00,18.3,64.0,280.0,0.482942,1012.9,25.6,9.4,0.0
2022-08-18 17:00:00,19.0,55.0,40.0,0.477039,1012.6,28.9,5.4,0.0
2022-08-18 18:00:00,18.8,53.0,90.0,0.578273,1012.5,29.4,9.4,0.0
2022-08-18 19:00:00,18.8,51.0,0.0,0.564923,1012.2,30.0,0.0,0.0
2022-08-18 20:00:00,18.8,51.0,0.0,0.617191,1012.2,30.0,0.0,0.0
2022-08-18 21:00:00,18.8,51.0,70.0,0.637437,1011.6,30.0,9.4,0.0
2022-08-18 22:00:00,18.8,51.0,70.0,0.638352,1011.6,30.0,9.4,0.0
2022-08-18 23:00:00,18.4,50.0,2.0,0.681526,1011.2,30.0,13.0,0.0
2022-08-19 00:00:00,18.5,47.0,10.0,0.680297,1010.7,31.1,7.6,0.0
2022-08-19 01:00:00,18.5,47.0,10.0,0.727855,1010.7,31.1,7.6,0.0
2022-08-19 02:00:00,20.1,63.0,140.0,0.666981,1010.8,27.8,13.0,0.0
2022-08-19 03:00:00,18.3,64.0,240.0,0.651863,1011.0,25.6,11.2,0.0
2022-08-19 04:00:00,17.2,66.0,240.0,0.598154,1011.3,23.9,11.2,0.0
2022-08-19 05:00:00,17.2,66.0,220.0,0.513881,1011.3,23.9,25.9,0.0
2022-08-19 06:00:00,16.0,78.0,230.0,0.44218,1011.8,20.0,16.6,0.0
2022-08-19 07:00:00,15.6,81.0,210.0,0.395734,1012.2,18.9,20.5,0.0
2022-08-19 08:00:00,15.0,81.0,210.0,0.366987,1012.6,18.3,20.5,0.0
2022-08-19 09:00:00,15.0,81.0,210.0,0.353191,1012.9,18.3,18.4,0.0
2022-08-19 10:00:00,15.0,81.0,210.0,0.342247,1012.9,18.3,18.4,0.0
2022-08-19 11:00:00,15.0,81.0,5.0,0.334473,1013.4,18.3,14.8,0.0
2022-08-19 12:00:00,15.0,81.0,220.0,0.355542,1013.8,18.3,16.6,0.0
2022-08-19 13:00:00,15.0,81.0,220.0,0.37844,1013.8,18.3,16.6,0.0
2022-08-19 14:00:00,15.0,78.0,210.0,0.430804,1014.9,18.9,11.2,0.0
2022-08-19 15:00:00,15.0,78.0,210.0,0.444541,1014.9,18.9,11.2,0.0
2022-08-19 16:00:00,15.0,73.0,220.0,0.449018,1015.3,20.0,13.0,0.0
2022-08-19 17:00:00,15.6,73.0,190.0,0.43965,1015.2,20.6,5.4,0.0
2022-08-19 18:00:00,16.0,68.0,0.0,0.407195,1014.8,22.2,0.0,0.0
2022-08-19 19:00:00,16.6,62.0,50.0,0.366579,1014.4,24.4,5.4,0.0
2022-08-19 20:00:00,16.6,62.0,50.0,0.384267,1014.4,24.4,5.4,0.0
2022-08-19 21:00:00,16.0,52.0,210.0,0.428664,1013.6,26.7,20.5,0.0
2022-08-19 22:00:00,16.8,53.0,200.0,0.484062,1013.0,27.2,18.4,0.0
2022-08-19 23:00:00,16.8,53.0,220.0,0.52293,1012.5,27.2,20.5,0.0
2022-08-20 00:00:00,16.8,53.0,220.0,0.568157,1012.5,27.2,20.5,0.0
2022-08-20 01:00:00,16.6,56.0,230.0,0.584411,1012.3,26.1,20.5,0.0
2022-08-20 02:00:00,15.0,68.0,230.0,0.537235,1012.8,21.1,24.1,0.0
2022-08-20 03:00:00,15.0,68.0,230.0,0.506458,1012.8,21.1,24.1,0.0
2022-08-20 04:00:00,14.5,81.0,220.0,0.470095,1013.8,17.8,16.6,0.0
2022-08-20 05:00:00,14.5,81.0,220.0,0.415684,1013.8,17.8,16.6,0.0
2022-08-20 06:00:00,14.0,84.0,220.0,0.373586,1014.3,16.7,16.6,0.0
2022-08-20 07:00:00,14.0,84.0,220.0,0.343653,1014.3,16.7,16.6,0.0
2022-08-20 08:00:00,14.0,84.0,230.0,0.323464,1014.4,16.7,13.0,0.0
2022-08-20 09:00:00,14.0,84.0,230.0,0.312597,1014.4,16.7,13.0,0.0
2022-08-20 10:00:00,13.2,80.0,230.0,0.298647,1014.4,16.7,11.2,0.0
2022-08-20 11:00:00,12.8,81.0,220.0,0.299005,1014.5,16.1,5.4,0.0
2022-08-20 12:00:00,12.8,78.0,230.0,0.310476,1014.6,16.7,7.6,0.0
2022-08-20 13:00:00,13.2,80.0,210.0,0.319582,1014.9,16.7,5.4,0.0
2022-08-20 14:00:00,13.3,78.0,230.0,0.37162,1015.1,17.2,13.0,0.0
2022-08-20 15:00:00,13.3,78.0,230.0,0.401168,1015.1,17.2,13.0,0.0
2022-08-20 16:00:00,14.0,73.0,230.0,0.399672,1015.5,18.9,7.6,0.0
2022-08-20 17:00:00,13.9,68.0,210.0,0.401941,1015.5,20.0,11.2,0.0
2022-08-20 18:00:00,13.9,68.0,200.0,0.399769,1015.3,20.0,13.0,0.0
2022-08-20 19:00:00,13.9,68.0,200.0,0.304769,1015.3,20.0,13.0,0.0
2022-08-20 20:00:00,14.3,57.0,259.0,0.279228,1014.8,23.3,5.4,0.0
2022-08-20 21:00:00,14.3,57.0,100.0,0.319231,1014.8,23.3,5.4,0.0
2022-08-20 22:00:00,15.1,56.0,100.0,0.382838,1014.3,24.4,5.4,0.0
2022-08-20 23:00:00,15.6,54.0,100.0,0.455422,1013.7,25.6,7.6,0.0
2022-08-21 00:00:00,15.6,54.0,100.0,0.500736,1013.4,25.6,7.6,0.0
2022-08-21 01:00:00,15.6,54.0,150.0,0.543103,1012.9,25.6,5.4,0.0
2022-08-21 02:00:00,16.0,68.0,220.0,0.51876,1013.1,22.2,13.0,0.0
2022-08-21 03:00:00,15.0,73.0,220.0,0.489542,1013.7,20.0,13.0,0.0
2022-08-21 04:00:00,15.0,73.0,220.0,0.452456,1013.7,20.0,13.0,0.0
2022-08-21 05:00:00,15.0,81.0,240.0,0.392615,1014.2,18.3,11.2,0.0
2022-08-21 06:00:00,14.3,86.0,240.0,0.349451,1014.9,16.7,11.2,0.0
2022-08-21 07:00:00,14.3,86.0,240.0,0.319217,1014.9,16.7,11.2,0.0
2022-08-21 08:00:00,14.0,90.0,290.0,0.292101,1015.3,15.6,7.6,0.0
2022-08-21 09:00:00,14.0,90.0,290.0,0.28046,1015.3,15.6,7.6,0.0
2022-08-21 10:00:00,13.4,90.0,0.0,0.265151,1015.5,15.0,0.0,0.0
2022-08-21 11:00:00,12.2,96.0,0.0,0.267369,1015.8,12.8,0.0,0.0
2022-08-21 12:00:00,12.2,96.0,0.0,0.269233,1015.8,12.8,0.0,0.0
2022-08-21 13:00:00,11.1,96.0,0.0,0.278156,1017.0,11.7,0.0,0.0
2022-08-21 14:00:00,13.9,93.0,0.0,0.333474,1016.3,15.0,0.0,0.0
2022-08-21 15:00:00,13.9,93.0,0.0,0.3662,1016.3,15.0,0.0,0.0
2022-08-21 16:00:00,15.6,76.0,0.0,0.366846,1016.8,20.0,0.0,0.0
2022-08-21 17:00:00,16.2,71.0,0.0,0.303476,1016.7,21.7,0.0,0.0
2022-08-21 18:00:00,16.1,66.0,0.0,0.272499,1016.3,22.8,0.0,0.0
2022-08-21 19:00:00,16.1,66.0,0.0,0.321313,1016.3,22.8,0.0,0.0
2022-08-21 20:00:00,13.3,41.0,350.0,0.368517,1015.2,27.8,7.6,0.0
2022-08-21 21:00:00,13.3,41.0,350.0,0.372514,1015.2,27.8,7.6,0.0
2022-08-21 22:00:00,12.3,35.0,230.0,0.431515,1015.1,29.4,9.4,0.0
2022-08-21 23:00:00,11.6,31.0,0.0,0.547626,1014.5,30.6,0.0,0.0
2022-08-22 00:00:00,13.3,36.0,90.0,0.615241,1014.0,30.0,7.6,0.0
2022-08-22 01:00:00,13.3,36.0,90.0,0.639188,1014.0,30.0,7.6,0.0
2022-08-22 02:00:00,16.1,54.0,90.0,0.581327,1013.8,26.1,5.4,0.0
2022-08-22 03:00:00,14.3,55.0,260.0,0.554411,1014.2,23.9,9.4,0.0
2022-08-22 04:00:00,15.1,64.0,0.0,0.495892,1014.4,22.2,0.0,0.0
2022-08-22 05:00:00,15.1,64.0,0.0,0.414165,1014.4,22.2,0.0,0.0
2022-08-22 06:00:00,15.0,68.0,270.0,0.362674,1015.5,21.1,7.6,0.0
2022-08-22 07:00:00,14.5,68.0,0.0,0.330962,1016.0,20.6,0.0,0.0
2022-08-22 08:00:00,12.9,66.0,0.0,0.302136,1016.3,19.4,5.4,0.0
2022-08-22 09:00:00,13.3,75.0,0.0,0.283389,1016.8,17.8,0.0,0.0
2022-08-22 10:00:00,13.3,75.0,0.0,0.277482,1016.8,17.8,0.0,0.0
2022-08-22 11:00:00,11.7,70.0,0.0,0.284376,1017.2,17.2,0.0,0.0
2022-08-22 12:00:00,12.7,83.0,210.0,0.313584,1017.4,15.6,7.6,0.0
2022-08-22 13:00:00,12.7,83.0,210.0,0.340438,1017.4,15.6,7.6,0.0
2022-08-22 14:00:00,12.7,83.0,0.0,0.390675,1018.1,15.6,0.0,0.0
2022-08-22 15:00:00,14.0,73.0,250.0,0.416048,1019.1,18.9,9.4,0.0
2022-08-22 16:00:00,13.9,68.0,0.0,0.38865,1019.2,20.0,0.0,0.0
2022-08-22 17:00:00,13.3,57.0,0.0,0.380702,1019.3,22.2,0.0,0.0
2022-08-22 18:00:00,13.9,52.0,330.0,0.373824,1019.1,24.4,5.4,0.0
2022-08-22 19:00:00,12.9,44.0,330.0,0.39165,1018.9,26.1,5.4,0.0
2022-08-22 20:00:00,12.9,44.0,222.0,0.420345,1018.9,26.1,5.4,0.0
2022-08-22 21:00:00,14.1,43.0,213.0,0.448257,1018.4,27.8,7.6,0.0
2022-08-22 22:00:00,13.4,40.0,250.0,0.542077,1017.8,28.3,5.4,0.0
2022-08-22 23:00:00,15.2,42.0,250.0,0.576601,1017.1,29.4,7.6,0.0
2022-08-23 00:00:00,14.5,39.0,220.0,0.634006,1016.7,30.0,5.4,0.0
2022-08-23 01:00:00,15.1,46.0,240.0,0.685606,1016.4,27.8,13.0,0.0
2022-08-23 02:00:00,14.5,54.0,240.0,0.650764,1016.8,24.4,18.4,0.0
2022-08-23 03:00:00,15.1,66.0,230.0,0.59609,1017.6,21.7,14.8,0.0
2022-08-23 04:00:00,15.1,66.0,230.0,0.520939,1017.6,21.7,14.8,0.0
2022-08-23 05:00:00,14.4,75.0,5.0,0.449694,1017.8,18.9,14.8,0.0
2022-08-23 06:00:00,14.4,78.0,250.0,0.384891,1018.0,18.3,11.2,0.0
2022-08-23 07:00:00,14.4,78.0,250.0,0.350076,1018.1,18.3,5.4,0.0
2022-08-23 08:00:00,13.9,81.0,250.0,0.330803,1017.9,17.2,11.2,0.0
2022-08-23 09:00:00,13.9,81.0,230.0,0.318091,1017.9,17.2,11.2,0.0
2022-08-23 10:00:00,13.4,84.0,0.0,0.302165,1017.7,16.1,0.0,0.0
2022-08-23 11:00:00,13.4,90.0,290.0,0.31695,1017.8,15.0,7.6,0.0
2022-08-23 12:00:00,13.4,90.0,290.0,0.325774,1017.8,15.0,7.6,0.0
2022-08-23 13:00:00,13.4,90.0,0.0,0.361383,1017.8,15.0,0.0,0.0
2022-08-23 14:00:00,13.4,90.0,0.0,0.414596,1017.8,15.0,0.0,0.0
2022-08-23 15:00:00,14.4,75.0,0.0,0.408833,1017.7,18.9,0.0,0.0
2022-08-23 16:00:00,12.8,61.0,0.0,0.384878,1017.3,20.6,0.0,0.0
2022-08-23 17:00:00,13.3,57.0,0.0,0.372292,1016.8,22.2,0.0,0.0
2022-08-23 18:00:00,13.9,52.0,0.0,0.365244,1016.2,24.4,0.0,0.0
2022-08-23 19:00:00,13.9,52.0,0.0,0.357315,1016.2,24.4,0.0,0.0
2022-08-23 20:00:00,14.0,40.0,60.0,0.397998,1014.4,28.9,7.6,0.0
2022-08-23 21:00:00,14.0,40.0,60.0,0.439198,1014.4,28.9,7.6,0.0
2022-08-23 22:00:00,13.4,35.0,10.0,0.498952,1013.0,30.6,22.3,0.0
2022-08-23 23:00:00,13.4,35.0,350.0,0.564308,1013.0,30.6,22.3,0.0
2022-08-24 00:00:00,13.8,36.0,20.0,0.619822,1012.6,30.6,20.5,0.0
2022-08-24 01:00:00,14.3,41.0,30.0,0.682974,1012.3,28.9,18.4,0.0
2022-08-24 02:00:00,14.5,47.0,350.0,0.644033,1012.8,26.7,14.8,0.0
2022-08-24 03:00:00,13.9,52.0,350.0,0.590533,1013.4,24.4,11.2,0.0
2022-08-24 04:00:00,13.9,52.0,350.0,0.543494,1013.4,24.4,11.2,0.0
2022-08-24 05:00:00,14.4,75.0,270.0,0.459807,1013.3,18.9,7.6,0.0
2022-08-24 06:00:00,13.2,80.0,270.0,0.382472,1013.1,16.7,9.4,0.0
2022-08-24 07:00:00,13.2,80.0,270.0,0.350055,1013.0,16.7,7.6,0.0
2022-08-24 08:00:00,12.8,81.0,0.0,0.329363,1012.8,16.1,0.0,0.0
2022-08-24 09:00:00,12.8,81.0,0.0,0.313582,1012.8,16.1,0.0,0.0
2022-08-24 10:00:00,12.7,83.0,300.0,0.301514,1012.6,15.6,5.4,0.0
2022-08-24 11:00:00,12.9,87.0,290.0,0.301243,1012.6,15.0,5.4,0.0
2022-08-24 12:00:00,12.3,90.0,0.0,0.32254,1012.7,13.9,0.0,0.0
2022-08-24 13:00:00,12.8,90.0,290.0,0.365533,1013.1,14.4,5.4,0.0
2022-08-24 14:00:00,13.3,86.0,2.0,0.418766,1013.2,15.6,5.4,0.0
2022-08-24 15:00:00,13.3,86.0,280.0,0.413426,1013.2,15.6,5.4,0.0
2022-08-24 16:00:00,14.5,68.0,190.0,0.390468,1012.5,20.6,5.4,0.0
2022-08-24 17:00:00,14.5,68.0,190.0,0.372015,1012.5,20.6,5.4,0.0
2022-08-24 18:00:00,14.9,61.0,0.0,0.376528,1012.1,22.8,0.0,0.0
2022-08-24 19:00:00,16.8,53.0,200.0,0.392088,1011.1,27.2,5.4,0.0
2022-08-24 20:00:00,16.8,53.0,200.0,0.413671,1011.1,27.2,5.4,0.0
2022-08-24 21:00:00,16.3,41.0,2.0,0.472776,1009.7,31.1,5.4,0.0
2022-08-24 22:00:00,16.1,38.0,15.0,0.537508,1009.1,32.2,5.4,0.0
2022-08-24 23:00:00,16.1,38.0,24.0,0.587711,1009.1,32.2,5.4,0.0
2022-08-25 00:00:00,16.6,38.0,0.0,0.657028,1008.7,32.8,0.0,0.0
2022-08-25 01:00:00,17.8,51.0,210.0,0.712031,1008.7,28.9,18.4,0.0
2022-08-25 02:00:00,17.8,51.0,5.0,0.63933,1009.3,28.9,18.4,0.0
2022-08-25 03:00:00,16.1,60.0,240.0,0.591973,1010.2,24.4,14.8,0.0
2022-08-25 04:00:00,15.5,66.0,240.0,0.53559,1010.2,22.2,14.8,0.0
2022-08-25 05:00:00,15.0,78.0,250.0,0.46705,1011.5,18.9,13.0,0.0
2022-08-25 06:00:00,15.0,81.0,250.0,0.386807,1011.7,18.3,13.0,0.0
2022-08-25 07:00:00,15.0,81.0,250.0,0.364632,1012.1,18.3,11.2,0.0
2022-08-25 08:00:00,15.0,81.0,250.0,0.338723,1012.1,18.3,11.2,0.0
2022-08-25 09:00:00,14.3,86.0,260.0,0.319087,1012.8,16.7,7.6,0.0
2022-08-25 10:00:00,13.9,87.0,260.0,0.304503,1013.4,16.1,7.6,0.0
2022-08-25 11:00:00,13.9,87.0,260.0,0.298807,1013.4,16.1,7.6,0.0
2022-08-25 12:00:00,14.5,93.0,260.0,0.330294,1014.1,15.6,11.2,0.0
2022-08-25 13:00:00,14.5,93.0,260.0,0.365818,1014.1,15.6,11.2,0.0
2022-08-25 14:00:00,14.3,86.0,2.0,0.40759,1015.4,16.7,9.4,0.0
2022-08-25 15:00:00,15.0,81.0,250.0,0.417938,1015.9,18.3,5.4,0.0
2022-08-25 16:00:00,15.6,76.0,0.0,0.40105,1015.7,20.0,0.0,0.0
2022-08-25 17:00:00,16.2,62.0,0.0,0.39263,1015.6,23.9,0.0,0.0
2022-08-25 18:00:00,16.2,62.0,0.0,0.398671,1015.6,23.9,0.0,0.0
2022-08-25 19:00:00,16.6,49.0,290.0,0.414346,1014.6,28.3,9.4,0.0
2022-08-25 20:00:00,17.1,46.0,290.0,0.457008,1014.0,30.0,9.4,0.0
2022-08-25 21:00:00,17.1,46.0,220.0,0.509649,1014.0,30.0,9.4,0.0
2022-08-25 22:00:00,17.0,39.0,220.0,0.569514,1012.9,32.8,7.6,0.0
2022-08-25 23:00:00,17.0,39.0,230.0,0.613193,1012.9,32.8,7.6,0.0
2022-08-26 00:00:00,17.7,46.0,220.0,0.662792,1012.4,30.6,16.6,0.0
2022-08-26 01:00:00,16.8,53.0,220.0,0.691144,1012.6,27.2,20.5,0.0
2022-08-26 02:00:00,16.8,53.0,240.0,0.639905,1013.2,27.2,20.5,0.0
2022-08-26 03:00:00,15.0,73.0,240.0,0.583985,1013.9,20.0,16.6,0.0
2022-08-26 04:00:00,15.0,73.0,240.0,0.517193,1013.9,20.0,16.6,0.0
2022-08-26 05:00:00,14.5,81.0,230.0,0.452253,1014.9,17.8,22.3,0.0
2022-08-26 06:00:00,13.9,81.0,230.0,0.384875,1015.2,17.2,16.6,0.0
2022-08-26 07:00:00,14.0,84.0,230.0,0.346009,1015.5,16.7,16.6,0.0
2022-08-26 08:00:00,14.0,84.0,230.0,0.33457,1016.0,16.7,14.8,0.0
2022-08-26 09:00:00,14.0,84.0,230.0,0.320561,1016.0,16.7,14.8,0.0
2022-08-26 10:00:00,13.4,90.0,220.0,0.301764,1016.9,15.0,5.4,0.0
2022-08-26 11:00:00,13.4,90.0,220.0,0.312174,1016.9,15.0,5.4,0.0
2022-08-26 12:00:00,12.8,90.0,290.0,0.331866,1017.1,14.4,5.4,0.0
2022-08-26 13:00:00,12.8,90.0,290.0,0.369829,1017.1,14.4,5.4,0.0
2022-08-26 14:00:00,14.0,90.0,0.0,0.424885,1017.8,15.6,0.0,0.0
2022-08-26 15:00:00,14.5,81.0,0.0,0.44309,1017.9,17.8,0.0,0.0
2022-08-26 16:00:00,14.5,81.0,0.0,0.456471,1017.9,17.8,0.0,0.0
2022-08-26 17:00:00,14.4,75.0,110.0,0.436756,1017.6,18.9,5.4,0.0
2022-08-26 18:00:00,14.4,75.0,110.0,0.325447,1017.6,18.9,5.4,0.0
2022-08-26 19:00:00,15.5,66.0,120.0,0.315653,1016.9,22.2,9.4,0.0
2022-08-26 20:00:00,15.5,66.0,120.0,0.350248,1016.9,22.2,9.4,0.0
2022-08-26 21:00:00,15.6,54.0,150.0,0.404538,1015.3,25.6,5.4,0.0
2022-08-26 22:00:00,15.6,54.0,175.0,0.469598,1015.3,25.6,5.4,0.0
2022-08-26 23:00:00,15.6,54.0,0.0,0.538796,1014.7,25.6,0.0,0.0
2022-08-27 00:00:00,15.7,60.0,20.0,0.576864,1014.7,23.9,20.5,0.0
2022-08-27 01:00:00,15.6,62.0,20.0,0.567095,1014.4,23.3,14.8,0.0
2022-08-27 02:00:00,15.6,64.0,2.0,0.512239,1014.4,22.8,14.8,0.0
2022-08-27 03:00:00,15.6,64.0,10.0,0.492068,1014.4,22.8,7.6,0.0
2022-08-27 04:00:00,15.0,68.0,340.0,0.455912,1015.0,21.1,5.4,0.0
2022-08-27 05:00:00,14.4,73.0,2.0,0.411286,1015.1,19.4,5.4,0.0
2022-08-27 06:00:00,14.5,84.0,260.0,0.369169,1015.2,17.2,7.6,0.0
2022-08-27 07:00:00,13.9,87.0,240.0,0.336647,1015.4,16.1,7.6,0.0
2022-08-27 08:00:00,13.9,87.0,240.0,0.318311,1015.4,16.1,7.6,0.0
2022-08-27 09:00:00,12.8,90.0,230.0,0.295255,1015.9,14.4,7.6,0.0
2022-08-27 10:00:00,12.7,83.0,260.0,0.289996,1016.2,15.6,11.2,0.0
2022-08-27 11:00:00,12.7,83.0,250.0,0.288463,1016.4,15.6,7.6,0.0
2022-08-27 12:00:00,12.7,83.0,250.0,0.301573,1016.4,15.6,7.6,0.0
2022-08-27 13:00:00,12.8,81.0,0.0,0.326559,1016.7,16.1,0.0,0.0
2022-08-27 14:00:00,12.8,81.0,140.0,0.375088,1017.2,16.1,7.6,0.0
2022-08-27 15:00:00,11.7,70.0,360.0,0.410888,1017.8,17.2,5.4,0.0
2022-08-27 16:00:00,9.4,54.0,360.0,0.407449,1017.7,18.9,7.6,0.0
2022-08-27 17:00:00,9.4,54.0,336.0,0.388622,1017.7,18.9,7.6,0.0
2022-08-27 18:00:00,9.4,56.0,10.0,0.415125,1017.5,18.3,5.4,0.0
2022-08-27 19:00:00,10.1,53.0,0.0,0.413074,1017.5,20.0,0.0,0.0
2022-08-27 20:00:00,10.1,53.0,0.0,0.352467,1017.5,20.0,0.0,0.0
2022-08-27 21:00:00,10.6,51.0,110.0,0.350562,1016.2,21.1,11.2,0.0
2022-08-27 22:00:00,10.6,51.0,110.0,0.3338,1016.2,21.1,11.2,0.0
2022-08-27 23:00:00,10.7,48.0,317.0,0.407263,1015.7,22.2,9.4,0.0
2022-08-28 00:00:00,10.5,49.0,150.0,0.414654,1014.7,21.7,9.4,0.0
2022-08-28 01:00:00,11.1,51.0,130.0,0.467442,1014.6,21.7,13.0,0.0
2022-08-28 02:00:00,11.8,57.0,130.0,0.442607,1014.8,20.6,7.6,0.0
2022-08-28 03:00:00,11.8,57.0,60.0,0.432531,1014.8,20.6,7.6,0.0
2022-08-28 04:00:00,9.4,54.0,10.0,0.407062,1015.6,18.9,20.5,0.0
2022-08-28 05:00:00,8.8,62.0,330.0,0.363731,1016.0,16.1,7.6,0.0
2022-08-28 06:00:00,9.0,70.0,0.0,0.320083,1016.1,14.4,0.0,0.0
2022-08-28 07:00:00,8.3,83.0,0.0,0.290713,1016.3,11.1,0.0,0.0
2022-08-28 08:00:00,8.3,83.0,0.0,0.261692,1016.3,11.1,0.0,0.0
2022-08-28 09:00:00,9.4,83.0,310.0,0.248713,1016.2,12.2,9.4,0.0
2022-08-28 10:00:00,8.4,86.0,0.0,0.250025,1015.9,10.6,0.0,0.0
2022-08-28 11:00:00,7.8,86.0,0.0,0.249277,1016.2,10.0,0.0,0.0
2022-08-28 12:00:00,7.8,86.0,0.0,0.252672,1016.2,10.0,0.0,0.0
2022-08-28 13:00:00,8.3,93.0,0.0,0.253755,1016.5,9.4,0.0,0.0
2022-08-28 14:00:00,8.8,86.0,0.0,0.281521,1016.7,11.1,0.0,0.0
2022-08-28 15:00:00,9.9,80.0,0.0,0.302869,1016.6,13.3,0.0,0.0
2022-08-28 16:00:00,10.5,67.0,0.0,0.290538,1016.2,16.7,0.0,0.0
2022-08-28 17:00:00,10.5,67.0,0.0,0.253295,1016.2,16.7,0.0,0.0
2022-08-28 18:00:00,11.8,57.0,360.0,0.201671,1015.4,20.6,13.0,0.0
2022-08-28 19:00:00,11.6,51.0,340.0,0.209327,1014.7,22.2,13.0,0.0
2022-08-28 20:00:00,11.6,51.0,340.0,0.211629,1014.7,22.2,13.0,0.0
2022-08-28 21:00:00,11.0,43.0,30.0,0.250543,1013.7,24.4,9.4,0.0
2022-08-28 22:00:00,11.7,42.0,30.0,0.303185,1013.0,25.6,13.0,0.0
2022-08-28 23:00:00,11.2,37.0,6.0,0.372018,1011.6,27.2,22.3,0.0
2022-08-29 00:00:00,11.2,37.0,360.0,0.446093,1011.2,27.2,18.4,0.0
2022-08-29 01:00:00,11.2,38.0,360.0,0.50829,1011.3,26.7,13.0,0.0
2022-08-29 02:00:00,11.2,45.0,5.0,0.504376,1011.6,23.9,13.0,0.0
2022-08-29 03:00:00,11.2,45.0,360.0,0.491183,1011.6,23.9,16.6,0.0
2022-08-29 04:00:00,12.8,59.0,360.0,0.431636,1012.6,21.1,11.2,0.0
2022-08-29 05:00:00,12.9,66.0,330.0,0.361836,1012.8,19.4,11.2,0.0
2022-08-29 06:00:00,12.9,66.0,240.0,0.309369,1012.9,19.4,7.6,0.0
2022-08-29 07:00:00,11.2,81.0,240.0,0.287619,1012.9,14.4,7.6,0.0
2022-08-29 08:00:00,11.0,89.0,0.0,0.265149,1013.3,12.8,9.4,0.0
2022-08-29 09:00:00,11.8,87.0,300.0,0.248876,1013.2,13.9,5.4,0.0
2022-08-29 10:00:00,10.6,90.0,0.0,0.250073,1013.2,12.2,0.0,0.0
2022-08-29 11:00:00,11.1,96.0,0.0,0.252878,1013.5,11.7,0.0,0.0
2022-08-29 12:00:00,11.1,96.0,0.0,0.281736,1013.5,11.7,0.0,0.0
2022-08-29 13:00:00,11.1,96.0,0.0,0.336046,1014.0,11.7,0.0,0.0
2022-08-29 14:00:00,12.3,87.0,0.0,0.392895,1014.2,14.4,0.0,0.0
2022-08-29 15:00:00,12.9,73.0,0.0,0.395202,1014.3,17.8,0.0,0.0
2022-08-29 16:00:00,13.3,63.0,0.0,0.374706,1014.2,20.6,0.0,0.0
2022-08-29 17:00:00,13.3,63.0,0.0,0.336972,1014.2,20.6,0.0,0.0
2022-08-29 18:00:00,13.9,44.0,15.0,0.327268,1013.6,27.2,9.4,0.0
2022-08-29 19:00:00,13.2,37.0,40.0,0.34235,1012.9,29.4,5.4,0.0
2022-08-29 20:00:00,13.4,35.0,40.0,0.376243,1012.1,30.6,9.4,0.0
2022-08-29 21:00:00,11.9,29.0,140.0,0.464437,1011.6,32.2,5.4,0.0
2022-08-29 22:00:00,11.9,29.0,10.0,0.51922,1011.6,32.2,5.4,0.0
2022-08-29 23:00:00,11.7,26.0,10.0,0.613363,1011.0,33.9,11.2,0.0
2022-08-30 00:00:00,11.1,25.0,20.0,0.668621,1010.4,33.9,5.4,0.0
2022-08-30 01:00:00,13.0,32.0,0.0,0.704803,1010.2,31.7,0.0,0.0
2022-08-30 02:00:00,13.0,32.0,0.0,0.673904,1010.2,31.7,0.0,0.0
2022-08-30 03:00:00,14.5,43.0,0.0,0.64137,1011.3,28.3,0.0,0.0
2022-08-30 04:00:00,15.1,58.0,0.0,0.580794,1011.3,23.9,0.0,0.0
2022-08-30 05:00:00,15.6,73.0,290.0,0.475645,1011.9,20.6,7.6,0.0
2022-08-30 06:00:00,15.0,81.0,0.0,0.406331,1011.8,18.3,0.0,0.0
2022-08-30 07:00:00,15.0,81.0,0.0,0.35898,1011.8,18.3,0.0,0.0
2022-08-30 08:00:00,14.0,76.0,0.0,0.337793,1012.3,18.3,0.0,0.0
2022-08-30 09:00:00,13.4,84.0,290.0,0.324607,1012.5,16.1,5.4,0.0
2022-08-30 10:00:00,13.4,84.0,290.0,0.318523,1012.5,16.1,5.4,0.0
2022-08-30 11:00:00,12.9,87.0,0.0,0.317585,1013.1,15.0,0.0,0.0
2022-08-30 12:00:00,12.9,87.0,0.0,0.337698,1013.1,15.0,0.0,0.0
2022-08-30 13:00:00,12.2,93.0,0.0,0.391168,1013.7,13.3,0.0,0.0
2022-08-30 14:00:00,13.9,81.0,0.0,0.436339,1013.9,17.2,0.0,0.0
2022-08-30 15:00:00,14.4,70.0,0.0,0.435671,1013.8,20.0,0.0,0.0
2022-08-30 16:00:00,14.3,55.0,0.0,0.416086,1013.6,23.9,0.0,0.0
2022-08-30 17:00:00,14.3,55.0,0.0,0.409883,1013.6,23.9,0.0,0.0
2022-08-30 18:00:00,14.0,40.0,0.0,0.418828,1013.3,28.9,0.0,0.0
2022-08-30 19:00:00,13.7,37.0,0.0,0.432808,1012.8,30.0,5.4,0.0
2022-08-30 20:00:00,14.4,33.0,70.0,0.479592,1012.2,32.8,9.4,0.0
2022-08-30 21:00:00,14.4,33.0,70.0,0.547999,1012.2,32.8,9.4,0.0
2022-08-30 22:00:00,14.9,33.0,60.0,0.601059,1011.5,33.3,9.4,0.0
2022-08-30 23:00:00,14.9,33.0,60.0,0.657728,1011.5,33.3,9.4,0.0
2022-08-31 00:00:00,16.2,36.0,230.0,0.686855,1011.1,33.3,5.4,0.0
2022-08-31 01:00:00,13.7,37.0,210.0,0.740039,1011.4,30.0,14.8,0.0
2022-08-31 02:00:00,13.7,37.0,210.0,0.685319,1011.4,30.0,14.8,0.0
2022-08-31 03:00:00,14.5,47.0,220.0,0.651788,1011.4,26.7,22.3,0.0
2022-08-31 04:00:00,14.0,56.0,240.0,0.59922,1012.6,23.3,16.6,0.0
2022-08-31 05:00:00,13.9,61.0,3.0,0.490848,1012.7,21.7,16.6,0.0
2022-08-31 06:00:00,13.3,68.0,0.0,0.41012,1013.1,19.4,0.0,0.0
2022-08-31 07:00:00,13.3,68.0,0.0,0.380054,1013.1,19.4,0.0,0.0
2022-08-31 08:00:00,13.3,78.0,270.0,0.356468,1012.9,17.2,9.4,0.0
2022-08-31 09:00:00,12.8,81.0,260.0,0.33173,1012.8,16.1,5.4,0.0
2022-08-31 10:00:00,13.3,86.0,270.0,0.312255,1012.8,15.6,9.4,0.0
2022-08-31 11:00:00,13.3,86.0,270.0,0.311143,1012.8,15.6,9.4,0.0
2022-08-31 12:00:00,12.8,90.0,260.0,0.344583,1013.1,14.4,5.4,0.0
2022-08-31 13:00:00,12.3,90.0,0.0,0.375547,1013.7,13.9,0.0,0.0
2022-08-31 14:00:00,13.4,84.0,240.0,0.434848,1014.4,16.1,9.4,0.0
2022-08-31 15:00:00,13.3,78.0,240.0,0.434607,1014.9,17.2,9.4,0.0
2022-08-31 16:00:00,13.3,78.0,240.0,0.416828,1014.9,17.2,9.4,0.0
2022-08-31 17:00:00,14.4,59.0,260.0,0.396296,1015.2,22.8,13.0,0.0
2022-08-31 18:00:00,15.1,56.0,260.0,0.397314,1015.0,24.4,7.6,0.0
2022-08-31 19:00:00,14.6,46.0,230.0,0.40406,1014.5,27.2,11.2,0.0
2022-08-31 20:00:00,15.2,42.0,3.0,0.448424,1014.5,29.4,11.2,0.0
2022-08-31 21:00:00,15.2,42.0,270.0,0.510886,1014.5,29.4,11.2,0.0
2022-08-31 22:00:00,15.1,39.0,220.0,0.566683,1014.2,30.6,9.4,0.0
2022-08-31 23:00:00,14.3,36.0,220.0,0.615574,1013.5,31.1,18.4,0.0
2022-09-01 00:00:00,15.8,45.0,230.0,0.643082,1013.3,28.9,18.4,0.0
2022-09-01 01:00:00,15.8,45.0,230.0,0.668908,1013.3,28.9,18.4,0.0
2022-09-01 02:00:00,15.0,54.0,220.0,0.605505,1013.5,25.0,20.5,0.0
2022-09-01 03:00:00,13.9,61.0,230.0,0.562445,1013.5,21.7,22.3,0.0
2022-09-01 04:00:00,12.1,72.0,240.0,0.495037,1014.5,17.2,18.4,0.0
2022-09-01 05:00:00,12.1,72.0,240.0,0.408481,1014.5,17.2,18.4,0.0
2022-09-01 06:00:00,11.1,83.0,230.0,0.357497,1015.2,13.9,5.4,0.0
2022-09-01 07:00:00,11.8,87.0,250.0,0.323989,1015.7,13.9,11.2,0.0
2022-09-01 08:00:00,11.8,87.0,250.0,0.312629,1015.7,13.9,11.2,0.0
2022-09-01 09:00:00,11.0,89.0,280.0,0.292754,1015.9,12.8,7.6,0.0
2022-09-01 10:00:00,11.1,93.0,280.0,0.289827,1016.0,12.2,9.4,0.0
2022-09-01 11:00:00,11.1,93.0,280.0,0.294249,1016.0,12.2,9.4,0.0
2022-09-01 12:00:00,10.0,93.0,0.0,0.308641,1015.9,11.1,0.0,0.0
2022-09-01 13:00:00,9.4,96.0,290.0,0.347593,1016.5,10.0,5.4,0.0
2022-09-01 14:00:00,11.0,89.0,290.0,0.385144,1016.8,12.8,5.4,0.0
2022-09-01 15:00:00,11.8,81.0,270.0,0.405888,1016.8,15.0,5.4,0.0
2022-09-01 16:00:00,11.8,81.0,270.0,0.38705,1016.8,15.0,5.4,0.0
2022-09-01 17:00:00,13.9,61.0,0.0,0.350517,1016.2,21.7,7.6,0.0
2022-09-01 18:00:00,14.3,55.0,0.0,0.335018,1015.5,23.9,0.0,0.0
2022-09-01 19:00:00,15.1,49.0,20.0,0.334624,1014.6,26.7,5.4,0.0
2022-09-01 20:00:00,15.8,45.0,2.0,0.381371,1013.9,28.9,5.4,0.0
2022-09-01 21:00:00,15.8,45.0,50.0,0.421037,1013.9,28.9,5.4,0.0
2022-09-01 22:00:00,14.8,35.0,357.0,0.490753,1012.0,32.2,5.4,0.0
2022-09-01 23:00:00,11.8,27.0,3.0,0.572783,1011.1,33.3,5.4,0.0
2022-09-02 00:00:00,11.8,27.0,80.0,0.617729,1010.6,33.3,7.6,0.0
2022-09-02 01:00:00,12.0,30.0,60.0,0.675645,1010.0,31.7,5.4,0.0
2022-09-02 02:00:00,12.0,30.0,60.0,0.629014,1010.0,31.7,5.4,0.0
2022-09-02 03:00:00,14.4,63.0,250.0,0.601873,1010.4,21.7,11.2,0.0
2022-09-02 04:00:00,14.5,66.0,280.0,0.542295,1010.4,21.1,7.6,0.0
2022-09-02 05:00:00,14.4,73.0,2.0,0.453327,1010.4,19.4,7.6,0.0
2022-09-02 06:00:00,14.4,73.0,280.0,0.385296,1010.4,19.4,7.6,0.0
2022-09-02 07:00:00,13.9,78.0,300.0,0.3522,1010.5,17.8,7.6,0.0
2022-09-02 08:00:00,13.2,80.0,3.0,0.32951,1010.6,16.7,7.6,0.0
2022-09-02 09:00:00,13.3,86.0,300.0,0.311285,1010.7,15.6,7.6,0.0
2022-09-02 10:00:00,12.9,87.0,0.0,0.301559,1010.8,15.0,0.0,0.0
2022-09-02 11:00:00,12.9,87.0,0.0,0.300836,1010.8,15.0,0.0,0.0
2022-09-02 12:00:00,12.2,93.0,290.0,0.324665,1010.6,13.3,7.6,0.0
2022-09-02 13:00:00,12.2,93.0,290.0,0.368635,1011.0,13.3,5.4,0.0
2022-09-02 14:00:00,13.4,90.0,0.0,0.407908,1011.2,15.0,5.4,0.0
2022-09-02 15:00:00,14.0,84.0,0.0,0.42572,1011.2,16.7,0.0,0.0
2022-09-02 16:00:00,14.0,84.0,0.0,0.392441,1011.2,16.7,0.0,0.0
2022-09-02 17:00:00,15.1,64.0,0.0,0.371268,1010.9,22.2,0.0,0.0
2022-09-02 18:00:00,15.1,56.0,190.0,0.368119,1010.3,24.4,5.4,0.0
2022-09-02 19:00:00,14.6,46.0,220.0,0.379123,1010.0,27.2,9.4,0.0
2022-09-02 20:00:00,14.3,41.0,3.0,0.408672,1009.6,28.9,9.4,0.0
2022-09-02 21:00:00,14.3,41.0,230.0,0.437848,1009.6,28.9,9.4,0.0
2022-09-02 22:00:00,15.5,43.0,210.0,0.475523,1009.4,29.4,20.5,0.0
2022-09-02 23:00:00,14.5,54.0,9.0,0.501029,1009.3,24.4,27.7,0.0
2022-09-03 00:00:00,14.5,54.0,220.0,0.488673,1009.3,24.4,33.5,0.0
2022-09-03 01:00:00,13.8,59.0,220.0,0.506972,1009.9,22.2,33.5,0.0
2022-09-03 02:00:00,13.3,68.0,220.0,0.46361,1010.5,19.4,37.1,0.0
2022-09-03 03:00:00,12.3,78.0,230.0,0.45069,1012.5,16.1,29.5,0.0
2022-09-03 04:00:00,12.3,78.0,220.0,0.421003,1012.5,16.1,25.9,0.0
2022-09-03 05:00:00,12.3,78.0,220.0,0.371039,1013.9,16.1,22.3,0.0
2022-09-03 06:00:00,12.2,80.0,220.0,0.318419,1014.7,15.6,16.6,0.0
2022-09-03 07:00:00,12.1,83.0,0.0,0.28886,1015.8,15.0,0.0,0.0
2022-09-03 08:00:00,12.1,83.0,0.0,0.266439,1015.8,15.0,0.0,0.0
2022-09-03 09:00:00,12.8,90.0,0.0,0.254194,1016.4,14.4,0.0,0.0
2022-09-03 10:00:00,12.8,90.0,0.0,0.240039,1016.4,14.4,0.0,0.0
2022-09-03 11:00:00,12.7,83.0,0.0,0.239847,1016.8,15.6,0.0,0.0
2022-09-03 12:00:00,13.4,90.0,0.0,0.253374,1017.6,15.0,0.0,0.0
2022-09-03 13:00:00,12.9,87.0,0.0,0.288819,1018.1,15.0,0.0,0.0
2022-09-03 14:00:00,13.3,86.0,0.0,0.343134,1018.8,15.6,0.0,0.0
2022-09-03 15:00:00,13.2,80.0,210.0,0.385225,1019.1,16.7,5.4,0.0
2022-09-03 16:00:00,13.2,80.0,210.0,0.379915,1019.1,16.7,5.4,0.0
2022-09-03 17:00:00,13.9,68.0,190.0,0.351269,1019.3,20.0,9.4,0.0
2022-09-03 18:00:00,13.9,68.0,190.0,0.378936,1019.3,20.0,9.4,0.0
2022-09-03 19:00:00,13.8,59.0,140.0,0.388108,1018.9,22.2,13.0,0.0
2022-09-03 20:00:00,13.8,59.0,140.0,0.375256,1018.9,22.2,13.0,0.0
2022-09-03 21:00:00,14.0,54.0,0.0,0.297294,1018.6,23.9,0.0,0.0
2022-09-03 22:00:00,14.0,54.0,0.0,0.317162,1018.6,23.9,0.0,0.0
2022-09-03 23:00:00,13.2,48.0,180.0,0.391853,1018.3,25.0,9.4,0.0
2022-09-04 00:00:00,13.2,48.0,180.0,0.455451,1018.3,25.0,9.4,0.0
2022-09-04 01:00:00,13.2,48.0,110.0,0.522814,1018.1,25.0,7.6,0.0
2022-09-04 02:00:00,14.0,54.0,130.0,0.494314,1017.8,23.9,9.4,0.0
2022-09-04 03:00:00,14.0,64.0,190.0,0.470422,1017.7,21.1,7.6,0.0
2022-09-04 04:00:00,13.4,73.0,220.0,0.423076,1018.0,18.3,13.0,0.0
2022-09-04 05:00:00,13.4,73.0,260.0,0.372623,1018.4,18.3,7.6,0.0
2022-09-04 06:00:00,12.8,78.0,260.0,0.320996,1018.5,16.7,9.4,0.0
2022-09-04 07:00:00,12.7,83.0,280.0,0.288165,1018.0,15.6,7.6,0.0
2022-09-04 08:00:00,12.3,87.0,2.0,0.263268,1018.0,14.4,7.6,0.0
2022-09-04 09:00:00,12.3,90.0,0.0,0.258819,1018.0,13.9,0.0,0.0
2022-09-04 10:00:00,11.7,93.0,0.0,0.249383,1018.1,12.8,0.0,0.0
2022-09-04 11:00:00,11.7,93.0,0.0,0.248777,1018.1,12.8,0.0,0.0
2022-09-04 12:00:00,10.6,93.0,0.0,0.251114,1018.5,11.7,0.0,0.0
2022-09-04 13:00:00,10.0,96.0,0.0,0.267415,1018.7,10.6,0.0,0.0
2022-09-04 14:00:00,12.2,93.0,0.0,0.293571,1019.0,13.3,0.0,0.0
2022-09-04 15:00:00,12.2,93.0,0.0,0.316642,1019.0,13.3,0.0,0.0
2022-09-04 16:00:00,13.4,73.0,0.0,0.29717,1019.0,18.3,5.4,0.0
2022-09-04 17:00:00,13.3,61.0,2.0,0.255798,1019.1,21.1,5.4,0.0
2022-09-04 18:00:00,13.3,55.0,0.0,0.250567,1018.4,22.8,0.0,0.0
2022-09-04 19:00:00,12.9,47.0,180.0,0.240986,1018.0,25.0,13.0,0.0
2022-09-04 20:00:00,12.9,47.0,180.0,0.267546,1018.0,25.0,13.0,0.0
2022-09-04 21:00:00,12.8,41.0,220.0,0.335316,1017.1,27.2,11.2,0.0
2022-09-04 22:00:00,13.3,41.0,220.0,0.395543,1016.5,27.8,9.4,0.0
2022-09-04 23:00:00,14.9,44.0,240.0,0.442595,1016.0,28.3,20.5,0.0
2022-09-05 00:00:00,15.7,51.0,240.0,0.503297,1016.1,26.7,20.5,0.0
2022-09-05 01:00:00,15.7,51.0,240.0,0.521859,1016.1,26.7,22.3,0.0
2022-09-05 02:00:00,15.1,56.0,260.0,0.499359,1016.3,24.4,14.8,0.0
2022-09-05 03:00:00,14.9,70.0,290.0,0.48088,1017.0,20.6,14.8,0.0
2022-09-05 04:00:00,14.9,70.0,290.0,0.428613,1017.0,20.6,14.8,0.0
2022-09-05 05:00:00,14.4,75.0,250.0,0.380281,1017.5,18.9,7.6,0.0
2022-09-05 06:00:00,13.9,81.0,250.0,0.334959,1018.0,17.2,5.4,0.0
2022-09-05 07:00:00,12.8,78.0,330.0,0.299851,1019.3,16.7,5.4,0.0
2022-09-05 08:00:00,12.3,78.0,310.0,0.282177,1019.3,16.1,9.4,0.0
2022-09-05 09:00:00,12.3,78.0,310.0,0.266534,1019.3,16.1,9.4,0.0
2022-09-05 10:00:00,11.0,89.0,310.0,0.257117,1020.0,12.8,5.4,0.0
2022-09-05 11:00:00,11.0,89.0,310.0,0.264474,1020.0,12.8,5.4,0.0
2022-09-05 12:00:00,10.0,96.0,0.0,0.267283,1020.5,10.6,0.0,0.0
2022-09-05 13:00:00,9.4,92.0,250.0,0.29738,1021.0,10.6,7.6,0.0
2022-09-05 14:00:00,11.1,93.0,0.0,0.336997,1021.4,12.2,0.0,0.0
2022-09-05 15:00:00,11.1,93.0,0.0,0.34771,1021.4,12.2,0.0,0.0
2022-09-05 16:00:00,10.6,72.0,0.0,0.328451,1021.6,15.6,0.0,0.0
2022-09-05 17:00:00,9.5,49.0,350.0,0.319216,1020.9,20.6,7.6,0.0
2022-09-05 18:00:00,9.9,44.0,360.0,0.282544,1020.3,22.8,14.8,0.0
2022-09-05 19:00:00,9.9,44.0,360.0,0.268583,1020.3,22.8,14.8,0.0
2022-09-05 20:00:00,9.6,39.0,30.0,0.294262,1019.6,24.4,22.3,0.0
2022-09-05 21:00:00,9.1,33.0,20.0,0.330185,1017.9,26.7,11.2,0.0
2022-09-05 22:00:00,9.1,33.0,20.0,0.385696,1017.9,26.7,11.2,0.0
2022-09-05 23:00:00,8.1,30.0,6.0,0.451905,1016.2,27.2,20.5,0.0
2022-09-06 00:00:00,8.1,30.0,360.0,0.514637,1016.2,27.2,22.3,0.0
2022-09-06 01:00:00,6.7,28.0,10.0,0.57336,1015.5,26.7,27.7,0.0
2022-09-06 02:00:00,9.6,46.0,10.0,0.55912,1014.9,21.7,13.0,0.0
2022-09-06 03:00:00,9.6,46.0,10.0,0.53244,1014.9,21.7,13.0,0.0
2022-09-06 04:00:00,8.3,45.0,350.0,0.478996,1015.1,20.6,16.6,0.0
2022-09-06 05:00:00,8.3,45.0,350.0,0.396993,1015.1,20.6,16.6,0.0
2022-09-06 06:00:00,7.1,48.0,0.0,0.337749,1014.9,18.3,0.0,0.0
2022-09-06 07:00:00,7.7,69.0,0.0,0.298564,1014.7,13.3,0.0,0.0
2022-09-06 08:00:00,7.9,67.0,320.0,0.279063,1014.6,13.9,7.6,0.0
2022-09-06 09:00:00,8.9,77.0,0.0,0.262809,1014.4,12.8,0.0,0.0
2022-09-06 10:00:00,8.9,77.0,0.0,0.255112,1014.4,12.8,0.0,0.0
2022-09-06 11:00:00,7.2,83.0,0.0,0.27005,1014.4,10.0,0.0,0.0
2022-09-06 12:00:00,7.8,90.0,0.0,0.305796,1014.4,9.4,0.0,0.0
2022-09-06 13:00:00,8.3,96.0,0.0,0.3592,1014.6,8.9,0.0,0.0
2022-09-06 14:00:00,8.3,96.0,0.0,0.409254,1014.6,8.9,0.0,0.0
2022-09-06 15:00:00,9.4,86.0,0.0,0.39361,1015.0,11.7,0.0,0.0
2022-09-06 16:00:00,9.4,54.0,0.0,0.35071,1014.8,18.9,0.0,0.0
2022-09-06 17:00:00,10.0,46.0,330.0,0.313169,1014.5,22.2,5.4,0.0
2022-09-06 18:00:00,10.5,40.0,330.0,0.300849,1014.0,25.0,9.4,0.0
2022-09-06 19:00:00,11.1,39.0,16.0,0.320007,1013.5,26.1,5.4,0.0
2022-09-06 20:00:00,11.1,39.0,9.0,0.330914,1013.5,26.1,5.4,0.0
2022-09-06 21:00:00,11.0,32.0,20.0,0.383576,1013.1,29.4,5.4,0.0
2022-09-06 22:00:00,10.4,28.0,20.0,0.44809,1012.5,31.1,7.6,0.0
2022-09-06 23:00:00,10.8,27.0,100.0,0.543959,1012.1,32.2,9.4,0.0
2022-09-07 00:00:00,11.9,29.0,120.0,0.632173,1011.8,32.2,9.4,0.0
2022-09-07 01:00:00,11.0,28.0,150.0,0.670049,1011.7,31.7,9.4,0.0
2022-09-07 02:00:00,13.2,37.0,230.0,0.626572,1012.0,29.4,11.2,0.0
2022-09-07 03:00:00,12.8,57.0,260.0,0.587198,1013.1,21.7,11.2,0.0
2022-09-07 04:00:00,12.3,61.0,270.0,0.509989,1013.6,20.0,5.4,0.0
2022-09-07 05:00:00,12.3,61.0,270.0,0.439177,1013.6,20.0,5.4,0.0
2022-09-07 06:00:00,11.6,65.0,300.0,0.36202,1014.0,18.3,14.8,0.0
2022-09-07 07:00:00,11.2,70.0,290.0,0.329848,1014.5,16.7,5.4,0.0
2022-09-07 08:00:00,11.1,72.0,0.0,0.313136,1014.8,16.1,0.0,0.0
2022-09-07 09:00:00,11.1,72.0,0.0,0.293585,1014.8,16.1,0.0,0.0
2022-09-07 10:00:00,11.7,75.0,290.0,0.284188,1015.1,16.1,9.4,0.0
2022-09-07 11:00:00,11.1,83.0,0.0,0.290311,1016.2,13.9,0.0,0.0
2022-09-07 12:00:00,11.1,83.0,0.0,0.32709,1016.6,13.9,0.0,0.0
2022-09-07 13:00:00,9.9,89.0,0.0,0.375139,1017.0,11.7,0.0,0.0
2022-09-07 14:00:00,9.9,89.0,0.0,0.406672,1017.0,11.7,0.0,0.0
2022-09-07 15:00:00,11.7,63.0,0.0,0.400731,1018.9,18.9,0.0,0.0
2022-09-07 16:00:00,10.5,49.0,140.0,0.365759,1019.4,21.7,5.4,0.0
2022-09-07 17:00:00,9.8,41.0,2.0,0.344649,1019.8,23.9,5.4,0.0
2022-09-07 18:00:00,9.1,32.0,10.0,0.324676,1019.5,27.2,18.4,0.0
2022-09-07 19:00:00,9.1,32.0,10.0,0.329756,1019.5,27.2,18.4,0.0
2022-09-07 20:00:00,12.6,38.0,20.0,0.366251,1019.1,28.3,14.8,0.0
2022-09-07 21:00:00,12.6,38.0,20.0,0.400943,1019.1,28.3,14.8,0.0
2022-09-07 22:00:00,11.9,34.0,10.0,0.46759,1018.7,29.4,9.4,0.0
2022-09-07 23:00:00,11.9,34.0,360.0,0.600056,1018.7,29.4,22.3,0.0
2022-09-08 00:00:00,6.0,25.0,10.0,0.600929,1019.4,27.8,22.3,0.0
2022-09-08 01:00:00,6.2,29.0,10.0,0.58996,1019.3,25.6,24.1,0.0
2022-09-08 02:00:00,5.7,29.0,10.0,0.558248,1019.5,25.0,18.4,0.0
2022-09-08 03:00:00,4.6,34.0,0.0,0.531931,1021.0,21.1,0.0,0.0
2022-09-08 04:00:00,0.4,31.0,330.0,0.456192,1021.6,17.8,11.2,0.0
2022-09-08 05:00:00,0.4,31.0,330.0,0.390629,1021.6,17.8,11.2,0.0
2022-09-08 06:00:00,0.0,36.0,270.0,0.336303,1022.2,15.0,7.6,0.0
2022-09-08 07:00:00,6.2,77.0,0.0,0.313238,1022.7,10.0,0.0,0.0
2022-09-08 08:00:00,5.1,80.0,0.0,0.284069,1023.0,8.3,0.0,0.0
2022-09-08 09:00:00,5.1,93.0,0.0,0.284239,1023.1,6.1,0.0,0.0
2022-09-08 10:00:00,5.1,93.0,0.0,0.280965,1023.1,6.1,0.0,0.0
2022-09-08 11:00:00,4.4,92.0,0.0,0.285592,1023.2,5.6,0.0,0.0
2022-09-08 12:00:00,2.9,86.0,0.0,0.324811,1023.6,5.0,0.0,0.0
2022-09-08 13:00:00,2.9,93.0,0.0,0.375374,1023.9,3.9,0.0,0.0
2022-09-08 14:00:00,4.4,79.0,0.0,0.414502,1024.2,7.8,0.0,0.0
2022-09-08 15:00:00,4.4,79.0,0.0,0.396006,1024.2,7.8,0.0,0.0
2022-09-08 16:00:00,6.1,53.0,0.0,0.35333,1023.3,15.6,0.0,0.0
2022-09-08 17:00:00,7.3,52.0,2.0,0.289527,1022.8,17.2,0.0,0.0
2022-09-08 18:00:00,7.3,52.0,15.0,0.267117,1022.8,17.2,5.4,0.0
2022-09-08 19:00:00,8.3,47.0,0.0,0.256452,1022.1,20.0,0.0,0.0
2022-09-08 20:00:00,9.3,41.0,11.0,0.266081,1020.9,23.3,7.6,0.0
2022-09-08 21:00:00,6.2,29.0,40.0,0.286885,1019.9,25.6,18.4,0.0
2022-09-08 22:00:00,6.2,27.0,10.0,0.333756,1018.8,26.7,18.4,0.0
2022-09-08 23:00:00,6.0,26.0,360.0,0.417207,1017.7,27.2,14.8,0.0
2022-09-09 00:00:00,4.8,23.0,10.0,0.491343,1016.6,27.8,20.5,0.0
2022-09-09 01:00:00,5.2,28.0,10.0,0.550976,1015.8,25.0,13.0,0.0
2022-09-09 02:00:00,5.2,28.0,10.0,0.519224,1015.8,25.0,13.0,0.0
2022-09-09 03:00:00,6.8,37.0,360.0,0.499385,1015.7,22.2,16.6,0.0
2022-09-09 04:00:00,7.7,45.0,360.0,0.441313,1015.9,20.0,7.6,0.0
2022-09-09 05:00:00,6.0,43.0,350.0,0.382219,1015.0,18.9,18.4,0.0
2022-09-09 06:00:00,6.0,43.0,350.0,0.326449,1015.0,18.9,22.3,0.0
2022-09-09 07:00:00,6.2,52.0,0.0,0.307358,1014.4,16.1,0.0,0.0
2022-09-09 08:00:00,6.8,52.0,350.0,0.287487,1013.7,16.7,13.0,0.0
2022-09-09 09:00:00,6.8,52.0,350.0,0.273278,1013.7,16.7,13.0,0.0
2022-09-09 10:00:00,6.6,55.0,350.0,0.266749,1012.8,15.6,14.8,0.0
2022-09-09 11:00:00,6.8,58.0,340.0,0.278145,1012.5,15.0,11.2,0.0
2022-09-09 12:00:00,6.0,55.0,330.0,0.312664,1012.2,15.0,14.8,0.0
2022-09-09 13:00:00,5.5,51.0,330.0,0.366446,1012.0,15.6,13.0,0.0
2022-09-09 14:00:00,5.5,51.0,330.0,0.42341,1012.0,15.6,13.0,0.0
2022-09-09 15:00:00,5.0,35.0,350.0,0.414299,1011.6,21.1,18.4,0.0
2022-09-09 16:00:00,4.3,28.0,350.0,0.363395,1011.0,23.9,18.4,0.0
2022-09-09 17:00:00,5.1,26.0,30.0,0.330051,1010.6,26.1,25.9,0.0
2022-09-09 18:00:00,4.8,23.0,20.0,0.313901,1009.8,27.8,22.3,0.0
2022-09-09 19:00:00,4.8,23.0,20.0,0.318247,1009.8,27.8,22.3,0.0
2022-09-09 20:00:00,3.6,18.0,30.0,0.339921,1008.1,30.6,31.7,0.0
2022-09-09 21:00:00,3.6,18.0,40.0,0.377973,1008.1,30.6,31.7,0.0
2022-09-09 22:00:00,3.2,17.0,30.0,0.425193,1006.6,31.1,22.3,0.0
2022-09-09 23:00:00,3.2,17.0,50.0,0.491789,1006.6,31.1,31.7,0.0
2022-09-10 00:00:00,3.2,17.0,30.0,0.543428,1005.8,31.1,27.7,0.0
2022-09-10 01:00:00,1.3,18.0,30.0,0.57162,1005.4,27.8,24.1,0.0
2022-09-10 02:00:00,0.3,19.0,20.0,0.548412,1005.6,25.6,16.6,0.0
2022-09-10 03:00:00,0.3,19.0,20.0,0.513313,1005.6,25.6,16.6,0.0
2022-09-10 04:00:00,-0.2,19.0,30.0,0.470159,1005.8,25.0,18.4,0.0
2022-09-10 05:00:00,-0.3,21.0,5.0,0.408996,1006.5,23.3,20.5,0.0
2022-09-10 06:00:00,0.0,22.0,20.0,0.355835,1006.5,22.8,20.5,0.0
2022-09-10 07:00:00,1.4,26.0,360.0,0.326169,1006.7,21.7,14.8,0.0
2022-09-10 08:00:00,1.9,27.0,360.0,0.301284,1006.4,21.7,16.6,0.0
2022-09-10 09:00:00,1.9,27.0,360.0,0.28397,1006.4,21.7,16.6,0.0
2022-09-10 10:00:00,1.9,29.0,350.0,0.278614,1006.4,20.6,18.4,0.0
2022-09-10 11:00:00,1.9,29.0,350.0,0.283186,1006.4,20.6,18.4,0.0
2022-09-10 12:00:00,2.4,30.0,350.0,0.289384,1006.3,20.6,18.4,0.0
2022-09-10 13:00:00,2.9,31.0,350.0,0.310038,1006.2,20.6,18.4,0.0
2022-09-10 14:00:00,2.9,31.0,350.0,0.362618,1006.2,20.6,18.4,0.0
2022-09-10 15:00:00,3.8,31.0,340.0,0.402371,1006.5,21.7,18.4,0.0
2022-09-10 16:00:00,3.8,27.0,340.0,0.398304,1006.8,23.9,18.4,0.0
2022-09-10 17:00:00,4.7,26.0,340.0,0.403298,1007.1,25.6,20.5,0.0
2022-09-10 18:00:00,5.5,25.0,340.0,0.401598,1007.2,27.2,16.6,0.0
2022-09-10 19:00:00,5.5,25.0,340.0,0.389163,1007.2,27.2,16.6,0.0
2022-09-10 20:00:00,6.0,22.0,350.0,0.410574,1007.1,30.0,18.4,0.0
2022-09-10 21:00:00,6.0,22.0,350.0,0.421932,1007.1,30.0,18.4,0.0
2022-09-10 22:00:00,6.7,21.0,340.0,0.455824,1007.2,31.7,16.6,0.0
2022-09-10 23:00:00,6.7,21.0,340.0,0.511145,1007.2,31.7,16.6,0.0
2022-09-11 00:00:00,7.2,24.0,330.0,0.573783,1007.6,30.0,13.0,0.0
2022-09-11 01:00:00,7.2,24.0,330.0,0.573205,1007.6,30.0,13.0,0.0
2022-09-11 02:00:00,6.2,30.0,340.0,0.532579,1008.5,25.0,7.6,0.0
2022-09-11 03:00:00,8.9,44.0,250.0,0.501744,1009.6,21.7,13.0,0.0
2022-09-11 04:00:00,8.9,44.0,250.0,0.449782,1009.6,21.7,13.0,0.0
2022-09-11 05:00:00,10.7,59.0,3.0,0.398904,1011.1,18.9,5.4,0.0
2022-09-11 06:00:00,9.6,51.0,270.0,0.338765,1011.9,20.0,9.4,0.0
2022-09-11 07:00:00,9.9,58.0,350.0,0.314149,1012.5,18.3,7.6,0.0
2022-09-11 08:00:00,10.6,65.0,0.0,0.29275,1013.4,17.2,0.0,0.0
2022-09-11 09:00:00,10.6,65.0,0.0,0.283642,1013.4,17.2,0.0,0.0
2022-09-11 10:00:00,10.7,63.0,180.0,0.270812,1014.2,17.8,5.4,0.0
2022-09-11 11:00:00,11.1,72.0,300.0,0.267027,1014.6,16.1,7.6,0.0
2022-09-11 12:00:00,11.2,75.0,10.0,0.267035,1015.0,15.6,7.6,0.0
2022-09-11 13:00:00,11.8,78.0,30.0,0.283138,1015.2,15.6,5.4,0.0
2022-09-11 14:00:00,11.8,78.0,30.0,0.314561,1015.2,15.6,5.4,0.0
2022-09-11 15:00:00,12.1,72.0,0.0,0.346166,1016.4,17.2,0.0,0.0
2022-09-11 16:00:00,13.9,68.0,0.0,0.352068,1016.4,20.0,0.0,0.0
2022-09-11 17:00:00,14.4,63.0,250.0,0.349647,1016.7,21.7,7.6,0.0
2022-09-11 18:00:00,14.4,63.0,250.0,0.346159,1016.7,21.7,7.6,0.0
2022-09-11 19:00:00,13.2,53.0,260.0,0.398546,1016.5,23.3,5.4,0.0
2022-09-11 20:00:00,13.3,50.0,120.0,0.426691,1016.2,24.4,5.4,0.0
2022-09-11 21:00:00,13.3,50.0,120.0,0.401315,1016.2,24.4,5.4,0.0
2022-09-11 22:00:00,14.4,50.0,210.0,0.464196,1015.7,25.6,5.4,0.0
2022-09-11 23:00:00,14.4,50.0,210.0,0.514615,1015.7,25.6,5.4,0.0
2022-09-12 00:00:00,15.1,56.0,230.0,0.529412,1015.6,24.4,13.0,0.0
2022-09-12 01:00:00,14.9,61.0,200.0,0.52102,1016.0,22.8,16.6,0.0
2022-09-12 02:00:00,14.0,71.0,220.0,0.495531,1016.3,19.4,14.8,0.0
2022-09-12 03:00:00,15.0,81.0,220.0,0.461731,1017.0,18.3,14.8,0.0
2022-09-12 04:00:00,15.0,81.0,230.0,0.414695,1017.0,18.3,22.3,0.0
2022-09-12 05:00:00,15.6,93.0,230.0,0.36842,1017.0,16.7,7.6,0.0
2022-09-12 06:00:00,15.0,87.0,0.0,0.305653,1017.0,17.2,0.0,0.3
2022-09-12 07:00:00,15.1,90.0,240.0,0.281524,1017.1,16.7,13.0,0.0
2022-09-12 08:00:00,15.1,90.0,240.0,0.265743,1017.1,16.7,13.0,0.3
2022-09-12 09:00:00,14.0,90.0,270.0,0.253512,1016.5,15.6,7.6,0.0
2022-09-12 10:00:00,14.5,93.0,0.0,0.256473,1016.7,15.6,0.0,0.0
2022-09-12 11:00:00,13.9,93.0,0.0,0.26819,1016.7,15.0,0.0,0.0
2022-09-12 12:00:00,13.9,93.0,0.0,0.292156,1016.7,15.0,0.0,0.0
2022-09-12 13:00:00,13.3,93.0,270.0,0.364295,1016.7,14.4,7.6,0.0
2022-09-12 14:00:00,13.3,86.0,0.0,0.405942,1017.3,15.6,0.0,0.0
2022-09-12 15:00:00,13.4,84.0,0.0,0.378436,1017.2,16.1,0.0,0.0
2022-09-12 16:00:00,13.4,84.0,0.0,0.351564,1017.2,16.1,0.0,0.0
2022-09-12 17:00:00,14.4,78.0,30.0,0.331363,1016.9,18.3,5.4,0.0
2022-09-12 18:00:00,14.4,78.0,0.0,0.358813,1016.5,18.3,0.0,0.0
2022-09-12 19:00:00,13.3,63.0,190.0,0.291436,1015.2,20.6,5.4,0.0
2022-09-12 20:00:00,13.8,59.0,140.0,0.282033,1014.5,22.2,9.4,0.0
2022-09-12 21:00:00,13.8,59.0,140.0,0.342272,1014.5,22.2,9.4,0.0
2022-09-12 22:00:00,14.0,54.0,140.0,0.454723,1014.0,23.9,13.0,0.0
2022-09-12 23:00:00,14.0,56.0,140.0,0.440362,1013.5,23.3,13.0,0.0
2022-09-13 00:00:00,14.0,54.0,130.0,0.517262,1013.0,23.9,18.4,0.0
2022-09-13 01:00:00,12.7,55.0,230.0,0.558776,1012.4,22.2,11.2,0.0
2022-09-13 02:00:00,12.2,65.0,4.0,0.51691,1012.5,18.9,11.2,0.0
2022-09-13 03:00:00,11.7,70.0,230.0,0.476846,1013.0,17.2,16.6,0.0
2022-09-13 04:00:00,11.7,70.0,230.0,0.431489,1013.0,17.2,16.6,0.0
2022-09-13 05:00:00,12.2,75.0,230.0,0.371607,1013.1,16.7,11.2,0.0
2022-09-13 06:00:00,12.3,78.0,230.0,0.327813,1013.1,16.1,11.2,0.0
2022-09-13 07:00:00,11.7,75.0,240.0,0.29827,1012.9,16.1,9.4,0.0
2022-09-13 08:00:00,11.7,75.0,240.0,0.287069,1012.9,16.1,9.4,0.0
2022-09-13 09:00:00,12.2,80.0,0.0,0.284099,1012.7,15.6,0.0,0.0
2022-09-13 10:00:00,12.2,80.0,0.0,0.270816,1012.7,15.6,0.0,0.0
2022-09-13 11:00:00,12.2,80.0,290.0,0.277447,1012.4,15.6,5.4,0.0
2022-09-13 12:00:00,12.2,80.0,290.0,0.319368,1012.4,15.6,5.4,0.0
2022-09-13 13:00:00,12.2,80.0,270.0,0.374261,1012.4,15.6,5.4,0.0
2022-09-13 14:00:00,12.2,80.0,270.0,0.401973,1012.4,15.6,5.4,0.0
2022-09-13 15:00:00,12.3,78.0,0.0,0.402138,1012.4,16.1,0.0,0.0
2022-09-13 16:00:00,12.3,70.0,0.0,0.402637,1012.4,17.8,0.0,0.0
2022-09-13 17:00:00,12.2,63.0,0.0,0.373118,1012.4,19.4,7.6,0.0
2022-09-13 18:00:00,12.2,63.0,214.0,0.355964,1012.4,19.4,7.6,0.0
2022-09-13 19:00:00,11.6,51.0,350.0,0.352942,1011.7,22.2,7.6,0.0
2022-09-13 20:00:00,11.1,51.0,320.0,0.410954,1011.4,21.7,9.4,0.0
2022-09-13 21:00:00,10.5,49.0,230.0,0.431091,1011.0,21.7,11.2,0.0
2022-09-13 22:00:00,10.0,46.0,290.0,0.433728,1010.7,22.2,9.4,0.0
2022-09-13 23:00:00,10.0,46.0,290.0,0.448184,1010.7,22.2,9.4,0.0
2022-09-14 00:00:00,10.6,51.0,350.0,0.480202,1010.8,21.1,7.6,0.0
2022-09-14 01:00:00,10.6,51.0,350.0,0.499449,1010.8,21.1,7.6,0.0
2022-09-14 02:00:00,10.6,61.0,240.0,0.484646,1011.3,18.3,5.4,0.0
2022-09-14 03:00:00,10.6,61.0,260.0,0.475281,1011.3,18.3,5.4,0.0
2022-09-14 04:00:00,11.2,70.0,230.0,0.41953,1011.6,16.7,9.4,0.0
2022-09-14 05:00:00,11.6,72.0,0.0,0.353151,1011.5,16.7,0.0,0.0
2022-09-14 06:00:00,12.3,78.0,220.0,0.312216,1011.4,16.1,5.4,0.0
2022-09-14 07:00:00,12.3,78.0,280.0,0.297464,1011.6,16.1,5.4,0.0
2022-09-14 08:00:00,12.3,78.0,280.0,0.283199,1011.6,16.1,5.4,0.0
2022-09-14 09:00:00,12.8,81.0,290.0,0.283816,1011.7,16.1,5.4,0.0
2022-09-14 10:00:00,12.7,83.0,280.0,0.266505,1011.7,15.6,7.6,0.0
2022-09-14 11:00:00,12.2,80.0,2.0,0.277531,1011.9,15.6,7.6,0.0
2022-09-14 12:00:00,12.2,80.0,270.0,0.317856,1012.1,15.6,5.4,0.0
2022-09-14 13:00:00,12.2,80.0,270.0,0.363739,1012.1,15.6,5.4,0.0
2022-09-14 14:00:00,12.2,80.0,260.0,0.38988,1012.7,15.6,7.6,0.0
2022-09-14 15:00:00,12.8,81.0,0.0,0.408941,1012.7,16.1,0.0,0.0
2022-09-14 16:00:00,12.7,75.0,240.0,0.417603,1013.2,17.2,5.4,0.0
2022-09-14 17:00:00,12.7,70.0,190.0,0.395058,1013.3,18.3,5.4,0.0
2022-09-14 18:00:00,12.7,70.0,190.0,0.339731,1013.3,18.3,5.4,0.0
2022-09-14 19:00:00,11.2,48.0,0.0,0.339209,1012.9,22.8,0.0,0.0
2022-09-14 20:00:00,8.9,44.0,0.0,0.346477,1012.6,21.7,7.6,0.0
2022-09-14 21:00:00,8.9,44.0,340.0,0.369551,1012.6,21.7,7.6,0.0
2022-09-14 22:00:00,9.0,43.0,0.0,0.409969,1012.4,22.2,0.0,0.0
2022-09-14 23:00:00,8.9,41.0,283.0,0.416767,1012.2,22.8,5.4,0.0
2022-09-15 00:00:00,8.9,41.0,320.0,0.453848,1012.2,22.8,5.4,0.0
2022-09-15 01:00:00,11.1,51.0,320.0,0.488016,1012.3,21.7,14.8,0.0
2022-09-15 02:00:00,10.7,55.0,280.0,0.48368,1013.2,20.0,9.4,0.0
2022-09-15 03:00:00,11.2,59.0,300.0,0.480712,1013.8,19.4,7.6,0.0
2022-09-15 04:00:00,11.2,59.0,300.0,0.413669,1013.8,19.4,7.6,0.0
2022-09-15 05:00:00,12.1,72.0,240.0,0.34549,1014.6,17.2,13.0,0.0
2022-09-15 06:00:00,12.2,75.0,230.0,0.318499,1014.9,16.7,7.6,0.0
2022-09-15 07:00:00,12.2,75.0,240.0,0.293717,1015.3,16.7,9.4,0.0
2022-09-15 08:00:00,12.2,75.0,240.0,0.284155,1015.3,16.7,9.4,0.0
2022-09-15 09:00:00,11.7,75.0,260.0,0.268006,1015.8,16.1,9.4,0.0
2022-09-15 10:00:00,11.7,75.0,260.0,0.267234,1016.0,16.1,5.4,0.0
2022-09-15 11:00:00,11.7,75.0,0.0,0.273199,1016.1,16.1,0.0,0.0
2022-09-15 12:00:00,11.7,75.0,0.0,0.312576,1016.4,16.1,0.0,0.0
2022-09-15 13:00:00,11.7,75.0,0.0,0.36111,1016.4,16.1,0.0,0.0
2022-09-15 14:00:00,12.3,78.0,0.0,0.411604,1017.4,16.1,0.0,0.0
2022-09-15 15:00:00,11.6,72.0,0.0,0.42081,1017.6,16.7,0.0,0.0
2022-09-15 16:00:00,11.7,70.0,0.0,0.419241,1018.0,17.2,0.0,0.0
2022-09-15 17:00:00,11.7,63.0,0.0,0.399538,1018.1,18.9,5.4,0.0
2022-09-15 18:00:00,11.7,63.0,133.0,0.375707,1018.1,18.9,5.4,0.0
2022-09-15 19:00:00,10.6,51.0,0.0,0.291879,1017.5,21.1,0.0,0.0
2022-09-15 20:00:00,11.2,48.0,210.0,0.279345,1017.2,22.8,9.4,0.0
2022-09-15 21:00:00,10.7,48.0,280.0,0.367536,1016.9,22.2,5.4,0.0
2022-09-15 22:00:00,10.7,48.0,280.0,0.467285,1016.9,22.2,5.4,0.0
2022-09-15 23:00:00,10.7,48.0,250.0,0.459713,1016.6,22.2,11.2,0.0
2022-09-16 00:00:00,11.1,51.0,270.0,0.471178,1016.7,21.7,14.8,0.0
2022-09-16 01:00:00,11.2,55.0,330.0,0.469232,1016.9,20.6,11.2,0.0
2022-09-16 02:00:00,10.7,57.0,320.0,0.448711,1017.3,19.4,11.2,0.0
2022-09-16 03:00:00,10.7,57.0,320.0,0.435244,1017.3,19.4,11.2,0.0
2022-09-16 04:00:00,11.1,72.0,230.0,0.397658,1018.1,16.1,7.6,0.0
2022-09-16 05:00:00,11.2,78.0,250.0,0.351539,1018.2,15.0,7.6,0.0
2022-09-16 06:00:00,9.9,80.0,230.0,0.302485,1018.4,13.3,7.6,0.0
2022-09-16 07:00:00,10.7,81.0,290.0,0.282196,1018.7,13.9,5.4,0.0
2022-09-16 08:00:00,10.7,81.0,290.0,0.271046,1018.7,13.9,5.4,0.0
2022-09-16 09:00:00,10.7,84.0,280.0,0.252615,1018.9,13.3,5.4,0.0
2022-09-16 10:00:00,9.9,77.0,0.0,0.250182,1019.1,13.9,0.0,0.0
2022-09-16 11:00:00,9.9,77.0,300.0,0.26301,1019.3,13.9,9.4,0.0
2022-09-16 12:00:00,9.0,75.0,0.0,0.300915,1019.4,13.3,0.0,0.0
2022-09-16 13:00:00,9.0,75.0,0.0,0.325341,1019.4,13.3,0.0,0.0
2022-09-16 14:00:00,10.7,87.0,240.0,0.375598,1020.2,12.8,5.4,0.0
2022-09-16 15:00:00,9.9,77.0,250.0,0.393206,1020.6,13.9,5.4,0.0
2022-09-16 16:00:00,10.0,67.0,0.0,0.367995,1020.5,16.1,0.0,0.0
2022-09-16 17:00:00,10.0,67.0,0.0,0.341816,1020.5,16.1,0.0,0.0
2022-09-16 18:00:00,9.0,51.0,1.0,0.280275,1019.8,19.4,5.4,0.0
2022-09-16 19:00:00,8.2,50.0,310.0,0.343212,1019.5,18.9,5.4,0.0
2022-09-16 20:00:00,8.2,50.0,310.0,0.342335,1019.5,18.9,5.4,0.0
2022-09-16 21:00:00,8.9,47.0,50.0,0.377076,1018.5,20.6,9.4,0.0
2022-09-16 22:00:00,8.9,47.0,50.0,0.401137,1018.5,20.6,9.4,0.0
2022-09-16 23:00:00,8.9,47.0,280.0,0.421801,1017.6,20.6,7.6,0.0
2022-09-17 00:00:00,8.9,47.0,280.0,0.433779,1017.6,20.6,7.6,0.0
2022-09-17 01:00:00,10.1,55.0,320.0,0.443957,1016.8,19.4,14.8,0.0
2022-09-17 02:00:00,10.1,63.0,340.0,0.416709,1016.7,17.2,13.0,0.0
2022-09-17 03:00:00,10.1,63.0,340.0,0.393244,1016.7,17.2,13.0,0.0
2022-09-17 04:00:00,10.6,72.0,330.0,0.371866,1016.1,15.6,7.6,0.0
2022-09-17 05:00:00,9.9,77.0,360.0,0.334563,1015.4,13.9,9.4,0.0
2022-09-17 06:00:00,10.0,75.0,350.0,0.295343,1014.9,14.4,7.6,0.0
2022-09-17 07:00:00,10.0,75.0,350.0,0.272155,1014.9,14.4,7.6,0.0
2022-09-17 08:00:00,8.9,83.0,350.0,0.2554,1013.8,11.7,9.4,0.0
2022-09-17 09:00:00,8.9,77.0,340.0,0.245693,1013.2,12.8,9.4,0.0
2022-09-17 10:00:00,8.9,80.0,360.0,0.249968,1012.5,12.2,7.6,0.0
2022-09-17 11:00:00,8.4,80.0,0.0,0.245674,1012.2,11.7,7.6,0.0
2022-09-17 12:00:00,8.4,80.0,0.0,0.256766,1012.2,11.7,0.0,0.0
2022-09-17 13:00:00,6.7,86.0,0.0,0.283001,1011.6,8.9,0.0,0.0
2022-09-17 14:00:00,7.2,86.0,2.0,0.344802,1011.4,9.4,0.0,0.0
2022-09-17 15:00:00,7.7,69.0,10.0,0.363877,1010.8,13.3,13.0,0.0
2022-09-17 16:00:00,7.2,62.0,340.0,0.352336,1010.3,14.4,9.4,0.0
2022-09-17 17:00:00,7.2,62.0,340.0,0.31557,1010.3,14.4,9.4,0.0
2022-09-17 18:00:00,8.3,52.0,16.0,0.289081,1008.7,18.3,7.6,0.0
2022-09-17 19:00:00,8.2,50.0,0.0,0.29702,1008.2,18.9,0.0,0.0
2022-09-17 20:00:00,7.3,41.0,330.0,0.26948,1007.3,21.1,9.4,0.0
2022-09-17 21:00:00,7.3,41.0,330.0,0.289636,1006.6,21.1,5.4,0.0
2022-09-17 22:00:00,7.3,41.0,344.0,0.31561,1006.6,21.1,5.4,0.0
2022-09-17 23:00:00,6.8,38.0,350.0,0.38351,1006.1,21.7,5.4,0.0
2022-09-18 00:00:00,6.2,39.0,20.0,0.409746,1005.2,20.6,7.6,0.0
2022-09-18 01:00:00,6.2,39.0,20.0,0.410075,1005.2,20.6,7.6,0.0
2022-09-18 02:00:00,8.9,58.0,250.0,0.394551,1005.9,17.2,5.4,0.0
2022-09-18 03:00:00,8.9,58.0,250.0,0.401202,1005.9,17.2,5.4,0.0
2022-09-18 04:00:00,8.8,62.0,40.0,0.367017,1006.1,16.1,7.6,0.0
2022-09-18 05:00:00,7.9,56.0,10.0,0.326283,1006.0,16.7,9.4,0.0
2022-09-18 06:00:00,9.4,69.0,310.0,0.292671,1005.5,15.0,11.2,0.0
2022-09-18 07:00:00,9.4,72.0,340.0,0.266757,1005.3,14.4,11.2,0.0
2022-09-18 08:00:00,9.4,72.0,340.0,0.253362,1005.3,14.4,11.2,0.0
2022-09-18 09:00:00,8.4,72.0,360.0,0.241987,1004.6,13.3,13.0,0.0
2022-09-18 10:00:00,8.3,77.0,350.0,0.247724,1004.6,12.2,9.4,0.0
2022-09-18 11:00:00,9.3,74.0,4.0,0.237834,1004.6,13.9,9.4,0.0
2022-09-18 12:00:00,9.3,74.0,350.0,0.246703,1004.6,13.9,14.8,0.0
2022-09-18 13:00:00,8.9,72.0,350.0,0.268418,1005.0,13.9,13.0,0.0
2022-09-18 14:00:00,9.0,70.0,360.0,0.292455,1005.3,14.4,13.0,0.0
2022-09-18 15:00:00,8.8,62.0,350.0,0.311527,1005.3,16.1,14.8,0.0
2022-09-18 16:00:00,9.4,58.0,350.0,0.321551,1005.4,17.8,14.8,0.0
2022-09-18 17:00:00,9.4,58.0,340.0,0.311195,1005.4,17.8,18.4,0.0
2022-09-18 18:00:00,9.9,47.0,10.0,0.342497,1005.4,21.7,13.0,0.0
2022-09-18 19:00:00,10.7,45.0,20.0,0.243407,1005.2,23.3,18.4,0.0
2022-09-18 20:00:00,10.7,45.0,20.0,0.268562,1005.2,23.3,18.4,0.0
2022-09-18 21:00:00,9.9,40.0,0.0,0.321305,1005.3,24.4,0.0,0.0
2022-09-18 22:00:00,9.6,39.0,100.0,0.389228,1005.2,24.4,5.4,0.0
2022-09-18 23:00:00,8.4,36.0,0.0,0.412349,1005.3,24.4,0.0,0.0
2022-09-19 00:00:00,12.2,53.0,240.0,0.448147,1005.5,22.2,5.4,0.0
2022-09-19 01:00:00,12.2,53.0,240.0,0.455026,1005.5,22.2,5.4,0.0
2022-09-19 02:00:00,12.3,57.0,0.0,0.449596,1006.1,21.1,0.0,0.0
2022-09-19 03:00:00,12.3,57.0,0.0,0.442412,1006.1,21.1,0.0,0.0
2022-09-19 04:00:00,11.6,65.0,320.0,0.387084,1006.9,18.3,5.4,0.0
2022-09-19 05:00:00,11.8,68.0,360.0,0.323037,1007.1,17.8,11.2,0.0
2022-09-19 06:00:00,11.2,78.0,0.0,0.284644,1007.3,15.0,0.0,0.0
2022-09-19 07:00:00,11.2,78.0,0.0,0.266583,1007.3,15.0,0.0,0.0
2022-09-19 08:00:00,10.6,78.0,350.0,0.245281,1007.5,14.4,7.6,0.0
2022-09-19 09:00:00,9.4,83.0,330.0,0.233466,1007.8,12.2,5.4,0.0
2022-09-19 10:00:00,8.9,89.0,260.0,0.234119,1007.9,10.6,5.4,0.0
2022-09-19 11:00:00,8.9,89.0,0.0,0.250913,1007.9,10.6,5.4,0.0
2022-09-19 12:00:00,8.9,89.0,0.0,0.290269,1007.9,10.6,0.0,0.0
2022-09-19 13:00:00,8.9,93.0,310.0,0.363165,1008.4,10.0,5.4,0.0
2022-09-19 14:00:00,9.4,92.0,0.0,0.425326,1009.2,10.6,5.4,0.0
2022-09-19 15:00:00,10.6,78.0,0.0,0.397359,1009.3,14.4,0.0,0.0
2022-09-19 16:00:00,11.2,61.0,0.0,0.345362,1009.3,18.9,5.4,0.0
2022-09-19 17:00:00,11.2,61.0,42.0,0.313026,1009.3,18.9,5.4,0.0
2022-09-19 18:00:00,11.2,48.0,140.0,0.295353,1009.6,22.8,7.6,0.0
2022-09-19 19:00:00,11.0,43.0,140.0,0.281035,1009.5,24.4,9.4,0.0
2022-09-19 20:00:00,11.2,42.0,2.0,0.306741,1009.4,25.0,9.4,0.0
2022-09-19 21:00:00,11.2,42.0,150.0,0.334666,1009.4,25.0,5.4,0.0
2022-09-19 22:00:00,10.7,38.0,150.0,0.383484,1009.1,26.1,9.4,0.0
2022-09-19 23:00:00,10.4,35.0,140.0,0.457894,1008.9,27.2,9.4,0.0
2022-09-20 00:00:00,11.7,38.0,150.0,0.532593,1009.0,27.2,5.4,0.0
2022-09-20 01:00:00,11.6,39.0,200.0,0.557584,1009.1,26.7,5.4,0.0
2022-09-20 02:00:00,10.7,53.0,4.0,0.526583,1010.2,20.6,11.2,0.0
2022-09-20 03:00:00,10.7,53.0,210.0,0.498163,1010.2,20.6,14.8,0.0
2022-09-20 04:00:00,9.9,60.0,250.0,0.442557,1011.0,17.8,13.0,0.0
2022-09-20 05:00:00,10.1,63.0,0.0,0.372273,1011.2,17.2,13.0,0.0
2022-09-20 06:00:00,10.0,72.0,0.0,0.3232,1011.1,15.0,0.0,0.0
2022-09-20 07:00:00,10.0,72.0,0.0,0.289013,1011.1,15.0,0.0,0.0
2022-09-20 08:00:00,8.8,86.0,10.0,0.284046,1011.2,11.1,5.4,0.0
2022-09-20 09:00:00,8.8,86.0,0.0,0.271373,1010.9,11.1,0.0,0.0
2022-09-20 10:00:00,8.4,86.0,0.0,0.266055,1011.1,10.6,0.0,0.0
2022-09-20 11:00:00,8.4,86.0,0.0,0.27246,1011.1,10.6,0.0,0.0
2022-09-20 12:00:00,8.3,93.0,0.0,0.308492,1011.9,9.4,0.0,0.0
2022-09-20 13:00:00,7.8,93.0,0.0,0.371215,1012.7,8.9,0.0,0.0
2022-09-20 14:00:00,9.4,86.0,0.0,0.420075,1013.4,11.7,0.0,0.0
2022-09-20 15:00:00,9.4,86.0,0.0,0.404585,1013.4,11.7,0.0,0.0
2022-09-20 16:00:00,10.0,75.0,0.0,0.352233,1013.6,14.4,0.0,0.0
2022-09-20 17:00:00,10.1,51.0,350.0,0.311592,1013.0,20.6,9.4,0.0
2022-09-20 18:00:00,10.0,43.0,0.0,0.299513,1012.8,23.3,0.0,0.0
2022-09-20 19:00:00,10.0,43.0,0.0,0.289038,1012.8,23.3,0.0,0.0
2022-09-20 20:00:00,5.5,25.0,40.0,0.290252,1012.3,27.2,5.4,0.0
2022-09-20 21:00:00,5.5,25.0,40.0,0.328888,1012.3,27.2,5.4,0.0
2022-09-20 22:00:00,6.0,25.0,0.0,0.396469,1011.9,27.8,0.0,0.0
2022-09-20 23:00:00,5.7,23.0,360.0,0.448711,1011.7,28.9,9.4,0.0
2022-09-21 00:00:00,4.1,22.0,190.0,0.518076,1011.6,27.8,7.6,0.0
2022-09-21 01:00:00,4.9,24.0,240.0,0.55523,1011.6,27.2,7.6,0.0
2022-09-21 02:00:00,10.0,46.0,240.0,0.52709,1011.6,22.2,7.6,0.0
2022-09-21 03:00:00,11.1,63.0,180.0,0.494289,1013.0,18.3,5.4,0.0
2022-09-21 04:00:00,11.1,65.0,240.0,0.435235,1013.3,17.8,11.2,0.0
2022-09-21 05:00:00,10.0,75.0,0.0,0.369649,1013.8,14.4,0.0,0.0
2022-09-21 06:00:00,10.0,75.0,0.0,0.323492,1013.8,14.4,0.0,0.0
2022-09-21 07:00:00,11.2,75.0,250.0,0.30671,1013.3,15.6,5.4,0.0
2022-09-21 08:00:00,11.2,81.0,320.0,0.282119,1013.4,14.4,5.4,0.0
2022-09-21 09:00:00,9.9,86.0,0.0,0.266478,1013.7,12.2,0.0,0.0
2022-09-21 10:00:00,9.4,86.0,0.0,0.26514,1013.6,11.7,0.0,0.0
2022-09-21 11:00:00,9.4,86.0,0.0,0.277026,1013.6,11.7,0.0,0.0
2022-09-21 12:00:00,8.3,93.0,0.0,0.304524,1013.8,9.4,0.0,0.0
2022-09-21 13:00:00,8.9,89.0,0.0,0.370819,1013.7,10.6,0.0,0.0
2022-09-21 14:00:00,9.4,89.0,0.0,0.407977,1014.4,11.1,0.0,0.0
2022-09-21 15:00:00,9.9,77.0,0.0,0.41382,1014.2,13.9,0.0,0.0
2022-09-21 16:00:00,9.9,77.0,0.0,0.343425,1014.2,13.9,0.0,0.0
2022-09-21 17:00:00,12.3,68.0,0.0,0.310325,1014.0,18.3,0.0,0.0
2022-09-21 18:00:00,12.3,59.0,0.0,0.30264,1013.8,20.6,0.0,0.0
2022-09-21 19:00:00,11.1,51.0,0.0,0.298553,1013.6,21.7,0.0,0.0
2022-09-21 20:00:00,11.8,50.0,2.0,0.336447,1013.3,22.8,0.0,0.0
2022-09-21 21:00:00,11.8,50.0,260.0,0.377041,1013.3,22.8,7.6,0.0
2022-09-21 22:00:00,12.2,48.0,190.0,0.430146,1012.7,23.9,9.4,0.0
2022-09-21 23:00:00,11.7,48.0,190.0,0.439713,1012.6,23.3,14.8,0.0
2022-09-22 00:00:00,12.9,52.0,180.0,0.476821,1012.7,23.3,14.8,0.0
2022-09-22 01:00:00,12.9,52.0,180.0,0.512268,1012.7,23.3,14.8,0.0
2022-09-22 02:00:00,11.2,61.0,210.0,0.493209,1014.1,18.9,13.0,0.0
2022-09-22 03:00:00,11.1,65.0,230.0,0.473447,1014.9,17.8,16.6,0.0
2022-09-22 04:00:00,11.1,72.0,220.0,0.425968,1015.3,16.1,13.0,0.0
2022-09-22 05:00:00,11.2,78.0,4.0,0.364635,1016.1,15.0,13.0,0.0
2022-09-22 06:00:00,11.2,81.0,180.0,0.310649,1016.5,14.4,16.6,0.0
2022-09-22 07:00:00,11.2,81.0,180.0,0.297773,1016.5,14.4,16.6,0.0
2022-09-22 08:00:00,10.6,90.0,4.0,0.283744,1016.9,12.2,11.2,0.0
2022-09-22 09:00:00,10.6,90.0,230.0,0.273823,1016.9,12.2,13.0,0.0
2022-09-22 10:00:00,8.9,89.0,150.0,0.269368,1017.6,10.6,9.4,0.0
2022-09-22 11:00:00,8.9,89.0,150.0,0.278592,1017.6,10.6,9.4,0.0
2022-09-22 12:00:00,9.4,96.0,0.0,0.313272,1018.8,10.0,0.0,0.0
2022-09-22 13:00:00,9.4,96.0,0.0,0.360637,1019.2,10.0,0.0,0.0
2022-09-22 14:00:00,11.0,89.0,260.0,0.412359,1019.3,12.8,7.6,0.0
2022-09-22 15:00:00,11.8,87.0,0.0,0.406875,1019.7,13.9,0.0,0.0
2022-09-22 16:00:00,12.8,81.0,0.0,0.414542,1020.2,16.1,5.4,0.0
2022-09-22 17:00:00,12.8,81.0,200.0,0.40813,1020.2,16.1,5.4,0.0
2022-09-22 18:00:00,12.2,65.0,220.0,0.383092,1020.2,18.9,14.8,0.0
2022-09-22 19:00:00,12.3,57.0,200.0,0.338516,1020.0,21.1,16.6,0.0
2022-09-22 20:00:00,11.8,50.0,200.0,0.255291,1019.5,22.8,24.1,0.0
2022-09-22 21:00:00,11.8,50.0,180.0,0.294523,1019.5,22.8,24.1,0.0
2022-09-22 22:00:00,10.6,46.0,190.0,0.327402,1019.1,22.8,14.8,0.0
2022-09-22 23:00:00,8.9,41.0,7.0,0.345448,1019.2,22.8,18.4,0.0
2022-09-23 00:00:00,8.4,44.0,280.0,0.410809,1019.1,21.1,18.4,0.0
2022-09-23 01:00:00,8.4,44.0,280.0,0.462265,1019.1,21.1,18.4,0.0
2022-09-23 02:00:00,7.9,60.0,280.0,0.446639,1019.6,15.6,7.6,0.0
2022-09-23 03:00:00,7.9,60.0,210.0,0.425272,1019.6,15.6,7.6,0.0
2022-09-23 04:00:00,8.3,77.0,0.0,0.395451,1020.5,12.2,0.0,0.0
2022-09-23 05:00:00,8.9,77.0,0.0,0.356496,1020.8,12.8,0.0,0.0
2022-09-23 06:00:00,8.9,77.0,0.0,0.305415,1020.8,12.8,0.0,0.0
2022-09-23 07:00:00,7.8,90.0,350.0,0.282441,1021.3,9.4,5.4,0.0
2022-09-23 08:00:00,7.2,93.0,230.0,0.267241,1021.3,8.3,5.4,0.0
2022-09-23 09:00:00,6.7,93.0,0.0,0.256462,1021.3,7.8,0.0,0.0
2022-09-23 10:00:00,7.8,90.0,0.0,0.267108,1021.1,9.4,0.0,0.0
2022-09-23 11:00:00,7.8,90.0,0.0,0.267022,1021.1,9.4,0.0,0.0
2022-09-23 12:00:00,5.6,93.0,0.0,0.310704,1021.3,6.7,0.0,0.0
2022-09-23 13:00:00,5.6,93.0,0.0,0.344397,1021.3,6.7,0.0,0.0
2022-09-23 14:00:00,5.6,100.0,280.0,0.400921,1022.0,5.6,7.6,0.0
2022-09-23 15:00:00,8.9,89.0,0.0,0.380615,1022.0,10.6,0.0,0.0
2022-09-23 16:00:00,8.9,89.0,0.0,0.344567,1022.0,10.6,0.0,0.0
2022-09-23 17:00:00,10.1,65.0,0.0,0.278657,1022.0,16.7,0.0,0.0
2022-09-23 18:00:00,10.1,55.0,0.0,0.254731,1021.7,19.4,0.0,0.0
2022-09-23 19:00:00,10.1,51.0,0.0,0.234766,1021.1,20.6,0.0,0.0
2022-09-23 20:00:00,10.1,51.0,0.0,0.241054,1021.1,20.6,0.0,0.0
2022-09-23 21:00:00,8.3,41.0,0.0,0.244466,1019.8,22.2,0.0,0.0
2022-09-23 22:00:00,8.9,40.0,40.0,0.292336,1019.4,23.3,13.0,0.0
2022-09-23 23:00:00,8.9,40.0,40.0,0.354208,1019.4,23.3,13.0,0.0
2022-09-24 00:00:00,9.5,40.0,10.0,0.421799,1019.0,23.9,9.4,0.0
2022-09-24 01:00:00,9.5,40.0,10.0,0.453432,1019.0,23.9,9.4,0.0
2022-09-24 02:00:00,9.3,47.0,50.0,0.433804,1019.2,21.1,7.6,0.0
2022-09-24 03:00:00,10.1,63.0,20.0,0.412982,1020.3,17.2,5.4,0.0
2022-09-24 04:00:00,10.5,67.0,10.0,0.377483,1020.7,16.7,9.4,0.0
2022-09-24 05:00:00,9.9,69.0,2.0,0.336931,1021.1,15.6,9.4,0.0
2022-09-24 06:00:00,9.9,69.0,340.0,0.303082,1021.1,15.6,7.6,0.0
2022-09-24 07:00:00,9.4,89.0,0.0,0.275282,1021.1,11.1,0.0,0.0
2022-09-24 08:00:00,8.3,89.0,0.0,0.25715,1021.2,10.0,0.0,0.0
2022-09-24 09:00:00,8.3,89.0,0.0,0.241062,1021.2,10.0,0.0,0.0
2022-09-24 10:00:00,8.9,93.0,0.0,0.238704,1021.5,10.0,0.0,0.0
2022-09-24 11:00:00,8.9,93.0,0.0,0.246694,1021.5,10.0,0.0,0.0
2022-09-24 12:00:00,6.7,93.0,0.0,0.264685,1021.6,7.8,0.0,0.0
2022-09-24 13:00:00,6.8,97.0,250.0,0.286516,1022.0,7.2,5.4,0.0
2022-09-24 14:00:00,8.3,89.0,0.0,0.328172,1022.4,10.0,0.0,0.0
2022-09-24 15:00:00,10.7,84.0,0.0,0.326251,1022.8,13.3,0.0,0.0
2022-09-24 16:00:00,10.7,84.0,0.0,0.312582,1022.8,13.3,0.0,0.0
2022-09-24 17:00:00,12.2,63.0,0.0,0.251427,1022.4,19.4,0.0,0.0
2022-09-24 18:00:00,12.7,55.0,350.0,0.241706,1022.0,22.2,11.2,0.0
2022-09-24 19:00:00,12.2,48.0,350.0,0.220335,1021.4,23.9,9.4,0.0
2022-09-24 20:00:00,12.2,48.0,12.0,0.215333,1021.4,23.9,9.4,0.0
2022-09-24 21:00:00,10.6,39.0,100.0,0.244611,1020.3,25.6,5.4,0.0
2022-09-24 22:00:00,9.5,34.0,320.0,0.301456,1019.7,26.7,9.4,0.0
2022-09-24 23:00:00,6.6,27.0,10.0,0.367475,1019.2,27.2,9.4,0.0
2022-09-25 00:00:00,6.6,27.0,10.0,0.442759,1019.2,27.2,9.4,0.0
2022-09-25 01:00:00,7.7,30.0,360.0,0.475589,1018.9,26.7,9.4,0.0
2022-09-25 02:00:00,9.9,47.0,360.0,0.460677,1019.6,21.7,9.4,0.0
2022-09-25 03:00:00,9.6,51.0,320.0,0.427223,1019.9,20.0,9.4,0.0
2022-09-25 04:00:00,9.5,67.0,0.0,0.384179,1020.3,15.6,0.0,0.0
2022-09-25 05:00:00,9.5,67.0,2.0,0.338331,1020.4,15.6,0.0,0.0
2022-09-25 06:00:00,8.9,80.0,270.0,0.302889,1020.4,12.2,5.4,0.0
2022-09-25 07:00:00,8.9,80.0,0.0,0.279946,1020.3,12.2,0.0,0.0
2022-09-25 08:00:00,9.4,89.0,0.0,0.263398,1020.2,11.1,0.0,0.0
2022-09-25 09:00:00,8.9,93.0,310.0,0.247298,1020.2,10.0,5.4,0.0
2022-09-25 10:00:00,8.9,93.0,310.0,0.242357,1020.2,10.0,5.4,0.0
2022-09-25 11:00:00,8.3,96.0,0.0,0.239063,1019.7,8.9,0.0,0.0
2022-09-25 12:00:00,6.7,93.0,0.0,0.247733,1019.7,7.8,0.0,0.0
2022-09-25 13:00:00,7.2,96.0,0.0,0.266442,1020.0,7.8,0.0,0.0
2022-09-25 14:00:00,7.8,90.0,0.0,0.295127,1020.1,9.4,0.0,0.0
2022-09-25 15:00:00,7.8,90.0,0.0,0.320803,1020.1,9.4,0.0,0.0
2022-09-25 16:00:00,10.6,70.0,0.0,0.295236,1020.1,16.1,0.0,0.0
2022-09-25 17:00:00,11.8,57.0,0.0,0.249068,1019.6,20.6,0.0,0.0
2022-09-25 18:00:00,11.6,46.0,340.0,0.208742,1018.8,23.9,5.4,0.0
2022-09-25 19:00:00,11.8,41.0,60.0,0.218417,1018.0,26.1,5.4,0.0
2022-09-25 20:00:00,11.8,41.0,60.0,0.242556,1018.0,26.1,5.4,0.0
2022-09-25 21:00:00,11.9,35.0,0.0,0.272355,1016.1,28.9,0.0,0.0
2022-09-25 22:00:00,11.9,35.0,0.0,0.351239,1016.1,28.9,0.0,0.0
2022-09-25 23:00:00,11.0,31.0,0.0,0.453162,1015.5,30.0,0.0,0.0
2022-09-26 00:00:00,11.5,32.0,340.0,0.52743,1014.5,30.0,9.4,0.0
2022-09-26 01:00:00,11.5,32.0,340.0,0.545158,1014.5,30.0,9.4,0.0
2022-09-26 02:00:00,10.9,35.0,0.0,0.527252,1014.4,27.8,0.0,0.0
2022-09-26 03:00:00,13.3,61.0,0.0,0.483665,1014.4,21.1,0.0,0.0
2022-09-26 04:00:00,12.3,59.0,320.0,0.41857,1014.5,20.6,9.4,0.0
2022-09-26 05:00:00,12.3,59.0,320.0,0.357826,1014.5,20.6,9.4,0.0
2022-09-26 06:00:00,12.2,63.0,290.0,0.308353,1014.6,19.4,5.4,0.0
2022-09-26 07:00:00,11.2,75.0,0.0,0.278385,1014.4,15.6,0.0,0.0
2022-09-26 08:00:00,10.7,84.0,0.0,0.262464,1014.5,13.3,0.0,0.0
2022-09-26 09:00:00,10.7,81.0,0.0,0.24952,1014.4,13.9,0.0,0.0
2022-09-26 10:00:00,10.7,81.0,0.0,0.249053,1014.4,13.9,0.0,0.0
2022-09-26 11:00:00,9.4,89.0,0.0,0.254651,1014.4,11.1,0.0,0.0
2022-09-26 12:00:00,9.4,86.0,0.0,0.300132,1014.5,11.7,0.0,0.0
2022-09-26 13:00:00,9.4,89.0,310.0,0.350345,1014.9,11.1,5.4,0.0
2022-09-26 14:00:00,9.4,89.0,0.0,0.406523,1015.5,11.1,0.0,0.0
2022-09-26 15:00:00,9.4,89.0,0.0,0.397375,1015.5,11.1,0.0,0.0
2022-09-26 16:00:00,11.7,84.0,250.0,0.366911,1015.6,14.4,7.6,0.0
2022-09-26 17:00:00,12.8,61.0,190.0,0.334736,1015.4,20.6,3.2,0.0
2022-09-26 18:00:00,12.9,52.0,221.0,0.315036,1015.0,23.3,2.2,0.0
2022-09-26 19:00:00,12.2,45.0,0.0,0.301048,1014.3,25.0,0.0,0.0
2022-09-26 20:00:00,12.2,45.0,0.0,0.323008,1014.3,25.0,0.0,0.0
2022-09-26 21:00:00,10.5,33.0,200.0,0.362486,1012.9,28.3,5.4,0.0
2022-09-26 22:00:00,10.5,33.0,200.0,0.437292,1012.9,28.3,5.4,0.0
2022-09-26 23:00:00,11.5,32.0,0.0,0.515574,1012.0,30.0,0.0,0.0
2022-09-27 00:00:00,11.5,32.0,0.0,0.583001,1012.0,30.0,0.0,0.0
2022-09-27 01:00:00,14.5,43.0,220.0,0.603412,1011.5,28.3,14.8,0.0
2022-09-27 02:00:00,13.3,61.0,210.0,0.561951,1011.9,21.1,5.4,0.0
2022-09-27 03:00:00,13.3,61.0,210.0,0.51433,1011.9,21.1,5.4,0.0
2022-09-27 04:00:00,13.3,70.0,250.0,0.442635,1012.0,18.9,11.2,0.0
2022-09-27 05:00:00,12.9,73.0,290.0,0.373364,1012.0,17.8,7.6,0.0
2022-09-27 06:00:00,12.1,83.0,250.0,0.313587,1011.9,15.0,7.6,0.0
2022-09-27 07:00:00,11.7,90.0,270.0,0.289652,1012.1,13.3,5.4,0.0
2022-09-27 08:00:00,11.7,90.0,260.0,0.274517,1011.8,13.3,5.4,0.0
2022-09-27 09:00:00,11.7,90.0,260.0,0.264305,1011.8,13.3,5.4,0.0
2022-09-27 10:00:00,10.6,93.0,270.0,0.253711,1011.6,11.7,7.6,0.0
2022-09-27 11:00:00,11.1,93.0,2.0,0.269789,1011.7,12.2,9.4,0.0
2022-09-27 12:00:00,10.0,96.0,0.0,0.308603,1011.9,10.6,0.0,0.0
2022-09-27 13:00:00,9.4,92.0,0.0,0.362019,1012.4,10.6,0.0,0.0
2022-09-27 14:00:00,11.1,93.0,0.0,0.418855,1012.6,12.2,5.4,0.0
2022-09-27 15:00:00,11.1,93.0,310.0,0.396742,1012.6,12.2,5.4,0.0
2022-09-27 16:00:00,12.3,78.0,240.0,0.363358,1012.9,16.1,13.0,0.0
2022-09-27 17:00:00,12.7,70.0,4.0,0.312008,1012.9,18.3,13.0,0.0
2022-09-27 18:00:00,12.7,63.0,200.0,0.288922,1012.5,20.0,13.0,0.0
2022-09-27 19:00:00,12.7,63.0,200.0,0.292336,1012.5,20.0,13.0,0.0
2022-09-27 20:00:00,13.4,52.0,210.0,0.294862,1012.0,23.9,18.4,0.0
2022-09-27 21:00:00,13.4,52.0,230.0,0.334852,1012.0,23.9,18.4,0.0
2022-09-27 22:00:00,13.9,52.0,230.0,0.351749,1011.8,24.4,20.5,0.0
2022-09-27 23:00:00,13.3,50.0,230.0,0.418955,1011.7,24.4,16.6,0.0
2022-09-28 00:00:00,12.7,48.0,210.0,0.488003,1011.5,24.4,13.0,0.0
2022-09-28 01:00:00,12.7,55.0,200.0,0.529938,1011.5,22.2,14.8,0.0
2022-09-28 02:00:00,11.1,65.0,220.0,0.500877,1011.9,17.8,29.5,0.0
2022-09-28 03:00:00,10.7,81.0,240.0,0.469442,1013.3,13.9,16.6,0.0
2022-09-28 04:00:00,9.9,77.0,230.0,0.417747,1014.0,13.9,13.0,0.0
2022-09-28 05:00:00,9.9,77.0,230.0,0.362084,1014.0,13.9,13.0,0.0
2022-09-28 06:00:00,9.9,80.0,140.0,0.311148,1014.4,13.3,9.4,0.0
2022-09-28 07:00:00,9.9,86.0,110.0,0.279635,1014.3,12.2,7.6,0.0
2022-09-28 08:00:00,9.9,86.0,0.0,0.266452,1014.1,12.2,0.0,0.0
2022-09-28 09:00:00,9.4,92.0,230.0,0.26663,1014.5,10.6,5.4,0.0
2022-09-28 10:00:00,9.4,92.0,230.0,0.26776,1014.5,10.6,5.4,0.0
2022-09-28 11:00:00,10.0,93.0,80.0,0.272383,1014.3,11.1,5.4,0.0
2022-09-28 12:00:00,10.6,93.0,50.0,0.316637,1014.4,11.7,5.4,0.0
2022-09-28 13:00:00,10.6,93.0,50.0,0.376198,1014.4,11.7,5.4,0.6
2022-09-28 14:00:00,11.1,96.0,350.0,0.410714,1015.0,11.7,5.4,1.0
2022-09-28 15:00:00,12.2,100.0,0.0,0.419823,1015.5,12.2,0.0,0.2
2022-09-28 16:00:00,12.8,100.0,0.0,0.421374,1016.4,12.8,0.0,2.3
2022-09-28 17:00:00,12.8,93.0,0.0,0.389086,1016.4,13.9,0.0,1.0
2022-09-28 18:00:00,14.5,84.0,160.0,0.3234,1015.9,17.2,9.4,0.0
2022-09-28 19:00:00,14.5,84.0,160.0,0.335482,1015.9,17.2,9.4,0.0
2022-09-28 20:00:00,14.0,71.0,150.0,0.29146,1015.3,19.4,16.6,0.0
2022-09-28 21:00:00,13.2,65.0,170.0,0.353715,1015.1,20.0,20.5,0.0
2022-09-28 22:00:00,13.2,65.0,180.0,0.398255,1015.2,20.0,13.0,0.0
2022-09-28 23:00:00,13.2,65.0,180.0,0.420338,1015.2,20.0,13.0,0.0
2022-09-29 00:00:00,12.7,63.0,170.0,0.45628,1015.2,20.0,16.6,0.0
2022-09-29 01:00:00,12.7,70.0,190.0,0.465147,1015.3,18.3,9.4,0.9
2022-09-29 02:00:00,13.3,86.0,200.0,0.464634,1016.0,15.6,7.6,0.0
2022-09-29 03:00:00,13.3,86.0,120.0,0.414589,1015.9,15.6,7.6,1.0
2022-09-29 04:00:00,13.3,86.0,120.0,0.384347,1015.9,15.6,7.6,0.3
2022-09-29 05:00:00,13.4,90.0,140.0,0.324571,1016.2,15.0,11.2,0.0
2022-09-29 06:00:00,13.3,86.0,140.0,0.285867,1016.1,15.6,11.2,0.3
2022-09-29 07:00:00,13.3,86.0,140.0,0.268048,1016.1,15.6,11.2,0.0
2022-09-29 08:00:00,14.0,90.0,190.0,0.259521,1016.0,15.6,11.2,0.4
2022-09-29 09:00:00,13.4,90.0,160.0,0.254673,1016.5,15.0,16.6,0.0
2022-09-29 10:00:00,13.4,90.0,160.0,0.252919,1016.5,15.0,16.6,0.0
2022-09-29 11:00:00,13.3,86.0,160.0,0.267039,1016.8,15.6,14.8,0.5
2022-09-29 12:00:00,14.0,90.0,4.0,0.307592,1016.8,15.6,14.8,0.3
2022-09-29 13:00:00,14.5,93.0,190.0,0.362833,1017.3,15.6,20.5,0.5
2022-09-29 14:00:00,14.5,93.0,200.0,0.405521,1017.7,15.6,14.8,0.3
2022-09-29 15:00:00,15.0,96.0,200.0,0.415629,1019.4,15.6,14.8,0.0
2022-09-29 16:00:00,15.6,93.0,210.0,0.405127,1020.1,16.7,9.4,0.0
2022-09-29 17:00:00,15.5,90.0,220.0,0.389175,1020.7,17.2,16.6,0.0
2022-09-29 18:00:00,15.6,81.0,210.0,0.349754,1020.8,18.9,9.4,0.0
2022-09-29 19:00:00,15.6,81.0,210.0,0.375157,1020.8,18.9,9.4,0.0
2022-09-29 20:00:00,15.0,73.0,0.0,0.400149,1020.9,20.0,5.4,0.0
2022-09-29 21:00:00,15.0,73.0,210.0,0.30536,1020.9,20.0,5.4,0.0
2022-09-29 22:00:00,14.9,70.0,10.0,0.349529,1020.9,20.6,7.6,0.0
2022-09-29 23:00:00,15.0,73.0,350.0,0.446747,1021.2,20.0,9.4,0.0
2022-09-30 00:00:00,14.9,70.0,330.0,0.444445,1021.4,20.6,7.6,0.0
2022-09-30 01:00:00,15.0,78.0,0.0,0.457418,1021.5,18.9,0.0,0.0
2022-09-30 02:00:00,15.1,90.0,0.0,0.452185,1022.0,16.7,0.0,0.0
2022-09-30 03:00:00,14.5,90.0,320.0,0.437157,1022.2,16.1,5.4,0.0
2022-09-30 04:00:00,13.3,93.0,320.0,0.414593,1022.4,14.4,7.6,0.0
2022-09-30 05:00:00,13.3,93.0,320.0,0.369582,1022.4,14.4,7.6,0.0
2022-09-30 06:00:00,11.7,97.0,360.0,0.318225,1022.4,12.2,5.4,0.0
2022-09-30 07:00:00,11.7,97.0,360.0,0.2908,1022.4,12.2,5.4,0.0
2022-09-30 08:00:00,11.1,96.0,0.0,0.268695,1022.0,11.7,0.0,0.0
2022-09-30 09:00:00,10.6,100.0,0.0,0.265634,1022.0,10.6,5.4,0.0
2022-09-30 10:00:00,8.9,100.0,0.0,0.267366,1022.5,8.9,0.0,0.0
2022-09-30 11:00:00,8.9,100.0,0.0,0.270701,1022.5,8.9,0.0,0.0
2022-09-30 12:00:00,7.8,100.0,260.0,0.303731,1022.0,7.8,5.4,0.0
2022-09-30 13:00:00,8.9,97.0,0.0,0.354707,1022.0,9.4,0.0,0.0
2022-09-30 14:00:00,8.9,100.0,0.0,0.394399,1022.0,8.9,0.0,0.0
2022-09-30 15:00:00,10.0,96.0,310.0,0.418867,1022.2,10.6,5.4,0.0
2022-09-30 16:00:00,11.0,89.0,360.0,0.427879,1022.0,12.8,5.4,0.0
2022-09-30 17:00:00,12.3,87.0,340.0,0.422764,1021.6,14.4,7.6,0.0
2022-09-30 18:00:00,11.8,78.0,20.0,0.400909,1020.9,15.6,11.2,0.0
2022-09-30 19:00:00,11.8,78.0,20.0,0.402656,1020.9,15.6,11.2,0.0
2022-09-30 20:00:00,12.1,72.0,80.0,0.255315,1020.2,17.2,9.4,0.0
2022-09-30 21:00:00,13.2,65.0,70.0,0.241822,1017.9,20.0,5.4,0.0
2022-09-30 22:00:00,12.8,57.0,10.0,0.289758,1017.0,21.7,5.4,0.0
2022-09-30 23:00:00,12.7,53.0,2.0,0.345345,1016.2,22.8,5.4,0.0
2022-10-01 00:00:00,12.7,53.0,10.0,0.409796,1016.2,22.8,7.6,0.0
2022-10-01 01:00:00,14.0,71.0,0.0,0.438817,1015.4,19.4,0.0,0.0
2022-10-01 02:00:00,13.9,81.0,0.0,0.428667,1015.6,17.2,0.0,0.0
2022-10-01 03:00:00,12.7,83.0,0.0,0.402015,1015.8,15.6,0.0,0.0
2022-10-01 04:00:00,12.7,83.0,0.0,0.374165,1015.8,15.6,0.0,0.0
2022-10-01 05:00:00,12.7,83.0,340.0,0.340763,1015.7,15.6,11.2,0.0
2022-10-01 06:00:00,11.7,84.0,10.0,0.31694,1016.0,14.4,5.4,0.0
2022-10-01 07:00:00,10.6,90.0,280.0,0.285141,1015.7,12.2,5.4,0.0
2022-10-01 08:00:00,11.8,87.0,330.0,0.260738,1015.2,13.9,9.4,0.0
2022-10-01 09:00:00,11.8,87.0,330.0,0.249812,1015.2,13.9,9.4,0.0
2022-10-01 10:00:00,11.2,81.0,360.0,0.240285,1014.8,14.4,13.0,0.0
2022-10-01 11:00:00,11.2,75.0,350.0,0.233043,1014.5,15.6,16.6,0.0
2022-10-01 12:00:00,11.2,75.0,350.0,0.255088,1014.6,15.6,18.4,0.0
2022-10-01 13:00:00,11.2,78.0,20.0,0.288379,1014.6,15.0,18.4,0.0
2022-10-01 14:00:00,11.2,78.0,20.0,0.344872,1014.6,15.0,18.4,0.0
2022-10-01 15:00:00,12.2,63.0,10.0,0.373259,1014.6,19.4,16.6,0.0
2022-10-01 16:00:00,12.2,63.0,10.0,0.350383,1014.2,19.4,16.6,0.0
2022-10-01 17:00:00,12.3,50.0,20.0,0.297362,1013.7,23.3,18.4,0.0
2022-10-01 18:00:00,12.3,50.0,20.0,0.27328,1013.7,23.3,18.4,0.0
2022-10-01 19:00:00,11.6,39.0,30.0,0.26505,1012.7,26.7,20.5,0.0
2022-10-01 20:00:00,10.9,35.0,40.0,0.261452,1011.9,27.8,20.5,0.0
2022-10-01 21:00:00,11.0,33.0,20.0,0.289735,1011.1,28.9,24.1,0.0
2022-10-01 22:00:00,11.0,32.0,20.0,0.336208,1010.5,29.4,22.3,0.0
2022-10-01 23:00:00,10.6,32.0,7.0,0.417261,1010.2,28.9,22.3,0.0
2022-10-02 00:00:00,10.6,32.0,20.0,0.47181,1010.2,28.9,24.1,0.0
2022-10-02 01:00:00,10.9,35.0,20.0,0.483349,1010.1,27.8,18.4,0.0
2022-10-02 02:00:00,11.8,50.0,4.0,0.453938,1010.5,22.8,11.2,0.0
2022-10-02 03:00:00,11.8,50.0,360.0,0.425893,1010.5,22.8,13.0,0.0
2022-10-02 04:00:00,11.8,57.0,350.0,0.408164,1010.8,20.6,13.0,0.0
2022-10-02 05:00:00,12.3,61.0,4.0,0.367843,1010.8,20.0,13.0,0.0
2022-10-02 06:00:00,12.3,68.0,340.0,0.315952,1010.9,18.3,13.0,0.0
2022-10-02 07:00:00,12.3,68.0,330.0,0.288838,1010.9,18.3,14.8,0.0
2022-10-02 08:00:00,12.3,68.0,330.0,0.266317,1010.9,18.3,14.8,0.0
2022-10-02 09:00:00,11.7,70.0,350.0,0.252699,1011.0,17.2,13.0,0.0
2022-10-02 10:00:00,11.8,78.0,350.0,0.244394,1011.1,15.6,11.2,0.0
2022-10-02 11:00:00,10.6,78.0,2.0,0.234955,1011.3,14.4,11.2,0.0
2022-10-02 12:00:00,10.6,90.0,0.0,0.254658,1011.8,12.2,0.0,0.0
2022-10-02 13:00:00,10.6,90.0,0.0,0.26705,1011.8,12.2,0.0,0.0
2022-10-02 14:00:00,10.6,97.0,250.0,0.301642,1012.9,11.1,5.4,0.0
2022-10-02 15:00:00,12.1,83.0,240.0,0.329846,1013.2,15.0,5.4,0.0
2022-10-02 16:00:00,12.9,66.0,0.0,0.296597,1013.6,19.4,0.0,0.0
2022-10-02 17:00:00,13.3,55.0,0.0,0.27442,1013.6,22.8,0.0,0.0
2022-10-02 18:00:00,13.3,55.0,0.0,0.259498,1013.6,22.8,0.0,0.0
2022-10-02 19:00:00,13.2,42.0,0.0,0.267269,1013.4,27.2,5.4,0.0
2022-10-02 20:00:00,12.6,38.0,18.0,0.287101,1013.1,28.3,5.4,0.0
2022-10-02 21:00:00,12.6,38.0,353.0,0.329924,1013.1,28.3,5.4,0.0
2022-10-02 22:00:00,11.5,32.0,350.0,0.384992,1012.5,30.0,5.4,0.0
2022-10-02 23:00:00,11.5,32.0,1.0,0.464622,1012.5,30.0,5.4,0.0
2022-10-03 00:00:00,10.5,29.0,230.0,0.527114,1012.4,30.6,5.4,0.0
2022-10-03 01:00:00,14.4,44.0,240.0,0.540036,1013.0,27.8,14.8,0.0
2022-10-03 02:00:00,13.3,70.0,250.0,0.521475,1013.6,18.9,14.8,0.0
2022-10-03 03:00:00,13.3,70.0,250.0,0.471824,1013.6,18.9,14.8,0.0
2022-10-03 04:00:00,12.1,83.0,260.0,0.414325,1014.6,15.0,14.8,0.0
2022-10-03 05:00:00,11.7,84.0,270.0,0.349817,1014.9,14.4,13.0,0.0
2022-10-03 06:00:00,11.8,87.0,260.0,0.295323,1015.3,13.9,13.0,0.0
2022-10-03 07:00:00,11.1,93.0,250.0,0.276674,1015.8,12.2,9.4,0.0
2022-10-03 08:00:00,11.1,93.0,250.0,0.261372,1015.8,12.2,9.4,0.0
2022-10-03 09:00:00,11.1,96.0,260.0,0.250247,1016.5,11.7,11.2,0.0
2022-10-03 10:00:00,10.6,93.0,260.0,0.249144,1016.6,11.7,9.4,0.0
2022-10-03 11:00:00,10.6,97.0,0.0,0.253215,1016.7,11.1,9.4,0.0
2022-10-03 12:00:00,10.6,97.0,0.0,0.306607,1016.7,11.1,0.0,0.0
2022-10-03 13:00:00,8.3,96.0,0.0,0.353117,1017.2,8.9,0.0,0.0
2022-10-03 14:00:00,10.6,100.0,0.0,0.402783,1018.3,10.6,0.0,0.0
2022-10-03 15:00:00,11.1,100.0,240.0,0.413275,1018.5,11.1,11.2,0.0
2022-10-03 16:00:00,11.1,100.0,240.0,0.413773,1018.5,11.1,11.2,0.0
2022-10-03 17:00:00,12.3,90.0,0.0,0.391825,1018.5,13.9,0.0,0.0
2022-10-03 18:00:00,12.2,80.0,0.0,0.272676,1018.5,15.6,0.0,0.0
2022-10-03 19:00:00,13.2,65.0,0.0,0.254976,1017.7,20.0,0.0,0.0
2022-10-03 20:00:00,13.2,53.0,0.0,0.263948,1017.0,23.3,7.6,0.0
2022-10-03 21:00:00,13.2,53.0,320.0,0.289179,1017.0,23.3,7.6,0.0
2022-10-03 22:00:00,12.8,45.0,140.0,0.344614,1015.8,25.6,5.4,0.0
2022-10-03 23:00:00,12.8,45.0,140.0,0.421352,1015.8,25.6,5.4,0.0
2022-10-04 00:00:00,12.8,45.0,0.0,0.495544,1015.6,25.6,0.0,0.0
2022-10-04 01:00:00,13.8,48.0,0.0,0.506857,1015.4,25.6,0.0,0.0
2022-10-04 02:00:00,12.8,81.0,220.0,0.489575,1016.2,16.1,7.6,0.0
2022-10-04 03:00:00,12.8,81.0,230.0,0.461047,1016.2,16.1,7.6,0.0
2022-10-04 04:00:00,11.2,87.0,250.0,0.406251,1017.2,13.3,14.8,0.0
2022-10-04 05:00:00,11.0,89.0,3.0,0.353956,1017.5,12.8,14.8,0.0
2022-10-04 06:00:00,11.1,93.0,240.0,0.306844,1017.6,12.2,11.2,0.0
2022-10-04 07:00:00,10.6,93.0,240.0,0.273001,1017.5,11.7,7.6,0.0
2022-10-04 08:00:00,10.6,93.0,240.0,0.252064,1017.5,11.7,7.6,0.0
2022-10-04 09:00:00,10.0,96.0,250.0,0.249563,1017.5,10.6,7.6,0.0
2022-10-04 10:00:00,8.3,93.0,0.0,0.249694,1017.5,9.4,0.0,0.0
2022-10-04 11:00:00,8.3,93.0,0.0,0.25315,1017.5,9.4,0.0,0.0
2022-10-04 12:00:00,8.3,96.0,0.0,0.30035,1017.6,8.9,0.0,0.0
2022-10-04 13:00:00,9.4,92.0,0.0,0.356415,1017.8,10.6,0.0,0.0
2022-10-04 14:00:00,11.1,100.0,0.0,0.401607,1018.5,11.1,0.0,0.0
2022-10-04 15:00:00,11.1,96.0,0.0,0.40994,1018.9,11.7,0.0,0.0
2022-10-04 16:00:00,11.1,96.0,0.0,0.425608,1018.9,11.7,0.0,0.0
2022-10-04 17:00:00,11.0,89.0,0.0,0.431269,1019.0,12.8,0.0,0.0
2022-10-04 18:00:00,11.0,89.0,0.0,0.425642,1019.0,12.8,0.0,0.0
2022-10-04 19:00:00,11.8,87.0,200.0,0.424673,1018.6,13.9,9.4,0.0
2022-10-04 20:00:00,12.1,83.0,200.0,0.399001,1018.2,15.0,0.0,0.0
2022-10-04 21:00:00,12.1,83.0,0.0,0.304986,1018.2,15.0,0.0,0.0
2022-10-04 22:00:00,12.8,78.0,0.0,0.295849,1017.6,16.7,5.4,0.0
2022-10-04 23:00:00,13.3,70.0,0.0,0.363659,1017.0,18.9,0.0,0.0
2022-10-05 00:00:00,13.3,68.0,0.0,0.434282,1016.9,19.4,0.0,0.0
2022-10-05 01:00:00,13.4,84.0,190.0,0.4609,1017.5,16.1,9.4,0.0
2022-10-05 02:00:00,12.3,87.0,190.0,0.459186,1018.2,14.4,11.2,0.0
2022-10-05 03:00:00,12.3,87.0,220.0,0.434322,1018.2,14.4,11.2,0.0
2022-10-05 04:00:00,11.1,93.0,260.0,0.392432,1019.2,12.2,5.4,0.0
2022-10-05 05:00:00,11.1,96.0,250.0,0.332914,1019.4,11.7,5.4,0.0
2022-10-05 06:00:00,11.1,93.0,300.0,0.289124,1019.6,12.2,5.4,0.0
2022-10-05 07:00:00,11.1,93.0,300.0,0.271167,1019.6,12.2,5.4,0.0
2022-10-05 08:00:00,8.9,93.0,0.0,0.262731,1020.1,10.0,0.0,0.0
2022-10-05 09:00:00,8.9,97.0,0.0,0.251015,1020.4,9.4,0.0,0.0
2022-10-05 10:00:00,8.9,97.0,0.0,0.249796,1020.4,9.4,0.0,0.0
2022-10-05 11:00:00,11.1,100.0,0.0,0.258966,1020.5,11.1,0.0,0.0
2022-10-05 12:00:00,11.1,100.0,0.0,0.310044,1020.5,11.1,0.0,0.0
2022-10-05 13:00:00,11.7,100.0,0.0,0.362106,1020.8,11.7,0.0,0.0
2022-10-05 14:00:00,11.7,100.0,0.0,0.414454,1020.8,11.7,0.0,0.0
2022-10-05 15:00:00,11.7,97.0,300.0,0.422472,1020.9,12.2,7.6,0.0
2022-10-05 16:00:00,12.2,96.0,310.0,0.44347,1021.2,12.8,5.4,0.0
2022-10-05 17:00:00,13.3,93.0,340.0,0.440708,1021.3,14.4,7.6,0.0
2022-10-05 18:00:00,13.4,84.0,360.0,0.432753,1021.2,16.1,7.6,0.0
2022-10-05 19:00:00,13.4,84.0,360.0,0.402413,1021.2,16.1,7.6,0.0
2022-10-05 20:00:00,13.2,80.0,330.0,0.305577,1020.0,16.7,7.6,0.0
2022-10-05 21:00:00,14.4,73.0,140.0,0.246757,1019.6,19.4,5.4,0.0
2022-10-05 22:00:00,14.4,73.0,140.0,0.283729,1019.6,19.4,5.4,0.0
2022-10-05 23:00:00,14.4,70.0,150.0,0.345554,1018.7,20.0,9.4,0.0
2022-10-06 00:00:00,14.4,70.0,110.0,0.425398,1018.5,20.0,7.6,0.0
2022-10-06 01:00:00,13.9,81.0,120.0,0.481871,1018.4,17.2,11.2,0.0
2022-10-06 02:00:00,13.4,90.0,120.0,0.466804,1018.9,15.0,5.4,0.0
2022-10-06 03:00:00,13.4,90.0,120.0,0.439967,1018.9,15.0,5.4,0.0
2022-10-06 04:00:00,11.7,100.0,0.0,0.390656,1019.5,11.7,0.0,0.0
2022-10-06 05:00:00,11.7,100.0,0.0,0.339665,1019.5,11.7,0.0,0.0
2022-10-06 06:00:00,11.1,96.0,0.0,0.282293,1019.5,11.7,0.0,0.0
2022-10-06 07:00:00,10.6,100.0,0.0,0.266393,1019.7,10.6,0.0,0.0
2022-10-06 08:00:00,10.6,100.0,0.0,0.254519,1019.7,10.6,0.0,0.0
2022-10-06 09:00:00,10.6,100.0,0.0,0.250148,1019.7,10.6,0.0,0.0
2022-10-06 10:00:00,10.0,100.0,0.0,0.251893,1020.0,10.0,0.0,0.0
2022-10-06 11:00:00,11.1,100.0,0.0,0.269497,1019.5,11.1,0.0,0.0
2022-10-06 12:00:00,11.1,100.0,0.0,0.306793,1019.5,11.1,0.0,0.0
2022-10-06 13:00:00,11.7,100.0,0.0,0.361253,1019.6,11.7,0.0,0.0
2022-10-06 14:00:00,11.7,100.0,0.0,0.412195,1019.6,11.7,0.0,0.0
2022-10-06 15:00:00,12.2,100.0,0.0,0.418487,1019.9,12.2,5.4,0.0
2022-10-06 16:00:00,12.8,100.0,0.0,0.430725,1020.1,12.8,0.0,0.0
2022-10-06 17:00:00,12.8,97.0,0.0,0.426294,1020.2,13.3,0.0,0.0
2022-10-06 18:00:00,13.3,86.0,0.0,0.385243,1019.8,15.6,0.0,0.0
2022-10-06 19:00:00,14.0,76.0,0.0,0.304464,1019.3,18.3,0.0,0.0
2022-10-06 20:00:00,13.9,68.0,90.0,0.251767,1018.5,20.0,5.4,0.0
2022-10-06 21:00:00,13.9,68.0,90.0,0.270625,1018.5,20.0,5.4,0.0
2022-10-06 22:00:00,14.3,57.0,160.0,0.323316,1017.1,23.3,5.4,0.0
2022-10-06 23:00:00,14.3,55.0,0.0,0.390212,1016.7,23.9,0.0,0.0
2022-10-07 00:00:00,15.1,64.0,130.0,0.466006,1016.5,22.2,9.4,0.0
2022-10-07 01:00:00,15.1,64.0,110.0,0.48833,1016.8,22.2,9.4,0.0
2022-10-07 02:00:00,14.4,78.0,110.0,0.467866,1016.8,18.3,9.4,0.0
2022-10-07 03:00:00,13.9,87.0,90.0,0.438256,1018.2,16.1,9.4,0.0
2022-10-07 04:00:00,12.8,93.0,0.0,0.395283,1018.7,13.9,0.0,0.0
2022-10-07 05:00:00,12.8,93.0,0.0,0.347662,1019.3,13.9,0.0,0.0
2022-10-07 06:00:00,12.2,93.0,0.0,0.313563,1019.7,13.3,0.0,0.0
2022-10-07 07:00:00,12.2,93.0,0.0,0.272883,1019.7,13.3,0.0,0.0
2022-10-07 08:00:00,10.0,100.0,0.0,0.256028,1020.4,10.0,0.0,0.0
2022-10-07 09:00:00,10.0,100.0,0.0,0.250344,1020.4,10.0,0.0,0.0
2022-10-07 10:00:00,10.0,96.0,0.0,0.24975,1020.7,10.6,0.0,0.0
2022-10-07 11:00:00,10.0,96.0,0.0,0.249566,1020.9,10.6,0.0,0.0
2022-10-07 12:00:00,8.9,97.0,0.0,0.295055,1021.2,9.4,0.0,0.0
2022-10-07 13:00:00,10.0,96.0,0.0,0.327642,1021.5,10.6,0.0,0.0
2022-10-07 14:00:00,10.6,100.0,300.0,0.393493,1022.5,10.6,0.0,0.0
2022-10-07 15:00:00,11.1,100.0,0.0,0.407344,1022.7,11.1,0.0,0.0
2022-10-07 16:00:00,11.1,100.0,0.0,0.425563,1022.7,11.1,0.0,0.0
2022-10-07 17:00:00,12.8,97.0,0.0,0.397823,1022.8,13.3,0.0,0.0
2022-10-07 18:00:00,14.0,84.0,0.0,0.334379,1022.2,16.7,0.0,0.0
2022-10-07 19:00:00,14.5,66.0,0.0,0.278578,1021.3,21.1,0.0,0.0
2022-10-07 20:00:00,14.4,59.0,200.0,0.272529,1020.2,22.8,5.4,0.0
2022-10-07 21:00:00,14.4,59.0,200.0,0.290224,1020.2,22.8,5.4,0.0
2022-10-07 22:00:00,14.4,50.0,0.0,0.353437,1018.9,25.6,0.0,0.0
2022-10-07 23:00:00,14.9,50.0,2.0,0.414651,1018.6,26.1,0.0,0.0
2022-10-08 00:00:00,15.7,60.0,130.0,0.469201,1018.3,23.9,7.6,0.0
2022-10-08 01:00:00,15.7,60.0,0.0,0.487331,1018.5,23.9,0.0,0.0
2022-10-08 02:00:00,15.6,73.0,0.0,0.454539,1018.5,20.6,0.0,0.0
2022-10-08 03:00:00,13.9,93.0,0.0,0.418935,1019.4,15.0,0.0,0.0
2022-10-08 04:00:00,12.8,90.0,0.0,0.391704,1019.6,14.4,0.0,0.0
2022-10-08 05:00:00,13.3,86.0,3.0,0.344047,1019.9,15.6,0.0,0.0
2022-10-08 06:00:00,12.8,90.0,300.0,0.296739,1020.2,14.4,5.4,0.0
2022-10-08 07:00:00,12.8,90.0,300.0,0.275644,1020.2,14.4,5.4,0.0
2022-10-08 08:00:00,11.0,89.0,0.0,0.254157,1020.2,12.8,0.0,0.0
2022-10-08 09:00:00,10.6,97.0,0.0,0.249259,1020.5,11.1,0.0,0.0
2022-10-08 10:00:00,10.6,97.0,0.0,0.245384,1020.5,11.1,0.0,0.0
2022-10-08 11:00:00,10.6,97.0,0.0,0.249831,1020.5,11.1,0.0,0.0
2022-10-08 12:00:00,7.9,97.0,0.0,0.264072,1021.0,8.3,0.0,0.0
2022-10-08 13:00:00,7.2,100.0,0.0,0.290424,1020.6,7.2,0.0,0.0
2022-10-08 14:00:00,7.2,93.0,0.0,0.345871,1020.7,8.3,0.0,0.0
2022-10-08 15:00:00,10.6,97.0,0.0,0.367752,1021.1,11.1,0.0,0.0
2022-10-08 16:00:00,10.6,97.0,0.0,0.337506,1021.1,11.1,0.0,0.0
2022-10-08 17:00:00,13.3,78.0,0.0,0.275245,1020.7,17.2,0.0,0.0
2022-10-08 18:00:00,13.9,68.0,0.0,0.24913,1020.0,20.0,5.4,0.0
2022-10-08 19:00:00,13.9,68.0,16.0,0.256817,1020.0,20.0,5.4,0.0
2022-10-08 20:00:00,14.6,49.0,0.0,0.264834,1018.3,26.1,0.0,0.0
2022-10-08 21:00:00,14.6,49.0,0.0,0.284995,1018.3,26.1,0.0,0.0
2022-10-08 22:00:00,12.4,34.0,0.0,0.35617,1016.8,30.0,9.4,0.0
2022-10-08 23:00:00,12.9,35.0,70.0,0.424154,1016.4,30.0,5.4,0.0
2022-10-09 00:00:00,12.3,36.0,0.0,0.492417,1016.2,28.9,0.0,0.0
2022-10-09 01:00:00,12.3,36.0,90.0,0.487184,1016.4,28.9,5.4,0.0
2022-10-09 02:00:00,13.8,59.0,90.0,0.475878,1016.4,22.2,5.4,0.0
2022-10-09 03:00:00,13.3,75.0,0.0,0.426119,1017.1,17.8,0.0,0.0
2022-10-09 04:00:00,12.7,83.0,0.0,0.395115,1017.5,15.6,0.0,0.0
2022-10-09 05:00:00,12.3,90.0,2.0,0.355747,1017.7,13.9,0.0,0.0
2022-10-09 06:00:00,12.3,90.0,310.0,0.311752,1017.7,13.9,5.4,0.0
2022-10-09 07:00:00,11.0,89.0,0.0,0.292635,1017.7,12.8,0.0,0.0
2022-10-09 08:00:00,10.0,93.0,0.0,0.27597,1017.8,11.1,0.0,0.0
2022-10-09 09:00:00,10.0,93.0,0.0,0.252457,1018.1,11.1,0.0,0.0
2022-10-09 10:00:00,10.0,93.0,0.0,0.251726,1018.1,11.1,0.0,0.0
2022-10-09 11:00:00,8.9,97.0,0.0,0.250062,1018.2,9.4,0.0,0.0
2022-10-09 12:00:00,8.9,100.0,0.0,0.249806,1019.0,8.9,0.0,0.0
2022-10-09 13:00:00,8.3,100.0,0.0,0.268883,1019.0,8.3,0.0,0.0
2022-10-09 14:00:00,7.8,100.0,0.0,0.307429,1019.0,7.8,0.0,0.0
2022-10-09 15:00:00,8.3,100.0,0.0,0.3451,1019.3,8.3,0.0,0.0
2022-10-09 16:00:00,10.6,97.0,0.0,0.327544,1019.7,11.1,0.0,0.0
2022-10-09 17:00:00,12.3,68.0,0.0,0.291694,1020.0,18.3,0.0,0.0
2022-10-09 18:00:00,13.3,61.0,0.0,0.26517,1019.5,21.1,0.0,0.0
2022-10-09 19:00:00,12.7,48.0,0.0,0.252467,1019.0,24.4,5.4,0.0
2022-10-09 20:00:00,13.2,45.0,0.0,0.281701,1018.3,26.1,0.0,0.0
2022-10-09 21:00:00,13.2,45.0,0.0,0.327562,1018.3,26.1,0.0,0.0
2022-10-09 22:00:00,13.2,38.0,160.0,0.36913,1017.0,28.9,5.4,0.0
2022-10-09 23:00:00,13.2,37.0,0.0,0.46355,1016.5,29.4,5.4,0.0
2022-10-10 00:00:00,16.6,56.0,0.0,0.520806,1016.2,26.1,0.0,0.0
2022-10-10 01:00:00,16.6,56.0,0.0,0.539795,1016.2,26.1,0.0,0.0
2022-10-10 02:00:00,14.4,63.0,300.0,0.516765,1016.8,21.7,0.0,0.0
2022-10-10 03:00:00,14.0,76.0,0.0,0.490489,1017.1,18.3,0.0,0.0
2022-10-10 04:00:00,12.7,83.0,0.0,0.431534,1017.2,15.6,0.0,0.0
2022-10-10 05:00:00,12.8,90.0,0.0,0.35754,1017.2,14.4,0.0,0.0
2022-10-10 06:00:00,12.2,93.0,310.0,0.321742,1017.6,13.3,5.4,0.0
2022-10-10 07:00:00,10.5,86.0,320.0,0.293814,1017.5,12.8,5.4,0.0
2022-10-10 08:00:00,9.4,89.0,320.0,0.267747,1017.6,11.1,0.0,0.0
2022-10-10 09:00:00,8.8,86.0,0.0,0.249471,1017.8,11.1,0.0,0.0
2022-10-10 10:00:00,8.3,96.0,260.0,0.250516,1018.0,8.9,5.4,0.0
2022-10-10 11:00:00,8.3,96.0,260.0,0.254801,1018.0,8.9,5.4,0.0
2022-10-10 12:00:00,7.8,93.0,0.0,0.295506,1018.2,8.9,0.0,0.0
2022-10-10 13:00:00,7.8,93.0,0.0,0.345589,1018.2,8.9,0.0,0.0
2022-10-10 14:00:00,7.2,96.0,0.0,0.420134,1019.1,7.8,0.0,0.0
2022-10-10 15:00:00,10.6,90.0,340.0,0.422552,1019.3,12.2,5.4,0.0
2022-10-10 16:00:00,10.6,90.0,340.0,0.39625,1019.3,12.2,5.4,0.0
2022-10-10 17:00:00,12.3,70.0,2.0,0.330972,1019.6,17.8,5.4,0.0
2022-10-10 18:00:00,12.8,61.0,120.0,0.312234,1018.8,20.6,7.6,0.0
2022-10-10 19:00:00,13.2,53.0,220.0,0.317751,1018.4,23.3,5.4,0.0
2022-10-10 20:00:00,13.2,53.0,220.0,0.360787,1018.4,23.3,5.4,0.0
2022-10-10 21:00:00,12.8,45.0,100.0,0.390221,1017.1,25.6,5.4,0.0
2022-10-10 22:00:00,12.9,44.0,100.0,0.428272,1016.7,26.1,9.4,0.0
2022-10-10 23:00:00,12.2,42.0,0.0,0.461301,1016.6,26.1,9.4,0.0
2022-10-11 00:00:00,13.9,52.0,0.0,0.52011,1016.6,24.4,0.0,0.0
2022-10-11 01:00:00,13.9,52.0,0.0,0.530339,1016.6,24.4,0.0,0.0
2022-10-11 02:00:00,12.3,57.0,330.0,0.499143,1017.7,21.1,5.4,0.0
2022-10-11 03:00:00,12.9,66.0,330.0,0.467377,1018.3,19.4,11.2,0.0
2022-10-11 04:00:00,12.7,83.0,230.0,0.417594,1018.6,15.6,13.0,0.0
2022-10-11 05:00:00,12.1,83.0,250.0,0.367502,1019.1,15.0,11.2,0.0
2022-10-11 06:00:00,12.1,83.0,250.0,0.305995,1019.1,15.0,11.2,0.0
2022-10-11 07:00:00,12.2,93.0,270.0,0.282064,1019.0,13.3,7.6,0.0
2022-10-11 08:00:00,11.1,96.0,3.0,0.266153,1019.2,11.7,7.6,0.0
2022-10-11 09:00:00,11.1,96.0,250.0,0.258796,1019.2,11.7,9.4,0.0
2022-10-11 10:00:00,10.6,93.0,0.0,0.240816,1020.0,11.7,0.0,0.0
2022-10-11 11:00:00,9.9,86.0,310.0,0.257319,1020.5,12.2,11.2,0.0
2022-10-11 12:00:00,7.8,83.0,0.0,0.296914,1021.4,10.6,0.0,0.0
2022-10-11 13:00:00,7.8,86.0,0.0,0.348441,1021.8,10.0,0.0,0.0
2022-10-11 14:00:00,8.3,89.0,10.0,0.419983,1022.3,10.0,7.6,0.0
2022-10-11 15:00:00,8.3,89.0,10.0,0.404433,1022.3,10.0,7.6,0.0
2022-10-11 16:00:00,8.9,72.0,10.0,0.365275,1022.5,13.9,5.4,0.0
2022-10-11 17:00:00,8.8,64.0,3.0,0.320777,1022.2,15.6,5.4,0.0
2022-10-11 18:00:00,8.9,60.0,350.0,0.282353,1022.0,16.7,9.4,0.0
2022-10-11 19:00:00,8.8,52.0,350.0,0.253219,1021.7,18.9,9.4,0.0
2022-10-11 20:00:00,8.8,52.0,340.0,0.267178,1021.7,18.9,9.4,0.0
2022-10-11 21:00:00,7.7,42.0,340.0,0.295323,1020.1,21.1,11.2,0.0
2022-10-11 22:00:00,7.1,39.0,330.0,0.349074,1019.6,21.7,5.4,0.0
2022-10-11 23:00:00,8.0,40.0,20.0,0.408317,1019.3,22.2,13.0,0.0
2022-10-12 00:00:00,8.2,42.0,30.0,0.479553,1019.2,21.7,7.6,0.0
2022-10-12 01:00:00,8.2,42.0,30.0,0.525588,1019.2,21.7,7.6,0.0
2022-10-12 02:00:00,7.9,65.0,80.0,0.489093,1019.8,14.4,7.6,0.0
2022-10-12 03:00:00,8.9,72.0,0.0,0.456899,1020.0,13.9,0.0,0.0
2022-10-12 04:00:00,8.3,77.0,0.0,0.402546,1020.4,12.2,0.0,0.0
2022-10-12 05:00:00,7.2,83.0,0.0,0.348109,1020.7,10.0,0.0,0.0
2022-10-12 06:00:00,7.2,83.0,0.0,0.295273,1020.7,10.0,0.0,0.0
2022-10-12 07:00:00,8.3,83.0,0.0,0.277918,1020.8,11.1,0.0,0.0
2022-10-12 08:00:00,7.2,89.0,260.0,0.266503,1020.8,8.9,5.4,0.0
2022-10-12 09:00:00,6.1,89.0,0.0,0.265479,1020.9,7.8,0.0,0.0
2022-10-12 10:00:00,5.0,89.0,0.0,0.268454,1020.8,6.7,0.0,0.0
2022-10-12 11:00:00,5.0,89.0,0.0,0.275463,1020.8,6.7,0.0,0.0
2022-10-12 12:00:00,5.0,96.0,250.0,0.320813,1021.1,5.6,7.6,0.0
2022-10-12 13:00:00,5.7,97.0,0.0,0.37441,1021.3,6.1,0.0,0.0
2022-10-12 14:00:00,5.6,93.0,0.0,0.42328,1021.4,6.7,0.0,0.0
2022-10-12 15:00:00,5.6,93.0,0.0,0.404145,1021.4,6.7,0.0,0.0
2022-10-12 16:00:00,9.4,80.0,0.0,0.366472,1022.1,12.8,0.0,0.0
2022-10-12 17:00:00,10.0,67.0,0.0,0.33211,1021.8,16.1,0.0,0.0
2022-10-12 18:00:00,10.7,59.0,210.0,0.294419,1021.3,18.9,5.4,0.0
2022-10-12 19:00:00,11.1,53.0,210.0,0.268312,1020.9,21.1,5.4,0.0
2022-10-12 20:00:00,11.1,53.0,26.0,0.267768,1020.9,21.1,5.4,0.0
2022-10-12 21:00:00,10.7,42.0,0.0,0.290302,1019.8,24.4,0.0,0.0
2022-10-12 22:00:00,10.5,40.0,140.0,0.348297,1019.3,25.0,5.4,0.0
2022-10-12 23:00:00,11.0,40.0,120.0,0.436963,1019.1,25.6,5.4,0.0
2022-10-13 00:00:00,11.6,46.0,130.0,0.505635,1019.0,23.9,5.4,0.0
2022-10-13 01:00:00,11.6,46.0,130.0,0.531219,1019.0,23.9,5.4,0.0
2022-10-13 02:00:00,11.7,61.0,0.0,0.506505,1019.3,19.4,0.0,0.0
2022-10-13 03:00:00,11.2,78.0,0.0,0.472057,1019.5,15.0,0.0,0.0
2022-10-13 04:00:00,10.7,84.0,280.0,0.410104,1019.9,13.3,5.4,0.0
2022-10-13 05:00:00,8.9,89.0,0.0,0.355462,1020.1,10.6,0.0,0.0
2022-10-13 06:00:00,8.9,89.0,0.0,0.310699,1020.1,10.6,0.0,0.0
2022-10-13 07:00:00,7.9,97.0,0.0,0.287304,1020.2,8.3,0.0,0.0
2022-10-13 08:00:00,7.9,97.0,0.0,0.278331,1020.2,8.3,0.0,0.0
2022-10-13 09:00:00,7.2,96.0,0.0,0.269248,1020.2,7.8,0.0,0.0
2022-10-13 10:00:00,7.2,96.0,0.0,0.268888,1020.2,7.8,0.0,0.0
2022-10-13 11:00:00,6.1,93.0,0.0,0.269485,1019.9,7.2,0.0,0.0
2022-10-13 12:00:00,6.1,93.0,0.0,0.309811,1019.9,7.2,0.0,0.0
2022-10-13 13:00:00,5.7,97.0,0.0,0.374592,1020.0,6.1,0.0,0.0
2022-10-13 14:00:00,4.0,97.0,0.0,0.452689,1020.4,4.4,0.0,0.0
2022-10-13 15:00:00,6.1,100.0,0.0,0.436452,1021.0,6.1,0.0,0.0
2022-10-13 16:00:00,10.0,83.0,0.0,0.384246,1020.9,12.8,0.0,0.0
2022-10-13 17:00:00,10.0,67.0,0.0,0.342827,1020.7,16.1,0.0,0.0
2022-10-13 18:00:00,10.7,53.0,0.0,0.306797,1020.2,20.6,0.0,0.0
2022-10-13 19:00:00,10.7,45.0,0.0,0.285961,1019.4,23.3,0.0,0.0
2022-10-13 20:00:00,10.7,45.0,0.0,0.299958,1019.4,23.3,0.0,0.0
2022-10-13 21:00:00,11.2,37.0,90.0,0.319866,1017.6,27.2,5.4,0.0
2022-10-13 22:00:00,9.6,30.0,0.0,0.37128,1016.8,28.9,0.0,0.0
2022-10-13 23:00:00,9.5,29.0,2.0,0.441662,1016.3,29.4,0.0,0.0
2022-10-14 00:00:00,10.4,35.0,350.0,0.4919,1015.7,27.2,5.4,0.0
2022-10-14 01:00:00,10.4,35.0,350.0,0.515869,1015.7,27.2,5.4,0.0
2022-10-14 02:00:00,11.7,63.0,310.0,0.480989,1016.1,18.9,5.4,0.0
2022-10-14 03:00:00,9.4,62.0,0.0,0.456192,1016.1,16.7,0.0,0.0
2022-10-14 04:00:00,9.3,74.0,330.0,0.400862,1016.3,13.9,7.6,0.0
2022-10-14 05:00:00,9.3,74.0,330.0,0.344466,1016.3,13.9,7.6,0.0
2022-10-14 06:00:00,8.9,89.0,220.0,0.305223,1016.2,10.6,5.4,0.0
2022-10-14 07:00:00,8.9,89.0,0.0,0.284023,1015.9,10.6,0.0,0.0
2022-10-14 08:00:00,7.2,89.0,0.0,0.267398,1016.1,8.9,0.0,0.0
2022-10-14 09:00:00,7.8,93.0,0.0,0.267388,1016.1,8.9,0.0,0.0
2022-10-14 10:00:00,7.8,93.0,0.0,0.266482,1016.1,8.9,0.0,0.0
2022-10-14 11:00:00,5.1,93.0,0.0,0.278629,1016.0,6.1,0.0,0.0
2022-10-14 12:00:00,5.0,100.0,260.0,0.322033,1015.9,5.0,5.4,0.0
2022-10-14 13:00:00,5.1,93.0,0.0,0.353395,1016.1,6.1,0.0,0.0
2022-10-14 14:00:00,5.0,96.0,0.0,0.422619,1016.0,5.6,0.0,0.0
2022-10-14 15:00:00,5.0,96.0,0.0,0.426073,1016.0,5.6,0.0,0.0
2022-10-14 16:00:00,8.9,72.0,0.0,0.3835,1015.9,13.9,0.0,0.0
2022-10-14 17:00:00,9.4,58.0,0.0,0.335142,1015.6,17.8,0.0,0.0
2022-10-14 18:00:00,10.6,51.0,0.0,0.318082,1015.0,21.1,0.0,0.0
2022-10-14 19:00:00,10.6,51.0,0.0,0.302569,1015.0,21.1,0.0,0.0
2022-10-14 20:00:00,11.1,39.0,2.0,0.309711,1013.3,26.1,5.4,0.0
2022-10-14 21:00:00,10.4,35.0,100.0,0.332455,1012.4,27.2,7.6,0.0
2022-10-14 22:00:00,9.0,28.0,100.0,0.384286,1011.8,29.4,7.6,0.0
2022-10-14 23:00:00,8.6,28.0,5.0,0.438922,1011.4,28.9,18.4,0.0
2022-10-15 00:00:00,8.6,28.0,350.0,0.478287,1011.4,28.9,18.4,0.0
2022-10-15 01:00:00,7.8,37.0,20.0,0.520905,1011.0,23.3,13.0,0.0
2022-10-15 02:00:00,7.9,41.0,20.0,0.472405,1011.2,21.7,11.2,0.0
2022-10-15 03:00:00,7.7,45.0,360.0,0.431388,1011.4,20.0,11.2,0.0
2022-10-15 04:00:00,7.3,52.0,350.0,0.398557,1011.5,17.2,9.4,0.0
2022-10-15 05:00:00,7.3,52.0,350.0,0.366148,1011.5,17.2,9.4,0.0
2022-10-15 06:00:00,6.6,64.0,360.0,0.319415,1011.6,13.3,5.4,0.0
2022-10-15 07:00:00,7.2,83.0,0.0,0.295045,1011.4,10.0,0.0,0.0
2022-10-15 08:00:00,6.7,77.0,350.0,0.273551,1011.3,10.6,7.6,0.0
2022-10-15 09:00:00,6.6,74.0,340.0,0.263651,1011.4,11.1,7.6,0.0
2022-10-15 10:00:00,5.6,66.0,350.0,0.258226,1011.3,11.7,9.4,0.0
2022-10-15 11:00:00,5.6,66.0,350.0,0.267128,1011.3,11.7,9.4,0.0
2022-10-15 12:00:00,6.0,55.0,350.0,0.275737,1011.3,15.0,13.0,0.0
2022-10-15 13:00:00,6.0,55.0,350.0,0.309441,1011.4,15.0,11.2,0.0
2022-10-15 14:00:00,6.0,55.0,350.0,0.359391,1011.4,15.0,11.2,0.0
2022-10-15 15:00:00,6.2,50.0,350.0,0.365111,1011.6,16.7,13.0,0.0
2022-10-15 16:00:00,7.2,45.0,330.0,0.357012,1011.7,19.4,18.4,0.0
2022-10-15 17:00:00,7.6,33.0,350.0,0.305532,1011.6,25.0,14.8,0.0
2022-10-15 18:00:00,7.1,27.0,40.0,0.276295,1011.4,27.8,18.4,0.0
2022-10-15 19:00:00,7.1,27.0,40.0,0.272998,1011.4,27.8,18.4,0.0
2022-10-15 20:00:00,6.5,22.0,10.0,0.289747,1010.2,30.6,22.3,0.0
2022-10-15 21:00:00,7.5,23.0,40.0,0.318115,1009.4,31.1,22.3,0.0
2022-10-15 22:00:00,7.5,23.0,20.0,0.388745,1009.3,31.1,20.5,0.0
2022-10-15 23:00:00,7.7,24.0,5.0,0.457539,1009.1,30.6,20.5,0.0
2022-10-16 00:00:00,7.7,24.0,360.0,0.516406,1009.1,30.6,16.6,0.0
2022-10-16 01:00:00,7.1,28.0,360.0,0.497033,1009.4,27.2,14.8,0.0
2022-10-16 02:00:00,6.1,33.0,5.0,0.477594,1009.9,23.3,14.8,0.0
2022-10-16 03:00:00,6.0,35.0,340.0,0.442481,1010.3,22.2,18.4,0.0
2022-10-16 04:00:00,6.2,38.0,340.0,0.422208,1010.5,21.1,14.8,0.0
2022-10-16 05:00:00,6.2,38.0,340.0,0.375797,1010.5,21.1,14.8,0.0
2022-10-16 06:00:00,6.2,42.0,340.0,0.337843,1010.9,19.4,14.8,0.0
2022-10-16 07:00:00,6.0,43.0,340.0,0.311463,1011.0,18.9,16.6,0.0
2022-10-16 08:00:00,6.7,45.0,340.0,0.284222,1011.1,18.9,14.8,0.0
2022-10-16 09:00:00,6.7,45.0,350.0,0.269479,1011.3,18.9,14.8,0.0
2022-10-16 10:00:00,6.7,45.0,350.0,0.249644,1011.3,18.9,14.8,0.0
2022-10-16 11:00:00,6.8,52.0,4.0,0.251208,1011.3,16.7,13.0,0.0
2022-10-16 12:00:00,6.2,52.0,350.0,0.266233,1011.4,16.1,13.0,0.0
2022-10-16 13:00:00,6.2,52.0,330.0,0.282854,1011.5,16.1,11.2,0.0
2022-10-16 14:00:00,6.2,52.0,330.0,0.307711,1011.5,16.1,11.2,0.0
2022-10-16 15:00:00,7.9,72.0,250.0,0.344543,1012.3,12.8,7.6,0.0
2022-10-16 16:00:00,8.9,60.0,250.0,0.334742,1012.7,16.7,13.0,0.0
2022-10-16 17:00:00,10.1,53.0,260.0,0.290016,1013.0,20.0,13.0,0.0
2022-10-16 18:00:00,10.5,49.0,240.0,0.261377,1013.1,21.7,16.6,0.0
2022-10-16 19:00:00,10.5,49.0,240.0,0.251208,1013.1,21.7,16.6,0.0
2022-10-16 20:00:00,9.9,40.0,220.0,0.277977,1012.8,24.4,24.1,0.0
2022-10-16 21:00:00,11.6,46.0,220.0,0.286872,1012.8,23.9,24.1,0.0
2022-10-16 22:00:00,12.1,51.0,220.0,0.342259,1013.1,22.8,24.1,0.0
2022-10-16 23:00:00,11.7,55.0,220.0,0.415428,1013.6,21.1,24.1,0.0
2022-10-17 00:00:00,11.7,55.0,220.0,0.479015,1013.6,21.1,24.1,0.0
2022-10-17 01:00:00,11.2,70.0,220.0,0.497226,1014.9,16.7,20.5,0.0
2022-10-17 02:00:00,11.2,75.0,220.0,0.512659,1016.0,15.6,14.8,0.0
2022-10-17 03:00:00,10.6,78.0,220.0,0.460574,1016.8,14.4,9.4,0.0
2022-10-17 04:00:00,10.0,83.0,180.0,0.40799,1017.2,12.8,11.2,0.0
2022-10-17 05:00:00,10.0,83.0,180.0,0.331773,1017.2,12.8,11.2,0.0
2022-10-17 06:00:00,9.4,89.0,10.0,0.297122,1017.9,11.1,5.4,0.0
2022-10-17 07:00:00,9.4,89.0,0.0,0.263988,1018.2,11.1,0.0,0.0
2022-10-17 08:00:00,8.3,93.0,0.0,0.248484,1018.8,9.4,0.0,0.0
2022-10-17 09:00:00,8.3,93.0,0.0,0.242816,1018.8,9.4,0.0,0.0
2022-10-17 10:00:00,7.9,97.0,0.0,0.249376,1019.0,8.3,0.0,0.0
2022-10-17 11:00:00,6.7,93.0,0.0,0.259922,1019.2,7.8,0.0,0.0
2022-10-17 12:00:00,6.7,93.0,0.0,0.295624,1019.2,7.8,0.0,0.0
2022-10-17 13:00:00,7.2,100.0,0.0,0.366316,1019.5,7.2,0.0,0.0
2022-10-17 14:00:00,5.6,100.0,0.0,0.44091,1019.8,5.6,0.0,0.0
2022-10-17 15:00:00,9.4,100.0,0.0,0.456906,1020.7,9.4,0.0,0.0
2022-10-17 16:00:00,9.9,89.0,0.0,0.46191,1020.8,11.7,0.0,0.0
2022-10-17 17:00:00,11.0,89.0,0.0,0.438546,1020.6,12.8,0.0,0.0
2022-10-17 18:00:00,11.0,89.0,0.0,0.429466,1020.6,12.8,0.0,0.0
2022-10-17 19:00:00,11.2,78.0,0.0,0.344758,1020.4,15.0,0.0,0.0
2022-10-17 20:00:00,11.1,63.0,0.0,0.316147,1019.3,18.3,0.0,0.0
2022-10-17 21:00:00,11.7,61.0,100.0,0.300062,1018.6,19.4,5.4,0.0
2022-10-17 22:00:00,11.2,57.0,0.0,0.349144,1018.2,20.0,0.0,0.0
2022-10-17 23:00:00,11.2,57.0,0.0,0.398651,1018.2,20.0,0.0,0.0
2022-10-18 00:00:00,11.6,65.0,150.0,0.467692,1018.1,18.3,5.4,0.0
2022-10-18 01:00:00,11.6,65.0,0.0,0.499544,1018.5,18.3,0.0,0.0
2022-10-18 02:00:00,10.7,87.0,0.0,0.474215,1018.8,12.8,0.0,0.0
2022-10-18 03:00:00,10.7,87.0,300.0,0.459657,1019.2,12.8,5.4,0.0
2022-10-18 04:00:00,10.7,87.0,300.0,0.397306,1019.2,12.8,5.4,0.0
2022-10-18 05:00:00,10.0,93.0,0.0,0.35059,1020.0,11.1,0.0,0.0
2022-10-18 06:00:00,7.8,93.0,0.0,0.309474,1019.9,8.9,0.0,0.0
2022-10-18 07:00:00,6.8,97.0,270.0,0.287514,1020.2,7.2,7.6,0.0
2022-10-18 08:00:00,6.8,97.0,270.0,0.284017,1020.2,7.2,7.6,0.0
2022-10-18 09:00:00,6.1,96.0,0.0,0.282565,1020.3,6.7,0.0,0.0
2022-10-18 10:00:00,5.7,97.0,0.0,0.284358,1020.0,6.1,0.0,0.0
2022-10-18 11:00:00,5.7,97.0,0.0,0.28877,1021.0,6.1,0.0,0.0
2022-10-18 12:00:00,5.0,96.0,0.0,0.330906,1021.0,5.6,0.0,0.0
2022-10-18 13:00:00,5.0,96.0,0.0,0.412488,1021.0,5.6,0.0,0.0
2022-10-18 14:00:00,5.0,96.0,0.0,0.45356,1021.7,5.6,0.0,0.0
2022-10-18 15:00:00,5.6,100.0,0.0,0.457446,1022.1,5.6,0.0,0.0
2022-10-18 16:00:00,7.2,96.0,0.0,0.425109,1022.9,7.8,0.0,0.0
2022-10-18 17:00:00,8.3,96.0,130.0,0.361328,1022.9,8.9,7.6,0.0
2022-10-18 18:00:00,11.2,75.0,200.0,0.323258,1022.8,15.6,5.4,0.0
2022-10-18 19:00:00,11.2,75.0,200.0,0.298282,1022.8,15.6,5.4,0.0
2022-10-18 20:00:00,12.3,61.0,3.0,0.287992,1021.7,20.0,0.0,0.0
2022-10-18 21:00:00,12.3,61.0,0.0,0.315484,1021.7,20.0,0.0,0.0
2022-10-18 22:00:00,12.8,59.0,80.0,0.356734,1021.3,21.1,7.6,0.0
2022-10-18 23:00:00,12.8,59.0,0.0,0.406002,1021.2,21.1,0.0,0.0
2022-10-19 00:00:00,12.8,59.0,130.0,0.469637,1021.1,21.1,7.6,0.0
2022-10-19 01:00:00,12.3,78.0,0.0,0.487043,1021.5,16.1,0.0,0.0
2022-10-19 02:00:00,12.3,78.0,0.0,0.483886,1022.3,16.1,0.0,0.0
2022-10-19 03:00:00,10.0,93.0,0.0,0.443932,1023.0,11.1,0.0,0.0
2022-10-19 04:00:00,10.0,93.0,0.0,0.394129,1023.0,11.1,0.0,0.0
2022-10-19 05:00:00,9.9,89.0,0.0,0.350939,1023.4,11.7,0.0,0.0
2022-10-19 06:00:00,8.9,97.0,0.0,0.309809,1023.5,9.4,0.0,0.0
2022-10-19 07:00:00,8.9,97.0,0.0,0.289144,1024.0,9.4,0.0,0.0
2022-10-19 08:00:00,8.3,100.0,0.0,0.271317,1023.6,8.3,0.0,0.0
2022-10-19 09:00:00,7.8,100.0,0.0,0.259367,1023.7,7.8,0.0,0.0
2022-10-19 10:00:00,8.3,96.0,0.0,0.262062,1024.1,8.9,0.0,0.0
2022-10-19 11:00:00,5.6,100.0,0.0,0.269289,1024.0,5.6,0.0,0.0
2022-10-19 12:00:00,5.7,97.0,0.0,0.331787,1024.3,6.1,0.0,0.0
2022-10-19 13:00:00,5.6,100.0,0.0,0.392424,1024.0,5.6,0.0,0.0
2022-10-19 14:00:00,6.1,100.0,0.0,0.448931,1024.5,6.1,0.0,0.0
2022-10-19 15:00:00,6.1,100.0,0.0,0.443809,1024.6,6.1,0.0,0.0
2022-10-19 16:00:00,9.4,100.0,0.0,0.442588,1024.9,9.4,0.0,0.0
2022-10-19 17:00:00,11.7,84.0,0.0,0.364041,1024.8,14.4,0.0,0.0
2022-10-19 18:00:00,11.7,70.0,0.0,0.292231,1024.5,17.2,0.0,0.0
2022-10-19 19:00:00,11.7,70.0,0.0,0.267481,1024.5,17.2,0.0,0.0
2022-10-19 20:00:00,12.3,57.0,0.0,0.155149,1023.0,21.1,0.0,0.0
2022-10-19 21:00:00,12.3,57.0,0.0,0.233248,1023.0,21.1,0.0,0.0
2022-10-19 22:00:00,12.3,50.0,0.0,0.42152,1022.2,23.3,0.0,0.0
2022-10-19 23:00:00,12.3,50.0,100.0,0.503117,1021.4,23.3,5.4,0.0
2022-10-20 00:00:00,12.1,51.0,130.0,0.485119,1020.9,22.8,7.6,0.0
2022-10-20 01:00:00,12.3,57.0,0.0,0.507471,1020.6,21.1,0.0,0.0
2022-10-20 02:00:00,12.2,80.0,0.0,0.478965,1020.6,15.6,0.0,0.0
2022-10-20 03:00:00,9.4,86.0,250.0,0.445935,1020.6,11.7,5.4,0.0
2022-10-20 04:00:00,9.4,86.0,250.0,0.400838,1020.6,11.7,5.4,0.0
2022-10-20 05:00:00,9.4,92.0,0.0,0.351046,1020.9,10.6,0.0,0.0
2022-10-20 06:00:00,9.4,96.0,0.0,0.307549,1021.0,10.0,0.0,0.0
2022-10-20 07:00:00,8.9,97.0,0.0,0.29578,1021.0,9.4,0.0,0.0
2022-10-20 08:00:00,8.3,96.0,0.0,0.28364,1020.7,8.9,0.0,0.0
2022-10-20 09:00:00,7.2,100.0,0.0,0.272776,1021.0,7.2,0.0,0.0
2022-10-20 10:00:00,6.8,97.0,330.0,0.268039,1021.0,7.2,5.4,0.0
2022-10-20 11:00:00,4.4,96.0,0.0,0.265717,1020.4,5.0,0.0,0.0
2022-10-20 12:00:00,4.4,96.0,0.0,0.311849,1020.4,5.0,0.0,0.0
2022-10-20 13:00:00,4.4,96.0,0.0,0.380404,1020.4,5.0,0.0,0.0
2022-10-20 14:00:00,5.0,96.0,320.0,0.450891,1020.0,5.6,5.4,0.0
2022-10-20 15:00:00,7.8,90.0,0.0,0.449905,1020.5,9.4,0.0,0.0
2022-10-20 16:00:00,9.4,89.0,0.0,0.403434,1020.5,11.1,0.0,0.0
2022-10-20 17:00:00,10.6,72.0,150.0,0.331989,1020.8,15.6,7.6,0.0
2022-10-20 18:00:00,10.6,72.0,150.0,0.347496,1020.8,15.6,7.6,0.0
2022-10-20 19:00:00,11.1,63.0,0.0,0.350892,1019.5,18.3,0.0,0.0
2022-10-20 20:00:00,11.1,63.0,0.0,0.350562,1019.5,18.3,0.0,0.0
2022-10-20 21:00:00,11.2,57.0,0.0,0.417236,1018.7,20.0,0.0,0.0
2022-10-20 22:00:00,11.7,59.0,90.0,0.396771,1017.8,20.0,5.4,0.0
2022-10-20 23:00:00,12.2,63.0,90.0,0.405572,1017.1,19.4,5.4,0.0
2022-10-21 00:00:00,12.3,61.0,0.0,0.425793,1016.7,20.0,0.0,0.0
2022-10-21 01:00:00,12.2,65.0,0.0,0.461695,1017.3,18.9,0.0,0.0
2022-10-21 02:00:00,11.7,75.0,0.0,0.445291,1017.2,16.1,0.0,0.0
2022-10-21 03:00:00,11.2,81.0,290.0,0.409823,1017.6,14.4,5.4,0.0
2022-10-21 04:00:00,11.8,87.0,290.0,0.385816,1017.6,13.9,7.6,0.0
2022-10-21 05:00:00,10.6,93.0,2.0,0.336888,1017.7,11.7,0.0,0.0
2022-10-21 06:00:00,10.6,93.0,360.0,0.291591,1017.7,11.7,5.4,0.0
2022-10-21 07:00:00,6.7,62.0,10.0,0.280653,1017.7,13.9,7.6,0.0
2022-10-21 08:00:00,6.8,90.0,0.0,0.258164,1017.8,8.3,0.0,0.0
2022-10-21 09:00:00,6.8,90.0,0.0,0.254699,1017.8,8.3,0.0,0.0
2022-10-21 10:00:00,6.1,89.0,340.0,0.267605,1017.8,7.8,7.6,0.0
2022-10-21 11:00:00,4.4,96.0,0.0,0.27688,1017.1,5.0,0.0,0.0
2022-10-21 12:00:00,5.1,93.0,0.0,0.31536,1016.4,6.1,0.0,0.0
2022-10-21 13:00:00,5.1,93.0,0.0,0.368514,1016.4,6.1,0.0,0.0
2022-10-21 14:00:00,5.7,90.0,0.0,0.445778,1016.0,7.2,0.0,0.0
2022-10-21 15:00:00,6.1,86.0,0.0,0.462073,1015.2,8.3,0.0,0.0
2022-10-21 16:00:00,7.2,89.0,0.0,0.45928,1014.4,8.9,0.0,0.0
2022-10-21 17:00:00,7.2,89.0,0.0,0.468999,1014.4,8.9,0.0,0.0
2022-10-21 18:00:00,8.3,89.0,0.0,0.472068,1012.8,10.0,0.0,0.3
2022-10-21 19:00:00,9.4,92.0,0.0,0.45882,1011.6,10.6,0.0,0.7
2022-10-21 20:00:00,9.4,92.0,0.0,0.470498,1011.6,10.6,0.0,0.3
2022-10-21 21:00:00,8.3,93.0,0.0,0.482425,1011.3,9.4,7.6,1.8
2022-10-21 22:00:00,8.3,93.0,120.0,0.466841,1009.4,9.4,7.6,2.8
2022-10-21 23:00:00,8.3,93.0,110.0,0.494526,1008.0,9.4,7.6,1.0
2022-10-22 00:00:00,8.3,93.0,120.0,0.511494,1007.2,9.4,7.6,0.5
2022-10-22 01:00:00,8.3,96.0,150.0,0.515744,1003.7,8.9,11.2,0.8
2022-10-22 02:00:00,8.3,96.0,150.0,0.469594,1003.7,8.9,11.2,0.5
2022-10-22 03:00:00,8.9,97.0,190.0,0.437423,1002.0,9.4,9.4,1.4
2022-10-22 04:00:00,11.1,93.0,220.0,0.410887,1002.0,12.2,25.9,4.9
2022-10-22 05:00:00,10.7,87.0,220.0,0.36287,1002.3,12.8,18.4,0.0
2022-10-22 06:00:00,8.3,89.0,360.0,0.332425,1004.0,10.0,9.4,1.0
2022-10-22 07:00:00,7.9,97.0,290.0,0.307075,1005.8,8.3,5.4,2.2
2022-10-22 08:00:00,7.9,97.0,290.0,0.294228,1005.8,8.3,5.4,0.0
2022-10-22 09:00:00,8.3,93.0,0.0,0.285646,1006.4,9.4,0.0,0.0
2022-10-22 10:00:00,7.2,86.0,240.0,0.285538,1006.6,9.4,14.8,1.2
2022-10-22 11:00:00,7.2,93.0,240.0,0.296611,1006.8,8.3,7.6,0.9
2022-10-22 12:00:00,7.2,93.0,220.0,0.323427,1006.9,8.3,16.6,1.5
2022-10-22 13:00:00,7.2,93.0,220.0,0.352524,1006.9,8.3,16.6,0.5
2022-10-22 14:00:00,6.7,93.0,250.0,0.418296,1008.1,7.8,13.0,0.0
2022-10-22 15:00:00,7.8,93.0,250.0,0.483574,1008.6,8.9,11.2,0.0
2022-10-22 16:00:00,8.3,89.0,260.0,0.462947,1009.2,10.0,11.2,0.0
2022-10-22 17:00:00,7.3,72.0,0.0,0.373184,1009.4,12.2,0.0,0.0
2022-10-22 18:00:00,7.3,72.0,0.0,0.309792,1009.4,12.2,0.0,0.0
2022-10-22 19:00:00,4.9,53.0,300.0,0.312089,1009.4,14.4,14.8,0.0
2022-10-22 20:00:00,4.9,53.0,300.0,0.302654,1009.4,14.4,14.8,0.0
2022-10-22 21:00:00,1.2,39.0,300.0,0.286195,1008.7,15.1,14.8,0.0
2022-10-22 22:00:00,3.2,48.0,291.0,0.369358,1008.9,14.0,18.0,0.2
2022-10-22 23:00:00,5.5,57.0,260.0,0.394671,1009.3,13.9,14.8,0.0
2022-10-23 00:00:00,6.0,66.0,260.0,0.425955,1010.0,12.2,14.8,0.0
2022-10-23 01:00:00,5.6,71.0,240.0,0.447754,1010.6,10.6,13.0,0.0
2022-10-23 02:00:00,5.6,71.0,270.0,0.450613,1011.1,10.6,11.2,0.0
2022-10-23 03:00:00,5.6,80.0,250.0,0.422174,1011.7,8.9,13.0,0.0
2022-10-23 04:00:00,4.3,82.0,220.0,0.40636,1012.1,7.2,7.6,0.0
2022-10-23 05:00:00,5.0,86.0,240.0,0.385881,1012.5,7.2,9.4,0.0
2022-10-23 06:00:00,4.4,89.0,240.0,0.341784,1013.0,6.1,9.4,0.0
2022-10-23 07:00:00,6.1,89.0,240.0,0.319588,1013.7,7.8,7.6,0.0
2022-10-23 08:00:00,6.1,89.0,240.0,0.31537,1014.0,7.8,11.2,0.0
2022-10-23 09:00:00,5.6,93.0,0.0,0.301162,1014.4,6.7,0.0,0.0
2022-10-23 10:00:00,5.1,93.0,0.0,0.309015,1015.0,6.1,0.0,0.0
2022-10-23 11:00:00,4.0,97.0,260.0,0.314415,1015.6,4.4,5.4,0.0
2022-10-23 12:00:00,3.3,96.0,0.0,0.3496,1016.4,3.9,0.0,0.0
2022-10-23 13:00:00,3.9,100.0,0.0,0.382888,1017.2,3.9,0.0,0.0
2022-10-23 14:00:00,4.4,92.0,340.0,0.419128,1018.4,5.6,5.4,0.0
2022-10-23 15:00:00,5.1,93.0,0.0,0.480329,1019.0,6.1,0.0,0.0
2022-10-23 16:00:00,5.7,97.0,0.0,0.488301,1020.0,6.1,0.0,0.0
2022-10-23 17:00:00,6.1,89.0,0.0,0.446701,1020.5,7.8,0.0,0.0
2022-10-23 18:00:00,6.7,83.0,0.0,0.302242,1021.5,9.4,0.0,0.0
2022-10-23 19:00:00,7.3,72.0,187.0,0.258173,1021.7,12.2,5.4,0.0
2022-10-23 20:00:00,6.6,64.0,180.0,0.250404,1021.6,13.3,5.4,0.0
2022-10-23 21:00:00,6.0,57.0,120.0,0.284336,1021.8,14.4,9.4,0.0
2022-10-23 22:00:00,5.7,56.0,130.0,0.307629,1021.9,14.4,11.2,0.0
2022-10-23 23:00:00,5.0,55.0,110.0,0.384595,1021.9,13.9,7.6,0.0
2022-10-24 00:00:00,2.8,47.0,230.0,0.450073,1022.2,13.9,13.0,0.0
2022-10-24 01:00:00,4.0,59.0,250.0,0.496992,1022.3,11.7,9.4,0.0
2022-10-24 02:00:00,5.6,74.0,190.0,0.503924,1022.4,10.0,9.4,0.0
2022-10-24 03:00:00,5.1,77.0,240.0,0.469636,1022.5,8.9,5.4,0.0
2022-10-24 04:00:00,5.1,83.0,0.0,0.436167,1022.3,7.8,0.0,0.0
2022-10-24 05:00:00,6.2,83.0,210.0,0.381584,1022.1,8.9,11.2,0.0
2022-10-24 06:00:00,6.7,86.0,190.0,0.305462,1021.9,8.9,11.2,0.0
2022-10-24 07:00:00,6.2,77.0,140.0,0.269737,1021.6,10.0,7.6,0.0
2022-10-24 08:00:00,6.7,83.0,170.0,0.271829,1021.2,9.4,5.4,0.0
2022-10-24 09:00:00,6.7,83.0,160.0,0.266703,1020.0,9.4,13.0,0.0
2022-10-24 10:00:00,6.7,77.0,190.0,0.273392,1019.2,10.6,13.0,0.0
2022-10-24 11:00:00,6.2,74.0,170.0,0.303846,1018.8,10.6,16.6,0.3
2022-10-24 12:00:00,7.2,86.0,170.0,0.371067,1018.3,9.4,20.5,0.8
2022-10-24 13:00:00,7.2,89.0,170.0,0.435126,1017.6,8.9,14.8,0.3
2022-10-24 14:00:00,7.2,89.0,180.0,0.505551,1017.1,8.9,25.9,0.5
2022-10-24 15:00:00,7.9,97.0,170.0,0.518307,1016.2,8.3,25.9,0.3
2022-10-24 16:00:00,7.8,93.0,180.0,0.534176,1016.4,8.9,18.4,1.3
2022-10-24 17:00:00,7.8,90.0,0.0,0.503201,1017.2,9.4,0.0,0.5
2022-10-24 18:00:00,8.9,93.0,190.0,0.503087,1017.2,10.0,13.0,1.4
2022-10-24 19:00:00,9.4,92.0,200.0,0.518082,1018.0,10.6,13.0,0.0
2022-10-24 20:00:00,10.0,93.0,260.0,0.438502,1019.2,11.1,11.2,0.3
2022-10-24 21:00:00,11.0,89.0,220.0,0.455644,1018.9,12.8,11.2,0.3
2022-10-24 22:00:00,11.7,84.0,0.0,0.435843,1019.2,14.4,0.0,0.3
2022-10-24 23:00:00,10.7,84.0,260.0,0.452649,1020.0,13.3,13.0,0.5
2022-10-25 00:00:00,8.9,77.0,270.0,0.534435,1020.3,12.8,18.4,0.5
2022-10-25 01:00:00,9.4,86.0,240.0,0.55476,1021.0,11.7,14.8,0.3
2022-10-25 02:00:00,8.3,89.0,240.0,0.526744,1022.4,10.0,13.0,0.0
2022-10-25 03:00:00,8.3,89.0,240.0,0.489584,1022.4,10.0,13.0,0.0
2022-10-25 04:00:00,6.7,93.0,0.0,0.456612,1023.6,7.8,0.0,0.0
2022-10-25 05:00:00,7.2,93.0,0.0,0.397782,1024.2,8.3,0.0,0.0
2022-10-25 06:00:00,7.8,93.0,240.0,0.349022,1024.6,8.9,7.6,0.0
2022-10-25 07:00:00,7.8,93.0,240.0,0.331681,1024.6,8.9,7.6,0.5
2022-10-25 08:00:00,7.2,96.0,270.0,0.311319,1024.8,7.8,5.4,0.0
2022-10-25 09:00:00,7.2,96.0,270.0,0.313936,1024.8,7.8,5.4,0.0
2022-10-25 10:00:00,5.0,96.0,0.0,0.320275,1025.0,5.6,0.0,0.0
2022-10-25 11:00:00,5.7,97.0,360.0,0.347396,1024.8,6.1,5.4,0.0
2022-10-25 12:00:00,5.6,100.0,0.0,0.399674,1024.8,5.6,0.0,0.0
2022-10-25 13:00:00,5.7,97.0,230.0,0.487008,1024.5,6.1,5.4,0.0
2022-10-25 14:00:00,5.7,97.0,230.0,0.5383,1024.5,6.1,5.4,0.0
2022-10-25 15:00:00,5.7,97.0,0.0,0.547754,1024.1,6.1,0.0,0.0
2022-10-25 16:00:00,6.7,100.0,0.0,0.528439,1024.1,6.7,0.0,0.0
2022-10-25 17:00:00,8.3,100.0,200.0,0.490591,1024.2,8.3,5.4,0.0
2022-10-25 18:00:00,9.4,96.0,210.0,0.485061,1022.0,10.0,5.4,0.0
2022-10-25 19:00:00,9.4,80.0,210.0,0.443252,1020.9,12.8,20.5,0.0
2022-10-25 20:00:00,9.4,80.0,210.0,0.470258,1020.9,12.8,20.5,0.0
2022-10-25 21:00:00,8.9,77.0,190.0,0.488091,1019.3,12.8,22.3,0.0
2022-10-25 22:00:00,8.3,77.0,190.0,0.50715,1017.9,12.2,29.5,0.5
2022-10-25 23:00:00,8.9,89.0,180.0,0.553814,1015.6,10.6,13.0,0.3
2022-10-26 00:00:00,8.9,89.0,180.0,0.593146,1015.6,10.6,13.0,2.8
2022-10-26 01:00:00,6.1,89.0,210.0,0.600256,1014.9,7.8,16.6,0.7
2022-10-26 02:00:00,6.1,89.0,210.0,0.546512,1014.9,7.8,16.6,2.3
2022-10-26 03:00:00,5.7,97.0,190.0,0.521799,1014.8,6.1,7.6,0.0
2022-10-26 04:00:00,6.1,89.0,190.0,0.479623,1015.5,7.8,7.6,0.0
2022-10-26 05:00:00,5.7,97.0,180.0,0.427072,1015.5,6.1,5.4,2.0
2022-10-26 06:00:00,6.1,89.0,0.0,0.376544,1015.8,7.8,0.0,0.5
2022-10-26 07:00:00,6.1,89.0,0.0,0.350712,1015.8,7.8,0.0,2.0
2022-10-26 08:00:00,5.7,90.0,220.0,0.348253,1016.3,7.2,18.4,0.0
2022-10-26 09:00:00,5.7,90.0,230.0,0.351167,1017.1,7.2,14.8,0.3
2022-10-26 10:00:00,5.6,93.0,220.0,0.354113,1017.7,6.7,14.8,0.0
2022-10-26 11:00:00,5.6,93.0,4.0,0.378137,1017.9,6.7,14.8,0.0
2022-10-26 12:00:00,5.6,93.0,230.0,0.429943,1017.9,6.7,14.8,0.0
2022-10-26 13:00:00,4.4,96.0,110.0,0.516644,1019.3,5.0,5.4,0.0
2022-10-26 14:00:00,4.0,97.0,0.0,0.572141,1020.0,4.4,0.0,0.0
2022-10-26 15:00:00,4.0,97.0,0.0,0.550612,1020.0,4.4,0.0,0.0
2022-10-26 16:00:00,6.7,93.0,0.0,0.491283,1021.3,7.8,0.0,0.0
2022-10-26 17:00:00,6.7,93.0,0.0,0.430156,1021.3,7.8,0.0,0.0
2022-10-26 18:00:00,7.3,72.0,230.0,0.355841,1022.2,12.2,13.0,0.0
2022-10-26 19:00:00,8.3,77.0,230.0,0.444586,1022.2,12.2,9.4,0.0
2022-10-26 20:00:00,7.9,72.0,220.0,0.371255,1021.9,12.8,13.0,0.0
2022-10-26 21:00:00,7.9,72.0,220.0,0.404714,1021.9,12.8,13.0,0.0
2022-10-26 22:00:00,6.6,66.0,250.0,0.429118,1021.7,12.8,11.2,0.0
2022-10-26 23:00:00,6.0,66.0,3.0,0.460836,1021.8,12.2,11.2,0.0
2022-10-27 00:00:00,7.2,77.0,240.0,0.521946,1022.1,11.1,9.4,0.0
2022-10-27 01:00:00,6.1,86.0,180.0,0.554257,1022.5,8.3,11.2,0.0
2022-10-27 02:00:00,6.1,86.0,180.0,0.52458,1022.5,8.3,11.2,0.0
2022-10-27 03:00:00,6.1,89.0,140.0,0.496175,1022.9,7.8,7.6,0.0
2022-10-27 04:00:00,6.8,90.0,150.0,0.461228,1022.9,8.3,11.2,0.0
2022-10-27 05:00:00,6.1,96.0,120.0,0.413053,1023.1,6.7,5.4,0.0
2022-10-27 06:00:00,6.1,93.0,0.0,0.355768,1023.5,7.2,0.0,0.0
2022-10-27 07:00:00,6.1,93.0,0.0,0.344538,1023.5,7.2,0.0,0.0
2022-10-27 08:00:00,5.7,97.0,0.0,0.335708,1022.8,6.1,0.0,0.0
2022-10-27 09:00:00,5.7,97.0,0.0,0.333016,1022.8,6.1,0.0,0.0
2022-10-27 10:00:00,5.0,96.0,320.0,0.344906,1022.6,5.6,5.4,0.0
2022-10-27 11:00:00,4.4,96.0,10.0,0.365614,1022.4,5.0,7.6,0.0
2022-10-27 12:00:00,5.0,100.0,0.0,0.428584,1022.0,5.0,0.0,0.0
2022-10-27 13:00:00,2.9,97.0,0.0,0.505939,1021.7,3.3,0.0,0.0
2022-10-27 14:00:00,4.4,92.0,0.0,0.56558,1021.6,5.6,0.0,0.0
2022-10-27 15:00:00,4.4,92.0,0.0,0.551629,1021.6,5.6,0.0,0.0
2022-10-27 16:00:00,5.6,100.0,0.0,0.540064,1021.6,5.6,0.0,0.0
2022-10-27 17:00:00,6.1,96.0,0.0,0.521694,1021.5,6.7,0.0,0.0
2022-10-27 18:00:00,7.2,96.0,0.0,0.455074,1021.3,7.8,0.0,0.0
2022-10-27 19:00:00,7.8,83.0,0.0,0.309245,1020.2,10.6,5.4,0.0
2022-10-27 20:00:00,7.9,72.0,290.0,0.271731,1019.5,12.8,7.6,0.0
2022-10-27 21:00:00,7.9,72.0,290.0,0.29143,1019.5,12.8,7.6,0.0
2022-10-27 22:00:00,6.1,53.0,0.0,0.33494,1017.7,15.6,5.4,0.0
2022-10-27 23:00:00,6.1,53.0,185.0,0.416051,1017.7,15.6,5.4,0.0
2022-10-28 00:00:00,7.3,63.0,179.0,0.462035,1017.2,14.2,4.0,0.0
2022-10-28 01:00:00,5.0,57.0,0.0,0.505255,1016.8,13.3,0.0,0.0
2022-10-28 02:00:00,6.7,77.0,0.0,0.481165,1016.7,10.6,0.0,0.0
2022-10-28 03:00:00,5.6,86.0,0.0,0.467797,1017.0,7.8,0.0,0.0
2022-10-28 04:00:00,6.8,90.0,0.0,0.428931,1017.2,8.3,0.0,0.0
2022-10-28 05:00:00,6.1,93.0,0.0,0.392467,1017.2,7.2,0.0,0.0
2022-10-28 06:00:00,5.1,93.0,160.0,0.353984,1017.3,6.1,5.4,0.0
2022-10-28 07:00:00,6.1,93.0,0.0,0.333721,1017.8,7.2,0.0,0.0
2022-10-28 08:00:00,6.1,96.0,310.0,0.321745,1017.2,6.7,5.4,0.0
2022-10-28 09:00:00,6.7,93.0,0.0,0.319943,1017.3,7.8,0.0,0.0
2022-10-28 10:00:00,6.1,93.0,80.0,0.322674,1017.2,7.2,5.4,0.0
2022-10-28 11:00:00,5.6,93.0,320.0,0.337123,1017.4,6.7,7.6,0.0
2022-10-28 12:00:00,5.0,96.0,0.0,0.379871,1017.3,5.6,0.0,0.0
2022-10-28 13:00:00,5.7,97.0,0.0,0.421996,1017.4,6.1,0.0,0.0
2022-10-28 14:00:00,6.7,93.0,340.0,0.476852,1018.1,7.8,5.4,0.0
2022-10-28 15:00:00,7.2,86.0,350.0,0.507991,1019.0,9.4,7.6,0.0
2022-10-28 16:00:00,7.8,93.0,320.0,0.528066,1019.9,8.9,7.6,0.5
2022-10-28 17:00:00,8.9,97.0,0.0,0.527673,1020.7,9.4,0.0,2.3
2022-10-28 18:00:00,9.4,96.0,0.0,0.531743,1021.0,10.0,0.0,2.0
2022-10-28 19:00:00,9.4,92.0,0.0,0.527316,1021.6,10.6,0.0,0.8
2022-10-28 20:00:00,10.0,96.0,20.0,0.511548,1021.7,10.6,5.4,0.3
2022-10-28 21:00:00,10.0,96.0,340.0,0.505168,1021.8,10.6,11.2,0.3
2022-10-28 22:00:00,10.0,96.0,0.0,0.491223,1021.5,10.6,0.0,0.5
2022-10-28 23:00:00,10.0,93.0,30.0,0.510756,1021.9,11.1,5.4,0.3
2022-10-29 00:00:00,10.6,93.0,0.0,0.535227,1022.0,11.7,0.0,0.0
2022-10-29 01:00:00,10.6,93.0,10.0,0.54131,1022.2,11.7,5.4,0.0
2022-10-29 02:00:00,10.6,97.0,340.0,0.481234,1022.5,11.1,9.4,0.3
2022-10-29 03:00:00,10.6,97.0,350.0,0.466881,1023.0,11.1,5.4,0.5
2022-10-29 04:00:00,10.6,97.0,330.0,0.428668,1023.4,11.1,5.4,0.5
2022-10-29 05:00:00,10.6,97.0,0.0,0.39199,1023.8,11.1,0.0,0.5
2022-10-29 06:00:00,10.6,97.0,0.0,0.3485,1024.6,11.1,0.0,0.5
2022-10-29 07:00:00,10.6,97.0,310.0,0.316424,1024.8,11.1,5.4,0.0
2022-10-29 08:00:00,10.6,97.0,300.0,0.301108,1024.9,11.1,5.4,0.5
2022-10-29 09:00:00,10.6,100.0,0.0,0.289112,1024.7,10.6,0.0,0.5
2022-10-29 10:00:00,10.0,96.0,330.0,0.290783,1025.1,10.6,9.4,0.8
2022-10-29 11:00:00,10.6,100.0,340.0,0.297038,1025.0,10.6,7.6,1.5
2022-10-29 12:00:00,10.0,96.0,350.0,0.323173,1024.9,10.6,7.6,0.0
2022-10-29 13:00:00,10.6,100.0,350.0,0.354929,1025.0,10.6,5.4,0.0
2022-10-29 14:00:00,10.6,100.0,350.0,0.391114,1024.8,10.6,5.4,0.3
2022-10-29 15:00:00,10.0,96.0,10.0,0.444341,1024.8,10.6,7.6,0.5
2022-10-29 16:00:00,10.6,100.0,340.0,0.469193,1025.5,10.6,5.4,0.3
2022-10-29 17:00:00,10.6,97.0,360.0,0.461071,1026.2,11.1,7.6,0.5
2022-10-29 18:00:00,11.1,96.0,0.0,0.475545,1026.0,11.7,0.0,0.0
2022-10-29 19:00:00,11.1,93.0,0.0,0.447612,1026.4,12.2,0.0,0.5
2022-10-29 20:00:00,11.7,93.0,10.0,0.42263,1026.1,12.8,5.4,0.3
2022-10-29 21:00:00,11.7,90.0,0.0,0.396237,1025.8,13.3,0.0,0.3
2022-10-29 22:00:00,12.2,93.0,0.0,0.406741,1025.2,13.3,0.0,0.0
2022-10-29 23:00:00,11.8,87.0,0.0,0.427118,1025.3,13.9,0.0,0.0
2022-10-30 00:00:00,12.3,90.0,0.0,0.43699,1025.0,13.9,0.0,0.0
2022-10-30 01:00:00,12.3,90.0,0.0,0.453026,1024.6,13.9,0.0,0.0
2022-10-30 02:00:00,12.8,97.0,0.0,0.436907,1025.0,13.3,0.0,0.0
2022-10-30 03:00:00,12.8,97.0,0.0,0.424037,1025.0,13.3,0.0,0.0
2022-10-30 04:00:00,12.2,96.0,0.0,0.400863,1024.8,12.8,0.0,0.0
2022-10-30 05:00:00,12.2,96.0,250.0,0.368174,1024.7,12.8,5.4,0.0
2022-10-30 06:00:00,11.7,97.0,240.0,0.336216,1024.9,12.2,7.6,0.0
2022-10-30 07:00:00,11.7,97.0,0.0,0.314099,1024.8,12.2,0.0,0.0
2022-10-30 08:00:00,9.9,89.0,240.0,0.298874,1024.8,11.7,5.4,0.0
2022-10-30 09:00:00,10.0,93.0,250.0,0.287896,1024.9,11.1,5.4,0.0
2022-10-30 10:00:00,9.4,89.0,240.0,0.286707,1025.3,11.1,11.2,0.0
2022-10-30 11:00:00,8.3,89.0,240.0,0.291335,1025.0,10.0,11.2,0.0
2022-10-30 12:00:00,8.3,89.0,240.0,0.310431,1025.1,10.0,14.8,0.0
2022-10-30 13:00:00,7.8,86.0,240.0,0.343566,1024.9,10.0,7.6,0.0
2022-10-30 14:00:00,8.3,89.0,0.0,0.378639,1024.9,10.0,0.0,0.0
2022-10-30 15:00:00,8.3,93.0,180.0,0.423926,1024.9,9.4,9.4,0.0
2022-10-30 16:00:00,8.3,89.0,240.0,0.460751,1025.0,10.0,5.4,0.0
2022-10-30 17:00:00,8.9,83.0,210.0,0.438302,1024.8,11.7,9.4,0.0
2022-10-30 18:00:00,9.4,86.0,240.0,0.460213,1024.8,11.7,9.4,0.0
2022-10-30 19:00:00,8.9,77.0,200.0,0.44361,1024.3,12.8,11.2,0.0
2022-10-30 20:00:00,9.4,77.0,230.0,0.45786,1023.4,13.3,9.4,0.0
2022-10-30 21:00:00,9.3,74.0,250.0,0.438157,1022.9,13.9,9.4,0.0
2022-10-30 22:00:00,9.4,72.0,210.0,0.446807,1021.9,14.4,14.8,0.0
2022-10-30 23:00:00,9.9,77.0,220.0,0.465943,1021.4,13.9,11.2,0.0
2022-10-31 00:00:00,9.4,77.0,220.0,0.500727,1020.8,13.3,11.2,0.0
2022-10-31 01:00:00,9.4,80.0,190.0,0.519118,1019.8,12.8,11.2,0.0
2022-10-31 02:00:00,9.4,83.0,200.0,0.511904,1019.3,12.2,9.4,0.0
2022-10-31 03:00:00,9.4,83.0,0.0,0.478038,1018.7,12.2,0.0,0.0
2022-10-31 04:00:00,9.4,80.0,220.0,0.434741,1018.6,12.8,11.2,0.0
2022-10-31 05:00:00,8.9,77.0,200.0,0.379275,1017.8,12.8,18.4,0.0
2022-10-31 06:00:00,9.4,80.0,210.0,0.328357,1017.8,12.8,14.8,0.0
2022-10-31 07:00:00,9.4,80.0,190.0,0.312604,1016.9,12.8,16.6,0.0
2022-10-31 08:00:00,9.4,80.0,200.0,0.287825,1016.3,12.8,14.8,0.0
2022-10-31 09:00:00,9.4,77.0,190.0,0.285036,1015.7,13.3,18.4,0.0
2022-10-31 10:00:00,9.4,77.0,190.0,0.300336,1015.4,13.3,14.8,0.0
2022-10-31 11:00:00,9.4,80.0,170.0,0.309988,1014.5,12.8,18.4,0.0
2022-10-31 12:00:00,9.9,80.0,190.0,0.359463,1013.8,13.3,18.4,0.2
2022-10-31 13:00:00,9.4,83.0,160.0,0.44534,1013.5,12.2,22.3,0.0
2022-10-31 14:00:00,10.6,93.0,170.0,0.470466,1013.3,11.7,11.2,1.0
2022-10-31 15:00:00,10.6,93.0,220.0,0.484009,1013.3,11.7,13.0,1.5
2022-10-31 16:00:00,11.1,96.0,190.0,0.489058,1013.3,11.7,22.3,1.0
2022-10-31 17:00:00,11.7,97.0,190.0,0.493844,1013.3,12.2,14.8,0.5
2022-10-31 18:00:00,11.7,93.0,180.0,0.480089,1013.1,12.8,13.0,0.3
2022-10-31 19:00:00,11.7,93.0,210.0,0.465941,1013.3,12.8,9.4,1.6
2022-10-31 20:00:00,11.7,93.0,200.0,0.468222,1012.9,12.8,14.8,0.5
2022-10-31 21:00:00,12.2,93.0,220.0,0.478274,1012.2,13.3,9.4,0.5
2022-10-31 22:00:00,12.2,93.0,220.0,0.477091,1012.2,13.3,9.4,0.3
2022-10-31 23:00:00,10.0,93.0,220.0,0.494929,1011.5,11.1,7.6,0.3
2022-11-01 00:00:00,10.0,93.0,220.0,0.494386,1011.5,11.1,7.6,0.7
2022-11-01 01:00:00,10.0,93.0,190.0,0.489151,1010.8,11.1,5.4,0.5
2022-11-01 02:00:00,9.4,92.0,230.0,0.438292,1010.6,10.6,13.0,0.9
2022-11-01 03:00:00,9.4,92.0,230.0,0.441511,1010.6,10.6,13.0,0.8
2022-11-01 04:00:00,8.9,97.0,0.0,0.426257,1010.3,9.4,0.0,1.3
2022-11-01 05:00:00,9.4,96.0,0.0,0.3744,1010.0,10.0,0.0,1.0
2022-11-01 06:00:00,9.4,96.0,0.0,0.342222,1010.0,10.0,0.0,0.8
2022-11-01 07:00:00,7.8,93.0,330.0,0.321953,1008.9,8.9,14.8,1.2
2022-11-01 08:00:00,7.8,93.0,330.0,0.311178,1008.9,8.9,14.8,1.5
2022-11-01 09:00:00,7.2,93.0,360.0,0.320932,1008.2,8.3,11.2,0.8
2022-11-01 10:00:00,6.7,93.0,350.0,0.317875,1008.1,7.8,11.2,0.3
2022-11-01 11:00:00,5.7,90.0,0.0,0.338837,1007.4,7.2,0.0,0.4
2022-11-01 12:00:00,6.8,97.0,0.0,0.393856,1007.4,7.2,0.0,0.3
2022-11-01 13:00:00,6.8,97.0,0.0,0.468614,1007.4,7.2,0.0,0.0
2022-11-01 14:00:00,6.8,97.0,0.0,0.53503,1007.4,7.2,0.0,0.0
2022-11-01 15:00:00,6.7,100.0,0.0,0.529639,1007.3,6.7,0.0,0.1
2022-11-01 16:00:00,6.1,93.0,240.0,0.542621,1007.4,7.2,7.6,0.0
2022-11-01 17:00:00,6.1,93.0,240.0,0.524548,1007.4,7.2,7.6,0.0
2022-11-01 18:00:00,6.8,90.0,220.0,0.497068,1007.2,8.3,11.2,0.0
2022-11-01 19:00:00,6.1,86.0,210.0,0.441944,1007.4,8.3,9.4,0.0
2022-11-01 20:00:00,6.7,83.0,220.0,0.395467,1007.2,9.4,11.2,0.0
2022-11-01 21:00:00,6.2,74.0,220.0,0.322653,1006.4,10.6,7.6,0.0
2022-11-01 22:00:00,5.0,86.0,260.0,0.482077,1007.1,7.2,14.8,0.0
2022-11-01 23:00:00,5.7,90.0,3.0,0.534987,1006.8,7.2,0.0,0.5
2022-11-02 00:00:00,5.7,90.0,240.0,0.55654,1007.1,7.2,9.4,0.0
2022-11-02 01:00:00,5.0,89.0,240.0,0.588744,1008.1,6.7,9.4,0.0
2022-11-02 02:00:00,5.0,89.0,250.0,0.558702,1008.1,6.7,18.4,1.3
2022-11-02 03:00:00,3.9,89.0,200.0,0.535177,1008.4,5.6,11.2,0.3
2022-11-02 04:00:00,3.9,89.0,200.0,0.493602,1008.4,5.6,11.2,0.0
2022-11-02 05:00:00,4.4,92.0,230.0,0.448349,1009.2,5.6,22.3,1.0
2022-11-02 06:00:00,2.2,96.0,0.0,0.412953,1009.5,2.8,0.0,0.0
2022-11-02 07:00:00,2.2,96.0,0.0,0.386866,1009.5,2.8,0.0,0.0
2022-11-02 08:00:00,2.2,96.0,260.0,0.390033,1010.0,2.8,7.6,0.0
2022-11-02 09:00:00,3.3,89.0,0.0,0.387925,1010.3,5.0,14.8,0.0
2022-11-02 10:00:00,2.3,89.0,180.0,0.400757,1011.3,3.9,14.8,0.2
2022-11-02 11:00:00,2.3,89.0,180.0,0.43692,1011.3,3.9,14.8,0.0
2022-11-02 12:00:00,2.9,93.0,180.0,0.498379,1012.2,3.9,13.0,0.3
2022-11-02 13:00:00,2.3,93.0,160.0,0.57069,1012.4,3.3,7.6,1.3
2022-11-02 14:00:00,2.3,93.0,160.0,0.630151,1012.4,3.3,7.6,0.0
2022-11-02 15:00:00,3.4,93.0,100.0,0.625542,1012.9,4.4,5.4,0.0
2022-11-02 16:00:00,3.3,89.0,200.0,0.610885,1013.9,5.0,11.2,2.5
2022-11-02 17:00:00,3.9,86.0,4.0,0.510929,1015.1,6.1,11.2,1.3
2022-11-02 18:00:00,4.4,89.0,230.0,0.55189,1015.8,6.1,9.4,0.0
2022-11-02 19:00:00,4.3,82.0,200.0,0.53992,1015.8,7.2,16.6,0.5
2022-11-02 20:00:00,4.3,82.0,200.0,0.533104,1015.8,7.2,16.6,0.1
2022-11-02 21:00:00,4.3,76.0,220.0,0.460585,1015.9,8.3,11.2,0.2
2022-11-02 22:00:00,3.9,71.0,200.0,0.519398,1016.6,8.9,7.6,0.0
2022-11-02 23:00:00,4.3,82.0,3.0,0.560789,1017.4,7.2,7.6,0.0
2022-11-03 00:00:00,4.4,85.0,200.0,0.622631,1018.3,6.7,9.4,0.0
2022-11-03 01:00:00,4.4,85.0,200.0,0.666718,1019.1,6.7,7.6,0.0
2022-11-03 02:00:00,4.4,85.0,200.0,0.621877,1019.1,6.7,7.6,0.0
2022-11-03 03:00:00,3.3,96.0,190.0,0.58207,1020.1,3.9,7.6,0.0
2022-11-03 04:00:00,3.3,96.0,190.0,0.547432,1020.1,3.9,7.6,0.0
2022-11-03 05:00:00,2.8,100.0,2.0,0.490634,1021.6,2.8,0.0,0.0
2022-11-03 06:00:00,2.8,100.0,270.0,0.438148,1021.6,2.8,5.4,0.0
2022-11-03 07:00:00,2.9,97.0,310.0,0.417359,1022.0,3.3,5.4,0.0
2022-11-03 08:00:00,2.9,93.0,0.0,0.40181,1022.4,3.9,0.0,0.0
2022-11-03 09:00:00,4.0,97.0,250.0,0.408308,1023.5,4.4,5.4,0.0
2022-11-03 10:00:00,4.0,97.0,250.0,0.419723,1023.5,4.4,5.4,0.0
2022-11-03 11:00:00,2.9,93.0,280.0,0.43972,1023.9,3.9,11.2,0.0
2022-11-03 12:00:00,2.9,93.0,0.0,0.505162,1024.4,3.9,0.0,0.0
2022-11-03 13:00:00,2.9,93.0,0.0,0.576292,1024.4,3.9,0.0,0.0
2022-11-03 14:00:00,3.3,96.0,0.0,0.634315,1024.7,3.9,0.0,0.0
2022-11-03 15:00:00,3.3,96.0,0.0,0.634175,1024.7,3.9,0.0,0.0
2022-11-03 16:00:00,3.3,96.0,0.0,0.643701,1025.6,3.9,0.0,0.0
2022-11-03 17:00:00,4.0,93.0,0.0,0.615316,1025.9,5.0,0.0,0.0
2022-11-03 18:00:00,3.9,86.0,0.0,0.572599,1025.6,6.1,0.0,0.0
2022-11-03 19:00:00,5.0,86.0,220.0,0.545567,1025.2,7.2,5.4,0.0
2022-11-03 20:00:00,5.0,86.0,220.0,0.46917,1025.2,7.2,5.4,0.1
2022-11-03 21:00:00,5.1,77.0,160.0,0.518151,1024.3,8.9,13.0,0.0
2022-11-03 22:00:00,3.9,71.0,170.0,0.550006,1022.9,8.9,18.4,0.0
2022-11-03 23:00:00,4.4,79.0,5.0,0.599385,1022.6,7.8,18.4,0.0
2022-11-04 00:00:00,5.0,86.0,170.0,0.609531,1022.0,7.2,20.5,0.3
2022-11-04 01:00:00,4.0,80.0,170.0,0.647805,1021.4,7.2,18.4,0.3
2022-11-04 02:00:00,4.0,80.0,170.0,0.600335,1021.4,7.2,18.4,0.6
2022-11-04 03:00:00,4.3,82.0,190.0,0.56531,1020.0,7.2,27.7,0.0
2022-11-04 04:00:00,4.4,79.0,190.0,0.527997,1019.5,7.8,27.7,0.0
2022-11-04 05:00:00,4.4,79.0,190.0,0.481662,1019.5,7.8,31.7,0.0
2022-11-04 06:00:00,4.4,79.0,190.0,0.439888,1019.0,7.8,25.9,0.0
2022-11-04 07:00:00,6.1,93.0,170.0,0.418038,1017.6,7.2,14.8,0.3
2022-11-04 08:00:00,6.1,93.0,170.0,0.395507,1017.6,7.2,14.8,0.3
2022-11-04 09:00:00,6.7,93.0,170.0,0.388122,1016.9,7.8,25.9,1.6
2022-11-04 10:00:00,7.2,89.0,170.0,0.39747,1015.7,8.9,22.3,0.5
2022-11-04 11:00:00,7.2,89.0,170.0,0.416495,1015.7,8.9,22.3,0.5
2022-11-04 12:00:00,7.8,93.0,160.0,0.45923,1015.1,8.9,24.1,1.0
2022-11-04 13:00:00,9.4,92.0,190.0,0.500338,1014.5,10.6,22.3,3.3
2022-11-04 14:00:00,9.4,89.0,190.0,0.556469,1014.0,11.1,29.5,2.3
2022-11-04 15:00:00,9.4,89.0,190.0,0.558078,1014.0,11.1,29.5,2.5
2022-11-04 16:00:00,10.6,93.0,190.0,0.563159,1014.2,11.7,27.7,2.3
2022-11-04 17:00:00,11.7,93.0,190.0,0.553451,1014.2,12.8,31.7,3.0
2022-11-04 18:00:00,11.7,90.0,200.0,0.568963,1013.2,13.3,31.7,1.5
2022-11-04 19:00:00,11.7,90.0,200.0,0.551631,1013.2,13.3,31.7,0.3
2022-11-04 20:00:00,11.7,90.0,200.0,0.554712,1012.9,13.3,31.7,2.3
2022-11-04 21:00:00,12.3,90.0,190.0,0.541809,1010.6,13.9,37.1,5.3
2022-11-04 22:00:00,12.8,93.0,200.0,0.51094,1010.7,13.9,29.5,5.1
2022-11-04 23:00:00,12.8,93.0,4.0,0.513071,1010.2,13.9,29.5,2.3
2022-11-05 00:00:00,12.8,93.0,190.0,0.51783,1010.2,13.9,14.8,2.8
2022-11-05 01:00:00,12.8,93.0,200.0,0.529268,1009.9,13.9,22.3,0.5
2022-11-05 02:00:00,12.8,93.0,200.0,0.509065,1008.6,13.9,22.3,4.6
2022-11-05 03:00:00,12.2,93.0,200.0,0.486917,1007.6,13.3,18.4,6.1
2022-11-05 04:00:00,12.2,93.0,200.0,0.433124,1007.6,13.3,18.4,4.6
2022-11-05 05:00:00,12.2,93.0,200.0,0.395637,1007.0,13.3,24.1,0.2
2022-11-05 06:00:00,12.8,90.0,210.0,0.3544,1006.4,14.4,22.3,1.5
2022-11-05 07:00:00,10.6,78.0,270.0,0.321981,1006.9,14.4,18.4,0.5
2022-11-05 08:00:00,7.3,69.0,270.0,0.301806,1008.8,12.8,18.4,0.2
2022-11-05 09:00:00,5.0,66.0,300.0,0.300244,1010.1,11.1,24.1,0.0
2022-11-05 10:00:00,3.8,63.0,300.0,0.311691,1011.7,10.6,7.6,0.0
2022-11-05 11:00:00,3.8,63.0,270.0,0.31793,1011.7,10.6,7.6,0.0
2022-11-05 12:00:00,5.6,83.0,230.0,0.349348,1013.6,8.3,14.8,0.0
2022-11-05 13:00:00,5.6,86.0,210.0,0.382017,1014.5,7.8,11.2,0.3
2022-11-05 14:00:00,5.6,83.0,210.0,0.442827,1015.1,8.3,13.0,0.0
2022-11-05 15:00:00,5.6,83.0,210.0,0.50864,1015.1,8.3,13.0,0.0
2022-11-05 16:00:00,5.6,80.0,200.0,0.534665,1016.2,8.9,16.6,0.0
2022-11-05 17:00:00,6.2,83.0,220.0,0.52652,1016.8,8.9,16.6,0.0
2022-11-05 18:00:00,6.1,80.0,210.0,0.531098,1017.2,9.4,16.6,0.0
2022-11-05 19:00:00,6.1,80.0,240.0,0.496351,1016.8,9.4,16.6,0.0
2022-11-05 20:00:00,6.1,80.0,240.0,0.46609,1016.8,9.4,16.6,0.0
2022-11-05 21:00:00,5.6,77.0,230.0,0.455777,1016.1,9.4,16.6,0.0
2022-11-05 22:00:00,6.1,80.0,230.0,0.476261,1016.4,9.4,13.0,0.0
2022-11-05 23:00:00,5.6,80.0,230.0,0.499142,1016.5,8.9,9.4,0.0
2022-11-06 00:00:00,5.0,86.0,230.0,0.520736,1016.1,7.2,11.2,0.0
2022-11-06 01:00:00,5.0,86.0,230.0,0.539325,1016.1,7.2,11.2,0.0
2022-11-06 02:00:00,5.6,93.0,0.0,0.523942,1016.2,6.7,0.0,0.0
2022-11-06 03:00:00,5.7,90.0,0.0,0.527402,1015.5,7.2,0.0,0.0
2022-11-06 04:00:00,5.1,93.0,160.0,0.493471,1014.9,6.1,7.6,0.0
2022-11-06 05:00:00,5.1,93.0,160.0,0.448901,1014.9,6.1,7.6,0.0
2022-11-06 06:00:00,5.1,83.0,200.0,0.411926,1013.3,7.8,13.0,0.0
2022-11-06 07:00:00,5.6,86.0,190.0,0.395947,1012.0,7.8,13.0,0.1
2022-11-06 08:00:00,5.7,90.0,150.0,0.380442,1010.8,7.2,20.5,0.2
2022-11-06 09:00:00,5.1,80.0,180.0,0.374273,1009.3,8.3,24.1,0.0
2022-11-06 10:00:00,5.6,83.0,180.0,0.367194,1008.2,8.3,24.1,0.0
2022-11-06 11:00:00,5.6,83.0,180.0,0.370877,1008.2,8.3,24.1,0.3
2022-11-06 12:00:00,5.6,86.0,180.0,0.403244,1004.9,7.8,25.9,1.3
2022-11-06 13:00:00,5.7,90.0,180.0,0.431538,1003.8,7.2,27.7,1.3
2022-11-06 14:00:00,5.7,90.0,180.0,0.47799,1003.8,7.2,27.7,1.5
2022-11-06 15:00:00,3.8,82.0,280.0,0.525345,1004.0,6.7,11.2,0.7
2022-11-06 16:00:00,3.9,89.0,280.0,0.572803,1004.1,5.6,7.6,5.6
2022-11-06 17:00:00,5.0,96.0,180.0,0.598208,1004.4,5.6,5.4,1.8
2022-11-06 18:00:00,4.4,96.0,140.0,0.599544,1003.3,5.0,14.8,0.5
2022-11-06 19:00:00,4.4,96.0,140.0,0.606663,1003.3,5.0,14.8,0.5
2022-11-06 20:00:00,3.4,93.0,130.0,0.611572,1002.9,4.4,14.8,0.3
2022-11-06 21:00:00,3.3,96.0,150.0,0.619106,1000.7,3.9,7.6,0.5
2022-11-06 22:00:00,4.4,100.0,0.0,0.612323,999.9,4.4,0.0,0.5
2022-11-06 23:00:00,3.3,96.0,320.0,0.605207,999.4,3.9,7.6,0.8
2022-11-07 00:00:00,3.3,96.0,320.0,0.621538,999.4,3.9,7.6,0.8
2022-11-07 01:00:00,3.3,100.0,310.0,0.663772,998.8,3.3,5.4,0.5
2022-11-07 02:00:00,2.8,100.0,0.0,0.66169,998.0,2.8,0.0,0.3
2022-11-07 03:00:00,3.3,100.0,220.0,0.642715,998.3,3.3,7.6,1.1
2022-11-07 04:00:00,3.3,100.0,220.0,0.6065,998.3,3.3,7.6,0.0
2022-11-07 05:00:00,3.3,100.0,200.0,0.560649,998.5,3.3,7.6,1.0
2022-11-07 06:00:00,3.3,100.0,200.0,0.507195,999.0,3.3,9.4,0.9
2022-11-07 07:00:00,2.2,100.0,210.0,0.465883,999.4,2.2,5.4,1.3
2022-11-07 08:00:00,2.2,100.0,210.0,0.438669,999.4,2.2,5.4,0.5
2022-11-07 09:00:00,2.8,100.0,130.0,0.441759,1000.1,2.8,5.4,0.0
2022-11-07 10:00:00,2.8,100.0,130.0,0.440394,1000.1,2.8,5.4,0.0
2022-11-07 11:00:00,2.2,96.0,170.0,0.45104,1000.0,2.8,13.0,0.0
2022-11-07 12:00:00,2.3,89.0,170.0,0.483952,1000.0,3.9,16.6,0.3
2022-11-07 13:00:00,2.3,89.0,170.0,0.560752,1000.3,3.9,16.6,0.3
2022-11-07 14:00:00,2.3,86.0,170.0,0.646709,1000.6,4.4,18.4,0.0
2022-11-07 15:00:00,2.3,86.0,170.0,0.696305,1000.6,4.4,18.4,0.0
2022-11-07 16:00:00,2.3,86.0,170.0,0.691179,1001.8,4.4,27.7,0.0
2022-11-07 17:00:00,2.3,86.0,170.0,0.650405,1001.8,4.4,27.7,0.3
2022-11-07 18:00:00,2.8,82.0,160.0,0.702074,1002.1,5.6,29.5,0.0
2022-11-07 19:00:00,2.3,86.0,170.0,0.709493,1002.8,4.4,24.1,1.3
2022-11-07 20:00:00,3.3,89.0,160.0,0.668084,1003.2,5.0,18.4,0.3
2022-11-07 21:00:00,3.3,82.0,170.0,0.655263,1003.7,6.1,22.3,0.3
2022-11-07 22:00:00,3.3,82.0,160.0,0.665218,1004.0,6.1,24.1,0.1
2022-11-07 23:00:00,3.3,85.0,160.0,0.66415,1004.7,5.6,18.4,0.0
2022-11-08 00:00:00,3.3,89.0,170.0,0.69992,1005.0,5.0,13.0,0.3
2022-11-08 01:00:00,3.3,89.0,170.0,0.738435,1005.0,5.0,13.0,0.5
2022-11-08 02:00:00,2.7,89.0,140.0,0.742077,1005.9,4.4,14.8,0.0
2022-11-08 03:00:00,2.7,89.0,140.0,0.683386,1005.9,4.4,14.8,0.0
2022-11-08 04:00:00,2.9,93.0,90.0,0.636679,1006.0,3.9,9.4,0.0
2022-11-08 05:00:00,2.3,93.0,50.0,0.573709,1006.3,3.3,7.6,0.0
2022-11-08 06:00:00,2.9,97.0,70.0,0.531585,1006.5,3.3,5.4,0.0
2022-11-08 07:00:00,1.8,97.0,340.0,0.487205,1007.0,2.2,5.4,0.0
2022-11-08 08:00:00,2.2,96.0,340.0,0.464458,1007.2,2.8,5.4,0.0
2022-11-08 09:00:00,0.7,97.0,0.0,0.468227,1007.2,1.1,0.0,0.2
2022-11-08 10:00:00,0.7,97.0,0.0,0.462735,1007.2,1.1,0.0,0.0
2022-11-08 11:00:00,2.3,93.0,360.0,0.462101,1007.5,3.3,7.6,0.0
2022-11-08 12:00:00,2.2,96.0,360.0,0.491622,1007.4,2.8,7.6,0.0
2022-11-08 13:00:00,1.8,97.0,360.0,0.561861,1007.7,2.2,9.4,0.0
2022-11-08 14:00:00,1.7,100.0,340.0,0.660096,1007.6,1.7,7.6,0.0
2022-11-08 15:00:00,1.7,100.0,340.0,0.70467,1007.6,1.7,7.6,0.0
2022-11-08 16:00:00,2.3,93.0,350.0,0.626734,1008.6,3.3,14.8,0.0
2022-11-08 17:00:00,4.3,82.0,5.0,0.518008,1007.9,7.2,14.8,0.0
2022-11-08 18:00:00,4.3,73.0,350.0,0.461062,1007.4,8.9,14.8,0.0
2022-11-08 19:00:00,4.3,73.0,350.0,0.42963,1007.4,8.9,14.8,0.0
2022-11-08 20:00:00,3.9,61.0,10.0,0.400949,1006.3,11.1,20.5,0.0
2022-11-08 21:00:00,3.4,59.0,30.0,0.398587,1006.2,11.1,16.6,0.0
2022-11-08 22:00:00,2.1,58.0,30.0,0.50227,1006.9,10.0,16.6,0.0
2022-11-08 23:00:00,1.7,63.0,30.0,0.544767,1007.0,8.3,20.5,0.0
2022-11-09 00:00:00,1.7,63.0,30.0,0.59898,1007.0,8.3,20.5,0.0
2022-11-09 01:00:00,1.2,68.0,20.0,0.659801,1007.6,6.7,14.8,0.0
2022-11-09 02:00:00,0.6,68.0,5.0,0.647798,1008.5,6.1,14.8,0.0
2022-11-09 03:00:00,0.0,70.0,10.0,0.619624,1008.6,5.0,13.0,0.0
2022-11-09 04:00:00,-0.7,64.0,10.0,0.591321,1008.6,5.6,20.5,0.0
2022-11-09 05:00:00,-0.7,64.0,10.0,0.553615,1008.6,5.6,20.5,0.0
2022-11-09 06:00:00,0.6,79.0,10.0,0.516221,1009.3,3.9,14.8,0.0
2022-11-09 07:00:00,0.0,79.0,360.0,0.472649,1009.9,3.3,13.0,0.0
2022-11-09 08:00:00,0.0,79.0,360.0,0.454027,1010.0,3.3,16.6,0.0
2022-11-09 09:00:00,-0.5,76.0,350.0,0.450762,1010.9,3.3,14.8,0.0
2022-11-09 10:00:00,-0.5,76.0,350.0,0.449716,1010.9,3.3,14.8,0.0
2022-11-09 11:00:00,-1.6,85.0,340.0,0.467952,1012.5,0.6,5.4,0.0
2022-11-09 12:00:00,-2.2,92.0,0.0,0.513788,1013.6,-1.1,0.0,0.0
2022-11-09 13:00:00,-1.7,96.0,0.0,0.597502,1014.4,-1.1,0.0,0.0
2022-11-09 14:00:00,-1.7,96.0,0.0,0.684153,1014.4,-1.1,0.0,0.0
2022-11-09 15:00:00,-2.8,92.0,0.0,0.754283,1016.8,-1.7,0.0,0.0
2022-11-09 16:00:00,-0.1,85.0,150.0,0.667833,1017.8,2.2,7.6,0.0
2022-11-09 17:00:00,0.1,76.0,150.0,0.561124,1018.7,3.9,11.2,0.0
2022-11-09 18:00:00,0.6,70.0,120.0,0.452195,1019.5,5.6,9.4,0.0
2022-11-09 19:00:00,0.6,70.0,120.0,0.428228,1019.5,5.6,9.4,0.0
2022-11-09 20:00:00,1.2,63.0,2.0,0.388562,1020.2,7.8,9.4,0.0
2022-11-09 21:00:00,1.2,61.0,181.0,0.368555,1020.7,8.3,5.4,0.0
2022-11-09 22:00:00,1.8,59.0,160.0,0.397346,1021.2,9.4,9.4,0.0
2022-11-09 23:00:00,2.7,63.0,0.0,0.478483,1021.8,9.4,0.0,0.0
2022-11-10 00:00:00,2.7,63.0,0.0,0.546121,1021.8,9.4,0.0,0.0
2022-11-10 01:00:00,2.2,79.0,240.0,0.640656,1023.2,5.6,11.2,0.0
2022-11-10 02:00:00,0.6,89.0,240.0,0.673987,1024.2,2.2,9.4,0.0
2022-11-10 03:00:00,2.3,89.0,0.0,0.631643,1024.9,3.9,0.0,0.0
2022-11-10 04:00:00,1.0,92.0,0.0,0.617391,1025.5,2.2,0.0,0.0
2022-11-10 05:00:00,1.0,92.0,0.0,0.581659,1025.5,2.2,0.0,0.0
2022-11-10 06:00:00,-1.7,92.0,30.0,0.53313,1026.5,-0.6,5.4,0.0
2022-11-10 07:00:00,-1.7,92.0,30.0,0.504333,1026.5,-0.6,5.4,0.0
2022-11-10 08:00:00,-1.1,92.0,290.0,0.490902,1027.3,0.0,7.6,0.0
2022-11-10 09:00:00,-1.1,92.0,290.0,0.488392,1027.3,0.0,7.6,0.0
2022-11-10 10:00:00,-0.6,96.0,360.0,0.493805,1027.9,0.0,5.4,0.0
2022-11-10 11:00:00,0.0,96.0,0.0,0.488091,1027.9,0.6,0.0,0.0
2022-11-10 12:00:00,-0.1,92.0,0.0,0.52354,1028.0,1.1,0.0,0.0
2022-11-10 13:00:00,0.7,97.0,0.0,0.573653,1028.3,1.1,0.0,0.0
2022-11-10 14:00:00,0.7,97.0,0.0,0.669973,1028.3,1.1,0.0,0.0
2022-11-10 15:00:00,-0.6,96.0,0.0,0.715343,1029.1,0.0,0.0,0.0
2022-11-10 16:00:00,1.8,93.0,310.0,0.696873,1029.3,2.8,5.4,0.0
2022-11-10 17:00:00,1.8,93.0,310.0,0.672079,1029.3,2.8,5.4,0.0
2022-11-10 18:00:00,3.3,82.0,0.0,0.588246,1029.2,6.1,0.0,0.0
2022-11-10 19:00:00,3.3,82.0,0.0,0.455239,1029.2,6.1,0.0,0.0
2022-11-10 20:00:00,3.9,71.0,0.0,0.388027,1027.9,8.9,0.0,0.0
2022-11-10 21:00:00,4.0,69.0,130.0,0.403458,1027.1,9.4,5.4,0.0
2022-11-10 22:00:00,3.9,66.0,0.0,0.443523,1026.8,10.0,0.0,0.0
2022-11-10 23:00:00,3.3,63.0,0.0,0.487934,1026.4,10.0,0.0,0.0
2022-11-11 00:00:00,3.3,63.0,0.0,0.545878,1026.4,10.0,0.0,0.0
2022-11-11 01:00:00,2.9,86.0,320.0,0.61162,1025.6,5.0,5.4,0.0
2022-11-11 02:00:00,2.3,89.0,0.0,0.628359,1025.1,3.9,0.0,0.0
2022-11-11 03:00:00,2.7,89.0,350.0,0.604398,1024.8,4.4,11.2,0.0
2022-11-11 04:00:00,2.7,89.0,350.0,0.596686,1024.8,4.4,11.2,0.0
2022-11-11 05:00:00,1.0,92.0,0.0,0.558162,1024.1,2.2,0.0,0.0
2022-11-11 06:00:00,0.5,92.0,0.0,0.525014,1023.7,1.7,0.0,0.0
2022-11-11 07:00:00,-1.2,96.0,270.0,0.492499,1023.4,-0.6,5.4,0.0
2022-11-11 08:00:00,0.0,100.0,0.0,0.482067,1022.7,0.0,0.0,0.0
2022-11-11 09:00:00,0.0,100.0,0.0,0.472854,1022.7,0.0,0.0,0.0
2022-11-11 10:00:00,1.1,96.0,0.0,0.468709,1021.9,1.7,0.0,0.0
2022-11-11 11:00:00,1.1,96.0,0.0,0.469043,1021.3,1.7,0.0,0.0
2022-11-11 12:00:00,1.1,96.0,0.0,0.501197,1021.3,1.7,0.0,0.0
2022-11-11 13:00:00,1.8,97.0,0.0,0.542238,1020.7,2.2,0.0,0.0
2022-11-11 14:00:00,2.2,100.0,0.0,0.599093,1020.4,2.2,0.0,0.0
2022-11-11 15:00:00,1.8,93.0,70.0,0.673429,1019.6,2.8,5.4,0.0
2022-11-11 16:00:00,2.9,97.0,0.0,0.670467,1018.9,3.3,0.0,0.0
2022-11-11 17:00:00,3.3,89.0,360.0,0.648177,1018.5,5.0,5.4,0.0
2022-11-11 18:00:00,3.3,89.0,360.0,0.607035,1018.5,5.0,5.4,0.0
2022-11-11 19:00:00,1.7,63.0,340.0,0.527133,1017.5,8.3,7.6,0.0
2022-11-11 20:00:00,1.1,58.0,340.0,0.608647,1017.5,8.9,5.4,0.0
2022-11-11 21:00:00,1.1,58.0,348.0,0.6062,1017.5,8.9,5.4,0.0
2022-11-11 22:00:00,4.4,89.0,0.0,0.619182,1017.7,6.1,0.0,0.8
2022-11-11 23:00:00,4.4,89.0,0.0,0.626183,1017.7,6.1,0.0,2.0
2022-11-12 00:00:00,5.1,93.0,330.0,0.644001,1017.8,6.1,5.4,1.5
2022-11-12 01:00:00,4.4,92.0,10.0,0.657407,1017.8,5.6,7.6,0.3
2022-11-12 02:00:00,4.0,93.0,330.0,0.645133,1017.8,5.0,11.2,0.0
2022-11-12 03:00:00,4.4,96.0,360.0,0.595518,1017.8,5.0,5.4,0.0
2022-11-12 04:00:00,4.4,96.0,360.0,0.558802,1017.8,5.0,5.4,0.0
2022-11-12 05:00:00,3.3,89.0,310.0,0.510253,1018.7,5.0,7.6,0.0
2022-11-12 06:00:00,3.4,93.0,340.0,0.490673,1019.1,4.4,9.4,0.3
2022-11-12 07:00:00,2.7,89.0,350.0,0.44699,1019.5,4.4,13.0,0.0
2022-11-12 08:00:00,2.7,89.0,340.0,0.42573,1019.8,4.4,9.4,0.0
2022-11-12 09:00:00,2.7,89.0,340.0,0.415453,1019.8,4.4,9.4,0.5
2022-11-12 10:00:00,2.9,93.0,360.0,0.417606,1020.1,3.9,9.4,0.0
2022-11-12 11:00:00,2.9,93.0,360.0,0.43047,1020.1,3.9,9.4,0.6
2022-11-12 12:00:00,2.7,89.0,350.0,0.442299,1020.9,4.4,11.2,0.8
2022-11-12 13:00:00,2.3,86.0,350.0,0.476189,1021.5,4.4,9.4,0.0
2022-11-12 14:00:00,2.3,86.0,350.0,0.523335,1021.5,4.4,9.4,0.3
2022-11-12 15:00:00,2.3,89.0,10.0,0.581688,1022.2,3.9,5.4,0.0
2022-11-12 16:00:00,2.9,86.0,340.0,0.615668,1022.4,5.0,9.4,0.0
2022-11-12 17:00:00,2.2,76.0,360.0,0.605994,1023.0,6.1,11.2,0.0
2022-11-12 18:00:00,2.2,76.0,360.0,0.539622,1023.0,6.1,11.2,0.0
2022-11-12 19:00:00,2.1,65.0,340.0,0.514022,1023.4,8.3,5.4,0.0
2022-11-12 20:00:00,2.2,63.0,10.0,0.427211,1023.2,8.9,5.4,0.0
2022-11-12 21:00:00,2.3,61.0,0.0,0.419556,1023.2,9.4,0.0,0.0
2022-11-12 22:00:00,2.1,58.0,0.0,0.386654,1023.1,10.0,0.0,0.0
2022-11-12 23:00:00,2.1,58.0,0.0,0.440704,1023.1,10.0,0.0,0.0
2022-11-13 00:00:00,2.7,79.0,220.0,0.508962,1023.7,6.1,5.4,0.0
2022-11-13 01:00:00,2.3,86.0,0.0,0.567119,1024.1,4.4,0.0,0.0
2022-11-13 02:00:00,1.2,89.0,0.0,0.575357,1024.5,2.8,0.0,0.0
2022-11-13 03:00:00,2.3,89.0,320.0,0.561446,1024.7,3.9,5.4,0.0
2022-11-13 04:00:00,2.3,89.0,320.0,0.565183,1024.7,3.9,5.4,0.0
2022-11-13 05:00:00,0.7,97.0,0.0,0.548982,1026.0,1.1,0.0,0.0
2022-11-13 06:00:00,0.7,97.0,0.0,0.529555,1026.0,1.1,0.0,0.0
2022-11-13 07:00:00,-0.6,100.0,0.0,0.50009,1026.2,-0.6,0.0,0.0
2022-11-13 08:00:00,-1.7,96.0,0.0,0.472441,1026.8,-1.1,0.0,0.0
2022-11-13 09:00:00,-1.7,96.0,0.0,0.454738,1026.8,-1.1,0.0,0.0
2022-11-13 10:00:00,-0.6,100.0,0.0,0.453365,1027.5,-0.6,0.0,0.0
2022-11-13 11:00:00,0.0,100.0,0.0,0.460618,1027.6,0.0,0.0,0.0
2022-11-13 12:00:00,0.0,100.0,0.0,0.480073,1027.6,0.0,0.0,0.0
2022-11-13 13:00:00,0.0,100.0,0.0,0.513919,1028.0,0.0,0.0,0.0
2022-11-13 14:00:00,-0.6,100.0,0.0,0.570488,1028.3,-0.6,0.0,0.0
2022-11-13 15:00:00,-0.6,100.0,0.0,0.634151,1028.3,-0.6,0.0,0.0
2022-11-13 16:00:00,-1.2,96.0,310.0,0.688272,1028.5,-0.6,7.6,0.0
2022-11-13 17:00:00,0.7,97.0,0.0,0.688253,1029.0,1.1,0.0,0.0
2022-11-13 18:00:00,0.7,97.0,0.0,0.639879,1029.0,1.1,0.0,0.0
2022-11-13 19:00:00,1.8,97.0,0.0,0.6281,1028.9,2.2,0.0,0.0
2022-11-13 20:00:00,2.2,96.0,0.0,0.547544,1028.5,2.8,0.0,0.0
2022-11-13 21:00:00,3.3,82.0,0.0,0.506114,1027.2,6.1,0.0,0.0
2022-11-13 22:00:00,4.0,80.0,0.0,0.519827,1026.7,7.2,0.0,0.0
2022-11-13 23:00:00,4.0,80.0,0.0,0.536964,1026.7,7.2,0.0,0.0
2022-11-14 00:00:00,2.9,86.0,0.0,0.611768,1026.5,5.0,0.0,0.0
2022-11-14 01:00:00,2.2,96.0,0.0,0.685524,1026.4,2.8,0.0,0.0
2022-11-14 02:00:00,2.2,96.0,0.0,0.690704,1026.4,2.8,0.0,0.0
2022-11-14 03:00:00,2.3,93.0,340.0,0.673081,1026.4,3.3,5.4,0.0
2022-11-14 04:00:00,2.3,93.0,340.0,0.652028,1026.4,3.3,5.4,0.0
2022-11-14 05:00:00,1.8,86.0,3.0,0.604297,1026.8,3.9,9.4,0.0
2022-11-14 06:00:00,1.1,79.0,350.0,0.550785,1026.6,4.4,9.4,0.0
2022-11-14 07:00:00,0.0,79.0,320.0,0.498839,1026.3,3.3,11.2,0.0
2022-11-14 08:00:00,0.1,76.0,330.0,0.485167,1026.4,3.9,9.4,0.0
2022-11-14 09:00:00,0.1,76.0,330.0,0.474041,1026.4,3.9,9.4,0.0
2022-11-14 10:00:00,-0.5,76.0,360.0,0.4821,1026.6,3.3,16.6,0.0
2022-11-14 11:00:00,-0.5,73.0,360.0,0.483053,1026.4,3.9,16.6,0.0
2022-11-14 12:00:00,-1.1,73.0,340.0,0.520033,1026.6,3.3,16.6,0.0
2022-11-14 13:00:00,-1.1,73.0,340.0,0.583325,1026.6,3.3,16.6,0.0
2022-11-14 14:00:00,-1.6,65.0,6.0,0.688146,1026.3,4.4,13.0,0.0
2022-11-14 15:00:00,-1.7,62.0,350.0,0.729119,1026.7,5.0,16.6,0.0
2022-11-14 16:00:00,-0.1,60.0,10.0,0.645482,1026.7,7.2,14.8,0.0
2022-11-14 17:00:00,0.0,52.0,20.0,0.524035,1026.9,9.4,22.3,0.0
2022-11-14 18:00:00,0.0,52.0,20.0,0.453752,1026.9,9.4,22.3,0.0
2022-11-14 19:00:00,1.2,47.0,10.0,0.403609,1026.0,12.2,22.3,0.0
2022-11-14 20:00:00,1.0,43.0,7.0,0.372922,1025.3,13.3,22.3,0.0
2022-11-14 21:00:00,1.2,42.0,360.0,0.361244,1025.2,13.9,20.5,0.0
2022-11-14 22:00:00,1.0,43.0,30.0,0.39897,1025.2,13.3,20.5,0.0
2022-11-14 23:00:00,1.0,43.0,30.0,0.495302,1025.2,13.3,20.5,0.0
2022-11-15 00:00:00,-0.5,50.0,30.0,0.55091,1026.0,9.4,24.1,0.0
2022-11-15 01:00:00,-0.7,55.0,20.0,0.610037,1026.4,7.8,18.4,0.0
2022-11-15 02:00:00,-1.0,56.0,10.0,0.637098,1026.9,7.2,20.5,0.0
2022-11-15 03:00:00,-1.0,56.0,10.0,0.625418,1026.9,7.2,20.5,0.0
2022-11-15 04:00:00,-1.8,59.0,360.0,0.582715,1028.1,5.6,20.5,0.0
2022-11-15 05:00:00,-1.8,59.0,5.0,0.553178,1028.7,5.6,20.5,0.0
2022-11-15 06:00:00,-2.1,60.0,350.0,0.504893,1028.9,5.0,16.6,0.0
2022-11-15 07:00:00,-2.7,60.0,360.0,0.456792,1029.0,4.4,11.2,0.0
2022-11-15 08:00:00,-2.7,60.0,360.0,0.440452,1029.0,4.4,11.2,0.0
2022-11-15 09:00:00,-2.9,64.0,340.0,0.440401,1029.0,3.3,9.4,0.0
2022-11-15 10:00:00,-2.9,64.0,340.0,0.459284,1029.4,3.3,13.0,0.0
2022-11-15 11:00:00,-2.7,62.0,5.0,0.480604,1029.9,3.9,13.0,0.0
2022-11-15 12:00:00,-2.7,62.0,350.0,0.5125,1030.5,3.9,20.5,0.0
2022-11-15 13:00:00,-2.7,62.0,350.0,0.584969,1030.5,3.9,20.5,0.0
2022-11-15 14:00:00,-3.4,59.0,350.0,0.680504,1030.9,3.9,18.4,0.0
2022-11-15 15:00:00,-2.7,62.0,340.0,0.721732,1031.3,3.9,16.6,0.0
2022-11-15 16:00:00,-2.3,55.0,340.0,0.647172,1031.9,6.1,16.6,0.0
2022-11-15 17:00:00,-1.7,51.0,4.0,0.552231,1032.3,7.8,16.6,0.0
2022-11-15 18:00:00,-1.7,51.0,340.0,0.456454,1032.3,7.8,14.8,0.0
2022-11-15 19:00:00,-0.5,43.0,20.0,0.416656,1031.8,11.7,13.0,0.0
2022-11-15 20:00:00,-1.0,40.0,20.0,0.379094,1031.6,12.2,14.8,0.0
2022-11-15 21:00:00,-0.5,40.0,20.0,0.376186,1031.4,12.8,18.4,0.0
2022-11-15 22:00:00,-0.5,40.0,20.0,0.406329,1031.4,12.8,18.4,0.0
2022-11-15 23:00:00,-0.7,44.0,4.0,0.470284,1031.8,11.1,16.6,0.0
2022-11-16 00:00:00,-0.5,54.0,350.0,0.547248,1032.1,8.3,14.8,0.0
2022-11-16 01:00:00,-1.0,56.0,350.0,0.612825,1032.2,7.2,16.6,0.0
2022-11-16 02:00:00,-1.7,55.0,4.0,0.642955,1032.5,6.7,16.6,0.0
2022-11-16 03:00:00,-1.8,59.0,350.0,0.613627,1032.9,5.6,14.8,0.0
2022-11-16 04:00:00,-1.8,59.0,350.0,0.593508,1032.9,5.6,14.8,0.0
2022-11-16 05:00:00,-2.2,67.0,360.0,0.545655,1033.8,3.3,11.2,0.0
2022-11-16 06:00:00,-2.2,67.0,360.0,0.501895,1033.9,3.3,9.4,0.0
2022-11-16 07:00:00,-2.7,70.0,360.0,0.467679,1034.2,2.2,9.4,0.0
2022-11-16 08:00:00,-2.7,70.0,360.0,0.447675,1034.2,2.2,9.4,0.0
2022-11-16 09:00:00,-2.8,72.0,350.0,0.454386,1034.2,1.7,11.2,0.0
2022-11-16 10:00:00,-2.7,70.0,350.0,0.450611,1034.2,2.2,11.2,0.0
2022-11-16 11:00:00,-3.2,73.0,360.0,0.47005,1034.0,1.1,11.2,0.0
2022-11-16 12:00:00,-3.2,73.0,360.0,0.502801,1034.0,1.1,11.2,0.0
2022-11-16 13:00:00,-3.4,69.0,360.0,0.576868,1033.9,1.7,9.4,0.0
2022-11-16 14:00:00,-3.2,79.0,350.0,0.663944,1033.8,0.0,9.4,0.0
2022-11-16 15:00:00,-2.8,75.0,360.0,0.732098,1034.1,1.1,9.4,0.0
2022-11-16 16:00:00,-2.8,75.0,350.0,0.665313,1034.3,1.1,9.4,0.0
2022-11-16 17:00:00,-1.6,65.0,350.0,0.546464,1034.3,4.4,9.4,0.0
2022-11-16 18:00:00,-1.0,52.0,350.0,0.460027,1033.6,8.3,9.4,0.0
2022-11-16 19:00:00,-1.1,46.0,30.0,0.403248,1032.7,10.0,13.0,0.0
2022-11-16 20:00:00,-0.7,44.0,30.0,0.374788,1031.8,11.1,11.2,0.0
2022-11-16 21:00:00,-1.1,41.0,10.0,0.372625,1030.9,11.7,11.2,0.0
2022-11-16 22:00:00,-1.1,41.0,10.0,0.398721,1030.9,11.7,11.2,0.0
2022-11-16 23:00:00,-1.1,46.0,60.0,0.471662,1030.1,10.0,7.6,0.0
2022-11-17 00:00:00,-1.7,53.0,70.0,0.567651,1029.7,7.2,7.6,0.0
2022-11-17 01:00:00,-2.3,55.0,20.0,0.62298,1029.4,6.1,5.4,0.0
2022-11-17 02:00:00,-2.3,55.0,20.0,0.636735,1029.4,6.1,5.4,0.0
2022-11-17 03:00:00,-2.8,72.0,10.0,0.632203,1029.4,1.7,5.4,0.0
2022-11-17 04:00:00,-2.8,78.0,0.0,0.63045,1029.1,0.6,0.0,0.0
2022-11-17 05:00:00,-3.3,89.0,0.0,0.589544,1029.4,-1.7,0.0,0.0
2022-11-17 06:00:00,-3.3,85.0,330.0,0.536957,1029.2,-1.1,5.4,0.0
2022-11-17 07:00:00,-2.9,81.0,350.0,0.498104,1029.2,0.0,11.2,0.0
2022-11-17 08:00:00,-2.9,81.0,350.0,0.477814,1029.2,0.0,11.2,0.0
2022-11-17 09:00:00,-3.2,79.0,340.0,0.490503,1029.3,0.0,11.2,0.0
2022-11-17 10:00:00,-3.2,79.0,350.0,0.50096,1029.4,0.0,11.2,0.0
2022-11-17 11:00:00,-3.2,79.0,4.0,0.52398,1029.1,0.0,11.2,0.0
2022-11-17 12:00:00,-3.2,79.0,360.0,0.562416,1029.1,0.0,14.8,0.0
2022-11-17 13:00:00,-3.2,73.0,350.0,0.632035,1028.4,1.1,16.6,0.0
2022-11-17 14:00:00,-4.0,69.0,5.0,0.746586,1028.5,1.1,16.6,0.0
2022-11-17 15:00:00,-3.4,69.0,340.0,0.782572,1029.2,1.7,18.4,0.0
2022-11-17 16:00:00,-3.3,64.0,350.0,0.743319,1029.5,2.8,20.5,0.0
2022-11-17 17:00:00,-3.3,64.0,350.0,0.649576,1029.5,2.8,20.5,0.0
2022-11-17 18:00:00,-2.8,47.0,20.0,0.590311,1029.9,7.8,18.4,0.0
2022-11-17 19:00:00,-2.7,46.0,40.0,0.47065,1029.3,8.3,24.1,0.0
2022-11-17 20:00:00,-2.3,42.0,40.0,0.429482,1029.0,10.0,27.7,0.0
2022-11-17 21:00:00,-2.3,42.0,50.0,0.426377,1029.0,10.0,27.7,0.0
2022-11-17 22:00:00,-2.7,41.0,40.0,0.460303,1028.6,10.0,29.5,0.0
2022-11-17 23:00:00,-2.9,42.0,40.0,0.525803,1028.3,9.4,24.1,0.0
2022-11-18 00:00:00,-2.1,46.0,30.0,0.61812,1029.0,8.9,24.1,0.0
2022-11-18 01:00:00,-2.7,51.0,20.0,0.685014,1029.6,6.7,20.5,0.0
2022-11-18 02:00:00,-2.8,57.0,10.0,0.676415,1029.7,5.0,18.4,0.0
2022-11-18 03:00:00,-3.4,57.0,10.0,0.661989,1029.8,4.4,16.6,0.0
2022-11-18 04:00:00,-3.3,62.0,350.0,0.634564,1030.0,3.3,18.4,0.0
2022-11-18 05:00:00,-4.4,57.0,10.0,0.601244,1030.3,3.3,16.6,0.0
2022-11-18 06:00:00,-4.9,55.0,10.0,0.543099,1030.8,3.3,18.4,0.0
2022-11-18 07:00:00,-5.6,54.0,360.0,0.511283,1030.9,2.8,16.6,0.0
2022-11-18 08:00:00,-5.6,54.0,360.0,0.498118,1030.9,2.8,16.6,0.0
2022-11-18 09:00:00,-6.6,50.0,340.0,0.492097,1030.4,2.8,18.4,0.0
2022-11-18 10:00:00,-6.6,50.0,360.0,0.50007,1030.5,2.8,16.6,0.0
2022-11-18 11:00:00,-7.2,50.0,350.0,0.50957,1030.3,2.2,20.5,0.0
2022-11-18 12:00:00,-7.2,50.0,350.0,0.548152,1030.3,2.2,20.5,0.0
2022-11-18 13:00:00,-7.9,49.0,350.0,0.620482,1030.2,1.7,18.4,0.0
2022-11-18 14:00:00,-8.4,47.0,350.0,0.691308,1030.4,1.7,20.5,0.0
2022-11-18 15:00:00,-7.7,48.0,340.0,0.758764,1030.9,2.2,20.5,0.0
2022-11-18 16:00:00,-7.7,48.0,340.0,0.723682,1030.9,2.2,20.5,0.0
2022-11-18 17:00:00,-7.7,41.0,350.0,0.60883,1030.7,4.4,20.5,0.0
2022-11-18 18:00:00,-6.0,37.0,340.0,0.495291,1030.7,7.8,16.6,0.0
2022-11-18 19:00:00,-7.8,29.0,10.0,0.442276,1029.8,9.4,22.3,0.0
2022-11-18 20:00:00,-7.2,28.0,10.0,0.411529,1029.0,10.6,14.8,0.0
2022-11-18 21:00:00,-7.2,27.0,10.0,0.415991,1028.4,11.1,18.4,0.0
2022-11-18 22:00:00,-7.2,28.0,360.0,0.441045,1027.9,10.6,18.4,0.0
2022-11-18 23:00:00,-7.2,28.0,360.0,0.50419,1027.9,10.6,18.4,0.0
2022-11-19 00:00:00,-6.5,33.0,20.0,0.59278,1027.7,8.9,14.8,0.0
2022-11-19 01:00:00,-6.6,41.0,340.0,0.642493,1027.6,5.6,11.2,0.0
2022-11-19 02:00:00,-6.8,44.0,350.0,0.663564,1027.5,4.4,14.8,0.0
2022-11-19 03:00:00,-6.7,48.0,350.0,0.64464,1027.4,3.3,9.4,0.0
2022-11-19 04:00:00,-7.1,48.0,350.0,0.617768,1027.6,2.8,14.8,0.0
2022-11-19 05:00:00,-7.1,48.0,350.0,0.589717,1027.6,2.8,14.8,0.0
2022-11-19 06:00:00,-6.6,50.0,350.0,0.556762,1028.2,2.8,14.8,0.0
2022-11-19 07:00:00,-6.6,50.0,350.0,0.525181,1028.2,2.8,14.8,0.0
2022-11-19 08:00:00,-7.1,52.0,360.0,0.497748,1028.0,1.7,13.0,0.0
2022-11-19 09:00:00,-7.1,52.0,350.0,0.488328,1027.5,1.7,14.8,0.0
2022-11-19 10:00:00,-7.1,52.0,350.0,0.49464,1027.5,1.7,14.8,0.0
2022-11-19 11:00:00,-7.1,52.0,4.0,0.511505,1026.8,1.7,16.6,0.0
2022-11-19 12:00:00,-7.1,52.0,350.0,0.535679,1026.8,1.7,14.8,0.0
2022-11-19 13:00:00,-7.9,53.0,350.0,0.576911,1026.4,0.6,13.0,0.0
2022-11-19 14:00:00,-7.2,54.0,350.0,0.640186,1025.8,1.1,14.8,0.0
2022-11-19 15:00:00,-7.1,52.0,350.0,0.686887,1025.9,1.7,16.6,0.0
2022-11-19 16:00:00,-6.1,50.0,350.0,0.673658,1025.8,3.3,14.8,0.0
2022-11-19 17:00:00,-6.1,50.0,350.0,0.595682,1025.8,3.3,14.8,0.0
2022-11-19 18:00:00,-5.0,45.0,340.0,0.498382,1025.3,6.1,20.5,0.0
2022-11-19 19:00:00,-4.3,42.0,330.0,0.444877,1024.8,7.8,14.8,0.0
2022-11-19 20:00:00,-4.0,40.0,330.0,0.414358,1024.2,8.9,14.8,0.0
2022-11-19 21:00:00,-4.4,36.0,350.0,0.40258,1023.9,10.0,11.2,0.0
2022-11-19 22:00:00,-4.4,36.0,350.0,0.429991,1023.9,10.0,11.2,0.0
2022-11-19 23:00:00,-3.3,44.0,3.0,0.514525,1023.8,8.3,11.2,0.0
2022-11-20 00:00:00,-3.3,44.0,350.0,0.574374,1023.8,8.3,11.2,0.0
2022-11-20 01:00:00,-4.0,50.0,20.0,0.634816,1024.2,5.6,7.6,0.0
2022-11-20 02:00:00,-4.4,57.0,360.0,0.631818,1024.5,3.3,5.4,0.0
2022-11-20 03:00:00,-4.4,69.0,10.0,0.631958,1025.3,0.6,7.6,0.0
2022-11-20 04:00:00,-5.5,72.0,360.0,0.641001,1025.5,-1.1,7.6,0.0
2022-11-20 05:00:00,-5.0,69.0,2.0,0.598273,1026.0,0.0,7.6,0.0
2022-11-20 06:00:00,-5.5,72.0,350.0,0.571987,1025.9,-1.1,5.4,0.0
2022-11-20 07:00:00,-5.5,72.0,350.0,0.546562,1025.9,-1.1,5.4,0.0
2022-11-20 08:00:00,-5.5,78.0,2.0,0.53909,1026.0,-2.2,5.4,0.0
2022-11-20 09:00:00,-5.5,78.0,310.0,0.544041,1026.2,-2.2,5.4,0.0
2022-11-20 10:00:00,-5.6,81.0,0.0,0.550476,1026.3,-2.8,0.0,0.0
2022-11-20 11:00:00,-5.6,81.0,0.0,0.564877,1026.3,-2.8,0.0,0.0
2022-11-20 12:00:00,-6.1,88.0,0.0,0.587505,1026.5,-4.4,0.0,0.0
2022-11-20 13:00:00,-6.1,88.0,0.0,0.631534,1027.0,-4.4,0.0,0.0
2022-11-20 14:00:00,-6.7,88.0,270.0,0.705362,1027.3,-5.0,5.4,0.0
2022-11-20 15:00:00,-6.1,92.0,0.0,0.768556,1027.6,-5.0,0.0,0.0
2022-11-20 16:00:00,-6.1,92.0,0.0,0.770596,1027.6,-5.0,0.0,0.0
2022-11-20 17:00:00,-2.8,72.0,0.0,0.661752,1028.1,1.7,0.0,0.0
2022-11-20 18:00:00,-3.3,62.0,0.0,0.554109,1027.9,3.3,0.0,0.0
2022-11-20 19:00:00,-3.2,53.0,0.0,0.489484,1027.3,5.6,0.0,0.0
2022-11-20 20:00:00,-2.8,53.0,0.0,0.440046,1026.7,6.1,0.0,0.0
2022-11-20 21:00:00,-2.8,53.0,0.0,0.433222,1026.7,6.1,0.0,0.0
2022-11-20 22:00:00,-2.3,49.0,0.0,0.503723,1026.1,7.8,0.0,0.0
2022-11-20 23:00:00,-1.0,58.0,120.0,0.569794,1025.5,6.7,5.4,0.0
2022-11-21 00:00:00,-1.7,62.0,0.0,0.642381,1025.6,5.0,0.0,0.0
2022-11-21 01:00:00,-1.7,62.0,0.0,0.671214,1025.6,5.0,0.0,0.0
2022-11-21 02:00:00,-2.1,79.0,0.0,0.692667,1025.8,1.1,0.0,0.0
2022-11-21 03:00:00,-0.6,82.0,0.0,0.681652,1025.8,2.2,0.0,0.0
2022-11-21 04:00:00,-0.6,82.0,0.0,0.646027,1025.8,2.2,0.0,0.0
2022-11-21 05:00:00,-1.0,82.0,0.0,0.591896,1025.7,1.7,0.0,0.0
2022-11-21 06:00:00,-1.1,85.0,0.0,0.54009,1026.0,1.1,0.0,0.0
2022-11-21 07:00:00,-1.1,85.0,0.0,0.49777,1026.0,1.1,0.0,0.0
2022-11-21 08:00:00,-1.7,92.0,0.0,0.483498,1026.0,-0.6,0.0,0.0
2022-11-21 09:00:00,-2.2,85.0,0.0,0.474208,1025.8,0.0,0.0,0.0
2022-11-21 10:00:00,-1.7,92.0,0.0,0.484788,1025.9,-0.6,0.0,0.0
2022-11-21 11:00:00,-1.7,92.0,0.0,0.487801,1025.9,-0.6,0.0,0.0
2022-11-21 12:00:00,-0.6,85.0,0.0,0.521273,1026.0,1.7,0.0,0.0
2022-11-21 13:00:00,-0.1,92.0,0.0,0.580581,1025.7,1.1,0.0,0.0
2022-11-21 14:00:00,-0.7,88.0,0.0,0.639834,1025.9,1.1,0.0,0.0
2022-11-21 15:00:00,0.1,89.0,120.0,0.703,1025.8,1.7,5.4,0.0
2022-11-21 16:00:00,0.1,89.0,120.0,0.692407,1025.8,1.7,5.4,0.0
2022-11-21 17:00:00,0.0,73.0,0.0,0.665284,1026.1,4.4,0.0,0.0
2022-11-21 18:00:00,-1.1,62.0,0.0,0.616841,1026.3,5.6,0.0,0.0
2022-11-21 19:00:00,-0.5,58.0,0.0,0.581967,1025.9,7.2,0.0,0.0
2022-11-21 20:00:00,-0.7,55.0,0.0,0.589358,1025.4,7.8,0.0,0.0
2022-11-21 21:00:00,-0.7,55.0,0.0,0.57862,1025.4,7.8,0.0,0.0
2022-11-21 22:00:00,0.0,56.0,0.0,0.58788,1024.7,8.3,0.0,0.0
2022-11-21 23:00:00,1.2,61.0,290.0,0.603728,1024.8,8.3,5.4,0.0
2022-11-22 00:00:00,1.6,65.0,0.0,0.634922,1024.3,7.8,0.0,0.0
2022-11-22 01:00:00,2.8,76.0,0.0,0.635877,1024.3,6.7,0.0,0.0
2022-11-22 02:00:00,2.8,76.0,0.0,0.653752,1024.3,6.7,0.0,0.0
2022-11-22 03:00:00,1.1,79.0,0.0,0.625268,1023.6,4.4,0.0,0.0
2022-11-22 04:00:00,0.5,85.0,0.0,0.587769,1023.4,2.8,0.0,0.0
2022-11-22 05:00:00,0.6,89.0,0.0,0.558367,1023.3,2.2,0.0,0.0
2022-11-22 06:00:00,-0.6,96.0,0.0,0.519824,1023.4,0.0,0.0,0.0
2022-11-22 07:00:00,-0.6,96.0,0.0,0.479102,1023.4,0.0,0.0,0.0
2022-11-22 08:00:00,0.6,89.0,0.0,0.459537,1022.7,2.2,0.0,0.0
2022-11-22 09:00:00,1.2,89.0,150.0,0.456706,1022.1,2.8,5.4,0.0
2022-11-22 10:00:00,1.0,92.0,110.0,0.454039,1021.5,2.2,5.4,0.0
2022-11-22 11:00:00,1.0,92.0,110.0,0.459904,1021.5,2.2,5.4,0.0
2022-11-22 12:00:00,1.8,93.0,190.0,0.487683,1020.1,2.8,5.4,0.0
2022-11-22 13:00:00,1.8,86.0,0.0,0.546406,1019.5,3.9,0.0,0.0
2022-11-22 14:00:00,1.8,86.0,120.0,0.597895,1019.0,3.9,7.6,0.0
2022-11-22 15:00:00,1.8,86.0,120.0,0.65185,1019.0,3.9,7.6,0.0
2022-11-22 16:00:00,2.3,89.0,0.0,0.65114,1017.6,3.9,0.0,0.3
2022-11-22 17:00:00,2.3,89.0,0.0,0.652461,1017.6,3.9,0.0,0.8
2022-11-22 18:00:00,3.3,85.0,0.0,0.632713,1013.9,5.6,0.0,0.3
2022-11-22 19:00:00,3.3,85.0,0.0,0.587117,1013.9,5.6,0.0,0.4
2022-11-22 20:00:00,7.8,90.0,220.0,0.630511,1013.0,9.4,24.1,0.2
2022-11-22 21:00:00,8.9,97.0,210.0,0.499064,1013.4,9.4,20.5,4.3
2022-11-22 22:00:00,9.9,77.0,240.0,0.472787,1015.4,13.9,18.4,0.3
2022-11-22 23:00:00,7.9,75.0,230.0,0.513383,1016.4,12.2,22.3,0.0
2022-11-23 00:00:00,7.8,83.0,240.0,0.571784,1017.8,10.6,18.4,0.0
2022-11-23 01:00:00,7.2,86.0,230.0,0.603798,1019.4,9.4,18.4,0.0
2022-11-23 02:00:00,7.2,86.0,230.0,0.610547,1019.4,9.4,18.4,0.0
2022-11-23 03:00:00,7.2,86.0,210.0,0.575476,1020.4,9.4,13.0,0.0
2022-11-23 04:00:00,6.1,86.0,220.0,0.556694,1022.3,8.3,16.6,0.0
2022-11-23 05:00:00,5.0,86.0,240.0,0.50775,1024.2,7.2,14.8,0.0
2022-11-23 06:00:00,5.0,86.0,240.0,0.480575,1024.2,7.2,14.8,0.0
2022-11-23 07:00:00,3.3,96.0,30.0,0.440491,1024.8,3.9,5.4,0.0
2022-11-23 08:00:00,2.8,100.0,0.0,0.420744,1025.2,2.8,0.0,0.0
2022-11-23 09:00:00,1.7,100.0,340.0,0.421273,1025.9,1.7,5.4,0.0
2022-11-23 10:00:00,1.7,100.0,340.0,0.433795,1025.9,1.7,5.4,0.0
2022-11-23 11:00:00,0.7,97.0,330.0,0.442638,1026.7,1.1,5.4,0.0
2022-11-23 12:00:00,1.0,92.0,360.0,0.454298,1027.5,2.2,9.4,0.0
2022-11-23 13:00:00,1.0,92.0,360.0,0.519843,1027.5,2.2,9.4,0.0
2022-11-23 14:00:00,2.8,100.0,0.0,0.572212,1028.6,2.8,0.0,0.0
2022-11-23 15:00:00,2.9,97.0,350.0,0.643751,1029.1,3.3,7.6,0.0
2022-11-23 16:00:00,2.9,97.0,350.0,0.657003,1029.1,3.3,7.6,0.0
2022-11-23 17:00:00,4.0,97.0,160.0,0.642226,1029.5,4.4,5.4,0.0
2022-11-23 18:00:00,4.0,97.0,160.0,0.627363,1029.5,4.4,5.4,0.0
2022-11-23 19:00:00,5.6,100.0,0.0,0.614078,1029.6,5.6,0.0,0.0
2022-11-23 20:00:00,5.6,100.0,0.0,0.603261,1029.4,5.6,0.0,0.0
2022-11-23 21:00:00,5.7,97.0,270.0,0.580314,1029.0,6.1,5.4,0.0
2022-11-23 22:00:00,6.1,96.0,0.0,0.545693,1028.7,6.7,0.0,0.0
2022-11-23 23:00:00,6.7,93.0,120.0,0.582662,1027.9,7.8,5.4,0.0
2022-11-24 00:00:00,6.7,100.0,0.0,0.628972,1028.3,6.7,0.0,0.0
2022-11-24 01:00:00,6.1,100.0,0.0,0.624259,1028.0,6.1,0.0,0.0
2022-11-24 02:00:00,6.1,100.0,0.0,0.647935,1028.0,6.1,0.0,0.0
2022-11-24 03:00:00,6.1,100.0,0.0,0.597599,1028.0,6.1,0.0,0.0
2022-11-24 04:00:00,5.6,100.0,0.0,0.584621,1027.6,5.6,0.0,0.0
2022-11-24 05:00:00,5.6,100.0,0.0,0.537696,1027.9,5.6,0.0,0.0
2022-11-24 06:00:00,5.6,100.0,0.0,0.496962,1027.9,5.6,0.0,0.0
2022-11-24 07:00:00,3.9,100.0,0.0,0.449415,1027.9,3.9,0.0,0.0
2022-11-24 08:00:00,3.9,100.0,0.0,0.423676,1027.9,3.9,0.0,0.0
2022-11-24 09:00:00,3.3,96.0,320.0,0.415385,1028.1,3.9,5.4,0.0
2022-11-24 10:00:00,2.9,97.0,350.0,0.406897,1028.3,3.3,5.4,0.0
2022-11-24 11:00:00,2.9,97.0,350.0,0.406121,1028.3,3.3,5.4,0.0
2022-11-24 12:00:00,1.1,96.0,320.0,0.420939,1027.8,1.7,5.4,0.0
2022-11-24 13:00:00,0.6,100.0,0.0,0.473321,1027.8,0.6,0.0,0.0
2022-11-24 14:00:00,1.1,100.0,0.0,0.514212,1027.7,1.1,0.0,0.0
2022-11-24 15:00:00,0.7,97.0,10.0,0.583776,1027.8,1.1,5.4,0.0
2022-11-24 16:00:00,0.7,97.0,10.0,0.644632,1027.8,1.1,5.4,0.0
2022-11-24 17:00:00,2.2,100.0,0.0,0.668504,1027.7,2.2,7.6,0.0
2022-11-24 18:00:00,2.8,100.0,0.0,0.66188,1027.2,2.8,0.0,0.0
2022-11-24 19:00:00,2.8,100.0,0.0,0.665657,1027.2,2.8,0.0,0.0
2022-11-24 20:00:00,4.4,100.0,0.0,0.628077,1026.2,4.4,0.0,0.0
2022-11-24 21:00:00,4.4,100.0,0.0,0.520527,1025.3,4.4,0.0,0.0
2022-11-24 22:00:00,5.6,86.0,100.0,0.504207,1024.0,7.8,7.6,0.0
2022-11-24 23:00:00,5.0,89.0,100.0,0.500118,1023.5,6.7,7.6,0.0
2022-11-25 00:00:00,5.0,89.0,100.0,0.52892,1023.5,6.7,7.6,0.0
2022-11-25 01:00:00,3.3,100.0,0.0,0.530183,1023.2,3.3,0.0,0.0
2022-11-25 02:00:00,3.3,100.0,0.0,0.521118,1023.6,3.3,0.0,0.0
2022-11-25 03:00:00,3.9,100.0,0.0,0.523022,1023.9,3.9,0.0,0.0
2022-11-25 04:00:00,4.0,97.0,0.0,0.528178,1024.1,4.4,0.0,0.0
2022-11-25 05:00:00,3.3,100.0,3.0,0.496029,1024.2,3.3,0.0,0.0
2022-11-25 06:00:00,3.3,100.0,240.0,0.475681,1024.2,3.3,9.4,0.0
2022-11-25 07:00:00,3.3,100.0,0.0,0.450217,1024.3,3.3,0.0,0.0
2022-11-25 08:00:00,3.3,100.0,0.0,0.434164,1024.3,3.3,0.0,0.0
2022-11-25 09:00:00,2.9,97.0,190.0,0.430548,1024.5,3.3,7.6,0.0
2022-11-25 10:00:00,2.8,100.0,290.0,0.428599,1024.6,2.8,5.4,0.0
2022-11-25 11:00:00,2.8,100.0,0.0,0.436873,1024.7,2.8,5.4,0.0
2022-11-25 12:00:00,2.2,100.0,0.0,0.455064,1024.6,2.2,0.0,0.0
2022-11-25 13:00:00,2.2,100.0,0.0,0.49236,1024.6,2.2,0.0,0.0
2022-11-25 14:00:00,2.2,100.0,210.0,0.529086,1024.4,2.2,5.4,0.0
2022-11-25 15:00:00,1.8,97.0,110.0,0.57231,1024.4,2.2,5.4,0.0
2022-11-25 16:00:00,2.2,96.0,150.0,0.620003,1024.6,2.8,7.6,0.0
2022-11-25 17:00:00,2.2,96.0,150.0,0.629987,1024.6,2.8,7.6,0.0
2022-11-25 18:00:00,2.8,100.0,250.0,0.630392,1024.7,2.8,5.4,0.0
2022-11-25 19:00:00,3.3,96.0,310.0,0.611285,1024.7,3.9,7.6,0.0
2022-11-25 20:00:00,3.4,93.0,350.0,0.621698,1024.8,4.4,5.4,0.5
2022-11-25 21:00:00,3.4,93.0,0.0,0.615796,1025.3,4.4,0.0,0.3
2022-11-25 22:00:00,4.0,97.0,300.0,0.62187,1026.1,4.4,7.6,0.5
2022-11-25 23:00:00,4.0,97.0,0.0,0.616619,1026.6,4.4,0.0,1.3
2022-11-26 00:00:00,4.0,97.0,0.0,0.623004,1026.6,4.4,0.0,2.8
2022-11-26 01:00:00,4.0,97.0,260.0,0.623678,1028.0,4.4,7.6,1.5
2022-11-26 02:00:00,4.0,93.0,160.0,0.611787,1028.3,5.0,9.4,1.0
2022-11-26 03:00:00,4.0,93.0,160.0,0.603131,1028.3,5.0,9.4,1.8
2022-11-26 04:00:00,2.2,96.0,0.0,0.568989,1029.6,2.8,0.0,0.4
2022-11-26 05:00:00,2.2,96.0,0.0,0.544389,1029.6,2.8,0.0,0.0
2022-11-26 06:00:00,1.7,100.0,0.0,0.519215,1030.5,1.7,0.0,0.0
2022-11-26 07:00:00,1.7,100.0,0.0,0.484648,1030.5,1.7,0.0,0.0
2022-11-26 08:00:00,2.8,100.0,340.0,0.456777,1032.0,2.8,5.4,0.0
2022-11-26 09:00:00,2.2,96.0,210.0,0.442016,1031.3,2.8,5.4,0.0
2022-11-26 10:00:00,3.3,100.0,320.0,0.431423,1031.3,3.3,7.6,0.0
2022-11-26 11:00:00,3.3,100.0,0.0,0.432498,1031.5,3.3,0.0,0.0
2022-11-26 12:00:00,3.3,100.0,0.0,0.446532,1031.5,3.3,0.0,0.0
2022-11-26 13:00:00,2.9,97.0,240.0,0.481576,1031.5,3.3,7.6,0.0
2022-11-26 14:00:00,2.8,100.0,240.0,0.528238,1032.1,2.8,5.4,0.0
2022-11-26 15:00:00,2.2,96.0,250.0,0.564822,1032.4,2.8,5.4,0.0
2022-11-26 16:00:00,2.8,100.0,0.0,0.61512,1032.6,2.8,0.0,0.0
2022-11-26 17:00:00,3.9,100.0,0.0,0.608514,1033.1,3.9,0.0,0.0
2022-11-26 18:00:00,4.4,96.0,0.0,0.589555,1032.8,5.0,0.0,0.0
2022-11-26 19:00:00,4.4,96.0,0.0,0.517965,1032.8,5.0,0.0,0.0
2022-11-26 20:00:00,5.1,83.0,0.0,0.442612,1031.3,7.8,0.0,0.0
2022-11-26 21:00:00,5.1,83.0,0.0,0.46613,1031.3,7.8,0.0,0.0
2022-11-26 22:00:00,4.3,76.0,0.0,0.506302,1029.8,8.3,0.0,0.0
2022-11-26 23:00:00,3.8,76.0,0.0,0.518916,1029.7,7.8,0.0,0.0
2022-11-27 00:00:00,5.1,83.0,0.0,0.54283,1029.4,7.8,0.0,0.0
2022-11-27 01:00:00,5.1,83.0,0.0,0.580861,1029.4,7.8,0.0,0.0
2022-11-27 02:00:00,5.0,89.0,150.0,0.576394,1027.9,6.7,11.2,0.0
2022-11-27 03:00:00,5.0,89.0,160.0,0.563694,1027.9,6.7,11.2,0.0
2022-11-27 04:00:00,4.4,89.0,200.0,0.544544,1026.6,6.1,11.2,0.0
2022-11-27 05:00:00,4.4,89.0,200.0,0.51379,1026.6,6.1,11.2,0.0
2022-11-27 06:00:00,2.8,76.0,190.0,0.475267,1025.2,6.7,5.4,0.0
2022-11-27 07:00:00,2.8,76.0,190.0,0.44824,1025.2,6.7,5.4,0.0
2022-11-27 08:00:00,2.8,76.0,200.0,0.421885,1023.9,6.7,13.0,0.0
2022-11-27 09:00:00,2.8,76.0,200.0,0.412893,1023.9,6.7,13.0,0.0
2022-11-27 10:00:00,3.8,82.0,210.0,0.413393,1021.8,6.7,16.6,0.0
2022-11-27 11:00:00,4.4,79.0,190.0,0.418582,1020.2,7.8,27.7,0.0
2022-11-27 12:00:00,5.0,86.0,200.0,0.429781,1019.2,7.2,27.7,0.1
2022-11-27 13:00:00,5.7,90.0,200.0,0.462674,1018.4,7.2,27.7,0.6
2022-11-27 14:00:00,6.1,89.0,200.0,0.489232,1018.1,7.8,29.5,0.9
2022-11-27 15:00:00,6.1,89.0,200.0,0.531451,1018.1,7.8,29.5,1.2
2022-11-27 16:00:00,6.1,93.0,250.0,0.571946,1019.0,7.2,5.4,0.3
2022-11-27 17:00:00,6.1,93.0,230.0,0.599097,1019.7,7.2,9.4,0.3
2022-11-27 18:00:00,5.6,83.0,220.0,0.615289,1019.3,8.3,18.4,0.0
2022-11-27 19:00:00,5.6,83.0,220.0,0.606427,1019.3,8.3,18.4,0.0
2022-11-27 20:00:00,5.6,80.0,220.0,0.591584,1018.3,8.9,14.8,0.0
2022-11-27 21:00:00,4.3,76.0,260.0,0.586078,1017.6,8.3,14.8,0.3
2022-11-27 22:00:00,5.1,83.0,230.0,0.578216,1017.0,7.8,14.8,0.3
2022-11-27 23:00:00,4.0,80.0,230.0,0.570643,1016.8,7.2,11.2,0.0
2022-11-28 00:00:00,4.0,80.0,230.0,0.621381,1016.8,7.2,11.2,0.0
2022-11-28 01:00:00,4.4,89.0,220.0,0.658441,1016.6,6.1,7.6,0.0
2022-11-28 02:00:00,3.4,93.0,210.0,0.663208,1015.8,4.4,9.4,1.0
2022-11-28 03:00:00,3.9,89.0,200.0,0.663177,1015.4,5.6,7.6,0.6
2022-11-28 04:00:00,3.9,89.0,230.0,0.631424,1015.0,5.6,14.8,1.7
2022-11-28 05:00:00,3.9,89.0,230.0,0.561854,1015.0,5.6,14.8,0.0
2022-11-28 06:00:00,3.3,89.0,210.0,0.500835,1013.6,5.0,7.6,0.2
2022-11-28 07:00:00,1.8,93.0,180.0,0.462488,1013.0,2.8,9.4,0.0
2022-11-28 08:00:00,3.3,89.0,270.0,0.444538,1012.8,5.0,11.2,0.0
2022-11-28 09:00:00,2.9,93.0,230.0,0.429317,1012.0,3.9,11.2,1.3
2022-11-28 10:00:00,2.9,93.0,230.0,0.433949,1012.0,3.9,11.2,0.3
2022-11-28 11:00:00,2.9,93.0,310.0,0.441112,1012.4,3.9,13.0,0.3
2022-11-28 12:00:00,2.3,93.0,230.0,0.464317,1012.1,3.3,11.2,1.8
2022-11-28 13:00:00,1.1,96.0,250.0,0.533767,1012.3,1.7,13.0,0.8
2022-11-28 14:00:00,0.7,97.0,240.0,0.621692,1012.3,1.1,11.2,0.0
2022-11-28 15:00:00,0.7,97.0,240.0,0.673282,1012.3,1.1,11.2,0.0
2022-11-28 16:00:00,1.8,93.0,240.0,0.644369,1013.4,2.8,9.4,0.0
2022-11-28 17:00:00,2.3,86.0,250.0,0.566013,1013.7,4.4,13.0,0.0
2022-11-28 18:00:00,2.3,86.0,250.0,0.530443,1013.7,4.4,13.0,0.0
2022-11-28 19:00:00,3.3,82.0,230.0,0.46539,1014.0,6.1,13.0,0.0
2022-11-28 20:00:00,2.3,68.0,230.0,0.519945,1013.6,7.8,13.0,0.0
2022-11-28 21:00:00,1.0,70.0,320.0,0.481758,1013.6,6.1,14.8,0.0
2022-11-28 22:00:00,1.1,73.0,250.0,0.559008,1013.6,5.6,16.6,0.0
2022-11-28 23:00:00,1.8,83.0,230.0,0.562692,1014.1,4.4,14.8,0.0
2022-11-29 00:00:00,1.8,83.0,230.0,0.645616,1014.1,4.4,14.8,0.0
2022-11-29 01:00:00,0.7,83.0,220.0,0.694903,1014.9,3.3,13.0,0.0
2022-11-29 02:00:00,0.1,89.0,250.0,0.736475,1015.1,1.7,14.8,0.0
2022-11-29 03:00:00,0.1,89.0,250.0,0.701471,1015.1,1.7,14.8,0.0
2022-11-29 04:00:00,-0.1,92.0,260.0,0.679685,1016.1,1.1,5.4,0.0
2022-11-29 05:00:00,-0.1,92.0,260.0,0.622633,1016.1,1.1,5.4,0.0
2022-11-29 06:00:00,-2.8,92.0,0.0,0.566982,1017.2,-1.7,0.0,0.0
2022-11-29 07:00:00,-3.3,92.0,0.0,0.539232,1017.5,-2.2,0.0,0.0
2022-11-29 08:00:00,-3.3,92.0,0.0,0.519853,1017.5,-2.2,0.0,0.0
2022-11-29 09:00:00,-2.8,96.0,0.0,0.52209,1017.7,-2.2,0.0,0.0
2022-11-29 10:00:00,-2.3,96.0,0.0,0.516959,1018.2,-1.7,0.0,0.0
2022-11-29 11:00:00,-2.3,96.0,0.0,0.529048,1018.0,-1.7,0.0,0.0
2022-11-29 12:00:00,-0.6,100.0,0.0,0.560973,1018.3,-0.6,0.0,0.0
2022-11-29 13:00:00,-0.6,100.0,0.0,0.620075,1018.3,-0.6,0.0,0.0
2022-11-29 14:00:00,-0.6,100.0,0.0,0.699462,1018.0,-0.6,0.0,0.0
2022-11-29 15:00:00,-0.6,96.0,0.0,0.749133,1017.7,0.0,0.0,0.0
2022-11-29 16:00:00,-0.6,96.0,0.0,0.735156,1017.3,0.0,0.0,0.0
2022-11-29 17:00:00,1.0,92.0,10.0,0.713189,1017.3,2.2,5.4,0.0
2022-11-29 18:00:00,1.0,92.0,10.0,0.697878,1017.3,2.2,5.4,0.0
2022-11-29 19:00:00,2.2,96.0,0.0,0.724352,1017.3,2.8,0.0,0.3
2022-11-29 20:00:00,3.4,93.0,150.0,0.707267,1016.1,4.4,18.4,0.5
2022-11-29 21:00:00,3.4,93.0,150.0,0.693646,1013.8,4.4,18.4,0.5
2022-11-29 22:00:00,3.9,89.0,180.0,0.669064,1012.8,5.6,22.3,0.5
2022-11-29 23:00:00,4.0,93.0,170.0,0.697402,1012.0,5.0,18.4,0.3
2022-11-30 00:00:00,4.0,93.0,170.0,0.746861,1012.0,5.0,18.4,0.8
2022-11-30 01:00:00,3.3,85.0,180.0,0.754013,1009.5,5.6,25.9,0.5
2022-11-30 02:00:00,3.3,85.0,180.0,0.732397,1009.5,5.6,25.9,0.5
2022-11-30 03:00:00,5.0,96.0,180.0,0.710252,1007.4,5.6,31.7,0.3
2022-11-30 04:00:00,5.0,96.0,180.0,0.668379,1007.4,5.6,31.7,0.3
2022-11-30 05:00:00,3.9,86.0,180.0,0.602228,1005.3,6.1,29.5,1.4
2022-11-30 06:00:00,3.8,82.0,180.0,0.542772,1004.3,6.7,33.5,1.0
2022-11-30 07:00:00,3.8,82.0,180.0,0.490496,1003.4,6.7,33.5,1.4
2022-11-30 08:00:00,4.4,85.0,180.0,0.469279,1002.3,6.7,33.5,0.8
2022-11-30 09:00:00,4.4,85.0,180.0,0.460577,1002.3,6.7,33.5,2.0
2022-11-30 10:00:00,6.8,97.0,180.0,0.468434,1000.0,7.2,29.5,2.3
2022-11-30 11:00:00,7.2,100.0,190.0,0.460221,1000.2,7.2,33.5,3.3
2022-11-30 12:00:00,7.2,100.0,200.0,0.47118,1000.7,7.2,20.5,8.6
2022-11-30 13:00:00,7.2,96.0,200.0,0.526831,1000.4,7.8,24.1,5.8
2022-11-30 14:00:00,7.2,96.0,200.0,0.581697,1000.4,7.8,24.1,2.0
2022-11-30 15:00:00,6.1,96.0,210.0,0.64939,1000.8,6.7,13.0,0.2
2022-11-30 16:00:00,4.3,82.0,210.0,0.62501,1001.4,7.2,14.8,0.3
2022-11-30 17:00:00,5.1,83.0,210.0,0.613068,1001.7,7.8,14.8,0.0
2022-11-30 18:00:00,4.3,76.0,180.0,0.614469,1001.5,8.3,16.6,0.0
2022-11-30 19:00:00,4.3,76.0,180.0,0.606463,1001.5,8.3,16.6,0.1
2022-11-30 20:00:00,5.1,77.0,180.0,0.512126,999.7,8.9,18.4,0.5
2022-11-30 21:00:00,3.9,89.0,200.0,0.598613,999.9,5.6,9.4,0.0
2022-11-30 22:00:00,3.9,89.0,200.0,0.557044,999.9,5.6,9.4,1.3
2022-11-30 23:00:00,3.3,85.0,250.0,0.610118,1000.0,5.6,16.6,0.5
2022-12-01 00:00:00,4.4,92.0,180.0,0.653929,999.9,5.6,11.2,0.5
2022-12-01 01:00:00,2.3,86.0,200.0,0.674665,1000.2,4.4,16.6,0.8
2022-12-01 02:00:00,2.9,86.0,200.0,0.689697,1000.1,5.0,16.6,0.4
2022-12-01 03:00:00,2.9,86.0,200.0,0.675958,1000.3,5.0,18.4,0.0
2022-12-01 04:00:00,2.9,86.0,200.0,0.648083,1000.3,5.0,18.4,0.0
2022-12-01 05:00:00,2.3,89.0,120.0,0.595388,1000.3,3.9,11.2,0.0
2022-12-01 06:00:00,1.8,86.0,200.0,0.526347,1000.3,3.9,22.3,0.0
2022-12-01 07:00:00,1.8,86.0,200.0,0.491666,1000.3,3.9,22.3,0.3
2022-12-01 08:00:00,1.2,86.0,210.0,0.475255,1001.6,3.3,18.4,0.1
2022-12-01 09:00:00,1.2,86.0,210.0,0.466609,1001.6,3.3,18.4,0.5
2022-12-01 10:00:00,1.2,89.0,210.0,0.468771,1002.0,2.8,16.6,0.0
2022-12-01 11:00:00,1.2,89.0,210.0,0.484125,1002.0,2.8,16.6,0.0
2022-12-01 12:00:00,0.5,92.0,190.0,0.517556,1002.3,1.7,16.6,0.0
2022-12-01 13:00:00,0.6,89.0,200.0,0.588569,1003.1,2.2,13.0,1.3
2022-12-01 14:00:00,-0.1,92.0,180.0,0.67814,1003.4,1.1,14.8,0.8
2022-12-01 15:00:00,-0.6,96.0,200.0,0.761662,1004.7,0.0,7.6,0.0
2022-12-01 16:00:00,0.5,85.0,150.0,0.720369,1005.5,2.8,9.4,0.0
2022-12-01 17:00:00,0.5,85.0,150.0,0.661651,1005.5,2.8,9.4,0.0
2022-12-01 18:00:00,0.5,85.0,200.0,0.654698,1006.4,2.8,14.8,0.3
2022-12-01 19:00:00,-0.6,85.0,240.0,0.672609,1007.6,1.7,14.8,0.0
2022-12-01 20:00:00,1.1,96.0,230.0,0.692447,1007.5,1.7,9.4,0.3
2022-12-01 21:00:00,1.1,96.0,230.0,0.605776,1007.5,1.7,9.4,0.3
2022-12-01 22:00:00,1.7,89.0,260.0,0.614157,1007.8,3.3,14.8,0.0
2022-12-01 23:00:00,1.2,86.0,220.0,0.617546,1008.2,3.3,11.2,0.0
2022-12-02 00:00:00,-0.7,88.0,200.0,0.705617,1009.9,1.1,11.2,0.0
2022-12-02 01:00:00,-1.1,92.0,200.0,0.748601,1011.0,0.0,7.6,0.0
2022-12-02 02:00:00,-1.7,92.0,200.0,0.760444,1012.1,-0.6,7.6,0.0
2022-12-02 03:00:00,-2.2,92.0,0.0,0.731483,1013.1,-1.1,0.0,0.0
2022-12-02 04:00:00,-2.2,92.0,0.0,0.715378,1013.1,-1.1,0.0,0.0
2022-12-02 05:00:00,-1.7,96.0,0.0,0.660401,1013.9,-1.1,0.0,0.0
2022-12-02 06:00:00,-2.3,96.0,0.0,0.621926,1014.5,-1.7,0.0,0.0
2022-12-02 07:00:00,-2.3,96.0,350.0,0.582504,1016.3,-1.7,5.4,0.0
2022-12-02 08:00:00,-2.3,96.0,0.0,0.563823,1016.9,-1.7,0.0,0.0
2022-12-02 09:00:00,-2.3,96.0,0.0,0.564863,1016.9,-1.7,0.0,0.0
2022-12-02 10:00:00,-2.8,92.0,0.0,0.571281,1017.6,-1.7,0.0,0.0
2022-12-02 11:00:00,-3.3,96.0,0.0,0.580295,1018.1,-2.8,5.4,0.0
2022-12-02 12:00:00,-1.7,100.0,350.0,0.601278,1018.5,-1.7,5.4,0.0
2022-12-02 13:00:00,-1.7,92.0,40.0,0.654909,1018.4,-0.6,7.6,0.0
2022-12-02 14:00:00,-1.7,92.0,40.0,0.734486,1018.4,-0.6,7.6,0.0
2022-12-02 15:00:00,-0.6,96.0,0.0,0.772043,1018.8,0.0,0.0,0.0
2022-12-02 16:00:00,-0.6,92.0,40.0,0.77133,1018.8,0.6,7.6,0.0
2022-12-02 17:00:00,-0.1,92.0,0.0,0.75124,1018.7,1.1,7.6,0.0
2022-12-02 18:00:00,-0.1,92.0,0.0,0.730182,1018.7,1.1,0.0,0.0
2022-12-02 19:00:00,0.6,79.0,0.0,0.660111,1017.9,3.9,0.0,0.0
2022-12-02 20:00:00,1.2,68.0,160.0,0.531092,1017.1,6.7,9.4,0.0
2022-12-02 21:00:00,1.1,65.0,170.0,0.601019,1016.4,7.2,18.4,0.0
2022-12-02 22:00:00,1.1,65.0,160.0,0.625822,1015.4,7.2,7.6,0.0
2022-12-02 23:00:00,1.1,65.0,160.0,0.663984,1015.4,7.2,7.6,0.0
2022-12-03 00:00:00,-0.1,62.0,150.0,0.707932,1014.5,6.7,11.2,0.0
2022-12-03 01:00:00,-1.0,56.0,150.0,0.713453,1014.1,7.2,11.2,0.0
2022-12-03 02:00:00,-1.0,56.0,100.0,0.661803,1014.1,7.2,11.2,0.0
2022-12-03 03:00:00,-0.6,62.0,100.0,0.634964,1013.7,6.1,5.4,0.0
2022-12-03 04:00:00,-0.5,60.0,170.0,0.621607,1014.0,6.7,11.2,0.3
2022-12-03 05:00:00,-0.5,60.0,2.0,0.570598,1013.3,6.7,11.2,0.3
2022-12-03 06:00:00,-1.0,58.0,0.0,0.526681,1013.8,6.7,0.0,0.0
2022-12-03 07:00:00,1.8,83.0,360.0,0.485798,1013.8,4.4,7.6,0.0
2022-12-03 08:00:00,1.8,83.0,360.0,0.451666,1013.8,4.4,7.6,0.0
2022-12-03 09:00:00,1.8,86.0,340.0,0.451651,1013.8,3.9,11.2,0.0
2022-12-03 10:00:00,1.8,86.0,350.0,0.447201,1014.1,3.9,11.2,0.0
2022-12-03 11:00:00,1.1,82.0,350.0,0.451267,1014.0,3.9,7.6,0.0
2022-12-03 12:00:00,0.0,79.0,350.0,0.477125,1014.3,3.3,11.2,0.0
2022-12-03 13:00:00,0.0,79.0,350.0,0.518782,1014.3,3.3,11.2,0.0
2022-12-03 14:00:00,-2.8,75.0,360.0,0.567677,1015.4,1.1,13.0,0.0
2022-12-03 15:00:00,-3.2,73.0,360.0,0.633816,1015.8,1.1,18.4,0.0
2022-12-03 16:00:00,-3.3,64.0,350.0,0.666662,1016.5,2.8,20.5,0.0
2022-12-03 17:00:00,-3.3,64.0,350.0,0.653852,1016.5,2.8,20.5,0.0
2022-12-03 18:00:00,-4.0,59.0,350.0,0.600707,1016.6,3.3,20.5,0.0
2022-12-03 19:00:00,-2.7,55.0,340.0,0.577523,1015.9,5.6,16.6,0.0
2022-12-03 20:00:00,-2.7,51.0,6.0,0.53494,1015.8,6.7,22.3,0.0
2022-12-03 21:00:00,-2.7,51.0,340.0,0.554357,1015.8,6.7,22.3,0.0
2022-12-03 22:00:00,-2.2,53.0,350.0,0.577051,1015.4,6.7,16.6,0.0
2022-12-03 23:00:00,-2.3,55.0,350.0,0.576936,1015.5,6.1,14.8,0.0
2022-12-04 00:00:00,-2.8,57.0,350.0,0.646411,1015.6,5.0,16.6,0.0
2022-12-04 01:00:00,-3.4,59.0,350.0,0.684887,1015.6,3.9,16.6,0.0
2022-12-04 02:00:00,-4.0,59.0,350.0,0.695027,1015.6,3.3,18.4,0.0
2022-12-04 03:00:00,-4.4,59.0,350.0,0.68531,1015.7,2.8,20.5,0.0
2022-12-04 04:00:00,-4.3,62.0,350.0,0.674866,1015.5,2.2,20.5,0.0
2022-12-04 05:00:00,-4.3,62.0,350.0,0.6368,1015.3,2.2,20.5,0.0
2022-12-04 06:00:00,-4.4,59.0,340.0,0.605453,1014.0,2.8,20.5,0.0
2022-12-04 07:00:00,-4.4,59.0,340.0,0.570518,1013.7,2.8,20.5,0.0
2022-12-04 08:00:00,-4.4,59.0,350.0,0.545841,1013.7,2.8,22.3,0.0
2022-12-04 09:00:00,-4.9,55.0,340.0,0.528039,1012.9,3.3,20.5,0.0
2022-12-04 10:00:00,-4.4,59.0,340.0,0.520746,1012.8,2.8,20.5,0.0
2022-12-04 11:00:00,-4.0,61.0,340.0,0.527137,1012.2,2.8,20.5,0.0
2022-12-04 12:00:00,-4.0,61.0,330.0,0.529157,1012.3,2.8,18.4,0.0
2022-12-04 13:00:00,-4.0,61.0,330.0,0.563204,1012.3,2.8,18.4,0.0
2022-12-04 14:00:00,-4.0,59.0,340.0,0.592576,1012.3,3.3,18.4,0.0
2022-12-04 15:00:00,-4.0,59.0,330.0,0.642979,1012.7,3.3,13.0,0.0
2022-12-04 16:00:00,-4.0,59.0,330.0,0.670172,1012.7,3.3,13.0,0.0
2022-12-04 17:00:00,-3.3,62.0,360.0,0.723582,1013.5,3.3,9.4,0.0
2022-12-04 18:00:00,-0.6,92.0,2.0,0.748028,1014.3,0.6,5.4,0.9
2022-12-04 19:00:00,-0.6,92.0,350.0,0.750651,1014.6,0.6,9.4,1.0
2022-12-04 20:00:00,-0.6,92.0,350.0,0.747205,1014.6,0.6,9.4,0.5
2022-12-04 21:00:00,0.0,96.0,2.0,0.748035,1014.5,0.6,7.6,0.5
2022-12-04 22:00:00,0.7,97.0,350.0,0.728209,1014.6,1.1,7.6,0.5
2022-12-04 23:00:00,0.7,97.0,360.0,0.738319,1014.7,1.1,7.6,0.3
2022-12-05 00:00:00,0.5,92.0,10.0,0.763594,1014.8,1.7,7.6,0.0
2022-12-05 01:00:00,0.5,92.0,360.0,0.80505,1015.1,1.7,7.6,0.0
2022-12-05 02:00:00,0.5,92.0,350.0,0.787547,1015.6,1.7,5.4,0.0
2022-12-05 03:00:00,0.5,92.0,360.0,0.752351,1015.6,1.7,5.4,0.0
2022-12-05 04:00:00,1.1,96.0,0.0,0.732937,1015.9,1.7,0.0,0.0
2022-12-05 05:00:00,1.1,96.0,0.0,0.674922,1015.9,1.7,0.0,0.0
2022-12-05 06:00:00,0.5,92.0,320.0,0.591096,1016.4,1.7,7.6,0.0
2022-12-05 07:00:00,0.5,92.0,340.0,0.543672,1016.5,1.7,7.6,0.0
2022-12-05 08:00:00,0.5,92.0,340.0,0.512769,1016.5,1.7,7.6,0.0
2022-12-05 09:00:00,0.5,92.0,350.0,0.506357,1015.9,1.7,7.6,0.0
2022-12-05 10:00:00,0.5,92.0,350.0,0.506303,1015.7,1.7,7.6,0.0
2022-12-05 11:00:00,0.5,92.0,0.0,0.509828,1016.0,1.7,7.6,0.0
2022-12-05 12:00:00,1.1,96.0,0.0,0.543784,1015.9,1.7,0.0,0.0
2022-12-05 13:00:00,1.1,96.0,0.0,0.621785,1015.9,1.7,0.0,0.0
2022-12-05 14:00:00,0.5,92.0,320.0,0.705439,1016.0,1.7,5.4,0.0
2022-12-05 15:00:00,1.1,100.0,0.0,0.750128,1016.0,1.1,0.0,0.0
2022-12-05 16:00:00,0.0,96.0,70.0,0.749016,1016.4,0.6,5.4,0.0
2022-12-05 17:00:00,0.0,96.0,70.0,0.685518,1016.4,0.6,5.4,0.0
2022-12-05 18:00:00,1.1,96.0,0.0,0.62082,1017.0,1.7,0.0,0.0
2022-12-05 19:00:00,1.1,96.0,0.0,0.596311,1017.0,1.7,0.0,0.0
2022-12-05 20:00:00,1.8,83.0,130.0,0.544717,1016.2,4.4,5.4,0.0
2022-12-05 21:00:00,2.2,79.0,0.0,0.489902,1016.0,5.6,0.0,0.0
2022-12-05 22:00:00,2.2,79.0,0.0,0.507664,1016.0,5.6,0.0,0.0
2022-12-05 23:00:00,1.8,86.0,140.0,0.589444,1016.4,3.9,11.2,0.0
2022-12-06 00:00:00,1.8,86.0,140.0,0.659193,1016.4,3.9,11.2,0.0
2022-12-06 01:00:00,1.2,89.0,140.0,0.716684,1017.2,2.8,11.2,0.0
2022-12-06 02:00:00,0.6,89.0,130.0,0.718162,1017.2,2.2,11.2,0.0
2022-12-06 03:00:00,0.5,92.0,120.0,0.675627,1017.4,1.7,9.4,0.0
2022-12-06 04:00:00,1.0,92.0,100.0,0.668896,1018.4,2.2,5.4,0.0
2022-12-06 05:00:00,1.0,92.0,100.0,0.602151,1018.4,2.2,5.4,0.0
2022-12-06 06:00:00,1.0,92.0,0.0,0.547128,1018.8,2.2,0.0,0.0
2022-12-06 07:00:00,1.8,97.0,0.0,0.499213,1019.2,2.2,0.0,0.0
2022-12-06 08:00:00,1.8,93.0,0.0,0.484511,1019.4,2.8,0.0,0.0
2022-12-06 09:00:00,1.8,97.0,140.0,0.476986,1019.6,2.2,5.4,0.0
2022-12-06 10:00:00,1.8,97.0,140.0,0.477742,1019.6,2.2,5.4,0.0
2022-12-06 11:00:00,1.8,97.0,120.0,0.496553,1020.0,2.2,5.4,0.0
2022-12-06 12:00:00,1.8,97.0,0.0,0.516087,1019.8,2.2,5.4,0.0
2022-12-06 13:00:00,1.0,92.0,0.0,0.585477,1020.1,2.2,0.0,0.0
2022-12-06 14:00:00,1.0,92.0,0.0,0.673456,1020.5,2.2,0.0,0.0
2022-12-06 15:00:00,1.0,92.0,0.0,0.732907,1020.5,2.2,0.0,0.0
2022-12-06 16:00:00,1.8,97.0,0.0,0.709908,1020.9,2.2,0.0,0.0
2022-12-06 17:00:00,1.8,97.0,0.0,0.699428,1021.3,2.2,0.0,0.0
2022-12-06 18:00:00,1.7,89.0,0.0,0.689609,1022.1,3.3,0.0,0.0
2022-12-06 19:00:00,1.8,86.0,0.0,0.645942,1022.0,3.9,0.0,0.0
2022-12-06 20:00:00,2.3,86.0,0.0,0.643319,1021.7,4.4,0.0,0.0
2022-12-06 21:00:00,2.3,86.0,0.0,0.642216,1021.7,4.4,0.0,0.0
2022-12-06 22:00:00,2.2,79.0,0.0,0.611382,1021.7,5.6,0.0,0.0
2022-12-06 23:00:00,2.2,82.0,0.0,0.617814,1021.7,5.0,0.0,0.0
2022-12-07 00:00:00,2.2,82.0,0.0,0.65922,1021.7,5.0,0.0,0.0
2022-12-07 01:00:00,2.7,89.0,0.0,0.686295,1022.1,4.4,0.0,0.0
2022-12-07 02:00:00,2.7,89.0,0.0,0.699267,1022.1,4.4,0.0,0.0
2022-12-07 03:00:00,2.3,89.0,0.0,0.661669,1022.1,3.9,0.0,0.0
2022-12-07 04:00:00,2.9,93.0,0.0,0.638002,1022.5,3.9,0.0,0.0
2022-12-07 05:00:00,2.9,97.0,0.0,0.582641,1022.8,3.3,0.0,0.0
2022-12-07 06:00:00,2.9,93.0,0.0,0.532548,1022.9,3.9,0.0,0.0
2022-12-07 07:00:00,2.9,93.0,0.0,0.480286,1022.9,3.9,0.0,0.0
2022-12-07 08:00:00,3.4,93.0,0.0,0.464983,1022.8,4.4,0.0,0.0
2022-12-07 09:00:00,2.9,93.0,180.0,0.449792,1022.7,3.9,5.4,0.0
2022-12-07 10:00:00,2.9,93.0,240.0,0.473154,1022.7,3.9,5.4,0.0
2022-12-07 11:00:00,2.9,93.0,240.0,0.468818,1022.7,3.9,5.4,0.0
2022-12-07 12:00:00,2.2,96.0,160.0,0.495665,1022.2,2.8,9.4,0.0
2022-12-07 13:00:00,2.2,96.0,170.0,0.562338,1022.1,2.8,9.4,0.0
2022-12-07 14:00:00,1.6,96.0,180.0,0.649417,1022.0,2.2,9.4,0.0
2022-12-07 15:00:00,1.8,97.0,150.0,0.713221,1022.2,2.2,7.6,0.0
2022-12-07 16:00:00,1.8,97.0,130.0,0.713761,1022.1,2.2,7.6,0.0
2022-12-07 17:00:00,1.8,97.0,140.0,0.691962,1022.2,2.2,11.2,0.0
2022-12-07 18:00:00,1.8,97.0,160.0,0.679844,1022.3,2.2,11.2,0.0
2022-12-07 19:00:00,1.8,97.0,0.0,0.684173,1022.1,2.2,0.0,0.0
2022-12-07 20:00:00,2.2,100.0,0.0,0.675473,1021.0,2.2,0.0,0.0
2022-12-07 21:00:00,2.2,96.0,0.0,0.67335,1020.9,2.8,0.0,0.0
2022-12-07 22:00:00,1.7,89.0,150.0,0.665178,1020.4,3.3,13.0,0.0
2022-12-07 23:00:00,1.7,89.0,0.0,0.675528,1020.2,3.3,0.0,0.0
2022-12-08 00:00:00,1.7,89.0,0.0,0.72556,1019.9,3.3,0.0,0.0
2022-12-08 01:00:00,1.7,89.0,30.0,0.734041,1019.6,3.3,5.4,0.0
2022-12-08 02:00:00,1.7,89.0,50.0,0.723539,1019.6,3.3,5.4,0.0
2022-12-08 03:00:00,1.8,93.0,80.0,0.712953,1019.3,2.8,7.6,0.0
2022-12-08 04:00:00,2.3,93.0,0.0,0.696404,1018.9,3.3,0.0,0.0
2022-12-08 05:00:00,2.3,93.0,0.0,0.623051,1018.9,3.3,0.0,0.0
2022-12-08 06:00:00,2.9,97.0,0.0,0.547338,1017.8,3.3,0.0,0.1
2022-12-08 07:00:00,2.9,97.0,0.0,0.502769,1017.8,3.3,0.0,0.0
2022-12-08 08:00:00,2.7,89.0,100.0,0.463957,1016.7,4.4,5.4,0.0
2022-12-08 09:00:00,3.3,82.0,180.0,0.457865,1016.5,6.1,11.2,0.8
2022-12-08 10:00:00,3.9,89.0,150.0,0.45168,1015.9,5.6,13.0,0.5
2022-12-08 11:00:00,3.3,76.0,190.0,0.463752,1015.1,7.2,24.1,0.5
2022-12-08 12:00:00,3.3,76.0,190.0,0.489341,1015.1,7.2,24.1,0.3
2022-12-08 13:00:00,3.3,76.0,190.0,0.541089,1014.7,7.2,27.7,2.0
2022-12-08 14:00:00,3.3,76.0,190.0,0.608799,1014.7,7.2,22.3,2.5
2022-12-08 15:00:00,5.1,93.0,200.0,0.674523,1015.4,6.1,13.0,0.3
2022-12-08 16:00:00,5.1,93.0,200.0,0.651169,1015.4,6.1,13.0,0.5
2022-12-08 17:00:00,4.4,92.0,230.0,0.643213,1016.0,5.6,11.2,1.5
2022-12-08 18:00:00,4.4,92.0,240.0,0.645048,1015.9,5.6,9.4,0.5
2022-12-08 19:00:00,4.4,92.0,240.0,0.63466,1015.9,5.6,9.4,0.5
2022-12-08 20:00:00,5.1,93.0,220.0,0.642825,1015.0,6.1,7.6,0.3
2022-12-08 21:00:00,5.1,93.0,220.0,0.629898,1015.0,6.1,7.6,0.0
2022-12-08 22:00:00,4.4,89.0,230.0,0.623629,1015.0,6.1,7.6,0.0
2022-12-08 23:00:00,3.9,86.0,190.0,0.623508,1015.1,6.1,7.6,0.0
2022-12-09 00:00:00,4.4,92.0,180.0,0.668254,1015.3,5.6,11.2,0.0
2022-12-09 01:00:00,4.4,92.0,180.0,0.686851,1015.3,5.6,11.2,1.5
2022-12-09 02:00:00,4.0,93.0,210.0,0.677589,1015.6,5.0,13.0,0.4
2022-12-09 03:00:00,3.4,93.0,200.0,0.6329,1016.0,4.4,13.0,0.1
2022-12-09 04:00:00,3.4,93.0,200.0,0.633972,1016.0,4.4,13.0,0.3
2022-12-09 05:00:00,2.3,93.0,0.0,0.59391,1016.8,3.3,0.0,2.3
2022-12-09 06:00:00,2.3,93.0,0.0,0.55665,1016.8,3.3,0.0,0.3
2022-12-09 07:00:00,1.2,89.0,0.0,0.508425,1016.8,2.8,0.0,0.0
2022-12-09 08:00:00,1.8,93.0,160.0,0.484127,1016.7,2.8,7.6,0.0
2022-12-09 09:00:00,1.8,93.0,160.0,0.473322,1016.7,2.8,7.6,0.0
2022-12-09 10:00:00,2.3,93.0,140.0,0.475331,1016.4,3.3,9.4,0.3
2022-12-09 11:00:00,1.8,93.0,0.0,0.487185,1015.7,2.8,0.0,0.8
2022-12-09 12:00:00,1.8,93.0,0.0,0.519954,1015.7,2.8,0.0,0.0
2022-12-09 13:00:00,2.9,93.0,0.0,0.572713,1015.4,3.9,0.0,0.0
2022-12-09 14:00:00,2.9,93.0,0.0,0.649707,1015.4,3.9,0.0,0.0
2022-12-09 15:00:00,2.3,89.0,160.0,0.694769,1015.0,3.9,14.8,0.0
2022-12-09 16:00:00,2.3,89.0,160.0,0.704957,1014.2,3.9,13.0,0.0
2022-12-09 17:00:00,2.9,86.0,160.0,0.714962,1012.8,5.0,20.5,0.1
2022-12-09 18:00:00,2.9,86.0,160.0,0.711436,1012.8,5.0,20.5,0.3
2022-12-09 19:00:00,3.9,89.0,160.0,0.698662,1009.6,5.6,16.6,0.5
2022-12-09 20:00:00,3.9,86.0,160.0,0.679835,1007.8,6.1,14.8,0.3
2022-12-09 21:00:00,3.9,86.0,160.0,0.673128,1007.8,6.1,14.8,0.3
2022-12-09 22:00:00,3.9,86.0,170.0,0.669627,1005.8,6.1,18.4,0.8
2022-12-09 23:00:00,4.4,89.0,160.0,0.688288,1004.2,6.1,16.6,2.3
2022-12-10 00:00:00,4.4,89.0,150.0,0.712985,1001.2,6.1,13.0,1.3
2022-12-10 01:00:00,4.4,89.0,150.0,0.706438,1001.2,6.1,13.0,1.0
2022-12-10 02:00:00,4.4,89.0,160.0,0.692466,999.7,6.1,16.6,1.0
2022-12-10 03:00:00,5.7,90.0,170.0,0.661098,998.4,7.2,25.9,0.5
2022-12-10 04:00:00,6.1,86.0,180.0,0.620022,996.4,8.3,35.3,1.3
2022-12-10 05:00:00,5.1,77.0,180.0,0.600611,996.2,8.9,51.8,0.8
2022-12-10 06:00:00,5.1,77.0,180.0,0.551405,996.0,8.9,51.8,0.5
2022-12-10 07:00:00,5.1,77.0,190.0,0.503199,996.0,8.9,51.8,0.5
2022-12-10 08:00:00,5.1,77.0,190.0,0.465397,995.1,8.9,35.3,0.3
2022-12-10 09:00:00,4.3,73.0,190.0,0.45283,994.8,8.9,35.3,0.3
2022-12-10 10:00:00,5.1,80.0,180.0,0.451533,994.2,8.3,40.7,0.3
2022-12-10 11:00:00,5.1,80.0,190.0,0.430878,994.2,8.3,35.3,0.5
2022-12-10 12:00:00,5.1,80.0,190.0,0.456074,993.7,8.3,22.3,1.7
2022-12-10 13:00:00,4.3,73.0,180.0,0.484465,993.4,8.9,35.3,0.5
2022-12-10 14:00:00,5.1,80.0,200.0,0.522922,993.8,8.3,38.9,0.3
2022-12-10 15:00:00,3.9,71.0,180.0,0.568357,994.0,8.9,31.7,0.8
2022-12-10 16:00:00,3.9,71.0,190.0,0.608522,994.0,8.9,35.3,0.0
2022-12-10 17:00:00,3.4,66.0,190.0,0.587756,994.2,9.4,37.1,0.0
2022-12-10 18:00:00,3.4,66.0,200.0,0.606349,994.2,9.4,40.7,1.8
2022-12-10 19:00:00,3.9,66.0,200.0,0.563294,994.3,10.0,31.7,0.6
2022-12-10 20:00:00,4.9,68.0,190.0,0.5695,994.3,10.6,25.9,0.0
2022-12-10 21:00:00,4.9,68.0,190.0,0.564369,994.3,10.6,25.9,0.0
2022-12-10 22:00:00,5.0,71.0,180.0,0.55962,994.8,10.0,25.9,0.0
2022-12-10 23:00:00,5.1,77.0,180.0,0.56869,995.6,8.9,18.4,0.0
2022-12-11 00:00:00,5.1,77.0,190.0,0.610899,996.5,8.9,20.5,0.0
2022-12-11 01:00:00,5.0,86.0,190.0,0.619683,996.6,7.2,11.2,0.3
2022-12-11 02:00:00,3.8,82.0,4.0,0.604933,998.2,6.7,0.0,0.0
2022-12-11 03:00:00,3.8,82.0,170.0,0.591272,998.2,6.7,13.0,0.0
2022-12-11 04:00:00,3.3,85.0,150.0,0.588082,998.4,5.6,9.4,0.0
2022-12-11 05:00:00,3.9,86.0,200.0,0.557236,999.2,6.1,5.4,0.0
2022-12-11 06:00:00,2.2,96.0,0.0,0.519858,1000.0,2.8,0.0,0.0
2022-12-11 07:00:00,1.0,92.0,0.0,0.489259,1001.4,2.2,0.0,0.0
2022-12-11 08:00:00,1.0,92.0,0.0,0.462082,1001.4,2.2,0.0,0.0
2022-12-11 09:00:00,1.7,100.0,30.0,0.456583,1001.6,1.7,5.4,0.0
2022-12-11 10:00:00,1.8,97.0,290.0,0.444192,1002.4,2.2,9.4,0.0
2022-12-11 11:00:00,2.8,100.0,300.0,0.457302,1003.0,2.8,5.4,0.0
2022-12-11 12:00:00,2.8,100.0,350.0,0.464063,1003.3,2.8,7.6,0.0
2022-12-11 13:00:00,2.8,100.0,0.0,0.50336,1004.7,2.8,0.0,0.0
2022-12-11 14:00:00,2.8,100.0,0.0,0.540415,1004.7,2.8,0.0,0.1
2022-12-11 15:00:00,2.2,96.0,0.0,0.597287,1005.0,2.8,0.0,0.3
2022-12-11 16:00:00,0.7,97.0,260.0,0.650587,1005.6,1.1,7.6,0.0
2022-12-11 17:00:00,2.2,96.0,290.0,0.664959,1007.3,2.8,5.4,0.0
2022-12-11 18:00:00,2.2,96.0,270.0,0.639833,1008.0,2.8,5.4,0.0
2022-12-11 19:00:00,4.0,97.0,0.0,0.642195,1007.5,4.4,0.0,0.0
2022-12-11 20:00:00,4.4,96.0,250.0,0.639408,1007.7,5.0,9.4,0.0
2022-12-11 21:00:00,4.4,96.0,250.0,0.614588,1007.7,5.0,9.4,0.0
2022-12-11 22:00:00,5.0,89.0,240.0,0.601664,1008.3,6.7,9.4,0.0
2022-12-11 23:00:00,5.0,89.0,240.0,0.615179,1008.3,6.7,9.4,0.0
2022-12-12 00:00:00,5.0,89.0,260.0,0.640204,1009.5,6.7,5.4,0.0
2022-12-12 01:00:00,5.0,89.0,260.0,0.691948,1009.5,6.7,5.4,0.0
2022-12-12 02:00:00,5.1,93.0,240.0,0.685467,1010.5,6.1,7.6,0.0
2022-12-12 03:00:00,4.4,92.0,0.0,0.676899,1011.1,5.6,0.0,0.0
2022-12-12 04:00:00,4.4,92.0,0.0,0.645121,1011.1,5.6,0.0,0.0
2022-12-12 05:00:00,4.0,93.0,0.0,0.585886,1011.9,5.0,0.0,0.0
2022-12-12 06:00:00,2.9,97.0,0.0,0.527263,1012.4,3.3,0.0,0.0
2022-12-12 07:00:00,1.7,100.0,0.0,0.488403,1013.1,1.7,0.0,0.0
2022-12-12 08:00:00,1.7,100.0,0.0,0.462161,1013.1,1.7,0.0,0.0
2022-12-12 09:00:00,1.1,100.0,0.0,0.456526,1013.8,1.1,0.0,0.0
2022-12-12 10:00:00,1.1,100.0,0.0,0.456558,1013.8,1.1,0.0,0.0
2022-12-12 11:00:00,2.2,96.0,0.0,0.468321,1015.1,2.8,5.4,0.0
2022-12-12 12:00:00,1.8,97.0,0.0,0.478147,1015.5,2.2,0.0,0.0
2022-12-12 13:00:00,1.8,97.0,0.0,0.560152,1015.9,2.2,0.0,0.0
2022-12-12 14:00:00,1.8,93.0,360.0,0.656592,1016.5,2.8,5.4,0.0
2022-12-12 15:00:00,1.8,93.0,360.0,0.702033,1016.5,2.8,5.4,0.0
2022-12-12 16:00:00,2.2,96.0,240.0,0.697304,1017.5,2.8,5.4,0.0
2022-12-12 17:00:00,4.0,97.0,0.0,0.66181,1018.3,4.4,0.0,0.0
2022-12-12 18:00:00,3.9,89.0,0.0,0.591414,1018.2,5.6,0.0,0.0
2022-12-12 19:00:00,4.4,85.0,0.0,0.551944,1018.2,6.7,0.0,0.0
2022-12-12 20:00:00,4.4,85.0,0.0,0.529387,1018.2,6.7,0.0,0.0
2022-12-12 21:00:00,3.3,68.0,0.0,0.53976,1018.3,8.9,0.0,0.0
2022-12-12 22:00:00,3.3,68.0,0.0,0.582085,1018.3,8.9,0.0,0.0
2022-12-12 23:00:00,2.1,65.0,10.0,0.592318,1018.5,8.3,7.6,0.0
2022-12-13 00:00:00,3.3,76.0,0.0,0.645067,1019.3,7.2,0.0,0.0
2022-12-13 01:00:00,3.3,79.0,0.0,0.674061,1019.6,6.7,0.0,0.0
2022-12-13 02:00:00,3.3,79.0,0.0,0.674439,1019.6,6.7,0.0,0.0
2022-12-13 03:00:00,3.3,89.0,340.0,0.63731,1020.6,5.0,5.4,0.0
2022-12-13 04:00:00,2.2,79.0,10.0,0.61446,1020.7,5.6,5.4,0.0
2022-12-13 05:00:00,1.2,89.0,0.0,0.576475,1021.0,2.8,0.0,0.0
2022-12-13 06:00:00,1.2,89.0,0.0,0.526639,1021.0,2.8,0.0,0.0
2022-12-13 07:00:00,0.7,97.0,340.0,0.4927,1021.4,1.1,9.4,0.0
2022-12-13 08:00:00,-0.6,92.0,340.0,0.483185,1021.7,0.6,9.4,0.0
2022-12-13 09:00:00,-0.6,100.0,0.0,0.482172,1021.9,-0.6,0.0,0.0
2022-12-13 10:00:00,-1.1,92.0,280.0,0.504239,1022.3,0.0,7.6,0.0
2022-12-13 11:00:00,-1.1,92.0,280.0,0.51632,1022.3,0.0,7.6,0.0
2022-12-13 12:00:00,0.0,96.0,250.0,0.565133,1022.5,0.6,5.4,0.0
2022-12-13 13:00:00,-0.6,96.0,250.0,0.634568,1022.7,0.0,7.6,0.0
2022-12-13 14:00:00,-0.6,92.0,290.0,0.713859,1023.0,0.6,7.6,0.0
2022-12-13 15:00:00,-0.6,92.0,290.0,0.759513,1023.0,0.6,7.6,0.0
2022-12-13 16:00:00,0.0,96.0,0.0,0.747775,1023.2,0.6,0.0,0.0
2022-12-13 17:00:00,1.1,96.0,210.0,0.735828,1024.2,1.7,5.4,0.0
2022-12-13 18:00:00,1.8,93.0,260.0,0.686606,1024.6,2.8,5.4,0.0
2022-12-13 19:00:00,1.8,86.0,0.0,0.67598,1024.5,3.9,0.0,0.0
2022-12-13 20:00:00,1.7,79.0,0.0,0.635841,1024.1,5.0,0.0,0.0
2022-12-13 21:00:00,1.7,79.0,0.0,0.609816,1024.1,5.0,0.0,0.0
2022-12-13 22:00:00,1.0,70.0,0.0,0.618983,1024.1,6.1,0.0,0.0
2022-12-13 23:00:00,1.0,70.0,0.0,0.625566,1024.1,6.1,0.0,0.0
2022-12-14 00:00:00,2.2,79.0,0.0,0.685204,1024.4,5.6,0.0,0.0
2022-12-14 01:00:00,2.2,82.0,0.0,0.709584,1024.7,5.0,0.0,0.0
2022-12-14 02:00:00,2.3,86.0,0.0,0.696354,1024.9,4.4,0.0,0.0
2022-12-14 03:00:00,2.3,89.0,0.0,0.666372,1025.1,3.9,0.0,0.0
2022-12-14 04:00:00,2.9,93.0,0.0,0.668472,1025.1,3.9,0.0,0.0
2022-12-14 05:00:00,2.3,93.0,0.0,0.610533,1025.6,3.3,0.0,0.0
2022-12-14 06:00:00,2.3,93.0,0.0,0.553918,1025.6,3.3,0.0,0.0
2022-12-14 07:00:00,0.5,92.0,0.0,0.507082,1025.5,1.7,0.0,0.0
2022-12-14 08:00:00,0.5,92.0,0.0,0.503973,1025.5,1.7,0.0,0.0
2022-12-14 09:00:00,0.0,96.0,0.0,0.501414,1025.8,0.6,0.0,0.0
2022-12-14 10:00:00,-1.1,100.0,0.0,0.508737,1026.8,-1.1,0.0,0.0
2022-12-14 11:00:00,0.0,96.0,0.0,0.531995,1026.8,0.6,0.0,0.0
2022-12-14 12:00:00,0.7,97.0,0.0,0.552655,1026.9,1.1,0.0,0.0
2022-12-14 13:00:00,0.7,97.0,0.0,0.623583,1026.9,1.1,0.0,0.0
2022-12-14 14:00:00,-0.6,96.0,0.0,0.719012,1027.4,0.0,0.0,0.0
2022-12-14 15:00:00,-0.6,96.0,0.0,0.777974,1027.4,0.0,0.0,0.0
2022-12-14 16:00:00,0.0,96.0,250.0,0.770117,1028.6,0.6,5.4,0.0
2022-12-14 17:00:00,2.3,93.0,0.0,0.673743,1028.7,3.3,0.0,0.0
2022-12-14 18:00:00,2.3,86.0,120.0,0.57091,1028.7,4.4,5.4,0.0
2022-12-14 19:00:00,2.3,86.0,120.0,0.502388,1028.7,4.4,5.4,0.0
2022-12-14 20:00:00,1.6,65.0,50.0,0.484784,1028.4,7.8,11.2,0.0
2022-12-14 21:00:00,1.6,65.0,50.0,0.476778,1028.4,7.8,11.2,0.0
2022-12-14 22:00:00,1.2,63.0,20.0,0.519045,1028.2,7.8,7.6,0.0
2022-12-14 23:00:00,1.2,68.0,2.0,0.556317,1028.3,6.7,7.6,0.0
2022-12-15 00:00:00,0.6,73.0,350.0,0.630003,1028.9,5.0,5.4,0.0
2022-12-15 01:00:00,0.6,73.0,350.0,0.71264,1028.9,5.0,5.4,0.0
2022-12-15 02:00:00,0.7,83.0,340.0,0.726025,1029.5,3.3,9.4,0.0
2022-12-15 03:00:00,-0.6,85.0,360.0,0.723256,1029.5,1.7,9.4,0.0
2022-12-15 04:00:00,-1.1,92.0,0.0,0.709013,1029.8,0.0,0.0,0.0
2022-12-15 05:00:00,-1.2,88.0,340.0,0.67331,1030.2,0.6,7.6,0.0
2022-12-15 06:00:00,-1.2,88.0,340.0,0.610648,1030.2,0.6,7.6,0.0
2022-12-15 07:00:00,-2.8,92.0,320.0,0.575016,1030.4,-1.7,5.4,0.0
2022-12-15 08:00:00,-2.8,92.0,320.0,0.551958,1030.4,-1.7,5.4,0.0
2022-12-15 09:00:00,-2.8,88.0,340.0,0.565872,1030.7,-1.1,7.6,0.0
2022-12-15 10:00:00,-2.8,88.0,340.0,0.574629,1030.7,-1.1,7.6,0.0
2022-12-15 11:00:00,-2.2,89.0,350.0,0.584281,1030.5,-0.6,11.2,0.0
2022-12-15 12:00:00,-2.2,89.0,360.0,0.630125,1030.4,-0.6,11.2,0.0
2022-12-15 13:00:00,-2.2,92.0,360.0,0.710152,1030.2,-1.1,11.2,0.0
2022-12-15 14:00:00,-2.8,88.0,360.0,0.809507,1030.0,-1.1,9.4,0.0
2022-12-15 15:00:00,-2.8,88.0,360.0,0.877469,1030.0,-1.1,9.4,0.0
2022-12-15 16:00:00,-1.2,88.0,340.0,0.821704,1030.5,0.6,11.2,0.0
2022-12-15 17:00:00,-1.2,88.0,360.0,0.711862,1030.9,0.6,9.4,0.0
2022-12-15 18:00:00,0.6,70.0,360.0,0.605951,1030.3,5.6,14.8,0.0
2022-12-15 19:00:00,-0.1,60.0,350.0,0.539363,1029.8,7.2,13.0,0.0
2022-12-15 20:00:00,-0.1,60.0,350.0,0.497555,1029.8,7.2,13.0,0.0
2022-12-15 21:00:00,-1.8,49.0,10.0,0.498693,1028.3,8.3,14.8,0.0
2022-12-15 22:00:00,-1.0,56.0,330.0,0.568066,1028.2,7.2,9.4,0.0
2022-12-15 23:00:00,-1.0,56.0,330.0,0.60867,1028.2,7.2,9.4,0.0
2022-12-16 00:00:00,-2.3,57.0,330.0,0.676961,1028.7,5.6,9.4,0.0
2022-12-16 01:00:00,-2.3,57.0,330.0,0.707404,1028.7,5.6,9.4,0.0
2022-12-16 02:00:00,-1.6,65.0,320.0,0.708099,1028.9,4.4,9.4,0.0
2022-12-16 03:00:00,-2.1,60.0,10.0,0.6778,1029.2,5.0,13.0,0.0
2022-12-16 04:00:00,-2.1,60.0,10.0,0.665595,1029.2,5.0,13.0,0.0
2022-12-16 05:00:00,-2.3,64.0,340.0,0.638936,1029.5,3.9,16.6,0.0
2022-12-16 06:00:00,-3.3,62.0,360.0,0.596188,1029.5,3.3,20.5,0.0
2022-12-16 07:00:00,-3.3,62.0,340.0,0.550326,1029.4,3.3,16.6,0.0
2022-12-16 08:00:00,-3.4,59.0,5.0,0.518172,1029.3,3.9,16.6,0.0
2022-12-16 09:00:00,-3.9,57.0,20.0,0.51968,1028.7,3.9,25.9,0.0
2022-12-16 10:00:00,-3.9,64.0,10.0,0.519446,1028.5,2.2,13.0,0.0
2022-12-16 11:00:00,-3.9,64.0,10.0,0.532821,1028.5,2.2,13.0,0.0
2022-12-16 12:00:00,-4.0,61.0,10.0,0.561532,1027.3,2.8,22.3,0.0
2022-12-16 13:00:00,-3.9,64.0,350.0,0.627868,1027.2,2.2,18.4,0.0
2022-12-16 14:00:00,-3.9,64.0,350.0,0.707437,1027.0,2.2,18.4,0.0
2022-12-16 15:00:00,-3.9,64.0,350.0,0.739836,1027.0,2.2,18.4,0.0
2022-12-16 16:00:00,-4.0,66.0,10.0,0.750548,1027.1,1.7,14.8,0.0
2022-12-16 17:00:00,-3.4,57.0,350.0,0.674054,1027.1,4.4,16.6,0.0
2022-12-16 18:00:00,-3.3,51.0,360.0,0.581498,1026.7,6.1,16.6,0.0
2022-12-16 19:00:00,-3.3,51.0,360.0,0.53193,1026.7,6.1,16.6,0.0
2022-12-16 20:00:00,-3.3,44.0,350.0,0.48446,1025.5,8.3,14.8,0.0
2022-12-16 21:00:00,-3.9,42.0,20.0,0.484781,1024.9,8.3,16.6,0.0
2022-12-16 22:00:00,-3.3,44.0,20.0,0.518277,1024.5,8.3,9.4,0.0
2022-12-16 23:00:00,-3.3,44.0,20.0,0.560799,1024.5,8.3,9.4,0.0
2022-12-17 00:00:00,-2.2,53.0,20.0,0.636302,1024.3,6.7,13.0,0.0
2022-12-17 01:00:00,-4.0,66.0,0.0,0.696423,1023.4,1.7,0.0,0.0
2022-12-17 02:00:00,-4.0,78.0,0.0,0.685094,1023.1,-0.6,5.4,0.0
2022-12-17 03:00:00,-4.4,78.0,0.0,0.692798,1022.9,-1.1,0.0,0.0
2022-12-17 04:00:00,-4.4,78.0,0.0,0.681195,1022.9,-1.1,0.0,0.0
2022-12-17 05:00:00,-4.4,85.0,0.0,0.665175,1023.4,-2.2,0.0,0.0
2022-12-17 06:00:00,-5.0,85.0,50.0,0.634676,1023.2,-2.8,5.4,0.0
2022-12-17 07:00:00,-4.4,92.0,0.0,0.610318,1023.1,-3.3,0.0,0.0
2022-12-17 08:00:00,-5.6,88.0,0.0,0.591261,1022.6,-3.9,0.0,0.0
2022-12-17 09:00:00,-5.6,88.0,0.0,0.595921,1022.6,-3.9,0.0,0.0
2022-12-17 10:00:00,-5.6,91.0,0.0,0.607098,1022.5,-4.4,0.0,0.0
2022-12-17 11:00:00,-6.7,88.0,0.0,0.632752,1022.2,-5.0,0.0,0.0
2022-12-17 12:00:00,-6.1,92.0,30.0,0.666065,1022.0,-5.0,7.6,0.0
2022-12-17 13:00:00,-6.1,88.0,0.0,0.715641,1021.7,-4.4,0.0,0.0
2022-12-17 14:00:00,-6.1,88.0,0.0,0.777855,1021.7,-4.4,0.0,0.0
2022-12-17 15:00:00,-6.1,92.0,0.0,0.820147,1021.9,-5.0,0.0,0.0
2022-12-17 16:00:00,-4.4,92.0,0.0,0.855472,1021.5,-3.3,0.0,0.0
2022-12-17 17:00:00,-2.8,88.0,0.0,0.847085,1022.0,-1.1,0.0,0.0
2022-12-17 18:00:00,-1.7,92.0,210.0,0.838055,1021.3,-0.6,5.4,0.0
2022-12-17 19:00:00,-1.7,92.0,210.0,0.786594,1021.3,-0.6,5.4,0.0
2022-12-17 20:00:00,-1.8,75.0,2.0,0.720918,1020.1,2.2,5.4,0.0
2022-12-17 21:00:00,-1.1,70.0,0.0,0.631525,1020.0,3.9,0.0,0.0
2022-12-17 22:00:00,-1.7,70.0,0.0,0.657391,1019.9,3.3,0.0,0.0
2022-12-17 23:00:00,-1.7,70.0,0.0,0.67574,1019.9,3.3,0.0,0.0
2022-12-18 00:00:00,-1.8,75.0,0.0,0.716418,1019.5,2.2,0.0,0.0
2022-12-18 01:00:00,-0.6,82.0,0.0,0.725977,1019.4,2.2,0.0,0.0
2022-12-18 02:00:00,-0.6,82.0,0.0,0.711941,1019.3,2.2,7.6,0.0
2022-12-18 03:00:00,-0.6,82.0,0.0,0.694588,1019.2,2.2,0.0,0.0
2022-12-18 04:00:00,-0.6,82.0,0.0,0.680762,1019.2,2.2,0.0,0.0
2022-12-18 05:00:00,-0.6,82.0,2.0,0.620869,1018.6,2.2,0.0,0.0
2022-12-18 06:00:00,-0.1,85.0,0.0,0.578589,1018.7,2.2,0.0,0.0
2022-12-18 07:00:00,-0.7,88.0,160.0,0.546734,1018.6,1.1,9.4,0.0
2022-12-18 08:00:00,0.1,89.0,0.0,0.513914,1018.2,1.7,0.0,0.0
2022-12-18 09:00:00,0.1,89.0,0.0,0.50739,1018.2,1.7,0.0,0.0
2022-12-18 10:00:00,-0.7,88.0,0.0,0.49327,1018.1,1.1,0.0,0.0
2022-12-18 11:00:00,0.1,89.0,0.0,0.487346,1017.6,1.7,0.0,0.0
2022-12-18 12:00:00,1.2,89.0,0.0,0.506987,1017.4,2.8,0.0,0.0
2022-12-18 13:00:00,1.2,89.0,0.0,0.547114,1017.4,2.8,0.0,0.0
2022-12-18 14:00:00,2.3,93.0,210.0,0.57804,1016.7,3.3,14.8,0.0
2022-12-18 15:00:00,2.3,93.0,210.0,0.629635,1016.7,3.3,14.8,0.0
2022-12-18 16:00:00,2.9,93.0,200.0,0.688402,1017.4,3.9,11.2,0.3
2022-12-18 17:00:00,2.9,93.0,200.0,0.682915,1017.4,3.9,11.2,0.0
2022-12-18 18:00:00,3.3,89.0,200.0,0.6429,1017.8,5.0,18.4,0.0
2022-12-18 19:00:00,3.3,85.0,200.0,0.609955,1017.2,5.6,14.8,0.0
2022-12-18 20:00:00,3.8,82.0,210.0,0.589068,1016.5,6.7,18.4,0.0
2022-12-18 21:00:00,2.8,76.0,250.0,0.607051,1016.2,6.7,20.5,0.0
2022-12-18 22:00:00,2.8,76.0,250.0,0.619397,1016.2,6.7,20.5,0.0
2022-12-18 23:00:00,2.7,79.0,230.0,0.653588,1016.4,6.1,14.8,0.3
2022-12-19 00:00:00,2.9,86.0,230.0,0.676781,1017.6,5.0,14.8,0.0
2022-12-19 01:00:00,1.8,86.0,240.0,0.716899,1018.2,3.9,14.8,0.0
2022-12-19 02:00:00,2.3,89.0,230.0,0.717872,1018.8,3.9,11.2,0.0
2022-12-19 03:00:00,2.7,89.0,220.0,0.698065,1019.2,4.4,9.4,0.0
2022-12-19 04:00:00,2.7,89.0,220.0,0.655972,1019.2,4.4,9.4,0.0
2022-12-19 05:00:00,2.9,93.0,0.0,0.602544,1020.2,3.9,0.0,0.0
2022-12-19 06:00:00,1.7,89.0,220.0,0.549156,1020.8,3.3,13.0,0.0
2022-12-19 07:00:00,1.0,92.0,210.0,0.507943,1021.2,2.2,9.4,0.0
2022-12-19 08:00:00,1.0,92.0,210.0,0.483747,1021.2,2.2,9.4,0.0
2022-12-19 09:00:00,1.8,93.0,210.0,0.472912,1022.1,2.8,9.4,0.0
2022-12-19 10:00:00,2.2,96.0,200.0,0.481096,1022.5,2.8,11.2,0.0
2022-12-19 11:00:00,1.8,97.0,2.0,0.487819,1022.9,2.2,11.2,0.0
2022-12-19 12:00:00,1.8,97.0,270.0,0.506804,1022.9,2.2,7.6,0.0
2022-12-19 13:00:00,2.2,96.0,0.0,0.567198,1023.1,2.8,0.0,0.0
2022-12-19 14:00:00,1.8,97.0,0.0,0.614392,1023.7,2.2,0.0,0.0
2022-12-19 15:00:00,1.0,92.0,0.0,0.669895,1024.1,2.2,0.0,0.0
2022-12-19 16:00:00,1.0,92.0,0.0,0.691962,1024.1,2.2,0.0,0.0
2022-12-19 17:00:00,2.3,93.0,2.0,0.69249,1025.1,3.3,0.0,0.3
2022-12-19 18:00:00,2.3,93.0,350.0,0.688132,1025.1,3.3,5.4,0.0
2022-12-19 19:00:00,2.3,86.0,360.0,0.686764,1024.5,4.4,11.2,0.0
2022-12-19 20:00:00,2.3,86.0,360.0,0.66973,1024.5,4.4,11.2,0.0
2022-12-19 21:00:00,2.2,82.0,10.0,0.653847,1024.6,5.0,7.6,0.0
2022-12-19 22:00:00,2.8,82.0,30.0,0.65657,1024.2,5.6,5.4,0.0
2022-12-19 23:00:00,3.3,89.0,110.0,0.658713,1024.3,5.0,7.6,0.0
2022-12-20 00:00:00,2.7,89.0,0.0,0.694318,1024.5,4.4,0.0,0.0
2022-12-20 01:00:00,2.7,89.0,0.0,0.714385,1024.5,4.4,0.0,0.0
2022-12-20 02:00:00,2.3,93.0,330.0,0.706149,1023.4,3.3,5.4,0.0
2022-12-20 03:00:00,2.3,93.0,330.0,0.687697,1023.4,3.3,5.4,0.0
2022-12-20 04:00:00,1.8,93.0,0.0,0.68188,1023.1,2.8,0.0,0.0
2022-12-20 05:00:00,0.5,92.0,240.0,0.623437,1023.3,1.7,5.4,0.0
2022-12-20 06:00:00,0.0,96.0,250.0,0.575229,1023.7,0.6,5.4,0.0
2022-12-20 07:00:00,0.0,96.0,250.0,0.532971,1023.7,0.6,5.4,0.0
2022-12-20 08:00:00,1.8,97.0,2.0,0.491086,1023.3,2.2,5.4,0.0
2022-12-20 09:00:00,1.8,93.0,0.0,0.486759,1023.1,2.8,0.0,0.0
2022-12-20 10:00:00,1.8,93.0,0.0,0.481238,1023.1,2.8,0.0,0.0
2022-12-20 11:00:00,2.2,96.0,2.0,0.500334,1022.7,2.8,0.0,0.0
2022-12-20 12:00:00,2.2,96.0,330.0,0.515521,1022.7,2.8,5.4,0.3
2022-12-20 13:00:00,2.2,96.0,0.0,0.56516,1022.0,2.8,0.0,0.0
2022-12-20 14:00:00,2.2,96.0,0.0,0.620402,1022.2,2.8,0.0,0.0
2022-12-20 15:00:00,2.3,93.0,20.0,0.681152,1021.9,3.3,5.4,0.0
2022-12-20 16:00:00,3.3,96.0,0.0,0.701123,1022.1,3.9,0.0,0.0
2022-12-20 17:00:00,3.3,96.0,0.0,0.705114,1022.1,3.9,0.0,0.0
2022-12-20 18:00:00,5.6,86.0,190.0,0.680799,1021.5,7.8,22.3,0.3
2022-12-20 19:00:00,6.1,89.0,200.0,0.692162,1020.8,7.8,22.3,0.5
2022-12-20 20:00:00,7.2,93.0,5.0,0.681248,1020.3,8.3,22.3,0.3
2022-12-20 21:00:00,7.2,93.0,200.0,0.652502,1020.3,8.3,16.6,0.5
2022-12-20 22:00:00,7.8,93.0,190.0,0.646485,1019.9,8.9,20.5,1.0
2022-12-20 23:00:00,7.8,90.0,200.0,0.643591,1019.8,9.4,18.4,0.3
2022-12-21 00:00:00,7.8,93.0,4.0,0.660398,1020.1,8.9,18.4,1.0
2022-12-21 01:00:00,7.8,93.0,210.0,0.663338,1020.4,8.9,14.8,0.8
2022-12-21 02:00:00,7.8,93.0,220.0,0.636884,1020.9,8.9,14.8,0.5
2022-12-21 03:00:00,7.8,93.0,250.0,0.622221,1021.7,8.9,5.4,0.0
2022-12-21 04:00:00,7.8,93.0,250.0,0.600994,1021.7,8.9,5.4,0.3
2022-12-21 05:00:00,5.0,89.0,240.0,0.561017,1023.2,6.7,7.6,0.1
2022-12-21 06:00:00,4.0,93.0,360.0,0.515177,1024.6,5.0,5.4,0.0
2022-12-21 07:00:00,4.0,97.0,210.0,0.484556,1025.5,4.4,5.4,0.0
2022-12-21 08:00:00,4.0,93.0,210.0,0.47113,1025.7,5.0,0.0,0.0
2022-12-21 09:00:00,4.0,93.0,0.0,0.469065,1025.7,5.0,0.0,0.0
2022-12-21 10:00:00,3.3,89.0,0.0,0.486043,1027.1,5.0,0.0,0.0
2022-12-21 11:00:00,2.3,89.0,0.0,0.489137,1027.2,3.9,0.0,0.0
2022-12-21 12:00:00,1.0,92.0,320.0,0.539626,1027.7,2.2,5.4,0.0
2022-12-21 13:00:00,-0.1,92.0,340.0,0.589385,1027.7,1.1,9.4,0.0
2022-12-21 14:00:00,-0.1,92.0,340.0,0.652749,1027.7,1.1,9.4,0.0
2022-12-21 15:00:00,-0.6,92.0,300.0,0.708177,1028.1,0.6,7.6,0.0
2022-12-21 16:00:00,-0.7,88.0,350.0,0.736142,1028.3,1.1,7.6,0.0
2022-12-21 17:00:00,-0.7,78.0,330.0,0.683555,1029.1,2.8,7.6,0.0
2022-12-21 18:00:00,-0.7,78.0,330.0,0.605407,1029.1,2.8,7.6,0.0
2022-12-21 19:00:00,-1.7,67.0,340.0,0.519653,1028.7,3.9,13.0,0.0
2022-12-21 20:00:00,-2.8,57.0,350.0,0.567771,1028.3,5.0,11.2,0.0
2022-12-21 21:00:00,-3.3,55.0,360.0,0.518258,1028.2,5.0,11.2,0.0
2022-12-21 22:00:00,-3.2,53.0,10.0,0.492972,1028.3,5.6,7.6,0.0
2022-12-21 23:00:00,-3.2,53.0,10.0,0.604383,1028.3,5.6,7.6,0.0
2022-12-22 00:00:00,-4.0,66.0,10.0,0.696255,1028.4,1.7,7.6,0.0
2022-12-22 01:00:00,-4.4,69.0,10.0,0.726304,1028.4,0.6,7.6,0.0
2022-12-22 02:00:00,-6.6,66.0,50.0,0.748359,1028.6,-1.1,18.4,0.0
2022-12-22 03:00:00,-7.8,63.0,40.0,0.762641,1029.2,-1.7,14.8,0.0
2022-12-22 04:00:00,-8.9,60.0,20.0,0.771381,1029.1,-2.2,16.6,0.0
2022-12-22 05:00:00,-8.9,60.0,20.0,0.746373,1029.1,-2.2,16.6,0.0
2022-12-22 06:00:00,-10.6,57.0,10.0,0.706911,1030.1,-3.3,14.8,0.0
2022-12-22 07:00:00,-11.8,52.0,10.0,0.68368,1030.1,-3.3,22.3,0.0
2022-12-22 08:00:00,-11.6,55.0,10.0,0.680429,1029.6,-3.9,18.4,0.0
2022-12-22 09:00:00,-11.6,55.0,10.0,0.691707,1029.6,-3.9,18.4,0.0
2022-12-22 10:00:00,-12.8,50.0,10.0,0.688015,1029.9,-3.9,25.9,0.0
2022-12-22 11:00:00,-13.3,50.0,30.0,0.699321,1029.1,-4.4,22.3,0.0
2022-12-22 12:00:00,-13.8,48.0,10.0,0.752522,1028.8,-4.4,22.3,0.0
2022-12-22 13:00:00,-13.8,48.0,10.0,0.810568,1028.6,-4.4,27.7,0.0
2022-12-22 14:00:00,-13.8,48.0,10.0,0.898225,1028.6,-4.4,27.7,0.0
2022-12-22 15:00:00,-13.8,48.0,10.0,0.950398,1028.1,-4.4,20.5,0.0
2022-12-22 16:00:00,-13.8,48.0,10.0,0.985716,1028.0,-4.4,18.4,0.0
2022-12-22 17:00:00,-13.8,48.0,10.0,0.972685,1028.0,-4.4,18.4,0.0
2022-12-22 18:00:00,-13.8,48.0,360.0,0.969481,1027.9,-4.4,22.3,0.0
2022-12-22 19:00:00,-14.3,46.0,20.0,0.963816,1027.3,-4.4,22.3,0.0
2022-12-22 20:00:00,-14.4,44.0,7.0,0.945514,1025.2,-3.9,20.5,0.0
2022-12-22 21:00:00,-14.4,44.0,360.0,0.922307,1025.2,-3.9,24.1,0.0
2022-12-22 22:00:00,-14.4,42.0,10.0,0.93171,1024.1,-3.3,22.3,0.0
2022-12-22 23:00:00,-14.4,42.0,10.0,0.970219,1024.1,-3.3,22.3,0.0
2022-12-23 00:00:00,-11.8,59.0,10.0,1.0,1023.2,-5.0,14.8,0.4
2022-12-23 01:00:00,-10.6,68.0,360.0,0.988641,1022.7,-5.6,18.4,0.3
2022-12-23 02:00:00,-10.0,71.0,360.0,0.919763,1022.2,-5.6,14.8,0.3
2022-12-23 03:00:00,-10.0,71.0,350.0,0.942065,1021.9,-5.6,18.4,0.4
2022-12-23 04:00:00,-10.0,71.0,350.0,0.92782,1021.9,-5.6,18.4,0.4
2022-12-23 05:00:00,-8.8,78.0,360.0,0.86061,1021.5,-5.6,13.0,0.5
2022-12-23 06:00:00,-8.4,84.0,360.0,0.815419,1021.3,-6.1,18.4,0.5
2022-12-23 07:00:00,-8.4,84.0,360.0,0.783846,1020.9,-6.1,16.6,1.0
2022-12-23 08:00:00,-8.4,84.0,360.0,0.771183,1020.4,-6.1,16.6,0.3
2022-12-23 09:00:00,-7.1,89.0,360.0,0.769686,1019.1,-5.6,9.4,0.3
2022-12-23 10:00:00,-6.7,92.0,350.0,0.775115,1019.1,-5.6,11.2,0.8
2022-12-23 11:00:00,-6.7,92.0,4.0,0.772097,1018.8,-5.6,11.2,0.5
2022-12-23 12:00:00,-6.7,92.0,350.0,0.798485,1018.8,-5.6,13.0,0.5
2022-12-23 13:00:00,-6.1,88.0,360.0,0.829942,1018.4,-4.4,13.0,0.3
2022-12-23 14:00:00,-6.1,92.0,360.0,0.864198,1018.7,-5.0,11.2,0.5
2022-12-23 15:00:00,-5.6,91.0,330.0,0.90956,1019.1,-4.4,5.4,0.5
2022-12-23 16:00:00,-4.9,96.0,0.0,0.924668,1020.1,-4.4,0.0,0.0
2022-12-23 17:00:00,-4.9,96.0,0.0,0.920117,1020.1,-4.4,0.0,0.2
2022-12-23 18:00:00,-5.0,88.0,0.0,0.924334,1020.9,-3.3,0.0,0.0
2022-12-23 19:00:00,-4.4,89.0,0.0,0.938277,1021.3,-2.8,0.0,0.0
2022-12-23 20:00:00,-4.4,89.0,0.0,0.929643,1021.3,-2.8,0.0,0.0
2022-12-23 21:00:00,-4.4,85.0,0.0,0.906359,1021.1,-2.2,0.0,0.0
2022-12-23 22:00:00,-3.9,88.0,0.0,0.887456,1021.4,-2.2,0.0,0.0
2022-12-23 23:00:00,-3.9,88.0,0.0,0.877365,1021.7,-2.2,0.0,0.0
2022-12-24 00:00:00,-3.3,89.0,0.0,0.891015,1022.6,-1.7,0.0,0.0
2022-12-24 01:00:00,-2.8,92.0,0.0,0.910871,1022.9,-1.7,0.0,0.0
2022-12-24 02:00:00,-3.3,89.0,70.0,0.874818,1022.8,-1.7,5.4,0.3
2022-12-24 03:00:00,-2.8,92.0,350.0,0.842982,1023.4,-1.7,5.4,0.0
2022-12-24 04:00:00,-2.8,92.0,0.0,0.809055,1023.2,-1.7,0.0,0.0
2022-12-24 05:00:00,-2.8,92.0,0.0,0.765613,1023.2,-1.7,0.0,0.0
2022-12-24 06:00:00,-2.8,92.0,0.0,0.703866,1023.4,-1.7,5.4,0.0
2022-12-24 07:00:00,-2.3,96.0,0.0,0.667829,1024.0,-1.7,0.0,0.0
2022-12-24 08:00:00,-1.7,96.0,0.0,0.641161,1024.1,-1.1,0.0,0.0
2022-12-24 09:00:00,-1.7,96.0,0.0,0.624415,1023.8,-1.1,0.0,0.0
2022-12-24 10:00:00,-1.7,96.0,0.0,0.612995,1024.1,-1.1,0.0,0.0
2022-12-24 11:00:00,-1.7,96.0,0.0,0.631327,1024.3,-1.1,0.0,0.0
2022-12-24 12:00:00,-1.7,92.0,0.0,0.640546,1024.0,-0.6,0.0,0.0
2022-12-24 13:00:00,-1.2,96.0,0.0,0.682577,1023.5,-0.6,0.0,0.0
2022-12-24 14:00:00,-1.2,96.0,0.0,0.727709,1022.3,-0.6,0.0,0.0
2022-12-24 15:00:00,-1.2,96.0,0.0,0.769491,1022.3,-0.6,0.0,0.0
2022-12-24 16:00:00,-1.1,92.0,0.0,0.814465,1022.0,0.0,0.0,0.0
2022-12-24 17:00:00,-1.1,92.0,0.0,0.838811,1022.0,0.0,0.0,0.0
2022-12-24 18:00:00,-1.1,92.0,0.0,0.880558,1022.1,0.0,0.0,0.3
2022-12-24 19:00:00,-0.6,96.0,340.0,0.835487,1022.7,0.0,5.4,2.8
2022-12-24 20:00:00,-0.6,92.0,320.0,0.820111,1022.7,0.6,7.6,3.3
2022-12-24 21:00:00,0.5,92.0,2.0,0.805577,1021.6,1.7,5.4,1.8
2022-12-24 22:00:00,1.8,97.0,0.0,0.761905,1021.4,2.2,0.0,1.0
2022-12-24 23:00:00,2.2,96.0,0.0,0.757459,1021.9,2.8,0.0,0.3
2022-12-25 00:00:00,2.8,100.0,210.0,0.734464,1023.5,2.8,7.6,0.0
2022-12-25 01:00:00,3.3,100.0,120.0,0.739007,1024.0,3.3,5.4,0.0
2022-12-25 02:00:00,3.3,100.0,100.0,0.708929,1023.8,3.3,9.4,0.0
2022-12-25 03:00:00,3.3,100.0,310.0,0.665545,1024.7,3.3,5.4,0.0
2022-12-25 04:00:00,2.9,97.0,50.0,0.659553,1025.3,3.3,9.4,0.0
2022-12-25 05:00:00,1.8,93.0,300.0,0.62932,1025.6,2.8,5.4,0.0
2022-12-25 06:00:00,1.8,97.0,0.0,0.602088,1025.3,2.2,0.0,0.0
2022-12-25 07:00:00,1.8,97.0,0.0,0.558344,1025.3,2.2,0.0,0.0
2022-12-25 08:00:00,2.2,100.0,0.0,0.517248,1025.2,2.2,0.0,0.0
2022-12-25 09:00:00,2.8,100.0,0.0,0.502928,1024.7,2.8,0.0,0.0
2022-12-25 10:00:00,3.9,100.0,0.0,0.488437,1025.0,3.9,0.0,0.0
2022-12-25 11:00:00,3.9,100.0,0.0,0.493463,1025.0,3.9,0.0,0.0
2022-12-25 12:00:00,3.3,100.0,260.0,0.498766,1024.4,3.3,5.4,0.0
2022-12-25 13:00:00,3.9,100.0,0.0,0.514213,1023.9,3.9,0.0,0.5
2022-12-25 14:00:00,3.3,96.0,130.0,0.557676,1024.0,3.9,9.4,0.5
2022-12-25 15:00:00,3.3,96.0,110.0,0.598203,1024.0,3.9,5.4,0.3
2022-12-25 16:00:00,3.3,100.0,0.0,0.648941,1023.9,3.3,0.0,0.3
2022-12-25 17:00:00,5.7,97.0,0.0,0.672643,1023.9,6.1,0.0,0.5
2022-12-25 18:00:00,5.7,97.0,0.0,0.670186,1023.9,6.1,0.0,0.0
2022-12-25 19:00:00,6.7,100.0,0.0,0.653279,1024.0,6.7,0.0,0.0
2022-12-25 20:00:00,6.8,97.0,0.0,0.620077,1023.6,7.2,0.0,0.0
2022-12-25 21:00:00,8.3,100.0,0.0,0.591196,1022.4,8.3,0.0,0.0
2022-12-25 22:00:00,7.9,97.0,0.0,0.585059,1020.2,8.3,0.0,0.0
2022-12-25 23:00:00,7.9,97.0,0.0,0.573853,1020.2,8.3,0.0,0.0
2022-12-26 00:00:00,8.3,100.0,260.0,0.591806,1019.7,8.3,5.4,0.0
2022-12-26 01:00:00,7.8,100.0,0.0,0.595807,1020.0,7.8,0.0,0.2
2022-12-26 02:00:00,7.2,100.0,0.0,0.580049,1019.0,7.2,0.0,0.3
2022-12-26 03:00:00,7.2,100.0,110.0,0.569421,1018.4,7.2,5.4,0.0
2022-12-26 04:00:00,7.2,96.0,50.0,0.548539,1018.1,7.8,5.4,0.0
2022-12-26 05:00:00,7.2,96.0,0.0,0.525563,1017.2,7.8,0.0,0.0
2022-12-26 06:00:00,7.2,100.0,360.0,0.495642,1016.7,7.2,5.4,0.0
2022-12-26 07:00:00,6.8,97.0,0.0,0.441233,1016.4,7.2,0.0,0.0
2022-12-26 08:00:00,7.2,100.0,0.0,0.417431,1015.6,7.2,0.0,0.3
2022-12-26 09:00:00,6.8,97.0,130.0,0.401014,1014.4,7.2,11.2,3.2
2022-12-26 10:00:00,7.8,100.0,0.0,0.396365,1013.1,7.8,0.0,2.9
2022-12-26 11:00:00,7.2,96.0,100.0,0.395163,1013.2,7.8,5.4,0.8
2022-12-26 12:00:00,8.3,100.0,110.0,0.390979,1012.3,8.3,5.4,0.8
2022-12-26 13:00:00,11.7,90.0,200.0,0.413737,1011.5,13.3,22.3,0.0
2022-12-26 14:00:00,11.8,87.0,10.0,0.432219,1011.1,13.9,22.3,0.3
2022-12-26 15:00:00,11.1,83.0,190.0,0.449915,1010.5,13.9,27.7,0.3
2022-12-26 16:00:00,11.1,83.0,190.0,0.488264,1010.5,13.9,27.7,3.6
2022-12-26 17:00:00,12.2,96.0,4.0,0.511251,1010.7,12.8,16.6,1.5
2022-12-26 18:00:00,12.2,93.0,220.0,0.522988,1009.9,13.3,5.4,1.8
2022-12-26 19:00:00,12.2,93.0,220.0,0.544629,1009.9,13.3,5.4,1.0
2022-12-26 20:00:00,12.2,96.0,360.0,0.556611,1008.5,12.8,5.4,0.3
2022-12-26 21:00:00,12.2,96.0,0.0,0.53659,1007.1,12.8,0.0,0.3
2022-12-26 22:00:00,12.2,96.0,10.0,0.537836,1004.9,12.8,5.4,0.5
2022-12-26 23:00:00,11.7,97.0,70.0,0.528053,1000.4,12.2,5.4,2.5
2022-12-27 00:00:00,11.7,97.0,70.0,0.554717,1000.4,12.2,5.4,1.3
2022-12-27 01:00:00,11.1,100.0,110.0,0.569562,997.2,11.1,7.6,3.6
2022-12-27 02:00:00,10.6,100.0,130.0,0.559361,991.7,10.6,7.6,4.3
2022-12-27 03:00:00,10.6,100.0,170.0,0.55052,991.7,10.6,7.6,4.8
2022-12-27 04:00:00,11.7,97.0,170.0,0.522954,989.3,12.2,16.6,4.1
2022-12-27 05:00:00,12.8,90.0,180.0,0.487213,987.7,14.4,48.2,2.0
2022-12-27 06:00:00,12.3,90.0,180.0,0.447912,987.6,13.9,38.9,3.8
2022-12-27 07:00:00,11.7,90.0,180.0,0.410006,986.4,13.3,37.1,7.6
2022-12-27 08:00:00,11.7,90.0,170.0,0.37818,984.6,13.3,18.4,0.3
2022-12-27 09:00:00,11.8,87.0,180.0,0.368229,983.5,13.9,31.7,0.3
2022-12-27 10:00:00,11.8,87.0,180.0,0.355748,983.5,13.9,31.7,1.8
2022-12-27 11:00:00,11.1,93.0,160.0,0.3557,982.9,12.2,33.5,4.8
2022-12-27 12:00:00,7.3,72.0,170.0,0.37171,982.3,12.2,29.5,1.5
2022-12-27 13:00:00,7.8,77.0,200.0,0.411262,982.3,11.7,42.5,1.4
2022-12-27 14:00:00,7.8,80.0,180.0,0.460727,982.3,11.1,55.4,0.3
2022-12-27 15:00:00,7.8,83.0,190.0,0.488634,983.6,10.6,42.5,1.3
2022-12-27 16:00:00,6.7,83.0,190.0,0.528047,984.1,9.4,42.5,1.3
2022-12-27 17:00:00,6.7,83.0,190.0,0.297235,984.1,9.4,46.4,0.8
2022-12-27 18:00:00,6.7,86.0,190.0,0.0,984.0,8.9,51.8,1.8
2022-12-27 19:00:00,6.7,86.0,210.0,0.0,987.3,8.9,29.5,3.0
2022-12-27 20:00:00,6.7,86.0,220.0,0.0,988.5,8.9,33.5,3.6
2022-12-27 21:00:00,5.6,80.0,230.0,0.0,990.0,8.9,46.4,0.8
2022-12-27 22:00:00,5.6,83.0,230.0,0.674733,993.0,8.3,46.4,2.3
2022-12-27 23:00:00,5.1,83.0,250.0,0.706794,996.6,7.8,40.7,4.3
2022-12-28 00:00:00,4.4,79.0,240.0,0.649453,1000.6,7.8,22.3,1.3
2022-12-28 01:00:00,4.4,79.0,240.0,0.626944,1000.6,7.8,22.3,1.8
2022-12-28 02:00:00,6.1,93.0,220.0,0.621476,1001.8,7.2,20.5,1.0
2022-12-28 03:00:00,6.1,96.0,220.0,0.592034,1002.6,6.7,16.6,0.3
2022-12-28 04:00:00,6.7,100.0,210.0,0.56235,1003.8,6.7,18.4,0.2
2022-12-28 05:00:00,6.7,100.0,210.0,0.532926,1003.8,6.7,18.4,0.8
2022-12-28 06:00:00,5.6,100.0,230.0,0.476645,1006.2,5.6,11.2,1.3
2022-12-28 07:00:00,6.1,100.0,220.0,0.442389,1006.9,6.1,13.0,0.0
2022-12-28 08:00:00,5.6,100.0,220.0,0.413713,1007.8,5.6,13.0,0.5
2022-12-28 09:00:00,5.0,96.0,190.0,0.400861,1008.5,5.6,13.0,0.3
2022-12-28 10:00:00,5.0,96.0,210.0,0.391649,1009.1,5.6,16.6,0.0
2022-12-28 11:00:00,5.0,96.0,210.0,0.399415,1009.1,5.6,16.6,0.0
2022-12-28 12:00:00,3.4,93.0,190.0,0.4117,1010.1,4.4,14.8,0.0
2022-12-28 13:00:00,3.4,93.0,190.0,0.456346,1010.1,4.4,14.8,0.0
2022-12-28 14:00:00,4.0,93.0,180.0,0.512382,1011.2,5.0,13.0,0.0
2022-12-28 15:00:00,3.3,89.0,200.0,0.555361,1011.2,5.0,9.4,0.1
2022-12-28 16:00:00,5.0,100.0,0.0,0.574007,1011.8,5.0,0.0,0.0
2022-12-28 17:00:00,6.7,100.0,2.0,0.567702,1012.2,6.7,0.0,0.0
2022-12-28 18:00:00,6.7,100.0,40.0,0.591533,1012.2,6.7,5.4,0.0
2022-12-28 19:00:00,5.6,86.0,170.0,0.584098,1011.7,7.8,13.0,0.1
2022-12-28 20:00:00,5.6,86.0,170.0,0.54959,1011.7,7.8,13.0,0.0
2022-12-28 21:00:00,6.2,83.0,190.0,0.563707,1011.0,8.9,20.5,0.0
2022-12-28 22:00:00,6.2,83.0,190.0,0.537964,1011.0,8.9,20.5,0.0
2022-12-28 23:00:00,5.6,83.0,4.0,0.561397,1010.6,8.3,13.0,0.0
2022-12-29 00:00:00,5.6,83.0,160.0,0.598488,1010.6,8.3,14.8,0.0
2022-12-29 01:00:00,6.1,93.0,170.0,0.607916,1010.0,7.2,11.2,0.0
2022-12-29 02:00:00,6.1,93.0,4.0,0.591536,1009.7,7.2,16.6,0.0
2022-12-29 03:00:00,6.1,93.0,160.0,0.576244,1009.4,7.2,9.4,0.0
2022-12-29 04:00:00,5.6,93.0,140.0,0.547822,1008.9,6.7,7.6,0.0
2022-12-29 05:00:00,5.6,93.0,140.0,0.518179,1008.9,6.7,7.6,0.0
2022-12-29 06:00:00,4.4,96.0,0.0,0.468342,1007.5,5.0,0.0,0.0
2022-12-29 07:00:00,4.4,96.0,0.0,0.429392,1006.9,5.0,0.0,0.0
2022-12-29 08:00:00,4.0,97.0,0.0,0.404541,1006.4,4.4,0.0,0.0
2022-12-29 09:00:00,4.4,96.0,0.0,0.3874,1006.1,5.0,0.0,0.0
2022-12-29 10:00:00,4.4,96.0,0.0,0.389503,1006.1,5.0,0.0,0.0
2022-12-29 11:00:00,4.4,96.0,0.0,0.392406,1005.1,5.0,0.0,0.3
2022-12-29 12:00:00,4.4,96.0,70.0,0.412761,1004.3,5.0,5.4,0.5
2022-12-29 13:00:00,4.4,96.0,70.0,0.455203,1004.3,5.0,5.4,1.5
2022-12-29 14:00:00,5.0,96.0,0.0,0.516298,1003.9,5.6,0.0,2.8
2022-12-29 15:00:00,5.6,100.0,0.0,0.540889,1003.9,5.6,0.0,2.5
2022-12-29 16:00:00,5.6,100.0,0.0,0.562244,1004.1,5.6,0.0,1.3
2022-12-29 17:00:00,5.1,93.0,140.0,0.608711,1004.4,6.1,9.4,0.5
2022-12-29 18:00:00,5.1,93.0,140.0,0.647121,1004.4,6.1,9.4,0.3
2022-12-29 19:00:00,7.2,96.0,0.0,0.658394,1004.3,7.8,0.0,0.6
2022-12-29 20:00:00,7.2,96.0,0.0,0.649863,1004.3,7.8,0.0,0.0
2022-12-29 21:00:00,6.8,90.0,160.0,0.645242,1003.8,8.3,13.0,0.3
2022-12-29 22:00:00,7.8,93.0,180.0,0.640294,1003.4,8.9,11.2,0.4
2022-12-29 23:00:00,7.8,90.0,170.0,0.622946,1003.1,9.4,22.3,0.3
2022-12-30 00:00:00,7.8,90.0,160.0,0.615905,1003.1,9.4,22.3,0.0
2022-12-30 01:00:00,8.9,93.0,160.0,0.640678,1002.0,10.0,18.4,0.0
2022-12-30 02:00:00,8.9,93.0,180.0,0.623401,1002.0,10.0,29.5,0.5
2022-12-30 03:00:00,8.3,93.0,140.0,0.592921,1001.0,9.4,13.0,1.0
2022-12-30 04:00:00,8.3,96.0,160.0,0.572719,999.0,8.9,9.4,1.8
2022-12-30 05:00:00,8.3,96.0,160.0,0.537949,999.0,8.9,9.4,2.3
2022-12-30 06:00:00,8.9,100.0,140.0,0.48664,996.7,8.9,7.6,1.8
2022-12-30 07:00:00,8.9,100.0,210.0,0.434848,996.7,8.9,7.6,1.5
2022-12-30 08:00:00,8.9,97.0,210.0,0.40587,997.2,9.4,18.4,0.8
2022-12-30 09:00:00,8.3,96.0,200.0,0.389803,999.0,8.9,20.5,0.0
2022-12-30 10:00:00,8.9,93.0,210.0,0.384822,998.9,10.0,16.6,0.0
2022-12-30 11:00:00,7.2,86.0,5.0,0.392513,1002.0,9.4,22.3,0.0
2022-12-30 12:00:00,7.2,86.0,190.0,0.405457,1002.0,9.4,18.4,0.0
2022-12-30 13:00:00,6.7,83.0,170.0,0.444735,1002.7,9.4,14.8,0.0
2022-12-30 14:00:00,6.7,86.0,190.0,0.491499,1002.7,8.9,7.6,0.0
2022-12-30 15:00:00,6.1,93.0,100.0,0.532868,1003.5,7.2,5.4,0.0
2022-12-30 16:00:00,6.1,93.0,100.0,0.554452,1003.5,7.2,5.4,0.0
2022-12-30 17:00:00,7.2,83.0,190.0,0.578036,1003.9,10.0,14.8,0.0
2022-12-30 18:00:00,7.8,86.0,170.0,0.593957,1003.9,10.0,13.0,0.0
2022-12-30 19:00:00,7.8,86.0,170.0,0.598658,1003.9,10.0,13.0,0.0
2022-12-30 20:00:00,7.2,83.0,210.0,0.592598,1002.8,10.0,16.6,0.0
2022-12-30 21:00:00,7.8,90.0,200.0,0.585167,1002.4,9.4,13.0,0.3
2022-12-30 22:00:00,7.2,89.0,200.0,0.570813,1002.3,8.9,9.4,0.5
2022-12-30 23:00:00,7.2,89.0,200.0,0.58228,1002.6,8.9,5.4,0.3
2022-12-31 00:00:00,7.2,89.0,200.0,0.603137,1002.6,8.9,5.4,1.0
2022-12-31 01:00:00,7.2,93.0,160.0,0.601054,1002.9,8.3,11.2,1.5
2022-12-31 02:00:00,6.8,97.0,2.0,0.578701,1003.5,7.2,7.6,1.0
2022-12-31 03:00:00,6.8,97.0,130.0,0.573686,1003.5,7.2,7.6,0.8
2022-12-31 04:00:00,6.8,97.0,0.0,0.561155,1005.0,7.2,0.0,0.8
2022-12-31 05:00:00,6.1,93.0,220.0,0.535573,1005.1,7.2,11.2,0.3
2022-12-31 06:00:00,6.1,93.0,180.0,0.502116,1006.8,7.2,9.4,0.0
2022-12-31 07:00:00,6.1,93.0,180.0,0.45468,1006.8,7.2,9.4,0.0
2022-12-31 08:00:00,5.7,97.0,170.0,0.430524,1007.7,6.1,7.6,0.0
2022-12-31 09:00:00,5.7,97.0,170.0,0.420966,1007.7,6.1,7.6,0.0
2022-12-31 10:00:00,6.1,93.0,210.0,0.399792,1009.3,7.2,9.4,0.1
2022-12-31 11:00:00,5.1,93.0,90.0,0.403226,1009.4,6.1,7.6,0.0
2022-12-31 12:00:00,5.6,93.0,0.0,0.410257,1009.5,6.7,0.0,0.0
2022-12-31 13:00:00,5.6,93.0,0.0,0.441238,1009.5,6.7,0.0,0.0
2022-12-31 14:00:00,5.0,96.0,340.0,0.473631,1011.0,5.6,5.4,0.0
2022-12-31 15:00:00,6.1,96.0,170.0,0.506827,1010.8,6.7,5.4,0.0
2022-12-31 16:00:00,5.6,93.0,180.0,0.554197,1011.2,6.7,9.4,2.8
2022-12-31 17:00:00,5.6,93.0,180.0,0.600138,1011.2,6.7,9.4,0.8
2022-12-31 18:00:00,6.8,97.0,190.0,0.596771,1012.0,7.2,5.4,0.3
2022-12-31 19:00:00,6.7,93.0,260.0,0.554496,1012.5,7.8,9.4,0.0
2022-12-31 20:00:00,6.7,86.0,220.0,0.473074,1012.0,8.9,9.4,0.0
2022-12-31 21:00:00,6.7,86.0,3.0,0.548982,1012.1,8.9,13.0,0.0
2022-12-31 22:00:00,6.7,83.0,200.0,0.452088,1012.1,9.4,11.2,0.0
2022-12-31 23:00:00,6.7,86.0,190.0,0.514395,1012.4,8.9,5.4,1.5
2023-01-01 00:00:00,6.9,93.0,55.0,0.565461,1014.0,8.0,3.6,0.0
