,Waianae_solar
2022-01-31 00:00:00,1.5
2022-01-31 01:00:00,1.500014881
2022-01-31 02:00:00,1.500029762
2022-01-31 03:00:00,1.500044643
2022-01-31 04:00:00,1.500059524
2022-01-31 05:00:00,1.500074405
2022-01-31 06:00:00,1.500089286
2022-01-31 07:00:00,1.500104167
2022-01-31 08:00:00,1.500119048
2022-01-31 09:00:00,1.500133929
2022-01-31 10:00:00,1.50014881
2022-01-31 11:00:00,1.50016369
2022-01-31 12:00:00,1.500178571
2022-01-31 13:00:00,1.500193452
2022-01-31 14:00:00,1.500208333
2022-01-31 15:00:00,1.500223214
2022-01-31 16:00:00,1.500238095
2022-01-31 17:00:00,1.500252976
2022-01-31 18:00:00,1.500267857
2022-01-31 19:00:00,1.500282738
2022-01-31 20:00:00,1.500297619
2022-01-31 21:00:00,1.5003125
2022-01-31 22:00:00,1.500327381
2022-01-31 23:00:00,1.500342262
2022-02-01 00:00:00,1.500357143
2022-02-01 01:00:00,1.500372024
2022-02-01 02:00:00,1.500386905
2022-02-01 03:00:00,1.500401786
2022-02-01 04:00:00,1.500416667
2022-02-01 05:00:00,1.500431548
2022-02-01 06:00:00,1.500446429
2022-02-01 07:00:00,1.50046131
2022-02-01 08:00:00,1.50047619
2022-02-01 09:00:00,1.500491071
2022-02-01 10:00:00,1.500505952
2022-02-01 11:00:00,1.500520833
2022-02-01 12:00:00,1.500535714
2022-02-01 13:00:00,1.500550595
2022-02-01 14:00:00,1.500565476
2022-02-01 15:00:00,1.500580357
2022-02-01 16:00:00,1.500595238
2022-02-01 17:00:00,1.500610119
2022-02-01 18:00:00,1.500625
2022-02-01 19:00:00,1.500639881
2022-02-01 20:00:00,1.500654762
2022-02-01 21:00:00,1.500669643
2022-02-01 22:00:00,1.500684524
2022-02-01 23:00:00,1.500699405
2022-02-02 00:00:00,1.500714286
2022-02-02 01:00:00,1.500729167
2022-02-02 02:00:00,1.500744048
2022-02-02 03:00:00,1.500758929
2022-02-02 04:00:00,1.50077381
2022-02-02 05:00:00,1.50078869
2022-02-02 06:00:00,1.500803571
2022-02-02 07:00:00,1.500818452
2022-02-02 08:00:00,1.500833333
2022-02-02 09:00:00,1.500848214
2022-02-02 10:00:00,1.500863095
2022-02-02 11:00:00,1.500877976
2022-02-02 12:00:00,1.500892857
2022-02-02 13:00:00,1.500907738
2022-02-02 14:00:00,1.500922619
2022-02-02 15:00:00,1.5009375
2022-02-02 16:00:00,1.500952381
2022-02-02 17:00:00,1.500967262
2022-02-02 18:00:00,1.500982143
2022-02-02 19:00:00,1.500997024
2022-02-02 20:00:00,1.501011905
2022-02-02 21:00:00,1.501026786
2022-02-02 22:00:00,1.501041667
2022-02-02 23:00:00,1.501056548
2022-02-03 00:00:00,1.501071429
2022-02-03 01:00:00,1.50108631
2022-02-03 02:00:00,1.50110119
2022-02-03 03:00:00,1.501116071
2022-02-03 04:00:00,1.501130952
2022-02-03 05:00:00,1.501145833
2022-02-03 06:00:00,1.501160714
2022-02-03 07:00:00,1.501175595
2022-02-03 08:00:00,1.501190476
2022-02-03 09:00:00,1.501205357
2022-02-03 10:00:00,1.501220238
2022-02-03 11:00:00,1.501235119
2022-02-03 12:00:00,1.50125
2022-02-03 13:00:00,1.501264881
2022-02-03 14:00:00,1.501279762
2022-02-03 15:00:00,1.501294643
2022-02-03 16:00:00,1.501309524
2022-02-03 17:00:00,1.501324405
2022-02-03 18:00:00,1.501339286
2022-02-03 19:00:00,1.501354167
2022-02-03 20:00:00,1.501369048
2022-02-03 21:00:00,1.501383929
2022-02-03 22:00:00,1.50139881
2022-02-03 23:00:00,1.50141369
2022-02-04 00:00:00,1.501428571
2022-02-04 01:00:00,1.501443452
2022-02-04 02:00:00,1.501458333
2022-02-04 03:00:00,1.501473214
2022-02-04 04:00:00,1.501488095
2022-02-04 05:00:00,1.501502976
2022-02-04 06:00:00,1.501517857
2022-02-04 07:00:00,1.501532738
2022-02-04 08:00:00,1.501547619
2022-02-04 09:00:00,1.5015625
2022-02-04 10:00:00,1.501577381
2022-02-04 11:00:00,1.501592262
2022-02-04 12:00:00,1.501607143
2022-02-04 13:00:00,1.501622024
2022-02-04 14:00:00,1.501636905
2022-02-04 15:00:00,1.501651786
2022-02-04 16:00:00,1.501666667
2022-02-04 17:00:00,1.501681548
2022-02-04 18:00:00,1.501696429
2022-02-04 19:00:00,1.50171131
2022-02-04 20:00:00,1.50172619
2022-02-04 21:00:00,1.501741071
2022-02-04 22:00:00,1.501755952
2022-02-04 23:00:00,1.501770833
2022-02-05 00:00:00,1.501785714
2022-02-05 01:00:00,1.501800595
2022-02-05 02:00:00,1.501815476
2022-02-05 03:00:00,1.501830357
2022-02-05 04:00:00,1.501845238
2022-02-05 05:00:00,1.501860119
2022-02-05 06:00:00,1.501875
2022-02-05 07:00:00,1.501889881
2022-02-05 08:00:00,1.501904762
2022-02-05 09:00:00,1.501919643
2022-02-05 10:00:00,1.501934524
2022-02-05 11:00:00,1.501949405
2022-02-05 12:00:00,1.501964286
2022-02-05 13:00:00,1.501979167
2022-02-05 14:00:00,1.501994048
2022-02-05 15:00:00,1.502008929
2022-02-05 16:00:00,1.50202381
2022-02-05 17:00:00,1.50203869
2022-02-05 18:00:00,1.502053571
2022-02-05 19:00:00,1.502068452
2022-02-05 20:00:00,1.502083333
2022-02-05 21:00:00,1.502098214
2022-02-05 22:00:00,1.502113095
2022-02-05 23:00:00,1.502127976
2022-02-06 00:00:00,1.502142857
2022-02-06 01:00:00,1.502157738
2022-02-06 02:00:00,1.502172619
2022-02-06 03:00:00,1.5021875
2022-02-06 04:00:00,1.502202381
2022-02-06 05:00:00,1.502217262
2022-02-06 06:00:00,1.502232143
2022-02-06 07:00:00,1.502247024
2022-02-06 08:00:00,1.502261905
2022-02-06 09:00:00,1.502276786
2022-02-06 10:00:00,1.502291667
2022-02-06 11:00:00,1.502306548
2022-02-06 12:00:00,1.502321429
2022-02-06 13:00:00,1.50233631
2022-02-06 14:00:00,1.50235119
2022-02-06 15:00:00,1.502366071
2022-02-06 16:00:00,1.502380952
2022-02-06 17:00:00,1.502395833
2022-02-06 18:00:00,1.502410714
2022-02-06 19:00:00,1.502425595
2022-02-06 20:00:00,1.502440476
2022-02-06 21:00:00,1.502455357
2022-02-06 22:00:00,1.502470238
2022-02-06 23:00:00,1.502485119
2022-02-07 00:00:00,1.5025
2022-02-07 01:00:00,1.502514881
2022-02-07 02:00:00,1.502529762
2022-02-07 03:00:00,1.502544643
2022-02-07 04:00:00,1.502559524
2022-02-07 05:00:00,1.502574405
2022-02-07 06:00:00,1.502589286
2022-02-07 07:00:00,1.502604167
2022-02-07 08:00:00,1.502619048
2022-02-07 09:00:00,1.502633929
2022-02-07 10:00:00,1.50264881
2022-02-07 11:00:00,1.50266369
2022-02-07 12:00:00,1.502678571
2022-02-07 13:00:00,1.502693452
2022-02-07 14:00:00,1.502708333
2022-02-07 15:00:00,1.502723214
2022-02-07 16:00:00,1.502738095
2022-02-07 17:00:00,1.502752976
2022-02-07 18:00:00,1.502767857
2022-02-07 19:00:00,1.502782738
2022-02-07 20:00:00,1.502797619
2022-02-07 21:00:00,1.5028125
2022-02-07 22:00:00,1.502827381
2022-02-07 23:00:00,1.502842262
2022-02-08 00:00:00,1.502857143
2022-02-08 01:00:00,1.502872024
2022-02-08 02:00:00,1.502886905
2022-02-08 03:00:00,1.502901786
2022-02-08 04:00:00,1.502916667
2022-02-08 05:00:00,1.502931548
2022-02-08 06:00:00,1.502946429
2022-02-08 07:00:00,1.50296131
2022-02-08 08:00:00,1.50297619
2022-02-08 09:00:00,1.502991071
2022-02-08 10:00:00,1.503005952
2022-02-08 11:00:00,1.503020833
2022-02-08 12:00:00,1.503035714
2022-02-08 13:00:00,1.503050595
2022-02-08 14:00:00,1.503065476
2022-02-08 15:00:00,1.503080357
2022-02-08 16:00:00,1.503095238
2022-02-08 17:00:00,1.503110119
2022-02-08 18:00:00,1.503125
2022-02-08 19:00:00,1.503139881
2022-02-08 20:00:00,1.503154762
2022-02-08 21:00:00,1.503169643
2022-02-08 22:00:00,1.503184524
2022-02-08 23:00:00,1.503199405
2022-02-09 00:00:00,1.503214286
2022-02-09 01:00:00,1.503229167
2022-02-09 02:00:00,1.503244048
2022-02-09 03:00:00,1.503258929
2022-02-09 04:00:00,1.50327381
2022-02-09 05:00:00,1.50328869
2022-02-09 06:00:00,1.503303571
2022-02-09 07:00:00,1.503318452
2022-02-09 08:00:00,1.503333333
2022-02-09 09:00:00,1.503348214
2022-02-09 10:00:00,1.503363095
2022-02-09 11:00:00,1.503377976
2022-02-09 12:00:00,1.503392857
2022-02-09 13:00:00,1.503407738
2022-02-09 14:00:00,1.503422619
2022-02-09 15:00:00,1.5034375
2022-02-09 16:00:00,1.503452381
2022-02-09 17:00:00,1.503467262
2022-02-09 18:00:00,1.503482143
2022-02-09 19:00:00,1.503497024
2022-02-09 20:00:00,1.503511905
2022-02-09 21:00:00,1.503526786
2022-02-09 22:00:00,1.503541667
2022-02-09 23:00:00,1.503556548
2022-02-10 00:00:00,1.503571429
2022-02-10 01:00:00,1.50358631
2022-02-10 02:00:00,1.50360119
2022-02-10 03:00:00,1.503616071
2022-02-10 04:00:00,1.503630952
2022-02-10 05:00:00,1.503645833
2022-02-10 06:00:00,1.503660714
2022-02-10 07:00:00,1.503675595
2022-02-10 08:00:00,1.503690476
2022-02-10 09:00:00,1.503705357
2022-02-10 10:00:00,1.503720238
2022-02-10 11:00:00,1.503735119
2022-02-10 12:00:00,1.50375
2022-02-10 13:00:00,1.503764881
2022-02-10 14:00:00,1.503779762
2022-02-10 15:00:00,1.503794643
2022-02-10 16:00:00,1.503809524
2022-02-10 17:00:00,1.503824405
2022-02-10 18:00:00,1.503839286
2022-02-10 19:00:00,1.503854167
2022-02-10 20:00:00,1.503869048
2022-02-10 21:00:00,1.503883929
2022-02-10 22:00:00,1.50389881
2022-02-10 23:00:00,1.50391369
2022-02-11 00:00:00,1.503928571
2022-02-11 01:00:00,1.503943452
2022-02-11 02:00:00,1.503958333
2022-02-11 03:00:00,1.503973214
2022-02-11 04:00:00,1.503988095
2022-02-11 05:00:00,1.504002976
2022-02-11 06:00:00,1.504017857
2022-02-11 07:00:00,1.504032738
2022-02-11 08:00:00,1.504047619
2022-02-11 09:00:00,1.5040625
2022-02-11 10:00:00,1.504077381
2022-02-11 11:00:00,1.504092262
2022-02-11 12:00:00,1.504107143
2022-02-11 13:00:00,1.504122024
2022-02-11 14:00:00,1.504136905
2022-02-11 15:00:00,1.504151786
2022-02-11 16:00:00,1.504166667
2022-02-11 17:00:00,1.504181548
2022-02-11 18:00:00,1.504196429
2022-02-11 19:00:00,1.50421131
2022-02-11 20:00:00,1.50422619
2022-02-11 21:00:00,1.504241071
2022-02-11 22:00:00,1.504255952
2022-02-11 23:00:00,1.504270833
2022-02-12 00:00:00,1.504285714
2022-02-12 01:00:00,1.504300595
2022-02-12 02:00:00,1.504315476
2022-02-12 03:00:00,1.504330357
2022-02-12 04:00:00,1.504345238
2022-02-12 05:00:00,1.504360119
2022-02-12 06:00:00,1.504375
2022-02-12 07:00:00,1.504389881
2022-02-12 08:00:00,1.504404762
2022-02-12 09:00:00,1.504419643
2022-02-12 10:00:00,1.504434524
2022-02-12 11:00:00,1.504449405
2022-02-12 12:00:00,1.504464286
2022-02-12 13:00:00,1.504479167
2022-02-12 14:00:00,1.504494048
2022-02-12 15:00:00,1.504508929
2022-02-12 16:00:00,1.50452381
2022-02-12 17:00:00,1.50453869
2022-02-12 18:00:00,1.504553571
2022-02-12 19:00:00,1.504568452
2022-02-12 20:00:00,1.504583333
2022-02-12 21:00:00,1.504598214
2022-02-12 22:00:00,1.504613095
2022-02-12 23:00:00,1.504627976
2022-02-13 00:00:00,1.504642857
2022-02-13 01:00:00,1.504657738
2022-02-13 02:00:00,1.504672619
2022-02-13 03:00:00,1.5046875
2022-02-13 04:00:00,1.504702381
2022-02-13 05:00:00,1.504717262
2022-02-13 06:00:00,1.504732143
2022-02-13 07:00:00,1.504747024
2022-02-13 08:00:00,1.504761905
2022-02-13 09:00:00,1.504776786
2022-02-13 10:00:00,1.504791667
2022-02-13 11:00:00,1.504806548
2022-02-13 12:00:00,1.504821429
2022-02-13 13:00:00,1.50483631
2022-02-13 14:00:00,1.50485119
2022-02-13 15:00:00,1.504866071
2022-02-13 16:00:00,1.504880952
2022-02-13 17:00:00,1.504895833
2022-02-13 18:00:00,1.504910714
2022-02-13 19:00:00,1.504925595
2022-02-13 20:00:00,1.504940476
2022-02-13 21:00:00,1.504955357
2022-02-13 22:00:00,1.504970238
2022-02-13 23:00:00,1.504985119
2022-02-14 00:00:00,1.505
2022-02-14 01:00:00,1.505014881
2022-02-14 02:00:00,1.505029762
2022-02-14 03:00:00,1.505044643
2022-02-14 04:00:00,1.505059524
2022-02-14 05:00:00,1.505074405
2022-02-14 06:00:00,1.505089286
2022-02-14 07:00:00,1.505104167
2022-02-14 08:00:00,1.505119048
2022-02-14 09:00:00,1.505133929
2022-02-14 10:00:00,1.50514881
2022-02-14 11:00:00,1.50516369
2022-02-14 12:00:00,1.505178571
2022-02-14 13:00:00,1.505193452
2022-02-14 14:00:00,1.505208333
2022-02-14 15:00:00,1.505223214
2022-02-14 16:00:00,1.505238095
2022-02-14 17:00:00,1.505252976
2022-02-14 18:00:00,1.505267857
2022-02-14 19:00:00,1.505282738
2022-02-14 20:00:00,1.505297619
2022-02-14 21:00:00,1.5053125
2022-02-14 22:00:00,1.505327381
2022-02-14 23:00:00,1.505342262
2022-02-15 00:00:00,1.505357143
2022-02-15 01:00:00,1.505372024
2022-02-15 02:00:00,1.505386905
2022-02-15 03:00:00,1.505401786
2022-02-15 04:00:00,1.505416667
2022-02-15 05:00:00,1.505431548
2022-02-15 06:00:00,1.505446429
2022-02-15 07:00:00,1.50546131
2022-02-15 08:00:00,1.50547619
2022-02-15 09:00:00,1.505491071
2022-02-15 10:00:00,1.505505952
2022-02-15 11:00:00,1.505520833
2022-02-15 12:00:00,1.505535714
2022-02-15 13:00:00,1.505550595
2022-02-15 14:00:00,1.505565476
2022-02-15 15:00:00,1.505580357
2022-02-15 16:00:00,1.505595238
2022-02-15 17:00:00,1.505610119
2022-02-15 18:00:00,1.505625
2022-02-15 19:00:00,1.505639881
2022-02-15 20:00:00,1.505654762
2022-02-15 21:00:00,1.505669643
2022-02-15 22:00:00,1.505684524
2022-02-15 23:00:00,1.505699405
2022-02-16 00:00:00,1.505714286
2022-02-16 01:00:00,1.505729167
2022-02-16 02:00:00,1.505744048
2022-02-16 03:00:00,1.505758929
2022-02-16 04:00:00,1.50577381
2022-02-16 05:00:00,1.50578869
2022-02-16 06:00:00,1.505803571
2022-02-16 07:00:00,1.505818452
2022-02-16 08:00:00,1.505833333
2022-02-16 09:00:00,1.505848214
2022-02-16 10:00:00,1.505863095
2022-02-16 11:00:00,1.505877976
2022-02-16 12:00:00,1.505892857
2022-02-16 13:00:00,1.505907738
2022-02-16 14:00:00,1.505922619
2022-02-16 15:00:00,1.5059375
2022-02-16 16:00:00,1.505952381
2022-02-16 17:00:00,1.505967262
2022-02-16 18:00:00,1.505982143
2022-02-16 19:00:00,1.505997024
2022-02-16 20:00:00,1.506011905
2022-02-16 21:00:00,1.506026786
2022-02-16 22:00:00,1.506041667
2022-02-16 23:00:00,1.506056548
2022-02-17 00:00:00,1.506071429
2022-02-17 01:00:00,1.50608631
2022-02-17 02:00:00,1.50610119
2022-02-17 03:00:00,1.506116071
2022-02-17 04:00:00,1.506130952
2022-02-17 05:00:00,1.506145833
2022-02-17 06:00:00,1.506160714
2022-02-17 07:00:00,1.506175595
2022-02-17 08:00:00,1.506190476
2022-02-17 09:00:00,1.506205357
2022-02-17 10:00:00,1.506220238
2022-02-17 11:00:00,1.506235119
2022-02-17 12:00:00,1.50625
2022-02-17 13:00:00,1.506264881
2022-02-17 14:00:00,1.506279762
2022-02-17 15:00:00,1.506294643
2022-02-17 16:00:00,1.506309524
2022-02-17 17:00:00,1.506324405
2022-02-17 18:00:00,1.506339286
2022-02-17 19:00:00,1.506354167
2022-02-17 20:00:00,1.506369048
2022-02-17 21:00:00,1.506383929
2022-02-17 22:00:00,1.50639881
2022-02-17 23:00:00,1.50641369
2022-02-18 00:00:00,1.506428571
2022-02-18 01:00:00,1.506443452
2022-02-18 02:00:00,1.506458333
2022-02-18 03:00:00,1.506473214
2022-02-18 04:00:00,1.506488095
2022-02-18 05:00:00,1.506502976
2022-02-18 06:00:00,1.506517857
2022-02-18 07:00:00,1.506532738
2022-02-18 08:00:00,1.506547619
2022-02-18 09:00:00,1.5065625
2022-02-18 10:00:00,1.506577381
2022-02-18 11:00:00,1.506592262
2022-02-18 12:00:00,1.506607143
2022-02-18 13:00:00,1.506622024
2022-02-18 14:00:00,1.506636905
2022-02-18 15:00:00,1.506651786
2022-02-18 16:00:00,1.506666667
2022-02-18 17:00:00,1.506681548
2022-02-18 18:00:00,1.506696429
2022-02-18 19:00:00,1.50671131
2022-02-18 20:00:00,1.50672619
2022-02-18 21:00:00,1.506741071
2022-02-18 22:00:00,1.506755952
2022-02-18 23:00:00,1.506770833
2022-02-19 00:00:00,1.506785714
2022-02-19 01:00:00,1.506800595
2022-02-19 02:00:00,1.506815476
2022-02-19 03:00:00,1.506830357
2022-02-19 04:00:00,1.506845238
2022-02-19 05:00:00,1.506860119
2022-02-19 06:00:00,1.506875
2022-02-19 07:00:00,1.506889881
2022-02-19 08:00:00,1.506904762
2022-02-19 09:00:00,1.506919643
2022-02-19 10:00:00,1.506934524
2022-02-19 11:00:00,1.506949405
2022-02-19 12:00:00,1.506964286
2022-02-19 13:00:00,1.506979167
2022-02-19 14:00:00,1.506994048
2022-02-19 15:00:00,1.507008929
2022-02-19 16:00:00,1.50702381
2022-02-19 17:00:00,1.50703869
2022-02-19 18:00:00,1.507053571
2022-02-19 19:00:00,1.507068452
2022-02-19 20:00:00,1.507083333
2022-02-19 21:00:00,1.507098214
2022-02-19 22:00:00,1.507113095
2022-02-19 23:00:00,1.507127976
2022-02-20 00:00:00,1.507142857
2022-02-20 01:00:00,1.507157738
2022-02-20 02:00:00,1.507172619
2022-02-20 03:00:00,1.5071875
2022-02-20 04:00:00,1.507202381
2022-02-20 05:00:00,1.507217262
2022-02-20 06:00:00,1.507232143
2022-02-20 07:00:00,1.507247024
2022-02-20 08:00:00,1.507261905
2022-02-20 09:00:00,1.507276786
2022-02-20 10:00:00,1.507291667
2022-02-20 11:00:00,1.507306548
2022-02-20 12:00:00,1.507321429
2022-02-20 13:00:00,1.50733631
2022-02-20 14:00:00,1.50735119
2022-02-20 15:00:00,1.507366071
2022-02-20 16:00:00,1.507380952
2022-02-20 17:00:00,1.507395833
2022-02-20 18:00:00,1.507410714
2022-02-20 19:00:00,1.507425595
2022-02-20 20:00:00,1.507440476
2022-02-20 21:00:00,1.507455357
2022-02-20 22:00:00,1.507470238
2022-02-20 23:00:00,1.507485119
2022-02-21 00:00:00,1.5075
2022-02-21 01:00:00,1.507514881
2022-02-21 02:00:00,1.507529762
2022-02-21 03:00:00,1.507544643
2022-02-21 04:00:00,1.507559524
2022-02-21 05:00:00,1.507574405
2022-02-21 06:00:00,1.507589286
2022-02-21 07:00:00,1.507604167
2022-02-21 08:00:00,1.507619048
2022-02-21 09:00:00,1.507633929
2022-02-21 10:00:00,1.50764881
2022-02-21 11:00:00,1.50766369
2022-02-21 12:00:00,1.507678571
2022-02-21 13:00:00,1.507693452
2022-02-21 14:00:00,1.507708333
2022-02-21 15:00:00,1.507723214
2022-02-21 16:00:00,1.507738095
2022-02-21 17:00:00,1.507752976
2022-02-21 18:00:00,1.507767857
2022-02-21 19:00:00,1.507782738
2022-02-21 20:00:00,1.507797619
2022-02-21 21:00:00,1.5078125
2022-02-21 22:00:00,1.507827381
2022-02-21 23:00:00,1.507842262
2022-02-22 00:00:00,1.507857143
2022-02-22 01:00:00,1.507872024
2022-02-22 02:00:00,1.507886905
2022-02-22 03:00:00,1.507901786
2022-02-22 04:00:00,1.507916667
2022-02-22 05:00:00,1.507931548
2022-02-22 06:00:00,1.507946429
2022-02-22 07:00:00,1.50796131
2022-02-22 08:00:00,1.50797619
2022-02-22 09:00:00,1.507991071
2022-02-22 10:00:00,1.508005952
2022-02-22 11:00:00,1.508020833
2022-02-22 12:00:00,1.508035714
2022-02-22 13:00:00,1.508050595
2022-02-22 14:00:00,1.508065476
2022-02-22 15:00:00,1.508080357
2022-02-22 16:00:00,1.508095238
2022-02-22 17:00:00,1.508110119
2022-02-22 18:00:00,1.508125
2022-02-22 19:00:00,1.508139881
2022-02-22 20:00:00,1.508154762
2022-02-22 21:00:00,1.508169643
2022-02-22 22:00:00,1.508184524
2022-02-22 23:00:00,1.508199405
2022-02-23 00:00:00,1.508214286
2022-02-23 01:00:00,1.508229167
2022-02-23 02:00:00,1.508244048
2022-02-23 03:00:00,1.508258929
2022-02-23 04:00:00,1.50827381
2022-02-23 05:00:00,1.50828869
2022-02-23 06:00:00,1.508303571
2022-02-23 07:00:00,1.508318452
2022-02-23 08:00:00,1.508333333
2022-02-23 09:00:00,1.508348214
2022-02-23 10:00:00,1.508363095
2022-02-23 11:00:00,1.508377976
2022-02-23 12:00:00,1.508392857
2022-02-23 13:00:00,1.508407738
2022-02-23 14:00:00,1.508422619
2022-02-23 15:00:00,1.5084375
2022-02-23 16:00:00,1.508452381
2022-02-23 17:00:00,1.508467262
2022-02-23 18:00:00,1.508482143
2022-02-23 19:00:00,1.508497024
2022-02-23 20:00:00,1.508511905
2022-02-23 21:00:00,1.508526786
2022-02-23 22:00:00,1.508541667
2022-02-23 23:00:00,1.508556548
2022-02-24 00:00:00,1.508571429
2022-02-24 01:00:00,1.50858631
2022-02-24 02:00:00,1.50860119
2022-02-24 03:00:00,1.508616071
2022-02-24 04:00:00,1.508630952
2022-02-24 05:00:00,1.508645833
2022-02-24 06:00:00,1.508660714
2022-02-24 07:00:00,1.508675595
2022-02-24 08:00:00,1.508690476
2022-02-24 09:00:00,1.508705357
2022-02-24 10:00:00,1.508720238
2022-02-24 11:00:00,1.508735119
2022-02-24 12:00:00,1.50875
2022-02-24 13:00:00,1.508764881
2022-02-24 14:00:00,1.508779762
2022-02-24 15:00:00,1.508794643
2022-02-24 16:00:00,1.508809524
2022-02-24 17:00:00,1.508824405
2022-02-24 18:00:00,1.508839286
2022-02-24 19:00:00,1.508854167
2022-02-24 20:00:00,1.508869048
2022-02-24 21:00:00,1.508883929
2022-02-24 22:00:00,1.50889881
2022-02-24 23:00:00,1.50891369
2022-02-25 00:00:00,1.508928571
2022-02-25 01:00:00,1.508943452
2022-02-25 02:00:00,1.508958333
2022-02-25 03:00:00,1.508973214
2022-02-25 04:00:00,1.508988095
2022-02-25 05:00:00,1.509002976
2022-02-25 06:00:00,1.509017857
2022-02-25 07:00:00,1.509032738
2022-02-25 08:00:00,1.509047619
2022-02-25 09:00:00,1.5090625
2022-02-25 10:00:00,1.509077381
2022-02-25 11:00:00,1.509092262
2022-02-25 12:00:00,1.509107143
2022-02-25 13:00:00,1.509122024
2022-02-25 14:00:00,1.509136905
2022-02-25 15:00:00,1.509151786
2022-02-25 16:00:00,1.509166667
2022-02-25 17:00:00,1.509181548
2022-02-25 18:00:00,1.509196429
2022-02-25 19:00:00,1.50921131
2022-02-25 20:00:00,1.50922619
2022-02-25 21:00:00,1.509241071
2022-02-25 22:00:00,1.509255952
2022-02-25 23:00:00,1.509270833
2022-02-26 00:00:00,1.509285714
2022-02-26 01:00:00,1.509300595
2022-02-26 02:00:00,1.509315476
2022-02-26 03:00:00,1.509330357
2022-02-26 04:00:00,1.509345238
2022-02-26 05:00:00,1.509360119
2022-02-26 06:00:00,1.509375
2022-02-26 07:00:00,1.509389881
2022-02-26 08:00:00,1.509404762
2022-02-26 09:00:00,1.509419643
2022-02-26 10:00:00,1.509434524
2022-02-26 11:00:00,1.509449405
2022-02-26 12:00:00,1.509464286
2022-02-26 13:00:00,1.509479167
2022-02-26 14:00:00,1.509494048
2022-02-26 15:00:00,1.509508929
2022-02-26 16:00:00,1.50952381
2022-02-26 17:00:00,1.50953869
2022-02-26 18:00:00,1.509553571
2022-02-26 19:00:00,1.509568452
2022-02-26 20:00:00,1.509583333
2022-02-26 21:00:00,1.509598214
2022-02-26 22:00:00,1.509613095
2022-02-26 23:00:00,1.509627976
2022-02-27 00:00:00,1.509642857
2022-02-27 01:00:00,1.509657738
2022-02-27 02:00:00,1.509672619
2022-02-27 03:00:00,1.5096875
2022-02-27 04:00:00,1.509702381
2022-02-27 05:00:00,1.509717262
2022-02-27 06:00:00,1.509732143
2022-02-27 07:00:00,1.509747024
2022-02-27 08:00:00,1.509761905
2022-02-27 09:00:00,1.509776786
2022-02-27 10:00:00,1.509791667
2022-02-27 11:00:00,1.509806548
2022-02-27 12:00:00,1.509821429
2022-02-27 13:00:00,1.50983631
2022-02-27 14:00:00,1.50985119
2022-02-27 15:00:00,1.509866071
2022-02-27 16:00:00,1.509880952
2022-02-27 17:00:00,1.509895833
2022-02-27 18:00:00,1.509910714
2022-02-27 19:00:00,1.509925595
2022-02-27 20:00:00,1.509940476
2022-02-27 21:00:00,1.509955357
2022-02-27 22:00:00,1.509970238
2022-02-27 23:00:00,1.509985119
2022-02-28 00:00:00,1.51
2022-02-28 01:00:00,1.51
2022-02-28 02:00:00,1.51
2022-02-28 03:00:00,1.51
2022-02-28 04:00:00,1.51
2022-02-28 05:00:00,1.51
2022-02-28 06:00:00,1.51
2022-02-28 07:00:00,1.51
2022-02-28 08:00:00,1.51
2022-02-28 09:00:00,1.51
2022-02-28 10:00:00,1.51
2022-02-28 11:00:00,1.51
2022-02-28 12:00:00,1.51
2022-02-28 13:00:00,1.51
2022-02-28 14:00:00,1.51
2022-02-28 15:00:00,1.51
2022-02-28 16:00:00,1.51
2022-02-28 17:00:00,1.51
2022-02-28 18:00:00,1.51
2022-02-28 19:00:00,1.51
2022-02-28 20:00:00,1.51
2022-02-28 21:00:00,1.51
2022-02-28 22:00:00,1.51
2022-02-28 23:00:00,1.51
2022-03-01 00:00:00,1.51
2022-03-01 01:00:00,1.51
2022-03-01 02:00:00,1.51
2022-03-01 03:00:00,1.51
2022-03-01 04:00:00,1.51
2022-03-01 05:00:00,1.51
2022-03-01 06:00:00,1.51
2022-03-01 07:00:00,1.51
2022-03-01 08:00:00,1.51
2022-03-01 09:00:00,1.51
2022-03-01 10:00:00,1.51
2022-03-01 11:00:00,1.51
2022-03-01 12:00:00,1.51
2022-03-01 13:00:00,1.51
2022-03-01 14:00:00,1.51
2022-03-01 15:00:00,1.51
2022-03-01 16:00:00,1.51
2022-03-01 17:00:00,1.51
2022-03-01 18:00:00,1.51
2022-03-01 19:00:00,1.51
2022-03-01 20:00:00,1.51
2022-03-01 21:00:00,1.51
2022-03-01 22:00:00,1.51
2022-03-01 23:00:00,1.51
2022-03-02 00:00:00,1.51
2022-03-02 01:00:00,1.51
2022-03-02 02:00:00,1.51
2022-03-02 03:00:00,1.51
2022-03-02 04:00:00,1.51
2022-03-02 05:00:00,1.51
2022-03-02 06:00:00,1.51
2022-03-02 07:00:00,1.51
2022-03-02 08:00:00,1.51
2022-03-02 09:00:00,1.51
2022-03-02 10:00:00,1.51
2022-03-02 11:00:00,1.51
2022-03-02 12:00:00,1.51
2022-03-02 13:00:00,1.51
2022-03-02 14:00:00,1.51
2022-03-02 15:00:00,1.51
2022-03-02 16:00:00,1.51
2022-03-02 17:00:00,1.51
2022-03-02 18:00:00,1.51
2022-03-02 19:00:00,1.51
2022-03-02 20:00:00,1.51
2022-03-02 21:00:00,1.51
2022-03-02 22:00:00,1.51
2022-03-02 23:00:00,1.51
2022-03-03 00:00:00,1.51
2022-03-03 01:00:00,1.51
2022-03-03 02:00:00,1.51
2022-03-03 03:00:00,1.51
2022-03-03 04:00:00,1.51
2022-03-03 05:00:00,1.51
2022-03-03 06:00:00,1.51
2022-03-03 07:00:00,1.51
2022-03-03 08:00:00,1.51
2022-03-03 09:00:00,1.51
2022-03-03 10:00:00,1.51
2022-03-03 11:00:00,1.51
2022-03-03 12:00:00,1.51
2022-03-03 13:00:00,1.51
2022-03-03 14:00:00,1.51
2022-03-03 15:00:00,1.51
2022-03-03 16:00:00,1.51
2022-03-03 17:00:00,1.51
2022-03-03 18:00:00,1.51
2022-03-03 19:00:00,1.51
2022-03-03 20:00:00,1.51
2022-03-03 21:00:00,1.51
2022-03-03 22:00:00,1.51
2022-03-03 23:00:00,1.51
2022-03-04 00:00:00,1.51
2022-03-04 01:00:00,1.51
2022-03-04 02:00:00,1.51
2022-03-04 03:00:00,1.51
2022-03-04 04:00:00,1.51
2022-03-04 05:00:00,1.51
2022-03-04 06:00:00,1.51
2022-03-04 07:00:00,1.51
2022-03-04 08:00:00,1.51
2022-03-04 09:00:00,1.51
2022-03-04 10:00:00,1.51
2022-03-04 11:00:00,1.51
2022-03-04 12:00:00,1.51
2022-03-04 13:00:00,1.51
2022-03-04 14:00:00,1.51
2022-03-04 15:00:00,1.51
2022-03-04 16:00:00,1.51
2022-03-04 17:00:00,1.51
2022-03-04 18:00:00,1.51
2022-03-04 19:00:00,1.51
2022-03-04 20:00:00,1.51
2022-03-04 21:00:00,1.51
2022-03-04 22:00:00,1.51
2022-03-04 23:00:00,1.51
2022-03-05 00:00:00,1.51
2022-03-05 01:00:00,1.51
2022-03-05 02:00:00,1.51
2022-03-05 03:00:00,1.51
2022-03-05 04:00:00,1.51
2022-03-05 05:00:00,1.51
2022-03-05 06:00:00,1.51
2022-03-05 07:00:00,1.51
2022-03-05 08:00:00,1.51
2022-03-05 09:00:00,1.51
2022-03-05 10:00:00,1.51
2022-03-05 11:00:00,1.51
2022-03-05 12:00:00,1.51
2022-03-05 13:00:00,1.51
2022-03-05 14:00:00,1.51
2022-03-05 15:00:00,1.51
2022-03-05 16:00:00,1.51
2022-03-05 17:00:00,1.51
2022-03-05 18:00:00,1.51
2022-03-05 19:00:00,1.51
2022-03-05 20:00:00,1.51
2022-03-05 21:00:00,1.51
2022-03-05 22:00:00,1.51
2022-03-05 23:00:00,1.51
2022-03-06 00:00:00,1.51
2022-03-06 01:00:00,1.51
2022-03-06 02:00:00,1.51
2022-03-06 03:00:00,1.51
2022-03-06 04:00:00,1.51
2022-03-06 05:00:00,1.51
2022-03-06 06:00:00,1.51
2022-03-06 07:00:00,1.51
2022-03-06 08:00:00,1.51
2022-03-06 09:00:00,1.51
2022-03-06 10:00:00,1.51
2022-03-06 11:00:00,1.51
2022-03-06 12:00:00,1.51
2022-03-06 13:00:00,1.51
2022-03-06 14:00:00,1.51
2022-03-06 15:00:00,1.51
2022-03-06 16:00:00,1.51
2022-03-06 17:00:00,1.51
2022-03-06 18:00:00,1.51
2022-03-06 19:00:00,1.51
2022-03-06 20:00:00,1.51
2022-03-06 21:00:00,1.51
2022-03-06 22:00:00,1.51
2022-03-06 23:00:00,1.51
2022-03-07 00:00:00,1.51
2022-03-07 01:00:00,1.51
2022-03-07 02:00:00,1.51
2022-03-07 03:00:00,1.51
2022-03-07 04:00:00,1.51
2022-03-07 05:00:00,1.51
2022-03-07 06:00:00,1.51
2022-03-07 07:00:00,1.51
2022-03-07 08:00:00,1.51
2022-03-07 09:00:00,1.51
2022-03-07 10:00:00,1.51
2022-03-07 11:00:00,1.51
2022-03-07 12:00:00,1.51
2022-03-07 13:00:00,1.51
2022-03-07 14:00:00,1.51
2022-03-07 15:00:00,1.51
2022-03-07 16:00:00,1.51
2022-03-07 17:00:00,1.51
2022-03-07 18:00:00,1.51
2022-03-07 19:00:00,1.51
2022-03-07 20:00:00,1.51
2022-03-07 21:00:00,1.51
2022-03-07 22:00:00,1.51
2022-03-07 23:00:00,1.51
2022-03-08 00:00:00,1.51
2022-03-08 01:00:00,1.51
2022-03-08 02:00:00,1.51
2022-03-08 03:00:00,1.51
2022-03-08 04:00:00,1.51
2022-03-08 05:00:00,1.51
2022-03-08 06:00:00,1.51
2022-03-08 07:00:00,1.51
2022-03-08 08:00:00,1.51
2022-03-08 09:00:00,1.51
2022-03-08 10:00:00,1.51
2022-03-08 11:00:00,1.51
2022-03-08 12:00:00,1.51
2022-03-08 13:00:00,1.51
2022-03-08 14:00:00,1.51
2022-03-08 15:00:00,1.51
2022-03-08 16:00:00,1.51
2022-03-08 17:00:00,1.51
2022-03-08 18:00:00,1.51
2022-03-08 19:00:00,1.51
2022-03-08 20:00:00,1.51
2022-03-08 21:00:00,1.51
2022-03-08 22:00:00,1.51
2022-03-08 23:00:00,1.51
2022-03-09 00:00:00,1.51
2022-03-09 01:00:00,1.51
2022-03-09 02:00:00,1.51
2022-03-09 03:00:00,1.51
2022-03-09 04:00:00,1.51
2022-03-09 05:00:00,1.51
2022-03-09 06:00:00,1.51
2022-03-09 07:00:00,1.51
2022-03-09 08:00:00,1.51
2022-03-09 09:00:00,1.51
2022-03-09 10:00:00,1.51
2022-03-09 11:00:00,1.51
2022-03-09 12:00:00,1.51
2022-03-09 13:00:00,1.51
2022-03-09 14:00:00,1.51
2022-03-09 15:00:00,1.51
2022-03-09 16:00:00,1.51
2022-03-09 17:00:00,1.51
2022-03-09 18:00:00,1.51
2022-03-09 19:00:00,1.51
2022-03-09 20:00:00,1.51
2022-03-09 21:00:00,1.51
2022-03-09 22:00:00,1.51
2022-03-09 23:00:00,1.51
2022-03-10 00:00:00,1.51
2022-03-10 01:00:00,1.51
2022-03-10 02:00:00,1.51
2022-03-10 03:00:00,1.51
2022-03-10 04:00:00,1.51
2022-03-10 05:00:00,1.51
2022-03-10 06:00:00,1.51
2022-03-10 07:00:00,1.51
2022-03-10 08:00:00,1.51
2022-03-10 09:00:00,1.51
2022-03-10 10:00:00,1.51
2022-03-10 11:00:00,1.51
2022-03-10 12:00:00,1.51
2022-03-10 13:00:00,1.51
2022-03-10 14:00:00,1.51
2022-03-10 15:00:00,1.51
2022-03-10 16:00:00,1.51
2022-03-10 17:00:00,1.51
2022-03-10 18:00:00,1.51
2022-03-10 19:00:00,1.51
2022-03-10 20:00:00,1.51
2022-03-10 21:00:00,1.51
2022-03-10 22:00:00,1.51
2022-03-10 23:00:00,1.51
2022-03-11 00:00:00,1.51
2022-03-11 01:00:00,1.51
2022-03-11 02:00:00,1.51
2022-03-11 03:00:00,1.51
2022-03-11 04:00:00,1.51
2022-03-11 05:00:00,1.51
2022-03-11 06:00:00,1.51
2022-03-11 07:00:00,1.51
2022-03-11 08:00:00,1.51
2022-03-11 09:00:00,1.51
2022-03-11 10:00:00,1.51
2022-03-11 11:00:00,1.51
2022-03-11 12:00:00,1.51
2022-03-11 13:00:00,1.51
2022-03-11 14:00:00,1.51
2022-03-11 15:00:00,1.51
2022-03-11 16:00:00,1.51
2022-03-11 17:00:00,1.51
2022-03-11 18:00:00,1.51
2022-03-11 19:00:00,1.51
2022-03-11 20:00:00,1.51
2022-03-11 21:00:00,1.51
2022-03-11 22:00:00,1.51
2022-03-11 23:00:00,1.51
2022-03-12 00:00:00,1.51
2022-03-12 01:00:00,1.51
2022-03-12 02:00:00,1.51
2022-03-12 03:00:00,1.51
2022-03-12 04:00:00,1.51
2022-03-12 05:00:00,1.51
2022-03-12 06:00:00,1.51
2022-03-12 07:00:00,1.51
2022-03-12 08:00:00,1.51
2022-03-12 09:00:00,1.51
2022-03-12 10:00:00,1.51
2022-03-12 11:00:00,1.51
2022-03-12 12:00:00,1.51
2022-03-12 13:00:00,1.51
2022-03-12 14:00:00,1.51
2022-03-12 15:00:00,1.51
2022-03-12 16:00:00,1.51
2022-03-12 17:00:00,1.51
2022-03-12 18:00:00,1.51
2022-03-12 19:00:00,1.51
2022-03-12 20:00:00,1.51
2022-03-12 21:00:00,1.51
2022-03-12 22:00:00,1.51
2022-03-12 23:00:00,1.51
2022-03-13 00:00:00,1.51
2022-03-13 01:00:00,1.51
2022-03-13 02:00:00,1.51
2022-03-13 03:00:00,1.51
2022-03-13 04:00:00,1.51
2022-03-13 05:00:00,1.51
2022-03-13 06:00:00,1.51
2022-03-13 07:00:00,1.51
2022-03-13 08:00:00,1.51
2022-03-13 09:00:00,1.51
2022-03-13 10:00:00,1.51
2022-03-13 11:00:00,1.51
2022-03-13 12:00:00,1.51
2022-03-13 13:00:00,1.51
2022-03-13 14:00:00,1.51
2022-03-13 15:00:00,1.51
2022-03-13 16:00:00,1.51
2022-03-13 17:00:00,1.51
2022-03-13 18:00:00,1.51
2022-03-13 19:00:00,1.51
2022-03-13 20:00:00,1.51
2022-03-13 21:00:00,1.51
2022-03-13 22:00:00,1.51
2022-03-13 23:00:00,1.51
2022-03-14 00:00:00,1.51
2022-03-14 01:00:00,1.51
2022-03-14 02:00:00,1.51
2022-03-14 03:00:00,1.51
2022-03-14 04:00:00,1.51
2022-03-14 05:00:00,1.51
2022-03-14 06:00:00,1.51
2022-03-14 07:00:00,1.51
2022-03-14 08:00:00,1.51
2022-03-14 09:00:00,1.51
2022-03-14 10:00:00,1.51
2022-03-14 11:00:00,1.51
2022-03-14 12:00:00,1.51
2022-03-14 13:00:00,1.51
2022-03-14 14:00:00,1.51
2022-03-14 15:00:00,1.51
2022-03-14 16:00:00,1.51
2022-03-14 17:00:00,1.51
2022-03-14 18:00:00,1.51
2022-03-14 19:00:00,1.51
2022-03-14 20:00:00,1.51
2022-03-14 21:00:00,1.51
2022-03-14 22:00:00,1.51
2022-03-14 23:00:00,1.51
2022-03-15 00:00:00,1.51
2022-03-15 01:00:00,1.51
2022-03-15 02:00:00,1.51
2022-03-15 03:00:00,1.51
2022-03-15 04:00:00,1.51
2022-03-15 05:00:00,1.51
2022-03-15 06:00:00,1.51
2022-03-15 07:00:00,1.51
2022-03-15 08:00:00,1.51
2022-03-15 09:00:00,1.51
2022-03-15 10:00:00,1.51
2022-03-15 11:00:00,1.51
2022-03-15 12:00:00,1.51
2022-03-15 13:00:00,1.51
2022-03-15 14:00:00,1.51
2022-03-15 15:00:00,1.51
2022-03-15 16:00:00,1.51
2022-03-15 17:00:00,1.51
2022-03-15 18:00:00,1.51
2022-03-15 19:00:00,1.51
2022-03-15 20:00:00,1.51
2022-03-15 21:00:00,1.51
2022-03-15 22:00:00,1.51
2022-03-15 23:00:00,1.51
2022-03-16 00:00:00,1.51
2022-03-16 01:00:00,1.51
2022-03-16 02:00:00,1.51
2022-03-16 03:00:00,1.51
2022-03-16 04:00:00,1.51
2022-03-16 05:00:00,1.51
2022-03-16 06:00:00,1.51
2022-03-16 07:00:00,1.51
2022-03-16 08:00:00,1.51
2022-03-16 09:00:00,1.51
2022-03-16 10:00:00,1.51
2022-03-16 11:00:00,1.51
2022-03-16 12:00:00,1.51
2022-03-16 13:00:00,1.51
2022-03-16 14:00:00,1.51
2022-03-16 15:00:00,1.51
2022-03-16 16:00:00,1.51
2022-03-16 17:00:00,1.51
2022-03-16 18:00:00,1.51
2022-03-16 19:00:00,1.51
2022-03-16 20:00:00,1.51
2022-03-16 21:00:00,1.51
2022-03-16 22:00:00,1.51
2022-03-16 23:00:00,1.51
2022-03-17 00:00:00,1.51
2022-03-17 01:00:00,1.51
2022-03-17 02:00:00,1.51
2022-03-17 03:00:00,1.51
2022-03-17 04:00:00,1.51
2022-03-17 05:00:00,1.51
2022-03-17 06:00:00,1.51
2022-03-17 07:00:00,1.51
2022-03-17 08:00:00,1.51
2022-03-17 09:00:00,1.51
2022-03-17 10:00:00,1.51
2022-03-17 11:00:00,1.51
2022-03-17 12:00:00,1.51
2022-03-17 13:00:00,1.51
2022-03-17 14:00:00,1.51
2022-03-17 15:00:00,1.51
2022-03-17 16:00:00,1.51
2022-03-17 17:00:00,1.51
2022-03-17 18:00:00,1.51
2022-03-17 19:00:00,1.51
2022-03-17 20:00:00,1.51
2022-03-17 21:00:00,1.51
2022-03-17 22:00:00,1.51
2022-03-17 23:00:00,1.51
2022-03-18 00:00:00,1.51
2022-03-18 01:00:00,1.51
2022-03-18 02:00:00,1.51
2022-03-18 03:00:00,1.51
2022-03-18 04:00:00,1.51
2022-03-18 05:00:00,1.51
2022-03-18 06:00:00,1.51
2022-03-18 07:00:00,1.51
2022-03-18 08:00:00,1.51
2022-03-18 09:00:00,1.51
2022-03-18 10:00:00,1.51
2022-03-18 11:00:00,1.51
2022-03-18 12:00:00,1.51
2022-03-18 13:00:00,1.51
2022-03-18 14:00:00,1.51
2022-03-18 15:00:00,1.51
2022-03-18 16:00:00,1.51
2022-03-18 17:00:00,1.51
2022-03-18 18:00:00,1.51
2022-03-18 19:00:00,1.51
2022-03-18 20:00:00,1.51
2022-03-18 21:00:00,1.51
2022-03-18 22:00:00,1.51
2022-03-18 23:00:00,1.51
2022-03-19 00:00:00,1.51
2022-03-19 01:00:00,1.51
2022-03-19 02:00:00,1.51
2022-03-19 03:00:00,1.51
2022-03-19 04:00:00,1.51
2022-03-19 05:00:00,1.51
2022-03-19 06:00:00,1.51
2022-03-19 07:00:00,1.51
2022-03-19 08:00:00,1.51
2022-03-19 09:00:00,1.51
2022-03-19 10:00:00,1.51
2022-03-19 11:00:00,1.51
2022-03-19 12:00:00,1.51
2022-03-19 13:00:00,1.51
2022-03-19 14:00:00,1.51
2022-03-19 15:00:00,1.51
2022-03-19 16:00:00,1.51
2022-03-19 17:00:00,1.51
2022-03-19 18:00:00,1.51
2022-03-19 19:00:00,1.51
2022-03-19 20:00:00,1.51
2022-03-19 21:00:00,1.51
2022-03-19 22:00:00,1.51
2022-03-19 23:00:00,1.51
2022-03-20 00:00:00,1.51
2022-03-20 01:00:00,1.51
2022-03-20 02:00:00,1.51
2022-03-20 03:00:00,1.51
2022-03-20 04:00:00,1.51
2022-03-20 05:00:00,1.51
2022-03-20 06:00:00,1.51
2022-03-20 07:00:00,1.51
2022-03-20 08:00:00,1.51
2022-03-20 09:00:00,1.51
2022-03-20 10:00:00,1.51
2022-03-20 11:00:00,1.51
2022-03-20 12:00:00,1.51
2022-03-20 13:00:00,1.51
2022-03-20 14:00:00,1.51
2022-03-20 15:00:00,1.51
2022-03-20 16:00:00,1.51
2022-03-20 17:00:00,1.51
2022-03-20 18:00:00,1.51
2022-03-20 19:00:00,1.51
2022-03-20 20:00:00,1.51
2022-03-20 21:00:00,1.51
2022-03-20 22:00:00,1.51
2022-03-20 23:00:00,1.51
2022-03-21 00:00:00,1.51
2022-03-21 01:00:00,1.51
2022-03-21 02:00:00,1.51
2022-03-21 03:00:00,1.51
2022-03-21 04:00:00,1.51
2022-03-21 05:00:00,1.51
2022-03-21 06:00:00,1.51
2022-03-21 07:00:00,1.51
2022-03-21 08:00:00,1.51
2022-03-21 09:00:00,1.51
2022-03-21 10:00:00,1.51
2022-03-21 11:00:00,1.51
2022-03-21 12:00:00,1.51
2022-03-21 13:00:00,1.51
2022-03-21 14:00:00,1.51
2022-03-21 15:00:00,1.51
2022-03-21 16:00:00,1.51
2022-03-21 17:00:00,1.51
2022-03-21 18:00:00,1.51
2022-03-21 19:00:00,1.51
2022-03-21 20:00:00,1.51
2022-03-21 21:00:00,1.51
2022-03-21 22:00:00,1.51
2022-03-21 23:00:00,1.51
2022-03-22 00:00:00,1.51
2022-03-22 01:00:00,1.51
2022-03-22 02:00:00,1.51
2022-03-22 03:00:00,1.51
2022-03-22 04:00:00,1.51
2022-03-22 05:00:00,1.51
2022-03-22 06:00:00,1.51
2022-03-22 07:00:00,1.51
2022-03-22 08:00:00,1.51
2022-03-22 09:00:00,1.51
2022-03-22 10:00:00,1.51
2022-03-22 11:00:00,1.51
2022-03-22 12:00:00,1.51
2022-03-22 13:00:00,1.51
2022-03-22 14:00:00,1.51
2022-03-22 15:00:00,1.51
2022-03-22 16:00:00,1.51
2022-03-22 17:00:00,1.51
2022-03-22 18:00:00,1.51
2022-03-22 19:00:00,1.51
2022-03-22 20:00:00,1.51
2022-03-22 21:00:00,1.51
2022-03-22 22:00:00,1.51
2022-03-22 23:00:00,1.51
2022-03-23 00:00:00,1.51
2022-03-23 01:00:00,1.51
2022-03-23 02:00:00,1.51
2022-03-23 03:00:00,1.51
2022-03-23 04:00:00,1.51
2022-03-23 05:00:00,1.51
2022-03-23 06:00:00,1.51
2022-03-23 07:00:00,1.51
2022-03-23 08:00:00,1.51
2022-03-23 09:00:00,1.51
2022-03-23 10:00:00,1.51
2022-03-23 11:00:00,1.51
2022-03-23 12:00:00,1.51
2022-03-23 13:00:00,1.51
2022-03-23 14:00:00,1.51
2022-03-23 15:00:00,1.51
2022-03-23 16:00:00,1.51
2022-03-23 17:00:00,1.51
2022-03-23 18:00:00,1.51
2022-03-23 19:00:00,1.51
2022-03-23 20:00:00,1.51
2022-03-23 21:00:00,1.51
2022-03-23 22:00:00,1.51
2022-03-23 23:00:00,1.51
2022-03-24 00:00:00,1.51
2022-03-24 01:00:00,1.51
2022-03-24 02:00:00,1.51
2022-03-24 03:00:00,1.51
2022-03-24 04:00:00,1.51
2022-03-24 05:00:00,1.51
2022-03-24 06:00:00,1.51
2022-03-24 07:00:00,1.51
2022-03-24 08:00:00,1.51
2022-03-24 09:00:00,1.51
2022-03-24 10:00:00,1.51
2022-03-24 11:00:00,1.51
2022-03-24 12:00:00,1.51
2022-03-24 13:00:00,1.51
2022-03-24 14:00:00,1.51
2022-03-24 15:00:00,1.51
2022-03-24 16:00:00,1.51
2022-03-24 17:00:00,1.51
2022-03-24 18:00:00,1.51
2022-03-24 19:00:00,1.51
2022-03-24 20:00:00,1.51
2022-03-24 21:00:00,1.51
2022-03-24 22:00:00,1.51
2022-03-24 23:00:00,1.51
2022-03-25 00:00:00,1.51
2022-03-25 01:00:00,1.51
2022-03-25 02:00:00,1.51
2022-03-25 03:00:00,1.51
2022-03-25 04:00:00,1.51
2022-03-25 05:00:00,1.51
2022-03-25 06:00:00,1.51
2022-03-25 07:00:00,1.51
2022-03-25 08:00:00,1.51
2022-03-25 09:00:00,1.51
2022-03-25 10:00:00,1.51
2022-03-25 11:00:00,1.51
2022-03-25 12:00:00,1.51
2022-03-25 13:00:00,1.51
2022-03-25 14:00:00,1.51
2022-03-25 15:00:00,1.51
2022-03-25 16:00:00,1.51
2022-03-25 17:00:00,1.51
2022-03-25 18:00:00,1.51
2022-03-25 19:00:00,1.51
2022-03-25 20:00:00,1.51
2022-03-25 21:00:00,1.51
2022-03-25 22:00:00,1.51
2022-03-25 23:00:00,1.51
2022-03-26 00:00:00,1.51
2022-03-26 01:00:00,1.51
2022-03-26 02:00:00,1.51
2022-03-26 03:00:00,1.51
2022-03-26 04:00:00,1.51
2022-03-26 05:00:00,1.51
2022-03-26 06:00:00,1.51
2022-03-26 07:00:00,1.51
2022-03-26 08:00:00,1.51
2022-03-26 09:00:00,1.51
2022-03-26 10:00:00,1.51
2022-03-26 11:00:00,1.51
2022-03-26 12:00:00,1.51
2022-03-26 13:00:00,1.51
2022-03-26 14:00:00,1.51
2022-03-26 15:00:00,1.51
2022-03-26 16:00:00,1.51
2022-03-26 17:00:00,1.51
2022-03-26 18:00:00,1.51
2022-03-26 19:00:00,1.51
2022-03-26 20:00:00,1.51
2022-03-26 21:00:00,1.51
2022-03-26 22:00:00,1.51
2022-03-26 23:00:00,1.51
2022-03-27 00:00:00,1.51
2022-03-27 01:00:00,1.51
2022-03-27 02:00:00,1.51
2022-03-27 03:00:00,1.51
2022-03-27 04:00:00,1.51
2022-03-27 05:00:00,1.51
2022-03-27 06:00:00,1.51
2022-03-27 07:00:00,1.51
2022-03-27 08:00:00,1.51
2022-03-27 09:00:00,1.51
2022-03-27 10:00:00,1.51
2022-03-27 11:00:00,1.51
2022-03-27 12:00:00,1.51
2022-03-27 13:00:00,1.51
2022-03-27 14:00:00,1.51
2022-03-27 15:00:00,1.51
2022-03-27 16:00:00,1.51
2022-03-27 17:00:00,1.51
2022-03-27 18:00:00,1.51
2022-03-27 19:00:00,1.51
2022-03-27 20:00:00,1.51
2022-03-27 21:00:00,1.51
2022-03-27 22:00:00,1.51
2022-03-27 23:00:00,1.51
2022-03-28 00:00:00,1.51
2022-03-28 01:00:00,1.51
2022-03-28 02:00:00,1.51
2022-03-28 03:00:00,1.51
2022-03-28 04:00:00,1.51
2022-03-28 05:00:00,1.51
2022-03-28 06:00:00,1.51
2022-03-28 07:00:00,1.51
2022-03-28 08:00:00,1.51
2022-03-28 09:00:00,1.51
2022-03-28 10:00:00,1.51
2022-03-28 11:00:00,1.51
2022-03-28 12:00:00,1.51
2022-03-28 13:00:00,1.51
2022-03-28 14:00:00,1.51
2022-03-28 15:00:00,1.51
2022-03-28 16:00:00,1.51
2022-03-28 17:00:00,1.51
2022-03-28 18:00:00,1.51
2022-03-28 19:00:00,1.51
2022-03-28 20:00:00,1.51
2022-03-28 21:00:00,1.51
2022-03-28 22:00:00,1.51
2022-03-28 23:00:00,1.51
2022-03-29 00:00:00,1.51
2022-03-29 01:00:00,1.51
2022-03-29 02:00:00,1.51
2022-03-29 03:00:00,1.51
2022-03-29 04:00:00,1.51
2022-03-29 05:00:00,1.51
2022-03-29 06:00:00,1.51
2022-03-29 07:00:00,1.51
2022-03-29 08:00:00,1.51
2022-03-29 09:00:00,1.51
2022-03-29 10:00:00,1.51
2022-03-29 11:00:00,1.51
2022-03-29 12:00:00,1.51
2022-03-29 13:00:00,1.51
2022-03-29 14:00:00,1.51
2022-03-29 15:00:00,1.51
2022-03-29 16:00:00,1.51
2022-03-29 17:00:00,1.51
2022-03-29 18:00:00,1.51
2022-03-29 19:00:00,1.51
2022-03-29 20:00:00,1.51
2022-03-29 21:00:00,1.51
2022-03-29 22:00:00,1.51
2022-03-29 23:00:00,1.51
2022-03-30 00:00:00,1.51
2022-03-30 01:00:00,1.51
2022-03-30 02:00:00,1.51
2022-03-30 03:00:00,1.51
2022-03-30 04:00:00,1.51
2022-03-30 05:00:00,1.51
2022-03-30 06:00:00,1.51
2022-03-30 07:00:00,1.51
2022-03-30 08:00:00,1.51
2022-03-30 09:00:00,1.51
2022-03-30 10:00:00,1.51
2022-03-30 11:00:00,1.51
2022-03-30 12:00:00,1.51
2022-03-30 13:00:00,1.51
2022-03-30 14:00:00,1.51
2022-03-30 15:00:00,1.51
2022-03-30 16:00:00,1.51
2022-03-30 17:00:00,1.51
2022-03-30 18:00:00,1.51
2022-03-30 19:00:00,1.51
2022-03-30 20:00:00,1.51
2022-03-30 21:00:00,1.51
2022-03-30 22:00:00,1.51
2022-03-30 23:00:00,1.51
2022-03-31 00:00:00,1.51
2022-03-31 01:00:00,1.510013889
2022-03-31 02:00:00,1.510027778
2022-03-31 03:00:00,1.510041667
2022-03-31 04:00:00,1.510055556
2022-03-31 05:00:00,1.510069444
2022-03-31 06:00:00,1.510083333
2022-03-31 07:00:00,1.510097222
2022-03-31 08:00:00,1.510111111
2022-03-31 09:00:00,1.510125
2022-03-31 10:00:00,1.510138889
2022-03-31 11:00:00,1.510152778
2022-03-31 12:00:00,1.510166667
2022-03-31 13:00:00,1.510180556
2022-03-31 14:00:00,1.510194444
2022-03-31 15:00:00,1.510208333
2022-03-31 16:00:00,1.510222222
2022-03-31 17:00:00,1.510236111
2022-03-31 18:00:00,1.51025
2022-03-31 19:00:00,1.510263889
2022-03-31 20:00:00,1.510277778
2022-03-31 21:00:00,1.510291667
2022-03-31 22:00:00,1.510305556
2022-03-31 23:00:00,1.510319444
2022-04-01 00:00:00,1.510333333
2022-04-01 01:00:00,1.510347222
2022-04-01 02:00:00,1.510361111
2022-04-01 03:00:00,1.510375
2022-04-01 04:00:00,1.510388889
2022-04-01 05:00:00,1.510402778
2022-04-01 06:00:00,1.510416667
2022-04-01 07:00:00,1.510430556
2022-04-01 08:00:00,1.510444444
2022-04-01 09:00:00,1.510458333
2022-04-01 10:00:00,1.510472222
2022-04-01 11:00:00,1.510486111
2022-04-01 12:00:00,1.5105
2022-04-01 13:00:00,1.510513889
2022-04-01 14:00:00,1.510527778
2022-04-01 15:00:00,1.510541667
2022-04-01 16:00:00,1.510555556
2022-04-01 17:00:00,1.510569444
2022-04-01 18:00:00,1.510583333
2022-04-01 19:00:00,1.510597222
2022-04-01 20:00:00,1.510611111
2022-04-01 21:00:00,1.510625
2022-04-01 22:00:00,1.510638889
2022-04-01 23:00:00,1.510652778
2022-04-02 00:00:00,1.510666667
2022-04-02 01:00:00,1.510680556
2022-04-02 02:00:00,1.510694444
2022-04-02 03:00:00,1.510708333
2022-04-02 04:00:00,1.510722222
2022-04-02 05:00:00,1.510736111
2022-04-02 06:00:00,1.51075
2022-04-02 07:00:00,1.510763889
2022-04-02 08:00:00,1.510777778
2022-04-02 09:00:00,1.510791667
2022-04-02 10:00:00,1.510805556
2022-04-02 11:00:00,1.510819444
2022-04-02 12:00:00,1.510833333
2022-04-02 13:00:00,1.510847222
2022-04-02 14:00:00,1.510861111
2022-04-02 15:00:00,1.510875
2022-04-02 16:00:00,1.510888889
2022-04-02 17:00:00,1.510902778
2022-04-02 18:00:00,1.510916667
2022-04-02 19:00:00,1.510930556
2022-04-02 20:00:00,1.510944444
2022-04-02 21:00:00,1.510958333
2022-04-02 22:00:00,1.510972222
2022-04-02 23:00:00,1.510986111
2022-04-03 00:00:00,1.511
2022-04-03 01:00:00,1.511013889
2022-04-03 02:00:00,1.511027778
2022-04-03 03:00:00,1.511041667
2022-04-03 04:00:00,1.511055556
2022-04-03 05:00:00,1.511069444
2022-04-03 06:00:00,1.511083333
2022-04-03 07:00:00,1.511097222
2022-04-03 08:00:00,1.511111111
2022-04-03 09:00:00,1.511125
2022-04-03 10:00:00,1.511138889
2022-04-03 11:00:00,1.511152778
2022-04-03 12:00:00,1.511166667
2022-04-03 13:00:00,1.511180556
2022-04-03 14:00:00,1.511194444
2022-04-03 15:00:00,1.511208333
2022-04-03 16:00:00,1.511222222
2022-04-03 17:00:00,1.511236111
2022-04-03 18:00:00,1.51125
2022-04-03 19:00:00,1.511263889
2022-04-03 20:00:00,1.511277778
2022-04-03 21:00:00,1.511291667
2022-04-03 22:00:00,1.511305556
2022-04-03 23:00:00,1.511319444
2022-04-04 00:00:00,1.511333333
2022-04-04 01:00:00,1.511347222
2022-04-04 02:00:00,1.511361111
2022-04-04 03:00:00,1.511375
2022-04-04 04:00:00,1.511388889
2022-04-04 05:00:00,1.511402778
2022-04-04 06:00:00,1.511416667
2022-04-04 07:00:00,1.511430556
2022-04-04 08:00:00,1.511444444
2022-04-04 09:00:00,1.511458333
2022-04-04 10:00:00,1.511472222
2022-04-04 11:00:00,1.511486111
2022-04-04 12:00:00,1.5115
2022-04-04 13:00:00,1.511513889
2022-04-04 14:00:00,1.511527778
2022-04-04 15:00:00,1.511541667
2022-04-04 16:00:00,1.511555556
2022-04-04 17:00:00,1.511569444
2022-04-04 18:00:00,1.511583333
2022-04-04 19:00:00,1.511597222
2022-04-04 20:00:00,1.511611111
2022-04-04 21:00:00,1.511625
2022-04-04 22:00:00,1.511638889
2022-04-04 23:00:00,1.511652778
2022-04-05 00:00:00,1.511666667
2022-04-05 01:00:00,1.511680556
2022-04-05 02:00:00,1.511694444
2022-04-05 03:00:00,1.511708333
2022-04-05 04:00:00,1.511722222
2022-04-05 05:00:00,1.511736111
2022-04-05 06:00:00,1.51175
2022-04-05 07:00:00,1.511763889
2022-04-05 08:00:00,1.511777778
2022-04-05 09:00:00,1.511791667
2022-04-05 10:00:00,1.511805556
2022-04-05 11:00:00,1.511819444
2022-04-05 12:00:00,1.511833333
2022-04-05 13:00:00,1.511847222
2022-04-05 14:00:00,1.511861111
2022-04-05 15:00:00,1.511875
2022-04-05 16:00:00,1.511888889
2022-04-05 17:00:00,1.511902778
2022-04-05 18:00:00,1.511916667
2022-04-05 19:00:00,1.511930556
2022-04-05 20:00:00,1.511944444
2022-04-05 21:00:00,1.511958333
2022-04-05 22:00:00,1.511972222
2022-04-05 23:00:00,1.511986111
2022-04-06 00:00:00,1.512
2022-04-06 01:00:00,1.512013889
2022-04-06 02:00:00,1.512027778
2022-04-06 03:00:00,1.512041667
2022-04-06 04:00:00,1.512055556
2022-04-06 05:00:00,1.512069444
2022-04-06 06:00:00,1.512083333
2022-04-06 07:00:00,1.512097222
2022-04-06 08:00:00,1.512111111
2022-04-06 09:00:00,1.512125
2022-04-06 10:00:00,1.512138889
2022-04-06 11:00:00,1.512152778
2022-04-06 12:00:00,1.512166667
2022-04-06 13:00:00,1.512180556
2022-04-06 14:00:00,1.512194444
2022-04-06 15:00:00,1.512208333
2022-04-06 16:00:00,1.512222222
2022-04-06 17:00:00,1.512236111
2022-04-06 18:00:00,1.51225
2022-04-06 19:00:00,1.512263889
2022-04-06 20:00:00,1.512277778
2022-04-06 21:00:00,1.512291667
2022-04-06 22:00:00,1.512305556
2022-04-06 23:00:00,1.512319444
2022-04-07 00:00:00,1.512333333
2022-04-07 01:00:00,1.512347222
2022-04-07 02:00:00,1.512361111
2022-04-07 03:00:00,1.512375
2022-04-07 04:00:00,1.512388889
2022-04-07 05:00:00,1.512402778
2022-04-07 06:00:00,1.512416667
2022-04-07 07:00:00,1.512430556
2022-04-07 08:00:00,1.512444444
2022-04-07 09:00:00,1.512458333
2022-04-07 10:00:00,1.512472222
2022-04-07 11:00:00,1.512486111
2022-04-07 12:00:00,1.5125
2022-04-07 13:00:00,1.512513889
2022-04-07 14:00:00,1.512527778
2022-04-07 15:00:00,1.512541667
2022-04-07 16:00:00,1.512555556
2022-04-07 17:00:00,1.512569444
2022-04-07 18:00:00,1.512583333
2022-04-07 19:00:00,1.512597222
2022-04-07 20:00:00,1.512611111
2022-04-07 21:00:00,1.512625
2022-04-07 22:00:00,1.512638889
2022-04-07 23:00:00,1.512652778
2022-04-08 00:00:00,1.512666667
2022-04-08 01:00:00,1.512680556
2022-04-08 02:00:00,1.512694444
2022-04-08 03:00:00,1.512708333
2022-04-08 04:00:00,1.512722222
2022-04-08 05:00:00,1.512736111
2022-04-08 06:00:00,1.51275
2022-04-08 07:00:00,1.512763889
2022-04-08 08:00:00,1.512777778
2022-04-08 09:00:00,1.512791667
2022-04-08 10:00:00,1.512805556
2022-04-08 11:00:00,1.512819444
2022-04-08 12:00:00,1.512833333
2022-04-08 13:00:00,1.512847222
2022-04-08 14:00:00,1.512861111
2022-04-08 15:00:00,1.512875
2022-04-08 16:00:00,1.512888889
2022-04-08 17:00:00,1.512902778
2022-04-08 18:00:00,1.512916667
2022-04-08 19:00:00,1.512930556
2022-04-08 20:00:00,1.512944444
2022-04-08 21:00:00,1.512958333
2022-04-08 22:00:00,1.512972222
2022-04-08 23:00:00,1.512986111
2022-04-09 00:00:00,1.513
2022-04-09 01:00:00,1.513013889
2022-04-09 02:00:00,1.513027778
2022-04-09 03:00:00,1.513041667
2022-04-09 04:00:00,1.513055556
2022-04-09 05:00:00,1.513069444
2022-04-09 06:00:00,1.513083333
2022-04-09 07:00:00,1.513097222
2022-04-09 08:00:00,1.513111111
2022-04-09 09:00:00,1.513125
2022-04-09 10:00:00,1.513138889
2022-04-09 11:00:00,1.513152778
2022-04-09 12:00:00,1.513166667
2022-04-09 13:00:00,1.513180556
2022-04-09 14:00:00,1.513194444
2022-04-09 15:00:00,1.513208333
2022-04-09 16:00:00,1.513222222
2022-04-09 17:00:00,1.513236111
2022-04-09 18:00:00,1.51325
2022-04-09 19:00:00,1.513263889
2022-04-09 20:00:00,1.513277778
2022-04-09 21:00:00,1.513291667
2022-04-09 22:00:00,1.513305556
2022-04-09 23:00:00,1.513319444
2022-04-10 00:00:00,1.513333333
2022-04-10 01:00:00,1.513347222
2022-04-10 02:00:00,1.513361111
2022-04-10 03:00:00,1.513375
2022-04-10 04:00:00,1.513388889
2022-04-10 05:00:00,1.513402778
2022-04-10 06:00:00,1.513416667
2022-04-10 07:00:00,1.513430556
2022-04-10 08:00:00,1.513444444
2022-04-10 09:00:00,1.513458333
2022-04-10 10:00:00,1.513472222
2022-04-10 11:00:00,1.513486111
2022-04-10 12:00:00,1.5135
2022-04-10 13:00:00,1.513513889
2022-04-10 14:00:00,1.513527778
2022-04-10 15:00:00,1.513541667
2022-04-10 16:00:00,1.513555556
2022-04-10 17:00:00,1.513569444
2022-04-10 18:00:00,1.513583333
2022-04-10 19:00:00,1.513597222
2022-04-10 20:00:00,1.513611111
2022-04-10 21:00:00,1.513625
2022-04-10 22:00:00,1.513638889
2022-04-10 23:00:00,1.513652778
2022-04-11 00:00:00,1.513666667
2022-04-11 01:00:00,1.513680556
2022-04-11 02:00:00,1.513694444
2022-04-11 03:00:00,1.513708333
2022-04-11 04:00:00,1.513722222
2022-04-11 05:00:00,1.513736111
2022-04-11 06:00:00,1.51375
2022-04-11 07:00:00,1.513763889
2022-04-11 08:00:00,1.513777778
2022-04-11 09:00:00,1.513791667
2022-04-11 10:00:00,1.513805556
2022-04-11 11:00:00,1.513819444
2022-04-11 12:00:00,1.513833333
2022-04-11 13:00:00,1.513847222
2022-04-11 14:00:00,1.513861111
2022-04-11 15:00:00,1.513875
2022-04-11 16:00:00,1.513888889
2022-04-11 17:00:00,1.513902778
2022-04-11 18:00:00,1.513916667
2022-04-11 19:00:00,1.513930556
2022-04-11 20:00:00,1.513944444
2022-04-11 21:00:00,1.513958333
2022-04-11 22:00:00,1.513972222
2022-04-11 23:00:00,1.513986111
2022-04-12 00:00:00,1.514
2022-04-12 01:00:00,1.514013889
2022-04-12 02:00:00,1.514027778
2022-04-12 03:00:00,1.514041667
2022-04-12 04:00:00,1.514055556
2022-04-12 05:00:00,1.514069444
2022-04-12 06:00:00,1.514083333
2022-04-12 07:00:00,1.514097222
2022-04-12 08:00:00,1.514111111
2022-04-12 09:00:00,1.514125
2022-04-12 10:00:00,1.514138889
2022-04-12 11:00:00,1.514152778
2022-04-12 12:00:00,1.514166667
2022-04-12 13:00:00,1.514180556
2022-04-12 14:00:00,1.514194444
2022-04-12 15:00:00,1.514208333
2022-04-12 16:00:00,1.514222222
2022-04-12 17:00:00,1.514236111
2022-04-12 18:00:00,1.51425
2022-04-12 19:00:00,1.514263889
2022-04-12 20:00:00,1.514277778
2022-04-12 21:00:00,1.514291667
2022-04-12 22:00:00,1.514305556
2022-04-12 23:00:00,1.514319444
2022-04-13 00:00:00,1.514333333
2022-04-13 01:00:00,1.514347222
2022-04-13 02:00:00,1.514361111
2022-04-13 03:00:00,1.514375
2022-04-13 04:00:00,1.514388889
2022-04-13 05:00:00,1.514402778
2022-04-13 06:00:00,1.514416667
2022-04-13 07:00:00,1.514430556
2022-04-13 08:00:00,1.514444444
2022-04-13 09:00:00,1.514458333
2022-04-13 10:00:00,1.514472222
2022-04-13 11:00:00,1.514486111
2022-04-13 12:00:00,1.5145
2022-04-13 13:00:00,1.514513889
2022-04-13 14:00:00,1.514527778
2022-04-13 15:00:00,1.514541667
2022-04-13 16:00:00,1.514555556
2022-04-13 17:00:00,1.514569444
2022-04-13 18:00:00,1.514583333
2022-04-13 19:00:00,1.514597222
2022-04-13 20:00:00,1.514611111
2022-04-13 21:00:00,1.514625
2022-04-13 22:00:00,1.514638889
2022-04-13 23:00:00,1.514652778
2022-04-14 00:00:00,1.514666667
2022-04-14 01:00:00,1.514680556
2022-04-14 02:00:00,1.514694444
2022-04-14 03:00:00,1.514708333
2022-04-14 04:00:00,1.514722222
2022-04-14 05:00:00,1.514736111
2022-04-14 06:00:00,1.51475
2022-04-14 07:00:00,1.514763889
2022-04-14 08:00:00,1.514777778
2022-04-14 09:00:00,1.514791667
2022-04-14 10:00:00,1.514805556
2022-04-14 11:00:00,1.514819444
2022-04-14 12:00:00,1.514833333
2022-04-14 13:00:00,1.514847222
2022-04-14 14:00:00,1.514861111
2022-04-14 15:00:00,1.514875
2022-04-14 16:00:00,1.514888889
2022-04-14 17:00:00,1.514902778
2022-04-14 18:00:00,1.514916667
2022-04-14 19:00:00,1.514930556
2022-04-14 20:00:00,1.514944444
2022-04-14 21:00:00,1.514958333
2022-04-14 22:00:00,1.514972222
2022-04-14 23:00:00,1.514986111
2022-04-15 00:00:00,1.515
2022-04-15 01:00:00,1.515013889
2022-04-15 02:00:00,1.515027778
2022-04-15 03:00:00,1.515041667
2022-04-15 04:00:00,1.515055556
2022-04-15 05:00:00,1.515069444
2022-04-15 06:00:00,1.515083333
2022-04-15 07:00:00,1.515097222
2022-04-15 08:00:00,1.515111111
2022-04-15 09:00:00,1.515125
2022-04-15 10:00:00,1.515138889
2022-04-15 11:00:00,1.515152778
2022-04-15 12:00:00,1.515166667
2022-04-15 13:00:00,1.515180556
2022-04-15 14:00:00,1.515194444
2022-04-15 15:00:00,1.515208333
2022-04-15 16:00:00,1.515222222
2022-04-15 17:00:00,1.515236111
2022-04-15 18:00:00,1.51525
2022-04-15 19:00:00,1.515263889
2022-04-15 20:00:00,1.515277778
2022-04-15 21:00:00,1.515291667
2022-04-15 22:00:00,1.515305556
2022-04-15 23:00:00,1.515319444
2022-04-16 00:00:00,1.515333333
2022-04-16 01:00:00,1.515347222
2022-04-16 02:00:00,1.515361111
2022-04-16 03:00:00,1.515375
2022-04-16 04:00:00,1.515388889
2022-04-16 05:00:00,1.515402778
2022-04-16 06:00:00,1.515416667
2022-04-16 07:00:00,1.515430556
2022-04-16 08:00:00,1.515444444
2022-04-16 09:00:00,1.515458333
2022-04-16 10:00:00,1.515472222
2022-04-16 11:00:00,1.515486111
2022-04-16 12:00:00,1.5155
2022-04-16 13:00:00,1.515513889
2022-04-16 14:00:00,1.515527778
2022-04-16 15:00:00,1.515541667
2022-04-16 16:00:00,1.515555556
2022-04-16 17:00:00,1.515569444
2022-04-16 18:00:00,1.515583333
2022-04-16 19:00:00,1.515597222
2022-04-16 20:00:00,1.515611111
2022-04-16 21:00:00,1.515625
2022-04-16 22:00:00,1.515638889
2022-04-16 23:00:00,1.515652778
2022-04-17 00:00:00,1.515666667
2022-04-17 01:00:00,1.515680556
2022-04-17 02:00:00,1.515694444
2022-04-17 03:00:00,1.515708333
2022-04-17 04:00:00,1.515722222
2022-04-17 05:00:00,1.515736111
2022-04-17 06:00:00,1.51575
2022-04-17 07:00:00,1.515763889
2022-04-17 08:00:00,1.515777778
2022-04-17 09:00:00,1.515791667
2022-04-17 10:00:00,1.515805556
2022-04-17 11:00:00,1.515819444
2022-04-17 12:00:00,1.515833333
2022-04-17 13:00:00,1.515847222
2022-04-17 14:00:00,1.515861111
2022-04-17 15:00:00,1.515875
2022-04-17 16:00:00,1.515888889
2022-04-17 17:00:00,1.515902778
2022-04-17 18:00:00,1.515916667
2022-04-17 19:00:00,1.515930556
2022-04-17 20:00:00,1.515944444
2022-04-17 21:00:00,1.515958333
2022-04-17 22:00:00,1.515972222
2022-04-17 23:00:00,1.515986111
2022-04-18 00:00:00,1.516
2022-04-18 01:00:00,1.516013889
2022-04-18 02:00:00,1.516027778
2022-04-18 03:00:00,1.516041667
2022-04-18 04:00:00,1.516055556
2022-04-18 05:00:00,1.516069444
2022-04-18 06:00:00,1.516083333
2022-04-18 07:00:00,1.516097222
2022-04-18 08:00:00,1.516111111
2022-04-18 09:00:00,1.516125
2022-04-18 10:00:00,1.516138889
2022-04-18 11:00:00,1.516152778
2022-04-18 12:00:00,1.516166667
2022-04-18 13:00:00,1.516180556
2022-04-18 14:00:00,1.516194444
2022-04-18 15:00:00,1.516208333
2022-04-18 16:00:00,1.516222222
2022-04-18 17:00:00,1.516236111
2022-04-18 18:00:00,1.51625
2022-04-18 19:00:00,1.516263889
2022-04-18 20:00:00,1.516277778
2022-04-18 21:00:00,1.516291667
2022-04-18 22:00:00,1.516305556
2022-04-18 23:00:00,1.516319444
2022-04-19 00:00:00,1.516333333
2022-04-19 01:00:00,1.516347222
2022-04-19 02:00:00,1.516361111
2022-04-19 03:00:00,1.516375
2022-04-19 04:00:00,1.516388889
2022-04-19 05:00:00,1.516402778
2022-04-19 06:00:00,1.516416667
2022-04-19 07:00:00,1.516430556
2022-04-19 08:00:00,1.516444444
2022-04-19 09:00:00,1.516458333
2022-04-19 10:00:00,1.516472222
2022-04-19 11:00:00,1.516486111
2022-04-19 12:00:00,1.5165
2022-04-19 13:00:00,1.516513889
2022-04-19 14:00:00,1.516527778
2022-04-19 15:00:00,1.516541667
2022-04-19 16:00:00,1.516555556
2022-04-19 17:00:00,1.516569444
2022-04-19 18:00:00,1.516583333
2022-04-19 19:00:00,1.516597222
2022-04-19 20:00:00,1.516611111
2022-04-19 21:00:00,1.516625
2022-04-19 22:00:00,1.516638889
2022-04-19 23:00:00,1.516652778
2022-04-20 00:00:00,1.516666667
2022-04-20 01:00:00,1.516680556
2022-04-20 02:00:00,1.516694444
2022-04-20 03:00:00,1.516708333
2022-04-20 04:00:00,1.516722222
2022-04-20 05:00:00,1.516736111
2022-04-20 06:00:00,1.51675
2022-04-20 07:00:00,1.516763889
2022-04-20 08:00:00,1.516777778
2022-04-20 09:00:00,1.516791667
2022-04-20 10:00:00,1.516805556
2022-04-20 11:00:00,1.516819444
2022-04-20 12:00:00,1.516833333
2022-04-20 13:00:00,1.516847222
2022-04-20 14:00:00,1.516861111
2022-04-20 15:00:00,1.516875
2022-04-20 16:00:00,1.516888889
2022-04-20 17:00:00,1.516902778
2022-04-20 18:00:00,1.516916667
2022-04-20 19:00:00,1.516930556
2022-04-20 20:00:00,1.516944444
2022-04-20 21:00:00,1.516958333
2022-04-20 22:00:00,1.516972222
2022-04-20 23:00:00,1.516986111
2022-04-21 00:00:00,1.517
2022-04-21 01:00:00,1.517013889
2022-04-21 02:00:00,1.517027778
2022-04-21 03:00:00,1.517041667
2022-04-21 04:00:00,1.517055556
2022-04-21 05:00:00,1.517069444
2022-04-21 06:00:00,1.517083333
2022-04-21 07:00:00,1.517097222
2022-04-21 08:00:00,1.517111111
2022-04-21 09:00:00,1.517125
2022-04-21 10:00:00,1.517138889
2022-04-21 11:00:00,1.517152778
2022-04-21 12:00:00,1.517166667
2022-04-21 13:00:00,1.517180556
2022-04-21 14:00:00,1.517194444
2022-04-21 15:00:00,1.517208333
2022-04-21 16:00:00,1.517222222
2022-04-21 17:00:00,1.517236111
2022-04-21 18:00:00,1.51725
2022-04-21 19:00:00,1.517263889
2022-04-21 20:00:00,1.517277778
2022-04-21 21:00:00,1.517291667
2022-04-21 22:00:00,1.517305556
2022-04-21 23:00:00,1.517319444
2022-04-22 00:00:00,1.517333333
2022-04-22 01:00:00,1.517347222
2022-04-22 02:00:00,1.517361111
2022-04-22 03:00:00,1.517375
2022-04-22 04:00:00,1.517388889
2022-04-22 05:00:00,1.517402778
2022-04-22 06:00:00,1.517416667
2022-04-22 07:00:00,1.517430556
2022-04-22 08:00:00,1.517444444
2022-04-22 09:00:00,1.517458333
2022-04-22 10:00:00,1.517472222
2022-04-22 11:00:00,1.517486111
2022-04-22 12:00:00,1.5175
2022-04-22 13:00:00,1.517513889
2022-04-22 14:00:00,1.517527778
2022-04-22 15:00:00,1.517541667
2022-04-22 16:00:00,1.517555556
2022-04-22 17:00:00,1.517569444
2022-04-22 18:00:00,1.517583333
2022-04-22 19:00:00,1.517597222
2022-04-22 20:00:00,1.517611111
2022-04-22 21:00:00,1.517625
2022-04-22 22:00:00,1.517638889
2022-04-22 23:00:00,1.517652778
2022-04-23 00:00:00,1.517666667
2022-04-23 01:00:00,1.517680556
2022-04-23 02:00:00,1.517694444
2022-04-23 03:00:00,1.517708333
2022-04-23 04:00:00,1.517722222
2022-04-23 05:00:00,1.517736111
2022-04-23 06:00:00,1.51775
2022-04-23 07:00:00,1.517763889
2022-04-23 08:00:00,1.517777778
2022-04-23 09:00:00,1.517791667
2022-04-23 10:00:00,1.517805556
2022-04-23 11:00:00,1.517819444
2022-04-23 12:00:00,1.517833333
2022-04-23 13:00:00,1.517847222
2022-04-23 14:00:00,1.517861111
2022-04-23 15:00:00,1.517875
2022-04-23 16:00:00,1.517888889
2022-04-23 17:00:00,1.517902778
2022-04-23 18:00:00,1.517916667
2022-04-23 19:00:00,1.517930556
2022-04-23 20:00:00,1.517944444
2022-04-23 21:00:00,1.517958333
2022-04-23 22:00:00,1.517972222
2022-04-23 23:00:00,1.517986111
2022-04-24 00:00:00,1.518
2022-04-24 01:00:00,1.518013889
2022-04-24 02:00:00,1.518027778
2022-04-24 03:00:00,1.518041667
2022-04-24 04:00:00,1.518055556
2022-04-24 05:00:00,1.518069444
2022-04-24 06:00:00,1.518083333
2022-04-24 07:00:00,1.518097222
2022-04-24 08:00:00,1.518111111
2022-04-24 09:00:00,1.518125
2022-04-24 10:00:00,1.518138889
2022-04-24 11:00:00,1.518152778
2022-04-24 12:00:00,1.518166667
2022-04-24 13:00:00,1.518180556
2022-04-24 14:00:00,1.518194444
2022-04-24 15:00:00,1.518208333
2022-04-24 16:00:00,1.518222222
2022-04-24 17:00:00,1.518236111
2022-04-24 18:00:00,1.51825
2022-04-24 19:00:00,1.518263889
2022-04-24 20:00:00,1.518277778
2022-04-24 21:00:00,1.518291667
2022-04-24 22:00:00,1.518305556
2022-04-24 23:00:00,1.518319444
2022-04-25 00:00:00,1.518333333
2022-04-25 01:00:00,1.518347222
2022-04-25 02:00:00,1.518361111
2022-04-25 03:00:00,1.518375
2022-04-25 04:00:00,1.518388889
2022-04-25 05:00:00,1.518402778
2022-04-25 06:00:00,1.518416667
2022-04-25 07:00:00,1.518430556
2022-04-25 08:00:00,1.518444444
2022-04-25 09:00:00,1.518458333
2022-04-25 10:00:00,1.518472222
2022-04-25 11:00:00,1.518486111
2022-04-25 12:00:00,1.5185
2022-04-25 13:00:00,1.518513889
2022-04-25 14:00:00,1.518527778
2022-04-25 15:00:00,1.518541667
2022-04-25 16:00:00,1.518555556
2022-04-25 17:00:00,1.518569444
2022-04-25 18:00:00,1.518583333
2022-04-25 19:00:00,1.518597222
2022-04-25 20:00:00,1.518611111
2022-04-25 21:00:00,1.518625
2022-04-25 22:00:00,1.518638889
2022-04-25 23:00:00,1.518652778
2022-04-26 00:00:00,1.518666667
2022-04-26 01:00:00,1.518680556
2022-04-26 02:00:00,1.518694444
2022-04-26 03:00:00,1.518708333
2022-04-26 04:00:00,1.518722222
2022-04-26 05:00:00,1.518736111
2022-04-26 06:00:00,1.51875
2022-04-26 07:00:00,1.518763889
2022-04-26 08:00:00,1.518777778
2022-04-26 09:00:00,1.518791667
2022-04-26 10:00:00,1.518805556
2022-04-26 11:00:00,1.518819444
2022-04-26 12:00:00,1.518833333
2022-04-26 13:00:00,1.518847222
2022-04-26 14:00:00,1.518861111
2022-04-26 15:00:00,1.518875
2022-04-26 16:00:00,1.518888889
2022-04-26 17:00:00,1.518902778
2022-04-26 18:00:00,1.518916667
2022-04-26 19:00:00,1.518930556
2022-04-26 20:00:00,1.518944444
2022-04-26 21:00:00,1.518958333
2022-04-26 22:00:00,1.518972222
2022-04-26 23:00:00,1.518986111
2022-04-27 00:00:00,1.519
2022-04-27 01:00:00,1.519013889
2022-04-27 02:00:00,1.519027778
2022-04-27 03:00:00,1.519041667
2022-04-27 04:00:00,1.519055556
2022-04-27 05:00:00,1.519069444
2022-04-27 06:00:00,1.519083333
2022-04-27 07:00:00,1.519097222
2022-04-27 08:00:00,1.519111111
2022-04-27 09:00:00,1.519125
2022-04-27 10:00:00,1.519138889
2022-04-27 11:00:00,1.519152778
2022-04-27 12:00:00,1.519166667
2022-04-27 13:00:00,1.519180556
2022-04-27 14:00:00,1.519194444
2022-04-27 15:00:00,1.519208333
2022-04-27 16:00:00,1.519222222
2022-04-27 17:00:00,1.519236111
2022-04-27 18:00:00,1.51925
2022-04-27 19:00:00,1.519263889
2022-04-27 20:00:00,1.519277778
2022-04-27 21:00:00,1.519291667
2022-04-27 22:00:00,1.519305556
2022-04-27 23:00:00,1.519319444
2022-04-28 00:00:00,1.519333333
2022-04-28 01:00:00,1.519347222
2022-04-28 02:00:00,1.519361111
2022-04-28 03:00:00,1.519375
2022-04-28 04:00:00,1.519388889
2022-04-28 05:00:00,1.519402778
2022-04-28 06:00:00,1.519416667
2022-04-28 07:00:00,1.519430556
2022-04-28 08:00:00,1.519444444
2022-04-28 09:00:00,1.519458333
2022-04-28 10:00:00,1.519472222
2022-04-28 11:00:00,1.519486111
2022-04-28 12:00:00,1.5195
2022-04-28 13:00:00,1.519513889
2022-04-28 14:00:00,1.519527778
2022-04-28 15:00:00,1.519541667
2022-04-28 16:00:00,1.519555556
2022-04-28 17:00:00,1.519569444
2022-04-28 18:00:00,1.519583333
2022-04-28 19:00:00,1.519597222
2022-04-28 20:00:00,1.519611111
2022-04-28 21:00:00,1.519625
2022-04-28 22:00:00,1.519638889
2022-04-28 23:00:00,1.519652778
2022-04-29 00:00:00,1.519666667
2022-04-29 01:00:00,1.519680556
2022-04-29 02:00:00,1.519694444
2022-04-29 03:00:00,1.519708333
2022-04-29 04:00:00,1.519722222
2022-04-29 05:00:00,1.519736111
2022-04-29 06:00:00,1.51975
2022-04-29 07:00:00,1.519763889
2022-04-29 08:00:00,1.519777778
2022-04-29 09:00:00,1.519791667
2022-04-29 10:00:00,1.519805556
2022-04-29 11:00:00,1.519819444
2022-04-29 12:00:00,1.519833333
2022-04-29 13:00:00,1.519847222
2022-04-29 14:00:00,1.519861111
2022-04-29 15:00:00,1.519875
2022-04-29 16:00:00,1.519888889
2022-04-29 17:00:00,1.519902778
2022-04-29 18:00:00,1.519916667
2022-04-29 19:00:00,1.519930556
2022-04-29 20:00:00,1.519944444
2022-04-29 21:00:00,1.519958333
2022-04-29 22:00:00,1.519972222
2022-04-29 23:00:00,1.519986111
2022-04-30 00:00:00,1.52
2022-04-30 01:00:00,1.520013441
2022-04-30 02:00:00,1.520026882
2022-04-30 03:00:00,1.520040323
2022-04-30 04:00:00,1.520053763
2022-04-30 05:00:00,1.520067204
2022-04-30 06:00:00,1.520080645
2022-04-30 07:00:00,1.520094086
2022-04-30 08:00:00,1.520107527
2022-04-30 09:00:00,1.520120968
2022-04-30 10:00:00,1.520134409
2022-04-30 11:00:00,1.520147849
2022-04-30 12:00:00,1.52016129
2022-04-30 13:00:00,1.520174731
2022-04-30 14:00:00,1.520188172
2022-04-30 15:00:00,1.520201613
2022-04-30 16:00:00,1.520215054
2022-04-30 17:00:00,1.520228495
2022-04-30 18:00:00,1.520241935
2022-04-30 19:00:00,1.520255376
2022-04-30 20:00:00,1.520268817
2022-04-30 21:00:00,1.520282258
2022-04-30 22:00:00,1.520295699
2022-04-30 23:00:00,1.52030914
2022-05-01 00:00:00,1.520322581
2022-05-01 01:00:00,1.520336022
2022-05-01 02:00:00,1.520349462
2022-05-01 03:00:00,1.520362903
2022-05-01 04:00:00,1.520376344
2022-05-01 05:00:00,1.520389785
2022-05-01 06:00:00,1.520403226
2022-05-01 07:00:00,1.520416667
2022-05-01 08:00:00,1.520430108
2022-05-01 09:00:00,1.520443548
2022-05-01 10:00:00,1.520456989
2022-05-01 11:00:00,1.52047043
2022-05-01 12:00:00,1.520483871
2022-05-01 13:00:00,1.520497312
2022-05-01 14:00:00,1.520510753
2022-05-01 15:00:00,1.520524194
2022-05-01 16:00:00,1.520537634
2022-05-01 17:00:00,1.520551075
2022-05-01 18:00:00,1.520564516
2022-05-01 19:00:00,1.520577957
2022-05-01 20:00:00,1.520591398
2022-05-01 21:00:00,1.520604839
2022-05-01 22:00:00,1.52061828
2022-05-01 23:00:00,1.52063172
2022-05-02 00:00:00,1.520645161
2022-05-02 01:00:00,1.520658602
2022-05-02 02:00:00,1.520672043
2022-05-02 03:00:00,1.520685484
2022-05-02 04:00:00,1.520698925
2022-05-02 05:00:00,1.520712366
2022-05-02 06:00:00,1.520725806
2022-05-02 07:00:00,1.520739247
2022-05-02 08:00:00,1.520752688
2022-05-02 09:00:00,1.520766129
2022-05-02 10:00:00,1.52077957
2022-05-02 11:00:00,1.520793011
2022-05-02 12:00:00,1.520806452
2022-05-02 13:00:00,1.520819892
2022-05-02 14:00:00,1.520833333
2022-05-02 15:00:00,1.520846774
2022-05-02 16:00:00,1.520860215
2022-05-02 17:00:00,1.520873656
2022-05-02 18:00:00,1.520887097
2022-05-02 19:00:00,1.520900538
2022-05-02 20:00:00,1.520913978
2022-05-02 21:00:00,1.520927419
2022-05-02 22:00:00,1.52094086
2022-05-02 23:00:00,1.520954301
2022-05-03 00:00:00,1.520967742
2022-05-03 01:00:00,1.520981183
2022-05-03 02:00:00,1.520994624
2022-05-03 03:00:00,1.521008065
2022-05-03 04:00:00,1.521021505
2022-05-03 05:00:00,1.521034946
2022-05-03 06:00:00,1.521048387
2022-05-03 07:00:00,1.521061828
2022-05-03 08:00:00,1.521075269
2022-05-03 09:00:00,1.52108871
2022-05-03 10:00:00,1.521102151
2022-05-03 11:00:00,1.521115591
2022-05-03 12:00:00,1.521129032
2022-05-03 13:00:00,1.521142473
2022-05-03 14:00:00,1.521155914
2022-05-03 15:00:00,1.521169355
2022-05-03 16:00:00,1.521182796
2022-05-03 17:00:00,1.521196237
2022-05-03 18:00:00,1.521209677
2022-05-03 19:00:00,1.521223118
2022-05-03 20:00:00,1.521236559
2022-05-03 21:00:00,1.52125
2022-05-03 22:00:00,1.521263441
2022-05-03 23:00:00,1.521276882
2022-05-04 00:00:00,1.521290323
2022-05-04 01:00:00,1.521303763
2022-05-04 02:00:00,1.521317204
2022-05-04 03:00:00,1.521330645
2022-05-04 04:00:00,1.521344086
2022-05-04 05:00:00,1.521357527
2022-05-04 06:00:00,1.521370968
2022-05-04 07:00:00,1.521384409
2022-05-04 08:00:00,1.521397849
2022-05-04 09:00:00,1.52141129
2022-05-04 10:00:00,1.521424731
2022-05-04 11:00:00,1.521438172
2022-05-04 12:00:00,1.521451613
2022-05-04 13:00:00,1.521465054
2022-05-04 14:00:00,1.521478495
2022-05-04 15:00:00,1.521491935
2022-05-04 16:00:00,1.521505376
2022-05-04 17:00:00,1.521518817
2022-05-04 18:00:00,1.521532258
2022-05-04 19:00:00,1.521545699
2022-05-04 20:00:00,1.52155914
2022-05-04 21:00:00,1.521572581
2022-05-04 22:00:00,1.521586022
2022-05-04 23:00:00,1.521599462
2022-05-05 00:00:00,1.521612903
2022-05-05 01:00:00,1.521626344
2022-05-05 02:00:00,1.521639785
2022-05-05 03:00:00,1.521653226
2022-05-05 04:00:00,1.521666667
2022-05-05 05:00:00,1.521680108
2022-05-05 06:00:00,1.521693548
2022-05-05 07:00:00,1.521706989
2022-05-05 08:00:00,1.52172043
2022-05-05 09:00:00,1.521733871
2022-05-05 10:00:00,1.521747312
2022-05-05 11:00:00,1.521760753
2022-05-05 12:00:00,1.521774194
2022-05-05 13:00:00,1.521787634
2022-05-05 14:00:00,1.521801075
2022-05-05 15:00:00,1.521814516
2022-05-05 16:00:00,1.521827957
2022-05-05 17:00:00,1.521841398
2022-05-05 18:00:00,1.521854839
2022-05-05 19:00:00,1.52186828
2022-05-05 20:00:00,1.52188172
2022-05-05 21:00:00,1.521895161
2022-05-05 22:00:00,1.521908602
2022-05-05 23:00:00,1.521922043
2022-05-06 00:00:00,1.521935484
2022-05-06 01:00:00,1.521948925
2022-05-06 02:00:00,1.521962366
2022-05-06 03:00:00,1.521975806
2022-05-06 04:00:00,1.521989247
2022-05-06 05:00:00,1.522002688
2022-05-06 06:00:00,1.522016129
2022-05-06 07:00:00,1.52202957
2022-05-06 08:00:00,1.522043011
2022-05-06 09:00:00,1.522056452
2022-05-06 10:00:00,1.522069892
2022-05-06 11:00:00,1.522083333
2022-05-06 12:00:00,1.522096774
2022-05-06 13:00:00,1.522110215
2022-05-06 14:00:00,1.522123656
2022-05-06 15:00:00,1.522137097
2022-05-06 16:00:00,1.522150538
2022-05-06 17:00:00,1.522163978
2022-05-06 18:00:00,1.522177419
2022-05-06 19:00:00,1.52219086
2022-05-06 20:00:00,1.522204301
2022-05-06 21:00:00,1.522217742
2022-05-06 22:00:00,1.522231183
2022-05-06 23:00:00,1.522244624
2022-05-07 00:00:00,1.522258065
2022-05-07 01:00:00,1.522271505
2022-05-07 02:00:00,1.522284946
2022-05-07 03:00:00,1.522298387
2022-05-07 04:00:00,1.522311828
2022-05-07 05:00:00,1.522325269
2022-05-07 06:00:00,1.52233871
2022-05-07 07:00:00,1.522352151
2022-05-07 08:00:00,1.522365591
2022-05-07 09:00:00,1.522379032
2022-05-07 10:00:00,1.522392473
2022-05-07 11:00:00,1.522405914
2022-05-07 12:00:00,1.522419355
2022-05-07 13:00:00,1.522432796
2022-05-07 14:00:00,1.522446237
2022-05-07 15:00:00,1.522459677
2022-05-07 16:00:00,1.522473118
2022-05-07 17:00:00,1.522486559
2022-05-07 18:00:00,1.5225
2022-05-07 19:00:00,1.522513441
2022-05-07 20:00:00,1.522526882
2022-05-07 21:00:00,1.522540323
2022-05-07 22:00:00,1.522553763
2022-05-07 23:00:00,1.522567204
2022-05-08 00:00:00,1.522580645
2022-05-08 01:00:00,1.522594086
2022-05-08 02:00:00,1.522607527
2022-05-08 03:00:00,1.522620968
2022-05-08 04:00:00,1.522634409
2022-05-08 05:00:00,1.522647849
2022-05-08 06:00:00,1.52266129
2022-05-08 07:00:00,1.522674731
2022-05-08 08:00:00,1.522688172
2022-05-08 09:00:00,1.522701613
2022-05-08 10:00:00,1.522715054
2022-05-08 11:00:00,1.522728495
2022-05-08 12:00:00,1.522741935
2022-05-08 13:00:00,1.522755376
2022-05-08 14:00:00,1.522768817
2022-05-08 15:00:00,1.522782258
2022-05-08 16:00:00,1.522795699
2022-05-08 17:00:00,1.52280914
2022-05-08 18:00:00,1.522822581
2022-05-08 19:00:00,1.522836022
2022-05-08 20:00:00,1.522849462
2022-05-08 21:00:00,1.522862903
2022-05-08 22:00:00,1.522876344
2022-05-08 23:00:00,1.522889785
2022-05-09 00:00:00,1.522903226
2022-05-09 01:00:00,1.522916667
2022-05-09 02:00:00,1.522930108
2022-05-09 03:00:00,1.522943548
2022-05-09 04:00:00,1.522956989
2022-05-09 05:00:00,1.52297043
2022-05-09 06:00:00,1.522983871
2022-05-09 07:00:00,1.522997312
2022-05-09 08:00:00,1.523010753
2022-05-09 09:00:00,1.523024194
2022-05-09 10:00:00,1.523037634
2022-05-09 11:00:00,1.523051075
2022-05-09 12:00:00,1.523064516
2022-05-09 13:00:00,1.523077957
2022-05-09 14:00:00,1.523091398
2022-05-09 15:00:00,1.523104839
2022-05-09 16:00:00,1.52311828
2022-05-09 17:00:00,1.52313172
2022-05-09 18:00:00,1.523145161
2022-05-09 19:00:00,1.523158602
2022-05-09 20:00:00,1.523172043
2022-05-09 21:00:00,1.523185484
2022-05-09 22:00:00,1.523198925
2022-05-09 23:00:00,1.523212366
2022-05-10 00:00:00,1.523225806
2022-05-10 01:00:00,1.523239247
2022-05-10 02:00:00,1.523252688
2022-05-10 03:00:00,1.523266129
2022-05-10 04:00:00,1.52327957
2022-05-10 05:00:00,1.523293011
2022-05-10 06:00:00,1.523306452
2022-05-10 07:00:00,1.523319892
2022-05-10 08:00:00,1.523333333
2022-05-10 09:00:00,1.523346774
2022-05-10 10:00:00,1.523360215
2022-05-10 11:00:00,1.523373656
2022-05-10 12:00:00,1.523387097
2022-05-10 13:00:00,1.523400538
2022-05-10 14:00:00,1.523413978
2022-05-10 15:00:00,1.523427419
2022-05-10 16:00:00,1.52344086
2022-05-10 17:00:00,1.523454301
2022-05-10 18:00:00,1.523467742
2022-05-10 19:00:00,1.523481183
2022-05-10 20:00:00,1.523494624
2022-05-10 21:00:00,1.523508065
2022-05-10 22:00:00,1.523521505
2022-05-10 23:00:00,1.523534946
2022-05-11 00:00:00,1.523548387
2022-05-11 01:00:00,1.523561828
2022-05-11 02:00:00,1.523575269
2022-05-11 03:00:00,1.52358871
2022-05-11 04:00:00,1.523602151
2022-05-11 05:00:00,1.523615591
2022-05-11 06:00:00,1.523629032
2022-05-11 07:00:00,1.523642473
2022-05-11 08:00:00,1.523655914
2022-05-11 09:00:00,1.523669355
2022-05-11 10:00:00,1.523682796
2022-05-11 11:00:00,1.523696237
2022-05-11 12:00:00,1.523709677
2022-05-11 13:00:00,1.523723118
2022-05-11 14:00:00,1.523736559
2022-05-11 15:00:00,1.52375
2022-05-11 16:00:00,1.523763441
2022-05-11 17:00:00,1.523776882
2022-05-11 18:00:00,1.523790323
2022-05-11 19:00:00,1.523803763
2022-05-11 20:00:00,1.523817204
2022-05-11 21:00:00,1.523830645
2022-05-11 22:00:00,1.523844086
2022-05-11 23:00:00,1.523857527
2022-05-12 00:00:00,1.523870968
2022-05-12 01:00:00,1.523884409
2022-05-12 02:00:00,1.523897849
2022-05-12 03:00:00,1.52391129
2022-05-12 04:00:00,1.523924731
2022-05-12 05:00:00,1.523938172
2022-05-12 06:00:00,1.523951613
2022-05-12 07:00:00,1.523965054
2022-05-12 08:00:00,1.523978495
2022-05-12 09:00:00,1.523991935
2022-05-12 10:00:00,1.524005376
2022-05-12 11:00:00,1.524018817
2022-05-12 12:00:00,1.524032258
2022-05-12 13:00:00,1.524045699
2022-05-12 14:00:00,1.52405914
2022-05-12 15:00:00,1.524072581
2022-05-12 16:00:00,1.524086022
2022-05-12 17:00:00,1.524099462
2022-05-12 18:00:00,1.524112903
2022-05-12 19:00:00,1.524126344
2022-05-12 20:00:00,1.524139785
2022-05-12 21:00:00,1.524153226
2022-05-12 22:00:00,1.524166667
2022-05-12 23:00:00,1.524180108
2022-05-13 00:00:00,1.524193548
2022-05-13 01:00:00,1.524206989
2022-05-13 02:00:00,1.52422043
2022-05-13 03:00:00,1.524233871
2022-05-13 04:00:00,1.524247312
2022-05-13 05:00:00,1.524260753
2022-05-13 06:00:00,1.524274194
2022-05-13 07:00:00,1.524287634
2022-05-13 08:00:00,1.524301075
2022-05-13 09:00:00,1.524314516
2022-05-13 10:00:00,1.524327957
2022-05-13 11:00:00,1.524341398
2022-05-13 12:00:00,1.524354839
2022-05-13 13:00:00,1.52436828
2022-05-13 14:00:00,1.52438172
2022-05-13 15:00:00,1.524395161
2022-05-13 16:00:00,1.524408602
2022-05-13 17:00:00,1.524422043
2022-05-13 18:00:00,1.524435484
2022-05-13 19:00:00,1.524448925
2022-05-13 20:00:00,1.524462366
2022-05-13 21:00:00,1.524475806
2022-05-13 22:00:00,1.524489247
2022-05-13 23:00:00,1.524502688
2022-05-14 00:00:00,1.524516129
2022-05-14 01:00:00,1.52452957
2022-05-14 02:00:00,1.524543011
2022-05-14 03:00:00,1.524556452
2022-05-14 04:00:00,1.524569892
2022-05-14 05:00:00,1.524583333
2022-05-14 06:00:00,1.524596774
2022-05-14 07:00:00,1.524610215
2022-05-14 08:00:00,1.524623656
2022-05-14 09:00:00,1.524637097
2022-05-14 10:00:00,1.524650538
2022-05-14 11:00:00,1.524663978
2022-05-14 12:00:00,1.524677419
2022-05-14 13:00:00,1.52469086
2022-05-14 14:00:00,1.524704301
2022-05-14 15:00:00,1.524717742
2022-05-14 16:00:00,1.524731183
2022-05-14 17:00:00,1.524744624
2022-05-14 18:00:00,1.524758065
2022-05-14 19:00:00,1.524771505
2022-05-14 20:00:00,1.524784946
2022-05-14 21:00:00,1.524798387
2022-05-14 22:00:00,1.524811828
2022-05-14 23:00:00,1.524825269
2022-05-15 00:00:00,1.52483871
2022-05-15 01:00:00,1.524852151
2022-05-15 02:00:00,1.524865591
2022-05-15 03:00:00,1.524879032
2022-05-15 04:00:00,1.524892473
2022-05-15 05:00:00,1.524905914
2022-05-15 06:00:00,1.524919355
2022-05-15 07:00:00,1.524932796
2022-05-15 08:00:00,1.524946237
2022-05-15 09:00:00,1.524959677
2022-05-15 10:00:00,1.524973118
2022-05-15 11:00:00,1.524986559
2022-05-15 12:00:00,1.525
2022-05-15 13:00:00,1.525013441
2022-05-15 14:00:00,1.525026882
2022-05-15 15:00:00,1.525040323
2022-05-15 16:00:00,1.525053763
2022-05-15 17:00:00,1.525067204
2022-05-15 18:00:00,1.525080645
2022-05-15 19:00:00,1.525094086
2022-05-15 20:00:00,1.525107527
2022-05-15 21:00:00,1.525120968
2022-05-15 22:00:00,1.525134409
2022-05-15 23:00:00,1.525147849
2022-05-16 00:00:00,1.52516129
2022-05-16 01:00:00,1.525174731
2022-05-16 02:00:00,1.525188172
2022-05-16 03:00:00,1.525201613
2022-05-16 04:00:00,1.525215054
2022-05-16 05:00:00,1.525228495
2022-05-16 06:00:00,1.525241935
2022-05-16 07:00:00,1.525255376
2022-05-16 08:00:00,1.525268817
2022-05-16 09:00:00,1.525282258
2022-05-16 10:00:00,1.525295699
2022-05-16 11:00:00,1.52530914
2022-05-16 12:00:00,1.525322581
2022-05-16 13:00:00,1.525336022
2022-05-16 14:00:00,1.525349462
2022-05-16 15:00:00,1.525362903
2022-05-16 16:00:00,1.525376344
2022-05-16 17:00:00,1.525389785
2022-05-16 18:00:00,1.525403226
2022-05-16 19:00:00,1.525416667
2022-05-16 20:00:00,1.525430108
2022-05-16 21:00:00,1.525443548
2022-05-16 22:00:00,1.525456989
2022-05-16 23:00:00,1.52547043
2022-05-17 00:00:00,1.525483871
2022-05-17 01:00:00,1.525497312
2022-05-17 02:00:00,1.525510753
2022-05-17 03:00:00,1.525524194
2022-05-17 04:00:00,1.525537634
2022-05-17 05:00:00,1.525551075
2022-05-17 06:00:00,1.525564516
2022-05-17 07:00:00,1.525577957
2022-05-17 08:00:00,1.525591398
2022-05-17 09:00:00,1.525604839
2022-05-17 10:00:00,1.52561828
2022-05-17 11:00:00,1.52563172
2022-05-17 12:00:00,1.525645161
2022-05-17 13:00:00,1.525658602
2022-05-17 14:00:00,1.525672043
2022-05-17 15:00:00,1.525685484
2022-05-17 16:00:00,1.525698925
2022-05-17 17:00:00,1.525712366
2022-05-17 18:00:00,1.525725806
2022-05-17 19:00:00,1.525739247
2022-05-17 20:00:00,1.525752688
2022-05-17 21:00:00,1.525766129
2022-05-17 22:00:00,1.52577957
2022-05-17 23:00:00,1.525793011
2022-05-18 00:00:00,1.525806452
2022-05-18 01:00:00,1.525819892
2022-05-18 02:00:00,1.525833333
2022-05-18 03:00:00,1.525846774
2022-05-18 04:00:00,1.525860215
2022-05-18 05:00:00,1.525873656
2022-05-18 06:00:00,1.525887097
2022-05-18 07:00:00,1.525900538
2022-05-18 08:00:00,1.525913978
2022-05-18 09:00:00,1.525927419
2022-05-18 10:00:00,1.52594086
2022-05-18 11:00:00,1.525954301
2022-05-18 12:00:00,1.525967742
2022-05-18 13:00:00,1.525981183
2022-05-18 14:00:00,1.525994624
2022-05-18 15:00:00,1.526008065
2022-05-18 16:00:00,1.526021505
2022-05-18 17:00:00,1.526034946
2022-05-18 18:00:00,1.526048387
2022-05-18 19:00:00,1.526061828
2022-05-18 20:00:00,1.526075269
2022-05-18 21:00:00,1.52608871
2022-05-18 22:00:00,1.526102151
2022-05-18 23:00:00,1.526115591
2022-05-19 00:00:00,1.526129032
2022-05-19 01:00:00,1.526142473
2022-05-19 02:00:00,1.526155914
2022-05-19 03:00:00,1.526169355
2022-05-19 04:00:00,1.526182796
2022-05-19 05:00:00,1.526196237
2022-05-19 06:00:00,1.526209677
2022-05-19 07:00:00,1.526223118
2022-05-19 08:00:00,1.526236559
2022-05-19 09:00:00,1.52625
2022-05-19 10:00:00,1.526263441
2022-05-19 11:00:00,1.526276882
2022-05-19 12:00:00,1.526290323
2022-05-19 13:00:00,1.526303763
2022-05-19 14:00:00,1.526317204
2022-05-19 15:00:00,1.526330645
2022-05-19 16:00:00,1.526344086
2022-05-19 17:00:00,1.526357527
2022-05-19 18:00:00,1.526370968
2022-05-19 19:00:00,1.526384409
2022-05-19 20:00:00,1.526397849
2022-05-19 21:00:00,1.52641129
2022-05-19 22:00:00,1.526424731
2022-05-19 23:00:00,1.526438172
2022-05-20 00:00:00,1.526451613
2022-05-20 01:00:00,1.526465054
2022-05-20 02:00:00,1.526478495
2022-05-20 03:00:00,1.526491935
2022-05-20 04:00:00,1.526505376
2022-05-20 05:00:00,1.526518817
2022-05-20 06:00:00,1.526532258
2022-05-20 07:00:00,1.526545699
2022-05-20 08:00:00,1.52655914
2022-05-20 09:00:00,1.526572581
2022-05-20 10:00:00,1.526586022
2022-05-20 11:00:00,1.526599462
2022-05-20 12:00:00,1.526612903
2022-05-20 13:00:00,1.526626344
2022-05-20 14:00:00,1.526639785
2022-05-20 15:00:00,1.526653226
2022-05-20 16:00:00,1.526666667
2022-05-20 17:00:00,1.526680108
2022-05-20 18:00:00,1.526693548
2022-05-20 19:00:00,1.526706989
2022-05-20 20:00:00,1.52672043
2022-05-20 21:00:00,1.526733871
2022-05-20 22:00:00,1.526747312
2022-05-20 23:00:00,1.526760753
2022-05-21 00:00:00,1.526774194
2022-05-21 01:00:00,1.526787634
2022-05-21 02:00:00,1.526801075
2022-05-21 03:00:00,1.526814516
2022-05-21 04:00:00,1.526827957
2022-05-21 05:00:00,1.526841398
2022-05-21 06:00:00,1.526854839
2022-05-21 07:00:00,1.52686828
2022-05-21 08:00:00,1.52688172
2022-05-21 09:00:00,1.526895161
2022-05-21 10:00:00,1.526908602
2022-05-21 11:00:00,1.526922043
2022-05-21 12:00:00,1.526935484
2022-05-21 13:00:00,1.526948925
2022-05-21 14:00:00,1.526962366
2022-05-21 15:00:00,1.526975806
2022-05-21 16:00:00,1.526989247
2022-05-21 17:00:00,1.527002688
2022-05-21 18:00:00,1.527016129
2022-05-21 19:00:00,1.52702957
2022-05-21 20:00:00,1.527043011
2022-05-21 21:00:00,1.527056452
2022-05-21 22:00:00,1.527069892
2022-05-21 23:00:00,1.527083333
2022-05-22 00:00:00,1.527096774
2022-05-22 01:00:00,1.527110215
2022-05-22 02:00:00,1.527123656
2022-05-22 03:00:00,1.527137097
2022-05-22 04:00:00,1.527150538
2022-05-22 05:00:00,1.527163978
2022-05-22 06:00:00,1.527177419
2022-05-22 07:00:00,1.52719086
2022-05-22 08:00:00,1.527204301
2022-05-22 09:00:00,1.527217742
2022-05-22 10:00:00,1.527231183
2022-05-22 11:00:00,1.527244624
2022-05-22 12:00:00,1.527258065
2022-05-22 13:00:00,1.527271505
2022-05-22 14:00:00,1.527284946
2022-05-22 15:00:00,1.527298387
2022-05-22 16:00:00,1.527311828
2022-05-22 17:00:00,1.527325269
2022-05-22 18:00:00,1.52733871
2022-05-22 19:00:00,1.527352151
2022-05-22 20:00:00,1.527365591
2022-05-22 21:00:00,1.527379032
2022-05-22 22:00:00,1.527392473
2022-05-22 23:00:00,1.527405914
2022-05-23 00:00:00,1.527419355
2022-05-23 01:00:00,1.527432796
2022-05-23 02:00:00,1.527446237
2022-05-23 03:00:00,1.527459677
2022-05-23 04:00:00,1.527473118
2022-05-23 05:00:00,1.527486559
2022-05-23 06:00:00,1.5275
2022-05-23 07:00:00,1.527513441
2022-05-23 08:00:00,1.527526882
2022-05-23 09:00:00,1.527540323
2022-05-23 10:00:00,1.527553763
2022-05-23 11:00:00,1.527567204
2022-05-23 12:00:00,1.527580645
2022-05-23 13:00:00,1.527594086
2022-05-23 14:00:00,1.527607527
2022-05-23 15:00:00,1.527620968
2022-05-23 16:00:00,1.527634409
2022-05-23 17:00:00,1.527647849
2022-05-23 18:00:00,1.52766129
2022-05-23 19:00:00,1.527674731
2022-05-23 20:00:00,1.527688172
2022-05-23 21:00:00,1.527701613
2022-05-23 22:00:00,1.527715054
2022-05-23 23:00:00,1.527728495
2022-05-24 00:00:00,1.527741935
2022-05-24 01:00:00,1.527755376
2022-05-24 02:00:00,1.527768817
2022-05-24 03:00:00,1.527782258
2022-05-24 04:00:00,1.527795699
2022-05-24 05:00:00,1.52780914
2022-05-24 06:00:00,1.527822581
2022-05-24 07:00:00,1.527836022
2022-05-24 08:00:00,1.527849462
2022-05-24 09:00:00,1.527862903
2022-05-24 10:00:00,1.527876344
2022-05-24 11:00:00,1.527889785
2022-05-24 12:00:00,1.527903226
2022-05-24 13:00:00,1.527916667
2022-05-24 14:00:00,1.527930108
2022-05-24 15:00:00,1.527943548
2022-05-24 16:00:00,1.527956989
2022-05-24 17:00:00,1.52797043
2022-05-24 18:00:00,1.527983871
2022-05-24 19:00:00,1.527997312
2022-05-24 20:00:00,1.528010753
2022-05-24 21:00:00,1.528024194
2022-05-24 22:00:00,1.528037634
2022-05-24 23:00:00,1.528051075
2022-05-25 00:00:00,1.528064516
2022-05-25 01:00:00,1.528077957
2022-05-25 02:00:00,1.528091398
2022-05-25 03:00:00,1.528104839
2022-05-25 04:00:00,1.52811828
2022-05-25 05:00:00,1.52813172
2022-05-25 06:00:00,1.528145161
2022-05-25 07:00:00,1.528158602
2022-05-25 08:00:00,1.528172043
2022-05-25 09:00:00,1.528185484
2022-05-25 10:00:00,1.528198925
2022-05-25 11:00:00,1.528212366
2022-05-25 12:00:00,1.528225806
2022-05-25 13:00:00,1.528239247
2022-05-25 14:00:00,1.528252688
2022-05-25 15:00:00,1.528266129
2022-05-25 16:00:00,1.52827957
2022-05-25 17:00:00,1.528293011
2022-05-25 18:00:00,1.528306452
2022-05-25 19:00:00,1.528319892
2022-05-25 20:00:00,1.528333333
2022-05-25 21:00:00,1.528346774
2022-05-25 22:00:00,1.528360215
2022-05-25 23:00:00,1.528373656
2022-05-26 00:00:00,1.528387097
2022-05-26 01:00:00,1.528400538
2022-05-26 02:00:00,1.528413978
2022-05-26 03:00:00,1.528427419
2022-05-26 04:00:00,1.52844086
2022-05-26 05:00:00,1.528454301
2022-05-26 06:00:00,1.528467742
2022-05-26 07:00:00,1.528481183
2022-05-26 08:00:00,1.528494624
2022-05-26 09:00:00,1.528508065
2022-05-26 10:00:00,1.528521505
2022-05-26 11:00:00,1.528534946
2022-05-26 12:00:00,1.528548387
2022-05-26 13:00:00,1.528561828
2022-05-26 14:00:00,1.528575269
2022-05-26 15:00:00,1.52858871
2022-05-26 16:00:00,1.528602151
2022-05-26 17:00:00,1.528615591
2022-05-26 18:00:00,1.528629032
2022-05-26 19:00:00,1.528642473
2022-05-26 20:00:00,1.528655914
2022-05-26 21:00:00,1.528669355
2022-05-26 22:00:00,1.528682796
2022-05-26 23:00:00,1.528696237
2022-05-27 00:00:00,1.528709677
2022-05-27 01:00:00,1.528723118
2022-05-27 02:00:00,1.528736559
2022-05-27 03:00:00,1.52875
2022-05-27 04:00:00,1.528763441
2022-05-27 05:00:00,1.528776882
2022-05-27 06:00:00,1.528790323
2022-05-27 07:00:00,1.528803763
2022-05-27 08:00:00,1.528817204
2022-05-27 09:00:00,1.528830645
2022-05-27 10:00:00,1.528844086
2022-05-27 11:00:00,1.528857527
2022-05-27 12:00:00,1.528870968
2022-05-27 13:00:00,1.528884409
2022-05-27 14:00:00,1.528897849
2022-05-27 15:00:00,1.52891129
2022-05-27 16:00:00,1.528924731
2022-05-27 17:00:00,1.528938172
2022-05-27 18:00:00,1.528951613
2022-05-27 19:00:00,1.528965054
2022-05-27 20:00:00,1.528978495
2022-05-27 21:00:00,1.528991935
2022-05-27 22:00:00,1.529005376
2022-05-27 23:00:00,1.529018817
2022-05-28 00:00:00,1.529032258
2022-05-28 01:00:00,1.529045699
2022-05-28 02:00:00,1.52905914
2022-05-28 03:00:00,1.529072581
2022-05-28 04:00:00,1.529086022
2022-05-28 05:00:00,1.529099462
2022-05-28 06:00:00,1.529112903
2022-05-28 07:00:00,1.529126344
2022-05-28 08:00:00,1.529139785
2022-05-28 09:00:00,1.529153226
2022-05-28 10:00:00,1.529166667
2022-05-28 11:00:00,1.529180108
2022-05-28 12:00:00,1.529193548
2022-05-28 13:00:00,1.529206989
2022-05-28 14:00:00,1.52922043
2022-05-28 15:00:00,1.529233871
2022-05-28 16:00:00,1.529247312
2022-05-28 17:00:00,1.529260753
2022-05-28 18:00:00,1.529274194
2022-05-28 19:00:00,1.529287634
2022-05-28 20:00:00,1.529301075
2022-05-28 21:00:00,1.529314516
2022-05-28 22:00:00,1.529327957
2022-05-28 23:00:00,1.529341398
2022-05-29 00:00:00,1.529354839
2022-05-29 01:00:00,1.52936828
2022-05-29 02:00:00,1.52938172
2022-05-29 03:00:00,1.529395161
2022-05-29 04:00:00,1.529408602
2022-05-29 05:00:00,1.529422043
2022-05-29 06:00:00,1.529435484
2022-05-29 07:00:00,1.529448925
2022-05-29 08:00:00,1.529462366
2022-05-29 09:00:00,1.529475806
2022-05-29 10:00:00,1.529489247
2022-05-29 11:00:00,1.529502688
2022-05-29 12:00:00,1.529516129
2022-05-29 13:00:00,1.52952957
2022-05-29 14:00:00,1.529543011
2022-05-29 15:00:00,1.529556452
2022-05-29 16:00:00,1.529569892
2022-05-29 17:00:00,1.529583333
2022-05-29 18:00:00,1.529596774
2022-05-29 19:00:00,1.529610215
2022-05-29 20:00:00,1.529623656
2022-05-29 21:00:00,1.529637097
2022-05-29 22:00:00,1.529650538
2022-05-29 23:00:00,1.529663978
2022-05-30 00:00:00,1.529677419
2022-05-30 01:00:00,1.52969086
2022-05-30 02:00:00,1.529704301
2022-05-30 03:00:00,1.529717742
2022-05-30 04:00:00,1.529731183
2022-05-30 05:00:00,1.529744624
2022-05-30 06:00:00,1.529758065
2022-05-30 07:00:00,1.529771505
2022-05-30 08:00:00,1.529784946
2022-05-30 09:00:00,1.529798387
2022-05-30 10:00:00,1.529811828
2022-05-30 11:00:00,1.529825269
2022-05-30 12:00:00,1.52983871
2022-05-30 13:00:00,1.529852151
2022-05-30 14:00:00,1.529865591
2022-05-30 15:00:00,1.529879032
2022-05-30 16:00:00,1.529892473
2022-05-30 17:00:00,1.529905914
2022-05-30 18:00:00,1.529919355
2022-05-30 19:00:00,1.529932796
2022-05-30 20:00:00,1.529946237
2022-05-30 21:00:00,1.529959677
2022-05-30 22:00:00,1.529973118
2022-05-30 23:00:00,1.529986559
2022-05-31 00:00:00,1.53
2022-05-31 01:00:00,1.530013889
2022-05-31 02:00:00,1.530027778
2022-05-31 03:00:00,1.530041667
2022-05-31 04:00:00,1.530055556
2022-05-31 05:00:00,1.530069444
2022-05-31 06:00:00,1.530083333
2022-05-31 07:00:00,1.530097222
2022-05-31 08:00:00,1.530111111
2022-05-31 09:00:00,1.530125
2022-05-31 10:00:00,1.530138889
2022-05-31 11:00:00,1.530152778
2022-05-31 12:00:00,1.530166667
2022-05-31 13:00:00,1.530180556
2022-05-31 14:00:00,1.530194444
2022-05-31 15:00:00,1.530208333
2022-05-31 16:00:00,1.530222222
2022-05-31 17:00:00,1.530236111
2022-05-31 18:00:00,1.53025
2022-05-31 19:00:00,1.530263889
2022-05-31 20:00:00,1.530277778
2022-05-31 21:00:00,1.530291667
2022-05-31 22:00:00,1.530305556
2022-05-31 23:00:00,1.530319444
2022-06-01 00:00:00,1.530333333
2022-06-01 01:00:00,1.530347222
2022-06-01 02:00:00,1.530361111
2022-06-01 03:00:00,1.530375
2022-06-01 04:00:00,1.530388889
2022-06-01 05:00:00,1.530402778
2022-06-01 06:00:00,1.530416667
2022-06-01 07:00:00,1.530430556
2022-06-01 08:00:00,1.530444444
2022-06-01 09:00:00,1.530458333
2022-06-01 10:00:00,1.530472222
2022-06-01 11:00:00,1.530486111
2022-06-01 12:00:00,1.5305
2022-06-01 13:00:00,1.530513889
2022-06-01 14:00:00,1.530527778
2022-06-01 15:00:00,1.530541667
2022-06-01 16:00:00,1.530555556
2022-06-01 17:00:00,1.530569444
2022-06-01 18:00:00,1.530583333
2022-06-01 19:00:00,1.530597222
2022-06-01 20:00:00,1.530611111
2022-06-01 21:00:00,1.530625
2022-06-01 22:00:00,1.530638889
2022-06-01 23:00:00,1.530652778
2022-06-02 00:00:00,1.530666667
2022-06-02 01:00:00,1.530680556
2022-06-02 02:00:00,1.530694444
2022-06-02 03:00:00,1.530708333
2022-06-02 04:00:00,1.530722222
2022-06-02 05:00:00,1.530736111
2022-06-02 06:00:00,1.53075
2022-06-02 07:00:00,1.530763889
2022-06-02 08:00:00,1.530777778
2022-06-02 09:00:00,1.530791667
2022-06-02 10:00:00,1.530805556
2022-06-02 11:00:00,1.530819444
2022-06-02 12:00:00,1.530833333
2022-06-02 13:00:00,1.530847222
2022-06-02 14:00:00,1.530861111
2022-06-02 15:00:00,1.530875
2022-06-02 16:00:00,1.530888889
2022-06-02 17:00:00,1.530902778
2022-06-02 18:00:00,1.530916667
2022-06-02 19:00:00,1.530930556
2022-06-02 20:00:00,1.530944444
2022-06-02 21:00:00,1.530958333
2022-06-02 22:00:00,1.530972222
2022-06-02 23:00:00,1.530986111
2022-06-03 00:00:00,1.531
2022-06-03 01:00:00,1.531013889
2022-06-03 02:00:00,1.531027778
2022-06-03 03:00:00,1.531041667
2022-06-03 04:00:00,1.531055556
2022-06-03 05:00:00,1.531069444
2022-06-03 06:00:00,1.531083333
2022-06-03 07:00:00,1.531097222
2022-06-03 08:00:00,1.531111111
2022-06-03 09:00:00,1.531125
2022-06-03 10:00:00,1.531138889
2022-06-03 11:00:00,1.531152778
2022-06-03 12:00:00,1.531166667
2022-06-03 13:00:00,1.531180556
2022-06-03 14:00:00,1.531194444
2022-06-03 15:00:00,1.531208333
2022-06-03 16:00:00,1.531222222
2022-06-03 17:00:00,1.531236111
2022-06-03 18:00:00,1.53125
2022-06-03 19:00:00,1.531263889
2022-06-03 20:00:00,1.531277778
2022-06-03 21:00:00,1.531291667
2022-06-03 22:00:00,1.531305556
2022-06-03 23:00:00,1.531319444
2022-06-04 00:00:00,1.531333333
2022-06-04 01:00:00,1.531347222
2022-06-04 02:00:00,1.531361111
2022-06-04 03:00:00,1.531375
2022-06-04 04:00:00,1.531388889
2022-06-04 05:00:00,1.531402778
2022-06-04 06:00:00,1.531416667
2022-06-04 07:00:00,1.531430556
2022-06-04 08:00:00,1.531444444
2022-06-04 09:00:00,1.531458333
2022-06-04 10:00:00,1.531472222
2022-06-04 11:00:00,1.531486111
2022-06-04 12:00:00,1.5315
2022-06-04 13:00:00,1.531513889
2022-06-04 14:00:00,1.531527778
2022-06-04 15:00:00,1.531541667
2022-06-04 16:00:00,1.531555556
2022-06-04 17:00:00,1.531569444
2022-06-04 18:00:00,1.531583333
2022-06-04 19:00:00,1.531597222
2022-06-04 20:00:00,1.531611111
2022-06-04 21:00:00,1.531625
2022-06-04 22:00:00,1.531638889
2022-06-04 23:00:00,1.531652778
2022-06-05 00:00:00,1.531666667
2022-06-05 01:00:00,1.531680556
2022-06-05 02:00:00,1.531694444
2022-06-05 03:00:00,1.531708333
2022-06-05 04:00:00,1.531722222
2022-06-05 05:00:00,1.531736111
2022-06-05 06:00:00,1.53175
2022-06-05 07:00:00,1.531763889
2022-06-05 08:00:00,1.531777778
2022-06-05 09:00:00,1.531791667
2022-06-05 10:00:00,1.531805556
2022-06-05 11:00:00,1.531819444
2022-06-05 12:00:00,1.531833333
2022-06-05 13:00:00,1.531847222
2022-06-05 14:00:00,1.531861111
2022-06-05 15:00:00,1.531875
2022-06-05 16:00:00,1.531888889
2022-06-05 17:00:00,1.531902778
2022-06-05 18:00:00,1.531916667
2022-06-05 19:00:00,1.531930556
2022-06-05 20:00:00,1.531944444
2022-06-05 21:00:00,1.531958333
2022-06-05 22:00:00,1.531972222
2022-06-05 23:00:00,1.531986111
2022-06-06 00:00:00,1.532
2022-06-06 01:00:00,1.532013889
2022-06-06 02:00:00,1.532027778
2022-06-06 03:00:00,1.532041667
2022-06-06 04:00:00,1.532055556
2022-06-06 05:00:00,1.532069444
2022-06-06 06:00:00,1.532083333
2022-06-06 07:00:00,1.532097222
2022-06-06 08:00:00,1.532111111
2022-06-06 09:00:00,1.532125
2022-06-06 10:00:00,1.532138889
2022-06-06 11:00:00,1.532152778
2022-06-06 12:00:00,1.532166667
2022-06-06 13:00:00,1.532180556
2022-06-06 14:00:00,1.532194444
2022-06-06 15:00:00,1.532208333
2022-06-06 16:00:00,1.532222222
2022-06-06 17:00:00,1.532236111
2022-06-06 18:00:00,1.53225
2022-06-06 19:00:00,1.532263889
2022-06-06 20:00:00,1.532277778
2022-06-06 21:00:00,1.532291667
2022-06-06 22:00:00,1.532305556
2022-06-06 23:00:00,1.532319444
2022-06-07 00:00:00,1.532333333
2022-06-07 01:00:00,1.532347222
2022-06-07 02:00:00,1.532361111
2022-06-07 03:00:00,1.532375
2022-06-07 04:00:00,1.532388889
2022-06-07 05:00:00,1.532402778
2022-06-07 06:00:00,1.532416667
2022-06-07 07:00:00,1.532430556
2022-06-07 08:00:00,1.532444444
2022-06-07 09:00:00,1.532458333
2022-06-07 10:00:00,1.532472222
2022-06-07 11:00:00,1.532486111
2022-06-07 12:00:00,1.5325
2022-06-07 13:00:00,1.532513889
2022-06-07 14:00:00,1.532527778
2022-06-07 15:00:00,1.532541667
2022-06-07 16:00:00,1.532555556
2022-06-07 17:00:00,1.532569444
2022-06-07 18:00:00,1.532583333
2022-06-07 19:00:00,1.532597222
2022-06-07 20:00:00,1.532611111
2022-06-07 21:00:00,1.532625
2022-06-07 22:00:00,1.532638889
2022-06-07 23:00:00,1.532652778
2022-06-08 00:00:00,1.532666667
2022-06-08 01:00:00,1.532680556
2022-06-08 02:00:00,1.532694444
2022-06-08 03:00:00,1.532708333
2022-06-08 04:00:00,1.532722222
2022-06-08 05:00:00,1.532736111
2022-06-08 06:00:00,1.53275
2022-06-08 07:00:00,1.532763889
2022-06-08 08:00:00,1.532777778
2022-06-08 09:00:00,1.532791667
2022-06-08 10:00:00,1.532805556
2022-06-08 11:00:00,1.532819444
2022-06-08 12:00:00,1.532833333
2022-06-08 13:00:00,1.532847222
2022-06-08 14:00:00,1.532861111
2022-06-08 15:00:00,1.532875
2022-06-08 16:00:00,1.532888889
2022-06-08 17:00:00,1.532902778
2022-06-08 18:00:00,1.532916667
2022-06-08 19:00:00,1.532930556
2022-06-08 20:00:00,1.532944444
2022-06-08 21:00:00,1.532958333
2022-06-08 22:00:00,1.532972222
2022-06-08 23:00:00,1.532986111
2022-06-09 00:00:00,1.533
2022-06-09 01:00:00,1.533013889
2022-06-09 02:00:00,1.533027778
2022-06-09 03:00:00,1.533041667
2022-06-09 04:00:00,1.533055556
2022-06-09 05:00:00,1.533069444
2022-06-09 06:00:00,1.533083333
2022-06-09 07:00:00,1.533097222
2022-06-09 08:00:00,1.533111111
2022-06-09 09:00:00,1.533125
2022-06-09 10:00:00,1.533138889
2022-06-09 11:00:00,1.533152778
2022-06-09 12:00:00,1.533166667
2022-06-09 13:00:00,1.533180556
2022-06-09 14:00:00,1.533194444
2022-06-09 15:00:00,1.533208333
2022-06-09 16:00:00,1.533222222
2022-06-09 17:00:00,1.533236111
2022-06-09 18:00:00,1.53325
2022-06-09 19:00:00,1.533263889
2022-06-09 20:00:00,1.533277778
2022-06-09 21:00:00,1.533291667
2022-06-09 22:00:00,1.533305556
2022-06-09 23:00:00,1.533319444
2022-06-10 00:00:00,1.533333333
2022-06-10 01:00:00,1.533347222
2022-06-10 02:00:00,1.533361111
2022-06-10 03:00:00,1.533375
2022-06-10 04:00:00,1.533388889
2022-06-10 05:00:00,1.533402778
2022-06-10 06:00:00,1.533416667
2022-06-10 07:00:00,1.533430556
2022-06-10 08:00:00,1.533444444
2022-06-10 09:00:00,1.533458333
2022-06-10 10:00:00,1.533472222
2022-06-10 11:00:00,1.533486111
2022-06-10 12:00:00,1.5335
2022-06-10 13:00:00,1.533513889
2022-06-10 14:00:00,1.533527778
2022-06-10 15:00:00,1.533541667
2022-06-10 16:00:00,1.533555556
2022-06-10 17:00:00,1.533569444
2022-06-10 18:00:00,1.533583333
2022-06-10 19:00:00,1.533597222
2022-06-10 20:00:00,1.533611111
2022-06-10 21:00:00,1.533625
2022-06-10 22:00:00,1.533638889
2022-06-10 23:00:00,1.533652778
2022-06-11 00:00:00,1.533666667
2022-06-11 01:00:00,1.533680556
2022-06-11 02:00:00,1.533694444
2022-06-11 03:00:00,1.533708333
2022-06-11 04:00:00,1.533722222
2022-06-11 05:00:00,1.533736111
2022-06-11 06:00:00,1.53375
2022-06-11 07:00:00,1.533763889
2022-06-11 08:00:00,1.533777778
2022-06-11 09:00:00,1.533791667
2022-06-11 10:00:00,1.533805556
2022-06-11 11:00:00,1.533819444
2022-06-11 12:00:00,1.533833333
2022-06-11 13:00:00,1.533847222
2022-06-11 14:00:00,1.533861111
2022-06-11 15:00:00,1.533875
2022-06-11 16:00:00,1.533888889
2022-06-11 17:00:00,1.533902778
2022-06-11 18:00:00,1.533916667
2022-06-11 19:00:00,1.533930556
2022-06-11 20:00:00,1.533944444
2022-06-11 21:00:00,1.533958333
2022-06-11 22:00:00,1.533972222
2022-06-11 23:00:00,1.533986111
2022-06-12 00:00:00,1.534
2022-06-12 01:00:00,1.534013889
2022-06-12 02:00:00,1.534027778
2022-06-12 03:00:00,1.534041667
2022-06-12 04:00:00,1.534055556
2022-06-12 05:00:00,1.534069444
2022-06-12 06:00:00,1.534083333
2022-06-12 07:00:00,1.534097222
2022-06-12 08:00:00,1.534111111
2022-06-12 09:00:00,1.534125
2022-06-12 10:00:00,1.534138889
2022-06-12 11:00:00,1.534152778
2022-06-12 12:00:00,1.534166667
2022-06-12 13:00:00,1.534180556
2022-06-12 14:00:00,1.534194444
2022-06-12 15:00:00,1.534208333
2022-06-12 16:00:00,1.534222222
2022-06-12 17:00:00,1.534236111
2022-06-12 18:00:00,1.53425
2022-06-12 19:00:00,1.534263889
2022-06-12 20:00:00,1.534277778
2022-06-12 21:00:00,1.534291667
2022-06-12 22:00:00,1.534305556
2022-06-12 23:00:00,1.534319444
2022-06-13 00:00:00,1.534333333
2022-06-13 01:00:00,1.534347222
2022-06-13 02:00:00,1.534361111
2022-06-13 03:00:00,1.534375
2022-06-13 04:00:00,1.534388889
2022-06-13 05:00:00,1.534402778
2022-06-13 06:00:00,1.534416667
2022-06-13 07:00:00,1.534430556
2022-06-13 08:00:00,1.534444444
2022-06-13 09:00:00,1.534458333
2022-06-13 10:00:00,1.534472222
2022-06-13 11:00:00,1.534486111
2022-06-13 12:00:00,1.5345
2022-06-13 13:00:00,1.534513889
2022-06-13 14:00:00,1.534527778
2022-06-13 15:00:00,1.534541667
2022-06-13 16:00:00,1.534555556
2022-06-13 17:00:00,1.534569444
2022-06-13 18:00:00,1.534583333
2022-06-13 19:00:00,1.534597222
2022-06-13 20:00:00,1.534611111
2022-06-13 21:00:00,1.534625
2022-06-13 22:00:00,1.534638889
2022-06-13 23:00:00,1.534652778
2022-06-14 00:00:00,1.534666667
2022-06-14 01:00:00,1.534680556
2022-06-14 02:00:00,1.534694444
2022-06-14 03:00:00,1.534708333
2022-06-14 04:00:00,1.534722222
2022-06-14 05:00:00,1.534736111
2022-06-14 06:00:00,1.53475
2022-06-14 07:00:00,1.534763889
2022-06-14 08:00:00,1.534777778
2022-06-14 09:00:00,1.534791667
2022-06-14 10:00:00,1.534805556
2022-06-14 11:00:00,1.534819444
2022-06-14 12:00:00,1.534833333
2022-06-14 13:00:00,1.534847222
2022-06-14 14:00:00,1.534861111
2022-06-14 15:00:00,1.534875
2022-06-14 16:00:00,1.534888889
2022-06-14 17:00:00,1.534902778
2022-06-14 18:00:00,1.534916667
2022-06-14 19:00:00,1.534930556
2022-06-14 20:00:00,1.534944444
2022-06-14 21:00:00,1.534958333
2022-06-14 22:00:00,1.534972222
2022-06-14 23:00:00,1.534986111
2022-06-15 00:00:00,1.535
2022-06-15 01:00:00,1.535013889
2022-06-15 02:00:00,1.535027778
2022-06-15 03:00:00,1.535041667
2022-06-15 04:00:00,1.535055556
2022-06-15 05:00:00,1.535069444
2022-06-15 06:00:00,1.535083333
2022-06-15 07:00:00,1.535097222
2022-06-15 08:00:00,1.535111111
2022-06-15 09:00:00,1.535125
2022-06-15 10:00:00,1.535138889
2022-06-15 11:00:00,1.535152778
2022-06-15 12:00:00,1.535166667
2022-06-15 13:00:00,1.535180556
2022-06-15 14:00:00,1.535194444
2022-06-15 15:00:00,1.535208333
2022-06-15 16:00:00,1.535222222
2022-06-15 17:00:00,1.535236111
2022-06-15 18:00:00,1.53525
2022-06-15 19:00:00,1.535263889
2022-06-15 20:00:00,1.535277778
2022-06-15 21:00:00,1.535291667
2022-06-15 22:00:00,1.535305556
2022-06-15 23:00:00,1.535319444
2022-06-16 00:00:00,1.535333333
2022-06-16 01:00:00,1.535347222
2022-06-16 02:00:00,1.535361111
2022-06-16 03:00:00,1.535375
2022-06-16 04:00:00,1.535388889
2022-06-16 05:00:00,1.535402778
2022-06-16 06:00:00,1.535416667
2022-06-16 07:00:00,1.535430556
2022-06-16 08:00:00,1.535444444
2022-06-16 09:00:00,1.535458333
2022-06-16 10:00:00,1.535472222
2022-06-16 11:00:00,1.535486111
2022-06-16 12:00:00,1.5355
2022-06-16 13:00:00,1.535513889
2022-06-16 14:00:00,1.535527778
2022-06-16 15:00:00,1.535541667
2022-06-16 16:00:00,1.535555556
2022-06-16 17:00:00,1.535569444
2022-06-16 18:00:00,1.535583333
2022-06-16 19:00:00,1.535597222
2022-06-16 20:00:00,1.535611111
2022-06-16 21:00:00,1.535625
2022-06-16 22:00:00,1.535638889
2022-06-16 23:00:00,1.535652778
2022-06-17 00:00:00,1.535666667
2022-06-17 01:00:00,1.535680556
2022-06-17 02:00:00,1.535694444
2022-06-17 03:00:00,1.535708333
2022-06-17 04:00:00,1.535722222
2022-06-17 05:00:00,1.535736111
2022-06-17 06:00:00,1.53575
2022-06-17 07:00:00,1.535763889
2022-06-17 08:00:00,1.535777778
2022-06-17 09:00:00,1.535791667
2022-06-17 10:00:00,1.535805556
2022-06-17 11:00:00,1.535819444
2022-06-17 12:00:00,1.535833333
2022-06-17 13:00:00,1.535847222
2022-06-17 14:00:00,1.535861111
2022-06-17 15:00:00,1.535875
2022-06-17 16:00:00,1.535888889
2022-06-17 17:00:00,1.535902778
2022-06-17 18:00:00,1.535916667
2022-06-17 19:00:00,1.535930556
2022-06-17 20:00:00,1.535944444
2022-06-17 21:00:00,1.535958333
2022-06-17 22:00:00,1.535972222
2022-06-17 23:00:00,1.535986111
2022-06-18 00:00:00,1.536
2022-06-18 01:00:00,1.536013889
2022-06-18 02:00:00,1.536027778
2022-06-18 03:00:00,1.536041667
2022-06-18 04:00:00,1.536055556
2022-06-18 05:00:00,1.536069444
2022-06-18 06:00:00,1.536083333
2022-06-18 07:00:00,1.536097222
2022-06-18 08:00:00,1.536111111
2022-06-18 09:00:00,1.536125
2022-06-18 10:00:00,1.536138889
2022-06-18 11:00:00,1.536152778
2022-06-18 12:00:00,1.536166667
2022-06-18 13:00:00,1.536180556
2022-06-18 14:00:00,1.536194444
2022-06-18 15:00:00,1.536208333
2022-06-18 16:00:00,1.536222222
2022-06-18 17:00:00,1.536236111
2022-06-18 18:00:00,1.53625
2022-06-18 19:00:00,1.536263889
2022-06-18 20:00:00,1.536277778
2022-06-18 21:00:00,1.536291667
2022-06-18 22:00:00,1.536305556
2022-06-18 23:00:00,1.536319444
2022-06-19 00:00:00,1.536333333
2022-06-19 01:00:00,1.536347222
2022-06-19 02:00:00,1.536361111
2022-06-19 03:00:00,1.536375
2022-06-19 04:00:00,1.536388889
2022-06-19 05:00:00,1.536402778
2022-06-19 06:00:00,1.536416667
2022-06-19 07:00:00,1.536430556
2022-06-19 08:00:00,1.536444444
2022-06-19 09:00:00,1.536458333
2022-06-19 10:00:00,1.536472222
2022-06-19 11:00:00,1.536486111
2022-06-19 12:00:00,1.5365
2022-06-19 13:00:00,1.536513889
2022-06-19 14:00:00,1.536527778
2022-06-19 15:00:00,1.536541667
2022-06-19 16:00:00,1.536555556
2022-06-19 17:00:00,1.536569444
2022-06-19 18:00:00,1.536583333
2022-06-19 19:00:00,1.536597222
2022-06-19 20:00:00,1.536611111
2022-06-19 21:00:00,1.536625
2022-06-19 22:00:00,1.536638889
2022-06-19 23:00:00,1.536652778
2022-06-20 00:00:00,1.536666667
2022-06-20 01:00:00,1.536680556
2022-06-20 02:00:00,1.536694444
2022-06-20 03:00:00,1.536708333
2022-06-20 04:00:00,1.536722222
2022-06-20 05:00:00,1.536736111
2022-06-20 06:00:00,1.53675
2022-06-20 07:00:00,1.536763889
2022-06-20 08:00:00,1.536777778
2022-06-20 09:00:00,1.536791667
2022-06-20 10:00:00,1.536805556
2022-06-20 11:00:00,1.536819444
2022-06-20 12:00:00,1.536833333
2022-06-20 13:00:00,1.536847222
2022-06-20 14:00:00,1.536861111
2022-06-20 15:00:00,1.536875
2022-06-20 16:00:00,1.536888889
2022-06-20 17:00:00,1.536902778
2022-06-20 18:00:00,1.536916667
2022-06-20 19:00:00,1.536930556
2022-06-20 20:00:00,1.536944444
2022-06-20 21:00:00,1.536958333
2022-06-20 22:00:00,1.536972222
2022-06-20 23:00:00,1.536986111
2022-06-21 00:00:00,1.537
2022-06-21 01:00:00,1.537013889
2022-06-21 02:00:00,1.537027778
2022-06-21 03:00:00,1.537041667
2022-06-21 04:00:00,1.537055556
2022-06-21 05:00:00,1.537069444
2022-06-21 06:00:00,1.537083333
2022-06-21 07:00:00,1.537097222
2022-06-21 08:00:00,1.537111111
2022-06-21 09:00:00,1.537125
2022-06-21 10:00:00,1.537138889
2022-06-21 11:00:00,1.537152778
2022-06-21 12:00:00,1.537166667
2022-06-21 13:00:00,1.537180556
2022-06-21 14:00:00,1.537194444
2022-06-21 15:00:00,1.537208333
2022-06-21 16:00:00,1.537222222
2022-06-21 17:00:00,1.537236111
2022-06-21 18:00:00,1.53725
2022-06-21 19:00:00,1.537263889
2022-06-21 20:00:00,1.537277778
2022-06-21 21:00:00,1.537291667
2022-06-21 22:00:00,1.537305556
2022-06-21 23:00:00,1.537319444
2022-06-22 00:00:00,1.537333333
2022-06-22 01:00:00,1.537347222
2022-06-22 02:00:00,1.537361111
2022-06-22 03:00:00,1.537375
2022-06-22 04:00:00,1.537388889
2022-06-22 05:00:00,1.537402778
2022-06-22 06:00:00,1.537416667
2022-06-22 07:00:00,1.537430556
2022-06-22 08:00:00,1.537444444
2022-06-22 09:00:00,1.537458333
2022-06-22 10:00:00,1.537472222
2022-06-22 11:00:00,1.537486111
2022-06-22 12:00:00,1.5375
2022-06-22 13:00:00,1.537513889
2022-06-22 14:00:00,1.537527778
2022-06-22 15:00:00,1.537541667
2022-06-22 16:00:00,1.537555556
2022-06-22 17:00:00,1.537569444
2022-06-22 18:00:00,1.537583333
2022-06-22 19:00:00,1.537597222
2022-06-22 20:00:00,1.537611111
2022-06-22 21:00:00,1.537625
2022-06-22 22:00:00,1.537638889
2022-06-22 23:00:00,1.537652778
2022-06-23 00:00:00,1.537666667
2022-06-23 01:00:00,1.537680556
2022-06-23 02:00:00,1.537694444
2022-06-23 03:00:00,1.537708333
2022-06-23 04:00:00,1.537722222
2022-06-23 05:00:00,1.537736111
2022-06-23 06:00:00,1.53775
2022-06-23 07:00:00,1.537763889
2022-06-23 08:00:00,1.537777778
2022-06-23 09:00:00,1.537791667
2022-06-23 10:00:00,1.537805556
2022-06-23 11:00:00,1.537819444
2022-06-23 12:00:00,1.537833333
2022-06-23 13:00:00,1.537847222
2022-06-23 14:00:00,1.537861111
2022-06-23 15:00:00,1.537875
2022-06-23 16:00:00,1.537888889
2022-06-23 17:00:00,1.537902778
2022-06-23 18:00:00,1.537916667
2022-06-23 19:00:00,1.537930556
2022-06-23 20:00:00,1.537944444
2022-06-23 21:00:00,1.537958333
2022-06-23 22:00:00,1.537972222
2022-06-23 23:00:00,1.537986111
2022-06-24 00:00:00,1.538
2022-06-24 01:00:00,1.538013889
2022-06-24 02:00:00,1.538027778
2022-06-24 03:00:00,1.538041667
2022-06-24 04:00:00,1.538055556
2022-06-24 05:00:00,1.538069444
2022-06-24 06:00:00,1.538083333
2022-06-24 07:00:00,1.538097222
2022-06-24 08:00:00,1.538111111
2022-06-24 09:00:00,1.538125
2022-06-24 10:00:00,1.538138889
2022-06-24 11:00:00,1.538152778
2022-06-24 12:00:00,1.538166667
2022-06-24 13:00:00,1.538180556
2022-06-24 14:00:00,1.538194444
2022-06-24 15:00:00,1.538208333
2022-06-24 16:00:00,1.538222222
2022-06-24 17:00:00,1.538236111
2022-06-24 18:00:00,1.53825
2022-06-24 19:00:00,1.538263889
2022-06-24 20:00:00,1.538277778
2022-06-24 21:00:00,1.538291667
2022-06-24 22:00:00,1.538305556
2022-06-24 23:00:00,1.538319444
2022-06-25 00:00:00,1.538333333
2022-06-25 01:00:00,1.538347222
2022-06-25 02:00:00,1.538361111
2022-06-25 03:00:00,1.538375
2022-06-25 04:00:00,1.538388889
2022-06-25 05:00:00,1.538402778
2022-06-25 06:00:00,1.538416667
2022-06-25 07:00:00,1.538430556
2022-06-25 08:00:00,1.538444444
2022-06-25 09:00:00,1.538458333
2022-06-25 10:00:00,1.538472222
2022-06-25 11:00:00,1.538486111
2022-06-25 12:00:00,1.5385
2022-06-25 13:00:00,1.538513889
2022-06-25 14:00:00,1.538527778
2022-06-25 15:00:00,1.538541667
2022-06-25 16:00:00,1.538555556
2022-06-25 17:00:00,1.538569444
2022-06-25 18:00:00,1.538583333
2022-06-25 19:00:00,1.538597222
2022-06-25 20:00:00,1.538611111
2022-06-25 21:00:00,1.538625
2022-06-25 22:00:00,1.538638889
2022-06-25 23:00:00,1.538652778
2022-06-26 00:00:00,1.538666667
2022-06-26 01:00:00,1.538680556
2022-06-26 02:00:00,1.538694444
2022-06-26 03:00:00,1.538708333
2022-06-26 04:00:00,1.538722222
2022-06-26 05:00:00,1.538736111
2022-06-26 06:00:00,1.53875
2022-06-26 07:00:00,1.538763889
2022-06-26 08:00:00,1.538777778
2022-06-26 09:00:00,1.538791667
2022-06-26 10:00:00,1.538805556
2022-06-26 11:00:00,1.538819444
2022-06-26 12:00:00,1.538833333
2022-06-26 13:00:00,1.538847222
2022-06-26 14:00:00,1.538861111
2022-06-26 15:00:00,1.538875
2022-06-26 16:00:00,1.538888889
2022-06-26 17:00:00,1.538902778
2022-06-26 18:00:00,1.538916667
2022-06-26 19:00:00,1.538930556
2022-06-26 20:00:00,1.538944444
2022-06-26 21:00:00,1.538958333
2022-06-26 22:00:00,1.538972222
2022-06-26 23:00:00,1.538986111
2022-06-27 00:00:00,1.539
2022-06-27 01:00:00,1.539013889
2022-06-27 02:00:00,1.539027778
2022-06-27 03:00:00,1.539041667
2022-06-27 04:00:00,1.539055556
2022-06-27 05:00:00,1.539069444
2022-06-27 06:00:00,1.539083333
2022-06-27 07:00:00,1.539097222
2022-06-27 08:00:00,1.539111111
2022-06-27 09:00:00,1.539125
2022-06-27 10:00:00,1.539138889
2022-06-27 11:00:00,1.539152778
2022-06-27 12:00:00,1.539166667
2022-06-27 13:00:00,1.539180556
2022-06-27 14:00:00,1.539194444
2022-06-27 15:00:00,1.539208333
2022-06-27 16:00:00,1.539222222
2022-06-27 17:00:00,1.539236111
2022-06-27 18:00:00,1.53925
2022-06-27 19:00:00,1.539263889
2022-06-27 20:00:00,1.539277778
2022-06-27 21:00:00,1.539291667
2022-06-27 22:00:00,1.539305556
2022-06-27 23:00:00,1.539319444
2022-06-28 00:00:00,1.539333333
2022-06-28 01:00:00,1.539347222
2022-06-28 02:00:00,1.539361111
2022-06-28 03:00:00,1.539375
2022-06-28 04:00:00,1.539388889
2022-06-28 05:00:00,1.539402778
2022-06-28 06:00:00,1.539416667
2022-06-28 07:00:00,1.539430556
2022-06-28 08:00:00,1.539444444
2022-06-28 09:00:00,1.539458333
2022-06-28 10:00:00,1.539472222
2022-06-28 11:00:00,1.539486111
2022-06-28 12:00:00,1.5395
2022-06-28 13:00:00,1.539513889
2022-06-28 14:00:00,1.539527778
2022-06-28 15:00:00,1.539541667
2022-06-28 16:00:00,1.539555556
2022-06-28 17:00:00,1.539569444
2022-06-28 18:00:00,1.539583333
2022-06-28 19:00:00,1.539597222
2022-06-28 20:00:00,1.539611111
2022-06-28 21:00:00,1.539625
2022-06-28 22:00:00,1.539638889
2022-06-28 23:00:00,1.539652778
2022-06-29 00:00:00,1.539666667
2022-06-29 01:00:00,1.539680556
2022-06-29 02:00:00,1.539694444
2022-06-29 03:00:00,1.539708333
2022-06-29 04:00:00,1.539722222
2022-06-29 05:00:00,1.539736111
2022-06-29 06:00:00,1.53975
2022-06-29 07:00:00,1.539763889
2022-06-29 08:00:00,1.539777778
2022-06-29 09:00:00,1.539791667
2022-06-29 10:00:00,1.539805556
2022-06-29 11:00:00,1.539819444
2022-06-29 12:00:00,1.539833333
2022-06-29 13:00:00,1.539847222
2022-06-29 14:00:00,1.539861111
2022-06-29 15:00:00,1.539875
2022-06-29 16:00:00,1.539888889
2022-06-29 17:00:00,1.539902778
2022-06-29 18:00:00,1.539916667
2022-06-29 19:00:00,1.539930556
2022-06-29 20:00:00,1.539944444
2022-06-29 21:00:00,1.539958333
2022-06-29 22:00:00,1.539972222
2022-06-29 23:00:00,1.539986111
2022-06-30 00:00:00,1.54
2022-06-30 01:00:00,1.540013441
2022-06-30 02:00:00,1.540026882
2022-06-30 03:00:00,1.540040323
2022-06-30 04:00:00,1.540053763
2022-06-30 05:00:00,1.540067204
2022-06-30 06:00:00,1.540080645
2022-06-30 07:00:00,1.540094086
2022-06-30 08:00:00,1.540107527
2022-06-30 09:00:00,1.540120968
2022-06-30 10:00:00,1.540134409
2022-06-30 11:00:00,1.540147849
2022-06-30 12:00:00,1.54016129
2022-06-30 13:00:00,1.540174731
2022-06-30 14:00:00,1.540188172
2022-06-30 15:00:00,1.540201613
2022-06-30 16:00:00,1.540215054
2022-06-30 17:00:00,1.540228495
2022-06-30 18:00:00,1.540241935
2022-06-30 19:00:00,1.540255376
2022-06-30 20:00:00,1.540268817
2022-06-30 21:00:00,1.540282258
2022-06-30 22:00:00,1.540295699
2022-06-30 23:00:00,1.54030914
2022-07-01 00:00:00,1.540322581
2022-07-01 01:00:00,1.540336022
2022-07-01 02:00:00,1.540349462
2022-07-01 03:00:00,1.540362903
2022-07-01 04:00:00,1.540376344
2022-07-01 05:00:00,1.540389785
2022-07-01 06:00:00,1.540403226
2022-07-01 07:00:00,1.540416667
2022-07-01 08:00:00,1.540430108
2022-07-01 09:00:00,1.540443548
2022-07-01 10:00:00,1.540456989
2022-07-01 11:00:00,1.54047043
2022-07-01 12:00:00,1.540483871
2022-07-01 13:00:00,1.540497312
2022-07-01 14:00:00,1.540510753
2022-07-01 15:00:00,1.540524194
2022-07-01 16:00:00,1.540537634
2022-07-01 17:00:00,1.540551075
2022-07-01 18:00:00,1.540564516
2022-07-01 19:00:00,1.540577957
2022-07-01 20:00:00,1.540591398
2022-07-01 21:00:00,1.540604839
2022-07-01 22:00:00,1.54061828
2022-07-01 23:00:00,1.54063172
2022-07-02 00:00:00,1.540645161
2022-07-02 01:00:00,1.540658602
2022-07-02 02:00:00,1.540672043
2022-07-02 03:00:00,1.540685484
2022-07-02 04:00:00,1.540698925
2022-07-02 05:00:00,1.540712366
2022-07-02 06:00:00,1.540725806
2022-07-02 07:00:00,1.540739247
2022-07-02 08:00:00,1.540752688
2022-07-02 09:00:00,1.540766129
2022-07-02 10:00:00,1.54077957
2022-07-02 11:00:00,1.540793011
2022-07-02 12:00:00,1.540806452
2022-07-02 13:00:00,1.540819892
2022-07-02 14:00:00,1.540833333
2022-07-02 15:00:00,1.540846774
2022-07-02 16:00:00,1.540860215
2022-07-02 17:00:00,1.540873656
2022-07-02 18:00:00,1.540887097
2022-07-02 19:00:00,1.540900538
2022-07-02 20:00:00,1.540913978
2022-07-02 21:00:00,1.540927419
2022-07-02 22:00:00,1.54094086
2022-07-02 23:00:00,1.540954301
2022-07-03 00:00:00,1.540967742
2022-07-03 01:00:00,1.540981183
2022-07-03 02:00:00,1.540994624
2022-07-03 03:00:00,1.541008065
2022-07-03 04:00:00,1.541021505
2022-07-03 05:00:00,1.541034946
2022-07-03 06:00:00,1.541048387
2022-07-03 07:00:00,1.541061828
2022-07-03 08:00:00,1.541075269
2022-07-03 09:00:00,1.54108871
2022-07-03 10:00:00,1.541102151
2022-07-03 11:00:00,1.541115591
2022-07-03 12:00:00,1.541129032
2022-07-03 13:00:00,1.541142473
2022-07-03 14:00:00,1.541155914
2022-07-03 15:00:00,1.541169355
2022-07-03 16:00:00,1.541182796
2022-07-03 17:00:00,1.541196237
2022-07-03 18:00:00,1.541209677
2022-07-03 19:00:00,1.541223118
2022-07-03 20:00:00,1.541236559
2022-07-03 21:00:00,1.54125
2022-07-03 22:00:00,1.541263441
2022-07-03 23:00:00,1.541276882
2022-07-04 00:00:00,1.541290323
2022-07-04 01:00:00,1.541303763
2022-07-04 02:00:00,1.541317204
2022-07-04 03:00:00,1.541330645
2022-07-04 04:00:00,1.541344086
2022-07-04 05:00:00,1.541357527
2022-07-04 06:00:00,1.541370968
2022-07-04 07:00:00,1.541384409
2022-07-04 08:00:00,1.541397849
2022-07-04 09:00:00,1.54141129
2022-07-04 10:00:00,1.541424731
2022-07-04 11:00:00,1.541438172
2022-07-04 12:00:00,1.541451613
2022-07-04 13:00:00,1.541465054
2022-07-04 14:00:00,1.541478495
2022-07-04 15:00:00,1.541491935
2022-07-04 16:00:00,1.541505376
2022-07-04 17:00:00,1.541518817
2022-07-04 18:00:00,1.541532258
2022-07-04 19:00:00,1.541545699
2022-07-04 20:00:00,1.54155914
2022-07-04 21:00:00,1.541572581
2022-07-04 22:00:00,1.541586022
2022-07-04 23:00:00,1.541599462
2022-07-05 00:00:00,1.541612903
2022-07-05 01:00:00,1.541626344
2022-07-05 02:00:00,1.541639785
2022-07-05 03:00:00,1.541653226
2022-07-05 04:00:00,1.541666667
2022-07-05 05:00:00,1.541680108
2022-07-05 06:00:00,1.541693548
2022-07-05 07:00:00,1.541706989
2022-07-05 08:00:00,1.54172043
2022-07-05 09:00:00,1.541733871
2022-07-05 10:00:00,1.541747312
2022-07-05 11:00:00,1.541760753
2022-07-05 12:00:00,1.541774194
2022-07-05 13:00:00,1.541787634
2022-07-05 14:00:00,1.541801075
2022-07-05 15:00:00,1.541814516
2022-07-05 16:00:00,1.541827957
2022-07-05 17:00:00,1.541841398
2022-07-05 18:00:00,1.541854839
2022-07-05 19:00:00,1.54186828
2022-07-05 20:00:00,1.54188172
2022-07-05 21:00:00,1.541895161
2022-07-05 22:00:00,1.541908602
2022-07-05 23:00:00,1.541922043
2022-07-06 00:00:00,1.541935484
2022-07-06 01:00:00,1.541948925
2022-07-06 02:00:00,1.541962366
2022-07-06 03:00:00,1.541975806
2022-07-06 04:00:00,1.541989247
2022-07-06 05:00:00,1.542002688
2022-07-06 06:00:00,1.542016129
2022-07-06 07:00:00,1.54202957
2022-07-06 08:00:00,1.542043011
2022-07-06 09:00:00,1.542056452
2022-07-06 10:00:00,1.542069892
2022-07-06 11:00:00,1.542083333
2022-07-06 12:00:00,1.542096774
2022-07-06 13:00:00,1.542110215
2022-07-06 14:00:00,1.542123656
2022-07-06 15:00:00,1.542137097
2022-07-06 16:00:00,1.542150538
2022-07-06 17:00:00,1.542163978
2022-07-06 18:00:00,1.542177419
2022-07-06 19:00:00,1.54219086
2022-07-06 20:00:00,1.542204301
2022-07-06 21:00:00,1.542217742
2022-07-06 22:00:00,1.542231183
2022-07-06 23:00:00,1.542244624
2022-07-07 00:00:00,1.542258065
2022-07-07 01:00:00,1.542271505
2022-07-07 02:00:00,1.542284946
2022-07-07 03:00:00,1.542298387
2022-07-07 04:00:00,1.542311828
2022-07-07 05:00:00,1.542325269
2022-07-07 06:00:00,1.54233871
2022-07-07 07:00:00,1.542352151
2022-07-07 08:00:00,1.542365591
2022-07-07 09:00:00,1.542379032
2022-07-07 10:00:00,1.542392473
2022-07-07 11:00:00,1.542405914
2022-07-07 12:00:00,1.542419355
2022-07-07 13:00:00,1.542432796
2022-07-07 14:00:00,1.542446237
2022-07-07 15:00:00,1.542459677
2022-07-07 16:00:00,1.542473118
2022-07-07 17:00:00,1.542486559
2022-07-07 18:00:00,1.5425
2022-07-07 19:00:00,1.542513441
2022-07-07 20:00:00,1.542526882
2022-07-07 21:00:00,1.542540323
2022-07-07 22:00:00,1.542553763
2022-07-07 23:00:00,1.542567204
2022-07-08 00:00:00,1.542580645
2022-07-08 01:00:00,1.542594086
2022-07-08 02:00:00,1.542607527
2022-07-08 03:00:00,1.542620968
2022-07-08 04:00:00,1.542634409
2022-07-08 05:00:00,1.542647849
2022-07-08 06:00:00,1.54266129
2022-07-08 07:00:00,1.542674731
2022-07-08 08:00:00,1.542688172
2022-07-08 09:00:00,1.542701613
2022-07-08 10:00:00,1.542715054
2022-07-08 11:00:00,1.542728495
2022-07-08 12:00:00,1.542741935
2022-07-08 13:00:00,1.542755376
2022-07-08 14:00:00,1.542768817
2022-07-08 15:00:00,1.542782258
2022-07-08 16:00:00,1.542795699
2022-07-08 17:00:00,1.54280914
2022-07-08 18:00:00,1.542822581
2022-07-08 19:00:00,1.542836022
2022-07-08 20:00:00,1.542849462
2022-07-08 21:00:00,1.542862903
2022-07-08 22:00:00,1.542876344
2022-07-08 23:00:00,1.542889785
2022-07-09 00:00:00,1.542903226
2022-07-09 01:00:00,1.542916667
2022-07-09 02:00:00,1.542930108
2022-07-09 03:00:00,1.542943548
2022-07-09 04:00:00,1.542956989
2022-07-09 05:00:00,1.54297043
2022-07-09 06:00:00,1.542983871
2022-07-09 07:00:00,1.542997312
2022-07-09 08:00:00,1.543010753
2022-07-09 09:00:00,1.543024194
2022-07-09 10:00:00,1.543037634
2022-07-09 11:00:00,1.543051075
2022-07-09 12:00:00,1.543064516
2022-07-09 13:00:00,1.543077957
2022-07-09 14:00:00,1.543091398
2022-07-09 15:00:00,1.543104839
2022-07-09 16:00:00,1.54311828
2022-07-09 17:00:00,1.54313172
2022-07-09 18:00:00,1.543145161
2022-07-09 19:00:00,1.543158602
2022-07-09 20:00:00,1.543172043
2022-07-09 21:00:00,1.543185484
2022-07-09 22:00:00,1.543198925
2022-07-09 23:00:00,1.543212366
2022-07-10 00:00:00,1.543225806
2022-07-10 01:00:00,1.543239247
2022-07-10 02:00:00,1.543252688
2022-07-10 03:00:00,1.543266129
2022-07-10 04:00:00,1.54327957
2022-07-10 05:00:00,1.543293011
2022-07-10 06:00:00,1.543306452
2022-07-10 07:00:00,1.543319892
2022-07-10 08:00:00,1.543333333
2022-07-10 09:00:00,1.543346774
2022-07-10 10:00:00,1.543360215
2022-07-10 11:00:00,1.543373656
2022-07-10 12:00:00,1.543387097
2022-07-10 13:00:00,1.543400538
2022-07-10 14:00:00,1.543413978
2022-07-10 15:00:00,1.543427419
2022-07-10 16:00:00,1.54344086
2022-07-10 17:00:00,1.543454301
2022-07-10 18:00:00,1.543467742
2022-07-10 19:00:00,1.543481183
2022-07-10 20:00:00,1.543494624
2022-07-10 21:00:00,1.543508065
2022-07-10 22:00:00,1.543521505
2022-07-10 23:00:00,1.543534946
2022-07-11 00:00:00,1.543548387
2022-07-11 01:00:00,1.543561828
2022-07-11 02:00:00,1.543575269
2022-07-11 03:00:00,1.54358871
2022-07-11 04:00:00,1.543602151
2022-07-11 05:00:00,1.543615591
2022-07-11 06:00:00,1.543629032
2022-07-11 07:00:00,1.543642473
2022-07-11 08:00:00,1.543655914
2022-07-11 09:00:00,1.543669355
2022-07-11 10:00:00,1.543682796
2022-07-11 11:00:00,1.543696237
2022-07-11 12:00:00,1.543709677
2022-07-11 13:00:00,1.543723118
2022-07-11 14:00:00,1.543736559
2022-07-11 15:00:00,1.54375
2022-07-11 16:00:00,1.543763441
2022-07-11 17:00:00,1.543776882
2022-07-11 18:00:00,1.543790323
2022-07-11 19:00:00,1.543803763
2022-07-11 20:00:00,1.543817204
2022-07-11 21:00:00,1.543830645
2022-07-11 22:00:00,1.543844086
2022-07-11 23:00:00,1.543857527
2022-07-12 00:00:00,1.543870968
2022-07-12 01:00:00,1.543884409
2022-07-12 02:00:00,1.543897849
2022-07-12 03:00:00,1.54391129
2022-07-12 04:00:00,1.543924731
2022-07-12 05:00:00,1.543938172
2022-07-12 06:00:00,1.543951613
2022-07-12 07:00:00,1.543965054
2022-07-12 08:00:00,1.543978495
2022-07-12 09:00:00,1.543991935
2022-07-12 10:00:00,1.544005376
2022-07-12 11:00:00,1.544018817
2022-07-12 12:00:00,1.544032258
2022-07-12 13:00:00,1.544045699
2022-07-12 14:00:00,1.54405914
2022-07-12 15:00:00,1.544072581
2022-07-12 16:00:00,1.544086022
2022-07-12 17:00:00,1.544099462
2022-07-12 18:00:00,1.544112903
2022-07-12 19:00:00,1.544126344
2022-07-12 20:00:00,1.544139785
2022-07-12 21:00:00,1.544153226
2022-07-12 22:00:00,1.544166667
2022-07-12 23:00:00,1.544180108
2022-07-13 00:00:00,1.544193548
2022-07-13 01:00:00,1.544206989
2022-07-13 02:00:00,1.54422043
2022-07-13 03:00:00,1.544233871
2022-07-13 04:00:00,1.544247312
2022-07-13 05:00:00,1.544260753
2022-07-13 06:00:00,1.544274194
2022-07-13 07:00:00,1.544287634
2022-07-13 08:00:00,1.544301075
2022-07-13 09:00:00,1.544314516
2022-07-13 10:00:00,1.544327957
2022-07-13 11:00:00,1.544341398
2022-07-13 12:00:00,1.544354839
2022-07-13 13:00:00,1.54436828
2022-07-13 14:00:00,1.54438172
2022-07-13 15:00:00,1.544395161
2022-07-13 16:00:00,1.544408602
2022-07-13 17:00:00,1.544422043
2022-07-13 18:00:00,1.544435484
2022-07-13 19:00:00,1.544448925
2022-07-13 20:00:00,1.544462366
2022-07-13 21:00:00,1.544475806
2022-07-13 22:00:00,1.544489247
2022-07-13 23:00:00,1.544502688
2022-07-14 00:00:00,1.544516129
2022-07-14 01:00:00,1.54452957
2022-07-14 02:00:00,1.544543011
2022-07-14 03:00:00,1.544556452
2022-07-14 04:00:00,1.544569892
2022-07-14 05:00:00,1.544583333
2022-07-14 06:00:00,1.544596774
2022-07-14 07:00:00,1.544610215
2022-07-14 08:00:00,1.544623656
2022-07-14 09:00:00,1.544637097
2022-07-14 10:00:00,1.544650538
2022-07-14 11:00:00,1.544663978
2022-07-14 12:00:00,1.544677419
2022-07-14 13:00:00,1.54469086
2022-07-14 14:00:00,1.544704301
2022-07-14 15:00:00,1.544717742
2022-07-14 16:00:00,1.544731183
2022-07-14 17:00:00,1.544744624
2022-07-14 18:00:00,1.544758065
2022-07-14 19:00:00,1.544771505
2022-07-14 20:00:00,1.544784946
2022-07-14 21:00:00,1.544798387
2022-07-14 22:00:00,1.544811828
2022-07-14 23:00:00,1.544825269
2022-07-15 00:00:00,1.54483871
2022-07-15 01:00:00,1.544852151
2022-07-15 02:00:00,1.544865591
2022-07-15 03:00:00,1.544879032
2022-07-15 04:00:00,1.544892473
2022-07-15 05:00:00,1.544905914
2022-07-15 06:00:00,1.544919355
2022-07-15 07:00:00,1.544932796
2022-07-15 08:00:00,1.544946237
2022-07-15 09:00:00,1.544959677
2022-07-15 10:00:00,1.544973118
2022-07-15 11:00:00,1.544986559
2022-07-15 12:00:00,1.545
2022-07-15 13:00:00,1.545013441
2022-07-15 14:00:00,1.545026882
2022-07-15 15:00:00,1.545040323
2022-07-15 16:00:00,1.545053763
2022-07-15 17:00:00,1.545067204
2022-07-15 18:00:00,1.545080645
2022-07-15 19:00:00,1.545094086
2022-07-15 20:00:00,1.545107527
2022-07-15 21:00:00,1.545120968
2022-07-15 22:00:00,1.545134409
2022-07-15 23:00:00,1.545147849
2022-07-16 00:00:00,1.54516129
2022-07-16 01:00:00,1.545174731
2022-07-16 02:00:00,1.545188172
2022-07-16 03:00:00,1.545201613
2022-07-16 04:00:00,1.545215054
2022-07-16 05:00:00,1.545228495
2022-07-16 06:00:00,1.545241935
2022-07-16 07:00:00,1.545255376
2022-07-16 08:00:00,1.545268817
2022-07-16 09:00:00,1.545282258
2022-07-16 10:00:00,1.545295699
2022-07-16 11:00:00,1.54530914
2022-07-16 12:00:00,1.545322581
2022-07-16 13:00:00,1.545336022
2022-07-16 14:00:00,1.545349462
2022-07-16 15:00:00,1.545362903
2022-07-16 16:00:00,1.545376344
2022-07-16 17:00:00,1.545389785
2022-07-16 18:00:00,1.545403226
2022-07-16 19:00:00,1.545416667
2022-07-16 20:00:00,1.545430108
2022-07-16 21:00:00,1.545443548
2022-07-16 22:00:00,1.545456989
2022-07-16 23:00:00,1.54547043
2022-07-17 00:00:00,1.545483871
2022-07-17 01:00:00,1.545497312
2022-07-17 02:00:00,1.545510753
2022-07-17 03:00:00,1.545524194
2022-07-17 04:00:00,1.545537634
2022-07-17 05:00:00,1.545551075
2022-07-17 06:00:00,1.545564516
2022-07-17 07:00:00,1.545577957
2022-07-17 08:00:00,1.545591398
2022-07-17 09:00:00,1.545604839
2022-07-17 10:00:00,1.54561828
2022-07-17 11:00:00,1.54563172
2022-07-17 12:00:00,1.545645161
2022-07-17 13:00:00,1.545658602
2022-07-17 14:00:00,1.545672043
2022-07-17 15:00:00,1.545685484
2022-07-17 16:00:00,1.545698925
2022-07-17 17:00:00,1.545712366
2022-07-17 18:00:00,1.545725806
2022-07-17 19:00:00,1.545739247
2022-07-17 20:00:00,1.545752688
2022-07-17 21:00:00,1.545766129
2022-07-17 22:00:00,1.54577957
2022-07-17 23:00:00,1.545793011
2022-07-18 00:00:00,1.545806452
2022-07-18 01:00:00,1.545819892
2022-07-18 02:00:00,1.545833333
2022-07-18 03:00:00,1.545846774
2022-07-18 04:00:00,1.545860215
2022-07-18 05:00:00,1.545873656
2022-07-18 06:00:00,1.545887097
2022-07-18 07:00:00,1.545900538
2022-07-18 08:00:00,1.545913978
2022-07-18 09:00:00,1.545927419
2022-07-18 10:00:00,1.54594086
2022-07-18 11:00:00,1.545954301
2022-07-18 12:00:00,1.545967742
2022-07-18 13:00:00,1.545981183
2022-07-18 14:00:00,1.545994624
2022-07-18 15:00:00,1.546008065
2022-07-18 16:00:00,1.546021505
2022-07-18 17:00:00,1.546034946
2022-07-18 18:00:00,1.546048387
2022-07-18 19:00:00,1.546061828
2022-07-18 20:00:00,1.546075269
2022-07-18 21:00:00,1.54608871
2022-07-18 22:00:00,1.546102151
2022-07-18 23:00:00,1.546115591
2022-07-19 00:00:00,1.546129032
2022-07-19 01:00:00,1.546142473
2022-07-19 02:00:00,1.546155914
2022-07-19 03:00:00,1.546169355
2022-07-19 04:00:00,1.546182796
2022-07-19 05:00:00,1.546196237
2022-07-19 06:00:00,1.546209677
2022-07-19 07:00:00,1.546223118
2022-07-19 08:00:00,1.546236559
2022-07-19 09:00:00,1.54625
2022-07-19 10:00:00,1.546263441
2022-07-19 11:00:00,1.546276882
2022-07-19 12:00:00,1.546290323
2022-07-19 13:00:00,1.546303763
2022-07-19 14:00:00,1.546317204
2022-07-19 15:00:00,1.546330645
2022-07-19 16:00:00,1.546344086
2022-07-19 17:00:00,1.546357527
2022-07-19 18:00:00,1.546370968
2022-07-19 19:00:00,1.546384409
2022-07-19 20:00:00,1.546397849
2022-07-19 21:00:00,1.54641129
2022-07-19 22:00:00,1.546424731
2022-07-19 23:00:00,1.546438172
2022-07-20 00:00:00,1.546451613
2022-07-20 01:00:00,1.546465054
2022-07-20 02:00:00,1.546478495
2022-07-20 03:00:00,1.546491935
2022-07-20 04:00:00,1.546505376
2022-07-20 05:00:00,1.546518817
2022-07-20 06:00:00,1.546532258
2022-07-20 07:00:00,1.546545699
2022-07-20 08:00:00,1.54655914
2022-07-20 09:00:00,1.546572581
2022-07-20 10:00:00,1.546586022
2022-07-20 11:00:00,1.546599462
2022-07-20 12:00:00,1.546612903
2022-07-20 13:00:00,1.546626344
2022-07-20 14:00:00,1.546639785
2022-07-20 15:00:00,1.546653226
2022-07-20 16:00:00,1.546666667
2022-07-20 17:00:00,1.546680108
2022-07-20 18:00:00,1.546693548
2022-07-20 19:00:00,1.546706989
2022-07-20 20:00:00,1.54672043
2022-07-20 21:00:00,1.546733871
2022-07-20 22:00:00,1.546747312
2022-07-20 23:00:00,1.546760753
2022-07-21 00:00:00,1.546774194
2022-07-21 01:00:00,1.546787634
2022-07-21 02:00:00,1.546801075
2022-07-21 03:00:00,1.546814516
2022-07-21 04:00:00,1.546827957
2022-07-21 05:00:00,1.546841398
2022-07-21 06:00:00,1.546854839
2022-07-21 07:00:00,1.54686828
2022-07-21 08:00:00,1.54688172
2022-07-21 09:00:00,1.546895161
2022-07-21 10:00:00,1.546908602
2022-07-21 11:00:00,1.546922043
2022-07-21 12:00:00,1.546935484
2022-07-21 13:00:00,1.546948925
2022-07-21 14:00:00,1.546962366
2022-07-21 15:00:00,1.546975806
2022-07-21 16:00:00,1.546989247
2022-07-21 17:00:00,1.547002688
2022-07-21 18:00:00,1.547016129
2022-07-21 19:00:00,1.54702957
2022-07-21 20:00:00,1.547043011
2022-07-21 21:00:00,1.547056452
2022-07-21 22:00:00,1.547069892
2022-07-21 23:00:00,1.547083333
2022-07-22 00:00:00,1.547096774
2022-07-22 01:00:00,1.547110215
2022-07-22 02:00:00,1.547123656
2022-07-22 03:00:00,1.547137097
2022-07-22 04:00:00,1.547150538
2022-07-22 05:00:00,1.547163978
2022-07-22 06:00:00,1.547177419
2022-07-22 07:00:00,1.54719086
2022-07-22 08:00:00,1.547204301
2022-07-22 09:00:00,1.547217742
2022-07-22 10:00:00,1.547231183
2022-07-22 11:00:00,1.547244624
2022-07-22 12:00:00,1.547258065
2022-07-22 13:00:00,1.547271505
2022-07-22 14:00:00,1.547284946
2022-07-22 15:00:00,1.547298387
2022-07-22 16:00:00,1.547311828
2022-07-22 17:00:00,1.547325269
2022-07-22 18:00:00,1.54733871
2022-07-22 19:00:00,1.547352151
2022-07-22 20:00:00,1.547365591
2022-07-22 21:00:00,1.547379032
2022-07-22 22:00:00,1.547392473
2022-07-22 23:00:00,1.547405914
2022-07-23 00:00:00,1.547419355
2022-07-23 01:00:00,1.547432796
2022-07-23 02:00:00,1.547446237
2022-07-23 03:00:00,1.547459677
2022-07-23 04:00:00,1.547473118
2022-07-23 05:00:00,1.547486559
2022-07-23 06:00:00,1.5475
2022-07-23 07:00:00,1.547513441
2022-07-23 08:00:00,1.547526882
2022-07-23 09:00:00,1.547540323
2022-07-23 10:00:00,1.547553763
2022-07-23 11:00:00,1.547567204
2022-07-23 12:00:00,1.547580645
2022-07-23 13:00:00,1.547594086
2022-07-23 14:00:00,1.547607527
2022-07-23 15:00:00,1.547620968
2022-07-23 16:00:00,1.547634409
2022-07-23 17:00:00,1.547647849
2022-07-23 18:00:00,1.54766129
2022-07-23 19:00:00,1.547674731
2022-07-23 20:00:00,1.547688172
2022-07-23 21:00:00,1.547701613
2022-07-23 22:00:00,1.547715054
2022-07-23 23:00:00,1.547728495
2022-07-24 00:00:00,1.547741935
2022-07-24 01:00:00,1.547755376
2022-07-24 02:00:00,1.547768817
2022-07-24 03:00:00,1.547782258
2022-07-24 04:00:00,1.547795699
2022-07-24 05:00:00,1.54780914
2022-07-24 06:00:00,1.547822581
2022-07-24 07:00:00,1.547836022
2022-07-24 08:00:00,1.547849462
2022-07-24 09:00:00,1.547862903
2022-07-24 10:00:00,1.547876344
2022-07-24 11:00:00,1.547889785
2022-07-24 12:00:00,1.547903226
2022-07-24 13:00:00,1.547916667
2022-07-24 14:00:00,1.547930108
2022-07-24 15:00:00,1.547943548
2022-07-24 16:00:00,1.547956989
2022-07-24 17:00:00,1.54797043
2022-07-24 18:00:00,1.547983871
2022-07-24 19:00:00,1.547997312
2022-07-24 20:00:00,1.548010753
2022-07-24 21:00:00,1.548024194
2022-07-24 22:00:00,1.548037634
2022-07-24 23:00:00,1.548051075
2022-07-25 00:00:00,1.548064516
2022-07-25 01:00:00,1.548077957
2022-07-25 02:00:00,1.548091398
2022-07-25 03:00:00,1.548104839
2022-07-25 04:00:00,1.54811828
2022-07-25 05:00:00,1.54813172
2022-07-25 06:00:00,1.548145161
2022-07-25 07:00:00,1.548158602
2022-07-25 08:00:00,1.548172043
2022-07-25 09:00:00,1.548185484
2022-07-25 10:00:00,1.548198925
2022-07-25 11:00:00,1.548212366
2022-07-25 12:00:00,1.548225806
2022-07-25 13:00:00,1.548239247
2022-07-25 14:00:00,1.548252688
2022-07-25 15:00:00,1.548266129
2022-07-25 16:00:00,1.54827957
2022-07-25 17:00:00,1.548293011
2022-07-25 18:00:00,1.548306452
2022-07-25 19:00:00,1.548319892
2022-07-25 20:00:00,1.548333333
2022-07-25 21:00:00,1.548346774
2022-07-25 22:00:00,1.548360215
2022-07-25 23:00:00,1.548373656
2022-07-26 00:00:00,1.548387097
2022-07-26 01:00:00,1.548400538
2022-07-26 02:00:00,1.548413978
2022-07-26 03:00:00,1.548427419
2022-07-26 04:00:00,1.54844086
2022-07-26 05:00:00,1.548454301
2022-07-26 06:00:00,1.548467742
2022-07-26 07:00:00,1.548481183
2022-07-26 08:00:00,1.548494624
2022-07-26 09:00:00,1.548508065
2022-07-26 10:00:00,1.548521505
2022-07-26 11:00:00,1.548534946
2022-07-26 12:00:00,1.548548387
2022-07-26 13:00:00,1.548561828
2022-07-26 14:00:00,1.548575269
2022-07-26 15:00:00,1.54858871
2022-07-26 16:00:00,1.548602151
2022-07-26 17:00:00,1.548615591
2022-07-26 18:00:00,1.548629032
2022-07-26 19:00:00,1.548642473
2022-07-26 20:00:00,1.548655914
2022-07-26 21:00:00,1.548669355
2022-07-26 22:00:00,1.548682796
2022-07-26 23:00:00,1.548696237
2022-07-27 00:00:00,1.548709677
2022-07-27 01:00:00,1.548723118
2022-07-27 02:00:00,1.548736559
2022-07-27 03:00:00,1.54875
2022-07-27 04:00:00,1.548763441
2022-07-27 05:00:00,1.548776882
2022-07-27 06:00:00,1.548790323
2022-07-27 07:00:00,1.548803763
2022-07-27 08:00:00,1.548817204
2022-07-27 09:00:00,1.548830645
2022-07-27 10:00:00,1.548844086
2022-07-27 11:00:00,1.548857527
2022-07-27 12:00:00,1.548870968
2022-07-27 13:00:00,1.548884409
2022-07-27 14:00:00,1.548897849
2022-07-27 15:00:00,1.54891129
2022-07-27 16:00:00,1.548924731
2022-07-27 17:00:00,1.548938172
2022-07-27 18:00:00,1.548951613
2022-07-27 19:00:00,1.548965054
2022-07-27 20:00:00,1.548978495
2022-07-27 21:00:00,1.548991935
2022-07-27 22:00:00,1.549005376
2022-07-27 23:00:00,1.549018817
2022-07-28 00:00:00,1.549032258
2022-07-28 01:00:00,1.549045699
2022-07-28 02:00:00,1.54905914
2022-07-28 03:00:00,1.549072581
2022-07-28 04:00:00,1.549086022
2022-07-28 05:00:00,1.549099462
2022-07-28 06:00:00,1.549112903
2022-07-28 07:00:00,1.549126344
2022-07-28 08:00:00,1.549139785
2022-07-28 09:00:00,1.549153226
2022-07-28 10:00:00,1.549166667
2022-07-28 11:00:00,1.549180108
2022-07-28 12:00:00,1.549193548
2022-07-28 13:00:00,1.549206989
2022-07-28 14:00:00,1.54922043
2022-07-28 15:00:00,1.549233871
2022-07-28 16:00:00,1.549247312
2022-07-28 17:00:00,1.549260753
2022-07-28 18:00:00,1.549274194
2022-07-28 19:00:00,1.549287634
2022-07-28 20:00:00,1.549301075
2022-07-28 21:00:00,1.549314516
2022-07-28 22:00:00,1.549327957
2022-07-28 23:00:00,1.549341398
2022-07-29 00:00:00,1.549354839
2022-07-29 01:00:00,1.54936828
2022-07-29 02:00:00,1.54938172
2022-07-29 03:00:00,1.549395161
2022-07-29 04:00:00,1.549408602
2022-07-29 05:00:00,1.549422043
2022-07-29 06:00:00,1.549435484
2022-07-29 07:00:00,1.549448925
2022-07-29 08:00:00,1.549462366
2022-07-29 09:00:00,1.549475806
2022-07-29 10:00:00,1.549489247
2022-07-29 11:00:00,1.549502688
2022-07-29 12:00:00,1.549516129
2022-07-29 13:00:00,1.54952957
2022-07-29 14:00:00,1.549543011
2022-07-29 15:00:00,1.549556452
2022-07-29 16:00:00,1.549569892
2022-07-29 17:00:00,1.549583333
2022-07-29 18:00:00,1.549596774
2022-07-29 19:00:00,1.549610215
2022-07-29 20:00:00,1.549623656
2022-07-29 21:00:00,1.549637097
2022-07-29 22:00:00,1.549650538
2022-07-29 23:00:00,1.549663978
2022-07-30 00:00:00,1.549677419
2022-07-30 01:00:00,1.54969086
2022-07-30 02:00:00,1.549704301
2022-07-30 03:00:00,1.549717742
2022-07-30 04:00:00,1.549731183
2022-07-30 05:00:00,1.549744624
2022-07-30 06:00:00,1.549758065
2022-07-30 07:00:00,1.549771505
2022-07-30 08:00:00,1.549784946
2022-07-30 09:00:00,1.549798387
2022-07-30 10:00:00,1.549811828
2022-07-30 11:00:00,1.549825269
2022-07-30 12:00:00,1.54983871
2022-07-30 13:00:00,1.549852151
2022-07-30 14:00:00,1.549865591
2022-07-30 15:00:00,1.549879032
2022-07-30 16:00:00,1.549892473
2022-07-30 17:00:00,1.549905914
2022-07-30 18:00:00,1.549919355
2022-07-30 19:00:00,1.549932796
2022-07-30 20:00:00,1.549946237
2022-07-30 21:00:00,1.549959677
2022-07-30 22:00:00,1.549973118
2022-07-30 23:00:00,1.549986559
2022-07-31 00:00:00,1.55
2022-07-31 01:00:00,1.550013441
2022-07-31 02:00:00,1.550026882
2022-07-31 03:00:00,1.550040323
2022-07-31 04:00:00,1.550053763
2022-07-31 05:00:00,1.550067204
2022-07-31 06:00:00,1.550080645
2022-07-31 07:00:00,1.550094086
2022-07-31 08:00:00,1.550107527
2022-07-31 09:00:00,1.550120968
2022-07-31 10:00:00,1.550134409
2022-07-31 11:00:00,1.550147849
2022-07-31 12:00:00,1.55016129
2022-07-31 13:00:00,1.550174731
2022-07-31 14:00:00,1.550188172
2022-07-31 15:00:00,1.550201613
2022-07-31 16:00:00,1.550215054
2022-07-31 17:00:00,1.550228495
2022-07-31 18:00:00,1.550241935
2022-07-31 19:00:00,1.550255376
2022-07-31 20:00:00,1.550268817
2022-07-31 21:00:00,1.550282258
2022-07-31 22:00:00,1.550295699
2022-07-31 23:00:00,1.55030914
2022-08-01 00:00:00,1.550322581
2022-08-01 01:00:00,1.550336022
2022-08-01 02:00:00,1.550349462
2022-08-01 03:00:00,1.550362903
2022-08-01 04:00:00,1.550376344
2022-08-01 05:00:00,1.550389785
2022-08-01 06:00:00,1.550403226
2022-08-01 07:00:00,1.550416667
2022-08-01 08:00:00,1.550430108
2022-08-01 09:00:00,1.550443548
2022-08-01 10:00:00,1.550456989
2022-08-01 11:00:00,1.55047043
2022-08-01 12:00:00,1.550483871
2022-08-01 13:00:00,1.550497312
2022-08-01 14:00:00,1.550510753
2022-08-01 15:00:00,1.550524194
2022-08-01 16:00:00,1.550537634
2022-08-01 17:00:00,1.550551075
2022-08-01 18:00:00,1.550564516
2022-08-01 19:00:00,1.550577957
2022-08-01 20:00:00,1.550591398
2022-08-01 21:00:00,1.550604839
2022-08-01 22:00:00,1.55061828
2022-08-01 23:00:00,1.55063172
2022-08-02 00:00:00,1.550645161
2022-08-02 01:00:00,1.550658602
2022-08-02 02:00:00,1.550672043
2022-08-02 03:00:00,1.550685484
2022-08-02 04:00:00,1.550698925
2022-08-02 05:00:00,1.550712366
2022-08-02 06:00:00,1.550725806
2022-08-02 07:00:00,1.550739247
2022-08-02 08:00:00,1.550752688
2022-08-02 09:00:00,1.550766129
2022-08-02 10:00:00,1.55077957
2022-08-02 11:00:00,1.550793011
2022-08-02 12:00:00,1.550806452
2022-08-02 13:00:00,1.550819892
2022-08-02 14:00:00,1.550833333
2022-08-02 15:00:00,1.550846774
2022-08-02 16:00:00,1.550860215
2022-08-02 17:00:00,1.550873656
2022-08-02 18:00:00,1.550887097
2022-08-02 19:00:00,1.550900538
2022-08-02 20:00:00,1.550913978
2022-08-02 21:00:00,1.550927419
2022-08-02 22:00:00,1.55094086
2022-08-02 23:00:00,1.550954301
2022-08-03 00:00:00,1.550967742
2022-08-03 01:00:00,1.550981183
2022-08-03 02:00:00,1.550994624
2022-08-03 03:00:00,1.551008065
2022-08-03 04:00:00,1.551021505
2022-08-03 05:00:00,1.551034946
2022-08-03 06:00:00,1.551048387
2022-08-03 07:00:00,1.551061828
2022-08-03 08:00:00,1.551075269
2022-08-03 09:00:00,1.55108871
2022-08-03 10:00:00,1.551102151
2022-08-03 11:00:00,1.551115591
2022-08-03 12:00:00,1.551129032
2022-08-03 13:00:00,1.551142473
2022-08-03 14:00:00,1.551155914
2022-08-03 15:00:00,1.551169355
2022-08-03 16:00:00,1.551182796
2022-08-03 17:00:00,1.551196237
2022-08-03 18:00:00,1.551209677
2022-08-03 19:00:00,1.551223118
2022-08-03 20:00:00,1.551236559
2022-08-03 21:00:00,1.55125
2022-08-03 22:00:00,1.551263441
2022-08-03 23:00:00,1.551276882
2022-08-04 00:00:00,1.551290323
2022-08-04 01:00:00,1.551303763
2022-08-04 02:00:00,1.551317204
2022-08-04 03:00:00,1.551330645
2022-08-04 04:00:00,1.551344086
2022-08-04 05:00:00,1.551357527
2022-08-04 06:00:00,1.551370968
2022-08-04 07:00:00,1.551384409
2022-08-04 08:00:00,1.551397849
2022-08-04 09:00:00,1.55141129
2022-08-04 10:00:00,1.551424731
2022-08-04 11:00:00,1.551438172
2022-08-04 12:00:00,1.551451613
2022-08-04 13:00:00,1.551465054
2022-08-04 14:00:00,1.551478495
2022-08-04 15:00:00,1.551491935
2022-08-04 16:00:00,1.551505376
2022-08-04 17:00:00,1.551518817
2022-08-04 18:00:00,1.551532258
2022-08-04 19:00:00,1.551545699
2022-08-04 20:00:00,1.55155914
2022-08-04 21:00:00,1.551572581
2022-08-04 22:00:00,1.551586022
2022-08-04 23:00:00,1.551599462
2022-08-05 00:00:00,1.551612903
2022-08-05 01:00:00,1.551626344
2022-08-05 02:00:00,1.551639785
2022-08-05 03:00:00,1.551653226
2022-08-05 04:00:00,1.551666667
2022-08-05 05:00:00,1.551680108
2022-08-05 06:00:00,1.551693548
2022-08-05 07:00:00,1.551706989
2022-08-05 08:00:00,1.55172043
2022-08-05 09:00:00,1.551733871
2022-08-05 10:00:00,1.551747312
2022-08-05 11:00:00,1.551760753
2022-08-05 12:00:00,1.551774194
2022-08-05 13:00:00,1.551787634
2022-08-05 14:00:00,1.551801075
2022-08-05 15:00:00,1.551814516
2022-08-05 16:00:00,1.551827957
2022-08-05 17:00:00,1.551841398
2022-08-05 18:00:00,1.551854839
2022-08-05 19:00:00,1.55186828
2022-08-05 20:00:00,1.55188172
2022-08-05 21:00:00,1.551895161
2022-08-05 22:00:00,1.551908602
2022-08-05 23:00:00,1.551922043
2022-08-06 00:00:00,1.551935484
2022-08-06 01:00:00,1.551948925
2022-08-06 02:00:00,1.551962366
2022-08-06 03:00:00,1.551975806
2022-08-06 04:00:00,1.551989247
2022-08-06 05:00:00,1.552002688
2022-08-06 06:00:00,1.552016129
2022-08-06 07:00:00,1.55202957
2022-08-06 08:00:00,1.552043011
2022-08-06 09:00:00,1.552056452
2022-08-06 10:00:00,1.552069892
2022-08-06 11:00:00,1.552083333
2022-08-06 12:00:00,1.552096774
2022-08-06 13:00:00,1.552110215
2022-08-06 14:00:00,1.552123656
2022-08-06 15:00:00,1.552137097
2022-08-06 16:00:00,1.552150538
2022-08-06 17:00:00,1.552163978
2022-08-06 18:00:00,1.552177419
2022-08-06 19:00:00,1.55219086
2022-08-06 20:00:00,1.552204301
2022-08-06 21:00:00,1.552217742
2022-08-06 22:00:00,1.552231183
2022-08-06 23:00:00,1.552244624
2022-08-07 00:00:00,1.552258065
2022-08-07 01:00:00,1.552271505
2022-08-07 02:00:00,1.552284946
2022-08-07 03:00:00,1.552298387
2022-08-07 04:00:00,1.552311828
2022-08-07 05:00:00,1.552325269
2022-08-07 06:00:00,1.55233871
2022-08-07 07:00:00,1.552352151
2022-08-07 08:00:00,1.552365591
2022-08-07 09:00:00,1.552379032
2022-08-07 10:00:00,1.552392473
2022-08-07 11:00:00,1.552405914
2022-08-07 12:00:00,1.552419355
2022-08-07 13:00:00,1.552432796
2022-08-07 14:00:00,1.552446237
2022-08-07 15:00:00,1.552459677
2022-08-07 16:00:00,1.552473118
2022-08-07 17:00:00,1.552486559
2022-08-07 18:00:00,1.5525
2022-08-07 19:00:00,1.552513441
2022-08-07 20:00:00,1.552526882
2022-08-07 21:00:00,1.552540323
2022-08-07 22:00:00,1.552553763
2022-08-07 23:00:00,1.552567204
2022-08-08 00:00:00,1.552580645
2022-08-08 01:00:00,1.552594086
2022-08-08 02:00:00,1.552607527
2022-08-08 03:00:00,1.552620968
2022-08-08 04:00:00,1.552634409
2022-08-08 05:00:00,1.552647849
2022-08-08 06:00:00,1.55266129
2022-08-08 07:00:00,1.552674731
2022-08-08 08:00:00,1.552688172
2022-08-08 09:00:00,1.552701613
2022-08-08 10:00:00,1.552715054
2022-08-08 11:00:00,1.552728495
2022-08-08 12:00:00,1.552741935
2022-08-08 13:00:00,1.552755376
2022-08-08 14:00:00,1.552768817
2022-08-08 15:00:00,1.552782258
2022-08-08 16:00:00,1.552795699
2022-08-08 17:00:00,1.55280914
2022-08-08 18:00:00,1.552822581
2022-08-08 19:00:00,1.552836022
2022-08-08 20:00:00,1.552849462
2022-08-08 21:00:00,1.552862903
2022-08-08 22:00:00,1.552876344
2022-08-08 23:00:00,1.552889785
2022-08-09 00:00:00,1.552903226
2022-08-09 01:00:00,1.552916667
2022-08-09 02:00:00,1.552930108
2022-08-09 03:00:00,1.552943548
2022-08-09 04:00:00,1.552956989
2022-08-09 05:00:00,1.55297043
2022-08-09 06:00:00,1.552983871
2022-08-09 07:00:00,1.552997312
2022-08-09 08:00:00,1.553010753
2022-08-09 09:00:00,1.553024194
2022-08-09 10:00:00,1.553037634
2022-08-09 11:00:00,1.553051075
2022-08-09 12:00:00,1.553064516
2022-08-09 13:00:00,1.553077957
2022-08-09 14:00:00,1.553091398
2022-08-09 15:00:00,1.553104839
2022-08-09 16:00:00,1.55311828
2022-08-09 17:00:00,1.55313172
2022-08-09 18:00:00,1.553145161
2022-08-09 19:00:00,1.553158602
2022-08-09 20:00:00,1.553172043
2022-08-09 21:00:00,1.553185484
2022-08-09 22:00:00,1.553198925
2022-08-09 23:00:00,1.553212366
2022-08-10 00:00:00,1.553225806
2022-08-10 01:00:00,1.553239247
2022-08-10 02:00:00,1.553252688
2022-08-10 03:00:00,1.553266129
2022-08-10 04:00:00,1.55327957
2022-08-10 05:00:00,1.553293011
2022-08-10 06:00:00,1.553306452
2022-08-10 07:00:00,1.553319892
2022-08-10 08:00:00,1.553333333
2022-08-10 09:00:00,1.553346774
2022-08-10 10:00:00,1.553360215
2022-08-10 11:00:00,1.553373656
2022-08-10 12:00:00,1.553387097
2022-08-10 13:00:00,1.553400538
2022-08-10 14:00:00,1.553413978
2022-08-10 15:00:00,1.553427419
2022-08-10 16:00:00,1.55344086
2022-08-10 17:00:00,1.553454301
2022-08-10 18:00:00,1.553467742
2022-08-10 19:00:00,1.553481183
2022-08-10 20:00:00,1.553494624
2022-08-10 21:00:00,1.553508065
2022-08-10 22:00:00,1.553521505
2022-08-10 23:00:00,1.553534946
2022-08-11 00:00:00,1.553548387
2022-08-11 01:00:00,1.553561828
2022-08-11 02:00:00,1.553575269
2022-08-11 03:00:00,1.55358871
2022-08-11 04:00:00,1.553602151
2022-08-11 05:00:00,1.553615591
2022-08-11 06:00:00,1.553629032
2022-08-11 07:00:00,1.553642473
2022-08-11 08:00:00,1.553655914
2022-08-11 09:00:00,1.553669355
2022-08-11 10:00:00,1.553682796
2022-08-11 11:00:00,1.553696237
2022-08-11 12:00:00,1.553709677
2022-08-11 13:00:00,1.553723118
2022-08-11 14:00:00,1.553736559
2022-08-11 15:00:00,1.55375
2022-08-11 16:00:00,1.553763441
2022-08-11 17:00:00,1.553776882
2022-08-11 18:00:00,1.553790323
2022-08-11 19:00:00,1.553803763
2022-08-11 20:00:00,1.553817204
2022-08-11 21:00:00,1.553830645
2022-08-11 22:00:00,1.553844086
2022-08-11 23:00:00,1.553857527
2022-08-12 00:00:00,1.553870968
2022-08-12 01:00:00,1.553884409
2022-08-12 02:00:00,1.553897849
2022-08-12 03:00:00,1.55391129
2022-08-12 04:00:00,1.553924731
2022-08-12 05:00:00,1.553938172
2022-08-12 06:00:00,1.553951613
2022-08-12 07:00:00,1.553965054
2022-08-12 08:00:00,1.553978495
2022-08-12 09:00:00,1.553991935
2022-08-12 10:00:00,1.554005376
2022-08-12 11:00:00,1.554018817
2022-08-12 12:00:00,1.554032258
2022-08-12 13:00:00,1.554045699
2022-08-12 14:00:00,1.55405914
2022-08-12 15:00:00,1.554072581
2022-08-12 16:00:00,1.554086022
2022-08-12 17:00:00,1.554099462
2022-08-12 18:00:00,1.554112903
2022-08-12 19:00:00,1.554126344
2022-08-12 20:00:00,1.554139785
2022-08-12 21:00:00,1.554153226
2022-08-12 22:00:00,1.554166667
2022-08-12 23:00:00,1.554180108
2022-08-13 00:00:00,1.554193548
2022-08-13 01:00:00,1.554206989
2022-08-13 02:00:00,1.55422043
2022-08-13 03:00:00,1.554233871
2022-08-13 04:00:00,1.554247312
2022-08-13 05:00:00,1.554260753
2022-08-13 06:00:00,1.554274194
2022-08-13 07:00:00,1.554287634
2022-08-13 08:00:00,1.554301075
2022-08-13 09:00:00,1.554314516
2022-08-13 10:00:00,1.554327957
2022-08-13 11:00:00,1.554341398
2022-08-13 12:00:00,1.554354839
2022-08-13 13:00:00,1.55436828
2022-08-13 14:00:00,1.55438172
2022-08-13 15:00:00,1.554395161
2022-08-13 16:00:00,1.554408602
2022-08-13 17:00:00,1.554422043
2022-08-13 18:00:00,1.554435484
2022-08-13 19:00:00,1.554448925
2022-08-13 20:00:00,1.554462366
2022-08-13 21:00:00,1.554475806
2022-08-13 22:00:00,1.554489247
2022-08-13 23:00:00,1.554502688
2022-08-14 00:00:00,1.554516129
2022-08-14 01:00:00,1.55452957
2022-08-14 02:00:00,1.554543011
2022-08-14 03:00:00,1.554556452
2022-08-14 04:00:00,1.554569892
2022-08-14 05:00:00,1.554583333
2022-08-14 06:00:00,1.554596774
2022-08-14 07:00:00,1.554610215
2022-08-14 08:00:00,1.554623656
2022-08-14 09:00:00,1.554637097
2022-08-14 10:00:00,1.554650538
2022-08-14 11:00:00,1.554663978
2022-08-14 12:00:00,1.554677419
2022-08-14 13:00:00,1.55469086
2022-08-14 14:00:00,1.554704301
2022-08-14 15:00:00,1.554717742
2022-08-14 16:00:00,1.554731183
2022-08-14 17:00:00,1.554744624
2022-08-14 18:00:00,1.554758065
2022-08-14 19:00:00,1.554771505
2022-08-14 20:00:00,1.554784946
2022-08-14 21:00:00,1.554798387
2022-08-14 22:00:00,1.554811828
2022-08-14 23:00:00,1.554825269
2022-08-15 00:00:00,1.55483871
2022-08-15 01:00:00,1.554852151
2022-08-15 02:00:00,1.554865591
2022-08-15 03:00:00,1.554879032
2022-08-15 04:00:00,1.554892473
2022-08-15 05:00:00,1.554905914
2022-08-15 06:00:00,1.554919355
2022-08-15 07:00:00,1.554932796
2022-08-15 08:00:00,1.554946237
2022-08-15 09:00:00,1.554959677
2022-08-15 10:00:00,1.554973118
2022-08-15 11:00:00,1.554986559
2022-08-15 12:00:00,1.555
2022-08-15 13:00:00,1.555013441
2022-08-15 14:00:00,1.555026882
2022-08-15 15:00:00,1.555040323
2022-08-15 16:00:00,1.555053763
2022-08-15 17:00:00,1.555067204
2022-08-15 18:00:00,1.555080645
2022-08-15 19:00:00,1.555094086
2022-08-15 20:00:00,1.555107527
2022-08-15 21:00:00,1.555120968
2022-08-15 22:00:00,1.555134409
2022-08-15 23:00:00,1.555147849
2022-08-16 00:00:00,1.55516129
2022-08-16 01:00:00,1.555174731
2022-08-16 02:00:00,1.555188172
2022-08-16 03:00:00,1.555201613
2022-08-16 04:00:00,1.555215054
2022-08-16 05:00:00,1.555228495
2022-08-16 06:00:00,1.555241935
2022-08-16 07:00:00,1.555255376
2022-08-16 08:00:00,1.555268817
2022-08-16 09:00:00,1.555282258
2022-08-16 10:00:00,1.555295699
2022-08-16 11:00:00,1.55530914
2022-08-16 12:00:00,1.555322581
2022-08-16 13:00:00,1.555336022
2022-08-16 14:00:00,1.555349462
2022-08-16 15:00:00,1.555362903
2022-08-16 16:00:00,1.555376344
2022-08-16 17:00:00,1.555389785
2022-08-16 18:00:00,1.555403226
2022-08-16 19:00:00,1.555416667
2022-08-16 20:00:00,1.555430108
2022-08-16 21:00:00,1.555443548
2022-08-16 22:00:00,1.555456989
2022-08-16 23:00:00,1.55547043
2022-08-17 00:00:00,1.555483871
2022-08-17 01:00:00,1.555497312
2022-08-17 02:00:00,1.555510753
2022-08-17 03:00:00,1.555524194
2022-08-17 04:00:00,1.555537634
2022-08-17 05:00:00,1.555551075
2022-08-17 06:00:00,1.555564516
2022-08-17 07:00:00,1.555577957
2022-08-17 08:00:00,1.555591398
2022-08-17 09:00:00,1.555604839
2022-08-17 10:00:00,1.55561828
2022-08-17 11:00:00,1.55563172
2022-08-17 12:00:00,1.555645161
2022-08-17 13:00:00,1.555658602
2022-08-17 14:00:00,1.555672043
2022-08-17 15:00:00,1.555685484
2022-08-17 16:00:00,1.555698925
2022-08-17 17:00:00,1.555712366
2022-08-17 18:00:00,1.555725806
2022-08-17 19:00:00,1.555739247
2022-08-17 20:00:00,1.555752688
2022-08-17 21:00:00,1.555766129
2022-08-17 22:00:00,1.55577957
2022-08-17 23:00:00,1.555793011
2022-08-18 00:00:00,1.555806452
2022-08-18 01:00:00,1.555819892
2022-08-18 02:00:00,1.555833333
2022-08-18 03:00:00,1.555846774
2022-08-18 04:00:00,1.555860215
2022-08-18 05:00:00,1.555873656
2022-08-18 06:00:00,1.555887097
2022-08-18 07:00:00,1.555900538
2022-08-18 08:00:00,1.555913978
2022-08-18 09:00:00,1.555927419
2022-08-18 10:00:00,1.55594086
2022-08-18 11:00:00,1.555954301
2022-08-18 12:00:00,1.555967742
2022-08-18 13:00:00,1.555981183
2022-08-18 14:00:00,1.555994624
2022-08-18 15:00:00,1.556008065
2022-08-18 16:00:00,1.556021505
2022-08-18 17:00:00,1.556034946
2022-08-18 18:00:00,1.556048387
2022-08-18 19:00:00,1.556061828
2022-08-18 20:00:00,1.556075269
2022-08-18 21:00:00,1.55608871
2022-08-18 22:00:00,1.556102151
2022-08-18 23:00:00,1.556115591
2022-08-19 00:00:00,1.556129032
2022-08-19 01:00:00,1.556142473
2022-08-19 02:00:00,1.556155914
2022-08-19 03:00:00,1.556169355
2022-08-19 04:00:00,1.556182796
2022-08-19 05:00:00,1.556196237
2022-08-19 06:00:00,1.556209677
2022-08-19 07:00:00,1.556223118
2022-08-19 08:00:00,1.556236559
2022-08-19 09:00:00,1.55625
2022-08-19 10:00:00,1.556263441
2022-08-19 11:00:00,1.556276882
2022-08-19 12:00:00,1.556290323
2022-08-19 13:00:00,1.556303763
2022-08-19 14:00:00,1.556317204
2022-08-19 15:00:00,1.556330645
2022-08-19 16:00:00,1.556344086
2022-08-19 17:00:00,1.556357527
2022-08-19 18:00:00,1.556370968
2022-08-19 19:00:00,1.556384409
2022-08-19 20:00:00,1.556397849
2022-08-19 21:00:00,1.55641129
2022-08-19 22:00:00,1.556424731
2022-08-19 23:00:00,1.556438172
2022-08-20 00:00:00,1.556451613
2022-08-20 01:00:00,1.556465054
2022-08-20 02:00:00,1.556478495
2022-08-20 03:00:00,1.556491935
2022-08-20 04:00:00,1.556505376
2022-08-20 05:00:00,1.556518817
2022-08-20 06:00:00,1.556532258
2022-08-20 07:00:00,1.556545699
2022-08-20 08:00:00,1.55655914
2022-08-20 09:00:00,1.556572581
2022-08-20 10:00:00,1.556586022
2022-08-20 11:00:00,1.556599462
2022-08-20 12:00:00,1.556612903
2022-08-20 13:00:00,1.556626344
2022-08-20 14:00:00,1.556639785
2022-08-20 15:00:00,1.556653226
2022-08-20 16:00:00,1.556666667
2022-08-20 17:00:00,1.556680108
2022-08-20 18:00:00,1.556693548
2022-08-20 19:00:00,1.556706989
2022-08-20 20:00:00,1.55672043
2022-08-20 21:00:00,1.556733871
2022-08-20 22:00:00,1.556747312
2022-08-20 23:00:00,1.556760753
2022-08-21 00:00:00,1.556774194
2022-08-21 01:00:00,1.556787634
2022-08-21 02:00:00,1.556801075
2022-08-21 03:00:00,1.556814516
2022-08-21 04:00:00,1.556827957
2022-08-21 05:00:00,1.556841398
2022-08-21 06:00:00,1.556854839
2022-08-21 07:00:00,1.55686828
2022-08-21 08:00:00,1.55688172
2022-08-21 09:00:00,1.556895161
2022-08-21 10:00:00,1.556908602
2022-08-21 11:00:00,1.556922043
2022-08-21 12:00:00,1.556935484
2022-08-21 13:00:00,1.556948925
2022-08-21 14:00:00,1.556962366
2022-08-21 15:00:00,1.556975806
2022-08-21 16:00:00,1.556989247
2022-08-21 17:00:00,1.557002688
2022-08-21 18:00:00,1.557016129
2022-08-21 19:00:00,1.55702957
2022-08-21 20:00:00,1.557043011
2022-08-21 21:00:00,1.557056452
2022-08-21 22:00:00,1.557069892
2022-08-21 23:00:00,1.557083333
2022-08-22 00:00:00,1.557096774
2022-08-22 01:00:00,1.557110215
2022-08-22 02:00:00,1.557123656
2022-08-22 03:00:00,1.557137097
2022-08-22 04:00:00,1.557150538
2022-08-22 05:00:00,1.557163978
2022-08-22 06:00:00,1.557177419
2022-08-22 07:00:00,1.55719086
2022-08-22 08:00:00,1.557204301
2022-08-22 09:00:00,1.557217742
2022-08-22 10:00:00,1.557231183
2022-08-22 11:00:00,1.557244624
2022-08-22 12:00:00,1.557258065
2022-08-22 13:00:00,1.557271505
2022-08-22 14:00:00,1.557284946
2022-08-22 15:00:00,1.557298387
2022-08-22 16:00:00,1.557311828
2022-08-22 17:00:00,1.557325269
2022-08-22 18:00:00,1.55733871
2022-08-22 19:00:00,1.557352151
2022-08-22 20:00:00,1.557365591
2022-08-22 21:00:00,1.557379032
2022-08-22 22:00:00,1.557392473
2022-08-22 23:00:00,1.557405914
2022-08-23 00:00:00,1.557419355
2022-08-23 01:00:00,1.557432796
2022-08-23 02:00:00,1.557446237
2022-08-23 03:00:00,1.557459677
2022-08-23 04:00:00,1.557473118
2022-08-23 05:00:00,1.557486559
2022-08-23 06:00:00,1.5575
2022-08-23 07:00:00,1.557513441
2022-08-23 08:00:00,1.557526882
2022-08-23 09:00:00,1.557540323
2022-08-23 10:00:00,1.557553763
2022-08-23 11:00:00,1.557567204
2022-08-23 12:00:00,1.557580645
2022-08-23 13:00:00,1.557594086
2022-08-23 14:00:00,1.557607527
2022-08-23 15:00:00,1.557620968
2022-08-23 16:00:00,1.557634409
2022-08-23 17:00:00,1.557647849
2022-08-23 18:00:00,1.55766129
2022-08-23 19:00:00,1.557674731
2022-08-23 20:00:00,1.557688172
2022-08-23 21:00:00,1.557701613
2022-08-23 22:00:00,1.557715054
2022-08-23 23:00:00,1.557728495
2022-08-24 00:00:00,1.557741935
2022-08-24 01:00:00,1.557755376
2022-08-24 02:00:00,1.557768817
2022-08-24 03:00:00,1.557782258
2022-08-24 04:00:00,1.557795699
2022-08-24 05:00:00,1.55780914
2022-08-24 06:00:00,1.557822581
2022-08-24 07:00:00,1.557836022
2022-08-24 08:00:00,1.557849462
2022-08-24 09:00:00,1.557862903
2022-08-24 10:00:00,1.557876344
2022-08-24 11:00:00,1.557889785
2022-08-24 12:00:00,1.557903226
2022-08-24 13:00:00,1.557916667
2022-08-24 14:00:00,1.557930108
2022-08-24 15:00:00,1.557943548
2022-08-24 16:00:00,1.557956989
2022-08-24 17:00:00,1.55797043
2022-08-24 18:00:00,1.557983871
2022-08-24 19:00:00,1.557997312
2022-08-24 20:00:00,1.558010753
2022-08-24 21:00:00,1.558024194
2022-08-24 22:00:00,1.558037634
2022-08-24 23:00:00,1.558051075
2022-08-25 00:00:00,1.558064516
2022-08-25 01:00:00,1.558077957
2022-08-25 02:00:00,1.558091398
2022-08-25 03:00:00,1.558104839
2022-08-25 04:00:00,1.55811828
2022-08-25 05:00:00,1.55813172
2022-08-25 06:00:00,1.558145161
2022-08-25 07:00:00,1.558158602
2022-08-25 08:00:00,1.558172043
2022-08-25 09:00:00,1.558185484
2022-08-25 10:00:00,1.558198925
2022-08-25 11:00:00,1.558212366
2022-08-25 12:00:00,1.558225806
2022-08-25 13:00:00,1.558239247
2022-08-25 14:00:00,1.558252688
2022-08-25 15:00:00,1.558266129
2022-08-25 16:00:00,1.55827957
2022-08-25 17:00:00,1.558293011
2022-08-25 18:00:00,1.558306452
2022-08-25 19:00:00,1.558319892
2022-08-25 20:00:00,1.558333333
2022-08-25 21:00:00,1.558346774
2022-08-25 22:00:00,1.558360215
2022-08-25 23:00:00,1.558373656
2022-08-26 00:00:00,1.558387097
2022-08-26 01:00:00,1.558400538
2022-08-26 02:00:00,1.558413978
2022-08-26 03:00:00,1.558427419
2022-08-26 04:00:00,1.55844086
2022-08-26 05:00:00,1.558454301
2022-08-26 06:00:00,1.558467742
2022-08-26 07:00:00,1.558481183
2022-08-26 08:00:00,1.558494624
2022-08-26 09:00:00,1.558508065
2022-08-26 10:00:00,1.558521505
2022-08-26 11:00:00,1.558534946
2022-08-26 12:00:00,1.558548387
2022-08-26 13:00:00,1.558561828
2022-08-26 14:00:00,1.558575269
2022-08-26 15:00:00,1.55858871
2022-08-26 16:00:00,1.558602151
2022-08-26 17:00:00,1.558615591
2022-08-26 18:00:00,1.558629032
2022-08-26 19:00:00,1.558642473
2022-08-26 20:00:00,1.558655914
2022-08-26 21:00:00,1.558669355
2022-08-26 22:00:00,1.558682796
2022-08-26 23:00:00,1.558696237
2022-08-27 00:00:00,1.558709677
2022-08-27 01:00:00,1.558723118
2022-08-27 02:00:00,1.558736559
2022-08-27 03:00:00,1.55875
2022-08-27 04:00:00,1.558763441
2022-08-27 05:00:00,1.558776882
2022-08-27 06:00:00,1.558790323
2022-08-27 07:00:00,1.558803763
2022-08-27 08:00:00,1.558817204
2022-08-27 09:00:00,1.558830645
2022-08-27 10:00:00,1.558844086
2022-08-27 11:00:00,1.558857527
2022-08-27 12:00:00,1.558870968
2022-08-27 13:00:00,1.558884409
2022-08-27 14:00:00,1.558897849
2022-08-27 15:00:00,1.55891129
2022-08-27 16:00:00,1.558924731
2022-08-27 17:00:00,1.558938172
2022-08-27 18:00:00,1.558951613
2022-08-27 19:00:00,1.558965054
2022-08-27 20:00:00,1.558978495
2022-08-27 21:00:00,1.558991935
2022-08-27 22:00:00,1.559005376
2022-08-27 23:00:00,1.559018817
2022-08-28 00:00:00,1.559032258
2022-08-28 01:00:00,1.559045699
2022-08-28 02:00:00,1.55905914
2022-08-28 03:00:00,1.559072581
2022-08-28 04:00:00,1.559086022
2022-08-28 05:00:00,1.559099462
2022-08-28 06:00:00,1.559112903
2022-08-28 07:00:00,1.559126344
2022-08-28 08:00:00,1.559139785
2022-08-28 09:00:00,1.559153226
2022-08-28 10:00:00,1.559166667
2022-08-28 11:00:00,1.559180108
2022-08-28 12:00:00,1.559193548
2022-08-28 13:00:00,1.559206989
2022-08-28 14:00:00,1.55922043
2022-08-28 15:00:00,1.559233871
2022-08-28 16:00:00,1.559247312
2022-08-28 17:00:00,1.559260753
2022-08-28 18:00:00,1.559274194
2022-08-28 19:00:00,1.559287634
2022-08-28 20:00:00,1.559301075
2022-08-28 21:00:00,1.559314516
2022-08-28 22:00:00,1.559327957
2022-08-28 23:00:00,1.559341398
2022-08-29 00:00:00,1.559354839
2022-08-29 01:00:00,1.55936828
2022-08-29 02:00:00,1.55938172
2022-08-29 03:00:00,1.559395161
2022-08-29 04:00:00,1.559408602
2022-08-29 05:00:00,1.559422043
2022-08-29 06:00:00,1.559435484
2022-08-29 07:00:00,1.559448925
2022-08-29 08:00:00,1.559462366
2022-08-29 09:00:00,1.559475806
2022-08-29 10:00:00,1.559489247
2022-08-29 11:00:00,1.559502688
2022-08-29 12:00:00,1.559516129
2022-08-29 13:00:00,1.55952957
2022-08-29 14:00:00,1.559543011
2022-08-29 15:00:00,1.559556452
2022-08-29 16:00:00,1.559569892
2022-08-29 17:00:00,1.559583333
2022-08-29 18:00:00,1.559596774
2022-08-29 19:00:00,1.559610215
2022-08-29 20:00:00,1.559623656
2022-08-29 21:00:00,1.559637097
2022-08-29 22:00:00,1.559650538
2022-08-29 23:00:00,1.559663978
2022-08-30 00:00:00,1.559677419
2022-08-30 01:00:00,1.55969086
2022-08-30 02:00:00,1.559704301
2022-08-30 03:00:00,1.559717742
2022-08-30 04:00:00,1.559731183
2022-08-30 05:00:00,1.559744624
2022-08-30 06:00:00,1.559758065
2022-08-30 07:00:00,1.559771505
2022-08-30 08:00:00,1.559784946
2022-08-30 09:00:00,1.559798387
2022-08-30 10:00:00,1.559811828
2022-08-30 11:00:00,1.559825269
2022-08-30 12:00:00,1.55983871
2022-08-30 13:00:00,1.559852151
2022-08-30 14:00:00,1.559865591
2022-08-30 15:00:00,1.559879032
2022-08-30 16:00:00,1.559892473
2022-08-30 17:00:00,1.559905914
2022-08-30 18:00:00,1.559919355
2022-08-30 19:00:00,1.559932796
2022-08-30 20:00:00,1.559946237
2022-08-30 21:00:00,1.559959677
2022-08-30 22:00:00,1.559973118
2022-08-30 23:00:00,1.559986559
2022-08-31 00:00:00,1.56
2022-08-31 01:00:00,1.560013889
2022-08-31 02:00:00,1.560027778
2022-08-31 03:00:00,1.560041667
2022-08-31 04:00:00,1.560055556
2022-08-31 05:00:00,1.560069444
2022-08-31 06:00:00,1.560083333
2022-08-31 07:00:00,1.560097222
2022-08-31 08:00:00,1.560111111
2022-08-31 09:00:00,1.560125
2022-08-31 10:00:00,1.560138889
2022-08-31 11:00:00,1.560152778
2022-08-31 12:00:00,1.560166667
2022-08-31 13:00:00,1.560180556
2022-08-31 14:00:00,1.560194444
2022-08-31 15:00:00,1.560208333
2022-08-31 16:00:00,1.560222222
2022-08-31 17:00:00,1.560236111
2022-08-31 18:00:00,1.56025
2022-08-31 19:00:00,1.560263889
2022-08-31 20:00:00,1.560277778
2022-08-31 21:00:00,1.560291667
2022-08-31 22:00:00,1.560305556
2022-08-31 23:00:00,1.560319444
2022-09-01 00:00:00,1.560333333
2022-09-01 01:00:00,1.560347222
2022-09-01 02:00:00,1.560361111
2022-09-01 03:00:00,1.560375
2022-09-01 04:00:00,1.560388889
2022-09-01 05:00:00,1.560402778
2022-09-01 06:00:00,1.560416667
2022-09-01 07:00:00,1.560430556
2022-09-01 08:00:00,1.560444444
2022-09-01 09:00:00,1.560458333
2022-09-01 10:00:00,1.560472222
2022-09-01 11:00:00,1.560486111
2022-09-01 12:00:00,1.5605
2022-09-01 13:00:00,1.560513889
2022-09-01 14:00:00,1.560527778
2022-09-01 15:00:00,1.560541667
2022-09-01 16:00:00,1.560555556
2022-09-01 17:00:00,1.560569444
2022-09-01 18:00:00,1.560583333
2022-09-01 19:00:00,1.560597222
2022-09-01 20:00:00,1.560611111
2022-09-01 21:00:00,1.560625
2022-09-01 22:00:00,1.560638889
2022-09-01 23:00:00,1.560652778
2022-09-02 00:00:00,1.560666667
2022-09-02 01:00:00,1.560680556
2022-09-02 02:00:00,1.560694444
2022-09-02 03:00:00,1.560708333
2022-09-02 04:00:00,1.560722222
2022-09-02 05:00:00,1.560736111
2022-09-02 06:00:00,1.56075
2022-09-02 07:00:00,1.560763889
2022-09-02 08:00:00,1.560777778
2022-09-02 09:00:00,1.560791667
2022-09-02 10:00:00,1.560805556
2022-09-02 11:00:00,1.560819444
2022-09-02 12:00:00,1.560833333
2022-09-02 13:00:00,1.560847222
2022-09-02 14:00:00,1.560861111
2022-09-02 15:00:00,1.560875
2022-09-02 16:00:00,1.560888889
2022-09-02 17:00:00,1.560902778
2022-09-02 18:00:00,1.560916667
2022-09-02 19:00:00,1.560930556
2022-09-02 20:00:00,1.560944444
2022-09-02 21:00:00,1.560958333
2022-09-02 22:00:00,1.560972222
2022-09-02 23:00:00,1.560986111
2022-09-03 00:00:00,1.561
2022-09-03 01:00:00,1.561013889
2022-09-03 02:00:00,1.561027778
2022-09-03 03:00:00,1.561041667
2022-09-03 04:00:00,1.561055556
2022-09-03 05:00:00,1.561069444
2022-09-03 06:00:00,1.561083333
2022-09-03 07:00:00,1.561097222
2022-09-03 08:00:00,1.561111111
2022-09-03 09:00:00,1.561125
2022-09-03 10:00:00,1.561138889
2022-09-03 11:00:00,1.561152778
2022-09-03 12:00:00,1.561166667
2022-09-03 13:00:00,1.561180556
2022-09-03 14:00:00,1.561194444
2022-09-03 15:00:00,1.561208333
2022-09-03 16:00:00,1.561222222
2022-09-03 17:00:00,1.561236111
2022-09-03 18:00:00,1.56125
2022-09-03 19:00:00,1.561263889
2022-09-03 20:00:00,1.561277778
2022-09-03 21:00:00,1.561291667
2022-09-03 22:00:00,1.561305556
2022-09-03 23:00:00,1.561319444
2022-09-04 00:00:00,1.561333333
2022-09-04 01:00:00,1.561347222
2022-09-04 02:00:00,1.561361111
2022-09-04 03:00:00,1.561375
2022-09-04 04:00:00,1.561388889
2022-09-04 05:00:00,1.561402778
2022-09-04 06:00:00,1.561416667
2022-09-04 07:00:00,1.561430556
2022-09-04 08:00:00,1.561444444
2022-09-04 09:00:00,1.561458333
2022-09-04 10:00:00,1.561472222
2022-09-04 11:00:00,1.561486111
2022-09-04 12:00:00,1.5615
2022-09-04 13:00:00,1.561513889
2022-09-04 14:00:00,1.561527778
2022-09-04 15:00:00,1.561541667
2022-09-04 16:00:00,1.561555556
2022-09-04 17:00:00,1.561569444
2022-09-04 18:00:00,1.561583333
2022-09-04 19:00:00,1.561597222
2022-09-04 20:00:00,1.561611111
2022-09-04 21:00:00,1.561625
2022-09-04 22:00:00,1.561638889
2022-09-04 23:00:00,1.561652778
2022-09-05 00:00:00,1.561666667
2022-09-05 01:00:00,1.561680556
2022-09-05 02:00:00,1.561694444
2022-09-05 03:00:00,1.561708333
2022-09-05 04:00:00,1.561722222
2022-09-05 05:00:00,1.561736111
2022-09-05 06:00:00,1.56175
2022-09-05 07:00:00,1.561763889
2022-09-05 08:00:00,1.561777778
2022-09-05 09:00:00,1.561791667
2022-09-05 10:00:00,1.561805556
2022-09-05 11:00:00,1.561819444
2022-09-05 12:00:00,1.561833333
2022-09-05 13:00:00,1.561847222
2022-09-05 14:00:00,1.561861111
2022-09-05 15:00:00,1.561875
2022-09-05 16:00:00,1.561888889
2022-09-05 17:00:00,1.561902778
2022-09-05 18:00:00,1.561916667
2022-09-05 19:00:00,1.561930556
2022-09-05 20:00:00,1.561944444
2022-09-05 21:00:00,1.561958333
2022-09-05 22:00:00,1.561972222
2022-09-05 23:00:00,1.561986111
2022-09-06 00:00:00,1.562
2022-09-06 01:00:00,1.562013889
2022-09-06 02:00:00,1.562027778
2022-09-06 03:00:00,1.562041667
2022-09-06 04:00:00,1.562055556
2022-09-06 05:00:00,1.562069444
2022-09-06 06:00:00,1.562083333
2022-09-06 07:00:00,1.562097222
2022-09-06 08:00:00,1.562111111
2022-09-06 09:00:00,1.562125
2022-09-06 10:00:00,1.562138889
2022-09-06 11:00:00,1.562152778
2022-09-06 12:00:00,1.562166667
2022-09-06 13:00:00,1.562180556
2022-09-06 14:00:00,1.562194444
2022-09-06 15:00:00,1.562208333
2022-09-06 16:00:00,1.562222222
2022-09-06 17:00:00,1.562236111
2022-09-06 18:00:00,1.56225
2022-09-06 19:00:00,1.562263889
2022-09-06 20:00:00,1.562277778
2022-09-06 21:00:00,1.562291667
2022-09-06 22:00:00,1.562305556
2022-09-06 23:00:00,1.562319444
2022-09-07 00:00:00,1.562333333
2022-09-07 01:00:00,1.562347222
2022-09-07 02:00:00,1.562361111
2022-09-07 03:00:00,1.562375
2022-09-07 04:00:00,1.562388889
2022-09-07 05:00:00,1.562402778
2022-09-07 06:00:00,1.562416667
2022-09-07 07:00:00,1.562430556
2022-09-07 08:00:00,1.562444444
2022-09-07 09:00:00,1.562458333
2022-09-07 10:00:00,1.562472222
2022-09-07 11:00:00,1.562486111
2022-09-07 12:00:00,1.5625
2022-09-07 13:00:00,1.562513889
2022-09-07 14:00:00,1.562527778
2022-09-07 15:00:00,1.562541667
2022-09-07 16:00:00,1.562555556
2022-09-07 17:00:00,1.562569444
2022-09-07 18:00:00,1.562583333
2022-09-07 19:00:00,1.562597222
2022-09-07 20:00:00,1.562611111
2022-09-07 21:00:00,1.562625
2022-09-07 22:00:00,1.562638889
2022-09-07 23:00:00,1.562652778
2022-09-08 00:00:00,1.562666667
2022-09-08 01:00:00,1.562680556
2022-09-08 02:00:00,1.562694444
2022-09-08 03:00:00,1.562708333
2022-09-08 04:00:00,1.562722222
2022-09-08 05:00:00,1.562736111
2022-09-08 06:00:00,1.56275
2022-09-08 07:00:00,1.562763889
2022-09-08 08:00:00,1.562777778
2022-09-08 09:00:00,1.562791667
2022-09-08 10:00:00,1.562805556
2022-09-08 11:00:00,1.562819444
2022-09-08 12:00:00,1.562833333
2022-09-08 13:00:00,1.562847222
2022-09-08 14:00:00,1.562861111
2022-09-08 15:00:00,1.562875
2022-09-08 16:00:00,1.562888889
2022-09-08 17:00:00,1.562902778
2022-09-08 18:00:00,1.562916667
2022-09-08 19:00:00,1.562930556
2022-09-08 20:00:00,1.562944444
2022-09-08 21:00:00,1.562958333
2022-09-08 22:00:00,1.562972222
2022-09-08 23:00:00,1.562986111
2022-09-09 00:00:00,1.563
2022-09-09 01:00:00,1.563013889
2022-09-09 02:00:00,1.563027778
2022-09-09 03:00:00,1.563041667
2022-09-09 04:00:00,1.563055556
2022-09-09 05:00:00,1.563069444
2022-09-09 06:00:00,1.563083333
2022-09-09 07:00:00,1.563097222
2022-09-09 08:00:00,1.563111111
2022-09-09 09:00:00,1.563125
2022-09-09 10:00:00,1.563138889
2022-09-09 11:00:00,1.563152778
2022-09-09 12:00:00,1.563166667
2022-09-09 13:00:00,1.563180556
2022-09-09 14:00:00,1.563194444
2022-09-09 15:00:00,1.563208333
2022-09-09 16:00:00,1.563222222
2022-09-09 17:00:00,1.563236111
2022-09-09 18:00:00,1.56325
2022-09-09 19:00:00,1.563263889
2022-09-09 20:00:00,1.563277778
2022-09-09 21:00:00,1.563291667
2022-09-09 22:00:00,1.563305556
2022-09-09 23:00:00,1.563319444
2022-09-10 00:00:00,1.563333333
2022-09-10 01:00:00,1.563347222
2022-09-10 02:00:00,1.563361111
2022-09-10 03:00:00,1.563375
2022-09-10 04:00:00,1.563388889
2022-09-10 05:00:00,1.563402778
2022-09-10 06:00:00,1.563416667
2022-09-10 07:00:00,1.563430556
2022-09-10 08:00:00,1.563444444
2022-09-10 09:00:00,1.563458333
2022-09-10 10:00:00,1.563472222
2022-09-10 11:00:00,1.563486111
2022-09-10 12:00:00,1.5635
2022-09-10 13:00:00,1.563513889
2022-09-10 14:00:00,1.563527778
2022-09-10 15:00:00,1.563541667
2022-09-10 16:00:00,1.563555556
2022-09-10 17:00:00,1.563569444
2022-09-10 18:00:00,1.563583333
2022-09-10 19:00:00,1.563597222
2022-09-10 20:00:00,1.563611111
2022-09-10 21:00:00,1.563625
2022-09-10 22:00:00,1.563638889
2022-09-10 23:00:00,1.563652778
2022-09-11 00:00:00,1.563666667
2022-09-11 01:00:00,1.563680556
2022-09-11 02:00:00,1.563694444
2022-09-11 03:00:00,1.563708333
2022-09-11 04:00:00,1.563722222
2022-09-11 05:00:00,1.563736111
2022-09-11 06:00:00,1.56375
2022-09-11 07:00:00,1.563763889
2022-09-11 08:00:00,1.563777778
2022-09-11 09:00:00,1.563791667
2022-09-11 10:00:00,1.563805556
2022-09-11 11:00:00,1.563819444
2022-09-11 12:00:00,1.563833333
2022-09-11 13:00:00,1.563847222
2022-09-11 14:00:00,1.563861111
2022-09-11 15:00:00,1.563875
2022-09-11 16:00:00,1.563888889
2022-09-11 17:00:00,1.563902778
2022-09-11 18:00:00,1.563916667
2022-09-11 19:00:00,1.563930556
2022-09-11 20:00:00,1.563944444
2022-09-11 21:00:00,1.563958333
2022-09-11 22:00:00,1.563972222
2022-09-11 23:00:00,1.563986111
2022-09-12 00:00:00,1.564
2022-09-12 01:00:00,1.564013889
2022-09-12 02:00:00,1.564027778
2022-09-12 03:00:00,1.564041667
2022-09-12 04:00:00,1.564055556
2022-09-12 05:00:00,1.564069444
2022-09-12 06:00:00,1.564083333
2022-09-12 07:00:00,1.564097222
2022-09-12 08:00:00,1.564111111
2022-09-12 09:00:00,1.564125
2022-09-12 10:00:00,1.564138889
2022-09-12 11:00:00,1.564152778
2022-09-12 12:00:00,1.564166667
2022-09-12 13:00:00,1.564180556
2022-09-12 14:00:00,1.564194444
2022-09-12 15:00:00,1.564208333
2022-09-12 16:00:00,1.564222222
2022-09-12 17:00:00,1.564236111
2022-09-12 18:00:00,1.56425
2022-09-12 19:00:00,1.564263889
2022-09-12 20:00:00,1.564277778
2022-09-12 21:00:00,1.564291667
2022-09-12 22:00:00,1.564305556
2022-09-12 23:00:00,1.564319444
2022-09-13 00:00:00,1.564333333
2022-09-13 01:00:00,1.564347222
2022-09-13 02:00:00,1.564361111
2022-09-13 03:00:00,1.564375
2022-09-13 04:00:00,1.564388889
2022-09-13 05:00:00,1.564402778
2022-09-13 06:00:00,1.564416667
2022-09-13 07:00:00,1.564430556
2022-09-13 08:00:00,1.564444444
2022-09-13 09:00:00,1.564458333
2022-09-13 10:00:00,1.564472222
2022-09-13 11:00:00,1.564486111
2022-09-13 12:00:00,1.5645
2022-09-13 13:00:00,1.564513889
2022-09-13 14:00:00,1.564527778
2022-09-13 15:00:00,1.564541667
2022-09-13 16:00:00,1.564555556
2022-09-13 17:00:00,1.564569444
2022-09-13 18:00:00,1.564583333
2022-09-13 19:00:00,1.564597222
2022-09-13 20:00:00,1.564611111
2022-09-13 21:00:00,1.564625
2022-09-13 22:00:00,1.564638889
2022-09-13 23:00:00,1.564652778
2022-09-14 00:00:00,1.564666667
2022-09-14 01:00:00,1.564680556
2022-09-14 02:00:00,1.564694444
2022-09-14 03:00:00,1.564708333
2022-09-14 04:00:00,1.564722222
2022-09-14 05:00:00,1.564736111
2022-09-14 06:00:00,1.56475
2022-09-14 07:00:00,1.564763889
2022-09-14 08:00:00,1.564777778
2022-09-14 09:00:00,1.564791667
2022-09-14 10:00:00,1.564805556
2022-09-14 11:00:00,1.564819444
2022-09-14 12:00:00,1.564833333
2022-09-14 13:00:00,1.564847222
2022-09-14 14:00:00,1.564861111
2022-09-14 15:00:00,1.564875
2022-09-14 16:00:00,1.564888889
2022-09-14 17:00:00,1.564902778
2022-09-14 18:00:00,1.564916667
2022-09-14 19:00:00,1.564930556
2022-09-14 20:00:00,1.564944444
2022-09-14 21:00:00,1.564958333
2022-09-14 22:00:00,1.564972222
2022-09-14 23:00:00,1.564986111
2022-09-15 00:00:00,1.565
2022-09-15 01:00:00,1.565013889
2022-09-15 02:00:00,1.565027778
2022-09-15 03:00:00,1.565041667
2022-09-15 04:00:00,1.565055556
2022-09-15 05:00:00,1.565069444
2022-09-15 06:00:00,1.565083333
2022-09-15 07:00:00,1.565097222
2022-09-15 08:00:00,1.565111111
2022-09-15 09:00:00,1.565125
2022-09-15 10:00:00,1.565138889
2022-09-15 11:00:00,1.565152778
2022-09-15 12:00:00,1.565166667
2022-09-15 13:00:00,1.565180556
2022-09-15 14:00:00,1.565194444
2022-09-15 15:00:00,1.565208333
2022-09-15 16:00:00,1.565222222
2022-09-15 17:00:00,1.565236111
2022-09-15 18:00:00,1.56525
2022-09-15 19:00:00,1.565263889
2022-09-15 20:00:00,1.565277778
2022-09-15 21:00:00,1.565291667
2022-09-15 22:00:00,1.565305556
2022-09-15 23:00:00,1.565319444
2022-09-16 00:00:00,1.565333333
2022-09-16 01:00:00,1.565347222
2022-09-16 02:00:00,1.565361111
2022-09-16 03:00:00,1.565375
2022-09-16 04:00:00,1.565388889
2022-09-16 05:00:00,1.565402778
2022-09-16 06:00:00,1.565416667
2022-09-16 07:00:00,1.565430556
2022-09-16 08:00:00,1.565444444
2022-09-16 09:00:00,1.565458333
2022-09-16 10:00:00,1.565472222
2022-09-16 11:00:00,1.565486111
2022-09-16 12:00:00,1.5655
2022-09-16 13:00:00,1.565513889
2022-09-16 14:00:00,1.565527778
2022-09-16 15:00:00,1.565541667
2022-09-16 16:00:00,1.565555556
2022-09-16 17:00:00,1.565569444
2022-09-16 18:00:00,1.565583333
2022-09-16 19:00:00,1.565597222
2022-09-16 20:00:00,1.565611111
2022-09-16 21:00:00,1.565625
2022-09-16 22:00:00,1.565638889
2022-09-16 23:00:00,1.565652778
2022-09-17 00:00:00,1.565666667
2022-09-17 01:00:00,1.565680556
2022-09-17 02:00:00,1.565694444
2022-09-17 03:00:00,1.565708333
2022-09-17 04:00:00,1.565722222
2022-09-17 05:00:00,1.565736111
2022-09-17 06:00:00,1.56575
2022-09-17 07:00:00,1.565763889
2022-09-17 08:00:00,1.565777778
2022-09-17 09:00:00,1.565791667
2022-09-17 10:00:00,1.565805556
2022-09-17 11:00:00,1.565819444
2022-09-17 12:00:00,1.565833333
2022-09-17 13:00:00,1.565847222
2022-09-17 14:00:00,1.565861111
2022-09-17 15:00:00,1.565875
2022-09-17 16:00:00,1.565888889
2022-09-17 17:00:00,1.565902778
2022-09-17 18:00:00,1.565916667
2022-09-17 19:00:00,1.565930556
2022-09-17 20:00:00,1.565944444
2022-09-17 21:00:00,1.565958333
2022-09-17 22:00:00,1.565972222
2022-09-17 23:00:00,1.565986111
2022-09-18 00:00:00,1.566
2022-09-18 01:00:00,1.566013889
2022-09-18 02:00:00,1.566027778
2022-09-18 03:00:00,1.566041667
2022-09-18 04:00:00,1.566055556
2022-09-18 05:00:00,1.566069444
2022-09-18 06:00:00,1.566083333
2022-09-18 07:00:00,1.566097222
2022-09-18 08:00:00,1.566111111
2022-09-18 09:00:00,1.566125
2022-09-18 10:00:00,1.566138889
2022-09-18 11:00:00,1.566152778
2022-09-18 12:00:00,1.566166667
2022-09-18 13:00:00,1.566180556
2022-09-18 14:00:00,1.566194444
2022-09-18 15:00:00,1.566208333
2022-09-18 16:00:00,1.566222222
2022-09-18 17:00:00,1.566236111
2022-09-18 18:00:00,1.56625
2022-09-18 19:00:00,1.566263889
2022-09-18 20:00:00,1.566277778
2022-09-18 21:00:00,1.566291667
2022-09-18 22:00:00,1.566305556
2022-09-18 23:00:00,1.566319444
2022-09-19 00:00:00,1.566333333
2022-09-19 01:00:00,1.566347222
2022-09-19 02:00:00,1.566361111
2022-09-19 03:00:00,1.566375
2022-09-19 04:00:00,1.566388889
2022-09-19 05:00:00,1.566402778
2022-09-19 06:00:00,1.566416667
2022-09-19 07:00:00,1.566430556
2022-09-19 08:00:00,1.566444444
2022-09-19 09:00:00,1.566458333
2022-09-19 10:00:00,1.566472222
2022-09-19 11:00:00,1.566486111
2022-09-19 12:00:00,1.5665
2022-09-19 13:00:00,1.566513889
2022-09-19 14:00:00,1.566527778
2022-09-19 15:00:00,1.566541667
2022-09-19 16:00:00,1.566555556
2022-09-19 17:00:00,1.566569444
2022-09-19 18:00:00,1.566583333
2022-09-19 19:00:00,1.566597222
2022-09-19 20:00:00,1.566611111
2022-09-19 21:00:00,1.566625
2022-09-19 22:00:00,1.566638889
2022-09-19 23:00:00,1.566652778
2022-09-20 00:00:00,1.566666667
2022-09-20 01:00:00,1.566680556
2022-09-20 02:00:00,1.566694444
2022-09-20 03:00:00,1.566708333
2022-09-20 04:00:00,1.566722222
2022-09-20 05:00:00,1.566736111
2022-09-20 06:00:00,1.56675
2022-09-20 07:00:00,1.566763889
2022-09-20 08:00:00,1.566777778
2022-09-20 09:00:00,1.566791667
2022-09-20 10:00:00,1.566805556
2022-09-20 11:00:00,1.566819444
2022-09-20 12:00:00,1.566833333
2022-09-20 13:00:00,1.566847222
2022-09-20 14:00:00,1.566861111
2022-09-20 15:00:00,1.566875
2022-09-20 16:00:00,1.566888889
2022-09-20 17:00:00,1.566902778
2022-09-20 18:00:00,1.566916667
2022-09-20 19:00:00,1.566930556
2022-09-20 20:00:00,1.566944444
2022-09-20 21:00:00,1.566958333
2022-09-20 22:00:00,1.566972222
2022-09-20 23:00:00,1.566986111
2022-09-21 00:00:00,1.567
2022-09-21 01:00:00,1.567013889
2022-09-21 02:00:00,1.567027778
2022-09-21 03:00:00,1.567041667
2022-09-21 04:00:00,1.567055556
2022-09-21 05:00:00,1.567069444
2022-09-21 06:00:00,1.567083333
2022-09-21 07:00:00,1.567097222
2022-09-21 08:00:00,1.567111111
2022-09-21 09:00:00,1.567125
2022-09-21 10:00:00,1.567138889
2022-09-21 11:00:00,1.567152778
2022-09-21 12:00:00,1.567166667
2022-09-21 13:00:00,1.567180556
2022-09-21 14:00:00,1.567194444
2022-09-21 15:00:00,1.567208333
2022-09-21 16:00:00,1.567222222
2022-09-21 17:00:00,1.567236111
2022-09-21 18:00:00,1.56725
2022-09-21 19:00:00,1.567263889
2022-09-21 20:00:00,1.567277778
2022-09-21 21:00:00,1.567291667
2022-09-21 22:00:00,1.567305556
2022-09-21 23:00:00,1.567319444
2022-09-22 00:00:00,1.567333333
2022-09-22 01:00:00,1.567347222
2022-09-22 02:00:00,1.567361111
2022-09-22 03:00:00,1.567375
2022-09-22 04:00:00,1.567388889
2022-09-22 05:00:00,1.567402778
2022-09-22 06:00:00,1.567416667
2022-09-22 07:00:00,1.567430556
2022-09-22 08:00:00,1.567444444
2022-09-22 09:00:00,1.567458333
2022-09-22 10:00:00,1.567472222
2022-09-22 11:00:00,1.567486111
2022-09-22 12:00:00,1.5675
2022-09-22 13:00:00,1.567513889
2022-09-22 14:00:00,1.567527778
2022-09-22 15:00:00,1.567541667
2022-09-22 16:00:00,1.567555556
2022-09-22 17:00:00,1.567569444
2022-09-22 18:00:00,1.567583333
2022-09-22 19:00:00,1.567597222
2022-09-22 20:00:00,1.567611111
2022-09-22 21:00:00,1.567625
2022-09-22 22:00:00,1.567638889
2022-09-22 23:00:00,1.567652778
2022-09-23 00:00:00,1.567666667
2022-09-23 01:00:00,1.567680556
2022-09-23 02:00:00,1.567694444
2022-09-23 03:00:00,1.567708333
2022-09-23 04:00:00,1.567722222
2022-09-23 05:00:00,1.567736111
2022-09-23 06:00:00,1.56775
2022-09-23 07:00:00,1.567763889
2022-09-23 08:00:00,1.567777778
2022-09-23 09:00:00,1.567791667
2022-09-23 10:00:00,1.567805556
2022-09-23 11:00:00,1.567819444
2022-09-23 12:00:00,1.567833333
2022-09-23 13:00:00,1.567847222
2022-09-23 14:00:00,1.567861111
2022-09-23 15:00:00,1.567875
2022-09-23 16:00:00,1.567888889
2022-09-23 17:00:00,1.567902778
2022-09-23 18:00:00,1.567916667
2022-09-23 19:00:00,1.567930556
2022-09-23 20:00:00,1.567944444
2022-09-23 21:00:00,1.567958333
2022-09-23 22:00:00,1.567972222
2022-09-23 23:00:00,1.567986111
2022-09-24 00:00:00,1.568
2022-09-24 01:00:00,1.568013889
2022-09-24 02:00:00,1.568027778
2022-09-24 03:00:00,1.568041667
2022-09-24 04:00:00,1.568055556
2022-09-24 05:00:00,1.568069444
2022-09-24 06:00:00,1.568083333
2022-09-24 07:00:00,1.568097222
2022-09-24 08:00:00,1.568111111
2022-09-24 09:00:00,1.568125
2022-09-24 10:00:00,1.568138889
2022-09-24 11:00:00,1.568152778
2022-09-24 12:00:00,1.568166667
2022-09-24 13:00:00,1.568180556
2022-09-24 14:00:00,1.568194444
2022-09-24 15:00:00,1.568208333
2022-09-24 16:00:00,1.568222222
2022-09-24 17:00:00,1.568236111
2022-09-24 18:00:00,1.56825
2022-09-24 19:00:00,1.568263889
2022-09-24 20:00:00,1.568277778
2022-09-24 21:00:00,1.568291667
2022-09-24 22:00:00,1.568305556
2022-09-24 23:00:00,1.568319444
2022-09-25 00:00:00,1.568333333
2022-09-25 01:00:00,1.568347222
2022-09-25 02:00:00,1.568361111
2022-09-25 03:00:00,1.568375
2022-09-25 04:00:00,1.568388889
2022-09-25 05:00:00,1.568402778
2022-09-25 06:00:00,1.568416667
2022-09-25 07:00:00,1.568430556
2022-09-25 08:00:00,1.568444444
2022-09-25 09:00:00,1.568458333
2022-09-25 10:00:00,1.568472222
2022-09-25 11:00:00,1.568486111
2022-09-25 12:00:00,1.5685
2022-09-25 13:00:00,1.568513889
2022-09-25 14:00:00,1.568527778
2022-09-25 15:00:00,1.568541667
2022-09-25 16:00:00,1.568555556
2022-09-25 17:00:00,1.568569444
2022-09-25 18:00:00,1.568583333
2022-09-25 19:00:00,1.568597222
2022-09-25 20:00:00,1.568611111
2022-09-25 21:00:00,1.568625
2022-09-25 22:00:00,1.568638889
2022-09-25 23:00:00,1.568652778
2022-09-26 00:00:00,1.568666667
2022-09-26 01:00:00,1.568680556
2022-09-26 02:00:00,1.568694444
2022-09-26 03:00:00,1.568708333
2022-09-26 04:00:00,1.568722222
2022-09-26 05:00:00,1.568736111
2022-09-26 06:00:00,1.56875
2022-09-26 07:00:00,1.568763889
2022-09-26 08:00:00,1.568777778
2022-09-26 09:00:00,1.568791667
2022-09-26 10:00:00,1.568805556
2022-09-26 11:00:00,1.568819444
2022-09-26 12:00:00,1.568833333
2022-09-26 13:00:00,1.568847222
2022-09-26 14:00:00,1.568861111
2022-09-26 15:00:00,1.568875
2022-09-26 16:00:00,1.568888889
2022-09-26 17:00:00,1.568902778
2022-09-26 18:00:00,1.568916667
2022-09-26 19:00:00,1.568930556
2022-09-26 20:00:00,1.568944444
2022-09-26 21:00:00,1.568958333
2022-09-26 22:00:00,1.568972222
2022-09-26 23:00:00,1.568986111
2022-09-27 00:00:00,1.569
2022-09-27 01:00:00,1.569013889
2022-09-27 02:00:00,1.569027778
2022-09-27 03:00:00,1.569041667
2022-09-27 04:00:00,1.569055556
2022-09-27 05:00:00,1.569069444
2022-09-27 06:00:00,1.569083333
2022-09-27 07:00:00,1.569097222
2022-09-27 08:00:00,1.569111111
2022-09-27 09:00:00,1.569125
2022-09-27 10:00:00,1.569138889
2022-09-27 11:00:00,1.569152778
2022-09-27 12:00:00,1.569166667
2022-09-27 13:00:00,1.569180556
2022-09-27 14:00:00,1.569194444
2022-09-27 15:00:00,1.569208333
2022-09-27 16:00:00,1.569222222
2022-09-27 17:00:00,1.569236111
2022-09-27 18:00:00,1.56925
2022-09-27 19:00:00,1.569263889
2022-09-27 20:00:00,1.569277778
2022-09-27 21:00:00,1.569291667
2022-09-27 22:00:00,1.569305556
2022-09-27 23:00:00,1.569319444
2022-09-28 00:00:00,1.569333333
2022-09-28 01:00:00,1.569347222
2022-09-28 02:00:00,1.569361111
2022-09-28 03:00:00,1.569375
2022-09-28 04:00:00,1.569388889
2022-09-28 05:00:00,1.569402778
2022-09-28 06:00:00,1.569416667
2022-09-28 07:00:00,1.569430556
2022-09-28 08:00:00,1.569444444
2022-09-28 09:00:00,1.569458333
2022-09-28 10:00:00,1.569472222
2022-09-28 11:00:00,1.569486111
2022-09-28 12:00:00,1.5695
2022-09-28 13:00:00,1.569513889
2022-09-28 14:00:00,1.569527778
2022-09-28 15:00:00,1.569541667
2022-09-28 16:00:00,1.569555556
2022-09-28 17:00:00,1.569569444
2022-09-28 18:00:00,1.569583333
2022-09-28 19:00:00,1.569597222
2022-09-28 20:00:00,1.569611111
2022-09-28 21:00:00,1.569625
2022-09-28 22:00:00,1.569638889
2022-09-28 23:00:00,1.569652778
2022-09-29 00:00:00,1.569666667
2022-09-29 01:00:00,1.569680556
2022-09-29 02:00:00,1.569694444
2022-09-29 03:00:00,1.569708333
2022-09-29 04:00:00,1.569722222
2022-09-29 05:00:00,1.569736111
2022-09-29 06:00:00,1.56975
2022-09-29 07:00:00,1.569763889
2022-09-29 08:00:00,1.569777778
2022-09-29 09:00:00,1.569791667
2022-09-29 10:00:00,1.569805556
2022-09-29 11:00:00,1.569819444
2022-09-29 12:00:00,1.569833333
2022-09-29 13:00:00,1.569847222
2022-09-29 14:00:00,1.569861111
2022-09-29 15:00:00,1.569875
2022-09-29 16:00:00,1.569888889
2022-09-29 17:00:00,1.569902778
2022-09-29 18:00:00,1.569916667
2022-09-29 19:00:00,1.569930556
2022-09-29 20:00:00,1.569944444
2022-09-29 21:00:00,1.569958333
2022-09-29 22:00:00,1.569972222
2022-09-29 23:00:00,1.569986111
2022-09-30 00:00:00,1.57
2022-09-30 01:00:00,1.570013441
2022-09-30 02:00:00,1.570026882
2022-09-30 03:00:00,1.570040323
2022-09-30 04:00:00,1.570053763
2022-09-30 05:00:00,1.570067204
2022-09-30 06:00:00,1.570080645
2022-09-30 07:00:00,1.570094086
2022-09-30 08:00:00,1.570107527
2022-09-30 09:00:00,1.570120968
2022-09-30 10:00:00,1.570134409
2022-09-30 11:00:00,1.570147849
2022-09-30 12:00:00,1.57016129
2022-09-30 13:00:00,1.570174731
2022-09-30 14:00:00,1.570188172
2022-09-30 15:00:00,1.570201613
2022-09-30 16:00:00,1.570215054
2022-09-30 17:00:00,1.570228495
2022-09-30 18:00:00,1.570241935
2022-09-30 19:00:00,1.570255376
2022-09-30 20:00:00,1.570268817
2022-09-30 21:00:00,1.570282258
2022-09-30 22:00:00,1.570295699
2022-09-30 23:00:00,1.57030914
2022-10-01 00:00:00,1.570322581
2022-10-01 01:00:00,1.570336022
2022-10-01 02:00:00,1.570349462
2022-10-01 03:00:00,1.570362903
2022-10-01 04:00:00,1.570376344
2022-10-01 05:00:00,1.570389785
2022-10-01 06:00:00,1.570403226
2022-10-01 07:00:00,1.570416667
2022-10-01 08:00:00,1.570430108
2022-10-01 09:00:00,1.570443548
2022-10-01 10:00:00,1.570456989
2022-10-01 11:00:00,1.57047043
2022-10-01 12:00:00,1.570483871
2022-10-01 13:00:00,1.570497312
2022-10-01 14:00:00,1.570510753
2022-10-01 15:00:00,1.570524194
2022-10-01 16:00:00,1.570537634
2022-10-01 17:00:00,1.570551075
2022-10-01 18:00:00,1.570564516
2022-10-01 19:00:00,1.570577957
2022-10-01 20:00:00,1.570591398
2022-10-01 21:00:00,1.570604839
2022-10-01 22:00:00,1.57061828
2022-10-01 23:00:00,1.57063172
2022-10-02 00:00:00,1.570645161
2022-10-02 01:00:00,1.570658602
2022-10-02 02:00:00,1.570672043
2022-10-02 03:00:00,1.570685484
2022-10-02 04:00:00,1.570698925
2022-10-02 05:00:00,1.570712366
2022-10-02 06:00:00,1.570725806
2022-10-02 07:00:00,1.570739247
2022-10-02 08:00:00,1.570752688
2022-10-02 09:00:00,1.570766129
2022-10-02 10:00:00,1.57077957
2022-10-02 11:00:00,1.570793011
2022-10-02 12:00:00,1.570806452
2022-10-02 13:00:00,1.570819892
2022-10-02 14:00:00,1.570833333
2022-10-02 15:00:00,1.570846774
2022-10-02 16:00:00,1.570860215
2022-10-02 17:00:00,1.570873656
2022-10-02 18:00:00,1.570887097
2022-10-02 19:00:00,1.570900538
2022-10-02 20:00:00,1.570913978
2022-10-02 21:00:00,1.570927419
2022-10-02 22:00:00,1.57094086
2022-10-02 23:00:00,1.570954301
2022-10-03 00:00:00,1.570967742
2022-10-03 01:00:00,1.570981183
2022-10-03 02:00:00,1.570994624
2022-10-03 03:00:00,1.571008065
2022-10-03 04:00:00,1.571021505
2022-10-03 05:00:00,1.571034946
2022-10-03 06:00:00,1.571048387
2022-10-03 07:00:00,1.571061828
2022-10-03 08:00:00,1.571075269
2022-10-03 09:00:00,1.57108871
2022-10-03 10:00:00,1.571102151
2022-10-03 11:00:00,1.571115591
2022-10-03 12:00:00,1.571129032
2022-10-03 13:00:00,1.571142473
2022-10-03 14:00:00,1.571155914
2022-10-03 15:00:00,1.571169355
2022-10-03 16:00:00,1.571182796
2022-10-03 17:00:00,1.571196237
2022-10-03 18:00:00,1.571209677
2022-10-03 19:00:00,1.571223118
2022-10-03 20:00:00,1.571236559
2022-10-03 21:00:00,1.57125
2022-10-03 22:00:00,1.571263441
2022-10-03 23:00:00,1.571276882
2022-10-04 00:00:00,1.571290323
2022-10-04 01:00:00,1.571303763
2022-10-04 02:00:00,1.571317204
2022-10-04 03:00:00,1.571330645
2022-10-04 04:00:00,1.571344086
2022-10-04 05:00:00,1.571357527
2022-10-04 06:00:00,1.571370968
2022-10-04 07:00:00,1.571384409
2022-10-04 08:00:00,1.571397849
2022-10-04 09:00:00,1.57141129
2022-10-04 10:00:00,1.571424731
2022-10-04 11:00:00,1.571438172
2022-10-04 12:00:00,1.571451613
2022-10-04 13:00:00,1.571465054
2022-10-04 14:00:00,1.571478495
2022-10-04 15:00:00,1.571491935
2022-10-04 16:00:00,1.571505376
2022-10-04 17:00:00,1.571518817
2022-10-04 18:00:00,1.571532258
2022-10-04 19:00:00,1.571545699
2022-10-04 20:00:00,1.57155914
2022-10-04 21:00:00,1.571572581
2022-10-04 22:00:00,1.571586022
2022-10-04 23:00:00,1.571599462
2022-10-05 00:00:00,1.571612903
2022-10-05 01:00:00,1.571626344
2022-10-05 02:00:00,1.571639785
2022-10-05 03:00:00,1.571653226
2022-10-05 04:00:00,1.571666667
2022-10-05 05:00:00,1.571680108
2022-10-05 06:00:00,1.571693548
2022-10-05 07:00:00,1.571706989
2022-10-05 08:00:00,1.57172043
2022-10-05 09:00:00,1.571733871
2022-10-05 10:00:00,1.571747312
2022-10-05 11:00:00,1.571760753
2022-10-05 12:00:00,1.571774194
2022-10-05 13:00:00,1.571787634
2022-10-05 14:00:00,1.571801075
2022-10-05 15:00:00,1.571814516
2022-10-05 16:00:00,1.571827957
2022-10-05 17:00:00,1.571841398
2022-10-05 18:00:00,1.571854839
2022-10-05 19:00:00,1.57186828
2022-10-05 20:00:00,1.57188172
2022-10-05 21:00:00,1.571895161
2022-10-05 22:00:00,1.571908602
2022-10-05 23:00:00,1.571922043
2022-10-06 00:00:00,1.571935484
2022-10-06 01:00:00,1.571948925
2022-10-06 02:00:00,1.571962366
2022-10-06 03:00:00,1.571975806
2022-10-06 04:00:00,1.571989247
2022-10-06 05:00:00,1.572002688
2022-10-06 06:00:00,1.572016129
2022-10-06 07:00:00,1.57202957
2022-10-06 08:00:00,1.572043011
2022-10-06 09:00:00,1.572056452
2022-10-06 10:00:00,1.572069892
2022-10-06 11:00:00,1.572083333
2022-10-06 12:00:00,1.572096774
2022-10-06 13:00:00,1.572110215
2022-10-06 14:00:00,1.572123656
2022-10-06 15:00:00,1.572137097
2022-10-06 16:00:00,1.572150538
2022-10-06 17:00:00,1.572163978
2022-10-06 18:00:00,1.572177419
2022-10-06 19:00:00,1.57219086
2022-10-06 20:00:00,1.572204301
2022-10-06 21:00:00,1.572217742
2022-10-06 22:00:00,1.572231183
2022-10-06 23:00:00,1.572244624
2022-10-07 00:00:00,1.572258065
2022-10-07 01:00:00,1.572271505
2022-10-07 02:00:00,1.572284946
2022-10-07 03:00:00,1.572298387
2022-10-07 04:00:00,1.572311828
2022-10-07 05:00:00,1.572325269
2022-10-07 06:00:00,1.57233871
2022-10-07 07:00:00,1.572352151
2022-10-07 08:00:00,1.572365591
2022-10-07 09:00:00,1.572379032
2022-10-07 10:00:00,1.572392473
2022-10-07 11:00:00,1.572405914
2022-10-07 12:00:00,1.572419355
2022-10-07 13:00:00,1.572432796
2022-10-07 14:00:00,1.572446237
2022-10-07 15:00:00,1.572459677
2022-10-07 16:00:00,1.572473118
2022-10-07 17:00:00,1.572486559
2022-10-07 18:00:00,1.5725
2022-10-07 19:00:00,1.572513441
2022-10-07 20:00:00,1.572526882
2022-10-07 21:00:00,1.572540323
2022-10-07 22:00:00,1.572553763
2022-10-07 23:00:00,1.572567204
2022-10-08 00:00:00,1.572580645
2022-10-08 01:00:00,1.572594086
2022-10-08 02:00:00,1.572607527
2022-10-08 03:00:00,1.572620968
2022-10-08 04:00:00,1.572634409
2022-10-08 05:00:00,1.572647849
2022-10-08 06:00:00,1.57266129
2022-10-08 07:00:00,1.572674731
2022-10-08 08:00:00,1.572688172
2022-10-08 09:00:00,1.572701613
2022-10-08 10:00:00,1.572715054
2022-10-08 11:00:00,1.572728495
2022-10-08 12:00:00,1.572741935
2022-10-08 13:00:00,1.572755376
2022-10-08 14:00:00,1.572768817
2022-10-08 15:00:00,1.572782258
2022-10-08 16:00:00,1.572795699
2022-10-08 17:00:00,1.57280914
2022-10-08 18:00:00,1.572822581
2022-10-08 19:00:00,1.572836022
2022-10-08 20:00:00,1.572849462
2022-10-08 21:00:00,1.572862903
2022-10-08 22:00:00,1.572876344
2022-10-08 23:00:00,1.572889785
2022-10-09 00:00:00,1.572903226
2022-10-09 01:00:00,1.572916667
2022-10-09 02:00:00,1.572930108
2022-10-09 03:00:00,1.572943548
2022-10-09 04:00:00,1.572956989
2022-10-09 05:00:00,1.57297043
2022-10-09 06:00:00,1.572983871
2022-10-09 07:00:00,1.572997312
2022-10-09 08:00:00,1.573010753
2022-10-09 09:00:00,1.573024194
2022-10-09 10:00:00,1.573037634
2022-10-09 11:00:00,1.573051075
2022-10-09 12:00:00,1.573064516
2022-10-09 13:00:00,1.573077957
2022-10-09 14:00:00,1.573091398
2022-10-09 15:00:00,1.573104839
2022-10-09 16:00:00,1.57311828
2022-10-09 17:00:00,1.57313172
2022-10-09 18:00:00,1.573145161
2022-10-09 19:00:00,1.573158602
2022-10-09 20:00:00,1.573172043
2022-10-09 21:00:00,1.573185484
2022-10-09 22:00:00,1.573198925
2022-10-09 23:00:00,1.573212366
2022-10-10 00:00:00,1.573225806
2022-10-10 01:00:00,1.573239247
2022-10-10 02:00:00,1.573252688
2022-10-10 03:00:00,1.573266129
2022-10-10 04:00:00,1.57327957
2022-10-10 05:00:00,1.573293011
2022-10-10 06:00:00,1.573306452
2022-10-10 07:00:00,1.573319892
2022-10-10 08:00:00,1.573333333
2022-10-10 09:00:00,1.573346774
2022-10-10 10:00:00,1.573360215
2022-10-10 11:00:00,1.573373656
2022-10-10 12:00:00,1.573387097
2022-10-10 13:00:00,1.573400538
2022-10-10 14:00:00,1.573413978
2022-10-10 15:00:00,1.573427419
2022-10-10 16:00:00,1.57344086
2022-10-10 17:00:00,1.573454301
2022-10-10 18:00:00,1.573467742
2022-10-10 19:00:00,1.573481183
2022-10-10 20:00:00,1.573494624
2022-10-10 21:00:00,1.573508065
2022-10-10 22:00:00,1.573521505
2022-10-10 23:00:00,1.573534946
2022-10-11 00:00:00,1.573548387
2022-10-11 01:00:00,1.573561828
2022-10-11 02:00:00,1.573575269
2022-10-11 03:00:00,1.57358871
2022-10-11 04:00:00,1.573602151
2022-10-11 05:00:00,1.573615591
2022-10-11 06:00:00,1.573629032
2022-10-11 07:00:00,1.573642473
2022-10-11 08:00:00,1.573655914
2022-10-11 09:00:00,1.573669355
2022-10-11 10:00:00,1.573682796
2022-10-11 11:00:00,1.573696237
2022-10-11 12:00:00,1.573709677
2022-10-11 13:00:00,1.573723118
2022-10-11 14:00:00,1.573736559
2022-10-11 15:00:00,1.57375
2022-10-11 16:00:00,1.573763441
2022-10-11 17:00:00,1.573776882
2022-10-11 18:00:00,1.573790323
2022-10-11 19:00:00,1.573803763
2022-10-11 20:00:00,1.573817204
2022-10-11 21:00:00,1.573830645
2022-10-11 22:00:00,1.573844086
2022-10-11 23:00:00,1.573857527
2022-10-12 00:00:00,1.573870968
2022-10-12 01:00:00,1.573884409
2022-10-12 02:00:00,1.573897849
2022-10-12 03:00:00,1.57391129
2022-10-12 04:00:00,1.573924731
2022-10-12 05:00:00,1.573938172
2022-10-12 06:00:00,1.573951613
2022-10-12 07:00:00,1.573965054
2022-10-12 08:00:00,1.573978495
2022-10-12 09:00:00,1.573991935
2022-10-12 10:00:00,1.574005376
2022-10-12 11:00:00,1.574018817
2022-10-12 12:00:00,1.574032258
2022-10-12 13:00:00,1.574045699
2022-10-12 14:00:00,1.57405914
2022-10-12 15:00:00,1.574072581
2022-10-12 16:00:00,1.574086022
2022-10-12 17:00:00,1.574099462
2022-10-12 18:00:00,1.574112903
2022-10-12 19:00:00,1.574126344
2022-10-12 20:00:00,1.574139785
2022-10-12 21:00:00,1.574153226
2022-10-12 22:00:00,1.574166667
2022-10-12 23:00:00,1.574180108
2022-10-13 00:00:00,1.574193548
2022-10-13 01:00:00,1.574206989
2022-10-13 02:00:00,1.57422043
2022-10-13 03:00:00,1.574233871
2022-10-13 04:00:00,1.574247312
2022-10-13 05:00:00,1.574260753
2022-10-13 06:00:00,1.574274194
2022-10-13 07:00:00,1.574287634
2022-10-13 08:00:00,1.574301075
2022-10-13 09:00:00,1.574314516
2022-10-13 10:00:00,1.574327957
2022-10-13 11:00:00,1.574341398
2022-10-13 12:00:00,1.574354839
2022-10-13 13:00:00,1.57436828
2022-10-13 14:00:00,1.57438172
2022-10-13 15:00:00,1.574395161
2022-10-13 16:00:00,1.574408602
2022-10-13 17:00:00,1.574422043
2022-10-13 18:00:00,1.574435484
2022-10-13 19:00:00,1.574448925
2022-10-13 20:00:00,1.574462366
2022-10-13 21:00:00,1.574475806
2022-10-13 22:00:00,1.574489247
2022-10-13 23:00:00,1.574502688
2022-10-14 00:00:00,1.574516129
2022-10-14 01:00:00,1.57452957
2022-10-14 02:00:00,1.574543011
2022-10-14 03:00:00,1.574556452
2022-10-14 04:00:00,1.574569892
2022-10-14 05:00:00,1.574583333
2022-10-14 06:00:00,1.574596774
2022-10-14 07:00:00,1.574610215
2022-10-14 08:00:00,1.574623656
2022-10-14 09:00:00,1.574637097
2022-10-14 10:00:00,1.574650538
2022-10-14 11:00:00,1.574663978
2022-10-14 12:00:00,1.574677419
2022-10-14 13:00:00,1.57469086
2022-10-14 14:00:00,1.574704301
2022-10-14 15:00:00,1.574717742
2022-10-14 16:00:00,1.574731183
2022-10-14 17:00:00,1.574744624
2022-10-14 18:00:00,1.574758065
2022-10-14 19:00:00,1.574771505
2022-10-14 20:00:00,1.574784946
2022-10-14 21:00:00,1.574798387
2022-10-14 22:00:00,1.574811828
2022-10-14 23:00:00,1.574825269
2022-10-15 00:00:00,1.57483871
2022-10-15 01:00:00,1.574852151
2022-10-15 02:00:00,1.574865591
2022-10-15 03:00:00,1.574879032
2022-10-15 04:00:00,1.574892473
2022-10-15 05:00:00,1.574905914
2022-10-15 06:00:00,1.574919355
2022-10-15 07:00:00,1.574932796
2022-10-15 08:00:00,1.574946237
2022-10-15 09:00:00,1.574959677
2022-10-15 10:00:00,1.574973118
2022-10-15 11:00:00,1.574986559
2022-10-15 12:00:00,1.575
2022-10-15 13:00:00,1.575013441
2022-10-15 14:00:00,1.575026882
2022-10-15 15:00:00,1.575040323
2022-10-15 16:00:00,1.575053763
2022-10-15 17:00:00,1.575067204
2022-10-15 18:00:00,1.575080645
2022-10-15 19:00:00,1.575094086
2022-10-15 20:00:00,1.575107527
2022-10-15 21:00:00,1.575120968
2022-10-15 22:00:00,1.575134409
2022-10-15 23:00:00,1.575147849
2022-10-16 00:00:00,1.57516129
2022-10-16 01:00:00,1.575174731
2022-10-16 02:00:00,1.575188172
2022-10-16 03:00:00,1.575201613
2022-10-16 04:00:00,1.575215054
2022-10-16 05:00:00,1.575228495
2022-10-16 06:00:00,1.575241935
2022-10-16 07:00:00,1.575255376
2022-10-16 08:00:00,1.575268817
2022-10-16 09:00:00,1.575282258
2022-10-16 10:00:00,1.575295699
2022-10-16 11:00:00,1.57530914
2022-10-16 12:00:00,1.575322581
2022-10-16 13:00:00,1.575336022
2022-10-16 14:00:00,1.575349462
2022-10-16 15:00:00,1.575362903
2022-10-16 16:00:00,1.575376344
2022-10-16 17:00:00,1.575389785
2022-10-16 18:00:00,1.575403226
2022-10-16 19:00:00,1.575416667
2022-10-16 20:00:00,1.575430108
2022-10-16 21:00:00,1.575443548
2022-10-16 22:00:00,1.575456989
2022-10-16 23:00:00,1.57547043
2022-10-17 00:00:00,1.575483871
2022-10-17 01:00:00,1.575497312
2022-10-17 02:00:00,1.575510753
2022-10-17 03:00:00,1.575524194
2022-10-17 04:00:00,1.575537634
2022-10-17 05:00:00,1.575551075
2022-10-17 06:00:00,1.575564516
2022-10-17 07:00:00,1.575577957
2022-10-17 08:00:00,1.575591398
2022-10-17 09:00:00,1.575604839
2022-10-17 10:00:00,1.57561828
2022-10-17 11:00:00,1.57563172
2022-10-17 12:00:00,1.575645161
2022-10-17 13:00:00,1.575658602
2022-10-17 14:00:00,1.575672043
2022-10-17 15:00:00,1.575685484
2022-10-17 16:00:00,1.575698925
2022-10-17 17:00:00,1.575712366
2022-10-17 18:00:00,1.575725806
2022-10-17 19:00:00,1.575739247
2022-10-17 20:00:00,1.575752688
2022-10-17 21:00:00,1.575766129
2022-10-17 22:00:00,1.57577957
2022-10-17 23:00:00,1.575793011
2022-10-18 00:00:00,1.575806452
2022-10-18 01:00:00,1.575819892
2022-10-18 02:00:00,1.575833333
2022-10-18 03:00:00,1.575846774
2022-10-18 04:00:00,1.575860215
2022-10-18 05:00:00,1.575873656
2022-10-18 06:00:00,1.575887097
2022-10-18 07:00:00,1.575900538
2022-10-18 08:00:00,1.575913978
2022-10-18 09:00:00,1.575927419
2022-10-18 10:00:00,1.57594086
2022-10-18 11:00:00,1.575954301
2022-10-18 12:00:00,1.575967742
2022-10-18 13:00:00,1.575981183
2022-10-18 14:00:00,1.575994624
2022-10-18 15:00:00,1.576008065
2022-10-18 16:00:00,1.576021505
2022-10-18 17:00:00,1.576034946
2022-10-18 18:00:00,1.576048387
2022-10-18 19:00:00,1.576061828
2022-10-18 20:00:00,1.576075269
2022-10-18 21:00:00,1.57608871
2022-10-18 22:00:00,1.576102151
2022-10-18 23:00:00,1.576115591
2022-10-19 00:00:00,1.576129032
2022-10-19 01:00:00,1.576142473
2022-10-19 02:00:00,1.576155914
2022-10-19 03:00:00,1.576169355
2022-10-19 04:00:00,1.576182796
2022-10-19 05:00:00,1.576196237
2022-10-19 06:00:00,1.576209677
2022-10-19 07:00:00,1.576223118
2022-10-19 08:00:00,1.576236559
2022-10-19 09:00:00,1.57625
2022-10-19 10:00:00,1.576263441
2022-10-19 11:00:00,1.576276882
2022-10-19 12:00:00,1.576290323
2022-10-19 13:00:00,1.576303763
2022-10-19 14:00:00,1.576317204
2022-10-19 15:00:00,1.576330645
2022-10-19 16:00:00,1.576344086
2022-10-19 17:00:00,1.576357527
2022-10-19 18:00:00,1.576370968
2022-10-19 19:00:00,1.576384409
2022-10-19 20:00:00,1.576397849
2022-10-19 21:00:00,1.57641129
2022-10-19 22:00:00,1.576424731
2022-10-19 23:00:00,1.576438172
2022-10-20 00:00:00,1.576451613
2022-10-20 01:00:00,1.576465054
2022-10-20 02:00:00,1.576478495
2022-10-20 03:00:00,1.576491935
2022-10-20 04:00:00,1.576505376
2022-10-20 05:00:00,1.576518817
2022-10-20 06:00:00,1.576532258
2022-10-20 07:00:00,1.576545699
2022-10-20 08:00:00,1.57655914
2022-10-20 09:00:00,1.576572581
2022-10-20 10:00:00,1.576586022
2022-10-20 11:00:00,1.576599462
2022-10-20 12:00:00,1.576612903
2022-10-20 13:00:00,1.576626344
2022-10-20 14:00:00,1.576639785
2022-10-20 15:00:00,1.576653226
2022-10-20 16:00:00,1.576666667
2022-10-20 17:00:00,1.576680108
2022-10-20 18:00:00,1.576693548
2022-10-20 19:00:00,1.576706989
2022-10-20 20:00:00,1.57672043
2022-10-20 21:00:00,1.576733871
2022-10-20 22:00:00,1.576747312
2022-10-20 23:00:00,1.576760753
2022-10-21 00:00:00,1.576774194
2022-10-21 01:00:00,1.576787634
2022-10-21 02:00:00,1.576801075
2022-10-21 03:00:00,1.576814516
2022-10-21 04:00:00,1.576827957
2022-10-21 05:00:00,1.576841398
2022-10-21 06:00:00,1.576854839
2022-10-21 07:00:00,1.57686828
2022-10-21 08:00:00,1.57688172
2022-10-21 09:00:00,1.576895161
2022-10-21 10:00:00,1.576908602
2022-10-21 11:00:00,1.576922043
2022-10-21 12:00:00,1.576935484
2022-10-21 13:00:00,1.576948925
2022-10-21 14:00:00,1.576962366
2022-10-21 15:00:00,1.576975806
2022-10-21 16:00:00,1.576989247
2022-10-21 17:00:00,1.577002688
2022-10-21 18:00:00,1.577016129
2022-10-21 19:00:00,1.57702957
2022-10-21 20:00:00,1.577043011
2022-10-21 21:00:00,1.577056452
2022-10-21 22:00:00,1.577069892
2022-10-21 23:00:00,1.577083333
2022-10-22 00:00:00,1.577096774
2022-10-22 01:00:00,1.577110215
2022-10-22 02:00:00,1.577123656
2022-10-22 03:00:00,1.577137097
2022-10-22 04:00:00,1.577150538
2022-10-22 05:00:00,1.577163978
2022-10-22 06:00:00,1.577177419
2022-10-22 07:00:00,1.57719086
2022-10-22 08:00:00,1.577204301
2022-10-22 09:00:00,1.577217742
2022-10-22 10:00:00,1.577231183
2022-10-22 11:00:00,1.577244624
2022-10-22 12:00:00,1.577258065
2022-10-22 13:00:00,1.577271505
2022-10-22 14:00:00,1.577284946
2022-10-22 15:00:00,1.577298387
2022-10-22 16:00:00,1.577311828
2022-10-22 17:00:00,1.577325269
2022-10-22 18:00:00,1.57733871
2022-10-22 19:00:00,1.577352151
2022-10-22 20:00:00,1.577365591
2022-10-22 21:00:00,1.577379032
2022-10-22 22:00:00,1.577392473
2022-10-22 23:00:00,1.577405914
2022-10-23 00:00:00,1.577419355
2022-10-23 01:00:00,1.577432796
2022-10-23 02:00:00,1.577446237
2022-10-23 03:00:00,1.577459677
2022-10-23 04:00:00,1.577473118
2022-10-23 05:00:00,1.577486559
2022-10-23 06:00:00,1.5775
2022-10-23 07:00:00,1.577513441
2022-10-23 08:00:00,1.577526882
2022-10-23 09:00:00,1.577540323
2022-10-23 10:00:00,1.577553763
2022-10-23 11:00:00,1.577567204
2022-10-23 12:00:00,1.577580645
2022-10-23 13:00:00,1.577594086
2022-10-23 14:00:00,1.577607527
2022-10-23 15:00:00,1.577620968
2022-10-23 16:00:00,1.577634409
2022-10-23 17:00:00,1.577647849
2022-10-23 18:00:00,1.57766129
2022-10-23 19:00:00,1.577674731
2022-10-23 20:00:00,1.577688172
2022-10-23 21:00:00,1.577701613
2022-10-23 22:00:00,1.577715054
2022-10-23 23:00:00,1.577728495
2022-10-24 00:00:00,1.577741935
2022-10-24 01:00:00,1.577755376
2022-10-24 02:00:00,1.577768817
2022-10-24 03:00:00,1.577782258
2022-10-24 04:00:00,1.577795699
2022-10-24 05:00:00,1.57780914
2022-10-24 06:00:00,1.577822581
2022-10-24 07:00:00,1.577836022
2022-10-24 08:00:00,1.577849462
2022-10-24 09:00:00,1.577862903
2022-10-24 10:00:00,1.577876344
2022-10-24 11:00:00,1.577889785
2022-10-24 12:00:00,1.577903226
2022-10-24 13:00:00,1.577916667
2022-10-24 14:00:00,1.577930108
2022-10-24 15:00:00,1.577943548
2022-10-24 16:00:00,1.577956989
2022-10-24 17:00:00,1.57797043
2022-10-24 18:00:00,1.577983871
2022-10-24 19:00:00,1.577997312
2022-10-24 20:00:00,1.578010753
2022-10-24 21:00:00,1.578024194
2022-10-24 22:00:00,1.578037634
2022-10-24 23:00:00,1.578051075
2022-10-25 00:00:00,1.578064516
2022-10-25 01:00:00,1.578077957
2022-10-25 02:00:00,1.578091398
2022-10-25 03:00:00,1.578104839
2022-10-25 04:00:00,1.57811828
2022-10-25 05:00:00,1.57813172
2022-10-25 06:00:00,1.578145161
2022-10-25 07:00:00,1.578158602
2022-10-25 08:00:00,1.578172043
2022-10-25 09:00:00,1.578185484
2022-10-25 10:00:00,1.578198925
2022-10-25 11:00:00,1.578212366
2022-10-25 12:00:00,1.578225806
2022-10-25 13:00:00,1.578239247
2022-10-25 14:00:00,1.578252688
2022-10-25 15:00:00,1.578266129
2022-10-25 16:00:00,1.57827957
2022-10-25 17:00:00,1.578293011
2022-10-25 18:00:00,1.578306452
2022-10-25 19:00:00,1.578319892
2022-10-25 20:00:00,1.578333333
2022-10-25 21:00:00,1.578346774
2022-10-25 22:00:00,1.578360215
2022-10-25 23:00:00,1.578373656
2022-10-26 00:00:00,1.578387097
2022-10-26 01:00:00,1.578400538
2022-10-26 02:00:00,1.578413978
2022-10-26 03:00:00,1.578427419
2022-10-26 04:00:00,1.57844086
2022-10-26 05:00:00,1.578454301
2022-10-26 06:00:00,1.578467742
2022-10-26 07:00:00,1.578481183
2022-10-26 08:00:00,1.578494624
2022-10-26 09:00:00,1.578508065
2022-10-26 10:00:00,1.578521505
2022-10-26 11:00:00,1.578534946
2022-10-26 12:00:00,1.578548387
2022-10-26 13:00:00,1.578561828
2022-10-26 14:00:00,1.578575269
2022-10-26 15:00:00,1.57858871
2022-10-26 16:00:00,1.578602151
2022-10-26 17:00:00,1.578615591
2022-10-26 18:00:00,1.578629032
2022-10-26 19:00:00,1.578642473
2022-10-26 20:00:00,1.578655914
2022-10-26 21:00:00,1.578669355
2022-10-26 22:00:00,1.578682796
2022-10-26 23:00:00,1.578696237
2022-10-27 00:00:00,1.578709677
2022-10-27 01:00:00,1.578723118
2022-10-27 02:00:00,1.578736559
2022-10-27 03:00:00,1.57875
2022-10-27 04:00:00,1.578763441
2022-10-27 05:00:00,1.578776882
2022-10-27 06:00:00,1.578790323
2022-10-27 07:00:00,1.578803763
2022-10-27 08:00:00,1.578817204
2022-10-27 09:00:00,1.578830645
2022-10-27 10:00:00,1.578844086
2022-10-27 11:00:00,1.578857527
2022-10-27 12:00:00,1.578870968
2022-10-27 13:00:00,1.578884409
2022-10-27 14:00:00,1.578897849
2022-10-27 15:00:00,1.57891129
2022-10-27 16:00:00,1.578924731
2022-10-27 17:00:00,1.578938172
2022-10-27 18:00:00,1.578951613
2022-10-27 19:00:00,1.578965054
2022-10-27 20:00:00,1.578978495
2022-10-27 21:00:00,1.578991935
2022-10-27 22:00:00,1.579005376
2022-10-27 23:00:00,1.579018817
2022-10-28 00:00:00,1.579032258
2022-10-28 01:00:00,1.579045699
2022-10-28 02:00:00,1.57905914
2022-10-28 03:00:00,1.579072581
2022-10-28 04:00:00,1.579086022
2022-10-28 05:00:00,1.579099462
2022-10-28 06:00:00,1.579112903
2022-10-28 07:00:00,1.579126344
2022-10-28 08:00:00,1.579139785
2022-10-28 09:00:00,1.579153226
2022-10-28 10:00:00,1.579166667
2022-10-28 11:00:00,1.579180108
2022-10-28 12:00:00,1.579193548
2022-10-28 13:00:00,1.579206989
2022-10-28 14:00:00,1.57922043
2022-10-28 15:00:00,1.579233871
2022-10-28 16:00:00,1.579247312
2022-10-28 17:00:00,1.579260753
2022-10-28 18:00:00,1.579274194
2022-10-28 19:00:00,1.579287634
2022-10-28 20:00:00,1.579301075
2022-10-28 21:00:00,1.579314516
2022-10-28 22:00:00,1.579327957
2022-10-28 23:00:00,1.579341398
2022-10-29 00:00:00,1.579354839
2022-10-29 01:00:00,1.57936828
2022-10-29 02:00:00,1.57938172
2022-10-29 03:00:00,1.579395161
2022-10-29 04:00:00,1.579408602
2022-10-29 05:00:00,1.579422043
2022-10-29 06:00:00,1.579435484
2022-10-29 07:00:00,1.579448925
2022-10-29 08:00:00,1.579462366
2022-10-29 09:00:00,1.579475806
2022-10-29 10:00:00,1.579489247
2022-10-29 11:00:00,1.579502688
2022-10-29 12:00:00,1.579516129
2022-10-29 13:00:00,1.57952957
2022-10-29 14:00:00,1.579543011
2022-10-29 15:00:00,1.579556452
2022-10-29 16:00:00,1.579569892
2022-10-29 17:00:00,1.579583333
2022-10-29 18:00:00,1.579596774
2022-10-29 19:00:00,1.579610215
2022-10-29 20:00:00,1.579623656
2022-10-29 21:00:00,1.579637097
2022-10-29 22:00:00,1.579650538
2022-10-29 23:00:00,1.579663978
2022-10-30 00:00:00,1.579677419
2022-10-30 01:00:00,1.57969086
2022-10-30 02:00:00,1.579704301
2022-10-30 03:00:00,1.579717742
2022-10-30 04:00:00,1.579731183
2022-10-30 05:00:00,1.579744624
2022-10-30 06:00:00,1.579758065
2022-10-30 07:00:00,1.579771505
2022-10-30 08:00:00,1.579784946
2022-10-30 09:00:00,1.579798387
2022-10-30 10:00:00,1.579811828
2022-10-30 11:00:00,1.579825269
2022-10-30 12:00:00,1.57983871
2022-10-30 13:00:00,1.579852151
2022-10-30 14:00:00,1.579865591
2022-10-30 15:00:00,1.579879032
2022-10-30 16:00:00,1.579892473
2022-10-30 17:00:00,1.579905914
2022-10-30 18:00:00,1.579919355
2022-10-30 19:00:00,1.579932796
2022-10-30 20:00:00,1.579946237
2022-10-30 21:00:00,1.579959677
2022-10-30 22:00:00,1.579973118
2022-10-30 23:00:00,1.579986559
2022-10-31 00:00:00,1.58
2022-10-31 01:00:00,1.58
2022-10-31 02:00:00,1.58
2022-10-31 03:00:00,1.58
2022-10-31 04:00:00,1.58
2022-10-31 05:00:00,1.58
2022-10-31 06:00:00,1.58
2022-10-31 07:00:00,1.58
2022-10-31 08:00:00,1.58
2022-10-31 09:00:00,1.58
2022-10-31 10:00:00,1.58
2022-10-31 11:00:00,1.58
2022-10-31 12:00:00,1.58
2022-10-31 13:00:00,1.58
2022-10-31 14:00:00,1.58
2022-10-31 15:00:00,1.58
2022-10-31 16:00:00,1.58
2022-10-31 17:00:00,1.58
2022-10-31 18:00:00,1.58
2022-10-31 19:00:00,1.58
2022-10-31 20:00:00,1.58
2022-10-31 21:00:00,1.58
2022-10-31 22:00:00,1.58
2022-10-31 23:00:00,1.58
2022-11-01 00:00:00,1.58
2022-11-01 01:00:00,1.58
2022-11-01 02:00:00,1.58
2022-11-01 03:00:00,1.58
2022-11-01 04:00:00,1.58
2022-11-01 05:00:00,1.58
2022-11-01 06:00:00,1.58
2022-11-01 07:00:00,1.58
2022-11-01 08:00:00,1.58
2022-11-01 09:00:00,1.58
2022-11-01 10:00:00,1.58
2022-11-01 11:00:00,1.58
2022-11-01 12:00:00,1.58
2022-11-01 13:00:00,1.58
2022-11-01 14:00:00,1.58
2022-11-01 15:00:00,1.58
2022-11-01 16:00:00,1.58
2022-11-01 17:00:00,1.58
2022-11-01 18:00:00,1.58
2022-11-01 19:00:00,1.58
2022-11-01 20:00:00,1.58
2022-11-01 21:00:00,1.58
2022-11-01 22:00:00,1.58
2022-11-01 23:00:00,1.58
2022-11-02 00:00:00,1.58
2022-11-02 01:00:00,1.58
2022-11-02 02:00:00,1.58
2022-11-02 03:00:00,1.58
2022-11-02 04:00:00,1.58
2022-11-02 05:00:00,1.58
2022-11-02 06:00:00,1.58
2022-11-02 07:00:00,1.58
2022-11-02 08:00:00,1.58
2022-11-02 09:00:00,1.58
2022-11-02 10:00:00,1.58
2022-11-02 11:00:00,1.58
2022-11-02 12:00:00,1.58
2022-11-02 13:00:00,1.58
2022-11-02 14:00:00,1.58
2022-11-02 15:00:00,1.58
2022-11-02 16:00:00,1.58
2022-11-02 17:00:00,1.58
2022-11-02 18:00:00,1.58
2022-11-02 19:00:00,1.58
2022-11-02 20:00:00,1.58
2022-11-02 21:00:00,1.58
2022-11-02 22:00:00,1.58
2022-11-02 23:00:00,1.58
2022-11-03 00:00:00,1.58
2022-11-03 01:00:00,1.58
2022-11-03 02:00:00,1.58
2022-11-03 03:00:00,1.58
2022-11-03 04:00:00,1.58
2022-11-03 05:00:00,1.58
2022-11-03 06:00:00,1.58
2022-11-03 07:00:00,1.58
2022-11-03 08:00:00,1.58
2022-11-03 09:00:00,1.58
2022-11-03 10:00:00,1.58
2022-11-03 11:00:00,1.58
2022-11-03 12:00:00,1.58
2022-11-03 13:00:00,1.58
2022-11-03 14:00:00,1.58
2022-11-03 15:00:00,1.58
2022-11-03 16:00:00,1.58
2022-11-03 17:00:00,1.58
2022-11-03 18:00:00,1.58
2022-11-03 19:00:00,1.58
2022-11-03 20:00:00,1.58
2022-11-03 21:00:00,1.58
2022-11-03 22:00:00,1.58
2022-11-03 23:00:00,1.58
2022-11-04 00:00:00,1.58
2022-11-04 01:00:00,1.58
2022-11-04 02:00:00,1.58
2022-11-04 03:00:00,1.58
2022-11-04 04:00:00,1.58
2022-11-04 05:00:00,1.58
2022-11-04 06:00:00,1.58
2022-11-04 07:00:00,1.58
2022-11-04 08:00:00,1.58
2022-11-04 09:00:00,1.58
2022-11-04 10:00:00,1.58
2022-11-04 11:00:00,1.58
2022-11-04 12:00:00,1.58
2022-11-04 13:00:00,1.58
2022-11-04 14:00:00,1.58
2022-11-04 15:00:00,1.58
2022-11-04 16:00:00,1.58
2022-11-04 17:00:00,1.58
2022-11-04 18:00:00,1.58
2022-11-04 19:00:00,1.58
2022-11-04 20:00:00,1.58
2022-11-04 21:00:00,1.58
2022-11-04 22:00:00,1.58
2022-11-04 23:00:00,1.58
2022-11-05 00:00:00,1.58
2022-11-05 01:00:00,1.58
2022-11-05 02:00:00,1.58
2022-11-05 03:00:00,1.58
2022-11-05 04:00:00,1.58
2022-11-05 05:00:00,1.58
2022-11-05 06:00:00,1.58
2022-11-05 07:00:00,1.58
2022-11-05 08:00:00,1.58
2022-11-05 09:00:00,1.58
2022-11-05 10:00:00,1.58
2022-11-05 11:00:00,1.58
2022-11-05 12:00:00,1.58
2022-11-05 13:00:00,1.58
2022-11-05 14:00:00,1.58
2022-11-05 15:00:00,1.58
2022-11-05 16:00:00,1.58
2022-11-05 17:00:00,1.58
2022-11-05 18:00:00,1.58
2022-11-05 19:00:00,1.58
2022-11-05 20:00:00,1.58
2022-11-05 21:00:00,1.58
2022-11-05 22:00:00,1.58
2022-11-05 23:00:00,1.58
2022-11-06 00:00:00,1.58
2022-11-06 01:00:00,1.58
2022-11-06 02:00:00,1.58
2022-11-06 03:00:00,1.58
2022-11-06 04:00:00,1.58
2022-11-06 05:00:00,1.58
2022-11-06 06:00:00,1.58
2022-11-06 07:00:00,1.58
2022-11-06 08:00:00,1.58
2022-11-06 09:00:00,1.58
2022-11-06 10:00:00,1.58
2022-11-06 11:00:00,1.58
2022-11-06 12:00:00,1.58
2022-11-06 13:00:00,1.58
2022-11-06 14:00:00,1.58
2022-11-06 15:00:00,1.58
2022-11-06 16:00:00,1.58
2022-11-06 17:00:00,1.58
2022-11-06 18:00:00,1.58
2022-11-06 19:00:00,1.58
2022-11-06 20:00:00,1.58
2022-11-06 21:00:00,1.58
2022-11-06 22:00:00,1.58
2022-11-06 23:00:00,1.58
2022-11-07 00:00:00,1.58
2022-11-07 01:00:00,1.58
2022-11-07 02:00:00,1.58
2022-11-07 03:00:00,1.58
2022-11-07 04:00:00,1.58
2022-11-07 05:00:00,1.58
2022-11-07 06:00:00,1.58
2022-11-07 07:00:00,1.58
2022-11-07 08:00:00,1.58
2022-11-07 09:00:00,1.58
2022-11-07 10:00:00,1.58
2022-11-07 11:00:00,1.58
2022-11-07 12:00:00,1.58
2022-11-07 13:00:00,1.58
2022-11-07 14:00:00,1.58
2022-11-07 15:00:00,1.58
2022-11-07 16:00:00,1.58
2022-11-07 17:00:00,1.58
2022-11-07 18:00:00,1.58
2022-11-07 19:00:00,1.58
2022-11-07 20:00:00,1.58
2022-11-07 21:00:00,1.58
2022-11-07 22:00:00,1.58
2022-11-07 23:00:00,1.58
2022-11-08 00:00:00,1.58
2022-11-08 01:00:00,1.58
2022-11-08 02:00:00,1.58
2022-11-08 03:00:00,1.58
2022-11-08 04:00:00,1.58
2022-11-08 05:00:00,1.58
2022-11-08 06:00:00,1.58
2022-11-08 07:00:00,1.58
2022-11-08 08:00:00,1.58
2022-11-08 09:00:00,1.58
2022-11-08 10:00:00,1.58
2022-11-08 11:00:00,1.58
2022-11-08 12:00:00,1.58
2022-11-08 13:00:00,1.58
2022-11-08 14:00:00,1.58
2022-11-08 15:00:00,1.58
2022-11-08 16:00:00,1.58
2022-11-08 17:00:00,1.58
2022-11-08 18:00:00,1.58
2022-11-08 19:00:00,1.58
2022-11-08 20:00:00,1.58
2022-11-08 21:00:00,1.58
2022-11-08 22:00:00,1.58
2022-11-08 23:00:00,1.58
2022-11-09 00:00:00,1.58
2022-11-09 01:00:00,1.58
2022-11-09 02:00:00,1.58
2022-11-09 03:00:00,1.58
2022-11-09 04:00:00,1.58
2022-11-09 05:00:00,1.58
2022-11-09 06:00:00,1.58
2022-11-09 07:00:00,1.58
2022-11-09 08:00:00,1.58
2022-11-09 09:00:00,1.58
2022-11-09 10:00:00,1.58
2022-11-09 11:00:00,1.58
2022-11-09 12:00:00,1.58
2022-11-09 13:00:00,1.58
2022-11-09 14:00:00,1.58
2022-11-09 15:00:00,1.58
2022-11-09 16:00:00,1.58
2022-11-09 17:00:00,1.58
2022-11-09 18:00:00,1.58
2022-11-09 19:00:00,1.58
2022-11-09 20:00:00,1.58
2022-11-09 21:00:00,1.58
2022-11-09 22:00:00,1.58
2022-11-09 23:00:00,1.58
2022-11-10 00:00:00,1.58
2022-11-10 01:00:00,1.58
2022-11-10 02:00:00,1.58
2022-11-10 03:00:00,1.58
2022-11-10 04:00:00,1.58
2022-11-10 05:00:00,1.58
2022-11-10 06:00:00,1.58
2022-11-10 07:00:00,1.58
2022-11-10 08:00:00,1.58
2022-11-10 09:00:00,1.58
2022-11-10 10:00:00,1.58
2022-11-10 11:00:00,1.58
2022-11-10 12:00:00,1.58
2022-11-10 13:00:00,1.58
2022-11-10 14:00:00,1.58
2022-11-10 15:00:00,1.58
2022-11-10 16:00:00,1.58
2022-11-10 17:00:00,1.58
2022-11-10 18:00:00,1.58
2022-11-10 19:00:00,1.58
2022-11-10 20:00:00,1.58
2022-11-10 21:00:00,1.58
2022-11-10 22:00:00,1.58
2022-11-10 23:00:00,1.58
2022-11-11 00:00:00,1.58
2022-11-11 01:00:00,1.58
2022-11-11 02:00:00,1.58
2022-11-11 03:00:00,1.58
2022-11-11 04:00:00,1.58
2022-11-11 05:00:00,1.58
2022-11-11 06:00:00,1.58
2022-11-11 07:00:00,1.58
2022-11-11 08:00:00,1.58
2022-11-11 09:00:00,1.58
2022-11-11 10:00:00,1.58
2022-11-11 11:00:00,1.58
2022-11-11 12:00:00,1.58
2022-11-11 13:00:00,1.58
2022-11-11 14:00:00,1.58
2022-11-11 15:00:00,1.58
2022-11-11 16:00:00,1.58
2022-11-11 17:00:00,1.58
2022-11-11 18:00:00,1.58
2022-11-11 19:00:00,1.58
2022-11-11 20:00:00,1.58
2022-11-11 21:00:00,1.58
2022-11-11 22:00:00,1.58
2022-11-11 23:00:00,1.58
2022-11-12 00:00:00,1.58
2022-11-12 01:00:00,1.58
2022-11-12 02:00:00,1.58
2022-11-12 03:00:00,1.58
2022-11-12 04:00:00,1.58
2022-11-12 05:00:00,1.58
2022-11-12 06:00:00,1.58
2022-11-12 07:00:00,1.58
2022-11-12 08:00:00,1.58
2022-11-12 09:00:00,1.58
2022-11-12 10:00:00,1.58
2022-11-12 11:00:00,1.58
2022-11-12 12:00:00,1.58
2022-11-12 13:00:00,1.58
2022-11-12 14:00:00,1.58
2022-11-12 15:00:00,1.58
2022-11-12 16:00:00,1.58
2022-11-12 17:00:00,1.58
2022-11-12 18:00:00,1.58
2022-11-12 19:00:00,1.58
2022-11-12 20:00:00,1.58
2022-11-12 21:00:00,1.58
2022-11-12 22:00:00,1.58
2022-11-12 23:00:00,1.58
2022-11-13 00:00:00,1.58
2022-11-13 01:00:00,1.58
2022-11-13 02:00:00,1.58
2022-11-13 03:00:00,1.58
2022-11-13 04:00:00,1.58
2022-11-13 05:00:00,1.58
2022-11-13 06:00:00,1.58
2022-11-13 07:00:00,1.58
2022-11-13 08:00:00,1.58
2022-11-13 09:00:00,1.58
2022-11-13 10:00:00,1.58
2022-11-13 11:00:00,1.58
2022-11-13 12:00:00,1.58
2022-11-13 13:00:00,1.58
2022-11-13 14:00:00,1.58
2022-11-13 15:00:00,1.58
2022-11-13 16:00:00,1.58
2022-11-13 17:00:00,1.58
2022-11-13 18:00:00,1.58
2022-11-13 19:00:00,1.58
2022-11-13 20:00:00,1.58
2022-11-13 21:00:00,1.58
2022-11-13 22:00:00,1.58
2022-11-13 23:00:00,1.58
2022-11-14 00:00:00,1.58
2022-11-14 01:00:00,1.58
2022-11-14 02:00:00,1.58
2022-11-14 03:00:00,1.58
2022-11-14 04:00:00,1.58
2022-11-14 05:00:00,1.58
2022-11-14 06:00:00,1.58
2022-11-14 07:00:00,1.58
2022-11-14 08:00:00,1.58
2022-11-14 09:00:00,1.58
2022-11-14 10:00:00,1.58
2022-11-14 11:00:00,1.58
2022-11-14 12:00:00,1.58
2022-11-14 13:00:00,1.58
2022-11-14 14:00:00,1.58
2022-11-14 15:00:00,1.58
2022-11-14 16:00:00,1.58
2022-11-14 17:00:00,1.58
2022-11-14 18:00:00,1.58
2022-11-14 19:00:00,1.58
2022-11-14 20:00:00,1.58
2022-11-14 21:00:00,1.58
2022-11-14 22:00:00,1.58
2022-11-14 23:00:00,1.58
2022-11-15 00:00:00,1.58
2022-11-15 01:00:00,1.58
2022-11-15 02:00:00,1.58
2022-11-15 03:00:00,1.58
2022-11-15 04:00:00,1.58
2022-11-15 05:00:00,1.58
2022-11-15 06:00:00,1.58
2022-11-15 07:00:00,1.58
2022-11-15 08:00:00,1.58
2022-11-15 09:00:00,1.58
2022-11-15 10:00:00,1.58
2022-11-15 11:00:00,1.58
2022-11-15 12:00:00,1.58
2022-11-15 13:00:00,1.58
2022-11-15 14:00:00,1.58
2022-11-15 15:00:00,1.58
2022-11-15 16:00:00,1.58
2022-11-15 17:00:00,1.58
2022-11-15 18:00:00,1.58
2022-11-15 19:00:00,1.58
2022-11-15 20:00:00,1.58
2022-11-15 21:00:00,1.58
2022-11-15 22:00:00,1.58
2022-11-15 23:00:00,1.58
2022-11-16 00:00:00,1.58
2022-11-16 01:00:00,1.58
2022-11-16 02:00:00,1.58
2022-11-16 03:00:00,1.58
2022-11-16 04:00:00,1.58
2022-11-16 05:00:00,1.58
2022-11-16 06:00:00,1.58
2022-11-16 07:00:00,1.58
2022-11-16 08:00:00,1.58
2022-11-16 09:00:00,1.58
2022-11-16 10:00:00,1.58
2022-11-16 11:00:00,1.58
2022-11-16 12:00:00,1.58
2022-11-16 13:00:00,1.58
2022-11-16 14:00:00,1.58
2022-11-16 15:00:00,1.58
2022-11-16 16:00:00,1.58
2022-11-16 17:00:00,1.58
2022-11-16 18:00:00,1.58
2022-11-16 19:00:00,1.58
2022-11-16 20:00:00,1.58
2022-11-16 21:00:00,1.58
2022-11-16 22:00:00,1.58
2022-11-16 23:00:00,1.58
2022-11-17 00:00:00,1.58
2022-11-17 01:00:00,1.58
2022-11-17 02:00:00,1.58
2022-11-17 03:00:00,1.58
2022-11-17 04:00:00,1.58
2022-11-17 05:00:00,1.58
2022-11-17 06:00:00,1.58
2022-11-17 07:00:00,1.58
2022-11-17 08:00:00,1.58
2022-11-17 09:00:00,1.58
2022-11-17 10:00:00,1.58
2022-11-17 11:00:00,1.58
2022-11-17 12:00:00,1.58
2022-11-17 13:00:00,1.58
2022-11-17 14:00:00,1.58
2022-11-17 15:00:00,1.58
2022-11-17 16:00:00,1.58
2022-11-17 17:00:00,1.58
2022-11-17 18:00:00,1.58
2022-11-17 19:00:00,1.58
2022-11-17 20:00:00,1.58
2022-11-17 21:00:00,1.58
2022-11-17 22:00:00,1.58
2022-11-17 23:00:00,1.58
2022-11-18 00:00:00,1.58
2022-11-18 01:00:00,1.58
2022-11-18 02:00:00,1.58
2022-11-18 03:00:00,1.58
2022-11-18 04:00:00,1.58
2022-11-18 05:00:00,1.58
2022-11-18 06:00:00,1.58
2022-11-18 07:00:00,1.58
2022-11-18 08:00:00,1.58
2022-11-18 09:00:00,1.58
2022-11-18 10:00:00,1.58
2022-11-18 11:00:00,1.58
2022-11-18 12:00:00,1.58
2022-11-18 13:00:00,1.58
2022-11-18 14:00:00,1.58
2022-11-18 15:00:00,1.58
2022-11-18 16:00:00,1.58
2022-11-18 17:00:00,1.58
2022-11-18 18:00:00,1.58
2022-11-18 19:00:00,1.58
2022-11-18 20:00:00,1.58
2022-11-18 21:00:00,1.58
2022-11-18 22:00:00,1.58
2022-11-18 23:00:00,1.58
2022-11-19 00:00:00,1.58
2022-11-19 01:00:00,1.58
2022-11-19 02:00:00,1.58
2022-11-19 03:00:00,1.58
2022-11-19 04:00:00,1.58
2022-11-19 05:00:00,1.58
2022-11-19 06:00:00,1.58
2022-11-19 07:00:00,1.58
2022-11-19 08:00:00,1.58
2022-11-19 09:00:00,1.58
2022-11-19 10:00:00,1.58
2022-11-19 11:00:00,1.58
2022-11-19 12:00:00,1.58
2022-11-19 13:00:00,1.58
2022-11-19 14:00:00,1.58
2022-11-19 15:00:00,1.58
2022-11-19 16:00:00,1.58
2022-11-19 17:00:00,1.58
2022-11-19 18:00:00,1.58
2022-11-19 19:00:00,1.58
2022-11-19 20:00:00,1.58
2022-11-19 21:00:00,1.58
2022-11-19 22:00:00,1.58
2022-11-19 23:00:00,1.58
2022-11-20 00:00:00,1.58
2022-11-20 01:00:00,1.58
2022-11-20 02:00:00,1.58
2022-11-20 03:00:00,1.58
2022-11-20 04:00:00,1.58
2022-11-20 05:00:00,1.58
2022-11-20 06:00:00,1.58
2022-11-20 07:00:00,1.58
2022-11-20 08:00:00,1.58
2022-11-20 09:00:00,1.58
2022-11-20 10:00:00,1.58
2022-11-20 11:00:00,1.58
2022-11-20 12:00:00,1.58
2022-11-20 13:00:00,1.58
2022-11-20 14:00:00,1.58
2022-11-20 15:00:00,1.58
2022-11-20 16:00:00,1.58
2022-11-20 17:00:00,1.58
2022-11-20 18:00:00,1.58
2022-11-20 19:00:00,1.58
2022-11-20 20:00:00,1.58
2022-11-20 21:00:00,1.58
2022-11-20 22:00:00,1.58
2022-11-20 23:00:00,1.58
2022-11-21 00:00:00,1.58
2022-11-21 01:00:00,1.58
2022-11-21 02:00:00,1.58
2022-11-21 03:00:00,1.58
2022-11-21 04:00:00,1.58
2022-11-21 05:00:00,1.58
2022-11-21 06:00:00,1.58
2022-11-21 07:00:00,1.58
2022-11-21 08:00:00,1.58
2022-11-21 09:00:00,1.58
2022-11-21 10:00:00,1.58
2022-11-21 11:00:00,1.58
2022-11-21 12:00:00,1.58
2022-11-21 13:00:00,1.58
2022-11-21 14:00:00,1.58
2022-11-21 15:00:00,1.58
2022-11-21 16:00:00,1.58
2022-11-21 17:00:00,1.58
2022-11-21 18:00:00,1.58
2022-11-21 19:00:00,1.58
2022-11-21 20:00:00,1.58
2022-11-21 21:00:00,1.58
2022-11-21 22:00:00,1.58
2022-11-21 23:00:00,1.58
2022-11-22 00:00:00,1.58
2022-11-22 01:00:00,1.58
2022-11-22 02:00:00,1.58
2022-11-22 03:00:00,1.58
2022-11-22 04:00:00,1.58
2022-11-22 05:00:00,1.58
2022-11-22 06:00:00,1.58
2022-11-22 07:00:00,1.58
2022-11-22 08:00:00,1.58
2022-11-22 09:00:00,1.58
2022-11-22 10:00:00,1.58
2022-11-22 11:00:00,1.58
2022-11-22 12:00:00,1.58
2022-11-22 13:00:00,1.58
2022-11-22 14:00:00,1.58
2022-11-22 15:00:00,1.58
2022-11-22 16:00:00,1.58
2022-11-22 17:00:00,1.58
2022-11-22 18:00:00,1.58
2022-11-22 19:00:00,1.58
2022-11-22 20:00:00,1.58
2022-11-22 21:00:00,1.58
2022-11-22 22:00:00,1.58
2022-11-22 23:00:00,1.58
2022-11-23 00:00:00,1.58
2022-11-23 01:00:00,1.58
2022-11-23 02:00:00,1.58
2022-11-23 03:00:00,1.58
2022-11-23 04:00:00,1.58
2022-11-23 05:00:00,1.58
2022-11-23 06:00:00,1.58
2022-11-23 07:00:00,1.58
2022-11-23 08:00:00,1.58
2022-11-23 09:00:00,1.58
2022-11-23 10:00:00,1.58
2022-11-23 11:00:00,1.58
2022-11-23 12:00:00,1.58
2022-11-23 13:00:00,1.58
2022-11-23 14:00:00,1.58
2022-11-23 15:00:00,1.58
2022-11-23 16:00:00,1.58
2022-11-23 17:00:00,1.58
2022-11-23 18:00:00,1.58
2022-11-23 19:00:00,1.58
2022-11-23 20:00:00,1.58
2022-11-23 21:00:00,1.58
2022-11-23 22:00:00,1.58
2022-11-23 23:00:00,1.58
2022-11-24 00:00:00,1.58
2022-11-24 01:00:00,1.58
2022-11-24 02:00:00,1.58
2022-11-24 03:00:00,1.58
2022-11-24 04:00:00,1.58
2022-11-24 05:00:00,1.58
2022-11-24 06:00:00,1.58
2022-11-24 07:00:00,1.58
2022-11-24 08:00:00,1.58
2022-11-24 09:00:00,1.58
2022-11-24 10:00:00,1.58
2022-11-24 11:00:00,1.58
2022-11-24 12:00:00,1.58
2022-11-24 13:00:00,1.58
2022-11-24 14:00:00,1.58
2022-11-24 15:00:00,1.58
2022-11-24 16:00:00,1.58
2022-11-24 17:00:00,1.58
2022-11-24 18:00:00,1.58
2022-11-24 19:00:00,1.58
2022-11-24 20:00:00,1.58
2022-11-24 21:00:00,1.58
2022-11-24 22:00:00,1.58
2022-11-24 23:00:00,1.58
2022-11-25 00:00:00,1.58
2022-11-25 01:00:00,1.58
2022-11-25 02:00:00,1.58
2022-11-25 03:00:00,1.58
2022-11-25 04:00:00,1.58
2022-11-25 05:00:00,1.58
2022-11-25 06:00:00,1.58
2022-11-25 07:00:00,1.58
2022-11-25 08:00:00,1.58
2022-11-25 09:00:00,1.58
2022-11-25 10:00:00,1.58
2022-11-25 11:00:00,1.58
2022-11-25 12:00:00,1.58
2022-11-25 13:00:00,1.58
2022-11-25 14:00:00,1.58
2022-11-25 15:00:00,1.58
2022-11-25 16:00:00,1.58
2022-11-25 17:00:00,1.58
2022-11-25 18:00:00,1.58
2022-11-25 19:00:00,1.58
2022-11-25 20:00:00,1.58
2022-11-25 21:00:00,1.58
2022-11-25 22:00:00,1.58
2022-11-25 23:00:00,1.58
2022-11-26 00:00:00,1.58
2022-11-26 01:00:00,1.58
2022-11-26 02:00:00,1.58
2022-11-26 03:00:00,1.58
2022-11-26 04:00:00,1.58
2022-11-26 05:00:00,1.58
2022-11-26 06:00:00,1.58
2022-11-26 07:00:00,1.58
2022-11-26 08:00:00,1.58
2022-11-26 09:00:00,1.58
2022-11-26 10:00:00,1.58
2022-11-26 11:00:00,1.58
2022-11-26 12:00:00,1.58
2022-11-26 13:00:00,1.58
2022-11-26 14:00:00,1.58
2022-11-26 15:00:00,1.58
2022-11-26 16:00:00,1.58
2022-11-26 17:00:00,1.58
2022-11-26 18:00:00,1.58
2022-11-26 19:00:00,1.58
2022-11-26 20:00:00,1.58
2022-11-26 21:00:00,1.58
2022-11-26 22:00:00,1.58
2022-11-26 23:00:00,1.58
2022-11-27 00:00:00,1.58
2022-11-27 01:00:00,1.58
2022-11-27 02:00:00,1.58
2022-11-27 03:00:00,1.58
2022-11-27 04:00:00,1.58
2022-11-27 05:00:00,1.58
2022-11-27 06:00:00,1.58
2022-11-27 07:00:00,1.58
2022-11-27 08:00:00,1.58
2022-11-27 09:00:00,1.58
2022-11-27 10:00:00,1.58
2022-11-27 11:00:00,1.58
2022-11-27 12:00:00,1.58
2022-11-27 13:00:00,1.58
2022-11-27 14:00:00,1.58
2022-11-27 15:00:00,1.58
2022-11-27 16:00:00,1.58
2022-11-27 17:00:00,1.58
2022-11-27 18:00:00,1.58
2022-11-27 19:00:00,1.58
2022-11-27 20:00:00,1.58
2022-11-27 21:00:00,1.58
2022-11-27 22:00:00,1.58
2022-11-27 23:00:00,1.58
2022-11-28 00:00:00,1.58
2022-11-28 01:00:00,1.58
2022-11-28 02:00:00,1.58
2022-11-28 03:00:00,1.58
2022-11-28 04:00:00,1.58
2022-11-28 05:00:00,1.58
2022-11-28 06:00:00,1.58
2022-11-28 07:00:00,1.58
2022-11-28 08:00:00,1.58
2022-11-28 09:00:00,1.58
2022-11-28 10:00:00,1.58
2022-11-28 11:00:00,1.58
2022-11-28 12:00:00,1.58
2022-11-28 13:00:00,1.58
2022-11-28 14:00:00,1.58
2022-11-28 15:00:00,1.58
2022-11-28 16:00:00,1.58
2022-11-28 17:00:00,1.58
2022-11-28 18:00:00,1.58
2022-11-28 19:00:00,1.58
2022-11-28 20:00:00,1.58
2022-11-28 21:00:00,1.58
2022-11-28 22:00:00,1.58
2022-11-28 23:00:00,1.58
2022-11-29 00:00:00,1.58
2022-11-29 01:00:00,1.58
2022-11-29 02:00:00,1.58
2022-11-29 03:00:00,1.58
2022-11-29 04:00:00,1.58
2022-11-29 05:00:00,1.58
2022-11-29 06:00:00,1.58
2022-11-29 07:00:00,1.58
2022-11-29 08:00:00,1.58
2022-11-29 09:00:00,1.58
2022-11-29 10:00:00,1.58
2022-11-29 11:00:00,1.58
2022-11-29 12:00:00,1.58
2022-11-29 13:00:00,1.58
2022-11-29 14:00:00,1.58
2022-11-29 15:00:00,1.58
2022-11-29 16:00:00,1.58
2022-11-29 17:00:00,1.58
2022-11-29 18:00:00,1.58
2022-11-29 19:00:00,1.58
2022-11-29 20:00:00,1.58
2022-11-29 21:00:00,1.58
2022-11-29 22:00:00,1.58
2022-11-29 23:00:00,1.58
2022-11-30 00:00:00,1.58
2022-11-30 01:00:00,1.580013441
2022-11-30 02:00:00,1.580026882
2022-11-30 03:00:00,1.580040323
2022-11-30 04:00:00,1.580053763
2022-11-30 05:00:00,1.580067204
2022-11-30 06:00:00,1.580080645
2022-11-30 07:00:00,1.580094086
2022-11-30 08:00:00,1.580107527
2022-11-30 09:00:00,1.580120968
2022-11-30 10:00:00,1.580134409
2022-11-30 11:00:00,1.580147849
2022-11-30 12:00:00,1.58016129
2022-11-30 13:00:00,1.580174731
2022-11-30 14:00:00,1.580188172
2022-11-30 15:00:00,1.580201613
2022-11-30 16:00:00,1.580215054
2022-11-30 17:00:00,1.580228495
2022-11-30 18:00:00,1.580241935
2022-11-30 19:00:00,1.580255376
2022-11-30 20:00:00,1.580268817
2022-11-30 21:00:00,1.580282258
2022-11-30 22:00:00,1.580295699
2022-11-30 23:00:00,1.58030914
2022-12-01 00:00:00,1.580322581
2022-12-01 01:00:00,1.580336022
2022-12-01 02:00:00,1.580349462
2022-12-01 03:00:00,1.580362903
2022-12-01 04:00:00,1.580376344
2022-12-01 05:00:00,1.580389785
2022-12-01 06:00:00,1.580403226
2022-12-01 07:00:00,1.580416667
2022-12-01 08:00:00,1.580430108
2022-12-01 09:00:00,1.580443548
2022-12-01 10:00:00,1.580456989
2022-12-01 11:00:00,1.58047043
2022-12-01 12:00:00,1.580483871
2022-12-01 13:00:00,1.580497312
2022-12-01 14:00:00,1.580510753
2022-12-01 15:00:00,1.580524194
2022-12-01 16:00:00,1.580537634
2022-12-01 17:00:00,1.580551075
2022-12-01 18:00:00,1.580564516
2022-12-01 19:00:00,1.580577957
2022-12-01 20:00:00,1.580591398
2022-12-01 21:00:00,1.580604839
2022-12-01 22:00:00,1.58061828
2022-12-01 23:00:00,1.58063172
2022-12-02 00:00:00,1.580645161
2022-12-02 01:00:00,1.580658602
2022-12-02 02:00:00,1.580672043
2022-12-02 03:00:00,1.580685484
2022-12-02 04:00:00,1.580698925
2022-12-02 05:00:00,1.580712366
2022-12-02 06:00:00,1.580725806
2022-12-02 07:00:00,1.580739247
2022-12-02 08:00:00,1.580752688
2022-12-02 09:00:00,1.580766129
2022-12-02 10:00:00,1.58077957
2022-12-02 11:00:00,1.580793011
2022-12-02 12:00:00,1.580806452
2022-12-02 13:00:00,1.580819892
2022-12-02 14:00:00,1.580833333
2022-12-02 15:00:00,1.580846774
2022-12-02 16:00:00,1.580860215
2022-12-02 17:00:00,1.580873656
2022-12-02 18:00:00,1.580887097
2022-12-02 19:00:00,1.580900538
2022-12-02 20:00:00,1.580913978
2022-12-02 21:00:00,1.580927419
2022-12-02 22:00:00,1.58094086
2022-12-02 23:00:00,1.580954301
2022-12-03 00:00:00,1.580967742
2022-12-03 01:00:00,1.580981183
2022-12-03 02:00:00,1.580994624
2022-12-03 03:00:00,1.581008065
2022-12-03 04:00:00,1.581021505
2022-12-03 05:00:00,1.581034946
2022-12-03 06:00:00,1.581048387
2022-12-03 07:00:00,1.581061828
2022-12-03 08:00:00,1.581075269
2022-12-03 09:00:00,1.58108871
2022-12-03 10:00:00,1.581102151
2022-12-03 11:00:00,1.581115591
2022-12-03 12:00:00,1.581129032
2022-12-03 13:00:00,1.581142473
2022-12-03 14:00:00,1.581155914
2022-12-03 15:00:00,1.581169355
2022-12-03 16:00:00,1.581182796
2022-12-03 17:00:00,1.581196237
2022-12-03 18:00:00,1.581209677
2022-12-03 19:00:00,1.581223118
2022-12-03 20:00:00,1.581236559
2022-12-03 21:00:00,1.58125
2022-12-03 22:00:00,1.581263441
2022-12-03 23:00:00,1.581276882
2022-12-04 00:00:00,1.581290323
2022-12-04 01:00:00,1.581303763
2022-12-04 02:00:00,1.581317204
2022-12-04 03:00:00,1.581330645
2022-12-04 04:00:00,1.581344086
2022-12-04 05:00:00,1.581357527
2022-12-04 06:00:00,1.581370968
2022-12-04 07:00:00,1.581384409
2022-12-04 08:00:00,1.581397849
2022-12-04 09:00:00,1.58141129
2022-12-04 10:00:00,1.581424731
2022-12-04 11:00:00,1.581438172
2022-12-04 12:00:00,1.581451613
2022-12-04 13:00:00,1.581465054
2022-12-04 14:00:00,1.581478495
2022-12-04 15:00:00,1.581491935
2022-12-04 16:00:00,1.581505376
2022-12-04 17:00:00,1.581518817
2022-12-04 18:00:00,1.581532258
2022-12-04 19:00:00,1.581545699
2022-12-04 20:00:00,1.58155914
2022-12-04 21:00:00,1.581572581
2022-12-04 22:00:00,1.581586022
2022-12-04 23:00:00,1.581599462
2022-12-05 00:00:00,1.581612903
2022-12-05 01:00:00,1.581626344
2022-12-05 02:00:00,1.581639785
2022-12-05 03:00:00,1.581653226
2022-12-05 04:00:00,1.581666667
2022-12-05 05:00:00,1.581680108
2022-12-05 06:00:00,1.581693548
2022-12-05 07:00:00,1.581706989
2022-12-05 08:00:00,1.58172043
2022-12-05 09:00:00,1.581733871
2022-12-05 10:00:00,1.581747312
2022-12-05 11:00:00,1.581760753
2022-12-05 12:00:00,1.581774194
2022-12-05 13:00:00,1.581787634
2022-12-05 14:00:00,1.581801075
2022-12-05 15:00:00,1.581814516
2022-12-05 16:00:00,1.581827957
2022-12-05 17:00:00,1.581841398
2022-12-05 18:00:00,1.581854839
2022-12-05 19:00:00,1.58186828
2022-12-05 20:00:00,1.58188172
2022-12-05 21:00:00,1.581895161
2022-12-05 22:00:00,1.581908602
2022-12-05 23:00:00,1.581922043
2022-12-06 00:00:00,1.581935484
2022-12-06 01:00:00,1.581948925
2022-12-06 02:00:00,1.581962366
2022-12-06 03:00:00,1.581975806
2022-12-06 04:00:00,1.581989247
2022-12-06 05:00:00,1.582002688
2022-12-06 06:00:00,1.582016129
2022-12-06 07:00:00,1.58202957
2022-12-06 08:00:00,1.582043011
2022-12-06 09:00:00,1.582056452
2022-12-06 10:00:00,1.582069892
2022-12-06 11:00:00,1.582083333
2022-12-06 12:00:00,1.582096774
2022-12-06 13:00:00,1.582110215
2022-12-06 14:00:00,1.582123656
2022-12-06 15:00:00,1.582137097
2022-12-06 16:00:00,1.582150538
2022-12-06 17:00:00,1.582163978
2022-12-06 18:00:00,1.582177419
2022-12-06 19:00:00,1.58219086
2022-12-06 20:00:00,1.582204301
2022-12-06 21:00:00,1.582217742
2022-12-06 22:00:00,1.582231183
2022-12-06 23:00:00,1.582244624
2022-12-07 00:00:00,1.582258065
2022-12-07 01:00:00,1.582271505
2022-12-07 02:00:00,1.582284946
2022-12-07 03:00:00,1.582298387
2022-12-07 04:00:00,1.582311828
2022-12-07 05:00:00,1.582325269
2022-12-07 06:00:00,1.58233871
2022-12-07 07:00:00,1.582352151
2022-12-07 08:00:00,1.582365591
2022-12-07 09:00:00,1.582379032
2022-12-07 10:00:00,1.582392473
2022-12-07 11:00:00,1.582405914
2022-12-07 12:00:00,1.582419355
2022-12-07 13:00:00,1.582432796
2022-12-07 14:00:00,1.582446237
2022-12-07 15:00:00,1.582459677
2022-12-07 16:00:00,1.582473118
2022-12-07 17:00:00,1.582486559
2022-12-07 18:00:00,1.5825
2022-12-07 19:00:00,1.582513441
2022-12-07 20:00:00,1.582526882
2022-12-07 21:00:00,1.582540323
2022-12-07 22:00:00,1.582553763
2022-12-07 23:00:00,1.582567204
2022-12-08 00:00:00,1.582580645
2022-12-08 01:00:00,1.582594086
2022-12-08 02:00:00,1.582607527
2022-12-08 03:00:00,1.582620968
2022-12-08 04:00:00,1.582634409
2022-12-08 05:00:00,1.582647849
2022-12-08 06:00:00,1.58266129
2022-12-08 07:00:00,1.582674731
2022-12-08 08:00:00,1.582688172
2022-12-08 09:00:00,1.582701613
2022-12-08 10:00:00,1.582715054
2022-12-08 11:00:00,1.582728495
2022-12-08 12:00:00,1.582741935
2022-12-08 13:00:00,1.582755376
2022-12-08 14:00:00,1.582768817
2022-12-08 15:00:00,1.582782258
2022-12-08 16:00:00,1.582795699
2022-12-08 17:00:00,1.58280914
2022-12-08 18:00:00,1.582822581
2022-12-08 19:00:00,1.582836022
2022-12-08 20:00:00,1.582849462
2022-12-08 21:00:00,1.582862903
2022-12-08 22:00:00,1.582876344
2022-12-08 23:00:00,1.582889785
2022-12-09 00:00:00,1.582903226
2022-12-09 01:00:00,1.582916667
2022-12-09 02:00:00,1.582930108
2022-12-09 03:00:00,1.582943548
2022-12-09 04:00:00,1.582956989
2022-12-09 05:00:00,1.58297043
2022-12-09 06:00:00,1.582983871
2022-12-09 07:00:00,1.582997312
2022-12-09 08:00:00,1.583010753
2022-12-09 09:00:00,1.583024194
2022-12-09 10:00:00,1.583037634
2022-12-09 11:00:00,1.583051075
2022-12-09 12:00:00,1.583064516
2022-12-09 13:00:00,1.583077957
2022-12-09 14:00:00,1.583091398
2022-12-09 15:00:00,1.583104839
2022-12-09 16:00:00,1.58311828
2022-12-09 17:00:00,1.58313172
2022-12-09 18:00:00,1.583145161
2022-12-09 19:00:00,1.583158602
2022-12-09 20:00:00,1.583172043
2022-12-09 21:00:00,1.583185484
2022-12-09 22:00:00,1.583198925
2022-12-09 23:00:00,1.583212366
2022-12-10 00:00:00,1.583225806
2022-12-10 01:00:00,1.583239247
2022-12-10 02:00:00,1.583252688
2022-12-10 03:00:00,1.583266129
2022-12-10 04:00:00,1.58327957
2022-12-10 05:00:00,1.583293011
2022-12-10 06:00:00,1.583306452
2022-12-10 07:00:00,1.583319892
2022-12-10 08:00:00,1.583333333
2022-12-10 09:00:00,1.583346774
2022-12-10 10:00:00,1.583360215
2022-12-10 11:00:00,1.583373656
2022-12-10 12:00:00,1.583387097
2022-12-10 13:00:00,1.583400538
2022-12-10 14:00:00,1.583413978
2022-12-10 15:00:00,1.583427419
2022-12-10 16:00:00,1.58344086
2022-12-10 17:00:00,1.583454301
2022-12-10 18:00:00,1.583467742
2022-12-10 19:00:00,1.583481183
2022-12-10 20:00:00,1.583494624
2022-12-10 21:00:00,1.583508065
2022-12-10 22:00:00,1.583521505
2022-12-10 23:00:00,1.583534946
2022-12-11 00:00:00,1.583548387
2022-12-11 01:00:00,1.583561828
2022-12-11 02:00:00,1.583575269
2022-12-11 03:00:00,1.58358871
2022-12-11 04:00:00,1.583602151
2022-12-11 05:00:00,1.583615591
2022-12-11 06:00:00,1.583629032
2022-12-11 07:00:00,1.583642473
2022-12-11 08:00:00,1.583655914
2022-12-11 09:00:00,1.583669355
2022-12-11 10:00:00,1.583682796
2022-12-11 11:00:00,1.583696237
2022-12-11 12:00:00,1.583709677
2022-12-11 13:00:00,1.583723118
2022-12-11 14:00:00,1.583736559
2022-12-11 15:00:00,1.58375
2022-12-11 16:00:00,1.583763441
2022-12-11 17:00:00,1.583776882
2022-12-11 18:00:00,1.583790323
2022-12-11 19:00:00,1.583803763
2022-12-11 20:00:00,1.583817204
2022-12-11 21:00:00,1.583830645
2022-12-11 22:00:00,1.583844086
2022-12-11 23:00:00,1.583857527
2022-12-12 00:00:00,1.583870968
2022-12-12 01:00:00,1.583884409
2022-12-12 02:00:00,1.583897849
2022-12-12 03:00:00,1.58391129
2022-12-12 04:00:00,1.583924731
2022-12-12 05:00:00,1.583938172
2022-12-12 06:00:00,1.583951613
2022-12-12 07:00:00,1.583965054
2022-12-12 08:00:00,1.583978495
2022-12-12 09:00:00,1.583991935
2022-12-12 10:00:00,1.584005376
2022-12-12 11:00:00,1.584018817
2022-12-12 12:00:00,1.584032258
2022-12-12 13:00:00,1.584045699
2022-12-12 14:00:00,1.58405914
2022-12-12 15:00:00,1.584072581
2022-12-12 16:00:00,1.584086022
2022-12-12 17:00:00,1.584099462
2022-12-12 18:00:00,1.584112903
2022-12-12 19:00:00,1.584126344
2022-12-12 20:00:00,1.584139785
2022-12-12 21:00:00,1.584153226
2022-12-12 22:00:00,1.584166667
2022-12-12 23:00:00,1.584180108
2022-12-13 00:00:00,1.584193548
2022-12-13 01:00:00,1.584206989
2022-12-13 02:00:00,1.58422043
2022-12-13 03:00:00,1.584233871
2022-12-13 04:00:00,1.584247312
2022-12-13 05:00:00,1.584260753
2022-12-13 06:00:00,1.584274194
2022-12-13 07:00:00,1.584287634
2022-12-13 08:00:00,1.584301075
2022-12-13 09:00:00,1.584314516
2022-12-13 10:00:00,1.584327957
2022-12-13 11:00:00,1.584341398
2022-12-13 12:00:00,1.584354839
2022-12-13 13:00:00,1.58436828
2022-12-13 14:00:00,1.58438172
2022-12-13 15:00:00,1.584395161
2022-12-13 16:00:00,1.584408602
2022-12-13 17:00:00,1.584422043
2022-12-13 18:00:00,1.584435484
2022-12-13 19:00:00,1.584448925
2022-12-13 20:00:00,1.584462366
2022-12-13 21:00:00,1.584475806
2022-12-13 22:00:00,1.584489247
2022-12-13 23:00:00,1.584502688
2022-12-14 00:00:00,1.584516129
2022-12-14 01:00:00,1.58452957
2022-12-14 02:00:00,1.584543011
2022-12-14 03:00:00,1.584556452
2022-12-14 04:00:00,1.584569892
2022-12-14 05:00:00,1.584583333
2022-12-14 06:00:00,1.584596774
2022-12-14 07:00:00,1.584610215
2022-12-14 08:00:00,1.584623656
2022-12-14 09:00:00,1.584637097
2022-12-14 10:00:00,1.584650538
2022-12-14 11:00:00,1.584663978
2022-12-14 12:00:00,1.584677419
2022-12-14 13:00:00,1.58469086
2022-12-14 14:00:00,1.584704301
2022-12-14 15:00:00,1.584717742
2022-12-14 16:00:00,1.584731183
2022-12-14 17:00:00,1.584744624
2022-12-14 18:00:00,1.584758065
2022-12-14 19:00:00,1.584771505
2022-12-14 20:00:00,1.584784946
2022-12-14 21:00:00,1.584798387
2022-12-14 22:00:00,1.584811828
2022-12-14 23:00:00,1.584825269
2022-12-15 00:00:00,1.58483871
2022-12-15 01:00:00,1.584852151
2022-12-15 02:00:00,1.584865591
2022-12-15 03:00:00,1.584879032
2022-12-15 04:00:00,1.584892473
2022-12-15 05:00:00,1.584905914
2022-12-15 06:00:00,1.584919355
2022-12-15 07:00:00,1.584932796
2022-12-15 08:00:00,1.584946237
2022-12-15 09:00:00,1.584959677
2022-12-15 10:00:00,1.584973118
2022-12-15 11:00:00,1.584986559
2022-12-15 12:00:00,1.585
2022-12-15 13:00:00,1.585013441
2022-12-15 14:00:00,1.585026882
2022-12-15 15:00:00,1.585040323
2022-12-15 16:00:00,1.585053763
2022-12-15 17:00:00,1.585067204
2022-12-15 18:00:00,1.585080645
2022-12-15 19:00:00,1.585094086
2022-12-15 20:00:00,1.585107527
2022-12-15 21:00:00,1.585120968
2022-12-15 22:00:00,1.585134409
2022-12-15 23:00:00,1.585147849
2022-12-16 00:00:00,1.58516129
2022-12-16 01:00:00,1.585174731
2022-12-16 02:00:00,1.585188172
2022-12-16 03:00:00,1.585201613
2022-12-16 04:00:00,1.585215054
2022-12-16 05:00:00,1.585228495
2022-12-16 06:00:00,1.585241935
2022-12-16 07:00:00,1.585255376
2022-12-16 08:00:00,1.585268817
2022-12-16 09:00:00,1.585282258
2022-12-16 10:00:00,1.585295699
2022-12-16 11:00:00,1.58530914
2022-12-16 12:00:00,1.585322581
2022-12-16 13:00:00,1.585336022
2022-12-16 14:00:00,1.585349462
2022-12-16 15:00:00,1.585362903
2022-12-16 16:00:00,1.585376344
2022-12-16 17:00:00,1.585389785
2022-12-16 18:00:00,1.585403226
2022-12-16 19:00:00,1.585416667
2022-12-16 20:00:00,1.585430108
2022-12-16 21:00:00,1.585443548
2022-12-16 22:00:00,1.585456989
2022-12-16 23:00:00,1.58547043
2022-12-17 00:00:00,1.585483871
2022-12-17 01:00:00,1.585497312
2022-12-17 02:00:00,1.585510753
2022-12-17 03:00:00,1.585524194
2022-12-17 04:00:00,1.585537634
2022-12-17 05:00:00,1.585551075
2022-12-17 06:00:00,1.585564516
2022-12-17 07:00:00,1.585577957
2022-12-17 08:00:00,1.585591398
2022-12-17 09:00:00,1.585604839
2022-12-17 10:00:00,1.58561828
2022-12-17 11:00:00,1.58563172
2022-12-17 12:00:00,1.585645161
2022-12-17 13:00:00,1.585658602
2022-12-17 14:00:00,1.585672043
2022-12-17 15:00:00,1.585685484
2022-12-17 16:00:00,1.585698925
2022-12-17 17:00:00,1.585712366
2022-12-17 18:00:00,1.585725806
2022-12-17 19:00:00,1.585739247
2022-12-17 20:00:00,1.585752688
2022-12-17 21:00:00,1.585766129
2022-12-17 22:00:00,1.58577957
2022-12-17 23:00:00,1.585793011
2022-12-18 00:00:00,1.585806452
2022-12-18 01:00:00,1.585819892
2022-12-18 02:00:00,1.585833333
2022-12-18 03:00:00,1.585846774
2022-12-18 04:00:00,1.585860215
2022-12-18 05:00:00,1.585873656
2022-12-18 06:00:00,1.585887097
2022-12-18 07:00:00,1.585900538
2022-12-18 08:00:00,1.585913978
2022-12-18 09:00:00,1.585927419
2022-12-18 10:00:00,1.58594086
2022-12-18 11:00:00,1.585954301
2022-12-18 12:00:00,1.585967742
2022-12-18 13:00:00,1.585981183
2022-12-18 14:00:00,1.585994624
2022-12-18 15:00:00,1.586008065
2022-12-18 16:00:00,1.586021505
2022-12-18 17:00:00,1.586034946
2022-12-18 18:00:00,1.586048387
2022-12-18 19:00:00,1.586061828
2022-12-18 20:00:00,1.586075269
2022-12-18 21:00:00,1.58608871
2022-12-18 22:00:00,1.586102151
2022-12-18 23:00:00,1.586115591
2022-12-19 00:00:00,1.586129032
2022-12-19 01:00:00,1.586142473
2022-12-19 02:00:00,1.586155914
2022-12-19 03:00:00,1.586169355
2022-12-19 04:00:00,1.586182796
2022-12-19 05:00:00,1.586196237
2022-12-19 06:00:00,1.586209677
2022-12-19 07:00:00,1.586223118
2022-12-19 08:00:00,1.586236559
2022-12-19 09:00:00,1.58625
2022-12-19 10:00:00,1.586263441
2022-12-19 11:00:00,1.586276882
2022-12-19 12:00:00,1.586290323
2022-12-19 13:00:00,1.586303763
2022-12-19 14:00:00,1.586317204
2022-12-19 15:00:00,1.586330645
2022-12-19 16:00:00,1.586344086
2022-12-19 17:00:00,1.586357527
2022-12-19 18:00:00,1.586370968
2022-12-19 19:00:00,1.586384409
2022-12-19 20:00:00,1.586397849
2022-12-19 21:00:00,1.58641129
2022-12-19 22:00:00,1.586424731
2022-12-19 23:00:00,1.586438172
2022-12-20 00:00:00,1.586451613
2022-12-20 01:00:00,1.586465054
2022-12-20 02:00:00,1.586478495
2022-12-20 03:00:00,1.586491935
2022-12-20 04:00:00,1.586505376
2022-12-20 05:00:00,1.586518817
2022-12-20 06:00:00,1.586532258
2022-12-20 07:00:00,1.586545699
2022-12-20 08:00:00,1.58655914
2022-12-20 09:00:00,1.586572581
2022-12-20 10:00:00,1.586586022
2022-12-20 11:00:00,1.586599462
2022-12-20 12:00:00,1.586612903
2022-12-20 13:00:00,1.586626344
2022-12-20 14:00:00,1.586639785
2022-12-20 15:00:00,1.586653226
2022-12-20 16:00:00,1.586666667
2022-12-20 17:00:00,1.586680108
2022-12-20 18:00:00,1.586693548
2022-12-20 19:00:00,1.586706989
2022-12-20 20:00:00,1.58672043
2022-12-20 21:00:00,1.586733871
2022-12-20 22:00:00,1.586747312
2022-12-20 23:00:00,1.586760753
2022-12-21 00:00:00,1.586774194
2022-12-21 01:00:00,1.586787634
2022-12-21 02:00:00,1.586801075
2022-12-21 03:00:00,1.586814516
2022-12-21 04:00:00,1.586827957
2022-12-21 05:00:00,1.586841398
2022-12-21 06:00:00,1.586854839
2022-12-21 07:00:00,1.58686828
2022-12-21 08:00:00,1.58688172
2022-12-21 09:00:00,1.586895161
2022-12-21 10:00:00,1.586908602
2022-12-21 11:00:00,1.586922043
2022-12-21 12:00:00,1.586935484
2022-12-21 13:00:00,1.586948925
2022-12-21 14:00:00,1.586962366
2022-12-21 15:00:00,1.586975806
2022-12-21 16:00:00,1.586989247
2022-12-21 17:00:00,1.587002688
2022-12-21 18:00:00,1.587016129
2022-12-21 19:00:00,1.58702957
2022-12-21 20:00:00,1.587043011
2022-12-21 21:00:00,1.587056452
2022-12-21 22:00:00,1.587069892
2022-12-21 23:00:00,1.587083333
2022-12-22 00:00:00,1.587096774
2022-12-22 01:00:00,1.587110215
2022-12-22 02:00:00,1.587123656
2022-12-22 03:00:00,1.587137097
2022-12-22 04:00:00,1.587150538
2022-12-22 05:00:00,1.587163978
2022-12-22 06:00:00,1.587177419
2022-12-22 07:00:00,1.58719086
2022-12-22 08:00:00,1.587204301
2022-12-22 09:00:00,1.587217742
2022-12-22 10:00:00,1.587231183
2022-12-22 11:00:00,1.587244624
2022-12-22 12:00:00,1.587258065
2022-12-22 13:00:00,1.587271505
2022-12-22 14:00:00,1.587284946
2022-12-22 15:00:00,1.587298387
2022-12-22 16:00:00,1.587311828
2022-12-22 17:00:00,1.587325269
2022-12-22 18:00:00,1.58733871
2022-12-22 19:00:00,1.587352151
2022-12-22 20:00:00,1.587365591
2022-12-22 21:00:00,1.587379032
2022-12-22 22:00:00,1.587392473
2022-12-22 23:00:00,1.587405914
2022-12-23 00:00:00,1.587419355
2022-12-23 01:00:00,1.587432796
2022-12-23 02:00:00,1.587446237
2022-12-23 03:00:00,1.587459677
2022-12-23 04:00:00,1.587473118
2022-12-23 05:00:00,1.587486559
2022-12-23 06:00:00,1.5875
2022-12-23 07:00:00,1.587513441
2022-12-23 08:00:00,1.587526882
2022-12-23 09:00:00,1.587540323
2022-12-23 10:00:00,1.587553763
2022-12-23 11:00:00,1.587567204
2022-12-23 12:00:00,1.587580645
2022-12-23 13:00:00,1.587594086
2022-12-23 14:00:00,1.587607527
2022-12-23 15:00:00,1.587620968
2022-12-23 16:00:00,1.587634409
2022-12-23 17:00:00,1.587647849
2022-12-23 18:00:00,1.58766129
2022-12-23 19:00:00,1.587674731
2022-12-23 20:00:00,1.587688172
2022-12-23 21:00:00,1.587701613
2022-12-23 22:00:00,1.587715054
2022-12-23 23:00:00,1.587728495
2022-12-24 00:00:00,1.587741935
2022-12-24 01:00:00,1.587755376
2022-12-24 02:00:00,1.587768817
2022-12-24 03:00:00,1.587782258
2022-12-24 04:00:00,1.587795699
2022-12-24 05:00:00,1.58780914
2022-12-24 06:00:00,1.587822581
2022-12-24 07:00:00,1.587836022
2022-12-24 08:00:00,1.587849462
2022-12-24 09:00:00,1.587862903
2022-12-24 10:00:00,1.587876344
2022-12-24 11:00:00,1.587889785
2022-12-24 12:00:00,1.587903226
2022-12-24 13:00:00,1.587916667
2022-12-24 14:00:00,1.587930108
2022-12-24 15:00:00,1.587943548
2022-12-24 16:00:00,1.587956989
2022-12-24 17:00:00,1.58797043
2022-12-24 18:00:00,1.587983871
2022-12-24 19:00:00,1.587997312
2022-12-24 20:00:00,1.588010753
2022-12-24 21:00:00,1.588024194
2022-12-24 22:00:00,1.588037634
2022-12-24 23:00:00,1.588051075
2022-12-25 00:00:00,1.588064516
2022-12-25 01:00:00,1.588077957
2022-12-25 02:00:00,1.588091398
2022-12-25 03:00:00,1.588104839
2022-12-25 04:00:00,1.58811828
2022-12-25 05:00:00,1.58813172
2022-12-25 06:00:00,1.588145161
2022-12-25 07:00:00,1.588158602
2022-12-25 08:00:00,1.588172043
2022-12-25 09:00:00,1.588185484
2022-12-25 10:00:00,1.588198925
2022-12-25 11:00:00,1.588212366
2022-12-25 12:00:00,1.588225806
2022-12-25 13:00:00,1.588239247
2022-12-25 14:00:00,1.588252688
2022-12-25 15:00:00,1.588266129
2022-12-25 16:00:00,1.58827957
2022-12-25 17:00:00,1.588293011
2022-12-25 18:00:00,1.588306452
2022-12-25 19:00:00,1.588319892
2022-12-25 20:00:00,1.588333333
2022-12-25 21:00:00,1.588346774
2022-12-25 22:00:00,1.588360215
2022-12-25 23:00:00,1.588373656
2022-12-26 00:00:00,1.588387097
2022-12-26 01:00:00,1.588400538
2022-12-26 02:00:00,1.588413978
2022-12-26 03:00:00,1.588427419
2022-12-26 04:00:00,1.58844086
2022-12-26 05:00:00,1.588454301
2022-12-26 06:00:00,1.588467742
2022-12-26 07:00:00,1.588481183
2022-12-26 08:00:00,1.588494624
2022-12-26 09:00:00,1.588508065
2022-12-26 10:00:00,1.588521505
2022-12-26 11:00:00,1.588534946
2022-12-26 12:00:00,1.588548387
2022-12-26 13:00:00,1.588561828
2022-12-26 14:00:00,1.588575269
2022-12-26 15:00:00,1.58858871
2022-12-26 16:00:00,1.588602151
2022-12-26 17:00:00,1.588615591
2022-12-26 18:00:00,1.588629032
2022-12-26 19:00:00,1.588642473
2022-12-26 20:00:00,1.588655914
2022-12-26 21:00:00,1.588669355
2022-12-26 22:00:00,1.588682796
2022-12-26 23:00:00,1.588696237
2022-12-27 00:00:00,1.588709677
2022-12-27 01:00:00,1.588723118
2022-12-27 02:00:00,1.588736559
2022-12-27 03:00:00,1.58875
2022-12-27 04:00:00,1.588763441
2022-12-27 05:00:00,1.588776882
2022-12-27 06:00:00,1.588790323
2022-12-27 07:00:00,1.588803763
2022-12-27 08:00:00,1.588817204
2022-12-27 09:00:00,1.588830645
2022-12-27 10:00:00,1.588844086
2022-12-27 11:00:00,1.588857527
2022-12-27 12:00:00,1.588870968
2022-12-27 13:00:00,1.588884409
2022-12-27 14:00:00,1.588897849
2022-12-27 15:00:00,1.58891129
2022-12-27 16:00:00,1.588924731
2022-12-27 17:00:00,1.588938172
2022-12-27 18:00:00,1.588951613
2022-12-27 19:00:00,1.588965054
2022-12-27 20:00:00,1.588978495
2022-12-27 21:00:00,1.588991935
2022-12-27 22:00:00,1.589005376
2022-12-27 23:00:00,1.589018817
2022-12-28 00:00:00,1.589032258
2022-12-28 01:00:00,1.589045699
2022-12-28 02:00:00,1.58905914
2022-12-28 03:00:00,1.589072581
2022-12-28 04:00:00,1.589086022
2022-12-28 05:00:00,1.589099462
2022-12-28 06:00:00,1.589112903
2022-12-28 07:00:00,1.589126344
2022-12-28 08:00:00,1.589139785
2022-12-28 09:00:00,1.589153226
2022-12-28 10:00:00,1.589166667
2022-12-28 11:00:00,1.589180108
2022-12-28 12:00:00,1.589193548
2022-12-28 13:00:00,1.589206989
2022-12-28 14:00:00,1.58922043
2022-12-28 15:00:00,1.589233871
2022-12-28 16:00:00,1.589247312
2022-12-28 17:00:00,1.589260753
2022-12-28 18:00:00,1.589274194
2022-12-28 19:00:00,1.589287634
2022-12-28 20:00:00,1.589301075
2022-12-28 21:00:00,1.589314516
2022-12-28 22:00:00,1.589327957
2022-12-28 23:00:00,1.589341398
2022-12-29 00:00:00,1.589354839
2022-12-29 01:00:00,1.58936828
2022-12-29 02:00:00,1.58938172
2022-12-29 03:00:00,1.589395161
2022-12-29 04:00:00,1.589408602
2022-12-29 05:00:00,1.589422043
2022-12-29 06:00:00,1.589435484
2022-12-29 07:00:00,1.589448925
2022-12-29 08:00:00,1.589462366
2022-12-29 09:00:00,1.589475806
2022-12-29 10:00:00,1.589489247
2022-12-29 11:00:00,1.589502688
2022-12-29 12:00:00,1.589516129
2022-12-29 13:00:00,1.58952957
2022-12-29 14:00:00,1.589543011
2022-12-29 15:00:00,1.589556452
2022-12-29 16:00:00,1.589569892
2022-12-29 17:00:00,1.589583333
2022-12-29 18:00:00,1.589596774
2022-12-29 19:00:00,1.589610215
2022-12-29 20:00:00,1.589623656
2022-12-29 21:00:00,1.589637097
2022-12-29 22:00:00,1.589650538
2022-12-29 23:00:00,1.589663978
2022-12-30 00:00:00,1.589677419
2022-12-30 01:00:00,1.58969086
2022-12-30 02:00:00,1.589704301
2022-12-30 03:00:00,1.589717742
2022-12-30 04:00:00,1.589731183
2022-12-30 05:00:00,1.589744624
2022-12-30 06:00:00,1.589758065
2022-12-30 07:00:00,1.589771505
2022-12-30 08:00:00,1.589784946
2022-12-30 09:00:00,1.589798387
2022-12-30 10:00:00,1.589811828
2022-12-30 11:00:00,1.589825269
2022-12-30 12:00:00,1.58983871
2022-12-30 13:00:00,1.589852151
2022-12-30 14:00:00,1.589865591
2022-12-30 15:00:00,1.589879032
2022-12-30 16:00:00,1.589892473
2022-12-30 17:00:00,1.589905914
2022-12-30 18:00:00,1.589919355
2022-12-30 19:00:00,1.589932796
2022-12-30 20:00:00,1.589946237
2022-12-30 21:00:00,1.589959677
2022-12-30 22:00:00,1.589973118
2022-12-30 23:00:00,1.589986559
2022-12-31 00:00:00,1.59
2022-12-31 00:00:00,1.5866371434884032
2022-12-31 01:00:00,1.5866400166520556
2022-12-31 02:00:00,1.5866428850273795
2022-12-31 03:00:00,1.5866457486140455
2022-12-31 04:00:00,1.5866486074117239
2022-12-31 05:00:00,1.5866514614200873
2022-12-31 06:00:00,1.5866543106388062
2022-12-31 07:00:00,1.5866571550675557
2022-12-31 08:00:00,1.5866599947060065
2022-12-31 09:00:00,1.5866628295538336
2022-12-31 10:00:00,1.586665659610711
2022-12-31 11:00:00,1.5866684848763133
2022-12-31 12:00:00,1.5866713053503168
2022-12-31 13:00:00,1.5866741210323958
2022-12-31 14:00:00,1.5866769319222285
2022-12-31 15:00:00,1.5866797380194906
2022-12-31 16:00:00,1.5866825393238604
2022-12-31 17:00:00,1.5866853358350155
2022-12-31 18:00:00,1.5866881275526352
2022-12-31 19:00:00,1.586690914476399
2022-12-31 20:00:00,1.5866936966059848
2022-12-31 21:00:00,1.5866964739410754
2022-12-31 22:00:00,1.58669924648135
2022-12-31 23:00:00,1.5867020142264907
2023-01-01 00:00:00,1.5867047771761793
2023-01-01 01:00:00,1.5867075353300983
2023-01-01 02:00:00,1.5867102886879314
2023-01-01 03:00:00,1.5867130372493607
2023-01-01 04:00:00,1.5867157810140724
2023-01-01 05:00:00,1.5867185199817497
2023-01-01 06:00:00,1.5867212541520785
2023-01-01 07:00:00,1.5867239835247444
2023-01-01 08:00:00,1.586726708099434
2023-01-01 09:00:00,1.5867294278758348
2023-01-01 10:00:00,1.5867321428536327
2023-01-01 11:00:00,1.5867348530325176
2023-01-01 12:00:00,1.5867375584121766
2023-01-01 13:00:00,1.5867402589923
2023-01-01 14:00:00,1.5867429547725767
2023-01-01 15:00:00,1.5867456457526974
2023-01-01 16:00:00,1.5867483319323525
2023-01-01 17:00:00,1.5867510133112337
2023-01-01 18:00:00,1.5867536898890333
2023-01-01 19:00:00,1.5867563616654423
2023-01-01 20:00:00,1.5867590286401554
2023-01-01 21:00:00,1.5867616908128654
2023-01-01 22:00:00,1.586764348183266
2023-01-01 23:00:00,1.5867670007510528
2023-01-02 00:00:00,1.5867696485159202
2023-01-02 01:00:00,1.5867722914775646
2023-01-02 02:00:00,1.5867749296356817
2023-01-02 03:00:00,1.586777562989969
2023-01-02 04:00:00,1.5867801915401234
2023-01-02 05:00:00,1.5867828152858432
2023-01-02 06:00:00,1.5867854342268266
2023-01-02 07:00:00,1.586788048362773
2023-01-02 08:00:00,1.5867906576933826
2023-01-02 09:00:00,1.5867932622183538
2023-01-02 10:00:00,1.5867958619373894
2023-01-02 11:00:00,1.586798456850189
2023-01-02 12:00:00,1.5868010469564557
2023-01-02 13:00:00,1.5868036322558912
2023-01-02 14:00:00,1.5868062127481988
2023-01-02 15:00:00,1.586808788433082
2023-01-02 16:00:00,1.5868113593102438
2023-01-02 17:00:00,1.586813925379391
2023-01-02 18:00:00,1.5868164866402261
2023-01-02 19:00:00,1.5868190430924571
2023-01-02 20:00:00,1.5868215947357889
2023-01-02 21:00:00,1.5868241415699287
2023-01-02 22:00:00,1.5868266835945841
2023-01-02 23:00:00,1.5868292208094625
2023-01-03 00:00:00,1.5868317532142733
2023-01-03 01:00:00,1.5868342808087241
2023-01-03 02:00:00,1.586836803592526
2023-01-03 03:00:00,1.5868393215653878
2023-01-03 04:00:00,1.5868418347270212
2023-01-03 05:00:00,1.5868443430771368
2023-01-03 06:00:00,1.5868468466154464
2023-01-03 07:00:00,1.5868493453416634
2023-01-03 08:00:00,1.5868518392554987
2023-01-03 09:00:00,1.5868543283566678
2023-01-03 10:00:00,1.5868568126448837
2023-01-03 11:00:00,1.5868592921198605
2023-01-03 12:00:00,1.586861766781314
2023-01-03 13:00:00,1.58686423662896
2023-01-03 14:00:00,1.5868667016625144
2023-01-03 15:00:00,1.5868691618816937
2023-01-03 16:00:00,1.5868716172862158
2023-01-03 17:00:00,1.5868740678757975
2023-01-03 18:00:00,1.5868765136501592
2023-01-03 19:00:00,1.5868789546090178
2023-01-03 20:00:00,1.586881390752094
2023-01-03 21:00:00,1.5868838220791075
2023-01-03 22:00:00,1.586886248589779
2023-01-03 23:00:00,1.58688867028383
2023-01-04 00:00:00,1.5868910871609814
2023-01-04 01:00:00,1.5868934992209567
2023-01-04 02:00:00,1.5868959064634776
2023-01-04 03:00:00,1.5868983088882684
2023-01-04 04:00:00,1.5869007064950522
2023-01-04 05:00:00,1.5869030992835542
2023-01-04 06:00:00,1.5869054872534998
2023-01-04 07:00:00,1.586907870404613
2023-01-04 08:00:00,1.5869102487366218
2023-01-04 09:00:00,1.586912622249252
2023-01-04 10:00:00,1.5869149909422307
2023-01-04 11:00:00,1.5869173548152862
2023-01-04 12:00:00,1.586919713868147
2023-01-04 13:00:00,1.586922068100542
2023-01-04 14:00:00,1.5869244175122
2023-01-04 15:00:00,1.5869267621028518
2023-01-04 16:00:00,1.5869291018722271
2023-01-04 17:00:00,1.5869314368200589
2023-01-04 18:00:00,1.5869337669460768
2023-01-04 19:00:00,1.5869360922500142
2023-01-04 20:00:00,1.5869384127316042
2023-01-04 21:00:00,1.5869407283905788
2023-01-04 22:00:00,1.5869430392266735
2023-01-04 23:00:00,1.5869453452396216
2023-01-05 00:00:00,1.586947646429159
2023-01-05 01:00:00,1.5869499427950207
2023-01-05 02:00:00,1.586952234336943
2023-01-05 03:00:00,1.5869545210546627
2023-01-05 04:00:00,1.5869568029479169
2023-01-05 05:00:00,1.586959080016444
2023-01-05 06:00:00,1.586961352259981
2023-01-05 07:00:00,1.5869636196782684
2023-01-05 08:00:00,1.5869658822710448
2023-01-05 09:00:00,1.5869681400380502
2023-01-05 10:00:00,1.5869703929790255
2023-01-05 11:00:00,1.5869726410937115
2023-01-05 12:00:00,1.5869748843818505
2023-01-05 13:00:00,1.5869771228431837
2023-01-05 14:00:00,1.586979356477455
2023-01-05 15:00:00,1.5869815852844071
2023-01-05 16:00:00,1.586983809263784
2023-01-05 17:00:00,1.5869860284153303
2023-01-05 18:00:00,1.5869882427387907
2023-01-05 19:00:00,1.5869904522339118
2023-01-05 20:00:00,1.586992656900438
2023-01-05 21:00:00,1.5869948567381176
2023-01-05 22:00:00,1.5869970517466965
2023-01-05 23:00:00,1.5869992419259238
2023-01-06 00:00:00,1.5870014272755468
2023-01-06 01:00:00,1.587003607795315
2023-01-06 02:00:00,1.5870057834849773
2023-01-06 03:00:00,1.587007954344284
2023-01-06 04:00:00,1.5870101203729867
2023-01-06 05:00:00,1.5870122815708343
2023-01-06 06:00:00,1.5870144379375803
2023-01-06 07:00:00,1.5870165894729766
2023-01-06 08:00:00,1.5870187361767751
2023-01-06 09:00:00,1.5870208780487303
2023-01-06 10:00:00,1.5870230150885951
2023-01-06 11:00:00,1.587025147296125
2023-01-06 12:00:00,1.5870272746710736
2023-01-06 13:00:00,1.5870293972131981
2023-01-06 14:00:00,1.5870315149222531
2023-01-06 15:00:00,1.5870336277979964
2023-01-06 16:00:00,1.5870357358401845
2023-01-06 17:00:00,1.5870378390485755
2023-01-06 18:00:00,1.5870399374229283
2023-01-06 19:00:00,1.5870420309630002
2023-01-06 20:00:00,1.5870441196685523
2023-01-06 21:00:00,1.5870462035393436
2023-01-06 22:00:00,1.5870482825751353
2023-01-06 23:00:00,1.587050356775688
2023-01-07 00:00:00,1.587052426140764
2023-01-07 01:00:00,1.587054490670125
2023-01-07 02:00:00,1.587056550363533
2023-01-07 03:00:00,1.5870586052207534
2023-01-07 04:00:00,1.587060655241548
2023-01-07 05:00:00,1.587062700425683
2023-01-07 06:00:00,1.5870647407729221
2023-01-07 07:00:00,1.5870667762830313
2023-01-07 08:00:00,1.587068806955777
2023-01-07 09:00:00,1.5870708327909253
2023-01-07 10:00:00,1.5870728537882444
2023-01-07 11:00:00,1.5870748699475006
2023-01-07 12:00:00,1.5870768812684637
2023-01-07 13:00:00,1.5870788877509014
2023-01-07 14:00:00,1.5870808893945842
2023-01-07 15:00:00,1.5870828861992814
2023-01-07 16:00:00,1.5870848781647637
2023-01-07 17:00:00,1.5870868652908028
2023-01-07 18:00:00,1.5870888475771692
2023-01-07 19:00:00,1.5870908250236362
2023-01-07 20:00:00,1.5870927976299762
2023-01-07 21:00:00,1.5870947653959624
2023-01-07 22:00:00,1.5870967283213686
2023-01-07 23:00:00,1.58709868640597
2023-01-08 00:00:00,1.5871006396495408
2023-01-08 01:00:00,1.5871025880518568
2023-01-08 02:00:00,1.5871045316126946
2023-01-08 03:00:00,1.5871064703318296
2023-01-08 04:00:00,1.587108404209041
2023-01-08 05:00:00,1.5871103332441048
2023-01-08 06:00:00,1.5871122574368002
2023-01-08 07:00:00,1.5871141767869061
2023-01-08 08:00:00,1.5871160912942015
2023-01-08 09:00:00,1.5871180009584671
2023-01-08 10:00:00,1.587119905779483
2023-01-08 11:00:00,1.5871218057570304
2023-01-08 12:00:00,1.587123700890891
2023-01-08 13:00:00,1.587125591180847
2023-01-08 14:00:00,1.5871274766266814
2023-01-08 15:00:00,1.5871293572281773
2023-01-08 16:00:00,1.587131232985119
2023-01-08 17:00:00,1.5871331038972902
2023-01-08 18:00:00,1.587134969964477
2023-01-08 19:00:00,1.5871368311864642
2023-01-08 20:00:00,1.5871386875630382
2023-01-08 21:00:00,1.5871405390939854
2023-01-08 22:00:00,1.5871423857790936
2023-01-08 23:00:00,1.5871442276181504
2023-01-09 00:00:00,1.5871460646109439
2023-01-09 01:00:00,1.5871478967572634
2023-01-09 02:00:00,1.587149724056898
2023-01-09 03:00:00,1.5871515465096382
2023-01-09 04:00:00,1.587153364115274
2023-01-09 05:00:00,1.5871551768735968
2023-01-09 06:00:00,1.5871569847843991
2023-01-09 07:00:00,1.5871587878474716
2023-01-09 08:00:00,1.5871605860626083
2023-01-09 09:00:00,1.5871623794296021
2023-01-09 10:00:00,1.5871641679482476
2023-01-09 11:00:00,1.5871659516183385
2023-01-09 12:00:00,1.58716773043967
2023-01-09 13:00:00,1.587169504412038
2023-01-09 14:00:00,1.5871712735352383
2023-01-09 15:00:00,1.5871730378090685
2023-01-09 16:00:00,1.5871747972333243
2023-01-09 17:00:00,1.5871765518078051
2023-01-09 18:00:00,1.5871783015323087
2023-01-09 19:00:00,1.5871800464066335
2023-01-09 20:00:00,1.58718178643058
2023-01-09 21:00:00,1.5871835216039472
2023-01-09 22:00:00,1.5871852519265368
2023-01-09 23:00:00,1.587186977398149
2023-01-10 00:00:00,1.5871886980185865
2023-01-10 01:00:00,1.587190413787651
2023-01-10 02:00:00,1.5871921247051453
2023-01-10 03:00:00,1.587193830770873
2023-01-10 04:00:00,1.587195531984638
2023-01-10 05:00:00,1.5871972283462452
2023-01-10 06:00:00,1.5871989198554988
2023-01-10 07:00:00,1.5872006065122053
2023-01-10 08:00:00,1.5872022883161705
2023-01-10 09:00:00,1.5872039652672014
2023-01-10 10:00:00,1.587205637365105
2023-01-10 11:00:00,1.5872073046096893
2023-01-10 12:00:00,1.587208967000763
2023-01-10 13:00:00,1.5872106245381343
2023-01-10 14:00:00,1.587212277221614
2023-01-10 15:00:00,1.5872139250510107
2023-01-10 16:00:00,1.5872155680261364
2023-01-10 17:00:00,1.5872172061468015
2023-01-10 18:00:00,1.5872188394128182
2023-01-10 19:00:00,1.5872204678239985
2023-01-10 20:00:00,1.5872220913801554
2023-01-10 21:00:00,1.5872237100811026
2023-01-10 22:00:00,1.5872253239266536
2023-01-10 23:00:00,1.5872269329166238
2023-01-11 00:00:00,1.5872285370508272
2023-01-11 01:00:00,1.5872301363290804
2023-01-11 02:00:00,1.5872317307511992
2023-01-11 03:00:00,1.5872333203170004
2023-01-11 04:00:00,1.5872349050263017
2023-01-11 05:00:00,1.5872364848789204
2023-01-11 06:00:00,1.5872380598746756
2023-01-11 07:00:00,1.5872396300133862
2023-01-11 08:00:00,1.5872411952948713
2023-01-11 09:00:00,1.5872427557189512
2023-01-11 10:00:00,1.5872443112854473
2023-01-11 11:00:00,1.5872458619941803
2023-01-11 12:00:00,1.5872474078449714
2023-01-11 13:00:00,1.5872489488376447
2023-01-11 14:00:00,1.587250484972021
2023-01-11 15:00:00,1.5872520162479258
2023-01-11 16:00:00,1.5872535426651815
2023-01-11 17:00:00,1.5872550642236136
2023-01-11 18:00:00,1.5872565809230474
2023-01-11 19:00:00,1.587258092763308
2023-01-11 20:00:00,1.587259599744222
2023-01-11 21:00:00,1.5872611018656162
2023-01-11 22:00:00,1.5872625991273184
2023-01-11 23:00:00,1.5872640915291558
2023-01-12 00:00:00,1.5872655790709576
2023-01-12 01:00:00,1.5872670617525524
2023-01-12 02:00:00,1.5872685395737698
2023-01-12 03:00:00,1.587270012534441
2023-01-12 04:00:00,1.587271480634395
2023-01-12 05:00:00,1.5872729438734647
2023-01-12 06:00:00,1.5872744022514813
2023-01-12 07:00:00,1.587275855768277
2023-01-12 08:00:00,1.587277304423685
2023-01-12 09:00:00,1.587278748217539
2023-01-12 10:00:00,1.5872801871496733
2023-01-12 11:00:00,1.587281621219922
2023-01-12 12:00:00,1.5872830504281206
2023-01-12 13:00:00,1.5872844747741044
2023-01-12 14:00:00,1.587285894257711
2023-01-12 15:00:00,1.587287308878776
2023-01-12 16:00:00,1.5872887186371374
2023-01-12 17:00:00,1.5872901235326333
2023-01-12 18:00:00,1.5872915235651017
2023-01-12 19:00:00,1.5872929187343827
2023-01-12 20:00:00,1.5872943090403149
2023-01-12 21:00:00,1.5872956944827394
2023-01-12 22:00:00,1.5872970750614968
2023-01-12 23:00:00,1.5872984507764283
2023-01-13 00:00:00,1.5872998216273755
2023-01-13 01:00:00,1.5873011876141814
2023-01-13 02:00:00,1.5873025487366894
2023-01-13 03:00:00,1.587303904994742
2023-01-13 04:00:00,1.5873052563881842
2023-01-13 05:00:00,1.5873066029168608
2023-01-13 06:00:00,1.5873079445806162
2023-01-13 07:00:00,1.5873092813792968
2023-01-13 08:00:00,1.5873106133127495
2023-01-13 09:00:00,1.5873119403808205
2023-01-13 10:00:00,1.5873132625833575
2023-01-13 11:00:00,1.5873145799202086
2023-01-13 12:00:00,1.5873158923912225
2023-01-13 13:00:00,1.5873171999962483
2023-01-13 14:00:00,1.5873185027351358
2023-01-13 15:00:00,1.5873198006077351
2023-01-13 16:00:00,1.587321093613898
2023-01-13 17:00:00,1.5873223817534743
2023-01-13 18:00:00,1.5873236650263174
2023-01-13 19:00:00,1.5873249434322791
2023-01-13 20:00:00,1.587326216971213
2023-01-13 21:00:00,1.5873274856429722
2023-01-13 22:00:00,1.5873287494474115
2023-01-13 23:00:00,1.5873300083843853
2023-01-14 00:00:00,1.5873312624537488
2023-01-14 01:00:00,1.5873325116553587
2023-01-14 02:00:00,1.5873337559890703
2023-01-14 03:00:00,1.5873349954547415
2023-01-14 04:00:00,1.5873362300522298
2023-01-14 05:00:00,1.5873374597813927
2023-01-14 06:00:00,1.5873386846420898
2023-01-14 07:00:00,1.5873399046341794
2023-01-14 08:00:00,1.5873411197575222
2023-01-14 09:00:00,1.587342330011978
2023-01-14 10:00:00,1.587343535397408
2023-01-14 11:00:00,1.5873447359136734
2023-01-14 12:00:00,1.5873459315606369
2023-01-14 13:00:00,1.58734712233816
2023-01-14 14:00:00,1.587348308246107
2023-01-14 15:00:00,1.5873494892843416
2023-01-14 16:00:00,1.5873506654527267
2023-01-14 17:00:00,1.5873518367511288
2023-01-14 18:00:00,1.5873530031794125
2023-01-14 19:00:00,1.5873541647374438
2023-01-14 20:00:00,1.5873553214250893
2023-01-14 21:00:00,1.5873564732422163
2023-01-14 22:00:00,1.5873576201886923
2023-01-14 23:00:00,1.5873587622643852
2023-01-15 00:00:00,1.5873598994691644
2023-01-15 01:00:00,1.5873610318028986
2023-01-15 02:00:00,1.587362159265458
2023-01-15 03:00:00,1.5873632818567132
2023-01-15 04:00:00,1.5873643995765347
2023-01-15 05:00:00,1.5873655124247947
2023-01-15 06:00:00,1.5873666204013648
2023-01-15 07:00:00,1.587367723506118
2023-01-15 08:00:00,1.5873688217389275
2023-01-15 09:00:00,1.587369915099667
2023-01-15 10:00:00,1.5873710035882107
2023-01-15 11:00:00,1.5873720872044341
2023-01-15 12:00:00,1.587373165948212
2023-01-15 13:00:00,1.5873742398194208
2023-01-15 14:00:00,1.5873753088179374
2023-01-15 15:00:00,1.5873763729436383
2023-01-15 16:00:00,1.5873774321964018
2023-01-15 17:00:00,1.5873784865761058
2023-01-15 18:00:00,1.5873795360826293
2023-01-15 19:00:00,1.5873805807158514
2023-01-15 20:00:00,1.5873816204756528
2023-01-15 21:00:00,1.5873826553619137
2023-01-15 22:00:00,1.5873836853745145
2023-01-15 23:00:00,1.5873847105133378
2023-01-16 00:00:00,1.587385730778265
2023-01-16 01:00:00,1.58738674616918
2023-01-16 02:00:00,1.5873877566859649
2023-01-16 03:00:00,1.5873887623285041
2023-01-16 04:00:00,1.5873897630966822
2023-01-16 05:00:00,1.587390758990384
2023-01-16 06:00:00,1.587391750009495
2023-01-16 07:00:00,1.5873927361539013
2023-01-16 08:00:00,1.58739371742349
2023-01-16 09:00:00,1.5873946938181478
2023-01-16 10:00:00,1.587395665337763
2023-01-16 11:00:00,1.5873966319822232
2023-01-16 12:00:00,1.5873975937514182
2023-01-16 13:00:00,1.5873985506452375
2023-01-16 14:00:00,1.58739950266357
2023-01-16 15:00:00,1.5874004498063077
2023-01-16 16:00:00,1.587401392073341
2023-01-16 17:00:00,1.5874023294645616
2023-01-16 18:00:00,1.587403261979862
2023-01-16 19:00:00,1.5874041896191349
2023-01-16 20:00:00,1.587405112382274
2023-01-16 21:00:00,1.587406030269173
2023-01-16 22:00:00,1.5874069432797266
2023-01-16 23:00:00,1.5874078514138295
2023-01-17 00:00:00,1.587408754671378
2023-01-17 01:00:00,1.5874096530522677
2023-01-17 02:00:00,1.5874105465563955
2023-01-17 03:00:00,1.5874114351836592
2023-01-17 04:00:00,1.587412318933956
2023-01-17 05:00:00,1.5874131978071846
2023-01-17 06:00:00,1.5874140718032443
2023-01-17 07:00:00,1.5874149409220344
2023-01-17 08:00:00,1.587415805163455
2023-01-17 09:00:00,1.5874166645274073
2023-01-17 10:00:00,1.5874175190137916
2023-01-17 11:00:00,1.5874183686225103
2023-01-17 12:00:00,1.5874192133534661
2023-01-17 13:00:00,1.587420053206561
2023-01-17 14:00:00,1.5874208881816994
2023-01-17 15:00:00,1.5874217182787849
2023-01-17 16:00:00,1.587422543497722
2023-01-17 17:00:00,1.587423363838416
2023-01-17 18:00:00,1.5874241793007733
2023-01-17 19:00:00,1.5874249898846993
2023-01-17 20:00:00,1.587425795590101
2023-01-17 21:00:00,1.587426596416886
2023-01-17 22:00:00,1.5874273923649622
2023-01-17 23:00:00,1.5874281834342385
2023-01-18 00:00:00,1.5874289696246233
2023-01-18 01:00:00,1.587429750936027
2023-01-18 02:00:00,1.5874305273683593
2023-01-18 03:00:00,1.587431298921531
2023-01-18 04:00:00,1.5874320655954537
2023-01-18 05:00:00,1.587432827390039
2023-01-18 06:00:00,1.5874335843051999
2023-01-18 07:00:00,1.5874343363408487
2023-01-18 08:00:00,1.5874350834968995
2023-01-18 09:00:00,1.5874358257732664
2023-01-18 10:00:00,1.5874365631698637
2023-01-18 11:00:00,1.5874372956866074
2023-01-18 12:00:00,1.5874380233234124
2023-01-18 13:00:00,1.5874387460801958
2023-01-18 14:00:00,1.5874394639568745
2023-01-18 15:00:00,1.5874401769533655
2023-01-18 16:00:00,1.5874408850695874
2023-01-18 17:00:00,1.5874415883054585
2023-01-18 18:00:00,1.5874422866608981
2023-01-18 19:00:00,1.587442980135826
2023-01-18 20:00:00,1.5874436687301625
2023-01-18 21:00:00,1.5874443524438282
2023-01-18 22:00:00,1.5874450312767452
2023-01-18 23:00:00,1.5874457052288347
2023-01-19 00:00:00,1.5874463743000196
2023-01-19 01:00:00,1.5874470384902235
2023-01-19 02:00:00,1.587447697799369
2023-01-19 03:00:00,1.5874483522273812
2023-01-19 04:00:00,1.587449001774185
2023-01-19 05:00:00,1.587449646439705
2023-01-19 06:00:00,1.5874502862238673
2023-01-19 07:00:00,1.587450921126599
2023-01-19 08:00:00,1.5874515511478269
2023-01-19 09:00:00,1.5874521762874778
2023-01-19 10:00:00,1.5874527965454812
2023-01-19 11:00:00,1.5874534119217647
2023-01-19 12:00:00,1.587454022416258
2023-01-19 13:00:00,1.5874546280288913
2023-01-19 14:00:00,1.5874552287595942
2023-01-19 15:00:00,1.5874558246082986
2023-01-19 16:00:00,1.5874564155749353
2023-01-19 17:00:00,1.5874570016594367
2023-01-19 18:00:00,1.5874575828617354
2023-01-19 19:00:00,1.5874581591817645
2023-01-19 20:00:00,1.5874587306194579
2023-01-19 21:00:00,1.58745929717475
2023-01-19 22:00:00,1.5874598588475757
2023-01-19 23:00:00,1.58746041563787
2023-01-20 00:00:00,1.5874609675455698
2023-01-20 01:00:00,1.5874615145706106
2023-01-20 02:00:00,1.5874620567129305
2023-01-20 03:00:00,1.5874625939724667
2023-01-20 04:00:00,1.5874631263491574
2023-01-20 05:00:00,1.5874636538429416
2023-01-20 06:00:00,1.5874641764537587
2023-01-20 07:00:00,1.5874646941815487
2023-01-20 08:00:00,1.5874652070262516
2023-01-20 09:00:00,1.5874657149878095
2023-01-20 10:00:00,1.5874662180661627
2023-01-20 11:00:00,1.5874667162612548
2023-01-20 12:00:00,1.5874672095730273
2023-01-20 13:00:00,1.587467698001424
2023-01-20 14:00:00,1.5874681815463894
2023-01-20 15:00:00,1.5874686602078665
2023-01-20 16:00:00,1.5874691339858016
2023-01-20 17:00:00,1.5874696028801398
2023-01-20 18:00:00,1.587470066890827
2023-01-20 19:00:00,1.5874705260178101
2023-01-20 20:00:00,1.5874709802610365
2023-01-20 21:00:00,1.5874714296204535
2023-01-20 22:00:00,1.5874718740960099
2023-01-20 23:00:00,1.5874723136876547
2023-01-21 00:00:00,1.5874727483953368
2023-01-21 01:00:00,1.5874731782190068
2023-01-21 02:00:00,1.5874736031586152
2023-01-21 03:00:00,1.587474023214113
2023-01-21 04:00:00,1.5874744383854518
2023-01-21 05:00:00,1.5874748486725843
2023-01-21 06:00:00,1.587475254075463
2023-01-21 07:00:00,1.5874756545940416
2023-01-21 08:00:00,1.5874760502282739
2023-01-21 09:00:00,1.5874764409781144
2023-01-21 10:00:00,1.5874768268435182
2023-01-21 11:00:00,1.587477207824441
2023-01-21 12:00:00,1.587477583920839
2023-01-21 13:00:00,1.5874779551326692
2023-01-21 14:00:00,1.5874783214598884
2023-01-21 15:00:00,1.587478682902455
2023-01-21 16:00:00,1.5874790394603273
2023-01-21 17:00:00,1.5874793911334641
2023-01-21 18:00:00,1.5874797379218253
2023-01-21 19:00:00,1.5874800798253712
2023-01-21 20:00:00,1.587480416844062
2023-01-21 21:00:00,1.587480748977859
2023-01-21 22:00:00,1.5874810762267249
2023-01-21 23:00:00,1.5874813985906207
2023-01-22 00:00:00,1.5874817160695103
2023-01-22 01:00:00,1.587482028663357
2023-01-22 02:00:00,1.587482336372125
2023-01-22 03:00:00,1.5874826391957786
2023-01-22 04:00:00,1.5874829371342833
2023-01-22 05:00:00,1.5874832301876047
2023-01-22 06:00:00,1.5874835183557094
2023-01-22 07:00:00,1.5874838016385637
2023-01-22 08:00:00,1.5874840800361354
2023-01-22 09:00:00,1.587484353548393
2023-01-22 10:00:00,1.5874846221753038
2023-01-22 11:00:00,1.587484885916838
2023-01-22 12:00:00,1.5874851447729652
2023-01-22 13:00:00,1.587485398743655
2023-01-22 14:00:00,1.5874856478288788
2023-01-22 15:00:00,1.587485892028608
2023-01-22 16:00:00,1.587486131342814
2023-01-22 17:00:00,1.5874863657714695
2023-01-22 18:00:00,1.587486595314548
2023-01-22 19:00:00,1.5874868199720227
2023-01-22 20:00:00,1.5874870397438676
2023-01-22 21:00:00,1.587487254630058
2023-01-22 22:00:00,1.5874874646305686
2023-01-22 23:00:00,1.5874876697453757
2023-01-23 00:00:00,1.5874878699744557
2023-01-23 01:00:00,1.5874880653177854
2023-01-23 02:00:00,1.5874882557753425
2023-01-23 03:00:00,1.5874884413471047
2023-01-23 04:00:00,1.587488622033051
2023-01-23 05:00:00,1.5874887978331609
2023-01-23 06:00:00,1.5874889687474139
2023-01-23 07:00:00,1.58748913477579
2023-01-23 08:00:00,1.5874892959182707
2023-01-23 09:00:00,1.587489452174837
2023-01-23 10:00:00,1.5874896035454713
2023-01-23 11:00:00,1.5874897500301564
2023-01-23 12:00:00,1.5874898916288747
2023-01-23 13:00:00,1.5874900283416105
2023-01-23 14:00:00,1.587490160168348
2023-01-23 15:00:00,1.5874902871090717
2023-01-23 16:00:00,1.5874904091637674
2023-01-23 17:00:00,1.587490526332421
2023-01-23 18:00:00,1.587490638615019
2023-01-23 19:00:00,1.5874907460115482
2023-01-23 20:00:00,1.587490848521997
2023-01-23 21:00:00,1.5874909461463527
2023-01-23 22:00:00,1.5874910388846044
2023-01-23 23:00:00,1.5874911267367418
2023-01-24 00:00:00,1.5874912097027545
2023-01-24 01:00:00,1.5874912877826328
2023-01-24 02:00:00,1.587491360976368
2023-01-24 03:00:00,1.5874914292839515
2023-01-24 04:00:00,1.5874914927053756
2023-01-24 05:00:00,1.587491551240633
2023-01-24 06:00:00,1.5874916048897165
2023-01-24 07:00:00,1.5874916536526207
2023-01-24 08:00:00,1.5874916975293392
2023-01-24 09:00:00,1.5874917365198675
2023-01-24 10:00:00,1.587491770624201
2023-01-24 11:00:00,1.5874917998423357
2023-01-24 12:00:00,1.5874918241742682
2023-01-24 13:00:00,1.5874918436199958
2023-01-24 14:00:00,1.5874918581795163
2023-01-24 15:00:00,1.5874918678528276
2023-01-24 16:00:00,1.5874918726399292
2023-01-24 17:00:00,1.58749187254082
2023-01-24 18:00:00,1.5874918675555003
2023-01-24 19:00:00,1.5874918576839707
2023-01-24 20:00:00,1.5874918429262321
2023-01-24 21:00:00,1.5874918232822863
2023-01-24 22:00:00,1.5874917987521355
2023-01-24 23:00:00,1.5874917693357826
2023-01-25 00:00:00,1.587491735033231
2023-01-25 01:00:00,1.5874916958444845
2023-01-25 02:00:00,1.5874916517695474
2023-01-25 03:00:00,1.5874916028084254
2023-01-25 04:00:00,1.5874915489611234
2023-01-25 05:00:00,1.5874914902276478
2023-01-25 06:00:00,1.5874914266080058
2023-01-25 07:00:00,1.587491358102204
2023-01-25 08:00:00,1.5874912847102507
2023-01-25 09:00:00,1.5874912064321542
2023-01-25 10:00:00,1.5874911232679234
2023-01-25 11:00:00,1.587491035217568
2023-01-25 12:00:00,1.587490942281098
2023-01-25 13:00:00,1.5874908444585243
2023-01-25 14:00:00,1.5874907417498576
2023-01-25 15:00:00,1.5874906341551103
2023-01-25 16:00:00,1.5874905216742943
2023-01-25 17:00:00,1.5874904043074227
2023-01-25 18:00:00,1.5874902820545091
2023-01-25 19:00:00,1.5874901549155673
2023-01-25 20:00:00,1.5874900228906121
2023-01-25 21:00:00,1.5874898859796582
2023-01-25 22:00:00,1.587489744182722
2023-01-25 23:00:00,1.5874895974998193
2023-01-26 00:00:00,1.5874894459309672
2023-01-26 01:00:00,1.587489289476183
2023-01-26 02:00:00,1.5874891281354846
2023-01-26 03:00:00,1.5874889619088906
2023-01-26 04:00:00,1.58748879079642
2023-01-26 05:00:00,1.5874886147980927
2023-01-26 06:00:00,1.5874884339139284
2023-01-26 07:00:00,1.5874882481439485
2023-01-26 08:00:00,1.587488057488174
2023-01-26 09:00:00,1.5874878619466268
2023-01-26 10:00:00,1.5874876615193292
2023-01-26 11:00:00,1.5874874562063048
2023-01-26 12:00:00,1.5874872460075764
2023-01-26 13:00:00,1.5874870309231688
2023-01-26 14:00:00,1.5874868109531064
2023-01-26 15:00:00,1.5874865860974143
2023-01-26 16:00:00,1.5874863563561188
2023-01-26 17:00:00,1.5874861217292457
2023-01-26 18:00:00,1.5874858822168225
2023-01-26 19:00:00,1.5874856378188764
2023-01-26 20:00:00,1.5874853885354354
2023-01-26 21:00:00,1.5874851343665284
2023-01-26 22:00:00,1.5874848753121844
2023-01-26 23:00:00,1.5874846113724332
2023-01-27 00:00:00,1.587484342547305
2023-01-27 01:00:00,1.5874840688368312
2023-01-27 02:00:00,1.5874837902410424
2023-01-27 03:00:00,1.587483506759971
2023-01-27 04:00:00,1.58748321839365
2023-01-27 05:00:00,1.5874829251421119
2023-01-27 06:00:00,1.5874826270053906
2023-01-27 07:00:00,1.5874823239835203
2023-01-27 08:00:00,1.587482016076536
2023-01-27 09:00:00,1.5874817032844726
2023-01-27 10:00:00,1.5874813856073666
2023-01-27 11:00:00,1.587481063045254
2023-01-27 12:00:00,1.5874807355981724
2023-01-27 13:00:00,1.587480403266159
2023-01-27 14:00:00,1.5874800660492516
2023-01-27 15:00:00,1.58747972394749
2023-01-27 16:00:00,1.5874793769609126
2023-01-27 17:00:00,1.5874790250895596
2023-01-27 18:00:00,1.5874786683334716
2023-01-27 19:00:00,1.587478306692689
2023-01-27 20:00:00,1.5874779401672539
2023-01-27 21:00:00,1.587477568757208
2023-01-27 22:00:00,1.5874771924625943
2023-01-27 23:00:00,1.5874768112834559
2023-01-28 00:00:00,1.5874764252198366
2023-01-28 01:00:00,1.5874760342717804
2023-01-28 02:00:00,1.5874756384393327
2023-01-28 03:00:00,1.587475237722539
2023-01-28 04:00:00,1.587474832121445
2023-01-28 05:00:00,1.5874744216360972
2023-01-28 06:00:00,1.5874740062665431
2023-01-28 07:00:00,1.5874735860128304
2023-01-28 08:00:00,1.587473160875007
2023-01-28 09:00:00,1.5874727308531222
2023-01-28 10:00:00,1.587472295947225
2023-01-28 11:00:00,1.5874718561573657
2023-01-28 12:00:00,1.5874714114835946
2023-01-28 13:00:00,1.5874709619259626
2023-01-28 14:00:00,1.5874705074845221
2023-01-28 15:00:00,1.5874700481593245
2023-01-28 16:00:00,1.5874695839504227
2023-01-28 17:00:00,1.5874691148578703
2023-01-28 18:00:00,1.5874686408817211
2023-01-28 19:00:00,1.5874681620220294
2023-01-28 20:00:00,1.5874676782788506
2023-01-28 21:00:00,1.5874671896522397
2023-01-28 22:00:00,1.587466696142253
2023-01-28 23:00:00,1.5874661977489477
2023-01-29 00:00:00,1.5874656944723804
2023-01-29 01:00:00,1.5874651863126092
2023-01-29 02:00:00,1.5874646732696926
2023-01-29 03:00:00,1.5874641553436892
2023-01-29 04:00:00,1.5874636325346587
2023-01-29 05:00:00,1.5874631048426613
2023-01-29 06:00:00,1.5874625722677573
2023-01-29 07:00:00,1.5874620348100084
2023-01-29 08:00:00,1.5874614924694757
2023-01-29 09:00:00,1.5874609452462216
2023-01-29 10:00:00,1.5874603931403093
2023-01-29 11:00:00,1.5874598361518022
2023-01-29 12:00:00,1.5874592742807638
2023-01-29 13:00:00,1.5874587075272595
2023-01-29 14:00:00,1.5874581358913535
2023-01-29 15:00:00,1.5874575593731122
2023-01-29 16:00:00,1.5874569779726013
2023-01-29 17:00:00,1.5874563916898878
2023-01-29 18:00:00,1.5874558005250392
2023-01-29 19:00:00,1.5874552044781232
2023-01-29 20:00:00,1.5874546035492083
2023-01-29 21:00:00,1.5874539977383635
2023-01-29 22:00:00,1.5874533870456586
2023-01-29 23:00:00,1.5874527714711635
2023-01-30 00:00:00,1.587452151014949
2023-01-30 01:00:00,1.5874515256770867
2023-01-30 02:00:00,1.5874508954576478
2023-01-30 03:00:00,1.5874502603567051
2023-01-30 04:00:00,1.5874496203743318
2023-01-30 05:00:00,1.587448975510601
2023-01-30 06:00:00,1.587448325765587
2023-01-30 07:00:00,1.5874476711393641
2023-01-30 08:00:00,1.5874470116320079
2023-01-30 09:00:00,1.587446347243594
2023-01-30 10:00:00,1.5874456779741988
2023-01-30 11:00:00,1.5874450038238987
2023-01-30 12:00:00,1.5874443247927723
2023-01-30 13:00:00,1.5874436408808965
2023-01-30 14:00:00,1.5874429520883502
2023-01-30 15:00:00,1.587442258415213
2023-01-30 16:00:00,1.5874415598615637
2023-01-30 17:00:00,1.5874408564274833
2023-01-30 18:00:00,1.5874401481130522
2023-01-30 19:00:00,1.587439434918352
2023-01-30 20:00:00,1.5874387168434645
2023-01-30 21:00:00,1.5874379938884724
2023-01-30 22:00:00,1.5874372660534584
2023-01-30 23:00:00,1.5874365333385063
2023-01-31 00:00:00,1.5874357957437004
2023-01-31 01:00:00,1.587435053269125
2023-01-31 02:00:00,1.5874343059148663
2023-01-31 03:00:00,1.5874335536810091
2023-01-31 04:00:00,1.5874327965676405
2023-01-31 05:00:00,1.5874320345748474
2023-01-31 06:00:00,1.587431267702717
2023-01-31 07:00:00,1.5874304959513375
2023-01-31 08:00:00,1.5874297193207978
2023-01-31 09:00:00,1.5874289378111872
2023-01-31 10:00:00,1.587428151422595
2023-01-31 11:00:00,1.5874273601551119
2023-01-31 12:00:00,1.5874265640088288
2023-01-31 13:00:00,1.5874257629838369
2023-01-31 14:00:00,1.5874249570802288
2023-01-31 15:00:00,1.5874241462980963
2023-01-31 16:00:00,1.587423330637533
2023-01-31 17:00:00,1.5874225100986326
2023-01-31 18:00:00,1.5874216846814895
2023-01-31 19:00:00,1.5874208543861978
2023-01-31 20:00:00,1.587420019212854
2023-01-31 21:00:00,1.5874191791615533
2023-01-31 22:00:00,1.5874183342323926
2023-01-31 23:00:00,1.5874174844254685
2023-02-01 00:00:00,1.5874166297408787
2023-02-01 01:00:00,1.587415770178722
2023-02-01 02:00:00,1.5874149057390963
2023-02-01 03:00:00,1.5874140364221014
2023-02-01 04:00:00,1.5874131622278373
2023-02-01 05:00:00,1.5874122831564041
2023-02-01 06:00:00,1.587411399207903
2023-02-01 07:00:00,1.5874105103824356
2023-02-01 08:00:00,1.5874096166801037
2023-02-01 09:00:00,1.5874087181010101
2023-02-01 10:00:00,1.5874078146452584
2023-02-01 11:00:00,1.587406906312952
2023-02-01 12:00:00,1.587405993104195
2023-02-01 13:00:00,1.5874050750190931
2023-02-01 14:00:00,1.5874041520577509
2023-02-01 15:00:00,1.5874032242202754
2023-02-01 16:00:00,1.5874022915067723
2023-02-01 17:00:00,1.5874013539173493
2023-02-01 18:00:00,1.5874004114521134
2023-02-01 19:00:00,1.5873994641111742
2023-02-01 20:00:00,1.5873985118946392
2023-02-01 21:00:00,1.5873975548026185
2023-02-01 22:00:00,1.587396592835222
2023-02-01 23:00:00,1.58739562599256
2023-02-02 00:00:00,1.587394654274744
2023-02-02 01:00:00,1.5873936776818847
2023-02-02 02:00:00,1.587392696214095
2023-02-02 03:00:00,1.587391709871488
2023-02-02 04:00:00,1.5873907186541762
2023-02-02 05:00:00,1.5873897225622742
2023-02-02 06:00:00,1.587388721595896
2023-02-02 07:00:00,1.5873877157551568
2023-02-02 08:00:00,1.5873867050401715
2023-02-02 09:00:00,1.5873856894510574
2023-02-02 10:00:00,1.5873846689879303
2023-02-02 11:00:00,1.5873836436509077
2023-02-02 12:00:00,1.5873826134401077
2023-02-02 13:00:00,1.5873815783556477
2023-02-02 14:00:00,1.5873805383976478
2023-02-02 15:00:00,1.5873794935662269
2023-02-02 16:00:00,1.5873784438615048
2023-02-02 17:00:00,1.5873773892836027
2023-02-02 18:00:00,1.5873763298326413
2023-02-02 19:00:00,1.5873752655087423
2023-02-02 20:00:00,1.5873741963120283
2023-02-02 21:00:00,1.587373122242622
2023-02-02 22:00:00,1.5873720433006464
2023-02-02 23:00:00,1.5873709594862264
2023-02-03 00:00:00,1.5873698707994854
2023-02-03 01:00:00,1.5873687772405491
2023-02-03 02:00:00,1.5873676788095432
2023-02-03 03:00:00,1.5873665755065938
2023-02-03 04:00:00,1.5873654673318274
2023-02-03 05:00:00,1.5873643542853715
2023-02-03 06:00:00,1.587363236367354
2023-02-03 07:00:00,1.5873621135779032
2023-02-03 08:00:00,1.5873609859171485
2023-02-03 09:00:00,1.587359853385219
2023-02-03 10:00:00,1.5873587159822449
2023-02-03 11:00:00,1.5873575737083572
2023-02-03 12:00:00,1.5873564265636866
2023-02-03 13:00:00,1.5873552745483652
2023-02-03 14:00:00,1.5873541176625254
2023-02-03 15:00:00,1.5873529559063002
2023-02-03 16:00:00,1.5873517892798228
2023-02-03 17:00:00,1.5873506177832273
2023-02-03 18:00:00,1.5873494414166482
2023-02-03 19:00:00,1.587348260180221
2023-02-03 20:00:00,1.5873470740740812
2023-02-03 21:00:00,1.5873458830983647
2023-02-03 22:00:00,1.587344687253209
2023-02-03 23:00:00,1.5873434865387512
2023-02-04 00:00:00,1.587342280955129
2023-02-04 01:00:00,1.5873410705024815
2023-02-04 02:00:00,1.587339855180947
2023-02-04 03:00:00,1.5873386349906657
2023-02-04 04:00:00,1.5873374099317776
2023-02-04 05:00:00,1.5873361800044237
2023-02-04 06:00:00,1.5873349452087444
2023-02-04 07:00:00,1.5873337055448828
2023-02-04 08:00:00,1.5873324610129804
2023-02-04 09:00:00,1.5873312116131806
2023-02-04 10:00:00,1.5873299573456272
2023-02-04 11:00:00,1.5873286982104635
2023-02-04 12:00:00,1.5873274342078352
2023-02-04 13:00:00,1.5873261653378863
2023-02-04 14:00:00,1.5873248916007634
2023-02-04 15:00:00,1.5873236129966128
2023-02-04 16:00:00,1.5873223295255812
2023-02-04 17:00:00,1.587321041187816
2023-02-04 18:00:00,1.5873197479834653
2023-02-04 19:00:00,1.587318449912678
2023-02-04 20:00:00,1.5873171469756027
2023-02-04 21:00:00,1.5873158391723894
2023-02-04 22:00:00,1.5873145265031883
2023-02-04 23:00:00,1.58731320896815
2023-02-05 00:00:00,1.5873118865674265
2023-02-05 01:00:00,1.5873105593011687
2023-02-05 02:00:00,1.5873092271695302
2023-02-05 03:00:00,1.5873078901726632
2023-02-05 04:00:00,1.5873065483107218
2023-02-05 05:00:00,1.5873052015838596
2023-02-05 06:00:00,1.5873038499922323
2023-02-05 07:00:00,1.587302493535994
2023-02-05 08:00:00,1.587301132215302
2023-02-05 09:00:00,1.587299766030311
2023-02-05 10:00:00,1.5872983949811788
2023-02-05 11:00:00,1.5872970190680638
2023-02-05 12:00:00,1.5872956382911223
2023-02-05 13:00:00,1.587294252650514
2023-02-05 14:00:00,1.5872928621463982
2023-02-05 15:00:00,1.5872914667789342
2023-02-05 16:00:00,1.5872900665482825
2023-02-05 17:00:00,1.587288661454604
2023-02-05 18:00:00,1.5872872514980603
2023-02-05 19:00:00,1.5872858366788125
2023-02-05 20:00:00,1.5872844169970246
2023-02-05 21:00:00,1.5872829924528586
2023-02-05 22:00:00,1.5872815630464785
2023-02-05 23:00:00,1.5872801287780487
2023-02-06 00:00:00,1.5872786896477333
2023-02-06 01:00:00,1.5872772456556987
2023-02-06 02:00:00,1.58727579680211
2023-02-06 03:00:00,1.587274343087134
2023-02-06 04:00:00,1.5872728845109376
2023-02-06 05:00:00,1.5872714210736885
2023-02-06 06:00:00,1.5872699527755545
2023-02-06 07:00:00,1.5872684796167047
2023-02-06 08:00:00,1.5872670015973083
2023-02-06 09:00:00,1.5872655187175344
2023-02-06 10:00:00,1.5872640309775548
2023-02-06 11:00:00,1.5872625383775387
2023-02-06 12:00:00,1.5872610409176588
2023-02-06 13:00:00,1.5872595385980872
2023-02-06 14:00:00,1.5872580314189957
2023-02-06 15:00:00,1.587256519380558
2023-02-06 16:00:00,1.5872550024829473
2023-02-06 17:00:00,1.5872534807263388
2023-02-06 18:00:00,1.5872519541109062
2023-02-06 19:00:00,1.587250422636826
2023-02-06 20:00:00,1.5872488863042733
2023-02-06 21:00:00,1.587247345113425
2023-02-06 22:00:00,1.5872457990644584
2023-02-06 23:00:00,1.5872442481575504
2023-02-07 00:00:00,1.58724269239288
2023-02-07 01:00:00,1.5872411317706254
2023-02-07 02:00:00,1.587239566290966
2023-02-07 03:00:00,1.5872379959540819
2023-02-07 04:00:00,1.587236420760153
2023-02-07 05:00:00,1.5872348407093608
2023-02-07 06:00:00,1.5872332558018867
2023-02-07 07:00:00,1.5872316660379129
2023-02-07 08:00:00,1.5872300714176213
2023-02-07 09:00:00,1.5872284719411964
2023-02-07 10:00:00,1.5872268676088206
2023-02-07 11:00:00,1.587225258420679
2023-02-07 12:00:00,1.5872236443769565
2023-02-07 13:00:00,1.5872220254778382
2023-02-07 14:00:00,1.5872204017235105
2023-02-07 15:00:00,1.5872187731141596
2023-02-07 16:00:00,1.587217139649973
2023-02-07 17:00:00,1.5872155013311378
2023-02-07 18:00:00,1.5872138581578428
2023-02-07 19:00:00,1.5872122101302764
2023-02-07 20:00:00,1.587210557248628
2023-02-07 21:00:00,1.5872088995130875
2023-02-07 22:00:00,1.5872072369238452
2023-02-07 23:00:00,1.587205569481093
2023-02-08 00:00:00,1.5872038971850215
2023-02-08 01:00:00,1.587202220035823
2023-02-08 02:00:00,1.5872005380336907
2023-02-08 03:00:00,1.587198851178817
2023-02-08 04:00:00,1.5871971594713965
2023-02-08 05:00:00,1.587195462911623
2023-02-08 06:00:00,1.587193761499692
2023-02-08 07:00:00,1.5871920552357983
2023-02-08 08:00:00,1.5871903441201385
2023-02-08 09:00:00,1.5871886281529088
2023-02-08 10:00:00,1.5871869073343066
2023-02-08 11:00:00,1.5871851816645297
2023-02-08 12:00:00,1.5871834511437757
2023-02-08 13:00:00,1.5871817157722443
2023-02-08 14:00:00,1.5871799755501343
2023-02-08 15:00:00,1.587178230477646
2023-02-08 16:00:00,1.5871764805549793
2023-02-08 17:00:00,1.587174725782336
2023-02-08 18:00:00,1.5871729661599174
2023-02-08 19:00:00,1.5871712016879254
2023-02-08 20:00:00,1.5871694323665633
2023-02-08 21:00:00,1.5871676581960334
2023-02-08 22:00:00,1.587165879176541
2023-02-08 23:00:00,1.5871640953082888
2023-02-09 00:00:00,1.587162306591483
2023-02-09 01:00:00,1.5871605130263289
2023-02-09 02:00:00,1.5871587146130322
2023-02-09 03:00:00,1.5871569113517996
2023-02-09 04:00:00,1.5871551032428384
2023-02-09 05:00:00,1.5871532902863565
2023-02-09 06:00:00,1.5871514724825615
2023-02-09 07:00:00,1.5871496498316633
2023-02-09 08:00:00,1.5871478223338704
2023-02-09 09:00:00,1.5871459899893934
2023-02-09 10:00:00,1.5871441527984425
2023-02-09 11:00:00,1.5871423107612284
2023-02-09 12:00:00,1.5871404638779638
2023-02-09 13:00:00,1.5871386121488598
2023-02-09 14:00:00,1.58713675557413
2023-02-09 15:00:00,1.5871348941539867
2023-02-09 16:00:00,1.5871330278886446
2023-02-09 17:00:00,1.587131156778318
2023-02-09 18:00:00,1.5871292808232216
2023-02-09 19:00:00,1.5871274000235713
2023-02-09 20:00:00,1.5871255143795824
2023-02-09 21:00:00,1.587123623891473
2023-02-09 22:00:00,1.5871217285594585
2023-02-09 23:00:00,1.587119828383758
2023-02-10 00:00:00,1.5871179233645896
2023-02-10 01:00:00,1.5871160135021716
2023-02-10 02:00:00,1.5871140987967236
2023-02-10 03:00:00,1.587112179248466
2023-02-10 04:00:00,1.5871102548576193
2023-02-10 05:00:00,1.5871083256244038
2023-02-10 06:00:00,1.5871063915490422
2023-02-10 07:00:00,1.5871044526317561
2023-02-10 08:00:00,1.5871025088727684
2023-02-10 09:00:00,1.5871005602723027
2023-02-10 10:00:00,1.5870986068305821
2023-02-10 11:00:00,1.5870966485478322
2023-02-10 12:00:00,1.5870946854242767
2023-02-10 13:00:00,1.5870927174601421
2023-02-10 14:00:00,1.587090744655654
2023-02-10 15:00:00,1.5870887670110396
2023-02-10 16:00:00,1.5870867845265255
2023-02-10 17:00:00,1.5870847972023396
2023-02-10 18:00:00,1.5870828050387107
2023-02-10 19:00:00,1.5870808080358667
2023-02-10 20:00:00,1.5870788061940386
2023-02-10 21:00:00,1.5870767995134547
2023-02-10 22:00:00,1.5870747879943465
2023-02-10 23:00:00,1.5870727716369453
2023-02-11 00:00:00,1.587070750441482
2023-02-11 01:00:00,1.5870687244081891
2023-02-11 02:00:00,1.5870666935372997
2023-02-11 03:00:00,1.587064657829047
2023-02-11 04:00:00,1.5870626172836644
2023-02-11 05:00:00,1.587060571901387
2023-02-11 06:00:00,1.5870585216824495
2023-02-11 07:00:00,1.5870564666270877
2023-02-11 08:00:00,1.5870544067355374
2023-02-11 09:00:00,1.587052342008035
2023-02-11 10:00:00,1.5870502724448186
2023-02-11 11:00:00,1.5870481980461248
2023-02-11 12:00:00,1.587046118812193
2023-02-11 13:00:00,1.587044034743262
2023-02-11 14:00:00,1.5870419458395704
2023-02-11 15:00:00,1.5870398521013587
2023-02-11 16:00:00,1.5870377535288676
2023-02-11 17:00:00,1.5870356501223384
2023-02-11 18:00:00,1.5870335418820116
2023-02-11 19:00:00,1.5870314288081313
2023-02-11 20:00:00,1.5870293109009384
2023-02-11 21:00:00,1.5870271881606772
2023-02-11 22:00:00,1.5870250605875917
2023-02-11 23:00:00,1.5870229281819257
2023-02-12 00:00:00,1.5870207909439251
2023-02-12 01:00:00,1.5870186488738347
2023-02-12 02:00:00,1.5870165019719011
2023-02-12 03:00:00,1.58701435023837
2023-02-12 04:00:00,1.58701219367349
2023-02-12 05:00:00,1.5870100322775078
2023-02-12 06:00:00,1.5870078660506721
2023-02-12 07:00:00,1.5870056949932323
2023-02-12 08:00:00,1.5870035191054366
2023-02-12 09:00:00,1.5870013383875363
2023-02-12 10:00:00,1.586999152839781
2023-02-12 11:00:00,1.5869969624624223
2023-02-12 12:00:00,1.5869947672557119
2023-02-12 13:00:00,1.5869925672199017
2023-02-12 14:00:00,1.5869903623552446
2023-02-12 15:00:00,1.5869881526619938
2023-02-12 16:00:00,1.5869859381404037
2023-02-12 17:00:00,1.5869837187907276
2023-02-12 18:00:00,1.586981494613222
2023-02-12 19:00:00,1.5869792656081414
2023-02-12 20:00:00,1.586977031775742
2023-02-12 21:00:00,1.586974793116281
2023-02-12 22:00:00,1.5869725496300144
2023-02-12 23:00:00,1.5869703013172016
2023-02-13 00:00:00,1.5869680481780997
2023-02-13 01:00:00,1.5869657902129684
2023-02-13 02:00:00,1.5869635274220657
2023-02-13 03:00:00,1.5869612598056535
2023-02-13 04:00:00,1.5869589873639909
2023-02-13 05:00:00,1.5869567100973396
2023-02-13 06:00:00,1.5869544280059613
2023-02-13 07:00:00,1.5869521410901173
2023-02-13 08:00:00,1.586949849350072
2023-02-13 09:00:00,1.586947552786087
2023-02-13 10:00:00,1.586945251398427
2023-02-13 11:00:00,1.5869429451873567
2023-02-13 12:00:00,1.5869406341531405
2023-02-13 13:00:00,1.5869383182960441
2023-02-13 14:00:00,1.5869359976163333
2023-02-13 15:00:00,1.5869336721142757
2023-02-13 16:00:00,1.586931341790137
2023-02-13 17:00:00,1.5869290066441861
2023-02-13 18:00:00,1.586926666676691
2023-02-13 19:00:00,1.5869243218879203
2023-02-13 20:00:00,1.5869219722781438
2023-02-13 21:00:00,1.5869196178476306
2023-02-13 22:00:00,1.5869172585966527
2023-02-13 23:00:00,1.5869148945254794
2023-02-14 00:00:00,1.5869125256343837
2023-02-14 01:00:00,1.586910151923637
2023-02-14 02:00:00,1.5869077733935126
2023-02-14 03:00:00,1.5869053900442833
2023-02-14 04:00:00,1.5869030018762227
2023-02-14 05:00:00,1.5869006088896063
2023-02-14 06:00:00,1.5868982110847076
2023-02-14 07:00:00,1.5868958084618037
2023-02-14 08:00:00,1.5868934010211686
2023-02-14 09:00:00,1.5868909887630804
2023-02-14 10:00:00,1.5868885716878163
2023-02-14 11:00:00,1.5868861497956532
2023-02-14 12:00:00,1.5868837230868698
2023-02-14 13:00:00,1.5868812915617447
2023-02-14 14:00:00,1.586878855220558
2023-02-14 15:00:00,1.586876414063588
2023-02-14 16:00:00,1.586873968091117
2023-02-14 17:00:00,1.5868715173034251
2023-02-14 18:00:00,1.586869061700794
2023-02-14 19:00:00,1.5868666012835058
2023-02-14 20:00:00,1.5868641360518427
2023-02-14 21:00:00,1.5868616660060892
2023-02-14 22:00:00,1.586859191146528
2023-02-14 23:00:00,1.5868567114734438
2023-02-15 00:00:00,1.5868542269871213
2023-02-15 01:00:00,1.5868517376878466
2023-02-15 02:00:00,1.586849243575905
2023-02-15 03:00:00,1.586846744651583
2023-02-15 04:00:00,1.5868442409151686
2023-02-15 05:00:00,1.586841732366948
2023-02-15 06:00:00,1.5868392190072114
2023-02-15 07:00:00,1.5868367008362452
2023-02-15 08:00:00,1.5868341778543404
2023-02-15 09:00:00,1.5868316500617867
2023-02-15 10:00:00,1.5868291174588738
2023-02-15 11:00:00,1.5868265800458938
2023-02-15 12:00:00,1.5868240378231369
2023-02-15 13:00:00,1.5868214907908964
2023-02-15 14:00:00,1.5868189389494636
2023-02-15 15:00:00,1.586816382299133
2023-02-15 16:00:00,1.5868138208401978
2023-02-15 17:00:00,1.5868112545729522
2023-02-15 18:00:00,1.5868086834976913
2023-02-15 19:00:00,1.5868061076147097
2023-02-15 20:00:00,1.5868035269243048
2023-02-15 21:00:00,1.5868009414267719
2023-02-15 22:00:00,1.5867983511224084
2023-02-15 23:00:00,1.586795756011512
2023-02-16 00:00:00,1.5867931560943809
2023-02-16 01:00:00,1.5867905513713136
2023-02-16 02:00:00,1.5867879418426094
2023-02-16 03:00:00,1.5867853275085686
2023-02-16 04:00:00,1.5867827083694905
2023-02-16 05:00:00,1.5867800844256772
2023-02-16 06:00:00,1.5867774556774297
2023-02-16 07:00:00,1.5867748221250497
2023-02-16 08:00:00,1.5867721837688402
2023-02-16 09:00:00,1.5867695406091038
2023-02-16 10:00:00,1.5867668926461453
2023-02-16 11:00:00,1.5867642398802677
2023-02-16 12:00:00,1.5867615823117767
2023-02-16 13:00:00,1.5867589199409764
2023-02-16 14:00:00,1.5867562527681742
2023-02-16 15:00:00,1.5867535807936757
2023-02-16 16:00:00,1.586750904017788
2023-02-16 17:00:00,1.586748222440819
2023-02-16 18:00:00,1.5867455360630756
2023-02-16 19:00:00,1.5867428448848682
2023-02-16 20:00:00,1.5867401489065045
2023-02-16 21:00:00,1.5867374481282952
2023-02-16 22:00:00,1.5867347425505502
2023-02-16 23:00:00,1.5867320321735805
2023-02-17 00:00:00,1.5867293169976973
2023-02-17 01:00:00,1.5867265970232125
2023-02-17 02:00:00,1.5867238722504393
2023-02-17 03:00:00,1.5867211426796894
2023-02-17 04:00:00,1.586718408311278
2023-02-17 05:00:00,1.5867156691455182
2023-02-17 06:00:00,1.586712925182725
2023-02-17 07:00:00,1.5867101764232139
2023-02-17 08:00:00,1.5867074228672997
2023-02-17 09:00:00,1.5867046645153007
2023-02-17 10:00:00,1.5867019013675319
2023-02-17 11:00:00,1.5866991334243121
2023-02-17 12:00:00,1.5866963606859579
2023-02-17 13:00:00,1.5866935831527895
2023-02-17 14:00:00,1.5866908008251248
2023-02-17 15:00:00,1.5866880137032837
2023-02-17 16:00:00,1.5866852217875875
2023-02-17 17:00:00,1.586682425078355
2023-02-17 18:00:00,1.58667962357591
2023-02-17 19:00:00,1.5866768172805716
2023-02-17 20:00:00,1.5866740061926643
2023-02-17 21:00:00,1.5866711903125106
2023-02-17 22:00:00,1.5866683696404333
2023-02-17 23:00:00,1.5866655441767572
2023-02-18 00:00:00,1.5866627139218066
2023-02-18 01:00:00,1.5866598788759072
2023-02-18 02:00:00,1.5866570390393835
2023-02-18 03:00:00,1.5866541944125634
2023-02-18 04:00:00,1.5866513449957727
2023-02-18 05:00:00,1.5866484907893388
2023-02-18 06:00:00,1.5866456317935902
2023-02-18 07:00:00,1.5866427680088544
2023-02-18 08:00:00,1.5866398994354618
2023-02-18 09:00:00,1.5866370260737406
2023-02-18 10:00:00,1.5866341479240218
2023-02-18 11:00:00,1.5866312649866359
2023-02-18 12:00:00,1.586628377261914
2023-02-18 13:00:00,1.5866254847501882
2023-02-18 14:00:00,1.5866225874517899
2023-02-18 15:00:00,1.5866196853670536
2023-02-18 16:00:00,1.5866167784963106
2023-02-18 17:00:00,1.5866138668398975
2023-02-18 18:00:00,1.586610950398146
2023-02-18 19:00:00,1.586608029171393
2023-02-18 20:00:00,1.5866051031599742
2023-02-18 21:00:00,1.5866021723642247
2023-02-18 22:00:00,1.5865992367844821
2023-02-18 23:00:00,1.586596296421083
2023-02-19 00:00:00,1.5865933512743664
2023-02-19 01:00:00,1.5865904013446688
2023-02-19 02:00:00,1.5865874466323309
2023-02-19 03:00:00,1.5865844871376915
2023-02-19 04:00:00,1.5865815228610904
2023-02-19 05:00:00,1.5865785538028687
2023-02-19 06:00:00,1.5865755799633665
2023-02-19 07:00:00,1.586572601342927
2023-02-19 08:00:00,1.586569617941891
2023-02-19 09:00:00,1.5865666297606023
2023-02-19 10:00:00,1.5865636367994036
2023-02-19 11:00:00,1.5865606390586393
2023-02-19 12:00:00,1.5865576365386531
2023-02-19 13:00:00,1.5865546292397903
2023-02-19 14:00:00,1.586551617162397
2023-02-19 15:00:00,1.586548600306818
2023-02-19 16:00:00,1.5865455786734017
2023-02-19 17:00:00,1.5865425522624932
2023-02-19 18:00:00,1.5865395210744417
2023-02-19 19:00:00,1.5865364851095953
2023-02-19 20:00:00,1.5865334443683017
2023-02-19 21:00:00,1.586530398850912
2023-02-19 22:00:00,1.5865273485577744
2023-02-19 23:00:00,1.5865242934892412
2023-02-20 00:00:00,1.586521233645661
2023-02-20 01:00:00,1.5865181690273877
2023-02-20 02:00:00,1.586515099634772
2023-02-20 03:00:00,1.5865120254681673
2023-02-20 04:00:00,1.5865089465279263
2023-02-20 05:00:00,1.5865058628144024
2023-02-20 06:00:00,1.5865027743279514
2023-02-20 07:00:00,1.5864996810689265
2023-02-20 08:00:00,1.5864965830376838
2023-02-20 09:00:00,1.5864934802345796
2023-02-20 10:00:00,1.5864903726599697
2023-02-20 11:00:00,1.5864872603142115
2023-02-20 12:00:00,1.5864841431976622
2023-02-20 13:00:00,1.586481021310681
2023-02-20 14:00:00,1.5864778946536249
2023-02-20 15:00:00,1.5864747632268548
2023-02-20 16:00:00,1.5864716270307295
2023-02-20 17:00:00,1.5864684860656095
2023-02-20 18:00:00,1.5864653403318563
2023-02-20 19:00:00,1.5864621898298297
2023-02-20 20:00:00,1.586459034559894
2023-02-20 21:00:00,1.5864558745224095
2023-02-20 22:00:00,1.5864527097177412
2023-02-20 23:00:00,1.5864495401462506
2023-02-21 00:00:00,1.586446365808304
2023-02-21 01:00:00,1.5864431867042645
2023-02-21 02:00:00,1.5864400028344983
2023-02-21 03:00:00,1.586436814199371
2023-02-21 04:00:00,1.5864336207992482
2023-02-21 05:00:00,1.5864304226344985
2023-02-21 06:00:00,1.5864272197054874
2023-02-21 07:00:00,1.586424012012584
2023-02-21 08:00:00,1.586420799556157
2023-02-21 09:00:00,1.586417582336575
2023-02-21 10:00:00,1.5864143603542076
2023-02-21 11:00:00,1.5864111336094249
2023-02-21 12:00:00,1.5864079021025987
2023-02-21 13:00:00,1.5864046658340984
2023-02-21 14:00:00,1.5864014248042977
2023-02-21 15:00:00,1.586398179013568
2023-02-21 16:00:00,1.5863949284622822
2023-02-21 17:00:00,1.5863916731508143
2023-02-21 18:00:00,1.5863884130795372
2023-02-21 19:00:00,1.5863851482488271
2023-02-21 20:00:00,1.5863818786590576
2023-02-21 21:00:00,1.5863786043106052
2023-02-21 22:00:00,1.586375325203846
2023-02-21 23:00:00,1.5863720413391567
2023-02-22 00:00:00,1.5863687527169144
2023-02-22 01:00:00,1.5863654593374965
2023-02-22 02:00:00,1.5863621612012833
2023-02-22 03:00:00,1.5863588583086512
2023-02-22 04:00:00,1.586355550659982
2023-02-22 05:00:00,1.5863522382556534
2023-02-22 06:00:00,1.5863489210960477
2023-02-22 07:00:00,1.5863455991815456
2023-02-22 08:00:00,1.5863422725125287
2023-02-22 09:00:00,1.586338941089379
2023-02-22 10:00:00,1.586335604912479
2023-02-22 11:00:00,1.5863322639822137
2023-02-22 12:00:00,1.5863289182989644
2023-02-22 13:00:00,1.5863255678631174
2023-02-22 14:00:00,1.586322212675057
2023-02-22 15:00:00,1.5863188527351686
2023-02-22 16:00:00,1.5863154880438386
2023-02-22 17:00:00,1.5863121186014528
2023-02-22 18:00:00,1.5863087444083996
2023-02-22 19:00:00,1.5863053654650654
2023-02-22 20:00:00,1.5863019817718391
2023-02-22 21:00:00,1.5862985933291094
2023-02-22 22:00:00,1.5862952001372659
2023-02-22 23:00:00,1.5862918021966976
2023-02-23 00:00:00,1.586288399507795
2023-02-23 01:00:00,1.5862849920709508
2023-02-23 02:00:00,1.5862815798865537
2023-02-23 03:00:00,1.5862781629549987
2023-02-23 04:00:00,1.5862747412766753
2023-02-23 05:00:00,1.586271314851979
2023-02-23 06:00:00,1.5862678836813024
2023-02-23 07:00:00,1.5862644477650403
2023-02-23 08:00:00,1.586261007103587
2023-02-23 09:00:00,1.5862575616973373
2023-02-23 10:00:00,1.586254111546689
2023-02-23 11:00:00,1.586250656652036
2023-02-23 12:00:00,1.5862471970137773
2023-02-23 13:00:00,1.5862437326323091
2023-02-23 14:00:00,1.5862402635080302
2023-02-23 15:00:00,1.5862367896413387
2023-02-23 16:00:00,1.5862333110326334
2023-02-23 17:00:00,1.5862298276823157
2023-02-23 18:00:00,1.5862263395907834
2023-02-23 19:00:00,1.586222846758439
2023-02-23 20:00:00,1.586219349185683
2023-02-23 21:00:00,1.586215846872918
2023-02-23 22:00:00,1.5862123398205454
2023-02-23 23:00:00,1.5862088280289683
2023-02-24 00:00:00,1.5862053114985917
2023-02-24 01:00:00,1.586201790229817
2023-02-24 02:00:00,1.5861982642230512
2023-02-24 03:00:00,1.586194733478698
2023-02-24 04:00:00,1.5861911979971637
2023-02-24 05:00:00,1.5861876577788545
2023-02-24 06:00:00,1.586184112824176
2023-02-24 07:00:00,1.5861805631335377
2023-02-24 08:00:00,1.5861770087073452
2023-02-24 09:00:00,1.5861734495460087
2023-02-24 10:00:00,1.586169885649935
2023-02-24 11:00:00,1.5861663170195361
2023-02-24 12:00:00,1.5861627436552204
2023-02-24 13:00:00,1.5861591655573986
2023-02-24 14:00:00,1.5861555827264824
2023-02-24 15:00:00,1.5861519951628822
2023-02-24 16:00:00,1.5861484028670123
2023-02-24 17:00:00,1.586144805839283
2023-02-24 18:00:00,1.5861412040801093
2023-02-24 19:00:00,1.5861375975899048
2023-02-24 20:00:00,1.5861339863690833
2023-02-24 21:00:00,1.5861303704180598
2023-02-24 22:00:00,1.5861267497372495
2023-02-24 23:00:00,1.5861231243270701
2023-02-25 00:00:00,1.5861194941879353
2023-02-25 01:00:00,1.5861158593202647
2023-02-25 02:00:00,1.5861122197244748
2023-02-25 03:00:00,1.5861085754009838
2023-02-25 04:00:00,1.5861049263502107
2023-02-25 05:00:00,1.5861012725725738
2023-02-25 06:00:00,1.5860976140684948
2023-02-25 07:00:00,1.586093950838392
2023-02-25 08:00:00,1.5860902828826882
2023-02-25 09:00:00,1.5860866102018025
2023-02-25 10:00:00,1.5860829327961592
2023-02-25 11:00:00,1.5860792506661796
2023-02-25 12:00:00,1.586075563812286
2023-02-25 13:00:00,1.5860718722349048
2023-02-25 14:00:00,1.5860681759344566
2023-02-25 15:00:00,1.586064474911369
2023-02-25 16:00:00,1.586060769166065
2023-02-25 17:00:00,1.586057058698972
2023-02-25 18:00:00,1.5860533435105155
2023-02-25 19:00:00,1.5860496236011226
2023-02-25 20:00:00,1.5860458989712205
2023-02-25 21:00:00,1.586042169621237
2023-02-25 22:00:00,1.5860384355516017
2023-02-25 23:00:00,1.5860346967627417
2023-02-26 00:00:00,1.5860309532550882
2023-02-26 01:00:00,1.5860272050290707
2023-02-26 02:00:00,1.5860234520851197
2023-02-26 03:00:00,1.586019694423667
2023-02-26 04:00:00,1.586015932045143
2023-02-26 05:00:00,1.5860121649499823
2023-02-26 06:00:00,1.586008393138615
2023-02-26 07:00:00,1.5860046166114763
2023-02-26 08:00:00,1.5860008353689994
2023-02-26 09:00:00,1.5859970494116193
2023-02-26 10:00:00,1.5859932587397703
2023-02-26 11:00:00,1.5859894633538876
2023-02-26 12:00:00,1.5859856632544094
2023-02-26 13:00:00,1.585981858441769
2023-02-26 14:00:00,1.5859780489164073
2023-02-26 15:00:00,1.5859742346787582
2023-02-26 16:00:00,1.5859704157292625
2023-02-26 17:00:00,1.5859665920683583
2023-02-26 18:00:00,1.5859627636964848
2023-02-26 19:00:00,1.5859589306140818
2023-02-26 20:00:00,1.5859550928215895
2023-02-26 21:00:00,1.5859512503194502
2023-02-26 22:00:00,1.585947403108103
2023-02-26 23:00:00,1.585943551187992
2023-02-27 00:00:00,1.585939694559559
2023-02-27 01:00:00,1.585935833223247
2023-02-27 02:00:00,1.5859319671794998
2023-02-27 03:00:00,1.585928096428761
2023-02-27 04:00:00,1.585924220971477
2023-02-27 05:00:00,1.5859203408080909
2023-02-27 06:00:00,1.58591645593905
2023-02-27 07:00:00,1.5859125663648
2023-02-27 08:00:00,1.5859086720857885
2023-02-27 09:00:00,1.5859047731024618
2023-02-27 10:00:00,1.585900869415268
2023-02-27 11:00:00,1.5858969610246578
2023-02-27 12:00:00,1.5858930479310769
2023-02-27 13:00:00,1.585889130134978
2023-02-27 14:00:00,1.5858852076368084
2023-02-27 15:00:00,1.5858812804370206
2023-02-27 16:00:00,1.5858773485360658
2023-02-27 17:00:00,1.5858734119343942
2023-02-27 18:00:00,1.5858694706324605
2023-02-27 19:00:00,1.5858655246307154
2023-02-27 20:00:00,1.585861573929614
2023-02-27 21:00:00,1.5858576185296078
2023-02-27 22:00:00,1.585853658431154
2023-02-27 23:00:00,1.585849693634706
2023-02-28 00:00:00,1.5858457241407196
2023-02-28 01:00:00,1.5858417499496513
2023-02-28 02:00:00,1.5858377710619564
2023-02-28 03:00:00,1.5858337874780943
2023-02-28 04:00:00,1.5858297991985206
2023-02-28 05:00:00,1.5858258062236945
2023-02-28 06:00:00,1.5858218085540747
2023-02-28 07:00:00,1.5858178061901207
2023-02-28 08:00:00,1.5858137991322918
2023-02-28 09:00:00,1.5858097873810482
2023-02-28 10:00:00,1.5858057709368523
2023-02-28 11:00:00,1.5858017498001633
2023-02-28 12:00:00,1.5857977239714454
2023-02-28 13:00:00,1.5857936934511598
2023-02-28 14:00:00,1.5857896582397701
2023-02-28 15:00:00,1.5857856183377401
2023-02-28 16:00:00,1.5857815737455327
2023-02-28 17:00:00,1.585777524463615
2023-02-28 18:00:00,1.5857734704924495
2023-02-28 19:00:00,1.5857694118325045
2023-02-28 20:00:00,1.5857653484842438
2023-02-28 21:00:00,1.5857612804481362
2023-02-28 22:00:00,1.5857572077246487
2023-02-28 23:00:00,1.5857531303142487
2023-03-01 00:00:00,1.585749048217405
2023-03-01 01:00:00,1.585744961434586
2023-03-01 02:00:00,1.585740869966263
2023-03-01 03:00:00,1.5857367738129038
2023-03-01 04:00:00,1.5857326729749803
2023-03-01 05:00:00,1.585728567452964
2023-03-01 06:00:00,1.585724457247326
2023-03-01 07:00:00,1.5857203423585382
2023-03-01 08:00:00,1.5857162227870736
2023-03-01 09:00:00,1.585712098533407
2023-03-01 10:00:00,1.5857079695980094
2023-03-01 11:00:00,1.5857038359813576
2023-03-01 12:00:00,1.5856996976839255
2023-03-01 13:00:00,1.5856955547061888
2023-03-01 14:00:00,1.5856914070486237
2023-03-01 15:00:00,1.5856872547117056
2023-03-01 16:00:00,1.5856830976959138
2023-03-01 17:00:00,1.5856789360017234
2023-03-01 18:00:00,1.5856747696296152
2023-03-01 19:00:00,1.5856705985800648
2023-03-01 20:00:00,1.585666422853554
2023-03-01 21:00:00,1.5856622424505613
2023-03-01 22:00:00,1.5856580573715668
2023-03-01 23:00:00,1.5856538676170535
2023-03-02 00:00:00,1.5856496731874996
2023-03-02 01:00:00,1.5856454740833898
2023-03-02 02:00:00,1.5856412703052043
2023-03-02 03:00:00,1.5856370618534277
2023-03-02 04:00:00,1.585632848728543
2023-03-02 05:00:00,1.585628630931034
2023-03-02 06:00:00,1.5856244084613855
2023-03-02 07:00:00,1.5856201813200823
2023-03-02 08:00:00,1.5856159495076114
2023-03-02 09:00:00,1.585611713024457
2023-03-02 10:00:00,1.5856074718711075
2023-03-02 11:00:00,1.5856032260480495
2023-03-02 12:00:00,1.5855989755557707
2023-03-02 13:00:00,1.58559472039476
2023-03-02 14:00:00,1.5855904605655051
2023-03-02 15:00:00,1.5855861960684976
2023-03-02 16:00:00,1.5855819269042248
2023-03-02 17:00:00,1.5855776530731793
2023-03-02 18:00:00,1.5855733745758513
2023-03-02 19:00:00,1.5855690914127325
2023-03-02 20:00:00,1.585564803584315
2023-03-02 21:00:00,1.5855605110910906
2023-03-02 22:00:00,1.5855562139335548
2023-03-02 23:00:00,1.5855519121121984
2023-03-03 00:00:00,1.5855476056275186
2023-03-03 01:00:00,1.5855432944800072
2023-03-03 02:00:00,1.5855389786701615
2023-03-03 03:00:00,1.585534658198477
2023-03-03 04:00:00,1.58553033306545
2023-03-03 05:00:00,1.5855260032715772
2023-03-03 06:00:00,1.5855216688173557
2023-03-03 07:00:00,1.5855173297032854
2023-03-03 08:00:00,1.585512985929862
2023-03-03 09:00:00,1.585508637497587
2023-03-03 10:00:00,1.5855042844069591
2023-03-03 11:00:00,1.5854999266584782
2023-03-03 12:00:00,1.5854955642526454
2023-03-03 13:00:00,1.5854911971899608
2023-03-03 14:00:00,1.5854868254709287
2023-03-03 15:00:00,1.5854824490960484
2023-03-03 16:00:00,1.5854780680658245
2023-03-03 17:00:00,1.58547368238076
2023-03-03 18:00:00,1.5854692920413591
2023-03-03 19:00:00,1.5854648970481255
2023-03-03 20:00:00,1.5854604974015638
2023-03-03 21:00:00,1.585456093102182
2023-03-03 22:00:00,1.5854516841504824
2023-03-03 23:00:00,1.5854472705469747
2023-03-04 00:00:00,1.5854428522921644
2023-03-04 01:00:00,1.5854384293865598
2023-03-04 02:00:00,1.5854340018306687
2023-03-04 03:00:00,1.5854295696249991
2023-03-04 04:00:00,1.5854251327700626
2023-03-04 05:00:00,1.585420691266366
2023-03-04 06:00:00,1.5854162451144223
2023-03-04 07:00:00,1.5854117943147397
2023-03-04 08:00:00,1.5854073388678318
2023-03-04 09:00:00,1.5854028787742094
2023-03-04 10:00:00,1.585398414034385
2023-03-04 11:00:00,1.5853939446488723
2023-03-04 12:00:00,1.585389470618183
2023-03-04 13:00:00,1.585384991942834
2023-03-04 14:00:00,1.585380508623337
2023-03-04 15:00:00,1.585376020660209
2023-03-04 16:00:00,1.5853715280539649
2023-03-04 17:00:00,1.5853670308051213
2023-03-04 18:00:00,1.5853625289141942
2023-03-04 19:00:00,1.5853580223817008
2023-03-04 20:00:00,1.5853535112081607
2023-03-04 21:00:00,1.5853489953940894
2023-03-04 22:00:00,1.5853444749400079
2023-03-04 23:00:00,1.5853399498464347
2023-03-05 00:00:00,1.5853354201138898
2023-03-05 01:00:00,1.585330885742894
2023-03-05 02:00:00,1.585326346733967
2023-03-05 03:00:00,1.5853218030876328
2023-03-05 04:00:00,1.5853172548044108
2023-03-05 05:00:00,1.5853127018848256
2023-03-05 06:00:00,1.5853081443293982
2023-03-05 07:00:00,1.5853035821386543
2023-03-05 08:00:00,1.585299015313117
2023-03-05 09:00:00,1.5852944438533103
2023-03-05 10:00:00,1.5852898677597622
2023-03-05 11:00:00,1.585285287032995
2023-03-05 12:00:00,1.585280701673538
2023-03-05 13:00:00,1.5852761116819154
2023-03-05 14:00:00,1.5852715170586562
2023-03-05 15:00:00,1.5852669178042884
2023-03-05 16:00:00,1.5852623139193394
2023-03-05 17:00:00,1.5852577054043389
2023-03-05 18:00:00,1.5852530922598156
2023-03-05 19:00:00,1.5852484744863014
2023-03-05 20:00:00,1.5852438520843242
2023-03-05 21:00:00,1.5852392250544172
2023-03-05 22:00:00,1.585234593397111
2023-03-05 23:00:00,1.5852299571129382
2023-03-06 00:00:00,1.5852253162024317
2023-03-06 01:00:00,1.5852206706661232
2023-03-06 02:00:00,1.5852160205045491
2023-03-06 03:00:00,1.5852113657182407
2023-03-06 04:00:00,1.585206706307735
2023-03-06 05:00:00,1.5852020422735666
2023-03-06 06:00:00,1.5851973736162714
2023-03-06 07:00:00,1.585192700336386
2023-03-06 08:00:00,1.585188022434446
2023-03-06 09:00:00,1.5851833399109918
2023-03-06 10:00:00,1.5851786527665577
2023-03-06 11:00:00,1.585173961001686
2023-03-06 12:00:00,1.5851692646169122
2023-03-06 13:00:00,1.5851645636127782
2023-03-06 14:00:00,1.5851598579898236
2023-03-06 15:00:00,1.585155147748589
2023-03-06 16:00:00,1.5851504328896153
2023-03-06 17:00:00,1.585145713413444
2023-03-06 18:00:00,1.5851409893206188
2023-03-06 19:00:00,1.5851362606116801
2023-03-06 20:00:00,1.5851315272871735
2023-03-06 21:00:00,1.5851267893476417
2023-03-06 22:00:00,1.5851220467936291
2023-03-06 23:00:00,1.585117299625681
2023-03-07 00:00:00,1.5851125478443415
2023-03-07 01:00:00,1.5851077914501595
2023-03-07 02:00:00,1.585103030443678
2023-03-07 03:00:00,1.585098264825446
2023-03-07 04:00:00,1.585093494596011
2023-03-07 05:00:00,1.5850887197559205
2023-03-07 06:00:00,1.5850839403057233
2023-03-07 07:00:00,1.5850791562459678
2023-03-07 08:00:00,1.5850743675772063
2023-03-07 09:00:00,1.5850695742999852
2023-03-07 10:00:00,1.585064776414859
2023-03-07 11:00:00,1.5850599739223752
2023-03-07 12:00:00,1.5850551668230883
2023-03-07 13:00:00,1.58505035511755
2023-03-07 14:00:00,1.585045538806312
2023-03-07 15:00:00,1.58504071788993
2023-03-07 16:00:00,1.5850358923689551
2023-03-07 17:00:00,1.5850310622439447
2023-03-07 18:00:00,1.5850262275154503
2023-03-07 19:00:00,1.5850213881840305
2023-03-07 20:00:00,1.5850165442502397
2023-03-07 21:00:00,1.5850116957146347
2023-03-07 22:00:00,1.5850068425777732
2023-03-07 23:00:00,1.585001984840211
2023-03-08 00:00:00,1.5849971225025092
2023-03-08 01:00:00,1.5849922555652234
2023-03-08 02:00:00,1.5849873840289146
2023-03-08 03:00:00,1.5849825078941422
2023-03-08 04:00:00,1.5849776271614664
2023-03-08 05:00:00,1.5849727418314477
2023-03-08 06:00:00,1.5849678519046466
2023-03-08 07:00:00,1.584962957381628
2023-03-08 08:00:00,1.58495805826295
2023-03-08 09:00:00,1.584953154549179
2023-03-08 10:00:00,1.5849482462408766
2023-03-08 11:00:00,1.5849433333386072
2023-03-08 12:00:00,1.5849384158429356
2023-03-08 13:00:00,1.5849334937544253
2023-03-08 14:00:00,1.5849285670736446
2023-03-08 15:00:00,1.5849236358011565
2023-03-08 16:00:00,1.5849186999375302
2023-03-08 17:00:00,1.5849137594833302
2023-03-08 18:00:00,1.5849088144391266
2023-03-08 19:00:00,1.584903864805486
2023-03-08 20:00:00,1.5848989105829778
2023-03-08 21:00:00,1.5848939517721712
2023-03-08 22:00:00,1.5848889883736346
2023-03-08 23:00:00,1.5848840203879409
2023-03-09 00:00:00,1.5848790478156582
2023-03-09 01:00:00,1.5848740706573594
2023-03-09 02:00:00,1.584869088913616
2023-03-09 03:00:00,1.5848641025850008
2023-03-09 04:00:00,1.5848591116720858
2023-03-09 05:00:00,1.5848541161754444
2023-03-09 06:00:00,1.5848491160956524
2023-03-09 07:00:00,1.584844111433281
2023-03-09 08:00:00,1.5848391021889083
2023-03-09 09:00:00,1.5848340883631087
2023-03-09 10:00:00,1.584829069956458
2023-03-09 11:00:00,1.5848240469695332
2023-03-09 12:00:00,1.5848190194029101
2023-03-09 13:00:00,1.5848139872571694
2023-03-09 14:00:00,1.5848089505328855
2023-03-09 15:00:00,1.5848039092306407
2023-03-09 16:00:00,1.5847988633510106
2023-03-09 17:00:00,1.5847938128945778
2023-03-09 18:00:00,1.5847887578619213
2023-03-09 19:00:00,1.5847836982536214
2023-03-09 20:00:00,1.584778634070262
2023-03-09 21:00:00,1.5847735653124213
2023-03-09 22:00:00,1.5847684919806853
2023-03-09 23:00:00,1.5847634140756335
2023-03-10 00:00:00,1.5847583315978515
2023-03-10 01:00:00,1.5847532445479229
2023-03-10 02:00:00,1.5847481529264318
2023-03-10 03:00:00,1.584743056733963
2023-03-10 04:00:00,1.5847379559711021
2023-03-10 05:00:00,1.5847328506384368
2023-03-10 06:00:00,1.5847277407365505
2023-03-10 07:00:00,1.5847226262660334
2023-03-10 08:00:00,1.5847175072274715
2023-03-10 09:00:00,1.5847123836214532
2023-03-10 10:00:00,1.5847072554485675
2023-03-10 11:00:00,1.5847021227094022
2023-03-10 12:00:00,1.58469698540455
2023-03-10 13:00:00,1.5846918435345978
2023-03-10 14:00:00,1.5846866971001385
2023-03-10 15:00:00,1.5846815461017627
2023-03-10 16:00:00,1.5846763905400627
2023-03-10 17:00:00,1.5846712304156303
2023-03-10 18:00:00,1.5846660657290574
2023-03-10 19:00:00,1.5846608964809408
2023-03-10 20:00:00,1.5846557226718698
2023-03-10 21:00:00,1.5846505443024432
2023-03-10 22:00:00,1.5846453613732525
2023-03-10 23:00:00,1.5846401738848952
2023-03-11 00:00:00,1.584634981837967
2023-03-11 01:00:00,1.584629785233064
2023-03-11 02:00:00,1.5846245840707833
2023-03-11 03:00:00,1.5846193783517224
2023-03-11 04:00:00,1.584614168076481
2023-03-11 05:00:00,1.5846089532456544
2023-03-11 06:00:00,1.584603733859845
2023-03-11 07:00:00,1.5845985099196511
2023-03-11 08:00:00,1.5845932814256731
2023-03-11 09:00:00,1.5845880483785117
2023-03-11 10:00:00,1.5845828107787672
2023-03-11 11:00:00,1.584577568627044
2023-03-11 12:00:00,1.5845723219239412
2023-03-11 13:00:00,1.5845670706700636
2023-03-11 14:00:00,1.584561814866014
2023-03-11 15:00:00,1.5845565545123967
2023-03-11 16:00:00,1.5845512896098155
2023-03-11 17:00:00,1.5845460201588746
2023-03-11 18:00:00,1.5845407461601824
2023-03-11 19:00:00,1.5845354676143406
2023-03-11 20:00:00,1.584530184521959
2023-03-11 21:00:00,1.5845248968836434
2023-03-11 22:00:00,1.5845196047000014
2023-03-11 23:00:00,1.5845143079716413
2023-03-12 00:00:00,1.58450900669917
2023-03-12 01:00:00,1.5845037008832001
2023-03-12 02:00:00,1.5844983905243375
2023-03-12 03:00:00,1.5844930756231954
2023-03-12 04:00:00,1.5844877561803812
2023-03-12 05:00:00,1.584482432196509
2023-03-12 06:00:00,1.5844771036721892
2023-03-12 07:00:00,1.5844717706080342
2023-03-12 08:00:00,1.584466433004657
2023-03-12 09:00:00,1.5844610908626693
2023-03-12 10:00:00,1.584455744182688
2023-03-12 11:00:00,1.5844503929653242
2023-03-12 12:00:00,1.5844450372111947
2023-03-12 13:00:00,1.5844396769209141
2023-03-12 14:00:00,1.584434312095099
2023-03-12 15:00:00,1.5844289427343647
2023-03-12 16:00:00,1.5844235688393278
2023-03-12 17:00:00,1.5844181904106087
2023-03-12 18:00:00,1.584412807448821
2023-03-12 19:00:00,1.5844074199545868
2023-03-12 20:00:00,1.5844020279285234
2023-03-12 21:00:00,1.5843966313712503
2023-03-12 22:00:00,1.5843912302833885
2023-03-12 23:00:00,1.5843858246655564
2023-03-13 00:00:00,1.5843804145183786
2023-03-13 01:00:00,1.584374999842473
2023-03-13 02:00:00,1.584369580638465
2023-03-13 03:00:00,1.584364156906974
2023-03-13 04:00:00,1.5843587286486256
2023-03-13 05:00:00,1.5843532958640427
2023-03-13 06:00:00,1.5843478585538495
2023-03-13 07:00:00,1.5843424167186708
2023-03-13 08:00:00,1.5843369703591306
2023-03-13 09:00:00,1.5843315194758576
2023-03-13 10:00:00,1.5843260640694747
2023-03-13 11:00:00,1.5843206041406108
2023-03-13 12:00:00,1.584315139689893
2023-03-13 13:00:00,1.584309670717949
2023-03-13 14:00:00,1.5843041972254064
2023-03-13 15:00:00,1.5842987192128943
2023-03-13 16:00:00,1.5842932366810438
2023-03-13 17:00:00,1.584287749630482
2023-03-13 18:00:00,1.5842822580618416
2023-03-13 19:00:00,1.5842767619757527
2023-03-13 20:00:00,1.5842712613728467
2023-03-13 21:00:00,1.584265756253756
2023-03-13 22:00:00,1.5842602466191118
2023-03-13 23:00:00,1.58425473246955
2023-03-14 00:00:00,1.5842492138057005
2023-03-14 01:00:00,1.5842436906282
2023-03-14 02:00:00,1.5842381629376823
2023-03-14 03:00:00,1.5842326307347825
2023-03-14 04:00:00,1.5842270940201362
2023-03-14 05:00:00,1.5842215527943784
2023-03-14 06:00:00,1.584216007058149
2023-03-14 07:00:00,1.584210456812081
2023-03-14 08:00:00,1.5842049020568159
2023-03-14 09:00:00,1.5841993427929886
2023-03-14 10:00:00,1.5841937790212401
2023-03-14 11:00:00,1.5841882107422094
2023-03-14 12:00:00,1.5841826379565354
2023-03-14 13:00:00,1.5841770606648586
2023-03-14 14:00:00,1.5841714788678196
2023-03-14 15:00:00,1.5841658925660616
2023-03-14 16:00:00,1.5841603017602233
2023-03-14 17:00:00,1.5841547064509496
2023-03-14 18:00:00,1.5841491066388824
2023-03-14 19:00:00,1.584143502324665
2023-03-14 20:00:00,1.584137893508942
2023-03-14 21:00:00,1.584132280192356
2023-03-14 22:00:00,1.5841266623755552
2023-03-14 23:00:00,1.5841210400591814
2023-03-15 00:00:00,1.5841154132438828
2023-03-15 01:00:00,1.5841097819303056
2023-03-15 02:00:00,1.5841041461190968
2023-03-15 03:00:00,1.5840985058109036
2023-03-15 04:00:00,1.584092861006373
2023-03-15 05:00:00,1.5840872117061569
2023-03-15 06:00:00,1.5840815579109002
2023-03-15 07:00:00,1.5840758996212563
2023-03-15 08:00:00,1.5840702368378716
2023-03-15 09:00:00,1.5840645695613995
2023-03-15 10:00:00,1.5840588977924905
2023-03-15 11:00:00,1.584053221531795
2023-03-15 12:00:00,1.584047540779968
2023-03-15 13:00:00,1.5840418555376585
2023-03-15 14:00:00,1.5840361658055235
2023-03-15 15:00:00,1.5840304715842128
2023-03-15 16:00:00,1.584024772874384
2023-03-15 17:00:00,1.58401906967669
2023-03-15 18:00:00,1.5840133619917869
2023-03-15 19:00:00,1.5840076498203302
2023-03-15 20:00:00,1.5840019331629749
2023-03-15 21:00:00,1.583996212020381
2023-03-15 22:00:00,1.5839904863932022
2023-03-15 23:00:00,1.5839847562820988
2023-03-16 00:00:00,1.5839790216877285
2023-03-16 01:00:00,1.5839732826107502
2023-03-16 02:00:00,1.583967539051823
2023-03-16 03:00:00,1.583961791011606
2023-03-16 04:00:00,1.5839560384907627
2023-03-16 05:00:00,1.5839502814899498
2023-03-16 06:00:00,1.583944520009832
2023-03-16 07:00:00,1.5839387540510703
2023-03-16 08:00:00,1.5839329836143268
2023-03-16 09:00:00,1.583927208700265
2023-03-16 10:00:00,1.5839214293095467
2023-03-16 11:00:00,1.5839156454428394
2023-03-16 12:00:00,1.5839098571008041
2023-03-16 13:00:00,1.583904064284109
2023-03-16 14:00:00,1.5838982669934158
2023-03-16 15:00:00,1.5838924652293942
2023-03-16 16:00:00,1.5838866589927092
2023-03-16 17:00:00,1.5838808482840279
2023-03-16 18:00:00,1.5838750331040186
2023-03-16 19:00:00,1.5838692134533476
2023-03-16 20:00:00,1.5838633893326868
2023-03-16 21:00:00,1.583857560742702
2023-03-16 22:00:00,1.5838517276840647
2023-03-16 23:00:00,1.583845890157445
2023-03-17 00:00:00,1.5838400481635135
2023-03-17 01:00:00,1.583834201702941
2023-03-17 02:00:00,1.5838283507763984
2023-03-17 03:00:00,1.5838224953845614
2023-03-17 04:00:00,1.583816635528098
2023-03-17 05:00:00,1.5838107712076852
2023-03-17 06:00:00,1.583804902423995
2023-03-17 07:00:00,1.5837990291777024
2023-03-17 08:00:00,1.583793151469482
2023-03-17 09:00:00,1.583787269300008
2023-03-17 10:00:00,1.583781382669959
2023-03-17 11:00:00,1.583775491580008
2023-03-17 12:00:00,1.5837695960308351
2023-03-17 13:00:00,1.583763696023114
2023-03-17 14:00:00,1.583757791557526
2023-03-17 15:00:00,1.583751882634748
2023-03-17 16:00:00,1.5837459692554579
2023-03-17 17:00:00,1.5837400514203386
2023-03-17 18:00:00,1.5837341291300653
2023-03-17 19:00:00,1.583728202385323
2023-03-17 20:00:00,1.5837222711867884
2023-03-17 21:00:00,1.583716335535146
2023-03-17 22:00:00,1.5837103954310767
2023-03-17 23:00:00,1.5837044508752636
2023-03-18 00:00:00,1.5836985018683887
2023-03-18 01:00:00,1.5836925484111353
2023-03-18 02:00:00,1.5836865905041901
2023-03-18 03:00:00,1.5836806281482334
2023-03-18 04:00:00,1.5836746613439538
2023-03-18 05:00:00,1.5836686900920356
2023-03-18 06:00:00,1.5836627143931645
2023-03-18 07:00:00,1.5836567342480279
2023-03-18 08:00:00,1.5836507496573111
2023-03-18 09:00:00,1.583644760621705
2023-03-18 10:00:00,1.5836387671418939
2023-03-18 11:00:00,1.583632769218569
2023-03-18 12:00:00,1.5836267668524189
2023-03-18 13:00:00,1.583620760044133
2023-03-18 14:00:00,1.5836147487944012
2023-03-18 15:00:00,1.5836087331039137
2023-03-18 16:00:00,1.5836027129733643
2023-03-18 17:00:00,1.5835966884034407
2023-03-18 18:00:00,1.5835906593948392
2023-03-18 19:00:00,1.583584625948249
2023-03-18 20:00:00,1.5835785880643651
2023-03-18 21:00:00,1.5835725457438812
2023-03-18 22:00:00,1.5835664989874914
2023-03-18 23:00:00,1.58356044779589
2023-03-19 00:00:00,1.583554392169772
2023-03-19 01:00:00,1.5835483321098351
2023-03-19 02:00:00,1.5835422676167723
2023-03-19 03:00:00,1.5835361986912837
2023-03-19 04:00:00,1.5835301253340648
2023-03-19 05:00:00,1.5835240475458137
2023-03-19 06:00:00,1.583517965327229
2023-03-19 07:00:00,1.5835118786790081
2023-03-19 08:00:00,1.5835057876018537
2023-03-19 09:00:00,1.5834996920964612
2023-03-19 10:00:00,1.5834935921635345
2023-03-19 11:00:00,1.5834874878037728
2023-03-19 12:00:00,1.5834813790178779
2023-03-19 13:00:00,1.5834752658065516
2023-03-19 14:00:00,1.5834691481704952
2023-03-19 15:00:00,1.5834630261104148
2023-03-19 16:00:00,1.5834568996270093
2023-03-19 17:00:00,1.5834507687209871
2023-03-19 18:00:00,1.5834446333930485
2023-03-19 19:00:00,1.5834384936439012
2023-03-19 20:00:00,1.5834323494742502
2023-03-19 21:00:00,1.5834262008847995
2023-03-19 22:00:00,1.5834200478762592
2023-03-19 23:00:00,1.5834138904493322
2023-03-20 00:00:00,1.58340772860473
2023-03-20 01:00:00,1.583401562343156
2023-03-20 02:00:00,1.5833953916653225
2023-03-20 03:00:00,1.583389216571937
2023-03-20 04:00:00,1.583383037063709
2023-03-20 05:00:00,1.5833768531413488
2023-03-20 06:00:00,1.5833706648055652
2023-03-20 07:00:00,1.583364472057073
2023-03-20 08:00:00,1.5833582748965795
2023-03-20 09:00:00,1.5833520733247994
2023-03-20 10:00:00,1.5833458673424445
2023-03-20 11:00:00,1.583339656950228
2023-03-20 12:00:00,1.5833334421488632
2023-03-20 13:00:00,1.583327222939063
2023-03-20 14:00:00,1.5833209993215454
2023-03-20 15:00:00,1.583314771297021
2023-03-20 16:00:00,1.5833085388662087
2023-03-20 17:00:00,1.5833023020298234
2023-03-20 18:00:00,1.5832960607885815
2023-03-20 19:00:00,1.5832898151432009
2023-03-20 20:00:00,1.583283565094397
2023-03-20 21:00:00,1.583277310642892
2023-03-20 22:00:00,1.5832710517893998
2023-03-20 23:00:00,1.5832647885346436
2023-03-21 00:00:00,1.5832585208793393
2023-03-21 01:00:00,1.58325224882421
2023-03-21 02:00:00,1.583245972369975
2023-03-21 03:00:00,1.5832396915173557
2023-03-21 04:00:00,1.5832334062670739
2023-03-21 05:00:00,1.5832271166198502
2023-03-21 06:00:00,1.5832208225764106
2023-03-21 07:00:00,1.5832145241374744
2023-03-21 08:00:00,1.5832082213037681
2023-03-21 09:00:00,1.5832019140760147
2023-03-21 10:00:00,1.5831956024549394
2023-03-21 11:00:00,1.5831892864412667
2023-03-21 12:00:00,1.5831829660357213
2023-03-21 13:00:00,1.5831766412390331
2023-03-21 14:00:00,1.5831703120519243
2023-03-21 15:00:00,1.5831639784751252
2023-03-21 16:00:00,1.5831576405093621
2023-03-21 17:00:00,1.5831512981553637
2023-03-21 18:00:00,1.583144951413859
2023-03-21 19:00:00,1.5831386002855752
2023-03-21 20:00:00,1.5831322447712457
2023-03-21 21:00:00,1.5831258848715968
2023-03-21 22:00:00,1.5831195205873616
2023-03-21 23:00:00,1.583113151919271
2023-03-22 00:00:00,1.5831067788680566
2023-03-22 01:00:00,1.5831004014344503
2023-03-22 02:00:00,1.583094019619184
2023-03-22 03:00:00,1.5830876334229944
2023-03-22 04:00:00,1.5830812428466103
2023-03-22 05:00:00,1.5830748478907708
2023-03-22 06:00:00,1.583068448556206
2023-03-22 07:00:00,1.5830620448436548
2023-03-22 08:00:00,1.5830556367538515
2023-03-22 09:00:00,1.5830492242875325
2023-03-22 10:00:00,1.5830428074454346
2023-03-22 11:00:00,1.583036386228294
2023-03-22 12:00:00,1.5830299606368514
2023-03-22 13:00:00,1.583023530671841
2023-03-22 14:00:00,1.5830170963340051
2023-03-22 15:00:00,1.5830106576240812
2023-03-22 16:00:00,1.5830042145428098
2023-03-22 17:00:00,1.5829977670909308
2023-03-22 18:00:00,1.582991315269184
2023-03-22 19:00:00,1.5829848590783135
2023-03-22 20:00:00,1.5829783985190575
2023-03-22 21:00:00,1.582971933592161
2023-03-22 22:00:00,1.582965464298366
2023-03-22 23:00:00,1.5829589906384156
2023-03-23 00:00:00,1.5829525126130537
2023-03-23 01:00:00,1.5829460302230232
2023-03-23 02:00:00,1.582939543469073
2023-03-23 03:00:00,1.582933052351943
2023-03-23 04:00:00,1.5829265568723838
2023-03-23 05:00:00,1.5829200570311377
2023-03-23 06:00:00,1.5829135528289542
2023-03-23 07:00:00,1.5829070442665798
2023-03-23 08:00:00,1.5829005313447613
2023-03-23 09:00:00,1.5828940140642498
2023-03-23 10:00:00,1.5828874924257905
2023-03-23 11:00:00,1.5828809664301364
2023-03-23 12:00:00,1.5828744360780331
2023-03-23 13:00:00,1.5828679013702345
2023-03-23 14:00:00,1.5828613623074899
2023-03-23 15:00:00,1.5828548188905507
2023-03-23 16:00:00,1.5828482711201692
2023-03-23 17:00:00,1.5828417189970958
2023-03-23 18:00:00,1.5828351625220871
2023-03-23 19:00:00,1.5828286016958921
2023-03-23 20:00:00,1.5828220365192676
2023-03-23 21:00:00,1.5828154669929668
2023-03-23 22:00:00,1.582808893117745
2023-03-23 23:00:00,1.5828023148943569
2023-03-24 00:00:00,1.5827957323235573
2023-03-24 01:00:00,1.5827891454061065
2023-03-24 02:00:00,1.5827825541427558
2023-03-24 03:00:00,1.5827759585342667
2023-03-24 04:00:00,1.5827693585813956
2023-03-24 05:00:00,1.5827627542849005
2023-03-24 06:00:00,1.5827561456455408
2023-03-24 07:00:00,1.5827495326640741
2023-03-24 08:00:00,1.5827429153412638
2023-03-24 09:00:00,1.582736293677866
2023-03-24 10:00:00,1.5827296676746456
2023-03-24 11:00:00,1.5827230373323593
2023-03-24 12:00:00,1.5827164026517728
2023-03-24 13:00:00,1.582709763633647
2023-03-24 14:00:00,1.5827031202787445
2023-03-24 15:00:00,1.5826964725878288
2023-03-24 16:00:00,1.5826898205616624
2023-03-24 17:00:00,1.582683164201013
2023-03-24 18:00:00,1.5826765035066415
2023-03-24 19:00:00,1.5826698384793154
2023-03-24 20:00:00,1.5826631691198
2023-03-24 21:00:00,1.582656495428862
2023-03-24 22:00:00,1.5826498174072674
2023-03-24 23:00:00,1.5826431350557826
2023-03-25 00:00:00,1.5826364483751791
2023-03-25 01:00:00,1.58262975736622
2023-03-25 02:00:00,1.5826230620296784
2023-03-25 03:00:00,1.5826163623663214
2023-03-25 04:00:00,1.5826096583769191
2023-03-25 05:00:00,1.5826029500622423
2023-03-25 06:00:00,1.58259623742306
2023-03-25 07:00:00,1.5825895204601468
2023-03-25 08:00:00,1.5825827991742705
2023-03-25 09:00:00,1.5825760735662073
2023-03-25 10:00:00,1.5825693436367259
2023-03-25 11:00:00,1.5825626093866025
2023-03-25 12:00:00,1.58255587081661
2023-03-25 13:00:00,1.5825491279275212
2023-03-25 14:00:00,1.5825423807201147
2023-03-25 15:00:00,1.5825356291951607
2023-03-25 16:00:00,1.5825288733534395
2023-03-25 17:00:00,1.5825221131957232
2023-03-25 18:00:00,1.5825153487227914
2023-03-25 19:00:00,1.5825085799354206
2023-03-25 20:00:00,1.5825018068343883
2023-03-25 21:00:00,1.5824950294204725
2023-03-25 22:00:00,1.582488247694451
2023-03-25 23:00:00,1.5824814616571068
2023-03-26 00:00:00,1.5824746713092142
2023-03-26 01:00:00,1.5824678766515574
2023-03-26 02:00:00,1.5824610776849155
2023-03-26 03:00:00,1.5824542744100698
2023-03-26 04:00:00,1.5824474668278024
2023-03-26 05:00:00,1.5824406549388939
2023-03-26 06:00:00,1.5824338387441301
2023-03-26 07:00:00,1.5824270182442906
2023-03-26 08:00:00,1.5824201934401612
2023-03-26 09:00:00,1.5824133643325256
2023-03-26 10:00:00,1.5824065309221687
2023-03-26 11:00:00,1.582399693209875
2023-03-26 12:00:00,1.5823928511964291
2023-03-26 13:00:00,1.582386004882621
2023-03-26 14:00:00,1.5823791542692323
2023-03-26 15:00:00,1.5823722993570546
2023-03-26 16:00:00,1.5823654401468714
2023-03-26 17:00:00,1.5823585766394737
2023-03-26 18:00:00,1.5823517088356494
2023-03-26 19:00:00,1.5823448367361872
2023-03-26 20:00:00,1.582337960341877
2023-03-26 21:00:00,1.5823310796535075
2023-03-26 22:00:00,1.5823241946718727
2023-03-26 23:00:00,1.582317305397759
2023-03-27 00:00:00,1.5823104118319617
2023-03-27 01:00:00,1.5823035139752715
2023-03-27 02:00:00,1.5822966118284807
2023-03-27 03:00:00,1.582289705392383
2023-03-27 04:00:00,1.5822827946677698
2023-03-27 05:00:00,1.5822758796554393
2023-03-27 06:00:00,1.5822689603561813
2023-03-27 07:00:00,1.582262036770794
2023-03-27 08:00:00,1.5822551089000716
2023-03-27 09:00:00,1.5822481767448109
2023-03-27 10:00:00,1.5822412403058075
2023-03-27 11:00:00,1.5822342995838574
2023-03-27 12:00:00,1.5822273545797618
2023-03-27 13:00:00,1.5822204052943138
2023-03-27 14:00:00,1.5822134517283166
2023-03-27 15:00:00,1.5822064938825646
2023-03-27 16:00:00,1.5821995317578603
2023-03-27 17:00:00,1.5821925653550026
2023-03-27 18:00:00,1.5821855946747914
2023-03-27 19:00:00,1.58217861971803
2023-03-27 20:00:00,1.582171640485516
2023-03-27 21:00:00,1.5821646569780552
2023-03-27 22:00:00,1.5821576691964458
2023-03-27 23:00:00,1.5821506771414944
2023-03-28 00:00:00,1.5821436808140026
2023-03-28 01:00:00,1.5821366802147745
2023-03-28 02:00:00,1.5821296753446148
2023-03-28 03:00:00,1.5821226662043264
2023-03-28 04:00:00,1.5821156527947187
2023-03-28 05:00:00,1.5821086351165927
2023-03-28 06:00:00,1.582101613170758
2023-03-28 07:00:00,1.5820945869580203
2023-03-28 08:00:00,1.5820875564791872
2023-03-28 09:00:00,1.5820805217350662
2023-03-28 10:00:00,1.5820734827264642
2023-03-28 11:00:00,1.5820664394541941
2023-03-28 12:00:00,1.5820593919190598
2023-03-28 13:00:00,1.5820523401218747
2023-03-28 14:00:00,1.582045284063448
2023-03-28 15:00:00,1.5820382237445905
2023-03-28 16:00:00,1.5820311591661131
2023-03-28 17:00:00,1.5820240903288263
2023-03-28 18:00:00,1.5820170172335462
2023-03-28 19:00:00,1.5820099398810805
2023-03-28 20:00:00,1.582002858272247
2023-03-28 21:00:00,1.5819957724078544
2023-03-28 22:00:00,1.5819886822887212
2023-03-28 23:00:00,1.58198158791566
2023-03-29 00:00:00,1.5819744892894863
2023-03-29 01:00:00,1.5819673864110158
2023-03-29 02:00:00,1.581960279281063
2023-03-29 03:00:00,1.5819531679004482
2023-03-29 04:00:00,1.581946052269984
2023-03-29 05:00:00,1.581938932390491
2023-03-29 06:00:00,1.5819318082627867
2023-03-29 07:00:00,1.5819246798876891
2023-03-29 08:00:00,1.5819175472660174
2023-03-29 09:00:00,1.58191041039859
2023-03-29 10:00:00,1.5819032692862305
2023-03-29 11:00:00,1.5818961239297542
2023-03-29 12:00:00,1.5818889743299862
2023-03-29 13:00:00,1.5818818204877463
2023-03-29 14:00:00,1.5818746624038567
2023-03-29 15:00:00,1.5818675000791398
2023-03-29 16:00:00,1.5818603335144172
2023-03-29 17:00:00,1.581853162710516
2023-03-29 18:00:00,1.5818459876682556
2023-03-29 19:00:00,1.5818388083884634
2023-03-29 20:00:00,1.5818316248719633
2023-03-29 21:00:00,1.5818244371195807
2023-03-29 22:00:00,1.5818172451321415
2023-03-29 23:00:00,1.5818100489104707
2023-03-30 00:00:00,1.581802848455399
2023-03-30 01:00:00,1.5817956437677483
2023-03-30 02:00:00,1.5817884348483515
2023-03-30 03:00:00,1.5817812216980327
2023-03-30 04:00:00,1.5817740043176232
2023-03-30 05:00:00,1.5817667827079516
2023-03-30 06:00:00,1.5817595568698477
2023-03-30 07:00:00,1.5817523268041414
2023-03-30 08:00:00,1.5817450925116623
2023-03-30 09:00:00,1.5817378539932456
2023-03-30 10:00:00,1.5817306112497176
2023-03-30 11:00:00,1.5817233642819144
2023-03-30 12:00:00,1.5817161130906672
2023-03-30 13:00:00,1.5817088576768092
2023-03-30 14:00:00,1.5817015980411742
2023-03-30 15:00:00,1.5816943341845948
2023-03-30 16:00:00,1.5816870661079094
2023-03-30 17:00:00,1.5816797938119487
2023-03-30 18:00:00,1.5816725172975508
2023-03-30 19:00:00,1.5816652365655512
2023-03-30 20:00:00,1.5816579516167866
2023-03-30 21:00:00,1.5816506624520936
2023-03-30 22:00:00,1.5816433690723084
2023-03-30 23:00:00,1.5816360714782733
2023-03-31 00:00:00,1.581628769670821
2023-03-31 01:00:00,1.581621463650796
2023-03-31 02:00:00,1.5816141534190327
2023-03-31 03:00:00,1.5816068389763744
2023-03-31 04:00:00,1.5815995203236604
2023-03-31 05:00:00,1.5815921974617317
2023-03-31 06:00:00,1.5815848703914297
2023-03-31 07:00:00,1.5815775391135949
2023-03-31 08:00:00,1.5815702036290733
2023-03-31 09:00:00,1.5815628639387027
2023-03-31 10:00:00,1.5815555200433304
2023-03-31 11:00:00,1.5815481719437985
2023-03-31 12:00:00,1.5815408196409517
2023-03-31 13:00:00,1.5815334631356346
2023-03-31 14:00:00,1.581526102428691
2023-03-31 15:00:00,1.5815187375209705
2023-03-31 16:00:00,1.5815113684133146
2023-03-31 17:00:00,1.5815039951065732
2023-03-31 18:00:00,1.5814966176015923
2023-03-31 19:00:00,1.58148923589922
2023-03-31 20:00:00,1.581481850000304
2023-03-31 21:00:00,1.5814744599056916
2023-03-31 22:00:00,1.5814670656162362
2023-03-31 23:00:00,1.5814596671327816
2023-04-01 00:00:00,1.581452264456182
2023-04-01 01:00:00,1.5814448575872868
2023-04-01 02:00:00,1.5814374465269467
2023-04-01 03:00:00,1.5814300312760134
2023-04-01 04:00:00,1.5814226118353378
2023-04-01 05:00:00,1.5814151882057759
2023-04-01 06:00:00,1.5814077603881755
2023-04-01 07:00:00,1.581400328383395
2023-04-01 08:00:00,1.5813928921922837
2023-04-01 09:00:00,1.5813854518156996
2023-04-01 10:00:00,1.581378007254496
2023-04-01 11:00:00,1.5813705585095286
2023-04-01 12:00:00,1.581363105581653
2023-04-01 13:00:00,1.5813556484717244
2023-04-01 14:00:00,1.5813481871806032
2023-04-01 15:00:00,1.581340721709142
2023-04-01 16:00:00,1.581333252058202
2023-04-01 17:00:00,1.58132577822864
2023-04-01 18:00:00,1.5813183002213151
2023-04-01 19:00:00,1.5813108180370863
2023-04-01 20:00:00,1.5813033316768121
2023-04-01 21:00:00,1.5812958411413565
2023-04-01 22:00:00,1.5812883464315746
2023-04-01 23:00:00,1.5812808475483318
2023-04-02 00:00:00,1.5812733444924885
2023-04-02 01:00:00,1.5812658372649062
2023-04-02 02:00:00,1.581258325866448
2023-04-02 03:00:00,1.5812508102979754
2023-04-02 04:00:00,1.5812432905603557
2023-04-02 05:00:00,1.581235766654448
2023-04-02 06:00:00,1.5812282385811216
2023-04-02 07:00:00,1.5812207063412365
2023-04-02 08:00:00,1.581213169935662
2023-04-02 09:00:00,1.5812056293652625
2023-04-02 10:00:00,1.581198084630903
2023-04-02 11:00:00,1.5811905357334548
2023-04-02 12:00:00,1.5811829826737795
2023-04-02 13:00:00,1.5811754254527504
2023-04-02 14:00:00,1.5811678640712306
2023-04-02 15:00:00,1.5811602985300925
2023-04-02 16:00:00,1.581152728830204
2023-04-02 17:00:00,1.5811451549724356
2023-04-02 18:00:00,1.5811375769576563
2023-04-02 19:00:00,1.5811299947867365
2023-04-02 20:00:00,1.5811224084605509
2023-04-02 21:00:00,1.5811148179799657
2023-04-02 22:00:00,1.5811072233458574
2023-04-02 23:00:00,1.5810996245590967
2023-04-03 00:00:00,1.581092021620557
2023-04-03 01:00:00,1.581084414531112
2023-04-03 02:00:00,1.581076803291634
2023-04-03 03:00:00,1.5810691879030019
2023-04-03 04:00:00,1.5810615683660851
2023-04-03 05:00:00,1.581053944681763
2023-04-03 06:00:00,1.5810463168509101
2023-04-03 07:00:00,1.5810386848744034
2023-04-03 08:00:00,1.5810310487531192
2023-04-03 09:00:00,1.5810234084879335
2023-04-03 10:00:00,1.5810157640797287
2023-04-03 11:00:00,1.5810081155293771
2023-04-03 12:00:00,1.581000462837763
2023-04-03 13:00:00,1.5809928060057608
2023-04-03 14:00:00,1.5809851450342536
2023-04-03 15:00:00,1.5809774799241207
2023-04-03 16:00:00,1.5809698106762426
2023-04-03 17:00:00,1.5809621372915004
2023-04-03 18:00:00,1.5809544597707745
2023-04-03 19:00:00,1.5809467781149513
2023-04-03 20:00:00,1.5809390923249076
2023-04-03 21:00:00,1.5809314024015306
2023-04-03 22:00:00,1.5809237083457026
2023-04-03 23:00:00,1.5809160101583073
2023-04-04 00:00:00,1.5809083078402297
2023-04-04 01:00:00,1.5809006013923532
2023-04-04 02:00:00,1.5808928908155668
2023-04-04 03:00:00,1.580885176110752
2023-04-04 04:00:00,1.5808774572787985
2023-04-04 05:00:00,1.5808697343205917
2023-04-04 06:00:00,1.5808620072370196
2023-04-04 07:00:00,1.5808542760289694
2023-04-04 08:00:00,1.5808465406973282
2023-04-04 09:00:00,1.5808388012429893
2023-04-04 10:00:00,1.5808310576668356
2023-04-04 11:00:00,1.5808233099697628
2023-04-04 12:00:00,1.5808155581526557
2023-04-04 13:00:00,1.5808078022164087
2023-04-04 14:00:00,1.580800042161912
2023-04-04 15:00:00,1.5807922779900554
2023-04-04 16:00:00,1.5807845097017352
2023-04-04 17:00:00,1.5807767372978387
2023-04-04 18:00:00,1.5807689607792639
2023-04-04 19:00:00,1.5807611801468993
2023-04-04 20:00:00,1.5807533954016428
2023-04-04 21:00:00,1.5807456065443872
2023-04-04 22:00:00,1.580737813576028
2023-04-04 23:00:00,1.58073001649746
2023-04-05 00:00:00,1.580722215309578
2023-04-05 01:00:00,1.5807144100132822
2023-04-05 02:00:00,1.580706600609464
2023-04-05 03:00:00,1.580698787099025
2023-04-05 04:00:00,1.5806909694828613
2023-04-05 05:00:00,1.5806831477618712
2023-04-05 06:00:00,1.5806753219369534
2023-04-05 07:00:00,1.5806674920090056
2023-04-05 08:00:00,1.5806596579789316
2023-04-05 09:00:00,1.580651819847626
2023-04-05 10:00:00,1.5806439776159935
2023-04-05 11:00:00,1.580636131284934
2023-04-05 12:00:00,1.5806282808553482
2023-04-05 13:00:00,1.580620426328139
2023-04-05 14:00:00,1.5806125677042073
2023-04-05 15:00:00,1.5806047049844596
2023-04-05 16:00:00,1.5805968381697943
2023-04-05 17:00:00,1.5805889672611206
2023-04-05 18:00:00,1.5805810922593373
2023-04-05 19:00:00,1.5805732131653534
2023-04-05 20:00:00,1.5805653299800728
2023-04-05 21:00:00,1.580557442704401
2023-04-05 22:00:00,1.5805495513392447
2023-04-05 23:00:00,1.5805416558855088
2023-04-06 00:00:00,1.5805337563441046
2023-04-06 01:00:00,1.5805258527159347
2023-04-06 02:00:00,1.5805179450019105
2023-04-06 03:00:00,1.5805100332029398
2023-04-06 04:00:00,1.5805021173199316
2023-04-06 05:00:00,1.5804941973537951
2023-04-06 06:00:00,1.580486273305439
2023-04-06 07:00:00,1.5804783451757782
2023-04-06 08:00:00,1.5804704129657174
2023-04-06 09:00:00,1.5804624766761728
2023-04-06 10:00:00,1.5804545363080547
2023-04-06 11:00:00,1.580446591862275
2023-04-06 12:00:00,1.5804386433397473
2023-04-06 13:00:00,1.5804306907413823
2023-04-06 14:00:00,1.5804227340680987
2023-04-06 15:00:00,1.5804147733208054
2023-04-06 16:00:00,1.5804068085004217
2023-04-06 17:00:00,1.5803988396078577
2023-04-06 18:00:00,1.5803908666440334
2023-04-06 19:00:00,1.5803828896098628
2023-04-06 20:00:00,1.5803749085062615
2023-04-06 21:00:00,1.5803669233341509
2023-04-06 22:00:00,1.5803589340944422
2023-04-06 23:00:00,1.5803509407880592
2023-04-07 00:00:00,1.580342943415915
2023-04-07 01:00:00,1.5803349419789323
2023-04-07 02:00:00,1.5803269364780292
2023-04-07 03:00:00,1.5803189269141256
2023-04-07 04:00:00,1.5803109132881414
2023-04-07 05:00:00,1.5803028956009961
2023-04-07 06:00:00,1.5802948738536153
2023-04-07 07:00:00,1.580286848046915
2023-04-07 08:00:00,1.5802788181818215
2023-04-07 09:00:00,1.5802707842592556
2023-04-07 10:00:00,1.5802627462801406
2023-04-07 11:00:00,1.5802547042454007
2023-04-07 12:00:00,1.5802466581559576
2023-04-07 13:00:00,1.58023860801274
2023-04-07 14:00:00,1.5802305538166679
2023-04-07 15:00:00,1.5802224955686703
2023-04-07 16:00:00,1.580214433269672
2023-04-07 17:00:00,1.580206366920599
2023-04-07 18:00:00,1.5801982965223782
2023-04-07 19:00:00,1.5801902220759356
2023-04-07 20:00:00,1.5801821435822032
2023-04-07 21:00:00,1.5801740610421033
2023-04-07 22:00:00,1.5801659744565701
2023-04-07 23:00:00,1.5801578838265276
2023-04-08 00:00:00,1.580149789152909
2023-04-08 01:00:00,1.5801416904366432
2023-04-08 02:00:00,1.5801335876786609
2023-04-08 03:00:00,1.5801254808798926
2023-04-08 04:00:00,1.5801173700412687
2023-04-08 05:00:00,1.5801092551637255
2023-04-08 06:00:00,1.5801011362481892
2023-04-08 07:00:00,1.5800930132955973
2023-04-08 08:00:00,1.580084886306881
2023-04-08 09:00:00,1.5800767552829749
2023-04-08 10:00:00,1.5800686202248129
2023-04-08 11:00:00,1.580060481133328
2023-04-08 12:00:00,1.58005233800946
2023-04-08 13:00:00,1.5800441908541387
2023-04-08 14:00:00,1.5800360396683042
2023-04-08 15:00:00,1.5800278844528919
2023-04-08 16:00:00,1.5800197252088388
2023-04-08 17:00:00,1.580011561937082
2023-04-08 18:00:00,1.5800033946385585
2023-04-08 19:00:00,1.5799952233142107
2023-04-08 20:00:00,1.5799870479649716
2023-04-08 21:00:00,1.579978868591785
2023-04-08 22:00:00,1.5799706851955895
2023-04-08 23:00:00,1.5799624977773248
2023-04-09 00:00:00,1.5799543063379318
2023-04-09 01:00:00,1.5799461108783504
2023-04-09 02:00:00,1.5799379113995262
2023-04-09 03:00:00,1.579929707902396
2023-04-09 04:00:00,1.5799215003879077
2023-04-09 05:00:00,1.5799132888569984
2023-04-09 06:00:00,1.5799050733106168
2023-04-09 07:00:00,1.5798968537497042
2023-04-09 08:00:00,1.5798886301752058
2023-04-09 09:00:00,1.5798804025880662
2023-04-09 10:00:00,1.5798721709892292
2023-04-09 11:00:00,1.5798639353796449
2023-04-09 12:00:00,1.579855695760254
2023-04-09 13:00:00,1.5798474521320072
2023-04-09 14:00:00,1.5798392044958502
2023-04-09 15:00:00,1.5798309528527312
2023-04-09 16:00:00,1.5798226972035978
2023-04-09 17:00:00,1.579814437549397
2023-04-09 18:00:00,1.5798061738910825
2023-04-09 19:00:00,1.5797979062295977
2023-04-09 20:00:00,1.5797896345658966
2023-04-09 21:00:00,1.5797813589009289
2023-04-09 22:00:00,1.5797730792356448
2023-04-09 23:00:00,1.5797647955709957
2023-04-10 00:00:00,1.5797565079079323
2023-04-10 01:00:00,1.5797482162474106
2023-04-10 02:00:00,1.579739920590378
2023-04-10 03:00:00,1.5797316209377927
2023-04-10 04:00:00,1.5797233172906033
2023-04-10 05:00:00,1.579715009649768
2023-04-10 06:00:00,1.5797066980162395
2023-04-10 07:00:00,1.5796983823909716
2023-04-10 08:00:00,1.5796900627749242
2023-04-10 09:00:00,1.579681739169047
2023-04-10 10:00:00,1.5796734115743023
2023-04-10 11:00:00,1.5796650799916414
2023-04-10 12:00:00,1.5796567444220255
2023-04-10 13:00:00,1.579648404866411
2023-04-10 14:00:00,1.5796400613257564
2023-04-10 15:00:00,1.5796317138010199
2023-04-10 16:00:00,1.5796233622931592
2023-04-10 17:00:00,1.5796150068031385
2023-04-10 18:00:00,1.5796066473319117
2023-04-10 19:00:00,1.5795982838804437
2023-04-10 20:00:00,1.5795899164496943
2023-04-10 21:00:00,1.579581545040624
2023-04-10 22:00:00,1.579573169654196
2023-04-10 23:00:00,1.5795647902913699
2023-04-11 00:00:00,1.5795564069531132
2023-04-11 01:00:00,1.5795480196403835
2023-04-11 02:00:00,1.5795396283541487
2023-04-11 03:00:00,1.5795312330953715
2023-04-11 04:00:00,1.5795228338650165
2023-04-11 05:00:00,1.5795144306640485
2023-04-11 06:00:00,1.5795060234934317
2023-04-11 07:00:00,1.5794976123541367
2023-04-11 08:00:00,1.5794891972471237
2023-04-11 09:00:00,1.5794807781733653
2023-04-11 10:00:00,1.5794723551338234
2023-04-11 11:00:00,1.5794639281294698
2023-04-11 12:00:00,1.5794554971612715
2023-04-11 13:00:00,1.579447062230197
2023-04-11 14:00:00,1.5794386233372155
2023-04-11 15:00:00,1.579430180483295
2023-04-11 16:00:00,1.5794217336694105
2023-04-11 17:00:00,1.579413282896526
2023-04-11 18:00:00,1.5794048281656168
2023-04-11 19:00:00,1.5793963694776536
2023-04-11 20:00:00,1.5793879068336074
2023-04-11 21:00:00,1.5793794402344512
2023-04-11 22:00:00,1.5793709696811558
2023-04-11 23:00:00,1.579362495174699
2023-04-12 00:00:00,1.579354016716049
2023-04-12 01:00:00,1.5793455343061835
2023-04-12 02:00:00,1.5793370479460764
2023-04-12 03:00:00,1.5793285576367027
2023-04-12 04:00:00,1.5793200633790372
2023-04-12 05:00:00,1.579311565174055
2023-04-12 06:00:00,1.579303063022737
2023-04-12 07:00:00,1.5792945569260537
2023-04-12 08:00:00,1.5792860468849885
2023-04-12 09:00:00,1.5792775329005135
2023-04-12 10:00:00,1.579269014973611
2023-04-12 11:00:00,1.5792604931052585
2023-04-12 12:00:00,1.5792519672964336
2023-04-12 13:00:00,1.57924343754812
2023-04-12 14:00:00,1.579234903861292
2023-04-12 15:00:00,1.5792263662369361
2023-04-12 16:00:00,1.5792178246760273
2023-04-12 17:00:00,1.5792092791795516
2023-04-12 18:00:00,1.5792007297484887
2023-04-12 19:00:00,1.5791921763838215
2023-04-12 20:00:00,1.5791836190865327
2023-04-12 21:00:00,1.5791750578576038
2023-04-12 22:00:00,1.579166492698023
2023-04-12 23:00:00,1.5791579236087685
2023-04-13 00:00:00,1.579149350590829
2023-04-13 01:00:00,1.5791407736451883
2023-04-13 02:00:00,1.5791321927728321
2023-04-13 03:00:00,1.579123607974746
2023-04-13 04:00:00,1.5791150192519148
2023-04-13 05:00:00,1.5791064266053298
2023-04-13 06:00:00,1.5790978300359724
2023-04-13 07:00:00,1.5790892295448349
2023-04-13 08:00:00,1.5790806251329037
2023-04-13 09:00:00,1.5790720168011674
2023-04-13 10:00:00,1.5790634045506153
2023-04-13 11:00:00,1.5790547883822355
2023-04-13 12:00:00,1.579046168297022
2023-04-13 13:00:00,1.5790375442959597
2023-04-13 14:00:00,1.5790289163800448
2023-04-13 15:00:00,1.5790202845502634
2023-04-13 16:00:00,1.5790116488076114
2023-04-13 17:00:00,1.5790030091530793
2023-04-13 18:00:00,1.57899436558766
2023-04-13 19:00:00,1.5789857181123468
2023-04-13 20:00:00,1.5789770667281313
2023-04-13 21:00:00,1.578968411436012
2023-04-13 22:00:00,1.578959752236978
2023-04-13 23:00:00,1.5789510891320282
2023-04-14 00:00:00,1.5789424221221564
2023-04-14 01:00:00,1.5789337512083588
2023-04-14 02:00:00,1.5789250763916312
2023-04-14 03:00:00,1.578916397672969
2023-04-14 04:00:00,1.5789077150533741
2023-04-14 05:00:00,1.5788990285338376
2023-04-14 06:00:00,1.5788903381153623
2023-04-14 07:00:00,1.5788816437989452
2023-04-14 08:00:00,1.5788729455855852
2023-04-14 09:00:00,1.5788642434762816
2023-04-14 10:00:00,1.578855537472033
2023-04-14 11:00:00,1.5788468275738439
2023-04-14 12:00:00,1.5788381137827094
2023-04-14 13:00:00,1.578829396099636
2023-04-14 14:00:00,1.5788206745256201
2023-04-14 15:00:00,1.5788119490616679
2023-04-14 16:00:00,1.5788032197087802
2023-04-14 17:00:00,1.5787944864679588
2023-04-14 18:00:00,1.5787857493402115
2023-04-14 19:00:00,1.5787770083265362
2023-04-14 20:00:00,1.5787682634279432
2023-04-14 21:00:00,1.5787595146454312
2023-04-14 22:00:00,1.5787507619800099
2023-04-14 23:00:00,1.5787420054326833
2023-04-15 00:00:00,1.578733245004458
2023-04-15 01:00:00,1.57872448069634
2023-04-15 02:00:00,1.578715712509335
2023-04-15 03:00:00,1.578706940444455
2023-04-15 04:00:00,1.5786981645027016
2023-04-15 05:00:00,1.5786893846850878
2023-04-15 06:00:00,1.5786806009926209
2023-04-15 07:00:00,1.57867181342631
2023-04-15 08:00:00,1.578663021987165
2023-04-15 09:00:00,1.578654226676194
2023-04-15 10:00:00,1.5786454274944124
2023-04-15 11:00:00,1.5786366244428254
2023-04-15 12:00:00,1.5786278175224484
2023-04-15 13:00:00,1.5786190067342922
2023-04-15 14:00:00,1.5786101920793691
2023-04-15 15:00:00,1.5786013735586915
2023-04-15 16:00:00,1.5785925511732712
2023-04-15 17:00:00,1.578583724924127
2023-04-15 18:00:00,1.5785748948122662
2023-04-15 19:00:00,1.5785660608387095
2023-04-15 20:00:00,1.5785572230044662
2023-04-15 21:00:00,1.578548381310556
2023-04-15 22:00:00,1.5785395357579932
2023-04-15 23:00:00,1.5785306863477946
2023-04-16 00:00:00,1.5785218330809763
2023-04-16 01:00:00,1.5785129759585543
2023-04-16 02:00:00,1.578504114981551
2023-04-16 03:00:00,1.578495250150978
2023-04-16 04:00:00,1.5784863814678585
2023-04-16 05:00:00,1.5784775089332104
2023-04-16 06:00:00,1.5784686325480524
2023-04-16 07:00:00,1.578459752313405
2023-04-16 08:00:00,1.5784508682302865
2023-04-16 09:00:00,1.5784419802997223
2023-04-16 10:00:00,1.5784330885227278
2023-04-16 11:00:00,1.5784241929003289
2023-04-16 12:00:00,1.578415293433546
2023-04-16 13:00:00,1.5784063901234022
2023-04-16 14:00:00,1.57839748297092
2023-04-16 15:00:00,1.5783885719771213
2023-04-16 16:00:00,1.5783796571430346
2023-04-16 17:00:00,1.5783707384696781
2023-04-16 18:00:00,1.578361815958081
2023-04-16 19:00:00,1.5783528896092671
2023-04-16 20:00:00,1.5783439594242616
2023-04-16 21:00:00,1.5783350254040909
2023-04-16 22:00:00,1.57832608754978
2023-04-16 23:00:00,1.5783171458623602
2023-04-17 00:00:00,1.5783082003428528
2023-04-17 01:00:00,1.5782992509922917
2023-04-17 02:00:00,1.5782902978116993
2023-04-17 03:00:00,1.5782813408021086
2023-04-17 04:00:00,1.5782723799645468
2023-04-17 05:00:00,1.578263415300044
2023-04-17 06:00:00,1.5782544468096305
2023-04-17 07:00:00,1.5782454744943346
2023-04-17 08:00:00,1.5782364983551918
2023-04-17 09:00:00,1.5782275183932277
2023-04-17 10:00:00,1.5782185346094781
2023-04-17 11:00:00,1.5782095470049742
2023-04-17 12:00:00,1.5782005555807486
2023-04-17 13:00:00,1.5781915603378338
2023-04-17 14:00:00,1.5781825612772622
2023-04-17 15:00:00,1.5781735584000727
2023-04-17 16:00:00,1.5781645517072929
2023-04-17 17:00:00,1.5781555411999626
2023-04-17 18:00:00,1.5781465268791155
2023-04-17 19:00:00,1.5781375087457872
2023-04-17 20:00:00,1.5781284868010137
2023-04-17 21:00:00,1.5781194610458307
2023-04-17 22:00:00,1.578110431481279
2023-04-17 23:00:00,1.5781013981083907
2023-04-18 00:00:00,1.5780923609282091
2023-04-18 01:00:00,1.5780833199417668
2023-04-18 02:00:00,1.5780742751501071
2023-04-18 03:00:00,1.5780652265542676
2023-04-18 04:00:00,1.578056174155288
2023-04-18 05:00:00,1.5780471179542088
2023-04-18 06:00:00,1.578038057952068
2023-04-18 07:00:00,1.578028994149912
2023-04-18 08:00:00,1.578019926548776
2023-04-18 09:00:00,1.578010855149706
2023-04-18 10:00:00,1.578001779953743
2023-04-18 11:00:00,1.5779927009619297
2023-04-18 12:00:00,1.577983618175309
2023-04-18 13:00:00,1.5779745315949232
2023-04-18 14:00:00,1.5779654412218211
2023-04-18 15:00:00,1.5779563470570406
2023-04-18 16:00:00,1.5779472491016313
2023-04-18 17:00:00,1.5779381473566372
2023-04-18 18:00:00,1.5779290418231036
2023-04-18 19:00:00,1.577919932502077
2023-04-18 20:00:00,1.5779108193946025
2023-04-18 21:00:00,1.5779017025017317
2023-04-18 22:00:00,1.5778925818245062
2023-04-18 23:00:00,1.577883457363978
2023-04-19 00:00:00,1.577874329121194
2023-04-19 01:00:00,1.5778651970972037
2023-04-19 02:00:00,1.5778560612930557
2023-04-19 03:00:00,1.5778469217097981
2023-04-19 04:00:00,1.577837778348486
2023-04-19 05:00:00,1.5778286312101633
2023-04-19 06:00:00,1.5778194802958876
2023-04-19 07:00:00,1.577810325606704
2023-04-19 08:00:00,1.5778011671436685
2023-04-19 09:00:00,1.5777920049078324
2023-04-19 10:00:00,1.5777828389002484
2023-04-19 11:00:00,1.5777736691219693
2023-04-19 12:00:00,1.577764495574047
2023-04-19 13:00:00,1.577755318257541
2023-04-19 14:00:00,1.5777461371734984
2023-04-19 15:00:00,1.5777369523229794
2023-04-19 16:00:00,1.577727763707038
2023-04-19 17:00:00,1.5777185713267292
2023-04-19 18:00:00,1.5777093751831097
2023-04-19 19:00:00,1.5777001752772342
2023-04-19 20:00:00,1.5776909716101644
2023-04-19 21:00:00,1.577681764182952
2023-04-19 22:00:00,1.577672552996659
2023-04-19 23:00:00,1.5776633380523424
2023-04-20 00:00:00,1.5776541193510614
2023-04-20 01:00:00,1.5776448968938743
2023-04-20 02:00:00,1.5776356706818397
2023-04-20 03:00:00,1.5776264407160225
2023-04-20 04:00:00,1.5776172069974765
2023-04-20 05:00:00,1.5776079695272691
2023-04-20 06:00:00,1.5775987283064556
2023-04-20 07:00:00,1.577589483336102
2023-04-20 08:00:00,1.5775802346172692
2023-04-20 09:00:00,1.5775709821510182
2023-04-20 10:00:00,1.577561725938417
2023-04-20 11:00:00,1.5775524659805222
2023-04-20 12:00:00,1.577543202278405
2023-04-20 13:00:00,1.5775339348331225
2023-04-20 14:00:00,1.5775246636457447
2023-04-20 15:00:00,1.5775153887173354
2023-04-20 16:00:00,1.57750611004896
2023-04-20 17:00:00,1.5774968276416845
2023-04-20 18:00:00,1.5774875414965739
2023-04-20 19:00:00,1.5774782516147
2023-04-20 20:00:00,1.5774689579971237
2023-04-20 21:00:00,1.5774596606449176
2023-04-20 22:00:00,1.5774503595591483
2023-04-20 23:00:00,1.5774410547408846
2023-04-21 00:00:00,1.5774317461911953
2023-04-21 01:00:00,1.5774224339111487
2023-04-21 02:00:00,1.5774131179018192
2023-04-21 03:00:00,1.577403798164271
2023-04-21 04:00:00,1.5773944746995794
2023-04-21 05:00:00,1.5773851475088145
2023-04-21 06:00:00,1.5773758165930474
2023-04-21 07:00:00,1.5773664819533506
2023-04-21 08:00:00,1.5773571435907952
2023-04-21 09:00:00,1.5773478015064581
2023-04-21 10:00:00,1.577338455701407
2023-04-21 11:00:00,1.5773291061767218
2023-04-21 12:00:00,1.5773197529334706
2023-04-21 13:00:00,1.5773103959727326
2023-04-21 14:00:00,1.5773010352955812
2023-04-21 15:00:00,1.577291670903092
2023-04-21 16:00:00,1.577282302796341
2023-04-21 17:00:00,1.5772729309764029
2023-04-21 18:00:00,1.577263555444359
2023-04-21 19:00:00,1.5772541762012808
2023-04-21 20:00:00,1.5772447932482503
2023-04-21 21:00:00,1.5772354065863436
2023-04-21 22:00:00,1.57722601621664
2023-04-21 23:00:00,1.5772166221402177
2023-04-22 00:00:00,1.577207224358155
2023-04-22 01:00:00,1.5771978228715362
2023-04-22 02:00:00,1.5771884176814348
2023-04-22 03:00:00,1.5771790087889366
2023-04-22 04:00:00,1.577169596195121
2023-04-22 05:00:00,1.5771601799010693
2023-04-22 06:00:00,1.5771507599078636
2023-04-22 07:00:00,1.5771413362165847
2023-04-22 08:00:00,1.5771319088283196
2023-04-22 09:00:00,1.5771224777441457
2023-04-22 10:00:00,1.5771130429651525
2023-04-22 11:00:00,1.577103604492418
2023-04-22 12:00:00,1.5770941623270314
2023-04-22 13:00:00,1.5770847164700756
2023-04-22 14:00:00,1.5770752669226344
2023-04-22 15:00:00,1.577065813685799
2023-04-22 16:00:00,1.577056356760648
2023-04-22 17:00:00,1.577046896148275
2023-04-22 18:00:00,1.5770374318497609
2023-04-22 19:00:00,1.5770279638661973
2023-04-22 20:00:00,1.5770184921986705
2023-04-22 21:00:00,1.5770090168482693
2023-04-22 22:00:00,1.5769995378160817
2023-04-22 23:00:00,1.5769900551031955
2023-04-23 00:00:00,1.576980568710705
2023-04-23 01:00:00,1.576971078639694
2023-04-23 02:00:00,1.576961584891257
2023-04-23 03:00:00,1.5769520874664842
2023-04-23 04:00:00,1.576942586366466
2023-04-23 05:00:00,1.576933081592294
2023-04-23 06:00:00,1.5769235731450593
2023-04-23 07:00:00,1.5769140610258585
2023-04-23 08:00:00,1.5769045452357786
2023-04-23 09:00:00,1.5768950257759176
2023-04-23 10:00:00,1.5768855026473674
2023-04-23 11:00:00,1.5768759758512225
2023-04-23 12:00:00,1.5768664453885772
2023-04-23 13:00:00,1.576856911260525
2023-04-23 14:00:00,1.5768473734681665
2023-04-23 15:00:00,1.5768378320125904
2023-04-23 16:00:00,1.5768282868949
2023-04-23 17:00:00,1.5768187381161856
2023-04-23 18:00:00,1.5768091856775486
2023-04-23 19:00:00,1.5767996295800852
2023-04-23 20:00:00,1.5767900698248938
2023-04-23 21:00:00,1.5767805064130722
2023-04-23 22:00:00,1.5767709393457177
2023-04-23 23:00:00,1.5767613686239343
2023-04-24 00:00:00,1.5767517942488154
2023-04-24 01:00:00,1.576742216221466
2023-04-24 02:00:00,1.5767326345429846
2023-04-24 03:00:00,1.5767230492144721
2023-04-24 04:00:00,1.57671346023703
2023-04-24 05:00:00,1.5767038676117586
2023-04-24 06:00:00,1.5766942713397645
2023-04-24 07:00:00,1.576684671422144
2023-04-24 08:00:00,1.5766750678600048
2023-04-24 09:00:00,1.576665460654449
2023-04-24 10:00:00,1.5766558498065804
2023-04-24 11:00:00,1.5766462353175026
2023-04-24 12:00:00,1.5766366171883193
2023-04-24 13:00:00,1.5766269954201406
2023-04-24 14:00:00,1.5766173700140649
2023-04-24 15:00:00,1.576607740971205
2023-04-24 16:00:00,1.5765981082926606
2023-04-24 17:00:00,1.5765884719795433
2023-04-24 18:00:00,1.5765788320329586
2023-04-24 19:00:00,1.576569188454013
2023-04-24 20:00:00,1.5765595412438187
2023-04-24 21:00:00,1.5765498904034778
2023-04-24 22:00:00,1.5765402359341059
2023-04-24 23:00:00,1.5765305778368055
2023-04-25 00:00:00,1.576520916112691
2023-04-25 01:00:00,1.5765112507628716
2023-04-25 02:00:00,1.576501581788457
2023-04-25 03:00:00,1.5764919091905585
2023-04-25 04:00:00,1.5764822329702857
2023-04-25 05:00:00,1.5764725531287551
2023-04-25 06:00:00,1.5764628696670728
2023-04-25 07:00:00,1.576453182586356
2023-04-25 08:00:00,1.576443491887716
2023-04-25 09:00:00,1.5764337975722664
2023-04-25 10:00:00,1.5764240996411207
2023-04-25 11:00:00,1.576414398095392
2023-04-25 12:00:00,1.5764046929361997
2023-04-25 13:00:00,1.576394984164652
2023-04-25 14:00:00,1.5763852717818698
2023-04-25 15:00:00,1.5763755557889674
2023-04-25 16:00:00,1.5763658361870605
2023-04-25 17:00:00,1.576356112977266
2023-04-25 18:00:00,1.5763463861607003
2023-04-25 19:00:00,1.5763366557384848
2023-04-25 20:00:00,1.5763269217117313
2023-04-25 21:00:00,1.576317184081565
2023-04-25 22:00:00,1.576307442849098
2023-04-25 23:00:00,1.5762976980154544
2023-04-26 00:00:00,1.5762879495817521
2023-04-26 01:00:00,1.5762781975491114
2023-04-26 02:00:00,1.5762684419186526
2023-04-26 03:00:00,1.5762586826914948
2023-04-26 04:00:00,1.5762489198687644
2023-04-26 05:00:00,1.576239153451577
2023-04-26 06:00:00,1.5762293834410586
2023-04-26 07:00:00,1.5762196098383308
2023-04-26 08:00:00,1.5762098326445166
2023-04-26 09:00:00,1.576200051860739
2023-04-26 10:00:00,1.5761902674881203
2023-04-26 11:00:00,1.5761804795277898
2023-04-26 12:00:00,1.5761706879808652
2023-04-26 13:00:00,1.5761608928484767
2023-04-26 14:00:00,1.576151094131748
2023-04-26 15:00:00,1.5761412918318045
2023-04-26 16:00:00,1.576131485949773
2023-04-26 17:00:00,1.5761216764867787
2023-04-26 18:00:00,1.5761118634439528
2023-04-26 19:00:00,1.576102046822417
2023-04-26 20:00:00,1.5760922266233033
2023-04-26 21:00:00,1.576082402847739
2023-04-26 22:00:00,1.5760725754968528
2023-04-26 23:00:00,1.5760627445717734
2023-04-27 00:00:00,1.576052910073629
2023-04-27 01:00:00,1.5760430720035545
2023-04-27 02:00:00,1.5760332303626734
2023-04-27 03:00:00,1.5760233851521233
2023-04-27 04:00:00,1.5760135363730288
2023-04-27 05:00:00,1.5760036840265261
2023-04-27 06:00:00,1.575993828113746
2023-04-27 07:00:00,1.5759839686358208
2023-04-27 08:00:00,1.575974105593883
2023-04-27 09:00:00,1.5759642389890642
2023-04-27 10:00:00,1.5759543688225035
2023-04-27 11:00:00,1.5759444950953276
2023-04-27 12:00:00,1.5759346178086766
2023-04-27 13:00:00,1.5759247369636835
2023-04-27 14:00:00,1.5759148525614832
2023-04-27 15:00:00,1.5759049646032115
2023-04-27 16:00:00,1.5758950730900034
2023-04-27 17:00:00,1.5758851780229997
2023-04-27 18:00:00,1.575875279403331
2023-04-27 19:00:00,1.5758653772321394
2023-04-27 20:00:00,1.575855471510561
2023-04-27 21:00:00,1.5758455622397343
2023-04-27 22:00:00,1.5758356494207972
2023-04-27 23:00:00,1.5758257330548873
2023-04-28 00:00:00,1.575815813143149
2023-04-28 01:00:00,1.5758058896867153
2023-04-28 02:00:00,1.575795962686733
2023-04-28 03:00:00,1.5757860321443362
2023-04-28 04:00:00,1.5757760980606705
2023-04-28 05:00:00,1.575766160436876
2023-04-28 06:00:00,1.5757562192740928
2023-04-28 07:00:00,1.5757462745734678
2023-04-28 08:00:00,1.575736326336137
2023-04-28 09:00:00,1.5757263745632506
2023-04-28 10:00:00,1.5757164192559445
2023-04-28 11:00:00,1.575706460415368
2023-04-28 12:00:00,1.5756964980426642
2023-04-28 13:00:00,1.5756865321389766
2023-04-28 14:00:00,1.575676562705451
2023-04-28 15:00:00,1.575666589743231
2023-04-28 16:00:00,1.575656613253467
2023-04-28 17:00:00,1.5756466332372996
2023-04-28 18:00:00,1.5756366496958796
2023-04-28 19:00:00,1.5756266626303528
2023-04-28 20:00:00,1.5756166720418665
2023-04-28 21:00:00,1.5756066779315685
2023-04-28 22:00:00,1.5755966803006056
2023-04-28 23:00:00,1.5755866791501316
2023-04-29 00:00:00,1.5755766744812887
2023-04-29 01:00:00,1.5755666662952312
2023-04-29 02:00:00,1.5755566545931081
2023-04-29 03:00:00,1.5755466393760686
2023-04-29 04:00:00,1.5755366206452643
2023-04-29 05:00:00,1.5755265984018445
2023-04-29 06:00:00,1.5755165726469653
2023-04-29 07:00:00,1.575506543381772
2023-04-29 08:00:00,1.5754965106074243
2023-04-29 09:00:00,1.5754864743250674
2023-04-29 10:00:00,1.5754764345358598
2023-04-29 11:00:00,1.5754663912409534
2023-04-29 12:00:00,1.5754563444415022
2023-04-29 13:00:00,1.5754462941386602
2023-04-29 14:00:00,1.5754362403335807
2023-04-29 15:00:00,1.5754261830274239
2023-04-29 16:00:00,1.5754161222213385
2023-04-29 17:00:00,1.5754060579164855
2023-04-29 18:00:00,1.5753959901140195
2023-04-29 19:00:00,1.5753859188150978
2023-04-29 20:00:00,1.5753758440208767
2023-04-29 21:00:00,1.5753657657325126
2023-04-29 22:00:00,1.5753556839511687
2023-04-29 23:00:00,1.5753455986779958
2023-04-30 00:00:00,1.5753355099141584
2023-04-30 01:00:00,1.5753254176608138
2023-04-30 02:00:00,1.5753153219191216
2023-04-30 03:00:00,1.5753052226902415
2023-04-30 04:00:00,1.5752951199753327
2023-04-30 05:00:00,1.5752850137755605
2023-04-30 06:00:00,1.5752749040920793
2023-04-30 07:00:00,1.575264790926058
2023-04-30 08:00:00,1.5752546742786513
2023-04-30 09:00:00,1.5752445541510267
2023-04-30 10:00:00,1.5752344305443453
2023-04-30 11:00:00,1.5752243034597684
2023-04-30 12:00:00,1.5752141728984652
2023-04-30 13:00:00,1.5752040388615924
2023-04-30 14:00:00,1.5751939013503211
2023-04-30 15:00:00,1.5751837603658096
2023-04-30 16:00:00,1.5751736159092278
2023-04-30 17:00:00,1.5751634679817397
2023-04-30 18:00:00,1.5751533165845115
2023-04-30 19:00:00,1.5751431617187093
2023-04-30 20:00:00,1.575133003385498
2023-04-30 21:00:00,1.5751228415860503
2023-04-30 22:00:00,1.5751126763215264
2023-04-30 23:00:00,1.5751025075930996
2023-05-01 00:00:00,1.575092335401937
2023-05-01 01:00:00,1.5750821597492066
2023-05-01 02:00:00,1.5750719806360778
2023-05-01 03:00:00,1.5750617980637187
2023-05-01 04:00:00,1.575051612033304
2023-05-01 05:00:00,1.5750414225459974
2023-05-01 06:00:00,1.5750312296029747
2023-05-01 07:00:00,1.5750210332054053
2023-05-01 08:00:00,1.5750108333544608
2023-05-01 09:00:00,1.575000630051313
2023-05-01 10:00:00,1.5749904232971326
2023-05-01 11:00:00,1.5749802130930974
2023-05-01 12:00:00,1.5749699994403736
2023-05-01 13:00:00,1.5749597823401418
2023-05-01 14:00:00,1.574949561793569
2023-05-01 15:00:00,1.5749393378018341
2023-05-01 16:00:00,1.5749291103661107
2023-05-01 17:00:00,1.574918879487574
2023-05-01 18:00:00,1.5749086451673988
2023-05-01 19:00:00,1.5748984074067596
2023-05-01 20:00:00,1.5748881662068384
2023-05-01 21:00:00,1.5748779215688038
2023-05-01 22:00:00,1.574867673493839
2023-05-01 23:00:00,1.5748574219831195
2023-05-02 00:00:00,1.574847167037823
2023-05-02 01:00:00,1.5748369086591278
2023-05-02 02:00:00,1.574826646848211
2023-05-02 03:00:00,1.5748163816062566
2023-05-02 04:00:00,1.5748061129344373
2023-05-02 05:00:00,1.574795840833938
2023-05-02 06:00:00,1.5747855653059368
2023-05-02 07:00:00,1.5747752863516153
2023-05-02 08:00:00,1.5747650039721537
2023-05-02 09:00:00,1.5747547181687318
2023-05-02 10:00:00,1.574744428942537
2023-05-02 11:00:00,1.5747341362947438
2023-05-02 12:00:00,1.5747238402265424
2023-05-02 13:00:00,1.5747135407391086
2023-05-02 14:00:00,1.574703237833631
2023-05-02 15:00:00,1.5746929315112916
2023-05-02 16:00:00,1.574682621773273
2023-05-02 17:00:00,1.5746723086207646
2023-05-02 18:00:00,1.5746619920549443
2023-05-02 19:00:00,1.5746516720770052
2023-05-02 20:00:00,1.5746413486881252
2023-05-02 21:00:00,1.5746310218894959
2023-05-02 22:00:00,1.5746206916823022
2023-05-02 23:00:00,1.574610358067731
2023-05-03 00:00:00,1.5746000210469695
2023-05-03 01:00:00,1.5745896806212036
2023-05-03 02:00:00,1.5745793367916265
2023-05-03 03:00:00,1.5745689895594202
2023-05-03 04:00:00,1.5745586389257782
2023-05-03 05:00:00,1.5745482848918881
2023-05-03 06:00:00,1.57453792745894
2023-05-03 07:00:00,1.574527566628123
2023-05-03 08:00:00,1.5745172024006269
2023-05-03 09:00:00,1.574506834777647
2023-05-03 10:00:00,1.5744964637603678
2023-05-03 11:00:00,1.5744860893499857
2023-05-03 12:00:00,1.5744757115476917
2023-05-03 13:00:00,1.5744653303546774
2023-05-03 14:00:00,1.574454945772136
2023-05-03 15:00:00,1.574444557801259
2023-05-03 16:00:00,1.5744341664432446
2023-05-03 17:00:00,1.5744237716992804
2023-05-03 18:00:00,1.5744133735705674
2023-05-03 19:00:00,1.574402972058293
2023-05-03 20:00:00,1.574392567163658
2023-05-03 21:00:00,1.5743821588878562
2023-05-03 22:00:00,1.574371747232083
2023-05-03 23:00:00,1.5743613321975352
2023-05-04 00:00:00,1.574350913785407
2023-05-04 01:00:00,1.574340491996901
2023-05-04 02:00:00,1.574330066833208
2023-05-04 03:00:00,1.574319638295531
2023-05-04 04:00:00,1.5743092063850657
2023-05-04 05:00:00,1.5742987711030114
2023-05-04 06:00:00,1.5742883324505668
2023-05-04 07:00:00,1.5742778904289294
2023-05-04 08:00:00,1.5742674450393048
2023-05-04 09:00:00,1.5742569962828854
2023-05-04 10:00:00,1.574246544160877
2023-05-04 11:00:00,1.5742360886744797
2023-05-04 12:00:00,1.5742256298248936
2023-05-04 13:00:00,1.574215167613321
2023-05-04 14:00:00,1.5742047020409622
2023-05-04 15:00:00,1.5741942331090246
2023-05-04 16:00:00,1.5741837608187041
2023-05-04 17:00:00,1.5741732851712098
2023-05-04 18:00:00,1.5741628061677428
2023-05-04 19:00:00,1.5741523238095074
2023-05-04 20:00:00,1.574141838097708
2023-05-04 21:00:00,1.5741313490335473
2023-05-04 22:00:00,1.5741208566182363
2023-05-04 23:00:00,1.574110360852973
2023-05-05 00:00:00,1.5740998617389703
2023-05-05 01:00:00,1.574089359277428
2023-05-05 02:00:00,1.5740788534695578
2023-05-05 03:00:00,1.5740683443165648
2023-05-05 04:00:00,1.574057831819657
2023-05-05 05:00:00,1.5740473159800414
2023-05-05 06:00:00,1.574036796798925
2023-05-05 07:00:00,1.5740262742775222
2023-05-05 08:00:00,1.5740157484170338
2023-05-05 09:00:00,1.574005219218675
2023-05-05 10:00:00,1.5739946866836543
2023-05-05 11:00:00,1.573984150813181
2023-05-05 12:00:00,1.5739736116084664
2023-05-05 13:00:00,1.5739630690707191
2023-05-05 14:00:00,1.5739525232011558
2023-05-05 15:00:00,1.573941974000981
2023-05-05 16:00:00,1.5739314214714126
2023-05-05 17:00:00,1.5739208656136607
2023-05-05 18:00:00,1.5739103064289386
2023-05-05 19:00:00,1.573899743918459
2023-05-05 20:00:00,1.5738891780834339
2023-05-05 21:00:00,1.5738786089250827
2023-05-05 22:00:00,1.5738680364446127
2023-05-05 23:00:00,1.5738574606432454
2023-05-06 00:00:00,1.5738468815221893
2023-05-06 01:00:00,1.5738362990826649
2023-05-06 02:00:00,1.5738257133258862
2023-05-06 03:00:00,1.5738151242530698
2023-05-06 04:00:00,1.5738045318654321
2023-05-06 05:00:00,1.5737939361641884
2023-05-06 06:00:00,1.5737833371505618
2023-05-06 07:00:00,1.5737727348257622
2023-05-06 08:00:00,1.5737621291910135
2023-05-06 09:00:00,1.573751520247533
2023-05-06 10:00:00,1.5737409079965388
2023-05-06 11:00:00,1.5737302924392502
2023-05-06 12:00:00,1.573719673576886
2023-05-06 13:00:00,1.5737090514106706
2023-05-06 14:00:00,1.573698425941818
2023-05-06 15:00:00,1.573687797171554
2023-05-06 16:00:00,1.5736771651010981
2023-05-06 17:00:00,1.573666529731672
2023-05-06 18:00:00,1.5736558910644975
2023-05-06 19:00:00,1.5736452491007953
2023-05-06 20:00:00,1.5736346038417934
2023-05-06 21:00:00,1.5736239552887077
2023-05-06 22:00:00,1.573613303442767
2023-05-06 23:00:00,1.5736026483051937
2023-05-07 00:00:00,1.5735919898772115
2023-05-07 01:00:00,1.5735813281600453
2023-05-07 02:00:00,1.5735706631549187
2023-05-07 03:00:00,1.5735599948630616
2023-05-07 04:00:00,1.5735493232856932
2023-05-07 05:00:00,1.5735386484240466
2023-05-07 06:00:00,1.573527970279341
2023-05-07 07:00:00,1.5735172888528088
2023-05-07 08:00:00,1.5735066041456756
2023-05-07 09:00:00,1.5734959161591686
2023-05-07 10:00:00,1.5734852248945164
2023-05-07 11:00:00,1.573474530352945
2023-05-07 12:00:00,1.5734638325356889
2023-05-07 13:00:00,1.57345313144397
2023-05-07 14:00:00,1.573442427079023
2023-05-07 15:00:00,1.5734317194420762
2023-05-07 16:00:00,1.5734210085343598
2023-05-07 17:00:00,1.5734102943571044
2023-05-07 18:00:00,1.5733995769115394
2023-05-07 19:00:00,1.5733888561989016
2023-05-07 20:00:00,1.573378132220415
2023-05-07 21:00:00,1.5733674049773179
2023-05-07 22:00:00,1.5733566744708405
2023-05-07 23:00:00,1.573345940702216
2023-05-08 00:00:00,1.5733352036726773
2023-05-08 01:00:00,1.5733244633834567
2023-05-08 02:00:00,1.5733137198357932
2023-05-08 03:00:00,1.5733029730309143
2023-05-08 04:00:00,1.5732922229700619
2023-05-08 05:00:00,1.5732814696544637
2023-05-08 06:00:00,1.5732707130853607
2023-05-08 07:00:00,1.5732599532639875
2023-05-08 08:00:00,1.5732491901915777
2023-05-08 09:00:00,1.5732384238693742
2023-05-08 10:00:00,1.5732276542986061
2023-05-08 11:00:00,1.573216881480518
2023-05-08 12:00:00,1.5732061054163413
2023-05-08 13:00:00,1.5731953261073186
2023-05-08 14:00:00,1.5731845435546867
2023-05-08 15:00:00,1.5731737577596852
2023-05-08 16:00:00,1.5731629687235524
2023-05-08 17:00:00,1.5731521764475267
2023-05-08 18:00:00,1.5731413809328536
2023-05-08 19:00:00,1.5731305821807657
2023-05-08 20:00:00,1.5731197801925094
2023-05-08 21:00:00,1.5731089749693243
2023-05-08 22:00:00,1.5730981665124515
2023-05-08 23:00:00,1.5730873548231328
2023-05-09 00:00:00,1.5730765399026092
2023-05-09 01:00:00,1.573065721752128
2023-05-09 02:00:00,1.573054900372925
2023-05-09 03:00:00,1.5730440757662496
2023-05-09 04:00:00,1.573033247933343
2023-05-09 05:00:00,1.5730224168754499
2023-05-09 06:00:00,1.573011582593814
2023-05-09 07:00:00,1.5730007450896788
2023-05-09 08:00:00,1.572989904364295
2023-05-09 09:00:00,1.5729790604189005
2023-05-09 10:00:00,1.5729682132547487
2023-05-09 11:00:00,1.5729573628730786
2023-05-09 12:00:00,1.5729465092751425
2023-05-09 13:00:00,1.5729356524621851
2023-05-09 14:00:00,1.5729247924354548
2023-05-09 15:00:00,1.5729139291961982
2023-05-09 16:00:00,1.5729030627456622
2023-05-09 17:00:00,1.572892193085101
2023-05-09 18:00:00,1.5728813202157559
2023-05-09 19:00:00,1.5728704441388812
2023-05-09 20:00:00,1.5728595648557258
2023-05-09 21:00:00,1.5728486823675385
2023-05-09 22:00:00,1.5728377966755702
2023-05-09 23:00:00,1.5728269077810701
2023-05-10 00:00:00,1.5728160156852942
2023-05-10 01:00:00,1.5728051203894868
2023-05-10 02:00:00,1.5727942218949056
2023-05-10 03:00:00,1.5727833202028003
2023-05-10 04:00:00,1.5727724153144242
2023-05-10 05:00:00,1.5727615072310295
2023-05-10 06:00:00,1.5727505959538681
2023-05-10 07:00:00,1.5727396814841992
2023-05-10 08:00:00,1.5727287638232692
2023-05-10 09:00:00,1.5727178429723399
2023-05-10 10:00:00,1.5727069189326592
2023-05-10 11:00:00,1.572695991705487
2023-05-10 12:00:00,1.5726850612920773
2023-05-10 13:00:00,1.5726741276936842
2023-05-10 14:00:00,1.5726631909115694
2023-05-10 15:00:00,1.572652250946982
2023-05-10 16:00:00,1.5726413078011865
2023-05-10 17:00:00,1.572630361475433
2023-05-10 18:00:00,1.572619411970984
2023-05-10 19:00:00,1.5726084592890965
2023-05-10 20:00:00,1.5725975034310284
2023-05-10 21:00:00,1.572586544398039
2023-05-10 22:00:00,1.5725755821913852
2023-05-10 23:00:00,1.572564616812332
2023-05-11 00:00:00,1.5725536482621323
2023-05-11 01:00:00,1.5725426765420514
2023-05-11 02:00:00,1.5725317016533484
2023-05-11 03:00:00,1.5725207235972842
2023-05-11 04:00:00,1.57250974237512
2023-05-11 05:00:00,1.5724987579881156
2023-05-11 06:00:00,1.572487770437539
2023-05-11 07:00:00,1.5724767797246448
2023-05-11 08:00:00,1.5724657858507016
2023-05-11 09:00:00,1.5724547888169706
2023-05-11 10:00:00,1.5724437886247153
2023-05-11 11:00:00,1.5724327852751996
2023-05-11 12:00:00,1.572421778769686
2023-05-11 13:00:00,1.5724107691094444
2023-05-11 14:00:00,1.5723997562957324
2023-05-11 15:00:00,1.5723887403298231
2023-05-11 16:00:00,1.5723777212129744
2023-05-11 17:00:00,1.572366698946458
2023-05-11 18:00:00,1.5723556735315387
2023-05-11 19:00:00,1.5723446449694827
2023-05-11 20:00:00,1.572333613261558
2023-05-11 21:00:00,1.5723225784090293
2023-05-11 22:00:00,1.5723115404131704
2023-05-11 23:00:00,1.5723004992752427
2023-05-12 00:00:00,1.5722894549965194
2023-05-12 01:00:00,1.572278407578268
2023-05-12 02:00:00,1.572267357021758
2023-05-12 03:00:00,1.5722563033282588
2023-05-12 04:00:00,1.5722452464990384
2023-05-12 05:00:00,1.5722341865353735
2023-05-12 06:00:00,1.5722231234385264
2023-05-12 07:00:00,1.5722120572097746
2023-05-12 08:00:00,1.5722009878503873
2023-05-12 09:00:00,1.5721899153616365
2023-05-12 10:00:00,1.572178839744794
2023-05-12 11:00:00,1.5721677610011313
2023-05-12 12:00:00,1.572156679131926
2023-05-12 13:00:00,1.5721455941384441
2023-05-12 14:00:00,1.5721345060219674
2023-05-12 15:00:00,1.5721234147837615
2023-05-12 16:00:00,1.5721123204251066
2023-05-12 17:00:00,1.5721012229472762
2023-05-12 18:00:00,1.5720901223515424
2023-05-12 19:00:00,1.572079018639187
2023-05-12 20:00:00,1.572067911811478
2023-05-12 21:00:00,1.572056801869699
2023-05-12 22:00:00,1.572045688815119
2023-05-12 23:00:00,1.5720345726490206
2023-05-13 00:00:00,1.572023453372679
2023-05-13 01:00:00,1.572012330987372
2023-05-13 02:00:00,1.572001205494377
2023-05-13 03:00:00,1.5719900768949708
2023-05-13 04:00:00,1.5719789451904378
2023-05-13 05:00:00,1.5719678103820491
2023-05-13 06:00:00,1.5719566724710898
2023-05-13 07:00:00,1.571945531458838
2023-05-13 08:00:00,1.5719343873465732
2023-05-13 09:00:00,1.571923240135576
2023-05-13 10:00:00,1.571912089827126
2023-05-13 11:00:00,1.571900936422509
2023-05-13 12:00:00,1.5718897799229992
2023-05-13 13:00:00,1.5718786203298845
2023-05-13 14:00:00,1.5718674576444447
2023-05-13 15:00:00,1.571856291867963
2023-05-13 16:00:00,1.5718451230017214
2023-05-13 17:00:00,1.5718339510470019
2023-05-13 18:00:00,1.5718227760050938
2023-05-13 19:00:00,1.571811597877273
2023-05-13 20:00:00,1.571800416664832
2023-05-13 21:00:00,1.5717892323690477
2023-05-13 22:00:00,1.5717780449912104
2023-05-13 23:00:00,1.571766854532604
2023-05-14 00:00:00,1.5717556609945145
2023-05-14 01:00:00,1.5717444643782272
2023-05-14 02:00:00,1.5717332646850273
2023-05-14 03:00:00,1.5717220619162073
2023-05-14 04:00:00,1.5717108560730464
2023-05-14 05:00:00,1.5716996471568379
2023-05-14 06:00:00,1.5716884351688678
2023-05-14 07:00:00,1.5716772201104243
2023-05-14 08:00:00,1.5716660019827962
2023-05-14 09:00:00,1.5716547807872703
2023-05-14 10:00:00,1.5716435565251412
2023-05-14 11:00:00,1.5716323291976917
2023-05-14 12:00:00,1.571621098806217
2023-05-14 13:00:00,1.5716098653520054
2023-05-14 14:00:00,1.5715986288363482
2023-05-14 15:00:00,1.5715873892605356
2023-05-14 16:00:00,1.5715761466258575
2023-05-14 17:00:00,1.5715649009336117
2023-05-14 18:00:00,1.571553652185082
2023-05-14 19:00:00,1.5715424003815668
2023-05-14 20:00:00,1.5715311455243572
2023-05-14 21:00:00,1.571519887614746
2023-05-14 22:00:00,1.571508626654027
2023-05-14 23:00:00,1.571497362643492
2023-05-15 00:00:00,1.571486095584441
2023-05-15 01:00:00,1.5714748254781605
2023-05-15 02:00:00,1.5714635523259537
2023-05-15 03:00:00,1.5714522761291074
2023-05-15 04:00:00,1.5714409968889236
2023-05-15 05:00:00,1.5714297146066962
2023-05-15 06:00:00,1.5714184292837212
2023-05-15 07:00:00,1.5714071409212953
2023-05-15 08:00:00,1.5713958495207139
2023-05-15 09:00:00,1.5713845550832797
2023-05-15 10:00:00,1.5713732576102832
2023-05-15 11:00:00,1.5713619571030275
2023-05-15 12:00:00,1.5713506535628095
2023-05-15 13:00:00,1.571339346990928
2023-05-15 14:00:00,1.5713280373886818
2023-05-15 15:00:00,1.5713167247573685
2023-05-15 16:00:00,1.571305409098294
2023-05-15 17:00:00,1.5712940904127501
2023-05-15 18:00:00,1.5712827687020434
2023-05-15 19:00:00,1.5712714439674729
2023-05-15 20:00:00,1.5712601162103395
2023-05-15 21:00:00,1.5712487854319448
2023-05-15 22:00:00,1.571237451633589
2023-05-15 23:00:00,1.5712261148165796
2023-05-16 00:00:00,1.5712147749822118
2023-05-16 01:00:00,1.5712034321317963
2023-05-16 02:00:00,1.5711920862666282
2023-05-16 03:00:00,1.5711807373880171
2023-05-16 04:00:00,1.5711693854972653
2023-05-16 05:00:00,1.5711580305956747
2023-05-16 06:00:00,1.571146672684556
2023-05-16 07:00:00,1.5711353117652063
2023-05-16 08:00:00,1.5711239478389385
2023-05-16 09:00:00,1.5711125809070512
2023-05-16 10:00:00,1.5711012109708555
2023-05-16 11:00:00,1.5710898380316562
2023-05-16 12:00:00,1.57107846209076
2023-05-16 13:00:00,1.5710670831494737
2023-05-16 14:00:00,1.5710557012091029
2023-05-16 15:00:00,1.5710443162709613
2023-05-16 16:00:00,1.5710329283363489
2023-05-16 17:00:00,1.5710215374065803
2023-05-16 18:00:00,1.5710101434829622
2023-05-16 19:00:00,1.5709987465668036
2023-05-16 20:00:00,1.570987346659414
2023-05-16 21:00:00,1.5709759437621014
2023-05-16 22:00:00,1.5709645378761816
2023-05-16 23:00:00,1.5709531290029572
2023-05-17 00:00:00,1.5709417171437456
2023-05-17 01:00:00,1.570930302299855
2023-05-17 02:00:00,1.5709188844725976
2023-05-17 03:00:00,1.5709074636632854
2023-05-17 04:00:00,1.570896039873228
2023-05-17 05:00:00,1.5708846131037442
2023-05-17 06:00:00,1.570873183356139
2023-05-17 07:00:00,1.570861750631733
2023-05-17 08:00:00,1.5708503149318331
2023-05-17 09:00:00,1.570838876257758
2023-05-17 10:00:00,1.5708274346108204
2023-05-17 11:00:00,1.5708159899923353
2023-05-17 12:00:00,1.5708045424036168
2023-05-17 13:00:00,1.5707930918459787
2023-05-17 14:00:00,1.5707816383207427
2023-05-17 15:00:00,1.5707701818292166
2023-05-17 16:00:00,1.5707587223727224
2023-05-17 17:00:00,1.5707472599525754
2023-05-17 18:00:00,1.5707357945700922
2023-05-17 19:00:00,1.5707243262265898
2023-05-17 20:00:00,1.5707128549233849
2023-05-17 21:00:00,1.5707013806618002
2023-05-17 22:00:00,1.5706899034431467
2023-05-17 23:00:00,1.5706784232687496
2023-05-18 00:00:00,1.570666940139925
2023-05-18 01:00:00,1.570655454057993
2023-05-18 02:00:00,1.5706439650242725
2023-05-18 03:00:00,1.570632473040082
2023-05-18 04:00:00,1.5706209781067482
2023-05-18 05:00:00,1.5706094802255834
2023-05-18 06:00:00,1.5705979793979168
2023-05-18 07:00:00,1.5705864756250618
2023-05-18 08:00:00,1.570574968908346
2023-05-18 09:00:00,1.5705634592490896
2023-05-18 10:00:00,1.570551946648613
2023-05-18 11:00:00,1.570540431108245
2023-05-18 12:00:00,1.5705289126293005
2023-05-18 13:00:00,1.5705173912131112
2023-05-18 14:00:00,1.5705058668609928
2023-05-18 15:00:00,1.570494339574275
2023-05-18 16:00:00,1.570482809354281
2023-05-18 17:00:00,1.5704712762023347
2023-05-18 18:00:00,1.570459740119762
2023-05-18 19:00:00,1.570448201107886
2023-05-18 20:00:00,1.570436659168038
2023-05-18 21:00:00,1.570425114301537
2023-05-18 22:00:00,1.5704135665097152
2023-05-18 23:00:00,1.5704020157938972
2023-05-19 00:00:00,1.5703904621554101
2023-05-19 01:00:00,1.5703789055955815
2023-05-19 02:00:00,1.570367346115737
2023-05-19 03:00:00,1.570355783717211
2023-05-19 04:00:00,1.5703442184013239
2023-05-19 05:00:00,1.5703326501694104
2023-05-19 06:00:00,1.570321079022798
2023-05-19 07:00:00,1.5703095049628155
2023-05-19 08:00:00,1.5702979279907934
2023-05-19 09:00:00,1.5702863481080596
2023-05-19 10:00:00,1.5702747653159501
2023-05-19 11:00:00,1.5702631796157887
2023-05-19 12:00:00,1.5702515910089136
2023-05-19 13:00:00,1.570239999496649
2023-05-19 14:00:00,1.5702284050803321
2023-05-19 15:00:00,1.5702168077612937
2023-05-19 16:00:00,1.5702052075408657
2023-05-19 17:00:00,1.5701936044203813
2023-05-19 18:00:00,1.5701819984011716
2023-05-19 19:00:00,1.5701703894845758
2023-05-19 20:00:00,1.5701587776719201
2023-05-19 21:00:00,1.5701471629645443
2023-05-19 22:00:00,1.570135545363781
2023-05-19 23:00:00,1.5701239248709653
2023-05-20 00:00:00,1.5701123014874319
2023-05-20 01:00:00,1.5701006752145146
2023-05-20 02:00:00,1.5700890460535553
2023-05-20 03:00:00,1.5700774140058815
2023-05-20 04:00:00,1.5700657790728365
2023-05-20 05:00:00,1.5700541412557547
2023-05-20 06:00:00,1.570042500555973
2023-05-20 07:00:00,1.5700308569748294
2023-05-20 08:00:00,1.5700192105136594
2023-05-20 09:00:00,1.5700075611738071
2023-05-20 10:00:00,1.5699959089566031
2023-05-20 11:00:00,1.5699842538633941
2023-05-20 12:00:00,1.5699725958955113
2023-05-20 13:00:00,1.5699609350543
2023-05-20 14:00:00,1.5699492713410983
2023-05-20 15:00:00,1.5699376047572438
2023-05-20 16:00:00,1.5699259353040835
2023-05-20 17:00:00,1.56991426298295
2023-05-20 18:00:00,1.5699025877951918
2023-05-20 19:00:00,1.5698909097421434
2023-05-20 20:00:00,1.5698792288251517
2023-05-20 21:00:00,1.569867545045557
2023-05-20 22:00:00,1.5698558584047022
2023-05-20 23:00:00,1.5698441689039295
2023-05-21 00:00:00,1.5698324765445801
2023-05-21 01:00:00,1.5698207813280036
2023-05-21 02:00:00,1.5698090832555356
2023-05-21 03:00:00,1.5697973823285258
2023-05-21 04:00:00,1.5697856785483173
2023-05-21 05:00:00,1.5697739719162542
2023-05-21 06:00:00,1.569762262433682
2023-05-21 07:00:00,1.569750550101944
2023-05-21 08:00:00,1.5697388349223913
2023-05-21 09:00:00,1.5697271168963627
2023-05-21 10:00:00,1.5697153960252104
2023-05-21 11:00:00,1.5697036723102786
2023-05-21 12:00:00,1.5696919457529146
2023-05-21 13:00:00,1.569680216354466
2023-05-21 14:00:00,1.5696684841162782
2023-05-21 15:00:00,1.5696567490397055
2023-05-21 16:00:00,1.5696450111260876
2023-05-21 17:00:00,1.5696332703767812
2023-05-21 18:00:00,1.5696215267931282
2023-05-21 19:00:00,1.5696097803764828
2023-05-21 20:00:00,1.569598031128193
2023-05-21 21:00:00,1.5695862790496091
2023-05-21 22:00:00,1.5695745241420809
2023-05-21 23:00:00,1.569562766406957
2023-05-22 00:00:00,1.5695510058455946
2023-05-22 01:00:00,1.5695392424593366
2023-05-22 02:00:00,1.569527476249541
2023-05-22 03:00:00,1.5695157072175576
2023-05-22 04:00:00,1.5695039353647382
2023-05-22 05:00:00,1.5694921606924355
2023-05-22 06:00:00,1.5694803832020008
2023-05-22 07:00:00,1.5694686028947926
2023-05-22 08:00:00,1.569456819772157
2023-05-22 09:00:00,1.5694450338354538
2023-05-22 10:00:00,1.5694332450860347
2023-05-22 11:00:00,1.5694214535252546
2023-05-22 12:00:00,1.569409659154468
2023-05-22 13:00:00,1.569397861975028
2023-05-22 14:00:00,1.5693860619882964
2023-05-22 15:00:00,1.5693742591956208
2023-05-22 16:00:00,1.5693624535983632
2023-05-22 17:00:00,1.5693506451978783
2023-05-22 18:00:00,1.5693388339955225
2023-05-22 19:00:00,1.5693270199926528
2023-05-22 20:00:00,1.5693152031906252
2023-05-22 21:00:00,1.5693033835908026
2023-05-22 22:00:00,1.5692915611945355
2023-05-22 23:00:00,1.5692797360031903
2023-05-23 00:00:00,1.5692679080181173
2023-05-23 01:00:00,1.5692560772406818
2023-05-23 02:00:00,1.5692442436722411
2023-05-23 03:00:00,1.5692324073141546
2023-05-23 04:00:00,1.5692205681677822
2023-05-23 05:00:00,1.569208726234483
2023-05-23 06:00:00,1.5691968815156223
2023-05-23 07:00:00,1.569185034012554
2023-05-23 08:00:00,1.569173183726645
2023-05-23 09:00:00,1.5691613306592547
2023-05-23 10:00:00,1.5691494748117452
2023-05-23 11:00:00,1.5691376161854784
2023-05-23 12:00:00,1.5691257547818152
2023-05-23 13:00:00,1.5691138906021243
2023-05-23 14:00:00,1.5691020236477606
2023-05-23 15:00:00,1.5690901539200937
2023-05-23 16:00:00,1.5690782814204858
2023-05-23 17:00:00,1.5690664061503004
2023-05-23 18:00:00,1.569054528110902
2023-05-23 19:00:00,1.5690426473036538
2023-05-23 20:00:00,1.5690307637299263
2023-05-23 21:00:00,1.5690188773910771
2023-05-23 22:00:00,1.5690069882884803
2023-05-23 23:00:00,1.568995096423493
2023-05-24 00:00:00,1.5689832017974885
2023-05-24 01:00:00,1.568971304411831
2023-05-24 02:00:00,1.5689594042678872
2023-05-24 03:00:00,1.5689475013670247
2023-05-24 04:00:00,1.568935595710609
2023-05-24 05:00:00,1.5689236873000143
2023-05-24 06:00:00,1.5689117761366005
2023-05-24 07:00:00,1.568899862221742
2023-05-24 08:00:00,1.5688879455568059
2023-05-24 09:00:00,1.5688760261431618
2023-05-24 10:00:00,1.5688641039821782
2023-05-24 11:00:00,1.5688521790752237
2023-05-24 12:00:00,1.5688402514236743
2023-05-24 13:00:00,1.568828321028892
2023-05-24 14:00:00,1.568816387892254
2023-05-24 15:00:00,1.5688044520151296
2023-05-24 16:00:00,1.5687925133988896
2023-05-24 17:00:00,1.5687805720449057
2023-05-24 18:00:00,1.5687686279545485
2023-05-24 19:00:00,1.5687566811291958
2023-05-24 20:00:00,1.5687447315702123
2023-05-24 21:00:00,1.5687327792789774
2023-05-24 22:00:00,1.5687208242568618
2023-05-24 23:00:00,1.5687088665052393
2023-05-25 00:00:00,1.568696906025484
2023-05-25 01:00:00,1.568684942818968
2023-05-25 02:00:00,1.5686729768870717
2023-05-25 03:00:00,1.5686610082311618
2023-05-25 04:00:00,1.5686490368526216
2023-05-25 05:00:00,1.568637062752819
2023-05-25 06:00:00,1.568625085933135
2023-05-25 07:00:00,1.5686131063949442
2023-05-25 08:00:00,1.5686011241396232
2023-05-25 09:00:00,1.568589139168548
2023-05-25 10:00:00,1.568577151483094
2023-05-25 11:00:00,1.5685651610846447
2023-05-25 12:00:00,1.5685531679745697
2023-05-25 13:00:00,1.5685411721542526
2023-05-25 14:00:00,1.5685291736250702
2023-05-25 15:00:00,1.5685171723884006
2023-05-25 16:00:00,1.5685051684456228
2023-05-25 17:00:00,1.5684931617981146
2023-05-25 18:00:00,1.5684811524472606
2023-05-25 19:00:00,1.568469140394433
2023-05-25 20:00:00,1.5684571256410185
2023-05-25 21:00:00,1.5684451081883948
2023-05-25 22:00:00,1.5684330880379427
2023-05-25 23:00:00,1.5684210651910437
2023-05-26 00:00:00,1.5684090396490769
2023-05-26 01:00:00,1.56839701141343
2023-05-26 02:00:00,1.5683849804854768
2023-05-26 03:00:00,1.568372946866608
2023-05-26 04:00:00,1.5683609105581982
2023-05-26 05:00:00,1.568348871561636
2023-05-26 06:00:00,1.5683368298783027
2023-05-26 07:00:00,1.5683247855095803
2023-05-26 08:00:00,1.568312738456858
2023-05-26 09:00:00,1.5683006887215123
2023-05-26 10:00:00,1.5682886363049358
2023-05-26 11:00:00,1.5682765812085049
2023-05-26 12:00:00,1.5682645234336108
2023-05-26 13:00:00,1.5682524629816372
2023-05-26 14:00:00,1.5682403998539693
2023-05-26 15:00:00,1.5682283340519934
2023-05-26 16:00:00,1.568216265577094
2023-05-26 17:00:00,1.5682041944306633
2023-05-26 18:00:00,1.5681921206140805
2023-05-26 19:00:00,1.5681800441287388
2023-05-26 20:00:00,1.5681679649760236
2023-05-26 21:00:00,1.568155883157323
2023-05-26 22:00:00,1.5681437986740248
2023-05-26 23:00:00,1.5681317115275157
2023-05-27 00:00:00,1.5681196217191906
2023-05-27 01:00:00,1.56810752925043
2023-05-27 02:00:00,1.56809543412263
2023-05-27 03:00:00,1.568083336337178
2023-05-27 04:00:00,1.5680712358954638
2023-05-27 05:00:00,1.5680591327988778
2023-05-27 06:00:00,1.5680470270488087
2023-05-27 07:00:00,1.5680349186466531
2023-05-27 08:00:00,1.5680228075937945
2023-05-27 09:00:00,1.5680106938916327
2023-05-27 10:00:00,1.5679985775415508
2023-05-27 11:00:00,1.5679864585449474
2023-05-27 12:00:00,1.5679743369032129
2023-05-27 13:00:00,1.5679622126177397
2023-05-27 14:00:00,1.5679500856899211
2023-05-27 15:00:00,1.5679379561211486
2023-05-27 16:00:00,1.5679258239128215
2023-05-27 17:00:00,1.5679136890663259
2023-05-27 18:00:00,1.5679015515830623
2023-05-27 19:00:00,1.5678894114644226
2023-05-27 20:00:00,1.5678772687118023
2023-05-27 21:00:00,1.567865123326596
2023-05-27 22:00:00,1.5678529753101975
2023-05-27 23:00:00,1.5678408246640088
2023-05-28 00:00:00,1.5678286713894172
2023-05-28 01:00:00,1.5678165154878256
2023-05-28 02:00:00,1.567804356960629
2023-05-28 03:00:00,1.5677921958092236
2023-05-28 04:00:00,1.567780032035007
2023-05-28 05:00:00,1.567767865639375
2023-05-28 06:00:00,1.5677556966237312
2023-05-28 07:00:00,1.5677435249894656
2023-05-28 08:00:00,1.567731350737985
2023-05-28 09:00:00,1.5677191738706802
2023-05-28 10:00:00,1.5677069943889559
2023-05-28 11:00:00,1.56769481229421
2023-05-28 12:00:00,1.5676826275878397
2023-05-28 13:00:00,1.5676704402712514
2023-05-28 14:00:00,1.567658250345837
2023-05-28 15:00:00,1.5676460578130051
2023-05-28 16:00:00,1.567633862674149
2023-05-28 17:00:00,1.5676216649306753
2023-05-28 18:00:00,1.5676094645839838
2023-05-28 19:00:00,1.5675972616354763
2023-05-28 20:00:00,1.5675850560865545
2023-05-28 21:00:00,1.5675728479386193
2023-05-28 22:00:00,1.567560637193079
2023-05-28 23:00:00,1.5675484238513286
2023-05-29 00:00:00,1.5675362079147777
2023-05-29 01:00:00,1.5675239893848274
2023-05-29 02:00:00,1.5675117682628819
2023-05-29 03:00:00,1.567499544550345
2023-05-29 04:00:00,1.5674873182486195
2023-05-29 05:00:00,1.567475089359116
2023-05-29 06:00:00,1.5674628578832315
2023-05-29 07:00:00,1.5674506238223778
2023-05-29 08:00:00,1.5674383871779578
2023-05-29 09:00:00,1.5674261479513778
2023-05-29 10:00:00,1.5674139061440444
2023-05-29 11:00:00,1.5674016617573614
2023-05-29 12:00:00,1.5673894147927423
2023-05-29 13:00:00,1.567377165251586
2023-05-29 14:00:00,1.5673649131353076
2023-05-29 15:00:00,1.5673526584453072
2023-05-29 16:00:00,1.5673404011829988
2023-05-29 17:00:00,1.5673281413497884
2023-05-29 18:00:00,1.5673158789470851
2023-05-29 19:00:00,1.5673036139762972
2023-05-29 20:00:00,1.5672913464388323
2023-05-29 21:00:00,1.5672790763361062
2023-05-29 22:00:00,1.5672668036695199
2023-05-29 23:00:00,1.5672545284404897
2023-05-30 00:00:00,1.5672422506504247
2023-05-30 01:00:00,1.5672299703007346
2023-05-30 02:00:00,1.567217687392831
2023-05-30 03:00:00,1.5672054019281227
2023-05-30 04:00:00,1.5671931139080277
2023-05-30 05:00:00,1.5671808233339495
2023-05-30 06:00:00,1.5671685302073066
2023-05-30 07:00:00,1.567156234529509
2023-05-30 08:00:00,1.5671439363019697
2023-05-30 09:00:00,1.5671316355261018
2023-05-30 10:00:00,1.5671193322033161
2023-05-30 11:00:00,1.5671070263350328
2023-05-30 12:00:00,1.5670947179226575
2023-05-30 13:00:00,1.5670824069676124
2023-05-30 14:00:00,1.5670700934713042
2023-05-30 15:00:00,1.5670577774351533
2023-05-30 16:00:00,1.567045458860573
2023-05-30 17:00:00,1.5670331377489766
2023-05-30 18:00:00,1.5670208141017858
2023-05-30 19:00:00,1.5670084879204083
2023-05-30 20:00:00,1.566996159206269
2023-05-30 21:00:00,1.5669838279607755
2023-05-30 22:00:00,1.5669714941853512
