# observation_id: 8db7d9ce-f3b2-11ed-a4f1-42ea8684a302,,
# metadata: https://api.forecastarbiter.com/observations/8db7d9ce-f3b2-11ed-a4f1-42ea8684a302/metadata,,
timestamp,value,quality_flag
20220101T08:00:00+0000,0.678119,0
20220101T09:00:00+0000,0.661744,0
20220101T10:00:00+0000,0.667333,0
20220101T11:00:00+0000,0.6831,0
20220101T12:00:00+0000,0.717013,0
20220101T13:00:00+0000,0.747671,0
20220101T14:00:00+0000,0.787813,0
20220101T15:00:00+0000,0.829981,0
20220101T16:00:00+0000,0.840125,0
20220101T17:00:00+0000,0.852644,0
20220101T18:00:00+0000,0.792315,0
20220101T19:00:00+0000,0.753076,0
20220101T20:00:00+0000,0.717898,0
20220101T21:00:00+0000,0.610154,0
20220101T22:00:00+0000,0.648675,0
20220101T23:00:00+0000,0.734438,0
20220102T00:00:00+0000,0.783644,0
20220102T01:00:00+0000,0.822352,0
20220102T02:00:00+0000,0.81824,0
20220102T03:00:00+0000,0.819923,0
20220102T04:00:00+0000,0.78834,0
20220102T05:00:00+0000,0.741449,0
20220102T06:00:00+0000,0.706105,0
20220102T07:00:00+0000,0.672697,0
20220102T08:00:00+0000,0.645525,0
20220102T09:00:00+0000,0.609595,0
20220102T10:00:00+0000,0.616228,0
20220102T11:00:00+0000,0.616485,0
20220102T12:00:00+0000,0.635137,0
20220102T13:00:00+0000,0.669157,0
20220102T14:00:00+0000,0.703446,0
20220102T15:00:00+0000,0.733548,0
20220102T16:00:00+0000,0.76472,0
20220102T17:00:00+0000,0.778277,0
20220102T18:00:00+0000,0.772386,0
20220102T19:00:00+0000,0.717208,0
20220102T20:00:00+0000,0.690983,0
20220102T21:00:00+0000,0.71126,0
20220102T22:00:00+0000,0.730033,0
20220102T23:00:00+0000,0.731476,0
20220103T00:00:00+0000,0.749747,16386
20220103T01:00:00+0000,0.777337,16386
20220103T02:00:00+0000,0.756927,16402
20220103T03:00:00+0000,0.736766,16402
20220103T04:00:00+0000,0.705482,16402
20220103T05:00:00+0000,0.645611,16402
20220103T06:00:00+0000,0.583563,16402
20220103T07:00:00+0000,0.535251,16402
20220103T08:00:00+0000,0.483606,16402
20220103T09:00:00+0000,0.469177,16402
20220103T10:00:00+0000,0.475447,16402
20220103T11:00:00+0000,0.483918,16402
20220103T12:00:00+0000,0.500053,16402
20220103T13:00:00+0000,0.579068,16402
20220103T14:00:00+0000,0.665421,16402
20220103T15:00:00+0000,0.697394,16402
20220103T16:00:00+0000,0.696163,16402
20220103T17:00:00+0000,0.736765,16386
20220103T18:00:00+0000,0.753039,16386
20220103T19:00:00+0000,0.743226,16386
20220103T20:00:00+0000,0.743707,16386
20220103T21:00:00+0000,0.741851,16386
20220103T22:00:00+0000,0.735648,16386
20220103T23:00:00+0000,0.754791,16386
20220104T00:00:00+0000,0.790473,16386
20220104T01:00:00+0000,0.807057,16386
20220104T02:00:00+0000,0.813157,16402
20220104T03:00:00+0000,0.777721,16402
20220104T04:00:00+0000,0.7453,16402
20220104T05:00:00+0000,0.688859,16402
20220104T06:00:00+0000,0.599137,16402
20220104T07:00:00+0000,0.543845,16402
20220104T08:00:00+0000,0.542998,16402
20220104T09:00:00+0000,0.529808,16402
20220104T10:00:00+0000,0.521671,16402
20220104T11:00:00+0000,0.538219,16402
20220104T12:00:00+0000,0.56877,16402
20220104T13:00:00+0000,0.630391,16402
20220104T14:00:00+0000,0.712658,16402
20220104T15:00:00+0000,0.771641,16402
20220104T16:00:00+0000,0.743071,16402
20220104T17:00:00+0000,0.745971,16386
20220104T18:00:00+0000,0.705143,16386
20220104T19:00:00+0000,0.702894,16386
20220104T20:00:00+0000,0.707288,16386
20220104T21:00:00+0000,0.707478,16386
20220104T22:00:00+0000,0.69356,16386
20220104T23:00:00+0000,0.693616,16386
20220105T00:00:00+0000,0.723104,16386
20220105T01:00:00+0000,0.754064,16386
20220105T02:00:00+0000,0.762527,16402
20220105T03:00:00+0000,0.712902,16402
20220105T04:00:00+0000,0.670412,16402
20220105T05:00:00+0000,0.616307,16402
20220105T06:00:00+0000,0.54266,16402
20220105T07:00:00+0000,0.490843,16402
20220105T08:00:00+0000,0.469428,16402
20220105T09:00:00+0000,0.45598,16402
20220105T10:00:00+0000,0.452163,16402
20220105T11:00:00+0000,0.45324,16402
20220105T12:00:00+0000,0.489952,16402
20220105T13:00:00+0000,0.550964,16402
20220105T14:00:00+0000,0.604243,16402
20220105T15:00:00+0000,0.662719,16402
20220105T16:00:00+0000,0.667402,16402
20220105T17:00:00+0000,0.676474,16386
20220105T18:00:00+0000,0.678805,16386
20220105T19:00:00+0000,0.67252,16386
20220105T20:00:00+0000,0.683091,16386
20220105T21:00:00+0000,0.672398,16386
20220105T22:00:00+0000,0.670018,16386
20220105T23:00:00+0000,0.683193,16386
20220106T00:00:00+0000,0.713132,16386
20220106T01:00:00+0000,0.746645,16386
20220106T02:00:00+0000,0.744316,16402
20220106T03:00:00+0000,0.710316,16402
20220106T04:00:00+0000,0.681036,16402
20220106T05:00:00+0000,0.614449,16402
20220106T06:00:00+0000,0.549654,16402
20220106T07:00:00+0000,0.490123,16402
20220106T08:00:00+0000,0.448333,16402
20220106T09:00:00+0000,0.440274,16402
20220106T10:00:00+0000,0.420177,16402
20220106T11:00:00+0000,0.418579,16402
20220106T12:00:00+0000,0.428844,16402
20220106T13:00:00+0000,0.484091,16402
20220106T14:00:00+0000,0.555492,16402
20220106T15:00:00+0000,0.595271,16402
20220106T16:00:00+0000,0.603052,16402
20220106T17:00:00+0000,0.609238,16386
20220106T18:00:00+0000,0.603097,16386
20220106T19:00:00+0000,0.592975,16386
20220106T20:00:00+0000,0.573167,16386
20220106T21:00:00+0000,0.574288,16386
20220106T22:00:00+0000,0.571973,16386
20220106T23:00:00+0000,0.583707,16386
20220107T00:00:00+0000,0.608021,16386
20220107T01:00:00+0000,0.649146,16386
20220107T02:00:00+0000,0.618066,16402
20220107T03:00:00+0000,0.58576,16402
20220107T04:00:00+0000,0.549969,16402
20220107T05:00:00+0000,0.516339,16402
20220107T06:00:00+0000,0.470516,16402
20220107T07:00:00+0000,0.433296,16402
20220107T08:00:00+0000,0.410718,16402
20220107T09:00:00+0000,0.397733,16402
20220107T10:00:00+0000,0.394528,16402
20220107T11:00:00+0000,0.408376,16402
20220107T12:00:00+0000,0.427344,16402
20220107T13:00:00+0000,0.473015,16402
20220107T14:00:00+0000,0.53611,16402
20220107T15:00:00+0000,0.579605,16402
20220107T16:00:00+0000,0.601457,16402
20220107T17:00:00+0000,0.617996,16386
20220107T18:00:00+0000,0.617643,16386
20220107T19:00:00+0000,0.612862,16386
20220107T20:00:00+0000,0.60714,16386
20220107T21:00:00+0000,0.507764,16386
20220107T22:00:00+0000,0.552439,16386
20220107T23:00:00+0000,0.603664,16386
20220108T00:00:00+0000,0.642261,16386
20220108T01:00:00+0000,0.678798,16386
20220108T02:00:00+0000,0.681176,16402
20220108T03:00:00+0000,0.649964,16402
20220108T04:00:00+0000,0.619486,16402
20220108T05:00:00+0000,0.5699,16402
20220108T06:00:00+0000,0.541069,16402
20220108T07:00:00+0000,0.492131,16402
20220108T08:00:00+0000,0.486392,16402
20220108T09:00:00+0000,0.469082,16402
20220108T10:00:00+0000,0.459612,16402
20220108T11:00:00+0000,0.46647,16402
20220108T12:00:00+0000,0.485495,16402
20220108T13:00:00+0000,0.514473,16402
20220108T14:00:00+0000,0.559298,16402
20220108T15:00:00+0000,0.618068,16402
20220108T16:00:00+0000,0.65814,16402
20220108T17:00:00+0000,0.681349,16386
20220108T18:00:00+0000,0.657187,16386
20220108T19:00:00+0000,0.568604,16386
20220108T20:00:00+0000,0.468477,16386
20220108T21:00:00+0000,0.432577,16386
20220108T22:00:00+0000,0.451817,16386
20220108T23:00:00+0000,0.504599,16386
20220109T00:00:00+0000,0.565232,16386
20220109T01:00:00+0000,0.633171,16386
20220109T02:00:00+0000,0.639607,16402
20220109T03:00:00+0000,0.645026,16402
20220109T04:00:00+0000,0.619577,16402
20220109T05:00:00+0000,0.593267,16402
20220109T06:00:00+0000,0.556188,16402
20220109T07:00:00+0000,0.530756,16402
20220109T08:00:00+0000,0.510488,16402
20220109T09:00:00+0000,0.508062,16402
20220109T10:00:00+0000,0.517208,16402
20220109T11:00:00+0000,0.524458,16402
20220109T12:00:00+0000,0.552464,16402
20220109T13:00:00+0000,0.607797,16402
20220109T14:00:00+0000,0.66313,18450
20220109T15:00:00+0000,0.700218,16402
20220109T16:00:00+0000,0.727181,16402
20220109T17:00:00+0000,0.697612,16386
20220109T18:00:00+0000,0.623907,16386
20220109T19:00:00+0000,0.521549,16386
20220109T20:00:00+0000,0.483856,16386
20220109T21:00:00+0000,0.437021,16386
20220109T22:00:00+0000,0.483288,16386
20220109T23:00:00+0000,0.518503,16386
20220110T00:00:00+0000,0.597037,16386
20220110T01:00:00+0000,0.679228,16386
20220110T02:00:00+0000,0.695897,16402
20220110T03:00:00+0000,0.707773,16402
20220110T04:00:00+0000,0.659698,16402
20220110T05:00:00+0000,0.608046,16402
20220110T06:00:00+0000,0.54241,16402
20220110T07:00:00+0000,0.523021,16402
20220110T08:00:00+0000,0.504273,16402
20220110T09:00:00+0000,0.499625,16402
20220110T10:00:00+0000,0.506373,16402
20220110T11:00:00+0000,0.526084,16402
20220110T12:00:00+0000,0.5509,16402
20220110T13:00:00+0000,0.641501,16402
20220110T14:00:00+0000,0.716631,16402
20220110T15:00:00+0000,0.769943,16402
20220110T16:00:00+0000,0.772815,16402
20220110T17:00:00+0000,0.751732,16386
20220110T18:00:00+0000,0.751232,16386
20220110T19:00:00+0000,0.734415,16386
20220110T20:00:00+0000,0.670593,16386
20220110T21:00:00+0000,0.550414,16386
20220110T22:00:00+0000,0.616458,16386
20220110T23:00:00+0000,0.638888,16386
20220111T00:00:00+0000,0.662053,16386
20220111T01:00:00+0000,0.711387,16386
20220111T02:00:00+0000,0.702753,16402
20220111T03:00:00+0000,0.668519,16402
20220111T04:00:00+0000,0.637455,16402
20220111T05:00:00+0000,0.579501,16402
20220111T06:00:00+0000,0.521006,16402
20220111T07:00:00+0000,0.486512,16402
20220111T08:00:00+0000,0.455633,16402
20220111T09:00:00+0000,0.440965,16402
20220111T10:00:00+0000,0.440545,16402
20220111T11:00:00+0000,0.448428,16402
20220111T12:00:00+0000,0.46065,16402
20220111T13:00:00+0000,0.526505,16402
20220111T14:00:00+0000,0.599431,16402
20220111T15:00:00+0000,0.629654,16402
20220111T16:00:00+0000,0.610746,16402
20220111T17:00:00+0000,0.621611,16386
20220111T18:00:00+0000,0.61595,16386
20220111T19:00:00+0000,0.597281,16386
20220111T20:00:00+0000,0.599,16386
20220111T21:00:00+0000,0.577765,16386
20220111T22:00:00+0000,0.572146,16386
20220111T23:00:00+0000,0.567987,16386
20220112T00:00:00+0000,0.602923,16386
20220112T01:00:00+0000,0.615377,16386
20220112T02:00:00+0000,0.626721,16402
20220112T03:00:00+0000,0.599846,16402
20220112T04:00:00+0000,0.569011,16402
20220112T05:00:00+0000,0.500859,16402
20220112T06:00:00+0000,0.445031,16402
20220112T07:00:00+0000,0.408989,16402
20220112T08:00:00+0000,0.385411,16402
20220112T09:00:00+0000,0.367278,16402
20220112T10:00:00+0000,0.364344,16402
20220112T11:00:00+0000,0.356193,16402
20220112T12:00:00+0000,0.376292,16402
20220112T13:00:00+0000,0.442794,16402
20220112T14:00:00+0000,0.51015,16402
20220112T15:00:00+0000,0.5454,16402
20220112T16:00:00+0000,0.549738,16402
20220112T17:00:00+0000,0.529436,16386
20220112T18:00:00+0000,0.51149,16386
20220112T19:00:00+0000,0.425644,16386
20220112T20:00:00+0000,0.418728,16386
20220112T21:00:00+0000,0.379565,16386
20220112T22:00:00+0000,0.435544,16386
20220112T23:00:00+0000,0.463158,16386
20220113T00:00:00+0000,0.493323,16386
20220113T01:00:00+0000,0.549594,16386
20220113T02:00:00+0000,0.585293,16402
20220113T03:00:00+0000,0.583653,16402
20220113T04:00:00+0000,0.577732,16402
20220113T05:00:00+0000,0.521807,16402
20220113T06:00:00+0000,0.471655,16402
20220113T07:00:00+0000,0.420924,16402
20220113T08:00:00+0000,0.412114,16402
20220113T09:00:00+0000,0.403055,16402
20220113T10:00:00+0000,0.395416,16402
20220113T11:00:00+0000,0.399386,16402
20220113T12:00:00+0000,0.419682,16402
20220113T13:00:00+0000,0.480145,16402
20220113T14:00:00+0000,0.550304,16402
20220113T15:00:00+0000,0.579396,16402
20220113T16:00:00+0000,0.580318,16402
20220113T17:00:00+0000,0.59199,16386
20220113T18:00:00+0000,0.587218,16386
20220113T19:00:00+0000,0.595562,16386
20220113T20:00:00+0000,0.575315,16386
20220113T21:00:00+0000,0.555752,16386
20220113T22:00:00+0000,0.546392,16386
20220113T23:00:00+0000,0.533529,16386
20220114T00:00:00+0000,0.563431,16386
20220114T01:00:00+0000,0.598762,16386
20220114T02:00:00+0000,0.601447,16402
20220114T03:00:00+0000,0.571955,16402
20220114T04:00:00+0000,0.540567,16402
20220114T05:00:00+0000,0.486203,16402
20220114T06:00:00+0000,0.453722,16402
20220114T07:00:00+0000,0.419568,16402
20220114T08:00:00+0000,0.397717,16402
20220114T09:00:00+0000,0.381942,16402
20220114T10:00:00+0000,0.382495,16402
20220114T11:00:00+0000,0.388047,16402
20220114T12:00:00+0000,0.41382,16402
20220114T13:00:00+0000,0.465165,16402
20220114T14:00:00+0000,0.501801,16402
20220114T15:00:00+0000,0.553665,16402
20220114T16:00:00+0000,0.557737,16402
20220114T17:00:00+0000,0.532407,16386
20220114T18:00:00+0000,0.502282,16386
20220114T19:00:00+0000,0.50052,16386
20220114T20:00:00+0000,0.521737,16386
20220114T21:00:00+0000,0.509815,16386
20220114T22:00:00+0000,0.427501,16386
20220114T23:00:00+0000,0.441974,16386
20220115T00:00:00+0000,0.49093,16386
20220115T01:00:00+0000,0.55557,16386
20220115T02:00:00+0000,0.564776,16402
20220115T03:00:00+0000,0.561616,16402
20220115T04:00:00+0000,0.555185,16402
20220115T05:00:00+0000,0.524271,16402
20220115T06:00:00+0000,0.499694,16402
20220115T07:00:00+0000,0.478117,16402
20220115T08:00:00+0000,0.456482,16402
20220115T09:00:00+0000,0.446589,16402
20220115T10:00:00+0000,0.442833,16402
20220115T11:00:00+0000,0.459637,16402
20220115T12:00:00+0000,0.498093,16402
20220115T13:00:00+0000,0.515058,16402
20220115T14:00:00+0000,0.578363,16402
20220115T15:00:00+0000,0.641087,16402
20220115T16:00:00+0000,0.701902,16402
20220115T17:00:00+0000,0.70199,16386
20220115T18:00:00+0000,0.694341,16386
20220115T19:00:00+0000,0.652602,16386
20220115T20:00:00+0000,0.600838,16386
20220115T21:00:00+0000,0.560322,16386
20220115T22:00:00+0000,0.537647,16386
20220115T23:00:00+0000,0.564799,16386
20220116T00:00:00+0000,0.593092,16386
20220116T01:00:00+0000,0.639463,16386
20220116T02:00:00+0000,0.636974,16402
20220116T03:00:00+0000,0.625856,16402
20220116T04:00:00+0000,0.610232,16402
20220116T05:00:00+0000,0.577793,16402
20220116T06:00:00+0000,0.536768,16402
20220116T07:00:00+0000,0.500278,16402
20220116T08:00:00+0000,0.467893,16402
20220116T09:00:00+0000,0.451796,16402
20220116T10:00:00+0000,0.458211,16402
20220116T11:00:00+0000,0.464203,16402
20220116T12:00:00+0000,0.481246,16402
20220116T13:00:00+0000,0.513697,16402
20220116T14:00:00+0000,0.546045,16402
20220116T15:00:00+0000,0.60187,16402
20220116T16:00:00+0000,0.638289,16402
20220116T17:00:00+0000,0.679423,16386
20220116T18:00:00+0000,0.65041,16386
20220116T19:00:00+0000,0.596856,16386
20220116T20:00:00+0000,0.531687,16386
20220116T21:00:00+0000,0.441184,16386
20220116T22:00:00+0000,0.447241,16386
20220116T23:00:00+0000,0.516624,16386
20220117T00:00:00+0000,0.57745,16386
20220117T01:00:00+0000,0.631999,16386
20220117T02:00:00+0000,0.633229,16402
20220117T03:00:00+0000,0.617803,16402
20220117T04:00:00+0000,0.611155,16402
20220117T05:00:00+0000,0.575762,16402
20220117T06:00:00+0000,0.516133,16402
20220117T07:00:00+0000,0.476186,16402
20220117T08:00:00+0000,0.449461,16402
20220117T09:00:00+0000,0.441143,16402
20220117T10:00:00+0000,0.438285,16402
20220117T11:00:00+0000,0.446492,16402
20220117T12:00:00+0000,0.472967,16402
20220117T13:00:00+0000,0.528363,16402
20220117T14:00:00+0000,0.584552,16402
20220117T15:00:00+0000,0.631008,16402
20220117T16:00:00+0000,0.651646,16402
20220117T17:00:00+0000,0.651578,16386
20220117T18:00:00+0000,0.664657,16386
20220117T19:00:00+0000,0.668578,16386
20220117T20:00:00+0000,0.652669,16386
20220117T21:00:00+0000,0.647642,16386
20220117T22:00:00+0000,0.636323,16386
20220117T23:00:00+0000,0.630599,16386
20220118T00:00:00+0000,0.670858,16386
20220118T01:00:00+0000,0.719567,16386
20220118T02:00:00+0000,0.711868,16402
20220118T03:00:00+0000,0.694597,16402
20220118T04:00:00+0000,0.656237,16402
20220118T05:00:00+0000,0.581677,16402
20220118T06:00:00+0000,0.526282,16402
20220118T07:00:00+0000,0.485924,16402
20220118T08:00:00+0000,0.46078,16402
20220118T09:00:00+0000,0.447844,16402
20220118T10:00:00+0000,0.455166,16402
20220118T11:00:00+0000,0.452199,16402
20220118T12:00:00+0000,0.491464,16402
20220118T13:00:00+0000,0.552705,16402
20220118T14:00:00+0000,0.629889,16402
20220118T15:00:00+0000,0.651265,16402
20220118T16:00:00+0000,0.647202,16402
20220118T17:00:00+0000,0.618562,16386
20220118T18:00:00+0000,0.611022,16386
20220118T19:00:00+0000,0.596458,16386
20220118T20:00:00+0000,0.586303,16386
20220118T21:00:00+0000,0.579904,16386
20220118T22:00:00+0000,0.558704,16386
20220118T23:00:00+0000,0.568252,16386
20220119T00:00:00+0000,0.597487,16386
20220119T01:00:00+0000,0.63851,16386
20220119T02:00:00+0000,0.643956,16402
20220119T03:00:00+0000,0.610157,16402
20220119T04:00:00+0000,0.574214,16402
20220119T05:00:00+0000,0.533266,16402
20220119T06:00:00+0000,0.471749,16402
20220119T07:00:00+0000,0.418054,16402
20220119T08:00:00+0000,0.404099,16402
20220119T09:00:00+0000,0.39408,16402
20220119T10:00:00+0000,0.393958,16402
20220119T11:00:00+0000,0.398718,16402
20220119T12:00:00+0000,0.417478,16402
20220119T13:00:00+0000,0.482151,16402
20220119T14:00:00+0000,0.548798,16402
20220119T15:00:00+0000,0.589606,16402
20220119T16:00:00+0000,0.594731,16402
20220119T17:00:00+0000,0.596369,16386
20220119T18:00:00+0000,0.574944,16386
20220119T19:00:00+0000,0.568976,16386
20220119T20:00:00+0000,0.575408,16386
20220119T21:00:00+0000,0.554085,16386
20220119T22:00:00+0000,0.540615,16386
20220119T23:00:00+0000,0.539728,16386
20220120T00:00:00+0000,0.570596,16386
20220120T01:00:00+0000,0.591538,16386
20220120T02:00:00+0000,0.605004,16402
20220120T03:00:00+0000,0.590747,16402
20220120T04:00:00+0000,0.55732,16402
20220120T05:00:00+0000,0.502562,16402
20220120T06:00:00+0000,0.446935,16402
20220120T07:00:00+0000,0.395557,16402
20220120T08:00:00+0000,0.368565,16402
20220120T09:00:00+0000,0.354077,16402
20220120T10:00:00+0000,0.344222,16402
20220120T11:00:00+0000,0.345425,16402
20220120T12:00:00+0000,0.372448,16402
20220120T13:00:00+0000,0.414667,16402
20220120T14:00:00+0000,0.485195,16402
20220120T15:00:00+0000,0.526553,16402
20220120T16:00:00+0000,0.525577,16402
20220120T17:00:00+0000,0.526592,16386
20220120T18:00:00+0000,0.521747,16386
20220120T19:00:00+0000,0.462031,16386
20220120T20:00:00+0000,0.374294,16386
20220120T21:00:00+0000,0.381561,16386
20220120T22:00:00+0000,0.387356,16386
20220120T23:00:00+0000,0.417369,16386
20220121T00:00:00+0000,0.496867,16386
20220121T01:00:00+0000,0.572842,16386
20220121T02:00:00+0000,0.595854,16402
20220121T03:00:00+0000,0.575223,16402
20220121T04:00:00+0000,0.560158,16402
20220121T05:00:00+0000,0.516115,16402
20220121T06:00:00+0000,0.476125,16402
20220121T07:00:00+0000,0.451389,16402
20220121T08:00:00+0000,0.433652,16402
20220121T09:00:00+0000,0.42855,16402
20220121T10:00:00+0000,0.443161,16402
20220121T11:00:00+0000,0.464377,16402
20220121T12:00:00+0000,0.496322,16402
20220121T13:00:00+0000,0.560315,16402
20220121T14:00:00+0000,0.645529,16402
20220121T15:00:00+0000,0.69751,16402
20220121T16:00:00+0000,0.662395,16402
20220121T17:00:00+0000,0.662501,16386
20220121T18:00:00+0000,0.554782,16386
20220121T19:00:00+0000,0.472275,16386
20220121T20:00:00+0000,0.530373,16386
20220121T21:00:00+0000,0.530732,16386
20220121T22:00:00+0000,0.466255,16386
20220121T23:00:00+0000,0.475374,16386
20220122T00:00:00+0000,0.555282,16386
20220122T01:00:00+0000,0.611896,16386
20220122T02:00:00+0000,0.610839,16402
20220122T03:00:00+0000,0.594569,16402
20220122T04:00:00+0000,0.579965,16402
20220122T05:00:00+0000,0.531092,16402
20220122T06:00:00+0000,0.489592,16402
20220122T07:00:00+0000,0.449923,16402
20220122T08:00:00+0000,0.412374,16402
20220122T09:00:00+0000,0.398606,16402
20220122T10:00:00+0000,0.403739,16402
20220122T11:00:00+0000,0.409216,16402
20220122T12:00:00+0000,0.429916,16402
20220122T13:00:00+0000,0.472516,16402
20220122T14:00:00+0000,0.513599,16402
20220122T15:00:00+0000,0.551786,16402
20220122T16:00:00+0000,0.597183,16402
20220122T17:00:00+0000,0.627813,16386
20220122T18:00:00+0000,0.639306,16386
20220122T19:00:00+0000,0.617096,16386
20220122T20:00:00+0000,0.563945,16386
20220122T21:00:00+0000,0.411563,16386
20220122T22:00:00+0000,0.401717,16386
20220122T23:00:00+0000,0.458534,16386
20220123T00:00:00+0000,0.50695,16386
20220123T01:00:00+0000,0.579614,16386
20220123T02:00:00+0000,0.59163,16402
20220123T03:00:00+0000,0.586102,16402
20220123T04:00:00+0000,0.579968,16402
20220123T05:00:00+0000,0.555148,16402
20220123T06:00:00+0000,0.539018,16402
20220123T07:00:00+0000,0.506463,16402
20220123T08:00:00+0000,0.492112,16402
20220123T09:00:00+0000,0.494561,16402
20220123T10:00:00+0000,0.486815,16402
20220123T11:00:00+0000,0.504593,16402
20220123T12:00:00+0000,0.535766,16402
20220123T13:00:00+0000,0.569595,16402
20220123T14:00:00+0000,0.631269,16402
20220123T15:00:00+0000,0.684429,16402
20220123T16:00:00+0000,0.709496,16402
20220123T17:00:00+0000,0.672371,16386
20220123T18:00:00+0000,0.55179,16386
20220123T19:00:00+0000,0.479364,16386
20220123T20:00:00+0000,0.433753,16386
20220123T21:00:00+0000,0.404556,16386
20220123T22:00:00+0000,0.418675,16386
20220123T23:00:00+0000,0.500272,16386
20220124T00:00:00+0000,0.554182,16386
20220124T01:00:00+0000,0.63803,16386
20220124T02:00:00+0000,0.670568,16402
20220124T03:00:00+0000,0.682898,16402
20220124T04:00:00+0000,0.657626,16402
20220124T05:00:00+0000,0.609524,16402
20220124T06:00:00+0000,0.56651,16402
20220124T07:00:00+0000,0.523411,16402
20220124T08:00:00+0000,0.510027,16402
20220124T09:00:00+0000,0.514754,16402
20220124T10:00:00+0000,0.516519,16402
20220124T11:00:00+0000,0.532812,16402
20220124T12:00:00+0000,0.572008,16402
20220124T13:00:00+0000,0.636509,16402
20220124T14:00:00+0000,0.74514,16402
20220124T15:00:00+0000,0.773287,16402
20220124T16:00:00+0000,0.753273,16402
20220124T17:00:00+0000,0.750695,16386
20220124T18:00:00+0000,0.724991,16386
20220124T19:00:00+0000,0.728752,16386
20220124T20:00:00+0000,0.712336,16386
20220124T21:00:00+0000,0.689447,16386
20220124T22:00:00+0000,0.662028,16386
20220124T23:00:00+0000,0.660328,16386
20220125T00:00:00+0000,0.698979,16386
20220125T01:00:00+0000,0.753337,16386
20220125T02:00:00+0000,0.752613,16402
20220125T03:00:00+0000,0.735917,16402
20220125T04:00:00+0000,0.694138,16402
20220125T05:00:00+0000,0.646618,16402
20220125T06:00:00+0000,0.573278,16402
20220125T07:00:00+0000,0.533113,16402
20220125T08:00:00+0000,0.526388,16402
20220125T09:00:00+0000,0.531515,16402
20220125T10:00:00+0000,0.531623,16402
20220125T11:00:00+0000,0.558222,16402
20220125T12:00:00+0000,0.60738,16402
20220125T13:00:00+0000,0.690208,16402
20220125T14:00:00+0000,0.793421,16402
20220125T15:00:00+0000,0.819183,16402
20220125T16:00:00+0000,0.769097,16402
20220125T17:00:00+0000,0.675223,16386
20220125T18:00:00+0000,0.543045,16386
20220125T19:00:00+0000,0.468823,16386
20220125T20:00:00+0000,0.418147,16386
20220125T21:00:00+0000,0.40362,16386
20220125T22:00:00+0000,0.390621,16386
20220125T23:00:00+0000,0.434457,16386
20220126T00:00:00+0000,0.513288,16386
20220126T01:00:00+0000,0.618021,16386
20220126T02:00:00+0000,0.66552,16402
20220126T03:00:00+0000,0.677486,16402
20220126T04:00:00+0000,0.653175,16402
20220126T05:00:00+0000,0.621515,16402
20220126T06:00:00+0000,0.560957,16402
20220126T07:00:00+0000,0.525226,16402
20220126T08:00:00+0000,0.529662,16402
20220126T09:00:00+0000,0.549233,16402
20220126T10:00:00+0000,0.552806,16402
20220126T11:00:00+0000,0.58184,16402
20220126T12:00:00+0000,0.634695,16402
20220126T13:00:00+0000,0.727642,16402
20220126T14:00:00+0000,0.82683,16402
20220126T15:00:00+0000,0.87072,16402
20220126T16:00:00+0000,0.813434,16402
20220126T17:00:00+0000,0.685793,16386
20220126T18:00:00+0000,0.572787,16386
20220126T19:00:00+0000,0.489791,16386
20220126T20:00:00+0000,0.447955,16386
20220126T21:00:00+0000,0.414714,16386
20220126T22:00:00+0000,0.4351,16386
20220126T23:00:00+0000,0.489969,16386
20220127T00:00:00+0000,0.570188,16386
20220127T01:00:00+0000,0.652192,16386
20220127T02:00:00+0000,0.687606,16402
20220127T03:00:00+0000,0.687151,16402
20220127T04:00:00+0000,0.684403,16402
20220127T05:00:00+0000,0.629739,16402
20220127T06:00:00+0000,0.579865,16402
20220127T07:00:00+0000,0.538711,16402
20220127T08:00:00+0000,0.531557,16402
20220127T09:00:00+0000,0.522661,16402
20220127T10:00:00+0000,0.530743,16402
20220127T11:00:00+0000,0.552596,16402
20220127T12:00:00+0000,0.586442,16402
20220127T13:00:00+0000,0.659407,16402
20220127T14:00:00+0000,0.765163,16402
20220127T15:00:00+0000,0.790629,16402
20220127T16:00:00+0000,0.726768,16402
20220127T17:00:00+0000,0.620341,16386
20220127T18:00:00+0000,0.51219,16386
20220127T19:00:00+0000,0.453895,16386
20220127T20:00:00+0000,0.403391,16386
20220127T21:00:00+0000,0.384291,16386
20220127T22:00:00+0000,0.397604,16386
20220127T23:00:00+0000,0.456995,16386
20220128T00:00:00+0000,0.529607,16386
20220128T01:00:00+0000,0.607253,16386
20220128T02:00:00+0000,0.656883,16402
20220128T03:00:00+0000,0.655924,16402
20220128T04:00:00+0000,0.645159,16402
20220128T05:00:00+0000,0.599695,16402
20220128T06:00:00+0000,0.540291,16402
20220128T07:00:00+0000,0.519212,16402
20220128T08:00:00+0000,0.503852,16402
20220128T09:00:00+0000,0.513374,16402
20220128T10:00:00+0000,0.51829,16402
20220128T11:00:00+0000,0.536251,16402
20220128T12:00:00+0000,0.565057,16402
20220128T13:00:00+0000,0.632373,16402
20220128T14:00:00+0000,0.720256,16402
20220128T15:00:00+0000,0.778491,16402
20220128T16:00:00+0000,0.741731,16402
20220128T17:00:00+0000,0.674919,16386
20220128T18:00:00+0000,0.542727,16386
20220128T19:00:00+0000,0.45399,16386
20220128T20:00:00+0000,0.419468,16386
20220128T21:00:00+0000,0.391978,16386
20220128T22:00:00+0000,0.397968,16386
20220128T23:00:00+0000,0.442731,16386
20220129T00:00:00+0000,0.520369,16386
20220129T01:00:00+0000,0.588943,16386
20220129T02:00:00+0000,0.621952,16402
20220129T03:00:00+0000,0.636687,16402
20220129T04:00:00+0000,0.628083,16402
20220129T05:00:00+0000,0.595466,16402
20220129T06:00:00+0000,0.553326,16402
20220129T07:00:00+0000,0.533848,16402
20220129T08:00:00+0000,0.52381,16402
20220129T09:00:00+0000,0.528506,16402
20220129T10:00:00+0000,0.532045,16402
20220129T11:00:00+0000,0.557016,16402
20220129T12:00:00+0000,0.596438,16402
20220129T13:00:00+0000,0.656053,16402
20220129T14:00:00+0000,0.717124,16402
20220129T15:00:00+0000,0.783451,16402
20220129T16:00:00+0000,0.814521,16402
20220129T17:00:00+0000,0.72415,16386
20220129T18:00:00+0000,0.606911,16386
20220129T19:00:00+0000,0.537243,16386
20220129T20:00:00+0000,0.45599,16386
20220129T21:00:00+0000,0.428632,16386
20220129T22:00:00+0000,0.436571,16386
20220129T23:00:00+0000,0.470719,16386
20220130T00:00:00+0000,0.540899,16386
20220130T01:00:00+0000,0.59674,16386
20220130T02:00:00+0000,0.622746,16402
20220130T03:00:00+0000,0.619483,16402
20220130T04:00:00+0000,0.609362,16402
20220130T05:00:00+0000,0.589653,16402
20220130T06:00:00+0000,0.569663,16402
20220130T07:00:00+0000,0.538082,16402
20220130T08:00:00+0000,0.515663,16402
20220130T09:00:00+0000,0.503761,16402
20220130T10:00:00+0000,0.504612,16402
20220130T11:00:00+0000,0.501742,16402
20220130T12:00:00+0000,0.524054,16402
20220130T13:00:00+0000,0.55667,16402
20220130T14:00:00+0000,0.596865,16402
20220130T15:00:00+0000,0.677857,16402
20220130T16:00:00+0000,0.726217,16402
20220130T17:00:00+0000,0.689091,16386
20220130T18:00:00+0000,0.623599,16386
20220130T19:00:00+0000,0.597472,16386
20220130T20:00:00+0000,0.626076,16386
20220130T21:00:00+0000,0.620188,16386
20220130T22:00:00+0000,0.610556,16386
20220130T23:00:00+0000,0.602138,16386
20220131T00:00:00+0000,0.642035,16386
20220131T01:00:00+0000,0.669789,16386
20220131T02:00:00+0000,0.661363,16402
20220131T03:00:00+0000,0.653232,16402
20220131T04:00:00+0000,0.612043,16402
20220131T05:00:00+0000,0.564217,16402
20220131T06:00:00+0000,0.514272,16402
20220131T07:00:00+0000,0.470371,16402
20220131T08:00:00+0000,0.455922,16402
20220131T09:00:00+0000,0.448903,16402
20220131T10:00:00+0000,0.452147,16402
20220131T11:00:00+0000,0.468604,16402
20220131T12:00:00+0000,0.512784,16402
20220131T13:00:00+0000,0.578839,16402
20220131T14:00:00+0000,0.689244,16402
20220131T15:00:00+0000,0.733971,16402
20220131T16:00:00+0000,0.69014,16402
20220131T17:00:00+0000,0.626279,16386
20220131T18:00:00+0000,0.556007,16386
20220131T19:00:00+0000,0.491275,16386
20220131T20:00:00+0000,0.560023,16386
20220131T21:00:00+0000,0.471221,16386
20220131T22:00:00+0000,0.506075,16386
20220131T23:00:00+0000,0.491038,16386
20220201T00:00:00+0000,0.565178,16386
20220201T01:00:00+0000,0.650598,16386
20220201T02:00:00+0000,0.679664,16402
20220201T03:00:00+0000,0.680857,16402
20220201T04:00:00+0000,0.652478,16402
20220201T05:00:00+0000,0.614789,16402
20220201T06:00:00+0000,0.55504,16402
20220201T07:00:00+0000,0.527338,16402
20220201T08:00:00+0000,0.515522,16402
20220201T09:00:00+0000,0.502208,16402
20220201T10:00:00+0000,0.510687,16402
20220201T11:00:00+0000,0.5431,16402
20220201T12:00:00+0000,0.585768,16402
20220201T13:00:00+0000,0.661235,16402
20220201T14:00:00+0000,0.75269,16402
20220201T15:00:00+0000,0.795866,16402
20220201T16:00:00+0000,0.75565,16402
20220201T17:00:00+0000,0.683159,16386
20220201T18:00:00+0000,0.595954,16386
20220201T19:00:00+0000,0.505361,16386
20220201T20:00:00+0000,0.440436,16386
20220201T21:00:00+0000,0.448247,16386
20220201T22:00:00+0000,0.513018,16386
20220201T23:00:00+0000,0.55821,16386
20220202T00:00:00+0000,0.607459,16386
20220202T01:00:00+0000,0.668346,16386
20220202T02:00:00+0000,0.685199,16402
20220202T03:00:00+0000,0.667375,16402
20220202T04:00:00+0000,0.64058,16402
20220202T05:00:00+0000,0.589064,16402
20220202T06:00:00+0000,0.533475,16402
20220202T07:00:00+0000,0.473998,16402
20220202T08:00:00+0000,0.45361,16402
20220202T09:00:00+0000,0.452917,16402
20220202T10:00:00+0000,0.442755,16402
20220202T11:00:00+0000,0.464487,16402
20220202T12:00:00+0000,0.488453,16402
20220202T13:00:00+0000,0.547276,16402
20220202T14:00:00+0000,0.63239,16402
20220202T15:00:00+0000,0.659658,16402
20220202T16:00:00+0000,0.649261,16402
20220202T17:00:00+0000,0.649813,16386
20220202T18:00:00+0000,0.632785,16386
20220202T19:00:00+0000,0.615221,16386
20220202T20:00:00+0000,0.592865,16386
20220202T21:00:00+0000,0.572238,16386
20220202T22:00:00+0000,0.568825,16386
20220202T23:00:00+0000,0.57602,16386
20220203T00:00:00+0000,0.62224,16386
20220203T01:00:00+0000,0.645327,16386
20220203T02:00:00+0000,0.67144,16402
20220203T03:00:00+0000,0.644997,16402
20220203T04:00:00+0000,0.617211,16402
20220203T05:00:00+0000,0.560411,16402
20220203T06:00:00+0000,0.508361,16402
20220203T07:00:00+0000,0.448084,16402
20220203T08:00:00+0000,0.427672,16402
20220203T09:00:00+0000,0.414968,16402
20220203T10:00:00+0000,0.414349,16402
20220203T11:00:00+0000,0.42884,16402
20220203T12:00:00+0000,0.463301,16402
20220203T13:00:00+0000,0.518574,16402
20220203T14:00:00+0000,0.611654,16402
20220203T15:00:00+0000,0.656503,16402
20220203T16:00:00+0000,0.650896,16402
20220203T17:00:00+0000,0.626519,16386
20220203T18:00:00+0000,0.573569,16386
20220203T19:00:00+0000,0.499174,16386
20220203T20:00:00+0000,0.464678,16386
20220203T21:00:00+0000,0.36695,16386
20220203T22:00:00+0000,0.39561,16386
20220203T23:00:00+0000,0.415888,16386
20220204T00:00:00+0000,0.467704,16386
20220204T01:00:00+0000,0.537418,16386
20220204T02:00:00+0000,0.59236,16402
20220204T03:00:00+0000,0.583112,16402
20220204T04:00:00+0000,0.569826,16402
20220204T05:00:00+0000,0.533584,16402
20220204T06:00:00+0000,0.503309,16402
20220204T07:00:00+0000,0.47391,16402
20220204T08:00:00+0000,0.464187,16402
20220204T09:00:00+0000,0.464959,16402
20220204T10:00:00+0000,0.465846,16402
20220204T11:00:00+0000,0.476136,16402
20220204T12:00:00+0000,0.489471,16402
20220204T13:00:00+0000,0.537668,16402
20220204T14:00:00+0000,0.60689,16402
20220204T15:00:00+0000,0.65584,16402
20220204T16:00:00+0000,0.657076,16386
20220204T17:00:00+0000,0.641741,16386
20220204T18:00:00+0000,0.645604,16386
20220204T19:00:00+0000,0.590346,16386
20220204T20:00:00+0000,0.532258,16386
20220204T21:00:00+0000,0.528683,16386
20220204T22:00:00+0000,0.53226,16386
20220204T23:00:00+0000,0.5537,16386
20220205T00:00:00+0000,0.57855,16386
20220205T01:00:00+0000,0.61517,16386
20220205T02:00:00+0000,0.602125,16402
20220205T03:00:00+0000,0.594788,16402
20220205T04:00:00+0000,0.567997,16402
20220205T05:00:00+0000,0.53008,16402
20220205T06:00:00+0000,0.489359,16402
20220205T07:00:00+0000,0.453965,16402
20220205T08:00:00+0000,0.429529,16402
20220205T09:00:00+0000,0.428807,16402
20220205T10:00:00+0000,0.416071,16402
20220205T11:00:00+0000,0.425335,16402
20220205T12:00:00+0000,0.449836,16402
20220205T13:00:00+0000,0.493628,16402
20220205T14:00:00+0000,0.518859,16402
20220205T15:00:00+0000,0.562389,16402
20220205T16:00:00+0000,0.617446,16386
20220205T17:00:00+0000,0.611764,16386
20220205T18:00:00+0000,0.550823,16386
20220205T19:00:00+0000,0.542718,16386
20220205T20:00:00+0000,0.557178,16386
20220205T21:00:00+0000,0.539516,16386
20220205T22:00:00+0000,0.488741,16386
20220205T23:00:00+0000,0.449316,16386
20220206T00:00:00+0000,0.485168,16386
20220206T01:00:00+0000,0.548973,16386
20220206T02:00:00+0000,0.589834,16402
20220206T03:00:00+0000,0.562749,16402
20220206T04:00:00+0000,0.546411,16402
20220206T05:00:00+0000,0.535751,16402
20220206T06:00:00+0000,0.49173,16402
20220206T07:00:00+0000,0.462159,16402
20220206T08:00:00+0000,0.454784,16402
20220206T09:00:00+0000,0.457597,16402
20220206T10:00:00+0000,0.462753,16402
20220206T11:00:00+0000,0.484742,16402
20220206T12:00:00+0000,0.514312,16402
20220206T13:00:00+0000,0.556013,16402
20220206T14:00:00+0000,0.60743,16402
20220206T15:00:00+0000,0.661019,16402
20220206T16:00:00+0000,0.724454,16386
20220206T17:00:00+0000,0.694933,16386
20220206T18:00:00+0000,0.624635,16386
20220206T19:00:00+0000,0.601881,16386
20220206T20:00:00+0000,0.57773,16386
20220206T21:00:00+0000,0.474314,16386
20220206T22:00:00+0000,0.392522,16386
20220206T23:00:00+0000,0.433283,16386
20220207T00:00:00+0000,0.509514,16386
20220207T01:00:00+0000,0.606846,16386
20220207T02:00:00+0000,0.64986,16402
20220207T03:00:00+0000,0.658735,16402
20220207T04:00:00+0000,0.647169,16402
20220207T05:00:00+0000,0.614217,16402
20220207T06:00:00+0000,0.558196,16402
20220207T07:00:00+0000,0.500612,16402
20220207T08:00:00+0000,0.479216,16402
20220207T09:00:00+0000,0.462897,16402
20220207T10:00:00+0000,0.465267,16402
20220207T11:00:00+0000,0.469509,16402
20220207T12:00:00+0000,0.516907,16402
20220207T13:00:00+0000,0.593855,16402
20220207T14:00:00+0000,0.684566,16402
20220207T15:00:00+0000,0.69004,16402
20220207T16:00:00+0000,0.6624,16386
20220207T17:00:00+0000,0.634797,16386
20220207T18:00:00+0000,0.601704,16386
20220207T19:00:00+0000,0.571878,16386
20220207T20:00:00+0000,0.533873,16386
20220207T21:00:00+0000,0.469056,16386
20220207T22:00:00+0000,0.446117,16386
20220207T23:00:00+0000,0.427989,16386
20220208T00:00:00+0000,0.489077,16386
20220208T01:00:00+0000,0.568408,16386
20220208T02:00:00+0000,0.632382,16402
20220208T03:00:00+0000,0.630299,16402
20220208T04:00:00+0000,0.590652,16402
20220208T05:00:00+0000,0.551206,16402
20220208T06:00:00+0000,0.495523,16402
20220208T07:00:00+0000,0.454084,16402
20220208T08:00:00+0000,0.438393,16402
20220208T09:00:00+0000,0.431524,16402
20220208T10:00:00+0000,0.449051,16402
20220208T11:00:00+0000,0.46399,16402
20220208T12:00:00+0000,0.510771,16402
20220208T13:00:00+0000,0.575631,16402
20220208T14:00:00+0000,0.672313,16402
20220208T15:00:00+0000,0.711161,16402
20220208T16:00:00+0000,0.671416,16386
20220208T17:00:00+0000,0.632405,16386
20220208T18:00:00+0000,0.561806,16386
20220208T19:00:00+0000,0.55206,16386
20220208T20:00:00+0000,0.490405,16386
20220208T21:00:00+0000,0.373028,16386
20220208T22:00:00+0000,0.446154,16386
20220208T23:00:00+0000,0.462425,16386
20220209T00:00:00+0000,0.514924,16386
20220209T01:00:00+0000,0.565539,16386
20220209T02:00:00+0000,0.619438,16386
20220209T03:00:00+0000,0.605925,16402
20220209T04:00:00+0000,0.57175,16402
20220209T05:00:00+0000,0.543558,16402
20220209T06:00:00+0000,0.491349,16402
20220209T07:00:00+0000,0.456216,16402
20220209T08:00:00+0000,0.426345,16402
20220209T09:00:00+0000,0.425014,16402
20220209T10:00:00+0000,0.430988,16402
20220209T11:00:00+0000,0.44045,16402
20220209T12:00:00+0000,0.473917,16402
20220209T13:00:00+0000,0.552921,16402
20220209T14:00:00+0000,0.640762,16402
20220209T15:00:00+0000,0.674912,16402
20220209T16:00:00+0000,0.638704,16386
20220209T17:00:00+0000,0.580895,16386
20220209T18:00:00+0000,0.483757,16386
20220209T19:00:00+0000,0.437511,16386
20220209T20:00:00+0000,0.331107,16386
20220209T21:00:00+0000,0.308571,16386
20220209T22:00:00+0000,0.328176,16386
20220209T23:00:00+0000,0.352913,16386
20220210T00:00:00+0000,0.426586,16386
20220210T01:00:00+0000,0.50177,16386
20220210T02:00:00+0000,0.556509,16386
20220210T03:00:00+0000,0.55313,16402
20220210T04:00:00+0000,0.535996,16402
20220210T05:00:00+0000,0.491276,16402
20220210T06:00:00+0000,0.446093,16402
20220210T07:00:00+0000,0.407637,16402
20220210T08:00:00+0000,0.38967,16402
20220210T09:00:00+0000,0.395483,16402
20220210T10:00:00+0000,0.403259,16402
20220210T11:00:00+0000,0.419346,16402
20220210T12:00:00+0000,0.45793,16402
20220210T13:00:00+0000,0.524115,16402
20220210T14:00:00+0000,0.602492,16402
20220210T15:00:00+0000,0.640325,16402
20220210T16:00:00+0000,0.617082,16386
20220210T17:00:00+0000,0.592587,16386
20220210T18:00:00+0000,0.549912,16386
20220210T19:00:00+0000,0.539373,16386
20220210T20:00:00+0000,0.535195,16386
20220210T21:00:00+0000,0.527964,16386
20220210T22:00:00+0000,0.509149,16386
20220210T23:00:00+0000,0.497396,16386
20220211T00:00:00+0000,0.520397,16386
20220211T01:00:00+0000,0.569705,16386
20220211T02:00:00+0000,0.601333,16386
20220211T03:00:00+0000,0.604089,16402
20220211T04:00:00+0000,0.582684,16402
20220211T05:00:00+0000,0.52755,16402
20220211T06:00:00+0000,0.468697,16402
20220211T07:00:00+0000,0.426215,16402
20220211T08:00:00+0000,0.411931,16402
20220211T09:00:00+0000,0.397126,16402
20220211T10:00:00+0000,0.396326,16402
20220211T11:00:00+0000,0.402617,16402
20220211T12:00:00+0000,0.432385,16402
20220211T13:00:00+0000,0.490363,16402
20220211T14:00:00+0000,0.552177,16402
20220211T15:00:00+0000,0.579538,16402
20220211T16:00:00+0000,0.562111,16386
20220211T17:00:00+0000,0.489736,16386
20220211T18:00:00+0000,0.373085,16386
20220211T19:00:00+0000,0.337614,16386
20220211T20:00:00+0000,0.2994,16386
20220211T21:00:00+0000,0.278926,16386
20220211T22:00:00+0000,0.278335,16386
20220211T23:00:00+0000,0.311315,16386
20220212T00:00:00+0000,0.394498,16386
20220212T01:00:00+0000,0.453617,16386
20220212T02:00:00+0000,0.486439,16386
20220212T03:00:00+0000,0.490646,16402
20220212T04:00:00+0000,0.48644,16402
20220212T05:00:00+0000,0.459042,16402
20220212T06:00:00+0000,0.428941,16402
20220212T07:00:00+0000,0.396542,16402
20220212T08:00:00+0000,0.370314,16402
20220212T09:00:00+0000,0.364049,16402
20220212T10:00:00+0000,0.3596,16402
20220212T11:00:00+0000,0.371078,16402
20220212T12:00:00+0000,0.390917,16402
20220212T13:00:00+0000,0.427803,16402
20220212T14:00:00+0000,0.475473,16402
20220212T15:00:00+0000,0.542043,16402
20220212T16:00:00+0000,0.519349,16386
20220212T17:00:00+0000,0.432458,16386
20220212T18:00:00+0000,0.344814,16386
20220212T19:00:00+0000,0.299306,16386
20220212T20:00:00+0000,0.27518,16386
20220212T21:00:00+0000,0.241346,16386
20220212T22:00:00+0000,0.242547,16386
20220212T23:00:00+0000,0.293352,16386
20220213T00:00:00+0000,0.361673,16386
20220213T01:00:00+0000,0.437912,16386
20220213T02:00:00+0000,0.47486,16386
20220213T03:00:00+0000,0.468471,16402
20220213T04:00:00+0000,0.472537,16402
20220213T05:00:00+0000,0.453586,16402
20220213T06:00:00+0000,0.419164,16402
20220213T07:00:00+0000,0.393782,16402
20220213T08:00:00+0000,0.379695,16402
20220213T09:00:00+0000,0.376442,16402
20220213T10:00:00+0000,0.377015,16402
20220213T11:00:00+0000,0.394529,16402
20220213T12:00:00+0000,0.432456,16402
20220213T13:00:00+0000,0.488258,16402
20220213T14:00:00+0000,0.532502,16402
20220213T15:00:00+0000,0.598562,16402
20220213T16:00:00+0000,0.600912,16386
20220213T17:00:00+0000,0.517437,16386
20220213T18:00:00+0000,0.427027,16386
20220213T19:00:00+0000,0.36818,16386
20220213T20:00:00+0000,0.317285,16386
20220213T21:00:00+0000,0.335606,16386
20220213T22:00:00+0000,0.394272,16386
20220213T23:00:00+0000,0.405539,16386
20220214T00:00:00+0000,0.438701,16386
20220214T01:00:00+0000,0.492611,16386
20220214T02:00:00+0000,0.520238,16386
20220214T03:00:00+0000,0.537061,16402
20220214T04:00:00+0000,0.530879,16402
20220214T05:00:00+0000,0.48687,16402
20220214T06:00:00+0000,0.432771,16402
20220214T07:00:00+0000,0.376059,16402
20220214T08:00:00+0000,0.357777,16402
20220214T09:00:00+0000,0.36347,16402
20220214T10:00:00+0000,0.35588,16402
20220214T11:00:00+0000,0.371208,16402
20220214T12:00:00+0000,0.397856,16402
20220214T13:00:00+0000,0.473012,16402
20220214T14:00:00+0000,0.559949,16402
20220214T15:00:00+0000,0.590148,16402
20220214T16:00:00+0000,0.558176,16386
20220214T17:00:00+0000,0.568141,16386
20220214T18:00:00+0000,0.526889,16386
20220214T19:00:00+0000,0.476831,16386
20220214T20:00:00+0000,0.498885,16386
20220214T21:00:00+0000,0.47343,16386
20220214T22:00:00+0000,0.373806,16386
20220214T23:00:00+0000,0.470933,16386
20220215T00:00:00+0000,0.507204,16386
20220215T01:00:00+0000,0.555672,16386
20220215T02:00:00+0000,0.594181,16386
20220215T03:00:00+0000,0.596374,16402
20220215T04:00:00+0000,0.583622,16402
20220215T05:00:00+0000,0.534475,16402
20220215T06:00:00+0000,0.476015,16402
20220215T07:00:00+0000,0.42932,16402
20220215T08:00:00+0000,0.431223,16402
20220215T09:00:00+0000,0.419003,16402
20220215T10:00:00+0000,0.413488,16402
20220215T11:00:00+0000,0.427966,16402
20220215T12:00:00+0000,0.466307,16402
20220215T13:00:00+0000,0.530341,16402
20220215T14:00:00+0000,0.604392,16402
20220215T15:00:00+0000,0.626512,16402
20220215T16:00:00+0000,0.606078,16386
20220215T17:00:00+0000,0.585574,16386
20220215T18:00:00+0000,0.572857,16386
20220215T19:00:00+0000,0.584369,16386
20220215T20:00:00+0000,0.567368,16386
20220215T21:00:00+0000,0.552285,16386
20220215T22:00:00+0000,0.544341,16386
20220215T23:00:00+0000,0.547135,16386
20220216T00:00:00+0000,0.568101,16386
20220216T01:00:00+0000,0.605786,16386
20220216T02:00:00+0000,0.641091,16386
20220216T03:00:00+0000,0.615509,16402
20220216T04:00:00+0000,0.587672,16402
20220216T05:00:00+0000,0.549543,16402
20220216T06:00:00+0000,0.481806,16402
20220216T07:00:00+0000,0.44715,16402
20220216T08:00:00+0000,0.427914,16402
20220216T09:00:00+0000,0.414964,16402
20220216T10:00:00+0000,0.40462,16402
20220216T11:00:00+0000,0.410729,16402
20220216T12:00:00+0000,0.448429,16402
20220216T13:00:00+0000,0.513368,16402
20220216T14:00:00+0000,0.59992,16402
20220216T15:00:00+0000,0.620878,16402
20220216T16:00:00+0000,0.598365,16386
20220216T17:00:00+0000,0.495351,16386
20220216T18:00:00+0000,0.366106,16386
20220216T19:00:00+0000,0.356912,16386
20220216T20:00:00+0000,0.446675,16386
20220216T21:00:00+0000,0.421396,16386
20220216T22:00:00+0000,0.431559,16386
20220216T23:00:00+0000,0.486909,16386
20220217T00:00:00+0000,0.510384,16386
20220217T01:00:00+0000,0.556521,16386
20220217T02:00:00+0000,0.58071,16386
20220217T03:00:00+0000,0.56565,16402
20220217T04:00:00+0000,0.537853,16402
20220217T05:00:00+0000,0.490615,16402
20220217T06:00:00+0000,0.445537,16402
20220217T07:00:00+0000,0.407853,16402
20220217T08:00:00+0000,0.402122,16402
20220217T09:00:00+0000,0.399077,16402
20220217T10:00:00+0000,0.410152,16402
20220217T11:00:00+0000,0.443134,16402
20220217T12:00:00+0000,0.494145,16402
20220217T13:00:00+0000,0.569062,16402
20220217T14:00:00+0000,0.652958,16402
20220217T15:00:00+0000,0.683947,16402
20220217T16:00:00+0000,0.636771,16386
20220217T17:00:00+0000,0.618883,16386
20220217T18:00:00+0000,0.586424,16386
20220217T19:00:00+0000,0.575861,16386
20220217T20:00:00+0000,0.537903,16386
20220217T21:00:00+0000,0.518887,16386
20220217T22:00:00+0000,0.47795,16386
20220217T23:00:00+0000,0.505101,16386
20220218T00:00:00+0000,0.555714,16386
20220218T01:00:00+0000,0.567605,16386
20220218T02:00:00+0000,0.601291,16386
20220218T03:00:00+0000,0.603809,16402
20220218T04:00:00+0000,0.586132,16402
20220218T05:00:00+0000,0.550948,16402
20220218T06:00:00+0000,0.504319,16402
20220218T07:00:00+0000,0.483961,16402
20220218T08:00:00+0000,0.472673,16402
20220218T09:00:00+0000,0.466125,16402
20220218T10:00:00+0000,0.455214,16402
20220218T11:00:00+0000,0.467123,16402
20220218T12:00:00+0000,0.506078,16402
20220218T13:00:00+0000,0.587427,16402
20220218T14:00:00+0000,0.647789,16402
20220218T15:00:00+0000,0.671024,16402
20220218T16:00:00+0000,0.632972,16386
20220218T17:00:00+0000,0.558834,16386
20220218T18:00:00+0000,0.44073,16386
20220218T19:00:00+0000,0.373487,16386
20220218T20:00:00+0000,0.329901,16386
20220218T21:00:00+0000,0.281123,16386
20220218T22:00:00+0000,0.296582,16386
20220218T23:00:00+0000,0.346669,16386
20220219T00:00:00+0000,0.408779,16386
20220219T01:00:00+0000,0.491371,16386
20220219T02:00:00+0000,0.535747,16386
20220219T03:00:00+0000,0.52324,16402
20220219T04:00:00+0000,0.505597,16402
20220219T05:00:00+0000,0.480565,16402
20220219T06:00:00+0000,0.457411,16402
20220219T07:00:00+0000,0.43464,16402
20220219T08:00:00+0000,0.42456,16402
20220219T09:00:00+0000,0.420041,16402
20220219T10:00:00+0000,0.42179,16402
20220219T11:00:00+0000,0.428746,16402
20220219T12:00:00+0000,0.459351,16402
20220219T13:00:00+0000,0.495772,16402
20220219T14:00:00+0000,0.536576,16402
20220219T15:00:00+0000,0.598082,16402
20220219T16:00:00+0000,0.616395,16386
20220219T17:00:00+0000,0.623153,16386
20220219T18:00:00+0000,0.538717,16386
20220219T19:00:00+0000,0.474832,16386
20220219T20:00:00+0000,0.527047,16386
20220219T21:00:00+0000,0.514259,16386
20220219T22:00:00+0000,0.450848,16386
20220219T23:00:00+0000,0.478882,16386
20220220T00:00:00+0000,0.502875,16386
20220220T01:00:00+0000,0.525802,16386
20220220T02:00:00+0000,0.563569,16386
20220220T03:00:00+0000,0.548312,16402
20220220T04:00:00+0000,0.521799,16402
20220220T05:00:00+0000,0.484893,16402
20220220T06:00:00+0000,0.46038,16402
20220220T07:00:00+0000,0.423848,16402
20220220T08:00:00+0000,0.396566,16402
20220220T09:00:00+0000,0.397188,16402
20220220T10:00:00+0000,0.388261,16402
20220220T11:00:00+0000,0.391493,16402
20220220T12:00:00+0000,0.411329,16402
20220220T13:00:00+0000,0.444166,16402
20220220T14:00:00+0000,0.483598,16402
20220220T15:00:00+0000,0.543244,16402
20220220T16:00:00+0000,0.543773,16386
20220220T17:00:00+0000,0.521698,16386
20220220T18:00:00+0000,0.400204,16386
20220220T19:00:00+0000,0.380226,16386
20220220T20:00:00+0000,0.404228,16386
20220220T21:00:00+0000,0.33211,16386
20220220T22:00:00+0000,0.368285,16386
20220220T23:00:00+0000,0.424008,16386
20220221T00:00:00+0000,0.492063,16386
20220221T01:00:00+0000,0.571459,16386
20220221T02:00:00+0000,0.611093,16386
20220221T03:00:00+0000,0.592271,16402
20220221T04:00:00+0000,0.58677,16402
20220221T05:00:00+0000,0.544752,16402
20220221T06:00:00+0000,0.495136,16402
20220221T07:00:00+0000,0.478212,16402
20220221T08:00:00+0000,0.456592,16402
20220221T09:00:00+0000,0.441511,16402
20220221T10:00:00+0000,0.439606,16402
20220221T11:00:00+0000,0.455679,16402
20220221T12:00:00+0000,0.493691,16402
20220221T13:00:00+0000,0.548097,16402
20220221T14:00:00+0000,0.610127,16402
20220221T15:00:00+0000,0.652583,16402
20220221T16:00:00+0000,0.659981,16386
20220221T17:00:00+0000,0.610823,16386
20220221T18:00:00+0000,0.58768,16386
20220221T19:00:00+0000,0.622101,16386
20220221T20:00:00+0000,0.564653,16386
20220221T21:00:00+0000,0.561625,16386
20220221T22:00:00+0000,0.460636,16386
20220221T23:00:00+0000,0.456788,16386
20220222T00:00:00+0000,0.598159,16386
20220222T01:00:00+0000,0.667454,16386
20220222T02:00:00+0000,0.710456,16386
20220222T03:00:00+0000,0.696317,16402
20220222T04:00:00+0000,0.656845,16402
20220222T05:00:00+0000,0.622819,16402
20220222T06:00:00+0000,0.553892,16402
20220222T07:00:00+0000,0.519204,16402
20220222T08:00:00+0000,0.493049,16402
20220222T09:00:00+0000,0.501343,16402
20220222T10:00:00+0000,0.500251,16402
20220222T11:00:00+0000,0.522558,16402
20220222T12:00:00+0000,0.575367,16402
20220222T13:00:00+0000,0.655225,16402
20220222T14:00:00+0000,0.74676,16402
20220222T15:00:00+0000,0.802104,16402
20220222T16:00:00+0000,0.720401,16386
20220222T17:00:00+0000,0.602567,16386
20220222T18:00:00+0000,0.515133,16386
20220222T19:00:00+0000,0.470516,16386
20220222T20:00:00+0000,0.442677,16386
20220222T21:00:00+0000,0.420135,16386
20220222T22:00:00+0000,0.42145,16386
20220222T23:00:00+0000,0.471626,16386
20220223T00:00:00+0000,0.561406,16386
20220223T01:00:00+0000,0.682359,16386
20220223T02:00:00+0000,0.784809,16386
20220223T03:00:00+0000,0.800141,16402
20220223T04:00:00+0000,0.786981,16402
20220223T05:00:00+0000,0.743693,16402
20220223T06:00:00+0000,0.696747,16402
20220223T07:00:00+0000,0.661526,16402
20220223T08:00:00+0000,0.647766,16402
20220223T09:00:00+0000,0.648411,16402
20220223T10:00:00+0000,0.667399,16402
20220223T11:00:00+0000,0.686979,16402
20220223T12:00:00+0000,0.732051,16402
20220223T13:00:00+0000,0.813436,16402
20220223T14:00:00+0000,0.923448,16402
20220223T15:00:00+0000,0.960614,16402
20220223T16:00:00+0000,0.823905,16386
20220223T17:00:00+0000,0.704503,16386
20220223T18:00:00+0000,0.604095,16386
20220223T19:00:00+0000,0.543486,16386
20220223T20:00:00+0000,0.491274,16386
20220223T21:00:00+0000,0.462177,16386
20220223T22:00:00+0000,0.465101,16386
20220223T23:00:00+0000,0.506325,16386
20220224T00:00:00+0000,0.573602,16386
20220224T01:00:00+0000,0.685086,16386
20220224T02:00:00+0000,0.752336,16386
20220224T03:00:00+0000,0.771671,16402
20220224T04:00:00+0000,0.756422,16402
20220224T05:00:00+0000,0.734955,16402
20220224T06:00:00+0000,0.676875,16402
20220224T07:00:00+0000,0.647688,16402
20220224T08:00:00+0000,0.625207,16402
20220224T09:00:00+0000,0.625996,16402
20220224T10:00:00+0000,0.612604,16402
20220224T11:00:00+0000,0.621669,16402
20220224T12:00:00+0000,0.65778,16402
20220224T13:00:00+0000,0.721626,16402
20220224T14:00:00+0000,0.801212,16402
20220224T15:00:00+0000,0.849156,16402
20220224T16:00:00+0000,0.797791,16386
20220224T17:00:00+0000,0.773242,16386
20220224T18:00:00+0000,0.74497,16386
20220224T19:00:00+0000,0.680284,16386
20220224T20:00:00+0000,0.63262,16386
20220224T21:00:00+0000,0.596382,16386
20220224T22:00:00+0000,0.573811,16386
20220224T23:00:00+0000,0.561282,16386
20220225T00:00:00+0000,0.634492,16386
20220225T01:00:00+0000,0.67832,16386
20220225T02:00:00+0000,0.705046,16386
20220225T03:00:00+0000,0.707645,16402
20220225T04:00:00+0000,0.690479,16402
20220225T05:00:00+0000,0.653448,16402
20220225T06:00:00+0000,0.615662,16402
20220225T07:00:00+0000,0.587189,16402
20220225T08:00:00+0000,0.592838,16402
20220225T09:00:00+0000,0.596287,16402
20220225T10:00:00+0000,0.614107,16402
20220225T11:00:00+0000,0.637672,16402
20220225T12:00:00+0000,0.665744,16402
20220225T13:00:00+0000,0.750175,16402
20220225T14:00:00+0000,0.850831,16402
20220225T15:00:00+0000,0.872485,16402
20220225T16:00:00+0000,0.752332,16386
20220225T17:00:00+0000,0.627791,16386
20220225T18:00:00+0000,0.521993,16386
20220225T19:00:00+0000,0.441389,16386
20220225T20:00:00+0000,0.40539,16386
20220225T21:00:00+0000,0.373959,16386
20220225T22:00:00+0000,0.378182,16386
20220225T23:00:00+0000,0.418055,16386
20220226T00:00:00+0000,0.504205,16386
20220226T01:00:00+0000,0.569904,16386
20220226T02:00:00+0000,0.639948,16386
20220226T03:00:00+0000,0.625278,16402
20220226T04:00:00+0000,0.621998,16402
20220226T05:00:00+0000,0.61263,16402
20220226T06:00:00+0000,0.59443,16402
20220226T07:00:00+0000,0.565984,16402
20220226T08:00:00+0000,0.538742,16402
20220226T09:00:00+0000,0.526911,16402
20220226T10:00:00+0000,0.537867,16402
20220226T11:00:00+0000,0.545915,16402
20220226T12:00:00+0000,0.567972,16402
20220226T13:00:00+0000,0.597055,16402
20220226T14:00:00+0000,0.66034,16402
20220226T15:00:00+0000,0.723295,16402
20220226T16:00:00+0000,0.722255,16386
20220226T17:00:00+0000,0.702371,16386
20220226T18:00:00+0000,0.644333,16386
20220226T19:00:00+0000,0.632432,16386
20220226T20:00:00+0000,0.65093,16386
20220226T21:00:00+0000,0.641665,16386
20220226T22:00:00+0000,0.621481,16386
20220226T23:00:00+0000,0.608715,16386
20220227T00:00:00+0000,0.629784,16386
20220227T01:00:00+0000,0.654645,16386
20220227T02:00:00+0000,0.655118,16386
20220227T03:00:00+0000,0.649279,16402
20220227T04:00:00+0000,0.602836,16402
20220227T05:00:00+0000,0.569609,16402
20220227T06:00:00+0000,0.530062,16402
20220227T07:00:00+0000,0.486369,16402
20220227T08:00:00+0000,0.458206,16402
20220227T09:00:00+0000,0.438153,16402
20220227T10:00:00+0000,0.417191,16402
20220227T11:00:00+0000,0.417801,16402
20220227T12:00:00+0000,0.432959,16402
20220227T13:00:00+0000,0.457787,16402
20220227T14:00:00+0000,0.488474,16402
20220227T15:00:00+0000,0.538699,16402
20220227T16:00:00+0000,0.574759,16386
20220227T17:00:00+0000,0.589326,16386
20220227T18:00:00+0000,0.548709,16386
20220227T19:00:00+0000,0.554446,16386
20220227T20:00:00+0000,0.536017,16386
20220227T21:00:00+0000,0.530626,16386
20220227T22:00:00+0000,0.558381,16386
20220227T23:00:00+0000,0.573874,16386
20220228T00:00:00+0000,0.59072,16386
20220228T01:00:00+0000,0.587587,16386
20220228T02:00:00+0000,0.587991,16386
20220228T03:00:00+0000,0.577292,16402
20220228T04:00:00+0000,0.553183,16402
20220228T05:00:00+0000,0.492735,16402
20220228T06:00:00+0000,0.43647,16402
20220228T07:00:00+0000,0.381763,16402
20220228T08:00:00+0000,0.361885,16402
20220228T09:00:00+0000,0.35165,16402
20220228T10:00:00+0000,0.339219,16402
20220228T11:00:00+0000,0.344832,16402
20220228T12:00:00+0000,0.373384,16402
20220228T13:00:00+0000,0.437761,16402
20220228T14:00:00+0000,0.506292,16402
20220228T15:00:00+0000,0.530862,16402
20220228T16:00:00+0000,0.526712,16386
20220228T17:00:00+0000,0.536451,16386
20220228T18:00:00+0000,0.539818,16386
20220228T19:00:00+0000,0.543373,16386
20220228T20:00:00+0000,0.527286,16386
20220228T21:00:00+0000,0.500199,16386
20220228T22:00:00+0000,0.50654,16386
20220228T23:00:00+0000,0.50302,16386
20220301T00:00:00+0000,0.513476,16386
20220301T01:00:00+0000,0.544661,16386
20220301T02:00:00+0000,0.569387,16386
20220301T03:00:00+0000,0.558653,16402
20220301T04:00:00+0000,0.517348,16402
20220301T05:00:00+0000,0.452624,16402
20220301T06:00:00+0000,0.402699,16402
20220301T07:00:00+0000,0.354783,16402
20220301T08:00:00+0000,0.338897,16402
20220301T09:00:00+0000,0.330672,16402
20220301T10:00:00+0000,0.321991,16402
20220301T11:00:00+0000,0.328406,16402
20220301T12:00:00+0000,0.353108,16402
20220301T13:00:00+0000,0.402262,16402
20220301T14:00:00+0000,0.486224,16402
20220301T15:00:00+0000,0.510648,16402
20220301T16:00:00+0000,0.495974,16386
20220301T17:00:00+0000,0.465979,16386
20220301T18:00:00+0000,0.46902,16386
20220301T19:00:00+0000,0.443847,16386
20220301T20:00:00+0000,0.432112,16386
20220301T21:00:00+0000,0.453624,16386
20220301T22:00:00+0000,0.43509,16386
20220301T23:00:00+0000,0.463924,16386
20220302T00:00:00+0000,0.49089,16386
20220302T01:00:00+0000,0.514677,16386
20220302T02:00:00+0000,0.529897,16386
20220302T03:00:00+0000,0.527406,16402
20220302T04:00:00+0000,0.505163,16402
20220302T05:00:00+0000,0.466122,16402
20220302T06:00:00+0000,0.403302,16402
20220302T07:00:00+0000,0.358853,16402
20220302T08:00:00+0000,0.334378,16402
20220302T09:00:00+0000,0.331336,16402
20220302T10:00:00+0000,0.327867,16402
20220302T11:00:00+0000,0.332866,16402
20220302T12:00:00+0000,0.360688,16402
20220302T13:00:00+0000,0.409855,16402
20220302T14:00:00+0000,0.479807,16402
20220302T15:00:00+0000,0.516342,16402
20220302T16:00:00+0000,0.504832,16386
20220302T17:00:00+0000,0.482152,16386
20220302T18:00:00+0000,0.495372,16386
20220302T19:00:00+0000,0.493415,16386
20220302T20:00:00+0000,0.497252,16386
20220302T21:00:00+0000,0.464814,16386
20220302T22:00:00+0000,0.462751,16386
20220302T23:00:00+0000,0.479132,16386
20220303T00:00:00+0000,0.497395,16386
20220303T01:00:00+0000,0.562163,16386
20220303T02:00:00+0000,0.572918,16386
20220303T03:00:00+0000,0.555594,16402
20220303T04:00:00+0000,0.53812,16402
20220303T05:00:00+0000,0.483847,16402
20220303T06:00:00+0000,0.437515,16402
20220303T07:00:00+0000,0.387408,16402
20220303T08:00:00+0000,0.37771,16402
20220303T09:00:00+0000,0.3728,16402
20220303T10:00:00+0000,0.372403,16402
20220303T11:00:00+0000,0.373977,16402
20220303T12:00:00+0000,0.414029,16402
20220303T13:00:00+0000,0.477037,16402
20220303T14:00:00+0000,0.55637,16402
20220303T15:00:00+0000,0.59608,16402
20220303T16:00:00+0000,0.506747,16386
20220303T17:00:00+0000,0.413352,16386
20220303T18:00:00+0000,0.34284,16386
20220303T19:00:00+0000,0.291068,16386
20220303T20:00:00+0000,0.367724,16386
20220303T21:00:00+0000,0.391161,16386
20220303T22:00:00+0000,0.330092,16386
20220303T23:00:00+0000,0.32951,16386
20220304T00:00:00+0000,0.393464,16386
20220304T01:00:00+0000,0.495818,16386
20220304T02:00:00+0000,0.558824,16386
20220304T03:00:00+0000,0.554911,16402
20220304T04:00:00+0000,0.543518,16402
20220304T05:00:00+0000,0.513223,16402
20220304T06:00:00+0000,0.482635,16402
20220304T07:00:00+0000,0.453348,16402
20220304T08:00:00+0000,0.454592,16402
20220304T09:00:00+0000,0.446619,16402
20220304T10:00:00+0000,0.449522,16402
20220304T11:00:00+0000,0.446787,16402
20220304T12:00:00+0000,0.467803,16402
20220304T13:00:00+0000,0.536455,16402
20220304T14:00:00+0000,0.600752,16402
20220304T15:00:00+0000,0.627202,16402
20220304T16:00:00+0000,0.63022,16386
20220304T17:00:00+0000,0.578447,16386
20220304T18:00:00+0000,0.533422,16386
20220304T19:00:00+0000,0.482732,16386
20220304T20:00:00+0000,0.366772,16386
20220304T21:00:00+0000,0.332597,16386
20220304T22:00:00+0000,0.370191,16386
20220304T23:00:00+0000,0.402293,16386
20220305T00:00:00+0000,0.414822,16386
20220305T01:00:00+0000,0.514727,16386
20220305T02:00:00+0000,0.566666,16386
20220305T03:00:00+0000,0.55459,16402
20220305T04:00:00+0000,0.52452,16402
20220305T05:00:00+0000,0.522612,16402
20220305T06:00:00+0000,0.497184,16402
20220305T07:00:00+0000,0.463182,16402
20220305T08:00:00+0000,0.455189,16402
20220305T09:00:00+0000,0.449328,16402
20220305T10:00:00+0000,0.454591,16402
20220305T11:00:00+0000,0.475903,16402
20220305T12:00:00+0000,0.504568,16402
20220305T13:00:00+0000,0.553024,16402
20220305T14:00:00+0000,0.608031,16402
20220305T15:00:00+0000,0.641628,16402
20220305T16:00:00+0000,0.590128,16386
20220305T17:00:00+0000,0.480081,16386
20220305T18:00:00+0000,0.384692,16386
20220305T19:00:00+0000,0.312044,16386
20220305T20:00:00+0000,0.2874,16386
20220305T21:00:00+0000,0.271545,16386
20220305T22:00:00+0000,0.289083,16386
20220305T23:00:00+0000,0.327916,16386
20220306T00:00:00+0000,0.420463,16386
20220306T01:00:00+0000,0.464785,16386
20220306T02:00:00+0000,0.498452,16386
20220306T03:00:00+0000,0.517308,16402
20220306T04:00:00+0000,0.503845,16402
20220306T05:00:00+0000,0.473063,16402
20220306T06:00:00+0000,0.454848,16402
20220306T07:00:00+0000,0.431453,16402
20220306T08:00:00+0000,0.422551,16402
20220306T09:00:00+0000,0.416041,16402
20220306T10:00:00+0000,0.423798,16402
20220306T11:00:00+0000,0.45105,16402
20220306T12:00:00+0000,0.473782,16402
20220306T13:00:00+0000,0.523193,16402
20220306T14:00:00+0000,0.562405,16402
20220306T15:00:00+0000,0.610874,16402
20220306T16:00:00+0000,0.643649,16386
20220306T17:00:00+0000,0.604137,16386
20220306T18:00:00+0000,0.575796,16386
20220306T19:00:00+0000,0.527274,16386
20220306T20:00:00+0000,0.433352,16386
20220306T21:00:00+0000,0.384795,16386
20220306T22:00:00+0000,0.326076,16386
20220306T23:00:00+0000,0.359114,16386
20220307T00:00:00+0000,0.433608,16386
20220307T01:00:00+0000,0.510005,16386
20220307T02:00:00+0000,0.568395,16386
20220307T03:00:00+0000,0.603563,16402
20220307T04:00:00+0000,0.579348,16402
20220307T05:00:00+0000,0.553981,16402
20220307T06:00:00+0000,0.489122,16402
20220307T07:00:00+0000,0.441839,16402
20220307T08:00:00+0000,0.427098,16402
20220307T09:00:00+0000,0.4332,16402
20220307T10:00:00+0000,0.44502,16402
20220307T11:00:00+0000,0.469857,16402
20220307T12:00:00+0000,0.518741,16402
20220307T13:00:00+0000,0.598018,16402
20220307T14:00:00+0000,0.670558,16402
20220307T15:00:00+0000,0.691567,16402
20220307T16:00:00+0000,0.653664,16386
20220307T17:00:00+0000,0.629828,16386
20220307T18:00:00+0000,0.518985,16386
20220307T19:00:00+0000,0.357952,16386
20220307T20:00:00+0000,0.314335,16386
20220307T21:00:00+0000,0.310243,16386
20220307T22:00:00+0000,0.327233,16386
20220307T23:00:00+0000,0.379611,16386
20220308T00:00:00+0000,0.401142,16386
20220308T01:00:00+0000,0.496503,16386
20220308T02:00:00+0000,0.562293,16386
20220308T03:00:00+0000,0.575815,16402
20220308T04:00:00+0000,0.554829,16402
20220308T05:00:00+0000,0.512834,16402
20220308T06:00:00+0000,0.463866,16402
20220308T07:00:00+0000,0.431009,16402
20220308T08:00:00+0000,0.423222,16402
20220308T09:00:00+0000,0.417461,16402
20220308T10:00:00+0000,0.426657,16402
20220308T11:00:00+0000,0.445833,16402
20220308T12:00:00+0000,0.468477,16402
20220308T13:00:00+0000,0.547585,16402
20220308T14:00:00+0000,0.610011,16402
20220308T15:00:00+0000,0.633456,16402
20220308T16:00:00+0000,0.612409,16386
20220308T17:00:00+0000,0.550542,16386
20220308T18:00:00+0000,0.542337,16386
20220308T19:00:00+0000,0.493073,16386
20220308T20:00:00+0000,0.456488,16386
20220308T21:00:00+0000,0.478288,16386
20220308T22:00:00+0000,0.359126,16386
20220308T23:00:00+0000,0.492972,16386
20220309T00:00:00+0000,0.514722,16386
20220309T01:00:00+0000,0.582295,16386
20220309T02:00:00+0000,0.64566,16386
20220309T03:00:00+0000,0.620715,16402
20220309T04:00:00+0000,0.578554,16402
20220309T05:00:00+0000,0.550402,16402
20220309T06:00:00+0000,0.467953,16402
20220309T07:00:00+0000,0.419026,16402
20220309T08:00:00+0000,0.397451,16402
20220309T09:00:00+0000,0.386869,16402
20220309T10:00:00+0000,0.383459,16402
20220309T11:00:00+0000,0.401433,16402
20220309T12:00:00+0000,0.43467,16402
20220309T13:00:00+0000,0.49874,16402
20220309T14:00:00+0000,0.572804,16402
20220309T15:00:00+0000,0.590592,16402
20220309T16:00:00+0000,0.584956,16386
20220309T17:00:00+0000,0.579759,16386
20220309T18:00:00+0000,0.501207,16386
20220309T19:00:00+0000,0.374916,16386
20220309T20:00:00+0000,0.387621,16386
20220309T21:00:00+0000,0.305772,16386
20220309T22:00:00+0000,0.300311,16386
20220309T23:00:00+0000,0.335521,16386
20220310T00:00:00+0000,0.414773,16386
20220310T01:00:00+0000,0.503476,16386
20220310T02:00:00+0000,0.588923,16386
20220310T03:00:00+0000,0.603819,16402
20220310T04:00:00+0000,0.581695,16402
20220310T05:00:00+0000,0.552503,16402
20220310T06:00:00+0000,0.502858,16402
20220310T07:00:00+0000,0.470912,16402
20220310T08:00:00+0000,0.450409,16402
20220310T09:00:00+0000,0.452958,16402
20220310T10:00:00+0000,0.470233,16402
20220310T11:00:00+0000,0.497042,16402
20220310T12:00:00+0000,0.553777,16402
20220310T13:00:00+0000,0.636678,16402
20220310T14:00:00+0000,0.763185,16402
20220310T15:00:00+0000,0.775663,16402
20220310T16:00:00+0000,0.644397,16386
20220310T17:00:00+0000,0.514071,16386
20220310T18:00:00+0000,0.407916,16386
20220310T19:00:00+0000,0.354736,16386
20220310T20:00:00+0000,0.391187,16386
20220310T21:00:00+0000,0.329723,16386
20220310T22:00:00+0000,0.320522,16386
20220310T23:00:00+0000,0.370296,16386
20220311T00:00:00+0000,0.482788,16386
20220311T01:00:00+0000,0.533939,16386
20220311T02:00:00+0000,0.589955,16386
20220311T03:00:00+0000,0.597855,16402
20220311T04:00:00+0000,0.587249,16402
20220311T05:00:00+0000,0.538924,16402
20220311T06:00:00+0000,0.493951,16402
20220311T07:00:00+0000,0.449776,16402
20220311T08:00:00+0000,0.440487,16402
20220311T09:00:00+0000,0.444581,16402
20220311T10:00:00+0000,0.463853,16402
20220311T11:00:00+0000,0.497584,16402
20220311T12:00:00+0000,0.53672,16402
20220311T13:00:00+0000,0.605397,16402
20220311T14:00:00+0000,0.702227,16402
20220311T15:00:00+0000,0.716338,16402
20220311T16:00:00+0000,0.645233,16386
20220311T17:00:00+0000,0.537379,16386
20220311T18:00:00+0000,0.406002,16386
20220311T19:00:00+0000,0.350471,16386
20220311T20:00:00+0000,0.302057,16386
20220311T21:00:00+0000,0.281213,16386
20220311T22:00:00+0000,0.335998,16386
20220311T23:00:00+0000,0.353712,16386
20220312T00:00:00+0000,0.400027,16386
20220312T01:00:00+0000,0.448771,16386
20220312T02:00:00+0000,0.495497,16386
20220312T03:00:00+0000,0.510514,16402
20220312T04:00:00+0000,0.487136,16402
20220312T05:00:00+0000,0.477181,16402
20220312T06:00:00+0000,0.452271,16402
20220312T07:00:00+0000,0.41365,16402
20220312T08:00:00+0000,0.404826,16402
20220312T09:00:00+0000,0.408732,16402
20220312T10:00:00+0000,0.412257,16402
20220312T11:00:00+0000,0.43573,16402
20220312T12:00:00+0000,0.477715,16402
20220312T13:00:00+0000,0.535719,16402
20220312T14:00:00+0000,0.593925,16402
20220312T15:00:00+0000,0.624917,16386
20220312T16:00:00+0000,0.548797,16386
20220312T17:00:00+0000,0.459714,16386
20220312T18:00:00+0000,0.362161,16386
20220312T19:00:00+0000,0.292666,16386
20220312T20:00:00+0000,0.390891,16386
20220312T21:00:00+0000,0.48013,16386
20220312T22:00:00+0000,0.489471,16386
20220312T23:00:00+0000,0.498494,16386
20220313T00:00:00+0000,0.525715,16386
20220313T01:00:00+0000,0.539486,16386
20220313T02:00:00+0000,0.538134,16386
20220313T03:00:00+0000,0.524674,16402
20220313T04:00:00+0000,0.507866,16402
20220313T05:00:00+0000,0.48097,16402
20220313T06:00:00+0000,0.45349,16402
20220313T07:00:00+0000,0.418962,16402
20220313T08:00:00+0000,0.400801,16402
20220313T09:00:00+0000,0.402499,16402
20220313T10:00:00+0000,0.400465,16402
20220313T11:00:00+0000,0.404868,16402
20220313T12:00:00+0000,0.436701,16402
20220313T13:00:00+0000,0.472672,16402
20220313T14:00:00+0000,0.516373,16402
20220313T15:00:00+0000,0.577703,16386
20220313T16:00:00+0000,0.613385,16386
20220313T17:00:00+0000,0.609162,16386
20220313T18:00:00+0000,0.588188,16386
20220313T19:00:00+0000,0.588365,16386
20220313T20:00:00+0000,0.570134,16386
20220313T21:00:00+0000,0.549271,16386
20220313T22:00:00+0000,0.554169,16386
20220313T23:00:00+0000,0.58389,16386
20220314T00:00:00+0000,0.61409,16386
20220314T01:00:00+0000,0.621283,16386
20220314T02:00:00+0000,0.634663,16386
20220314T03:00:00+0000,0.625787,16402
20220314T04:00:00+0000,0.56299,16402
20220314T05:00:00+0000,0.4865,16402
20220314T06:00:00+0000,0.430943,16402
20220314T07:00:00+0000,0.406281,16402
20220314T08:00:00+0000,0.39508,16402
20220314T09:00:00+0000,0.377446,16402
20220314T10:00:00+0000,0.38867,16402
20220314T11:00:00+0000,0.403504,16402
20220314T12:00:00+0000,0.471575,16402
20220314T13:00:00+0000,0.541793,16402
20220314T14:00:00+0000,0.59728,16402
20220314T15:00:00+0000,0.586636,16386
20220314T16:00:00+0000,0.584841,16386
20220314T17:00:00+0000,0.578466,16386
20220314T18:00:00+0000,0.551804,16386
20220314T19:00:00+0000,0.523785,16386
20220314T20:00:00+0000,0.513219,16386
20220314T21:00:00+0000,0.502252,16386
20220314T22:00:00+0000,0.49695,16386
20220314T23:00:00+0000,0.552725,16386
20220315T00:00:00+0000,0.600262,16386
20220315T01:00:00+0000,0.607987,16386
20220315T02:00:00+0000,0.581632,16386
20220315T03:00:00+0000,0.550621,16402
20220315T04:00:00+0000,0.499746,16402
20220315T05:00:00+0000,0.445669,16402
20220315T06:00:00+0000,0.400013,16402
20220315T07:00:00+0000,0.377941,16402
20220315T08:00:00+0000,0.364413,16402
20220315T09:00:00+0000,0.354707,16402
20220315T10:00:00+0000,0.355445,16402
20220315T11:00:00+0000,0.384044,16402
20220315T12:00:00+0000,0.44868,16402
20220315T13:00:00+0000,0.513884,16402
20220315T14:00:00+0000,0.551043,16402
20220315T15:00:00+0000,0.52567,16386
20220315T16:00:00+0000,0.470496,16386
20220315T17:00:00+0000,0.368023,16386
20220315T18:00:00+0000,0.407142,16386
20220315T19:00:00+0000,0.396587,16386
20220315T20:00:00+0000,0.315359,16386
20220315T21:00:00+0000,0.255592,16386
20220315T22:00:00+0000,0.252483,16386
20220315T23:00:00+0000,0.402947,16386
20220316T00:00:00+0000,0.447213,16386
20220316T01:00:00+0000,0.496518,16386
20220316T02:00:00+0000,0.526973,16386
20220316T03:00:00+0000,0.535928,16402
20220316T04:00:00+0000,0.505934,16402
20220316T05:00:00+0000,0.449741,16402
20220316T06:00:00+0000,0.41151,16402
20220316T07:00:00+0000,0.389551,16402
20220316T08:00:00+0000,0.385163,16402
20220316T09:00:00+0000,0.391133,16402
20220316T10:00:00+0000,0.412038,16402
20220316T11:00:00+0000,0.420524,16402
20220316T12:00:00+0000,0.496846,16402
20220316T13:00:00+0000,0.566601,16402
20220316T14:00:00+0000,0.608331,16402
20220316T15:00:00+0000,0.586867,16386
20220316T16:00:00+0000,0.477552,16386
20220316T17:00:00+0000,0.42985,16386
20220316T18:00:00+0000,0.329758,16386
20220316T19:00:00+0000,0.268872,16386
20220316T20:00:00+0000,0.306702,16386
20220316T21:00:00+0000,0.298558,16386
20220316T22:00:00+0000,0.289315,16386
20220316T23:00:00+0000,0.355288,16386
20220317T00:00:00+0000,0.39057,16386
20220317T01:00:00+0000,0.45247,16386
20220317T02:00:00+0000,0.498326,16386
20220317T03:00:00+0000,0.507855,16402
20220317T04:00:00+0000,0.466711,16402
20220317T05:00:00+0000,0.422174,16402
20220317T06:00:00+0000,0.385781,16402
20220317T07:00:00+0000,0.368776,16402
20220317T08:00:00+0000,0.362852,16402
20220317T09:00:00+0000,0.36852,16402
20220317T10:00:00+0000,0.391423,16402
20220317T11:00:00+0000,0.421112,16402
20220317T12:00:00+0000,0.503881,16402
20220317T13:00:00+0000,0.58332,16402
20220317T14:00:00+0000,0.617256,16402
20220317T15:00:00+0000,0.619056,16386
20220317T16:00:00+0000,0.605068,16386
20220317T17:00:00+0000,0.594791,16386
20220317T18:00:00+0000,0.560444,16386
20220317T19:00:00+0000,0.53844,16386
20220317T20:00:00+0000,0.508418,16386
20220317T21:00:00+0000,0.481306,16386
20220317T22:00:00+0000,0.497867,16386
20220317T23:00:00+0000,0.493797,16386
20220318T00:00:00+0000,0.504882,16386
20220318T01:00:00+0000,0.550715,16386
20220318T02:00:00+0000,0.540441,16386
20220318T03:00:00+0000,0.533662,16402
20220318T04:00:00+0000,0.494674,16402
20220318T05:00:00+0000,0.44794,16402
20220318T06:00:00+0000,0.410435,16402
20220318T07:00:00+0000,0.379346,16402
20220318T08:00:00+0000,0.366652,16402
20220318T09:00:00+0000,0.356417,16402
20220318T10:00:00+0000,0.354546,16402
20220318T11:00:00+0000,0.374077,16402
20220318T12:00:00+0000,0.427567,16402
20220318T13:00:00+0000,0.474117,16402
20220318T14:00:00+0000,0.51793,16402
20220318T15:00:00+0000,0.516974,16386
20220318T16:00:00+0000,0.51333,16386
20220318T17:00:00+0000,0.49042,16386
20220318T18:00:00+0000,0.471326,16386
20220318T19:00:00+0000,0.478729,16386
20220318T20:00:00+0000,0.440968,16386
20220318T21:00:00+0000,0.438857,16386
20220318T22:00:00+0000,0.437442,16386
20220318T23:00:00+0000,0.450947,16386
20220319T00:00:00+0000,0.441456,16386
20220319T01:00:00+0000,0.463158,16386
20220319T02:00:00+0000,0.484668,16386
20220319T03:00:00+0000,0.48722,16402
20220319T04:00:00+0000,0.458377,16402
20220319T05:00:00+0000,0.41842,16402
20220319T06:00:00+0000,0.389364,16402
20220319T07:00:00+0000,0.359255,16402
20220319T08:00:00+0000,0.349101,16402
20220319T09:00:00+0000,0.337933,16402
20220319T10:00:00+0000,0.342569,16402
20220319T11:00:00+0000,0.353685,16402
20220319T12:00:00+0000,0.382198,16402
20220319T13:00:00+0000,0.418936,16402
20220319T14:00:00+0000,0.467095,16402
20220319T15:00:00+0000,0.523953,16386
20220319T16:00:00+0000,0.465471,16386
20220319T17:00:00+0000,0.400527,16386
20220319T18:00:00+0000,0.366537,16386
20220319T19:00:00+0000,0.428289,16386
20220319T20:00:00+0000,0.377947,16386
20220319T21:00:00+0000,0.294932,16386
20220319T22:00:00+0000,0.261567,16386
20220319T23:00:00+0000,0.328451,16386
20220320T00:00:00+0000,0.36039,16386
20220320T01:00:00+0000,0.450467,16386
20220320T02:00:00+0000,0.502305,16386
20220320T03:00:00+0000,0.500344,16402
20220320T04:00:00+0000,0.48879,16402
20220320T05:00:00+0000,0.47445,16402
20220320T06:00:00+0000,0.43624,16402
20220320T07:00:00+0000,0.422121,16402
20220320T08:00:00+0000,0.410781,16402
20220320T09:00:00+0000,0.40695,16402
20220320T10:00:00+0000,0.405011,16402
20220320T11:00:00+0000,0.422885,16402
20220320T12:00:00+0000,0.461889,16402
20220320T13:00:00+0000,0.503135,16402
20220320T14:00:00+0000,0.566437,16402
20220320T15:00:00+0000,0.587904,16386
20220320T16:00:00+0000,0.574711,16386
20220320T17:00:00+0000,0.520827,16386
20220320T18:00:00+0000,0.538796,16386
20220320T19:00:00+0000,0.524208,16386
20220320T20:00:00+0000,0.490153,16386
20220320T21:00:00+0000,0.472764,16386
20220320T22:00:00+0000,0.490337,16386
20220320T23:00:00+0000,0.531235,16386
20220321T00:00:00+0000,0.574592,16386
20220321T01:00:00+0000,0.574578,16386
20220321T02:00:00+0000,0.586524,16386
20220321T03:00:00+0000,0.572033,16402
20220321T04:00:00+0000,0.523042,16402
20220321T05:00:00+0000,0.460012,16402
20220321T06:00:00+0000,0.423484,16402
20220321T07:00:00+0000,0.394484,16402
20220321T08:00:00+0000,0.38618,16402
20220321T09:00:00+0000,0.391296,16402
20220321T10:00:00+0000,0.395302,16402
20220321T11:00:00+0000,0.414773,16402
20220321T12:00:00+0000,0.472656,16402
20220321T13:00:00+0000,0.532358,16402
20220321T14:00:00+0000,0.570883,16402
20220321T15:00:00+0000,0.584874,16386
20220321T16:00:00+0000,0.595349,16386
20220321T17:00:00+0000,0.592945,16386
20220321T18:00:00+0000,0.568553,16386
20220321T19:00:00+0000,0.544192,16386
20220321T20:00:00+0000,0.531087,16386
20220321T21:00:00+0000,0.512126,16386
20220321T22:00:00+0000,0.505651,16386
20220321T23:00:00+0000,0.534935,16386
20220322T00:00:00+0000,0.552456,16386
20220322T01:00:00+0000,0.548673,16386
20220322T02:00:00+0000,0.558904,16386
20220322T03:00:00+0000,0.512357,16402
20220322T04:00:00+0000,0.471427,16402
20220322T05:00:00+0000,0.414336,16402
20220322T06:00:00+0000,0.377431,16402
20220322T07:00:00+0000,0.358674,16402
20220322T08:00:00+0000,0.343303,16402
20220322T09:00:00+0000,0.336863,16402
20220322T10:00:00+0000,0.335883,16402
20220322T11:00:00+0000,0.35194,16402
20220322T12:00:00+0000,0.411804,16402
20220322T13:00:00+0000,0.448481,16402
20220322T14:00:00+0000,0.471804,16402
20220322T15:00:00+0000,0.485252,16386
20220322T16:00:00+0000,0.463534,16386
20220322T17:00:00+0000,0.445227,16386
20220322T18:00:00+0000,0.434513,16386
20220322T19:00:00+0000,0.385145,16386
20220322T20:00:00+0000,0.373496,16386
20220322T21:00:00+0000,0.342817,16386
20220322T22:00:00+0000,0.280786,16386
20220322T23:00:00+0000,0.300513,16386
20220323T00:00:00+0000,0.352182,16386
20220323T01:00:00+0000,0.41137,16386
20220323T02:00:00+0000,0.430901,16386
20220323T03:00:00+0000,0.445738,16402
20220323T04:00:00+0000,0.407192,16402
20220323T05:00:00+0000,0.361733,16402
20220323T06:00:00+0000,0.313328,16402
20220323T07:00:00+0000,0.300957,16402
20220323T08:00:00+0000,0.291226,16402
20220323T09:00:00+0000,0.282135,16402
20220323T10:00:00+0000,0.289473,16402
20220323T11:00:00+0000,0.30765,16402
20220323T12:00:00+0000,0.35131,16402
20220323T13:00:00+0000,0.404342,16402
20220323T14:00:00+0000,0.440509,16402
20220323T15:00:00+0000,0.459481,16386
20220323T16:00:00+0000,0.425074,16386
20220323T17:00:00+0000,0.371296,16386
20220323T18:00:00+0000,0.312595,16386
20220323T19:00:00+0000,0.394792,16386
20220323T20:00:00+0000,0.408102,16386
20220323T21:00:00+0000,0.345454,16386
20220323T22:00:00+0000,0.370955,16386
20220323T23:00:00+0000,0.426119,16386
20220324T00:00:00+0000,0.457894,16386
20220324T01:00:00+0000,0.459808,16386
20220324T02:00:00+0000,0.455328,16386
20220324T03:00:00+0000,0.474846,16386
20220324T04:00:00+0000,0.444368,16402
20220324T05:00:00+0000,0.417694,16402
20220324T06:00:00+0000,0.373468,16402
20220324T07:00:00+0000,0.357894,16402
20220324T08:00:00+0000,0.355272,16402
20220324T09:00:00+0000,0.377999,16402
20220324T10:00:00+0000,0.394747,16402
20220324T11:00:00+0000,0.426188,16402
20220324T12:00:00+0000,0.505509,16402
20220324T13:00:00+0000,0.562483,16402
20220324T14:00:00+0000,0.61048,16402
20220324T15:00:00+0000,0.593453,16386
20220324T16:00:00+0000,0.551263,16386
20220324T17:00:00+0000,0.465341,16386
20220324T18:00:00+0000,0.357974,16386
20220324T19:00:00+0000,0.309367,16386
20220324T20:00:00+0000,0.232588,16386
20220324T21:00:00+0000,0.19729,16386
20220324T22:00:00+0000,0.227054,16386
20220324T23:00:00+0000,0.326247,16386
20220325T00:00:00+0000,0.369843,16386
20220325T01:00:00+0000,0.421331,16386
20220325T02:00:00+0000,0.438226,16386
20220325T03:00:00+0000,0.443728,16386
20220325T04:00:00+0000,0.431859,16402
20220325T05:00:00+0000,0.379454,16402
20220325T06:00:00+0000,0.341654,16402
20220325T07:00:00+0000,0.323584,16402
20220325T08:00:00+0000,0.314204,16402
20220325T09:00:00+0000,0.312147,16402
20220325T10:00:00+0000,0.325402,16402
20220325T11:00:00+0000,0.344927,16402
20220325T12:00:00+0000,0.405251,16402
20220325T13:00:00+0000,0.456064,16402
20220325T14:00:00+0000,0.489991,16402
20220325T15:00:00+0000,0.500033,16386
20220325T16:00:00+0000,0.437317,16386
20220325T17:00:00+0000,0.364114,16386
20220325T18:00:00+0000,0.280616,16386
20220325T19:00:00+0000,0.219231,16386
20220325T20:00:00+0000,0.209796,16386
20220325T21:00:00+0000,0.203855,16386
20220325T22:00:00+0000,0.185825,16386
20220325T23:00:00+0000,0.282819,16386
20220326T00:00:00+0000,0.344882,16386
20220326T01:00:00+0000,0.400953,16386
20220326T02:00:00+0000,0.415195,16386
20220326T03:00:00+0000,0.430859,16386
20220326T04:00:00+0000,0.403871,16402
20220326T05:00:00+0000,0.371561,16402
20220326T06:00:00+0000,0.337032,16402
20220326T07:00:00+0000,0.310012,16402
20220326T08:00:00+0000,0.298034,16402
20220326T09:00:00+0000,0.292333,16402
20220326T10:00:00+0000,0.299477,16402
20220326T11:00:00+0000,0.299798,16402
20220326T12:00:00+0000,0.333166,16402
20220326T13:00:00+0000,0.376331,16402
20220326T14:00:00+0000,0.430939,16402
20220326T15:00:00+0000,0.445475,16386
20220326T16:00:00+0000,0.421083,16386
20220326T17:00:00+0000,0.326827,16386
20220326T18:00:00+0000,0.356052,16386
20220326T19:00:00+0000,0.246904,16386
20220326T20:00:00+0000,0.251125,16386
20220326T21:00:00+0000,0.24663,16386
20220326T22:00:00+0000,0.308268,16386
20220326T23:00:00+0000,0.320694,16386
20220327T00:00:00+0000,0.351573,16386
20220327T01:00:00+0000,0.374933,16386
20220327T02:00:00+0000,0.401359,16386
20220327T03:00:00+0000,0.396965,16386
20220327T04:00:00+0000,0.385878,16402
20220327T05:00:00+0000,0.362124,16402
20220327T06:00:00+0000,0.310616,16402
20220327T07:00:00+0000,0.286375,16402
20220327T08:00:00+0000,0.275056,16402
20220327T09:00:00+0000,0.262711,16402
20220327T10:00:00+0000,0.25925,16402
20220327T11:00:00+0000,0.26658,16402
20220327T12:00:00+0000,0.293835,16402
20220327T13:00:00+0000,0.331948,16402
20220327T14:00:00+0000,0.377222,16402
20220327T15:00:00+0000,0.421892,16386
20220327T16:00:00+0000,0.421535,16386
20220327T17:00:00+0000,0.372773,16386
20220327T18:00:00+0000,0.325382,16386
20220327T19:00:00+0000,0.287449,16386
20220327T20:00:00+0000,0.213397,16386
20220327T21:00:00+0000,0.224224,16386
20220327T22:00:00+0000,0.271983,16386
20220327T23:00:00+0000,0.353056,16386
20220328T00:00:00+0000,0.403459,16386
20220328T01:00:00+0000,0.419282,16386
20220328T02:00:00+0000,0.44053,16386
20220328T03:00:00+0000,0.457336,16386
20220328T04:00:00+0000,0.403945,16402
20220328T05:00:00+0000,0.343652,16402
20220328T06:00:00+0000,0.303181,16402
20220328T07:00:00+0000,0.276181,16402
20220328T08:00:00+0000,0.265008,16402
20220328T09:00:00+0000,0.254033,16402
20220328T10:00:00+0000,0.259566,16402
20220328T11:00:00+0000,0.273968,16402
20220328T12:00:00+0000,0.333189,16402
20220328T13:00:00+0000,0.404298,16402
20220328T14:00:00+0000,0.444843,16402
20220328T15:00:00+0000,0.42666,16386
20220328T16:00:00+0000,0.404048,16386
20220328T17:00:00+0000,0.352366,16386
20220328T18:00:00+0000,0.393328,16386
20220328T19:00:00+0000,0.377119,16386
20220328T20:00:00+0000,0.35756,16386
20220328T21:00:00+0000,0.369359,16386
20220328T22:00:00+0000,0.370749,16386
20220328T23:00:00+0000,0.415538,16386
20220329T00:00:00+0000,0.463352,16386
20220329T01:00:00+0000,0.466531,16386
20220329T02:00:00+0000,0.452125,16386
20220329T03:00:00+0000,0.45378,16386
20220329T04:00:00+0000,0.419251,16402
20220329T05:00:00+0000,0.373068,16402
20220329T06:00:00+0000,0.33586,16402
20220329T07:00:00+0000,0.326792,16402
20220329T08:00:00+0000,0.315327,16402
20220329T09:00:00+0000,0.308365,16402
20220329T10:00:00+0000,0.332287,16402
20220329T11:00:00+0000,0.37056,16402
20220329T12:00:00+0000,0.449124,16402
20220329T13:00:00+0000,0.518415,16402
20220329T14:00:00+0000,0.545505,16402
20220329T15:00:00+0000,0.535543,16386
20220329T16:00:00+0000,0.500538,16386
20220329T17:00:00+0000,0.4581,16386
20220329T18:00:00+0000,0.42139,16386
20220329T19:00:00+0000,0.370133,16386
20220329T20:00:00+0000,0.318274,16386
20220329T21:00:00+0000,0.285441,16386
20220329T22:00:00+0000,0.323366,16386
20220329T23:00:00+0000,0.326625,16386
20220330T00:00:00+0000,0.359979,16386
20220330T01:00:00+0000,0.436389,16386
20220330T02:00:00+0000,0.468269,16386
20220330T03:00:00+0000,0.481738,16386
20220330T04:00:00+0000,0.448454,16402
20220330T05:00:00+0000,0.39179,16402
20220330T06:00:00+0000,0.352581,16402
20220330T07:00:00+0000,0.338581,16402
20220330T08:00:00+0000,0.333313,16402
20220330T09:00:00+0000,0.331866,16402
20220330T10:00:00+0000,0.337581,16402
20220330T11:00:00+0000,0.364374,16402
20220330T12:00:00+0000,0.431564,16402
20220330T13:00:00+0000,0.494142,16402
20220330T14:00:00+0000,0.532616,16402
20220330T15:00:00+0000,0.530908,16386
20220330T16:00:00+0000,0.480022,16386
20220330T17:00:00+0000,0.399297,16386
20220330T18:00:00+0000,0.291043,16386
20220330T19:00:00+0000,0.243456,16386
20220330T20:00:00+0000,0.244244,16386
20220330T21:00:00+0000,0.173391,16386
20220330T22:00:00+0000,0.260371,16386
20220330T23:00:00+0000,0.268716,16386
20220331T00:00:00+0000,0.34121,16386
20220331T01:00:00+0000,0.427514,16386
20220331T02:00:00+0000,0.475095,16386
20220331T03:00:00+0000,0.501094,16386
20220331T04:00:00+0000,0.47382,16402
20220331T05:00:00+0000,0.416972,16402
20220331T06:00:00+0000,0.369902,16402
20220331T07:00:00+0000,0.360035,16402
20220331T08:00:00+0000,0.379131,16402
20220331T09:00:00+0000,0.401822,16402
20220331T10:00:00+0000,0.424512,16402
20220331T11:00:00+0000,0.447203,16402
20220331T12:00:00+0000,0.48461,16402
20220331T13:00:00+0000,0.560566,16402
20220331T14:00:00+0000,0.601636,16402
20220331T15:00:00+0000,0.552662,16386
20220331T16:00:00+0000,0.439088,16386
20220331T17:00:00+0000,0.343938,16386
20220331T18:00:00+0000,0.290935,16386
20220331T19:00:00+0000,0.32324,16386
20220331T20:00:00+0000,0.333092,16386
20220331T21:00:00+0000,0.304333,16386
20220331T22:00:00+0000,0.317132,16386
20220331T23:00:00+0000,0.374294,16386
20220401T00:00:00+0000,0.405022,16386
20220401T01:00:00+0000,0.457883,16386
20220401T02:00:00+0000,0.469487,16386
20220401T03:00:00+0000,0.469348,16386
20220401T04:00:00+0000,0.443221,16402
20220401T05:00:00+0000,0.397084,16402
20220401T06:00:00+0000,0.365723,16402
20220401T07:00:00+0000,0.352813,16402
20220401T08:00:00+0000,0.369225,16402
20220401T09:00:00+0000,0.36678,16402
20220401T10:00:00+0000,0.382483,16402
20220401T11:00:00+0000,0.422055,16402
20220401T12:00:00+0000,0.497343,16402
20220401T13:00:00+0000,0.568652,16402
20220401T14:00:00+0000,0.606115,16402
20220401T15:00:00+0000,0.567897,16386
20220401T16:00:00+0000,0.495858,16386
20220401T17:00:00+0000,0.356238,16386
20220401T18:00:00+0000,0.260259,16386
20220401T19:00:00+0000,0.209575,16386
20220401T20:00:00+0000,0.196331,16386
20220401T21:00:00+0000,0.200853,16386
20220401T22:00:00+0000,0.292258,16386
20220401T23:00:00+0000,0.3662,16386
20220402T00:00:00+0000,0.438535,16386
20220402T01:00:00+0000,0.449448,16386
20220402T02:00:00+0000,0.463615,16386
20220402T03:00:00+0000,0.462146,16386
20220402T04:00:00+0000,0.435049,16402
20220402T05:00:00+0000,0.404367,16402
20220402T06:00:00+0000,0.364825,16402
20220402T07:00:00+0000,0.346715,16402
20220402T08:00:00+0000,0.327711,16402
20220402T09:00:00+0000,0.335106,16402
20220402T10:00:00+0000,0.34256,16402
20220402T11:00:00+0000,0.36847,16402
20220402T12:00:00+0000,0.411142,16402
20220402T13:00:00+0000,0.452024,16402
20220402T14:00:00+0000,0.504347,16402
20220402T15:00:00+0000,0.521698,16386
20220402T16:00:00+0000,0.46604,16386
20220402T17:00:00+0000,0.37244,16386
20220402T18:00:00+0000,0.349254,16386
20220402T19:00:00+0000,0.223717,16386
20220402T20:00:00+0000,0.188246,16386
20220402T21:00:00+0000,0.209441,16386
20220402T22:00:00+0000,0.23846,16386
20220402T23:00:00+0000,0.263506,16386
20220403T00:00:00+0000,0.336906,16386
20220403T01:00:00+0000,0.377919,16386
20220403T02:00:00+0000,0.42422,16386
20220403T03:00:00+0000,0.42675,16386
20220403T04:00:00+0000,0.412446,16402
20220403T05:00:00+0000,0.38223,16402
20220403T06:00:00+0000,0.369116,16402
20220403T07:00:00+0000,0.336827,16402
20220403T08:00:00+0000,0.328785,16402
20220403T09:00:00+0000,0.325296,16402
20220403T10:00:00+0000,0.337332,16402
20220403T11:00:00+0000,0.348625,16402
20220403T12:00:00+0000,0.382158,16402
20220403T13:00:00+0000,0.424545,16402
20220403T14:00:00+0000,0.479276,16402
20220403T15:00:00+0000,0.516913,16386
20220403T16:00:00+0000,0.508061,16386
20220403T17:00:00+0000,0.429049,16386
20220403T18:00:00+0000,0.376852,16386
20220403T19:00:00+0000,0.339388,16386
20220403T20:00:00+0000,0.436289,16386
20220403T21:00:00+0000,0.458545,16386
20220403T22:00:00+0000,0.450249,16386
20220403T23:00:00+0000,0.479009,16386
20220404T00:00:00+0000,0.507334,16386
20220404T01:00:00+0000,0.525909,16386
20220404T02:00:00+0000,0.539476,16386
20220404T03:00:00+0000,0.525241,16386
20220404T04:00:00+0000,0.484669,16402
20220404T05:00:00+0000,0.4245,16402
20220404T06:00:00+0000,0.391934,16402
20220404T07:00:00+0000,0.365507,16402
20220404T08:00:00+0000,0.356993,16402
20220404T09:00:00+0000,0.350288,16402
20220404T10:00:00+0000,0.354781,16402
20220404T11:00:00+0000,0.375638,16402
20220404T12:00:00+0000,0.441544,16402
20220404T13:00:00+0000,0.517864,16402
20220404T14:00:00+0000,0.553048,16402
20220404T15:00:00+0000,0.516226,16386
20220404T16:00:00+0000,0.474027,16386
20220404T17:00:00+0000,0.365412,16386
20220404T18:00:00+0000,0.298483,16386
20220404T19:00:00+0000,0.237983,16386
20220404T20:00:00+0000,0.211786,16386
20220404T21:00:00+0000,0.219056,16386
20220404T22:00:00+0000,0.331152,16386
20220404T23:00:00+0000,0.395073,16386
20220405T00:00:00+0000,0.507496,16386
20220405T01:00:00+0000,0.562464,16386
20220405T02:00:00+0000,0.576963,16386
20220405T03:00:00+0000,0.558925,16386
20220405T04:00:00+0000,0.525311,16402
20220405T05:00:00+0000,0.473761,16402
20220405T06:00:00+0000,0.424204,16402
20220405T07:00:00+0000,0.40134,16402
20220405T08:00:00+0000,0.389374,16402
20220405T09:00:00+0000,0.387641,16402
20220405T10:00:00+0000,0.414605,16402
20220405T11:00:00+0000,0.445546,16402
20220405T12:00:00+0000,0.524918,16402
20220405T13:00:00+0000,0.612861,16402
20220405T14:00:00+0000,0.634999,16402
20220405T15:00:00+0000,0.564053,16386
20220405T16:00:00+0000,0.437715,16386
20220405T17:00:00+0000,0.357514,16386
20220405T18:00:00+0000,0.364463,16386
20220405T19:00:00+0000,0.330097,16386
20220405T20:00:00+0000,0.206077,16386
20220405T21:00:00+0000,0.206783,16386
20220405T22:00:00+0000,0.225419,16386
20220405T23:00:00+0000,0.303002,16386
20220406T00:00:00+0000,0.354323,16386
20220406T01:00:00+0000,0.434697,16386
20220406T02:00:00+0000,0.477783,16386
20220406T03:00:00+0000,0.495842,16386
20220406T04:00:00+0000,0.467202,16402
20220406T05:00:00+0000,0.422163,16402
20220406T06:00:00+0000,0.38087,16402
20220406T07:00:00+0000,0.367894,16402
20220406T08:00:00+0000,0.370187,16402
20220406T09:00:00+0000,0.385276,16402
20220406T10:00:00+0000,0.400432,16402
20220406T11:00:00+0000,0.440942,16402
20220406T12:00:00+0000,0.537144,16402
20220406T13:00:00+0000,0.633009,16402
20220406T14:00:00+0000,0.644653,16402
20220406T15:00:00+0000,0.546746,16386
20220406T16:00:00+0000,0.439066,16386
20220406T17:00:00+0000,0.337079,16386
20220406T18:00:00+0000,0.266709,16386
20220406T19:00:00+0000,0.224568,16386
20220406T20:00:00+0000,0.200933,16386
20220406T21:00:00+0000,0.179426,16386
20220406T22:00:00+0000,0.208887,16386
20220406T23:00:00+0000,0.251152,16386
20220407T00:00:00+0000,0.320116,16386
20220407T01:00:00+0000,0.400449,16386
20220407T02:00:00+0000,0.44666,16386
20220407T03:00:00+0000,0.453785,16386
20220407T04:00:00+0000,0.439046,16402
20220407T05:00:00+0000,0.368916,16402
20220407T06:00:00+0000,0.322324,16402
20220407T07:00:00+0000,0.317038,16402
20220407T08:00:00+0000,0.301209,16402
20220407T09:00:00+0000,0.300298,16402
20220407T10:00:00+0000,0.308006,16402
20220407T11:00:00+0000,0.343638,16402
20220407T12:00:00+0000,0.418653,16402
20220407T13:00:00+0000,0.504785,16402
20220407T14:00:00+0000,0.54955,16402
20220407T15:00:00+0000,0.483875,16386
20220407T16:00:00+0000,0.357555,16386
20220407T17:00:00+0000,0.27872,16386
20220407T18:00:00+0000,0.208886,16386
20220407T19:00:00+0000,0.159894,16386
20220407T20:00:00+0000,0.144224,16386
20220407T21:00:00+0000,0.169206,16386
20220407T22:00:00+0000,0.206848,16386
20220407T23:00:00+0000,0.259365,16386
20220408T00:00:00+0000,0.343341,16386
20220408T01:00:00+0000,0.379146,16386
20220408T02:00:00+0000,0.402839,16386
20220408T03:00:00+0000,0.392951,16386
20220408T04:00:00+0000,0.386767,16402
20220408T05:00:00+0000,0.339037,16402
20220408T06:00:00+0000,0.295567,16402
20220408T07:00:00+0000,0.276154,16402
20220408T08:00:00+0000,0.266605,16402
20220408T09:00:00+0000,0.266798,16402
20220408T10:00:00+0000,0.267482,16402
20220408T11:00:00+0000,0.284787,16402
20220408T12:00:00+0000,0.338475,16402
20220408T13:00:00+0000,0.385077,16402
20220408T14:00:00+0000,0.419917,16402
20220408T15:00:00+0000,0.409863,16386
20220408T16:00:00+0000,0.371715,16386
20220408T17:00:00+0000,0.367679,16386
20220408T18:00:00+0000,0.305005,16386
20220408T19:00:00+0000,0.18244,16386
20220408T20:00:00+0000,0.17831,16386
20220408T21:00:00+0000,0.307645,16386
20220408T22:00:00+0000,0.309781,16386
20220408T23:00:00+0000,0.293356,16386
20220409T00:00:00+0000,0.349894,16386
20220409T01:00:00+0000,0.391238,16386
20220409T02:00:00+0000,0.421087,16386
20220409T03:00:00+0000,0.439976,16386
20220409T04:00:00+0000,0.432855,16402
20220409T05:00:00+0000,0.408251,16402
20220409T06:00:00+0000,0.3785,16402
20220409T07:00:00+0000,0.360225,16402
20220409T08:00:00+0000,0.35815,16402
20220409T09:00:00+0000,0.353819,16402
20220409T10:00:00+0000,0.368559,16402
20220409T11:00:00+0000,0.392021,16402
20220409T12:00:00+0000,0.438827,16402
20220409T13:00:00+0000,0.483491,16402
20220409T14:00:00+0000,0.544024,16402
20220409T15:00:00+0000,0.549043,16386
20220409T16:00:00+0000,0.438872,16386
20220409T17:00:00+0000,0.448019,16386
20220409T18:00:00+0000,0.320908,16386
20220409T19:00:00+0000,0.288297,16386
20220409T20:00:00+0000,0.22199,16386
20220409T21:00:00+0000,0.269387,16386
20220409T22:00:00+0000,0.288304,16386
20220409T23:00:00+0000,0.283006,16386
20220410T00:00:00+0000,0.352862,16386
20220410T01:00:00+0000,0.444788,16386
20220410T02:00:00+0000,0.483879,16386
20220410T03:00:00+0000,0.502095,16386
20220410T04:00:00+0000,0.464294,16402
20220410T05:00:00+0000,0.44029,16402
20220410T06:00:00+0000,0.408332,16402
20220410T07:00:00+0000,0.39294,16402
20220410T08:00:00+0000,0.371365,16402
20220410T09:00:00+0000,0.362883,16402
20220410T10:00:00+0000,0.371214,16402
20220410T11:00:00+0000,0.384173,16402
20220410T12:00:00+0000,0.425028,16402
20220410T13:00:00+0000,0.471557,16402
20220410T14:00:00+0000,0.532323,16402
20220410T15:00:00+0000,0.553732,16386
20220410T16:00:00+0000,0.509569,16386
20220410T17:00:00+0000,0.521369,16386
20220410T18:00:00+0000,0.465184,16386
20220410T19:00:00+0000,0.458169,16386
20220410T20:00:00+0000,0.426093,16386
20220410T21:00:00+0000,0.454149,16386
20220410T22:00:00+0000,0.474908,16386
20220410T23:00:00+0000,0.533107,16386
20220411T00:00:00+0000,0.57656,16386
20220411T01:00:00+0000,0.604807,16386
20220411T02:00:00+0000,0.587883,16386
20220411T03:00:00+0000,0.605084,16386
20220411T04:00:00+0000,0.545559,16402
20220411T05:00:00+0000,0.489742,16402
20220411T06:00:00+0000,0.437941,16402
20220411T07:00:00+0000,0.426901,16402
20220411T08:00:00+0000,0.420591,16402
20220411T09:00:00+0000,0.436671,16402
20220411T10:00:00+0000,0.454586,16402
20220411T11:00:00+0000,0.494878,16402
20220411T12:00:00+0000,0.565318,16402
20220411T13:00:00+0000,0.65305,16402
20220411T14:00:00+0000,0.696092,16402
20220411T15:00:00+0000,0.693191,16386
20220411T16:00:00+0000,0.653177,16386
20220411T17:00:00+0000,0.581919,16386
20220411T18:00:00+0000,0.583694,16386
20220411T19:00:00+0000,0.56247,16386
20220411T20:00:00+0000,0.455575,16386
20220411T21:00:00+0000,0.45755,16386
20220411T22:00:00+0000,0.533197,16386
20220411T23:00:00+0000,0.48141,16386
20220412T00:00:00+0000,0.482311,16386
20220412T01:00:00+0000,0.513145,16386
20220412T02:00:00+0000,0.563548,16386
20220412T03:00:00+0000,0.585158,16386
20220412T04:00:00+0000,0.546356,16402
20220412T05:00:00+0000,0.498983,16402
20220412T06:00:00+0000,0.444246,16402
20220412T07:00:00+0000,0.42664,16402
20220412T08:00:00+0000,0.425182,16402
20220412T09:00:00+0000,0.429975,16402
20220412T10:00:00+0000,0.444166,16402
20220412T11:00:00+0000,0.47608,16402
20220412T12:00:00+0000,0.571284,16402
20220412T13:00:00+0000,0.65265,16402
20220412T14:00:00+0000,0.683575,16402
20220412T15:00:00+0000,0.668866,16386
20220412T16:00:00+0000,0.586166,16386
20220412T17:00:00+0000,0.556178,16386
20220412T18:00:00+0000,0.533223,16386
20220412T19:00:00+0000,0.539771,16386
20220412T20:00:00+0000,0.533398,16386
20220412T21:00:00+0000,0.394815,16386
20220412T22:00:00+0000,0.371765,16386
20220412T23:00:00+0000,0.478094,16386
20220413T00:00:00+0000,0.542495,16386
20220413T01:00:00+0000,0.623086,16386
20220413T02:00:00+0000,0.622587,16386
20220413T03:00:00+0000,0.624679,16386
20220413T04:00:00+0000,0.582311,16402
20220413T05:00:00+0000,0.508284,16402
20220413T06:00:00+0000,0.472273,16402
20220413T07:00:00+0000,0.455112,16402
20220413T08:00:00+0000,0.451937,16402
20220413T09:00:00+0000,0.463016,16402
20220413T10:00:00+0000,0.474595,16402
20220413T11:00:00+0000,0.500143,16402
20220413T12:00:00+0000,0.59054,16402
20220413T13:00:00+0000,0.678839,16402
20220413T14:00:00+0000,0.725781,16386
20220413T15:00:00+0000,0.699077,16386
20220413T16:00:00+0000,0.610902,16386
20220413T17:00:00+0000,0.543019,16386
20220413T18:00:00+0000,0.528056,16386
20220413T19:00:00+0000,0.366378,16386
20220413T20:00:00+0000,0.304397,16386
20220413T21:00:00+0000,0.345155,16386
20220413T22:00:00+0000,0.398138,16386
20220413T23:00:00+0000,0.443541,16386
20220414T00:00:00+0000,0.512979,16386
20220414T01:00:00+0000,0.528163,16386
20220414T02:00:00+0000,0.54237,16386
20220414T03:00:00+0000,0.581009,16386
20220414T04:00:00+0000,0.556366,16402
20220414T05:00:00+0000,0.512593,16402
20220414T06:00:00+0000,0.458434,16402
20220414T07:00:00+0000,0.461537,16402
20220414T08:00:00+0000,0.463134,16402
20220414T09:00:00+0000,0.476649,16402
20220414T10:00:00+0000,0.508029,16402
20220414T11:00:00+0000,0.555406,16402
20220414T12:00:00+0000,0.651982,16402
20220414T13:00:00+0000,0.729702,16402
20220414T14:00:00+0000,0.763553,16386
20220414T15:00:00+0000,0.712922,16386
20220414T16:00:00+0000,0.597613,16386
20220414T17:00:00+0000,0.442728,16386
20220414T18:00:00+0000,0.381598,16386
20220414T19:00:00+0000,0.306488,16386
20220414T20:00:00+0000,0.414522,16386
20220414T21:00:00+0000,0.394792,16386
20220414T22:00:00+0000,0.42688,16386
20220414T23:00:00+0000,0.427131,16386
20220415T00:00:00+0000,0.476855,16386
20220415T01:00:00+0000,0.490738,16386
20220415T02:00:00+0000,0.535449,16386
20220415T03:00:00+0000,0.561793,16386
20220415T04:00:00+0000,0.541663,16402
20220415T05:00:00+0000,0.510568,16402
20220415T06:00:00+0000,0.479205,16402
20220415T07:00:00+0000,0.466449,16402
20220415T08:00:00+0000,0.469333,16402
20220415T09:00:00+0000,0.477403,16402
20220415T10:00:00+0000,0.500333,16402
20220415T11:00:00+0000,0.535455,16402
20220415T12:00:00+0000,0.626893,16402
20220415T13:00:00+0000,0.698958,16402
20220415T14:00:00+0000,0.733404,16386
20220415T15:00:00+0000,0.688391,16386
20220415T16:00:00+0000,0.608307,16386
20220415T17:00:00+0000,0.523645,16386
20220415T18:00:00+0000,0.412668,16386
20220415T19:00:00+0000,0.305268,16386
20220415T20:00:00+0000,0.307405,16386
20220415T21:00:00+0000,0.222024,16386
20220415T22:00:00+0000,0.294791,16386
20220415T23:00:00+0000,0.302091,16386
20220416T00:00:00+0000,0.349548,16386
20220416T01:00:00+0000,0.415499,16386
20220416T02:00:00+0000,0.452256,16386
20220416T03:00:00+0000,0.497644,16386
20220416T04:00:00+0000,0.494418,16402
20220416T05:00:00+0000,0.473238,16402
20220416T06:00:00+0000,0.434796,16402
20220416T07:00:00+0000,0.413461,16402
20220416T08:00:00+0000,0.407624,16402
20220416T09:00:00+0000,0.403781,16402
20220416T10:00:00+0000,0.395997,16402
20220416T11:00:00+0000,0.426848,16402
20220416T12:00:00+0000,0.498681,16402
20220416T13:00:00+0000,0.559388,16402
20220416T14:00:00+0000,0.602196,16386
20220416T15:00:00+0000,0.567171,16386
20220416T16:00:00+0000,0.469741,16386
20220416T17:00:00+0000,0.353154,16386
20220416T18:00:00+0000,0.29708,16386
20220416T19:00:00+0000,0.482014,16386
20220416T20:00:00+0000,0.36544,16386
20220416T21:00:00+0000,0.271473,16386
20220416T22:00:00+0000,0.30923,16386
20220416T23:00:00+0000,0.382056,16386
20220417T00:00:00+0000,0.401054,16386
20220417T01:00:00+0000,0.481097,16386
20220417T02:00:00+0000,0.499812,16386
20220417T03:00:00+0000,0.523496,16386
20220417T04:00:00+0000,0.519647,16402
20220417T05:00:00+0000,0.483924,16402
20220417T06:00:00+0000,0.46066,16402
20220417T07:00:00+0000,0.431736,16402
20220417T08:00:00+0000,0.413425,16402
20220417T09:00:00+0000,0.407606,16402
20220417T10:00:00+0000,0.426063,16402
20220417T11:00:00+0000,0.451314,16402
20220417T12:00:00+0000,0.515627,16402
20220417T13:00:00+0000,0.579175,16402
20220417T14:00:00+0000,0.640118,16386
20220417T15:00:00+0000,0.611625,16386
20220417T16:00:00+0000,0.562637,16386
20220417T17:00:00+0000,0.445891,16386
20220417T18:00:00+0000,0.391076,16386
20220417T19:00:00+0000,0.35399,16386
20220417T20:00:00+0000,0.313955,16386
20220417T21:00:00+0000,0.342451,16386
20220417T22:00:00+0000,0.389597,16386
20220417T23:00:00+0000,0.433246,16386
20220418T00:00:00+0000,0.47666,16386
20220418T01:00:00+0000,0.494807,16386
20220418T02:00:00+0000,0.511196,16386
20220418T03:00:00+0000,0.531916,16386
20220418T04:00:00+0000,0.505336,16402
20220418T05:00:00+0000,0.432956,16402
20220418T06:00:00+0000,0.38286,16402
20220418T07:00:00+0000,0.365377,16402
20220418T08:00:00+0000,0.359087,16402
20220418T09:00:00+0000,0.35191,16402
20220418T10:00:00+0000,0.362334,16402
20220418T11:00:00+0000,0.396096,16402
20220418T12:00:00+0000,0.46493,16402
20220418T13:00:00+0000,0.53632,16402
20220418T14:00:00+0000,0.576116,16386
20220418T15:00:00+0000,0.562069,16386
20220418T16:00:00+0000,0.564228,16386
20220418T17:00:00+0000,0.569675,16386
20220418T18:00:00+0000,0.577511,16386
20220418T19:00:00+0000,0.533636,16386
20220418T20:00:00+0000,0.504881,16386
20220418T21:00:00+0000,0.500903,16386
20220418T22:00:00+0000,0.518648,16386
20220418T23:00:00+0000,0.577962,16386
20220419T00:00:00+0000,0.519784,16386
20220419T01:00:00+0000,0.51087,16386
20220419T02:00:00+0000,0.559697,16386
20220419T03:00:00+0000,0.56165,16386
20220419T04:00:00+0000,0.522229,16402
20220419T05:00:00+0000,0.465046,16402
20220419T06:00:00+0000,0.418404,16402
20220419T07:00:00+0000,0.406456,16402
20220419T08:00:00+0000,0.398148,16402
20220419T09:00:00+0000,0.39571,16402
20220419T10:00:00+0000,0.409636,16402
20220419T11:00:00+0000,0.435342,16402
20220419T12:00:00+0000,0.523695,16402
20220419T13:00:00+0000,0.588683,16402
20220419T14:00:00+0000,0.612938,16386
20220419T15:00:00+0000,0.602988,16386
20220419T16:00:00+0000,0.590762,16386
20220419T17:00:00+0000,0.587583,16386
20220419T18:00:00+0000,0.566126,16386
20220419T19:00:00+0000,0.538965,16386
20220419T20:00:00+0000,0.509272,16386
20220419T21:00:00+0000,0.443523,16386
20220419T22:00:00+0000,0.452296,16386
20220419T23:00:00+0000,0.438006,16386
20220420T00:00:00+0000,0.533167,16386
20220420T01:00:00+0000,0.525314,16386
20220420T02:00:00+0000,0.534108,16386
20220420T03:00:00+0000,0.531166,16386
20220420T04:00:00+0000,0.507556,16402
20220420T05:00:00+0000,0.452608,16402
20220420T06:00:00+0000,0.400567,16402
20220420T07:00:00+0000,0.38661,16402
20220420T08:00:00+0000,0.378133,16402
20220420T09:00:00+0000,0.38514,16402
20220420T10:00:00+0000,0.40274,16402
20220420T11:00:00+0000,0.428919,16402
20220420T12:00:00+0000,0.497508,16402
20220420T13:00:00+0000,0.581741,16402
20220420T14:00:00+0000,0.605204,16386
20220420T15:00:00+0000,0.606592,16386
20220420T16:00:00+0000,0.600637,16386
20220420T17:00:00+0000,0.588483,16386
20220420T18:00:00+0000,0.56906,16386
20220420T19:00:00+0000,0.537903,16386
20220420T20:00:00+0000,0.487524,16386
20220420T21:00:00+0000,0.433592,16386
20220420T22:00:00+0000,0.442515,16386
20220420T23:00:00+0000,0.482984,16386
20220421T00:00:00+0000,0.486223,16386
20220421T01:00:00+0000,0.513367,16386
20220421T02:00:00+0000,0.520567,16386
20220421T03:00:00+0000,0.532873,16386
20220421T04:00:00+0000,0.501649,16402
20220421T05:00:00+0000,0.428358,16402
20220421T06:00:00+0000,0.38951,16402
20220421T07:00:00+0000,0.367763,16402
20220421T08:00:00+0000,0.35933,16402
20220421T09:00:00+0000,0.361866,16402
20220421T10:00:00+0000,0.373649,16402
20220421T11:00:00+0000,0.402009,16402
20220421T12:00:00+0000,0.473215,16402
20220421T13:00:00+0000,0.550731,16402
20220421T14:00:00+0000,0.566664,16386
20220421T15:00:00+0000,0.49751,16386
20220421T16:00:00+0000,0.473729,16386
20220421T17:00:00+0000,0.480428,16386
20220421T18:00:00+0000,0.431585,16386
20220421T19:00:00+0000,0.477219,16386
20220421T20:00:00+0000,0.391321,16386
20220421T21:00:00+0000,0.369846,16386
20220421T22:00:00+0000,0.379638,16386
20220421T23:00:00+0000,0.447236,16386
20220422T00:00:00+0000,0.416243,16386
20220422T01:00:00+0000,0.46557,16386
20220422T02:00:00+0000,0.484619,16386
20220422T03:00:00+0000,0.516814,16386
20220422T04:00:00+0000,0.490505,16402
20220422T05:00:00+0000,0.421488,16402
20220422T06:00:00+0000,0.395014,16402
20220422T07:00:00+0000,0.371719,16402
20220422T08:00:00+0000,0.36503,16402
20220422T09:00:00+0000,0.362595,16402
20220422T10:00:00+0000,0.37283,16402
20220422T11:00:00+0000,0.395405,16402
20220422T12:00:00+0000,0.461783,16402
20220422T13:00:00+0000,0.515219,16402
20220422T14:00:00+0000,0.553656,16386
20220422T15:00:00+0000,0.525809,16386
20220422T16:00:00+0000,0.499531,16386
20220422T17:00:00+0000,0.380484,16386
20220422T18:00:00+0000,0.250101,16386
20220422T19:00:00+0000,0.19396,16386
20220422T20:00:00+0000,0.282799,16386
20220422T21:00:00+0000,0.314669,16386
20220422T22:00:00+0000,0.198468,16386
20220422T23:00:00+0000,0.229065,16386
20220423T00:00:00+0000,0.294749,16386
20220423T01:00:00+0000,0.378311,16386
20220423T02:00:00+0000,0.400939,16386
20220423T03:00:00+0000,0.41878,16386
20220423T04:00:00+0000,0.404947,16402
20220423T05:00:00+0000,0.373564,16402
20220423T06:00:00+0000,0.348176,16402
20220423T07:00:00+0000,0.322984,16402
20220423T08:00:00+0000,0.317009,16402
20220423T09:00:00+0000,0.318288,16402
20220423T10:00:00+0000,0.340869,16402
20220423T11:00:00+0000,0.364383,16402
20220423T12:00:00+0000,0.413008,16402
20220423T13:00:00+0000,0.464171,16402
20220423T14:00:00+0000,0.506682,16386
20220423T15:00:00+0000,0.517881,16386
20220423T16:00:00+0000,0.413297,16386
20220423T17:00:00+0000,0.320074,16386
20220423T18:00:00+0000,0.242696,16386
20220423T19:00:00+0000,0.200904,16386
20220423T20:00:00+0000,0.160904,16386
20220423T21:00:00+0000,0.164529,16386
20220423T22:00:00+0000,0.168681,16386
20220423T23:00:00+0000,0.231841,16386
20220424T00:00:00+0000,0.293161,16386
20220424T01:00:00+0000,0.358805,16386
20220424T02:00:00+0000,0.395752,16386
20220424T03:00:00+0000,0.414461,16386
20220424T04:00:00+0000,0.40407,16402
20220424T05:00:00+0000,0.362338,16402
20220424T06:00:00+0000,0.321748,16402
20220424T07:00:00+0000,0.306233,16402
20220424T08:00:00+0000,0.291392,16402
20220424T09:00:00+0000,0.287422,16402
20220424T10:00:00+0000,0.30252,16402
20220424T11:00:00+0000,0.324815,16402
20220424T12:00:00+0000,0.376604,16402
20220424T13:00:00+0000,0.424384,16402
20220424T14:00:00+0000,0.445085,16386
20220424T15:00:00+0000,0.422379,16386
20220424T16:00:00+0000,0.368867,16386
20220424T17:00:00+0000,0.292042,16386
20220424T18:00:00+0000,0.213347,16386
20220424T19:00:00+0000,0.184407,16386
20220424T20:00:00+0000,0.157628,16386
20220424T21:00:00+0000,0.15355,16386
20220424T22:00:00+0000,0.182074,16386
20220424T23:00:00+0000,0.26468,16386
20220425T00:00:00+0000,0.328751,16386
20220425T01:00:00+0000,0.404962,16386
20220425T02:00:00+0000,0.42973,16386
20220425T03:00:00+0000,0.463156,16386
20220425T04:00:00+0000,0.436085,16402
20220425T05:00:00+0000,0.370052,16402
20220425T06:00:00+0000,0.31736,16402
20220425T07:00:00+0000,0.29186,16402
20220425T08:00:00+0000,0.27538,16402
20220425T09:00:00+0000,0.26901,16402
20220425T10:00:00+0000,0.267452,16402
20220425T11:00:00+0000,0.292787,16402
20220425T12:00:00+0000,0.343621,16402
20220425T13:00:00+0000,0.416515,16402
20220425T14:00:00+0000,0.439733,16386
20220425T15:00:00+0000,0.454946,16386
20220425T16:00:00+0000,0.467583,16386
20220425T17:00:00+0000,0.446579,16386
20220425T18:00:00+0000,0.406457,16386
20220425T19:00:00+0000,0.36216,16386
20220425T20:00:00+0000,0.368196,16386
20220425T21:00:00+0000,0.341279,16386
20220425T22:00:00+0000,0.314048,16386
20220425T23:00:00+0000,0.332639,16386
20220426T00:00:00+0000,0.378667,16386
20220426T01:00:00+0000,0.446689,16386
20220426T02:00:00+0000,0.470681,16386
20220426T03:00:00+0000,0.482775,16386
20220426T04:00:00+0000,0.447228,16402
20220426T05:00:00+0000,0.388194,16402
20220426T06:00:00+0000,0.336553,16402
20220426T07:00:00+0000,0.324463,16402
20220426T08:00:00+0000,0.322432,16402
20220426T09:00:00+0000,0.322062,16402
20220426T10:00:00+0000,0.336104,16402
20220426T11:00:00+0000,0.363714,16402
20220426T12:00:00+0000,0.442566,16402
20220426T13:00:00+0000,0.509927,16402
20220426T14:00:00+0000,0.537503,16386
20220426T15:00:00+0000,0.474757,16386
20220426T16:00:00+0000,0.418947,16386
20220426T17:00:00+0000,0.469726,16386
20220426T18:00:00+0000,0.32777,16386
20220426T19:00:00+0000,0.312426,16386
20220426T20:00:00+0000,0.289051,16386
20220426T21:00:00+0000,0.319008,16386
20220426T22:00:00+0000,0.263299,16386
20220426T23:00:00+0000,0.288235,16386
20220427T00:00:00+0000,0.356455,16386
20220427T01:00:00+0000,0.429655,16386
20220427T02:00:00+0000,0.474618,16386
20220427T03:00:00+0000,0.485699,16386
20220427T04:00:00+0000,0.459799,16402
20220427T05:00:00+0000,0.399636,16402
20220427T06:00:00+0000,0.355066,16402
20220427T07:00:00+0000,0.348077,16402
20220427T08:00:00+0000,0.338189,16402
20220427T09:00:00+0000,0.339643,16402
20220427T10:00:00+0000,0.346516,16402
20220427T11:00:00+0000,0.379836,16402
20220427T12:00:00+0000,0.446845,16402
20220427T13:00:00+0000,0.529315,16402
20220427T14:00:00+0000,0.542568,16386
20220427T15:00:00+0000,0.502577,16386
20220427T16:00:00+0000,0.375772,16386
20220427T17:00:00+0000,0.282006,16386
20220427T18:00:00+0000,0.377195,16386
20220427T19:00:00+0000,0.295355,16386
20220427T20:00:00+0000,0.292459,16386
20220427T21:00:00+0000,0.269013,16386
20220427T22:00:00+0000,0.330422,16386
20220427T23:00:00+0000,0.293651,16386
20220428T00:00:00+0000,0.3927,16386
20220428T01:00:00+0000,0.434481,16386
20220428T02:00:00+0000,0.451571,16386
20220428T03:00:00+0000,0.483344,16386
20220428T04:00:00+0000,0.445283,16402
20220428T05:00:00+0000,0.395824,16402
20220428T06:00:00+0000,0.346956,16402
20220428T07:00:00+0000,0.334208,16402
20220428T08:00:00+0000,0.327927,16402
20220428T09:00:00+0000,0.331524,16402
20220428T10:00:00+0000,0.332451,16402
20220428T11:00:00+0000,0.366066,16402
20220428T12:00:00+0000,0.43726,16402
20220428T13:00:00+0000,0.527568,16402
20220428T14:00:00+0000,0.536467,16386
20220428T15:00:00+0000,0.49167,16386
20220428T16:00:00+0000,0.425663,16386
20220428T17:00:00+0000,0.309851,16386
20220428T18:00:00+0000,0.312492,16386
20220428T19:00:00+0000,0.295083,16386
20220428T20:00:00+0000,0.297284,16386
20220428T21:00:00+0000,0.271085,16386
20220428T22:00:00+0000,0.248006,16386
20220428T23:00:00+0000,0.281097,16386
20220429T00:00:00+0000,0.368061,16386
20220429T01:00:00+0000,0.415105,16386
20220429T02:00:00+0000,0.438443,16386
20220429T03:00:00+0000,0.463836,16386
20220429T04:00:00+0000,0.432164,16402
20220429T05:00:00+0000,0.394719,16402
20220429T06:00:00+0000,0.348563,16402
20220429T07:00:00+0000,0.33442,16402
20220429T08:00:00+0000,0.330468,16402
20220429T09:00:00+0000,0.321562,16402
20220429T10:00:00+0000,0.338698,16402
20220429T11:00:00+0000,0.36068,16402
20220429T12:00:00+0000,0.417504,16402
20220429T13:00:00+0000,0.480801,16402
20220429T14:00:00+0000,0.493082,16386
20220429T15:00:00+0000,0.453179,16386
20220429T16:00:00+0000,0.452707,16386
20220429T17:00:00+0000,0.431531,16386
20220429T18:00:00+0000,0.388128,16386
20220429T19:00:00+0000,0.349323,16386
20220429T20:00:00+0000,0.314144,16386
20220429T21:00:00+0000,0.351221,16386
20220429T22:00:00+0000,0.365147,16386
20220429T23:00:00+0000,0.3788,16386
20220430T00:00:00+0000,0.391876,16386
20220430T01:00:00+0000,0.441421,16386
20220430T02:00:00+0000,0.451674,16386
20220430T03:00:00+0000,0.443924,16386
20220430T04:00:00+0000,0.430891,16402
20220430T05:00:00+0000,0.38393,16402
20220430T06:00:00+0000,0.35091,16402
20220430T07:00:00+0000,0.330724,16402
20220430T08:00:00+0000,0.313686,16402
20220430T09:00:00+0000,0.304678,16402
20220430T10:00:00+0000,0.306945,16402
20220430T11:00:00+0000,0.315675,16402
20220430T12:00:00+0000,0.346111,16402
20220430T13:00:00+0000,0.380305,16402
20220430T14:00:00+0000,0.407494,16386
20220430T15:00:00+0000,0.383969,16386
20220430T16:00:00+0000,0.384267,16386
20220430T17:00:00+0000,0.412598,16386
20220430T18:00:00+0000,0.354543,16386
20220430T19:00:00+0000,0.383286,16386
20220430T20:00:00+0000,0.324843,16386
20220430T21:00:00+0000,0.327059,16386
20220430T22:00:00+0000,0.2592,16386
20220430T23:00:00+0000,0.267498,16386
20220501T00:00:00+0000,0.320232,16386
20220501T01:00:00+0000,0.372483,16386
20220501T02:00:00+0000,0.386301,16386
20220501T03:00:00+0000,0.40896,16386
20220501T04:00:00+0000,0.399247,16402
20220501T05:00:00+0000,0.385619,16402
20220501T06:00:00+0000,0.344911,16402
20220501T07:00:00+0000,0.332057,16402
20220501T08:00:00+0000,0.309837,16402
20220501T09:00:00+0000,0.317315,16402
20220501T10:00:00+0000,0.317605,16402
20220501T11:00:00+0000,0.330995,16402
20220501T12:00:00+0000,0.362555,16402
20220501T13:00:00+0000,0.407894,16402
20220501T14:00:00+0000,0.437998,16386
20220501T15:00:00+0000,0.457432,16386
20220501T16:00:00+0000,0.39721,16386
20220501T17:00:00+0000,0.27437,16386
20220501T18:00:00+0000,0.33281,16386
20220501T19:00:00+0000,0.271403,16386
20220501T20:00:00+0000,0.20545,16386
20220501T21:00:00+0000,0.177428,16386
20220501T22:00:00+0000,0.204962,16386
20220501T23:00:00+0000,0.318428,16386
20220502T00:00:00+0000,0.33521,16386
20220502T01:00:00+0000,0.388493,16386
20220502T02:00:00+0000,0.421587,16386
20220502T03:00:00+0000,0.45458,16386
20220502T04:00:00+0000,0.425753,16402
20220502T05:00:00+0000,0.349728,16402
20220502T06:00:00+0000,0.310765,16402
20220502T07:00:00+0000,0.285009,16402
20220502T08:00:00+0000,0.271265,16402
20220502T09:00:00+0000,0.274005,16402
20220502T10:00:00+0000,0.284496,16402
20220502T11:00:00+0000,0.312039,16402
20220502T12:00:00+0000,0.374835,16402
20220502T13:00:00+0000,0.439753,16402
20220502T14:00:00+0000,0.459309,16386
20220502T15:00:00+0000,0.45517,16386
20220502T16:00:00+0000,0.421466,16386
20220502T17:00:00+0000,0.38383,16386
20220502T18:00:00+0000,0.395731,16386
20220502T19:00:00+0000,0.386668,16386
20220502T20:00:00+0000,0.345151,16386
20220502T21:00:00+0000,0.366916,16386
20220502T22:00:00+0000,0.412451,16386
20220502T23:00:00+0000,0.362684,16386
20220503T00:00:00+0000,0.404145,16386
20220503T01:00:00+0000,0.45373,16386
20220503T02:00:00+0000,0.468154,16386
20220503T03:00:00+0000,0.478724,16386
20220503T04:00:00+0000,0.454584,16402
20220503T05:00:00+0000,0.409737,16402
20220503T06:00:00+0000,0.365679,16402
20220503T07:00:00+0000,0.340765,16402
20220503T08:00:00+0000,0.327021,16402
20220503T09:00:00+0000,0.324406,16402
20220503T10:00:00+0000,0.333185,16402
20220503T11:00:00+0000,0.369594,16402
20220503T12:00:00+0000,0.433302,16402
20220503T13:00:00+0000,0.487033,16402
20220503T14:00:00+0000,0.523111,16386
20220503T15:00:00+0000,0.429744,16386
20220503T16:00:00+0000,0.337977,16386
20220503T17:00:00+0000,0.365386,16386
20220503T18:00:00+0000,0.253448,16386
20220503T19:00:00+0000,0.145502,16386
20220503T20:00:00+0000,0.240892,16386
20220503T21:00:00+0000,0.174985,16386
20220503T22:00:00+0000,0.233503,16386
20220503T23:00:00+0000,0.272418,16386
20220504T00:00:00+0000,0.334284,16386
20220504T01:00:00+0000,0.401441,16386
20220504T02:00:00+0000,0.406224,16386
20220504T03:00:00+0000,0.417225,16386
20220504T04:00:00+0000,0.404993,16402
20220504T05:00:00+0000,0.358081,16402
20220504T06:00:00+0000,0.31281,16402
20220504T07:00:00+0000,0.29889,16402
20220504T08:00:00+0000,0.28789,16402
20220504T09:00:00+0000,0.296782,16402
20220504T10:00:00+0000,0.305078,16402
20220504T11:00:00+0000,0.338565,16402
20220504T12:00:00+0000,0.404965,16402
20220504T13:00:00+0000,0.474527,16402
20220504T14:00:00+0000,0.472399,16386
20220504T15:00:00+0000,0.406548,16386
20220504T16:00:00+0000,0.346318,16386
20220504T17:00:00+0000,0.271687,16386
20220504T18:00:00+0000,0.224615,16386
20220504T19:00:00+0000,0.173364,16386
20220504T20:00:00+0000,0.124891,16386
20220504T21:00:00+0000,0.161229,16386
20220504T22:00:00+0000,0.196226,16386
20220504T23:00:00+0000,0.267117,16386
20220505T00:00:00+0000,0.348503,16386
20220505T01:00:00+0000,0.394272,16386
20220505T02:00:00+0000,0.414128,16386
20220505T03:00:00+0000,0.412847,16386
20220505T04:00:00+0000,0.378333,16402
20220505T05:00:00+0000,0.336344,16402
20220505T06:00:00+0000,0.288713,16402
20220505T07:00:00+0000,0.284114,16402
20220505T08:00:00+0000,0.267406,16402
20220505T09:00:00+0000,0.267458,16402
20220505T10:00:00+0000,0.270535,16402
20220505T11:00:00+0000,0.301059,16402
20220505T12:00:00+0000,0.358581,16402
20220505T13:00:00+0000,0.44054,16402
20220505T14:00:00+0000,0.485698,16386
20220505T15:00:00+0000,0.481697,16386
20220505T16:00:00+0000,0.469214,16386
20220505T17:00:00+0000,0.471049,16386
20220505T18:00:00+0000,0.489178,16386
20220505T19:00:00+0000,0.428877,16386
20220505T20:00:00+0000,0.367367,16386
20220505T21:00:00+0000,0.390606,16386
20220505T22:00:00+0000,0.388621,16386
20220505T23:00:00+0000,0.336711,16386
20220506T00:00:00+0000,0.386964,16386
20220506T01:00:00+0000,0.415388,16386
20220506T02:00:00+0000,0.424994,16386
20220506T03:00:00+0000,0.450482,16386
20220506T04:00:00+0000,0.421162,16402
20220506T05:00:00+0000,0.390251,16402
20220506T06:00:00+0000,0.338569,16402
20220506T07:00:00+0000,0.317961,16402
20220506T08:00:00+0000,0.302798,16402
20220506T09:00:00+0000,0.301485,16402
20220506T10:00:00+0000,0.307079,16402
20220506T11:00:00+0000,0.323129,16402
20220506T12:00:00+0000,0.374318,16402
20220506T13:00:00+0000,0.43331,16402
20220506T14:00:00+0000,0.454462,16386
20220506T15:00:00+0000,0.456545,16386
20220506T16:00:00+0000,0.468811,16386
20220506T17:00:00+0000,0.384785,16386
20220506T18:00:00+0000,0.398693,16386
20220506T19:00:00+0000,0.431477,16386
20220506T20:00:00+0000,0.397426,16386
20220506T21:00:00+0000,0.355706,16386
20220506T22:00:00+0000,0.307523,16386
20220506T23:00:00+0000,0.421759,16386
20220507T00:00:00+0000,0.426091,16386
20220507T01:00:00+0000,0.434916,16386
20220507T02:00:00+0000,0.431678,16386
20220507T03:00:00+0000,0.438769,16386
20220507T04:00:00+0000,0.420412,16402
20220507T05:00:00+0000,0.382732,16402
20220507T06:00:00+0000,0.346253,16402
20220507T07:00:00+0000,0.335131,16402
20220507T08:00:00+0000,0.308301,16402
20220507T09:00:00+0000,0.303132,16402
20220507T10:00:00+0000,0.305404,16402
20220507T11:00:00+0000,0.318752,16402
20220507T12:00:00+0000,0.356172,16402
20220507T13:00:00+0000,0.394352,16402
20220507T14:00:00+0000,0.459035,16386
20220507T15:00:00+0000,0.487971,16386
20220507T16:00:00+0000,0.482267,16386
20220507T17:00:00+0000,0.420297,16386
20220507T18:00:00+0000,0.447459,16386
20220507T19:00:00+0000,0.33072,16386
20220507T20:00:00+0000,0.242378,16386
20220507T21:00:00+0000,0.216354,16386
20220507T22:00:00+0000,0.244562,16386
20220507T23:00:00+0000,0.288322,16386
20220508T00:00:00+0000,0.342217,16386
20220508T01:00:00+0000,0.397163,16386
20220508T02:00:00+0000,0.44197,16386
20220508T03:00:00+0000,0.455173,16386
20220508T04:00:00+0000,0.452398,16402
20220508T05:00:00+0000,0.429233,16402
20220508T06:00:00+0000,0.386141,16402
20220508T07:00:00+0000,0.368886,16402
20220508T08:00:00+0000,0.34988,16402
20220508T09:00:00+0000,0.355126,16402
20220508T10:00:00+0000,0.360345,16402
20220508T11:00:00+0000,0.371151,16402
20220508T12:00:00+0000,0.410842,16402
20220508T13:00:00+0000,0.44048,16402
20220508T14:00:00+0000,0.488107,16386
20220508T15:00:00+0000,0.524229,16386
20220508T16:00:00+0000,0.548223,16386
20220508T17:00:00+0000,0.53636,16386
20220508T18:00:00+0000,0.450253,16386
20220508T19:00:00+0000,0.346718,16386
20220508T20:00:00+0000,0.352765,16386
20220508T21:00:00+0000,0.370447,16386
20220508T22:00:00+0000,0.400117,16386
20220508T23:00:00+0000,0.459569,16386
20220509T00:00:00+0000,0.462185,16386
20220509T01:00:00+0000,0.519942,16386
20220509T02:00:00+0000,0.505842,16386
20220509T03:00:00+0000,0.509292,16386
20220509T04:00:00+0000,0.514766,16402
20220509T05:00:00+0000,0.474501,16402
20220509T06:00:00+0000,0.421845,16402
20220509T07:00:00+0000,0.402004,16402
20220509T08:00:00+0000,0.39024,16402
20220509T09:00:00+0000,0.393205,16402
20220509T10:00:00+0000,0.417977,16402
20220509T11:00:00+0000,0.448696,16402
20220509T12:00:00+0000,0.517459,16402
20220509T13:00:00+0000,0.600986,16402
20220509T14:00:00+0000,0.621008,16386
20220509T15:00:00+0000,0.55528,16386
20220509T16:00:00+0000,0,16386
20220509T17:00:00+0000,0.023807,16386
20220509T18:00:00+0000,0.203707,16386
20220509T19:00:00+0000,0.412084,16386
20220509T20:00:00+0000,0.378591,16386
20220509T21:00:00+0000,0.371534,16386
20220509T22:00:00+0000,0.443225,16386
20220509T23:00:00+0000,0.433155,16386
20220510T00:00:00+0000,0.434549,16386
20220510T01:00:00+0000,0.490039,16386
20220510T02:00:00+0000,0.472466,16386
20220510T03:00:00+0000,0.480592,16386
20220510T04:00:00+0000,0.483964,16402
20220510T05:00:00+0000,0.438045,16402
20220510T06:00:00+0000,0.391818,16402
20220510T07:00:00+0000,0.371424,16402
20220510T08:00:00+0000,0.371263,16402
20220510T09:00:00+0000,0.365357,16402
20220510T10:00:00+0000,0.37261,16402
20220510T11:00:00+0000,0.410895,16402
20220510T12:00:00+0000,0.489874,16402
20220510T13:00:00+0000,0.568633,16402
20220510T14:00:00+0000,0.54419,16386
20220510T15:00:00+0000,0.437854,16386
20220510T16:00:00+0000,0.344906,16386
20220510T17:00:00+0000,0.2907,16386
20220510T18:00:00+0000,0.235929,16386
20220510T19:00:00+0000,0.244059,16386
20220510T20:00:00+0000,0.134054,16386
20220510T21:00:00+0000,0.181269,16386
20220510T22:00:00+0000,0.222897,16386
20220510T23:00:00+0000,0.310619,16386
20220511T00:00:00+0000,0.325504,16386
20220511T01:00:00+0000,0.405311,16386
20220511T02:00:00+0000,0.436125,16386
20220511T03:00:00+0000,0.44654,16386
20220511T04:00:00+0000,0.431933,16402
20220511T05:00:00+0000,0.391986,16402
20220511T06:00:00+0000,0.341952,16402
20220511T07:00:00+0000,0.328604,16402
20220511T08:00:00+0000,0.329017,16402
20220511T09:00:00+0000,0.333721,16402
20220511T10:00:00+0000,0.352317,16402
20220511T11:00:00+0000,0.389278,16402
20220511T12:00:00+0000,0.479454,16402
20220511T13:00:00+0000,0.553628,16402
20220511T14:00:00+0000,0.530133,16386
20220511T15:00:00+0000,0.438879,16386
20220511T16:00:00+0000,0.335042,16386
20220511T17:00:00+0000,0.243325,16386
20220511T18:00:00+0000,0.204132,16386
20220511T19:00:00+0000,0.292663,16386
20220511T20:00:00+0000,0.19162,16386
20220511T21:00:00+0000,0.238666,16386
20220511T22:00:00+0000,0.326124,16386
20220511T23:00:00+0000,0.344556,16386
20220512T00:00:00+0000,0.378351,16386
20220512T01:00:00+0000,0.451709,16386
20220512T02:00:00+0000,0.46809,16386
20220512T03:00:00+0000,0.47035,16386
20220512T04:00:00+0000,0.440164,16386
20220512T05:00:00+0000,0.39202,16402
20220512T06:00:00+0000,0.341739,16402
20220512T07:00:00+0000,0.319226,16402
20220512T08:00:00+0000,0.315766,16402
20220512T09:00:00+0000,0.306958,16402
20220512T10:00:00+0000,0.328707,16402
20220512T11:00:00+0000,0.348919,16402
20220512T12:00:00+0000,0.43185,16402
20220512T13:00:00+0000,0.502536,16402
20220512T14:00:00+0000,0.535738,16386
20220512T15:00:00+0000,0.531031,16386
20220512T16:00:00+0000,0.525632,16386
20220512T17:00:00+0000,0.525485,16386
20220512T18:00:00+0000,0.484247,16386
20220512T19:00:00+0000,0.416141,16386
20220512T20:00:00+0000,0.437917,16386
20220512T21:00:00+0000,0.46212,16386
20220512T22:00:00+0000,0.442866,16386
20220512T23:00:00+0000,0.348935,16386
20220513T00:00:00+0000,0.41012,16386
20220513T01:00:00+0000,0.443152,16386
20220513T02:00:00+0000,0.475977,16386
20220513T03:00:00+0000,0.468988,16386
20220513T04:00:00+0000,0.479957,16386
20220513T05:00:00+0000,0.44241,16402
20220513T06:00:00+0000,0.399718,16402
20220513T07:00:00+0000,0.393408,16402
20220513T08:00:00+0000,0.376159,16402
20220513T09:00:00+0000,0.37648,16402
20220513T10:00:00+0000,0.400703,16402
20220513T11:00:00+0000,0.441201,16402
20220513T12:00:00+0000,0.515152,16402
20220513T13:00:00+0000,0.559341,16402
20220513T14:00:00+0000,0.563339,16386
20220513T15:00:00+0000,0.520903,16386
20220513T16:00:00+0000,0.470298,16386
20220513T17:00:00+0000,0.399844,16386
20220513T18:00:00+0000,0.309594,16386
20220513T19:00:00+0000,0.304356,16386
20220513T20:00:00+0000,0.321036,16386
20220513T21:00:00+0000,0.360853,16386
20220513T22:00:00+0000,0.373868,16386
20220513T23:00:00+0000,0.413582,16386
20220514T00:00:00+0000,0.456488,16386
20220514T01:00:00+0000,0.473415,16386
20220514T02:00:00+0000,0.469347,16386
20220514T03:00:00+0000,0.470336,16386
20220514T04:00:00+0000,0.440481,16386
20220514T05:00:00+0000,0.393704,16402
20220514T06:00:00+0000,0.355361,16402
20220514T07:00:00+0000,0.325963,16402
20220514T08:00:00+0000,0.312818,16402
20220514T09:00:00+0000,0.299955,16402
20220514T10:00:00+0000,0.301749,16402
20220514T11:00:00+0000,0.311381,16402
20220514T12:00:00+0000,0.346769,16402
20220514T13:00:00+0000,0.376351,16402
20220514T14:00:00+0000,0.390435,16386
20220514T15:00:00+0000,0.415782,16386
20220514T16:00:00+0000,0.418779,16386
20220514T17:00:00+0000,0.319711,16386
20220514T18:00:00+0000,0.280373,16386
20220514T19:00:00+0000,0.178679,16386
20220514T20:00:00+0000,0.13414,16386
20220514T21:00:00+0000,0.125808,16386
20220514T22:00:00+0000,0.146158,16386
20220514T23:00:00+0000,0.252495,16386
20220515T00:00:00+0000,0.271717,16386
20220515T01:00:00+0000,0.349169,16386
20220515T02:00:00+0000,0.387466,16386
20220515T03:00:00+0000,0.388749,16386
20220515T04:00:00+0000,0.376667,16386
20220515T05:00:00+0000,0.334178,16402
20220515T06:00:00+0000,0.302323,16402
20220515T07:00:00+0000,0.265164,16402
20220515T08:00:00+0000,0.249621,16402
20220515T09:00:00+0000,0.241151,16402
20220515T10:00:00+0000,0.239398,16402
20220515T11:00:00+0000,0.246783,16402
20220515T12:00:00+0000,0.266465,16402
20220515T13:00:00+0000,0.288437,16402
20220515T14:00:00+0000,0.318745,16386
20220515T15:00:00+0000,0.33899,16386
20220515T16:00:00+0000,0.36632,16386
20220515T17:00:00+0000,0.371481,16386
20220515T18:00:00+0000,0.396913,16386
20220515T19:00:00+0000,0.347552,16386
20220515T20:00:00+0000,0.345461,16386
20220515T21:00:00+0000,0.310694,16386
20220515T22:00:00+0000,0.295025,16386
20220515T23:00:00+0000,0.283843,16386
20220516T00:00:00+0000,0.378979,16386
20220516T01:00:00+0000,0.426665,16386
20220516T02:00:00+0000,0.433559,16386
20220516T03:00:00+0000,0.435678,16386
20220516T04:00:00+0000,0.405758,16386
20220516T05:00:00+0000,0.352564,16402
20220516T06:00:00+0000,0.299746,16402
20220516T07:00:00+0000,0.272285,16402
20220516T08:00:00+0000,0.251759,16402
20220516T09:00:00+0000,0.25046,16402
20220516T10:00:00+0000,0.253206,16402
20220516T11:00:00+0000,0.275468,16402
20220516T12:00:00+0000,0.323862,16402
20220516T13:00:00+0000,0.378801,16402
20220516T14:00:00+0000,0.385719,16386
20220516T15:00:00+0000,0.311546,16386
20220516T16:00:00+0000,0.358402,16386
20220516T17:00:00+0000,0.341198,16386
20220516T18:00:00+0000,0.31141,16386
20220516T19:00:00+0000,0.207643,16386
20220516T20:00:00+0000,0.194717,16386
20220516T21:00:00+0000,0.224092,16386
20220516T22:00:00+0000,0.170283,16386
20220516T23:00:00+0000,0.217543,16386
20220517T00:00:00+0000,0.300341,16386
20220517T01:00:00+0000,0.387375,16386
20220517T02:00:00+0000,0.417955,16386
20220517T03:00:00+0000,0.424187,16386
20220517T04:00:00+0000,0.396985,16386
20220517T05:00:00+0000,0.35702,16402
20220517T06:00:00+0000,0.299475,16402
20220517T07:00:00+0000,0.283641,16402
20220517T08:00:00+0000,0.277891,16402
20220517T09:00:00+0000,0.280568,16402
20220517T10:00:00+0000,0.289107,16402
20220517T11:00:00+0000,0.315734,16402
20220517T12:00:00+0000,0.388874,16402
20220517T13:00:00+0000,0.460307,16402
20220517T14:00:00+0000,0.464092,16386
20220517T15:00:00+0000,0.407146,16386
20220517T16:00:00+0000,0.285044,16386
20220517T17:00:00+0000,0.23421,16386
20220517T18:00:00+0000,0.16228,16386
20220517T19:00:00+0000,0.136519,16386
20220517T20:00:00+0000,0.157723,16386
20220517T21:00:00+0000,0.156931,16386
20220517T22:00:00+0000,0.199856,16386
20220517T23:00:00+0000,0.256386,16386
20220518T00:00:00+0000,0.323442,16386
20220518T01:00:00+0000,0.393017,16386
20220518T02:00:00+0000,0.404852,16386
20220518T03:00:00+0000,0.407228,16386
20220518T04:00:00+0000,0.40565,16386
20220518T05:00:00+0000,0.359826,16402
20220518T06:00:00+0000,0.306992,16402
20220518T07:00:00+0000,0.284383,16402
20220518T08:00:00+0000,0.278291,16402
20220518T09:00:00+0000,0.265267,16402
20220518T10:00:00+0000,0.275477,16402
20220518T11:00:00+0000,0.306234,16402
20220518T12:00:00+0000,0.370921,16402
20220518T13:00:00+0000,0.449514,16402
20220518T14:00:00+0000,0.497398,16386
20220518T15:00:00+0000,0.483313,16386
20220518T16:00:00+0000,0.463593,16386
20220518T17:00:00+0000,0.457092,16386
20220518T18:00:00+0000,0.455442,16386
20220518T19:00:00+0000,0.371702,16386
20220518T20:00:00+0000,0.263726,16386
20220518T21:00:00+0000,0.219163,16386
20220518T22:00:00+0000,0.233482,16386
20220518T23:00:00+0000,0.304509,16386
20220519T00:00:00+0000,0.370443,16386
20220519T01:00:00+0000,0.397687,16386
20220519T02:00:00+0000,0.42477,16386
20220519T03:00:00+0000,0.44651,16386
20220519T04:00:00+0000,0.417822,16386
20220519T05:00:00+0000,0.389475,16402
20220519T06:00:00+0000,0.332522,16402
20220519T07:00:00+0000,0.314446,16402
20220519T08:00:00+0000,0.310838,16402
20220519T09:00:00+0000,0.311166,16402
20220519T10:00:00+0000,0.31996,16402
20220519T11:00:00+0000,0.362913,16402
20220519T12:00:00+0000,0.444212,16402
20220519T13:00:00+0000,0.501578,16402
20220519T14:00:00+0000,0.500704,16386
20220519T15:00:00+0000,0.424171,16386
20220519T16:00:00+0000,0.406356,16386
20220519T17:00:00+0000,0.304396,16386
20220519T18:00:00+0000,0.225003,16386
20220519T19:00:00+0000,0.268604,16386
20220519T20:00:00+0000,0.294632,16386
20220519T21:00:00+0000,0.220289,16386
20220519T22:00:00+0000,0.193721,16386
20220519T23:00:00+0000,0.262224,16386
20220520T00:00:00+0000,0.348343,16386
20220520T01:00:00+0000,0.422698,16386
20220520T02:00:00+0000,0.426913,16386
20220520T03:00:00+0000,0.430387,16386
20220520T04:00:00+0000,0.415208,16386
20220520T05:00:00+0000,0.387726,16402
20220520T06:00:00+0000,0.330095,16402
20220520T07:00:00+0000,0.329657,16402
20220520T08:00:00+0000,0.333214,16402
20220520T09:00:00+0000,0.335763,16402
20220520T10:00:00+0000,0.343932,16402
20220520T11:00:00+0000,0.384939,16402
20220520T12:00:00+0000,0.461708,16402
20220520T13:00:00+0000,0.523954,16402
20220520T14:00:00+0000,0.498235,16386
20220520T15:00:00+0000,0.395173,16386
20220520T16:00:00+0000,0.311561,16386
20220520T17:00:00+0000,0.249399,16386
20220520T18:00:00+0000,0.237782,16386
20220520T19:00:00+0000,0.186437,16386
20220520T20:00:00+0000,0.237556,16386
20220520T21:00:00+0000,0.231019,16386
20220520T22:00:00+0000,0.247313,16386
20220520T23:00:00+0000,0.23631,16386
20220521T00:00:00+0000,0.293873,16386
20220521T01:00:00+0000,0.36993,16386
20220521T02:00:00+0000,0.380007,16386
20220521T03:00:00+0000,0.388132,16386
20220521T04:00:00+0000,0.390666,16386
20220521T05:00:00+0000,0.349856,16402
20220521T06:00:00+0000,0.318045,16402
20220521T07:00:00+0000,0.301529,16402
20220521T08:00:00+0000,0.290406,16402
20220521T09:00:00+0000,0.289105,16402
20220521T10:00:00+0000,0.300376,16402
20220521T11:00:00+0000,0.319439,16402
20220521T12:00:00+0000,0.365115,16402
20220521T13:00:00+0000,0.4057,16402
20220521T14:00:00+0000,0.426078,16386
20220521T15:00:00+0000,0.356199,16386
20220521T16:00:00+0000,0.280683,16386
20220521T17:00:00+0000,0.200548,16386
20220521T18:00:00+0000,0.152849,16386
20220521T19:00:00+0000,0.111077,16386
20220521T20:00:00+0000,0.098558,16386
20220521T21:00:00+0000,0.099964,16386
20220521T22:00:00+0000,0.15307,16386
20220521T23:00:00+0000,0.20719,16386
20220522T00:00:00+0000,0.311008,16386
20220522T01:00:00+0000,0.33792,16386
20220522T02:00:00+0000,0.355046,16386
20220522T03:00:00+0000,0.349786,16386
20220522T04:00:00+0000,0.362256,16386
20220522T05:00:00+0000,0.344663,16402
20220522T06:00:00+0000,0.297838,16402
20220522T07:00:00+0000,0.267424,16402
20220522T08:00:00+0000,0.249854,16402
20220522T09:00:00+0000,0.244563,16402
20220522T10:00:00+0000,0.250531,16402
20220522T11:00:00+0000,0.267255,16402
20220522T12:00:00+0000,0.297821,16402
20220522T13:00:00+0000,0.333347,16402
20220522T14:00:00+0000,0.330629,16386
20220522T15:00:00+0000,0.308375,16386
20220522T16:00:00+0000,0.254504,16386
20220522T17:00:00+0000,0.195292,16386
20220522T18:00:00+0000,0.17479,16386
20220522T19:00:00+0000,0.160308,16386
20220522T20:00:00+0000,0.135034,16386
20220522T21:00:00+0000,0.144467,16386
20220522T22:00:00+0000,0.181248,16386
20220522T23:00:00+0000,0.295336,16386
20220523T00:00:00+0000,0.358451,16386
20220523T01:00:00+0000,0.404805,16386
20220523T02:00:00+0000,0.428505,16386
20220523T03:00:00+0000,0.43277,16386
20220523T04:00:00+0000,0.39495,16386
20220523T05:00:00+0000,0.339658,16402
20220523T06:00:00+0000,0.284923,16402
20220523T07:00:00+0000,0.26518,16402
20220523T08:00:00+0000,0.249187,16402
20220523T09:00:00+0000,0.235522,16402
20220523T10:00:00+0000,0.23138,16402
20220523T11:00:00+0000,0.254474,16402
20220523T12:00:00+0000,0.315573,16402
20220523T13:00:00+0000,0.356045,16402
20220523T14:00:00+0000,0.353461,16386
20220523T15:00:00+0000,0.303601,16386
20220523T16:00:00+0000,0.236995,16386
20220523T17:00:00+0000,0.256145,16386
20220523T18:00:00+0000,0.176532,16386
20220523T19:00:00+0000,0.149985,16386
20220523T20:00:00+0000,0.162348,16386
20220523T21:00:00+0000,0.156115,16386
20220523T22:00:00+0000,0.174283,16386
20220523T23:00:00+0000,0.234672,16386
20220524T00:00:00+0000,0.311321,16386
20220524T01:00:00+0000,0.376742,16386
20220524T02:00:00+0000,0.40177,16386
20220524T03:00:00+0000,0.403229,16386
20220524T04:00:00+0000,0.385561,16386
20220524T05:00:00+0000,0.336473,16402
20220524T06:00:00+0000,0.281675,16402
20220524T07:00:00+0000,0.257363,16402
20220524T08:00:00+0000,0.249643,16402
20220524T09:00:00+0000,0.249255,16402
20220524T10:00:00+0000,0.250963,16402
20220524T11:00:00+0000,0.27444,16402
20220524T12:00:00+0000,0.330365,16402
20220524T13:00:00+0000,0.387402,16402
20220524T14:00:00+0000,0.382287,16386
20220524T15:00:00+0000,0.319926,16386
20220524T16:00:00+0000,0.301087,16386
20220524T17:00:00+0000,0.299718,16386
20220524T18:00:00+0000,0.284553,16386
20220524T19:00:00+0000,0.249347,16386
20220524T20:00:00+0000,0.233415,16386
20220524T21:00:00+0000,0.292363,16386
20220524T22:00:00+0000,0.310625,16386
20220524T23:00:00+0000,0.339277,16386
20220525T00:00:00+0000,0.348224,16386
20220525T01:00:00+0000,0.380584,16386
20220525T02:00:00+0000,0.392815,16386
20220525T03:00:00+0000,0.386726,16386
20220525T04:00:00+0000,0.381531,16386
20220525T05:00:00+0000,0.326377,16402
20220525T06:00:00+0000,0.280558,16402
20220525T07:00:00+0000,0.251664,16402
20220525T08:00:00+0000,0.249533,16402
20220525T09:00:00+0000,0.245446,16402
20220525T10:00:00+0000,0.242231,16402
20220525T11:00:00+0000,0.258129,16402
20220525T12:00:00+0000,0.301137,16402
20220525T13:00:00+0000,0.350005,16402
20220525T14:00:00+0000,0.374889,16386
20220525T15:00:00+0000,0.302683,16386
20220525T16:00:00+0000,0.302718,16386
20220525T17:00:00+0000,0.208804,16386
20220525T18:00:00+0000,0.187165,16386
20220525T19:00:00+0000,0.195648,16386
20220525T20:00:00+0000,0.141676,16386
20220525T21:00:00+0000,0.183314,16386
20220525T22:00:00+0000,0.209748,16386
20220525T23:00:00+0000,0.281753,16386
20220526T00:00:00+0000,0.315535,16386
20220526T01:00:00+0000,0.369467,16386
20220526T02:00:00+0000,0.398879,16386
20220526T03:00:00+0000,0.398698,16386
20220526T04:00:00+0000,0.384972,16386
20220526T05:00:00+0000,0.328708,16402
20220526T06:00:00+0000,0.280616,16402
20220526T07:00:00+0000,0.249781,16402
20220526T08:00:00+0000,0.240511,16402
20220526T09:00:00+0000,0.232366,16402
20220526T10:00:00+0000,0.232345,16402
20220526T11:00:00+0000,0.248986,16402
20220526T12:00:00+0000,0.28727,16402
20220526T13:00:00+0000,0.333707,16402
20220526T14:00:00+0000,0.365959,16386
20220526T15:00:00+0000,0.364134,16386
20220526T16:00:00+0000,0.360255,16386
20220526T17:00:00+0000,0.279927,16386
20220526T18:00:00+0000,0.244861,16386
20220526T19:00:00+0000,0.273159,16386
20220526T20:00:00+0000,0.299103,16386
20220526T21:00:00+0000,0.308145,16386
20220526T22:00:00+0000,0.332269,16386
20220526T23:00:00+0000,0.353652,16386
20220527T00:00:00+0000,0.38391,16386
20220527T01:00:00+0000,0.362274,16386
20220527T02:00:00+0000,0.360839,16386
20220527T03:00:00+0000,0.360217,16386
20220527T04:00:00+0000,0.354482,16386
20220527T05:00:00+0000,0.32186,16402
20220527T06:00:00+0000,0.269676,16402
20220527T07:00:00+0000,0.239713,16402
20220527T08:00:00+0000,0.231985,16402
20220527T09:00:00+0000,0.219573,16402
20220527T10:00:00+0000,0.22952,16402
20220527T11:00:00+0000,0.236867,16402
20220527T12:00:00+0000,0.283336,16402
20220527T13:00:00+0000,0.31294,16402
20220527T14:00:00+0000,0.345847,16386
20220527T15:00:00+0000,0.347629,16386
20220527T16:00:00+0000,0.366864,16386
20220527T17:00:00+0000,0.362046,16386
20220527T18:00:00+0000,0.326714,16386
20220527T19:00:00+0000,0.321685,16386
20220527T20:00:00+0000,0.302169,16386
20220527T21:00:00+0000,0.268576,16386
20220527T22:00:00+0000,0.331194,16386
20220527T23:00:00+0000,0.297189,16386
20220528T00:00:00+0000,0.293655,16386
20220528T01:00:00+0000,0.322731,16386
20220528T02:00:00+0000,0.353348,16386
20220528T03:00:00+0000,0.36306,16386
20220528T04:00:00+0000,0.363767,16386
20220528T05:00:00+0000,0.336031,16402
20220528T06:00:00+0000,0.284614,16402
20220528T07:00:00+0000,0.268302,16402
20220528T08:00:00+0000,0.248673,16402
20220528T09:00:00+0000,0.246388,16402
20220528T10:00:00+0000,0.250371,16402
20220528T11:00:00+0000,0.252437,16402
20220528T12:00:00+0000,0.276912,16402
20220528T13:00:00+0000,0.301025,16402
20220528T14:00:00+0000,0.339695,16386
20220528T15:00:00+0000,0.368173,16386
20220528T16:00:00+0000,0.329316,16386
20220528T17:00:00+0000,0.329054,16386
20220528T18:00:00+0000,0.396703,16386
20220528T19:00:00+0000,0.404617,16386
20220528T20:00:00+0000,0.384487,16386
20220528T21:00:00+0000,0.348975,16386
20220528T22:00:00+0000,0.334346,16386
20220528T23:00:00+0000,0.333392,16386
20220529T00:00:00+0000,0.356473,16386
20220529T01:00:00+0000,0.389605,16386
20220529T02:00:00+0000,0.382468,16386
20220529T03:00:00+0000,0.384938,16386
20220529T04:00:00+0000,0.37165,16386
20220529T05:00:00+0000,0.344196,16402
20220529T06:00:00+0000,0.319664,16402
20220529T07:00:00+0000,0.287463,16402
20220529T08:00:00+0000,0.270886,16402
20220529T09:00:00+0000,0.266889,16402
20220529T10:00:00+0000,0.268034,16402
20220529T11:00:00+0000,0.276654,16402
20220529T12:00:00+0000,0.298986,16402
20220529T13:00:00+0000,0.329512,16402
20220529T14:00:00+0000,0.366118,16386
20220529T15:00:00+0000,0.365099,16386
20220529T16:00:00+0000,0.295714,16386
20220529T17:00:00+0000,0.276282,16386
20220529T18:00:00+0000,0.312062,16386
20220529T19:00:00+0000,0.295898,16386
20220529T20:00:00+0000,0.217352,16386
20220529T21:00:00+0000,0.213818,16386
20220529T22:00:00+0000,0.192429,16386
20220529T23:00:00+0000,0.245941,16386
20220530T00:00:00+0000,0.318149,16386
20220530T01:00:00+0000,0.382685,16386
20220530T02:00:00+0000,0.399516,16386
20220530T03:00:00+0000,0.404102,16386
20220530T04:00:00+0000,0.395812,16386
20220530T05:00:00+0000,0.36757,16402
20220530T06:00:00+0000,0.319113,16402
20220530T07:00:00+0000,0.299173,16402
20220530T08:00:00+0000,0.289732,16402
20220530T09:00:00+0000,0.277375,16402
20220530T10:00:00+0000,0.288374,16402
20220530T11:00:00+0000,0.296406,16402
20220530T12:00:00+0000,0.322299,16402
20220530T13:00:00+0000,0.359133,16402
20220530T14:00:00+0000,0.383524,16386
20220530T15:00:00+0000,0.402054,16386
20220530T16:00:00+0000,0.408712,16386
20220530T17:00:00+0000,0.299307,16386
20220530T18:00:00+0000,0.275131,16386
20220530T19:00:00+0000,0.205353,16386
20220530T20:00:00+0000,0.230092,16386
20220530T21:00:00+0000,0.245165,16386
20220530T22:00:00+0000,0.261102,16386
20220530T23:00:00+0000,0.291409,16386
20220531T00:00:00+0000,0.329551,16386
20220531T01:00:00+0000,0.370234,16386
20220531T02:00:00+0000,0.40511,16386
20220531T03:00:00+0000,0.416397,16386
20220531T04:00:00+0000,0.408435,16386
20220531T05:00:00+0000,0.354206,16402
20220531T06:00:00+0000,0.302679,16402
20220531T07:00:00+0000,0.281599,16402
20220531T08:00:00+0000,0.27548,16402
20220531T09:00:00+0000,0.2615,16402
20220531T10:00:00+0000,0.26705,16402
20220531T11:00:00+0000,0.28534,16402
20220531T12:00:00+0000,0.34461,16402
20220531T13:00:00+0000,0.403226,16402
20220531T14:00:00+0000,0.401259,16386
20220531T15:00:00+0000,0.331077,16386
20220531T16:00:00+0000,0.243084,16386
20220531T17:00:00+0000,0.210123,16386
20220531T18:00:00+0000,0.156403,16386
20220531T19:00:00+0000,0.132988,16386
20220531T20:00:00+0000,0.139929,16386
20220531T21:00:00+0000,0.141388,16386
20220531T22:00:00+0000,0.191164,16386
20220531T23:00:00+0000,0.255394,16386
20220601T00:00:00+0000,0.313203,16386
20220601T01:00:00+0000,0.376733,16386
20220601T02:00:00+0000,0.413091,16386
20220601T03:00:00+0000,0.400654,16386
20220601T04:00:00+0000,0.393766,16386
20220601T05:00:00+0000,0.34831,16402
20220601T06:00:00+0000,0.287555,16402
20220601T07:00:00+0000,0.249686,16402
20220601T08:00:00+0000,0.235364,16402
20220601T09:00:00+0000,0.232002,16402
20220601T10:00:00+0000,0.23264,16402
20220601T11:00:00+0000,0.247572,16402
20220601T12:00:00+0000,0.280562,16402
20220601T13:00:00+0000,0.327989,16402
20220601T14:00:00+0000,0.345437,16386
20220601T15:00:00+0000,0.316872,16386
20220601T16:00:00+0000,0.296226,16386
20220601T17:00:00+0000,0.252584,16386
20220601T18:00:00+0000,0.210863,16386
20220601T19:00:00+0000,0.221028,16386
20220601T20:00:00+0000,0.163525,16386
20220601T21:00:00+0000,0.155862,16386
20220601T22:00:00+0000,0.225555,16386
20220601T23:00:00+0000,0.271639,16386
20220602T00:00:00+0000,0.338844,16386
20220602T01:00:00+0000,0.403942,16386
20220602T02:00:00+0000,0.427482,16386
20220602T03:00:00+0000,0.406793,16386
20220602T04:00:00+0000,0.392955,16386
20220602T05:00:00+0000,0.34066,16402
20220602T06:00:00+0000,0.282845,16402
20220602T07:00:00+0000,0.253339,16402
20220602T08:00:00+0000,0.243328,16402
20220602T09:00:00+0000,0.232232,16402
20220602T10:00:00+0000,0.232461,16402
20220602T11:00:00+0000,0.248645,16402
20220602T12:00:00+0000,0.291384,16402
20220602T13:00:00+0000,0.331958,16386
20220602T14:00:00+0000,0.344575,16386
20220602T15:00:00+0000,0.310804,16386
20220602T16:00:00+0000,0.319922,16386
20220602T17:00:00+0000,0.306851,16386
20220602T18:00:00+0000,0.261543,16386
20220602T19:00:00+0000,0.247113,16386
20220602T20:00:00+0000,0.244147,16386
20220602T21:00:00+0000,0.276299,16386
20220602T22:00:00+0000,0.328859,16386
20220602T23:00:00+0000,0.327823,16386
20220603T00:00:00+0000,0.366471,16386
20220603T01:00:00+0000,0.384292,16386
20220603T02:00:00+0000,0.398597,16386
20220603T03:00:00+0000,0.390369,16386
20220603T04:00:00+0000,0.369552,16386
20220603T05:00:00+0000,0.333129,16402
20220603T06:00:00+0000,0.288552,16402
20220603T07:00:00+0000,0.249484,16402
20220603T08:00:00+0000,0.232592,16402
20220603T09:00:00+0000,0.232522,16402
20220603T10:00:00+0000,0.23282,16402
20220603T11:00:00+0000,0.23682,16402
20220603T12:00:00+0000,0.280362,16402
20220603T13:00:00+0000,0.329106,16386
20220603T14:00:00+0000,0.358542,16386
20220603T15:00:00+0000,0.349105,16386
20220603T16:00:00+0000,0.342222,16386
20220603T17:00:00+0000,0.356235,16386
20220603T18:00:00+0000,0.285201,16386
20220603T19:00:00+0000,0.302812,16386
20220603T20:00:00+0000,0.313611,16386
20220603T21:00:00+0000,0.315054,16386
20220603T22:00:00+0000,0.328522,16386
20220603T23:00:00+0000,0.351269,16386
20220604T00:00:00+0000,0.371503,16386
20220604T01:00:00+0000,0.378328,16386
20220604T02:00:00+0000,0.372088,16386
20220604T03:00:00+0000,0.371585,16386
20220604T04:00:00+0000,0.359445,16386
20220604T05:00:00+0000,0.316869,16402
20220604T06:00:00+0000,0.29037,16402
20220604T07:00:00+0000,0.255824,16402
20220604T08:00:00+0000,0.240772,16402
20220604T09:00:00+0000,0.237218,16402
20220604T10:00:00+0000,0.232345,16402
20220604T11:00:00+0000,0.235251,16402
20220604T12:00:00+0000,0.265727,16402
20220604T13:00:00+0000,0.294963,16386
20220604T14:00:00+0000,0.338361,16386
20220604T15:00:00+0000,0.358391,16386
20220604T16:00:00+0000,0.35009,16386
20220604T17:00:00+0000,0.388842,16386
20220604T18:00:00+0000,0.366213,16386
20220604T19:00:00+0000,0.374627,16386
20220604T20:00:00+0000,0.365432,16386
20220604T21:00:00+0000,0.343483,16386
20220604T22:00:00+0000,0.349017,16386
20220604T23:00:00+0000,0.378018,16386
20220605T00:00:00+0000,0.391174,16386
20220605T01:00:00+0000,0.377996,16386
20220605T02:00:00+0000,0.379058,16386
20220605T03:00:00+0000,0.375178,16386
20220605T04:00:00+0000,0.357558,16386
20220605T05:00:00+0000,0.326013,16402
20220605T06:00:00+0000,0.294955,16402
20220605T07:00:00+0000,0.267538,16402
20220605T08:00:00+0000,0.252539,16402
20220605T09:00:00+0000,0.234431,16402
20220605T10:00:00+0000,0.232823,16402
20220605T11:00:00+0000,0.236182,16402
20220605T12:00:00+0000,0.255798,16402
20220605T13:00:00+0000,0.282506,16386
20220605T14:00:00+0000,0.307097,16386
20220605T15:00:00+0000,0.332154,16386
20220605T16:00:00+0000,0.313411,16386
20220605T17:00:00+0000,0.286727,16386
20220605T18:00:00+0000,0.285975,16386
20220605T19:00:00+0000,0.348667,16386
20220605T20:00:00+0000,0.281913,16386
20220605T21:00:00+0000,0.235341,16386
20220605T22:00:00+0000,0.309768,16386
20220605T23:00:00+0000,0.354945,16386
20220606T00:00:00+0000,0.393207,16386
20220606T01:00:00+0000,0.399101,16386
20220606T02:00:00+0000,0.418007,16386
20220606T03:00:00+0000,0.416208,16386
20220606T04:00:00+0000,0.388455,16386
20220606T05:00:00+0000,0.33736,16402
20220606T06:00:00+0000,0.287357,16402
20220606T07:00:00+0000,0.264997,16402
20220606T08:00:00+0000,0.251797,16402
20220606T09:00:00+0000,0.241342,16402
20220606T10:00:00+0000,0.241938,16402
20220606T11:00:00+0000,0.258102,16402
20220606T12:00:00+0000,0.312432,16402
20220606T13:00:00+0000,0.359144,16386
20220606T14:00:00+0000,0.387428,16386
20220606T15:00:00+0000,0.357904,16386
20220606T16:00:00+0000,0.346142,16386
20220606T17:00:00+0000,0.290365,16386
20220606T18:00:00+0000,0.30045,16386
20220606T19:00:00+0000,0.296598,16386
20220606T20:00:00+0000,0.231142,16386
20220606T21:00:00+0000,0.300279,16386
20220606T22:00:00+0000,0.31047,16386
20220606T23:00:00+0000,0.315669,16386
20220607T00:00:00+0000,0.337356,16386
20220607T01:00:00+0000,0.357471,16386
20220607T02:00:00+0000,0.386316,16386
20220607T03:00:00+0000,0.397239,16386
20220607T04:00:00+0000,0.38993,16386
20220607T05:00:00+0000,0.350232,16402
20220607T06:00:00+0000,0.291411,16402
20220607T07:00:00+0000,0.268753,16402
20220607T08:00:00+0000,0.254992,16402
20220607T09:00:00+0000,0.24997,16402
20220607T10:00:00+0000,0.249882,16402
20220607T11:00:00+0000,0.273984,16402
20220607T12:00:00+0000,0.333201,16402
20220607T13:00:00+0000,0.38863,16386
20220607T14:00:00+0000,0.375448,16386
20220607T15:00:00+0000,0.311082,16386
20220607T16:00:00+0000,0.236829,16386
20220607T17:00:00+0000,0.194186,16386
20220607T18:00:00+0000,0.168371,16386
20220607T19:00:00+0000,0.216747,16386
20220607T20:00:00+0000,0.287333,16386
20220607T21:00:00+0000,0.310759,16386
20220607T22:00:00+0000,0.309575,16386
20220607T23:00:00+0000,0.362131,16386
20220608T00:00:00+0000,0.374386,16386
20220608T01:00:00+0000,0.407423,16386
20220608T02:00:00+0000,0.403077,16386
20220608T03:00:00+0000,0.386521,16386
20220608T04:00:00+0000,0.369271,16386
20220608T05:00:00+0000,0.330874,16402
20220608T06:00:00+0000,0.276723,16402
20220608T07:00:00+0000,0.255314,16402
20220608T08:00:00+0000,0.243196,16402
20220608T09:00:00+0000,0.233244,16402
20220608T10:00:00+0000,0.246043,16402
20220608T11:00:00+0000,0.25218,16402
20220608T12:00:00+0000,0.303053,16402
20220608T13:00:00+0000,0.336423,16386
20220608T14:00:00+0000,0.350284,16386
20220608T15:00:00+0000,0.295248,16386
20220608T16:00:00+0000,0.22876,16386
20220608T17:00:00+0000,0.216003,16386
20220608T18:00:00+0000,0.174379,16386
20220608T19:00:00+0000,0.193936,16386
20220608T20:00:00+0000,0.171207,16386
20220608T21:00:00+0000,0.222147,16386
20220608T22:00:00+0000,0.287664,16386
20220608T23:00:00+0000,0.286108,16386
20220609T00:00:00+0000,0.303841,16386
20220609T01:00:00+0000,0.37312,16386
20220609T02:00:00+0000,0.406684,16386
20220609T03:00:00+0000,0.412669,16386
20220609T04:00:00+0000,0.387377,16386
20220609T05:00:00+0000,0.340209,16402
20220609T06:00:00+0000,0.290903,16402
20220609T07:00:00+0000,0.258337,16402
20220609T08:00:00+0000,0.233841,16402
20220609T09:00:00+0000,0.233149,16402
20220609T10:00:00+0000,0.232645,16402
20220609T11:00:00+0000,0.250336,16402
20220609T12:00:00+0000,0.298949,16402
20220609T13:00:00+0000,0.336886,16386
20220609T14:00:00+0000,0.370323,16386
20220609T15:00:00+0000,0.371609,16386
20220609T16:00:00+0000,0.368808,16386
20220609T17:00:00+0000,0.359081,16386
20220609T18:00:00+0000,0.38203,16386
20220609T19:00:00+0000,0.369941,16386
20220609T20:00:00+0000,0.272203,16386
20220609T21:00:00+0000,0.188669,16386
20220609T22:00:00+0000,0.337613,16386
20220609T23:00:00+0000,0.346231,16386
20220610T00:00:00+0000,0.367686,16386
20220610T01:00:00+0000,0.385665,16386
20220610T02:00:00+0000,0.39006,16386
20220610T03:00:00+0000,0.375926,16386
20220610T04:00:00+0000,0.366343,16386
20220610T05:00:00+0000,0.327186,16402
20220610T06:00:00+0000,0.280803,16402
20220610T07:00:00+0000,0.25243,16402
20220610T08:00:00+0000,0.234585,16402
20220610T09:00:00+0000,0.232241,16402
20220610T10:00:00+0000,0.235893,16402
20220610T11:00:00+0000,0.245988,16402
20220610T12:00:00+0000,0.28432,16402
20220610T13:00:00+0000,0.309069,16386
20220610T14:00:00+0000,0.332924,16386
20220610T15:00:00+0000,0.309029,16386
20220610T16:00:00+0000,0.294011,16386
20220610T17:00:00+0000,0.287752,16386
20220610T18:00:00+0000,0.331484,16386
20220610T19:00:00+0000,0.348541,16386
20220610T20:00:00+0000,0.355413,16386
20220610T21:00:00+0000,0.353681,16386
20220610T22:00:00+0000,0.333863,16386
20220610T23:00:00+0000,0.368675,16386
20220611T00:00:00+0000,0.376807,16386
20220611T01:00:00+0000,0.378397,16386
20220611T02:00:00+0000,0.36779,16386
20220611T03:00:00+0000,0.375053,16386
20220611T04:00:00+0000,0.348488,16386
20220611T05:00:00+0000,0.328762,16402
20220611T06:00:00+0000,0.308481,16402
20220611T07:00:00+0000,0.273834,16402
20220611T08:00:00+0000,0.25139,16402
20220611T09:00:00+0000,0.235176,16402
20220611T10:00:00+0000,0.233701,16402
20220611T11:00:00+0000,0.237484,16402
20220611T12:00:00+0000,0.259718,16402
20220611T13:00:00+0000,0.274678,16386
20220611T14:00:00+0000,0.313189,16386
20220611T15:00:00+0000,0.347563,16386
20220611T16:00:00+0000,0.351315,16386
20220611T17:00:00+0000,0.351001,16386
20220611T18:00:00+0000,0.343523,16386
20220611T19:00:00+0000,0.310591,16386
20220611T20:00:00+0000,0.256224,16386
20220611T21:00:00+0000,0.303533,16386
20220611T22:00:00+0000,0.283336,16386
20220611T23:00:00+0000,0.291974,16386
20220612T00:00:00+0000,0.319638,16386
20220612T01:00:00+0000,0.356274,16386
20220612T02:00:00+0000,0.355294,16386
20220612T03:00:00+0000,0.358435,16386
20220612T04:00:00+0000,0.350185,16386
20220612T05:00:00+0000,0.318917,16402
20220612T06:00:00+0000,0.297606,16402
20220612T07:00:00+0000,0.258812,16402
20220612T08:00:00+0000,0.244431,16402
20220612T09:00:00+0000,0.23166,16402
20220612T10:00:00+0000,0.232669,16402
20220612T11:00:00+0000,0.232594,16402
20220612T12:00:00+0000,0.253609,16402
20220612T13:00:00+0000,0.278833,16386
20220612T14:00:00+0000,0.321425,16386
20220612T15:00:00+0000,0.355952,16386
20220612T16:00:00+0000,0.384392,16386
20220612T17:00:00+0000,0.387066,16386
20220612T18:00:00+0000,0.351974,16386
20220612T19:00:00+0000,0.346107,16386
20220612T20:00:00+0000,0.347504,16386
20220612T21:00:00+0000,0.274848,16386
20220612T22:00:00+0000,0.291433,16386
20220612T23:00:00+0000,0.300317,16386
20220613T00:00:00+0000,0.3086,16386
20220613T01:00:00+0000,0.38254,16386
20220613T02:00:00+0000,0.413555,16386
20220613T03:00:00+0000,0.425158,16386
20220613T04:00:00+0000,0.407587,16386
20220613T05:00:00+0000,0.360636,16402
20220613T06:00:00+0000,0.319579,16402
20220613T07:00:00+0000,0.28753,16402
20220613T08:00:00+0000,0.269309,16402
20220613T09:00:00+0000,0.267123,16402
20220613T10:00:00+0000,0.26702,16402
20220613T11:00:00+0000,0.300002,16402
20220613T12:00:00+0000,0.36133,16402
20220613T13:00:00+0000,0.403978,16386
20220613T14:00:00+0000,0.407367,16386
20220613T15:00:00+0000,0.379519,16386
20220613T16:00:00+0000,0.392126,16386
20220613T17:00:00+0000,0.394296,16386
20220613T18:00:00+0000,0.400374,16386
20220613T19:00:00+0000,0.387358,16386
20220613T20:00:00+0000,0.331078,16386
20220613T21:00:00+0000,0.347569,16386
20220613T22:00:00+0000,0.310162,16386
20220613T23:00:00+0000,0.382318,16386
20220614T00:00:00+0000,0.309551,16386
20220614T01:00:00+0000,0.401708,16386
20220614T02:00:00+0000,0.426715,16386
20220614T03:00:00+0000,0.41627,16386
20220614T04:00:00+0000,0.408334,16386
20220614T05:00:00+0000,0.363103,16402
20220614T06:00:00+0000,0.316148,16402
20220614T07:00:00+0000,0.286853,16402
20220614T08:00:00+0000,0.268246,16402
20220614T09:00:00+0000,0.263966,16402
20220614T10:00:00+0000,0.273413,16402
20220614T11:00:00+0000,0.291077,16402
20220614T12:00:00+0000,0.346061,16402
20220614T13:00:00+0000,0.384783,16386
20220614T14:00:00+0000,0.417114,16386
20220614T15:00:00+0000,0.37339,16386
20220614T16:00:00+0000,0.316198,16386
20220614T17:00:00+0000,0.338275,16386
20220614T18:00:00+0000,0.236118,16386
20220614T19:00:00+0000,0.258501,16386
20220614T20:00:00+0000,0.216002,16386
20220614T21:00:00+0000,0.237337,16386
20220614T22:00:00+0000,0.229127,16386
20220614T23:00:00+0000,0.208799,16386
20220615T00:00:00+0000,0.268069,16386
20220615T01:00:00+0000,0.368708,16386
20220615T02:00:00+0000,0.394295,16386
20220615T03:00:00+0000,0.390388,16386
20220615T04:00:00+0000,0.387229,16386
20220615T05:00:00+0000,0.352415,16402
20220615T06:00:00+0000,0.298777,16402
20220615T07:00:00+0000,0.258934,16402
20220615T08:00:00+0000,0.249331,16402
20220615T09:00:00+0000,0.245893,16402
20220615T10:00:00+0000,0.250028,16402
20220615T11:00:00+0000,0.268339,16402
20220615T12:00:00+0000,0.321062,16402
20220615T13:00:00+0000,0.365437,16386
20220615T14:00:00+0000,0.367814,16386
20220615T15:00:00+0000,0.352749,16386
20220615T16:00:00+0000,0.366401,16386
20220615T17:00:00+0000,0.365374,16386
20220615T18:00:00+0000,0.288374,16386
20220615T19:00:00+0000,0.179047,16386
20220615T20:00:00+0000,0.232454,16386
20220615T21:00:00+0000,0.257471,16386
20220615T22:00:00+0000,0.235183,16386
20220615T23:00:00+0000,0.28482,16386
20220616T00:00:00+0000,0.314163,16386
20220616T01:00:00+0000,0.379752,16386
20220616T02:00:00+0000,0.370554,16386
20220616T03:00:00+0000,0.39119,16386
20220616T04:00:00+0000,0.38782,16386
20220616T05:00:00+0000,0.330048,16402
20220616T06:00:00+0000,0.283211,16402
20220616T07:00:00+0000,0.257867,16402
20220616T08:00:00+0000,0.23687,16402
20220616T09:00:00+0000,0.233129,16402
20220616T10:00:00+0000,0.232379,16402
20220616T11:00:00+0000,0.254879,16402
20220616T12:00:00+0000,0.301451,16402
20220616T13:00:00+0000,0.338841,16386
20220616T14:00:00+0000,0.361627,16386
20220616T15:00:00+0000,0.333331,16386
20220616T16:00:00+0000,0.297899,16386
20220616T17:00:00+0000,0.283917,16386
20220616T18:00:00+0000,0.286576,16386
20220616T19:00:00+0000,0.296588,16386
20220616T20:00:00+0000,0.13478,16386
20220616T21:00:00+0000,0.169761,16386
20220616T22:00:00+0000,0.1697,16386
20220616T23:00:00+0000,0.234117,16386
20220617T00:00:00+0000,0.266643,16386
20220617T01:00:00+0000,0.344539,16386
20220617T02:00:00+0000,0.379411,16386
20220617T03:00:00+0000,0.378686,16386
20220617T04:00:00+0000,0.370502,16386
20220617T05:00:00+0000,0.327245,16402
20220617T06:00:00+0000,0.275664,16402
20220617T07:00:00+0000,0.250258,16402
20220617T08:00:00+0000,0.239105,16402
20220617T09:00:00+0000,0.232496,16402
20220617T10:00:00+0000,0.232493,16402
20220617T11:00:00+0000,0.243568,16402
20220617T12:00:00+0000,0.287365,16402
20220617T13:00:00+0000,0.316116,16386
20220617T14:00:00+0000,0.363632,16386
20220617T15:00:00+0000,0.399677,16386
20220617T16:00:00+0000,0.412754,16386
20220617T17:00:00+0000,0.391858,16386
20220617T18:00:00+0000,0.344506,16386
20220617T19:00:00+0000,0.28234,16386
20220617T20:00:00+0000,0.299524,16386
20220617T21:00:00+0000,0.293911,16386
20220617T22:00:00+0000,0.301308,16386
20220617T23:00:00+0000,0.270621,16386
20220618T00:00:00+0000,0.309444,16386
20220618T01:00:00+0000,0.347922,16386
20220618T02:00:00+0000,0.381126,16386
20220618T03:00:00+0000,0.368464,16386
20220618T04:00:00+0000,0.366667,16386
20220618T05:00:00+0000,0.340728,16402
20220618T06:00:00+0000,0.293054,16402
20220618T07:00:00+0000,0.26636,16402
20220618T08:00:00+0000,0.257534,16402
20220618T09:00:00+0000,0.24994,16402
20220618T10:00:00+0000,0.250609,16402
20220618T11:00:00+0000,0.271563,16402
20220618T12:00:00+0000,0.292664,16402
20220618T13:00:00+0000,0.330258,16386
20220618T14:00:00+0000,0.351169,16386
20220618T15:00:00+0000,0.332911,16386
20220618T16:00:00+0000,0.249795,16386
20220618T17:00:00+0000,0.270681,16386
20220618T18:00:00+0000,0.304474,16386
20220618T19:00:00+0000,0.266358,16386
20220618T20:00:00+0000,0.286478,16386
20220618T21:00:00+0000,0.175792,16386
20220618T22:00:00+0000,0.241164,16386
20220618T23:00:00+0000,0.299713,16386
20220619T00:00:00+0000,0.34791,16386
20220619T01:00:00+0000,0.369448,16386
20220619T02:00:00+0000,0.372425,16386
20220619T03:00:00+0000,0.372981,16386
20220619T04:00:00+0000,0.357369,16386
20220619T05:00:00+0000,0.330571,16402
20220619T06:00:00+0000,0.293986,16402
20220619T07:00:00+0000,0.270297,16402
20220619T08:00:00+0000,0.251971,16402
20220619T09:00:00+0000,0.249461,16402
20220619T10:00:00+0000,0.242257,16402
20220619T11:00:00+0000,0.253143,16402
20220619T12:00:00+0000,0.281553,16402
20220619T13:00:00+0000,0.289251,16386
20220619T14:00:00+0000,0.337529,16386
20220619T15:00:00+0000,0.353116,16386
20220619T16:00:00+0000,0.328027,16386
20220619T17:00:00+0000,0.292717,16386
20220619T18:00:00+0000,0.248003,16386
20220619T19:00:00+0000,0.29814,16386
20220619T20:00:00+0000,0.296065,16386
20220619T21:00:00+0000,0.33756,16386
20220619T22:00:00+0000,0.306146,16386
20220619T23:00:00+0000,0.29994,16386
20220620T00:00:00+0000,0.28537,16386
20220620T01:00:00+0000,0.326452,16386
20220620T02:00:00+0000,0.371918,16386
20220620T03:00:00+0000,0.389816,16386
20220620T04:00:00+0000,0.379149,16386
20220620T05:00:00+0000,0.338486,16402
20220620T06:00:00+0000,0.293169,16402
20220620T07:00:00+0000,0.264704,16402
20220620T08:00:00+0000,0.248785,16402
20220620T09:00:00+0000,0.243866,16402
20220620T10:00:00+0000,0.240278,16402
20220620T11:00:00+0000,0.258287,16402
20220620T12:00:00+0000,0.291198,16402
20220620T13:00:00+0000,0.324422,16386
20220620T14:00:00+0000,0.346199,16386
20220620T15:00:00+0000,0.359197,16386
20220620T16:00:00+0000,0.318695,16386
20220620T17:00:00+0000,0.312782,16386
20220620T18:00:00+0000,0.22678,16386
20220620T19:00:00+0000,0.185008,16386
20220620T20:00:00+0000,0.176741,16386
20220620T21:00:00+0000,0.145999,16386
20220620T22:00:00+0000,0.188255,16386
20220620T23:00:00+0000,0.247724,16386
20220621T00:00:00+0000,0.291401,16386
20220621T01:00:00+0000,0.367051,16386
20220621T02:00:00+0000,0.409756,16386
20220621T03:00:00+0000,0.398818,16386
20220621T04:00:00+0000,0.384209,16386
20220621T05:00:00+0000,0.344705,16402
20220621T06:00:00+0000,0.288312,16402
20220621T07:00:00+0000,0.254408,16402
20220621T08:00:00+0000,0.245811,16402
20220621T09:00:00+0000,0.232538,16402
20220621T10:00:00+0000,0.233295,16402
20220621T11:00:00+0000,0.244463,16402
20220621T12:00:00+0000,0.279463,16402
20220621T13:00:00+0000,0.315773,16386
20220621T14:00:00+0000,0.316286,16386
20220621T15:00:00+0000,0.284021,16386
20220621T16:00:00+0000,0.241145,16386
20220621T17:00:00+0000,0.190689,16386
20220621T18:00:00+0000,0.176942,16386
20220621T19:00:00+0000,0.144338,16386
20220621T20:00:00+0000,0.152366,16386
20220621T21:00:00+0000,0.182472,16386
20220621T22:00:00+0000,0.235766,16386
20220621T23:00:00+0000,0.304772,16386
20220622T00:00:00+0000,0.351756,16386
20220622T01:00:00+0000,0.429908,16386
20220622T02:00:00+0000,0.469724,16386
20220622T03:00:00+0000,0.453984,16386
20220622T04:00:00+0000,0.41848,16386
20220622T05:00:00+0000,0.374269,16402
20220622T06:00:00+0000,0.308815,16402
20220622T07:00:00+0000,0.260426,16402
20220622T08:00:00+0000,0.248948,16402
20220622T09:00:00+0000,0.231983,16402
20220622T10:00:00+0000,0.232305,16402
20220622T11:00:00+0000,0.240997,16402
20220622T12:00:00+0000,0.270817,16402
20220622T13:00:00+0000,0.309124,16386
20220622T14:00:00+0000,0.299932,16386
20220622T15:00:00+0000,0.269626,16386
20220622T16:00:00+0000,0.237145,16386
20220622T17:00:00+0000,0.211832,16386
20220622T18:00:00+0000,0.204221,16386
20220622T19:00:00+0000,0.196173,16386
20220622T20:00:00+0000,0.194036,16386
20220622T21:00:00+0000,0.2788,16386
20220622T22:00:00+0000,0.32422,16386
20220622T23:00:00+0000,0.330539,16386
20220623T00:00:00+0000,0.418901,16386
20220623T01:00:00+0000,0.438645,16386
20220623T02:00:00+0000,0.474511,16386
20220623T03:00:00+0000,0.449391,16386
20220623T04:00:00+0000,0.405743,16386
20220623T05:00:00+0000,0.348925,16402
20220623T06:00:00+0000,0.297782,16402
20220623T07:00:00+0000,0.265484,16402
20220623T08:00:00+0000,0.244071,16402
20220623T09:00:00+0000,0.234262,16402
20220623T10:00:00+0000,0.235416,16402
20220623T11:00:00+0000,0.251715,16402
20220623T12:00:00+0000,0.288019,16402
20220623T13:00:00+0000,0.320369,16386
20220623T14:00:00+0000,0.315801,16386
20220623T15:00:00+0000,0.268078,16386
20220623T16:00:00+0000,0.229557,16386
20220623T17:00:00+0000,0.193941,16386
20220623T18:00:00+0000,0.158835,16386
20220623T19:00:00+0000,0.15865,16386
20220623T20:00:00+0000,0.15828,16386
20220623T21:00:00+0000,0.177673,16386
20220623T22:00:00+0000,0.219603,16386
20220623T23:00:00+0000,0.28723,16386
20220624T00:00:00+0000,0.348434,16386
20220624T01:00:00+0000,0.425663,16386
20220624T02:00:00+0000,0.446407,16386
20220624T03:00:00+0000,0.443822,16386
20220624T04:00:00+0000,0.417108,16386
20220624T05:00:00+0000,0.372965,16402
20220624T06:00:00+0000,0.306965,16402
20220624T07:00:00+0000,0.285573,16402
20220624T08:00:00+0000,0.263544,16402
20220624T09:00:00+0000,0.252666,16402
20220624T10:00:00+0000,0.250675,16402
20220624T11:00:00+0000,0.269929,16402
20220624T12:00:00+0000,0.296539,16402
20220624T13:00:00+0000,0.319377,16386
20220624T14:00:00+0000,0.338438,16386
20220624T15:00:00+0000,0.306051,16386
20220624T16:00:00+0000,0.249941,16386
20220624T17:00:00+0000,0.1998,16386
20220624T18:00:00+0000,0.170129,16386
20220624T19:00:00+0000,0.16831,16386
20220624T20:00:00+0000,0.176996,16386
20220624T21:00:00+0000,0.206659,16386
20220624T22:00:00+0000,0.246523,16386
20220624T23:00:00+0000,0.31089,16386
20220625T00:00:00+0000,0.372435,16386
20220625T01:00:00+0000,0.44595,16386
20220625T02:00:00+0000,0.460165,16386
20220625T03:00:00+0000,0.438172,16386
20220625T04:00:00+0000,0.424233,16386
20220625T05:00:00+0000,0.392425,16402
20220625T06:00:00+0000,0.331803,16402
20220625T07:00:00+0000,0.288472,16402
20220625T08:00:00+0000,0.249741,16402
20220625T09:00:00+0000,0.232627,16402
20220625T10:00:00+0000,0.227388,16402
20220625T11:00:00+0000,0.232714,16402
20220625T12:00:00+0000,0.2442,16402
20220625T13:00:00+0000,0.271557,16386
20220625T14:00:00+0000,0.320929,16386
20220625T15:00:00+0000,0.32311,16386
20220625T16:00:00+0000,0.288112,16386
20220625T17:00:00+0000,0.275638,16386
20220625T18:00:00+0000,0.264955,16386
20220625T19:00:00+0000,0.256168,16386
20220625T20:00:00+0000,0.26691,16386
20220625T21:00:00+0000,0.304718,16386
20220625T22:00:00+0000,0.340472,16386
20220625T23:00:00+0000,0.407041,16386
20220626T00:00:00+0000,0.467571,16386
20220626T01:00:00+0000,0.529736,16386
20220626T02:00:00+0000,0.548593,16386
20220626T03:00:00+0000,0.531105,16386
20220626T04:00:00+0000,0.496101,16386
20220626T05:00:00+0000,0.429651,16402
20220626T06:00:00+0000,0.38004,16402
20220626T07:00:00+0000,0.328269,16402
20220626T08:00:00+0000,0.295653,16402
20220626T09:00:00+0000,0.27432,16402
20220626T10:00:00+0000,0.260334,16402
20220626T11:00:00+0000,0.256929,16402
20220626T12:00:00+0000,0.262715,16402
20220626T13:00:00+0000,0.279732,16386
20220626T14:00:00+0000,0.313273,16386
20220626T15:00:00+0000,0.338369,16386
20220626T16:00:00+0000,0.332192,16386
20220626T17:00:00+0000,0.310068,16386
20220626T18:00:00+0000,0.309286,16386
20220626T19:00:00+0000,0.332746,16386
20220626T20:00:00+0000,0.353777,16386
20220626T21:00:00+0000,0.386193,16386
20220626T22:00:00+0000,0.43095,16386
20220626T23:00:00+0000,0.491799,16386
20220627T00:00:00+0000,0.56646,16386
20220627T01:00:00+0000,0.635001,16386
20220627T02:00:00+0000,0.650538,16386
20220627T03:00:00+0000,0.608149,16386
20220627T04:00:00+0000,0.547689,16386
20220627T05:00:00+0000,0.472931,16402
20220627T06:00:00+0000,0.383849,16402
20220627T07:00:00+0000,0.336942,16402
20220627T08:00:00+0000,0.305059,16402
20220627T09:00:00+0000,0.278881,16402
20220627T10:00:00+0000,0.272648,16402
20220627T11:00:00+0000,0.273791,16402
20220627T12:00:00+0000,0.294956,16402
20220627T13:00:00+0000,0.329909,16386
20220627T14:00:00+0000,0.353288,16386
20220627T15:00:00+0000,0.32433,16386
20220627T16:00:00+0000,0.317009,16386
20220627T17:00:00+0000,0.311293,16386
20220627T18:00:00+0000,0.330584,16386
20220627T19:00:00+0000,0.344245,16386
20220627T20:00:00+0000,0.359555,16386
20220627T21:00:00+0000,0.383817,16386
20220627T22:00:00+0000,0.436466,16386
20220627T23:00:00+0000,0.50131,16386
20220628T00:00:00+0000,0.529526,16386
20220628T01:00:00+0000,0.587987,16386
20220628T02:00:00+0000,0.60723,16386
20220628T03:00:00+0000,0.537902,16386
20220628T04:00:00+0000,0.480899,16386
20220628T05:00:00+0000,0.414191,16402
20220628T06:00:00+0000,0.342883,16402
20220628T07:00:00+0000,0.303729,16402
20220628T08:00:00+0000,0.284544,16402
20220628T09:00:00+0000,0.260551,16402
20220628T10:00:00+0000,0.254798,16402
20220628T11:00:00+0000,0.268451,16402
20220628T12:00:00+0000,0.281204,16402
20220628T13:00:00+0000,0.307937,16386
20220628T14:00:00+0000,0.326059,16386
20220628T15:00:00+0000,0.325374,16386
20220628T16:00:00+0000,0.33087,16386
20220628T17:00:00+0000,0.338721,16386
20220628T18:00:00+0000,0.320297,16386
20220628T19:00:00+0000,0.353172,16386
20220628T20:00:00+0000,0.289745,16386
20220628T21:00:00+0000,0.283225,16386
20220628T22:00:00+0000,0.222818,16386
20220628T23:00:00+0000,0.300109,16386
20220629T00:00:00+0000,0.332183,16386
20220629T01:00:00+0000,0.39789,16386
20220629T02:00:00+0000,0.431234,16386
20220629T03:00:00+0000,0.412868,16386
20220629T04:00:00+0000,0.387906,16386
20220629T05:00:00+0000,0.334817,16402
20220629T06:00:00+0000,0.283033,16402
20220629T07:00:00+0000,0.253107,16402
20220629T08:00:00+0000,0.231237,16402
20220629T09:00:00+0000,0.232683,16402
20220629T10:00:00+0000,0.233082,16402
20220629T11:00:00+0000,0.24271,16402
20220629T12:00:00+0000,0.260417,16402
20220629T13:00:00+0000,0.290641,16402
20220629T14:00:00+0000,0.310497,16386
20220629T15:00:00+0000,0.30865,16386
20220629T16:00:00+0000,0.314846,16386
20220629T17:00:00+0000,0.287145,16386
20220629T18:00:00+0000,0.206698,16386
20220629T19:00:00+0000,0.145755,16386
20220629T20:00:00+0000,0.161635,16386
20220629T21:00:00+0000,0.193503,16386
20220629T22:00:00+0000,0.234253,16386
20220629T23:00:00+0000,0.302973,16386
20220630T00:00:00+0000,0.366878,16386
20220630T01:00:00+0000,0.435021,16386
20220630T02:00:00+0000,0.452907,16386
20220630T03:00:00+0000,0.436204,16386
20220630T04:00:00+0000,0.412475,16386
20220630T05:00:00+0000,0.357631,16402
20220630T06:00:00+0000,0.286076,16402
20220630T07:00:00+0000,0.255081,16402
20220630T08:00:00+0000,0.244605,16402
20220630T09:00:00+0000,0.232631,16402
20220630T10:00:00+0000,0.235744,16402
20220630T11:00:00+0000,0.25151,16402
20220630T12:00:00+0000,0.27285,16402
20220630T13:00:00+0000,0.299225,16402
20220630T14:00:00+0000,0.298058,16386
20220630T15:00:00+0000,0.260752,16386
20220630T16:00:00+0000,0.244203,16386
20220630T17:00:00+0000,0.203922,16386
20220630T18:00:00+0000,0.179079,16386
20220630T19:00:00+0000,0.17515,16386
20220630T20:00:00+0000,0.185867,16386
20220630T21:00:00+0000,0.209074,16386
20220630T22:00:00+0000,0.272637,16386
20220630T23:00:00+0000,0.338531,16386
20220701T00:00:00+0000,0.396519,16386
20220701T01:00:00+0000,0.458057,16386
20220701T02:00:00+0000,0.463303,16386
20220701T03:00:00+0000,0.430401,16386
20220701T04:00:00+0000,0.404116,16386
20220701T05:00:00+0000,0.357308,16402
20220701T06:00:00+0000,0.308399,16402
20220701T07:00:00+0000,0.273992,16402
20220701T08:00:00+0000,0.254225,16402
20220701T09:00:00+0000,0.245683,16402
20220701T10:00:00+0000,0.233559,16402
20220701T11:00:00+0000,0.241067,16402
20220701T12:00:00+0000,0.266958,16402
20220701T13:00:00+0000,0.287148,16402
20220701T14:00:00+0000,0.305542,16386
20220701T15:00:00+0000,0.283248,16386
20220701T16:00:00+0000,0.294648,16386
20220701T17:00:00+0000,0.303427,16386
20220701T18:00:00+0000,0.287674,16386
20220701T19:00:00+0000,0.28114,16386
20220701T20:00:00+0000,0.233506,16386
20220701T21:00:00+0000,0.234525,16386
20220701T22:00:00+0000,0.272655,16386
20220701T23:00:00+0000,0.305119,16386
20220702T00:00:00+0000,0.370622,16386
20220702T01:00:00+0000,0.422684,16386
20220702T02:00:00+0000,0.435896,16386
20220702T03:00:00+0000,0.404809,16386
20220702T04:00:00+0000,0.394484,16386
20220702T05:00:00+0000,0.340139,16402
20220702T06:00:00+0000,0.297312,16402
20220702T07:00:00+0000,0.263153,16402
20220702T08:00:00+0000,0.246304,16402
20220702T09:00:00+0000,0.232668,16402
20220702T10:00:00+0000,0.234519,16402
20220702T11:00:00+0000,0.23433,16402
20220702T12:00:00+0000,0.246637,16402
20220702T13:00:00+0000,0.267242,16402
20220702T14:00:00+0000,0.306127,16386
20220702T15:00:00+0000,0.330761,16386
20220702T16:00:00+0000,0.319475,16386
20220702T17:00:00+0000,0.340019,16386
20220702T18:00:00+0000,0.282691,16386
20220702T19:00:00+0000,0.217716,16386
20220702T20:00:00+0000,0.19453,16386
20220702T21:00:00+0000,0.263052,16386
20220702T22:00:00+0000,0.284065,16386
20220702T23:00:00+0000,0.303439,16386
20220703T00:00:00+0000,0.351011,16386
20220703T01:00:00+0000,0.377776,16386
20220703T02:00:00+0000,0.402236,16386
20220703T03:00:00+0000,0.390015,16386
20220703T04:00:00+0000,0.367228,16386
20220703T05:00:00+0000,0.33388,16402
20220703T06:00:00+0000,0.301433,16402
20220703T07:00:00+0000,0.278187,16402
20220703T08:00:00+0000,0.247032,16402
20220703T09:00:00+0000,0.231047,16402
20220703T10:00:00+0000,0.23266,16402
20220703T11:00:00+0000,0.232193,16402
20220703T12:00:00+0000,0.238431,16402
20220703T13:00:00+0000,0.250495,16402
20220703T14:00:00+0000,0.283144,16386
20220703T15:00:00+0000,0.284766,16386
20220703T16:00:00+0000,0.304172,16386
20220703T17:00:00+0000,0.293661,16386
20220703T18:00:00+0000,0.278008,16386
20220703T19:00:00+0000,0.233666,16386
20220703T20:00:00+0000,0.176994,16386
20220703T21:00:00+0000,0.239333,16386
20220703T22:00:00+0000,0.255198,16386
20220703T23:00:00+0000,0.350418,16386
20220704T00:00:00+0000,0.368257,16386
20220704T01:00:00+0000,0.394184,16386
20220704T02:00:00+0000,0.406377,16386
20220704T03:00:00+0000,0.396372,16386
20220704T04:00:00+0000,0.376451,16386
20220704T05:00:00+0000,0.336401,16402
20220704T06:00:00+0000,0.292539,16402
20220704T07:00:00+0000,0.265694,16402
20220704T08:00:00+0000,0.249831,16402
20220704T09:00:00+0000,0.229812,16402
20220704T10:00:00+0000,0.232249,16402
20220704T11:00:00+0000,0.234543,16402
20220704T12:00:00+0000,0.25112,16402
20220704T13:00:00+0000,0.256397,16402
20220704T14:00:00+0000,0.270336,16386
20220704T15:00:00+0000,0.27636,16386
20220704T16:00:00+0000,0.30594,16386
20220704T17:00:00+0000,0.300211,16386
20220704T18:00:00+0000,0.255889,16386
20220704T19:00:00+0000,0.21676,16386
20220704T20:00:00+0000,0.189978,16386
20220704T21:00:00+0000,0.231329,16386
20220704T22:00:00+0000,0.272087,16386
20220704T23:00:00+0000,0.309615,16386
20220705T00:00:00+0000,0.368822,16386
20220705T01:00:00+0000,0.42057,16386
20220705T02:00:00+0000,0.44489,16386
20220705T03:00:00+0000,0.419451,16386
20220705T04:00:00+0000,0.3827,16386
20220705T05:00:00+0000,0.348175,16402
20220705T06:00:00+0000,0.320327,16402
20220705T07:00:00+0000,0.289733,16402
20220705T08:00:00+0000,0.256899,16402
20220705T09:00:00+0000,0.242178,16402
20220705T10:00:00+0000,0.235419,16402
20220705T11:00:00+0000,0.245496,16402
20220705T12:00:00+0000,0.273948,16402
20220705T13:00:00+0000,0.289182,16402
20220705T14:00:00+0000,0.307239,16386
20220705T15:00:00+0000,0.307783,16386
20220705T16:00:00+0000,0.344517,16386
20220705T17:00:00+0000,0.370837,16386
20220705T18:00:00+0000,0.324061,16386
20220705T19:00:00+0000,0.277216,16386
20220705T20:00:00+0000,0.306006,16386
20220705T21:00:00+0000,0.364362,16386
20220705T22:00:00+0000,0.326152,16386
20220705T23:00:00+0000,0.366258,16386
20220706T00:00:00+0000,0.404004,16386
20220706T01:00:00+0000,0.417152,16386
20220706T02:00:00+0000,0.416813,16386
20220706T03:00:00+0000,0.413246,16386
20220706T04:00:00+0000,0.393486,16386
20220706T05:00:00+0000,0.339262,16402
20220706T06:00:00+0000,0.294473,16402
20220706T07:00:00+0000,0.269941,16402
20220706T08:00:00+0000,0.251916,16402
20220706T09:00:00+0000,0.237501,16402
20220706T10:00:00+0000,0.239364,16402
20220706T11:00:00+0000,0.250645,16402
20220706T12:00:00+0000,0.276365,16402
20220706T13:00:00+0000,0.310884,16402
20220706T14:00:00+0000,0.314546,16386
20220706T15:00:00+0000,0.319911,16386
20220706T16:00:00+0000,0.313841,16386
20220706T17:00:00+0000,0.251388,16386
20220706T18:00:00+0000,0.322366,16386
20220706T19:00:00+0000,0.302162,16386
20220706T20:00:00+0000,0.357966,16386
20220706T21:00:00+0000,0.335204,16386
20220706T22:00:00+0000,0.402095,16386
20220706T23:00:00+0000,0.426963,16386
20220707T00:00:00+0000,0.427601,16386
20220707T01:00:00+0000,0.455961,16386
20220707T02:00:00+0000,0.449788,16386
20220707T03:00:00+0000,0.436155,16386
20220707T04:00:00+0000,0.424154,16386
20220707T05:00:00+0000,0.372462,16402
20220707T06:00:00+0000,0.317627,16402
20220707T07:00:00+0000,0.280042,16402
20220707T08:00:00+0000,0.264268,16402
20220707T09:00:00+0000,0.265416,16402
20220707T10:00:00+0000,0.269728,16402
20220707T11:00:00+0000,0.269277,16402
20220707T12:00:00+0000,0.29716,16402
20220707T13:00:00+0000,0.322208,16402
20220707T14:00:00+0000,0.342625,16386
20220707T15:00:00+0000,0.345259,16386
20220707T16:00:00+0000,0.344078,16386
20220707T17:00:00+0000,0.321455,16386
20220707T18:00:00+0000,0.284388,16386
20220707T19:00:00+0000,0.249644,16386
20220707T20:00:00+0000,0.213823,16386
20220707T21:00:00+0000,0.2636,16386
20220707T22:00:00+0000,0.356806,16386
20220707T23:00:00+0000,0.345567,16386
20220708T00:00:00+0000,0.40461,16386
20220708T01:00:00+0000,0.458802,16386
20220708T02:00:00+0000,0.475879,16386
20220708T03:00:00+0000,0.455253,16386
20220708T04:00:00+0000,0.433255,16386
20220708T05:00:00+0000,0.380016,16402
20220708T06:00:00+0000,0.310589,16402
20220708T07:00:00+0000,0.285434,16402
20220708T08:00:00+0000,0.263872,16402
20220708T09:00:00+0000,0.250057,16402
20220708T10:00:00+0000,0.246325,16402
20220708T11:00:00+0000,0.254049,16402
20220708T12:00:00+0000,0.276951,16402
20220708T13:00:00+0000,0.302368,16402
20220708T14:00:00+0000,0.318064,16386
20220708T15:00:00+0000,0.335903,16386
20220708T16:00:00+0000,0.282625,16386
20220708T17:00:00+0000,0.249591,16386
20220708T18:00:00+0000,0.290689,16386
20220708T19:00:00+0000,0.225922,16386
20220708T20:00:00+0000,0.232054,16386
20220708T21:00:00+0000,0.26128,16386
20220708T22:00:00+0000,0.310114,16386
20220708T23:00:00+0000,0.421363,16386
20220709T00:00:00+0000,0.440928,16386
20220709T01:00:00+0000,0.493716,16386
20220709T02:00:00+0000,0.496454,16386
20220709T03:00:00+0000,0.480829,16386
20220709T04:00:00+0000,0.451774,16386
20220709T05:00:00+0000,0.396757,16402
20220709T06:00:00+0000,0.333498,16402
20220709T07:00:00+0000,0.292871,16402
20220709T08:00:00+0000,0.271384,16402
20220709T09:00:00+0000,0.249599,16402
20220709T10:00:00+0000,0.249524,16402
20220709T11:00:00+0000,0.249944,16402
20220709T12:00:00+0000,0.25575,16402
20220709T13:00:00+0000,0.287309,16402
20220709T14:00:00+0000,0.3134,16386
20220709T15:00:00+0000,0.326463,16386
20220709T16:00:00+0000,0.296431,16386
20220709T17:00:00+0000,0.255483,16386
20220709T18:00:00+0000,0.243348,16386
20220709T19:00:00+0000,0.242355,16386
20220709T20:00:00+0000,0.275107,16386
20220709T21:00:00+0000,0.287286,16386
20220709T22:00:00+0000,0.329865,16386
20220709T23:00:00+0000,0.372247,16386
20220710T00:00:00+0000,0.423705,16386
20220710T01:00:00+0000,0.462524,16386
20220710T02:00:00+0000,0.460825,16386
20220710T03:00:00+0000,0.42008,16386
20220710T04:00:00+0000,0.38785,16386
20220710T05:00:00+0000,0.357038,16402
20220710T06:00:00+0000,0.318944,16402
20220710T07:00:00+0000,0.284601,16402
20220710T08:00:00+0000,0.264834,16402
20220710T09:00:00+0000,0.238297,16402
20220710T10:00:00+0000,0.23188,16402
20220710T11:00:00+0000,0.232559,16402
20220710T12:00:00+0000,0.24331,16402
20220710T13:00:00+0000,0.259524,16402
20220710T14:00:00+0000,0.270045,16386
20220710T15:00:00+0000,0.271811,16386
20220710T16:00:00+0000,0.241489,16386
20220710T17:00:00+0000,0.208468,16386
20220710T18:00:00+0000,0.190598,16386
20220710T19:00:00+0000,0.200419,16386
20220710T20:00:00+0000,0.221573,16386
20220710T21:00:00+0000,0.2566,16386
20220710T22:00:00+0000,0.30405,16386
20220710T23:00:00+0000,0.388084,16386
20220711T00:00:00+0000,0.466223,16386
20220711T01:00:00+0000,0.532042,16386
20220711T02:00:00+0000,0.544195,16386
20220711T03:00:00+0000,0.513213,16386
20220711T04:00:00+0000,0.470321,16386
20220711T05:00:00+0000,0.409148,16402
20220711T06:00:00+0000,0.333671,16402
20220711T07:00:00+0000,0.30394,16402
20220711T08:00:00+0000,0.269527,16402
20220711T09:00:00+0000,0.263679,16402
20220711T10:00:00+0000,0.249187,16402
20220711T11:00:00+0000,0.254211,16402
20220711T12:00:00+0000,0.287157,16402
20220711T13:00:00+0000,0.327306,16402
20220711T14:00:00+0000,0.344095,16386
20220711T15:00:00+0000,0.326369,16386
20220711T16:00:00+0000,0.299055,16386
20220711T17:00:00+0000,0.288387,16386
20220711T18:00:00+0000,0.303085,16386
20220711T19:00:00+0000,0.331401,16386
20220711T20:00:00+0000,0.361985,16386
20220711T21:00:00+0000,0.415354,16386
20220711T22:00:00+0000,0.486235,16386
20220711T23:00:00+0000,0.546015,16386
20220712T00:00:00+0000,0.606104,16386
20220712T01:00:00+0000,0.667139,16386
20220712T02:00:00+0000,0.688355,16386
20220712T03:00:00+0000,0.669313,16386
20220712T04:00:00+0000,0.624454,16386
20220712T05:00:00+0000,0.547594,16402
20220712T06:00:00+0000,0.451062,16402
20220712T07:00:00+0000,0.393845,16402
20220712T08:00:00+0000,0.360704,16402
20220712T09:00:00+0000,0.318728,16402
20220712T10:00:00+0000,0.314161,16402
20220712T11:00:00+0000,0.302369,16402
20220712T12:00:00+0000,0.323896,16402
20220712T13:00:00+0000,0.356506,16402
20220712T14:00:00+0000,0.377406,16386
20220712T15:00:00+0000,0.370433,16386
20220712T16:00:00+0000,0.359967,16386
20220712T17:00:00+0000,0.345779,16386
20220712T18:00:00+0000,0.378839,16386
20220712T19:00:00+0000,0.407577,16386
20220712T20:00:00+0000,0.416566,16386
20220712T21:00:00+0000,0.459463,16386
20220712T22:00:00+0000,0.525579,16386
20220712T23:00:00+0000,0.546668,16386
20220713T00:00:00+0000,0.576751,16386
20220713T01:00:00+0000,0.616376,16386
20220713T02:00:00+0000,0.588655,16386
20220713T03:00:00+0000,0.530218,16386
20220713T04:00:00+0000,0.489855,16386
20220713T05:00:00+0000,0.422552,16402
20220713T06:00:00+0000,0.345175,16402
20220713T07:00:00+0000,0.296726,16402
20220713T08:00:00+0000,0.280461,16402
20220713T09:00:00+0000,0.265793,16402
20220713T10:00:00+0000,0.262202,16402
20220713T11:00:00+0000,0.26865,16402
20220713T12:00:00+0000,0.299061,16402
20220713T13:00:00+0000,0.328746,16402
20220713T14:00:00+0000,0.33605,16386
20220713T15:00:00+0000,0.324184,16386
20220713T16:00:00+0000,0.296182,16386
20220713T17:00:00+0000,0.253624,16386
20220713T18:00:00+0000,0.245594,16386
20220713T19:00:00+0000,0.242297,16386
20220713T20:00:00+0000,0.252725,16386
20220713T21:00:00+0000,0.287089,16386
20220713T22:00:00+0000,0.329741,16386
20220713T23:00:00+0000,0.414887,16386
20220714T00:00:00+0000,0.481545,16386
20220714T01:00:00+0000,0.538926,16386
20220714T02:00:00+0000,0.544408,16386
20220714T03:00:00+0000,0.495636,16386
20220714T04:00:00+0000,0.460324,16386
20220714T05:00:00+0000,0.395504,16402
20220714T06:00:00+0000,0.33598,16402
20220714T07:00:00+0000,0.287008,16402
20220714T08:00:00+0000,0.268436,16402
20220714T09:00:00+0000,0.258951,16402
20220714T10:00:00+0000,0.25134,16402
20220714T11:00:00+0000,0.259047,16402
20220714T12:00:00+0000,0.285139,16402
20220714T13:00:00+0000,0.316563,16402
20220714T14:00:00+0000,0.338214,16386
20220714T15:00:00+0000,0.30821,16386
20220714T16:00:00+0000,0.260189,16386
20220714T17:00:00+0000,0.246433,16386
20220714T18:00:00+0000,0.231928,16386
20220714T19:00:00+0000,0.242,16386
20220714T20:00:00+0000,0.261377,16386
20220714T21:00:00+0000,0.296541,16386
20220714T22:00:00+0000,0.357693,16386
20220714T23:00:00+0000,0.422468,16386
20220715T00:00:00+0000,0.498624,16386
20220715T01:00:00+0000,0.54098,16386
20220715T02:00:00+0000,0.530238,16386
20220715T03:00:00+0000,0.500574,16386
20220715T04:00:00+0000,0.455371,16386
20220715T05:00:00+0000,0.392287,16402
20220715T06:00:00+0000,0.333652,16402
20220715T07:00:00+0000,0.299503,16402
20220715T08:00:00+0000,0.261841,16402
20220715T09:00:00+0000,0.249612,16402
20220715T10:00:00+0000,0.250168,16402
20220715T11:00:00+0000,0.254998,16402
20220715T12:00:00+0000,0.283907,16402
20220715T13:00:00+0000,0.304824,16402
20220715T14:00:00+0000,0.329793,16386
20220715T15:00:00+0000,0.317492,16386
20220715T16:00:00+0000,0.282835,16386
20220715T17:00:00+0000,0.246775,16386
20220715T18:00:00+0000,0.245873,16386
20220715T19:00:00+0000,0.240427,16386
20220715T20:00:00+0000,0.238201,16386
20220715T21:00:00+0000,0.273344,16386
20220715T22:00:00+0000,0.331822,16386
20220715T23:00:00+0000,0.405834,16386
20220716T00:00:00+0000,0.479627,16386
20220716T01:00:00+0000,0.538024,16386
20220716T02:00:00+0000,0.536265,16386
20220716T03:00:00+0000,0.50412,16386
20220716T04:00:00+0000,0.459625,16386
20220716T05:00:00+0000,0.414135,16402
20220716T06:00:00+0000,0.355513,16402
20220716T07:00:00+0000,0.321643,16402
20220716T08:00:00+0000,0.299918,16402
20220716T09:00:00+0000,0.283537,16402
20220716T10:00:00+0000,0.284217,16402
20220716T11:00:00+0000,0.284285,16402
20220716T12:00:00+0000,0.298979,16402
20220716T13:00:00+0000,0.32439,16402
20220716T14:00:00+0000,0.356316,16386
20220716T15:00:00+0000,0.371558,16386
20220716T16:00:00+0000,0.386017,16386
20220716T17:00:00+0000,0.371381,16386
20220716T18:00:00+0000,0.394811,16386
20220716T19:00:00+0000,0.334171,16386
20220716T20:00:00+0000,0.338715,16386
20220716T21:00:00+0000,0.326705,16386
20220716T22:00:00+0000,0.359553,16386
20220716T23:00:00+0000,0.381274,16386
20220717T00:00:00+0000,0.373458,16386
20220717T01:00:00+0000,0.442787,16386
20220717T02:00:00+0000,0.465334,16386
20220717T03:00:00+0000,0.424695,16386
20220717T04:00:00+0000,0.408882,16386
20220717T05:00:00+0000,0.369665,16402
20220717T06:00:00+0000,0.316789,16402
20220717T07:00:00+0000,0.270851,16402
20220717T08:00:00+0000,0.248806,16402
20220717T09:00:00+0000,0.241242,16402
20220717T10:00:00+0000,0.23131,16402
20220717T11:00:00+0000,0.235442,16402
20220717T12:00:00+0000,0.251086,16402
20220717T13:00:00+0000,0.263932,16402
20220717T14:00:00+0000,0.295599,16386
20220717T15:00:00+0000,0.305296,16386
20220717T16:00:00+0000,0.301036,16386
20220717T17:00:00+0000,0.265458,16386
20220717T18:00:00+0000,0.31946,16386
20220717T19:00:00+0000,0.261562,16386
20220717T20:00:00+0000,0.247215,16386
20220717T21:00:00+0000,0.324927,16386
20220717T22:00:00+0000,0.367453,16386
20220717T23:00:00+0000,0.413273,16386
20220718T00:00:00+0000,0.449781,16386
20220718T01:00:00+0000,0.483543,16386
20220718T02:00:00+0000,0.465288,16386
20220718T03:00:00+0000,0.460135,16386
20220718T04:00:00+0000,0.42943,16386
20220718T05:00:00+0000,0.380749,16402
20220718T06:00:00+0000,0.307825,16402
20220718T07:00:00+0000,0.270167,16402
20220718T08:00:00+0000,0.255025,16402
20220718T09:00:00+0000,0.244956,16402
20220718T10:00:00+0000,0.232349,16402
20220718T11:00:00+0000,0.251399,16402
20220718T12:00:00+0000,0.273002,16402
20220718T13:00:00+0000,0.316844,16402
20220718T14:00:00+0000,0.348049,16386
20220718T15:00:00+0000,0.313054,16386
20220718T16:00:00+0000,0.279052,16386
20220718T17:00:00+0000,0.247462,16386
20220718T18:00:00+0000,0.222881,16386
20220718T19:00:00+0000,0.214686,16386
20220718T20:00:00+0000,0.214323,16386
20220718T21:00:00+0000,0.233844,16386
20220718T22:00:00+0000,0.298531,16386
20220718T23:00:00+0000,0.373024,16386
20220719T00:00:00+0000,0.445682,16386
20220719T01:00:00+0000,0.52202,16386
20220719T02:00:00+0000,0.527936,16386
20220719T03:00:00+0000,0.487162,16386
20220719T04:00:00+0000,0.457628,16386
20220719T05:00:00+0000,0.394616,16402
20220719T06:00:00+0000,0.334013,16402
20220719T07:00:00+0000,0.296584,16402
20220719T08:00:00+0000,0.275545,16402
20220719T09:00:00+0000,0.267086,16402
20220719T10:00:00+0000,0.260365,16402
20220719T11:00:00+0000,0.265298,16402
20220719T12:00:00+0000,0.301468,16402
20220719T13:00:00+0000,0.322859,16402
20220719T14:00:00+0000,0.350122,16386
20220719T15:00:00+0000,0.33107,16386
20220719T16:00:00+0000,0.303488,16386
20220719T17:00:00+0000,0.270859,16386
20220719T18:00:00+0000,0.261213,16386
20220719T19:00:00+0000,0.265498,16386
20220719T20:00:00+0000,0.301816,16386
20220719T21:00:00+0000,0.345154,16386
20220719T22:00:00+0000,0.403861,16386
20220719T23:00:00+0000,0.477431,16386
20220720T00:00:00+0000,0.569048,16386
20220720T01:00:00+0000,0.641548,16386
20220720T02:00:00+0000,0.647199,16386
20220720T03:00:00+0000,0.584081,16386
20220720T04:00:00+0000,0.539057,16386
20220720T05:00:00+0000,0.455191,16402
20220720T06:00:00+0000,0.370415,16402
20220720T07:00:00+0000,0.334898,16402
20220720T08:00:00+0000,0.306181,16402
20220720T09:00:00+0000,0.297907,16402
20220720T10:00:00+0000,0.28318,16402
20220720T11:00:00+0000,0.285106,16402
20220720T12:00:00+0000,0.31465,16402
20220720T13:00:00+0000,0.344099,16402
20220720T14:00:00+0000,0.388393,16386
20220720T15:00:00+0000,0.370756,16386
20220720T16:00:00+0000,0.347494,16386
20220720T17:00:00+0000,0.322832,16386
20220720T18:00:00+0000,0.33522,16386
20220720T19:00:00+0000,0.353813,16386
20220720T20:00:00+0000,0.400552,16386
20220720T21:00:00+0000,0.44353,16386
20220720T22:00:00+0000,0.50742,16386
20220720T23:00:00+0000,0.570944,16386
20220721T00:00:00+0000,0.647882,16386
20220721T01:00:00+0000,0.705624,16386
20220721T02:00:00+0000,0.685205,16386
20220721T03:00:00+0000,0.619323,16386
20220721T04:00:00+0000,0.55588,16386
20220721T05:00:00+0000,0.467709,16402
20220721T06:00:00+0000,0.384209,16402
20220721T07:00:00+0000,0.338317,16402
20220721T08:00:00+0000,0.317346,16402
20220721T09:00:00+0000,0.30165,16402
20220721T10:00:00+0000,0.294879,16402
20220721T11:00:00+0000,0.300365,16402
20220721T12:00:00+0000,0.324036,16402
20220721T13:00:00+0000,0.336708,16402
20220721T14:00:00+0000,0.363407,16386
20220721T15:00:00+0000,0.354229,16386
20220721T16:00:00+0000,0.316135,16386
20220721T17:00:00+0000,0.307743,16386
20220721T18:00:00+0000,0.292007,16386
20220721T19:00:00+0000,0.297365,16386
20220721T20:00:00+0000,0.317559,16386
20220721T21:00:00+0000,0.368234,16386
20220721T22:00:00+0000,0.431413,16386
20220721T23:00:00+0000,0.489652,16386
20220722T00:00:00+0000,0.531768,16386
20220722T01:00:00+0000,0.58186,16386
20220722T02:00:00+0000,0.56474,16386
20220722T03:00:00+0000,0.50087,16386
20220722T04:00:00+0000,0.474755,16386
20220722T05:00:00+0000,0.412558,16402
20220722T06:00:00+0000,0.35448,16402
20220722T07:00:00+0000,0.315268,16402
20220722T08:00:00+0000,0.299568,16402
20220722T09:00:00+0000,0.284167,16402
20220722T10:00:00+0000,0.283558,16402
20220722T11:00:00+0000,0.287139,16402
20220722T12:00:00+0000,0.313935,16402
20220722T13:00:00+0000,0.340389,16402
20220722T14:00:00+0000,0.382905,16386
20220722T15:00:00+0000,0.386714,16386
20220722T16:00:00+0000,0.414055,16386
20220722T17:00:00+0000,0.392609,16386
20220722T18:00:00+0000,0.380317,16386
20220722T19:00:00+0000,0.324909,16386
20220722T20:00:00+0000,0.249382,16386
20220722T21:00:00+0000,0.271628,16386
20220722T22:00:00+0000,0.333034,16386
20220722T23:00:00+0000,0.403649,16386
20220723T00:00:00+0000,0.484163,16386
20220723T01:00:00+0000,0.533379,16386
20220723T02:00:00+0000,0.534051,16386
20220723T03:00:00+0000,0.491058,16386
20220723T04:00:00+0000,0.453457,16386
20220723T05:00:00+0000,0.389358,16402
20220723T06:00:00+0000,0.33729,16402
20220723T07:00:00+0000,0.302818,16402
20220723T08:00:00+0000,0.281396,16402
20220723T09:00:00+0000,0.257543,16402
20220723T10:00:00+0000,0.244888,16402
20220723T11:00:00+0000,0.248658,16402
20220723T12:00:00+0000,0.257474,16402
20220723T13:00:00+0000,0.303275,16402
20220723T14:00:00+0000,0.382121,16386
20220723T15:00:00+0000,0.415053,16386
20220723T16:00:00+0000,0.430334,16386
20220723T17:00:00+0000,0.415506,16386
20220723T18:00:00+0000,0.379396,16386
20220723T19:00:00+0000,0.259893,16386
20220723T20:00:00+0000,0.234504,16386
20220723T21:00:00+0000,0.254943,16386
20220723T22:00:00+0000,0.299407,16386
20220723T23:00:00+0000,0.362812,16386
20220724T00:00:00+0000,0.442506,16386
20220724T01:00:00+0000,0.4984,16386
20220724T02:00:00+0000,0.496453,16386
20220724T03:00:00+0000,0.460644,16386
20220724T04:00:00+0000,0.433079,16386
20220724T05:00:00+0000,0.396645,16402
20220724T06:00:00+0000,0.345076,16402
20220724T07:00:00+0000,0.30641,16402
20220724T08:00:00+0000,0.272983,16402
20220724T09:00:00+0000,0.260107,16402
20220724T10:00:00+0000,0.246126,16402
20220724T11:00:00+0000,0.249459,16402
20220724T12:00:00+0000,0.267305,16402
20220724T13:00:00+0000,0.288325,16402
20220724T14:00:00+0000,0.327733,16386
20220724T15:00:00+0000,0.323576,16386
20220724T16:00:00+0000,0.297242,16386
20220724T17:00:00+0000,0.270293,16386
20220724T18:00:00+0000,0.264432,16386
20220724T19:00:00+0000,0.262795,16386
20220724T20:00:00+0000,0.298753,16386
20220724T21:00:00+0000,0.356128,16386
20220724T22:00:00+0000,0.427482,16386
20220724T23:00:00+0000,0.514488,16386
20220725T00:00:00+0000,0.606562,16386
20220725T01:00:00+0000,0.668561,16386
20220725T02:00:00+0000,0.668969,16386
20220725T03:00:00+0000,0.623467,16386
20220725T04:00:00+0000,0.576136,16386
20220725T05:00:00+0000,0.489865,16402
20220725T06:00:00+0000,0.412623,16402
20220725T07:00:00+0000,0.368171,16402
20220725T08:00:00+0000,0.325984,16402
20220725T09:00:00+0000,0.304951,16402
20220725T10:00:00+0000,0.289416,16402
20220725T11:00:00+0000,0.293237,16402
20220725T12:00:00+0000,0.330974,16402
20220725T13:00:00+0000,0.369977,16402
20220725T14:00:00+0000,0.418545,16386
20220725T15:00:00+0000,0.411263,16386
20220725T16:00:00+0000,0.414499,16386
20220725T17:00:00+0000,0.397911,16386
20220725T18:00:00+0000,0.409608,16386
20220725T19:00:00+0000,0.429534,16386
20220725T20:00:00+0000,0.466262,16386
20220725T21:00:00+0000,0.513422,16386
20220725T22:00:00+0000,0.57207,16386
20220725T23:00:00+0000,0.639682,16386
20220726T00:00:00+0000,0.710906,16386
20220726T01:00:00+0000,0.775371,16386
20220726T02:00:00+0000,0.774742,16386
20220726T03:00:00+0000,0.729869,16386
20220726T04:00:00+0000,0.667906,16386
20220726T05:00:00+0000,0.57184,16402
20220726T06:00:00+0000,0.481324,16402
20220726T07:00:00+0000,0.426618,16402
20220726T08:00:00+0000,0.390003,16402
20220726T09:00:00+0000,0.359384,16402
20220726T10:00:00+0000,0.339384,16402
20220726T11:00:00+0000,0.334576,16402
20220726T12:00:00+0000,0.351296,16402
20220726T13:00:00+0000,0.394042,16402
20220726T14:00:00+0000,0.436761,16386
20220726T15:00:00+0000,0.42413,16386
20220726T16:00:00+0000,0.405199,16386
20220726T17:00:00+0000,0.405386,16386
20220726T18:00:00+0000,0.425736,16386
20220726T19:00:00+0000,0.457482,16386
20220726T20:00:00+0000,0.503361,16386
20220726T21:00:00+0000,0.552337,16386
20220726T22:00:00+0000,0.621066,16386
20220726T23:00:00+0000,0.671749,16386
20220727T00:00:00+0000,0.725415,16386
20220727T01:00:00+0000,0.763998,16386
20220727T02:00:00+0000,0.745792,16386
20220727T03:00:00+0000,0.708007,16386
20220727T04:00:00+0000,0.631678,16386
20220727T05:00:00+0000,0.531795,16402
20220727T06:00:00+0000,0.443538,16402
20220727T07:00:00+0000,0.391722,16402
20220727T08:00:00+0000,0.357047,16402
20220727T09:00:00+0000,0.339712,16402
20220727T10:00:00+0000,0.3185,16402
20220727T11:00:00+0000,0.316896,16402
20220727T12:00:00+0000,0.337317,16402
20220727T13:00:00+0000,0.373953,16402
20220727T14:00:00+0000,0.420464,16386
20220727T15:00:00+0000,0.403857,16386
20220727T16:00:00+0000,0.423984,16386
20220727T17:00:00+0000,0.382427,16386
20220727T18:00:00+0000,0.40163,16386
20220727T19:00:00+0000,0.430446,16386
20220727T20:00:00+0000,0.473318,16386
20220727T21:00:00+0000,0.526318,16386
20220727T22:00:00+0000,0.582588,16386
20220727T23:00:00+0000,0.640323,16386
20220728T00:00:00+0000,0.727249,16386
20220728T01:00:00+0000,0.767295,16386
20220728T02:00:00+0000,0.717727,16386
20220728T03:00:00+0000,0.66524,16386
20220728T04:00:00+0000,0.609564,16386
20220728T05:00:00+0000,0.529312,16402
20220728T06:00:00+0000,0.44155,16402
20220728T07:00:00+0000,0.380533,16402
20220728T08:00:00+0000,0.348351,16402
20220728T09:00:00+0000,0.325763,16402
20220728T10:00:00+0000,0.30992,16402
20220728T11:00:00+0000,0.310738,16402
20220728T12:00:00+0000,0.331808,16402
20220728T13:00:00+0000,0.371458,16402
20220728T14:00:00+0000,0.428532,16386
20220728T15:00:00+0000,0.426622,16386
20220728T16:00:00+0000,0.449251,16386
20220728T17:00:00+0000,0.421666,16386
20220728T18:00:00+0000,0.481123,16386
20220728T19:00:00+0000,0.434523,16386
20220728T20:00:00+0000,0.492553,16386
20220728T21:00:00+0000,0.541051,16386
20220728T22:00:00+0000,0.599717,16386
20220728T23:00:00+0000,0.662517,16386
20220729T00:00:00+0000,0.724967,16386
20220729T01:00:00+0000,0.786786,16386
20220729T02:00:00+0000,0.763425,16386
20220729T03:00:00+0000,0.717991,16386
20220729T04:00:00+0000,0.660682,16386
20220729T05:00:00+0000,0.560086,16402
20220729T06:00:00+0000,0.48061,16402
20220729T07:00:00+0000,0.427695,16402
20220729T08:00:00+0000,0.391522,16402
20220729T09:00:00+0000,0.36363,16402
20220729T10:00:00+0000,0.3475,16402
20220729T11:00:00+0000,0.347217,16402
20220729T12:00:00+0000,0.365422,16402
20220729T13:00:00+0000,0.386933,16402
20220729T14:00:00+0000,0.443736,16386
20220729T15:00:00+0000,0.44783,16386
20220729T16:00:00+0000,0.447689,16386
20220729T17:00:00+0000,0.44764,16386
20220729T18:00:00+0000,0.480374,16386
20220729T19:00:00+0000,0.499163,16386
20220729T20:00:00+0000,0.536662,16386
20220729T21:00:00+0000,0.575201,16386
20220729T22:00:00+0000,0.62952,16386
20220729T23:00:00+0000,0.689912,16386
20220730T00:00:00+0000,0.758169,16386
20220730T01:00:00+0000,0.806782,16386
20220730T02:00:00+0000,0.780856,16386
20220730T03:00:00+0000,0.729865,16386
20220730T04:00:00+0000,0.668361,16386
20220730T05:00:00+0000,0.583699,16402
20220730T06:00:00+0000,0.505973,16402
20220730T07:00:00+0000,0.43722,16402
20220730T08:00:00+0000,0.401207,16402
20220730T09:00:00+0000,0.366551,16402
20220730T10:00:00+0000,0.345751,16402
20220730T11:00:00+0000,0.335862,16402
20220730T12:00:00+0000,0.34815,16402
20220730T13:00:00+0000,0.367682,16402
20220730T14:00:00+0000,0.423911,16386
20220730T15:00:00+0000,0.471544,16386
20220730T16:00:00+0000,0.471755,16386
20220730T17:00:00+0000,0.483252,16386
20220730T18:00:00+0000,0.527885,16386
20220730T19:00:00+0000,0.519741,16386
20220730T20:00:00+0000,0.420004,16386
20220730T21:00:00+0000,0.488962,16386
20220730T22:00:00+0000,0.57099,16386
20220730T23:00:00+0000,0.659318,16386
20220731T00:00:00+0000,0.719215,16386
20220731T01:00:00+0000,0.770075,16386
20220731T02:00:00+0000,0.748258,16386
20220731T03:00:00+0000,0.69244,16386
20220731T04:00:00+0000,0.641802,16386
20220731T05:00:00+0000,0.556681,16402
20220731T06:00:00+0000,0.479383,16402
20220731T07:00:00+0000,0.420411,16402
20220731T08:00:00+0000,0.375111,16402
20220731T09:00:00+0000,0.342207,16402
20220731T10:00:00+0000,0.328678,16402
20220731T11:00:00+0000,0.317349,16402
20220731T12:00:00+0000,0.307197,16402
20220731T13:00:00+0000,0.321792,16402
20220731T14:00:00+0000,0.371213,16386
20220731T15:00:00+0000,0.403856,16386
20220731T16:00:00+0000,0.387639,16386
20220731T17:00:00+0000,0.377068,16386
20220731T18:00:00+0000,0.417927,16386
20220731T19:00:00+0000,0.477393,16386
20220731T20:00:00+0000,0.494394,16386
20220731T21:00:00+0000,0.526115,16386
20220731T22:00:00+0000,0.59035,16386
20220731T23:00:00+0000,0.660787,16386
20220801T00:00:00+0000,0.719517,16386
20220801T01:00:00+0000,0.73158,16386
20220801T02:00:00+0000,0.673027,16386
20220801T03:00:00+0000,0.629513,16386
20220801T04:00:00+0000,0.566831,16386
20220801T05:00:00+0000,0.479678,16402
20220801T06:00:00+0000,0.405383,16402
20220801T07:00:00+0000,0.359255,16402
20220801T08:00:00+0000,0.327396,16402
20220801T09:00:00+0000,0.307548,16402
20220801T10:00:00+0000,0.30108,16402
20220801T11:00:00+0000,0.304362,16402
20220801T12:00:00+0000,0.3442,16402
20220801T13:00:00+0000,0.375018,16402
20220801T14:00:00+0000,0.42288,16386
20220801T15:00:00+0000,0.42772,16386
20220801T16:00:00+0000,0.426805,16386
20220801T17:00:00+0000,0.437973,16386
20220801T18:00:00+0000,0.401737,16386
20220801T19:00:00+0000,0.364872,16386
20220801T20:00:00+0000,0.39534,16386
20220801T21:00:00+0000,0.44127,16386
20220801T22:00:00+0000,0.487967,16386
20220801T23:00:00+0000,0.541336,16386
20220802T00:00:00+0000,0.607432,16386
20220802T01:00:00+0000,0.667616,16386
20220802T02:00:00+0000,0.653415,16386
20220802T03:00:00+0000,0.58033,16386
20220802T04:00:00+0000,0.537132,16386
20220802T05:00:00+0000,0.454876,16402
20220802T06:00:00+0000,0.398137,16402
20220802T07:00:00+0000,0.363481,16402
20220802T08:00:00+0000,0.343018,16402
20220802T09:00:00+0000,0.325871,16402
20220802T10:00:00+0000,0.30086,16402
20220802T11:00:00+0000,0.317835,16402
20220802T12:00:00+0000,0.342272,16402
20220802T13:00:00+0000,0.366655,16402
20220802T14:00:00+0000,0.398869,16386
20220802T15:00:00+0000,0.405461,16386
20220802T16:00:00+0000,0.38217,16386
20220802T17:00:00+0000,0.345842,16386
20220802T18:00:00+0000,0.328517,16386
20220802T19:00:00+0000,0.347686,16386
20220802T20:00:00+0000,0.397335,16386
20220802T21:00:00+0000,0.432707,16386
20220802T22:00:00+0000,0.488518,16386
20220802T23:00:00+0000,0.564285,16386
20220803T00:00:00+0000,0.649397,16386
20220803T01:00:00+0000,0.718632,16386
20220803T02:00:00+0000,0.70022,16386
20220803T03:00:00+0000,0.646292,16386
20220803T04:00:00+0000,0.574572,16386
20220803T05:00:00+0000,0.48909,16402
20220803T06:00:00+0000,0.395425,16402
20220803T07:00:00+0000,0.360734,16402
20220803T08:00:00+0000,0.331562,16402
20220803T09:00:00+0000,0.311585,16402
20220803T10:00:00+0000,0.301225,16402
20220803T11:00:00+0000,0.305272,16402
20220803T12:00:00+0000,0.333108,16402
20220803T13:00:00+0000,0.371525,16402
20220803T14:00:00+0000,0.412143,16386
20220803T15:00:00+0000,0.387469,16386
20220803T16:00:00+0000,0.362806,16386
20220803T17:00:00+0000,0.322203,16386
20220803T18:00:00+0000,0.312814,16386
20220803T19:00:00+0000,0.307941,16386
20220803T20:00:00+0000,0.330318,16386
20220803T21:00:00+0000,0.36514,16386
20220803T22:00:00+0000,0.413696,16386
20220803T23:00:00+0000,0.477516,16386
20220804T00:00:00+0000,0.547323,16386
20220804T01:00:00+0000,0.59946,16386
20220804T02:00:00+0000,0.571322,16386
20220804T03:00:00+0000,0.52738,16386
20220804T04:00:00+0000,0.489114,16386
20220804T05:00:00+0000,0.416481,16402
20220804T06:00:00+0000,0.37107,16402
20220804T07:00:00+0000,0.336406,16402
20220804T08:00:00+0000,0.310716,16402
20220804T09:00:00+0000,0.305615,16402
20220804T10:00:00+0000,0.28664,16402
20220804T11:00:00+0000,0.285619,16402
20220804T12:00:00+0000,0.32143,16402
20220804T13:00:00+0000,0.357028,16402
20220804T14:00:00+0000,0.404273,16386
20220804T15:00:00+0000,0.384774,16386
20220804T16:00:00+0000,0.356218,16386
20220804T17:00:00+0000,0.328439,16386
20220804T18:00:00+0000,0.301874,16386
20220804T19:00:00+0000,0.403337,16386
20220804T20:00:00+0000,0.326019,16386
20220804T21:00:00+0000,0.340081,16386
20220804T22:00:00+0000,0.373702,16386
20220804T23:00:00+0000,0.430156,16386
20220805T00:00:00+0000,0.49676,16386
20220805T01:00:00+0000,0.565097,16386
20220805T02:00:00+0000,0.554381,16386
20220805T03:00:00+0000,0.505474,16386
20220805T04:00:00+0000,0.460799,16386
20220805T05:00:00+0000,0.409215,16402
20220805T06:00:00+0000,0.357562,16402
20220805T07:00:00+0000,0.315297,16402
20220805T08:00:00+0000,0.299633,16402
20220805T09:00:00+0000,0.283542,16402
20220805T10:00:00+0000,0.283712,16402
20220805T11:00:00+0000,0.287104,16402
20220805T12:00:00+0000,0.316817,16402
20220805T13:00:00+0000,0.331334,16402
20220805T14:00:00+0000,0.382806,16386
20220805T15:00:00+0000,0.382512,16386
20220805T16:00:00+0000,0.353868,16386
20220805T17:00:00+0000,0.322999,16386
20220805T18:00:00+0000,0.287515,16386
20220805T19:00:00+0000,0.266157,16386
20220805T20:00:00+0000,0.296497,16386
20220805T21:00:00+0000,0.323045,16386
20220805T22:00:00+0000,0.383456,16386
20220805T23:00:00+0000,0.442675,16386
20220806T00:00:00+0000,0.507767,16386
20220806T01:00:00+0000,0.559105,16386
20220806T02:00:00+0000,0.563595,16386
20220806T03:00:00+0000,0.532035,16386
20220806T04:00:00+0000,0.492719,16386
20220806T05:00:00+0000,0.437782,16402
20220806T06:00:00+0000,0.384596,16402
20220806T07:00:00+0000,0.344654,16402
20220806T08:00:00+0000,0.321811,16402
20220806T09:00:00+0000,0.307792,16402
20220806T10:00:00+0000,0.291204,16402
20220806T11:00:00+0000,0.285529,16402
20220806T12:00:00+0000,0.308533,16402
20220806T13:00:00+0000,0.337276,16402
20220806T14:00:00+0000,0.372717,16386
20220806T15:00:00+0000,0.370668,16386
20220806T16:00:00+0000,0.363268,16386
20220806T17:00:00+0000,0.330412,16386
20220806T18:00:00+0000,0.317953,16386
20220806T19:00:00+0000,0.314774,16386
20220806T20:00:00+0000,0.345093,16386
20220806T21:00:00+0000,0.382204,16386
20220806T22:00:00+0000,0.452702,16386
20220806T23:00:00+0000,0.528443,16386
20220807T00:00:00+0000,0.59822,16386
20220807T01:00:00+0000,0.644125,16386
20220807T02:00:00+0000,0.633705,16386
20220807T03:00:00+0000,0.576468,16386
20220807T04:00:00+0000,0.528419,16386
20220807T05:00:00+0000,0.451534,16402
20220807T06:00:00+0000,0.380257,16402
20220807T07:00:00+0000,0.340952,16402
20220807T08:00:00+0000,0.317481,16402
20220807T09:00:00+0000,0.295675,16402
20220807T10:00:00+0000,0.281945,16402
20220807T11:00:00+0000,0.273805,16402
20220807T12:00:00+0000,0.281227,16402
20220807T13:00:00+0000,0.296841,16402
20220807T14:00:00+0000,0.342229,16386
20220807T15:00:00+0000,0.3654,16386
20220807T16:00:00+0000,0.36286,16386
20220807T17:00:00+0000,0.340437,16386
20220807T18:00:00+0000,0.363225,16386
20220807T19:00:00+0000,0.387391,16386
20220807T20:00:00+0000,0.435903,16386
20220807T21:00:00+0000,0.48183,16386
20220807T22:00:00+0000,0.545584,16386
20220807T23:00:00+0000,0.630567,16386
20220808T00:00:00+0000,0.704128,16386
20220808T01:00:00+0000,0.731681,16386
20220808T02:00:00+0000,0.690843,16386
20220808T03:00:00+0000,0.628201,16386
20220808T04:00:00+0000,0.560036,16386
20220808T05:00:00+0000,0.466096,16402
20220808T06:00:00+0000,0.390614,16402
20220808T07:00:00+0000,0.34588,16402
20220808T08:00:00+0000,0.315506,16402
20220808T09:00:00+0000,0.299535,16402
20220808T10:00:00+0000,0.286079,16402
20220808T11:00:00+0000,0.284077,16402
20220808T12:00:00+0000,0.316867,16402
20220808T13:00:00+0000,0.349542,16402
20220808T14:00:00+0000,0.387343,16386
20220808T15:00:00+0000,0.378113,16386
20220808T16:00:00+0000,0.350773,16386
20220808T17:00:00+0000,0.34711,16386
20220808T18:00:00+0000,0.383953,16386
20220808T19:00:00+0000,0.384502,16386
20220808T20:00:00+0000,0.477294,16386
20220808T21:00:00+0000,0.382944,16386
20220808T22:00:00+0000,0.393292,16386
20220808T23:00:00+0000,0.490905,16386
20220809T00:00:00+0000,0.548182,16386
20220809T01:00:00+0000,0.583853,16386
20220809T02:00:00+0000,0.559187,16386
20220809T03:00:00+0000,0.522508,16386
20220809T04:00:00+0000,0.473229,16402
20220809T05:00:00+0000,0.392137,16402
20220809T06:00:00+0000,0.348327,16402
20220809T07:00:00+0000,0.325831,16402
20220809T08:00:00+0000,0.293097,16402
20220809T09:00:00+0000,0.27889,16402
20220809T10:00:00+0000,0.269167,16402
20220809T11:00:00+0000,0.285233,16402
20220809T12:00:00+0000,0.311746,16402
20220809T13:00:00+0000,0.34423,16402
20220809T14:00:00+0000,0.389207,16386
20220809T15:00:00+0000,0.399433,16386
20220809T16:00:00+0000,0.357796,16386
20220809T17:00:00+0000,0.332166,16386
20220809T18:00:00+0000,0.333719,16386
20220809T19:00:00+0000,0.333174,16386
20220809T20:00:00+0000,0.334926,16386
20220809T21:00:00+0000,0.387744,16386
20220809T22:00:00+0000,0.452035,16386
20220809T23:00:00+0000,0.53365,16386
20220810T00:00:00+0000,0.602398,16386
20220810T01:00:00+0000,0.623058,16386
20220810T02:00:00+0000,0.585228,16386
20220810T03:00:00+0000,0.525759,16386
20220810T04:00:00+0000,0.465167,16402
20220810T05:00:00+0000,0.39967,16402
20220810T06:00:00+0000,0.346885,16402
20220810T07:00:00+0000,0.316299,16402
20220810T08:00:00+0000,0.304483,16402
20220810T09:00:00+0000,0.297843,16402
20220810T10:00:00+0000,0.289197,16402
20220810T11:00:00+0000,0.30231,16402
20220810T12:00:00+0000,0.325008,16402
20220810T13:00:00+0000,0.353983,16402
20220810T14:00:00+0000,0.396491,16386
20220810T15:00:00+0000,0.416836,16386
20220810T16:00:00+0000,0.424604,16386
20220810T17:00:00+0000,0.420957,16386
20220810T18:00:00+0000,0.44224,16386
20220810T19:00:00+0000,0.434246,16386
20220810T20:00:00+0000,0.360519,16386
20220810T21:00:00+0000,0.372516,16386
20220810T22:00:00+0000,0.376449,16386
20220810T23:00:00+0000,0.429197,16386
20220811T00:00:00+0000,0.458067,16386
20220811T01:00:00+0000,0.533784,16386
20220811T02:00:00+0000,0.498429,16386
20220811T03:00:00+0000,0.493675,16386
20220811T04:00:00+0000,0.472588,16402
20220811T05:00:00+0000,0.399019,16402
20220811T06:00:00+0000,0.344352,16402
20220811T07:00:00+0000,0.316372,16402
20220811T08:00:00+0000,0.294423,16402
20220811T09:00:00+0000,0.283291,16402
20220811T10:00:00+0000,0.276998,16402
20220811T11:00:00+0000,0.282392,16402
20220811T12:00:00+0000,0.314772,16402
20220811T13:00:00+0000,0.339613,16402
20220811T14:00:00+0000,0.386248,16386
20220811T15:00:00+0000,0.375989,16386
20220811T16:00:00+0000,0.349848,16386
20220811T17:00:00+0000,0.318659,16386
20220811T18:00:00+0000,0.30884,16386
20220811T19:00:00+0000,0.312157,16386
20220811T20:00:00+0000,0.33389,16386
20220811T21:00:00+0000,0.383373,16386
20220811T22:00:00+0000,0.458684,16386
20220811T23:00:00+0000,0.523545,16386
20220812T00:00:00+0000,0.573377,16386
20220812T01:00:00+0000,0.618108,16386
20220812T02:00:00+0000,0.588803,16386
20220812T03:00:00+0000,0.551605,16386
20220812T04:00:00+0000,0.517803,16402
20220812T05:00:00+0000,0.438268,16402
20220812T06:00:00+0000,0.362192,16402
20220812T07:00:00+0000,0.32559,16402
20220812T08:00:00+0000,0.30017,16402
20220812T09:00:00+0000,0.283599,16402
20220812T10:00:00+0000,0.284705,16402
20220812T11:00:00+0000,0.279156,16402
20220812T12:00:00+0000,0.305838,16402
20220812T13:00:00+0000,0.334298,16402
20220812T14:00:00+0000,0.386903,16386
20220812T15:00:00+0000,0.383567,16386
20220812T16:00:00+0000,0.351108,16386
20220812T17:00:00+0000,0.309516,16386
20220812T18:00:00+0000,0.306192,16386
20220812T19:00:00+0000,0.351022,16386
20220812T20:00:00+0000,0.368737,16386
20220812T21:00:00+0000,0.390759,16386
20220812T22:00:00+0000,0.359859,16386
20220812T23:00:00+0000,0.428224,16386
20220813T00:00:00+0000,0.489256,16386
20220813T01:00:00+0000,0.527649,16386
20220813T02:00:00+0000,0.499483,16386
20220813T03:00:00+0000,0.48274,16386
20220813T04:00:00+0000,0.458607,16402
20220813T05:00:00+0000,0.402649,16402
20220813T06:00:00+0000,0.353706,16402
20220813T07:00:00+0000,0.322055,16402
20220813T08:00:00+0000,0.29308,16402
20220813T09:00:00+0000,0.269561,16402
20220813T10:00:00+0000,0.25572,16402
20220813T11:00:00+0000,0.249864,16402
20220813T12:00:00+0000,0.265503,16402
20220813T13:00:00+0000,0.303299,16402
20220813T14:00:00+0000,0.353576,16386
20220813T15:00:00+0000,0.383279,16386
20220813T16:00:00+0000,0.382583,16386
20220813T17:00:00+0000,0.365576,16386
20220813T18:00:00+0000,0.282939,16386
20220813T19:00:00+0000,0.265186,16386
20220813T20:00:00+0000,0.292276,16386
20220813T21:00:00+0000,0.315429,16386
20220813T22:00:00+0000,0.366287,16386
20220813T23:00:00+0000,0.424542,16386
20220814T00:00:00+0000,0.495723,16386
20220814T01:00:00+0000,0.555947,16386
20220814T02:00:00+0000,0.526112,16386
20220814T03:00:00+0000,0.500957,16386
20220814T04:00:00+0000,0.461448,16402
20220814T05:00:00+0000,0.405828,16402
20220814T06:00:00+0000,0.355615,16402
20220814T07:00:00+0000,0.320373,16402
20220814T08:00:00+0000,0.290017,16402
20220814T09:00:00+0000,0.276384,16402
20220814T10:00:00+0000,0.254041,16402
20220814T11:00:00+0000,0.249886,16402
20220814T12:00:00+0000,0.250165,16402
20220814T13:00:00+0000,0.270305,16402
20220814T14:00:00+0000,0.308637,16386
20220814T15:00:00+0000,0.316055,16386
20220814T16:00:00+0000,0.286762,16386
20220814T17:00:00+0000,0.274821,16386
20220814T18:00:00+0000,0.258786,16386
20220814T19:00:00+0000,0.272207,16386
20220814T20:00:00+0000,0.294383,16386
20220814T21:00:00+0000,0.339348,16386
20220814T22:00:00+0000,0.398098,16386
20220814T23:00:00+0000,0.484643,16386
20220815T00:00:00+0000,0.562639,16386
20220815T01:00:00+0000,0.608969,16386
20220815T02:00:00+0000,0.569874,16386
20220815T03:00:00+0000,0.516617,16386
20220815T04:00:00+0000,0.466035,16402
20220815T05:00:00+0000,0.388254,16402
20220815T06:00:00+0000,0.326113,16402
20220815T07:00:00+0000,0.30166,16402
20220815T08:00:00+0000,0.275868,16402
20220815T09:00:00+0000,0.261,16402
20220815T10:00:00+0000,0.253237,16402
20220815T11:00:00+0000,0.260052,16402
20220815T12:00:00+0000,0.294136,16402
20220815T13:00:00+0000,0.330065,16402
20220815T14:00:00+0000,0.393481,16386
20220815T15:00:00+0000,0.38463,16386
20220815T16:00:00+0000,0.366289,16386
20220815T17:00:00+0000,0.348548,16386
20220815T18:00:00+0000,0.347866,16386
20220815T19:00:00+0000,0.352586,16386
20220815T20:00:00+0000,0.381192,16386
20220815T21:00:00+0000,0.433935,16386
20220815T22:00:00+0000,0.484454,16386
20220815T23:00:00+0000,0.558956,16386
20220816T00:00:00+0000,0.622144,16386
20220816T01:00:00+0000,0.672837,16386
20220816T02:00:00+0000,0.626077,16386
20220816T03:00:00+0000,0.566019,16386
20220816T04:00:00+0000,0.508217,16402
20220816T05:00:00+0000,0.444113,16402
20220816T06:00:00+0000,0.373079,16402
20220816T07:00:00+0000,0.340801,16402
20220816T08:00:00+0000,0.309699,16402
20220816T09:00:00+0000,0.290909,16402
20220816T10:00:00+0000,0.285966,16402
20220816T11:00:00+0000,0.284192,16402
20220816T12:00:00+0000,0.319628,16402
20220816T13:00:00+0000,0.348187,16402
20220816T14:00:00+0000,0.386853,16386
20220816T15:00:00+0000,0.377484,16386
20220816T16:00:00+0000,0.338038,16386
20220816T17:00:00+0000,0.30689,16386
20220816T18:00:00+0000,0.318929,16386
20220816T19:00:00+0000,0.335991,16386
20220816T20:00:00+0000,0.366574,16386
20220816T21:00:00+0000,0.418018,16386
20220816T22:00:00+0000,0.476672,16386
20220816T23:00:00+0000,0.571603,16386
20220817T00:00:00+0000,0.644434,16386
20220817T01:00:00+0000,0.710196,16386
20220817T02:00:00+0000,0.670258,16386
20220817T03:00:00+0000,0.646217,16386
20220817T04:00:00+0000,0.59003,16402
20220817T05:00:00+0000,0.497382,16402
20220817T06:00:00+0000,0.419793,16402
20220817T07:00:00+0000,0.377785,16402
20220817T08:00:00+0000,0.35408,16402
20220817T09:00:00+0000,0.340394,16402
20220817T10:00:00+0000,0.334917,16402
20220817T11:00:00+0000,0.33352,16402
20220817T12:00:00+0000,0.343495,16402
20220817T13:00:00+0000,0.370748,16402
20220817T14:00:00+0000,0.426123,16386
20220817T15:00:00+0000,0.434146,16386
20220817T16:00:00+0000,0.423354,16386
20220817T17:00:00+0000,0.415351,16386
20220817T18:00:00+0000,0.416416,16386
20220817T19:00:00+0000,0.445015,16386
20220817T20:00:00+0000,0.523349,16386
20220817T21:00:00+0000,0.585652,16386
20220817T22:00:00+0000,0.627904,16386
20220817T23:00:00+0000,0.651458,16386
20220818T00:00:00+0000,0.741085,16386
20220818T01:00:00+0000,0.79421,16386
20220818T02:00:00+0000,0.778102,16386
20220818T03:00:00+0000,0.74839,16386
20220818T04:00:00+0000,0.687029,16402
20220818T05:00:00+0000,0.592287,16402
20220818T06:00:00+0000,0.509654,16402
20220818T07:00:00+0000,0.457907,16402
20220818T08:00:00+0000,0.421034,16402
20220818T09:00:00+0000,0.396455,16402
20220818T10:00:00+0000,0.384084,16402
20220818T11:00:00+0000,0.370111,16402
20220818T12:00:00+0000,0.388964,16402
20220818T13:00:00+0000,0.424803,16402
20220818T14:00:00+0000,0.476653,16386
20220818T15:00:00+0000,0.477054,16386
20220818T16:00:00+0000,0.482942,16386
20220818T17:00:00+0000,0.477039,16386
20220818T18:00:00+0000,0.578273,16386
20220818T19:00:00+0000,0.564923,16386
20220818T20:00:00+0000,0.617191,16386
20220818T21:00:00+0000,0.637437,16386
20220818T22:00:00+0000,0.638352,16386
20220818T23:00:00+0000,0.681526,16386
20220819T00:00:00+0000,0.680297,16386
20220819T01:00:00+0000,0.727855,16386
20220819T02:00:00+0000,0.666981,16386
20220819T03:00:00+0000,0.651863,16386
20220819T04:00:00+0000,0.598154,16402
20220819T05:00:00+0000,0.513881,16402
20220819T06:00:00+0000,0.44218,16402
20220819T07:00:00+0000,0.395734,16402
20220819T08:00:00+0000,0.366987,16402
20220819T09:00:00+0000,0.353191,16402
20220819T10:00:00+0000,0.342247,16402
20220819T11:00:00+0000,0.334473,16402
20220819T12:00:00+0000,0.355542,16402
20220819T13:00:00+0000,0.37844,16402
20220819T14:00:00+0000,0.430804,16386
20220819T15:00:00+0000,0.444541,16386
20220819T16:00:00+0000,0.449018,16386
20220819T17:00:00+0000,0.43965,16386
20220819T18:00:00+0000,0.407195,16386
20220819T19:00:00+0000,0.366579,16386
20220819T20:00:00+0000,0.384267,16386
20220819T21:00:00+0000,0.428664,16386
20220819T22:00:00+0000,0.484062,16386
20220819T23:00:00+0000,0.52293,16386
20220820T00:00:00+0000,0.568157,16386
20220820T01:00:00+0000,0.584411,16386
20220820T02:00:00+0000,0.537235,16386
20220820T03:00:00+0000,0.506458,16386
20220820T04:00:00+0000,0.470095,16402
20220820T05:00:00+0000,0.415684,16402
20220820T06:00:00+0000,0.373586,16402
20220820T07:00:00+0000,0.343653,16402
20220820T08:00:00+0000,0.323464,16402
20220820T09:00:00+0000,0.312597,16402
20220820T10:00:00+0000,0.298647,16402
20220820T11:00:00+0000,0.299005,16402
20220820T12:00:00+0000,0.310476,16402
20220820T13:00:00+0000,0.319582,16402
20220820T14:00:00+0000,0.37162,16386
20220820T15:00:00+0000,0.401168,16386
20220820T16:00:00+0000,0.399672,16386
20220820T17:00:00+0000,0.401941,16386
20220820T18:00:00+0000,0.399769,16386
20220820T19:00:00+0000,0.304769,16386
20220820T20:00:00+0000,0.279228,16386
20220820T21:00:00+0000,0.319231,16386
20220820T22:00:00+0000,0.382838,16386
20220820T23:00:00+0000,0.455422,16386
20220821T00:00:00+0000,0.500736,16386
20220821T01:00:00+0000,0.543103,16386
20220821T02:00:00+0000,0.51876,16386
20220821T03:00:00+0000,0.489542,16386
20220821T04:00:00+0000,0.452456,16402
20220821T05:00:00+0000,0.392615,16402
20220821T06:00:00+0000,0.349451,16402
20220821T07:00:00+0000,0.319217,16402
20220821T08:00:00+0000,0.292101,16402
20220821T09:00:00+0000,0.28046,16402
20220821T10:00:00+0000,0.265151,16402
20220821T11:00:00+0000,0.267369,16402
20220821T12:00:00+0000,0.269233,16402
20220821T13:00:00+0000,0.278156,16402
20220821T14:00:00+0000,0.333474,16386
20220821T15:00:00+0000,0.3662,16386
20220821T16:00:00+0000,0.366846,16386
20220821T17:00:00+0000,0.303476,16386
20220821T18:00:00+0000,0.272499,16386
20220821T19:00:00+0000,0.321313,16386
20220821T20:00:00+0000,0.368517,16386
20220821T21:00:00+0000,0.372514,16386
20220821T22:00:00+0000,0.431515,16386
20220821T23:00:00+0000,0.547626,16386
20220822T00:00:00+0000,0.615241,16386
20220822T01:00:00+0000,0.639188,16386
20220822T02:00:00+0000,0.581327,16386
20220822T03:00:00+0000,0.554411,16386
20220822T04:00:00+0000,0.495892,16402
20220822T05:00:00+0000,0.414165,16402
20220822T06:00:00+0000,0.362674,16402
20220822T07:00:00+0000,0.330962,16402
20220822T08:00:00+0000,0.302136,16402
20220822T09:00:00+0000,0.283389,16402
20220822T10:00:00+0000,0.277482,16402
20220822T11:00:00+0000,0.284376,16402
20220822T12:00:00+0000,0.313584,16402
20220822T13:00:00+0000,0.340438,16402
20220822T14:00:00+0000,0.390675,16386
20220822T15:00:00+0000,0.416048,16386
20220822T16:00:00+0000,0.38865,16386
20220822T17:00:00+0000,0.380702,16386
20220822T18:00:00+0000,0.373824,16386
20220822T19:00:00+0000,0.39165,16386
20220822T20:00:00+0000,0.420345,16386
20220822T21:00:00+0000,0.448257,16386
20220822T22:00:00+0000,0.542077,16386
20220822T23:00:00+0000,0.576601,16386
20220823T00:00:00+0000,0.634006,16386
20220823T01:00:00+0000,0.685606,16386
20220823T02:00:00+0000,0.650764,16386
20220823T03:00:00+0000,0.59609,16386
20220823T04:00:00+0000,0.520939,16402
20220823T05:00:00+0000,0.449694,16402
20220823T06:00:00+0000,0.384891,16402
20220823T07:00:00+0000,0.350076,16402
20220823T08:00:00+0000,0.330803,16402
20220823T09:00:00+0000,0.318091,16402
20220823T10:00:00+0000,0.302165,16402
20220823T11:00:00+0000,0.31695,16402
20220823T12:00:00+0000,0.325774,16402
20220823T13:00:00+0000,0.361383,16402
20220823T14:00:00+0000,0.414596,16386
20220823T15:00:00+0000,0.408833,16386
20220823T16:00:00+0000,0.384878,16386
20220823T17:00:00+0000,0.372292,16386
20220823T18:00:00+0000,0.365244,16386
20220823T19:00:00+0000,0.357315,16386
20220823T20:00:00+0000,0.397998,16386
20220823T21:00:00+0000,0.439198,16386
20220823T22:00:00+0000,0.498952,16386
20220823T23:00:00+0000,0.564308,16386
20220824T00:00:00+0000,0.619822,16386
20220824T01:00:00+0000,0.682974,16386
20220824T02:00:00+0000,0.644033,16386
20220824T03:00:00+0000,0.590533,16386
20220824T04:00:00+0000,0.543494,16402
20220824T05:00:00+0000,0.459807,16402
20220824T06:00:00+0000,0.382472,16402
20220824T07:00:00+0000,0.350055,16402
20220824T08:00:00+0000,0.329363,16402
20220824T09:00:00+0000,0.313582,16402
20220824T10:00:00+0000,0.301514,16402
20220824T11:00:00+0000,0.301243,16402
20220824T12:00:00+0000,0.32254,16402
20220824T13:00:00+0000,0.365533,16402
20220824T14:00:00+0000,0.418766,16386
20220824T15:00:00+0000,0.413426,16386
20220824T16:00:00+0000,0.390468,16386
20220824T17:00:00+0000,0.372015,16386
20220824T18:00:00+0000,0.376528,16386
20220824T19:00:00+0000,0.392088,16386
20220824T20:00:00+0000,0.413671,16386
20220824T21:00:00+0000,0.472776,16386
20220824T22:00:00+0000,0.537508,16386
20220824T23:00:00+0000,0.587711,16386
20220825T00:00:00+0000,0.657028,16386
20220825T01:00:00+0000,0.712031,16386
20220825T02:00:00+0000,0.63933,16386
20220825T03:00:00+0000,0.591973,16386
20220825T04:00:00+0000,0.53559,16402
20220825T05:00:00+0000,0.46705,16402
20220825T06:00:00+0000,0.386807,16402
20220825T07:00:00+0000,0.364632,16402
20220825T08:00:00+0000,0.338723,16402
20220825T09:00:00+0000,0.319087,16402
20220825T10:00:00+0000,0.304503,16402
20220825T11:00:00+0000,0.298807,16402
20220825T12:00:00+0000,0.330294,16402
20220825T13:00:00+0000,0.365818,16402
20220825T14:00:00+0000,0.40759,16386
20220825T15:00:00+0000,0.417938,16386
20220825T16:00:00+0000,0.40105,16386
20220825T17:00:00+0000,0.39263,16386
20220825T18:00:00+0000,0.398671,16386
20220825T19:00:00+0000,0.414346,16386
20220825T20:00:00+0000,0.457008,16386
20220825T21:00:00+0000,0.509649,16386
20220825T22:00:00+0000,0.569514,16386
20220825T23:00:00+0000,0.613193,16386
20220826T00:00:00+0000,0.662792,16386
20220826T01:00:00+0000,0.691144,16386
20220826T02:00:00+0000,0.639905,16386
20220826T03:00:00+0000,0.583985,16386
20220826T04:00:00+0000,0.517193,16402
20220826T05:00:00+0000,0.452253,16402
20220826T06:00:00+0000,0.384875,16402
20220826T07:00:00+0000,0.346009,16402
20220826T08:00:00+0000,0.33457,16402
20220826T09:00:00+0000,0.320561,16402
20220826T10:00:00+0000,0.301764,16402
20220826T11:00:00+0000,0.312174,16402
20220826T12:00:00+0000,0.331866,16402
20220826T13:00:00+0000,0.369829,16402
20220826T14:00:00+0000,0.424885,16386
20220826T15:00:00+0000,0.44309,16386
20220826T16:00:00+0000,0.456471,16386
20220826T17:00:00+0000,0.436756,16386
20220826T18:00:00+0000,0.325447,16386
20220826T19:00:00+0000,0.315653,16386
20220826T20:00:00+0000,0.350248,16386
20220826T21:00:00+0000,0.404538,16386
20220826T22:00:00+0000,0.469598,16386
20220826T23:00:00+0000,0.538796,16386
20220827T00:00:00+0000,0.576864,16386
20220827T01:00:00+0000,0.567095,16386
20220827T02:00:00+0000,0.512239,16386
20220827T03:00:00+0000,0.492068,16386
20220827T04:00:00+0000,0.455912,16402
20220827T05:00:00+0000,0.411286,16402
20220827T06:00:00+0000,0.369169,16402
20220827T07:00:00+0000,0.336647,16402
20220827T08:00:00+0000,0.318311,16402
20220827T09:00:00+0000,0.295255,16402
20220827T10:00:00+0000,0.289996,16402
20220827T11:00:00+0000,0.288463,16402
20220827T12:00:00+0000,0.301573,16402
20220827T13:00:00+0000,0.326559,16402
20220827T14:00:00+0000,0.375088,16386
20220827T15:00:00+0000,0.410888,16386
20220827T16:00:00+0000,0.407449,16386
20220827T17:00:00+0000,0.388622,16386
20220827T18:00:00+0000,0.415125,16386
20220827T19:00:00+0000,0.413074,16386
20220827T20:00:00+0000,0.352467,16386
20220827T21:00:00+0000,0.350562,16386
20220827T22:00:00+0000,0.3338,16386
20220827T23:00:00+0000,0.407263,16386
20220828T00:00:00+0000,0.414654,16386
20220828T01:00:00+0000,0.467442,16386
20220828T02:00:00+0000,0.442607,16386
20220828T03:00:00+0000,0.432531,16386
20220828T04:00:00+0000,0.407062,16402
20220828T05:00:00+0000,0.363731,16402
20220828T06:00:00+0000,0.320083,16402
20220828T07:00:00+0000,0.290713,16402
20220828T08:00:00+0000,0.261692,16402
20220828T09:00:00+0000,0.248713,16402
20220828T10:00:00+0000,0.250025,16402
20220828T11:00:00+0000,0.249277,16402
20220828T12:00:00+0000,0.252672,16402
20220828T13:00:00+0000,0.253755,16402
20220828T14:00:00+0000,0.281521,16386
20220828T15:00:00+0000,0.302869,16386
20220828T16:00:00+0000,0.290538,16386
20220828T17:00:00+0000,0.253295,16386
20220828T18:00:00+0000,0.201671,16386
20220828T19:00:00+0000,0.209327,16386
20220828T20:00:00+0000,0.211629,16386
20220828T21:00:00+0000,0.250543,16386
20220828T22:00:00+0000,0.303185,16386
20220828T23:00:00+0000,0.372018,16386
20220829T00:00:00+0000,0.446093,16386
20220829T01:00:00+0000,0.50829,16386
20220829T02:00:00+0000,0.504376,16386
20220829T03:00:00+0000,0.491183,16386
20220829T04:00:00+0000,0.431636,16402
20220829T05:00:00+0000,0.361836,16402
20220829T06:00:00+0000,0.309369,16402
20220829T07:00:00+0000,0.287619,16402
20220829T08:00:00+0000,0.265149,16402
20220829T09:00:00+0000,0.248876,16402
20220829T10:00:00+0000,0.250073,16402
20220829T11:00:00+0000,0.252878,16402
20220829T12:00:00+0000,0.281736,16402
20220829T13:00:00+0000,0.336046,16402
20220829T14:00:00+0000,0.392895,16386
20220829T15:00:00+0000,0.395202,16386
20220829T16:00:00+0000,0.374706,16386
20220829T17:00:00+0000,0.336972,16386
20220829T18:00:00+0000,0.327268,16386
20220829T19:00:00+0000,0.34235,16386
20220829T20:00:00+0000,0.376243,16386
20220829T21:00:00+0000,0.464437,16386
20220829T22:00:00+0000,0.51922,16386
20220829T23:00:00+0000,0.613363,16386
20220830T00:00:00+0000,0.668621,16386
20220830T01:00:00+0000,0.704803,16386
20220830T02:00:00+0000,0.673904,16386
20220830T03:00:00+0000,0.64137,16386
20220830T04:00:00+0000,0.580794,16402
20220830T05:00:00+0000,0.475645,16402
20220830T06:00:00+0000,0.406331,16402
20220830T07:00:00+0000,0.35898,16402
20220830T08:00:00+0000,0.337793,16402
20220830T09:00:00+0000,0.324607,16402
20220830T10:00:00+0000,0.318523,16402
20220830T11:00:00+0000,0.317585,16402
20220830T12:00:00+0000,0.337698,16402
20220830T13:00:00+0000,0.391168,16402
20220830T14:00:00+0000,0.436339,16402
20220830T15:00:00+0000,0.435671,16386
20220830T16:00:00+0000,0.416086,16386
20220830T17:00:00+0000,0.409883,16386
20220830T18:00:00+0000,0.418828,16386
20220830T19:00:00+0000,0.432808,16386
20220830T20:00:00+0000,0.479592,16386
20220830T21:00:00+0000,0.547999,16386
20220830T22:00:00+0000,0.601059,16386
20220830T23:00:00+0000,0.657728,16386
20220831T00:00:00+0000,0.686855,16386
20220831T01:00:00+0000,0.740039,16386
20220831T02:00:00+0000,0.685319,16386
20220831T03:00:00+0000,0.651788,16386
20220831T04:00:00+0000,0.59922,16402
20220831T05:00:00+0000,0.490848,16402
20220831T06:00:00+0000,0.41012,16402
20220831T07:00:00+0000,0.380054,16402
20220831T08:00:00+0000,0.356468,16402
20220831T09:00:00+0000,0.33173,16402
20220831T10:00:00+0000,0.312255,16402
20220831T11:00:00+0000,0.311143,16402
20220831T12:00:00+0000,0.344583,16402
20220831T13:00:00+0000,0.375547,16402
20220831T14:00:00+0000,0.434848,16402
20220831T15:00:00+0000,0.434607,16386
20220831T16:00:00+0000,0.416828,16386
20220831T17:00:00+0000,0.396296,16386
20220831T18:00:00+0000,0.397314,16386
20220831T19:00:00+0000,0.40406,16386
20220831T20:00:00+0000,0.448424,16386
20220831T21:00:00+0000,0.510886,16386
20220831T22:00:00+0000,0.566683,16386
20220831T23:00:00+0000,0.615574,16386
20220901T00:00:00+0000,0.643082,16386
20220901T01:00:00+0000,0.668908,16386
20220901T02:00:00+0000,0.605505,16386
20220901T03:00:00+0000,0.562445,16386
20220901T04:00:00+0000,0.495037,16402
20220901T05:00:00+0000,0.408481,16402
20220901T06:00:00+0000,0.357497,16402
20220901T07:00:00+0000,0.323989,16402
20220901T08:00:00+0000,0.312629,16402
20220901T09:00:00+0000,0.292754,16402
20220901T10:00:00+0000,0.289827,16402
20220901T11:00:00+0000,0.294249,16402
20220901T12:00:00+0000,0.308641,16402
20220901T13:00:00+0000,0.347593,16402
20220901T14:00:00+0000,0.385144,16402
20220901T15:00:00+0000,0.405888,16386
20220901T16:00:00+0000,0.38705,16386
20220901T17:00:00+0000,0.350517,16386
20220901T18:00:00+0000,0.335018,16386
20220901T19:00:00+0000,0.334624,16386
20220901T20:00:00+0000,0.381371,16386
20220901T21:00:00+0000,0.421037,16386
20220901T22:00:00+0000,0.490753,16386
20220901T23:00:00+0000,0.572783,16386
20220902T00:00:00+0000,0.617729,16386
20220902T01:00:00+0000,0.675645,16386
20220902T02:00:00+0000,0.629014,16386
20220902T03:00:00+0000,0.601873,16386
20220902T04:00:00+0000,0.542295,16402
20220902T05:00:00+0000,0.453327,16402
20220902T06:00:00+0000,0.385296,16402
20220902T07:00:00+0000,0.3522,16402
20220902T08:00:00+0000,0.32951,16402
20220902T09:00:00+0000,0.311285,16402
20220902T10:00:00+0000,0.301559,16402
20220902T11:00:00+0000,0.300836,16402
20220902T12:00:00+0000,0.324665,16402
20220902T13:00:00+0000,0.368635,16402
20220902T14:00:00+0000,0.407908,16402
20220902T15:00:00+0000,0.42572,16386
20220902T16:00:00+0000,0.392441,16386
20220902T17:00:00+0000,0.371268,16386
20220902T18:00:00+0000,0.368119,16386
20220902T19:00:00+0000,0.379123,16386
20220902T20:00:00+0000,0.408672,16386
20220902T21:00:00+0000,0.437848,16386
20220902T22:00:00+0000,0.475523,16386
20220902T23:00:00+0000,0.501029,16386
20220903T00:00:00+0000,0.488673,16386
20220903T01:00:00+0000,0.506972,16386
20220903T02:00:00+0000,0.46361,16386
20220903T03:00:00+0000,0.45069,16386
20220903T04:00:00+0000,0.421003,16402
20220903T05:00:00+0000,0.371039,16402
20220903T06:00:00+0000,0.318419,16402
20220903T07:00:00+0000,0.28886,16402
20220903T08:00:00+0000,0.266439,16402
20220903T09:00:00+0000,0.254194,16402
20220903T10:00:00+0000,0.240039,16402
20220903T11:00:00+0000,0.239847,16402
20220903T12:00:00+0000,0.253374,16402
20220903T13:00:00+0000,0.288819,16402
20220903T14:00:00+0000,0.343134,16402
20220903T15:00:00+0000,0.385225,16386
20220903T16:00:00+0000,0.379915,16386
20220903T17:00:00+0000,0.351269,16386
20220903T18:00:00+0000,0.378936,16386
20220903T19:00:00+0000,0.388108,16386
20220903T20:00:00+0000,0.375256,16386
20220903T21:00:00+0000,0.297294,16386
20220903T22:00:00+0000,0.317162,16386
20220903T23:00:00+0000,0.391853,16386
20220904T00:00:00+0000,0.455451,16386
20220904T01:00:00+0000,0.522814,16386
20220904T02:00:00+0000,0.494314,16386
20220904T03:00:00+0000,0.470422,16386
20220904T04:00:00+0000,0.423076,16402
20220904T05:00:00+0000,0.372623,16402
20220904T06:00:00+0000,0.320996,16402
20220904T07:00:00+0000,0.288165,16402
20220904T08:00:00+0000,0.263268,16402
20220904T09:00:00+0000,0.258819,16402
20220904T10:00:00+0000,0.249383,16402
20220904T11:00:00+0000,0.248777,16402
20220904T12:00:00+0000,0.251114,16402
20220904T13:00:00+0000,0.267415,16402
20220904T14:00:00+0000,0.293571,16402
20220904T15:00:00+0000,0.316642,16386
20220904T16:00:00+0000,0.29717,16386
20220904T17:00:00+0000,0.255798,16386
20220904T18:00:00+0000,0.250567,16386
20220904T19:00:00+0000,0.240986,16386
20220904T20:00:00+0000,0.267546,16386
20220904T21:00:00+0000,0.335316,16386
20220904T22:00:00+0000,0.395543,16386
20220904T23:00:00+0000,0.442595,16386
20220905T00:00:00+0000,0.503297,16386
20220905T01:00:00+0000,0.521859,16386
20220905T02:00:00+0000,0.499359,16386
20220905T03:00:00+0000,0.48088,16386
20220905T04:00:00+0000,0.428613,16402
20220905T05:00:00+0000,0.380281,16402
20220905T06:00:00+0000,0.334959,16402
20220905T07:00:00+0000,0.299851,16402
20220905T08:00:00+0000,0.282177,16402
20220905T09:00:00+0000,0.266534,16402
20220905T10:00:00+0000,0.257117,16402
20220905T11:00:00+0000,0.264474,16402
20220905T12:00:00+0000,0.267283,16402
20220905T13:00:00+0000,0.29738,16402
20220905T14:00:00+0000,0.336997,16402
20220905T15:00:00+0000,0.34771,16386
20220905T16:00:00+0000,0.328451,16386
20220905T17:00:00+0000,0.319216,16386
20220905T18:00:00+0000,0.282544,16386
20220905T19:00:00+0000,0.268583,16386
20220905T20:00:00+0000,0.294262,16386
20220905T21:00:00+0000,0.330185,16386
20220905T22:00:00+0000,0.385696,16386
20220905T23:00:00+0000,0.451905,16386
20220906T00:00:00+0000,0.514637,16386
20220906T01:00:00+0000,0.57336,16386
20220906T02:00:00+0000,0.55912,16386
20220906T03:00:00+0000,0.53244,16386
20220906T04:00:00+0000,0.478996,16402
20220906T05:00:00+0000,0.396993,16402
20220906T06:00:00+0000,0.337749,16402
20220906T07:00:00+0000,0.298564,16402
20220906T08:00:00+0000,0.279063,16402
20220906T09:00:00+0000,0.262809,16402
20220906T10:00:00+0000,0.255112,16402
20220906T11:00:00+0000,0.27005,16402
20220906T12:00:00+0000,0.305796,16402
20220906T13:00:00+0000,0.3592,16402
20220906T14:00:00+0000,0.409254,16402
20220906T15:00:00+0000,0.39361,16386
20220906T16:00:00+0000,0.35071,16386
20220906T17:00:00+0000,0.313169,16386
20220906T18:00:00+0000,0.300849,16386
20220906T19:00:00+0000,0.320007,16386
20220906T20:00:00+0000,0.330914,16386
20220906T21:00:00+0000,0.383576,16386
20220906T22:00:00+0000,0.44809,16386
20220906T23:00:00+0000,0.543959,16386
20220907T00:00:00+0000,0.632173,16386
20220907T01:00:00+0000,0.670049,16386
20220907T02:00:00+0000,0.626572,16386
20220907T03:00:00+0000,0.587198,16386
20220907T04:00:00+0000,0.509989,16402
20220907T05:00:00+0000,0.439177,16402
20220907T06:00:00+0000,0.36202,16402
20220907T07:00:00+0000,0.329848,16402
20220907T08:00:00+0000,0.313136,16402
20220907T09:00:00+0000,0.293585,16402
20220907T10:00:00+0000,0.284188,16402
20220907T11:00:00+0000,0.290311,16402
20220907T12:00:00+0000,0.32709,16402
20220907T13:00:00+0000,0.375139,16402
20220907T14:00:00+0000,0.406672,16402
20220907T15:00:00+0000,0.400731,16386
20220907T16:00:00+0000,0.365759,16386
20220907T17:00:00+0000,0.344649,16386
20220907T18:00:00+0000,0.324676,16386
20220907T19:00:00+0000,0.329756,16386
20220907T20:00:00+0000,0.366251,16386
20220907T21:00:00+0000,0.400943,16386
20220907T22:00:00+0000,0.46759,16386
20220907T23:00:00+0000,0.600056,16386
20220908T00:00:00+0000,0.600929,16386
20220908T01:00:00+0000,0.58996,16386
20220908T02:00:00+0000,0.558248,16386
20220908T03:00:00+0000,0.531931,16386
20220908T04:00:00+0000,0.456192,16402
20220908T05:00:00+0000,0.390629,16402
20220908T06:00:00+0000,0.336303,16402
20220908T07:00:00+0000,0.313238,16402
20220908T08:00:00+0000,0.284069,16402
20220908T09:00:00+0000,0.284239,16402
20220908T10:00:00+0000,0.280965,16402
20220908T11:00:00+0000,0.285592,16402
20220908T12:00:00+0000,0.324811,16402
20220908T13:00:00+0000,0.375374,16402
20220908T14:00:00+0000,0.414502,16402
20220908T15:00:00+0000,0.396006,16386
20220908T16:00:00+0000,0.35333,16386
20220908T17:00:00+0000,0.289527,16386
20220908T18:00:00+0000,0.267117,16386
20220908T19:00:00+0000,0.256452,16386
20220908T20:00:00+0000,0.266081,16386
20220908T21:00:00+0000,0.286885,16386
20220908T22:00:00+0000,0.333756,16386
20220908T23:00:00+0000,0.417207,16386
20220909T00:00:00+0000,0.491343,16386
20220909T01:00:00+0000,0.550976,16386
20220909T02:00:00+0000,0.519224,16386
20220909T03:00:00+0000,0.499385,16386
20220909T04:00:00+0000,0.441313,16402
20220909T05:00:00+0000,0.382219,16402
20220909T06:00:00+0000,0.326449,16402
20220909T07:00:00+0000,0.307358,16402
20220909T08:00:00+0000,0.287487,16402
20220909T09:00:00+0000,0.273278,16402
20220909T10:00:00+0000,0.266749,16402
20220909T11:00:00+0000,0.278145,16402
20220909T12:00:00+0000,0.312664,16402
20220909T13:00:00+0000,0.366446,16402
20220909T14:00:00+0000,0.42341,16402
20220909T15:00:00+0000,0.414299,16386
20220909T16:00:00+0000,0.363395,16386
20220909T17:00:00+0000,0.330051,16386
20220909T18:00:00+0000,0.313901,16386
20220909T19:00:00+0000,0.318247,16386
20220909T20:00:00+0000,0.339921,16386
20220909T21:00:00+0000,0.377973,16386
20220909T22:00:00+0000,0.425193,16386
20220909T23:00:00+0000,0.491789,16386
20220910T00:00:00+0000,0.543428,16386
20220910T01:00:00+0000,0.57162,16386
20220910T02:00:00+0000,0.548412,16386
20220910T03:00:00+0000,0.513313,16386
20220910T04:00:00+0000,0.470159,16402
20220910T05:00:00+0000,0.408996,16402
20220910T06:00:00+0000,0.355835,16402
20220910T07:00:00+0000,0.326169,16402
20220910T08:00:00+0000,0.301284,16402
20220910T09:00:00+0000,0.28397,16402
20220910T10:00:00+0000,0.278614,16402
20220910T11:00:00+0000,0.283186,16402
20220910T12:00:00+0000,0.289384,16402
20220910T13:00:00+0000,0.310038,16402
20220910T14:00:00+0000,0.362618,16402
20220910T15:00:00+0000,0.402371,16386
20220910T16:00:00+0000,0.398304,16386
20220910T17:00:00+0000,0.403298,16386
20220910T18:00:00+0000,0.401598,16386
20220910T19:00:00+0000,0.389163,16386
20220910T20:00:00+0000,0.410574,16386
20220910T21:00:00+0000,0.421932,16386
20220910T22:00:00+0000,0.455824,16386
20220910T23:00:00+0000,0.511145,16386
20220911T00:00:00+0000,0.573783,16386
20220911T01:00:00+0000,0.573205,16386
20220911T02:00:00+0000,0.532579,16386
20220911T03:00:00+0000,0.501744,16386
20220911T04:00:00+0000,0.449782,16402
20220911T05:00:00+0000,0.398904,16402
20220911T06:00:00+0000,0.338765,16402
20220911T07:00:00+0000,0.314149,16402
20220911T08:00:00+0000,0.29275,16402
20220911T09:00:00+0000,0.283642,16402
20220911T10:00:00+0000,0.270812,16402
20220911T11:00:00+0000,0.267027,16402
20220911T12:00:00+0000,0.267035,16402
20220911T13:00:00+0000,0.283138,16402
20220911T14:00:00+0000,0.314561,16402
20220911T15:00:00+0000,0.346166,16386
20220911T16:00:00+0000,0.352068,16386
20220911T17:00:00+0000,0.349647,16386
20220911T18:00:00+0000,0.346159,16386
20220911T19:00:00+0000,0.398546,16386
20220911T20:00:00+0000,0.426691,16386
20220911T21:00:00+0000,0.401315,16386
20220911T22:00:00+0000,0.464196,16386
20220911T23:00:00+0000,0.514615,16386
20220912T00:00:00+0000,0.529412,16386
20220912T01:00:00+0000,0.52102,16386
20220912T02:00:00+0000,0.495531,16386
20220912T03:00:00+0000,0.461731,16386
20220912T04:00:00+0000,0.414695,16402
20220912T05:00:00+0000,0.36842,16402
20220912T06:00:00+0000,0.305653,16402
20220912T07:00:00+0000,0.281524,16402
20220912T08:00:00+0000,0.265743,16402
20220912T09:00:00+0000,0.253512,16402
20220912T10:00:00+0000,0.256473,16402
20220912T11:00:00+0000,0.26819,16402
20220912T12:00:00+0000,0.292156,16402
20220912T13:00:00+0000,0.364295,16402
20220912T14:00:00+0000,0.405942,16402
20220912T15:00:00+0000,0.378436,16386
20220912T16:00:00+0000,0.351564,16386
20220912T17:00:00+0000,0.331363,16386
20220912T18:00:00+0000,0.358813,16386
20220912T19:00:00+0000,0.291436,16386
20220912T20:00:00+0000,0.282033,16386
20220912T21:00:00+0000,0.342272,16386
20220912T22:00:00+0000,0.454723,16386
20220912T23:00:00+0000,0.440362,16386
20220913T00:00:00+0000,0.517262,16386
20220913T01:00:00+0000,0.558776,16386
20220913T02:00:00+0000,0.51691,16386
20220913T03:00:00+0000,0.476846,16386
20220913T04:00:00+0000,0.431489,16402
20220913T05:00:00+0000,0.371607,16402
20220913T06:00:00+0000,0.327813,16402
20220913T07:00:00+0000,0.29827,16402
20220913T08:00:00+0000,0.287069,16402
20220913T09:00:00+0000,0.284099,16402
20220913T10:00:00+0000,0.270816,16402
20220913T11:00:00+0000,0.277447,16402
20220913T12:00:00+0000,0.319368,16402
20220913T13:00:00+0000,0.374261,16402
20220913T14:00:00+0000,0.401973,16402
20220913T15:00:00+0000,0.402138,16386
20220913T16:00:00+0000,0.402637,16386
20220913T17:00:00+0000,0.373118,16386
20220913T18:00:00+0000,0.355964,16386
20220913T19:00:00+0000,0.352942,16386
20220913T20:00:00+0000,0.410954,16386
20220913T21:00:00+0000,0.431091,16386
20220913T22:00:00+0000,0.433728,16386
20220913T23:00:00+0000,0.448184,16386
20220914T00:00:00+0000,0.480202,16386
20220914T01:00:00+0000,0.499449,16386
20220914T02:00:00+0000,0.484646,16386
20220914T03:00:00+0000,0.475281,16402
20220914T04:00:00+0000,0.41953,16402
20220914T05:00:00+0000,0.353151,16402
20220914T06:00:00+0000,0.312216,16402
20220914T07:00:00+0000,0.297464,16402
20220914T08:00:00+0000,0.283199,16402
20220914T09:00:00+0000,0.283816,16402
20220914T10:00:00+0000,0.266505,16402
20220914T11:00:00+0000,0.277531,16402
20220914T12:00:00+0000,0.317856,16402
20220914T13:00:00+0000,0.363739,16402
20220914T14:00:00+0000,0.38988,16402
20220914T15:00:00+0000,0.408941,16386
20220914T16:00:00+0000,0.417603,16386
20220914T17:00:00+0000,0.395058,16386
20220914T18:00:00+0000,0.339731,16386
20220914T19:00:00+0000,0.339209,16386
20220914T20:00:00+0000,0.346477,16386
20220914T21:00:00+0000,0.369551,16386
20220914T22:00:00+0000,0.409969,16386
20220914T23:00:00+0000,0.416767,16386
20220915T00:00:00+0000,0.453848,16386
20220915T01:00:00+0000,0.488016,16386
20220915T02:00:00+0000,0.48368,16386
20220915T03:00:00+0000,0.480712,16402
20220915T04:00:00+0000,0.413669,16402
20220915T05:00:00+0000,0.34549,16402
20220915T06:00:00+0000,0.318499,16402
20220915T07:00:00+0000,0.293717,16402
20220915T08:00:00+0000,0.284155,16402
20220915T09:00:00+0000,0.268006,16402
20220915T10:00:00+0000,0.267234,16402
20220915T11:00:00+0000,0.273199,16402
20220915T12:00:00+0000,0.312576,16402
20220915T13:00:00+0000,0.36111,16402
20220915T14:00:00+0000,0.411604,16402
20220915T15:00:00+0000,0.42081,16386
20220915T16:00:00+0000,0.419241,16386
20220915T17:00:00+0000,0.399538,16386
20220915T18:00:00+0000,0.375707,16386
20220915T19:00:00+0000,0.291879,16386
20220915T20:00:00+0000,0.279345,16386
20220915T21:00:00+0000,0.367536,16386
20220915T22:00:00+0000,0.467285,16386
20220915T23:00:00+0000,0.459713,16386
20220916T00:00:00+0000,0.471178,16386
20220916T01:00:00+0000,0.469232,16386
20220916T02:00:00+0000,0.448711,16386
20220916T03:00:00+0000,0.435244,16402
20220916T04:00:00+0000,0.397658,16402
20220916T05:00:00+0000,0.351539,16402
20220916T06:00:00+0000,0.302485,16402
20220916T07:00:00+0000,0.282196,16402
20220916T08:00:00+0000,0.271046,16402
20220916T09:00:00+0000,0.252615,16402
20220916T10:00:00+0000,0.250182,16402
20220916T11:00:00+0000,0.26301,16402
20220916T12:00:00+0000,0.300915,16402
20220916T13:00:00+0000,0.325341,16402
20220916T14:00:00+0000,0.375598,16402
20220916T15:00:00+0000,0.393206,16386
20220916T16:00:00+0000,0.367995,16386
20220916T17:00:00+0000,0.341816,16386
20220916T18:00:00+0000,0.280275,16386
20220916T19:00:00+0000,0.343212,16386
20220916T20:00:00+0000,0.342335,16386
20220916T21:00:00+0000,0.377076,16386
20220916T22:00:00+0000,0.401137,16386
20220916T23:00:00+0000,0.421801,16386
20220917T00:00:00+0000,0.433779,16386
20220917T01:00:00+0000,0.443957,16386
20220917T02:00:00+0000,0.416709,16386
20220917T03:00:00+0000,0.393244,16402
20220917T04:00:00+0000,0.371866,16402
20220917T05:00:00+0000,0.334563,16402
20220917T06:00:00+0000,0.295343,16402
20220917T07:00:00+0000,0.272155,16402
20220917T08:00:00+0000,0.2554,16402
20220917T09:00:00+0000,0.245693,16402
20220917T10:00:00+0000,0.249968,16402
20220917T11:00:00+0000,0.245674,16402
20220917T12:00:00+0000,0.256766,16402
20220917T13:00:00+0000,0.283001,16402
20220917T14:00:00+0000,0.344802,16402
20220917T15:00:00+0000,0.363877,16386
20220917T16:00:00+0000,0.352336,16386
20220917T17:00:00+0000,0.31557,16386
20220917T18:00:00+0000,0.289081,16386
20220917T19:00:00+0000,0.29702,16386
20220917T20:00:00+0000,0.26948,16386
20220917T21:00:00+0000,0.289636,16386
20220917T22:00:00+0000,0.31561,16386
20220917T23:00:00+0000,0.38351,16386
20220918T00:00:00+0000,0.409746,16386
20220918T01:00:00+0000,0.410075,16386
20220918T02:00:00+0000,0.394551,16386
20220918T03:00:00+0000,0.401202,16402
20220918T04:00:00+0000,0.367017,16402
20220918T05:00:00+0000,0.326283,16402
20220918T06:00:00+0000,0.292671,16402
20220918T07:00:00+0000,0.266757,16402
20220918T08:00:00+0000,0.253362,16402
20220918T09:00:00+0000,0.241987,16402
20220918T10:00:00+0000,0.247724,16402
20220918T11:00:00+0000,0.237834,16402
20220918T12:00:00+0000,0.246703,16402
20220918T13:00:00+0000,0.268418,16402
20220918T14:00:00+0000,0.292455,16402
20220918T15:00:00+0000,0.311527,16386
20220918T16:00:00+0000,0.321551,16386
20220918T17:00:00+0000,0.311195,16386
20220918T18:00:00+0000,0.342497,16386
20220918T19:00:00+0000,0.243407,16386
20220918T20:00:00+0000,0.268562,16386
20220918T21:00:00+0000,0.321305,16386
20220918T22:00:00+0000,0.389228,16386
20220918T23:00:00+0000,0.412349,16386
20220919T00:00:00+0000,0.448147,16386
20220919T01:00:00+0000,0.455026,16386
20220919T02:00:00+0000,0.449596,16386
20220919T03:00:00+0000,0.442412,16402
20220919T04:00:00+0000,0.387084,16402
20220919T05:00:00+0000,0.323037,16402
20220919T06:00:00+0000,0.284644,16402
20220919T07:00:00+0000,0.266583,16402
20220919T08:00:00+0000,0.245281,16402
20220919T09:00:00+0000,0.233466,16402
20220919T10:00:00+0000,0.234119,16402
20220919T11:00:00+0000,0.250913,16402
20220919T12:00:00+0000,0.290269,16402
20220919T13:00:00+0000,0.363165,16402
20220919T14:00:00+0000,0.425326,16402
20220919T15:00:00+0000,0.397359,16386
20220919T16:00:00+0000,0.345362,16386
20220919T17:00:00+0000,0.313026,16386
20220919T18:00:00+0000,0.295353,16386
20220919T19:00:00+0000,0.281035,16386
20220919T20:00:00+0000,0.306741,16386
20220919T21:00:00+0000,0.334666,16386
20220919T22:00:00+0000,0.383484,16386
20220919T23:00:00+0000,0.457894,16386
20220920T00:00:00+0000,0.532593,16386
20220920T01:00:00+0000,0.557584,16386
20220920T02:00:00+0000,0.526583,16386
20220920T03:00:00+0000,0.498163,16402
20220920T04:00:00+0000,0.442557,16402
20220920T05:00:00+0000,0.372273,16402
20220920T06:00:00+0000,0.3232,16402
20220920T07:00:00+0000,0.289013,16402
20220920T08:00:00+0000,0.284046,16402
20220920T09:00:00+0000,0.271373,16402
20220920T10:00:00+0000,0.266055,16402
20220920T11:00:00+0000,0.27246,16402
20220920T12:00:00+0000,0.308492,16402
20220920T13:00:00+0000,0.371215,16402
20220920T14:00:00+0000,0.420075,16402
20220920T15:00:00+0000,0.404585,16386
20220920T16:00:00+0000,0.352233,16386
20220920T17:00:00+0000,0.311592,16386
20220920T18:00:00+0000,0.299513,16386
20220920T19:00:00+0000,0.289038,16386
20220920T20:00:00+0000,0.290252,16386
20220920T21:00:00+0000,0.328888,16386
20220920T22:00:00+0000,0.396469,16386
20220920T23:00:00+0000,0.448711,16386
20220921T00:00:00+0000,0.518076,16386
20220921T01:00:00+0000,0.55523,16386
20220921T02:00:00+0000,0.52709,16386
20220921T03:00:00+0000,0.494289,16402
20220921T04:00:00+0000,0.435235,16402
20220921T05:00:00+0000,0.369649,16402
20220921T06:00:00+0000,0.323492,16402
20220921T07:00:00+0000,0.30671,16402
20220921T08:00:00+0000,0.282119,16402
20220921T09:00:00+0000,0.266478,16402
20220921T10:00:00+0000,0.26514,16402
20220921T11:00:00+0000,0.277026,16402
20220921T12:00:00+0000,0.304524,16402
20220921T13:00:00+0000,0.370819,16402
20220921T14:00:00+0000,0.407977,16402
20220921T15:00:00+0000,0.41382,16386
20220921T16:00:00+0000,0.343425,16386
20220921T17:00:00+0000,0.310325,16386
20220921T18:00:00+0000,0.30264,16386
20220921T19:00:00+0000,0.298553,16386
20220921T20:00:00+0000,0.336447,16386
20220921T21:00:00+0000,0.377041,16386
20220921T22:00:00+0000,0.430146,16386
20220921T23:00:00+0000,0.439713,16386
20220922T00:00:00+0000,0.476821,16386
20220922T01:00:00+0000,0.512268,16386
20220922T02:00:00+0000,0.493209,16386
20220922T03:00:00+0000,0.473447,16402
20220922T04:00:00+0000,0.425968,16402
20220922T05:00:00+0000,0.364635,16402
20220922T06:00:00+0000,0.310649,16402
20220922T07:00:00+0000,0.297773,16402
20220922T08:00:00+0000,0.283744,16402
20220922T09:00:00+0000,0.273823,16402
20220922T10:00:00+0000,0.269368,16402
20220922T11:00:00+0000,0.278592,16402
20220922T12:00:00+0000,0.313272,16402
20220922T13:00:00+0000,0.360637,16402
20220922T14:00:00+0000,0.412359,16402
20220922T15:00:00+0000,0.406875,16386
20220922T16:00:00+0000,0.414542,16386
20220922T17:00:00+0000,0.40813,16386
20220922T18:00:00+0000,0.383092,16386
20220922T19:00:00+0000,0.338516,16386
20220922T20:00:00+0000,0.255291,16386
20220922T21:00:00+0000,0.294523,16386
20220922T22:00:00+0000,0.327402,16386
20220922T23:00:00+0000,0.345448,16386
20220923T00:00:00+0000,0.410809,16386
20220923T01:00:00+0000,0.462265,16386
20220923T02:00:00+0000,0.446639,16386
20220923T03:00:00+0000,0.425272,16402
20220923T04:00:00+0000,0.395451,16402
20220923T05:00:00+0000,0.356496,16402
20220923T06:00:00+0000,0.305415,16402
20220923T07:00:00+0000,0.282441,16402
20220923T08:00:00+0000,0.267241,16402
20220923T09:00:00+0000,0.256462,16402
20220923T10:00:00+0000,0.267108,16402
20220923T11:00:00+0000,0.267022,16402
20220923T12:00:00+0000,0.310704,16402
20220923T13:00:00+0000,0.344397,16402
20220923T14:00:00+0000,0.400921,16402
20220923T15:00:00+0000,0.380615,16386
20220923T16:00:00+0000,0.344567,16386
20220923T17:00:00+0000,0.278657,16386
20220923T18:00:00+0000,0.254731,16386
20220923T19:00:00+0000,0.234766,16386
20220923T20:00:00+0000,0.241054,16386
20220923T21:00:00+0000,0.244466,16386
20220923T22:00:00+0000,0.292336,16386
20220923T23:00:00+0000,0.354208,16386
20220924T00:00:00+0000,0.421799,16386
20220924T01:00:00+0000,0.453432,16386
20220924T02:00:00+0000,0.433804,16386
20220924T03:00:00+0000,0.412982,16402
20220924T04:00:00+0000,0.377483,16402
20220924T05:00:00+0000,0.336931,16402
20220924T06:00:00+0000,0.303082,16402
20220924T07:00:00+0000,0.275282,16402
20220924T08:00:00+0000,0.25715,16402
20220924T09:00:00+0000,0.241062,16402
20220924T10:00:00+0000,0.238704,16402
20220924T11:00:00+0000,0.246694,16402
20220924T12:00:00+0000,0.264685,16402
20220924T13:00:00+0000,0.286516,16402
20220924T14:00:00+0000,0.328172,16402
20220924T15:00:00+0000,0.326251,16386
20220924T16:00:00+0000,0.312582,16386
20220924T17:00:00+0000,0.251427,16386
20220924T18:00:00+0000,0.241706,16386
20220924T19:00:00+0000,0.220335,16386
20220924T20:00:00+0000,0.215333,16386
20220924T21:00:00+0000,0.244611,16386
20220924T22:00:00+0000,0.301456,16386
20220924T23:00:00+0000,0.367475,16386
20220925T00:00:00+0000,0.442759,16386
20220925T01:00:00+0000,0.475589,16386
20220925T02:00:00+0000,0.460677,16386
20220925T03:00:00+0000,0.427223,16402
20220925T04:00:00+0000,0.384179,16402
20220925T05:00:00+0000,0.338331,16402
20220925T06:00:00+0000,0.302889,16402
20220925T07:00:00+0000,0.279946,16402
20220925T08:00:00+0000,0.263398,16402
20220925T09:00:00+0000,0.247298,16402
20220925T10:00:00+0000,0.242357,16402
20220925T11:00:00+0000,0.239063,16402
20220925T12:00:00+0000,0.247733,16402
20220925T13:00:00+0000,0.266442,16402
20220925T14:00:00+0000,0.295127,16402
20220925T15:00:00+0000,0.320803,16386
20220925T16:00:00+0000,0.295236,16386
20220925T17:00:00+0000,0.249068,16386
20220925T18:00:00+0000,0.208742,16386
20220925T19:00:00+0000,0.218417,16386
20220925T20:00:00+0000,0.242556,16386
20220925T21:00:00+0000,0.272355,16386
20220925T22:00:00+0000,0.351239,16386
20220925T23:00:00+0000,0.453162,16386
20220926T00:00:00+0000,0.52743,16386
20220926T01:00:00+0000,0.545158,16386
20220926T02:00:00+0000,0.527252,16386
20220926T03:00:00+0000,0.483665,16402
20220926T04:00:00+0000,0.41857,16402
20220926T05:00:00+0000,0.357826,16402
20220926T06:00:00+0000,0.308353,16402
20220926T07:00:00+0000,0.278385,16402
20220926T08:00:00+0000,0.262464,16402
20220926T09:00:00+0000,0.24952,16402
20220926T10:00:00+0000,0.249053,16402
20220926T11:00:00+0000,0.254651,16402
20220926T12:00:00+0000,0.300132,16402
20220926T13:00:00+0000,0.350345,16402
20220926T14:00:00+0000,0.406523,16402
20220926T15:00:00+0000,0.397375,16386
20220926T16:00:00+0000,0.366911,16386
20220926T17:00:00+0000,0.334736,16386
20220926T18:00:00+0000,0.315036,16386
20220926T19:00:00+0000,0.301048,16386
20220926T20:00:00+0000,0.323008,16386
20220926T21:00:00+0000,0.362486,16386
20220926T22:00:00+0000,0.437292,16386
20220926T23:00:00+0000,0.515574,16386
20220927T00:00:00+0000,0.583001,16386
20220927T01:00:00+0000,0.603412,16386
20220927T02:00:00+0000,0.561951,16386
20220927T03:00:00+0000,0.51433,16402
20220927T04:00:00+0000,0.442635,16402
20220927T05:00:00+0000,0.373364,16402
20220927T06:00:00+0000,0.313587,16402
20220927T07:00:00+0000,0.289652,16402
20220927T08:00:00+0000,0.274517,16402
20220927T09:00:00+0000,0.264305,16402
20220927T10:00:00+0000,0.253711,16402
20220927T11:00:00+0000,0.269789,16402
20220927T12:00:00+0000,0.308603,16402
20220927T13:00:00+0000,0.362019,16402
20220927T14:00:00+0000,0.418855,16402
20220927T15:00:00+0000,0.396742,16386
20220927T16:00:00+0000,0.363358,16386
20220927T17:00:00+0000,0.312008,16386
20220927T18:00:00+0000,0.288922,16386
20220927T19:00:00+0000,0.292336,16386
20220927T20:00:00+0000,0.294862,16386
20220927T21:00:00+0000,0.334852,16386
20220927T22:00:00+0000,0.351749,16386
20220927T23:00:00+0000,0.418955,16386
20220928T00:00:00+0000,0.488003,16386
20220928T01:00:00+0000,0.529938,16386
20220928T02:00:00+0000,0.500877,16386
20220928T03:00:00+0000,0.469442,16402
20220928T04:00:00+0000,0.417747,16402
20220928T05:00:00+0000,0.362084,16402
20220928T06:00:00+0000,0.311148,16402
20220928T07:00:00+0000,0.279635,16402
20220928T08:00:00+0000,0.266452,16402
20220928T09:00:00+0000,0.26663,16402
20220928T10:00:00+0000,0.26776,16402
20220928T11:00:00+0000,0.272383,16402
20220928T12:00:00+0000,0.316637,16402
20220928T13:00:00+0000,0.376198,16402
20220928T14:00:00+0000,0.410714,16402
20220928T15:00:00+0000,0.419823,16386
20220928T16:00:00+0000,0.421374,16386
20220928T17:00:00+0000,0.389086,16386
20220928T18:00:00+0000,0.3234,16386
20220928T19:00:00+0000,0.335482,16386
20220928T20:00:00+0000,0.29146,16386
20220928T21:00:00+0000,0.353715,16386
20220928T22:00:00+0000,0.398255,16386
20220928T23:00:00+0000,0.420338,16386
20220929T00:00:00+0000,0.45628,16386
20220929T01:00:00+0000,0.465147,16386
20220929T02:00:00+0000,0.464634,16386
20220929T03:00:00+0000,0.414589,16402
20220929T04:00:00+0000,0.384347,16402
20220929T05:00:00+0000,0.324571,16402
20220929T06:00:00+0000,0.285867,16402
20220929T07:00:00+0000,0.268048,16402
20220929T08:00:00+0000,0.259521,16402
20220929T09:00:00+0000,0.254673,16402
20220929T10:00:00+0000,0.252919,16402
20220929T11:00:00+0000,0.267039,16402
20220929T12:00:00+0000,0.307592,16402
20220929T13:00:00+0000,0.362833,16402
20220929T14:00:00+0000,0.405521,16402
20220929T15:00:00+0000,0.415629,16386
20220929T16:00:00+0000,0.405127,16386
20220929T17:00:00+0000,0.389175,16386
20220929T18:00:00+0000,0.349754,16386
20220929T19:00:00+0000,0.375157,16386
20220929T20:00:00+0000,0.400149,16386
20220929T21:00:00+0000,0.30536,16386
20220929T22:00:00+0000,0.349529,16386
20220929T23:00:00+0000,0.446747,16386
20220930T00:00:00+0000,0.444445,16386
20220930T01:00:00+0000,0.457418,16386
20220930T02:00:00+0000,0.452185,16386
20220930T03:00:00+0000,0.437157,16402
20220930T04:00:00+0000,0.414593,16402
20220930T05:00:00+0000,0.369582,16402
20220930T06:00:00+0000,0.318225,16402
20220930T07:00:00+0000,0.2908,16402
20220930T08:00:00+0000,0.268695,16402
20220930T09:00:00+0000,0.265634,16402
20220930T10:00:00+0000,0.267366,16402
20220930T11:00:00+0000,0.270701,16402
20220930T12:00:00+0000,0.303731,16402
20220930T13:00:00+0000,0.354707,16402
20220930T14:00:00+0000,0.394399,16402
20220930T15:00:00+0000,0.418867,16386
20220930T16:00:00+0000,0.427879,16386
20220930T17:00:00+0000,0.422764,16386
20220930T18:00:00+0000,0.400909,16386
20220930T19:00:00+0000,0.402656,16386
20220930T20:00:00+0000,0.255315,16386
20220930T21:00:00+0000,0.241822,16386
20220930T22:00:00+0000,0.289758,16386
20220930T23:00:00+0000,0.345345,16386
20221001T00:00:00+0000,0.409796,16386
20221001T01:00:00+0000,0.438817,16386
20221001T02:00:00+0000,0.428667,16386
20221001T03:00:00+0000,0.402015,16402
20221001T04:00:00+0000,0.374165,16402
20221001T05:00:00+0000,0.340763,16402
20221001T06:00:00+0000,0.31694,16402
20221001T07:00:00+0000,0.285141,16402
20221001T08:00:00+0000,0.260738,16402
20221001T09:00:00+0000,0.249812,16402
20221001T10:00:00+0000,0.240285,16402
20221001T11:00:00+0000,0.233043,16402
20221001T12:00:00+0000,0.255088,16402
20221001T13:00:00+0000,0.288379,16402
20221001T14:00:00+0000,0.344872,16402
20221001T15:00:00+0000,0.373259,16386
20221001T16:00:00+0000,0.350383,16386
20221001T17:00:00+0000,0.297362,16386
20221001T18:00:00+0000,0.27328,16386
20221001T19:00:00+0000,0.26505,16386
20221001T20:00:00+0000,0.261452,16386
20221001T21:00:00+0000,0.289735,16386
20221001T22:00:00+0000,0.336208,16386
20221001T23:00:00+0000,0.417261,16386
20221002T00:00:00+0000,0.47181,16386
20221002T01:00:00+0000,0.483349,16386
20221002T02:00:00+0000,0.453938,16386
20221002T03:00:00+0000,0.425893,16402
20221002T04:00:00+0000,0.408164,16402
20221002T05:00:00+0000,0.367843,16402
20221002T06:00:00+0000,0.315952,16402
20221002T07:00:00+0000,0.288838,16402
20221002T08:00:00+0000,0.266317,16402
20221002T09:00:00+0000,0.252699,16402
20221002T10:00:00+0000,0.244394,16402
20221002T11:00:00+0000,0.234955,16402
20221002T12:00:00+0000,0.254658,16402
20221002T13:00:00+0000,0.26705,16402
20221002T14:00:00+0000,0.301642,16402
20221002T15:00:00+0000,0.329846,16386
20221002T16:00:00+0000,0.296597,16386
20221002T17:00:00+0000,0.27442,16386
20221002T18:00:00+0000,0.259498,16386
20221002T19:00:00+0000,0.267269,16386
20221002T20:00:00+0000,0.287101,16386
20221002T21:00:00+0000,0.329924,16386
20221002T22:00:00+0000,0.384992,16386
20221002T23:00:00+0000,0.464622,16386
20221003T00:00:00+0000,0.527114,16386
20221003T01:00:00+0000,0.540036,16386
20221003T02:00:00+0000,0.521475,16386
20221003T03:00:00+0000,0.471824,16402
20221003T04:00:00+0000,0.414325,16402
20221003T05:00:00+0000,0.349817,16402
20221003T06:00:00+0000,0.295323,16402
20221003T07:00:00+0000,0.276674,16402
20221003T08:00:00+0000,0.261372,16402
20221003T09:00:00+0000,0.250247,16402
20221003T10:00:00+0000,0.249144,16402
20221003T11:00:00+0000,0.253215,16402
20221003T12:00:00+0000,0.306607,16402
20221003T13:00:00+0000,0.353117,16402
20221003T14:00:00+0000,0.402783,16402
20221003T15:00:00+0000,0.413275,16386
20221003T16:00:00+0000,0.413773,16386
20221003T17:00:00+0000,0.391825,16386
20221003T18:00:00+0000,0.272676,16386
20221003T19:00:00+0000,0.254976,16386
20221003T20:00:00+0000,0.263948,16386
20221003T21:00:00+0000,0.289179,16386
20221003T22:00:00+0000,0.344614,16386
20221003T23:00:00+0000,0.421352,16386
20221004T00:00:00+0000,0.495544,16386
20221004T01:00:00+0000,0.506857,16386
20221004T02:00:00+0000,0.489575,16386
20221004T03:00:00+0000,0.461047,16402
20221004T04:00:00+0000,0.406251,16402
20221004T05:00:00+0000,0.353956,16402
20221004T06:00:00+0000,0.306844,16402
20221004T07:00:00+0000,0.273001,16402
20221004T08:00:00+0000,0.252064,16402
20221004T09:00:00+0000,0.249563,16402
20221004T10:00:00+0000,0.249694,16402
20221004T11:00:00+0000,0.25315,16402
20221004T12:00:00+0000,0.30035,16402
20221004T13:00:00+0000,0.356415,16402
20221004T14:00:00+0000,0.401607,16402
20221004T15:00:00+0000,0.40994,16386
20221004T16:00:00+0000,0.425608,16386
20221004T17:00:00+0000,0.431269,16386
20221004T18:00:00+0000,0.425642,16386
20221004T19:00:00+0000,0.424673,16386
20221004T20:00:00+0000,0.399001,16386
20221004T21:00:00+0000,0.304986,16386
20221004T22:00:00+0000,0.295849,16386
20221004T23:00:00+0000,0.363659,16386
20221005T00:00:00+0000,0.434282,16386
20221005T01:00:00+0000,0.4609,16386
20221005T02:00:00+0000,0.459186,16386
20221005T03:00:00+0000,0.434322,16402
20221005T04:00:00+0000,0.392432,16402
20221005T05:00:00+0000,0.332914,16402
20221005T06:00:00+0000,0.289124,16402
20221005T07:00:00+0000,0.271167,16402
20221005T08:00:00+0000,0.262731,16402
20221005T09:00:00+0000,0.251015,16402
20221005T10:00:00+0000,0.249796,16402
20221005T11:00:00+0000,0.258966,16402
20221005T12:00:00+0000,0.310044,16402
20221005T13:00:00+0000,0.362106,16402
20221005T14:00:00+0000,0.414454,16402
20221005T15:00:00+0000,0.422472,16386
20221005T16:00:00+0000,0.44347,16386
20221005T17:00:00+0000,0.440708,16386
20221005T18:00:00+0000,0.432753,16386
20221005T19:00:00+0000,0.402413,16386
20221005T20:00:00+0000,0.305577,16386
20221005T21:00:00+0000,0.246757,16386
20221005T22:00:00+0000,0.283729,16386
20221005T23:00:00+0000,0.345554,16386
20221006T00:00:00+0000,0.425398,16386
20221006T01:00:00+0000,0.481871,16386
20221006T02:00:00+0000,0.466804,16386
20221006T03:00:00+0000,0.439967,16402
20221006T04:00:00+0000,0.390656,16402
20221006T05:00:00+0000,0.339665,16402
20221006T06:00:00+0000,0.282293,16402
20221006T07:00:00+0000,0.266393,16402
20221006T08:00:00+0000,0.254519,16402
20221006T09:00:00+0000,0.250148,16402
20221006T10:00:00+0000,0.251893,16402
20221006T11:00:00+0000,0.269497,16402
20221006T12:00:00+0000,0.306793,16402
20221006T13:00:00+0000,0.361253,16402
20221006T14:00:00+0000,0.412195,16402
20221006T15:00:00+0000,0.418487,16386
20221006T16:00:00+0000,0.430725,16386
20221006T17:00:00+0000,0.426294,16386
20221006T18:00:00+0000,0.385243,16386
20221006T19:00:00+0000,0.304464,16386
20221006T20:00:00+0000,0.251767,16386
20221006T21:00:00+0000,0.270625,16386
20221006T22:00:00+0000,0.323316,16386
20221006T23:00:00+0000,0.390212,16386
20221007T00:00:00+0000,0.466006,16386
20221007T01:00:00+0000,0.48833,16386
20221007T02:00:00+0000,0.467866,16386
20221007T03:00:00+0000,0.438256,16402
20221007T04:00:00+0000,0.395283,16402
20221007T05:00:00+0000,0.347662,16402
20221007T06:00:00+0000,0.313563,16402
20221007T07:00:00+0000,0.272883,16402
20221007T08:00:00+0000,0.256028,16402
20221007T09:00:00+0000,0.250344,16402
20221007T10:00:00+0000,0.24975,16402
20221007T11:00:00+0000,0.249566,16402
20221007T12:00:00+0000,0.295055,16402
20221007T13:00:00+0000,0.327642,16402
20221007T14:00:00+0000,0.393493,16402
20221007T15:00:00+0000,0.407344,16386
20221007T16:00:00+0000,0.425563,16386
20221007T17:00:00+0000,0.397823,16386
20221007T18:00:00+0000,0.334379,16386
20221007T19:00:00+0000,0.278578,16386
20221007T20:00:00+0000,0.272529,16386
20221007T21:00:00+0000,0.290224,16386
20221007T22:00:00+0000,0.353437,16386
20221007T23:00:00+0000,0.414651,16386
20221008T00:00:00+0000,0.469201,16386
20221008T01:00:00+0000,0.487331,16386
20221008T02:00:00+0000,0.454539,16386
20221008T03:00:00+0000,0.418935,16402
20221008T04:00:00+0000,0.391704,16402
20221008T05:00:00+0000,0.344047,16402
20221008T06:00:00+0000,0.296739,16402
20221008T07:00:00+0000,0.275644,16402
20221008T08:00:00+0000,0.254157,16402
20221008T09:00:00+0000,0.249259,16402
20221008T10:00:00+0000,0.245384,16402
20221008T11:00:00+0000,0.249831,16402
20221008T12:00:00+0000,0.264072,16402
20221008T13:00:00+0000,0.290424,16402
20221008T14:00:00+0000,0.345871,16402
20221008T15:00:00+0000,0.367752,16386
20221008T16:00:00+0000,0.337506,16386
20221008T17:00:00+0000,0.275245,16386
20221008T18:00:00+0000,0.24913,16386
20221008T19:00:00+0000,0.256817,16386
20221008T20:00:00+0000,0.264834,16386
20221008T21:00:00+0000,0.284995,16386
20221008T22:00:00+0000,0.35617,16386
20221008T23:00:00+0000,0.424154,16386
20221009T00:00:00+0000,0.492417,16386
20221009T01:00:00+0000,0.487184,16386
20221009T02:00:00+0000,0.475878,16386
20221009T03:00:00+0000,0.426119,16402
20221009T04:00:00+0000,0.395115,16402
20221009T05:00:00+0000,0.355747,16402
20221009T06:00:00+0000,0.311752,16402
20221009T07:00:00+0000,0.292635,16402
20221009T08:00:00+0000,0.27597,16402
20221009T09:00:00+0000,0.252457,16402
20221009T10:00:00+0000,0.251726,16402
20221009T11:00:00+0000,0.250062,16402
20221009T12:00:00+0000,0.249806,16402
20221009T13:00:00+0000,0.268883,16402
20221009T14:00:00+0000,0.307429,16402
20221009T15:00:00+0000,0.3451,16386
20221009T16:00:00+0000,0.327544,16386
20221009T17:00:00+0000,0.291694,16386
20221009T18:00:00+0000,0.26517,16386
20221009T19:00:00+0000,0.252467,16386
20221009T20:00:00+0000,0.281701,16386
20221009T21:00:00+0000,0.327562,16386
20221009T22:00:00+0000,0.36913,16386
20221009T23:00:00+0000,0.46355,16386
20221010T00:00:00+0000,0.520806,16386
20221010T01:00:00+0000,0.539795,16386
20221010T02:00:00+0000,0.516765,16386
20221010T03:00:00+0000,0.490489,16402
20221010T04:00:00+0000,0.431534,16402
20221010T05:00:00+0000,0.35754,16402
20221010T06:00:00+0000,0.321742,16402
20221010T07:00:00+0000,0.293814,16402
20221010T08:00:00+0000,0.267747,16402
20221010T09:00:00+0000,0.249471,16402
20221010T10:00:00+0000,0.250516,16402
20221010T11:00:00+0000,0.254801,16402
20221010T12:00:00+0000,0.295506,16402
20221010T13:00:00+0000,0.345589,16402
20221010T14:00:00+0000,0.420134,16402
20221010T15:00:00+0000,0.422552,16386
20221010T16:00:00+0000,0.39625,16386
20221010T17:00:00+0000,0.330972,16386
20221010T18:00:00+0000,0.312234,16386
20221010T19:00:00+0000,0.317751,16386
20221010T20:00:00+0000,0.360787,16386
20221010T21:00:00+0000,0.390221,16386
20221010T22:00:00+0000,0.428272,16386
20221010T23:00:00+0000,0.461301,16386
20221011T00:00:00+0000,0.52011,16386
20221011T01:00:00+0000,0.530339,16386
20221011T02:00:00+0000,0.499143,16386
20221011T03:00:00+0000,0.467377,16402
20221011T04:00:00+0000,0.417594,16402
20221011T05:00:00+0000,0.367502,16402
20221011T06:00:00+0000,0.305995,16402
20221011T07:00:00+0000,0.282064,16402
20221011T08:00:00+0000,0.266153,16402
20221011T09:00:00+0000,0.258796,16402
20221011T10:00:00+0000,0.240816,16402
20221011T11:00:00+0000,0.257319,16402
20221011T12:00:00+0000,0.296914,16402
20221011T13:00:00+0000,0.348441,16402
20221011T14:00:00+0000,0.419983,16402
20221011T15:00:00+0000,0.404433,16386
20221011T16:00:00+0000,0.365275,16386
20221011T17:00:00+0000,0.320777,16386
20221011T18:00:00+0000,0.282353,16386
20221011T19:00:00+0000,0.253219,16386
20221011T20:00:00+0000,0.267178,16386
20221011T21:00:00+0000,0.295323,16386
20221011T22:00:00+0000,0.349074,16386
20221011T23:00:00+0000,0.408317,16386
20221012T00:00:00+0000,0.479553,16386
20221012T01:00:00+0000,0.525588,16386
20221012T02:00:00+0000,0.489093,16386
20221012T03:00:00+0000,0.456899,16402
20221012T04:00:00+0000,0.402546,16402
20221012T05:00:00+0000,0.348109,16402
20221012T06:00:00+0000,0.295273,16402
20221012T07:00:00+0000,0.277918,16402
20221012T08:00:00+0000,0.266503,16402
20221012T09:00:00+0000,0.265479,16402
20221012T10:00:00+0000,0.268454,16402
20221012T11:00:00+0000,0.275463,16402
20221012T12:00:00+0000,0.320813,16402
20221012T13:00:00+0000,0.37441,16402
20221012T14:00:00+0000,0.42328,16402
20221012T15:00:00+0000,0.404145,16386
20221012T16:00:00+0000,0.366472,16386
20221012T17:00:00+0000,0.33211,16386
20221012T18:00:00+0000,0.294419,16386
20221012T19:00:00+0000,0.268312,16386
20221012T20:00:00+0000,0.267768,16386
20221012T21:00:00+0000,0.290302,16386
20221012T22:00:00+0000,0.348297,16386
20221012T23:00:00+0000,0.436963,16386
20221013T00:00:00+0000,0.505635,16386
20221013T01:00:00+0000,0.531219,16386
20221013T02:00:00+0000,0.506505,16386
20221013T03:00:00+0000,0.472057,16402
20221013T04:00:00+0000,0.410104,16402
20221013T05:00:00+0000,0.355462,16402
20221013T06:00:00+0000,0.310699,16402
20221013T07:00:00+0000,0.287304,16402
20221013T08:00:00+0000,0.278331,16402
20221013T09:00:00+0000,0.269248,16402
20221013T10:00:00+0000,0.268888,16402
20221013T11:00:00+0000,0.269485,16402
20221013T12:00:00+0000,0.309811,16402
20221013T13:00:00+0000,0.374592,16402
20221013T14:00:00+0000,0.452689,16402
20221013T15:00:00+0000,0.436452,16386
20221013T16:00:00+0000,0.384246,16386
20221013T17:00:00+0000,0.342827,16386
20221013T18:00:00+0000,0.306797,16386
20221013T19:00:00+0000,0.285961,16386
20221013T20:00:00+0000,0.299958,16386
20221013T21:00:00+0000,0.319866,16386
20221013T22:00:00+0000,0.37128,16386
20221013T23:00:00+0000,0.441662,16386
20221014T00:00:00+0000,0.4919,16386
20221014T01:00:00+0000,0.515869,16386
20221014T02:00:00+0000,0.480989,16386
20221014T03:00:00+0000,0.456192,16402
20221014T04:00:00+0000,0.400862,16402
20221014T05:00:00+0000,0.344466,16402
20221014T06:00:00+0000,0.305223,16402
20221014T07:00:00+0000,0.284023,16402
20221014T08:00:00+0000,0.267398,16402
20221014T09:00:00+0000,0.267388,16402
20221014T10:00:00+0000,0.266482,16402
20221014T11:00:00+0000,0.278629,16402
20221014T12:00:00+0000,0.322033,16402
20221014T13:00:00+0000,0.353395,16402
20221014T14:00:00+0000,0.422619,16402
20221014T15:00:00+0000,0.426073,16386
20221014T16:00:00+0000,0.3835,16386
20221014T17:00:00+0000,0.335142,16386
20221014T18:00:00+0000,0.318082,16386
20221014T19:00:00+0000,0.302569,16386
20221014T20:00:00+0000,0.309711,16386
20221014T21:00:00+0000,0.332455,16386
20221014T22:00:00+0000,0.384286,16386
20221014T23:00:00+0000,0.438922,16386
20221015T00:00:00+0000,0.478287,16386
20221015T01:00:00+0000,0.520905,16386
20221015T02:00:00+0000,0.472405,16402
20221015T03:00:00+0000,0.431388,16402
20221015T04:00:00+0000,0.398557,16402
20221015T05:00:00+0000,0.366148,16402
20221015T06:00:00+0000,0.319415,16402
20221015T07:00:00+0000,0.295045,16402
20221015T08:00:00+0000,0.273551,16402
20221015T09:00:00+0000,0.263651,16402
20221015T10:00:00+0000,0.258226,16402
20221015T11:00:00+0000,0.267128,16402
20221015T12:00:00+0000,0.275737,16402
20221015T13:00:00+0000,0.309441,16402
20221015T14:00:00+0000,0.359391,16402
20221015T15:00:00+0000,0.365111,16386
20221015T16:00:00+0000,0.357012,16386
20221015T17:00:00+0000,0.305532,16386
20221015T18:00:00+0000,0.276295,16386
20221015T19:00:00+0000,0.272998,16386
20221015T20:00:00+0000,0.289747,16386
20221015T21:00:00+0000,0.318115,16386
20221015T22:00:00+0000,0.388745,16386
20221015T23:00:00+0000,0.457539,16386
20221016T00:00:00+0000,0.516406,16386
20221016T01:00:00+0000,0.497033,16386
20221016T02:00:00+0000,0.477594,16402
20221016T03:00:00+0000,0.442481,16402
20221016T04:00:00+0000,0.422208,16402
20221016T05:00:00+0000,0.375797,16402
20221016T06:00:00+0000,0.337843,16402
20221016T07:00:00+0000,0.311463,16402
20221016T08:00:00+0000,0.284222,16402
20221016T09:00:00+0000,0.269479,16402
20221016T10:00:00+0000,0.249644,16402
20221016T11:00:00+0000,0.251208,16402
20221016T12:00:00+0000,0.266233,16402
20221016T13:00:00+0000,0.282854,16402
20221016T14:00:00+0000,0.307711,16402
20221016T15:00:00+0000,0.344543,16386
20221016T16:00:00+0000,0.334742,16386
20221016T17:00:00+0000,0.290016,16386
20221016T18:00:00+0000,0.261377,16386
20221016T19:00:00+0000,0.251208,16386
20221016T20:00:00+0000,0.277977,16386
20221016T21:00:00+0000,0.286872,16386
20221016T22:00:00+0000,0.342259,16386
20221016T23:00:00+0000,0.415428,16386
20221017T00:00:00+0000,0.479015,16386
20221017T01:00:00+0000,0.497226,16386
20221017T02:00:00+0000,0.512659,16402
20221017T03:00:00+0000,0.460574,16402
20221017T04:00:00+0000,0.40799,16402
20221017T05:00:00+0000,0.331773,16402
20221017T06:00:00+0000,0.297122,16402
20221017T07:00:00+0000,0.263988,16402
20221017T08:00:00+0000,0.248484,16402
20221017T09:00:00+0000,0.242816,16402
20221017T10:00:00+0000,0.249376,16402
20221017T11:00:00+0000,0.259922,16402
20221017T12:00:00+0000,0.295624,16402
20221017T13:00:00+0000,0.366316,16402
20221017T14:00:00+0000,0.44091,16402
20221017T15:00:00+0000,0.456906,16386
20221017T16:00:00+0000,0.46191,16386
20221017T17:00:00+0000,0.438546,16386
20221017T18:00:00+0000,0.429466,16386
20221017T19:00:00+0000,0.344758,16386
20221017T20:00:00+0000,0.316147,16386
20221017T21:00:00+0000,0.300062,16386
20221017T22:00:00+0000,0.349144,16386
20221017T23:00:00+0000,0.398651,16386
20221018T00:00:00+0000,0.467692,16386
20221018T01:00:00+0000,0.499544,16386
20221018T02:00:00+0000,0.474215,16402
20221018T03:00:00+0000,0.459657,16402
20221018T04:00:00+0000,0.397306,16402
20221018T05:00:00+0000,0.35059,16402
20221018T06:00:00+0000,0.309474,16402
20221018T07:00:00+0000,0.287514,16402
20221018T08:00:00+0000,0.284017,16402
20221018T09:00:00+0000,0.282565,16402
20221018T10:00:00+0000,0.284358,16402
20221018T11:00:00+0000,0.28877,16402
20221018T12:00:00+0000,0.330906,16402
20221018T13:00:00+0000,0.412488,16402
20221018T14:00:00+0000,0.45356,16402
20221018T15:00:00+0000,0.457446,16402
20221018T16:00:00+0000,0.425109,16386
20221018T17:00:00+0000,0.361328,16386
20221018T18:00:00+0000,0.323258,16386
20221018T19:00:00+0000,0.298282,16386
20221018T20:00:00+0000,0.287992,16386
20221018T21:00:00+0000,0.315484,16386
20221018T22:00:00+0000,0.356734,16386
20221018T23:00:00+0000,0.406002,16386
20221019T00:00:00+0000,0.469637,16386
20221019T01:00:00+0000,0.487043,16386
20221019T02:00:00+0000,0.483886,16402
20221019T03:00:00+0000,0.443932,16402
20221019T04:00:00+0000,0.394129,16402
20221019T05:00:00+0000,0.350939,16402
20221019T06:00:00+0000,0.309809,16402
20221019T07:00:00+0000,0.289144,16402
20221019T08:00:00+0000,0.271317,16402
20221019T09:00:00+0000,0.259367,16402
20221019T10:00:00+0000,0.262062,16402
20221019T11:00:00+0000,0.269289,16402
20221019T12:00:00+0000,0.331787,16402
20221019T13:00:00+0000,0.392424,16402
20221019T14:00:00+0000,0.448931,16402
20221019T15:00:00+0000,0.443809,16402
20221019T16:00:00+0000,0.442588,16386
20221019T17:00:00+0000,0.364041,16386
20221019T18:00:00+0000,0.292231,16386
20221019T19:00:00+0000,0.267481,16386
20221019T20:00:00+0000,0.155149,16386
20221019T21:00:00+0000,0.233248,16386
20221019T22:00:00+0000,0.42152,16386
20221019T23:00:00+0000,0.503117,16386
20221020T00:00:00+0000,0.485119,16386
20221020T01:00:00+0000,0.507471,16386
20221020T02:00:00+0000,0.478965,16402
20221020T03:00:00+0000,0.445935,16402
20221020T04:00:00+0000,0.400838,16402
20221020T05:00:00+0000,0.351046,16402
20221020T06:00:00+0000,0.307549,16402
20221020T07:00:00+0000,0.29578,16402
20221020T08:00:00+0000,0.28364,16402
20221020T09:00:00+0000,0.272776,16402
20221020T10:00:00+0000,0.268039,16402
20221020T11:00:00+0000,0.265717,16402
20221020T12:00:00+0000,0.311849,16402
20221020T13:00:00+0000,0.380404,16402
20221020T14:00:00+0000,0.450891,16402
20221020T15:00:00+0000,0.449905,16402
20221020T16:00:00+0000,0.403434,16386
20221020T17:00:00+0000,0.331989,16386
20221020T18:00:00+0000,0.347496,16386
20221020T19:00:00+0000,0.350892,16386
20221020T20:00:00+0000,0.350562,16386
20221020T21:00:00+0000,0.417236,16386
20221020T22:00:00+0000,0.396771,16386
20221020T23:00:00+0000,0.405572,16386
20221021T00:00:00+0000,0.425793,16386
20221021T01:00:00+0000,0.461695,16386
20221021T02:00:00+0000,0.445291,16402
20221021T03:00:00+0000,0.409823,16402
20221021T04:00:00+0000,0.385816,16402
20221021T05:00:00+0000,0.336888,16402
20221021T06:00:00+0000,0.291591,16402
20221021T07:00:00+0000,0.280653,16402
20221021T08:00:00+0000,0.258164,16402
20221021T09:00:00+0000,0.254699,16402
20221021T10:00:00+0000,0.267605,16402
20221021T11:00:00+0000,0.27688,16402
20221021T12:00:00+0000,0.31536,16402
20221021T13:00:00+0000,0.368514,16402
20221021T14:00:00+0000,0.445778,16402
20221021T15:00:00+0000,0.462073,16402
20221021T16:00:00+0000,0.45928,16386
20221021T17:00:00+0000,0.468999,16386
20221021T18:00:00+0000,0.472068,16386
20221021T19:00:00+0000,0.45882,16386
20221021T20:00:00+0000,0.470498,16386
20221021T21:00:00+0000,0.482425,16386
20221021T22:00:00+0000,0.466841,16386
20221021T23:00:00+0000,0.494526,16386
20221022T00:00:00+0000,0.511494,16386
20221022T01:00:00+0000,0.515744,16386
20221022T02:00:00+0000,0.469594,16402
20221022T03:00:00+0000,0.437423,16402
20221022T04:00:00+0000,0.410887,16402
20221022T05:00:00+0000,0.36287,16402
20221022T06:00:00+0000,0.332425,16402
20221022T07:00:00+0000,0.307075,16402
20221022T08:00:00+0000,0.294228,16402
20221022T09:00:00+0000,0.285646,16402
20221022T10:00:00+0000,0.285538,16402
20221022T11:00:00+0000,0.296611,16402
20221022T12:00:00+0000,0.323427,16402
20221022T13:00:00+0000,0.352524,16402
20221022T14:00:00+0000,0.418296,16402
20221022T15:00:00+0000,0.483574,16402
20221022T16:00:00+0000,0.462947,16386
20221022T17:00:00+0000,0.373184,16386
20221022T18:00:00+0000,0.309792,16386
20221022T19:00:00+0000,0.312089,16386
20221022T20:00:00+0000,0.302654,16386
20221022T21:00:00+0000,0.286195,16386
20221022T22:00:00+0000,0.369358,16386
20221022T23:00:00+0000,0.394671,16386
20221023T00:00:00+0000,0.425955,16386
20221023T01:00:00+0000,0.447754,16386
20221023T02:00:00+0000,0.450613,16402
20221023T03:00:00+0000,0.422174,16402
20221023T04:00:00+0000,0.40636,16402
20221023T05:00:00+0000,0.385881,16402
20221023T06:00:00+0000,0.341784,16402
20221023T07:00:00+0000,0.319588,16402
20221023T08:00:00+0000,0.31537,16402
20221023T09:00:00+0000,0.301162,16402
20221023T10:00:00+0000,0.309015,16402
20221023T11:00:00+0000,0.314415,16402
20221023T12:00:00+0000,0.3496,16402
20221023T13:00:00+0000,0.382888,16402
20221023T14:00:00+0000,0.419128,16402
20221023T15:00:00+0000,0.480329,16402
20221023T16:00:00+0000,0.488301,16386
20221023T17:00:00+0000,0.446701,16386
20221023T18:00:00+0000,0.302242,16386
20221023T19:00:00+0000,0.258173,16386
20221023T20:00:00+0000,0.250404,16386
20221023T21:00:00+0000,0.284336,16386
20221023T22:00:00+0000,0.307629,16386
20221023T23:00:00+0000,0.384595,16386
20221024T00:00:00+0000,0.450073,16386
20221024T01:00:00+0000,0.496992,16386
20221024T02:00:00+0000,0.503924,16402
20221024T03:00:00+0000,0.469636,16402
20221024T04:00:00+0000,0.436167,16402
20221024T05:00:00+0000,0.381584,16402
20221024T06:00:00+0000,0.305462,16402
20221024T07:00:00+0000,0.269737,16402
20221024T08:00:00+0000,0.271829,16402
20221024T09:00:00+0000,0.266703,16402
20221024T10:00:00+0000,0.273392,16402
20221024T11:00:00+0000,0.303846,16402
20221024T12:00:00+0000,0.371067,16402
20221024T13:00:00+0000,0.435126,16402
20221024T14:00:00+0000,0.505551,16402
20221024T15:00:00+0000,0.518307,16402
20221024T16:00:00+0000,0.534176,16386
20221024T17:00:00+0000,0.503201,16386
20221024T18:00:00+0000,0.503087,16386
20221024T19:00:00+0000,0.518082,16386
20221024T20:00:00+0000,0.438502,16386
20221024T21:00:00+0000,0.455644,16386
20221024T22:00:00+0000,0.435843,16386
20221024T23:00:00+0000,0.452649,16386
20221025T00:00:00+0000,0.534435,16386
20221025T01:00:00+0000,0.55476,16386
20221025T02:00:00+0000,0.526744,16402
20221025T03:00:00+0000,0.489584,16402
20221025T04:00:00+0000,0.456612,16402
20221025T05:00:00+0000,0.397782,16402
20221025T06:00:00+0000,0.349022,16402
20221025T07:00:00+0000,0.331681,16402
20221025T08:00:00+0000,0.311319,16402
20221025T09:00:00+0000,0.313936,16402
20221025T10:00:00+0000,0.320275,16402
20221025T11:00:00+0000,0.347396,16402
20221025T12:00:00+0000,0.399674,16402
20221025T13:00:00+0000,0.487008,16402
20221025T14:00:00+0000,0.5383,16402
20221025T15:00:00+0000,0.547754,16402
20221025T16:00:00+0000,0.528439,16386
20221025T17:00:00+0000,0.490591,16386
20221025T18:00:00+0000,0.485061,16386
20221025T19:00:00+0000,0.443252,16386
20221025T20:00:00+0000,0.470258,16386
20221025T21:00:00+0000,0.488091,16386
20221025T22:00:00+0000,0.50715,16386
20221025T23:00:00+0000,0.553814,16386
20221026T00:00:00+0000,0.593146,16386
20221026T01:00:00+0000,0.600256,16386
20221026T02:00:00+0000,0.546512,16402
20221026T03:00:00+0000,0.521799,16402
20221026T04:00:00+0000,0.479623,16402
20221026T05:00:00+0000,0.427072,16402
20221026T06:00:00+0000,0.376544,16402
20221026T07:00:00+0000,0.350712,16402
20221026T08:00:00+0000,0.348253,16402
20221026T09:00:00+0000,0.351167,16402
20221026T10:00:00+0000,0.354113,16402
20221026T11:00:00+0000,0.378137,16402
20221026T12:00:00+0000,0.429943,16402
20221026T13:00:00+0000,0.516644,16402
20221026T14:00:00+0000,0.572141,16402
20221026T15:00:00+0000,0.550612,16402
20221026T16:00:00+0000,0.491283,16386
20221026T17:00:00+0000,0.430156,16386
20221026T18:00:00+0000,0.355841,16386
20221026T19:00:00+0000,0.444586,16386
20221026T20:00:00+0000,0.371255,16386
20221026T21:00:00+0000,0.404714,16386
20221026T22:00:00+0000,0.429118,16386
20221026T23:00:00+0000,0.460836,16386
20221027T00:00:00+0000,0.521946,16386
20221027T01:00:00+0000,0.554257,16386
20221027T02:00:00+0000,0.52458,16402
20221027T03:00:00+0000,0.496175,16402
20221027T04:00:00+0000,0.461228,16402
20221027T05:00:00+0000,0.413053,16402
20221027T06:00:00+0000,0.355768,16402
20221027T07:00:00+0000,0.344538,16402
20221027T08:00:00+0000,0.335708,16402
20221027T09:00:00+0000,0.333016,16402
20221027T10:00:00+0000,0.344906,16402
20221027T11:00:00+0000,0.365614,16402
20221027T12:00:00+0000,0.428584,16402
20221027T13:00:00+0000,0.505939,16402
20221027T14:00:00+0000,0.56558,16402
20221027T15:00:00+0000,0.551629,16402
20221027T16:00:00+0000,0.540064,16386
20221027T17:00:00+0000,0.521694,16386
20221027T18:00:00+0000,0.455074,16386
20221027T19:00:00+0000,0.309245,16386
20221027T20:00:00+0000,0.271731,16386
20221027T21:00:00+0000,0.29143,16386
20221027T22:00:00+0000,0.33494,16386
20221027T23:00:00+0000,0.416051,16386
20221028T00:00:00+0000,0.462035,16386
20221028T01:00:00+0000,0.505255,16386
20221028T02:00:00+0000,0.481165,16402
20221028T03:00:00+0000,0.467797,16402
20221028T04:00:00+0000,0.428931,16402
20221028T05:00:00+0000,0.392467,16402
20221028T06:00:00+0000,0.353984,16402
20221028T07:00:00+0000,0.333721,16402
20221028T08:00:00+0000,0.321745,16402
20221028T09:00:00+0000,0.319943,16402
20221028T10:00:00+0000,0.322674,16402
20221028T11:00:00+0000,0.337123,16402
20221028T12:00:00+0000,0.379871,16402
20221028T13:00:00+0000,0.421996,16402
20221028T14:00:00+0000,0.476852,16402
20221028T15:00:00+0000,0.507991,16402
20221028T16:00:00+0000,0.528066,16386
20221028T17:00:00+0000,0.527673,16386
20221028T18:00:00+0000,0.531743,16386
20221028T19:00:00+0000,0.527316,16386
20221028T20:00:00+0000,0.511548,16386
20221028T21:00:00+0000,0.505168,16386
20221028T22:00:00+0000,0.491223,16386
20221028T23:00:00+0000,0.510756,16386
20221029T00:00:00+0000,0.535227,16386
20221029T01:00:00+0000,0.54131,16386
20221029T02:00:00+0000,0.481234,16402
20221029T03:00:00+0000,0.466881,16402
20221029T04:00:00+0000,0.428668,16402
20221029T05:00:00+0000,0.39199,16402
20221029T06:00:00+0000,0.3485,16402
20221029T07:00:00+0000,0.316424,16402
20221029T08:00:00+0000,0.301108,16402
20221029T09:00:00+0000,0.289112,16402
20221029T10:00:00+0000,0.290783,16402
20221029T11:00:00+0000,0.297038,16402
20221029T12:00:00+0000,0.323173,16402
20221029T13:00:00+0000,0.354929,16402
20221029T14:00:00+0000,0.391114,16402
20221029T15:00:00+0000,0.444341,16402
20221029T16:00:00+0000,0.469193,16386
20221029T17:00:00+0000,0.461071,16386
20221029T18:00:00+0000,0.475545,16386
20221029T19:00:00+0000,0.447612,16386
20221029T20:00:00+0000,0.42263,16386
20221029T21:00:00+0000,0.396237,16386
20221029T22:00:00+0000,0.406741,16386
20221029T23:00:00+0000,0.427118,16386
20221030T00:00:00+0000,0.43699,16386
20221030T01:00:00+0000,0.453026,16386
20221030T02:00:00+0000,0.436907,16402
20221030T03:00:00+0000,0.424037,16402
20221030T04:00:00+0000,0.400863,16402
20221030T05:00:00+0000,0.368174,16402
20221030T06:00:00+0000,0.336216,16402
20221030T07:00:00+0000,0.314099,16402
20221030T08:00:00+0000,0.298874,16402
20221030T09:00:00+0000,0.287896,16402
20221030T10:00:00+0000,0.286707,16402
20221030T11:00:00+0000,0.291335,16402
20221030T12:00:00+0000,0.310431,16402
20221030T13:00:00+0000,0.343566,16402
20221030T14:00:00+0000,0.378639,16402
20221030T15:00:00+0000,0.423926,16402
20221030T16:00:00+0000,0.460751,16386
20221030T17:00:00+0000,0.438302,16386
20221030T18:00:00+0000,0.460213,16386
20221030T19:00:00+0000,0.44361,16386
20221030T20:00:00+0000,0.45786,16386
20221030T21:00:00+0000,0.438157,16386
20221030T22:00:00+0000,0.446807,16386
20221030T23:00:00+0000,0.465943,16386
20221031T00:00:00+0000,0.500727,16386
20221031T01:00:00+0000,0.519118,16386
20221031T02:00:00+0000,0.511904,16402
20221031T03:00:00+0000,0.478038,16402
20221031T04:00:00+0000,0.434741,16402
20221031T05:00:00+0000,0.379275,16402
20221031T06:00:00+0000,0.328357,16402
20221031T07:00:00+0000,0.312604,16402
20221031T08:00:00+0000,0.287825,16402
20221031T09:00:00+0000,0.285036,16402
20221031T10:00:00+0000,0.300336,16402
20221031T11:00:00+0000,0.309988,16402
20221031T12:00:00+0000,0.359463,16402
20221031T13:00:00+0000,0.44534,16402
20221031T14:00:00+0000,0.470466,16402
20221031T15:00:00+0000,0.484009,16402
20221031T16:00:00+0000,0.489058,16386
20221031T17:00:00+0000,0.493844,16386
20221031T18:00:00+0000,0.480089,16386
20221031T19:00:00+0000,0.465941,16386
20221031T20:00:00+0000,0.468222,16386
20221031T21:00:00+0000,0.478274,16386
20221031T22:00:00+0000,0.477091,16386
20221031T23:00:00+0000,0.494929,16386
20221101T00:00:00+0000,0.494386,16386
20221101T01:00:00+0000,0.489151,16386
20221101T02:00:00+0000,0.438292,16402
20221101T03:00:00+0000,0.441511,16402
20221101T04:00:00+0000,0.426257,16402
20221101T05:00:00+0000,0.3744,16402
20221101T06:00:00+0000,0.342222,16402
20221101T07:00:00+0000,0.321953,16402
20221101T08:00:00+0000,0.311178,16402
20221101T09:00:00+0000,0.320932,16402
20221101T10:00:00+0000,0.317875,16402
20221101T11:00:00+0000,0.338837,16402
20221101T12:00:00+0000,0.393856,16402
20221101T13:00:00+0000,0.468614,16402
20221101T14:00:00+0000,0.53503,16402
20221101T15:00:00+0000,0.529639,16402
20221101T16:00:00+0000,0.542621,16386
20221101T17:00:00+0000,0.524548,16386
20221101T18:00:00+0000,0.497068,16386
20221101T19:00:00+0000,0.441944,16386
20221101T20:00:00+0000,0.395467,16386
20221101T21:00:00+0000,0.322653,16386
20221101T22:00:00+0000,0.482077,16386
20221101T23:00:00+0000,0.534987,16386
20221102T00:00:00+0000,0.55654,16386
20221102T01:00:00+0000,0.588744,16386
20221102T02:00:00+0000,0.558702,16402
20221102T03:00:00+0000,0.535177,16402
20221102T04:00:00+0000,0.493602,16402
20221102T05:00:00+0000,0.448349,16402
20221102T06:00:00+0000,0.412953,16402
20221102T07:00:00+0000,0.386866,16402
20221102T08:00:00+0000,0.390033,16402
20221102T09:00:00+0000,0.387925,16402
20221102T10:00:00+0000,0.400757,16402
20221102T11:00:00+0000,0.43692,16402
20221102T12:00:00+0000,0.498379,16402
20221102T13:00:00+0000,0.57069,16402
20221102T14:00:00+0000,0.630151,16402
20221102T15:00:00+0000,0.625542,16402
20221102T16:00:00+0000,0.610885,16386
20221102T17:00:00+0000,0.510929,16386
20221102T18:00:00+0000,0.55189,16386
20221102T19:00:00+0000,0.53992,16386
20221102T20:00:00+0000,0.533104,16386
20221102T21:00:00+0000,0.460585,16386
20221102T22:00:00+0000,0.519398,16386
20221102T23:00:00+0000,0.560789,16386
20221103T00:00:00+0000,0.622631,16386
20221103T01:00:00+0000,0.666718,16386
20221103T02:00:00+0000,0.621877,16402
20221103T03:00:00+0000,0.58207,16402
20221103T04:00:00+0000,0.547432,16402
20221103T05:00:00+0000,0.490634,16402
20221103T06:00:00+0000,0.438148,16402
20221103T07:00:00+0000,0.417359,16402
20221103T08:00:00+0000,0.40181,16402
20221103T09:00:00+0000,0.408308,16402
20221103T10:00:00+0000,0.419723,16402
20221103T11:00:00+0000,0.43972,16402
20221103T12:00:00+0000,0.505162,16402
20221103T13:00:00+0000,0.576292,16402
20221103T14:00:00+0000,0.634315,16402
20221103T15:00:00+0000,0.634175,16402
20221103T16:00:00+0000,0.643701,16386
20221103T17:00:00+0000,0.615316,16386
20221103T18:00:00+0000,0.572599,16386
20221103T19:00:00+0000,0.545567,16386
20221103T20:00:00+0000,0.46917,16386
20221103T21:00:00+0000,0.518151,16386
20221103T22:00:00+0000,0.550006,16386
20221103T23:00:00+0000,0.599385,16386
20221104T00:00:00+0000,0.609531,16386
20221104T01:00:00+0000,0.647805,16386
20221104T02:00:00+0000,0.600335,16402
20221104T03:00:00+0000,0.56531,16402
20221104T04:00:00+0000,0.527997,16402
20221104T05:00:00+0000,0.481662,16402
20221104T06:00:00+0000,0.439888,16402
20221104T07:00:00+0000,0.418038,16402
20221104T08:00:00+0000,0.395507,16402
20221104T09:00:00+0000,0.388122,16402
20221104T10:00:00+0000,0.39747,16402
20221104T11:00:00+0000,0.416495,16402
20221104T12:00:00+0000,0.45923,16402
20221104T13:00:00+0000,0.500338,16402
20221104T14:00:00+0000,0.556469,16402
20221104T15:00:00+0000,0.558078,16402
20221104T16:00:00+0000,0.563159,16386
20221104T17:00:00+0000,0.553451,16386
20221104T18:00:00+0000,0.568963,16386
20221104T19:00:00+0000,0.551631,16386
20221104T20:00:00+0000,0.554712,16386
20221104T21:00:00+0000,0.541809,16386
20221104T22:00:00+0000,0.51094,16386
20221104T23:00:00+0000,0.513071,16386
20221105T00:00:00+0000,0.51783,16386
20221105T01:00:00+0000,0.529268,16386
20221105T02:00:00+0000,0.509065,16402
20221105T03:00:00+0000,0.486917,16402
20221105T04:00:00+0000,0.433124,16402
20221105T05:00:00+0000,0.395637,16402
20221105T06:00:00+0000,0.3544,16402
20221105T07:00:00+0000,0.321981,16402
20221105T08:00:00+0000,0.301806,16402
20221105T09:00:00+0000,0.300244,16402
20221105T10:00:00+0000,0.311691,16402
20221105T11:00:00+0000,0.31793,16402
20221105T12:00:00+0000,0.349348,16402
20221105T13:00:00+0000,0.382017,16402
20221105T14:00:00+0000,0.442827,16402
20221105T15:00:00+0000,0.50864,16402
20221105T16:00:00+0000,0.534665,16386
20221105T17:00:00+0000,0.52652,16386
20221105T18:00:00+0000,0.531098,16386
20221105T19:00:00+0000,0.496351,16386
20221105T20:00:00+0000,0.46609,16386
20221105T21:00:00+0000,0.455777,16386
20221105T22:00:00+0000,0.476261,16386
20221105T23:00:00+0000,0.499142,16386
20221106T00:00:00+0000,0.520736,16386
20221106T01:00:00+0000,0.539325,16386
20221106T02:00:00+0000,0.523942,16402
20221106T03:00:00+0000,0.527402,16402
20221106T04:00:00+0000,0.493471,16402
20221106T05:00:00+0000,0.448901,16402
20221106T06:00:00+0000,0.411926,16402
20221106T07:00:00+0000,0.395947,16402
20221106T08:00:00+0000,0.380442,16402
20221106T09:00:00+0000,0.374273,16402
20221106T10:00:00+0000,0.367194,16402
20221106T11:00:00+0000,0.370877,16402
20221106T12:00:00+0000,0.403244,16402
20221106T13:00:00+0000,0.431538,16402
20221106T14:00:00+0000,0.47799,16402
20221106T15:00:00+0000,0.525345,16402
20221106T16:00:00+0000,0.572803,16386
20221106T17:00:00+0000,0.598208,16386
20221106T18:00:00+0000,0.599544,16386
20221106T19:00:00+0000,0.606663,16386
20221106T20:00:00+0000,0.611572,16386
20221106T21:00:00+0000,0.619106,16386
20221106T22:00:00+0000,0.612323,16386
20221106T23:00:00+0000,0.605207,16386
20221107T00:00:00+0000,0.621538,16386
20221107T01:00:00+0000,0.663772,16386
20221107T02:00:00+0000,0.66169,16402
20221107T03:00:00+0000,0.642715,16402
20221107T04:00:00+0000,0.6065,16402
20221107T05:00:00+0000,0.560649,16402
20221107T06:00:00+0000,0.507195,16402
20221107T07:00:00+0000,0.465883,16402
20221107T08:00:00+0000,0.438669,16402
20221107T09:00:00+0000,0.441759,16402
20221107T10:00:00+0000,0.440394,16402
20221107T11:00:00+0000,0.45104,16402
20221107T12:00:00+0000,0.483952,16402
20221107T13:00:00+0000,0.560752,16402
20221107T14:00:00+0000,0.646709,16402
20221107T15:00:00+0000,0.696305,16402
20221107T16:00:00+0000,0.691179,16386
20221107T17:00:00+0000,0.650405,16386
20221107T18:00:00+0000,0.702074,16386
20221107T19:00:00+0000,0.709493,16386
20221107T20:00:00+0000,0.668084,16386
20221107T21:00:00+0000,0.655263,16386
20221107T22:00:00+0000,0.665218,16386
20221107T23:00:00+0000,0.66415,16386
20221108T00:00:00+0000,0.69992,16386
20221108T01:00:00+0000,0.738435,16386
20221108T02:00:00+0000,0.742077,16402
20221108T03:00:00+0000,0.683386,16402
20221108T04:00:00+0000,0.636679,16402
20221108T05:00:00+0000,0.573709,16402
20221108T06:00:00+0000,0.531585,16402
20221108T07:00:00+0000,0.487205,16402
20221108T08:00:00+0000,0.464458,16402
20221108T09:00:00+0000,0.468227,16402
20221108T10:00:00+0000,0.462735,16402
20221108T11:00:00+0000,0.462101,16402
20221108T12:00:00+0000,0.491622,16402
20221108T13:00:00+0000,0.561861,16402
20221108T14:00:00+0000,0.660096,16402
20221108T15:00:00+0000,0.70467,16402
20221108T16:00:00+0000,0.626734,16386
20221108T17:00:00+0000,0.518008,16386
20221108T18:00:00+0000,0.461062,16386
20221108T19:00:00+0000,0.42963,16386
20221108T20:00:00+0000,0.400949,16386
20221108T21:00:00+0000,0.398587,16386
20221108T22:00:00+0000,0.50227,16386
20221108T23:00:00+0000,0.544767,16386
20221109T00:00:00+0000,0.59898,16386
20221109T01:00:00+0000,0.659801,16386
20221109T02:00:00+0000,0.647798,16402
20221109T03:00:00+0000,0.619624,16402
20221109T04:00:00+0000,0.591321,16402
20221109T05:00:00+0000,0.553615,16402
20221109T06:00:00+0000,0.516221,16402
20221109T07:00:00+0000,0.472649,16402
20221109T08:00:00+0000,0.454027,16402
20221109T09:00:00+0000,0.450762,16402
20221109T10:00:00+0000,0.449716,16402
20221109T11:00:00+0000,0.467952,16402
20221109T12:00:00+0000,0.513788,16402
20221109T13:00:00+0000,0.597502,16402
20221109T14:00:00+0000,0.684153,16402
20221109T15:00:00+0000,0.754283,16402
20221109T16:00:00+0000,0.667833,16386
20221109T17:00:00+0000,0.561124,16386
20221109T18:00:00+0000,0.452195,16386
20221109T19:00:00+0000,0.428228,16386
20221109T20:00:00+0000,0.388562,16386
20221109T21:00:00+0000,0.368555,16386
20221109T22:00:00+0000,0.397346,16386
20221109T23:00:00+0000,0.478483,16386
20221110T00:00:00+0000,0.546121,16386
20221110T01:00:00+0000,0.640656,16386
20221110T02:00:00+0000,0.673987,16402
20221110T03:00:00+0000,0.631643,16402
20221110T04:00:00+0000,0.617391,16402
20221110T05:00:00+0000,0.581659,16402
20221110T06:00:00+0000,0.53313,16402
20221110T07:00:00+0000,0.504333,16402
20221110T08:00:00+0000,0.490902,16402
20221110T09:00:00+0000,0.488392,16402
20221110T10:00:00+0000,0.493805,16402
20221110T11:00:00+0000,0.488091,16402
20221110T12:00:00+0000,0.52354,16402
20221110T13:00:00+0000,0.573653,16402
20221110T14:00:00+0000,0.669973,16402
20221110T15:00:00+0000,0.715343,16402
20221110T16:00:00+0000,0.696873,16386
20221110T17:00:00+0000,0.672079,16386
20221110T18:00:00+0000,0.588246,16386
20221110T19:00:00+0000,0.455239,16386
20221110T20:00:00+0000,0.388027,16386
20221110T21:00:00+0000,0.403458,16386
20221110T22:00:00+0000,0.443523,16386
20221110T23:00:00+0000,0.487934,16386
20221111T00:00:00+0000,0.545878,16386
20221111T01:00:00+0000,0.61162,16386
20221111T02:00:00+0000,0.628359,16402
20221111T03:00:00+0000,0.604398,16402
20221111T04:00:00+0000,0.596686,16402
20221111T05:00:00+0000,0.558162,16402
20221111T06:00:00+0000,0.525014,16402
20221111T07:00:00+0000,0.492499,16402
20221111T08:00:00+0000,0.482067,16402
20221111T09:00:00+0000,0.472854,16402
20221111T10:00:00+0000,0.468709,16402
20221111T11:00:00+0000,0.469043,16402
20221111T12:00:00+0000,0.501197,16402
20221111T13:00:00+0000,0.542238,16402
20221111T14:00:00+0000,0.599093,16402
20221111T15:00:00+0000,0.673429,16402
20221111T16:00:00+0000,0.670467,16386
20221111T17:00:00+0000,0.648177,16386
20221111T18:00:00+0000,0.607035,16386
20221111T19:00:00+0000,0.527133,16386
20221111T20:00:00+0000,0.608647,16386
20221111T21:00:00+0000,0.6062,16386
20221111T22:00:00+0000,0.619182,16386
20221111T23:00:00+0000,0.626183,16386
20221112T00:00:00+0000,0.644001,16386
20221112T01:00:00+0000,0.657407,16386
20221112T02:00:00+0000,0.645133,16402
20221112T03:00:00+0000,0.595518,16402
20221112T04:00:00+0000,0.558802,16402
20221112T05:00:00+0000,0.510253,16402
20221112T06:00:00+0000,0.490673,16402
20221112T07:00:00+0000,0.44699,16402
20221112T08:00:00+0000,0.42573,16402
20221112T09:00:00+0000,0.415453,16402
20221112T10:00:00+0000,0.417606,16402
20221112T11:00:00+0000,0.43047,16402
20221112T12:00:00+0000,0.442299,16402
20221112T13:00:00+0000,0.476189,16402
20221112T14:00:00+0000,0.523335,16402
20221112T15:00:00+0000,0.581688,16402
20221112T16:00:00+0000,0.615668,16386
20221112T17:00:00+0000,0.605994,16386
20221112T18:00:00+0000,0.539622,16386
20221112T19:00:00+0000,0.514022,16386
20221112T20:00:00+0000,0.427211,16386
20221112T21:00:00+0000,0.419556,16386
20221112T22:00:00+0000,0.386654,16386
20221112T23:00:00+0000,0.440704,16386
20221113T00:00:00+0000,0.508962,16386
20221113T01:00:00+0000,0.567119,16386
20221113T02:00:00+0000,0.575357,16402
20221113T03:00:00+0000,0.561446,16402
20221113T04:00:00+0000,0.565183,16402
20221113T05:00:00+0000,0.548982,16402
20221113T06:00:00+0000,0.529555,16402
20221113T07:00:00+0000,0.50009,16402
20221113T08:00:00+0000,0.472441,16402
20221113T09:00:00+0000,0.454738,16402
20221113T10:00:00+0000,0.453365,16402
20221113T11:00:00+0000,0.460618,16402
20221113T12:00:00+0000,0.480073,16402
20221113T13:00:00+0000,0.513919,16402
20221113T14:00:00+0000,0.570488,16402
20221113T15:00:00+0000,0.634151,16402
20221113T16:00:00+0000,0.688272,16386
20221113T17:00:00+0000,0.688253,16386
20221113T18:00:00+0000,0.639879,16386
20221113T19:00:00+0000,0.6281,16386
20221113T20:00:00+0000,0.547544,16386
20221113T21:00:00+0000,0.506114,16386
20221113T22:00:00+0000,0.519827,16386
20221113T23:00:00+0000,0.536964,16386
20221114T00:00:00+0000,0.611768,16386
20221114T01:00:00+0000,0.685524,16386
20221114T02:00:00+0000,0.690704,16402
20221114T03:00:00+0000,0.673081,16402
20221114T04:00:00+0000,0.652028,16402
20221114T05:00:00+0000,0.604297,16402
20221114T06:00:00+0000,0.550785,16402
20221114T07:00:00+0000,0.498839,16402
20221114T08:00:00+0000,0.485167,16402
20221114T09:00:00+0000,0.474041,16402
20221114T10:00:00+0000,0.4821,16402
20221114T11:00:00+0000,0.483053,16402
20221114T12:00:00+0000,0.520033,16402
20221114T13:00:00+0000,0.583325,16402
20221114T14:00:00+0000,0.688146,16402
20221114T15:00:00+0000,0.729119,16402
20221114T16:00:00+0000,0.645482,16386
20221114T17:00:00+0000,0.524035,16386
20221114T18:00:00+0000,0.453752,16386
20221114T19:00:00+0000,0.403609,16386
20221114T20:00:00+0000,0.372922,16386
20221114T21:00:00+0000,0.361244,16386
20221114T22:00:00+0000,0.39897,16386
20221114T23:00:00+0000,0.495302,16386
20221115T00:00:00+0000,0.55091,16386
20221115T01:00:00+0000,0.610037,16386
20221115T02:00:00+0000,0.637098,16402
20221115T03:00:00+0000,0.625418,16402
20221115T04:00:00+0000,0.582715,16402
20221115T05:00:00+0000,0.553178,16402
20221115T06:00:00+0000,0.504893,16402
20221115T07:00:00+0000,0.456792,16402
20221115T08:00:00+0000,0.440452,16402
20221115T09:00:00+0000,0.440401,16402
20221115T10:00:00+0000,0.459284,16402
20221115T11:00:00+0000,0.480604,16402
20221115T12:00:00+0000,0.5125,16402
20221115T13:00:00+0000,0.584969,16402
20221115T14:00:00+0000,0.680504,16402
20221115T15:00:00+0000,0.721732,16402
20221115T16:00:00+0000,0.647172,16386
20221115T17:00:00+0000,0.552231,16386
20221115T18:00:00+0000,0.456454,16386
20221115T19:00:00+0000,0.416656,16386
20221115T20:00:00+0000,0.379094,16386
20221115T21:00:00+0000,0.376186,16386
20221115T22:00:00+0000,0.406329,16386
20221115T23:00:00+0000,0.470284,16386
20221116T00:00:00+0000,0.547248,16386
20221116T01:00:00+0000,0.612825,16386
20221116T02:00:00+0000,0.642955,16402
20221116T03:00:00+0000,0.613627,16402
20221116T04:00:00+0000,0.593508,16402
20221116T05:00:00+0000,0.545655,16402
20221116T06:00:00+0000,0.501895,16402
20221116T07:00:00+0000,0.467679,16402
20221116T08:00:00+0000,0.447675,16402
20221116T09:00:00+0000,0.454386,16402
20221116T10:00:00+0000,0.450611,16402
20221116T11:00:00+0000,0.47005,16402
20221116T12:00:00+0000,0.502801,16402
20221116T13:00:00+0000,0.576868,16402
20221116T14:00:00+0000,0.663944,16402
20221116T15:00:00+0000,0.732098,16402
20221116T16:00:00+0000,0.665313,16386
20221116T17:00:00+0000,0.546464,16386
20221116T18:00:00+0000,0.460027,16386
20221116T19:00:00+0000,0.403248,16386
20221116T20:00:00+0000,0.374788,16386
20221116T21:00:00+0000,0.372625,16386
20221116T22:00:00+0000,0.398721,16386
20221116T23:00:00+0000,0.471662,16386
20221117T00:00:00+0000,0.567651,16386
20221117T01:00:00+0000,0.62298,16386
20221117T02:00:00+0000,0.636735,16402
20221117T03:00:00+0000,0.632203,16402
20221117T04:00:00+0000,0.63045,16402
20221117T05:00:00+0000,0.589544,16402
20221117T06:00:00+0000,0.536957,16402
20221117T07:00:00+0000,0.498104,16402
20221117T08:00:00+0000,0.477814,16402
20221117T09:00:00+0000,0.490503,16402
20221117T10:00:00+0000,0.50096,16402
20221117T11:00:00+0000,0.52398,16402
20221117T12:00:00+0000,0.562416,16402
20221117T13:00:00+0000,0.632035,16402
20221117T14:00:00+0000,0.746586,16402
20221117T15:00:00+0000,0.782572,16402
20221117T16:00:00+0000,0.743319,16386
20221117T17:00:00+0000,0.649576,16386
20221117T18:00:00+0000,0.590311,16386
20221117T19:00:00+0000,0.47065,16386
20221117T20:00:00+0000,0.429482,16386
20221117T21:00:00+0000,0.426377,16386
20221117T22:00:00+0000,0.460303,16386
20221117T23:00:00+0000,0.525803,16386
20221118T00:00:00+0000,0.61812,16386
20221118T01:00:00+0000,0.685014,16386
20221118T02:00:00+0000,0.676415,16402
20221118T03:00:00+0000,0.661989,16402
20221118T04:00:00+0000,0.634564,16402
20221118T05:00:00+0000,0.601244,16402
20221118T06:00:00+0000,0.543099,16402
20221118T07:00:00+0000,0.511283,16402
20221118T08:00:00+0000,0.498118,16402
20221118T09:00:00+0000,0.492097,16402
20221118T10:00:00+0000,0.50007,16402
20221118T11:00:00+0000,0.50957,16402
20221118T12:00:00+0000,0.548152,16402
20221118T13:00:00+0000,0.620482,16402
20221118T14:00:00+0000,0.691308,16402
20221118T15:00:00+0000,0.758764,16402
20221118T16:00:00+0000,0.723682,16386
20221118T17:00:00+0000,0.60883,16386
20221118T18:00:00+0000,0.495291,16386
20221118T19:00:00+0000,0.442276,16386
20221118T20:00:00+0000,0.411529,16386
20221118T21:00:00+0000,0.415991,16386
20221118T22:00:00+0000,0.441045,16386
20221118T23:00:00+0000,0.50419,16386
20221119T00:00:00+0000,0.59278,16386
20221119T01:00:00+0000,0.642493,16386
20221119T02:00:00+0000,0.663564,16402
20221119T03:00:00+0000,0.64464,16402
20221119T04:00:00+0000,0.617768,16402
20221119T05:00:00+0000,0.589717,16402
20221119T06:00:00+0000,0.556762,16402
20221119T07:00:00+0000,0.525181,16402
20221119T08:00:00+0000,0.497748,16402
20221119T09:00:00+0000,0.488328,16402
20221119T10:00:00+0000,0.49464,16402
20221119T11:00:00+0000,0.511505,16402
20221119T12:00:00+0000,0.535679,16402
20221119T13:00:00+0000,0.576911,16402
20221119T14:00:00+0000,0.640186,16402
20221119T15:00:00+0000,0.686887,16402
20221119T16:00:00+0000,0.673658,16386
20221119T17:00:00+0000,0.595682,16386
20221119T18:00:00+0000,0.498382,16386
20221119T19:00:00+0000,0.444877,16386
20221119T20:00:00+0000,0.414358,16386
20221119T21:00:00+0000,0.40258,16386
20221119T22:00:00+0000,0.429991,16386
20221119T23:00:00+0000,0.514525,16386
20221120T00:00:00+0000,0.574374,16386
20221120T01:00:00+0000,0.634816,16386
20221120T02:00:00+0000,0.631818,16402
20221120T03:00:00+0000,0.631958,16402
20221120T04:00:00+0000,0.641001,16402
20221120T05:00:00+0000,0.598273,16402
20221120T06:00:00+0000,0.571987,16402
20221120T07:00:00+0000,0.546562,16402
20221120T08:00:00+0000,0.53909,16402
20221120T09:00:00+0000,0.544041,16402
20221120T10:00:00+0000,0.550476,16402
20221120T11:00:00+0000,0.564877,16402
20221120T12:00:00+0000,0.587505,16402
20221120T13:00:00+0000,0.631534,16402
20221120T14:00:00+0000,0.705362,16402
20221120T15:00:00+0000,0.768556,16402
20221120T16:00:00+0000,0.770596,16386
20221120T17:00:00+0000,0.661752,16386
20221120T18:00:00+0000,0.554109,16386
20221120T19:00:00+0000,0.489484,16386
20221120T20:00:00+0000,0.440046,16386
20221120T21:00:00+0000,0.433222,16386
20221120T22:00:00+0000,0.503723,16386
20221120T23:00:00+0000,0.569794,16386
20221121T00:00:00+0000,0.642381,16386
20221121T01:00:00+0000,0.671214,16386
20221121T02:00:00+0000,0.692667,16402
20221121T03:00:00+0000,0.681652,16402
20221121T04:00:00+0000,0.646027,16402
20221121T05:00:00+0000,0.591896,16402
20221121T06:00:00+0000,0.54009,16402
20221121T07:00:00+0000,0.49777,16402
20221121T08:00:00+0000,0.483498,16402
20221121T09:00:00+0000,0.474208,16402
20221121T10:00:00+0000,0.484788,16402
20221121T11:00:00+0000,0.487801,16402
20221121T12:00:00+0000,0.521273,16402
20221121T13:00:00+0000,0.580581,16402
20221121T14:00:00+0000,0.639834,16402
20221121T15:00:00+0000,0.703,16402
20221121T16:00:00+0000,0.692407,16386
20221121T17:00:00+0000,0.665284,16386
20221121T18:00:00+0000,0.616841,16386
20221121T19:00:00+0000,0.581967,16386
20221121T20:00:00+0000,0.589358,16386
20221121T21:00:00+0000,0.57862,16386
20221121T22:00:00+0000,0.58788,16386
20221121T23:00:00+0000,0.603728,16386
20221122T00:00:00+0000,0.634922,16386
20221122T01:00:00+0000,0.635877,16386
20221122T02:00:00+0000,0.653752,16402
20221122T03:00:00+0000,0.625268,16402
20221122T04:00:00+0000,0.587769,16402
20221122T05:00:00+0000,0.558367,16402
20221122T06:00:00+0000,0.519824,16402
20221122T07:00:00+0000,0.479102,16402
20221122T08:00:00+0000,0.459537,16402
20221122T09:00:00+0000,0.456706,16402
20221122T10:00:00+0000,0.454039,16402
20221122T11:00:00+0000,0.459904,16402
20221122T12:00:00+0000,0.487683,16402
20221122T13:00:00+0000,0.546406,16402
20221122T14:00:00+0000,0.597895,16402
20221122T15:00:00+0000,0.65185,16402
20221122T16:00:00+0000,0.65114,16386
20221122T17:00:00+0000,0.652461,16386
20221122T18:00:00+0000,0.632713,16386
20221122T19:00:00+0000,0.587117,16386
20221122T20:00:00+0000,0.630511,16386
20221122T21:00:00+0000,0.499064,16386
20221122T22:00:00+0000,0.472787,16386
20221122T23:00:00+0000,0.513383,16386
20221123T00:00:00+0000,0.571784,16386
20221123T01:00:00+0000,0.603798,16386
20221123T02:00:00+0000,0.610547,16402
20221123T03:00:00+0000,0.575476,16402
20221123T04:00:00+0000,0.556694,16402
20221123T05:00:00+0000,0.50775,16402
20221123T06:00:00+0000,0.480575,16402
20221123T07:00:00+0000,0.440491,16402
20221123T08:00:00+0000,0.420744,16402
20221123T09:00:00+0000,0.421273,16402
20221123T10:00:00+0000,0.433795,16402
20221123T11:00:00+0000,0.442638,16402
20221123T12:00:00+0000,0.454298,16402
20221123T13:00:00+0000,0.519843,16402
20221123T14:00:00+0000,0.572212,16402
20221123T15:00:00+0000,0.643751,16402
20221123T16:00:00+0000,0.657003,16386
20221123T17:00:00+0000,0.642226,16386
20221123T18:00:00+0000,0.627363,16386
20221123T19:00:00+0000,0.614078,16386
20221123T20:00:00+0000,0.603261,16386
20221123T21:00:00+0000,0.580314,16386
20221123T22:00:00+0000,0.545693,16386
20221123T23:00:00+0000,0.582662,16386
20221124T00:00:00+0000,0.628972,16386
20221124T01:00:00+0000,0.624259,16386
20221124T02:00:00+0000,0.647935,16402
20221124T03:00:00+0000,0.597599,16402
20221124T04:00:00+0000,0.584621,16402
20221124T05:00:00+0000,0.537696,16402
20221124T06:00:00+0000,0.496962,16402
20221124T07:00:00+0000,0.449415,16402
20221124T08:00:00+0000,0.423676,16402
20221124T09:00:00+0000,0.415385,16402
20221124T10:00:00+0000,0.406897,16402
20221124T11:00:00+0000,0.406121,16402
20221124T12:00:00+0000,0.420939,16402
20221124T13:00:00+0000,0.473321,16402
20221124T14:00:00+0000,0.514212,16402
20221124T15:00:00+0000,0.583776,16402
20221124T16:00:00+0000,0.644632,16386
20221124T17:00:00+0000,0.668504,16386
20221124T18:00:00+0000,0.66188,16386
20221124T19:00:00+0000,0.665657,16386
20221124T20:00:00+0000,0.628077,16386
20221124T21:00:00+0000,0.520527,16386
20221124T22:00:00+0000,0.504207,16386
20221124T23:00:00+0000,0.500118,16386
20221125T00:00:00+0000,0.52892,16386
20221125T01:00:00+0000,0.530183,16386
20221125T02:00:00+0000,0.521118,16402
20221125T03:00:00+0000,0.523022,16402
20221125T04:00:00+0000,0.528178,16402
20221125T05:00:00+0000,0.496029,16402
20221125T06:00:00+0000,0.475681,16402
20221125T07:00:00+0000,0.450217,16402
20221125T08:00:00+0000,0.434164,16402
20221125T09:00:00+0000,0.430548,16402
20221125T10:00:00+0000,0.428599,16402
20221125T11:00:00+0000,0.436873,16402
20221125T12:00:00+0000,0.455064,16402
20221125T13:00:00+0000,0.49236,16402
20221125T14:00:00+0000,0.529086,16402
20221125T15:00:00+0000,0.57231,16402
20221125T16:00:00+0000,0.620003,16386
20221125T17:00:00+0000,0.629987,16386
20221125T18:00:00+0000,0.630392,16386
20221125T19:00:00+0000,0.611285,16386
20221125T20:00:00+0000,0.621698,16386
20221125T21:00:00+0000,0.615796,16386
20221125T22:00:00+0000,0.62187,16386
20221125T23:00:00+0000,0.616619,16386
20221126T00:00:00+0000,0.623004,16386
20221126T01:00:00+0000,0.623678,16386
20221126T02:00:00+0000,0.611787,16402
20221126T03:00:00+0000,0.603131,16402
20221126T04:00:00+0000,0.568989,16402
20221126T05:00:00+0000,0.544389,16402
20221126T06:00:00+0000,0.519215,16402
20221126T07:00:00+0000,0.484648,16402
20221126T08:00:00+0000,0.456777,16402
20221126T09:00:00+0000,0.442016,16402
20221126T10:00:00+0000,0.431423,16402
20221126T11:00:00+0000,0.432498,16402
20221126T12:00:00+0000,0.446532,16402
20221126T13:00:00+0000,0.481576,16402
20221126T14:00:00+0000,0.528238,16402
20221126T15:00:00+0000,0.564822,16402
20221126T16:00:00+0000,0.61512,16386
20221126T17:00:00+0000,0.608514,16386
20221126T18:00:00+0000,0.589555,16386
20221126T19:00:00+0000,0.517965,16386
20221126T20:00:00+0000,0.442612,16386
20221126T21:00:00+0000,0.46613,16386
20221126T22:00:00+0000,0.506302,16386
20221126T23:00:00+0000,0.518916,16386
20221127T00:00:00+0000,0.54283,16386
20221127T01:00:00+0000,0.580861,16386
20221127T02:00:00+0000,0.576394,16402
20221127T03:00:00+0000,0.563694,16402
20221127T04:00:00+0000,0.544544,16402
20221127T05:00:00+0000,0.51379,16402
20221127T06:00:00+0000,0.475267,16402
20221127T07:00:00+0000,0.44824,16402
20221127T08:00:00+0000,0.421885,16402
20221127T09:00:00+0000,0.412893,16402
20221127T10:00:00+0000,0.413393,16402
20221127T11:00:00+0000,0.418582,16402
20221127T12:00:00+0000,0.429781,16402
20221127T13:00:00+0000,0.462674,16402
20221127T14:00:00+0000,0.489232,16402
20221127T15:00:00+0000,0.531451,16402
20221127T16:00:00+0000,0.571946,16386
20221127T17:00:00+0000,0.599097,16386
20221127T18:00:00+0000,0.615289,16386
20221127T19:00:00+0000,0.606427,16386
20221127T20:00:00+0000,0.591584,16386
20221127T21:00:00+0000,0.586078,16386
20221127T22:00:00+0000,0.578216,16386
20221127T23:00:00+0000,0.570643,16386
20221128T00:00:00+0000,0.621381,16386
20221128T01:00:00+0000,0.658441,16386
20221128T02:00:00+0000,0.663208,16402
20221128T03:00:00+0000,0.663177,16402
20221128T04:00:00+0000,0.631424,16402
20221128T05:00:00+0000,0.561854,16402
20221128T06:00:00+0000,0.500835,16402
20221128T07:00:00+0000,0.462488,16402
20221128T08:00:00+0000,0.444538,16402
20221128T09:00:00+0000,0.429317,16402
20221128T10:00:00+0000,0.433949,16402
20221128T11:00:00+0000,0.441112,16402
20221128T12:00:00+0000,0.464317,16402
20221128T13:00:00+0000,0.533767,16402
20221128T14:00:00+0000,0.621692,16402
20221128T15:00:00+0000,0.673282,16402
20221128T16:00:00+0000,0.644369,16386
20221128T17:00:00+0000,0.566013,16386
20221128T18:00:00+0000,0.530443,16386
20221128T19:00:00+0000,0.46539,16386
20221128T20:00:00+0000,0.519945,16386
20221128T21:00:00+0000,0.481758,16386
20221128T22:00:00+0000,0.559008,16386
20221128T23:00:00+0000,0.562692,16386
20221129T00:00:00+0000,0.645616,16386
20221129T01:00:00+0000,0.694903,16386
20221129T02:00:00+0000,0.736475,16402
20221129T03:00:00+0000,0.701471,16402
20221129T04:00:00+0000,0.679685,16402
20221129T05:00:00+0000,0.622633,16402
20221129T06:00:00+0000,0.566982,16402
20221129T07:00:00+0000,0.539232,16402
20221129T08:00:00+0000,0.519853,16402
20221129T09:00:00+0000,0.52209,16402
20221129T10:00:00+0000,0.516959,16402
20221129T11:00:00+0000,0.529048,16402
20221129T12:00:00+0000,0.560973,16402
20221129T13:00:00+0000,0.620075,16402
20221129T14:00:00+0000,0.699462,16402
20221129T15:00:00+0000,0.749133,16402
20221129T16:00:00+0000,0.735156,16402
20221129T17:00:00+0000,0.713189,16386
20221129T18:00:00+0000,0.697878,16386
20221129T19:00:00+0000,0.724352,16386
20221129T20:00:00+0000,0.707267,16386
20221129T21:00:00+0000,0.693646,16386
20221129T22:00:00+0000,0.669064,16386
20221129T23:00:00+0000,0.697402,16386
20221130T00:00:00+0000,0.746861,16386
20221130T01:00:00+0000,0.754013,16386
20221130T02:00:00+0000,0.732397,16402
20221130T03:00:00+0000,0.710252,16402
20221130T04:00:00+0000,0.668379,16402
20221130T05:00:00+0000,0.602228,16402
20221130T06:00:00+0000,0.542772,16402
20221130T07:00:00+0000,0.490496,16402
20221130T08:00:00+0000,0.469279,16402
20221130T09:00:00+0000,0.460577,16402
20221130T10:00:00+0000,0.468434,16402
20221130T11:00:00+0000,0.460221,16402
20221130T12:00:00+0000,0.47118,16402
20221130T13:00:00+0000,0.526831,16402
20221130T14:00:00+0000,0.581697,16402
20221130T15:00:00+0000,0.64939,16402
20221130T16:00:00+0000,0.62501,16402
20221130T17:00:00+0000,0.613068,16386
20221130T18:00:00+0000,0.614469,16386
20221130T19:00:00+0000,0.606463,16386
20221130T20:00:00+0000,0.512126,16386
20221130T21:00:00+0000,0.598613,16386
20221130T22:00:00+0000,0.557044,16386
20221130T23:00:00+0000,0.610118,16386
20221201T00:00:00+0000,0.653929,16386
20221201T01:00:00+0000,0.674665,16402
20221201T02:00:00+0000,0.689697,16402
20221201T03:00:00+0000,0.675958,16402
20221201T04:00:00+0000,0.648083,16402
20221201T05:00:00+0000,0.595388,16402
20221201T06:00:00+0000,0.526347,16402
20221201T07:00:00+0000,0.491666,16402
20221201T08:00:00+0000,0.475255,16402
20221201T09:00:00+0000,0.466609,16402
20221201T10:00:00+0000,0.468771,16402
20221201T11:00:00+0000,0.484125,16402
20221201T12:00:00+0000,0.517556,16402
20221201T13:00:00+0000,0.588569,16402
20221201T14:00:00+0000,0.67814,16402
20221201T15:00:00+0000,0.761662,16402
20221201T16:00:00+0000,0.720369,16402
20221201T17:00:00+0000,0.661651,16386
20221201T18:00:00+0000,0.654698,16386
20221201T19:00:00+0000,0.672609,16386
20221201T20:00:00+0000,0.692447,16386
20221201T21:00:00+0000,0.605776,16386
20221201T22:00:00+0000,0.614157,16386
20221201T23:00:00+0000,0.617546,16386
20221202T00:00:00+0000,0.705617,16386
20221202T01:00:00+0000,0.748601,16402
20221202T02:00:00+0000,0.760444,16402
20221202T03:00:00+0000,0.731483,16402
20221202T04:00:00+0000,0.715378,16402
20221202T05:00:00+0000,0.660401,16402
20221202T06:00:00+0000,0.621926,16402
20221202T07:00:00+0000,0.582504,16402
20221202T08:00:00+0000,0.563823,16402
20221202T09:00:00+0000,0.564863,16402
20221202T10:00:00+0000,0.571281,16402
20221202T11:00:00+0000,0.580295,16402
20221202T12:00:00+0000,0.601278,16402
20221202T13:00:00+0000,0.654909,16402
20221202T14:00:00+0000,0.734486,16402
20221202T15:00:00+0000,0.772043,16402
20221202T16:00:00+0000,0.77133,16402
20221202T17:00:00+0000,0.75124,16386
20221202T18:00:00+0000,0.730182,16386
20221202T19:00:00+0000,0.660111,16386
20221202T20:00:00+0000,0.531092,16386
20221202T21:00:00+0000,0.601019,16386
20221202T22:00:00+0000,0.625822,16386
20221202T23:00:00+0000,0.663984,16386
20221203T00:00:00+0000,0.707932,16386
20221203T01:00:00+0000,0.713453,16402
20221203T02:00:00+0000,0.661803,16402
20221203T03:00:00+0000,0.634964,16402
20221203T04:00:00+0000,0.621607,16402
20221203T05:00:00+0000,0.570598,16402
20221203T06:00:00+0000,0.526681,16402
20221203T07:00:00+0000,0.485798,16402
20221203T08:00:00+0000,0.451666,16402
20221203T09:00:00+0000,0.451651,16402
20221203T10:00:00+0000,0.447201,16402
20221203T11:00:00+0000,0.451267,16402
20221203T12:00:00+0000,0.477125,16402
20221203T13:00:00+0000,0.518782,16402
20221203T14:00:00+0000,0.567677,16402
20221203T15:00:00+0000,0.633816,16402
20221203T16:00:00+0000,0.666662,16402
20221203T17:00:00+0000,0.653852,16386
20221203T18:00:00+0000,0.600707,16386
20221203T19:00:00+0000,0.577523,16386
20221203T20:00:00+0000,0.53494,16386
20221203T21:00:00+0000,0.554357,16386
20221203T22:00:00+0000,0.577051,16386
20221203T23:00:00+0000,0.576936,16386
20221204T00:00:00+0000,0.646411,16386
20221204T01:00:00+0000,0.684887,16402
20221204T02:00:00+0000,0.695027,16402
20221204T03:00:00+0000,0.68531,16402
20221204T04:00:00+0000,0.674866,16402
20221204T05:00:00+0000,0.6368,16402
20221204T06:00:00+0000,0.605453,16402
20221204T07:00:00+0000,0.570518,16402
20221204T08:00:00+0000,0.545841,16402
20221204T09:00:00+0000,0.528039,16402
20221204T10:00:00+0000,0.520746,16402
20221204T11:00:00+0000,0.527137,16402
20221204T12:00:00+0000,0.529157,16402
20221204T13:00:00+0000,0.563204,16402
20221204T14:00:00+0000,0.592576,16402
20221204T15:00:00+0000,0.642979,16402
20221204T16:00:00+0000,0.670172,16402
20221204T17:00:00+0000,0.723582,16386
20221204T18:00:00+0000,0.748028,16386
20221204T19:00:00+0000,0.750651,16386
20221204T20:00:00+0000,0.747205,16386
20221204T21:00:00+0000,0.748035,16386
20221204T22:00:00+0000,0.728209,16386
20221204T23:00:00+0000,0.738319,16386
20221205T00:00:00+0000,0.763594,16386
20221205T01:00:00+0000,0.80505,16402
20221205T02:00:00+0000,0.787547,16402
20221205T03:00:00+0000,0.752351,16402
20221205T04:00:00+0000,0.732937,16402
20221205T05:00:00+0000,0.674922,16402
20221205T06:00:00+0000,0.591096,16402
20221205T07:00:00+0000,0.543672,16402
20221205T08:00:00+0000,0.512769,16402
20221205T09:00:00+0000,0.506357,16402
20221205T10:00:00+0000,0.506303,16402
20221205T11:00:00+0000,0.509828,16402
20221205T12:00:00+0000,0.543784,16402
20221205T13:00:00+0000,0.621785,16402
20221205T14:00:00+0000,0.705439,16402
20221205T15:00:00+0000,0.750128,16402
20221205T16:00:00+0000,0.749016,16402
20221205T17:00:00+0000,0.685518,16386
20221205T18:00:00+0000,0.62082,16386
20221205T19:00:00+0000,0.596311,16386
20221205T20:00:00+0000,0.544717,16386
20221205T21:00:00+0000,0.489902,16386
20221205T22:00:00+0000,0.507664,16386
20221205T23:00:00+0000,0.589444,16386
20221206T00:00:00+0000,0.659193,16386
20221206T01:00:00+0000,0.716684,16402
20221206T02:00:00+0000,0.718162,16402
20221206T03:00:00+0000,0.675627,16402
20221206T04:00:00+0000,0.668896,16402
20221206T05:00:00+0000,0.602151,16402
20221206T06:00:00+0000,0.547128,16402
20221206T07:00:00+0000,0.499213,16402
20221206T08:00:00+0000,0.484511,16402
20221206T09:00:00+0000,0.476986,16402
20221206T10:00:00+0000,0.477742,16402
20221206T11:00:00+0000,0.496553,16402
20221206T12:00:00+0000,0.516087,16402
20221206T13:00:00+0000,0.585477,16402
20221206T14:00:00+0000,0.673456,16402
20221206T15:00:00+0000,0.732907,16402
20221206T16:00:00+0000,0.709908,16402
20221206T17:00:00+0000,0.699428,16386
20221206T18:00:00+0000,0.689609,16386
20221206T19:00:00+0000,0.645942,16386
20221206T20:00:00+0000,0.643319,16386
20221206T21:00:00+0000,0.642216,16386
20221206T22:00:00+0000,0.611382,16386
20221206T23:00:00+0000,0.617814,16386
20221207T00:00:00+0000,0.65922,16386
20221207T01:00:00+0000,0.686295,16402
20221207T02:00:00+0000,0.699267,16402
20221207T03:00:00+0000,0.661669,16402
20221207T04:00:00+0000,0.638002,16402
20221207T05:00:00+0000,0.582641,16402
20221207T06:00:00+0000,0.532548,16402
20221207T07:00:00+0000,0.480286,16402
20221207T08:00:00+0000,0.464983,16402
20221207T09:00:00+0000,0.449792,16402
20221207T10:00:00+0000,0.473154,16402
20221207T11:00:00+0000,0.468818,16402
20221207T12:00:00+0000,0.495665,16402
20221207T13:00:00+0000,0.562338,16402
20221207T14:00:00+0000,0.649417,16402
20221207T15:00:00+0000,0.713221,16402
20221207T16:00:00+0000,0.713761,16402
20221207T17:00:00+0000,0.691962,16386
20221207T18:00:00+0000,0.679844,16386
20221207T19:00:00+0000,0.684173,16386
20221207T20:00:00+0000,0.675473,16386
20221207T21:00:00+0000,0.67335,16386
20221207T22:00:00+0000,0.665178,16386
20221207T23:00:00+0000,0.675528,16386
20221208T00:00:00+0000,0.72556,16386
20221208T01:00:00+0000,0.734041,16402
20221208T02:00:00+0000,0.723539,16402
20221208T03:00:00+0000,0.712953,16402
20221208T04:00:00+0000,0.696404,16402
20221208T05:00:00+0000,0.623051,16402
20221208T06:00:00+0000,0.547338,16402
20221208T07:00:00+0000,0.502769,16402
20221208T08:00:00+0000,0.463957,16402
20221208T09:00:00+0000,0.457865,16402
20221208T10:00:00+0000,0.45168,16402
20221208T11:00:00+0000,0.463752,16402
20221208T12:00:00+0000,0.489341,16402
20221208T13:00:00+0000,0.541089,16402
20221208T14:00:00+0000,0.608799,16402
20221208T15:00:00+0000,0.674523,16402
20221208T16:00:00+0000,0.651169,16402
20221208T17:00:00+0000,0.643213,16386
20221208T18:00:00+0000,0.645048,16386
20221208T19:00:00+0000,0.63466,16386
20221208T20:00:00+0000,0.642825,16386
20221208T21:00:00+0000,0.629898,16386
20221208T22:00:00+0000,0.623629,16386
20221208T23:00:00+0000,0.623508,16386
20221209T00:00:00+0000,0.668254,16386
20221209T01:00:00+0000,0.686851,16402
20221209T02:00:00+0000,0.677589,16402
20221209T03:00:00+0000,0.6329,16402
20221209T04:00:00+0000,0.633972,16402
20221209T05:00:00+0000,0.59391,16402
20221209T06:00:00+0000,0.55665,16402
20221209T07:00:00+0000,0.508425,16402
20221209T08:00:00+0000,0.484127,16402
20221209T09:00:00+0000,0.473322,16402
20221209T10:00:00+0000,0.475331,16402
20221209T11:00:00+0000,0.487185,16402
20221209T12:00:00+0000,0.519954,16402
20221209T13:00:00+0000,0.572713,16402
20221209T14:00:00+0000,0.649707,16402
20221209T15:00:00+0000,0.694769,16402
20221209T16:00:00+0000,0.704957,16402
20221209T17:00:00+0000,0.714962,16386
20221209T18:00:00+0000,0.711436,16386
20221209T19:00:00+0000,0.698662,16386
20221209T20:00:00+0000,0.679835,16386
20221209T21:00:00+0000,0.673128,16386
20221209T22:00:00+0000,0.669627,16386
20221209T23:00:00+0000,0.688288,16386
20221210T00:00:00+0000,0.712985,16386
20221210T01:00:00+0000,0.706438,16402
20221210T02:00:00+0000,0.692466,16402
20221210T03:00:00+0000,0.661098,16402
20221210T04:00:00+0000,0.620022,16402
20221210T05:00:00+0000,0.600611,16402
20221210T06:00:00+0000,0.551405,16402
20221210T07:00:00+0000,0.503199,16402
20221210T08:00:00+0000,0.465397,16402
20221210T09:00:00+0000,0.45283,16402
20221210T10:00:00+0000,0.451533,16402
20221210T11:00:00+0000,0.430878,16402
20221210T12:00:00+0000,0.456074,16402
20221210T13:00:00+0000,0.484465,16402
20221210T14:00:00+0000,0.522922,16402
20221210T15:00:00+0000,0.568357,16402
20221210T16:00:00+0000,0.608522,16402
20221210T17:00:00+0000,0.587756,16386
20221210T18:00:00+0000,0.606349,16386
20221210T19:00:00+0000,0.563294,16386
20221210T20:00:00+0000,0.5695,16386
20221210T21:00:00+0000,0.564369,16386
20221210T22:00:00+0000,0.55962,16386
20221210T23:00:00+0000,0.56869,16386
20221211T00:00:00+0000,0.610899,16386
20221211T01:00:00+0000,0.619683,16402
20221211T02:00:00+0000,0.604933,16402
20221211T03:00:00+0000,0.591272,16402
20221211T04:00:00+0000,0.588082,16402
20221211T05:00:00+0000,0.557236,16402
20221211T06:00:00+0000,0.519858,16402
20221211T07:00:00+0000,0.489259,16402
20221211T08:00:00+0000,0.462082,16402
20221211T09:00:00+0000,0.456583,16402
20221211T10:00:00+0000,0.444192,16402
20221211T11:00:00+0000,0.457302,16402
20221211T12:00:00+0000,0.464063,16402
20221211T13:00:00+0000,0.50336,16402
20221211T14:00:00+0000,0.540415,16402
20221211T15:00:00+0000,0.597287,16402
20221211T16:00:00+0000,0.650587,16402
20221211T17:00:00+0000,0.664959,16386
20221211T18:00:00+0000,0.639833,16386
20221211T19:00:00+0000,0.642195,16386
20221211T20:00:00+0000,0.639408,16386
20221211T21:00:00+0000,0.614588,16386
20221211T22:00:00+0000,0.601664,16386
20221211T23:00:00+0000,0.615179,16386
20221212T00:00:00+0000,0.640204,16386
20221212T01:00:00+0000,0.691948,16402
20221212T02:00:00+0000,0.685467,16402
20221212T03:00:00+0000,0.676899,16402
20221212T04:00:00+0000,0.645121,16402
20221212T05:00:00+0000,0.585886,16402
20221212T06:00:00+0000,0.527263,16402
20221212T07:00:00+0000,0.488403,16402
20221212T08:00:00+0000,0.462161,16402
20221212T09:00:00+0000,0.456526,16402
20221212T10:00:00+0000,0.456558,16402
20221212T11:00:00+0000,0.468321,16402
20221212T12:00:00+0000,0.478147,16402
20221212T13:00:00+0000,0.560152,16402
20221212T14:00:00+0000,0.656592,16402
20221212T15:00:00+0000,0.702033,16402
20221212T16:00:00+0000,0.697304,16402
20221212T17:00:00+0000,0.66181,16386
20221212T18:00:00+0000,0.591414,16386
20221212T19:00:00+0000,0.551944,16386
20221212T20:00:00+0000,0.529387,16386
20221212T21:00:00+0000,0.53976,16386
20221212T22:00:00+0000,0.582085,16386
20221212T23:00:00+0000,0.592318,16386
20221213T00:00:00+0000,0.645067,16386
20221213T01:00:00+0000,0.674061,16402
20221213T02:00:00+0000,0.674439,16402
20221213T03:00:00+0000,0.63731,16402
20221213T04:00:00+0000,0.61446,16402
20221213T05:00:00+0000,0.576475,16402
20221213T06:00:00+0000,0.526639,16402
20221213T07:00:00+0000,0.4927,16402
20221213T08:00:00+0000,0.483185,16402
20221213T09:00:00+0000,0.482172,16402
20221213T10:00:00+0000,0.504239,16402
20221213T11:00:00+0000,0.51632,16402
20221213T12:00:00+0000,0.565133,16402
20221213T13:00:00+0000,0.634568,16402
20221213T14:00:00+0000,0.713859,16402
20221213T15:00:00+0000,0.759513,16402
20221213T16:00:00+0000,0.747775,16402
20221213T17:00:00+0000,0.735828,16386
20221213T18:00:00+0000,0.686606,16386
20221213T19:00:00+0000,0.67598,16386
20221213T20:00:00+0000,0.635841,16386
20221213T21:00:00+0000,0.609816,16386
20221213T22:00:00+0000,0.618983,16386
20221213T23:00:00+0000,0.625566,16386
20221214T00:00:00+0000,0.685204,16386
20221214T01:00:00+0000,0.709584,16402
20221214T02:00:00+0000,0.696354,16402
20221214T03:00:00+0000,0.666372,16402
20221214T04:00:00+0000,0.668472,16402
20221214T05:00:00+0000,0.610533,16402
20221214T06:00:00+0000,0.553918,16402
20221214T07:00:00+0000,0.507082,16402
20221214T08:00:00+0000,0.503973,16402
20221214T09:00:00+0000,0.501414,16402
20221214T10:00:00+0000,0.508737,16402
20221214T11:00:00+0000,0.531995,16402
20221214T12:00:00+0000,0.552655,16402
20221214T13:00:00+0000,0.623583,16402
20221214T14:00:00+0000,0.719012,16402
20221214T15:00:00+0000,0.777974,16402
20221214T16:00:00+0000,0.770117,16402
20221214T17:00:00+0000,0.673743,16386
20221214T18:00:00+0000,0.57091,16386
20221214T19:00:00+0000,0.502388,16386
20221214T20:00:00+0000,0.484784,16386
20221214T21:00:00+0000,0.476778,16386
20221214T22:00:00+0000,0.519045,16386
20221214T23:00:00+0000,0.556317,16386
20221215T00:00:00+0000,0.630003,16386
20221215T01:00:00+0000,0.71264,16402
20221215T02:00:00+0000,0.726025,16402
20221215T03:00:00+0000,0.723256,16402
20221215T04:00:00+0000,0.709013,16402
20221215T05:00:00+0000,0.67331,16402
20221215T06:00:00+0000,0.610648,16402
20221215T07:00:00+0000,0.575016,16402
20221215T08:00:00+0000,0.551958,16402
20221215T09:00:00+0000,0.565872,16402
20221215T10:00:00+0000,0.574629,16402
20221215T11:00:00+0000,0.584281,16402
20221215T12:00:00+0000,0.630125,16402
20221215T13:00:00+0000,0.710152,16402
20221215T14:00:00+0000,0.809507,16402
20221215T15:00:00+0000,0.877469,16402
20221215T16:00:00+0000,0.821704,16402
20221215T17:00:00+0000,0.711862,16386
20221215T18:00:00+0000,0.605951,16386
20221215T19:00:00+0000,0.539363,16386
20221215T20:00:00+0000,0.497555,16386
20221215T21:00:00+0000,0.498693,16386
20221215T22:00:00+0000,0.568066,16386
20221215T23:00:00+0000,0.60867,16386
20221216T00:00:00+0000,0.676961,16386
20221216T01:00:00+0000,0.707404,16402
20221216T02:00:00+0000,0.708099,16402
20221216T03:00:00+0000,0.6778,16402
20221216T04:00:00+0000,0.665595,16402
20221216T05:00:00+0000,0.638936,16402
20221216T06:00:00+0000,0.596188,16402
20221216T07:00:00+0000,0.550326,16402
20221216T08:00:00+0000,0.518172,16402
20221216T09:00:00+0000,0.51968,16402
20221216T10:00:00+0000,0.519446,16402
20221216T11:00:00+0000,0.532821,16402
20221216T12:00:00+0000,0.561532,16402
20221216T13:00:00+0000,0.627868,16402
20221216T14:00:00+0000,0.707437,16402
20221216T15:00:00+0000,0.739836,16402
20221216T16:00:00+0000,0.750548,16402
20221216T17:00:00+0000,0.674054,16386
20221216T18:00:00+0000,0.581498,16386
20221216T19:00:00+0000,0.53193,16386
20221216T20:00:00+0000,0.48446,16386
20221216T21:00:00+0000,0.484781,16386
20221216T22:00:00+0000,0.518277,16386
20221216T23:00:00+0000,0.560799,16386
20221217T00:00:00+0000,0.636302,16386
20221217T01:00:00+0000,0.696423,16402
20221217T02:00:00+0000,0.685094,16402
20221217T03:00:00+0000,0.692798,16402
20221217T04:00:00+0000,0.681195,16402
20221217T05:00:00+0000,0.665175,16402
20221217T06:00:00+0000,0.634676,16402
20221217T07:00:00+0000,0.610318,16402
20221217T08:00:00+0000,0.591261,16402
20221217T09:00:00+0000,0.595921,16402
20221217T10:00:00+0000,0.607098,16402
20221217T11:00:00+0000,0.632752,16402
20221217T12:00:00+0000,0.666065,16402
20221217T13:00:00+0000,0.715641,16402
20221217T14:00:00+0000,0.777855,16402
20221217T15:00:00+0000,0.820147,16402
20221217T16:00:00+0000,0.855472,16402
20221217T17:00:00+0000,0.847085,16386
20221217T18:00:00+0000,0.838055,16386
20221217T19:00:00+0000,0.786594,16386
20221217T20:00:00+0000,0.720918,16386
20221217T21:00:00+0000,0.631525,16386
20221217T22:00:00+0000,0.657391,16386
20221217T23:00:00+0000,0.67574,16386
20221218T00:00:00+0000,0.716418,16386
20221218T01:00:00+0000,0.725977,16402
20221218T02:00:00+0000,0.711941,16402
20221218T03:00:00+0000,0.694588,16402
20221218T04:00:00+0000,0.680762,16402
20221218T05:00:00+0000,0.620869,16402
20221218T06:00:00+0000,0.578589,16402
20221218T07:00:00+0000,0.546734,16402
20221218T08:00:00+0000,0.513914,16402
20221218T09:00:00+0000,0.50739,16402
20221218T10:00:00+0000,0.49327,16402
20221218T11:00:00+0000,0.487346,16402
20221218T12:00:00+0000,0.506987,16402
20221218T13:00:00+0000,0.547114,16402
20221218T14:00:00+0000,0.57804,16402
20221218T15:00:00+0000,0.629635,16402
20221218T16:00:00+0000,0.688402,16402
20221218T17:00:00+0000,0.682915,16386
20221218T18:00:00+0000,0.6429,16386
20221218T19:00:00+0000,0.609955,16386
20221218T20:00:00+0000,0.589068,16386
20221218T21:00:00+0000,0.607051,16386
20221218T22:00:00+0000,0.619397,16386
20221218T23:00:00+0000,0.653588,16386
20221219T00:00:00+0000,0.676781,16386
20221219T01:00:00+0000,0.716899,16402
20221219T02:00:00+0000,0.717872,16402
20221219T03:00:00+0000,0.698065,16402
20221219T04:00:00+0000,0.655972,16402
20221219T05:00:00+0000,0.602544,16402
20221219T06:00:00+0000,0.549156,16402
20221219T07:00:00+0000,0.507943,16402
20221219T08:00:00+0000,0.483747,16402
20221219T09:00:00+0000,0.472912,16402
20221219T10:00:00+0000,0.481096,16402
20221219T11:00:00+0000,0.487819,16402
20221219T12:00:00+0000,0.506804,16402
20221219T13:00:00+0000,0.567198,16402
20221219T14:00:00+0000,0.614392,16402
20221219T15:00:00+0000,0.669895,16402
20221219T16:00:00+0000,0.691962,16402
20221219T17:00:00+0000,0.69249,16386
20221219T18:00:00+0000,0.688132,16386
20221219T19:00:00+0000,0.686764,16386
20221219T20:00:00+0000,0.66973,16386
20221219T21:00:00+0000,0.653847,16386
20221219T22:00:00+0000,0.65657,16386
20221219T23:00:00+0000,0.658713,16386
20221220T00:00:00+0000,0.694318,16386
20221220T01:00:00+0000,0.714385,16402
20221220T02:00:00+0000,0.706149,16402
20221220T03:00:00+0000,0.687697,16402
20221220T04:00:00+0000,0.68188,16402
20221220T05:00:00+0000,0.623437,16402
20221220T06:00:00+0000,0.575229,16402
20221220T07:00:00+0000,0.532971,16402
20221220T08:00:00+0000,0.491086,16402
20221220T09:00:00+0000,0.486759,16402
20221220T10:00:00+0000,0.481238,16402
20221220T11:00:00+0000,0.500334,16402
20221220T12:00:00+0000,0.515521,16402
20221220T13:00:00+0000,0.56516,16402
20221220T14:00:00+0000,0.620402,16402
20221220T15:00:00+0000,0.681152,16402
20221220T16:00:00+0000,0.701123,16402
20221220T17:00:00+0000,0.705114,16386
20221220T18:00:00+0000,0.680799,16386
20221220T19:00:00+0000,0.692162,16386
20221220T20:00:00+0000,0.681248,16386
20221220T21:00:00+0000,0.652502,16386
20221220T22:00:00+0000,0.646485,16386
20221220T23:00:00+0000,0.643591,16386
20221221T00:00:00+0000,0.660398,16386
20221221T01:00:00+0000,0.663338,16402
20221221T02:00:00+0000,0.636884,16402
20221221T03:00:00+0000,0.622221,16402
20221221T04:00:00+0000,0.600994,16402
20221221T05:00:00+0000,0.561017,16402
20221221T06:00:00+0000,0.515177,16402
20221221T07:00:00+0000,0.484556,16402
20221221T08:00:00+0000,0.47113,16402
20221221T09:00:00+0000,0.469065,16402
20221221T10:00:00+0000,0.486043,16402
20221221T11:00:00+0000,0.489137,16402
20221221T12:00:00+0000,0.539626,16402
20221221T13:00:00+0000,0.589385,16402
20221221T14:00:00+0000,0.652749,16402
20221221T15:00:00+0000,0.708177,16402
20221221T16:00:00+0000,0.736142,16402
20221221T17:00:00+0000,0.683555,16386
20221221T18:00:00+0000,0.605407,16386
20221221T19:00:00+0000,0.519653,16386
20221221T20:00:00+0000,0.567771,16386
20221221T21:00:00+0000,0.518258,16386
20221221T22:00:00+0000,0.492972,16386
20221221T23:00:00+0000,0.604383,16386
20221222T00:00:00+0000,0.696255,16386
20221222T01:00:00+0000,0.726304,16402
20221222T02:00:00+0000,0.748359,16402
20221222T03:00:00+0000,0.762641,16402
20221222T04:00:00+0000,0.771381,16402
20221222T05:00:00+0000,0.746373,16402
20221222T06:00:00+0000,0.706911,16402
20221222T07:00:00+0000,0.68368,16402
20221222T08:00:00+0000,0.680429,16402
20221222T09:00:00+0000,0.691707,16402
20221222T10:00:00+0000,0.688015,16402
20221222T11:00:00+0000,0.699321,16402
20221222T12:00:00+0000,0.752522,16402
20221222T13:00:00+0000,0.810568,16402
20221222T14:00:00+0000,0.898225,16402
20221222T15:00:00+0000,0.950398,16402
20221222T16:00:00+0000,0.985716,16402
20221222T17:00:00+0000,0.972685,16386
20221222T18:00:00+0000,0.969481,16386
20221222T19:00:00+0000,0.963816,16386
20221222T20:00:00+0000,0.945514,16386
20221222T21:00:00+0000,0.922307,16386
20221222T22:00:00+0000,0.93171,16386
20221222T23:00:00+0000,0.970219,16386
20221223T00:00:00+0000,1,16386
20221223T01:00:00+0000,0.988641,16386
20221223T02:00:00+0000,0.919763,16402
20221223T03:00:00+0000,0.942065,16402
20221223T04:00:00+0000,0.92782,16402
20221223T05:00:00+0000,0.86061,16402
20221223T06:00:00+0000,0.815419,16402
20221223T07:00:00+0000,0.783846,16402
20221223T08:00:00+0000,0.771183,16402
20221223T09:00:00+0000,0.769686,16402
20221223T10:00:00+0000,0.775115,16402
20221223T11:00:00+0000,0.772097,16402
20221223T12:00:00+0000,0.798485,16402
20221223T13:00:00+0000,0.829942,16402
20221223T14:00:00+0000,0.864198,16402
20221223T15:00:00+0000,0.90956,16402
20221223T16:00:00+0000,0.924668,16402
20221223T17:00:00+0000,0.920117,16386
20221223T18:00:00+0000,0.924334,16386
20221223T19:00:00+0000,0.938277,16386
20221223T20:00:00+0000,0.929643,16386
20221223T21:00:00+0000,0.906359,16386
20221223T22:00:00+0000,0.887456,16386
20221223T23:00:00+0000,0.877365,16386
20221224T00:00:00+0000,0.891015,16386
20221224T01:00:00+0000,0.910871,16386
20221224T02:00:00+0000,0.874818,16402
20221224T03:00:00+0000,0.842982,16402
20221224T04:00:00+0000,0.809055,16402
20221224T05:00:00+0000,0.765613,16402
20221224T06:00:00+0000,0.703866,16402
20221224T07:00:00+0000,0.667829,16402
20221224T08:00:00+0000,0.641161,16402
20221224T09:00:00+0000,0.624415,16402
20221224T10:00:00+0000,0.612995,16402
20221224T11:00:00+0000,0.631327,16402
20221224T12:00:00+0000,0.640546,16402
20221224T13:00:00+0000,0.682577,16402
20221224T14:00:00+0000,0.727709,16402
20221224T15:00:00+0000,0.769491,16402
20221224T16:00:00+0000,0.814465,16402
20221224T17:00:00+0000,0.838811,16386
20221224T18:00:00+0000,0.880558,16386
20221224T19:00:00+0000,0.835487,16386
20221224T20:00:00+0000,0.820111,16386
20221224T21:00:00+0000,0.805577,16386
20221224T22:00:00+0000,0.761905,16386
20221224T23:00:00+0000,0.757459,16386
20221225T00:00:00+0000,0.734464,16386
20221225T01:00:00+0000,0.739007,16386
20221225T02:00:00+0000,0.708929,16402
20221225T03:00:00+0000,0.665545,16402
20221225T04:00:00+0000,0.659553,16402
20221225T05:00:00+0000,0.62932,16402
20221225T06:00:00+0000,0.602088,16402
20221225T07:00:00+0000,0.558344,16402
20221225T08:00:00+0000,0.517248,16402
20221225T09:00:00+0000,0.502928,16402
20221225T10:00:00+0000,0.488437,16402
20221225T11:00:00+0000,0.493463,16402
20221225T12:00:00+0000,0.498766,16402
20221225T13:00:00+0000,0.514213,16402
20221225T14:00:00+0000,0.557676,16402
20221225T15:00:00+0000,0.598203,16402
20221225T16:00:00+0000,0.648941,16402
20221225T17:00:00+0000,0.672643,16386
20221225T18:00:00+0000,0.670186,16386
20221225T19:00:00+0000,0.653279,16386
20221225T20:00:00+0000,0.620077,16386
20221225T21:00:00+0000,0.591196,16386
20221225T22:00:00+0000,0.585059,16386
20221225T23:00:00+0000,0.573853,16386
20221226T00:00:00+0000,0.591806,0
20221226T01:00:00+0000,0.595807,0
20221226T02:00:00+0000,0.580049,0
20221226T03:00:00+0000,0.569421,0
20221226T04:00:00+0000,0.548539,0
20221226T05:00:00+0000,0.525563,0
20221226T06:00:00+0000,0.495642,0
20221226T07:00:00+0000,0.441233,0
20221226T08:00:00+0000,0.417431,0
20221226T09:00:00+0000,0.401014,0
20221226T10:00:00+0000,0.396365,0
20221226T11:00:00+0000,0.395163,0
20221226T12:00:00+0000,0.390979,0
20221226T13:00:00+0000,0.413737,0
20221226T14:00:00+0000,0.432219,0
20221226T15:00:00+0000,0.449915,0
20221226T16:00:00+0000,0.488264,0
20221226T17:00:00+0000,0.511251,0
20221226T18:00:00+0000,0.522988,0
20221226T19:00:00+0000,0.544629,0
20221226T20:00:00+0000,0.556611,0
20221226T21:00:00+0000,0.53659,0
20221226T22:00:00+0000,0.537836,0
20221226T23:00:00+0000,0.528053,0
20221227T00:00:00+0000,0.554717,0
20221227T01:00:00+0000,0.569562,0
20221227T02:00:00+0000,0.559361,0
20221227T03:00:00+0000,0.55052,0
20221227T04:00:00+0000,0.522954,0
20221227T05:00:00+0000,0.487213,0
20221227T06:00:00+0000,0.447912,0
20221227T07:00:00+0000,0.410006,0
20221227T08:00:00+0000,0.37818,0
20221227T09:00:00+0000,0.368229,0
20221227T10:00:00+0000,0.355748,0
20221227T11:00:00+0000,0.3557,0
20221227T12:00:00+0000,0.37171,0
20221227T13:00:00+0000,0.411262,0
20221227T14:00:00+0000,0.460727,0
20221227T15:00:00+0000,0.488634,0
20221227T16:00:00+0000,0.528047,0
20221227T17:00:00+0000,0.297235,0
20221227T18:00:00+0000,0,0
20221227T19:00:00+0000,0,0
20221227T20:00:00+0000,0,0
20221227T21:00:00+0000,0,0
20221227T22:00:00+0000,0.674733,0
20221227T23:00:00+0000,0.706794,0
20221228T00:00:00+0000,0.649453,0
20221228T01:00:00+0000,0.626944,0
20221228T02:00:00+0000,0.621476,0
20221228T03:00:00+0000,0.592034,0
20221228T04:00:00+0000,0.56235,0
20221228T05:00:00+0000,0.532926,0
20221228T06:00:00+0000,0.476645,0
20221228T07:00:00+0000,0.442389,0
20221228T08:00:00+0000,0.413713,0
20221228T09:00:00+0000,0.400861,0
20221228T10:00:00+0000,0.391649,0
20221228T11:00:00+0000,0.399415,0
20221228T12:00:00+0000,0.4117,0
20221228T13:00:00+0000,0.456346,0
20221228T14:00:00+0000,0.512382,0
20221228T15:00:00+0000,0.555361,0
20221228T16:00:00+0000,0.574007,0
20221228T17:00:00+0000,0.567702,0
20221228T18:00:00+0000,0.591533,0
20221228T19:00:00+0000,0.584098,0
20221228T20:00:00+0000,0.54959,0
20221228T21:00:00+0000,0.563707,0
20221228T22:00:00+0000,0.537964,0
20221228T23:00:00+0000,0.561397,0
20221229T00:00:00+0000,0.598488,0
20221229T01:00:00+0000,0.607916,0
20221229T02:00:00+0000,0.591536,0
20221229T03:00:00+0000,0.576244,0
20221229T04:00:00+0000,0.547822,0
20221229T05:00:00+0000,0.518179,0
20221229T06:00:00+0000,0.468342,0
20221229T07:00:00+0000,0.429392,0
20221229T08:00:00+0000,0.404541,0
20221229T09:00:00+0000,0.3874,0
20221229T10:00:00+0000,0.389503,0
20221229T11:00:00+0000,0.392406,0
20221229T12:00:00+0000,0.412761,0
20221229T13:00:00+0000,0.455203,0
20221229T14:00:00+0000,0.516298,0
20221229T15:00:00+0000,0.540889,0
20221229T16:00:00+0000,0.562244,0
20221229T17:00:00+0000,0.608711,0
20221229T18:00:00+0000,0.647121,0
20221229T19:00:00+0000,0.658394,0
20221229T20:00:00+0000,0.649863,0
20221229T21:00:00+0000,0.645242,0
20221229T22:00:00+0000,0.640294,0
20221229T23:00:00+0000,0.622946,0
20221230T00:00:00+0000,0.615905,0
20221230T01:00:00+0000,0.640678,0
20221230T02:00:00+0000,0.623401,0
20221230T03:00:00+0000,0.592921,0
20221230T04:00:00+0000,0.572719,0
20221230T05:00:00+0000,0.537949,0
20221230T06:00:00+0000,0.48664,0
20221230T07:00:00+0000,0.434848,0
20221230T08:00:00+0000,0.40587,0
20221230T09:00:00+0000,0.389803,0
20221230T10:00:00+0000,0.384822,0
20221230T11:00:00+0000,0.392513,0
20221230T12:00:00+0000,0.405457,0
20221230T13:00:00+0000,0.444735,0
20221230T14:00:00+0000,0.491499,0
20221230T15:00:00+0000,0.532868,0
20221230T16:00:00+0000,0.554452,0
20221230T17:00:00+0000,0.578036,0
20221230T18:00:00+0000,0.593957,0
20221230T19:00:00+0000,0.598658,0
20221230T20:00:00+0000,0.592598,0
20221230T21:00:00+0000,0.585167,0
20221230T22:00:00+0000,0.570813,0
20221230T23:00:00+0000,0.58228,0
20221231T00:00:00+0000,0.603137,0
20221231T01:00:00+0000,0.601054,0
20221231T02:00:00+0000,0.578701,0
20221231T03:00:00+0000,0.573686,0
20221231T04:00:00+0000,0.561155,0
20221231T05:00:00+0000,0.535573,0
20221231T06:00:00+0000,0.502116,0
20221231T07:00:00+0000,0.45468,0
20221231T08:00:00+0000,0.430524,0
20221231T09:00:00+0000,0.420966,0
20221231T10:00:00+0000,0.399792,0
20221231T11:00:00+0000,0.403226,0
20221231T12:00:00+0000,0.410257,0
20221231T13:00:00+0000,0.441238,0
20221231T14:00:00+0000,0.473631,0
20221231T15:00:00+0000,0.506827,0
20221231T16:00:00+0000,0.554197,0
20221231T17:00:00+0000,0.600138,0
20221231T18:00:00+0000,0.596771,0
20221231T19:00:00+0000,0.554496,0
20221231T20:00:00+0000,0.473074,0
20221231T21:00:00+0000,0.548982,0
20221231T22:00:00+0000,0.452088,0
20221231T23:00:00+0000,0.514395,0
20230101T00:00:00+0000,0.565461,0
20230101T01:00:00+0000,0.595124,0
20230101T02:00:00+0000,0.572071,0
20230101T03:00:00+0000,0.548434,0
20230101T04:00:00+0000,0.516687,0
20230101T05:00:00+0000,0.499721,0
20230101T06:00:00+0000,0.461794,0
20230101T07:00:00+0000,0.438338,0
20230101T08:00:00+0000,0.437087,16402
20230101T09:00:00+0000,0.429682,16402
20230101T10:00:00+0000,0.42085,16402
20230101T11:00:00+0000,0.420372,16402
20230101T12:00:00+0000,0.434534,16402
20230101T13:00:00+0000,0.470245,16402
20230101T14:00:00+0000,0.494664,16402
20230101T15:00:00+0000,0.517137,16402
20230101T16:00:00+0000,0.557895,16402
20230101T17:00:00+0000,0.545142,16386
20230101T18:00:00+0000,0.478581,16386
20230101T19:00:00+0000,0.429782,16386
20230101T20:00:00+0000,0.473247,16386
20230101T21:00:00+0000,0.496807,16386
20230101T22:00:00+0000,0.502415,16386
20230101T23:00:00+0000,0.523488,16386
20230102T00:00:00+0000,0.571769,16386
20230102T01:00:00+0000,0.632556,16386
20230102T02:00:00+0000,0.636435,16402
20230102T03:00:00+0000,0.6209,16402
20230102T04:00:00+0000,0.6233,16402
20230102T05:00:00+0000,0.597959,16402
20230102T06:00:00+0000,0.54784,16402
20230102T07:00:00+0000,0.52797,16402
20230102T08:00:00+0000,0.514035,16402
20230102T09:00:00+0000,0.498751,16402
20230102T10:00:00+0000,0.489425,16402
20230102T11:00:00+0000,0.491237,16402
20230102T12:00:00+0000,0.513876,16402
20230102T13:00:00+0000,0.551565,16402
20230102T14:00:00+0000,0.605123,16402
20230102T15:00:00+0000,0.655636,16402
20230102T16:00:00+0000,0.691076,16402
20230102T17:00:00+0000,0.70478,16386
20230102T18:00:00+0000,0.724212,16386
20230102T19:00:00+0000,0.730438,16386
20230102T20:00:00+0000,0.717384,16386
20230102T21:00:00+0000,0.694679,16386
20230102T22:00:00+0000,0.699321,16386
20230102T23:00:00+0000,0.701949,16386
20230103T00:00:00+0000,0.748263,16386
20230103T01:00:00+0000,0.756461,16386
20230103T02:00:00+0000,0.76302,16402
20230103T03:00:00+0000,0.72584,16402
20230103T04:00:00+0000,0.69028,16402
20230103T05:00:00+0000,0.614068,16402
20230103T06:00:00+0000,0.538336,16402
20230103T07:00:00+0000,0.485109,16402
20230103T08:00:00+0000,0.450038,16402
20230103T09:00:00+0000,0.440627,16402
20230103T10:00:00+0000,0.444414,16402
20230103T11:00:00+0000,0.451475,16402
20230103T12:00:00+0000,0.468395,16402
20230103T13:00:00+0000,0.538707,16402
20230103T14:00:00+0000,0.631857,16402
20230103T15:00:00+0000,0.683611,16402
20230103T16:00:00+0000,0.683023,16402
20230103T17:00:00+0000,0.660637,16386
20230103T18:00:00+0000,0.637019,16386
20230103T19:00:00+0000,0.578664,16386
20230103T20:00:00+0000,0.609663,16386
20230103T21:00:00+0000,0.600534,16386
20230103T22:00:00+0000,0.610415,16386
20230103T23:00:00+0000,0.620316,16386
20230104T00:00:00+0000,0.684276,16386
20230104T01:00:00+0000,0.694892,16386
20230104T02:00:00+0000,0.672707,16402
20230104T03:00:00+0000,0.649141,16402
20230104T04:00:00+0000,0.623223,16402
20230104T05:00:00+0000,0.568871,16402
20230104T06:00:00+0000,0.513348,16402
20230104T07:00:00+0000,0.468863,16402
20230104T08:00:00+0000,0.43845,16402
20230104T09:00:00+0000,0.428339,16402
20230104T10:00:00+0000,0.432657,16402
20230104T11:00:00+0000,0.435048,16402
20230104T12:00:00+0000,0.478738,16402
20230104T13:00:00+0000,0.545652,16402
20230104T14:00:00+0000,0.638092,16402
20230104T15:00:00+0000,0.710165,16402
20230104T16:00:00+0000,0.703749,16402
20230104T17:00:00+0000,0.727335,16386
20230104T18:00:00+0000,0.720444,16386
20230104T19:00:00+0000,0.711275,16386
20230104T20:00:00+0000,0.710936,16386
20230104T21:00:00+0000,0.716746,16386
20230104T22:00:00+0000,0.717403,16386
20230104T23:00:00+0000,0.734408,16386
20230105T00:00:00+0000,0.747988,16386
20230105T01:00:00+0000,0.75527,16386
20230105T02:00:00+0000,0.742722,16402
20230105T03:00:00+0000,0.712358,16402
20230105T04:00:00+0000,0.677087,16402
20230105T05:00:00+0000,0.61996,16402
20230105T06:00:00+0000,0.543477,16402
20230105T07:00:00+0000,0.488809,16402
20230105T08:00:00+0000,0.463557,16402
20230105T09:00:00+0000,0.456281,16402
20230105T10:00:00+0000,0.441655,16402
20230105T11:00:00+0000,0.442663,16402
20230105T12:00:00+0000,0.458816,16402
20230105T13:00:00+0000,0.536027,16402
20230105T14:00:00+0000,0.623175,16402
20230105T15:00:00+0000,0.656758,16402
20230105T16:00:00+0000,0.628719,16402
20230105T17:00:00+0000,0.616649,16386
20230105T18:00:00+0000,0.606327,16386
20230105T19:00:00+0000,0.581022,16386
20230105T20:00:00+0000,0.576481,16386
20230105T21:00:00+0000,0.548253,16386
20230105T22:00:00+0000,0.562854,16386
20230105T23:00:00+0000,0.584163,16386
20230106T00:00:00+0000,0.602441,16386
20230106T01:00:00+0000,0.616302,16386
20230106T02:00:00+0000,0.612186,16402
20230106T03:00:00+0000,0.606274,16402
20230106T04:00:00+0000,0.579237,16402
20230106T05:00:00+0000,0.531851,16402
20230106T06:00:00+0000,0.473144,16402
20230106T07:00:00+0000,0.436198,16402
20230106T08:00:00+0000,0.402472,16402
20230106T09:00:00+0000,0.396422,16402
20230106T10:00:00+0000,0.405825,16402
20230106T11:00:00+0000,0.410943,16402
20230106T12:00:00+0000,0.434063,16402
20230106T13:00:00+0000,0.50444,16402
20230106T14:00:00+0000,0.587336,16402
20230106T15:00:00+0000,0.634247,16402
20230106T16:00:00+0000,0.61656,16402
20230106T17:00:00+0000,0.610214,16386
20230106T18:00:00+0000,0.564673,16386
20230106T19:00:00+0000,0.526119,16386
20230106T20:00:00+0000,0.554978,16386
20230106T21:00:00+0000,0.565286,16386
20230106T22:00:00+0000,0.561609,16386
20230106T23:00:00+0000,0.580812,16386
20230107T00:00:00+0000,0.614164,16386
20230107T01:00:00+0000,0.612201,16386
20230107T02:00:00+0000,0.584079,16402
20230107T03:00:00+0000,0.568654,16402
20230107T04:00:00+0000,0.540077,16402
20230107T05:00:00+0000,0.502401,16402
20230107T06:00:00+0000,0.46522,16402
20230107T07:00:00+0000,0.426298,16402
20230107T08:00:00+0000,0.40173,16402
20230107T09:00:00+0000,0.381211,16402
20230107T10:00:00+0000,0.374389,16402
20230107T11:00:00+0000,0.373418,16402
20230107T12:00:00+0000,0.395976,16402
20230107T13:00:00+0000,0.426969,16402
20230107T14:00:00+0000,0.458994,16402
20230107T15:00:00+0000,0.514085,16402
20230107T16:00:00+0000,0.558205,16402
20230107T17:00:00+0000,0.580132,16386
20230107T18:00:00+0000,0.582457,16386
20230107T19:00:00+0000,0.573294,16386
20230107T20:00:00+0000,0.561516,16386
20230107T21:00:00+0000,0.543512,16386
20230107T22:00:00+0000,0.510515,16386
20230107T23:00:00+0000,0.503406,16386
20230108T00:00:00+0000,0.550289,16386
20230108T01:00:00+0000,0.592431,16386
20230108T02:00:00+0000,0.580412,16402
20230108T03:00:00+0000,0.557066,16402
20230108T04:00:00+0000,0.552657,16402
20230108T05:00:00+0000,0.519421,16402
20230108T06:00:00+0000,0.476839,16402
20230108T07:00:00+0000,0.438992,16402
20230108T08:00:00+0000,0.413734,16402
20230108T09:00:00+0000,0.399389,16402
20230108T10:00:00+0000,0.394858,16402
20230108T11:00:00+0000,0.387615,16402
20230108T12:00:00+0000,0.409701,16402
20230108T13:00:00+0000,0.436323,16402
20230108T14:00:00+0000,0.46108,16402
20230108T15:00:00+0000,0.503335,16402
20230108T16:00:00+0000,0.546022,16402
20230108T17:00:00+0000,0.585295,16386
20230108T18:00:00+0000,0.563071,16386
20230108T19:00:00+0000,0.555636,16386
20230108T20:00:00+0000,0.593946,16386
20230108T21:00:00+0000,0.592533,16386
20230108T22:00:00+0000,0.598034,16386
20230108T23:00:00+0000,0.622855,16386
20230109T00:00:00+0000,0.631684,16386
20230109T01:00:00+0000,0.658033,16386
20230109T02:00:00+0000,0.66026,16402
20230109T03:00:00+0000,0.628477,16402
20230109T04:00:00+0000,0.604923,16402
20230109T05:00:00+0000,0.555198,16402
20230109T06:00:00+0000,0.493062,16402
20230109T07:00:00+0000,0.456485,16402
20230109T08:00:00+0000,0.429581,16402
20230109T09:00:00+0000,0.418585,16402
20230109T10:00:00+0000,0.421332,16402
20230109T11:00:00+0000,0.43046,16402
20230109T12:00:00+0000,0.453062,16402
20230109T13:00:00+0000,0.527738,16402
20230109T14:00:00+0000,0.61187,16402
20230109T15:00:00+0000,0.651184,16402
20230109T16:00:00+0000,0.658425,16402
20230109T17:00:00+0000,0.641585,16386
20230109T18:00:00+0000,0.579625,16386
20230109T19:00:00+0000,0.61785,16386
20230109T20:00:00+0000,0.584891,16386
20230109T21:00:00+0000,0.560618,16386
20230109T22:00:00+0000,0.539751,16386
20230109T23:00:00+0000,0.594074,16386
20230110T00:00:00+0000,0.647823,16386
20230110T01:00:00+0000,0.650093,16386
20230110T02:00:00+0000,0.646649,16402
20230110T03:00:00+0000,0.619237,16402
20230110T04:00:00+0000,0.599948,16402
20230110T05:00:00+0000,0.546056,16402
20230110T06:00:00+0000,0.486195,16402
20230110T07:00:00+0000,0.43515,16402
20230110T08:00:00+0000,0.420804,16402
20230110T09:00:00+0000,0.42136,16402
20230110T10:00:00+0000,0.424256,16402
20230110T11:00:00+0000,0.423872,16402
20230110T12:00:00+0000,0.462303,16402
20230110T13:00:00+0000,0.532807,16402
20230110T14:00:00+0000,0.635269,16402
20230110T15:00:00+0000,0.698904,16402
20230110T16:00:00+0000,0.689723,16402
20230110T17:00:00+0000,0.671681,16386
20230110T18:00:00+0000,0.634663,16386
20230110T19:00:00+0000,0.620464,16386
20230110T20:00:00+0000,0.644234,16386
20230110T21:00:00+0000,0.611572,16386
20230110T22:00:00+0000,0.609742,16386
20230110T23:00:00+0000,0.616221,16386
20230111T00:00:00+0000,0.628632,16386
20230111T01:00:00+0000,0.656604,16386
20230111T02:00:00+0000,0.655321,16402
20230111T03:00:00+0000,0.631679,16402
20230111T04:00:00+0000,0.595897,16402
20230111T05:00:00+0000,0.551382,16402
20230111T06:00:00+0000,0.482356,16402
20230111T07:00:00+0000,0.434319,16402
20230111T08:00:00+0000,0.414175,16402
20230111T09:00:00+0000,0.413617,16402
20230111T10:00:00+0000,0.410434,16402
20230111T11:00:00+0000,0.40955,16402
20230111T12:00:00+0000,0.432007,16402
20230111T13:00:00+0000,0.509368,16402
20230111T14:00:00+0000,0.577381,16402
20230111T15:00:00+0000,0.625294,16402
20230111T16:00:00+0000,0.611563,16402
20230111T17:00:00+0000,0.590054,16386
20230111T18:00:00+0000,0.580586,16386
20230111T19:00:00+0000,0.592365,16386
20230111T20:00:00+0000,0.610084,16386
20230111T21:00:00+0000,0.601444,16386
20230111T22:00:00+0000,0.593491,16386
20230111T23:00:00+0000,0.61459,16386
20230112T00:00:00+0000,0.649033,16386
20230112T01:00:00+0000,0.674005,16386
20230112T02:00:00+0000,0.674118,16402
20230112T03:00:00+0000,0.655024,16402
20230112T04:00:00+0000,0.623936,16402
20230112T05:00:00+0000,0.560409,16402
20230112T06:00:00+0000,0.487361,16402
20230112T07:00:00+0000,0.437868,16402
20230112T08:00:00+0000,0.423219,16402
20230112T09:00:00+0000,0.411822,16402
20230112T10:00:00+0000,0.400154,16402
20230112T11:00:00+0000,0.409419,16402
20230112T12:00:00+0000,0.426586,16402
20230112T13:00:00+0000,0.484299,16402
20230112T14:00:00+0000,0.574235,16402
20230112T15:00:00+0000,0.618342,16402
20230112T16:00:00+0000,0.605293,16402
20230112T17:00:00+0000,0.593674,16386
20230112T18:00:00+0000,0.586809,16386
20230112T19:00:00+0000,0.585926,16386
20230112T20:00:00+0000,0.541815,16386
20230112T21:00:00+0000,0.529976,16386
20230112T22:00:00+0000,0.537364,16386
20230112T23:00:00+0000,0.543386,16386
20230113T00:00:00+0000,0.576722,16386
20230113T01:00:00+0000,0.596732,16386
20230113T02:00:00+0000,0.58466,16402
20230113T03:00:00+0000,0.558949,16402
20230113T04:00:00+0000,0.538012,16402
20230113T05:00:00+0000,0.493033,16402
20230113T06:00:00+0000,0.440928,16402
20230113T07:00:00+0000,0.389207,16402
20230113T08:00:00+0000,0.367643,16402
20230113T09:00:00+0000,0.363619,16402
20230113T10:00:00+0000,0.370819,16402
20230113T11:00:00+0000,0.362006,16402
20230113T12:00:00+0000,0.382596,16402
20230113T13:00:00+0000,0.427424,16402
20230113T14:00:00+0000,0.494057,16402
20230113T15:00:00+0000,0.531282,16402
20230113T16:00:00+0000,0.547973,16402
20230113T17:00:00+0000,0.555484,16386
20230113T18:00:00+0000,0.554569,16386
20230113T19:00:00+0000,0.554665,16386
20230113T20:00:00+0000,0.538621,16386
20230113T21:00:00+0000,0.503632,16386
20230113T22:00:00+0000,0.518684,16386
20230113T23:00:00+0000,0.531596,16386
20230114T00:00:00+0000,0.546529,16386
20230114T01:00:00+0000,0.577887,16386
20230114T02:00:00+0000,0.5567,16402
20230114T03:00:00+0000,0.545158,16402
20230114T04:00:00+0000,0.519303,16402
20230114T05:00:00+0000,0.494561,16402
20230114T06:00:00+0000,0.456109,16402
20230114T07:00:00+0000,0.405769,16402
20230114T08:00:00+0000,0.373969,16402
20230114T09:00:00+0000,0.359464,16402
20230114T10:00:00+0000,0.359667,16402
20230114T11:00:00+0000,0.358352,16402
20230114T12:00:00+0000,0.382815,16402
20230114T13:00:00+0000,0.41324,16402
20230114T14:00:00+0000,0.448961,16402
20230114T15:00:00+0000,0.487206,16402
20230114T16:00:00+0000,0.544007,16402
20230114T17:00:00+0000,0.57615,16386
20230114T18:00:00+0000,0.594586,16386
20230114T19:00:00+0000,0.591865,16386
20230114T20:00:00+0000,0.602278,16386
20230114T21:00:00+0000,0.558861,16386
20230114T22:00:00+0000,0.537026,16386
20230114T23:00:00+0000,0.542145,16386
20230115T00:00:00+0000,0.567496,16386
20230115T01:00:00+0000,0.600963,16386
20230115T02:00:00+0000,0.572301,16402
20230115T03:00:00+0000,0.548776,16402
20230115T04:00:00+0000,0.53824,16402
20230115T05:00:00+0000,0.507467,16402
20230115T06:00:00+0000,0.480305,16402
20230115T07:00:00+0000,0.44256,16402
20230115T08:00:00+0000,0.426858,16402
20230115T09:00:00+0000,0.412727,16402
20230115T10:00:00+0000,0.398806,16402
20230115T11:00:00+0000,0.399741,16402
20230115T12:00:00+0000,0.410739,16402
20230115T13:00:00+0000,0.44205,16402
20230115T14:00:00+0000,0.483334,16402
20230115T15:00:00+0000,0.521242,16402
20230115T16:00:00+0000,0.574792,16402
20230115T17:00:00+0000,0.619262,16386
20230115T18:00:00+0000,0.633273,16386
20230115T19:00:00+0000,0.629307,16386
20230115T20:00:00+0000,0.623053,16386
20230115T21:00:00+0000,0.647816,16386
20230115T22:00:00+0000,0.633284,16386
20230115T23:00:00+0000,0.62536,16386
20230116T00:00:00+0000,0.628635,16386
20230116T01:00:00+0000,0.66583,16386
20230116T02:00:00+0000,0.647157,16402
20230116T03:00:00+0000,0.614842,16402
20230116T04:00:00+0000,0.595703,16402
20230116T05:00:00+0000,0.560451,16402
20230116T06:00:00+0000,0.506913,16402
20230116T07:00:00+0000,0.449056,16402
20230116T08:00:00+0000,0.427397,16402
20230116T09:00:00+0000,0.422057,16402
20230116T10:00:00+0000,0.417481,16402
20230116T11:00:00+0000,0.434253,16402
20230116T12:00:00+0000,0.462505,16402
20230116T13:00:00+0000,0.538719,16402
20230116T14:00:00+0000,0.592722,16402
20230116T15:00:00+0000,0.653017,16402
20230116T16:00:00+0000,0.671105,16402
20230116T17:00:00+0000,0.661164,16386
20230116T18:00:00+0000,0.64284,16386
20230116T19:00:00+0000,0.629242,16386
20230116T20:00:00+0000,0.593312,16386
20230116T21:00:00+0000,0.479483,16386
20230116T22:00:00+0000,0.491793,16386
20230116T23:00:00+0000,0.581497,16386
20230117T00:00:00+0000,0.625772,16386
20230117T01:00:00+0000,0.647998,16386
20230117T02:00:00+0000,0.641239,16402
20230117T03:00:00+0000,0.637895,16402
20230117T04:00:00+0000,0.606721,16402
20230117T05:00:00+0000,0.552992,16402
20230117T06:00:00+0000,0.485299,16402
20230117T07:00:00+0000,0.441224,16402
20230117T08:00:00+0000,0.417699,16402
20230117T09:00:00+0000,0.406294,16402
20230117T10:00:00+0000,0.409459,16402
20230117T11:00:00+0000,0.420411,16402
20230117T12:00:00+0000,0.442251,16402
20230117T13:00:00+0000,0.515002,16402
20230117T14:00:00+0000,0.601982,16402
20230117T15:00:00+0000,0.656337,16402
20230117T16:00:00+0000,0.643602,16402
20230117T17:00:00+0000,0.613653,16386
20230117T18:00:00+0000,0.572435,16386
20230117T19:00:00+0000,0.574831,16386
20230117T20:00:00+0000,0.56621,16386
20230117T21:00:00+0000,0.54793,16386
20230117T22:00:00+0000,0.56334,16386
20230117T23:00:00+0000,0.591516,16386
20230118T00:00:00+0000,0.634186,16386
20230118T01:00:00+0000,0.657558,16386
20230118T02:00:00+0000,0.651851,16402
20230118T03:00:00+0000,0.62283,16402
20230118T04:00:00+0000,0.599789,16402
20230118T05:00:00+0000,0.54831,16402
20230118T06:00:00+0000,0.494895,16402
20230118T07:00:00+0000,0.435466,16402
20230118T08:00:00+0000,0.412496,16402
20230118T09:00:00+0000,0.416192,16402
20230118T10:00:00+0000,0.413443,16402
20230118T11:00:00+0000,0.424002,16402
20230118T12:00:00+0000,0.447337,16402
20230118T13:00:00+0000,0.523274,16402
20230118T14:00:00+0000,0.613223,16402
20230118T15:00:00+0000,0.644507,16402
20230118T16:00:00+0000,0.639242,16402
20230118T17:00:00+0000,0.651034,16386
20230118T18:00:00+0000,0.657797,16386
20230118T19:00:00+0000,0.667811,16386
20230118T20:00:00+0000,0.648401,16386
20230118T21:00:00+0000,0.626989,16386
20230118T22:00:00+0000,0.505688,16386
20230118T23:00:00+0000,0.538695,16386
20230119T00:00:00+0000,0.613601,16386
20230119T01:00:00+0000,0.678294,16386
20230119T02:00:00+0000,0.697834,16402
20230119T03:00:00+0000,0.667404,16402
20230119T04:00:00+0000,0.645468,16402
20230119T05:00:00+0000,0.612935,16402
20230119T06:00:00+0000,0.535858,16402
20230119T07:00:00+0000,0.480389,16402
20230119T08:00:00+0000,0.463366,16402
20230119T09:00:00+0000,0.449551,16402
20230119T10:00:00+0000,0.447302,16402
20230119T11:00:00+0000,0.464089,16402
20230119T12:00:00+0000,0.495874,16402
20230119T13:00:00+0000,0.56682,16402
20230119T14:00:00+0000,0.67202,16402
20230119T15:00:00+0000,0.732032,16402
20230119T16:00:00+0000,0.715948,16402
20230119T17:00:00+0000,0.698854,16386
20230119T18:00:00+0000,0.699317,16386
20230119T19:00:00+0000,0.664926,16386
20230119T20:00:00+0000,0.646647,16386
20230119T21:00:00+0000,0.607827,16386
20230119T22:00:00+0000,0.53364,16386
20230119T23:00:00+0000,0.577044,16386
20230120T00:00:00+0000,0.634859,16386
20230120T01:00:00+0000,0.663822,16386
20230120T02:00:00+0000,0.66465,16402
20230120T03:00:00+0000,0.658245,16402
20230120T04:00:00+0000,0.625217,16402
20230120T05:00:00+0000,0.58886,16402
20230120T06:00:00+0000,0.534977,16402
20230120T07:00:00+0000,0.485169,16402
20230120T08:00:00+0000,0.465301,16402
20230120T09:00:00+0000,0.463698,16402
20230120T10:00:00+0000,0.464259,16402
20230120T11:00:00+0000,0.469052,16402
20230120T12:00:00+0000,0.486825,16402
20230120T13:00:00+0000,0.563012,16402
20230120T14:00:00+0000,0.657387,16402
20230120T15:00:00+0000,0.696338,16402
20230120T16:00:00+0000,0.698367,16402
20230120T17:00:00+0000,0.712198,16386
20230120T18:00:00+0000,0.698027,16386
20230120T19:00:00+0000,0.690032,16386
20230120T20:00:00+0000,0.685633,16386
20230120T21:00:00+0000,0.670946,16386
20230120T22:00:00+0000,0.650156,16386
20230120T23:00:00+0000,0.653316,16386
20230121T00:00:00+0000,0.693166,16386
20230121T01:00:00+0000,0.712244,16386
20230121T02:00:00+0000,0.696603,16402
20230121T03:00:00+0000,0.661778,16402
20230121T04:00:00+0000,0.629265,16402
20230121T05:00:00+0000,0.591165,16402
20230121T06:00:00+0000,0.550778,16402
20230121T07:00:00+0000,0.508526,16402
20230121T08:00:00+0000,0.488729,16402
20230121T09:00:00+0000,0.472178,16402
20230121T10:00:00+0000,0.474085,16402
20230121T11:00:00+0000,0.479055,16402
20230121T12:00:00+0000,0.50629,16402
20230121T13:00:00+0000,0.546364,16402
20230121T14:00:00+0000,0.587017,16402
20230121T15:00:00+0000,0.633959,16402
20230121T16:00:00+0000,0.706825,16402
20230121T17:00:00+0000,0.713609,16386
20230121T18:00:00+0000,0.718575,16386
20230121T19:00:00+0000,0.715489,16386
20230121T20:00:00+0000,0.679317,16386
20230121T21:00:00+0000,0.576937,16386
20230121T22:00:00+0000,0.575686,16386
20230121T23:00:00+0000,0.603776,16386
20230122T00:00:00+0000,0.62256,16386
20230122T01:00:00+0000,0.661749,16386
20230122T02:00:00+0000,0.667292,16402
20230122T03:00:00+0000,0.643081,16402
20230122T04:00:00+0000,0.628474,16402
20230122T05:00:00+0000,0.575791,16402
20230122T06:00:00+0000,0.546402,16402
20230122T07:00:00+0000,0.49972,16402
20230122T08:00:00+0000,0.491373,16402
20230122T09:00:00+0000,0.479939,16402
20230122T10:00:00+0000,0.477746,16402
20230122T11:00:00+0000,0.492031,16402
20230122T12:00:00+0000,0.507851,16402
20230122T13:00:00+0000,0.552083,16402
20230122T14:00:00+0000,0.608249,16402
20230122T15:00:00+0000,0.660298,16402
20230122T16:00:00+0000,0.723411,16402
20230122T17:00:00+0000,0.690446,16386
20230122T18:00:00+0000,0.63949,16386
20230122T19:00:00+0000,0.626586,16386
20230122T20:00:00+0000,0.625113,16386
20230122T21:00:00+0000,0.587817,16386
20230122T22:00:00+0000,0.5824,16386
20230122T23:00:00+0000,0.592872,16386
20230123T00:00:00+0000,0.613108,16386
20230123T01:00:00+0000,0.659481,16386
20230123T02:00:00+0000,0.669213,16402
20230123T03:00:00+0000,0.682655,16402
20230123T04:00:00+0000,0.660885,16402
20230123T05:00:00+0000,0.605594,16402
20230123T06:00:00+0000,0.515894,16402
20230123T07:00:00+0000,0.459269,16402
20230123T08:00:00+0000,0.443421,16402
20230123T09:00:00+0000,0.43222,16402
20230123T10:00:00+0000,0.430062,16402
20230123T11:00:00+0000,0.444827,16402
20230123T12:00:00+0000,0.474703,16402
20230123T13:00:00+0000,0.558974,16402
20230123T14:00:00+0000,0.659198,16402
20230123T15:00:00+0000,0.683794,16402
20230123T16:00:00+0000,0.69293,16402
20230123T17:00:00+0000,0.639838,16386
20230123T18:00:00+0000,0.574737,16386
20230123T19:00:00+0000,0.551126,16386
20230123T20:00:00+0000,0.425068,16386
20230123T21:00:00+0000,0.393489,16386
20230123T22:00:00+0000,0.406667,16386
20230123T23:00:00+0000,0.45852,16386
20230124T00:00:00+0000,0.536914,16386
20230124T01:00:00+0000,0.618755,16386
20230124T02:00:00+0000,0.652215,16402
20230124T03:00:00+0000,0.641832,16402
20230124T04:00:00+0000,0.609964,16402
20230124T05:00:00+0000,0.565658,16402
20230124T06:00:00+0000,0.506952,16402
20230124T07:00:00+0000,0.470905,16402
20230124T08:00:00+0000,0.445385,16402
20230124T09:00:00+0000,0.436137,16402
20230124T10:00:00+0000,0.442371,16402
20230124T11:00:00+0000,0.467918,16402
20230124T12:00:00+0000,0.493733,16402
20230124T13:00:00+0000,0.585381,16402
20230124T14:00:00+0000,0.684997,16402
20230124T15:00:00+0000,0.759654,16402
20230124T16:00:00+0000,0.750387,16402
20230124T17:00:00+0000,0.736884,16386
20230124T18:00:00+0000,0.705557,16386
20230124T19:00:00+0000,0.677052,16386
20230124T20:00:00+0000,0.646098,16386
20230124T21:00:00+0000,0.596917,16386
20230124T22:00:00+0000,0.584988,16386
20230124T23:00:00+0000,0.620113,16386
20230125T00:00:00+0000,0.646145,16386
20230125T01:00:00+0000,0.683778,16386
20230125T02:00:00+0000,0.706428,16402
20230125T03:00:00+0000,0.683093,16402
20230125T04:00:00+0000,0.673253,16402
20230125T05:00:00+0000,0.620375,16402
20230125T06:00:00+0000,0.559041,16402
20230125T07:00:00+0000,0.517791,16402
20230125T08:00:00+0000,0.506852,16402
20230125T09:00:00+0000,0.504786,16402
20230125T10:00:00+0000,0.521129,16402
20230125T11:00:00+0000,0.52368,16402
20230125T12:00:00+0000,0.553088,16402
20230125T13:00:00+0000,0.611921,16402
20230125T14:00:00+0000,0.705158,16402
20230125T15:00:00+0000,0.742693,16402
20230125T16:00:00+0000,0.724855,16402
20230125T17:00:00+0000,0.729398,16386
20230125T18:00:00+0000,0.695604,16386
20230125T19:00:00+0000,0.666997,16386
20230125T20:00:00+0000,0.615859,16386
20230125T21:00:00+0000,0.594264,16386
20230125T22:00:00+0000,0.583435,16386
20230125T23:00:00+0000,0.605647,16386
20230126T00:00:00+0000,0.641259,16386
20230126T01:00:00+0000,0.665297,16386
20230126T02:00:00+0000,0.671808,16402
20230126T03:00:00+0000,0.647245,16402
20230126T04:00:00+0000,0.619408,16402
20230126T05:00:00+0000,0.568047,16402
20230126T06:00:00+0000,0.501925,16402
20230126T07:00:00+0000,0.445034,16402
20230126T08:00:00+0000,0.428162,16402
20230126T09:00:00+0000,0.41522,16402
20230126T10:00:00+0000,0.415956,16402
20230126T11:00:00+0000,0.427121,16402
20230126T12:00:00+0000,0.458027,16402
20230126T13:00:00+0000,0.524696,16402
20230126T14:00:00+0000,0.597841,16402
20230126T15:00:00+0000,0.638491,16402
20230126T16:00:00+0000,0.644199,16402
20230126T17:00:00+0000,0.650575,16386
20230126T18:00:00+0000,0.631755,16386
20230126T19:00:00+0000,0.62626,16386
20230126T20:00:00+0000,0.613662,16386
20230126T21:00:00+0000,0.59081,16386
20230126T22:00:00+0000,0.602105,16386
20230126T23:00:00+0000,0.60941,16386
20230127T00:00:00+0000,0.626731,16386
20230127T01:00:00+0000,0.652837,16386
20230127T02:00:00+0000,0.645718,16402
20230127T03:00:00+0000,0.622942,16402
20230127T04:00:00+0000,0.592132,16402
20230127T05:00:00+0000,0.547148,16402
20230127T06:00:00+0000,0.483127,16402
20230127T07:00:00+0000,0.451487,16402
20230127T08:00:00+0000,0.439768,16402
20230127T09:00:00+0000,0.426794,16402
20230127T10:00:00+0000,0.434279,16402
20230127T11:00:00+0000,0.445678,16402
20230127T12:00:00+0000,0.474999,16402
20230127T13:00:00+0000,0.530264,16402
20230127T14:00:00+0000,0.594261,16402
20230127T15:00:00+0000,0.616345,16402
20230127T16:00:00+0000,0.623631,16402
20230127T17:00:00+0000,0.595993,16386
20230127T18:00:00+0000,0.557464,16386
20230127T19:00:00+0000,0.467083,16386
20230127T20:00:00+0000,0.361509,16386
20230127T21:00:00+0000,0.414789,16386
20230127T22:00:00+0000,0.413324,16386
20230127T23:00:00+0000,0.433193,16386
20230128T00:00:00+0000,0.507826,16386
20230128T01:00:00+0000,0.552875,16386
20230128T02:00:00+0000,0.574944,16402
20230128T03:00:00+0000,0.567608,16402
20230128T04:00:00+0000,0.561468,16402
20230128T05:00:00+0000,0.53897,16402
20230128T06:00:00+0000,0.492451,16402
20230128T07:00:00+0000,0.45598,16402
20230128T08:00:00+0000,0.44119,16402
20230128T09:00:00+0000,0.422441,16402
20230128T10:00:00+0000,0.416763,16402
20230128T11:00:00+0000,0.422174,16402
20230128T12:00:00+0000,0.43743,16402
20230128T13:00:00+0000,0.479166,16402
20230128T14:00:00+0000,0.520594,16402
20230128T15:00:00+0000,0.568118,16402
20230128T16:00:00+0000,0.608985,16402
20230128T17:00:00+0000,0.577643,16386
20230128T18:00:00+0000,0.52414,16386
20230128T19:00:00+0000,0.495295,16386
20230128T20:00:00+0000,0.482293,16386
20230128T21:00:00+0000,0.53493,16386
20230128T22:00:00+0000,0.535347,16386
20230128T23:00:00+0000,0.561826,16386
20230129T00:00:00+0000,0.584519,16386
20230129T01:00:00+0000,0.610139,16386
20230129T02:00:00+0000,0.605489,16402
20230129T03:00:00+0000,0.605628,16402
20230129T04:00:00+0000,0.597669,16402
20230129T05:00:00+0000,0.569385,16402
20230129T06:00:00+0000,0.543062,16402
20230129T07:00:00+0000,0.532121,16402
20230129T08:00:00+0000,0.518248,16402
20230129T09:00:00+0000,0.518547,16402
20230129T10:00:00+0000,0.525981,16402
20230129T11:00:00+0000,0.538975,16402
20230129T12:00:00+0000,0.577629,16402
20230129T13:00:00+0000,0.628183,16402
20230129T14:00:00+0000,0.691423,16402
20230129T15:00:00+0000,0.751243,16402
20230129T16:00:00+0000,0.791694,16402
20230129T17:00:00+0000,0.694664,16386
20230129T18:00:00+0000,0.585586,16386
20230129T19:00:00+0000,0.536495,16386
20230129T20:00:00+0000,0.504094,16386
20230129T21:00:00+0000,0.472173,16386
20230129T22:00:00+0000,0.493226,16386
20230129T23:00:00+0000,0.570068,16386
20230130T00:00:00+0000,0.691492,16386
20230130T01:00:00+0000,0.79308,16386
20230130T02:00:00+0000,0.820425,16402
20230130T03:00:00+0000,0.841728,16402
20230130T04:00:00+0000,0.833744,16402
20230130T05:00:00+0000,0.7533,16402
20230130T06:00:00+0000,0.678328,16402
20230130T07:00:00+0000,0.642953,16402
20230130T08:00:00+0000,0.633238,16402
20230130T09:00:00+0000,0.643942,16402
20230130T10:00:00+0000,0.643999,16402
20230130T11:00:00+0000,0.664252,16402
20230130T12:00:00+0000,0.715965,16402
20230130T13:00:00+0000,0.803839,16402
20230130T14:00:00+0000,0.907289,16402
20230130T15:00:00+0000,0.946168,16402
20230130T16:00:00+0000,0.900276,16402
20230130T17:00:00+0000,0.763116,16386
20230130T18:00:00+0000,0.630177,16386
20230130T19:00:00+0000,0.571363,16386
20230130T20:00:00+0000,0.536362,16386
20230130T21:00:00+0000,0.489201,16386
20230130T22:00:00+0000,0.508381,16386
20230130T23:00:00+0000,0.542898,16386
20230131T00:00:00+0000,0.644815,16386
20230131T01:00:00+0000,0.725815,16386
20230131T02:00:00+0000,0.770057,16402
20230131T03:00:00+0000,0.767503,16402
20230131T04:00:00+0000,0.757787,16402
20230131T05:00:00+0000,0.71935,16402
20230131T06:00:00+0000,0.637157,16402
20230131T07:00:00+0000,0.60056,16402
20230131T08:00:00+0000,0.584258,16402
20230131T09:00:00+0000,0.594983,16402
20230131T10:00:00+0000,0.610333,16402
20230131T11:00:00+0000,0.635358,16402
20230131T12:00:00+0000,0.674828,16402
20230131T13:00:00+0000,0.761262,16402
20230131T14:00:00+0000,0.850815,16402
20230131T15:00:00+0000,0.882171,16402
20230131T16:00:00+0000,0.864997,16402
20230131T17:00:00+0000,0.784342,16386
20230131T18:00:00+0000,0.692874,16386
20230131T19:00:00+0000,0.629379,16386
20230131T20:00:00+0000,0.57292,16386
20230131T21:00:00+0000,0.573387,16386
20230131T22:00:00+0000,0.568124,16386
20230131T23:00:00+0000,0.629178,16386
20230201T00:00:00+0000,0.679163,16386
20230201T01:00:00+0000,0.709856,16386
20230201T02:00:00+0000,0.741868,16402
20230201T03:00:00+0000,0.720057,16402
20230201T04:00:00+0000,0.702249,16402
20230201T05:00:00+0000,0.66777,16402
20230201T06:00:00+0000,0.606789,16402
20230201T07:00:00+0000,0.587502,16402
20230201T08:00:00+0000,0.580184,16402
20230201T09:00:00+0000,0.584652,16402
20230201T10:00:00+0000,0.597048,16402
20230201T11:00:00+0000,0.616973,16402
20230201T12:00:00+0000,0.645545,16402
20230201T13:00:00+0000,0.725471,16402
20230201T14:00:00+0000,0.85491,16402
20230201T15:00:00+0000,0.895778,16402
20230201T16:00:00+0000,0.832151,16402
20230201T17:00:00+0000,0.746852,16386
20230201T18:00:00+0000,0.599578,16386
20230201T19:00:00+0000,0.520551,16386
20230201T20:00:00+0000,0.50307,16386
20230201T21:00:00+0000,0.532924,16386
20230201T22:00:00+0000,0.490602,16386
20230201T23:00:00+0000,0.534434,16386
20230202T00:00:00+0000,0.627095,16386
20230202T01:00:00+0000,0.679758,16386
20230202T02:00:00+0000,0.720898,16402
20230202T03:00:00+0000,0.720583,16402
20230202T04:00:00+0000,0.704345,16402
20230202T05:00:00+0000,0.667864,16402
20230202T06:00:00+0000,0.630052,16402
20230202T07:00:00+0000,0.588554,16402
20230202T08:00:00+0000,0.575713,16402
20230202T09:00:00+0000,0.582455,16402
20230202T10:00:00+0000,0.584742,16402
20230202T11:00:00+0000,0.601594,16402
20230202T12:00:00+0000,0.648814,16402
20230202T13:00:00+0000,0.73885,16402
20230202T14:00:00+0000,0.856908,16402
20230202T15:00:00+0000,0.904275,16402
20230202T16:00:00+0000,0.878245,16402
20230202T17:00:00+0000,0.757649,16386
20230202T18:00:00+0000,0.647662,16386
20230202T19:00:00+0000,0.543597,16386
20230202T20:00:00+0000,0.573188,16386
20230202T21:00:00+0000,0.53782,16386
20230202T22:00:00+0000,0.589772,16386
20230202T23:00:00+0000,0.625157,16386
20230203T00:00:00+0000,0.640915,16386
20230203T01:00:00+0000,0.660455,16386
20230203T02:00:00+0000,0.686158,16402
20230203T03:00:00+0000,0.664754,16402
20230203T04:00:00+0000,0.618936,16402
20230203T05:00:00+0000,0.581091,16402
20230203T06:00:00+0000,0.543791,16402
20230203T07:00:00+0000,0.518412,16402
20230203T08:00:00+0000,0.510887,16402
20230203T09:00:00+0000,0.503275,16402
20230203T10:00:00+0000,0.51242,16402
20230203T11:00:00+0000,0.52059,16402
20230203T12:00:00+0000,0.541082,16402
20230203T13:00:00+0000,0.614628,16402
20230203T14:00:00+0000,0.68872,16402
20230203T15:00:00+0000,0.726093,16402
20230203T16:00:00+0000,0.732998,16402
20230203T17:00:00+0000,0.724395,16386
20230203T18:00:00+0000,0.697598,16386
20230203T19:00:00+0000,0.685104,16386
20230203T20:00:00+0000,0.627559,16386
20230203T21:00:00+0000,0.559528,16386
20230203T22:00:00+0000,0.633025,16386
20230203T23:00:00+0000,0.608458,16386
20230204T00:00:00+0000,0.624068,16386
20230204T01:00:00+0000,0.634669,16386
20230204T02:00:00+0000,0.624596,16402
20230204T03:00:00+0000,0.604612,16402
20230204T04:00:00+0000,0.577814,16402
20230204T05:00:00+0000,0.535039,16402
20230204T06:00:00+0000,0.485988,16402
20230204T07:00:00+0000,0.442817,16402
20230204T08:00:00+0000,0.42341,16402
20230204T09:00:00+0000,0.406176,16402
20230204T10:00:00+0000,0.397535,16402
20230204T11:00:00+0000,0.398969,16402
20230204T12:00:00+0000,0.416834,16402
20230204T13:00:00+0000,0.443382,16402
20230204T14:00:00+0000,0.482002,16402
20230204T15:00:00+0000,0.525858,16402
20230204T16:00:00+0000,0.575636,16386
20230204T17:00:00+0000,0.597548,16386
20230204T18:00:00+0000,0.5929,16386
20230204T19:00:00+0000,0.583651,16386
20230204T20:00:00+0000,0.529565,16386
20230204T21:00:00+0000,0.560623,16386
20230204T22:00:00+0000,0.5547,16386
20230204T23:00:00+0000,0.564598,16386
20230205T00:00:00+0000,0.57705,16386
20230205T01:00:00+0000,0.595443,16386
20230205T02:00:00+0000,0.587725,16402
20230205T03:00:00+0000,0.566029,16402
20230205T04:00:00+0000,0.547059,16402
20230205T05:00:00+0000,0.531306,16402
20230205T06:00:00+0000,0.50751,16402
20230205T07:00:00+0000,0.455682,16402
20230205T08:00:00+0000,0.421835,16402
20230205T09:00:00+0000,0.402349,16402
20230205T10:00:00+0000,0.404189,16402
20230205T11:00:00+0000,0.393787,16402
20230205T12:00:00+0000,0.413906,16402
20230205T13:00:00+0000,0.448892,16402
20230205T14:00:00+0000,0.484105,16402
20230205T15:00:00+0000,0.543385,16402
20230205T16:00:00+0000,0.588531,16386
20230205T17:00:00+0000,0.551584,16386
20230205T18:00:00+0000,0.518884,16386
20230205T19:00:00+0000,0.560492,16386
20230205T20:00:00+0000,0.575272,16386
20230205T21:00:00+0000,0.59194,16386
20230205T22:00:00+0000,0.609179,16386
20230205T23:00:00+0000,0.597224,16386
20230206T00:00:00+0000,0.58288,16386
20230206T01:00:00+0000,0.634004,16386
20230206T02:00:00+0000,0.666205,16402
20230206T03:00:00+0000,0.665187,16402
20230206T04:00:00+0000,0.63387,16402
20230206T05:00:00+0000,0.587892,16402
20230206T06:00:00+0000,0.527495,16402
20230206T07:00:00+0000,0.477032,16402
20230206T08:00:00+0000,0.459481,16402
20230206T09:00:00+0000,0.448526,16402
20230206T10:00:00+0000,0.443656,16402
20230206T11:00:00+0000,0.440746,16402
20230206T12:00:00+0000,0.480178,16402
20230206T13:00:00+0000,0.545917,16402
20230206T14:00:00+0000,0.632414,16402
20230206T15:00:00+0000,0.66932,16402
20230206T16:00:00+0000,0.664975,16386
20230206T17:00:00+0000,0.6429,16386
20230206T18:00:00+0000,0.574504,16386
20230206T19:00:00+0000,0.509561,16386
20230206T20:00:00+0000,0.549675,16386
20230206T21:00:00+0000,0.581738,16386
20230206T22:00:00+0000,0.596924,16386
20230206T23:00:00+0000,0.593715,16386
20230207T00:00:00+0000,0.614879,16386
20230207T01:00:00+0000,0.633154,16386
20230207T02:00:00+0000,0.645637,16402
20230207T03:00:00+0000,0.627662,16402
20230207T04:00:00+0000,0.600188,16402
20230207T05:00:00+0000,0.552419,16402
20230207T06:00:00+0000,0.485037,16402
20230207T07:00:00+0000,0.432168,16402
20230207T08:00:00+0000,0.410466,16402
20230207T09:00:00+0000,0.408066,16402
20230207T10:00:00+0000,0.418255,16402
20230207T11:00:00+0000,0.428248,16402
20230207T12:00:00+0000,0.459171,16402
20230207T13:00:00+0000,0.541908,16402
20230207T14:00:00+0000,0.623878,16402
20230207T15:00:00+0000,0.665413,16402
20230207T16:00:00+0000,0.653884,16386
20230207T17:00:00+0000,0.643948,16386
20230207T18:00:00+0000,0.633774,16386
20230207T19:00:00+0000,0.636476,16386
20230207T20:00:00+0000,0.623295,16386
20230207T21:00:00+0000,0.606277,16386
20230207T22:00:00+0000,0.577193,16386
20230207T23:00:00+0000,0.545815,16386
20230208T00:00:00+0000,0.576556,16386
20230208T01:00:00+0000,0.610461,16386
20230208T02:00:00+0000,0.635962,16402
20230208T03:00:00+0000,0.625969,16402
20230208T04:00:00+0000,0.609549,16402
20230208T05:00:00+0000,0.577246,16402
20230208T06:00:00+0000,0.525178,16402
20230208T07:00:00+0000,0.484862,16402
20230208T08:00:00+0000,0.460391,16402
20230208T09:00:00+0000,0.456944,16402
20230208T10:00:00+0000,0.460594,16402
20230208T11:00:00+0000,0.458175,16402
20230208T12:00:00+0000,0.496206,16402
20230208T13:00:00+0000,0.58259,16402
20230208T14:00:00+0000,0.671215,16402
20230208T15:00:00+0000,0.722645,16402
20230208T16:00:00+0000,0.706065,16386
20230208T17:00:00+0000,0.67421,16386
20230208T18:00:00+0000,0.652959,16386
20230208T19:00:00+0000,0.61158,16386
20230208T20:00:00+0000,0.523231,16386
20230208T21:00:00+0000,0.508386,16386
20230208T22:00:00+0000,0.494484,16386
20230208T23:00:00+0000,0.477186,16386
20230209T00:00:00+0000,0.550001,16386
20230209T01:00:00+0000,0.61501,16386
20230209T02:00:00+0000,0.650929,16402
20230209T03:00:00+0000,0.623435,16402
20230209T04:00:00+0000,0.598314,16402
20230209T05:00:00+0000,0.572732,16402
20230209T06:00:00+0000,0.525591,16402
20230209T07:00:00+0000,0.491367,16402
20230209T08:00:00+0000,0.48128,16402
20230209T09:00:00+0000,0.481531,16402
20230209T10:00:00+0000,0.48975,16402
20230209T11:00:00+0000,0.51164,16402
20230209T12:00:00+0000,0.537349,16402
20230209T13:00:00+0000,0.620527,16402
20230209T14:00:00+0000,0.71842,16402
20230209T15:00:00+0000,0.765312,16402
20230209T16:00:00+0000,0.676164,16386
20230209T17:00:00+0000,0.608662,16386
20230209T18:00:00+0000,0.532275,16386
20230209T19:00:00+0000,0.414581,16386
20230209T20:00:00+0000,0.365287,16386
20230209T21:00:00+0000,0.345952,16386
20230209T22:00:00+0000,0.361329,16386
20230209T23:00:00+0000,0.435893,16386
20230210T00:00:00+0000,0.480943,16386
20230210T01:00:00+0000,0.546831,16386
20230210T02:00:00+0000,0.594254,16386
20230210T03:00:00+0000,0.580944,16402
20230210T04:00:00+0000,0.549634,16402
20230210T05:00:00+0000,0.507521,16402
20230210T06:00:00+0000,0.463769,16402
20230210T07:00:00+0000,0.419066,16402
20230210T08:00:00+0000,0.398227,16402
20230210T09:00:00+0000,0.383068,16402
20230210T10:00:00+0000,0.381476,16402
20230210T11:00:00+0000,0.389847,16402
20230210T12:00:00+0000,0.411639,16402
20230210T13:00:00+0000,0.463285,16402
20230210T14:00:00+0000,0.535166,16402
20230210T15:00:00+0000,0.561782,16402
20230210T16:00:00+0000,0.575006,16386
20230210T17:00:00+0000,0.576222,16386
20230210T18:00:00+0000,0.580871,16386
20230210T19:00:00+0000,0.524769,16386
20230210T20:00:00+0000,0.479846,16386
20230210T21:00:00+0000,0.379273,16386
20230210T22:00:00+0000,0.350274,16386
20230210T23:00:00+0000,0.388744,16386
20230211T00:00:00+0000,0.464214,16386
20230211T01:00:00+0000,0.52681,16386
20230211T02:00:00+0000,0.547879,16386
20230211T03:00:00+0000,0.546558,16402
20230211T04:00:00+0000,0.538137,16402
20230211T05:00:00+0000,0.509761,16402
20230211T06:00:00+0000,0.466426,16402
20230211T07:00:00+0000,0.446072,16402
20230211T08:00:00+0000,0.425141,16402
20230211T09:00:00+0000,0.42983,16402
20230211T10:00:00+0000,0.439175,16402
20230211T11:00:00+0000,0.453939,16402
20230211T12:00:00+0000,0.491293,16402
20230211T13:00:00+0000,0.546033,16402
20230211T14:00:00+0000,0.611689,16402
20230211T15:00:00+0000,0.677168,16402
20230211T16:00:00+0000,0.684084,16386
20230211T17:00:00+0000,0.582107,16386
20230211T18:00:00+0000,0.487202,16386
20230211T19:00:00+0000,0.450827,16386
20230211T20:00:00+0000,0.359311,16386
20230211T21:00:00+0000,0.326498,16386
20230211T22:00:00+0000,0.3531,16386
20230211T23:00:00+0000,0.444771,16386
20230212T00:00:00+0000,0.489153,16386
20230212T01:00:00+0000,0.552279,16386
20230212T02:00:00+0000,0.582077,16386
20230212T03:00:00+0000,0.586076,16402
20230212T04:00:00+0000,0.585498,16402
20230212T05:00:00+0000,0.556549,16402
20230212T06:00:00+0000,0.536787,16402
20230212T07:00:00+0000,0.525463,16402
20230212T08:00:00+0000,0.489413,16402
20230212T09:00:00+0000,0.500021,16402
20230212T10:00:00+0000,0.50089,16402
20230212T11:00:00+0000,0.507236,16402
20230212T12:00:00+0000,0.527823,16402
20230212T13:00:00+0000,0.58619,16402
20230212T14:00:00+0000,0.640065,16402
20230212T15:00:00+0000,0.692693,16402
20230212T16:00:00+0000,0.715974,16386
20230212T17:00:00+0000,0.719608,16386
20230212T18:00:00+0000,0.695055,16386
20230212T19:00:00+0000,0.663483,16386
20230212T20:00:00+0000,0.644151,16386
20230212T21:00:00+0000,0.577946,16386
20230212T22:00:00+0000,0.484335,16386
20230212T23:00:00+0000,0.50478,16386
20230213T00:00:00+0000,0.533309,16386
20230213T01:00:00+0000,0.602083,16386
20230213T02:00:00+0000,0.639262,16386
20230213T03:00:00+0000,0.655334,16402
20230213T04:00:00+0000,0.640419,16402
20230213T05:00:00+0000,0.59639,16402
20230213T06:00:00+0000,0.524181,16402
20230213T07:00:00+0000,0.466622,16402
20230213T08:00:00+0000,0.443405,16402
20230213T09:00:00+0000,0.434077,16402
20230213T10:00:00+0000,0.429764,16402
20230213T11:00:00+0000,0.438621,16402
20230213T12:00:00+0000,0.470539,16402
20230213T13:00:00+0000,0.538669,16402
20230213T14:00:00+0000,0.631496,16402
20230213T15:00:00+0000,0.67137,16402
20230213T16:00:00+0000,0.668158,16386
20230213T17:00:00+0000,0.631367,16386
20230213T18:00:00+0000,0.575668,16386
20230213T19:00:00+0000,0.524747,16386
20230213T20:00:00+0000,0.569087,16386
20230213T21:00:00+0000,0.512373,16386
20230213T22:00:00+0000,0.578797,16386
20230213T23:00:00+0000,0.582202,16386
20230214T00:00:00+0000,0.657486,16386
20230214T01:00:00+0000,0.700744,16386
20230214T02:00:00+0000,0.728695,16386
20230214T03:00:00+0000,0.702196,16402
20230214T04:00:00+0000,0.667593,16402
20230214T05:00:00+0000,0.619664,16402
20230214T06:00:00+0000,0.558024,16402
20230214T07:00:00+0000,0.531219,16402
20230214T08:00:00+0000,0.508616,16402
20230214T09:00:00+0000,0.50306,16402
20230214T10:00:00+0000,0.516319,16402
20230214T11:00:00+0000,0.535637,16402
20230214T12:00:00+0000,0.567164,16402
20230214T13:00:00+0000,0.650961,16402
20230214T14:00:00+0000,0.744163,16402
20230214T15:00:00+0000,0.769575,16402
20230214T16:00:00+0000,0.742584,16386
20230214T17:00:00+0000,0.686919,16386
20230214T18:00:00+0000,0.622699,16386
20230214T19:00:00+0000,0.563655,16386
20230214T20:00:00+0000,0.56699,16386
20230214T21:00:00+0000,0.529682,16386
20230214T22:00:00+0000,0.463769,16386
20230214T23:00:00+0000,0.502674,16386
20230215T00:00:00+0000,0.556155,16386
20230215T01:00:00+0000,0.620101,16386
20230215T02:00:00+0000,0.673716,16386
20230215T03:00:00+0000,0.669237,16402
20230215T04:00:00+0000,0.650422,16402
20230215T05:00:00+0000,0.628461,16402
20230215T06:00:00+0000,0.59133,16402
20230215T07:00:00+0000,0.56378,16402
20230215T08:00:00+0000,0.56212,16402
20230215T09:00:00+0000,0.562746,16402
20230215T10:00:00+0000,0.570282,16402
20230215T11:00:00+0000,0.605912,16402
20230215T12:00:00+0000,0.644354,16402
20230215T13:00:00+0000,0.726166,16402
20230215T14:00:00+0000,0.844109,16402
20230215T15:00:00+0000,0.886771,16402
20230215T16:00:00+0000,0.870818,16386
20230215T17:00:00+0000,0.801623,16386
20230215T18:00:00+0000,0.729864,16386
20230215T19:00:00+0000,0.66486,16386
20230215T20:00:00+0000,0.496971,16386
20230215T21:00:00+0000,0.442927,16386
20230215T22:00:00+0000,0.437521,16386
20230215T23:00:00+0000,0.483136,16386
20230216T00:00:00+0000,0.561086,16386
20230216T01:00:00+0000,0.644447,16386
20230216T02:00:00+0000,0.693813,16386
20230216T03:00:00+0000,0.688055,16402
20230216T04:00:00+0000,0.681691,16402
20230216T05:00:00+0000,0.68768,16402
20230216T06:00:00+0000,0.62723,16402
20230216T07:00:00+0000,0.592788,16402
20230216T08:00:00+0000,0.565621,16402
20230216T09:00:00+0000,0.565524,16402
20230216T10:00:00+0000,0.574632,16402
20230216T11:00:00+0000,0.594132,16402
20230216T12:00:00+0000,0.622654,16402
20230216T13:00:00+0000,0.694291,16402
20230216T14:00:00+0000,0.815248,16402
20230216T15:00:00+0000,0.851366,16402
20230216T16:00:00+0000,0.82294,16386
20230216T17:00:00+0000,0.753318,16386
20230216T18:00:00+0000,0.71682,16386
20230216T19:00:00+0000,0.69333,16386
20230216T20:00:00+0000,0.651126,16386
20230216T21:00:00+0000,0.621446,16386
20230216T22:00:00+0000,0.581464,16386
20230216T23:00:00+0000,0.589618,16386
20230217T00:00:00+0000,0.602828,16386
20230217T01:00:00+0000,0.653782,16386
20230217T02:00:00+0000,0.700541,16386
20230217T03:00:00+0000,0.694328,16402
20230217T04:00:00+0000,0.662767,16402
20230217T05:00:00+0000,0.616688,16402
20230217T06:00:00+0000,0.551436,16402
20230217T07:00:00+0000,0.51056,16402
20230217T08:00:00+0000,0.488707,16402
20230217T09:00:00+0000,0.48201,16402
20230217T10:00:00+0000,0.490881,16402
20230217T11:00:00+0000,0.495976,16402
20230217T12:00:00+0000,0.532261,16402
20230217T13:00:00+0000,0.600309,16402
20230217T14:00:00+0000,0.658008,16402
20230217T15:00:00+0000,0.704516,16402
20230217T16:00:00+0000,0.714833,16386
20230217T17:00:00+0000,0.705136,16386
20230217T18:00:00+0000,0.620297,16386
20230217T19:00:00+0000,0.438044,16386
20230217T20:00:00+0000,0.366223,16386
20230217T21:00:00+0000,0.380291,16386
20230217T22:00:00+0000,0.445267,16386
20230217T23:00:00+0000,0.526297,16386
20230218T00:00:00+0000,0.536068,16386
20230218T01:00:00+0000,0.562113,16386
20230218T02:00:00+0000,0.573403,16386
20230218T03:00:00+0000,0.565821,16402
20230218T04:00:00+0000,0.543814,16402
20230218T05:00:00+0000,0.541839,16402
20230218T06:00:00+0000,0.496943,16402
20230218T07:00:00+0000,0.46766,16402
20230218T08:00:00+0000,0.444734,16402
20230218T09:00:00+0000,0.428368,16402
20230218T10:00:00+0000,0.432115,16402
20230218T11:00:00+0000,0.435955,16402
20230218T12:00:00+0000,0.454149,16402
20230218T13:00:00+0000,0.490542,16402
20230218T14:00:00+0000,0.530114,16402
20230218T15:00:00+0000,0.597657,16402
20230218T16:00:00+0000,0.633389,16386
20230218T17:00:00+0000,0.64143,16386
20230218T18:00:00+0000,0.609832,16386
20230218T19:00:00+0000,0.530394,16386
20230218T20:00:00+0000,0.484359,16386
20230218T21:00:00+0000,0.494359,16386
20230218T22:00:00+0000,0.479973,16386
20230218T23:00:00+0000,0.48871,16386
20230219T00:00:00+0000,0.506298,16386
20230219T01:00:00+0000,0.54545,16386
20230219T02:00:00+0000,0.580014,16386
20230219T03:00:00+0000,0.555889,16402
20230219T04:00:00+0000,0.564841,16402
20230219T05:00:00+0000,0.546883,16402
20230219T06:00:00+0000,0.515101,16402
20230219T07:00:00+0000,0.492977,16402
20230219T08:00:00+0000,0.473216,16402
20230219T09:00:00+0000,0.46745,16402
20230219T10:00:00+0000,0.466212,16402
20230219T11:00:00+0000,0.470826,16402
20230219T12:00:00+0000,0.495641,16402
20230219T13:00:00+0000,0.529503,16402
20230219T14:00:00+0000,0.561996,16402
20230219T15:00:00+0000,0.624592,16402
20230219T16:00:00+0000,0.612766,16386
20230219T17:00:00+0000,0.56225,16386
20230219T18:00:00+0000,0.584539,16386
20230219T19:00:00+0000,0.60102,16386
20230219T20:00:00+0000,0.568517,16386
20230219T21:00:00+0000,0.56042,16386
20230219T22:00:00+0000,0.52305,16386
20230219T23:00:00+0000,0.542457,16386
20230220T00:00:00+0000,0.587197,16386
20230220T01:00:00+0000,0.606984,16386
20230220T02:00:00+0000,0.624669,16386
20230220T03:00:00+0000,0.60673,16402
20230220T04:00:00+0000,0.581475,16402
20230220T05:00:00+0000,0.536681,16402
20230220T06:00:00+0000,0.488216,16402
20230220T07:00:00+0000,0.44049,16402
20230220T08:00:00+0000,0.418279,16402
20230220T09:00:00+0000,0.405116,16402
20230220T10:00:00+0000,0.402562,16402
20230220T11:00:00+0000,0.410533,16402
20230220T12:00:00+0000,0.436625,16402
20230220T13:00:00+0000,0.480815,16402
20230220T14:00:00+0000,0.530769,16402
20230220T15:00:00+0000,0.581297,16402
20230220T16:00:00+0000,0.623202,16386
20230220T17:00:00+0000,0.607364,16386
20230220T18:00:00+0000,0.590533,16386
20230220T19:00:00+0000,0.589544,16386
20230220T20:00:00+0000,0.587353,16386
20230220T21:00:00+0000,0.558871,16386
20230220T22:00:00+0000,0.570937,16386
20230220T23:00:00+0000,0.587408,16386
20230221T00:00:00+0000,0.60836,16386
20230221T01:00:00+0000,0.607335,16386
20230221T02:00:00+0000,0.629366,16386
20230221T03:00:00+0000,0.6195,16402
20230221T04:00:00+0000,0.581587,16402
20230221T05:00:00+0000,0.530394,16402
20230221T06:00:00+0000,0.472706,16402
20230221T07:00:00+0000,0.418585,16402
20230221T08:00:00+0000,0.418917,16402
20230221T09:00:00+0000,0.415603,16402
20230221T10:00:00+0000,0.409147,16402
20230221T11:00:00+0000,0.430752,16402
20230221T12:00:00+0000,0.490346,16402
20230221T13:00:00+0000,0.559299,16402
20230221T14:00:00+0000,0.662615,16402
20230221T15:00:00+0000,0.688862,16402
20230221T16:00:00+0000,0.668135,16386
20230221T17:00:00+0000,0.628344,16386
20230221T18:00:00+0000,0.639149,16386
20230221T19:00:00+0000,0.591781,16386
20230221T20:00:00+0000,0.619065,16386
20230221T21:00:00+0000,0.541418,16386
20230221T22:00:00+0000,0.486123,16386
20230221T23:00:00+0000,0.574296,16386
20230222T00:00:00+0000,0.611094,16386
20230222T01:00:00+0000,0.661925,16386
20230222T02:00:00+0000,0.695362,16386
20230222T03:00:00+0000,0.701135,16402
20230222T04:00:00+0000,0.686498,16402
20230222T05:00:00+0000,0.620907,16402
20230222T06:00:00+0000,0.566402,16402
20230222T07:00:00+0000,0.52711,16402
20230222T08:00:00+0000,0.51873,16402
20230222T09:00:00+0000,0.504443,16402
20230222T10:00:00+0000,0.51576,16402
20230222T11:00:00+0000,0.525552,16402
20230222T12:00:00+0000,0.556906,16402
20230222T13:00:00+0000,0.623831,16402
20230222T14:00:00+0000,0.725632,16402
20230222T15:00:00+0000,0.787469,16402
20230222T16:00:00+0000,0.769697,16386
20230222T17:00:00+0000,0.714368,16386
20230222T18:00:00+0000,0.714229,16386
20230222T19:00:00+0000,0.723678,16386
20230222T20:00:00+0000,0.7381,16386
20230222T21:00:00+0000,0.721815,16386
20230222T22:00:00+0000,0.753227,16386
20230222T23:00:00+0000,0.731892,16386
20230223T00:00:00+0000,0.75941,16386
20230223T01:00:00+0000,0.776506,16386
20230223T02:00:00+0000,0.788299,16386
20230223T03:00:00+0000,0.740385,16402
20230223T04:00:00+0000,0.725578,16402
20230223T05:00:00+0000,0.669153,16402
20230223T06:00:00+0000,0.607992,16402
20230223T07:00:00+0000,0.569286,16402
20230223T08:00:00+0000,0.573122,16402
20230223T09:00:00+0000,0.582992,16402
20230223T10:00:00+0000,0.59225,16402
20230223T11:00:00+0000,0.599842,16402
20230223T12:00:00+0000,0.623714,16402
20230223T13:00:00+0000,0.683316,16402
20230223T14:00:00+0000,0.769011,16402
20230223T15:00:00+0000,0.824731,16402
20230223T16:00:00+0000,0.833159,16386
20230223T17:00:00+0000,0.818928,16386
20230223T18:00:00+0000,0.803406,16386
20230223T19:00:00+0000,0.807157,16386
20230223T20:00:00+0000,0.798177,16386
20230223T21:00:00+0000,0.810006,16386
20230223T22:00:00+0000,0.793442,16386
20230223T23:00:00+0000,0.768023,16386
20230224T00:00:00+0000,0.793212,16386
20230224T01:00:00+0000,0.837765,16386
20230224T02:00:00+0000,0.870186,16386
20230224T03:00:00+0000,0.868853,16402
20230224T04:00:00+0000,0.847515,16402
20230224T05:00:00+0000,0.819702,16402
20230224T06:00:00+0000,0.758363,16402
20230224T07:00:00+0000,0.725297,16402
20230224T08:00:00+0000,0.712721,16402
20230224T09:00:00+0000,0.730237,16402
20230224T10:00:00+0000,0.727278,16402
20230224T11:00:00+0000,0.747896,16402
20230224T12:00:00+0000,0.783995,16402
20230224T13:00:00+0000,0.861536,16402
20230224T14:00:00+0000,0.951113,16402
20230224T15:00:00+0000,0.994355,16402
20230224T16:00:00+0000,0.987239,16386
20230224T17:00:00+0000,0.95359,16386
20230224T18:00:00+0000,0.892318,16386
20230224T19:00:00+0000,0.896552,16386
20230224T20:00:00+0000,0.896552,16386
20230224T21:00:00+0000,0.896552,19458
20230224T22:00:00+0000,0.896552,19458
20230224T23:00:00+0000,0.896552,19458
20230225T00:00:00+0000,0.896552,19458
20230225T01:00:00+0000,0.896552,19458
20230225T02:00:00+0000,0.896552,19458
20230225T03:00:00+0000,0.896552,19474
20230225T04:00:00+0000,0.896552,19474
20230225T05:00:00+0000,0.896552,19474
20230225T06:00:00+0000,0.896552,19474
20230225T07:00:00+0000,0.896552,19474
20230225T08:00:00+0000,0.896552,19474
20230225T09:00:00+0000,0.896552,19474
20230225T10:00:00+0000,0.896552,19474
20230225T11:00:00+0000,0.896552,19474
20230225T12:00:00+0000,0.896552,19474
20230225T13:00:00+0000,0.896552,19474
20230225T14:00:00+0000,0.896552,19474
20230225T15:00:00+0000,0.896552,19474
20230225T16:00:00+0000,0.896552,19458
20230225T17:00:00+0000,0.896552,19458
20230225T18:00:00+0000,0.896552,19458
20230225T19:00:00+0000,0.896552,19458
20230225T20:00:00+0000,0.896552,19458
20230225T21:00:00+0000,0.896552,19458
20230225T22:00:00+0000,0.896552,19458
20230225T23:00:00+0000,0.896552,19458
20230226T00:00:00+0000,0.896552,19458
20230226T01:00:00+0000,0.896552,19458
20230226T02:00:00+0000,0.896552,19458
20230226T03:00:00+0000,0.896552,19474
20230226T04:00:00+0000,0.896552,19474
20230226T05:00:00+0000,0.896552,19474
20230226T06:00:00+0000,0.896552,19474
20230226T07:00:00+0000,0.896552,19474
20230226T08:00:00+0000,0.896552,19474
20230226T09:00:00+0000,0.896552,19474
20230226T10:00:00+0000,0.896552,19474
20230226T11:00:00+0000,0.896552,19474
20230226T12:00:00+0000,0.896552,19474
20230226T13:00:00+0000,0.896552,19474
20230226T14:00:00+0000,0.896552,19474
20230226T15:00:00+0000,0.896552,19474
20230226T16:00:00+0000,0.896552,19458
20230226T17:00:00+0000,0.896552,19458
20230226T18:00:00+0000,0.896552,19458
20230226T19:00:00+0000,0.896552,19458
20230226T20:00:00+0000,0.896552,19458
20230226T21:00:00+0000,0.896552,19458
20230226T22:00:00+0000,0.896552,19458
20230226T23:00:00+0000,0.896552,19458
20230227T00:00:00+0000,0.896552,19458
20230227T01:00:00+0000,0.896552,19458
20230227T02:00:00+0000,0.896552,19458
20230227T03:00:00+0000,0.896552,19474
20230227T04:00:00+0000,0.896552,19474
20230227T05:00:00+0000,0.896552,19474
20230227T06:00:00+0000,0.896552,19474
20230227T07:00:00+0000,0.896552,19474
20230227T08:00:00+0000,0.896552,19474
20230227T09:00:00+0000,0.896552,19474
20230227T10:00:00+0000,0.896552,19474
20230227T11:00:00+0000,0.896552,19474
20230227T12:00:00+0000,0.896552,19474
20230227T13:00:00+0000,0.896552,19474
20230227T14:00:00+0000,0.896552,19474
20230227T15:00:00+0000,0.896552,19474
20230227T16:00:00+0000,0.896552,19458
20230227T17:00:00+0000,0.896552,19458
20230227T18:00:00+0000,0.896552,19458
20230227T19:00:00+0000,0.896552,19458
20230227T20:00:00+0000,0.896552,19458
20230227T21:00:00+0000,0.896552,19458
20230227T22:00:00+0000,0.896552,19458
20230227T23:00:00+0000,0.896552,19458
20230228T00:00:00+0000,0.896552,19458
20230228T01:00:00+0000,0.896552,19458
20230228T02:00:00+0000,0.896552,19458
20230228T03:00:00+0000,0.896552,19474
20230228T04:00:00+0000,0.896552,19474
20230228T05:00:00+0000,0.896552,19474
20230228T06:00:00+0000,0.896552,19474
20230228T07:00:00+0000,0.896552,19474
20230228T08:00:00+0000,0.896552,19474
20230228T09:00:00+0000,0.896552,19474
20230228T10:00:00+0000,0.896552,19474
20230228T11:00:00+0000,0.896552,19474
20230228T12:00:00+0000,0.896552,19474
20230228T13:00:00+0000,0.896552,19474
20230228T14:00:00+0000,0.896552,19474
20230228T15:00:00+0000,0.896552,19474
20230228T16:00:00+0000,0.896552,19458
20230228T17:00:00+0000,0.896552,19458
20230228T18:00:00+0000,0.896552,19458
20230228T19:00:00+0000,0.896552,19458
20230228T20:00:00+0000,0.893001,16386
20230228T21:00:00+0000,0.877462,16386
20230228T22:00:00+0000,0.860924,16386
20230228T23:00:00+0000,0.844387,16386
20230301T00:00:00+0000,0.827849,16386
20230301T01:00:00+0000,0.811311,18434
20230301T02:00:00+0000,0.794773,18434
20230301T03:00:00+0000,0.778235,18450
20230301T04:00:00+0000,0.761697,18450
20230301T05:00:00+0000,0.745159,18450
20230301T06:00:00+0000,0.728622,16402
20230301T07:00:00+0000,0.712084,16402
20230301T08:00:00+0000,0.695546,18450
20230301T09:00:00+0000,0.679008,18450
20230301T10:00:00+0000,0.66247,18450
20230301T11:00:00+0000,0.645932,18450
20230301T12:00:00+0000,0.629394,18450
20230301T13:00:00+0000,0.612857,16402
20230301T14:00:00+0000,0.596319,16402
20230301T15:00:00+0000,0.579781,18450
20230301T16:00:00+0000,0.563243,18434
20230301T17:00:00+0000,0.546705,18434
20230301T18:00:00+0000,0.530167,18434
20230301T19:00:00+0000,0.513629,18434
20230301T20:00:00+0000,0.497092,16386
20230301T21:00:00+0000,0.444331,16386
20230301T22:00:00+0000,0.470845,16386
20230301T23:00:00+0000,0.508135,16386
20230302T00:00:00+0000,0.550453,16386
20230302T01:00:00+0000,0.600627,16386
20230302T02:00:00+0000,0.658811,16386
20230302T03:00:00+0000,0.649845,16402
20230302T04:00:00+0000,0.616569,16402
20230302T05:00:00+0000,0.598661,16402
20230302T06:00:00+0000,0.541397,16402
20230302T07:00:00+0000,0.496376,16402
20230302T08:00:00+0000,0.480814,16402
20230302T09:00:00+0000,0.480232,16402
20230302T10:00:00+0000,0.477179,16402
20230302T11:00:00+0000,0.489085,16402
20230302T12:00:00+0000,0.529571,16402
20230302T13:00:00+0000,0.610605,16402
20230302T14:00:00+0000,0.704656,16402
20230302T15:00:00+0000,0.756634,16402
20230302T16:00:00+0000,0.744631,16386
20230302T17:00:00+0000,0.721161,16386
20230302T18:00:00+0000,0.697329,16386
20230302T19:00:00+0000,0.631974,16386
20230302T20:00:00+0000,0.580977,16386
20230302T21:00:00+0000,0.561013,16386
20230302T22:00:00+0000,0.532641,16386
20230302T23:00:00+0000,0.488418,16386
20230303T00:00:00+0000,0.536732,16386
20230303T01:00:00+0000,0.619072,16386
20230303T02:00:00+0000,0.670346,16386
20230303T03:00:00+0000,0.667965,16402
20230303T04:00:00+0000,0.635757,16402
20230303T05:00:00+0000,0.612474,16402
20230303T06:00:00+0000,0.56886,16402
20230303T07:00:00+0000,0.530094,16402
20230303T08:00:00+0000,0.515248,16402
20230303T09:00:00+0000,0.514343,16402
20230303T10:00:00+0000,0.519054,16402
20230303T11:00:00+0000,0.530326,16402
20230303T12:00:00+0000,0.548462,16402
20230303T13:00:00+0000,0.619878,16402
20230303T14:00:00+0000,0.686731,16402
20230303T15:00:00+0000,0.722455,16402
20230303T16:00:00+0000,0.703668,16386
20230303T17:00:00+0000,0.629515,16386
20230303T18:00:00+0000,0.543515,16386
20230303T19:00:00+0000,0.598847,16386
20230303T20:00:00+0000,0.543165,16386
20230303T21:00:00+0000,0.541507,16386
20230303T22:00:00+0000,0.610261,16386
20230303T23:00:00+0000,0.62126,16386
20230304T00:00:00+0000,0.662794,16386
20230304T01:00:00+0000,0.67421,16386
20230304T02:00:00+0000,0.670696,16386
20230304T03:00:00+0000,0.648103,16402
20230304T04:00:00+0000,0.643248,16402
20230304T05:00:00+0000,0.619274,16402
20230304T06:00:00+0000,0.566934,16402
20230304T07:00:00+0000,0.532781,16402
20230304T08:00:00+0000,0.502248,16402
20230304T09:00:00+0000,0.488132,16402
20230304T10:00:00+0000,0.483302,16402
20230304T11:00:00+0000,0.484595,16402
20230304T12:00:00+0000,0.509759,16402
20230304T13:00:00+0000,0.534911,16402
20230304T14:00:00+0000,0.572564,16402
20230304T15:00:00+0000,0.646416,16402
20230304T16:00:00+0000,0.695178,16386
20230304T17:00:00+0000,0.689008,16386
20230304T18:00:00+0000,0.656383,16386
20230304T19:00:00+0000,0.61887,16386
20230304T20:00:00+0000,0.626702,16386
20230304T21:00:00+0000,0.535445,16386
20230304T22:00:00+0000,0.614792,16386
20230304T23:00:00+0000,0.628545,16386
20230305T00:00:00+0000,0.630626,16386
20230305T01:00:00+0000,0.646362,16386
20230305T02:00:00+0000,0.691669,16386
20230305T03:00:00+0000,0.682273,16402
20230305T04:00:00+0000,0.655201,16402
20230305T05:00:00+0000,0.617109,16402
20230305T06:00:00+0000,0.570416,16402
20230305T07:00:00+0000,0.546766,16402
20230305T08:00:00+0000,0.522443,16402
20230305T09:00:00+0000,0.521711,16402
20230305T10:00:00+0000,0.516603,16402
20230305T11:00:00+0000,0.530976,16402
20230305T12:00:00+0000,0.551692,16402
20230305T13:00:00+0000,0.583017,16402
20230305T14:00:00+0000,0.638788,16402
20230305T15:00:00+0000,0.688208,16402
20230305T16:00:00+0000,0.694323,16386
20230305T17:00:00+0000,0.679631,16386
20230305T18:00:00+0000,0.678533,16386
20230305T19:00:00+0000,0.651747,16386
20230305T20:00:00+0000,0.605178,16386
20230305T21:00:00+0000,0.551064,16386
20230305T22:00:00+0000,0.602741,16386
20230305T23:00:00+0000,0.552423,16386
20230306T00:00:00+0000,0.575838,16386
20230306T01:00:00+0000,0.653161,16386
20230306T02:00:00+0000,0.695862,16386
20230306T03:00:00+0000,0.713652,16402
20230306T04:00:00+0000,0.69394,16402
20230306T05:00:00+0000,0.649796,16402
20230306T06:00:00+0000,0.571233,16402
20230306T07:00:00+0000,0.529,16402
20230306T08:00:00+0000,0.508658,16402
20230306T09:00:00+0000,0.504584,16402
20230306T10:00:00+0000,0.49,16402
20230306T11:00:00+0000,0.508247,16402
20230306T12:00:00+0000,0.534463,16402
20230306T13:00:00+0000,0.622768,16402
20230306T14:00:00+0000,0.700638,16402
20230306T15:00:00+0000,0.757492,16402
20230306T16:00:00+0000,0.725039,16386
20230306T17:00:00+0000,0.678638,16386
20230306T18:00:00+0000,0.639259,16386
20230306T19:00:00+0000,0.565194,16386
20230306T20:00:00+0000,0.491123,16386
20230306T21:00:00+0000,0.476258,16386
20230306T22:00:00+0000,0.561563,16386
20230306T23:00:00+0000,0.591272,16386
20230307T00:00:00+0000,0.6122,16386
20230307T01:00:00+0000,0.665803,16386
20230307T02:00:00+0000,0.698772,16386
20230307T03:00:00+0000,0.678635,16402
20230307T04:00:00+0000,0.651783,16402
20230307T05:00:00+0000,0.604339,16402
20230307T06:00:00+0000,0.556826,16402
20230307T07:00:00+0000,0.496216,16402
20230307T08:00:00+0000,0.480683,16402
20230307T09:00:00+0000,0.471246,16402
20230307T10:00:00+0000,0.46829,16402
20230307T11:00:00+0000,0.486448,16402
20230307T12:00:00+0000,0.51578,16402
20230307T13:00:00+0000,0.585971,16402
20230307T14:00:00+0000,0.683654,16402
20230307T15:00:00+0000,0.724943,16402
20230307T16:00:00+0000,0.677017,16386
20230307T17:00:00+0000,0.643754,16386
20230307T18:00:00+0000,0.557725,16386
20230307T19:00:00+0000,0.532465,16386
20230307T20:00:00+0000,0.382032,16386
20230307T21:00:00+0000,0.412998,16386
20230307T22:00:00+0000,0.405071,16386
20230307T23:00:00+0000,0.531182,16386
20230308T00:00:00+0000,0.558485,16386
20230308T01:00:00+0000,0.637048,16386
20230308T02:00:00+0000,0.653837,16386
20230308T03:00:00+0000,0.640046,16402
20230308T04:00:00+0000,0.639866,16402
20230308T05:00:00+0000,0.596488,16402
20230308T06:00:00+0000,0.547647,16402
20230308T07:00:00+0000,0.503949,16402
20230308T08:00:00+0000,0.497922,16402
20230308T09:00:00+0000,0.506746,16402
20230308T10:00:00+0000,0.515308,16402
20230308T11:00:00+0000,0.532516,16402
20230308T12:00:00+0000,0.57156,16402
20230308T13:00:00+0000,0.632335,16402
20230308T14:00:00+0000,0.724801,16402
20230308T15:00:00+0000,0.7852,16402
20230308T16:00:00+0000,0.75934,16386
20230308T17:00:00+0000,0.72922,16386
20230308T18:00:00+0000,0.632824,16386
20230308T19:00:00+0000,0.532395,16386
20230308T20:00:00+0000,0.494121,16386
20230308T21:00:00+0000,0.521741,16386
20230308T22:00:00+0000,0.514044,16386
20230308T23:00:00+0000,0.484132,16386
20230309T00:00:00+0000,0.582773,16386
20230309T01:00:00+0000,0.662414,16386
20230309T02:00:00+0000,0.694648,16386
20230309T03:00:00+0000,0.676893,16402
20230309T04:00:00+0000,0.649777,16402
20230309T05:00:00+0000,0.598551,16402
20230309T06:00:00+0000,0.544084,16402
20230309T07:00:00+0000,0.501773,16402
20230309T08:00:00+0000,0.478712,16402
20230309T09:00:00+0000,0.472209,16402
20230309T10:00:00+0000,0.469853,16402
20230309T11:00:00+0000,0.475629,16402
20230309T12:00:00+0000,0.508744,16402
20230309T13:00:00+0000,0.573489,16402
20230309T14:00:00+0000,0.652949,16402
20230309T15:00:00+0000,0.687866,16402
20230309T16:00:00+0000,0.678466,16386
20230309T17:00:00+0000,0.660738,16386
20230309T18:00:00+0000,0.643682,16386
20230309T19:00:00+0000,0.650554,16386
20230309T20:00:00+0000,0.609466,16386
20230309T21:00:00+0000,0.593477,16386
20230309T22:00:00+0000,0.614904,16386
20230309T23:00:00+0000,0.626052,16386
20230310T00:00:00+0000,0.637452,16386
20230310T01:00:00+0000,0.675433,16386
20230310T02:00:00+0000,0.688074,16386
20230310T03:00:00+0000,0.666052,16402
20230310T04:00:00+0000,0.645634,16402
20230310T05:00:00+0000,0.588843,16402
20230310T06:00:00+0000,0.535323,16402
20230310T07:00:00+0000,0.483386,16402
20230310T08:00:00+0000,0.477066,16402
20230310T09:00:00+0000,0.466741,16402
20230310T10:00:00+0000,0.476543,16402
20230310T11:00:00+0000,0.49097,16402
20230310T12:00:00+0000,0.530961,16402
20230310T13:00:00+0000,0.584709,16402
20230310T14:00:00+0000,0.662676,16402
20230310T15:00:00+0000,0.691679,16402
20230310T16:00:00+0000,0.683076,16386
20230310T17:00:00+0000,0.630563,16386
20230310T18:00:00+0000,0.552179,16386
20230310T19:00:00+0000,0.490839,16386
20230310T20:00:00+0000,0.475871,16386
20230310T21:00:00+0000,0.514255,16386
20230310T22:00:00+0000,0.518124,16386
20230310T23:00:00+0000,0.538995,16386
20230311T00:00:00+0000,0.559448,16386
20230311T01:00:00+0000,0.612125,16386
20230311T02:00:00+0000,0.62457,16386
20230311T03:00:00+0000,0.610853,16402
20230311T04:00:00+0000,0.589922,16402
20230311T05:00:00+0000,0.570562,16402
20230311T06:00:00+0000,0.524524,16402
20230311T07:00:00+0000,0.48307,16402
20230311T08:00:00+0000,0.460316,16402
20230311T09:00:00+0000,0.445432,16402
20230311T10:00:00+0000,0.444207,16402
20230311T11:00:00+0000,0.465138,16402
20230311T12:00:00+0000,0.480886,16402
20230311T13:00:00+0000,0.511796,16402
20230311T14:00:00+0000,0.567519,16402
20230311T15:00:00+0000,0.61787,16402
20230311T16:00:00+0000,0.591031,16386
20230311T17:00:00+0000,0.595267,16386
20230311T18:00:00+0000,0.564648,16386
20230311T19:00:00+0000,0.466799,16386
20230311T20:00:00+0000,0.46898,16386
20230311T21:00:00+0000,0.451617,16386
20230311T22:00:00+0000,0.368741,16386
20230311T23:00:00+0000,0.380339,16386
20230312T00:00:00+0000,0.435601,16386
20230312T01:00:00+0000,0.495067,16386
20230312T02:00:00+0000,0.536706,16386
20230312T03:00:00+0000,0.553493,16402
20230312T04:00:00+0000,0.551259,16402
20230312T05:00:00+0000,0.531799,16402
20230312T06:00:00+0000,0.51748,16402
20230312T07:00:00+0000,0.485118,16402
20230312T08:00:00+0000,0.468898,16402
20230312T09:00:00+0000,0.482904,16402
20230312T10:00:00+0000,0.478349,16402
20230312T11:00:00+0000,0.505091,16402
20230312T12:00:00+0000,0.540521,16402
20230312T13:00:00+0000,0.562702,16402
20230312T14:00:00+0000,0.59277,16402
20230312T15:00:00+0000,0.633673,16386
20230312T16:00:00+0000,0.660737,16386
20230312T17:00:00+0000,0.650831,16386
20230312T18:00:00+0000,0.635206,16386
20230312T19:00:00+0000,0.6109,16386
20230312T20:00:00+0000,0.579895,16386
20230312T21:00:00+0000,0.575314,16386
20230312T22:00:00+0000,0.534968,16386
20230312T23:00:00+0000,0.557565,16386
20230313T00:00:00+0000,0.592034,16386
20230313T01:00:00+0000,0.607876,16386
20230313T02:00:00+0000,0.608811,16386
20230313T03:00:00+0000,0.605212,16402
20230313T04:00:00+0000,0.552372,16402
20230313T05:00:00+0000,0.480543,16402
20230313T06:00:00+0000,0.423832,16402
20230313T07:00:00+0000,0.396478,16402
20230313T08:00:00+0000,0.374033,16402
20230313T09:00:00+0000,0.372248,16402
20230313T10:00:00+0000,0.372046,16402
20230313T11:00:00+0000,0.391507,16402
20230313T12:00:00+0000,0.448108,16402
20230313T13:00:00+0000,0.512016,16402
20230313T14:00:00+0000,0.555221,16402
20230313T15:00:00+0000,0.564248,16386
20230313T16:00:00+0000,0.566597,16386
20230313T17:00:00+0000,0.573415,16386
20230313T18:00:00+0000,0.583308,16386
20230313T19:00:00+0000,0.603032,16386
20230313T20:00:00+0000,0.590698,16386
20230313T21:00:00+0000,0.588174,16386
20230313T22:00:00+0000,0.56896,16386
20230313T23:00:00+0000,0.594606,16386
20230314T00:00:00+0000,0.545348,16386
20230314T01:00:00+0000,0.596951,16386
20230314T02:00:00+0000,0.63079,16386
20230314T03:00:00+0000,0.626686,16402
20230314T04:00:00+0000,0.5906,16402
20230314T05:00:00+0000,0.53736,16402
20230314T06:00:00+0000,0.493142,16402
20230314T07:00:00+0000,0.473864,16402
20230314T08:00:00+0000,0.464954,16402
20230314T09:00:00+0000,0.469072,16402
20230314T10:00:00+0000,0.482854,16402
20230314T11:00:00+0000,0.516341,16402
20230314T12:00:00+0000,0.592535,16402
20230314T13:00:00+0000,0.66938,16402
20230314T14:00:00+0000,0.723304,16402
20230314T15:00:00+0000,0.715261,16386
20230314T16:00:00+0000,0.672841,16386
20230314T17:00:00+0000,0.615636,16386
20230314T18:00:00+0000,0.537554,16386
20230314T19:00:00+0000,0.398496,16386
20230314T20:00:00+0000,0.332735,16386
20230314T21:00:00+0000,0.304499,16386
20230314T22:00:00+0000,0.349219,16386
20230314T23:00:00+0000,0.428,16386
20230315T00:00:00+0000,0.446248,16386
20230315T01:00:00+0000,0.535373,16386
20230315T02:00:00+0000,0.579559,16386
20230315T03:00:00+0000,0.591978,16402
20230315T04:00:00+0000,0.552141,16402
20230315T05:00:00+0000,0.505852,16402
20230315T06:00:00+0000,0.469009,16402
20230315T07:00:00+0000,0.448549,16402
20230315T08:00:00+0000,0.458745,16402
20230315T09:00:00+0000,0.454359,16402
20230315T10:00:00+0000,0.466426,16402
20230315T11:00:00+0000,0.489229,16402
20230315T12:00:00+0000,0.553213,16402
20230315T13:00:00+0000,0.640092,16402
20230315T14:00:00+0000,0.697205,16402
20230315T15:00:00+0000,0.664434,16386
20230315T16:00:00+0000,0.566747,16386
20230315T17:00:00+0000,0.45683,16386
20230315T18:00:00+0000,0.361794,16386
20230315T19:00:00+0000,0.354978,16386
20230315T20:00:00+0000,0.399219,16386
20230315T21:00:00+0000,0.461069,16386
20230315T22:00:00+0000,0.417624,16386
20230315T23:00:00+0000,0.388212,16386
20230316T00:00:00+0000,0.43612,16386
20230316T01:00:00+0000,0.515777,16386
20230316T02:00:00+0000,0.574612,16386
20230316T03:00:00+0000,0.576804,16402
20230316T04:00:00+0000,0.54496,16402
20230316T05:00:00+0000,0.501464,16402
20230316T06:00:00+0000,0.455393,16402
20230316T07:00:00+0000,0.441718,16402
20230316T08:00:00+0000,0.440657,16402
20230316T09:00:00+0000,0.444132,16402
20230316T10:00:00+0000,0.460382,16402
20230316T11:00:00+0000,0.496006,16402
20230316T12:00:00+0000,0.584349,16402
20230316T13:00:00+0000,0.674178,16402
20230316T14:00:00+0000,0.728139,16402
20230316T15:00:00+0000,0.706716,16386
20230316T16:00:00+0000,0.597736,16386
20230316T17:00:00+0000,0.479162,16386
20230316T18:00:00+0000,0.382237,16386
20230316T19:00:00+0000,0.326894,16386
20230316T20:00:00+0000,0.295316,16386
20230316T21:00:00+0000,0.280738,16386
20230316T22:00:00+0000,0.287501,16386
20230316T23:00:00+0000,0.332152,16386
20230317T00:00:00+0000,0.392481,16386
20230317T01:00:00+0000,0.460945,16386
20230317T02:00:00+0000,0.511395,16386
20230317T03:00:00+0000,0.500048,16402
20230317T04:00:00+0000,0.475367,16402
20230317T05:00:00+0000,0.443837,16402
20230317T06:00:00+0000,0.404824,16402
20230317T07:00:00+0000,0.39437,16402
20230317T08:00:00+0000,0.386289,16402
20230317T09:00:00+0000,0.398373,16402
20230317T10:00:00+0000,0.413591,16402
20230317T11:00:00+0000,0.443127,16402
20230317T12:00:00+0000,0.514132,16402
20230317T13:00:00+0000,0.608272,16402
20230317T14:00:00+0000,0.652362,16402
20230317T15:00:00+0000,0.653232,16386
20230317T16:00:00+0000,0.546193,16386
20230317T17:00:00+0000,0.449402,16386
20230317T18:00:00+0000,0.353175,16386
20230317T19:00:00+0000,0.305495,16386
20230317T20:00:00+0000,0.251809,16386
20230317T21:00:00+0000,0.268422,16386
20230317T22:00:00+0000,0.383204,16386
20230317T23:00:00+0000,0.388754,16386
20230318T00:00:00+0000,0.445463,16386
20230318T01:00:00+0000,0.470112,16386
20230318T02:00:00+0000,0.465014,16386
20230318T03:00:00+0000,0.476316,16402
20230318T04:00:00+0000,0.454518,16402
20230318T05:00:00+0000,0.413611,16402
20230318T06:00:00+0000,0.373123,16402
20230318T07:00:00+0000,0.362483,16402
20230318T08:00:00+0000,0.352283,16402
20230318T09:00:00+0000,0.353888,16402
20230318T10:00:00+0000,0.36646,16402
20230318T11:00:00+0000,0.384769,16402
20230318T12:00:00+0000,0.424425,16402
20230318T13:00:00+0000,0.490284,16402
20230318T14:00:00+0000,0.551955,16402
20230318T15:00:00+0000,0.560442,16386
20230318T16:00:00+0000,0.505942,16386
20230318T17:00:00+0000,0.387546,16386
20230318T18:00:00+0000,0.311921,16386
20230318T19:00:00+0000,0.270093,16386
20230318T20:00:00+0000,0.230534,16386
20230318T21:00:00+0000,0.214943,16386
20230318T22:00:00+0000,0.249113,16386
20230318T23:00:00+0000,0.319137,16386
20230319T00:00:00+0000,0.393598,16386
20230319T01:00:00+0000,0.430783,16386
20230319T02:00:00+0000,0.437436,16386
20230319T03:00:00+0000,0.44415,16402
20230319T04:00:00+0000,0.429927,16402
20230319T05:00:00+0000,0.39287,16402
20230319T06:00:00+0000,0.363779,16402
20230319T07:00:00+0000,0.33817,16402
20230319T08:00:00+0000,0.32041,16402
20230319T09:00:00+0000,0.324668,16402
20230319T10:00:00+0000,0.327458,16402
20230319T11:00:00+0000,0.337852,16402
20230319T12:00:00+0000,0.364716,16402
20230319T13:00:00+0000,0.401083,16402
20230319T14:00:00+0000,0.465985,16402
20230319T15:00:00+0000,0.507644,16386
20230319T16:00:00+0000,0.51263,16386
20230319T17:00:00+0000,0.537926,16386
20230319T18:00:00+0000,0.534741,16386
20230319T19:00:00+0000,0.516842,16386
20230319T20:00:00+0000,0.507505,16386
20230319T21:00:00+0000,0.515533,16386
20230319T22:00:00+0000,0.523454,16386
20230319T23:00:00+0000,0.540786,16386
20230320T00:00:00+0000,0.566091,16386
20230320T01:00:00+0000,0.567679,16386
20230320T02:00:00+0000,0.576001,16386
20230320T03:00:00+0000,0.567825,16402
20230320T04:00:00+0000,0.518751,16402
20230320T05:00:00+0000,0.463703,16402
20230320T06:00:00+0000,0.398327,16402
20230320T07:00:00+0000,0.376584,16402
20230320T08:00:00+0000,0.356891,16402
20230320T09:00:00+0000,0.356673,16402
20230320T10:00:00+0000,0.358721,16402
20230320T11:00:00+0000,0.383819,16402
20230320T12:00:00+0000,0.449139,16402
20230320T13:00:00+0000,0.521613,16402
20230320T14:00:00+0000,0.582216,16402
20230320T15:00:00+0000,0.573468,16386
20230320T16:00:00+0000,0.53699,16386
20230320T17:00:00+0000,0.542649,16386
20230320T18:00:00+0000,0.504014,16386
20230320T19:00:00+0000,0.465423,16386
20230320T20:00:00+0000,0.473236,16386
20230320T21:00:00+0000,0.490554,16386
20230320T22:00:00+0000,0.515743,16386
20230320T23:00:00+0000,0.549942,16386
20230321T00:00:00+0000,0.582477,16386
20230321T01:00:00+0000,0.576975,16386
20230321T02:00:00+0000,0.598571,16386
20230321T03:00:00+0000,0.585813,16402
20230321T04:00:00+0000,0.542821,16402
20230321T05:00:00+0000,0.486089,16402
20230321T06:00:00+0000,0.44504,16402
20230321T07:00:00+0000,0.435145,16402
20230321T08:00:00+0000,0.434686,16402
20230321T09:00:00+0000,0.448874,16402
20230321T10:00:00+0000,0.47203,16402
20230321T11:00:00+0000,0.49999,16402
20230321T12:00:00+0000,0.564949,16402
20230321T13:00:00+0000,0.646799,16402
20230321T14:00:00+0000,0.683256,16402
20230321T15:00:00+0000,0.625857,16386
20230321T16:00:00+0000,0.544444,16386
20230321T17:00:00+0000,0.448674,16386
20230321T18:00:00+0000,0.347179,16386
20230321T19:00:00+0000,0.275565,16386
20230321T20:00:00+0000,0.234225,16386
20230321T21:00:00+0000,0.220042,16386
20230321T22:00:00+0000,0.238176,16386
20230321T23:00:00+0000,0.298055,16386
20230322T00:00:00+0000,0.357388,16386
20230322T01:00:00+0000,0.439234,16386
20230322T02:00:00+0000,0.486993,16386
20230322T03:00:00+0000,0.49336,16402
20230322T04:00:00+0000,0.47681,16402
20230322T05:00:00+0000,0.424834,16402
20230322T06:00:00+0000,0.37805,16402
20230322T07:00:00+0000,0.359955,16402
20230322T08:00:00+0000,0.363709,16402
20230322T09:00:00+0000,0.350195,16402
20230322T10:00:00+0000,0.360778,16402
20230322T11:00:00+0000,0.391389,16402
20230322T12:00:00+0000,0.460178,16402
20230322T13:00:00+0000,0.566795,16402
20230322T14:00:00+0000,0.624878,16402
20230322T15:00:00+0000,0.56846,16386
20230322T16:00:00+0000,0.498105,16386
20230322T17:00:00+0000,0.383491,16386
20230322T18:00:00+0000,0.331944,16386
20230322T19:00:00+0000,0.25912,16386
20230322T20:00:00+0000,0.240993,16386
20230322T21:00:00+0000,0.319277,16386
20230322T22:00:00+0000,0.353905,16386
20230322T23:00:00+0000,0.322457,16386
20230323T00:00:00+0000,0.385227,16386
20230323T01:00:00+0000,0.466168,16386
20230323T02:00:00+0000,0.50243,16386
20230323T03:00:00+0000,0.497732,16402
20230323T04:00:00+0000,0.458125,16402
20230323T05:00:00+0000,0.413535,16402
20230323T06:00:00+0000,0.3779,16402
20230323T07:00:00+0000,0.359732,16402
20230323T08:00:00+0000,0.351942,16402
20230323T09:00:00+0000,0.354175,16402
20230323T10:00:00+0000,0.371043,16402
20230323T11:00:00+0000,0.397174,16402
20230323T12:00:00+0000,0.470933,16402
20230323T13:00:00+0000,0.558804,16402
20230323T14:00:00+0000,0.604157,16402
20230323T15:00:00+0000,0.601738,16386
20230323T16:00:00+0000,0.571418,16386
20230323T17:00:00+0000,0.577405,16386
20230323T18:00:00+0000,0.59377,16386
20230323T19:00:00+0000,0.561616,16386
20230323T20:00:00+0000,0.59832,16386
20230323T21:00:00+0000,0.572621,16386
20230323T22:00:00+0000,0.492115,16386
20230323T23:00:00+0000,0.579654,16386
20230324T00:00:00+0000,0.54011,16386
20230324T01:00:00+0000,0.601991,16386
20230324T02:00:00+0000,0.627612,16386
20230324T03:00:00+0000,0.622226,16386
20230324T04:00:00+0000,0.576751,16402
20230324T05:00:00+0000,0.538263,16402
20230324T06:00:00+0000,0.487887,16402
20230324T07:00:00+0000,0.481873,16402
20230324T08:00:00+0000,0.467496,16402
20230324T09:00:00+0000,0.482858,16402
20230324T10:00:00+0000,0.487478,16402
20230324T11:00:00+0000,0.519371,16402
20230324T12:00:00+0000,0.575934,16402
20230324T13:00:00+0000,0.628804,16402
20230324T14:00:00+0000,0.679569,16402
20230324T15:00:00+0000,0.698447,16386
20230324T16:00:00+0000,0.656127,16386
20230324T17:00:00+0000,0.697748,16386
20230324T18:00:00+0000,0.625608,16386
20230324T19:00:00+0000,0.457834,16386
20230324T20:00:00+0000,0.565132,16386
20230324T21:00:00+0000,0.386914,16386
20230324T22:00:00+0000,0.48554,16386
20230324T23:00:00+0000,0.467328,16386
20230325T00:00:00+0000,0.537803,16386
20230325T01:00:00+0000,0.592237,16386
20230325T02:00:00+0000,0.606395,16386
20230325T03:00:00+0000,0.607634,16386
20230325T04:00:00+0000,0.57443,16402
20230325T05:00:00+0000,0.543745,16402
20230325T06:00:00+0000,0.501374,16402
20230325T07:00:00+0000,0.490325,16402
20230325T08:00:00+0000,0.471001,16402
20230325T09:00:00+0000,0.456904,16402
20230325T10:00:00+0000,0.472451,16402
20230325T11:00:00+0000,0.498477,16402
20230325T12:00:00+0000,0.535714,16402
20230325T13:00:00+0000,0.593423,16402
20230325T14:00:00+0000,0.649548,16402
20230325T15:00:00+0000,0.669036,16386
20230325T16:00:00+0000,0.658385,16386
20230325T17:00:00+0000,0.634567,16386
20230325T18:00:00+0000,0.587223,16386
20230325T19:00:00+0000,0.467596,16386
20230325T20:00:00+0000,0.450197,16386
20230325T21:00:00+0000,0.323541,16386
20230325T22:00:00+0000,0.437098,16386
20230325T23:00:00+0000,0.466041,16386
20230326T00:00:00+0000,0.489277,16386
20230326T01:00:00+0000,0.52904,16386
20230326T02:00:00+0000,0.564564,16386
20230326T03:00:00+0000,0.555494,16386
20230326T04:00:00+0000,0.544632,16402
20230326T05:00:00+0000,0.539366,16402
20230326T06:00:00+0000,0.495922,16402
20230326T07:00:00+0000,0.485462,16402
20230326T08:00:00+0000,0.470918,16402
20230326T09:00:00+0000,0.471714,16402
20230326T10:00:00+0000,0.479813,16402
20230326T11:00:00+0000,0.503721,16402
20230326T12:00:00+0000,0.536687,16402
20230326T13:00:00+0000,0.600021,16402
20230326T14:00:00+0000,0.652367,16402
20230326T15:00:00+0000,0.653344,16386
20230326T16:00:00+0000,0.618514,16386
20230326T17:00:00+0000,0.537434,16386
20230326T18:00:00+0000,0.429837,16386
20230326T19:00:00+0000,0.499974,16386
20230326T20:00:00+0000,0.359566,16386
20230326T21:00:00+0000,0.38292,16386
20230326T22:00:00+0000,0.45819,16386
20230326T23:00:00+0000,0.545442,16386
20230327T00:00:00+0000,0.495353,16386
20230327T01:00:00+0000,0.536468,16386
20230327T02:00:00+0000,0.585573,16386
20230327T03:00:00+0000,0.594002,16386
20230327T04:00:00+0000,0.556981,16402
20230327T05:00:00+0000,0.51212,16402
20230327T06:00:00+0000,0.484043,16402
20230327T07:00:00+0000,0.455602,16402
20230327T08:00:00+0000,0.456831,16402
20230327T09:00:00+0000,0.462309,16402
20230327T10:00:00+0000,0.483844,16402
20230327T11:00:00+0000,0.520232,16402
20230327T12:00:00+0000,0.586417,16402
20230327T13:00:00+0000,0.654728,16402
20230327T14:00:00+0000,0.705581,16402
20230327T15:00:00+0000,0.676807,16386
20230327T16:00:00+0000,0.642276,16386
20230327T17:00:00+0000,0.573558,16386
20230327T18:00:00+0000,0.54313,16386
20230327T19:00:00+0000,0.471664,16386
20230327T20:00:00+0000,0.499067,16386
20230327T21:00:00+0000,0.496378,16386
20230327T22:00:00+0000,0.541088,16386
20230327T23:00:00+0000,0.560601,16386
20230328T00:00:00+0000,0.585567,16386
20230328T01:00:00+0000,0.5985,16386
20230328T02:00:00+0000,0.612717,16386
20230328T03:00:00+0000,0.584382,16386
20230328T04:00:00+0000,0.538012,16402
20230328T05:00:00+0000,0.477736,16402
20230328T06:00:00+0000,0.438108,16402
20230328T07:00:00+0000,0.422801,16402
20230328T08:00:00+0000,0.406,16402
20230328T09:00:00+0000,0.412255,16402
20230328T10:00:00+0000,0.413692,16402
20230328T11:00:00+0000,0.429388,16402
20230328T12:00:00+0000,0.492249,16402
20230328T13:00:00+0000,0.549829,16402
20230328T14:00:00+0000,0.596425,16402
20230328T15:00:00+0000,0.626053,16386
20230328T16:00:00+0000,0.631177,16386
20230328T17:00:00+0000,0.62654,16386
20230328T18:00:00+0000,0.618041,16386
20230328T19:00:00+0000,0.603488,16386
20230328T20:00:00+0000,0.597631,16386
20230328T21:00:00+0000,0.613578,16386
20230328T22:00:00+0000,0.628851,16386
20230328T23:00:00+0000,0.643813,16386
20230329T00:00:00+0000,0.616457,16386
20230329T01:00:00+0000,0.609255,16386
20230329T02:00:00+0000,0.62264,16386
20230329T03:00:00+0000,0.626439,16386
20230329T04:00:00+0000,0.572381,16402
20230329T05:00:00+0000,0.525805,16402
20230329T06:00:00+0000,0.484939,16402
20230329T07:00:00+0000,0.460414,16402
20230329T08:00:00+0000,0.455259,16402
20230329T09:00:00+0000,0.461735,16402
20230329T10:00:00+0000,0.474982,16402
20230329T11:00:00+0000,0.510057,16402
20230329T12:00:00+0000,0.573403,16402
20230329T13:00:00+0000,0.650654,16402
20230329T14:00:00+0000,0.707256,16402
20230329T15:00:00+0000,0.71509,16386
20230329T16:00:00+0000,0.682965,16386
20230329T17:00:00+0000,0.626448,16386
20230329T18:00:00+0000,0.587666,16386
20230329T19:00:00+0000,0.387867,16386
20230329T20:00:00+0000,0.3335,16386
20230329T21:00:00+0000,0.324337,16386
20230329T22:00:00+0000,0.298427,16386
20230329T23:00:00+0000,0.346052,16386
20230330T00:00:00+0000,0.384126,16386
20230330T01:00:00+0000,0.457223,16386
20230330T02:00:00+0000,0.491649,16386
20230330T03:00:00+0000,0.492877,16386
20230330T04:00:00+0000,0.470666,16402
20230330T05:00:00+0000,0.424033,16402
20230330T06:00:00+0000,0.398599,16402
20230330T07:00:00+0000,0.388268,16402
20230330T08:00:00+0000,0.384483,16402
20230330T09:00:00+0000,0.387651,16402
20230330T10:00:00+0000,0.398633,16402
20230330T11:00:00+0000,0.426852,16402
20230330T12:00:00+0000,0.483238,16402
20230330T13:00:00+0000,0.538759,16402
20230330T14:00:00+0000,0.585187,16402
20230330T15:00:00+0000,0.602857,16386
20230330T16:00:00+0000,0.573217,16386
20230330T17:00:00+0000,0.515071,16386
20230330T18:00:00+0000,0.460933,16386
20230330T19:00:00+0000,0.414157,16386
20230330T20:00:00+0000,0.387295,16386
20230330T21:00:00+0000,0.353144,16386
20230330T22:00:00+0000,0.340576,16386
20230330T23:00:00+0000,0.333916,16386
20230331T00:00:00+0000,0.401223,16386
20230331T01:00:00+0000,0.491427,16386
20230331T02:00:00+0000,0.518468,16386
20230331T03:00:00+0000,0.516962,16386
20230331T04:00:00+0000,0.483684,16402
20230331T05:00:00+0000,0.457056,16402
20230331T06:00:00+0000,0.431662,16402
20230331T07:00:00+0000,0.407502,16402
20230331T08:00:00+0000,0.398582,16402
20230331T09:00:00+0000,0.390696,16402
20230331T10:00:00+0000,0.404687,16402
20230331T11:00:00+0000,0.429193,16402
20230331T12:00:00+0000,0.476536,16402
20230331T13:00:00+0000,0.546614,16402
20230331T14:00:00+0000,0.586724,16402
20230331T15:00:00+0000,0.596356,16386
20230331T16:00:00+0000,0.572063,16386
20230331T17:00:00+0000,0.577012,16386
20230331T18:00:00+0000,0.575982,16386
20230331T19:00:00+0000,0.553184,16386
20230331T20:00:00+0000,0.538552,16386
20230331T21:00:00+0000,0.54673,16386
20230331T22:00:00+0000,0.57731,16386
20230331T23:00:00+0000,0.587737,16386
20230401T00:00:00+0000,0.598525,16386
20230401T01:00:00+0000,0.576505,16386
20230401T02:00:00+0000,0.572507,16386
20230401T03:00:00+0000,0.565612,16386
20230401T04:00:00+0000,0.556437,16402
20230401T05:00:00+0000,0.498511,16402
20230401T06:00:00+0000,0.456212,16402
20230401T07:00:00+0000,0.423854,16402
20230401T08:00:00+0000,0.408371,16402
20230401T09:00:00+0000,0.405305,16402
20230401T10:00:00+0000,0.406573,16402
20230401T11:00:00+0000,0.428057,16402
20230401T12:00:00+0000,0.465494,16402
20230401T13:00:00+0000,0.505333,16402
20230401T14:00:00+0000,0.563779,16402
20230401T15:00:00+0000,0.608924,16386
20230401T16:00:00+0000,0.611629,16386
20230401T17:00:00+0000,0.553743,16386
20230401T18:00:00+0000,0.460159,16386
20230401T19:00:00+0000,0.434215,16386
20230401T20:00:00+0000,0.393759,16386
20230401T21:00:00+0000,0.360291,16386
20230401T22:00:00+0000,0.295095,16386
20230401T23:00:00+0000,0.360242,16386
20230402T00:00:00+0000,0.437674,16386
20230402T01:00:00+0000,0.513569,16386
20230402T02:00:00+0000,0.517264,16386
20230402T03:00:00+0000,0.547132,16386
20230402T04:00:00+0000,0.530024,16402
20230402T05:00:00+0000,0.488199,16402
20230402T06:00:00+0000,0.466092,16402
20230402T07:00:00+0000,0.436257,16402
20230402T08:00:00+0000,0.422148,16402
20230402T09:00:00+0000,0.426254,16402
20230402T10:00:00+0000,0.438706,16402
20230402T11:00:00+0000,0.45532,16402
20230402T12:00:00+0000,0.481671,16402
20230402T13:00:00+0000,0.523635,16402
20230402T14:00:00+0000,0.579443,16402
20230402T15:00:00+0000,0.579067,16386
20230402T16:00:00+0000,0.552366,16386
20230402T17:00:00+0000,0.619619,16386
20230402T18:00:00+0000,0.529133,16386
20230402T19:00:00+0000,0.549403,16386
20230402T20:00:00+0000,0.450963,16386
20230402T21:00:00+0000,0.514001,16386
20230402T22:00:00+0000,0.485496,16386
20230402T23:00:00+0000,0.548897,16386
20230403T00:00:00+0000,0.556753,16386
20230403T01:00:00+0000,0.598318,16386
20230403T02:00:00+0000,0.644896,16386
20230403T03:00:00+0000,0.644286,16386
20230403T04:00:00+0000,0.594889,16402
20230403T05:00:00+0000,0.546135,16402
20230403T06:00:00+0000,0.498226,16402
20230403T07:00:00+0000,0.488661,16402
20230403T08:00:00+0000,0.467745,16402
20230403T09:00:00+0000,0.46681,16402
20230403T10:00:00+0000,0.481145,16402
20230403T11:00:00+0000,0.518439,16402
20230403T12:00:00+0000,0.591838,16402
20230403T13:00:00+0000,0.682291,16402
20230403T14:00:00+0000,0.732088,16402
20230403T15:00:00+0000,0.708898,16386
20230403T16:00:00+0000,0.65511,16386
20230403T17:00:00+0000,0.594583,16386
20230403T18:00:00+0000,0.526397,16386
20230403T19:00:00+0000,0.390421,16386
20230403T20:00:00+0000,0.402295,16386
20230403T21:00:00+0000,0.333614,16386
20230403T22:00:00+0000,0.338973,16386
20230403T23:00:00+0000,0.391671,16386
20230404T00:00:00+0000,0.455278,16386
20230404T01:00:00+0000,0.515744,16386
20230404T02:00:00+0000,0.55445,16386
20230404T03:00:00+0000,0.574847,16386
20230404T04:00:00+0000,0.544736,16402
20230404T05:00:00+0000,0.496166,16402
20230404T06:00:00+0000,0.458873,16402
20230404T07:00:00+0000,0.44751,16402
20230404T08:00:00+0000,0.440443,16402
20230404T09:00:00+0000,0.448141,16402
20230404T10:00:00+0000,0.460109,16402
20230404T11:00:00+0000,0.489264,16402
20230404T12:00:00+0000,0.54864,16402
20230404T13:00:00+0000,0.645037,16402
20230404T14:00:00+0000,0.693377,16402
20230404T15:00:00+0000,0.675722,16386
20230404T16:00:00+0000,0.641194,16386
20230404T17:00:00+0000,0.544138,16386
20230404T18:00:00+0000,0.545804,16386
20230404T19:00:00+0000,0.392821,16386
20230404T20:00:00+0000,0.450664,16386
20230404T21:00:00+0000,0.423607,16386
20230404T22:00:00+0000,0.320914,16386
20230404T23:00:00+0000,0.397354,16386
20230405T00:00:00+0000,0.451994,16386
20230405T01:00:00+0000,0.537185,16386
20230405T02:00:00+0000,0.543166,16386
20230405T03:00:00+0000,0.578292,16386
20230405T04:00:00+0000,0.540274,16402
20230405T05:00:00+0000,0.489488,16402
20230405T06:00:00+0000,0.445821,16402
20230405T07:00:00+0000,0.446422,16402
20230405T08:00:00+0000,0.446153,16402
20230405T09:00:00+0000,0.461322,16402
20230405T10:00:00+0000,0.490298,16402
20230405T11:00:00+0000,0.534399,16402
20230405T12:00:00+0000,0.602251,16402
20230405T13:00:00+0000,0.686394,16402
20230405T14:00:00+0000,0.719642,16402
20230405T15:00:00+0000,0.690304,16386
20230405T16:00:00+0000,0.642948,16386
20230405T17:00:00+0000,0.602877,16386
20230405T18:00:00+0000,0.567175,16386
20230405T19:00:00+0000,0.504632,16386
20230405T20:00:00+0000,0.489923,16386
20230405T21:00:00+0000,0.48004,16386
20230405T22:00:00+0000,0.50655,16386
20230405T23:00:00+0000,0.564568,16386
20230406T00:00:00+0000,0.570514,16386
20230406T01:00:00+0000,0.595203,16386
20230406T02:00:00+0000,0.589131,16386
20230406T03:00:00+0000,0.605546,16386
20230406T04:00:00+0000,0.542445,16402
20230406T05:00:00+0000,0.47893,16402
20230406T06:00:00+0000,0.426215,16402
20230406T07:00:00+0000,0.398406,16402
20230406T08:00:00+0000,0.389453,16402
20230406T09:00:00+0000,0.384543,16402
20230406T10:00:00+0000,0.396678,16402
20230406T11:00:00+0000,0.416723,16402
20230406T12:00:00+0000,0.47159,16402
20230406T13:00:00+0000,0.549875,16402
20230406T14:00:00+0000,0.584292,16402
20230406T15:00:00+0000,0.576768,16386
20230406T16:00:00+0000,0.562817,16386
20230406T17:00:00+0000,0.55177,16386
20230406T18:00:00+0000,0.53586,16386
20230406T19:00:00+0000,0.528476,16386
20230406T20:00:00+0000,0.516538,16386
20230406T21:00:00+0000,0.520833,16386
20230406T22:00:00+0000,0.519405,16386
20230406T23:00:00+0000,0.527501,16386
20230407T00:00:00+0000,0.525852,16386
20230407T01:00:00+0000,0.550643,16386
20230407T02:00:00+0000,0.527268,16386
20230407T03:00:00+0000,0.516088,16386
20230407T04:00:00+0000,0.481189,16402
20230407T05:00:00+0000,0.446629,16402
20230407T06:00:00+0000,0.387604,16402
20230407T07:00:00+0000,0.3659,16402
20230407T08:00:00+0000,0.34367,16402
20230407T09:00:00+0000,0.346483,16402
20230407T10:00:00+0000,0.344493,16402
20230407T11:00:00+0000,0.371726,16402
20230407T12:00:00+0000,0.415797,16402
20230407T13:00:00+0000,0.480567,16402
20230407T14:00:00+0000,0.521142,16402
20230407T15:00:00+0000,0.53796,16386
20230407T16:00:00+0000,0.542078,16386
20230407T17:00:00+0000,0.539529,16386
20230407T18:00:00+0000,0.524267,16386
20230407T19:00:00+0000,0.470129,16386
20230407T20:00:00+0000,0.488076,16386
20230407T21:00:00+0000,0.382623,16386
20230407T22:00:00+0000,0.382039,16386
20230407T23:00:00+0000,0.439146,16386
20230408T00:00:00+0000,0.477152,16386
20230408T01:00:00+0000,0.484808,16386
20230408T02:00:00+0000,0.494379,16386
20230408T03:00:00+0000,0.508323,16386
20230408T04:00:00+0000,0.495235,16402
20230408T05:00:00+0000,0.466161,16402
20230408T06:00:00+0000,0.423943,16402
20230408T07:00:00+0000,0.401746,16402
20230408T08:00:00+0000,0.378663,16402
20230408T09:00:00+0000,0.379286,16402
20230408T10:00:00+0000,0.378088,16402
20230408T11:00:00+0000,0.387704,16402
20230408T12:00:00+0000,0.419951,16402
20230408T13:00:00+0000,0.457168,16402
20230408T14:00:00+0000,0.524239,16402
20230408T15:00:00+0000,0.537229,16386
20230408T16:00:00+0000,0.532162,16386
20230408T17:00:00+0000,0.497219,16386
20230408T18:00:00+0000,0.450069,16386
20230408T19:00:00+0000,0.463196,16386
20230408T20:00:00+0000,0.396317,16386
20230408T21:00:00+0000,0.412277,16386
20230408T22:00:00+0000,0.428679,16386
20230408T23:00:00+0000,0.427596,16386
20230409T00:00:00+0000,0.445375,16386
20230409T01:00:00+0000,0.463738,16386
20230409T02:00:00+0000,0.470694,16386
20230409T03:00:00+0000,0.479633,16386
20230409T04:00:00+0000,0.444134,16402
20230409T05:00:00+0000,0.410041,16402
20230409T06:00:00+0000,0.369008,16402
20230409T07:00:00+0000,0.343599,16402
20230409T08:00:00+0000,0.329926,16402
20230409T09:00:00+0000,0.327274,16402
20230409T10:00:00+0000,0.321373,16402
20230409T11:00:00+0000,0.335831,16402
20230409T12:00:00+0000,0.355999,16402
20230409T13:00:00+0000,0.397282,16402
20230409T14:00:00+0000,0.452696,16402
20230409T15:00:00+0000,0.498568,16386
20230409T16:00:00+0000,0.535751,16386
20230409T17:00:00+0000,0.539594,16386
20230409T18:00:00+0000,0.537318,16386
20230409T19:00:00+0000,0.503338,16386
20230409T20:00:00+0000,0.514308,16386
20230409T21:00:00+0000,0.48148,16386
20230409T22:00:00+0000,0.493251,16386
20230409T23:00:00+0000,0.491223,16386
20230410T00:00:00+0000,0.499966,16386
20230410T01:00:00+0000,0.505523,16386
20230410T02:00:00+0000,0.519762,16386
20230410T03:00:00+0000,0.511973,16386
20230410T04:00:00+0000,0.464799,16402
20230410T05:00:00+0000,0.415444,16402
20230410T06:00:00+0000,0.367637,16402
20230410T07:00:00+0000,0.336939,16402
20230410T08:00:00+0000,0.32106,16402
20230410T09:00:00+0000,0.327423,16402
20230410T10:00:00+0000,0.335432,16402
20230410T11:00:00+0000,0.356003,16402
20230410T12:00:00+0000,0.396891,16402
20230410T13:00:00+0000,0.485753,16402
20230410T14:00:00+0000,0.545888,16402
20230410T15:00:00+0000,0.564443,16386
20230410T16:00:00+0000,0.558667,16386
20230410T17:00:00+0000,0.533461,16386
20230410T18:00:00+0000,0.549744,16386
20230410T19:00:00+0000,0.555005,16386
20230410T20:00:00+0000,0.536797,16386
20230410T21:00:00+0000,0.532069,16386
20230410T22:00:00+0000,0.533631,16386
20230410T23:00:00+0000,0.550198,16386
20230411T00:00:00+0000,0.586451,16386
20230411T01:00:00+0000,0.614606,16386
20230411T02:00:00+0000,0.608454,16386
20230411T03:00:00+0000,0.60226,16386
20230411T04:00:00+0000,0.542413,16402
20230411T05:00:00+0000,0.48887,16402
20230411T06:00:00+0000,0.436564,16402
20230411T07:00:00+0000,0.41794,16402
20230411T08:00:00+0000,0.421228,16402
20230411T09:00:00+0000,0.421361,16402
20230411T10:00:00+0000,0.432403,16402
20230411T11:00:00+0000,0.453857,16402
20230411T12:00:00+0000,0.516172,16402
20230411T13:00:00+0000,0.606768,16402
20230411T14:00:00+0000,0.653134,16402
20230411T15:00:00+0000,0.58661,16386
20230411T16:00:00+0000,0.564308,16386
20230411T17:00:00+0000,0.522198,16386
20230411T18:00:00+0000,0.478471,16386
20230411T19:00:00+0000,0.413891,16386
20230411T20:00:00+0000,0.301533,16386
20230411T21:00:00+0000,0.317706,16386
20230411T22:00:00+0000,0.305249,16386
20230411T23:00:00+0000,0.355289,16386
20230412T00:00:00+0000,0.419518,16386
20230412T01:00:00+0000,0.467865,16386
20230412T02:00:00+0000,0.527318,16386
20230412T03:00:00+0000,0.538026,16386
20230412T04:00:00+0000,0.511707,16402
20230412T05:00:00+0000,0.461589,16402
20230412T06:00:00+0000,0.415128,16402
20230412T07:00:00+0000,0.401478,16402
20230412T08:00:00+0000,0.404674,16402
20230412T09:00:00+0000,0.41531,16402
20230412T10:00:00+0000,0.447775,16402
20230412T11:00:00+0000,0.469295,16402
20230412T12:00:00+0000,0.544498,16402
20230412T13:00:00+0000,0.652831,16402
20230412T14:00:00+0000,0.676389,16402
20230412T15:00:00+0000,0.631517,16386
20230412T16:00:00+0000,0.540495,16386
20230412T17:00:00+0000,0.45892,16386
20230412T18:00:00+0000,0.389219,16386
20230412T19:00:00+0000,0.379278,16386
20230412T20:00:00+0000,0.33576,16386
20230412T21:00:00+0000,0.406488,16386
20230412T22:00:00+0000,0.407993,16386
20230412T23:00:00+0000,0.430991,16386
20230413T00:00:00+0000,0.445525,16386
20230413T01:00:00+0000,0.488605,16386
20230413T02:00:00+0000,0.530352,16386
20230413T03:00:00+0000,0.54687,16386
20230413T04:00:00+0000,0.525707,16402
20230413T05:00:00+0000,0.482232,16402
20230413T06:00:00+0000,0.449347,16402
20230413T07:00:00+0000,0.433274,16402
20230413T08:00:00+0000,0.430064,16402
20230413T09:00:00+0000,0.437089,16402
20230413T10:00:00+0000,0.454257,16402
20230413T11:00:00+0000,0.490911,16402
20230413T12:00:00+0000,0.556943,16402
20230413T13:00:00+0000,0.657565,16402
20230413T14:00:00+0000,0.692674,16386
20230413T15:00:00+0000,0.660007,16386
20230413T16:00:00+0000,0.616813,16386
20230413T17:00:00+0000,0.552386,16386
20230413T18:00:00+0000,0.462088,16386
20230413T19:00:00+0000,0.435895,16386
20230413T20:00:00+0000,0.393078,16386
20230413T21:00:00+0000,0.320042,16386
20230413T22:00:00+0000,0.396195,16386
20230413T23:00:00+0000,0.453398,16386
20230414T00:00:00+0000,0.473474,16386
20230414T01:00:00+0000,0.508188,16386
20230414T02:00:00+0000,0.506436,16386
20230414T03:00:00+0000,0.514307,16386
20230414T04:00:00+0000,0.489031,16402
20230414T05:00:00+0000,0.447677,16402
20230414T06:00:00+0000,0.397691,16402
20230414T07:00:00+0000,0.394539,16402
20230414T08:00:00+0000,0.404996,16402
20230414T09:00:00+0000,0.40117,16402
20230414T10:00:00+0000,0.415012,16402
20230414T11:00:00+0000,0.456616,16402
20230414T12:00:00+0000,0.516572,16402
20230414T13:00:00+0000,0.596687,16402
20230414T14:00:00+0000,0.634213,16386
20230414T15:00:00+0000,0.548007,16386
20230414T16:00:00+0000,0.4671,16386
20230414T17:00:00+0000,0.37303,16386
20230414T18:00:00+0000,0.304358,16386
20230414T19:00:00+0000,0.256863,16386
20230414T20:00:00+0000,0.220226,16386
20230414T21:00:00+0000,0.216146,16386
20230414T22:00:00+0000,0.232693,16386
20230414T23:00:00+0000,0.295336,16386
20230415T00:00:00+0000,0.319692,16386
20230415T01:00:00+0000,0.390681,16386
20230415T02:00:00+0000,0.423761,16386
20230415T03:00:00+0000,0.455465,16386
20230415T04:00:00+0000,0.448975,16402
20230415T05:00:00+0000,0.423068,16402
20230415T06:00:00+0000,0.372458,16402
20230415T07:00:00+0000,0.353548,16402
20230415T08:00:00+0000,0.350373,16402
20230415T09:00:00+0000,0.350745,16402
20230415T10:00:00+0000,0.360447,16402
20230415T11:00:00+0000,0.383886,16402
20230415T12:00:00+0000,0.412554,16402
20230415T13:00:00+0000,0.476053,16402
20230415T14:00:00+0000,0.536052,16386
20230415T15:00:00+0000,0.501426,16386
20230415T16:00:00+0000,0.467973,16386
20230415T17:00:00+0000,0.470159,16386
20230415T18:00:00+0000,0.474756,16386
20230415T19:00:00+0000,0.413098,16386
20230415T20:00:00+0000,0.381343,16386
20230415T21:00:00+0000,0.328505,16386
20230415T22:00:00+0000,0.348226,16386
20230415T23:00:00+0000,0.32679,16386
20230416T00:00:00+0000,0.379878,16386
20230416T01:00:00+0000,0.415658,16386
20230416T02:00:00+0000,0.448847,16386
20230416T03:00:00+0000,0.454079,16386
20230416T04:00:00+0000,0.440254,16402
20230416T05:00:00+0000,0.414921,16402
20230416T06:00:00+0000,0.371296,16402
20230416T07:00:00+0000,0.351934,16402
20230416T08:00:00+0000,0.342886,16402
20230416T09:00:00+0000,0.34723,16402
20230416T10:00:00+0000,0.350215,16402
20230416T11:00:00+0000,0.362327,16402
20230416T12:00:00+0000,0.376604,16402
20230416T13:00:00+0000,0.424737,16402
20230416T14:00:00+0000,0.486553,16386
20230416T15:00:00+0000,0.520834,16386
20230416T16:00:00+0000,0.539962,16386
20230416T17:00:00+0000,0.547077,16386
20230416T18:00:00+0000,0.536658,16386
20230416T19:00:00+0000,0.488719,16386
20230416T20:00:00+0000,0.484341,16386
20230416T21:00:00+0000,0.429641,16386
20230416T22:00:00+0000,0.469667,16386
20230416T23:00:00+0000,0.439775,16386
20230417T00:00:00+0000,0.469959,16386
20230417T01:00:00+0000,0.523968,16386
20230417T02:00:00+0000,0.556587,16386
20230417T03:00:00+0000,0.581282,16386
20230417T04:00:00+0000,0.541443,16402
20230417T05:00:00+0000,0.489246,16402
20230417T06:00:00+0000,0.428438,16402
20230417T07:00:00+0000,0.403211,16402
20230417T08:00:00+0000,0.3914,16402
20230417T09:00:00+0000,0.393132,16402
20230417T10:00:00+0000,0.414262,16402
20230417T11:00:00+0000,0.434036,16402
20230417T12:00:00+0000,0.498017,16402
20230417T13:00:00+0000,0.584438,16402
20230417T14:00:00+0000,0.611648,16386
20230417T15:00:00+0000,0.549891,16386
20230417T16:00:00+0000,0.528019,16386
20230417T17:00:00+0000,0.552295,16386
20230417T18:00:00+0000,0.557938,16386
20230417T19:00:00+0000,0.552491,16386
20230417T20:00:00+0000,0.353278,16386
20230417T21:00:00+0000,0.325591,16386
20230417T22:00:00+0000,0.457858,16386
20230417T23:00:00+0000,0.55606,16386
20230418T00:00:00+0000,0.578863,16386
20230418T01:00:00+0000,0.570054,16386
20230418T02:00:00+0000,0.586351,16386
20230418T03:00:00+0000,0.588829,16386
20230418T04:00:00+0000,0.572058,16402
20230418T05:00:00+0000,0.507604,16402
20230418T06:00:00+0000,0.465014,16402
20230418T07:00:00+0000,0.452067,16402
20230418T08:00:00+0000,0.442986,16402
20230418T09:00:00+0000,0.444029,16402
20230418T10:00:00+0000,0.459265,16402
20230418T11:00:00+0000,0.488312,16402
20230418T12:00:00+0000,0.574146,16402
20230418T13:00:00+0000,0.674307,16402
20230418T14:00:00+0000,0.705829,16386
20230418T15:00:00+0000,0.647321,16386
20230418T16:00:00+0000,0.564874,16386
20230418T17:00:00+0000,0.5043,16386
20230418T18:00:00+0000,0.489971,16386
20230418T19:00:00+0000,0.502431,16386
20230418T20:00:00+0000,0.515297,16386
20230418T21:00:00+0000,0.440693,16386
20230418T22:00:00+0000,0.492015,16386
20230418T23:00:00+0000,0.523762,16386
20230419T00:00:00+0000,0.557747,16386
20230419T01:00:00+0000,0.584106,16386
20230419T02:00:00+0000,0.59548,16386
20230419T03:00:00+0000,0.606653,16386
20230419T04:00:00+0000,0.561782,16402
20230419T05:00:00+0000,0.501122,16402
20230419T06:00:00+0000,0.45212,16402
20230419T07:00:00+0000,0.432169,16402
20230419T08:00:00+0000,0.418627,16402
20230419T09:00:00+0000,0.42417,16402
20230419T10:00:00+0000,0.438525,16402
20230419T11:00:00+0000,0.459961,16402
20230419T12:00:00+0000,0.535122,16402
20230419T13:00:00+0000,0.612559,16402
20230419T14:00:00+0000,0.647758,16386
20230419T15:00:00+0000,0.639519,16386
20230419T16:00:00+0000,0.613959,16386
20230419T17:00:00+0000,0.501855,16386
20230419T18:00:00+0000,0.535521,16386
20230419T19:00:00+0000,0.498093,16386
20230419T20:00:00+0000,0.437893,16386
20230419T21:00:00+0000,0.387232,16386
20230419T22:00:00+0000,0.401342,16386
20230419T23:00:00+0000,0.382711,16386
20230420T00:00:00+0000,0.428653,16386
20230420T01:00:00+0000,0.493561,16386
20230420T02:00:00+0000,0.523119,16386
20230420T03:00:00+0000,0.543434,16386
20230420T04:00:00+0000,0.539881,16402
20230420T05:00:00+0000,0.482454,16402
20230420T06:00:00+0000,0.441954,16402
20230420T07:00:00+0000,0.437325,16402
20230420T08:00:00+0000,0.436519,16402
20230420T09:00:00+0000,0.441495,16402
20230420T10:00:00+0000,0.466519,16402
20230420T11:00:00+0000,0.492,16402
20230420T12:00:00+0000,0.550142,16402
20230420T13:00:00+0000,0.633615,16402
20230420T14:00:00+0000,0.660151,16386
20230420T15:00:00+0000,0.639809,16386
20230420T16:00:00+0000,0.635606,16386
20230420T17:00:00+0000,0.629556,16386
20230420T18:00:00+0000,0.632837,16386
20230420T19:00:00+0000,0.614894,16386
20230420T20:00:00+0000,0.614339,16386
20230420T21:00:00+0000,0.585482,16386
20230420T22:00:00+0000,0.591292,16386
20230420T23:00:00+0000,0.627326,16386
20230421T00:00:00+0000,0.650602,16386
20230421T01:00:00+0000,0.631201,16386
20230421T02:00:00+0000,0.621681,16386
20230421T03:00:00+0000,0.599927,16386
20230421T04:00:00+0000,0.549986,16402
20230421T05:00:00+0000,0.492022,16402
20230421T06:00:00+0000,0.43973,16402
20230421T07:00:00+0000,0.417876,16402
20230421T08:00:00+0000,0.401944,16402
20230421T09:00:00+0000,0.392869,16402
20230421T10:00:00+0000,0.401613,16402
20230421T11:00:00+0000,0.426389,16402
20230421T12:00:00+0000,0.472204,16402
20230421T13:00:00+0000,0.533578,16402
20230421T14:00:00+0000,0.560033,16386
20230421T15:00:00+0000,0.539366,16386
20230421T16:00:00+0000,0.456161,16386
20230421T17:00:00+0000,0.467679,16386
20230421T18:00:00+0000,0.400884,16386
20230421T19:00:00+0000,0.353318,16386
20230421T20:00:00+0000,0.435378,16386
20230421T21:00:00+0000,0.394591,16386
20230421T22:00:00+0000,0.403087,16386
20230421T23:00:00+0000,0.445221,16386
20230422T00:00:00+0000,0.460126,16386
20230422T01:00:00+0000,0.463472,16386
20230422T02:00:00+0000,0.463523,16386
20230422T03:00:00+0000,0.467292,16386
20230422T04:00:00+0000,0.448743,16402
20230422T05:00:00+0000,0.396729,16402
20230422T06:00:00+0000,0.353307,16402
20230422T07:00:00+0000,0.332875,16402
20230422T08:00:00+0000,0.315338,16402
20230422T09:00:00+0000,0.309135,16402
20230422T10:00:00+0000,0.31568,16402
20230422T11:00:00+0000,0.322561,16402
20230422T12:00:00+0000,0.352364,16402
20230422T13:00:00+0000,0.38372,16402
20230422T14:00:00+0000,0.429411,16386
20230422T15:00:00+0000,0.46347,16386
20230422T16:00:00+0000,0.455437,16386
20230422T17:00:00+0000,0.454958,16386
20230422T18:00:00+0000,0.426914,16386
20230422T19:00:00+0000,0.306228,16386
20230422T20:00:00+0000,0.289729,16386
20230422T21:00:00+0000,0.220081,16386
20230422T22:00:00+0000,0.305691,16386
20230422T23:00:00+0000,0.350263,16386
20230423T00:00:00+0000,0.361542,16386
20230423T01:00:00+0000,0.393035,16386
20230423T02:00:00+0000,0.406461,16386
20230423T03:00:00+0000,0.410657,16386
20230423T04:00:00+0000,0.39259,16402
20230423T05:00:00+0000,0.35331,16402
20230423T06:00:00+0000,0.316963,16402
20230423T07:00:00+0000,0.292218,16402
20230423T08:00:00+0000,0.273392,16402
20230423T09:00:00+0000,0.266479,16402
20230423T10:00:00+0000,0.267553,16402
20230423T11:00:00+0000,0.27175,16402
20230423T12:00:00+0000,0.286919,16402
20230423T13:00:00+0000,0.327567,16402
20230423T14:00:00+0000,0.385089,16386
20230423T15:00:00+0000,0.436836,16386
20230423T16:00:00+0000,0.440152,16386
20230423T17:00:00+0000,0.442827,16386
20230423T18:00:00+0000,0.367693,16386
20230423T19:00:00+0000,0.377659,16386
20230423T20:00:00+0000,0.4087,16386
20230423T21:00:00+0000,0.3626,16386
20230423T22:00:00+0000,0.42111,16386
20230423T23:00:00+0000,0.465512,16386
20230424T00:00:00+0000,0.503391,16386
20230424T01:00:00+0000,0.524688,16386
20230424T02:00:00+0000,0.516939,16386
20230424T03:00:00+0000,0.51289,16386
20230424T04:00:00+0000,0.477249,16402
20230424T05:00:00+0000,0.431286,16402
20230424T06:00:00+0000,0.388855,16402
20230424T07:00:00+0000,0.357072,16402
20230424T08:00:00+0000,0.345541,16402
20230424T09:00:00+0000,0.340656,16402
20230424T10:00:00+0000,0.346642,16402
20230424T11:00:00+0000,0.384127,16402
20230424T12:00:00+0000,0.432144,16402
20230424T13:00:00+0000,0.512522,16402
20230424T14:00:00+0000,0.526993,16386
20230424T15:00:00+0000,0.469328,16386
20230424T16:00:00+0000,0.400918,16386
20230424T17:00:00+0000,0.384522,16386
20230424T18:00:00+0000,0.33405,16386
20230424T19:00:00+0000,0.267573,16386
20230424T20:00:00+0000,0.257751,16386
20230424T21:00:00+0000,0.239213,16386
20230424T22:00:00+0000,0.243096,16386
20230424T23:00:00+0000,0.290711,16386
20230425T00:00:00+0000,0.348798,16386
20230425T01:00:00+0000,0.423516,16386
20230425T02:00:00+0000,0.450598,16386
20230425T03:00:00+0000,0.463747,16386
20230425T04:00:00+0000,0.442862,16402
20230425T05:00:00+0000,0.392154,16402
20230425T06:00:00+0000,0.343962,16402
20230425T07:00:00+0000,0.334367,16402
20230425T08:00:00+0000,0.333427,16402
20230425T09:00:00+0000,0.343318,16402
20230425T10:00:00+0000,0.359832,16402
20230425T11:00:00+0000,0.395027,16402
20230425T12:00:00+0000,0.471996,16402
20230425T13:00:00+0000,0.57103,16402
20230425T14:00:00+0000,0.585148,16386
20230425T15:00:00+0000,0.489473,16386
20230425T16:00:00+0000,0.402528,16386
20230425T17:00:00+0000,0.317712,16386
20230425T18:00:00+0000,0.246385,16386
20230425T19:00:00+0000,0.205197,16386
20230425T20:00:00+0000,0.195894,16386
20230425T21:00:00+0000,0.185546,16386
20230425T22:00:00+0000,0.195643,16386
20230425T23:00:00+0000,0.265036,16386
20230426T00:00:00+0000,0.333592,16386
20230426T01:00:00+0000,0.39252,16386
20230426T02:00:00+0000,0.418386,16386
20230426T03:00:00+0000,0.43877,16386
20230426T04:00:00+0000,0.416264,16402
20230426T05:00:00+0000,0.355009,16402
20230426T06:00:00+0000,0.316403,16402
20230426T07:00:00+0000,0.29012,16402
20230426T08:00:00+0000,0.284483,16402
20230426T09:00:00+0000,0.280118,16402
20230426T10:00:00+0000,0.300887,16402
20230426T11:00:00+0000,0.320142,16402
20230426T12:00:00+0000,0.385249,16402
20230426T13:00:00+0000,0.465713,16402
20230426T14:00:00+0000,0.499113,16386
20230426T15:00:00+0000,0.429969,16386
20230426T16:00:00+0000,0.359064,16386
20230426T17:00:00+0000,0.279693,16386
20230426T18:00:00+0000,0.222582,16386
20230426T19:00:00+0000,0.195411,16386
20230426T20:00:00+0000,0.180562,16386
20230426T21:00:00+0000,0.204846,16386
20230426T22:00:00+0000,0.248895,16386
20230426T23:00:00+0000,0.300517,16386
20230427T00:00:00+0000,0.352655,16386
20230427T01:00:00+0000,0.401602,16386
20230427T02:00:00+0000,0.404945,16386
20230427T03:00:00+0000,0.42455,16386
20230427T04:00:00+0000,0.388996,16402
20230427T05:00:00+0000,0.326055,16402
20230427T06:00:00+0000,0.282007,16402
20230427T07:00:00+0000,0.262231,16402
20230427T08:00:00+0000,0.251882,16402
20230427T09:00:00+0000,0.249975,16402
20230427T10:00:00+0000,0.255315,16402
20230427T11:00:00+0000,0.274017,16402
20230427T12:00:00+0000,0.318533,16402
20230427T13:00:00+0000,0.393978,16402
20230427T14:00:00+0000,0.405397,16386
20230427T15:00:00+0000,0.360233,16386
20230427T16:00:00+0000,0.247985,16386
20230427T17:00:00+0000,0.216216,16386
20230427T18:00:00+0000,0.185262,16386
20230427T19:00:00+0000,0.163674,16386
20230427T20:00:00+0000,0.163099,16386
20230427T21:00:00+0000,0.18801,16386
20230427T22:00:00+0000,0.217724,16386
20230427T23:00:00+0000,0.277366,16386
20230428T00:00:00+0000,0.340314,16386
20230428T01:00:00+0000,0.399609,16386
20230428T02:00:00+0000,0.417468,16386
20230428T03:00:00+0000,0.414135,16386
20230428T04:00:00+0000,0.403862,16402
20230428T05:00:00+0000,0.351796,16402
20230428T06:00:00+0000,0.293323,16402
20230428T07:00:00+0000,0.263451,16402
20230428T08:00:00+0000,0.247307,16402
20230428T09:00:00+0000,0.242747,16402
20230428T10:00:00+0000,0.236038,16402
20230428T11:00:00+0000,0.253254,16402
20230428T12:00:00+0000,0.275544,16402
20230428T13:00:00+0000,0.318206,16402
20230428T14:00:00+0000,0.351693,16386
20230428T15:00:00+0000,0.317786,16386
20230428T16:00:00+0000,0.271611,16386
20230428T17:00:00+0000,0.234175,16386
20230428T18:00:00+0000,0.210484,16386
20230428T19:00:00+0000,0.194888,16386
20230428T20:00:00+0000,0.203361,16386
20230428T21:00:00+0000,0.229289,16386
20230428T22:00:00+0000,0.28568,16386
20230428T23:00:00+0000,0.360882,16386
20230429T00:00:00+0000,0.40775,16386
20230429T01:00:00+0000,0.451725,16386
20230429T02:00:00+0000,0.466337,16386
20230429T03:00:00+0000,0.452255,16386
20230429T04:00:00+0000,0.424742,16402
20230429T05:00:00+0000,0.378628,16402
20230429T06:00:00+0000,0.325487,16402
20230429T07:00:00+0000,0.279508,16402
20230429T08:00:00+0000,0.254166,16402
20230429T09:00:00+0000,0.245054,16402
20230429T10:00:00+0000,0.240501,16402
20230429T11:00:00+0000,0.243442,16402
20230429T12:00:00+0000,0.255397,16402
20230429T13:00:00+0000,0.280788,16402
20230429T14:00:00+0000,0.315304,16386
20230429T15:00:00+0000,0.296666,16386
20230429T16:00:00+0000,0.261732,16386
20230429T17:00:00+0000,0.220533,16386
20230429T18:00:00+0000,0.184741,16386
20230429T19:00:00+0000,0.165936,16386
20230429T20:00:00+0000,0.167323,16386
20230429T21:00:00+0000,0.190969,16386
20230429T22:00:00+0000,0.224692,16386
20230429T23:00:00+0000,0.291412,16386
20230430T00:00:00+0000,0.358957,16386
20230430T01:00:00+0000,0.420147,16386
20230430T02:00:00+0000,0.416631,16386
20230430T03:00:00+0000,0.400021,16386
20230430T04:00:00+0000,0.380262,16402
20230430T05:00:00+0000,0.332266,16402
20230430T06:00:00+0000,0.294669,16402
20230430T07:00:00+0000,0.264831,16402
20230430T08:00:00+0000,0.244267,16402
20230430T09:00:00+0000,0.240816,16402
20230430T10:00:00+0000,0.231577,16402
20230430T11:00:00+0000,0.237608,16402
20230430T12:00:00+0000,0.245483,16402
20230430T13:00:00+0000,0.272732,16402
20230430T14:00:00+0000,0.311688,16386
20230430T15:00:00+0000,0.335449,16386
20230430T16:00:00+0000,0.34513,16386
20230430T17:00:00+0000,0.326869,16386
20230430T18:00:00+0000,0.321128,16386
20230430T19:00:00+0000,0.362597,16386
20230430T20:00:00+0000,0.338824,16386
20230430T21:00:00+0000,0.342024,16386
20230430T22:00:00+0000,0.321874,16386
20230430T23:00:00+0000,0.278933,16386
20230501T00:00:00+0000,0.320958,16386
20230501T01:00:00+0000,0.389534,16386
20230501T02:00:00+0000,0.439142,16386
20230501T03:00:00+0000,0.440203,16386
20230501T04:00:00+0000,0.404976,16402
20230501T05:00:00+0000,0.350431,16402
20230501T06:00:00+0000,0.299459,16402
20230501T07:00:00+0000,0.274559,16402
20230501T08:00:00+0000,0.261437,16402
20230501T09:00:00+0000,0.259425,16402
20230501T10:00:00+0000,0.26031,16402
20230501T11:00:00+0000,0.275603,16402
20230501T12:00:00+0000,0.334578,16402
20230501T13:00:00+0000,0.401848,16402
20230501T14:00:00+0000,0.418253,16386
20230501T15:00:00+0000,0.378392,16386
20230501T16:00:00+0000,0.365638,16386
20230501T17:00:00+0000,0.36936,16386
20230501T18:00:00+0000,0.384589,16386
20230501T19:00:00+0000,0.253753,16386
20230501T20:00:00+0000,0.338072,16386
20230501T21:00:00+0000,0.253455,16386
20230501T22:00:00+0000,0.264635,16386
20230501T23:00:00+0000,0.329496,16386
20230502T00:00:00+0000,0.377798,16386
20230502T01:00:00+0000,0.407333,16386
20230502T02:00:00+0000,0.425073,16386
20230502T03:00:00+0000,0.434864,16386
20230502T04:00:00+0000,0.393595,16402
20230502T05:00:00+0000,0.347324,16402
20230502T06:00:00+0000,0.289572,16402
20230502T07:00:00+0000,0.271516,16402
20230502T08:00:00+0000,0.264643,16402
20230502T09:00:00+0000,0.251785,16402
20230502T10:00:00+0000,0.265836,16402
20230502T11:00:00+0000,0.283683,16402
20230502T12:00:00+0000,0.337068,16402
20230502T13:00:00+0000,0.403697,16402
20230502T14:00:00+0000,0.429122,16386
20230502T15:00:00+0000,0.409318,16386
20230502T16:00:00+0000,0.368287,16386
20230502T17:00:00+0000,0.344812,16386
20230502T18:00:00+0000,0.288493,16386
20230502T19:00:00+0000,0.249636,16386
20230502T20:00:00+0000,0.260855,16386
20230502T21:00:00+0000,0.26997,16386
20230502T22:00:00+0000,0.295122,16386
20230502T23:00:00+0000,0.334734,16386
20230503T00:00:00+0000,0.360662,16386
20230503T01:00:00+0000,0.394599,16386
20230503T02:00:00+0000,0.420381,16386
20230503T03:00:00+0000,0.4186,16386
20230503T04:00:00+0000,0.39414,16402
20230503T05:00:00+0000,0.345459,16402
20230503T06:00:00+0000,0.299048,16402
20230503T07:00:00+0000,0.273225,16402
20230503T08:00:00+0000,0.258432,16402
20230503T09:00:00+0000,0.26633,16402
20230503T10:00:00+0000,0.270199,16402
20230503T11:00:00+0000,0.287632,16402
20230503T12:00:00+0000,0.354204,16402
20230503T13:00:00+0000,0.399864,16402
20230503T14:00:00+0000,0.422888,16386
20230503T15:00:00+0000,0.373601,16386
20230503T16:00:00+0000,0.297835,16386
20230503T17:00:00+0000,0.228403,16386
20230503T18:00:00+0000,0.196871,16386
20230503T19:00:00+0000,0.180116,16386
20230503T20:00:00+0000,0.190108,16386
20230503T21:00:00+0000,0.198705,16386
20230503T22:00:00+0000,0.247987,16386
20230503T23:00:00+0000,0.279919,16386
20230504T00:00:00+0000,0.33387,16386
20230504T01:00:00+0000,0.392244,16386
20230504T02:00:00+0000,0.416783,16386
20230504T03:00:00+0000,0.411866,16386
20230504T04:00:00+0000,0.374952,16402
20230504T05:00:00+0000,0.320744,16402
20230504T06:00:00+0000,0.281492,16402
20230504T07:00:00+0000,0.268071,16402
20230504T08:00:00+0000,0.253496,16402
20230504T09:00:00+0000,0.250131,16402
20230504T10:00:00+0000,0.2563,16402
20230504T11:00:00+0000,0.273283,16402
20230504T12:00:00+0000,0.330567,16402
20230504T13:00:00+0000,0.398855,16402
20230504T14:00:00+0000,0.431137,16386
20230504T15:00:00+0000,0.447485,16386
20230504T16:00:00+0000,0.460756,16386
20230504T17:00:00+0000,0.468933,16386
20230504T18:00:00+0000,0.473332,16386
20230504T19:00:00+0000,0.486982,16386
20230504T20:00:00+0000,0.449937,16386
20230504T21:00:00+0000,0.434675,16386
20230504T22:00:00+0000,0.417129,16386
20230504T23:00:00+0000,0.418016,16386
20230505T00:00:00+0000,0.420836,16386
20230505T01:00:00+0000,0.435889,16386
20230505T02:00:00+0000,0.440773,16386
20230505T03:00:00+0000,0.444164,16386
20230505T04:00:00+0000,0.432701,16402
20230505T05:00:00+0000,0.372497,16402
20230505T06:00:00+0000,0.324012,16402
20230505T07:00:00+0000,0.308164,16402
20230505T08:00:00+0000,0.296225,16402
20230505T09:00:00+0000,0.290481,16402
20230505T10:00:00+0000,0.288575,16402
20230505T11:00:00+0000,0.315264,16402
20230505T12:00:00+0000,0.352208,16402
20230505T13:00:00+0000,0.418103,16402
20230505T14:00:00+0000,0.452242,16386
20230505T15:00:00+0000,0.413221,16386
20230505T16:00:00+0000,0.383439,16386
20230505T17:00:00+0000,0.377513,16386
20230505T18:00:00+0000,0.377071,16386
20230505T19:00:00+0000,0.4017,16386
20230505T20:00:00+0000,0.356289,16386
20230505T21:00:00+0000,0.301244,16386
20230505T22:00:00+0000,0.357016,16386
20230505T23:00:00+0000,0.367469,16386
20230506T00:00:00+0000,0.392706,16386
20230506T01:00:00+0000,0.412144,16386
20230506T02:00:00+0000,0.398435,16386
20230506T03:00:00+0000,0.384213,16386
20230506T04:00:00+0000,0.381443,16402
20230506T05:00:00+0000,0.348945,16402
20230506T06:00:00+0000,0.309562,16402
20230506T07:00:00+0000,0.289324,16402
20230506T08:00:00+0000,0.271253,16402
20230506T09:00:00+0000,0.268211,16402
20230506T10:00:00+0000,0.270124,16402
20230506T11:00:00+0000,0.283012,16402
20230506T12:00:00+0000,0.314285,16402
20230506T13:00:00+0000,0.352248,16402
20230506T14:00:00+0000,0.387929,16386
20230506T15:00:00+0000,0.373898,16386
20230506T16:00:00+0000,0.363363,16386
20230506T17:00:00+0000,0.309466,16386
20230506T18:00:00+0000,0.222438,16386
20230506T19:00:00+0000,0.200772,16386
20230506T20:00:00+0000,0.194526,16386
20230506T21:00:00+0000,0.267792,16386
20230506T22:00:00+0000,0.243068,16386
20230506T23:00:00+0000,0.272587,16386
20230507T00:00:00+0000,0.340004,16386
20230507T01:00:00+0000,0.358938,16386
20230507T02:00:00+0000,0.38357,16386
20230507T03:00:00+0000,0.386393,16386
20230507T04:00:00+0000,0.382472,16402
20230507T05:00:00+0000,0.348155,16402
20230507T06:00:00+0000,0.31857,16402
20230507T07:00:00+0000,0.280842,16402
20230507T08:00:00+0000,0.265833,16402
20230507T09:00:00+0000,0.261918,16402
20230507T10:00:00+0000,0.2667,16402
20230507T11:00:00+0000,0.285304,16402
20230507T12:00:00+0000,0.313268,16402
20230507T13:00:00+0000,0.342566,16402
20230507T14:00:00+0000,0.372698,16386
20230507T15:00:00+0000,0.390648,16386
20230507T16:00:00+0000,0.32529,16386
20230507T17:00:00+0000,0.291022,16386
20230507T18:00:00+0000,0.280161,16386
20230507T19:00:00+0000,0.233155,16386
20230507T20:00:00+0000,0.171925,16386
20230507T21:00:00+0000,0.193334,16386
20230507T22:00:00+0000,0.236863,16386
20230507T23:00:00+0000,0.339592,16386
20230508T00:00:00+0000,0.414894,16386
20230508T01:00:00+0000,0.42374,16386
20230508T02:00:00+0000,0.449153,16386
20230508T03:00:00+0000,0.441354,16386
20230508T04:00:00+0000,0.422222,16402
20230508T05:00:00+0000,0.355059,16402
20230508T06:00:00+0000,0.295506,16402
20230508T07:00:00+0000,0.269695,16402
20230508T08:00:00+0000,0.265495,16402
20230508T09:00:00+0000,0.25776,16402
20230508T10:00:00+0000,0.267731,16402
20230508T11:00:00+0000,0.301338,16402
20230508T12:00:00+0000,0.342967,16402
20230508T13:00:00+0000,0.42719,16402
20230508T14:00:00+0000,0.442263,16386
20230508T15:00:00+0000,0.407701,16386
20230508T16:00:00+0000,0.40889,16386
20230508T17:00:00+0000,0.38044,16386
20230508T18:00:00+0000,0.30911,16386
20230508T19:00:00+0000,0.284372,16386
20230508T20:00:00+0000,0.227197,16386
20230508T21:00:00+0000,0.332412,16386
20230508T22:00:00+0000,0.350224,16386
20230508T23:00:00+0000,0.346357,16386
20230509T00:00:00+0000,0.395651,16386
20230509T01:00:00+0000,0.423656,16386
20230509T02:00:00+0000,0.424935,16386
20230509T03:00:00+0000,0.423097,16386
20230509T04:00:00+0000,0.388896,16402
20230509T05:00:00+0000,0.344105,16402
20230509T06:00:00+0000,0.296464,16402
20230509T07:00:00+0000,0.275774,16402
20230509T08:00:00+0000,0.268371,16402
20230509T09:00:00+0000,0.267459,16402
20230509T10:00:00+0000,0.270335,16402
20230509T11:00:00+0000,0.284044,16402
20230509T12:00:00+0000,0.354934,16402
20230509T13:00:00+0000,0.42497,16402
20230509T14:00:00+0000,0.412274,16386
20230509T15:00:00+0000,0.366123,16386
20230509T16:00:00+0000,0.31493,16386
20230509T17:00:00+0000,0.282692,16386
20230509T18:00:00+0000,0.339858,16386
20230509T19:00:00+0000,0.34988,16386
20230509T20:00:00+0000,0.274571,16386
20230509T21:00:00+0000,0.196278,16386
20230509T22:00:00+0000,0.189861,16386
20230509T23:00:00+0000,0.260858,16386
20230510T00:00:00+0000,0.293756,16386
20230510T01:00:00+0000,0.372939,16386
20230510T02:00:00+0000,0.397698,16386
20230510T03:00:00+0000,0.403996,16386
20230510T04:00:00+0000,0.398417,16402
20230510T05:00:00+0000,0.352668,16402
20230510T06:00:00+0000,0.297983,16402
20230510T07:00:00+0000,0.280008,16402
20230510T08:00:00+0000,0.262331,16402
20230510T09:00:00+0000,0.267647,16402
20230510T10:00:00+0000,0.271054,16402
20230510T11:00:00+0000,0.289521,16402
20230510T12:00:00+0000,0.351848,16402
20230510T13:00:00+0000,0.42769,16402
20230510T14:00:00+0000,0.419816,16386
20230510T15:00:00+0000,0.354659,16386
20230510T16:00:00+0000,0.272281,16386
20230510T17:00:00+0000,0.228987,16386
20230510T18:00:00+0000,0.199334,16386
20230510T19:00:00+0000,0.17123,16386
20230510T20:00:00+0000,0.163634,16386
20230510T21:00:00+0000,0.176454,16386
20230510T22:00:00+0000,0.234464,16386
20230510T23:00:00+0000,0.280836,16386
20230511T00:00:00+0000,0.359185,16386
20230511T01:00:00+0000,0.3926,16386
20230511T02:00:00+0000,0.409945,16386
20230511T03:00:00+0000,0.404529,16386
20230511T04:00:00+0000,0.391293,16402
20230511T05:00:00+0000,0.324017,16402
20230511T06:00:00+0000,0.286303,16402
20230511T07:00:00+0000,0.257865,16402
20230511T08:00:00+0000,0.250748,16402
20230511T09:00:00+0000,0.245693,16402
20230511T10:00:00+0000,0.250694,16402
20230511T11:00:00+0000,0.266933,16402
20230511T12:00:00+0000,0.316205,16402
20230511T13:00:00+0000,0.387834,16402
20230511T14:00:00+0000,0.39194,16386
20230511T15:00:00+0000,0.33529,16386
20230511T16:00:00+0000,0.264097,16386
20230511T17:00:00+0000,0.230805,16386
20230511T18:00:00+0000,0.196419,16386
20230511T19:00:00+0000,0.178286,16386
20230511T20:00:00+0000,0.184857,16386
20230511T21:00:00+0000,0.199873,16386
20230511T22:00:00+0000,0.222148,16386
20230511T23:00:00+0000,0.271824,16386
20230512T00:00:00+0000,0.353312,16386
20230512T01:00:00+0000,0.42421,16386
20230512T02:00:00+0000,0.431455,16386
20230512T03:00:00+0000,0.432611,16386
20230512T04:00:00+0000,0.40715,16402
20230512T05:00:00+0000,0.359943,16402
20230512T06:00:00+0000,0.300942,16402
20230512T07:00:00+0000,0.273894,16402
20230512T08:00:00+0000,0.255264,16402
20230512T09:00:00+0000,0.249794,16402
20230512T10:00:00+0000,0.249983,16402
20230512T11:00:00+0000,0.265424,16402
20230512T12:00:00+0000,0.289056,16402
20230512T13:00:00+0000,0.334366,16402
20230512T14:00:00+0000,0.351754,16386
20230512T15:00:00+0000,0.311442,16386
20230512T16:00:00+0000,0.269434,16386
20230512T17:00:00+0000,0.221824,16386
20230512T18:00:00+0000,0.188501,16386
20230512T19:00:00+0000,0.189977,16386
20230512T20:00:00+0000,0.200485,16386
20230512T21:00:00+0000,0.236339,16386
20230512T22:00:00+0000,0.279496,16386
20230512T23:00:00+0000,0.326544,16386
20230513T00:00:00+0000,0.395218,16386
20230513T01:00:00+0000,0.465556,16386
20230513T02:00:00+0000,0.472569,16386
20230513T03:00:00+0000,0.451672,16386
20230513T04:00:00+0000,0.420568,16386
20230513T05:00:00+0000,0.372139,16402
20230513T06:00:00+0000,0.315359,16402
20230513T07:00:00+0000,0.282034,16402
20230513T08:00:00+0000,0.264004,16402
20230513T09:00:00+0000,0.249271,16402
20230513T10:00:00+0000,0.250087,16402
20230513T11:00:00+0000,0.24613,16402
20230513T12:00:00+0000,0.25027,16402
20230513T13:00:00+0000,0.282127,16402
20230513T14:00:00+0000,0.306772,16386
20230513T15:00:00+0000,0.285757,16386
20230513T16:00:00+0000,0.255962,16386
20230513T17:00:00+0000,0.234331,16386
20230513T18:00:00+0000,0.227446,16386
20230513T19:00:00+0000,0.223632,16386
20230513T20:00:00+0000,0.250354,16386
20230513T21:00:00+0000,0.286131,16386
20230513T22:00:00+0000,0.344058,16386
20230513T23:00:00+0000,0.416769,16386
20230514T00:00:00+0000,0.484663,16386
20230514T01:00:00+0000,0.534751,16386
20230514T02:00:00+0000,0.548712,16386
20230514T03:00:00+0000,0.532323,16386
20230514T04:00:00+0000,0.498352,16386
20230514T05:00:00+0000,0.443356,16402
20230514T06:00:00+0000,0.380896,16402
20230514T07:00:00+0000,0.328828,16402
20230514T08:00:00+0000,0.28496,16402
20230514T09:00:00+0000,0.270529,16402
20230514T10:00:00+0000,0.258752,16402
20230514T11:00:00+0000,0.25,16402
20230514T12:00:00+0000,0.255522,16402
20230514T13:00:00+0000,0.276515,16402
20230514T14:00:00+0000,0.305788,16386
20230514T15:00:00+0000,0.333639,16386
20230514T16:00:00+0000,0.32957,16386
20230514T17:00:00+0000,0.318388,16386
20230514T18:00:00+0000,0.301645,16386
20230514T19:00:00+0000,0.295165,16386
20230514T20:00:00+0000,0.305955,16386
20230514T21:00:00+0000,0.336459,16386
20230514T22:00:00+0000,0.391281,16386
20230514T23:00:00+0000,0.440675,16386
20230515T00:00:00+0000,0.512092,16386
20230515T01:00:00+0000,0.574649,16386
20230515T02:00:00+0000,0.601744,16386
20230515T03:00:00+0000,0.582141,16386
20230515T04:00:00+0000,0.546479,16386
20230515T05:00:00+0000,0.455199,16402
20230515T06:00:00+0000,0.38728,16402
20230515T07:00:00+0000,0.332803,16402
20230515T08:00:00+0000,0.294622,16402
20230515T09:00:00+0000,0.283834,16402
20230515T10:00:00+0000,0.268775,16402
20230515T11:00:00+0000,0.283296,16402
20230515T12:00:00+0000,0.306445,16402
20230515T13:00:00+0000,0.360474,16402
20230515T14:00:00+0000,0.381448,16386
20230515T15:00:00+0000,0.355173,16386
20230515T16:00:00+0000,0.337883,16386
20230515T17:00:00+0000,0.331575,16386
20230515T18:00:00+0000,0.334467,16386
20230515T19:00:00+0000,0.349989,16386
20230515T20:00:00+0000,0.362468,16386
20230515T21:00:00+0000,0.396247,16386
20230515T22:00:00+0000,0.428441,16386
20230515T23:00:00+0000,0.479943,16386
20230516T00:00:00+0000,0.527173,16386
20230516T01:00:00+0000,0.563308,16386
20230516T02:00:00+0000,0.537985,16386
20230516T03:00:00+0000,0.500272,16386
20230516T04:00:00+0000,0.456718,16386
20230516T05:00:00+0000,0.382865,16402
20230516T06:00:00+0000,0.325813,16402
20230516T07:00:00+0000,0.28607,16402
20230516T08:00:00+0000,0.265485,16402
20230516T09:00:00+0000,0.256407,16402
20230516T10:00:00+0000,0.250037,16402
20230516T11:00:00+0000,0.258844,16402
20230516T12:00:00+0000,0.295294,16402
20230516T13:00:00+0000,0.3532,16402
20230516T14:00:00+0000,0.369189,16386
20230516T15:00:00+0000,0.31322,16386
20230516T16:00:00+0000,0.274139,16386
20230516T17:00:00+0000,0.254858,16386
20230516T18:00:00+0000,0.242608,16386
20230516T19:00:00+0000,0.242846,16386
20230516T20:00:00+0000,0.25725,16386
20230516T21:00:00+0000,0.290145,16386
20230516T22:00:00+0000,0.360547,16386
20230516T23:00:00+0000,0.428986,16386
20230517T00:00:00+0000,0.498904,16386
20230517T01:00:00+0000,0.56549,16386
20230517T02:00:00+0000,0.563457,16386
20230517T03:00:00+0000,0.538075,16386
20230517T04:00:00+0000,0.509338,16386
20230517T05:00:00+0000,0.418801,16402
20230517T06:00:00+0000,0.342371,16402
20230517T07:00:00+0000,0.304514,16402
20230517T08:00:00+0000,0.275358,16402
20230517T09:00:00+0000,0.26697,16402
20230517T10:00:00+0000,0.259985,16402
20230517T11:00:00+0000,0.266194,16402
20230517T12:00:00+0000,0.293611,16402
20230517T13:00:00+0000,0.347929,16402
20230517T14:00:00+0000,0.359644,16386
20230517T15:00:00+0000,0.319029,16386
20230517T16:00:00+0000,0.278963,16386
20230517T17:00:00+0000,0.267213,16386
20230517T18:00:00+0000,0.262759,16386
20230517T19:00:00+0000,0.273608,16386
20230517T20:00:00+0000,0.29672,16386
20230517T21:00:00+0000,0.338093,16386
20230517T22:00:00+0000,0.422225,16386
20230517T23:00:00+0000,0.486489,16386
20230518T00:00:00+0000,0.57275,16386
20230518T01:00:00+0000,0.641838,16386
20230518T02:00:00+0000,0.640096,16386
20230518T03:00:00+0000,0.58596,16386
20230518T04:00:00+0000,0.524157,16386
20230518T05:00:00+0000,0.451783,16402
20230518T06:00:00+0000,0.359628,16402
20230518T07:00:00+0000,0.317216,16402
20230518T08:00:00+0000,0.2946,16402
20230518T09:00:00+0000,0.282403,16402
20230518T10:00:00+0000,0.276561,16402
20230518T11:00:00+0000,0.284351,16402
20230518T12:00:00+0000,0.302637,16402
20230518T13:00:00+0000,0.358096,16402
20230518T14:00:00+0000,0.376286,16386
20230518T15:00:00+0000,0.31972,16386
20230518T16:00:00+0000,0.300417,16386
20230518T17:00:00+0000,0.263085,16386
20230518T18:00:00+0000,0.255064,16386
20230518T19:00:00+0000,0.247904,16386
20230518T20:00:00+0000,0.267691,16386
20230518T21:00:00+0000,0.300107,16386
20230518T22:00:00+0000,0.332985,16386
20230518T23:00:00+0000,0.385246,16386
20230519T00:00:00+0000,0.445947,16386
20230519T01:00:00+0000,0.496328,16386
20230519T02:00:00+0000,0.478368,16386
20230519T03:00:00+0000,0.463075,16386
20230519T04:00:00+0000,0.432203,16386
20230519T05:00:00+0000,0.371345,16402
20230519T06:00:00+0000,0.315159,16402
20230519T07:00:00+0000,0.280978,16402
20230519T08:00:00+0000,0.257698,16402
20230519T09:00:00+0000,0.250604,16402
20230519T10:00:00+0000,0.251686,16402
20230519T11:00:00+0000,0.250581,16402
20230519T12:00:00+0000,0.278122,16402
20230519T13:00:00+0000,0.311846,16402
20230519T14:00:00+0000,0.347796,16386
20230519T15:00:00+0000,0.334683,16386
20230519T16:00:00+0000,0.28708,16386
20230519T17:00:00+0000,0.267535,16386
20230519T18:00:00+0000,0.2432,16386
20230519T19:00:00+0000,0.231494,16386
20230519T20:00:00+0000,0.246873,16386
20230519T21:00:00+0000,0.278675,16386
20230519T22:00:00+0000,0.345438,16386
20230519T23:00:00+0000,0.404606,16386
20230520T00:00:00+0000,0.466538,16386
20230520T01:00:00+0000,0.507549,16386
20230520T02:00:00+0000,0.485437,16386
20230520T03:00:00+0000,0.448586,16386
20230520T04:00:00+0000,0.428405,16386
20230520T05:00:00+0000,0.384595,16402
20230520T06:00:00+0000,0.321232,16402
20230520T07:00:00+0000,0.282985,16402
20230520T08:00:00+0000,0.252407,16402
20230520T09:00:00+0000,0.247571,16402
20230520T10:00:00+0000,0.235063,16402
20230520T11:00:00+0000,0.235737,16402
20230520T12:00:00+0000,0.250522,16402
20230520T13:00:00+0000,0.287672,16402
20230520T14:00:00+0000,0.318767,16386
20230520T15:00:00+0000,0.318134,16386
20230520T16:00:00+0000,0.317809,16386
20230520T17:00:00+0000,0.278844,16386
20230520T18:00:00+0000,0.257099,16386
20230520T19:00:00+0000,0.237731,16386
20230520T20:00:00+0000,0.244836,16386
20230520T21:00:00+0000,0.276745,16386
20230520T22:00:00+0000,0.305447,16386
20230520T23:00:00+0000,0.37811,16386
20230521T00:00:00+0000,0.429457,16386
20230521T01:00:00+0000,0.474228,16386
20230521T02:00:00+0000,0.456456,16386
20230521T03:00:00+0000,0.441793,16386
20230521T04:00:00+0000,0.419981,16386
20230521T05:00:00+0000,0.367503,16402
20230521T06:00:00+0000,0.320983,16402
20230521T07:00:00+0000,0.275954,16402
20230521T08:00:00+0000,0.263267,16402
20230521T09:00:00+0000,0.253571,16402
20230521T10:00:00+0000,0.238452,16402
20230521T11:00:00+0000,0.23698,16402
20230521T12:00:00+0000,0.250398,16402
20230521T13:00:00+0000,0.274589,16402
20230521T14:00:00+0000,0.310637,16386
20230521T15:00:00+0000,0.336958,16386
20230521T16:00:00+0000,0.326133,16386
20230521T17:00:00+0000,0.317211,16386
20230521T18:00:00+0000,0.296281,16386
20230521T19:00:00+0000,0.281835,16386
20230521T20:00:00+0000,0.258889,16386
20230521T21:00:00+0000,0.26653,16386
20230521T22:00:00+0000,0.343066,16386
20230521T23:00:00+0000,0.322557,16386
20230522T00:00:00+0000,0.393262,16386
20230522T01:00:00+0000,0.426251,16386
20230522T02:00:00+0000,0.433443,16386
20230522T03:00:00+0000,0.425679,16386
20230522T04:00:00+0000,0.402482,16386
20230522T05:00:00+0000,0.335286,16402
20230522T06:00:00+0000,0.29094,16402
20230522T07:00:00+0000,0.261684,16402
20230522T08:00:00+0000,0.235358,16402
20230522T09:00:00+0000,0.232558,16402
20230522T10:00:00+0000,0.233006,16402
20230522T11:00:00+0000,0.252401,16402
20230522T12:00:00+0000,0.29034,16402
20230522T13:00:00+0000,0.34714,16402
20230522T14:00:00+0000,0.38203,16386
20230522T15:00:00+0000,0.356737,16386
20230522T16:00:00+0000,0.355307,16386
20230522T17:00:00+0000,0.3638,16386
20230522T18:00:00+0000,0.354892,16386
20230522T19:00:00+0000,0.343588,16386
20230522T20:00:00+0000,0.32921,16386
20230522T21:00:00+0000,0.311005,16386
20230522T22:00:00+0000,0.251485,16386
20230522T23:00:00+0000,0.296657,16386
20230523T00:00:00+0000,0.345757,16386
20230523T01:00:00+0000,0.429888,16386
20230523T02:00:00+0000,0.443724,16386
20230523T03:00:00+0000,0.430064,16386
20230523T04:00:00+0000,0.407612,16386
20230523T05:00:00+0000,0.352537,16402
20230523T06:00:00+0000,0.306197,16402
20230523T07:00:00+0000,0.279674,16402
20230523T08:00:00+0000,0.2563,16402
20230523T09:00:00+0000,0.24961,16402
20230523T10:00:00+0000,0.258931,16402
20230523T11:00:00+0000,0.270358,16402
20230523T12:00:00+0000,0.314089,16402
20230523T13:00:00+0000,0.3728,16402
20230523T14:00:00+0000,0.401541,16386
20230523T15:00:00+0000,0.383081,16386
20230523T16:00:00+0000,0.31191,16386
20230523T17:00:00+0000,0.284977,16386
20230523T18:00:00+0000,0.318371,16386
20230523T19:00:00+0000,0.301857,16386
20230523T20:00:00+0000,0.266525,16386
20230523T21:00:00+0000,0.229742,16386
20230523T22:00:00+0000,0.271589,16386
20230523T23:00:00+0000,0.339777,16386
20230524T00:00:00+0000,0.372686,16386
20230524T01:00:00+0000,0.403217,16386
20230524T02:00:00+0000,0.408851,16386
20230524T03:00:00+0000,0.419526,16386
20230524T04:00:00+0000,0.393191,16386
20230524T05:00:00+0000,0.345347,16402
20230524T06:00:00+0000,0.302419,16402
20230524T07:00:00+0000,0.263791,16402
20230524T08:00:00+0000,0.252334,16402
20230524T09:00:00+0000,0.250834,16402
20230524T10:00:00+0000,0.259022,16402
20230524T11:00:00+0000,0.28274,16402
20230524T12:00:00+0000,0.315413,16402
20230524T13:00:00+0000,0.366896,16402
20230524T14:00:00+0000,0.372741,16386
20230524T15:00:00+0000,0.320137,16386
20230524T16:00:00+0000,0.29147,16386
20230524T17:00:00+0000,0.248134,16386
20230524T18:00:00+0000,0.211015,16386
20230524T19:00:00+0000,0.186193,16386
20230524T20:00:00+0000,0.175252,16386
20230524T21:00:00+0000,0.203023,16386
20230524T22:00:00+0000,0.25535,16386
20230524T23:00:00+0000,0.308532,16386
20230525T00:00:00+0000,0.392359,16386
20230525T01:00:00+0000,0.465118,16386
20230525T02:00:00+0000,0.484435,16386
20230525T03:00:00+0000,0.464143,16386
20230525T04:00:00+0000,0.444377,16386
20230525T05:00:00+0000,0.388462,16402
20230525T06:00:00+0000,0.328099,16402
20230525T07:00:00+0000,0.290029,16402
20230525T08:00:00+0000,0.284127,16402
20230525T09:00:00+0000,0.27823,16402
20230525T10:00:00+0000,0.283611,16402
20230525T11:00:00+0000,0.282153,16402
20230525T12:00:00+0000,0.303941,16402
20230525T13:00:00+0000,0.363475,16402
20230525T14:00:00+0000,0.373217,16386
20230525T15:00:00+0000,0.323038,16386
20230525T16:00:00+0000,0.267993,16386
20230525T17:00:00+0000,0.253063,16386
20230525T18:00:00+0000,0.229411,16386
20230525T19:00:00+0000,0.219704,16386
20230525T20:00:00+0000,0.22818,16386
20230525T21:00:00+0000,0.259504,16386
20230525T22:00:00+0000,0.303795,16386
20230525T23:00:00+0000,0.371063,16386
20230526T00:00:00+0000,0.451254,16386
20230526T01:00:00+0000,0.505395,16386
20230526T02:00:00+0000,0.521884,16386
20230526T03:00:00+0000,0.48513,16386
20230526T04:00:00+0000,0.458813,16386
20230526T05:00:00+0000,0.409944,16402
20230526T06:00:00+0000,0.343064,16402
20230526T07:00:00+0000,0.297466,16402
20230526T08:00:00+0000,0.282176,16402
20230526T09:00:00+0000,0.267536,16402
20230526T10:00:00+0000,0.267019,16402
20230526T11:00:00+0000,0.267525,16402
20230526T12:00:00+0000,0.288725,16402
20230526T13:00:00+0000,0.330723,16402
20230526T14:00:00+0000,0.34782,16386
20230526T15:00:00+0000,0.326956,16386
20230526T16:00:00+0000,0.291272,16386
20230526T17:00:00+0000,0.246226,16386
20230526T18:00:00+0000,0.230294,16386
20230526T19:00:00+0000,0.23542,16386
20230526T20:00:00+0000,0.258906,16386
20230526T21:00:00+0000,0.302953,16386
20230526T22:00:00+0000,0.388315,16386
20230526T23:00:00+0000,0.430273,16386
20230527T00:00:00+0000,0.466806,16386
20230527T01:00:00+0000,0.492419,16386
20230527T02:00:00+0000,0.492739,16386
20230527T03:00:00+0000,0.460188,16386
20230527T04:00:00+0000,0.436073,16386
20230527T05:00:00+0000,0.383582,16402
20230527T06:00:00+0000,0.319927,16402
20230527T07:00:00+0000,0.295593,16402
20230527T08:00:00+0000,0.262622,16402
20230527T09:00:00+0000,0.250067,16402
20230527T10:00:00+0000,0.249077,16402
20230527T11:00:00+0000,0.248313,16402
20230527T12:00:00+0000,0.252663,16402
20230527T13:00:00+0000,0.2719,16402
20230527T14:00:00+0000,0.320055,16386
20230527T15:00:00+0000,0.333631,16386
20230527T16:00:00+0000,0.322244,16386
20230527T17:00:00+0000,0.281454,16386
20230527T18:00:00+0000,0.327105,16386
20230527T19:00:00+0000,0.24411,16386
20230527T20:00:00+0000,0.234415,16386
20230527T21:00:00+0000,0.207487,16386
20230527T22:00:00+0000,0.251627,16386
20230527T23:00:00+0000,0.309515,16386
20230528T00:00:00+0000,0.365549,16386
20230528T01:00:00+0000,0.429241,16386
20230528T02:00:00+0000,0.426973,16386
20230528T03:00:00+0000,0.407023,16386
20230528T04:00:00+0000,0.395771,16386
20230528T05:00:00+0000,0.348496,16402
20230528T06:00:00+0000,0.306265,16402
20230528T07:00:00+0000,0.279173,16402
20230528T08:00:00+0000,0.245894,16402
20230528T09:00:00+0000,0.233266,16402
20230528T10:00:00+0000,0.233369,16402
20230528T11:00:00+0000,0.239906,16402
20230528T12:00:00+0000,0.255824,16402
20230528T13:00:00+0000,0.269651,16402
20230528T14:00:00+0000,0.290303,16386
20230528T15:00:00+0000,0.276243,16386
20230528T16:00:00+0000,0.255915,16386
20230528T17:00:00+0000,0.200753,16386
20230528T18:00:00+0000,0.168375,16386
20230528T19:00:00+0000,0.156305,16386
20230528T20:00:00+0000,0.173891,16386
20230528T21:00:00+0000,0.189845,16386
20230528T22:00:00+0000,0.253545,16386
20230528T23:00:00+0000,0.270341,16386
20230529T00:00:00+0000,0.343033,16386
20230529T01:00:00+0000,0.392721,16386
20230529T02:00:00+0000,0.417946,16386
20230529T03:00:00+0000,0.400253,16386
20230529T04:00:00+0000,0.385927,16386
20230529T05:00:00+0000,0.352772,16402
20230529T06:00:00+0000,0.299853,16402
20230529T07:00:00+0000,0.269352,16402
20230529T08:00:00+0000,0.248161,16402
20230529T09:00:00+0000,0.232165,16402
20230529T10:00:00+0000,0.226714,16402
20230529T11:00:00+0000,0.233339,16402
20230529T12:00:00+0000,0.256863,16402
20230529T13:00:00+0000,0.294519,16402
20230529T14:00:00+0000,0.305725,16386
20230529T15:00:00+0000,0.3041,16386
20230529T16:00:00+0000,0.289007,16386
20230529T17:00:00+0000,0.263708,16386
20230529T18:00:00+0000,0.245634,16386
20230529T19:00:00+0000,0.231223,16386
20230529T20:00:00+0000,0.233512,16386
20230529T21:00:00+0000,0.261514,16386
20230529T22:00:00+0000,0.315458,16386
20230529T23:00:00+0000,0.383712,16386
20230530T00:00:00+0000,0.457059,16386
20230530T01:00:00+0000,0.50361,16386
20230530T02:00:00+0000,0.499278,16386
20230530T03:00:00+0000,0.475386,16386
20230530T04:00:00+0000,0.451072,16386
20230530T05:00:00+0000,0.375315,16402
20230530T06:00:00+0000,0.307409,16402
20230530T07:00:00+0000,0.270385,16402
20230530T08:00:00+0000,0.255414,16402
20230530T09:00:00+0000,0.250238,16402
20230530T10:00:00+0000,0.247851,16402
20230530T11:00:00+0000,0.257357,16402
20230530T12:00:00+0000,0.304284,16402
20230530T13:00:00+0000,0.369041,16402
20230530T14:00:00+0000,0.39276,16386
20230530T15:00:00+0000,0.362645,16386
20230530T16:00:00+0000,0.390554,16386
20230530T17:00:00+0000,0.366245,16386
20230530T18:00:00+0000,0.371803,16386
20230530T19:00:00+0000,0.263615,16386
20230530T20:00:00+0000,0.290794,16386
20230530T21:00:00+0000,0.275221,16386
20230530T22:00:00+0000,0.263299,16386
20230530T23:00:00+0000,0.322442,16386
20230531T00:00:00+0000,0.420103,16386
20230531T01:00:00+0000,0.464994,16386
20230531T02:00:00+0000,0.469095,16386
20230531T03:00:00+0000,0.457141,16386
20230531T04:00:00+0000,0.447249,16386
20230531T05:00:00+0000,0.377017,16402
20230531T06:00:00+0000,0.330182,16402
20230531T07:00:00+0000,0.302981,16402
20230531T08:00:00+0000,0.286448,16402
20230531T09:00:00+0000,0.276282,16402
20230531T10:00:00+0000,0.282233,16402
20230531T11:00:00+0000,0.288323,16402
20230531T12:00:00+0000,0.33445,16402
20230531T13:00:00+0000,0.386882,16402
20230531T14:00:00+0000,0.395205,16386
20230531T15:00:00+0000,0.345677,16386
20230531T16:00:00+0000,0.292597,16386
20230531T17:00:00+0000,0.270852,16386
20230531T18:00:00+0000,0.299186,16386
20230531T19:00:00+0000,0.325824,16386
20230531T20:00:00+0000,0.311507,16386
20230531T21:00:00+0000,0.279458,16386
20230531T22:00:00+0000,0.334914,16386
20230531T23:00:00+0000,0.373761,16386
20230601T00:00:00+0000,0.416526,16386
20230601T01:00:00+0000,0.449687,16386
20230601T02:00:00+0000,0.447174,16386
20230601T03:00:00+0000,0.450445,16386
20230601T04:00:00+0000,0.424931,16386
20230601T05:00:00+0000,0.371391,16402
20230601T06:00:00+0000,0.323671,16402
20230601T07:00:00+0000,0.285523,16402
20230601T08:00:00+0000,0.281151,16402
20230601T09:00:00+0000,0.280982,16402
20230601T10:00:00+0000,0.291136,16402
20230601T11:00:00+0000,0.302375,16402
20230601T12:00:00+0000,0.345335,16402
20230601T13:00:00+0000,0.404391,16402
20230601T14:00:00+0000,0.42397,16386
20230601T15:00:00+0000,0.373692,16386
20230601T16:00:00+0000,0.308831,16386
20230601T17:00:00+0000,0.25478,16386
20230601T18:00:00+0000,0.22326,16386
20230601T19:00:00+0000,0.192378,16386
20230601T20:00:00+0000,0.189381,16386
20230601T21:00:00+0000,0.21336,16386
20230601T22:00:00+0000,0.253641,16386
20230601T23:00:00+0000,0.305317,16386
20230602T00:00:00+0000,0.380103,16386
20230602T01:00:00+0000,0.443194,16386
20230602T02:00:00+0000,0.457003,16386
20230602T03:00:00+0000,0.446774,16386
20230602T04:00:00+0000,0.43414,16386
20230602T05:00:00+0000,0.377643,16402
20230602T06:00:00+0000,0.326488,16402
20230602T07:00:00+0000,0.299238,16402
20230602T08:00:00+0000,0.281237,16402
20230602T09:00:00+0000,0.284912,16402
20230602T10:00:00+0000,0.284199,16402
20230602T11:00:00+0000,0.285729,16402
20230602T12:00:00+0000,0.324878,16402
20230602T13:00:00+0000,0.38919,16386
20230602T14:00:00+0000,0.415356,16386
20230602T15:00:00+0000,0.364876,16386
20230602T16:00:00+0000,0.294595,16386
20230602T17:00:00+0000,0.257112,16386
20230602T18:00:00+0000,0.238005,16386
20230602T19:00:00+0000,0.228794,16386
20230602T20:00:00+0000,0.24636,16386
20230602T21:00:00+0000,0.268116,16386
20230602T22:00:00+0000,0.307693,16386
20230602T23:00:00+0000,0.355004,16386
20230603T00:00:00+0000,0.396654,16386
20230603T01:00:00+0000,0.440444,16386
20230603T02:00:00+0000,0.443207,16386
20230603T03:00:00+0000,0.436831,16386
20230603T04:00:00+0000,0.429721,16386
20230603T05:00:00+0000,0.386905,16402
20230603T06:00:00+0000,0.328908,16402
20230603T07:00:00+0000,0.297443,16402
20230603T08:00:00+0000,0.284769,16402
20230603T09:00:00+0000,0.282035,16402
20230603T10:00:00+0000,0.284207,16402
20230603T11:00:00+0000,0.278581,16402
20230603T12:00:00+0000,0.2876,16402
20230603T13:00:00+0000,0.322578,16386
20230603T14:00:00+0000,0.347076,16386
20230603T15:00:00+0000,0.319277,16386
20230603T16:00:00+0000,0.271555,16386
20230603T17:00:00+0000,0.247561,16386
20230603T18:00:00+0000,0.223645,16386
20230603T19:00:00+0000,0.208113,16386
20230603T20:00:00+0000,0.215999,16386
20230603T21:00:00+0000,0.231654,16386
20230603T22:00:00+0000,0.26379,16386
20230603T23:00:00+0000,0.319002,16386
20230604T00:00:00+0000,0.388248,16386
20230604T01:00:00+0000,0.432821,16386
20230604T02:00:00+0000,0.436046,16386
20230604T03:00:00+0000,0.422014,16386
20230604T04:00:00+0000,0.412345,16386
20230604T05:00:00+0000,0.376988,16402
20230604T06:00:00+0000,0.325901,16402
20230604T07:00:00+0000,0.291503,16402
20230604T08:00:00+0000,0.272498,16402
20230604T09:00:00+0000,0.26098,16402
20230604T10:00:00+0000,0.250082,16402
20230604T11:00:00+0000,0.250531,16402
20230604T12:00:00+0000,0.261214,16402
20230604T13:00:00+0000,0.29389,16386
20230604T14:00:00+0000,0.300899,16386
20230604T15:00:00+0000,0.284339,16386
20230604T16:00:00+0000,0.259424,16386
20230604T17:00:00+0000,0.221025,16386
20230604T18:00:00+0000,0.198349,16386
20230604T19:00:00+0000,0.188219,16386
20230604T20:00:00+0000,0.188277,16386
20230604T21:00:00+0000,0.198893,16386
20230604T22:00:00+0000,0.236125,16386
20230604T23:00:00+0000,0.30334,16386
20230605T00:00:00+0000,0.376584,16386
20230605T01:00:00+0000,0.439445,16386
20230605T02:00:00+0000,0.471546,16386
20230605T03:00:00+0000,0.463233,16386
20230605T04:00:00+0000,0.440865,16386
20230605T05:00:00+0000,0.385312,16402
20230605T06:00:00+0000,0.330573,16402
20230605T07:00:00+0000,0.273813,16402
20230605T08:00:00+0000,0.241865,16402
20230605T09:00:00+0000,0.244109,16402
20230605T10:00:00+0000,0.239942,16402
20230605T11:00:00+0000,0.262893,16402
20230605T12:00:00+0000,0.299093,16402
20230605T13:00:00+0000,0.363445,16386
20230605T14:00:00+0000,0.381307,16386
20230605T15:00:00+0000,0.342808,16386
20230605T16:00:00+0000,0.288373,16386
20230605T17:00:00+0000,0.255947,16386
20230605T18:00:00+0000,0.220376,16386
20230605T19:00:00+0000,0.199489,16386
20230605T20:00:00+0000,0.209808,16386
20230605T21:00:00+0000,0.250377,16386
20230605T22:00:00+0000,0.302719,16386
20230605T23:00:00+0000,0.36388,16386
20230606T00:00:00+0000,0.448059,16386
20230606T01:00:00+0000,0.506552,16386
20230606T02:00:00+0000,0.52608,16386
20230606T03:00:00+0000,0.492355,16386
20230606T04:00:00+0000,0.454549,16386
20230606T05:00:00+0000,0.387788,16402
20230606T06:00:00+0000,0.32758,16402
20230606T07:00:00+0000,0.296279,16402
20230606T08:00:00+0000,0.275458,16402
20230606T09:00:00+0000,0.267942,16402
20230606T10:00:00+0000,0.266732,16402
20230606T11:00:00+0000,0.267425,16402
20230606T12:00:00+0000,0.296559,16402
20230606T13:00:00+0000,0.368423,16386
20230606T14:00:00+0000,0.393255,16386
20230606T15:00:00+0000,0.353908,16386
20230606T16:00:00+0000,0.306158,16386
20230606T17:00:00+0000,0.273363,16386
20230606T18:00:00+0000,0.258876,16386
20230606T19:00:00+0000,0.267217,16386
20230606T20:00:00+0000,0.303177,16386
20230606T21:00:00+0000,0.338425,16386
20230606T22:00:00+0000,0.40265,16386
20230606T23:00:00+0000,0.467115,16386
20230607T00:00:00+0000,0.545486,16386
20230607T01:00:00+0000,0.617778,16386
20230607T02:00:00+0000,0.613302,16386
20230607T03:00:00+0000,0.565966,16386
20230607T04:00:00+0000,0.523654,16386
20230607T05:00:00+0000,0.44634,16402
20230607T06:00:00+0000,0.371717,16402
20230607T07:00:00+0000,0.32391,16402
20230607T08:00:00+0000,0.29507,16402
20230607T09:00:00+0000,0.27692,16402
20230607T10:00:00+0000,0.276652,16402
20230607T11:00:00+0000,0.272747,16402
20230607T12:00:00+0000,0.305001,16402
20230607T13:00:00+0000,0.358983,16386
20230607T14:00:00+0000,0.392179,16386
20230607T15:00:00+0000,0.375981,16386
20230607T16:00:00+0000,0.422288,16386
20230607T17:00:00+0000,0.412169,16386
20230607T18:00:00+0000,0.410447,16386
20230607T19:00:00+0000,0.410557,16386
20230607T20:00:00+0000,0.434389,16386
20230607T21:00:00+0000,0.456399,16386
20230607T22:00:00+0000,0.450904,16386
20230607T23:00:00+0000,0.506548,16386
20230608T00:00:00+0000,0.536446,16386
20230608T01:00:00+0000,0.545372,16386
20230608T02:00:00+0000,0.529612,16386
20230608T03:00:00+0000,0.485728,16386
20230608T04:00:00+0000,0.462916,16386
20230608T05:00:00+0000,0.396492,16402
20230608T06:00:00+0000,0.343127,16402
20230608T07:00:00+0000,0.316331,16402
20230608T08:00:00+0000,0.288509,16402
20230608T09:00:00+0000,0.269029,16402
20230608T10:00:00+0000,0.267298,16402
20230608T11:00:00+0000,0.275189,16402
20230608T12:00:00+0000,0.297127,16402
20230608T13:00:00+0000,0.367889,16386
20230608T14:00:00+0000,0.407683,16386
20230608T15:00:00+0000,0.414027,16386
20230608T16:00:00+0000,0.402512,16386
20230608T17:00:00+0000,0.404562,16386
20230608T18:00:00+0000,0.40466,16386
20230608T19:00:00+0000,0.400787,16386
20230608T20:00:00+0000,0.401526,16386
20230608T21:00:00+0000,0.420284,16386
20230608T22:00:00+0000,0.431096,16386
20230608T23:00:00+0000,0.437052,16386
20230609T00:00:00+0000,0.465121,16386
20230609T01:00:00+0000,0.483099,16386
20230609T02:00:00+0000,0.470194,16386
20230609T03:00:00+0000,0.450371,16386
20230609T04:00:00+0000,0.445876,16386
20230609T05:00:00+0000,0.402457,16402
20230609T06:00:00+0000,0.347319,16402
20230609T07:00:00+0000,0.316058,16402
20230609T08:00:00+0000,0.301345,16402
20230609T09:00:00+0000,0.302034,16402
20230609T10:00:00+0000,0.284743,16402
20230609T11:00:00+0000,0.284102,16402
20230609T12:00:00+0000,0.307416,16402
20230609T13:00:00+0000,0.346255,16386
20230609T14:00:00+0000,0.386955,16386
20230609T15:00:00+0000,0.391589,16386
20230609T16:00:00+0000,0.398188,16386
20230609T17:00:00+0000,0.401795,16386
20230609T18:00:00+0000,0.400716,16386
20230609T19:00:00+0000,0.406269,16386
20230609T20:00:00+0000,0.386136,16386
20230609T21:00:00+0000,0.375514,16386
20230609T22:00:00+0000,0.376583,16386
20230609T23:00:00+0000,0.39103,16386
20230610T00:00:00+0000,0.433125,16386
20230610T01:00:00+0000,0.422914,16386
20230610T02:00:00+0000,0.422691,16386
20230610T03:00:00+0000,0.412964,16386
20230610T04:00:00+0000,0.402576,16386
20230610T05:00:00+0000,0.363927,16402
20230610T06:00:00+0000,0.323735,16402
20230610T07:00:00+0000,0.302882,16402
20230610T08:00:00+0000,0.280165,16402
20230610T09:00:00+0000,0.267712,16402
20230610T10:00:00+0000,0.266966,16402
20230610T11:00:00+0000,0.26697,16402
20230610T12:00:00+0000,0.276934,16402
20230610T13:00:00+0000,0.301712,16386
20230610T14:00:00+0000,0.306701,16386
20230610T15:00:00+0000,0.326321,16386
20230610T16:00:00+0000,0.280696,16386
20230610T17:00:00+0000,0.25182,16386
20230610T18:00:00+0000,0.235968,16386
20230610T19:00:00+0000,0.223898,16386
20230610T20:00:00+0000,0.191332,16386
20230610T21:00:00+0000,0.212409,16386
20230610T22:00:00+0000,0.267314,16386
20230610T23:00:00+0000,0.327301,16386
20230611T00:00:00+0000,0.389088,16386
20230611T01:00:00+0000,0.43915,16386
20230611T02:00:00+0000,0.452034,16386
20230611T03:00:00+0000,0.434997,16386
20230611T04:00:00+0000,0.420164,16386
20230611T05:00:00+0000,0.368199,16402
20230611T06:00:00+0000,0.331844,16402
20230611T07:00:00+0000,0.298674,16402
20230611T08:00:00+0000,0.267184,16402
20230611T09:00:00+0000,0.257762,16402
20230611T10:00:00+0000,0.24969,16402
20230611T11:00:00+0000,0.249664,16402
20230611T12:00:00+0000,0.263971,16402
20230611T13:00:00+0000,0.267127,16386
20230611T14:00:00+0000,0.282768,16386
20230611T15:00:00+0000,0.287321,16386
20230611T16:00:00+0000,0.262732,16386
20230611T17:00:00+0000,0.219133,16386
20230611T18:00:00+0000,0.209104,16386
20230611T19:00:00+0000,0.210151,16386
20230611T20:00:00+0000,0.222401,16386
20230611T21:00:00+0000,0.278581,16386
20230611T22:00:00+0000,0.322821,16386
20230611T23:00:00+0000,0.394436,16386
20230612T00:00:00+0000,0.45133,16386
20230612T01:00:00+0000,0.519161,16386
20230612T02:00:00+0000,0.538504,16386
20230612T03:00:00+0000,0.515696,16386
20230612T04:00:00+0000,0.482322,16386
20230612T05:00:00+0000,0.416997,16402
20230612T06:00:00+0000,0.342146,16402
20230612T07:00:00+0000,0.293587,16402
20230612T08:00:00+0000,0.266886,16402
20230612T09:00:00+0000,0.265766,16402
20230612T10:00:00+0000,0.249752,16402
20230612T11:00:00+0000,0.257566,16402
20230612T12:00:00+0000,0.290574,16402
20230612T13:00:00+0000,0.339342,16386
20230612T14:00:00+0000,0.366906,16386
20230612T15:00:00+0000,0.334863,16386
20230612T16:00:00+0000,0.298167,16386
20230612T17:00:00+0000,0.289082,16386
20230612T18:00:00+0000,0.302681,16386
20230612T19:00:00+0000,0.306881,16386
20230612T20:00:00+0000,0.330408,16386
20230612T21:00:00+0000,0.369458,16386
20230612T22:00:00+0000,0.427902,16386
20230612T23:00:00+0000,0.496351,16386
20230613T00:00:00+0000,0.54945,16386
20230613T01:00:00+0000,0.590482,16386
20230613T02:00:00+0000,0.605062,16386
20230613T03:00:00+0000,0.564174,16386
20230613T04:00:00+0000,0.517764,16386
20230613T05:00:00+0000,0.443106,16402
20230613T06:00:00+0000,0.365147,16402
20230613T07:00:00+0000,0.328887,16402
20230613T08:00:00+0000,0.302806,16402
20230613T09:00:00+0000,0.287857,16402
20230613T10:00:00+0000,0.285981,16402
20230613T11:00:00+0000,0.292751,16402
20230613T12:00:00+0000,0.316284,16402
20230613T13:00:00+0000,0.36706,16386
20230613T14:00:00+0000,0.370148,16386
20230613T15:00:00+0000,0.340693,16386
20230613T16:00:00+0000,0.334363,16386
20230613T17:00:00+0000,0.316196,16386
20230613T18:00:00+0000,0.333728,16386
20230613T19:00:00+0000,0.268198,16386
20230613T20:00:00+0000,0.232244,16386
20230613T21:00:00+0000,0.257324,16386
20230613T22:00:00+0000,0.289198,16386
20230613T23:00:00+0000,0.352206,16386
20230614T00:00:00+0000,0.38954,16386
20230614T01:00:00+0000,0.443994,16386
20230614T02:00:00+0000,0.465566,16386
20230614T03:00:00+0000,0.427282,16386
20230614T04:00:00+0000,0.415355,16386
20230614T05:00:00+0000,0.364656,16402
20230614T06:00:00+0000,0.316851,16402
20230614T07:00:00+0000,0.292882,16402
20230614T08:00:00+0000,0.26909,16402
20230614T09:00:00+0000,0.260386,16402
20230614T10:00:00+0000,0.257749,16402
20230614T11:00:00+0000,0.275014,16402
20230614T12:00:00+0000,0.306778,16402
20230614T13:00:00+0000,0.358925,16386
20230614T14:00:00+0000,0.372207,16386
20230614T15:00:00+0000,0.365229,16386
20230614T16:00:00+0000,0.363886,16386
20230614T17:00:00+0000,0.339233,16386
20230614T18:00:00+0000,0.327375,16386
20230614T19:00:00+0000,0.208907,16386
20230614T20:00:00+0000,0.201389,16386
20230614T21:00:00+0000,0.182403,16386
20230614T22:00:00+0000,0.213946,16386
20230614T23:00:00+0000,0.268048,16386
20230615T00:00:00+0000,0.342783,16386
20230615T01:00:00+0000,0.405578,16386
20230615T02:00:00+0000,0.420633,16386
20230615T03:00:00+0000,0.420692,16386
20230615T04:00:00+0000,0.409741,16386
20230615T05:00:00+0000,0.368427,16402
20230615T06:00:00+0000,0.307029,16402
20230615T07:00:00+0000,0.276585,16402
20230615T08:00:00+0000,0.266132,16402
20230615T09:00:00+0000,0.267696,16402
20230615T10:00:00+0000,0.274933,16402
20230615T11:00:00+0000,0.284551,16402
20230615T12:00:00+0000,0.334865,16402
20230615T13:00:00+0000,0.384499,16386
20230615T14:00:00+0000,0.393206,16386
20230615T15:00:00+0000,0.347523,16386
20230615T16:00:00+0000,0.292512,16386
20230615T17:00:00+0000,0.255885,16386
20230615T18:00:00+0000,0.254548,16386
20230615T19:00:00+0000,0.225594,16386
20230615T20:00:00+0000,0.225245,16386
20230615T21:00:00+0000,0.240882,16386
20230615T22:00:00+0000,0.284947,16386
20230615T23:00:00+0000,0.336759,16386
20230616T00:00:00+0000,0.384571,16386
20230616T01:00:00+0000,0.432162,16386
20230616T02:00:00+0000,0.451273,16386
20230616T03:00:00+0000,0.425232,16386
20230616T04:00:00+0000,0.431393,16386
20230616T05:00:00+0000,0.387524,16402
20230616T06:00:00+0000,0.330727,16402
20230616T07:00:00+0000,0.294572,16402
20230616T08:00:00+0000,0.267808,16402
20230616T09:00:00+0000,0.267172,16402
20230616T10:00:00+0000,0.250897,16402
20230616T11:00:00+0000,0.258565,16402
20230616T12:00:00+0000,0.283743,16402
20230616T13:00:00+0000,0.33378,16386
20230616T14:00:00+0000,0.335177,16386
20230616T15:00:00+0000,0.319195,16386
20230616T16:00:00+0000,0.308386,16386
20230616T17:00:00+0000,0.286571,16386
20230616T18:00:00+0000,0.271887,16386
20230616T19:00:00+0000,0.28941,16386
20230616T20:00:00+0000,0.329038,16386
20230616T21:00:00+0000,0.359403,16386
20230616T22:00:00+0000,0.411349,16386
20230616T23:00:00+0000,0.459052,16386
20230617T00:00:00+0000,0.470043,16386
20230617T01:00:00+0000,0.476894,16386
20230617T02:00:00+0000,0.46504,16386
20230617T03:00:00+0000,0.441569,16386
20230617T04:00:00+0000,0.438398,16386
20230617T05:00:00+0000,0.392092,16402
20230617T06:00:00+0000,0.343579,16402
20230617T07:00:00+0000,0.294569,16402
20230617T08:00:00+0000,0.274174,16402
20230617T09:00:00+0000,0.266902,16402
20230617T10:00:00+0000,0.25797,16402
20230617T11:00:00+0000,0.24937,16402
20230617T12:00:00+0000,0.260715,16402
20230617T13:00:00+0000,0.28337,16386
20230617T14:00:00+0000,0.317234,16386
20230617T15:00:00+0000,0.336483,16386
20230617T16:00:00+0000,0.347972,16386
20230617T17:00:00+0000,0.360659,16386
20230617T18:00:00+0000,0.340427,16386
20230617T19:00:00+0000,0.289947,16386
20230617T20:00:00+0000,0.224962,16386
20230617T21:00:00+0000,0.283625,16386
20230617T22:00:00+0000,0.254099,16386
20230617T23:00:00+0000,0.297182,16386
20230618T00:00:00+0000,0.370546,16386
20230618T01:00:00+0000,0.378544,16386
20230618T02:00:00+0000,0.385472,16386
20230618T03:00:00+0000,0.390022,16386
20230618T04:00:00+0000,0.382854,16386
20230618T05:00:00+0000,0.34633,16402
20230618T06:00:00+0000,0.317723,16402
20230618T07:00:00+0000,0.28456,16402
20230618T08:00:00+0000,0.258963,16402
20230618T09:00:00+0000,0.241954,16402
20230618T10:00:00+0000,0.231498,16402
20230618T11:00:00+0000,0.249887,16402
20230618T12:00:00+0000,0.255048,16402
20230618T13:00:00+0000,0.276368,16386
20230618T14:00:00+0000,0.30078,16386
20230618T15:00:00+0000,0.317799,16386
20230618T16:00:00+0000,0.323983,16386
20230618T17:00:00+0000,0.32737,16386
20230618T18:00:00+0000,0.345904,16386
20230618T19:00:00+0000,0.323761,16386
20230618T20:00:00+0000,0.339003,16386
20230618T21:00:00+0000,0.247459,16386
20230618T22:00:00+0000,0.19895,16386
20230618T23:00:00+0000,0.275736,16386
20230619T00:00:00+0000,0.329623,16386
20230619T01:00:00+0000,0.351736,16386
20230619T02:00:00+0000,0.375816,16386
20230619T03:00:00+0000,0.379899,16386
20230619T04:00:00+0000,0.37398,16386
20230619T05:00:00+0000,0.341202,16402
20230619T06:00:00+0000,0.279557,16402
20230619T07:00:00+0000,0.250185,16402
20230619T08:00:00+0000,0.249331,16402
20230619T09:00:00+0000,0.243777,16402
20230619T10:00:00+0000,0.250261,16402
20230619T11:00:00+0000,0.259042,16402
20230619T12:00:00+0000,0.300565,16402
20230619T13:00:00+0000,0.342704,16386
20230619T14:00:00+0000,0.369888,16386
20230619T15:00:00+0000,0.37377,16386
20230619T16:00:00+0000,0.321928,16386
20230619T17:00:00+0000,0.317243,16386
20230619T18:00:00+0000,0.315603,16386
20230619T19:00:00+0000,0.344352,16386
20230619T20:00:00+0000,0.424819,16386
20230619T21:00:00+0000,0.389713,16386
20230619T22:00:00+0000,0.314662,16386
20230619T23:00:00+0000,0.323241,16386
20230620T00:00:00+0000,0.351108,16386
20230620T01:00:00+0000,0.408686,16386
20230620T02:00:00+0000,0.414518,16386
20230620T03:00:00+0000,0.421437,16386
20230620T04:00:00+0000,0.402796,16386
20230620T05:00:00+0000,0.361053,16402
20230620T06:00:00+0000,0.315436,16402
20230620T07:00:00+0000,0.284373,16402
20230620T08:00:00+0000,0.254662,16402
20230620T09:00:00+0000,0.249903,16402
20230620T10:00:00+0000,0.256262,16402
20230620T11:00:00+0000,0.275731,16402
20230620T12:00:00+0000,0.301231,16402
20230620T13:00:00+0000,0.352975,16386
20230620T14:00:00+0000,0.372303,16386
20230620T15:00:00+0000,0.338266,16386
20230620T16:00:00+0000,0.287374,16386
20230620T17:00:00+0000,0.356989,16386
20230620T18:00:00+0000,0.380477,16386
20230620T19:00:00+0000,0.361072,16386
20230620T20:00:00+0000,0.383696,16386
20230620T21:00:00+0000,0.320148,16386
20230620T22:00:00+0000,0.237062,16386
20230620T23:00:00+0000,0.35827,16386
20230621T00:00:00+0000,0.363294,16386
20230621T01:00:00+0000,0.383917,16386
20230621T02:00:00+0000,0.410334,16386
20230621T03:00:00+0000,0.407476,16386
20230621T04:00:00+0000,0.391401,16386
20230621T05:00:00+0000,0.358768,16402
20230621T06:00:00+0000,0.313398,16402
20230621T07:00:00+0000,0.277424,16402
20230621T08:00:00+0000,0.267474,16402
20230621T09:00:00+0000,0.261735,16402
20230621T10:00:00+0000,0.264187,16402
20230621T11:00:00+0000,0.269297,16402
20230621T12:00:00+0000,0.306325,16402
20230621T13:00:00+0000,0.35974,16386
20230621T14:00:00+0000,0.385796,16386
20230621T15:00:00+0000,0.324572,16386
20230621T16:00:00+0000,0.274144,16386
20230621T17:00:00+0000,0.238133,16386
20230621T18:00:00+0000,0.219393,16386
20230621T19:00:00+0000,0.200229,16386
20230621T20:00:00+0000,0.199906,16386
20230621T21:00:00+0000,0.236662,16386
20230621T22:00:00+0000,0.275303,16386
20230621T23:00:00+0000,0.333983,16386
20230622T00:00:00+0000,0.404,16386
20230622T01:00:00+0000,0.469039,16386
20230622T02:00:00+0000,0.486518,16386
20230622T03:00:00+0000,0.472204,16386
20230622T04:00:00+0000,0.448799,16386
20230622T05:00:00+0000,0.411111,16402
20230622T06:00:00+0000,0.344557,16402
