timestamp,0.0,10.0,20.0,30.0,40.0,50.0,60.0,70.0,80.0,90.0,100.0
2023-06-01 06:00:00+00:00,0.273456,0.311399,0.337667,0.360627,0.366505,0.374078,0.383472,0.394479,0.415883,0.447142,0.528585
2023-06-01 07:00:00+00:00,0.250749,0.281996,0.311376,0.333229,0.336941,0.346992,0.354068,0.369779,0.382135,0.423525,0.492796
2023-06-01 08:00:00+00:00,0.242739,0.270724,0.289615,0.306731,0.316033,0.324977,0.33361,0.335973,0.345551,0.38852,0.457815
2023-06-01 09:00:00+00:00,0.229945,0.26541,0.287621,0.296392,0.301821,0.304518,0.315157,0.321288,0.331858,0.37372,0.416609
2023-06-01 10:00:00+00:00,0.252478,0.281962,0.295735,0.309117,0.318672,0.344341,0.358506,0.362771,0.369687,0.386884,0.429461
2023-06-01 11:00:00+00:00,0.250346,0.281835,0.297533,0.327708,0.336215,0.35846,0.366229,0.371001,0.378734,0.399458,0.425023
2023-06-01 12:00:00+00:00,0.258414,0.292301,0.300104,0.34622,0.358852,0.381455,0.392185,0.39668,0.404322,0.419571,0.441563
2023-06-01 13:00:00+00:00,0.268787,0.296588,0.306063,0.334693,0.353481,0.372291,0.385454,0.394214,0.401003,0.416851,0.443177
2023-06-01 14:00:00+00:00,0.281351,0.308759,0.325265,0.334209,0.351118,0.361342,0.374412,0.395631,0.399331,0.421703,0.442082
2023-06-01 15:00:00+00:00,0.293799,0.323801,0.329587,0.344802,0.357215,0.364396,0.37379,0.39864,0.418315,0.424274,0.474758
2023-06-01 16:00:00+00:00,0.306996,0.338416,0.34313,0.346704,0.368154,0.381973,0.392578,0.406132,0.430878,0.454161,0.469053
2023-06-01 17:00:00+00:00,0.317485,0.348381,0.366067,0.376573,0.38973,0.400645,0.425472,0.431328,0.46027,0.484763,0.512909
2023-06-01 18:00:00+00:00,0.339788,0.386192,0.394352,0.409532,0.432723,0.444502,0.449746,0.489165,0.495009,0.51518,0.553135
2023-06-01 19:00:00+00:00,0.322441,0.376482,0.430614,0.449147,0.452651,0.479599,0.498294,0.51737,0.537863,0.566828,0.616644
2023-06-01 20:00:00+00:00,0.338981,0.380538,0.41918,0.472395,0.490802,0.505244,0.520113,0.538007,0.562575,0.594998,0.706374
2023-06-01 21:00:00+00:00,0.368891,0.428723,0.452236,0.483138,0.504726,0.533772,0.545574,0.564436,0.5707,0.592485,0.724527
2023-06-01 22:00:00+00:00,0.367911,0.435437,0.485385,0.533915,0.55423,0.564574,0.581938,0.591246,0.62402,0.666574,0.808783
2023-06-01 23:00:00+00:00,0.315526,0.44554,0.497718,0.543384,0.560743,0.609757,0.636526,0.64324,0.65642,0.679616,0.842093
2023-06-02 00:00:00+00:00,0.432746,0.457602,0.513105,0.556985,0.576406,0.616269,0.62825,0.645268,0.664903,0.692514,0.834025
2023-06-02 01:00:00+00:00,0.45015,0.482993,0.504945,0.552317,0.582572,0.593822,0.622764,0.635189,0.64811,0.686584,0.789246
2023-06-02 02:00:00+00:00,0.44675,0.493113,0.503066,0.555284,0.562045,0.585898,0.601879,0.605314,0.626222,0.667001,0.755705
2023-06-02 03:00:00+00:00,0.425484,0.453492,0.482676,0.519998,0.531846,0.545845,0.565134,0.58278,0.599504,0.617255,0.719917
2023-06-02 04:00:00+00:00,0.372291,0.413687,0.439073,0.457088,0.480636,0.491327,0.500173,0.516142,0.53686,0.563151,0.65808
2023-06-02 05:00:00+00:00,0.315237,0.357527,0.389846,0.416816,0.423824,0.433466,0.436999,0.450962,0.475749,0.490641,0.577916
2023-06-02 06:00:00+00:00,0.273456,0.311399,0.337667,0.360627,0.366505,0.374078,0.383472,0.394479,0.415883,0.447142,0.528585
2023-06-02 07:00:00+00:00,0.250749,0.281996,0.311376,0.333229,0.336941,0.346992,0.354068,0.369779,0.382135,0.423525,0.492796
2023-06-02 08:00:00+00:00,0.242739,0.270724,0.289615,0.306731,0.316033,0.324977,0.33361,0.335973,0.345551,0.38852,0.457815
2023-06-02 09:00:00+00:00,0.229945,0.26541,0.287621,0.296392,0.301821,0.304518,0.315157,0.321288,0.331858,0.37372,0.416609
2023-06-02 10:00:00+00:00,0.252478,0.281962,0.295735,0.309117,0.318672,0.344341,0.358506,0.362771,0.369687,0.386884,0.429461
2023-06-02 11:00:00+00:00,0.250346,0.281835,0.297533,0.327708,0.336215,0.35846,0.366229,0.371001,0.378734,0.399458,0.425023
2023-06-02 12:00:00+00:00,0.258414,0.292301,0.300104,0.34622,0.358852,0.381455,0.392185,0.39668,0.404322,0.419571,0.441563
2023-06-02 13:00:00+00:00,0.268787,0.296588,0.306063,0.334693,0.353481,0.372291,0.385454,0.394214,0.401003,0.416851,0.443177
2023-06-02 14:00:00+00:00,0.281351,0.308759,0.325265,0.334209,0.351118,0.361342,0.374412,0.395631,0.399331,0.421703,0.442082
2023-06-02 15:00:00+00:00,0.293799,0.323801,0.329587,0.344802,0.357215,0.364396,0.37379,0.39864,0.418315,0.424274,0.474758
2023-06-02 16:00:00+00:00,0.306996,0.338416,0.34313,0.346704,0.368154,0.381973,0.392578,0.406132,0.430878,0.454161,0.469053
2023-06-02 17:00:00+00:00,0.317485,0.348381,0.366067,0.376573,0.38973,0.400645,0.425472,0.431328,0.46027,0.484763,0.512909
2023-06-02 18:00:00+00:00,0.339788,0.386192,0.394352,0.409532,0.432723,0.444502,0.449746,0.489165,0.495009,0.51518,0.553135
2023-06-02 19:00:00+00:00,0.322441,0.376482,0.430614,0.449147,0.452651,0.479599,0.498294,0.51737,0.537863,0.566828,0.616644
2023-06-02 20:00:00+00:00,0.338981,0.380538,0.41918,0.472395,0.490802,0.505244,0.520113,0.538007,0.562575,0.594998,0.706374
2023-06-02 21:00:00+00:00,0.368891,0.428723,0.452236,0.483138,0.504726,0.533772,0.545574,0.564436,0.5707,0.592485,0.724527
2023-06-02 22:00:00+00:00,0.367911,0.435437,0.485385,0.533915,0.55423,0.564574,0.581938,0.591246,0.62402,0.666574,0.808783
2023-06-02 23:00:00+00:00,0.315526,0.44554,0.497718,0.543384,0.560743,0.609757,0.636526,0.64324,0.65642,0.679616,0.842093
2023-06-03 00:00:00+00:00,0.432746,0.457602,0.513105,0.556985,0.576406,0.616269,0.62825,0.645268,0.664903,0.692514,0.834025
2023-06-03 01:00:00+00:00,0.45015,0.482993,0.504945,0.552317,0.582572,0.593822,0.622764,0.635189,0.64811,0.686584,0.789246
2023-06-03 02:00:00+00:00,0.44675,0.493113,0.503066,0.555284,0.562045,0.585898,0.601879,0.605314,0.626222,0.667001,0.755705
2023-06-03 03:00:00+00:00,0.425484,0.453492,0.482676,0.519998,0.531846,0.545845,0.565134,0.58278,0.599504,0.617255,0.719917
2023-06-03 04:00:00+00:00,0.372291,0.413687,0.439073,0.457088,0.480636,0.491327,0.500173,0.516142,0.53686,0.563151,0.65808
2023-06-03 05:00:00+00:00,0.315237,0.357527,0.389846,0.416816,0.423824,0.433466,0.436999,0.450962,0.475749,0.490641,0.577916
2023-06-03 06:00:00+00:00,0.273456,0.311399,0.337667,0.360627,0.366505,0.374078,0.383472,0.394479,0.415883,0.447142,0.528585
2023-06-03 07:00:00+00:00,0.250749,0.281996,0.311376,0.333229,0.336941,0.346992,0.354068,0.369779,0.382135,0.423525,0.492796
2023-06-03 08:00:00+00:00,0.242739,0.270724,0.289615,0.306731,0.316033,0.324977,0.33361,0.335973,0.345551,0.38852,0.457815
2023-06-03 09:00:00+00:00,0.229945,0.26541,0.287621,0.296392,0.301821,0.304518,0.315157,0.321288,0.331858,0.37372,0.416609
2023-06-03 10:00:00+00:00,0.252478,0.281962,0.295735,0.309117,0.318672,0.344341,0.358506,0.362771,0.369687,0.386884,0.429461
2023-06-03 11:00:00+00:00,0.250346,0.281835,0.297533,0.327708,0.336215,0.35846,0.366229,0.371001,0.378734,0.399458,0.425023
2023-06-03 12:00:00+00:00,0.258414,0.292301,0.300104,0.34622,0.358852,0.381455,0.392185,0.39668,0.404322,0.419571,0.441563
2023-06-03 13:00:00+00:00,0.268787,0.296588,0.306063,0.334693,0.353481,0.372291,0.385454,0.394214,0.401003,0.416851,0.443177
2023-06-03 14:00:00+00:00,0.281351,0.308759,0.325265,0.334209,0.351118,0.361342,0.374412,0.395631,0.399331,0.421703,0.442082
2023-06-03 15:00:00+00:00,0.293799,0.323801,0.329587,0.344802,0.357215,0.364396,0.37379,0.39864,0.418315,0.424274,0.474758
2023-06-03 16:00:00+00:00,0.306996,0.338416,0.34313,0.346704,0.368154,0.381973,0.392578,0.406132,0.430878,0.454161,0.469053
2023-06-03 17:00:00+00:00,0.317485,0.348381,0.366067,0.376573,0.38973,0.400645,0.425472,0.431328,0.46027,0.484763,0.512909
2023-06-03 18:00:00+00:00,0.339788,0.386192,0.394352,0.409532,0.432723,0.444502,0.449746,0.489165,0.495009,0.51518,0.553135
2023-06-03 19:00:00+00:00,0.322441,0.376482,0.430614,0.449147,0.452651,0.479599,0.498294,0.51737,0.537863,0.566828,0.616644
2023-06-03 20:00:00+00:00,0.338981,0.380538,0.41918,0.472395,0.490802,0.505244,0.520113,0.538007,0.562575,0.594998,0.706374
2023-06-03 21:00:00+00:00,0.368891,0.428723,0.452236,0.483138,0.504726,0.533772,0.545574,0.564436,0.5707,0.592485,0.724527
2023-06-03 22:00:00+00:00,0.367911,0.435437,0.485385,0.533915,0.55423,0.564574,0.581938,0.591246,0.62402,0.666574,0.808783
2023-06-03 23:00:00+00:00,0.315526,0.44554,0.497718,0.543384,0.560743,0.609757,0.636526,0.64324,0.65642,0.679616,0.842093
2023-06-04 00:00:00+00:00,0.432746,0.457602,0.513105,0.556985,0.576406,0.616269,0.62825,0.645268,0.664903,0.692514,0.834025
2023-06-04 01:00:00+00:00,0.45015,0.482993,0.504945,0.552317,0.582572,0.593822,0.622764,0.635189,0.64811,0.686584,0.789246
2023-06-04 02:00:00+00:00,0.44675,0.493113,0.503066,0.555284,0.562045,0.585898,0.601879,0.605314,0.626222,0.667001,0.755705
2023-06-04 03:00:00+00:00,0.425484,0.453492,0.482676,0.519998,0.531846,0.545845,0.565134,0.58278,0.599504,0.617255,0.719917
2023-06-04 04:00:00+00:00,0.372291,0.413687,0.439073,0.457088,0.480636,0.491327,0.500173,0.516142,0.53686,0.563151,0.65808
2023-06-04 05:00:00+00:00,0.315237,0.357527,0.389846,0.416816,0.423824,0.433466,0.436999,0.450962,0.475749,0.490641,0.577916
2023-06-04 06:00:00+00:00,0.273456,0.311399,0.337667,0.360627,0.366505,0.374078,0.383472,0.394479,0.415883,0.447142,0.528585
2023-06-04 07:00:00+00:00,0.250749,0.281996,0.311376,0.333229,0.336941,0.346992,0.354068,0.369779,0.382135,0.423525,0.492796
2023-06-04 08:00:00+00:00,0.242739,0.270724,0.289615,0.306731,0.316033,0.324977,0.33361,0.335973,0.345551,0.38852,0.457815
2023-06-04 09:00:00+00:00,0.229945,0.26541,0.287621,0.296392,0.301821,0.304518,0.315157,0.321288,0.331858,0.37372,0.416609
2023-06-04 10:00:00+00:00,0.252478,0.281962,0.295735,0.309117,0.318672,0.344341,0.358506,0.362771,0.369687,0.386884,0.429461
2023-06-04 11:00:00+00:00,0.250346,0.281835,0.297533,0.327708,0.336215,0.35846,0.366229,0.371001,0.378734,0.399458,0.425023
2023-06-04 12:00:00+00:00,0.258414,0.292301,0.300104,0.34622,0.358852,0.381455,0.392185,0.39668,0.404322,0.419571,0.441563
2023-06-04 13:00:00+00:00,0.268787,0.296588,0.306063,0.334693,0.353481,0.372291,0.385454,0.394214,0.401003,0.416851,0.443177
2023-06-04 14:00:00+00:00,0.281351,0.308759,0.325265,0.334209,0.351118,0.361342,0.374412,0.395631,0.399331,0.421703,0.442082
2023-06-04 15:00:00+00:00,0.293799,0.323801,0.329587,0.344802,0.357215,0.364396,0.37379,0.39864,0.418315,0.424274,0.474758
2023-06-04 16:00:00+00:00,0.306996,0.338416,0.34313,0.346704,0.368154,0.381973,0.392578,0.406132,0.430878,0.454161,0.469053
2023-06-04 17:00:00+00:00,0.317485,0.348381,0.366067,0.376573,0.38973,0.400645,0.425472,0.431328,0.46027,0.484763,0.512909
2023-06-04 18:00:00+00:00,0.339788,0.386192,0.394352,0.409532,0.432723,0.444502,0.449746,0.489165,0.495009,0.51518,0.553135
2023-06-04 19:00:00+00:00,0.322441,0.376482,0.430614,0.449147,0.452651,0.479599,0.498294,0.51737,0.537863,0.566828,0.616644
2023-06-04 20:00:00+00:00,0.338981,0.380538,0.41918,0.472395,0.490802,0.505244,0.520113,0.538007,0.562575,0.594998,0.706374
2023-06-04 21:00:00+00:00,0.368891,0.428723,0.452236,0.483138,0.504726,0.533772,0.545574,0.564436,0.5707,0.592485,0.724527
2023-06-04 22:00:00+00:00,0.367911,0.435437,0.485385,0.533915,0.55423,0.564574,0.581938,0.591246,0.62402,0.666574,0.808783
2023-06-04 23:00:00+00:00,0.315526,0.44554,0.497718,0.543384,0.560743,0.609757,0.636526,0.64324,0.65642,0.679616,0.842093
2023-06-05 00:00:00+00:00,0.432746,0.457602,0.513105,0.556985,0.576406,0.616269,0.62825,0.645268,0.664903,0.692514,0.834025
2023-06-05 01:00:00+00:00,0.45015,0.482993,0.504945,0.552317,0.582572,0.593822,0.622764,0.635189,0.64811,0.686584,0.789246
2023-06-05 02:00:00+00:00,0.44675,0.493113,0.503066,0.555284,0.562045,0.585898,0.601879,0.605314,0.626222,0.667001,0.755705
2023-06-05 03:00:00+00:00,0.425484,0.453492,0.482676,0.519998,0.531846,0.545845,0.565134,0.58278,0.599504,0.617255,0.719917
2023-06-05 04:00:00+00:00,0.372291,0.413687,0.439073,0.457088,0.480636,0.491327,0.500173,0.516142,0.53686,0.563151,0.65808
2023-06-05 05:00:00+00:00,0.315237,0.357527,0.389846,0.416816,0.423824,0.433466,0.436999,0.450962,0.475749,0.490641,0.577916
2023-06-05 06:00:00+00:00,0.273456,0.311399,0.337667,0.360627,0.366505,0.374078,0.383472,0.394479,0.415883,0.447142,0.528585
2023-06-05 07:00:00+00:00,0.250749,0.281996,0.311376,0.333229,0.336941,0.346992,0.354068,0.369779,0.382135,0.423525,0.492796
2023-06-05 08:00:00+00:00,0.242739,0.270724,0.289615,0.306731,0.316033,0.324977,0.33361,0.335973,0.345551,0.38852,0.457815
2023-06-05 09:00:00+00:00,0.229945,0.26541,0.287621,0.296392,0.301821,0.304518,0.315157,0.321288,0.331858,0.37372,0.416609
2023-06-05 10:00:00+00:00,0.252478,0.281962,0.295735,0.309117,0.318672,0.344341,0.358506,0.362771,0.369687,0.386884,0.429461
2023-06-05 11:00:00+00:00,0.250346,0.281835,0.297533,0.327708,0.336215,0.35846,0.366229,0.371001,0.378734,0.399458,0.425023
2023-06-05 12:00:00+00:00,0.258414,0.292301,0.300104,0.34622,0.358852,0.381455,0.392185,0.39668,0.404322,0.419571,0.441563
2023-06-05 13:00:00+00:00,0.268787,0.296588,0.306063,0.334693,0.353481,0.372291,0.385454,0.394214,0.401003,0.416851,0.443177
2023-06-05 14:00:00+00:00,0.281351,0.308759,0.325265,0.334209,0.351118,0.361342,0.374412,0.395631,0.399331,0.421703,0.442082
2023-06-05 15:00:00+00:00,0.293799,0.323801,0.329587,0.344802,0.357215,0.364396,0.37379,0.39864,0.418315,0.424274,0.474758
2023-06-05 16:00:00+00:00,0.306996,0.338416,0.34313,0.346704,0.368154,0.381973,0.392578,0.406132,0.430878,0.454161,0.469053
2023-06-05 17:00:00+00:00,0.317485,0.348381,0.366067,0.376573,0.38973,0.400645,0.425472,0.431328,0.46027,0.484763,0.512909
2023-06-05 18:00:00+00:00,0.339788,0.386192,0.394352,0.409532,0.432723,0.444502,0.449746,0.489165,0.495009,0.51518,0.553135
2023-06-05 19:00:00+00:00,0.322441,0.376482,0.430614,0.449147,0.452651,0.479599,0.498294,0.51737,0.537863,0.566828,0.616644
2023-06-05 20:00:00+00:00,0.338981,0.380538,0.41918,0.472395,0.490802,0.505244,0.520113,0.538007,0.562575,0.594998,0.706374
2023-06-05 21:00:00+00:00,0.368891,0.428723,0.452236,0.483138,0.504726,0.533772,0.545574,0.564436,0.5707,0.592485,0.724527
2023-06-05 22:00:00+00:00,0.367911,0.435437,0.485385,0.533915,0.55423,0.564574,0.581938,0.591246,0.62402,0.666574,0.808783
2023-06-05 23:00:00+00:00,0.315526,0.44554,0.497718,0.543384,0.560743,0.609757,0.636526,0.64324,0.65642,0.679616,0.842093
2023-06-06 00:00:00+00:00,0.432746,0.457602,0.513105,0.556985,0.576406,0.616269,0.62825,0.645268,0.664903,0.692514,0.834025
2023-06-06 01:00:00+00:00,0.45015,0.482993,0.504945,0.552317,0.582572,0.593822,0.622764,0.635189,0.64811,0.686584,0.789246
2023-06-06 02:00:00+00:00,0.44675,0.493113,0.503066,0.555284,0.562045,0.585898,0.601879,0.605314,0.626222,0.667001,0.755705
2023-06-06 03:00:00+00:00,0.425484,0.453492,0.482676,0.519998,0.531846,0.545845,0.565134,0.58278,0.599504,0.617255,0.719917
2023-06-06 04:00:00+00:00,0.372291,0.413687,0.439073,0.457088,0.480636,0.491327,0.500173,0.516142,0.53686,0.563151,0.65808
2023-06-06 05:00:00+00:00,0.315237,0.357527,0.389846,0.416816,0.423824,0.433466,0.436999,0.450962,0.475749,0.490641,0.577916
2023-06-06 06:00:00+00:00,0.273456,0.311399,0.337667,0.360627,0.366505,0.374078,0.383472,0.394479,0.415883,0.447142,0.528585
2023-06-06 07:00:00+00:00,0.250749,0.281996,0.311376,0.333229,0.336941,0.346992,0.354068,0.369779,0.382135,0.423525,0.492796
2023-06-06 08:00:00+00:00,0.242739,0.270724,0.289615,0.306731,0.316033,0.324977,0.33361,0.335973,0.345551,0.38852,0.457815
2023-06-06 09:00:00+00:00,0.229945,0.26541,0.287621,0.296392,0.301821,0.304518,0.315157,0.321288,0.331858,0.37372,0.416609
2023-06-06 10:00:00+00:00,0.252478,0.281962,0.295735,0.309117,0.318672,0.344341,0.358506,0.362771,0.369687,0.386884,0.429461
2023-06-06 11:00:00+00:00,0.250346,0.281835,0.297533,0.327708,0.336215,0.35846,0.366229,0.371001,0.378734,0.399458,0.425023
2023-06-06 12:00:00+00:00,0.258414,0.292301,0.300104,0.34622,0.358852,0.381455,0.392185,0.39668,0.404322,0.419571,0.441563
2023-06-06 13:00:00+00:00,0.268787,0.296588,0.306063,0.334693,0.353481,0.372291,0.385454,0.394214,0.401003,0.416851,0.443177
2023-06-06 14:00:00+00:00,0.281351,0.308759,0.325265,0.334209,0.351118,0.361342,0.374412,0.395631,0.399331,0.421703,0.442082
2023-06-06 15:00:00+00:00,0.293799,0.323801,0.329587,0.344802,0.357215,0.364396,0.37379,0.39864,0.418315,0.424274,0.474758
2023-06-06 16:00:00+00:00,0.306996,0.338416,0.34313,0.346704,0.368154,0.381973,0.392578,0.406132,0.430878,0.454161,0.469053
2023-06-06 17:00:00+00:00,0.317485,0.348381,0.366067,0.376573,0.38973,0.400645,0.425472,0.431328,0.46027,0.484763,0.512909
2023-06-06 18:00:00+00:00,0.339788,0.386192,0.394352,0.409532,0.432723,0.444502,0.449746,0.489165,0.495009,0.51518,0.553135
2023-06-06 19:00:00+00:00,0.322441,0.376482,0.430614,0.449147,0.452651,0.479599,0.498294,0.51737,0.537863,0.566828,0.616644
2023-06-06 20:00:00+00:00,0.338981,0.380538,0.41918,0.472395,0.490802,0.505244,0.520113,0.538007,0.562575,0.594998,0.706374
2023-06-06 21:00:00+00:00,0.368891,0.428723,0.452236,0.483138,0.504726,0.533772,0.545574,0.564436,0.5707,0.592485,0.724527
2023-06-06 22:00:00+00:00,0.367911,0.435437,0.485385,0.533915,0.55423,0.564574,0.581938,0.591246,0.62402,0.666574,0.808783
2023-06-06 23:00:00+00:00,0.315526,0.44554,0.497718,0.543384,0.560743,0.609757,0.636526,0.64324,0.65642,0.679616,0.842093
2023-06-07 00:00:00+00:00,0.432746,0.457602,0.513105,0.556985,0.576406,0.616269,0.62825,0.645268,0.664903,0.692514,0.834025
2023-06-07 01:00:00+00:00,0.45015,0.482993,0.504945,0.552317,0.582572,0.593822,0.622764,0.635189,0.64811,0.686584,0.789246
2023-06-07 02:00:00+00:00,0.44675,0.493113,0.503066,0.555284,0.562045,0.585898,0.601879,0.605314,0.626222,0.667001,0.755705
2023-06-07 03:00:00+00:00,0.425484,0.453492,0.482676,0.519998,0.531846,0.545845,0.565134,0.58278,0.599504,0.617255,0.719917
2023-06-07 04:00:00+00:00,0.372291,0.413687,0.439073,0.457088,0.480636,0.491327,0.500173,0.516142,0.53686,0.563151,0.65808
2023-06-07 05:00:00+00:00,0.315237,0.357527,0.389846,0.416816,0.423824,0.433466,0.436999,0.450962,0.475749,0.490641,0.577916
2023-06-07 06:00:00+00:00,0.273456,0.311399,0.337667,0.360627,0.366505,0.374078,0.383472,0.394479,0.415883,0.447142,0.528585
2023-06-07 07:00:00+00:00,0.250749,0.281996,0.311376,0.333229,0.336941,0.346992,0.354068,0.369779,0.382135,0.423525,0.492796
2023-06-07 08:00:00+00:00,0.242739,0.270724,0.289615,0.306731,0.316033,0.324977,0.33361,0.335973,0.345551,0.38852,0.457815
2023-06-07 09:00:00+00:00,0.229945,0.26541,0.287621,0.296392,0.301821,0.304518,0.315157,0.321288,0.331858,0.37372,0.416609
2023-06-07 10:00:00+00:00,0.252478,0.281962,0.295735,0.309117,0.318672,0.344341,0.358506,0.362771,0.369687,0.386884,0.429461
2023-06-07 11:00:00+00:00,0.250346,0.281835,0.297533,0.327708,0.336215,0.35846,0.366229,0.371001,0.378734,0.399458,0.425023
2023-06-07 12:00:00+00:00,0.258414,0.292301,0.300104,0.34622,0.358852,0.381455,0.392185,0.39668,0.404322,0.419571,0.441563
2023-06-07 13:00:00+00:00,0.268787,0.296588,0.306063,0.334693,0.353481,0.372291,0.385454,0.394214,0.401003,0.416851,0.443177
2023-06-07 14:00:00+00:00,0.281351,0.308759,0.325265,0.334209,0.351118,0.361342,0.374412,0.395631,0.399331,0.421703,0.442082
2023-06-07 15:00:00+00:00,0.293799,0.323801,0.329587,0.344802,0.357215,0.364396,0.37379,0.39864,0.418315,0.424274,0.474758
2023-06-07 16:00:00+00:00,0.306996,0.338416,0.34313,0.346704,0.368154,0.381973,0.392578,0.406132,0.430878,0.454161,0.469053
2023-06-07 17:00:00+00:00,0.317485,0.348381,0.366067,0.376573,0.38973,0.400645,0.425472,0.431328,0.46027,0.484763,0.512909
2023-06-07 18:00:00+00:00,0.339788,0.386192,0.394352,0.409532,0.432723,0.444502,0.449746,0.489165,0.495009,0.51518,0.553135
2023-06-07 19:00:00+00:00,0.322441,0.376482,0.430614,0.449147,0.452651,0.479599,0.498294,0.51737,0.537863,0.566828,0.616644
2023-06-07 20:00:00+00:00,0.338981,0.380538,0.41918,0.472395,0.490802,0.505244,0.520113,0.538007,0.562575,0.594998,0.706374
2023-06-07 21:00:00+00:00,0.368891,0.428723,0.452236,0.483138,0.504726,0.533772,0.545574,0.564436,0.5707,0.592485,0.724527
2023-06-07 22:00:00+00:00,0.367911,0.435437,0.485385,0.533915,0.55423,0.564574,0.581938,0.591246,0.62402,0.666574,0.808783
2023-06-07 23:00:00+00:00,0.315526,0.44554,0.497718,0.543384,0.560743,0.609757,0.636526,0.64324,0.65642,0.679616,0.842093
2023-06-08 00:00:00+00:00,0.432746,0.457602,0.513105,0.556985,0.576406,0.616269,0.62825,0.645268,0.664903,0.692514,0.834025
2023-06-08 01:00:00+00:00,0.45015,0.482993,0.504945,0.552317,0.582572,0.593822,0.622764,0.635189,0.64811,0.686584,0.789246
2023-06-08 02:00:00+00:00,0.44675,0.493113,0.503066,0.555284,0.562045,0.585898,0.601879,0.605314,0.626222,0.667001,0.755705
2023-06-08 03:00:00+00:00,0.425484,0.453492,0.482676,0.519998,0.531846,0.545845,0.565134,0.58278,0.599504,0.617255,0.719917
2023-06-08 04:00:00+00:00,0.372291,0.413687,0.439073,0.457088,0.480636,0.491327,0.500173,0.516142,0.53686,0.563151,0.65808
2023-06-08 05:00:00+00:00,0.315237,0.357527,0.389846,0.416816,0.423824,0.433466,0.436999,0.450962,0.475749,0.490641,0.577916
2023-06-08 06:00:00+00:00,0.273456,0.311399,0.337667,0.360627,0.366505,0.374078,0.383472,0.394479,0.415883,0.447142,0.528585
2023-06-08 07:00:00+00:00,0.250749,0.281996,0.311376,0.333229,0.336941,0.346992,0.354068,0.369779,0.382135,0.423525,0.492796
2023-06-08 08:00:00+00:00,0.242739,0.270724,0.289615,0.306731,0.316033,0.324977,0.33361,0.335973,0.345551,0.38852,0.457815
2023-06-08 09:00:00+00:00,0.229945,0.26541,0.287621,0.296392,0.301821,0.304518,0.315157,0.321288,0.331858,0.37372,0.416609
2023-06-08 10:00:00+00:00,0.252478,0.281962,0.295735,0.309117,0.318672,0.344341,0.358506,0.362771,0.369687,0.386884,0.429461
2023-06-08 11:00:00+00:00,0.250346,0.281835,0.297533,0.327708,0.336215,0.35846,0.366229,0.371001,0.378734,0.399458,0.425023
2023-06-08 12:00:00+00:00,0.258414,0.292301,0.300104,0.34622,0.358852,0.381455,0.392185,0.39668,0.404322,0.419571,0.441563
2023-06-08 13:00:00+00:00,0.268787,0.296588,0.306063,0.334693,0.353481,0.372291,0.385454,0.394214,0.401003,0.416851,0.443177
2023-06-08 14:00:00+00:00,0.281351,0.308759,0.325265,0.334209,0.351118,0.361342,0.374412,0.395631,0.399331,0.421703,0.442082
2023-06-08 15:00:00+00:00,0.293799,0.323801,0.329587,0.344802,0.357215,0.364396,0.37379,0.39864,0.418315,0.424274,0.474758
2023-06-08 16:00:00+00:00,0.306996,0.338416,0.34313,0.346704,0.368154,0.381973,0.392578,0.406132,0.430878,0.454161,0.469053
2023-06-08 17:00:00+00:00,0.317485,0.348381,0.366067,0.376573,0.38973,0.400645,0.425472,0.431328,0.46027,0.484763,0.512909
2023-06-08 18:00:00+00:00,0.339788,0.386192,0.394352,0.409532,0.432723,0.444502,0.449746,0.489165,0.495009,0.51518,0.553135
2023-06-08 19:00:00+00:00,0.322441,0.376482,0.430614,0.449147,0.452651,0.479599,0.498294,0.51737,0.537863,0.566828,0.616644
2023-06-08 20:00:00+00:00,0.338981,0.380538,0.41918,0.472395,0.490802,0.505244,0.520113,0.538007,0.562575,0.594998,0.706374
2023-06-08 21:00:00+00:00,0.368891,0.428723,0.452236,0.483138,0.504726,0.533772,0.545574,0.564436,0.5707,0.592485,0.724527
2023-06-08 22:00:00+00:00,0.367911,0.435437,0.485385,0.533915,0.55423,0.564574,0.581938,0.591246,0.62402,0.666574,0.808783
2023-06-08 23:00:00+00:00,0.315526,0.44554,0.497718,0.543384,0.560743,0.609757,0.636526,0.64324,0.65642,0.679616,0.842093
2023-06-09 00:00:00+00:00,0.432746,0.457602,0.513105,0.556985,0.576406,0.616269,0.62825,0.645268,0.664903,0.692514,0.834025
2023-06-09 01:00:00+00:00,0.45015,0.482993,0.504945,0.552317,0.582572,0.593822,0.622764,0.635189,0.64811,0.686584,0.789246
2023-06-09 02:00:00+00:00,0.44675,0.493113,0.503066,0.555284,0.562045,0.585898,0.601879,0.605314,0.626222,0.667001,0.755705
2023-06-09 03:00:00+00:00,0.425484,0.453492,0.482676,0.519998,0.531846,0.545845,0.565134,0.58278,0.599504,0.617255,0.719917
2023-06-09 04:00:00+00:00,0.372291,0.413687,0.439073,0.457088,0.480636,0.491327,0.500173,0.516142,0.53686,0.563151,0.65808
2023-06-09 05:00:00+00:00,0.315237,0.357527,0.389846,0.416816,0.423824,0.433466,0.436999,0.450962,0.475749,0.490641,0.577916
2023-06-09 06:00:00+00:00,0.273456,0.311399,0.337667,0.360627,0.366505,0.374078,0.383472,0.394479,0.415883,0.447142,0.528585
2023-06-09 07:00:00+00:00,0.250749,0.281996,0.311376,0.333229,0.336941,0.346992,0.354068,0.369779,0.382135,0.423525,0.492796
2023-06-09 08:00:00+00:00,0.242739,0.270724,0.289615,0.306731,0.316033,0.324977,0.33361,0.335973,0.345551,0.38852,0.457815
2023-06-09 09:00:00+00:00,0.229945,0.26541,0.287621,0.296392,0.301821,0.304518,0.315157,0.321288,0.331858,0.37372,0.416609
2023-06-09 10:00:00+00:00,0.252478,0.281962,0.295735,0.309117,0.318672,0.344341,0.358506,0.362771,0.369687,0.386884,0.429461
2023-06-09 11:00:00+00:00,0.250346,0.281835,0.297533,0.327708,0.336215,0.35846,0.366229,0.371001,0.378734,0.399458,0.425023
2023-06-09 12:00:00+00:00,0.258414,0.292301,0.300104,0.34622,0.358852,0.381455,0.392185,0.39668,0.404322,0.419571,0.441563
2023-06-09 13:00:00+00:00,0.268787,0.296588,0.306063,0.334693,0.353481,0.372291,0.385454,0.394214,0.401003,0.416851,0.443177
2023-06-09 14:00:00+00:00,0.281351,0.308759,0.325265,0.334209,0.351118,0.361342,0.374412,0.395631,0.399331,0.421703,0.442082
2023-06-09 15:00:00+00:00,0.293799,0.323801,0.329587,0.344802,0.357215,0.364396,0.37379,0.39864,0.418315,0.424274,0.474758
2023-06-09 16:00:00+00:00,0.306996,0.338416,0.34313,0.346704,0.368154,0.381973,0.392578,0.406132,0.430878,0.454161,0.469053
2023-06-09 17:00:00+00:00,0.317485,0.348381,0.366067,0.376573,0.38973,0.400645,0.425472,0.431328,0.46027,0.484763,0.512909
2023-06-09 18:00:00+00:00,0.339788,0.386192,0.394352,0.409532,0.432723,0.444502,0.449746,0.489165,0.495009,0.51518,0.553135
2023-06-09 19:00:00+00:00,0.322441,0.376482,0.430614,0.449147,0.452651,0.479599,0.498294,0.51737,0.537863,0.566828,0.616644
2023-06-09 20:00:00+00:00,0.338981,0.380538,0.41918,0.472395,0.490802,0.505244,0.520113,0.538007,0.562575,0.594998,0.706374
2023-06-09 21:00:00+00:00,0.368891,0.428723,0.452236,0.483138,0.504726,0.533772,0.545574,0.564436,0.5707,0.592485,0.724527
2023-06-09 22:00:00+00:00,0.367911,0.435437,0.485385,0.533915,0.55423,0.564574,0.581938,0.591246,0.62402,0.666574,0.808783
2023-06-09 23:00:00+00:00,0.315526,0.44554,0.497718,0.543384,0.560743,0.609757,0.636526,0.64324,0.65642,0.679616,0.842093
2023-06-10 00:00:00+00:00,0.432746,0.457602,0.513105,0.556985,0.576406,0.616269,0.62825,0.645268,0.664903,0.692514,0.834025
2023-06-10 01:00:00+00:00,0.45015,0.482993,0.504945,0.552317,0.582572,0.593822,0.622764,0.635189,0.64811,0.686584,0.789246
2023-06-10 02:00:00+00:00,0.44675,0.493113,0.503066,0.555284,0.562045,0.585898,0.601879,0.605314,0.626222,0.667001,0.755705
2023-06-10 03:00:00+00:00,0.425484,0.453492,0.482676,0.519998,0.531846,0.545845,0.565134,0.58278,0.599504,0.617255,0.719917
2023-06-10 04:00:00+00:00,0.372291,0.413687,0.439073,0.457088,0.480636,0.491327,0.500173,0.516142,0.53686,0.563151,0.65808
2023-06-10 05:00:00+00:00,0.315237,0.357527,0.389846,0.416816,0.423824,0.433466,0.436999,0.450962,0.475749,0.490641,0.577916
2023-06-10 06:00:00+00:00,0.273456,0.311399,0.337667,0.360627,0.366505,0.374078,0.383472,0.394479,0.415883,0.447142,0.528585
2023-06-10 07:00:00+00:00,0.250749,0.281996,0.311376,0.333229,0.336941,0.346992,0.354068,0.369779,0.382135,0.423525,0.492796
2023-06-10 08:00:00+00:00,0.242739,0.270724,0.289615,0.306731,0.316033,0.324977,0.33361,0.335973,0.345551,0.38852,0.457815
2023-06-10 09:00:00+00:00,0.229945,0.26541,0.287621,0.296392,0.301821,0.304518,0.315157,0.321288,0.331858,0.37372,0.416609
2023-06-10 10:00:00+00:00,0.252478,0.281962,0.295735,0.309117,0.318672,0.344341,0.358506,0.362771,0.369687,0.386884,0.429461
2023-06-10 11:00:00+00:00,0.250346,0.281835,0.297533,0.327708,0.336215,0.35846,0.366229,0.371001,0.378734,0.399458,0.425023
2023-06-10 12:00:00+00:00,0.258414,0.292301,0.300104,0.34622,0.358852,0.381455,0.392185,0.39668,0.404322,0.419571,0.441563
2023-06-10 13:00:00+00:00,0.268787,0.296588,0.306063,0.334693,0.353481,0.372291,0.385454,0.394214,0.401003,0.416851,0.443177
2023-06-10 14:00:00+00:00,0.281351,0.308759,0.325265,0.334209,0.351118,0.361342,0.374412,0.395631,0.399331,0.421703,0.442082
2023-06-10 15:00:00+00:00,0.293799,0.323801,0.329587,0.344802,0.357215,0.364396,0.37379,0.39864,0.418315,0.424274,0.474758
2023-06-10 16:00:00+00:00,0.306996,0.338416,0.34313,0.346704,0.368154,0.381973,0.392578,0.406132,0.430878,0.454161,0.469053
2023-06-10 17:00:00+00:00,0.317485,0.348381,0.366067,0.376573,0.38973,0.400645,0.425472,0.431328,0.46027,0.484763,0.512909
2023-06-10 18:00:00+00:00,0.339788,0.386192,0.394352,0.409532,0.432723,0.444502,0.449746,0.489165,0.495009,0.51518,0.553135
2023-06-10 19:00:00+00:00,0.322441,0.376482,0.430614,0.449147,0.452651,0.479599,0.498294,0.51737,0.537863,0.566828,0.616644
2023-06-10 20:00:00+00:00,0.338981,0.380538,0.41918,0.472395,0.490802,0.505244,0.520113,0.538007,0.562575,0.594998,0.706374
2023-06-10 21:00:00+00:00,0.368891,0.428723,0.452236,0.483138,0.504726,0.533772,0.545574,0.564436,0.5707,0.592485,0.724527
2023-06-10 22:00:00+00:00,0.367911,0.435437,0.485385,0.533915,0.55423,0.564574,0.581938,0.591246,0.62402,0.666574,0.808783
2023-06-10 23:00:00+00:00,0.315526,0.44554,0.497718,0.543384,0.560743,0.609757,0.636526,0.64324,0.65642,0.679616,0.842093
2023-06-11 00:00:00+00:00,0.432746,0.457602,0.513105,0.556985,0.576406,0.616269,0.62825,0.645268,0.664903,0.692514,0.834025
2023-06-11 01:00:00+00:00,0.45015,0.482993,0.504945,0.552317,0.582572,0.593822,0.622764,0.635189,0.64811,0.686584,0.789246
2023-06-11 02:00:00+00:00,0.44675,0.493113,0.503066,0.555284,0.562045,0.585898,0.601879,0.605314,0.626222,0.667001,0.755705
2023-06-11 03:00:00+00:00,0.425484,0.453492,0.482676,0.519998,0.531846,0.545845,0.565134,0.58278,0.599504,0.617255,0.719917
2023-06-11 04:00:00+00:00,0.372291,0.413687,0.439073,0.457088,0.480636,0.491327,0.500173,0.516142,0.53686,0.563151,0.65808
2023-06-11 05:00:00+00:00,0.315237,0.357527,0.389846,0.416816,0.423824,0.433466,0.436999,0.450962,0.475749,0.490641,0.577916
2023-06-11 06:00:00+00:00,0.273456,0.311399,0.337667,0.360627,0.366505,0.374078,0.383472,0.394479,0.415883,0.447142,0.528585
2023-06-11 07:00:00+00:00,0.250749,0.281996,0.311376,0.333229,0.336941,0.346992,0.354068,0.369779,0.382135,0.423525,0.492796
2023-06-11 08:00:00+00:00,0.242739,0.270724,0.289615,0.306731,0.316033,0.324977,0.33361,0.335973,0.345551,0.38852,0.457815
2023-06-11 09:00:00+00:00,0.229945,0.26541,0.287621,0.296392,0.301821,0.304518,0.315157,0.321288,0.331858,0.37372,0.416609
2023-06-11 10:00:00+00:00,0.252478,0.281962,0.295735,0.309117,0.318672,0.344341,0.358506,0.362771,0.369687,0.386884,0.429461
2023-06-11 11:00:00+00:00,0.250346,0.281835,0.297533,0.327708,0.336215,0.35846,0.366229,0.371001,0.378734,0.399458,0.425023
2023-06-11 12:00:00+00:00,0.258414,0.292301,0.300104,0.34622,0.358852,0.381455,0.392185,0.39668,0.404322,0.419571,0.441563
2023-06-11 13:00:00+00:00,0.268787,0.296588,0.306063,0.334693,0.353481,0.372291,0.385454,0.394214,0.401003,0.416851,0.443177
2023-06-11 14:00:00+00:00,0.281351,0.308759,0.325265,0.334209,0.351118,0.361342,0.374412,0.395631,0.399331,0.421703,0.442082
2023-06-11 15:00:00+00:00,0.293799,0.323801,0.329587,0.344802,0.357215,0.364396,0.37379,0.39864,0.418315,0.424274,0.474758
2023-06-11 16:00:00+00:00,0.306996,0.338416,0.34313,0.346704,0.368154,0.381973,0.392578,0.406132,0.430878,0.454161,0.469053
2023-06-11 17:00:00+00:00,0.317485,0.348381,0.366067,0.376573,0.38973,0.400645,0.425472,0.431328,0.46027,0.484763,0.512909
2023-06-11 18:00:00+00:00,0.339788,0.386192,0.394352,0.409532,0.432723,0.444502,0.449746,0.489165,0.495009,0.51518,0.553135
2023-06-11 19:00:00+00:00,0.322441,0.376482,0.430614,0.449147,0.452651,0.479599,0.498294,0.51737,0.537863,0.566828,0.616644
2023-06-11 20:00:00+00:00,0.338981,0.380538,0.41918,0.472395,0.490802,0.505244,0.520113,0.538007,0.562575,0.594998,0.706374
2023-06-11 21:00:00+00:00,0.368891,0.428723,0.452236,0.483138,0.504726,0.533772,0.545574,0.564436,0.5707,0.592485,0.724527
2023-06-11 22:00:00+00:00,0.367911,0.435437,0.485385,0.533915,0.55423,0.564574,0.581938,0.591246,0.62402,0.666574,0.808783
2023-06-11 23:00:00+00:00,0.315526,0.44554,0.497718,0.543384,0.560743,0.609757,0.636526,0.64324,0.65642,0.679616,0.842093
2023-06-12 00:00:00+00:00,0.432746,0.457602,0.513105,0.556985,0.576406,0.616269,0.62825,0.645268,0.664903,0.692514,0.834025
2023-06-12 01:00:00+00:00,0.45015,0.482993,0.504945,0.552317,0.582572,0.593822,0.622764,0.635189,0.64811,0.686584,0.789246
2023-06-12 02:00:00+00:00,0.44675,0.493113,0.503066,0.555284,0.562045,0.585898,0.601879,0.605314,0.626222,0.667001,0.755705
2023-06-12 03:00:00+00:00,0.425484,0.453492,0.482676,0.519998,0.531846,0.545845,0.565134,0.58278,0.599504,0.617255,0.719917
2023-06-12 04:00:00+00:00,0.372291,0.413687,0.439073,0.457088,0.480636,0.491327,0.500173,0.516142,0.53686,0.563151,0.65808
2023-06-12 05:00:00+00:00,0.315237,0.357527,0.389846,0.416816,0.423824,0.433466,0.436999,0.450962,0.475749,0.490641,0.577916
2023-06-12 06:00:00+00:00,0.273456,0.311399,0.337667,0.360627,0.366505,0.374078,0.383472,0.394479,0.415883,0.447142,0.528585
2023-06-12 07:00:00+00:00,0.250749,0.281996,0.311376,0.333229,0.336941,0.346992,0.354068,0.369779,0.382135,0.423525,0.492796
2023-06-12 08:00:00+00:00,0.242739,0.270724,0.289615,0.306731,0.316033,0.324977,0.33361,0.335973,0.345551,0.38852,0.457815
2023-06-12 09:00:00+00:00,0.229945,0.26541,0.287621,0.296392,0.301821,0.304518,0.315157,0.321288,0.331858,0.37372,0.416609
2023-06-12 10:00:00+00:00,0.252478,0.281962,0.295735,0.309117,0.318672,0.344341,0.358506,0.362771,0.369687,0.386884,0.429461
2023-06-12 11:00:00+00:00,0.250346,0.281835,0.297533,0.327708,0.336215,0.35846,0.366229,0.371001,0.378734,0.399458,0.425023
2023-06-12 12:00:00+00:00,0.258414,0.292301,0.300104,0.34622,0.358852,0.381455,0.392185,0.39668,0.404322,0.419571,0.441563
2023-06-12 13:00:00+00:00,0.268787,0.296588,0.306063,0.334693,0.353481,0.372291,0.385454,0.394214,0.401003,0.416851,0.443177
2023-06-12 14:00:00+00:00,0.281351,0.308759,0.325265,0.334209,0.351118,0.361342,0.374412,0.395631,0.399331,0.421703,0.442082
2023-06-12 15:00:00+00:00,0.293799,0.323801,0.329587,0.344802,0.357215,0.364396,0.37379,0.39864,0.418315,0.424274,0.474758
2023-06-12 16:00:00+00:00,0.306996,0.338416,0.34313,0.346704,0.368154,0.381973,0.392578,0.406132,0.430878,0.454161,0.469053
2023-06-12 17:00:00+00:00,0.317485,0.348381,0.366067,0.376573,0.38973,0.400645,0.425472,0.431328,0.46027,0.484763,0.512909
2023-06-12 18:00:00+00:00,0.339788,0.386192,0.394352,0.409532,0.432723,0.444502,0.449746,0.489165,0.495009,0.51518,0.553135
2023-06-12 19:00:00+00:00,0.322441,0.376482,0.430614,0.449147,0.452651,0.479599,0.498294,0.51737,0.537863,0.566828,0.616644
2023-06-12 20:00:00+00:00,0.338981,0.380538,0.41918,0.472395,0.490802,0.505244,0.520113,0.538007,0.562575,0.594998,0.706374
2023-06-12 21:00:00+00:00,0.368891,0.428723,0.452236,0.483138,0.504726,0.533772,0.545574,0.564436,0.5707,0.592485,0.724527
2023-06-12 22:00:00+00:00,0.367911,0.435437,0.485385,0.533915,0.55423,0.564574,0.581938,0.591246,0.62402,0.666574,0.808783
2023-06-12 23:00:00+00:00,0.315526,0.44554,0.497718,0.543384,0.560743,0.609757,0.636526,0.64324,0.65642,0.679616,0.842093
2023-06-13 00:00:00+00:00,0.432746,0.457602,0.513105,0.556985,0.576406,0.616269,0.62825,0.645268,0.664903,0.692514,0.834025
2023-06-13 01:00:00+00:00,0.45015,0.482993,0.504945,0.552317,0.582572,0.593822,0.622764,0.635189,0.64811,0.686584,0.789246
2023-06-13 02:00:00+00:00,0.44675,0.493113,0.503066,0.555284,0.562045,0.585898,0.601879,0.605314,0.626222,0.667001,0.755705
2023-06-13 03:00:00+00:00,0.425484,0.453492,0.482676,0.519998,0.531846,0.545845,0.565134,0.58278,0.599504,0.617255,0.719917
2023-06-13 04:00:00+00:00,0.372291,0.413687,0.439073,0.457088,0.480636,0.491327,0.500173,0.516142,0.53686,0.563151,0.65808
2023-06-13 05:00:00+00:00,0.315237,0.357527,0.389846,0.416816,0.423824,0.433466,0.436999,0.450962,0.475749,0.490641,0.577916
2023-06-13 06:00:00+00:00,0.273456,0.311399,0.337667,0.360627,0.366505,0.374078,0.383472,0.394479,0.415883,0.447142,0.528585
2023-06-13 07:00:00+00:00,0.250749,0.281996,0.311376,0.333229,0.336941,0.346992,0.354068,0.369779,0.382135,0.423525,0.492796
2023-06-13 08:00:00+00:00,0.242739,0.270724,0.289615,0.306731,0.316033,0.324977,0.33361,0.335973,0.345551,0.38852,0.457815
2023-06-13 09:00:00+00:00,0.229945,0.26541,0.287621,0.296392,0.301821,0.304518,0.315157,0.321288,0.331858,0.37372,0.416609
2023-06-13 10:00:00+00:00,0.252478,0.281962,0.295735,0.309117,0.318672,0.344341,0.358506,0.362771,0.369687,0.386884,0.429461
2023-06-13 11:00:00+00:00,0.250346,0.281835,0.297533,0.327708,0.336215,0.35846,0.366229,0.371001,0.378734,0.399458,0.425023
2023-06-13 12:00:00+00:00,0.258414,0.292301,0.300104,0.34622,0.358852,0.381455,0.392185,0.39668,0.404322,0.419571,0.441563
2023-06-13 13:00:00+00:00,0.268787,0.296588,0.306063,0.334693,0.353481,0.372291,0.385454,0.394214,0.401003,0.416851,0.443177
2023-06-13 14:00:00+00:00,0.281351,0.308759,0.325265,0.334209,0.351118,0.361342,0.374412,0.395631,0.399331,0.421703,0.442082
2023-06-13 15:00:00+00:00,0.293799,0.323801,0.329587,0.344802,0.357215,0.364396,0.37379,0.39864,0.418315,0.424274,0.474758
2023-06-13 16:00:00+00:00,0.306996,0.338416,0.34313,0.346704,0.368154,0.381973,0.392578,0.406132,0.430878,0.454161,0.469053
2023-06-13 17:00:00+00:00,0.317485,0.348381,0.366067,0.376573,0.38973,0.400645,0.425472,0.431328,0.46027,0.484763,0.512909
2023-06-13 18:00:00+00:00,0.339788,0.386192,0.394352,0.409532,0.432723,0.444502,0.449746,0.489165,0.495009,0.51518,0.553135
2023-06-13 19:00:00+00:00,0.322441,0.376482,0.430614,0.449147,0.452651,0.479599,0.498294,0.51737,0.537863,0.566828,0.616644
2023-06-13 20:00:00+00:00,0.338981,0.380538,0.41918,0.472395,0.490802,0.505244,0.520113,0.538007,0.562575,0.594998,0.706374
2023-06-13 21:00:00+00:00,0.368891,0.428723,0.452236,0.483138,0.504726,0.533772,0.545574,0.564436,0.5707,0.592485,0.724527
2023-06-13 22:00:00+00:00,0.367911,0.435437,0.485385,0.533915,0.55423,0.564574,0.581938,0.591246,0.62402,0.666574,0.808783
2023-06-13 23:00:00+00:00,0.315526,0.44554,0.497718,0.543384,0.560743,0.609757,0.636526,0.64324,0.65642,0.679616,0.842093
2023-06-14 00:00:00+00:00,0.432746,0.457602,0.513105,0.556985,0.576406,0.616269,0.62825,0.645268,0.664903,0.692514,0.834025
2023-06-14 01:00:00+00:00,0.45015,0.482993,0.504945,0.552317,0.582572,0.593822,0.622764,0.635189,0.64811,0.686584,0.789246
2023-06-14 02:00:00+00:00,0.44675,0.493113,0.503066,0.555284,0.562045,0.585898,0.601879,0.605314,0.626222,0.667001,0.755705
2023-06-14 03:00:00+00:00,0.425484,0.453492,0.482676,0.519998,0.531846,0.545845,0.565134,0.58278,0.599504,0.617255,0.719917
2023-06-14 04:00:00+00:00,0.372291,0.413687,0.439073,0.457088,0.480636,0.491327,0.500173,0.516142,0.53686,0.563151,0.65808
2023-06-14 05:00:00+00:00,0.315237,0.357527,0.389846,0.416816,0.423824,0.433466,0.436999,0.450962,0.475749,0.490641,0.577916
2023-06-14 06:00:00+00:00,0.273456,0.311399,0.337667,0.360627,0.366505,0.374078,0.383472,0.394479,0.415883,0.447142,0.528585
2023-06-14 07:00:00+00:00,0.250749,0.281996,0.311376,0.333229,0.336941,0.346992,0.354068,0.369779,0.382135,0.423525,0.492796
2023-06-14 08:00:00+00:00,0.242739,0.270724,0.289615,0.306731,0.316033,0.324977,0.33361,0.335973,0.345551,0.38852,0.457815
2023-06-14 09:00:00+00:00,0.229945,0.26541,0.287621,0.296392,0.301821,0.304518,0.315157,0.321288,0.331858,0.37372,0.416609
2023-06-14 10:00:00+00:00,0.252478,0.281962,0.295735,0.309117,0.318672,0.344341,0.358506,0.362771,0.369687,0.386884,0.429461
2023-06-14 11:00:00+00:00,0.250346,0.281835,0.297533,0.327708,0.336215,0.35846,0.366229,0.371001,0.378734,0.399458,0.425023
2023-06-14 12:00:00+00:00,0.258414,0.292301,0.300104,0.34622,0.358852,0.381455,0.392185,0.39668,0.404322,0.419571,0.441563
2023-06-14 13:00:00+00:00,0.268787,0.296588,0.306063,0.334693,0.353481,0.372291,0.385454,0.394214,0.401003,0.416851,0.443177
2023-06-14 14:00:00+00:00,0.281351,0.308759,0.325265,0.334209,0.351118,0.361342,0.374412,0.395631,0.399331,0.421703,0.442082
2023-06-14 15:00:00+00:00,0.293799,0.323801,0.329587,0.344802,0.357215,0.364396,0.37379,0.39864,0.418315,0.424274,0.474758
2023-06-14 16:00:00+00:00,0.306996,0.338416,0.34313,0.346704,0.368154,0.381973,0.392578,0.406132,0.430878,0.454161,0.469053
2023-06-14 17:00:00+00:00,0.317485,0.348381,0.366067,0.376573,0.38973,0.400645,0.425472,0.431328,0.46027,0.484763,0.512909
2023-06-14 18:00:00+00:00,0.339788,0.386192,0.394352,0.409532,0.432723,0.444502,0.449746,0.489165,0.495009,0.51518,0.553135
2023-06-14 19:00:00+00:00,0.322441,0.376482,0.430614,0.449147,0.452651,0.479599,0.498294,0.51737,0.537863,0.566828,0.616644
2023-06-14 20:00:00+00:00,0.338981,0.380538,0.41918,0.472395,0.490802,0.505244,0.520113,0.538007,0.562575,0.594998,0.706374
2023-06-14 21:00:00+00:00,0.368891,0.428723,0.452236,0.483138,0.504726,0.533772,0.545574,0.564436,0.5707,0.592485,0.724527
2023-06-14 22:00:00+00:00,0.367911,0.435437,0.485385,0.533915,0.55423,0.564574,0.581938,0.591246,0.62402,0.666574,0.808783
2023-06-14 23:00:00+00:00,0.315526,0.44554,0.497718,0.543384,0.560743,0.609757,0.636526,0.64324,0.65642,0.679616,0.842093
2023-06-15 00:00:00+00:00,0.432746,0.457602,0.513105,0.556985,0.576406,0.616269,0.62825,0.645268,0.664903,0.692514,0.834025
2023-06-15 01:00:00+00:00,0.45015,0.482993,0.504945,0.552317,0.582572,0.593822,0.622764,0.635189,0.64811,0.686584,0.789246
2023-06-15 02:00:00+00:00,0.44675,0.493113,0.503066,0.555284,0.562045,0.585898,0.601879,0.605314,0.626222,0.667001,0.755705
2023-06-15 03:00:00+00:00,0.425484,0.453492,0.482676,0.519998,0.531846,0.545845,0.565134,0.58278,0.599504,0.617255,0.719917
2023-06-15 04:00:00+00:00,0.372291,0.413687,0.439073,0.457088,0.480636,0.491327,0.500173,0.516142,0.53686,0.563151,0.65808
2023-06-15 05:00:00+00:00,0.315237,0.357527,0.389846,0.416816,0.423824,0.433466,0.436999,0.450962,0.475749,0.490641,0.577916
2023-06-15 06:00:00+00:00,0.273456,0.311399,0.343073,0.364177,0.373409,0.376556,0.391586,0.402328,0.411319,0.467439,0.526164
2023-06-15 07:00:00+00:00,0.250749,0.281996,0.323709,0.335108,0.341459,0.346242,0.357089,0.369387,0.37817,0.419721,0.48225
2023-06-15 08:00:00+00:00,0.242739,0.270724,0.293177,0.306731,0.31503,0.322153,0.33361,0.339868,0.347937,0.377294,0.441044
2023-06-15 09:00:00+00:00,0.229945,0.26541,0.277063,0.294283,0.301821,0.304518,0.317785,0.323813,0.33497,0.355406,0.4392
2023-06-15 10:00:00+00:00,0.252478,0.281962,0.294456,0.301037,0.308115,0.313163,0.339823,0.355141,0.370263,0.390134,0.42387
2023-06-15 11:00:00+00:00,0.250346,0.281835,0.293937,0.303446,0.325311,0.332354,0.349112,0.363163,0.378734,0.395782,0.423582
2023-06-15 12:00:00+00:00,0.258414,0.292301,0.299263,0.304161,0.325046,0.347914,0.355729,0.383956,0.398548,0.403838,0.441275
2023-06-15 13:00:00+00:00,0.268787,0.291424,0.302386,0.307469,0.33165,0.349412,0.356051,0.369963,0.394168,0.399066,0.421162
2023-06-15 14:00:00+00:00,0.281351,0.298824,0.30891,0.326694,0.333253,0.347971,0.356881,0.375311,0.395286,0.402836,0.425599
2023-06-15 15:00:00+00:00,0.293799,0.316229,0.329587,0.344421,0.351141,0.364396,0.371669,0.390791,0.413693,0.421566,0.46692
2023-06-15 16:00:00+00:00,0.321461,0.341367,0.343937,0.354841,0.363958,0.381973,0.392578,0.406201,0.430878,0.453009,0.498271
2023-06-15 17:00:00+00:00,0.343188,0.366932,0.387356,0.392606,0.416344,0.430728,0.439534,0.446986,0.457262,0.487471,0.577743
2023-06-15 18:00:00+00:00,0.384336,0.39124,0.405487,0.42262,0.445332,0.447902,0.483552,0.494294,0.503285,0.53429,0.571923
2023-06-15 19:00:00+00:00,0.322441,0.396007,0.444444,0.453654,0.486538,0.500951,0.513347,0.541771,0.550335,0.582457,0.60506
2023-06-15 20:00:00+00:00,0.338981,0.402559,0.49449,0.506783,0.524032,0.539246,0.553746,0.574009,0.579806,0.64392,0.655775
2023-06-15 21:00:00+00:00,0.368891,0.455054,0.484244,0.509866,0.527916,0.545441,0.548352,0.567785,0.589972,0.640278,0.716286
2023-06-15 22:00:00+00:00,0.367911,0.476089,0.536318,0.551204,0.564212,0.577456,0.589234,0.617917,0.640145,0.700513,0.770862
2023-06-15 23:00:00+00:00,0.315526,0.493177,0.536976,0.555158,0.615076,0.632867,0.640007,0.662742,0.680878,0.755135,0.78308
2023-06-16 00:00:00+00:00,0.45113,0.488341,0.522326,0.575288,0.622453,0.645833,0.656143,0.663342,0.69554,0.771911,0.812471
2023-06-16 01:00:00+00:00,0.45015,0.487229,0.518453,0.581414,0.610339,0.634221,0.643338,0.661151,0.677236,0.729397,0.792301
2023-06-16 02:00:00+00:00,0.454876,0.493113,0.506178,0.555382,0.569099,0.601948,0.608103,0.628153,0.659209,0.724885,0.76752
2023-06-16 03:00:00+00:00,0.425484,0.465064,0.49426,0.524245,0.532204,0.561549,0.569525,0.592532,0.602905,0.680521,0.734325
2023-06-16 04:00:00+00:00,0.372291,0.423329,0.452144,0.469289,0.484002,0.491327,0.517623,0.522274,0.538013,0.623553,0.666321
2023-06-16 05:00:00+00:00,0.315237,0.357527,0.396957,0.418211,0.424896,0.436693,0.441817,0.454299,0.475404,0.559249,0.603677
2023-06-16 06:00:00+00:00,0.273456,0.311399,0.343073,0.364177,0.373409,0.376556,0.391586,0.402328,0.411319,0.467439,0.526164
2023-06-16 07:00:00+00:00,0.250749,0.281996,0.323709,0.335108,0.341459,0.346242,0.357089,0.369387,0.37817,0.419721,0.48225
2023-06-16 08:00:00+00:00,0.242739,0.270724,0.293177,0.306731,0.31503,0.322153,0.33361,0.339868,0.347937,0.377294,0.441044
2023-06-16 09:00:00+00:00,0.229945,0.26541,0.277063,0.294283,0.301821,0.304518,0.317785,0.323813,0.33497,0.355406,0.4392
2023-06-16 10:00:00+00:00,0.252478,0.281962,0.294456,0.301037,0.308115,0.313163,0.339823,0.355141,0.370263,0.390134,0.42387
2023-06-16 11:00:00+00:00,0.250346,0.281835,0.293937,0.303446,0.325311,0.332354,0.349112,0.363163,0.378734,0.395782,0.423582
2023-06-16 12:00:00+00:00,0.258414,0.292301,0.299263,0.304161,0.325046,0.347914,0.355729,0.383956,0.398548,0.403838,0.441275
2023-06-16 13:00:00+00:00,0.268787,0.291424,0.302386,0.307469,0.33165,0.349412,0.356051,0.369963,0.394168,0.399066,0.421162
2023-06-16 14:00:00+00:00,0.281351,0.298824,0.30891,0.326694,0.333253,0.347971,0.356881,0.375311,0.395286,0.402836,0.425599
2023-06-16 15:00:00+00:00,0.293799,0.316229,0.329587,0.344421,0.351141,0.364396,0.371669,0.390791,0.413693,0.421566,0.46692
2023-06-16 16:00:00+00:00,0.321461,0.341367,0.343937,0.354841,0.363958,0.381973,0.392578,0.406201,0.430878,0.453009,0.498271
2023-06-16 17:00:00+00:00,0.343188,0.366932,0.387356,0.392606,0.416344,0.430728,0.439534,0.446986,0.457262,0.487471,0.577743
2023-06-16 18:00:00+00:00,0.384336,0.39124,0.405487,0.42262,0.445332,0.447902,0.483552,0.494294,0.503285,0.53429,0.571923
2023-06-16 19:00:00+00:00,0.322441,0.396007,0.444444,0.453654,0.486538,0.500951,0.513347,0.541771,0.550335,0.582457,0.60506
2023-06-16 20:00:00+00:00,0.338981,0.402559,0.49449,0.506783,0.524032,0.539246,0.553746,0.574009,0.579806,0.64392,0.655775
2023-06-16 21:00:00+00:00,0.368891,0.455054,0.484244,0.509866,0.527916,0.545441,0.548352,0.567785,0.589972,0.640278,0.716286
2023-06-16 22:00:00+00:00,0.367911,0.476089,0.536318,0.551204,0.564212,0.577456,0.589234,0.617917,0.640145,0.700513,0.770862
2023-06-16 23:00:00+00:00,0.315526,0.493177,0.536976,0.555158,0.615076,0.632867,0.640007,0.662742,0.680878,0.755135,0.78308
2023-06-17 00:00:00+00:00,0.45113,0.488341,0.522326,0.575288,0.622453,0.645833,0.656143,0.663342,0.69554,0.771911,0.812471
2023-06-17 01:00:00+00:00,0.45015,0.487229,0.518453,0.581414,0.610339,0.634221,0.643338,0.661151,0.677236,0.729397,0.792301
2023-06-17 02:00:00+00:00,0.454876,0.493113,0.506178,0.555382,0.569099,0.601948,0.608103,0.628153,0.659209,0.724885,0.76752
2023-06-17 03:00:00+00:00,0.425484,0.465064,0.49426,0.524245,0.532204,0.561549,0.569525,0.592532,0.602905,0.680521,0.734325
2023-06-17 04:00:00+00:00,0.372291,0.423329,0.452144,0.469289,0.484002,0.491327,0.517623,0.522274,0.538013,0.623553,0.666321
2023-06-17 05:00:00+00:00,0.315237,0.357527,0.396957,0.418211,0.424896,0.436693,0.441817,0.454299,0.475404,0.559249,0.603677
2023-06-17 06:00:00+00:00,0.273456,0.311399,0.343073,0.364177,0.373409,0.376556,0.391586,0.402328,0.411319,0.467439,0.526164
2023-06-17 07:00:00+00:00,0.250749,0.281996,0.323709,0.335108,0.341459,0.346242,0.357089,0.369387,0.37817,0.419721,0.48225
2023-06-17 08:00:00+00:00,0.242739,0.270724,0.293177,0.306731,0.31503,0.322153,0.33361,0.339868,0.347937,0.377294,0.441044
2023-06-17 09:00:00+00:00,0.229945,0.26541,0.277063,0.294283,0.301821,0.304518,0.317785,0.323813,0.33497,0.355406,0.4392
2023-06-17 10:00:00+00:00,0.252478,0.281962,0.294456,0.301037,0.308115,0.313163,0.339823,0.355141,0.370263,0.390134,0.42387
2023-06-17 11:00:00+00:00,0.250346,0.281835,0.293937,0.303446,0.325311,0.332354,0.349112,0.363163,0.378734,0.395782,0.423582
2023-06-17 12:00:00+00:00,0.258414,0.292301,0.299263,0.304161,0.325046,0.347914,0.355729,0.383956,0.398548,0.403838,0.441275
2023-06-17 13:00:00+00:00,0.268787,0.291424,0.302386,0.307469,0.33165,0.349412,0.356051,0.369963,0.394168,0.399066,0.421162
2023-06-17 14:00:00+00:00,0.281351,0.298824,0.30891,0.326694,0.333253,0.347971,0.356881,0.375311,0.395286,0.402836,0.425599
2023-06-17 15:00:00+00:00,0.293799,0.316229,0.329587,0.344421,0.351141,0.364396,0.371669,0.390791,0.413693,0.421566,0.46692
2023-06-17 16:00:00+00:00,0.321461,0.341367,0.343937,0.354841,0.363958,0.381973,0.392578,0.406201,0.430878,0.453009,0.498271
2023-06-17 17:00:00+00:00,0.343188,0.366932,0.387356,0.392606,0.416344,0.430728,0.439534,0.446986,0.457262,0.487471,0.577743
2023-06-17 18:00:00+00:00,0.384336,0.39124,0.405487,0.42262,0.445332,0.447902,0.483552,0.494294,0.503285,0.53429,0.571923
2023-06-17 19:00:00+00:00,0.322441,0.396007,0.444444,0.453654,0.486538,0.500951,0.513347,0.541771,0.550335,0.582457,0.60506
2023-06-17 20:00:00+00:00,0.338981,0.402559,0.49449,0.506783,0.524032,0.539246,0.553746,0.574009,0.579806,0.64392,0.655775
2023-06-17 21:00:00+00:00,0.368891,0.455054,0.484244,0.509866,0.527916,0.545441,0.548352,0.567785,0.589972,0.640278,0.716286
2023-06-17 22:00:00+00:00,0.367911,0.476089,0.536318,0.551204,0.564212,0.577456,0.589234,0.617917,0.640145,0.700513,0.770862
2023-06-17 23:00:00+00:00,0.315526,0.493177,0.536976,0.555158,0.615076,0.632867,0.640007,0.662742,0.680878,0.755135,0.78308
2023-06-18 00:00:00+00:00,0.45113,0.488341,0.522326,0.575288,0.622453,0.645833,0.656143,0.663342,0.69554,0.771911,0.812471
2023-06-18 01:00:00+00:00,0.45015,0.487229,0.518453,0.581414,0.610339,0.634221,0.643338,0.661151,0.677236,0.729397,0.792301
2023-06-18 02:00:00+00:00,0.454876,0.493113,0.506178,0.555382,0.569099,0.601948,0.608103,0.628153,0.659209,0.724885,0.76752
2023-06-18 03:00:00+00:00,0.425484,0.465064,0.49426,0.524245,0.532204,0.561549,0.569525,0.592532,0.602905,0.680521,0.734325
2023-06-18 04:00:00+00:00,0.372291,0.423329,0.452144,0.469289,0.484002,0.491327,0.517623,0.522274,0.538013,0.623553,0.666321
2023-06-18 05:00:00+00:00,0.315237,0.357527,0.396957,0.418211,0.424896,0.436693,0.441817,0.454299,0.475404,0.559249,0.603677
2023-06-18 06:00:00+00:00,0.273456,0.311399,0.357607,0.367347,0.373974,0.382319,0.395505,0.406293,0.423721,0.5176,0.534405
2023-06-18 07:00:00+00:00,0.250749,0.281996,0.333322,0.337275,0.344053,0.346992,0.363577,0.371865,0.384521,0.478239,0.486226
2023-06-18 08:00:00+00:00,0.242739,0.273629,0.300542,0.308483,0.316033,0.324977,0.334486,0.345436,0.349262,0.437725,0.457815
2023-06-18 09:00:00+00:00,0.229945,0.267554,0.286791,0.296392,0.302893,0.3142,0.319145,0.32794,0.336468,0.414846,0.450092
2023-06-18 10:00:00+00:00,0.264408,0.28935,0.296173,0.305106,0.312252,0.31541,0.344064,0.360535,0.379933,0.407319,0.447211
2023-06-18 11:00:00+00:00,0.264177,0.288428,0.299239,0.309832,0.327178,0.332699,0.354599,0.366217,0.38429,0.410743,0.448709
2023-06-18 12:00:00+00:00,0.269133,0.295839,0.300104,0.3068,0.339419,0.352812,0.370021,0.39222,0.401637,0.410051,0.441275
2023-06-18 13:00:00+00:00,0.282388,0.296542,0.304357,0.313751,0.334947,0.349412,0.358357,0.383287,0.395909,0.406996,0.435569
2023-06-18 14:00:00+00:00,0.29109,0.306869,0.318534,0.329068,0.338174,0.350046,0.360524,0.377029,0.396923,0.408806,0.433437
2023-06-18 15:00:00+00:00,0.293799,0.323421,0.333921,0.344802,0.359786,0.36722,0.375726,0.40181,0.417036,0.428527,0.46692
2023-06-18 16:00:00+00:00,0.321461,0.341367,0.344076,0.36065,0.3685,0.389869,0.39335,0.420435,0.431627,0.461999,0.498271
2023-06-18 17:00:00+00:00,0.364569,0.371265,0.389385,0.398156,0.427374,0.433841,0.445873,0.449268,0.46465,0.490255,0.577743
2023-06-18 18:00:00+00:00,0.384336,0.395891,0.407111,0.440215,0.446577,0.452368,0.490929,0.495251,0.508034,0.53429,0.571923
2023-06-18 19:00:00+00:00,0.322441,0.396007,0.445067,0.462177,0.491413,0.504726,0.517416,0.545361,0.550335,0.582457,0.60506
2023-06-18 20:00:00+00:00,0.338981,0.402559,0.501544,0.519479,0.529656,0.542099,0.562874,0.575928,0.583737,0.64392,0.655775
2023-06-18 21:00:00+00:00,0.368891,0.455054,0.484244,0.509866,0.529991,0.546133,0.555083,0.571058,0.608691,0.65438,0.716286
2023-06-18 22:00:00+00:00,0.367911,0.476089,0.536318,0.551204,0.564212,0.577456,0.609636,0.626873,0.656213,0.719162,0.770862
2023-06-18 23:00:00+00:00,0.315526,0.493177,0.536976,0.555158,0.615076,0.632867,0.654322,0.668851,0.693108,0.762557,0.78308
2023-06-19 00:00:00+00:00,0.45113,0.488341,0.522326,0.575288,0.63739,0.648081,0.658748,0.668015,0.702939,0.795303,0.812471
2023-06-19 01:00:00+00:00,0.45015,0.487229,0.518453,0.581414,0.610339,0.635835,0.647303,0.666902,0.687379,0.773761,0.792301
2023-06-19 02:00:00+00:00,0.454876,0.493113,0.506178,0.555382,0.569099,0.601948,0.619848,0.649556,0.664235,0.749326,0.76752
2023-06-19 03:00:00+00:00,0.425484,0.465064,0.49426,0.524245,0.532204,0.561549,0.56994,0.600329,0.626349,0.710489,0.734325
2023-06-19 04:00:00+00:00,0.372291,0.423329,0.452144,0.469289,0.484002,0.491327,0.519836,0.5304,0.567992,0.656864,0.670874
2023-06-19 05:00:00+00:00,0.315237,0.357527,0.412425,0.420672,0.429334,0.43701,0.444721,0.465451,0.486976,0.587932,0.603677
2023-06-19 06:00:00+00:00,0.273456,0.311399,0.357607,0.367347,0.373974,0.382319,0.395505,0.406293,0.423721,0.5176,0.534405
2023-06-19 07:00:00+00:00,0.250749,0.281996,0.333322,0.337275,0.344053,0.346992,0.363577,0.371865,0.384521,0.478239,0.486226
2023-06-19 08:00:00+00:00,0.242739,0.273629,0.300542,0.308483,0.316033,0.324977,0.334486,0.345436,0.349262,0.437725,0.457815
2023-06-19 09:00:00+00:00,0.229945,0.267554,0.286791,0.296392,0.302893,0.3142,0.319145,0.32794,0.336468,0.414846,0.450092
2023-06-19 10:00:00+00:00,0.264408,0.28935,0.296173,0.305106,0.312252,0.31541,0.344064,0.360535,0.379933,0.407319,0.447211
2023-06-19 11:00:00+00:00,0.264177,0.288428,0.299239,0.309832,0.327178,0.332699,0.354599,0.366217,0.38429,0.410743,0.448709
2023-06-19 12:00:00+00:00,0.269133,0.295839,0.300104,0.3068,0.339419,0.352812,0.370021,0.39222,0.401637,0.410051,0.441275
2023-06-19 13:00:00+00:00,0.282388,0.296542,0.304357,0.313751,0.334947,0.349412,0.358357,0.383287,0.395909,0.406996,0.435569
2023-06-19 14:00:00+00:00,0.29109,0.306869,0.318534,0.329068,0.338174,0.350046,0.360524,0.377029,0.396923,0.408806,0.433437
2023-06-19 15:00:00+00:00,0.293799,0.323421,0.333921,0.344802,0.359786,0.36722,0.375726,0.40181,0.417036,0.428527,0.46692
2023-06-19 16:00:00+00:00,0.321461,0.341367,0.344076,0.36065,0.3685,0.389869,0.39335,0.420435,0.431627,0.461999,0.498271
2023-06-19 17:00:00+00:00,0.364569,0.371265,0.389385,0.398156,0.427374,0.433841,0.445873,0.449268,0.46465,0.490255,0.577743
2023-06-19 18:00:00+00:00,0.384336,0.395891,0.407111,0.440215,0.446577,0.452368,0.490929,0.495251,0.508034,0.53429,0.571923
2023-06-19 19:00:00+00:00,0.322441,0.396007,0.445067,0.462177,0.491413,0.504726,0.517416,0.545361,0.550335,0.582457,0.60506
2023-06-19 20:00:00+00:00,0.338981,0.402559,0.501544,0.519479,0.529656,0.542099,0.562874,0.575928,0.583737,0.64392,0.655775
2023-06-19 21:00:00+00:00,0.368891,0.455054,0.484244,0.509866,0.529991,0.546133,0.555083,0.571058,0.608691,0.65438,0.716286
2023-06-19 22:00:00+00:00,0.367911,0.476089,0.536318,0.551204,0.564212,0.577456,0.609636,0.626873,0.656213,0.719162,0.770862
2023-06-19 23:00:00+00:00,0.315526,0.493177,0.536976,0.555158,0.615076,0.632867,0.654322,0.668851,0.693108,0.762557,0.78308
2023-06-20 00:00:00+00:00,0.45113,0.488341,0.522326,0.575288,0.63739,0.648081,0.658748,0.668015,0.702939,0.795303,0.812471
2023-06-20 01:00:00+00:00,0.45015,0.487229,0.518453,0.581414,0.610339,0.635835,0.647303,0.666902,0.687379,0.773761,0.792301
2023-06-20 02:00:00+00:00,0.454876,0.493113,0.506178,0.555382,0.569099,0.601948,0.619848,0.649556,0.664235,0.749326,0.76752
2023-06-20 03:00:00+00:00,0.425484,0.465064,0.49426,0.524245,0.532204,0.561549,0.56994,0.600329,0.626349,0.710489,0.734325
2023-06-20 04:00:00+00:00,0.372291,0.423329,0.452144,0.469289,0.484002,0.491327,0.519836,0.5304,0.567992,0.656864,0.670874
2023-06-20 05:00:00+00:00,0.315237,0.357527,0.412425,0.420672,0.429334,0.43701,0.444721,0.465451,0.486976,0.587932,0.603677
2023-06-20 06:00:00+00:00,0.273456,0.311399,0.357607,0.367347,0.373974,0.382319,0.395505,0.406293,0.423721,0.5176,0.534405
2023-06-20 07:00:00+00:00,0.250749,0.281996,0.333322,0.337275,0.344053,0.346992,0.363577,0.371865,0.384521,0.478239,0.486226
2023-06-20 08:00:00+00:00,0.242739,0.273629,0.300542,0.308483,0.316033,0.324977,0.334486,0.345436,0.349262,0.437725,0.457815
2023-06-20 09:00:00+00:00,0.229945,0.267554,0.286791,0.296392,0.302893,0.3142,0.319145,0.32794,0.336468,0.414846,0.450092
2023-06-20 10:00:00+00:00,0.264408,0.28935,0.296173,0.305106,0.312252,0.31541,0.344064,0.360535,0.379933,0.407319,0.447211
2023-06-20 11:00:00+00:00,0.264177,0.288428,0.299239,0.309832,0.327178,0.332699,0.354599,0.366217,0.38429,0.410743,0.448709
2023-06-20 12:00:00+00:00,0.269133,0.295839,0.300104,0.3068,0.339419,0.352812,0.370021,0.39222,0.401637,0.410051,0.441275
2023-06-20 13:00:00+00:00,0.282388,0.296542,0.304357,0.313751,0.334947,0.349412,0.358357,0.383287,0.395909,0.406996,0.435569
2023-06-20 14:00:00+00:00,0.29109,0.306869,0.318534,0.329068,0.338174,0.350046,0.360524,0.377029,0.396923,0.408806,0.433437
2023-06-20 15:00:00+00:00,0.293799,0.323421,0.333921,0.344802,0.359786,0.36722,0.375726,0.40181,0.417036,0.428527,0.46692
2023-06-20 16:00:00+00:00,0.321461,0.341367,0.344076,0.36065,0.3685,0.389869,0.39335,0.420435,0.431627,0.461999,0.498271
2023-06-20 17:00:00+00:00,0.364569,0.371265,0.389385,0.398156,0.427374,0.433841,0.445873,0.449268,0.46465,0.490255,0.577743
2023-06-20 18:00:00+00:00,0.384336,0.395891,0.407111,0.440215,0.446577,0.452368,0.490929,0.495251,0.508034,0.53429,0.571923
2023-06-20 19:00:00+00:00,0.322441,0.396007,0.445067,0.462177,0.491413,0.504726,0.517416,0.545361,0.550335,0.582457,0.60506
2023-06-20 20:00:00+00:00,0.338981,0.402559,0.501544,0.519479,0.529656,0.542099,0.562874,0.575928,0.583737,0.64392,0.655775
2023-06-20 21:00:00+00:00,0.368891,0.455054,0.484244,0.509866,0.529991,0.546133,0.555083,0.571058,0.608691,0.65438,0.716286
2023-06-20 22:00:00+00:00,0.367911,0.476089,0.536318,0.551204,0.564212,0.577456,0.609636,0.626873,0.656213,0.719162,0.770862
2023-06-20 23:00:00+00:00,0.315526,0.493177,0.536976,0.555158,0.615076,0.632867,0.654322,0.668851,0.693108,0.762557,0.78308
2023-06-21 00:00:00+00:00,0.45113,0.488341,0.522326,0.575288,0.63739,0.648081,0.658748,0.668015,0.702939,0.795303,0.812471
2023-06-21 01:00:00+00:00,0.45015,0.487229,0.518453,0.581414,0.610339,0.635835,0.647303,0.666902,0.687379,0.773761,0.792301
2023-06-21 02:00:00+00:00,0.454876,0.493113,0.506178,0.555382,0.569099,0.601948,0.619848,0.649556,0.664235,0.749326,0.76752
2023-06-21 03:00:00+00:00,0.425484,0.465064,0.49426,0.524245,0.532204,0.561549,0.56994,0.600329,0.626349,0.710489,0.734325
2023-06-21 04:00:00+00:00,0.372291,0.423329,0.452144,0.469289,0.484002,0.491327,0.519836,0.5304,0.567992,0.656864,0.670874
2023-06-21 05:00:00+00:00,0.315237,0.357527,0.412425,0.420672,0.429334,0.43701,0.444721,0.465451,0.486976,0.587932,0.603677
2023-06-21 06:00:00+00:00,0.273456,0.311399,0.357607,0.367347,0.373974,0.382319,0.395505,0.406293,0.423721,0.5176,0.534405
2023-06-21 07:00:00+00:00,0.250749,0.281996,0.333322,0.337275,0.344053,0.346992,0.363577,0.371865,0.384521,0.478239,0.486226
2023-06-21 08:00:00+00:00,0.242739,0.273629,0.300542,0.308483,0.316033,0.324977,0.334486,0.345436,0.349262,0.437725,0.457815
2023-06-21 09:00:00+00:00,0.229945,0.267554,0.286791,0.296392,0.302893,0.3142,0.319145,0.32794,0.336468,0.414846,0.450092
2023-06-21 10:00:00+00:00,0.264408,0.28935,0.296173,0.305106,0.312252,0.31541,0.344064,0.360535,0.379933,0.407319,0.447211
2023-06-21 11:00:00+00:00,0.264177,0.288428,0.299239,0.309832,0.327178,0.332699,0.354599,0.366217,0.38429,0.410743,0.448709
2023-06-21 12:00:00+00:00,0.269133,0.295839,0.300104,0.3068,0.339419,0.352812,0.370021,0.39222,0.401637,0.410051,0.441275
2023-06-21 13:00:00+00:00,0.282388,0.296542,0.304357,0.313751,0.334947,0.349412,0.358357,0.383287,0.395909,0.406996,0.435569
2023-06-21 14:00:00+00:00,0.29109,0.306869,0.318534,0.329068,0.338174,0.350046,0.360524,0.377029,0.396923,0.408806,0.433437
2023-06-21 15:00:00+00:00,0.293799,0.323421,0.333921,0.344802,0.359786,0.36722,0.375726,0.40181,0.417036,0.428527,0.46692
2023-06-21 16:00:00+00:00,0.321461,0.341367,0.344076,0.36065,0.3685,0.389869,0.39335,0.420435,0.431627,0.461999,0.498271
2023-06-21 17:00:00+00:00,0.364569,0.371265,0.389385,0.398156,0.427374,0.433841,0.445873,0.449268,0.46465,0.490255,0.577743
2023-06-21 18:00:00+00:00,0.384336,0.395891,0.407111,0.440215,0.446577,0.452368,0.490929,0.495251,0.508034,0.53429,0.571923
2023-06-21 19:00:00+00:00,0.322441,0.396007,0.445067,0.462177,0.491413,0.504726,0.517416,0.545361,0.550335,0.582457,0.60506
2023-06-21 20:00:00+00:00,0.338981,0.402559,0.501544,0.519479,0.529656,0.542099,0.562874,0.575928,0.583737,0.64392,0.655775
2023-06-21 21:00:00+00:00,0.368891,0.455054,0.484244,0.509866,0.529991,0.546133,0.555083,0.571058,0.608691,0.65438,0.716286
2023-06-21 22:00:00+00:00,0.367911,0.476089,0.536318,0.551204,0.564212,0.577456,0.609636,0.626873,0.656213,0.719162,0.770862
2023-06-21 23:00:00+00:00,0.315526,0.493177,0.536976,0.555158,0.615076,0.632867,0.654322,0.668851,0.693108,0.762557,0.78308
2023-06-22 00:00:00+00:00,0.45113,0.488341,0.522326,0.575288,0.63739,0.648081,0.658748,0.668015,0.702939,0.795303,0.812471
2023-06-22 01:00:00+00:00,0.45015,0.487229,0.518453,0.581414,0.610339,0.635835,0.647303,0.666902,0.687379,0.773761,0.792301
2023-06-22 02:00:00+00:00,0.454876,0.493113,0.506178,0.555382,0.569099,0.601948,0.619848,0.649556,0.664235,0.749326,0.76752
2023-06-22 03:00:00+00:00,0.425484,0.465064,0.49426,0.524245,0.532204,0.561549,0.56994,0.600329,0.626349,0.710489,0.734325
2023-06-22 04:00:00+00:00,0.372291,0.423329,0.452144,0.469289,0.484002,0.491327,0.519836,0.5304,0.567992,0.656864,0.670874
2023-06-22 05:00:00+00:00,0.315237,0.357527,0.412425,0.420672,0.429334,0.43701,0.444721,0.465451,0.486976,0.587932,0.603677
2023-06-22 06:00:00+00:00,0.273456,0.311399,0.357607,0.367347,0.373974,0.382319,0.395505,0.406293,0.423721,0.5176,0.534405
2023-06-22 07:00:00+00:00,0.250749,0.281996,0.333322,0.337275,0.344053,0.346992,0.363577,0.371865,0.384521,0.478239,0.486226
2023-06-22 08:00:00+00:00,0.242739,0.273629,0.300542,0.308483,0.316033,0.324977,0.334486,0.345436,0.349262,0.437725,0.457815
2023-06-22 09:00:00+00:00,0.229945,0.267554,0.286791,0.296392,0.302893,0.3142,0.319145,0.32794,0.336468,0.414846,0.450092
2023-06-22 10:00:00+00:00,0.264408,0.28935,0.296173,0.305106,0.312252,0.31541,0.344064,0.360535,0.379933,0.407319,0.447211
2023-06-22 11:00:00+00:00,0.264177,0.288428,0.299239,0.309832,0.327178,0.332699,0.354599,0.366217,0.38429,0.410743,0.448709
2023-06-22 12:00:00+00:00,0.269133,0.295839,0.300104,0.3068,0.339419,0.352812,0.370021,0.39222,0.401637,0.410051,0.441275
2023-06-22 13:00:00+00:00,0.282388,0.296542,0.304357,0.313751,0.334947,0.349412,0.358357,0.383287,0.395909,0.406996,0.435569
2023-06-22 14:00:00+00:00,0.29109,0.306869,0.318534,0.329068,0.338174,0.350046,0.360524,0.377029,0.396923,0.408806,0.433437
2023-06-22 15:00:00+00:00,0.293799,0.323421,0.333921,0.344802,0.359786,0.36722,0.375726,0.40181,0.417036,0.428527,0.46692
2023-06-22 16:00:00+00:00,0.321461,0.341367,0.344076,0.36065,0.3685,0.389869,0.39335,0.420435,0.431627,0.461999,0.498271
2023-06-22 17:00:00+00:00,0.364569,0.371265,0.389385,0.398156,0.427374,0.433841,0.445873,0.449268,0.46465,0.490255,0.577743
2023-06-22 18:00:00+00:00,0.384336,0.395891,0.407111,0.440215,0.446577,0.452368,0.490929,0.495251,0.508034,0.53429,0.571923
2023-06-22 19:00:00+00:00,0.322441,0.396007,0.445067,0.462177,0.491413,0.504726,0.517416,0.545361,0.550335,0.582457,0.60506
2023-06-22 20:00:00+00:00,0.338981,0.402559,0.501544,0.519479,0.529656,0.542099,0.562874,0.575928,0.583737,0.64392,0.655775
2023-06-22 21:00:00+00:00,0.368891,0.455054,0.484244,0.509866,0.529991,0.546133,0.555083,0.571058,0.608691,0.65438,0.716286
2023-06-22 22:00:00+00:00,0.367911,0.476089,0.536318,0.551204,0.564212,0.577456,0.609636,0.626873,0.656213,0.719162,0.770862
2023-06-22 23:00:00+00:00,0.315526,0.493177,0.536976,0.555158,0.615076,0.632867,0.654322,0.668851,0.693108,0.762557,0.78308
2023-06-23 00:00:00+00:00,0.45113,0.488341,0.522326,0.575288,0.63739,0.648081,0.658748,0.668015,0.702939,0.795303,0.812471
2023-06-23 01:00:00+00:00,0.45015,0.487229,0.518453,0.581414,0.610339,0.635835,0.647303,0.666902,0.687379,0.773761,0.792301
2023-06-23 02:00:00+00:00,0.454876,0.493113,0.506178,0.555382,0.569099,0.601948,0.619848,0.649556,0.664235,0.749326,0.76752
2023-06-23 03:00:00+00:00,0.425484,0.465064,0.49426,0.524245,0.532204,0.561549,0.56994,0.600329,0.626349,0.710489,0.734325
2023-06-23 04:00:00+00:00,0.372291,0.423329,0.452144,0.469289,0.484002,0.491327,0.519836,0.5304,0.567992,0.656864,0.670874
2023-06-23 05:00:00+00:00,0.315237,0.357527,0.412425,0.420672,0.429334,0.43701,0.444721,0.465451,0.486976,0.587932,0.603677
2023-06-23 06:00:00+00:00,0.273456,0.349354,0.368188,0.377305,0.396162,0.406524,0.447372,0.52296,0.544133,0.59335,0.626844
2023-06-23 07:00:00+00:00,0.250749,0.328377,0.340664,0.345067,0.359913,0.374366,0.401303,0.479553,0.493949,0.529599,0.574112
2023-06-23 08:00:00+00:00,0.242739,0.302789,0.30891,0.323847,0.336895,0.347914,0.360143,0.43927,0.456293,0.488831,0.519767
2023-06-23 09:00:00+00:00,0.229945,0.27719,0.299124,0.304345,0.319859,0.334832,0.340664,0.431305,0.451544,0.461376,0.483287
2023-06-23 10:00:00+00:00,0.264408,0.294053,0.302294,0.31254,0.343235,0.360189,0.384981,0.420551,0.437794,0.448709,0.479772
2023-06-23 11:00:00+00:00,0.264177,0.291078,0.302501,0.328066,0.350795,0.366183,0.391759,0.420401,0.434786,0.460374,0.476314
2023-06-23 12:00:00+00:00,0.269133,0.29841,0.304818,0.328285,0.359405,0.385892,0.402167,0.423836,0.436399,0.451741,0.484843
2023-06-23 13:00:00+00:00,0.282388,0.300956,0.307965,0.336215,0.353146,0.372291,0.394837,0.413716,0.434566,0.448098,0.475622
2023-06-23 14:00:00+00:00,0.29109,0.307192,0.329357,0.339269,0.356593,0.376095,0.400749,0.422164,0.43036,0.452155,0.462367
2023-06-23 15:00:00+00:00,0.3142,0.328135,0.344974,0.364696,0.372891,0.407388,0.418787,0.435016,0.467012,0.47047,0.485362
2023-06-23 16:00:00+00:00,0.321461,0.344076,0.360823,0.380417,0.395862,0.429633,0.44675,0.467381,0.493845,0.505994,0.515099
2023-06-23 17:00:00+00:00,0.372752,0.391765,0.423686,0.436382,0.446358,0.456461,0.469986,0.502461,0.522488,0.557123,0.578204
2023-06-23 18:00:00+00:00,0.397706,0.407941,0.446773,0.482671,0.494064,0.498933,0.510247,0.530348,0.55151,0.606841,0.647879
2023-06-23 19:00:00+00:00,0.384106,0.458771,0.493603,0.506195,0.539684,0.547141,0.551764,0.581224,0.599942,0.66167,0.720493
2023-06-23 20:00:00+00:00,0.408714,0.515935,0.539154,0.552778,0.573386,0.579299,0.590203,0.639362,0.647568,0.725092,0.753976
2023-06-23 21:00:00+00:00,0.457872,0.485351,0.525692,0.545187,0.551118,0.58659,0.63293,0.65974,0.713531,0.752415,0.80544
2023-06-23 22:00:00+00:00,0.454991,0.539396,0.558023,0.571836,0.603654,0.63886,0.66941,0.71775,0.732941,0.777,0.808668
2023-06-23 23:00:00+00:00,0.315526,0.543851,0.590629,0.618079,0.649666,0.674937,0.70876,0.774418,0.784014,0.811716,0.894018
2023-06-24 00:00:00+00:00,0.45113,0.560426,0.595263,0.646675,0.660754,0.694934,0.739903,0.797292,0.81012,0.847736,0.885777
2023-06-24 01:00:00+00:00,0.45015,0.55861,0.594502,0.633253,0.644755,0.675772,0.712252,0.776562,0.79524,0.834786,0.903296
2023-06-24 02:00:00+00:00,0.454876,0.54056,0.561215,0.586555,0.621738,0.658282,0.7006,0.75351,0.769111,0.822672,0.877132
2023-06-24 03:00:00+00:00,0.425484,0.511619,0.525323,0.540249,0.575657,0.602784,0.677075,0.72379,0.736019,0.782463,0.831547
2023-06-24 04:00:00+00:00,0.372291,0.457763,0.476025,0.489119,0.521081,0.537373,0.619099,0.665872,0.691206,0.733783,0.771496
2023-06-24 05:00:00+00:00,0.315237,0.396957,0.420355,0.43066,0.442519,0.463981,0.503562,0.588451,0.600945,0.654437,0.685858
2023-06-24 06:00:00+00:00,0.273456,0.349354,0.368188,0.377305,0.396162,0.406524,0.447372,0.52296,0.544133,0.59335,0.626844
2023-06-24 07:00:00+00:00,0.250749,0.328377,0.340664,0.345067,0.359913,0.374366,0.401303,0.479553,0.493949,0.529599,0.574112
2023-06-24 08:00:00+00:00,0.242739,0.302789,0.30891,0.323847,0.336895,0.347914,0.360143,0.43927,0.456293,0.488831,0.519767
2023-06-24 09:00:00+00:00,0.229945,0.27719,0.299124,0.304345,0.319859,0.334832,0.340664,0.431305,0.451544,0.461376,0.483287
2023-06-24 10:00:00+00:00,0.264408,0.294053,0.302294,0.31254,0.343235,0.360189,0.384981,0.420551,0.437794,0.448709,0.479772
2023-06-24 11:00:00+00:00,0.264177,0.291078,0.302501,0.328066,0.350795,0.366183,0.391759,0.420401,0.434786,0.460374,0.476314
2023-06-24 12:00:00+00:00,0.269133,0.29841,0.304818,0.328285,0.359405,0.385892,0.402167,0.423836,0.436399,0.451741,0.484843
2023-06-24 13:00:00+00:00,0.282388,0.300956,0.307965,0.336215,0.353146,0.372291,0.394837,0.413716,0.434566,0.448098,0.475622
2023-06-24 14:00:00+00:00,0.29109,0.307192,0.329357,0.339269,0.356593,0.376095,0.400749,0.422164,0.43036,0.452155,0.462367
2023-06-24 15:00:00+00:00,0.3142,0.328135,0.344974,0.364696,0.372891,0.407388,0.418787,0.435016,0.467012,0.47047,0.485362
2023-06-24 16:00:00+00:00,0.321461,0.344076,0.360823,0.380417,0.395862,0.429633,0.44675,0.467381,0.493845,0.505994,0.515099
2023-06-24 17:00:00+00:00,0.372752,0.391765,0.423686,0.436382,0.446358,0.456461,0.469986,0.502461,0.522488,0.557123,0.578204
2023-06-24 18:00:00+00:00,0.397706,0.407941,0.446773,0.482671,0.494064,0.498933,0.510247,0.530348,0.55151,0.606841,0.647879
2023-06-24 19:00:00+00:00,0.384106,0.458771,0.493603,0.506195,0.539684,0.547141,0.551764,0.581224,0.599942,0.66167,0.720493
2023-06-24 20:00:00+00:00,0.408714,0.515935,0.539154,0.552778,0.573386,0.579299,0.590203,0.639362,0.647568,0.725092,0.753976
2023-06-24 21:00:00+00:00,0.457872,0.485351,0.525692,0.545187,0.551118,0.58659,0.63293,0.65974,0.713531,0.752415,0.80544
2023-06-24 22:00:00+00:00,0.454991,0.539396,0.558023,0.571836,0.603654,0.63886,0.66941,0.71775,0.732941,0.777,0.808668
2023-06-24 23:00:00+00:00,0.315526,0.543851,0.590629,0.618079,0.649666,0.674937,0.70876,0.774418,0.784014,0.811716,0.894018
2023-06-25 00:00:00+00:00,0.45113,0.560426,0.595263,0.646675,0.660754,0.694934,0.739903,0.797292,0.81012,0.847736,0.885777
2023-06-25 01:00:00+00:00,0.45015,0.55861,0.594502,0.633253,0.644755,0.675772,0.712252,0.776562,0.79524,0.834786,0.903296
2023-06-25 02:00:00+00:00,0.454876,0.54056,0.561215,0.586555,0.621738,0.658282,0.7006,0.75351,0.769111,0.822672,0.877132
2023-06-25 03:00:00+00:00,0.425484,0.511619,0.525323,0.540249,0.575657,0.602784,0.677075,0.72379,0.736019,0.782463,0.831547
2023-06-25 04:00:00+00:00,0.372291,0.457763,0.476025,0.489119,0.521081,0.537373,0.619099,0.665872,0.691206,0.733783,0.771496
2023-06-25 05:00:00+00:00,0.315237,0.399781,0.420989,0.433806,0.445124,0.46643,0.529,0.588901,0.611676,0.662385,0.685858
2023-06-25 06:00:00+00:00,0.273456,0.349354,0.368188,0.377305,0.396162,0.406524,0.447372,0.52296,0.544133,0.59335,0.626844
2023-06-25 07:00:00+00:00,0.250749,0.328377,0.340664,0.345067,0.359913,0.374366,0.401303,0.479553,0.493949,0.529599,0.574112
2023-06-25 08:00:00+00:00,0.242739,0.302789,0.30891,0.323847,0.336895,0.347914,0.360143,0.43927,0.456293,0.488831,0.519767
2023-06-25 09:00:00+00:00,0.229945,0.27719,0.299124,0.304345,0.319859,0.334832,0.340664,0.431305,0.451544,0.461376,0.483287
2023-06-25 10:00:00+00:00,0.264408,0.294053,0.302294,0.31254,0.343235,0.360189,0.384981,0.420551,0.437794,0.448709,0.479772
2023-06-25 11:00:00+00:00,0.264177,0.291078,0.302501,0.328066,0.350795,0.366183,0.391759,0.420401,0.434786,0.460374,0.476314
2023-06-25 12:00:00+00:00,0.269133,0.29841,0.304818,0.328285,0.359405,0.385892,0.402167,0.423836,0.436399,0.451741,0.484843
2023-06-25 13:00:00+00:00,0.282388,0.300956,0.307965,0.336215,0.353146,0.372291,0.394837,0.413716,0.434566,0.448098,0.475622
2023-06-25 14:00:00+00:00,0.29109,0.307192,0.329357,0.339269,0.356593,0.376095,0.400749,0.422164,0.43036,0.452155,0.462367
2023-06-25 15:00:00+00:00,0.3142,0.328135,0.344974,0.364696,0.372891,0.407388,0.418787,0.435016,0.467012,0.47047,0.485362
2023-06-25 16:00:00+00:00,0.321461,0.344076,0.360823,0.380417,0.395862,0.429633,0.44675,0.467381,0.493845,0.505994,0.515099
2023-06-25 17:00:00+00:00,0.372752,0.391765,0.423686,0.436382,0.446358,0.456461,0.469986,0.502461,0.522488,0.557123,0.578204
2023-06-25 18:00:00+00:00,0.397706,0.407941,0.446773,0.482671,0.494064,0.498933,0.510247,0.530348,0.55151,0.606841,0.647879
2023-06-25 19:00:00+00:00,0.384106,0.458771,0.493603,0.506195,0.539684,0.547141,0.551764,0.581224,0.599942,0.66167,0.720493
2023-06-25 20:00:00+00:00,0.408714,0.515935,0.539154,0.552778,0.573386,0.579299,0.590203,0.639362,0.647568,0.725092,0.753976
2023-06-25 21:00:00+00:00,0.457872,0.485351,0.525692,0.545187,0.551118,0.58659,0.63293,0.65974,0.713531,0.752415,0.80544
2023-06-25 22:00:00+00:00,0.454991,0.539396,0.558023,0.571836,0.603654,0.63886,0.66941,0.71775,0.732941,0.777,0.808668
2023-06-25 23:00:00+00:00,0.315526,0.543851,0.590629,0.618079,0.649666,0.674937,0.70876,0.774418,0.784014,0.811716,0.894018
2023-06-26 00:00:00+00:00,0.45113,0.560426,0.595263,0.646675,0.660754,0.694934,0.739903,0.797292,0.81012,0.847736,0.885777
2023-06-26 01:00:00+00:00,0.45015,0.55861,0.594502,0.633253,0.644755,0.675772,0.712252,0.776562,0.79524,0.834786,0.903296
2023-06-26 02:00:00+00:00,0.454876,0.54056,0.561215,0.586555,0.621738,0.658282,0.7006,0.75351,0.769111,0.822672,0.877132
2023-06-26 03:00:00+00:00,0.425484,0.511619,0.525323,0.540249,0.575657,0.602784,0.677075,0.72379,0.736019,0.782463,0.831547
2023-06-26 04:00:00+00:00,0.372291,0.457763,0.476025,0.489119,0.521081,0.537373,0.619099,0.665872,0.691206,0.733783,0.771496
2023-06-26 05:00:00+00:00,0.315237,0.399781,0.420989,0.433806,0.445124,0.46643,0.529,0.588901,0.611676,0.662385,0.685858
2023-06-26 06:00:00+00:00,0.273456,0.349354,0.368188,0.377305,0.396162,0.406524,0.447372,0.52296,0.544133,0.59335,0.626844
2023-06-26 07:00:00+00:00,0.250749,0.328377,0.340664,0.345067,0.359913,0.374366,0.401303,0.479553,0.493949,0.529599,0.574112
2023-06-26 08:00:00+00:00,0.242739,0.302789,0.30891,0.323847,0.336895,0.347914,0.360143,0.43927,0.456293,0.488831,0.519767
2023-06-26 09:00:00+00:00,0.229945,0.27719,0.299124,0.304345,0.319859,0.334832,0.340664,0.431305,0.451544,0.461376,0.483287
2023-06-26 10:00:00+00:00,0.264408,0.294053,0.302294,0.31254,0.343235,0.360189,0.384981,0.420551,0.437794,0.448709,0.479772
2023-06-26 11:00:00+00:00,0.264177,0.291078,0.302501,0.328066,0.350795,0.366183,0.391759,0.420401,0.434786,0.460374,0.476314
2023-06-26 12:00:00+00:00,0.269133,0.29841,0.304818,0.328285,0.359405,0.385892,0.402167,0.423836,0.436399,0.451741,0.484843
2023-06-26 13:00:00+00:00,0.282388,0.300956,0.307965,0.336215,0.353146,0.372291,0.394837,0.413716,0.434566,0.448098,0.475622
2023-06-26 14:00:00+00:00,0.29109,0.307192,0.329357,0.339269,0.356593,0.376095,0.400749,0.422164,0.43036,0.452155,0.462367
2023-06-26 15:00:00+00:00,0.3142,0.328135,0.344974,0.364696,0.372891,0.407388,0.418787,0.435016,0.467012,0.47047,0.485362
2023-06-26 16:00:00+00:00,0.321461,0.344076,0.360823,0.380417,0.395862,0.429633,0.44675,0.467381,0.493845,0.505994,0.515099
2023-06-26 17:00:00+00:00,0.372752,0.391765,0.423686,0.436382,0.446358,0.456461,0.469986,0.502461,0.522488,0.557123,0.578204
2023-06-26 18:00:00+00:00,0.397706,0.407941,0.446773,0.482671,0.494064,0.498933,0.510247,0.530348,0.55151,0.606841,0.647879
2023-06-26 19:00:00+00:00,0.384106,0.458771,0.493603,0.506195,0.539684,0.547141,0.551764,0.581224,0.599942,0.66167,0.720493
2023-06-26 20:00:00+00:00,0.408714,0.515935,0.539154,0.552778,0.573386,0.579299,0.590203,0.639362,0.647568,0.725092,0.753976
2023-06-26 21:00:00+00:00,0.457872,0.485351,0.525692,0.545187,0.551118,0.58659,0.63293,0.65974,0.713531,0.752415,0.80544
2023-06-26 22:00:00+00:00,0.454991,0.539396,0.558023,0.571836,0.603654,0.63886,0.66941,0.71775,0.732941,0.777,0.808668
2023-06-26 23:00:00+00:00,0.315526,0.543851,0.590629,0.618079,0.649666,0.674937,0.70876,0.774418,0.784014,0.811716,0.894018
2023-06-27 00:00:00+00:00,0.45113,0.560426,0.595263,0.646675,0.660754,0.694934,0.739903,0.797292,0.81012,0.847736,0.885777
2023-06-27 01:00:00+00:00,0.45015,0.55861,0.594502,0.633253,0.644755,0.675772,0.712252,0.776562,0.79524,0.834786,0.903296
2023-06-27 02:00:00+00:00,0.454876,0.54056,0.561215,0.586555,0.621738,0.658282,0.7006,0.75351,0.769111,0.822672,0.877132
2023-06-27 03:00:00+00:00,0.425484,0.511619,0.525323,0.540249,0.575657,0.602784,0.677075,0.72379,0.736019,0.782463,0.831547
2023-06-27 04:00:00+00:00,0.372291,0.457763,0.476025,0.489119,0.521081,0.537373,0.619099,0.665872,0.691206,0.733783,0.771496
2023-06-27 05:00:00+00:00,0.315237,0.399781,0.420989,0.433806,0.445124,0.46643,0.529,0.588901,0.611676,0.662385,0.685858
2023-06-27 06:00:00+00:00,0.273456,0.349354,0.368188,0.377305,0.396162,0.406524,0.447372,0.52296,0.544133,0.59335,0.626844
2023-06-27 07:00:00+00:00,0.250749,0.328377,0.340664,0.345067,0.359913,0.374366,0.401303,0.479553,0.493949,0.529599,0.574112
2023-06-27 08:00:00+00:00,0.242739,0.302789,0.30891,0.323847,0.336895,0.347914,0.360143,0.43927,0.456293,0.488831,0.519767
2023-06-27 09:00:00+00:00,0.229945,0.27719,0.299124,0.304345,0.319859,0.334832,0.340664,0.431305,0.451544,0.461376,0.483287
2023-06-27 10:00:00+00:00,0.264408,0.294053,0.302294,0.31254,0.343235,0.360189,0.384981,0.420551,0.437794,0.448709,0.479772
2023-06-27 11:00:00+00:00,0.264177,0.291078,0.302501,0.328066,0.350795,0.366183,0.391759,0.420401,0.434786,0.460374,0.476314
2023-06-27 12:00:00+00:00,0.269133,0.29841,0.304818,0.328285,0.359405,0.385892,0.402167,0.423836,0.436399,0.451741,0.484843
2023-06-27 13:00:00+00:00,0.282388,0.300956,0.307965,0.336215,0.353146,0.372291,0.394837,0.413716,0.434566,0.448098,0.475622
2023-06-27 14:00:00+00:00,0.29109,0.307192,0.329357,0.339269,0.356593,0.376095,0.400749,0.422164,0.43036,0.452155,0.462367
2023-06-27 15:00:00+00:00,0.3142,0.328135,0.344974,0.364696,0.372891,0.407388,0.418787,0.435016,0.467012,0.47047,0.485362
2023-06-27 16:00:00+00:00,0.321461,0.344076,0.360823,0.380417,0.395862,0.429633,0.44675,0.467381,0.493845,0.505994,0.515099
2023-06-27 17:00:00+00:00,0.372752,0.391765,0.423686,0.436382,0.446358,0.456461,0.469986,0.502461,0.522488,0.557123,0.578204
2023-06-27 18:00:00+00:00,0.397706,0.407941,0.446773,0.482671,0.494064,0.498933,0.510247,0.530348,0.55151,0.606841,0.647879
2023-06-27 19:00:00+00:00,0.384106,0.458771,0.493603,0.506195,0.539684,0.547141,0.551764,0.581224,0.599942,0.66167,0.720493
2023-06-27 20:00:00+00:00,0.408714,0.515935,0.539154,0.552778,0.573386,0.579299,0.590203,0.639362,0.647568,0.725092,0.753976
2023-06-27 21:00:00+00:00,0.457872,0.485351,0.525692,0.545187,0.551118,0.58659,0.63293,0.65974,0.713531,0.752415,0.80544
2023-06-27 22:00:00+00:00,0.454991,0.539396,0.558023,0.571836,0.603654,0.63886,0.66941,0.71775,0.732941,0.777,0.808668
2023-06-27 23:00:00+00:00,0.315526,0.543851,0.590629,0.618079,0.649666,0.674937,0.70876,0.774418,0.784014,0.811716,0.894018
2023-06-28 00:00:00+00:00,0.45113,0.560426,0.595263,0.646675,0.660754,0.694934,0.739903,0.797292,0.81012,0.847736,0.885777
2023-06-28 01:00:00+00:00,0.45015,0.55861,0.594502,0.633253,0.644755,0.675772,0.712252,0.776562,0.79524,0.834786,0.903296
2023-06-28 02:00:00+00:00,0.454876,0.54056,0.561215,0.586555,0.621738,0.658282,0.7006,0.75351,0.769111,0.822672,0.877132
2023-06-28 03:00:00+00:00,0.425484,0.511619,0.525323,0.540249,0.575657,0.602784,0.677075,0.72379,0.736019,0.782463,0.831547
2023-06-28 04:00:00+00:00,0.372291,0.457763,0.476025,0.489119,0.521081,0.537373,0.619099,0.665872,0.691206,0.733783,0.771496
2023-06-28 05:00:00+00:00,0.315237,0.399781,0.420989,0.433806,0.445124,0.46643,0.529,0.588901,0.611676,0.662385,0.685858
2023-06-28 06:00:00+00:00,0.273456,0.371254,0.389097,0.406178,0.463036,0.517462,0.532757,0.567958,0.58905,0.605544,0.626844
2023-06-28 07:00:00+00:00,0.250749,0.340744,0.348121,0.368626,0.413739,0.469571,0.481973,0.51684,0.527628,0.537114,0.574112
2023-06-28 08:00:00+00:00,0.242739,0.305913,0.326752,0.347465,0.375254,0.436664,0.440998,0.469675,0.483391,0.499943,0.519767
2023-06-28 09:00:00+00:00,0.229945,0.290318,0.317277,0.329092,0.355026,0.41609,0.438359,0.4497,0.454518,0.462068,0.483287
2023-06-28 10:00:00+00:00,0.264408,0.294053,0.305256,0.333552,0.387517,0.407561,0.419168,0.43648,0.440721,0.448709,0.479772
2023-06-28 11:00:00+00:00,0.264177,0.291078,0.303631,0.348283,0.392589,0.409521,0.419179,0.430752,0.448605,0.461711,0.476314
2023-06-28 12:00:00+00:00,0.269133,0.299355,0.307135,0.345147,0.397741,0.402432,0.421162,0.429265,0.439822,0.455002,0.484843
2023-06-28 13:00:00+00:00,0.282388,0.300956,0.316148,0.352455,0.393833,0.402432,0.416079,0.431063,0.444075,0.454207,0.475622
2023-06-28 14:00:00+00:00,0.29109,0.306368,0.329068,0.374332,0.397015,0.419749,0.426683,0.431916,0.446946,0.455729,0.462367
2023-06-28 15:00:00+00:00,0.3142,0.339747,0.362275,0.394837,0.414754,0.434273,0.454415,0.467128,0.469444,0.475582,0.493545
2023-06-28 16:00:00+00:00,0.321461,0.34909,0.373894,0.408938,0.44675,0.462397,0.480037,0.497533,0.505936,0.514332,0.522418
2023-06-28 17:00:00+00:00,0.386757,0.418545,0.445873,0.458864,0.472533,0.504495,0.519652,0.533599,0.551763,0.573871,0.585523
2023-06-28 18:00:00+00:00,0.397706,0.414823,0.46095,0.493741,0.508771,0.532215,0.55151,0.564131,0.602167,0.615249,0.651337
2023-06-28 19:00:00+00:00,0.384106,0.466413,0.506916,0.538866,0.54743,0.578838,0.589246,0.621842,0.653504,0.69222,0.73104
2023-06-28 20:00:00+00:00,0.408714,0.548882,0.56994,0.577732,0.587033,0.610938,0.64615,0.659129,0.715261,0.736192,0.755417
2023-06-28 21:00:00+00:00,0.457872,0.518568,0.545401,0.567577,0.634693,0.652317,0.700899,0.719652,0.744399,0.79109,0.80544
2023-06-28 22:00:00+00:00,0.517577,0.555786,0.580786,0.613162,0.673813,0.716402,0.724355,0.770171,0.788981,0.806282,0.866183
2023-06-28 23:00:00+00:00,0.315526,0.566425,0.63081,0.661077,0.712748,0.756627,0.782089,0.790998,0.823928,0.850922,0.894018
2023-06-29 00:00:00+00:00,0.45113,0.565756,0.651487,0.685812,0.744513,0.793453,0.803804,0.822487,0.851568,0.878273,0.919951
2023-06-29 01:00:00+00:00,0.45015,0.563889,0.643338,0.668257,0.71352,0.772361,0.791494,0.806051,0.833471,0.839938,0.903296
2023-06-29 02:00:00+00:00,0.454876,0.535811,0.593154,0.653296,0.704277,0.743949,0.758667,0.77462,0.804392,0.837932,0.877536
2023-06-29 03:00:00+00:00,0.425484,0.511619,0.566113,0.600553,0.679979,0.704645,0.726821,0.741908,0.780325,0.794306,0.835581
2023-06-29 04:00:00+00:00,0.372291,0.4611,0.519836,0.531812,0.620447,0.654737,0.668223,0.7037,0.7213,0.748052,0.780544
2023-06-29 05:00:00+00:00,0.315237,0.415283,0.439557,0.455682,0.519687,0.556074,0.588958,0.627674,0.658149,0.679415,0.706835
2023-06-29 06:00:00+00:00,0.273456,0.371254,0.389097,0.406178,0.463036,0.517462,0.532757,0.567958,0.58905,0.605544,0.626844
2023-06-29 07:00:00+00:00,0.250749,0.340744,0.348121,0.368626,0.413739,0.469571,0.481973,0.51684,0.527628,0.537114,0.574112
2023-06-29 08:00:00+00:00,0.242739,0.305913,0.326752,0.347465,0.375254,0.436664,0.440998,0.469675,0.483391,0.499943,0.519767
2023-06-29 09:00:00+00:00,0.229945,0.290318,0.317277,0.329092,0.355026,0.41609,0.438359,0.4497,0.454518,0.462068,0.483287
2023-06-29 10:00:00+00:00,0.264408,0.294053,0.305256,0.333552,0.387517,0.407561,0.419168,0.43648,0.440721,0.448709,0.479772
2023-06-29 11:00:00+00:00,0.264177,0.291078,0.303631,0.348283,0.392589,0.409521,0.419179,0.430752,0.448605,0.461711,0.476314
2023-06-29 12:00:00+00:00,0.269133,0.299355,0.307135,0.345147,0.397741,0.402432,0.421162,0.429265,0.439822,0.455002,0.484843
2023-06-29 13:00:00+00:00,0.282388,0.300956,0.316148,0.352455,0.393833,0.402432,0.416079,0.431063,0.444075,0.454207,0.475622
2023-06-29 14:00:00+00:00,0.29109,0.307192,0.329357,0.37492,0.402836,0.422487,0.428377,0.432953,0.444732,0.455521,0.462367
2023-06-29 15:00:00+00:00,0.3142,0.341298,0.363924,0.39902,0.417831,0.43799,0.461157,0.467497,0.47062,0.477501,0.493545
2023-06-29 16:00:00+00:00,0.321461,0.349793,0.380256,0.415837,0.451245,0.463059,0.484636,0.499446,0.506051,0.515525,0.531581
2023-06-29 17:00:00+00:00,0.386757,0.42296,0.446035,0.460996,0.477628,0.509941,0.520597,0.534204,0.56065,0.577881,0.585523
2023-06-29 18:00:00+00:00,0.397706,0.416292,0.46616,0.494911,0.511722,0.535673,0.55423,0.570949,0.604541,0.622649,0.651337
2023-06-29 19:00:00+00:00,0.384106,0.46726,0.508357,0.544157,0.54743,0.580163,0.594825,0.626723,0.664557,0.712829,0.73104
2023-06-29 20:00:00+00:00,0.408714,0.549614,0.571473,0.57836,0.589062,0.626729,0.647315,0.670868,0.72236,0.743609,0.773513
2023-06-29 21:00:00+00:00,0.457872,0.520309,0.545678,0.574441,0.63822,0.657071,0.711872,0.731431,0.757273,0.790831,0.80544
2023-06-29 22:00:00+00:00,0.517577,0.558005,0.581697,0.617433,0.684186,0.717151,0.728216,0.770776,0.788901,0.805884,0.866183
2023-06-29 23:00:00+00:00,0.315526,0.568678,0.632181,0.665463,0.735892,0.766511,0.783391,0.801971,0.828446,0.854173,0.894018
2023-06-30 00:00:00+00:00,0.45113,0.570914,0.653135,0.693344,0.754818,0.795586,0.807769,0.829708,0.855728,0.880936,0.928308
2023-06-30 01:00:00+00:00,0.45015,0.570955,0.64381,0.670631,0.716056,0.774695,0.793281,0.822308,0.834198,0.859215,0.907619
2023-06-30 02:00:00+00:00,0.454876,0.54056,0.601476,0.654789,0.71163,0.745592,0.762817,0.790191,0.814189,0.858731,0.877536
2023-06-30 03:00:00+00:00,0.425484,0.514765,0.569294,0.606126,0.689776,0.712713,0.72976,0.75857,0.781431,0.816177,0.835581
2023-06-30 04:00:00+00:00,0.372291,0.463088,0.520251,0.539385,0.630706,0.658282,0.669768,0.704628,0.726729,0.753158,0.780544
2023-06-30 05:00:00+00:00,0.315237,0.416868,0.440387,0.459832,0.53716,0.571951,0.593038,0.645072,0.659405,0.679121,0.706835
2023-06-30 06:00:00+00:00,0.324228,0.379812,0.406178,0.458984,0.513486,0.530285,0.554541,0.587799,0.597926,0.609895,0.626844
2023-06-30 07:00:00+00:00,0.309705,0.343246,0.368626,0.409498,0.468534,0.481559,0.509083,0.526712,0.532296,0.539995,0.574112
2023-06-30 08:00:00+00:00,0.293799,0.313353,0.347465,0.368816,0.434981,0.440929,0.459751,0.478568,0.485881,0.500202,0.519767
2023-06-30 09:00:00+00:00,0.276683,0.311601,0.329092,0.348127,0.415295,0.436837,0.447084,0.45336,0.45597,0.465912,0.483287
2023-06-30 10:00:00+00:00,0.264408,0.302922,0.333552,0.386935,0.4071,0.417819,0.426371,0.437846,0.441252,0.449459,0.479772
2023-06-30 11:00:00+00:00,0.264177,0.303723,0.348283,0.392468,0.408426,0.417848,0.427547,0.435978,0.44864,0.462189,0.476314
2023-06-30 12:00:00+00:00,0.269133,0.306316,0.345147,0.397435,0.402167,0.418655,0.427443,0.434354,0.443764,0.455642,0.484843
2023-06-30 13:00:00+00:00,0.282388,0.31522,0.352455,0.393666,0.402432,0.412344,0.422292,0.435402,0.444168,0.454564,0.475622
2023-06-30 14:00:00+00:00,0.29109,0.307285,0.361503,0.387333,0.418107,0.425599,0.42908,0.43731,0.445389,0.455521,0.462367
2023-06-30 15:00:00+00:00,0.3142,0.344439,0.377709,0.412898,0.430049,0.451562,0.464108,0.467669,0.47077,0.477634,0.493545
2023-06-30 16:00:00+00:00,0.343707,0.357572,0.405982,0.433639,0.460236,0.474384,0.492369,0.505365,0.510892,0.516425,0.531581
2023-06-30 17:00:00+00:00,0.386757,0.437275,0.447706,0.464708,0.492289,0.519652,0.529807,0.546266,0.567381,0.577927,0.585523
2023-06-30 18:00:00+00:00,0.397706,0.43633,0.483552,0.504334,0.521012,0.548294,0.559924,0.598156,0.612748,0.630855,0.651337
2023-06-30 19:00:00+00:00,0.44041,0.490306,0.513924,0.547315,0.562517,0.584716,0.614292,0.653435,0.678919,0.713924,0.73104
2023-06-30 20:00:00+00:00,0.52311,0.557619,0.577005,0.584371,0.598801,0.644594,0.652594,0.68497,0.722752,0.74509,0.773513
2023-06-30 21:00:00+00:00,0.481501,0.539476,0.556098,0.625288,0.645505,0.685685,0.715848,0.735869,0.761503,0.79109,0.80544
2023-06-30 22:00:00+00:00,0.517577,0.56843,0.609636,0.659808,0.702397,0.722107,0.747937,0.772614,0.790111,0.806282,0.866183
2023-06-30 23:00:00+00:00,0.493488,0.62439,0.655025,0.689039,0.755348,0.780602,0.786572,0.820263,0.829621,0.854184,0.894018
2023-07-01 00:00:00+00:00,0.476602,0.648433,0.667519,0.728619,0.774989,0.79962,0.817243,0.846969,0.873801,0.887898,0.928308
2023-07-01 01:00:00+00:00,0.459428,0.631085,0.667669,0.706835,0.763267,0.790284,0.799723,0.833368,0.837149,0.888278,0.907619
2023-07-01 02:00:00+00:00,0.486053,0.578262,0.652259,0.690561,0.735754,0.754207,0.769111,0.802282,0.826706,0.869122,0.877536
2023-07-01 03:00:00+00:00,0.469283,0.548317,0.595678,0.664477,0.703953,0.724124,0.736019,0.778457,0.783644,0.826809,0.835581
2023-07-01 04:00:00+00:00,0.427098,0.507227,0.524724,0.605406,0.647095,0.666321,0.690411,0.718707,0.740468,0.753481,0.780544
2023-07-01 05:00:00+00:00,0.374366,0.436791,0.455682,0.515318,0.556005,0.588924,0.611676,0.656587,0.660558,0.679709,0.706835
2023-07-01 06:00:00+00:00,0.324228,0.379812,0.406178,0.458984,0.513486,0.530285,0.554541,0.587799,0.597926,0.609895,0.626844
2023-07-01 07:00:00+00:00,0.309705,0.343246,0.368626,0.409498,0.468534,0.481559,0.509083,0.526712,0.532296,0.539995,0.574112
2023-07-01 08:00:00+00:00,0.293799,0.313353,0.347465,0.368816,0.434981,0.440929,0.459751,0.478568,0.485881,0.500202,0.519767
2023-07-01 09:00:00+00:00,0.276683,0.311601,0.329092,0.348127,0.415295,0.436837,0.447084,0.45336,0.45597,0.465912,0.483287
2023-07-01 10:00:00+00:00,0.264408,0.302922,0.333552,0.386935,0.4071,0.417819,0.426371,0.437846,0.441252,0.449459,0.479772
2023-07-01 11:00:00+00:00,0.264177,0.303723,0.348283,0.392468,0.408426,0.417848,0.427547,0.435978,0.44864,0.462189,0.476314
2023-07-01 12:00:00+00:00,0.269133,0.306316,0.345147,0.397435,0.402167,0.418655,0.427443,0.434354,0.443764,0.455642,0.484843
2023-07-01 13:00:00+00:00,0.282388,0.31522,0.352455,0.393666,0.402432,0.412344,0.422292,0.435402,0.444168,0.454564,0.475622
2023-07-01 14:00:00+00:00,0.29109,0.32364,0.37492,0.402346,0.421392,0.425858,0.429737,0.439247,0.447476,0.455729,0.462367
2023-07-01 15:00:00+00:00,0.3142,0.353147,0.396231,0.414754,0.43353,0.452109,0.465514,0.467808,0.47092,0.477766,0.493545
2023-07-01 16:00:00+00:00,0.343707,0.360823,0.411238,0.44675,0.462264,0.478504,0.49532,0.505936,0.512448,0.51654,0.531581
2023-07-01 17:00:00+00:00,0.386757,0.437275,0.447706,0.464708,0.492289,0.519652,0.529807,0.546266,0.567381,0.577927,0.585523
2023-07-01 18:00:00+00:00,0.397706,0.43633,0.483552,0.504334,0.521012,0.548294,0.559924,0.598156,0.612748,0.630855,0.651337
2023-07-01 19:00:00+00:00,0.44041,0.490306,0.513924,0.547315,0.562517,0.584716,0.614292,0.653435,0.678919,0.713924,0.73104
2023-07-01 20:00:00+00:00,0.52311,0.557619,0.577005,0.584371,0.598801,0.644594,0.652594,0.68497,0.722752,0.74509,0.773513
2023-07-01 21:00:00+00:00,0.481501,0.539476,0.556098,0.625288,0.645505,0.685685,0.715848,0.735869,0.761503,0.79109,0.80544
2023-07-01 22:00:00+00:00,0.517577,0.56843,0.609636,0.659808,0.702397,0.722107,0.747937,0.772614,0.790111,0.806282,0.866183
2023-07-01 23:00:00+00:00,0.493488,0.62439,0.655025,0.689039,0.755348,0.780602,0.786572,0.820263,0.829621,0.854184,0.894018
2023-07-02 00:00:00+00:00,0.476602,0.648433,0.667519,0.728619,0.774989,0.79962,0.817243,0.846969,0.873801,0.887898,0.928308
2023-07-02 01:00:00+00:00,0.459428,0.631085,0.667669,0.706835,0.763267,0.790284,0.799723,0.833368,0.837149,0.888278,0.907619
2023-07-02 02:00:00+00:00,0.486053,0.578262,0.652259,0.690561,0.735754,0.754207,0.769111,0.802282,0.826706,0.869122,0.877536
2023-07-02 03:00:00+00:00,0.469283,0.548317,0.595678,0.664477,0.703953,0.724124,0.736019,0.778457,0.783644,0.826809,0.835581
2023-07-02 04:00:00+00:00,0.427098,0.507227,0.524724,0.605406,0.647095,0.666321,0.690411,0.718707,0.740468,0.753481,0.780544
2023-07-02 05:00:00+00:00,0.374366,0.436791,0.455682,0.515318,0.556005,0.588924,0.611676,0.656587,0.660558,0.679709,0.706835
2023-07-02 06:00:00+00:00,0.324228,0.380648,0.406293,0.471139,0.5176,0.534405,0.565629,0.587713,0.596058,0.609187,0.626844
2023-07-02 07:00:00+00:00,0.309705,0.343591,0.370539,0.422222,0.471173,0.48225,0.515076,0.525934,0.530924,0.53965,0.574112
2023-07-02 08:00:00+00:00,0.293799,0.313866,0.347614,0.388128,0.436722,0.441044,0.463347,0.478239,0.485765,0.499943,0.519767
2023-07-02 09:00:00+00:00,0.276683,0.314177,0.33112,0.368822,0.418026,0.434993,0.445102,0.452271,0.455625,0.463866,0.483287
2023-07-02 10:00:00+00:00,0.264408,0.30355,0.336688,0.388681,0.408103,0.420067,0.423847,0.437414,0.440721,0.448709,0.479772
2023-07-02 11:00:00+00:00,0.264177,0.303815,0.348697,0.392831,0.409671,0.415629,0.425472,0.435823,0.448605,0.461711,0.476314
2023-07-02 12:00:00+00:00,0.269133,0.306812,0.348721,0.398352,0.401372,0.414477,0.426625,0.433126,0.442935,0.455002,0.484843
2023-07-02 13:00:00+00:00,0.282388,0.317128,0.353976,0.394168,0.403492,0.409578,0.42047,0.434901,0.444145,0.454207,0.475622
2023-07-02 14:00:00+00:00,0.29109,0.325738,0.375311,0.403815,0.418107,0.425599,0.42908,0.43731,0.445389,0.455521,0.462367
2023-07-02 15:00:00+00:00,0.3142,0.356063,0.40181,0.420378,0.440249,0.452109,0.462275,0.467497,0.47062,0.477501,0.493545
2023-07-02 16:00:00+00:00,0.343707,0.360996,0.420435,0.451994,0.461999,0.478504,0.496796,0.503654,0.509336,0.516309,0.531581
2023-07-02 17:00:00+00:00,0.386757,0.437633,0.450081,0.471531,0.504898,0.519652,0.531616,0.549931,0.566367,0.577835,0.585523
2023-07-02 18:00:00+00:00,0.397706,0.44154,0.487079,0.508771,0.533598,0.548294,0.561053,0.590733,0.608991,0.628562,0.651337
2023-07-02 19:00:00+00:00,0.44041,0.497141,0.516413,0.54743,0.579368,0.592266,0.620447,0.650992,0.675415,0.711734,0.73104
2023-07-02 20:00:00+00:00,0.52311,0.559555,0.57749,0.587033,0.617254,0.647188,0.658172,0.688267,0.721969,0.742128,0.773513
2023-07-02 21:00:00+00:00,0.481501,0.5423,0.563751,0.634693,0.654219,0.708391,0.716067,0.739765,0.764627,0.790572,0.80544
2023-07-02 22:00:00+00:00,0.517577,0.569687,0.611987,0.673813,0.716702,0.725853,0.756812,0.776118,0.793465,0.808783,0.866183
2023-07-02 23:00:00+00:00,0.493488,0.626914,0.65906,0.712748,0.760581,0.78308,0.790813,0.820862,0.831212,0.854161,0.894018
2023-07-03 00:00:00+00:00,0.476602,0.649136,0.679714,0.744513,0.794306,0.800426,0.818833,0.846473,0.86564,0.886837,0.928308
2023-07-03 01:00:00+00:00,0.459428,0.636975,0.668061,0.71352,0.773295,0.792301,0.800565,0.833437,0.838762,0.8855,0.907619
2023-07-03 02:00:00+00:00,0.486053,0.581547,0.65295,0.704277,0.744606,0.756973,0.769641,0.803689,0.823479,0.867623,0.877536
2023-07-03 03:00:00+00:00,0.469283,0.555625,0.598928,0.679979,0.707872,0.724124,0.736583,0.775461,0.782699,0.82523,0.835581
2023-07-03 04:00:00+00:00,0.427098,0.513324,0.529449,0.620447,0.656155,0.669491,0.699654,0.713255,0.73512,0.752835,0.780544
2023-07-03 05:00:00+00:00,0.374366,0.439742,0.461215,0.541528,0.575126,0.594052,0.621404,0.651089,0.660558,0.679121,0.706835
2023-07-03 06:00:00+00:00,0.324228,0.381483,0.406409,0.483293,0.517877,0.538036,0.557837,0.587626,0.594191,0.608478,0.626844
2023-07-03 07:00:00+00:00,0.309705,0.343937,0.372453,0.434947,0.474378,0.484238,0.515699,0.525156,0.529553,0.539304,0.574112
2023-07-03 08:00:00+00:00,0.293799,0.314379,0.347764,0.40744,0.436837,0.448162,0.465837,0.479299,0.48565,0.499683,0.519767
2023-07-03 09:00:00+00:00,0.276683,0.316753,0.333149,0.389517,0.421899,0.436837,0.447591,0.453879,0.456835,0.461872,0.483287
2023-07-03 10:00:00+00:00,0.264408,0.304178,0.339823,0.390428,0.409186,0.420067,0.428872,0.438422,0.441067,0.44796,0.479772
2023-07-03 11:00:00+00:00,0.264177,0.303908,0.349112,0.393194,0.40997,0.417848,0.429149,0.43686,0.450426,0.461232,0.476314
2023-07-03 12:00:00+00:00,0.269133,0.307307,0.352294,0.399268,0.401902,0.418655,0.427731,0.43599,0.446288,0.454363,0.484843
2023-07-03 13:00:00+00:00,0.282388,0.319035,0.355498,0.394669,0.405613,0.412344,0.423421,0.438093,0.444168,0.453849,0.475622
2023-07-03 14:00:00+00:00,0.29109,0.325738,0.375311,0.403815,0.418107,0.425599,0.42908,0.43731,0.445389,0.455521,0.462367
2023-07-03 15:00:00+00:00,0.3142,0.356063,0.40181,0.420378,0.440249,0.452109,0.462275,0.467497,0.47062,0.477501,0.493545
2023-07-03 16:00:00+00:00,0.343707,0.360996,0.420435,0.451994,0.461999,0.478504,0.496796,0.503654,0.509336,0.516309,0.531581
2023-07-03 17:00:00+00:00,0.386757,0.437633,0.450081,0.471531,0.504898,0.519652,0.531616,0.549931,0.566367,0.577835,0.585523
2023-07-03 18:00:00+00:00,0.397706,0.44154,0.487079,0.508771,0.533598,0.548294,0.561053,0.590733,0.608991,0.628562,0.651337
2023-07-03 19:00:00+00:00,0.44041,0.497141,0.516413,0.54743,0.579368,0.592266,0.620447,0.650992,0.675415,0.711734,0.73104
2023-07-03 20:00:00+00:00,0.52311,0.559555,0.57749,0.587033,0.617254,0.647188,0.658172,0.688267,0.721969,0.742128,0.773513
2023-07-03 21:00:00+00:00,0.481501,0.5423,0.563751,0.634693,0.654219,0.708391,0.716067,0.739765,0.764627,0.790572,0.80544
2023-07-03 22:00:00+00:00,0.517577,0.569687,0.611987,0.673813,0.716702,0.725853,0.756812,0.776118,0.793465,0.808783,0.866183
2023-07-03 23:00:00+00:00,0.493488,0.626914,0.65906,0.712748,0.760581,0.78308,0.790813,0.820862,0.831212,0.854161,0.894018
2023-07-04 00:00:00+00:00,0.476602,0.649136,0.679714,0.744513,0.794306,0.800426,0.818833,0.846473,0.86564,0.886837,0.928308
2023-07-04 01:00:00+00:00,0.459428,0.636975,0.668061,0.71352,0.773295,0.792301,0.800565,0.833437,0.838762,0.8855,0.907619
2023-07-04 02:00:00+00:00,0.486053,0.581547,0.65295,0.704277,0.744606,0.756973,0.769641,0.803689,0.823479,0.867623,0.877536
2023-07-04 03:00:00+00:00,0.469283,0.555625,0.598928,0.679979,0.707872,0.724124,0.736583,0.775461,0.782699,0.82523,0.835581
2023-07-04 04:00:00+00:00,0.427098,0.513324,0.529449,0.620447,0.656155,0.669491,0.699654,0.713255,0.73512,0.752835,0.780544
2023-07-04 05:00:00+00:00,0.374366,0.439742,0.461215,0.541528,0.575126,0.594052,0.621404,0.651089,0.660558,0.679121,0.706835
2023-07-04 06:00:00+00:00,0.324228,0.381483,0.406409,0.483293,0.517877,0.538036,0.557837,0.587626,0.594191,0.608478,0.626844
2023-07-04 07:00:00+00:00,0.309705,0.343937,0.372453,0.434947,0.474378,0.484238,0.515699,0.525156,0.529553,0.539304,0.574112
2023-07-04 08:00:00+00:00,0.293799,0.314379,0.347764,0.40744,0.436837,0.448162,0.465837,0.479299,0.48565,0.499683,0.519767
2023-07-04 09:00:00+00:00,0.276683,0.316753,0.333149,0.389517,0.421899,0.436837,0.447591,0.453879,0.456835,0.461872,0.483287
2023-07-04 10:00:00+00:00,0.264408,0.304178,0.339823,0.390428,0.409186,0.420067,0.428872,0.438422,0.441067,0.44796,0.479772
2023-07-04 11:00:00+00:00,0.264177,0.303908,0.349112,0.393194,0.40997,0.417848,0.429149,0.43686,0.450426,0.461232,0.476314
2023-07-04 12:00:00+00:00,0.269133,0.307307,0.352294,0.399268,0.401902,0.418655,0.427731,0.43599,0.446288,0.454363,0.484843
2023-07-04 13:00:00+00:00,0.282388,0.319035,0.355498,0.394669,0.405613,0.412344,0.423421,0.438093,0.444168,0.453849,0.475622
2023-07-04 14:00:00+00:00,0.29109,0.325738,0.375311,0.403815,0.418107,0.425599,0.42908,0.43731,0.445389,0.455521,0.462367
2023-07-04 15:00:00+00:00,0.3142,0.356063,0.40181,0.420378,0.440249,0.452109,0.462275,0.467497,0.47062,0.477501,0.493545
2023-07-04 16:00:00+00:00,0.343707,0.360996,0.420435,0.451994,0.461999,0.478504,0.496796,0.503654,0.509336,0.516309,0.531581
2023-07-04 17:00:00+00:00,0.386757,0.437633,0.450081,0.471531,0.504898,0.519652,0.531616,0.549931,0.566367,0.577835,0.585523
2023-07-04 18:00:00+00:00,0.397706,0.44154,0.487079,0.508771,0.533598,0.548294,0.561053,0.590733,0.608991,0.628562,0.651337
2023-07-04 19:00:00+00:00,0.44041,0.497141,0.516413,0.54743,0.579368,0.592266,0.620447,0.650992,0.675415,0.711734,0.73104
2023-07-04 20:00:00+00:00,0.52311,0.559555,0.57749,0.587033,0.617254,0.647188,0.658172,0.688267,0.721969,0.742128,0.773513
2023-07-04 21:00:00+00:00,0.481501,0.5423,0.563751,0.634693,0.654219,0.708391,0.716067,0.739765,0.764627,0.790572,0.80544
2023-07-04 22:00:00+00:00,0.517577,0.569687,0.611987,0.673813,0.716702,0.725853,0.756812,0.776118,0.793465,0.808783,0.866183
2023-07-04 23:00:00+00:00,0.493488,0.626914,0.65906,0.712748,0.760581,0.78308,0.790813,0.820862,0.831212,0.854161,0.894018
2023-07-05 00:00:00+00:00,0.476602,0.649136,0.679714,0.744513,0.794306,0.800426,0.818833,0.846473,0.86564,0.886837,0.928308
2023-07-05 01:00:00+00:00,0.459428,0.636975,0.668061,0.71352,0.773295,0.792301,0.800565,0.833437,0.838762,0.8855,0.907619
2023-07-05 02:00:00+00:00,0.486053,0.581547,0.65295,0.704277,0.744606,0.756973,0.769641,0.803689,0.823479,0.867623,0.877536
2023-07-05 03:00:00+00:00,0.469283,0.555625,0.598928,0.679979,0.707872,0.724124,0.736583,0.775461,0.782699,0.82523,0.835581
2023-07-05 04:00:00+00:00,0.427098,0.513324,0.529449,0.620447,0.656155,0.669491,0.699654,0.713255,0.73512,0.752835,0.780544
2023-07-05 05:00:00+00:00,0.374366,0.439742,0.461215,0.541528,0.575126,0.594052,0.621404,0.651089,0.660558,0.679121,0.706835
2023-07-05 06:00:00+00:00,0.324228,0.381483,0.445251,0.501614,0.52296,0.54475,0.568834,0.587626,0.594191,0.608478,0.626844
2023-07-05 07:00:00+00:00,0.309705,0.343937,0.399078,0.460805,0.479553,0.49588,0.51979,0.527057,0.529645,0.539304,0.574112
2023-07-05 08:00:00+00:00,0.293799,0.314379,0.359486,0.427801,0.43927,0.456547,0.471531,0.481114,0.486699,0.499683,0.519767
2023-07-05 09:00:00+00:00,0.276683,0.316753,0.335731,0.411543,0.430855,0.43894,0.449505,0.454449,0.457976,0.461872,0.483287
2023-07-05 10:00:00+00:00,0.264408,0.304178,0.339823,0.403354,0.413451,0.421911,0.436445,0.4395,0.442404,0.452213,0.479772
2023-07-05 11:00:00+00:00,0.264177,0.303908,0.349112,0.393194,0.411238,0.417848,0.429149,0.43686,0.450426,0.461232,0.476314
2023-07-05 12:00:00+00:00,0.269133,0.307307,0.352294,0.396922,0.401107,0.418655,0.427731,0.432261,0.446288,0.454363,0.484843
2023-07-05 13:00:00+00:00,0.282388,0.319035,0.355498,0.399752,0.408011,0.416407,0.426971,0.438093,0.444168,0.453849,0.475622
2023-07-05 14:00:00+00:00,0.29109,0.327835,0.376833,0.407884,0.422626,0.42753,0.432711,0.44045,0.452155,0.455314,0.462367
2023-07-05 15:00:00+00:00,0.3142,0.357521,0.40559,0.424199,0.450322,0.454962,0.464811,0.467848,0.471128,0.477369,0.493545
2023-07-05 16:00:00+00:00,0.343707,0.361082,0.424907,0.453118,0.466851,0.488532,0.500057,0.505936,0.514223,0.517738,0.531581
2023-07-05 17:00:00+00:00,0.386757,0.433016,0.451106,0.482959,0.511629,0.519652,0.527997,0.547182,0.56586,0.577789,0.585523
2023-07-05 18:00:00+00:00,0.397706,0.452236,0.488843,0.510984,0.54411,0.555094,0.575795,0.598825,0.614938,0.627415,0.651337
2023-07-05 19:00:00+00:00,0.44041,0.500559,0.541263,0.550294,0.580429,0.612754,0.633921,0.653446,0.681363,0.710639,0.73104
2023-07-05 20:00:00+00:00,0.52311,0.576694,0.584371,0.60487,0.645286,0.651798,0.676856,0.697113,0.721577,0.740647,0.773513
2023-07-05 21:00:00+00:00,0.481501,0.550144,0.625288,0.648911,0.690526,0.713117,0.733437,0.743938,0.764258,0.790312,0.80544
2023-07-05 22:00:00+00:00,0.517577,0.570315,0.659808,0.697701,0.720424,0.73346,0.762391,0.781316,0.792393,0.808726,0.866183
2023-07-05 23:00:00+00:00,0.493488,0.628176,0.689039,0.752386,0.772453,0.783858,0.796346,0.820412,0.831005,0.85415,0.894018
2023-07-06 00:00:00+00:00,0.476602,0.657256,0.711883,0.761866,0.796012,0.801118,0.815652,0.845955,0.86156,0.886307,0.928308
2023-07-06 01:00:00+00:00,0.459428,0.63992,0.692082,0.74524,0.782907,0.793424,0.802835,0.833385,0.838267,0.884111,0.907619
2023-07-06 02:00:00+00:00,0.486053,0.62228,0.672625,0.725795,0.751418,0.760806,0.770678,0.802634,0.821865,0.866874,0.877536
2023-07-06 03:00:00+00:00,0.469283,0.573594,0.6571,0.691459,0.714327,0.726372,0.740744,0.77368,0.782227,0.824441,0.835581
2023-07-06 04:00:00+00:00,0.427098,0.516372,0.595217,0.635264,0.65899,0.670183,0.703965,0.709814,0.732446,0.752513,0.780544
2023-07-06 05:00:00+00:00,0.374366,0.441217,0.51095,0.555728,0.587828,0.599124,0.636757,0.64834,0.660558,0.678827,0.706835
2023-07-06 06:00:00+00:00,0.324228,0.381483,0.445251,0.501614,0.52296,0.54475,0.568834,0.587626,0.594191,0.608478,0.626844
2023-07-06 07:00:00+00:00,0.309705,0.343937,0.399078,0.460805,0.479553,0.49588,0.51979,0.527057,0.529645,0.539304,0.574112
2023-07-06 08:00:00+00:00,0.293799,0.314379,0.359486,0.427801,0.43927,0.456547,0.471531,0.481114,0.486699,0.499683,0.519767
2023-07-06 09:00:00+00:00,0.276683,0.316753,0.335731,0.411543,0.430855,0.43894,0.449505,0.454449,0.457976,0.461872,0.483287
2023-07-06 10:00:00+00:00,0.264408,0.304178,0.339823,0.403354,0.413451,0.421911,0.436445,0.4395,0.442404,0.452213,0.479772
2023-07-06 11:00:00+00:00,0.264177,0.303908,0.349112,0.393194,0.411238,0.417848,0.429149,0.43686,0.450426,0.461232,0.476314
2023-07-06 12:00:00+00:00,0.269133,0.307307,0.352294,0.396922,0.401107,0.418655,0.427731,0.432261,0.446288,0.454363,0.484843
2023-07-06 13:00:00+00:00,0.282388,0.319035,0.355498,0.399752,0.408011,0.416407,0.426971,0.438093,0.444168,0.453849,0.475622
2023-07-06 14:00:00+00:00,0.29109,0.327835,0.376833,0.407884,0.422626,0.42753,0.432711,0.44045,0.452155,0.455314,0.462367
2023-07-06 15:00:00+00:00,0.3142,0.357521,0.40559,0.424199,0.450322,0.454962,0.464811,0.467848,0.471128,0.477369,0.493545
2023-07-06 16:00:00+00:00,0.343707,0.361082,0.424907,0.453118,0.466851,0.488532,0.500057,0.505936,0.514223,0.517738,0.531581
2023-07-06 17:00:00+00:00,0.386757,0.433016,0.451106,0.482959,0.511629,0.519652,0.527997,0.547182,0.56586,0.577789,0.585523
2023-07-06 18:00:00+00:00,0.397706,0.452236,0.488843,0.510984,0.54411,0.555094,0.575795,0.598825,0.614938,0.627415,0.651337
2023-07-06 19:00:00+00:00,0.44041,0.500559,0.541263,0.550294,0.580429,0.612754,0.633921,0.653446,0.681363,0.710639,0.73104
2023-07-06 20:00:00+00:00,0.52311,0.576694,0.584371,0.60487,0.645286,0.651798,0.676856,0.697113,0.721577,0.740647,0.773513
2023-07-06 21:00:00+00:00,0.481501,0.550144,0.625288,0.648911,0.690526,0.713117,0.733437,0.743938,0.764258,0.790312,0.80544
2023-07-06 22:00:00+00:00,0.517577,0.570315,0.659808,0.697701,0.720424,0.73346,0.762391,0.781316,0.792393,0.808726,0.866183
2023-07-06 23:00:00+00:00,0.493488,0.628176,0.689039,0.752386,0.772453,0.783858,0.796346,0.820412,0.831005,0.85415,0.894018
2023-07-07 00:00:00+00:00,0.476602,0.657256,0.711883,0.761866,0.796012,0.801118,0.815652,0.845955,0.86156,0.886307,0.928308
2023-07-07 01:00:00+00:00,0.459428,0.63992,0.692082,0.74524,0.782907,0.793424,0.802835,0.833385,0.838267,0.884111,0.907619
2023-07-07 02:00:00+00:00,0.486053,0.62228,0.672625,0.725795,0.751418,0.760806,0.770678,0.802634,0.821865,0.866874,0.877536
2023-07-07 03:00:00+00:00,0.469283,0.573594,0.6571,0.691459,0.714327,0.726372,0.740744,0.77368,0.782227,0.824441,0.835581
2023-07-07 04:00:00+00:00,0.427098,0.516372,0.595217,0.635264,0.65899,0.670183,0.703965,0.709814,0.732446,0.752513,0.780544
2023-07-07 05:00:00+00:00,0.374366,0.441217,0.51095,0.555728,0.587828,0.599124,0.636757,0.64834,0.660558,0.678827,0.706835
2023-07-07 06:00:00+00:00,0.324228,0.381483,0.445251,0.501614,0.52296,0.54475,0.568834,0.587626,0.594191,0.608478,0.626844
2023-07-07 07:00:00+00:00,0.309705,0.343937,0.399078,0.460805,0.479553,0.49588,0.51979,0.527057,0.529645,0.539304,0.574112
2023-07-07 08:00:00+00:00,0.293799,0.314379,0.359486,0.427801,0.43927,0.456547,0.471531,0.481114,0.486699,0.499683,0.519767
2023-07-07 09:00:00+00:00,0.276683,0.316753,0.335731,0.411543,0.430855,0.43894,0.449505,0.454449,0.457976,0.461872,0.483287
2023-07-07 10:00:00+00:00,0.264408,0.304178,0.339823,0.403354,0.413451,0.421911,0.436445,0.4395,0.442404,0.452213,0.479772
2023-07-07 11:00:00+00:00,0.264177,0.303908,0.349112,0.393194,0.411238,0.417848,0.429149,0.43686,0.450426,0.461232,0.476314
2023-07-07 12:00:00+00:00,0.269133,0.307307,0.352294,0.396922,0.401107,0.418655,0.427731,0.432261,0.446288,0.454363,0.484843
2023-07-07 13:00:00+00:00,0.282388,0.319035,0.355498,0.399752,0.408011,0.416407,0.426971,0.438093,0.444168,0.453849,0.475622
2023-07-07 14:00:00+00:00,0.29109,0.327835,0.376833,0.407884,0.422626,0.42753,0.432711,0.44045,0.452155,0.455314,0.462367
2023-07-07 15:00:00+00:00,0.3142,0.357521,0.40559,0.424199,0.450322,0.454962,0.464811,0.467848,0.471128,0.477369,0.493545
2023-07-07 16:00:00+00:00,0.343707,0.361082,0.424907,0.453118,0.466851,0.488532,0.500057,0.505936,0.514223,0.517738,0.531581
2023-07-07 17:00:00+00:00,0.386757,0.433016,0.451106,0.482959,0.511629,0.519652,0.527997,0.547182,0.56586,0.577789,0.585523
2023-07-07 18:00:00+00:00,0.397706,0.452236,0.488843,0.510984,0.54411,0.555094,0.575795,0.598825,0.614938,0.627415,0.651337
2023-07-07 19:00:00+00:00,0.44041,0.500559,0.541263,0.550294,0.580429,0.612754,0.633921,0.653446,0.681363,0.710639,0.73104
2023-07-07 20:00:00+00:00,0.52311,0.576694,0.584371,0.60487,0.645286,0.651798,0.676856,0.697113,0.721577,0.740647,0.773513
2023-07-07 21:00:00+00:00,0.481501,0.550144,0.625288,0.648911,0.690526,0.713117,0.733437,0.743938,0.764258,0.790312,0.80544
2023-07-07 22:00:00+00:00,0.517577,0.570315,0.659808,0.697701,0.720424,0.73346,0.762391,0.781316,0.792393,0.808726,0.866183
2023-07-07 23:00:00+00:00,0.493488,0.628176,0.689039,0.752386,0.772453,0.783858,0.796346,0.820412,0.831005,0.85415,0.894018
2023-07-08 00:00:00+00:00,0.476602,0.657256,0.711883,0.761866,0.796012,0.801118,0.815652,0.845955,0.86156,0.886307,0.928308
2023-07-08 01:00:00+00:00,0.459428,0.63992,0.692082,0.74524,0.782907,0.793424,0.802835,0.833385,0.838267,0.884111,0.907619
2023-07-08 02:00:00+00:00,0.486053,0.62228,0.672625,0.725795,0.751418,0.760806,0.770678,0.802634,0.821865,0.866874,0.877536
2023-07-08 03:00:00+00:00,0.469283,0.573594,0.6571,0.691459,0.714327,0.726372,0.740744,0.77368,0.782227,0.824441,0.835581
2023-07-08 04:00:00+00:00,0.427098,0.516372,0.595217,0.635264,0.65899,0.670183,0.703965,0.709814,0.732446,0.752513,0.780544
2023-07-08 05:00:00+00:00,0.374366,0.441217,0.51095,0.555728,0.587828,0.599124,0.636757,0.64834,0.660558,0.678827,0.706835
2023-07-08 06:00:00+00:00,0.324228,0.381483,0.445251,0.501614,0.52296,0.54475,0.568834,0.587626,0.594191,0.608478,0.626844
2023-07-08 07:00:00+00:00,0.309705,0.343937,0.399078,0.460805,0.479553,0.49588,0.51979,0.527057,0.529645,0.539304,0.574112
2023-07-08 08:00:00+00:00,0.293799,0.314379,0.359486,0.427801,0.43927,0.456547,0.471531,0.481114,0.486699,0.499683,0.519767
2023-07-08 09:00:00+00:00,0.276683,0.316753,0.335731,0.411543,0.430855,0.43894,0.449505,0.454449,0.457976,0.461872,0.483287
2023-07-08 10:00:00+00:00,0.264408,0.304178,0.339823,0.403354,0.413451,0.421911,0.436445,0.4395,0.442404,0.452213,0.479772
2023-07-08 11:00:00+00:00,0.264177,0.303908,0.349112,0.393194,0.411238,0.417848,0.429149,0.43686,0.450426,0.461232,0.476314
2023-07-08 12:00:00+00:00,0.269133,0.307307,0.352294,0.396922,0.401107,0.418655,0.427731,0.432261,0.446288,0.454363,0.484843
2023-07-08 13:00:00+00:00,0.282388,0.319035,0.355498,0.399752,0.408011,0.416407,0.426971,0.438093,0.444168,0.453849,0.475622
2023-07-08 14:00:00+00:00,0.29109,0.327835,0.376833,0.407884,0.422626,0.42753,0.432711,0.44045,0.452155,0.455314,0.462367
2023-07-08 15:00:00+00:00,0.3142,0.357521,0.40559,0.424199,0.450322,0.454962,0.464811,0.467848,0.471128,0.477369,0.493545
2023-07-08 16:00:00+00:00,0.343707,0.361082,0.424907,0.453118,0.466851,0.488532,0.500057,0.505936,0.514223,0.517738,0.531581
2023-07-08 17:00:00+00:00,0.386757,0.433016,0.451106,0.482959,0.511629,0.519652,0.527997,0.547182,0.56586,0.577789,0.585523
2023-07-08 18:00:00+00:00,0.397706,0.452236,0.488843,0.510984,0.54411,0.555094,0.575795,0.598825,0.614938,0.627415,0.651337
2023-07-08 19:00:00+00:00,0.44041,0.500559,0.541263,0.550294,0.580429,0.612754,0.633921,0.653446,0.681363,0.710639,0.73104
2023-07-08 20:00:00+00:00,0.52311,0.576694,0.584371,0.60487,0.645286,0.651798,0.676856,0.697113,0.721577,0.740647,0.773513
2023-07-08 21:00:00+00:00,0.481501,0.550144,0.625288,0.648911,0.690526,0.713117,0.733437,0.743938,0.764258,0.790312,0.80544
2023-07-08 22:00:00+00:00,0.517577,0.570315,0.659808,0.697701,0.720424,0.73346,0.762391,0.781316,0.792393,0.808726,0.866183
2023-07-08 23:00:00+00:00,0.493488,0.628176,0.689039,0.752386,0.772453,0.783858,0.796346,0.820412,0.831005,0.85415,0.894018
2023-07-09 00:00:00+00:00,0.476602,0.657256,0.711883,0.761866,0.796012,0.801118,0.815652,0.845955,0.86156,0.886307,0.928308
2023-07-09 01:00:00+00:00,0.459428,0.63992,0.692082,0.74524,0.782907,0.793424,0.802835,0.833385,0.838267,0.884111,0.907619
2023-07-09 02:00:00+00:00,0.486053,0.62228,0.672625,0.725795,0.751418,0.760806,0.770678,0.802634,0.821865,0.866874,0.877536
2023-07-09 03:00:00+00:00,0.469283,0.573594,0.6571,0.691459,0.714327,0.726372,0.740744,0.77368,0.782227,0.824441,0.835581
2023-07-09 04:00:00+00:00,0.427098,0.516372,0.595217,0.635264,0.65899,0.670183,0.703965,0.709814,0.732446,0.752513,0.780544
2023-07-09 05:00:00+00:00,0.374366,0.441217,0.51095,0.555728,0.587828,0.599124,0.636757,0.64834,0.660558,0.678827,0.706835
2023-07-09 06:00:00+00:00,0.406524,0.491413,0.50219,0.517946,0.531109,0.548755,0.568834,0.587626,0.594191,0.608478,0.626844
2023-07-09 07:00:00+00:00,0.364799,0.446917,0.461998,0.475179,0.481697,0.506541,0.51979,0.527057,0.529645,0.539304,0.574112
2023-07-09 08:00:00+00:00,0.347914,0.410253,0.42795,0.439656,0.452524,0.461273,0.471531,0.481114,0.486699,0.499683,0.519767
2023-07-09 09:00:00+00:00,0.325035,0.386192,0.411734,0.427265,0.434693,0.442888,0.451544,0.455452,0.459786,0.462028,0.483287
2023-07-09 10:00:00+00:00,0.327282,0.385489,0.403988,0.413981,0.42228,0.425887,0.437125,0.43999,0.443661,0.454824,0.479772
2023-07-09 11:00:00+00:00,0.347453,0.382187,0.401948,0.414384,0.41926,0.429951,0.43656,0.448588,0.459417,0.466027,0.476314
2023-07-09 12:00:00+00:00,0.338001,0.37693,0.399573,0.401107,0.41707,0.425829,0.430878,0.439857,0.450046,0.460397,0.484843
2023-07-09 13:00:00+00:00,0.349412,0.390266,0.402432,0.409163,0.419779,0.427011,0.434566,0.444018,0.444721,0.453849,0.475622
2023-07-09 14:00:00+00:00,0.376095,0.400933,0.416966,0.42387,0.428977,0.433437,0.440998,0.450034,0.454276,0.457861,0.464673
2023-07-09 15:00:00+00:00,0.398398,0.414754,0.444767,0.452132,0.458782,0.461906,0.467013,0.467969,0.471185,0.477501,0.493545
2023-07-09 16:00:00+00:00,0.406005,0.44675,0.460304,0.48157,0.496058,0.50023,0.505936,0.514661,0.516609,0.522326,0.531581
2023-07-09 17:00:00+00:00,0.404334,0.477294,0.505048,0.515179,0.520297,0.524378,0.534129,0.557503,0.566367,0.577835,0.585523
2023-07-09 18:00:00+00:00,0.481558,0.504334,0.528896,0.550438,0.56284,0.581604,0.59479,0.604541,0.615249,0.628562,0.651337
2023-07-09 19:00:00+00:00,0.512679,0.547315,0.567958,0.592854,0.615514,0.62742,0.646623,0.653481,0.682054,0.711734,0.73104
2023-07-09 20:00:00+00:00,0.576763,0.590583,0.610823,0.644421,0.647315,0.658771,0.682135,0.702662,0.721969,0.742128,0.773513
2023-07-09 21:00:00+00:00,0.601775,0.63822,0.658022,0.688912,0.707653,0.715191,0.73376,0.744214,0.764627,0.790572,0.80544
2023-07-09 22:00:00+00:00,0.603792,0.671738,0.691586,0.717001,0.726533,0.739281,0.767462,0.783011,0.793465,0.808783,0.866183
2023-07-09 23:00:00+00:00,0.648398,0.690894,0.751683,0.769606,0.779357,0.784636,0.801141,0.820862,0.831212,0.854161,0.894018
2023-07-10 00:00:00+00:00,0.65174,0.730025,0.765445,0.790583,0.799781,0.80181,0.818833,0.846473,0.86564,0.886837,0.928308
2023-07-10 01:00:00+00:00,0.626671,0.707296,0.761907,0.774228,0.790687,0.797199,0.804264,0.833437,0.838762,0.8855,0.907619
2023-07-10 02:00:00+00:00,0.615606,0.692439,0.737517,0.748248,0.757572,0.76677,0.771185,0.803689,0.823479,0.867623,0.877536
2023-07-10 03:00:00+00:00,0.594687,0.668338,0.692623,0.7111,0.722926,0.728619,0.744341,0.775461,0.782699,0.82523,0.835581
2023-07-10 04:00:00+00:00,0.555383,0.607642,0.639535,0.657573,0.667785,0.684532,0.704495,0.713255,0.73512,0.752835,0.780544
2023-07-10 05:00:00+00:00,0.463981,0.538025,0.556005,0.584301,0.594686,0.607423,0.636757,0.651089,0.660558,0.679121,0.706835
2023-07-10 06:00:00+00:00,0.406524,0.491413,0.50219,0.517946,0.531109,0.548755,0.568834,0.587626,0.594191,0.608478,0.626844
2023-07-10 07:00:00+00:00,0.364799,0.446917,0.461998,0.475179,0.481697,0.506541,0.51979,0.527057,0.529645,0.539304,0.574112
2023-07-10 08:00:00+00:00,0.347914,0.410253,0.42795,0.439656,0.452524,0.461273,0.471531,0.481114,0.486699,0.499683,0.519767
2023-07-10 09:00:00+00:00,0.325035,0.386192,0.411734,0.427265,0.434693,0.442888,0.451544,0.455452,0.459786,0.462028,0.483287
2023-07-10 10:00:00+00:00,0.327282,0.385489,0.403988,0.413981,0.42228,0.425887,0.437125,0.43999,0.443661,0.454824,0.479772
2023-07-10 11:00:00+00:00,0.347453,0.382187,0.401948,0.414384,0.41926,0.429951,0.43656,0.448588,0.459417,0.466027,0.476314
2023-07-10 12:00:00+00:00,0.338001,0.37693,0.399573,0.401107,0.41707,0.425829,0.430878,0.439857,0.450046,0.460397,0.484843
2023-07-10 13:00:00+00:00,0.349412,0.390266,0.402432,0.409163,0.419779,0.427011,0.434566,0.444018,0.444721,0.453849,0.475622
2023-07-10 14:00:00+00:00,0.376095,0.400933,0.416966,0.42387,0.428977,0.433437,0.440998,0.450034,0.454276,0.457861,0.464673
2023-07-10 15:00:00+00:00,0.398398,0.414754,0.444767,0.452132,0.458782,0.461906,0.467013,0.467969,0.471185,0.477501,0.493545
2023-07-10 16:00:00+00:00,0.406005,0.44675,0.460304,0.48157,0.496058,0.50023,0.505936,0.514661,0.516609,0.522326,0.531581
2023-07-10 17:00:00+00:00,0.404334,0.477294,0.505048,0.515179,0.520297,0.524378,0.534129,0.557503,0.566367,0.577835,0.585523
2023-07-10 18:00:00+00:00,0.481558,0.504334,0.528896,0.550438,0.56284,0.581604,0.59479,0.604541,0.615249,0.628562,0.651337
2023-07-10 19:00:00+00:00,0.512679,0.547315,0.567958,0.592854,0.615514,0.62742,0.646623,0.653481,0.682054,0.711734,0.73104
2023-07-10 20:00:00+00:00,0.576763,0.590583,0.610823,0.644421,0.647315,0.658771,0.682135,0.702662,0.721969,0.742128,0.773513
2023-07-10 21:00:00+00:00,0.601775,0.63822,0.658022,0.688912,0.707653,0.715191,0.73376,0.744214,0.764627,0.790572,0.80544
2023-07-10 22:00:00+00:00,0.603792,0.671738,0.691586,0.717001,0.726533,0.739281,0.767462,0.783011,0.793465,0.808783,0.866183
2023-07-10 23:00:00+00:00,0.648398,0.690894,0.751683,0.769606,0.779357,0.784636,0.801141,0.820862,0.831212,0.854161,0.894018
2023-07-11 00:00:00+00:00,0.65174,0.730025,0.765445,0.790583,0.799781,0.80181,0.818833,0.846473,0.86564,0.886837,0.928308
2023-07-11 01:00:00+00:00,0.626671,0.707296,0.761907,0.774228,0.790687,0.797199,0.804264,0.833437,0.838762,0.8855,0.907619
2023-07-11 02:00:00+00:00,0.615606,0.692439,0.737517,0.748248,0.757572,0.76677,0.771185,0.803689,0.823479,0.867623,0.877536
2023-07-11 03:00:00+00:00,0.594687,0.668338,0.692623,0.7111,0.722926,0.728619,0.744341,0.775461,0.782699,0.82523,0.835581
2023-07-11 04:00:00+00:00,0.555383,0.607642,0.639535,0.657573,0.667785,0.684532,0.704495,0.713255,0.73512,0.752835,0.780544
2023-07-11 05:00:00+00:00,0.463981,0.538025,0.556005,0.584301,0.594686,0.607423,0.636757,0.651089,0.660558,0.679121,0.706835
2023-07-11 06:00:00+00:00,0.406524,0.491413,0.50219,0.517946,0.531109,0.548755,0.568834,0.587626,0.594191,0.608478,0.626844
2023-07-11 07:00:00+00:00,0.364799,0.446917,0.461998,0.475179,0.481697,0.506541,0.51979,0.527057,0.529645,0.539304,0.574112
2023-07-11 08:00:00+00:00,0.347914,0.410253,0.42795,0.439656,0.452524,0.461273,0.471531,0.481114,0.486699,0.499683,0.519767
2023-07-11 09:00:00+00:00,0.325035,0.386192,0.411734,0.427265,0.434693,0.442888,0.451544,0.455452,0.459786,0.462028,0.483287
2023-07-11 10:00:00+00:00,0.327282,0.385489,0.403988,0.413981,0.42228,0.425887,0.437125,0.43999,0.443661,0.454824,0.479772
2023-07-11 11:00:00+00:00,0.347453,0.382187,0.401948,0.414384,0.41926,0.429951,0.43656,0.448588,0.459417,0.466027,0.476314
2023-07-11 12:00:00+00:00,0.338001,0.37693,0.399573,0.401107,0.41707,0.425829,0.430878,0.439857,0.450046,0.460397,0.484843
2023-07-11 13:00:00+00:00,0.349412,0.390266,0.402432,0.409163,0.419779,0.427011,0.434566,0.444018,0.444721,0.453849,0.475622
2023-07-11 14:00:00+00:00,0.376095,0.400933,0.416966,0.42387,0.428977,0.433437,0.440998,0.450034,0.454276,0.457861,0.464673
2023-07-11 15:00:00+00:00,0.398398,0.414754,0.444767,0.452132,0.458782,0.461906,0.467013,0.467969,0.471185,0.477501,0.493545
2023-07-11 16:00:00+00:00,0.406005,0.44675,0.460304,0.48157,0.496058,0.50023,0.505936,0.514661,0.516609,0.522326,0.531581
2023-07-11 17:00:00+00:00,0.404334,0.477294,0.505048,0.515179,0.520297,0.524378,0.534129,0.557503,0.566367,0.577835,0.585523
2023-07-11 18:00:00+00:00,0.481558,0.504334,0.528896,0.550438,0.56284,0.581604,0.59479,0.604541,0.615249,0.628562,0.651337
2023-07-11 19:00:00+00:00,0.512679,0.547315,0.567958,0.592854,0.615514,0.62742,0.646623,0.653481,0.682054,0.711734,0.73104
2023-07-11 20:00:00+00:00,0.576763,0.590583,0.610823,0.644421,0.647315,0.658771,0.682135,0.702662,0.721969,0.742128,0.773513
2023-07-11 21:00:00+00:00,0.601775,0.63822,0.658022,0.688912,0.707653,0.715191,0.73376,0.744214,0.764627,0.790572,0.80544
2023-07-11 22:00:00+00:00,0.603792,0.671738,0.691586,0.717001,0.726533,0.739281,0.767462,0.783011,0.793465,0.808783,0.866183
2023-07-11 23:00:00+00:00,0.648398,0.690894,0.751683,0.769606,0.779357,0.784636,0.801141,0.820862,0.831212,0.854161,0.894018
2023-07-12 00:00:00+00:00,0.65174,0.730025,0.765445,0.790583,0.799781,0.80181,0.818833,0.846473,0.86564,0.886837,0.928308
2023-07-12 01:00:00+00:00,0.626671,0.707296,0.761907,0.774228,0.790687,0.797199,0.804264,0.833437,0.838762,0.8855,0.907619
2023-07-12 02:00:00+00:00,0.615606,0.692439,0.737517,0.748248,0.757572,0.76677,0.771185,0.803689,0.823479,0.867623,0.877536
2023-07-12 03:00:00+00:00,0.594687,0.668338,0.692623,0.7111,0.722926,0.728619,0.744341,0.775461,0.782699,0.82523,0.835581
2023-07-12 04:00:00+00:00,0.555383,0.607642,0.639535,0.657573,0.667785,0.684532,0.704495,0.713255,0.73512,0.752835,0.780544
2023-07-12 05:00:00+00:00,0.463981,0.538025,0.556005,0.584301,0.594686,0.607423,0.636757,0.651089,0.660558,0.679121,0.706835
2023-07-12 06:00:00+00:00,0.470148,0.49528,0.513209,0.522349,0.538762,0.552069,0.568834,0.587626,0.594191,0.608478,0.626844
2023-07-12 07:00:00+00:00,0.440122,0.44845,0.467519,0.478873,0.484636,0.511037,0.523721,0.527057,0.529645,0.539304,0.574112
2023-07-12 08:00:00+00:00,0.384682,0.421341,0.434981,0.440975,0.455164,0.461906,0.471531,0.481114,0.486699,0.499683,0.519767
2023-07-12 09:00:00+00:00,0.367623,0.404599,0.415295,0.429115,0.434924,0.442888,0.451544,0.455452,0.459786,0.462028,0.483287
2023-07-12 10:00:00+00:00,0.360592,0.398243,0.409728,0.415537,0.42228,0.425887,0.437125,0.43999,0.443661,0.454824,0.479772
2023-07-12 11:00:00+00:00,0.377881,0.393436,0.403942,0.414384,0.41926,0.429951,0.43656,0.448588,0.459417,0.466027,0.476314
2023-07-12 12:00:00+00:00,0.361111,0.394778,0.400507,0.404737,0.421047,0.425829,0.430878,0.439857,0.450046,0.460397,0.484843
2023-07-12 13:00:00+00:00,0.361169,0.39993,0.402801,0.409163,0.419779,0.427011,0.434566,0.444018,0.444721,0.453849,0.475622
2023-07-12 14:00:00+00:00,0.377017,0.398173,0.415191,0.422649,0.427812,0.432832,0.44056,0.448824,0.45423,0.457521,0.464673
2023-07-12 15:00:00+00:00,0.398398,0.41522,0.447026,0.45215,0.458275,0.460667,0.466966,0.467848,0.471128,0.477369,0.493545
2023-07-12 16:00:00+00:00,0.406005,0.451781,0.468557,0.489477,0.499274,0.505503,0.509336,0.516114,0.518003,0.523092,0.537229
2023-07-12 17:00:00+00:00,0.404334,0.478734,0.506293,0.518372,0.523536,0.529104,0.538347,0.55555,0.56586,0.577789,0.585523
2023-07-12 18:00:00+00:00,0.481558,0.49721,0.534013,0.555671,0.569341,0.583333,0.595505,0.604023,0.614938,0.627415,0.651337
2023-07-12 19:00:00+00:00,0.483518,0.544058,0.551614,0.594882,0.617981,0.633846,0.647499,0.658593,0.681363,0.710639,0.73104
2023-07-12 20:00:00+00:00,0.576763,0.589569,0.610247,0.644508,0.651798,0.665658,0.685166,0.710097,0.723167,0.740647,0.773513
2023-07-12 21:00:00+00:00,0.591747,0.639102,0.669756,0.702103,0.708979,0.715738,0.735627,0.74505,0.764258,0.790312,0.80544
2023-07-12 22:00:00+00:00,0.57613,0.672776,0.692323,0.720396,0.734301,0.747032,0.770344,0.786238,0.798282,0.808726,0.866183
2023-07-12 23:00:00+00:00,0.638889,0.691056,0.754794,0.775738,0.782089,0.789707,0.808772,0.822498,0.832665,0.85415,0.894018
2023-07-13 00:00:00+00:00,0.65174,0.732117,0.766367,0.795004,0.800668,0.809532,0.82538,0.848946,0.87115,0.886307,0.928308
2023-07-13 01:00:00+00:00,0.626671,0.70914,0.763474,0.783887,0.793649,0.799821,0.82266,0.833852,0.840837,0.884111,0.907619
2023-07-13 02:00:00+00:00,0.615606,0.694681,0.739926,0.752876,0.760973,0.768845,0.79003,0.808985,0.830533,0.866874,0.877536
2023-07-13 03:00:00+00:00,0.594687,0.66926,0.693649,0.721427,0.725749,0.735736,0.758564,0.778769,0.787609,0.824441,0.835581
2023-07-13 04:00:00+00:00,0.555383,0.608915,0.640768,0.664972,0.670321,0.700668,0.705106,0.719139,0.742588,0.752513,0.780544
2023-07-13 05:00:00+00:00,0.505821,0.554633,0.568349,0.588866,0.599124,0.626441,0.64275,0.657503,0.660558,0.681766,0.706835
2023-07-13 06:00:00+00:00,0.470148,0.49528,0.513209,0.522349,0.538762,0.552069,0.568834,0.587626,0.594191,0.608478,0.626844
2023-07-13 07:00:00+00:00,0.440122,0.44845,0.467519,0.478873,0.484636,0.511037,0.523721,0.527057,0.529645,0.539304,0.574112
2023-07-13 08:00:00+00:00,0.384682,0.421341,0.434981,0.440975,0.455164,0.461906,0.471531,0.481114,0.486699,0.499683,0.519767
2023-07-13 09:00:00+00:00,0.367623,0.404599,0.415295,0.429115,0.434924,0.442888,0.451544,0.455452,0.459786,0.462028,0.483287
2023-07-13 10:00:00+00:00,0.360592,0.398243,0.409728,0.415537,0.42228,0.425887,0.437125,0.43999,0.443661,0.454824,0.479772
2023-07-13 11:00:00+00:00,0.377881,0.393436,0.403942,0.414384,0.41926,0.429951,0.43656,0.448588,0.459417,0.466027,0.476314
2023-07-13 12:00:00+00:00,0.361111,0.394778,0.400507,0.404737,0.421047,0.425829,0.430878,0.439857,0.450046,0.460397,0.484843
2023-07-13 13:00:00+00:00,0.361169,0.39993,0.402801,0.409163,0.419779,0.427011,0.434566,0.444018,0.444721,0.453849,0.475622
2023-07-13 14:00:00+00:00,0.377017,0.398173,0.415191,0.422649,0.427812,0.432832,0.44056,0.448824,0.45423,0.457521,0.464673
2023-07-13 15:00:00+00:00,0.398398,0.41522,0.447026,0.45215,0.458275,0.460667,0.466966,0.467848,0.471128,0.477369,0.493545
2023-07-13 16:00:00+00:00,0.406005,0.451781,0.468557,0.489477,0.499274,0.505503,0.509336,0.516114,0.518003,0.523092,0.537229
2023-07-13 17:00:00+00:00,0.404334,0.478734,0.506293,0.518372,0.523536,0.529104,0.538347,0.55555,0.56586,0.577789,0.585523
2023-07-13 18:00:00+00:00,0.481558,0.49721,0.534013,0.555671,0.569341,0.583333,0.595505,0.604023,0.614938,0.627415,0.651337
2023-07-13 19:00:00+00:00,0.483518,0.544058,0.551614,0.594882,0.617981,0.633846,0.647499,0.658593,0.681363,0.710639,0.73104
2023-07-13 20:00:00+00:00,0.576763,0.589569,0.610247,0.644508,0.651798,0.665658,0.685166,0.710097,0.723167,0.740647,0.773513
2023-07-13 21:00:00+00:00,0.591747,0.639102,0.669756,0.702103,0.708979,0.715738,0.735627,0.74505,0.764258,0.790312,0.80544
2023-07-13 22:00:00+00:00,0.57613,0.672776,0.692323,0.720396,0.734301,0.747032,0.770344,0.786238,0.798282,0.808726,0.866183
2023-07-13 23:00:00+00:00,0.638889,0.691056,0.754794,0.775738,0.782089,0.789707,0.808772,0.822498,0.832665,0.85415,0.894018
2023-07-14 00:00:00+00:00,0.65174,0.732117,0.766367,0.795004,0.800668,0.809532,0.82538,0.848946,0.87115,0.886307,0.928308
2023-07-14 01:00:00+00:00,0.626671,0.70914,0.763474,0.783887,0.793649,0.799821,0.82266,0.833852,0.840837,0.884111,0.907619
2023-07-14 02:00:00+00:00,0.615606,0.694681,0.739926,0.752876,0.760973,0.768845,0.79003,0.808985,0.830533,0.866874,0.877536
2023-07-14 03:00:00+00:00,0.594687,0.66926,0.693649,0.721427,0.725749,0.735736,0.758564,0.778769,0.787609,0.824441,0.835581
2023-07-14 04:00:00+00:00,0.555383,0.608915,0.640768,0.664972,0.670321,0.700668,0.705106,0.719139,0.742588,0.752513,0.780544
2023-07-14 05:00:00+00:00,0.505821,0.554633,0.568349,0.588866,0.599124,0.626441,0.64275,0.657503,0.660558,0.681766,0.706835
2023-07-14 06:00:00+00:00,0.470148,0.495113,0.510742,0.52946,0.548202,0.563278,0.579115,0.589661,0.602282,0.614903,0.626844
2023-07-14 07:00:00+00:00,0.440122,0.448363,0.466735,0.480002,0.505936,0.517462,0.524516,0.527812,0.535685,0.53965,0.574112
2023-07-14 08:00:00+00:00,0.384682,0.420424,0.433298,0.451291,0.458069,0.467497,0.476499,0.481478,0.487287,0.499943,0.519767
2023-07-14 09:00:00+00:00,0.367623,0.40423,0.421899,0.431477,0.435731,0.447556,0.452997,0.45597,0.459797,0.464051,0.483287
2023-07-14 10:00:00+00:00,0.360592,0.397568,0.412518,0.41737,0.423939,0.436376,0.439143,0.44071,0.444548,0.454945,0.479772
2023-07-14 11:00:00+00:00,0.377881,0.399643,0.40778,0.416494,0.424055,0.435512,0.438509,0.453861,0.459924,0.466517,0.476314
2023-07-14 12:00:00+00:00,0.361111,0.393672,0.400899,0.416206,0.423167,0.428596,0.434048,0.444133,0.452236,0.460673,0.484843
2023-07-14 13:00:00+00:00,0.361169,0.402075,0.406074,0.416148,0.422799,0.429288,0.437321,0.444133,0.446473,0.454207,0.475622
2023-07-14 14:00:00+00:00,0.377017,0.397839,0.419133,0.425651,0.42908,0.436664,0.441932,0.451245,0.454322,0.458201,0.464673
2023-07-14 15:00:00+00:00,0.398398,0.424234,0.449977,0.452253,0.458448,0.460667,0.467059,0.46809,0.471243,0.477634,0.493545
2023-07-14 16:00:00+00:00,0.406005,0.446859,0.465146,0.491355,0.500172,0.505936,0.514223,0.516182,0.519548,0.524441,0.537229
2023-07-14 17:00:00+00:00,0.404334,0.475853,0.505855,0.515814,0.523755,0.529104,0.536319,0.552939,0.56503,0.573363,0.585523
2023-07-14 18:00:00+00:00,0.481558,0.494859,0.527098,0.5571,0.578377,0.586474,0.596542,0.60506,0.615561,0.629708,0.651337
2023-07-14 19:00:00+00:00,0.483518,0.547257,0.563578,0.607953,0.620447,0.641972,0.648847,0.668724,0.682746,0.712829,0.73104
2023-07-14 20:00:00+00:00,0.577974,0.59052,0.610765,0.644709,0.65551,0.674966,0.688658,0.710166,0.723214,0.743609,0.773513
2023-07-14 21:00:00+00:00,0.591747,0.645972,0.677317,0.705861,0.709175,0.7247,0.739281,0.745983,0.764995,0.790831,0.80544
2023-07-14 22:00:00+00:00,0.57613,0.670701,0.693499,0.722822,0.738543,0.756051,0.772614,0.788174,0.801487,0.808841,0.866183
2023-07-14 23:00:00+00:00,0.638889,0.690733,0.755094,0.779202,0.784325,0.79279,0.817289,0.824573,0.834324,0.854173,0.894018
2023-07-15 00:00:00+00:00,0.65174,0.727933,0.770147,0.797908,0.800749,0.813508,0.833679,0.852507,0.874515,0.887368,0.928308
2023-07-15 01:00:00+00:00,0.626671,0.70989,0.766033,0.787172,0.796669,0.803192,0.826371,0.834544,0.842012,0.886889,0.907619
2023-07-15 02:00:00+00:00,0.615606,0.690197,0.742981,0.754484,0.76541,0.770805,0.794249,0.816764,0.834958,0.868373,0.877536
2023-07-15 03:00:00+00:00,0.594687,0.677058,0.698202,0.721796,0.728262,0.741644,0.76314,0.780636,0.794594,0.82602,0.835581
2023-07-15 04:00:00+00:00,0.555383,0.622989,0.643177,0.667571,0.6818,0.702657,0.705775,0.721733,0.742865,0.753158,0.780544
2023-07-15 05:00:00+00:00,0.505821,0.551913,0.572983,0.592785,0.605175,0.636757,0.643488,0.658471,0.666574,0.68195,0.706835
2023-07-15 06:00:00+00:00,0.470148,0.495113,0.510742,0.52946,0.548202,0.563278,0.579115,0.589661,0.602282,0.614903,0.626844
2023-07-15 07:00:00+00:00,0.440122,0.448363,0.466735,0.480002,0.505936,0.517462,0.524516,0.527812,0.535685,0.53965,0.574112
2023-07-15 08:00:00+00:00,0.384682,0.420424,0.433298,0.451291,0.458069,0.467497,0.476499,0.481478,0.487287,0.499943,0.519767
2023-07-15 09:00:00+00:00,0.367623,0.40423,0.421899,0.431477,0.435731,0.447556,0.452997,0.45597,0.459797,0.464051,0.483287
2023-07-15 10:00:00+00:00,0.360592,0.397568,0.412518,0.41737,0.423939,0.436376,0.439143,0.44071,0.444548,0.454945,0.479772
2023-07-15 11:00:00+00:00,0.377881,0.399643,0.40778,0.416494,0.424055,0.435512,0.438509,0.453861,0.459924,0.466517,0.476314
2023-07-15 12:00:00+00:00,0.361111,0.393672,0.400899,0.416206,0.423167,0.428596,0.434048,0.444133,0.452236,0.460673,0.484843
2023-07-15 13:00:00+00:00,0.361169,0.402075,0.406074,0.416148,0.422799,0.429288,0.437321,0.444133,0.446473,0.454207,0.475622
2023-07-15 14:00:00+00:00,0.377017,0.397839,0.419133,0.425651,0.42908,0.436664,0.441932,0.451245,0.454322,0.458201,0.464673
2023-07-15 15:00:00+00:00,0.398398,0.424234,0.449977,0.452253,0.458448,0.460667,0.467059,0.46809,0.471243,0.477634,0.493545
2023-07-15 16:00:00+00:00,0.406005,0.446859,0.465146,0.491355,0.500172,0.505936,0.514223,0.516182,0.519548,0.524441,0.537229
2023-07-15 17:00:00+00:00,0.404334,0.475853,0.505855,0.515814,0.523755,0.529104,0.536319,0.552939,0.56503,0.573363,0.585523
2023-07-15 18:00:00+00:00,0.481558,0.494859,0.527098,0.5571,0.578377,0.586474,0.596542,0.60506,0.615561,0.629708,0.651337
2023-07-15 19:00:00+00:00,0.483518,0.547257,0.563578,0.607953,0.620447,0.641972,0.648847,0.668724,0.682746,0.712829,0.73104
2023-07-15 20:00:00+00:00,0.577974,0.59052,0.610765,0.644709,0.65551,0.674966,0.688658,0.710166,0.723214,0.743609,0.773513
2023-07-15 21:00:00+00:00,0.591747,0.645972,0.677317,0.705861,0.709175,0.7247,0.739281,0.745983,0.764995,0.790831,0.80544
2023-07-15 22:00:00+00:00,0.57613,0.670701,0.693499,0.722822,0.738543,0.756051,0.772614,0.788174,0.801487,0.808841,0.866183
2023-07-15 23:00:00+00:00,0.638889,0.690733,0.755094,0.779202,0.784325,0.79279,0.817289,0.824573,0.834324,0.854173,0.894018
2023-07-16 00:00:00+00:00,0.65174,0.727933,0.770147,0.797908,0.800749,0.813508,0.833679,0.852507,0.874515,0.887368,0.928308
2023-07-16 01:00:00+00:00,0.626671,0.70989,0.766033,0.787172,0.796669,0.803192,0.826371,0.834544,0.842012,0.886889,0.907619
2023-07-16 02:00:00+00:00,0.615606,0.690197,0.742981,0.754484,0.76541,0.770805,0.794249,0.816764,0.834958,0.868373,0.877536
2023-07-16 03:00:00+00:00,0.594687,0.677058,0.698202,0.721796,0.728262,0.741644,0.76314,0.780636,0.794594,0.82602,0.835581
2023-07-16 04:00:00+00:00,0.555383,0.622989,0.643177,0.667571,0.6818,0.702657,0.705775,0.721733,0.742865,0.753158,0.780544
2023-07-16 05:00:00+00:00,0.505821,0.551913,0.572983,0.592785,0.605175,0.636757,0.643488,0.658471,0.666574,0.68195,0.706835
2023-07-16 06:00:00+00:00,0.470148,0.495113,0.510742,0.52946,0.548202,0.563278,0.579115,0.589661,0.602282,0.614903,0.626844
2023-07-16 07:00:00+00:00,0.440122,0.448363,0.466735,0.480002,0.505936,0.517462,0.524516,0.527812,0.535685,0.53965,0.574112
2023-07-16 08:00:00+00:00,0.384682,0.420424,0.433298,0.451291,0.458069,0.467497,0.476499,0.481478,0.487287,0.499943,0.519767
2023-07-16 09:00:00+00:00,0.367623,0.40423,0.421899,0.431477,0.435731,0.447556,0.452997,0.45597,0.459797,0.464051,0.483287
2023-07-16 10:00:00+00:00,0.360592,0.397568,0.412518,0.41737,0.423939,0.436376,0.439143,0.44071,0.444548,0.454945,0.479772
2023-07-16 11:00:00+00:00,0.377881,0.399643,0.40778,0.416494,0.424055,0.435512,0.438509,0.453861,0.459924,0.466517,0.476314
2023-07-16 12:00:00+00:00,0.361111,0.393672,0.400899,0.416206,0.423167,0.428596,0.434048,0.444133,0.452236,0.460673,0.484843
2023-07-16 13:00:00+00:00,0.361169,0.402075,0.406074,0.416148,0.422799,0.429288,0.437321,0.444133,0.446473,0.454207,0.475622
2023-07-16 14:00:00+00:00,0.377017,0.397839,0.419133,0.425651,0.42908,0.436664,0.441932,0.451245,0.454322,0.458201,0.464673
2023-07-16 15:00:00+00:00,0.398398,0.424234,0.449977,0.452253,0.458448,0.460667,0.467059,0.46809,0.471243,0.477634,0.493545
2023-07-16 16:00:00+00:00,0.406005,0.446859,0.465146,0.491355,0.500172,0.505936,0.514223,0.516182,0.519548,0.524441,0.537229
2023-07-16 17:00:00+00:00,0.404334,0.475853,0.505855,0.515814,0.523755,0.529104,0.536319,0.552939,0.56503,0.573363,0.585523
2023-07-16 18:00:00+00:00,0.481558,0.494859,0.527098,0.5571,0.578377,0.586474,0.596542,0.60506,0.615561,0.629708,0.651337
2023-07-16 19:00:00+00:00,0.483518,0.547257,0.563578,0.607953,0.620447,0.641972,0.648847,0.668724,0.682746,0.712829,0.73104
2023-07-16 20:00:00+00:00,0.577974,0.59052,0.610765,0.644709,0.65551,0.674966,0.688658,0.710166,0.723214,0.743609,0.773513
2023-07-16 21:00:00+00:00,0.591747,0.645972,0.677317,0.705861,0.709175,0.7247,0.739281,0.745983,0.764995,0.790831,0.80544
2023-07-16 22:00:00+00:00,0.57613,0.670701,0.693499,0.722822,0.738543,0.756051,0.772614,0.788174,0.801487,0.808841,0.866183
2023-07-16 23:00:00+00:00,0.638889,0.690733,0.755094,0.779202,0.784325,0.79279,0.817289,0.824573,0.834324,0.854173,0.894018
2023-07-17 00:00:00+00:00,0.65174,0.727933,0.770147,0.797908,0.800749,0.813508,0.833679,0.852507,0.874515,0.887368,0.928308
2023-07-17 01:00:00+00:00,0.626671,0.70989,0.766033,0.787172,0.796669,0.803192,0.826371,0.834544,0.842012,0.886889,0.907619
2023-07-17 02:00:00+00:00,0.615606,0.690197,0.742981,0.754484,0.76541,0.770805,0.794249,0.816764,0.834958,0.868373,0.877536
2023-07-17 03:00:00+00:00,0.594687,0.677058,0.698202,0.721796,0.728262,0.741644,0.76314,0.780636,0.794594,0.82602,0.835581
2023-07-17 04:00:00+00:00,0.555383,0.622989,0.643177,0.667571,0.6818,0.702657,0.705775,0.721733,0.742865,0.753158,0.780544
2023-07-17 05:00:00+00:00,0.505821,0.551913,0.572983,0.592785,0.605175,0.636757,0.643488,0.658471,0.666574,0.68195,0.706835
2023-07-17 06:00:00+00:00,0.470148,0.495113,0.510742,0.52946,0.548202,0.563278,0.579115,0.589661,0.602282,0.614903,0.626844
2023-07-17 07:00:00+00:00,0.440122,0.448363,0.466735,0.480002,0.505936,0.517462,0.524516,0.527812,0.535685,0.53965,0.574112
2023-07-17 08:00:00+00:00,0.384682,0.420424,0.433298,0.451291,0.458069,0.467497,0.476499,0.481478,0.487287,0.499943,0.519767
2023-07-17 09:00:00+00:00,0.367623,0.40423,0.421899,0.431477,0.435731,0.447556,0.452997,0.45597,0.459797,0.464051,0.483287
2023-07-17 10:00:00+00:00,0.360592,0.397568,0.412518,0.41737,0.423939,0.436376,0.439143,0.44071,0.444548,0.454945,0.479772
2023-07-17 11:00:00+00:00,0.377881,0.399643,0.40778,0.416494,0.424055,0.435512,0.438509,0.453861,0.459924,0.466517,0.476314
2023-07-17 12:00:00+00:00,0.361111,0.393672,0.400899,0.416206,0.423167,0.428596,0.434048,0.444133,0.452236,0.460673,0.484843
2023-07-17 13:00:00+00:00,0.361169,0.402075,0.406074,0.416148,0.422799,0.429288,0.437321,0.444133,0.446473,0.454207,0.475622
2023-07-17 14:00:00+00:00,0.377017,0.397839,0.419133,0.425651,0.42908,0.436664,0.441932,0.451245,0.454322,0.458201,0.464673
2023-07-17 15:00:00+00:00,0.398398,0.424234,0.449977,0.452253,0.458448,0.460667,0.467059,0.46809,0.471243,0.477634,0.493545
2023-07-17 16:00:00+00:00,0.406005,0.446859,0.465146,0.491355,0.500172,0.505936,0.514223,0.516182,0.519548,0.524441,0.537229
2023-07-17 17:00:00+00:00,0.404334,0.475853,0.505855,0.515814,0.523755,0.529104,0.536319,0.552939,0.56503,0.573363,0.585523
2023-07-17 18:00:00+00:00,0.481558,0.494859,0.527098,0.5571,0.578377,0.586474,0.596542,0.60506,0.615561,0.629708,0.651337
2023-07-17 19:00:00+00:00,0.483518,0.547257,0.563578,0.607953,0.620447,0.641972,0.648847,0.668724,0.682746,0.712829,0.73104
2023-07-17 20:00:00+00:00,0.577974,0.59052,0.610765,0.644709,0.65551,0.674966,0.688658,0.710166,0.723214,0.743609,0.773513
2023-07-17 21:00:00+00:00,0.591747,0.645972,0.677317,0.705861,0.709175,0.7247,0.739281,0.745983,0.764995,0.790831,0.80544
2023-07-17 22:00:00+00:00,0.57613,0.670701,0.693499,0.722822,0.738543,0.756051,0.772614,0.788174,0.801487,0.808841,0.866183
2023-07-17 23:00:00+00:00,0.638889,0.690733,0.755094,0.779202,0.784325,0.79279,0.817289,0.824573,0.834324,0.854173,0.894018
2023-07-18 00:00:00+00:00,0.65174,0.727933,0.770147,0.797908,0.800749,0.813508,0.833679,0.852507,0.874515,0.887368,0.928308
2023-07-18 01:00:00+00:00,0.626671,0.70989,0.766033,0.787172,0.796669,0.803192,0.826371,0.834544,0.842012,0.886889,0.907619
2023-07-18 02:00:00+00:00,0.615606,0.690197,0.742981,0.754484,0.76541,0.770805,0.794249,0.816764,0.834958,0.868373,0.877536
2023-07-18 03:00:00+00:00,0.594687,0.677058,0.698202,0.721796,0.728262,0.741644,0.76314,0.780636,0.794594,0.82602,0.835581
2023-07-18 04:00:00+00:00,0.555383,0.622989,0.643177,0.667571,0.6818,0.702657,0.705775,0.721733,0.742865,0.753158,0.780544
2023-07-18 05:00:00+00:00,0.505821,0.551913,0.572983,0.592785,0.605175,0.636757,0.643488,0.658471,0.666574,0.68195,0.706835
2023-07-18 06:00:00+00:00,0.470148,0.495113,0.510742,0.52946,0.548202,0.563278,0.579115,0.589661,0.602282,0.614903,0.626844
2023-07-18 07:00:00+00:00,0.440122,0.448363,0.466735,0.480002,0.505936,0.517462,0.524516,0.527812,0.535685,0.53965,0.574112
2023-07-18 08:00:00+00:00,0.384682,0.420424,0.433298,0.451291,0.458069,0.467497,0.476499,0.481478,0.487287,0.499943,0.519767
2023-07-18 09:00:00+00:00,0.367623,0.40423,0.421899,0.431477,0.435731,0.447556,0.452997,0.45597,0.459797,0.464051,0.483287
2023-07-18 10:00:00+00:00,0.360592,0.397568,0.412518,0.41737,0.423939,0.436376,0.439143,0.44071,0.444548,0.454945,0.479772
2023-07-18 11:00:00+00:00,0.377881,0.399643,0.40778,0.416494,0.424055,0.435512,0.438509,0.453861,0.459924,0.466517,0.476314
2023-07-18 12:00:00+00:00,0.361111,0.393672,0.400899,0.416206,0.423167,0.428596,0.434048,0.444133,0.452236,0.460673,0.484843
2023-07-18 13:00:00+00:00,0.361169,0.402075,0.406074,0.416148,0.422799,0.429288,0.437321,0.444133,0.446473,0.454207,0.475622
2023-07-18 14:00:00+00:00,0.377017,0.397839,0.419133,0.425651,0.42908,0.436664,0.441932,0.451245,0.454322,0.458201,0.464673
2023-07-18 15:00:00+00:00,0.398398,0.424234,0.449977,0.452253,0.458448,0.460667,0.467059,0.46809,0.471243,0.477634,0.493545
2023-07-18 16:00:00+00:00,0.406005,0.446859,0.465146,0.491355,0.500172,0.505936,0.514223,0.516182,0.519548,0.524441,0.537229
2023-07-18 17:00:00+00:00,0.404334,0.475853,0.505855,0.515814,0.523755,0.529104,0.536319,0.552939,0.56503,0.573363,0.585523
2023-07-18 18:00:00+00:00,0.481558,0.494859,0.527098,0.5571,0.578377,0.586474,0.596542,0.60506,0.615561,0.629708,0.651337
2023-07-18 19:00:00+00:00,0.483518,0.547257,0.563578,0.607953,0.620447,0.641972,0.648847,0.668724,0.682746,0.712829,0.73104
2023-07-18 20:00:00+00:00,0.577974,0.59052,0.610765,0.644709,0.65551,0.674966,0.688658,0.710166,0.723214,0.743609,0.773513
2023-07-18 21:00:00+00:00,0.591747,0.645972,0.677317,0.705861,0.709175,0.7247,0.739281,0.745983,0.764995,0.790831,0.80544
2023-07-18 22:00:00+00:00,0.57613,0.670701,0.693499,0.722822,0.738543,0.756051,0.772614,0.788174,0.801487,0.808841,0.866183
2023-07-18 23:00:00+00:00,0.638889,0.690733,0.755094,0.779202,0.784325,0.79279,0.817289,0.824573,0.834324,0.854173,0.894018
2023-07-19 00:00:00+00:00,0.65174,0.727933,0.770147,0.797908,0.800749,0.813508,0.833679,0.852507,0.874515,0.887368,0.928308
2023-07-19 01:00:00+00:00,0.626671,0.70989,0.766033,0.787172,0.796669,0.803192,0.826371,0.834544,0.842012,0.886889,0.907619
2023-07-19 02:00:00+00:00,0.615606,0.690197,0.742981,0.754484,0.76541,0.770805,0.794249,0.816764,0.834958,0.868373,0.877536
2023-07-19 03:00:00+00:00,0.594687,0.677058,0.698202,0.721796,0.728262,0.741644,0.76314,0.780636,0.794594,0.82602,0.835581
2023-07-19 04:00:00+00:00,0.555383,0.622989,0.643177,0.667571,0.6818,0.702657,0.705775,0.721733,0.742865,0.753158,0.780544
2023-07-19 05:00:00+00:00,0.505821,0.551913,0.572983,0.592785,0.605175,0.636757,0.643488,0.658471,0.666574,0.68195,0.706835
2023-07-19 06:00:00+00:00,0.470148,0.495113,0.510742,0.52946,0.548202,0.563278,0.579115,0.589661,0.602282,0.614903,0.626844
2023-07-19 07:00:00+00:00,0.440122,0.448363,0.466735,0.480002,0.505936,0.517462,0.524516,0.527812,0.535685,0.53965,0.574112
2023-07-19 08:00:00+00:00,0.384682,0.420424,0.433298,0.451291,0.458069,0.467497,0.476499,0.481478,0.487287,0.499943,0.519767
2023-07-19 09:00:00+00:00,0.367623,0.40423,0.421899,0.431477,0.435731,0.447556,0.452997,0.45597,0.459797,0.464051,0.483287
2023-07-19 10:00:00+00:00,0.360592,0.397568,0.412518,0.41737,0.423939,0.436376,0.439143,0.44071,0.444548,0.454945,0.479772
2023-07-19 11:00:00+00:00,0.377881,0.399643,0.40778,0.416494,0.424055,0.435512,0.438509,0.453861,0.459924,0.466517,0.476314
2023-07-19 12:00:00+00:00,0.361111,0.393672,0.400899,0.416206,0.423167,0.428596,0.434048,0.444133,0.452236,0.460673,0.484843
2023-07-19 13:00:00+00:00,0.361169,0.402075,0.406074,0.416148,0.422799,0.429288,0.437321,0.444133,0.446473,0.454207,0.475622
2023-07-19 14:00:00+00:00,0.377017,0.397839,0.419133,0.425651,0.42908,0.436664,0.441932,0.451245,0.454322,0.458201,0.464673
2023-07-19 15:00:00+00:00,0.398398,0.424234,0.449977,0.452253,0.458448,0.460667,0.467059,0.46809,0.471243,0.477634,0.493545
2023-07-19 16:00:00+00:00,0.406005,0.446859,0.465146,0.491355,0.500172,0.505936,0.514223,0.516182,0.519548,0.524441,0.537229
2023-07-19 17:00:00+00:00,0.404334,0.475853,0.505855,0.515814,0.523755,0.529104,0.536319,0.552939,0.56503,0.573363,0.585523
2023-07-19 18:00:00+00:00,0.481558,0.494859,0.527098,0.5571,0.578377,0.586474,0.596542,0.60506,0.615561,0.629708,0.651337
2023-07-19 19:00:00+00:00,0.483518,0.547257,0.563578,0.607953,0.620447,0.641972,0.648847,0.668724,0.682746,0.712829,0.73104
2023-07-19 20:00:00+00:00,0.577974,0.59052,0.610765,0.644709,0.65551,0.674966,0.688658,0.710166,0.723214,0.743609,0.773513
2023-07-19 21:00:00+00:00,0.591747,0.645972,0.677317,0.705861,0.709175,0.7247,0.739281,0.745983,0.764995,0.790831,0.80544
2023-07-19 22:00:00+00:00,0.57613,0.670701,0.693499,0.722822,0.738543,0.756051,0.772614,0.788174,0.801487,0.808841,0.866183
2023-07-19 23:00:00+00:00,0.638889,0.690733,0.755094,0.779202,0.784325,0.79279,0.817289,0.824573,0.834324,0.854173,0.894018
2023-07-20 00:00:00+00:00,0.65174,0.727933,0.770147,0.797908,0.800749,0.813508,0.833679,0.852507,0.874515,0.887368,0.928308
