timestamp,0.0,10.0,20.0,30.0,40.0,50.0,60.0,70.0,80.0,90.0,100.0
2023-05-14 00:00:00+00:00,0.16766,0.172572,0.177497,0.182433,0.187381,0.192341,0.209302,0.226391,0.2436,0.260901,0.278298
2023-05-14 01:00:00+00:00,0.0365959,0.0659226,0.0957813,0.12613,0.153923,0.182128,0.22081,0.260109,0.299916,0.340222,0.375319
2023-05-14 02:00:00+00:00,0.275745,0.317834,0.360438,0.381445,0.393242,0.405106,0.417697,0.428899,0.43917,0.449779,0.461277
2023-05-14 03:00:00+00:00,0.489362,0.504754,0.527762,0.552682,0.576886,0.6,0.633239,0.661334,0.684549,0.703491,0.719149
2023-05-14 04:00:00+00:00,0.67234,0.686253,0.698682,0.709706,0.719415,0.733617,0.75012,0.764149,0.775972,0.785854,0.794043
2023-05-14 05:00:00+00:00,0.68766,0.695907,0.703536,0.710571,0.717038,0.723404,0.741401,0.756767,0.769776,0.780697,0.789787
2023-05-14 06:00:00+00:00,0.695319,0.695319,0.695319,0.695319,0.695319,0.695319,0.70586,0.71526,0.724705,0.73989,0.753191
2023-05-14 07:00:00+00:00,0.653617,0.654131,0.654643,0.655153,0.655662,0.65617,0.660734,0.665176,0.669499,0.673617,0.677447
2023-05-14 08:00:00+00:00,0.602553,0.602723,0.602894,0.603064,0.603234,0.603404,0.603404,0.603404,0.603404,0.603404,0.603404
2023-05-14 09:00:00+00:00,0.515745,0.520609,0.525425,0.530191,0.534908,0.539575,0.545465,0.55127,0.556992,0.562645,0.568511
2023-05-14 10:00:00+00:00,0.477447,0.478306,0.479163,0.480279,0.481417,0.482553,0.489623,0.49656,0.503357,0.510865,0.522553
2023-05-14 11:00:00+00:00,0.428085,0.430649,0.433206,0.435755,0.438296,0.440851,0.448881,0.456771,0.467007,0.47706,0.489362
2023-05-14 12:00:00+00:00,0.411064,0.413788,0.416513,0.419237,0.42196,0.424681,0.429913,0.43512,0.440291,0.445703,0.451064
2023-05-14 13:00:00+00:00,0.405957,0.409507,0.412661,0.415817,0.418974,0.422128,0.426139,0.429833,0.433515,0.437181,0.440851
2023-05-14 14:00:00+00:00,0.417021,0.423572,0.429452,0.43517,0.44087,0.446809,0.451112,0.455372,0.460447,0.466006,0.471489
2023-05-14 15:00:00+00:00,0.437447,0.439917,0.442489,0.445077,0.447652,0.450213,0.452102,0.453983,0.455854,0.45795,0.460426
2023-05-14 16:00:00+00:00,0.452766,0.454395,0.456018,0.457839,0.459989,0.462128,0.467476,0.47275,0.477946,0.484346,0.491064
2023-05-14 17:00:00+00:00,0.429787,0.438611,0.447707,0.45673,0.468397,0.48,0.480341,0.480682,0.481022,0.481362,0.481702
2023-05-14 18:00:00+00:00,0.331064,0.33937,0.347694,0.356035,0.364392,0.372766,0.411974,0.433923,0.454611,0.480882,0.517447
2023-05-14 19:00:00+00:00,0.314043,0.319981,0.325929,0.331886,0.337853,0.34383,0.412417,0.438412,0.465363,0.501866,0.561702
2023-05-14 20:00:00+00:00,0.189787,0.21105,0.232512,0.254152,0.27593,0.297872,0.415436,0.449989,0.494547,0.572258,0.645106
2023-05-14 21:00:00+00:00,0.177872,0.187154,0.196477,0.205839,0.215241,0.224681,0.410851,0.451759,0.506493,0.604303,0.676596
2023-05-14 22:00:00+00:00,0.146383,0.153144,0.159929,0.166738,0.17357,0.180426,0.37398,0.418868,0.445694,0.476513,0.524255
2023-05-14 23:00:00+00:00,0.0604257,0.121943,0.179601,0.238493,0.298682,0.36,0.412201,0.435959,0.45904,0.490458,0.537872
2023-05-31 00:00:00+00:00,-0.120961,-0.120961,-0.120961,-0.120961,-0.120961,-0.120961,-0.120961,-0.120961,-0.0974907,0.0186792,0.145549
2023-05-31 01:00:00+00:00,-0.11676,-0.11676,-0.11676,-0.11676,-0.11676,-0.11676,-0.11676,-0.11676,-0.0842556,0.0815438,0.278565
2023-05-31 02:00:00+00:00,-0.0281498,0.0497524,0.0813167,0.10541,0.145178,0.194256,0.233206,0.240815,0.294187,0.414969,0.46167
2023-05-31 03:00:00+00:00,0.398409,0.406741,0.413674,0.419001,0.430025,0.443722,0.450779,0.451071,0.455503,0.47398,0.491026
2023-05-31 04:00:00+00:00,0.581498,0.587799,0.592232,0.59633,0.601706,0.607664,0.61104,0.611272,0.613756,0.62396,0.633957
2023-05-31 05:00:00+00:00,0.66795,0.66795,0.66795,0.66795,0.66795,0.66795,0.66795,0.66795,0.66795,0.66795,0.66795
2023-05-31 06:00:00+00:00,0.670459,0.670459,0.670459,0.670459,0.670459,0.670459,0.670459,0.670459,0.670459,0.670459,0.670459
2023-05-31 07:00:00+00:00,0.668404,0.668404,0.668404,0.668404,0.668404,0.668404,0.668404,0.668404,0.668404,0.668404,0.668404
2023-05-31 08:00:00+00:00,0.663321,0.663405,0.664653,0.666042,0.667654,0.669372,0.670322,0.670322,0.670322,0.670322,0.670322
2023-05-31 09:00:00+00:00,0.589387,0.591874,0.595529,0.5993,0.601067,0.601843,0.60296,0.604504,0.606414,0.60961,0.612782
2023-05-31 10:00:00+00:00,0.527901,0.532094,0.535474,0.538732,0.541295,0.543509,0.545165,0.546134,0.547635,0.551615,0.555562
2023-05-31 11:00:00+00:00,0.479368,0.480642,0.481826,0.482998,0.48679,0.491874,0.495775,0.498261,0.501137,0.505379,0.509598
2023-05-31 12:00:00+00:00,0.452623,0.453916,0.454303,0.454577,0.459412,0.466524,0.473152,0.479315,0.484684,0.487343,0.489995
2023-05-31 13:00:00+00:00,0.433163,0.433188,0.435067,0.437179,0.444721,0.454376,0.461536,0.465569,0.469517,0.472871,0.476195
2023-05-31 14:00:00+00:00,0.440676,0.445175,0.445817,0.44599,0.454219,0.466476,0.473147,0.473576,0.474115,0.475038,0.475961
2023-05-31 15:00:00+00:00,0.468674,0.470285,0.472205,0.474176,0.479724,0.487033,0.492212,0.494766,0.498201,0.504497,0.510743
2023-05-31 16:00:00+00:00,0.492195,0.494637,0.497126,0.49963,0.501896,0.504041,0.505652,0.506602,0.507371,0.507512,0.507653
2023-05-31 17:00:00+00:00,0.415193,0.427529,0.437719,0.447021,0.457935,0.469849,0.477209,0.480253,0.497787,0.568133,0.667703
2023-05-31 18:00:00+00:00,0.17108,0.227941,0.254585,0.276412,0.301716,0.328915,0.348097,0.354152,0.413081,0.526331,0.663758
2023-05-31 19:00:00+00:00,-0.0625888,-0.0618398,-0.0448067,-0.0252258,0.0312219,0.108603,0.165369,0.197853,0.245443,0.30853,0.357883
2023-05-31 20:00:00+00:00,-0.107162,-0.100071,-0.0258205,0.0655725,0.107906,0.124641,0.143023,0.163463,0.215983,0.376433,0.438353
2023-05-31 21:00:00+00:00,-0.096745,-0.074193,-0.0192267,0.0440171,0.103786,0.160116,0.201555,0.226433,0.256321,0.303411,0.348509
2023-05-31 22:00:00+00:00,-0.11676,-0.11676,-0.0585358,0.0129587,0.0906123,0.167435,0.225483,0.246007,0.266195,0.284731,0.303399
2023-05-31 23:00:00+00:00,-0.122956,-0.122956,-0.0148015,0.122266,0.168674,0.168692,0.169822,0.172347,0.183101,0.231219,0.285435
2023-06-06 00:00:00+00:00,-0.11992,-0.0925503,-0.077962,-0.0683283,0.0117893,0.129336,0.215419,0.279621,0.338455,0.363108,0.383659
2023-06-06 01:00:00+00:00,-0.0233752,-0.00622853,0.044387,0.110361,0.138211,0.147287,0.187062,0.292606,0.392341,0.447654,0.491434
2023-06-06 02:00:00+00:00,0.165316,0.246049,0.258007,0.263207,0.286048,0.320347,0.355524,0.388371,0.427983,0.516889,0.639149
2023-06-06 03:00:00+00:00,0.49617,0.581785,0.596466,0.596705,0.597591,0.598801,0.607788,0.626068,0.649598,0.679974,0.706412
2023-06-06 04:00:00+00:00,0.711126,0.715646,0.720089,0.724493,0.746596,0.777122,0.800058,0.814531,0.834384,0.868029,1.21277
2023-06-06 05:00:00+00:00,0.859554,0.882204,0.902154,0.923732,1.21277,1.21277,1.21277,1.21277,1.21277,1.21277,1.21277
2023-06-06 06:00:00+00:00,1.21277,1.21277,1.21277,1.21277,1.21277,1.21277,1.21277,1.21277,1.21277,1.21277,1.21277
2023-06-06 07:00:00+00:00,0.856917,0.862819,0.869439,0.873986,0.884575,0.901967,0.913768,0.930055,1.19388,1.21277,1.21277
2023-06-06 08:00:00+00:00,0.760879,0.762382,0.763278,0.764098,0.770861,0.776494,0.780903,0.783961,0.78782,0.789297,0.791131
2023-06-06 09:00:00+00:00,0.680036,0.68181,0.686599,0.690807,0.693278,0.696155,0.698183,0.699149,0.701581,0.711086,0.719444
2023-06-06 10:00:00+00:00,0.600197,0.606255,0.607504,0.608215,0.608476,0.608687,0.61207,0.618355,0.624327,0.626983,0.631765
2023-06-06 11:00:00+00:00,0.550419,0.550638,0.551664,0.55321,0.55477,0.555061,0.556532,0.557564,0.561182,0.568326,0.57632
2023-06-06 12:00:00+00:00,0.505968,0.509787,0.517874,0.52766,0.530897,0.531454,0.531776,0.531804,0.532875,0.538021,0.542318
2023-06-06 13:00:00+00:00,0.483194,0.484892,0.492766,0.503251,0.509787,0.514043,0.51834,0.52464,0.531915,0.544681,0.561346
2023-06-06 14:00:00+00:00,0.492766,0.492766,0.493109,0.493455,0.495398,0.498723,0.50383,0.508392,0.52,0.562123,0.631489
2023-06-06 15:00:00+00:00,0.501277,0.501371,0.502324,0.503382,0.505532,0.507282,0.51234,0.518849,0.532701,0.57249,0.638662
2023-06-06 16:00:00+00:00,0.517447,0.517447,0.517447,0.517447,0.52,0.524255,0.52766,0.530706,0.540426,0.579269,0.639149
2023-06-06 17:00:00+00:00,0.427214,0.44445,0.449305,0.451488,0.45814,0.465323,0.475745,0.485212,0.494261,0.498717,0.504025
2023-06-06 18:00:00+00:00,0.120814,0.147987,0.165096,0.17737,0.182738,0.184471,0.187851,0.1928,0.201705,0.213578,0.223239
2023-06-06 19:00:00+00:00,0.00510234,0.0153423,0.0261494,0.0433912,0.0776517,0.114464,0.137406,0.140278,0.147982,0.175436,0.200502
2023-06-06 20:00:00+00:00,-0.148596,-0.14339,-0.121499,-0.0944817,-0.0229278,0.0594449,0.125276,0.157079,0.179528,0.181031,0.181578
2023-06-06 21:00:00+00:00,-0.289949,-0.263396,-0.251887,-0.242354,-0.236976,-0.234608,-0.18958,-0.0970402,0.00079377,0.0966935,0.183801
2023-06-06 22:00:00+00:00,-0.296873,-0.251417,-0.156073,-0.0572941,0.0146326,0.0748433,0.111258,0.115102,0.132144,0.180105,0.237065
2023-06-06 23:00:00+00:00,-0.0326743,-0.00030861,0.0279807,0.070158,0.0915217,0.102375,0.110298,0.114297,0.123763,0.146724,0.169753
2023-06-07 11:00:00+00:00,0.489525,0.477121,0.461774,0.447522,0.43645,0.495632,0.552426,0.563753,0.571098,0.574563,0.575009
2023-06-07 12:00:00+00:00,0.46753,0.452824,0.44267,0.434333,0.427076,0.469414,0.512937,0.519442,0.526626,0.533934,0.541758
2023-06-07 13:00:00+00:00,0.453156,0.439332,0.434984,0.43115,0.424969,0.463592,0.505269,0.506261,0.507241,0.510539,0.515444
2023-06-07 14:00:00+00:00,0.465038,0.454717,0.440776,0.430746,0.427042,0.468558,0.508143,0.512838,0.515961,0.517541,0.518141
2023-06-07 15:00:00+00:00,0.471441,0.462502,0.447622,0.436662,0.433156,0.473905,0.512331,0.515616,0.516935,0.521366,0.527727
2023-06-07 16:00:00+00:00,0.469345,0.463481,0.451073,0.440112,0.433985,0.459596,0.484897,0.491902,0.5024,0.512953,0.522939
2023-06-07 17:00:00+00:00,0.385499,0.371846,0.352359,0.337534,0.333434,0.368781,0.403528,0.405606,0.409474,0.419129,0.431634
2023-06-07 18:00:00+00:00,0.123758,0.111609,0.108057,0.103957,0.0975282,0.158028,0.216334,0.22794,0.240355,0.256739,0.276939
2023-06-07 19:00:00+00:00,-0.0737619,-0.088806,-0.0978592,-0.108953,-0.12376,-0.0599631,0.00100684,0.0360283,0.0826487,0.120711,0.149973
2023-06-07 20:00:00+00:00,-0.189446,-0.216691,-0.253168,-0.280601,-0.296674,-0.203809,-0.116033,-0.0918852,-0.0581858,-0.0114025,0.0472132
2023-06-07 21:00:00+00:00,-0.316583,-0.343858,-0.351404,-0.36159,-0.391779,-0.29889,-0.208971,-0.140008,-0.0560772,-0.00361566,0.0216489
2023-06-07 22:00:00+00:00,-0.315971,-0.344152,-0.352564,-0.366422,-0.403069,-0.330788,-0.234329,-0.232228,-0.212874,-0.127479,0.0106399
2023-06-07 23:00:00+00:00,-0.203983,-0.22101,-0.229849,-0.249454,-0.293429,-0.21947,-0.130243,-0.0891181,-0.0323972,0.0216663,0.0764845
2023-06-08 00:00:00+00:00,-0.00179021,-0.00930391,-0.0203417,-0.0392273,-0.0680811,0.0541655,0.176674,0.216503,0.274507,0.351947,0.412446
2023-06-08 01:00:00+00:00,0.261334,0.240247,0.220571,0.195726,0.166687,0.272196,0.382082,0.399128,0.41071,0.41582,0.417022
2023-06-08 02:00:00+00:00,0.462391,0.440266,0.416618,0.371044,0.271197,0.366098,0.524938,0.530059,0.533254,0.534695,0.534755
2023-06-08 03:00:00+00:00,0.556091,0.526297,0.501356,0.475859,0.448085,0.550859,0.666594,0.672424,0.679953,0.684241,0.68551
2023-06-08 04:00:00+00:00,0.643376,0.617436,0.598489,0.587072,0.583858,0.663304,0.742811,0.743574,0.744569,0.745558,0.746557
2023-06-08 05:00:00+00:00,0.729238,0.727339,0.723974,0.721435,0.720034,0.732448,0.744876,0.746202,0.748185,0.751826,0.75688
2023-06-08 06:00:00+00:00,0.722071,0.716924,0.708016,0.69955,0.692896,0.739698,0.786102,0.790087,0.792043,0.799721,0.813737
2023-06-08 07:00:00+00:00,0.680464,0.675895,0.669676,0.659978,0.645643,0.707702,0.772353,0.779999,0.785082,0.789603,0.793515
2023-06-08 08:00:00+00:00,0.613699,0.602349,0.599357,0.589934,0.571122,0.651026,0.732351,0.742604,0.745338,0.748613,0.75232
2023-06-08 09:00:00+00:00,0.562054,0.547239,0.53908,0.529759,0.517072,0.594877,0.670095,0.682784,0.688314,0.693595,0.699076
2023-06-08 10:00:00+00:00,0.514104,0.502497,0.497704,0.490512,0.476774,0.541207,0.603436,0.619891,0.63156,0.643466,0.656345
2023-06-08 11:00:00+00:00,0.541064,0.557265,0.566636,0.569958,0.570213,0.574893,0.586043,0.595915,0.603149,0.608511,0.608511
2023-06-08 12:00:00+00:00,0.515532,0.524255,0.534571,0.540596,0.542681,0.546596,0.550127,0.561702,0.56766,0.56783,0.570213
2023-06-08 13:00:00+00:00,0.500852,0.507234,0.509447,0.514894,0.525958,0.530213,0.533447,0.537872,0.538212,0.540426,0.551489
2023-06-08 14:00:00+00:00,0.496383,0.498723,0.50383,0.509787,0.517404,0.522553,0.526043,0.529,0.538,0.538723,0.540426
2023-06-08 15:00:00+00:00,0.50149,0.508889,0.517447,0.518766,0.522553,0.525958,0.527405,0.529362,0.535447,0.553191,0.568511
2023-06-08 16:00:00+00:00,0.518298,0.528511,0.534725,0.53817,0.541745,0.543298,0.544085,0.545532,0.547447,0.54917,0.557447
2023-06-08 17:00:00+00:00,0.398298,0.408426,0.418149,0.427219,0.432341,0.434788,0.437107,0.443404,0.459703,0.516596,0.570213
2023-06-08 18:00:00+00:00,0.152354,0.157936,0.165773,0.17794,0.19234,0.230791,0.252814,0.299544,0.304218,0.329833,0.46383
2023-06-08 19:00:00+00:00,-0.0889361,-0.0885106,-0.0874893,-0.0781377,-0.0652562,-0.0584894,-0.024326,0.0715092,0.185405,0.267164,0.457021
2023-06-08 20:00:00+00:00,-0.248412,-0.226832,-0.19403,-0.152116,-0.0765861,-0.0169475,0.0212954,0.105898,0.177803,0.216448,0.411915
2023-06-08 21:00:00+00:00,-0.193433,-0.14251,-0.122396,-0.0917609,-0.0440987,-0.0165593,0.0155398,0.0445599,0.0723859,0.0868938,0.189787
2023-06-08 22:00:00+00:00,-0.249629,-0.209248,-0.164033,-0.117858,-0.0608443,-0.0161628,0.0682422,0.0973813,0.130419,0.241244,0.246809
2023-06-08 23:00:00+00:00,-0.198524,-0.0965949,0.00566182,0.0207235,0.0217023,0.0238299,0.0247377,0.0491698,0.165958,0.166071,0.168511
2023-06-09 00:00:00+00:00,-0.164753,-0.140898,-0.081135,0.0107467,0.0580716,0.0850591,0.133277,0.205993,0.324723,0.374729,0.537872
2023-06-09 01:00:00+00:00,0.0115336,0.0311296,0.0920953,0.165404,0.18184,0.230417,0.258871,0.356861,0.413617,0.457021,0.497021
2023-06-09 02:00:00+00:00,0.220288,0.254835,0.274148,0.300299,0.399523,0.490319,0.555944,0.572314,0.614,0.627301,0.694468
2023-06-09 03:00:00+00:00,0.494042,0.544149,0.563064,0.589468,0.622596,0.647447,0.697191,0.742341,0.77634,0.789787,0.830638
2023-06-09 04:00:00+00:00,0.643405,0.666192,0.691915,0.718571,0.736182,0.771383,0.797047,0.820139,0.838173,0.887312,0.897021
2023-06-09 05:00:00+00:00,0.770639,0.774213,0.776851,0.780742,0.790003,0.80067,0.816,0.828851,0.832873,0.844861,0.875745
2023-06-09 06:00:00+00:00,0.777695,0.784461,0.797722,0.808809,0.814316,0.824727,0.833303,0.851358,0.879642,0.888468,0.902128
2023-06-09 07:00:00+00:00,0.723404,0.740256,0.756085,0.772255,0.777194,0.791424,0.824082,0.831084,0.849548,0.851957,0.852766
2023-06-09 08:00:00+00:00,0.671489,0.690851,0.714553,0.728426,0.739234,0.747234,0.768594,0.772553,0.777532,0.783128,0.787234
2023-06-09 09:00:00+00:00,0.621278,0.653834,0.671489,0.68435,0.687073,0.69,0.695248,0.703397,0.709106,0.724446,0.729362
2023-06-09 10:00:00+00:00,0.581702,0.596724,0.604936,0.616836,0.627489,0.629064,0.633021,0.639149,0.648954,0.652318,0.67149
2023-06-09 11:00:00+00:00,0.546427,0.560737,0.574895,0.590797,0.60921,0.626828,0.631273,0.635913,0.640685,0.645395,0.650042
2023-06-09 12:00:00+00:00,0.495855,0.509821,0.523456,0.536383,0.549606,0.566563,0.570759,0.57491,0.579016,0.583116,0.588755
2023-06-09 13:00:00+00:00,0.466271,0.479284,0.492038,0.504643,0.517049,0.528966,0.533442,0.537874,0.542259,0.546595,0.552338
2023-06-09 14:00:00+00:00,0.436657,0.452552,0.468109,0.482708,0.497113,0.511301,0.516833,0.522296,0.52755,0.532748,0.537887
2023-06-10 11:00:00+00:00,0.537464,0.539438,0.550361,0.565361,0.578461,0.593461,0.603782,0.606533,0.611586,0.624489,0.637334
2023-06-10 12:00:00+00:00,0.514981,0.523832,0.528172,0.531956,0.542031,0.557953,0.569878,0.574824,0.581331,0.597392,0.613512
2023-06-10 13:00:00+00:00,0.489132,0.50464,0.511279,0.516761,0.522685,0.528639,0.535995,0.545032,0.557364,0.573114,0.590377
2023-06-10 14:00:00+00:00,0.483491,0.496784,0.503537,0.509394,0.512661,0.514645,0.5216,0.534133,0.546184,0.561475,0.576638
2023-06-10 15:00:00+00:00,0.50981,0.522443,0.524657,0.525633,0.526992,0.52854,0.534007,0.5442,0.556415,0.567872,0.579015
2023-06-10 16:00:00+00:00,0.529468,0.538633,0.540295,0.541032,0.544323,0.549491,0.556202,0.56338,0.570178,0.575965,0.581664
2023-06-10 17:00:00+00:00,0.459494,0.466312,0.468165,0.469398,0.47175,0.47466,0.478119,0.482259,0.490365,0.51263,0.53392
2023-06-10 18:00:00+00:00,0.172318,0.180721,0.187614,0.194342,0.225722,0.270971,0.300224,0.308688,0.315876,0.318523,0.321172
2023-06-10 19:00:00+00:00,-0.091307,-0.0887907,-0.0131117,0.0804636,0.11516,0.12112,0.143708,0.188081,0.232769,0.238305,0.243853
2023-06-10 20:00:00+00:00,-0.19953,-0.18581,-0.156563,-0.124124,-0.0988088,-0.0770891,-0.0570616,-0.0395182,-0.0107881,0.0585424,0.128628
2023-06-10 21:00:00+00:00,-0.241669,-0.203911,-0.191311,-0.181917,-0.175576,-0.170784,-0.1354,-0.0553411,0.0158494,0.0259577,0.0361685
2023-06-10 22:00:00+00:00,-0.3412,-0.315108,-0.268549,-0.204428,-0.148121,-0.0958942,-0.0477086,-0.00716884,0.0300575,0.0497396,0.0697874
2023-06-10 23:00:00+00:00,-0.34546,-0.311065,-0.28825,-0.262803,-0.23789,-0.213369,-0.168924,-0.0952833,-0.0311268,-0.0271847,-0.0232244
2023-06-11 00:00:00+00:00,-0.28258,-0.263973,-0.253085,-0.24301,-0.205711,-0.150088,-0.0999522,-0.0599377,-0.0237444,-0.00786731,0.00829142
2023-06-11 01:00:00+00:00,0.088834,0.110507,0.129469,0.148326,0.164273,0.178798,0.191884,0.204612,0.231504,0.301756,0.358218
2023-06-11 02:00:00+00:00,0.19303,0.261396,0.348046,0.388364,0.412426,0.421872,0.435178,0.452071,0.469927,0.491307,0.512833
2023-06-11 03:00:00+00:00,0.374485,0.389249,0.393482,0.396393,0.4793,0.581725,0.669266,0.679577,0.695971,0.730738,0.761702
2023-06-11 04:00:00+00:00,0.675304,0.677596,0.680132,0.682677,0.726273,0.778582,0.800576,0.800717,0.802248,0.809257,0.81617
2023-06-11 05:00:00+00:00,0.790476,0.793693,0.794681,0.795392,0.797289,0.799716,0.819672,0.857004,0.88737,0.902088,0.916261
2023-06-11 06:00:00+00:00,0.797407,0.805446,0.823565,0.839963,0.845358,0.845439,0.8489,0.856491,0.863489,0.86877,0.873987
2023-06-11 07:00:00+00:00,0.764186,0.780459,0.790612,0.799278,0.812337,0.817904,0.824746,0.833136,0.842458,0.855275,0.867733
2023-06-11 08:00:00+00:00,0.724546,0.726885,0.731875,0.737039,0.748836,0.763251,0.776821,0.78955,0.798664,0.800009,0.804166
2023-06-11 09:00:00+00:00,0.667346,0.675159,0.684822,0.694119,0.698585,0.700816,0.702062,0.702099,0.707533,0.730147,0.751135
2023-06-11 10:00:00+00:00,0.592941,0.613877,0.616335,0.616556,0.626794,0.642361,0.651959,0.653963,0.660559,0.682269,0.701708
2023-06-11 11:00:00+00:00,0.490213,0.493021,0.51192,0.530213,0.548409,0.568891,0.586723,0.595149,0.604,0.611362,0.619574
2023-06-11 12:00:00+00:00,0.461915,0.467511,0.480851,0.493019,0.512341,0.531915,0.547403,0.558,0.569115,0.574851,0.582128
2023-06-11 13:00:00+00:00,0.439575,0.443149,0.460426,0.478298,0.494684,0.514606,0.525958,0.529724,0.53467,0.546553,0.561702
2023-06-11 14:00:00+00:00,0.428936,0.440638,0.456522,0.47234,0.488214,0.506284,0.516511,0.517447,0.523404,0.542898,0.566809
2023-06-11 15:00:00+00:00,0.454468,0.471532,0.491489,0.51532,0.523404,0.525466,0.526336,0.52766,0.533022,0.554171,0.582979
2023-06-11 16:00:00+00:00,0.481894,0.496913,0.51583,0.533617,0.540426,0.540958,0.548249,0.564915,0.583016,0.587005,0.591489
2023-06-11 17:00:00+00:00,0.457021,0.462176,0.468085,0.474145,0.476979,0.477447,0.486809,0.510707,0.529739,0.531466,0.533617
2023-06-11 18:00:00+00:00,0.225548,0.233262,0.258447,0.290575,0.320603,0.347296,0.363065,0.37513,0.387472,0.404353,0.416245
2023-06-11 19:00:00+00:00,5.867e-05,0.044129,0.0784276,0.106744,0.117994,0.123553,0.131512,0.140595,0.158213,0.197362,0.254468
2023-06-11 20:00:00+00:00,-0.132865,-0.0786157,-0.0558204,-0.0324477,-0.0022406,0.0339425,0.074699,0.103699,0.126974,0.140401,0.153192
2023-06-11 21:00:00+00:00,-0.328971,-0.289598,-0.287289,-0.286873,-0.27531,-0.256079,-0.16025,0.0312763,0.189702,0.210934,0.230638
2023-06-11 22:00:00+00:00,-0.320785,-0.296421,-0.258914,-0.226808,-0.13331,-0.00653872,0.109676,0.203882,0.306384,0.337782,0.363704
2023-06-11 23:00:00+00:00,-0.226302,-0.131866,-0.082004,-0.0399698,-0.0117569,0.00744954,0.030383,0.0705533,0.10714,0.14533,0.181277
2023-06-12 00:00:00+00:00,-0.200397,-0.175707,-0.0492318,0.0970342,0.160326,0.181881,0.193239,0.195753,0.217653,0.295724,0.363404
2023-06-12 01:00:00+00:00,-0.0956312,-0.0810758,-0.0193231,0.0361274,0.0966393,0.141603,0.182466,0.231769,0.360639,0.473511,0.551489
2023-06-12 02:00:00+00:00,0.102437,0.14067,0.25805,0.385009,0.422979,0.449953,0.46957,0.48153,0.497237,0.534608,0.578723
2023-06-12 03:00:00+00:00,0.4196,0.445106,0.460426,0.473192,0.49617,0.527021,0.556687,0.597789,0.639977,0.645934,0.650213
2023-06-12 04:00:00+00:00,0.668915,0.675156,0.686427,0.694767,0.704623,0.714032,0.726979,0.745872,0.770172,0.810757,0.889156
2023-06-12 05:00:00+00:00,0.798183,0.801431,0.805901,0.809759,0.812809,0.813972,0.821168,0.838878,0.861465,1.15899,1.21277
2023-06-12 06:00:00+00:00,0.774736,0.779178,0.791149,0.804085,0.814128,0.822006,0.835575,0.856045,0.874967,0.879179,0.885106
2023-06-12 07:00:00+00:00,0.734218,0.734443,0.741617,0.749106,0.759585,0.775557,0.794037,0.821491,0.852267,0.853923,0.85617
2023-06-12 08:00:00+00:00,0.671767,0.677475,0.69162,0.705874,0.719367,0.731911,0.744511,0.75817,0.773787,0.78902,0.805957
2023-06-12 09:00:00+00:00,0.608249,0.609873,0.624884,0.640438,0.666696,0.690659,0.702979,0.704787,0.705787,0.706936,0.708085
2023-06-12 10:00:00+00:00,0.542128,0.544681,0.556703,0.572845,0.596125,0.625029,0.642742,0.647435,0.651949,0.654697,0.658723
2023-06-14 11:00:00+00:00,0.51234,0.528151,0.533617,0.537021,0.546255,0.561702,0.574468,0.585958,0.59566,0.599106,0.603404
2023-06-14 12:00:00+00:00,0.482553,0.503476,0.512909,0.520036,0.530213,0.540532,0.548936,0.55349,0.559064,0.56401,0.570213
2023-06-14 13:00:00+00:00,0.449851,0.461277,0.475821,0.488636,0.504894,0.52,0.530553,0.534723,0.538,0.538574,0.538723
2023-06-14 14:00:00+00:00,0.462979,0.478298,0.48623,0.493579,0.500937,0.507234,0.51234,0.515745,0.52,0.530213,0.540426
2023-06-14 15:00:00+00:00,0.48733,0.496904,0.499518,0.501277,0.508423,0.517419,0.523403,0.52457,0.528511,0.540083,0.552341
2023-06-14 16:00:00+00:00,0.516798,0.529086,0.535386,0.540426,0.542468,0.543617,0.544085,0.544766,0.545532,0.547445,0.548936
2023-06-14 17:00:00+00:00,0.438936,0.441255,0.442553,0.443404,0.457057,0.477156,0.490221,0.501729,0.517277,0.54504,0.58383
2023-06-14 18:00:00+00:00,0.264768,0.299913,0.306281,0.308272,0.320695,0.337391,0.355023,0.373436,0.388751,0.404789,0.41646
2023-06-14 19:00:00+00:00,0.0295966,0.0705648,0.0908274,0.106859,0.134383,0.165879,0.187466,0.207874,0.246551,0.343055,0.396157
2023-06-14 20:00:00+00:00,-0.0826591,-0.0303447,-0.0198717,-0.0163985,-0.00805188,0.00255118,0.0258093,0.0845035,0.142092,0.226399,0.327975
2023-06-14 21:00:00+00:00,-0.16198,-0.152818,-0.150098,-0.147879,-0.104761,-0.0404935,0.0020635,0.0155313,0.028336,0.055727,0.079149
2023-06-14 22:00:00+00:00,-0.225861,-0.220105,-0.175641,-0.134513,-0.0716673,0.00081176,0.0662183,0.128055,0.176494,0.19284,0.222128
2023-06-14 23:00:00+00:00,-0.0892922,-0.0101703,0.00665772,0.0184341,0.0244436,0.0294594,0.0434737,0.0661795,0.0880083,0.113304,0.138724
2023-06-15 00:00:00+00:00,-0.210798,-0.193411,-0.16956,-0.145867,-0.12049,-0.0900865,-0.0197946,0.0875033,0.205405,0.386858,0.438298
2023-06-15 01:00:00+00:00,-0.0105011,-3.443e-05,0.00818685,0.0183436,0.0226635,0.0267539,0.0447093,0.0811523,0.141492,0.318037,0.413617
2023-06-15 02:00:00+00:00,0.110357,0.111932,0.188471,0.30167,0.404058,0.445252,0.468372,0.472731,0.485616,0.531915,0.59234
2023-06-15 03:00:00+00:00,0.461489,0.525958,0.545532,0.562553,0.57251,0.579149,0.58461,0.586364,0.592004,0.608412,0.627234
2023-06-15 04:00:00+00:00,0.665106,0.688745,0.695643,0.702228,0.710427,0.717922,0.729459,0.745418,0.761589,0.787693,0.815891
2023-06-15 05:00:00+00:00,0.79216,0.796973,0.800567,0.805131,0.811809,0.82267,0.831149,0.838468,0.850906,0.895464,1.21277
2023-06-15 06:00:00+00:00,0.776741,0.777254,0.778824,0.780763,0.794996,0.815418,0.833306,0.840354,0.850885,0.86909,0.901277
2023-06-15 07:00:00+00:00,0.733624,0.73671,0.747234,0.758511,0.779054,0.804678,0.82407,0.826098,0.831489,0.850213,0.869787
2023-06-15 08:00:00+00:00,0.691874,0.699486,0.702979,0.705745,0.724085,0.751489,0.768538,0.770724,0.773192,0.779925,0.788085
2023-06-15 09:00:00+00:00,0.613617,0.626747,0.638782,0.649995,0.667489,0.685531,0.694468,0.696383,0.700384,0.715087,0.729362
2023-06-15 10:00:00+00:00,0.562553,0.566238,0.574125,0.583957,0.591607,0.596809,0.607385,0.624724,0.64017,0.657915,0.67149
2023-06-15 11:00:00+00:00,0.548857,0.558651,0.563404,0.56628,0.574301,0.584901,0.592803,0.596596,0.603449,0.61214,0.622979
2023-06-15 12:00:00+00:00,0.516808,0.522106,0.530298,0.540387,0.546808,0.551915,0.558971,0.566812,0.576627,0.582356,0.588085
2023-06-15 13:00:00+00:00,0.495884,0.497021,0.508681,0.519617,0.524851,0.525532,0.531915,0.544681,0.559016,0.570608,0.587294
2023-06-15 14:00:00+00:00,0.496121,0.499021,0.511149,0.523319,0.532766,0.541277,0.546638,0.547213,0.550638,0.565704,0.584182
2023-06-15 15:00:00+00:00,0.515318,0.515745,0.526554,0.538723,0.545915,0.551595,0.556,0.560851,0.568511,0.598274,0.63749
2023-06-15 16:00:00+00:00,0.527234,0.535319,0.545277,0.556745,0.562553,0.563404,0.565957,0.571107,0.585229,0.630811,0.68208
2023-06-15 17:00:00+00:00,0.486383,0.487507,0.490243,0.494426,0.510257,0.529362,0.546189,0.561883,0.57626,0.584324,0.592388
2023-06-15 18:00:00+00:00,0.305337,0.332478,0.378753,0.403216,0.41346,0.420568,0.424945,0.427296,0.428936,0.431364,0.433192
2023-06-15 19:00:00+00:00,0.0434024,0.0893384,0.105847,0.116427,0.126974,0.133725,0.140261,0.14561,0.157903,0.181405,0.208511
2023-06-15 20:00:00+00:00,-0.0314892,-0.0314892,0.035813,0.128869,0.166089,0.182286,0.193429,0.20606,0.228393,0.293339,0.352545
2023-06-15 21:00:00+00:00,-0.142127,-0.141361,-0.138544,-0.13562,-0.0953578,-0.0297196,0.0292576,0.115004,0.176254,0.191598,0.218724
2023-06-15 22:00:00+00:00,-0.0987862,-0.0325972,-0.0053553,0.0185972,0.0363109,0.0591191,0.0932811,0.140381,0.178127,0.194378,0.222979
2023-06-15 23:00:00+00:00,0.0539283,0.0760283,0.106598,0.136799,0.146979,0.149574,0.155532,0.163106,0.16977,0.184699,0.203549
2023-06-16 00:00:00+00:00,-0.0299023,0.00201043,0.0036686,0.00396594,0.0264501,0.0722936,0.100369,0.108803,0.115745,0.121484,0.126809
2023-06-16 01:00:00+00:00,0.152487,0.164413,0.165475,0.166355,0.178601,0.192034,0.223913,0.257985,0.314507,0.385784,0.414574
2023-06-16 02:00:00+00:00,0.422128,0.447951,0.487281,0.526914,0.540523,0.542597,0.54881,0.560054,0.570213,0.57914,0.589787
2023-06-16 03:00:00+00:00,0.525958,0.542,0.552936,0.563404,0.582568,0.608334,0.638187,0.669761,0.693087,0.707726,0.723404
2023-06-16 04:00:00+00:00,0.694043,0.706085,0.71822,0.731855,0.74739,0.761867,0.7868,0.824582,0.927114,1.21277,1.21277
2023-06-16 05:00:00+00:00,0.797022,0.829437,0.839913,0.849256,0.857141,0.869352,0.880088,0.897252,1.21277,1.21277,1.21277
2023-06-16 06:00:00+00:00,0.79747,0.839367,0.85034,0.854213,0.863717,0.87991,0.899153,0.901827,1.16677,1.21277,1.21277
2023-06-16 07:00:00+00:00,0.801307,0.823886,0.826747,0.827157,0.830121,0.83316,0.838092,0.842933,0.84995,0.858969,0.87149
2023-06-16 08:00:00+00:00,0.734687,0.736724,0.747783,0.759677,0.76471,0.766856,0.771562,0.77832,0.785418,0.791035,0.796596
2023-06-16 09:00:00+00:00,0.671953,0.675366,0.686206,0.694808,0.699319,0.70149,0.710872,0.725752,0.740945,0.748654,0.756596
2023-06-16 10:00:00+00:00,0.595244,0.595558,0.598266,0.60351,0.610077,0.619235,0.637595,0.667097,0.687437,0.691209,0.693779
2023-06-17 11:00:00+00:00,0.53617,0.547897,0.550978,0.552425,0.555745,0.560957,0.571211,0.595479,0.617836,0.62297,0.627234
2023-06-17 12:00:00+00:00,0.503192,0.513808,0.520851,0.52766,0.532638,0.535638,0.546901,0.572321,0.600408,0.602471,0.604255
2023-06-17 13:00:00+00:00,0.483191,0.498723,0.500766,0.501149,0.505277,0.508958,0.522553,0.548407,0.574814,0.584033,0.593252
2023-06-17 14:00:00+00:00,0.483404,0.500098,0.505447,0.506544,0.510681,0.515745,0.526384,0.544255,0.563524,0.582577,0.604978
2023-06-17 15:00:00+00:00,0.494042,0.515688,0.519745,0.523404,0.525788,0.52766,0.538723,0.562553,0.593795,0.632851,0.674111
2023-06-17 16:00:00+00:00,0.512766,0.542128,0.546483,0.547234,0.548768,0.548886,0.555745,0.572766,0.604064,0.675948,0.746288
2023-06-17 17:00:00+00:00,0.445305,0.445484,0.452664,0.460426,0.468936,0.478936,0.488511,0.502979,0.521111,0.555898,0.610279
2023-06-17 18:00:00+00:00,0.268997,0.269817,0.272053,0.273923,0.277369,0.279026,0.357606,0.42427,0.457866,0.475931,0.490668
2023-06-17 19:00:00+00:00,0.0690307,0.0789603,0.10528,0.130989,0.14815,0.164415,0.174326,0.180995,0.194341,0.258164,0.323404
2023-06-17 20:00:00+00:00,-0.0660286,-0.051195,-0.0359297,-0.0233376,-0.00341692,0.0197661,0.0457576,0.0795474,0.130866,0.266918,0.391114
2023-06-17 21:00:00+00:00,-0.259574,-0.241702,-0.225062,-0.200902,-0.166698,-0.12237,-0.0784481,-0.0458532,0.0113424,0.167121,0.343704
2023-06-17 22:00:00+00:00,-0.225842,-0.203734,-0.190293,-0.173724,-0.114579,-0.0232874,0.0195393,0.022298,0.0468803,0.14892,0.250078
2023-06-17 23:00:00+00:00,-0.175717,-0.131335,-0.0953005,-0.063471,-0.0437171,-0.0317495,-0.0127658,0.0194883,0.141017,0.433192,0.519553
2023-06-18 00:00:00+00:00,-0.0468393,-0.0468114,-0.0414131,-0.0321979,-0.0219948,-0.0107317,0.0265954,0.114123,0.194978,0.347773,0.411915
2023-06-18 01:00:00+00:00,-0.0507056,-0.0422765,-0.00113456,0.0410176,0.0990089,0.150006,0.182073,0.19239,0.257037,0.410232,0.458724
2023-06-18 02:00:00+00:00,0.190638,0.283915,0.309468,0.321447,0.407852,0.456651,0.491915,0.521401,0.548687,0.576991,0.617872
2023-06-18 03:00:00+00:00,0.457021,0.481745,0.489362,0.495866,0.521873,0.557022,0.590648,0.604791,0.627146,0.68058,0.728057
2023-06-18 04:00:00+00:00,0.670157,0.684181,0.690946,0.695289,0.698808,0.70149,0.723261,0.767062,0.824618,1.21277,1.21277
2023-06-18 05:00:00+00:00,0.813339,0.821698,0.831984,0.845161,0.849802,0.850558,0.868695,1.21277,1.21277,1.21277,1.21277
2023-06-18 06:00:00+00:00,0.824638,0.834874,0.850673,0.868773,0.877499,0.882329,0.888594,0.894566,1.21277,1.21277,1.21277
2023-06-18 07:00:00+00:00,0.773665,0.776046,0.798975,0.836001,0.855237,0.86107,0.867093,0.868232,0.870766,0.879897,0.898795
2023-06-18 08:00:00+00:00,0.749958,0.771631,0.774781,0.77589,0.776302,0.776499,0.778904,0.785771,0.792646,0.796373,0.799149
2023-06-18 09:00:00+00:00,0.694468,0.695234,0.697021,0.698936,0.705003,0.712046,0.720232,0.731683,0.741327,0.741755,0.743078
2023-06-18 10:00:00+00:00,0.619451,0.625091,0.626405,0.628096,0.631192,0.633618,0.638979,0.64966,0.658417,0.665029,0.669787
2023-06-18 11:00:00+00:00,0.574893,0.577489,0.584511,0.591021,0.593958,0.595107,0.598933,0.608692,0.631309,0.695267,0.760851
2023-06-18 12:00:00+00:00,0.539689,0.540357,0.547234,0.555745,0.560851,0.563217,0.5659,0.568511,0.580851,0.638103,0.697872
2023-06-18 13:00:00+00:00,0.524042,0.52766,0.535319,0.542128,0.544766,0.545532,0.549544,0.557188,0.571075,0.617032,0.67234
2023-06-18 14:00:00+00:00,0.519149,0.533617,0.536085,0.536574,0.538586,0.540328,0.545347,0.555144,0.570213,0.610407,0.661277
2023-06-18 15:00:00+00:00,0.534255,0.535319,0.535319,0.535319,0.54383,0.5588,0.575418,0.596596,0.621025,0.6487,0.674894
2023-06-18 16:00:00+00:00,0.551063,0.552893,0.561021,0.570213,0.573617,0.573617,0.593277,0.645232,0.688703,0.693059,0.697824
2023-06-18 17:00:00+00:00,0.48234,0.491936,0.504085,0.514426,0.521064,0.525958,0.539414,0.566712,0.612221,0.684716,0.754043
2023-06-18 18:00:00+00:00,0.333647,0.359355,0.388134,0.404531,0.427234,0.450851,0.46383,0.463977,0.479149,0.539593,0.635745
2023-06-18 19:00:00+00:00,0.0732367,0.0754941,0.0880752,0.100633,0.123387,0.149485,0.200851,0.315291,0.403361,0.468276,0.524255
2023-06-18 20:00:00+00:00,-0.0434613,-0.00780462,0.018888,0.0454517,0.0777504,0.103543,0.115745,0.115745,0.122749,0.149255,0.17617
2023-06-18 21:00:00+00:00,-0.197966,-0.14985,-0.0738558,0.00553246,0.044158,0.0719266,0.098213,0.122369,0.148596,0.18366,0.228085
2023-06-18 22:00:00+00:00,-0.263532,-0.207591,-0.189722,-0.174175,-0.167472,-0.165683,-0.12834,-0.0293191,0.070078,0.195512,0.353192
2023-06-18 23:00:00+00:00,-0.185584,-0.179527,-0.124221,-0.0549692,-0.025809,-0.0224772,-0.0102126,0.0171633,0.0599785,0.143041,0.224681
2023-06-19 00:00:00+00:00,-0.134832,-0.125674,-0.0989553,-0.0715954,-0.049488,-0.026702,-3.184e-05,0.0352415,0.0874177,0.138602,0.182979
2023-06-19 01:00:00+00:00,-0.165454,-0.147945,-0.0869106,-0.0147223,0.0680092,0.159524,0.22115,0.253766,0.323294,0.415319,0.455319
2023-06-19 02:00:00+00:00,0.230159,0.236302,0.238479,0.23964,0.363284,0.428936,0.451888,0.453617,0.465343,0.508085,0.550638
2023-06-19 03:00:00+00:00,0.496842,0.527515,0.550288,0.577021,0.595494,0.60526,0.612434,0.61889,0.624303,0.625267,0.626383
2023-06-19 04:00:00+00:00,0.718336,0.721362,0.72263,0.723404,0.737815,0.757093,0.772644,0.779068,0.786969,0.797144,0.807564
2023-06-19 05:00:00+00:00,0.801277,0.818979,0.823962,0.826393,0.829506,0.831832,0.845543,0.871192,0.911035,0.922111,0.939689
2023-06-19 06:00:00+00:00,0.808906,0.809262,0.813509,0.816577,0.82475,0.836719,0.850214,0.867442,0.890553,0.906076,0.948936
2023-06-19 07:00:00+00:00,0.73153,0.739861,0.757447,0.777872,0.792,0.802978,0.814979,0.824852,0.838331,0.856422,0.878298
2023-06-19 08:00:00+00:00,0.700927,0.728782,0.738132,0.743895,0.750524,0.756383,0.76199,0.774213,0.784688,0.803871,0.828085
2023-06-19 09:00:00+00:00,0.634267,0.658829,0.681496,0.700161,0.709106,0.710213,0.711534,0.713139,0.716937,0.734213,0.750638
2023-06-19 10:00:00+00:00,0.588511,0.622936,0.629362,0.63303,0.637289,0.640455,0.64928,0.659738,0.669447,0.675575,0.683404
2023-06-20 11:00:00+00:00,0.579558,0.588849,0.590127,0.59051,0.592836,0.596131,0.599864,0.605215,0.609584,0.613728,0.619574
2023-06-20 12:00:00+00:00,0.542949,0.551656,0.555356,0.558827,0.563404,0.569225,0.575326,0.580897,0.585819,0.586952,0.588085
2023-06-20 13:00:00+00:00,0.523404,0.528685,0.53166,0.533617,0.536723,0.540278,0.544681,0.550638,0.555745,0.56099,0.565957
2023-06-20 14:00:00+00:00,0.518298,0.526955,0.530043,0.532936,0.533617,0.533617,0.53617,0.543405,0.551099,0.560851,0.570213
2023-06-20 15:00:00+00:00,0.517447,0.535319,0.540032,0.54266,0.547509,0.554629,0.55944,0.562174,0.565028,0.571697,0.580563
2023-06-20 16:00:00+00:00,0.528937,0.546426,0.550468,0.55134,0.554043,0.558026,0.562553,0.565957,0.575484,0.607718,0.646538
2023-06-20 17:00:00+00:00,0.443619,0.450341,0.457413,0.462979,0.487873,0.522447,0.54383,0.551489,0.558091,0.559185,0.56
2023-06-20 18:00:00+00:00,0.257525,0.298698,0.330149,0.354029,0.369749,0.379526,0.4,0.425508,0.444255,0.457288,0.468936
2023-06-20 19:00:00+00:00,0.0664592,0.0688319,0.0875385,0.10614,0.124154,0.141703,0.174796,0.235321,0.291019,0.300117,0.313192
2023-06-20 20:00:00+00:00,-0.157447,-0.140549,-0.0917252,-0.0313616,0.0198966,0.0860464,0.129192,0.151361,0.173617,0.188935,0.215319
2023-06-20 21:00:00+00:00,-0.225921,-0.189903,-0.139056,-0.0848386,-0.017319,0.0437235,0.0886809,0.0890639,0.103058,0.160802,0.218724
2023-06-20 22:00:00+00:00,-0.24163,-0.241566,-0.158949,-0.0708537,-0.0321702,-0.0289361,0.0182989,0.136902,0.224894,0.231084,0.238298
2023-06-20 23:00:00+00:00,-0.315531,-0.261409,-0.1752,-0.0881702,-0.0134975,0.0432774,0.102152,0.139866,0.185702,0.313704,0.394043
2023-06-21 00:00:00+00:00,-0.144642,-0.135542,-0.0927373,-0.0409343,-0.0171705,-0.0109853,-0.00337068,0.00192718,0.0236597,0.139915,0.251064
2023-06-21 01:00:00+00:00,-0.0766941,-0.0195362,0.056729,0.14215,0.184981,0.221564,0.326194,0.41452,0.445106,0.445106,0.445106
2023-06-21 02:00:00+00:00,0.201134,0.229128,0.256117,0.284446,0.30603,0.320444,0.394554,0.45066,0.489362,0.504346,0.517447
2023-06-21 03:00:00+00:00,0.506445,0.51845,0.52922,0.538723,0.548172,0.55764,0.563404,0.564096,0.574618,0.637516,0.70233
2023-06-21 04:00:00+00:00,0.701466,0.742645,0.747751,0.748585,0.751848,0.756299,0.75948,0.761887,0.771488,0.788499,0.808064
2023-06-21 05:00:00+00:00,0.824374,0.831127,0.834057,0.836785,0.838639,0.840539,0.850653,0.869338,1.21277,1.21277,1.21277
2023-06-21 06:00:00+00:00,0.806295,0.838588,0.852884,0.865364,0.872765,0.875922,0.880158,0.886771,0.926265,1.21277,1.21277
2023-06-21 07:00:00+00:00,0.783404,0.788553,0.80049,0.815942,0.823665,0.825273,0.830528,0.838609,0.851462,0.884996,1.21277
2023-06-21 08:00:00+00:00,0.755034,0.761059,0.763378,0.767489,0.768766,0.769149,0.771542,0.776339,0.779596,0.780437,0.781277
2023-06-21 09:00:00+00:00,0.68094,0.692349,0.702087,0.714999,0.720482,0.723404,0.724425,0.724808,0.725201,0.725629,0.726156
2023-06-21 10:00:00+00:00,0.612704,0.619056,0.627915,0.638251,0.645119,0.650639,0.654531,0.658022,0.660232,0.66372,0.667234
2023-06-21 11:00:00+00:00,0.535532,0.576447,0.586723,0.590936,0.593745,0.595851,0.596646,0.598073,0.600307,0.605686,0.610213
2023-06-21 12:00:00+00:00,0.499574,0.538723,0.549568,0.556556,0.560851,0.56114,0.562553,0.564149,0.566685,0.574849,0.583865
2023-06-21 13:00:00+00:00,0.484255,0.521106,0.52766,0.530553,0.535574,0.541277,0.544681,0.544681,0.546049,0.554544,0.563038
2023-06-21 14:00:00+00:00,0.483191,0.51536,0.521447,0.524255,0.52766,0.531596,0.533617,0.533872,0.53617,0.544681,0.554395
2023-06-21 15:00:00+00:00,0.486171,0.507511,0.51495,0.519723,0.524766,0.527873,0.535319,0.547213,0.563404,0.595442,0.63749
2023-06-21 16:00:00+00:00,0.510638,0.528,0.530213,0.530213,0.533617,0.53734,0.540733,0.544681,0.558168,0.623243,0.701655
2023-06-21 17:00:00+00:00,0.467872,0.468085,0.471063,0.475293,0.478894,0.480851,0.488766,0.505532,0.522553,0.545532,0.575366
2023-06-21 18:00:00+00:00,0.224691,0.23273,0.273243,0.321076,0.34265,0.352491,0.368491,0.38805,0.403237,0.42525,0.443404
2023-06-21 19:00:00+00:00,0.0109414,0.0289584,0.0574701,0.0828313,0.107865,0.133054,0.163396,0.193982,0.235196,0.246354,0.254468
2023-06-21 20:00:00+00:00,-0.232807,-0.230757,-0.158362,-0.0815461,-0.0465495,-0.0320567,-0.0222411,-0.0139856,0.00409563,0.0644926,0.125656
2023-06-21 21:00:00+00:00,-0.353191,-0.34197,-0.315253,-0.291171,-0.205957,-0.0973521,-0.0188935,0.00195753,0.0188969,0.0279912,0.0420744
2023-06-21 22:00:00+00:00,-0.315892,-0.296119,-0.264967,-0.236924,-0.214256,-0.195025,-0.158819,-0.0959999,-0.0412643,-0.0369596,-0.0322794
2023-06-21 23:00:00+00:00,-0.385713,-0.376626,-0.316854,-0.226218,-0.133447,-0.0302126,0.0253981,0.0490646,0.07273,0.0802101,0.087963
2023-06-22 00:00:00+00:00,-0.253066,-0.24634,-0.241215,-0.236838,-0.235526,-0.235197,-0.224369,-0.192888,-0.146151,-0.0182251,0.107334
2023-06-22 01:00:00+00:00,-0.0698663,-0.0422589,-0.0100938,0.0198652,0.0439034,0.0694614,0.0882146,0.10139,0.124994,0.181543,0.251064
2023-06-22 02:00:00+00:00,0.112232,0.134397,0.140513,0.143639,0.149957,0.158968,0.174098,0.195746,0.261198,0.394201,0.435745
2023-06-22 03:00:00+00:00,0.378174,0.389051,0.428936,0.462905,0.483297,0.49803,0.516596,0.538124,0.557064,0.564064,0.571064
2023-06-22 04:00:00+00:00,0.696016,0.698942,0.69973,0.700252,0.711086,0.725319,0.738213,0.746426,0.761772,0.819694,1.21277
2023-06-22 05:00:00+00:00,0.791276,0.810596,0.81634,0.819405,0.824177,0.829902,0.842158,0.865047,0.898756,0.907564,0.931915
2023-06-22 06:00:00+00:00,0.776028,0.783135,0.795655,0.807632,0.827703,0.856269,0.879791,0.901651,0.923136,0.934857,0.951489
2023-06-22 07:00:00+00:00,0.770748,0.777441,0.781067,0.786118,0.802213,0.831276,0.853057,0.856586,0.86119,0.876896,0.90383
2023-06-22 08:00:00+00:00,0.72,0.749498,0.758638,0.76783,0.773483,0.777961,0.780748,0.783333,0.790203,0.810375,0.84
2023-06-22 09:00:00+00:00,0.658273,0.693532,0.699745,0.70417,0.705945,0.706564,0.710462,0.717397,0.723709,0.727859,0.731064
2023-06-22 10:00:00+00:00,0.580426,0.620922,0.632708,0.638575,0.642166,0.644353,0.649838,0.658667,0.669337,0.685024,0.698723
2023-06-22 11:00:00+00:00,0.535319,0.566654,0.571836,0.572533,0.576595,0.582341,0.589446,0.59793,0.608936,0.625154,0.641702
2023-06-22 12:00:00+00:00,0.506356,0.535319,0.538993,0.539682,0.543088,0.548799,0.552851,0.555171,0.562553,0.585106,0.612766
2023-06-22 13:00:00+00:00,0.481732,0.517802,0.523865,0.525106,0.531915,0.540883,0.547234,0.550638,0.554766,0.565255,0.577021
2023-06-22 14:00:00+00:00,0.489325,0.516824,0.524255,0.52766,0.531149,0.533617,0.535319,0.536,0.540131,0.559693,0.584681
2023-06-22 15:00:00+00:00,0.508936,0.523532,0.529362,0.534511,0.539425,0.544094,0.547234,0.5493,0.553192,0.568511,0.588085
2023-06-22 16:00:00+00:00,0.518724,0.537744,0.546383,0.555532,0.560851,0.562553,0.567641,0.578905,0.591659,0.598031,0.605958
2023-06-22 17:00:00+00:00,0.446582,0.448233,0.465532,0.483766,0.496468,0.508617,0.518052,0.526861,0.53417,0.538787,0.54383
2023-06-22 18:00:00+00:00,0.194341,0.216786,0.247272,0.278735,0.309182,0.331521,0.373393,0.40715,0.424476,0.428936,0.431944
2023-06-22 19:00:00+00:00,-0.017291,0.00249722,0.00670472,0.00992919,0.0196097,0.0331535,0.0462782,0.0598868,0.0956215,0.2054,0.343585
2023-06-22 20:00:00+00:00,-0.207201,-0.195718,-0.19401,-0.193494,-0.181465,-0.161216,-0.146068,-0.134085,-0.122418,-0.109098,-0.0987484
2023-06-22 21:00:00+00:00,-0.379752,-0.365228,-0.353191,-0.335585,-0.29031,-0.246183,-0.207913,-0.186864,-0.134037,0.0302646,0.200812
2023-06-22 22:00:00+00:00,-0.390998,-0.378034,-0.353191,-0.35181,-0.321486,-0.300837,-0.269176,-0.226468,-0.188645,-0.181215,-0.173981
2023-06-22 23:00:00+00:00,-0.353191,-0.349276,-0.282383,-0.220531,-0.192446,-0.187206,-0.166839,-0.133824,-0.0983855,-0.0674105,-0.0306382
2023-06-23 00:00:00+00:00,-0.191833,-0.147528,-0.143863,-0.143717,-0.102646,-0.0416784,-0.00136154,0.0128937,0.0232341,0.0291487,0.0365959
2023-06-23 01:00:00+00:00,-0.124468,-0.121915,-0.0229907,0.0793384,0.134229,0.16201,0.19661,0.270585,0.349159,0.404653,0.431489
2023-06-23 02:00:00+00:00,0.0716978,0.126723,0.139234,0.144596,0.186583,0.267362,0.40868,0.484477,0.539745,0.546081,0.553975
2023-06-23 03:00:00+00:00,0.363369,0.374305,0.391234,0.402064,0.473939,0.564419,0.665202,0.679217,0.693434,0.715119,0.738598
2023-06-23 04:00:00+00:00,0.688085,0.701426,0.725106,0.750068,0.757702,0.758085,0.761914,0.776097,0.805045,1.21277,1.21277
2023-06-23 05:00:00+00:00,0.807858,0.809212,0.824681,0.844657,0.859337,0.875497,0.899411,0.914232,1.21277,1.21277,1.21277
2023-06-23 06:00:00+00:00,0.781277,0.803404,0.83251,0.871958,0.900207,0.903342,0.909418,0.926931,1.21277,1.21277,1.21277
2023-06-23 07:00:00+00:00,0.779041,0.783243,0.792516,0.80112,0.817227,0.840527,0.858465,0.867156,0.875127,0.892432,0.909787
2023-06-23 08:00:00+00:00,0.726821,0.728778,0.751561,0.777213,0.785751,0.786157,0.788425,0.792425,0.798348,0.817459,0.842553
2023-06-23 09:00:00+00:00,0.677403,0.698976,0.70366,0.705872,0.711247,0.717467,0.722845,0.724372,0.72964,0.744855,0.759149
2023-06-23 10:00:00+00:00,0.596095,0.624153,0.627437,0.62934,0.633487,0.638867,0.644085,0.64742,0.657345,0.682851,0.706383
2023-06-23 11:00:00+00:00,0.540059,0.568115,0.581538,0.593151,0.597158,0.598224,0.599319,0.599702,0.604663,0.625457,0.649362
2023-06-23 12:00:00+00:00,0.503395,0.535319,0.54351,0.548837,0.552553,0.555639,0.561617,0.569511,0.579532,0.593596,0.60766
2023-06-23 13:00:00+00:00,0.478966,0.516596,0.525142,0.530213,0.534766,0.53883,0.545277,0.554915,0.565958,0.584262,0.604255
2023-06-23 14:00:00+00:00,0.474681,0.509082,0.518608,0.525958,0.533608,0.540433,0.546213,0.550829,0.556851,0.572043,0.592341
2023-06-23 15:00:00+00:00,0.501702,0.530213,0.537951,0.542128,0.55019,0.559503,0.567599,0.574747,0.581532,0.582681,0.58383
2023-06-23 16:00:00+00:00,0.506383,0.524872,0.545192,0.570213,0.582639,0.583404,0.589957,0.60422,0.617995,0.623389,0.62799
2023-06-23 17:00:00+00:00,0.484255,0.50973,0.518298,0.52534,0.528213,0.529468,0.532426,0.536872,0.542128,0.550089,0.557875
2023-06-23 18:00:00+00:00,0.269536,0.279067,0.321417,0.357419,0.374194,0.381391,0.385661,0.388595,0.392341,0.40029,0.408511
2023-06-23 19:00:00+00:00,0.119135,0.179415,0.190382,0.202393,0.207064,0.207447,0.208991,0.212702,0.221829,0.252339,0.283404
2023-06-23 20:00:00+00:00,-0.0595679,-0.0200204,0.0162556,0.0602342,0.0902979,0.110345,0.125442,0.134452,0.160608,0.253551,0.354894
2023-06-23 21:00:00+00:00,-0.139788,-0.0690296,-0.0119453,0.0331757,0.0775979,0.109117,0.148085,0.195612,0.266016,0.341643,0.388869
2023-06-23 22:00:00+00:00,-0.246922,-0.223026,-0.192276,-0.166381,-0.0820144,0.029587,0.153854,0.278828,0.374719,0.376233,0.377021
2023-06-23 23:00:00+00:00,-0.157983,-0.0710064,-0.0506943,-0.0375569,-0.0168922,0.00449669,0.038338,0.0978938,0.142405,0.167054,0.190001
2023-06-24 00:00:00+00:00,-0.194043,-0.167981,-0.131888,-0.0846477,-0.0667137,-0.06103,-0.0411347,-0.00925529,0.0427966,0.184743,0.349667
2023-06-24 01:00:00+00:00,-0.0645651,-0.0371437,0.0682026,0.181888,0.229846,0.237904,0.289942,0.378712,0.409456,0.417132,0.426457
2023-06-24 02:00:00+00:00,0.196596,0.217207,0.267963,0.324047,0.370908,0.396419,0.433192,0.48319,0.522553,0.533239,0.54383
2023-06-24 03:00:00+00:00,0.447873,0.468936,0.481532,0.491128,0.519149,0.556271,0.606372,0.664001,0.705982,0.718224,0.732052
2023-06-24 04:00:00+00:00,0.669582,0.681426,0.691849,0.702085,0.714284,0.723404,0.743622,0.775813,0.81759,1.21277,1.21277
2023-06-24 05:00:00+00:00,0.818538,0.822459,0.836583,0.852182,0.86644,0.882174,0.902216,0.908126,1.21277,1.21277,1.21277
2023-06-24 06:00:00+00:00,0.808856,0.844641,0.852841,0.857681,0.871983,0.90196,0.93617,0.94,1.21277,1.21277,1.21277
2023-06-24 07:00:00+00:00,0.79338,0.80698,0.815777,0.82442,0.835517,0.84848,0.856501,0.861411,0.868255,0.869021,0.869787
2023-06-24 08:00:00+00:00,0.754942,0.761824,0.771488,0.77739,0.780245,0.782728,0.787064,0.794153,0.799313,0.805297,0.810213
2023-06-24 09:00:00+00:00,0.672844,0.695599,0.699801,0.701972,0.707035,0.712573,0.716496,0.721066,0.725041,0.727693,0.72952
2023-06-24 10:00:00+00:00,0.594558,0.612945,0.621135,0.626128,0.633621,0.64171,0.649601,0.654483,0.658887,0.66048,0.661439
2023-06-24 11:00:00+00:00,0.531915,0.556765,0.564681,0.569681,0.577021,0.586497,0.591781,0.592096,0.592596,0.593745,0.594894
2023-06-24 12:00:00+00:00,0.486987,0.515745,0.53217,0.548133,0.554894,0.556171,0.559228,0.562553,0.565095,0.567223,0.570213
2023-06-24 13:00:00+00:00,0.479149,0.505532,0.516596,0.52732,0.532638,0.535638,0.538187,0.538723,0.540232,0.54383,0.547234
2023-06-24 14:00:00+00:00,0.474468,0.494979,0.509254,0.52251,0.530213,0.536702,0.541347,0.54383,0.545532,0.545532,0.545532
2023-06-24 15:00:00+00:00,0.497021,0.512341,0.523404,0.53334,0.538893,0.543617,0.547064,0.550617,0.553191,0.556847,0.56177
2023-06-24 16:00:00+00:00,0.520638,0.530107,0.53583,0.540805,0.543362,0.54383,0.547234,0.556234,0.570719,0.612258,0.665437
2023-06-24 17:00:00+00:00,0.458085,0.459193,0.460682,0.462905,0.46383,0.464681,0.47234,0.484683,0.501766,0.531915,0.565957
2023-06-24 18:00:00+00:00,0.195964,0.225168,0.245168,0.262203,0.281316,0.301326,0.330197,0.360908,0.387593,0.408163,0.423434
2023-06-24 19:00:00+00:00,-0.0567297,-0.0486714,-0.0203009,0.00304184,0.0194782,0.0314907,0.0436708,0.049956,0.0581277,0.0592767,0.0604257
2023-06-24 20:00:00+00:00,-0.18242,-0.170663,-0.116838,-0.0493242,-0.00249065,0.0278548,0.0633861,0.0871334,0.105012,0.110759,0.115758
2023-06-24 21:00:00+00:00,-0.290472,-0.28595,-0.231375,-0.173434,-0.105389,-0.028723,0.0241058,0.0761161,0.127129,0.186195,0.264139
2023-06-24 22:00:00+00:00,-0.316533,-0.301234,-0.119873,0.0928224,0.168875,0.183599,0.202,0.227395,0.25121,0.272114,0.294711
2023-06-24 23:00:00+00:00,-0.189138,-0.170465,-0.164174,-0.158261,-0.131396,-0.0816213,-0.0391702,-0.00650918,0.0177494,0.0204546,0.0238299
2023-06-25 00:00:00+00:00,-0.24851,-0.195489,-0.16163,-0.132333,-0.100573,-0.0752442,-0.0442289,-0.00972237,0.0287114,0.115192,0.186383
2023-06-25 01:00:00+00:00,-0.148328,-0.129256,-0.0621415,0.00975752,0.0459503,0.0770196,0.176521,0.384655,0.434894,0.444279,0.454468
2023-06-25 02:00:00+00:00,0.148369,0.191904,0.242729,0.287554,0.34742,0.386907,0.431489,0.488511,0.533617,0.542651,0.553192
2023-06-25 03:00:00+00:00,0.426392,0.431489,0.468425,0.506433,0.524255,0.531915,0.545371,0.570213,0.606126,0.654325,0.698269
2023-06-25 04:00:00+00:00,0.680127,0.719786,0.738468,0.752702,0.767461,0.780391,0.791354,0.796688,0.815419,1.21277,1.21277
2023-06-25 05:00:00+00:00,0.808252,0.820463,0.836362,0.852557,0.869384,0.895133,1.21277,1.21277,1.21277,1.21277,1.21277
2023-06-25 06:00:00+00:00,0.840036,0.850865,0.856278,0.860465,0.865097,0.869428,0.877389,0.902987,1.21277,1.21277,1.21277
2023-06-25 07:00:00+00:00,0.785912,0.787648,0.800042,0.816756,0.8249,0.826953,0.83209,0.841587,0.852682,0.868,0.890213
2023-06-25 08:00:00+00:00,0.739155,0.739532,0.751999,0.765914,0.775624,0.77991,0.784263,0.787476,0.791276,0.797766,0.805106
2023-06-25 09:00:00+00:00,0.661103,0.685123,0.69983,0.717404,0.724341,0.726171,0.728001,0.728767,0.732964,0.745342,0.757584
2023-06-25 10:00:00+00:00,0.588412,0.626418,0.639094,0.649561,0.654633,0.658437,0.662469,0.668213,0.674656,0.6913,0.706545
2023-06-25 11:00:00+00:00,0.566579,0.588913,0.591489,0.591489,0.596341,0.603998,0.611176,0.617957,0.624909,0.633192,0.641854
2023-06-25 12:00:00+00:00,0.529119,0.54721,0.55251,0.555745,0.563064,0.571915,0.579915,0.584809,0.590897,0.603884,0.618758
2023-06-25 13:00:00+00:00,0.502378,0.525958,0.534638,0.541218,0.545532,0.549787,0.552425,0.554639,0.560851,0.580534,0.606869
2023-06-25 14:00:00+00:00,0.516809,0.529171,0.534894,0.539861,0.541277,0.541277,0.542383,0.545085,0.553397,0.587725,0.633969
2023-06-25 15:00:00+00:00,0.519787,0.533617,0.541958,0.551021,0.556298,0.561383,0.56417,0.565957,0.575453,0.618824,0.669924
2023-06-25 16:00:00+00:00,0.518723,0.536596,0.551489,0.568383,0.574979,0.575745,0.577021,0.579192,0.596506,0.674825,0.752292
2023-06-25 17:00:00+00:00,0.477447,0.478149,0.480681,0.483404,0.484255,0.484787,0.498723,0.530213,0.558069,0.566537,0.577493
2023-06-25 18:00:00+00:00,0.196931,0.220722,0.268573,0.320561,0.40183,0.443404,0.474559,0.494125,0.513473,0.520141,0.52766
2023-06-25 19:00:00+00:00,-0.0158262,0.046243,0.122476,0.184103,0.237715,0.280215,0.308458,0.311567,0.336879,0.40277,0.432341
2023-06-25 20:00:00+00:00,-0.046833,-0.0319624,0.0212767,0.0968086,0.118302,0.120857,0.159886,0.252059,0.385149,0.463,0.524255
2023-06-25 21:00:00+00:00,-0.159332,-0.144725,-0.0730563,0.00426301,0.0436881,0.0731508,0.131326,0.226256,0.362683,0.439473,0.48766
2023-06-25 22:00:00+00:00,-0.0723457,0.00989649,0.0209084,0.0245789,0.0275304,0.0288438,0.077212,0.165461,0.241846,0.253614,0.267234
2023-06-25 23:00:00+00:00,-0.0729614,-0.0194084,0.0182424,0.0628815,0.130418,0.198876,0.287668,0.362594,0.400553,0.423894,0.443404
2023-06-26 00:00:00+00:00,-0.0950354,0.0331379,0.0705851,0.0903831,0.116309,0.14835,0.179866,0.21804,0.256407,0.290457,0.323404
2023-06-26 01:00:00+00:00,0.104255,0.138468,0.175319,0.21834,0.256572,0.29493,0.370953,0.42102,0.453149,0.486362,0.518298
2023-06-26 02:00:00+00:00,0.359438,0.38738,0.392714,0.396224,0.428936,0.467234,0.497106,0.524255,0.547234,0.56517,0.588085
2023-06-26 03:00:00+00:00,0.508085,0.508085,0.524255,0.541977,0.552927,0.559711,0.564009,0.565957,0.568001,0.570937,0.575319
2023-06-26 04:00:00+00:00,0.70766,0.737829,0.741467,0.74254,0.743234,0.743617,0.744161,0.745131,0.752932,0.786502,0.829156
2023-06-26 05:00:00+00:00,0.819859,0.831163,0.833021,0.833788,0.83536,0.837099,0.847837,0.868355,1.21277,1.21277,1.21277
2023-06-26 06:00:00+00:00,0.806809,0.815617,0.830978,0.850028,0.861235,0.873086,0.887982,0.903929,1.21277,1.21277,1.21277
2023-06-26 07:00:00+00:00,0.808936,0.82462,0.831889,0.8389,0.851507,0.86777,0.881668,0.896459,0.925597,1.21277,1.21277
2023-06-26 08:00:00+00:00,0.782128,0.795542,0.796936,0.797319,0.797702,0.798085,0.801104,0.808056,0.815478,0.820159,0.825532
2023-06-26 09:00:00+00:00,0.706383,0.710298,0.712343,0.71366,0.715643,0.718584,0.722172,0.724952,0.730452,0.743747,0.756596
2023-06-26 10:00:00+00:00,0.642705,0.646428,0.649623,0.651661,0.657904,0.662892,0.669787,0.680107,0.686809,0.688595,0.689951
2023-06-26 11:00:00+00:00,0.538723,0.588511,0.596596,0.59812,0.601191,0.605105,0.609732,0.618013,0.625109,0.629554,0.634043
2023-06-26 12:00:00+00:00,0.515155,0.554651,0.564097,0.569535,0.573362,0.576808,0.578322,0.579337,0.58407,0.597497,0.612766
2023-06-26 13:00:00+00:00,0.493617,0.528745,0.537021,0.542128,0.545532,0.548867,0.555745,0.569383,0.58307,0.58348,0.58389
2023-06-26 14:00:00+00:00,0.498723,0.530213,0.533617,0.533617,0.53617,0.540082,0.547989,0.562718,0.575848,0.576647,0.577021
2023-06-26 15:00:00+00:00,0.500639,0.524255,0.531915,0.537911,0.545532,0.555745,0.565787,0.573383,0.584007,0.596293,0.60943
2023-06-26 16:00:00+00:00,0.514043,0.53617,0.540726,0.54383,0.551829,0.563404,0.573106,0.579873,0.593613,0.631071,0.672292
2023-06-26 17:00:00+00:00,0.474956,0.477426,0.480851,0.484255,0.488511,0.491064,0.493277,0.493617,0.50158,0.531451,0.563876
2023-06-26 18:00:00+00:00,0.330213,0.347387,0.362775,0.378,0.388833,0.3957,0.403921,0.411424,0.423431,0.447035,0.469787
2023-06-26 19:00:00+00:00,0.0981406,0.113578,0.121779,0.129171,0.160197,0.197144,0.244955,0.276318,0.312574,0.335463,0.356596
2023-06-26 20:00:00+00:00,-0.102246,-0.0828528,0.0114715,0.119085,0.165357,0.181969,0.190149,0.190836,0.308477,0.476465,0.570213
2023-06-26 21:00:00+00:00,-0.266383,-0.258468,-0.162213,-0.0566169,0.0171797,0.0781529,0.127783,0.164539,0.200487,0.270846,0.338724
2023-06-26 22:00:00+00:00,-0.059858,-0.0124821,0.0175888,0.0456739,0.100766,0.153794,0.181927,0.184654,0.192067,0.22907,0.26383
2023-06-26 23:00:00+00:00,-0.101324,0.0346336,0.0722583,0.0922129,0.0994687,0.100667,0.126572,0.178899,0.288916,0.429201,0.484255
2023-06-27 00:00:00+00:00,0.0948938,0.161018,0.170553,0.175745,0.189045,0.219156,0.261542,0.325085,0.366336,0.377875,0.387234
2023-06-27 01:00:00+00:00,0.0737006,0.17151,0.205454,0.239781,0.281595,0.330775,0.411915,0.477447,0.524255,0.537638,0.551489
2023-06-27 02:00:00+00:00,0.207408,0.219028,0.259115,0.309708,0.412107,0.468085,0.505562,0.52766,0.548901,0.562872,0.578723
2023-06-27 03:00:00+00:00,0.465673,0.487517,0.514043,0.540415,0.56897,0.609161,0.638049,0.639915,0.643574,0.646935,0.650213
2023-06-27 04:00:00+00:00,0.682766,0.686809,0.696815,0.711458,0.717109,0.719661,0.727991,0.74363,0.756043,0.757596,0.759149
2023-06-27 05:00:00+00:00,0.81149,0.811872,0.82072,0.831216,0.837673,0.839319,0.842037,0.845027,0.849805,0.865102,0.891064
2023-06-27 06:00:00+00:00,0.773192,0.779022,0.781278,0.784256,0.79913,0.825444,0.850425,0.862705,0.87652,0.880192,0.885958
2023-06-27 07:00:00+00:00,0.739149,0.743447,0.748955,0.754226,0.773087,0.797987,0.82285,0.842178,0.860008,0.867907,0.874043
2023-06-27 08:00:00+00:00,0.685678,0.703979,0.714828,0.723404,0.743204,0.766684,0.780426,0.783192,0.786796,0.794194,0.8
2023-06-27 09:00:00+00:00,0.612592,0.648298,0.66383,0.674256,0.686809,0.696457,0.709952,0.723404,0.737744,0.743766,0.750638
2023-06-27 10:00:00+00:00,0.550638,0.577212,0.603494,0.631266,0.650809,0.66617,0.674501,0.681062,0.686809,0.691586,0.69617
2023-06-27 11:00:00+00:00,0.594894,0.597192,0.608495,0.62244,0.628,0.629149,0.635014,0.647384,0.66257,0.679859,0.69617
2023-06-27 12:00:00+00:00,0.574236,0.575968,0.584511,0.593061,0.597861,0.601212,0.603574,0.603957,0.606441,0.616639,0.627234
2023-06-27 13:00:00+00:00,0.544681,0.546979,0.551617,0.557149,0.562819,0.567873,0.571404,0.57217,0.575543,0.59027,0.604255
2023-06-27 14:00:00+00:00,0.539149,0.544128,0.545362,0.546128,0.550202,0.556809,0.563191,0.568298,0.576638,0.595525,0.61617
2023-06-27 15:00:00+00:00,0.539574,0.541107,0.541617,0.542,0.547043,0.555391,0.565038,0.575416,0.586723,0.588255,0.589787
2023-06-27 16:00:00+00:00,0.55927,0.566086,0.5698,0.573301,0.578119,0.583596,0.587234,0.589149,0.59099,0.59256,0.594043
2023-06-27 17:00:00+00:00,0.48123,0.483909,0.497653,0.514453,0.520681,0.522978,0.532468,0.553516,0.5751,0.583209,0.590638
2023-06-27 18:00:00+00:00,0.258651,0.277734,0.302266,0.322921,0.400086,0.442398,0.463613,0.465171,0.473209,0.499509,0.52766
2023-06-27 19:00:00+00:00,0.0241595,0.0488917,0.103278,0.154248,0.180655,0.197571,0.226791,0.256639,0.312331,0.398801,0.432341
2023-06-27 20:00:00+00:00,-0.211915,-0.211915,-0.113197,-0.00027213,0.0461655,0.0653391,0.0962249,0.139357,0.25432,0.447165,0.524255
2023-06-27 21:00:00+00:00,-0.138028,-0.108365,-0.10219,-0.0995898,-0.0596235,0.00272947,0.0395418,0.0538297,0.138437,0.411538,0.48766
2023-06-27 22:00:00+00:00,-0.265319,-0.250945,-0.216835,-0.176191,-0.156437,-0.145687,-0.137856,-0.132077,-0.0844112,0.0905216,0.267234
2023-06-27 23:00:00+00:00,-0.315957,-0.254993,-0.19879,-0.146713,-0.0943334,-0.041478,0.00930104,0.0686103,0.159409,0.377864,0.443404
2023-06-28 00:00:00+00:00,-0.259601,-0.231364,-0.222484,-0.214581,-0.191388,-0.166286,-0.107303,-0.00345374,0.104075,0.20009,0.323404
2023-06-28 01:00:00+00:00,-0.126514,-0.0757446,-0.0492765,-0.0245105,0.033129,0.127063,0.199557,0.288892,0.390124,0.461913,0.518298
2023-06-28 02:00:00+00:00,0.167752,0.314252,0.350879,0.371661,0.386621,0.396702,0.436562,0.501421,0.553745,0.568705,0.588085
2023-06-28 03:00:00+00:00,0.374211,0.383634,0.427721,0.46321,0.504341,0.549915,0.598716,0.635574,0.667489,0.668638,0.669787
2023-06-28 04:00:00+00:00,0.665447,0.667058,0.690747,0.717955,0.731882,0.738009,0.741788,0.742936,0.745339,0.751689,0.758298
2023-06-28 05:00:00+00:00,0.832766,0.833149,0.834834,0.836772,0.841021,0.846383,0.852855,0.862098,0.870941,0.876132,0.897873
2023-06-28 06:00:00+00:00,0.843404,0.84417,0.846298,0.848596,0.857606,0.872286,0.892256,0.906426,0.918383,0.922596,0.926809
2023-06-28 07:00:00+00:00,0.871915,0.876894,0.878493,0.879671,0.882383,0.884681,0.885957,0.885958,0.887745,0.895788,0.90383
2023-06-28 08:00:00+00:00,0.798298,0.799064,0.79983,0.800596,0.807577,0.818506,0.827234,0.831064,0.836903,0.850511,0.866383
2023-06-28 09:00:00+00:00,0.719067,0.723633,0.729414,0.735217,0.738298,0.740213,0.748896,0.767296,0.782249,0.790451,0.799149
2023-06-28 10:00:00+00:00,0.65234,0.657319,0.658212,0.658595,0.66148,0.665593,0.674731,0.693636,0.711614,0.725503,0.741277
2023-06-28 11:00:00+00:00,0.595745,0.595745,0.598567,0.602089,0.604681,0.606596,0.612597,0.624139,0.635429,0.646127,0.657872
2023-06-28 12:00:00+00:00,0.565053,0.56966,0.571915,0.57383,0.575489,0.577021,0.579064,0.581745,0.585045,0.590511,0.595745
2023-06-28 13:00:00+00:00,0.544681,0.544681,0.544681,0.544681,0.546395,0.548971,0.552234,0.555958,0.559502,0.561088,0.562553
2023-06-28 14:00:00+00:00,0.53617,0.54,0.540766,0.541149,0.541532,0.541915,0.542639,0.543788,0.544851,0.545617,0.546383
2023-06-28 15:00:00+00:00,0.543405,0.545319,0.548061,0.551234,0.55333,0.554814,0.557131,0.560249,0.562979,0.564894,0.566809
2023-06-28 16:00:00+00:00,0.549681,0.55583,0.560973,0.565373,0.567745,0.569332,0.570894,0.572426,0.5751,0.583209,0.590638
2023-06-28 17:00:00+00:00,0.491915,0.492681,0.499461,0.507362,0.522652,0.541671,0.553532,0.554298,0.556851,0.565165,0.573617
2023-06-28 18:00:00+00:00,0.242127,0.255532,0.31742,0.371124,0.405675,0.428896,0.445153,0.457765,0.471328,0.490468,0.51149
2023-06-28 19:00:00+00:00,0.0770214,0.0781703,0.0934643,0.109401,0.131996,0.15496,0.175678,0.1913,0.215567,0.230895,0.245106
2023-06-28 20:00:00+00:00,-0.0668245,-0.0273075,-0.0108722,0.00430326,0.0252554,0.057446,0.0824405,0.095608,0.110462,0.132953,0.153192
2023-06-28 21:00:00+00:00,-0.26883,-0.261182,-0.196488,-0.13271,-0.0711076,-0.0163248,0.031587,0.0956194,0.143832,0.166753,0.187234
2023-06-28 22:00:00+00:00,-0.316809,-0.267961,-0.228851,-0.182745,-0.113284,-0.0215753,0.0280509,0.0464785,0.083923,0.168367,0.26383
2023-06-28 23:00:00+00:00,-0.358144,-0.348132,-0.270131,-0.19267,-0.165447,-0.160851,-0.109143,0.00490586,0.111486,0.166365,0.226383
2023-06-29 00:00:00+00:00,-0.228201,-0.218303,-0.206965,-0.195653,-0.0875979,0.0774696,0.197708,0.29933,0.367327,0.381858,0.392341
2023-06-29 01:00:00+00:00,-0.0956231,-0.065477,-0.0266869,0.00498801,0.0194043,0.025532,0.213738,0.453101,0.524924,0.537665,0.551489
2023-06-29 02:00:00+00:00,0.011132,0.0133686,0.134299,0.269224,0.43096,0.505768,0.551066,0.565647,0.58027,0.586921,0.593191
2023-06-29 03:00:00+00:00,0.348545,0.357455,0.39014,0.409292,0.468028,0.537829,0.597873,0.622396,0.643319,0.646766,0.650213
2023-06-29 04:00:00+00:00,0.646781,0.67032,0.676459,0.681668,0.699722,0.729648,0.749515,0.754647,0.763908,0.782364,0.801702
2023-06-29 05:00:00+00:00,0.816353,0.820759,0.823319,0.825617,0.829192,0.833404,0.843605,0.862823,0.884425,0.896681,0.908936
2023-06-29 06:00:00+00:00,0.837625,0.844358,0.857504,0.874423,0.882383,0.884681,0.893957,0.911957,0.928851,0.941872,0.954894
2023-06-29 07:00:00+00:00,0.84162,0.848588,0.854994,0.862875,0.866043,0.866808,0.869875,0.875819,0.886468,0.888766,0.891064
2023-06-29 08:00:00+00:00,0.785532,0.785532,0.792935,0.801628,0.806383,0.808298,0.813836,0.824908,0.834368,0.835841,0.837447
2023-06-29 09:00:00+00:00,0.727234,0.729149,0.732111,0.735204,0.738723,0.742553,0.750403,0.764579,0.775823,0.778089,0.780426
2023-06-29 10:00:00+00:00,0.662127,0.665192,0.667915,0.670596,0.671745,0.672128,0.679556,0.694211,0.705787,0.706936,0.708085
2023-06-29 11:00:00+00:00,0.585532,0.585532,0.597733,0.613761,0.62134,0.624035,0.626383,0.628298,0.630137,0.6317,0.633192
2023-06-29 12:00:00+00:00,0.547173,0.549496,0.561779,0.575562,0.582639,0.583404,0.585021,0.587702,0.591159,0.597017,0.603404
2023-06-29 13:00:00+00:00,0.528681,0.531592,0.537021,0.542766,0.548638,0.555603,0.56034,0.561106,0.562596,0.566617,0.571064
2023-06-29 14:00:00+00:00,0.52613,0.528991,0.530383,0.531532,0.532936,0.534468,0.54096,0.55444,0.570575,0.592323,0.61617
2023-06-29 15:00:00+00:00,0.534894,0.536042,0.541277,0.547021,0.549191,0.549574,0.555548,0.5693,0.583719,0.586758,0.589787
2023-06-29 16:00:00+00:00,0.551063,0.552978,0.557228,0.562,0.563404,0.563404,0.567718,0.580412,0.591756,0.592918,0.594043
2023-06-29 17:00:00+00:00,0.488937,0.489319,0.501311,0.515113,0.524255,0.52997,0.536681,0.543575,0.549362,0.551276,0.553191
2023-06-29 18:00:00+00:00,0.273192,0.273958,0.284357,0.296409,0.355453,0.40057,0.419526,0.431637,0.441276,0.446262,0.451915
2023-06-29 19:00:00+00:00,-0.0246436,-0.00022301,0.00527666,0.00834049,0.0572926,0.131901,0.192587,0.278219,0.340988,0.351181,0.36
2023-06-29 20:00:00+00:00,-0.140455,-0.130193,-0.0779683,-0.0218447,-0.00136169,0.00553196,0.00953199,0.009915,0.0157782,0.045678,0.0808511
2023-06-29 21:00:00+00:00,-0.243759,-0.225057,-0.143646,-0.0554066,-0.0204254,-0.0165956,-0.0137871,-0.0122552,-0.00893604,0.00063843,0.0102129
2023-06-29 22:00:00+00:00,-0.276383,-0.264085,-0.250461,-0.235723,-0.207653,-0.174894,-0.135925,-0.073156,-0.0132386,0.0308964,0.0893617
2023-06-29 23:00:00+00:00,-0.307776,-0.226667,-0.190607,-0.166375,-0.123328,-0.063085,-0.0243403,-0.0197445,-0.011266,0.0115935,0.0340426
2023-06-30 00:00:00+00:00,-0.340426,-0.294823,-0.25911,-0.228665,-0.187749,-0.151152,-0.0912941,-0.00228508,0.0812968,0.129764,0.173617
2023-06-30 01:00:00+00:00,-0.14,-0.135021,-0.132363,-0.128899,-0.0940146,-0.0488562,0.039079,0.188589,0.336396,0.374525,0.395745
2023-06-30 02:00:00+00:00,0.00468088,0.00965961,0.0112341,0.0123831,0.0153193,0.0191491,0.0570302,0.134458,0.210424,0.333136,0.401702
2023-06-30 03:00:00+00:00,0.363407,0.374408,0.37634,0.377489,0.379915,0.382979,0.407027,0.441523,0.467563,0.476688,0.484255
2023-06-30 04:00:00+00:00,0.675702,0.685148,0.685957,0.685958,0.691368,0.699484,0.707802,0.714642,0.721276,0.732627,0.74383
2023-06-30 05:00:00+00:00,0.818581,0.831731,0.840533,0.84907,0.852681,0.85383,0.85957,0.871558,0.893532,0.900808,0.908085
2023-06-30 06:00:00+00:00,0.846808,0.849107,0.852288,0.855641,0.864028,0.874539,0.889191,0.898383,0.906128,0.908808,0.911489
2023-06-30 07:00:00+00:00,0.843404,0.848766,0.852018,0.855005,0.85617,0.85617,0.860085,0.868894,0.876,0.877149,0.878298
2023-06-30 08:00:00+00:00,0.780657,0.78581,0.788085,0.79,0.794998,0.801546,0.81167,0.825633,0.838383,0.842596,0.846809
2023-06-30 09:00:00+00:00,0.705957,0.70634,0.706383,0.706383,0.706894,0.70766,0.720764,0.751061,0.775901,0.778518,0.781277
2023-06-30 10:00:00+00:00,0.627659,0.629574,0.634266,0.639205,0.646113,0.65422,0.668947,0.690126,0.707689,0.716766,0.725106
2023-06-30 11:00:00+00:00,0.596375,0.602606,0.606449,0.609874,0.615366,0.62185,0.627263,0.631156,0.634809,0.638255,0.641702
2023-06-30 12:00:00+00:00,0.557872,0.559787,0.56,0.56,0.567273,0.581138,0.590298,0.591447,0.594128,0.602625,0.612766
2023-06-30 13:00:00+00:00,0.532766,0.533532,0.538042,0.543021,0.548638,0.555603,0.56,0.56,0.562095,0.570979,0.582979
2023-06-30 14:00:00+00:00,0.52844,0.529268,0.530383,0.531532,0.531915,0.531915,0.532766,0.534681,0.539628,0.556426,0.577021
2023-06-30 15:00:00+00:00,0.538298,0.542511,0.544,0.545149,0.547428,0.550496,0.554383,0.559562,0.564859,0.571939,0.581277
2023-06-30 16:00:00+00:00,0.557021,0.557404,0.559927,0.56259,0.563659,0.564042,0.566778,0.573137,0.580281,0.58346,0.586383
2023-06-30 17:00:00+00:00,0.498666,0.506451,0.522666,0.539659,0.546298,0.547447,0.548255,0.548638,0.549447,0.551745,0.554043
2023-06-30 18:00:00+00:00,0.325357,0.35714,0.391586,0.410639,0.41989,0.425372,0.432827,0.443526,0.454417,0.46449,0.474894
2023-06-30 19:00:00+00:00,0.101885,0.149125,0.175162,0.19754,0.215474,0.224531,0.242232,0.272148,0.304903,0.33306,0.36
2023-06-30 20:00:00+00:00,-0.075319,-0.0711063,-0.0567658,-0.0378083,-0.0263828,-0.0187232,0.00422399,0.0498063,0.0964392,0.121093,0.144681
2023-06-30 21:00:00+00:00,-0.233617,-0.233234,-0.15951,-0.0816182,-0.0411488,-0.0230559,-0.00686996,0.010518,0.0279371,0.0592056,0.0893617
2023-06-30 22:00:00+00:00,-0.172341,-0.16966,-0.117333,-0.0532958,-0.0281701,-0.0270211,-0.0110786,0.0236237,0.0611017,0.0756162,0.0893617
2023-06-30 23:00:00+00:00,-0.25748,-0.189177,-0.150468,-0.115657,-0.0804675,-0.0464767,0.00424932,0.0857166,0.167185,0.290789,0.388936
2023-07-01 00:00:00+00:00,-0.1225,-0.0305493,-0.00761783,0.00922424,0.046359,0.0998966,0.1374,0.15999,0.194958,0.315307,0.392341
2023-07-01 01:00:00+00:00,-0.0407159,-0.0237348,0.0827325,0.190973,0.254057,0.275143,0.303246,0.331418,0.366343,0.402394,0.422979
2023-07-01 02:00:00+00:00,0.18832,0.372726,0.390324,0.396432,0.438068,0.486851,0.525986,0.556233,0.590133,0.591691,0.593191
2023-07-01 03:00:00+00:00,0.392758,0.412487,0.475087,0.533745,0.558687,0.564043,0.576995,0.604753,0.630993,0.632531,0.634043
2023-07-01 04:00:00+00:00,0.640669,0.643879,0.659365,0.673269,0.691653,0.711991,0.728369,0.739237,0.750681,0.768591,0.784681
2023-07-01 05:00:00+00:00,0.79721,0.814883,0.829392,0.844216,0.856197,0.868763,0.87676,0.879044,0.892851,0.900894,0.908936
2023-07-01 06:00:00+00:00,0.843309,0.872191,0.876766,0.877915,0.878941,0.879906,0.889362,0.897022,0.905277,0.915617,0.925957
2023-07-01 07:00:00+00:00,0.84766,0.848426,0.855025,0.864161,0.868,0.869149,0.870638,0.872553,0.874469,0.876383,0.878298
2023-07-01 08:00:00+00:00,0.783405,0.785319,0.786553,0.787702,0.791544,0.79698,0.80312,0.811828,0.821434,0.833634,0.846809
2023-07-01 09:00:00+00:00,0.718686,0.724351,0.732491,0.740407,0.745383,0.748789,0.750978,0.751744,0.754964,0.769318,0.781277
2023-07-01 10:00:00+00:00,0.637873,0.641319,0.652187,0.663983,0.675481,0.689574,0.700766,0.714313,0.723574,0.72434,0.725106
2023-07-01 11:00:00+00:00,0.538115,0.544709,0.552851,0.561051,0.568774,0.579439,0.589869,0.596545,0.604212,0.611816,0.619574
2023-07-01 12:00:00+00:00,0.51149,0.512256,0.522808,0.533915,0.542687,0.551064,0.558255,0.563468,0.569408,0.578405,0.588936
2023-07-01 13:00:00+00:00,0.48,0.48,0.488633,0.497287,0.510894,0.524696,0.531915,0.531915,0.535064,0.550276,0.565957
2023-07-01 14:00:00+00:00,0.485958,0.496437,0.505663,0.513538,0.516438,0.51749,0.518979,0.520511,0.525046,0.539951,0.557447
2023-07-01 15:00:00+00:00,0.5,0.501915,0.51112,0.520715,0.524766,0.525532,0.529819,0.539273,0.549191,0.558,0.565958
2023-07-01 16:00:00+00:00,0.499575,0.501107,0.517001,0.535186,0.543376,0.54695,0.552511,0.560552,0.568592,0.582486,0.597447
2023-07-01 17:00:00+00:00,0.402541,0.415624,0.419064,0.421362,0.425192,0.429255,0.438582,0.455319,0.467915,0.470979,0.474043
2023-07-01 18:00:00+00:00,0.179575,0.179575,0.196684,0.226516,0.245885,0.260303,0.274894,0.292028,0.308922,0.324178,0.338724
2023-07-01 19:00:00+00:00,-0.0391488,-0.0337871,-0.0198481,-0.00633414,0.0183149,0.0527152,0.0842399,0.104683,0.139588,0.223715,0.323404
2023-07-01 20:00:00+00:00,-0.196661,-0.129116,-0.106776,-0.0909757,-0.0790637,-0.0687232,-0.0551239,-0.0334139,-0.0133701,0.0152189,0.0468085
2023-07-01 21:00:00+00:00,-0.113577,-0.0678937,-0.0450118,-0.0241674,-0.0171914,-0.0148935,0.0114836,0.0777516,0.142113,0.199814,0.276596
2023-07-01 22:00:00+00:00,-0.0869699,-0.0715053,-0.0612417,-0.0507636,-0.0220993,0.00797696,0.0266323,0.0310227,0.052741,0.126138,0.188085
2023-07-01 23:00:00+00:00,-0.13839,-0.058524,-0.0266006,-0.00807238,-0.00042539,0.00148946,0.0088927,0.0229364,0.0352341,0.0405958,0.0459575
2023-07-02 00:00:00+00:00,0.0417649,0.0585743,0.0607661,0.061149,0.0973982,0.146937,0.173106,0.173872,0.186712,0.269098,0.348936
2023-07-02 01:00:00+00:00,-0.0495681,0.0178351,0.0301243,0.037294,0.0637043,0.096884,0.13222,0.168956,0.19532,0.201064,0.206809
2023-07-02 02:00:00+00:00,0.208936,0.211617,0.243456,0.275783,0.289958,0.293404,0.329381,0.385177,0.408823,0.421717,0.433192
2023-07-02 03:00:00+00:00,0.40728,0.425458,0.459308,0.490797,0.504766,0.508541,0.513873,0.521289,0.532236,0.559834,0.596596
2023-07-02 04:00:00+00:00,0.585958,0.587872,0.593495,0.599294,0.6177,0.641765,0.675557,0.712072,0.74309,0.748073,0.753191
2023-07-02 05:00:00+00:00,0.742062,0.744387,0.747745,0.751191,0.758715,0.768461,0.781071,0.796663,0.813907,0.836004,0.862979
2023-07-02 06:00:00+00:00,0.79617,0.796553,0.796936,0.797319,0.800623,0.805688,0.809702,0.812383,0.81993,0.846246,0.897021
2023-07-02 07:00:00+00:00,0.76,0.763064,0.766638,0.770596,0.775097,0.779666,0.787192,0.800201,0.814264,0.833208,0.855319
2023-07-02 08:00:00+00:00,0.716558,0.724961,0.726979,0.728127,0.731806,0.736399,0.747853,0.76998,0.788936,0.792766,0.796596
2023-07-02 09:00:00+00:00,0.634468,0.637149,0.663118,0.686306,0.696097,0.699818,0.702639,0.703787,0.705192,0.707489,0.709787
2023-07-02 10:00:00+00:00,0.583404,0.583787,0.599409,0.620449,0.629753,0.633605,0.638325,0.645398,0.652061,0.656243,0.660426
2023-07-02 11:00:00+00:00,0.528085,0.528468,0.550051,0.578811,0.592596,0.592979,0.594881,0.598748,0.602553,0.602553,0.602553
2023-07-02 12:00:00+00:00,0.49617,0.49617,0.523829,0.555042,0.566468,0.567234,0.568171,0.569319,0.570741,0.573202,0.57617
2023-07-02 13:00:00+00:00,0.480365,0.486,0.504827,0.525385,0.534213,0.53766,0.540694,0.543249,0.545702,0.546468,0.547234
2023-07-02 14:00:00+00:00,0.483971,0.496267,0.505663,0.513538,0.51662,0.518128,0.522978,0.529575,0.536377,0.541137,0.546383
2023-07-02 15:00:00+00:00,0.492918,0.497308,0.509749,0.522102,0.526681,0.527788,0.529873,0.532936,0.536,0.539064,0.542128
2023-07-02 16:00:00+00:00,0.499149,0.501064,0.513597,0.526697,0.534128,0.538723,0.542639,0.546156,0.551438,0.562434,0.574468
2023-07-02 17:00:00+00:00,0.416729,0.428591,0.430468,0.431234,0.438085,0.448404,0.455319,0.457234,0.462468,0.479262,0.493617
2023-07-02 18:00:00+00:00,0.154029,0.156339,0.156596,0.156596,0.156851,0.157234,0.158979,0.162425,0.169151,0.185233,0.205107
2023-07-02 19:00:00+00:00,-0.0511098,-0.0388131,-0.021394,-0.00609476,0.0230311,0.0664813,0.106194,0.140471,0.173463,0.212832,0.261277
2023-07-02 20:00:00+00:00,-0.123959,-0.0895054,-0.0630079,-0.0329428,-0.0177444,-0.00861647,0.032766,0.131894,0.203768,0.242065,0.276596
2023-07-02 21:00:00+00:00,-0.00612763,0.0479521,0.0591244,0.0632979,0.0893634,0.123134,0.144335,0.151217,0.158468,0.166894,0.175319
2023-07-02 22:00:00+00:00,-0.164255,-0.164255,-0.100155,-0.0235905,0.00161716,0.00659583,0.0440706,0.131677,0.189044,0.193477,0.200851
2023-07-02 23:00:00+00:00,-0.344085,-0.256579,-0.200472,-0.148636,-0.113513,-0.0837942,-0.0460436,0.00037825,0.0491646,0.115487,0.174468
2023-07-03 00:00:00+00:00,-0.106808,-0.102596,-0.0695484,-0.0280103,-0.00568082,0.0117674,0.0583383,0.140538,0.194383,0.195915,0.197447
2023-07-03 01:00:00+00:00,-0.132897,-0.0766807,-0.0576152,-0.04007,0.00127933,0.0584255,0.117578,0.168638,0.235661,0.349047,0.405958
2023-07-03 02:00:00+00:00,0.170931,0.207912,0.246678,0.280983,0.339925,0.388143,0.406842,0.416876,0.433395,0.469524,0.502128
2023-07-03 03:00:00+00:00,0.33108,0.364446,0.406132,0.431499,0.453532,0.474225,0.492061,0.512937,0.536638,0.587557,0.669787
2023-07-03 04:00:00+00:00,0.615335,0.61917,0.624973,0.631108,0.640778,0.654253,0.665785,0.675039,0.686049,0.70571,0.728511
2023-07-03 05:00:00+00:00,0.743764,0.744588,0.753508,0.762781,0.770377,0.777005,0.781447,0.783745,0.791391,0.82274,0.869787
2023-07-03 06:00:00+00:00,0.797393,0.802014,0.804596,0.806894,0.807915,0.808298,0.810221,0.814069,0.823102,0.848683,0.917447
2023-07-03 07:00:00+00:00,0.782553,0.782936,0.783319,0.783702,0.784596,0.785745,0.786871,0.787969,0.795244,0.828483,0.880851
2023-07-03 08:00:00+00:00,0.72168,0.73408,0.736681,0.738212,0.740903,0.744236,0.746383,0.746383,0.75166,0.775279,0.800851
2023-07-03 09:00:00+00:00,0.659067,0.675794,0.681532,0.686128,0.692201,0.698445,0.70383,0.70766,0.713542,0.725103,0.737021
2023-07-03 10:00:00+00:00,0.59928,0.615973,0.620973,0.624392,0.625787,0.62617,0.630776,0.641254,0.651884,0.655307,0.658723
2023-07-03 11:00:00+00:00,0.543617,0.557596,0.567885,0.581727,0.588255,0.589787,0.592838,0.597788,0.603064,0.605362,0.60766
2023-07-03 12:00:00+00:00,0.510723,0.522997,0.535713,0.550434,0.558468,0.56231,0.564595,0.565361,0.566774,0.570451,0.574468
2023-07-03 13:00:00+00:00,0.499149,0.511842,0.518638,0.525745,0.528937,0.530851,0.533447,0.536894,0.541618,0.552114,0.562553
2023-07-03 14:00:00+00:00,0.486454,0.49648,0.504097,0.51028,0.514337,0.517118,0.521787,0.52649,0.531781,0.538839,0.546383
2023-07-03 15:00:00+00:00,0.501418,0.504377,0.508902,0.513575,0.518817,0.525426,0.529192,0.530724,0.534115,0.544192,0.555745
2023-07-03 16:00:00+00:00,0.511915,0.526277,0.529022,0.530553,0.533872,0.538085,0.540596,0.540979,0.545362,0.564426,0.590638
2023-07-03 17:00:00+00:00,0.44,0.449107,0.451575,0.453106,0.453872,0.454255,0.457192,0.463319,0.476851,0.514362,0.554894
2023-07-03 18:00:00+00:00,0.154454,0.157148,0.160511,0.163957,0.172513,0.182171,0.193774,0.217993,0.237924,0.247728,0.257021
2023-07-03 19:00:00+00:00,-0.0812766,-0.0770638,-0.00970955,0.0636779,0.136832,0.197545,0.248516,0.255782,0.261277,0.261277,0.261277
2023-07-03 20:00:00+00:00,-0.138297,-0.137915,-0.116281,-0.0899148,-0.0568731,-0.0157105,0.0302414,0.104775,0.160764,0.178805,0.194894
2023-07-03 21:00:00+00:00,-0.232722,-0.181801,-0.1357,-0.0877804,-0.065579,-0.0554371,-0.00385775,0.0992905,0.177592,0.187633,0.200851
2023-07-03 22:00:00+00:00,-0.212861,-0.179205,-0.15794,-0.13952,-0.125948,-0.112403,-0.0766584,-0.0113275,0.0512092,0.125459,0.188085
2023-07-03 23:00:00+00:00,-0.293187,-0.266134,-0.249804,-0.236098,-0.206237,-0.172348,-0.137784,-0.0979543,-0.0390719,0.0825195,0.197447
2023-07-04 00:00:00+00:00,-0.226035,-0.203947,-0.185246,-0.165921,-0.143207,-0.118209,-0.0891072,-0.0604047,-0.0271424,-0.00314931,0.0212767
2023-07-04 01:00:00+00:00,-0.24383,-0.241915,-0.230339,-0.216521,-0.124255,0.0127662,0.102931,0.124442,0.147485,0.178808,0.213617
2023-07-04 02:00:00+00:00,0.0811354,0.089362,0.105909,0.124109,0.173432,0.248691,0.383295,0.447908,0.492717,0.53572,0.590638
2023-07-04 03:00:00+00:00,0.32353,0.332669,0.343897,0.355188,0.361107,0.365319,0.434519,0.524645,0.637631,0.722645,0.814468
2023-07-04 04:00:00+00:00,0.626761,0.631776,0.63268,0.633063,0.649296,0.672553,0.685651,0.690706,0.705691,0.761405,0.830638
2023-07-04 05:00:00+00:00,0.770213,0.774042,0.777982,0.78173,0.788988,0.799178,0.808275,0.8157,0.827508,0.850109,0.881702
2023-07-04 06:00:00+00:00,0.796596,0.800425,0.801532,0.802298,0.813277,0.834255,0.849362,0.853298,0.859733,0.871939,0.954894
2023-07-04 07:00:00+00:00,0.781307,0.785875,0.787359,0.788514,0.798529,0.813723,0.829489,0.841447,0.853502,0.866387,0.891064
2023-07-04 08:00:00+00:00,0.740655,0.745752,0.754845,0.763636,0.769617,0.77383,0.777751,0.78117,0.786053,0.797285,0.809362
2023-07-04 09:00:00+00:00,0.682553,0.687149,0.690826,0.69424,0.697471,0.700699,0.705022,0.709617,0.71437,0.719673,0.725106
2023-07-04 10:00:00+00:00,0.617872,0.617872,0.620973,0.624392,0.62705,0.629337,0.632,0.635064,0.639238,0.649252,0.658723
2023-07-04 11:00:00+00:00,0.562674,0.565629,0.567659,0.569575,0.575638,0.58508,0.590638,0.590638,0.593027,0.605306,0.619574
2023-07-04 12:00:00+00:00,0.527376,0.53069,0.536997,0.543787,0.548425,0.551489,0.555517,0.560751,0.565493,0.572766,0.582128
2023-07-04 13:00:00+00:00,0.51532,0.517234,0.523007,0.527589,0.530128,0.531277,0.532426,0.533574,0.536936,0.548886,0.561702
2023-07-04 14:00:00+00:00,0.494042,0.495957,0.496802,0.497595,0.50834,0.522872,0.530894,0.532426,0.536659,0.55158,0.566809
2023-07-04 15:00:00+00:00,0.506808,0.508723,0.510638,0.512554,0.518341,0.527128,0.534274,0.53958,0.547427,0.563222,0.582979
2023-07-04 16:00:00+00:00,0.512256,0.516178,0.526582,0.537549,0.543376,0.54695,0.551319,0.556681,0.562949,0.574978,0.591489
2023-07-04 17:00:00+00:00,0.41149,0.414936,0.426979,0.437809,0.444231,0.447873,0.454176,0.462,0.474894,0.50383,0.533617
2023-07-04 18:00:00+00:00,0.168952,0.178631,0.196684,0.226516,0.255156,0.283237,0.301277,0.303192,0.305155,0.307069,0.308936
2023-07-04 19:00:00+00:00,-0.0833454,-0.0611854,-0.048989,-0.0371408,-0.00561777,0.034795,0.0904375,0.144362,0.187468,0.224387,0.261277
2023-07-04 20:00:00+00:00,-0.126198,-0.077487,-0.0400891,-0.00690013,0.0044256,0.00595754,0.0142328,0.0306535,0.0643299,0.135472,0.195745
2023-07-04 21:00:00+00:00,-0.099539,-0.0704644,-0.0602614,-0.0517377,-0.0364831,-0.0209802,0.00285677,0.0419352,0.0974794,0.174133,0.260426
2023-07-04 22:00:00+00:00,-0.246808,-0.242213,-0.213844,-0.18526,-0.168607,-0.159175,-0.0864048,0.0705904,0.192712,0.227584,0.259575
2023-07-04 23:00:00+00:00,-0.290054,-0.258887,-0.246162,-0.234352,-0.22089,-0.208128,-0.16149,-0.0734479,0.010079,0.0759325,0.140426
2023-07-05 00:00:00+00:00,-0.259212,-0.250326,-0.248,-0.246468,-0.214658,-0.170041,-0.10597,-0.0112483,0.0912761,0.213811,0.356596
2023-07-05 01:00:00+00:00,-0.168076,-0.147006,-0.139915,-0.134553,-0.131234,-0.128936,-0.117293,-0.0931203,-0.0557343,0.0343969,0.135319
2023-07-05 02:00:00+00:00,0.0550772,0.0698631,0.118386,0.166788,0.187391,0.198952,0.267888,0.380893,0.433519,0.502971,0.577872
2023-07-05 03:00:00+00:00,0.32353,0.332669,0.348118,0.362423,0.370578,0.375445,0.43462,0.517227,0.612135,0.692376,0.771915
2023-07-05 04:00:00+00:00,0.617937,0.620949,0.625995,0.631371,0.657375,0.688224,0.707092,0.714255,0.728423,0.76951,0.819574
2023-07-05 05:00:00+00:00,0.780426,0.782724,0.784341,0.785872,0.796194,0.811999,0.824681,0.828511,0.833643,0.843886,0.854468
2023-07-05 06:00:00+00:00,0.820425,0.840936,0.845106,0.847022,0.847915,0.848298,0.852222,0.862521,0.871456,0.875137,0.885106
2023-07-05 07:00:00+00:00,0.796279,0.805726,0.812207,0.819471,0.822383,0.822766,0.823319,0.824085,0.827472,0.841133,0.85617
2023-07-05 08:00:00+00:00,0.756802,0.765669,0.766808,0.766808,0.767319,0.768085,0.77168,0.778681,0.785777,0.79553,0.805957
2023-07-05 09:00:00+00:00,0.690681,0.693342,0.693617,0.693617,0.694128,0.694893,0.696754,0.699982,0.70349,0.705787,0.708085
2023-07-05 10:00:00+00:00,0.608751,0.61696,0.617872,0.617872,0.618392,0.619164,0.621777,0.626735,0.633092,0.645407,0.658723
2023-07-05 11:00:00+00:00,0.484144,0.496377,0.501106,0.504897,0.509456,0.514399,0.517958,0.519785,0.524833,0.541156,0.557479
2023-07-05 12:00:00+00:00,0.48227,0.486906,0.492276,0.497736,0.503794,0.510151,0.514474,0.516255,0.518627,0.523063,0.527499
2023-07-05 13:00:00+00:00,0.45759,0.461867,0.46493,0.467841,0.472387,0.477751,0.484527,0.493067,0.501082,0.507257,0.513431
2023-07-05 14:00:00+00:00,0.515591,0.523053,0.528035,0.532706,0.537953,0.543488,0.547045,0.54813,0.553732,0.575146,0.59656
2023-07-05 15:00:00+00:00,0.553347,0.554803,0.556331,0.557867,0.558759,0.559328,0.562264,0.568158,0.574999,0.585151,0.595302
2023-07-05 16:00:00+00:00,0.561623,0.562079,0.56438,0.566912,0.569238,0.571461,0.574313,0.577951,0.584193,0.599547,0.614901
2023-07-05 17:00:00+00:00,0.476643,0.477483,0.477972,0.478416,0.482445,0.488266,0.493893,0.499279,0.505692,0.515702,0.525711
2023-07-05 18:00:00+00:00,0.210871,0.230017,0.236882,0.242211,0.252477,0.265213,0.276329,0.285421,0.29942,0.330594,0.361767
2023-07-05 19:00:00+00:00,-0.0518039,-0.0420132,-0.0369281,-0.0324313,-0.0165051,0.00513578,0.0291442,0.0561122,0.0830589,0.109931,0.136804
2023-07-05 20:00:00+00:00,-0.142709,-0.136657,-0.113845,-0.0889382,-0.0173323,0.0776232,0.139469,0.159929,0.179577,0.196381,0.213185
2023-07-05 21:00:00+00:00,-0.19043,-0.189625,-0.183125,-0.175912,-0.143913,-0.0995198,-0.0626098,-0.0350535,0.0156129,0.147165,0.278718
2023-07-05 22:00:00+00:00,-0.302172,-0.275201,-0.231055,-0.184762,-0.14875,-0.117879,-0.0953918,-0.083386,-0.0439231,0.0916396,0.227202
2023-07-05 23:00:00+00:00,-0.20719,-0.204755,-0.173251,-0.138113,-0.0948979,-0.0476437,-0.0156589,-0.0027608,0.0154436,0.0522202,0.0889968
2023-07-06 00:00:00+00:00,-0.0404485,0.0213099,0.0551502,0.0855007,0.114293,0.142306,0.158959,0.161414,0.164234,0.168333,0.172433
2023-07-06 01:00:00+00:00,-0.0656837,-0.0572997,-0.0324341,-0.00550827,0.0576823,0.139005,0.231234,0.337096,0.42913,0.472767,0.516404
2023-07-06 02:00:00+00:00,0.208587,0.318308,0.351353,0.374814,0.390545,0.402411,0.418305,0.439235,0.465392,0.50984,0.554287
2023-07-06 03:00:00+00:00,0.15415,0.161763,0.199183,0.240328,0.303701,0.378186,0.432547,0.461754,0.486007,0.492919,0.499832
2023-07-06 04:00:00+00:00,0.372528,0.392482,0.412987,0.433562,0.442329,0.445193,0.462822,0.498907,0.534275,0.567136,0.599996
2023-07-06 05:00:00+00:00,0.596437,0.604049,0.605442,0.606058,0.626588,0.657074,0.684058,0.706666,0.726562,0.736967,0.747371
2023-07-06 06:00:00+00:00,0.611923,0.631532,0.638104,0.643048,0.661298,0.686202,0.712177,0.739492,0.764301,0.780338,0.796376
2023-07-06 07:00:00+00:00,0.62686,0.643499,0.65359,0.662863,0.667113,0.668852,0.683377,0.713884,0.739307,0.746934,0.754561
2023-07-06 08:00:00+00:00,0.59967,0.603043,0.625236,0.649782,0.660243,0.663661,0.671751,0.685682,0.69873,0.708691,0.718652
2023-07-06 09:00:00+00:00,0.567888,0.570834,0.583949,0.598336,0.606911,0.612582,0.61762,0.621868,0.628997,0.646205,0.663414
2023-07-06 10:00:00+00:00,0.516733,0.5226,0.524616,0.526151,0.530824,0.537066,0.545492,0.556646,0.569747,0.589661,0.609575
2023-07-06 11:00:00+00:00,0.540071,0.540893,0.54342,0.54744,0.554959,0.567908,0.577617,0.58183,0.588128,0.603908,0.622128
2023-07-06 12:00:00+00:00,0.510496,0.513688,0.517192,0.521155,0.524752,0.528546,0.532129,0.5355,0.541314,0.5561,0.572198
2023-07-06 13:00:00+00:00,0.485674,0.489291,0.494185,0.498511,0.501698,0.503759,0.506071,0.510922,0.517177,0.531475,0.545532
2023-07-06 14:00:00+00:00,0.478652,0.480816,0.483036,0.485215,0.489078,0.494575,0.503178,0.515383,0.525858,0.532149,0.539291
2023-07-06 15:00:00+00:00,0.484326,0.489646,0.492075,0.493951,0.496156,0.498741,0.507282,0.522804,0.537054,0.543575,0.550071
2023-07-06 16:00:00+00:00,0.483333,0.487057,0.491931,0.497164,0.500936,0.503085,0.507724,0.515014,0.524256,0.538688,0.554326
2023-07-06 17:00:00+00:00,0.450284,0.463574,0.470482,0.477653,0.484979,0.494858,0.500669,0.503872,0.508,0.517617,0.52766
2023-07-06 18:00:00+00:00,0.276953,0.322262,0.352269,0.369319,0.386952,0.401871,0.413536,0.422412,0.435863,0.461355,0.485674
2023-07-06 19:00:00+00:00,0.0674474,0.0711798,0.0910876,0.111052,0.13234,0.160234,0.193952,0.22798,0.268962,0.298771,0.335887
2023-07-06 20:00:00+00:00,-0.0543719,-0.0372334,-0.0228354,-0.008176,0.0168451,0.0494588,0.0733454,0.0956752,0.117677,0.147732,0.182128
2023-07-06 21:00:00+00:00,-0.146886,-0.121438,-0.0908823,-0.055367,-0.029496,-0.00647124,0.0220335,0.0533475,0.0913062,0.133428,0.176454
2023-07-06 22:00:00+00:00,-0.240937,-0.211969,-0.187867,-0.164448,-0.118135,-0.0619778,-0.00287471,0.0542808,0.109932,0.171397,0.238298
2023-07-06 23:00:00+00:00,-0.19326,-0.171844,-0.080511,0.0196307,0.0736578,0.105204,0.139055,0.174566,0.225815,0.325918,0.394043
2023-07-07 00:00:00+00:00,-0.178744,-0.1535,-0.107289,-0.060656,-0.0306801,-0.00821838,0.0353908,0.107419,0.179574,0.241655,0.298724
2023-07-07 01:00:00+00:00,-0.0524803,0.00117501,0.0232199,0.044229,0.0892679,0.143714,0.193099,0.242411,0.319844,0.40943,0.445106
2023-07-07 02:00:00+00:00,0.150445,0.243706,0.289226,0.337159,0.389663,0.419483,0.448298,0.468078,0.484442,0.492483,0.500426
2023-07-07 03:00:00+00:00,0.479521,0.516533,0.536539,0.555993,0.573305,0.589362,0.606577,0.624258,0.645543,0.680201,0.718014
2023-07-07 04:00:00+00:00,0.592198,0.611664,0.648764,0.689975,0.710085,0.721714,0.729866,0.732752,0.742847,0.782581,0.828369
2023-07-07 05:00:00+00:00,0.730349,0.735314,0.747569,0.761318,0.769161,0.772454,0.783791,0.807447,0.831445,0.846596,0.868085
2023-07-07 06:00:00+00:00,0.759947,0.767286,0.775385,0.787041,0.797141,0.806317,0.812829,0.816848,0.825336,0.850179,0.885673
2023-07-07 07:00:00+00:00,0.758488,0.769135,0.773335,0.77703,0.781049,0.784811,0.789524,0.797657,0.807183,0.82403,0.859291
2023-07-07 08:00:00+00:00,0.709078,0.718298,0.724596,0.730976,0.734379,0.735806,0.742361,0.754792,0.768181,0.786431,0.815887
2023-07-07 09:00:00+00:00,0.647971,0.652908,0.66096,0.668787,0.674127,0.678321,0.685872,0.697898,0.710553,0.727423,0.745815
2023-07-07 10:00:00+00:00,0.58305,0.589653,0.594319,0.599813,0.606093,0.612942,0.622006,0.636575,0.651355,0.667263,0.682837
2023-07-07 11:00:00+00:00,0.54383,0.54383,0.54383,0.544394,0.545532,0.546808,0.554298,0.567851,0.581447,0.582213,0.582979
2023-07-07 12:00:00+00:00,0.516367,0.520787,0.523404,0.524255,0.524255,0.525106,0.528256,0.53617,0.54383,0.546296,0.548936
2023-07-07 13:00:00+00:00,0.485958,0.489256,0.500809,0.514043,0.517447,0.518298,0.52,0.523404,0.525106,0.525958,0.526809
2023-07-07 14:00:00+00:00,0.495319,0.497872,0.498723,0.501192,0.507234,0.514575,0.518894,0.5205,0.524255,0.533617,0.542979
2023-07-07 15:00:00+00:00,0.505532,0.507287,0.513958,0.519979,0.523659,0.525106,0.529022,0.53517,0.541532,0.553191,0.564255
2023-07-07 16:00:00+00:00,0.480426,0.484,0.485958,0.488511,0.493234,0.503298,0.512,0.52,0.52766,0.533617,0.539575
2023-07-07 17:00:00+00:00,0.38687,0.395675,0.399126,0.400062,0.425489,0.45383,0.470638,0.473532,0.479149,0.491404,0.507234
2023-07-07 18:00:00+00:00,0.121116,0.130704,0.168447,0.215556,0.239991,0.249681,0.330939,0.412795,0.451064,0.490213,0.529362
2023-07-07 19:00:00+00:00,-0.0299998,-0.0282765,-0.0274041,-0.0266381,0.0307495,0.1384,0.196322,0.229532,0.264307,0.313953,0.353192
2023-07-07 20:00:00+00:00,-0.287696,-0.287663,-0.180233,-0.07037,-0.0275743,-0.0268083,-0.0139601,0.0137861,0.0460453,0.101522,0.148085
2023-07-07 21:00:00+00:00,-0.290693,-0.288886,-0.2877,-0.287668,-0.280277,-0.26542,-0.256425,-0.252098,-0.215106,-0.0663489,0.0910639
2023-07-07 22:00:00+00:00,-0.220609,-0.15283,-0.128165,-0.101352,-0.0602494,-0.00723383,0.029617,0.0647835,0.0964498,0.121021,0.144681
2023-07-07 23:00:00+00:00,-0.189984,-0.150712,-0.134396,-0.120816,-0.0730425,-0.0115444,0.0367661,0.0905532,0.127617,0.131956,0.134468
2023-07-08 00:00:00+00:00,-0.169078,-0.117755,-0.096697,-0.0808017,-0.0146668,0.0711551,0.124766,0.130731,0.146917,0.209593,0.28766
2023-07-08 01:00:00+00:00,0.100074,0.118671,0.132809,0.142098,0.147372,0.150935,0.170401,0.211993,0.356966,0.485958,0.589787
2023-07-08 02:00:00+00:00,0.113188,0.135623,0.1408,0.143931,0.14867,0.156498,0.184426,0.263031,0.392341,0.484255,0.566809
2023-07-08 03:00:00+00:00,0.270193,0.302736,0.317348,0.325271,0.413617,0.468085,0.515745,0.568511,0.638683,0.65039,0.660425
2023-07-08 04:00:00+00:00,0.619363,0.628758,0.640527,0.655475,0.696917,0.757588,0.798298,0.806732,0.819489,0.845632,0.875745
2023-07-08 05:00:00+00:00,0.800744,0.806329,0.809237,0.813064,0.815234,0.816383,0.826116,0.850667,0.875713,0.886354,0.902979
2023-07-08 06:00:00+00:00,0.824221,0.830705,0.838256,0.846244,0.848766,0.849149,0.849873,0.851021,0.854071,0.862965,0.874043
2023-07-08 07:00:00+00:00,0.758075,0.770106,0.776459,0.782423,0.788286,0.794949,0.797302,0.798298,0.802042,0.824,0.851915
2023-07-08 08:00:00+00:00,0.691457,0.703824,0.712648,0.719956,0.731474,0.743192,0.751319,0.753804,0.757702,0.761957,0.771064
2023-07-08 09:00:00+00:00,0.637447,0.640298,0.653589,0.667234,0.672056,0.672535,0.681445,0.694271,0.705784,0.706656,0.707234
2023-07-08 10:00:00+00:00,0.582554,0.591361,0.594724,0.597115,0.603361,0.610532,0.618638,0.628729,0.637447,0.638894,0.640851
2023-07-08 11:00:00+00:00,0.540426,0.54851,0.55287,0.556842,0.560427,0.565035,0.568681,0.571196,0.576238,0.585385,0.596596
2023-07-08 12:00:00+00:00,0.511489,0.519242,0.52383,0.528099,0.53178,0.534149,0.536738,0.539688,0.544681,0.556447,0.571915
2023-07-08 13:00:00+00:00,0.491489,0.493298,0.496709,0.499429,0.50434,0.509712,0.518298,0.52939,0.53978,0.546674,0.554042
2023-07-08 14:00:00+00:00,0.494184,0.494688,0.497376,0.499575,0.502624,0.506755,0.514582,0.526723,0.537404,0.543465,0.550355
2023-07-08 15:00:00+00:00,0.508794,0.511734,0.51882,0.526858,0.531895,0.535259,0.540142,0.545084,0.55103,0.556795,0.562553
2023-07-08 16:00:00+00:00,0.503617,0.506532,0.510738,0.516089,0.52083,0.524569,0.530525,0.539117,0.547979,0.553343,0.559433
2023-07-08 17:00:00+00:00,0.408373,0.416866,0.433442,0.447323,0.457433,0.466312,0.47461,0.481954,0.49181,0.512369,0.533901
2023-07-08 18:00:00+00:00,0.109598,0.119603,0.139579,0.158718,0.176347,0.191582,0.227872,0.276289,0.308963,0.371773,0.444256
2023-07-08 19:00:00+00:00,-0.0669862,-0.0430185,-0.0165739,0.0102238,0.0421526,0.0855382,0.129919,0.162662,0.190893,0.216503,0.269787
2023-07-08 20:00:00+00:00,-0.220431,-0.210642,-0.182862,-0.155055,-0.128645,-0.105728,-0.0821532,-0.0600389,-0.0347944,-0.00671777,0.0183212
2023-07-08 21:00:00+00:00,-0.340868,-0.282983,-0.257237,-0.237966,-0.171973,-0.0987473,-0.0495879,-0.0262945,0.00718267,0.0631884,0.120449
2023-07-08 22:00:00+00:00,-0.39426,-0.373029,-0.322987,-0.25991,-0.18293,-0.121156,-0.0818679,-0.0704911,-0.037067,0.0666365,0.176454
2023-07-08 23:00:00+00:00,-0.244501,-0.177935,-0.138386,-0.104084,-0.0853716,-0.0739286,-0.0408596,0.0127629,0.0731547,0.130294,0.208227
2023-07-09 00:00:00+00:00,-0.124789,-0.114089,-0.0684136,-0.0141244,0.0289283,0.060516,0.0864016,0.121444,0.175398,0.242611,0.315461
2023-07-09 01:00:00+00:00,-0.0233073,0.0386005,0.079314,0.116359,0.165602,0.227463,0.310897,0.365295,0.408034,0.442502,0.482151
2023-07-09 02:00:00+00:00,0.252846,0.306751,0.337097,0.352987,0.380638,0.412745,0.448998,0.473748,0.500371,0.548963,0.601986
2023-07-09 03:00:00+00:00,0.366105,0.373369,0.438248,0.495604,0.548292,0.593833,0.648672,0.690473,0.721272,0.746697,0.767376
2023-07-09 04:00:00+00:00,0.666714,0.715803,0.736181,0.755971,0.773206,0.792199,0.806719,0.822425,0.841812,0.853569,0.867518
2023-07-09 05:00:00+00:00,0.803778,0.807684,0.825867,0.845515,0.85895,0.867163,0.872451,0.885424,0.897692,0.904818,0.917731
2023-07-09 06:00:00+00:00,0.818613,0.820669,0.828643,0.838536,0.845196,0.850486,0.856606,0.864974,0.875415,0.883524,0.908369
2023-07-09 07:00:00+00:00,0.765796,0.773744,0.778105,0.787836,0.795173,0.802251,0.809039,0.822966,0.832736,0.84842,0.869503
2023-07-09 08:00:00+00:00,0.711038,0.718156,0.724508,0.732261,0.735202,0.741285,0.752882,0.76467,0.775774,0.7884,0.802553
2023-07-09 09:00:00+00:00,0.649977,0.65374,0.663717,0.673566,0.679787,0.684713,0.690667,0.700985,0.709787,0.715507,0.722269
2023-07-09 10:00:00+00:00,0.583404,0.590876,0.598837,0.607567,0.620138,0.622331,0.625724,0.630184,0.635292,0.642953,0.652482
2023-07-09 11:00:00+00:00,0.589184,0.597084,0.600912,0.60464,0.609759,0.616535,0.622928,0.63006,0.63628,0.646635,0.655808
2023-07-09 12:00:00+00:00,0.548629,0.556084,0.561707,0.568295,0.571559,0.574177,0.577963,0.580826,0.584482,0.598744,0.61043
2023-07-09 13:00:00+00:00,0.528631,0.533397,0.536442,0.54043,0.544639,0.548271,0.553328,0.559423,0.566626,0.575462,0.587511
2023-07-09 14:00:00+00:00,0.520832,0.52261,0.525454,0.528473,0.53263,0.535571,0.541606,0.552418,0.562683,0.567917,0.580797
2023-07-09 15:00:00+00:00,0.521147,0.522789,0.52691,0.531273,0.535931,0.541434,0.548133,0.55706,0.565289,0.567239,0.582205
2023-07-09 16:00:00+00:00,0.509439,0.510402,0.514702,0.52047,0.526956,0.535052,0.542838,0.54754,0.553126,0.563769,0.569949
2023-07-09 17:00:00+00:00,0.456412,0.462369,0.471815,0.481503,0.488666,0.493172,0.502134,0.510356,0.523992,0.545316,0.575481
2023-07-09 18:00:00+00:00,0.36061,0.369519,0.378248,0.392279,0.402387,0.407564,0.417003,0.433666,0.444711,0.46537,0.503093
2023-07-09 19:00:00+00:00,0.18992,0.21134,0.224939,0.237368,0.252116,0.26768,0.290893,0.32085,0.353017,0.398609,0.454445
2023-07-09 20:00:00+00:00,-0.0317233,-0.00024593,0.0147766,0.0313379,0.0502629,0.0692385,0.123511,0.19604,0.272415,0.296288,0.328231
2023-07-09 21:00:00+00:00,-0.169926,-0.139054,-0.0873645,-0.0398796,-0.00733752,0.0181715,0.0675075,0.13408,0.204325,0.237911,0.291047
2023-07-09 22:00:00+00:00,-0.138989,-0.100939,-0.0741579,-0.0557445,-0.0406981,-0.0271445,0.0225687,0.107436,0.159207,0.213468,0.27616
2023-07-09 23:00:00+00:00,-0.122522,-0.110575,-0.101542,-0.0902241,-0.060001,-0.00921243,0.0414372,0.105147,0.160766,0.196144,0.226473
2023-07-10 00:00:00+00:00,-0.0476501,-0.00569094,0.0159097,0.0338505,0.0579098,0.0859307,0.111826,0.140585,0.169398,0.192857,0.209395
2023-07-10 01:00:00+00:00,0.030472,0.0449464,0.0649137,0.0851141,0.10654,0.131961,0.156781,0.201694,0.235697,0.257224,0.273872
2023-07-10 02:00:00+00:00,0.244489,0.256434,0.262966,0.268512,0.282616,0.301844,0.316096,0.32326,0.3678,0.455601,0.494898
2023-07-10 03:00:00+00:00,0.429282,0.456563,0.480784,0.498061,0.505099,0.508177,0.511877,0.519401,0.532171,0.564637,0.605575
2023-07-10 04:00:00+00:00,0.558661,0.574686,0.582156,0.588971,0.600027,0.612524,0.625671,0.637518,0.665369,0.727522,0.783291
2023-07-10 05:00:00+00:00,0.69983,0.730382,0.735681,0.738416,0.750383,0.764268,0.780077,0.800302,0.817749,0.831606,0.845683
2023-07-10 06:00:00+00:00,0.790863,0.797293,0.801995,0.807499,0.811094,0.816507,0.827563,0.838864,0.851889,0.861235,0.884719
2023-07-10 07:00:00+00:00,0.785705,0.787477,0.795899,0.809308,0.815628,0.819091,0.825953,0.83749,0.84999,0.862402,0.876873
2023-07-10 08:00:00+00:00,0.748511,0.757359,0.761576,0.76381,0.769299,0.777833,0.788032,0.800467,0.81066,0.821956,0.837534
2023-07-10 09:00:00+00:00,0.691231,0.697004,0.705802,0.714973,0.723994,0.733094,0.7411,0.747033,0.752553,0.758059,0.764842
2023-07-10 10:00:00+00:00,0.637653,0.641616,0.648771,0.653944,0.66046,0.668208,0.674363,0.680506,0.689503,0.69555,0.701422
2023-07-10 11:00:00+00:00,0.535319,0.543327,0.550873,0.558918,0.562359,0.563497,0.568511,0.57662,0.595064,0.59583,0.596596
2023-07-10 12:00:00+00:00,0.50383,0.513021,0.517873,0.525744,0.529362,0.53,0.531277,0.54383,0.556979,0.563404,0.570213
2023-07-10 13:00:00+00:00,0.482127,0.491236,0.492819,0.493979,0.508267,0.526812,0.537404,0.537872,0.537872,0.538723,0.540426
2023-07-10 14:00:00+00:00,0.472661,0.492766,0.495574,0.49617,0.507234,0.51971,0.533352,0.538723,0.541277,0.54417,0.548988
2023-07-10 15:00:00+00:00,0.48329,0.495319,0.501277,0.509787,0.515064,0.528309,0.542179,0.546009,0.551161,0.56094,0.57072
2023-07-10 16:00:00+00:00,0.475745,0.492766,0.499744,0.507234,0.510638,0.512021,0.513575,0.515758,0.52,0.53199,0.54383
2023-07-10 17:00:00+00:00,0.404989,0.455532,0.460426,0.461362,0.464043,0.468191,0.474894,0.482447,0.491064,0.507234,0.522553
2023-07-10 18:00:00+00:00,0.142512,0.227084,0.293368,0.366271,0.386594,0.390432,0.398298,0.411064,0.433213,0.482851,0.517447
2023-07-10 19:00:00+00:00,-0.0340506,0.091286,0.0997125,0.160747,0.190702,0.195499,0.200644,0.203611,0.288407,0.41472,0.476596
2023-07-10 20:00:00+00:00,-0.082253,-0.0334971,-0.0215044,-0.0190215,-0.0161418,-0.0139716,-0.00514189,0.0125107,0.0992894,0.394915,0.492766
2023-07-10 21:00:00+00:00,-0.383442,-0.353191,-0.295946,-0.244148,-0.192417,-0.146383,-0.0721811,0.0339875,0.158925,0.277848,0.401702
2023-07-10 22:00:00+00:00,-0.353191,-0.350842,-0.293676,-0.24247,-0.172845,-0.100171,-0.0302189,0.0201494,0.192274,0.449424,0.644255
2023-07-10 23:00:00+00:00,-0.263125,-0.175307,-0.168085,-0.167446,-0.100452,-0.028085,0.00566885,0.0993233,0.224539,0.446341,0.524255
2023-07-11 00:00:00+00:00,-0.210162,-0.148605,-0.0749712,0.00453544,0.0639205,0.113157,0.177204,0.225454,0.284596,0.368772,0.371064
2023-07-11 01:00:00+00:00,-0.132319,0.00787171,0.0157448,0.0180852,0.0210825,0.0257404,0.0605818,0.12732,0.181715,0.230468,0.284255
2023-07-11 02:00:00+00:00,0.214318,0.22453,0.234356,0.246104,0.27862,0.31993,0.385365,0.428607,0.460511,0.494468,0.530213
2023-07-11 03:00:00+00:00,0.277755,0.336533,0.410213,0.445336,0.496718,0.562553,0.621625,0.622396,0.632852,0.680681,0.721702
2023-07-11 04:00:00+00:00,0.611026,0.620176,0.621973,0.622729,0.675915,0.74851,0.786723,0.787915,0.797118,0.810728,0.827234
2023-07-11 05:00:00+00:00,0.721702,0.788912,0.791384,0.793301,0.802536,0.814031,0.833108,0.838979,0.84949,0.859378,0.872341
2023-07-11 06:00:00+00:00,0.777873,0.821295,0.824527,0.826901,0.828851,0.83,0.833193,0.841532,0.857771,0.876663,0.900324
2023-07-11 07:00:00+00:00,0.75234,0.761546,0.777106,0.799518,0.809071,0.815207,0.819839,0.822591,0.830383,0.839064,0.84926
2023-07-11 08:00:00+00:00,0.697021,0.725266,0.730363,0.737212,0.743284,0.752866,0.760264,0.764931,0.776116,0.796331,0.809362
2023-07-11 09:00:00+00:00,0.655935,0.667234,0.669191,0.670215,0.678713,0.688511,0.696605,0.713144,0.7325,0.743617,0.754894
2023-07-11 10:00:00+00:00,0.583192,0.595256,0.601872,0.609192,0.613617,0.619995,0.627084,0.651072,0.672491,0.680447,0.686809
2023-07-11 11:00:00+00:00,0.544096,0.567109,0.570213,0.571032,0.572873,0.575532,0.58051,0.588319,0.603085,0.632436,0.662978
2023-07-11 12:00:00+00:00,0.500745,0.514468,0.520851,0.526809,0.532341,0.537234,0.543319,0.555138,0.568947,0.580851,0.594042
2023-07-11 13:00:00+00:00,0.478298,0.486255,0.491064,0.494893,0.499787,0.505957,0.51383,0.525323,0.53617,0.54621,0.55617
2023-07-11 14:00:00+00:00,0.463192,0.465532,0.465532,0.466096,0.477043,0.485106,0.490886,0.499541,0.505532,0.517305,0.530213
2023-07-11 15:00:00+00:00,0.464893,0.468394,0.473915,0.480886,0.484724,0.48766,0.491722,0.498931,0.505128,0.513447,0.520851
2023-07-11 16:00:00+00:00,0.471064,0.473782,0.47983,0.48593,0.488937,0.490638,0.493192,0.499511,0.506325,0.515745,0.525532
2023-07-11 17:00:00+00:00,0.436168,0.441702,0.450213,0.458724,0.464681,0.470851,0.477872,0.484766,0.493501,0.512195,0.531064
2023-07-11 18:00:00+00:00,0.32883,0.340482,0.348113,0.356216,0.367759,0.382659,0.401022,0.423085,0.442559,0.44766,0.48
2023-07-11 19:00:00+00:00,0.137778,0.148037,0.155496,0.166478,0.191573,0.227088,0.270493,0.296667,0.30579,0.306953,0.308936
2023-07-11 20:00:00+00:00,-0.0863829,-0.0803168,-0.0487658,-0.0147446,-0.00144665,-0.00106368,0.00118834,0.00255335,0.0227136,0.108277,0.182128
2023-07-11 21:00:00+00:00,-0.184468,-0.148787,-0.110643,-0.074372,-0.053817,-0.0394959,-0.0121291,0.0284471,0.0441912,0.0617753,0.0978725
2023-07-11 22:00:00+00:00,-0.0834421,-0.0177527,-0.00181119,0.00634638,0.0304088,0.0577601,0.067234,0.0733423,0.104209,0.154925,0.198298
2023-07-11 23:00:00+00:00,-0.108511,-0.0599565,-0.0202498,0.0135626,0.0168511,0.017234,0.0579196,0.112056,0.191079,0.304985,0.371489
2023-07-12 00:00:00+00:00,-0.0901464,-0.0444999,-0.00242448,0.0135626,0.0312822,0.0669289,0.121657,0.174124,0.198496,0.204035,0.345532
2023-07-12 01:00:00+00:00,-0.126808,-0.0956494,-0.0574096,-0.0180084,-0.0075029,0.0136172,0.0576079,0.117343,0.165817,0.316866,0.364681
2023-07-12 02:00:00+00:00,0.0283725,0.0355628,0.0850753,0.177619,0.247243,0.299223,0.356983,0.388387,0.430829,0.463766,0.486383
2023-07-12 03:00:00+00:00,0.11239,0.234989,0.399319,0.452766,0.473192,0.481915,0.50281,0.511533,0.522393,0.540941,0.56383
2023-07-12 04:00:00+00:00,0.482979,0.501532,0.535659,0.564643,0.588425,0.60766,0.638298,0.682149,0.713724,0.742319,0.77149
2023-07-12 05:00:00+00:00,0.644042,0.661851,0.681532,0.701638,0.724022,0.749841,0.769617,0.78218,0.797532,0.827213,0.862128
2023-07-12 06:00:00+00:00,0.77117,0.776586,0.782936,0.788766,0.792912,0.795484,0.799765,0.810206,0.822404,0.836616,0.86383
2023-07-12 07:00:00+00:00,0.795499,0.797425,0.798638,0.79966,0.802397,0.807457,0.812349,0.818839,0.824753,0.827708,0.830638
2023-07-12 08:00:00+00:00,0.742979,0.750351,0.760851,0.771043,0.779,0.783298,0.790349,0.799008,0.810947,0.827349,0.844681
2023-07-12 09:00:00+00:00,0.691808,0.700618,0.707573,0.714993,0.724148,0.738723,0.745728,0.750351,0.76403,0.799428,0.903404
2023-07-12 10:00:00+00:00,0.624043,0.634798,0.641772,0.646934,0.661276,0.678898,0.688839,0.69149,0.702239,0.746462,0.822128
2023-07-12 11:00:00+00:00,0.538275,0.539745,0.544212,0.549777,0.554702,0.558724,0.566638,0.5815,0.58809,0.591601,0.597872
2023-07-12 12:00:00+00:00,0.510851,0.515702,0.517416,0.518383,0.520996,0.525228,0.530638,0.543479,0.546905,0.551064,0.567234
2023-07-12 13:00:00+00:00,0.487234,0.488159,0.489617,0.492185,0.498767,0.504791,0.51043,0.517021,0.522532,0.524884,0.544255
2023-07-12 14:00:00+00:00,0.481915,0.482745,0.483958,0.486309,0.490511,0.494574,0.5,0.501723,0.506005,0.515745,0.557021
2023-07-12 15:00:00+00:00,0.485532,0.486287,0.49,0.495692,0.498362,0.502128,0.506212,0.509841,0.522979,0.53017,0.551489
2023-07-12 16:00:00+00:00,0.488085,0.490692,0.495958,0.500362,0.50383,0.505585,0.508484,0.511936,0.517702,0.525766,0.550638
2023-07-12 17:00:00+00:00,0.390727,0.393424,0.395403,0.396904,0.408817,0.426308,0.43549,0.440638,0.455425,0.475395,0.493617
2023-07-12 18:00:00+00:00,0.130284,0.137062,0.144958,0.148788,0.161258,0.191787,0.216696,0.257235,0.274426,0.295128,0.32383
2023-07-12 19:00:00+00:00,-0.0627437,-0.0557729,-0.0384224,-0.012444,0.0174464,0.0288133,0.0414917,0.0626893,0.0843501,0.112858,0.134894
2023-07-12 20:00:00+00:00,-0.141754,-0.125709,-0.105813,-0.0765047,-0.0590926,-0.0369867,0.00565313,0.044862,0.0810678,0.16809,0.228086
2023-07-12 21:00:00+00:00,-0.0960124,-0.0817659,-0.0604022,-0.0360936,0.00245603,0.0745781,0.174958,0.219162,0.263201,0.271092,0.28766
2023-07-12 22:00:00+00:00,-0.0923732,-0.0706595,-0.0451565,-0.0105447,0.0312629,0.0798404,0.111743,0.170829,0.200171,0.246643,0.26
2023-07-12 23:00:00+00:00,-0.132411,-0.099612,-0.0592351,-0.0292197,-0.00838966,0.00652108,0.0395365,0.0986102,0.144315,0.194461,0.248511
2023-07-13 00:00:00+00:00,-0.0745587,-0.0472471,-0.0156654,0.00959554,0.0515723,0.091117,0.125637,0.163228,0.200964,0.280142,0.356596
2023-07-13 01:00:00+00:00,-0.101499,-0.078149,-0.0623054,-0.0421498,-0.0123864,0.0200285,0.0750749,0.145258,0.259356,0.423435,0.483404
2023-07-13 02:00:00+00:00,0.168998,0.180254,0.19035,0.207239,0.289064,0.383011,0.408171,0.411447,0.429532,0.482553,0.531915
2023-07-13 03:00:00+00:00,0.361632,0.388958,0.425868,0.473192,0.485958,0.488511,0.490213,0.500266,0.526213,0.536681,0.558298
2023-07-13 04:00:00+00:00,0.585586,0.593649,0.600177,0.60957,0.622191,0.637979,0.652681,0.668107,0.693794,0.703002,0.721277
2023-07-13 05:00:00+00:00,0.737766,0.74382,0.751022,0.757159,0.768801,0.784713,0.793441,0.800834,0.809706,0.822099,0.835745
2023-07-13 06:00:00+00:00,0.779816,0.784787,0.793617,0.8005,0.805085,0.812436,0.819677,0.831498,0.845809,0.847544,0.861703
2023-07-13 07:00:00+00:00,0.766808,0.769681,0.771404,0.776924,0.780511,0.783936,0.796256,0.813192,0.826085,0.832278,0.841702
2023-07-13 08:00:00+00:00,0.711817,0.719346,0.723935,0.7264,0.732446,0.740372,0.749319,0.756596,0.762622,0.780521,0.804256
2023-07-13 09:00:00+00:00,0.644248,0.64934,0.655626,0.659043,0.661618,0.665266,0.671457,0.67658,0.684439,0.709915,0.739574
2023-07-13 10:00:00+00:00,0.590319,0.592021,0.595888,0.599869,0.600956,0.603827,0.606298,0.61317,0.616649,0.634091,0.656596
2023-07-13 11:00:00+00:00,0.575617,0.583477,0.58383,0.58383,0.584091,0.58556,0.587056,0.591433,0.604978,0.61146,0.617872
2023-07-13 12:00:00+00:00,0.529362,0.530946,0.534922,0.538723,0.54424,0.55117,0.555272,0.555745,0.561505,0.565487,0.574451
2023-07-13 13:00:00+00:00,0.498784,0.503981,0.508255,0.51234,0.518234,0.525851,0.528781,0.534709,0.542714,0.562246,0.584331
2023-07-13 14:00:00+00:00,0.48766,0.494064,0.495574,0.497595,0.504364,0.512766,0.519149,0.521957,0.529362,0.557447,0.58383
2023-07-13 15:00:00+00:00,0.497589,0.499802,0.503814,0.508667,0.512161,0.515301,0.517266,0.519601,0.522914,0.536893,0.56156
2023-07-13 16:00:00+00:00,0.492998,0.494468,0.513647,0.516849,0.519854,0.523687,0.527909,0.532319,0.537364,0.546392,0.56195
2023-07-13 17:00:00+00:00,0.471999,0.476871,0.480851,0.483796,0.490213,0.501064,0.50834,0.509808,0.515745,0.537779,0.56234
2023-07-13 18:00:00+00:00,0.219575,0.227734,0.235277,0.291865,0.320058,0.328202,0.353676,0.386838,0.403008,0.407795,0.416331
2023-07-13 19:00:00+00:00,0.0427749,0.0902784,0.105117,0.120694,0.140225,0.165485,0.181246,0.183922,0.255595,0.278127,0.307783
2023-07-13 20:00:00+00:00,-0.102717,-0.0859988,-0.0705378,-0.055342,-0.0363147,-0.0134905,0.0,0.0183713,0.0633978,0.0883004,0.223094
2023-07-13 21:00:00+00:00,-0.0333364,-0.0126176,-0.00053472,0.0,0.0,0.0,0.0134504,0.0926756,0.130949,0.140434,0.156596
2023-07-13 22:00:00+00:00,-0.0309219,-0.0291489,0.00076915,0.0517348,0.0955747,0.122968,0.160299,0.186042,0.192051,0.209561,0.241959
2023-07-13 23:00:00+00:00,-0.0769129,-0.0514667,-0.0259306,0.0,0.0,0.0,0.0452698,0.0854913,0.139752,0.144553,0.164543
2023-07-14 00:00:00+00:00,-0.10764,-0.0899129,-0.0711767,-0.0529211,-0.0168947,0.0,0.0,0.0750059,0.133711,0.139049,0.144337
2023-07-14 01:00:00+00:00,-0.0799746,-0.0653553,-0.0358646,0.0,0.0,0.0462414,0.0857864,0.0950911,0.118759,0.207113,0.356596
2023-07-14 02:00:00+00:00,0.034839,0.0475502,0.0505568,0.0515755,0.0999955,0.161902,0.182696,0.186947,0.346043,0.41583,0.451064
2023-07-14 03:00:00+00:00,0.383119,0.402711,0.453617,0.463724,0.473192,0.482021,0.497532,0.517066,0.535319,0.550638,0.580142
2023-07-14 04:00:00+00:00,0.501064,0.517986,0.527921,0.538669,0.552149,0.562305,0.579234,0.604319,0.6316,0.658297,0.690213
2023-07-14 05:00:00+00:00,0.62812,0.645607,0.667234,0.684585,0.70383,0.725106,0.729587,0.756704,0.78743,0.804053,0.851064
2023-07-14 06:00:00+00:00,0.732157,0.736978,0.744,0.754511,0.760823,0.763688,0.775744,0.787065,0.806014,0.823572,0.851915
2023-07-14 07:00:00+00:00,0.75482,0.761723,0.768246,0.773682,0.780215,0.787043,0.791855,0.799524,0.815893,0.835029,0.843404
2023-07-14 08:00:00+00:00,0.720851,0.724425,0.73421,0.745926,0.754443,0.760955,0.766979,0.767362,0.76966,0.779191,0.788085
2023-07-14 09:00:00+00:00,0.667234,0.669787,0.684454,0.697684,0.706178,0.71055,0.715367,0.720739,0.726601,0.735246,0.74246
2023-07-14 10:00:00+00:00,0.610269,0.611768,0.612356,0.613344,0.626359,0.64897,0.662566,0.667234,0.672482,0.685386,0.69538
2023-07-14 11:00:00+00:00,0.525958,0.530213,0.531064,0.531064,0.531834,0.532673,0.537872,0.550419,0.561006,0.561181,0.561356
2023-07-14 12:00:00+00:00,0.491064,0.491064,0.497872,0.506009,0.509106,0.51047,0.520014,0.541277,0.561396,0.561571,0.561702
2023-07-14 13:00:00+00:00,0.476452,0.477115,0.478298,0.48,0.480851,0.482249,0.496195,0.531064,0.561702,0.561702,0.561702
2023-07-14 14:00:00+00:00,0.475581,0.475745,0.475939,0.476215,0.477447,0.478629,0.49319,0.529592,0.561702,0.561702,0.561702
2023-07-14 15:00:00+00:00,0.493605,0.497872,0.498052,0.49806,0.49879,0.501277,0.514013,0.538723,0.5618,0.562359,0.562553
2023-07-14 16:00:00+00:00,0.497872,0.497989,0.49859,0.498736,0.499886,0.501447,0.514042,0.539276,0.562553,0.562553,0.562553
2023-07-14 17:00:00+00:00,0.390474,0.401848,0.41904,0.434844,0.445581,0.455912,0.480851,0.524678,0.562581,0.563139,0.563404
2023-07-14 18:00:00+00:00,0.195154,0.205692,0.213178,0.219192,0.233536,0.251895,0.405394,0.495319,0.563404,0.563404,0.563404
2023-07-14 19:00:00+00:00,0.0222832,0.0711473,0.105607,0.135108,0.183661,0.259573,0.413849,0.498096,0.563404,0.563919,0.564264
2023-07-14 20:00:00+00:00,-0.0418939,-0.0240954,-0.0138682,-0.00331379,0.0284312,0.0855602,0.327686,0.486073,0.564265,0.564272,0.564279
2023-07-14 21:00:00+00:00,-0.016395,0.0250656,0.0397807,0.0517722,0.124628,0.216087,0.410213,0.497254,0.564283,0.564697,0.565224
2023-07-14 22:00:00+00:00,-0.0991957,-0.0703864,-0.0313125,0.00117693,0.0435708,0.102155,0.344759,0.488511,0.565266,0.565448,0.56563
2023-07-14 23:00:00+00:00,-0.0960123,-0.07752,-0.0439285,-0.0111621,0.010665,0.0263436,0.258441,0.481702,0.565671,0.565854,0.565979
2023-07-15 00:00:00+00:00,-0.0778376,-0.0499973,0.0190386,0.101494,0.141385,0.164589,0.377376,0.491064,0.565991,0.566041,0.56609
2023-07-15 01:00:00+00:00,0.107001,0.133113,0.162105,0.187044,0.200246,0.206668,0.393216,0.49368,0.566102,0.566151,0.56621
2023-07-15 02:00:00+00:00,0.283465,0.348827,0.382972,0.401328,0.411887,0.421268,0.455319,0.515745,0.566329,0.566862,0.567444
2023-07-15 03:00:00+00:00,0.441396,0.441702,0.46823,0.493473,0.510638,0.521635,0.535278,0.552461,0.567495,0.567719,0.567943
2023-07-15 04:00:00+00:00,0.568192,0.568416,0.569493,0.570755,0.577872,0.589839,0.597561,0.60155,0.612086,0.646822,0.682251
2023-07-15 05:00:00+00:00,0.726432,0.727248,0.728099,0.729363,0.730388,0.732155,0.735329,0.739763,0.745632,0.758374,0.772637
2023-07-15 06:00:00+00:00,0.77528,0.78057,0.792182,0.803762,0.80888,0.810412,0.812614,0.814223,0.815649,0.817554,0.819717
2023-07-15 07:00:00+00:00,0.771019,0.782064,0.787296,0.791262,0.794481,0.796338,0.798195,0.800774,0.803066,0.804459,0.80548
2023-07-15 08:00:00+00:00,0.715366,0.720743,0.723171,0.724379,0.725964,0.727814,0.731024,0.735812,0.739183,0.742119,0.745428
2023-07-15 09:00:00+00:00,0.63093,0.631996,0.633419,0.635798,0.638298,0.641811,0.647216,0.653692,0.659693,0.667749,0.674701
2023-07-15 10:00:00+00:00,0.573258,0.576977,0.578969,0.581997,0.583119,0.583438,0.585104,0.589905,0.595166,0.598518,0.603404
2023-07-15 11:00:00+00:00,0.532229,0.533068,0.53617,0.540426,0.542482,0.544793,0.549005,0.555745,0.561848,0.565237,0.570213
2023-07-15 12:00:00+00:00,0.49617,0.504023,0.505292,0.505532,0.507045,0.509787,0.511539,0.512341,0.517224,0.537872,0.561702
2023-07-15 13:00:00+00:00,0.465854,0.468945,0.474435,0.479149,0.48,0.48,0.480851,0.482345,0.489999,0.524255,0.561702
2023-07-15 14:00:00+00:00,0.469125,0.47234,0.473192,0.474245,0.475333,0.475745,0.47937,0.48653,0.497872,0.528038,0.561702
2023-07-15 15:00:00+00:00,0.473594,0.475207,0.48003,0.486687,0.490985,0.495319,0.497876,0.497981,0.5051,0.531466,0.562553
2023-07-15 16:00:00+00:00,0.48,0.480851,0.484255,0.488511,0.491155,0.495806,0.500857,0.507234,0.516088,0.537872,0.562553
2023-07-15 17:00:00+00:00,0.369391,0.369509,0.370448,0.372539,0.393895,0.412471,0.43234,0.452766,0.477583,0.517374,0.563404
2023-07-15 18:00:00+00:00,0.147619,0.152104,0.165034,0.177101,0.204706,0.248084,0.286049,0.32123,0.396487,0.484978,0.563404
2023-07-15 19:00:00+00:00,-0.0258963,-0.0209341,-0.0124061,-0.00257168,0.0203232,0.0552136,0.11482,0.191939,0.366605,0.480144,0.564264
2023-07-15 20:00:00+00:00,-0.103233,-0.0864079,-0.0791861,-0.073999,-0.070337,-0.0641512,-0.0336223,0.0118778,0.157444,0.460426,0.56428
2023-07-15 21:00:00+00:00,-0.0461717,-0.0154027,0.0523701,0.134486,0.186809,0.246601,0.283205,0.294403,0.381126,0.482553,0.565246
2023-07-15 22:00:00+00:00,-0.13304,-0.0863302,-0.0743217,-0.0699756,0.0110741,0.13258,0.191185,0.197157,0.315989,0.475775,0.565652
2023-07-15 23:00:00+00:00,-0.160444,-0.120303,-0.0698383,-0.0151814,0.0101294,0.0253968,0.0474804,0.0804748,0.19416,0.464681,0.565986
2023-07-16 00:00:00+00:00,0.0638252,0.0653138,0.113308,0.161273,0.182109,0.191622,0.219603,0.26646,0.382434,0.483088,0.566097
2023-07-16 01:00:00+00:00,0.0448631,0.127363,0.162171,0.187088,0.200758,0.207457,0.228097,0.270269,0.382514,0.483303,0.566236
2023-07-16 02:00:00+00:00,0.212242,0.213385,0.214198,0.215025,0.292518,0.385153,0.411495,0.42375,0.445801,0.505114,0.567477
2023-07-16 03:00:00+00:00,0.410213,0.439145,0.454078,0.467861,0.476229,0.481702,0.488511,0.495566,0.508983,0.53617,0.567976
2023-07-16 04:00:00+00:00,0.582492,0.596388,0.600113,0.602357,0.603404,0.604498,0.607886,0.613861,0.621511,0.624648,0.62713
2023-07-16 05:00:00+00:00,0.730953,0.733025,0.734174,0.736157,0.73763,0.739261,0.74619,0.759841,0.773556,0.776579,0.780102
2023-07-16 06:00:00+00:00,0.772154,0.780355,0.783217,0.78531,0.787951,0.790595,0.796331,0.805718,0.815683,0.81759,0.819772
2023-07-16 07:00:00+00:00,0.759324,0.760669,0.761702,0.762712,0.771526,0.780383,0.789148,0.797099,0.80311,0.804503,0.805502
2023-07-16 08:00:00+00:00,0.724291,0.724753,0.726401,0.728646,0.730321,0.731758,0.735017,0.739913,0.74383,0.744185,0.745472
2023-07-16 09:00:00+00:00,0.632934,0.636341,0.640108,0.646862,0.650396,0.651065,0.652693,0.65603,0.661266,0.677433,0.691976
2023-07-16 10:00:00+00:00,0.581594,0.582658,0.583159,0.583518,0.58383,0.584487,0.589399,0.596533,0.606069,0.614364,0.625318
