DT,pres,dwpt,prcp,rhum,wspd,wdir,temp
2022-05-30 00:00:00,1002.1,21.0,0.0,55.0,33.5,140.0,31.1
2022-05-30 01:00:00,1002.8,21.7,0.0,65.0,37.1,130.0,28.9
2022-05-30 02:00:00,1003.6,21.7,0.0,65.0,31.7,130.0,27.2
2022-05-30 03:00:00,1003.6,16.2,0.0,51.0,31.7,130.0,27.2
2022-05-30 04:00:00,1005.0,21.7,0.0,79.0,27.7,150.0,25.6
2022-05-30 05:00:00,1004.9,21.1,0.0,76.0,27.7,150.0,25.6
2022-05-30 06:00:00,1004.8,21.1,0.0,76.0,22.3,150.0,25.6
2022-05-30 07:00:00,1004.8,21.1,0.0,76.0,22.3,160.0,25.6
2022-05-30 08:00:00,1004.8,21.1,0.0,76.0,22.3,160.0,25.6
2022-05-30 09:00:00,1004.5,21.1,0.0,76.0,24.1,150.0,25.6
2022-05-30 10:00:00,1004.5,21.1,0.0,76.0,27.7,170.0,25.6
2022-05-30 11:00:00,1005.1,21.1,0.0,76.0,16.6,170.0,25.6
2022-05-30 12:00:00,1005.4,21.8,0.0,77.0,16.6,150.0,26.1
2022-05-30 13:00:00,1005.4,21.8,0.0,77.0,16.6,150.0,26.1
2022-05-30 14:00:00,1006.0,21.1,0.0,61.0,31.7,170.0,29.4
2022-05-30 15:00:00,1006.0,20.7,0.0,54.0,33.5,160.0,31.1
2022-05-30 16:00:00,1005.7,20.1,0.0,49.0,35.3,150.0,32.2
2022-05-30 17:00:00,1005.7,20.1,0.0,49.0,27.7,160.0,32.2
2022-05-30 18:00:00,1004.8,20.2,0.0,42.0,31.7,140.0,35.0
2022-05-30 19:00:00,1004.1,19.1,0.0,38.0,29.5,180.0,35.6
2022-05-30 20:00:00,1003.4,16.8,0.0,32.0,22.3,170.0,36.1
2022-05-30 21:00:00,1003.4,19.0,0.0,39.0,33.5,170.0,35.0
2022-05-30 22:00:00,1003.4,19.0,0.0,39.0,27.7,150.0,35.0
2022-05-30 23:00:00,1003.5,19.4,0.0,44.0,25.9,140.0,33.3
2022-05-31 00:00:00,1004.1,20.1,0.0,52.0,35.3,130.0,31.1
2022-05-31 01:00:00,1005.4,20.6,0.0,59.0,27.7,140.0,29.4
2022-05-31 02:00:00,1006.5,21.8,0.0,68.0,27.7,140.0,28.3
2022-05-31 03:00:00,1006.5,21.8,0.0,68.0,33.5,140.0,28.3
2022-05-31 04:00:00,1007.9,22.1,0.0,76.0,20.5,140.0,26.7
2022-05-31 05:00:00,1008.1,22.2,0.0,79.0,16.6,140.0,26.1
2022-05-31 06:00:00,1008.0,22.2,0.0,79.0,20.5,140.0,26.1
2022-05-31 07:00:00,1008.0,22.2,0.0,79.0,20.5,140.0,26.1
2022-05-31 08:00:00,1007.9,22.3,0.0,85.0,11.2,150.0,25.0
2022-05-31 09:00:00,1008.0,22.3,0.0,85.0,9.4,150.0,25.0
2022-05-31 10:00:00,1008.0,22.3,0.0,85.0,9.4,150.0,25.0
2022-05-31 11:00:00,1008.7,22.3,0.0,85.0,11.2,140.0,25.0
2022-05-31 12:00:00,1008.7,22.3,0.0,85.0,11.2,140.0,25.0
2022-05-31 13:00:00,1009.3,22.2,0.0,74.0,13.0,150.0,27.2
2022-05-31 14:00:00,1009.3,22.7,0.0,65.0,22.3,140.0,30.0
2022-05-31 15:00:00,1009.3,22.7,0.0,65.0,22.3,140.0,30.0
2022-05-31 16:00:00,1008.9,21.0,0.0,50.0,22.3,170.0,32.8
2022-05-31 17:00:00,1008.9,21.0,0.0,50.0,22.3,170.0,32.8
2022-05-31 18:00:00,1007.9,20.2,0.0,42.0,20.5,150.0,35.0
2022-05-31 19:00:00,1007.2,19.9,0.0,40.0,25.9,150.0,35.6
2022-05-31 20:00:00,1006.8,17.8,0.0,34.0,25.9,140.0,36.1
2022-05-31 21:00:00,1006.5,17.8,0.0,34.0,25.9,140.0,36.1
2022-05-31 22:00:00,1006.5,19.0,0.0,37.0,33.5,130.0,36.1
2022-05-31 23:00:00,1006.8,19.3,0.0,41.0,25.9,130.0,34.4
2022-06-01 00:00:00,1007.6,20.6,0.0,52.0,27.7,130.0,31.7
2022-06-01 01:00:00,1008.2,20.6,0.0,57.0,27.7,130.0,30.0
2022-06-01 02:00:00,1009.5,21.8,0.0,68.0,27.7,130.0,28.3
2022-06-01 03:00:00,1009.5,21.8,0.0,68.0,27.7,130.0,28.3
2022-06-01 04:00:00,1010.6,22.1,0.0,76.0,20.5,130.0,26.7
2022-06-01 05:00:00,1010.5,22.3,0.0,82.0,14.8,130.0,25.6
2022-06-01 06:00:00,1010.3,22.8,0.0,82.0,24.1,140.0,26.1
2022-06-01 07:00:00,1010.3,22.8,0.0,82.0,24.1,140.0,26.1
2022-06-01 08:00:00,1010.4,22.9,0.0,85.0,11.2,160.0,25.6
2022-06-01 09:00:00,1010.5,22.9,0.0,85.0,9.4,130.0,25.6
2022-06-01 10:00:00,1010.7,22.9,0.0,88.0,9.4,120.0,25.0
2022-06-01 11:00:00,1010.7,22.9,0.0,85.0,7.6,130.0,25.6
2022-06-01 12:00:00,1013.0,22.9,0.0,85.0,7.6,130.0,25.6
2022-06-01 13:00:00,1011.5,23.2,0.0,79.0,14.8,140.0,27.2
2022-06-01 14:00:00,1011.5,22.7,0.0,74.0,14.8,140.0,27.8
2022-06-01 15:00:00,1011.5,21.6,0.0,57.0,18.4,130.0,31.1
2022-06-01 16:00:00,1011.5,21.6,0.0,57.0,18.4,130.0,31.1
2022-06-01 17:00:00,1012.0,21.8,0.0,51.0,24.1,130.0,33.3
2022-06-01 18:00:00,1009.5,20.2,0.0,42.0,11.2,140.0,35.0
2022-06-01 19:00:00,1008.7,17.8,0.0,33.0,14.8,170.0,36.7
2022-06-01 20:00:00,1008.2,18.2,0.0,35.0,16.6,150.0,36.1
2022-06-01 21:00:00,1008.2,18.2,0.0,35.0,16.6,150.0,36.1
2022-06-01 22:00:00,1008.2,20.6,0.0,43.0,18.4,110.0,35.0
2022-06-01 23:00:00,1006.6,21.7,0.0,52.0,27.7,110.0,32.8
2022-06-02 00:00:00,1007.3,20.6,0.0,52.0,22.3,120.0,31.7
2022-06-02 01:00:00,1009.2,20.6,0.0,57.0,27.7,130.0,30.0
2022-06-02 02:00:00,1009.2,20.6,0.0,57.0,27.7,130.0,30.0
2022-06-02 03:00:00,1012.4,20.5,0.0,67.0,18.4,130.0,27.2
2022-06-02 04:00:00,1012.0,21.8,0.0,77.0,16.6,140.0,26.1
2022-06-02 05:00:00,1012.0,21.8,0.0,77.0,16.6,140.0,26.1
2022-06-02 06:00:00,1012.3,21.1,0.0,74.0,13.0,170.0,26.1
2022-06-02 07:00:00,1012.5,21.1,0.0,74.0,13.0,160.0,26.1
2022-06-02 08:00:00,1011.7,21.7,0.0,85.0,11.2,130.0,24.4
2022-06-02 09:00:00,1011.4,21.0,0.0,84.0,9.4,160.0,23.9
2022-06-02 10:00:00,1011.7,21.8,0.0,88.0,0.0,0.0,23.9
2022-06-02 11:00:00,1011.8,21.1,0.0,90.0,5.4,160.0,22.8
2022-06-02 12:00:00,1012.5,22.3,0.0,85.0,7.6,120.0,25.0
2022-06-02 13:00:00,1012.5,22.3,0.0,85.0,7.6,120.0,25.0
2022-06-02 14:00:00,1013.4,22.1,0.0,76.0,0.0,0.0,26.7
2022-06-02 15:00:00,1013.6,21.8,0.0,68.0,5.4,30.0,29.4
2022-06-02 16:00:00,1013.1,20.0,0.0,50.0,9.4,30.0,31.7
2022-06-02 17:00:00,1012.5,20.1,0.0,49.0,0.0,0.0,32.2
2022-06-02 18:00:00,1012.5,20.1,0.0,49.0,0.0,0.0,32.2
2022-06-02 19:00:00,1010.6,17.6,0.0,37.0,18.4,60.0,34.4
2022-06-02 20:00:00,1009.8,18.9,0.0,40.0,13.0,90.0,34.4
2022-06-02 21:00:00,1009.2,17.6,0.0,37.0,13.0,90.0,34.4
2022-06-02 22:00:00,1009.2,17.6,0.0,37.0,13.0,90.0,34.4
2022-06-02 23:00:00,1008.4,18.4,0.0,40.0,11.2,90.0,33.9
2022-06-03 00:00:00,1008.2,18.3,0.0,41.0,16.6,70.0,33.3
2022-06-03 01:00:00,1008.4,18.0,0.0,44.0,14.8,80.0,31.7
2022-06-03 02:00:00,1009.8,19.4,0.0,53.0,11.2,80.0,30.0
2022-06-03 03:00:00,1009.8,19.4,0.0,53.0,11.2,80.0,30.0
2022-06-03 04:00:00,1011.4,19.5,0.0,59.0,14.8,100.0,28.3
2022-06-03 05:00:00,1011.9,19.3,0.0,60.0,13.0,90.0,27.8
2022-06-03 06:00:00,1011.9,19.3,0.0,62.0,7.6,90.0,27.2
2022-06-03 07:00:00,1011.9,19.3,0.0,62.0,7.6,90.0,27.2
2022-06-03 08:00:00,1010.6,19.3,0.0,64.0,5.4,90.0,26.7
2022-06-03 09:00:00,1010.7,20.7,0.0,72.0,0.0,0.0,26.1
2022-06-03 10:00:00,1011.2,20.6,0.0,74.0,5.4,60.0,25.6
2022-06-03 11:00:00,1011.3,20.0,0.0,71.0,7.6,80.0,25.6
2022-06-03 12:00:00,1011.3,20.0,0.0,71.0,7.6,80.0,25.6
2022-06-03 13:00:00,1011.9,20.5,0.0,69.0,11.2,100.0,26.7
2022-06-03 14:00:00,1011.9,21.2,0.0,63.0,5.4,100.0,28.9
2022-06-03 15:00:00,1011.9,20.0,0.0,55.0,11.2,30.0,30.0
2022-06-03 16:00:00,1011.7,20.5,0.0,50.0,11.2,30.0,32.2
2022-06-03 17:00:00,1011.1,20.7,0.0,49.0,11.2,92.0,32.8
2022-06-03 18:00:00,1011.1,20.7,0.0,49.0,11.2,10.0,32.8
2022-06-03 19:00:00,1009.2,20.0,0.0,43.0,14.8,60.0,34.4
2022-06-03 20:00:00,1008.7,19.3,0.0,41.0,16.6,40.0,34.4
2022-06-03 21:00:00,1008.3,19.0,0.0,39.0,13.0,70.0,35.0
2022-06-03 22:00:00,1008.3,19.0,0.0,39.0,13.0,70.0,35.0
2022-06-03 23:00:00,1007.3,18.8,0.0,41.0,22.3,90.0,33.9
2022-06-04 00:00:00,1007.7,17.3,0.0,41.0,14.8,90.0,32.2
2022-06-04 01:00:00,1008.2,16.7,0.0,42.0,13.0,100.0,31.1
2022-06-04 02:00:00,1008.2,16.7,0.0,42.0,13.0,100.0,31.1
2022-06-04 03:00:00,1009.7,18.3,0.0,60.0,5.4,160.0,26.7
2022-06-04 04:00:00,1009.9,17.3,0.0,60.0,9.4,150.0,25.6
2022-06-04 05:00:00,1010.2,17.3,0.0,60.0,0.0,0.0,25.6
2022-06-04 06:00:00,1009.9,18.3,0.0,64.0,7.6,110.0,25.6
2022-06-04 07:00:00,1009.9,18.3,0.0,64.0,7.6,110.0,25.6
2022-06-04 08:00:00,1009.4,19.0,0.0,74.0,0.0,0.0,23.9
2022-06-04 09:00:00,1010.2,19.4,0.0,81.0,0.0,0.0,22.8
2022-06-04 10:00:00,1010.3,19.4,0.0,76.0,0.0,0.0,23.9
2022-06-04 11:00:00,1011.3,19.4,0.0,76.0,16.6,350.0,23.9
2022-06-04 12:00:00,1011.3,19.4,0.0,76.0,16.6,350.0,23.9
2022-06-04 13:00:00,1011.1,17.8,0.0,62.0,11.2,60.0,25.6
2022-06-04 14:00:00,1010.0,17.2,0.0,58.0,7.6,30.0,26.1
2022-06-04 15:00:00,1009.7,17.2,0.0,58.0,5.4,30.0,28.3
2022-06-04 16:00:00,1009.7,17.1,0.0,43.0,0.0,0.0,31.1
2022-06-04 17:00:00,1009.7,17.1,0.0,43.0,0.0,0.0,31.1
2022-06-04 18:00:00,1007.6,16.2,0.0,37.0,5.4,120.0,32.8
2022-06-04 19:00:00,1006.6,16.3,0.0,34.0,9.4,180.0,34.4
2022-06-04 20:00:00,1005.8,17.3,0.0,34.0,9.4,180.0,35.6
2022-06-04 21:00:00,1005.8,17.3,0.0,34.0,9.4,249.0,35.6
2022-06-04 22:00:00,1004.0,16.7,0.0,30.0,9.4,246.0,37.2
2022-06-04 23:00:00,1003.8,16.8,0.0,32.0,14.8,150.0,36.1
2022-06-05 00:00:00,1004.0,17.3,0.0,35.0,14.8,120.0,35.0
2022-06-05 01:00:00,1004.6,17.9,0.0,40.0,13.0,110.0,33.3
2022-06-05 02:00:00,1005.8,21.2,0.0,63.0,25.9,130.0,28.9
2022-06-05 03:00:00,1005.8,21.2,0.0,63.0,25.9,130.0,28.9
2022-06-05 04:00:00,1007.0,20.7,0.0,72.0,11.2,150.0,26.1
2022-06-05 05:00:00,1006.8,20.7,0.0,77.0,9.4,140.0,25.0
2022-06-05 06:00:00,1006.2,21.1,0.0,82.0,7.6,130.0,24.4
2022-06-05 07:00:00,1006.2,21.1,0.0,82.0,7.6,130.0,24.4
2022-06-05 08:00:00,1005.2,19.4,0.0,76.0,7.6,120.0,23.3
2022-06-05 09:00:00,1005.7,15.8,0.0,64.0,5.4,180.0,22.8
2022-06-05 10:00:00,1006.1,20.5,0.0,87.0,0.0,0.0,22.8
2022-06-05 11:00:00,1006.5,20.7,0.0,91.0,0.0,0.0,22.2
2022-06-05 12:00:00,1006.5,20.7,0.0,91.0,0.0,0.0,22.2
2022-06-05 13:00:00,1006.8,20.0,0.0,69.0,7.6,160.0,26.1
2022-06-05 14:00:00,1006.6,19.5,0.0,57.0,16.6,160.0,28.9
2022-06-05 15:00:00,1006.4,17.1,0.0,43.0,20.5,150.0,31.1
2022-06-05 16:00:00,1006.0,19.4,0.0,44.0,20.5,160.0,33.3
2022-06-05 17:00:00,1006.0,19.4,0.0,44.0,20.5,160.0,33.3
2022-06-05 18:00:00,1004.4,16.3,0.0,33.0,9.4,150.0,35.0
2022-06-05 19:00:00,1003.2,16.3,0.0,30.0,11.2,150.0,36.7
2022-06-05 20:00:00,1002.6,14.7,0.0,24.0,24.1,160.0,38.9
2022-06-05 21:00:00,1002.6,14.7,0.0,24.0,24.1,160.0,38.9
2022-06-05 22:00:00,1001.2,14.2,0.0,24.0,27.7,130.0,38.3
2022-06-05 23:00:00,1001.4,15.1,0.0,27.0,24.1,170.0,37.2
2022-06-06 00:00:00,1001.8,19.0,0.0,39.0,24.1,150.0,35.0
2022-06-06 01:00:00,1002.6,16.6,0.0,38.0,25.9,140.0,32.8
2022-06-06 02:00:00,1002.6,16.6,0.0,38.0,25.9,140.0,32.8
2022-06-06 03:00:00,1003.9,18.4,0.0,53.0,27.7,140.0,28.9
2022-06-06 04:00:00,1004.7,18.8,0.0,62.0,24.1,150.0,26.7
2022-06-06 05:00:00,1004.9,21.1,0.0,76.0,14.8,140.0,25.6
2022-06-06 06:00:00,1004.9,21.1,0.0,76.0,14.8,140.0,25.6
2022-06-06 07:00:00,1004.7,21.1,0.0,79.0,11.2,140.0,25.0
2022-06-06 08:00:00,1004.6,21.7,0.0,82.0,13.0,150.0,25.0
2022-06-06 09:00:00,1004.6,21.7,0.0,82.0,13.0,150.0,25.0
2022-06-06 10:00:00,1004.3,21.7,0.0,82.0,14.8,160.0,25.0
2022-06-06 11:00:00,1004.4,21.1,0.0,82.0,11.2,150.0,24.4
2022-06-06 12:00:00,1004.8,21.7,0.0,82.0,20.5,170.0,25.0
2022-06-06 13:00:00,1005.5,21.7,0.0,82.0,20.5,170.0,26.7
2022-06-06 14:00:00,1005.5,21.2,0.0,72.0,27.7,170.0,26.7
2022-06-06 15:00:00,1005.5,20.7,0.0,54.0,22.3,160.0,31.1
2022-06-06 16:00:00,1005.5,20.7,0.0,54.0,22.3,160.0,31.1
2022-06-06 17:00:00,1004.1,19.0,0.0,39.0,25.9,170.0,35.0
2022-06-06 18:00:00,1003.3,20.5,0.0,38.0,25.9,170.0,37.2
2022-06-06 19:00:00,1002.3,19.2,0.0,33.0,24.1,160.0,38.3
2022-06-06 20:00:00,1001.5,17.5,0.0,27.0,20.5,210.0,40.0
2022-06-06 21:00:00,1001.5,17.5,0.0,27.0,20.5,210.0,40.0
2022-06-06 22:00:00,1000.6,18.0,0.0,27.0,16.6,180.0,40.6
2022-06-06 23:00:00,1000.8,19.2,0.0,32.0,25.9,160.0,38.9
2022-06-07 00:00:00,1001.9,22.8,0.0,51.0,27.7,150.0,34.4
2022-06-07 01:00:00,1002.8,22.1,0.0,57.0,27.7,150.0,31.7
2022-06-07 02:00:00,1002.8,22.1,0.0,57.0,31.7,150.0,31.7
2022-06-07 03:00:00,1004.8,21.8,0.0,70.0,27.7,130.0,27.8
2022-06-07 04:00:00,1005.3,21.7,0.0,74.0,20.5,150.0,26.7
2022-06-07 05:00:00,1005.3,21.7,0.0,74.0,20.5,150.0,26.7
2022-06-07 06:00:00,1005.4,21.7,0.0,79.0,16.6,150.0,25.6
2022-06-07 07:00:00,1005.8,21.7,0.0,82.0,14.8,140.0,25.0
2022-06-07 08:00:00,1005.9,21.1,0.0,79.0,11.2,140.0,25.0
2022-06-07 09:00:00,1006.1,21.1,0.0,79.0,9.4,130.0,25.0
2022-06-07 10:00:00,1006.6,21.1,0.0,82.0,7.6,160.0,24.4
2022-06-07 11:00:00,1006.6,21.1,0.0,82.0,7.6,160.0,24.4
2022-06-07 12:00:00,1007.4,20.0,0.0,71.0,14.8,150.0,25.6
2022-06-07 13:00:00,1007.9,22.1,0.0,76.0,14.8,150.0,26.7
2022-06-07 14:00:00,1007.9,20.6,0.0,59.0,20.5,150.0,29.4
2022-06-07 15:00:00,1008.1,20.6,0.0,59.0,18.4,190.0,31.7
2022-06-07 16:00:00,1008.1,16.8,0.0,38.0,18.4,190.0,31.7
2022-06-07 17:00:00,1007.3,17.7,0.0,36.0,18.4,150.0,35.0
2022-06-07 18:00:00,1006.8,17.3,0.0,31.0,22.3,160.0,37.2
2022-06-07 19:00:00,1005.9,17.7,0.0,29.0,11.2,170.0,38.9
2022-06-07 20:00:00,1005.4,14.3,0.0,22.0,11.2,170.0,40.0
2022-06-07 21:00:00,1005.4,14.3,0.0,22.0,22.3,160.0,40.0
2022-06-07 22:00:00,1004.7,13.3,0.0,20.0,27.7,140.0,39.4
2022-06-07 23:00:00,1005.0,19.6,0.0,36.0,22.3,140.0,37.2
2022-06-08 00:00:00,1006.0,18.5,0.0,39.0,25.9,140.0,34.4
2022-06-08 01:00:00,1006.0,18.5,0.0,39.0,25.9,140.0,34.4
2022-06-08 02:00:00,1007.8,20.0,0.0,57.0,20.5,140.0,29.4
2022-06-08 03:00:00,1009.1,20.1,0.0,63.0,24.1,140.0,27.8
2022-06-08 04:00:00,1009.5,17.8,0.0,58.0,22.3,140.0,26.7
2022-06-08 05:00:00,1009.5,17.8,0.0,58.0,22.3,140.0,26.7
2022-06-08 06:00:00,1009.5,21.7,0.0,79.0,14.8,150.0,25.6
2022-06-08 07:00:00,1009.2,20.6,0.0,74.0,18.4,170.0,25.6
2022-06-08 08:00:00,1009.3,20.6,0.0,74.0,16.6,170.0,25.6
2022-06-08 09:00:00,1009.6,19.5,0.0,69.0,14.8,180.0,25.6
2022-06-08 10:00:00,1009.9,19.5,0.0,69.0,13.0,190.0,26.1
2022-06-08 11:00:00,1009.9,16.1,0.0,54.0,13.0,190.0,26.1
2022-06-08 12:00:00,1012.0,20.7,0.0,77.0,9.4,160.0,25.0
2022-06-08 13:00:00,1010.6,19.0,0.0,67.0,11.2,160.0,25.6
2022-06-08 14:00:00,1011.3,19.3,0.0,64.0,18.4,190.0,26.7
2022-06-08 15:00:00,1010.5,20.0,0.0,57.0,20.5,200.0,29.4
2022-06-08 16:00:00,1010.4,20.0,0.0,57.0,18.4,230.0,32.0
2022-06-08 17:00:00,1010.4,19.6,0.0,47.0,18.4,230.0,32.2
2022-06-08 18:00:00,1009.8,19.5,0.0,39.0,7.6,161.0,35.6
2022-06-08 19:00:00,1009.2,18.8,0.0,35.0,7.6,180.0,36.7
2022-06-08 20:00:00,1009.2,18.8,0.0,35.0,7.6,180.0,36.7
2022-06-08 21:00:00,1008.0,16.0,0.0,27.0,14.8,60.0,38.3
2022-06-08 22:00:00,1007.5,17.1,0.0,29.0,24.1,120.0,38.3
2022-06-08 23:00:00,1007.5,17.3,0.0,31.0,20.5,90.0,37.2
2022-06-09 00:00:00,1008.1,18.2,0.0,35.0,25.9,120.0,36.1
2022-06-09 01:00:00,1008.1,18.2,0.0,35.0,25.9,120.0,36.1
2022-06-09 02:00:00,1010.4,22.2,0.0,61.0,20.5,130.0,30.6
2022-06-09 03:00:00,1011.4,22.3,0.0,70.0,20.5,150.0,28.3
2022-06-09 04:00:00,1011.4,22.8,0.0,77.0,16.6,150.0,27.2
2022-06-09 05:00:00,1014.0,22.8,0.0,77.0,16.6,150.0,27.2
2022-06-09 06:00:00,1014.0,23.4,0.0,82.0,14.8,160.0,26.7
2022-06-09 07:00:00,1012.2,24.0,0.0,85.0,5.4,180.0,26.7
2022-06-09 08:00:00,1012.3,23.4,0.0,82.0,11.2,180.0,26.7
2022-06-09 09:00:00,1012.3,23.4,0.0,82.0,11.2,180.0,26.7
2022-06-09 10:00:00,1012.9,23.3,0.0,87.0,0.0,0.0,25.6
2022-06-09 11:00:00,1012.9,23.3,0.0,87.0,0.0,0.0,25.6
2022-06-09 12:00:00,1014.5,23.4,0.0,85.0,7.6,90.0,26.1
2022-06-09 13:00:00,1015.3,23.9,0.0,82.0,7.6,70.0,27.2
2022-06-09 14:00:00,1015.3,21.7,0.0,65.0,5.4,70.0,28.9
2022-06-09 15:00:00,1015.3,21.7,0.0,65.0,5.4,120.0,28.9
2022-06-09 16:00:00,1014.9,21.1,0.0,52.0,5.4,80.0,32.2
2022-06-09 17:00:00,1014.1,21.0,0.0,47.0,5.4,80.0,33.9
2022-06-09 18:00:00,1013.1,20.2,0.0,42.0,5.4,100.0,35.0
2022-06-09 19:00:00,1013.1,20.2,0.0,42.0,5.4,100.0,35.0
2022-06-09 20:00:00,1012.1,19.2,0.0,36.0,14.8,150.0,36.7
2022-06-09 21:00:00,1010.3,18.8,0.0,33.0,5.4,200.0,37.8
2022-06-09 22:00:00,1009.6,17.8,0.0,32.0,16.6,150.0,37.2
2022-06-09 23:00:00,1009.2,17.8,0.0,32.0,18.4,150.0,37.2
2022-06-10 00:00:00,1009.5,20.2,0.0,42.0,24.1,140.0,35.0
2022-06-10 01:00:00,1009.5,20.2,0.0,42.0,24.1,140.0,35.0
2022-06-10 02:00:00,1010.9,21.0,0.0,55.0,20.5,160.0,31.1
2022-06-10 03:00:00,1011.3,22.1,0.0,65.0,11.2,150.0,29.4
2022-06-10 04:00:00,1011.5,23.4,0.0,77.0,14.8,160.0,27.8
2022-06-10 05:00:00,1011.6,24.0,0.0,85.0,13.0,170.0,26.7
2022-06-10 06:00:00,1011.6,24.0,0.0,85.0,13.0,170.0,26.7
2022-06-10 07:00:00,1011.7,24.0,0.0,94.0,7.6,160.0,25.0
2022-06-10 08:00:00,1012.3,23.8,0.0,90.0,5.4,100.0,25.6
2022-06-10 09:00:00,1012.7,24.0,0.0,94.0,11.2,160.0,25.0
2022-06-10 10:00:00,1012.7,24.0,0.0,94.0,11.2,160.0,25.0
2022-06-10 11:00:00,1012.4,23.9,0.0,97.0,5.4,150.0,24.4
2022-06-10 12:00:00,1011.9,23.8,0.0,90.0,13.0,190.0,25.6
2022-06-10 13:00:00,1012.4,23.2,0.0,79.0,18.4,190.0,27.2
2022-06-10 14:00:00,1012.4,23.2,0.0,79.0,18.4,190.0,27.2
2022-06-10 15:00:00,1012.6,22.9,0.0,70.0,13.0,200.0,28.9
2022-06-10 16:00:00,1011.8,22.3,0.0,54.0,13.0,270.0,32.8
2022-06-10 17:00:00,1011.4,21.0,0.0,47.0,9.4,270.0,33.9
2022-06-10 18:00:00,1010.6,20.8,0.0,45.0,0.0,0.0,34.4
2022-06-10 19:00:00,1009.4,20.1,0.0,38.0,18.4,100.0,36.7
2022-06-10 20:00:00,1009.4,20.1,0.0,38.0,18.4,100.0,36.7
2022-06-10 21:00:00,1007.3,17.7,0.0,29.0,20.5,140.0,38.9
2022-06-10 22:00:00,1006.7,17.7,0.0,29.0,13.0,120.0,38.9
2022-06-10 23:00:00,1006.6,17.1,0.0,29.0,14.8,160.0,38.3
2022-06-11 00:00:00,1006.7,17.3,0.0,31.0,11.2,170.0,37.2
2022-06-11 01:00:00,1006.7,17.3,0.0,31.0,11.2,170.0,37.2
2022-06-11 02:00:00,1008.1,24.0,0.0,62.0,25.9,140.0,32.2
2022-06-11 03:00:00,1009.4,23.2,0.0,63.0,18.4,160.0,31.1
2022-06-11 04:00:00,1009.9,22.9,0.0,68.0,16.6,150.0,29.4
2022-06-11 05:00:00,1009.9,22.9,0.0,68.0,16.6,150.0,29.4
2022-06-11 06:00:00,1009.9,23.2,0.0,79.0,5.4,120.0,27.2
2022-06-11 07:00:00,1009.5,22.8,0.0,82.0,5.4,150.0,26.1
2022-06-11 08:00:00,1009.4,22.9,0.0,85.0,0.0,0.0,25.6
2022-06-11 09:00:00,1009.6,22.8,0.0,91.0,5.4,130.0,24.4
2022-06-11 10:00:00,1009.6,22.8,0.0,91.0,5.4,130.0,24.4
2022-06-11 11:00:00,1010.0,22.2,0.0,90.0,5.4,120.0,23.9
2022-06-11 12:00:00,1010.2,22.9,0.0,85.0,9.4,140.0,25.6
2022-06-11 13:00:00,1010.7,22.8,0.0,77.0,13.0,180.0,27.2
2022-06-11 14:00:00,1010.6,22.1,0.0,65.0,16.6,170.0,29.4
2022-06-11 15:00:00,1010.6,22.1,0.0,65.0,16.6,170.0,29.4
2022-06-11 16:00:00,1009.8,21.1,0.0,46.0,11.2,250.0,34.4
2022-06-11 17:00:00,1009.1,19.2,0.0,36.0,9.4,250.0,36.7
2022-06-11 18:00:00,1008.2,18.8,0.0,33.0,7.6,184.0,37.8
2022-06-11 19:00:00,1008.2,18.8,0.0,33.0,7.6,180.0,37.8
2022-06-11 20:00:00,1007.0,17.7,0.0,29.0,11.2,180.0,38.9
2022-06-11 21:00:00,1005.7,18.0,0.0,28.0,9.4,161.0,40.0
2022-06-11 22:00:00,1005.2,16.8,0.0,25.0,11.2,150.0,40.6
2022-06-11 23:00:00,1005.0,16.1,0.0,24.0,13.0,130.0,40.6
2022-06-12 00:00:00,1005.0,16.1,0.0,24.0,13.0,130.0,40.6
2022-06-12 01:00:00,1005.6,16.8,0.0,34.0,9.4,140.0,35.0
2022-06-12 02:00:00,1006.7,16.8,0.0,34.0,9.4,140.0,33.3
2022-06-12 03:00:00,1007.9,23.3,0.0,65.0,25.9,150.0,30.6
2022-06-12 04:00:00,1008.2,24.5,0.0,77.0,18.4,150.0,28.9
2022-06-12 05:00:00,1008.2,24.5,0.0,77.0,18.4,150.0,28.9
2022-06-12 06:00:00,1008.4,23.9,0.0,82.0,16.6,160.0,27.2
2022-06-12 07:00:00,1008.7,23.4,0.0,85.0,9.4,150.0,26.1
2022-06-12 08:00:00,1008.6,23.3,0.0,87.0,5.4,170.0,25.6
2022-06-12 09:00:00,1008.6,22.8,0.0,91.0,9.4,150.0,24.4
2022-06-12 10:00:00,1008.6,22.8,0.0,91.0,9.4,150.0,24.4
2022-06-12 11:00:00,1009.3,22.8,0.0,91.0,7.6,150.0,24.4
2022-06-12 12:00:00,1010.0,22.9,0.0,85.0,13.0,190.0,25.6
2022-06-12 13:00:00,1010.0,22.9,0.0,85.0,13.0,190.0,25.6
2022-06-12 14:00:00,1010.7,22.7,0.0,74.0,11.2,200.0,27.8
2022-06-12 15:00:00,1010.5,22.1,0.0,65.0,18.4,190.0,29.4
2022-06-12 16:00:00,1010.3,21.8,0.0,51.0,14.8,170.0,33.3
2022-06-12 17:00:00,1010.3,21.8,0.0,51.0,14.8,170.0,33.3
2022-06-12 18:00:00,1008.4,19.2,0.0,34.0,11.2,180.0,37.8
2022-06-12 19:00:00,1008.4,19.2,0.0,34.0,11.2,210.0,37.8
2022-06-12 20:00:00,1006.7,15.9,0.0,23.0,22.3,160.0,41.1
2022-06-12 21:00:00,1006.2,16.1,0.0,24.0,7.6,160.0,40.6
2022-06-12 22:00:00,1005.8,16.1,0.0,24.0,16.6,170.0,40.6
2022-06-12 23:00:00,1005.6,16.1,0.0,24.0,22.3,120.0,40.6
2022-06-13 00:00:00,1005.6,16.1,0.0,24.0,22.3,120.0,40.6
2022-06-13 01:00:00,1007.2,21.3,0.0,45.0,25.9,150.0,35.0
2022-06-13 02:00:00,1008.5,22.1,0.0,57.0,25.9,150.0,31.7
2022-06-13 03:00:00,1009.7,22.9,0.0,68.0,18.4,140.0,29.4
2022-06-13 04:00:00,1010.2,23.9,0.0,77.0,22.3,150.0,28.3
2022-06-13 05:00:00,1010.2,23.9,0.0,77.0,22.3,150.0,28.3
2022-06-13 06:00:00,1010.6,23.4,0.0,85.0,18.4,150.0,26.1
2022-06-13 07:00:00,1010.7,23.8,0.0,90.0,16.6,180.0,25.6
2022-06-13 08:00:00,1010.7,23.8,0.0,90.0,16.6,180.0,25.6
2022-06-13 09:00:00,1010.7,24.0,0.0,94.0,9.4,120.0,25.0
2022-06-13 10:00:00,1010.7,24.0,0.0,94.0,9.4,120.0,25.0
2022-06-13 11:00:00,1011.6,23.9,0.0,97.0,7.6,150.0,24.4
2022-06-13 12:00:00,1011.6,23.9,0.0,97.0,7.6,150.0,24.4
2022-06-13 13:00:00,1012.6,23.2,0.0,79.0,22.3,160.0,27.2
2022-06-13 14:00:00,1012.6,23.2,0.0,79.0,22.3,160.0,27.2
2022-06-13 15:00:00,1012.2,17.9,0.0,40.0,24.1,170.0,33.3
2022-06-13 16:00:00,1012.3,18.5,0.0,39.0,24.1,170.0,34.4
2022-06-13 17:00:00,1011.4,16.3,0.0,31.0,29.5,150.0,36.1
2022-06-13 18:00:00,1010.6,16.7,0.0,30.0,29.5,170.0,37.2
2022-06-13 19:00:00,1010.6,16.7,0.0,30.0,29.5,160.0,37.2
2022-06-13 20:00:00,1009.1,17.7,0.0,30.0,27.7,190.0,38.3
2022-06-13 21:00:00,1008.3,19.2,0.0,33.0,27.7,150.0,38.3
2022-06-13 22:00:00,1007.8,19.2,0.0,34.0,24.1,150.0,37.8
2022-06-13 23:00:00,1008.0,22.9,0.0,48.0,24.1,150.0,35.6
2022-06-14 00:00:00,1008.0,22.9,0.0,48.0,24.1,140.0,35.6
2022-06-14 01:00:00,1009.2,23.3,0.0,65.0,31.7,140.0,30.6
2022-06-14 02:00:00,1009.9,22.9,0.0,68.0,27.7,150.0,29.4
2022-06-14 03:00:00,1010.9,23.2,0.0,74.0,20.5,150.0,28.3
2022-06-14 04:00:00,1011.7,23.8,0.0,79.0,20.5,150.0,27.8
2022-06-14 05:00:00,1011.7,23.8,0.0,79.0,27.7,150.0,27.8
2022-06-14 06:00:00,1011.8,23.2,0.0,79.0,18.4,160.0,27.2
2022-06-14 07:00:00,1011.8,23.2,0.0,79.0,18.4,160.0,27.2
2022-06-14 08:00:00,1011.2,23.4,0.0,82.0,20.5,160.0,26.7
2022-06-14 09:00:00,1011.2,23.4,0.0,82.0,20.5,160.0,26.7
2022-06-14 10:00:00,1011.4,22.9,0.0,85.0,11.2,150.0,25.6
2022-06-14 11:00:00,1011.7,22.9,0.0,88.0,11.2,150.0,25.0
2022-06-14 12:00:00,1012.1,23.4,0.0,85.0,14.8,150.0,26.1
2022-06-14 13:00:00,1012.7,22.8,0.0,79.0,13.0,140.0,26.7
2022-06-14 14:00:00,1012.7,22.8,0.0,79.0,13.0,140.0,26.7
2022-06-14 15:00:00,1012.6,21.0,0.0,55.0,20.5,170.0,31.1
2022-06-14 16:00:00,1012.4,20.1,0.0,46.0,29.5,180.0,33.3
2022-06-14 17:00:00,1011.8,17.6,0.0,37.0,29.5,180.0,34.4
2022-06-14 18:00:00,1011.1,16.8,0.0,31.0,35.3,150.0,36.7
2022-06-14 19:00:00,1011.1,16.8,0.0,31.0,38.9,160.0,36.7
2022-06-14 20:00:00,1009.4,17.3,0.0,31.0,38.9,150.0,37.2
2022-06-14 21:00:00,1008.5,18.8,0.0,33.0,33.5,150.0,37.8
2022-06-14 22:00:00,1008.3,19.5,0.0,38.0,33.5,140.0,36.1
2022-06-14 23:00:00,1008.3,19.5,0.0,38.0,29.5,150.0,36.1
2022-06-15 00:00:00,1009.0,22.7,0.0,59.0,29.5,140.0,31.7
2022-06-15 01:00:00,1009.6,22.9,0.0,68.0,35.3,140.0,29.4
2022-06-15 02:00:00,1009.6,22.9,0.0,68.0,27.7,150.0,29.4
2022-06-15 03:00:00,1010.4,23.3,0.0,72.0,22.3,140.0,28.9
2022-06-15 04:00:00,1011.8,23.2,0.0,79.0,20.5,150.0,27.2
2022-06-15 05:00:00,1011.8,23.2,0.0,79.0,20.5,150.0,27.2
2022-06-15 06:00:00,1012.4,23.2,0.0,79.0,14.8,150.0,27.2
2022-06-15 07:00:00,1012.6,23.2,0.0,79.0,24.1,160.0,27.2
2022-06-15 08:00:00,1012.6,23.2,0.0,79.0,24.1,160.0,27.2
2022-06-15 09:00:00,1012.0,22.8,0.0,79.0,20.5,170.0,26.7
2022-06-15 10:00:00,1012.2,22.8,0.0,79.0,14.8,160.0,26.7
2022-06-15 11:00:00,1012.5,22.8,0.0,79.0,13.0,160.0,26.7
2022-06-15 12:00:00,1013.1,23.2,0.0,79.0,18.4,170.0,27.2
2022-06-15 13:00:00,1013.5,22.8,0.0,72.0,18.4,170.0,28.3
2022-06-15 14:00:00,1013.5,22.8,0.0,72.0,18.4,170.0,28.3
2022-06-15 15:00:00,1014.1,21.7,0.0,61.0,25.9,160.0,30.0
2022-06-15 16:00:00,1014.3,21.7,0.0,59.0,22.3,160.0,30.6
2022-06-15 17:00:00,1014.0,21.3,0.0,54.0,24.1,160.0,31.7
2022-06-15 18:00:00,1013.0,20.7,0.0,46.0,11.2,120.0,33.9
2022-06-15 19:00:00,1013.0,20.7,0.0,46.0,11.2,120.0,33.9
2022-06-15 20:00:00,1011.9,21.8,0.0,48.0,24.1,120.0,34.4
2022-06-15 21:00:00,1011.4,21.2,0.0,42.0,22.3,140.0,36.1
2022-06-15 22:00:00,1010.8,20.7,0.0,42.0,22.3,140.0,35.6
2022-06-15 23:00:00,1010.8,20.7,0.0,42.0,27.7,110.0,35.6
2022-06-16 00:00:00,1011.1,19.6,0.0,43.0,18.4,140.0,33.9
2022-06-16 01:00:00,1011.8,22.1,0.0,57.0,18.4,140.0,31.7
2022-06-16 02:00:00,1012.9,22.7,0.0,65.0,24.1,130.0,30.0
2022-06-16 03:00:00,1012.9,22.7,0.0,65.0,24.1,130.0,30.0
2022-06-16 04:00:00,1013.9,23.2,0.0,74.0,25.9,140.0,28.3
2022-06-16 05:00:00,1015.1,24.0,0.0,88.0,14.8,150.0,26.1
2022-06-16 06:00:00,1015.0,23.8,0.0,90.0,18.4,150.0,25.6
2022-06-16 07:00:00,1015.2,23.3,0.0,87.0,14.8,160.0,25.6
2022-06-16 08:00:00,1015.0,23.3,0.0,87.0,11.2,160.0,25.6
2022-06-16 09:00:00,1015.0,23.3,0.0,87.0,11.2,160.0,25.6
2022-06-16 10:00:00,1015.4,23.2,0.0,96.0,7.6,140.0,23.9
2022-06-16 11:00:00,1016.1,23.9,0.0,97.0,13.0,140.0,24.4
2022-06-16 12:00:00,1016.5,23.2,0.0,90.0,14.8,150.0,25.0
2022-06-16 13:00:00,1016.5,23.2,0.0,90.0,14.8,150.0,25.0
2022-06-16 14:00:00,1017.1,23.2,0.0,79.0,14.8,170.0,27.2
2022-06-16 15:00:00,1017.0,21.2,0.0,63.0,11.2,150.0,28.9
2022-06-16 16:00:00,1016.3,18.8,0.0,41.0,11.2,150.0,33.9
2022-06-16 17:00:00,1016.3,18.8,0.0,41.0,11.2,120.0,33.9
2022-06-16 18:00:00,1015.9,16.8,0.0,34.0,16.6,120.0,35.0
2022-06-16 19:00:00,1014.3,14.8,0.0,25.0,24.1,140.0,38.3
2022-06-16 20:00:00,1013.6,14.7,0.0,24.0,22.3,130.0,38.9
2022-06-16 21:00:00,1013.0,13.8,0.0,22.0,16.6,130.0,39.4
2022-06-16 22:00:00,1012.5,14.0,0.0,23.0,25.9,120.0,38.9
2022-06-16 23:00:00,1012.5,14.0,0.0,23.0,25.9,120.0,38.9
2022-06-17 00:00:00,1012.5,15.9,0.0,31.0,27.7,140.0,35.6
2022-06-17 01:00:00,1013.4,17.8,0.0,41.0,20.5,160.0,32.8
2022-06-17 02:00:00,1014.6,19.0,0.0,50.0,16.6,170.0,30.6
2022-06-17 03:00:00,1015.5,20.0,0.0,57.0,14.8,170.0,29.4
2022-06-17 04:00:00,1015.5,20.0,0.0,57.0,14.8,170.0,29.4
2022-06-17 05:00:00,1016.0,20.5,0.0,69.0,9.4,160.0,26.7
2022-06-17 06:00:00,1015.7,21.1,0.0,76.0,0.0,0.0,25.6
2022-06-17 07:00:00,1015.4,21.1,0.0,79.0,0.0,0.0,25.0
2022-06-17 08:00:00,1015.4,21.1,0.0,79.0,0.0,0.0,25.0
2022-06-17 09:00:00,1015.1,21.2,0.0,88.0,0.0,0.0,23.3
2022-06-17 10:00:00,1015.2,21.2,0.0,88.0,0.0,0.0,23.3
2022-06-17 11:00:00,1015.2,21.2,0.0,88.0,0.0,0.0,23.3
2022-06-17 12:00:00,1015.5,22.2,0.0,90.0,0.0,0.0,23.9
2022-06-17 13:00:00,1016.0,22.9,0.0,88.0,5.4,220.0,25.0
2022-06-17 14:00:00,1016.7,22.3,0.0,72.0,9.4,160.0,27.8
2022-06-17 15:00:00,1016.4,21.7,0.0,65.0,5.4,160.0,28.9
2022-06-17 16:00:00,1016.4,20.7,0.0,54.0,9.4,137.0,31.1
2022-06-17 17:00:00,1015.8,20.1,0.0,46.0,14.8,150.0,33.3
2022-06-17 18:00:00,1015.8,20.1,0.0,46.0,14.8,150.0,33.3
2022-06-17 19:00:00,1013.6,19.5,0.0,39.0,7.6,150.0,35.6
2022-06-17 20:00:00,1012.8,19.1,0.0,37.0,18.4,170.0,36.1
2022-06-17 21:00:00,1011.9,18.2,0.0,33.0,22.3,130.0,37.2
2022-06-17 22:00:00,1011.4,17.3,0.0,32.0,18.4,170.0,36.7
2022-06-17 23:00:00,1011.4,17.3,0.0,32.0,18.4,170.0,36.7
2022-06-18 00:00:00,1011.0,18.1,0.0,37.0,18.4,130.0,35.0
2022-06-18 01:00:00,1011.5,20.0,0.0,47.0,16.6,160.0,32.8
2022-06-18 02:00:00,1012.4,20.1,0.0,52.0,11.2,160.0,31.1
2022-06-18 03:00:00,1012.4,20.1,0.0,52.0,11.2,160.0,31.1
2022-06-18 04:00:00,1013.7,21.1,0.0,65.0,14.8,150.0,28.3
2022-06-18 05:00:00,1013.7,21.0,0.0,71.0,13.0,150.0,26.7
2022-06-18 06:00:00,1013.2,21.1,0.0,74.0,11.2,180.0,26.1
2022-06-18 07:00:00,1013.2,21.7,0.0,82.0,7.6,160.0,25.0
2022-06-18 08:00:00,1013.2,21.7,0.0,82.0,7.6,160.0,25.0
2022-06-18 09:00:00,1013.9,22.8,0.0,91.0,5.4,170.0,24.4
2022-06-18 10:00:00,1014.1,22.2,0.0,90.0,0.0,0.0,23.9
2022-06-18 11:00:00,1014.8,22.3,0.0,94.0,0.0,0.0,23.3
2022-06-18 12:00:00,1014.8,22.3,0.0,94.0,0.0,0.0,23.3
2022-06-18 13:00:00,1015.5,22.9,0.0,88.0,7.6,110.0,25.0
2022-06-18 14:00:00,1015.9,21.2,0.0,63.0,18.4,130.0,28.9
2022-06-18 15:00:00,1015.7,20.5,0.0,55.0,13.0,200.0,30.6
2022-06-18 16:00:00,1015.3,20.0,0.0,50.0,11.2,200.0,31.7
2022-06-18 17:00:00,1014.7,19.4,0.0,44.0,7.6,132.0,33.3
2022-06-18 18:00:00,1014.7,19.4,0.0,44.0,7.6,150.0,33.3
2022-06-18 19:00:00,1012.9,17.8,0.0,34.0,11.2,150.0,36.1
2022-06-18 20:00:00,1012.0,17.3,0.0,32.0,22.3,80.0,36.7
2022-06-18 21:00:00,1011.6,16.8,0.0,32.0,13.0,150.0,36.1
2022-06-18 22:00:00,1011.6,16.8,0.0,32.0,13.0,150.0,36.1
2022-06-18 23:00:00,1010.7,19.4,0.0,40.0,27.7,130.0,35.0
2022-06-19 00:00:00,1011.3,20.1,0.0,46.0,13.0,150.0,33.3
2022-06-19 01:00:00,1012.0,20.5,0.0,50.0,18.4,150.0,32.2
2022-06-19 02:00:00,1012.8,21.1,0.0,57.0,24.1,150.0,30.6
2022-06-19 03:00:00,1012.8,21.1,0.0,57.0,24.1,150.0,30.6
2022-06-19 04:00:00,1014.2,22.3,0.0,72.0,13.0,160.0,27.8
2022-06-19 05:00:00,1014.5,22.1,0.0,76.0,7.6,150.0,26.7
2022-06-19 06:00:00,1014.4,22.8,0.0,82.0,9.4,170.0,26.1
2022-06-19 07:00:00,1014.2,22.9,0.0,88.0,7.6,150.0,25.0
2022-06-19 08:00:00,1014.2,22.9,0.0,88.0,7.6,150.0,25.0
2022-06-19 09:00:00,1014.5,23.2,0.0,90.0,0.0,0.0,25.0
2022-06-19 10:00:00,1014.5,23.4,0.0,94.0,0.0,0.0,24.4
2022-06-19 11:00:00,1014.5,24.0,0.0,94.0,0.0,0.0,25.0
2022-06-19 12:00:00,1015.7,23.8,0.0,90.0,5.4,140.0,25.6
2022-06-19 13:00:00,1015.7,23.8,0.0,90.0,5.4,140.0,25.6
2022-06-19 14:00:00,1016.0,21.6,0.0,63.0,11.2,120.0,29.4
2022-06-19 15:00:00,1015.8,20.7,0.0,54.0,0.0,0.0,31.1
2022-06-19 16:00:00,1015.7,20.0,0.0,47.0,9.4,0.0,32.8
2022-06-19 17:00:00,1015.0,19.4,0.0,40.0,7.6,127.0,35.0
2022-06-19 18:00:00,1015.0,19.4,0.0,40.0,7.6,150.0,35.0
2022-06-19 19:00:00,1013.5,18.8,0.0,35.0,11.2,150.0,36.7
2022-06-19 20:00:00,1012.7,17.8,0.0,33.0,16.6,150.0,36.7
2022-06-19 21:00:00,1011.8,17.8,0.0,31.0,11.2,150.0,37.8
2022-06-19 22:00:00,1011.8,17.8,0.0,31.0,11.2,160.0,37.8
2022-06-19 23:00:00,1011.1,16.8,0.0,32.0,18.4,140.0,36.1
2022-06-20 00:00:00,1011.2,17.3,0.0,34.0,22.3,120.0,35.6
2022-06-20 01:00:00,1012.0,18.3,0.0,41.0,24.1,140.0,33.3
2022-06-20 02:00:00,1012.9,18.8,0.0,48.0,14.8,140.0,31.1
2022-06-20 03:00:00,1012.9,18.8,0.0,48.0,14.8,140.0,31.1
2022-06-20 04:00:00,1014.3,19.0,0.0,61.0,9.4,150.0,27.2
2022-06-20 05:00:00,1014.5,19.5,0.0,67.0,7.6,160.0,26.1
2022-06-20 06:00:00,1014.7,19.4,0.0,71.0,5.4,160.0,25.0
2022-06-20 07:00:00,1014.6,20.1,0.0,77.0,0.0,0.0,24.4
2022-06-20 08:00:00,1014.6,20.1,0.0,77.0,0.0,0.0,24.4
2022-06-20 09:00:00,1015.0,20.1,0.0,82.0,0.0,0.0,23.3
2022-06-20 10:00:00,1015.7,23.2,0.0,90.0,9.4,210.0,25.0
2022-06-20 11:00:00,1015.7,23.2,0.0,90.0,9.4,210.0,25.0
2022-06-20 12:00:00,1016.9,23.3,0.0,87.0,7.6,160.0,25.6
2022-06-20 13:00:00,1016.9,23.3,0.0,87.0,7.6,160.0,25.6
2022-06-20 14:00:00,1017.5,22.2,0.0,67.0,14.8,230.0,28.9
2022-06-20 15:00:00,1017.3,21.6,0.0,57.0,9.4,170.0,31.1
2022-06-20 16:00:00,1017.0,20.1,0.0,46.0,11.2,170.0,33.3
2022-06-20 17:00:00,1017.0,20.1,0.0,46.0,11.2,190.0,33.3
2022-06-20 18:00:00,1015.7,18.2,0.0,36.0,22.3,140.0,35.6
2022-06-20 19:00:00,1015.0,18.3,0.0,34.0,14.8,160.0,36.7
2022-06-20 20:00:00,1014.0,18.2,0.0,33.0,14.8,90.0,37.2
2022-06-20 21:00:00,1013.2,17.1,0.0,29.0,13.0,110.0,38.3
2022-06-20 22:00:00,1013.2,17.1,0.0,29.0,13.0,110.0,38.3
2022-06-20 23:00:00,1012.3,17.3,0.0,31.0,22.3,130.0,37.2
2022-06-21 00:00:00,1012.3,17.3,0.0,33.0,24.1,140.0,36.1
2022-06-21 01:00:00,1012.8,18.8,0.0,41.0,25.9,140.0,33.9
2022-06-21 02:00:00,1013.6,18.8,0.0,45.0,18.4,150.0,32.2
2022-06-21 03:00:00,1013.6,18.8,0.0,45.0,18.4,150.0,32.2
2022-06-21 04:00:00,1015.9,20.6,0.0,61.0,11.2,170.0,28.9
2022-06-21 05:00:00,1016.0,21.1,0.0,67.0,7.6,150.0,27.8
2022-06-21 06:00:00,1016.1,21.7,0.0,72.0,7.6,160.0,27.2
2022-06-21 07:00:00,1016.3,22.2,0.0,79.0,5.4,140.0,26.1
2022-06-21 08:00:00,1016.3,22.2,0.0,79.0,5.4,140.0,26.1
2022-06-21 09:00:00,1017.1,22.3,0.0,85.0,0.0,0.0,25.0
2022-06-21 10:00:00,1017.3,22.8,0.0,91.0,0.0,0.0,24.4
2022-06-21 11:00:00,1017.3,22.8,0.0,91.0,0.0,0.0,24.4
2022-06-21 12:00:00,1017.8,22.9,0.0,88.0,5.4,90.0,25.0
2022-06-21 13:00:00,1018.6,23.8,0.0,79.0,7.6,50.0,27.8
2022-06-21 14:00:00,1018.9,23.2,0.0,67.0,14.8,150.0,30.0
2022-06-21 15:00:00,1018.3,22.1,0.0,57.0,7.6,150.0,31.7
2022-06-21 16:00:00,1018.3,22.1,0.0,57.0,7.6,119.0,31.7
2022-06-21 17:00:00,1018.0,21.0,0.0,47.0,9.4,130.0,33.9
2022-06-21 18:00:00,1016.8,18.3,0.0,34.0,11.2,130.0,36.7
2022-06-21 19:00:00,1016.5,18.3,0.0,34.0,14.8,160.0,36.7
2022-06-21 20:00:00,1015.5,17.1,0.0,29.0,18.4,110.0,38.3
2022-06-21 21:00:00,1014.8,18.8,0.0,35.0,16.6,70.0,36.7
2022-06-21 22:00:00,1014.8,18.8,0.0,35.0,16.6,70.0,36.7
2022-06-21 23:00:00,1014.0,17.3,0.0,30.0,18.4,130.0,37.8
2022-06-22 00:00:00,1015.0,19.0,0.0,39.0,27.7,120.0,35.0
2022-06-22 01:00:00,1016.0,18.8,0.0,45.0,27.7,140.0,32.2
2022-06-22 02:00:00,1016.0,18.8,0.0,45.0,27.7,140.0,32.2
2022-06-22 03:00:00,1017.7,21.7,0.0,65.0,18.4,150.0,28.9
2022-06-22 04:00:00,1018.1,22.7,0.0,74.0,14.8,140.0,27.8
2022-06-22 05:00:00,1017.9,22.8,0.0,77.0,16.6,140.0,27.2
2022-06-22 06:00:00,1017.9,22.8,0.0,79.0,7.6,120.0,26.7
2022-06-22 07:00:00,1017.9,22.8,0.0,79.0,7.6,120.0,26.7
2022-06-22 08:00:00,1017.2,23.3,0.0,87.0,0.0,0.0,25.6
2022-06-22 09:00:00,1017.3,23.3,0.0,87.0,5.4,100.0,25.6
2022-06-22 10:00:00,1017.3,23.3,0.0,87.0,5.4,100.0,25.6
2022-06-22 11:00:00,1018.0,23.8,0.0,90.0,7.6,120.0,25.6
2022-06-22 12:00:00,1018.0,23.8,0.0,90.0,7.6,120.0,25.6
2022-06-22 13:00:00,1019.1,23.4,0.0,77.0,13.0,190.0,27.8
2022-06-22 14:00:00,1019.2,22.1,0.0,65.0,13.0,210.0,29.4
2022-06-22 15:00:00,1018.9,21.1,0.0,59.0,11.2,190.0,30.0
2022-06-22 16:00:00,1018.3,20.0,0.0,47.0,14.8,150.0,32.8
2022-06-22 17:00:00,1018.3,20.0,0.0,47.0,14.8,150.0,32.8
2022-06-22 18:00:00,1017.0,19.4,0.0,40.0,16.6,170.0,35.0
2022-06-22 19:00:00,1016.0,19.2,0.0,36.0,13.0,180.0,36.7
2022-06-22 20:00:00,1015.3,19.1,0.0,37.0,11.2,180.0,36.1
2022-06-22 21:00:00,1014.5,18.2,0.0,36.0,11.2,120.0,35.6
2022-06-22 22:00:00,1014.5,18.2,0.0,36.0,11.2,120.0,35.6
2022-06-22 23:00:00,1013.3,18.2,0.0,35.0,14.8,140.0,36.1
2022-06-23 00:00:00,1013.4,18.1,0.0,37.0,7.6,170.0,35.0
2022-06-23 01:00:00,1013.8,17.9,0.0,40.0,7.6,150.0,33.3
2022-06-23 02:00:00,1013.8,17.9,0.0,40.0,7.6,150.0,33.3
2022-06-23 03:00:00,1015.0,20.5,0.0,55.0,20.5,170.0,30.6
2022-06-23 04:00:00,1015.5,20.6,0.0,61.0,14.8,160.0,28.9
2022-06-23 05:00:00,1015.4,21.1,0.0,67.0,9.4,160.0,27.8
2022-06-23 06:00:00,1015.4,21.1,0.0,67.0,9.4,160.0,27.8
2022-06-23 07:00:00,1015.5,21.0,0.0,71.0,0.0,0.0,26.7
2022-06-23 08:00:00,1014.8,20.0,0.0,71.0,5.4,210.0,25.6
2022-06-23 09:00:00,1015.1,20.6,0.0,74.0,0.0,0.0,25.6
2022-06-23 10:00:00,1015.1,20.0,0.0,79.0,0.0,0.0,23.9
2022-06-23 11:00:00,1015.1,20.0,0.0,79.0,0.0,0.0,23.9
2022-06-23 12:00:00,1015.4,20.1,0.0,82.0,5.4,150.0,23.3
2022-06-23 13:00:00,1015.7,20.6,0.0,65.0,7.6,190.0,27.8
2022-06-23 14:00:00,1015.7,20.0,0.0,55.0,7.6,250.0,30.0
2022-06-23 15:00:00,1015.1,18.8,0.0,45.0,9.4,250.0,32.2
2022-06-23 16:00:00,1014.6,18.3,0.0,41.0,5.4,202.0,33.3
2022-06-23 17:00:00,1014.6,18.3,0.0,41.0,5.4,171.0,33.3
2022-06-23 18:00:00,1013.8,17.3,0.0,32.0,14.8,140.0,36.7
2022-06-23 19:00:00,1011.9,17.3,0.0,31.0,5.4,140.0,37.2
2022-06-23 20:00:00,1011.9,17.3,0.0,31.0,5.4,90.0,37.2
2022-06-23 21:00:00,1010.1,15.4,0.0,26.0,7.6,50.0,38.3
2022-06-23 22:00:00,1010.1,15.4,0.0,26.0,7.6,50.0,38.3
2022-06-23 23:00:00,1009.3,15.0,0.0,26.0,14.8,140.0,37.8
2022-06-24 00:00:00,1009.5,15.2,0.0,28.0,11.2,120.0,36.7
2022-06-24 01:00:00,1009.5,15.2,0.0,28.0,11.2,120.0,36.7
2022-06-24 02:00:00,1010.3,17.7,0.0,42.0,22.3,140.0,32.2
2022-06-24 03:00:00,1011.3,20.1,0.0,52.0,24.1,150.0,31.1
2022-06-24 04:00:00,1012.0,20.0,0.0,57.0,16.6,150.0,29.4
2022-06-24 05:00:00,1012.1,21.8,0.0,70.0,14.8,160.0,27.8
2022-06-24 06:00:00,1012.0,21.7,0.0,74.0,11.2,160.0,26.7
2022-06-24 07:00:00,1012.0,21.7,0.0,74.0,11.2,160.0,26.7
2022-06-24 08:00:00,1011.8,22.3,0.0,85.0,0.0,0.0,25.0
2022-06-24 09:00:00,1012.0,22.3,0.0,88.0,5.4,150.0,24.4
2022-06-24 10:00:00,1012.2,22.2,0.0,90.0,0.0,0.0,23.9
2022-06-24 11:00:00,1012.5,21.7,0.0,97.0,0.0,0.0,22.2
2022-06-24 12:00:00,1012.5,21.7,0.0,97.0,0.0,0.0,22.2
2022-06-24 13:00:00,1013.4,22.8,0.0,79.0,9.4,120.0,26.7
2022-06-24 14:00:00,1013.4,22.8,0.0,79.0,9.4,172.0,26.7
2022-06-24 15:00:00,1013.0,20.7,0.0,54.0,9.4,168.0,31.1
2022-06-24 16:00:00,1012.6,19.4,0.0,44.0,16.6,170.0,33.3
2022-06-24 17:00:00,1012.6,19.4,0.0,44.0,16.6,170.0,33.3
2022-06-24 18:00:00,1011.0,18.2,0.0,35.0,18.4,120.0,36.1
2022-06-24 19:00:00,1010.3,17.3,0.0,31.0,13.0,170.0,37.2
2022-06-24 20:00:00,1009.3,16.6,0.0,28.0,25.9,150.0,38.3
2022-06-24 21:00:00,1009.3,16.6,0.0,28.0,25.9,150.0,38.3
2022-06-24 22:00:00,1008.2,16.6,0.0,28.0,18.4,160.0,38.3
2022-06-24 23:00:00,1007.9,15.4,0.0,26.0,13.0,180.0,38.3
2022-06-25 00:00:00,1008.2,16.3,0.0,30.0,13.0,140.0,36.7
2022-06-25 01:00:00,1009.1,19.6,0.0,43.0,13.0,140.0,33.9
2022-06-25 02:00:00,1009.1,19.6,0.0,43.0,25.9,150.0,33.9
2022-06-25 03:00:00,1011.2,18.8,0.0,53.0,16.6,150.0,29.4
2022-06-25 04:00:00,1011.6,19.5,0.0,59.0,14.8,150.0,28.3
2022-06-25 05:00:00,1012.2,22.8,0.0,77.0,18.4,160.0,27.2
2022-06-25 06:00:00,1012.2,22.8,0.0,77.0,18.4,160.0,27.2
2022-06-25 07:00:00,1012.4,22.9,0.0,85.0,9.4,160.0,25.6
2022-06-25 08:00:00,1012.5,23.2,0.0,90.0,9.4,170.0,25.0
2022-06-25 09:00:00,1012.8,23.2,0.0,90.0,9.4,170.0,25.0
2022-06-25 10:00:00,1013.2,22.8,0.0,91.0,7.6,170.0,24.4
2022-06-25 11:00:00,1013.2,22.8,0.0,91.0,7.6,170.0,24.4
2022-06-25 12:00:00,1013.9,23.3,0.0,87.0,7.6,160.0,25.6
2022-06-25 13:00:00,1014.4,22.8,0.0,77.0,11.2,190.0,27.2
2022-06-25 14:00:00,1014.6,21.7,0.0,65.0,20.5,190.0,28.9
2022-06-25 15:00:00,1014.3,21.3,0.0,54.0,9.4,190.0,31.7
2022-06-25 16:00:00,1014.3,21.3,0.0,54.0,9.4,120.0,31.7
2022-06-25 17:00:00,1013.6,17.3,0.0,35.0,11.2,120.0,35.0
2022-06-25 18:00:00,1012.7,17.3,0.0,33.0,11.2,160.0,36.1
2022-06-25 19:00:00,1012.2,16.3,0.0,30.0,5.4,160.0,36.7
2022-06-25 20:00:00,1011.3,14.8,0.0,25.0,13.0,180.0,38.3
2022-06-25 21:00:00,1011.3,14.8,0.0,25.0,13.0,180.0,38.3
2022-06-25 22:00:00,1010.3,16.0,0.0,27.0,22.3,130.0,38.3
2022-06-25 23:00:00,1010.1,15.7,0.0,28.0,16.6,140.0,37.2
2022-06-26 00:00:00,1010.7,14.8,0.0,29.0,20.5,130.0,35.6
2022-06-26 01:00:00,1011.6,16.2,0.0,36.0,27.7,130.0,33.3
2022-06-26 02:00:00,1011.6,16.2,0.0,36.0,27.7,130.0,33.3
2022-06-26 03:00:00,1014.3,20.0,0.0,57.0,24.1,150.0,29.4
2022-06-26 04:00:00,1015.4,21.8,0.0,70.0,20.5,150.0,27.8
2022-06-26 05:00:00,1015.4,21.8,0.0,70.0,20.5,150.0,27.8
2022-06-26 06:00:00,1015.8,21.8,0.0,77.0,9.4,160.0,26.1
2022-06-26 07:00:00,1015.7,22.9,0.0,85.0,5.4,140.0,25.6
2022-06-26 08:00:00,1015.7,22.9,0.0,85.0,5.4,140.0,25.6
2022-06-26 09:00:00,1015.7,22.9,0.0,88.0,0.0,0.0,25.0
2022-06-26 10:00:00,1015.7,22.9,0.0,88.0,0.0,0.0,25.0
2022-06-26 11:00:00,1015.9,23.3,0.0,87.0,0.0,0.0,25.6
2022-06-26 12:00:00,1016.2,23.4,0.0,94.0,0.0,0.0,24.4
2022-06-26 13:00:00,1016.9,23.4,0.0,77.0,9.4,190.0,27.8
2022-06-26 14:00:00,1016.9,23.4,0.0,77.0,9.4,190.0,27.8
2022-06-26 15:00:00,1017.2,21.6,0.0,55.0,5.4,60.0,31.7
2022-06-26 16:00:00,1017.2,21.8,0.0,56.0,5.4,60.0,31.7
2022-06-26 17:00:00,1016.7,19.3,0.0,41.0,5.4,92.0,34.4
2022-06-26 18:00:00,1015.9,18.2,0.0,35.0,9.4,92.0,36.1
2022-06-26 19:00:00,1015.9,17.8,0.0,32.0,11.2,120.0,37.2
2022-06-26 20:00:00,1016.0,17.8,0.0,32.0,11.2,120.0,37.2
2022-06-26 21:00:00,1013.9,16.7,0.0,29.0,16.6,70.0,37.8
2022-06-26 22:00:00,1013.3,15.6,0.0,27.0,16.6,120.0,37.8
2022-06-26 23:00:00,1013.0,15.1,0.0,27.0,13.0,60.0,37.2
2022-06-27 00:00:00,1013.0,15.1,0.0,27.0,13.0,60.0,37.2
2022-06-27 01:00:00,1013.3,15.2,0.0,28.0,16.6,90.0,36.7
2022-06-27 02:00:00,1015.3,21.0,0.0,55.0,13.0,150.0,31.1
2022-06-27 03:00:00,1016.3,17.1,0.0,46.0,14.8,140.0,30.0
2022-06-27 04:00:00,1017.1,17.8,0.0,53.0,7.6,160.0,28.3
2022-06-27 05:00:00,1017.6,18.8,0.0,58.0,5.4,150.0,27.8
2022-06-27 06:00:00,1017.6,18.8,0.0,58.0,5.4,150.0,27.8
2022-06-27 07:00:00,1017.4,19.5,0.0,69.0,0.0,0.0,25.6
2022-06-27 08:00:00,1017.1,19.5,0.0,74.0,0.0,0.0,24.4
2022-06-27 09:00:00,1017.2,20.0,0.0,79.0,0.0,0.0,23.9
2022-06-27 10:00:00,1017.4,20.1,0.0,77.0,0.0,0.0,24.4
2022-06-27 11:00:00,1017.4,20.1,0.0,77.0,0.0,0.0,24.4
2022-06-27 12:00:00,1018.3,21.0,0.0,71.0,5.4,150.0,26.7
2022-06-27 13:00:00,1018.3,21.0,0.0,71.0,5.4,150.0,26.7
2022-06-27 14:00:00,1018.5,21.1,0.0,57.0,0.0,0.0,30.6
2022-06-27 15:00:00,1018.5,21.1,0.0,57.0,0.0,0.0,30.6
2022-06-27 16:00:00,1017.9,16.8,0.0,34.0,9.4,30.0,35.0
2022-06-27 17:00:00,1017.1,17.3,0.0,31.0,9.4,30.0,37.2
2022-06-27 18:00:00,1017.1,17.3,0.0,31.0,9.4,60.0,37.2
2022-06-27 19:00:00,1014.8,16.5,0.0,27.0,14.8,70.0,38.9
2022-06-27 20:00:00,1014.8,16.5,0.0,27.0,14.8,70.0,38.9
2022-06-27 21:00:00,1014.7,18.2,0.0,35.0,24.1,50.0,36.1
2022-06-27 22:00:00,1015.6,20.0,0.9,57.0,16.6,70.0,29.4
2022-06-27 23:00:00,1015.6,20.0,0.0,57.0,16.6,70.0,29.4
2022-06-28 00:00:00,1015.8,19.4,0.0,53.0,20.5,60.0,30.0
2022-06-28 01:00:00,1016.7,20.1,0.0,67.0,29.5,70.0,26.7
2022-06-28 02:00:00,1016.7,20.1,0.0,67.0,29.5,70.0,26.7
2022-06-28 03:00:00,1017.8,20.0,0.0,69.0,16.6,100.0,26.1
2022-06-28 04:00:00,1018.9,21.1,0.0,79.0,9.4,10.0,25.0
2022-06-28 05:00:00,1018.2,21.1,0.0,79.0,9.4,360.0,25.0
2022-06-28 06:00:00,1018.2,21.1,0.0,79.0,9.4,360.0,25.0
2022-06-28 07:00:00,1017.5,19.5,0.0,69.0,5.4,290.0,25.6
2022-06-28 08:00:00,1017.4,20.0,0.0,71.0,13.0,10.0,25.6
2022-06-28 09:00:00,1017.2,20.0,0.0,71.0,7.6,30.0,25.6
2022-06-28 10:00:00,1017.6,19.5,0.0,69.0,5.4,40.0,25.6
2022-06-28 11:00:00,1017.6,19.5,0.0,69.0,5.4,40.0,25.6
2022-06-28 12:00:00,1017.9,20.0,0.0,74.0,9.4,120.0,25.0
2022-06-28 13:00:00,1018.4,20.1,0.0,65.0,16.6,70.0,27.2
2022-06-28 14:00:00,1018.5,21.1,0.0,61.0,11.2,70.0,29.4
2022-06-28 15:00:00,1018.5,21.1,0.0,61.0,11.2,70.0,29.4
2022-06-28 16:00:00,1018.5,22.3,0.0,56.0,14.8,50.0,32.2
2022-06-28 17:00:00,1018.5,22.3,0.0,56.0,14.8,50.0,32.2
2022-06-28 18:00:00,1017.4,22.7,0.0,59.0,13.0,40.0,31.7
2022-06-28 19:00:00,1017.3,22.7,0.0,59.0,9.4,190.0,27.2
2022-06-28 20:00:00,1017.3,25.6,0.0,91.0,9.4,190.0,27.2
2022-06-28 21:00:00,1017.0,20.0,0.5,79.0,40.7,360.0,23.9
2022-06-28 22:00:00,1016.3,22.9,0.0,94.0,14.8,330.0,23.9
2022-06-28 23:00:00,1018.4,21.0,0.2,96.0,18.4,130.0,21.7
2022-06-29 00:00:00,1017.9,22.8,0.0,100.0,0.0,0.0,22.8
2022-06-29 01:00:00,1016.9,22.8,0.0,97.0,0.0,0.0,23.3
2022-06-29 02:00:00,1016.9,22.8,0.0,97.0,0.0,0.0,23.3
2022-06-29 03:00:00,1016.9,23.3,0.0,100.0,0.0,0.0,23.3
2022-06-29 04:00:00,1017.0,23.3,0.0,100.0,0.0,0.0,23.3
2022-06-29 05:00:00,1017.0,23.3,0.0,100.0,0.0,0.0,23.3
2022-06-29 06:00:00,1017.2,22.8,0.0,97.0,5.4,310.0,23.3
2022-06-29 07:00:00,1017.5,22.1,0.0,96.0,9.4,220.0,22.8
2022-06-29 08:00:00,1017.5,22.1,0.0,96.0,9.4,220.0,22.8
2022-06-29 09:00:00,1017.8,21.7,0.0,97.0,0.0,0.0,22.2
2022-06-29 10:00:00,1017.7,21.7,0.0,97.0,0.0,0.0,22.2
2022-06-29 11:00:00,1017.7,21.7,0.0,97.0,0.0,0.0,22.2
2022-06-29 12:00:00,1018.4,22.8,0.0,97.0,0.0,0.0,23.3
2022-06-29 13:00:00,1018.9,22.9,0.0,85.0,9.4,360.0,25.6
2022-06-29 14:00:00,1018.9,22.9,0.0,85.0,9.4,360.0,25.6
2022-06-29 15:00:00,1019.1,17.9,0.0,55.0,11.2,40.0,27.8
2022-06-29 16:00:00,1018.6,16.1,0.0,39.0,5.4,10.0,31.7
2022-06-29 17:00:00,1018.6,16.1,0.0,39.0,5.4,52.0,31.7
2022-06-29 18:00:00,1017.4,15.8,0.0,33.0,9.4,130.0,34.4
2022-06-29 19:00:00,1016.7,15.9,0.0,31.0,11.2,100.0,35.6
2022-06-29 20:00:00,1016.7,15.9,0.0,31.0,11.2,100.0,35.6
2022-06-29 21:00:00,1014.9,16.8,0.0,32.0,20.5,100.0,36.1
2022-06-29 22:00:00,1014.3,16.8,0.0,32.0,14.8,90.0,36.1
2022-06-29 23:00:00,1013.7,16.9,0.0,33.0,13.0,60.0,35.6
2022-06-30 00:00:00,1014.1,21.7,0.0,54.0,22.3,130.0,32.2
2022-06-30 01:00:00,1014.1,21.7,0.0,54.0,22.3,130.0,32.2
2022-06-30 02:00:00,1015.7,21.8,0.0,68.0,7.6,140.0,28.3
2022-06-30 03:00:00,1016.2,21.7,0.0,72.0,0.0,0.0,27.2
2022-06-30 04:00:00,1016.4,21.7,0.0,74.0,5.4,110.0,26.7
2022-06-30 05:00:00,1016.4,22.2,0.0,79.0,0.0,0.0,26.1
2022-06-30 06:00:00,1016.4,22.2,0.0,79.0,0.0,0.0,26.1
2022-06-30 07:00:00,1015.9,22.3,0.0,85.0,7.6,110.0,25.0
2022-06-30 08:00:00,1015.9,22.3,0.0,82.0,5.4,80.0,25.6
2022-06-30 09:00:00,1016.2,22.9,0.0,94.0,5.4,100.0,23.9
2022-06-30 10:00:00,1016.0,22.9,0.0,94.0,0.0,0.0,23.9
2022-06-30 11:00:00,1016.0,22.9,0.0,94.0,0.0,0.0,23.9
2022-06-30 12:00:00,1015.8,23.4,0.0,85.0,5.4,40.0,26.1
2022-06-30 13:00:00,1015.7,22.7,0.0,74.0,0.0,0.0,27.8
2022-06-30 14:00:00,1015.6,21.1,0.0,61.0,5.4,0.0,29.4
2022-06-30 15:00:00,1015.6,21.1,0.0,61.0,5.4,47.0,29.4
2022-06-30 16:00:00,1014.6,20.5,0.0,47.0,7.6,52.0,33.3
2022-06-30 17:00:00,1014.1,19.6,0.0,43.0,0.0,0.0,33.9
2022-06-30 18:00:00,1013.1,19.1,0.0,38.0,11.2,50.0,35.6
2022-06-30 19:00:00,1013.1,19.1,0.0,38.0,11.2,50.0,35.6
2022-06-30 20:00:00,1012.3,19.6,0.0,36.0,14.8,100.0,37.2
2022-06-30 21:00:00,1010.5,18.3,0.0,34.0,9.4,50.0,36.7
2022-06-30 22:00:00,1010.5,18.3,0.0,34.0,9.4,50.0,36.7
2022-06-30 23:00:00,1010.1,18.3,0.0,34.0,16.6,110.0,36.7
2022-07-01 00:00:00,1010.2,18.2,0.0,35.0,14.8,100.0,36.1
2022-07-01 01:00:00,1010.2,18.9,0.0,40.0,11.2,100.0,34.4
2022-07-01 02:00:00,1011.5,22.2,0.0,61.0,16.6,130.0,30.6
2022-07-01 03:00:00,1012.2,21.6,0.0,63.0,16.6,120.0,29.4
2022-07-01 04:00:00,1012.6,22.7,0.0,74.0,14.8,140.0,27.8
2022-07-01 05:00:00,1012.6,22.7,0.0,74.0,14.8,140.0,27.8
2022-07-01 06:00:00,1012.9,23.4,0.0,85.0,7.6,110.0,26.1
2022-07-01 07:00:00,1013.1,22.9,0.0,85.0,7.6,120.0,25.6
2022-07-01 08:00:00,1013.2,23.2,0.0,90.0,5.4,140.0,25.0
2022-07-01 09:00:00,1013.2,23.2,0.0,90.0,5.4,140.0,25.0
2022-07-01 10:00:00,1012.8,24.0,0.0,94.0,5.4,170.0,25.0
2022-07-01 11:00:00,1012.7,23.8,0.0,90.0,0.0,0.0,25.6
2022-07-01 12:00:00,1012.8,23.4,0.0,85.0,5.4,320.0,26.1
2022-07-01 13:00:00,1012.9,22.8,0.0,77.0,5.4,320.0,27.2
2022-07-01 14:00:00,1012.6,22.9,0.0,68.0,9.4,330.0,29.4
2022-07-01 15:00:00,1012.6,22.9,0.0,68.0,9.4,330.0,29.4
2022-07-01 16:00:00,1012.1,21.0,0.0,50.0,5.4,60.0,32.8
2022-07-01 17:00:00,1011.6,20.8,0.0,45.0,5.4,138.0,34.4
2022-07-01 18:00:00,1010.8,19.2,0.0,36.0,5.4,136.0,36.7
2022-07-01 19:00:00,1010.1,20.1,0.0,37.0,5.4,92.0,37.2
2022-07-01 20:00:00,1010.1,20.1,0.0,37.0,5.4,120.0,37.2
2022-07-01 21:00:00,1009.2,18.7,0.0,34.0,9.4,120.0,37.2
2022-07-01 22:00:00,1007.9,19.6,0.0,36.0,14.8,90.0,37.2
2022-07-01 23:00:00,1007.9,19.6,0.0,36.0,14.8,90.0,37.2
2022-07-02 00:00:00,1007.8,20.1,0.0,38.0,24.1,110.0,36.7
2022-07-02 01:00:00,1009.0,23.2,0.0,63.0,22.3,120.0,31.1
2022-07-02 02:00:00,1009.0,23.2,0.0,63.0,22.3,120.0,31.1
2022-07-02 03:00:00,1009.4,22.8,0.0,63.0,20.5,120.0,30.6
2022-07-02 04:00:00,1010.5,23.2,0.0,67.0,13.0,120.0,30.0
2022-07-02 05:00:00,1011.1,23.3,0.0,72.0,13.0,150.0,28.9
2022-07-02 06:00:00,1011.4,23.9,0.0,82.0,11.2,150.0,27.2
2022-07-02 07:00:00,1011.2,24.0,0.0,88.0,7.6,150.0,26.1
2022-07-02 08:00:00,1011.2,24.3,0.0,90.0,7.6,140.0,26.1
2022-07-02 09:00:00,1011.1,24.4,0.0,93.0,9.4,130.0,25.6
2022-07-02 10:00:00,1011.1,24.4,0.0,93.0,9.4,130.0,25.6
2022-07-02 11:00:00,1011.7,24.4,0.0,93.0,11.2,150.0,25.6
2022-07-02 12:00:00,1011.7,24.4,0.0,93.0,11.2,150.0,25.6
2022-07-02 13:00:00,1012.7,23.9,0.0,82.0,13.0,170.0,27.2
2022-07-02 14:00:00,1012.6,22.9,0.0,68.0,13.0,200.0,29.4
2022-07-02 15:00:00,1012.6,22.9,0.0,68.0,13.0,200.0,29.4
2022-07-02 16:00:00,1012.0,22.7,0.0,54.0,22.3,140.0,33.3
2022-07-02 17:00:00,1011.5,21.8,0.0,48.0,14.8,160.0,34.4
2022-07-02 18:00:00,1010.7,21.7,0.0,42.0,16.6,90.0,36.7
2022-07-02 19:00:00,1010.7,21.7,0.0,42.0,16.6,90.0,36.7
2022-07-02 20:00:00,1008.9,20.6,0.0,37.0,18.4,100.0,37.8
2022-07-02 21:00:00,1008.9,20.6,0.0,37.0,18.4,100.0,37.8
2022-07-02 22:00:00,1008.0,20.2,0.0,36.0,13.0,140.0,37.8
2022-07-02 23:00:00,1008.0,20.2,0.0,36.0,13.0,140.0,37.8
2022-07-03 00:00:00,1007.4,20.5,0.0,38.0,22.3,120.0,37.2
2022-07-03 01:00:00,1009.9,22.2,0.0,61.0,20.5,150.0,30.6
2022-07-03 02:00:00,1010.6,23.2,0.0,67.0,24.1,140.0,30.0
2022-07-03 03:00:00,1011.4,24.5,0.0,77.0,18.4,140.0,28.9
2022-07-03 04:00:00,1011.4,24.5,0.0,77.0,18.4,140.0,28.9
2022-07-03 05:00:00,1012.5,24.5,0.0,85.0,16.6,150.0,27.2
2022-07-03 06:00:00,1013.1,24.0,0.0,85.0,18.4,160.0,26.7
2022-07-03 07:00:00,1013.5,24.0,0.0,85.0,13.0,170.0,26.7
2022-07-03 08:00:00,1013.4,24.0,0.0,88.0,7.6,170.0,26.1
2022-07-03 09:00:00,1013.0,23.8,0.0,90.0,5.4,120.0,25.6
2022-07-03 10:00:00,1013.0,23.8,0.0,90.0,5.4,120.0,25.6
2022-07-03 11:00:00,1014.1,24.0,0.0,88.0,0.0,0.0,26.1
2022-07-03 12:00:00,1014.1,24.0,0.0,88.0,0.0,0.0,26.1
2022-07-03 13:00:00,1014.8,24.4,0.0,82.0,9.4,160.0,27.8
2022-07-03 14:00:00,1014.8,24.4,0.0,82.0,9.4,160.0,27.8
2022-07-03 15:00:00,1015.3,21.7,0.0,59.0,18.4,170.0,30.6
2022-07-03 16:00:00,1015.0,22.1,0.0,57.0,14.8,160.0,31.7
2022-07-03 17:00:00,1014.4,22.1,0.0,52.0,22.3,120.0,33.3
2022-07-03 18:00:00,1013.8,20.8,0.0,45.0,14.8,90.0,34.4
2022-07-03 19:00:00,1013.8,20.8,0.0,45.0,14.8,90.0,34.4
2022-07-03 20:00:00,1012.2,19.2,0.0,36.0,18.4,150.0,36.7
2022-07-03 21:00:00,1011.3,19.6,0.0,36.0,22.3,120.0,37.2
2022-07-03 22:00:00,1011.1,19.2,0.0,36.0,16.6,110.0,36.7
2022-07-03 23:00:00,1010.8,19.5,0.0,39.0,24.1,130.0,35.6
2022-07-04 00:00:00,1010.8,19.5,0.0,39.0,24.1,130.0,35.6
2022-07-04 01:00:00,1012.4,20.6,0.0,52.0,20.5,150.0,31.7
2022-07-04 02:00:00,1013.1,21.7,0.0,61.0,22.3,130.0,30.0
2022-07-04 03:00:00,1014.3,22.9,0.0,70.0,25.9,140.0,28.9
2022-07-04 04:00:00,1014.8,23.2,0.0,79.0,14.8,140.0,27.2
2022-07-04 05:00:00,1014.8,23.2,0.0,79.0,14.8,140.0,27.2
2022-07-04 06:00:00,1015.2,23.4,0.0,85.0,9.4,150.0,26.1
2022-07-04 07:00:00,1015.1,23.3,0.0,87.0,11.2,150.0,25.6
2022-07-04 08:00:00,1014.9,23.2,0.0,90.0,9.4,140.0,25.0
2022-07-04 09:00:00,1014.9,23.2,0.0,90.0,9.4,140.0,25.0
2022-07-04 10:00:00,1015.3,23.4,0.0,94.0,0.0,0.0,24.4
2022-07-04 11:00:00,1015.3,23.4,0.0,94.0,7.6,0.0,24.4
2022-07-04 12:00:00,1015.8,23.8,0.0,90.0,11.2,150.0,25.6
2022-07-04 13:00:00,1015.7,23.9,0.0,82.0,11.2,160.0,27.2
2022-07-04 14:00:00,1015.7,23.9,0.0,82.0,11.2,160.0,27.2
2022-07-04 15:00:00,1016.0,23.2,0.0,74.0,16.6,180.0,28.3
2022-07-04 16:00:00,1015.6,21.7,0.0,49.0,14.8,180.0,33.9
2022-07-04 17:00:00,1015.2,20.7,0.0,46.0,20.5,180.0,33.9
2022-07-04 18:00:00,1014.6,19.5,0.0,39.0,20.5,150.0,35.6
2022-07-04 19:00:00,1013.3,18.2,0.0,33.0,22.3,150.0,37.2
2022-07-04 20:00:00,1013.3,18.2,0.0,33.0,22.3,150.0,37.2
2022-07-04 21:00:00,1011.7,17.8,0.0,32.0,20.5,190.0,37.2
2022-07-04 22:00:00,1011.2,20.1,0.0,37.0,20.5,190.0,37.2
2022-07-04 23:00:00,1011.1,20.5,0.0,39.0,18.4,140.0,36.7
2022-07-05 00:00:00,1011.1,20.5,0.0,39.0,18.4,140.0,36.7
2022-07-05 01:00:00,1012.3,21.7,0.0,54.0,33.5,140.0,32.2
2022-07-05 02:00:00,1012.3,21.7,0.0,54.0,33.5,140.0,32.2
2022-07-05 03:00:00,1014.3,23.4,0.0,70.0,25.9,150.0,29.4
2022-07-05 04:00:00,1014.3,23.4,0.0,70.0,25.9,150.0,29.4
2022-07-05 05:00:00,1015.1,23.2,0.0,79.0,22.3,140.0,27.2
2022-07-05 06:00:00,1015.1,23.2,0.0,79.0,22.3,140.0,27.2
2022-07-05 07:00:00,1015.1,23.4,0.0,82.0,11.2,140.0,26.7
2022-07-05 08:00:00,1014.8,24.0,0.0,88.0,11.2,140.0,26.1
2022-07-05 09:00:00,1014.4,24.0,0.0,88.0,14.8,170.0,26.1
2022-07-05 10:00:00,1014.7,23.8,0.0,90.0,11.2,170.0,25.6
2022-07-05 11:00:00,1014.8,23.8,0.0,90.0,11.2,160.0,25.6
2022-07-05 12:00:00,1014.8,23.8,0.0,90.0,11.2,160.0,25.6
2022-07-05 13:00:00,1015.5,23.2,0.0,79.0,20.5,190.0,27.2
2022-07-05 14:00:00,1015.1,22.9,0.0,68.0,20.5,170.0,29.4
2022-07-05 15:00:00,1015.1,22.9,0.0,68.0,20.5,170.0,29.4
2022-07-05 16:00:00,1014.4,22.3,0.0,54.0,13.0,170.0,32.8
2022-07-05 17:00:00,1013.8,21.7,0.0,46.0,18.4,150.0,35.0
2022-07-05 18:00:00,1013.1,21.2,0.0,42.0,11.2,150.0,36.1
2022-07-05 19:00:00,1013.1,21.2,0.0,42.0,11.2,150.0,36.1
2022-07-05 20:00:00,1012.1,20.5,0.0,38.0,18.4,150.0,37.2
2022-07-05 21:00:00,1010.2,18.8,0.0,33.0,16.6,130.0,37.8
2022-07-05 22:00:00,1009.6,19.2,0.0,35.0,14.8,130.0,37.2
2022-07-05 23:00:00,1009.6,19.6,0.0,36.0,14.8,130.0,37.2
2022-07-06 00:00:00,1009.5,20.7,0.0,42.0,27.7,130.0,35.6
2022-07-06 01:00:00,1009.5,20.7,0.0,42.0,27.7,130.0,35.6
2022-07-06 02:00:00,1011.5,22.7,0.0,61.0,27.7,140.0,31.1
2022-07-06 03:00:00,1012.6,23.4,0.0,70.0,24.1,140.0,29.4
2022-07-06 04:00:00,1012.6,23.4,0.0,70.0,24.1,140.0,29.4
2022-07-06 05:00:00,1013.3,24.0,0.0,85.0,16.6,140.0,26.7
2022-07-06 06:00:00,1013.3,24.0,0.0,85.0,16.6,140.0,26.7
2022-07-06 07:00:00,1013.2,24.0,0.0,88.0,9.4,160.0,26.1
2022-07-06 08:00:00,1012.6,24.0,0.0,94.0,7.6,120.0,25.0
2022-07-06 09:00:00,1012.6,24.0,0.0,94.0,7.6,120.0,25.0
2022-07-06 10:00:00,1013.3,24.0,0.0,94.0,0.0,0.0,25.0
2022-07-06 11:00:00,1013.8,24.0,0.0,94.0,0.0,0.0,25.0
2022-07-06 12:00:00,1013.8,24.0,0.0,94.0,0.0,0.0,25.0
2022-07-06 13:00:00,1014.1,23.8,0.0,79.0,13.0,170.0,27.8
2022-07-06 14:00:00,1014.1,23.8,0.0,79.0,13.0,170.0,27.8
2022-07-06 15:00:00,1013.8,20.5,0.0,50.0,14.8,200.0,32.2
2022-07-06 16:00:00,1013.5,20.5,0.0,47.0,13.0,140.0,33.3
2022-07-06 17:00:00,1013.0,19.9,0.0,40.0,9.4,140.0,35.6
2022-07-06 18:00:00,1013.0,19.9,0.0,40.0,9.4,170.0,35.6
2022-07-06 19:00:00,1010.9,19.2,0.0,34.0,16.6,130.0,37.8
2022-07-06 20:00:00,1010.6,18.8,0.0,33.0,22.3,110.0,37.8
2022-07-06 21:00:00,1010.2,18.8,0.0,33.0,18.4,150.0,37.8
2022-07-06 22:00:00,1009.5,19.2,0.0,33.0,22.3,120.0,38.3
2022-07-06 23:00:00,1009.5,19.2,0.0,33.0,22.3,120.0,38.3
2022-07-07 00:00:00,1009.4,19.9,0.0,40.0,14.8,140.0,35.6
2022-07-07 01:00:00,1010.0,21.0,0.0,50.0,22.3,130.0,32.8
2022-07-07 02:00:00,1010.9,20.6,0.0,52.0,29.5,150.0,31.7
2022-07-07 03:00:00,1011.8,22.2,0.0,63.0,20.5,150.0,30.0
2022-07-07 04:00:00,1011.8,22.2,0.0,63.0,20.5,150.0,30.0
2022-07-07 05:00:00,1012.8,23.2,0.0,79.0,14.8,150.0,27.2
2022-07-07 06:00:00,1012.9,24.0,0.0,88.0,14.8,140.0,26.1
2022-07-07 07:00:00,1013.0,23.8,0.0,90.0,7.6,140.0,25.6
2022-07-07 08:00:00,1013.0,23.8,0.0,90.0,7.6,140.0,25.6
2022-07-07 09:00:00,1013.1,23.8,0.0,90.0,5.4,160.0,25.6
2022-07-07 10:00:00,1013.3,23.8,0.0,90.0,7.6,160.0,25.6
2022-07-07 11:00:00,1013.3,23.8,0.0,90.0,7.6,160.0,25.6
2022-07-07 12:00:00,1014.1,24.0,0.0,88.0,9.4,140.0,26.1
2022-07-07 13:00:00,1014.1,24.0,0.0,88.0,9.4,140.0,26.1
2022-07-07 14:00:00,1014.4,23.2,0.0,67.0,14.8,160.0,30.0
2022-07-07 15:00:00,1014.1,22.1,0.0,57.0,13.0,200.0,31.7
2022-07-07 16:00:00,1013.6,21.7,0.0,49.0,18.4,150.0,33.9
2022-07-07 17:00:00,1013.3,20.0,0.0,43.0,7.6,150.0,34.4
2022-07-07 18:00:00,1013.3,20.0,0.0,43.0,7.6,160.0,34.4
2022-07-07 19:00:00,1011.6,18.3,0.0,34.0,9.4,160.0,36.7
2022-07-07 20:00:00,1011.2,18.3,0.0,32.0,11.2,100.0,37.8
2022-07-07 21:00:00,1010.6,18.3,0.0,32.0,14.8,140.0,37.8
2022-07-07 22:00:00,1010.6,18.3,0.0,32.0,14.8,140.0,37.8
2022-07-07 23:00:00,1009.8,17.8,0.0,31.0,22.3,150.0,37.8
2022-07-08 00:00:00,1009.8,17.8,0.0,31.0,22.3,150.0,37.8
2022-07-08 01:00:00,1009.8,17.8,0.0,33.0,20.5,120.0,36.7
2022-07-08 02:00:00,1011.1,22.1,0.0,57.0,18.4,150.0,31.7
2022-07-08 03:00:00,1011.1,22.1,0.0,57.0,18.4,150.0,31.7
2022-07-08 04:00:00,1012.9,23.3,0.0,72.0,14.8,150.0,28.9
2022-07-08 05:00:00,1013.3,23.4,0.0,77.0,13.0,140.0,27.8
2022-07-08 06:00:00,1013.7,23.9,0.0,82.0,11.2,140.0,27.2
2022-07-08 07:00:00,1014.1,24.0,0.0,85.0,7.6,150.0,26.7
2022-07-08 08:00:00,1014.1,24.0,0.0,85.0,7.6,150.0,26.7
2022-07-08 09:00:00,1014.1,23.8,0.0,90.0,5.4,120.0,25.6
2022-07-08 10:00:00,1014.3,23.8,0.0,90.0,7.6,120.0,25.6
2022-07-08 11:00:00,1014.9,24.4,0.0,93.0,7.6,140.0,25.6
2022-07-08 12:00:00,1015.3,24.4,0.0,87.0,7.6,140.0,26.7
2022-07-08 13:00:00,1015.3,24.4,0.0,87.0,7.6,140.0,26.7
2022-07-08 14:00:00,1016.2,24.3,0.0,79.0,9.4,190.0,28.3
2022-07-08 15:00:00,1017.0,23.3,0.0,65.0,14.8,220.0,30.6
2022-07-08 16:00:00,1015.5,22.3,0.0,51.0,7.6,179.0,33.9
2022-07-08 17:00:00,1014.9,21.7,0.0,46.0,9.4,177.0,35.0
2022-07-08 18:00:00,1014.9,21.7,0.0,46.0,9.4,169.0,35.0
2022-07-08 19:00:00,1013.8,20.1,0.0,37.0,7.6,220.0,37.2
2022-07-08 20:00:00,1013.5,20.2,0.0,35.0,9.4,220.0,38.3
2022-07-08 21:00:00,1013.5,20.2,0.0,35.0,9.4,220.0,38.3
2022-07-08 22:00:00,1012.8,19.2,0.0,32.0,13.0,220.0,38.9
2022-07-08 23:00:00,1012.2,18.7,0.0,31.0,13.0,120.0,38.9
2022-07-09 00:00:00,1011.7,18.2,0.0,33.0,13.0,120.0,37.2
2022-07-09 01:00:00,1011.9,19.0,0.0,39.0,14.8,120.0,35.0
2022-07-09 02:00:00,1012.8,20.5,0.0,47.0,14.8,120.0,33.3
2022-07-09 03:00:00,1012.8,20.5,0.0,47.0,27.7,150.0,33.3
2022-07-09 04:00:00,1014.9,21.7,0.0,61.0,14.8,160.0,30.0
2022-07-09 05:00:00,1015.3,23.2,0.0,74.0,18.4,170.0,28.3
2022-07-09 06:00:00,1015.4,23.4,0.0,77.0,13.0,160.0,27.8
2022-07-09 07:00:00,1015.6,23.4,0.0,82.0,7.6,150.0,26.7
2022-07-09 08:00:00,1015.6,23.4,0.0,82.0,7.6,150.0,26.7
2022-07-09 09:00:00,1015.7,22.9,0.0,85.0,5.4,140.0,25.6
2022-07-09 10:00:00,1016.1,22.9,0.0,85.0,0.0,0.0,25.6
2022-07-09 11:00:00,1016.7,22.9,0.0,88.0,0.0,0.0,25.0
2022-07-09 12:00:00,1017.1,24.0,0.0,88.0,7.6,120.0,26.1
2022-07-09 13:00:00,1017.1,24.0,0.0,88.0,7.6,120.0,26.1
2022-07-09 14:00:00,1017.2,21.7,0.0,61.0,13.0,220.0,30.0
2022-07-09 15:00:00,1016.8,18.9,0.0,44.0,9.4,220.0,32.8
2022-07-09 16:00:00,1016.6,17.6,0.0,37.0,7.6,110.0,34.4
2022-07-09 17:00:00,1016.6,17.6,0.0,37.0,7.6,110.0,34.4
2022-07-09 18:00:00,1015.2,16.7,0.0,29.0,7.6,149.0,37.8
2022-07-09 19:00:00,1014.2,16.5,0.0,27.0,7.6,112.0,38.9
2022-07-09 20:00:00,1014.2,16.5,0.0,27.0,7.6,108.0,38.9
2022-07-09 21:00:00,1013.6,15.9,0.0,26.0,0.0,0.0,38.9
2022-07-09 22:00:00,1012.7,16.1,0.0,24.0,22.3,130.0,40.6
2022-07-09 23:00:00,1012.1,15.7,0.0,25.0,13.0,90.0,39.4
2022-07-10 00:00:00,1012.1,13.8,0.0,24.0,11.2,150.0,37.8
2022-07-10 01:00:00,1012.1,13.8,0.0,24.0,11.2,150.0,37.8
2022-07-10 02:00:00,1012.1,14.9,0.0,32.0,9.4,140.0,33.9
2022-07-10 03:00:00,1013.8,20.5,0.0,50.0,18.4,160.0,32.2
2022-07-10 04:00:00,1013.8,20.5,0.0,50.0,18.4,160.0,32.2
2022-07-10 05:00:00,1014.1,20.6,0.0,61.0,11.2,170.0,28.9
2022-07-10 06:00:00,1013.9,21.1,0.0,65.0,5.4,180.0,28.3
2022-07-10 07:00:00,1014.3,21.0,0.0,71.0,0.0,0.0,26.7
2022-07-10 08:00:00,1014.3,21.0,0.0,71.0,0.0,0.0,26.7
2022-07-10 09:00:00,1014.1,21.1,0.0,74.0,0.0,0.0,26.1
2022-07-10 10:00:00,1014.0,21.7,0.0,79.0,0.0,0.0,25.6
2022-07-10 11:00:00,1014.4,21.7,0.0,82.0,0.0,0.0,25.0
2022-07-10 12:00:00,1014.8,23.4,0.0,82.0,9.4,210.0,26.7
2022-07-10 13:00:00,1014.8,23.4,0.0,82.0,9.4,210.0,26.7
2022-07-10 14:00:00,1014.7,21.8,0.0,56.0,13.0,240.0,31.7
2022-07-10 15:00:00,1014.5,21.7,0.0,49.0,9.4,240.0,33.9
2022-07-10 16:00:00,1014.0,20.7,0.0,42.0,9.4,240.0,35.6
2022-07-10 17:00:00,1014.0,20.7,0.0,42.0,9.4,310.0,35.6
2022-07-10 18:00:00,1012.1,19.2,0.0,31.0,0.0,0.0,39.4
2022-07-10 19:00:00,1011.0,18.6,0.0,28.0,0.0,0.0,40.6
2022-07-10 20:00:00,1011.0,18.6,0.0,28.0,0.0,0.0,40.6
2022-07-10 21:00:00,1009.2,18.4,0.0,27.0,11.2,180.0,41.1
2022-07-10 22:00:00,1009.2,18.4,0.0,27.0,11.2,180.0,41.1
2022-07-10 23:00:00,1008.4,18.0,0.0,27.0,13.0,150.0,40.6
2022-07-11 00:00:00,1007.7,18.0,0.0,28.0,14.8,150.0,40.0
2022-07-11 01:00:00,1007.6,18.3,0.0,34.0,5.4,170.0,36.7
2022-07-11 02:00:00,1008.3,19.6,0.0,43.0,7.6,140.0,33.9
2022-07-11 03:00:00,1008.3,19.6,0.0,43.0,7.6,140.0,33.9
2022-07-11 04:00:00,1009.9,21.8,0.0,51.0,14.8,160.0,33.3
2022-07-11 05:00:00,1009.8,21.3,0.0,54.0,9.4,160.0,31.7
2022-07-11 06:00:00,1009.4,21.1,0.0,57.0,9.4,180.0,30.6
2022-07-11 07:00:00,1009.4,21.1,0.0,57.0,9.4,180.0,30.6
2022-07-11 08:00:00,1009.4,21.8,0.0,68.0,5.4,190.0,28.3
2022-07-11 09:00:00,1009.3,21.8,0.0,70.0,0.0,0.0,27.8
2022-07-11 10:00:00,1009.6,21.8,0.0,77.0,7.6,120.0,26.1
2022-07-11 11:00:00,1009.8,22.2,0.0,79.0,5.4,140.0,26.1
2022-07-11 12:00:00,1009.8,22.2,0.0,79.0,5.4,140.0,26.1
2022-07-11 13:00:00,1010.1,21.7,0.0,61.0,9.4,200.0,30.0
2022-07-11 14:00:00,1009.8,21.1,0.0,52.0,9.4,260.0,32.2
2022-07-11 15:00:00,1009.7,20.8,0.0,45.0,7.6,260.0,34.4
2022-07-11 16:00:00,1009.5,20.0,0.0,39.0,7.6,240.0,36.1
2022-07-11 17:00:00,1009.5,20.0,0.0,39.0,7.6,240.0,36.1
2022-07-11 18:00:00,1007.8,19.1,0.0,30.0,13.0,160.0,40.0
2022-07-11 19:00:00,1006.8,17.7,0.0,25.0,13.0,160.0,41.7
2022-07-11 20:00:00,1006.8,17.7,0.0,25.0,20.5,170.0,41.7
2022-07-11 21:00:00,1006.2,17.0,0.0,24.0,11.2,81.0,41.7
2022-07-11 22:00:00,1004.9,16.5,0.0,24.0,14.8,120.0,41.1
2022-07-11 23:00:00,1004.4,17.2,0.0,25.0,18.4,150.0,41.1
2022-07-12 00:00:00,1004.7,17.1,0.0,28.0,16.6,130.0,38.9
2022-07-12 01:00:00,1005.0,18.3,0.0,34.0,11.2,140.0,36.7
2022-07-12 02:00:00,1005.0,18.3,0.0,34.0,11.2,140.0,36.7
2022-07-12 03:00:00,1006.2,20.8,0.0,45.0,22.3,140.0,34.4
2022-07-12 04:00:00,1008.3,21.1,0.0,57.0,13.0,130.0,30.6
2022-07-12 05:00:00,1008.8,21.6,0.0,63.0,11.2,140.0,29.4
2022-07-12 06:00:00,1009.0,22.2,0.0,67.0,11.2,140.0,28.9
2022-07-12 07:00:00,1009.0,22.2,0.0,67.0,11.2,140.0,28.9
2022-07-12 08:00:00,1008.7,21.8,0.0,70.0,0.0,0.0,27.8
2022-07-12 09:00:00,1008.9,22.3,0.0,72.0,9.4,120.0,27.8
2022-07-12 10:00:00,1009.3,22.1,0.0,76.0,7.6,110.0,26.7
2022-07-12 11:00:00,1009.9,24.0,0.0,85.0,11.2,120.0,26.7
2022-07-12 12:00:00,1009.9,24.0,0.0,85.0,11.2,120.0,26.7
2022-07-12 13:00:00,1010.5,24.5,0.0,85.0,5.4,210.0,27.2
2022-07-12 14:00:00,1010.8,24.3,0.0,79.0,13.0,190.0,28.3
2022-07-12 15:00:00,1010.8,24.3,0.0,79.0,7.6,160.0,28.3
2022-07-12 16:00:00,1011.2,21.7,0.0,59.0,5.4,160.0,30.6
2022-07-12 17:00:00,1011.2,21.7,0.0,59.0,5.4,131.0,30.6
2022-07-12 18:00:00,1009.6,22.1,0.0,43.0,11.2,120.0,36.7
2022-07-12 19:00:00,1008.7,20.7,0.0,35.0,13.0,70.0,38.9
2022-07-12 20:00:00,1007.9,19.7,0.0,30.0,14.8,120.0,40.6
2022-07-12 21:00:00,1007.9,19.7,0.0,30.0,14.8,120.0,40.6
2022-07-12 22:00:00,1007.0,18.0,0.0,27.0,13.0,80.0,40.6
2022-07-12 23:00:00,1006.6,18.0,0.0,28.0,14.8,120.0,40.0
2022-07-13 00:00:00,1006.6,18.0,0.0,28.0,14.8,120.0,40.0
2022-07-13 01:00:00,1008.0,20.0,0.0,39.0,20.5,140.0,36.1
2022-07-13 02:00:00,1008.0,20.0,0.0,39.0,20.5,140.0,36.1
2022-07-13 03:00:00,1010.7,21.1,0.0,52.0,20.5,140.0,32.2
2022-07-13 04:00:00,1011.2,20.5,0.0,55.0,13.0,150.0,30.6
2022-07-13 05:00:00,1011.3,22.9,0.0,68.0,0.0,0.0,29.4
2022-07-13 06:00:00,1011.6,23.3,0.0,72.0,7.6,130.0,28.9
2022-07-13 07:00:00,1011.6,23.3,0.0,72.0,7.6,130.0,28.9
2022-07-13 08:00:00,1011.9,23.4,0.0,82.0,5.4,170.0,26.7
2022-07-13 09:00:00,1012.1,24.0,0.0,85.0,5.4,130.0,26.7
2022-07-13 10:00:00,1012.5,23.3,0.0,87.0,5.4,140.0,25.6
2022-07-13 11:00:00,1013.1,23.4,0.0,85.0,7.6,120.0,26.1
2022-07-13 12:00:00,1013.1,23.4,0.0,85.0,7.6,120.0,26.1
2022-07-13 13:00:00,1013.7,23.8,0.0,74.0,13.0,140.0,28.9
2022-07-13 14:00:00,1013.9,23.3,0.0,65.0,5.4,170.0,30.6
2022-07-13 15:00:00,1013.6,22.3,0.0,54.0,7.6,170.0,32.8
2022-07-13 16:00:00,1013.5,19.9,0.0,40.0,7.6,130.0,35.6
2022-07-13 17:00:00,1013.3,20.1,0.0,38.0,7.6,130.0,36.7
2022-07-13 18:00:00,1013.3,20.1,0.0,38.0,7.6,94.0,36.7
2022-07-13 19:00:00,1012.0,19.2,0.0,33.0,9.4,85.0,38.3
2022-07-13 20:00:00,1011.5,18.7,0.0,31.0,24.0,110.0,38.9
2022-07-13 21:00:00,1011.5,18.7,0.0,31.0,24.1,110.0,38.9
2022-07-13 22:00:00,1010.8,19.1,0.0,30.0,22.3,110.0,40.0
2022-07-13 23:00:00,1010.3,19.2,0.0,31.0,22.3,90.0,39.4
2022-07-14 00:00:00,1010.0,17.8,0.0,33.0,20.5,140.0,36.7
2022-07-14 01:00:00,1011.0,19.3,0.0,41.0,20.5,150.0,34.4
2022-07-14 02:00:00,1011.0,19.3,0.0,41.0,20.5,150.0,34.4
2022-07-14 03:00:00,1012.5,21.6,0.0,57.0,13.0,170.0,31.1
2022-07-14 04:00:00,1012.5,21.6,0.0,57.0,13.0,170.0,31.1
2022-07-14 05:00:00,1013.4,21.8,0.0,68.0,9.4,150.0,28.3
2022-07-14 06:00:00,1013.4,21.8,0.0,68.0,9.4,150.0,28.3
2022-07-14 07:00:00,1014.2,21.0,0.0,69.0,0.0,0.0,27.2
2022-07-14 08:00:00,1013.9,21.1,0.0,74.0,5.4,150.0,26.1
2022-07-14 09:00:00,1013.9,21.1,0.0,74.0,0.0,0.0,26.1
2022-07-14 10:00:00,1014.1,21.7,0.0,82.0,5.4,120.0,25.0
2022-07-14 11:00:00,1014.1,21.7,0.0,82.0,5.4,120.0,25.0
2022-07-14 12:00:00,1015.6,21.8,0.0,77.0,9.4,130.0,26.1
2022-07-14 13:00:00,1016.1,22.7,0.0,74.0,11.2,140.0,27.8
2022-07-14 14:00:00,1016.1,22.7,0.0,65.0,9.4,170.0,30.0
2022-07-14 15:00:00,1015.6,22.3,0.0,56.0,5.4,152.0,32.2
2022-07-14 16:00:00,1015.6,22.3,0.0,56.0,5.4,125.0,32.2
2022-07-14 17:00:00,1014.7,20.7,0.0,42.0,14.8,230.0,35.6
2022-07-14 18:00:00,1013.9,18.8,0.0,35.0,5.4,230.0,36.7
2022-07-14 19:00:00,1013.0,18.7,0.0,31.0,5.4,130.0,38.9
2022-07-14 20:00:00,1012.1,18.7,0.0,31.0,14.8,130.0,38.9
2022-07-14 21:00:00,1012.1,18.7,0.0,31.0,14.8,130.0,38.9
2022-07-14 22:00:00,1011.0,18.2,0.0,31.0,13.0,120.0,38.3
2022-07-14 23:00:00,1012.5,21.0,0.0,55.0,27.7,110.0,31.1
2022-07-15 00:00:00,1012.5,21.0,0.0,55.0,27.7,110.0,31.1
2022-07-15 01:00:00,1015.3,21.8,0.0,70.0,20.5,10.0,27.8
2022-07-15 02:00:00,1015.8,21.7,0.0,74.0,0.0,0.0,26.7
2022-07-15 03:00:00,1015.9,21.7,0.0,74.0,0.0,0.0,26.7
2022-07-15 04:00:00,1015.8,21.8,0.0,77.0,0.0,0.0,26.1
2022-07-15 05:00:00,1015.6,22.3,0.0,82.0,9.4,260.0,25.6
2022-07-15 06:00:00,1015.6,22.3,0.0,82.0,9.4,260.0,25.6
2022-07-15 07:00:00,1015.0,21.7,0.0,85.0,7.6,160.0,24.4
2022-07-15 08:00:00,1014.5,21.7,0.0,82.0,5.4,90.0,25.0
2022-07-15 09:00:00,1014.8,21.2,0.0,88.0,5.4,120.0,23.3
2022-07-15 10:00:00,1015.3,20.5,0.0,79.0,9.4,60.0,24.4
2022-07-15 11:00:00,1015.3,20.5,0.0,79.0,9.4,60.0,24.4
2022-07-15 12:00:00,1016.5,21.1,0.0,76.0,9.4,70.0,25.6
2022-07-15 13:00:00,1016.8,21.7,0.0,74.0,9.4,120.0,26.7
2022-07-15 14:00:00,1016.6,21.7,0.0,65.0,7.6,120.0,28.9
2022-07-15 15:00:00,1016.6,21.6,0.0,57.0,5.4,10.0,31.1
2022-07-15 16:00:00,1018.0,21.6,0.0,57.0,5.4,10.0,31.1
2022-07-15 17:00:00,1015.6,19.9,0.0,44.0,9.4,110.0,33.9
2022-07-15 18:00:00,1014.9,19.5,0.0,39.0,11.2,60.0,35.6
2022-07-15 19:00:00,1014.7,23.3,0.0,56.0,11.2,60.0,33.3
2022-07-15 20:00:00,1014.5,23.3,0.0,61.0,25.9,150.0,31.7
2022-07-15 21:00:00,1014.5,23.3,0.0,61.0,25.9,150.0,31.7
2022-07-15 22:00:00,1014.3,21.7,0.0,52.0,24.1,120.0,32.8
2022-07-15 23:00:00,1014.0,22.1,0.0,57.0,18.4,130.0,31.7
2022-07-16 00:00:00,1014.0,21.6,0.0,63.0,14.8,150.0,29.4
2022-07-16 01:00:00,1014.0,21.6,0.0,63.0,14.8,150.0,29.4
2022-07-16 02:00:00,1014.5,22.2,0.0,74.0,13.0,160.0,27.2
2022-07-16 03:00:00,1015.2,22.1,0.0,76.0,11.2,140.0,26.7
2022-07-16 04:00:00,1015.4,22.3,0.0,82.0,13.0,140.0,25.6
2022-07-16 05:00:00,1015.4,22.3,0.0,82.0,13.0,140.0,25.6
2022-07-16 06:00:00,1015.4,22.3,0.0,85.0,7.6,150.0,25.0
2022-07-16 07:00:00,1015.1,22.9,0.0,88.0,7.6,100.0,25.0
2022-07-16 08:00:00,1015.1,23.4,0.0,94.0,7.6,100.0,24.4
2022-07-16 09:00:00,1014.7,23.4,0.0,94.0,7.6,120.0,24.4
2022-07-16 10:00:00,1014.8,23.2,0.0,90.0,9.4,140.0,25.0
2022-07-16 11:00:00,1014.8,23.2,0.0,90.0,9.4,140.0,25.0
2022-07-16 12:00:00,1017.0,23.4,0.0,94.0,9.4,150.0,24.4
2022-07-16 13:00:00,1015.6,23.2,0.0,90.0,11.2,140.0,25.0
2022-07-16 14:00:00,1015.9,22.3,0.0,70.0,11.2,180.0,28.3
2022-07-16 15:00:00,1015.9,22.3,0.0,70.0,11.2,180.0,28.3
2022-07-16 16:00:00,1015.4,21.7,0.0,54.0,11.2,0.0,32.2
2022-07-16 17:00:00,1014.7,21.0,0.0,50.0,5.4,163.0,32.8
2022-07-16 18:00:00,1013.7,20.8,0.0,45.0,14.8,120.0,34.4
2022-07-16 19:00:00,1012.7,19.5,0.0,39.0,13.0,140.0,35.6
2022-07-16 20:00:00,1012.7,19.5,0.0,39.0,13.0,140.0,35.6
2022-07-16 21:00:00,1011.2,18.2,0.0,31.0,11.2,120.0,38.3
2022-07-16 22:00:00,1010.7,17.3,0.0,30.0,11.2,120.0,37.8
2022-07-16 23:00:00,1010.4,18.2,0.0,35.0,20.5,150.0,36.1
2022-07-17 00:00:00,1010.3,18.2,0.0,36.0,22.3,140.0,35.6
2022-07-17 01:00:00,1010.3,18.2,0.0,36.0,22.3,140.0,35.6
2022-07-17 02:00:00,1011.5,21.6,0.0,57.0,22.3,150.0,31.1
2022-07-17 03:00:00,1012.3,21.6,0.0,63.0,24.1,140.0,29.4
2022-07-17 04:00:00,1013.0,20.1,0.0,61.0,18.4,140.0,28.3
2022-07-17 05:00:00,1013.1,20.1,0.0,63.0,13.0,150.0,27.8
2022-07-17 06:00:00,1013.1,20.1,0.0,63.0,13.0,150.0,27.8
2022-07-17 07:00:00,1012.9,20.0,0.0,71.0,7.6,160.0,25.6
2022-07-17 08:00:00,1012.9,20.6,0.0,74.0,0.0,0.0,25.6
2022-07-17 09:00:00,1013.2,20.5,0.0,79.0,0.0,0.0,24.4
2022-07-17 10:00:00,1013.5,20.0,0.0,84.0,0.0,0.0,22.8
2022-07-17 11:00:00,1013.5,20.0,0.0,84.0,0.0,0.0,22.8
2022-07-17 12:00:00,1014.0,21.1,0.0,82.0,0.0,0.0,24.4
2022-07-17 13:00:00,1014.1,22.2,0.0,79.0,14.8,180.0,26.1
2022-07-17 14:00:00,1013.8,20.6,0.0,59.0,16.6,190.0,29.4
2022-07-17 15:00:00,1013.8,20.6,0.0,59.0,16.6,190.0,29.4
2022-07-17 16:00:00,1013.4,15.8,0.0,33.0,16.6,190.0,34.4
2022-07-17 17:00:00,1012.9,13.7,0.0,27.0,16.6,230.0,35.6
2022-07-17 18:00:00,1011.9,12.6,0.0,23.0,14.8,140.0,37.2
2022-07-17 19:00:00,1011.3,13.1,0.0,23.0,0.0,0.0,37.8
2022-07-17 20:00:00,1011.3,13.1,0.0,23.0,0.0,0.0,37.8
2022-07-17 21:00:00,1010.3,13.3,0.0,22.0,13.0,200.0,38.9
2022-07-17 22:00:00,1009.8,12.6,0.0,21.0,18.4,150.0,38.9
2022-07-17 23:00:00,1009.8,13.5,0.0,23.0,13.0,150.0,38.3
2022-07-18 00:00:00,1010.0,15.3,0.0,29.0,13.0,130.0,36.1
2022-07-18 01:00:00,1010.0,15.3,0.0,29.0,13.0,130.0,36.1
2022-07-18 02:00:00,1011.3,19.5,0.0,50.0,22.3,150.0,31.1
2022-07-18 03:00:00,1012.2,20.6,0.0,59.0,14.8,150.0,29.4
2022-07-18 04:00:00,1012.6,21.1,0.0,65.0,13.0,170.0,28.3
2022-07-18 05:00:00,1012.6,21.1,0.0,65.0,13.0,170.0,28.3
2022-07-18 06:00:00,1012.7,22.2,0.0,79.0,9.4,160.0,26.1
2022-07-18 07:00:00,1012.4,21.7,0.0,79.0,7.6,170.0,25.6
2022-07-18 08:00:00,1012.6,21.7,0.0,82.0,5.4,120.0,25.0
2022-07-18 09:00:00,1012.9,21.7,0.0,85.0,0.0,0.0,24.4
2022-07-18 10:00:00,1012.9,21.7,0.0,85.0,0.0,0.0,24.4
2022-07-18 11:00:00,1013.6,21.7,0.0,91.0,0.0,0.0,23.3
2022-07-18 12:00:00,1014.2,22.8,0.0,91.0,5.4,130.0,24.4
2022-07-18 13:00:00,1014.7,23.4,0.0,82.0,5.4,130.0,26.7
2022-07-18 14:00:00,1014.7,22.8,0.0,72.0,9.4,180.0,28.3
2022-07-18 15:00:00,1014.7,22.8,0.0,72.0,9.4,180.0,28.3
2022-07-18 16:00:00,1013.8,20.5,0.0,47.0,11.2,210.0,33.3
2022-07-18 17:00:00,1013.3,19.5,0.0,39.0,7.6,210.0,35.6
2022-07-18 18:00:00,1012.7,17.8,0.0,34.0,13.0,150.0,36.1
2022-07-18 19:00:00,1011.9,16.7,0.0,29.0,14.8,180.0,37.8
2022-07-18 20:00:00,1011.9,16.7,0.0,29.0,14.8,180.0,37.8
2022-07-18 21:00:00,1010.5,16.0,0.0,27.0,0.0,0.0,38.3
2022-07-18 22:00:00,1009.8,15.3,0.0,25.0,20.5,140.0,38.9
2022-07-18 23:00:00,1009.6,15.0,0.0,26.0,13.0,120.0,37.8
2022-07-19 00:00:00,1009.6,15.0,0.0,26.0,13.0,120.0,37.8
2022-07-19 01:00:00,1010.1,19.3,0.0,41.0,20.5,170.0,34.4
2022-07-19 02:00:00,1011.0,20.0,0.0,50.0,22.3,150.0,31.7
2022-07-19 03:00:00,1011.9,20.0,0.0,55.0,24.1,160.0,30.0
2022-07-19 04:00:00,1012.4,22.8,0.0,72.0,20.5,170.0,28.3
2022-07-19 05:00:00,1012.4,22.8,0.0,72.0,20.5,170.0,28.3
2022-07-19 06:00:00,1012.2,22.8,0.0,79.0,14.8,160.0,26.7
2022-07-19 07:00:00,1012.0,22.8,0.0,82.0,9.4,150.0,26.1
2022-07-19 08:00:00,1012.1,22.9,0.0,85.0,9.4,150.0,25.6
2022-07-19 09:00:00,1012.1,22.9,0.0,85.0,5.4,140.0,25.6
2022-07-19 10:00:00,1012.1,22.9,0.0,85.0,5.4,140.0,25.6
2022-07-19 11:00:00,1013.1,22.2,0.0,90.0,5.4,130.0,23.9
2022-07-19 12:00:00,1013.4,23.3,0.0,87.0,9.4,140.0,25.6
2022-07-19 13:00:00,1013.7,23.4,0.0,77.0,11.2,160.0,27.8
2022-07-19 14:00:00,1013.5,22.9,0.0,68.0,14.8,160.0,29.4
2022-07-19 15:00:00,1013.5,22.9,0.0,68.0,14.8,160.0,29.4
2022-07-19 16:00:00,1012.6,22.3,0.0,51.0,9.4,150.0,33.9
2022-07-19 17:00:00,1012.0,21.8,0.0,45.0,9.4,170.0,35.6
2022-07-19 18:00:00,1010.8,19.2,0.0,34.0,9.4,150.0,37.8
2022-07-19 19:00:00,1009.8,18.7,0.0,32.0,14.8,130.0,38.3
2022-07-19 20:00:00,1009.8,18.7,0.0,32.0,14.8,130.0,38.3
2022-07-19 21:00:00,1008.4,16.9,0.0,26.0,11.2,130.0,40.0
2022-07-19 22:00:00,1007.8,18.1,0.0,29.0,13.0,160.0,39.4
2022-07-19 23:00:00,1007.9,20.6,0.0,36.0,29.5,140.0,38.3
2022-07-20 00:00:00,1007.9,20.6,0.0,36.0,29.5,140.0,38.3
2022-07-20 01:00:00,1009.3,24.0,0.0,60.0,31.7,140.0,32.8
2022-07-20 02:00:00,1009.8,24.0,0.0,66.0,31.7,140.0,31.1
2022-07-20 03:00:00,1010.7,23.8,0.0,72.0,20.5,130.0,29.4
2022-07-20 04:00:00,1011.3,23.2,0.0,74.0,20.5,140.0,28.3
2022-07-20 05:00:00,1011.3,23.2,0.0,74.0,20.5,140.0,28.3
2022-07-20 06:00:00,1011.2,23.2,0.0,79.0,18.4,140.0,27.2
2022-07-20 07:00:00,1011.0,23.4,0.0,82.0,13.0,140.0,26.7
2022-07-20 08:00:00,1010.8,23.3,0.0,87.0,9.4,140.0,25.6
2022-07-20 09:00:00,1011.0,22.9,0.0,85.0,0.0,0.0,25.6
2022-07-20 10:00:00,1011.0,22.9,0.0,85.0,0.0,0.0,25.6
2022-07-20 11:00:00,1011.4,23.8,0.0,90.0,7.6,140.0,25.6
2022-07-20 12:00:00,1011.8,24.0,0.0,85.0,11.2,130.0,26.7
2022-07-20 13:00:00,1012.2,23.8,0.0,79.0,9.4,130.0,27.8
2022-07-20 14:00:00,1012.2,23.8,0.0,79.0,9.4,170.0,27.8
2022-07-20 15:00:00,1011.7,22.9,0.0,58.0,20.5,170.0,32.2
2022-07-20 16:00:00,1011.4,22.3,0.0,51.0,9.4,170.0,33.9
2022-07-20 17:00:00,1011.4,21.5,0.0,43.0,7.6,170.0,36.1
2022-07-20 18:00:00,1010.1,20.9,0.0,39.0,14.8,170.0,37.2
2022-07-20 19:00:00,1010.1,20.9,0.0,39.0,14.8,170.0,37.2
2022-07-20 20:00:00,1008.3,18.2,0.0,31.0,24.1,130.0,38.3
2022-07-20 21:00:00,1008.3,18.2,0.0,31.0,24.1,130.0,38.3
2022-07-20 22:00:00,1007.7,19.7,0.0,30.0,22.3,160.0,40.6
2022-07-20 23:00:00,1007.5,21.8,0.0,41.0,20.5,140.0,37.2
2022-07-21 00:00:00,1008.2,22.7,0.0,49.0,20.5,140.0,35.0
2022-07-21 01:00:00,1009.2,23.5,0.0,58.0,29.5,130.0,32.8
2022-07-21 02:00:00,1009.2,23.5,0.0,58.0,29.5,130.0,32.8
2022-07-21 03:00:00,1011.3,22.9,0.0,68.0,29.5,130.0,29.4
2022-07-21 04:00:00,1011.4,23.2,0.0,74.0,22.3,130.0,28.3
2022-07-21 05:00:00,1011.6,24.4,0.0,82.0,16.6,140.0,27.8
2022-07-21 06:00:00,1011.4,24.4,0.0,82.0,14.8,140.0,27.8
2022-07-21 07:00:00,1011.4,24.4,0.0,82.0,14.8,140.0,27.8
2022-07-21 08:00:00,1010.7,23.9,0.0,82.0,13.0,140.0,27.2
2022-07-21 09:00:00,1010.5,24.5,0.0,85.0,11.2,140.0,27.2
2022-07-21 10:00:00,1010.7,24.5,0.0,85.0,14.8,150.0,27.2
2022-07-21 11:00:00,1011.1,24.4,0.0,87.0,13.0,150.0,26.7
2022-07-21 12:00:00,1011.1,24.4,0.0,87.0,13.0,150.0,26.7
2022-07-21 13:00:00,1012.0,24.5,0.0,85.0,13.0,140.0,27.2
2022-07-21 14:00:00,1012.7,23.8,0.0,74.0,16.6,170.0,28.9
2022-07-21 15:00:00,1012.8,23.4,0.0,70.0,14.8,150.0,29.4
2022-07-21 16:00:00,1013.1,23.3,0.0,65.0,7.6,210.0,30.6
2022-07-21 17:00:00,1013.1,23.3,0.0,65.0,7.6,210.0,30.6
2022-07-21 18:00:00,1011.5,22.1,0.0,49.0,14.8,220.0,34.4
2022-07-21 19:00:00,1011.5,21.3,0.0,41.0,11.2,130.0,36.7
2022-07-21 20:00:00,1009.6,18.7,0.0,31.0,11.2,130.0,38.9
2022-07-21 21:00:00,1008.8,18.7,0.0,32.0,14.8,130.0,38.3
2022-07-21 22:00:00,1008.8,18.7,0.0,32.0,14.8,130.0,38.3
2022-07-21 23:00:00,1008.4,20.1,0.0,37.0,29.5,140.0,37.2
2022-07-22 00:00:00,1009.1,18.5,0.0,39.0,24.1,130.0,34.4
2022-07-22 01:00:00,1010.2,20.5,0.0,50.0,25.9,140.0,32.2
2022-07-22 02:00:00,1010.2,20.5,0.0,50.0,25.9,140.0,32.2
2022-07-22 03:00:00,1012.6,21.6,0.0,63.0,22.3,130.0,29.4
2022-07-22 04:00:00,1013.1,22.3,0.0,72.0,20.5,130.0,27.8
2022-07-22 05:00:00,1012.8,22.8,0.0,79.0,14.8,150.0,26.7
2022-07-22 06:00:00,1012.8,22.8,0.0,82.0,11.2,150.0,26.1
2022-07-22 07:00:00,1012.8,22.8,0.0,82.0,11.2,150.0,26.1
2022-07-22 08:00:00,1012.6,23.3,0.0,87.0,9.4,180.0,25.6
2022-07-22 09:00:00,1012.9,23.4,0.0,85.0,7.6,150.0,26.1
2022-07-22 10:00:00,1013.2,23.4,0.0,85.0,9.4,150.0,26.1
2022-07-22 11:00:00,1013.7,24.0,0.0,88.0,14.8,160.0,26.1
2022-07-22 12:00:00,1013.7,24.0,0.0,88.0,14.8,160.0,26.1
2022-07-22 13:00:00,1014.7,23.9,0.0,82.0,14.8,160.0,27.2
2022-07-22 14:00:00,1014.8,23.3,0.0,72.0,18.4,180.0,28.9
2022-07-22 15:00:00,1014.8,23.3,0.0,72.0,18.4,180.0,28.9
2022-07-22 16:00:00,1014.3,22.1,0.0,59.0,16.6,180.0,31.1
2022-07-22 17:00:00,1014.1,20.5,0.0,47.0,9.4,150.0,33.3
2022-07-22 18:00:00,1013.0,19.5,0.0,38.0,18.4,180.0,36.1
2022-07-22 19:00:00,1013.0,19.5,0.0,38.0,18.4,180.0,36.1
2022-07-22 20:00:00,1011.5,18.2,0.0,30.0,22.3,140.0,38.9
2022-07-22 21:00:00,1011.5,18.2,0.0,30.0,22.3,140.0,38.9
2022-07-22 22:00:00,1010.9,17.1,0.0,28.0,20.5,120.0,38.9
2022-07-22 23:00:00,1010.3,17.1,0.0,29.0,16.6,140.0,38.3
2022-07-23 00:00:00,1010.6,15.9,0.0,31.0,25.9,130.0,35.6
2022-07-23 01:00:00,1010.6,15.9,0.0,31.0,25.9,130.0,35.6
2022-07-23 02:00:00,1011.6,19.3,0.0,45.0,27.7,130.0,32.8
2022-07-23 03:00:00,1013.7,22.3,0.0,70.0,16.6,140.0,28.3
2022-07-23 04:00:00,1014.1,22.7,0.0,74.0,18.4,140.0,27.8
2022-07-23 05:00:00,1014.3,23.4,0.0,82.0,13.0,150.0,26.7
2022-07-23 06:00:00,1014.3,23.4,0.0,82.0,13.0,150.0,26.7
2022-07-23 07:00:00,1014.1,23.3,0.0,87.0,7.6,140.0,25.6
2022-07-23 08:00:00,1014.2,23.3,0.0,87.0,7.6,140.0,25.6
2022-07-23 09:00:00,1014.2,23.3,0.0,87.0,7.6,140.0,25.6
2022-07-23 10:00:00,1014.4,24.0,0.0,88.0,9.4,130.0,26.1
2022-07-23 11:00:00,1014.5,24.0,0.0,88.0,7.6,120.0,26.1
2022-07-23 12:00:00,1015.4,24.3,0.0,90.0,9.4,140.0,26.1
2022-07-23 13:00:00,1015.7,23.8,0.0,79.0,14.8,180.0,27.8
2022-07-23 14:00:00,1015.7,23.8,0.0,79.0,14.8,180.0,27.8
2022-07-23 15:00:00,1015.5,21.1,0.0,52.0,18.4,140.0,32.2
2022-07-23 16:00:00,1015.2,21.0,0.0,50.0,14.8,160.0,32.8
2022-07-23 17:00:00,1015.2,21.0,0.0,50.0,14.8,160.0,32.8
2022-07-23 18:00:00,1013.5,18.8,0.0,35.0,14.8,140.0,36.7
2022-07-23 19:00:00,1013.5,18.8,0.0,35.0,14.8,140.0,36.7
2022-07-23 20:00:00,1011.8,17.7,0.0,30.0,16.6,150.0,38.3
2022-07-23 21:00:00,1011.8,17.7,0.0,30.0,16.6,150.0,38.3
2022-07-23 22:00:00,1011.2,17.1,0.0,28.0,24.1,150.0,38.9
2022-07-23 23:00:00,1011.3,20.2,0.0,42.0,37.1,140.0,35.0
2022-07-24 00:00:00,1011.6,19.9,0.0,44.0,25.9,140.0,33.9
2022-07-24 01:00:00,1012.0,22.1,0.0,57.0,29.5,150.0,31.7
2022-07-24 02:00:00,1012.0,22.1,0.0,57.0,29.5,150.0,31.7
2022-07-24 03:00:00,1013.6,21.6,0.0,63.0,20.5,160.0,29.4
2022-07-24 04:00:00,1013.6,21.6,0.0,63.0,20.5,160.0,29.4
2022-07-24 05:00:00,1014.0,22.3,0.0,70.0,20.5,140.0,28.3
2022-07-24 06:00:00,1014.5,22.7,0.0,74.0,18.4,150.0,27.8
2022-07-24 07:00:00,1014.9,24.0,0.0,85.0,13.0,140.0,26.7
2022-07-24 08:00:00,1014.9,24.0,0.0,85.0,13.0,140.0,26.7
2022-07-24 09:00:00,1014.7,24.0,0.0,88.0,9.4,160.0,26.1
2022-07-24 10:00:00,1014.9,24.3,0.0,90.0,11.2,140.0,26.1
2022-07-24 11:00:00,1014.9,24.3,0.0,90.0,11.2,140.0,26.1
2022-07-24 12:00:00,1015.2,24.3,0.0,90.0,11.2,130.0,26.1
2022-07-24 13:00:00,1015.8,23.8,0.0,79.0,16.6,160.0,27.8
2022-07-24 14:00:00,1015.8,22.9,0.0,68.0,24.1,160.0,29.4
2022-07-24 15:00:00,1015.5,22.3,0.0,56.0,14.8,170.0,32.2
2022-07-24 16:00:00,1015.5,22.3,0.0,56.0,14.8,170.0,32.2
2022-07-24 17:00:00,1014.6,19.9,0.0,40.0,18.4,140.0,35.6
2022-07-24 18:00:00,1013.6,19.6,0.0,36.0,18.4,160.0,37.2
2022-07-24 19:00:00,1013.6,19.6,0.0,36.0,18.4,160.0,37.2
2022-07-24 20:00:00,1012.3,17.8,0.0,31.0,20.5,170.0,37.8
2022-07-24 21:00:00,1012.3,17.8,0.0,31.0,20.5,170.0,37.8
2022-07-24 22:00:00,1010.7,18.2,0.0,31.0,25.9,140.0,38.3
2022-07-24 23:00:00,1010.8,19.2,0.0,36.0,27.7,140.0,36.7
2022-07-25 00:00:00,1011.2,17.7,0.0,36.0,27.7,130.0,35.0
2022-07-25 01:00:00,1011.2,17.7,0.0,36.0,27.7,130.0,35.0
2022-07-25 02:00:00,1011.9,17.0,0.0,39.0,22.3,150.0,32.8
2022-07-25 03:00:00,1014.0,21.1,0.0,61.0,14.8,160.0,29.4
2022-07-25 04:00:00,1014.0,21.1,0.0,61.0,14.8,160.0,29.4
2022-07-25 05:00:00,1014.8,23.2,0.0,79.0,14.8,140.0,27.2
2022-07-25 06:00:00,1014.8,23.2,0.0,79.0,14.8,140.0,27.2
2022-07-25 07:00:00,1014.7,23.4,0.0,85.0,9.4,150.0,26.1
2022-07-25 08:00:00,1014.5,23.3,0.0,87.0,0.0,0.0,25.6
2022-07-25 09:00:00,1014.3,23.3,0.0,87.0,0.0,0.0,25.6
2022-07-25 10:00:00,1014.3,23.3,0.0,87.0,0.0,0.0,25.6
2022-07-25 11:00:00,1014.4,23.2,0.0,90.0,0.0,0.0,25.0
2022-07-25 12:00:00,1015.0,24.4,0.0,93.0,7.6,140.0,25.6
2022-07-25 13:00:00,1015.0,24.4,0.0,93.0,7.6,140.0,25.6
2022-07-25 14:00:00,1015.3,22.9,0.0,68.0,16.6,200.0,29.4
2022-07-25 15:00:00,1015.1,22.7,0.0,59.0,7.6,200.0,31.7
2022-07-25 16:00:00,1015.1,22.7,0.0,59.0,7.6,170.0,31.7
2022-07-25 17:00:00,1014.5,20.2,0.0,42.0,16.6,210.0,35.0
2022-07-25 18:00:00,1013.6,20.1,0.0,37.0,24.1,160.0,37.2
2022-07-25 19:00:00,1012.4,18.3,0.0,32.0,22.3,150.0,37.8
2022-07-25 20:00:00,1012.4,18.3,0.0,32.0,22.3,150.0,37.8
2022-07-25 21:00:00,1010.6,17.1,0.0,28.0,24.1,140.0,38.9
2022-07-25 22:00:00,1010.3,17.3,0.0,32.0,14.8,130.0,36.7
2022-07-25 23:00:00,1010.1,18.3,0.0,34.0,22.3,160.0,36.7
2022-07-26 00:00:00,1010.5,17.7,0.0,36.0,22.3,160.0,35.0
2022-07-26 01:00:00,1010.5,17.7,0.0,36.0,27.7,150.0,35.0
2022-07-26 02:00:00,1012.2,21.0,0.0,55.0,22.3,150.0,31.1
2022-07-26 03:00:00,1013.4,22.1,0.0,65.0,20.5,130.0,29.4
2022-07-26 04:00:00,1013.7,22.3,0.0,72.0,16.6,140.0,27.8
2022-07-26 05:00:00,1013.7,22.3,0.0,72.0,16.6,140.0,27.8
2022-07-26 06:00:00,1014.7,22.2,0.0,79.0,7.6,120.0,26.1
2022-07-26 07:00:00,1014.5,22.2,0.0,79.0,7.6,100.0,26.1
2022-07-26 08:00:00,1014.3,22.9,0.0,85.0,7.6,90.0,25.6
2022-07-26 09:00:00,1014.3,22.9,0.0,88.0,5.4,100.0,25.0
2022-07-26 10:00:00,1014.3,22.9,0.0,88.0,5.4,100.0,25.0
2022-07-26 11:00:00,1014.6,22.8,0.0,91.0,0.0,0.0,24.4
2022-07-26 12:00:00,1014.6,22.8,0.0,91.0,0.0,0.0,24.4
2022-07-26 13:00:00,1015.3,23.2,0.0,79.0,11.2,140.0,27.2
2022-07-26 14:00:00,1015.2,22.2,0.0,63.0,11.2,220.0,30.0
2022-07-26 15:00:00,1015.2,22.2,0.0,63.0,11.2,220.0,30.0
2022-07-26 16:00:00,1014.9,19.0,0.0,43.0,7.6,169.0,33.3
2022-07-26 17:00:00,1014.1,19.0,0.0,39.0,9.4,159.0,35.0
2022-07-26 18:00:00,1013.2,18.2,0.0,35.0,7.6,154.0,36.1
2022-07-26 19:00:00,1012.4,17.3,0.0,31.0,16.6,180.0,37.2
2022-07-26 20:00:00,1012.4,17.3,0.0,31.0,16.6,180.0,37.2
2022-07-26 21:00:00,1011.6,16.7,0.0,29.0,13.0,120.0,37.8
2022-07-26 22:00:00,1010.1,17.7,0.0,30.0,22.3,140.0,38.3
2022-07-26 23:00:00,1010.1,17.7,0.0,30.0,22.3,140.0,38.3
2022-07-27 00:00:00,1010.0,17.8,0.0,32.0,18.4,140.0,37.2
2022-07-27 01:00:00,1010.0,18.2,0.0,36.0,25.9,150.0,35.6
2022-07-27 02:00:00,1010.9,19.0,0.0,43.0,29.5,150.0,33.3
2022-07-27 03:00:00,1011.8,19.0,0.0,47.0,18.4,150.0,31.7
2022-07-27 04:00:00,1013.6,21.1,0.0,65.0,20.5,150.0,28.3
2022-07-27 05:00:00,1013.6,21.1,0.0,65.0,20.5,150.0,28.3
2022-07-27 06:00:00,1014.0,21.7,0.0,74.0,11.2,140.0,26.7
2022-07-27 07:00:00,1013.9,22.2,0.0,79.0,9.4,120.0,26.1
2022-07-27 08:00:00,1014.0,22.3,0.0,82.0,7.6,120.0,25.6
2022-07-27 09:00:00,1014.0,22.3,0.0,82.0,7.6,120.0,25.6
2022-07-27 10:00:00,1013.9,22.8,0.0,82.0,0.0,0.0,26.1
2022-07-27 11:00:00,1013.9,23.3,0.0,87.0,5.4,110.0,25.6
2022-07-27 12:00:00,1014.4,24.0,0.0,88.0,9.4,120.0,26.1
2022-07-27 13:00:00,1014.5,23.8,0.0,79.0,13.0,150.0,27.8
2022-07-27 14:00:00,1014.5,23.8,0.0,79.0,13.0,150.0,27.8
2022-07-27 15:00:00,1014.6,23.4,0.0,70.0,13.0,170.0,29.4
2022-07-27 16:00:00,1014.2,21.0,0.0,50.0,9.4,160.0,32.8
2022-07-27 17:00:00,1013.9,19.5,0.0,39.0,20.5,170.0,35.6
2022-07-27 18:00:00,1013.3,18.1,0.0,37.0,9.4,170.0,35.0
2022-07-27 19:00:00,1012.6,18.3,0.0,34.0,9.4,154.0,36.7
2022-07-27 20:00:00,1012.6,18.3,0.0,34.0,9.4,170.0,36.7
2022-07-27 21:00:00,1011.9,16.7,0.0,29.0,18.4,170.0,37.8
2022-07-27 22:00:00,1010.6,17.3,0.0,30.0,14.8,200.0,37.8
2022-07-27 23:00:00,1010.9,21.0,0.0,47.0,29.5,150.0,33.9
2022-07-28 00:00:00,1010.9,21.0,0.0,47.0,29.5,150.0,33.9
2022-07-28 01:00:00,1010.7,20.5,0.0,47.0,33.5,140.0,33.3
2022-07-28 02:00:00,1010.9,19.5,0.0,47.0,18.4,140.0,32.2
2022-07-28 03:00:00,1012.9,20.6,0.0,57.0,14.8,160.0,30.0
2022-07-28 04:00:00,1013.6,21.1,0.0,65.0,14.8,140.0,28.3
2022-07-28 05:00:00,1013.7,21.7,0.0,72.0,13.0,140.0,27.2
2022-07-28 06:00:00,1013.7,21.7,0.0,72.0,13.0,140.0,27.2
2022-07-28 07:00:00,1013.5,22.8,0.0,82.0,11.2,140.0,26.1
2022-07-28 08:00:00,1013.4,22.9,0.0,85.0,11.2,140.0,25.6
2022-07-28 09:00:00,1013.2,22.9,0.0,85.0,13.0,150.0,25.6
2022-07-28 10:00:00,1013.2,22.9,0.0,85.0,13.0,150.0,25.6
2022-07-28 11:00:00,1014.0,23.2,0.0,90.0,0.0,0.0,25.0
2022-07-28 12:00:00,1014.0,23.2,0.0,90.0,0.0,0.0,25.0
2022-07-28 13:00:00,1014.4,23.4,0.0,82.0,11.2,200.0,26.7
2022-07-28 14:00:00,1014.4,23.4,0.0,82.0,11.2,200.0,26.7
2022-07-28 15:00:00,1014.5,21.8,0.0,56.0,16.6,200.0,31.7
2022-07-28 16:00:00,1014.5,20.1,0.0,46.0,16.6,190.0,33.3
2022-07-28 17:00:00,1015.0,20.7,0.0,46.0,13.0,230.0,33.9
2022-07-28 18:00:00,1015.0,20.7,0.0,46.0,13.0,230.0,33.9
2022-07-28 19:00:00,1013.0,19.3,0.0,41.0,5.4,110.0,34.4
2022-07-28 20:00:00,1011.2,18.8,0.0,33.0,7.6,110.0,37.8
2022-07-28 21:00:00,1010.4,18.7,0.0,34.0,24.1,140.0,37.2
2022-07-28 22:00:00,1010.1,18.3,0.0,32.0,18.4,160.0,37.8
2022-07-28 23:00:00,1010.0,19.1,0.0,37.0,20.5,150.0,36.1
2022-07-29 00:00:00,1010.0,19.1,0.0,37.0,20.5,150.0,36.1
2022-07-29 01:00:00,1011.3,20.0,0.0,50.0,24.1,130.0,31.7
2022-07-29 02:00:00,1012.2,22.2,0.0,63.0,35.3,140.0,30.0
2022-07-29 03:00:00,1012.2,22.2,0.0,63.0,25.9,150.0,30.0
2022-07-29 04:00:00,1013.6,22.8,0.0,72.0,16.6,140.0,28.3
2022-07-29 05:00:00,1013.6,22.8,0.0,72.0,16.6,140.0,28.3
2022-07-29 06:00:00,1013.9,22.8,0.0,79.0,9.4,140.0,26.7
2022-07-29 07:00:00,1013.7,23.4,0.0,85.0,5.4,180.0,26.1
2022-07-29 08:00:00,1013.7,23.4,0.0,85.0,5.4,180.0,26.1
2022-07-29 09:00:00,1015.0,23.3,0.0,87.0,5.4,120.0,25.6
2022-07-29 10:00:00,1014.2,24.0,0.0,88.0,7.6,140.0,26.1
2022-07-29 11:00:00,1014.2,24.0,0.0,88.0,11.2,150.0,26.1
2022-07-29 12:00:00,1014.9,24.3,0.0,90.0,9.4,160.0,26.1
2022-07-29 13:00:00,1015.4,23.8,0.0,79.0,16.6,140.0,27.8
2022-07-29 14:00:00,1015.4,23.8,0.0,79.0,16.6,140.0,27.8
2022-07-29 15:00:00,1015.1,22.1,0.0,57.0,11.2,180.0,31.7
2022-07-29 16:00:00,1014.9,20.6,0.0,43.0,16.6,160.0,35.0
2022-07-29 17:00:00,1014.5,20.0,0.0,39.0,20.5,160.0,36.1
2022-07-29 18:00:00,1013.6,19.2,0.0,34.0,18.4,150.0,37.8
2022-07-29 19:00:00,1013.6,19.2,0.0,34.0,18.4,150.0,37.8
2022-07-29 20:00:00,1012.0,18.8,0.0,33.0,20.5,160.0,37.8
2022-07-29 21:00:00,1011.1,17.7,0.0,29.0,24.1,130.0,38.9
2022-07-29 22:00:00,1010.9,18.2,0.0,31.0,25.9,140.0,38.3
2022-07-29 23:00:00,1010.5,19.2,0.0,34.0,18.4,150.0,37.8
2022-07-30 00:00:00,1010.5,19.2,0.0,34.0,18.4,150.0,37.8
2022-07-30 01:00:00,1012.3,21.0,0.0,50.0,29.5,150.0,32.8
2022-07-30 02:00:00,1013.5,21.6,0.0,57.0,18.4,140.0,31.1
2022-07-30 03:00:00,1014.5,22.1,0.0,65.0,20.5,140.0,29.4
2022-07-30 04:00:00,1014.5,22.1,0.0,65.0,20.5,140.0,29.4
2022-07-30 05:00:00,1015.6,22.3,0.0,72.0,18.4,140.0,27.8
2022-07-30 06:00:00,1015.6,22.2,0.0,74.0,11.2,140.0,27.2
2022-07-30 07:00:00,1015.4,22.8,0.0,82.0,5.4,130.0,26.1
2022-07-30 08:00:00,1015.5,22.9,0.0,85.0,5.4,150.0,25.6
2022-07-30 09:00:00,1015.5,22.9,0.0,85.0,5.4,150.0,25.6
2022-07-30 10:00:00,1016.0,22.3,0.0,85.0,5.4,120.0,25.0
2022-07-30 11:00:00,1017.0,22.3,0.0,85.0,0.0,0.0,25.0
2022-07-30 12:00:00,1017.5,22.2,0.0,79.0,7.6,80.0,26.1
2022-07-30 13:00:00,1018.1,21.8,0.0,70.0,9.4,170.0,27.8
2022-07-30 14:00:00,1018.1,21.8,0.0,70.0,9.4,170.0,27.8
2022-07-30 15:00:00,1017.7,20.1,0.0,49.0,7.6,170.0,32.2
2022-07-30 16:00:00,1017.4,19.0,0.0,43.0,9.4,178.0,33.3
2022-07-30 17:00:00,1016.7,18.2,0.0,35.0,20.5,200.0,36.1
2022-07-30 18:00:00,1015.9,17.8,0.0,33.0,18.4,160.0,36.7
2022-07-30 19:00:00,1015.9,17.8,0.0,33.0,18.4,160.0,36.7
2022-07-30 20:00:00,1014.0,15.9,0.0,26.0,14.8,150.0,38.9
2022-07-30 21:00:00,1013.3,15.3,0.0,25.0,14.8,180.0,38.9
2022-07-30 22:00:00,1012.9,15.0,0.0,26.0,9.4,180.0,37.8
2022-07-30 23:00:00,1012.9,15.0,0.0,26.0,9.4,160.0,37.8
2022-07-31 00:00:00,1013.1,19.1,0.0,38.0,20.5,150.0,35.6
2022-07-31 01:00:00,1013.9,17.9,0.0,40.0,29.5,140.0,33.3
2022-07-31 02:00:00,1015.2,17.1,0.0,43.0,29.5,140.0,31.1
2022-07-31 03:00:00,1016.2,16.8,0.0,45.0,22.3,150.0,30.0
2022-07-31 04:00:00,1016.2,16.8,0.0,45.0,22.3,150.0,30.0
2022-07-31 05:00:00,1016.9,21.8,0.0,70.0,18.4,170.0,27.8
2022-07-31 06:00:00,1017.5,22.8,0.0,79.0,14.8,160.0,26.7
2022-07-31 07:00:00,1017.3,23.4,0.0,85.0,9.4,180.0,26.1
2022-07-31 08:00:00,1017.3,23.4,0.0,85.0,9.4,180.0,26.1
2022-07-31 09:00:00,1017.0,23.4,0.0,85.0,0.0,0.0,26.1
2022-07-31 10:00:00,1016.8,23.3,0.0,87.0,0.0,0.0,25.6
2022-07-31 11:00:00,1017.3,22.9,0.0,88.0,0.0,0.0,25.0
2022-07-31 12:00:00,1017.5,24.0,0.0,88.0,0.0,0.0,26.1
2022-07-31 13:00:00,1017.5,24.0,0.0,88.0,0.0,0.0,26.1
2022-07-31 14:00:00,1018.2,23.9,0.0,82.0,11.2,200.0,27.2
2022-07-31 15:00:00,1018.2,21.7,0.0,61.0,14.8,200.0,30.0
2022-07-31 16:00:00,1018.0,21.7,0.0,59.0,5.4,130.0,30.6
2022-07-31 17:00:00,1017.3,19.9,0.0,44.0,5.4,130.0,33.9
2022-07-31 18:00:00,1016.2,19.5,0.0,39.0,13.0,140.0,35.6
2022-07-31 19:00:00,1016.2,19.5,0.0,39.0,13.0,140.0,35.6
2022-07-31 20:00:00,1014.3,16.7,0.0,29.0,16.6,120.0,37.8
2022-07-31 21:00:00,1013.6,14.4,0.0,25.0,11.2,110.0,37.8
2022-07-31 22:00:00,1013.3,15.3,0.0,25.0,24.1,120.0,38.9
2022-07-31 23:00:00,1013.3,15.3,0.0,25.0,24.1,120.0,38.9
2022-08-01 00:00:00,1013.6,17.7,0.0,36.0,24.1,140.0,35.0
2022-08-01 01:00:00,1014.2,17.8,0.0,41.0,27.7,140.0,32.8
2022-08-01 02:00:00,1015.0,18.5,0.0,47.0,27.7,140.0,31.1
2022-08-01 03:00:00,1016.0,20.0,0.0,57.0,24.1,140.0,29.4
2022-08-01 04:00:00,1016.0,20.0,0.0,57.0,24.1,140.0,29.4
2022-08-01 05:00:00,1016.7,21.0,0.0,69.0,9.4,150.0,27.2
2022-08-01 06:00:00,1016.6,21.7,0.0,74.0,5.4,130.0,26.7
2022-08-01 07:00:00,1016.4,22.2,0.0,79.0,5.4,120.0,26.1
2022-08-01 08:00:00,1016.3,22.3,0.0,85.0,5.4,160.0,25.0
2022-08-01 09:00:00,1016.3,22.3,0.0,85.0,5.4,160.0,25.0
2022-08-01 10:00:00,1016.2,22.3,0.0,85.0,0.0,0.0,25.0
2022-08-01 11:00:00,1016.5,22.2,0.0,90.0,0.0,0.0,23.9
2022-08-01 12:00:00,1016.5,22.9,0.0,85.0,0.0,0.0,25.6
2022-08-01 13:00:00,1016.5,22.9,0.0,85.0,0.0,0.0,25.6
2022-08-01 14:00:00,1017.0,22.8,0.0,77.0,14.8,170.0,27.2
2022-08-01 15:00:00,1016.9,21.3,0.0,54.0,13.0,170.0,31.7
2022-08-01 16:00:00,1016.6,20.1,0.0,49.0,7.6,170.0,32.2
2022-08-01 17:00:00,1016.1,19.6,0.0,43.0,18.4,140.0,33.9
2022-08-01 18:00:00,1016.1,19.6,0.0,43.0,18.4,140.0,33.9
2022-08-01 19:00:00,1014.6,18.2,0.0,35.0,18.4,160.0,36.1
2022-08-01 20:00:00,1013.8,17.8,0.0,34.0,16.6,160.0,36.1
2022-08-01 21:00:00,1012.9,17.3,0.0,30.0,18.4,110.0,37.8
2022-08-01 22:00:00,1012.4,17.3,0.0,30.0,18.4,160.0,37.8
2022-08-01 23:00:00,1012.4,17.3,0.0,30.0,18.4,160.0,37.8
2022-08-02 00:00:00,1012.1,19.4,0.0,40.0,18.4,140.0,35.0
2022-08-02 01:00:00,1012.7,20.5,0.0,47.0,18.4,140.0,33.3
2022-08-02 02:00:00,1013.7,22.1,0.0,59.0,24.1,150.0,31.1
2022-08-02 03:00:00,1014.3,21.7,0.0,61.0,16.6,140.0,30.0
2022-08-02 04:00:00,1014.3,21.7,0.0,61.0,16.6,140.0,30.0
2022-08-02 05:00:00,1015.0,21.8,0.0,70.0,18.4,150.0,27.8
2022-08-02 06:00:00,1015.0,22.1,0.0,76.0,14.8,160.0,26.7
2022-08-02 07:00:00,1014.8,21.7,0.0,74.0,13.0,160.0,26.7
2022-08-02 08:00:00,1015.0,21.8,0.0,77.0,11.2,160.0,26.1
2022-08-02 09:00:00,1015.0,21.8,0.0,77.0,11.2,160.0,26.1
2022-08-02 10:00:00,1015.0,22.8,0.0,82.0,13.0,180.0,26.1
2022-08-02 11:00:00,1015.5,22.9,0.0,88.0,5.4,140.0,25.0
2022-08-02 12:00:00,1015.8,23.4,0.0,85.0,5.4,120.0,26.1
2022-08-02 13:00:00,1015.8,23.4,0.0,85.0,5.4,120.0,26.1
2022-08-02 14:00:00,1015.9,21.7,0.0,61.0,22.3,170.0,30.0
2022-08-02 15:00:00,1015.5,21.0,0.0,50.0,20.5,210.0,32.8
2022-08-02 16:00:00,1015.0,19.4,0.0,40.0,27.7,180.0,35.0
2022-08-02 17:00:00,1013.9,19.5,0.0,38.0,20.5,180.0,36.1
2022-08-02 18:00:00,1013.9,19.5,0.0,38.0,20.5,180.0,36.1
2022-08-02 19:00:00,1011.9,17.7,0.0,30.0,20.5,170.0,38.3
2022-08-02 20:00:00,1010.9,17.7,0.0,29.0,27.7,160.0,38.9
2022-08-02 21:00:00,1010.2,17.0,0.0,27.0,25.9,150.0,39.4
2022-08-02 22:00:00,1009.8,15.9,0.0,26.0,25.9,150.0,38.9
2022-08-02 23:00:00,1009.8,15.9,0.0,26.0,24.1,160.0,38.9
2022-08-03 00:00:00,1009.3,18.3,0.0,34.0,18.4,140.0,36.7
2022-08-03 01:00:00,1010.1,21.8,0.0,51.0,29.5,140.0,33.3
2022-08-03 02:00:00,1010.8,21.0,0.0,55.0,31.7,150.0,31.1
2022-08-03 03:00:00,1010.8,21.0,0.0,55.0,31.7,150.0,31.1
2022-08-03 04:00:00,1011.7,20.6,0.0,63.0,24.1,140.0,28.3
2022-08-03 05:00:00,1011.7,20.6,0.0,63.0,24.1,140.0,28.3
2022-08-03 06:00:00,1011.9,22.2,0.0,74.0,18.4,160.0,27.2
2022-08-03 07:00:00,1011.8,22.8,0.0,82.0,14.8,170.0,26.1
2022-08-03 08:00:00,1011.4,23.4,0.0,85.0,9.4,160.0,26.1
2022-08-03 09:00:00,1011.4,23.4,0.0,85.0,9.4,160.0,26.1
2022-08-03 10:00:00,1011.4,23.3,0.0,87.0,9.4,130.0,25.6
2022-08-03 11:00:00,1011.8,23.2,0.0,90.0,7.6,130.0,25.0
2022-08-03 12:00:00,1012.3,24.0,0.0,88.0,13.0,140.0,26.1
2022-08-03 13:00:00,1012.4,23.4,0.0,77.0,18.4,160.0,27.8
2022-08-03 14:00:00,1012.4,23.4,0.0,77.0,18.4,160.0,27.8
2022-08-03 15:00:00,1012.0,21.0,0.0,50.0,20.5,170.0,32.8
2022-08-03 16:00:00,1011.4,20.6,0.0,43.0,27.7,170.0,35.0
2022-08-03 17:00:00,1010.5,19.5,0.0,38.0,29.5,180.0,36.1
2022-08-03 18:00:00,1010.5,19.5,0.0,38.0,29.5,180.0,36.1
2022-08-03 19:00:00,1008.8,19.2,0.0,33.0,16.6,190.0,38.3
2022-08-03 20:00:00,1007.9,19.2,0.0,31.0,13.0,160.0,39.4
2022-08-03 21:00:00,1006.9,18.0,0.0,28.0,24.1,140.0,40.0
2022-08-03 22:00:00,1006.5,17.0,0.0,27.0,24.1,140.0,39.4
2022-08-03 23:00:00,1006.5,17.0,0.0,27.0,25.9,160.0,39.4
2022-08-04 00:00:00,1007.2,22.2,0.0,46.0,20.5,150.0,35.6
2022-08-04 01:00:00,1008.2,22.7,0.0,54.0,29.5,140.0,33.3
2022-08-04 02:00:00,1009.1,22.1,0.0,59.0,29.5,140.0,31.1
2022-08-04 03:00:00,1009.1,22.1,0.0,59.0,29.5,140.0,31.1
2022-08-04 04:00:00,1010.7,23.2,0.0,74.0,24.1,140.0,28.3
2022-08-04 05:00:00,1011.0,23.4,0.0,77.0,20.5,150.0,27.8
2022-08-04 06:00:00,1011.0,23.4,0.0,77.0,20.5,150.0,27.8
2022-08-04 07:00:00,1011.3,23.4,0.0,82.0,13.0,140.0,26.7
2022-08-04 08:00:00,1011.3,23.4,0.0,82.0,13.0,140.0,26.7
2022-08-04 09:00:00,1011.4,23.4,0.0,85.0,7.6,110.0,26.1
2022-08-04 10:00:00,1011.7,23.4,0.0,85.0,7.6,90.0,26.1
2022-08-04 11:00:00,1011.7,23.4,0.0,85.0,7.6,90.0,26.1
2022-08-04 12:00:00,1011.9,24.0,0.0,88.0,9.4,140.0,26.1
2022-08-04 13:00:00,1011.9,24.0,0.0,88.0,9.4,140.0,26.1
2022-08-04 14:00:00,1012.6,22.2,0.0,63.0,22.3,180.0,30.0
2022-08-04 15:00:00,1012.9,21.1,0.0,52.0,20.5,180.0,32.2
2022-08-04 16:00:00,1012.7,20.0,0.0,43.0,20.5,180.0,34.4
2022-08-04 17:00:00,1011.9,19.5,0.0,39.0,16.6,150.0,35.6
2022-08-04 18:00:00,1011.9,19.5,0.0,39.0,16.6,150.0,35.6
2022-08-04 19:00:00,1010.4,17.7,0.0,30.0,22.3,160.0,38.3
2022-08-04 20:00:00,1009.4,17.0,0.0,27.0,11.2,160.0,39.4
2022-08-04 21:00:00,1008.6,16.9,0.0,26.0,16.6,140.0,40.0
2022-08-04 22:00:00,1008.6,16.9,0.0,26.0,16.6,140.0,40.0
2022-08-04 23:00:00,1008.3,18.7,0.0,34.0,25.9,120.0,37.2
2022-08-05 00:00:00,1008.8,19.5,0.0,39.0,25.9,130.0,35.6
2022-08-05 01:00:00,1009.3,20.7,0.0,46.0,29.5,140.0,33.9
2022-08-05 02:00:00,1011.0,21.8,0.0,56.0,24.1,140.0,31.7
2022-08-05 03:00:00,1011.0,21.8,0.0,56.0,24.1,140.0,31.7
2022-08-05 04:00:00,1012.8,21.7,0.0,65.0,20.5,130.0,28.9
2022-08-05 05:00:00,1013.2,21.8,0.0,70.0,16.6,140.0,27.8
2022-08-05 06:00:00,1012.6,22.8,0.0,77.0,13.0,150.0,27.2
2022-08-05 07:00:00,1012.6,22.8,0.0,82.0,13.0,140.0,26.1
2022-08-05 08:00:00,1012.6,22.8,0.0,82.0,13.0,140.0,26.1
2022-08-05 09:00:00,1012.7,23.3,0.0,87.0,0.0,0.0,25.6
2022-08-05 10:00:00,1012.4,23.3,0.0,87.0,14.8,160.0,25.6
2022-08-05 11:00:00,1013.3,23.4,0.0,85.0,13.0,170.0,26.1
2022-08-05 12:00:00,1014.0,23.4,0.0,82.0,7.6,160.0,26.7
2022-08-05 13:00:00,1014.0,23.4,0.0,82.0,7.6,160.0,26.7
2022-08-05 14:00:00,1014.8,22.8,0.0,72.0,11.2,200.0,28.3
2022-08-05 15:00:00,1014.9,22.2,0.0,63.0,11.2,210.0,30.0
2022-08-05 16:00:00,1014.4,22.3,0.0,56.0,7.6,210.0,32.2
2022-08-05 17:00:00,1014.4,22.3,0.0,56.0,7.6,140.0,32.2
2022-08-05 18:00:00,1013.0,20.0,0.0,39.0,13.0,120.0,36.1
2022-08-05 19:00:00,1012.0,19.1,0.0,38.0,5.4,120.0,35.6
2022-08-05 20:00:00,1011.4,15.0,0.0,26.0,11.2,140.0,37.8
2022-08-05 21:00:00,1010.7,14.5,0.0,26.0,5.4,140.0,37.2
2022-08-05 22:00:00,1010.7,14.5,0.0,26.0,5.4,150.0,37.2
2022-08-05 23:00:00,1010.3,16.9,0.0,33.0,24.1,130.0,35.6
2022-08-06 00:00:00,1011.2,19.3,0.0,45.0,25.9,160.0,32.8
2022-08-06 01:00:00,1011.6,18.5,0.0,47.0,20.5,150.0,31.1
2022-08-06 02:00:00,1012.4,18.4,0.0,50.0,18.4,140.0,30.0
2022-08-06 03:00:00,1012.4,18.4,0.0,50.0,18.4,140.0,30.0
2022-08-06 04:00:00,1013.2,21.1,0.0,65.0,14.8,150.0,28.3
2022-08-06 05:00:00,1013.5,22.2,0.0,74.0,13.0,140.0,27.2
2022-08-06 06:00:00,1013.5,22.2,0.0,74.0,13.0,140.0,27.2
2022-08-06 07:00:00,1013.6,23.2,0.0,79.0,14.8,170.0,27.2
2022-08-06 08:00:00,1013.6,23.4,0.0,82.0,13.0,180.0,26.7
2022-08-06 09:00:00,1013.6,23.4,0.0,82.0,13.0,180.0,26.7
2022-08-06 10:00:00,1013.4,23.4,0.0,82.0,14.8,200.0,26.7
2022-08-06 11:00:00,1013.6,23.4,0.0,85.0,9.4,160.0,26.1
2022-08-06 12:00:00,1014.6,23.4,0.0,85.0,11.2,120.0,26.1
2022-08-06 13:00:00,1016.1,23.4,0.0,82.0,11.2,130.0,26.7
2022-08-06 14:00:00,1015.9,23.2,0.0,74.0,14.8,200.0,28.3
2022-08-06 15:00:00,1016.0,22.2,0.0,61.0,14.8,190.0,30.6
2022-08-06 16:00:00,1015.7,20.0,0.0,50.0,7.6,140.0,31.7
2022-08-06 17:00:00,1015.7,20.0,0.0,50.0,7.6,140.0,31.7
2022-08-06 18:00:00,1013.9,19.0,0.0,39.0,11.2,60.0,35.0
2022-08-06 19:00:00,1013.4,18.9,0.0,40.0,24.1,150.0,34.4
2022-08-06 20:00:00,1012.8,19.1,0.0,37.0,16.6,90.0,36.1
2022-08-06 21:00:00,1012.1,16.3,0.0,33.0,16.6,120.0,35.0
2022-08-06 22:00:00,1012.1,16.3,0.0,33.0,16.6,120.0,35.0
2022-08-06 23:00:00,1012.9,18.3,0.0,41.0,29.5,120.0,33.3
2022-08-07 00:00:00,1013.4,19.0,0.0,47.0,27.7,150.0,31.7
2022-08-07 01:00:00,1014.0,21.7,0.0,61.0,20.5,150.0,30.0
2022-08-07 02:00:00,1014.7,21.6,0.0,63.0,22.3,140.0,29.4
2022-08-07 03:00:00,1014.7,21.6,0.0,63.0,22.3,140.0,29.4
2022-08-07 04:00:00,1015.8,22.7,0.0,74.0,14.8,150.0,27.8
2022-08-07 05:00:00,1016.0,22.2,0.0,74.0,18.4,150.0,27.2
2022-08-07 06:00:00,1016.0,22.8,0.0,82.0,13.0,150.0,26.1
2022-08-07 07:00:00,1016.0,22.8,0.0,82.0,13.0,150.0,26.1
2022-08-07 08:00:00,1015.8,23.3,0.0,87.0,9.4,130.0,25.6
2022-08-07 09:00:00,1015.8,23.3,0.0,87.0,5.4,120.0,25.6
2022-08-07 10:00:00,1015.8,23.3,0.0,87.0,5.4,120.0,25.6
2022-08-07 11:00:00,1016.6,23.2,0.0,90.0,7.6,120.0,25.0
2022-08-07 12:00:00,1016.6,23.2,0.0,90.0,7.6,120.0,25.0
2022-08-07 13:00:00,1017.9,24.0,0.0,85.0,9.4,170.0,26.7
2022-08-07 14:00:00,1017.9,24.0,0.0,85.0,9.4,170.0,26.7
2022-08-07 15:00:00,1017.9,21.7,0.0,59.0,16.6,180.0,30.6
2022-08-07 16:00:00,1017.6,21.0,0.0,50.0,13.0,170.0,32.8
2022-08-07 17:00:00,1017.6,21.0,0.0,50.0,13.0,170.0,32.8
2022-08-07 18:00:00,1015.7,19.5,0.0,39.0,16.6,140.0,35.6
2022-08-07 19:00:00,1014.6,18.8,0.0,35.0,14.8,160.0,36.7
2022-08-07 20:00:00,1013.7,18.7,0.0,34.0,9.4,160.0,37.2
2022-08-07 21:00:00,1013.3,20.0,0.0,43.0,16.6,90.0,34.4
2022-08-07 22:00:00,1013.3,20.0,0.4,43.0,16.6,90.0,34.4
2022-08-07 23:00:00,1013.1,19.4,0.3,40.0,25.9,110.0,35.0
2022-08-08 00:00:00,1015.0,19.4,0.0,40.0,33.5,130.0,35.0
2022-08-08 01:00:00,1014.5,21.7,0.0,59.0,24.1,150.0,30.6
2022-08-08 02:00:00,1014.5,21.7,0.0,59.0,24.1,150.0,30.6
2022-08-08 03:00:00,1015.7,21.1,0.0,61.0,18.4,140.0,29.4
2022-08-08 04:00:00,1016.0,22.3,0.0,72.0,14.8,140.0,27.8
2022-08-08 05:00:00,1016.2,22.8,0.0,77.0,13.0,140.0,27.2
2022-08-08 06:00:00,1016.3,22.8,0.0,82.0,9.4,140.0,26.1
2022-08-08 07:00:00,1016.3,22.8,0.0,82.0,9.4,140.0,26.1
2022-08-08 08:00:00,1016.3,23.4,0.0,85.0,0.0,0.0,26.1
2022-08-08 09:00:00,1016.3,23.4,0.0,85.0,0.0,0.0,26.1
2022-08-08 10:00:00,1016.3,23.2,0.0,90.0,0.0,0.0,25.0
2022-08-08 11:00:00,1016.3,23.2,0.0,90.0,0.0,0.0,25.0
2022-08-08 12:00:00,1016.6,23.8,0.0,90.0,0.0,0.0,25.6
2022-08-08 13:00:00,1017.3,23.9,0.0,82.0,0.0,0.0,27.2
2022-08-08 14:00:00,1017.3,23.9,0.0,82.0,0.0,0.0,27.2
2022-08-08 15:00:00,1016.8,22.1,0.0,65.0,5.4,210.0,29.4
2022-08-08 16:00:00,1016.8,22.1,0.0,65.0,5.4,210.0,29.4
2022-08-08 17:00:00,1015.9,20.5,0.0,47.0,11.2,120.0,33.3
2022-08-08 18:00:00,1015.1,19.5,0.0,38.0,14.8,100.0,36.1
2022-08-08 19:00:00,1014.1,18.7,0.0,34.0,11.2,100.0,37.2
2022-08-08 20:00:00,1013.0,18.2,0.0,36.0,14.8,130.0,35.6
2022-08-08 21:00:00,1013.0,18.2,0.0,36.0,14.8,130.0,35.6
2022-08-08 22:00:00,1012.6,22.3,0.0,54.0,9.4,180.0,32.8
2022-08-08 23:00:00,1012.2,21.1,0.0,49.0,18.4,150.0,33.3
2022-08-09 00:00:00,1013.0,20.5,0.0,50.0,25.9,140.0,32.2
2022-08-09 01:00:00,1013.0,20.5,0.0,50.0,25.9,140.0,32.2
2022-08-09 02:00:00,1013.7,20.5,0.0,55.0,13.0,150.0,30.6
2022-08-09 03:00:00,1014.4,20.6,0.0,57.0,9.4,160.0,30.0
2022-08-09 04:00:00,1015.4,21.1,0.0,65.0,14.8,130.0,28.3
2022-08-09 05:00:00,1016.0,21.0,0.0,71.0,7.6,140.0,26.7
2022-08-09 06:00:00,1015.4,21.1,0.0,74.0,7.6,160.0,26.1
2022-08-09 07:00:00,1015.4,21.1,0.0,74.0,7.6,160.0,26.1
2022-08-09 08:00:00,1014.9,21.1,0.0,82.0,0.0,0.0,24.4
2022-08-09 09:00:00,1014.7,21.7,0.0,85.0,0.0,0.0,24.4
2022-08-09 10:00:00,1014.7,21.7,0.0,85.0,0.0,0.0,24.4
2022-08-09 11:00:00,1015.5,21.8,0.0,88.0,0.0,0.0,23.9
2022-08-09 12:00:00,1015.5,21.8,0.0,88.0,0.0,0.0,23.9
2022-08-09 13:00:00,1016.8,23.8,0.0,79.0,7.6,160.0,27.8
2022-08-09 14:00:00,1016.9,22.3,0.0,70.0,7.6,200.0,28.3
2022-08-09 15:00:00,1016.9,21.6,0.0,63.0,9.4,190.0,29.4
2022-08-09 16:00:00,1016.9,21.6,0.0,63.0,9.4,190.0,29.4
2022-08-09 17:00:00,1016.0,19.6,0.0,43.0,5.4,125.0,33.9
2022-08-09 18:00:00,1015.2,17.8,0.0,35.0,11.2,180.0,35.6
2022-08-09 19:00:00,1014.0,18.2,0.0,36.0,9.4,180.0,35.6
2022-08-09 20:00:00,1014.0,18.2,0.0,36.0,9.4,130.0,35.6
2022-08-09 21:00:00,1012.8,18.2,0.0,33.0,11.2,130.0,37.2
2022-08-09 22:00:00,1012.2,18.2,0.0,36.0,0.0,0.0,35.6
2022-08-09 23:00:00,1011.2,17.8,0.0,33.0,0.0,0.0,36.7
2022-08-10 00:00:00,1011.7,19.4,0.0,40.0,20.5,130.0,35.0
2022-08-10 01:00:00,1012.5,20.7,0.0,49.0,20.5,130.0,32.8
2022-08-10 02:00:00,1012.5,20.7,0.0,49.0,20.5,130.0,32.8
2022-08-10 03:00:00,1014.4,21.1,0.0,57.0,18.4,140.0,30.6
2022-08-10 04:00:00,1014.8,20.6,0.0,59.0,14.8,160.0,29.4
2022-08-10 05:00:00,1015.4,21.8,0.0,68.0,13.0,160.0,28.3
2022-08-10 06:00:00,1015.4,21.8,0.0,68.0,13.0,160.0,28.3
2022-08-10 07:00:00,1015.7,22.2,0.0,79.0,5.4,160.0,26.1
2022-08-10 08:00:00,1015.8,22.8,0.0,82.0,5.4,150.0,26.1
2022-08-10 09:00:00,1015.9,22.3,0.0,85.0,5.4,140.0,25.0
2022-08-10 10:00:00,1015.9,22.3,0.0,85.0,5.4,140.0,25.0
2022-08-10 11:00:00,1015.9,22.3,0.0,85.0,5.4,140.0,25.0
2022-08-10 12:00:00,1016.9,23.4,0.0,85.0,5.4,130.0,26.1
2022-08-10 13:00:00,1017.3,23.4,0.0,77.0,9.4,180.0,27.8
2022-08-10 14:00:00,1017.5,22.1,0.0,65.0,9.4,180.0,29.4
2022-08-10 15:00:00,1017.4,20.7,0.0,54.0,9.4,152.0,31.1
2022-08-10 16:00:00,1017.4,20.7,0.0,54.0,9.4,145.0,31.1
2022-08-10 17:00:00,1016.4,19.0,0.0,39.0,7.6,145.0,35.0
2022-08-10 18:00:00,1016.4,17.8,0.0,34.0,7.6,125.0,36.1
2022-08-10 19:00:00,1013.9,16.7,0.0,29.0,18.4,160.0,37.8
2022-08-10 20:00:00,1012.8,17.1,0.0,29.0,9.4,160.0,38.3
2022-08-10 21:00:00,1012.8,17.1,0.0,29.0,9.4,100.0,38.3
2022-08-10 22:00:00,1012.2,16.0,0.0,27.0,13.0,100.0,38.3
2022-08-10 23:00:00,1011.9,16.0,0.0,27.0,9.4,120.0,38.3
2022-08-11 00:00:00,1012.2,16.7,0.0,30.0,9.4,90.0,37.2
2022-08-11 01:00:00,1012.2,16.7,0.0,30.0,9.4,90.0,37.2
2022-08-11 02:00:00,1014.8,20.7,0.0,54.0,20.5,80.0,31.1
2022-08-11 03:00:00,1016.4,21.2,0.0,63.0,20.5,80.0,28.9
2022-08-11 04:00:00,1016.1,21.7,0.0,72.0,11.2,90.0,27.2
2022-08-11 05:00:00,1016.2,21.7,0.0,74.0,9.4,120.0,26.7
2022-08-11 06:00:00,1016.2,21.7,0.0,74.0,9.4,120.0,26.7
2022-08-11 07:00:00,1015.6,21.7,0.0,79.0,7.6,170.0,25.6
2022-08-11 08:00:00,1015.1,21.7,0.0,79.0,0.0,0.0,25.6
2022-08-11 09:00:00,1014.7,21.1,0.0,76.0,0.0,0.0,25.6
2022-08-11 10:00:00,1014.5,21.7,0.0,79.0,0.0,0.0,25.6
2022-08-11 11:00:00,1014.5,21.7,0.0,79.0,0.0,0.0,25.6
2022-08-11 12:00:00,1014.7,21.1,0.0,82.0,0.0,0.0,24.4
2022-08-11 13:00:00,1015.5,22.8,0.0,72.0,7.6,180.0,28.3
2022-08-11 14:00:00,1015.6,22.2,0.0,67.0,7.6,180.0,28.9
2022-08-11 15:00:00,1015.7,20.6,0.0,52.0,5.4,302.0,31.7
2022-08-11 16:00:00,1015.7,20.6,0.0,52.0,5.4,50.0,31.7
2022-08-11 17:00:00,1014.8,19.3,0.0,41.0,5.4,50.0,34.4
2022-08-11 18:00:00,1013.4,19.1,0.0,38.0,7.6,52.0,35.6
2022-08-11 19:00:00,1012.2,20.1,0.0,38.0,7.6,72.0,36.7
2022-08-11 20:00:00,1011.3,19.2,0.0,36.0,0.0,0.0,36.7
2022-08-11 21:00:00,1011.3,19.2,0.0,36.0,0.0,0.0,36.7
2022-08-11 22:00:00,1010.6,18.2,0.0,35.0,0.0,0.0,36.1
2022-08-11 23:00:00,1012.0,22.8,0.3,77.0,9.4,300.0,27.2
2022-08-12 00:00:00,1012.0,22.8,0.5,77.0,9.4,300.0,27.2
2022-08-12 01:00:00,1012.1,23.3,0.3,87.0,5.4,190.0,25.6
2022-08-12 02:00:00,1013.9,24.0,0.0,88.0,9.4,150.0,26.1
2022-08-12 03:00:00,1014.2,5.2,0.0,27.0,0.0,0.0,25.6
2022-08-12 04:00:00,1013.6,5.2,0.0,27.0,0.0,0.0,25.6
2022-08-12 05:00:00,1013.8,5.2,0.0,27.0,0.0,0.0,25.6
2022-08-12 06:00:00,1013.8,5.2,0.0,27.0,0.0,0.0,25.6
2022-08-12 07:00:00,1013.6,6.2,0.0,29.0,0.0,0.0,25.0
2022-08-12 08:00:00,1013.7,5.2,0.0,28.0,5.4,140.0,24.4
2022-08-12 09:00:00,1013.8,4.2,0.0,27.0,0.0,0.0,23.9
2022-08-12 10:00:00,1014.1,4.3,0.0,28.0,0.0,0.0,24.4
2022-08-12 11:00:00,1014.1,4.2,0.0,27.0,0.0,0.0,24.4
2022-08-12 12:00:00,1014.8,2.7,0.0,25.0,0.0,0.0,25.0
2022-08-12 13:00:00,1014.9,5.7,0.0,29.0,7.6,10.0,28.3
2022-08-12 14:00:00,1014.9,6.4,0.0,25.0,5.4,320.0,30.0
2022-08-12 15:00:00,1014.5,6.6,0.0,23.0,11.2,270.0,31.7
2022-08-12 16:00:00,1014.5,6.0,0.0,20.0,11.2,270.0,31.7
2022-08-12 17:00:00,1014.1,8.2,0.0,20.0,9.4,70.0,36.1
2022-08-12 18:00:00,1014.0,8.8,0.0,19.0,5.4,70.0,35.6
2022-08-12 19:00:00,1011.4,8.4,0.0,19.0,16.6,90.0,37.8
2022-08-12 20:00:00,1011.4,9.4,0.0,18.0,16.6,90.0,37.8
2022-08-12 21:00:00,1011.5,6.6,1.3,23.0,0.0,0.0,30.0
2022-08-12 22:00:00,1010.3,9.3,0.0,19.0,11.2,90.0,36.7
2022-08-12 23:00:00,1010.2,8.9,0.0,18.0,25.9,80.0,37.2
2022-08-13 00:00:00,1011.2,8.0,0.0,18.0,22.3,130.0,32.2
2022-08-13 01:00:00,1011.2,6.4,0.0,20.0,22.3,130.0,32.2
2022-08-13 02:00:00,1012.8,5.1,0.0,20.0,9.4,130.0,29.4
2022-08-13 03:00:00,1013.2,21.7,0.0,65.0,9.4,120.0,28.9
2022-08-13 04:00:00,1013.2,21.7,0.0,65.0,9.4,120.0,28.9
2022-08-13 05:00:00,1013.4,22.2,0.0,74.0,0.0,0.0,27.2
2022-08-13 06:00:00,1013.4,22.2,0.0,74.0,0.0,0.0,27.2
2022-08-13 07:00:00,1013.4,22.8,0.0,77.0,5.4,130.0,27.2
2022-08-13 08:00:00,1013.7,23.4,0.0,85.0,0.0,0.0,26.1
2022-08-13 09:00:00,1013.6,23.4,0.0,82.0,0.0,0.0,26.7
2022-08-13 10:00:00,1013.6,23.4,0.0,82.0,0.0,0.0,26.7
2022-08-13 11:00:00,1013.9,21.1,0.0,76.0,0.0,0.0,25.6
2022-08-13 12:00:00,1013.9,21.1,0.0,76.0,0.0,0.0,25.6
2022-08-13 13:00:00,1014.2,20.0,0.0,55.0,7.6,10.0,30.0
2022-08-13 14:00:00,1014.3,20.0,0.0,55.0,7.6,10.0,31.7
2022-08-13 15:00:00,1014.3,11.5,0.0,29.0,7.6,70.0,31.7
2022-08-13 16:00:00,1014.1,9.6,0.0,24.0,14.8,50.0,34.4
2022-08-13 17:00:00,1013.1,8.2,0.0,20.0,16.6,90.0,36.1
2022-08-13 18:00:00,1013.1,7.2,0.0,17.0,16.6,90.0,36.1
2022-08-13 19:00:00,1012.2,8.1,0.0,17.0,14.8,40.0,37.2
2022-08-13 20:00:00,1011.5,7.2,0.0,16.0,16.6,50.0,37.2
2022-08-13 21:00:00,1010.5,7.7,0.0,16.0,14.8,70.0,37.8
2022-08-13 22:00:00,1009.9,7.1,0.0,15.0,20.5,60.0,38.3
2022-08-13 23:00:00,1009.5,8.1,0.0,17.0,18.4,100.0,37.2
2022-08-14 00:00:00,1009.1,5.9,0.0,15.0,27.7,120.0,36.7
2022-08-14 01:00:00,1009.9,5.0,0.0,17.0,24.1,120.0,33.3
2022-08-14 02:00:00,1011.4,5.8,0.0,21.0,20.5,150.0,28.9
2022-08-14 03:00:00,1011.9,22.3,0.0,72.0,14.8,120.0,27.8
2022-08-14 04:00:00,1011.9,22.3,0.0,72.0,14.8,120.0,27.8
2022-08-14 05:00:00,1012.5,22.1,0.0,76.0,7.6,120.0,26.7
2022-08-14 06:00:00,1012.5,22.1,0.0,76.0,7.6,120.0,26.7
2022-08-14 07:00:00,1011.7,22.1,0.0,76.0,5.4,70.0,26.7
2022-08-14 08:00:00,1011.1,22.2,0.0,79.0,5.4,10.0,26.1
2022-08-14 09:00:00,1011.1,22.2,0.0,79.0,9.4,50.0,26.1
2022-08-14 10:00:00,1011.1,22.2,0.0,79.0,9.4,50.0,26.1
2022-08-14 11:00:00,1011.6,22.3,0.0,82.0,9.4,30.0,25.6
2022-08-14 12:00:00,1011.7,22.3,0.0,82.0,13.0,30.0,25.6
2022-08-14 13:00:00,1012.4,22.2,0.0,74.0,16.6,50.0,27.2
2022-08-14 14:00:00,1012.4,22.2,0.0,74.0,16.6,50.0,27.2
2022-08-14 15:00:00,1012.6,22.3,0.0,70.0,20.5,50.0,28.3
2022-08-14 16:00:00,1012.8,21.7,0.0,59.0,18.4,80.0,30.6
2022-08-14 17:00:00,1013.0,24.3,0.0,90.0,11.2,80.0,26.1
2022-08-14 18:00:00,1012.2,23.3,6.1,72.0,20.5,70.0,28.9
2022-08-14 19:00:00,1011.8,22.8,0.0,63.0,20.5,90.0,30.6
2022-08-14 20:00:00,1011.8,22.8,0.0,63.0,20.5,90.0,30.6
2022-08-14 21:00:00,1011.5,21.7,0.0,59.0,24.1,130.0,30.6
2022-08-14 22:00:00,1011.1,21.1,0.0,59.0,22.3,130.0,30.0
2022-08-14 23:00:00,1011.1,21.1,0.0,59.0,22.3,130.0,30.0
2022-08-15 00:00:00,1010.8,21.1,0.0,61.0,20.5,110.0,29.4
2022-08-15 01:00:00,1011.1,20.6,0.0,61.0,16.6,110.0,28.9
2022-08-15 02:00:00,1011.2,21.1,0.0,67.0,11.2,110.0,27.8
2022-08-15 03:00:00,1011.9,21.1,0.0,74.0,14.8,110.0,26.1
2022-08-15 04:00:00,1012.2,22.3,0.0,82.0,14.8,70.0,25.6
2022-08-15 05:00:00,1012.2,22.3,0.0,82.0,14.8,70.0,25.6
2022-08-15 06:00:00,1011.9,22.3,0.0,85.0,14.8,110.0,25.0
2022-08-15 07:00:00,1011.9,22.3,0.0,85.0,14.8,110.0,25.0
2022-08-15 08:00:00,1013.0,22.3,0.4,88.0,9.4,90.0,24.4
2022-08-15 09:00:00,1011.5,18.4,0.8,74.0,14.8,120.0,23.3
2022-08-15 10:00:00,1011.8,18.4,0.5,74.0,13.0,100.0,23.3
2022-08-15 11:00:00,1011.8,17.3,1.0,69.0,13.0,100.0,23.3
2022-08-15 12:00:00,1012.0,13.2,2.0,53.0,11.2,90.0,23.3
2022-08-15 13:00:00,1012.2,12.9,1.5,52.0,7.6,100.0,23.3
2022-08-15 14:00:00,1012.0,12.8,0.4,50.0,11.2,50.0,23.9
2022-08-15 15:00:00,1012.7,11.2,0.0,45.0,9.4,70.0,23.9
2022-08-15 16:00:00,1012.7,7.2,0.0,32.0,14.8,80.0,26.7
2022-08-15 17:00:00,1012.7,5.6,0.0,26.0,14.8,80.0,26.7
2022-08-15 18:00:00,1012.2,5.2,0.0,23.0,14.8,140.0,30.0
2022-08-15 19:00:00,1012.2,4.6,0.0,20.0,14.8,140.0,30.0
2022-08-15 20:00:00,1011.0,5.5,0.0,20.0,7.6,140.0,31.1
2022-08-15 21:00:00,1011.0,6.2,0.0,21.0,7.6,160.0,31.1
2022-08-15 22:00:00,1009.4,4.8,0.0,19.0,11.2,140.0,30.6
2022-08-15 23:00:00,1009.3,4.4,0.0,19.0,11.2,140.0,30.6
2022-08-16 00:00:00,1009.3,4.4,0.0,19.0,11.2,170.0,30.6
2022-08-16 01:00:00,1010.5,4.4,0.0,21.0,9.4,170.0,28.3
2022-08-16 02:00:00,1010.5,4.6,0.0,22.0,9.4,170.0,28.3
2022-08-16 03:00:00,1012.5,22.8,0.0,79.0,13.0,150.0,26.7
2022-08-16 04:00:00,1012.4,23.3,0.0,87.0,11.2,120.0,25.6
2022-08-16 05:00:00,1012.4,23.3,0.0,87.0,11.2,120.0,25.6
2022-08-16 06:00:00,1011.7,23.2,0.0,90.0,7.6,100.0,25.0
2022-08-16 07:00:00,1011.4,24.0,0.0,94.0,9.4,120.0,25.0
2022-08-16 08:00:00,1011.4,24.0,0.0,94.0,9.4,120.0,25.0
2022-08-16 09:00:00,1011.8,23.9,0.0,97.0,5.4,90.0,24.4
2022-08-16 10:00:00,1011.7,23.4,0.0,94.0,0.0,0.0,24.4
2022-08-16 11:00:00,1011.9,24.0,0.0,94.0,0.0,0.0,25.0
2022-08-16 12:00:00,1012.6,24.0,0.0,94.0,7.6,80.0,25.0
2022-08-16 13:00:00,1013.3,25.1,0.0,94.0,9.4,130.0,26.1
2022-08-16 14:00:00,1013.3,23.9,0.0,77.0,14.8,160.0,28.3
2022-08-16 15:00:00,1013.3,23.9,0.0,77.0,14.8,160.0,28.3
2022-08-16 16:00:00,1013.1,21.8,0.0,56.0,14.8,180.0,31.7
2022-08-16 17:00:00,1012.7,22.1,0.0,57.0,9.4,180.0,31.7
2022-08-16 18:00:00,1012.7,19.9,0.0,44.0,11.2,150.0,33.9
2022-08-16 19:00:00,1011.2,19.5,0.0,38.0,16.6,130.0,36.1
2022-08-16 20:00:00,1011.2,19.5,0.0,38.0,16.6,130.0,36.1
2022-08-16 21:00:00,1010.6,19.9,0.0,40.0,14.8,110.0,35.6
2022-08-16 22:00:00,1009.7,19.5,0.0,38.0,14.8,150.0,36.1
2022-08-16 23:00:00,1009.8,22.1,0.0,49.0,24.1,140.0,34.4
2022-08-17 00:00:00,1009.8,22.1,0.0,49.0,24.1,140.0,34.4
2022-08-17 01:00:00,1009.8,21.1,0.0,49.0,18.4,140.0,33.3
2022-08-17 02:00:00,1011.1,22.8,0.0,63.0,18.4,170.0,30.6
2022-08-17 03:00:00,1012.0,23.3,0.0,72.0,14.8,160.0,28.9
2022-08-17 04:00:00,1012.2,23.8,0.0,79.0,14.8,160.0,27.8
2022-08-17 05:00:00,1012.2,23.8,0.0,79.0,14.8,160.0,27.8
2022-08-17 06:00:00,1012.8,24.0,0.0,88.0,9.4,160.0,26.1
2022-08-17 07:00:00,1012.6,23.8,0.0,90.0,7.6,170.0,25.6
2022-08-17 08:00:00,1012.6,23.8,0.0,90.0,7.6,170.0,25.6
2022-08-17 09:00:00,1014.0,24.4,0.0,93.0,0.0,0.0,25.6
2022-08-17 10:00:00,1013.1,11.7,0.0,42.0,5.4,160.0,25.6
2022-08-17 11:00:00,1013.8,7.7,0.0,32.0,5.4,210.0,25.0
2022-08-17 12:00:00,1013.8,4.2,0.0,26.0,5.4,210.0,25.0
2022-08-17 13:00:00,1014.4,7.2,0.0,30.0,0.0,0.0,26.1
2022-08-17 14:00:00,1014.9,6.0,0.0,25.0,13.0,190.0,27.8
2022-08-17 15:00:00,1014.9,4.8,0.0,19.0,14.8,190.0,31.1
2022-08-17 16:00:00,1014.3,4.8,0.0,19.0,0.0,0.0,32.8
2022-08-17 17:00:00,1013.9,5.4,0.0,18.0,9.4,0.0,32.8
2022-08-17 18:00:00,1013.1,5.4,0.0,18.0,9.4,211.0,35.0
2022-08-17 19:00:00,1013.1,6.3,0.0,17.0,9.4,130.0,35.0
2022-08-17 20:00:00,1011.7,6.3,0.0,16.0,9.4,130.0,35.6
2022-08-17 21:00:00,1011.1,6.8,0.0,17.0,11.2,110.0,37.2
2022-08-17 22:00:00,1010.8,7.2,0.0,16.0,7.6,150.0,36.1
2022-08-17 23:00:00,1010.8,6.3,0.0,16.0,7.6,150.0,36.1
2022-08-18 00:00:00,1010.7,5.9,0.0,16.0,13.0,100.0,35.6
2022-08-18 01:00:00,1010.4,5.8,0.0,17.0,16.6,130.0,34.4
2022-08-18 02:00:00,1011.4,4.1,0.0,17.0,11.2,170.0,31.1
2022-08-18 03:00:00,1011.9,23.2,0.0,67.0,11.2,160.0,30.0
2022-08-18 04:00:00,1011.9,23.2,0.0,67.0,11.2,160.0,30.0
2022-08-18 05:00:00,1012.7,23.4,0.0,77.0,13.0,170.0,27.8
2022-08-18 06:00:00,1012.7,23.2,0.0,79.0,7.6,160.0,27.2
2022-08-18 07:00:00,1012.6,23.4,0.0,82.0,5.4,140.0,26.7
2022-08-18 08:00:00,1012.8,23.4,0.0,85.0,0.0,0.0,26.1
2022-08-18 09:00:00,1012.9,23.2,0.0,90.0,0.0,0.0,25.0
2022-08-18 10:00:00,1012.9,23.2,0.0,90.0,0.0,0.0,25.0
2022-08-18 11:00:00,1012.9,23.4,0.0,94.0,0.0,0.0,24.4
2022-08-18 12:00:00,1013.1,22.9,0.0,94.0,5.4,170.0,23.9
2022-08-18 13:00:00,1012.9,24.4,0.0,93.0,5.4,170.0,25.6
2022-08-18 14:00:00,1012.8,23.9,0.0,82.0,7.6,260.0,27.2
2022-08-18 15:00:00,1013.1,21.7,0.0,59.0,0.0,0.0,30.6
2022-08-18 16:00:00,1012.9,21.8,0.0,51.0,0.0,0.0,33.3
2022-08-18 17:00:00,1012.5,20.5,0.0,47.0,9.4,0.0,33.3
2022-08-18 18:00:00,1011.0,19.5,0.0,38.0,9.4,196.0,36.1
2022-08-18 19:00:00,1011.0,19.5,0.0,38.0,9.4,196.0,36.1
2022-08-18 20:00:00,1009.4,17.8,0.0,34.0,16.6,110.0,36.1
2022-08-18 21:00:00,1008.9,18.2,0.0,35.0,16.6,140.0,36.1
2022-08-18 22:00:00,1008.9,18.2,0.0,35.0,16.6,140.0,36.1
2022-08-18 23:00:00,1009.2,19.6,0.0,43.0,14.8,40.0,33.9
2022-08-19 00:00:00,1009.6,20.0,0.0,57.0,16.6,70.0,29.4
2022-08-19 01:00:00,1011.3,20.0,0.0,57.0,14.8,80.0,29.4
2022-08-19 02:00:00,1012.1,20.6,0.0,59.0,14.8,110.0,29.4
2022-08-19 03:00:00,1011.7,20.6,0.0,63.0,11.2,110.0,28.3
2022-08-19 04:00:00,1011.8,21.1,0.0,67.0,9.4,110.0,27.8
2022-08-19 05:00:00,1011.8,21.1,0.0,67.0,9.4,110.0,27.8
2022-08-19 06:00:00,1011.9,21.0,0.0,71.0,9.4,80.0,26.7
2022-08-19 07:00:00,1011.9,21.0,0.0,71.0,9.4,80.0,26.7
2022-08-19 08:00:00,1011.5,21.1,0.0,74.0,5.4,70.0,26.1
2022-08-19 09:00:00,1011.5,21.1,0.0,74.0,0.0,0.0,26.1
2022-08-19 10:00:00,1011.6,21.8,0.0,77.0,0.0,0.0,26.1
2022-08-19 11:00:00,1012.0,21.7,0.0,79.0,0.0,0.0,25.6
2022-08-19 12:00:00,1012.3,22.8,0.0,82.0,0.0,0.0,26.1
2022-08-19 13:00:00,1012.1,23.2,0.0,79.0,7.6,0.0,27.2
2022-08-19 14:00:00,1012.3,22.1,0.0,65.0,14.8,190.0,29.4
2022-08-19 15:00:00,1012.3,22.1,0.0,65.0,14.8,190.0,29.4
2022-08-19 16:00:00,1011.3,20.0,0.0,47.0,11.2,170.0,32.8
2022-08-19 17:00:00,1010.9,19.4,0.0,44.0,16.6,170.0,33.3
2022-08-19 18:00:00,1010.9,19.1,0.0,38.0,22.3,180.0,35.6
2022-08-19 19:00:00,1011.0,19.1,0.0,38.0,22.3,180.0,35.6
2022-08-19 20:00:00,1008.9,17.3,0.0,32.0,18.4,130.0,36.7
2022-08-19 21:00:00,1008.2,17.8,0.0,34.0,22.3,120.0,36.1
2022-08-19 22:00:00,1008.2,17.8,0.0,34.0,22.3,120.0,36.1
2022-08-19 23:00:00,1008.3,21.0,0.0,47.0,25.9,130.0,33.9
2022-08-20 00:00:00,1008.8,21.1,0.0,49.0,25.9,130.0,33.3
2022-08-20 01:00:00,1010.4,22.2,0.0,63.0,16.6,140.0,30.0
2022-08-20 02:00:00,1011.1,21.7,0.0,65.0,16.6,140.0,28.9
2022-08-20 03:00:00,1011.1,21.7,0.0,65.0,16.6,140.0,28.9
2022-08-20 04:00:00,1011.9,22.7,0.0,74.0,16.6,140.0,27.8
2022-08-20 05:00:00,1012.1,23.4,0.0,82.0,13.0,140.0,26.7
2022-08-20 06:00:00,1012.4,24.0,0.0,85.0,9.4,140.0,26.7
2022-08-20 07:00:00,1012.4,24.0,0.0,85.0,9.4,140.0,26.7
2022-08-20 08:00:00,1012.2,24.0,0.0,85.0,16.6,150.0,26.7
2022-08-20 09:00:00,1012.4,24.0,0.0,85.0,11.2,160.0,26.7
2022-08-20 10:00:00,1012.7,23.8,0.0,90.0,5.4,140.0,25.6
2022-08-20 11:00:00,1012.7,23.8,0.0,90.0,5.4,140.0,25.6
2022-08-20 12:00:00,1013.6,23.8,0.0,90.0,9.4,140.0,25.6
2022-08-20 13:00:00,1014.3,24.4,0.0,93.0,7.6,130.0,25.6
2022-08-20 14:00:00,1014.8,23.3,0.0,72.0,13.0,160.0,28.9
2022-08-20 15:00:00,1014.8,21.7,0.0,54.0,24.1,150.0,32.2
2022-08-20 16:00:00,1014.3,19.9,0.0,44.0,22.3,130.0,33.9
2022-08-20 17:00:00,1013.6,19.5,0.0,39.0,14.8,150.0,35.6
2022-08-20 18:00:00,1013.6,19.5,0.0,39.0,14.8,150.0,35.6
2022-08-20 19:00:00,1012.0,19.0,0.0,39.0,20.5,140.0,35.0
2022-08-20 20:00:00,1010.8,18.7,0.0,34.0,25.9,130.0,37.2
2022-08-20 21:00:00,1010.8,18.7,0.0,34.0,25.9,130.0,37.2
2022-08-20 22:00:00,1010.5,20.5,0.0,39.0,24.1,140.0,36.7
2022-08-20 23:00:00,1010.3,20.0,0.0,39.0,27.7,150.0,36.1
2022-08-21 00:00:00,1011.5,21.1,0.0,52.0,27.7,140.0,32.2
2022-08-21 01:00:00,1012.3,20.5,0.0,55.0,16.6,150.0,30.6
2022-08-21 02:00:00,1013.1,21.6,0.0,63.0,22.3,140.0,29.4
2022-08-21 03:00:00,1013.1,21.6,0.0,63.0,22.3,140.0,29.4
2022-08-21 04:00:00,1013.8,23.4,0.0,77.0,20.5,140.0,27.8
2022-08-21 05:00:00,1013.8,23.4,0.0,77.0,20.5,140.0,27.8
2022-08-21 06:00:00,1013.9,23.4,0.0,82.0,14.8,150.0,26.7
2022-08-21 07:00:00,1013.9,23.4,0.0,82.0,14.8,150.0,26.7
2022-08-21 08:00:00,1013.3,24.0,0.0,88.0,11.2,140.0,26.1
2022-08-21 09:00:00,1013.0,24.0,0.0,88.0,11.2,130.0,26.1
2022-08-21 10:00:00,1012.9,24.0,0.0,88.0,9.4,120.0,26.1
2022-08-21 11:00:00,1013.3,24.0,0.0,88.0,11.2,120.0,26.1
2022-08-21 12:00:00,1013.4,24.0,0.0,88.0,14.8,120.0,26.1
2022-08-21 13:00:00,1014.0,23.8,0.0,90.0,5.4,130.0,25.6
2022-08-21 14:00:00,1014.7,22.7,0.0,74.0,14.8,160.0,27.8
2022-08-21 15:00:00,1015.2,23.4,0.0,82.0,18.4,170.0,26.7
2022-08-21 16:00:00,1014.7,22.8,0.5,72.0,13.0,180.0,28.3
2022-08-21 17:00:00,1013.9,22.7,0.0,65.0,11.2,120.0,30.0
2022-08-21 18:00:00,1013.9,22.7,0.0,65.0,11.2,120.0,30.0
2022-08-21 19:00:00,1012.5,22.7,0.0,59.0,13.0,150.0,31.7
2022-08-21 20:00:00,1011.3,21.7,0.0,52.0,22.3,160.0,32.8
2022-08-21 21:00:00,1011.3,21.7,0.0,52.0,22.3,160.0,32.8
2022-08-21 22:00:00,1010.0,22.9,0.0,58.0,22.3,120.0,32.2
2022-08-21 23:00:00,1010.0,22.9,0.0,58.0,22.3,120.0,32.2
2022-08-22 00:00:00,1010.5,23.3,0.0,65.0,20.5,140.0,30.6
2022-08-22 01:00:00,1010.5,23.3,0.0,65.0,20.5,140.0,30.6
2022-08-22 02:00:00,1012.2,23.2,0.0,74.0,16.6,150.0,28.3
2022-08-22 03:00:00,1012.8,23.4,0.0,77.0,14.8,140.0,27.8
2022-08-22 04:00:00,1012.8,23.4,0.0,77.0,14.8,140.0,27.8
2022-08-22 05:00:00,1012.3,24.0,0.0,85.0,13.0,140.0,26.7
2022-08-22 06:00:00,1012.4,24.0,0.0,88.0,7.6,140.0,26.1
2022-08-22 07:00:00,1012.1,24.0,0.0,88.0,11.2,140.0,26.1
2022-08-22 08:00:00,1012.1,24.0,0.0,88.0,11.2,140.0,26.1
2022-08-22 09:00:00,1011.5,24.3,0.0,90.0,5.4,180.0,26.1
2022-08-22 10:00:00,1011.6,24.3,0.0,90.0,13.0,160.0,26.1
2022-08-22 11:00:00,1012.0,24.3,0.0,90.0,14.8,170.0,26.1
2022-08-22 12:00:00,1012.0,24.3,0.0,90.0,14.8,170.0,26.1
2022-08-22 13:00:00,1012.2,24.4,0.0,87.0,13.0,180.0,26.7
2022-08-22 14:00:00,1012.6,23.8,0.0,74.0,14.8,190.0,28.9
2022-08-22 15:00:00,1012.3,23.2,0.0,67.0,16.6,190.0,30.0
2022-08-22 16:00:00,1012.3,23.2,0.0,67.0,16.6,190.0,30.0
2022-08-22 17:00:00,1011.0,22.9,0.0,58.0,7.6,220.0,32.2
2022-08-22 18:00:00,1011.0,22.9,0.0,58.0,9.4,210.0,32.2
2022-08-22 19:00:00,1008.7,22.9,0.0,48.0,20.5,230.0,35.6
2022-08-22 20:00:00,1007.6,22.3,0.0,45.0,13.0,210.0,36.1
2022-08-22 21:00:00,1007.6,22.3,0.0,45.0,13.0,210.0,36.1
2022-08-22 22:00:00,1006.6,21.5,0.0,43.0,7.6,120.0,36.1
2022-08-22 23:00:00,1009.3,23.4,8.1,94.0,9.4,340.0,24.4
2022-08-23 00:00:00,1009.3,23.4,16.5,94.0,9.4,60.0,24.4
2022-08-23 01:00:00,1010.5,23.4,0.0,94.0,13.0,190.0,24.4
2022-08-23 02:00:00,1011.7,23.9,0.8,97.0,7.6,250.0,24.4
2022-08-23 03:00:00,1011.7,23.9,0.3,97.0,7.6,250.0,24.4
2022-08-23 04:00:00,1010.8,10.7,0.0,42.0,11.2,110.0,24.4
2022-08-23 05:00:00,1010.4,9.9,0.3,40.0,7.6,80.0,23.9
2022-08-23 06:00:00,1010.4,7.9,0.0,36.0,7.6,80.0,23.9
2022-08-23 07:00:00,1010.6,3.2,0.0,26.0,5.4,140.0,23.9
2022-08-23 08:00:00,1012.0,3.1,0.0,25.0,0.0,0.0,23.9
2022-08-23 09:00:00,1010.5,2.1,0.0,24.0,5.4,10.0,23.9
2022-08-23 10:00:00,1010.2,2.7,0.0,25.0,0.0,0.0,23.9
2022-08-23 11:00:00,1010.7,2.1,0.0,24.0,5.4,140.0,23.3
2022-08-23 12:00:00,1011.1,1.0,0.0,23.0,7.6,110.0,23.9
2022-08-23 13:00:00,1011.1,1.5,0.0,23.0,7.6,110.0,23.9
2022-08-23 14:00:00,1011.6,3.1,0.0,25.0,0.0,0.0,25.0
2022-08-23 15:00:00,1011.5,3.6,0.0,25.0,0.0,0.0,26.7
2022-08-23 16:00:00,1011.4,3.9,0.0,23.0,5.4,0.0,27.8
2022-08-23 17:00:00,1011.4,4.1,0.0,22.0,5.4,20.0,27.8
2022-08-23 18:00:00,1010.7,22.7,0.0,74.0,7.6,30.0,27.8
2022-08-23 19:00:00,1010.4,22.7,0.3,74.0,5.4,360.0,27.8
2022-08-23 20:00:00,1009.2,23.4,0.3,70.0,9.4,110.0,29.4
2022-08-23 21:00:00,1008.2,20.6,0.9,52.0,11.2,110.0,31.7
2022-08-23 22:00:00,1008.2,20.6,0.0,52.0,11.2,110.0,31.7
2022-08-23 23:00:00,1007.8,13.8,0.0,35.0,5.4,90.0,31.1
2022-08-24 00:00:00,1008.5,21.1,0.0,61.0,7.6,130.0,29.4
2022-08-24 01:00:00,1009.5,22.8,0.0,72.0,5.4,160.0,28.3
2022-08-24 02:00:00,1009.9,20.6,0.0,63.0,0.0,0.0,28.3
2022-08-24 03:00:00,1009.9,20.6,0.0,63.0,0.0,0.0,28.3
2022-08-24 04:00:00,1010.6,22.7,0.0,74.0,0.0,0.0,27.8
2022-08-24 05:00:00,1010.6,23.9,0.0,82.0,7.6,300.0,27.2
2022-08-24 06:00:00,1010.3,22.8,0.0,77.0,5.4,230.0,27.2
2022-08-24 07:00:00,1010.5,23.2,0.0,79.0,0.0,0.0,27.2
2022-08-24 08:00:00,1010.5,23.2,0.0,79.0,0.0,0.0,27.2
2022-08-24 09:00:00,1010.3,22.9,0.0,88.0,7.6,200.0,25.0
2022-08-24 10:00:00,1011.2,21.1,0.3,79.0,7.6,220.0,25.0
2022-08-24 11:00:00,1011.6,22.3,0.0,88.0,5.4,230.0,24.4
2022-08-24 12:00:00,1011.6,22.3,0.0,88.0,5.4,230.0,24.4
2022-08-24 13:00:00,1012.6,20.5,0.0,79.0,5.4,190.0,24.4
2022-08-24 14:00:00,1012.6,22.8,0.0,77.0,9.4,300.0,27.2
2022-08-24 15:00:00,1012.5,21.7,0.0,65.0,9.4,300.0,28.9
2022-08-24 16:00:00,1012.5,21.7,0.0,65.0,9.4,328.0,28.9
2022-08-24 17:00:00,1012.6,22.7,0.0,65.0,0.0,0.0,30.0
2022-08-24 18:00:00,1011.0,22.1,0.0,52.0,13.0,160.0,33.3
2022-08-24 19:00:00,1010.6,21.7,0.0,52.0,9.4,50.0,32.8
2022-08-24 20:00:00,1010.6,21.7,0.0,52.0,9.4,50.0,32.8
2022-08-24 21:00:00,1010.5,23.8,0.0,79.0,20.5,340.0,27.8
2022-08-24 22:00:00,1012.0,22.7,0.0,74.0,11.2,50.0,27.8
2022-08-24 23:00:00,1010.3,23.8,0.3,79.0,0.0,0.0,27.8
2022-08-25 00:00:00,1010.5,23.8,0.0,79.0,5.4,130.0,27.8
2022-08-25 01:00:00,1011.0,24.5,0.0,85.0,0.0,0.0,27.2
2022-08-25 02:00:00,1011.3,24.4,0.0,87.0,0.0,0.0,26.7
2022-08-25 03:00:00,1011.3,24.4,0.0,87.0,0.0,0.0,26.7
2022-08-25 04:00:00,1012.3,24.3,0.0,90.0,5.4,10.0,26.1
2022-08-25 05:00:00,1012.7,24.4,0.0,93.0,7.6,170.0,25.6
2022-08-25 06:00:00,1012.6,24.4,0.0,93.0,0.0,0.0,25.6
2022-08-25 07:00:00,1012.2,25.1,0.0,94.0,0.0,0.0,26.1
2022-08-25 08:00:00,1012.2,25.1,0.0,94.0,0.0,0.0,26.1
2022-08-25 09:00:00,1012.6,24.4,0.0,87.0,0.0,0.0,26.7
2022-08-25 10:00:00,1012.6,24.4,0.0,87.0,0.0,0.0,26.7
2022-08-25 11:00:00,1013.1,24.3,0.0,90.0,5.4,20.0,26.1
2022-08-25 12:00:00,1013.1,24.3,0.0,90.0,5.4,20.0,26.1
2022-08-25 13:00:00,1014.6,23.4,0.0,82.0,11.2,50.0,26.7
2022-08-25 14:00:00,1015.0,22.1,0.0,76.0,16.6,40.0,26.7
2022-08-25 15:00:00,1015.6,22.8,0.0,72.0,14.8,80.0,28.3
2022-08-25 16:00:00,1015.6,22.9,4.0,70.0,13.0,70.0,28.9
2022-08-25 17:00:00,1015.6,22.9,0.0,70.0,13.0,70.0,28.9
2022-08-25 18:00:00,1014.4,22.1,0.0,59.0,9.4,130.0,31.1
2022-08-25 19:00:00,1013.2,22.3,0.0,56.0,9.4,100.0,32.2
2022-08-25 20:00:00,1012.5,20.5,0.0,47.0,9.4,10.0,33.3
2022-08-25 21:00:00,1012.5,20.5,0.0,47.0,9.4,10.0,33.3
2022-08-25 22:00:00,1011.6,19.9,0.0,44.0,9.4,40.0,33.9
2022-08-25 23:00:00,1011.2,23.3,0.0,61.0,7.6,190.0,31.7
2022-08-26 00:00:00,1011.7,23.2,0.0,67.0,9.4,200.0,30.0
2022-08-26 01:00:00,1012.3,23.9,0.0,77.0,7.6,190.0,28.3
2022-08-26 02:00:00,1012.3,23.9,0.0,77.0,7.6,190.0,28.3
2022-08-26 03:00:00,1013.1,23.2,0.0,79.0,7.6,190.0,27.2
2022-08-26 04:00:00,1014.4,22.8,0.0,79.0,5.4,260.0,26.7
2022-08-26 05:00:00,1014.1,23.4,0.0,85.0,0.0,0.0,26.1
2022-08-26 06:00:00,1013.9,23.4,0.0,85.0,0.0,0.0,26.1
2022-08-26 07:00:00,1013.9,23.4,0.0,85.0,0.0,0.0,26.1
2022-08-26 08:00:00,1012.9,23.3,0.0,87.0,0.0,0.0,25.6
2022-08-26 09:00:00,1012.7,23.2,0.0,90.0,0.0,0.0,25.0
2022-08-26 10:00:00,1012.7,23.4,0.0,94.0,0.0,0.0,24.4
2022-08-26 11:00:00,1013.2,22.8,0.0,91.0,0.0,0.0,24.4
2022-08-26 12:00:00,1013.2,22.8,0.0,91.0,0.0,0.0,24.4
2022-08-26 13:00:00,1014.0,23.8,0.0,79.0,0.0,0.0,27.8
2022-08-26 14:00:00,1014.0,22.2,0.0,63.0,9.4,240.0,30.0
2022-08-26 15:00:00,1013.6,22.1,0.0,59.0,0.0,0.0,31.1
2022-08-26 16:00:00,1013.4,21.7,0.0,52.0,0.0,0.0,32.8
2022-08-26 17:00:00,1013.4,21.7,0.0,52.0,0.0,0.0,32.8
2022-08-26 18:00:00,1012.0,20.6,0.0,43.0,9.4,110.0,35.0
2022-08-26 19:00:00,1011.1,20.8,0.0,45.0,9.4,110.0,34.4
2022-08-26 20:00:00,1011.1,20.8,0.0,45.0,9.4,110.0,34.4
2022-08-26 21:00:00,1013.0,23.2,0.0,79.0,25.9,180.0,27.2
2022-08-26 22:00:00,1011.0,23.3,7.6,87.0,16.6,170.0,25.6
2022-08-26 23:00:00,1010.5,23.4,0.0,77.0,0.0,0.0,27.8
2022-08-27 00:00:00,1010.2,23.4,0.0,77.0,0.0,0.0,27.8
2022-08-27 01:00:00,1010.8,24.0,0.0,85.0,5.4,110.0,26.7
2022-08-27 02:00:00,1010.8,24.0,0.0,85.0,5.4,110.0,26.7
2022-08-27 03:00:00,1012.1,23.8,0.0,90.0,0.0,0.0,25.6
2022-08-27 04:00:00,1012.1,23.8,0.0,90.0,0.0,0.0,25.6
2022-08-27 05:00:00,1012.4,23.2,0.0,90.0,0.0,0.0,25.0
2022-08-27 06:00:00,1012.2,23.8,0.0,90.0,0.0,0.0,25.6
2022-08-27 07:00:00,1012.2,23.8,0.0,90.0,0.0,0.0,25.6
2022-08-27 08:00:00,1011.9,24.0,0.0,94.0,5.4,140.0,25.0
2022-08-27 09:00:00,1011.9,24.0,0.0,94.0,5.4,140.0,25.0
2022-08-27 10:00:00,1011.9,23.9,0.0,97.0,5.4,130.0,24.4
2022-08-27 11:00:00,1011.8,23.9,0.0,97.0,0.0,0.0,24.4
2022-08-27 12:00:00,1011.8,23.9,0.0,97.0,0.0,0.0,24.4
2022-08-27 13:00:00,1012.6,24.3,0.0,90.0,5.4,170.0,26.1
2022-08-27 14:00:00,1012.2,24.4,0.0,82.0,9.4,230.0,27.8
2022-08-27 15:00:00,1011.9,23.4,0.0,70.0,7.6,170.0,29.4
2022-08-27 16:00:00,1011.5,22.7,0.0,61.0,0.0,0.0,31.1
2022-08-27 17:00:00,1011.5,22.7,0.0,61.0,0.0,0.0,31.1
2022-08-27 18:00:00,1009.7,21.8,0.0,51.0,9.4,0.0,33.3
2022-08-27 19:00:00,1008.8,21.1,0.0,49.0,11.2,140.0,33.3
2022-08-27 20:00:00,1007.7,21.7,0.0,46.0,11.2,100.0,35.0
2022-08-27 21:00:00,1007.7,21.7,0.0,46.0,11.2,100.0,35.0
2022-08-27 22:00:00,1006.8,20.6,0.0,43.0,14.8,180.0,35.0
2022-08-27 23:00:00,1006.4,20.7,0.0,46.0,14.8,170.0,33.9
2022-08-28 00:00:00,1006.8,21.7,0.0,54.0,18.4,160.0,32.2
2022-08-28 01:00:00,1007.4,22.2,0.0,61.0,24.1,150.0,30.6
2022-08-28 02:00:00,1007.4,22.2,0.0,61.0,24.1,150.0,30.6
2022-08-28 03:00:00,1008.9,23.2,0.0,74.0,18.4,150.0,28.3
2022-08-28 04:00:00,1009.5,23.2,0.0,79.0,7.6,150.0,27.2
2022-08-28 05:00:00,1009.4,23.4,0.0,85.0,7.6,150.0,26.1
2022-08-28 06:00:00,1009.4,23.4,0.0,85.0,7.6,150.0,26.1
2022-08-28 07:00:00,1009.0,24.0,0.0,88.0,0.0,0.0,26.1
2022-08-28 08:00:00,1008.8,23.8,0.0,90.0,0.0,0.0,25.6
2022-08-28 09:00:00,1008.8,23.8,0.0,90.0,0.0,0.0,25.6
2022-08-28 10:00:00,1008.6,23.8,0.0,90.0,0.0,0.0,25.6
2022-08-28 11:00:00,1008.9,24.4,0.0,93.0,0.0,0.0,25.6
2022-08-28 12:00:00,1009.2,24.5,0.0,97.0,5.4,140.0,25.0
2022-08-28 13:00:00,1009.9,24.4,0.0,93.0,7.6,120.0,25.6
2022-08-28 14:00:00,1009.9,24.4,0.0,87.0,9.4,150.0,26.7
2022-08-28 15:00:00,1010.2,23.9,0.0,77.0,11.2,170.0,28.3
2022-08-28 16:00:00,1011.0,22.8,0.0,63.0,14.8,160.0,30.6
2022-08-28 17:00:00,1009.2,22.1,0.0,52.0,16.6,130.0,33.3
2022-08-28 18:00:00,1008.7,21.0,0.0,47.0,14.8,130.0,33.9
2022-08-28 19:00:00,1007.6,21.3,0.0,45.0,14.8,140.0,35.0
2022-08-28 20:00:00,1007.6,21.3,0.0,45.0,14.8,140.0,35.0
2022-08-28 21:00:00,1007.1,20.7,0.0,46.0,20.5,170.0,33.9
2022-08-28 22:00:00,1005.9,19.9,0.0,40.0,20.5,130.0,35.6
2022-08-28 23:00:00,1005.8,20.0,0.0,43.0,18.4,130.0,34.4
2022-08-29 00:00:00,1005.9,21.1,0.0,52.0,14.8,140.0,32.2
2022-08-29 01:00:00,1006.7,22.8,0.0,63.0,16.6,140.0,30.6
2022-08-29 02:00:00,1006.7,22.8,0.0,63.0,16.6,140.0,30.6
2022-08-29 03:00:00,1008.2,23.2,0.0,74.0,16.6,140.0,28.3
2022-08-29 04:00:00,1008.3,23.8,0.0,79.0,13.0,140.0,27.8
2022-08-29 05:00:00,1008.6,24.0,0.0,88.0,5.4,140.0,26.1
2022-08-29 06:00:00,1008.6,24.0,0.0,88.0,5.4,140.0,26.1
2022-08-29 07:00:00,1009.1,24.0,0.0,88.0,5.4,90.0,26.1
2022-08-29 08:00:00,1009.3,24.3,0.0,90.0,7.6,100.0,26.1
2022-08-29 09:00:00,1009.3,24.3,0.0,90.0,7.6,100.0,26.1
2022-08-29 10:00:00,1009.3,24.3,0.0,90.0,7.6,70.0,26.1
2022-08-29 11:00:00,1009.4,24.4,0.0,93.0,7.6,80.0,25.6
2022-08-29 12:00:00,1010.5,25.1,0.0,94.0,0.0,0.0,26.1
2022-08-29 13:00:00,1011.2,24.9,0.0,90.0,7.6,150.0,26.7
2022-08-29 14:00:00,1010.9,23.8,0.0,74.0,11.2,180.0,28.9
2022-08-29 15:00:00,1011.2,23.9,0.0,70.0,9.4,200.0,30.0
2022-08-29 16:00:00,1011.2,23.9,0.0,70.0,9.4,200.0,30.0
2022-08-29 17:00:00,1010.6,21.7,0.0,52.0,0.0,0.0,32.8
2022-08-29 18:00:00,1009.8,22.3,0.0,51.0,5.4,0.0,33.9
2022-08-29 19:00:00,1009.0,21.1,0.0,43.0,9.4,159.0,35.6
2022-08-29 20:00:00,1008.3,20.8,0.0,41.0,7.6,147.0,36.1
2022-08-29 21:00:00,1008.3,20.8,0.0,41.0,7.6,170.0,36.1
2022-08-29 22:00:00,1007.5,20.8,0.0,41.0,24.1,140.0,36.1
2022-08-29 23:00:00,1007.9,23.8,0.0,63.0,24.1,140.0,31.7
2022-08-30 00:00:00,1008.2,23.9,0.0,70.0,18.4,150.0,30.0
2022-08-30 01:00:00,1008.2,23.9,0.0,70.0,18.4,150.0,30.0
2022-08-30 02:00:00,1010.9,23.4,0.0,77.0,13.0,150.0,27.8
2022-08-30 03:00:00,1011.2,23.2,0.0,79.0,13.0,140.0,27.2
2022-08-30 04:00:00,1011.2,23.2,0.0,79.0,13.0,140.0,27.2
2022-08-30 05:00:00,1013.0,24.0,0.0,85.0,9.4,120.0,26.7
2022-08-30 06:00:00,1011.7,24.4,0.0,87.0,14.8,140.0,26.7
2022-08-30 07:00:00,1011.7,24.4,0.0,87.0,14.8,140.0,26.7
2022-08-30 08:00:00,1012.2,24.4,0.0,87.0,7.6,120.0,26.7
2022-08-30 09:00:00,1012.2,24.4,0.0,87.0,7.6,120.0,26.7
2022-08-30 10:00:00,1011.9,24.9,0.0,90.0,7.6,130.0,26.7
2022-08-30 11:00:00,1012.2,24.9,0.0,90.0,11.2,120.0,26.7
2022-08-30 12:00:00,1012.2,24.9,0.0,90.0,11.2,120.0,26.7
2022-08-30 13:00:00,1013.3,24.9,0.0,82.0,9.4,150.0,28.3
2022-08-30 14:00:00,1013.7,23.9,0.0,70.0,13.0,160.0,30.0
2022-08-30 15:00:00,1013.9,23.2,0.0,63.0,14.8,210.0,31.1
2022-08-30 16:00:00,1013.9,23.2,0.0,63.0,14.8,210.0,31.1
2022-08-30 17:00:00,1013.2,22.9,0.0,56.0,13.0,250.0,32.8
2022-08-30 18:00:00,1012.7,22.1,0.0,57.0,7.6,250.0,31.7
2022-08-30 19:00:00,1012.7,22.1,0.0,57.0,7.6,125.0,31.7
2022-08-30 20:00:00,1012.8,22.2,0.0,74.0,29.5,90.0,27.2
2022-08-30 21:00:00,1015.0,22.8,0.0,77.0,25.9,120.0,27.2
2022-08-30 22:00:00,1013.1,23.4,0.0,94.0,0.0,0.0,24.4
2022-08-30 23:00:00,1013.1,23.4,2.5,94.0,0.0,0.0,24.4
2022-08-31 00:00:00,1013.7,24.0,0.5,94.0,9.4,20.0,25.0
2022-08-31 01:00:00,1013.7,24.0,0.0,94.0,9.4,20.0,25.0
2022-08-31 02:00:00,1014.6,23.8,0.0,90.0,0.0,0.0,25.6
2022-08-31 03:00:00,1014.6,23.8,0.0,90.0,0.0,0.0,25.6
2022-08-31 04:00:00,1015.6,23.8,0.0,90.0,7.6,50.0,25.6
2022-08-31 05:00:00,1015.6,23.8,0.0,90.0,7.6,50.0,25.6
2022-08-31 06:00:00,1015.3,24.4,0.0,93.0,13.0,60.0,25.6
2022-08-31 07:00:00,1015.2,24.4,0.0,93.0,9.4,70.0,25.6
2022-08-31 08:00:00,1015.1,23.8,0.0,90.0,9.4,90.0,25.6
2022-08-31 09:00:00,1015.3,24.0,0.0,94.0,7.6,80.0,25.0
2022-08-31 10:00:00,1015.5,24.0,0.0,94.0,9.4,70.0,25.0
2022-08-31 11:00:00,1015.5,24.0,0.0,94.0,9.4,70.0,25.0
2022-08-31 12:00:00,1017.0,23.2,0.0,90.0,9.4,70.0,25.0
2022-08-31 13:00:00,1016.1,23.4,0.0,85.0,9.4,60.0,26.1
2022-08-31 14:00:00,1016.2,24.5,0.0,85.0,5.4,70.0,27.2
2022-08-31 15:00:00,1016.2,24.5,0.0,85.0,5.4,70.0,27.2
2022-08-31 16:00:00,1016.4,24.3,0.0,79.0,11.2,60.0,28.3
2022-08-31 17:00:00,1016.4,24.3,0.2,79.0,11.2,60.0,28.3
2022-08-31 18:00:00,1014.1,23.3,0.0,61.0,9.4,100.0,31.7
2022-08-31 19:00:00,1013.7,23.3,0.0,56.0,0.0,0.0,33.3
2022-08-31 20:00:00,1013.7,23.3,0.0,56.0,18.4,170.0,33.3
2022-08-31 21:00:00,1012.1,21.0,0.0,47.0,16.6,150.0,33.9
2022-08-31 22:00:00,1012.3,21.7,0.0,52.0,22.3,150.0,32.8
2022-08-31 23:00:00,1012.3,21.7,0.0,52.0,22.3,150.0,32.8
2022-09-01 00:00:00,1012.2,21.3,0.0,54.0,16.6,150.0,31.7
2022-09-01 01:00:00,1013.0,22.2,0.0,63.0,13.0,170.0,30.0
2022-09-01 02:00:00,1014.5,22.3,0.0,70.0,11.2,70.0,28.3
2022-09-01 03:00:00,1014.5,22.3,0.0,70.0,11.2,70.0,28.3
2022-09-01 04:00:00,1014.7,22.8,0.0,77.0,11.2,90.0,27.2
2022-09-01 05:00:00,1014.9,22.2,0.0,79.0,9.4,50.0,26.1
2022-09-01 06:00:00,1014.3,22.3,0.0,82.0,7.6,30.0,25.6
2022-09-01 07:00:00,1014.0,22.3,0.0,85.0,9.4,60.0,25.0
2022-09-01 08:00:00,1014.0,22.3,0.0,85.0,9.4,60.0,25.0
2022-09-01 09:00:00,1013.9,22.9,0.0,88.0,9.4,70.0,25.0
2022-09-01 10:00:00,1013.8,22.9,0.0,88.0,5.4,90.0,25.0
2022-09-01 11:00:00,1014.6,22.9,0.0,88.0,7.6,80.0,25.0
2022-09-01 12:00:00,1015.0,22.9,0.0,85.0,7.6,50.0,25.6
2022-09-01 13:00:00,1015.0,22.9,0.0,85.0,7.6,50.0,25.6
2022-09-01 14:00:00,1015.4,23.4,0.0,85.0,5.4,40.0,26.1
2022-09-01 15:00:00,1015.5,24.4,0.0,82.0,9.4,110.0,27.8
2022-09-01 16:00:00,1015.4,23.4,0.0,70.0,0.0,0.0,29.4
2022-09-01 17:00:00,1014.6,22.1,0.0,57.0,9.4,70.0,31.7
2022-09-01 18:00:00,1013.8,21.7,0.0,54.0,14.8,150.0,32.2
2022-09-01 19:00:00,1012.6,21.0,0.0,50.0,14.8,0.0,32.8
2022-09-01 20:00:00,1012.6,21.0,0.0,50.0,4.0,70.0,32.8
2022-09-01 21:00:00,1011.5,20.7,0.0,49.0,0.0,0.0,32.8
2022-09-01 22:00:00,1010.2,21.7,0.0,54.0,7.6,140.0,32.2
2022-09-01 23:00:00,1010.6,21.8,0.0,56.0,16.6,140.0,31.7
2022-09-02 00:00:00,1010.9,21.6,0.0,63.0,9.4,140.0,29.4
2022-09-02 01:00:00,1010.9,21.6,0.0,63.0,9.4,140.0,29.4
2022-09-02 02:00:00,1012.3,22.8,0.0,77.0,9.4,140.0,27.2
2022-09-02 03:00:00,1012.3,22.8,0.0,77.0,9.4,140.0,27.2
2022-09-02 04:00:00,1013.0,23.4,0.0,82.0,11.2,130.0,26.7
2022-09-02 05:00:00,1013.2,24.0,0.0,88.0,7.6,150.0,26.1
2022-09-02 06:00:00,1013.2,24.0,0.0,88.0,7.6,150.0,26.1
2022-09-02 07:00:00,1012.5,24.0,0.0,94.0,5.4,150.0,25.0
2022-09-02 08:00:00,1012.5,24.0,0.0,94.0,5.4,150.0,25.0
2022-09-02 09:00:00,1012.5,23.2,0.0,90.0,0.0,0.0,25.0
2022-09-02 10:00:00,1012.5,23.2,0.0,90.0,0.0,0.0,25.0
2022-09-02 11:00:00,1012.9,23.2,0.0,96.0,0.0,0.0,23.9
2022-09-02 12:00:00,1013.8,24.0,0.0,94.0,5.4,50.0,25.0
2022-09-02 13:00:00,1014.2,24.0,0.0,85.0,5.4,50.0,26.7
2022-09-02 14:00:00,1014.2,24.0,0.0,85.0,5.4,92.0,26.7
2022-09-02 15:00:00,1014.0,23.9,0.0,77.0,5.4,160.0,28.3
2022-09-02 16:00:00,1013.8,21.3,0.0,54.0,7.6,140.0,31.7
2022-09-02 17:00:00,1013.4,21.8,0.0,51.0,13.0,100.0,33.3
2022-09-02 18:00:00,1012.7,20.5,0.0,47.0,9.4,110.0,33.3
2022-09-02 19:00:00,1012.2,20.0,0.0,43.0,11.2,160.0,34.4
2022-09-02 20:00:00,1012.2,20.0,0.0,43.0,11.2,160.0,34.4
2022-09-02 21:00:00,1010.5,19.5,0.0,39.0,9.4,130.0,35.6
2022-09-02 22:00:00,1010.5,19.5,0.0,39.0,9.4,130.0,35.6
2022-09-02 23:00:00,1010.6,18.9,0.0,40.0,9.4,140.0,34.4
2022-09-03 00:00:00,1011.0,20.1,0.0,46.0,14.8,130.0,33.3
2022-09-03 01:00:00,1011.8,22.7,0.0,61.0,18.4,140.0,31.1
2022-09-03 02:00:00,1012.7,22.2,0.0,63.0,11.2,130.0,30.0
2022-09-03 03:00:00,1014.7,23.8,0.0,79.0,7.6,140.0,27.8
2022-09-03 04:00:00,1014.7,23.8,0.0,79.0,7.6,140.0,27.8
2022-09-03 05:00:00,1014.7,23.9,0.0,82.0,7.6,170.0,27.2
2022-09-03 06:00:00,1015.1,24.0,0.0,85.0,5.4,130.0,26.7
2022-09-03 07:00:00,1014.7,24.0,0.0,88.0,5.4,90.0,26.1
2022-09-03 08:00:00,1014.7,24.0,0.0,88.0,5.4,90.0,26.1
2022-09-03 09:00:00,1015.1,23.8,0.0,90.0,0.0,0.0,25.6
2022-09-03 10:00:00,1014.8,24.3,0.0,90.0,5.4,60.0,26.1
2022-09-03 11:00:00,1015.1,24.3,0.0,90.0,0.0,0.0,26.1
2022-09-03 12:00:00,1015.9,24.3,0.0,90.0,0.0,0.0,26.1
2022-09-03 13:00:00,1016.4,24.4,0.0,87.0,5.4,90.0,26.7
2022-09-03 14:00:00,1016.4,24.4,0.0,87.0,5.4,90.0,26.7
2022-09-03 15:00:00,1017.2,23.8,0.0,74.0,7.6,80.0,28.9
2022-09-03 16:00:00,1017.4,23.2,0.0,67.0,7.6,30.0,30.0
2022-09-03 17:00:00,1017.4,23.2,0.0,67.0,7.6,30.0,30.0
2022-09-03 18:00:00,1014.7,21.7,0.0,49.0,5.4,30.0,33.9
2022-09-03 19:00:00,1014.7,21.7,0.0,49.0,5.4,72.0,33.9
2022-09-03 20:00:00,1013.7,20.5,0.0,47.0,13.0,30.0,33.3
2022-09-03 21:00:00,1013.7,20.6,0.0,59.0,22.3,140.0,29.4
2022-09-03 22:00:00,1013.7,20.6,0.0,59.0,22.3,140.0,29.4
2022-09-03 23:00:00,1014.3,22.9,0.0,70.0,18.4,100.0,28.9
2022-09-04 00:00:00,1015.2,22.2,0.0,74.0,16.6,30.0,27.2
2022-09-04 01:00:00,1015.9,23.4,1.5,94.0,11.2,20.0,24.4
2022-09-04 02:00:00,1016.2,23.2,1.8,96.0,0.0,0.0,23.9
2022-09-04 03:00:00,1016.4,22.8,0.3,91.0,7.6,90.0,24.4
2022-09-04 04:00:00,1017.0,22.9,0.0,94.0,9.4,90.0,23.9
2022-09-04 05:00:00,1017.1,22.9,0.0,94.0,5.4,150.0,23.9
2022-09-04 06:00:00,1016.5,22.8,0.3,97.0,0.0,0.0,23.3
2022-09-04 07:00:00,1014.7,22.8,0.0,97.0,5.4,300.0,23.3
2022-09-04 08:00:00,1015.3,22.9,0.0,94.0,0.0,0.0,23.9
2022-09-04 09:00:00,1015.3,22.9,0.0,94.0,0.0,0.0,23.9
2022-09-04 10:00:00,1015.1,22.8,0.0,97.0,0.0,0.0,23.3
2022-09-04 11:00:00,1015.1,22.8,0.0,97.0,0.0,0.0,23.3
2022-09-04 12:00:00,1016.0,23.2,0.0,96.0,5.4,340.0,23.9
2022-09-04 13:00:00,1016.2,23.4,0.0,94.0,0.0,0.0,24.4
2022-09-04 14:00:00,1016.2,23.4,0.0,94.0,0.0,0.0,24.4
2022-09-04 15:00:00,1016.4,22.2,0.0,79.0,7.6,220.0,26.1
2022-09-04 16:00:00,1016.4,22.3,0.0,72.0,7.6,250.0,27.8
2022-09-04 17:00:00,1015.8,22.2,0.0,67.0,11.2,200.0,28.9
2022-09-04 18:00:00,1015.1,22.7,0.0,65.0,13.0,200.0,30.0
2022-09-04 19:00:00,1015.1,22.7,0.0,65.0,13.0,200.0,30.0
2022-09-04 20:00:00,1013.2,21.7,0.0,59.0,14.8,140.0,30.6
2022-09-04 21:00:00,1012.3,21.7,0.0,59.0,9.4,130.0,30.6
2022-09-04 22:00:00,1012.3,21.7,0.0,59.0,9.4,130.0,30.6
2022-09-04 23:00:00,1012.1,21.1,0.0,65.0,13.0,160.0,28.3
2022-09-05 00:00:00,1012.1,21.1,0.0,65.0,13.0,160.0,28.3
2022-09-05 01:00:00,1012.9,22.1,0.0,76.0,13.0,170.0,26.7
2022-09-05 02:00:00,1013.4,22.3,0.0,82.0,9.4,160.0,25.6
2022-09-05 03:00:00,1014.5,22.3,0.0,85.0,5.4,160.0,25.0
2022-09-05 04:00:00,1014.9,22.8,0.0,91.0,0.0,0.0,24.4
2022-09-05 05:00:00,1013.0,22.3,0.0,94.0,5.4,210.0,23.3
2022-09-05 06:00:00,1012.3,22.1,0.0,96.0,7.6,260.0,22.8
2022-09-05 07:00:00,1012.3,22.1,0.0,96.0,7.6,260.0,22.8
2022-09-05 08:00:00,1012.4,22.8,0.0,97.0,9.4,260.0,23.3
2022-09-05 09:00:00,1012.6,22.8,0.0,97.0,7.6,260.0,23.3
2022-09-05 10:00:00,1012.9,22.1,0.0,96.0,5.4,230.0,22.8
2022-09-05 11:00:00,1013.3,21.7,0.0,91.0,5.4,240.0,23.3
2022-09-05 12:00:00,1013.3,21.7,0.0,91.0,5.4,240.0,23.3
2022-09-05 13:00:00,1014.2,21.8,0.0,88.0,7.6,290.0,23.9
2022-09-05 14:00:00,1014.7,21.1,0.0,82.0,0.0,0.0,24.4
2022-09-05 15:00:00,1015.1,21.0,0.0,69.0,0.0,0.0,27.2
2022-09-05 16:00:00,1015.1,21.0,0.0,69.0,0.0,0.0,27.2
2022-09-05 17:00:00,1014.6,20.5,0.0,55.0,9.4,213.0,30.6
2022-09-05 18:00:00,1014.0,21.1,0.0,57.0,9.4,212.0,30.6
2022-09-05 19:00:00,1014.0,21.1,0.0,57.0,9.4,206.0,30.6
2022-09-05 20:00:00,1012.6,21.8,0.0,56.0,20.5,170.0,31.7
2022-09-05 21:00:00,1012.6,21.8,0.0,56.0,20.5,170.0,31.7
2022-09-05 22:00:00,1012.4,21.3,0.0,54.0,18.4,170.0,31.7
2022-09-05 23:00:00,1012.6,20.7,0.0,54.0,16.6,170.0,31.1
2022-09-06 00:00:00,1012.6,20.0,0.0,55.0,14.8,180.0,30.0
2022-09-06 01:00:00,1013.4,22.1,0.0,76.0,13.0,180.0,26.7
2022-09-06 02:00:00,1013.4,22.1,0.0,76.0,13.0,180.0,26.7
2022-09-06 03:00:00,1014.9,21.7,0.0,82.0,0.0,0.0,25.0
2022-09-06 04:00:00,1014.9,21.7,0.0,82.0,0.0,0.0,25.0
2022-09-06 05:00:00,1015.1,21.8,0.0,88.0,5.4,210.0,23.9
2022-09-06 06:00:00,1014.9,21.7,0.0,91.0,5.4,280.0,23.3
2022-09-06 07:00:00,1014.7,21.8,0.0,94.0,0.0,0.0,22.8
2022-09-06 08:00:00,1014.7,21.8,0.0,94.0,0.0,0.0,22.8
2022-09-06 09:00:00,1014.8,21.8,0.0,94.0,5.4,280.0,22.8
2022-09-06 10:00:00,1015.4,22.1,0.0,96.0,0.0,0.0,22.8
2022-09-06 11:00:00,1015.7,21.7,0.0,97.0,0.0,0.0,22.2
2022-09-06 12:00:00,1015.7,21.7,0.0,97.0,0.0,0.0,22.2
2022-09-06 13:00:00,1016.4,21.8,0.0,94.0,0.0,0.0,22.8
2022-09-06 14:00:00,1016.7,22.3,0.0,82.0,11.2,280.0,25.6
2022-09-06 15:00:00,1017.6,21.1,0.0,65.0,7.6,320.0,28.3
2022-09-06 16:00:00,1017.5,20.6,0.0,57.0,9.4,220.0,30.0
2022-09-06 17:00:00,1016.7,20.6,0.0,52.0,7.6,220.0,31.7
2022-09-06 18:00:00,1016.7,20.6,0.0,52.0,7.6,100.0,31.7
2022-09-06 19:00:00,1015.3,19.5,0.0,47.0,0.0,0.0,32.2
2022-09-06 20:00:00,1015.3,19.5,0.0,47.0,0.0,0.0,32.2
2022-09-06 21:00:00,1013.6,19.4,0.0,44.0,18.4,140.0,33.3
2022-09-06 22:00:00,1013.6,19.4,0.0,44.0,18.4,140.0,33.3
2022-09-06 23:00:00,1013.8,19.4,0.0,44.0,11.2,170.0,33.3
2022-09-07 00:00:00,1014.2,22.1,0.0,59.0,27.7,150.0,31.1
2022-09-07 01:00:00,1015.3,22.3,0.0,72.0,11.2,170.0,27.8
2022-09-07 02:00:00,1016.6,22.8,0.0,79.0,9.4,160.0,26.7
2022-09-07 03:00:00,1016.7,22.8,0.0,82.0,11.2,180.0,26.1
2022-09-07 04:00:00,1016.7,22.8,0.0,82.0,11.2,180.0,26.1
2022-09-07 05:00:00,1016.5,22.3,0.0,82.0,0.0,0.0,25.6
2022-09-07 06:00:00,1016.2,22.9,0.0,88.0,5.4,190.0,25.0
2022-09-07 07:00:00,1016.2,22.9,0.0,88.0,5.4,190.0,25.0
2022-09-07 08:00:00,1015.8,22.8,0.0,91.0,0.0,0.0,24.4
2022-09-07 09:00:00,1015.8,22.8,0.0,91.0,0.0,0.0,24.4
2022-09-07 10:00:00,1015.5,22.3,0.0,94.0,0.0,0.0,23.3
2022-09-07 11:00:00,1015.6,22.3,0.0,94.0,0.0,0.0,23.3
2022-09-07 12:00:00,1016.0,22.3,0.0,94.0,0.0,0.0,23.3
2022-09-07 13:00:00,1016.2,22.8,0.0,91.0,0.0,0.0,24.4
2022-09-07 14:00:00,1016.2,22.8,0.0,91.0,0.0,0.0,24.4
2022-09-07 15:00:00,1016.2,22.9,0.0,68.0,0.0,0.0,29.4
2022-09-07 16:00:00,1016.0,22.1,0.0,57.0,9.4,330.0,31.7
2022-09-07 17:00:00,1014.9,20.7,0.0,49.0,7.6,180.0,32.8
2022-09-07 18:00:00,1014.9,20.7,0.0,49.0,7.6,180.0,32.8
2022-09-07 19:00:00,1012.6,19.4,0.0,40.0,16.6,130.0,35.0
2022-09-07 20:00:00,1013.8,19.4,0.0,40.0,13.0,200.0,35.0
2022-09-07 21:00:00,1013.0,22.9,9.7,85.0,9.4,260.0,25.6
2022-09-07 22:00:00,1013.0,22.9,0.0,85.0,9.4,260.0,25.6
2022-09-07 23:00:00,1012.2,22.3,0.0,70.0,7.6,300.0,28.3
2022-09-08 00:00:00,1011.8,22.2,0.0,63.0,5.4,260.0,30.0
2022-09-08 01:00:00,1011.6,23.2,0.0,79.0,5.4,240.0,27.2
2022-09-08 02:00:00,1012.8,24.0,0.0,88.0,0.0,0.0,26.1
2022-09-08 03:00:00,1013.0,23.8,0.0,90.0,0.0,0.0,25.6
2022-09-08 04:00:00,1013.0,23.8,0.0,90.0,0.0,0.0,25.6
2022-09-08 05:00:00,1012.8,24.0,0.0,94.0,0.0,0.0,25.0
2022-09-08 06:00:00,1012.5,23.2,0.0,96.0,0.0,0.0,23.9
2022-09-08 07:00:00,1011.8,24.0,0.0,94.0,0.0,0.0,25.0
2022-09-08 08:00:00,1011.7,23.2,0.0,96.0,0.0,0.0,23.9
2022-09-08 09:00:00,1011.7,23.2,0.0,96.0,0.0,0.0,23.9
2022-09-08 10:00:00,1011.3,23.2,0.0,96.0,7.6,150.0,23.9
2022-09-08 11:00:00,1011.1,22.8,0.0,97.0,0.0,0.0,23.3
2022-09-08 12:00:00,1011.1,23.2,0.0,96.0,5.4,260.0,23.9
2022-09-08 13:00:00,1011.1,23.2,0.0,96.0,5.4,260.0,23.9
2022-09-08 14:00:00,1011.0,21.8,0.0,68.0,0.0,0.0,28.3
2022-09-08 15:00:00,1010.8,22.2,0.0,63.0,0.0,0.0,30.0
2022-09-08 16:00:00,1010.2,21.8,0.0,56.0,5.4,0.0,31.7
2022-09-08 17:00:00,1009.2,21.0,0.0,47.0,5.4,90.0,33.9
2022-09-08 18:00:00,1009.2,21.0,0.0,47.0,5.4,90.0,33.9
2022-09-08 19:00:00,1007.1,19.4,0.0,40.0,9.4,160.0,35.0
2022-09-08 20:00:00,1007.1,19.4,0.0,40.0,9.4,160.0,35.0
2022-09-08 21:00:00,1006.6,19.3,0.0,48.0,11.2,210.0,31.7
2022-09-08 22:00:00,1005.4,20.0,0.0,47.0,13.0,210.0,32.8
2022-09-08 23:00:00,1005.1,21.1,0.0,52.0,0.0,0.0,32.2
2022-09-09 00:00:00,1005.0,21.6,0.0,57.0,7.6,130.0,31.1
2022-09-09 01:00:00,1005.5,22.8,0.0,77.0,0.0,0.0,27.2
2022-09-09 02:00:00,1006.3,22.2,0.0,74.0,13.0,130.0,27.2
2022-09-09 03:00:00,1006.3,22.2,0.0,74.0,13.0,130.0,27.2
2022-09-09 04:00:00,1006.8,22.8,0.0,82.0,9.4,140.0,26.1
2022-09-09 05:00:00,1007.0,22.3,0.0,88.0,9.4,120.0,24.4
2022-09-09 06:00:00,1007.0,22.3,0.0,88.0,9.4,120.0,24.4
2022-09-09 07:00:00,1006.1,21.8,0.0,88.0,0.0,0.0,23.9
2022-09-09 08:00:00,1006.1,21.8,0.0,88.0,0.0,0.0,23.9
2022-09-09 09:00:00,1006.0,22.2,0.0,90.0,0.0,0.0,23.9
2022-09-09 10:00:00,1005.8,21.8,0.0,94.0,0.0,0.0,22.8
2022-09-09 11:00:00,1006.3,21.2,0.0,94.0,0.0,0.0,22.2
2022-09-09 12:00:00,1006.7,21.7,0.0,97.0,5.4,140.0,22.2
2022-09-09 13:00:00,1006.7,21.7,0.0,97.0,5.4,140.0,22.2
2022-09-09 14:00:00,1007.5,21.7,0.0,72.0,5.4,190.0,27.2
2022-09-09 15:00:00,1007.5,21.1,0.0,61.0,9.4,180.0,29.4
2022-09-09 16:00:00,1007.4,21.0,0.0,55.0,11.2,180.0,31.1
2022-09-09 17:00:00,1006.7,21.1,0.0,52.0,9.4,140.0,32.2
2022-09-09 18:00:00,1006.7,21.1,0.0,52.0,9.4,140.0,32.2
2022-09-09 19:00:00,1005.2,20.7,0.0,49.0,14.8,160.0,32.8
2022-09-09 20:00:00,1004.8,20.1,0.0,49.0,11.2,160.0,32.2
2022-09-09 21:00:00,1004.1,19.9,0.0,44.0,14.8,180.0,33.9
2022-09-09 22:00:00,1004.1,19.4,0.0,44.0,13.0,200.0,33.3
2022-09-09 23:00:00,1004.1,19.4,0.0,44.0,13.0,200.0,33.3
2022-09-10 00:00:00,1004.5,20.1,0.0,49.0,11.2,220.0,32.2
2022-09-10 01:00:00,1004.9,20.7,0.0,54.0,5.4,240.0,31.1
2022-09-10 02:00:00,1007.1,22.2,0.0,74.0,11.2,100.0,27.2
2022-09-10 03:00:00,1007.1,22.2,0.0,74.0,11.2,100.0,27.2
2022-09-10 04:00:00,1008.4,22.2,0.0,79.0,7.6,130.0,26.1
2022-09-10 05:00:00,1009.0,22.9,0.0,85.0,11.2,140.0,25.6
2022-09-10 06:00:00,1009.2,22.9,0.0,88.0,7.6,130.0,25.0
2022-09-10 07:00:00,1009.1,22.9,0.0,88.0,5.4,170.0,25.0
2022-09-10 08:00:00,1009.1,22.9,0.0,88.0,5.4,170.0,25.0
2022-09-10 09:00:00,1009.4,22.9,0.0,94.0,0.0,0.0,23.9
2022-09-10 10:00:00,1009.9,22.9,0.0,94.0,5.4,100.0,23.9
2022-09-10 11:00:00,1010.4,22.9,0.0,94.0,0.0,0.0,23.9
2022-09-10 12:00:00,1011.2,22.9,0.0,94.0,0.0,0.0,23.9
2022-09-10 13:00:00,1011.2,22.9,0.0,94.0,0.0,0.0,23.9
2022-09-10 14:00:00,1012.5,22.8,0.0,77.0,5.4,220.0,27.2
2022-09-10 15:00:00,1012.7,21.1,0.0,61.0,13.0,200.0,29.4
2022-09-10 16:00:00,1012.9,20.0,0.0,50.0,13.0,150.0,31.7
2022-09-10 17:00:00,1012.9,20.0,0.0,50.0,13.0,150.0,31.7
2022-09-10 18:00:00,1011.8,20.1,0.0,46.0,9.4,150.0,33.3
2022-09-10 19:00:00,1011.3,20.0,0.0,47.0,11.2,140.0,32.8
2022-09-10 20:00:00,1010.5,19.0,0.0,43.0,14.8,200.0,33.3
2022-09-10 21:00:00,1010.5,19.0,0.0,43.0,14.8,200.0,33.3
2022-09-10 22:00:00,1010.2,19.0,0.0,43.0,11.2,120.0,33.3
2022-09-10 23:00:00,1010.3,18.4,0.0,40.0,11.2,120.0,33.9
2022-09-11 00:00:00,1010.6,18.8,0.0,45.0,18.4,130.0,32.2
2022-09-11 01:00:00,1012.1,19.4,0.0,53.0,11.2,140.0,30.0
2022-09-11 02:00:00,1013.2,19.5,0.0,59.0,5.4,160.0,28.3
2022-09-11 03:00:00,1013.2,19.5,0.0,59.0,5.4,160.0,28.3
2022-09-11 04:00:00,1014.6,20.7,0.0,72.0,5.4,160.0,26.1
2022-09-11 05:00:00,1015.2,21.1,0.0,79.0,7.6,150.0,25.0
2022-09-11 06:00:00,1015.3,21.1,0.0,79.0,0.0,0.0,25.0
2022-09-11 07:00:00,1015.5,21.1,0.0,79.0,0.0,0.0,25.0
2022-09-11 08:00:00,1015.5,21.1,0.0,79.0,0.0,0.0,25.0
2022-09-11 09:00:00,1016.2,21.8,0.0,88.0,7.6,360.0,23.9
2022-09-11 10:00:00,1016.1,21.7,0.0,85.0,0.0,0.0,24.4
2022-09-11 11:00:00,1016.6,21.8,0.0,88.0,0.0,0.0,23.9
2022-09-11 12:00:00,1016.6,21.8,0.0,88.0,0.0,0.0,23.9
2022-09-11 13:00:00,1017.9,22.1,0.0,76.0,0.0,0.0,26.7
2022-09-11 14:00:00,1018.2,22.3,0.0,70.0,9.4,270.0,28.3
2022-09-11 15:00:00,1018.6,21.1,0.0,59.0,9.4,270.0,30.0
2022-09-11 16:00:00,1018.5,20.0,0.0,50.0,7.6,270.0,31.7
2022-09-11 17:00:00,1018.5,20.0,0.0,50.0,7.6,270.0,31.7
2022-09-11 18:00:00,1017.3,18.9,0.0,44.0,13.0,50.0,32.8
2022-09-11 19:00:00,1016.5,21.3,0.0,54.0,11.2,170.0,31.7
2022-09-11 20:00:00,1015.6,19.4,0.0,44.0,13.0,180.0,33.3
2022-09-11 21:00:00,1015.6,19.4,0.0,44.0,13.0,180.0,33.3
2022-09-11 22:00:00,1014.8,17.8,0.0,35.0,7.6,20.0,35.6
2022-09-11 23:00:00,1015.1,16.6,0.0,38.0,16.6,50.0,32.8
2022-09-12 00:00:00,1015.1,16.6,0.0,38.0,16.6,50.0,32.8
2022-09-12 01:00:00,1015.3,16.1,0.0,39.0,13.0,70.0,31.7
2022-09-12 02:00:00,1017.2,16.8,0.0,48.0,9.4,70.0,28.9
2022-09-12 03:00:00,1017.2,16.8,0.0,48.0,9.4,70.0,28.9
2022-09-12 04:00:00,1017.2,16.8,0.0,53.0,7.6,60.0,27.2
2022-09-12 05:00:00,1017.4,17.2,0.0,58.0,5.4,60.0,26.1
2022-09-12 06:00:00,1017.2,17.3,0.0,60.0,9.4,50.0,25.6
2022-09-12 07:00:00,1017.2,17.3,0.0,60.0,9.4,50.0,25.6
2022-09-12 08:00:00,1016.8,17.9,0.0,69.0,5.4,90.0,23.9
2022-09-12 09:00:00,1016.8,17.9,0.0,69.0,5.4,90.0,23.9
2022-09-12 10:00:00,1016.5,17.7,0.0,71.0,7.6,20.0,23.3
2022-09-12 11:00:00,1016.6,17.7,0.0,71.0,7.6,30.0,23.3
2022-09-12 12:00:00,1016.6,17.7,0.0,71.0,7.6,30.0,23.3
2022-09-12 13:00:00,1017.1,17.3,0.0,60.0,16.6,40.0,25.6
2022-09-12 14:00:00,1017.2,17.1,0.0,54.0,14.8,40.0,27.2
2022-09-12 15:00:00,1017.3,17.9,0.0,50.0,9.4,50.0,29.4
2022-09-12 16:00:00,1016.8,17.7,0.0,46.0,9.4,20.0,30.6
2022-09-12 17:00:00,1016.8,17.7,0.0,46.0,9.4,20.0,30.6
2022-09-12 18:00:00,1014.7,16.6,0.0,38.0,7.6,30.0,32.8
2022-09-12 19:00:00,1013.6,16.6,0.0,37.0,5.4,30.0,33.3
2022-09-12 20:00:00,1013.6,16.6,0.0,37.0,5.4,56.0,33.3
2022-09-12 21:00:00,1012.6,15.8,0.0,34.0,0.0,0.0,33.9
2022-09-12 22:00:00,1011.9,15.8,0.0,34.0,7.6,200.0,33.9
2022-09-12 23:00:00,1011.5,15.8,0.0,34.0,11.2,200.0,33.9
2022-09-13 00:00:00,1011.2,16.2,0.0,37.0,9.4,160.0,32.8
2022-09-13 01:00:00,1011.7,17.1,0.0,49.0,5.4,130.0,28.9
2022-09-13 02:00:00,1012.2,17.9,0.0,55.0,5.4,120.0,27.8
2022-09-13 03:00:00,1012.2,17.9,0.0,55.0,5.4,120.0,27.8
2022-09-13 04:00:00,1012.5,17.8,0.0,58.0,5.4,110.0,26.7
2022-09-13 05:00:00,1012.5,18.3,0.0,62.0,0.0,0.0,26.1
2022-09-13 06:00:00,1012.5,19.4,0.0,71.0,0.0,0.0,25.0
2022-09-13 07:00:00,1012.5,19.4,0.0,71.0,0.0,0.0,25.0
2022-09-13 08:00:00,1012.3,20.6,0.0,82.0,0.0,0.0,23.9
2022-09-13 09:00:00,1012.1,20.5,0.0,87.0,0.0,0.0,22.8
2022-09-13 10:00:00,1012.4,20.7,0.0,91.0,0.0,0.0,22.2
2022-09-13 11:00:00,1012.5,20.6,0.0,85.0,0.0,0.0,23.3
2022-09-13 12:00:00,1012.5,20.6,0.0,85.0,0.0,0.0,23.3
2022-09-13 13:00:00,1013.1,21.2,0.0,88.0,0.0,0.0,23.3
2022-09-13 14:00:00,1013.5,21.1,0.0,65.0,9.4,230.0,28.3
2022-09-13 15:00:00,1013.6,20.0,0.0,57.0,9.4,200.0,29.4
2022-09-13 16:00:00,1013.7,20.0,0.0,50.0,13.0,160.0,31.7
2022-09-13 17:00:00,1013.7,20.0,0.0,50.0,13.0,160.0,31.7
2022-09-13 18:00:00,1012.3,18.8,0.0,41.0,9.4,150.0,33.9
2022-09-13 19:00:00,1011.5,19.3,0.0,41.0,20.5,150.0,34.4
2022-09-13 20:00:00,1010.7,18.3,0.0,41.0,11.2,130.0,33.3
2022-09-13 21:00:00,1010.7,18.3,0.0,41.0,11.2,130.0,33.3
2022-09-13 22:00:00,1010.0,18.5,0.0,39.0,16.6,170.0,34.4
2022-09-13 23:00:00,1010.2,18.4,0.0,44.0,18.4,150.0,32.2
2022-09-14 00:00:00,1010.6,20.1,0.0,61.0,14.8,130.0,28.3
2022-09-14 01:00:00,1010.6,20.1,0.0,61.0,14.8,130.0,28.3
2022-09-14 02:00:00,1011.4,19.0,0.0,61.0,11.2,120.0,27.2
2022-09-14 03:00:00,1012.1,18.9,0.0,69.0,7.6,140.0,25.0
2022-09-14 04:00:00,1012.6,19.5,0.0,69.0,0.0,0.0,25.6
2022-09-14 05:00:00,1012.6,19.4,0.0,76.0,5.4,110.0,23.9
2022-09-14 06:00:00,1012.6,20.0,0.0,79.0,0.0,0.0,23.9
2022-09-14 07:00:00,1012.6,20.0,0.0,79.0,0.0,0.0,23.9
2022-09-14 08:00:00,1012.6,20.5,0.0,87.0,5.4,100.0,22.8
2022-09-14 09:00:00,1013.0,20.0,0.0,90.0,5.4,110.0,21.7
2022-09-14 10:00:00,1013.4,21.1,0.0,90.0,0.0,0.0,22.8
2022-09-14 11:00:00,1013.4,21.1,0.0,90.0,0.0,0.0,22.8
2022-09-14 12:00:00,1014.0,21.7,0.0,91.0,0.0,0.0,23.3
2022-09-14 13:00:00,1014.9,22.3,0.0,85.0,5.4,80.0,25.0
2022-09-14 14:00:00,1015.1,22.8,0.0,77.0,7.6,100.0,27.2
2022-09-14 15:00:00,1015.3,21.7,0.0,65.0,14.8,170.0,28.9
2022-09-14 16:00:00,1015.3,21.7,0.0,65.0,14.8,170.0,28.9
2022-09-14 17:00:00,1014.6,19.0,0.0,47.0,16.6,140.0,31.7
2022-09-14 18:00:00,1013.9,17.3,0.0,41.0,9.4,140.0,32.2
2022-09-14 19:00:00,1012.9,16.9,0.0,40.0,16.6,130.0,32.2
2022-09-14 20:00:00,1012.9,16.9,0.0,40.0,16.6,130.0,32.2
2022-09-14 21:00:00,1012.1,15.8,0.0,35.0,9.4,120.0,33.3
2022-09-14 22:00:00,1011.5,13.9,0.0,32.0,14.8,100.0,32.8
2022-09-14 23:00:00,1011.6,13.9,0.0,34.0,16.6,120.0,31.7
2022-09-15 00:00:00,1011.6,13.9,0.0,34.0,16.6,120.0,31.7
2022-09-15 01:00:00,1013.0,16.1,0.0,49.0,11.2,130.0,27.8
2022-09-15 02:00:00,1013.0,16.1,0.0,49.0,11.2,130.0,27.8
2022-09-15 03:00:00,1014.7,16.1,0.0,60.0,5.4,130.0,24.4
2022-09-15 04:00:00,1014.7,16.1,0.0,60.0,5.4,130.0,24.4
2022-09-15 05:00:00,1015.3,16.1,0.0,66.0,0.0,0.0,22.8
2022-09-15 06:00:00,1015.2,17.3,0.0,71.0,7.6,70.0,22.8
2022-09-15 07:00:00,1015.2,17.3,0.0,71.0,7.6,70.0,22.8
2022-09-15 08:00:00,1014.6,17.9,0.0,79.0,0.0,0.0,21.7
2022-09-15 09:00:00,1014.5,18.3,0.0,81.0,5.4,10.0,21.7
2022-09-15 10:00:00,1014.7,18.9,0.0,84.0,0.0,0.0,21.7
2022-09-15 11:00:00,1014.7,18.9,0.0,84.0,0.0,0.0,21.7
2022-09-15 12:00:00,1015.2,19.4,0.0,84.0,5.4,360.0,22.2
2022-09-15 13:00:00,1016.1,20.5,0.0,79.0,13.0,80.0,24.4
2022-09-15 14:00:00,1016.1,20.5,0.0,79.0,13.0,80.0,24.4
2022-09-15 15:00:00,1016.6,21.0,0.0,71.0,11.2,70.0,26.7
2022-09-15 16:00:00,1016.5,21.0,0.0,69.0,11.2,100.0,27.2
2022-09-15 17:00:00,1015.4,19.5,0.0,50.0,14.8,120.0,31.1
2022-09-15 18:00:00,1014.5,17.0,0.0,39.0,13.0,120.0,32.8
2022-09-15 19:00:00,1013.7,17.2,0.0,37.0,18.4,130.0,33.9
2022-09-15 20:00:00,1013.7,17.2,0.0,37.0,18.4,130.0,33.9
2022-09-15 21:00:00,1013.0,17.2,0.0,36.0,14.8,170.0,34.4
2022-09-15 22:00:00,1012.5,16.7,0.0,36.0,7.6,140.0,33.9
2022-09-15 23:00:00,1012.5,14.9,0.0,34.0,13.0,120.0,32.8
2022-09-16 00:00:00,1012.5,14.9,0.0,34.0,13.0,120.0,32.8
2022-09-16 01:00:00,1013.7,22.2,0.0,67.0,9.4,150.0,28.9
2022-09-16 02:00:00,1013.7,22.2,0.0,67.0,24.1,120.0,28.9
2022-09-16 03:00:00,1014.7,22.3,0.0,72.0,14.8,120.0,27.8
2022-09-16 04:00:00,1014.9,22.8,0.0,79.0,9.4,110.0,26.7
2022-09-16 05:00:00,1014.6,22.8,0.0,82.0,5.4,90.0,26.1
2022-09-16 06:00:00,1014.2,22.9,0.0,88.0,5.4,110.0,25.0
2022-09-16 07:00:00,1014.2,22.9,0.0,88.0,5.4,110.0,25.0
2022-09-16 08:00:00,1013.8,23.2,0.0,90.0,7.6,100.0,25.0
2022-09-16 09:00:00,1013.8,23.2,0.0,90.0,7.6,100.0,25.0
2022-09-16 10:00:00,1013.8,23.4,0.0,94.0,5.4,90.0,24.4
2022-09-16 11:00:00,1014.8,23.4,0.0,94.0,7.6,80.0,24.4
2022-09-16 12:00:00,1014.8,23.4,0.0,94.0,7.6,80.0,24.4
2022-09-16 13:00:00,1015.4,23.2,0.0,90.0,7.6,80.0,25.0
2022-09-16 14:00:00,1016.1,22.8,0.0,72.0,11.2,130.0,28.3
2022-09-16 15:00:00,1016.4,22.2,0.0,67.0,13.0,180.0,28.9
2022-09-16 16:00:00,1016.4,22.2,0.0,67.0,13.0,180.0,28.9
2022-09-16 17:00:00,1015.2,20.6,0.0,52.0,13.0,150.0,31.7
2022-09-16 18:00:00,1014.2,19.9,0.0,44.0,9.4,150.0,33.9
2022-09-16 19:00:00,1013.1,20.0,0.0,43.0,11.2,170.0,34.4
2022-09-16 20:00:00,1012.1,19.3,0.0,41.0,18.4,230.0,34.4
2022-09-16 21:00:00,1012.1,19.3,0.0,41.0,18.4,230.0,34.4
2022-09-16 22:00:00,1011.8,19.4,0.0,40.0,14.8,130.0,35.0
2022-09-16 23:00:00,1011.6,19.4,0.0,44.0,13.0,170.0,33.3
2022-09-17 00:00:00,1011.9,20.1,0.0,52.0,11.2,160.0,31.1
2022-09-17 01:00:00,1011.9,20.1,0.0,52.0,11.2,160.0,31.1
2022-09-17 02:00:00,1012.4,21.1,0.0,59.0,14.8,150.0,30.0
2022-09-17 03:00:00,1013.6,22.7,0.0,74.0,14.8,150.0,27.8
2022-09-17 04:00:00,1013.7,22.8,0.0,79.0,13.0,150.0,26.7
2022-09-17 05:00:00,1013.8,22.8,0.0,82.0,13.0,150.0,26.1
2022-09-17 06:00:00,1013.8,22.8,0.0,82.0,13.0,150.0,26.1
2022-09-17 07:00:00,1013.4,23.2,0.0,90.0,9.4,140.0,25.0
2022-09-17 08:00:00,1013.3,23.2,0.0,90.0,0.0,0.0,25.0
2022-09-17 09:00:00,1013.1,23.2,0.0,90.0,7.6,80.0,25.0
2022-09-17 10:00:00,1013.1,23.2,0.0,90.0,7.6,80.0,25.0
2022-09-17 11:00:00,1013.2,23.2,0.0,90.0,5.4,80.0,25.0
2022-09-17 12:00:00,1014.2,23.2,0.0,90.0,5.4,60.0,25.0
2022-09-17 13:00:00,1014.8,24.0,0.0,88.0,9.4,100.0,26.1
2022-09-17 14:00:00,1014.8,24.0,0.0,88.0,9.4,100.0,26.1
2022-09-17 15:00:00,1015.0,22.8,0.0,63.0,18.4,170.0,30.6
2022-09-17 16:00:00,1015.0,22.8,0.0,63.0,18.4,170.0,30.6
2022-09-17 17:00:00,1014.1,21.1,0.0,49.0,18.4,170.0,33.3
2022-09-17 18:00:00,1013.2,21.3,0.0,45.0,22.3,150.0,35.0
2022-09-17 19:00:00,1013.2,21.3,0.0,45.0,22.3,150.0,35.0
2022-09-17 20:00:00,1011.5,20.7,0.0,46.0,16.6,170.0,33.9
2022-09-17 21:00:00,1011.5,20.7,0.0,46.0,16.6,170.0,33.9
2022-09-17 22:00:00,1010.9,19.9,0.0,44.0,25.9,150.0,33.9
2022-09-17 23:00:00,1011.1,20.0,0.0,47.0,22.3,140.0,32.8
2022-09-18 00:00:00,1011.1,20.0,0.0,47.0,22.3,140.0,32.8
2022-09-18 01:00:00,1011.3,21.1,0.0,57.0,13.0,150.0,30.6
2022-09-18 02:00:00,1011.7,20.0,0.0,57.0,13.0,120.0,29.4
2022-09-18 03:00:00,1013.1,22.2,0.0,74.0,14.8,140.0,27.2
2022-09-18 04:00:00,1013.2,22.8,0.0,79.0,16.6,140.0,26.7
2022-09-18 05:00:00,1013.2,22.8,0.0,79.0,16.6,140.0,26.7
2022-09-18 06:00:00,1013.2,22.9,0.0,85.0,11.2,140.0,25.6
2022-09-18 07:00:00,1013.1,22.8,0.0,91.0,9.4,140.0,24.4
2022-09-18 08:00:00,1012.7,22.8,0.0,91.0,5.4,80.0,24.4
2022-09-18 09:00:00,1012.8,22.9,0.0,88.0,7.6,110.0,25.0
2022-09-18 10:00:00,1013.1,23.4,0.0,94.0,7.6,110.0,24.4
2022-09-18 11:00:00,1013.1,23.4,0.0,94.0,6.1,124.0,24.4
2022-09-18 12:00:00,1014.4,23.4,0.0,94.0,7.6,110.0,24.4
2022-09-18 13:00:00,1014.9,23.4,0.0,85.0,7.6,90.0,26.1
2022-09-18 14:00:00,1015.1,23.4,0.0,77.0,9.4,90.0,27.8
2022-09-18 15:00:00,1015.4,21.1,0.0,59.0,9.4,147.0,30.0
2022-09-18 16:00:00,1015.4,21.1,0.0,59.0,9.4,136.0,30.0
2022-09-18 17:00:00,1014.4,20.1,0.0,46.0,9.4,122.0,33.3
2022-09-18 18:00:00,1013.4,19.4,0.0,40.0,9.4,118.0,35.0
2022-09-18 19:00:00,1012.5,19.3,0.0,41.0,14.8,150.0,34.4
2022-09-18 20:00:00,1012.5,19.3,0.0,41.0,14.8,150.0,34.4
2022-09-18 21:00:00,1011.2,19.5,0.0,38.0,20.5,140.0,36.1
2022-09-18 22:00:00,1011.2,19.5,0.0,38.0,20.5,140.0,36.1
2022-09-18 23:00:00,1011.1,19.6,0.0,43.0,16.6,140.0,33.9
2022-09-19 00:00:00,1011.3,19.3,0.0,48.0,18.4,120.0,31.7
2022-09-19 01:00:00,1011.3,19.3,0.0,48.0,18.4,120.0,31.7
2022-09-19 02:00:00,1012.8,22.9,0.0,70.0,20.5,140.0,28.9
2022-09-19 03:00:00,1012.8,22.9,0.0,70.0,20.5,140.0,28.9
2022-09-19 04:00:00,1013.9,22.1,0.0,76.0,11.2,140.0,26.7
2022-09-19 05:00:00,1014.1,22.3,0.0,82.0,7.6,140.0,25.6
2022-09-19 06:00:00,1014.1,22.3,0.0,82.0,7.6,140.0,25.6
2022-09-19 07:00:00,1013.8,22.9,0.0,85.0,0.0,0.0,25.6
2022-09-19 08:00:00,1013.7,23.3,0.0,87.0,0.0,0.0,25.6
2022-09-19 09:00:00,1013.4,23.2,0.0,90.0,0.0,0.0,25.0
2022-09-19 10:00:00,1013.4,23.2,0.0,90.0,0.0,0.0,25.0
2022-09-19 11:00:00,1013.9,22.8,0.0,91.0,5.4,110.0,24.4
2022-09-19 12:00:00,1014.9,23.2,0.0,90.0,5.4,80.0,25.0
2022-09-19 13:00:00,1014.9,23.2,0.0,90.0,5.4,80.0,25.0
2022-09-19 14:00:00,1015.6,23.9,0.0,82.0,9.4,210.0,27.2
2022-09-19 15:00:00,1015.6,23.9,0.0,82.0,9.4,210.0,27.2
2022-09-19 16:00:00,1015.5,21.3,0.0,54.0,7.6,80.0,31.7
2022-09-19 17:00:00,1014.7,20.5,0.0,47.0,11.2,60.0,33.3
2022-09-19 18:00:00,1013.7,20.5,0.0,47.0,11.2,160.0,33.3
2022-09-19 19:00:00,1012.8,20.0,0.0,43.0,9.4,150.0,34.4
2022-09-19 20:00:00,1011.9,19.9,0.0,44.0,7.6,130.0,33.9
2022-09-19 21:00:00,1011.9,19.9,0.0,44.0,7.6,130.0,33.9
2022-09-19 22:00:00,1011.1,19.9,0.0,40.0,11.2,120.0,35.6
2022-09-19 23:00:00,1011.1,19.9,0.0,40.0,11.2,120.0,35.6
2022-09-20 00:00:00,1011.9,21.3,0.0,54.0,14.8,140.0,31.7
2022-09-20 01:00:00,1011.9,21.3,0.0,54.0,14.8,140.0,31.7
2022-09-20 02:00:00,1013.8,22.9,0.0,68.0,18.4,150.0,29.4
2022-09-20 03:00:00,1014.3,23.2,0.0,74.0,14.8,150.0,28.3
2022-09-20 04:00:00,1014.7,23.2,0.0,79.0,14.8,150.0,27.2
2022-09-20 05:00:00,1014.7,23.2,0.0,79.0,14.8,150.0,27.2
2022-09-20 06:00:00,1014.9,24.0,0.0,85.0,7.6,140.0,26.7
2022-09-20 07:00:00,1014.7,23.8,0.0,90.0,0.0,0.0,25.6
2022-09-20 08:00:00,1014.6,23.2,0.0,90.0,0.0,0.0,25.0
2022-09-20 09:00:00,1014.6,23.2,0.0,90.0,0.0,0.0,25.0
2022-09-20 10:00:00,1014.2,22.8,0.0,91.0,0.0,0.0,24.4
2022-09-20 11:00:00,1015.2,23.4,0.0,94.0,0.0,0.0,24.4
2022-09-20 12:00:00,1015.7,23.4,0.0,94.0,0.0,0.0,24.4
2022-09-20 13:00:00,1016.1,24.5,0.0,85.0,0.0,0.0,27.2
2022-09-20 14:00:00,1016.1,24.5,0.0,85.0,0.0,0.0,27.2
2022-09-20 15:00:00,1016.1,23.2,0.0,74.0,9.4,170.0,28.3
2022-09-20 16:00:00,1016.0,21.7,0.0,59.0,0.0,0.0,30.6
2022-09-20 17:00:00,1015.4,21.3,0.0,54.0,0.0,0.0,31.7
2022-09-20 18:00:00,1015.4,21.3,0.0,54.0,6.0,120.0,31.7
2022-09-20 19:00:00,1013.3,19.4,0.0,40.0,11.2,120.0,35.0
2022-09-20 20:00:00,1013.3,19.4,0.0,40.0,11.2,124.0,35.0
2022-09-20 21:00:00,1012.4,19.5,0.0,39.0,18.4,150.0,35.6
2022-09-20 22:00:00,1012.0,19.4,0.0,40.0,11.2,150.0,35.0
2022-09-20 23:00:00,1012.1,19.4,0.0,44.0,13.0,150.0,33.3
2022-09-21 00:00:00,1012.1,19.4,0.0,44.0,13.0,150.0,33.3
2022-09-21 01:00:00,1012.6,21.6,0.0,57.0,20.5,150.0,31.1
2022-09-21 02:00:00,1013.4,21.1,0.0,59.0,14.8,150.0,30.0
2022-09-21 03:00:00,1014.4,21.8,0.0,70.0,13.0,150.0,27.8
2022-09-21 04:00:00,1014.5,21.7,0.0,74.0,9.4,150.0,26.7
2022-09-21 05:00:00,1014.4,21.7,0.0,79.0,5.4,170.0,25.6
2022-09-21 06:00:00,1014.4,21.7,0.0,79.0,5.4,170.0,25.6
2022-09-21 07:00:00,1014.3,21.7,0.0,82.0,5.4,160.0,25.0
2022-09-21 08:00:00,1014.3,21.8,0.0,88.0,0.0,0.0,23.9
2022-09-21 09:00:00,1014.5,21.8,0.0,88.0,0.0,0.0,23.9
2022-09-21 10:00:00,1014.3,21.2,0.0,94.0,0.0,0.0,22.2
2022-09-21 11:00:00,1014.8,21.2,0.0,94.0,0.0,0.0,22.2
2022-09-21 12:00:00,1015.4,21.8,0.0,94.0,0.0,0.0,22.8
2022-09-21 13:00:00,1015.7,22.8,0.0,82.0,0.0,0.0,26.1
2022-09-21 14:00:00,1015.8,22.3,0.0,72.0,0.0,0.0,27.8
2022-09-21 15:00:00,1015.8,22.3,0.0,72.0,0.0,0.0,27.8
2022-09-21 16:00:00,1015.9,21.7,0.0,61.0,0.0,0.0,30.0
2022-09-21 17:00:00,1014.9,17.9,0.0,40.0,11.2,100.0,33.3
2022-09-21 18:00:00,1013.8,17.6,0.0,37.0,11.2,90.0,34.4
2022-09-21 19:00:00,1013.0,16.3,0.0,34.0,7.6,320.0,34.4
2022-09-21 20:00:00,1013.0,16.3,0.0,34.0,7.6,320.0,34.4
2022-09-21 21:00:00,1011.6,16.3,0.0,33.0,9.4,110.0,35.0
2022-09-21 22:00:00,1011.6,16.3,0.0,33.0,9.4,110.0,35.0
2022-09-21 23:00:00,1011.9,16.6,0.0,38.0,14.8,170.0,32.8
2022-09-22 00:00:00,1011.9,16.6,0.0,38.0,14.8,170.0,32.8
2022-09-22 01:00:00,1012.3,16.6,0.0,43.0,9.4,160.0,30.6
2022-09-22 02:00:00,1013.6,17.9,0.0,55.0,5.4,130.0,27.8
2022-09-22 03:00:00,1014.1,17.8,0.0,62.0,5.4,120.0,25.6
2022-09-22 04:00:00,1014.4,18.9,0.0,69.0,5.4,160.0,25.0
2022-09-22 05:00:00,1014.4,18.9,0.0,69.0,5.4,160.0,25.0
2022-09-22 06:00:00,1014.5,20.0,0.0,79.0,0.0,0.0,23.9
2022-09-22 07:00:00,1014.5,20.5,0.0,87.0,0.0,0.0,22.8
2022-09-22 08:00:00,1014.3,20.0,0.0,90.0,0.0,0.0,21.7
2022-09-22 09:00:00,1014.3,19.9,0.0,87.0,0.0,0.0,22.2
2022-09-22 10:00:00,1014.3,19.9,0.0,87.0,0.0,0.0,22.2
2022-09-22 11:00:00,1015.0,19.4,0.0,93.0,0.0,0.0,20.6
2022-09-22 12:00:00,1015.6,20.7,0.0,94.0,5.4,280.0,21.7
2022-09-22 13:00:00,1015.9,21.8,0.0,77.0,0.0,0.0,26.1
2022-09-22 14:00:00,1015.9,21.0,0.0,69.0,5.4,310.0,27.2
2022-09-22 15:00:00,1015.9,21.0,0.0,69.0,5.4,310.0,27.2
2022-09-22 16:00:00,1015.7,19.5,0.0,47.0,5.4,360.0,32.2
2022-09-22 17:00:00,1015.7,19.5,0.0,47.0,5.4,360.0,32.2
2022-09-22 18:00:00,1013.8,14.8,0.0,30.0,14.8,120.0,35.0
2022-09-22 19:00:00,1012.6,14.2,0.0,27.0,5.4,120.0,36.1
2022-09-22 20:00:00,1012.6,14.2,0.0,27.0,5.4,150.0,36.1
2022-09-22 21:00:00,1011.5,12.6,0.0,26.0,18.4,130.0,35.0
2022-09-22 22:00:00,1011.5,12.6,0.0,26.0,18.4,130.0,35.0
2022-09-22 23:00:00,1011.3,13.3,0.0,28.0,14.8,140.0,34.4
2022-09-23 00:00:00,1011.3,13.3,0.0,28.0,14.8,140.0,34.4
2022-09-23 01:00:00,1011.7,13.9,0.0,34.0,9.4,180.0,31.7
2022-09-23 02:00:00,1013.0,15.8,0.0,45.0,5.4,170.0,28.9
2022-09-23 03:00:00,1013.6,16.8,0.0,53.0,0.0,0.0,27.2
2022-09-23 04:00:00,1013.8,17.7,0.0,60.0,7.6,160.0,26.1
2022-09-23 05:00:00,1013.8,17.7,0.0,60.0,7.6,160.0,26.1
2022-09-23 06:00:00,1014.1,18.9,0.0,69.0,7.6,20.0,25.0
2022-09-23 07:00:00,1013.8,18.9,0.0,69.0,0.0,0.0,25.0
2022-09-23 08:00:00,1013.8,19.0,0.0,74.0,0.0,0.0,23.9
2022-09-23 09:00:00,1013.8,19.0,0.0,74.0,0.0,0.0,23.9
2022-09-23 10:00:00,1014.1,19.0,0.0,82.0,0.0,0.0,22.2
2022-09-23 11:00:00,1014.3,19.0,0.0,74.0,7.6,330.0,23.9
2022-09-23 12:00:00,1014.9,18.8,0.0,76.0,0.0,0.0,23.3
2022-09-23 13:00:00,1015.4,18.2,0.0,58.0,0.0,0.0,27.2
2022-09-23 14:00:00,1015.7,17.1,0.0,46.0,11.2,260.0,30.0
2022-09-23 15:00:00,1015.7,17.1,0.0,46.0,11.2,260.0,30.0
2022-09-23 16:00:00,1015.3,17.0,0.0,39.0,0.0,0.0,32.8
2022-09-23 17:00:00,1014.6,17.2,0.0,37.0,16.6,140.0,33.9
2022-09-23 18:00:00,1013.8,17.2,0.0,37.0,14.8,110.0,33.9
2022-09-23 19:00:00,1013.8,17.2,0.0,37.0,14.8,110.0,33.9
2022-09-23 20:00:00,1012.2,16.8,0.0,32.0,18.4,160.0,36.1
2022-09-23 21:00:00,1011.5,16.3,0.0,34.0,9.4,110.0,34.4
2022-09-23 22:00:00,1011.5,16.3,0.0,34.0,9.4,110.0,34.4
2022-09-23 23:00:00,1011.7,16.6,0.0,37.0,11.2,150.0,33.3
2022-09-24 00:00:00,1011.7,16.6,0.0,37.0,11.2,150.0,33.3
2022-09-24 01:00:00,1012.7,18.8,0.0,51.0,13.0,140.0,30.0
2022-09-24 02:00:00,1012.7,18.8,0.0,51.0,13.0,140.0,30.0
2022-09-24 03:00:00,1014.0,19.0,0.0,61.0,11.2,150.0,27.2
2022-09-24 04:00:00,1014.2,19.5,0.0,67.0,11.2,150.0,26.1
2022-09-24 05:00:00,1014.2,19.5,0.0,67.0,11.2,150.0,26.1
2022-09-24 06:00:00,1014.4,19.5,0.0,79.0,0.0,0.0,23.3
2022-09-24 07:00:00,1014.6,19.4,0.0,76.0,0.0,0.0,23.9
2022-09-24 08:00:00,1014.5,20.1,0.0,82.0,0.0,0.0,23.3
2022-09-24 09:00:00,1014.5,20.1,0.0,82.0,0.0,0.0,23.3
2022-09-24 10:00:00,1014.6,19.4,0.0,90.0,0.0,0.0,21.1
2022-09-24 11:00:00,1014.8,19.4,0.0,87.0,0.0,0.0,21.7
2022-09-24 12:00:00,1015.3,20.0,0.0,84.0,0.0,0.0,22.8
2022-09-24 13:00:00,1015.3,20.0,0.0,84.0,0.0,0.0,22.8
2022-09-24 14:00:00,1015.5,21.0,0.0,71.0,5.4,70.0,26.7
2022-09-24 15:00:00,1015.9,22.3,0.0,72.0,0.0,0.0,27.8
2022-09-24 16:00:00,1015.5,20.6,0.0,52.0,20.5,130.0,31.7
2022-09-24 17:00:00,1014.9,20.7,0.0,54.0,9.4,130.0,31.1
2022-09-24 18:00:00,1014.0,20.5,0.0,50.0,14.8,110.0,32.2
2022-09-24 19:00:00,1014.0,20.5,0.0,50.0,14.8,110.0,32.2
2022-09-24 20:00:00,1013.0,20.5,0.0,50.0,14.8,140.0,32.2
2022-09-24 21:00:00,1011.9,20.7,0.0,46.0,14.8,140.0,33.9
2022-09-24 22:00:00,1011.5,19.3,0.0,45.0,9.4,140.0,32.8
2022-09-24 23:00:00,1011.0,19.3,0.0,41.0,16.6,140.0,34.4
2022-09-25 00:00:00,1011.2,19.3,0.0,45.0,16.6,150.0,32.8
2022-09-25 01:00:00,1011.5,21.1,0.0,57.0,14.8,160.0,30.6
2022-09-25 02:00:00,1012.2,21.2,0.0,63.0,14.8,150.0,28.9
2022-09-25 03:00:00,1013.0,21.7,0.0,72.0,11.2,140.0,27.2
2022-09-25 04:00:00,1013.0,21.7,0.0,72.0,11.2,140.0,27.2
2022-09-25 05:00:00,1013.2,21.8,0.0,77.0,5.4,110.0,26.1
2022-09-25 06:00:00,1013.0,21.7,0.0,85.0,7.6,140.0,24.4
2022-09-25 07:00:00,1013.0,22.3,0.0,88.0,0.0,0.0,24.4
2022-09-25 08:00:00,1013.0,22.3,0.0,88.0,0.0,0.0,24.4
2022-09-25 09:00:00,1012.8,22.3,0.0,88.0,5.4,350.0,24.4
2022-09-25 10:00:00,1012.8,22.2,0.0,90.0,0.0,0.0,23.9
2022-09-25 11:00:00,1013.2,21.7,0.0,91.0,0.0,0.0,23.3
2022-09-25 12:00:00,1013.6,21.7,0.0,91.0,0.0,0.0,23.3
2022-09-25 13:00:00,1013.6,21.7,0.0,91.0,0.0,0.0,23.3
2022-09-25 14:00:00,1013.9,22.8,0.0,79.0,0.0,0.0,26.7
2022-09-25 15:00:00,1014.4,20.6,0.0,57.0,5.4,170.0,30.0
2022-09-25 16:00:00,1014.1,20.7,0.0,54.0,5.4,115.0,31.1
2022-09-25 17:00:00,1013.5,19.3,0.0,48.0,5.4,330.0,31.7
2022-09-25 18:00:00,1012.5,18.4,0.0,40.0,14.8,100.0,33.9
2022-09-25 19:00:00,1012.5,18.4,0.0,40.0,14.8,100.0,33.9
2022-09-25 20:00:00,1011.0,17.3,0.0,35.0,0.0,0.0,35.0
2022-09-25 21:00:00,1010.3,16.9,0.0,33.0,7.6,0.0,35.6
2022-09-25 22:00:00,1010.3,16.9,0.0,33.0,7.6,121.0,35.6
2022-09-25 23:00:00,1010.0,16.8,0.0,34.0,7.6,140.0,35.0
2022-09-26 00:00:00,1011.3,21.1,0.0,59.0,11.2,140.0,30.0
2022-09-26 01:00:00,1012.2,20.1,0.0,59.0,5.4,160.0,28.9
2022-09-26 02:00:00,1013.3,20.1,0.0,63.0,9.4,140.0,27.8
2022-09-26 03:00:00,1013.8,21.0,0.0,69.0,7.6,160.0,27.2
2022-09-26 04:00:00,1013.8,21.0,0.0,69.0,7.6,160.0,27.2
2022-09-26 05:00:00,1014.0,21.1,0.0,79.0,0.0,0.0,25.0
2022-09-26 06:00:00,1013.8,21.1,0.0,79.0,0.0,0.0,25.0
2022-09-26 07:00:00,1013.7,21.1,0.0,82.0,0.0,0.0,24.4
2022-09-26 08:00:00,1013.4,20.6,0.0,85.0,0.0,0.0,23.3
2022-09-26 09:00:00,1013.4,20.6,0.0,85.0,0.0,0.0,23.3
2022-09-26 10:00:00,1014.3,20.5,0.0,87.0,5.4,310.0,22.8
2022-09-26 11:00:00,1014.8,21.1,0.0,82.0,0.0,0.0,24.4
2022-09-26 12:00:00,1015.3,19.4,0.0,71.0,9.4,350.0,25.0
2022-09-26 13:00:00,1015.3,19.4,0.0,71.0,9.4,350.0,25.0
2022-09-26 14:00:00,1016.5,15.1,0.0,43.0,18.4,30.0,28.9
2022-09-26 15:00:00,1016.8,13.0,0.0,34.0,20.5,50.0,30.6
2022-09-26 16:00:00,1016.5,12.4,0.0,30.0,18.4,20.0,32.2
2022-09-26 17:00:00,1015.8,11.8,0.0,27.0,22.3,30.0,33.3
2022-09-26 18:00:00,1014.9,10.9,0.0,24.0,14.8,20.0,34.4
2022-09-26 19:00:00,1014.9,10.9,0.0,24.0,14.8,20.0,34.4
2022-09-26 20:00:00,1013.2,11.3,0.0,23.0,20.5,10.0,35.6
2022-09-26 21:00:00,1012.9,11.9,0.0,24.0,22.3,360.0,35.6
2022-09-26 22:00:00,1012.9,11.9,0.0,24.0,22.3,360.0,35.6
2022-09-26 23:00:00,1013.0,10.8,0.0,23.0,16.6,40.0,35.0
2022-09-27 00:00:00,1014.1,7.4,0.0,22.0,14.8,60.0,31.7
2022-09-27 01:00:00,1014.1,7.4,0.0,22.0,14.8,60.0,31.7
2022-09-27 02:00:00,1015.8,7.5,0.0,26.0,13.0,70.0,28.9
2022-09-27 03:00:00,1015.8,7.5,0.0,26.0,13.0,70.0,28.9
2022-09-27 04:00:00,1016.5,7.1,0.0,27.0,18.4,50.0,27.8
2022-09-27 05:00:00,1017.1,7.2,0.0,32.0,14.8,60.0,25.0
2022-09-27 06:00:00,1017.0,6.6,0.0,33.0,13.0,30.0,23.9
2022-09-27 07:00:00,1016.9,6.1,0.0,33.0,11.2,30.0,23.3
2022-09-27 08:00:00,1016.8,6.1,0.0,34.0,13.0,40.0,22.8
2022-09-27 09:00:00,1016.8,6.1,0.0,34.0,13.0,40.0,22.8
2022-09-27 10:00:00,1017.4,6.0,0.0,40.0,0.0,0.0,20.0
2022-09-27 11:00:00,1018.1,6.6,0.0,48.0,5.4,0.0,17.8
2022-09-27 12:00:00,1018.6,6.8,0.0,47.0,0.0,0.0,18.3
2022-09-27 13:00:00,1018.6,6.8,0.0,47.0,0.0,0.0,18.3
2022-09-27 14:00:00,1019.5,5.6,0.0,26.0,11.2,50.0,26.7
2022-09-27 15:00:00,1019.8,4.6,0.0,22.0,18.4,70.0,28.3
2022-09-27 16:00:00,1019.6,3.6,0.0,18.0,16.6,70.0,30.6
2022-09-27 17:00:00,1019.0,3.2,0.0,17.0,20.5,80.0,31.1
2022-09-27 18:00:00,1018.2,3.2,0.0,16.0,11.2,80.0,32.2
2022-09-27 19:00:00,1018.2,3.2,0.0,16.0,11.2,90.0,32.2
2022-09-27 20:00:00,1016.6,1.2,0.0,13.0,18.4,90.0,33.3
2022-09-27 21:00:00,1016.6,1.2,0.0,13.0,18.4,90.0,33.3
2022-09-27 22:00:00,1016.3,1.8,0.0,14.0,5.4,70.0,32.8
2022-09-27 23:00:00,1016.4,1.8,0.0,14.0,14.8,70.0,32.8
2022-09-28 00:00:00,1016.8,2.3,0.0,16.0,13.0,80.0,31.1
2022-09-28 01:00:00,1018.0,3.6,0.0,22.0,9.4,140.0,27.2
2022-09-28 02:00:00,1018.7,5.7,0.0,33.0,0.0,0.0,22.8
2022-09-28 03:00:00,1019.2,5.7,0.0,33.0,0.0,0.0,22.8
2022-09-28 04:00:00,1019.2,6.7,0.0,42.0,0.0,0.0,20.0
2022-09-28 05:00:00,1019.6,7.8,0.0,47.0,0.0,0.0,19.4
2022-09-28 06:00:00,1019.6,7.8,0.0,47.0,0.0,0.0,19.4
2022-09-28 07:00:00,1019.9,8.3,0.0,56.0,0.0,0.0,17.2
2022-09-28 08:00:00,1019.9,8.3,0.0,56.0,0.0,0.0,17.2
2022-09-28 09:00:00,1020.0,8.9,0.0,60.0,0.0,0.0,16.7
2022-09-28 10:00:00,1020.5,8.3,0.0,60.0,0.0,0.0,16.1
2022-09-28 11:00:00,1021.2,9.0,0.0,70.0,0.0,0.0,14.4
2022-09-28 12:00:00,1021.9,9.5,0.0,67.0,0.0,0.0,15.6
2022-09-28 13:00:00,1021.9,9.5,0.0,67.0,0.0,0.0,15.6
2022-09-28 14:00:00,1023.1,7.9,0.0,35.0,7.6,50.0,24.4
2022-09-28 15:00:00,1023.5,10.4,0.0,35.0,14.8,90.0,27.2
2022-09-28 16:00:00,1023.3,6.7,0.0,24.0,13.0,100.0,29.4
2022-09-28 17:00:00,1022.6,4.8,0.0,19.0,13.0,100.0,31.1
2022-09-28 18:00:00,1022.6,4.8,0.0,19.0,13.0,100.0,31.1
2022-09-28 19:00:00,1021.1,6.4,0.0,20.0,13.0,110.0,32.2
2022-09-28 20:00:00,1020.4,5.4,0.0,18.0,18.4,130.0,32.8
2022-09-28 21:00:00,1020.4,5.4,0.0,18.0,18.4,130.0,32.8
2022-09-28 22:00:00,1020.3,6.4,0.0,20.0,18.4,170.0,32.2
2022-09-28 23:00:00,1020.3,6.6,0.0,23.0,13.0,150.0,30.0
2022-09-29 00:00:00,1020.3,6.6,0.0,23.0,13.0,150.0,30.0
2022-09-29 01:00:00,1020.6,7.2,0.0,29.0,7.6,160.0,26.7
2022-09-29 02:00:00,1021.3,7.7,0.0,38.0,7.6,170.0,22.8
2022-09-29 03:00:00,1021.3,7.7,0.0,38.0,7.6,170.0,22.8
2022-09-29 04:00:00,1021.7,9.0,0.0,49.0,0.0,0.0,20.0
2022-09-29 05:00:00,1021.6,9.6,0.0,51.0,0.0,0.0,20.0
2022-09-29 06:00:00,1021.5,9.9,0.0,56.0,0.0,0.0,18.9
2022-09-29 07:00:00,1021.5,10.6,0.0,61.0,0.0,0.0,18.3
2022-09-29 08:00:00,1021.5,10.6,0.0,61.0,0.0,0.0,18.3
2022-09-29 09:00:00,1021.2,11.0,0.0,67.0,0.0,0.0,17.2
2022-09-29 10:00:00,1021.2,11.1,0.0,72.0,0.0,0.0,16.1
2022-09-29 11:00:00,1021.2,11.1,0.0,72.0,0.0,0.0,16.1
2022-09-29 12:00:00,1022.1,11.6,0.0,72.0,0.0,0.0,16.7
2022-09-29 13:00:00,1022.1,11.6,0.0,72.0,0.0,0.0,16.7
2022-09-29 14:00:00,1022.2,12.2,0.0,42.0,11.2,270.0,26.1
2022-09-29 15:00:00,1022.1,10.9,0.0,34.0,7.6,240.0,28.3
2022-09-29 16:00:00,1021.6,10.0,0.0,30.0,7.6,270.0,29.4
2022-09-29 17:00:00,1021.6,10.0,0.0,30.0,7.6,270.0,29.4
2022-09-29 18:00:00,1020.6,8.7,0.0,24.0,0.0,0.0,31.7
2022-09-29 19:00:00,1018.0,9.1,0.0,24.0,9.4,120.0,32.2
2022-09-29 20:00:00,1016.8,8.0,0.0,21.0,9.4,331.0,33.3
2022-09-29 21:00:00,1016.8,8.0,0.0,21.0,7.0,345.0,33.3
2022-09-29 22:00:00,1016.4,8.0,0.0,21.0,7.6,2.0,33.3
2022-09-29 23:00:00,1015.9,8.8,0.0,25.0,9.4,160.0,31.1
2022-09-30 00:00:00,1015.9,8.8,0.0,25.0,9.4,160.0,31.1
2022-09-30 01:00:00,1016.1,10.0,0.0,35.0,7.6,180.0,26.7
2022-09-30 02:00:00,1016.2,9.8,0.0,37.0,9.4,220.0,25.6
2022-09-30 03:00:00,1016.2,9.8,0.0,37.0,9.4,220.0,25.6
2022-09-30 04:00:00,1016.4,11.2,0.0,55.0,7.6,140.0,20.6
2022-09-30 05:00:00,1016.1,11.2,0.0,55.0,0.0,0.0,20.6
2022-09-30 06:00:00,1015.8,11.1,0.0,63.0,0.0,0.0,18.3
2022-09-30 07:00:00,1015.8,11.1,0.0,63.0,0.0,0.0,18.3
2022-09-30 08:00:00,1015.6,11.8,0.0,68.0,5.4,120.0,17.8
2022-09-30 09:00:00,1015.9,11.6,0.0,65.0,0.0,0.0,18.3
2022-09-30 10:00:00,1016.3,11.8,0.0,68.0,5.4,60.0,17.8
2022-09-30 11:00:00,1016.6,11.8,0.0,68.0,7.6,60.0,17.8
2022-09-30 12:00:00,1016.6,11.8,0.0,68.0,7.6,60.0,17.8
2022-09-30 13:00:00,1017.1,11.7,0.0,59.0,13.0,90.0,20.0
2022-09-30 14:00:00,1017.0,10.7,0.0,48.0,9.4,90.0,22.2
2022-09-30 15:00:00,1016.9,11.7,0.0,45.0,9.4,80.0,24.4
2022-09-30 16:00:00,1016.3,11.6,0.0,39.0,5.4,80.0,26.7
2022-09-30 17:00:00,1016.3,11.6,0.0,39.0,5.4,89.0,26.7
2022-09-30 18:00:00,1014.4,11.1,0.0,30.0,0.0,0.0,30.6
2022-09-30 19:00:00,1012.9,11.4,0.0,28.0,5.4,0.0,32.2
2022-09-30 20:00:00,1012.0,11.4,0.0,27.0,13.0,70.0,32.8
2022-09-30 21:00:00,1012.0,11.4,0.0,27.0,13.0,70.0,32.8
2022-09-30 22:00:00,1011.5,10.8,0.0,26.0,13.0,110.0,32.8
2022-09-30 23:00:00,1011.0,9.7,0.0,25.0,16.6,90.0,32.2
2022-10-01 00:00:00,1011.1,9.5,0.0,27.0,13.0,90.0,30.6
2022-10-01 01:00:00,1011.4,9.6,0.0,30.0,11.2,80.0,28.9
2022-10-01 02:00:00,1012.6,9.8,0.0,37.0,9.4,110.0,25.6
2022-10-01 03:00:00,1012.6,9.8,0.0,37.0,9.4,110.0,25.6
2022-10-01 04:00:00,1013.1,10.0,0.0,43.0,9.4,80.0,23.3
2022-10-01 05:00:00,1013.5,10.5,0.0,49.0,7.6,90.0,21.7
2022-10-01 06:00:00,1013.5,12.3,0.0,59.0,0.0,0.0,20.6
2022-10-01 07:00:00,1013.5,12.3,0.0,59.0,0.0,0.0,20.6
2022-10-01 08:00:00,1013.6,13.4,0.0,73.0,0.0,0.0,18.3
2022-10-01 09:00:00,1013.9,13.3,0.0,78.0,0.0,0.0,17.2
2022-10-01 10:00:00,1014.5,13.3,0.0,78.0,0.0,0.0,17.2
2022-10-01 11:00:00,1015.1,12.8,0.0,78.0,0.0,0.0,16.7
2022-10-01 12:00:00,1015.1,12.8,0.0,78.0,0.0,0.0,16.7
2022-10-01 13:00:00,1016.4,13.3,0.0,63.0,7.6,50.0,20.6
2022-10-01 14:00:00,1016.6,13.8,0.0,57.0,5.4,50.0,22.8
2022-10-01 15:00:00,1016.6,12.9,0.0,47.0,11.2,130.0,25.0
2022-10-01 16:00:00,1016.2,10.5,0.0,34.0,7.6,130.0,27.8
2022-10-01 17:00:00,1016.2,10.5,0.0,34.0,7.6,20.0,27.8
2022-10-01 18:00:00,1014.6,11.0,0.0,32.0,5.4,20.0,29.4
2022-10-01 19:00:00,1013.7,9.5,0.0,27.0,11.2,90.0,30.6
2022-10-01 20:00:00,1013.1,9.3,0.0,25.0,13.0,150.0,31.7
2022-10-01 21:00:00,1012.9,7.8,0.0,22.0,16.6,110.0,32.2
2022-10-01 22:00:00,1012.9,7.8,0.0,22.0,16.6,110.0,32.2
2022-10-01 23:00:00,1013.1,6.7,0.0,21.0,16.6,90.0,31.7
2022-10-02 00:00:00,1014.0,7.7,0.0,31.0,9.4,120.0,26.1
2022-10-02 01:00:00,1014.0,7.7,0.0,31.0,9.4,120.0,26.1
2022-10-02 02:00:00,1014.7,7.9,0.0,36.0,5.4,120.0,23.9
2022-10-02 03:00:00,1015.4,8.5,0.0,40.0,0.0,0.0,22.8
2022-10-02 04:00:00,1016.2,9.0,0.0,51.0,7.6,110.0,19.4
2022-10-02 05:00:00,1016.8,8.3,0.0,56.0,0.0,0.0,17.2
2022-10-02 06:00:00,1016.9,8.9,0.0,58.0,0.0,0.0,17.2
2022-10-02 07:00:00,1016.9,8.9,0.0,58.0,0.0,0.0,17.2
2022-10-02 08:00:00,1016.9,10.1,0.0,65.0,0.0,0.0,16.7
2022-10-02 09:00:00,1016.9,10.1,0.0,65.0,0.0,0.0,16.7
2022-10-02 10:00:00,1017.5,10.6,0.0,70.0,0.0,0.0,16.1
2022-10-02 11:00:00,1018.4,11.2,0.0,75.0,0.0,0.0,15.6
2022-10-02 12:00:00,1018.4,11.2,0.0,75.0,0.0,0.0,15.6
2022-10-02 13:00:00,1019.9,11.2,0.0,61.0,0.0,0.0,18.9
2022-10-02 14:00:00,1020.2,13.3,0.0,57.0,0.0,0.0,22.2
2022-10-02 15:00:00,1020.3,13.8,0.0,48.0,7.6,360.0,25.6
2022-10-02 16:00:00,1020.1,11.2,0.0,37.0,5.4,360.0,27.2
2022-10-02 17:00:00,1020.1,11.2,0.0,37.0,5.4,103.0,27.2
2022-10-02 18:00:00,1018.5,9.6,0.0,30.0,11.2,60.0,28.9
2022-10-02 19:00:00,1017.7,9.0,0.0,28.0,7.6,60.0,29.4
2022-10-02 20:00:00,1017.7,9.0,0.0,28.0,7.6,130.0,29.4
2022-10-02 21:00:00,1017.1,9.5,0.0,29.0,11.2,130.0,29.4
2022-10-02 22:00:00,1017.4,9.1,0.0,29.0,9.4,140.0,28.9
2022-10-02 23:00:00,1017.4,9.1,0.0,29.0,9.4,140.0,28.9
2022-10-03 00:00:00,1017.6,9.1,0.0,31.0,5.4,200.0,27.8
2022-10-03 01:00:00,1018.3,10.7,0.0,42.0,0.0,0.0,24.4
2022-10-03 02:00:00,1018.3,10.7,0.0,42.0,0.0,0.0,24.4
2022-10-03 03:00:00,1019.0,11.2,0.0,57.0,0.0,0.0,20.0
2022-10-03 04:00:00,1019.4,11.2,0.0,57.0,0.0,0.0,20.0
2022-10-03 05:00:00,1019.0,11.2,0.0,59.0,0.0,0.0,19.4
2022-10-03 06:00:00,1018.4,11.2,0.0,59.0,0.0,0.0,19.4
2022-10-03 07:00:00,1018.4,11.2,0.0,59.0,0.0,0.0,19.4
2022-10-03 08:00:00,1018.1,12.3,0.0,68.0,0.0,0.0,18.3
2022-10-03 09:00:00,1018.0,12.3,0.0,70.0,0.0,0.0,17.8
2022-10-03 10:00:00,1018.7,11.1,0.0,63.0,0.0,0.0,18.3
2022-10-03 11:00:00,1019.1,8.8,0.0,52.0,7.6,20.0,18.9
2022-10-03 12:00:00,1019.1,8.8,0.0,52.0,7.6,20.0,18.9
2022-10-03 13:00:00,1020.0,7.7,0.0,42.0,0.0,0.0,21.1
2022-10-03 14:00:00,1020.6,7.1,0.0,34.0,7.6,60.0,23.9
2022-10-03 15:00:00,1020.5,7.7,0.0,30.0,7.6,100.0,26.7
2022-10-03 16:00:00,1020.0,7.6,0.0,28.0,5.4,190.0,27.8
2022-10-03 17:00:00,1020.0,7.6,0.0,28.0,5.4,190.0,27.8
2022-10-03 18:00:00,1018.2,6.6,0.0,23.0,5.4,60.0,30.0
2022-10-03 19:00:00,1017.2,6.5,0.0,22.0,7.6,60.0,30.6
2022-10-03 20:00:00,1016.5,5.8,0.0,21.0,5.4,92.0,30.6
2022-10-03 21:00:00,1016.5,5.8,0.0,21.0,5.4,70.0,30.6
2022-10-03 22:00:00,1016.4,6.7,0.0,24.0,11.2,160.0,29.4
2022-10-03 23:00:00,1016.3,6.5,0.0,26.0,13.0,150.0,27.8
2022-10-04 00:00:00,1016.3,6.5,0.0,26.0,13.0,150.0,27.8
2022-10-04 01:00:00,1017.2,7.9,0.0,36.0,0.0,0.0,23.9
2022-10-04 02:00:00,1017.2,7.9,0.0,36.0,0.0,0.0,23.9
2022-10-04 03:00:00,1017.5,9.0,0.0,46.0,0.0,0.0,21.1
2022-10-04 04:00:00,1017.3,9.0,0.0,43.0,0.0,0.0,22.2
2022-10-04 05:00:00,1017.2,10.0,0.0,49.0,0.0,0.0,21.1
2022-10-04 06:00:00,1017.2,10.0,0.0,49.0,0.0,0.0,21.1
2022-10-04 07:00:00,1016.7,10.7,0.0,59.0,5.4,130.0,18.9
2022-10-04 08:00:00,1016.5,10.7,0.0,57.0,0.0,0.0,19.4
2022-10-04 09:00:00,1016.5,10.6,0.0,61.0,0.0,0.0,18.3
2022-10-04 10:00:00,1016.3,11.2,0.0,61.0,0.0,0.0,18.9
2022-10-04 11:00:00,1016.3,11.2,0.0,61.0,0.0,0.0,18.9
2022-10-04 12:00:00,1017.4,11.2,0.0,59.0,0.0,0.0,19.4
2022-10-04 13:00:00,1017.7,11.7,0.0,55.0,0.0,0.0,21.1
2022-10-04 14:00:00,1018.2,10.0,0.0,43.0,5.4,60.0,23.3
2022-10-04 15:00:00,1018.2,10.0,0.0,35.0,7.6,40.0,26.7
2022-10-04 16:00:00,1018.0,10.1,0.0,33.0,0.0,0.0,27.8
2022-10-04 17:00:00,1018.0,10.1,0.0,33.0,0.0,0.0,27.8
2022-10-04 18:00:00,1016.4,10.1,0.0,31.0,11.2,60.0,28.9
2022-10-04 19:00:00,1015.4,10.0,0.0,30.0,9.4,109.0,29.4
2022-10-04 20:00:00,1014.6,8.4,0.0,26.0,9.4,100.0,30.0
2022-10-04 21:00:00,1014.6,8.4,0.0,26.0,9.4,100.0,30.0
2022-10-04 22:00:00,1014.1,8.3,0.0,25.0,11.2,90.0,30.6
2022-10-04 23:00:00,1014.3,9.5,0.0,29.0,7.6,120.0,29.4
2022-10-05 00:00:00,1014.8,10.7,0.0,38.0,7.6,130.0,26.1
2022-10-05 01:00:00,1014.8,10.7,0.0,38.0,7.6,130.0,26.1
2022-10-05 02:00:00,1015.9,11.8,0.0,50.0,0.0,0.0,22.8
2022-10-05 03:00:00,1016.1,11.8,0.0,57.0,0.0,0.0,20.6
2022-10-05 04:00:00,1016.3,11.7,0.0,61.0,0.0,0.0,19.4
2022-10-05 05:00:00,1016.2,12.2,0.0,63.0,0.0,0.0,19.4
2022-10-05 06:00:00,1016.2,12.2,0.0,63.0,0.0,0.0,19.4
2022-10-05 07:00:00,1016.3,12.1,0.0,72.0,0.0,0.0,17.2
2022-10-05 08:00:00,1016.2,12.3,0.0,78.0,0.0,0.0,16.1
2022-10-05 09:00:00,1016.2,12.8,0.0,78.0,0.0,0.0,16.7
2022-10-05 10:00:00,1016.7,12.8,0.0,78.0,0.0,0.0,16.7
2022-10-05 11:00:00,1016.7,12.8,0.0,78.0,0.0,0.0,16.7
2022-10-05 12:00:00,1017.7,12.8,0.0,81.0,0.0,0.0,16.1
2022-10-05 13:00:00,1018.2,13.3,0.0,63.0,0.0,0.0,20.6
2022-10-05 14:00:00,1018.2,13.3,0.0,63.0,0.0,0.0,20.6
2022-10-05 15:00:00,1018.8,15.5,0.0,52.0,5.4,120.0,26.1
2022-10-05 16:00:00,1018.8,15.5,0.0,52.0,5.4,174.0,26.1
2022-10-05 17:00:00,1017.4,13.2,0.0,37.0,0.0,0.0,29.4
2022-10-05 18:00:00,1016.6,13.2,0.0,37.0,7.6,130.0,29.4
2022-10-05 19:00:00,1015.7,12.3,0.0,35.0,9.4,130.0,29.4
2022-10-05 20:00:00,1014.9,11.5,0.0,29.0,5.4,130.0,31.7
2022-10-05 21:00:00,1014.9,11.5,0.0,29.0,5.4,120.0,31.7
2022-10-05 22:00:00,1014.8,10.5,0.0,30.0,0.0,0.0,30.0
2022-10-05 23:00:00,1015.2,10.6,0.0,32.0,7.6,150.0,28.9
2022-10-06 00:00:00,1015.8,11.2,0.0,38.0,5.4,140.0,26.7
2022-10-06 01:00:00,1015.8,11.2,0.0,38.0,5.4,140.0,26.7
2022-10-06 02:00:00,1016.9,11.0,0.0,46.0,0.0,0.0,23.3
2022-10-06 03:00:00,1017.6,11.2,0.0,55.0,0.0,0.0,20.6
2022-10-06 04:00:00,1018.2,11.7,0.0,55.0,7.6,140.0,21.1
2022-10-06 05:00:00,1018.4,11.7,0.0,61.0,0.0,0.0,19.4
2022-10-06 06:00:00,1018.4,11.7,0.0,61.0,0.0,0.0,19.4
2022-10-06 07:00:00,1018.6,12.3,0.0,70.0,0.0,0.0,17.8
2022-10-06 08:00:00,1018.6,12.7,0.0,75.0,0.0,0.0,17.2
2022-10-06 09:00:00,1018.6,12.7,0.0,75.0,4.3,103.0,17.2
2022-10-06 10:00:00,1018.6,12.8,0.0,81.0,0.0,0.0,16.1
2022-10-06 11:00:00,1018.6,12.8,0.0,81.0,0.0,0.0,16.1
2022-10-06 12:00:00,1019.5,13.3,0.0,78.0,0.0,0.0,17.2
2022-10-06 13:00:00,1020.2,15.1,0.0,64.0,0.0,0.0,22.2
2022-10-06 14:00:00,1020.5,17.2,0.0,62.0,5.4,260.0,25.0
2022-10-06 15:00:00,1020.5,17.2,0.0,62.0,5.4,260.0,25.0
2022-10-06 16:00:00,1019.9,14.0,0.0,39.0,13.0,30.0,29.4
2022-10-06 17:00:00,1019.3,12.0,0.0,32.0,9.4,40.0,30.6
2022-10-06 18:00:00,1018.5,11.4,0.0,28.0,16.6,90.0,32.2
2022-10-06 19:00:00,1017.6,10.8,0.0,26.0,7.6,90.0,32.8
2022-10-06 20:00:00,1017.0,9.0,0.0,23.0,13.0,90.0,32.8
2022-10-06 21:00:00,1017.0,9.0,0.0,23.0,13.0,90.0,32.8
2022-10-06 22:00:00,1016.6,9.1,0.0,24.0,11.2,150.0,32.2
2022-10-06 23:00:00,1016.9,10.5,0.0,29.0,14.8,110.0,30.6
2022-10-07 00:00:00,1017.6,11.2,0.0,37.0,5.4,120.0,27.2
2022-10-07 01:00:00,1017.6,11.2,0.0,37.0,5.4,120.0,27.2
2022-10-07 02:00:00,1018.8,11.8,0.0,50.0,0.0,0.0,22.8
2022-10-07 03:00:00,1019.5,11.8,0.0,50.0,9.4,150.0,22.8
2022-10-07 04:00:00,1019.9,12.1,0.0,51.0,0.0,0.0,22.8
2022-10-07 05:00:00,1020.2,12.3,0.0,59.0,0.0,0.0,20.6
2022-10-07 06:00:00,1020.2,12.3,0.0,59.0,0.0,0.0,20.6
2022-10-07 07:00:00,1020.0,14.0,0.0,64.0,0.0,0.0,21.1
2022-10-07 08:00:00,1019.9,14.0,0.0,66.0,0.0,0.0,20.6
2022-10-07 09:00:00,1019.6,15.1,0.0,66.0,0.0,0.0,21.7
2022-10-07 10:00:00,1020.1,15.6,0.0,73.0,0.0,0.0,20.6
2022-10-07 11:00:00,1020.1,15.6,0.0,73.0,0.0,0.0,20.6
2022-10-07 12:00:00,1021.4,15.6,0.0,73.0,0.0,0.0,20.6
2022-10-07 13:00:00,1022.1,16.7,0.0,71.0,0.0,0.0,22.2
2022-10-07 14:00:00,1022.8,17.2,0.0,66.0,5.4,140.0,23.9
2022-10-07 15:00:00,1022.8,17.2,0.0,66.0,5.4,140.0,23.9
2022-10-07 16:00:00,1022.3,19.0,0.0,65.0,7.6,330.0,26.1
2022-10-07 17:00:00,1022.0,17.3,0.0,53.0,0.0,0.0,27.8
2022-10-07 18:00:00,1020.8,15.8,0.0,45.0,7.6,0.0,28.9
2022-10-07 19:00:00,1020.0,12.9,0.0,35.0,13.0,150.0,30.0
2022-10-07 20:00:00,1020.0,12.9,0.0,35.0,13.0,150.0,30.0
2022-10-07 21:00:00,1019.3,11.0,0.0,32.0,11.2,60.0,29.4
2022-10-07 22:00:00,1019.4,11.9,0.0,35.0,11.2,110.0,28.9
2022-10-07 23:00:00,1019.7,11.8,0.0,37.0,9.4,140.0,27.8
2022-10-08 00:00:00,1020.4,12.8,0.0,45.0,7.6,130.0,25.6
2022-10-08 01:00:00,1020.4,12.8,0.0,45.0,7.6,130.0,25.6
2022-10-08 02:00:00,1021.7,13.2,0.0,53.0,0.0,0.0,23.3
2022-10-08 03:00:00,1022.2,13.3,0.0,63.0,0.0,0.0,20.6
2022-10-08 04:00:00,1022.3,14.0,0.0,66.0,0.0,0.0,20.6
2022-10-08 05:00:00,1022.2,13.9,0.0,68.0,0.0,0.0,20.0
2022-10-08 06:00:00,1022.2,13.9,0.0,68.0,0.0,0.0,20.0
2022-10-08 07:00:00,1021.8,13.8,0.0,59.0,5.4,340.0,22.2
2022-10-08 08:00:00,1021.6,13.8,0.0,59.0,0.0,0.0,22.2
2022-10-08 09:00:00,1021.7,13.3,0.0,59.0,7.6,350.0,21.7
2022-10-08 10:00:00,1022.1,12.8,0.0,59.0,7.6,340.0,21.1
2022-10-08 11:00:00,1022.1,12.8,0.0,59.0,7.6,340.0,21.1
2022-10-08 12:00:00,1023.2,12.9,0.0,66.0,7.6,360.0,19.4
2022-10-08 13:00:00,1023.7,11.8,0.0,50.0,14.8,10.0,22.8
2022-10-08 14:00:00,1024.2,12.1,0.0,43.0,13.0,50.0,25.6
2022-10-08 15:00:00,1024.2,12.1,0.0,43.0,13.0,50.0,25.6
2022-10-08 16:00:00,1023.4,11.9,0.0,34.0,20.5,70.0,29.4
2022-10-08 17:00:00,1022.8,11.0,0.0,29.0,16.6,50.0,31.1
2022-10-08 18:00:00,1021.5,9.9,0.0,27.0,14.8,20.0,31.1
2022-10-08 19:00:00,1020.3,9.7,0.0,25.0,20.5,30.0,32.2
2022-10-08 20:00:00,1020.3,9.7,0.0,25.0,20.5,30.0,32.2
2022-10-08 21:00:00,1019.1,9.7,0.0,25.0,20.5,50.0,32.2
2022-10-08 22:00:00,1019.0,9.3,0.0,26.0,13.0,50.0,31.1
2022-10-08 23:00:00,1019.3,9.5,0.0,27.0,13.0,60.0,30.6
2022-10-09 00:00:00,1019.9,9.5,0.0,29.0,11.2,40.0,29.4
2022-10-09 01:00:00,1019.9,9.5,0.0,29.0,11.2,40.0,29.4
2022-10-09 02:00:00,1021.0,10.0,0.0,32.0,13.0,60.0,28.3
2022-10-09 03:00:00,1021.2,10.8,0.0,37.0,11.2,60.0,26.7
2022-10-09 04:00:00,1021.7,11.2,0.0,42.0,11.2,100.0,25.0
2022-10-09 05:00:00,1021.7,11.2,0.0,42.0,11.2,100.0,25.0
2022-10-09 06:00:00,1021.7,13.3,0.0,59.0,0.0,0.0,21.7
2022-10-09 07:00:00,1021.8,14.5,0.0,66.0,5.4,60.0,21.1
2022-10-09 08:00:00,1021.5,14.4,0.0,70.0,0.0,0.0,20.0
2022-10-09 09:00:00,1021.5,15.6,0.0,71.0,7.6,30.0,21.1
2022-10-09 10:00:00,1021.5,15.6,0.0,71.0,7.6,30.0,21.1
2022-10-09 11:00:00,1022.3,15.6,0.0,73.0,7.6,30.0,20.6
2022-10-09 12:00:00,1022.7,15.0,0.0,73.0,0.0,0.0,20.0
2022-10-09 13:00:00,1023.4,15.5,0.0,66.0,13.0,50.0,22.2
2022-10-09 14:00:00,1024.0,16.7,0.0,64.0,9.4,100.0,23.9
2022-10-09 15:00:00,1024.0,16.7,0.0,64.0,9.4,100.0,23.9
2022-10-09 16:00:00,1023.2,16.2,0.0,48.0,16.6,120.0,28.3
2022-10-09 17:00:00,1022.4,15.5,0.0,43.0,14.8,70.0,29.4
2022-10-09 18:00:00,1021.4,13.4,0.0,35.0,18.4,110.0,30.6
2022-10-09 19:00:00,1020.1,13.0,0.0,34.0,11.2,170.0,30.6
2022-10-09 20:00:00,1020.1,13.0,0.0,34.0,11.2,170.0,30.6
2022-10-09 21:00:00,1018.8,11.5,0.0,30.0,7.6,120.0,31.1
2022-10-09 22:00:00,1018.4,12.3,0.0,35.0,7.6,140.0,29.4
2022-10-09 23:00:00,1018.4,12.3,0.0,36.0,11.2,130.0,28.9
2022-10-10 00:00:00,1018.4,12.3,0.0,36.0,11.2,130.0,28.9
2022-10-10 01:00:00,1019.5,14.4,0.0,50.0,11.2,150.0,25.6
2022-10-10 02:00:00,1020.1,16.2,0.0,56.0,20.5,140.0,25.6
2022-10-10 03:00:00,1020.8,17.2,0.0,66.0,13.0,140.0,23.9
2022-10-10 04:00:00,1020.9,17.3,0.0,69.0,13.0,140.0,23.3
2022-10-10 05:00:00,1020.9,17.3,0.0,69.0,13.0,140.0,23.3
2022-10-10 06:00:00,1020.5,17.1,0.0,78.0,0.0,0.0,21.1
2022-10-10 07:00:00,1020.6,16.6,0.0,84.0,0.0,0.0,19.4
2022-10-10 08:00:00,1020.1,16.7,0.0,87.0,0.0,0.0,18.9
2022-10-10 09:00:00,1019.9,16.1,0.0,87.0,0.0,0.0,18.3
2022-10-10 10:00:00,1019.9,16.1,0.0,87.0,0.0,0.0,18.3
2022-10-10 11:00:00,1020.5,16.1,0.0,93.0,0.0,0.0,17.2
2022-10-10 12:00:00,1020.6,16.1,0.0,90.0,0.0,0.0,17.8
2022-10-10 13:00:00,1021.0,17.8,0.0,76.0,0.0,0.0,22.2
2022-10-10 14:00:00,1021.0,17.8,0.0,76.0,0.0,0.0,22.2
2022-10-10 15:00:00,1021.4,17.2,0.0,58.0,13.0,150.0,26.1
2022-10-10 16:00:00,1021.2,15.1,0.0,46.0,13.0,140.0,27.8
2022-10-10 17:00:00,1020.3,13.2,0.0,37.0,13.0,140.0,29.4
2022-10-10 18:00:00,1019.1,13.8,0.0,36.0,13.0,140.0,30.6
2022-10-10 19:00:00,1019.1,13.8,0.0,36.0,24.1,150.0,30.6
2022-10-10 20:00:00,1017.0,13.4,0.0,35.0,20.5,140.0,30.6
2022-10-10 21:00:00,1016.5,13.3,0.0,36.0,25.9,120.0,30.0
2022-10-10 22:00:00,1016.3,14.5,0.0,39.0,24.1,120.0,30.0
2022-10-10 23:00:00,1016.3,14.9,0.0,44.0,25.9,140.0,28.3
2022-10-11 00:00:00,1016.3,14.9,0.0,44.0,25.9,140.0,28.3
2022-10-11 01:00:00,1017.2,15.5,0.0,52.0,20.5,140.0,26.1
2022-10-11 02:00:00,1018.0,16.1,0.0,60.0,20.5,150.0,24.4
2022-10-11 03:00:00,1018.4,16.8,0.0,67.0,18.4,150.0,23.3
2022-10-11 04:00:00,1018.5,16.7,0.0,71.0,13.0,150.0,22.2
2022-10-11 05:00:00,1018.5,16.7,0.0,71.0,13.0,150.0,22.2
2022-10-11 06:00:00,1017.7,16.6,0.0,78.0,5.4,100.0,20.6
2022-10-11 07:00:00,1017.3,16.6,0.0,81.0,5.4,90.0,20.0
2022-10-11 08:00:00,1017.3,16.6,0.0,81.0,5.4,90.0,20.0
2022-10-11 09:00:00,1016.9,17.1,0.0,78.0,5.4,90.0,21.1
2022-10-11 10:00:00,1016.7,16.6,0.0,78.0,7.6,90.0,20.6
2022-10-11 11:00:00,1017.8,16.6,0.0,81.0,0.0,0.0,20.0
2022-10-11 12:00:00,1018.5,17.2,0.0,84.0,0.0,0.0,20.0
2022-10-11 13:00:00,1018.6,17.3,0.0,76.0,5.4,90.0,21.7
2022-10-11 14:00:00,1018.8,17.9,0.0,69.0,13.0,120.0,23.9
2022-10-11 15:00:00,1018.8,17.9,0.0,69.0,13.0,120.0,23.9
2022-10-11 16:00:00,1017.4,17.8,0.0,53.0,20.5,150.0,28.3
2022-10-11 17:00:00,1016.9,17.2,0.0,48.0,20.5,170.0,29.4
2022-10-11 18:00:00,1015.6,16.2,0.0,45.0,11.2,200.0,29.4
2022-10-11 19:00:00,1015.6,16.2,0.0,45.0,11.2,200.0,29.4
2022-10-11 20:00:00,1013.3,16.1,0.0,39.0,16.6,190.0,31.7
2022-10-11 21:00:00,1012.8,15.6,0.0,38.0,9.4,220.0,31.7
2022-10-11 22:00:00,1012.6,16.3,0.0,41.0,14.8,140.0,31.1
2022-10-11 23:00:00,1012.5,15.5,0.0,43.0,14.8,160.0,29.4
2022-10-12 00:00:00,1012.5,15.5,0.0,43.0,14.8,160.0,29.4
2022-10-12 01:00:00,1013.5,15.1,0.0,49.0,11.2,150.0,26.7
2022-10-12 02:00:00,1013.8,17.3,0.0,60.0,16.6,150.0,25.6
2022-10-12 03:00:00,1014.2,18.9,0.0,69.0,14.8,150.0,25.0
2022-10-12 04:00:00,1014.2,19.5,0.0,79.0,11.2,140.0,23.3
2022-10-12 05:00:00,1014.2,19.5,0.0,79.0,11.2,140.0,23.3
2022-10-12 06:00:00,1013.8,19.4,0.0,84.0,0.0,0.0,22.2
2022-10-12 07:00:00,1013.7,18.9,0.0,84.0,0.0,0.0,21.7
2022-10-12 08:00:00,1013.7,18.9,0.0,84.0,0.0,0.0,21.7
2022-10-12 09:00:00,1013.6,20.5,0.0,87.0,0.0,0.0,22.8
2022-10-12 10:00:00,1013.4,20.5,0.0,87.0,0.0,0.0,22.8
2022-10-12 11:00:00,1013.7,22.3,0.0,94.0,7.6,190.0,23.3
2022-10-12 12:00:00,1013.9,22.3,0.0,94.0,7.6,210.0,23.3
2022-10-12 13:00:00,1013.9,22.3,0.0,94.0,7.6,210.0,23.3
2022-10-12 14:00:00,1014.1,22.2,0.0,90.0,9.4,230.0,23.9
2022-10-12 15:00:00,1014.4,21.7,0.0,72.0,11.2,250.0,27.2
2022-10-12 16:00:00,1013.8,21.1,0.0,59.0,14.8,260.0,30.0
2022-10-12 17:00:00,1012.8,20.1,0.0,52.0,13.0,250.0,31.1
2022-10-12 18:00:00,1011.7,18.8,0.0,45.0,11.2,250.0,32.2
2022-10-12 19:00:00,1011.7,18.8,0.0,45.0,11.2,250.0,32.2
2022-10-12 20:00:00,1009.8,17.6,0.0,37.0,5.4,270.0,34.4
2022-10-12 21:00:00,1009.3,17.2,0.0,36.0,9.4,270.0,34.4
2022-10-12 22:00:00,1009.2,16.7,0.0,35.0,11.2,253.0,34.4
2022-10-12 23:00:00,1009.2,16.7,0.0,35.0,11.2,190.0,34.4
2022-10-13 00:00:00,1009.9,17.8,0.0,48.0,7.6,220.0,30.0
2022-10-13 01:00:00,1010.6,17.8,0.0,53.0,5.4,190.0,28.3
2022-10-13 02:00:00,1010.9,17.2,0.0,56.0,5.4,180.0,26.7
2022-10-13 03:00:00,1011.5,17.8,0.0,62.0,5.4,180.0,25.6
2022-10-13 04:00:00,1011.5,17.8,0.0,62.0,11.0,170.0,25.6
2022-10-13 05:00:00,1011.3,20.7,0.0,72.0,9.4,200.0,26.1
2022-10-13 06:00:00,1011.9,20.6,0.0,74.0,0.0,0.0,25.6
2022-10-13 07:00:00,1011.9,20.7,0.0,77.0,7.6,340.0,25.0
2022-10-13 08:00:00,1011.5,20.1,0.0,82.0,0.0,0.0,23.3
2022-10-13 09:00:00,1011.2,20.0,0.0,84.0,0.0,0.0,22.8
2022-10-13 10:00:00,1011.2,20.0,0.0,84.0,0.0,0.0,22.8
2022-10-13 11:00:00,1012.2,14.0,0.0,56.0,11.2,20.0,23.3
2022-10-13 12:00:00,1012.8,13.3,0.0,55.0,13.0,20.0,22.8
2022-10-13 13:00:00,1013.1,12.4,0.0,47.0,16.6,20.0,24.4
2022-10-13 14:00:00,1013.1,12.4,0.0,47.0,16.6,20.0,24.4
2022-10-13 15:00:00,1013.8,13.4,0.0,40.0,22.3,60.0,28.3
2022-10-13 16:00:00,1013.5,13.7,0.0,37.0,16.6,30.0,30.0
2022-10-13 17:00:00,1012.9,14.4,0.0,34.0,18.4,60.0,32.2
2022-10-13 18:00:00,1012.0,14.4,0.0,31.0,20.5,60.0,33.9
2022-10-13 19:00:00,1012.0,14.4,0.0,31.0,20.5,60.0,33.9
2022-10-13 20:00:00,1010.2,13.9,0.0,30.0,16.6,60.0,33.9
2022-10-13 21:00:00,1009.9,13.9,0.0,30.0,16.6,50.0,33.9
2022-10-13 22:00:00,1010.0,13.9,0.0,32.0,14.8,80.0,32.8
2022-10-13 23:00:00,1010.0,13.9,0.0,32.0,14.8,80.0,32.8
2022-10-14 00:00:00,1011.1,14.5,0.0,39.0,13.0,60.0,30.0
2022-10-14 01:00:00,1012.2,14.0,0.0,40.0,16.6,60.0,28.9
2022-10-14 02:00:00,1012.8,14.1,0.0,43.0,13.0,50.0,27.8
2022-10-14 03:00:00,1013.2,15.1,0.0,49.0,11.2,60.0,26.7
2022-10-14 04:00:00,1013.2,15.1,0.0,49.0,11.2,60.0,26.7
2022-10-14 05:00:00,1013.4,15.6,0.0,58.0,11.2,70.0,24.4
2022-10-14 06:00:00,1013.4,15.6,0.0,58.0,11.2,70.0,24.4
2022-10-14 07:00:00,1015.0,12.8,0.0,50.0,7.0,40.0,23.9
2022-10-14 08:00:00,1013.2,12.3,0.0,50.0,7.6,40.0,23.3
2022-10-14 09:00:00,1014.0,10.0,0.0,43.0,7.6,40.0,23.3
2022-10-14 10:00:00,1013.2,7.7,0.0,38.0,9.4,60.0,22.8
2022-10-14 11:00:00,1013.9,7.7,0.0,38.0,9.4,20.0,22.8
2022-10-14 12:00:00,1014.2,8.9,0.0,41.0,9.4,30.0,22.8
2022-10-14 13:00:00,1014.2,8.9,0.0,41.0,9.4,30.0,22.8
2022-10-14 14:00:00,1014.6,10.0,0.0,43.0,7.6,70.0,23.3
2022-10-14 15:00:00,1015.3,17.7,0.0,56.0,13.0,120.0,27.2
2022-10-14 16:00:00,1014.8,18.4,0.0,55.0,5.4,120.0,28.3
2022-10-14 17:00:00,1013.9,18.8,0.0,51.0,9.4,136.0,30.0
2022-10-14 18:00:00,1013.9,18.8,0.0,51.0,9.4,157.0,30.0
2022-10-14 19:00:00,1011.6,18.4,0.0,44.0,13.0,70.0,32.2
2022-10-14 20:00:00,1010.7,17.2,0.0,42.0,11.2,170.0,31.7
2022-10-14 21:00:00,1010.2,16.2,0.0,37.0,13.0,130.0,32.8
2022-10-14 22:00:00,1010.2,16.1,0.0,39.0,9.4,90.0,31.7
2022-10-14 23:00:00,1010.2,16.1,0.0,39.0,9.4,90.0,31.7
2022-10-15 00:00:00,1010.8,16.1,0.0,49.0,9.4,140.0,27.8
2022-10-15 01:00:00,1011.8,19.0,0.0,61.0,22.3,140.0,27.2
2022-10-15 02:00:00,1012.5,19.5,0.0,67.0,13.0,140.0,26.1
2022-10-15 03:00:00,1012.8,20.0,0.0,74.0,18.4,140.0,25.0
2022-10-15 04:00:00,1012.8,20.0,0.0,74.0,18.4,140.0,25.0
2022-10-15 05:00:00,1012.8,20.6,0.0,85.0,7.6,140.0,23.3
2022-10-15 06:00:00,1012.8,20.6,0.0,85.0,0.0,0.0,23.3
2022-10-15 07:00:00,1012.9,21.2,0.0,88.0,7.6,140.0,23.3
2022-10-15 08:00:00,1012.9,21.2,0.0,88.0,7.6,140.0,23.3
2022-10-15 09:00:00,1012.9,21.1,0.0,90.0,7.6,100.0,22.8
2022-10-15 10:00:00,1013.4,21.8,0.0,94.0,9.4,120.0,22.8
2022-10-15 11:00:00,1013.4,21.8,0.0,94.0,9.4,120.0,22.8
2022-10-15 12:00:00,1014.1,21.7,0.0,91.0,5.4,140.0,23.3
2022-10-15 13:00:00,1014.7,21.7,0.0,91.0,7.6,120.0,23.3
2022-10-15 14:00:00,1015.8,22.3,0.0,82.0,18.4,170.0,25.6
2022-10-15 15:00:00,1015.7,21.8,0.0,68.0,16.6,210.0,28.3
2022-10-15 16:00:00,1015.1,20.6,0.0,59.0,13.0,170.0,29.4
2022-10-15 17:00:00,1014.2,19.5,0.0,50.0,18.4,170.0,31.1
2022-10-15 18:00:00,1014.2,19.5,0.0,50.0,18.4,170.0,31.1
2022-10-15 19:00:00,1012.0,18.2,0.0,42.0,16.6,190.0,32.8
2022-10-15 20:00:00,1011.4,18.0,0.0,39.0,20.5,150.0,33.9
2022-10-15 21:00:00,1011.1,17.1,0.0,38.0,20.5,150.0,33.3
2022-10-15 22:00:00,1011.0,16.1,0.0,38.0,16.6,170.0,32.2
2022-10-15 23:00:00,1011.0,16.1,0.0,38.0,16.6,170.0,32.2
2022-10-16 00:00:00,1011.5,17.2,0.0,48.0,16.6,140.0,29.4
2022-10-16 01:00:00,1012.4,18.4,0.0,55.0,22.3,140.0,28.3
2022-10-16 02:00:00,1013.0,18.8,0.0,62.0,22.3,140.0,26.7
2022-10-16 03:00:00,1013.2,20.0,0.0,71.0,24.1,140.0,25.6
2022-10-16 04:00:00,1013.2,20.0,0.0,71.0,24.1,140.0,25.6
2022-10-16 05:00:00,1013.4,21.2,0.0,88.0,7.6,140.0,23.3
2022-10-16 06:00:00,1013.4,21.2,0.0,88.0,7.6,140.0,23.3
2022-10-16 07:00:00,1013.0,21.2,0.0,88.0,7.6,140.0,23.3
2022-10-16 08:00:00,1012.7,21.1,0.0,90.0,9.4,150.0,22.8
2022-10-16 09:00:00,1012.3,21.1,0.0,90.0,7.6,120.0,22.8
2022-10-16 10:00:00,1012.4,21.7,0.0,91.0,0.0,0.0,23.3
2022-10-16 11:00:00,1012.8,21.7,0.0,91.0,5.4,150.0,23.3
2022-10-16 12:00:00,1013.2,21.8,0.0,88.0,0.0,0.0,23.9
2022-10-16 13:00:00,1013.2,21.8,0.0,88.0,0.0,0.0,23.9
2022-10-16 14:00:00,1013.8,21.7,0.0,85.0,0.0,0.0,24.4
2022-10-16 15:00:00,1014.8,20.5,0.0,69.0,7.6,270.0,26.7
2022-10-16 16:00:00,1014.4,20.6,0.0,65.0,0.0,0.0,27.8
2022-10-16 17:00:00,1013.8,18.2,0.0,51.0,5.4,0.0,29.4
2022-10-16 18:00:00,1013.8,18.2,0.0,51.0,5.4,70.0,29.4
2022-10-16 19:00:00,1011.4,17.3,0.0,41.0,7.6,70.0,32.2
2022-10-16 20:00:00,1011.4,16.6,0.0,38.0,7.6,120.0,32.8
2022-10-16 21:00:00,1010.6,15.8,0.0,35.0,0.0,0.0,33.3
2022-10-16 22:00:00,1010.2,14.9,0.0,33.0,16.6,140.0,33.3
2022-10-16 23:00:00,1010.2,14.9,0.0,33.0,16.6,140.0,33.3
2022-10-17 00:00:00,1011.0,18.2,0.0,51.0,16.6,120.0,29.4
2022-10-17 01:00:00,1011.7,19.5,0.0,59.0,13.0,130.0,28.3
2022-10-17 02:00:00,1011.9,19.3,0.0,62.0,11.2,110.0,27.2
2022-10-17 03:00:00,1011.9,19.3,0.0,62.0,11.2,110.0,27.2
2022-10-17 04:00:00,1013.4,20.1,0.0,67.0,9.4,60.0,26.7
2022-10-17 05:00:00,1013.9,19.4,0.0,76.0,22.3,50.0,23.9
2022-10-17 06:00:00,1013.9,19.4,0.0,76.0,22.3,50.0,23.9
2022-10-17 07:00:00,1014.0,19.0,0.0,82.0,14.8,40.0,22.2
2022-10-17 08:00:00,1014.0,19.0,0.4,82.0,14.8,40.0,22.2
2022-10-17 09:00:00,1013.7,18.3,1.3,90.0,14.8,30.0,20.0
2022-10-17 10:00:00,1014.8,18.2,0.5,93.0,16.6,10.0,19.4
2022-10-17 11:00:00,1014.8,18.2,0.3,93.0,16.6,10.0,19.4
2022-10-17 12:00:00,1014.7,18.2,0.5,96.0,22.3,40.0,18.9
2022-10-17 13:00:00,1014.7,18.2,2.3,96.0,22.3,40.0,18.9
2022-10-17 14:00:00,1017.7,17.8,1.3,97.0,18.4,40.0,18.3
2022-10-17 15:00:00,1017.2,17.2,3.0,96.0,16.6,30.0,17.8
2022-10-17 16:00:00,1017.2,17.2,3.0,96.0,16.6,30.0,17.8
2022-10-17 17:00:00,1017.6,15.0,0.3,81.0,24.1,30.0,18.3
2022-10-17 18:00:00,1017.1,14.4,0.0,75.0,24.1,40.0,18.9
2022-10-17 19:00:00,1016.2,10.6,0.1,51.0,29.5,40.0,21.1
2022-10-17 20:00:00,1016.3,11.2,0.2,48.0,20.5,40.0,22.8
2022-10-17 21:00:00,1016.1,9.3,0.0,41.0,22.3,30.0,23.3
2022-10-17 22:00:00,1016.1,9.3,0.0,41.0,22.3,30.0,23.3
2022-10-17 23:00:00,1016.1,9.4,0.0,44.0,13.0,40.0,22.2
2022-10-18 00:00:00,1016.8,10.0,0.0,49.0,9.4,30.0,21.1
2022-10-18 01:00:00,1017.3,10.1,0.0,53.0,9.4,20.0,20.0
2022-10-18 02:00:00,1017.8,8.3,0.0,47.0,14.8,30.0,20.0
2022-10-18 03:00:00,1017.8,8.3,0.0,47.0,14.8,30.0,20.0
2022-10-18 04:00:00,1018.7,6.0,0.0,43.0,14.8,20.0,18.9
2022-10-18 05:00:00,1018.9,3.5,0.0,36.0,22.3,30.0,18.9
2022-10-18 06:00:00,1019.5,3.3,0.0,38.0,20.5,50.0,17.8
2022-10-18 07:00:00,1019.8,2.8,0.0,38.0,16.6,30.0,17.2
2022-10-18 08:00:00,1019.8,2.8,0.0,38.0,16.6,30.0,17.2
2022-10-18 09:00:00,1020.6,1.8,0.0,38.0,16.6,40.0,16.1
2022-10-18 10:00:00,1021.2,1.8,0.0,38.0,11.2,20.0,16.1
2022-10-18 11:00:00,1022.5,1.0,0.0,37.0,13.0,20.0,15.6
2022-10-18 12:00:00,1023.3,1.0,0.0,37.0,13.0,30.0,15.6
2022-10-18 13:00:00,1023.3,1.0,0.0,37.0,13.0,30.0,15.6
2022-10-18 14:00:00,1024.7,-0.6,0.0,33.0,20.5,40.0,15.6
2022-10-18 15:00:00,1025.1,-0.5,0.0,30.0,16.6,60.0,17.2
2022-10-18 16:00:00,1024.4,-0.5,0.0,28.0,16.6,10.0,18.3
2022-10-18 17:00:00,1024.4,-0.5,0.0,28.0,16.6,10.0,18.3
2022-10-18 18:00:00,1023.2,-0.1,0.0,25.0,18.4,30.0,20.6
2022-10-18 19:00:00,1023.2,-0.1,0.0,25.0,18.4,30.0,20.6
2022-10-18 20:00:00,1021.9,0.1,0.0,23.0,16.6,60.0,22.2
2022-10-18 21:00:00,1021.9,0.1,0.0,23.0,16.6,60.0,22.2
2022-10-18 22:00:00,1021.6,0.4,0.0,22.0,14.8,30.0,23.3
2022-10-18 23:00:00,1022.2,0.4,0.0,26.0,11.2,20.0,20.6
2022-10-19 00:00:00,1022.2,0.4,0.0,26.0,11.2,20.0,20.6
2022-10-19 01:00:00,1024.0,2.4,0.0,37.0,7.6,80.0,17.2
2022-10-19 02:00:00,1024.5,2.3,0.0,38.0,5.4,30.0,16.7
2022-10-19 03:00:00,1024.5,2.3,0.0,38.0,5.4,30.0,16.7
2022-10-19 04:00:00,1025.3,3.5,0.0,46.0,0.0,0.0,15.0
2022-10-19 05:00:00,1025.9,6.6,0.0,74.0,0.0,0.0,11.1
2022-10-19 06:00:00,1025.8,4.9,0.0,61.0,7.6,360.0,12.2
2022-10-19 07:00:00,1026.2,6.1,0.0,80.0,5.4,250.0,9.4
2022-10-19 08:00:00,1026.2,6.1,0.0,80.0,5.4,250.0,9.4
2022-10-19 09:00:00,1025.9,6.7,0.0,83.0,0.0,0.0,9.4
2022-10-19 10:00:00,1026.4,6.1,0.0,89.0,7.6,280.0,7.8
2022-10-19 11:00:00,1026.9,5.6,0.0,80.0,0.0,0.0,8.9
2022-10-19 12:00:00,1026.9,5.6,0.0,80.0,0.0,0.0,8.9
2022-10-19 13:00:00,1027.3,1.6,0.0,45.0,9.4,40.0,13.3
2022-10-19 14:00:00,1027.8,-1.2,0.0,33.0,11.2,50.0,15.0
2022-10-19 15:00:00,1027.6,-1.9,0.0,28.0,9.4,50.0,16.7
2022-10-19 16:00:00,1027.3,-1.0,0.0,27.0,0.0,0.0,18.3
2022-10-19 17:00:00,1027.3,-1.0,0.0,27.0,0.0,0.0,18.3
2022-10-19 18:00:00,1024.6,0.8,0.0,25.0,0.0,0.0,21.7
2022-10-19 19:00:00,1023.3,1.2,0.0,25.0,11.2,0.0,22.2
2022-10-19 20:00:00,1022.4,1.6,0.0,24.0,11.2,220.0,23.3
2022-10-19 21:00:00,1021.9,2.1,0.0,24.0,13.0,190.0,23.9
2022-10-19 22:00:00,1021.9,2.1,0.0,24.0,13.0,190.0,23.9
2022-10-19 23:00:00,1021.6,2.7,0.0,26.0,11.2,200.0,23.3
2022-10-20 00:00:00,1021.5,3.8,0.0,31.0,9.4,210.0,21.7
2022-10-20 01:00:00,1022.3,5.2,0.0,45.0,7.6,170.0,17.2
2022-10-20 02:00:00,1022.3,5.2,0.0,45.0,7.6,170.0,17.2
2022-10-20 03:00:00,1022.3,6.2,0.0,52.0,7.6,140.0,16.1
2022-10-20 04:00:00,1022.5,6.0,0.0,57.0,9.4,170.0,14.4
2022-10-20 05:00:00,1021.8,6.6,0.0,66.0,0.0,0.0,12.8
2022-10-20 06:00:00,1021.8,6.6,0.0,66.0,0.0,0.0,12.8
2022-10-20 07:00:00,1021.3,6.0,0.0,59.0,7.6,210.0,13.9
2022-10-20 08:00:00,1020.5,7.2,0.0,74.0,0.0,0.0,11.7
2022-10-20 09:00:00,1020.5,7.2,0.0,74.0,0.0,0.0,11.7
2022-10-20 10:00:00,1019.9,7.2,0.0,83.0,0.0,0.0,10.0
2022-10-20 11:00:00,1019.7,6.7,0.0,83.0,0.0,0.0,9.4
2022-10-20 12:00:00,1019.7,6.7,0.0,83.0,0.0,0.0,9.4
2022-10-20 13:00:00,1019.9,9.0,0.0,75.0,0.0,0.0,13.3
2022-10-20 14:00:00,1020.2,8.9,0.0,56.0,11.2,260.0,17.8
2022-10-20 15:00:00,1020.0,8.4,0.0,44.0,18.4,240.0,21.1
2022-10-20 16:00:00,1019.5,8.2,0.0,38.0,20.5,230.0,23.3
2022-10-20 17:00:00,1018.6,7.2,0.0,31.0,16.6,250.0,25.6
2022-10-20 18:00:00,1018.6,7.2,0.0,31.0,16.6,250.0,25.6
2022-10-20 19:00:00,1015.7,6.6,0.0,27.0,13.0,220.0,27.2
2022-10-20 20:00:00,1015.7,6.6,0.0,27.0,13.0,220.0,27.2
2022-10-20 21:00:00,1015.0,6.6,0.0,27.0,11.2,250.0,27.2
2022-10-20 22:00:00,1014.6,7.1,0.0,27.0,22.3,250.0,27.8
2022-10-20 23:00:00,1014.1,6.6,0.0,27.0,13.0,250.0,27.2
2022-10-21 00:00:00,1013.9,7.2,0.0,32.0,9.4,220.0,25.0
2022-10-21 01:00:00,1014.7,8.9,0.0,47.0,9.4,210.0,20.6
2022-10-21 02:00:00,1014.7,8.9,0.0,47.0,9.4,210.0,20.6
2022-10-21 03:00:00,1015.0,8.8,0.0,52.0,7.6,210.0,18.9
2022-10-21 04:00:00,1015.3,10.1,0.0,63.0,7.6,200.0,17.2
2022-10-21 05:00:00,1015.1,8.4,0.0,58.0,7.6,160.0,16.7
2022-10-21 06:00:00,1015.1,10.1,0.0,65.0,11.2,210.0,16.7
2022-10-21 07:00:00,1015.1,10.1,0.0,65.0,11.2,210.0,16.7
2022-10-21 08:00:00,1014.8,9.9,0.0,69.0,0.0,0.0,15.6
2022-10-21 09:00:00,1014.9,9.9,0.0,80.0,0.0,0.0,13.3
2022-10-21 10:00:00,1015.2,10.0,0.0,83.0,0.0,0.0,12.8
2022-10-21 11:00:00,1015.6,9.9,0.0,89.0,0.0,0.0,11.7
2022-10-21 12:00:00,1015.6,9.9,0.0,89.0,0.0,0.0,11.7
2022-10-21 13:00:00,1016.4,11.8,0.0,78.0,0.0,0.0,15.6
2022-10-21 14:00:00,1017.2,12.2,0.0,65.0,9.4,210.0,18.9
2022-10-21 15:00:00,1017.1,12.8,0.0,57.0,9.4,210.0,21.7
2022-10-21 16:00:00,1016.3,13.2,0.0,48.0,14.8,220.0,25.0
2022-10-21 17:00:00,1016.3,13.2,0.0,48.0,14.8,220.0,25.0
2022-10-21 18:00:00,1014.1,11.0,0.0,33.0,18.4,180.0,28.9
2022-10-21 19:00:00,1012.8,11.0,0.0,33.0,18.4,180.0,28.9
2022-10-21 20:00:00,1012.1,11.0,0.0,31.0,16.6,180.0,30.0
2022-10-21 21:00:00,1012.1,11.0,0.0,31.0,16.6,180.0,30.0
2022-10-21 22:00:00,1011.7,10.0,0.0,29.0,20.5,210.0,30.0
2022-10-21 23:00:00,1011.6,9.0,0.0,28.0,14.8,180.0,29.4
2022-10-22 00:00:00,1012.2,9.5,0.0,40.0,7.6,170.0,23.9
2022-10-22 01:00:00,1013.0,9.9,0.0,44.0,7.6,170.0,22.8
2022-10-22 02:00:00,1012.9,14.4,0.0,63.0,16.6,150.0,21.7
2022-10-22 03:00:00,1012.9,14.4,0.0,63.0,16.6,150.0,21.7
2022-10-22 04:00:00,1013.2,15.6,0.0,76.0,14.8,160.0,20.0
2022-10-22 05:00:00,1013.2,15.6,0.0,76.0,14.8,160.0,20.0
2022-10-22 06:00:00,1012.4,15.6,0.0,87.0,9.4,170.0,17.8
2022-10-22 07:00:00,1012.4,15.6,0.0,87.0,9.4,170.0,17.8
2022-10-22 08:00:00,1011.8,14.5,0.0,90.0,0.0,0.0,16.1
2022-10-22 09:00:00,1011.7,14.5,0.0,93.0,0.0,0.0,15.6
2022-10-22 10:00:00,1011.9,13.9,0.0,97.0,0.0,0.0,14.4
2022-10-22 11:00:00,1012.6,13.3,0.0,96.0,0.0,0.0,13.9
2022-10-22 12:00:00,1012.6,13.3,0.0,96.0,0.0,0.0,13.9
2022-10-22 13:00:00,1013.2,16.1,0.0,93.0,7.6,150.0,17.2
2022-10-22 14:00:00,1013.4,17.9,0.0,79.0,20.5,180.0,21.7
2022-10-22 15:00:00,1013.9,17.9,0.0,67.0,20.5,180.0,24.4
2022-10-22 16:00:00,1013.9,17.9,0.0,67.0,24.1,180.0,24.4
2022-10-22 17:00:00,1012.2,16.1,0.0,46.0,24.1,190.0,28.9
2022-10-22 18:00:00,1011.0,15.7,0.0,42.0,22.3,190.0,30.0
2022-10-22 19:00:00,1009.4,15.5,0.0,40.0,16.6,180.0,30.6
2022-10-22 20:00:00,1008.8,15.1,0.0,38.0,20.5,160.0,31.1
2022-10-22 21:00:00,1008.8,15.1,0.0,38.0,20.5,160.0,31.1
2022-10-22 22:00:00,1008.6,14.3,0.0,36.0,25.9,150.0,31.1
2022-10-22 23:00:00,1009.1,13.8,0.0,41.0,16.6,170.0,28.3
2022-10-23 00:00:00,1009.1,13.8,0.0,41.0,16.6,170.0,28.3
2022-10-23 01:00:00,1010.4,17.9,0.0,67.0,20.5,140.0,24.4
2022-10-23 02:00:00,1010.4,17.9,0.0,67.0,20.5,140.0,24.4
2022-10-23 03:00:00,1010.6,17.7,0.0,71.0,22.3,150.0,23.3
2022-10-23 04:00:00,1010.9,18.3,0.0,81.0,11.2,160.0,21.7
2022-10-23 05:00:00,1010.3,18.3,0.0,84.0,13.0,170.0,21.1
2022-10-23 06:00:00,1009.8,18.3,0.0,84.0,16.6,170.0,21.1
2022-10-23 07:00:00,1009.8,18.3,0.0,84.0,16.6,170.0,21.1
2022-10-23 08:00:00,1009.8,18.3,0.0,90.0,7.6,170.0,20.0
2022-10-23 09:00:00,1009.8,18.3,0.0,90.0,7.6,170.0,20.0
2022-10-23 10:00:00,1009.3,18.2,0.0,96.0,7.6,120.0,18.9
2022-10-23 11:00:00,1009.3,18.2,0.0,96.0,7.6,120.0,18.9
2022-10-23 12:00:00,1009.6,17.8,0.0,97.0,7.6,150.0,18.3
2022-10-23 13:00:00,1010.5,19.4,0.0,93.0,11.2,140.0,20.6
2022-10-23 14:00:00,1010.5,19.4,0.0,93.0,11.2,140.0,20.6
2022-10-23 15:00:00,1011.4,18.8,0.0,62.0,29.5,160.0,26.7
2022-10-23 16:00:00,1011.4,18.8,0.0,62.0,27.7,170.0,26.7
2022-10-23 17:00:00,1009.7,17.8,0.0,51.0,25.9,170.0,28.9
2022-10-23 18:00:00,1008.6,17.1,0.0,46.0,25.9,170.0,30.0
2022-10-23 19:00:00,1007.5,17.9,0.0,50.0,31.7,150.0,29.4
2022-10-23 20:00:00,1007.5,17.9,0.0,50.0,31.7,150.0,29.4
2022-10-23 21:00:00,1006.8,16.7,0.0,42.0,25.9,160.0,31.1
2022-10-23 22:00:00,1007.0,19.0,0.0,55.0,25.9,150.0,28.9
2022-10-23 23:00:00,1007.5,20.1,0.0,63.0,24.1,140.0,27.8
2022-10-24 00:00:00,1008.2,20.1,0.0,67.0,25.9,140.0,26.7
2022-10-24 01:00:00,1008.2,20.1,0.0,67.0,25.9,140.0,26.7
2022-10-24 02:00:00,1008.9,20.6,0.0,74.0,24.1,130.0,25.6
2022-10-24 03:00:00,1009.2,21.1,0.0,79.0,22.3,150.0,25.0
2022-10-24 04:00:00,1009.2,21.1,0.0,79.0,22.3,150.0,25.0
2022-10-24 05:00:00,1009.3,21.1,0.0,82.0,20.5,160.0,24.4
2022-10-24 06:00:00,1009.0,21.1,0.0,79.0,22.3,160.0,25.0
2022-10-24 07:00:00,1007.4,20.1,0.0,77.0,24.1,150.0,24.4
2022-10-24 08:00:00,1007.4,20.5,0.0,79.0,18.4,170.0,24.4
2022-10-24 09:00:00,1007.4,20.5,0.0,79.0,20.5,160.0,24.4
2022-10-24 10:00:00,1006.5,21.0,0.0,84.0,16.6,140.0,23.9
2022-10-24 11:00:00,1006.5,21.0,0.0,84.0,16.6,140.0,23.9
2022-10-24 12:00:00,1007.6,21.8,0.0,94.0,9.4,160.0,22.8
2022-10-24 13:00:00,1007.5,21.8,0.2,94.0,9.4,150.0,22.8
2022-10-24 14:00:00,1007.5,21.8,0.4,94.0,9.4,150.0,22.8
2022-10-24 15:00:00,1007.7,21.7,0.0,74.0,24.1,170.0,26.7
2022-10-24 16:00:00,1007.7,21.7,0.0,74.0,24.1,170.0,26.7
2022-10-24 17:00:00,1006.6,21.0,0.0,69.0,14.8,180.0,27.2
2022-10-24 18:00:00,1005.0,21.1,0.0,61.0,18.4,170.0,29.4
2022-10-24 19:00:00,1003.4,21.3,0.0,54.0,18.4,180.0,31.7
2022-10-24 20:00:00,1002.7,20.7,0.0,49.0,18.4,160.0,32.8
2022-10-24 21:00:00,1002.1,20.0,0.0,47.0,14.8,170.0,32.8
2022-10-24 22:00:00,1002.1,20.0,0.0,47.0,14.8,170.0,32.8
2022-10-24 23:00:00,1002.1,19.3,0.0,45.0,14.8,170.0,32.8
2022-10-25 00:00:00,1002.5,19.3,0.0,51.0,9.4,150.0,30.6
2022-10-25 01:00:00,1003.8,22.8,0.0,72.0,24.1,140.0,28.3
2022-10-25 02:00:00,1004.5,22.8,0.0,79.0,20.5,140.0,26.7
2022-10-25 03:00:00,1008.2,22.8,0.0,82.0,20.5,330.0,22.8
2022-10-25 04:00:00,1009.6,9.6,1.6,43.0,24.1,340.0,23.3
2022-10-25 05:00:00,1009.6,1.0,0.0,23.0,24.1,340.0,23.3
2022-10-25 06:00:00,1010.2,-1.3,0.0,20.0,22.3,320.0,22.8
2022-10-25 07:00:00,1010.9,-2.9,0.0,19.0,16.6,310.0,21.7
2022-10-25 08:00:00,1011.4,-3.2,0.0,20.0,9.4,310.0,20.6
2022-10-25 09:00:00,1011.8,-3.0,0.0,21.0,16.6,310.0,20.0
2022-10-25 10:00:00,1012.9,-1.8,0.0,23.0,24.1,320.0,20.0
2022-10-25 11:00:00,1012.9,-1.8,0.0,23.0,24.1,320.0,20.0
2022-10-25 12:00:00,1015.4,1.8,0.0,38.0,22.3,350.0,16.1
2022-10-25 13:00:00,1016.7,1.8,0.0,38.0,18.4,350.0,16.1
2022-10-25 14:00:00,1017.6,2.1,0.0,35.0,18.4,360.0,17.8
2022-10-25 15:00:00,1017.9,1.8,0.0,31.0,16.6,360.0,19.4
2022-10-25 16:00:00,1017.9,1.8,0.0,31.0,16.6,360.0,19.4
2022-10-25 17:00:00,1017.1,0.4,0.0,22.0,11.2,290.0,23.3
2022-10-25 18:00:00,1015.9,-0.7,0.0,19.0,14.8,340.0,24.4
2022-10-25 19:00:00,1014.7,-1.3,0.0,17.0,0.0,0.0,25.6
2022-10-25 20:00:00,1014.7,-1.3,0.0,17.0,0.0,0.0,25.6
2022-10-25 21:00:00,1013.4,-2.1,0.0,15.0,7.6,360.0,26.7
2022-10-25 22:00:00,1013.4,-2.1,0.0,15.0,7.6,360.0,26.7
2022-10-25 23:00:00,1013.5,-0.7,0.0,21.0,7.6,170.0,22.8
2022-10-26 00:00:00,1013.5,-0.7,0.0,21.0,7.6,101.0,22.8
2022-10-26 01:00:00,1014.4,-0.8,0.0,23.0,7.6,100.0,21.1
2022-10-26 02:00:00,1015.2,2.2,0.0,34.0,7.6,100.0,18.3
2022-10-26 03:00:00,1016.2,3.9,0.0,51.0,0.0,0.0,13.9
2022-10-26 04:00:00,1016.2,5.0,0.0,59.0,0.0,0.0,12.8
2022-10-26 05:00:00,1016.2,5.0,0.0,59.0,0.0,0.0,12.8
2022-10-26 06:00:00,1016.0,4.9,0.0,61.0,0.0,0.0,12.2
2022-10-26 07:00:00,1015.9,4.9,0.0,68.0,0.0,0.0,10.6
2022-10-26 08:00:00,1015.8,5.0,0.0,71.0,0.0,0.0,10.0
2022-10-26 09:00:00,1015.8,5.0,0.0,71.0,0.0,0.0,10.0
2022-10-26 10:00:00,1016.4,5.0,0.0,74.0,0.0,0.0,9.4
2022-10-26 11:00:00,1016.4,5.0,0.0,74.0,0.0,0.0,9.4
2022-10-26 12:00:00,1017.7,5.1,0.0,77.0,0.0,0.0,8.9
2022-10-26 13:00:00,1018.4,6.0,0.0,59.0,5.4,40.0,13.9
2022-10-26 14:00:00,1019.0,4.0,0.0,40.0,7.6,80.0,17.8
2022-10-26 15:00:00,1019.0,4.0,0.0,40.0,7.6,80.0,17.8
2022-10-26 16:00:00,1018.2,3.3,0.0,28.0,16.6,80.0,22.8
2022-10-26 17:00:00,1017.3,2.7,0.0,25.0,16.6,140.0,23.9
2022-10-26 18:00:00,1016.0,2.9,0.0,23.0,20.5,130.0,25.6
2022-10-26 19:00:00,1014.5,2.7,0.0,22.0,16.6,150.0,26.1
2022-10-26 20:00:00,1014.5,2.7,0.0,22.0,16.6,150.0,26.1
2022-10-26 21:00:00,1013.3,2.7,0.0,22.0,11.2,140.0,26.1
2022-10-26 22:00:00,1013.2,3.0,0.0,24.0,14.8,130.0,25.0
2022-10-26 23:00:00,1013.2,3.0,0.0,24.0,14.8,130.0,25.0
2022-10-27 00:00:00,1014.2,4.3,0.0,37.0,5.4,120.0,19.4
2022-10-27 01:00:00,1014.2,4.3,0.0,37.0,5.4,120.0,19.4
2022-10-27 02:00:00,1014.4,5.2,0.0,45.0,9.4,130.0,17.2
2022-10-27 03:00:00,1014.6,5.7,0.0,50.0,7.6,150.0,16.1
2022-10-27 04:00:00,1014.9,6.8,0.0,58.0,5.4,130.0,15.0
2022-10-27 05:00:00,1014.6,7.2,0.0,62.0,5.4,120.0,14.4
2022-10-27 06:00:00,1014.6,7.2,0.0,62.0,5.4,120.0,14.4
2022-10-27 07:00:00,1013.9,7.8,0.0,77.0,0.0,0.0,11.7
2022-10-27 08:00:00,1013.6,8.9,0.0,80.0,0.0,0.0,12.2
2022-10-27 09:00:00,1013.4,9.4,0.0,83.0,5.4,360.0,12.2
2022-10-27 10:00:00,1013.4,9.4,0.0,83.0,5.4,360.0,12.2
2022-10-27 11:00:00,1013.2,9.4,0.0,83.0,0.0,0.0,12.2
2022-10-27 12:00:00,1013.9,10.0,0.0,83.0,0.0,0.0,12.8
2022-10-27 13:00:00,1014.3,11.8,0.0,81.0,9.4,40.0,15.0
2022-10-27 14:00:00,1014.5,12.9,0.0,68.0,13.0,110.0,18.9
2022-10-27 15:00:00,1014.5,13.3,0.0,61.0,14.8,100.0,21.1
2022-10-27 16:00:00,1014.5,13.3,0.0,61.0,14.8,100.0,21.1
2022-10-27 17:00:00,1012.7,15.0,0.0,54.0,16.6,160.0,25.0
2022-10-27 18:00:00,1011.5,14.5,0.0,47.0,22.3,160.0,26.7
2022-10-27 19:00:00,1010.5,14.6,0.0,46.0,18.4,140.0,27.2
2022-10-27 20:00:00,1010.5,14.6,0.0,46.0,18.4,140.0,27.2
2022-10-27 21:00:00,1010.3,15.6,0.0,56.0,18.4,150.0,25.0
2022-10-27 22:00:00,1010.2,16.1,0.0,60.0,18.4,140.0,24.4
2022-10-27 23:00:00,1010.2,16.1,0.0,60.0,18.4,140.0,24.4
2022-10-28 00:00:00,1010.8,17.3,0.0,69.0,22.3,140.0,23.3
2022-10-28 01:00:00,1011.6,18.4,0.0,79.0,20.5,130.0,22.2
2022-10-28 02:00:00,1013.3,18.8,0.0,93.0,9.4,80.0,20.0
2022-10-28 03:00:00,1013.3,18.8,0.0,93.0,9.4,80.0,20.0
2022-10-28 04:00:00,1012.8,18.3,0.0,90.0,9.4,100.0,20.0
2022-10-28 05:00:00,1012.8,18.3,0.0,90.0,9.4,100.0,20.0
2022-10-28 06:00:00,1011.5,17.8,0.0,87.0,13.0,100.0,20.0
2022-10-28 07:00:00,1011.0,17.8,0.0,87.0,11.2,90.0,20.0
2022-10-28 08:00:00,1010.2,17.8,0.0,87.0,11.2,100.0,20.0
2022-10-28 09:00:00,1010.2,17.8,0.0,87.0,11.2,100.0,20.0
2022-10-28 10:00:00,1009.7,17.8,0.0,87.0,9.4,90.0,20.0
2022-10-28 11:00:00,1009.5,18.8,0.0,93.0,11.2,100.0,20.0
2022-10-28 12:00:00,1009.5,18.8,0.0,93.0,11.2,100.0,20.0
2022-10-28 13:00:00,1011.9,19.4,4.0,100.0,9.4,350.0,19.4
2022-10-28 14:00:00,1013.8,16.1,7.1,90.0,18.4,340.0,17.8
2022-10-28 15:00:00,1013.8,16.1,0.0,90.0,18.4,340.0,17.8
2022-10-28 16:00:00,1015.4,14.4,0.0,70.0,24.1,320.0,20.0
2022-10-28 17:00:00,1014.7,13.9,0.0,61.0,22.3,300.0,21.7
2022-10-28 18:00:00,1014.4,13.8,0.0,59.0,18.4,310.0,22.2
2022-10-28 19:00:00,1013.8,11.7,0.0,48.0,20.5,310.0,23.3
2022-10-28 20:00:00,1013.8,11.7,0.0,48.0,20.5,310.0,23.3
2022-10-28 21:00:00,1014.5,9.6,0.0,43.0,22.3,320.0,22.8
2022-10-28 22:00:00,1015.1,7.4,0.0,37.0,22.3,320.0,22.8
2022-10-28 23:00:00,1015.9,6.2,0.0,38.0,20.5,320.0,21.1
2022-10-29 00:00:00,1015.9,6.2,0.0,38.0,20.5,320.0,21.1
2022-10-29 01:00:00,1017.4,11.2,0.0,61.0,13.0,340.0,18.9
2022-10-29 02:00:00,1018.4,11.8,0.0,68.0,11.2,350.0,17.8
2022-10-29 03:00:00,1018.9,11.7,0.0,70.0,11.2,340.0,17.2
2022-10-29 04:00:00,1018.9,11.2,0.0,70.0,13.0,320.0,16.7
2022-10-29 05:00:00,1018.9,11.2,0.0,70.0,13.0,320.0,16.7
2022-10-29 06:00:00,1018.7,9.4,0.0,69.0,7.6,290.0,15.0
2022-10-29 07:00:00,1018.7,9.4,0.0,69.0,11.2,320.0,15.0
2022-10-29 08:00:00,1018.1,9.4,0.0,69.0,11.2,340.0,15.0
2022-10-29 09:00:00,1018.0,8.8,0.0,64.0,13.0,330.0,15.6
2022-10-29 10:00:00,1018.0,8.8,0.0,64.0,13.0,330.0,15.6
2022-10-29 11:00:00,1018.2,8.3,0.0,67.0,9.4,330.0,14.4
2022-10-29 12:00:00,1018.5,8.9,0.0,72.0,9.4,320.0,13.9
2022-10-29 13:00:00,1019.1,8.9,0.0,67.0,14.8,290.0,15.0
2022-10-29 14:00:00,1019.1,8.9,0.0,67.0,14.8,290.0,15.0
2022-10-29 15:00:00,1019.8,9.4,0.0,58.0,18.4,350.0,17.8
2022-10-29 16:00:00,1019.5,9.4,0.0,54.0,20.5,330.0,18.9
2022-10-29 17:00:00,1018.5,10.0,0.0,49.0,11.2,330.0,21.1
2022-10-29 18:00:00,1017.2,9.4,0.0,44.0,14.8,350.0,22.2
2022-10-29 19:00:00,1017.2,9.4,0.0,44.0,14.8,350.0,22.2
2022-10-29 20:00:00,1015.4,9.1,0.0,39.0,11.2,350.0,23.9
2022-10-29 21:00:00,1015.0,9.1,0.0,39.0,14.8,340.0,23.9
2022-10-29 22:00:00,1015.1,9.3,0.0,41.0,11.2,350.0,23.3
2022-10-29 23:00:00,1015.6,10.0,0.0,49.0,13.0,10.0,21.1
2022-10-30 00:00:00,1015.6,10.0,0.0,49.0,13.0,10.0,21.1
2022-10-30 01:00:00,1016.9,10.7,0.0,63.0,5.4,10.0,17.8
2022-10-30 02:00:00,1017.5,11.2,0.0,81.0,0.0,0.0,14.4
2022-10-30 03:00:00,1017.6,11.2,0.0,81.0,0.0,0.0,14.4
2022-10-30 04:00:00,1017.4,11.1,0.0,83.0,5.4,270.0,13.9
2022-10-30 05:00:00,1017.4,11.1,0.0,83.0,5.4,270.0,13.9
2022-10-30 06:00:00,1016.4,11.2,0.0,87.0,0.0,0.0,13.3
2022-10-30 07:00:00,1016.4,11.1,0.0,93.0,5.4,280.0,12.2
2022-10-30 08:00:00,1016.3,10.6,0.0,93.0,0.0,0.0,11.7
2022-10-30 09:00:00,1016.2,10.0,0.0,96.0,5.4,290.0,10.6
2022-10-30 10:00:00,1016.2,10.0,0.0,96.0,5.4,290.0,10.6
2022-10-30 11:00:00,1016.8,10.0,0.0,96.0,0.0,0.0,10.6
2022-10-30 12:00:00,1017.2,8.9,0.0,97.0,0.0,0.0,9.4
2022-10-30 13:00:00,1017.3,10.7,0.0,81.0,0.0,0.0,13.9
2022-10-30 14:00:00,1017.5,11.1,0.0,65.0,7.6,300.0,17.8
2022-10-30 15:00:00,1017.5,11.1,0.0,65.0,7.6,300.0,17.8
2022-10-30 16:00:00,1017.0,10.5,0.0,49.0,9.4,230.0,21.7
2022-10-30 17:00:00,1016.1,10.0,0.0,43.0,14.8,270.0,23.3
2022-10-30 18:00:00,1014.9,9.9,0.0,40.0,16.6,240.0,24.4
2022-10-30 19:00:00,1013.7,9.4,0.0,36.0,9.4,240.0,25.6
2022-10-30 20:00:00,1013.7,9.4,0.0,36.0,9.4,290.0,25.6
2022-10-30 21:00:00,1012.5,9.0,0.0,35.0,0.0,0.0,25.6
2022-10-30 22:00:00,1012.4,8.9,0.0,36.0,9.4,180.0,25.0
2022-10-30 23:00:00,1013.1,10.0,0.0,46.0,7.6,180.0,22.2
2022-10-31 00:00:00,1013.1,10.0,0.0,46.0,7.6,180.0,22.2
2022-10-31 01:00:00,1014.1,11.2,0.0,61.0,0.0,0.0,18.9
2022-10-31 02:00:00,1014.2,11.2,0.0,70.0,0.0,0.0,16.7
2022-10-31 03:00:00,1014.9,11.8,0.0,78.0,0.0,0.0,15.6
2022-10-31 04:00:00,1014.9,11.8,0.0,78.0,0.0,0.0,15.6
2022-10-31 05:00:00,1014.9,11.8,0.0,78.0,0.0,0.0,15.6
2022-10-31 06:00:00,1014.6,11.2,0.0,81.0,0.0,0.0,14.4
2022-10-31 07:00:00,1014.2,11.1,0.0,83.0,0.0,0.0,13.9
2022-10-31 08:00:00,1014.2,11.2,0.0,81.0,0.0,0.0,14.4
2022-10-31 09:00:00,1014.4,11.2,0.0,87.0,0.0,0.0,13.3
2022-10-31 10:00:00,1014.4,11.2,0.0,87.0,0.0,0.0,13.3
2022-10-31 11:00:00,1014.9,11.8,0.0,87.0,0.0,0.0,13.9
2022-10-31 12:00:00,1015.6,11.7,0.0,90.0,0.0,0.0,13.3
2022-10-31 13:00:00,1016.3,12.2,0.0,80.0,0.0,0.0,15.6
2022-10-31 14:00:00,1016.8,13.2,0.0,65.0,0.0,0.0,20.0
2022-10-31 15:00:00,1016.8,13.2,0.0,65.0,0.0,0.0,20.0
2022-10-31 16:00:00,1016.3,12.9,0.0,47.0,13.0,110.0,25.0
2022-10-31 17:00:00,1015.5,11.7,0.0,45.0,11.2,120.0,24.4
2022-10-31 18:00:00,1014.4,11.0,0.0,40.0,9.4,70.0,25.6
2022-10-31 19:00:00,1014.4,11.0,0.0,40.0,9.4,70.0,25.6
2022-10-31 20:00:00,1013.0,10.0,0.0,34.0,16.6,130.0,27.2
2022-10-31 21:00:00,1013.0,10.7,0.0,38.0,13.0,110.0,26.1
2022-10-31 22:00:00,1013.0,10.7,0.0,38.0,13.0,110.0,26.1
2022-10-31 23:00:00,1014.0,10.7,0.0,42.0,14.8,140.0,24.4
2022-11-01 00:00:00,1014.0,10.7,0.0,42.0,14.8,140.0,24.4
2022-11-01 01:00:00,1015.3,12.3,0.0,55.0,22.3,130.0,21.7
2022-11-01 02:00:00,1015.8,12.3,0.0,57.0,11.2,120.0,21.1
2022-11-01 03:00:00,1015.8,12.3,0.0,57.0,11.2,120.0,21.1
2022-11-01 04:00:00,1015.7,16.1,4.3,90.0,5.4,290.0,17.8
2022-11-01 05:00:00,1016.9,16.7,1.0,93.0,11.2,10.0,17.8
2022-11-01 06:00:00,1016.5,15.5,0.3,90.0,5.4,10.0,17.2
2022-11-01 07:00:00,1016.5,15.5,1.8,90.0,5.4,340.0,17.2
2022-11-01 08:00:00,1016.4,15.5,0.0,90.0,5.4,110.0,17.2
2022-11-01 09:00:00,1016.4,15.5,0.0,90.0,5.4,110.0,17.2
2022-11-01 10:00:00,1016.0,15.1,0.0,84.0,11.2,20.0,17.8
2022-11-01 11:00:00,1016.5,15.0,0.0,87.0,7.6,10.0,17.2
2022-11-01 12:00:00,1018.1,14.5,0.0,84.0,5.4,80.0,17.2
2022-11-01 13:00:00,1018.7,14.5,0.0,84.0,7.6,80.0,17.2
2022-11-01 14:00:00,1019.7,15.5,0.0,84.0,9.4,90.0,18.3
2022-11-01 15:00:00,1019.7,15.5,0.0,84.0,9.4,90.0,18.3
2022-11-01 16:00:00,1020.3,15.6,0.0,76.0,11.2,110.0,20.0
2022-11-01 17:00:00,1020.3,15.6,0.0,76.0,11.2,74.0,20.0
2022-11-01 18:00:00,1019.8,15.6,0.0,73.0,13.0,110.0,20.6
2022-11-01 19:00:00,1019.4,15.1,0.0,66.0,13.0,90.0,21.7
2022-11-01 20:00:00,1018.8,15.1,0.0,64.0,11.2,100.0,22.2
2022-11-01 21:00:00,1018.9,15.6,0.0,71.0,13.0,90.0,21.1
2022-11-01 22:00:00,1019.3,16.0,0.0,75.0,9.4,90.0,20.6
2022-11-01 23:00:00,1019.7,16.6,0.0,84.0,11.2,90.0,19.4
2022-11-02 00:00:00,1020.3,16.7,0.0,87.0,11.2,130.0,18.9
2022-11-02 01:00:00,1020.3,16.7,0.0,87.0,11.2,130.0,18.9
2022-11-02 02:00:00,1021.0,16.6,0.0,90.0,11.2,130.0,18.3
2022-11-02 03:00:00,1021.5,16.7,0.0,93.0,0.0,0.0,17.8
2022-11-02 04:00:00,1021.5,16.7,0.0,93.0,0.0,0.0,17.8
2022-11-02 05:00:00,1021.3,16.7,0.0,97.0,0.0,0.0,17.2
2022-11-02 06:00:00,1021.3,16.7,0.0,97.0,0.0,0.0,17.2
2022-11-02 07:00:00,1020.8,16.1,0.0,100.0,5.4,20.0,16.1
2022-11-02 08:00:00,1020.8,16.1,0.0,100.0,5.4,20.0,16.1
2022-11-02 09:00:00,1020.6,16.1,0.0,96.0,5.4,360.0,16.7
2022-11-02 10:00:00,1021.0,15.6,0.0,97.0,5.4,80.0,16.1
2022-11-02 11:00:00,1021.0,15.6,0.0,97.0,5.4,80.0,16.1
2022-11-02 12:00:00,1021.7,15.6,0.0,97.0,5.4,70.0,16.1
2022-11-02 13:00:00,1022.2,15.6,0.0,97.0,9.4,60.0,16.1
2022-11-02 14:00:00,1022.2,15.6,0.0,97.0,9.4,60.0,16.1
2022-11-02 15:00:00,1022.6,15.5,0.0,84.0,11.2,60.0,18.3
2022-11-02 16:00:00,1022.0,16.0,0.0,78.0,13.0,40.0,20.0
2022-11-02 17:00:00,1021.2,16.7,0.0,71.0,11.2,30.0,22.2
2022-11-02 18:00:00,1020.0,16.7,0.0,64.0,5.4,30.0,23.9
2022-11-02 19:00:00,1019.1,17.2,0.0,66.0,13.0,90.0,23.9
2022-11-02 20:00:00,1019.1,17.2,0.0,66.0,13.0,90.0,23.9
2022-11-02 21:00:00,1018.3,17.9,0.0,69.0,11.2,130.0,23.9
2022-11-02 22:00:00,1018.2,18.4,0.0,74.0,11.2,110.0,23.3
2022-11-02 23:00:00,1018.4,19.0,0.0,79.0,11.2,140.0,22.8
2022-11-03 00:00:00,1018.6,19.0,0.0,82.0,11.2,140.0,22.2
2022-11-03 01:00:00,1018.6,19.0,0.0,82.0,11.2,140.0,22.2
2022-11-03 02:00:00,1019.1,19.4,0.0,87.0,11.2,130.0,21.7
2022-11-03 03:00:00,1019.0,20.0,0.0,90.0,7.6,150.0,21.7
2022-11-03 04:00:00,1018.7,20.0,0.0,90.0,5.4,140.0,21.7
2022-11-03 05:00:00,1018.7,20.0,0.0,90.0,5.4,140.0,21.7
2022-11-03 06:00:00,1017.7,19.9,0.0,93.0,9.4,140.0,21.1
2022-11-03 07:00:00,1017.7,19.9,0.0,93.0,9.4,140.0,21.1
2022-11-03 08:00:00,1017.6,20.6,0.0,97.0,5.4,160.0,21.1
2022-11-03 09:00:00,1016.8,20.6,0.0,97.0,7.6,130.0,21.1
2022-11-03 10:00:00,1016.2,21.1,0.0,100.0,9.4,160.0,21.1
2022-11-03 11:00:00,1016.5,21.1,0.0,100.0,5.4,150.0,21.1
2022-11-03 12:00:00,1016.6,21.0,0.0,96.0,9.4,170.0,21.7
2022-11-03 13:00:00,1017.1,20.7,0.0,94.0,14.8,160.0,21.7
2022-11-03 14:00:00,1017.1,20.7,0.0,94.0,14.8,160.0,21.7
2022-11-03 15:00:00,1018.0,20.7,0.0,91.0,14.8,180.0,22.2
2022-11-03 16:00:00,1016.8,20.6,0.0,85.0,14.8,170.0,23.3
2022-11-03 17:00:00,1015.9,20.7,0.0,77.0,18.4,180.0,25.0
2022-11-03 18:00:00,1015.9,20.7,0.0,77.0,18.4,180.0,25.0
2022-11-03 19:00:00,1014.6,20.1,0.0,67.0,18.4,170.0,26.7
2022-11-03 20:00:00,1012.3,19.5,0.0,57.0,14.8,160.0,28.9
2022-11-03 21:00:00,1011.6,18.8,0.0,53.0,31.7,150.0,29.4
2022-11-03 22:00:00,1011.4,19.0,0.0,57.0,20.5,150.0,28.3
2022-11-03 23:00:00,1011.3,19.3,0.0,64.0,22.3,140.0,26.7
2022-11-04 00:00:00,1011.8,19.5,0.0,69.0,31.7,140.0,25.6
2022-11-04 01:00:00,1011.8,19.5,0.0,69.0,31.7,140.0,25.6
2022-11-04 02:00:00,1013.0,21.0,0.0,84.0,24.1,140.0,23.9
2022-11-04 03:00:00,1013.0,21.0,0.0,84.0,24.1,140.0,23.9
2022-11-04 04:00:00,1012.5,20.6,0.0,82.0,22.3,140.0,23.9
2022-11-04 05:00:00,1012.5,20.6,0.0,82.0,22.3,140.0,23.9
2022-11-04 06:00:00,1011.5,21.2,0.0,88.0,18.4,150.0,23.3
2022-11-04 07:00:00,1010.8,21.2,0.0,88.0,14.8,160.0,23.3
2022-11-04 08:00:00,1009.8,21.8,0.0,88.0,16.6,160.0,23.9
2022-11-04 09:00:00,1009.6,21.8,0.0,88.0,16.6,170.0,23.9
2022-11-04 10:00:00,1009.6,21.8,0.0,88.0,16.6,170.0,23.9
2022-11-04 11:00:00,1009.4,22.2,0.0,90.0,9.4,170.0,23.9
2022-11-04 12:00:00,1009.4,22.2,0.0,90.0,9.4,170.0,23.9
2022-11-04 13:00:00,1009.7,23.2,0.4,96.0,9.4,150.0,23.9
2022-11-04 14:00:00,1009.7,23.2,0.3,96.0,9.4,150.0,23.9
2022-11-04 15:00:00,1009.6,23.2,0.0,90.0,18.4,150.0,25.0
2022-11-04 16:00:00,1009.3,23.3,0.0,87.0,22.3,160.0,25.6
2022-11-04 17:00:00,1008.7,23.4,0.5,82.0,22.3,170.0,26.7
2022-11-04 18:00:00,1006.1,21.7,0.0,65.0,24.1,160.0,28.9
2022-11-04 19:00:00,1006.1,21.7,0.0,65.0,24.1,160.0,28.9
2022-11-04 20:00:00,1004.6,21.0,0.0,55.0,18.4,160.0,31.1
2022-11-04 21:00:00,1004.4,20.6,0.0,52.0,14.8,210.0,31.7
2022-11-04 22:00:00,1004.7,18.8,0.0,48.0,7.6,200.0,31.1
2022-11-04 23:00:00,1005.3,20.0,0.0,55.0,0.0,0.0,30.0
2022-11-05 00:00:00,1005.3,20.0,0.0,55.0,0.0,0.0,30.0
2022-11-05 01:00:00,1008.2,18.4,0.0,53.0,9.4,300.0,26.1
2022-11-05 02:00:00,1009.8,5.2,0.0,29.0,18.4,340.0,24.4
2022-11-05 03:00:00,1011.3,2.7,0.0,26.0,13.0,20.0,23.3
2022-11-05 04:00:00,1012.0,2.7,0.0,26.0,13.0,10.0,22.8
2022-11-05 05:00:00,1012.0,-5.2,0.0,15.0,13.0,10.0,22.8
2022-11-05 06:00:00,1012.4,-3.8,0.0,19.0,9.4,350.0,20.6
2022-11-05 07:00:00,1011.8,-4.8,0.0,19.0,9.4,340.0,19.4
2022-11-05 08:00:00,1011.5,-4.4,0.0,21.0,7.6,330.0,18.3
2022-11-05 09:00:00,1011.5,-4.4,0.0,21.0,7.6,330.0,18.3
2022-11-05 10:00:00,1011.9,3.2,0.0,45.0,0.0,0.0,15.0
2022-11-05 11:00:00,1011.9,3.5,0.0,46.0,0.0,0.0,15.0
2022-11-05 12:00:00,1013.0,4.5,0.0,57.0,7.6,270.0,12.8
2022-11-05 13:00:00,1013.8,5.7,0.0,56.0,0.0,0.0,14.4
2022-11-05 14:00:00,1014.4,3.8,0.0,41.0,5.4,120.0,17.2
2022-11-05 15:00:00,1014.4,3.8,0.0,41.0,5.4,120.0,17.2
2022-11-05 16:00:00,1014.1,-1.8,0.0,20.0,13.0,80.0,22.2
2022-11-05 17:00:00,1013.2,-0.3,0.0,21.0,9.4,90.0,23.3
2022-11-05 18:00:00,1012.1,-1.1,0.0,19.0,7.6,90.0,23.9
2022-11-05 19:00:00,1012.1,-1.1,0.0,19.0,7.6,113.0,23.9
2022-11-05 20:00:00,1009.4,-0.5,0.0,18.0,13.0,180.0,25.6
2022-11-05 21:00:00,1009.1,-0.5,0.0,18.0,13.0,180.0,25.6
2022-11-05 22:00:00,1009.2,-0.2,0.0,19.0,11.2,160.0,25.0
2022-11-05 23:00:00,1009.6,2.4,0.0,29.0,11.2,140.0,21.1
2022-11-06 00:00:00,1009.6,2.4,0.0,29.0,11.2,140.0,21.1
2022-11-06 01:00:00,1011.2,6.8,0.0,47.0,9.4,150.0,18.3
2022-11-06 02:00:00,1011.4,7.8,0.0,54.0,9.4,160.0,17.2
2022-11-06 03:00:00,1011.7,10.1,0.0,63.0,11.2,170.0,17.2
2022-11-06 04:00:00,1011.6,10.6,0.0,70.0,9.4,160.0,16.1
2022-11-06 05:00:00,1011.6,10.6,0.0,70.0,9.4,160.0,16.1
2022-11-06 06:00:00,1011.4,10.0,0.0,83.0,0.0,0.0,12.8
2022-11-06 07:00:00,1011.1,10.6,0.0,93.0,0.0,0.0,11.7
2022-11-06 08:00:00,1010.7,9.9,0.0,86.0,0.0,0.0,12.2
2022-11-06 09:00:00,1010.7,9.9,0.0,86.0,0.0,0.0,12.2
2022-11-06 10:00:00,1010.5,12.1,0.0,83.0,0.0,0.0,15.0
2022-11-06 11:00:00,1010.5,12.1,0.0,83.0,0.0,0.0,15.0
2022-11-06 12:00:00,1010.9,12.1,0.0,83.0,0.0,0.0,15.0
2022-11-06 13:00:00,1012.4,13.3,0.0,75.0,0.0,0.0,17.8
2022-11-06 14:00:00,1012.4,13.3,0.0,75.0,0.0,0.0,17.8
2022-11-06 15:00:00,1013.4,16.1,0.0,73.0,0.0,0.0,21.1
2022-11-06 16:00:00,1013.4,19.4,0.0,81.0,9.4,210.0,22.8
2022-11-06 17:00:00,1013.4,19.4,0.0,81.0,9.4,210.0,22.8
2022-11-06 18:00:00,1011.8,21.0,0.0,69.0,16.6,180.0,27.2
2022-11-06 19:00:00,1011.8,21.0,0.0,69.0,16.6,180.0,27.2
2022-11-06 20:00:00,1010.5,20.6,0.0,61.0,16.6,160.0,28.9
2022-11-06 21:00:00,1010.4,20.0,0.0,57.0,14.8,200.0,29.4
2022-11-06 22:00:00,1010.6,20.1,0.0,59.0,9.4,160.0,28.9
2022-11-06 23:00:00,1010.6,20.1,0.0,59.0,9.4,160.0,28.9
2022-11-07 00:00:00,1011.9,20.0,0.0,74.0,0.0,0.0,25.0
2022-11-07 01:00:00,1012.8,20.1,0.0,82.0,0.0,0.0,23.3
2022-11-07 02:00:00,1013.6,21.0,0.0,84.0,9.4,130.0,23.9
2022-11-07 03:00:00,1013.6,21.0,0.0,84.0,9.4,130.0,23.9
2022-11-07 04:00:00,1014.3,22.2,0.0,90.0,7.6,120.0,23.9
2022-11-07 05:00:00,1015.0,22.8,0.0,91.0,9.4,130.0,24.4
2022-11-07 06:00:00,1015.0,22.8,0.0,91.0,9.4,130.0,24.4
2022-11-07 07:00:00,1015.0,23.4,0.0,94.0,7.6,110.0,24.4
2022-11-07 08:00:00,1015.4,23.2,0.0,96.0,11.2,120.0,23.9
2022-11-07 09:00:00,1015.2,23.2,0.0,96.0,11.2,130.0,23.9
2022-11-07 10:00:00,1017.0,23.2,0.0,96.0,7.6,120.0,23.9
2022-11-07 11:00:00,1016.3,23.2,1.8,96.0,7.6,130.0,23.9
2022-11-07 12:00:00,1016.3,23.2,0.0,96.0,7.6,130.0,23.9
2022-11-07 13:00:00,1017.9,23.2,0.1,96.0,11.2,110.0,23.9
2022-11-07 14:00:00,1017.9,23.2,3.8,96.0,11.2,110.0,23.9
2022-11-07 15:00:00,1019.0,24.0,0.1,88.0,16.6,150.0,26.1
2022-11-07 16:00:00,1019.0,24.0,0.3,88.0,16.6,150.0,26.1
2022-11-07 17:00:00,1020.0,23.4,0.0,77.0,16.6,140.0,27.8
2022-11-07 18:00:00,1017.3,22.2,0.0,63.0,14.8,140.0,30.0
2022-11-07 19:00:00,1017.3,22.2,0.0,63.0,14.8,140.0,30.0
2022-11-07 20:00:00,1016.2,20.6,0.0,59.0,20.5,160.0,29.4
2022-11-07 21:00:00,1016.1,21.1,0.0,57.0,18.4,150.0,30.6
2022-11-07 22:00:00,1016.1,20.0,0.0,57.0,22.3,140.0,29.4
2022-11-07 23:00:00,1016.1,20.0,0.0,57.0,22.3,140.0,29.4
2022-11-08 00:00:00,1017.6,18.3,0.0,62.0,14.8,140.0,26.1
2022-11-08 01:00:00,1018.7,18.2,0.0,66.0,13.0,140.0,25.0
2022-11-08 02:00:00,1019.5,18.8,0.0,76.0,9.4,130.0,23.3
2022-11-08 03:00:00,1020.0,20.0,0.0,84.0,11.2,130.0,22.8
2022-11-08 04:00:00,1020.0,20.0,0.0,84.0,11.2,130.0,22.8
2022-11-08 05:00:00,1020.4,21.2,0.0,88.0,13.0,130.0,23.3
2022-11-08 06:00:00,1020.3,21.2,0.0,94.0,9.4,110.0,22.2
2022-11-08 07:00:00,1020.4,20.6,0.0,97.0,0.0,0.0,21.1
2022-11-08 08:00:00,1020.4,20.6,0.0,97.0,0.0,0.0,21.1
2022-11-08 09:00:00,1020.0,19.9,0.0,96.0,5.4,110.0,20.6
2022-11-08 10:00:00,1020.0,19.9,0.0,96.0,0.0,0.0,20.6
2022-11-08 11:00:00,1020.3,19.9,0.0,93.0,7.6,60.0,21.1
2022-11-08 12:00:00,1020.3,19.9,0.0,93.0,7.6,60.0,21.1
2022-11-08 13:00:00,1020.6,19.4,0.0,90.0,5.4,80.0,21.1
2022-11-08 14:00:00,1022.0,20.0,0.0,84.0,14.8,110.0,22.8
2022-11-08 15:00:00,1022.3,19.5,0.0,79.0,13.0,100.0,23.3
2022-11-08 16:00:00,1021.8,19.5,0.0,74.0,11.2,110.0,24.4
2022-11-08 17:00:00,1021.8,19.5,0.0,74.0,11.2,110.0,24.4
2022-11-08 18:00:00,1021.2,20.0,0.0,69.0,9.4,140.0,26.1
2022-11-08 19:00:00,1019.4,19.3,0.0,64.0,14.8,130.0,26.7
2022-11-08 20:00:00,1018.6,19.3,0.0,60.0,14.8,110.0,27.8
2022-11-08 21:00:00,1018.3,20.1,0.0,61.0,13.0,120.0,28.3
2022-11-08 22:00:00,1018.6,20.1,0.0,63.0,11.2,120.0,27.8
2022-11-08 23:00:00,1018.6,20.1,0.0,63.0,11.2,80.0,27.8
2022-11-09 00:00:00,1019.6,20.7,0.0,77.0,14.8,90.0,25.0
2022-11-09 01:00:00,1020.1,22.3,0.2,94.0,9.4,190.0,23.3
2022-11-09 02:00:00,1020.1,22.3,3.0,94.0,9.4,190.0,23.3
2022-11-09 03:00:00,1020.1,22.3,0.0,94.0,9.4,100.0,23.3
2022-11-09 04:00:00,1020.1,21.7,0.0,91.0,22.3,130.0,23.3
2022-11-09 05:00:00,1020.1,21.8,0.0,94.0,16.6,130.0,22.8
2022-11-09 06:00:00,1019.7,21.1,0.0,90.0,14.8,130.0,22.8
2022-11-09 07:00:00,1019.5,21.2,0.0,94.0,16.6,130.0,22.2
2022-11-09 08:00:00,1019.5,21.2,0.0,94.0,16.6,130.0,22.2
2022-11-09 09:00:00,1018.7,21.2,0.0,94.0,9.4,120.0,22.2
2022-11-09 10:00:00,1018.7,21.2,0.0,94.0,9.4,120.0,22.2
2022-11-09 11:00:00,1018.6,20.7,0.0,94.0,13.0,110.0,21.7
2022-11-09 12:00:00,1020.0,20.7,0.0,94.0,9.4,120.0,21.7
2022-11-09 13:00:00,1019.1,20.7,0.0,94.0,7.6,130.0,21.7
2022-11-09 14:00:00,1020.0,21.2,0.0,94.0,11.2,110.0,22.2
2022-11-09 15:00:00,1020.0,21.1,0.0,82.0,13.0,140.0,24.4
2022-11-09 16:00:00,1019.7,20.7,0.0,77.0,13.0,140.0,25.0
2022-11-09 17:00:00,1019.7,20.7,0.2,77.0,13.0,140.0,25.0
2022-11-09 18:00:00,1018.9,20.6,0.0,74.0,11.2,130.0,25.6
2022-11-09 19:00:00,1016.5,21.1,0.0,74.0,5.4,140.0,26.1
2022-11-09 20:00:00,1015.4,19.5,0.0,59.0,18.4,160.0,28.3
2022-11-09 21:00:00,1015.0,17.9,0.0,55.0,18.4,160.0,27.8
2022-11-09 22:00:00,1014.5,16.1,0.0,49.0,22.3,150.0,27.8
2022-11-09 23:00:00,1014.5,16.1,0.0,49.0,22.3,150.0,27.8
2022-11-10 00:00:00,1014.9,16.7,0.0,64.0,11.2,130.0,23.9
2022-11-10 01:00:00,1015.3,17.7,0.0,71.0,18.4,130.0,23.3
2022-11-10 02:00:00,1015.3,17.7,0.0,71.0,18.4,130.0,23.3
2022-11-10 03:00:00,1015.8,19.0,0.0,82.0,14.8,140.0,22.2
2022-11-10 04:00:00,1015.6,20.0,0.0,90.0,18.4,130.0,21.7
2022-11-10 05:00:00,1015.1,20.6,0.0,97.0,13.0,150.0,21.1
2022-11-10 06:00:00,1015.1,20.6,0.0,97.0,13.0,150.0,21.1
2022-11-10 07:00:00,1014.5,20.6,0.0,97.0,7.6,160.0,21.1
2022-11-10 08:00:00,1014.1,19.9,0.0,96.0,7.6,140.0,20.6
2022-11-10 09:00:00,1012.6,19.9,0.0,96.0,0.0,0.0,20.6
2022-11-10 10:00:00,1012.6,19.9,0.0,96.0,0.0,0.0,20.6
2022-11-10 11:00:00,1012.3,18.9,0.0,100.0,5.4,130.0,18.9
2022-11-10 12:00:00,1013.4,20.0,0.0,100.0,0.0,0.0,20.0
2022-11-10 13:00:00,1012.4,20.6,0.0,100.0,0.0,0.0,20.6
2022-11-10 14:00:00,1012.8,21.0,0.0,94.0,11.2,150.0,22.0
2022-11-10 15:00:00,1012.9,20.7,0.0,94.0,11.2,150.0,21.7
2022-11-10 16:00:00,1013.2,19.4,0.0,81.0,13.0,190.0,22.8
2022-11-10 17:00:00,1012.8,18.9,0.0,69.0,16.6,170.0,25.0
2022-11-10 18:00:00,1012.3,17.9,0.0,61.0,13.0,190.0,26.0
2022-11-10 19:00:00,1009.8,16.9,0.0,51.0,18.4,180.0,28.0
2022-11-10 20:00:00,1008.6,18.1,0.0,55.0,11.2,150.0,28.0
2022-11-10 21:00:00,1007.9,16.9,0.0,51.0,11.2,150.0,28.0
2022-11-10 22:00:00,1007.7,17.2,0.0,51.0,11.2,150.0,28.3
2022-11-10 23:00:00,1007.5,17.9,0.0,61.0,7.6,130.0,26.0
2022-11-11 00:00:00,1007.6,17.8,0.0,62.0,7.6,130.0,25.6
2022-11-11 01:00:00,1007.7,18.3,0.0,64.0,9.4,120.0,25.6
2022-11-11 02:00:00,1007.7,17.9,0.0,67.0,7.6,120.0,24.4
2022-11-11 03:00:00,1008.3,17.7,0.0,73.0,9.4,140.0,22.8
2022-11-11 04:00:00,1008.4,18.9,0.0,84.0,11.2,140.0,21.7
2022-11-11 05:00:00,1008.5,19.4,0.0,87.0,9.4,160.0,21.7
2022-11-11 06:00:00,1007.9,19.9,0.0,93.0,5.4,180.0,21.1
2022-11-11 07:00:00,1007.3,19.9,0.0,93.0,11.2,170.0,21.1
2022-11-11 08:00:00,1007.3,19.9,0.0,93.0,11.2,170.0,21.1
2022-11-11 09:00:00,1006.7,20.7,0.0,94.0,13.0,170.0,21.7
2022-11-11 10:00:00,1006.7,20.7,0.0,94.0,13.0,170.0,21.7
2022-11-11 11:00:00,1007.1,20.7,0.0,94.0,7.6,150.0,21.7
2022-11-11 12:00:00,1007.5,20.7,0.0,94.0,0.0,0.0,21.7
2022-11-11 13:00:00,1009.0,20.7,0.0,94.0,7.6,100.0,21.7
2022-11-11 14:00:00,1008.7,20.6,0.0,85.0,13.0,170.0,23.3
2022-11-11 15:00:00,1009.0,20.6,0.0,82.0,14.8,220.0,23.9
2022-11-11 16:00:00,1008.3,20.0,0.0,74.0,14.8,190.0,25.0
2022-11-11 17:00:00,1008.3,20.0,0.0,74.0,14.8,190.0,25.0
2022-11-11 18:00:00,1007.5,19.3,0.0,60.0,9.4,190.0,27.8
2022-11-11 19:00:00,1008.2,19.3,0.0,60.0,9.4,190.0,27.8
2022-11-11 20:00:00,1009.3,12.3,0.0,70.0,35.3,340.0,17.8
2022-11-11 21:00:00,1010.5,9.9,1.1,69.0,29.5,360.0,15.6
2022-11-11 22:00:00,1010.5,9.9,0.0,69.0,27.7,10.0,15.6
2022-11-11 23:00:00,1013.1,8.9,0.0,77.0,22.3,360.0,12.8
2022-11-12 00:00:00,1014.5,6.6,0.0,71.0,22.3,360.0,11.7
2022-11-12 01:00:00,1015.8,5.6,0.0,66.0,27.7,360.0,11.7
2022-11-12 02:00:00,1017.0,3.8,0.0,63.0,27.7,360.0,10.6
2022-11-12 03:00:00,1017.0,3.8,0.0,63.0,27.7,10.0,10.6
2022-11-12 04:00:00,1018.8,1.8,0.0,61.0,27.7,360.0,8.9
2022-11-12 05:00:00,1019.2,1.1,0.0,58.0,20.5,360.0,8.9
2022-11-12 06:00:00,1020.1,-0.5,0.0,54.0,24.1,10.0,8.3
2022-11-12 07:00:00,1020.1,-0.5,0.0,54.0,24.1,10.0,8.3
2022-11-12 08:00:00,1020.9,-1.8,0.0,49.0,20.5,20.0,8.3
2022-11-12 09:00:00,1021.0,-1.7,0.0,51.0,22.3,10.0,7.8
2022-11-12 10:00:00,1022.2,-1.2,0.0,53.0,22.3,360.0,7.8
2022-11-12 11:00:00,1023.1,-1.0,0.0,56.0,20.5,10.0,7.2
2022-11-12 12:00:00,1024.0,-1.7,0.0,55.0,18.4,360.0,6.7
2022-11-12 13:00:00,1024.0,-1.7,0.0,55.0,18.4,360.0,6.7
2022-11-12 14:00:00,1025.7,-1.8,0.0,49.0,18.4,360.0,8.3
2022-11-12 15:00:00,1026.4,-0.5,0.0,46.0,16.6,20.0,10.6
2022-11-12 16:00:00,1025.9,0.0,0.0,43.0,18.4,360.0,12.2
2022-11-12 17:00:00,1025.9,0.0,0.0,43.0,18.4,360.0,12.2
2022-11-12 18:00:00,1023.9,-1.5,0.0,30.0,20.5,20.0,16.1
2022-11-12 19:00:00,1023.2,-2.9,0.0,26.0,20.5,20.0,16.7
2022-11-12 20:00:00,1022.9,-3.0,0.0,25.0,16.6,10.0,17.2
2022-11-12 21:00:00,1022.7,-3.0,0.0,25.0,22.3,20.0,17.2
2022-11-12 22:00:00,1022.7,-3.0,0.0,25.0,22.3,20.0,17.2
2022-11-12 23:00:00,1023.7,-3.0,0.0,30.0,13.0,10.0,14.4
2022-11-13 00:00:00,1024.3,-2.6,0.0,33.0,11.2,30.0,13.3
2022-11-13 01:00:00,1024.8,-3.2,0.0,34.0,13.0,40.0,12.2
2022-11-13 02:00:00,1024.8,-3.2,0.0,34.0,13.0,40.0,12.2
2022-11-13 03:00:00,1025.8,-2.7,0.0,41.0,7.6,70.0,10.0
2022-11-13 04:00:00,1026.1,-2.1,0.0,46.0,7.6,50.0,8.9
2022-11-13 05:00:00,1025.8,-2.7,0.0,46.0,13.0,40.0,8.3
2022-11-13 06:00:00,1025.7,-2.8,0.0,47.0,7.6,40.0,7.8
2022-11-13 07:00:00,1025.5,-2.3,0.0,51.0,9.4,30.0,7.2
2022-11-13 08:00:00,1025.5,-2.3,0.0,51.0,9.4,30.0,7.2
2022-11-13 09:00:00,1025.2,-3.3,0.0,49.0,9.4,40.0,6.7
2022-11-13 10:00:00,1025.4,-3.8,0.0,49.0,7.6,50.0,6.1
2022-11-13 11:00:00,1025.7,-3.2,0.0,53.0,9.4,40.0,5.6
2022-11-13 12:00:00,1025.7,-3.2,0.0,53.0,9.4,40.0,5.6
2022-11-13 13:00:00,1026.1,-3.3,0.0,51.0,11.2,50.0,6.1
2022-11-13 14:00:00,1026.4,-3.9,0.0,42.0,16.6,80.0,8.3
2022-11-13 15:00:00,1026.1,-5.6,0.0,33.0,14.8,80.0,10.0
2022-11-13 16:00:00,1025.3,-4.9,0.0,31.0,13.0,70.0,11.7
2022-11-13 17:00:00,1025.3,-4.9,0.0,31.0,13.0,70.0,11.7
2022-11-13 18:00:00,1022.1,-5.9,0.0,24.0,13.0,130.0,14.4
2022-11-13 19:00:00,1020.4,-5.5,0.0,23.0,16.6,100.0,15.6
2022-11-13 20:00:00,1020.4,-5.5,0.0,23.0,16.6,100.0,15.6
2022-11-13 21:00:00,1019.1,-4.5,0.0,24.0,18.4,150.0,16.1
2022-11-13 22:00:00,1019.1,-4.5,0.0,24.0,18.4,150.0,16.1
2022-11-13 23:00:00,1018.3,-3.5,0.0,31.0,9.4,120.0,13.3
2022-11-14 00:00:00,1018.4,-2.9,0.0,36.0,11.2,120.0,11.7
2022-11-14 01:00:00,1018.8,-2.3,0.0,35.0,13.0,120.0,12.8
2022-11-14 02:00:00,1018.7,-0.5,0.0,40.0,11.2,120.0,12.8
2022-11-14 03:00:00,1018.7,-0.5,0.0,40.0,11.2,120.0,12.8
2022-11-14 04:00:00,1018.5,0.0,0.0,40.0,9.4,120.0,13.3
2022-11-14 05:00:00,1017.0,5.7,0.0,62.0,11.2,120.0,12.8
2022-11-14 06:00:00,1016.5,7.8,0.0,80.0,13.0,120.0,11.1
2022-11-14 07:00:00,1016.5,7.8,0.0,80.0,13.0,120.0,11.1
2022-11-14 08:00:00,1014.9,8.9,0.0,93.0,11.2,70.0,10.0
2022-11-14 09:00:00,1014.2,9.4,0.2,96.0,13.0,70.0,10.0
2022-11-14 10:00:00,1013.8,9.4,0.3,96.0,13.0,50.0,10.0
2022-11-14 11:00:00,1013.6,10.0,0.3,96.0,11.2,60.0,10.6
2022-11-14 12:00:00,1013.6,10.0,1.3,96.0,11.2,60.0,10.6
2022-11-14 13:00:00,1013.7,10.0,0.5,100.0,11.2,60.0,10.0
2022-11-14 14:00:00,1014.0,10.0,0.8,96.0,11.2,70.0,10.6
2022-11-14 15:00:00,1013.9,11.1,0.3,100.0,9.4,70.0,11.1
2022-11-14 16:00:00,1013.9,11.1,0.3,100.0,9.4,70.0,11.1
2022-11-14 17:00:00,1013.2,12.2,0.5,100.0,11.2,350.0,12.2
2022-11-14 18:00:00,1013.2,12.2,0.0,100.0,11.2,350.0,12.2
2022-11-14 19:00:00,1012.2,13.3,0.5,93.0,11.2,350.0,14.4
2022-11-14 20:00:00,1012.2,13.3,0.0,93.0,11.2,350.0,14.4
2022-11-14 21:00:00,1011.9,14.3,0.0,86.0,9.4,350.0,16.7
2022-11-14 22:00:00,1012.1,14.5,0.0,81.0,5.4,150.0,17.8
2022-11-14 23:00:00,1012.8,13.9,0.0,93.0,5.4,150.0,15.0
2022-11-15 00:00:00,1013.9,13.3,0.0,96.0,0.0,0.0,13.9
2022-11-15 01:00:00,1015.6,12.8,0.0,93.0,11.2,30.0,13.9
2022-11-15 02:00:00,1015.6,12.8,0.0,93.0,11.2,30.0,13.9
2022-11-15 03:00:00,1018.0,10.6,0.0,93.0,11.2,40.0,11.7
2022-11-15 04:00:00,1018.9,10.6,0.0,97.0,11.2,40.0,11.1
2022-11-15 05:00:00,1018.9,10.6,0.0,97.0,11.2,40.0,11.1
2022-11-15 06:00:00,1019.7,9.4,0.0,86.0,9.4,30.0,11.7
2022-11-15 07:00:00,1020.5,9.4,0.0,86.0,0.0,0.0,11.7
2022-11-15 08:00:00,1022.1,1.2,0.0,61.0,13.0,350.0,8.3
2022-11-15 09:00:00,1022.9,0.6,0.0,63.0,16.6,350.0,7.2
2022-11-15 10:00:00,1024.3,1.2,0.0,68.0,5.4,320.0,6.7
2022-11-15 11:00:00,1025.2,0.6,0.0,68.0,13.0,340.0,6.1
2022-11-15 12:00:00,1025.2,0.6,0.0,68.0,13.0,340.0,6.1
2022-11-15 13:00:00,1026.8,-0.6,0.0,67.0,14.8,10.0,5.0
2022-11-15 14:00:00,1027.9,-0.6,0.0,62.0,16.6,10.0,6.1
2022-11-15 15:00:00,1027.6,0.0,0.0,58.0,16.6,30.0,7.8
2022-11-15 16:00:00,1027.7,0.6,0.0,52.0,16.6,20.0,10.0
2022-11-15 17:00:00,1027.7,0.6,0.0,52.0,16.6,20.0,10.0
2022-11-15 18:00:00,1025.9,0.6,0.0,45.0,16.6,40.0,12.2
2022-11-15 19:00:00,1025.0,0.5,0.0,40.0,13.0,60.0,13.9
2022-11-15 20:00:00,1024.7,1.0,0.0,40.0,20.5,60.0,14.4
2022-11-15 21:00:00,1024.7,1.0,0.0,40.0,20.5,60.0,14.4
2022-11-15 22:00:00,1025.1,1.2,0.0,45.0,22.3,20.0,12.8
2022-11-15 23:00:00,1026.0,1.6,0.0,50.0,13.0,10.0,11.7
2022-11-16 00:00:00,1026.9,1.7,0.0,54.0,11.2,30.0,10.6
2022-11-16 01:00:00,1027.7,1.8,0.0,59.0,13.0,40.0,9.4
2022-11-16 02:00:00,1027.7,1.8,0.0,59.0,13.0,40.0,9.4
2022-11-16 03:00:00,1028.3,2.1,0.0,65.0,11.2,40.0,8.3
2022-11-16 04:00:00,1028.7,2.3,0.0,68.0,11.2,70.0,7.8
2022-11-16 05:00:00,1029.0,2.8,0.0,76.0,13.0,70.0,6.7
2022-11-16 06:00:00,1029.0,2.7,0.0,79.0,9.4,50.0,6.1
2022-11-16 07:00:00,1029.0,2.7,0.0,79.0,9.4,50.0,6.1
2022-11-16 08:00:00,1029.2,3.3,0.0,82.0,5.4,30.0,6.1
2022-11-16 09:00:00,1030.0,2.7,0.0,79.0,13.0,60.0,6.1
2022-11-16 10:00:00,1029.7,2.2,0.0,76.0,18.4,50.0,6.1
2022-11-16 11:00:00,1030.4,1.6,0.0,73.0,20.5,30.0,6.1
2022-11-16 12:00:00,1030.4,1.6,0.0,73.0,20.5,30.0,6.1
2022-11-16 13:00:00,1031.2,1.6,0.0,73.0,16.6,50.0,6.1
2022-11-16 14:00:00,1032.1,1.6,0.0,70.0,13.0,30.0,6.7
2022-11-16 15:00:00,1032.2,1.2,0.0,61.0,20.5,30.0,8.3
2022-11-16 16:00:00,1032.2,1.2,0.0,61.0,20.5,30.0,8.3
2022-11-16 17:00:00,1031.0,0.2,0.0,45.0,18.4,60.0,11.7
2022-11-16 18:00:00,1029.7,-0.7,0.0,38.0,16.6,60.0,13.3
2022-11-16 19:00:00,1028.7,-1.7,0.0,34.0,18.4,50.0,13.9
2022-11-16 20:00:00,1028.3,-1.5,0.0,31.0,18.4,70.0,15.6
2022-11-16 21:00:00,1028.3,-1.5,0.0,31.0,18.4,70.0,15.6
2022-11-16 22:00:00,1028.4,-2.1,0.0,33.0,16.6,60.0,13.9
2022-11-16 23:00:00,1028.9,-1.2,0.0,38.0,18.4,60.0,12.8
2022-11-17 00:00:00,1029.8,-1.1,0.0,41.0,11.2,50.0,11.7
2022-11-17 01:00:00,1030.7,-1.7,0.0,41.0,16.6,40.0,11.1
2022-11-17 02:00:00,1030.7,-1.7,0.0,41.0,16.6,40.0,11.1
2022-11-17 03:00:00,1031.2,-1.7,0.0,44.0,13.0,30.0,10.0
2022-11-17 04:00:00,1031.6,-1.0,0.0,50.0,9.4,30.0,8.9
2022-11-17 05:00:00,1031.3,-0.7,0.0,51.0,11.2,30.0,8.9
2022-11-17 06:00:00,1031.3,-0.7,0.0,51.0,11.2,30.0,8.9
2022-11-17 07:00:00,1030.7,-0.5,0.0,50.0,9.4,20.0,9.4
2022-11-17 08:00:00,1030.4,-0.5,0.0,50.0,9.4,20.0,9.4
2022-11-17 09:00:00,1030.8,0.0,0.0,52.0,0.0,0.0,9.4
2022-11-17 10:00:00,1030.8,0.6,0.0,56.0,0.0,0.0,8.9
2022-11-17 11:00:00,1030.5,1.1,0.0,58.0,0.0,0.0,8.9
2022-11-17 12:00:00,1030.5,1.1,0.0,58.0,0.0,0.0,8.9
2022-11-17 13:00:00,1031.1,2.2,0.0,63.0,0.0,0.0,8.9
2022-11-17 14:00:00,1031.8,2.7,0.0,63.0,5.4,40.0,9.4
2022-11-17 15:00:00,1031.8,2.7,0.0,63.0,5.4,40.0,9.4
2022-11-17 16:00:00,1032.1,1.1,0.0,50.0,9.4,60.0,11.1
2022-11-17 17:00:00,1030.5,-0.6,0.0,37.0,11.2,100.0,13.9
2022-11-17 18:00:00,1029.1,-1.7,0.0,34.0,7.6,140.0,13.9
2022-11-17 19:00:00,1027.8,-1.7,0.0,33.0,11.2,160.0,14.4
2022-11-17 20:00:00,1027.0,-2.0,0.0,31.0,5.4,190.0,15.0
2022-11-17 21:00:00,1027.0,-2.0,0.0,31.0,5.4,190.0,15.0
2022-11-17 22:00:00,1026.4,-3.0,0.0,30.0,5.4,80.0,14.4
2022-11-17 23:00:00,1026.4,-3.0,0.0,30.0,5.4,80.0,14.4
2022-11-18 00:00:00,1027.3,-0.5,0.0,40.0,11.2,150.0,12.8
2022-11-18 01:00:00,1027.3,-0.5,0.0,40.0,11.2,150.0,12.8
2022-11-18 02:00:00,1027.7,-0.7,0.0,41.0,7.6,160.0,12.2
2022-11-18 03:00:00,1027.9,0.6,0.0,52.0,5.4,170.0,10.0
2022-11-18 04:00:00,1027.6,0.6,0.0,56.0,0.0,0.0,8.9
2022-11-18 05:00:00,1027.4,2.2,0.0,63.0,0.0,0.0,8.9
2022-11-18 06:00:00,1027.4,2.2,0.0,63.0,0.0,0.0,8.9
2022-11-18 07:00:00,1026.2,1.7,0.0,54.0,0.0,0.0,10.6
2022-11-18 08:00:00,1025.9,1.7,0.0,54.0,5.4,40.0,10.6
2022-11-18 09:00:00,1025.7,1.1,0.0,52.0,0.0,0.0,10.6
2022-11-18 10:00:00,1025.7,1.1,0.0,52.0,0.0,0.0,10.6
2022-11-18 11:00:00,1025.5,1.7,0.0,54.0,7.6,70.0,10.6
2022-11-18 12:00:00,1025.9,2.2,0.0,56.0,7.6,70.0,10.6
2022-11-18 13:00:00,1026.3,2.1,0.0,54.0,9.4,80.0,11.1
2022-11-18 14:00:00,1026.9,2.1,0.0,54.0,13.0,100.0,11.1
2022-11-18 15:00:00,1026.9,2.1,0.0,54.0,13.0,100.0,11.1
2022-11-18 16:00:00,1027.0,1.2,0.0,47.0,13.0,70.0,12.2
2022-11-18 17:00:00,1026.0,0.5,0.0,43.0,14.8,80.0,12.8
2022-11-18 18:00:00,1024.9,0.2,0.0,39.0,18.4,60.0,13.9
2022-11-18 19:00:00,1024.0,0.5,0.0,40.0,14.8,70.0,13.9
2022-11-18 20:00:00,1024.0,0.5,0.0,40.0,14.8,70.0,13.9
2022-11-18 21:00:00,1023.5,2.9,0.0,53.0,13.0,60.0,12.2
2022-11-18 22:00:00,1023.5,2.9,0.0,53.0,13.0,60.0,12.2
2022-11-18 23:00:00,1024.0,2.9,0.0,53.0,16.6,60.0,12.2
2022-11-19 00:00:00,1025.3,1.6,0.0,52.0,20.5,60.0,11.1
2022-11-19 01:00:00,1025.3,1.6,0.0,52.0,20.5,60.0,11.1
2022-11-19 02:00:00,1025.9,0.6,0.0,50.0,14.8,60.0,10.6
2022-11-19 03:00:00,1026.0,0.5,0.0,48.0,16.6,40.0,11.1
2022-11-19 04:00:00,1026.0,0.5,0.0,48.0,16.6,40.0,11.1
2022-11-19 05:00:00,1025.9,2.9,0.0,59.0,14.8,30.0,10.6
2022-11-19 06:00:00,1025.9,2.2,0.0,56.0,11.2,30.0,10.6
2022-11-19 07:00:00,1025.0,1.7,0.0,54.0,13.0,30.0,10.6
2022-11-19 08:00:00,1024.9,2.2,0.0,56.0,16.6,20.0,10.6
2022-11-19 09:00:00,1024.3,3.9,0.0,66.0,20.5,30.0,10.0
2022-11-19 10:00:00,1024.3,3.9,0.0,66.0,20.5,30.0,10.0
2022-11-19 11:00:00,1024.6,5.0,0.3,74.0,22.3,30.0,9.4
2022-11-19 12:00:00,1025.9,5.1,0.5,83.0,14.8,10.0,7.8
2022-11-19 13:00:00,1027.3,4.3,0.7,82.0,16.6,20.0,7.2
2022-11-19 14:00:00,1028.0,5.0,2.3,89.0,14.8,20.0,6.7
2022-11-19 15:00:00,1028.0,5.0,6.1,89.0,14.8,20.0,6.7
2022-11-19 16:00:00,1028.6,4.4,0.5,92.0,24.1,30.0,5.6
2022-11-19 17:00:00,1029.2,5.0,0.3,96.0,16.6,20.0,5.6
2022-11-19 18:00:00,1029.2,5.0,0.5,96.0,16.6,20.0,5.6
2022-11-19 19:00:00,1027.8,4.4,0.4,92.0,22.3,360.0,5.6
2022-11-19 20:00:00,1027.8,4.4,0.2,92.0,22.3,360.0,5.6
2022-11-19 21:00:00,1027.6,3.9,0.3,86.0,22.3,10.0,6.1
2022-11-19 22:00:00,1028.1,3.3,0.0,82.0,20.5,20.0,6.1
2022-11-19 23:00:00,1028.6,3.3,0.0,82.0,16.6,10.0,6.1
2022-11-20 00:00:00,1028.6,3.3,0.0,82.0,16.6,10.0,6.1
2022-11-20 01:00:00,1029.2,3.3,0.0,82.0,14.8,20.0,6.1
2022-11-20 02:00:00,1030.4,3.3,0.0,82.0,16.6,10.0,6.1
2022-11-20 03:00:00,1030.9,2.7,0.0,79.0,20.5,10.0,6.1
2022-11-20 04:00:00,1031.5,2.7,0.0,79.0,13.0,360.0,6.1
2022-11-20 05:00:00,1031.2,2.7,0.0,79.0,13.0,10.0,6.1
2022-11-20 06:00:00,1031.2,2.7,0.0,79.0,13.0,10.0,6.1
2022-11-20 07:00:00,1031.1,0.6,0.0,68.0,13.0,10.0,6.1
2022-11-20 08:00:00,1030.8,0.6,0.0,68.0,11.2,20.0,6.1
2022-11-20 09:00:00,1030.2,0.0,0.0,65.0,14.8,40.0,6.1
2022-11-20 10:00:00,1030.2,0.0,0.0,65.0,14.8,40.0,6.1
2022-11-20 11:00:00,1030.8,-1.0,0.0,58.0,13.0,20.0,6.7
2022-11-20 12:00:00,1031.4,-1.7,0.0,55.0,16.6,30.0,6.7
2022-11-20 13:00:00,1031.9,-1.7,0.0,55.0,11.2,30.0,6.7
2022-11-20 14:00:00,1032.2,-2.2,0.0,53.0,16.6,40.0,6.7
2022-11-20 15:00:00,1032.2,-2.2,0.0,53.0,16.6,40.0,6.7
2022-11-20 16:00:00,1032.0,-2.7,0.0,46.0,16.6,70.0,8.3
2022-11-20 17:00:00,1030.8,-2.2,0.0,44.0,16.6,30.0,9.4
2022-11-20 18:00:00,1029.8,-1.7,0.0,44.0,11.2,30.0,10.0
2022-11-20 19:00:00,1029.0,-1.7,0.0,44.0,9.4,30.0,10.0
2022-11-20 20:00:00,1029.0,-1.7,0.0,44.0,9.4,30.0,10.0
2022-11-20 21:00:00,1028.2,-1.7,0.0,44.0,11.2,10.0,10.0
2022-11-20 22:00:00,1028.2,-1.7,0.0,44.0,11.2,10.0,10.0
2022-11-20 23:00:00,1028.2,-1.6,0.0,46.0,9.4,10.0,9.4
2022-11-21 00:00:00,1028.1,-1.1,0.0,48.0,9.4,20.0,9.4
2022-11-21 01:00:00,1028.7,-1.0,0.0,50.0,11.2,40.0,8.9
2022-11-21 02:00:00,1028.4,0.6,0.0,56.0,13.0,20.0,8.9
2022-11-21 03:00:00,1029.0,2.3,0.0,68.0,7.6,360.0,7.8
2022-11-21 04:00:00,1028.9,3.3,0.0,79.0,13.0,360.0,6.7
2022-11-21 05:00:00,1028.9,3.3,0.0,79.0,13.0,360.0,6.7
2022-11-21 06:00:00,1028.9,3.8,0.0,82.0,9.4,30.0,6.7
2022-11-21 07:00:00,1028.9,1.6,0.0,70.0,11.2,10.0,6.7
2022-11-21 08:00:00,1028.1,2.2,0.0,73.0,11.2,360.0,6.7
2022-11-21 09:00:00,1028.3,4.4,0.2,92.0,5.4,40.0,5.6
2022-11-21 10:00:00,1028.3,4.4,2.0,92.0,5.4,40.0,5.6
2022-11-21 11:00:00,1028.4,4.0,4.1,93.0,11.2,40.0,5.0
2022-11-21 12:00:00,1028.5,4.4,2.5,96.0,11.2,30.0,5.0
2022-11-21 13:00:00,1028.5,4.4,1.0,96.0,11.2,30.0,5.0
2022-11-21 14:00:00,1029.1,4.0,2.0,93.0,11.2,40.0,5.0
2022-11-21 15:00:00,1029.8,4.4,1.0,92.0,7.6,50.0,5.6
2022-11-21 16:00:00,1030.2,5.1,0.3,93.0,9.4,20.0,6.1
2022-11-21 17:00:00,1029.4,5.6,0.8,93.0,7.6,30.0,6.7
2022-11-21 18:00:00,1028.6,6.1,0.3,93.0,9.4,20.0,7.2
2022-11-21 19:00:00,1028.6,6.1,0.3,93.0,9.4,20.0,7.2
2022-11-21 20:00:00,1027.5,6.7,0.3,93.0,5.4,20.0,7.8
2022-11-21 21:00:00,1027.5,6.7,0.3,93.0,5.4,20.0,7.8
2022-11-21 22:00:00,1027.4,6.8,0.3,90.0,7.6,20.0,8.3
2022-11-21 23:00:00,1027.3,7.2,0.3,93.0,5.4,30.0,8.3
2022-11-22 00:00:00,1027.4,7.2,0.2,93.0,7.6,40.0,8.3
2022-11-22 01:00:00,1027.9,7.2,0.0,93.0,9.4,80.0,8.3
2022-11-22 02:00:00,1028.7,7.2,0.0,96.0,7.6,40.0,7.8
2022-11-22 03:00:00,1028.6,7.2,0.0,93.0,5.4,50.0,8.3
2022-11-22 04:00:00,1028.4,7.2,0.0,93.0,5.4,360.0,8.3
2022-11-22 05:00:00,1028.4,7.2,0.0,93.0,5.4,360.0,8.3
2022-11-22 06:00:00,1027.6,7.8,0.0,93.0,5.4,160.0,8.9
2022-11-22 07:00:00,1026.8,7.8,0.0,93.0,0.0,0.0,8.9
2022-11-22 08:00:00,1026.3,7.8,0.0,93.0,5.4,30.0,8.9
2022-11-22 09:00:00,1026.3,7.8,0.0,93.0,5.4,30.0,8.9
2022-11-22 10:00:00,1026.2,7.8,0.3,93.0,7.6,30.0,8.9
2022-11-22 11:00:00,1026.6,8.3,0.1,96.0,0.0,0.0,8.9
2022-11-22 12:00:00,1026.6,8.3,0.0,96.0,0.0,0.0,8.9
2022-11-22 13:00:00,1027.3,8.3,0.3,96.0,7.6,60.0,8.9
2022-11-22 14:00:00,1027.3,8.3,0.3,96.0,7.6,60.0,8.9
2022-11-22 15:00:00,1027.9,8.3,0.1,89.0,5.4,50.0,10.0
2022-11-22 16:00:00,1027.9,8.3,0.4,89.0,5.4,50.0,10.0
2022-11-22 17:00:00,1026.6,8.8,0.3,86.0,5.4,60.0,11.1
2022-11-22 18:00:00,1026.6,8.8,0.3,86.0,5.4,40.0,11.1
2022-11-22 19:00:00,1025.5,10.0,0.0,93.0,7.6,50.0,11.1
2022-11-22 20:00:00,1024.5,10.0,0.0,93.0,5.4,40.0,11.1
2022-11-22 21:00:00,1023.3,10.6,0.0,93.0,7.6,80.0,11.7
2022-11-22 22:00:00,1023.1,10.6,0.0,93.0,0.0,0.0,11.7
2022-11-22 23:00:00,1023.1,10.6,0.0,93.0,5.4,110.0,11.7
2022-11-23 00:00:00,1023.1,10.6,0.0,93.0,5.4,110.0,11.7
2022-11-23 01:00:00,1023.7,10.6,0.3,97.0,7.6,100.0,11.1
2022-11-23 02:00:00,1024.1,10.6,0.0,100.0,5.4,130.0,10.6
2022-11-23 03:00:00,1024.1,10.6,0.3,100.0,5.4,130.0,10.6
2022-11-23 04:00:00,1023.9,10.6,0.5,100.0,0.0,0.0,10.6
2022-11-23 05:00:00,1023.5,10.0,0.0,96.0,7.6,50.0,10.6
2022-11-23 06:00:00,1022.3,10.0,0.0,96.0,5.4,360.0,10.6
2022-11-23 07:00:00,1021.7,10.6,0.3,100.0,7.6,340.0,10.6
2022-11-23 08:00:00,1021.7,10.6,0.0,100.0,7.6,340.0,10.6
2022-11-23 09:00:00,1020.8,10.6,0.0,97.0,5.4,310.0,11.1
2022-11-23 10:00:00,1020.8,10.6,0.0,97.0,5.4,310.0,11.1
2022-11-23 11:00:00,1020.1,10.6,0.0,97.0,0.0,0.0,11.1
2022-11-23 12:00:00,1020.4,10.6,0.0,93.0,0.0,0.0,11.7
2022-11-23 13:00:00,1020.8,10.6,0.0,93.0,0.0,0.0,11.7
2022-11-23 14:00:00,1020.8,10.6,0.4,93.0,0.0,0.0,11.7
2022-11-23 15:00:00,1020.9,9.4,0.0,80.0,11.2,40.0,12.8
2022-11-23 16:00:00,1020.1,10.7,0.0,84.0,7.6,40.0,13.3
2022-11-23 17:00:00,1020.1,10.7,0.0,84.0,7.6,60.0,13.3
2022-11-23 18:00:00,1017.4,12.1,0.2,83.0,5.4,80.0,15.0
2022-11-23 19:00:00,1017.4,12.1,0.0,83.0,5.4,130.0,15.0
2022-11-23 20:00:00,1014.9,12.8,0.0,81.0,7.6,110.0,16.1
2022-11-23 21:00:00,1015.1,12.8,0.0,81.0,0.0,0.0,16.1
2022-11-23 22:00:00,1015.1,12.8,0.0,81.0,0.0,0.0,16.1
2022-11-23 23:00:00,1014.8,14.5,0.0,90.0,0.0,0.0,16.1
2022-11-24 00:00:00,1014.8,14.5,0.0,90.0,0.0,0.0,16.1
2022-11-24 01:00:00,1014.9,14.5,0.0,90.0,7.6,120.0,16.1
2022-11-24 02:00:00,1014.9,14.5,0.1,90.0,7.6,120.0,16.1
2022-11-24 03:00:00,1014.5,15.6,0.0,100.0,0.0,0.0,15.6
2022-11-24 04:00:00,1014.5,15.6,0.0,100.0,0.0,0.0,15.6
2022-11-24 05:00:00,1014.5,15.6,0.5,100.0,0.0,0.0,15.6
2022-11-24 06:00:00,1012.9,15.6,0.9,100.0,0.0,0.0,15.6
2022-11-24 07:00:00,1012.5,15.6,0.5,100.0,0.0,0.0,15.6
2022-11-24 08:00:00,1011.9,16.1,0.0,100.0,0.0,0.0,16.1
2022-11-24 09:00:00,1011.9,16.1,0.0,100.0,0.0,0.0,16.1
2022-11-24 10:00:00,1011.3,16.1,0.0,100.0,0.0,0.0,16.1
2022-11-24 11:00:00,1010.9,17.2,0.3,100.0,0.0,0.0,17.2
2022-11-24 12:00:00,1010.9,17.2,0.2,100.0,0.0,0.0,17.2
2022-11-24 13:00:00,1010.3,17.2,0.5,100.0,18.4,150.0,17.2
2022-11-24 14:00:00,1011.5,18.3,0.0,100.0,0.0,0.0,18.3
2022-11-24 15:00:00,1010.5,20.6,0.2,100.0,14.8,110.0,20.6
2022-11-24 16:00:00,1010.2,21.0,0.0,96.0,7.6,230.0,21.7
2022-11-24 17:00:00,1010.2,21.0,0.0,96.0,7.6,230.0,21.7
2022-11-24 18:00:00,1010.4,21.0,0.0,96.0,18.4,260.0,21.7
2022-11-24 19:00:00,1009.5,19.0,0.0,82.0,9.4,240.0,22.2
2022-11-24 20:00:00,1009.4,18.4,0.0,79.0,7.6,310.0,22.2
2022-11-24 21:00:00,1009.4,18.4,0.0,79.0,7.6,310.0,22.2
2022-11-24 22:00:00,1010.0,19.0,0.0,82.0,7.6,300.0,22.2
2022-11-24 23:00:00,1010.0,19.0,0.0,82.0,7.6,300.0,22.2
2022-11-25 00:00:00,1011.2,18.3,0.0,90.0,16.6,70.0,20.0
2022-11-25 01:00:00,1013.5,15.6,0.0,87.0,24.1,60.0,17.8
2022-11-25 02:00:00,1014.4,15.6,0.0,87.0,24.1,60.0,17.8
2022-11-25 03:00:00,1014.4,15.6,0.0,87.0,24.1,60.0,17.8
2022-11-25 04:00:00,1016.0,15.0,0.0,87.0,18.4,40.0,17.2
2022-11-25 05:00:00,1015.5,15.0,0.0,87.0,22.3,60.0,17.2
2022-11-25 06:00:00,1016.0,15.0,0.0,87.0,13.0,60.0,17.2
2022-11-25 07:00:00,1016.0,15.0,0.0,87.0,13.0,60.0,17.2
2022-11-25 08:00:00,1016.4,15.0,0.0,87.0,11.2,40.0,17.2
2022-11-25 09:00:00,1016.5,15.1,0.0,90.0,14.8,40.0,16.7
2022-11-25 10:00:00,1015.6,14.5,0.0,90.0,13.0,30.0,16.1
2022-11-25 11:00:00,1015.8,14.5,0.0,90.0,13.0,40.0,16.1
2022-11-25 12:00:00,1016.5,14.5,0.0,90.0,16.6,40.0,16.1
2022-11-25 13:00:00,1017.2,14.0,0.0,90.0,16.6,30.0,15.6
2022-11-25 14:00:00,1018.2,13.3,0.0,86.0,18.4,40.0,15.6
2022-11-25 15:00:00,1018.2,13.3,0.0,86.0,18.4,40.0,15.6
2022-11-25 16:00:00,1018.7,12.8,0.0,81.0,13.0,40.0,16.1
2022-11-25 17:00:00,1017.8,12.8,0.0,81.0,20.5,50.0,16.1
2022-11-25 18:00:00,1016.9,12.8,0.0,81.0,20.5,50.0,16.1
2022-11-25 19:00:00,1016.9,12.8,0.0,81.0,20.5,50.0,16.1
2022-11-25 20:00:00,1016.2,13.3,0.0,86.0,18.4,50.0,15.6
2022-11-25 21:00:00,1016.2,13.3,0.3,86.0,18.4,50.0,15.6
2022-11-25 22:00:00,1016.2,12.9,0.0,87.0,13.0,30.0,15.0
2022-11-25 23:00:00,1016.2,12.9,0.0,87.0,13.0,30.0,15.0
2022-11-26 00:00:00,1016.2,13.3,0.7,93.0,11.2,40.0,14.4
2022-11-26 01:00:00,1016.5,13.4,0.0,90.0,11.2,40.0,15.0
2022-11-26 02:00:00,1016.5,13.9,0.0,93.0,5.4,350.0,15.0
2022-11-26 03:00:00,1016.5,13.9,0.0,93.0,5.4,350.0,15.0
2022-11-26 04:00:00,1016.1,13.9,0.8,97.0,11.2,330.0,14.4
2022-11-26 05:00:00,1017.2,11.7,8.6,97.0,11.2,280.0,12.2
2022-11-26 06:00:00,1017.2,11.7,4.1,97.0,29.5,290.0,12.2
2022-11-26 07:00:00,1016.0,10.0,2.3,96.0,18.4,320.0,10.6
2022-11-26 08:00:00,1016.0,10.6,0.8,97.0,14.8,290.0,11.1
2022-11-26 09:00:00,1016.0,10.6,2.8,97.0,14.8,290.0,11.1
2022-11-26 10:00:00,1014.6,10.0,0.3,93.0,7.6,330.0,11.1
2022-11-26 11:00:00,1015.6,10.0,0.8,93.0,16.6,280.0,11.1
2022-11-26 12:00:00,1015.6,8.9,0.0,93.0,13.0,280.0,10.0
2022-11-26 13:00:00,1015.6,8.9,0.0,93.0,13.0,280.0,10.0
2022-11-26 14:00:00,1015.6,5.6,0.0,69.0,14.8,290.0,11.1
2022-11-26 15:00:00,1015.6,5.6,0.0,69.0,27.7,290.0,11.1
2022-11-26 16:00:00,1015.1,5.0,0.0,57.0,24.1,280.0,13.3
2022-11-26 17:00:00,1013.8,4.3,0.0,47.0,27.7,270.0,15.6
2022-11-26 18:00:00,1013.8,4.3,0.0,47.0,27.7,270.0,15.6
2022-11-26 19:00:00,1011.6,4.4,0.0,44.0,38.9,290.0,16.7
2022-11-26 20:00:00,1011.0,5.2,0.0,45.0,35.3,280.0,17.2
2022-11-26 21:00:00,1010.3,5.1,0.0,43.0,29.5,260.0,17.8
2022-11-26 22:00:00,1010.0,6.1,0.0,48.0,13.0,240.0,17.2
2022-11-26 23:00:00,1010.0,6.1,0.0,48.0,13.0,240.0,17.2
2022-11-27 00:00:00,1010.7,5.7,0.0,60.0,5.4,220.0,13.3
2022-11-27 01:00:00,1011.0,6.6,0.0,74.0,0.0,0.0,11.1
2022-11-27 02:00:00,1011.4,6.7,0.0,83.0,0.0,0.0,9.4
2022-11-27 03:00:00,1011.4,6.7,0.0,83.0,0.0,0.0,9.4
2022-11-27 04:00:00,1011.6,5.6,0.0,74.0,13.0,220.0,10.0
2022-11-27 05:00:00,1011.6,5.6,0.0,74.0,13.0,220.0,10.0
2022-11-27 06:00:00,1011.7,6.1,0.0,86.0,5.4,290.0,8.3
2022-11-27 07:00:00,1011.5,6.1,0.0,93.0,0.0,0.0,7.2
2022-11-27 08:00:00,1011.6,5.6,0.0,93.0,0.0,0.0,6.7
2022-11-27 09:00:00,1011.6,5.6,0.0,93.0,0.0,0.0,6.7
2022-11-27 10:00:00,1012.0,4.4,0.0,96.0,0.0,0.0,5.0
2022-11-27 11:00:00,1012.4,4.4,0.0,96.0,0.0,0.0,5.0
2022-11-27 12:00:00,1012.5,4.0,0.0,93.0,0.0,0.0,5.0
2022-11-27 13:00:00,1012.5,4.0,0.0,93.0,0.0,0.0,5.0
2022-11-27 14:00:00,1013.9,8.3,0.0,83.0,0.0,0.0,11.1
2022-11-27 15:00:00,1014.0,9.4,0.0,72.0,9.4,230.0,14.4
2022-11-27 16:00:00,1014.2,10.1,0.0,63.0,11.2,250.0,17.2
2022-11-27 17:00:00,1013.5,9.3,0.0,52.0,7.6,270.0,19.4
2022-11-27 18:00:00,1013.5,9.3,0.0,52.0,7.6,270.0,19.4
2022-11-27 19:00:00,1011.1,7.4,0.0,36.0,14.8,260.0,23.3
2022-11-27 20:00:00,1010.7,7.9,0.0,35.0,9.4,220.0,24.4
2022-11-27 21:00:00,1010.7,7.9,0.0,35.0,9.4,220.0,24.4
2022-11-27 22:00:00,1011.0,6.2,0.0,32.0,11.2,240.0,23.9
2022-11-27 23:00:00,1011.0,6.2,0.0,32.0,11.2,240.0,23.9
2022-11-28 00:00:00,1012.6,8.4,0.0,49.0,0.0,0.0,19.4
2022-11-28 01:00:00,1013.3,9.3,0.0,74.0,5.4,350.0,13.9
2022-11-28 02:00:00,1014.2,7.3,0.0,56.0,7.6,10.0,16.1
2022-11-28 03:00:00,1014.8,7.7,0.0,69.0,5.4,360.0,13.3
2022-11-28 04:00:00,1014.8,7.7,0.0,69.0,5.4,360.0,13.3
2022-11-28 05:00:00,1015.2,7.8,0.0,86.0,7.6,360.0,10.0
2022-11-28 06:00:00,1015.1,7.8,0.0,86.0,0.0,0.0,10.0
2022-11-28 07:00:00,1015.0,6.8,0.0,90.0,0.0,0.0,8.3
2022-11-28 08:00:00,1014.7,6.7,0.0,93.0,5.4,350.0,7.8
2022-11-28 09:00:00,1014.7,6.7,0.0,93.0,5.4,350.0,7.8
2022-11-28 10:00:00,1014.6,5.7,0.0,97.0,0.0,0.0,6.1
2022-11-28 11:00:00,1014.8,5.6,0.0,93.0,0.0,0.0,6.7
2022-11-28 12:00:00,1015.7,5.6,0.0,93.0,0.0,0.0,6.7
2022-11-28 13:00:00,1015.7,5.6,0.0,93.0,0.0,0.0,6.7
2022-11-28 14:00:00,1016.1,9.4,0.0,77.0,0.0,0.0,13.3
2022-11-28 15:00:00,1016.1,9.4,0.0,77.0,0.0,0.0,13.3
2022-11-28 16:00:00,1015.6,9.4,0.0,56.0,7.6,90.0,18.3
2022-11-28 17:00:00,1014.3,11.7,0.0,53.0,0.0,0.0,21.7
2022-11-28 18:00:00,1014.3,11.7,0.0,53.0,0.0,0.0,21.7
2022-11-28 19:00:00,1011.0,14.5,0.0,54.0,13.0,120.0,24.4
2022-11-28 20:00:00,1011.0,14.5,0.0,54.0,13.0,120.0,24.4
2022-11-28 21:00:00,1009.8,15.0,0.0,54.0,13.0,180.0,25.0
2022-11-28 22:00:00,1009.8,15.0,0.0,54.0,13.0,180.0,25.0
2022-11-28 23:00:00,1010.0,17.2,0.0,84.0,16.6,170.0,20.0
2022-11-29 00:00:00,1010.1,16.6,0.0,84.0,7.6,140.0,19.4
2022-11-29 01:00:00,1010.0,17.2,0.0,87.0,11.2,140.0,19.4
2022-11-29 02:00:00,1010.0,17.2,0.0,87.0,11.2,140.0,19.4
2022-11-29 03:00:00,1011.0,17.9,0.0,91.0,14.8,130.0,19.4
2022-11-29 04:00:00,1009.8,18.9,0.0,100.0,9.4,160.0,18.9
2022-11-29 05:00:00,1009.3,18.9,0.0,100.0,5.4,140.0,18.9
2022-11-29 06:00:00,1009.3,18.9,0.0,100.0,5.4,140.0,18.9
2022-11-29 07:00:00,1008.3,18.9,0.0,100.0,0.0,0.0,18.9
2022-11-29 08:00:00,1007.7,18.9,0.0,100.0,5.4,140.0,18.9
2022-11-29 09:00:00,1007.1,19.4,0.2,100.0,9.4,170.0,19.4
2022-11-29 10:00:00,1007.3,20.0,0.0,100.0,9.4,200.0,20.0
2022-11-29 11:00:00,1007.2,20.0,0.3,100.0,7.6,200.0,20.0
2022-11-29 12:00:00,1007.3,20.0,0.0,100.0,9.4,180.0,20.0
2022-11-29 13:00:00,1007.2,19.9,0.0,96.0,5.4,200.0,20.6
2022-11-29 14:00:00,1007.9,20.6,0.0,97.0,9.4,180.0,21.1
2022-11-29 15:00:00,1007.9,20.6,0.0,97.0,9.4,180.0,21.1
2022-11-29 16:00:00,1008.2,21.2,0.0,94.0,9.4,200.0,22.2
2022-11-29 17:00:00,1007.4,19.5,0.0,74.0,9.4,250.0,24.4
2022-11-29 18:00:00,1007.4,19.5,0.0,74.0,9.4,250.0,24.4
2022-11-29 19:00:00,1005.2,17.9,0.0,57.0,14.8,190.0,27.2
2022-11-29 20:00:00,1005.5,17.1,0.0,54.0,7.6,210.0,27.2
2022-11-29 21:00:00,1005.5,16.7,0.0,51.0,11.2,250.0,27.8
2022-11-29 22:00:00,1005.9,16.6,0.0,54.0,7.6,250.0,26.7
2022-11-29 23:00:00,1005.9,16.6,0.0,54.0,7.6,250.0,26.7
2022-11-30 00:00:00,1008.1,16.6,0.0,81.0,0.0,0.0,20.0
2022-11-30 01:00:00,1008.1,16.6,0.0,81.0,0.0,0.0,20.0
2022-11-30 02:00:00,1009.4,16.7,0.0,87.0,0.0,0.0,18.9
2022-11-30 03:00:00,1010.8,16.1,0.0,93.0,0.0,0.0,17.2
2022-11-30 04:00:00,1012.4,15.0,0.0,93.0,0.0,0.0,16.1
2022-11-30 05:00:00,1013.1,14.4,0.0,96.0,5.4,260.0,15.0
2022-11-30 06:00:00,1013.5,13.9,0.0,97.0,0.0,0.0,14.4
2022-11-30 07:00:00,1014.6,15.0,0.0,93.0,14.8,360.0,16.1
2022-11-30 08:00:00,1014.6,15.0,0.0,93.0,14.8,360.0,16.1
2022-11-30 09:00:00,1016.6,7.3,0.0,60.0,31.7,20.0,15.0
2022-11-30 10:00:00,1020.0,2.1,0.0,58.0,31.7,10.0,10.0
2022-11-30 11:00:00,1021.2,0.6,0.0,56.0,29.5,30.0,8.9
2022-11-30 12:00:00,1023.2,-0.7,0.0,55.0,27.7,20.0,7.8
2022-11-30 13:00:00,1023.2,-0.7,0.0,55.0,27.7,20.0,7.8
2022-11-30 14:00:00,1025.6,-1.0,0.0,52.0,31.7,30.0,8.3
2022-11-30 15:00:00,1026.4,-1.7,0.0,44.0,29.5,40.0,10.0
2022-11-30 16:00:00,1026.4,-1.7,0.0,44.0,29.5,40.0,10.0
2022-11-30 17:00:00,1026.4,-1.7,0.0,41.0,31.7,20.0,11.1
2022-11-30 18:00:00,1025.4,-2.9,0.0,29.0,20.5,40.0,15.0
2022-11-30 19:00:00,1024.5,-2.9,0.0,27.0,22.3,20.0,16.1
2022-11-30 20:00:00,1023.9,-4.6,0.0,23.0,25.9,50.0,16.7
2022-11-30 21:00:00,1024.6,-3.4,0.0,25.0,24.1,30.0,16.7
2022-11-30 22:00:00,1024.6,-3.4,0.0,25.0,24.1,30.0,16.7
2022-11-30 23:00:00,1025.1,-4.4,0.0,25.0,18.4,50.0,15.6
2022-12-01 00:00:00,1026.5,-2.9,0.0,36.0,13.0,60.0,11.7
2022-12-01 01:00:00,1026.5,-2.9,0.0,36.0,13.0,60.0,11.7
2022-12-01 02:00:00,1028.4,-2.7,0.0,41.0,11.2,40.0,10.0
2022-12-01 03:00:00,1028.4,-2.7,0.0,41.0,11.2,40.0,10.0
2022-12-01 04:00:00,1028.2,-2.7,0.0,44.0,11.2,30.0,8.9
2022-12-01 05:00:00,1027.7,-2.7,0.0,46.0,11.2,20.0,8.3
2022-12-01 06:00:00,1027.1,-2.7,0.0,46.0,13.0,40.0,8.3
2022-12-01 07:00:00,1026.1,-2.7,0.0,46.0,14.8,40.0,8.3
2022-12-01 08:00:00,1026.1,-2.7,0.0,46.0,14.8,40.0,8.3
2022-12-01 09:00:00,1026.4,-1.7,0.0,51.0,7.6,20.0,7.8
2022-12-01 10:00:00,1026.7,-1.0,0.0,52.0,5.4,310.0,8.3
2022-12-01 11:00:00,1027.2,-0.5,0.0,54.0,9.4,20.0,8.3
2022-12-01 12:00:00,1027.2,-0.5,0.0,54.0,9.4,20.0,8.3
2022-12-01 13:00:00,1027.9,-1.8,0.0,47.0,18.4,50.0,8.9
2022-12-01 14:00:00,1028.3,-1.0,0.0,50.0,13.0,40.0,8.9
2022-12-01 15:00:00,1027.8,-0.7,0.0,51.0,16.6,60.0,8.9
2022-12-01 16:00:00,1027.6,1.1,0.0,56.0,16.6,30.0,9.4
2022-12-01 17:00:00,1027.6,1.1,0.0,56.0,16.6,30.0,9.4
2022-12-01 18:00:00,1025.8,3.8,0.0,63.0,5.4,50.0,10.6
2022-12-01 19:00:00,1024.7,6.2,0.0,77.0,7.6,360.0,10.0
2022-12-01 20:00:00,1023.9,6.7,0.0,80.0,11.2,60.0,10.0
2022-12-01 21:00:00,1023.9,6.7,0.0,80.0,11.2,60.0,10.0
2022-12-01 22:00:00,1023.0,7.8,0.0,90.0,9.4,40.0,9.4
2022-12-01 23:00:00,1023.4,8.3,0.0,93.0,5.4,40.0,9.4
2022-12-02 00:00:00,1022.9,8.3,0.0,93.0,7.6,70.0,9.4
2022-12-02 01:00:00,1023.1,8.9,0.0,89.0,5.4,20.0,10.6
2022-12-02 02:00:00,1023.0,8.9,0.0,89.0,7.6,50.0,10.6
2022-12-02 03:00:00,1023.0,8.9,0.4,89.0,7.6,50.0,10.6
2022-12-02 04:00:00,1022.6,10.0,0.0,93.0,9.4,60.0,11.1
2022-12-02 05:00:00,1021.8,10.6,0.2,97.0,5.4,70.0,11.1
2022-12-02 06:00:00,1021.3,10.6,0.0,97.0,0.0,0.0,11.1
2022-12-02 07:00:00,1021.3,10.6,0.1,97.0,0.0,0.0,11.1
2022-12-02 08:00:00,1020.4,11.1,0.3,100.0,0.0,0.0,11.1
2022-12-02 09:00:00,1020.3,11.7,0.3,100.0,0.0,0.0,11.7
2022-12-02 10:00:00,1020.3,11.7,0.0,100.0,0.0,0.0,11.7
2022-12-02 11:00:00,1020.1,11.7,0.3,100.0,5.4,360.0,11.7
2022-12-02 12:00:00,1019.9,11.7,0.0,100.0,0.0,0.0,11.7
2022-12-02 13:00:00,1019.9,12.2,0.0,100.0,0.0,0.0,12.2
2022-12-02 14:00:00,1020.3,13.3,0.0,100.0,0.0,0.0,13.3
2022-12-02 15:00:00,1020.8,13.9,0.0,97.0,7.6,160.0,14.4
2022-12-02 16:00:00,1020.8,13.9,0.0,97.0,7.6,160.0,14.4
2022-12-02 17:00:00,1020.4,15.0,0.0,96.0,0.0,0.0,15.6
2022-12-02 18:00:00,1019.1,16.1,0.0,93.0,9.4,210.0,17.2
2022-12-02 19:00:00,1018.5,16.1,0.0,93.0,9.4,270.0,17.2
2022-12-02 20:00:00,1018.3,16.1,0.0,90.0,0.0,0.0,17.8
2022-12-02 21:00:00,1018.1,16.7,0.0,93.0,0.0,0.0,17.8
2022-12-02 22:00:00,1018.1,16.7,0.0,93.0,0.0,0.0,17.8
2022-12-02 23:00:00,1018.6,16.6,0.0,90.0,0.0,0.0,18.3
2022-12-03 00:00:00,1019.4,17.2,0.0,96.0,0.0,0.0,17.8
2022-12-03 01:00:00,1020.5,17.2,0.0,96.0,0.0,0.0,17.8
2022-12-03 02:00:00,1020.5,17.2,0.0,96.0,0.0,0.0,17.8
2022-12-03 03:00:00,1021.6,17.2,0.0,100.0,0.0,0.0,17.2
2022-12-03 04:00:00,1021.6,17.2,0.0,100.0,0.0,0.0,17.2
2022-12-03 05:00:00,1021.9,17.2,0.0,96.0,0.0,0.0,17.8
2022-12-03 06:00:00,1021.9,17.2,0.0,96.0,0.0,0.0,17.8
2022-12-03 07:00:00,1021.9,17.8,0.0,100.0,0.0,0.0,17.8
2022-12-03 08:00:00,1022.4,17.8,0.0,100.0,9.4,280.0,17.8
2022-12-03 09:00:00,1022.5,17.8,0.0,100.0,5.4,240.0,17.8
2022-12-03 10:00:00,1022.3,17.2,0.0,96.0,0.0,0.0,17.8
2022-12-03 11:00:00,1023.2,17.2,0.0,96.0,0.0,0.0,17.8
2022-12-03 12:00:00,1023.2,17.2,0.0,96.0,0.0,0.0,17.8
2022-12-03 13:00:00,1025.9,17.2,0.0,100.0,9.4,10.0,17.2
2022-12-03 14:00:00,1025.9,17.2,0.0,100.0,9.4,10.0,17.2
2022-12-03 15:00:00,1027.2,16.1,0.0,87.0,11.2,30.0,18.3
2022-12-03 16:00:00,1027.1,16.1,0.0,87.0,13.0,50.0,18.3
2022-12-03 17:00:00,1027.1,16.1,0.0,87.0,13.0,50.0,18.3
2022-12-03 18:00:00,1026.2,12.7,0.0,70.0,18.4,40.0,18.3
2022-12-03 19:00:00,1025.5,12.9,0.0,66.0,13.0,60.0,19.4
2022-12-03 20:00:00,1024.8,12.7,0.0,63.0,13.0,30.0,20.0
2022-12-03 21:00:00,1024.8,12.7,0.0,63.0,13.0,30.0,20.0
2022-12-03 22:00:00,1025.0,12.2,0.0,63.0,14.8,30.0,19.4
2022-12-03 23:00:00,1025.5,11.1,0.0,65.0,14.8,70.0,17.8
2022-12-04 00:00:00,1025.8,11.0,0.0,67.0,13.0,40.0,17.2
2022-12-04 01:00:00,1026.3,10.1,0.0,65.0,18.4,70.0,16.7
2022-12-04 02:00:00,1026.3,10.1,0.0,65.0,18.4,70.0,16.7
2022-12-04 03:00:00,1026.9,9.5,0.0,67.0,9.4,70.0,15.6
2022-12-04 04:00:00,1026.7,8.3,0.0,67.0,13.0,60.0,14.4
2022-12-04 05:00:00,1026.7,8.3,0.0,67.0,13.0,60.0,14.4
2022-12-04 06:00:00,1026.1,7.9,0.0,67.0,11.2,40.0,13.9
2022-12-04 07:00:00,1026.1,7.9,0.0,67.0,11.2,40.0,13.9
2022-12-04 08:00:00,1025.3,7.9,0.0,67.0,13.0,50.0,13.9
2022-12-04 09:00:00,1024.8,7.2,0.0,64.0,9.4,40.0,13.9
2022-12-04 10:00:00,1024.5,7.2,0.0,64.0,9.4,40.0,13.9
2022-12-04 11:00:00,1024.5,7.2,0.0,64.0,9.4,40.0,13.9
2022-12-04 12:00:00,1024.7,9.4,0.0,77.0,14.8,40.0,13.3
2022-12-04 13:00:00,1024.7,9.4,0.0,77.0,14.8,40.0,13.3
2022-12-04 14:00:00,1025.5,11.7,0.0,97.0,9.4,50.0,12.2
2022-12-04 15:00:00,1025.4,11.1,0.3,93.0,9.4,70.0,12.2
2022-12-04 16:00:00,1024.9,11.7,0.0,93.0,9.4,30.0,12.8
2022-12-04 17:00:00,1024.9,11.7,0.0,93.0,9.4,30.0,12.8
2022-12-04 18:00:00,1022.7,11.7,0.0,93.0,9.4,80.0,12.8
2022-12-04 19:00:00,1021.3,12.2,0.3,96.0,7.6,50.0,12.8
2022-12-04 20:00:00,1020.1,11.7,0.0,90.0,0.0,0.0,13.3
2022-12-04 21:00:00,1020.1,11.7,0.0,90.0,0.0,0.0,13.3
2022-12-04 22:00:00,1019.9,11.1,0.0,83.0,7.6,60.0,13.9
2022-12-04 23:00:00,1019.8,11.8,0.0,87.0,5.4,50.0,13.9
2022-12-05 00:00:00,1020.0,11.7,0.0,90.0,5.4,340.0,13.3
2022-12-05 01:00:00,1019.5,11.7,0.0,90.0,0.0,0.0,13.3
2022-12-05 02:00:00,1019.3,11.8,0.0,87.0,0.0,0.0,13.9
2022-12-05 03:00:00,1018.5,12.3,0.0,90.0,5.4,330.0,13.9
2022-12-05 04:00:00,1018.5,12.3,0.0,90.0,5.4,330.0,13.9
2022-12-05 05:00:00,1017.9,12.3,0.0,87.0,5.4,330.0,14.4
2022-12-05 06:00:00,1016.9,12.8,0.0,90.0,5.4,350.0,14.4
2022-12-05 07:00:00,1016.9,12.8,0.0,90.0,5.4,350.0,14.4
2022-12-05 08:00:00,1015.7,13.9,0.2,100.0,0.0,0.0,13.9
2022-12-05 09:00:00,1015.7,13.9,0.3,100.0,0.0,0.0,13.9
2022-12-05 10:00:00,1014.7,14.4,0.0,100.0,0.0,0.0,14.4
2022-12-05 11:00:00,1014.5,14.4,0.0,100.0,0.0,0.0,14.4
2022-12-05 12:00:00,1014.5,14.4,0.0,100.0,0.0,0.0,14.4
2022-12-05 13:00:00,1015.1,15.0,0.0,100.0,0.0,0.0,15.0
2022-12-05 14:00:00,1015.1,15.0,0.0,100.0,0.0,0.0,15.0
2022-12-05 15:00:00,1015.4,15.6,0.0,100.0,0.0,0.0,15.6
2022-12-05 16:00:00,1015.3,17.2,0.0,96.0,11.2,160.0,17.8
2022-12-05 17:00:00,1014.2,18.4,0.0,79.0,16.6,200.0,22.2
2022-12-05 18:00:00,1012.8,18.3,0.0,76.0,11.2,220.0,22.8
2022-12-05 19:00:00,1011.8,19.0,0.0,79.0,9.4,200.0,22.8
2022-12-05 20:00:00,1010.9,19.0,0.0,74.0,13.0,210.0,23.9
2022-12-05 21:00:00,1010.9,19.0,0.0,74.0,13.0,210.0,23.9
2022-12-05 22:00:00,1011.0,18.3,0.0,71.0,13.0,190.0,23.9
2022-12-05 23:00:00,1010.5,18.4,0.0,74.0,11.2,220.0,23.3
2022-12-06 00:00:00,1010.9,18.3,0.0,81.0,5.4,230.0,21.7
2022-12-06 01:00:00,1011.4,18.3,0.0,90.0,0.0,0.0,20.0
2022-12-06 02:00:00,1011.6,17.7,0.0,93.0,7.6,260.0,18.9
2022-12-06 03:00:00,1011.9,17.2,0.0,96.0,0.0,0.0,17.8
2022-12-06 04:00:00,1012.1,16.1,0.0,96.0,0.0,0.0,16.7
2022-12-06 05:00:00,1012.1,15.6,0.0,97.0,9.4,120.0,16.1
2022-12-06 06:00:00,1011.8,16.7,0.0,97.0,0.0,0.0,17.2
2022-12-06 07:00:00,1011.6,17.8,0.0,97.0,0.0,0.0,18.3
2022-12-06 08:00:00,1011.6,17.8,0.0,97.0,0.0,0.0,18.3
2022-12-06 09:00:00,1011.5,17.8,0.0,97.0,0.0,0.0,18.3
2022-12-06 10:00:00,1011.5,18.3,0.0,100.0,0.0,0.0,18.3
2022-12-06 11:00:00,1011.6,18.3,0.0,100.0,0.0,0.0,18.3
2022-12-06 12:00:00,1012.9,18.9,0.0,100.0,0.0,0.0,18.9
2022-12-06 13:00:00,1013.7,19.3,0.0,96.0,0.0,0.0,20.0
2022-12-06 14:00:00,1013.7,19.3,0.0,96.0,0.0,0.0,20.0
2022-12-06 15:00:00,1014.3,20.0,0.0,100.0,0.0,0.0,20.0
2022-12-06 16:00:00,1015.0,19.9,0.0,93.0,9.4,140.0,21.1
2022-12-06 17:00:00,1014.0,20.1,0.0,77.0,11.2,180.0,24.4
2022-12-06 18:00:00,1012.8,19.5,0.0,69.0,13.0,190.0,25.6
2022-12-06 19:00:00,1012.8,19.5,0.0,69.0,13.0,190.0,25.6
2022-12-06 20:00:00,1011.6,19.3,0.0,62.0,7.6,180.0,27.2
2022-12-06 21:00:00,1011.6,19.3,0.0,62.0,7.6,180.0,27.2
2022-12-06 22:00:00,1012.3,18.8,0.0,62.0,14.8,160.0,26.7
2022-12-06 23:00:00,1012.3,18.8,0.0,62.0,14.8,160.0,26.7
2022-12-07 00:00:00,1013.2,20.1,0.0,77.0,9.4,130.0,24.4
2022-12-07 01:00:00,1013.2,20.1,0.0,77.0,9.4,130.0,24.4
2022-12-07 02:00:00,1014.0,21.2,0.0,88.0,14.8,130.0,23.3
2022-12-07 03:00:00,1014.8,21.1,0.0,90.0,13.0,140.0,22.8
2022-12-07 04:00:00,1015.6,20.7,0.0,91.0,14.8,130.0,22.2
2022-12-07 05:00:00,1016.8,19.4,0.0,87.0,9.4,160.0,21.7
2022-12-07 06:00:00,1016.8,19.4,0.0,87.0,9.4,160.0,21.7
2022-12-07 07:00:00,1016.9,19.4,0.0,87.0,13.0,160.0,21.7
2022-12-07 08:00:00,1017.4,19.4,0.0,90.0,7.6,140.0,21.1
2022-12-07 09:00:00,1017.4,19.4,0.0,90.0,7.6,140.0,21.1
2022-12-07 10:00:00,1017.5,19.9,0.0,93.0,11.2,130.0,21.1
2022-12-07 11:00:00,1018.2,19.9,0.0,93.0,11.2,150.0,21.1
2022-12-07 12:00:00,1019.0,19.9,0.0,93.0,9.4,140.0,21.1
2022-12-07 13:00:00,1019.7,19.9,0.0,93.0,11.2,150.0,21.1
2022-12-07 14:00:00,1019.7,19.9,0.0,93.0,11.2,150.0,21.1
2022-12-07 15:00:00,1020.2,20.0,0.0,90.0,13.0,160.0,21.7
2022-12-07 16:00:00,1020.6,19.5,0.0,69.0,14.8,200.0,25.6
2022-12-07 17:00:00,1019.9,18.8,0.0,62.0,16.6,200.0,26.7
2022-12-07 18:00:00,1018.9,19.0,0.0,61.0,18.4,160.0,27.2
2022-12-07 19:00:00,1018.1,18.3,0.0,60.0,20.5,170.0,26.7
2022-12-07 20:00:00,1018.1,18.3,0.0,60.0,20.5,170.0,26.7
2022-12-07 21:00:00,1017.7,17.8,0.0,58.0,18.4,170.0,26.7
2022-12-07 22:00:00,1017.7,17.8,0.0,58.0,18.4,170.0,26.7
2022-12-07 23:00:00,1017.7,17.2,0.0,58.0,14.8,180.0,26.1
2022-12-08 00:00:00,1018.7,18.4,0.0,74.0,7.6,140.0,23.3
2022-12-08 01:00:00,1018.7,18.4,0.0,74.0,7.6,140.0,23.3
2022-12-08 02:00:00,1019.3,19.5,0.0,79.0,18.4,140.0,23.3
2022-12-08 03:00:00,1019.9,20.0,0.0,84.0,18.4,140.0,22.8
2022-12-08 04:00:00,1020.1,20.5,0.0,87.0,16.6,150.0,22.8
2022-12-08 05:00:00,1020.0,21.1,0.0,90.0,16.6,160.0,22.8
2022-12-08 06:00:00,1019.8,21.2,0.0,94.0,18.4,160.0,22.2
2022-12-08 07:00:00,1019.6,20.7,0.0,94.0,11.2,170.0,21.7
2022-12-08 08:00:00,1019.7,20.7,0.0,94.0,5.4,170.0,21.7
2022-12-08 09:00:00,1019.4,20.7,0.0,94.0,14.8,160.0,21.7
2022-12-08 10:00:00,1019.3,20.7,0.0,94.0,11.2,170.0,21.7
2022-12-08 11:00:00,1019.3,20.7,0.0,94.0,11.2,170.0,21.7
2022-12-08 12:00:00,1020.0,20.7,0.0,94.0,9.4,200.0,21.7
2022-12-08 13:00:00,1020.0,20.7,0.0,94.0,9.4,200.0,21.7
2022-12-08 14:00:00,1020.4,20.7,0.0,94.0,9.4,160.0,21.7
2022-12-08 15:00:00,1020.9,21.1,0.0,90.0,7.6,160.0,22.8
2022-12-08 16:00:00,1022.0,20.6,0.0,85.0,13.0,180.0,23.3
2022-12-08 17:00:00,1020.9,20.1,0.0,77.0,18.4,200.0,24.4
2022-12-08 18:00:00,1018.9,19.0,0.0,67.0,16.6,210.0,25.6
2022-12-08 19:00:00,1017.9,17.7,0.0,60.0,16.6,190.0,26.1
2022-12-08 20:00:00,1017.9,17.7,0.0,60.0,16.6,190.0,26.1
2022-12-08 21:00:00,1017.3,18.2,0.0,58.0,14.8,190.0,27.2
2022-12-08 22:00:00,1017.2,17.1,0.0,54.0,14.8,160.0,27.2
2022-12-08 23:00:00,1017.5,17.2,0.0,66.0,7.6,140.0,23.9
2022-12-09 00:00:00,1017.5,17.2,0.0,66.0,7.6,140.0,23.9
2022-12-09 01:00:00,1017.9,17.7,0.0,73.0,9.4,130.0,22.8
2022-12-09 02:00:00,1018.3,17.9,0.0,79.0,13.0,130.0,21.7
2022-12-09 03:00:00,1019.0,19.4,0.0,87.0,14.8,140.0,21.7
2022-12-09 04:00:00,1019.0,19.4,0.0,87.0,14.8,140.0,21.7
2022-12-09 05:00:00,1019.1,20.0,0.0,90.0,16.6,160.0,21.7
2022-12-09 06:00:00,1018.8,19.4,0.0,87.0,11.2,160.0,21.7
2022-12-09 07:00:00,1018.7,19.4,0.0,87.0,11.2,160.0,21.7
2022-12-09 08:00:00,1018.7,19.4,0.0,87.0,11.2,160.0,21.7
2022-12-09 09:00:00,1018.4,18.8,0.0,93.0,7.6,170.0,20.0
2022-12-09 10:00:00,1018.1,18.8,0.0,93.0,5.4,130.0,20.0
2022-12-09 11:00:00,1018.0,19.3,0.0,96.0,5.4,90.0,20.0
2022-12-09 12:00:00,1018.0,19.3,0.0,96.0,5.4,90.0,20.0
2022-12-09 13:00:00,1018.2,19.3,0.0,96.0,5.4,100.0,20.0
2022-12-09 14:00:00,1019.0,20.0,0.0,100.0,5.4,110.0,20.0
2022-12-09 15:00:00,1019.8,19.4,0.0,87.0,13.0,140.0,21.7
2022-12-09 16:00:00,1019.3,19.5,0.0,79.0,5.4,140.0,23.3
2022-12-09 17:00:00,1019.3,19.5,0.0,79.0,5.4,140.0,23.3
2022-12-09 18:00:00,1016.9,18.2,0.0,66.0,13.0,150.0,25.0
2022-12-09 19:00:00,1016.9,18.2,0.0,66.0,13.0,150.0,25.0
2022-12-09 20:00:00,1015.1,17.9,0.0,57.0,13.0,170.0,27.2
2022-12-09 21:00:00,1014.6,16.6,0.0,54.0,16.6,130.0,26.7
2022-12-09 22:00:00,1014.6,16.6,0.0,54.0,16.6,130.0,26.7
2022-12-09 23:00:00,1014.6,17.2,0.0,64.0,14.8,150.0,24.4
2022-12-10 00:00:00,1014.6,17.2,0.0,64.0,14.8,150.0,24.4
2022-12-10 01:00:00,1015.8,18.4,0.0,79.0,18.4,140.0,22.2
2022-12-10 02:00:00,1016.1,18.3,0.0,81.0,14.8,140.0,21.7
2022-12-10 03:00:00,1016.1,18.3,0.0,81.0,14.8,140.0,21.7
2022-12-10 04:00:00,1016.5,19.4,0.0,93.0,14.8,140.0,20.6
2022-12-10 05:00:00,1016.5,19.4,0.0,93.0,14.8,140.0,20.6
2022-12-10 06:00:00,1016.2,19.4,0.0,90.0,18.4,180.0,21.1
2022-12-10 07:00:00,1016.2,19.4,0.0,90.0,18.4,180.0,21.1
2022-12-10 08:00:00,1015.6,19.4,0.0,93.0,11.2,170.0,20.6
2022-12-10 09:00:00,1015.6,19.4,0.0,93.0,11.2,170.0,20.6
2022-12-10 10:00:00,1015.4,19.4,0.0,90.0,16.6,170.0,21.1
2022-12-10 11:00:00,1015.4,19.4,0.0,90.0,9.4,150.0,21.1
2022-12-10 12:00:00,1016.0,19.4,0.0,93.0,9.4,160.0,20.6
2022-12-10 13:00:00,1016.5,19.4,0.0,90.0,9.4,170.0,21.1
2022-12-10 14:00:00,1016.5,19.4,0.0,90.0,9.4,170.0,21.1
2022-12-10 15:00:00,1016.9,19.4,0.0,81.0,18.4,140.0,22.8
2022-12-10 16:00:00,1016.7,18.8,0.0,76.0,16.6,170.0,23.3
2022-12-10 17:00:00,1015.8,18.2,0.0,66.0,16.6,160.0,25.0
2022-12-10 18:00:00,1015.8,18.2,0.0,66.0,16.6,160.0,25.0
2022-12-10 19:00:00,1015.2,17.8,0.0,62.0,11.2,140.0,25.6
2022-12-10 20:00:00,1014.3,17.2,0.0,58.0,16.6,170.0,26.1
2022-12-10 21:00:00,1013.5,17.3,0.0,60.0,9.4,170.0,25.6
2022-12-10 22:00:00,1013.5,17.3,0.0,60.0,9.4,170.0,25.6
2022-12-10 23:00:00,1013.4,17.8,0.0,62.0,11.2,150.0,25.6
2022-12-11 00:00:00,1013.7,17.2,0.0,64.0,0.0,0.0,24.4
2022-12-11 01:00:00,1014.4,17.9,0.0,79.0,0.0,0.0,21.7
2022-12-11 02:00:00,1015.0,18.3,0.0,76.0,0.0,0.0,22.8
2022-12-11 03:00:00,1015.3,19.0,0.0,79.0,11.2,120.0,22.8
2022-12-11 04:00:00,1015.4,21.1,11.7,100.0,5.4,80.0,21.1
2022-12-11 05:00:00,1015.3,21.0,17.5,96.0,5.4,320.0,21.7
2022-12-11 06:00:00,1015.3,21.0,1.1,96.0,5.4,320.0,21.7
2022-12-11 07:00:00,1014.8,21.1,2.0,100.0,0.0,0.0,21.1
2022-12-11 08:00:00,1014.5,20.6,18.8,97.0,11.2,320.0,21.1
2022-12-11 09:00:00,1015.3,18.8,6.1,93.0,22.3,50.0,20.0
2022-12-11 10:00:00,1015.9,16.7,0.7,87.0,14.8,40.0,18.9
2022-12-11 11:00:00,1016.5,15.5,0.0,84.0,14.8,40.0,18.3
2022-12-11 12:00:00,1016.5,15.5,0.0,84.0,14.8,40.0,18.3
2022-12-11 13:00:00,1017.4,15.1,0.0,84.0,11.2,40.0,17.8
2022-12-11 14:00:00,1017.4,15.1,0.0,84.0,11.2,40.0,17.8
2022-12-11 15:00:00,1018.6,15.6,0.0,76.0,20.5,60.0,20.0
2022-12-11 16:00:00,1018.0,16.2,0.0,71.0,20.5,30.0,21.7
2022-12-11 17:00:00,1017.3,16.2,0.0,71.0,22.3,60.0,21.7
2022-12-11 18:00:00,1016.7,16.0,0.0,68.0,20.5,70.0,22.2
2022-12-11 19:00:00,1016.7,16.0,0.0,68.0,20.5,70.0,22.2
2022-12-11 20:00:00,1015.0,16.1,0.0,66.0,20.5,70.0,22.8
2022-12-11 21:00:00,1015.0,16.1,0.0,66.0,20.5,70.0,22.8
2022-12-11 22:00:00,1015.3,14.9,0.0,70.0,20.5,70.0,20.6
2022-12-11 23:00:00,1015.3,14.9,0.0,70.0,20.5,70.0,20.6
2022-12-12 00:00:00,1015.3,15.1,0.0,76.0,14.8,80.0,19.4
2022-12-12 01:00:00,1015.7,15.0,0.0,81.0,14.8,80.0,18.3
2022-12-12 02:00:00,1016.6,14.5,0.0,84.0,9.4,70.0,17.2
2022-12-12 03:00:00,1016.9,14.5,0.0,84.0,14.8,40.0,17.2
2022-12-12 04:00:00,1016.9,14.5,0.0,84.0,14.8,40.0,17.2
2022-12-12 05:00:00,1016.7,14.3,0.0,86.0,16.6,80.0,16.7
2022-12-12 06:00:00,1016.7,14.3,0.0,86.0,16.6,80.0,16.7
2022-12-12 07:00:00,1015.7,15.0,0.0,93.0,13.0,60.0,16.1
2022-12-12 08:00:00,1015.1,15.6,0.0,97.0,13.0,50.0,16.1
2022-12-12 09:00:00,1015.1,15.6,0.0,97.0,13.0,50.0,16.1
2022-12-12 10:00:00,1014.6,15.6,0.0,97.0,13.0,70.0,16.1
2022-12-12 11:00:00,1013.9,16.1,0.0,100.0,7.6,60.0,16.1
2022-12-12 12:00:00,1013.9,16.1,0.2,100.0,7.6,60.0,16.1
2022-12-12 13:00:00,1014.1,16.1,0.0,100.0,7.6,80.0,16.1
2022-12-12 14:00:00,1013.9,16.7,0.0,100.0,9.4,90.0,16.7
2022-12-12 15:00:00,1014.0,17.8,0.0,100.0,7.6,110.0,17.8
2022-12-12 16:00:00,1014.0,17.8,0.3,100.0,7.6,110.0,17.8
2022-12-12 17:00:00,1013.4,18.9,0.0,100.0,16.6,130.0,18.9
2022-12-12 18:00:00,1011.0,19.9,0.0,96.0,13.0,140.0,20.6
2022-12-12 19:00:00,1011.0,19.9,0.0,96.0,13.0,140.0,20.6
2022-12-12 20:00:00,1008.3,20.0,0.0,79.0,14.8,160.0,23.9
2022-12-12 21:00:00,1009.0,19.4,0.0,71.0,16.6,180.0,25.0
2022-12-12 22:00:00,1008.0,19.4,0.0,71.0,16.6,180.0,25.0
2022-12-12 23:00:00,1006.6,19.5,0.0,74.0,22.3,150.0,24.4
2022-12-13 00:00:00,1006.2,18.8,0.0,76.0,20.5,140.0,23.3
2022-12-13 01:00:00,1007.6,19.4,0.0,84.0,20.5,150.0,22.2
2022-12-13 02:00:00,1008.1,19.4,0.0,84.0,16.6,150.0,22.2
2022-12-13 03:00:00,1008.1,19.4,0.0,84.0,16.6,150.0,22.2
2022-12-13 04:00:00,1007.7,19.9,0.0,87.0,20.5,150.0,22.2
2022-12-13 05:00:00,1007.4,19.9,0.0,87.0,18.4,140.0,22.2
2022-12-13 06:00:00,1005.9,19.9,0.0,87.0,13.0,150.0,22.2
2022-12-13 07:00:00,1005.9,19.9,0.0,87.0,13.0,150.0,22.2
2022-12-13 08:00:00,1004.9,19.4,0.0,84.0,22.3,150.0,22.2
2022-12-13 09:00:00,1004.6,19.4,0.0,84.0,14.8,150.0,22.2
2022-12-13 10:00:00,1004.6,19.4,0.0,84.0,14.8,150.0,22.2
2022-12-13 11:00:00,1004.4,19.4,0.0,84.0,20.5,150.0,22.2
2022-12-13 12:00:00,1004.4,19.4,0.0,84.0,14.8,160.0,22.2
2022-12-13 13:00:00,1004.8,19.4,0.0,84.0,14.8,170.0,22.2
2022-12-13 14:00:00,1005.4,19.9,0.0,87.0,11.2,160.0,22.2
2022-12-13 15:00:00,1005.4,19.9,0.0,87.0,11.2,160.0,22.2
2022-12-13 16:00:00,1005.9,20.0,0.0,84.0,14.8,180.0,22.8
2022-12-13 17:00:00,1004.7,20.0,0.0,71.0,14.8,180.0,25.6
2022-12-13 18:00:00,1003.5,19.0,0.0,65.0,16.6,190.0,26.1
2022-12-13 19:00:00,1003.5,19.0,0.0,65.0,16.6,190.0,26.1
2022-12-13 20:00:00,1002.4,17.8,0.0,58.0,7.6,210.0,26.7
2022-12-13 21:00:00,1002.2,16.6,0.0,54.0,5.4,210.0,26.7
2022-12-13 22:00:00,1002.2,16.6,0.0,54.0,5.4,160.0,26.7
2022-12-13 23:00:00,1003.4,11.0,0.0,49.0,14.8,20.0,22.2
2022-12-14 00:00:00,1003.4,11.0,0.0,49.0,14.8,20.0,22.2
2022-12-14 01:00:00,1004.5,7.2,0.0,42.0,16.6,10.0,20.6
2022-12-14 02:00:00,1005.6,6.8,0.0,44.0,13.0,30.0,19.4
2022-12-14 03:00:00,1005.6,6.8,0.0,44.0,13.0,30.0,19.4
2022-12-14 04:00:00,1006.2,6.7,0.0,45.0,9.4,40.0,18.9
2022-12-14 05:00:00,1006.2,6.7,0.0,45.0,9.4,40.0,18.9
2022-12-14 06:00:00,1006.1,6.8,0.0,47.0,5.4,40.0,18.3
2022-12-14 07:00:00,1005.8,6.2,0.0,45.0,13.0,10.0,18.3
2022-12-14 08:00:00,1006.1,5.5,0.0,43.0,7.6,20.0,18.3
2022-12-14 09:00:00,1006.1,5.5,0.0,43.0,7.6,20.0,18.3
2022-12-14 10:00:00,1006.7,2.1,0.0,35.0,11.2,350.0,17.8
2022-12-14 11:00:00,1007.7,0.4,0.0,31.0,14.8,340.0,17.8
2022-12-14 12:00:00,1008.5,-1.0,0.0,29.0,18.4,350.0,17.2
2022-12-14 13:00:00,1009.6,-0.6,0.0,32.0,14.8,350.0,16.1
2022-12-14 14:00:00,1009.6,-0.6,0.0,32.0,14.8,350.0,16.1
2022-12-14 15:00:00,1011.4,-1.5,0.0,26.0,16.6,330.0,18.3
2022-12-14 16:00:00,1011.2,-2.9,0.0,22.0,25.9,310.0,19.4
2022-12-14 17:00:00,1010.5,-1.9,0.0,22.0,20.5,310.0,20.6
2022-12-14 18:00:00,1009.3,-2.1,0.0,21.0,20.5,310.0,21.1
2022-12-14 19:00:00,1009.3,-2.1,0.0,21.0,31.7,300.0,21.1
2022-12-14 20:00:00,1008.3,-5.7,0.0,16.0,24.1,310.0,21.1
2022-12-14 21:00:00,1008.3,-5.7,0.0,16.0,24.1,310.0,21.1
2022-12-14 22:00:00,1009.0,-7.5,0.0,14.0,22.3,290.0,21.1
2022-12-14 23:00:00,1009.8,-7.4,0.0,15.0,18.4,320.0,20.0
2022-12-15 00:00:00,1010.7,-6.5,0.0,18.0,9.4,320.0,18.3
2022-12-15 01:00:00,1012.9,-5.5,0.0,23.0,7.6,340.0,15.6
2022-12-15 02:00:00,1013.5,-4.4,0.0,27.0,7.6,350.0,14.4
2022-12-15 03:00:00,1014.1,-3.9,0.0,30.0,11.2,350.0,13.3
2022-12-15 04:00:00,1014.1,-3.9,0.0,30.0,11.2,350.0,13.3
2022-12-15 05:00:00,1014.9,1.6,0.0,65.0,0.0,0.0,7.8
2022-12-15 06:00:00,1014.9,2.2,0.0,73.0,0.0,0.0,6.7
2022-12-15 07:00:00,1014.4,0.5,0.0,60.0,9.4,10.0,7.8
2022-12-15 08:00:00,1015.3,1.1,0.0,76.0,0.0,0.0,5.0
2022-12-15 09:00:00,1016.2,1.8,0.0,83.0,0.0,0.0,4.4
2022-12-15 10:00:00,1016.2,1.8,0.0,83.0,0.0,0.0,4.4
2022-12-15 11:00:00,1017.4,1.8,0.0,83.0,5.4,350.0,4.4
2022-12-15 12:00:00,1017.9,1.1,0.0,79.0,0.0,0.0,4.4
2022-12-15 13:00:00,1018.2,1.7,0.0,76.0,7.6,360.0,5.6
2022-12-15 14:00:00,1018.2,1.7,0.0,76.0,7.6,360.0,5.6
2022-12-15 15:00:00,1018.9,-0.5,0.0,43.0,7.6,100.0,11.7
2022-12-15 16:00:00,1018.4,-0.1,0.0,37.0,9.4,110.0,14.4
2022-12-15 17:00:00,1017.8,0.6,0.0,36.0,5.4,210.0,15.6
2022-12-15 18:00:00,1017.8,0.6,0.0,36.0,5.4,210.0,15.6
2022-12-15 19:00:00,1016.2,-0.1,0.0,31.0,7.6,170.0,17.2
2022-12-15 20:00:00,1014.3,-1.0,0.0,26.0,11.2,170.0,18.9
2022-12-15 21:00:00,1014.3,-1.0,0.0,26.0,11.2,240.0,18.9
2022-12-15 22:00:00,1013.9,-0.6,0.0,26.0,5.4,240.0,19.4
2022-12-15 23:00:00,1014.0,-0.6,0.0,26.0,0.0,0.0,19.4
2022-12-16 00:00:00,1014.2,1.8,0.0,38.0,0.0,0.0,16.1
2022-12-16 01:00:00,1015.4,3.3,0.0,63.0,0.0,0.0,10.0
2022-12-16 02:00:00,1015.6,4.0,0.0,69.0,0.0,0.0,9.4
2022-12-16 03:00:00,1015.8,3.9,0.0,61.0,11.2,120.0,11.1
2022-12-16 04:00:00,1015.8,3.9,0.0,61.0,11.2,120.0,11.1
2022-12-16 05:00:00,1016.3,4.5,0.0,66.0,5.4,120.0,10.6
2022-12-16 06:00:00,1015.6,5.1,0.0,83.0,0.0,0.0,7.8
2022-12-16 07:00:00,1015.3,5.7,0.0,90.0,0.0,0.0,7.2
2022-12-16 08:00:00,1014.9,5.7,0.0,90.0,0.0,0.0,7.2
2022-12-16 09:00:00,1014.9,5.7,0.0,90.0,0.0,0.0,7.2
2022-12-16 10:00:00,1014.9,6.8,0.0,90.0,0.0,0.0,8.3
2022-12-16 11:00:00,1015.4,7.2,0.0,93.0,5.4,20.0,8.3
2022-12-16 12:00:00,1016.0,7.8,0.0,90.0,9.4,20.0,9.4
2022-12-16 13:00:00,1016.0,7.8,0.0,90.0,9.4,20.0,9.4
2022-12-16 14:00:00,1016.8,8.9,0.0,80.0,5.4,60.0,12.2
2022-12-16 15:00:00,1016.8,10.0,0.0,72.0,9.4,60.0,15.0
2022-12-16 16:00:00,1016.8,10.0,0.0,67.0,0.0,0.0,16.1
2022-12-16 17:00:00,1015.8,11.1,0.0,63.0,7.6,200.0,18.3
2022-12-16 18:00:00,1015.8,11.1,0.0,63.0,7.6,200.0,18.3
2022-12-16 19:00:00,1014.1,12.8,0.0,59.0,7.6,230.0,21.1
2022-12-16 20:00:00,1013.3,11.2,0.0,48.0,9.4,256.0,22.8
2022-12-16 21:00:00,1013.3,11.2,0.0,48.0,9.4,20.0,22.8
2022-12-16 22:00:00,1015.0,8.4,0.0,54.0,29.5,10.0,17.8
2022-12-16 23:00:00,1015.4,6.6,0.0,55.0,27.7,10.0,15.6
2022-12-17 00:00:00,1017.0,3.4,0.0,55.0,16.6,20.0,12.2
2022-12-17 01:00:00,1017.8,2.2,0.0,56.0,18.4,20.0,10.6
2022-12-17 02:00:00,1019.9,1.1,0.0,58.0,16.6,40.0,8.9
2022-12-17 03:00:00,1019.9,1.1,0.0,58.0,16.6,40.0,8.9
2022-12-17 04:00:00,1020.8,-2.1,0.0,48.0,14.8,30.0,8.3
2022-12-17 05:00:00,1021.0,-3.3,0.0,44.0,14.8,40.0,8.3
2022-12-17 06:00:00,1020.6,-3.9,0.0,42.0,16.6,30.0,8.3
2022-12-17 07:00:00,1020.5,-4.0,0.0,43.0,11.2,30.0,7.8
2022-12-17 08:00:00,1020.5,-4.0,0.0,43.0,11.2,30.0,7.8
2022-12-17 09:00:00,1020.1,-4.0,0.0,43.0,18.4,30.0,7.8
2022-12-17 10:00:00,1020.0,-3.4,0.0,45.0,16.6,20.0,7.8
2022-12-17 11:00:00,1020.9,-4.3,0.0,42.0,11.2,20.0,7.8
2022-12-17 12:00:00,1021.7,-4.3,0.0,42.0,5.4,30.0,7.8
2022-12-17 13:00:00,1021.7,-4.3,0.0,42.0,5.4,30.0,7.8
2022-12-17 14:00:00,1024.4,-3.3,0.0,42.0,5.4,240.0,8.9
2022-12-17 15:00:00,1025.2,-3.2,0.0,41.0,7.6,340.0,9.4
2022-12-17 16:00:00,1024.6,-3.4,0.0,36.0,9.4,30.0,11.1
2022-12-17 17:00:00,1024.6,-3.4,0.0,36.0,9.4,30.0,11.1
2022-12-17 18:00:00,1022.7,-3.1,0.0,33.0,5.4,40.0,12.8
2022-12-17 19:00:00,1022.7,-3.1,0.0,33.0,5.4,49.0,12.8
2022-12-17 20:00:00,1020.9,-4.8,0.0,27.0,5.4,60.0,13.9
2022-12-17 21:00:00,1020.7,-3.9,0.0,27.0,5.4,64.0,15.0
2022-12-17 22:00:00,1020.7,-3.9,0.0,27.0,5.4,160.0,15.0
2022-12-17 23:00:00,1021.1,-3.5,0.0,31.0,7.6,160.0,13.3
2022-12-18 00:00:00,1022.2,-0.7,0.0,51.0,0.0,0.0,8.9
2022-12-18 01:00:00,1022.9,-0.7,0.0,55.0,0.0,0.0,7.8
2022-12-18 02:00:00,1022.9,-0.7,0.0,55.0,0.0,0.0,7.8
2022-12-18 03:00:00,1023.5,-0.1,0.0,62.0,0.0,0.0,6.7
2022-12-18 04:00:00,1024.0,0.6,0.0,73.0,0.0,0.0,5.0
2022-12-18 05:00:00,1024.5,0.7,0.0,83.0,0.0,0.0,3.3
2022-12-18 06:00:00,1023.7,-0.6,0.0,67.0,0.0,0.0,5.0
2022-12-18 07:00:00,1023.7,-0.6,0.0,67.0,0.0,0.0,5.0
2022-12-18 08:00:00,1023.8,-0.5,0.0,76.0,7.6,10.0,3.3
2022-12-18 09:00:00,1023.8,-0.5,0.0,76.0,7.6,10.0,3.3
2022-12-18 10:00:00,1023.8,-2.3,0.0,64.0,5.4,30.0,3.9
2022-12-18 11:00:00,1023.8,-2.3,0.0,64.0,5.4,30.0,3.9
2022-12-18 12:00:00,1023.8,-3.8,0.0,53.0,5.4,50.0,5.0
2022-12-18 13:00:00,1024.8,-4.3,0.0,49.0,11.2,60.0,5.6
2022-12-18 14:00:00,1024.8,-4.3,0.0,49.0,11.2,60.0,5.6
2022-12-18 15:00:00,1026.3,-4.0,0.0,43.0,9.4,90.0,7.8
2022-12-18 16:00:00,1026.0,-4.0,0.0,40.0,9.4,120.0,8.9
2022-12-18 17:00:00,1026.0,-4.0,0.0,40.0,9.4,120.0,8.9
2022-12-18 18:00:00,1023.6,-5.4,0.0,31.0,9.4,100.0,11.1
2022-12-18 19:00:00,1022.4,-6.2,0.0,28.0,16.6,90.0,11.7
2022-12-18 20:00:00,1022.4,-6.2,0.0,28.0,16.6,90.0,11.7
2022-12-18 21:00:00,1021.8,-6.8,0.0,26.0,16.6,100.0,12.2
2022-12-18 22:00:00,1021.4,-5.8,0.0,28.0,13.0,90.0,12.2
2022-12-18 23:00:00,1021.6,-5.8,0.0,29.0,13.0,100.0,11.7
2022-12-19 00:00:00,1021.9,-4.5,0.0,32.0,11.2,90.0,11.7
2022-12-19 01:00:00,1021.9,-4.5,0.0,32.0,11.2,90.0,11.7
2022-12-19 02:00:00,1022.2,-3.8,0.0,35.0,13.0,100.0,11.1
2022-12-19 03:00:00,1022.5,-1.0,0.0,43.0,7.6,80.0,11.1
2022-12-19 04:00:00,1022.5,-1.0,0.0,43.0,7.6,80.0,11.1
2022-12-19 05:00:00,1021.6,0.6,0.0,50.0,11.2,50.0,10.6
2022-12-19 06:00:00,1020.6,2.2,0.0,56.0,13.0,50.0,10.6
2022-12-19 07:00:00,1020.6,2.2,0.1,56.0,13.0,50.0,10.6
2022-12-19 08:00:00,1020.1,6.7,0.3,93.0,13.0,30.0,7.8
2022-12-19 09:00:00,1020.1,6.7,0.5,93.0,13.0,30.0,7.8
2022-12-19 10:00:00,1019.4,7.2,0.3,96.0,14.8,40.0,7.8
2022-12-19 11:00:00,1019.4,7.2,0.3,96.0,14.8,40.0,7.8
2022-12-19 12:00:00,1019.1,7.2,0.3,96.0,14.8,40.0,7.8
2022-12-19 13:00:00,1019.8,7.8,0.3,100.0,14.8,360.0,7.8
2022-12-19 14:00:00,1019.8,7.8,0.3,100.0,14.8,360.0,7.8
2022-12-19 15:00:00,1020.0,7.8,0.5,93.0,11.2,10.0,8.9
2022-12-19 16:00:00,1021.2,8.9,2.0,97.0,13.0,20.0,9.4
2022-12-19 17:00:00,1020.8,8.9,0.5,97.0,11.2,30.0,9.4
2022-12-19 18:00:00,1019.0,8.9,0.3,93.0,18.4,20.0,10.0
2022-12-19 19:00:00,1019.0,8.9,0.0,93.0,18.4,20.0,10.0
2022-12-19 20:00:00,1018.2,8.9,0.0,89.0,13.0,40.0,10.6
2022-12-19 21:00:00,1018.1,8.9,0.0,89.0,11.2,40.0,10.6
2022-12-19 22:00:00,1018.8,8.4,0.0,86.0,18.4,30.0,10.6
2022-12-19 23:00:00,1019.3,8.3,0.0,89.0,13.0,40.0,10.0
2022-12-20 00:00:00,1019.3,8.3,0.0,89.0,13.0,40.0,10.0
2022-12-20 01:00:00,1020.2,8.3,0.0,89.0,9.4,30.0,10.0
2022-12-20 02:00:00,1021.3,8.3,0.0,89.0,14.8,40.0,10.0
2022-12-20 03:00:00,1021.9,8.3,0.0,89.0,14.8,40.0,10.0
2022-12-20 04:00:00,1022.1,8.9,0.0,93.0,13.0,30.0,10.0
2022-12-20 05:00:00,1022.1,8.9,0.0,93.0,13.0,30.0,10.0
2022-12-20 06:00:00,1022.4,8.9,0.0,93.0,11.2,40.0,10.0
2022-12-20 07:00:00,1022.3,8.9,0.0,93.0,5.4,360.0,10.0
2022-12-20 08:00:00,1022.6,8.9,0.0,97.0,5.4,330.0,9.4
2022-12-20 09:00:00,1022.9,8.9,0.0,97.0,5.4,330.0,9.4
2022-12-20 10:00:00,1023.6,8.3,0.0,96.0,9.4,280.0,8.9
2022-12-20 11:00:00,1023.6,8.3,0.0,96.0,9.4,280.0,8.9
2022-12-20 12:00:00,1024.3,8.9,0.0,97.0,0.0,0.0,9.4
2022-12-20 13:00:00,1026.0,8.3,0.0,96.0,13.0,30.0,8.9
2022-12-20 14:00:00,1027.4,7.8,0.0,93.0,11.2,20.0,8.9
2022-12-20 15:00:00,1027.4,7.8,0.0,93.0,11.2,20.0,8.9
2022-12-20 16:00:00,1028.1,7.8,0.0,86.0,11.2,10.0,10.0
2022-12-20 17:00:00,1028.3,8.9,0.0,83.0,13.0,10.0,11.7
2022-12-20 18:00:00,1027.6,8.9,0.0,80.0,11.2,10.0,12.2
2022-12-20 19:00:00,1026.5,8.9,0.0,77.0,18.4,40.0,12.8
2022-12-20 20:00:00,1026.1,8.9,0.0,77.0,14.8,20.0,12.8
2022-12-20 21:00:00,1026.1,8.9,0.0,77.0,14.8,20.0,12.8
2022-12-20 22:00:00,1026.4,8.3,0.0,74.0,13.0,10.0,12.8
2022-12-20 23:00:00,1026.6,8.3,0.0,77.0,11.2,70.0,12.2
2022-12-21 00:00:00,1027.4,8.3,0.0,83.0,13.0,70.0,11.1
2022-12-21 01:00:00,1027.4,8.3,0.0,83.0,13.0,70.0,11.1
2022-12-21 02:00:00,1028.4,6.7,0.0,77.0,11.2,30.0,10.6
2022-12-21 03:00:00,1028.4,6.7,0.0,77.0,11.2,30.0,10.6
2022-12-21 04:00:00,1028.2,6.7,0.0,83.0,14.8,40.0,9.4
2022-12-21 05:00:00,1027.8,6.8,0.0,90.0,5.4,30.0,8.3
2022-12-21 06:00:00,1026.8,6.1,0.0,93.0,7.6,10.0,7.2
2022-12-21 07:00:00,1026.4,5.6,0.0,93.0,5.4,340.0,6.7
2022-12-21 08:00:00,1026.4,5.6,0.0,93.0,5.4,340.0,6.7
2022-12-21 09:00:00,1025.3,4.4,0.0,96.0,0.0,0.0,5.0
2022-12-21 10:00:00,1025.7,3.3,0.0,96.0,0.0,0.0,3.9
2022-12-21 11:00:00,1025.3,4.0,0.0,97.0,0.0,0.0,4.4
2022-12-21 12:00:00,1025.3,4.0,0.0,97.0,0.0,0.0,4.4
2022-12-21 13:00:00,1025.3,4.0,0.0,97.0,9.4,80.0,4.4
2022-12-21 14:00:00,1025.5,5.0,0.0,96.0,7.6,70.0,5.6
2022-12-21 15:00:00,1026.0,5.1,0.0,93.0,5.4,50.0,6.1
2022-12-21 16:00:00,1025.1,5.0,0.0,89.0,5.4,100.0,6.7
2022-12-21 17:00:00,1025.1,5.0,0.0,89.0,5.4,100.0,6.7
2022-12-21 18:00:00,1024.2,5.0,0.0,86.0,0.0,0.0,7.2
2022-12-21 19:00:00,1021.0,5.6,0.0,83.0,5.4,320.0,8.3
2022-12-21 20:00:00,1021.0,5.6,0.0,83.0,5.4,320.0,8.3
2022-12-21 21:00:00,1020.0,6.1,0.0,80.0,9.4,213.0,9.4
2022-12-21 22:00:00,1019.5,5.6,0.0,83.0,7.6,160.0,8.3
2022-12-21 23:00:00,1019.5,5.6,0.0,83.0,7.6,160.0,8.3
2022-12-22 00:00:00,1018.6,5.7,0.0,90.0,0.0,0.0,7.2
2022-12-22 01:00:00,1018.7,5.0,0.0,89.0,0.0,0.0,6.7
2022-12-22 02:00:00,1018.5,5.0,0.0,96.0,0.0,0.0,5.6
2022-12-22 03:00:00,1018.5,5.0,0.0,96.0,0.0,0.0,5.6
2022-12-22 04:00:00,1018.2,5.0,0.0,96.0,0.0,0.0,5.6
2022-12-22 05:00:00,1018.2,5.0,0.0,96.0,0.0,0.0,5.6
2022-12-22 06:00:00,1017.2,6.1,0.0,96.0,0.0,0.0,6.7
2022-12-22 07:00:00,1017.2,6.1,0.0,96.0,0.0,0.0,6.7
2022-12-22 08:00:00,1015.9,6.7,0.0,93.0,0.0,0.0,7.8
2022-12-22 09:00:00,1015.7,6.7,0.0,93.0,5.4,280.0,7.8
2022-12-22 10:00:00,1014.8,6.7,0.0,93.0,5.4,240.0,7.8
2022-12-22 11:00:00,1014.8,6.7,0.0,93.0,5.4,240.0,7.8
2022-12-22 12:00:00,1015.0,6.8,0.0,90.0,7.6,260.0,8.3
2022-12-22 13:00:00,1015.2,7.2,0.0,86.0,11.2,260.0,9.4
2022-12-22 14:00:00,1015.5,7.8,0.0,86.0,9.4,240.0,10.0
2022-12-22 15:00:00,1015.8,8.9,0.0,80.0,11.2,270.0,12.2
2022-12-22 16:00:00,1015.8,8.9,0.0,80.0,11.2,270.0,12.2
2022-12-22 17:00:00,1015.6,9.9,0.0,80.0,14.8,260.0,13.3
2022-12-22 18:00:00,1015.3,10.6,0.0,72.0,11.2,320.0,15.6
2022-12-22 19:00:00,1014.5,10.6,0.0,61.0,11.2,340.0,18.3
2022-12-22 20:00:00,1016.9,3.3,0.0,63.0,11.2,340.0,10.0
2022-12-22 21:00:00,1016.9,3.3,0.0,63.0,40.7,20.0,10.0
2022-12-22 22:00:00,1020.0,-1.8,0.0,59.0,31.7,10.0,5.6
2022-12-22 23:00:00,1022.2,-5.0,0.0,61.0,35.3,10.0,1.7
2022-12-23 00:00:00,1023.9,-7.2,0.0,61.0,33.5,20.0,-0.6
2022-12-23 01:00:00,1026.1,-8.9,0.0,58.0,37.1,20.0,-1.7
2022-12-23 02:00:00,1028.6,-10.0,0.0,60.0,35.3,10.0,-3.3
2022-12-23 03:00:00,1030.5,-11.6,0.0,57.0,37.1,10.0,-4.4
2022-12-23 04:00:00,1031.6,-12.9,0.0,54.0,33.5,10.0,-5.0
2022-12-23 05:00:00,1033.5,-13.8,0.0,50.0,27.7,360.0,-5.0
2022-12-23 06:00:00,1035.9,-16.1,0.0,45.0,24.1,10.0,-6.1
2022-12-23 07:00:00,1036.8,-16.2,0.0,47.0,20.5,360.0,-6.7
2022-12-23 08:00:00,1036.8,-16.2,0.0,47.0,20.5,360.0,-6.7
2022-12-23 09:00:00,1038.5,-17.7,0.0,43.0,18.4,10.0,-7.2
2022-12-23 10:00:00,1039.2,-18.2,0.0,41.0,20.5,10.0,-7.2
2022-12-23 11:00:00,1039.0,-18.2,0.0,41.0,24.1,10.0,-7.2
2022-12-23 12:00:00,1039.0,-18.2,0.0,41.0,24.1,10.0,-7.2
2022-12-23 13:00:00,1040.9,-18.2,0.0,43.0,18.4,10.0,-7.8
2022-12-23 14:00:00,1041.7,-19.0,0.0,37.0,18.4,10.0,-6.7
2022-12-23 15:00:00,1042.4,-19.5,0.0,31.0,22.3,360.0,-5.0
2022-12-23 16:00:00,1042.4,-19.5,0.0,31.0,24.1,20.0,-5.0
2022-12-23 17:00:00,1040.9,-18.3,0.0,28.0,18.4,30.0,-2.2
2022-12-23 18:00:00,1039.4,-17.3,0.0,27.0,18.4,350.0,-0.6
2022-12-23 19:00:00,1037.7,-17.2,0.0,25.0,24.1,20.0,0.6
2022-12-23 20:00:00,1036.9,-17.3,0.0,24.0,16.6,10.0,1.1
2022-12-23 21:00:00,1036.9,-17.3,0.0,24.0,16.6,10.0,1.1
2022-12-23 22:00:00,1036.4,-17.3,0.0,23.0,16.6,350.0,1.7
2022-12-23 23:00:00,1036.4,-16.7,0.0,26.0,16.6,10.0,0.6
2022-12-24 00:00:00,1036.8,-16.5,0.0,29.0,18.4,10.0,-0.6
2022-12-24 01:00:00,1038.2,-15.7,0.0,32.0,7.6,10.0,-1.1
2022-12-24 02:00:00,1038.2,-15.7,0.0,32.0,7.6,10.0,-1.1
2022-12-24 03:00:00,1038.3,-16.3,0.0,32.0,14.8,20.0,-1.7
2022-12-24 04:00:00,1038.3,-16.3,0.0,32.0,14.8,20.0,-1.7
2022-12-24 05:00:00,1038.6,-16.6,0.0,31.0,18.4,10.0,-1.7
2022-12-24 06:00:00,1038.8,-16.6,0.0,31.0,11.2,20.0,-1.7
2022-12-24 07:00:00,1038.8,-16.2,0.0,35.0,7.6,360.0,-2.8
2022-12-24 08:00:00,1038.6,-15.6,0.0,38.0,7.6,360.0,-3.3
2022-12-24 09:00:00,1038.3,-14.4,0.0,44.0,9.4,360.0,-3.9
2022-12-24 10:00:00,1037.8,-16.2,0.0,38.0,9.4,20.0,-3.9
2022-12-24 11:00:00,1037.8,-16.2,0.0,38.0,9.4,20.0,-3.9
2022-12-24 12:00:00,1038.3,-15.1,0.0,45.0,5.4,10.0,-5.0
2022-12-24 13:00:00,1038.4,-14.3,0.0,46.0,5.4,20.0,-4.4
2022-12-24 14:00:00,1039.0,-16.2,0.0,35.0,13.0,20.0,-2.8
2022-12-24 15:00:00,1039.0,-16.2,0.0,35.0,13.0,20.0,-2.8
2022-12-24 16:00:00,1039.6,-16.5,0.0,30.0,13.0,50.0,-1.1
2022-12-24 17:00:00,1037.6,-16.8,0.0,25.0,7.6,70.0,1.1
2022-12-24 18:00:00,1036.0,-16.9,0.0,22.0,5.4,70.0,2.8
2022-12-24 19:00:00,1034.7,-17.6,0.0,20.0,9.4,52.0,3.3
2022-12-24 20:00:00,1034.7,-17.6,0.0,20.0,9.4,54.0,3.3
2022-12-24 21:00:00,1034.0,-17.7,0.0,19.0,7.6,20.0,3.9
2022-12-24 22:00:00,1033.3,-17.4,0.0,18.0,5.4,20.0,5.0
2022-12-24 23:00:00,1032.9,-14.9,0.0,27.0,9.4,140.0,2.2
2022-12-25 00:00:00,1032.9,-14.9,0.0,27.0,9.4,140.0,2.2
2022-12-25 01:00:00,1033.3,-13.4,0.0,33.0,0.0,0.0,1.1
2022-12-25 02:00:00,1034.1,-10.5,0.0,53.0,0.0,0.0,-2.2
2022-12-25 03:00:00,1034.1,-10.5,0.0,53.0,0.0,0.0,-2.2
2022-12-25 04:00:00,1034.2,-10.0,0.0,53.0,0.0,0.0,-1.7
2022-12-25 05:00:00,1033.9,-9.4,0.0,58.0,0.0,0.0,-2.2
2022-12-25 06:00:00,1033.9,-9.4,0.0,58.0,0.0,0.0,-2.2
2022-12-25 07:00:00,1032.9,-8.3,0.0,66.0,0.0,0.0,-2.8
2022-12-25 08:00:00,1032.4,-7.9,0.0,74.0,0.0,0.0,-3.9
2022-12-25 09:00:00,1032.2,-7.8,0.0,77.0,0.0,0.0,-4.4
2022-12-25 10:00:00,1032.7,-7.9,0.0,74.0,0.0,0.0,-3.9
2022-12-25 11:00:00,1032.7,-7.9,0.0,74.0,0.0,0.0,-3.9
2022-12-25 12:00:00,1033.5,-7.8,0.0,81.0,0.0,0.0,-5.0
2022-12-25 13:00:00,1033.8,-7.2,0.0,81.0,0.0,0.0,-4.4
2022-12-25 14:00:00,1033.8,-7.3,0.0,63.0,0.0,0.0,-1.1
2022-12-25 15:00:00,1033.8,-7.3,0.0,63.0,0.0,0.0,-1.1
2022-12-25 16:00:00,1033.7,-9.5,0.0,40.0,7.6,290.0,2.8
2022-12-25 17:00:00,1033.3,-14.1,0.0,22.0,0.0,0.0,6.1
2022-12-25 18:00:00,1030.3,-14.7,0.0,18.0,9.4,213.0,8.3
2022-12-25 19:00:00,1028.5,-18.6,0.0,12.0,5.4,198.0,9.4
2022-12-25 20:00:00,1028.5,-18.6,0.0,12.0,5.4,180.0,9.4
2022-12-25 21:00:00,1026.9,-13.5,0.0,17.0,14.8,230.0,10.6
2022-12-25 22:00:00,1026.9,-13.5,0.0,17.0,14.8,230.0,10.6
2022-12-25 23:00:00,1026.8,-10.1,0.0,27.0,7.6,180.0,7.8
2022-12-26 00:00:00,1026.8,-10.1,0.0,27.0,7.6,180.0,7.8
2022-12-26 01:00:00,1026.8,-9.8,0.0,31.0,7.6,200.0,6.1
2022-12-26 02:00:00,1026.7,-7.7,0.0,46.0,7.6,180.0,2.8
2022-12-26 03:00:00,1026.0,-10.0,0.0,33.0,7.6,190.0,5.0
2022-12-26 04:00:00,1026.3,-6.6,0.0,54.0,0.0,0.0,1.7
2022-12-26 05:00:00,1026.2,-6.7,0.0,58.0,0.0,0.0,0.6
2022-12-26 06:00:00,1025.7,-6.6,0.0,61.0,0.0,0.0,0.0
2022-12-26 07:00:00,1024.4,-6.6,0.0,69.0,0.0,0.0,-1.7
2022-12-26 08:00:00,1024.1,-6.8,0.0,71.0,0.0,0.0,-2.2
2022-12-26 09:00:00,1024.3,-7.2,0.0,66.0,0.0,0.0,-1.7
2022-12-26 10:00:00,1024.3,-7.2,0.0,66.0,0.0,0.0,-1.7
2022-12-26 11:00:00,1023.5,-7.1,0.0,69.0,0.0,0.0,-2.2
2022-12-26 12:00:00,1023.3,-7.1,0.0,69.0,0.0,0.0,-2.2
2022-12-26 13:00:00,1023.9,-6.8,0.0,71.0,5.4,320.0,-2.2
2022-12-26 14:00:00,1024.0,-9.0,0.0,37.0,11.2,270.0,4.4
2022-12-26 15:00:00,1024.0,-9.0,0.0,37.0,11.2,270.0,4.4
2022-12-26 16:00:00,1024.9,-8.1,0.0,26.0,7.6,240.0,10.6
2022-12-26 17:00:00,1024.0,-1.1,0.0,37.0,13.0,230.0,13.3
2022-12-26 18:00:00,1023.1,0.8,0.0,38.0,13.0,280.0,15.0
2022-12-26 19:00:00,1022.2,0.2,0.0,34.0,11.2,280.0,16.1
2022-12-26 20:00:00,1022.2,0.2,0.0,34.0,11.2,320.0,16.1
2022-12-26 21:00:00,1022.3,-3.9,0.0,21.0,5.4,330.0,18.9
2022-12-26 22:00:00,1022.7,-5.2,0.0,19.0,7.6,30.0,18.9
2022-12-26 23:00:00,1023.4,-5.1,0.0,23.0,5.4,30.0,16.1
2022-12-27 00:00:00,1023.4,-5.1,0.0,23.0,5.4,30.0,16.1
2022-12-27 01:00:00,1025.9,-2.3,0.0,42.0,5.4,350.0,10.0
2022-12-27 02:00:00,1025.9,-2.3,0.0,42.0,5.4,350.0,10.0
2022-12-27 03:00:00,1026.1,-4.2,0.0,34.0,9.4,350.0,11.1
2022-12-27 04:00:00,1027.4,-3.9,0.0,39.0,5.4,340.0,9.4
2022-12-27 05:00:00,1027.4,-3.9,0.0,39.0,5.4,340.0,9.4
2022-12-27 06:00:00,1027.1,-2.7,0.0,55.0,0.0,0.0,5.6
2022-12-27 07:00:00,1026.9,-2.2,0.0,67.0,0.0,0.0,3.3
2022-12-27 08:00:00,1027.2,-2.2,0.0,67.0,0.0,0.0,3.3
2022-12-27 09:00:00,1027.0,-1.7,0.0,67.0,9.4,20.0,3.9
2022-12-27 10:00:00,1027.0,-1.7,0.0,67.0,9.4,20.0,3.9
2022-12-27 11:00:00,1027.8,-2.1,0.0,79.0,0.0,0.0,1.1
2022-12-27 12:00:00,1028.2,-2.1,0.0,82.0,0.0,0.0,0.6
2022-12-27 13:00:00,1028.5,-2.1,0.0,82.0,0.0,0.0,0.6
2022-12-27 14:00:00,1028.5,-2.1,0.0,82.0,0.0,0.0,0.6
2022-12-27 15:00:00,1028.6,0.0,0.0,58.0,11.2,100.0,7.8
2022-12-27 16:00:00,1027.7,0.0,0.0,52.0,5.4,140.0,9.4
2022-12-27 17:00:00,1027.7,0.0,0.0,52.0,5.4,140.0,9.4
2022-12-27 18:00:00,1026.8,-0.5,0.0,43.0,9.4,130.0,11.7
2022-12-27 19:00:00,1024.8,0.0,0.0,40.0,13.0,170.0,13.3
2022-12-27 20:00:00,1023.1,-0.7,0.0,34.0,9.4,210.0,15.0
2022-12-27 21:00:00,1021.6,-1.5,0.0,30.0,13.0,150.0,16.1
2022-12-27 22:00:00,1021.0,-2.0,0.0,29.0,11.2,140.0,16.1
2022-12-27 23:00:00,1019.9,-1.9,0.0,35.0,9.4,140.0,13.3
2022-12-28 00:00:00,1019.9,-1.9,0.0,35.0,9.4,140.0,13.3
2022-12-28 01:00:00,1019.9,-1.1,0.0,48.0,7.6,130.0,9.4
2022-12-28 02:00:00,1019.3,-0.7,0.0,51.0,7.6,140.0,8.9
2022-12-28 03:00:00,1018.7,-1.2,0.0,53.0,9.4,150.0,7.8
2022-12-28 04:00:00,1018.7,-1.2,0.0,53.0,9.4,150.0,7.8
2022-12-28 05:00:00,1018.0,-1.8,0.0,49.0,5.4,180.0,8.3
2022-12-28 06:00:00,1017.0,-1.7,0.0,55.0,0.0,0.0,6.7
2022-12-28 07:00:00,1016.6,-1.0,0.0,68.0,0.0,0.0,4.4
2022-12-28 08:00:00,1016.1,-1.1,0.0,70.0,0.0,0.0,3.9
2022-12-28 09:00:00,1016.1,-1.1,0.0,70.0,0.0,0.0,3.9
2022-12-28 10:00:00,1014.9,-0.5,0.0,76.0,0.0,0.0,3.3
2022-12-28 11:00:00,1014.7,-0.7,0.0,78.0,0.0,0.0,2.8
2022-12-28 12:00:00,1014.8,0.0,0.0,82.0,0.0,0.0,2.8
2022-12-28 13:00:00,1014.5,-0.1,0.0,85.0,0.0,0.0,2.2
2022-12-28 14:00:00,1014.5,-0.1,0.0,85.0,0.0,0.0,2.2
2022-12-28 15:00:00,1014.9,7.7,0.0,69.0,0.0,0.0,13.3
2022-12-28 16:00:00,1013.7,11.1,0.0,65.0,18.4,180.0,17.8
2022-12-28 17:00:00,1012.8,11.2,0.0,59.0,18.4,180.0,19.4
2022-12-28 18:00:00,1011.4,11.1,0.0,51.0,14.8,190.0,21.7
2022-12-28 19:00:00,1011.4,11.1,0.0,51.0,14.8,190.0,21.7
2022-12-28 20:00:00,1010.1,11.2,0.0,48.0,16.6,180.0,22.8
2022-12-28 21:00:00,1008.8,10.6,0.0,39.0,20.5,170.0,25.6
2022-12-28 22:00:00,1009.0,9.9,0.0,40.0,14.8,160.0,24.4
2022-12-28 23:00:00,1009.0,9.9,0.0,40.0,14.8,160.0,24.4
2022-12-29 00:00:00,1009.6,9.4,0.0,58.0,5.4,100.0,17.8
2022-12-29 01:00:00,1010.3,14.4,0.0,75.0,13.0,120.0,18.9
2022-12-29 02:00:00,1010.6,16.1,0.0,87.0,16.6,140.0,18.3
2022-12-29 03:00:00,1011.3,15.6,0.0,93.0,7.6,140.0,16.7
2022-12-29 04:00:00,1011.3,15.6,0.0,93.0,7.6,140.0,16.7
2022-12-29 05:00:00,1011.7,12.8,0.0,97.0,7.6,100.0,13.3
2022-12-29 06:00:00,1011.3,15.0,0.0,96.0,9.4,130.0,15.6
2022-12-29 07:00:00,1011.0,15.6,0.0,93.0,11.2,130.0,16.7
2022-12-29 08:00:00,1010.7,15.6,0.0,93.0,7.6,150.0,16.7
2022-12-29 09:00:00,1010.7,15.6,0.0,93.0,7.6,150.0,16.7
2022-12-29 10:00:00,1010.9,16.1,0.0,93.0,0.0,0.0,17.2
2022-12-29 11:00:00,1011.0,16.1,0.0,93.0,5.4,120.0,17.2
2022-12-29 12:00:00,1011.9,16.6,0.0,90.0,0.0,0.0,18.3
2022-12-29 13:00:00,1011.9,16.6,0.0,90.0,0.0,0.0,18.3
2022-12-29 14:00:00,1012.8,17.2,0.0,87.0,0.0,0.0,19.4
2022-12-29 15:00:00,1012.8,17.2,0.0,87.0,0.0,0.0,19.4
2022-12-29 16:00:00,1013.6,17.2,0.0,84.0,7.6,160.0,20.0
2022-12-29 17:00:00,1012.5,16.7,0.0,71.0,0.0,0.0,22.2
2022-12-29 18:00:00,1011.4,16.1,0.0,66.0,7.6,330.0,22.8
2022-12-29 19:00:00,1011.4,16.1,0.0,66.0,7.6,330.0,22.8
2022-12-29 20:00:00,1010.4,15.6,0.0,62.0,11.2,350.0,23.3
2022-12-29 21:00:00,1010.0,15.1,0.0,60.0,11.2,340.0,23.3
2022-12-29 22:00:00,1010.0,15.1,0.0,60.0,11.2,340.0,23.3
2022-12-29 23:00:00,1010.7,14.3,0.0,61.0,7.6,340.0,22.2
2022-12-30 00:00:00,1011.8,8.9,0.0,47.0,9.4,340.0,20.6
2022-12-30 01:00:00,1012.4,8.0,0.0,49.0,9.4,340.0,18.9
2022-12-30 02:00:00,1012.8,7.7,0.0,50.0,0.0,0.0,18.3
2022-12-30 03:00:00,1013.1,8.8,0.0,62.0,13.0,260.0,16.1
2022-12-30 04:00:00,1013.1,8.8,0.0,62.0,13.0,260.0,16.1
2022-12-30 05:00:00,1013.6,7.3,0.0,56.0,5.4,340.0,16.1
2022-12-30 06:00:00,1013.2,7.3,0.0,72.0,0.0,0.0,12.2
2022-12-30 07:00:00,1013.6,7.8,0.0,80.0,0.0,0.0,11.1
2022-12-30 08:00:00,1013.6,7.8,0.0,80.0,0.0,0.0,11.1
2022-12-30 09:00:00,1013.4,7.3,0.0,67.0,5.4,340.0,13.3
2022-12-30 10:00:00,1013.2,6.7,0.0,60.0,9.4,360.0,14.4
2022-12-30 11:00:00,1013.8,7.3,0.0,72.0,7.6,300.0,12.2
2022-12-30 12:00:00,1013.8,6.7,0.0,62.0,5.4,350.0,13.9
2022-12-30 13:00:00,1013.8,6.7,0.0,62.0,5.4,350.0,13.9
2022-12-30 14:00:00,1014.5,6.1,0.0,53.0,16.6,340.0,15.6
2022-12-30 15:00:00,1016.0,6.1,0.0,48.0,5.4,340.0,17.2
2022-12-30 16:00:00,1015.1,5.1,0.0,39.0,14.8,60.0,19.4
2022-12-30 17:00:00,1014.3,4.1,0.0,35.0,22.3,40.0,20.0
2022-12-30 18:00:00,1014.3,4.1,0.0,35.0,22.3,40.0,20.0
2022-12-30 19:00:00,1012.7,3.8,0.0,31.0,7.6,40.0,21.7
2022-12-30 20:00:00,1012.4,2.4,0.0,28.0,7.6,10.0,21.7
2022-12-30 21:00:00,1012.4,2.9,0.0,29.0,0.0,0.0,21.7
2022-12-30 22:00:00,1012.4,2.9,0.0,29.0,0.0,0.0,21.7
2022-12-30 23:00:00,1012.6,3.3,0.0,31.0,0.0,0.0,21.1
2022-12-31 00:00:00,1013.4,3.3,0.0,32.0,0.0,0.0,20.6
2022-12-31 01:00:00,1014.1,8.0,0.0,49.0,9.4,300.0,18.9
2022-12-31 02:00:00,1015.1,7.7,0.0,69.0,7.6,280.0,13.3
2022-12-31 03:00:00,1015.1,7.7,0.0,69.0,7.6,280.0,13.3
2022-12-31 04:00:00,1015.1,7.2,0.0,74.0,0.0,0.0,11.7
2022-12-31 05:00:00,1015.1,7.8,0.0,80.0,0.0,0.0,11.1
2022-12-31 06:00:00,1014.8,7.2,0.0,83.0,0.0,0.0,10.0
2022-12-31 07:00:00,1014.8,6.7,0.0,86.0,5.4,290.0,8.9
2022-12-31 08:00:00,1014.8,6.7,0.0,86.0,5.4,290.0,8.9
2022-12-31 09:00:00,1014.9,7.2,0.0,93.0,5.4,200.0,8.3
2022-12-31 10:00:00,1014.8,6.1,0.0,96.0,5.4,280.0,6.7
2022-12-31 11:00:00,1014.9,6.7,0.0,93.0,5.4,310.0,7.8
2022-12-31 12:00:00,1015.5,5.1,0.0,93.0,0.0,0.0,6.1
2022-12-31 13:00:00,1015.5,5.1,0.0,93.0,0.0,0.0,6.1
2022-12-31 14:00:00,1016.0,8.4,0.0,86.0,0.0,0.0,10.6
2022-12-31 15:00:00,1016.3,9.4,0.0,72.0,7.6,230.0,14.4
2022-12-31 16:00:00,1016.3,9.4,0.0,72.0,7.6,230.0,14.4
2022-12-31 17:00:00,1016.0,10.1,0.0,63.0,13.0,220.0,17.2
2022-12-31 18:00:00,1015.0,9.0,0.0,46.0,16.6,220.0,21.1
2022-12-31 19:00:00,1013.5,8.5,0.0,40.0,22.3,210.0,22.8
2022-12-31 20:00:00,1011.4,7.2,0.0,31.0,14.8,230.0,25.6
2022-12-31 21:00:00,1010.9,6.7,0.0,29.0,16.6,220.0,26.1
2022-12-31 22:00:00,1010.9,6.7,0.0,29.0,16.6,220.0,26.1
2022-12-31 23:00:00,1011.0,6.7,0.0,29.0,18.4,200.0,26.1
2023-01-01 00:00:00,1012.0,7.4,0.0,47.0,11.5,190.0,19.0
2023-01-01 01:00:00,1011.5,7.3,0.0,47.0,0.0,0.0,18.9
2023-01-01 02:00:00,1011.7,7.9,0.0,56.0,0.0,0.0,16.7
2023-01-01 03:00:00,1012.0,7.2,0.0,64.0,7.6,140.0,13.9
2023-01-01 04:00:00,1012.6,8.9,0.0,58.0,7.6,160.0,17.2
2023-01-01 05:00:00,1012.4,8.9,0.0,60.0,0.0,0.0,16.7
2023-01-01 06:00:00,1012.4,8.9,0.0,60.0,0.0,0.0,16.7
2023-01-01 07:00:00,1011.8,8.4,0.0,80.0,0.0,0.0,11.7
2023-01-01 08:00:00,1011.8,8.4,0.0,80.0,0.0,0.0,11.7
2023-01-01 09:00:00,1011.9,7.8,0.0,83.0,0.0,0.0,10.6
2023-01-01 10:00:00,1012.1,7.8,0.0,83.0,0.0,0.0,10.6
2023-01-01 11:00:00,1012.4,11.7,0.0,100.0,0.0,0.0,11.7
2023-01-01 12:00:00,1012.4,11.7,0.0,100.0,0.0,0.0,11.7
2023-01-01 13:00:00,1014.0,13.3,0.0,100.0,0.0,0.0,13.3
2023-01-01 14:00:00,1014.0,13.3,0.0,100.0,0.0,0.0,13.3
2023-01-01 15:00:00,1014.8,15.6,0.0,97.0,0.0,0.0,16.1
2023-01-01 16:00:00,1014.8,15.6,0.0,97.0,0.0,0.0,16.1
2023-01-01 17:00:00,1014.5,16.1,0.0,84.0,0.0,0.0,18.9
2023-01-01 18:00:00,1011.7,16.2,0.0,58.0,14.8,170.0,25.0
2023-01-01 19:00:00,1010.6,16.1,0.0,54.0,11.2,170.0,26.1
2023-01-01 20:00:00,1010.0,15.5,0.0,52.0,13.0,170.0,26.1
2023-01-01 21:00:00,1010.0,15.5,0.0,52.0,13.0,170.0,26.1
2023-01-01 22:00:00,1009.5,15.7,0.0,51.0,7.6,140.0,26.7
2023-01-01 23:00:00,1009.3,16.0,0.0,52.0,11.2,140.0,26.7
2023-01-02 00:00:00,1009.3,15.6,0.0,62.0,9.4,130.0,23.3
2023-01-02 01:00:00,1009.7,15.1,0.0,66.0,9.4,130.0,21.7
2023-01-02 02:00:00,1010.3,15.0,0.0,73.0,5.4,110.0,20.0
2023-01-02 03:00:00,1010.2,17.2,0.0,90.0,13.0,120.0,18.9
2023-01-02 04:00:00,1010.2,17.2,0.0,90.0,13.0,120.0,18.9
2023-01-02 05:00:00,1010.0,19.4,0.0,93.0,22.3,150.0,20.6
2023-01-02 06:00:00,1009.5,19.4,0.0,90.0,18.4,150.0,21.1
2023-01-02 07:00:00,1008.7,19.4,0.0,90.0,20.5,150.0,21.1
2023-01-02 08:00:00,1008.5,18.9,0.0,84.0,16.6,170.0,21.7
2023-01-02 09:00:00,1008.1,18.9,0.0,84.0,14.8,140.0,21.7
2023-01-02 10:00:00,1007.6,19.4,0.0,87.0,16.6,140.0,21.7
2023-01-02 11:00:00,1007.5,19.4,0.0,87.0,16.6,150.0,21.7
2023-01-02 12:00:00,1007.5,19.4,0.0,87.0,16.6,150.0,21.7
2023-01-02 13:00:00,1008.6,19.4,0.0,87.0,9.4,180.0,21.7
2023-01-02 14:00:00,1009.0,19.9,0.0,87.0,13.0,150.0,22.2
2023-01-02 15:00:00,1009.2,20.0,0.0,84.0,14.8,150.0,22.8
2023-01-02 16:00:00,1008.2,20.0,0.0,79.0,14.8,150.0,23.9
2023-01-02 17:00:00,1008.2,20.0,0.0,79.0,22.3,160.0,23.9
2023-01-02 18:00:00,1005.9,19.3,0.0,64.0,20.5,180.0,26.7
2023-01-02 19:00:00,1004.5,18.4,0.0,55.0,16.6,210.0,28.3
2023-01-02 20:00:00,1003.5,17.2,0.0,48.0,18.4,200.0,29.4
2023-01-02 21:00:00,1003.5,17.2,0.0,48.0,18.4,200.0,29.4
2023-01-02 22:00:00,1003.0,14.3,0.0,41.0,11.2,220.0,28.9
2023-01-02 23:00:00,1003.0,14.3,0.0,41.0,11.2,220.0,28.9
2023-01-03 00:00:00,1004.3,13.8,0.0,59.0,0.0,0.0,22.2
2023-01-03 01:00:00,1004.3,13.8,0.0,59.0,0.0,0.0,22.2
2023-01-03 02:00:00,1004.8,14.0,0.0,66.0,5.4,10.0,20.6
2023-01-03 03:00:00,1005.8,13.9,0.0,68.0,5.4,100.0,20.0
2023-01-03 04:00:00,1006.5,18.8,0.0,93.0,7.6,140.0,20.0
2023-01-03 05:00:00,1006.5,18.8,0.0,93.0,7.6,140.0,20.0
2023-01-03 06:00:00,1007.1,19.9,0.0,96.0,9.4,340.0,20.6
2023-01-03 07:00:00,1007.1,19.9,0.0,96.0,9.4,340.0,20.6
2023-01-03 08:00:00,1008.1,12.3,0.0,59.0,14.8,360.0,20.0
2023-01-03 09:00:00,1008.6,4.1,0.0,35.0,14.8,350.0,20.0
2023-01-03 10:00:00,1009.2,-2.4,0.0,22.0,16.6,350.0,20.0
2023-01-03 11:00:00,1009.4,-2.7,0.0,23.0,7.6,360.0,18.9
2023-01-03 12:00:00,1009.4,-2.7,0.0,23.0,7.6,360.0,18.9
2023-01-03 13:00:00,1011.2,-2.6,0.0,24.0,14.8,350.0,18.3
2023-01-03 14:00:00,1012.0,-0.5,0.0,29.0,5.4,330.0,17.8
2023-01-03 15:00:00,1012.3,-0.8,0.0,23.0,11.2,350.0,21.1
2023-01-03 16:00:00,1012.3,-0.8,0.0,23.0,11.2,350.0,21.1
2023-01-03 17:00:00,1011.0,0.4,0.0,22.0,9.4,300.0,23.3
2023-01-03 18:00:00,1009.8,1.2,0.0,21.0,9.4,330.0,25.0
2023-01-03 19:00:00,1009.0,2.1,0.0,21.0,5.4,20.0,26.1
2023-01-03 20:00:00,1008.4,2.1,0.0,21.0,7.6,320.0,26.1
2023-01-03 21:00:00,1008.4,2.1,0.0,21.0,7.6,320.0,26.1
2023-01-03 22:00:00,1008.8,3.6,0.0,25.0,7.6,280.0,25.0
2023-01-03 23:00:00,1008.8,3.6,0.0,25.0,7.6,280.0,25.0
2023-01-04 00:00:00,1011.1,4.3,0.0,37.0,7.6,310.0,19.4
2023-01-04 01:00:00,1011.1,4.3,0.0,37.0,7.6,310.0,19.4
2023-01-04 02:00:00,1012.3,4.3,0.0,37.0,0.0,0.0,19.4
2023-01-04 03:00:00,1013.6,5.7,0.0,56.0,0.0,0.0,14.4
2023-01-04 04:00:00,1014.1,6.0,0.0,57.0,0.0,0.0,14.4
2023-01-04 05:00:00,1014.1,6.0,0.0,57.0,0.0,0.0,14.4
2023-01-04 06:00:00,1014.3,6.0,0.0,66.0,0.0,0.0,12.2
2023-01-04 07:00:00,1014.8,5.1,0.0,64.0,0.0,0.0,11.7
2023-01-04 08:00:00,1014.3,3.9,0.0,53.0,16.6,350.0,13.3
2023-01-04 09:00:00,1014.8,2.2,0.0,45.0,0.0,0.0,13.9
2023-01-04 10:00:00,1015.6,2.9,0.0,57.0,0.0,0.0,11.1
2023-01-04 11:00:00,1016.3,3.9,0.0,66.0,7.6,270.0,10.0
2023-01-04 12:00:00,1016.3,3.9,0.0,66.0,7.6,270.0,10.0
2023-01-04 13:00:00,1018.3,1.6,0.0,56.0,9.4,260.0,10.0
2023-01-04 14:00:00,1018.3,1.6,0.0,56.0,9.4,260.0,10.0
2023-01-04 15:00:00,1019.8,0.9,0.0,30.0,14.8,270.0,18.9
2023-01-04 16:00:00,1019.8,0.9,0.0,30.0,14.8,270.0,18.9
2023-01-04 17:00:00,1019.2,0.6,0.0,23.0,16.6,330.0,22.8
2023-01-04 18:00:00,1018.2,0.2,0.0,21.0,18.4,310.0,23.9
2023-01-04 19:00:00,1016.9,-1.0,0.0,18.0,16.6,290.0,25.0
2023-01-04 20:00:00,1016.2,-2.6,0.0,16.0,20.5,280.0,25.0
2023-01-04 21:00:00,1016.2,-2.6,0.0,16.0,20.5,280.0,25.0
2023-01-04 22:00:00,1016.1,-3.0,0.0,15.0,24.1,270.0,25.6
2023-01-04 23:00:00,1016.1,-5.3,0.0,13.0,18.4,280.0,25.0
2023-01-05 00:00:00,1017.2,-3.5,0.0,21.0,9.4,260.0,19.4
2023-01-05 01:00:00,1017.2,-3.5,0.0,21.0,9.4,260.0,19.4
2023-01-05 02:00:00,1018.2,-2.0,0.0,29.0,5.4,270.0,16.1
2023-01-05 03:00:00,1019.2,-0.9,0.0,36.0,0.0,0.0,13.9
2023-01-05 04:00:00,1019.9,-1.2,0.0,44.0,0.0,0.0,10.6
2023-01-05 05:00:00,1020.3,-0.5,0.0,46.0,7.6,310.0,10.6
2023-01-05 06:00:00,1020.3,-0.5,0.0,46.0,7.6,310.0,10.6
2023-01-05 07:00:00,1021.0,0.6,0.0,63.0,9.4,120.0,7.2
2023-01-05 08:00:00,1021.2,0.0,0.0,58.0,0.0,0.0,7.8
2023-01-05 09:00:00,1021.5,0.0,0.0,50.0,16.6,10.0,10.0
2023-01-05 10:00:00,1021.7,0.1,0.0,54.0,0.0,0.0,8.9
2023-01-05 11:00:00,1021.7,0.1,0.0,54.0,0.0,0.0,8.9
2023-01-05 12:00:00,1023.3,-0.5,0.0,54.0,9.4,230.0,8.3
2023-01-05 13:00:00,1024.4,-0.5,0.0,54.0,0.0,0.0,8.3
2023-01-05 14:00:00,1024.6,0.6,0.0,42.0,7.6,360.0,13.3
2023-01-05 15:00:00,1025.4,-1.0,0.0,29.0,5.4,310.0,17.2
2023-01-05 16:00:00,1025.4,-1.0,0.0,29.0,5.4,310.0,17.2
2023-01-05 17:00:00,1024.3,-2.0,0.0,19.0,7.6,10.0,22.8
2023-01-05 18:00:00,1023.2,0.6,0.0,23.0,9.4,60.0,22.8
2023-01-05 19:00:00,1023.2,0.6,0.0,23.0,9.4,60.0,22.8
2023-01-05 20:00:00,1022.4,1.2,0.0,24.0,13.0,120.0,22.8
2023-01-05 21:00:00,1021.4,0.9,0.0,22.0,11.2,70.0,23.9
2023-01-05 22:00:00,1021.4,0.9,0.0,22.0,11.2,70.0,23.9
2023-01-05 23:00:00,1021.4,1.0,0.0,23.0,9.4,80.0,23.3
2023-01-06 00:00:00,1021.4,1.9,0.0,28.0,11.2,80.0,21.1
2023-01-06 01:00:00,1021.9,2.3,0.0,33.0,9.4,70.0,18.9
2023-01-06 02:00:00,1022.5,2.9,0.0,37.0,9.4,70.0,17.8
2023-01-06 03:00:00,1022.6,3.5,0.0,46.0,9.4,90.0,15.0
2023-01-06 04:00:00,1022.6,3.5,0.0,46.0,9.4,90.0,15.0
2023-01-06 05:00:00,1022.6,4.0,0.0,59.0,0.0,0.0,11.7
2023-01-06 06:00:00,1022.6,4.0,0.0,59.0,0.0,0.0,11.7
2023-01-06 07:00:00,1022.0,3.9,0.0,66.0,0.0,0.0,10.0
2023-01-06 08:00:00,1021.6,4.5,0.0,66.0,5.4,10.0,10.6
2023-01-06 09:00:00,1021.6,4.5,0.0,66.0,5.4,10.0,10.6
2023-01-06 10:00:00,1021.4,4.3,0.0,73.0,0.0,0.0,8.9
2023-01-06 11:00:00,1020.9,5.0,0.0,74.0,0.0,0.0,9.4
2023-01-06 12:00:00,1021.1,5.1,0.0,77.0,0.0,0.0,8.9
2023-01-06 13:00:00,1021.4,6.0,0.0,71.0,0.0,0.0,11.1
2023-01-06 14:00:00,1021.8,9.4,0.0,72.0,0.0,0.0,14.4
2023-01-06 15:00:00,1021.8,9.4,0.0,72.0,0.0,0.0,14.4
2023-01-06 16:00:00,1022.3,14.5,0.0,93.0,9.4,210.0,15.6
2023-01-06 17:00:00,1020.7,15.6,0.0,64.0,20.5,190.0,22.8
2023-01-06 18:00:00,1019.1,15.6,0.0,58.0,22.3,190.0,24.4
2023-01-06 19:00:00,1017.5,14.9,0.0,50.0,16.6,200.0,26.1
2023-01-06 20:00:00,1017.5,14.9,0.0,50.0,16.6,200.0,26.1
2023-01-06 21:00:00,1016.0,13.9,0.0,44.0,29.5,160.0,27.2
2023-01-06 22:00:00,1015.9,12.8,0.0,41.0,20.5,150.0,27.2
2023-01-06 23:00:00,1015.9,12.9,0.0,47.0,13.0,140.0,25.0
2023-01-07 00:00:00,1016.6,15.1,0.0,60.0,24.1,140.0,23.3
2023-01-07 01:00:00,1016.6,15.1,0.0,60.0,24.1,140.0,23.3
2023-01-07 02:00:00,1017.9,16.0,0.0,78.0,16.6,140.0,20.0
2023-01-07 03:00:00,1018.2,16.1,0.0,84.0,11.2,150.0,18.9
2023-01-07 04:00:00,1018.2,16.1,0.0,90.0,9.4,150.0,17.8
2023-01-07 05:00:00,1017.8,16.1,0.0,93.0,7.6,130.0,17.2
2023-01-07 06:00:00,1017.8,16.1,0.0,93.0,7.6,130.0,17.2
2023-01-07 07:00:00,1017.1,17.2,0.0,96.0,5.4,170.0,17.8
2023-01-07 08:00:00,1016.7,17.9,0.0,91.0,9.4,170.0,19.4
2023-01-07 09:00:00,1016.7,17.9,0.0,91.0,9.4,170.0,19.4
2023-01-07 10:00:00,1016.8,18.2,0.0,93.0,7.6,160.0,19.4
2023-01-07 11:00:00,1017.1,18.3,0.0,90.0,7.6,100.0,20.0
2023-01-07 12:00:00,1018.0,18.3,0.0,90.0,7.6,80.0,20.0
2023-01-07 13:00:00,1018.7,18.3,0.0,90.0,9.4,60.0,20.0
2023-01-07 14:00:00,1019.6,18.4,0.0,87.0,7.6,80.0,20.6
2023-01-07 15:00:00,1019.6,18.4,0.0,87.0,7.6,80.0,20.6
2023-01-07 16:00:00,1020.5,18.9,0.0,84.0,9.4,110.0,21.7
2023-01-07 17:00:00,1020.5,18.9,0.0,84.0,9.4,110.0,21.7
2023-01-07 18:00:00,1019.9,19.0,0.0,82.0,9.4,130.0,22.2
2023-01-07 19:00:00,1017.8,18.4,0.0,74.0,9.4,120.0,23.3
2023-01-07 20:00:00,1017.8,18.4,0.0,74.0,9.4,120.0,23.3
2023-01-07 21:00:00,1017.6,18.3,0.0,71.0,9.4,120.0,23.9
2023-01-07 22:00:00,1018.1,18.4,0.0,74.0,7.6,100.0,23.3
2023-01-07 23:00:00,1018.0,18.3,0.0,76.0,5.4,60.0,22.8
2023-01-08 00:00:00,1018.7,18.3,0.0,76.0,7.6,60.0,22.8
2023-01-08 01:00:00,1018.7,18.3,0.0,76.0,7.6,60.0,22.8
2023-01-08 02:00:00,1019.7,17.1,0.0,78.0,20.5,10.0,21.1
2023-01-08 03:00:00,1020.7,13.3,0.0,68.0,16.6,30.0,19.4
2023-01-08 04:00:00,1021.4,9.4,0.0,54.0,14.8,40.0,18.9
2023-01-08 05:00:00,1021.4,9.4,0.0,54.0,14.8,40.0,18.9
2023-01-08 06:00:00,1021.3,4.4,0.0,41.0,24.1,30.0,17.8
2023-01-08 07:00:00,1021.5,3.4,0.0,41.0,20.5,20.0,16.7
2023-01-08 08:00:00,1021.5,2.1,0.0,39.0,16.6,360.0,16.1
2023-01-08 09:00:00,1021.7,1.7,0.0,39.0,13.0,30.0,15.6
2023-01-08 10:00:00,1021.7,1.7,0.0,39.0,13.0,30.0,15.6
2023-01-08 11:00:00,1022.5,1.8,0.0,44.0,9.4,30.0,13.9
2023-01-08 12:00:00,1022.7,1.6,0.0,45.0,7.6,50.0,13.3
2023-01-08 13:00:00,1023.1,2.1,0.0,50.0,13.0,360.0,12.2
2023-01-08 14:00:00,1024.1,1.8,0.0,47.0,18.4,360.0,12.8
2023-01-08 15:00:00,1024.1,1.8,0.0,47.0,18.4,360.0,12.8
2023-01-08 16:00:00,1024.9,2.3,0.0,38.0,14.8,50.0,16.7
2023-01-08 17:00:00,1024.2,2.7,0.0,34.0,16.6,20.0,18.9
2023-01-08 18:00:00,1023.1,2.8,0.0,32.0,18.4,20.0,20.0
2023-01-08 19:00:00,1022.2,2.4,0.0,30.0,14.8,50.0,20.6
2023-01-08 20:00:00,1022.2,2.4,0.0,30.0,14.8,50.0,20.6
2023-01-08 21:00:00,1021.3,2.3,0.0,27.0,13.0,70.0,22.2
2023-01-08 22:00:00,1021.5,1.9,0.0,28.0,13.0,60.0,21.1
2023-01-08 23:00:00,1021.9,0.9,0.0,29.0,13.0,70.0,19.4
2023-01-09 00:00:00,1021.9,0.9,0.0,29.0,13.0,70.0,19.4
2023-01-09 01:00:00,1023.3,2.3,0.0,38.0,9.4,70.0,16.7
2023-01-09 02:00:00,1023.5,2.4,0.0,41.0,11.2,60.0,15.6
2023-01-09 03:00:00,1023.4,2.9,0.0,46.0,5.4,40.0,14.4
2023-01-09 04:00:00,1023.4,2.8,0.0,47.0,7.6,30.0,13.9
2023-01-09 05:00:00,1023.4,2.8,0.0,47.0,7.6,30.0,13.9
2023-01-09 06:00:00,1022.7,3.4,0.0,55.0,5.4,10.0,12.2
2023-01-09 07:00:00,1022.5,3.4,0.0,59.0,0.0,0.0,11.1
2023-01-09 08:00:00,1022.4,3.4,0.0,59.0,0.0,0.0,11.1
2023-01-09 09:00:00,1021.9,3.4,0.0,61.0,5.4,80.0,10.6
2023-01-09 10:00:00,1021.9,3.4,0.0,61.0,5.4,80.0,10.6
2023-01-09 11:00:00,1021.9,3.2,0.0,56.0,5.4,50.0,11.7
2023-01-09 12:00:00,1022.9,3.4,0.0,66.0,0.0,0.0,9.4
2023-01-09 13:00:00,1023.3,3.9,0.0,61.0,0.0,0.0,11.1
2023-01-09 14:00:00,1023.3,4.5,0.0,53.0,7.6,70.0,13.9
2023-01-09 15:00:00,1023.3,4.5,0.0,53.0,7.6,70.0,13.9
2023-01-09 16:00:00,1023.2,7.8,0.0,52.0,11.2,120.0,17.8
2023-01-09 17:00:00,1022.3,10.7,0.0,57.0,9.4,120.0,19.4
2023-01-09 18:00:00,1021.2,9.9,0.0,47.0,5.4,142.0,21.7
2023-01-09 19:00:00,1021.2,9.9,0.0,47.0,5.4,180.0,21.7
2023-01-09 20:00:00,1019.0,11.2,0.0,48.0,9.4,240.0,22.8
2023-01-09 21:00:00,1018.8,10.6,0.0,46.0,9.4,210.0,22.8
2023-01-09 22:00:00,1019.0,11.6,0.0,51.0,9.4,190.0,22.2
2023-01-09 23:00:00,1019.0,12.8,0.0,61.0,7.6,170.0,20.6
2023-01-10 00:00:00,1019.0,12.8,0.0,61.0,7.6,170.0,20.6
2023-01-10 01:00:00,1019.8,12.3,0.0,78.0,5.4,150.0,16.1
2023-01-10 02:00:00,1020.2,12.7,0.0,83.0,5.4,160.0,15.6
2023-01-10 03:00:00,1020.4,12.9,0.0,87.0,5.4,160.0,15.0
2023-01-10 04:00:00,1020.3,13.4,0.0,90.0,0.0,0.0,15.0
2023-01-10 05:00:00,1020.3,13.4,0.0,90.0,0.0,0.0,15.0
2023-01-10 06:00:00,1019.3,15.0,0.0,96.0,9.4,180.0,15.6
2023-01-10 07:00:00,1019.0,15.6,0.0,100.0,5.4,220.0,15.6
2023-01-10 08:00:00,1019.0,15.6,0.0,100.0,5.4,220.0,15.6
2023-01-10 09:00:00,1018.2,16.1,0.0,100.0,7.6,220.0,16.1
2023-01-10 10:00:00,1018.2,16.1,0.0,100.0,7.6,220.0,16.1
2023-01-10 11:00:00,1018.2,15.0,0.0,100.0,9.4,240.0,15.0
2023-01-10 12:00:00,1018.6,14.4,0.0,100.0,14.8,260.0,14.4
2023-01-10 13:00:00,1018.6,14.4,0.0,100.0,14.8,260.0,14.4
2023-01-10 14:00:00,1019.0,14.4,0.0,100.0,7.6,260.0,14.4
2023-01-10 15:00:00,1019.4,13.9,0.0,81.0,9.4,220.0,17.2
2023-01-10 16:00:00,1019.3,14.4,0.0,70.0,20.5,230.0,20.0
2023-01-10 17:00:00,1018.1,15.5,0.0,68.0,16.6,240.0,21.7
2023-01-10 18:00:00,1016.2,15.7,0.0,60.0,20.5,240.0,23.9
2023-01-10 19:00:00,1016.2,15.7,0.0,60.0,20.5,240.0,23.9
2023-01-10 20:00:00,1014.1,15.1,0.0,49.0,18.4,220.0,26.7
2023-01-10 21:00:00,1013.6,14.9,0.0,50.0,14.8,210.0,26.1
2023-01-10 22:00:00,1013.6,14.9,0.0,50.0,14.8,210.0,26.1
2023-01-10 23:00:00,1013.5,14.4,0.0,50.0,18.4,200.0,25.6
2023-01-11 00:00:00,1013.9,14.0,0.0,56.0,9.4,180.0,23.3
2023-01-11 01:00:00,1014.5,14.0,0.0,64.0,7.6,180.0,21.1
2023-01-11 02:00:00,1014.7,13.3,0.0,70.0,5.4,160.0,18.9
2023-01-11 03:00:00,1015.1,12.7,0.0,83.0,0.0,0.0,15.6
2023-01-11 04:00:00,1015.1,12.7,0.0,83.0,0.0,0.0,15.6
2023-01-11 05:00:00,1014.8,12.9,0.0,87.0,5.4,140.0,15.0
2023-01-11 06:00:00,1014.4,11.8,0.0,87.0,0.0,0.0,13.9
2023-01-11 07:00:00,1014.1,11.0,0.0,89.0,0.0,0.0,12.8
2023-01-11 08:00:00,1014.0,11.1,0.0,93.0,0.0,0.0,12.2
2023-01-11 09:00:00,1014.0,11.1,0.0,93.0,0.0,0.0,12.2
2023-01-11 10:00:00,1013.8,12.2,0.0,100.0,0.0,0.0,12.2
2023-01-11 11:00:00,1013.9,11.1,0.0,100.0,0.0,0.0,11.1
2023-01-11 12:00:00,1014.1,11.1,0.0,100.0,5.4,150.0,11.1
2023-01-11 13:00:00,1014.1,11.1,0.0,100.0,5.4,150.0,11.1
2023-01-11 14:00:00,1015.0,14.4,0.0,100.0,7.6,160.0,14.4
2023-01-11 15:00:00,1015.3,15.6,0.0,100.0,5.4,160.0,15.6
2023-01-11 16:00:00,1015.3,15.6,0.0,100.0,5.4,160.0,15.6
2023-01-11 17:00:00,1015.1,16.7,0.0,100.0,7.6,190.0,16.7
2023-01-11 18:00:00,1014.0,17.2,0.0,90.0,9.4,220.0,18.9
2023-01-11 19:00:00,1011.4,17.3,0.0,69.0,16.6,190.0,23.3
2023-01-11 20:00:00,1009.9,17.2,0.0,58.0,18.4,150.0,26.1
2023-01-11 21:00:00,1009.6,16.8,0.0,53.0,7.6,220.0,27.2
2023-01-11 22:00:00,1009.6,16.8,0.0,53.0,7.6,220.0,27.2
2023-01-11 23:00:00,1009.4,14.9,0.0,44.0,9.4,190.0,28.3
2023-01-12 00:00:00,1009.5,15.6,0.0,56.0,5.4,310.0,25.0
2023-01-12 01:00:00,1010.5,14.4,0.0,63.0,0.0,0.0,21.7
2023-01-12 02:00:00,1010.5,14.0,0.0,73.0,7.6,150.0,18.9
2023-01-12 03:00:00,1011.3,13.2,0.0,80.0,0.0,0.0,16.7
2023-01-12 04:00:00,1011.3,13.2,0.0,80.0,0.0,0.0,16.7
2023-01-12 05:00:00,1011.8,15.6,0.0,81.0,7.6,190.0,18.9
2023-01-12 06:00:00,1013.3,13.9,0.0,78.0,7.6,160.0,17.8
2023-01-12 07:00:00,1013.9,13.4,0.0,84.0,7.6,350.0,16.1
2023-01-12 08:00:00,1014.4,13.4,0.0,84.0,7.6,350.0,18.9
2023-01-12 09:00:00,1014.4,2.7,0.0,34.0,17.0,340.0,18.9
2023-01-12 10:00:00,1016.5,-4.6,0.0,20.0,14.8,350.0,18.3
2023-01-12 11:00:00,1017.6,-4.8,0.0,21.0,20.5,360.0,17.8
2023-01-12 12:00:00,1019.6,-5.1,0.0,22.0,14.8,350.0,16.7
2023-01-12 13:00:00,1019.6,-5.1,0.0,22.0,14.8,350.0,16.7
2023-01-12 14:00:00,1023.2,-0.5,0.0,36.0,24.1,10.0,14.4
2023-01-12 15:00:00,1024.8,0.0,0.0,36.0,24.1,10.0,15.0
2023-01-12 16:00:00,1025.7,0.6,0.0,36.0,25.9,360.0,15.6
2023-01-12 17:00:00,1026.1,1.0,0.0,37.0,25.9,360.0,15.6
2023-01-12 18:00:00,1026.1,1.0,0.0,37.0,25.9,360.0,15.6
2023-01-12 19:00:00,1024.9,1.0,0.0,36.0,18.4,320.0,16.1
2023-01-12 20:00:00,1024.0,1.7,0.0,33.0,16.6,340.0,18.3
2023-01-12 21:00:00,1024.2,0.5,0.0,29.0,22.3,340.0,18.9
2023-01-12 22:00:00,1024.2,0.5,0.0,29.0,22.3,340.0,18.9
2023-01-12 23:00:00,1024.7,0.0,0.0,28.0,16.6,350.0,18.9
2023-01-13 00:00:00,1025.3,-1.0,0.0,29.0,13.0,360.0,17.2
2023-01-13 01:00:00,1026.5,-2.9,0.0,27.0,11.2,340.0,16.1
2023-01-13 02:00:00,1028.0,-3.0,0.0,31.0,9.4,330.0,13.9
2023-01-13 03:00:00,1028.0,-3.0,0.0,31.0,9.4,330.0,13.9
2023-01-13 04:00:00,1028.7,-2.8,0.0,35.0,9.4,320.0,12.2
2023-01-13 05:00:00,1029.5,-2.8,0.0,39.0,7.6,330.0,10.6
2023-01-13 06:00:00,1029.4,-2.7,0.0,41.0,5.4,320.0,10.0
2023-01-13 07:00:00,1029.7,-2.1,0.0,46.0,7.6,310.0,8.9
2023-01-13 08:00:00,1029.7,-2.1,0.0,46.0,7.6,310.0,8.9
2023-01-13 09:00:00,1030.2,-2.3,0.0,64.0,5.4,240.0,3.9
2023-01-13 10:00:00,1030.2,-2.1,0.0,70.0,5.4,290.0,2.8
2023-01-13 11:00:00,1030.3,-2.1,0.0,70.0,0.0,0.0,2.8
2023-01-13 12:00:00,1030.8,-2.2,0.0,67.0,5.4,240.0,3.3
2023-01-13 13:00:00,1030.8,-2.2,0.0,67.0,5.4,240.0,3.3
2023-01-13 14:00:00,1031.8,-1.8,0.0,47.0,5.4,310.0,8.9
2023-01-13 15:00:00,1032.1,-2.2,0.0,38.0,0.0,0.0,11.7
2023-01-13 16:00:00,1031.8,-3.4,0.0,29.0,9.4,60.0,14.4
2023-01-13 17:00:00,1030.5,-2.0,0.0,29.0,13.0,60.0,16.1
2023-01-13 18:00:00,1030.5,-2.0,0.0,29.0,13.0,60.0,16.1
2023-01-13 19:00:00,1027.9,-3.0,0.0,25.0,5.4,12.0,17.2
2023-01-13 20:00:00,1026.9,-3.3,0.0,22.0,13.0,10.0,18.9
2023-01-13 21:00:00,1026.6,-2.7,0.0,23.0,5.4,10.0,18.9
2023-01-13 22:00:00,1026.6,-2.7,0.0,23.0,5.4,70.0,18.9
2023-01-13 23:00:00,1026.6,-2.6,0.0,24.0,9.4,70.0,18.3
2023-01-14 00:00:00,1027.2,-2.3,0.0,35.0,7.6,120.0,12.8
2023-01-14 01:00:00,1027.2,-2.3,0.0,35.0,7.6,120.0,12.8
2023-01-14 02:00:00,1027.5,-1.2,0.0,44.0,7.6,130.0,10.6
2023-01-14 03:00:00,1027.3,-1.8,0.0,47.0,0.0,0.0,8.9
2023-01-14 04:00:00,1027.0,-1.7,0.0,51.0,5.4,80.0,7.8
2023-01-14 05:00:00,1026.9,-1.0,0.0,58.0,0.0,0.0,6.7
2023-01-14 06:00:00,1027.0,-1.7,0.0,62.0,0.0,0.0,5.0
2023-01-14 07:00:00,1026.7,-1.7,0.0,67.0,0.0,0.0,3.9
2023-01-14 08:00:00,1026.7,-1.7,0.0,67.0,0.0,0.0,3.9
2023-01-14 09:00:00,1026.1,-1.8,0.0,75.0,0.0,0.0,2.2
2023-01-14 10:00:00,1026.1,-1.8,0.0,75.0,0.0,0.0,2.2
2023-01-14 11:00:00,1026.1,-1.7,0.0,78.0,5.4,280.0,1.7
2023-01-14 12:00:00,1026.3,-2.3,0.0,75.0,0.0,0.0,1.7
2023-01-14 13:00:00,1026.3,-2.3,0.0,75.0,0.0,0.0,1.7
2023-01-14 14:00:00,1026.7,-1.2,0.0,53.0,0.0,0.0,7.8
2023-01-14 15:00:00,1026.7,-1.2,0.0,53.0,0.0,0.0,7.8
2023-01-14 16:00:00,1026.5,-3.0,0.0,31.0,14.8,170.0,13.9
2023-01-14 17:00:00,1026.5,-3.0,0.0,31.0,14.8,170.0,13.9
2023-01-14 18:00:00,1023.5,-3.0,0.0,25.0,9.4,160.0,17.2
2023-01-14 19:00:00,1021.9,-2.7,0.0,23.0,9.4,160.0,18.9
2023-01-14 20:00:00,1021.9,-4.2,0.0,20.0,11.2,169.0,19.4
2023-01-14 21:00:00,1020.0,-4.2,0.0,20.0,11.2,170.0,19.4
2023-01-14 22:00:00,1020.1,-3.5,0.0,21.0,20.5,170.0,19.4
2023-01-14 23:00:00,1019.8,-0.1,0.0,31.0,11.2,150.0,17.2
2023-01-15 00:00:00,1019.8,-0.1,0.0,31.0,11.2,150.0,17.2
2023-01-15 01:00:00,1019.7,0.2,0.0,35.0,5.4,120.0,15.6
2023-01-15 02:00:00,1019.9,0.5,0.0,43.0,9.4,140.0,12.8
2023-01-15 03:00:00,1019.9,3.9,0.0,53.0,14.8,150.0,13.3
2023-01-15 04:00:00,1019.8,5.1,0.0,64.0,9.4,160.0,11.7
2023-01-15 05:00:00,1019.1,6.2,0.0,74.0,5.4,170.0,10.6
2023-01-15 06:00:00,1018.3,5.6,0.0,77.0,0.0,0.0,9.4
2023-01-15 07:00:00,1017.5,5.6,0.0,83.0,0.0,0.0,8.3
2023-01-15 08:00:00,1017.5,5.6,0.0,83.0,0.0,0.0,8.3
2023-01-15 09:00:00,1016.3,7.2,0.0,86.0,0.0,0.0,9.4
2023-01-15 10:00:00,1015.8,5.7,0.0,90.0,0.0,0.0,7.2
2023-01-15 11:00:00,1015.5,5.6,0.0,93.0,0.0,0.0,6.7
2023-01-15 12:00:00,1015.5,5.6,0.0,93.0,0.0,0.0,6.7
2023-01-15 13:00:00,1015.9,5.0,0.0,89.0,0.0,0.0,6.7
2023-01-15 14:00:00,1015.9,8.9,0.0,83.0,0.0,0.0,11.7
2023-01-15 15:00:00,1015.6,11.7,0.0,75.0,16.6,180.0,16.1
2023-01-15 16:00:00,1015.2,12.2,0.0,65.0,16.6,180.0,18.9
2023-01-15 17:00:00,1015.2,12.2,0.0,65.0,29.5,190.0,18.9
2023-01-15 18:00:00,1011.3,12.2,0.0,53.0,27.7,170.0,22.2
2023-01-15 19:00:00,1009.4,10.6,0.0,43.0,29.5,180.0,23.9
2023-01-15 20:00:00,1007.9,11.2,0.0,42.0,22.3,170.0,25.0
2023-01-15 21:00:00,1007.9,11.2,0.0,42.0,22.3,170.0,25.0
2023-01-15 22:00:00,1007.7,11.0,0.0,43.0,24.1,190.0,24.4
2023-01-15 23:00:00,1007.0,11.2,0.0,45.0,14.8,150.0,23.9
2023-01-16 00:00:00,1006.4,11.2,0.0,48.0,11.2,150.0,22.8
2023-01-16 01:00:00,1008.2,12.9,0.0,66.0,20.5,140.0,19.4
2023-01-16 02:00:00,1008.2,12.9,0.0,66.0,20.5,140.0,19.4
2023-01-16 03:00:00,1008.6,13.3,0.0,70.0,18.4,140.0,18.9
2023-01-16 04:00:00,1008.7,14.0,0.0,76.0,14.8,150.0,18.3
2023-01-16 05:00:00,1007.9,14.0,0.0,84.0,9.4,130.0,16.7
2023-01-16 06:00:00,1007.9,13.9,0.0,87.0,7.6,130.0,16.1
2023-01-16 07:00:00,1007.9,13.9,0.0,87.0,7.6,130.0,16.1
2023-01-16 08:00:00,1007.3,14.5,0.0,90.0,7.6,140.0,16.1
2023-01-16 09:00:00,1007.3,14.5,0.0,90.0,7.6,140.0,16.1
2023-01-16 10:00:00,1007.3,15.6,0.0,87.0,14.8,160.0,17.8
2023-01-16 11:00:00,1007.4,16.1,0.0,90.0,11.2,160.0,17.8
2023-01-16 12:00:00,1007.4,16.1,0.0,90.0,11.2,160.0,17.8
2023-01-16 13:00:00,1009.1,16.1,0.0,93.0,5.4,290.0,17.2
2023-01-16 14:00:00,1009.7,16.1,0.0,87.0,9.4,290.0,18.3
2023-01-16 15:00:00,1010.2,16.1,0.0,84.0,5.4,250.0,18.9
2023-01-16 16:00:00,1010.1,15.7,0.0,79.0,7.6,250.0,19.4
2023-01-16 17:00:00,1010.1,15.7,0.0,79.0,7.6,249.0,19.4
2023-01-16 18:00:00,1008.5,15.1,0.0,66.0,0.0,0.0,21.7
2023-01-16 19:00:00,1007.3,14.4,0.0,59.0,5.4,280.0,22.8
2023-01-16 20:00:00,1006.3,14.0,0.0,56.0,5.4,280.0,23.3
2023-01-16 21:00:00,1005.9,13.3,0.0,50.0,0.0,0.0,24.4
2023-01-16 22:00:00,1005.9,13.3,0.0,50.0,0.0,0.0,24.4
2023-01-16 23:00:00,1006.3,12.8,0.0,57.0,7.6,120.0,21.7
2023-01-17 00:00:00,1006.3,12.8,0.0,57.0,7.6,120.0,21.7
2023-01-17 01:00:00,1007.1,12.3,0.0,68.0,0.0,0.0,18.3
2023-01-17 02:00:00,1008.0,12.3,0.0,78.0,0.0,0.0,16.1
2023-01-17 03:00:00,1008.5,11.8,0.0,78.0,0.0,0.0,15.6
2023-01-17 04:00:00,1008.8,11.1,0.0,83.0,0.0,0.0,13.9
2023-01-17 05:00:00,1008.6,11.1,0.0,83.0,0.0,0.0,13.9
2023-01-17 06:00:00,1007.9,9.9,0.0,89.0,0.0,0.0,11.7
2023-01-17 07:00:00,1007.4,10.0,0.0,93.0,0.0,0.0,11.1
2023-01-17 08:00:00,1007.4,10.0,0.0,93.0,0.0,0.0,11.1
2023-01-17 09:00:00,1007.6,10.0,0.0,93.0,5.4,340.0,11.1
2023-01-17 10:00:00,1007.6,10.0,0.0,93.0,5.4,340.0,11.1
2023-01-17 11:00:00,1007.9,9.4,0.0,96.0,0.0,0.0,10.0
2023-01-17 12:00:00,1008.1,8.9,0.0,93.0,0.0,0.0,10.0
2023-01-17 13:00:00,1009.5,10.0,0.0,93.0,0.0,0.0,11.1
2023-01-17 14:00:00,1009.7,12.3,0.0,87.0,0.0,0.0,14.4
2023-01-17 15:00:00,1009.9,13.3,0.0,70.0,5.4,20.0,18.9
2023-01-17 16:00:00,1009.4,15.1,0.0,64.0,9.4,70.0,22.2
2023-01-17 17:00:00,1009.4,15.1,0.0,64.0,9.4,70.0,22.2
2023-01-17 18:00:00,1008.3,15.1,0.0,58.0,9.4,110.0,23.9
2023-01-17 19:00:00,1005.3,15.6,0.0,56.0,24.1,140.0,25.0
2023-01-17 20:00:00,1004.5,16.1,0.0,60.0,18.4,140.0,24.4
2023-01-17 21:00:00,1004.5,16.1,0.0,60.0,18.4,140.0,24.4
2023-01-17 22:00:00,1004.3,16.1,0.0,60.0,20.5,150.0,24.4
2023-01-17 23:00:00,1004.6,15.6,0.0,62.0,11.2,110.0,23.3
2023-01-18 00:00:00,1004.5,15.5,0.0,66.0,14.8,100.0,22.2
2023-01-18 01:00:00,1004.5,15.5,0.0,66.0,14.8,100.0,22.2
2023-01-18 02:00:00,1005.5,17.2,0.0,84.0,14.8,130.0,20.0
2023-01-18 03:00:00,1005.5,17.2,0.0,84.0,14.8,130.0,20.0
2023-01-18 04:00:00,1005.5,17.8,0.0,87.0,13.0,120.0,20.0
2023-01-18 05:00:00,1005.5,17.8,0.0,87.0,13.0,120.0,20.0
2023-01-18 06:00:00,1004.5,18.3,0.0,90.0,9.4,140.0,20.0
2023-01-18 07:00:00,1004.5,18.9,0.0,87.0,11.2,160.0,21.1
2023-01-18 08:00:00,1004.5,18.9,0.0,87.0,11.2,150.0,21.1
2023-01-18 09:00:00,1003.7,18.9,0.0,87.0,11.2,180.0,21.1
2023-01-18 10:00:00,1004.0,18.9,0.0,90.0,0.0,0.0,20.6
2023-01-18 11:00:00,1004.7,18.9,0.0,90.0,0.0,0.0,20.6
2023-01-18 12:00:00,1005.6,18.8,0.0,93.0,0.0,0.0,20.0
2023-01-18 13:00:00,1005.6,18.8,0.3,93.0,0.0,0.0,20.0
2023-01-18 14:00:00,1006.5,19.3,0.5,96.0,0.0,0.0,20.0
2023-01-18 15:00:00,1008.1,19.9,0.0,93.0,5.4,330.0,20.6
2023-01-18 16:00:00,1009.5,8.5,0.0,40.0,22.3,350.0,22.8
2023-01-18 17:00:00,1008.4,7.1,0.0,34.0,18.4,350.0,23.9
2023-01-18 18:00:00,1007.6,6.7,0.0,31.0,13.0,330.0,25.0
2023-01-18 19:00:00,1006.7,3.3,0.0,23.0,13.0,320.0,26.1
2023-01-18 20:00:00,1006.7,3.3,0.0,23.0,13.0,320.0,26.1
2023-01-18 21:00:00,1006.6,1.4,0.0,20.0,13.0,280.0,26.1
2023-01-18 22:00:00,1006.6,1.4,0.0,20.0,13.0,280.0,26.1
2023-01-18 23:00:00,1007.0,-0.1,0.0,18.0,16.6,280.0,26.1
2023-01-19 00:00:00,1007.7,0.9,0.0,22.0,9.4,270.0,23.9
2023-01-19 01:00:00,1010.1,0.4,0.0,26.0,9.4,320.0,20.6
2023-01-19 02:00:00,1011.3,0.0,0.0,30.0,7.6,330.0,17.8
2023-01-19 03:00:00,1012.4,1.0,0.0,40.0,5.4,320.0,14.4
2023-01-19 04:00:00,1012.4,1.0,0.0,40.0,5.4,320.0,14.4
2023-01-19 05:00:00,1013.1,0.8,0.0,38.0,9.4,330.0,15.0
2023-01-19 06:00:00,1013.5,-1.6,0.0,32.0,13.0,340.0,15.0
2023-01-19 07:00:00,1014.1,-4.4,0.0,25.0,11.2,330.0,15.6
2023-01-19 08:00:00,1014.7,-2.7,0.0,41.0,5.4,290.0,10.0
2023-01-19 09:00:00,1015.3,-2.2,0.0,44.0,0.0,0.0,9.4
2023-01-19 10:00:00,1015.3,-2.2,0.0,44.0,0.0,0.0,9.4
2023-01-19 11:00:00,1016.0,-0.5,0.0,58.0,0.0,0.0,7.2
2023-01-19 12:00:00,1017.0,-0.6,0.0,62.0,0.0,0.0,6.1
2023-01-19 13:00:00,1018.9,-0.1,0.0,62.0,0.0,0.0,6.7
2023-01-19 14:00:00,1018.9,-0.1,0.0,62.0,0.0,0.0,6.7
2023-01-19 15:00:00,1020.7,-2.9,0.0,26.0,14.8,10.0,16.7
2023-01-19 16:00:00,1020.9,-2.5,0.0,25.0,14.8,40.0,17.8
2023-01-19 17:00:00,1020.2,-3.3,0.0,22.0,11.2,360.0,18.9
2023-01-19 18:00:00,1020.2,-3.3,0.0,22.0,11.2,360.0,18.9
2023-01-19 19:00:00,1018.1,-3.2,0.0,20.0,9.4,60.0,20.6
2023-01-19 20:00:00,1017.8,-2.9,0.0,19.0,9.4,60.0,21.7
2023-01-19 21:00:00,1017.6,-2.1,0.0,21.0,13.0,130.0,21.1
2023-01-19 22:00:00,1017.6,-2.1,0.0,21.0,13.0,130.0,21.1
2023-01-19 23:00:00,1017.7,-1.8,0.0,23.0,13.0,130.0,20.0
2023-01-20 00:00:00,1018.8,-1.0,0.0,30.0,5.4,100.0,16.7
2023-01-20 01:00:00,1019.4,-1.0,0.0,30.0,9.4,90.0,16.7
2023-01-20 02:00:00,1019.9,-1.0,0.0,32.0,9.4,80.0,15.6
2023-01-20 03:00:00,1019.9,-1.0,0.0,32.0,9.4,80.0,15.6
2023-01-20 04:00:00,1020.4,0.0,0.0,36.0,7.6,90.0,15.0
2023-01-20 05:00:00,1020.2,-0.1,0.0,37.0,9.4,90.0,14.4
2023-01-20 06:00:00,1019.4,0.2,0.0,39.0,7.6,70.0,13.9
2023-01-20 07:00:00,1019.5,-0.1,0.0,37.0,11.2,70.0,14.4
2023-01-20 08:00:00,1019.5,-0.1,0.0,37.0,11.2,70.0,14.4
2023-01-20 09:00:00,1019.4,0.5,0.0,40.0,13.0,60.0,13.9
2023-01-20 10:00:00,1019.3,0.2,0.0,39.0,11.2,30.0,13.9
2023-01-20 11:00:00,1019.6,0.2,0.0,39.0,13.0,80.0,13.9
2023-01-20 12:00:00,1020.6,0.5,0.0,40.0,13.0,60.0,13.9
2023-01-20 13:00:00,1020.6,0.5,0.0,40.0,13.0,60.0,13.9
2023-01-20 14:00:00,1021.8,0.5,0.0,40.0,16.6,60.0,13.9
2023-01-20 15:00:00,1021.8,0.5,0.0,40.0,16.6,60.0,13.9
2023-01-20 16:00:00,1022.2,1.6,0.0,42.0,18.4,70.0,14.4
2023-01-20 17:00:00,1021.6,1.7,0.0,39.0,18.4,90.0,15.6
2023-01-20 18:00:00,1021.6,1.7,0.0,39.0,18.4,90.0,15.6
2023-01-20 19:00:00,1019.4,1.0,0.0,37.0,16.6,70.0,15.6
2023-01-20 20:00:00,1018.8,1.0,0.0,37.0,14.8,70.0,15.6
2023-01-20 21:00:00,1018.8,1.0,0.0,37.0,14.8,70.0,15.6
2023-01-20 22:00:00,1018.5,2.1,0.0,39.0,16.6,70.0,16.1
2023-01-20 23:00:00,1018.4,2.7,0.0,42.0,11.2,60.0,15.6
2023-01-21 00:00:00,1018.9,3.8,0.0,49.0,18.4,80.0,14.4
2023-01-21 01:00:00,1018.9,3.8,0.0,49.0,18.4,80.0,14.4
2023-01-21 02:00:00,1019.1,3.9,0.0,53.0,16.6,80.0,13.3
2023-01-21 03:00:00,1019.1,3.9,0.0,53.0,16.6,80.0,13.3
2023-01-21 04:00:00,1019.1,4.4,0.0,55.0,14.8,90.0,13.3
2023-01-21 05:00:00,1019.0,4.4,0.0,55.0,11.2,70.0,13.3
2023-01-21 06:00:00,1018.5,4.5,0.0,57.0,11.2,90.0,12.8
2023-01-21 07:00:00,1017.3,4.5,0.0,57.0,13.0,100.0,12.8
2023-01-21 08:00:00,1017.3,4.5,0.0,57.0,11.0,80.0,12.8
2023-01-21 09:00:00,1016.1,4.9,0.0,61.0,14.8,80.0,12.2
2023-01-21 10:00:00,1015.5,6.0,0.0,66.0,11.2,90.0,12.2
2023-01-21 11:00:00,1015.4,5.6,0.0,66.0,9.4,80.0,11.7
2023-01-21 12:00:00,1016.0,6.0,0.0,66.0,5.4,40.0,12.2
2023-01-21 13:00:00,1016.0,6.0,0.0,66.0,5.4,40.0,12.2
2023-01-21 14:00:00,1017.2,8.4,0.0,80.0,11.2,360.0,11.7
2023-01-21 15:00:00,1017.2,8.3,0.0,77.0,5.4,10.0,12.2
2023-01-21 16:00:00,1017.1,8.9,0.0,77.0,13.0,340.0,12.8
2023-01-21 17:00:00,1016.1,9.4,0.0,77.0,13.0,10.0,13.3
2023-01-21 18:00:00,1016.1,9.4,0.0,77.0,13.0,10.0,13.3
2023-01-21 19:00:00,1012.7,9.9,0.0,69.0,5.4,20.0,15.6
2023-01-21 20:00:00,1011.7,10.7,0.0,63.0,7.6,20.0,17.8
2023-01-21 21:00:00,1011.3,10.6,0.0,61.0,0.0,0.0,18.3
2023-01-21 22:00:00,1011.3,10.6,0.0,61.0,0.0,0.0,18.3
2023-01-21 23:00:00,1011.3,10.6,0.0,65.0,5.4,140.0,17.2
2023-01-22 00:00:00,1011.3,10.6,0.0,65.0,5.4,140.0,17.2
2023-01-22 01:00:00,1012.9,9.9,0.0,80.0,0.0,0.0,13.3
2023-01-22 02:00:00,1013.5,8.8,0.0,86.0,5.4,90.0,11.1
2023-01-22 03:00:00,1013.5,8.8,0.0,86.0,5.4,90.0,11.1
2023-01-22 04:00:00,1014.3,8.3,0.0,93.0,0.0,0.0,9.4
2023-01-22 05:00:00,1014.3,8.3,0.0,93.0,0.0,0.0,9.4
2023-01-22 06:00:00,1014.3,6.8,0.0,90.0,7.6,300.0,8.3
2023-01-22 07:00:00,1015.4,5.7,0.0,90.0,7.6,310.0,7.2
2023-01-22 08:00:00,1015.4,5.7,0.0,90.0,7.6,310.0,7.2
2023-01-22 09:00:00,1015.8,-1.7,0.0,44.0,5.4,340.0,10.0
2023-01-22 10:00:00,1015.9,-2.9,0.0,42.0,9.4,340.0,9.4
2023-01-22 11:00:00,1016.1,-2.7,0.0,46.0,7.6,360.0,8.3
2023-01-22 12:00:00,1016.1,-2.7,0.0,46.0,7.6,360.0,8.3
2023-01-22 13:00:00,1017.1,-2.3,0.0,51.0,7.6,350.0,7.2
2023-01-22 14:00:00,1017.9,-2.1,0.0,46.0,18.4,340.0,8.9
2023-01-22 15:00:00,1018.6,-2.3,0.0,39.0,13.0,350.0,11.1
2023-01-22 16:00:00,1018.6,-2.3,0.0,39.0,13.0,350.0,11.1
2023-01-22 17:00:00,1018.5,-1.9,0.0,35.0,16.6,360.0,13.3
2023-01-22 18:00:00,1016.4,-2.4,0.0,27.0,9.4,320.0,16.7
2023-01-22 19:00:00,1015.0,-3.2,0.0,23.0,9.4,320.0,18.3
2023-01-22 20:00:00,1014.2,-3.9,0.0,21.0,16.6,310.0,18.9
2023-01-22 21:00:00,1013.9,-4.6,0.0,20.0,16.6,310.0,18.9
2023-01-22 22:00:00,1013.9,-4.6,0.0,20.0,16.6,310.0,18.9
2023-01-22 23:00:00,1014.7,-4.2,0.0,22.0,7.6,10.0,17.8
2023-01-23 00:00:00,1015.8,-3.4,0.0,29.0,7.6,50.0,14.4
2023-01-23 01:00:00,1016.9,-3.9,0.0,29.0,11.2,70.0,13.9
2023-01-23 02:00:00,1016.9,-3.9,0.0,29.0,11.2,70.0,13.9
2023-01-23 03:00:00,1018.0,-2.8,0.0,39.0,5.4,60.0,10.6
2023-01-23 04:00:00,1018.3,-2.7,0.0,41.0,9.4,60.0,10.0
2023-01-23 05:00:00,1018.9,-2.7,0.0,44.0,5.4,60.0,8.9
2023-01-23 06:00:00,1019.2,-2.3,0.0,51.0,5.4,70.0,7.2
2023-01-23 07:00:00,1019.2,-1.7,0.0,55.0,9.4,40.0,6.7
2023-01-23 08:00:00,1019.2,-1.7,0.0,55.0,9.4,40.0,6.7
2023-01-23 09:00:00,1020.7,-2.2,0.0,62.0,0.0,0.0,4.4
2023-01-23 10:00:00,1021.3,-1.8,0.0,57.0,5.4,50.0,6.1
2023-01-23 11:00:00,1021.9,-1.8,0.0,59.0,13.0,50.0,5.6
2023-01-23 12:00:00,1021.9,-1.8,0.0,59.0,13.0,50.0,5.6
2023-01-23 13:00:00,1022.6,-1.1,0.0,60.0,11.2,70.0,6.1
2023-01-23 14:00:00,1023.5,-1.0,0.0,52.0,14.8,70.0,8.3
2023-01-23 15:00:00,1024.0,-1.1,0.0,46.0,16.6,90.0,10.0
2023-01-23 16:00:00,1024.1,-1.5,0.0,37.0,14.8,110.0,12.8
2023-01-23 17:00:00,1024.1,-1.5,0.0,37.0,14.8,110.0,12.8
2023-01-23 18:00:00,1021.4,-2.1,0.0,32.0,20.5,120.0,14.4
2023-01-23 19:00:00,1019.9,-2.9,0.0,27.0,18.4,100.0,16.1
2023-01-23 20:00:00,1019.0,-3.3,0.0,27.0,24.1,90.0,15.6
2023-01-23 21:00:00,1019.2,-2.9,0.0,29.0,20.5,110.0,15.0
2023-01-23 22:00:00,1019.2,-2.9,0.0,29.0,20.5,110.0,15.0
2023-01-23 23:00:00,1018.4,-2.0,0.0,31.0,20.5,110.0,15.0
2023-01-24 00:00:00,1018.4,0.6,0.0,39.0,20.5,110.0,14.4
2023-01-24 01:00:00,1018.6,1.8,0.0,44.0,29.5,110.0,13.9
2023-01-24 02:00:00,1018.6,1.8,0.0,44.0,29.5,110.0,13.9
2023-01-24 03:00:00,1018.9,0.6,0.0,42.0,27.7,100.0,13.3
2023-01-24 04:00:00,1017.3,0.8,0.0,47.0,16.6,90.0,11.7
2023-01-24 05:00:00,1016.4,2.7,0.0,54.0,16.6,90.0,11.7
2023-01-24 06:00:00,1015.3,5.0,0.0,66.0,18.4,80.0,11.1
2023-01-24 07:00:00,1015.3,5.0,0.0,66.0,18.4,80.0,11.1
2023-01-24 08:00:00,1012.9,7.3,0.0,80.0,14.8,80.0,10.6
2023-01-24 09:00:00,1012.9,7.3,0.1,80.0,14.8,80.0,10.6
2023-01-24 10:00:00,1012.4,8.9,0.5,93.0,16.6,60.0,10.0
2023-01-24 11:00:00,1011.0,9.4,1.0,96.0,18.4,70.0,10.0
2023-01-24 12:00:00,1009.5,9.4,0.8,96.0,13.0,70.0,10.0
2023-01-24 13:00:00,1008.5,10.6,0.6,97.0,11.2,30.0,11.1
2023-01-24 14:00:00,1008.3,10.6,3.9,97.0,11.2,30.0,11.1
2023-01-24 15:00:00,1008.3,10.6,0.3,97.0,11.2,30.0,11.1
2023-01-24 16:00:00,1010.0,10.6,4.7,97.0,14.8,350.0,11.1
2023-01-24 17:00:00,1008.8,10.6,2.0,97.0,18.4,340.0,11.1
2023-01-24 18:00:00,1008.8,9.9,0.5,89.0,22.3,330.0,11.7
2023-01-24 19:00:00,1008.9,9.4,0.0,72.0,11.2,340.0,14.4
2023-01-24 20:00:00,1008.9,6.8,0.0,52.0,22.3,310.0,16.7
2023-01-24 21:00:00,1008.9,6.8,0.0,52.0,22.3,310.0,16.7
2023-01-24 22:00:00,1010.3,5.2,0.0,45.0,20.5,290.0,17.2
2023-01-24 23:00:00,1011.4,-0.1,0.0,32.0,20.5,290.0,16.7
2023-01-25 00:00:00,1011.4,-0.1,0.0,32.0,31.7,290.0,16.7
2023-01-25 01:00:00,1014.4,1.2,0.0,47.0,31.7,320.0,12.2
2023-01-25 02:00:00,1014.4,1.2,0.0,47.0,31.7,320.0,12.2
2023-01-25 03:00:00,1015.8,1.1,0.0,50.0,24.1,310.0,11.1
2023-01-25 04:00:00,1016.8,0.6,0.0,54.0,22.3,320.0,9.4
2023-01-25 05:00:00,1016.2,0.5,0.0,58.0,18.4,320.0,8.3
2023-01-25 06:00:00,1016.2,0.5,0.0,58.0,18.4,320.0,8.3
2023-01-25 07:00:00,1015.7,0.5,0.0,60.0,16.6,330.0,7.8
2023-01-25 08:00:00,1016.5,0.6,0.0,65.0,7.6,340.0,6.7
2023-01-25 09:00:00,1017.8,0.5,0.0,76.0,0.0,0.0,4.4
2023-01-25 10:00:00,1018.6,0.6,0.0,70.0,9.4,310.0,5.6
2023-01-25 11:00:00,1019.6,0.1,0.0,76.0,7.6,260.0,3.9
2023-01-25 12:00:00,1019.6,0.1,0.0,76.0,7.6,260.0,3.9
2023-01-25 13:00:00,1021.9,0.5,0.0,85.0,9.4,270.0,2.8
2023-01-25 14:00:00,1022.8,0.6,0.0,68.0,9.4,300.0,6.1
2023-01-25 15:00:00,1023.1,0.5,0.0,58.0,14.8,330.0,8.3
2023-01-25 16:00:00,1023.1,0.5,0.0,58.0,14.8,330.0,8.3
2023-01-25 17:00:00,1022.2,0.6,0.0,45.0,16.6,310.0,12.2
2023-01-25 18:00:00,1020.8,0.2,0.0,39.0,16.6,310.0,13.9
2023-01-25 19:00:00,1020.1,0.6,0.0,36.0,25.9,300.0,15.6
2023-01-25 20:00:00,1019.5,-0.1,0.0,32.0,16.6,300.0,16.7
2023-01-25 21:00:00,1019.5,-0.1,0.0,32.0,16.6,300.0,16.7
2023-01-25 22:00:00,1020.0,-1.5,0.0,30.0,18.4,330.0,16.1
2023-01-25 23:00:00,1020.0,-1.5,0.0,30.0,18.4,330.0,16.1
2023-01-26 00:00:00,1022.4,-1.2,0.0,38.0,11.2,350.0,12.8
2023-01-26 01:00:00,1022.4,-1.2,0.0,38.0,11.2,350.0,12.8
2023-01-26 02:00:00,1023.3,-1.0,0.0,40.0,11.2,360.0,12.2
2023-01-26 03:00:00,1024.0,-0.5,0.0,46.0,11.2,360.0,10.6
2023-01-26 04:00:00,1024.9,0.0,0.0,52.0,13.0,20.0,9.4
2023-01-26 05:00:00,1024.9,0.0,0.0,52.0,13.0,20.0,9.4
2023-01-26 06:00:00,1025.9,0.6,0.0,65.0,0.0,0.0,6.7
2023-01-26 07:00:00,1025.9,0.6,0.0,65.0,0.0,0.0,6.7
2023-01-26 08:00:00,1026.7,0.5,0.0,76.0,0.0,0.0,4.4
2023-01-26 09:00:00,1027.3,0.6,0.0,79.0,0.0,0.0,3.9
2023-01-26 10:00:00,1027.8,0.7,0.0,83.0,0.0,0.0,3.3
2023-01-26 11:00:00,1027.8,0.7,0.0,83.0,0.0,0.0,3.3
2023-01-26 12:00:00,1029.2,-0.6,0.0,85.0,0.0,0.0,1.7
2023-01-26 13:00:00,1030.2,0.1,0.0,89.0,5.4,330.0,1.7
2023-01-26 14:00:00,1031.0,0.6,0.0,63.0,0.0,0.0,7.2
2023-01-26 15:00:00,1031.6,0.6,0.0,52.0,9.4,10.0,10.0
2023-01-26 16:00:00,1031.6,0.6,0.0,52.0,9.4,10.0,10.0
2023-01-26 17:00:00,1030.8,-1.0,0.0,40.0,7.6,20.0,12.2
2023-01-26 18:00:00,1029.2,-2.1,0.0,33.0,11.2,10.0,13.9
2023-01-26 19:00:00,1028.2,-3.0,0.0,30.0,9.4,350.0,14.4
2023-01-26 20:00:00,1027.5,-3.4,0.0,29.0,9.4,350.0,14.4
2023-01-26 21:00:00,1027.5,-3.4,0.0,29.0,9.4,55.0,14.4
2023-01-26 22:00:00,1027.4,-3.4,0.0,29.0,5.4,110.0,14.4
2023-01-26 23:00:00,1027.4,-2.6,0.0,33.0,11.2,100.0,13.3
2023-01-27 00:00:00,1027.8,-1.2,0.0,44.0,7.6,110.0,10.6
2023-01-27 01:00:00,1028.5,-1.0,0.0,50.0,5.4,100.0,8.9
2023-01-27 02:00:00,1028.5,-1.0,0.0,50.0,5.4,100.0,8.9
2023-01-27 03:00:00,1029.0,-0.6,0.0,70.0,5.4,150.0,4.4
2023-01-27 04:00:00,1029.0,-0.6,0.0,70.0,5.4,150.0,4.4
2023-01-27 05:00:00,1028.3,-0.5,0.0,73.0,0.0,0.0,3.9
2023-01-27 06:00:00,1028.3,-0.5,0.0,73.0,0.0,0.0,3.9
2023-01-27 07:00:00,1027.8,0.1,0.0,76.0,0.0,0.0,3.9
2023-01-27 08:00:00,1027.4,0.5,0.0,76.0,0.0,0.0,4.4
2023-01-27 09:00:00,1027.3,0.6,0.0,79.0,0.0,0.0,3.9
2023-01-27 10:00:00,1026.9,1.1,0.0,79.0,0.0,0.0,4.4
2023-01-27 11:00:00,1026.9,1.1,0.0,79.0,0.0,0.0,4.4
2023-01-27 12:00:00,1027.5,2.3,0.0,86.0,0.0,0.0,4.4
2023-01-27 13:00:00,1027.7,2.2,0.0,79.0,0.0,0.0,5.6
2023-01-27 14:00:00,1028.2,2.8,0.0,76.0,0.0,0.0,6.7
2023-01-27 15:00:00,1028.4,2.8,0.0,61.0,0.0,0.0,10.0
2023-01-27 16:00:00,1028.4,2.8,0.0,61.0,0.0,0.0,10.0
2023-01-27 17:00:00,1027.2,2.9,0.0,51.0,7.6,170.0,12.8
2023-01-27 18:00:00,1025.5,2.2,0.0,47.0,0.0,0.0,13.3
2023-01-27 19:00:00,1024.2,1.2,0.0,42.0,9.4,170.0,13.9
2023-01-27 20:00:00,1023.3,2.8,0.0,47.0,9.4,200.0,13.9
2023-01-27 21:00:00,1023.3,2.8,0.0,47.0,9.4,200.0,13.9
2023-01-27 22:00:00,1022.9,3.9,0.0,53.0,13.0,130.0,13.3
2023-01-27 23:00:00,1022.9,4.0,0.0,55.0,7.6,160.0,12.8
2023-01-28 00:00:00,1022.9,4.0,0.0,55.0,7.6,160.0,12.8
2023-01-28 01:00:00,1023.1,4.4,0.0,59.0,11.2,120.0,12.2
2023-01-28 02:00:00,1023.2,7.3,0.0,80.0,14.8,130.0,10.6
2023-01-28 03:00:00,1023.0,8.3,0.0,89.0,5.4,90.0,10.0
2023-01-28 04:00:00,1022.5,8.9,0.0,97.0,5.4,40.0,9.4
2023-01-28 05:00:00,1021.8,9.4,0.3,96.0,7.6,50.0,10.0
2023-01-28 06:00:00,1021.8,9.4,0.3,96.0,7.6,50.0,10.0
2023-01-28 07:00:00,1020.2,10.0,0.3,100.0,0.0,0.0,10.0
2023-01-28 08:00:00,1019.3,9.4,0.3,96.0,7.6,70.0,10.0
2023-01-28 09:00:00,1018.6,9.4,0.5,96.0,0.0,0.0,10.0
2023-01-28 10:00:00,1018.6,9.4,0.1,96.0,0.0,0.0,10.0
2023-01-28 11:00:00,1018.4,10.0,0.3,100.0,5.4,60.0,10.0
2023-01-28 12:00:00,1018.3,10.0,0.0,96.0,0.0,0.0,10.6
2023-01-28 13:00:00,1018.1,10.0,0.3,96.0,0.0,0.0,10.6
2023-01-28 14:00:00,1018.4,11.1,0.0,96.0,0.0,0.0,11.7
2023-01-28 15:00:00,1018.4,11.1,0.3,96.0,0.0,0.0,11.7
2023-01-28 16:00:00,1018.9,11.7,0.0,100.0,5.4,130.0,11.7
2023-01-28 17:00:00,1017.7,13.3,0.0,96.0,0.0,0.0,13.9
2023-01-28 18:00:00,1017.7,14.4,0.0,96.0,7.6,180.0,15.0
2023-01-28 19:00:00,1016.0,14.4,0.0,96.0,7.6,180.0,15.0
2023-01-28 20:00:00,1015.6,15.0,0.0,100.0,9.4,200.0,15.0
2023-01-28 21:00:00,1014.7,14.5,0.0,90.0,5.4,240.0,16.1
2023-01-28 22:00:00,1015.0,14.5,0.0,93.0,5.4,250.0,15.6
2023-01-28 23:00:00,1015.0,14.5,0.0,93.0,5.4,250.0,15.6
2023-01-29 00:00:00,1014.9,15.0,0.0,96.0,0.0,0.0,15.6
2023-01-29 01:00:00,1014.9,15.0,0.0,96.0,0.0,0.0,15.6
2023-01-29 02:00:00,1016.4,15.0,0.0,96.0,0.0,0.0,15.6
2023-01-29 03:00:00,1016.2,15.0,0.0,96.0,0.0,0.0,15.6
2023-01-29 04:00:00,1016.2,15.0,0.0,96.0,0.0,0.0,15.6
2023-01-29 05:00:00,1015.8,15.0,0.0,96.0,0.0,0.0,15.6
2023-01-29 06:00:00,1015.8,15.0,0.0,100.0,0.0,0.0,15.0
2023-01-29 07:00:00,1014.2,15.6,0.0,100.0,5.4,130.0,15.6
2023-01-29 08:00:00,1013.4,16.7,0.0,100.0,5.4,110.0,16.7
2023-01-29 09:00:00,1013.4,18.2,0.0,96.0,16.6,180.0,18.9
2023-01-29 10:00:00,1013.3,18.9,0.0,97.0,11.2,190.0,19.4
2023-01-29 11:00:00,1013.3,18.9,0.0,97.0,11.2,190.0,19.4
2023-01-29 12:00:00,1014.0,18.2,0.0,96.0,5.4,300.0,18.9
2023-01-29 13:00:00,1013.9,18.3,1.0,100.0,0.0,0.0,18.3
2023-01-29 14:00:00,1014.9,18.2,0.4,96.0,7.6,330.0,18.9
2023-01-29 15:00:00,1014.9,18.2,0.0,96.0,7.6,330.0,18.9
2023-01-29 16:00:00,1016.0,19.4,0.0,90.0,0.0,0.0,21.1
2023-01-29 17:00:00,1015.4,18.9,0.0,84.0,0.0,0.0,21.7
2023-01-29 18:00:00,1013.3,17.2,0.0,66.0,9.4,40.0,23.9
2023-01-29 19:00:00,1011.5,17.2,0.0,62.0,14.8,80.0,25.0
2023-01-29 20:00:00,1011.5,17.2,0.0,62.0,14.8,80.0,25.0
2023-01-29 21:00:00,1011.1,15.6,0.0,54.0,14.8,100.0,25.6
2023-01-29 22:00:00,1011.8,16.2,0.0,56.0,14.8,100.0,25.6
2023-01-29 23:00:00,1012.6,16.2,0.0,62.0,11.2,90.0,23.9
2023-01-30 00:00:00,1013.7,16.0,0.0,68.0,13.0,80.0,22.2
2023-01-30 01:00:00,1013.7,16.0,0.0,68.0,13.0,80.0,22.2
2023-01-30 02:00:00,1017.1,10.6,0.0,78.0,25.9,40.0,14.4
2023-01-30 03:00:00,1017.6,9.4,0.0,80.0,22.3,40.0,12.8
2023-01-30 04:00:00,1017.6,9.4,0.0,80.0,22.3,40.0,12.8
2023-01-30 05:00:00,1017.6,7.8,0.0,90.0,16.6,40.0,9.4
2023-01-30 06:00:00,1017.6,7.8,0.0,90.0,16.6,40.0,9.4
2023-01-30 07:00:00,1017.3,6.8,0.0,90.0,18.4,30.0,8.3
2023-01-30 08:00:00,1017.4,6.1,0.0,89.0,20.5,40.0,7.8
2023-01-30 09:00:00,1017.5,6.1,0.0,93.0,18.4,40.0,7.2
2023-01-30 10:00:00,1017.5,6.1,0.0,93.0,18.4,40.0,7.2
2023-01-30 11:00:00,1018.3,5.6,0.0,93.0,20.5,40.0,6.7
2023-01-30 12:00:00,1019.5,5.1,0.0,93.0,20.5,20.0,6.1
2023-01-30 13:00:00,1020.3,4.4,0.0,92.0,13.0,30.0,5.6
2023-01-30 14:00:00,1021.6,4.0,0.0,93.0,24.1,40.0,5.0
2023-01-30 15:00:00,1021.6,4.0,0.0,93.0,24.1,40.0,5.0
2023-01-30 16:00:00,1023.2,2.9,0.2,93.0,24.1,30.0,3.9
2023-01-30 17:00:00,1022.7,2.3,0.7,89.0,25.9,40.0,3.9
2023-01-30 18:00:00,1022.1,2.3,0.0,89.0,22.3,30.0,3.9
2023-01-30 19:00:00,1020.9,2.3,0.3,93.0,24.1,30.0,3.3
2023-01-30 20:00:00,1020.9,2.3,0.5,93.0,24.1,30.0,3.3
2023-01-30 21:00:00,1021.0,1.8,0.0,93.0,25.9,30.0,2.8
2023-01-30 22:00:00,1021.2,1.8,0.3,93.0,20.5,20.0,2.8
2023-01-30 23:00:00,1021.9,1.8,0.0,97.0,24.1,30.0,2.2
2023-01-31 00:00:00,1022.5,1.8,0.0,97.0,16.6,30.0,2.2
2023-01-31 01:00:00,1022.5,1.8,0.0,97.0,16.6,30.0,2.2
2023-01-31 02:00:00,1023.5,1.1,0.0,96.0,16.6,30.0,1.7
2023-01-31 03:00:00,1023.5,1.1,0.0,96.0,18.4,30.0,1.7
2023-01-31 04:00:00,1023.0,0.5,0.0,92.0,18.4,30.0,1.7
2023-01-31 05:00:00,1023.0,0.5,0.0,92.0,18.4,30.0,1.7
2023-01-31 06:00:00,1022.3,0.7,0.0,97.0,14.8,30.0,1.1
2023-01-31 07:00:00,1022.6,0.7,0.0,97.0,14.8,30.0,1.1
2023-01-31 08:00:00,1022.5,0.7,0.0,97.0,18.4,30.0,1.1
2023-01-31 09:00:00,1022.2,-0.1,0.6,92.0,13.0,30.0,1.1
2023-01-31 10:00:00,1022.2,-0.1,0.5,92.0,13.0,30.0,1.1
2023-01-31 11:00:00,1022.7,-0.1,0.3,92.0,18.4,20.0,1.1
2023-01-31 12:00:00,1023.4,0.0,0.0,96.0,18.4,360.0,0.6
2023-01-31 13:00:00,1024.4,0.0,0.3,96.0,20.5,20.0,0.6
2023-01-31 14:00:00,1025.4,-0.1,0.5,92.0,9.4,20.0,1.1
2023-01-31 15:00:00,1025.4,-0.1,0.8,92.0,9.4,20.0,1.1
2023-01-31 16:00:00,1026.0,0.5,0.3,92.0,18.4,20.0,1.7
2023-01-31 17:00:00,1026.1,0.5,0.4,92.0,18.4,20.0,1.7
2023-01-31 18:00:00,1025.5,1.0,0.0,92.0,16.6,10.0,2.2
2023-01-31 19:00:00,1024.4,0.5,0.0,92.0,24.1,10.0,1.7
2023-01-31 20:00:00,1024.4,0.5,0.0,92.0,24.1,10.0,1.7
2023-01-31 21:00:00,1024.0,-0.1,0.0,85.0,20.5,10.0,2.2
2023-01-31 22:00:00,1024.4,0.0,0.0,82.0,14.8,10.0,2.8
2023-01-31 23:00:00,1025.0,-0.6,0.0,85.0,16.6,20.0,1.7
2023-02-01 00:00:00,1025.0,-0.6,0.0,85.0,16.6,20.0,1.7
2023-02-01 01:00:00,1026.0,-1.0,0.0,82.0,20.5,30.0,1.7
2023-02-01 02:00:00,1026.2,-1.6,0.0,82.0,20.5,10.0,1.1
2023-02-01 03:00:00,1026.5,-1.6,0.0,82.0,20.5,10.0,1.1
2023-02-01 04:00:00,1026.6,-1.6,0.0,82.0,20.5,10.0,1.1
2023-02-01 05:00:00,1026.6,-1.6,0.0,82.0,20.5,10.0,1.1
2023-02-01 06:00:00,1026.7,-0.6,0.3,96.0,13.0,360.0,0.0
2023-02-01 07:00:00,1026.7,-0.6,0.5,96.0,13.0,360.0,0.0
2023-02-01 08:00:00,1025.0,-0.6,0.5,92.0,14.8,10.0,0.6
2023-02-01 09:00:00,1026.0,0.7,2.8,97.0,5.4,360.0,1.1
2023-02-01 10:00:00,1025.0,0.7,0.2,97.0,5.4,360.0,1.1
2023-02-01 11:00:00,1025.8,0.1,0.8,89.0,13.0,10.0,1.7
2023-02-01 12:00:00,1025.9,0.5,0.0,92.0,11.2,40.0,1.7
2023-02-01 13:00:00,1025.5,0.5,0.0,92.0,16.6,20.0,1.7
2023-02-01 14:00:00,1025.5,0.5,0.4,92.0,16.6,20.0,1.7
2023-02-01 15:00:00,1027.0,0.5,0.2,92.0,13.0,20.0,1.7
2023-02-01 16:00:00,1027.4,0.5,0.3,92.0,14.8,10.0,1.7
2023-02-01 17:00:00,1027.4,0.5,0.3,92.0,16.6,10.0,1.7
2023-02-01 18:00:00,1025.8,1.0,0.2,92.0,13.0,20.0,2.2
2023-02-01 19:00:00,1025.8,1.0,0.3,92.0,13.0,20.0,2.2
2023-02-01 20:00:00,1024.7,1.0,0.3,92.0,13.0,350.0,2.2
2023-02-01 21:00:00,1024.3,1.8,0.2,97.0,14.8,360.0,2.2
2023-02-01 22:00:00,1024.6,1.0,0.3,92.0,13.0,350.0,2.2
2023-02-01 23:00:00,1024.5,1.1,0.1,96.0,9.4,10.0,1.7
2023-02-02 00:00:00,1024.5,1.1,0.0,96.0,9.4,10.0,1.7
2023-02-02 01:00:00,1024.4,1.1,0.3,96.0,9.4,30.0,1.7
2023-02-02 02:00:00,1024.7,1.0,0.0,92.0,13.0,30.0,2.2
2023-02-02 03:00:00,1024.7,1.0,0.0,92.0,13.0,30.0,2.2
2023-02-02 04:00:00,1024.8,1.0,0.0,92.0,9.4,20.0,2.2
2023-02-02 05:00:00,1025.0,1.2,0.0,89.0,7.6,30.0,2.8
2023-02-02 06:00:00,1024.2,1.0,0.3,92.0,13.0,20.0,2.2
2023-02-02 07:00:00,1024.2,1.0,0.0,92.0,13.0,20.0,2.2
2023-02-02 08:00:00,1023.9,1.8,0.3,97.0,7.6,360.0,2.2
2023-02-02 09:00:00,1023.2,1.0,0.3,92.0,7.6,350.0,2.2
2023-02-02 10:00:00,1023.2,1.8,0.8,97.0,11.2,330.0,2.2
2023-02-02 11:00:00,1023.0,1.8,0.3,97.0,11.2,320.0,2.2
2023-02-02 12:00:00,1023.9,1.8,0.0,93.0,7.6,360.0,2.8
2023-02-02 13:00:00,1023.9,2.2,0.0,96.0,9.4,360.0,2.8
2023-02-02 14:00:00,1024.0,2.2,0.0,96.0,5.4,360.0,2.8
2023-02-02 15:00:00,1025.7,2.7,0.0,89.0,13.0,350.0,4.4
2023-02-02 16:00:00,1026.3,2.2,0.0,79.0,14.8,350.0,5.6
2023-02-02 17:00:00,1026.1,2.7,0.0,79.0,14.8,340.0,6.1
2023-02-02 18:00:00,1026.1,2.7,0.0,79.0,14.8,340.0,6.1
2023-02-02 19:00:00,1025.4,2.8,0.0,76.0,13.0,360.0,6.7
2023-02-02 20:00:00,1025.2,2.9,0.0,74.0,11.2,330.0,7.2
2023-02-02 21:00:00,1025.2,2.9,0.0,74.0,11.2,330.0,7.2
2023-02-02 22:00:00,1026.3,4.3,0.0,76.0,16.6,360.0,8.3
2023-02-02 23:00:00,1026.7,4.4,0.0,79.0,13.0,360.0,7.8
2023-02-03 00:00:00,1026.7,4.4,0.0,79.0,13.0,360.0,7.8
2023-02-03 01:00:00,1028.2,3.9,0.0,86.0,13.0,360.0,6.1
2023-02-03 02:00:00,1029.2,3.8,0.0,82.0,7.6,360.0,6.7
2023-02-03 03:00:00,1029.8,3.9,0.0,86.0,9.4,360.0,6.1
2023-02-03 04:00:00,1029.8,3.9,0.0,86.0,9.4,360.0,6.1
2023-02-03 05:00:00,1030.5,3.8,0.0,82.0,14.8,360.0,6.7
2023-02-03 06:00:00,1030.6,2.7,0.0,79.0,11.2,350.0,6.1
2023-02-03 07:00:00,1031.8,2.3,0.0,89.0,5.4,240.0,3.9
2023-02-03 08:00:00,1031.4,1.1,0.0,96.0,0.0,0.0,1.7
2023-02-03 09:00:00,1031.4,1.1,0.0,96.0,0.0,0.0,1.7
2023-02-03 10:00:00,1031.7,1.0,0.0,92.0,0.0,0.0,2.2
2023-02-03 11:00:00,1032.2,1.0,0.0,92.0,7.6,310.0,2.2
2023-02-03 12:00:00,1032.6,0.5,0.0,92.0,5.4,320.0,1.7
2023-02-03 13:00:00,1033.0,-0.6,0.0,92.0,0.0,0.0,0.6
2023-02-03 14:00:00,1034.1,1.6,0.0,73.0,16.6,30.0,6.1
2023-02-03 15:00:00,1034.1,1.6,0.0,73.0,16.6,30.0,6.1
2023-02-03 16:00:00,1035.0,1.2,0.0,61.0,14.8,20.0,8.3
2023-02-03 17:00:00,1035.1,1.6,0.0,56.0,16.6,30.0,10.0
2023-02-03 18:00:00,1034.6,2.7,0.0,54.0,13.0,40.0,11.7
2023-02-03 19:00:00,1033.6,3.2,0.0,52.0,9.4,41.0,12.8
2023-02-03 20:00:00,1032.7,4.5,0.0,53.0,7.6,30.0,13.9
2023-02-03 21:00:00,1032.1,4.4,0.0,51.0,5.4,30.0,14.4
2023-02-03 22:00:00,1031.8,5.7,0.0,56.0,13.0,70.0,14.4
2023-02-03 23:00:00,1032.0,5.7,0.0,60.0,14.8,110.0,13.3
2023-02-04 00:00:00,1032.2,5.6,0.0,66.0,14.8,100.0,11.7
2023-02-04 01:00:00,1032.4,5.6,0.0,74.0,9.4,90.0,10.0
2023-02-04 02:00:00,1032.8,5.1,0.0,77.0,11.2,60.0,8.9
2023-02-04 03:00:00,1032.7,5.1,0.0,83.0,9.4,60.0,7.8
2023-02-04 04:00:00,1032.6,4.4,0.0,85.0,5.4,90.0,6.7
2023-02-04 05:00:00,1032.6,4.0,0.0,93.0,0.0,0.0,5.0
2023-02-04 06:00:00,1032.2,3.4,0.0,93.0,5.4,360.0,4.4
2023-02-04 07:00:00,1031.7,3.3,0.0,96.0,7.6,360.0,3.9
2023-02-04 08:00:00,1031.1,2.9,0.0,97.0,0.0,0.0,3.3
2023-02-04 09:00:00,1031.1,2.9,0.0,97.0,0.0,0.0,3.3
2023-02-04 10:00:00,1029.8,1.8,0.0,93.0,0.0,0.0,2.8
2023-02-04 11:00:00,1029.8,1.8,0.0,93.0,0.0,0.0,2.8
2023-02-04 12:00:00,1030.0,1.0,0.0,92.0,0.0,0.0,2.2
2023-02-04 13:00:00,1030.0,0.6,0.0,100.0,0.0,0.0,0.6
2023-02-04 14:00:00,1030.5,1.1,0.0,96.0,0.0,0.0,1.7
2023-02-04 15:00:00,1030.4,6.1,0.0,93.0,5.4,80.0,7.2
2023-02-04 16:00:00,1030.2,6.7,0.0,80.0,5.4,80.0,10.0
2023-02-04 17:00:00,1028.8,6.6,0.0,66.0,7.6,110.0,12.8
2023-02-04 18:00:00,1028.8,6.6,0.0,66.0,7.6,110.0,12.8
2023-02-04 19:00:00,1025.1,8.4,0.0,58.0,9.4,180.0,16.7
2023-02-04 20:00:00,1024.0,8.4,0.0,54.0,18.4,180.0,17.8
2023-02-04 21:00:00,1023.8,8.4,0.0,54.0,11.2,210.0,17.8
2023-02-04 22:00:00,1023.1,7.8,0.0,52.0,13.0,210.0,17.8
2023-02-04 23:00:00,1023.1,7.8,0.0,52.0,13.0,210.0,17.8
2023-02-05 00:00:00,1023.2,7.8,0.0,54.0,5.4,170.0,17.2
2023-02-05 01:00:00,1023.6,7.9,0.0,75.0,0.0,0.0,12.2
2023-02-05 02:00:00,1024.0,7.3,0.0,80.0,0.0,0.0,10.6
2023-02-05 03:00:00,1024.1,6.7,0.0,86.0,0.0,0.0,8.9
2023-02-05 04:00:00,1024.1,6.7,0.0,86.0,0.0,0.0,8.9
2023-02-05 05:00:00,1024.0,6.1,0.0,89.0,0.0,0.0,7.8
2023-02-05 06:00:00,1023.4,6.7,0.0,93.0,5.4,360.0,7.8
2023-02-05 07:00:00,1023.1,6.1,0.0,96.0,0.0,0.0,6.7
2023-02-05 08:00:00,1022.6,6.1,0.0,96.0,5.4,360.0,6.7
2023-02-05 09:00:00,1022.6,6.1,0.0,96.0,5.4,360.0,6.7
2023-02-05 10:00:00,1022.6,5.7,0.0,97.0,0.0,0.0,6.1
2023-02-05 11:00:00,1022.9,5.0,0.0,96.0,0.0,0.0,5.6
2023-02-05 12:00:00,1023.3,4.4,0.0,92.0,0.0,0.0,5.6
2023-02-05 13:00:00,1023.3,4.4,0.0,92.0,0.0,0.0,5.6
2023-02-05 14:00:00,1023.9,8.3,0.0,89.0,0.0,0.0,10.0
2023-02-05 15:00:00,1024.0,10.7,0.0,84.0,0.0,0.0,13.3
2023-02-05 16:00:00,1023.7,12.7,0.0,75.0,11.2,200.0,17.2
2023-02-05 17:00:00,1022.7,13.3,0.0,68.0,16.6,210.0,19.4
2023-02-05 18:00:00,1022.7,13.3,0.0,68.0,16.6,210.0,19.4
2023-02-05 19:00:00,1019.8,12.1,0.0,51.0,11.2,150.0,22.8
2023-02-05 20:00:00,1019.3,11.7,0.0,48.0,13.0,170.0,23.3
2023-02-05 21:00:00,1019.3,11.6,0.0,46.0,11.2,220.0,23.9
2023-02-05 22:00:00,1018.4,10.6,0.0,43.0,9.4,160.0,23.9
2023-02-05 23:00:00,1018.4,10.6,0.0,43.0,9.4,160.0,23.9
2023-02-06 00:00:00,1018.8,11.2,0.0,59.0,0.0,0.0,19.4
2023-02-06 01:00:00,1019.2,11.0,0.0,67.0,0.0,0.0,17.2
2023-02-06 02:00:00,1019.0,10.7,0.0,81.0,0.0,0.0,13.9
2023-02-06 03:00:00,1019.0,10.7,0.0,81.0,0.0,0.0,13.9
2023-02-06 04:00:00,1019.2,12.7,0.0,83.0,5.4,140.0,15.6
2023-02-06 05:00:00,1018.9,13.4,0.0,90.0,0.0,0.0,15.0
2023-02-06 06:00:00,1018.4,13.9,0.0,97.0,5.4,160.0,14.4
2023-02-06 07:00:00,1017.8,13.3,0.0,96.0,7.6,170.0,13.9
2023-02-06 08:00:00,1017.8,13.3,0.0,96.0,7.6,170.0,13.9
2023-02-06 09:00:00,1017.0,12.8,0.0,100.0,0.0,0.0,12.8
2023-02-06 10:00:00,1016.5,13.9,0.0,100.0,0.0,0.0,13.9
2023-02-06 11:00:00,1016.4,13.9,0.0,100.0,5.4,170.0,13.9
2023-02-06 12:00:00,1016.9,14.4,0.0,100.0,5.4,180.0,14.4
2023-02-06 13:00:00,1016.9,14.4,0.0,100.0,5.4,180.0,14.4
2023-02-06 14:00:00,1017.6,15.6,0.0,100.0,11.2,180.0,15.6
2023-02-06 15:00:00,1017.5,16.1,0.0,96.0,11.2,170.0,16.7
2023-02-06 16:00:00,1017.5,16.1,0.0,90.0,11.2,190.0,17.8
2023-02-06 17:00:00,1016.2,16.7,0.0,76.0,13.0,170.0,21.1
2023-02-06 18:00:00,1016.2,16.7,0.0,76.0,13.0,170.0,21.1
2023-02-06 19:00:00,1014.5,15.1,0.0,64.0,25.9,190.0,22.2
2023-02-06 20:00:00,1011.8,14.5,0.0,54.0,24.1,170.0,24.4
2023-02-06 21:00:00,1011.0,13.8,0.0,48.0,24.1,160.0,25.6
2023-02-06 22:00:00,1011.0,13.8,0.0,48.0,24.1,160.0,25.6
2023-02-06 23:00:00,1010.2,14.3,0.0,57.0,25.9,130.0,23.3
2023-02-07 00:00:00,1010.8,15.1,0.0,66.0,25.9,140.0,21.7
2023-02-07 01:00:00,1011.1,14.4,0.0,70.0,25.9,140.0,20.0
2023-02-07 02:00:00,1011.4,15.6,0.0,81.0,22.3,140.0,18.9
2023-02-07 03:00:00,1011.4,15.6,0.0,81.0,22.3,140.0,18.9
2023-02-07 04:00:00,1011.8,16.6,0.0,90.0,16.6,140.0,18.3
2023-02-07 05:00:00,1011.8,17.2,0.0,87.0,14.8,160.0,19.4
2023-02-07 06:00:00,1011.0,17.2,0.0,87.0,18.4,140.0,19.4
2023-02-07 07:00:00,1010.7,17.2,0.0,87.0,18.4,140.0,19.4
2023-02-07 08:00:00,1010.7,17.2,0.0,87.0,18.4,140.0,19.4
2023-02-07 09:00:00,1010.3,17.2,0.0,90.0,9.4,120.0,18.9
2023-02-07 10:00:00,1010.4,17.7,0.0,93.0,9.4,120.0,18.9
2023-02-07 11:00:00,1010.4,17.7,0.0,93.0,9.4,120.0,18.9
2023-02-07 12:00:00,1011.2,17.9,0.0,91.0,16.6,140.0,19.4
2023-02-07 13:00:00,1011.2,17.9,0.0,91.0,16.6,140.0,19.4
2023-02-07 14:00:00,1012.1,18.4,0.0,87.0,14.8,130.0,20.6
2023-02-07 15:00:00,1012.7,17.9,0.0,82.0,13.0,150.0,21.1
2023-02-07 16:00:00,1013.2,17.9,0.0,79.0,20.5,150.0,21.7
2023-02-07 17:00:00,1013.2,17.8,0.0,76.0,9.4,170.0,22.2
2023-02-07 18:00:00,1013.2,17.8,0.0,76.0,9.4,170.0,22.2
2023-02-07 19:00:00,1012.0,18.4,0.3,79.0,13.0,160.0,22.2
2023-02-07 20:00:00,1011.6,19.0,0.4,82.0,7.6,150.0,22.2
2023-02-07 21:00:00,1011.6,19.0,0.3,82.0,7.6,150.0,22.2
2023-02-07 22:00:00,1011.2,19.0,0.0,79.0,14.8,120.0,22.8
2023-02-07 23:00:00,1011.8,19.0,0.5,82.0,18.4,120.0,22.2
2023-02-08 00:00:00,1012.3,18.9,0.4,84.0,9.4,120.0,21.7
2023-02-08 01:00:00,1012.9,18.9,0.0,87.0,11.2,100.0,21.1
2023-02-08 02:00:00,1013.3,19.4,0.0,90.0,7.6,90.0,21.1
2023-02-08 03:00:00,1013.3,19.4,0.0,90.0,7.6,90.0,21.1
2023-02-08 04:00:00,1013.9,13.4,0.0,84.0,14.8,10.0,16.1
2023-02-08 05:00:00,1013.9,13.4,0.0,84.0,14.8,10.0,16.1
2023-02-08 06:00:00,1014.2,12.3,0.0,87.0,18.4,360.0,14.4
2023-02-08 07:00:00,1014.0,12.2,7.1,96.0,11.2,360.0,12.8
2023-02-08 08:00:00,1013.8,11.7,0.3,97.0,18.4,10.0,12.2
2023-02-08 09:00:00,1013.4,10.6,0.5,93.0,14.8,10.0,11.7
2023-02-08 10:00:00,1013.6,10.0,0.3,93.0,13.0,350.0,11.1
2023-02-08 11:00:00,1015.2,9.4,0.3,92.0,13.0,320.0,10.6
2023-02-08 12:00:00,1015.8,8.9,0.2,97.0,13.0,340.0,9.4
2023-02-08 13:00:00,1015.8,8.9,0.5,97.0,13.0,340.0,9.4
2023-02-08 14:00:00,1018.0,8.3,3.1,93.0,9.4,330.0,9.4
2023-02-08 15:00:00,1017.3,8.3,1.0,96.0,11.2,320.0,8.9
2023-02-08 16:00:00,1019.6,8.3,3.6,89.0,7.6,320.0,10.0
2023-02-08 17:00:00,1019.6,8.3,0.0,89.0,7.6,320.0,10.0
2023-02-08 18:00:00,1019.1,7.3,0.0,72.0,20.5,300.0,12.2
2023-02-08 19:00:00,1018.4,7.7,0.0,69.0,16.6,300.0,13.3
2023-02-08 20:00:00,1017.4,8.3,0.0,62.0,11.2,310.0,15.6
2023-02-08 21:00:00,1016.5,7.8,0.0,54.0,5.4,310.0,17.2
2023-02-08 22:00:00,1016.5,7.8,0.0,54.0,5.4,170.0,17.2
2023-02-08 23:00:00,1016.2,8.9,0.0,56.0,5.4,210.0,17.8
2023-02-09 00:00:00,1016.7,8.9,0.0,56.0,0.0,0.0,14.4
2023-02-09 01:00:00,1017.7,8.9,0.0,83.0,0.0,0.0,11.7
2023-02-09 02:00:00,1018.9,8.3,0.0,89.0,0.0,0.0,10.0
2023-02-09 03:00:00,1018.9,8.3,0.0,89.0,0.0,0.0,10.0
2023-02-09 04:00:00,1018.8,6.1,0.0,89.0,5.4,30.0,7.8
2023-02-09 05:00:00,1019.1,6.1,0.0,96.0,0.0,0.0,6.7
2023-02-09 06:00:00,1019.3,5.6,0.0,100.0,0.0,0.0,5.6
2023-02-09 07:00:00,1019.3,5.6,0.0,100.0,0.0,0.0,5.6
2023-02-09 08:00:00,1018.9,4.0,0.0,97.0,0.0,0.0,4.4
2023-02-09 09:00:00,1019.0,4.0,0.0,97.0,0.0,0.0,4.4
2023-02-09 10:00:00,1019.0,4.0,0.0,97.0,5.4,310.0,4.4
2023-02-09 11:00:00,1019.4,4.4,0.0,96.0,5.4,320.0,5.0
2023-02-09 12:00:00,1019.4,4.4,0.0,96.0,5.4,320.0,5.0
2023-02-09 13:00:00,1020.4,4.4,0.0,96.0,0.0,0.0,5.0
2023-02-09 14:00:00,1020.6,8.3,0.0,93.0,0.0,0.0,9.4
2023-02-09 15:00:00,1020.7,7.3,0.0,67.0,11.2,230.0,13.3
2023-02-09 16:00:00,1020.4,6.6,0.0,55.0,11.2,240.0,15.6
2023-02-09 17:00:00,1020.4,6.6,0.0,55.0,11.2,240.0,15.6
2023-02-09 18:00:00,1018.6,6.0,0.0,40.0,9.4,240.0,20.0
2023-02-09 19:00:00,1017.4,5.6,0.0,35.0,14.8,200.0,21.7
2023-02-09 20:00:00,1016.5,4.3,0.0,31.0,11.2,200.0,22.2
2023-02-09 21:00:00,1015.9,3.8,0.0,29.0,18.4,180.0,22.8
2023-02-09 22:00:00,1015.9,3.8,0.0,29.0,18.4,180.0,22.8
2023-02-09 23:00:00,1016.4,3.3,0.0,32.0,11.2,150.0,20.6
2023-02-10 00:00:00,1017.3,5.2,0.0,42.0,5.4,110.0,18.3
2023-02-10 01:00:00,1017.3,5.2,0.0,42.0,5.4,110.0,18.3
2023-02-10 02:00:00,1017.8,4.9,0.0,49.0,7.6,130.0,15.6
2023-02-10 03:00:00,1018.7,5.0,0.0,59.0,7.6,140.0,12.8
2023-02-10 04:00:00,1019.1,5.6,0.0,66.0,0.0,0.0,11.7
2023-02-10 05:00:00,1020.8,5.7,0.0,56.0,14.8,350.0,14.4
2023-02-10 06:00:00,1021.5,5.0,0.0,55.0,18.4,360.0,13.9
2023-02-10 07:00:00,1021.5,5.0,0.0,55.0,18.4,360.0,13.9
2023-02-10 08:00:00,1022.5,4.4,0.0,61.0,18.4,350.0,11.7
2023-02-10 09:00:00,1023.0,3.9,0.0,61.0,22.3,360.0,11.1
2023-02-10 10:00:00,1023.8,3.9,0.0,61.0,18.4,360.0,11.1
2023-02-10 11:00:00,1024.1,2.9,0.0,57.0,18.4,350.0,11.1
2023-02-10 12:00:00,1024.1,2.9,0.0,57.0,18.4,350.0,11.1
2023-02-10 13:00:00,1025.9,1.1,0.0,52.0,33.5,340.0,10.6
2023-02-10 14:00:00,1027.2,1.6,0.0,56.0,25.9,350.0,10.0
2023-02-10 15:00:00,1028.2,2.2,0.0,56.0,27.7,350.0,10.6
2023-02-10 16:00:00,1028.9,2.2,0.0,52.0,20.5,330.0,11.7
2023-02-10 17:00:00,1028.9,2.2,0.0,52.0,20.5,330.0,11.7
2023-02-10 18:00:00,1028.1,1.8,0.0,47.0,22.3,360.0,12.8
2023-02-10 19:00:00,1027.4,1.0,0.0,43.0,27.7,10.0,13.3
2023-02-10 20:00:00,1026.9,-0.7,0.0,38.0,27.7,360.0,13.3
2023-02-10 21:00:00,1026.9,-0.7,0.0,38.0,27.7,360.0,13.3
2023-02-10 22:00:00,1026.3,-3.9,0.0,28.0,25.9,340.0,14.4
2023-02-10 23:00:00,1026.9,-3.5,0.0,31.0,20.5,350.0,13.3
2023-02-11 00:00:00,1027.9,-4.5,0.0,32.0,14.8,340.0,11.7
2023-02-11 01:00:00,1029.0,-3.9,0.0,36.0,13.0,350.0,10.6
2023-02-11 02:00:00,1029.0,-3.9,0.0,36.0,13.0,350.0,10.6
2023-02-11 03:00:00,1029.9,-3.9,0.0,42.0,7.6,350.0,8.3
2023-02-11 04:00:00,1029.9,-4.0,0.0,43.0,9.4,320.0,7.8
2023-02-11 05:00:00,1030.0,-3.3,0.0,51.0,0.0,0.0,6.1
2023-02-11 06:00:00,1029.6,-2.7,0.0,62.0,0.0,0.0,3.9
2023-02-11 07:00:00,1029.6,-2.7,0.0,62.0,0.0,0.0,3.9
2023-02-11 08:00:00,1028.8,-2.7,0.0,67.0,7.6,280.0,2.8
2023-02-11 09:00:00,1028.5,-3.3,0.0,67.0,9.4,270.0,2.2
2023-02-11 10:00:00,1028.3,-3.9,0.0,57.0,11.2,300.0,3.9
2023-02-11 11:00:00,1028.5,-5.1,0.0,52.0,9.4,300.0,3.9
2023-02-11 12:00:00,1028.8,-4.9,0.0,55.0,5.4,320.0,3.3
2023-02-11 13:00:00,1028.8,-4.9,0.0,55.0,5.4,320.0,3.3
2023-02-11 14:00:00,1029.7,-4.4,0.0,57.0,11.2,320.0,3.3
2023-02-11 15:00:00,1029.4,-8.2,0.0,28.0,16.6,330.0,9.4
2023-02-11 16:00:00,1029.4,-8.2,0.0,28.0,16.6,330.0,9.4
2023-02-11 17:00:00,1028.7,-9.2,0.0,20.0,14.8,360.0,13.3
2023-02-11 18:00:00,1027.2,-8.7,0.0,18.0,20.5,350.0,15.6
2023-02-11 19:00:00,1025.7,-7.6,0.0,19.0,14.8,350.0,16.1
2023-02-11 20:00:00,1024.5,-6.0,0.0,20.0,25.9,350.0,17.2
2023-02-11 21:00:00,1024.5,-6.0,0.0,20.0,25.9,350.0,17.2
2023-02-11 22:00:00,1023.9,-5.3,0.0,21.0,9.4,350.0,17.2
2023-02-11 23:00:00,1024.1,-4.9,0.0,24.0,9.4,30.0,15.6
2023-02-12 00:00:00,1024.2,-4.3,0.0,28.0,7.6,50.0,13.9
2023-02-12 01:00:00,1025.2,-2.8,0.0,39.0,0.0,0.0,10.6
2023-02-12 02:00:00,1025.2,-2.8,0.0,39.0,0.0,0.0,10.6
2023-02-12 03:00:00,1025.1,-1.2,0.0,53.0,0.0,0.0,7.8
2023-02-12 04:00:00,1025.3,0.6,0.0,70.0,7.6,250.0,5.6
2023-02-12 05:00:00,1024.7,1.2,0.0,68.0,0.0,0.0,6.7
2023-02-12 06:00:00,1024.5,0.6,0.0,68.0,0.0,0.0,6.1
2023-02-12 07:00:00,1024.5,0.6,0.0,68.0,0.0,0.0,6.1
2023-02-12 08:00:00,1023.7,1.1,0.0,82.0,0.0,0.0,3.9
2023-02-12 09:00:00,1022.9,0.6,0.0,79.0,0.0,0.0,3.9
2023-02-12 10:00:00,1023.5,0.0,0.0,82.0,0.0,0.0,2.8
2023-02-12 11:00:00,1023.1,-0.1,0.0,85.0,0.0,0.0,2.2
2023-02-12 12:00:00,1023.1,-0.1,0.0,85.0,0.0,0.0,2.2
2023-02-12 13:00:00,1024.0,-0.7,0.0,88.0,5.4,290.0,1.1
2023-02-12 14:00:00,1023.9,1.6,0.0,65.0,0.0,0.0,7.8
2023-02-12 15:00:00,1024.2,2.9,0.0,59.0,11.2,210.0,10.6
2023-02-12 16:00:00,1024.2,2.9,0.0,59.0,11.2,210.0,10.6
2023-02-12 17:00:00,1022.7,0.8,0.0,38.0,7.6,180.0,15.0
2023-02-12 18:00:00,1021.7,-1.0,0.0,30.0,7.6,190.0,16.7
2023-02-12 19:00:00,1020.3,-4.1,0.0,23.0,11.2,180.0,17.2
2023-02-12 20:00:00,1019.6,-2.5,0.0,25.0,13.0,210.0,17.8
2023-02-12 21:00:00,1019.6,-2.5,0.0,25.0,13.0,210.0,17.8
2023-02-12 22:00:00,1018.7,-3.0,0.0,25.0,9.4,160.0,17.2
2023-02-12 23:00:00,1018.7,-3.0,0.0,25.0,9.4,160.0,17.2
2023-02-13 00:00:00,1019.1,0.0,0.0,40.0,0.0,0.0,13.3
2023-02-13 01:00:00,1018.9,0.6,0.0,45.0,5.4,130.0,12.2
2023-02-13 02:00:00,1018.9,0.6,0.0,45.0,5.4,130.0,12.2
2023-02-13 03:00:00,1019.0,0.5,0.0,48.0,0.0,0.0,11.1
2023-02-13 04:00:00,1019.4,2.2,0.0,63.0,7.6,140.0,8.9
2023-02-13 05:00:00,1019.2,2.1,0.0,65.0,0.0,0.0,8.3
2023-02-13 06:00:00,1018.3,2.3,0.0,61.0,0.0,0.0,9.4
2023-02-13 07:00:00,1018.0,3.9,0.0,71.0,0.0,0.0,8.9
2023-02-13 08:00:00,1018.0,3.9,0.0,71.0,0.0,0.0,8.9
2023-02-13 09:00:00,1017.3,4.4,0.0,85.0,0.0,0.0,6.7
2023-02-13 10:00:00,1016.9,5.0,0.0,86.0,0.0,0.0,7.2
2023-02-13 11:00:00,1017.1,5.0,0.0,86.0,0.0,0.0,7.2
2023-02-13 12:00:00,1017.7,5.0,0.0,86.0,0.0,0.0,7.2
2023-02-13 13:00:00,1017.7,5.0,0.0,86.0,0.0,0.0,7.2
2023-02-13 14:00:00,1017.8,8.4,0.0,80.0,7.6,60.0,11.7
2023-02-13 15:00:00,1018.2,9.4,0.0,77.0,7.6,120.0,13.3
2023-02-13 16:00:00,1017.7,10.6,0.0,75.0,13.0,120.0,15.0
2023-02-13 17:00:00,1016.4,10.6,0.0,65.0,13.0,140.0,17.2
2023-02-13 18:00:00,1016.4,10.6,0.0,65.0,13.0,140.0,17.2
2023-02-13 19:00:00,1012.9,12.3,0.0,55.0,18.4,120.0,21.7
2023-02-13 20:00:00,1011.3,11.7,0.0,48.0,24.1,140.0,23.3
2023-02-13 21:00:00,1010.2,12.1,0.0,51.0,24.1,140.0,22.8
2023-02-13 22:00:00,1010.2,12.1,0.0,51.0,29.5,130.0,22.8
2023-02-13 23:00:00,1010.3,12.3,0.0,59.0,29.5,140.0,20.6
2023-02-14 00:00:00,1010.2,13.3,0.0,68.0,25.9,140.0,19.4
2023-02-14 01:00:00,1010.2,13.3,0.0,68.0,25.9,140.0,19.4
2023-02-14 02:00:00,1010.1,14.0,0.0,73.0,20.5,130.0,18.9
2023-02-14 03:00:00,1009.1,15.0,0.0,81.0,22.3,130.0,18.3
2023-02-14 04:00:00,1008.0,15.0,0.0,81.0,18.4,150.0,18.3
2023-02-14 05:00:00,1007.3,15.0,0.0,78.0,24.1,150.0,18.9
2023-02-14 06:00:00,1007.3,15.0,0.0,78.0,24.1,150.0,18.9
2023-02-14 07:00:00,1004.4,16.1,0.0,87.0,24.1,160.0,18.3
2023-02-14 08:00:00,1004.2,15.6,0.0,81.0,24.1,160.0,18.9
2023-02-14 09:00:00,1003.6,15.6,0.0,81.0,22.3,170.0,18.9
2023-02-14 10:00:00,1003.8,16.1,0.0,87.0,11.2,190.0,18.3
2023-02-14 11:00:00,1003.8,16.1,0.0,87.0,11.2,190.0,18.3
2023-02-14 12:00:00,1005.1,16.1,0.0,90.0,7.6,210.0,17.8
2023-02-14 13:00:00,1005.1,16.1,0.0,90.0,5.4,260.0,17.8
2023-02-14 14:00:00,1007.6,16.1,0.0,84.0,11.2,240.0,18.9
2023-02-14 15:00:00,1007.6,16.1,0.0,84.0,11.2,240.0,18.9
2023-02-14 16:00:00,1008.1,8.9,0.0,41.0,18.4,290.0,22.8
2023-02-14 17:00:00,1007.3,8.9,0.0,41.0,18.4,290.0,24.4
2023-02-14 18:00:00,1006.4,-3.5,0.0,14.0,35.3,270.0,26.1
2023-02-14 19:00:00,1005.4,-6.2,0.0,11.0,31.7,240.0,26.7
2023-02-14 20:00:00,1005.4,-6.2,0.0,11.0,37.1,260.0,26.7
2023-02-14 21:00:00,1005.3,-7.5,0.0,10.0,25.9,240.0,26.7
2023-02-14 22:00:00,1005.5,-8.8,0.0,9.0,24.1,240.0,26.7
2023-02-14 23:00:00,1006.1,-7.5,0.0,11.0,13.0,230.0,25.0
2023-02-15 00:00:00,1007.0,-7.5,0.0,11.0,11.2,260.0,25.0
2023-02-15 01:00:00,1007.0,-5.8,0.0,17.0,11.2,260.0,20.0
2023-02-15 02:00:00,1008.0,-2.9,0.0,26.0,0.0,0.0,13.3
2023-02-15 03:00:00,1008.1,0.0,0.0,40.0,0.0,0.0,13.3
2023-02-15 04:00:00,1008.3,0.5,0.0,48.0,0.0,0.0,11.1
2023-02-15 05:00:00,1008.3,0.5,0.0,48.0,0.0,0.0,11.1
2023-02-15 06:00:00,1007.9,1.6,0.0,56.0,0.0,0.0,10.0
2023-02-15 07:00:00,1008.0,1.6,0.0,56.0,0.0,0.0,10.0
2023-02-15 08:00:00,1007.9,3.4,0.0,61.0,5.4,10.0,10.6
2023-02-15 09:00:00,1007.4,5.1,0.0,64.0,0.0,0.0,11.7
2023-02-15 10:00:00,1007.4,5.1,0.0,64.0,0.0,0.0,11.7
2023-02-15 11:00:00,1007.0,11.1,0.0,83.0,7.6,80.0,13.9
2023-02-15 12:00:00,1007.7,13.9,0.0,100.0,7.6,360.0,13.9
2023-02-15 13:00:00,1007.7,15.6,0.0,100.0,9.4,110.0,15.6
2023-02-15 14:00:00,1007.7,15.6,0.0,100.0,9.4,110.0,15.6
2023-02-15 15:00:00,1009.0,16.1,0.0,100.0,5.4,60.0,16.1
2023-02-15 16:00:00,1008.2,18.3,0.0,84.0,7.6,140.0,21.1
2023-02-15 17:00:00,1007.0,17.7,0.0,71.0,22.3,170.0,23.3
2023-02-15 18:00:00,1005.9,17.9,0.0,67.0,20.5,150.0,24.4
2023-02-15 19:00:00,1004.5,17.8,0.0,58.0,16.6,150.0,26.7
2023-02-15 20:00:00,1004.5,17.8,0.0,58.0,16.6,150.0,26.7
2023-02-15 21:00:00,1002.6,17.9,0.0,55.0,16.6,160.0,27.8
2023-02-15 22:00:00,1002.7,17.2,0.0,51.0,16.6,150.0,28.3
2023-02-15 23:00:00,1002.5,17.2,0.0,56.0,16.6,120.0,26.7
2023-02-16 00:00:00,1003.2,17.2,0.0,62.0,11.2,100.0,25.0
2023-02-16 01:00:00,1003.2,17.2,0.0,62.0,11.2,100.0,25.0
2023-02-16 02:00:00,1004.7,19.9,0.0,87.0,16.6,120.0,22.2
2023-02-16 03:00:00,1004.7,19.9,0.0,87.0,16.6,120.0,22.2
2023-02-16 04:00:00,1005.4,19.9,0.0,93.0,14.8,120.0,21.1
2023-02-16 05:00:00,1005.4,19.9,0.0,93.0,14.8,120.0,21.1
2023-02-16 06:00:00,1006.3,19.9,0.0,93.0,7.6,140.0,21.1
2023-02-16 07:00:00,1006.3,19.9,0.0,93.0,7.6,140.0,21.1
2023-02-16 08:00:00,1009.1,8.8,0.2,62.0,22.3,20.0,16.1
2023-02-16 09:00:00,1009.9,6.2,0.3,52.0,18.4,10.0,16.1
2023-02-16 10:00:00,1010.9,6.2,0.0,52.0,18.4,10.0,15.6
2023-02-16 11:00:00,1010.9,-0.6,0.0,33.0,29.5,360.0,15.6
2023-02-16 12:00:00,1013.2,-5.9,0.0,24.0,22.3,30.0,14.4
2023-02-16 13:00:00,1014.4,-5.8,0.0,25.0,22.3,30.0,13.9
2023-02-16 14:00:00,1016.1,-3.9,0.0,30.0,31.7,20.0,13.3
2023-02-16 15:00:00,1016.1,-3.9,0.0,30.0,31.7,20.0,13.3
2023-02-16 16:00:00,1018.8,-2.2,0.0,38.0,20.5,350.0,11.7
2023-02-16 17:00:00,1019.2,-3.2,0.0,34.0,25.9,350.0,12.2
2023-02-16 18:00:00,1019.2,-4.9,0.0,30.0,24.1,360.0,12.2
2023-02-16 19:00:00,1019.2,-4.9,0.0,30.0,24.1,360.0,12.2
2023-02-16 20:00:00,1018.4,-4.8,0.0,29.0,18.4,360.0,12.8
2023-02-16 21:00:00,1018.6,-5.8,0.0,26.0,25.9,350.0,13.3
2023-02-16 22:00:00,1019.4,-5.8,0.0,26.0,20.5,360.0,13.3
2023-02-16 23:00:00,1020.4,-7.3,0.0,25.0,24.1,350.0,12.2
2023-02-17 00:00:00,1021.8,-7.7,0.0,25.0,25.9,350.0,11.7
2023-02-17 01:00:00,1021.8,-7.7,0.0,25.0,25.9,350.0,11.7
2023-02-17 02:00:00,1024.4,-7.2,0.0,29.0,16.6,340.0,10.0
2023-02-17 03:00:00,1026.1,-7.8,0.0,29.0,24.1,340.0,9.4
2023-02-17 04:00:00,1027.2,-8.3,0.0,30.0,24.1,340.0,8.3
2023-02-17 05:00:00,1027.8,-7.6,0.0,34.0,16.6,360.0,7.2
2023-02-17 06:00:00,1027.8,-7.6,0.0,34.0,16.6,360.0,7.2
2023-02-17 07:00:00,1028.5,-7.6,0.0,38.0,18.4,360.0,5.6
2023-02-17 08:00:00,1029.2,-7.2,0.0,41.0,16.6,10.0,5.0
2023-02-17 09:00:00,1029.8,-7.2,0.0,41.0,18.4,10.0,5.0
2023-02-17 10:00:00,1029.8,-7.2,0.0,41.0,18.4,10.0,5.0
2023-02-17 11:00:00,1031.3,-6.7,0.0,46.0,13.0,360.0,3.9
2023-02-17 12:00:00,1032.4,-6.7,0.0,48.0,16.6,360.0,3.3
2023-02-17 13:00:00,1032.4,-6.7,0.0,48.0,16.6,360.0,3.3
2023-02-17 14:00:00,1033.5,-6.1,0.0,50.0,18.4,10.0,3.3
2023-02-17 15:00:00,1034.6,-5.6,0.0,43.0,22.3,10.0,6.1
2023-02-17 16:00:00,1034.5,-5.7,0.0,38.0,22.3,360.0,7.8
2023-02-17 17:00:00,1034.0,-5.6,0.0,33.0,18.4,30.0,10.0
2023-02-17 18:00:00,1032.7,-5.4,0.0,31.0,18.4,30.0,11.1
2023-02-17 19:00:00,1032.7,-5.4,0.0,31.0,18.4,30.0,11.1
2023-02-17 20:00:00,1030.7,-6.9,0.0,24.0,18.4,10.0,13.3
2023-02-17 21:00:00,1030.3,-5.8,0.0,25.0,11.2,30.0,13.9
2023-02-17 22:00:00,1030.1,-6.9,0.0,23.0,14.8,360.0,13.9
2023-02-17 23:00:00,1030.4,-7.8,0.0,24.0,13.0,50.0,12.2
2023-02-18 00:00:00,1030.4,-7.8,0.0,24.0,13.0,50.0,12.2
2023-02-18 01:00:00,1031.5,-7.2,0.0,28.0,9.4,60.0,10.6
2023-02-18 02:00:00,1032.2,-6.1,0.0,34.0,9.4,80.0,8.9
2023-02-18 03:00:00,1032.3,-5.7,0.0,38.0,7.6,80.0,7.8
2023-02-18 04:00:00,1032.8,-5.1,0.0,48.0,0.0,0.0,5.0
2023-02-18 05:00:00,1032.8,-5.1,0.0,48.0,0.0,0.0,5.0
2023-02-18 06:00:00,1032.1,-4.3,0.0,55.0,0.0,0.0,3.9
2023-02-18 07:00:00,1032.1,-3.9,0.0,64.0,0.0,0.0,2.2
2023-02-18 08:00:00,1031.1,-3.9,0.0,57.0,7.6,60.0,3.9
2023-02-18 09:00:00,1030.6,-4.0,0.0,59.0,5.4,60.0,3.3
2023-02-18 10:00:00,1030.6,-4.0,0.0,59.0,5.4,60.0,3.3
2023-02-18 11:00:00,1030.5,-4.0,0.0,59.0,7.6,30.0,3.3
2023-02-18 12:00:00,1030.9,-4.3,0.0,55.0,7.6,50.0,3.9
2023-02-18 13:00:00,1030.7,-3.9,0.0,55.0,7.6,70.0,4.4
2023-02-18 14:00:00,1030.7,-3.9,0.0,55.0,7.6,70.0,4.4
2023-02-18 15:00:00,1031.2,-2.7,0.0,46.0,11.2,90.0,8.3
2023-02-18 16:00:00,1031.5,-4.4,0.0,36.0,11.2,100.0,10.0
2023-02-18 17:00:00,1031.1,-3.9,0.0,36.0,0.0,0.0,10.6
2023-02-18 18:00:00,1030.2,-3.3,0.0,35.0,7.6,0.0,11.7
2023-02-18 19:00:00,1030.2,-3.3,0.0,35.0,7.6,230.0,11.7
2023-02-18 20:00:00,1027.8,-1.1,0.0,37.0,9.4,170.0,13.3
2023-02-18 21:00:00,1025.8,0.5,0.0,40.0,7.6,170.0,13.9
2023-02-18 22:00:00,1025.1,2.2,0.0,45.0,16.6,170.0,13.9
2023-02-18 23:00:00,1024.3,2.8,0.0,47.0,5.4,190.0,13.9
2023-02-19 00:00:00,1024.3,2.8,0.0,47.0,5.4,190.0,13.9
2023-02-19 01:00:00,1025.5,3.2,0.0,56.0,0.0,0.0,11.7
2023-02-19 02:00:00,1025.5,3.2,0.0,56.0,0.0,0.0,11.7
2023-02-19 03:00:00,1025.5,4.3,0.0,73.0,7.6,110.0,8.9
2023-02-19 04:00:00,1025.8,4.4,0.0,71.0,0.0,0.0,9.4
2023-02-19 05:00:00,1025.6,5.0,0.0,71.0,7.6,130.0,10.0
2023-02-19 06:00:00,1025.2,6.7,0.0,80.0,7.6,210.0,10.0
2023-02-19 07:00:00,1025.2,6.7,0.0,80.0,7.6,210.0,10.0
2023-02-19 08:00:00,1023.9,5.6,0.0,86.0,0.0,0.0,7.8
2023-02-19 09:00:00,1023.0,6.1,0.0,89.0,0.0,0.0,7.8
2023-02-19 10:00:00,1022.7,5.7,0.0,90.0,0.0,0.0,7.2
2023-02-19 11:00:00,1022.9,6.1,0.0,89.0,0.0,0.0,7.8
2023-02-19 12:00:00,1022.9,6.1,0.0,89.0,0.0,0.0,7.8
2023-02-19 13:00:00,1023.4,6.1,0.0,89.0,0.0,0.0,7.8
2023-02-19 14:00:00,1024.0,8.4,0.0,80.0,7.6,250.0,11.7
2023-02-19 15:00:00,1024.3,8.4,0.0,80.0,13.0,240.0,11.7
2023-02-19 16:00:00,1024.3,11.2,0.0,75.0,13.0,240.0,15.6
2023-02-19 17:00:00,1023.7,11.0,0.0,67.0,11.2,240.0,17.2
2023-02-19 18:00:00,1021.9,9.0,0.0,46.0,9.4,190.0,21.1
2023-02-19 19:00:00,1020.2,8.5,0.0,40.0,16.6,170.0,22.8
2023-02-19 20:00:00,1019.7,8.2,0.0,38.0,18.4,200.0,23.3
2023-02-19 21:00:00,1019.7,8.2,0.0,38.0,18.4,200.0,23.3
2023-02-19 22:00:00,1018.5,9.9,0.0,40.0,0.0,0.0,24.4
2023-02-19 23:00:00,1018.5,10.7,0.0,45.0,9.4,0.0,23.3
2023-02-20 00:00:00,1018.8,10.7,0.0,53.0,0.0,0.0,20.6
2023-02-20 01:00:00,1019.3,10.7,0.0,63.0,0.0,0.0,17.8
2023-02-20 02:00:00,1019.3,10.7,0.0,63.0,0.0,0.0,17.8
2023-02-20 03:00:00,1020.0,11.8,0.0,68.0,5.4,140.0,17.8
2023-02-20 04:00:00,1020.0,11.8,0.0,68.0,5.4,140.0,17.8
2023-02-20 05:00:00,1019.9,14.5,0.0,81.0,0.0,0.0,17.8
2023-02-20 06:00:00,1019.7,15.1,0.0,84.0,7.6,170.0,17.8
2023-02-20 07:00:00,1019.7,15.1,0.0,84.0,7.6,170.0,17.8
2023-02-20 08:00:00,1018.9,16.1,0.0,90.0,9.4,230.0,17.8
2023-02-20 09:00:00,1018.6,16.1,0.0,87.0,0.0,0.0,18.3
2023-02-20 10:00:00,1018.1,16.7,0.0,93.0,0.0,0.0,17.8
2023-02-20 11:00:00,1018.7,15.6,0.0,87.0,5.4,350.0,17.8
2023-02-20 12:00:00,1018.7,15.6,0.0,87.0,5.4,350.0,17.8
2023-02-20 13:00:00,1018.7,15.6,0.0,87.0,0.0,0.0,17.8
2023-02-20 14:00:00,1018.9,16.1,0.0,84.0,0.0,0.0,18.9
2023-02-20 15:00:00,1018.9,16.1,0.0,84.0,0.0,0.0,18.9
2023-02-20 16:00:00,1019.3,17.2,0.0,87.0,7.6,260.0,19.4
2023-02-20 17:00:00,1017.7,17.7,0.0,73.0,13.0,250.0,22.8
2023-02-20 18:00:00,1016.1,17.9,0.0,67.0,22.3,230.0,24.4
2023-02-20 19:00:00,1014.9,17.2,0.0,64.0,22.3,220.0,24.4
2023-02-20 20:00:00,1013.3,17.2,0.0,56.0,20.5,210.0,26.7
2023-02-20 21:00:00,1013.3,17.2,0.0,56.0,20.5,210.0,26.7
2023-02-20 22:00:00,1011.3,17.1,0.0,54.0,13.0,190.0,27.2
2023-02-20 23:00:00,1010.8,17.2,0.0,58.0,13.0,200.0,26.1
2023-02-21 00:00:00,1011.1,16.6,0.0,62.0,5.4,200.0,24.4
2023-02-21 01:00:00,1011.1,16.8,0.0,69.0,7.6,190.0,22.8
2023-02-21 02:00:00,1011.1,16.8,0.0,69.0,7.6,190.0,22.8
2023-02-21 03:00:00,1011.8,15.5,0.0,84.0,0.0,0.0,18.3
2023-02-21 04:00:00,1011.8,16.1,0.0,90.0,0.0,0.0,17.8
2023-02-21 05:00:00,1011.6,15.5,0.0,90.0,0.0,0.0,17.2
2023-02-21 06:00:00,1011.2,15.0,0.0,93.0,0.0,0.0,16.1
2023-02-21 07:00:00,1011.2,15.0,0.0,93.0,0.0,0.0,16.1
2023-02-21 08:00:00,1010.0,15.0,0.0,96.0,0.0,0.0,15.6
2023-02-21 09:00:00,1009.7,14.4,0.0,96.0,0.0,0.0,15.0
2023-02-21 10:00:00,1009.7,14.4,0.0,96.0,0.0,0.0,15.0
2023-02-21 11:00:00,1010.0,14.4,0.0,96.0,0.0,0.0,15.0
2023-02-21 12:00:00,1011.0,13.3,0.0,100.0,0.0,0.0,13.3
2023-02-21 13:00:00,1010.5,14.4,0.0,100.0,0.0,0.0,14.4
2023-02-21 14:00:00,1010.8,16.6,0.0,90.0,7.6,120.0,18.3
2023-02-21 15:00:00,1010.8,17.1,0.0,78.0,9.4,180.0,21.1
2023-02-21 16:00:00,1010.8,17.1,0.0,78.0,9.4,180.0,21.1
2023-02-21 17:00:00,1008.8,17.9,0.0,67.0,9.4,130.0,24.4
2023-02-21 18:00:00,1007.0,17.8,0.0,62.0,11.2,130.0,25.6
2023-02-21 19:00:00,1004.9,17.9,0.0,57.0,24.1,160.0,27.2
2023-02-21 20:00:00,1003.4,16.6,0.0,46.0,24.1,160.0,29.4
2023-02-21 21:00:00,1003.4,16.6,0.0,46.0,29.5,180.0,29.4
2023-02-21 22:00:00,1001.0,15.1,0.0,39.0,25.9,160.0,30.6
2023-02-21 23:00:00,1000.9,16.1,0.0,46.0,25.9,160.0,28.9
2023-02-22 00:00:00,1001.0,19.4,0.0,71.0,29.5,130.0,25.0
2023-02-22 01:00:00,1001.9,18.8,0.0,76.0,25.9,130.0,23.3
2023-02-22 02:00:00,1001.9,18.8,0.0,76.0,25.9,130.0,23.3
2023-02-22 03:00:00,1001.9,18.9,0.0,87.0,24.1,140.0,21.1
2023-02-22 04:00:00,1001.5,18.9,0.0,87.0,24.1,140.0,21.1
2023-02-22 05:00:00,1001.3,18.9,0.0,84.0,25.9,160.0,21.7
2023-02-22 06:00:00,1001.3,18.9,0.0,84.0,25.9,160.0,21.7
2023-02-22 07:00:00,1000.2,18.3,0.0,81.0,22.3,150.0,21.7
2023-02-22 08:00:00,999.4,18.3,0.0,81.0,35.3,160.0,21.7
2023-02-22 09:00:00,999.2,17.9,0.0,79.0,25.9,180.0,21.7
2023-02-22 10:00:00,999.3,18.3,0.0,81.0,13.0,180.0,21.7
2023-02-22 11:00:00,999.3,18.3,0.0,81.0,13.0,180.0,21.7
2023-02-22 12:00:00,1002.6,17.9,0.0,82.0,11.2,280.0,21.1
2023-02-22 13:00:00,1002.9,18.3,0.0,84.0,0.0,0.0,21.1
2023-02-22 14:00:00,1003.3,19.0,0.0,82.0,7.6,200.0,22.2
2023-02-22 15:00:00,1003.4,18.3,0.0,71.0,11.2,190.0,23.9
2023-02-22 16:00:00,1003.4,18.3,0.0,71.0,11.2,190.0,23.9
2023-02-22 17:00:00,1003.4,14.0,0.0,40.0,18.4,250.0,28.9
2023-02-22 18:00:00,1002.4,8.9,0.0,26.0,18.4,280.0,30.6
2023-02-22 19:00:00,1001.5,6.7,0.0,21.0,22.3,240.0,31.7
2023-02-22 20:00:00,1001.3,4.5,0.0,17.0,25.9,240.0,32.8
2023-02-22 21:00:00,1001.3,4.5,0.0,17.0,25.9,240.0,32.8
2023-02-22 22:00:00,1001.1,6.0,0.0,20.0,22.3,240.0,31.7
2023-02-22 23:00:00,1001.8,6.5,0.0,22.0,11.2,240.0,30.6
2023-02-23 00:00:00,1002.7,6.5,0.0,22.0,0.0,0.0,30.6
2023-02-23 01:00:00,1002.7,7.2,0.0,30.0,0.0,0.0,26.1
2023-02-23 02:00:00,1004.3,14.0,0.0,56.0,13.0,130.0,23.3
2023-02-23 03:00:00,1005.2,16.1,0.0,66.0,11.2,130.0,22.8
2023-02-23 04:00:00,1005.7,17.8,0.0,76.0,11.2,130.0,22.2
2023-02-23 05:00:00,1006.0,18.3,0.0,81.0,5.4,110.0,21.7
2023-02-23 06:00:00,1006.0,18.3,0.0,81.0,5.4,110.0,21.7
2023-02-23 07:00:00,1006.9,17.1,0.0,93.0,5.4,60.0,18.3
2023-02-23 08:00:00,1007.1,17.9,0.0,91.0,5.4,60.0,19.4
2023-02-23 09:00:00,1007.5,17.7,0.0,93.0,7.6,60.0,18.9
2023-02-23 10:00:00,1007.5,17.7,0.0,93.0,7.6,60.0,18.9
2023-02-23 11:00:00,1008.0,18.3,0.0,100.0,11.2,60.0,18.3
2023-02-23 12:00:00,1009.0,18.3,0.0,100.0,9.4,80.0,18.3
2023-02-23 13:00:00,1010.0,18.3,0.0,100.0,11.2,40.0,18.3
2023-02-23 14:00:00,1011.9,17.9,0.0,91.0,16.6,40.0,19.4
2023-02-23 15:00:00,1011.9,17.9,0.0,91.0,16.6,40.0,19.4
2023-02-23 16:00:00,1012.7,17.8,0.0,76.0,13.0,50.0,22.2
2023-02-23 17:00:00,1013.0,17.7,0.0,64.0,20.5,50.0,25.0
2023-02-23 18:00:00,1012.4,17.7,0.0,60.0,25.9,60.0,26.1
2023-02-23 19:00:00,1012.0,17.8,0.0,62.0,27.7,60.0,25.6
2023-02-23 20:00:00,1012.0,17.8,0.0,62.0,27.7,60.0,25.6
2023-02-23 21:00:00,1011.7,15.0,0.0,52.0,20.5,70.0,25.6
2023-02-23 22:00:00,1012.4,12.2,0.0,45.0,18.4,30.0,25.0
2023-02-23 23:00:00,1012.8,11.0,0.0,43.0,22.3,40.0,24.4
2023-02-24 00:00:00,1013.9,9.1,0.0,39.0,22.3,50.0,23.9
2023-02-24 01:00:00,1013.9,9.1,0.0,39.0,22.3,50.0,23.9
2023-02-24 02:00:00,1015.9,5.4,0.0,36.0,16.6,40.0,21.1
2023-02-24 03:00:00,1015.9,5.4,0.0,36.0,16.6,40.0,21.1
2023-02-24 04:00:00,1017.1,4.3,0.0,37.0,20.5,40.0,19.4
2023-02-24 05:00:00,1017.4,4.3,0.0,38.0,18.4,40.0,18.9
2023-02-24 06:00:00,1017.4,4.3,0.0,38.0,18.4,40.0,18.9
2023-02-24 07:00:00,1017.5,3.8,0.0,41.0,18.4,50.0,17.2
2023-02-24 08:00:00,1017.2,4.4,0.0,44.0,16.6,40.0,16.7
2023-02-24 09:00:00,1017.5,3.8,0.0,44.0,18.4,40.0,16.1
2023-02-24 10:00:00,1017.4,4.3,0.0,47.0,13.0,50.0,15.6
2023-02-24 11:00:00,1017.4,4.3,0.0,47.0,13.0,50.0,15.6
2023-02-24 12:00:00,1018.6,4.9,0.0,49.0,11.2,50.0,15.6
2023-02-24 13:00:00,1019.6,6.8,0.0,58.0,18.4,30.0,15.0
2023-02-24 14:00:00,1020.5,8.3,0.0,62.0,16.6,50.0,15.6
2023-02-24 15:00:00,1020.5,8.3,0.0,62.0,16.6,50.0,15.6
2023-02-24 16:00:00,1021.0,9.5,0.0,65.0,14.8,30.0,16.1
2023-02-24 17:00:00,1021.1,10.0,0.0,67.0,13.0,30.0,16.1
2023-02-24 18:00:00,1020.7,10.6,0.0,70.0,16.6,60.0,16.1
2023-02-24 19:00:00,1020.7,10.6,0.0,70.0,16.6,60.0,16.1
2023-02-24 20:00:00,1020.0,10.5,0.0,67.0,20.5,50.0,16.7
2023-02-24 21:00:00,1019.4,9.9,0.0,60.0,18.4,40.0,17.8
2023-02-24 22:00:00,1019.8,10.1,0.0,63.0,22.3,40.0,17.2
2023-02-24 23:00:00,1019.8,10.1,0.0,63.0,22.3,40.0,17.2
2023-02-25 00:00:00,1019.8,10.1,0.0,65.0,20.5,40.0,16.7
2023-02-25 01:00:00,1020.7,10.1,0.0,65.0,18.4,40.0,16.7
2023-02-25 02:00:00,1022.0,8.9,0.0,67.0,22.3,40.0,15.0
2023-02-25 03:00:00,1022.6,8.3,0.0,67.0,20.5,40.0,14.4
2023-02-25 04:00:00,1022.4,8.9,0.0,72.0,18.4,30.0,13.9
2023-02-25 05:00:00,1022.2,8.9,0.0,72.0,18.4,30.0,13.9
2023-02-25 06:00:00,1022.2,8.9,0.0,72.0,18.4,30.0,13.9
2023-02-25 07:00:00,1022.3,9.0,0.0,75.0,13.0,40.0,13.3
2023-02-25 08:00:00,1022.0,9.4,0.0,80.0,14.8,30.0,12.8
2023-02-25 09:00:00,1022.0,9.4,0.0,80.0,14.8,30.0,12.8
2023-02-25 10:00:00,1021.8,9.9,0.0,86.0,11.2,50.0,12.2
2023-02-25 11:00:00,1022.2,8.8,0.0,86.0,16.6,50.0,11.1
2023-02-25 12:00:00,1022.2,8.8,0.0,86.0,16.6,50.0,11.1
2023-02-25 13:00:00,1023.4,8.8,0.0,86.0,20.5,40.0,11.1
2023-02-25 14:00:00,1024.0,8.9,0.0,83.0,20.5,50.0,11.7
2023-02-25 15:00:00,1024.0,8.9,0.0,83.0,20.5,50.0,11.7
2023-02-25 16:00:00,1024.2,9.4,0.0,80.0,11.2,40.0,12.8
2023-02-25 17:00:00,1023.9,10.0,0.0,75.0,11.2,40.0,14.4
2023-02-25 18:00:00,1022.5,11.2,0.0,70.0,14.8,40.0,16.7
2023-02-25 19:00:00,1021.0,12.2,0.0,65.0,14.8,90.0,18.9
2023-02-25 20:00:00,1021.0,12.2,0.0,65.0,14.8,90.0,18.9
2023-02-25 21:00:00,1019.0,14.0,0.0,66.0,16.6,90.0,20.6
2023-02-25 22:00:00,1018.3,14.0,0.0,64.0,18.4,90.0,21.1
2023-02-25 23:00:00,1018.0,14.5,0.0,68.0,11.2,70.0,20.6
2023-02-26 00:00:00,1018.2,15.1,0.0,76.0,11.2,70.0,19.4
2023-02-26 01:00:00,1018.2,15.1,0.0,76.0,11.2,70.0,19.4
2023-02-26 02:00:00,1018.3,14.4,0.0,78.0,14.8,80.0,18.3
2023-02-26 03:00:00,1018.9,14.5,0.0,81.0,11.2,80.0,17.8
2023-02-26 04:00:00,1018.9,14.5,0.0,81.0,11.2,80.0,17.8
2023-02-26 05:00:00,1018.1,15.5,0.0,84.0,9.4,80.0,18.3
2023-02-26 06:00:00,1018.1,15.5,0.0,84.0,9.4,80.0,18.3
2023-02-26 07:00:00,1017.3,17.2,0.0,90.0,5.4,50.0,18.9
2023-02-26 08:00:00,1016.7,17.9,0.0,91.0,7.6,80.0,19.4
2023-02-26 09:00:00,1015.5,17.9,0.0,91.0,7.6,90.0,19.4
2023-02-26 10:00:00,1015.5,17.9,0.0,91.0,7.6,90.0,19.4
2023-02-26 11:00:00,1015.2,17.7,0.0,93.0,0.0,0.0,18.9
2023-02-26 12:00:00,1015.5,17.7,0.0,93.0,0.0,0.0,18.9
2023-02-26 13:00:00,1015.5,17.7,0.0,93.0,0.0,0.0,18.9
2023-02-26 14:00:00,1015.7,18.8,0.0,93.0,9.4,120.0,20.0
2023-02-26 15:00:00,1015.7,18.8,0.0,93.0,9.4,120.0,20.0
2023-02-26 16:00:00,1014.6,19.0,0.0,74.0,24.1,170.0,23.9
2023-02-26 17:00:00,1013.3,19.0,0.0,67.0,27.7,180.0,25.6
2023-02-26 18:00:00,1012.0,18.3,0.0,62.0,24.1,180.0,26.1
2023-02-26 19:00:00,1012.0,18.3,0.0,62.0,24.1,180.0,26.1
2023-02-26 20:00:00,1009.5,18.3,0.0,60.0,22.3,170.0,26.7
2023-02-26 21:00:00,1007.9,17.8,0.0,58.0,24.1,160.0,26.7
2023-02-26 22:00:00,1007.4,18.2,0.0,58.0,22.3,160.0,27.2
2023-02-26 23:00:00,1006.9,19.0,0.0,67.0,20.5,150.0,25.6
2023-02-27 00:00:00,1006.4,18.3,0.0,71.0,25.9,140.0,23.9
2023-02-27 01:00:00,1006.4,18.3,0.0,71.0,25.9,140.0,23.9
2023-02-27 02:00:00,1006.6,18.3,0.0,81.0,20.5,150.0,21.7
2023-02-27 03:00:00,1006.0,18.3,0.0,84.0,22.3,160.0,21.1
2023-02-27 04:00:00,1006.4,18.3,0.0,84.0,18.4,160.0,21.1
2023-02-27 05:00:00,1006.4,18.3,0.0,84.0,18.4,160.0,21.1
2023-02-27 06:00:00,1006.3,18.9,0.0,87.0,13.0,170.0,21.1
2023-02-27 07:00:00,1006.1,19.4,0.0,90.0,11.2,180.0,21.1
2023-02-27 08:00:00,1005.7,18.9,0.0,87.0,7.6,200.0,21.1
2023-02-27 09:00:00,1005.7,18.9,0.0,87.0,7.6,200.0,21.1
2023-02-27 10:00:00,1007.3,18.9,0.0,87.0,5.4,350.0,21.1
2023-02-27 11:00:00,1007.6,18.9,0.0,87.0,5.4,360.0,21.1
2023-02-27 12:00:00,1008.2,18.9,0.0,87.0,0.0,0.0,21.1
2023-02-27 13:00:00,1010.6,4.6,0.0,35.0,13.0,10.0,19.4
2023-02-27 14:00:00,1011.6,-2.1,0.0,21.0,18.4,10.0,21.1
2023-02-27 15:00:00,1011.6,-2.1,0.0,21.0,18.4,10.0,21.1
2023-02-27 16:00:00,1012.2,-2.6,0.0,17.0,13.0,330.0,23.9
2023-02-27 17:00:00,1011.7,-1.3,0.0,17.0,16.6,330.0,25.6
2023-02-27 18:00:00,1010.9,-2.6,0.0,15.0,5.4,330.0,26.1
2023-02-27 19:00:00,1009.4,-1.2,0.0,15.0,7.6,294.0,27.8
2023-02-27 20:00:00,1009.4,-1.2,0.0,15.0,7.6,287.0,27.8
2023-02-27 21:00:00,1007.5,-2.5,0.0,12.0,5.4,200.0,30.0
2023-02-27 22:00:00,1007.2,-1.7,0.0,12.0,0.0,0.0,31.1
2023-02-27 23:00:00,1007.5,0.1,0.0,16.0,9.4,160.0,28.3
2023-02-28 00:00:00,1007.5,0.1,0.0,16.0,9.4,160.0,28.3
2023-02-28 01:00:00,1008.7,0.7,0.0,24.0,9.4,150.0,22.2
2023-02-28 02:00:00,1009.4,1.9,0.0,29.0,0.0,0.0,20.6
2023-02-28 03:00:00,1009.9,2.9,0.0,37.0,0.0,0.0,17.8
2023-02-28 04:00:00,1010.4,2.9,0.0,37.0,0.0,0.0,17.8
2023-02-28 05:00:00,1010.4,4.3,0.0,47.0,0.0,0.0,15.6
2023-02-28 06:00:00,1010.2,6.8,0.0,58.0,0.0,0.0,15.0
2023-02-28 07:00:00,1010.0,8.9,0.0,72.0,0.0,0.0,13.9
2023-02-28 08:00:00,1009.6,9.3,0.0,74.0,5.4,350.0,13.9
2023-02-28 09:00:00,1009.2,9.3,0.0,74.0,0.0,0.0,13.9
2023-02-28 10:00:00,1009.2,9.3,0.0,74.0,0.0,0.0,13.9
2023-02-28 11:00:00,1009.2,9.9,0.0,80.0,0.0,0.0,13.3
2023-02-28 12:00:00,1010.1,8.4,0.0,86.0,11.2,130.0,10.6
2023-02-28 13:00:00,1010.9,10.7,0.0,81.0,0.0,0.0,13.9
2023-02-28 14:00:00,1011.7,15.5,0.0,90.0,0.0,0.0,17.2
2023-02-28 15:00:00,1011.7,15.5,0.0,90.0,0.0,0.0,17.2
2023-02-28 16:00:00,1011.7,16.1,0.0,81.0,5.4,10.0,19.4
2023-02-28 17:00:00,1010.9,16.2,0.0,71.0,5.4,90.0,21.7
2023-02-28 18:00:00,1009.8,15.7,0.0,60.0,0.0,0.0,23.9
2023-02-28 19:00:00,1009.8,15.7,0.0,60.0,0.0,0.0,23.9
2023-02-28 20:00:00,1006.8,15.1,0.0,46.0,11.2,140.0,27.8
2023-02-28 21:00:00,1006.3,14.3,0.0,41.0,7.6,140.0,28.9
2023-02-28 22:00:00,1005.7,15.2,0.0,42.0,11.2,110.0,29.4
2023-02-28 23:00:00,1006.0,17.3,0.0,53.0,18.4,130.0,27.8
2023-03-01 00:00:00,1006.0,17.3,0.0,53.0,18.4,130.0,27.8
2023-03-01 01:00:00,1006.7,17.9,0.0,67.0,18.4,120.0,24.4
2023-03-01 02:00:00,1007.3,19.5,0.0,79.0,22.3,130.0,23.3
2023-03-01 03:00:00,1007.8,19.4,0.0,84.0,13.0,130.0,22.2
2023-03-01 04:00:00,1007.9,19.4,0.0,84.0,16.6,120.0,22.2
2023-03-01 05:00:00,1007.9,19.4,0.0,84.0,16.6,120.0,22.2
2023-03-01 06:00:00,1007.4,19.9,0.0,87.0,7.6,150.0,22.2
2023-03-01 07:00:00,1007.3,20.5,0.0,87.0,14.8,170.0,22.8
2023-03-01 08:00:00,1006.5,20.7,0.0,91.0,14.8,150.0,22.2
2023-03-01 09:00:00,1006.5,20.7,0.0,91.0,14.8,150.0,22.2
2023-03-01 10:00:00,1006.9,19.9,0.0,87.0,9.4,180.0,22.2
2023-03-01 11:00:00,1004.9,20.0,0.0,90.0,18.4,130.0,21.7
2023-03-01 12:00:00,1004.9,20.0,0.0,90.0,18.4,130.0,21.7
2023-03-01 13:00:00,1006.1,20.7,0.0,91.0,11.2,150.0,22.2
2023-03-01 14:00:00,1006.1,20.7,0.0,91.0,11.2,150.0,22.2
2023-03-01 15:00:00,1006.9,20.0,0.0,79.0,13.0,190.0,23.9
2023-03-01 16:00:00,1007.2,20.0,0.0,74.0,11.2,210.0,25.0
2023-03-01 17:00:00,1006.0,20.6,0.0,65.0,13.0,200.0,27.8
2023-03-01 18:00:00,1005.0,20.6,0.0,59.0,13.0,210.0,29.4
2023-03-01 19:00:00,1005.0,20.6,0.0,59.0,13.0,210.0,29.4
2023-03-01 20:00:00,1003.1,20.0,0.0,50.0,5.4,310.0,31.7
2023-03-01 21:00:00,1002.8,19.3,0.0,48.0,5.4,40.0,31.7
2023-03-01 22:00:00,1002.4,19.3,0.0,48.0,11.2,120.0,31.7
2023-03-01 23:00:00,1003.0,19.3,0.0,51.0,13.0,100.0,30.6
2023-03-02 00:00:00,1003.0,19.3,0.0,51.0,13.0,100.0,30.6
2023-03-02 01:00:00,1004.2,21.1,0.0,74.0,20.5,120.0,26.1
2023-03-02 02:00:00,1004.6,21.1,0.0,82.0,18.4,110.0,24.4
2023-03-02 03:00:00,1005.4,21.2,0.0,88.0,18.4,120.0,23.3
2023-03-02 04:00:00,1005.4,21.2,0.0,88.0,18.4,120.0,23.3
2023-03-02 05:00:00,1006.3,21.7,0.0,91.0,14.8,90.0,23.3
2023-03-02 06:00:00,1005.2,21.8,0.0,94.0,11.2,80.0,22.8
2023-03-02 07:00:00,1005.2,21.8,0.0,94.0,11.2,80.0,22.8
2023-03-02 08:00:00,1004.9,21.2,0.0,94.0,13.0,20.0,22.2
2023-03-02 09:00:00,1003.7,21.2,0.0,94.0,7.6,90.0,22.2
2023-03-02 10:00:00,1002.3,20.7,0.0,94.0,14.8,100.0,21.7
2023-03-02 11:00:00,1002.1,19.9,0.0,93.0,18.4,130.0,21.1
2023-03-02 12:00:00,1001.5,20.0,0.0,90.0,20.5,120.0,21.7
2023-03-02 13:00:00,1001.5,20.0,0.0,90.0,20.5,120.0,21.7
2023-03-02 14:00:00,1002.3,20.0,0.0,90.0,16.6,130.0,21.7
2023-03-02 15:00:00,1001.7,20.7,0.0,91.0,18.4,140.0,22.2
2023-03-02 16:00:00,1001.7,20.7,0.0,91.0,18.4,140.0,22.2
2023-03-02 17:00:00,999.5,20.0,0.0,74.0,16.6,140.0,25.0
2023-03-02 18:00:00,999.5,20.0,0.0,74.0,16.6,140.0,25.0
2023-03-02 19:00:00,995.9,20.1,0.0,65.0,18.4,150.0,27.2
2023-03-02 20:00:00,994.4,20.1,0.0,59.0,22.3,140.0,28.9
2023-03-02 21:00:00,993.0,20.1,0.0,59.0,22.3,140.0,28.9
2023-03-02 22:00:00,992.2,19.5,0.0,57.0,24.1,110.0,28.9
2023-03-02 23:00:00,992.2,19.5,0.0,57.0,24.1,110.0,28.9
2023-03-03 00:00:00,991.6,20.7,0.0,77.0,25.9,130.0,25.0
2023-03-03 01:00:00,991.6,20.7,0.0,77.0,25.9,130.0,25.0
2023-03-03 02:00:00,999.0,9.3,0.0,47.0,25.9,330.0,21.1
2023-03-03 03:00:00,1001.4,8.9,6.9,72.0,25.9,320.0,17.2
2023-03-03 04:00:00,1001.4,2.4,0.0,37.0,25.9,320.0,17.2
2023-03-03 05:00:00,1004.2,-3.4,0.0,26.0,20.5,310.0,16.1
2023-03-03 06:00:00,1003.7,-5.4,0.0,24.0,22.3,330.0,15.0
2023-03-03 07:00:00,1003.6,-5.8,0.0,26.0,9.4,330.0,13.3
2023-03-03 08:00:00,1003.5,-5.8,0.0,25.0,9.4,330.0,13.9
2023-03-03 09:00:00,1003.5,-5.8,0.0,25.0,31.7,300.0,13.9
2023-03-03 10:00:00,1005.3,-7.1,0.0,22.0,33.5,270.0,14.4
2023-03-03 11:00:00,1006.3,-5.8,0.0,28.0,13.0,280.0,12.2
2023-03-03 12:00:00,1006.9,-4.4,0.0,36.0,5.4,240.0,10.0
2023-03-03 13:00:00,1007.9,-2.3,0.0,39.0,11.2,270.0,11.1
2023-03-03 14:00:00,1007.9,-2.3,0.0,39.0,11.2,270.0,11.1
2023-03-03 15:00:00,1007.6,-0.1,0.0,29.0,18.4,320.0,18.3
2023-03-03 16:00:00,1007.6,-0.1,0.0,29.0,18.4,320.0,18.3
2023-03-03 17:00:00,1007.7,-1.3,0.0,20.0,14.8,330.0,22.8
2023-03-03 18:00:00,1007.1,-0.4,0.0,20.0,14.8,310.0,23.9
2023-03-03 19:00:00,1006.2,-0.7,0.0,19.0,0.0,0.0,24.4
2023-03-03 20:00:00,1006.2,-0.7,0.0,19.0,0.0,0.0,24.4
2023-03-03 21:00:00,1005.0,1.0,0.0,20.0,14.8,280.0,25.6
2023-03-03 22:00:00,1004.9,1.2,0.0,21.0,13.0,220.0,25.0
2023-03-03 23:00:00,1004.9,1.2,0.0,21.0,13.0,220.0,25.0
2023-03-04 00:00:00,1006.1,2.4,0.0,29.0,7.6,100.0,21.1
2023-03-04 01:00:00,1006.8,3.9,0.0,37.0,5.4,100.0,18.9
2023-03-04 02:00:00,1007.7,3.9,0.0,37.0,16.6,80.0,18.9
2023-03-04 03:00:00,1008.6,4.5,0.0,43.0,11.2,80.0,17.2
2023-03-04 04:00:00,1008.6,4.5,0.0,43.0,11.2,80.0,17.2
2023-03-04 05:00:00,1009.3,5.5,0.0,57.0,5.4,110.0,13.9
2023-03-04 06:00:00,1010.0,5.6,0.0,64.0,0.0,0.0,12.2
2023-03-04 07:00:00,1010.6,6.0,0.0,71.0,0.0,0.0,11.1
2023-03-04 08:00:00,1010.6,6.0,0.0,71.0,0.0,0.0,11.1
2023-03-04 09:00:00,1010.6,6.2,0.0,77.0,0.0,0.0,10.0
2023-03-04 10:00:00,1011.2,5.6,0.0,80.0,0.0,0.0,8.9
2023-03-04 11:00:00,1011.9,5.6,0.0,86.0,0.0,0.0,7.8
2023-03-04 12:00:00,1012.9,6.1,0.0,86.0,0.0,0.0,8.3
2023-03-04 13:00:00,1012.9,6.1,0.0,86.0,0.0,0.0,8.3
2023-03-04 14:00:00,1014.3,8.8,0.0,64.0,5.4,0.0,15.6
2023-03-04 15:00:00,1014.7,8.8,0.0,54.0,7.6,140.0,18.3
2023-03-04 16:00:00,1014.8,9.0,0.0,46.0,11.2,150.0,21.1
2023-03-04 17:00:00,1014.2,7.4,0.0,36.0,13.0,160.0,23.3
2023-03-04 18:00:00,1014.2,7.4,0.0,36.0,13.0,160.0,23.3
2023-03-04 19:00:00,1012.6,6.7,0.0,29.0,14.8,180.0,26.1
2023-03-04 20:00:00,1012.0,6.0,0.0,26.0,11.2,190.0,27.2
2023-03-04 21:00:00,1012.0,5.8,0.0,24.0,9.4,170.0,28.3
2023-03-04 22:00:00,1011.4,6.0,0.0,25.0,16.6,160.0,27.8
2023-03-04 23:00:00,1011.4,6.0,0.0,25.0,16.6,160.0,27.8
2023-03-05 00:00:00,1012.5,5.7,0.0,30.0,7.6,110.0,24.4
2023-03-05 01:00:00,1012.5,5.7,0.0,30.0,7.6,110.0,24.4
2023-03-05 02:00:00,1014.1,10.1,0.0,51.0,18.4,140.0,20.6
2023-03-05 03:00:00,1014.1,10.1,0.0,51.0,18.4,140.0,20.6
2023-03-05 04:00:00,1015.6,7.8,0.0,58.0,9.4,140.0,16.1
2023-03-05 05:00:00,1015.5,10.0,0.0,72.0,9.4,150.0,15.0
2023-03-05 06:00:00,1015.4,11.1,0.0,83.0,5.4,140.0,13.9
2023-03-05 07:00:00,1015.4,11.8,0.0,87.0,0.0,0.0,13.9
2023-03-05 08:00:00,1015.4,11.8,0.0,87.0,0.0,0.0,13.9
2023-03-05 09:00:00,1015.3,11.1,0.0,96.0,0.0,0.0,11.7
2023-03-05 10:00:00,1015.7,10.0,0.0,96.0,0.0,0.0,10.6
2023-03-05 11:00:00,1015.9,10.6,0.0,97.0,0.0,0.0,11.1
2023-03-05 12:00:00,1015.9,10.6,0.0,97.0,0.0,0.0,11.1
2023-03-05 13:00:00,1016.3,12.2,0.0,100.0,0.0,0.0,12.2
2023-03-05 14:00:00,1017.5,13.9,0.0,100.0,0.0,0.0,13.9
2023-03-05 15:00:00,1018.1,14.4,0.0,96.0,7.6,90.0,15.0
2023-03-05 16:00:00,1018.1,14.4,0.0,96.0,7.6,90.0,15.0
2023-03-05 17:00:00,1016.7,15.1,0.0,64.0,13.0,160.0,22.2
2023-03-05 18:00:00,1016.7,15.1,0.0,64.0,13.0,160.0,22.2
2023-03-05 19:00:00,1014.4,12.8,0.0,45.0,13.0,160.0,25.6
2023-03-05 20:00:00,1013.3,13.2,0.0,42.0,20.5,110.0,27.2
2023-03-05 21:00:00,1012.8,11.8,0.0,37.0,13.0,150.0,27.8
2023-03-05 22:00:00,1012.8,11.8,0.0,37.0,13.0,150.0,27.8
2023-03-05 23:00:00,1012.4,12.7,0.0,42.0,22.3,110.0,26.7
2023-03-06 00:00:00,1013.2,11.2,0.0,45.0,9.4,110.0,23.9
2023-03-06 01:00:00,1013.7,11.8,0.0,50.0,14.8,120.0,22.8
2023-03-06 02:00:00,1014.6,12.8,0.0,59.0,16.6,130.0,21.1
2023-03-06 03:00:00,1014.6,12.8,0.0,59.0,16.6,130.0,21.1
2023-03-06 04:00:00,1015.1,14.5,0.0,84.0,11.2,140.0,17.2
2023-03-06 05:00:00,1015.4,15.1,0.0,90.0,11.2,140.0,16.7
2023-03-06 06:00:00,1014.8,15.5,0.0,90.0,0.0,0.0,17.2
2023-03-06 07:00:00,1014.8,16.1,0.0,90.0,0.0,0.0,17.8
2023-03-06 08:00:00,1014.8,16.1,0.0,90.0,0.0,0.0,17.8
2023-03-06 09:00:00,1014.6,16.7,0.0,93.0,5.4,110.0,17.8
2023-03-06 10:00:00,1014.6,16.7,0.0,93.0,5.4,110.0,17.8
2023-03-06 11:00:00,1014.5,16.7,0.0,93.0,5.4,100.0,17.8
2023-03-06 12:00:00,1014.5,17.2,0.0,96.0,5.4,90.0,17.8
2023-03-06 13:00:00,1014.9,17.2,0.0,96.0,0.0,0.0,17.8
2023-03-06 14:00:00,1016.3,18.2,0.0,96.0,5.4,110.0,18.9
2023-03-06 15:00:00,1016.5,18.9,0.0,90.0,5.4,150.0,20.6
2023-03-06 16:00:00,1016.2,19.0,0.0,82.0,11.2,160.0,22.2
2023-03-06 17:00:00,1015.7,18.8,0.0,71.0,9.4,210.0,24.4
2023-03-06 18:00:00,1015.7,18.8,0.0,71.0,9.4,210.0,24.4
2023-03-06 19:00:00,1013.3,17.9,0.0,57.0,11.2,200.0,27.2
2023-03-06 20:00:00,1012.8,17.3,0.0,53.0,0.0,0.0,27.8
2023-03-06 21:00:00,1012.8,17.3,0.0,53.0,0.0,0.0,27.8
2023-03-06 22:00:00,1012.1,17.2,0.0,51.0,5.4,153.0,28.3
2023-03-06 23:00:00,1011.7,17.3,0.0,53.0,14.8,130.0,27.8
2023-03-07 00:00:00,1011.9,16.6,0.0,56.0,7.6,80.0,26.1
2023-03-07 01:00:00,1012.3,16.7,0.0,60.0,5.4,80.0,25.0
2023-03-07 02:00:00,1013.1,17.7,0.0,71.0,18.4,140.0,23.3
2023-03-07 03:00:00,1013.1,17.7,0.0,71.0,18.4,140.0,23.3
2023-03-07 04:00:00,1013.7,19.4,0.0,90.0,11.2,150.0,21.1
2023-03-07 05:00:00,1013.5,18.9,0.0,90.0,5.4,90.0,20.6
2023-03-07 06:00:00,1013.4,18.8,0.0,93.0,0.0,0.0,20.0
2023-03-07 07:00:00,1013.6,18.2,0.0,96.0,5.4,70.0,18.9
2023-03-07 08:00:00,1013.6,18.2,0.0,96.0,5.4,70.0,18.9
2023-03-07 09:00:00,1013.1,19.4,0.0,100.0,7.6,100.0,19.4
2023-03-07 10:00:00,1013.1,19.3,0.0,96.0,9.4,140.0,20.0
2023-03-07 11:00:00,1013.3,20.0,0.0,100.0,7.6,140.0,20.0
2023-03-07 12:00:00,1013.3,20.0,0.0,100.0,7.6,140.0,20.0
2023-03-07 13:00:00,1013.3,19.9,0.0,96.0,0.0,0.0,20.6
2023-03-07 14:00:00,1014.7,20.6,0.0,97.0,0.0,0.0,21.1
2023-03-07 15:00:00,1014.9,21.2,0.0,94.0,11.2,140.0,22.2
2023-03-07 16:00:00,1014.9,21.2,0.0,94.0,11.2,140.0,22.2
2023-03-07 17:00:00,1016.0,21.0,0.0,84.0,0.0,0.0,23.9
2023-03-07 18:00:00,1013.5,20.7,0.0,72.0,13.0,120.0,26.1
2023-03-07 19:00:00,1012.6,20.7,0.0,72.0,13.0,110.0,26.1
2023-03-07 20:00:00,1011.7,20.5,0.0,67.0,11.2,130.0,27.2
2023-03-07 21:00:00,1011.0,20.6,0.0,63.0,13.0,90.0,28.3
2023-03-07 22:00:00,1011.0,20.6,0.0,63.0,13.0,90.0,28.3
2023-03-07 23:00:00,1010.7,19.5,0.0,59.0,11.2,90.0,28.3
2023-03-08 00:00:00,1010.7,19.5,0.0,59.0,11.2,90.0,28.3
2023-03-08 01:00:00,1012.3,20.0,0.0,74.0,22.3,120.0,25.0
2023-03-08 02:00:00,1012.3,20.0,0.0,74.0,22.3,120.0,25.0
2023-03-08 03:00:00,1013.7,20.0,0.0,84.0,13.0,110.0,22.8
2023-03-08 04:00:00,1013.9,19.4,0.0,87.0,13.0,120.0,21.7
2023-03-08 05:00:00,1013.9,19.4,0.0,87.0,13.0,120.0,21.7
2023-03-08 06:00:00,1014.1,18.8,0.0,93.0,11.2,120.0,20.0
2023-03-08 07:00:00,1014.1,18.8,0.0,93.0,11.2,120.0,20.0
2023-03-08 08:00:00,1013.9,19.3,0.0,96.0,13.0,140.0,20.0
2023-03-08 09:00:00,1014.2,19.4,0.0,93.0,5.4,170.0,20.6
2023-03-08 10:00:00,1014.1,18.9,0.0,90.0,5.4,80.0,20.6
2023-03-08 11:00:00,1014.5,19.4,0.0,93.0,13.0,50.0,20.6
2023-03-08 12:00:00,1014.5,19.4,0.0,93.0,13.0,50.0,20.6
2023-03-08 13:00:00,1015.8,18.9,0.0,90.0,9.4,70.0,20.6
2023-03-08 14:00:00,1016.2,19.4,0.0,84.0,11.2,80.0,22.2
2023-03-08 15:00:00,1016.7,19.5,0.0,79.0,20.5,120.0,23.3
2023-03-08 16:00:00,1016.6,18.2,0.0,66.0,22.3,120.0,25.0
2023-03-08 17:00:00,1016.6,18.2,0.0,66.0,22.3,120.0,25.0
2023-03-08 18:00:00,1015.1,17.8,0.0,53.0,18.4,160.0,28.3
2023-03-08 19:00:00,1014.1,17.9,0.0,55.0,13.0,150.0,27.8
2023-03-08 20:00:00,1013.3,17.1,0.0,49.0,16.6,120.0,28.9
2023-03-08 21:00:00,1013.3,17.1,0.0,49.0,16.6,120.0,28.9
2023-03-08 22:00:00,1012.1,15.8,0.0,45.0,25.9,130.0,28.9
2023-03-08 23:00:00,1012.1,15.8,0.0,45.0,25.9,130.0,28.9
2023-03-09 00:00:00,1013.5,17.2,0.0,58.0,20.5,140.0,26.1
2023-03-09 01:00:00,1013.5,17.2,0.0,64.0,24.1,130.0,24.4
2023-03-09 02:00:00,1014.5,18.4,0.0,74.0,16.6,130.0,23.3
2023-03-09 03:00:00,1014.5,18.4,0.0,74.0,16.6,130.0,23.3
2023-03-09 04:00:00,1014.8,19.4,0.0,84.0,18.4,140.0,22.2
2023-03-09 05:00:00,1015.0,19.4,0.0,87.0,14.8,140.0,21.7
2023-03-09 06:00:00,1014.9,19.4,0.0,87.0,14.8,150.0,21.7
2023-03-09 07:00:00,1014.9,19.4,0.0,87.0,14.8,150.0,21.7
2023-03-09 08:00:00,1014.5,19.4,0.0,87.0,11.2,170.0,21.7
2023-03-09 09:00:00,1014.0,19.4,0.0,87.0,7.6,150.0,21.7
2023-03-09 10:00:00,1013.9,19.4,0.0,90.0,5.4,140.0,21.1
2023-03-09 11:00:00,1013.9,19.4,0.0,90.0,5.4,140.0,21.1
2023-03-09 12:00:00,1014.0,19.4,0.0,93.0,5.4,110.0,20.6
2023-03-09 13:00:00,1014.9,19.9,0.0,96.0,5.4,130.0,20.6
2023-03-09 14:00:00,1014.9,19.9,0.0,96.0,5.4,130.0,20.6
2023-03-09 15:00:00,1014.9,20.5,0.0,87.0,11.2,140.0,22.8
2023-03-09 16:00:00,1015.0,18.3,0.0,64.0,18.4,190.0,25.6
2023-03-09 17:00:00,1015.0,18.3,0.0,64.0,27.7,190.0,25.6
2023-03-09 18:00:00,1013.2,17.8,0.0,51.0,22.3,200.0,28.9
2023-03-09 19:00:00,1012.3,17.2,0.0,48.0,25.9,160.0,29.4
2023-03-09 20:00:00,1011.9,16.6,0.0,46.0,18.4,170.0,29.4
2023-03-09 21:00:00,1011.9,16.6,0.0,46.0,18.4,170.0,29.4
2023-03-09 22:00:00,1011.2,16.1,0.0,46.0,16.6,140.0,28.9
2023-03-09 23:00:00,1011.7,16.6,0.0,49.0,18.4,130.0,28.3
2023-03-10 00:00:00,1012.4,17.8,0.0,58.0,20.5,130.0,26.7
2023-03-10 01:00:00,1013.3,16.7,0.0,60.0,20.5,130.0,25.0
2023-03-10 02:00:00,1013.3,16.7,0.0,60.0,20.5,130.0,25.0
2023-03-10 03:00:00,1015.2,17.8,0.0,76.0,9.4,130.0,22.2
2023-03-10 04:00:00,1014.6,18.3,0.0,81.0,14.8,140.0,21.7
2023-03-10 05:00:00,1015.2,18.3,0.0,84.0,7.6,110.0,21.1
2023-03-10 06:00:00,1015.2,18.3,0.0,84.0,7.6,110.0,21.1
2023-03-10 07:00:00,1015.2,18.3,0.0,90.0,0.0,0.0,20.0
2023-03-10 08:00:00,1016.2,19.4,0.0,90.0,11.2,20.0,21.1
2023-03-10 09:00:00,1016.2,18.9,0.0,87.0,13.0,60.0,21.1
2023-03-10 10:00:00,1016.3,16.1,0.0,81.0,20.5,40.0,19.4
2023-03-10 11:00:00,1016.3,16.1,0.0,81.0,20.5,40.0,19.4
2023-03-10 12:00:00,1016.8,15.6,0.0,81.0,14.8,30.0,18.9
2023-03-10 13:00:00,1017.8,13.9,0.0,78.0,20.5,50.0,17.8
2023-03-10 14:00:00,1018.5,13.3,0.0,75.0,14.8,20.0,17.8
2023-03-10 15:00:00,1019.0,13.3,0.0,75.0,20.5,50.0,17.8
2023-03-10 16:00:00,1019.7,13.3,0.0,75.0,22.3,30.0,17.8
2023-03-10 17:00:00,1019.7,13.3,0.0,75.0,22.3,30.0,17.8
2023-03-10 18:00:00,1017.7,14.3,0.0,61.0,11.2,50.0,22.2
2023-03-10 19:00:00,1016.2,15.7,0.0,60.0,11.2,40.0,23.9
2023-03-10 20:00:00,1014.8,15.6,0.0,56.0,7.6,120.0,25.0
2023-03-10 21:00:00,1014.8,15.6,0.0,56.0,7.6,120.0,25.0
2023-03-10 22:00:00,1012.5,14.9,0.0,50.0,5.4,90.0,26.1
2023-03-10 23:00:00,1012.0,15.5,0.0,52.0,11.2,120.0,26.1
2023-03-11 00:00:00,1012.1,15.6,0.0,62.0,7.6,150.0,23.3
2023-03-11 01:00:00,1012.0,16.0,0.0,68.0,7.6,150.0,22.2
2023-03-11 02:00:00,1012.0,16.0,0.0,68.0,7.6,150.0,22.2
2023-03-11 03:00:00,1012.7,16.1,0.0,73.0,5.4,110.0,21.1
2023-03-11 04:00:00,1012.6,15.6,0.0,81.0,7.6,110.0,18.9
2023-03-11 05:00:00,1012.1,16.1,0.0,84.0,7.6,130.0,18.9
2023-03-11 06:00:00,1012.1,16.1,0.0,84.0,7.6,130.0,18.9
2023-03-11 07:00:00,1011.5,17.2,0.0,90.0,9.4,150.0,18.9
2023-03-11 08:00:00,1010.7,18.8,0.0,93.0,22.3,170.0,20.0
2023-03-11 09:00:00,1010.0,18.9,0.0,90.0,11.2,180.0,20.6
2023-03-11 10:00:00,1009.7,18.9,0.0,90.0,11.2,190.0,20.6
2023-03-11 11:00:00,1009.7,18.9,0.0,90.0,11.2,190.0,20.6
2023-03-11 12:00:00,1009.3,18.8,0.0,93.0,9.4,190.0,20.0
2023-03-11 13:00:00,1009.9,18.9,0.0,90.0,9.4,190.0,20.6
2023-03-11 14:00:00,1009.7,19.0,0.0,82.0,18.4,190.0,22.2
2023-03-11 15:00:00,1009.6,18.8,0.0,71.0,18.4,210.0,24.4
2023-03-11 16:00:00,1008.7,18.8,0.0,62.0,14.8,200.0,26.7
2023-03-11 17:00:00,1008.7,18.8,0.0,62.0,14.8,200.0,26.7
2023-03-11 18:00:00,1006.4,18.3,0.0,48.0,20.5,230.0,30.6
2023-03-11 19:00:00,1004.8,18.4,0.0,44.0,22.3,240.0,32.2
2023-03-11 20:00:00,1003.4,17.9,0.0,40.0,22.3,220.0,33.3
2023-03-11 21:00:00,1003.4,17.9,0.0,40.0,22.3,220.0,33.3
2023-03-11 22:00:00,1002.3,17.1,0.0,38.0,14.8,210.0,33.3
2023-03-11 23:00:00,1002.4,16.9,0.0,40.0,14.8,210.0,32.2
2023-03-12 00:00:00,1002.8,17.1,0.0,46.0,9.4,190.0,30.0
2023-03-12 01:00:00,1003.3,17.2,0.0,56.0,9.4,160.0,26.7
2023-03-12 02:00:00,1003.3,17.2,0.0,56.0,9.4,160.0,26.7
2023-03-12 03:00:00,1004.3,19.4,0.0,71.0,14.8,150.0,25.0
2023-03-12 04:00:00,1004.1,19.5,0.0,79.0,9.4,150.0,23.3
2023-03-12 05:00:00,1004.3,19.4,0.0,84.0,0.0,0.0,22.2
2023-03-12 06:00:00,1004.1,18.9,0.0,87.0,5.4,150.0,21.1
2023-03-12 07:00:00,1004.1,18.9,0.0,87.0,5.4,150.0,21.1
2023-03-12 08:00:00,1004.3,18.8,0.0,93.0,5.4,330.0,20.0
2023-03-12 09:00:00,1004.2,18.2,0.0,93.0,7.6,170.0,19.4
2023-03-12 10:00:00,1004.7,17.8,0.0,97.0,0.0,0.0,18.3
2023-03-12 11:00:00,1005.3,17.8,0.0,97.0,5.4,300.0,18.3
2023-03-12 12:00:00,1005.3,17.8,0.0,97.0,5.4,300.0,18.3
2023-03-12 13:00:00,1006.8,17.2,0.0,81.0,13.0,350.0,20.6
2023-03-12 14:00:00,1007.9,9.4,0.0,44.0,16.6,350.0,22.2
2023-03-12 15:00:00,1008.5,10.6,0.0,43.0,18.4,350.0,23.9
2023-03-12 16:00:00,1008.5,10.6,0.0,43.0,18.4,350.0,23.9
2023-03-12 17:00:00,1008.6,10.4,0.0,35.0,16.6,350.0,27.2
2023-03-12 18:00:00,1007.9,10.0,0.0,32.0,18.4,330.0,28.3
2023-03-12 19:00:00,1007.1,9.5,0.0,28.0,25.9,340.0,30.0
2023-03-12 20:00:00,1006.9,8.9,0.0,26.0,22.3,340.0,30.6
2023-03-12 21:00:00,1006.9,8.9,0.0,26.0,22.3,340.0,30.6
2023-03-12 22:00:00,1007.8,8.5,0.0,27.0,22.3,10.0,29.4
2023-03-12 23:00:00,1008.4,7.7,0.0,30.0,24.1,10.0,26.7
2023-03-13 00:00:00,1009.8,9.6,0.0,39.0,18.4,20.0,24.4
2023-03-13 01:00:00,1011.7,10.0,0.0,46.0,22.3,30.0,22.2
2023-03-13 02:00:00,1011.7,10.0,0.0,46.0,22.3,30.0,22.2
2023-03-13 03:00:00,1014.2,8.4,0.0,49.0,22.3,40.0,19.4
2023-03-13 04:00:00,1014.9,7.8,0.0,52.0,24.1,40.0,17.8
2023-03-13 05:00:00,1015.6,7.3,0.0,54.0,13.0,70.0,16.7
2023-03-13 06:00:00,1015.6,7.3,0.0,54.0,13.0,70.0,16.7
2023-03-13 07:00:00,1016.4,5.1,0.0,48.0,7.6,40.0,16.1
2023-03-13 08:00:00,1016.2,4.3,0.0,47.0,22.3,40.0,15.6
2023-03-13 09:00:00,1016.2,4.4,0.0,49.0,18.4,40.0,15.0
2023-03-13 10:00:00,1017.2,4.4,0.0,51.0,14.8,20.0,14.4
2023-03-13 11:00:00,1017.2,4.4,0.0,51.0,14.8,20.0,14.4
2023-03-13 12:00:00,1020.0,5.5,0.0,57.0,18.4,20.0,13.9
2023-03-13 13:00:00,1020.5,5.7,0.0,60.0,25.9,40.0,13.3
2023-03-13 14:00:00,1020.1,5.0,0.0,57.0,29.5,40.0,13.3
2023-03-13 15:00:00,1020.6,3.9,0.0,51.0,27.7,60.0,13.9
2023-03-13 16:00:00,1021.0,2.3,0.0,44.0,22.3,70.0,14.4
2023-03-13 17:00:00,1021.0,2.3,0.0,44.0,22.3,70.0,14.4
2023-03-13 18:00:00,1019.7,2.2,0.0,34.0,22.3,80.0,18.3
2023-03-13 19:00:00,1018.5,1.8,0.0,31.0,20.5,70.0,19.4
2023-03-13 20:00:00,1017.5,2.4,0.0,29.0,13.0,60.0,21.1
2023-03-13 21:00:00,1017.5,2.4,0.0,29.0,13.0,60.0,21.1
2023-03-13 22:00:00,1016.9,0.9,0.0,27.0,13.0,70.0,20.6
2023-03-13 23:00:00,1017.4,0.9,0.0,28.0,13.0,70.0,20.0
2023-03-14 00:00:00,1017.9,1.8,0.0,31.0,14.8,100.0,19.4
2023-03-14 01:00:00,1017.9,1.8,0.0,31.0,14.8,100.0,19.4
2023-03-14 02:00:00,1018.8,3.4,0.0,37.0,11.2,90.0,18.3
2023-03-14 03:00:00,1019.7,4.9,0.0,49.0,7.6,110.0,15.6
2023-03-14 04:00:00,1020.1,5.5,0.0,57.0,5.4,120.0,13.9
2023-03-14 05:00:00,1020.1,5.5,0.0,57.0,5.4,120.0,13.9
2023-03-14 06:00:00,1020.2,6.2,0.0,69.0,0.0,0.0,11.7
2023-03-14 07:00:00,1020.0,6.2,0.0,74.0,5.4,60.0,10.6
2023-03-14 08:00:00,1020.0,6.2,0.0,74.0,5.4,60.0,10.6
2023-03-14 09:00:00,1020.0,4.0,0.0,59.0,13.0,50.0,11.7
2023-03-14 10:00:00,1020.3,3.2,0.0,56.0,9.4,20.0,11.7
2023-03-14 11:00:00,1020.3,3.2,0.0,56.0,9.4,20.0,11.7
2023-03-14 12:00:00,1022.0,3.4,0.0,59.0,9.4,30.0,11.1
2023-03-14 13:00:00,1021.9,4.4,0.0,59.0,22.3,50.0,12.2
2023-03-14 14:00:00,1022.1,4.5,0.0,53.0,16.6,70.0,13.9
2023-03-14 15:00:00,1022.5,5.7,0.0,50.0,18.4,80.0,16.1
2023-03-14 16:00:00,1022.7,6.6,0.0,48.0,20.5,80.0,17.8
2023-03-14 17:00:00,1022.0,7.8,0.0,47.0,18.4,70.0,19.4
2023-03-14 18:00:00,1022.0,7.8,0.0,47.0,18.4,70.0,19.4
2023-03-14 19:00:00,1020.4,8.4,0.0,44.0,20.5,120.0,21.1
2023-03-14 20:00:00,1020.4,8.4,0.0,44.0,20.5,120.0,21.1
2023-03-14 21:00:00,1020.1,7.9,0.0,44.0,13.0,110.0,20.6
2023-03-14 22:00:00,1020.8,6.0,0.0,40.0,20.5,130.0,20.0
2023-03-14 23:00:00,1021.6,6.2,0.0,42.0,14.8,120.0,19.4
2023-03-15 00:00:00,1021.6,4.5,0.0,40.0,14.8,80.0,18.3
2023-03-15 01:00:00,1021.6,4.5,0.0,40.0,14.8,80.0,18.3
2023-03-15 02:00:00,1022.4,4.5,0.0,43.0,16.6,100.0,17.2
2023-03-15 03:00:00,1022.7,4.1,0.0,43.0,9.4,110.0,16.7
2023-03-15 04:00:00,1022.8,4.5,0.0,46.0,13.0,110.0,16.1
2023-03-15 05:00:00,1023.0,5.5,0.0,51.0,13.0,130.0,15.6
2023-03-15 06:00:00,1023.0,5.5,0.0,51.0,13.0,130.0,15.6
2023-03-15 07:00:00,1022.8,6.8,0.0,58.0,7.6,110.0,15.0
2023-03-15 08:00:00,1022.1,4.9,0.0,53.0,9.4,110.0,14.4
2023-03-15 09:00:00,1021.8,6.0,0.0,57.0,7.6,90.0,14.4
2023-03-15 10:00:00,1021.8,6.0,0.0,57.0,7.6,90.0,14.4
2023-03-15 11:00:00,1021.5,6.2,0.0,62.0,0.0,0.0,13.3
2023-03-15 12:00:00,1021.5,6.2,0.0,62.0,0.0,0.0,13.3
2023-03-15 13:00:00,1021.7,6.2,0.0,62.0,7.6,90.0,13.3
2023-03-15 14:00:00,1022.4,7.8,0.0,62.0,16.6,90.0,15.0
2023-03-15 15:00:00,1022.4,7.8,0.0,62.0,16.6,90.0,15.0
2023-03-15 16:00:00,1021.5,10.7,0.0,59.0,18.4,120.0,18.9
2023-03-15 17:00:00,1021.5,10.7,0.0,59.0,18.4,120.0,18.9
2023-03-15 18:00:00,1020.5,11.8,0.0,57.0,22.3,130.0,20.6
2023-03-15 19:00:00,1017.8,13.3,0.0,59.0,18.4,140.0,21.7
2023-03-15 20:00:00,1017.8,13.3,0.0,59.0,18.4,140.0,21.7
2023-03-15 21:00:00,1015.9,13.8,0.0,57.0,22.3,150.0,22.8
2023-03-15 22:00:00,1015.6,13.8,0.0,59.0,20.5,150.0,22.2
2023-03-15 23:00:00,1015.6,13.8,0.0,59.0,20.5,150.0,22.2
2023-03-16 00:00:00,1015.2,14.3,0.0,61.0,22.3,160.0,22.2
2023-03-16 01:00:00,1015.1,14.5,0.0,66.0,25.9,150.0,21.1
2023-03-16 02:00:00,1015.4,14.5,0.0,68.0,27.7,140.0,20.6
2023-03-16 03:00:00,1015.9,15.0,0.0,73.0,27.7,140.0,20.0
2023-03-16 04:00:00,1014.8,15.7,0.0,79.0,18.4,150.0,19.4
2023-03-16 05:00:00,1014.8,15.7,0.0,79.0,18.4,150.0,19.4
2023-03-16 06:00:00,1012.6,16.1,0.0,84.0,18.4,130.0,18.9
2023-03-16 07:00:00,1012.6,16.1,0.0,84.0,18.4,130.0,18.9
2023-03-16 08:00:00,1011.2,16.7,0.0,87.0,11.2,130.0,18.9
2023-03-16 09:00:00,1011.2,16.7,0.0,87.0,11.2,130.0,18.9
2023-03-16 10:00:00,1010.5,16.7,0.0,87.0,11.2,120.0,18.9
2023-03-16 11:00:00,1009.8,18.9,0.0,97.0,0.0,0.0,19.4
2023-03-16 12:00:00,1010.0,18.2,0.1,93.0,11.2,150.0,19.4
2023-03-16 13:00:00,1010.1,19.4,0.3,100.0,13.0,140.0,19.4
2023-03-16 14:00:00,1010.1,19.4,0.8,100.0,13.0,140.0,19.4
2023-03-16 15:00:00,1010.6,20.0,0.3,100.0,5.4,180.0,20.0
2023-03-16 16:00:00,1010.6,20.0,0.5,100.0,5.4,180.0,20.0
2023-03-16 17:00:00,1009.2,20.6,0.5,85.0,16.6,160.0,23.3
2023-03-16 18:00:00,1009.2,20.6,0.0,85.0,16.6,160.0,23.3
2023-03-16 19:00:00,1006.5,20.1,0.0,65.0,18.4,190.0,27.2
2023-03-16 20:00:00,1006.5,20.1,0.0,65.0,18.4,190.0,27.2
2023-03-16 21:00:00,1004.1,18.4,0.0,50.0,16.6,130.0,30.0
2023-03-16 22:00:00,1004.0,16.6,0.0,46.0,13.0,190.0,29.4
2023-03-16 23:00:00,1004.0,16.6,0.0,46.0,13.0,190.0,29.4
2023-03-17 00:00:00,1004.3,17.2,0.0,51.0,5.4,190.0,28.3
2023-03-17 01:00:00,1004.9,20.5,0.0,79.0,11.2,130.0,24.4
2023-03-17 02:00:00,1004.9,20.5,0.0,79.0,11.2,130.0,24.4
2023-03-17 03:00:00,1005.8,20.5,0.0,87.0,7.6,160.0,22.8
2023-03-17 04:00:00,1005.8,20.5,0.0,87.0,7.6,160.0,22.8
2023-03-17 05:00:00,1007.6,20.5,0.0,87.0,13.0,30.0,22.8
2023-03-17 06:00:00,1010.2,11.2,1.0,87.0,37.1,20.0,13.3
2023-03-17 07:00:00,1013.4,7.3,9.4,80.0,29.5,10.0,10.6
2023-03-17 08:00:00,1013.0,5.0,0.3,71.0,29.5,10.0,10.0
2023-03-17 09:00:00,1014.2,3.4,0.3,66.0,20.5,360.0,9.4
2023-03-17 10:00:00,1014.2,3.4,0.0,66.0,20.5,360.0,9.4
2023-03-17 11:00:00,1017.0,2.1,0.0,65.0,27.7,10.0,8.3
2023-03-17 12:00:00,1019.3,3.3,0.0,76.0,20.5,360.0,7.2
2023-03-17 13:00:00,1020.2,1.6,0.3,65.0,20.5,360.0,7.8
2023-03-17 14:00:00,1020.2,1.6,0.0,65.0,37.1,10.0,7.8
2023-03-17 15:00:00,1021.8,-1.1,0.0,46.0,16.6,20.0,10.0
2023-03-17 16:00:00,1021.7,-2.3,0.0,39.0,27.7,350.0,11.1
2023-03-17 17:00:00,1022.1,-2.1,0.0,37.0,20.5,350.0,12.2
2023-03-17 18:00:00,1021.4,-2.2,0.0,34.0,18.4,10.0,13.3
2023-03-17 19:00:00,1021.4,-2.2,0.0,34.0,18.4,10.0,13.3
2023-03-17 20:00:00,1019.7,-2.7,0.0,34.0,16.6,20.0,12.8
2023-03-17 21:00:00,1018.8,-3.9,0.0,27.0,16.6,30.0,15.0
2023-03-17 22:00:00,1018.1,-4.9,0.0,25.0,16.6,30.0,15.0
2023-03-17 23:00:00,1017.8,-4.4,0.0,26.0,20.5,30.0,15.0
2023-03-18 00:00:00,1017.8,-4.4,0.0,26.0,20.5,30.0,15.0
2023-03-18 01:00:00,1019.7,-3.9,0.0,30.0,7.6,40.0,13.3
2023-03-18 02:00:00,1021.0,-3.5,0.0,31.0,11.2,30.0,13.3
2023-03-18 03:00:00,1021.0,-3.5,0.0,31.0,11.2,30.0,13.3
2023-03-18 04:00:00,1021.1,0.0,0.0,48.0,14.8,30.0,10.6
2023-03-18 05:00:00,1021.1,0.0,0.5,48.0,14.8,30.0,10.6
2023-03-18 06:00:00,1023.7,5.6,0.5,83.0,7.6,240.0,8.3
2023-03-18 07:00:00,1024.4,3.3,0.5,71.0,7.6,10.0,8.3
2023-03-18 08:00:00,1025.3,2.3,0.8,71.0,14.8,30.0,7.2
2023-03-18 09:00:00,1024.4,3.3,0.8,82.0,22.3,20.0,6.1
2023-03-18 10:00:00,1024.4,3.3,1.3,82.0,22.3,20.0,6.1
2023-03-18 11:00:00,1024.5,3.9,1.5,89.0,9.4,60.0,5.6
2023-03-18 12:00:00,1024.5,3.9,2.0,89.0,9.4,60.0,5.6
2023-03-18 13:00:00,1026.5,3.9,1.3,86.0,9.4,30.0,6.1
2023-03-18 14:00:00,1027.2,3.3,1.3,79.0,11.2,70.0,6.7
2023-03-18 15:00:00,1027.2,3.3,0.8,79.0,11.2,70.0,6.7
2023-03-18 16:00:00,1028.6,3.9,0.4,74.0,13.0,170.0,8.3
2023-03-18 17:00:00,1028.8,5.1,0.2,77.0,7.6,200.0,8.9
2023-03-18 18:00:00,1028.2,4.4,0.0,71.0,7.6,220.0,9.4
2023-03-18 19:00:00,1028.2,4.4,0.0,71.0,7.6,220.0,9.4
2023-03-18 20:00:00,1027.8,2.8,0.0,61.0,9.4,350.0,10.0
2023-03-18 21:00:00,1028.5,0.0,0.0,52.0,18.4,10.0,9.4
2023-03-18 22:00:00,1028.5,0.6,0.3,56.0,14.8,70.0,8.9
2023-03-18 23:00:00,1029.1,0.6,0.2,56.0,7.6,50.0,8.9
2023-03-19 00:00:00,1029.1,0.6,0.0,56.0,7.6,50.0,8.9
2023-03-19 01:00:00,1030.3,3.3,0.0,71.0,9.4,270.0,8.3
2023-03-19 02:00:00,1030.4,3.9,0.0,74.0,7.6,280.0,8.3
2023-03-19 03:00:00,1031.0,3.8,0.0,76.0,5.4,310.0,7.8
2023-03-19 04:00:00,1030.7,3.8,0.0,76.0,9.4,310.0,7.8
2023-03-19 05:00:00,1030.7,3.8,0.0,76.0,9.4,310.0,7.8
2023-03-19 06:00:00,1031.3,3.8,0.0,76.0,7.6,300.0,7.8
2023-03-19 07:00:00,1031.2,3.3,0.0,76.0,7.6,300.0,7.2
2023-03-19 08:00:00,1031.4,3.3,0.0,76.0,7.6,310.0,7.2
2023-03-19 09:00:00,1031.4,3.3,0.0,76.0,7.6,310.0,7.2
2023-03-19 10:00:00,1031.4,4.3,0.0,82.0,0.0,0.0,7.2
2023-03-19 11:00:00,1032.1,3.8,0.0,76.0,0.0,0.0,7.8
2023-03-19 12:00:00,1032.7,4.4,0.0,85.0,0.0,0.0,6.7
2023-03-19 13:00:00,1033.1,3.8,0.0,76.0,11.2,360.0,7.8
2023-03-19 14:00:00,1033.1,3.8,0.0,76.0,11.2,360.0,7.8
2023-03-19 15:00:00,1034.5,0.5,0.0,48.0,14.8,110.0,11.1
2023-03-19 16:00:00,1034.6,-0.1,0.0,46.0,0.0,0.0,11.1
2023-03-19 17:00:00,1033.8,-0.7,0.0,41.0,0.0,0.0,12.2
2023-03-19 18:00:00,1032.3,0.2,0.0,39.0,7.6,0.0,13.9
2023-03-19 19:00:00,1032.3,0.2,0.0,39.0,7.6,180.0,13.9
2023-03-19 20:00:00,1031.2,0.6,0.0,39.0,9.4,180.0,14.4
2023-03-19 21:00:00,1029.1,1.1,0.0,39.0,14.8,190.0,15.0
2023-03-19 22:00:00,1028.6,0.6,0.0,39.0,7.6,170.0,14.4
2023-03-19 23:00:00,1028.6,0.6,0.0,39.0,7.6,170.0,14.4
2023-03-20 00:00:00,1028.3,1.8,0.0,49.0,7.6,170.0,12.2
2023-03-20 01:00:00,1028.2,2.9,0.0,59.0,13.0,190.0,10.6
2023-03-20 02:00:00,1028.4,3.3,0.0,63.0,11.2,210.0,10.0
2023-03-20 03:00:00,1028.4,3.3,0.0,63.0,11.2,210.0,10.0
2023-03-20 04:00:00,1029.0,3.3,0.0,68.0,7.6,210.0,8.9
2023-03-20 05:00:00,1027.7,2.9,0.0,71.0,0.0,0.0,7.8
2023-03-20 06:00:00,1027.6,3.3,0.0,85.0,0.0,0.0,5.6
2023-03-20 07:00:00,1027.3,3.8,0.0,76.0,0.0,0.0,7.8
2023-03-20 08:00:00,1026.5,4.4,0.0,79.0,0.0,0.0,7.8
2023-03-20 09:00:00,1025.7,4.3,0.0,76.0,0.0,0.0,8.3
2023-03-20 10:00:00,1025.7,4.3,0.0,76.0,0.0,0.0,8.3
2023-03-20 11:00:00,1025.8,5.1,0.0,83.0,5.4,120.0,7.8
2023-03-20 12:00:00,1025.6,5.1,0.0,80.0,5.4,130.0,8.3
2023-03-20 13:00:00,1025.6,5.1,0.0,80.0,5.4,150.0,8.3
2023-03-20 14:00:00,1025.6,5.1,0.0,80.0,5.4,150.0,8.3
2023-03-20 15:00:00,1025.8,4.0,0.0,59.0,13.0,150.0,11.7
2023-03-20 16:00:00,1026.0,2.9,0.0,53.0,13.0,140.0,12.2
2023-03-20 17:00:00,1025.4,4.0,0.0,55.0,16.6,140.0,12.8
2023-03-20 18:00:00,1025.4,4.0,0.0,55.0,16.6,140.0,12.8
2023-03-20 19:00:00,1022.7,5.7,0.0,60.0,18.4,140.0,13.3
2023-03-20 20:00:00,1021.2,6.0,0.0,59.0,22.3,140.0,13.9
2023-03-20 21:00:00,1021.2,6.0,0.0,59.0,22.3,140.0,13.9
2023-03-20 22:00:00,1020.4,7.2,0.0,64.0,11.2,140.0,13.9
2023-03-20 23:00:00,1019.7,7.9,0.0,67.0,14.8,130.0,13.9
2023-03-21 00:00:00,1019.2,11.0,0.0,89.0,5.4,140.0,12.8
2023-03-21 01:00:00,1019.2,11.0,0.0,89.0,5.4,140.0,12.8
2023-03-21 02:00:00,1018.7,11.7,0.0,97.0,16.6,130.0,12.2
2023-03-21 03:00:00,1019.6,12.2,0.0,100.0,9.4,130.0,12.2
2023-03-21 04:00:00,1019.6,12.2,0.3,100.0,9.4,130.0,12.2
2023-03-21 05:00:00,1018.0,12.8,0.0,100.0,16.6,130.0,12.8
2023-03-21 06:00:00,1017.3,13.3,0.0,100.0,11.2,120.0,13.3
2023-03-21 07:00:00,1017.3,13.3,0.0,100.0,11.2,120.0,13.3
2023-03-21 08:00:00,1016.6,14.4,0.0,100.0,11.2,140.0,14.4
2023-03-21 09:00:00,1016.0,14.4,0.0,100.0,0.0,0.0,14.4
2023-03-21 10:00:00,1015.5,15.0,0.0,100.0,5.4,130.0,15.0
2023-03-21 11:00:00,1015.5,15.0,0.3,100.0,5.4,130.0,15.0
2023-03-21 12:00:00,1015.5,15.0,0.3,100.0,9.4,140.0,15.0
2023-03-21 13:00:00,1016.2,15.6,0.8,100.0,9.4,130.0,15.6
2023-03-21 14:00:00,1016.6,16.7,0.0,100.0,11.2,150.0,16.7
2023-03-21 15:00:00,1016.8,17.2,0.3,96.0,13.0,150.0,17.8
2023-03-21 16:00:00,1016.8,17.2,0.3,96.0,13.0,150.0,17.8
2023-03-21 17:00:00,1016.2,18.9,0.5,97.0,13.0,170.0,19.4
2023-03-21 18:00:00,1016.2,18.9,0.0,97.0,13.0,170.0,19.4
2023-03-21 19:00:00,1013.9,19.3,0.8,96.0,13.0,180.0,20.0
2023-03-21 20:00:00,1013.9,19.9,0.5,87.0,16.6,180.0,22.2
2023-03-21 21:00:00,1014.0,19.9,0.2,87.0,16.6,180.0,22.2
2023-03-21 22:00:00,1012.5,20.0,0.0,84.0,22.3,140.0,22.8
2023-03-21 23:00:00,1012.6,19.9,0.0,87.0,18.4,140.0,22.2
2023-03-22 00:00:00,1012.6,19.9,0.0,87.0,18.4,140.0,22.2
2023-03-22 01:00:00,1015.0,19.9,0.0,93.0,16.6,130.0,21.1
2023-03-22 02:00:00,1014.6,19.4,0.0,90.0,14.8,140.0,21.1
2023-03-22 03:00:00,1015.2,19.4,0.0,90.0,14.8,150.0,21.1
2023-03-22 04:00:00,1015.3,19.9,0.0,93.0,16.6,150.0,21.1
2023-03-22 05:00:00,1015.6,19.9,0.0,93.0,16.6,160.0,21.1
2023-03-22 06:00:00,1015.6,19.9,0.0,93.0,16.6,160.0,21.1
2023-03-22 07:00:00,1015.2,19.9,0.0,93.0,11.2,160.0,21.1
2023-03-22 08:00:00,1014.7,19.9,0.0,93.0,11.2,150.0,21.1
2023-03-22 09:00:00,1014.5,19.9,0.0,93.0,11.2,160.0,21.1
2023-03-22 10:00:00,1014.4,19.9,0.0,93.0,9.4,150.0,21.1
2023-03-22 11:00:00,1014.4,19.9,0.0,93.0,9.4,150.0,21.1
2023-03-22 12:00:00,1015.6,19.9,0.0,93.0,11.2,150.0,21.1
2023-03-22 13:00:00,1016.3,19.9,0.0,93.0,13.0,150.0,21.1
2023-03-22 14:00:00,1016.7,20.0,0.0,90.0,14.8,150.0,21.7
2023-03-22 15:00:00,1016.8,19.4,0.0,81.0,14.8,160.0,22.8
2023-03-22 16:00:00,1016.8,19.4,0.0,81.0,14.8,160.0,22.8
2023-03-22 17:00:00,1016.7,19.5,0.0,79.0,24.1,150.0,23.3
2023-03-22 18:00:00,1016.6,19.5,0.0,74.0,16.6,160.0,24.4
2023-03-22 19:00:00,1014.8,18.9,0.0,69.0,27.7,160.0,25.0
2023-03-22 20:00:00,1014.8,18.9,0.0,69.0,27.7,160.0,25.0
2023-03-22 21:00:00,1012.7,18.3,0.0,60.0,16.6,140.0,26.7
2023-03-22 22:00:00,1012.2,18.8,0.0,62.0,18.4,140.0,26.7
2023-03-22 23:00:00,1012.4,20.0,0.0,71.0,20.5,130.0,25.6
2023-03-23 00:00:00,1012.4,20.0,0.0,71.0,20.5,130.0,25.6
2023-03-23 01:00:00,1012.6,19.5,0.0,74.0,24.1,110.0,24.4
2023-03-23 02:00:00,1013.6,20.0,0.0,84.0,22.3,130.0,22.8
2023-03-23 03:00:00,1013.6,20.0,0.0,84.0,20.5,120.0,22.8
2023-03-23 04:00:00,1014.0,20.0,0.0,84.0,22.3,130.0,22.8
2023-03-23 05:00:00,1014.3,19.9,0.0,87.0,14.8,150.0,22.2
2023-03-23 06:00:00,1014.3,19.9,0.0,87.0,14.8,150.0,22.2
2023-03-23 07:00:00,1013.1,20.7,0.0,91.0,14.8,140.0,22.2
2023-03-23 08:00:00,1012.7,19.9,0.0,87.0,14.8,150.0,22.2
2023-03-23 09:00:00,1012.3,19.9,0.0,87.0,16.6,150.0,22.2
2023-03-23 10:00:00,1012.5,19.4,0.0,84.0,18.4,150.0,22.2
2023-03-23 11:00:00,1012.5,19.4,0.0,84.0,18.4,150.0,22.2
2023-03-23 12:00:00,1013.1,19.4,0.0,87.0,16.6,150.0,21.7
2023-03-23 13:00:00,1013.5,19.4,0.0,84.0,14.8,150.0,22.2
2023-03-23 14:00:00,1013.6,19.5,0.0,79.0,18.4,160.0,23.3
2023-03-23 15:00:00,1013.6,19.5,0.0,79.0,18.4,160.0,23.3
2023-03-23 16:00:00,1012.9,20.0,0.0,69.0,31.7,160.0,26.1
2023-03-23 17:00:00,1012.2,19.5,0.0,69.0,29.5,160.0,25.6
2023-03-23 18:00:00,1010.8,20.5,0.0,67.0,22.3,160.0,27.2
2023-03-23 19:00:00,1009.9,20.1,0.0,63.0,24.1,160.0,27.8
2023-03-23 20:00:00,1009.9,20.1,0.0,63.0,24.1,160.0,27.8
2023-03-23 21:00:00,1007.3,20.6,0.0,59.0,20.5,130.0,29.4
2023-03-23 22:00:00,1007.3,20.6,0.0,59.0,31.7,120.0,29.4
2023-03-23 23:00:00,1006.5,20.6,0.0,65.0,22.3,120.0,27.8
2023-03-24 00:00:00,1006.5,20.6,0.0,65.0,22.3,120.0,27.8
2023-03-24 01:00:00,1006.9,20.7,0.0,72.0,24.1,130.0,26.1
2023-03-24 02:00:00,1008.0,20.6,0.0,85.0,24.1,130.0,23.3
2023-03-24 03:00:00,1008.2,21.1,0.0,90.0,20.5,140.0,22.8
2023-03-24 04:00:00,1008.3,21.1,0.0,90.0,20.5,130.0,22.8
2023-03-24 05:00:00,1007.3,21.1,0.0,90.0,22.3,140.0,22.8
2023-03-24 06:00:00,1007.3,21.1,0.0,90.0,22.3,140.0,22.8
2023-03-24 07:00:00,1006.2,20.5,0.0,87.0,18.4,140.0,22.8
2023-03-24 08:00:00,1005.9,19.9,0.0,87.0,16.6,160.0,22.2
2023-03-24 09:00:00,1005.9,19.9,0.0,87.0,16.6,160.0,22.2
2023-03-24 10:00:00,1004.9,19.9,0.0,87.0,13.0,150.0,22.2
2023-03-24 11:00:00,1004.8,19.4,0.0,87.0,13.0,170.0,21.7
2023-03-24 12:00:00,1005.4,20.0,0.0,90.0,5.4,180.0,21.7
2023-03-24 13:00:00,1005.4,20.0,0.0,90.0,5.4,180.0,21.7
2023-03-24 14:00:00,1006.3,20.0,0.0,90.0,0.0,0.0,21.7
2023-03-24 15:00:00,1008.0,20.6,0.4,97.0,5.4,170.0,21.1
2023-03-24 16:00:00,1006.8,21.1,0.3,90.0,13.0,340.0,22.8
2023-03-24 17:00:00,1006.3,17.7,0.0,60.0,20.5,310.0,26.1
2023-03-24 18:00:00,1005.6,10.5,0.0,30.0,16.6,350.0,30.0
2023-03-24 19:00:00,1004.8,8.8,0.0,25.0,18.4,290.0,31.1
2023-03-24 20:00:00,1004.8,8.8,0.0,25.0,18.4,290.0,31.1
2023-03-24 21:00:00,1004.2,3.7,0.0,17.0,20.5,300.0,31.7
2023-03-24 22:00:00,1003.2,-0.1,0.0,13.0,20.5,270.0,31.7
2023-03-24 23:00:00,1003.2,-0.1,0.0,13.0,20.5,270.0,31.7
2023-03-25 00:00:00,1003.5,0.1,0.0,14.0,22.3,260.0,30.6
2023-03-25 01:00:00,1004.6,1.2,0.0,19.0,9.4,270.0,26.7
2023-03-25 02:00:00,1007.0,4.3,0.0,28.0,0.0,0.0,23.9
2023-03-25 03:00:00,1007.7,8.3,0.0,56.0,0.0,0.0,17.2
2023-03-25 04:00:00,1008.0,8.3,0.0,56.0,0.0,0.0,17.2
2023-03-25 05:00:00,1007.5,2.7,0.0,34.0,11.2,330.0,18.9
2023-03-25 06:00:00,1007.5,2.7,0.0,34.0,11.2,330.0,18.9
2023-03-25 07:00:00,1009.2,-2.4,0.0,22.0,5.4,10.0,20.0
2023-03-25 08:00:00,1010.2,-2.4,0.0,22.0,5.4,160.0,20.0
2023-03-25 09:00:00,1010.2,5.0,0.0,57.0,5.4,290.0,13.3
2023-03-25 10:00:00,1010.2,6.0,0.0,71.0,5.4,290.0,11.1
2023-03-25 11:00:00,1011.4,4.9,0.0,61.0,7.6,360.0,12.2
2023-03-25 12:00:00,1012.1,2.2,0.0,47.0,0.0,0.0,13.3
2023-03-25 13:00:00,1012.4,2.2,0.0,47.0,0.0,0.0,13.3
2023-03-25 14:00:00,1012.8,-1.6,0.0,21.0,11.2,340.0,21.7
2023-03-25 15:00:00,1012.8,-1.6,0.0,21.0,11.2,340.0,21.7
2023-03-25 16:00:00,1013.0,0.0,0.0,20.0,16.6,360.0,24.4
2023-03-25 17:00:00,1012.0,1.0,0.0,20.0,20.5,40.0,25.6
2023-03-25 18:00:00,1011.2,-0.8,0.0,16.0,0.0,0.0,27.2
2023-03-25 19:00:00,1010.0,-0.8,0.0,16.0,0.0,0.0,27.2
2023-03-25 20:00:00,1010.0,-0.8,0.0,16.0,0.0,0.0,27.2
2023-03-25 21:00:00,1008.5,0.9,0.0,17.0,7.6,31.0,28.3
2023-03-25 22:00:00,1008.5,0.9,0.0,17.0,7.6,140.0,28.3
2023-03-25 23:00:00,1007.8,2.6,0.0,21.0,13.0,120.0,26.7
2023-03-26 00:00:00,1007.8,2.6,0.0,21.0,13.0,120.0,26.7
2023-03-26 01:00:00,1008.0,4.3,0.0,30.0,9.4,120.0,22.8
2023-03-26 02:00:00,1009.6,4.3,0.0,37.0,0.0,0.0,19.4
2023-03-26 03:00:00,1009.6,6.7,0.0,50.0,0.0,0.0,17.2
2023-03-26 04:00:00,1009.1,5.7,0.0,50.0,5.4,130.0,16.1
2023-03-26 05:00:00,1009.1,5.7,0.0,50.0,5.4,130.0,16.1
2023-03-26 06:00:00,1008.8,6.0,0.0,66.0,0.0,0.0,12.2
2023-03-26 07:00:00,1008.8,7.2,0.0,74.0,0.0,0.0,11.7
2023-03-26 08:00:00,1008.3,7.3,0.0,72.0,5.4,350.0,12.2
2023-03-26 09:00:00,1008.3,7.3,0.0,72.0,5.4,350.0,12.2
2023-03-26 10:00:00,1008.2,7.2,0.0,77.0,0.0,0.0,11.1
2023-03-26 11:00:00,1008.4,9.5,0.0,65.0,0.0,0.0,16.1
2023-03-26 12:00:00,1009.1,9.4,0.0,60.0,0.0,0.0,17.2
2023-03-26 13:00:00,1009.8,11.8,0.0,68.0,0.0,0.0,17.8
2023-03-26 14:00:00,1009.7,15.0,0.0,78.0,0.0,0.0,18.9
2023-03-26 15:00:00,1009.7,15.0,0.0,78.0,0.0,0.0,18.9
2023-03-26 16:00:00,1009.5,17.8,0.0,76.0,0.0,0.0,22.2
2023-03-26 17:00:00,1009.2,18.4,0.0,74.0,0.0,0.0,23.3
2023-03-26 18:00:00,1008.6,18.3,0.0,64.0,5.4,90.0,25.6
2023-03-26 19:00:00,1007.5,16.1,0.0,49.0,0.0,0.0,27.8
2023-03-26 20:00:00,1007.5,16.1,0.0,49.0,0.0,0.0,27.8
2023-03-26 21:00:00,1006.2,17.9,0.0,50.0,5.4,110.0,29.4
2023-03-26 22:00:00,1006.1,17.1,0.0,46.0,5.4,110.0,30.0
2023-03-26 23:00:00,1006.1,17.1,0.0,46.0,5.4,100.0,30.0
2023-03-27 00:00:00,1006.3,16.1,0.0,46.0,5.4,100.0,28.9
2023-03-27 01:00:00,1006.9,17.2,0.0,62.0,11.2,130.0,25.0
2023-03-27 02:00:00,1007.4,16.7,0.0,64.0,9.4,120.0,23.9
2023-03-27 03:00:00,1009.1,19.0,0.0,82.0,9.4,100.0,22.2
2023-03-27 04:00:00,1009.1,19.0,0.0,82.0,9.4,100.0,22.2
2023-03-27 05:00:00,1009.7,18.9,0.0,90.0,7.6,70.0,20.6
2023-03-27 06:00:00,1009.9,19.9,0.0,93.0,7.6,40.0,21.1
2023-03-27 07:00:00,1010.0,20.7,0.0,94.0,13.0,50.0,21.7
2023-03-27 08:00:00,1010.0,20.7,0.0,94.0,13.0,50.0,21.7
2023-03-27 09:00:00,1010.0,20.6,0.0,100.0,14.8,90.0,20.6
2023-03-27 10:00:00,1010.0,20.6,0.0,100.0,14.8,90.0,20.6
2023-03-27 11:00:00,1012.0,19.4,0.0,93.0,9.4,60.0,20.6
2023-03-27 12:00:00,1013.0,17.2,0.0,87.0,16.6,50.0,19.4
2023-03-27 13:00:00,1013.9,13.3,0.0,70.0,14.8,30.0,18.9
2023-03-27 14:00:00,1013.9,13.3,0.0,70.0,14.8,30.0,18.9
2023-03-27 15:00:00,1014.3,12.8,0.0,57.0,16.6,20.0,21.7
2023-03-27 16:00:00,1014.3,12.8,0.0,57.0,16.6,20.0,21.7
2023-03-27 17:00:00,1013.6,15.1,0.0,56.0,18.4,60.0,24.4
2023-03-27 18:00:00,1013.3,16.2,0.0,58.0,20.5,60.0,25.0
2023-03-27 19:00:00,1013.3,16.2,0.0,58.0,20.5,60.0,25.0
2023-03-27 20:00:00,1011.6,17.1,0.0,54.0,16.6,80.0,27.2
2023-03-27 21:00:00,1010.9,17.2,0.0,56.0,18.4,90.0,26.7
2023-03-27 22:00:00,1010.9,17.2,0.0,56.0,18.4,90.0,26.7
2023-03-27 23:00:00,1011.6,17.2,0.0,62.0,13.0,70.0,25.0
2023-03-28 00:00:00,1011.6,17.2,0.0,62.0,13.0,70.0,25.0
2023-03-28 01:00:00,1013.4,17.9,0.0,67.0,13.0,80.0,24.4
2023-03-28 02:00:00,1013.4,17.9,0.0,67.0,13.0,80.0,24.4
2023-03-28 03:00:00,1014.5,17.9,0.0,69.0,11.2,60.0,23.9
2023-03-28 04:00:00,1015.2,17.9,0.0,69.0,9.4,70.0,23.9
2023-03-28 05:00:00,1015.3,17.7,0.0,71.0,9.4,80.0,23.3
2023-03-28 06:00:00,1015.6,16.8,0.0,69.0,13.0,30.0,22.8
2023-03-28 07:00:00,1015.6,16.8,0.0,69.0,13.0,30.0,22.8
2023-03-28 08:00:00,1015.4,12.3,0.0,55.0,22.3,20.0,21.7
2023-03-28 09:00:00,1015.4,12.3,0.0,55.0,22.3,20.0,21.7
2023-03-28 10:00:00,1016.4,11.1,0.0,53.0,14.8,20.0,21.1
2023-03-28 11:00:00,1018.3,10.1,0.0,55.0,22.3,20.0,19.4
2023-03-28 12:00:00,1019.5,10.1,0.0,55.0,29.5,20.0,19.4
2023-03-28 13:00:00,1021.2,6.8,0.0,47.0,29.5,20.0,18.3
2023-03-28 14:00:00,1022.2,2.8,0.0,38.0,24.1,20.0,17.2
2023-03-28 15:00:00,1022.2,2.8,0.0,38.0,24.1,20.0,17.2
2023-03-28 16:00:00,1023.4,2.2,0.0,34.0,27.7,30.0,18.3
2023-03-28 17:00:00,1021.8,2.4,0.0,31.0,27.7,30.0,20.0
2023-03-28 18:00:00,1022.4,0.4,0.0,26.0,27.7,40.0,20.6
2023-03-28 19:00:00,1022.4,0.4,0.0,26.0,27.7,40.0,20.6
2023-03-28 20:00:00,1020.7,-0.7,0.0,21.0,27.7,50.0,22.8
2023-03-28 21:00:00,1021.2,-0.8,0.0,23.0,22.3,50.0,21.1
2023-03-28 22:00:00,1021.5,-1.3,0.0,23.0,16.6,40.0,20.6
2023-03-28 23:00:00,1021.5,-1.3,0.0,23.0,16.6,40.0,20.6
2023-03-29 00:00:00,1023.0,-1.8,0.0,23.0,18.4,40.0,20.0
2023-03-29 01:00:00,1022.8,0.4,0.0,31.0,22.3,30.0,17.8
2023-03-29 02:00:00,1023.1,4.9,0.0,49.0,11.2,30.0,15.6
2023-03-29 03:00:00,1022.0,5.5,0.0,53.0,14.8,20.0,15.0
2023-03-29 04:00:00,1022.5,4.4,0.3,49.0,5.4,330.0,15.0
2023-03-29 05:00:00,1022.5,4.4,0.0,49.0,5.4,330.0,15.0
2023-03-29 06:00:00,1020.9,4.9,0.0,53.0,0.0,0.0,14.4
2023-03-29 07:00:00,1022.0,4.9,0.0,53.0,0.0,0.0,14.4
2023-03-29 08:00:00,1021.6,4.4,0.0,51.0,0.0,0.0,14.4
2023-03-29 09:00:00,1021.6,4.4,0.0,51.0,0.0,0.0,14.4
2023-03-29 10:00:00,1021.2,3.5,0.0,46.0,11.2,10.0,15.0
2023-03-29 11:00:00,1021.0,2.8,0.0,44.0,16.6,20.0,15.0
2023-03-29 12:00:00,1021.1,2.2,0.0,42.0,13.0,30.0,15.0
2023-03-29 13:00:00,1021.6,2.7,0.0,42.0,16.6,50.0,15.6
2023-03-29 14:00:00,1021.6,2.7,0.0,42.0,16.6,50.0,15.6
2023-03-29 15:00:00,1021.8,4.5,0.0,46.0,20.5,60.0,16.1
2023-03-29 16:00:00,1021.8,4.5,0.0,46.0,20.5,60.0,16.1
2023-03-29 17:00:00,1021.2,7.1,0.0,48.0,14.8,80.0,18.3
2023-03-29 18:00:00,1020.5,8.4,0.0,54.0,9.4,90.0,17.8
2023-03-29 19:00:00,1020.5,8.4,0.0,54.0,9.4,90.0,17.8
2023-03-29 20:00:00,1018.7,8.9,0.0,56.0,7.6,110.0,17.8
2023-03-29 21:00:00,1018.7,8.9,0.0,56.0,7.6,110.0,17.8
2023-03-29 22:00:00,1017.7,9.9,0.0,58.0,0.0,0.0,18.3
2023-03-29 23:00:00,1017.3,10.7,0.0,59.0,5.4,80.0,18.9
2023-03-30 00:00:00,1017.1,11.7,0.0,63.0,0.0,0.0,18.9
2023-03-30 01:00:00,1017.1,11.7,0.0,63.0,0.0,0.0,18.9
2023-03-30 02:00:00,1017.8,12.9,0.0,68.0,7.6,100.0,18.9
2023-03-30 03:00:00,1017.9,12.2,0.0,65.0,13.0,110.0,18.9
2023-03-30 04:00:00,1017.9,12.2,0.0,65.0,13.0,110.0,18.9
2023-03-30 05:00:00,1017.1,13.4,0.0,73.0,9.4,110.0,18.3
2023-03-30 06:00:00,1016.6,15.1,0.0,84.0,11.2,110.0,17.8
2023-03-30 07:00:00,1015.7,15.5,0.3,90.0,16.6,120.0,17.2
2023-03-30 08:00:00,1015.7,15.5,0.1,90.0,16.6,120.0,17.2
2023-03-30 09:00:00,1015.1,16.7,0.1,97.0,11.2,100.0,17.2
2023-03-30 10:00:00,1013.9,17.2,0.2,100.0,13.0,100.0,17.2
2023-03-30 11:00:00,1013.9,17.2,0.3,100.0,13.0,100.0,17.2
2023-03-30 12:00:00,1014.0,17.8,0.0,100.0,14.8,110.0,17.8
2023-03-30 13:00:00,1013.8,17.8,0.8,97.0,0.0,0.0,18.3
2023-03-30 14:00:00,1013.9,19.4,0.5,100.0,13.0,120.0,19.4
2023-03-30 15:00:00,1013.9,20.6,0.2,97.0,11.2,140.0,21.1
2023-03-30 16:00:00,1013.9,20.6,0.2,97.0,11.2,140.0,21.1
2023-03-30 17:00:00,1013.0,21.0,0.3,84.0,20.5,170.0,23.9
2023-03-30 18:00:00,1013.0,21.1,0.0,79.0,20.5,160.0,25.0
2023-03-30 19:00:00,1012.0,21.1,0.2,79.0,20.5,160.0,25.0
2023-03-30 20:00:00,1010.1,20.1,0.0,67.0,29.5,150.0,26.7
2023-03-30 21:00:00,1009.5,20.7,0.0,72.0,20.5,140.0,26.1
2023-03-30 22:00:00,1009.3,19.5,0.0,67.0,25.9,150.0,26.1
2023-03-30 23:00:00,1009.3,19.5,0.0,67.0,25.9,150.0,26.1
2023-03-31 00:00:00,1009.9,20.0,0.0,74.0,18.4,150.0,25.0
2023-03-31 01:00:00,1010.9,20.1,0.0,77.0,18.4,160.0,24.4
2023-03-31 02:00:00,1009.5,20.6,0.0,85.0,18.4,110.0,23.3
2023-03-31 03:00:00,1011.2,20.6,0.0,85.0,18.4,110.0,23.3
2023-03-31 04:00:00,1011.2,20.6,0.0,85.0,25.9,170.0,23.3
2023-03-31 05:00:00,1011.0,20.7,0.0,94.0,9.4,120.0,21.7
2023-03-31 06:00:00,1011.4,19.9,0.0,93.0,0.0,0.0,21.1
2023-03-31 07:00:00,1011.2,19.3,0.0,96.0,9.4,140.0,20.0
2023-03-31 08:00:00,1010.7,19.9,0.0,93.0,9.4,150.0,21.1
2023-03-31 09:00:00,1010.7,19.9,0.0,93.0,9.4,150.0,21.1
2023-03-31 10:00:00,1011.0,19.9,0.0,96.0,7.6,140.0,20.6
2023-03-31 11:00:00,1009.8,19.4,0.0,93.0,13.0,160.0,20.6
2023-03-31 12:00:00,1009.8,19.4,0.0,93.0,13.0,160.0,20.6
2023-03-31 13:00:00,1011.0,19.4,0.0,93.0,5.4,10.0,20.6
2023-03-31 14:00:00,1011.3,20.7,0.0,94.0,14.8,190.0,21.7
2023-03-31 15:00:00,1012.6,20.6,0.0,85.0,13.0,220.0,23.3
2023-03-31 16:00:00,1012.9,20.6,0.0,82.0,11.2,220.0,23.9
2023-03-31 17:00:00,1011.9,20.5,0.0,69.0,14.8,220.0,26.7
2023-03-31 18:00:00,1011.9,20.5,0.0,69.0,14.8,220.0,26.7
2023-03-31 19:00:00,1011.1,20.1,0.0,61.0,14.8,250.0,28.3
2023-03-31 20:00:00,1010.1,19.4,0.0,55.0,5.4,250.0,29.4
2023-03-31 21:00:00,1009.8,18.8,0.0,51.0,0.0,0.0,30.0
2023-03-31 22:00:00,1009.5,19.0,0.0,50.0,9.4,130.0,30.6
2023-03-31 23:00:00,1009.5,19.0,0.0,50.0,9.4,130.0,30.6
2023-04-01 00:00:00,1010.5,17.9,0.0,55.0,7.6,150.0,27.8
2023-04-01 01:00:00,1011.5,18.3,0.0,69.0,0.0,0.0,24.4
2023-04-01 02:00:00,1012.9,18.8,0.0,76.0,0.0,0.0,23.3
2023-04-01 03:00:00,1014.3,19.5,0.0,79.0,0.0,0.0,23.3
2023-04-01 04:00:00,1014.3,19.5,0.0,79.0,0.0,0.0,23.3
2023-04-01 05:00:00,1015.5,19.4,0.0,93.0,0.0,0.0,20.6
2023-04-01 06:00:00,1015.4,20.0,0.0,90.0,9.4,70.0,21.7
2023-04-01 07:00:00,1014.9,19.9,0.0,93.0,9.4,60.0,21.1
2023-04-01 08:00:00,1015.6,18.8,0.0,93.0,7.6,360.0,20.0
2023-04-01 09:00:00,1015.6,18.8,0.0,93.0,7.6,360.0,20.0
2023-04-01 10:00:00,1016.5,-3.1,0.0,26.0,9.4,360.0,17.0
2023-04-01 11:00:00,1017.3,5.2,0.0,42.0,11.2,10.0,18.3
2023-04-01 12:00:00,1018.5,3.8,0.0,41.0,0.0,0.0,17.2
2023-04-01 13:00:00,1018.5,3.8,0.0,41.0,0.0,0.0,17.2
2023-04-01 14:00:00,1019.5,4.1,0.0,35.0,11.2,80.0,20.0
2023-04-01 15:00:00,1019.6,2.9,0.0,23.0,13.0,80.0,25.6
2023-04-01 16:00:00,1019.6,2.1,0.0,21.0,16.6,70.0,26.1
2023-04-01 17:00:00,1019.6,2.1,0.0,21.0,16.6,70.0,26.1
2023-04-01 18:00:00,1018.8,-5.0,0.0,11.0,16.6,70.0,28.3
2023-04-01 19:00:00,1016.9,-8.8,0.0,7.0,18.4,80.0,30.6
2023-04-01 20:00:00,1015.7,-1.0,0.0,13.0,16.6,80.0,30.6
2023-04-01 21:00:00,1015.5,-1.0,0.0,13.0,20.5,80.0,31.1
2023-04-01 22:00:00,1015.3,-2.3,0.0,13.0,20.5,60.0,28.9
2023-04-01 23:00:00,1015.3,-2.3,0.0,13.0,20.5,60.0,28.9
2023-04-02 00:00:00,1015.1,-1.3,0.0,14.0,13.0,70.0,27.8
2023-04-02 01:00:00,1015.8,0.3,0.0,19.0,11.2,90.0,25.6
2023-04-02 02:00:00,1016.2,0.3,0.0,19.0,11.2,80.0,24.0
2023-04-02 03:00:00,1016.3,4.1,0.0,29.0,11.2,70.0,24.0
2023-04-02 04:00:00,1016.3,4.4,0.0,31.0,11.2,70.0,23.9
2023-04-02 05:00:00,1016.0,5.0,0.0,34.0,5.4,60.0,21.0
2023-04-02 06:00:00,1015.1,8.4,0.0,45.0,0.0,0.0,20.0
2023-04-02 07:00:00,1015.1,11.9,0.0,60.0,0.0,0.0,20.0
2023-04-02 08:00:00,1014.3,15.1,0.0,77.0,7.6,110.0,19.0
2023-04-02 09:00:00,1013.5,16.0,0.0,82.0,5.4,130.0,18.9
2023-04-02 10:00:00,1012.9,16.8,0.0,88.0,0.0,0.0,19.0
2023-04-02 11:00:00,1012.7,18.2,0.0,93.0,0.0,0.0,20.0
2023-04-02 12:00:00,1012.7,20.3,0.0,96.0,0.0,0.0,20.0
2023-04-02 13:00:00,1012.8,19.9,0.0,96.0,5.4,130.0,20.6
2023-04-02 14:00:00,1012.8,21.1,0.0,90.0,11.2,160.0,22.8
2023-04-02 15:00:00,1012.6,21.1,0.0,90.0,11.2,160.0,22.8
2023-04-02 16:00:00,1012.6,21.1,0.0,90.0,22.3,180.0,22.8
2023-04-02 17:00:00,1011.1,20.0,0.0,69.0,20.5,170.0,26.1
2023-04-02 18:00:00,1011.1,20.0,0.0,69.0,20.5,170.0,26.1
2023-04-02 19:00:00,1008.2,20.0,0.0,57.0,20.5,210.0,29.4
2023-04-02 20:00:00,1007.2,17.8,0.0,48.0,16.6,170.0,30.0
2023-04-02 21:00:00,1006.3,17.1,0.0,43.0,20.5,190.0,31.1
2023-04-02 22:00:00,1005.7,17.1,0.0,43.0,20.5,160.0,31.1
2023-04-02 23:00:00,1005.7,17.1,0.0,43.0,20.5,160.0,31.1
2023-04-03 00:00:00,1005.4,17.3,0.0,45.0,13.0,150.0,30.6
2023-04-03 01:00:00,1005.9,17.1,0.0,49.0,20.5,130.0,28.9
2023-04-03 02:00:00,1006.7,20.1,0.0,67.0,18.4,150.0,26.7
2023-04-03 03:00:00,1006.7,20.1,0.0,67.0,18.4,150.0,26.7
2023-04-03 04:00:00,1007.1,19.9,0.0,77.0,11.2,140.0,23.0
2023-04-03 05:00:00,1007.2,19.8,0.0,80.0,9.4,150.0,22.0
2023-04-03 06:00:00,1006.7,19.6,0.0,81.0,7.6,150.0,22.0
2023-04-03 07:00:00,1006.2,19.5,0.0,82.0,5.4,130.0,21.0
2023-04-03 08:00:00,1006.2,19.4,0.0,84.0,5.4,130.0,21.1
2023-04-03 09:00:00,1005.5,20.0,0.0,94.0,7.6,140.0,22.0
2023-04-03 10:00:00,1005.6,20.0,0.0,96.0,7.6,160.0,22.0
2023-04-03 11:00:00,1005.6,19.9,0.0,97.0,9.4,150.0,22.0
2023-04-03 12:00:00,1006.6,22.2,0.0,100.0,5.4,170.0,22.2
2023-04-03 13:00:00,1006.6,22.2,0.0,100.0,5.4,170.0,22.2
2023-04-03 14:00:00,1007.3,22.1,0.0,96.0,7.6,120.0,22.8
2023-04-03 15:00:00,1007.3,22.2,0.0,90.0,9.4,130.0,23.9
2023-04-03 16:00:00,1007.0,22.3,0.0,82.0,13.0,90.0,25.6
2023-04-03 17:00:00,1007.0,22.3,0.0,82.0,13.0,90.0,25.6
2023-04-03 18:00:00,1007.0,21.7,0.0,61.0,20.5,140.0,29.0
2023-04-03 19:00:00,1003.7,21.8,0.0,56.0,20.5,130.0,31.7
2023-04-03 20:00:00,1002.3,21.7,0.0,49.0,24.1,150.0,33.9
2023-04-03 21:00:00,1001.8,20.5,0.0,47.0,24.1,160.0,33.3
2023-04-03 22:00:00,1001.8,20.5,0.0,47.0,24.1,160.0,33.3
2023-04-03 23:00:00,1001.4,21.1,0.0,49.0,18.4,140.0,33.3
2023-04-04 00:00:00,1001.7,21.7,0.0,61.0,24.1,120.0,30.0
2023-04-04 01:00:00,1002.4,21.1,0.0,67.0,22.3,130.0,27.8
2023-04-04 02:00:00,1003.4,21.1,0.0,74.0,20.5,130.0,26.1
2023-04-04 03:00:00,1004.0,21.7,0.0,82.0,16.6,140.0,25.0
2023-04-04 04:00:00,1004.0,21.7,0.0,82.0,16.6,140.0,25.0
2023-04-04 05:00:00,1003.4,21.7,0.0,91.0,16.6,140.0,23.3
2023-04-04 06:00:00,1003.2,21.7,0.0,91.0,11.2,140.0,23.3
2023-04-04 07:00:00,1002.6,21.2,0.0,88.0,20.5,150.0,23.3
2023-04-04 08:00:00,1002.6,21.2,0.0,88.0,20.5,150.0,23.3
2023-04-04 09:00:00,1002.0,21.2,0.0,88.0,9.4,160.0,23.3
2023-04-04 10:00:00,1001.6,21.1,0.0,90.0,14.8,130.0,22.8
2023-04-04 11:00:00,1001.8,21.2,0.0,94.0,11.2,140.0,22.2
2023-04-04 12:00:00,1001.8,21.2,0.0,94.0,11.2,140.0,22.2
2023-04-04 13:00:00,1002.9,21.1,0.0,90.0,18.4,150.0,22.8
2023-04-04 14:00:00,1002.7,20.7,0.0,77.0,22.3,150.0,25.0
2023-04-04 15:00:00,1002.4,20.5,0.0,67.0,22.3,150.0,27.2
2023-04-04 16:00:00,1002.4,20.5,0.0,67.0,31.7,150.0,27.2
2023-04-04 17:00:00,1002.1,20.1,0.0,61.0,25.9,160.0,28.3
2023-04-04 18:00:00,1001.6,20.0,0.0,57.0,22.3,170.0,29.4
2023-04-04 19:00:00,1000.4,20.6,0.0,57.0,29.5,150.0,30.0
2023-04-04 20:00:00,999.9,20.6,0.0,57.0,16.6,170.0,30.0
2023-04-04 21:00:00,999.9,20.6,0.0,57.0,16.6,170.0,30.0
2023-04-04 22:00:00,999.1,20.6,0.0,52.0,16.6,190.0,31.7
2023-04-04 23:00:00,999.4,20.5,0.0,55.0,14.8,140.0,30.6
2023-04-05 00:00:00,1000.3,22.8,0.0,72.0,20.5,130.0,28.3
2023-04-05 01:00:00,1002.2,22.8,0.0,79.0,13.0,150.0,26.7
2023-04-05 02:00:00,1002.8,22.8,0.0,82.0,16.6,130.0,26.1
2023-04-05 03:00:00,1002.8,22.8,0.0,82.0,16.6,130.0,26.1
2023-04-05 04:00:00,1002.5,22.9,0.0,88.0,20.5,120.0,25.0
2023-04-05 05:00:00,1002.5,22.9,0.0,88.0,20.5,120.0,25.0
2023-04-05 06:00:00,1002.4,22.2,0.0,90.0,24.1,130.0,23.9
2023-04-05 07:00:00,1003.2,22.2,0.0,90.0,13.0,110.0,23.9
2023-04-05 08:00:00,1004.1,21.8,0.0,88.0,13.0,140.0,23.9
2023-04-05 09:00:00,1004.1,21.8,0.0,88.0,13.0,140.0,23.9
2023-04-05 10:00:00,1004.1,21.8,0.0,88.0,9.4,140.0,23.9
2023-04-05 11:00:00,1004.7,21.8,0.0,88.0,16.6,90.0,23.9
2023-04-05 12:00:00,1004.7,21.8,0.0,88.0,16.6,90.0,23.9
2023-04-05 13:00:00,1006.5,21.7,0.0,85.0,16.6,320.0,24.4
2023-04-05 14:00:00,1010.9,9.4,0.0,58.0,24.1,10.0,19.4
2023-04-05 15:00:00,1012.0,3.9,0.5,36.0,16.6,30.0,21.1
2023-04-05 16:00:00,1012.8,-2.4,1.7,18.0,18.4,20.0,23.3
2023-04-05 17:00:00,1012.8,-2.4,0.0,18.0,18.4,20.0,23.3
2023-04-05 18:00:00,1013.3,-2.4,0.0,18.0,29.5,30.0,23.3
2023-04-05 19:00:00,1013.3,-1.3,0.0,20.0,25.9,10.0,22.8
2023-04-05 20:00:00,1012.5,-0.4,0.0,20.0,27.7,30.0,23.9
2023-04-05 21:00:00,1012.0,0.2,0.0,21.0,22.3,10.0,23.9
2023-04-05 22:00:00,1012.0,0.2,0.0,21.0,22.3,10.0,23.9
2023-04-05 23:00:00,1012.1,0.9,0.0,22.0,29.5,30.0,23.9
2023-04-06 00:00:00,1014.1,-0.3,0.0,23.0,22.3,60.0,21.7
2023-04-06 01:00:00,1015.3,-0.8,0.0,23.0,24.1,50.0,21.1
2023-04-06 02:00:00,1015.3,-0.8,0.0,23.0,24.1,50.0,21.1
2023-04-06 03:00:00,1016.7,0.0,0.0,28.0,22.3,50.0,18.9
2023-04-06 04:00:00,1016.8,0.0,0.0,28.0,20.5,30.0,18.9
2023-04-06 05:00:00,1016.7,0.0,0.0,28.0,20.5,30.0,18.9
2023-04-06 06:00:00,1016.7,6.2,0.0,62.0,29.5,40.0,13.3
2023-04-06 07:00:00,1017.6,7.7,3.6,69.0,13.0,80.0,13.3
2023-04-06 08:00:00,1017.3,6.2,0.0,62.0,16.6,40.0,13.3
2023-04-06 09:00:00,1016.5,7.3,0.0,69.0,14.8,30.0,12.8
2023-04-06 10:00:00,1016.5,7.3,0.0,69.0,14.8,30.0,12.8
2023-04-06 11:00:00,1017.5,8.3,0.0,83.0,20.5,30.0,11.1
2023-04-06 12:00:00,1018.0,7.8,1.5,80.0,9.4,20.0,11.1
2023-04-06 13:00:00,1019.8,8.3,1.0,89.0,11.2,40.0,10.0
2023-04-06 14:00:00,1020.7,8.3,4.8,89.0,13.0,350.0,10.0
2023-04-06 15:00:00,1020.6,7.8,9.4,86.0,24.1,360.0,10.0
2023-04-06 16:00:00,1020.2,8.4,6.1,86.0,24.1,10.0,10.6
2023-04-06 17:00:00,1020.2,8.4,0.0,86.0,24.1,10.0,10.6
2023-04-06 18:00:00,1019.9,9.4,0.0,80.0,18.4,10.0,12.8
2023-04-06 19:00:00,1019.9,9.4,0.0,80.0,18.4,10.0,12.8
2023-04-06 20:00:00,1019.0,9.9,0.0,86.0,14.8,20.0,12.2
2023-04-06 21:00:00,1019.0,9.9,0.0,86.0,14.8,20.0,12.2
2023-04-06 22:00:00,1018.5,10.6,0.0,90.0,18.4,10.0,12.2
2023-04-06 23:00:00,1019.2,10.6,0.1,90.0,14.8,20.0,12.2
2023-04-07 00:00:00,1019.2,9.9,0.3,86.0,16.6,30.0,12.2
2023-04-07 01:00:00,1020.2,9.4,0.0,83.0,14.8,20.0,12.2
2023-04-07 02:00:00,1020.2,9.4,0.0,83.0,14.8,20.0,12.2
2023-04-07 03:00:00,1020.0,9.4,0.0,83.0,20.5,30.0,12.2
2023-04-07 04:00:00,1020.1,9.4,0.0,83.0,14.8,30.0,12.2
2023-04-07 05:00:00,1021.0,9.9,1.1,86.0,16.6,10.0,11.7
2023-04-07 06:00:00,1020.6,0.2,0.0,45.0,16.6,10.0,11.7
2023-04-07 07:00:00,1020.6,-0.5,0.3,43.0,16.6,10.0,11.7
2023-04-07 08:00:00,1019.3,-0.5,0.5,43.0,16.6,10.0,11.7
2023-04-07 09:00:00,1019.6,-1.1,0.0,41.0,16.6,20.0,11.7
2023-04-07 10:00:00,1020.2,-1.8,4.9,39.0,18.4,30.0,11.7
2023-04-07 11:00:00,1020.5,-1.8,0.0,39.0,16.6,30.0,11.7
2023-04-07 12:00:00,1020.5,-2.2,0.0,38.0,16.6,30.0,11.7
2023-04-07 13:00:00,1021.6,-0.5,0.2,43.0,18.4,20.0,11.1
2023-04-07 14:00:00,1021.4,-1.0,0.3,43.0,18.4,10.0,11.7
2023-04-07 15:00:00,1021.2,-1.1,0.3,41.0,22.3,20.0,12.2
2023-04-07 16:00:00,1021.1,-2.1,0.5,37.0,22.3,30.0,12.2
2023-04-07 17:00:00,1021.1,-2.1,0.3,37.0,22.3,30.0,12.2
2023-04-07 18:00:00,1021.6,-2.2,0.0,38.0,16.6,30.0,11.7
2023-04-07 19:00:00,1020.3,-2.9,0.6,36.0,13.0,30.0,11.7
2023-04-07 20:00:00,1019.4,-2.2,6.4,38.0,18.4,20.0,12.2
2023-04-07 21:00:00,1019.4,-2.1,0.5,37.0,18.4,20.0,12.2
2023-04-07 22:00:00,1018.6,-2.3,0.3,35.0,16.6,20.0,12.8
2023-04-07 23:00:00,1018.4,-2.2,0.0,34.0,14.8,20.0,13.3
2023-04-08 00:00:00,1019.0,-2.2,0.0,34.0,7.6,20.0,13.3
2023-04-08 01:00:00,1018.9,-2.2,0.3,34.0,0.0,0.0,13.3
2023-04-08 02:00:00,1019.2,0.0,0.3,40.0,7.6,10.0,13.3
2023-04-08 03:00:00,1020.2,-0.7,0.0,38.0,13.0,30.0,13.3
2023-04-08 04:00:00,1020.2,-0.7,0.0,38.0,13.0,30.0,13.3
2023-04-08 05:00:00,1020.5,-1.2,0.0,38.0,11.2,30.0,12.8
2023-04-08 06:00:00,1020.5,-1.5,0.0,37.0,11.2,30.0,12.8
2023-04-08 07:00:00,1019.8,-1.5,0.3,37.0,7.6,70.0,12.8
2023-04-08 08:00:00,1019.2,-1.5,0.0,37.0,7.6,30.0,12.8
2023-04-08 09:00:00,1018.8,-1.5,0.0,37.0,9.4,360.0,12.8
2023-04-08 10:00:00,1018.8,-1.5,0.0,37.0,5.4,30.0,12.8
2023-04-08 11:00:00,1020.1,-1.5,0.0,37.0,9.4,10.0,12.8
2023-04-08 12:00:00,1020.1,-1.5,0.0,37.0,9.4,10.0,12.8
2023-04-08 13:00:00,1021.3,-1.5,0.0,37.0,5.4,340.0,13.9
2023-04-08 14:00:00,1021.1,-1.7,0.0,34.0,9.4,10.0,15.6
2023-04-08 15:00:00,1020.9,-1.5,0.0,31.0,9.4,10.0,18.9
2023-04-08 16:00:00,1020.7,-1.0,0.0,26.0,11.2,20.0,20.6
2023-04-08 17:00:00,1020.7,-0.7,0.0,24.0,11.2,17.0,20.6
2023-04-08 18:00:00,1019.0,-1.3,0.0,20.0,9.4,8.0,23.3
2023-04-08 19:00:00,1018.3,-1.6,0.0,19.0,9.4,90.0,23.3
2023-04-08 20:00:00,1017.7,-1.6,0.0,19.0,5.4,90.0,22.8
2023-04-08 21:00:00,1017.7,-1.3,0.0,20.0,5.4,80.0,22.8
2023-04-08 22:00:00,1016.8,-1.3,0.0,20.0,13.0,80.0,22.8
2023-04-08 23:00:00,1017.0,-1.3,0.0,20.0,14.8,90.0,21.7
2023-04-09 00:00:00,1017.0,-2.3,0.0,20.0,14.8,90.0,21.7
2023-04-09 01:00:00,1018.5,-2.3,0.0,23.0,13.0,80.0,17.2
2023-04-09 02:00:00,1018.5,-0.1,0.0,31.0,13.0,80.0,17.2
2023-04-09 03:00:00,1019.8,0.2,0.0,34.0,14.8,70.0,15.6
2023-04-09 04:00:00,1019.8,-0.6,0.0,33.0,14.8,70.0,15.6
2023-04-09 05:00:00,1019.8,-0.6,0.0,33.0,14.8,50.0,15.0
2023-04-09 06:00:00,1019.4,-1.2,0.0,33.0,11.2,30.0,15.0
2023-04-09 07:00:00,1019.4,-1.6,0.0,32.0,11.2,30.0,15.0
2023-04-09 08:00:00,1018.9,-2.1,0.0,32.0,9.4,50.0,14.4
2023-04-09 09:00:00,1018.9,-1.7,0.0,33.0,13.0,80.0,14.4
2023-04-09 10:00:00,1019.5,-1.7,0.0,33.0,7.6,30.0,14.4
2023-04-09 11:00:00,1019.5,-1.7,0.0,33.0,7.6,30.0,14.4
2023-04-09 12:00:00,1021.4,-1.7,0.0,33.0,9.4,40.0,14.4
2023-04-09 13:00:00,1022.2,-1.7,0.0,33.0,5.4,40.0,15.0
2023-04-09 14:00:00,1022.4,-1.6,0.0,32.0,0.0,0.0,16.1
2023-04-09 15:00:00,1022.3,-1.5,0.0,30.0,5.4,80.0,16.7
2023-04-09 16:00:00,1022.3,-1.9,0.0,28.0,5.4,80.0,16.7
2023-04-09 17:00:00,1021.9,-1.0,0.0,27.0,5.4,0.0,19.4
2023-04-09 18:00:00,1020.4,-1.3,0.0,23.0,7.6,78.0,21.1
2023-04-09 19:00:00,1020.4,-0.8,0.0,23.0,7.6,76.0,21.1
2023-04-09 20:00:00,1019.9,-1.5,0.0,22.0,5.4,110.0,21.1
2023-04-09 21:00:00,1019.9,-2.1,0.0,21.0,5.4,110.0,21.1
2023-04-09 22:00:00,1019.0,-1.8,0.0,20.0,9.4,80.0,21.7
2023-04-09 23:00:00,1019.0,-2.3,0.0,20.0,9.4,80.0,21.7
2023-04-10 00:00:00,1019.3,-2.1,0.0,21.0,9.4,100.0,20.0
2023-04-10 01:00:00,1019.3,-2.4,0.0,22.0,9.4,100.0,20.0
2023-04-10 02:00:00,1019.7,16.0,0.0,75.0,5.4,100.0,20.6
2023-04-10 03:00:00,1020.6,15.6,0.0,76.0,5.4,60.0,20.0
2023-04-10 04:00:00,1021.0,15.7,0.0,79.0,11.2,70.0,19.4
2023-04-10 05:00:00,1021.0,15.7,0.0,79.0,11.2,70.0,19.4
2023-04-10 06:00:00,1021.0,15.6,0.0,81.0,7.6,80.0,18.9
2023-04-10 07:00:00,1021.0,15.6,0.0,81.0,7.6,80.0,18.9
2023-04-10 08:00:00,1020.4,15.1,0.0,84.0,5.4,60.0,17.8
2023-04-10 09:00:00,1020.4,15.1,0.0,84.0,5.4,60.0,17.8
2023-04-10 10:00:00,1020.4,15.0,0.0,87.0,7.6,80.0,17.2
2023-04-10 11:00:00,1021.6,15.6,0.0,87.0,5.4,10.0,17.8
2023-04-10 12:00:00,1021.6,15.6,0.0,87.0,5.4,10.0,17.8
2023-04-10 13:00:00,1022.2,16.1,0.0,87.0,9.4,70.0,18.3
2023-04-10 14:00:00,1023.1,16.6,0.0,90.0,5.4,80.0,18.3
2023-04-10 15:00:00,1023.1,16.6,0.0,90.0,5.4,80.0,18.3
2023-04-10 16:00:00,1024.0,16.1,0.0,84.0,7.6,50.0,18.9
2023-04-10 17:00:00,1023.0,16.0,0.0,75.0,9.4,70.0,20.6
2023-04-10 18:00:00,1022.7,16.1,0.0,73.0,5.4,80.0,21.1
2023-04-10 19:00:00,1022.2,16.7,0.0,76.0,0.0,0.0,21.1
2023-04-10 20:00:00,1022.2,16.7,0.0,76.0,0.0,0.0,21.1
2023-04-10 21:00:00,1021.7,16.1,0.0,73.0,0.0,0.0,21.1
2023-04-10 22:00:00,1021.0,15.6,0.0,64.0,13.0,70.0,22.8
2023-04-10 23:00:00,1020.7,15.5,0.0,66.0,13.0,90.0,22.2
2023-04-11 00:00:00,1020.6,15.6,0.0,73.0,7.6,100.0,20.6
2023-04-11 01:00:00,1020.6,15.6,0.0,73.0,7.6,100.0,20.6
2023-04-11 02:00:00,1022.1,15.1,0.0,76.0,7.6,60.0,19.4
2023-04-11 03:00:00,1022.4,15.0,0.0,81.0,5.4,70.0,18.3
2023-04-11 04:00:00,1022.4,14.5,0.0,93.0,0.0,0.0,15.6
2023-04-11 05:00:00,1022.7,14.5,0.0,84.0,9.4,70.0,17.2
2023-04-11 06:00:00,1022.8,14.5,0.0,90.0,7.6,60.0,16.1
2023-04-11 07:00:00,1022.8,14.5,0.0,90.0,7.6,60.0,16.1
2023-04-11 08:00:00,1022.2,13.3,0.0,93.0,0.0,0.0,14.4
2023-04-11 09:00:00,1022.0,13.9,0.0,93.0,0.0,0.0,15.0
2023-04-11 10:00:00,1021.9,13.3,0.0,96.0,0.0,0.0,13.9
2023-04-11 11:00:00,1021.9,13.3,0.0,96.0,0.0,0.0,13.9
2023-04-11 12:00:00,1022.6,13.9,0.0,93.0,5.4,30.0,15.0
2023-04-11 13:00:00,1022.6,14.3,0.0,86.0,7.6,30.0,16.7
2023-04-11 14:00:00,1022.9,14.0,0.0,71.0,11.2,20.0,19.4
2023-04-11 15:00:00,1022.9,14.0,0.0,64.0,9.4,20.0,21.1
2023-04-11 16:00:00,1022.9,14.0,0.0,64.0,9.4,20.0,21.1
2023-04-11 17:00:00,1022.0,12.9,0.0,52.0,18.4,70.0,23.3
2023-04-11 18:00:00,1021.1,13.3,0.0,50.0,20.5,70.0,24.4
2023-04-11 19:00:00,1020.4,12.9,0.0,47.0,20.5,70.0,25.0
2023-04-11 20:00:00,1020.4,12.9,0.0,47.0,20.5,90.0,25.0
2023-04-11 21:00:00,1019.2,10.5,0.0,40.0,22.3,70.0,25.0
2023-04-11 22:00:00,1018.7,10.7,0.0,42.0,16.6,80.0,24.4
2023-04-11 23:00:00,1018.6,10.0,0.0,43.0,18.4,90.0,23.3
2023-04-12 00:00:00,1018.5,9.9,0.0,47.0,13.0,90.0,21.7
2023-04-12 01:00:00,1018.5,9.9,0.0,47.0,13.0,90.0,21.7
2023-04-12 02:00:00,1019.6,10.7,0.0,57.0,9.4,80.0,19.4
2023-04-12 03:00:00,1019.9,10.6,0.0,61.0,7.6,70.0,18.3
2023-04-12 04:00:00,1020.1,11.2,0.0,81.0,0.0,0.0,14.4
2023-04-12 05:00:00,1020.2,11.2,0.0,81.0,0.0,0.0,14.4
2023-04-12 06:00:00,1020.2,11.2,0.0,81.0,0.0,0.0,14.4
2023-04-12 07:00:00,1019.4,11.2,0.0,87.0,0.0,0.0,13.3
2023-04-12 08:00:00,1018.4,10.6,0.0,90.0,0.0,0.0,12.2
2023-04-12 09:00:00,1018.1,10.7,0.0,87.0,0.0,0.0,12.8
2023-04-12 10:00:00,1017.9,10.6,0.0,93.0,5.4,330.0,11.7
2023-04-12 11:00:00,1017.9,10.6,0.0,93.0,5.4,330.0,11.7
2023-04-12 12:00:00,1018.0,11.1,0.0,83.0,11.2,10.0,13.9
2023-04-12 13:00:00,1018.1,12.1,0.0,72.0,0.0,0.0,17.2
2023-04-12 14:00:00,1018.3,12.7,0.0,63.0,5.4,80.0,20.0
2023-04-12 15:00:00,1018.3,12.7,0.0,63.0,5.4,80.0,20.0
2023-04-12 16:00:00,1017.6,11.8,0.0,50.0,7.6,90.0,22.8
2023-04-12 17:00:00,1016.6,11.0,0.0,43.0,11.2,90.0,24.4
2023-04-12 18:00:00,1015.5,10.5,0.0,40.0,11.2,100.0,25.0
2023-04-12 19:00:00,1014.4,9.4,0.0,36.0,11.2,40.0,25.6
2023-04-12 20:00:00,1014.4,9.4,0.0,36.0,11.2,40.0,25.6
2023-04-12 21:00:00,1012.6,8.2,0.0,31.0,7.6,90.0,26.7
2023-04-12 22:00:00,1012.0,9.0,0.0,34.0,14.8,130.0,26.1
2023-04-12 23:00:00,1012.1,10.1,0.0,39.0,14.8,110.0,25.0
2023-04-13 00:00:00,1012.0,9.9,0.0,47.0,9.4,140.0,21.7
2023-04-13 01:00:00,1012.0,9.9,0.0,47.0,9.4,140.0,21.7
2023-04-13 02:00:00,1012.1,10.7,0.0,55.0,9.4,130.0,20.0
2023-04-13 03:00:00,1012.3,10.7,0.0,63.0,5.4,110.0,17.8
2023-04-13 04:00:00,1012.2,11.2,0.0,70.0,7.6,150.0,16.7
2023-04-13 05:00:00,1011.9,11.6,0.0,72.0,0.0,0.0,16.7
2023-04-13 06:00:00,1011.9,11.6,0.0,72.0,0.0,0.0,16.7
2023-04-13 07:00:00,1011.3,12.3,0.0,87.0,0.0,0.0,14.4
2023-04-13 08:00:00,1011.1,11.7,0.0,93.0,0.0,0.0,12.8
2023-04-13 09:00:00,1011.0,11.1,0.0,93.0,0.0,0.0,12.2
2023-04-13 10:00:00,1011.0,11.1,0.0,93.0,0.0,0.0,12.2
2023-04-13 11:00:00,1011.0,11.7,0.0,93.0,0.0,0.0,12.0
2023-04-13 12:00:00,1011.3,11.1,0.0,93.0,5.4,260.0,12.2
2023-04-13 13:00:00,1011.4,16.1,0.0,96.0,11.2,160.0,16.7
2023-04-13 14:00:00,1011.4,16.1,0.0,96.0,11.2,170.0,16.7
2023-04-13 15:00:00,1011.4,16.1,0.0,96.0,11.2,170.0,16.7
2023-04-13 16:00:00,1011.2,14.0,0.0,56.0,9.4,160.0,23.3
2023-04-13 17:00:00,1009.7,14.0,0.0,56.0,9.4,130.0,23.3
2023-04-13 18:00:00,1008.8,12.9,0.0,47.0,9.4,130.0,25.0
2023-04-13 19:00:00,1007.7,12.7,0.0,42.0,18.4,140.0,26.7
2023-04-13 20:00:00,1007.7,12.7,0.0,42.0,18.4,140.0,26.7
2023-04-13 21:00:00,1006.0,9.5,0.0,34.0,16.6,140.0,26.7
2023-04-13 22:00:00,1005.8,9.0,0.0,35.0,16.6,120.0,25.6
2023-04-13 23:00:00,1005.6,10.7,0.0,38.0,16.6,120.0,26.1
2023-04-14 00:00:00,1006.0,10.7,0.0,45.0,7.6,140.0,23.3
2023-04-14 01:00:00,1006.0,10.7,0.0,45.0,7.6,140.0,23.3
2023-04-14 02:00:00,1006.9,12.8,0.0,59.0,16.6,150.0,21.1
2023-04-14 03:00:00,1007.6,13.2,0.0,65.0,13.0,150.0,20.0
2023-04-14 04:00:00,1007.7,13.3,0.0,70.0,9.4,160.0,18.9
2023-04-14 05:00:00,1007.7,13.3,0.0,70.0,9.4,160.0,18.9
2023-04-14 06:00:00,1007.0,14.5,0.0,84.0,7.6,110.0,17.2
2023-04-14 07:00:00,1006.8,14.3,0.0,86.0,5.4,120.0,16.7
2023-04-14 08:00:00,1006.8,14.3,0.0,86.0,5.4,120.0,16.7
2023-04-14 09:00:00,1006.1,16.1,0.0,90.0,5.4,90.0,17.8
2023-04-14 10:00:00,1006.1,16.1,0.0,90.0,5.4,90.0,17.8
2023-04-14 11:00:00,1005.7,16.7,0.0,93.0,5.4,120.0,17.8
2023-04-14 12:00:00,1006.4,16.6,0.0,90.0,5.4,140.0,18.3
2023-04-14 13:00:00,1006.7,17.7,0.0,93.0,7.6,140.0,18.9
2023-04-14 14:00:00,1006.7,17.7,0.0,93.0,7.6,140.0,18.9
2023-04-14 15:00:00,1007.0,19.4,0.0,90.0,14.8,190.0,21.1
2023-04-14 16:00:00,1006.9,19.4,0.0,81.0,18.4,180.0,22.8
2023-04-14 17:00:00,1006.7,19.5,0.0,79.0,14.8,200.0,23.3
2023-04-14 18:00:00,1006.7,19.5,0.0,79.0,14.8,200.0,23.3
2023-04-14 19:00:00,1006.0,19.4,0.0,71.0,9.4,200.0,25.0
2023-04-14 20:00:00,1005.2,20.1,0.0,65.0,14.8,160.0,27.2
2023-04-14 21:00:00,1004.1,19.3,0.0,60.0,18.4,140.0,27.8
2023-04-14 22:00:00,1004.2,20.1,0.0,63.0,16.6,140.0,27.8
2023-04-14 23:00:00,1004.0,20.1,0.0,67.0,9.4,140.0,26.7
2023-04-15 00:00:00,1004.0,20.1,0.0,67.0,9.4,140.0,26.7
2023-04-15 01:00:00,1004.9,21.1,0.0,79.0,14.8,120.0,25.0
2023-04-15 02:00:00,1004.9,21.1,0.0,79.0,14.8,120.0,25.0
2023-04-15 03:00:00,1006.6,21.2,0.0,88.0,16.6,140.0,23.3
2023-04-15 04:00:00,1006.6,21.2,0.0,88.0,16.6,140.0,23.3
2023-04-15 05:00:00,1006.9,21.1,0.0,90.0,7.6,80.0,22.8
2023-04-15 06:00:00,1009.1,16.0,0.0,75.0,11.2,310.0,20.6
2023-04-15 07:00:00,1009.1,15.6,0.0,87.0,9.4,110.0,17.8
2023-04-15 08:00:00,1006.9,16.1,1.0,87.0,9.4,110.0,18.3
2023-04-15 09:00:00,1006.9,16.1,0.5,87.0,9.4,110.0,18.3
2023-04-15 10:00:00,1007.2,16.7,0.0,87.0,9.4,120.0,18.9
2023-04-15 11:00:00,1007.8,17.2,0.0,87.0,0.0,0.0,19.4
2023-04-15 12:00:00,1008.8,18.2,0.0,93.0,7.6,150.0,19.4
2023-04-15 13:00:00,1009.9,18.9,0.0,90.0,5.4,30.0,20.6
2023-04-15 14:00:00,1010.2,19.9,0.0,87.0,0.0,0.0,22.2
2023-04-15 15:00:00,1010.2,19.9,0.0,87.0,0.0,0.0,22.2
2023-04-15 16:00:00,1010.2,21.0,0.0,71.0,7.6,260.0,26.7
2023-04-15 17:00:00,1009.6,20.6,0.0,61.0,5.4,260.0,28.9
2023-04-15 18:00:00,1009.0,19.0,0.0,50.0,14.8,350.0,30.6
2023-04-15 19:00:00,1009.0,19.0,0.0,50.0,14.8,350.0,30.6
2023-04-15 20:00:00,1008.0,15.8,0.0,35.0,13.0,320.0,33.3
2023-04-15 21:00:00,1007.7,15.8,0.0,33.0,9.4,320.0,34.4
2023-04-15 22:00:00,1007.6,12.9,0.0,29.0,9.4,50.0,33.3
2023-04-15 23:00:00,1008.2,5.8,0.0,18.0,9.4,50.0,33.3
2023-04-16 00:00:00,1008.2,5.8,0.0,18.0,22.3,20.0,33.3
2023-04-16 01:00:00,1011.2,3.7,0.0,20.0,16.6,30.0,28.9
2023-04-16 02:00:00,1013.6,5.0,0.0,25.0,13.0,60.0,26.7
2023-04-16 03:00:00,1014.8,7.9,0.0,35.0,11.2,40.0,24.4
2023-04-16 04:00:00,1015.1,6.6,0.0,33.0,14.8,30.0,23.9
2023-04-16 05:00:00,1015.1,6.6,0.0,33.0,14.8,30.0,23.9
2023-04-16 06:00:00,1016.8,7.3,0.0,41.0,14.8,50.0,21.1
2023-04-16 07:00:00,1017.1,7.4,0.0,44.0,13.0,30.0,20.0
2023-04-16 08:00:00,1017.6,6.8,0.0,44.0,18.4,30.0,19.4
2023-04-16 09:00:00,1018.4,6.2,0.0,45.0,18.4,30.0,18.3
2023-04-16 10:00:00,1018.4,6.2,0.0,45.0,18.4,30.0,18.3
2023-04-16 11:00:00,1020.3,6.2,0.0,52.0,20.5,40.0,16.1
2023-04-16 12:00:00,1022.3,6.2,0.0,52.0,13.0,40.0,16.1
2023-04-16 13:00:00,1023.5,3.8,0.0,41.0,18.4,50.0,17.2
2023-04-16 14:00:00,1025.1,3.4,0.0,37.0,22.3,40.0,18.3
2023-04-16 15:00:00,1025.1,3.4,0.0,37.0,22.3,40.0,18.3
2023-04-16 16:00:00,1024.5,3.8,0.0,32.0,18.4,50.0,21.1
2023-04-16 17:00:00,1024.1,2.3,0.0,26.0,16.6,20.0,22.8
2023-04-16 18:00:00,1023.3,2.1,0.0,24.0,14.8,50.0,23.9
2023-04-16 19:00:00,1023.3,2.1,0.0,24.0,14.8,50.0,23.9
2023-04-16 20:00:00,1021.7,3.0,0.0,24.0,9.4,70.0,25.0
2023-04-16 21:00:00,1021.3,3.1,0.0,25.0,11.2,50.0,24.4
2023-04-16 22:00:00,1020.8,3.1,0.0,25.0,16.6,130.0,24.4
2023-04-16 23:00:00,1020.5,2.7,0.0,26.0,16.6,90.0,23.3
2023-04-17 00:00:00,1020.5,2.7,0.0,26.0,16.6,90.0,23.3
2023-04-17 01:00:00,1020.8,4.3,0.0,37.0,7.6,90.0,19.4
2023-04-17 02:00:00,1021.5,5.2,0.0,42.0,7.6,90.0,18.3
2023-04-17 03:00:00,1021.4,6.2,0.0,52.0,0.0,0.0,16.1
2023-04-17 04:00:00,1021.6,7.9,0.0,67.0,5.4,140.0,13.9
2023-04-17 05:00:00,1021.6,7.9,0.0,67.0,5.4,140.0,13.9
2023-04-17 06:00:00,1020.4,7.3,0.0,67.0,0.0,0.0,13.3
2023-04-17 07:00:00,1019.6,7.3,0.0,72.0,0.0,0.0,12.2
2023-04-17 08:00:00,1018.9,6.6,0.0,74.0,0.0,0.0,11.1
2023-04-17 09:00:00,1018.8,6.6,0.0,71.0,5.4,20.0,11.7
2023-04-17 10:00:00,1018.8,6.6,0.0,71.0,5.4,20.0,11.7
2023-04-17 11:00:00,1019.3,6.2,0.0,77.0,0.0,0.0,10.0
2023-04-17 12:00:00,1019.3,6.2,0.0,77.0,0.0,0.0,10.0
2023-04-17 13:00:00,1020.5,7.1,0.0,57.0,7.6,110.0,15.6
2023-04-17 14:00:00,1020.5,7.1,0.0,57.0,7.6,110.0,15.6
2023-04-17 15:00:00,1020.5,5.2,0.0,34.0,24.1,130.0,21.7
2023-04-17 16:00:00,1020.5,4.3,0.0,29.0,14.8,110.0,23.3
2023-04-17 17:00:00,1019.3,3.1,0.0,25.0,22.3,120.0,24.4
2023-04-17 18:00:00,1017.8,3.5,0.0,24.0,24.1,140.0,25.6
2023-04-17 19:00:00,1017.8,3.5,0.0,24.0,24.1,140.0,25.6
2023-04-17 20:00:00,1015.0,5.5,0.0,25.0,22.3,140.0,27.2
2023-04-17 21:00:00,1013.6,7.1,0.0,28.0,24.1,120.0,27.2
2023-04-17 22:00:00,1013.0,9.1,0.0,33.0,27.7,120.0,26.7
2023-04-17 23:00:00,1013.1,10.1,0.0,39.0,25.9,130.0,25.0
2023-04-18 00:00:00,1013.1,11.2,0.0,48.0,22.3,140.0,22.8
2023-04-18 01:00:00,1013.1,11.2,0.0,48.0,22.3,140.0,22.8
2023-04-18 02:00:00,1014.2,12.3,0.0,59.0,18.4,130.0,20.6
2023-04-18 03:00:00,1013.9,13.2,0.0,65.0,11.2,130.0,20.0
2023-04-18 04:00:00,1013.9,13.2,0.0,65.0,11.2,130.0,20.0
2023-04-18 05:00:00,1014.0,14.4,0.0,73.0,5.4,140.0,19.4
2023-04-18 06:00:00,1012.8,15.0,0.0,78.0,11.2,140.0,18.9
2023-04-18 07:00:00,1011.2,15.0,0.0,78.0,13.0,130.0,18.9
2023-04-18 08:00:00,1011.0,15.6,0.0,81.0,9.4,160.0,18.9
2023-04-18 09:00:00,1011.0,15.6,0.0,81.0,9.4,160.0,18.9
2023-04-18 10:00:00,1009.3,17.2,0.0,90.0,14.8,130.0,18.9
2023-04-18 11:00:00,1010.3,17.2,1.0,87.0,0.0,0.0,19.4
2023-04-18 12:00:00,1009.8,17.8,0.0,87.0,16.6,150.0,20.0
2023-04-18 13:00:00,1010.4,17.8,0.0,84.0,7.6,110.0,20.6
2023-04-18 14:00:00,1010.4,17.8,0.0,84.0,7.6,110.0,20.6
2023-04-18 15:00:00,1010.6,19.0,0.0,82.0,11.2,140.0,22.2
2023-04-18 16:00:00,1011.5,18.8,0.0,76.0,18.4,150.0,23.3
2023-04-18 17:00:00,1011.5,18.8,0.0,76.0,18.4,150.0,23.3
2023-04-18 18:00:00,1011.2,19.4,0.0,76.0,16.6,140.0,23.9
2023-04-18 19:00:00,1008.2,19.0,0.0,57.0,18.4,140.0,28.3
2023-04-18 20:00:00,1008.2,18.3,0.3,60.0,20.5,160.0,26.7
2023-04-18 21:00:00,1007.8,19.0,0.0,61.0,22.3,160.0,27.2
2023-04-18 22:00:00,1007.8,19.0,0.0,61.0,22.3,160.0,27.2
2023-04-18 23:00:00,1008.0,18.3,0.0,69.0,29.5,160.0,24.4
2023-04-19 00:00:00,1009.7,17.7,0.0,73.0,25.9,150.0,22.8
2023-04-19 01:00:00,1009.7,17.9,0.0,79.0,22.3,140.0,21.7
2023-04-19 02:00:00,1010.6,18.9,0.0,84.0,18.4,130.0,21.7
2023-04-19 03:00:00,1011.0,18.9,0.0,84.0,18.4,120.0,21.7
2023-04-19 04:00:00,1011.0,18.9,0.0,84.0,18.4,120.0,21.7
2023-04-19 05:00:00,1010.9,19.4,0.0,87.0,18.4,140.0,21.7
2023-04-19 06:00:00,1010.1,19.4,0.0,87.0,18.4,150.0,21.7
2023-04-19 07:00:00,1009.3,19.4,0.0,87.0,13.0,150.0,21.7
2023-04-19 08:00:00,1009.0,19.4,0.0,84.0,16.6,170.0,22.2
2023-04-19 09:00:00,1009.0,19.4,0.0,84.0,16.6,170.0,22.2
2023-04-19 10:00:00,1009.4,19.4,0.0,87.0,14.8,170.0,21.7
2023-04-19 11:00:00,1009.8,19.9,0.0,93.0,11.2,150.0,21.1
2023-04-19 12:00:00,1009.8,19.9,0.0,93.0,11.2,150.0,21.1
2023-04-19 13:00:00,1010.8,19.4,0.0,87.0,14.8,140.0,21.7
2023-04-19 14:00:00,1010.8,19.4,0.0,87.0,14.8,140.0,21.7
2023-04-19 15:00:00,1011.2,19.4,0.0,76.0,18.4,160.0,23.9
2023-04-19 16:00:00,1011.4,20.0,0.0,74.0,27.7,170.0,25.0
2023-04-19 17:00:00,1010.9,20.0,0.0,69.0,20.5,190.0,26.1
2023-04-19 18:00:00,1010.9,20.0,0.0,69.0,20.5,190.0,26.1
2023-04-19 19:00:00,1009.8,20.1,0.0,67.0,25.9,160.0,26.7
2023-04-19 20:00:00,1009.2,20.5,0.0,69.0,25.9,170.0,26.7
2023-04-19 21:00:00,1008.5,20.1,0.0,67.0,25.9,140.0,26.7
2023-04-19 22:00:00,1008.5,20.1,0.0,67.0,18.4,150.0,26.7
2023-04-19 23:00:00,1008.5,20.1,0.0,67.0,18.4,150.0,26.7
2023-04-20 00:00:00,1008.7,19.4,0.0,71.0,22.3,130.0,25.0
2023-04-20 01:00:00,1009.2,20.0,0.0,79.0,18.4,140.0,23.9
2023-04-20 02:00:00,1009.2,20.0,0.0,79.0,18.4,140.0,23.9
2023-04-20 03:00:00,1011.0,20.0,0.0,84.0,16.6,150.0,22.8
2023-04-20 04:00:00,1011.0,20.0,0.0,84.0,16.6,150.0,22.8
2023-04-20 05:00:00,1011.6,20.0,0.0,84.0,16.6,150.0,22.8
2023-04-20 06:00:00,1011.5,19.9,0.0,87.0,14.8,140.0,22.2
2023-04-20 07:00:00,1010.7,20.7,0.0,91.0,14.8,140.0,22.2
2023-04-20 08:00:00,1010.3,20.7,0.0,91.0,11.2,130.0,22.2
2023-04-20 09:00:00,1010.3,20.7,0.0,91.0,11.2,130.0,22.2
2023-04-20 10:00:00,1010.2,21.2,0.0,94.0,7.6,130.0,22.2
2023-04-20 11:00:00,1010.6,21.2,0.0,94.0,5.4,140.0,22.2
2023-04-20 12:00:00,1010.6,21.2,0.0,94.0,5.4,140.0,22.2
2023-04-20 13:00:00,1011.7,21.7,0.0,91.0,11.2,140.0,23.3
2023-04-20 14:00:00,1011.7,21.7,0.0,91.0,11.2,140.0,23.3
2023-04-20 15:00:00,1011.6,22.2,0.0,79.0,22.3,160.0,26.1
2023-04-20 16:00:00,1012.2,22.2,0.0,74.0,13.0,200.0,27.2
2023-04-20 17:00:00,1012.2,22.2,0.0,74.0,13.0,200.0,27.2
2023-04-20 18:00:00,1011.1,21.6,0.0,63.0,16.6,200.0,29.4
2023-04-20 19:00:00,1010.1,20.5,0.0,55.0,22.3,190.0,30.6
2023-04-20 20:00:00,1008.8,21.0,0.0,55.0,20.5,150.0,31.1
2023-04-20 21:00:00,1008.8,21.0,0.0,55.0,20.5,150.0,31.1
2023-04-20 22:00:00,1007.3,21.1,0.0,61.0,27.7,150.0,29.4
2023-04-20 23:00:00,1007.0,21.1,0.0,67.0,22.3,150.0,27.8
2023-04-21 00:00:00,1008.2,21.0,0.0,69.0,22.3,140.0,27.2
2023-04-21 01:00:00,1008.3,21.8,5.0,94.0,13.0,180.0,22.8
2023-04-21 02:00:00,1009.9,21.0,21.1,96.0,0.0,0.0,21.7
2023-04-21 03:00:00,1009.9,21.8,4.6,94.0,0.0,0.0,22.8
2023-04-21 04:00:00,1009.9,21.8,0.0,94.0,0.0,0.0,22.8
2023-04-21 05:00:00,1010.1,18.9,0.0,97.0,9.4,120.0,19.4
2023-04-21 06:00:00,1011.0,18.9,3.0,97.0,27.7,310.0,19.4
2023-04-21 07:00:00,1010.2,17.7,0.0,93.0,13.0,200.0,18.9
2023-04-21 08:00:00,1010.2,17.8,17.3,97.0,7.6,10.0,18.3
2023-04-21 09:00:00,1010.3,17.2,0.0,100.0,5.4,320.0,17.2
2023-04-21 10:00:00,1010.4,17.2,0.0,96.0,0.0,0.0,17.8
2023-04-21 11:00:00,1010.4,17.2,0.0,96.0,0.0,0.0,17.8
2023-04-21 12:00:00,1013.0,17.8,0.0,100.0,5.4,330.0,17.8
2023-04-21 13:00:00,1011.9,18.8,0.0,93.0,9.4,40.0,20.0
2023-04-21 14:00:00,1013.6,19.4,0.0,90.0,11.2,60.0,21.1
2023-04-21 15:00:00,1014.7,19.4,0.0,87.0,14.8,30.0,21.7
2023-04-21 16:00:00,1014.7,19.4,0.0,87.0,14.8,30.0,21.7
2023-04-21 17:00:00,1014.9,18.3,0.0,71.0,14.8,360.0,23.9
2023-04-21 18:00:00,1014.7,18.3,0.0,71.0,18.4,40.0,23.9
2023-04-21 19:00:00,1013.1,16.8,0.0,53.0,9.4,10.0,27.2
2023-04-21 20:00:00,1012.2,15.5,0.0,47.0,18.4,40.0,27.8
2023-04-21 21:00:00,1011.5,15.1,0.0,46.0,11.2,40.0,27.8
2023-04-21 22:00:00,1011.5,15.1,0.0,46.0,11.2,20.0,27.8
2023-04-21 23:00:00,1010.7,12.2,0.0,37.0,14.8,20.0,28.3
2023-04-22 00:00:00,1010.3,11.8,0.0,37.0,14.8,70.0,27.8
2023-04-22 01:00:00,1010.6,13.2,0.0,48.0,11.2,100.0,25.0
2023-04-22 02:00:00,1012.2,17.3,0.0,76.0,7.6,100.0,21.7
2023-04-22 03:00:00,1012.2,17.3,0.0,76.0,7.6,100.0,21.7
2023-04-22 04:00:00,1013.1,17.2,0.0,81.0,5.4,110.0,20.6
2023-04-22 05:00:00,1013.0,16.6,0.0,90.0,0.0,0.0,18.3
2023-04-22 06:00:00,1012.9,16.1,0.0,96.0,0.0,0.0,16.7
2023-04-22 07:00:00,1012.5,16.1,0.0,96.0,0.0,0.0,16.7
2023-04-22 08:00:00,1012.5,16.1,0.0,96.0,0.0,0.0,16.7
2023-04-22 09:00:00,1012.0,15.6,0.0,93.0,7.6,50.0,16.7
2023-04-22 10:00:00,1011.8,15.6,0.0,93.0,9.4,60.0,16.7
2023-04-22 11:00:00,1012.0,15.0,0.0,93.0,7.6,60.0,16.1
2023-04-22 12:00:00,1012.0,15.0,0.0,93.0,7.6,60.0,16.1
2023-04-22 13:00:00,1013.0,15.6,0.0,93.0,0.0,0.0,16.7
2023-04-22 14:00:00,1013.1,13.3,0.0,63.0,18.4,120.0,20.6
2023-04-22 15:00:00,1013.1,13.3,0.0,57.0,20.5,120.0,22.2
2023-04-22 16:00:00,1012.8,14.3,0.0,57.0,16.6,120.0,23.3
2023-04-22 17:00:00,1012.0,16.2,0.0,58.0,14.8,170.0,25.0
2023-04-22 18:00:00,1012.0,16.2,0.0,58.0,14.8,170.0,25.0
2023-04-22 19:00:00,1010.3,16.6,0.0,56.0,20.5,160.0,26.1
2023-04-22 20:00:00,1010.3,16.6,0.0,56.0,20.5,160.0,26.1
2023-04-22 21:00:00,1008.5,17.8,0.0,58.0,16.6,120.0,26.7
2023-04-22 22:00:00,1007.9,17.8,0.0,58.0,20.5,120.0,26.7
2023-04-22 23:00:00,1007.9,17.8,0.0,58.0,20.5,120.0,26.7
2023-04-23 00:00:00,1008.0,17.8,0.0,62.0,18.4,100.0,25.6
2023-04-23 01:00:00,1008.3,17.9,0.0,69.0,20.5,100.0,23.9
2023-04-23 02:00:00,1008.2,17.3,0.0,69.0,25.9,100.0,23.3
2023-04-23 03:00:00,1010.2,17.1,0.0,73.0,24.1,120.0,22.2
2023-04-23 04:00:00,1011.4,16.6,0.0,73.0,25.9,100.0,21.7
2023-04-23 05:00:00,1010.8,14.9,0.0,70.0,20.5,90.0,20.6
2023-04-23 06:00:00,1010.8,14.9,0.0,70.0,20.5,90.0,20.6
2023-04-23 07:00:00,1009.6,14.0,0.0,71.0,13.0,100.0,19.4
2023-04-23 08:00:00,1009.6,14.0,0.0,71.0,13.0,100.0,19.4
2023-04-23 09:00:00,1011.0,13.3,7.0,70.0,20.5,40.0,18.9
2023-04-23 10:00:00,1011.0,13.3,0.0,70.0,20.5,40.0,18.9
2023-04-23 11:00:00,1010.9,14.5,0.0,93.0,24.1,20.0,15.6
2023-04-23 12:00:00,1012.0,13.3,2.2,96.0,14.8,90.0,13.9
2023-04-23 13:00:00,1012.0,13.3,9.7,96.0,13.0,360.0,13.9
2023-04-23 14:00:00,1012.3,11.8,5.6,87.0,27.7,40.0,13.9
2023-04-23 15:00:00,1013.2,9.9,3.3,80.0,25.9,30.0,13.3
2023-04-23 16:00:00,1014.1,8.9,0.3,77.0,24.1,30.0,12.8
2023-04-23 17:00:00,1013.9,9.3,0.0,74.0,27.7,40.0,13.9
2023-04-23 18:00:00,1013.9,9.3,0.0,74.0,27.7,40.0,13.9
2023-04-23 19:00:00,1013.6,10.7,0.0,63.0,18.4,40.0,17.8
2023-04-23 20:00:00,1013.8,10.6,0.0,65.0,27.7,40.0,17.2
2023-04-23 21:00:00,1013.8,10.6,0.0,65.0,27.7,40.0,17.2
2023-04-23 22:00:00,1013.4,10.6,0.0,65.0,20.5,40.0,17.2
2023-04-23 23:00:00,1014.2,10.5,0.0,67.0,16.6,20.0,16.7
2023-04-24 00:00:00,1014.2,10.5,0.0,67.0,16.6,20.0,16.7
2023-04-24 01:00:00,1014.6,11.2,0.0,70.0,18.4,30.0,16.7
2023-04-24 02:00:00,1015.7,10.6,0.0,72.0,14.8,10.0,15.6
2023-04-24 03:00:00,1016.7,10.0,0.0,75.0,14.8,20.0,14.4
2023-04-24 04:00:00,1017.8,10.0,0.0,75.0,11.2,30.0,14.4
2023-04-24 05:00:00,1017.9,9.9,0.0,77.0,16.6,40.0,13.9
2023-04-24 06:00:00,1017.5,10.7,0.0,81.0,16.6,40.0,13.9
2023-04-24 07:00:00,1017.0,10.7,0.0,84.0,20.5,40.0,13.3
2023-04-24 08:00:00,1017.0,10.7,0.0,84.0,20.5,40.0,13.3
2023-04-24 09:00:00,1017.6,11.2,0.0,87.0,11.2,40.0,13.3
2023-04-24 10:00:00,1018.0,11.2,0.0,87.0,9.4,40.0,13.3
2023-04-24 11:00:00,1018.1,11.2,0.0,87.0,9.4,20.0,13.3
2023-04-24 12:00:00,1018.5,11.2,0.0,87.0,9.4,30.0,13.3
2023-04-24 13:00:00,1018.5,11.2,0.0,87.0,9.4,30.0,13.3
2023-04-24 14:00:00,1018.5,10.6,0.0,72.0,9.4,60.0,15.6
2023-04-24 15:00:00,1017.7,11.2,0.0,70.0,11.2,40.0,16.7
2023-04-24 16:00:00,1017.7,11.2,0.0,70.0,11.2,40.0,16.7
2023-04-24 17:00:00,1015.9,12.9,0.0,66.0,13.0,90.0,19.4
2023-04-24 18:00:00,1015.9,12.9,0.0,66.0,13.0,90.0,19.4
2023-04-24 19:00:00,1014.8,14.0,0.0,66.0,9.4,120.0,20.6
2023-04-24 20:00:00,1014.1,14.0,0.0,64.0,7.6,120.0,21.1
2023-04-24 21:00:00,1013.3,14.5,0.0,68.0,9.4,140.0,20.6
2023-04-24 22:00:00,1013.3,14.5,0.0,68.0,9.4,140.0,20.6
2023-04-24 23:00:00,1012.9,14.5,0.0,68.0,11.2,100.0,20.6
2023-04-25 00:00:00,1012.9,14.5,0.0,68.0,11.2,100.0,20.6
2023-04-25 01:00:00,1012.9,15.0,0.0,73.0,9.4,120.0,20.0
2023-04-25 02:00:00,1013.3,15.0,0.0,73.0,11.2,90.0,20.0
2023-04-25 03:00:00,1013.9,15.7,0.0,79.0,9.4,100.0,19.4
2023-04-25 04:00:00,1013.9,15.7,0.0,79.0,9.4,100.0,19.4
2023-04-25 05:00:00,1013.3,16.1,0.0,84.0,11.2,130.0,18.9
2023-04-25 06:00:00,1012.7,16.1,0.0,87.0,5.4,120.0,18.3
2023-04-25 07:00:00,1012.7,16.1,0.0,87.0,5.4,120.0,18.3
2023-04-25 08:00:00,1012.0,16.1,0.0,93.0,9.4,120.0,17.2
2023-04-25 09:00:00,1011.0,16.7,0.0,93.0,11.2,120.0,17.8
2023-04-25 10:00:00,1011.0,16.7,0.0,93.0,11.2,120.0,17.8
2023-04-25 11:00:00,1011.3,16.7,0.1,93.0,9.4,110.0,17.8
2023-04-25 12:00:00,1011.3,16.7,0.3,93.0,9.4,110.0,17.8
2023-04-25 13:00:00,1011.9,17.2,0.0,90.0,9.4,90.0,18.9
2023-04-25 14:00:00,1012.4,17.7,0.0,93.0,9.4,100.0,18.9
2023-04-25 15:00:00,1011.5,18.4,0.0,87.0,16.6,130.0,20.6
2023-04-25 16:00:00,1011.5,18.4,0.0,79.0,11.2,130.0,22.2
2023-04-25 17:00:00,1011.5,18.4,0.0,79.0,11.2,130.0,22.2
2023-04-25 18:00:00,1010.6,18.8,0.0,76.0,7.6,80.0,23.3
2023-04-25 19:00:00,1009.7,18.9,0.3,69.0,7.6,100.0,25.0
2023-04-25 20:00:00,1009.7,18.9,0.2,69.0,7.6,100.0,25.0
2023-04-25 21:00:00,1007.5,19.3,0.0,62.0,14.8,140.0,27.2
2023-04-25 22:00:00,1007.5,19.3,0.0,62.0,14.8,140.0,27.2
2023-04-25 23:00:00,1007.5,20.6,0.0,74.0,13.0,120.0,25.6
2023-04-26 00:00:00,1007.8,20.0,0.0,74.0,18.4,140.0,25.0
2023-04-26 01:00:00,1008.5,19.4,0.0,81.0,13.0,150.0,22.8
2023-04-26 02:00:00,1008.5,19.4,0.0,81.0,13.0,150.0,22.8
2023-04-26 03:00:00,1010.0,19.9,0.0,87.0,18.4,130.0,22.2
2023-04-26 04:00:00,1010.5,20.0,0.0,90.0,18.4,120.0,21.7
2023-04-26 05:00:00,1010.5,20.0,0.0,90.0,18.4,120.0,21.7
2023-04-26 06:00:00,1009.5,20.0,0.0,90.0,11.2,140.0,21.7
2023-04-26 07:00:00,1009.5,20.0,0.0,90.0,11.2,140.0,21.7
2023-04-26 08:00:00,1008.0,20.7,0.0,94.0,13.0,130.0,21.7
2023-04-26 09:00:00,1008.0,20.7,0.0,94.0,13.0,130.0,21.7
2023-04-26 10:00:00,1009.0,20.7,0.0,94.0,7.6,140.0,21.7
2023-04-26 11:00:00,1008.2,20.7,0.0,94.0,9.4,120.0,21.7
2023-04-26 12:00:00,1010.0,20.7,0.0,94.0,7.6,160.0,21.7
2023-04-26 13:00:00,1008.8,21.1,0.0,90.0,9.4,160.0,22.8
2023-04-26 14:00:00,1008.4,21.1,0.0,79.0,14.8,160.0,25.0
2023-04-26 15:00:00,1008.4,21.1,0.0,79.0,14.8,160.0,25.0
2023-04-26 16:00:00,1008.5,20.6,0.0,74.0,13.0,180.0,25.6
2023-04-26 17:00:00,1008.3,21.1,0.0,67.0,16.6,180.0,27.8
2023-04-26 18:00:00,1006.8,21.2,0.0,63.0,18.4,170.0,28.9
2023-04-26 19:00:00,1006.8,21.2,0.0,63.0,18.4,170.0,28.9
2023-04-26 20:00:00,1005.0,20.6,0.0,57.0,20.5,140.0,30.0
2023-04-26 21:00:00,1004.4,20.0,0.0,55.0,16.6,160.0,30.0
2023-04-26 22:00:00,1004.4,20.0,0.0,55.0,16.6,160.0,30.0
2023-04-26 23:00:00,1004.3,20.0,0.0,55.0,18.4,160.0,30.0
2023-04-27 00:00:00,1004.4,20.1,0.0,65.0,13.0,160.0,27.2
2023-04-27 01:00:00,1005.0,19.5,0.0,69.0,11.2,170.0,25.6
2023-04-27 02:00:00,1005.0,19.5,0.0,69.0,11.2,170.0,25.6
2023-04-27 03:00:00,1006.6,20.1,0.0,82.0,9.4,160.0,23.3
2023-04-27 04:00:00,1005.9,21.1,0.0,90.0,16.6,170.0,22.8
2023-04-27 05:00:00,1005.9,21.1,0.0,90.0,16.6,170.0,22.8
2023-04-27 06:00:00,1006.6,20.7,0.0,91.0,0.0,0.0,22.2
2023-04-27 07:00:00,1007.8,20.0,0.0,90.0,11.2,350.0,21.7
2023-04-27 08:00:00,1008.9,17.7,0.2,93.0,11.2,40.0,18.9
2023-04-27 09:00:00,1008.9,17.7,5.6,93.0,11.2,40.0,18.9
2023-04-27 10:00:00,1008.6,17.1,1.3,93.0,14.8,20.0,18.3
2023-04-27 11:00:00,1010.2,15.6,0.0,87.0,9.4,20.0,17.8
2023-04-27 12:00:00,1010.6,16.1,0.0,87.0,14.8,50.0,18.3
2023-04-27 13:00:00,1010.6,16.1,0.0,87.0,14.8,50.0,18.3
2023-04-27 14:00:00,1011.4,14.9,0.0,70.0,16.6,350.0,20.6
2023-04-27 15:00:00,1012.0,15.5,0.0,66.0,14.8,340.0,22.2
2023-04-27 16:00:00,1012.2,15.7,0.0,60.0,7.6,340.0,23.9
2023-04-27 17:00:00,1012.2,15.7,0.0,60.0,7.6,340.0,23.9
2023-04-27 18:00:00,1010.7,13.2,0.0,45.0,7.6,340.0,26.1
2023-04-27 19:00:00,1009.5,12.8,0.0,41.0,0.0,0.0,27.2
2023-04-27 20:00:00,1008.3,12.2,0.0,38.0,7.6,320.0,27.8
2023-04-27 21:00:00,1008.3,12.2,0.0,38.0,7.6,320.0,27.8
2023-04-27 22:00:00,1007.2,10.9,0.0,34.0,9.0,210.0,28.3
2023-04-27 23:00:00,1006.7,11.0,0.0,33.0,9.4,210.0,28.9
2023-04-28 00:00:00,1006.7,12.0,0.0,39.0,13.0,170.0,27.2
2023-04-28 01:00:00,1007.1,14.5,0.0,52.0,7.6,130.0,25.0
2023-04-28 02:00:00,1007.6,14.4,0.0,59.0,9.4,120.0,22.8
2023-04-28 03:00:00,1008.4,14.5,0.0,68.0,0.0,0.0,20.6
2023-04-28 04:00:00,1008.3,15.5,0.0,84.0,7.6,180.0,18.3
2023-04-28 05:00:00,1008.1,17.2,0.0,87.0,0.0,0.0,19.4
2023-04-28 06:00:00,1007.9,17.1,0.0,93.0,0.0,0.0,18.3
2023-04-28 07:00:00,1007.9,17.1,0.0,93.0,0.0,0.0,18.3
2023-04-28 08:00:00,1007.1,17.1,0.0,93.0,0.0,0.0,18.3
2023-04-28 09:00:00,1007.0,17.8,0.0,97.0,0.0,0.0,18.3
2023-04-28 10:00:00,1006.8,18.9,0.0,97.0,5.4,170.0,19.4
2023-04-28 11:00:00,1007.6,18.9,0.0,97.0,7.6,210.0,19.4
2023-04-28 12:00:00,1007.6,18.9,0.0,97.0,7.6,210.0,19.4
2023-04-28 13:00:00,1008.7,19.3,0.0,96.0,13.0,210.0,20.0
2023-04-28 14:00:00,1008.5,19.4,0.0,90.0,9.4,190.0,21.1
2023-04-28 15:00:00,1007.8,20.0,0.0,84.0,9.4,170.0,22.8
2023-04-28 16:00:00,1007.8,20.0,0.0,84.0,9.4,170.0,22.8
2023-04-28 17:00:00,1006.9,20.7,0.0,72.0,18.4,160.0,26.1
2023-04-28 18:00:00,1006.1,20.5,0.0,67.0,16.6,180.0,27.2
2023-04-28 19:00:00,1005.1,20.6,0.0,63.0,18.4,150.0,28.3
2023-04-28 20:00:00,1003.5,21.7,0.0,59.0,20.5,170.0,30.6
2023-04-28 21:00:00,1003.5,21.7,0.0,59.0,20.5,170.0,30.6
2023-04-28 22:00:00,1001.5,21.1,0.0,57.0,31.7,190.0,30.6
2023-04-28 23:00:00,1001.7,20.6,0.0,63.0,20.5,180.0,28.3
2023-04-29 00:00:00,1008.0,14.9,0.0,70.0,37.1,340.0,20.6
2023-04-29 01:00:00,1007.1,17.8,0.0,87.0,11.2,10.0,20.0
2023-04-29 02:00:00,1009.2,16.1,1.0,73.0,22.3,350.0,21.1
2023-04-29 03:00:00,1011.2,12.7,0.0,63.0,31.7,340.0,20.0
2023-04-29 04:00:00,1011.9,11.1,0.0,63.0,29.5,10.0,18.3
2023-04-29 05:00:00,1012.8,10.0,0.0,67.0,33.5,340.0,16.1
2023-04-29 06:00:00,1013.6,9.5,0.0,67.0,22.3,330.0,15.6
2023-04-29 07:00:00,1013.8,8.2,0.0,64.0,18.4,340.0,15.0
2023-04-29 08:00:00,1013.2,7.3,0.0,60.0,25.9,340.0,15.0
2023-04-29 09:00:00,1014.7,7.2,0.0,62.0,24.1,320.0,14.4
2023-04-29 10:00:00,1015.1,7.7,0.0,69.0,14.8,290.0,13.3
2023-04-29 11:00:00,1015.1,7.7,0.0,69.0,14.8,290.0,13.3
2023-04-29 12:00:00,1016.8,7.2,0.0,64.0,13.0,290.0,13.9
2023-04-29 13:00:00,1017.1,6.8,0.0,54.0,18.4,320.0,16.1
2023-04-29 14:00:00,1017.5,5.5,0.0,43.0,18.4,320.0,18.3
2023-04-29 15:00:00,1017.2,4.9,0.0,37.0,25.9,350.0,20.0
2023-04-29 16:00:00,1017.2,4.9,0.0,37.0,27.7,340.0,20.0
2023-04-29 17:00:00,1016.4,3.8,0.0,30.0,27.7,340.0,22.2
2023-04-29 18:00:00,1015.7,3.2,0.0,27.0,20.5,310.0,23.3
2023-04-29 19:00:00,1014.8,3.1,0.0,25.0,20.5,320.0,24.4
2023-04-29 20:00:00,1013.8,3.5,0.0,24.0,22.3,330.0,25.6
2023-04-29 21:00:00,1013.8,3.5,0.0,24.0,22.3,330.0,25.6
2023-04-29 22:00:00,1012.3,0.4,0.0,18.0,11.2,320.0,26.7
2023-04-29 23:00:00,1012.1,0.4,0.0,18.0,18.4,330.0,26.7
2023-04-30 00:00:00,1012.6,1.9,0.0,23.0,11.2,360.0,24.4
2023-04-30 01:00:00,1012.6,1.9,0.0,23.0,11.2,360.0,24.4
2023-04-30 02:00:00,1013.0,1.7,0.0,25.0,5.4,350.0,22.8
2023-04-30 03:00:00,1014.1,7.9,0.0,56.0,0.0,0.0,16.7
2023-04-30 04:00:00,1014.1,8.3,0.0,60.0,5.4,290.0,16.1
2023-04-30 05:00:00,1014.4,8.3,0.0,67.0,0.0,0.0,14.4
2023-04-30 06:00:00,1014.4,8.3,0.0,67.0,0.0,0.0,14.4
2023-04-30 07:00:00,1013.8,9.4,0.0,83.0,0.0,0.0,12.2
2023-04-30 08:00:00,1013.8,9.4,0.0,89.0,5.4,230.0,11.1
2023-04-30 09:00:00,1013.8,8.9,0.0,83.0,5.4,300.0,11.7
2023-04-30 10:00:00,1013.8,8.9,0.0,83.0,5.4,300.0,11.7
2023-04-30 11:00:00,1014.0,8.9,0.0,83.0,0.0,0.0,11.7
2023-04-30 12:00:00,1014.5,9.4,0.0,80.0,5.4,280.0,12.8
2023-04-30 13:00:00,1014.4,9.4,0.0,80.0,5.4,300.0,12.8
2023-04-30 14:00:00,1014.4,8.8,0.0,52.0,14.8,240.0,18.9
2023-04-30 15:00:00,1014.4,7.2,0.0,32.0,11.2,230.0,25.0
2023-04-30 16:00:00,1014.4,7.2,0.0,32.0,11.2,230.0,25.0
2023-04-30 17:00:00,1013.0,7.3,0.0,25.0,14.8,210.0,29.4
2023-04-30 18:00:00,1012.1,6.5,0.0,22.0,11.2,230.0,30.6
2023-04-30 19:00:00,1011.0,6.9,0.0,22.0,13.0,210.0,31.1
2023-04-30 20:00:00,1011.0,6.9,0.0,22.0,13.0,210.0,31.1
2023-04-30 21:00:00,1009.1,6.0,0.0,20.0,13.0,200.0,31.7
2023-04-30 22:00:00,1008.5,6.2,0.0,21.0,14.8,190.0,31.1
2023-04-30 23:00:00,1008.5,6.2,0.0,21.0,14.8,190.0,31.1
2023-05-01 00:00:00,1008.1,7.8,0.0,25.0,18.4,160.0,30.0
2023-05-01 01:00:00,1007.9,8.2,0.0,31.0,11.2,150.0,26.7
2023-05-01 02:00:00,1008.0,9.1,0.0,39.0,9.4,160.0,23.9
2023-05-01 03:00:00,1009.4,9.6,0.0,46.0,16.6,160.0,21.7
2023-05-01 04:00:00,1009.4,9.6,0.0,46.0,16.6,160.0,21.7
2023-05-01 05:00:00,1008.2,6.9,0.0,41.0,14.8,180.0,20.6
2023-05-01 06:00:00,1008.2,6.9,0.0,41.0,14.8,180.0,20.6
2023-05-01 07:00:00,1008.0,9.4,0.0,60.0,0.0,0.0,17.2
2023-05-01 08:00:00,1007.7,10.6,0.0,75.0,5.4,210.0,15.0
2023-05-01 09:00:00,1007.7,11.1,0.0,83.0,0.0,0.0,13.9
2023-05-01 10:00:00,1007.7,11.1,0.0,83.0,0.0,0.0,13.9
2023-05-01 11:00:00,1008.8,11.2,0.0,81.0,9.4,40.0,14.4
2023-05-01 12:00:00,1009.6,11.7,0.0,70.0,11.2,50.0,17.2
2023-05-01 13:00:00,1010.5,11.2,0.0,59.0,13.0,60.0,19.4
2023-05-01 14:00:00,1010.9,11.7,0.0,53.0,16.6,70.0,21.7
2023-05-01 15:00:00,1010.8,12.4,0.0,47.0,13.0,90.0,24.4
2023-05-01 16:00:00,1010.8,12.4,0.0,47.0,13.0,90.0,24.4
2023-05-01 17:00:00,1009.4,14.1,0.0,43.0,18.4,150.0,27.8
2023-05-01 18:00:00,1009.0,15.1,0.0,46.0,14.8,130.0,27.8
2023-05-01 19:00:00,1008.4,15.8,0.0,45.0,18.4,100.0,28.9
2023-05-01 20:00:00,1008.4,15.8,0.0,45.0,18.4,100.0,28.9
2023-05-01 21:00:00,1008.0,16.2,0.0,48.0,16.6,90.0,28.3
2023-05-01 22:00:00,1007.3,16.8,0.0,48.0,18.4,100.0,28.9
2023-05-01 23:00:00,1006.9,17.1,0.0,49.0,20.5,100.0,28.9
2023-05-02 00:00:00,1006.9,17.9,0.0,57.0,14.8,90.0,27.2
2023-05-02 01:00:00,1006.9,17.9,0.0,57.0,14.8,90.0,27.2
2023-05-02 02:00:00,1007.3,17.8,0.0,62.0,13.0,110.0,25.6
2023-05-02 03:00:00,1009.0,18.4,0.0,79.0,16.6,130.0,22.2
2023-05-02 04:00:00,1009.3,18.9,0.0,87.0,16.6,130.0,21.1
2023-05-02 05:00:00,1009.2,18.9,0.0,90.0,11.2,120.0,20.6
2023-05-02 06:00:00,1009.2,18.9,0.0,90.0,11.2,120.0,20.6
2023-05-02 07:00:00,1008.8,19.4,0.0,90.0,13.0,130.0,21.1
2023-05-02 08:00:00,1008.8,19.4,0.0,90.0,13.0,130.0,21.1
2023-05-02 09:00:00,1008.9,19.4,0.0,93.0,7.6,120.0,20.6
2023-05-02 10:00:00,1008.9,19.4,0.0,93.0,7.6,120.0,20.6
2023-05-02 11:00:00,1010.1,19.4,0.0,93.0,13.0,100.0,20.6
2023-05-02 12:00:00,1010.6,19.4,0.0,90.0,14.8,120.0,21.1
2023-05-02 13:00:00,1010.8,19.4,0.0,87.0,18.4,100.0,21.7
2023-05-02 14:00:00,1011.4,19.4,0.0,81.0,18.4,110.0,22.8
2023-05-02 15:00:00,1011.4,19.4,0.0,81.0,18.4,110.0,22.8
2023-05-02 16:00:00,1011.4,18.8,0.0,71.0,18.4,100.0,24.4
2023-05-02 17:00:00,1011.7,18.2,0.0,66.0,16.6,110.0,25.0
2023-05-02 18:00:00,1011.5,18.3,0.0,69.0,18.4,140.0,24.4
2023-05-02 19:00:00,1011.1,18.3,0.0,64.0,9.4,100.0,25.6
2023-05-02 20:00:00,1010.3,18.3,0.0,64.0,14.8,90.0,25.6
2023-05-02 21:00:00,1010.3,18.3,0.0,64.0,14.8,90.0,25.6
2023-05-02 22:00:00,1009.4,19.0,0.0,61.0,14.8,110.0,27.2
2023-05-02 23:00:00,1008.9,18.8,0.0,62.0,13.0,80.0,26.7
2023-05-03 00:00:00,1009.2,18.9,0.0,69.0,13.0,80.0,25.0
2023-05-03 01:00:00,1009.2,18.9,0.0,69.0,13.0,80.0,25.0
2023-05-03 02:00:00,1011.5,18.8,0.0,76.0,5.4,90.0,23.3
2023-05-03 03:00:00,1011.8,18.9,0.0,84.0,9.4,110.0,21.7
2023-05-03 04:00:00,1012.3,18.9,0.0,87.0,0.0,0.0,21.1
2023-05-03 05:00:00,1012.3,18.9,0.0,87.0,0.0,0.0,21.1
2023-05-03 06:00:00,1011.6,18.2,0.0,93.0,7.6,130.0,19.4
2023-05-03 07:00:00,1011.6,18.2,0.0,93.0,7.6,130.0,19.4
2023-05-03 08:00:00,1012.2,18.9,0.0,90.0,0.0,0.0,20.6
2023-05-03 09:00:00,1011.9,19.4,0.0,93.0,7.6,60.0,20.6
2023-05-03 10:00:00,1011.9,19.4,0.0,93.0,7.6,60.0,20.6
2023-05-03 11:00:00,1013.8,18.8,0.0,93.0,0.0,0.0,20.0
2023-05-03 12:00:00,1013.9,18.8,0.0,93.0,7.6,110.0,20.0
2023-05-03 13:00:00,1013.9,18.9,0.0,84.0,7.6,80.0,21.7
2023-05-03 14:00:00,1013.5,18.8,0.0,76.0,11.2,70.0,23.3
2023-05-03 15:00:00,1013.5,18.8,0.0,76.0,11.2,70.0,23.3
2023-05-03 16:00:00,1013.3,17.7,0.0,60.0,11.2,90.0,26.1
2023-05-03 17:00:00,1013.3,17.7,0.0,60.0,11.2,90.0,26.1
2023-05-03 18:00:00,1012.6,17.2,0.0,56.0,11.2,100.0,26.7
2023-05-03 19:00:00,1011.7,16.2,0.0,48.0,22.3,100.0,28.3
2023-05-03 20:00:00,1010.8,14.9,0.0,44.0,11.2,80.0,28.3
2023-05-03 21:00:00,1009.8,13.8,0.0,41.0,14.8,130.0,28.3
2023-05-03 22:00:00,1009.8,13.8,0.0,41.0,14.8,130.0,28.3
2023-05-03 23:00:00,1009.8,16.1,0.0,49.0,9.4,120.0,27.8
2023-05-04 00:00:00,1009.8,16.1,0.0,49.0,9.4,120.0,27.8
2023-05-04 01:00:00,1010.6,17.2,0.0,64.0,13.0,120.0,24.4
2023-05-04 02:00:00,1010.6,17.2,0.0,64.0,13.0,120.0,24.4
2023-05-04 03:00:00,1011.3,18.4,0.0,74.0,11.2,140.0,23.3
2023-05-04 04:00:00,1011.5,19.0,0.0,79.0,13.0,145.0,22.8
2023-05-04 05:00:00,1013.0,19.7,0.0,87.0,9.0,110.0,22.0
2023-05-04 06:00:00,1011.4,19.4,0.0,90.0,9.4,120.0,21.1
2023-05-04 07:00:00,1010.7,19.9,0.0,93.0,13.0,160.0,21.1
2023-05-04 08:00:00,1010.7,19.9,0.0,93.0,13.0,160.0,21.1
2023-05-04 09:00:00,1010.0,19.9,0.0,96.0,5.4,150.0,20.6
2023-05-04 10:00:00,1010.0,19.9,0.0,93.0,5.4,160.0,21.1
2023-05-04 11:00:00,1010.6,19.9,0.0,93.0,5.4,130.0,21.1
2023-05-04 12:00:00,1011.6,20.7,0.0,94.0,0.0,0.0,21.7
2023-05-04 13:00:00,1011.6,20.7,0.0,94.0,0.0,0.0,21.7
2023-05-04 14:00:00,1012.1,21.0,0.0,84.0,13.0,150.0,23.9
2023-05-04 15:00:00,1012.1,21.0,0.0,84.0,13.0,150.0,23.9
2023-05-04 16:00:00,1011.9,21.1,0.0,79.0,9.4,180.0,25.0
2023-05-04 17:00:00,1013.0,21.1,0.0,79.0,9.4,160.0,25.0
2023-05-04 18:00:00,1010.8,21.8,0.0,68.0,14.8,150.0,28.3
2023-05-04 19:00:00,1010.8,21.8,0.0,68.0,14.8,150.0,28.3
2023-05-04 20:00:00,1009.0,21.2,0.0,63.0,9.4,90.0,28.9
2023-05-04 21:00:00,1008.0,21.2,0.0,63.0,13.0,90.0,28.9
2023-05-04 22:00:00,1007.3,21.7,0.0,65.0,20.5,140.0,28.9
2023-05-04 23:00:00,1007.3,21.7,0.0,65.0,20.5,140.0,28.9
2023-05-05 00:00:00,1008.0,21.1,0.0,65.0,16.6,150.0,28.3
2023-05-05 01:00:00,1008.4,21.8,0.0,70.0,9.4,150.0,27.8
2023-05-05 02:00:00,1008.4,21.8,0.0,77.0,20.5,150.0,26.1
2023-05-05 03:00:00,1009.1,22.3,0.0,82.0,20.5,150.0,25.6
2023-05-05 04:00:00,1009.1,22.3,0.0,82.0,29.5,170.0,25.6
2023-05-05 05:00:00,1008.9,22.3,0.0,88.0,13.0,200.0,24.4
2023-05-05 06:00:00,1009.2,22.9,0.0,88.0,9.4,150.0,25.0
2023-05-05 07:00:00,1008.1,22.8,0.0,91.0,5.4,120.0,24.4
2023-05-05 08:00:00,1008.1,22.9,0.0,94.0,5.4,60.0,23.9
2023-05-05 09:00:00,1008.7,21.7,0.0,97.0,0.0,0.0,22.2
2023-05-05 10:00:00,1008.7,21.7,0.0,97.0,0.0,0.0,22.2
2023-05-05 11:00:00,1009.0,22.1,0.0,96.0,0.0,0.0,22.8
2023-05-05 12:00:00,1012.0,22.1,0.0,96.0,7.6,170.0,22.8
2023-05-05 13:00:00,1010.9,22.9,0.0,88.0,5.4,170.0,25.0
2023-05-05 14:00:00,1010.9,22.9,0.0,88.0,5.4,170.0,25.0
2023-05-05 15:00:00,1011.1,22.3,0.0,70.0,14.8,200.0,28.3
2023-05-05 16:00:00,1011.1,22.3,0.0,70.0,14.8,200.0,28.3
2023-05-05 17:00:00,1010.1,22.1,0.0,59.0,9.4,190.0,31.1
2023-05-05 18:00:00,1009.0,21.8,0.0,51.0,13.0,170.0,33.3
2023-05-05 19:00:00,1009.0,21.8,0.0,51.0,13.0,170.0,33.3
2023-05-05 20:00:00,1007.6,21.7,0.0,46.0,14.8,190.0,35.0
2023-05-05 21:00:00,1006.9,21.1,0.0,46.0,18.4,170.0,34.4
2023-05-05 22:00:00,1006.5,21.7,0.0,49.0,22.3,160.0,33.9
2023-05-05 23:00:00,1006.3,22.3,0.0,56.0,22.3,170.0,32.2
2023-05-06 00:00:00,1006.3,22.3,0.0,56.0,22.3,170.0,32.2
2023-05-06 01:00:00,1007.5,22.9,0.0,70.0,16.6,160.0,28.9
2023-05-06 02:00:00,1007.5,22.9,0.0,70.0,16.6,160.0,28.9
2023-05-06 03:00:00,1009.0,23.4,0.0,77.0,14.8,120.0,27.8
2023-05-06 04:00:00,1010.0,22.8,0.0,82.0,18.4,140.0,26.1
2023-05-06 05:00:00,1010.5,23.3,0.0,87.0,13.0,90.0,25.6
2023-05-06 06:00:00,1012.0,23.3,0.0,87.0,13.0,80.0,25.6
2023-05-06 07:00:00,1011.7,22.9,0.0,85.0,14.8,100.0,25.6
2023-05-06 08:00:00,1011.7,22.9,0.0,85.0,14.8,100.0,25.6
2023-05-06 09:00:00,1011.2,22.9,0.0,88.0,16.6,110.0,25.0
2023-05-06 10:00:00,1010.7,22.8,0.0,91.0,18.4,130.0,24.4
2023-05-06 11:00:00,1011.0,22.8,0.0,91.0,13.0,140.0,24.4
2023-05-06 12:00:00,1011.5,22.3,0.0,85.0,22.3,140.0,25.0
2023-05-06 13:00:00,1011.5,22.2,0.0,79.0,18.4,150.0,26.1
2023-05-06 14:00:00,1011.5,22.2,0.0,79.0,18.4,150.0,26.1
2023-05-06 15:00:00,1012.1,22.8,0.0,79.0,18.4,150.0,26.7
2023-05-06 16:00:00,1012.1,22.8,0.0,72.0,13.0,160.0,28.3
2023-05-06 17:00:00,1011.7,24.0,0.0,68.0,14.8,160.0,30.6
2023-05-06 18:00:00,1011.2,23.3,0.0,61.0,14.8,160.0,31.7
2023-05-06 19:00:00,1010.7,23.3,0.0,61.0,13.0,150.0,31.7
2023-05-06 20:00:00,1010.7,23.3,0.0,61.0,13.0,150.0,31.7
2023-05-06 21:00:00,1010.2,22.8,0.0,63.0,13.0,140.0,30.6
2023-05-06 22:00:00,1009.6,23.3,0.0,65.0,11.2,150.0,30.6
2023-05-06 23:00:00,1008.5,23.2,0.0,67.0,18.4,130.0,30.0
2023-05-07 00:00:00,1008.5,23.2,0.0,67.0,18.4,130.0,30.0
2023-05-07 01:00:00,1009.4,22.8,0.0,77.0,20.5,140.0,27.2
2023-05-07 02:00:00,1009.4,22.8,0.0,77.0,20.5,140.0,27.2
2023-05-07 03:00:00,1010.5,23.4,0.0,85.0,22.3,130.0,26.1
2023-05-07 04:00:00,1011.7,22.3,0.0,82.0,24.1,140.0,25.6
2023-05-07 05:00:00,1012.5,22.3,0.0,85.0,14.8,110.0,25.0
2023-05-07 06:00:00,1012.3,22.3,0.0,88.0,18.4,130.0,24.4
2023-05-07 07:00:00,1012.2,22.3,0.0,88.0,20.5,140.0,24.4
2023-05-07 08:00:00,1011.7,22.3,0.0,88.0,11.2,110.0,24.4
2023-05-07 09:00:00,1011.7,22.3,0.0,88.0,11.2,110.0,24.4
2023-05-07 10:00:00,1012.1,22.2,0.0,90.0,5.4,70.0,23.9
2023-05-07 11:00:00,1012.1,22.3,0.0,88.0,7.6,20.0,24.4
2023-05-07 12:00:00,1012.6,22.9,0.0,94.0,9.4,350.0,23.9
2023-05-07 13:00:00,1013.2,22.8,0.0,91.0,7.6,60.0,24.4
2023-05-07 14:00:00,1013.2,22.8,0.0,91.0,7.6,60.0,24.4
2023-05-07 15:00:00,1013.4,20.5,0.0,87.0,24.1,130.0,22.8
2023-05-07 16:00:00,1012.5,20.0,0.3,79.0,20.5,130.0,23.9
2023-05-07 17:00:00,1012.8,19.5,0.0,74.0,18.4,120.0,24.4
2023-05-07 18:00:00,1013.0,20.7,0.0,77.0,14.8,110.0,25.0
2023-05-07 19:00:00,1013.0,20.7,0.3,77.0,14.8,110.0,25.0
2023-05-07 20:00:00,1011.5,19.5,1.6,67.0,27.7,140.0,26.1
2023-05-07 21:00:00,1010.4,19.3,0.0,60.0,33.5,140.0,27.8
2023-05-07 22:00:00,1009.8,17.8,0.0,58.0,22.3,150.0,26.7
2023-05-07 23:00:00,1009.8,17.8,0.0,58.0,22.3,150.0,26.7
2023-05-08 00:00:00,1009.8,19.0,0.0,67.0,9.4,160.0,25.6
2023-05-08 01:00:00,1009.8,19.5,0.0,74.0,0.0,0.0,24.4
2023-05-08 02:00:00,1011.6,20.1,0.0,82.0,5.4,260.0,23.3
2023-05-08 03:00:00,1011.6,20.1,0.0,82.0,5.4,260.0,23.3
2023-05-08 04:00:00,1012.7,20.6,0.0,85.0,5.4,250.0,23.3
2023-05-08 05:00:00,1012.5,20.5,0.0,87.0,11.2,170.0,22.8
2023-05-08 06:00:00,1012.5,21.0,0.0,84.0,24.1,130.0,23.9
2023-05-08 07:00:00,1009.3,21.0,0.0,84.0,24.1,130.0,23.9
2023-05-08 08:00:00,1009.5,21.7,0.0,91.0,5.4,190.0,23.3
2023-05-08 09:00:00,1009.2,21.7,0.0,91.0,13.0,120.0,23.3
2023-05-08 10:00:00,1009.6,21.2,0.0,94.0,11.2,40.0,22.2
2023-05-08 11:00:00,1010.7,21.0,0.0,96.0,11.2,60.0,21.7
2023-05-08 12:00:00,1011.3,21.2,0.0,94.0,7.6,60.0,22.2
2023-05-08 13:00:00,1011.3,21.2,0.0,94.0,7.6,60.0,22.2
2023-05-08 14:00:00,1011.4,22.3,0.0,82.0,11.2,120.0,25.6
2023-05-08 15:00:00,1011.1,22.7,0.0,74.0,13.0,140.0,27.8
2023-05-08 16:00:00,1011.0,22.7,0.0,65.0,24.1,150.0,30.0
2023-05-08 17:00:00,1010.8,21.7,0.0,61.0,18.4,170.0,30.0
2023-05-08 18:00:00,1010.6,22.2,0.0,61.0,18.4,170.0,30.6
2023-05-08 19:00:00,1010.6,22.2,0.0,61.0,18.4,170.0,30.6
2023-05-08 20:00:00,1009.1,21.7,0.0,52.0,18.4,180.0,32.8
2023-05-08 21:00:00,1008.0,21.7,0.0,54.0,14.8,170.0,32.2
2023-05-08 22:00:00,1007.9,22.7,0.0,61.0,14.8,140.0,31.1
2023-05-08 23:00:00,1008.1,22.7,0.0,61.0,22.3,120.0,31.1
2023-05-09 00:00:00,1008.1,22.7,0.0,61.0,22.3,120.0,31.1
2023-05-09 01:00:00,1009.7,21.7,0.0,72.0,27.7,120.0,27.2
2023-05-09 02:00:00,1011.3,21.8,0.0,77.0,22.3,130.0,26.1
2023-05-09 03:00:00,1012.0,21.7,0.0,82.0,22.3,130.0,25.0
2023-05-09 04:00:00,1012.0,21.7,0.0,82.0,31.7,140.0,25.0
2023-05-09 05:00:00,1012.1,21.7,0.0,85.0,14.8,120.0,24.4
2023-05-09 06:00:00,1012.4,21.8,0.0,88.0,9.4,110.0,23.9
2023-05-09 07:00:00,1012.4,21.8,0.0,88.0,9.4,110.0,23.9
2023-05-09 08:00:00,1012.4,16.7,0.0,87.0,38.9,320.0,18.9
2023-05-09 09:00:00,1011.0,16.0,0.0,78.0,16.6,340.0,20.0
2023-05-09 10:00:00,1009.1,16.0,0.5,78.0,11.2,340.0,20.0
2023-05-09 11:00:00,1009.8,17.2,0.0,90.0,18.4,130.0,18.9
2023-05-09 12:00:00,1008.3,17.1,0.3,93.0,9.4,60.0,18.3
2023-05-09 13:00:00,1011.4,18.2,1.0,93.0,14.8,260.0,19.4
2023-05-09 14:00:00,1011.4,18.2,1.3,93.0,14.8,260.0,19.4
2023-05-09 15:00:00,1011.9,18.9,0.3,90.0,5.4,10.0,20.6
2023-05-09 16:00:00,1011.9,18.9,0.0,90.0,5.4,10.0,20.6
2023-05-09 17:00:00,1012.2,19.4,0.3,87.0,9.4,340.0,21.7
2023-05-09 18:00:00,1012.7,18.9,0.1,84.0,5.4,120.0,21.7
2023-05-09 19:00:00,1011.8,20.0,0.2,90.0,7.6,330.0,21.7
2023-05-09 20:00:00,1011.8,20.7,1.0,94.0,7.6,100.0,21.7
2023-05-09 21:00:00,1010.9,21.2,2.5,94.0,0.0,0.0,22.2
2023-05-09 22:00:00,1010.9,21.2,0.3,94.0,0.0,0.0,22.2
2023-05-09 23:00:00,1011.5,20.7,0.0,91.0,7.6,280.0,22.2
2023-05-10 00:00:00,1010.5,21.0,0.3,96.0,7.6,100.0,21.7
2023-05-10 01:00:00,1011.2,20.7,0.8,94.0,0.0,0.0,21.7
2023-05-10 02:00:00,1011.2,20.7,0.0,94.0,0.0,0.0,21.7
2023-05-10 03:00:00,1012.1,21.0,0.0,96.0,0.0,0.0,21.7
2023-05-10 04:00:00,1011.5,20.6,0.0,97.0,9.4,130.0,21.1
2023-05-10 05:00:00,1011.5,19.9,0.0,96.0,0.0,0.0,20.6
2023-05-10 06:00:00,1011.5,19.9,0.0,96.0,0.0,0.0,20.6
2023-05-10 07:00:00,1011.1,19.9,0.0,96.0,9.4,70.0,20.6
2023-05-10 08:00:00,1011.0,19.9,0.0,96.0,5.4,50.0,20.6
2023-05-10 09:00:00,1010.2,18.9,0.0,97.0,0.0,0.0,19.4
2023-05-10 10:00:00,1009.6,19.3,0.0,96.0,7.6,20.0,20.0
2023-05-10 11:00:00,1009.6,19.3,0.0,96.0,7.6,20.0,20.0
2023-05-10 12:00:00,1010.5,19.4,0.0,93.0,7.6,60.0,20.6
2023-05-10 13:00:00,1011.1,19.4,0.0,90.0,9.4,60.0,21.1
2023-05-10 14:00:00,1011.1,19.4,0.0,90.0,9.4,60.0,21.1
2023-05-10 15:00:00,1011.1,20.6,0.0,85.0,13.0,50.0,23.3
2023-05-10 16:00:00,1010.7,20.5,0.0,79.0,11.2,90.0,24.4
2023-05-10 17:00:00,1010.1,20.5,0.0,79.0,7.6,70.0,24.4
2023-05-10 18:00:00,1010.1,20.5,0.0,79.0,7.6,70.0,24.4
2023-05-10 19:00:00,1009.2,21.1,0.0,74.0,18.4,120.0,26.1
2023-05-10 20:00:00,1008.5,21.7,0.0,72.0,14.8,110.0,27.2
2023-05-10 21:00:00,1007.2,20.6,0.0,63.0,14.8,110.0,28.3
2023-05-10 22:00:00,1006.6,21.1,0.0,65.0,14.8,100.0,28.3
2023-05-10 23:00:00,1006.6,21.1,0.0,65.0,14.8,100.0,28.3
2023-05-11 00:00:00,1006.2,21.7,0.0,74.0,18.4,100.0,26.7
2023-05-11 01:00:00,1006.9,22.3,0.0,82.0,14.8,90.0,25.6
2023-05-11 02:00:00,1006.9,22.3,0.0,82.0,14.8,90.0,25.6
2023-05-11 03:00:00,1007.5,22.3,0.0,85.0,20.5,110.0,25.0
2023-05-11 04:00:00,1007.8,22.2,0.0,90.0,22.3,120.0,23.9
2023-05-11 05:00:00,1007.6,22.2,0.0,90.0,13.0,120.0,23.9
2023-05-11 06:00:00,1007.6,22.2,0.0,90.0,13.0,120.0,23.9
2023-05-11 07:00:00,1006.9,22.2,0.0,90.0,11.2,130.0,23.9
2023-05-11 08:00:00,1006.9,22.3,0.0,94.0,11.2,140.0,23.3
2023-05-11 09:00:00,1006.5,22.3,0.0,94.0,5.4,100.0,23.3
2023-05-11 10:00:00,1006.5,22.3,0.0,94.0,5.4,100.0,23.3
2023-05-11 11:00:00,1006.7,22.8,0.0,97.0,9.4,130.0,23.3
2023-05-11 12:00:00,1007.4,22.9,0.0,94.0,0.0,0.0,23.9
2023-05-11 13:00:00,1007.4,22.9,0.0,94.0,0.0,0.0,23.9
2023-05-11 14:00:00,1007.7,23.4,0.0,94.0,7.6,150.0,24.4
2023-05-11 15:00:00,1008.9,23.2,0.0,79.0,5.4,70.0,27.2
2023-05-11 16:00:00,1008.9,23.2,0.0,79.0,5.4,70.0,27.2
2023-05-11 17:00:00,1007.9,23.4,0.0,70.0,16.6,150.0,29.4
2023-05-11 18:00:00,1007.9,23.4,0.0,70.0,16.6,150.0,29.4
2023-05-11 19:00:00,1007.0,24.0,0.0,66.0,14.8,160.0,31.1
2023-05-11 20:00:00,1005.9,22.7,0.0,59.0,20.5,160.0,31.7
2023-05-11 21:00:00,1005.2,22.1,0.0,57.0,16.6,150.0,31.7
2023-05-11 22:00:00,1005.2,22.1,0.0,57.0,16.6,150.0,31.7
2023-05-11 23:00:00,1005.4,23.3,0.0,65.0,18.4,120.0,30.6
2023-05-12 00:00:00,1005.5,23.8,0.0,74.0,20.5,120.0,28.9
2023-05-12 01:00:00,1006.2,23.2,0.0,79.0,14.8,130.0,27.2
2023-05-12 02:00:00,1007.3,23.4,0.0,85.0,18.4,140.0,26.1
2023-05-12 03:00:00,1007.3,23.4,0.0,85.0,18.4,140.0,26.1
2023-05-12 04:00:00,1008.1,23.4,0.0,94.0,13.0,140.0,24.4
2023-05-12 05:00:00,1008.0,22.9,0.0,88.0,18.4,130.0,25.0
2023-05-12 06:00:00,1007.9,23.2,0.0,90.0,16.6,130.0,25.0
2023-05-12 07:00:00,1008.0,23.2,0.0,90.0,13.0,130.0,25.0
2023-05-12 08:00:00,1008.0,23.2,0.0,90.0,13.0,130.0,25.0
2023-05-12 09:00:00,1008.5,23.9,0.0,97.0,9.4,130.0,24.4
2023-05-12 10:00:00,1008.5,23.9,0.0,97.0,9.4,130.0,24.4
2023-05-12 11:00:00,1008.9,23.4,0.0,94.0,7.6,100.0,24.4
2023-05-12 12:00:00,1008.9,23.4,0.0,94.0,7.6,100.0,24.4
2023-05-12 13:00:00,1010.5,23.8,0.0,90.0,13.0,130.0,25.6
2023-05-12 14:00:00,1010.5,23.9,0.0,82.0,18.4,130.0,27.2
2023-05-12 15:00:00,1010.5,23.9,0.0,82.0,18.4,130.0,27.2
2023-05-12 16:00:00,1010.6,23.3,0.0,72.0,22.3,120.0,28.9
2023-05-12 17:00:00,1010.6,23.3,0.0,72.0,22.3,120.0,28.9
2023-05-12 18:00:00,1010.4,23.2,0.0,74.0,24.1,120.0,28.3
2023-05-12 19:00:00,1010.0,23.4,0.0,70.0,20.5,110.0,29.4
2023-05-12 20:00:00,1008.5,23.2,0.0,63.0,25.9,120.0,31.1
2023-05-12 21:00:00,1007.8,22.7,1.1,65.0,25.9,110.0,30.0
2023-05-12 22:00:00,1007.8,22.7,0.0,65.0,25.9,110.0,30.0
2023-05-12 23:00:00,1007.2,22.2,0.0,67.0,24.1,120.0,28.9
2023-05-13 00:00:00,1007.0,22.7,0.0,74.0,27.7,120.0,27.8
2023-05-13 01:00:00,1007.0,22.7,0.0,74.0,27.7,120.0,27.8
2023-05-13 02:00:00,1012.0,22.1,0.0,76.0,14.8,120.0,26.7
2023-05-13 03:00:00,1010.3,22.8,0.0,79.0,11.2,120.0,26.7
2023-05-13 04:00:00,1011.0,23.4,0.0,85.0,11.2,90.0,26.1
2023-05-13 05:00:00,1011.7,21.1,0.0,82.0,11.2,90.0,24.4
2023-05-13 06:00:00,1011.7,21.1,0.0,82.0,29.5,320.0,24.4
2023-05-13 07:00:00,1014.7,17.8,0.3,97.0,20.5,240.0,18.3
2023-05-13 08:00:00,1012.1,17.7,42.7,93.0,11.2,350.0,19.0
2023-05-13 09:00:00,1011.4,19.0,11.2,95.0,14.8,360.0,19.0
2023-05-13 10:00:00,1010.8,19.0,1.5,95.0,11.2,10.0,19.0
2023-05-13 11:00:00,1010.8,19.3,4.6,96.0,11.2,10.0,18.9
2023-05-13 12:00:00,1011.7,17.7,0.0,93.0,5.4,60.0,18.9
2023-05-13 13:00:00,1013.0,17.7,0.4,93.0,22.3,70.0,18.9
2023-05-13 14:00:00,1012.8,17.2,1.3,90.0,24.1,80.0,18.9
2023-05-13 15:00:00,1012.6,17.8,0.8,87.0,11.2,350.0,20.0
2023-05-13 16:00:00,1012.6,19.0,0.1,82.0,0.0,0.0,22.2
2023-05-13 17:00:00,1015.4,19.0,0.0,82.0,0.0,0.0,22.2
2023-05-13 18:00:00,1015.0,19.0,0.0,74.0,7.6,70.0,23.9
2023-05-13 19:00:00,1015.2,18.9,0.0,69.0,7.6,120.0,25.0
2023-05-13 20:00:00,1014.8,18.9,0.0,69.0,7.6,160.0,25.6
2023-05-13 21:00:00,1014.8,17.9,0.0,67.0,5.4,110.0,24.4
2023-05-13 22:00:00,1015.9,17.9,0.0,67.0,5.4,110.0,24.4
2023-05-13 23:00:00,1014.9,18.9,0.0,69.0,9.4,120.0,25.0
2023-05-14 00:00:00,1015.1,18.8,0.0,71.0,5.4,70.0,24.4
2023-05-14 01:00:00,1015.2,18.8,0.0,76.0,5.4,10.0,23.3
2023-05-14 02:00:00,1015.0,17.9,0.0,79.0,5.4,100.0,21.7
2023-05-14 03:00:00,1015.0,17.9,0.0,79.0,5.4,100.0,21.7
2023-05-14 04:00:00,1016.2,20.4,0.0,92.0,7.6,50.0,21.0
2023-05-14 05:00:00,1016.7,19.3,0.0,97.0,5.4,10.0,20.0
2023-05-14 06:00:00,1016.9,18.9,0.0,97.0,7.6,350.0,20.0
2023-05-14 07:00:00,1016.8,18.9,0.0,98.0,7.6,330.0,19.0
2023-05-14 08:00:00,1016.6,18.8,0.0,98.0,7.6,330.0,19.4
2023-05-14 09:00:00,1016.2,18.8,0.0,97.0,5.4,10.0,19.0
2023-05-14 10:00:00,1016.2,18.0,0.0,97.0,5.4,10.0,18.9
2023-05-14 11:00:00,1016.0,17.9,0.0,91.0,5.4,350.0,19.4
2023-05-14 12:00:00,1016.8,17.9,0.0,91.0,5.4,350.0,19.4
2023-05-14 13:00:00,1018.6,19.9,0.0,93.0,9.4,320.0,21.1
2023-05-14 14:00:00,1019.7,18.9,0.0,84.0,0.0,0.0,21.7
2023-05-14 15:00:00,1019.7,20.1,0.0,82.0,7.6,360.0,23.3
2023-05-14 16:00:00,1020.3,20.1,0.0,82.0,7.6,360.0,23.3
2023-05-14 17:00:00,1020.3,20.0,0.0,69.0,7.6,350.0,26.1
2023-05-14 18:00:00,1020.3,19.0,0.0,55.0,9.4,20.0,28.9
2023-05-14 19:00:00,1019.2,18.8,0.0,53.0,9.4,56.0,29.4
2023-05-14 20:00:00,1018.5,19.0,0.0,57.0,11.2,100.0,28.3
2023-05-14 21:00:00,1017.1,18.8,0.0,51.0,5.4,100.0,30.0
2023-05-14 22:00:00,1017.1,18.8,0.0,51.0,5.4,110.0,30.0
2023-05-14 23:00:00,1017.1,17.9,0.0,50.0,9.4,90.0,29.4
2023-05-15 00:00:00,1017.8,20.1,0.0,59.0,13.0,100.0,28.9
2023-05-15 01:00:00,1018.1,20.1,0.0,65.0,9.4,100.0,27.2
2023-05-15 02:00:00,1018.1,20.1,0.0,65.0,9.4,100.0,27.2
2023-05-15 03:00:00,1018.3,19.1,0.0,76.0,7.6,90.0,25.6
2023-05-15 04:00:00,1019.1,19.2,0.0,82.0,7.6,110.0,24.0
2023-05-15 05:00:00,1019.0,19.3,0.0,83.0,7.6,110.0,23.0
2023-05-15 06:00:00,1019.3,19.6,0.0,90.0,7.6,110.0,23.3
2023-05-15 07:00:00,1020.2,19.7,0.0,93.0,7.6,80.0,24.0
2023-05-15 08:00:00,1020.1,19.8,0.0,95.0,7.6,30.0,23.0
2023-05-15 09:00:00,1019.9,19.9,0.0,96.0,7.6,30.0,22.8
2023-05-15 10:00:00,1020.1,20.0,0.0,94.0,5.4,90.0,22.0
2023-05-15 11:00:00,1020.0,21.0,0.0,96.0,0.0,0.0,21.7
2023-05-15 12:00:00,1020.8,21.0,0.0,96.0,0.0,0.0,21.7
2023-05-15 13:00:00,1020.8,22.3,0.0,94.0,0.0,0.0,23.3
2023-05-15 14:00:00,1021.8,22.2,0.0,90.0,7.6,170.0,23.9
2023-05-15 15:00:00,1022.5,22.2,0.0,90.0,7.6,170.0,23.9
2023-05-15 16:00:00,1023.0,18.8,0.0,93.0,7.6,260.0,20.0
2023-05-15 17:00:00,1023.4,17.8,2.8,84.0,9.4,340.0,20.6
2023-05-15 18:00:00,1023.4,17.8,0.8,84.0,9.4,340.0,20.6
2023-05-15 19:00:00,1021.9,18.8,0.0,62.0,7.6,160.0,26.7
2023-05-15 20:00:00,1021.5,18.8,0.0,62.0,7.6,160.0,26.7
2023-05-15 21:00:00,1020.9,20.0,0.0,71.0,13.0,130.0,25.6
2023-05-15 22:00:00,1020.2,20.0,0.0,71.0,13.0,130.0,25.6
2023-05-15 23:00:00,1019.0,20.0,0.0,74.0,7.6,220.0,25.0
2023-05-16 00:00:00,1020.3,19.0,0.0,82.0,9.4,280.0,22.2
2023-05-16 01:00:00,1020.6,19.0,0.0,82.0,9.4,280.0,22.2
2023-05-16 02:00:00,1020.6,19.0,0.0,82.0,5.4,130.0,22.0
2023-05-16 03:00:00,1019.7,19.6,0.0,77.0,5.4,130.0,21.7
2023-05-16 04:00:00,1020.3,20.3,0.0,86.0,7.6,70.0,22.0
2023-05-16 05:00:00,1019.7,20.8,0.0,91.0,0.0,0.0,21.0
2023-05-16 06:00:00,1019.3,20.7,0.0,96.0,0.0,0.0,21.0
2023-05-16 07:00:00,1019.1,20.8,0.0,96.0,0.0,0.0,20.6
2023-05-16 08:00:00,1019.1,19.9,0.0,98.0,5.4,270.0,20.0
2023-05-16 09:00:00,1018.7,19.1,0.0,100.0,5.4,270.0,19.0
2023-05-16 10:00:00,1018.5,19.5,0.0,99.0,0.0,0.0,20.0
2023-05-16 11:00:00,1018.4,17.8,0.0,87.0,0.0,0.0,20.0
2023-05-16 12:00:00,1019.0,17.8,0.0,87.0,0.0,0.0,20.0
2023-05-16 13:00:00,1018.1,19.4,0.0,81.0,0.0,0.0,22.8
2023-05-16 14:00:00,1017.9,19.5,0.0,74.0,11.2,290.0,24.4
2023-05-16 15:00:00,1017.6,20.0,0.0,69.0,7.6,290.0,26.1
2023-05-16 16:00:00,1017.6,20.0,0.0,69.0,7.6,300.0,26.1
2023-05-16 17:00:00,1016.0,19.5,0.0,57.0,7.6,300.0,28.9
2023-05-16 18:00:00,1014.6,19.0,0.0,55.0,5.4,220.0,28.9
2023-05-16 19:00:00,1014.6,19.0,0.0,55.0,5.4,220.0,28.9
2023-05-16 20:00:00,1015.4,19.4,0.0,93.0,18.4,50.0,20.6
2023-05-16 21:00:00,1014.6,21.2,19.3,94.0,11.2,360.0,22.2
2023-05-16 22:00:00,1013.2,19.9,1.5,87.0,9.4,10.0,22.2
2023-05-16 23:00:00,1013.4,19.9,0.3,87.0,11.2,90.0,22.2
2023-05-17 00:00:00,1013.7,18.9,0.1,84.0,5.4,90.0,21.7
2023-05-17 01:00:00,1013.9,19.9,0.0,93.0,0.0,0.0,21.1
2023-05-17 02:00:00,1013.9,19.9,0.0,93.0,0.0,0.0,21.1
2023-05-17 03:00:00,1013.6,19.9,0.0,96.0,7.6,40.0,20.6
2023-05-17 04:00:00,1013.3,19.4,0.0,100.0,0.0,0.0,19.4
2023-05-17 05:00:00,1012.7,19.3,0.0,96.0,0.0,0.0,20.0
2023-05-17 06:00:00,1012.7,19.3,0.0,96.0,5.4,270.0,20.0
2023-05-17 07:00:00,1012.7,19.3,0.0,96.0,5.4,270.0,20.0
2023-05-17 08:00:00,1012.4,18.8,0.0,93.0,5.4,330.0,20.0
2023-05-17 09:00:00,1012.5,18.2,0.0,93.0,0.0,0.0,19.4
2023-05-17 10:00:00,1012.6,18.2,0.0,96.0,0.0,0.0,18.9
2023-05-17 11:00:00,1013.0,17.2,0.0,96.0,0.0,0.0,17.8
2023-05-17 12:00:00,1013.0,17.2,0.0,96.0,0.0,0.0,17.8
2023-05-17 13:00:00,1013.5,19.4,0.0,84.0,0.0,0.0,22.2
2023-05-17 14:00:00,1013.3,19.5,0.0,74.0,7.6,310.0,24.4
2023-05-17 15:00:00,1013.0,18.8,0.0,62.0,7.6,360.0,26.7
2023-05-17 16:00:00,1012.6,18.4,0.0,55.0,9.4,260.0,28.3
2023-05-17 17:00:00,1012.6,18.4,0.0,55.0,9.4,260.0,28.3
2023-05-17 18:00:00,1011.0,17.9,0.0,50.0,7.6,270.0,29.4
2023-05-17 19:00:00,1010.3,17.7,0.0,46.0,0.0,0.0,30.6
2023-05-17 20:00:00,1009.7,17.8,0.0,45.0,5.4,0.0,31.1
2023-05-17 21:00:00,1009.7,17.8,0.0,45.0,5.4,200.0,31.1
2023-05-17 22:00:00,1008.1,17.8,0.0,45.0,5.4,200.0,31.1
2023-05-17 23:00:00,1008.2,18.4,0.0,50.0,13.0,110.0,30.0
2023-05-18 00:00:00,1008.4,19.0,0.0,57.0,9.4,120.0,28.3
2023-05-18 01:00:00,1008.9,19.5,0.0,67.0,5.4,120.0,26.1
2023-05-18 02:00:00,1008.9,19.5,0.0,67.0,5.4,120.0,26.1
2023-05-18 03:00:00,1009.9,19.5,0.0,79.0,0.0,0.0,23.3
2023-05-18 04:00:00,1010.6,20.0,0.0,90.0,0.0,0.0,21.7
2023-05-18 05:00:00,1010.6,18.9,0.0,90.0,0.0,0.0,20.6
2023-05-18 06:00:00,1010.6,18.9,0.0,90.0,0.0,0.0,20.6
2023-05-18 07:00:00,1009.7,18.9,0.0,84.0,0.0,0.0,21.7
2023-05-18 08:00:00,1009.7,18.8,0.0,93.0,0.0,0.0,20.0
2023-05-18 09:00:00,1009.9,18.9,0.0,97.0,0.0,0.0,19.4
2023-05-18 10:00:00,1010.0,17.8,0.0,97.0,0.0,0.0,18.3
2023-05-18 11:00:00,1010.0,17.8,0.0,97.0,0.0,0.0,18.3
2023-05-18 12:00:00,1011.6,19.4,0.0,90.0,0.0,0.0,21.1
2023-05-18 13:00:00,1011.9,21.0,0.0,84.0,0.0,0.0,23.9
2023-05-18 14:00:00,1012.6,20.0,0.0,69.0,0.0,0.0,26.1
2023-05-18 15:00:00,1012.9,20.6,0.0,65.0,13.0,170.0,27.8
2023-05-18 16:00:00,1012.9,20.6,0.0,65.0,13.0,170.0,27.8
2023-05-18 17:00:00,1013.0,19.4,0.0,55.0,7.6,130.0,29.4
2023-05-18 18:00:00,1012.3,19.9,0.0,53.0,13.0,120.0,30.6
2023-05-18 19:00:00,1011.5,20.7,0.0,54.0,14.8,140.0,31.1
2023-05-18 20:00:00,1010.6,19.9,0.0,53.0,14.8,150.0,30.6
2023-05-18 21:00:00,1010.6,19.9,0.0,53.0,14.8,150.0,30.6
2023-05-18 22:00:00,1010.4,19.4,0.0,53.0,14.8,140.0,30.0
2023-05-18 23:00:00,1011.5,20.1,0.0,59.0,11.2,160.0,28.9
2023-05-19 00:00:00,1011.9,20.1,0.0,63.0,5.4,170.0,27.8
2023-05-19 01:00:00,1011.9,20.1,0.0,63.0,5.4,170.0,27.8
2023-05-19 02:00:00,1010.7,20.1,0.0,67.0,13.0,110.0,26.7
2023-05-19 03:00:00,1011.4,20.0,0.0,71.0,11.2,130.0,25.6
2023-05-19 04:00:00,1012.9,20.0,0.0,79.0,5.4,170.0,23.9
2023-05-19 05:00:00,1013.6,20.6,0.0,85.0,5.4,170.0,23.3
2023-05-19 06:00:00,1013.6,20.6,0.0,85.0,5.4,170.0,23.3
2023-05-19 07:00:00,1012.5,20.0,0.0,90.0,7.6,170.0,21.7
2023-05-19 08:00:00,1012.6,20.7,0.0,94.0,7.6,170.0,21.7
2023-05-19 09:00:00,1012.6,20.7,0.0,94.0,7.6,170.0,21.7
2023-05-19 10:00:00,1012.9,20.7,0.0,94.0,0.0,0.0,21.7
2023-05-19 11:00:00,1012.9,20.7,0.0,94.0,0.0,0.0,21.7
2023-05-19 12:00:00,1014.4,22.1,0.0,96.0,7.6,160.0,22.8
2023-05-19 13:00:00,1015.4,22.3,0.0,94.0,14.8,170.0,23.3
2023-05-19 14:00:00,1015.4,22.8,0.0,91.0,13.0,170.0,24.4
2023-05-19 15:00:00,1015.4,22.8,0.0,91.0,13.0,170.0,24.4
2023-05-19 16:00:00,1015.5,22.3,0.0,85.0,11.2,170.0,25.0
2023-05-19 17:00:00,1015.1,23.2,0.0,74.0,13.0,200.0,28.3
2023-05-19 18:00:00,1014.3,22.8,0.0,63.0,14.8,180.0,30.6
2023-05-19 19:00:00,1013.4,21.3,0.0,54.0,0.0,0.0,31.7
2023-05-19 20:00:00,1012.6,21.1,0.0,52.0,11.2,140.0,32.2
2023-05-19 21:00:00,1012.6,21.1,0.0,52.0,11.2,140.0,32.2
2023-05-19 22:00:00,1012.2,20.0,0.0,50.0,14.8,150.0,31.7
2023-05-19 23:00:00,1012.0,21.0,0.0,55.0,13.0,150.0,31.1
2023-05-20 00:00:00,1012.0,21.7,0.0,61.0,5.4,150.0,30.0
2023-05-20 01:00:00,1012.0,21.7,0.0,61.0,5.4,150.0,30.0
2023-05-20 02:00:00,1014.6,21.1,0.0,67.0,9.4,90.0,27.8
2023-05-20 03:00:00,1015.0,22.8,0.0,82.0,13.0,160.0,26.1
2023-05-20 04:00:00,1014.8,22.9,0.0,85.0,13.0,170.0,25.6
2023-05-20 05:00:00,1014.8,22.9,0.0,85.0,13.0,170.0,25.6
2023-05-20 06:00:00,1016.3,22.9,0.0,85.0,11.2,80.0,25.6
2023-05-20 07:00:00,1016.0,23.9,0.5,97.0,0.0,0.0,24.4
2023-05-20 08:00:00,1016.9,21.8,5.8,94.0,0.0,0.0,22.8
2023-05-20 09:00:00,1016.9,21.8,1.0,94.0,24.1,10.0,22.8
2023-05-20 10:00:00,1017.3,19.9,3.3,96.0,11.2,100.0,20.6
2023-05-20 11:00:00,1017.2,20.6,2.3,97.0,7.6,120.0,21.1
2023-05-20 12:00:00,1016.9,20.7,3.0,94.0,11.2,20.0,21.7
2023-05-20 13:00:00,1017.4,21.2,1.0,94.0,11.2,360.0,22.2
2023-05-20 14:00:00,1018.6,20.1,0.0,82.0,18.4,10.0,23.3
2023-05-20 15:00:00,1019.3,19.5,0.0,79.0,22.3,20.0,23.3
2023-05-20 16:00:00,1019.3,19.5,0.0,79.0,22.3,20.0,23.3
2023-05-20 17:00:00,1019.8,18.8,0.0,76.0,13.0,360.0,23.3
2023-05-20 18:00:00,1020.3,18.8,0.0,76.0,11.2,10.0,23.3
2023-05-20 19:00:00,1019.7,19.5,0.0,69.0,14.8,360.0,25.6
2023-05-20 20:00:00,1018.9,19.5,0.0,67.0,16.6,10.0,26.1
2023-05-20 21:00:00,1018.9,19.5,0.0,67.0,16.6,10.0,26.1
2023-05-20 22:00:00,1017.6,18.8,0.0,58.0,16.6,350.0,27.8
2023-05-20 23:00:00,1017.5,19.0,0.0,61.0,5.4,350.0,27.2
2023-05-21 00:00:00,1017.5,19.0,0.0,61.0,5.4,350.0,27.2
2023-05-21 01:00:00,1017.9,20.6,0.0,74.0,0.0,0.0,25.6
2023-05-21 02:00:00,1018.7,20.1,0.0,82.0,5.4,200.0,23.3
2023-05-21 03:00:00,1019.2,20.0,0.0,84.0,7.6,250.0,22.8
2023-05-21 04:00:00,1019.0,20.0,0.0,84.0,9.4,260.0,22.8
2023-05-21 05:00:00,1018.6,20.0,0.0,84.0,9.4,270.0,22.8
2023-05-21 06:00:00,1018.6,20.0,0.0,84.0,9.4,270.0,22.8
2023-05-21 07:00:00,1017.5,20.0,0.0,84.0,7.6,350.0,22.8
2023-05-21 08:00:00,1017.7,19.0,0.0,79.0,5.4,20.0,22.8
2023-05-21 09:00:00,1017.5,18.9,0.0,87.0,9.4,40.0,21.1
2023-05-21 10:00:00,1017.6,18.3,0.2,84.0,11.2,40.0,21.1
2023-05-21 11:00:00,1017.6,18.3,0.5,84.0,11.2,40.0,21.1
2023-05-21 12:00:00,1019.0,17.8,0.0,87.0,5.4,20.0,20.0
2023-05-21 13:00:00,1018.9,17.8,0.0,87.0,7.6,20.0,20.0
2023-05-21 14:00:00,1018.9,18.4,0.3,87.0,9.4,30.0,20.6
2023-05-21 15:00:00,1018.9,18.4,1.4,87.0,9.4,30.0,20.6
2023-05-21 16:00:00,1018.5,18.4,5.6,79.0,9.4,80.0,22.2
2023-05-21 17:00:00,1018.1,17.9,5.5,69.0,7.6,352.0,23.9
2023-05-21 18:00:00,1018.1,17.3,0.0,69.0,7.6,50.0,23.3
2023-05-21 19:00:00,1018.1,17.3,0.0,69.0,7.6,50.0,23.3
2023-05-21 20:00:00,1018.0,18.9,0.0,90.0,11.2,360.0,20.6
2023-05-21 21:00:00,1016.5,18.9,0.5,87.0,7.6,70.0,21.1
2023-05-21 22:00:00,1015.8,17.1,2.0,73.0,14.8,70.0,22.2
2023-05-21 23:00:00,1015.9,17.1,0.3,73.0,9.4,30.0,22.2
2023-05-22 00:00:00,1016.0,16.6,0.0,73.0,5.4,110.0,21.7
2023-05-22 01:00:00,1016.0,16.6,0.0,73.0,5.4,110.0,21.7
2023-05-22 02:00:00,1015.9,17.9,0.0,82.0,7.6,80.0,21.1
2023-05-22 03:00:00,1016.1,17.9,0.0,82.0,5.4,30.0,21.1
2023-05-22 04:00:00,1016.4,17.8,0.0,84.0,0.0,0.0,20.6
2023-05-22 05:00:00,1016.4,17.8,0.0,84.0,0.0,0.0,20.6
2023-05-22 06:00:00,1015.2,18.9,0.0,90.0,0.0,0.0,20.6
2023-05-22 07:00:00,1014.8,18.9,0.0,90.0,0.0,0.0,20.6
2023-05-22 08:00:00,1014.8,18.8,0.0,93.0,0.0,0.0,20.0
2023-05-22 09:00:00,1015.0,18.9,0.0,97.0,0.0,0.0,19.4
2023-05-22 10:00:00,1015.0,18.9,0.0,97.0,0.0,0.0,19.4
2023-05-22 11:00:00,1015.4,18.2,0.0,96.0,0.0,0.0,18.9
2023-05-22 12:00:00,1015.7,18.4,0.0,87.0,5.4,10.0,20.6
2023-05-22 13:00:00,1015.7,18.4,0.0,87.0,5.4,10.0,20.6
2023-05-22 14:00:00,1015.9,17.2,0.0,66.0,5.4,90.0,23.9
2023-05-22 15:00:00,1015.9,17.2,0.0,66.0,5.4,360.0,23.9
2023-05-22 16:00:00,1014.9,16.6,0.0,56.0,0.0,0.0,26.1
2023-05-22 17:00:00,1014.3,17.8,0.0,58.0,7.6,240.0,26.7
2023-05-22 18:00:00,1013.7,18.4,0.0,53.0,9.4,240.0,28.9
2023-05-22 19:00:00,1013.3,18.2,0.0,51.0,0.0,0.0,29.4
2023-05-22 20:00:00,1013.3,18.2,0.0,51.0,0.0,0.0,29.4
2023-05-22 21:00:00,1012.0,17.8,0.0,53.0,5.4,150.0,28.3
2023-05-22 22:00:00,1011.7,17.8,0.0,51.0,0.0,0.0,28.9
2023-05-22 23:00:00,1011.4,18.4,0.0,53.0,9.4,140.0,28.9
2023-05-23 00:00:00,1011.4,18.4,0.0,53.0,9.4,140.0,28.9
2023-05-23 01:00:00,1011.9,19.0,0.0,67.0,5.4,150.0,25.6
2023-05-23 02:00:00,1012.3,19.4,0.0,76.0,0.0,0.0,23.9
2023-05-23 03:00:00,1013.2,19.5,0.0,79.0,0.0,0.0,23.3
2023-05-23 04:00:00,1013.4,19.4,0.0,84.0,0.0,0.0,22.2
2023-05-23 05:00:00,1013.4,19.4,0.0,84.0,0.0,0.0,22.2
2023-05-23 06:00:00,1012.7,19.4,0.0,87.0,5.4,160.0,21.7
2023-05-23 07:00:00,1011.9,20.7,0.0,94.0,5.4,140.0,21.7
2023-05-23 08:00:00,1012.0,21.2,0.0,94.0,5.4,90.0,22.2
2023-05-23 09:00:00,1012.6,20.7,0.0,94.0,0.0,0.0,21.7
2023-05-23 10:00:00,1012.6,20.7,0.0,94.0,0.0,0.0,21.7
2023-05-23 11:00:00,1012.6,20.7,0.0,94.0,0.0,0.0,21.7
2023-05-23 12:00:00,1013.1,21.1,0.0,90.0,0.0,0.0,22.8
2023-05-23 13:00:00,1013.7,22.3,0.0,85.0,0.0,0.0,25.0
2023-05-23 14:00:00,1013.3,21.1,0.0,74.0,9.4,130.0,26.1
2023-05-23 15:00:00,1013.3,21.1,0.0,74.0,9.4,130.0,26.1
2023-05-23 16:00:00,1012.8,21.1,0.0,61.0,14.8,160.0,29.4
2023-05-23 17:00:00,1012.5,21.1,0.0,61.0,0.0,0.0,29.4
2023-05-23 18:00:00,1011.8,21.1,0.0,59.0,7.6,170.0,30.0
2023-05-23 19:00:00,1011.2,21.7,0.0,59.0,14.8,130.0,30.6
2023-05-23 20:00:00,1011.2,21.7,0.0,59.0,14.8,130.0,30.6
2023-05-23 21:00:00,1010.2,22.1,0.0,57.0,16.6,110.0,31.7
2023-05-23 22:00:00,1009.4,21.6,0.0,57.0,9.4,150.0,31.1
2023-05-23 23:00:00,1009.3,21.7,0.0,61.0,11.2,150.0,30.0
2023-05-24 00:00:00,1009.6,21.1,0.0,61.0,13.0,120.0,29.4
2023-05-24 01:00:00,1009.6,21.1,0.0,61.0,13.0,120.0,29.4
2023-05-24 02:00:00,1009.8,21.7,0.0,74.0,9.4,130.0,26.7
2023-05-24 03:00:00,1010.8,22.2,0.0,79.0,14.8,150.0,26.1
2023-05-24 04:00:00,1010.9,21.7,0.0,82.0,13.0,140.0,25.0
2023-05-24 05:00:00,1010.9,21.7,0.0,82.0,13.0,140.0,25.0
2023-05-24 06:00:00,1011.7,21.2,0.0,88.0,0.0,0.0,23.3
2023-05-24 07:00:00,1011.4,21.2,0.0,88.0,7.6,110.0,23.3
2023-05-24 08:00:00,1011.4,21.2,0.0,88.0,7.6,110.0,23.3
2023-05-24 09:00:00,1014.3,17.9,0.0,91.0,20.5,20.0,19.4
2023-05-24 10:00:00,1014.3,17.9,0.0,91.0,20.5,20.0,19.4
2023-05-24 11:00:00,1013.3,17.7,0.5,93.0,5.4,110.0,18.9
2023-05-24 12:00:00,1011.8,17.9,0.0,91.0,16.6,160.0,19.4
2023-05-24 13:00:00,1012.3,17.9,0.0,79.0,0.0,0.0,21.7
2023-05-24 14:00:00,1013.5,18.8,0.0,76.0,13.0,30.0,23.3
2023-05-24 15:00:00,1013.5,18.8,0.0,76.0,13.0,30.0,23.3
2023-05-24 16:00:00,1012.8,18.4,0.0,53.0,5.4,30.0,28.9
2023-05-24 17:00:00,1012.8,18.4,0.0,50.0,0.0,0.0,30.0
2023-05-24 18:00:00,1012.8,18.4,0.0,50.0,0.0,0.0,30.0
2023-05-24 19:00:00,1012.4,18.8,0.0,45.0,14.8,20.0,32.2
2023-05-24 20:00:00,1010.3,16.1,0.0,38.0,16.6,50.0,32.2
2023-05-24 21:00:00,1010.3,16.6,0.0,43.0,11.2,90.0,30.6
2023-05-24 22:00:00,1010.1,16.7,0.0,42.0,14.8,70.0,31.1
2023-05-24 23:00:00,1009.8,19.0,0.0,57.0,20.5,70.0,28.3
2023-05-25 00:00:00,1009.8,19.0,0.0,57.0,20.5,70.0,28.3
2023-05-25 01:00:00,1010.5,17.2,0.0,58.0,13.0,60.0,26.1
2023-05-25 02:00:00,1011.3,17.7,0.0,64.0,9.4,30.0,25.0
2023-05-25 03:00:00,1011.3,17.9,0.0,67.0,7.6,40.0,24.4
2023-05-25 04:00:00,1011.2,17.9,0.0,67.0,11.2,60.0,24.4
2023-05-25 05:00:00,1011.2,17.9,0.0,67.0,11.2,60.0,24.4
2023-05-25 06:00:00,1011.2,19.5,0.0,79.0,11.2,60.0,23.3
2023-05-25 07:00:00,1010.7,19.4,0.0,81.0,5.4,60.0,22.8
2023-05-25 08:00:00,1010.5,19.4,0.0,81.0,11.2,50.0,22.8
2023-05-25 09:00:00,1010.7,19.0,0.0,79.0,11.2,50.0,22.8
2023-05-25 10:00:00,1010.7,19.0,0.0,79.0,11.2,50.0,22.8
2023-05-25 11:00:00,1011.2,18.9,0.0,84.0,9.4,40.0,21.7
2023-05-25 12:00:00,1011.9,19.4,0.0,81.0,9.4,80.0,22.8
2023-05-25 13:00:00,1012.3,20.1,0.0,82.0,11.2,80.0,23.3
2023-05-25 14:00:00,1012.3,20.1,0.0,82.0,11.2,20.0,23.3
2023-05-25 15:00:00,1012.8,20.5,0.0,69.0,7.6,20.0,26.7
2023-05-25 16:00:00,1012.9,19.5,0.0,59.0,11.2,60.0,28.3
2023-05-25 17:00:00,1012.9,18.8,0.0,53.0,11.2,60.0,29.4
2023-05-25 18:00:00,1012.9,19.0,0.0,55.0,11.2,50.0,28.9
2023-05-25 19:00:00,1012.9,19.0,0.0,55.0,11.2,30.0,28.9
2023-05-25 20:00:00,1011.6,18.8,0.0,53.0,7.6,40.0,29.4
2023-05-25 21:00:00,1008.7,19.0,0.0,55.0,16.6,110.0,28.9
2023-05-25 22:00:00,1008.9,18.2,0.0,51.0,13.0,120.0,29.4
2023-05-25 23:00:00,1009.7,18.4,0.0,55.0,9.4,90.0,28.3
2023-05-26 00:00:00,1009.7,18.4,0.0,55.0,9.4,90.0,28.3
2023-05-26 01:00:00,1010.8,18.8,0.0,62.0,9.4,70.0,26.7
2023-05-26 02:00:00,1011.8,19.5,0.0,67.0,7.6,90.0,26.1
2023-05-26 03:00:00,1012.5,19.5,0.0,69.0,9.4,90.0,25.6
2023-05-26 04:00:00,1012.5,19.5,0.0,69.0,9.4,90.0,25.6
2023-05-26 05:00:00,1013.1,20.0,0.0,79.0,7.6,110.0,23.9
2023-05-26 06:00:00,1012.7,20.6,0.0,85.0,7.6,130.0,23.3
2023-05-26 07:00:00,1012.3,21.2,0.0,88.0,5.4,80.0,23.3
2023-05-26 08:00:00,1012.3,21.8,0.0,94.0,7.6,120.0,22.8
2023-05-26 09:00:00,1012.6,21.8,0.0,94.0,7.6,60.0,22.8
2023-05-26 10:00:00,1012.6,21.8,0.0,94.0,7.6,60.0,22.8
2023-05-26 11:00:00,1013.5,21.2,0.0,94.0,5.4,40.0,22.2
2023-05-26 12:00:00,1014.2,21.7,0.0,91.0,5.4,40.0,23.3
2023-05-26 13:00:00,1014.3,21.7,0.0,85.0,9.4,90.0,24.4
2023-05-26 14:00:00,1014.3,21.7,0.0,85.0,9.4,90.0,24.4
2023-05-26 15:00:00,1014.6,20.5,0.0,67.0,14.8,140.0,27.2
2023-05-26 16:00:00,1014.5,19.3,0.0,62.0,13.0,130.0,27.2
2023-05-26 17:00:00,1014.6,19.3,0.0,60.0,5.4,140.0,27.8
2023-05-26 18:00:00,1014.9,18.4,0.0,53.0,5.4,100.0,28.9
2023-05-26 19:00:00,1014.9,18.4,0.0,53.0,5.4,100.0,28.9
2023-05-26 20:00:00,1013.6,18.8,0.0,53.0,7.6,130.0,29.4
2023-05-26 21:00:00,1013.0,18.4,0.0,50.0,0.0,0.0,30.0
2023-05-26 22:00:00,1012.4,17.9,0.0,50.0,9.4,60.0,29.4
2023-05-26 23:00:00,1012.4,17.9,0.0,50.0,9.4,60.0,29.4
2023-05-27 00:00:00,1012.3,18.2,0.0,56.0,13.0,90.0,27.8
2023-05-27 01:00:00,1012.7,18.3,0.0,60.0,7.6,90.0,26.7
2023-05-27 02:00:00,1013.4,19.4,0.0,71.0,5.4,90.0,25.0
2023-05-27 03:00:00,1013.9,18.2,0.0,66.0,7.6,80.0,25.0
2023-05-27 04:00:00,1013.9,18.2,0.0,66.0,7.6,80.0,25.0
2023-05-27 05:00:00,1014.6,19.5,0.0,79.0,5.4,120.0,23.3
2023-05-27 06:00:00,1014.8,19.4,0.0,84.0,0.0,0.0,22.2
2023-05-27 07:00:00,1014.2,19.9,0.0,87.0,0.0,0.0,22.2
2023-05-27 08:00:00,1014.4,20.0,0.0,90.0,0.0,0.0,21.7
2023-05-27 09:00:00,1014.4,20.0,0.0,90.0,0.0,0.0,21.7
2023-05-27 10:00:00,1014.3,19.9,0.0,93.0,0.0,0.0,21.1
2023-05-27 11:00:00,1014.7,19.9,0.0,96.0,0.0,0.0,20.6
2023-05-27 12:00:00,1014.8,20.5,0.0,87.0,0.0,0.0,22.8
2023-05-27 13:00:00,1014.8,20.5,0.0,87.0,0.0,0.0,22.8
2023-05-27 14:00:00,1015.2,22.3,0.0,88.0,11.2,130.0,24.4
2023-05-27 15:00:00,1015.2,19.3,0.0,62.0,13.0,150.0,27.2
2023-05-27 16:00:00,1015.2,20.1,0.0,59.0,13.0,150.0,28.9
2023-05-27 17:00:00,1015.2,19.0,0.0,57.0,13.0,140.0,28.3
2023-05-27 18:00:00,1015.2,19.0,0.0,57.0,13.0,140.0,28.3
2023-05-27 19:00:00,1014.2,18.8,0.0,53.0,13.0,140.0,29.4
2023-05-27 20:00:00,1013.5,18.8,0.0,53.0,16.6,130.0,29.4
2023-05-27 21:00:00,1013.1,18.2,0.0,51.0,13.0,100.0,29.4
2023-05-27 22:00:00,1012.6,18.2,0.0,51.0,13.0,130.0,29.4
2023-05-27 23:00:00,1012.6,18.2,0.0,51.0,13.0,130.0,29.4
2023-05-28 00:00:00,1012.5,18.2,0.0,56.0,14.8,130.0,27.8
2023-05-28 01:00:00,1013.0,18.3,0.0,62.0,11.2,120.0,26.1
2023-05-28 02:00:00,1012.8,19.0,0.0,67.0,13.0,130.0,25.6
2023-05-28 03:00:00,1014.2,18.9,0.0,69.0,11.2,160.0,25.0
2023-05-28 04:00:00,1014.2,18.9,0.0,69.0,11.2,160.0,25.0
2023-05-28 05:00:00,1014.7,19.0,0.0,79.0,9.4,130.0,22.8
2023-05-28 06:00:00,1014.2,19.0,0.0,82.0,7.6,160.0,22.2
2023-05-28 07:00:00,1013.9,19.0,0.0,82.0,5.4,160.0,22.2
2023-05-28 08:00:00,1013.5,19.4,0.0,84.0,5.4,150.0,22.2
2023-05-28 09:00:00,1013.5,19.4,0.0,84.0,5.4,150.0,22.2
2023-05-28 10:00:00,1012.5,19.4,0.0,87.0,9.4,150.0,21.7
2023-05-28 11:00:00,1011.6,19.4,0.0,90.0,11.2,130.0,21.1
2023-05-28 12:00:00,1011.3,19.4,0.0,87.0,18.4,110.0,21.7
2023-05-28 13:00:00,1011.3,19.4,0.0,87.0,18.4,110.0,21.7
2023-05-28 14:00:00,1014.6,19.5,0.0,79.0,13.0,260.0,23.3
2023-05-28 15:00:00,1014.8,19.0,0.0,74.0,5.4,260.0,23.9
2023-05-28 16:00:00,1014.1,18.8,0.0,62.0,11.2,140.0,26.7
2023-05-28 17:00:00,1013.3,19.0,0.0,61.0,11.2,150.0,27.2
2023-05-28 18:00:00,1013.3,19.0,0.0,61.0,11.2,150.0,27.2
2023-05-28 19:00:00,1012.3,18.4,0.0,55.0,18.4,150.0,28.3
2023-05-28 20:00:00,1011.6,19.5,0.0,57.0,18.4,170.0,28.9
2023-05-28 21:00:00,1011.7,19.0,0.0,57.0,16.6,160.0,28.3
2023-05-28 22:00:00,1011.7,19.0,0.0,57.0,14.8,150.0,28.3
2023-05-28 23:00:00,1011.7,19.0,0.0,57.0,14.8,150.0,28.3
2023-05-29 00:00:00,1012.6,19.5,0.0,79.0,18.4,160.0,23.3
2023-05-29 01:00:00,1012.5,21.2,0.0,88.0,5.4,120.0,23.3
2023-05-29 02:00:00,1013.0,20.7,0.0,91.0,7.6,130.0,22.2
2023-05-29 03:00:00,1013.3,19.4,0.0,81.0,0.0,0.0,22.8
2023-05-29 04:00:00,1013.3,19.4,0.0,81.0,0.0,0.0,22.8
2023-05-29 05:00:00,1012.6,20.0,0.0,90.0,0.0,0.0,21.7
2023-05-29 06:00:00,1012.8,19.4,0.0,90.0,5.4,170.0,21.1
2023-05-29 07:00:00,1012.5,19.4,0.0,90.0,0.0,0.0,21.1
2023-05-29 08:00:00,1012.3,19.4,0.0,93.0,0.0,0.0,20.6
2023-05-29 09:00:00,1012.3,19.4,0.0,93.0,0.0,0.0,20.6
2023-05-29 10:00:00,1012.0,19.4,0.0,93.0,0.0,0.0,20.6
2023-05-29 11:00:00,1012.8,19.9,0.0,93.0,5.4,10.0,21.1
2023-05-29 12:00:00,1013.4,20.7,0.0,91.0,0.0,0.0,22.2
2023-05-29 13:00:00,1013.4,20.7,0.0,91.0,0.0,0.0,22.2
2023-05-29 14:00:00,1013.5,20.5,0.0,79.0,7.6,90.0,24.4
2023-05-29 15:00:00,1013.5,20.5,0.0,79.0,7.6,90.0,24.4
2023-05-29 16:00:00,1012.4,20.5,0.0,69.0,9.4,100.0,26.7
2023-05-29 17:00:00,1012.0,19.5,0.0,59.0,0.0,0.0,28.3
2023-05-29 18:00:00,1012.0,19.5,0.0,59.0,0.0,0.0,28.3
2023-05-29 19:00:00,1010.8,20.0,0.3,57.0,16.6,150.0,29.4
2023-05-29 20:00:00,1010.8,20.0,0.0,57.0,16.6,150.0,29.4
2023-05-29 21:00:00,1009.5,19.4,0.0,53.0,14.8,140.0,30.0
2023-05-29 22:00:00,1009.5,19.0,0.0,55.0,11.2,170.0,28.9
2023-05-29 23:00:00,1011.1,19.4,0.0,93.0,24.1,30.0,20.6
2023-05-30 00:00:00,1010.7,18.9,3.7,90.0,14.8,80.0,20.6
