DT,prcp,dwpt,pres,rhum,temp,Amity,wdir,wspd
2022-01-01 08:00:00,0.0,-5.0,1023.0,85.0,-2.8,0.678119,340.0,5.4
2022-01-01 09:00:00,0.0,-5.0,1023.6,88.0,-3.3,0.661744,0.0,0.0
2022-01-01 10:00:00,0.0,-5.0,1024.3,88.0,-3.3,0.667333,0.0,0.0
2022-01-01 11:00:00,0.0,-5.6,1024.9,84.0,-3.3,0.6831,0.0,0.0
2022-01-01 12:00:00,0.0,-6.1,1024.9,85.0,-3.9,0.717013,0.0,0.0
2022-01-01 13:00:00,0.0,-6.1,1025.4,85.0,-3.9,0.747671,0.0,0.0
2022-01-01 14:00:00,0.0,-6.1,1025.7,85.0,-3.9,0.787813,0.0,0.0
2022-01-01 15:00:00,0.0,-6.7,1026.1,84.0,-4.4,0.829981,340.0,7.6
2022-01-01 16:00:00,0.0,-5.6,1026.2,81.0,-2.8,0.840125,0.0,0.0
2022-01-01 17:00:00,0.0,-5.6,1026.6,81.0,-2.8,0.852644,10.0,5.4
2022-01-01 18:00:00,0.0,-5.5,1026.9,78.0,-2.2,0.792315,0.0,0.0
2022-01-01 19:00:00,0.0,-5.5,1027.4,75.0,-1.7,0.753076,0.0,0.0
2022-01-01 20:00:00,0.0,-5.6,1026.5,69.0,-0.6,0.717898,0.0,0.0
2022-01-01 21:00:00,0.0,-3.9,1026.0,75.0,0.0,0.610154,140.0,5.4
2022-01-01 22:00:00,0.0,-3.3,1025.3,75.0,0.6,0.648675,0.0,0.0
2022-01-01 23:00:00,0.0,-2.8,1024.8,72.0,1.7,0.734438,0.0,0.0
2022-01-02 00:00:00,0.0,-2.8,1024.4,75.0,1.1,0.783644,0.0,0.0
2022-01-02 01:00:00,0.0,-3.3,1024.0,82.0,-0.6,0.822352,360.0,9.4
2022-01-02 02:00:00,0.0,-3.3,1023.6,85.0,-1.1,0.81824,0.0,0.0
2022-01-02 03:00:00,0.0,-2.8,1023.0,88.0,-1.1,0.819923,0.0,0.0
2022-01-02 04:00:00,0.0,-3.3,1022.9,85.0,-1.1,0.78834,340.0,9.4
2022-01-02 05:00:00,0.0,-2.8,1022.6,85.0,-0.6,0.741449,0.0,0.0
2022-01-02 06:00:00,0.0,-2.8,1022.0,88.0,-1.1,0.706105,0.0,0.0
2022-01-02 07:00:00,0.0,-2.8,1021.4,88.0,-1.1,0.672697,0.0,0.0
2022-01-02 08:00:00,0.0,-2.8,1021.0,88.0,-1.1,0.645525,0.0,0.0
2022-01-02 09:00:00,0.0,-3.3,1020.3,89.0,-1.7,0.609595,0.0,0.0
2022-01-02 10:00:00,0.0,-3.3,1020.0,89.0,-1.7,0.616228,0.0,0.0
2022-01-02 11:00:00,0.0,-2.2,1019.3,92.0,-1.1,0.616485,0.0,0.0
2022-01-02 12:00:00,0.0,-2.2,1018.7,89.0,-0.6,0.635137,0.0,0.0
2022-01-02 13:00:00,0.0,-2.2,1017.7,89.0,-0.6,0.669157,0.0,0.0
2022-01-02 14:00:00,0.0,-1.8,1017.3,88.0,0.0,0.703446,0.0,0.0
2022-01-02 15:00:00,0.0,-1.8,1016.8,88.0,0.0,0.733549,20.0,5.4
2022-01-02 16:00:00,0.0,-1.8,1016.1,88.0,0.0,0.76472,0.0,0.0
2022-01-02 17:00:00,0.0,-1.2,1015.1,88.0,0.6,0.778277,340.0,5.4
2022-01-02 18:00:00,0.0,-0.7,1014.3,88.0,1.1,0.772386,340.0,5.4
2022-01-02 19:00:00,0.0,0.0,1013.3,79.0,3.3,0.717208,120.0,5.4
2022-01-02 20:00:00,0.0,-1.2,1011.9,53.0,7.8,0.690983,190.0,24.1
2022-01-02 21:00:00,0.0,-1.0,1010.7,50.0,8.9,0.71126,190.0,33.5
2022-01-02 22:00:00,0.3,0.1,1009.7,54.0,8.9,0.730033,190.0,33.5
2022-01-02 23:00:00,1.9,0.1,1008.4,54.0,8.9,0.731476,190.0,27.7
2022-01-03 00:00:00,0.3,1.7,1007.5,63.0,8.3,0.749747,190.0,40.7
2022-01-03 01:00:00,0.3,1.1,1005.9,56.0,9.4,0.777337,180.0,37.1
2022-01-03 02:00:00,0.3,0.6,1004.6,54.0,9.4,0.756927,190.0,37.1
2022-01-03 03:00:00,0.8,2.7,1003.5,68.0,8.3,0.736766,190.0,33.5
2022-01-03 04:00:00,2.3,2.9,1002.7,66.0,8.9,0.705482,190.0,40.7
2022-01-03 05:00:00,0.3,3.9,1001.6,74.0,8.3,0.645611,200.0,31.7
2022-01-03 06:00:00,0.3,3.9,1000.4,71.0,8.9,0.583563,190.0,35.3
2022-01-03 07:00:00,0.8,5.1,999.9,77.0,8.9,0.535251,200.0,44.6
2022-01-03 08:00:00,1.0,5.0,1001.0,86.0,7.2,0.483606,260.0,18.4
2022-01-03 09:00:00,0.5,4.4,999.0,85.0,6.7,0.469177,230.0,24.1
2022-01-03 10:00:00,6.1,5.6,998.1,86.0,7.8,0.475447,160.0,24.1
2022-01-03 11:00:00,7.4,5.7,999.0,90.0,7.2,0.483918,240.0,11.2
2022-01-03 12:00:00,4.8,3.3,999.0,82.0,6.1,0.500053,250.0,25.9
2022-01-03 13:00:00,2.5,3.3,999.4,89.0,5.0,0.579068,200.0,13.0
2022-01-03 14:00:00,1.8,2.9,999.5,86.0,5.0,0.665421,180.0,14.8
2022-01-03 15:00:00,2.8,2.7,1000.0,89.0,4.4,0.697394,150.0,13.0
2022-01-03 16:00:00,1.0,3.3,1000.4,89.0,5.0,0.696163,160.0,24.1
2022-01-03 17:00:00,2.8,2.9,1001.2,86.0,5.0,0.736765,180.0,18.4
2022-01-03 18:00:00,0.7,2.3,1003.0,86.0,4.4,0.753039,170.0,22.3
2022-01-03 19:00:00,1.3,2.3,1002.6,86.0,4.4,0.743226,170.0,13.0
2022-01-03 20:00:00,0.6,2.9,1002.1,86.0,5.0,0.743707,160.0,16.6
2022-01-03 21:00:00,1.3,2.9,1002.6,86.0,5.0,0.741851,230.0,18.4
2022-01-03 22:00:00,0.4,1.7,1002.4,79.0,5.0,0.735648,220.0,20.5
2022-01-03 23:00:00,0.0,2.8,1003.1,82.0,5.6,0.754791,170.0,7.6
2022-01-04 00:00:00,1.2,2.2,1003.7,82.0,5.0,0.790473,200.0,24.1
2022-01-04 01:00:00,1.8,1.2,1004.8,86.0,3.3,0.807057,190.0,18.4
2022-01-04 02:00:00,0.1,0.6,1004.9,89.0,2.2,0.813157,170.0,16.6
2022-01-04 03:00:00,0.8,1.0,1006.2,92.0,2.2,0.777721,0.0,0.0
2022-01-04 04:00:00,0.3,1.0,1007.2,92.0,2.2,0.7453,160.0,7.6
2022-01-04 05:00:00,0.0,0.6,1008.3,89.0,2.2,0.688859,30.0,5.4
2022-01-04 06:00:00,0.5,1.2,1009.2,89.0,2.8,0.599137,130.0,5.4
2022-01-04 07:00:00,0.3,1.8,1010.6,93.0,2.8,0.543845,130.0,9.4
2022-01-04 08:00:00,0.0,1.7,1011.7,89.0,3.3,0.542998,150.0,11.2
2022-01-04 09:00:00,0.0,1.7,1012.9,89.0,3.3,0.529808,0.0,0.0
2022-01-04 10:00:00,0.0,1.7,1013.7,89.0,3.3,0.521671,130.0,11.2
2022-01-04 11:00:00,0.0,1.7,1015.1,89.0,3.3,0.538219,150.0,7.6
2022-01-04 12:00:00,0.0,1.8,1015.1,83.0,4.4,0.56877,180.0,18.4
2022-01-04 13:00:00,0.5,2.3,1015.9,86.0,4.4,0.630391,220.0,14.8
2022-01-04 14:00:00,0.3,2.3,1016.7,86.0,4.4,0.712658,210.0,13.0
2022-01-04 15:00:00,0.0,2.3,1017.1,89.0,3.9,0.771641,0.0,0.0
2022-01-04 16:00:00,0.0,2.3,1018.0,89.0,3.9,0.743071,150.0,9.4
2022-01-04 17:00:00,0.4,2.7,1018.1,89.0,4.4,0.745971,200.0,5.4
2022-01-04 18:00:00,0.1,3.3,1018.4,89.0,5.0,0.705143,160.0,13.0
2022-01-04 19:00:00,0.3,4.4,1018.4,85.0,6.7,0.702894,0.0,0.0
2022-01-04 20:00:00,0.1,4.4,1017.8,89.0,6.1,0.707288,170.0,16.6
2022-01-04 21:00:00,0.3,5.1,1017.5,83.0,7.8,0.707478,190.0,14.8
2022-01-04 22:00:00,0.3,5.1,1017.1,83.0,7.8,0.69356,160.0,13.0
2022-01-04 23:00:00,0.2,6.1,1016.9,93.0,7.2,0.693616,150.0,11.2
2022-01-05 00:00:00,1.0,6.1,1016.2,93.0,7.2,0.723104,150.0,11.2
2022-01-05 01:00:00,1.3,6.1,1015.5,93.0,7.2,0.754064,160.0,16.6
2022-01-05 02:00:00,0.5,5.7,1014.9,90.0,7.2,0.762527,140.0,13.0
2022-01-05 03:00:00,0.3,5.6,1014.5,93.0,6.7,0.712902,140.0,7.6
2022-01-05 04:00:00,0.5,5.6,1014.3,93.0,6.7,0.670412,150.0,11.2
2022-01-05 05:00:00,0.1,5.7,1014.2,90.0,7.2,0.616307,0.0,0.0
2022-01-05 06:00:00,0.0,6.1,1015.3,93.0,7.2,0.54266,240.0,11.2
2022-01-05 07:00:00,0.3,6.1,1016.2,93.0,7.2,0.490843,240.0,9.4
2022-01-05 08:00:00,0.0,5.6,1017.3,93.0,6.7,0.469428,0.0,0.0
2022-01-05 09:00:00,0.0,5.7,1018.9,97.0,6.1,0.45598,0.0,0.0
2022-01-05 10:00:00,0.0,5.1,1019.9,93.0,6.1,0.452163,0.0,0.0
2022-01-05 11:00:00,0.0,5.0,1020.3,89.0,6.7,0.45324,230.0,9.4
2022-01-05 12:00:00,0.0,5.1,1021.5,93.0,6.1,0.489952,250.0,9.4
2022-01-05 13:00:00,0.0,5.1,1021.6,93.0,6.1,0.550964,230.0,9.4
2022-01-05 14:00:00,0.2,5.1,1021.9,93.0,6.1,0.604243,290.0,5.4
2022-01-05 15:00:00,0.3,4.4,1022.4,92.0,5.6,0.662719,0.0,0.0
2022-01-05 16:00:00,0.5,3.9,1022.5,89.0,5.6,0.667402,0.0,0.0
2022-01-05 17:00:00,0.3,4.4,1022.7,96.0,5.0,0.676474,0.0,0.0
2022-01-05 18:00:00,0.8,5.1,1022.8,93.0,6.1,0.678805,0.0,0.0
2022-01-05 19:00:00,1.0,5.1,1022.6,93.0,6.1,0.67252,130.0,11.2
2022-01-05 20:00:00,1.3,5.0,1022.1,89.0,6.7,0.683091,110.0,5.4
2022-01-05 21:00:00,1.3,5.0,1021.7,89.0,6.7,0.672398,0.0,0.0
2022-01-05 22:00:00,1.8,5.1,1020.2,93.0,6.1,0.670018,90.0,7.6
2022-01-05 23:00:00,2.3,4.4,1019.6,89.0,6.1,0.683193,70.0,5.4
2022-01-06 00:00:00,1.0,4.4,1018.8,92.0,5.6,0.713132,50.0,7.6
2022-01-06 01:00:00,0.8,4.0,1017.8,93.0,5.0,0.746645,0.0,0.0
2022-01-06 02:00:00,1.5,3.6,1017.0,97.0,4.0,0.744316,340.0,7.0
2022-01-06 03:00:00,1.0,4.0,1016.6,97.0,4.4,0.710316,340.0,7.6
2022-01-06 04:00:00,1.5,4.0,1016.6,97.0,4.4,0.681036,310.0,5.4
2022-01-06 05:00:00,1.0,4.0,1016.4,93.0,5.0,0.614449,0.0,0.0
2022-01-06 06:00:00,0.3,4.0,1015.5,93.0,5.0,0.549654,0.0,0.0
2022-01-06 07:00:00,0.1,4.4,1014.4,96.0,5.0,0.490123,0.0,0.0
2022-01-06 08:00:00,0.2,4.4,1013.0,92.0,5.6,0.448333,0.0,0.0
2022-01-06 09:00:00,0.5,5.0,1012.5,96.0,5.6,0.440274,0.0,0.0
2022-01-06 10:00:00,0.8,9.9,1011.2,86.0,12.2,0.420177,190.0,20.5
2022-01-06 11:00:00,0.5,9.9,1011.3,86.0,12.2,0.418579,190.0,27.7
2022-01-06 12:00:00,0.8,9.9,1011.2,86.0,12.2,0.428844,200.0,24.1
2022-01-06 13:00:00,0.8,9.4,1010.8,83.0,12.2,0.484091,200.0,16.6
2022-01-06 14:00:00,1.5,10.6,1010.7,90.0,12.2,0.555492,210.0,14.8
2022-01-06 15:00:00,3.0,10.6,1011.0,90.0,12.2,0.595271,220.0,20.5
2022-01-06 16:00:00,0.3,10.6,1010.8,90.0,12.2,0.603052,200.0,25.9
2022-01-06 17:00:00,0.0,10.0,1010.6,83.0,12.8,0.609237,190.0,29.5
2022-01-06 18:00:00,0.7,9.9,1010.8,86.0,12.2,0.603097,190.0,35.3
2022-01-06 19:00:00,0.8,9.4,1010.6,80.0,12.8,0.592975,190.0,29.5
2022-01-06 20:00:00,0.0,9.4,1009.6,80.0,12.8,0.573167,190.0,31.7
2022-01-06 21:00:00,0.1,10.0,1008.4,83.0,12.8,0.574288,180.0,37.1
2022-01-06 22:00:00,0.1,9.9,1007.7,86.0,12.2,0.571973,180.0,35.3
2022-01-06 23:00:00,0.0,9.4,1007.4,83.0,12.2,0.583707,200.0,25.9
2022-01-07 00:00:00,0.0,8.3,1006.7,77.0,12.2,0.608021,200.0,35.3
2022-01-07 01:00:00,0.0,8.3,1006.4,83.0,11.1,0.649146,190.0,24.1
2022-01-07 02:00:00,0.0,7.8,1005.6,80.0,11.1,0.618066,200.0,18.4
2022-01-07 03:00:00,0.0,6.6,1004.1,74.0,11.1,0.58576,190.0,20.5
2022-01-07 04:00:00,0.0,6.0,1003.0,71.0,11.1,0.549969,200.0,16.6
2022-01-07 05:00:00,0.6,6.6,1002.1,74.0,11.1,0.516339,190.0,16.6
2022-01-07 06:00:00,1.8,6.7,1000.4,77.0,10.6,0.470516,190.0,22.3
2022-01-07 07:00:00,0.5,6.7,999.5,77.0,10.6,0.433296,190.0,25.9
2022-01-07 08:00:00,1.3,8.3,998.8,89.0,10.0,0.410719,190.0,24.1
2022-01-07 09:00:00,1.0,7.8,997.4,86.0,10.0,0.397733,190.0,25.9
2022-01-07 10:00:00,0.3,7.8,996.6,86.0,10.0,0.394528,190.0,22.3
2022-01-07 11:00:00,0.0,7.8,996.1,86.0,10.0,0.408376,170.0,27.7
2022-01-07 12:00:00,1.8,8.3,995.1,89.0,10.0,0.427344,170.0,25.9
2022-01-07 13:00:00,1.0,7.8,993.7,83.0,10.6,0.473015,170.0,31.7
2022-01-07 14:00:00,1.8,8.4,992.7,86.0,10.6,0.53611,170.0,31.7
2022-01-07 15:00:00,1.0,7.8,993.1,83.0,10.6,0.579605,210.0,35.3
2022-01-07 16:00:00,0.5,5.1,998.2,80.0,8.3,0.601457,240.0,38.9
2022-01-07 17:00:00,0.9,4.0,1001.6,80.0,7.2,0.617996,230.0,33.5
2022-01-07 18:00:00,0.0,4.0,1004.3,80.0,7.2,0.617643,230.0,33.5
2022-01-07 19:00:00,0.1,4.0,1006.9,80.0,7.2,0.612862,220.0,22.3
2022-01-07 20:00:00,0.0,3.8,1008.4,76.0,7.8,0.60714,250.0,22.3
2022-01-07 21:00:00,0.0,1.7,1009.3,68.0,7.2,0.507764,260.0,20.5
2022-01-07 22:00:00,0.0,2.3,1010.1,71.0,7.2,0.552439,250.0,20.5
2022-01-07 23:00:00,0.0,2.2,1010.9,73.0,6.7,0.603664,260.0,16.6
2022-01-08 00:00:00,0.0,1.6,1011.8,73.0,6.1,0.642261,240.0,11.2
2022-01-08 01:00:00,0.0,2.2,1012.7,76.0,6.1,0.678798,220.0,16.6
2022-01-08 02:00:00,0.0,2.2,1013.2,79.0,5.6,0.681176,190.0,13.0
2022-01-08 03:00:00,0.0,2.2,1014.0,79.0,5.6,0.649964,230.0,13.0
2022-01-08 04:00:00,0.1,2.8,1015.0,82.0,5.6,0.619486,230.0,14.8
2022-01-08 05:00:00,0.1,2.9,1015.8,86.0,5.0,0.569899,190.0,11.2
2022-01-08 06:00:00,0.0,2.2,1016.3,82.0,5.0,0.541069,220.0,7.6
2022-01-08 07:00:00,0.0,2.3,1016.8,89.0,3.9,0.492131,260.0,11.2
2022-01-08 08:00:00,0.0,2.3,1017.6,86.0,4.4,0.486392,190.0,13.0
2022-01-08 09:00:00,0.0,2.9,1018.3,86.0,5.0,0.469082,160.0,13.0
2022-01-08 10:00:00,0.0,2.9,1019.2,86.0,5.0,0.459612,0.0,0.0
2022-01-08 11:00:00,0.0,2.9,1020.1,86.0,5.0,0.46647,0.0,0.0
2022-01-08 12:00:00,0.3,2.7,1020.4,89.0,4.4,0.485495,250.0,7.6
2022-01-08 13:00:00,0.0,2.9,1020.5,86.0,5.0,0.514473,220.0,7.6
2022-01-08 14:00:00,0.0,3.3,1021.5,89.0,5.0,0.559298,220.0,11.2
2022-01-08 15:00:00,0.0,2.9,1022.0,86.0,5.0,0.618068,0.0,0.0
2022-01-08 16:00:00,0.0,2.7,1022.7,89.0,4.4,0.65814,0.0,0.0
2022-01-08 17:00:00,0.0,3.3,1023.9,89.0,5.0,0.681349,0.0,0.0
2022-01-08 18:00:00,0.0,3.3,1024.5,82.0,6.1,0.657187,0.0,0.0
2022-01-08 19:00:00,0.0,3.8,1025.1,76.0,7.8,0.568604,0.0,0.0
2022-01-08 20:00:00,0.0,3.8,1024.9,76.0,7.8,0.468477,0.0,0.0
2022-01-08 21:00:00,0.0,4.3,1024.3,73.0,8.9,0.432577,0.0,0.0
2022-01-08 22:00:00,0.0,4.0,1024.0,69.0,9.4,0.451817,0.0,0.0
2022-01-08 23:00:00,0.0,4.0,1024.2,69.0,9.4,0.504599,0.0,0.0
2022-01-09 00:00:00,0.0,3.9,1024.5,74.0,8.3,0.565232,360.0,5.4
2022-01-09 01:00:00,0.0,2.8,1024.6,76.0,6.7,0.633171,10.0,7.6
2022-01-09 02:00:00,0.0,2.8,1024.5,82.0,5.6,0.639607,340.0,9.4
2022-01-09 03:00:00,0.0,2.3,1024.5,86.0,4.4,0.645026,340.0,11.2
2022-01-09 04:00:00,0.0,2.3,1024.8,89.0,3.9,0.619577,340.0,11.2
2022-01-09 05:00:00,0.0,1.7,1024.8,89.0,3.3,0.593267,350.0,13.0
2022-01-09 06:00:00,0.0,1.0,1025.0,92.0,2.2,0.556188,350.0,9.4
2022-01-09 07:00:00,0.0,1.0,1025.1,92.0,2.2,0.530756,340.0,13.0
2022-01-09 08:00:00,0.0,0.6,1025.0,89.0,2.2,0.510488,350.0,11.2
2022-01-09 09:00:00,0.0,0.5,1024.6,92.0,1.7,0.508062,350.0,9.4
2022-01-09 10:00:00,0.0,0.5,1024.5,92.0,1.7,0.517208,350.0,9.4
2022-01-09 11:00:00,0.0,-0.7,1024.8,88.0,1.1,0.524458,340.0,9.4
2022-01-09 12:00:00,0.0,-0.6,1024.8,92.0,0.6,0.552464,0.0,0.0
2022-01-09 13:00:00,0.0,-0.7,1024.7,88.0,1.1,0.607797,350.0,11.2
2022-01-09 14:00:00,0.0,-0.6,1024.8,92.0,0.6,0.66313,360.0,7.6
2022-01-09 15:00:00,0.0,-0.6,1025.3,92.0,0.6,0.700218,0.0,0.0
2022-01-09 16:00:00,0.0,-2.2,1025.4,92.0,-1.1,0.727181,270.0,7.6
2022-01-09 17:00:00,0.0,-1.2,1025.8,88.0,0.6,0.697612,0.0,0.0
2022-01-09 18:00:00,0.0,1.7,1026.5,89.0,3.3,0.623907,0.0,0.0
2022-01-09 19:00:00,0.0,2.2,1026.4,73.0,6.7,0.521549,340.0,7.6
2022-01-09 20:00:00,0.0,2.2,1025.9,63.0,8.9,0.483856,360.0,7.6
2022-01-09 21:00:00,0.0,1.6,1025.6,56.0,10.0,0.437021,0.0,0.0
2022-01-09 22:00:00,0.0,2.1,1025.2,54.0,11.1,0.483288,0.0,0.0
2022-01-09 23:00:00,0.0,2.2,1025.1,52.0,11.7,0.518503,10.0,5.4
2022-01-10 00:00:00,0.0,2.9,1025.1,59.0,10.6,0.597037,330.0,7.6
2022-01-10 01:00:00,0.0,1.6,1025.3,56.0,10.0,0.679228,350.0,7.6
2022-01-10 02:00:00,0.0,1.7,1025.3,68.0,7.2,0.695897,340.0,9.4
2022-01-10 03:00:00,0.0,1.1,1025.7,82.0,3.9,0.707773,360.0,9.4
2022-01-10 04:00:00,0.0,1.1,1025.5,82.0,3.9,0.659698,360.0,11.2
2022-01-10 05:00:00,0.0,0.6,1025.6,79.0,3.9,0.608046,340.0,13.0
2022-01-10 06:00:00,0.0,0.0,1025.8,79.0,3.3,0.54241,350.0,13.0
2022-01-10 07:00:00,0.0,-0.6,1026.4,82.0,2.2,0.523021,350.0,9.4
2022-01-10 08:00:00,0.0,-0.7,1026.9,78.0,2.8,0.504273,360.0,5.4
2022-01-10 09:00:00,0.0,-0.7,1027.0,88.0,1.1,0.499625,0.0,0.0
2022-01-10 10:00:00,0.0,-1.2,1027.0,88.0,0.6,0.506373,10.0,7.6
2022-01-10 11:00:00,0.0,-1.2,1027.5,88.0,0.6,0.526084,250.0,5.4
2022-01-10 12:00:00,0.0,-0.6,1027.4,92.0,0.6,0.5509,0.0,0.0
2022-01-10 13:00:00,0.0,-0.7,1027.7,88.0,1.1,0.641501,0.0,0.0
2022-01-10 14:00:00,0.2,-0.1,1028.1,92.0,1.1,0.716631,0.0,0.0
2022-01-10 15:00:00,0.8,0.5,1029.2,92.0,1.7,0.769943,0.0,0.0
2022-01-10 16:00:00,0.8,1.0,1029.6,92.0,2.2,0.772815,100.0,5.4
2022-01-10 17:00:00,0.5,1.8,1030.8,93.0,2.8,0.751732,0.0,0.0
2022-01-10 18:00:00,0.5,1.7,1031.2,89.0,3.3,0.751232,0.0,0.0
2022-01-10 19:00:00,0.0,2.3,1031.3,89.0,3.9,0.734415,360.0,7.6
2022-01-10 20:00:00,0.0,3.3,1030.3,89.0,5.0,0.670593,330.0,5.4
2022-01-10 21:00:00,0.0,3.3,1029.9,82.0,6.1,0.550414,330.0,5.4
2022-01-10 22:00:00,0.0,4.0,1029.6,80.0,7.2,0.616458,340.0,7.6
2022-01-10 23:00:00,0.0,4.3,1029.3,82.0,7.2,0.638888,340.0,5.4
2022-01-11 00:00:00,0.0,5.1,1028.7,83.0,7.8,0.662053,0.0,0.0
2022-01-11 01:00:00,0.0,4.4,1029.0,89.0,6.1,0.711387,60.0,5.4
2022-01-11 02:00:00,0.0,4.4,1028.7,89.0,6.1,0.702753,290.0,5.4
2022-01-11 03:00:00,0.0,4.4,1027.7,92.0,5.6,0.668519,0.0,0.0
2022-01-11 04:00:00,0.0,4.4,1027.5,96.0,5.0,0.637455,0.0,0.0
2022-01-11 05:00:00,0.0,5.1,1027.5,93.0,6.1,0.579501,0.0,0.0
2022-01-11 06:00:00,0.0,5.1,1027.1,93.0,6.1,0.521006,0.0,0.0
2022-01-11 07:00:00,0.0,5.0,1027.0,96.0,5.6,0.486512,160.0,5.4
2022-01-11 08:00:00,0.0,5.1,1027.5,93.0,6.1,0.455633,0.0,0.0
2022-01-11 09:00:00,0.0,4.4,1027.6,92.0,5.6,0.440965,0.0,0.0
2022-01-11 10:00:00,0.0,4.4,1027.1,92.0,5.6,0.440545,40.0,7.6
2022-01-11 11:00:00,0.0,4.4,1027.0,96.0,5.0,0.448428,0.0,0.0
2022-01-11 12:00:00,0.0,4.4,1027.1,92.0,5.6,0.46065,0.0,0.0
2022-01-11 13:00:00,0.2,5.1,1026.7,93.0,6.1,0.526505,0.0,0.0
2022-01-11 14:00:00,0.8,5.1,1026.7,93.0,6.1,0.599431,0.0,0.0
2022-01-11 15:00:00,0.8,5.1,1026.7,93.0,6.1,0.629654,0.0,0.0
2022-01-11 16:00:00,0.3,5.1,1026.6,93.0,6.1,0.610746,0.0,0.0
2022-01-11 17:00:00,0.4,5.6,1026.2,93.0,6.7,0.621611,0.0,0.0
2022-01-11 18:00:00,0.1,6.1,1026.8,93.0,7.2,0.61595,0.0,0.0
2022-01-11 19:00:00,0.1,6.8,1026.6,90.0,8.3,0.597281,0.0,0.0
2022-01-11 20:00:00,0.0,7.2,1025.6,89.0,8.9,0.599,20.0,5.4
2022-01-11 21:00:00,0.0,7.2,1025.1,86.0,9.4,0.577765,0.0,0.0
2022-01-11 22:00:00,0.0,8.4,1024.1,86.0,10.6,0.572146,0.0,0.0
2022-01-11 23:00:00,0.0,8.4,1023.9,86.0,10.6,0.567987,50.0,5.4
2022-01-12 00:00:00,0.0,8.4,1023.8,86.0,10.6,0.602923,360.0,5.4
2022-01-12 01:00:00,0.0,8.4,1023.6,86.0,10.6,0.615377,0.0,0.0
2022-01-12 02:00:00,0.0,8.4,1023.2,80.0,11.7,0.626721,140.0,14.8
2022-01-12 03:00:00,0.0,8.3,1022.9,77.0,12.2,0.599846,140.0,14.8
2022-01-12 04:00:00,0.0,8.4,1022.9,80.0,11.7,0.569011,140.0,14.8
2022-01-12 05:00:00,0.0,8.4,1022.8,72.0,13.3,0.500859,180.0,18.4
2022-01-12 06:00:00,0.0,8.4,1023.0,72.0,13.3,0.445031,190.0,11.2
2022-01-12 07:00:00,0.0,8.3,1023.4,74.0,12.8,0.408989,0.0,0.0
2022-01-12 08:00:00,0.0,7.8,1023.3,77.0,11.7,0.385411,220.0,14.8
2022-01-12 09:00:00,0.0,7.8,1023.7,77.0,11.7,0.367278,0.0,0.0
2022-01-12 10:00:00,0.0,7.8,1023.4,77.0,11.7,0.364344,0.0,0.0
2022-01-12 11:00:00,0.0,7.8,1023.7,77.0,11.7,0.356193,0.0,0.0
2022-01-12 12:00:00,0.0,7.8,1023.0,80.0,11.1,0.376292,0.0,0.0
2022-01-12 13:00:00,0.0,7.2,1022.4,86.0,9.4,0.442794,0.0,0.0
2022-01-12 14:00:00,0.0,7.2,1022.5,86.0,9.4,0.51015,30.0,7.6
2022-01-12 15:00:00,0.0,7.2,1022.1,89.0,8.9,0.5454,0.0,0.0
2022-01-12 16:00:00,0.0,6.8,1022.0,90.0,8.3,0.549738,0.0,0.0
2022-01-12 17:00:00,0.0,6.1,1022.0,93.0,7.2,0.529436,0.0,0.0
2022-01-12 18:00:00,0.0,7.8,1022.1,86.0,10.0,0.51149,0.0,0.0
2022-01-12 19:00:00,0.0,6.6,1022.0,74.0,11.1,0.425644,0.0,0.0
2022-01-12 20:00:00,0.0,6.2,1021.2,64.0,12.8,0.418728,0.0,0.0
2022-01-12 21:00:00,0.0,6.6,1020.6,64.0,13.3,0.379566,0.0,0.0
2022-01-12 22:00:00,0.0,6.7,1020.0,60.0,14.4,0.435544,110.0,9.4
2022-01-12 23:00:00,0.0,7.9,1019.4,67.0,13.9,0.463158,120.0,7.6
2022-01-13 00:00:00,0.0,7.7,1018.9,69.0,13.3,0.493323,60.0,5.4
2022-01-13 01:00:00,0.0,6.7,1018.5,77.0,10.6,0.549594,350.0,9.4
2022-01-13 02:00:00,0.0,5.6,1018.2,83.0,8.3,0.585293,0.0,0.0
2022-01-13 03:00:00,0.0,5.1,1018.9,93.0,6.1,0.583653,270.0,11.2
2022-01-13 04:00:00,0.0,5.1,1019.0,93.0,6.1,0.577732,0.0,0.0
2022-01-13 05:00:00,0.0,4.0,1019.2,93.0,5.0,0.521807,0.0,0.0
2022-01-13 06:00:00,0.0,5.1,1018.7,93.0,6.1,0.471655,90.0,7.6
2022-01-13 07:00:00,0.0,5.0,1018.6,89.0,6.7,0.420924,100.0,14.8
2022-01-13 08:00:00,0.0,5.7,1018.3,90.0,7.2,0.412114,300.0,7.6
2022-01-13 09:00:00,0.3,5.6,1018.1,93.0,6.7,0.403055,0.0,0.0
2022-01-13 10:00:00,0.0,5.1,1017.7,93.0,6.1,0.395416,0.0,0.0
2022-01-13 11:00:00,0.2,5.0,1017.6,89.0,6.7,0.399386,10.0,7.0
2022-01-13 12:00:00,1.0,6.7,1017.1,93.0,7.8,0.419682,0.0,0.0
2022-01-13 13:00:00,0.0,7.8,1017.2,83.0,10.6,0.480145,190.0,22.3
2022-01-13 14:00:00,0.3,7.8,1018.0,86.0,10.0,0.550304,180.0,16.6
2022-01-13 15:00:00,0.0,7.2,1018.3,86.0,9.4,0.579396,160.0,18.4
2022-01-13 16:00:00,0.0,7.2,1018.8,86.0,9.4,0.580318,160.0,24.1
2022-01-13 17:00:00,0.2,7.8,1019.9,90.0,9.4,0.59199,160.0,14.8
2022-01-13 18:00:00,0.0,7.8,1020.9,86.0,10.0,0.587218,160.0,20.5
2022-01-13 19:00:00,0.1,7.8,1021.5,86.0,10.0,0.595562,150.0,16.6
2022-01-13 20:00:00,0.3,8.3,1021.9,89.0,10.0,0.575315,150.0,20.5
2022-01-13 21:00:00,0.1,8.9,1022.0,89.0,10.6,0.555752,170.0,14.8
2022-01-13 22:00:00,0.0,8.9,1022.6,89.0,10.6,0.546392,160.0,16.6
2022-01-13 23:00:00,0.0,8.8,1023.3,86.0,11.1,0.533529,160.0,18.4
2022-01-14 00:00:00,0.0,8.8,1024.7,86.0,11.1,0.563431,150.0,13.0
2022-01-14 01:00:00,0.0,8.9,1025.6,89.0,10.6,0.598763,150.0,9.4
2022-01-14 02:00:00,0.0,8.9,1026.6,89.0,10.6,0.601447,160.0,9.4
2022-01-14 03:00:00,0.3,8.9,1027.3,89.0,10.6,0.571955,200.0,9.4
2022-01-14 04:00:00,0.0,8.9,1028.1,93.0,10.0,0.540567,200.0,9.4
2022-01-14 05:00:00,0.0,8.3,1028.7,89.0,10.0,0.486203,0.0,0.0
2022-01-14 06:00:00,0.0,8.3,1029.2,93.0,9.4,0.453722,0.0,0.0
2022-01-14 07:00:00,0.0,7.8,1029.4,93.0,8.9,0.419568,0.0,0.0
2022-01-14 08:00:00,0.0,8.3,1029.9,96.0,8.9,0.397717,0.0,0.0
2022-01-14 09:00:00,0.0,7.8,1030.6,93.0,8.9,0.381942,350.0,5.4
2022-01-14 10:00:00,0.0,8.3,1031.4,96.0,8.9,0.382495,0.0,0.0
2022-01-14 11:00:00,0.0,6.8,1031.7,97.0,7.2,0.388047,0.0,0.0
2022-01-14 12:00:00,0.0,7.2,1031.7,93.0,8.3,0.41382,0.0,0.0
2022-01-14 13:00:00,0.0,7.2,1032.0,93.0,8.3,0.465165,60.0,9.4
2022-01-14 14:00:00,0.0,6.7,1031.6,93.0,7.8,0.501801,310.0,7.6
2022-01-14 15:00:00,0.0,6.1,1031.9,93.0,7.2,0.553665,30.0,5.4
2022-01-14 16:00:00,0.0,6.1,1032.0,93.0,7.2,0.557737,50.0,5.4
2022-01-14 17:00:00,0.0,7.2,1032.0,93.0,8.3,0.532407,0.0,0.0
2022-01-14 18:00:00,0.0,7.8,1031.9,93.0,8.9,0.502282,310.0,5.4
2022-01-14 19:00:00,0.0,7.8,1031.6,83.0,10.6,0.50052,20.0,7.6
2022-01-14 20:00:00,0.0,8.3,1031.0,89.0,10.0,0.521737,110.0,9.4
2022-01-14 21:00:00,0.0,7.2,1030.1,86.0,9.4,0.509815,120.0,5.4
2022-01-14 22:00:00,0.0,7.2,1030.0,83.0,10.0,0.427501,0.0,0.0
2022-01-14 23:00:00,0.0,7.2,1029.2,74.0,11.7,0.441974,350.0,9.4
2022-01-15 00:00:00,0.0,7.2,1029.1,74.0,11.7,0.49093,30.0,7.6
2022-01-15 01:00:00,0.0,6.7,1029.3,80.0,10.0,0.55557,340.0,7.6
2022-01-15 02:00:00,0.0,6.1,1028.9,86.0,8.3,0.564776,10.0,5.4
2022-01-15 03:00:00,0.0,4.3,1028.6,82.0,7.2,0.561616,350.0,7.6
2022-01-15 04:00:00,0.0,5.1,1028.0,93.0,6.1,0.555185,0.0,0.0
2022-01-15 05:00:00,0.0,4.4,1028.1,92.0,5.6,0.524271,320.0,5.4
2022-01-15 06:00:00,0.0,4.0,1028.0,93.0,5.0,0.499694,350.0,7.6
2022-01-15 07:00:00,0.0,2.3,1028.0,93.0,3.3,0.478117,350.0,7.6
2022-01-15 08:00:00,0.0,2.2,1027.9,100.0,2.2,0.456482,0.0,0.0
2022-01-15 09:00:00,0.0,1.8,1027.8,93.0,2.8,0.446589,330.0,7.6
2022-01-15 10:00:00,0.0,0.7,1027.7,97.0,1.1,0.442833,260.0,7.6
2022-01-15 11:00:00,0.0,-0.6,1028.0,92.0,0.6,0.459637,260.0,9.4
2022-01-15 12:00:00,0.0,-0.6,1028.0,92.0,0.6,0.498093,0.0,0.0
2022-01-15 13:00:00,0.0,-0.6,1027.6,96.0,0.0,0.515058,0.0,0.0
2022-01-15 14:00:00,0.0,-0.6,1027.7,92.0,0.6,0.578363,0.0,0.0
2022-01-15 15:00:00,0.0,-0.6,1028.4,96.0,0.0,0.641087,300.0,5.4
2022-01-15 16:00:00,0.0,0.0,1028.3,96.0,0.6,0.701902,0.0,0.0
2022-01-15 17:00:00,0.0,0.0,1028.5,96.0,0.6,0.70199,0.0,0.0
2022-01-15 18:00:00,0.0,1.1,1028.7,96.0,1.7,0.694341,0.0,0.0
2022-01-15 19:00:00,0.0,1.8,1028.6,97.0,2.2,0.652602,0.0,0.0
2022-01-15 20:00:00,0.0,2.2,1028.5,96.0,2.8,0.600838,0.0,0.0
2022-01-15 21:00:00,0.0,2.9,1028.0,97.0,3.3,0.560322,0.0,0.0
2022-01-15 22:00:00,0.0,3.3,1027.1,96.0,3.9,0.537647,0.0,0.0
2022-01-15 23:00:00,0.0,3.3,1026.6,89.0,5.0,0.564799,0.0,0.0
2022-01-16 00:00:00,0.0,3.4,1026.0,93.0,4.4,0.593093,0.0,0.0
2022-01-16 01:00:00,0.0,3.3,1026.4,96.0,3.9,0.639463,0.0,0.0
2022-01-16 02:00:00,0.0,2.9,1026.4,93.0,3.9,0.636974,0.0,0.0
2022-01-16 03:00:00,0.0,2.9,1026.4,97.0,3.3,0.625856,0.0,0.0
2022-01-16 04:00:00,0.0,2.9,1026.6,97.0,3.3,0.610232,0.0,0.0
2022-01-16 05:00:00,0.0,2.9,1026.5,97.0,3.3,0.577793,0.0,0.0
2022-01-16 06:00:00,0.0,2.9,1026.3,97.0,3.3,0.536768,0.0,0.0
2022-01-16 07:00:00,0.0,2.3,1026.2,93.0,3.3,0.500278,0.0,0.0
2022-01-16 08:00:00,0.0,2.2,1026.1,96.0,2.8,0.467893,0.0,0.0
2022-01-16 09:00:00,0.0,1.8,1025.7,93.0,2.8,0.451796,0.0,0.0
2022-01-16 10:00:00,0.0,2.2,1025.8,96.0,2.8,0.458211,0.0,0.0
2022-01-16 11:00:00,0.0,2.2,1025.3,96.0,2.8,0.464203,0.0,0.0
2022-01-16 12:00:00,0.0,2.2,1025.0,96.0,2.8,0.481246,170.0,5.4
2022-01-16 13:00:00,0.0,2.2,1024.9,96.0,2.8,0.513697,0.0,0.0
2022-01-16 14:00:00,0.0,2.2,1024.5,96.0,2.8,0.546045,0.0,0.0
2022-01-16 15:00:00,0.0,2.2,1024.4,96.0,2.8,0.60187,340.0,5.4
2022-01-16 16:00:00,0.0,2.2,1024.2,96.0,2.8,0.638289,0.0,0.0
2022-01-16 17:00:00,0.0,1.8,1024.3,93.0,2.8,0.679423,0.0,0.0
2022-01-16 18:00:00,0.0,2.2,1024.6,96.0,2.8,0.65041,310.0,7.6
2022-01-16 19:00:00,0.0,2.3,1023.9,93.0,3.3,0.596856,0.0,0.0
2022-01-16 20:00:00,0.0,2.9,1023.3,86.0,5.0,0.531687,0.0,0.0
2022-01-16 21:00:00,0.0,3.3,1022.5,82.0,6.1,0.441184,340.0,7.6
2022-01-16 22:00:00,0.0,4.0,1021.5,80.0,7.2,0.447241,340.0,5.4
2022-01-16 23:00:00,0.0,4.3,1020.8,82.0,7.2,0.516624,340.0,5.4
2022-01-17 00:00:00,0.0,4.3,1020.6,82.0,7.2,0.57745,360.0,11.2
2022-01-17 01:00:00,0.0,4.4,1020.6,85.0,6.7,0.631999,0.0,0.0
2022-01-17 02:00:00,0.0,4.4,1020.2,89.0,6.1,0.633229,0.0,0.0
2022-01-17 03:00:00,0.0,4.4,1019.9,92.0,5.6,0.617803,330.0,5.4
2022-01-17 04:00:00,0.0,3.4,1020.0,93.0,4.4,0.611155,0.0,0.0
2022-01-17 05:00:00,0.0,2.9,1019.8,97.0,3.3,0.575762,0.0,0.0
2022-01-17 06:00:00,0.0,3.4,1019.7,93.0,4.4,0.516133,280.0,5.4
2022-01-17 07:00:00,0.0,3.4,1019.6,93.0,4.4,0.476186,0.0,0.0
2022-01-17 08:00:00,0.0,2.7,1019.5,89.0,4.4,0.449461,0.0,0.0
2022-01-17 09:00:00,0.0,3.3,1019.4,96.0,3.9,0.441143,260.0,5.4
2022-01-17 10:00:00,0.0,2.3,1018.9,93.0,3.3,0.438285,0.0,0.0
2022-01-17 11:00:00,0.0,2.9,1019.1,97.0,3.3,0.446492,280.0,7.6
2022-01-17 12:00:00,0.0,2.9,1019.0,93.0,3.9,0.472967,260.0,7.6
2022-01-17 13:00:00,0.0,3.3,1018.7,96.0,3.9,0.528363,230.0,5.4
2022-01-17 14:00:00,0.0,2.9,1018.8,93.0,3.9,0.584552,0.0,0.0
2022-01-17 15:00:00,0.0,2.9,1018.9,93.0,3.9,0.631008,0.0,0.0
2022-01-17 16:00:00,0.0,2.9,1019.1,93.0,3.9,0.651646,0.0,0.0
2022-01-17 17:00:00,0.0,2.9,1019.5,97.0,3.3,0.651578,0.0,0.0
2022-01-17 18:00:00,0.0,2.9,1020.1,97.0,3.3,0.664657,270.0,5.4
2022-01-17 19:00:00,0.0,2.9,1020.1,97.0,3.3,0.668578,230.0,5.4
2022-01-17 20:00:00,0.0,2.9,1019.5,93.0,3.9,0.652669,0.0,0.0
2022-01-17 21:00:00,0.0,2.9,1019.1,93.0,3.9,0.647642,0.0,0.0
2022-01-17 22:00:00,0.0,3.4,1018.6,93.0,4.4,0.636323,230.0,5.4
2022-01-17 23:00:00,0.0,3.4,1018.6,93.0,4.4,0.630599,260.0,7.6
2022-01-18 00:00:00,0.0,3.4,1018.5,93.0,4.4,0.670858,0.0,0.0
2022-01-18 01:00:00,0.0,2.9,1018.4,93.0,3.9,0.719567,240.0,5.4
2022-01-18 02:00:00,0.0,2.9,1018.7,93.0,3.9,0.711868,260.0,5.4
2022-01-18 03:00:00,0.0,3.3,1018.8,96.0,3.9,0.694597,0.0,0.0
2022-01-18 04:00:00,0.0,3.3,1019.1,96.0,3.9,0.656237,200.0,5.4
2022-01-18 05:00:00,0.0,3.3,1019.1,96.0,3.9,0.581677,0.0,0.0
2022-01-18 06:00:00,0.0,4.0,1019.0,97.0,4.4,0.526282,170.0,5.4
2022-01-18 07:00:00,0.0,3.3,1019.1,96.0,3.9,0.485923,160.0,9.4
2022-01-18 08:00:00,0.0,2.9,1019.2,93.0,3.9,0.46078,0.0,0.0
2022-01-18 09:00:00,0.0,2.9,1019.4,93.0,3.9,0.447844,0.0,0.0
2022-01-18 10:00:00,0.5,3.4,1019.6,93.0,4.4,0.455166,120.0,7.6
2022-01-18 11:00:00,0.2,3.4,1019.9,93.0,4.4,0.452199,0.0,0.0
2022-01-18 12:00:00,0.0,3.4,1019.8,93.0,4.4,0.491464,188.0,12.6
2022-01-18 13:00:00,0.0,3.4,1020.1,93.0,4.4,0.552705,0.0,0.0
2022-01-18 14:00:00,0.2,4.0,1020.3,93.0,5.0,0.629889,0.0,0.0
2022-01-18 15:00:00,0.0,4.0,1020.9,93.0,5.0,0.651265,0.0,0.0
2022-01-18 16:00:00,0.1,4.0,1020.8,93.0,5.0,0.647202,330.0,5.4
2022-01-18 17:00:00,0.0,4.0,1022.0,93.0,5.0,0.618562,340.0,7.6
2022-01-18 18:00:00,0.0,4.4,1021.6,96.0,5.0,0.611022,0.0,0.0
2022-01-18 19:00:00,0.0,5.0,1021.9,96.0,5.6,0.596458,0.0,0.0
2022-01-18 20:00:00,0.0,5.1,1021.6,93.0,6.1,0.586303,0.0,0.0
2022-01-18 21:00:00,0.0,6.1,1021.3,93.0,7.2,0.579904,0.0,0.0
2022-01-18 22:00:00,0.0,6.1,1021.3,89.0,7.8,0.558704,0.0,0.0
2022-01-18 23:00:00,0.0,6.7,1021.4,86.0,8.9,0.568252,0.0,0.0
2022-01-19 00:00:00,0.5,7.2,1022.2,89.0,8.9,0.597487,360.0,5.4
2022-01-19 01:00:00,0.3,7.2,1022.3,93.0,8.3,0.63851,0.0,0.0
2022-01-19 02:00:00,0.5,6.1,1022.3,93.0,7.2,0.643956,340.0,7.6
2022-01-19 03:00:00,0.0,6.1,1022.8,93.0,7.2,0.610157,340.0,7.6
2022-01-19 04:00:00,0.0,6.1,1023.0,93.0,7.2,0.574214,0.0,0.0
2022-01-19 05:00:00,0.0,6.8,1023.3,97.0,7.2,0.533266,0.0,0.0
2022-01-19 06:00:00,0.0,6.8,1023.0,97.0,7.2,0.471749,330.0,6.0
2022-01-19 07:00:00,0.0,6.8,1023.9,97.0,7.2,0.418054,0.0,0.0
2022-01-19 08:00:00,0.0,6.1,1023.9,93.0,7.2,0.404099,0.0,0.0
2022-01-19 09:00:00,0.0,6.1,1024.3,93.0,7.2,0.39408,350.0,5.4
2022-01-19 10:00:00,0.0,6.1,1024.1,93.0,7.2,0.393958,340.0,7.6
2022-01-19 11:00:00,0.0,6.1,1025.0,93.0,7.2,0.398718,0.0,0.0
2022-01-19 12:00:00,0.1,6.1,1024.9,93.0,7.2,0.417478,10.0,5.4
2022-01-19 13:00:00,0.3,6.1,1024.9,93.0,7.2,0.482151,330.0,5.4
2022-01-19 14:00:00,0.3,6.1,1025.1,93.0,7.2,0.548798,360.0,5.4
2022-01-19 15:00:00,0.5,6.8,1025.5,97.0,7.2,0.589606,0.0,0.0
2022-01-19 16:00:00,0.8,6.8,1025.9,97.0,7.2,0.594731,0.0,0.0
2022-01-19 17:00:00,1.0,6.7,1026.2,93.0,7.8,0.596369,0.0,0.0
2022-01-19 18:00:00,0.3,7.2,1026.8,93.0,8.3,0.574944,0.0,0.0
2022-01-19 19:00:00,0.3,7.2,1026.0,89.0,8.9,0.568976,0.0,0.0
2022-01-19 20:00:00,0.0,7.8,1026.4,90.0,9.4,0.575408,0.0,0.0
2022-01-19 21:00:00,0.0,8.9,1025.8,93.0,10.0,0.554085,0.0,0.0
2022-01-19 22:00:00,0.0,8.9,1025.4,89.0,10.6,0.540615,0.0,0.0
2022-01-19 23:00:00,0.0,9.4,1025.5,89.0,11.1,0.539728,0.0,0.0
2022-01-20 00:00:00,0.0,10.0,1025.5,93.0,11.1,0.570596,0.0,0.0
2022-01-20 01:00:00,0.0,9.9,1025.5,89.0,11.7,0.591538,150.0,13.0
2022-01-20 02:00:00,0.0,9.9,1025.9,89.0,11.7,0.605004,160.0,11.2
2022-01-20 03:00:00,0.0,10.0,1025.9,93.0,11.1,0.590747,160.0,7.6
2022-01-20 04:00:00,0.5,10.0,1026.0,93.0,11.1,0.55732,0.0,0.0
2022-01-20 05:00:00,0.1,10.0,1026.3,93.0,11.1,0.502562,0.0,0.0
2022-01-20 06:00:00,0.2,9.9,1026.5,89.0,11.7,0.446935,210.0,14.8
2022-01-20 07:00:00,0.1,10.6,1026.7,93.0,11.7,0.395557,210.0,13.0
2022-01-20 08:00:00,0.0,10.6,1026.6,93.0,11.7,0.368565,210.0,13.0
2022-01-20 09:00:00,0.3,10.6,1026.8,93.0,11.7,0.354077,210.0,9.4
2022-01-20 10:00:00,0.1,10.6,1026.6,93.0,11.7,0.344222,190.0,7.6
2022-01-20 11:00:00,0.0,10.6,1026.6,90.0,12.2,0.345425,0.0,0.0
2022-01-20 12:00:00,0.3,10.6,1026.4,90.0,12.2,0.372448,210.0,11.2
2022-01-20 13:00:00,0.0,10.7,1026.6,87.0,12.8,0.414667,220.0,16.6
2022-01-20 14:00:00,0.0,9.9,1025.9,86.0,12.2,0.485195,220.0,14.8
2022-01-20 15:00:00,0.0,10.7,1025.8,87.0,12.8,0.526552,200.0,16.6
2022-01-20 16:00:00,0.5,10.6,1026.1,93.0,11.7,0.525577,200.0,9.4
2022-01-20 17:00:00,0.3,9.9,1026.7,86.0,12.2,0.526592,220.0,20.5
2022-01-20 18:00:00,0.0,9.4,1027.2,83.0,12.2,0.521747,210.0,16.6
2022-01-20 19:00:00,0.0,9.4,1027.6,80.0,12.8,0.462031,220.0,24.1
2022-01-20 20:00:00,0.0,9.9,1027.7,80.0,13.3,0.374294,240.0,16.6
2022-01-20 21:00:00,0.0,9.0,1027.8,75.0,13.3,0.381561,250.0,22.3
2022-01-20 22:00:00,0.0,8.3,1028.2,77.0,12.2,0.387356,240.0,22.3
2022-01-20 23:00:00,0.0,7.8,1028.9,77.0,11.7,0.417369,220.0,16.6
2022-01-21 00:00:00,0.0,5.0,1029.5,66.0,11.1,0.496867,250.0,25.9
2022-01-21 01:00:00,0.0,5.0,1030.0,74.0,9.4,0.572842,260.0,18.4
2022-01-21 02:00:00,0.0,4.4,1030.8,79.0,7.8,0.595854,250.0,13.0
2022-01-21 03:00:00,0.0,4.3,1031.2,82.0,7.2,0.575223,240.0,11.2
2022-01-21 04:00:00,0.0,3.9,1032.0,86.0,6.1,0.560158,240.0,16.6
2022-01-21 05:00:00,0.0,2.7,1031.6,89.0,4.4,0.516115,250.0,11.2
2022-01-21 06:00:00,0.0,2.7,1032.5,89.0,4.4,0.476125,250.0,5.4
2022-01-21 07:00:00,0.0,2.9,1032.9,97.0,3.3,0.451389,240.0,9.4
2022-01-21 08:00:00,0.0,3.3,1033.8,89.0,5.0,0.433652,0.0,0.0
2022-01-21 09:00:00,0.0,2.9,1034.3,97.0,3.3,0.42855,0.0,0.0
2022-01-21 10:00:00,0.0,2.3,1034.4,89.0,3.9,0.443161,0.0,0.0
2022-01-21 11:00:00,0.0,1.1,1035.4,96.0,1.7,0.464377,0.0,0.0
2022-01-21 12:00:00,0.0,-0.6,1036.0,92.0,0.6,0.496322,0.0,0.0
2022-01-21 13:00:00,0.0,0.0,1035.7,96.0,0.6,0.560315,0.0,0.0
2022-01-21 14:00:00,0.0,-0.6,1035.5,96.0,0.0,0.645529,0.0,0.0
2022-01-21 15:00:00,0.0,0.7,1036.0,97.0,1.1,0.69751,0.0,0.0
2022-01-21 16:00:00,0.0,0.7,1036.2,97.0,1.1,0.662395,0.0,0.0
2022-01-21 17:00:00,0.0,2.3,1037.2,93.0,3.3,0.662501,320.0,7.6
2022-01-21 18:00:00,0.0,3.4,1037.4,93.0,4.4,0.554782,320.0,7.6
2022-01-21 19:00:00,0.0,5.1,1037.7,77.0,8.9,0.472275,360.0,9.4
2022-01-21 20:00:00,0.0,4.4,1037.3,71.0,9.4,0.530373,20.0,9.4
2022-01-21 21:00:00,0.0,4.3,1036.8,73.0,8.9,0.530732,50.0,11.2
2022-01-21 22:00:00,0.0,3.9,1036.0,74.0,8.3,0.466255,20.0,13.0
2022-01-21 23:00:00,0.0,3.9,1035.8,71.0,8.9,0.475374,40.0,9.4
2022-01-22 00:00:00,0.0,3.9,1035.7,74.0,8.3,0.555282,40.0,9.4
2022-01-22 01:00:00,0.0,3.3,1035.8,76.0,7.2,0.611896,90.0,5.4
2022-01-22 02:00:00,0.0,3.3,1035.6,85.0,5.6,0.610839,0.0,0.0
2022-01-22 03:00:00,0.0,3.9,1035.6,86.0,6.1,0.594569,0.0,0.0
2022-01-22 04:00:00,0.0,4.4,1035.2,89.0,6.1,0.579965,0.0,0.0
2022-01-22 05:00:00,0.0,4.0,1034.9,80.0,7.2,0.531092,0.0,0.0
2022-01-22 06:00:00,0.0,3.8,1034.8,82.0,6.7,0.489592,360.0,5.4
2022-01-22 07:00:00,0.0,3.9,1034.5,86.0,6.1,0.449923,360.0,5.4
2022-01-22 08:00:00,0.0,3.9,1034.3,89.0,5.6,0.412374,320.0,5.4
2022-01-22 09:00:00,0.0,3.3,1034.1,85.0,5.6,0.398606,350.0,9.4
2022-01-22 10:00:00,0.0,3.3,1034.1,89.0,5.0,0.403739,330.0,13.0
2022-01-22 11:00:00,0.0,2.9,1034.1,86.0,5.0,0.409216,330.0,11.2
2022-01-22 12:00:00,0.0,2.9,1033.6,86.0,5.0,0.429916,340.0,11.2
2022-01-22 13:00:00,0.0,2.9,1033.5,86.0,5.0,0.472516,340.0,16.6
2022-01-22 14:00:00,0.0,2.9,1033.0,86.0,5.0,0.513599,330.0,11.2
2022-01-22 15:00:00,0.0,2.9,1033.2,86.0,5.0,0.551786,340.0,9.4
2022-01-22 16:00:00,0.0,2.2,1033.3,82.0,5.0,0.597183,20.0,9.4
2022-01-22 17:00:00,0.0,2.2,1033.4,79.0,5.6,0.627813,40.0,7.6
2022-01-22 18:00:00,0.0,2.2,1033.3,79.0,5.6,0.639306,40.0,7.6
2022-01-22 19:00:00,0.0,2.2,1033.0,79.0,5.6,0.617096,330.0,9.4
2022-01-22 20:00:00,0.0,2.7,1032.1,79.0,6.1,0.563945,350.0,9.4
2022-01-22 21:00:00,0.0,2.8,1031.2,76.0,6.7,0.411563,320.0,9.4
2022-01-22 22:00:00,0.0,3.3,1030.4,71.0,8.3,0.401717,350.0,13.0
2022-01-22 23:00:00,0.0,3.4,1030.0,66.0,9.4,0.458534,360.0,11.2
2022-01-23 00:00:00,0.0,3.9,1029.6,66.0,10.0,0.506949,350.0,7.6
2022-01-23 01:00:00,0.0,3.3,1029.4,68.0,8.9,0.579615,350.0,7.6
2022-01-23 02:00:00,0.0,2.3,1029.2,71.0,7.2,0.591631,350.0,9.4
2022-01-23 03:00:00,0.0,2.2,1028.8,79.0,5.6,0.586102,360.0,5.4
2022-01-23 04:00:00,0.0,2.2,1028.7,82.0,5.0,0.579968,0.0,0.0
2022-01-23 05:00:00,0.0,1.8,1028.7,86.0,3.9,0.555148,0.0,0.0
2022-01-23 06:00:00,0.0,0.1,1028.7,89.0,1.7,0.539018,310.0,7.6
2022-01-23 07:00:00,0.0,0.6,1028.8,89.0,2.2,0.506463,0.0,0.0
2022-01-23 08:00:00,0.0,-0.6,1029.0,92.0,0.6,0.492112,0.0,0.0
2022-01-23 09:00:00,0.0,-1.1,1028.8,92.0,0.0,0.494561,0.0,0.0
2022-01-23 10:00:00,0.0,-2.2,1028.7,92.0,-1.1,0.486815,250.0,7.6
2022-01-23 11:00:00,0.0,-1.8,1028.6,88.0,0.0,0.504593,0.0,0.0
2022-01-23 12:00:00,0.0,-1.7,1028.2,92.0,-0.6,0.535766,0.0,0.0
2022-01-23 13:00:00,0.0,-2.2,1027.9,92.0,-1.1,0.569595,0.0,0.0
2022-01-23 14:00:00,0.0,-2.2,1027.8,92.0,-1.1,0.631269,0.0,0.0
2022-01-23 15:00:00,0.0,-2.8,1028.1,92.0,-1.7,0.684429,0.0,0.0
2022-01-23 16:00:00,0.0,-3.3,1028.3,89.0,-1.7,0.709496,0.0,0.0
2022-01-23 17:00:00,0.0,-1.2,1028.4,96.0,-0.6,0.672371,0.0,0.0
2022-01-23 18:00:00,0.0,1.2,1028.2,89.0,2.8,0.55179,0.0,0.0
2022-01-23 19:00:00,0.0,2.8,1028.2,82.0,5.6,0.479364,0.0,0.0
2022-01-23 20:00:00,0.0,2.2,1027.5,73.0,6.7,0.433753,170.0,5.4
2022-01-23 21:00:00,0.0,2.1,1026.7,65.0,8.3,0.404556,120.0,5.4
2022-01-23 22:00:00,0.0,2.8,1026.0,61.0,10.0,0.418675,0.0,0.0
2022-01-23 23:00:00,0.0,3.4,1025.7,61.0,10.6,0.500272,0.0,0.0
2022-01-24 00:00:00,0.0,3.9,1025.6,66.0,10.0,0.554182,110.0,7.6
2022-01-24 01:00:00,0.0,2.7,1025.5,68.0,8.3,0.63803,100.0,5.4
2022-01-24 02:00:00,0.0,2.7,1025.6,79.0,6.1,0.670568,270.0,5.4
2022-01-24 03:00:00,0.0,2.3,1025.7,89.0,3.9,0.682898,0.0,0.0
2022-01-24 04:00:00,0.0,2.2,1026.2,96.0,2.8,0.657626,290.0,5.4
2022-01-24 05:00:00,0.0,0.5,1026.2,92.0,1.7,0.609524,0.0,0.0
2022-01-24 06:00:00,0.0,-0.1,1026.2,92.0,1.1,0.56651,0.0,0.0
2022-01-24 07:00:00,0.0,-1.7,1026.2,92.0,-0.6,0.523411,250.0,5.4
2022-01-24 08:00:00,0.0,-1.2,1026.1,96.0,-0.6,0.510027,240.0,5.4
2022-01-24 09:00:00,0.0,-1.2,1025.9,96.0,-0.6,0.514754,230.0,5.4
2022-01-24 10:00:00,0.0,-1.2,1025.8,96.0,-0.6,0.516519,210.0,5.4
2022-01-24 11:00:00,0.0,-0.6,1026.0,96.0,0.0,0.532812,0.0,0.0
2022-01-24 12:00:00,0.0,0.0,1025.3,96.0,0.6,0.572008,0.0,0.0
2022-01-24 13:00:00,0.0,0.0,1025.3,96.0,0.6,0.636509,0.0,0.0
2022-01-24 14:00:00,0.0,-0.6,1025.2,96.0,0.0,0.74514,0.0,0.0
2022-01-24 15:00:00,0.0,-0.6,1025.4,96.0,0.0,0.773287,0.0,0.0
2022-01-24 16:00:00,0.0,-0.6,1025.5,92.0,0.6,0.753273,0.0,0.0
2022-01-24 17:00:00,0.0,-0.6,1025.8,92.0,0.6,0.750695,0.0,0.0
2022-01-24 18:00:00,0.0,0.0,1026.2,96.0,0.6,0.724991,0.0,0.0
2022-01-24 19:00:00,0.0,0.6,1026.4,100.0,0.6,0.728752,0.0,0.0
2022-01-24 20:00:00,0.0,0.7,1025.6,97.0,1.1,0.712336,0.0,0.0
2022-01-24 21:00:00,0.0,0.5,1024.9,92.0,1.7,0.689447,0.0,0.0
2022-01-24 22:00:00,0.0,1.0,1024.3,92.0,2.2,0.662028,0.0,0.0
2022-01-24 23:00:00,0.0,1.0,1024.2,92.0,2.2,0.660328,90.0,5.4
2022-01-25 00:00:00,0.0,1.8,1024.2,93.0,2.8,0.698979,10.0,7.6
2022-01-25 01:00:00,0.0,2.3,1024.0,93.0,3.3,0.753338,330.0,7.6
2022-01-25 02:00:00,0.0,2.3,1024.3,93.0,3.3,0.752613,290.0,7.6
2022-01-25 03:00:00,0.0,2.2,1024.8,96.0,2.8,0.735917,0.0,0.0
2022-01-25 04:00:00,0.0,2.2,1024.8,96.0,2.8,0.694138,340.0,7.6
2022-01-25 05:00:00,0.0,2.2,1024.9,96.0,2.8,0.646618,330.0,11.2
2022-01-25 06:00:00,0.0,1.1,1025.3,96.0,1.7,0.573278,330.0,7.6
2022-01-25 07:00:00,0.0,-0.6,1025.5,92.0,0.6,0.533113,10.0,7.6
2022-01-25 08:00:00,0.0,-1.1,1025.7,92.0,0.0,0.526388,340.0,7.6
2022-01-25 09:00:00,0.0,-2.2,1025.6,92.0,-1.1,0.531515,0.0,0.0
2022-01-25 10:00:00,0.0,-2.8,1025.9,88.0,-1.1,0.531623,0.0,0.0
2022-01-25 11:00:00,0.0,-2.8,1026.0,88.0,-1.1,0.558222,0.0,0.0
2022-01-25 12:00:00,0.0,-2.8,1025.6,88.0,-1.1,0.60738,0.0,0.0
2022-01-25 13:00:00,0.0,-2.8,1025.6,88.0,-1.1,0.690208,360.0,5.4
2022-01-25 14:00:00,0.0,-2.8,1025.4,92.0,-1.7,0.793421,0.0,0.0
2022-01-25 15:00:00,0.0,-3.3,1025.6,92.0,-2.2,0.819183,130.0,5.4
2022-01-25 16:00:00,0.0,-3.9,1025.7,88.0,-2.2,0.769097,0.0,0.0
2022-01-25 17:00:00,0.0,0.0,1025.8,96.0,0.6,0.675223,360.0,7.6
2022-01-25 18:00:00,0.0,0.6,1025.9,70.0,5.6,0.543045,350.0,13.0
2022-01-25 19:00:00,0.0,0.6,1025.8,63.0,7.2,0.468823,330.0,16.6
2022-01-25 20:00:00,0.0,0.1,1025.1,54.0,8.9,0.418147,350.0,13.0
2022-01-25 21:00:00,0.0,0.6,1024.1,52.0,10.0,0.40362,350.0,13.0
2022-01-25 22:00:00,0.0,1.1,1023.4,50.0,11.1,0.390621,340.0,13.0
2022-01-25 23:00:00,0.0,1.6,1022.7,50.0,11.7,0.434457,10.0,11.2
2022-01-26 00:00:00,0.0,1.1,1022.5,50.0,11.1,0.513288,350.0,11.2
2022-01-26 01:00:00,0.0,1.1,1022.0,58.0,8.9,0.618021,350.0,9.4
2022-01-26 02:00:00,0.0,0.6,1021.8,63.0,7.2,0.66552,40.0,5.4
2022-01-26 03:00:00,0.0,0.0,1021.6,67.0,5.6,0.677486,0.0,0.0
2022-01-26 04:00:00,0.0,-0.5,1021.9,76.0,3.3,0.653175,30.0,5.4
2022-01-26 05:00:00,0.0,-1.2,1022.2,88.0,0.6,0.621515,0.0,0.0
2022-01-26 06:00:00,0.0,-1.8,1022.4,88.0,0.0,0.560957,0.0,0.0
2022-01-26 07:00:00,0.0,-1.1,1022.5,85.0,1.1,0.525226,0.0,0.0
2022-01-26 08:00:00,0.0,-3.3,1022.7,89.0,-1.7,0.529662,0.0,0.0
2022-01-26 09:00:00,0.0,-3.3,1022.6,92.0,-2.2,0.549233,0.0,0.0
2022-01-26 10:00:00,0.0,-3.3,1022.7,89.0,-1.7,0.552806,0.0,0.0
2022-01-26 11:00:00,0.0,-4.4,1022.7,92.0,-3.3,0.58184,0.0,0.0
2022-01-26 12:00:00,0.0,-3.9,1022.7,88.0,-2.2,0.634695,0.0,0.0
2022-01-26 13:00:00,0.0,-3.9,1022.9,88.0,-2.2,0.727642,0.0,0.0
2022-01-26 14:00:00,0.0,-4.4,1023.1,92.0,-3.3,0.82683,0.0,0.0
2022-01-26 15:00:00,0.0,-5.0,1023.5,88.0,-3.3,0.87072,0.0,0.0
2022-01-26 16:00:00,0.0,-5.0,1024.1,92.0,-3.9,0.813434,260.0,5.4
2022-01-26 17:00:00,0.0,-2.2,1024.5,92.0,-1.1,0.685793,0.0,0.0
2022-01-26 18:00:00,0.0,-0.6,1024.9,85.0,1.7,0.572787,0.0,0.0
2022-01-26 19:00:00,0.0,0.0,1025.3,70.0,5.0,0.489791,350.0,5.4
2022-01-26 20:00:00,0.0,-0.5,1024.9,58.0,7.2,0.447955,0.0,0.0
2022-01-26 21:00:00,0.0,-0.5,1024.1,54.0,8.3,0.414714,330.0,11.2
2022-01-26 22:00:00,0.0,-0.7,1023.8,51.0,8.9,0.4351,340.0,9.4
2022-01-26 23:00:00,0.0,-0.5,1023.8,48.0,10.0,0.489969,360.0,9.4
2022-01-27 00:00:00,0.0,0.0,1024.1,48.0,10.6,0.570188,340.0,11.2
2022-01-27 01:00:00,0.0,-0.1,1024.3,60.0,7.2,0.652192,40.0,9.4
2022-01-27 02:00:00,0.0,-1.8,1024.4,59.0,5.6,0.687606,70.0,9.4
2022-01-27 03:00:00,0.0,-1.7,1024.8,70.0,3.3,0.687151,0.0,0.0
2022-01-27 04:00:00,0.0,-1.7,1025.2,72.0,2.8,0.684403,10.0,7.6
2022-01-27 05:00:00,0.0,-1.7,1025.4,78.0,1.7,0.629739,360.0,5.4
2022-01-27 06:00:00,0.0,-1.6,1025.9,82.0,1.1,0.579865,0.0,0.0
2022-01-27 07:00:00,0.0,-2.8,1026.3,85.0,-0.6,0.538711,360.0,5.4
2022-01-27 08:00:00,0.0,-2.2,1026.7,85.0,0.0,0.531557,350.0,7.6
2022-01-27 09:00:00,0.0,-2.1,1026.7,82.0,0.6,0.522661,360.0,9.4
2022-01-27 10:00:00,0.0,-3.3,1026.9,75.0,0.6,0.530743,10.0,13.0
2022-01-27 11:00:00,0.0,-3.3,1027.2,75.0,0.6,0.552596,10.0,11.2
2022-01-27 12:00:00,0.0,-2.8,1027.2,78.0,0.6,0.586442,360.0,14.8
2022-01-27 13:00:00,0.0,-3.2,1027.5,73.0,1.1,0.659407,360.0,14.8
2022-01-27 14:00:00,0.0,-3.3,1027.7,67.0,2.2,0.765163,350.0,16.6
2022-01-27 15:00:00,0.0,-3.4,1028.3,69.0,1.7,0.790629,360.0,13.0
2022-01-27 16:00:00,0.0,-3.3,1028.8,67.0,2.2,0.726768,350.0,13.0
2022-01-27 17:00:00,0.0,-2.9,1029.0,64.0,3.3,0.620341,360.0,13.0
2022-01-27 18:00:00,0.0,-2.8,1029.3,57.0,5.0,0.51219,360.0,16.6
2022-01-27 19:00:00,0.0,-2.2,1029.4,53.0,6.7,0.453895,350.0,16.6
2022-01-27 20:00:00,0.0,-1.7,1028.8,51.0,7.8,0.403391,340.0,16.6
2022-01-27 21:00:00,0.0,-1.1,1028.3,48.0,9.4,0.38429,340.0,18.4
2022-01-27 22:00:00,0.0,-1.2,1027.7,44.0,10.6,0.397604,350.0,18.4
2022-01-27 23:00:00,0.0,-1.2,1027.5,44.0,10.6,0.456995,340.0,16.6
2022-01-28 00:00:00,0.0,-1.1,1027.8,46.0,10.0,0.529607,350.0,16.6
2022-01-28 01:00:00,0.0,-1.7,1027.9,51.0,7.8,0.607253,360.0,9.4
2022-01-28 02:00:00,0.0,-2.1,1027.9,60.0,5.0,0.656883,10.0,9.4
2022-01-28 03:00:00,0.0,-2.7,1028.0,67.0,2.8,0.655924,350.0,11.2
2022-01-28 04:00:00,0.0,-3.3,1028.4,64.0,2.8,0.645159,350.0,14.8
2022-01-28 05:00:00,0.0,-3.2,1028.5,73.0,1.1,0.599695,340.0,11.2
2022-01-28 06:00:00,0.0,-3.3,1028.5,67.0,2.2,0.540291,340.0,14.8
2022-01-28 07:00:00,0.0,-4.0,1028.7,66.0,1.7,0.519212,350.0,11.2
2022-01-28 08:00:00,0.0,-4.0,1028.9,69.0,1.1,0.503852,350.0,11.2
2022-01-28 09:00:00,0.0,-4.4,1028.7,69.0,0.6,0.513375,340.0,13.0
2022-01-28 10:00:00,0.0,-3.9,1028.4,72.0,0.6,0.51829,360.0,9.4
2022-01-28 11:00:00,0.0,-4.4,1028.4,72.0,0.0,0.536251,360.0,9.4
2022-01-28 12:00:00,0.0,-4.4,1028.3,69.0,0.6,0.565057,350.0,11.2
2022-01-28 13:00:00,0.0,-4.4,1028.2,72.0,0.0,0.632373,10.0,7.6
2022-01-28 14:00:00,0.0,-4.4,1028.4,78.0,-1.1,0.720256,360.0,9.4
2022-01-28 15:00:00,0.0,-5.0,1028.6,75.0,-1.1,0.778491,340.0,7.6
2022-01-28 16:00:00,0.0,-4.4,1029.0,82.0,-1.7,0.741731,330.0,5.4
2022-01-28 17:00:00,0.0,-2.7,1029.5,70.0,2.2,0.674919,10.0,5.4
2022-01-28 18:00:00,0.0,-2.7,1029.6,60.0,4.4,0.542727,360.0,7.6
2022-01-28 19:00:00,0.0,-2.8,1029.7,53.0,6.1,0.45399,8.0,5.4
2022-01-28 20:00:00,0.0,-2.3,1028.9,51.0,7.2,0.419468,0.0,0.0
2022-01-28 21:00:00,0.0,-1.8,1027.9,47.0,8.9,0.391978,40.0,7.6
2022-01-28 22:00:00,0.0,-1.8,1026.9,47.0,8.9,0.397968,0.0,0.0
2022-01-28 23:00:00,0.0,-0.5,1026.0,50.0,9.4,0.442731,0.0,0.0
2022-01-29 00:00:00,0.0,0.0,1025.9,52.0,9.4,0.520369,120.0,5.4
2022-01-29 01:00:00,0.0,0.0,1025.5,56.0,8.3,0.588943,0.0,0.0
2022-01-29 02:00:00,0.0,0.0,1025.4,65.0,6.1,0.621952,0.0,0.0
2022-01-29 03:00:00,0.0,-1.0,1025.5,76.0,2.8,0.636687,0.0,0.0
2022-01-29 04:00:00,0.0,-1.8,1025.9,75.0,2.2,0.628083,350.0,5.4
2022-01-29 05:00:00,0.0,-1.7,1026.0,78.0,1.7,0.595466,0.0,0.0
2022-01-29 06:00:00,0.0,-2.2,1026.2,85.0,0.0,0.553326,0.0,0.0
2022-01-29 07:00:00,0.0,-2.2,1026.6,89.0,-0.6,0.533848,0.0,0.0
2022-01-29 08:00:00,0.0,-2.8,1026.3,85.0,-0.6,0.523811,0.0,0.0
2022-01-29 09:00:00,0.0,-3.3,1025.9,85.0,-1.1,0.528506,0.0,0.0
2022-01-29 10:00:00,0.0,-3.9,1025.6,88.0,-2.2,0.532045,0.0,0.0
2022-01-29 11:00:00,0.0,-3.9,1025.6,88.0,-2.2,0.557016,0.0,0.0
2022-01-29 12:00:00,0.0,-4.4,1025.7,89.0,-2.8,0.596438,0.0,0.0
2022-01-29 13:00:00,0.0,-5.0,1025.8,92.0,-3.9,0.656053,0.0,0.0
2022-01-29 14:00:00,0.0,-5.6,1025.9,88.0,-3.9,0.717124,0.0,0.0
2022-01-29 15:00:00,0.0,-5.0,1025.9,92.0,-3.9,0.783451,0.0,0.0
2022-01-29 16:00:00,0.0,-5.0,1026.2,88.0,-3.3,0.814521,0.0,0.0
2022-01-29 17:00:00,0.0,-2.2,1026.2,89.0,-0.6,0.72415,0.0,0.0
2022-01-29 18:00:00,0.0,-1.0,1026.4,82.0,1.7,0.606911,0.0,0.0
2022-01-29 19:00:00,0.0,-0.5,1026.4,73.0,3.9,0.537243,0.0,0.0
2022-01-29 20:00:00,0.0,-1.0,1025.8,65.0,5.0,0.45599,0.0,0.0
2022-01-29 21:00:00,0.0,-0.5,1025.1,60.0,6.7,0.428632,0.0,0.0
2022-01-29 22:00:00,0.0,0.0,1024.3,58.0,7.8,0.436571,150.0,7.6
2022-01-29 23:00:00,0.0,0.5,1023.8,58.0,8.3,0.470719,110.0,7.6
2022-01-30 00:00:00,0.0,1.2,1023.4,61.0,8.3,0.540899,0.0,0.0
2022-01-30 01:00:00,0.0,1.2,1023.4,68.0,6.7,0.59674,0.0,0.0
2022-01-30 02:00:00,0.0,0.6,1023.3,70.0,5.6,0.622746,0.0,0.0
2022-01-30 03:00:00,0.0,-0.1,1023.6,85.0,2.2,0.619483,0.0,0.0
2022-01-30 04:00:00,0.0,-1.6,1023.6,85.0,0.6,0.609362,0.0,0.0
2022-01-30 05:00:00,0.0,-1.2,1023.5,88.0,0.6,0.589653,240.0,5.4
2022-01-30 06:00:00,0.0,-1.8,1024.1,88.0,0.0,0.569663,310.0,5.4
2022-01-30 07:00:00,0.0,-1.8,1024.2,88.0,0.0,0.538082,280.0,5.4
2022-01-30 08:00:00,0.0,-2.8,1023.3,88.0,-1.1,0.515663,0.0,0.0
2022-01-30 09:00:00,0.0,-1.7,1023.3,92.0,-0.6,0.503761,320.0,5.4
2022-01-30 10:00:00,0.0,-1.7,1023.2,92.0,-0.6,0.504612,190.0,7.6
2022-01-30 11:00:00,0.0,-0.1,1023.4,92.0,1.1,0.501742,300.0,11.2
2022-01-30 12:00:00,0.0,-0.7,1023.2,88.0,1.1,0.524054,0.0,0.0
2022-01-30 13:00:00,0.0,-0.7,1022.7,88.0,1.1,0.55667,0.0,0.0
2022-01-30 14:00:00,0.0,-0.6,1022.5,92.0,0.6,0.596865,0.0,0.0
2022-01-30 15:00:00,0.0,-1.1,1022.3,92.0,0.0,0.677857,0.0,0.0
2022-01-30 16:00:00,0.0,-1.7,1022.2,92.0,-0.6,0.726217,0.0,0.0
2022-01-30 17:00:00,0.0,-0.1,1022.0,92.0,1.1,0.689091,0.0,0.0
2022-01-30 18:00:00,0.0,0.7,1022.3,83.0,3.3,0.623599,270.0,5.4
2022-01-30 19:00:00,0.0,1.7,1021.7,79.0,5.0,0.597472,170.0,5.4
2022-01-30 20:00:00,0.0,2.2,1020.7,79.0,5.6,0.626076,130.0,5.4
2022-01-30 21:00:00,0.0,3.3,1019.7,76.0,7.2,0.620188,200.0,7.6
2022-01-30 22:00:00,0.0,3.8,1018.2,76.0,7.8,0.610556,250.0,5.4
2022-01-30 23:00:00,0.0,6.2,1016.6,77.0,10.0,0.602138,160.0,27.7
2022-01-31 00:00:00,0.5,6.7,1015.5,77.0,10.6,0.642035,180.0,25.9
2022-01-31 01:00:00,3.6,7.8,1015.7,86.0,10.0,0.669789,190.0,22.3
2022-01-31 02:00:00,2.3,5.6,1017.3,80.0,8.9,0.661363,250.0,24.1
2022-01-31 03:00:00,0.0,4.3,1018.4,82.0,7.2,0.653232,250.0,20.5
2022-01-31 04:00:00,0.0,3.3,1019.9,82.0,6.1,0.612043,230.0,16.6
2022-01-31 05:00:00,0.4,3.9,1021.0,89.0,5.6,0.564217,230.0,18.4
2022-01-31 06:00:00,0.0,2.3,1022.2,89.0,3.9,0.514272,220.0,11.2
2022-01-31 07:00:00,0.1,2.2,1023.5,82.0,5.0,0.470371,250.0,20.5
2022-01-31 08:00:00,0.0,1.8,1024.1,86.0,3.9,0.455922,230.0,18.4
2022-01-31 09:00:00,0.0,2.3,1024.8,86.0,4.4,0.448903,220.0,18.4
2022-01-31 10:00:00,0.0,1.2,1025.4,86.0,3.3,0.452147,210.0,14.8
2022-01-31 11:00:00,0.0,1.8,1027.0,86.0,3.9,0.468604,220.0,16.6
2022-01-31 12:00:00,0.0,0.6,1026.9,89.0,2.2,0.512784,200.0,13.0
2022-01-31 13:00:00,0.0,0.5,1027.3,92.0,1.7,0.578839,200.0,7.6
2022-01-31 14:00:00,0.3,0.6,1027.3,89.0,2.2,0.689244,190.0,7.6
2022-01-31 15:00:00,0.4,0.5,1027.6,92.0,1.7,0.733971,90.0,5.4
2022-01-31 16:00:00,0.0,0.6,1027.6,89.0,2.2,0.69014,210.0,11.2
2022-01-31 17:00:00,0.0,2.3,1028.0,89.0,3.9,0.626279,210.0,13.0
2022-01-31 18:00:00,0.0,2.8,1028.4,82.0,5.6,0.556007,210.0,13.0
2022-01-31 19:00:00,0.0,3.3,1028.7,79.0,6.7,0.491275,240.0,13.0
2022-01-31 20:00:00,0.0,3.3,1028.5,71.0,8.3,0.560023,240.0,14.8
2022-01-31 21:00:00,0.1,3.3,1028.2,68.0,8.9,0.471221,220.0,13.0
2022-01-31 22:00:00,0.0,2.9,1027.8,66.0,8.9,0.506075,240.0,18.4
2022-01-31 23:00:00,0.0,2.7,1027.5,63.0,9.4,0.491038,260.0,11.2
2022-02-01 00:00:00,0.0,2.9,1027.9,66.0,8.9,0.565178,260.0,13.0
2022-02-01 01:00:00,0.0,2.9,1028.2,71.0,7.8,0.650598,250.0,11.2
2022-02-01 02:00:00,0.0,2.2,1028.5,82.0,5.0,0.679664,240.0,13.0
2022-02-01 03:00:00,0.0,1.2,1028.8,86.0,3.3,0.680857,250.0,9.4
2022-02-01 04:00:00,0.0,1.2,1029.2,89.0,2.8,0.652478,270.0,7.6
2022-02-01 05:00:00,0.0,0.5,1029.4,92.0,1.7,0.614789,240.0,9.4
2022-02-01 06:00:00,0.0,-0.7,1029.6,88.0,1.1,0.55504,230.0,9.4
2022-02-01 07:00:00,0.0,-0.6,1029.8,92.0,0.6,0.527338,340.0,7.6
2022-02-01 08:00:00,0.0,-0.6,1030.3,96.0,0.0,0.515522,340.0,5.4
2022-02-01 09:00:00,0.0,-1.1,1030.5,92.0,0.0,0.502208,330.0,7.6
2022-02-01 10:00:00,0.0,-1.7,1030.3,92.0,-0.6,0.510687,0.0,0.0
2022-02-01 11:00:00,0.0,-2.2,1030.2,92.0,-1.1,0.5431,0.0,0.0
2022-02-01 12:00:00,0.0,-3.3,1029.9,89.0,-1.7,0.585768,330.0,5.4
2022-02-01 13:00:00,0.0,-2.8,1030.0,92.0,-1.7,0.661235,0.0,0.0
2022-02-01 14:00:00,0.0,-2.2,1030.0,92.0,-1.1,0.75269,0.0,0.0
2022-02-01 15:00:00,0.0,-2.2,1030.3,92.0,-1.1,0.795866,0.0,0.0
2022-02-01 16:00:00,0.0,-1.7,1031.0,92.0,-0.6,0.75565,0.0,0.0
2022-02-01 17:00:00,0.0,-1.2,1030.4,96.0,-0.6,0.683159,0.0,0.0
2022-02-01 18:00:00,0.0,0.0,1030.2,96.0,0.6,0.595954,0.0,0.0
2022-02-01 19:00:00,0.0,2.2,1030.0,96.0,2.8,0.505361,0.0,0.0
2022-02-01 20:00:00,0.0,2.7,1029.8,89.0,4.4,0.440435,0.0,0.0
2022-02-01 21:00:00,0.0,2.9,1029.3,74.0,7.2,0.448247,0.0,0.0
2022-02-01 22:00:00,0.0,1.7,1028.5,63.0,8.3,0.513018,270.0,7.6
2022-02-01 23:00:00,0.0,0.5,1028.3,58.0,8.3,0.55821,300.0,14.8
2022-02-02 00:00:00,0.0,1.7,1028.4,68.0,7.2,0.607459,250.0,18.4
2022-02-02 01:00:00,0.0,1.6,1028.6,73.0,6.1,0.668346,240.0,9.4
2022-02-02 02:00:00,0.0,2.2,1028.3,76.0,6.1,0.685199,230.0,14.8
2022-02-02 03:00:00,0.0,2.8,1028.6,82.0,5.6,0.667375,230.0,13.0
2022-02-02 04:00:00,0.0,2.9,1028.5,86.0,5.0,0.64058,230.0,14.8
2022-02-02 05:00:00,0.0,2.8,1028.8,82.0,5.6,0.589064,240.0,16.6
2022-02-02 06:00:00,0.0,2.9,1028.6,86.0,5.0,0.533475,240.0,13.0
2022-02-02 07:00:00,0.0,2.8,1028.8,82.0,5.6,0.473998,240.0,13.0
2022-02-02 08:00:00,0.0,3.3,1029.2,89.0,5.0,0.45361,200.0,7.6
2022-02-02 09:00:00,0.1,3.3,1029.1,89.0,5.0,0.452917,130.0,9.4
2022-02-02 10:00:00,0.1,4.0,1029.1,93.0,5.0,0.442755,140.0,7.6
2022-02-02 11:00:00,0.2,4.0,1029.0,93.0,5.0,0.464487,120.0,5.4
2022-02-02 12:00:00,0.3,4.0,1030.0,93.0,5.0,0.488453,120.0,7.6
2022-02-02 13:00:00,0.0,4.0,1029.5,93.0,5.0,0.547276,130.0,5.4
2022-02-02 14:00:00,0.0,4.4,1029.6,96.0,5.0,0.63239,0.0,0.0
2022-02-02 15:00:00,0.0,4.0,1029.9,93.0,5.0,0.659658,220.0,5.4
2022-02-02 16:00:00,0.0,4.0,1029.4,97.0,4.4,0.649261,220.0,7.6
2022-02-02 17:00:00,0.0,4.0,1029.8,93.0,5.0,0.649813,240.0,9.4
2022-02-02 18:00:00,0.0,4.4,1030.5,92.0,5.6,0.632785,220.0,11.2
2022-02-02 19:00:00,0.0,4.4,1030.1,89.0,6.1,0.615221,190.0,7.6
2022-02-02 20:00:00,0.0,4.4,1029.7,85.0,6.7,0.592865,210.0,9.4
2022-02-02 21:00:00,0.0,5.0,1029.1,86.0,7.2,0.572238,0.0,0.0
2022-02-02 22:00:00,0.0,5.1,1028.4,83.0,7.8,0.568825,180.0,9.4
2022-02-02 23:00:00,0.0,6.1,1027.5,89.0,7.8,0.57602,180.0,9.4
2022-02-03 00:00:00,0.0,6.1,1027.6,89.0,7.8,0.62224,200.0,11.2
2022-02-03 01:00:00,0.3,6.1,1027.5,89.0,7.8,0.645327,180.0,9.4
2022-02-03 02:00:00,0.0,5.7,1027.4,90.0,7.2,0.67144,190.0,9.4
2022-02-03 03:00:00,0.0,5.0,1027.5,86.0,7.2,0.644997,230.0,13.0
2022-02-03 04:00:00,0.0,5.0,1027.9,86.0,7.2,0.617211,230.0,14.8
2022-02-03 05:00:00,0.0,5.0,1028.2,86.0,7.2,0.560411,230.0,13.0
2022-02-03 06:00:00,0.0,5.0,1028.7,89.0,6.7,0.508361,230.0,11.2
2022-02-03 07:00:00,0.0,4.4,1028.6,85.0,6.7,0.448084,220.0,11.2
2022-02-03 08:00:00,0.0,4.4,1028.5,89.0,6.1,0.427672,180.0,9.4
2022-02-03 09:00:00,0.0,4.4,1028.6,85.0,6.7,0.414968,160.0,11.2
2022-02-03 10:00:00,0.0,5.1,1028.9,93.0,6.1,0.414349,160.0,9.4
2022-02-03 11:00:00,0.0,4.4,1029.2,89.0,6.1,0.42884,140.0,5.4
2022-02-03 12:00:00,0.0,4.4,1029.3,92.0,5.6,0.463301,130.0,7.6
2022-02-03 13:00:00,0.0,4.4,1029.3,92.0,5.6,0.518574,0.0,0.0
2022-02-03 14:00:00,0.0,4.0,1029.5,93.0,5.0,0.611654,0.0,0.0
2022-02-03 15:00:00,0.0,2.9,1029.9,97.0,3.3,0.656503,160.0,5.4
2022-02-03 16:00:00,0.0,2.9,1030.3,97.0,3.3,0.650896,260.0,7.6
2022-02-03 17:00:00,0.0,4.0,1030.3,93.0,5.0,0.626519,240.0,13.0
2022-02-03 18:00:00,0.0,4.4,1031.5,89.0,6.1,0.573569,270.0,9.4
2022-02-03 19:00:00,0.0,5.0,1031.4,86.0,7.2,0.499174,0.0,0.0
2022-02-03 20:00:00,0.0,5.1,1031.9,80.0,8.3,0.464678,300.0,7.6
2022-02-03 21:00:00,0.0,5.6,1031.5,77.0,9.4,0.36695,0.0,0.0
2022-02-03 22:00:00,0.0,5.6,1031.1,71.0,10.6,0.39561,0.0,0.0
2022-02-03 23:00:00,0.0,4.4,1030.6,61.0,11.7,0.415888,0.0,0.0
2022-02-04 00:00:00,0.0,3.9,1030.3,61.0,11.1,0.467704,0.0,0.0
2022-02-04 01:00:00,0.0,4.9,1030.1,68.0,10.6,0.537418,0.0,0.0
2022-02-04 02:00:00,0.0,4.3,1030.4,76.0,8.3,0.59236,10.0,5.4
2022-02-04 03:00:00,0.0,3.9,1030.8,86.0,6.1,0.583112,340.0,11.2
2022-02-04 04:00:00,0.0,3.9,1031.0,89.0,5.6,0.569826,360.0,11.2
2022-02-04 05:00:00,0.0,4.0,1030.9,93.0,5.0,0.533584,0.0,0.0
2022-02-04 06:00:00,0.0,2.2,1032.0,96.0,2.8,0.503309,0.0,0.0
2022-02-04 07:00:00,0.0,2.2,1031.7,96.0,2.8,0.47391,340.0,11.2
2022-02-04 08:00:00,0.0,0.6,1031.7,100.0,0.6,0.464187,0.0,0.0
2022-02-04 09:00:00,0.0,0.7,1032.0,97.0,1.1,0.464959,0.0,0.0
2022-02-04 10:00:00,0.0,0.0,1030.5,96.0,0.6,0.465846,0.0,0.0
2022-02-04 11:00:00,0.0,1.1,1031.3,96.0,1.7,0.476136,0.0,0.0
2022-02-04 12:00:00,0.0,1.8,1030.8,93.0,2.8,0.489471,0.0,0.0
2022-02-04 13:00:00,0.0,2.2,1031.0,96.0,2.8,0.537668,0.0,0.0
2022-02-04 14:00:00,0.0,2.9,1030.4,97.0,3.3,0.60689,0.0,0.0
2022-02-04 15:00:00,0.0,2.2,1030.5,96.0,2.8,0.65584,100.0,7.6
2022-02-04 16:00:00,0.0,2.9,1030.7,97.0,3.3,0.657076,0.0,0.0
2022-02-04 17:00:00,0.0,2.9,1031.2,97.0,3.3,0.641741,0.0,0.0
2022-02-04 18:00:00,0.0,3.3,1031.4,96.0,3.9,0.645604,130.0,7.6
2022-02-04 19:00:00,0.0,3.4,1032.1,93.0,4.4,0.590346,130.0,9.4
2022-02-04 20:00:00,0.0,4.4,1031.4,92.0,5.6,0.532258,140.0,11.2
2022-02-04 21:00:00,0.0,4.4,1031.7,85.0,6.7,0.528683,260.0,7.6
2022-02-04 22:00:00,0.0,5.6,1031.4,83.0,8.3,0.53226,180.0,18.4
2022-02-04 23:00:00,0.0,6.1,1031.3,80.0,9.4,0.5537,190.0,13.0
2022-02-05 00:00:00,0.0,6.2,1031.2,77.0,10.0,0.57855,210.0,18.4
2022-02-05 01:00:00,0.2,6.2,1031.3,83.0,8.9,0.61517,200.0,14.8
2022-02-05 02:00:00,0.0,6.2,1031.7,83.0,8.9,0.602125,210.0,16.6
2022-02-05 03:00:00,0.0,6.2,1032.5,83.0,8.9,0.594788,190.0,11.2
2022-02-05 04:00:00,0.0,6.2,1033.1,83.0,8.9,0.567997,230.0,14.8
2022-02-05 05:00:00,0.0,6.1,1033.1,89.0,7.8,0.53008,210.0,14.8
2022-02-05 06:00:00,0.0,4.4,1033.5,89.0,6.1,0.489359,230.0,13.0
2022-02-05 07:00:00,0.0,4.0,1034.0,93.0,5.0,0.453965,0.0,0.0
2022-02-05 08:00:00,0.0,4.0,1034.6,97.0,4.4,0.429529,0.0,0.0
2022-02-05 09:00:00,0.0,1.8,1034.6,97.0,2.2,0.428807,0.0,0.0
2022-02-05 10:00:00,0.0,3.3,1034.7,96.0,3.9,0.416071,280.0,5.4
2022-02-05 11:00:00,0.0,3.3,1034.9,96.0,3.9,0.425335,310.0,7.6
2022-02-05 12:00:00,0.0,3.3,1035.0,96.0,3.9,0.449836,0.0,0.0
2022-02-05 13:00:00,0.0,3.3,1034.5,100.0,3.3,0.493628,0.0,0.0
2022-02-05 14:00:00,0.0,4.4,1035.2,96.0,5.0,0.518859,330.0,9.4
2022-02-05 15:00:00,0.0,5.0,1035.5,96.0,5.6,0.562389,0.0,0.0
2022-02-05 16:00:00,0.0,4.0,1036.0,93.0,5.0,0.617446,260.0,5.4
2022-02-05 17:00:00,0.0,5.0,1036.9,96.0,5.6,0.611764,310.0,5.4
2022-02-05 18:00:00,0.0,5.7,1037.0,90.0,7.2,0.550823,330.0,7.6
2022-02-05 19:00:00,0.0,5.1,1036.7,77.0,8.9,0.542718,70.0,7.6
2022-02-05 20:00:00,0.0,5.1,1035.4,77.0,8.9,0.557178,0.0,0.0
2022-02-05 21:00:00,0.0,4.4,1034.6,71.0,9.4,0.539516,0.0,0.0
2022-02-05 22:00:00,0.0,4.4,1033.7,71.0,9.4,0.488741,110.0,11.2
2022-02-05 23:00:00,0.0,4.4,1033.3,68.0,10.0,0.449316,30.0,7.6
2022-02-06 00:00:00,0.0,3.9,1033.3,66.0,10.0,0.485168,340.0,11.2
2022-02-06 01:00:00,0.0,4.0,1033.2,69.0,9.4,0.548973,20.0,13.0
2022-02-06 02:00:00,0.0,3.3,1033.1,76.0,7.2,0.589834,20.0,9.4
2022-02-06 03:00:00,0.0,2.9,1033.5,86.0,5.0,0.562749,30.0,7.6
2022-02-06 04:00:00,0.0,2.8,1033.3,82.0,5.6,0.546411,10.0,9.4
2022-02-06 05:00:00,0.0,2.9,1032.9,86.0,5.0,0.535751,360.0,11.2
2022-02-06 06:00:00,0.0,2.3,1032.7,89.0,3.9,0.491729,340.0,11.2
2022-02-06 07:00:00,0.0,2.3,1032.3,93.0,3.3,0.462159,310.0,7.6
2022-02-06 08:00:00,0.0,1.0,1032.1,92.0,2.2,0.454784,340.0,7.6
2022-02-06 09:00:00,0.0,0.5,1031.6,92.0,1.7,0.457597,300.0,5.4
2022-02-06 10:00:00,0.0,-1.2,1031.5,96.0,-0.6,0.462753,250.0,7.6
2022-02-06 11:00:00,0.0,-1.7,1031.1,92.0,-0.6,0.484742,250.0,7.6
2022-02-06 12:00:00,0.0,-1.7,1031.0,92.0,-0.6,0.514312,0.0,0.0
2022-02-06 13:00:00,0.0,-1.7,1030.7,96.0,-1.1,0.556013,0.0,0.0
2022-02-06 14:00:00,0.0,-2.8,1030.9,92.0,-1.7,0.60743,170.0,5.4
2022-02-06 15:00:00,0.0,-1.7,1031.0,92.0,-0.6,0.661019,120.0,5.4
2022-02-06 16:00:00,0.0,-1.1,1030.9,92.0,0.0,0.724454,0.0,0.0
2022-02-06 17:00:00,0.0,-0.6,1031.2,96.0,0.0,0.694933,0.0,0.0
2022-02-06 18:00:00,0.0,0.0,1031.0,96.0,0.6,0.624635,180.0,5.4
2022-02-06 19:00:00,0.0,1.1,1030.6,96.0,1.7,0.601881,0.0,0.0
2022-02-06 20:00:00,0.0,2.8,1029.9,100.0,2.8,0.57773,0.0,0.0
2022-02-06 21:00:00,0.0,2.9,1028.7,93.0,3.9,0.474314,120.0,5.4
2022-02-06 22:00:00,0.0,4.0,1027.5,97.0,4.4,0.392522,120.0,9.4
2022-02-06 23:00:00,0.0,4.4,1026.7,85.0,6.7,0.433283,130.0,7.6
2022-02-07 00:00:00,0.0,4.3,1026.5,76.0,8.3,0.509514,0.0,0.0
2022-02-07 01:00:00,0.0,4.3,1025.7,76.0,8.3,0.606846,0.0,0.0
2022-02-07 02:00:00,0.0,3.3,1025.6,89.0,5.0,0.64986,110.0,5.4
2022-02-07 03:00:00,0.0,1.8,1025.6,93.0,2.8,0.658735,40.0,5.4
2022-02-07 04:00:00,0.0,-0.1,1025.5,92.0,1.1,0.647169,0.0,0.0
2022-02-07 05:00:00,0.0,-0.1,1026.1,92.0,1.1,0.614217,0.0,0.0
2022-02-07 06:00:00,0.0,-0.6,1026.5,92.0,0.6,0.558196,140.0,7.6
2022-02-07 07:00:00,0.0,-0.6,1027.0,96.0,0.0,0.500612,360.0,7.6
2022-02-07 08:00:00,0.0,0.0,1027.9,96.0,0.6,0.479216,280.0,9.4
2022-02-07 09:00:00,0.0,0.7,1027.7,97.0,1.1,0.462897,50.0,5.4
2022-02-07 10:00:00,0.0,0.7,1028.6,97.0,1.1,0.465267,0.0,0.0
2022-02-07 11:00:00,0.0,0.7,1029.1,97.0,1.1,0.469509,0.0,0.0
2022-02-07 12:00:00,0.0,1.1,1028.8,96.0,1.7,0.516907,0.0,0.0
2022-02-07 13:00:00,0.0,1.8,1029.3,93.0,2.8,0.593855,0.0,0.0
2022-02-07 14:00:00,0.0,2.2,1030.0,96.0,2.8,0.684566,0.0,0.0
2022-02-07 15:00:00,0.0,2.9,1030.4,97.0,3.3,0.69004,0.0,0.0
2022-02-07 16:00:00,0.0,1.0,1031.3,92.0,2.2,0.6624,160.0,7.6
2022-02-07 17:00:00,0.0,2.2,1031.8,96.0,2.8,0.634797,0.0,0.0
2022-02-07 18:00:00,0.0,3.4,1032.1,93.0,4.4,0.601704,0.0,0.0
2022-02-07 19:00:00,0.0,4.4,1032.5,89.0,6.1,0.571878,0.0,0.0
2022-02-07 20:00:00,0.0,5.1,1032.4,83.0,7.8,0.533873,0.0,0.0
2022-02-07 21:00:00,0.0,5.6,1032.3,80.0,8.9,0.469056,10.0,7.6
2022-02-07 22:00:00,0.0,6.7,1032.3,80.0,10.0,0.446117,320.0,5.4
2022-02-07 23:00:00,0.0,7.3,1032.3,72.0,12.2,0.427989,0.0,0.0
2022-02-08 00:00:00,0.0,7.3,1032.6,69.0,12.8,0.489077,70.0,7.6
2022-02-08 01:00:00,0.0,7.2,1032.8,77.0,11.1,0.568408,120.0,7.6
2022-02-08 02:00:00,0.0,6.8,1033.1,90.0,8.3,0.632382,60.0,5.4
2022-02-08 03:00:00,0.0,5.7,1033.6,90.0,7.2,0.630299,10.0,5.4
2022-02-08 04:00:00,0.0,3.4,1033.4,93.0,4.4,0.590652,200.0,9.4
2022-02-08 05:00:00,0.0,5.0,1034.2,89.0,6.7,0.551206,330.0,7.6
2022-02-08 06:00:00,0.0,4.4,1034.9,89.0,6.1,0.495523,300.0,5.4
2022-02-08 07:00:00,0.0,3.4,1035.1,93.0,4.4,0.454084,0.0,0.0
2022-02-08 08:00:00,0.0,1.8,1035.6,93.0,2.8,0.438393,290.0,5.4
2022-02-08 09:00:00,0.0,1.8,1035.5,97.0,2.2,0.431524,310.0,5.4
2022-02-08 10:00:00,0.0,0.7,1036.0,97.0,1.1,0.449051,0.0,0.0
2022-02-08 11:00:00,0.0,-0.1,1036.2,92.0,1.1,0.46399,0.0,0.0
2022-02-08 12:00:00,0.0,1.8,1035.7,97.0,2.2,0.510771,0.0,0.0
2022-02-08 13:00:00,0.0,2.2,1036.1,96.0,2.8,0.575631,10.0,5.4
2022-02-08 14:00:00,0.0,1.8,1036.4,97.0,2.2,0.672313,0.0,0.0
2022-02-08 15:00:00,0.0,0.5,1036.2,92.0,1.7,0.71116,0.0,0.0
2022-02-08 16:00:00,0.0,0.7,1036.5,97.0,1.1,0.671416,0.0,0.0
2022-02-08 17:00:00,0.0,1.8,1037.1,97.0,2.2,0.632405,0.0,0.0
2022-02-08 18:00:00,0.0,2.9,1037.6,97.0,3.3,0.561806,0.0,0.0
2022-02-08 19:00:00,0.0,3.3,1037.3,96.0,3.9,0.55206,110.0,9.4
2022-02-08 20:00:00,0.0,4.0,1037.0,93.0,5.0,0.490405,110.0,9.4
2022-02-08 21:00:00,0.0,5.0,1036.4,96.0,5.6,0.373028,110.0,5.4
2022-02-08 22:00:00,0.0,5.6,1035.7,86.0,7.8,0.446154,120.0,5.4
2022-02-08 23:00:00,0.0,5.6,1035.1,80.0,8.9,0.462425,0.0,0.0
2022-02-09 00:00:00,0.0,6.2,1035.4,74.0,10.6,0.514924,0.0,0.0
2022-02-09 01:00:00,0.0,6.1,1035.4,80.0,9.4,0.565539,80.0,5.4
2022-02-09 02:00:00,0.0,5.0,1035.7,89.0,6.7,0.619438,0.0,0.0
2022-02-09 03:00:00,0.0,5.6,1035.9,93.0,6.7,0.605925,0.0,0.0
2022-02-09 04:00:00,0.0,5.7,1035.8,90.0,7.2,0.57175,0.0,0.0
2022-02-09 05:00:00,0.0,4.4,1035.5,92.0,5.6,0.543558,240.0,5.4
2022-02-09 06:00:00,0.0,4.4,1035.6,92.0,5.6,0.491349,0.0,0.0
2022-02-09 07:00:00,0.0,5.1,1035.6,93.0,6.1,0.456216,170.0,7.6
2022-02-09 08:00:00,0.0,4.0,1036.2,97.0,4.4,0.426345,20.0,7.6
2022-02-09 09:00:00,0.0,3.9,1036.2,100.0,3.9,0.425014,0.0,0.0
2022-02-09 10:00:00,0.0,2.9,1036.1,93.0,3.9,0.430988,0.0,0.0
2022-02-09 11:00:00,0.0,1.8,1036.3,93.0,2.8,0.44045,230.0,5.4
2022-02-09 12:00:00,0.0,2.2,1036.0,96.0,2.8,0.473917,0.0,0.0
2022-02-09 13:00:00,0.0,1.8,1036.0,97.0,2.2,0.552921,0.0,0.0
2022-02-09 14:00:00,0.0,2.2,1036.1,96.0,2.8,0.640762,0.0,0.0
2022-02-09 15:00:00,0.0,1.8,1035.7,97.0,2.2,0.674912,170.0,5.4
2022-02-09 16:00:00,0.0,2.2,1036.1,96.0,2.8,0.638704,0.0,0.0
2022-02-09 17:00:00,0.0,3.3,1036.3,100.0,3.3,0.580895,0.0,0.0
2022-02-09 18:00:00,0.0,5.0,1035.8,96.0,5.6,0.483757,0.0,0.0
2022-02-09 19:00:00,0.0,6.1,1036.7,93.0,7.2,0.437511,110.0,7.6
2022-02-09 20:00:00,0.0,5.6,1035.9,80.0,8.9,0.331107,0.0,0.0
2022-02-09 21:00:00,0.0,7.2,1035.0,74.0,11.7,0.308571,150.0,5.4
2022-02-09 22:00:00,0.0,7.3,1034.4,69.0,12.8,0.328176,150.0,7.6
2022-02-09 23:00:00,0.0,6.7,1034.0,62.0,13.9,0.352913,0.0,0.0
2022-02-10 00:00:00,0.0,6.6,1033.6,55.0,15.6,0.426586,350.0,5.4
2022-02-10 01:00:00,0.0,7.9,1033.2,65.0,14.4,0.50177,360.0,5.4
2022-02-10 02:00:00,0.0,7.2,1033.0,77.0,11.1,0.556509,0.0,0.0
2022-02-10 03:00:00,0.0,6.8,1032.9,90.0,8.3,0.553129,0.0,0.0
2022-02-10 04:00:00,0.0,7.2,1033.1,86.0,9.4,0.535996,290.0,5.4
2022-02-10 05:00:00,0.0,5.6,1032.9,93.0,6.7,0.491276,0.0,0.0
2022-02-10 06:00:00,0.0,4.0,1032.7,97.0,4.4,0.446093,0.0,0.0
2022-02-10 07:00:00,0.0,6.1,1032.7,96.0,6.7,0.407637,0.0,0.0
2022-02-10 08:00:00,0.0,5.0,1032.4,100.0,5.0,0.38967,0.0,0.0
2022-02-10 09:00:00,0.0,3.3,1032.3,96.0,3.9,0.395483,0.0,0.0
2022-02-10 10:00:00,0.0,2.9,1032.2,97.0,3.3,0.403259,20.0,5.4
2022-02-10 11:00:00,0.0,1.8,1031.8,93.0,2.8,0.419346,280.0,5.4
2022-02-10 12:00:00,0.0,2.2,1031.6,96.0,2.8,0.45793,0.0,0.0
2022-02-10 13:00:00,0.0,2.9,1031.7,97.0,3.3,0.524115,0.0,0.0
2022-02-10 14:00:00,0.0,4.0,1031.5,97.0,4.4,0.602492,0.0,0.0
2022-02-10 15:00:00,0.0,4.4,1031.5,96.0,5.0,0.640325,0.0,0.0
2022-02-10 16:00:00,0.0,5.0,1031.9,96.0,5.6,0.617082,0.0,0.0
2022-02-10 17:00:00,0.0,6.1,1031.7,96.0,6.7,0.592587,0.0,0.0
2022-02-10 18:00:00,0.0,6.8,1031.7,97.0,7.2,0.549912,0.0,0.0
2022-02-10 19:00:00,0.0,7.2,1031.7,96.0,7.8,0.539373,0.0,0.0
2022-02-10 20:00:00,0.0,7.2,1031.2,89.0,8.9,0.535195,320.0,5.4
2022-02-10 21:00:00,0.0,7.8,1030.3,86.0,10.0,0.527964,10.0,7.6
2022-02-10 22:00:00,0.0,7.8,1029.7,83.0,10.6,0.509149,340.0,7.6
2022-02-10 23:00:00,0.0,7.8,1029.2,80.0,11.1,0.497396,310.0,5.4
2022-02-11 00:00:00,0.0,7.8,1028.4,80.0,11.1,0.520397,310.0,7.6
2022-02-11 01:00:00,0.0,7.2,1028.0,83.0,10.0,0.569705,310.0,5.4
2022-02-11 02:00:00,0.0,6.1,1027.8,93.0,7.2,0.601333,0.0,0.0
2022-02-11 03:00:00,0.0,6.1,1028.1,96.0,6.7,0.604089,320.0,9.4
2022-02-11 04:00:00,0.0,6.1,1028.8,93.0,7.2,0.582684,30.0,7.6
2022-02-11 05:00:00,0.0,5.7,1029.0,90.0,7.2,0.52755,10.0,9.4
2022-02-11 06:00:00,0.0,6.1,1029.0,89.0,7.8,0.468697,30.0,9.4
2022-02-11 07:00:00,0.0,6.1,1028.9,86.0,8.3,0.426215,30.0,11.2
2022-02-11 08:00:00,0.0,6.1,1029.0,89.0,7.8,0.411931,350.0,5.4
2022-02-11 09:00:00,0.0,5.6,1028.6,83.0,8.3,0.397126,360.0,5.4
2022-02-11 10:00:00,0.0,5.6,1028.4,86.0,7.8,0.396326,350.0,5.4
2022-02-11 11:00:00,0.0,5.1,1028.0,93.0,6.1,0.402617,350.0,9.4
2022-02-11 12:00:00,0.0,4.0,1028.0,93.0,5.0,0.432385,350.0,11.2
2022-02-11 13:00:00,0.0,4.0,1027.8,93.0,5.0,0.490363,350.0,7.6
2022-02-11 14:00:00,0.0,3.9,1027.7,89.0,5.6,0.552177,330.0,9.4
2022-02-11 15:00:00,0.0,4.4,1027.7,89.0,6.1,0.579538,340.0,11.2
2022-02-11 16:00:00,0.0,4.4,1027.8,89.0,6.1,0.562111,340.0,13.0
2022-02-11 17:00:00,0.0,4.4,1027.8,89.0,6.1,0.489736,330.0,5.4
2022-02-11 18:00:00,0.0,5.0,1027.5,74.0,9.4,0.373085,360.0,14.8
2022-02-11 19:00:00,0.0,5.6,1027.3,71.0,10.6,0.337614,330.0,14.8
2022-02-11 20:00:00,0.0,5.7,1026.8,62.0,12.8,0.2994,340.0,11.2
2022-02-11 21:00:00,0.0,4.9,1025.8,51.0,15.0,0.278926,340.0,16.6
2022-02-11 22:00:00,0.0,5.5,1025.1,46.0,17.2,0.278335,340.0,20.5
2022-02-11 23:00:00,0.0,3.2,1024.5,33.0,20.0,0.311315,360.0,18.4
2022-02-12 00:00:00,0.0,0.9,1024.0,29.0,19.4,0.394498,20.0,22.3
2022-02-12 01:00:00,0.0,-0.1,1023.8,31.0,17.2,0.453617,360.0,16.6
2022-02-12 02:00:00,0.0,-2.9,1023.9,29.0,15.0,0.486439,10.0,18.4
2022-02-12 03:00:00,0.0,-3.9,1024.1,30.0,13.3,0.490646,360.0,16.6
2022-02-12 04:00:00,0.0,-5.8,1024.3,27.0,12.8,0.48644,360.0,16.6
2022-02-12 05:00:00,0.0,-3.8,1024.5,35.0,11.1,0.459042,340.0,20.5
2022-02-12 06:00:00,0.0,-3.3,1024.6,39.0,10.0,0.428941,340.0,16.6
2022-02-12 07:00:00,0.0,-4.0,1024.5,37.0,10.0,0.396542,340.0,18.4
2022-02-12 08:00:00,0.0,-4.2,1024.3,38.0,9.4,0.370314,340.0,16.6
2022-02-12 09:00:00,0.0,-4.2,1024.1,38.0,9.4,0.364049,350.0,16.6
2022-02-12 10:00:00,0.0,-4.3,1024.0,39.0,8.9,0.3596,350.0,14.8
2022-02-12 11:00:00,0.0,-4.3,1023.9,42.0,7.8,0.371078,350.0,13.0
2022-02-12 12:00:00,0.0,-4.3,1023.7,42.0,7.8,0.390917,350.0,13.0
2022-02-12 13:00:00,0.0,-4.3,1023.4,42.0,7.8,0.427803,350.0,14.8
2022-02-12 14:00:00,0.0,-4.9,1023.3,39.0,8.3,0.475473,340.0,16.6
2022-02-12 15:00:00,0.0,-4.9,1023.4,39.0,8.3,0.542043,350.0,18.4
2022-02-12 16:00:00,0.0,-4.9,1023.6,39.0,8.3,0.519349,350.0,14.8
2022-02-12 17:00:00,0.0,-4.2,1024.0,35.0,10.6,0.432458,350.0,18.4
2022-02-12 18:00:00,0.0,-3.2,1023.9,34.0,12.2,0.344814,350.0,20.5
2022-02-12 19:00:00,0.0,-3.0,1024.1,31.0,13.9,0.299306,360.0,14.8
2022-02-12 20:00:00,0.0,-1.5,1023.7,31.0,15.6,0.27518,340.0,18.4
2022-02-12 21:00:00,0.0,-1.9,1022.7,28.0,16.7,0.241346,360.0,14.8
2022-02-12 22:00:00,0.0,-0.5,1021.7,29.0,17.8,0.242547,360.0,11.2
2022-02-12 23:00:00,0.0,-0.1,1021.2,29.0,18.3,0.293352,330.0,18.4
2022-02-13 00:00:00,0.0,-0.5,1021.0,29.0,17.8,0.361673,340.0,18.4
2022-02-13 01:00:00,0.0,-0.6,1021.2,32.0,16.1,0.437912,350.0,16.6
2022-02-13 02:00:00,0.0,-1.0,1021.3,40.0,12.2,0.47486,350.0,9.4
2022-02-13 03:00:00,0.0,-1.2,1021.5,44.0,10.6,0.468471,360.0,11.2
2022-02-13 04:00:00,0.0,-1.8,1021.8,47.0,8.9,0.472537,340.0,13.0
2022-02-13 05:00:00,0.0,-1.8,1022.4,49.0,8.3,0.453586,350.0,11.2
2022-02-13 06:00:00,0.0,-2.3,1022.7,49.0,7.8,0.419164,350.0,11.2
2022-02-13 07:00:00,0.0,-2.3,1022.7,55.0,6.1,0.393782,350.0,9.4
2022-02-13 08:00:00,0.0,-1.8,1022.8,59.0,5.6,0.379695,340.0,13.0
2022-02-13 09:00:00,0.0,-1.7,1022.9,67.0,3.9,0.376442,350.0,5.4
2022-02-13 10:00:00,0.0,-1.7,1023.1,72.0,2.8,0.377015,350.0,9.4
2022-02-13 11:00:00,0.0,-2.3,1023.0,64.0,3.9,0.394529,330.0,5.4
2022-02-13 12:00:00,0.0,-2.3,1022.9,75.0,1.7,0.432456,0.0,0.0
2022-02-13 13:00:00,0.0,-1.0,1022.9,82.0,1.7,0.488258,0.0,0.0
2022-02-13 14:00:00,0.0,-1.2,1022.9,88.0,0.6,0.532502,0.0,0.0
2022-02-13 15:00:00,0.0,-2.2,1023.2,85.0,0.0,0.598562,10.0,5.4
2022-02-13 16:00:00,0.0,-1.7,1023.8,92.0,-0.6,0.600912,0.0,0.0
2022-02-13 17:00:00,0.0,0.6,1024.2,79.0,3.9,0.517437,0.0,0.0
2022-02-13 18:00:00,0.0,1.2,1024.3,68.0,6.7,0.427027,0.0,0.0
2022-02-13 19:00:00,0.0,0.6,1024.1,54.0,9.4,0.36818,0.0,0.0
2022-02-13 20:00:00,0.0,0.5,1023.3,48.0,11.1,0.317285,0.0,0.0
2022-02-13 21:00:00,0.0,1.2,1021.9,45.0,12.8,0.335606,0.0,0.0
2022-02-13 22:00:00,0.0,2.2,1021.1,45.0,13.9,0.394272,0.0,0.0
2022-02-13 23:00:00,0.0,3.5,1020.6,46.0,15.0,0.405539,0.0,0.0
2022-02-14 00:00:00,0.0,6.0,1020.2,57.0,14.4,0.438701,230.0,7.6
2022-02-14 01:00:00,0.0,5.5,1019.6,57.0,13.9,0.492611,0.0,0.0
2022-02-14 02:00:00,0.0,5.1,1019.4,64.0,11.7,0.520238,260.0,5.4
2022-02-14 03:00:00,0.0,4.9,1018.4,68.0,10.6,0.537061,0.0,0.0
2022-02-14 04:00:00,0.0,4.9,1018.2,68.0,10.6,0.530879,300.0,5.4
2022-02-14 05:00:00,0.0,5.1,1018.3,77.0,8.9,0.48687,230.0,11.2
2022-02-14 06:00:00,0.0,4.3,1018.2,76.0,8.3,0.432771,220.0,14.8
2022-02-14 07:00:00,0.0,3.3,1018.2,68.0,8.9,0.376059,220.0,16.6
2022-02-14 08:00:00,0.0,3.9,1017.8,74.0,8.3,0.357777,200.0,11.2
2022-02-14 09:00:00,0.0,4.3,1017.1,82.0,7.2,0.36347,200.0,14.8
2022-02-14 10:00:00,0.0,3.3,1016.6,85.0,5.6,0.35588,190.0,14.8
2022-02-14 11:00:00,0.0,4.4,1016.1,79.0,7.8,0.371208,210.0,7.0
2022-02-14 12:00:00,0.2,5.1,1015.9,83.0,7.8,0.397856,210.0,7.6
2022-02-14 13:00:00,0.0,5.1,1015.5,77.0,8.9,0.473012,190.0,14.8
2022-02-14 14:00:00,0.2,5.7,1014.7,90.0,7.2,0.559949,160.0,7.6
2022-02-14 15:00:00,0.5,6.1,1013.9,89.0,7.8,0.590148,200.0,16.6
2022-02-14 16:00:00,1.3,6.7,1013.2,93.0,7.8,0.558176,200.0,20.5
2022-02-14 17:00:00,2.0,6.8,1013.7,90.0,8.3,0.568141,220.0,20.5
2022-02-14 18:00:00,0.8,6.1,1013.9,89.0,7.8,0.526889,220.0,16.6
2022-02-14 19:00:00,0.0,5.0,1014.4,71.0,10.0,0.476831,260.0,24.1
2022-02-14 20:00:00,0.3,4.4,1014.8,68.0,10.0,0.498885,260.0,22.3
2022-02-14 21:00:00,0.0,4.3,1014.7,73.0,8.9,0.47343,250.0,18.4
2022-02-14 22:00:00,0.2,5.0,1014.8,74.0,9.4,0.373806,230.0,25.9
2022-02-14 23:00:00,0.0,3.8,1015.1,63.0,10.6,0.470933,250.0,22.3
2022-02-15 00:00:00,0.0,3.9,1015.7,71.0,8.9,0.507204,250.0,14.8
2022-02-15 01:00:00,0.0,3.3,1016.3,71.0,8.3,0.555672,270.0,9.4
2022-02-15 02:00:00,0.0,1.7,1017.4,68.0,7.2,0.594181,250.0,9.4
2022-02-15 03:00:00,0.0,2.2,1018.2,82.0,5.0,0.596374,250.0,11.2
2022-02-15 04:00:00,0.0,2.3,1018.7,89.0,3.9,0.583622,240.0,11.2
2022-02-15 05:00:00,0.0,2.7,1019.3,89.0,4.4,0.534476,240.0,13.0
2022-02-15 06:00:00,0.0,2.3,1019.6,93.0,3.3,0.476015,230.0,7.6
2022-02-15 07:00:00,0.0,3.9,1020.3,89.0,5.6,0.42932,210.0,13.0
2022-02-15 08:00:00,0.0,3.9,1020.7,86.0,6.1,0.431223,210.0,7.6
2022-02-15 09:00:00,0.0,4.4,1021.6,89.0,6.1,0.419003,0.0,0.0
2022-02-15 10:00:00,0.0,4.4,1021.5,92.0,5.6,0.413488,260.0,7.6
2022-02-15 11:00:00,0.0,4.4,1021.8,92.0,5.6,0.427967,0.0,0.0
2022-02-15 12:00:00,0.0,3.9,1022.1,89.0,5.6,0.466307,0.0,0.0
2022-02-15 13:00:00,0.0,4.0,1022.4,93.0,5.0,0.530341,20.0,7.6
2022-02-15 14:00:00,0.0,3.4,1022.8,93.0,4.4,0.604392,70.0,5.4
2022-02-15 15:00:00,0.0,2.9,1022.9,93.0,3.9,0.626512,0.0,0.0
2022-02-15 16:00:00,0.0,3.3,1023.8,89.0,5.0,0.606078,100.0,5.4
2022-02-15 17:00:00,0.0,3.9,1024.3,89.0,5.6,0.585574,0.0,0.0
2022-02-15 18:00:00,0.0,3.8,1024.8,82.0,6.7,0.572857,0.0,0.0
2022-02-15 19:00:00,0.0,4.3,1024.9,82.0,7.2,0.584369,290.0,5.4
2022-02-15 20:00:00,0.0,4.4,1025.3,79.0,7.8,0.567368,250.0,9.4
2022-02-15 21:00:00,0.0,5.1,1024.8,80.0,8.3,0.552285,240.0,5.4
2022-02-15 22:00:00,0.0,5.1,1024.2,77.0,8.9,0.544341,230.0,7.6
2022-02-15 23:00:00,0.0,5.1,1024.3,77.0,8.9,0.547135,240.0,7.6
2022-02-16 00:00:00,0.0,5.1,1023.8,77.0,8.9,0.568101,220.0,9.4
2022-02-16 01:00:00,0.0,5.1,1023.8,77.0,8.9,0.605786,230.0,9.4
2022-02-16 02:00:00,0.0,5.1,1024.3,80.0,8.3,0.641091,220.0,9.4
2022-02-16 03:00:00,0.0,5.6,1024.2,83.0,8.3,0.615509,230.0,14.8
2022-02-16 04:00:00,0.0,4.4,1024.8,85.0,6.7,0.587672,240.0,13.0
2022-02-16 05:00:00,0.0,3.3,1024.7,89.0,5.0,0.549543,240.0,13.0
2022-02-16 06:00:00,0.0,3.3,1024.7,85.0,5.6,0.481806,230.0,13.0
2022-02-16 07:00:00,0.0,3.3,1024.8,89.0,5.0,0.44715,230.0,13.0
2022-02-16 08:00:00,0.0,4.4,1024.3,89.0,6.1,0.427914,230.0,16.6
2022-02-16 09:00:00,0.0,4.4,1024.0,89.0,6.1,0.414964,230.0,11.2
2022-02-16 10:00:00,0.0,4.3,1023.9,82.0,7.2,0.40462,230.0,14.8
2022-02-16 11:00:00,0.0,4.3,1024.3,82.0,7.2,0.410729,230.0,13.0
2022-02-16 12:00:00,0.0,5.0,1024.4,89.0,6.7,0.448429,230.0,11.2
2022-02-16 13:00:00,0.0,5.6,1024.9,93.0,6.7,0.513368,220.0,11.2
2022-02-16 14:00:00,0.0,5.0,1025.5,89.0,6.7,0.59992,220.0,11.2
2022-02-16 15:00:00,0.0,5.0,1025.7,89.0,6.7,0.620878,220.0,7.6
2022-02-16 16:00:00,0.0,5.0,1026.5,89.0,6.7,0.598365,180.0,5.4
2022-02-16 17:00:00,0.0,5.6,1027.1,86.0,7.8,0.495351,160.0,5.4
2022-02-16 18:00:00,0.0,5.6,1027.6,80.0,8.9,0.366106,270.0,7.6
2022-02-16 19:00:00,0.0,6.2,1028.0,74.0,10.6,0.356912,240.0,5.4
2022-02-16 20:00:00,0.0,3.9,1028.3,61.0,11.1,0.446675,0.0,0.0
2022-02-16 21:00:00,0.0,4.4,1028.3,61.0,11.7,0.421396,80.0,5.4
2022-02-16 22:00:00,0.0,5.1,1028.5,64.0,11.7,0.431559,130.0,5.4
2022-02-16 23:00:00,0.0,5.6,1028.5,69.0,11.1,0.486909,110.0,9.4
2022-02-17 00:00:00,0.0,5.6,1028.9,69.0,11.1,0.510384,110.0,9.4
2022-02-17 01:00:00,0.0,5.6,1029.2,71.0,10.6,0.556521,110.0,9.4
2022-02-17 02:00:00,0.0,5.6,1029.6,74.0,10.0,0.58071,130.0,9.4
2022-02-17 03:00:00,0.0,5.6,1030.4,74.0,10.0,0.56565,150.0,5.4
2022-02-17 04:00:00,0.0,6.2,1030.9,83.0,8.9,0.537853,210.0,11.2
2022-02-17 05:00:00,0.0,5.6,1031.1,86.0,7.8,0.490615,220.0,13.0
2022-02-17 06:00:00,0.0,5.1,1031.6,83.0,7.8,0.445537,230.0,7.6
2022-02-17 07:00:00,0.0,4.4,1031.7,85.0,6.7,0.407853,0.0,0.0
2022-02-17 08:00:00,0.0,3.3,1032.0,89.0,5.0,0.402122,280.0,7.6
2022-02-17 09:00:00,0.0,3.3,1031.9,89.0,5.0,0.399077,0.0,0.0
2022-02-17 10:00:00,0.0,2.9,1031.9,93.0,3.9,0.410152,300.0,5.4
2022-02-17 11:00:00,0.0,2.3,1031.9,93.0,3.3,0.443134,0.0,0.0
2022-02-17 12:00:00,0.0,2.3,1032.1,93.0,3.3,0.494145,270.0,7.6
2022-02-17 13:00:00,0.0,1.0,1032.0,92.0,2.2,0.569062,0.0,0.0
2022-02-17 14:00:00,0.0,1.8,1032.3,97.0,2.2,0.652958,0.0,0.0
2022-02-17 15:00:00,0.0,0.1,1033.0,89.0,1.7,0.683947,0.0,0.0
2022-02-17 16:00:00,0.0,1.0,1033.5,92.0,2.2,0.636771,0.0,0.0
2022-02-17 17:00:00,0.0,2.9,1033.9,93.0,3.9,0.618883,0.0,0.0
2022-02-17 18:00:00,0.0,3.3,1033.9,89.0,5.0,0.586424,0.0,0.0
2022-02-17 19:00:00,0.0,4.4,1033.7,89.0,6.1,0.575861,0.0,0.0
2022-02-17 20:00:00,0.0,4.4,1033.2,79.0,7.8,0.537903,210.0,5.4
2022-02-17 21:00:00,0.0,4.4,1032.8,79.0,7.8,0.518887,240.0,7.6
2022-02-17 22:00:00,0.0,4.4,1032.5,79.0,7.8,0.47795,0.0,0.0
2022-02-17 23:00:00,0.0,4.3,1031.8,73.0,8.9,0.505101,0.0,0.0
2022-02-18 00:00:00,0.0,4.3,1031.1,73.0,8.9,0.555714,120.0,7.2
2022-02-18 01:00:00,0.0,5.1,1030.9,77.0,8.9,0.567605,0.0,0.0
2022-02-18 02:00:00,0.0,3.8,1030.9,82.0,6.7,0.601291,0.0,0.0
2022-02-18 03:00:00,0.0,3.9,1031.8,89.0,5.6,0.603809,270.0,5.4
2022-02-18 04:00:00,0.0,2.2,1030.9,96.0,2.8,0.586132,0.0,0.0
2022-02-18 05:00:00,0.0,2.3,1031.0,93.0,3.3,0.550948,290.0,5.4
2022-02-18 06:00:00,0.0,1.8,1031.4,93.0,2.8,0.504319,0.0,0.0
2022-02-18 07:00:00,0.0,1.1,1031.0,96.0,1.7,0.483961,0.0,0.0
2022-02-18 08:00:00,0.0,1.1,1031.0,96.0,1.7,0.472673,350.0,5.4
2022-02-18 09:00:00,0.0,3.3,1031.7,96.0,3.9,0.466125,0.0,0.0
2022-02-18 10:00:00,0.0,2.9,1031.9,97.0,3.3,0.455214,0.0,0.0
2022-02-18 11:00:00,0.0,2.2,1031.6,96.0,2.8,0.467123,0.0,0.0
2022-02-18 12:00:00,0.0,2.9,1031.6,97.0,3.3,0.506078,0.0,0.0
2022-02-18 13:00:00,0.0,0.0,1031.4,96.0,0.6,0.587427,0.0,0.0
2022-02-18 14:00:00,0.0,0.0,1031.2,96.0,0.6,0.647789,0.0,0.0
2022-02-18 15:00:00,0.0,0.0,1031.1,96.0,0.6,0.671024,0.0,0.0
2022-02-18 16:00:00,0.0,0.0,1031.3,96.0,0.6,0.632972,0.0,0.0
2022-02-18 17:00:00,0.0,1.7,1031.6,100.0,1.7,0.558834,0.0,0.0
2022-02-18 18:00:00,0.0,3.3,1031.6,96.0,3.9,0.44073,0.0,0.0
2022-02-18 19:00:00,0.0,4.4,1031.5,96.0,5.0,0.373487,160.0,11.2
2022-02-18 20:00:00,0.0,5.1,1031.1,93.0,6.1,0.329901,130.0,11.2
2022-02-18 21:00:00,0.0,5.6,1029.7,80.0,8.9,0.281123,20.0,5.4
2022-02-18 22:00:00,0.0,6.2,1028.8,69.0,11.7,0.296582,0.0,0.0
2022-02-18 23:00:00,0.0,5.7,1028.0,60.0,13.3,0.346669,0.0,0.0
2022-02-19 00:00:00,0.0,6.8,1027.4,58.0,15.0,0.408779,150.0,5.4
2022-02-19 01:00:00,0.0,7.2,1026.9,64.0,13.9,0.491371,150.0,5.4
2022-02-19 02:00:00,0.0,6.6,1026.5,71.0,11.7,0.535747,140.0,7.6
2022-02-19 03:00:00,0.0,6.7,1026.5,83.0,9.4,0.52324,0.0,0.0
2022-02-19 04:00:00,0.0,4.4,1026.2,85.0,6.7,0.505597,0.0,0.0
2022-02-19 05:00:00,0.0,4.4,1025.9,85.0,6.7,0.480565,300.0,5.4
2022-02-19 06:00:00,0.0,4.4,1025.9,92.0,5.6,0.457411,0.0,0.0
2022-02-19 07:00:00,0.0,1.8,1025.6,97.0,2.2,0.43464,0.0,0.0
2022-02-19 08:00:00,0.0,1.8,1025.1,93.0,2.8,0.42456,0.0,0.0
2022-02-19 09:00:00,0.0,1.0,1024.5,92.0,2.2,0.420041,0.0,0.0
2022-02-19 10:00:00,0.0,1.1,1024.5,96.0,1.7,0.42179,0.0,0.0
2022-02-19 11:00:00,0.0,-0.6,1024.0,92.0,0.6,0.428746,0.0,0.0
2022-02-19 12:00:00,0.0,-0.6,1023.5,96.0,0.0,0.459351,0.0,0.0
2022-02-19 13:00:00,0.0,0.0,1023.2,96.0,0.6,0.495772,0.0,0.0
2022-02-19 14:00:00,0.0,1.8,1023.4,97.0,2.2,0.536576,0.0,0.0
2022-02-19 15:00:00,0.0,1.8,1023.5,93.0,2.8,0.598082,70.0,5.4
2022-02-19 16:00:00,0.0,2.9,1023.7,97.0,3.3,0.616395,0.0,0.0
2022-02-19 17:00:00,0.0,3.3,1025.0,96.0,3.9,0.623153,310.0,5.4
2022-02-19 18:00:00,0.0,3.4,1024.7,93.0,4.4,0.538717,320.0,7.6
2022-02-19 19:00:00,0.0,3.9,1024.2,89.0,5.6,0.474832,150.0,5.4
2022-02-19 20:00:00,0.0,5.1,1023.4,80.0,8.3,0.527047,0.0,0.0
2022-02-19 21:00:00,0.0,5.1,1023.1,77.0,8.9,0.514259,220.0,13.0
2022-02-19 22:00:00,0.0,5.0,1021.9,74.0,9.4,0.450848,200.0,16.6
2022-02-19 23:00:00,0.0,5.6,1021.6,71.0,10.6,0.478882,210.0,16.6
2022-02-20 00:00:00,0.0,5.0,1021.6,71.0,10.0,0.502875,250.0,22.3
2022-02-20 01:00:00,0.0,5.0,1020.9,71.0,10.0,0.525802,240.0,18.4
2022-02-20 02:00:00,0.0,5.1,1020.4,77.0,8.9,0.563569,230.0,20.5
2022-02-20 03:00:00,0.0,5.6,1020.2,80.0,8.9,0.548312,200.0,11.2
2022-02-20 04:00:00,0.0,5.1,1019.8,80.0,8.3,0.521799,200.0,14.8
2022-02-20 05:00:00,0.0,5.6,1019.3,86.0,7.8,0.484893,220.0,14.8
2022-02-20 06:00:00,0.1,6.1,1019.3,89.0,7.8,0.46038,210.0,18.4
2022-02-20 07:00:00,0.1,6.1,1018.9,93.0,7.2,0.423848,210.0,16.6
2022-02-20 08:00:00,0.0,5.7,1018.0,90.0,7.2,0.396566,230.0,20.5
2022-02-20 09:00:00,0.0,5.7,1017.8,90.0,7.2,0.397188,230.0,18.4
2022-02-20 10:00:00,0.1,5.0,1017.4,86.0,7.2,0.388261,230.0,18.4
2022-02-20 11:00:00,0.6,4.4,1016.7,85.0,6.7,0.391493,230.0,20.5
2022-02-20 12:00:00,0.4,4.4,1016.4,85.0,6.7,0.411329,230.0,13.0
2022-02-20 13:00:00,0.0,3.9,1016.3,89.0,5.6,0.444166,230.0,14.8
2022-02-20 14:00:00,0.0,3.3,1016.7,85.0,5.6,0.483598,240.0,13.0
2022-02-20 15:00:00,0.0,1.8,1016.7,86.0,3.9,0.543244,240.0,11.2
2022-02-20 16:00:00,0.0,1.8,1017.3,86.0,3.9,0.543773,50.0,5.4
2022-02-20 17:00:00,0.0,2.7,1018.0,79.0,6.1,0.521698,230.0,9.4
2022-02-20 18:00:00,0.0,2.9,1017.6,71.0,7.8,0.400204,240.0,14.8
2022-02-20 19:00:00,0.0,3.3,1017.5,73.0,7.8,0.380226,220.0,16.6
2022-02-20 20:00:00,0.0,1.8,1017.5,61.0,8.9,0.404228,340.0,7.6
2022-02-20 21:00:00,0.0,1.8,1016.9,59.0,9.4,0.33211,250.0,14.8
2022-02-20 22:00:00,0.1,2.7,1016.4,63.0,9.4,0.368285,250.0,22.3
2022-02-20 23:00:00,0.1,2.3,1016.3,61.0,9.4,0.424008,260.0,18.4
2022-02-21 00:00:00,0.0,1.2,1016.5,61.0,8.3,0.492063,320.0,11.2
2022-02-21 01:00:00,0.0,1.2,1016.8,61.0,8.3,0.571459,280.0,13.0
2022-02-21 02:00:00,0.0,1.7,1016.8,76.0,5.6,0.611093,250.0,9.4
2022-02-21 03:00:00,0.0,1.8,1017.1,83.0,4.4,0.592271,220.0,11.2
2022-02-21 04:00:00,0.0,1.8,1016.9,86.0,3.9,0.58677,200.0,13.0
2022-02-21 05:00:00,0.0,1.7,1017.0,79.0,5.0,0.544752,230.0,16.6
2022-02-21 06:00:00,0.0,1.8,1017.2,83.0,4.4,0.495136,240.0,14.8
2022-02-21 07:00:00,0.0,1.2,1016.7,86.0,3.3,0.478212,240.0,11.2
2022-02-21 08:00:00,0.0,1.2,1016.4,86.0,3.3,0.456592,220.0,14.8
2022-02-21 09:00:00,0.0,1.1,1016.2,82.0,3.9,0.441511,220.0,18.4
2022-02-21 10:00:00,0.0,1.1,1015.6,82.0,3.9,0.439606,220.0,16.6
2022-02-21 11:00:00,0.0,1.2,1014.6,86.0,3.3,0.455679,220.0,22.3
2022-02-21 12:00:00,0.0,1.2,1013.8,89.0,2.8,0.493691,230.0,14.8
2022-02-21 13:00:00,0.0,1.2,1013.4,89.0,2.8,0.548097,190.0,9.4
2022-02-21 14:00:00,0.0,1.2,1013.0,89.0,2.8,0.610127,200.0,14.8
2022-02-21 15:00:00,0.0,1.2,1012.5,86.0,3.3,0.652583,230.0,16.6
2022-02-21 16:00:00,0.8,1.7,1012.6,89.0,3.3,0.659981,240.0,9.4
2022-02-21 17:00:00,0.0,1.7,1012.4,89.0,3.3,0.610823,240.0,13.0
2022-02-21 18:00:00,0.0,2.3,1012.2,86.0,4.4,0.58768,230.0,13.0
2022-02-21 19:00:00,0.0,2.2,1012.0,79.0,5.6,0.622101,230.0,11.2
2022-02-21 20:00:00,0.0,2.8,1011.7,76.0,6.7,0.564653,230.0,13.0
2022-02-21 21:00:00,0.0,2.2,1011.2,76.0,6.1,0.561625,220.0,16.6
2022-02-21 22:00:00,0.5,1.7,1010.7,76.0,5.6,0.460636,70.0,5.4
2022-02-21 23:00:00,0.3,1.7,1010.4,76.0,5.6,0.456788,120.0,13.0
2022-02-22 00:00:00,0.0,2.8,1010.7,82.0,5.6,0.598159,100.0,7.6
2022-02-22 01:00:00,0.1,2.3,1011.1,86.0,4.4,0.667454,160.0,9.4
2022-02-22 02:00:00,0.8,1.8,1011.6,86.0,3.9,0.710456,60.0,9.4
2022-02-22 03:00:00,0.3,1.7,1012.4,89.0,3.3,0.696317,10.0,5.4
2022-02-22 04:00:00,0.3,1.2,1012.6,89.0,2.8,0.656845,330.0,7.6
2022-02-22 05:00:00,0.0,1.0,1013.0,92.0,2.2,0.622819,320.0,9.4
2022-02-22 06:00:00,0.0,0.5,1013.8,92.0,1.7,0.553892,0.0,0.0
2022-02-22 07:00:00,0.0,0.5,1014.2,92.0,1.7,0.519204,320.0,11.2
2022-02-22 08:00:00,0.0,0.6,1014.9,89.0,2.2,0.493049,340.0,11.2
2022-02-22 09:00:00,0.0,-0.1,1015.4,85.0,2.2,0.501343,330.0,9.4
2022-02-22 10:00:00,0.0,-0.6,1015.9,82.0,2.2,0.500251,30.0,9.4
2022-02-22 11:00:00,0.0,-2.1,1016.4,73.0,2.2,0.522559,10.0,11.2
2022-02-22 12:00:00,0.0,-3.2,1016.8,73.0,1.1,0.575366,10.0,11.2
2022-02-22 13:00:00,0.0,-4.3,1017.7,67.0,1.1,0.655225,10.0,13.0
2022-02-22 14:00:00,0.0,-5.0,1018.5,64.0,1.1,0.74676,10.0,14.8
2022-02-22 15:00:00,0.0,-6.1,1019.3,61.0,0.6,0.802104,30.0,16.6
2022-02-22 16:00:00,0.0,-6.7,1020.2,58.0,0.6,0.720401,40.0,16.6
2022-02-22 17:00:00,0.0,-6.6,1021.1,54.0,1.7,0.602567,50.0,18.4
2022-02-22 18:00:00,0.0,-8.2,1021.7,46.0,2.2,0.515133,40.0,22.3
2022-02-22 19:00:00,0.0,-8.3,1022.3,44.0,2.8,0.470516,60.0,25.9
2022-02-22 20:00:00,0.0,-7.2,1022.6,46.0,3.3,0.442677,40.0,16.6
2022-02-22 21:00:00,0.0,-7.3,1022.3,44.0,3.9,0.420135,40.0,20.5
2022-02-22 22:00:00,0.0,-7.1,1022.4,43.0,4.4,0.42145,40.0,31.7
2022-02-22 23:00:00,0.0,-7.1,1022.5,43.0,4.4,0.471626,40.0,16.6
2022-02-23 00:00:00,0.0,-8.2,1023.1,41.0,3.9,0.561406,30.0,29.5
2022-02-23 01:00:00,0.0,-9.4,1023.6,42.0,2.2,0.682359,40.0,27.7
2022-02-23 02:00:00,0.0,-10.0,1024.3,45.0,0.6,0.784809,40.0,25.9
2022-02-23 03:00:00,0.0,-9.5,1025.4,51.0,-0.6,0.800141,50.0,16.6
2022-02-23 04:00:00,0.0,-10.5,1026.1,47.0,-0.6,0.786981,30.0,14.8
2022-02-23 05:00:00,0.0,-11.0,1026.6,47.0,-1.1,0.743693,30.0,24.1
2022-02-23 06:00:00,0.0,-11.8,1027.3,46.0,-1.7,0.696747,30.0,18.4
2022-02-23 07:00:00,0.0,-12.1,1027.7,45.0,-1.7,0.661526,30.0,16.6
2022-02-23 08:00:00,0.0,-12.3,1027.9,46.0,-2.2,0.647766,20.0,16.6
2022-02-23 09:00:00,0.0,-13.4,1028.1,42.0,-2.2,0.648411,20.0,16.6
2022-02-23 10:00:00,0.0,-13.4,1028.2,44.0,-2.8,0.667399,20.0,18.4
2022-02-23 11:00:00,0.0,-13.9,1028.4,42.0,-2.8,0.686979,20.0,14.8
2022-02-23 12:00:00,0.0,-13.8,1028.3,44.0,-3.3,0.732051,30.0,20.5
2022-02-23 13:00:00,0.0,-13.8,1028.7,46.0,-3.9,0.813436,10.0,16.6
2022-02-23 14:00:00,0.0,-14.4,1029.0,44.0,-3.9,0.923448,360.0,18.4
2022-02-23 15:00:00,0.0,-14.4,1029.1,42.0,-3.3,0.960614,10.0,16.6
2022-02-23 16:00:00,0.0,-14.2,1029.6,41.0,-2.8,0.823905,20.0,20.5
2022-02-23 17:00:00,0.0,-15.0,1030.0,34.0,-1.1,0.704503,10.0,13.0
2022-02-23 18:00:00,0.0,-14.4,1030.2,33.0,0.0,0.604095,20.0,14.8
2022-02-23 19:00:00,0.0,-13.8,1029.9,32.0,1.1,0.543486,60.0,18.4
2022-02-23 20:00:00,0.0,-13.3,1029.6,32.0,1.7,0.491274,70.0,14.8
2022-02-23 21:00:00,0.0,-12.7,1029.0,31.0,2.8,0.462177,50.0,14.8
2022-02-23 22:00:00,0.0,-13.4,1028.6,27.0,3.9,0.465101,30.0,9.4
2022-02-23 23:00:00,0.0,-13.4,1028.4,27.0,3.9,0.506325,350.0,13.0
2022-02-24 00:00:00,0.0,-13.9,1028.3,25.0,4.4,0.573602,30.0,9.4
2022-02-24 01:00:00,0.0,-13.4,1028.1,27.0,3.9,0.685086,20.0,13.0
2022-02-24 02:00:00,0.0,-12.1,1028.2,35.0,1.7,0.752336,60.0,7.6
2022-02-24 03:00:00,0.0,-12.1,1028.2,38.0,0.6,0.771671,340.0,9.4
2022-02-24 04:00:00,0.0,-10.5,1028.3,49.0,-1.1,0.756422,0.0,0.0
2022-02-24 05:00:00,0.0,-8.9,1028.3,60.0,-2.2,0.734955,0.0,0.0
2022-02-24 06:00:00,0.0,-7.8,1028.6,71.0,-3.3,0.676875,290.0,7.6
2022-02-24 07:00:00,0.0,-7.8,1028.8,71.0,-3.3,0.647688,0.0,0.0
2022-02-24 08:00:00,0.0,-7.7,1028.6,66.0,-2.2,0.625207,0.0,0.0
2022-02-24 09:00:00,0.0,-6.6,1028.5,75.0,-2.8,0.625996,0.0,0.0
2022-02-24 10:00:00,0.0,-6.6,1028.2,69.0,-1.7,0.612604,0.0,0.0
2022-02-24 11:00:00,0.0,-5.5,1028.0,75.0,-1.7,0.621669,0.0,0.0
2022-02-24 12:00:00,0.0,-4.4,1027.9,78.0,-1.1,0.65778,100.0,5.4
2022-02-24 13:00:00,0.0,-5.6,1028.3,69.0,-0.6,0.721626,30.0,5.4
2022-02-24 14:00:00,0.0,-5.0,1028.6,72.0,-0.6,0.801212,50.0,7.6
2022-02-24 15:00:00,0.0,-5.6,1029.0,69.0,-0.6,0.849156,0.0,0.0
2022-02-24 16:00:00,0.0,-5.6,1029.9,66.0,0.0,0.797791,0.0,0.0
2022-02-24 17:00:00,0.0,-6.7,1030.7,58.0,0.6,0.773242,0.0,0.0
2022-02-24 18:00:00,0.0,-6.0,1031.2,59.0,1.1,0.74497,0.0,0.0
2022-02-24 19:00:00,0.0,-5.7,1031.5,58.0,1.7,0.680284,40.0,5.4
2022-02-24 20:00:00,0.0,-5.6,1031.6,54.0,2.8,0.63262,0.0,0.0
2022-02-24 21:00:00,0.0,-4.3,1031.1,55.0,3.9,0.596382,350.0,7.6
2022-02-24 22:00:00,0.0,-3.9,1030.9,55.0,4.4,0.573811,0.0,0.0
2022-02-24 23:00:00,0.0,-3.3,1031.0,55.0,5.0,0.561282,0.0,0.0
2022-02-25 00:00:00,0.0,-2.3,1030.8,57.0,5.6,0.634492,90.0,7.6
2022-02-25 01:00:00,0.0,-1.7,1030.8,62.0,5.0,0.67832,90.0,5.4
2022-02-25 02:00:00,0.0,-1.6,1030.7,65.0,4.4,0.705046,0.0,0.0
2022-02-25 03:00:00,0.0,-1.7,1031.2,67.0,3.9,0.707645,0.0,0.0
2022-02-25 04:00:00,0.0,-2.3,1031.0,75.0,1.7,0.690479,80.0,5.4
2022-02-25 05:00:00,0.0,-2.1,1031.2,82.0,0.6,0.653448,330.0,7.6
2022-02-25 06:00:00,0.0,-3.9,1031.5,81.0,-1.1,0.615662,350.0,11.2
2022-02-25 07:00:00,0.0,-3.9,1031.6,85.0,-1.7,0.587189,30.0,5.4
2022-02-25 08:00:00,0.0,-3.3,1031.4,85.0,-1.1,0.592838,330.0,5.4
2022-02-25 09:00:00,0.0,-5.0,1031.7,88.0,-3.3,0.596287,310.0,7.6
2022-02-25 10:00:00,0.0,-5.6,1031.9,88.0,-3.9,0.614107,280.0,5.4
2022-02-25 11:00:00,0.0,-5.0,1031.7,85.0,-2.8,0.637672,350.0,7.6
2022-02-25 12:00:00,0.0,-5.6,1031.5,88.0,-3.9,0.665744,340.0,7.6
2022-02-25 13:00:00,0.0,-5.6,1031.4,88.0,-3.9,0.750175,360.0,9.4
2022-02-25 14:00:00,0.0,-6.1,1031.3,88.0,-4.4,0.850831,360.0,9.4
2022-02-25 15:00:00,0.0,-6.1,1031.1,88.0,-4.4,0.872485,360.0,7.6
2022-02-25 16:00:00,0.0,-4.4,1031.0,85.0,-2.2,0.752332,340.0,9.4
2022-02-25 17:00:00,0.0,-3.2,1030.7,79.0,0.0,0.627791,360.0,11.2
2022-02-25 18:00:00,0.0,-5.0,1030.0,59.0,2.2,0.521993,350.0,9.4
2022-02-25 19:00:00,0.0,-4.7,1029.0,53.0,4.0,0.441389,0.0,0.0
2022-02-25 20:00:00,0.0,-4.4,1029.0,53.0,4.4,0.40539,0.0,0.0
2022-02-25 21:00:00,0.0,-5.0,1027.8,43.0,6.7,0.373959,12.0,5.4
2022-02-25 22:00:00,0.0,-5.7,1027.3,38.0,7.8,0.378182,0.0,0.0
2022-02-25 23:00:00,0.0,-6.1,1026.8,34.0,8.9,0.418055,0.0,0.0
2022-02-26 00:00:00,0.0,-6.0,1026.2,32.0,10.0,0.504205,90.0,5.4
2022-02-26 01:00:00,0.0,-6.7,1025.8,34.0,8.3,0.569904,60.0,9.4
2022-02-26 02:00:00,0.0,-5.0,1025.6,43.0,6.7,0.639948,340.0,7.6
2022-02-26 03:00:00,0.0,-4.3,1025.2,55.0,3.9,0.625278,10.0,9.4
2022-02-26 04:00:00,0.0,-5.0,1025.2,61.0,1.7,0.621998,360.0,9.4
2022-02-26 05:00:00,0.0,-5.0,1025.0,69.0,0.0,0.61263,340.0,7.6
2022-02-26 06:00:00,0.0,-5.0,1024.8,69.0,0.0,0.59443,10.0,5.4
2022-02-26 07:00:00,0.0,-5.0,1025.0,69.0,0.0,0.565984,340.0,11.2
2022-02-26 08:00:00,0.0,-4.3,1025.1,76.0,-0.6,0.538742,360.0,9.4
2022-02-26 09:00:00,0.0,-4.3,1024.7,76.0,-0.6,0.526911,360.0,11.2
2022-02-26 10:00:00,0.0,-5.0,1024.5,72.0,-0.6,0.537867,0.0,0.0
2022-02-26 11:00:00,0.0,-4.4,1024.3,72.0,0.0,0.545915,350.0,9.4
2022-02-26 12:00:00,0.0,-4.4,1023.8,72.0,0.0,0.567972,340.0,13.0
2022-02-26 13:00:00,0.0,-4.4,1023.9,72.0,0.0,0.597055,0.0,0.0
2022-02-26 14:00:00,0.0,-5.0,1023.8,69.0,0.0,0.66034,0.0,0.0
2022-02-26 15:00:00,0.0,-4.4,1023.9,82.0,-1.7,0.723295,0.0,0.0
2022-02-26 16:00:00,0.0,-3.2,1023.9,79.0,0.0,0.722255,0.0,0.0
2022-02-26 17:00:00,0.0,-3.9,1024.0,64.0,2.2,0.702371,0.0,0.0
2022-02-26 18:00:00,0.0,-3.9,1023.9,57.0,3.9,0.644333,0.0,0.0
2022-02-26 19:00:00,0.0,-3.8,1023.8,53.0,5.0,0.632432,0.0,0.0
2022-02-26 20:00:00,0.0,-3.2,1023.7,53.0,5.6,0.65093,0.0,0.0
2022-02-26 21:00:00,0.5,0.0,1023.2,70.0,5.0,0.641665,0.0,0.0
2022-02-26 22:00:00,0.8,1.8,1022.7,86.0,3.9,0.621481,350.0,9.4
2022-02-26 23:00:00,0.5,2.7,1022.5,89.0,4.4,0.608715,350.0,9.4
2022-02-27 00:00:00,0.3,2.7,1022.2,89.0,4.4,0.629784,340.0,7.6
2022-02-27 01:00:00,0.8,2.9,1021.4,93.0,3.9,0.654645,350.0,11.2
2022-02-27 02:00:00,0.8,2.9,1020.9,93.0,3.9,0.655118,350.0,9.4
2022-02-27 03:00:00,1.3,2.9,1020.6,93.0,3.9,0.649279,350.0,11.2
2022-02-27 04:00:00,0.3,3.3,1020.7,96.0,3.9,0.602836,330.0,9.4
2022-02-27 05:00:00,0.3,2.9,1020.4,93.0,3.9,0.569609,360.0,7.6
2022-02-27 06:00:00,1.0,3.3,1020.9,96.0,3.9,0.530062,0.0,0.0
2022-02-27 07:00:00,0.8,3.9,1021.1,100.0,3.9,0.486369,0.0,0.0
2022-02-27 08:00:00,0.4,3.3,1020.9,96.0,3.9,0.458206,100.0,7.6
2022-02-27 09:00:00,0.3,4.0,1021.3,97.0,4.4,0.438153,110.0,5.4
2022-02-27 10:00:00,0.0,4.0,1020.9,97.0,4.4,0.417191,110.0,9.4
2022-02-27 11:00:00,0.0,5.0,1020.8,100.0,5.0,0.417801,0.0,0.0
2022-02-27 12:00:00,0.0,5.0,1021.0,96.0,5.6,0.432959,120.0,9.4
2022-02-27 13:00:00,0.0,7.2,1021.1,86.0,9.4,0.457787,180.0,20.5
2022-02-27 14:00:00,0.0,7.2,1021.8,86.0,9.4,0.488474,180.0,20.5
2022-02-27 15:00:00,0.0,7.2,1022.0,86.0,9.4,0.538699,170.0,25.9
2022-02-27 16:00:00,0.1,7.2,1022.5,86.0,9.4,0.574759,170.0,22.3
2022-02-27 17:00:00,0.3,8.3,1023.2,89.0,10.0,0.589325,190.0,18.4
2022-02-27 18:00:00,0.1,8.4,1023.4,86.0,10.6,0.548709,190.0,14.8
2022-02-27 19:00:00,0.0,8.4,1022.8,80.0,11.7,0.554446,170.0,18.4
2022-02-27 20:00:00,0.7,8.4,1022.8,80.0,11.7,0.536017,180.0,24.1
2022-02-27 21:00:00,0.8,8.4,1022.4,80.0,11.7,0.530626,190.0,16.6
2022-02-27 22:00:00,0.2,8.3,1021.6,77.0,12.2,0.558381,200.0,14.8
2022-02-27 23:00:00,1.0,9.4,1021.2,89.0,11.1,0.573874,180.0,11.2
2022-02-28 00:00:00,1.8,9.4,1020.8,89.0,11.1,0.59072,170.0,18.4
2022-02-28 01:00:00,1.3,10.0,1020.2,96.0,10.6,0.587587,200.0,5.4
2022-02-28 02:00:00,0.5,9.4,1019.0,92.0,10.6,0.587991,130.0,9.4
2022-02-28 03:00:00,0.5,9.4,1019.5,89.0,11.1,0.577292,210.0,14.8
2022-02-28 04:00:00,0.1,9.4,1017.8,92.0,10.6,0.553183,150.0,22.3
2022-02-28 05:00:00,0.0,10.0,1017.9,93.0,11.1,0.492735,140.0,14.8
2022-02-28 06:00:00,0.0,9.4,1018.2,83.0,12.2,0.43647,180.0,22.3
2022-02-28 07:00:00,0.1,9.4,1017.7,77.0,13.3,0.381763,190.0,27.7
2022-02-28 08:00:00,0.8,10.0,1016.5,83.0,12.8,0.361885,180.0,20.5
2022-02-28 09:00:00,1.8,10.6,1016.5,90.0,12.2,0.35165,190.0,25.9
2022-02-28 10:00:00,0.8,11.1,1016.6,93.0,12.2,0.339219,180.0,14.8
2022-02-28 11:00:00,2.3,11.0,1015.7,89.0,12.8,0.344832,170.0,20.5
2022-02-28 12:00:00,0.8,11.0,1015.2,89.0,12.8,0.373384,170.0,20.5
2022-02-28 13:00:00,1.0,11.0,1014.6,89.0,12.8,0.437761,180.0,27.7
2022-02-28 14:00:00,2.8,11.7,1014.7,93.0,12.8,0.506292,180.0,25.9
2022-02-28 15:00:00,2.0,11.7,1013.4,93.0,12.8,0.530862,170.0,24.1
2022-02-28 16:00:00,5.3,11.7,1014.7,93.0,12.8,0.526712,190.0,27.7
2022-02-28 17:00:00,6.4,12.2,1014.8,93.0,13.3,0.536451,180.0,18.4
2022-02-28 18:00:00,10.4,12.2,1015.2,93.0,13.3,0.539818,190.0,24.1
2022-02-28 19:00:00,5.8,12.2,1016.1,93.0,13.3,0.543373,200.0,27.7
2022-02-28 20:00:00,1.8,12.2,1016.8,93.0,13.3,0.527286,190.0,27.7
2022-02-28 21:00:00,0.3,12.8,1016.7,93.0,13.9,0.500199,190.0,20.5
2022-02-28 22:00:00,0.0,12.3,1016.0,90.0,13.9,0.50654,180.0,27.7
2022-02-28 23:00:00,0.1,12.3,1015.5,87.0,14.4,0.50302,180.0,40.7
2022-03-01 00:00:00,0.3,12.3,1015.8,87.0,14.4,0.513476,170.0,29.5
2022-03-01 01:00:00,0.9,12.3,1015.8,87.0,14.4,0.544661,180.0,25.9
2022-03-01 02:00:00,0.0,11.7,1015.1,84.0,14.4,0.569387,180.0,35.3
2022-03-01 03:00:00,0.0,10.6,1015.0,78.0,14.4,0.558653,180.0,37.1
2022-03-01 04:00:00,0.6,10.7,1015.6,81.0,13.9,0.517348,200.0,29.5
2022-03-01 05:00:00,0.5,10.7,1016.4,84.0,13.3,0.452624,200.0,22.3
2022-03-01 06:00:00,2.3,11.0,1016.5,89.0,12.8,0.402699,180.0,29.5
2022-03-01 07:00:00,2.3,11.7,1016.9,93.0,12.8,0.354783,190.0,20.5
2022-03-01 08:00:00,2.8,11.7,1017.5,97.0,12.2,0.338897,190.0,20.5
2022-03-01 09:00:00,3.6,11.7,1018.0,97.0,12.2,0.330672,240.0,11.2
2022-03-01 10:00:00,3.6,11.7,1018.3,97.0,12.2,0.321991,200.0,13.0
2022-03-01 11:00:00,0.5,11.7,1018.4,100.0,11.7,0.328406,0.0,0.0
2022-03-01 12:00:00,0.5,11.1,1018.6,96.0,11.7,0.353108,160.0,5.4
2022-03-01 13:00:00,0.3,11.1,1018.7,100.0,11.1,0.402263,140.0,9.4
2022-03-01 14:00:00,0.0,11.1,1018.8,100.0,11.1,0.486224,140.0,13.0
2022-03-01 15:00:00,0.0,11.1,1020.0,100.0,11.1,0.510648,140.0,7.6
2022-03-01 16:00:00,0.1,11.1,1019.4,96.0,11.7,0.495974,0.0,0.0
2022-03-01 17:00:00,0.0,11.7,1019.7,97.0,12.2,0.465979,190.0,7.6
2022-03-01 18:00:00,0.3,11.7,1019.6,93.0,12.8,0.46902,190.0,14.8
2022-03-01 19:00:00,0.3,12.2,1020.1,93.0,13.3,0.443847,190.0,11.2
2022-03-01 20:00:00,0.0,11.8,1020.3,87.0,13.9,0.432112,210.0,14.8
2022-03-01 21:00:00,0.5,12.8,1019.8,93.0,13.9,0.453624,200.0,16.6
2022-03-01 22:00:00,0.3,12.8,1019.6,97.0,13.3,0.43509,190.0,9.4
2022-03-01 23:00:00,0.1,12.3,1019.7,90.0,13.9,0.463924,220.0,7.6
2022-03-02 00:00:00,0.3,11.0,1019.9,89.0,12.8,0.49089,230.0,9.4
2022-03-02 01:00:00,0.3,9.9,1019.0,86.0,12.2,0.514677,140.0,7.6
2022-03-02 02:00:00,0.0,11.7,1019.3,97.0,12.2,0.529897,140.0,7.6
2022-03-02 03:00:00,0.3,11.7,1019.3,100.0,11.7,0.527406,0.0,0.0
2022-03-02 04:00:00,0.1,11.1,1020.0,100.0,11.1,0.505163,0.0,0.0
2022-03-02 05:00:00,0.6,11.1,1019.7,100.0,11.1,0.466122,0.0,0.0
2022-03-02 06:00:00,0.3,11.1,1019.5,100.0,11.1,0.403302,130.0,5.4
2022-03-02 07:00:00,0.0,11.1,1019.6,100.0,11.1,0.358853,120.0,5.4
2022-03-02 08:00:00,0.0,10.6,1019.5,100.0,10.6,0.334378,110.0,5.4
2022-03-02 09:00:00,0.2,10.6,1019.0,100.0,10.6,0.331336,0.0,0.0
2022-03-02 10:00:00,0.0,10.6,1018.8,100.0,10.6,0.327867,110.0,5.4
2022-03-02 11:00:00,0.2,10.6,1018.0,100.0,10.6,0.332866,110.0,7.6
2022-03-02 12:00:00,0.8,10.6,1017.9,100.0,10.6,0.360688,0.0,0.0
2022-03-02 13:00:00,0.9,10.0,1018.0,100.0,10.0,0.409855,0.0,0.0
2022-03-02 14:00:00,0.3,10.0,1017.5,100.0,10.0,0.479807,0.0,0.0
2022-03-02 15:00:00,1.0,10.0,1017.5,100.0,10.0,0.516342,0.0,0.0
2022-03-02 16:00:00,1.0,10.6,1017.9,100.0,10.6,0.504832,0.0,0.0
2022-03-02 17:00:00,0.5,11.1,1017.9,100.0,11.1,0.482152,220.0,5.4
2022-03-02 18:00:00,0.3,11.1,1017.9,100.0,11.1,0.495372,250.0,5.4
2022-03-02 19:00:00,0.5,10.6,1018.6,97.0,11.1,0.493415,250.0,13.0
2022-03-02 20:00:00,0.5,10.0,1018.9,96.0,10.6,0.497252,250.0,9.4
2022-03-02 21:00:00,0.5,10.6,1018.2,97.0,11.1,0.464814,220.0,9.4
2022-03-02 22:00:00,0.3,10.6,1017.7,97.0,11.1,0.462751,230.0,7.6
2022-03-02 23:00:00,0.5,10.6,1017.8,93.0,11.7,0.479132,200.0,9.4
2022-03-03 00:00:00,0.5,10.6,1017.8,97.0,11.1,0.497395,220.0,13.0
2022-03-03 01:00:00,0.3,9.4,1017.7,89.0,11.1,0.562163,240.0,7.6
2022-03-03 02:00:00,0.3,9.4,1017.6,96.0,10.0,0.572918,230.0,9.4
2022-03-03 03:00:00,0.3,9.4,1018.1,100.0,9.4,0.555594,230.0,11.2
2022-03-03 04:00:00,0.3,8.9,1017.8,97.0,9.4,0.53812,220.0,9.4
2022-03-03 05:00:00,0.1,8.3,1018.2,96.0,8.9,0.483847,240.0,9.4
2022-03-03 06:00:00,0.1,8.3,1018.6,96.0,8.9,0.437515,240.0,13.0
2022-03-03 07:00:00,0.1,8.3,1018.8,100.0,8.3,0.387408,250.0,9.4
2022-03-03 08:00:00,0.0,7.9,1018.8,97.0,8.3,0.37771,240.0,11.2
2022-03-03 09:00:00,0.0,7.8,1019.0,100.0,7.8,0.3728,240.0,11.2
2022-03-03 10:00:00,0.0,7.8,1019.4,100.0,7.8,0.372403,0.0,0.0
2022-03-03 11:00:00,0.0,7.8,1019.2,100.0,7.8,0.373977,260.0,7.6
2022-03-03 12:00:00,0.5,7.8,1019.6,100.0,7.8,0.414029,0.0,0.0
2022-03-03 13:00:00,1.0,6.8,1020.0,97.0,7.2,0.477037,340.0,7.6
2022-03-03 14:00:00,0.0,5.7,1020.3,97.0,6.1,0.55637,0.0,0.0
2022-03-03 15:00:00,0.0,5.0,1020.7,96.0,5.6,0.59608,360.0,7.6
2022-03-03 16:00:00,0.0,5.0,1021.4,100.0,5.0,0.506747,0.0,0.0
2022-03-03 17:00:00,0.0,5.0,1021.8,86.0,7.2,0.413352,0.0,0.0
2022-03-03 18:00:00,0.0,5.1,1022.1,83.0,7.8,0.34284,250.0,5.4
2022-03-03 19:00:00,0.0,5.1,1021.9,80.0,8.3,0.291068,280.0,5.4
2022-03-03 20:00:00,0.0,5.0,1021.9,74.0,9.4,0.367724,0.0,0.0
2022-03-03 21:00:00,0.0,5.6,1021.2,71.0,10.6,0.391161,200.0,9.4
2022-03-03 22:00:00,0.1,6.2,1020.8,74.0,10.6,0.330092,230.0,11.2
2022-03-03 23:00:00,0.0,6.2,1020.5,83.0,8.9,0.32951,80.0,14.8
2022-03-04 00:00:00,0.0,6.2,1020.5,77.0,10.0,0.393464,0.0,0.0
2022-03-04 01:00:00,0.0,4.4,1020.4,68.0,10.0,0.495818,310.0,13.0
2022-03-04 02:00:00,0.0,3.9,1021.0,74.0,8.3,0.558824,280.0,9.4
2022-03-04 03:00:00,0.0,3.3,1021.4,76.0,7.2,0.554911,300.0,20.5
2022-03-04 04:00:00,0.0,3.3,1021.4,85.0,5.6,0.543518,280.0,9.4
2022-03-04 05:00:00,0.0,3.9,1021.6,100.0,3.9,0.513223,210.0,9.4
2022-03-04 06:00:00,0.0,2.8,1021.7,100.0,2.8,0.482635,240.0,9.4
2022-03-04 07:00:00,0.0,3.9,1021.4,100.0,3.9,0.453348,260.0,5.4
2022-03-04 08:00:00,0.0,3.3,1021.1,100.0,3.3,0.454592,290.0,5.4
2022-03-04 09:00:00,0.0,1.7,1020.8,100.0,1.7,0.446619,90.0,5.4
2022-03-04 10:00:00,0.0,1.7,1020.6,100.0,1.7,0.449522,310.0,7.6
2022-03-04 11:00:00,0.0,2.8,1020.0,100.0,2.8,0.446787,0.0,0.0
2022-03-04 12:00:00,0.0,3.3,1019.5,100.0,3.3,0.467803,350.0,5.4
2022-03-04 13:00:00,0.3,3.3,1019.5,100.0,3.3,0.536455,280.0,5.4
2022-03-04 14:00:00,0.0,3.3,1019.1,100.0,3.3,0.600752,0.0,0.0
2022-03-04 15:00:00,0.0,3.3,1018.9,100.0,3.3,0.627202,320.0,5.4
2022-03-04 16:00:00,0.0,3.9,1019.1,100.0,3.9,0.63022,340.0,5.4
2022-03-04 17:00:00,0.0,4.4,1019.1,100.0,4.4,0.578447,330.0,5.4
2022-03-04 18:00:00,0.0,5.6,1018.8,100.0,5.6,0.533422,320.0,7.6
2022-03-04 19:00:00,0.0,5.0,1018.7,86.0,7.2,0.482732,40.0,9.4
2022-03-04 20:00:00,0.0,5.1,1018.5,80.0,8.3,0.366772,10.0,13.0
2022-03-04 21:00:00,0.0,4.3,1017.8,73.0,8.9,0.332597,20.0,9.4
2022-03-04 22:00:00,0.0,3.4,1017.3,66.0,9.4,0.370191,20.0,9.4
2022-03-04 23:00:00,0.0,3.8,1017.2,63.0,10.6,0.402293,350.0,16.6
2022-03-05 00:00:00,0.0,4.4,1017.4,68.0,10.0,0.414822,350.0,13.0
2022-03-05 01:00:00,0.0,3.9,1017.5,71.0,8.9,0.514727,340.0,18.4
2022-03-05 02:00:00,0.0,4.3,1018.0,76.0,8.3,0.566666,340.0,14.8
2022-03-05 03:00:00,0.0,4.0,1018.7,80.0,7.2,0.55459,340.0,13.0
2022-03-05 04:00:00,0.0,3.3,1019.2,82.0,6.1,0.52452,310.0,7.6
2022-03-05 05:00:00,0.0,3.3,1019.6,85.0,5.6,0.522612,290.0,7.6
2022-03-05 06:00:00,0.0,3.3,1020.2,100.0,3.3,0.497184,310.0,7.6
2022-03-05 07:00:00,0.0,2.7,1020.6,89.0,4.4,0.463182,340.0,7.6
2022-03-05 08:00:00,0.0,2.2,1020.7,100.0,2.2,0.455189,280.0,5.4
2022-03-05 09:00:00,0.0,1.1,1021.1,100.0,1.1,0.449328,200.0,7.6
2022-03-05 10:00:00,0.0,1.7,1021.4,100.0,1.7,0.454591,300.0,7.6
2022-03-05 11:00:00,0.0,1.1,1021.5,100.0,1.1,0.475903,0.0,0.0
2022-03-05 12:00:00,0.0,0.6,1021.7,100.0,0.6,0.504568,0.0,0.0
2022-03-05 13:00:00,0.0,-0.6,1022.2,100.0,-0.6,0.553024,0.0,0.0
2022-03-05 14:00:00,0.0,-0.6,1022.8,100.0,-0.6,0.608031,0.0,0.0
2022-03-05 15:00:00,0.0,-0.6,1023.4,100.0,-0.6,0.641628,0.0,0.0
2022-03-05 16:00:00,0.0,0.6,1024.2,100.0,0.6,0.590128,0.0,0.0
2022-03-05 17:00:00,0.0,3.3,1024.9,96.0,3.9,0.480081,0.0,0.0
2022-03-05 18:00:00,0.0,4.4,1025.3,85.0,6.7,0.384692,0.0,0.0
2022-03-05 19:00:00,0.0,4.4,1025.2,71.0,9.4,0.312044,20.0,5.4
2022-03-05 20:00:00,0.0,5.6,1024.9,74.0,10.0,0.2874,110.0,7.6
2022-03-05 21:00:00,0.0,6.0,1024.4,71.0,11.1,0.271545,130.0,9.4
2022-03-05 22:00:00,0.0,6.0,1024.1,71.0,11.1,0.289083,120.0,9.4
2022-03-05 23:00:00,0.0,6.2,1023.9,64.0,12.8,0.327916,350.0,5.4
2022-03-06 00:00:00,0.0,2.2,1024.1,47.0,13.3,0.420463,350.0,18.4
2022-03-06 01:00:00,0.0,5.0,1024.2,59.0,12.8,0.464785,70.0,9.4
2022-03-06 02:00:00,0.0,2.9,1024.6,59.0,10.6,0.498452,20.0,7.6
2022-03-06 03:00:00,0.0,2.7,1025.3,63.0,9.4,0.517308,0.0,0.0
2022-03-06 04:00:00,0.0,5.0,1025.7,86.0,7.2,0.503845,0.0,0.0
2022-03-06 05:00:00,0.0,5.0,1026.6,96.0,5.6,0.473063,260.0,9.4
2022-03-06 06:00:00,0.0,3.9,1026.8,100.0,3.9,0.454848,240.0,11.2
2022-03-06 07:00:00,0.0,3.9,1026.8,100.0,3.9,0.431453,270.0,9.4
2022-03-06 08:00:00,0.0,3.3,1027.1,100.0,3.3,0.422551,270.0,9.4
2022-03-06 09:00:00,0.0,2.2,1027.1,100.0,2.2,0.416041,0.0,0.0
2022-03-06 10:00:00,0.0,1.7,1027.6,100.0,1.7,0.423798,0.0,0.0
2022-03-06 11:00:00,0.0,0.0,1027.9,100.0,0.6,0.45105,0.0,0.0
2022-03-06 12:00:00,0.0,-0.6,1028.0,100.0,-0.6,0.473782,0.0,0.0
2022-03-06 13:00:00,0.0,-1.0,1028.7,100.0,0.0,0.523193,330.0,5.4
2022-03-06 14:00:00,0.0,-1.1,1029.0,100.0,-1.1,0.562405,330.0,7.6
2022-03-06 15:00:00,0.0,1.0,1030.1,99.0,-0.6,0.610874,340.0,5.4
2022-03-06 16:00:00,0.0,1.9,1030.9,97.0,0.0,0.643649,0.0,0.0
2022-03-06 17:00:00,0.0,5.0,1031.6,100.0,2.2,0.604137,0.0,0.0
2022-03-06 18:00:00,0.0,5.0,1032.2,100.0,5.0,0.575796,0.0,0.0
2022-03-06 19:00:00,0.0,6.1,1032.3,96.0,6.7,0.527274,0.0,0.0
2022-03-06 20:00:00,0.0,5.7,1032.6,90.0,7.2,0.433352,130.0,5.4
2022-03-06 21:00:00,0.0,6.2,1032.1,83.0,8.9,0.384795,200.0,7.6
2022-03-06 22:00:00,0.0,5.0,1031.8,71.0,10.0,0.326076,0.0,0.0
2022-03-06 23:00:00,0.0,6.2,1031.7,74.0,10.6,0.359114,110.0,9.4
2022-03-07 00:00:00,0.0,6.2,1031.7,74.0,10.6,0.433608,190.0,5.4
2022-03-07 01:00:00,0.0,6.2,1031.5,74.0,10.6,0.510005,140.0,9.4
2022-03-07 02:00:00,0.0,6.2,1031.8,83.0,8.9,0.568394,190.0,5.4
2022-03-07 03:00:00,0.0,6.1,1032.1,93.0,7.2,0.603563,140.0,5.4
2022-03-07 04:00:00,0.0,5.6,1032.6,93.0,6.7,0.579348,0.0,0.0
2022-03-07 05:00:00,0.0,3.3,1033.0,100.0,3.3,0.553981,0.0,0.0
2022-03-07 06:00:00,0.0,3.9,1033.6,100.0,3.9,0.489122,0.0,0.0
2022-03-07 07:00:00,0.0,2.2,1034.0,100.0,2.2,0.441839,330.0,5.4
2022-03-07 08:00:00,0.0,1.7,1034.3,100.0,1.7,0.427098,0.0,0.0
2022-03-07 09:00:00,0.0,1.8,1034.2,97.0,2.2,0.4332,0.0,0.0
2022-03-07 10:00:00,0.0,0.0,1034.4,100.0,0.6,0.44502,120.0,5.4
2022-03-07 11:00:00,0.0,0.0,1035.0,100.0,0.0,0.469857,0.0,0.0
2022-03-07 12:00:00,0.0,0.2,1034.8,97.0,-0.6,0.518741,0.0,0.0
2022-03-07 13:00:00,0.0,-0.7,1034.5,99.0,0.0,0.598018,0.0,0.0
2022-03-07 14:00:00,0.0,-0.7,1035.1,99.0,0.0,0.670558,0.0,0.0
2022-03-07 15:00:00,0.0,-0.5,1035.1,98.0,0.0,0.691567,0.0,0.0
2022-03-07 16:00:00,0.0,0.4,1035.4,95.0,1.1,0.653664,0.0,0.0
2022-03-07 17:00:00,0.0,2.4,1035.3,91.0,2.2,0.629828,0.0,0.0
2022-03-07 18:00:00,0.0,4.3,1035.3,80.0,3.3,0.518985,130.0,5.4
2022-03-07 19:00:00,0.0,4.8,1034.9,68.0,4.4,0.357952,0.0,0.0
2022-03-07 20:00:00,0.0,8.9,1034.2,93.0,6.1,0.314335,0.0,0.0
2022-03-07 21:00:00,0.0,8.9,1033.0,93.0,10.0,0.310243,0.0,0.0
2022-03-07 22:00:00,0.0,9.4,1032.2,86.0,11.7,0.327233,20.0,5.4
2022-03-07 23:00:00,0.0,9.9,1031.8,89.0,11.7,0.379611,350.0,11.2
2022-03-08 00:00:00,0.0,9.4,1031.6,86.0,11.7,0.401142,350.0,13.0
2022-03-08 01:00:00,0.0,9.4,1031.1,86.0,11.7,0.496503,310.0,9.4
2022-03-08 02:00:00,0.0,8.9,1031.3,89.0,10.6,0.562293,290.0,7.6
2022-03-08 03:00:00,0.0,6.7,1031.5,100.0,6.7,0.575815,220.0,9.4
2022-03-08 04:00:00,0.0,6.1,1031.8,100.0,6.1,0.554829,260.0,7.6
2022-03-08 05:00:00,0.0,5.0,1031.9,100.0,5.0,0.512834,250.0,9.4
2022-03-08 06:00:00,0.0,5.7,1031.8,97.0,6.1,0.463866,250.0,5.4
2022-03-08 07:00:00,0.0,5.0,1031.5,100.0,5.0,0.431009,260.0,7.6
2022-03-08 08:00:00,0.0,4.4,1031.5,100.0,4.4,0.423222,260.0,5.4
2022-03-08 09:00:00,0.0,3.3,1031.2,100.0,3.3,0.417461,270.0,5.4
2022-03-08 10:00:00,0.0,3.9,1031.0,100.0,3.9,0.426657,0.0,0.0
2022-03-08 11:00:00,0.0,5.0,1030.7,100.0,5.0,0.445834,240.0,11.2
2022-03-08 12:00:00,0.0,4.4,1030.2,100.0,4.4,0.468477,240.0,13.0
2022-03-08 13:00:00,0.0,5.6,1029.8,100.0,5.6,0.547585,240.0,18.4
2022-03-08 14:00:00,0.0,5.6,1029.5,100.0,5.6,0.610011,230.0,11.2
2022-03-08 15:00:00,0.0,6.1,1029.4,100.0,6.1,0.633456,230.0,16.6
2022-03-08 16:00:00,0.0,6.1,1029.1,100.0,6.1,0.612409,230.0,13.0
2022-03-08 17:00:00,0.0,6.7,1028.8,100.0,6.7,0.550542,220.0,13.0
2022-03-08 18:00:00,0.0,7.2,1028.3,100.0,7.2,0.542337,220.0,22.3
2022-03-08 19:00:00,0.0,6.7,1027.8,93.0,7.8,0.493073,200.0,14.8
2022-03-08 20:00:00,0.0,7.2,1027.1,89.0,8.9,0.456488,220.0,13.0
2022-03-08 21:00:00,0.0,7.3,1026.1,80.0,10.6,0.478288,220.0,18.4
2022-03-08 22:00:00,0.0,4.9,1025.0,61.0,12.2,0.359126,240.0,22.3
2022-03-08 23:00:00,0.0,5.0,1024.3,66.0,11.1,0.492972,240.0,22.3
2022-03-09 00:00:00,0.0,4.5,1024.0,66.0,10.6,0.514722,260.0,24.1
2022-03-09 01:00:00,0.0,3.3,1023.5,63.0,10.0,0.582295,260.0,20.5
2022-03-09 02:00:00,0.0,5.1,1023.3,77.0,8.9,0.64566,240.0,16.6
2022-03-09 03:00:00,0.0,5.1,1023.1,83.0,7.8,0.620715,240.0,16.6
2022-03-09 04:00:00,0.0,5.7,1022.7,90.0,7.2,0.578554,230.0,13.0
2022-03-09 05:00:00,0.0,6.1,1022.5,93.0,7.2,0.550402,230.0,13.0
2022-03-09 06:00:00,0.0,6.8,1022.4,97.0,7.2,0.467953,240.0,13.0
2022-03-09 07:00:00,0.0,6.8,1021.8,97.0,7.2,0.419026,230.0,14.8
2022-03-09 08:00:00,0.0,7.2,1021.3,100.0,7.2,0.397451,230.0,16.6
2022-03-09 09:00:00,0.0,7.2,1021.2,100.0,7.2,0.386869,230.0,14.8
2022-03-09 10:00:00,0.0,7.2,1021.0,100.0,7.2,0.383459,230.0,9.4
2022-03-09 11:00:00,0.2,6.1,1021.0,100.0,6.1,0.401433,130.0,7.6
2022-03-09 12:00:00,0.2,6.1,1021.0,100.0,6.1,0.43467,20.0,11.2
2022-03-09 13:00:00,0.5,4.7,1020.6,96.0,6.1,0.49874,90.0,5.4
2022-03-09 14:00:00,0.0,4.5,1020.6,98.0,5.6,0.572804,0.0,0.0
2022-03-09 15:00:00,0.0,4.2,1020.7,99.0,5.6,0.590592,70.0,5.4
2022-03-09 16:00:00,0.3,4.8,1021.0,96.0,4.4,0.584956,50.0,18.4
2022-03-09 17:00:00,0.1,5.1,1021.4,95.0,5.0,0.579759,10.0,9.4
2022-03-09 18:00:00,0.1,3.5,1021.5,73.0,6.7,0.501207,340.0,14.8
2022-03-09 19:00:00,0.0,3.3,1021.5,73.0,7.8,0.374916,10.0,18.4
2022-03-09 20:00:00,0.0,2.9,1021.5,66.0,8.9,0.387621,10.0,18.4
2022-03-09 21:00:00,0.0,1.1,1021.5,56.0,9.4,0.305772,20.0,18.4
2022-03-09 22:00:00,0.0,0.0,1021.4,48.0,10.6,0.300311,50.0,20.5
2022-03-09 23:00:00,0.0,-1.8,1021.3,42.0,10.6,0.335521,20.0,16.6
2022-03-10 00:00:00,0.0,-2.1,1021.5,41.0,10.6,0.414773,30.0,18.4
2022-03-10 01:00:00,0.0,-2.7,1022.0,41.0,10.0,0.503476,40.0,24.1
2022-03-10 02:00:00,0.0,-2.8,1022.7,47.0,7.8,0.588923,40.0,16.6
2022-03-10 03:00:00,0.0,-2.8,1023.4,53.0,6.1,0.603819,40.0,14.8
2022-03-10 04:00:00,0.0,-3.3,1024.2,55.0,5.0,0.581695,40.0,13.0
2022-03-10 05:00:00,0.0,-2.7,1024.9,62.0,3.9,0.552503,30.0,13.0
2022-03-10 06:00:00,0.0,-3.3,1025.6,62.0,3.3,0.502858,30.0,7.6
2022-03-10 07:00:00,0.0,-2.8,1026.3,72.0,1.7,0.470912,340.0,9.4
2022-03-10 08:00:00,0.0,-2.8,1026.8,75.0,1.1,0.450409,340.0,7.6
2022-03-10 09:00:00,0.0,-3.2,1027.1,79.0,0.0,0.452958,340.0,9.4
2022-03-10 10:00:00,0.0,-4.0,1027.5,78.0,-0.6,0.470233,320.0,7.6
2022-03-10 11:00:00,0.0,-4.3,1027.2,76.0,-0.6,0.497042,320.0,9.4
2022-03-10 12:00:00,0.0,-5.0,1026.9,78.0,-1.7,0.553777,340.0,11.2
2022-03-10 13:00:00,0.0,-5.0,1027.1,78.0,-1.7,0.636678,340.0,9.4
2022-03-10 14:00:00,0.0,-5.0,1027.6,81.0,-2.2,0.763185,340.0,5.4
2022-03-10 15:00:00,0.0,-5.0,1027.7,78.0,-1.7,0.775663,340.0,5.4
2022-03-10 16:00:00,0.0,-3.3,1028.0,85.0,-1.1,0.644397,0.0,0.0
2022-03-10 17:00:00,0.0,-2.8,1028.6,72.0,1.7,0.514071,0.0,0.0
2022-03-10 18:00:00,0.0,-4.4,1028.8,53.0,4.4,0.407916,0.0,0.0
2022-03-10 19:00:00,0.0,-3.8,1028.9,49.0,6.1,0.354736,90.0,7.6
2022-03-10 20:00:00,0.0,-4.3,1028.7,42.0,7.8,0.391187,90.0,11.2
2022-03-10 21:00:00,0.0,-5.7,1027.9,38.0,7.8,0.329723,140.0,7.6
2022-03-10 22:00:00,0.0,-4.0,1027.6,40.0,8.9,0.320522,34.0,5.4
2022-03-10 23:00:00,0.0,-4.0,1027.2,37.0,10.0,0.370296,120.0,9.4
2022-03-11 00:00:00,0.0,-3.3,1026.6,39.0,10.0,0.482788,120.0,9.4
2022-03-11 01:00:00,0.0,-4.5,1026.7,40.0,8.3,0.533939,90.0,5.4
2022-03-11 02:00:00,0.0,-3.9,1026.3,42.0,8.3,0.589955,0.0,0.0
2022-03-11 03:00:00,0.0,-2.3,1026.6,51.0,7.2,0.597855,0.0,0.0
2022-03-11 04:00:00,0.0,-0.6,1026.7,67.0,5.0,0.587249,0.0,0.0
2022-03-11 05:00:00,0.0,0.6,1027.0,73.0,5.0,0.538924,0.0,0.0
2022-03-11 06:00:00,0.0,0.5,1027.0,76.0,4.4,0.493951,0.0,0.0
2022-03-11 07:00:00,0.0,-0.5,1027.1,76.0,3.3,0.449777,290.0,5.4
2022-03-11 08:00:00,0.0,-0.5,1026.9,73.0,3.9,0.440487,0.0,0.0
2022-03-11 09:00:00,0.0,-0.7,1026.7,78.0,2.8,0.444581,0.0,0.0
2022-03-11 10:00:00,0.0,-1.2,1027.0,88.0,0.6,0.463853,280.0,5.4
2022-03-11 11:00:00,0.0,-1.8,1026.7,88.0,0.0,0.497584,260.0,5.4
2022-03-11 12:00:00,0.0,-2.2,1026.8,89.0,-0.6,0.53672,0.0,0.0
2022-03-11 13:00:00,0.0,-2.2,1026.9,92.0,-1.1,0.605397,0.0,0.0
2022-03-11 14:00:00,0.0,-2.2,1027.2,89.0,-0.6,0.702227,0.0,0.0
2022-03-11 15:00:00,0.0,-2.8,1027.2,92.0,-1.7,0.716338,0.0,0.0
2022-03-11 16:00:00,0.0,-1.1,1027.5,92.0,0.0,0.645233,0.0,0.0
2022-03-11 17:00:00,0.0,-1.1,1027.5,79.0,2.2,0.537379,290.0,5.4
2022-03-11 18:00:00,0.0,0.0,1027.5,70.0,5.0,0.406002,0.0,0.0
2022-03-11 19:00:00,0.0,1.6,1027.2,65.0,7.8,0.350471,0.0,0.0
2022-03-11 20:00:00,0.0,1.8,1026.4,59.0,9.4,0.302057,130.0,7.6
2022-03-11 21:00:00,0.0,2.9,1025.7,59.0,10.6,0.281213,0.0,0.0
2022-03-11 22:00:00,0.0,3.2,1024.6,52.0,12.8,0.335998,210.0,5.4
2022-03-11 23:00:00,0.0,2.3,1023.9,44.0,14.4,0.353712,210.0,9.4
2022-03-12 00:00:00,0.0,0.2,1023.1,35.0,15.6,0.400027,200.0,7.6
2022-03-12 01:00:00,0.0,2.8,1022.7,47.0,13.9,0.448771,200.0,7.6
2022-03-12 02:00:00,0.0,1.0,1022.4,43.0,13.3,0.495497,0.0,0.0
2022-03-12 03:00:00,0.0,2.3,1022.1,61.0,9.4,0.510514,230.0,16.6
2022-03-12 04:00:00,0.0,1.2,1021.8,63.0,7.8,0.487136,250.0,16.6
2022-03-12 05:00:00,0.0,0.6,1021.9,63.0,7.2,0.477181,310.0,5.4
2022-03-12 06:00:00,0.0,0.6,1021.9,65.0,6.7,0.452271,0.0,0.0
2022-03-12 07:00:00,0.0,0.0,1021.8,65.0,6.1,0.41365,270.0,5.4
2022-03-12 08:00:00,0.0,0.0,1021.5,79.0,3.3,0.404826,0.0,0.0
2022-03-12 09:00:00,0.0,-0.6,1021.1,82.0,2.2,0.408732,360.0,5.4
2022-03-12 10:00:00,0.0,-0.7,1020.5,88.0,1.1,0.412257,10.0,5.4
2022-03-12 11:00:00,0.0,-1.0,1019.6,82.0,1.7,0.43573,300.0,7.6
2022-03-12 12:00:00,0.0,-2.2,1018.8,85.0,0.0,0.477715,0.0,0.0
2022-03-12 13:00:00,0.0,-2.8,1018.3,88.0,-1.1,0.535719,0.0,0.0
2022-03-12 14:00:00,0.0,-3.3,1017.7,85.0,-1.1,0.593925,0.0,0.0
2022-03-12 15:00:00,0.0,-2.8,1017.3,92.0,-1.7,0.624917,0.0,0.0
2022-03-12 16:00:00,0.0,-1.6,1016.6,82.0,1.1,0.548797,0.0,0.0
2022-03-12 17:00:00,0.0,-0.5,1015.9,73.0,3.9,0.459714,0.0,0.0
2022-03-12 18:00:00,0.0,0.0,1014.9,65.0,6.1,0.362161,152.0,5.4
2022-03-12 19:00:00,0.0,1.1,1013.2,56.0,9.4,0.292666,0.0,0.0
2022-03-12 20:00:00,0.0,2.2,1011.7,52.0,11.7,0.390891,160.0,7.6
2022-03-12 21:00:00,0.0,2.9,1010.4,51.0,12.8,0.48013,200.0,7.6
2022-03-12 22:00:00,0.3,4.4,1010.5,68.0,10.0,0.489471,210.0,22.3
2022-03-12 23:00:00,0.5,6.0,1009.6,71.0,11.1,0.498494,180.0,18.4
2022-03-13 00:00:00,0.5,6.2,1008.7,77.0,10.0,0.525715,190.0,22.3
2022-03-13 01:00:00,0.8,6.7,1007.6,80.0,10.0,0.539486,160.0,20.5
2022-03-13 02:00:00,1.0,7.2,1007.1,83.0,10.0,0.538134,170.0,27.7
2022-03-13 03:00:00,0.9,7.2,1006.1,86.0,9.4,0.524674,160.0,18.4
2022-03-13 04:00:00,0.8,7.8,1005.5,90.0,9.4,0.507867,170.0,24.1
2022-03-13 05:00:00,0.8,6.7,1006.2,86.0,8.9,0.48097,210.0,25.9
2022-03-13 06:00:00,0.3,4.4,1007.5,79.0,7.8,0.45349,190.0,20.5
2022-03-13 07:00:00,2.0,5.0,1008.3,86.0,7.2,0.418962,180.0,20.5
2022-03-13 08:00:00,1.5,4.4,1008.4,85.0,6.7,0.400801,180.0,18.4
2022-03-13 09:00:00,1.0,4.4,1008.0,85.0,6.7,0.402499,190.0,24.1
2022-03-13 10:00:00,1.8,5.1,1007.7,93.0,6.1,0.400465,180.0,24.1
2022-03-13 11:00:00,0.5,3.9,1007.8,86.0,6.1,0.404868,180.0,27.7
2022-03-13 12:00:00,0.8,3.9,1007.9,89.0,5.6,0.436701,170.0,27.7
2022-03-13 13:00:00,0.8,3.3,1007.6,82.0,6.1,0.472672,170.0,29.5
2022-03-13 14:00:00,0.8,3.9,1007.9,86.0,6.1,0.516373,170.0,22.3
2022-03-13 15:00:00,1.3,5.1,1008.5,93.0,6.1,0.577703,170.0,31.7
2022-03-13 16:00:00,1.3,5.0,1009.4,89.0,6.7,0.613385,170.0,35.3
2022-03-13 17:00:00,0.2,6.1,1012.0,89.0,7.8,0.609162,170.0,27.7
2022-03-13 18:00:00,0.5,6.7,1012.8,93.0,7.8,0.588188,170.0,25.9
2022-03-13 19:00:00,1.0,6.8,1014.3,90.0,8.3,0.588365,170.0,24.1
2022-03-13 20:00:00,3.6,7.2,1015.7,89.0,8.9,0.570134,210.0,24.1
2022-03-13 21:00:00,0.3,8.3,1016.4,89.0,10.0,0.549271,210.0,14.8
2022-03-13 22:00:00,0.3,7.3,1017.4,80.0,10.6,0.554169,240.0,22.3
2022-03-13 23:00:00,0.1,7.3,1018.6,80.0,10.6,0.58389,200.0,24.1
2022-03-14 00:00:00,0.1,6.1,1019.6,80.0,9.4,0.61409,240.0,13.0
2022-03-14 01:00:00,0.2,6.1,1021.0,86.0,8.3,0.621283,190.0,14.8
2022-03-14 02:00:00,0.3,6.1,1021.1,86.0,8.3,0.634663,200.0,14.8
2022-03-14 03:00:00,0.1,5.6,1021.8,83.0,8.3,0.625787,170.0,13.0
2022-03-14 04:00:00,0.0,5.1,1022.5,80.0,8.3,0.56299,180.0,14.8
2022-03-14 05:00:00,0.0,5.1,1023.2,80.0,8.3,0.4865,170.0,16.6
2022-03-14 06:00:00,0.0,5.1,1023.2,80.0,8.3,0.430943,150.0,18.4
2022-03-14 07:00:00,0.3,5.6,1023.2,86.0,7.8,0.406281,160.0,16.6
2022-03-14 08:00:00,0.6,5.6,1023.2,86.0,7.8,0.39508,140.0,11.2
2022-03-14 09:00:00,0.0,5.6,1023.4,83.0,8.3,0.377446,210.0,13.0
2022-03-14 10:00:00,0.2,5.1,1023.1,83.0,7.8,0.38867,260.0,9.4
2022-03-14 11:00:00,0.0,5.1,1022.2,83.0,7.8,0.403504,190.0,7.6
2022-03-14 12:00:00,0.1,5.0,1022.2,86.0,7.2,0.471575,150.0,7.6
2022-03-14 13:00:00,0.5,5.0,1022.0,86.0,7.2,0.541793,0.0,0.0
2022-03-14 14:00:00,0.0,5.7,1021.8,90.0,7.2,0.59728,270.0,5.4
2022-03-14 15:00:00,0.0,6.1,1021.3,96.0,6.7,0.586636,0.0,0.0
2022-03-14 16:00:00,0.0,6.7,1021.4,93.0,7.8,0.584841,0.0,0.0
2022-03-14 17:00:00,0.0,6.2,1021.3,83.0,8.9,0.578466,0.0,0.0
2022-03-14 18:00:00,0.0,6.2,1021.1,83.0,8.9,0.551804,270.0,5.4
2022-03-14 19:00:00,0.0,6.2,1020.3,77.0,10.0,0.523785,100.0,7.6
2022-03-14 20:00:00,0.0,6.7,1019.8,77.0,10.6,0.513219,100.0,7.6
2022-03-14 21:00:00,0.1,5.6,1018.3,66.0,11.7,0.502252,0.0,0.0
2022-03-14 22:00:00,0.3,6.6,1017.8,74.0,11.1,0.49695,0.0,0.0
2022-03-14 23:00:00,0.0,7.2,1017.2,77.0,11.1,0.552725,360.0,7.6
2022-03-15 00:00:00,1.0,6.7,1017.9,77.0,10.6,0.600262,190.0,9.4
2022-03-15 01:00:00,2.5,6.7,1017.7,83.0,9.4,0.607987,130.0,9.4
2022-03-15 02:00:00,2.3,7.2,1017.0,93.0,8.3,0.581632,0.0,0.0
2022-03-15 03:00:00,1.8,7.2,1016.6,93.0,8.3,0.550621,0.0,0.0
2022-03-15 04:00:00,0.8,7.2,1016.8,96.0,7.8,0.499746,0.0,0.0
2022-03-15 05:00:00,0.4,7.2,1016.6,93.0,8.3,0.445669,170.0,7.6
2022-03-15 06:00:00,0.0,7.8,1016.5,90.0,9.4,0.400013,150.0,13.0
2022-03-15 07:00:00,0.0,8.3,1016.1,93.0,9.4,0.377941,150.0,11.2
2022-03-15 08:00:00,1.5,8.3,1015.7,89.0,10.0,0.364413,170.0,5.4
2022-03-15 09:00:00,2.1,8.3,1015.8,89.0,10.0,0.354707,0.0,0.0
2022-03-15 10:00:00,1.3,8.9,1016.8,97.0,9.4,0.355445,220.0,11.2
2022-03-15 11:00:00,0.0,7.2,1017.1,93.0,8.3,0.384044,200.0,11.2
2022-03-15 12:00:00,0.8,7.2,1017.9,93.0,8.3,0.44868,200.0,13.0
2022-03-15 13:00:00,0.8,7.2,1018.2,96.0,7.8,0.513884,0.0,0.0
2022-03-15 14:00:00,0.3,7.2,1018.9,93.0,8.3,0.551043,200.0,11.2
2022-03-15 15:00:00,0.0,6.7,1019.3,93.0,7.8,0.52567,200.0,13.0
2022-03-15 16:00:00,0.2,7.2,1020.3,89.0,8.9,0.470496,200.0,11.2
2022-03-15 17:00:00,0.1,7.8,1021.3,83.0,10.6,0.368023,240.0,14.8
2022-03-15 18:00:00,0.1,7.8,1021.7,77.0,11.7,0.407142,220.0,18.4
2022-03-15 19:00:00,0.0,7.3,1022.3,72.0,12.2,0.396587,250.0,16.6
2022-03-15 20:00:00,0.1,6.2,1022.8,64.0,12.8,0.31536,230.0,29.5
2022-03-15 21:00:00,0.0,6.2,1023.0,62.0,13.3,0.255592,220.0,29.5
2022-03-15 22:00:00,0.0,4.4,1023.2,59.0,12.2,0.252483,230.0,29.5
2022-03-15 23:00:00,0.0,4.4,1023.5,59.0,12.2,0.402947,260.0,24.1
2022-03-16 00:00:00,0.2,5.0,1023.7,66.0,11.1,0.447213,230.0,16.6
2022-03-16 01:00:00,0.3,5.0,1024.4,74.0,9.4,0.496518,250.0,25.9
2022-03-16 02:00:00,0.0,5.1,1024.6,77.0,8.9,0.526973,230.0,13.0
2022-03-16 03:00:00,0.0,5.1,1024.7,83.0,7.8,0.535928,240.0,11.2
2022-03-16 04:00:00,0.0,4.3,1025.3,82.0,7.2,0.505934,240.0,11.2
2022-03-16 05:00:00,0.0,3.9,1025.8,86.0,6.1,0.449741,220.0,13.0
2022-03-16 06:00:00,0.0,3.3,1026.3,89.0,5.0,0.41151,220.0,13.0
2022-03-16 07:00:00,0.0,5.0,1026.9,89.0,6.7,0.389551,210.0,9.4
2022-03-16 08:00:00,0.0,4.0,1026.9,93.0,5.0,0.385163,180.0,7.6
2022-03-16 09:00:00,0.0,3.3,1027.1,89.0,5.0,0.391133,130.0,5.4
2022-03-16 10:00:00,0.0,2.2,1027.6,96.0,2.8,0.412039,200.0,7.6
2022-03-16 11:00:00,0.0,2.9,1027.4,93.0,3.9,0.420524,230.0,7.6
2022-03-16 12:00:00,0.0,3.4,1027.5,93.0,4.4,0.496846,0.0,0.0
2022-03-16 13:00:00,0.0,4.0,1027.8,93.0,5.0,0.566601,40.0,5.4
2022-03-16 14:00:00,0.0,2.9,1028.1,93.0,3.9,0.608331,360.0,5.4
2022-03-16 15:00:00,0.0,2.3,1028.7,93.0,3.3,0.586867,340.0,5.4
2022-03-16 16:00:00,0.0,4.0,1029.1,93.0,5.0,0.477552,300.0,5.4
2022-03-16 17:00:00,0.0,4.4,1029.1,85.0,6.7,0.42985,0.0,0.0
2022-03-16 18:00:00,0.0,5.6,1029.5,83.0,8.3,0.329758,150.0,5.4
2022-03-16 19:00:00,0.0,5.6,1029.0,74.0,10.0,0.268872,150.0,9.4
2022-03-16 20:00:00,0.0,4.3,1028.5,63.0,11.1,0.306702,150.0,7.6
2022-03-16 21:00:00,0.0,4.3,1027.8,63.0,11.1,0.298558,170.0,9.4
2022-03-16 22:00:00,0.0,4.0,1027.3,59.0,11.7,0.289315,0.0,0.0
2022-03-16 23:00:00,0.0,3.2,1026.9,56.0,11.7,0.355288,0.0,0.0
2022-03-17 00:00:00,0.0,2.8,1026.2,49.0,13.3,0.39057,0.0,0.0
2022-03-17 01:00:00,0.0,2.9,1025.4,51.0,12.8,0.45247,290.0,7.6
2022-03-17 02:00:00,0.0,3.2,1025.0,56.0,11.7,0.498326,0.0,0.0
2022-03-17 03:00:00,0.0,4.0,1024.9,69.0,9.4,0.507855,0.0,0.0
2022-03-17 04:00:00,0.0,3.9,1024.9,74.0,8.3,0.466711,0.0,0.0
2022-03-17 05:00:00,0.0,3.3,1024.8,85.0,5.6,0.422174,290.0,5.4
2022-03-17 06:00:00,0.0,3.9,1024.3,89.0,5.6,0.385781,290.0,5.4
2022-03-17 07:00:00,0.0,2.7,1024.1,89.0,4.4,0.368776,300.0,5.4
2022-03-17 08:00:00,0.0,3.4,1023.4,93.0,4.4,0.362852,330.0,9.4
2022-03-17 09:00:00,0.0,2.2,1023.0,96.0,2.8,0.36852,0.0,0.0
2022-03-17 10:00:00,0.0,2.3,1022.7,93.0,3.3,0.391423,0.0,0.0
2022-03-17 11:00:00,0.0,1.8,1022.0,93.0,2.8,0.421112,290.0,7.6
2022-03-17 12:00:00,0.0,1.8,1021.6,93.0,2.8,0.503881,0.0,0.0
2022-03-17 13:00:00,0.0,1.8,1021.6,97.0,2.2,0.58332,240.0,5.4
2022-03-17 14:00:00,0.0,1.8,1021.1,97.0,2.2,0.617256,0.0,0.0
2022-03-17 15:00:00,0.0,2.2,1021.4,96.0,2.8,0.619056,0.0,0.0
2022-03-17 16:00:00,0.0,2.9,1021.4,93.0,3.9,0.605068,0.0,0.0
2022-03-17 17:00:00,0.0,3.9,1021.5,89.0,5.6,0.594791,0.0,0.0
2022-03-17 18:00:00,0.0,5.0,1022.4,89.0,6.7,0.560444,200.0,9.4
2022-03-17 19:00:00,0.0,5.7,1022.6,90.0,7.2,0.53844,230.0,7.6
2022-03-17 20:00:00,0.0,5.6,1022.2,83.0,8.3,0.508418,130.0,7.6
2022-03-17 21:00:00,0.0,5.6,1022.2,77.0,9.4,0.481306,220.0,5.4
2022-03-17 22:00:00,0.0,5.0,1021.8,71.0,10.0,0.497867,220.0,7.6
2022-03-17 23:00:00,0.0,4.9,1021.5,68.0,10.6,0.493797,200.0,22.3
2022-03-18 00:00:00,0.0,6.2,1020.9,74.0,10.6,0.504882,210.0,16.6
2022-03-18 01:00:00,0.0,6.2,1020.7,74.0,10.6,0.550715,180.0,18.4
2022-03-18 02:00:00,0.0,6.2,1020.9,74.0,10.6,0.540441,180.0,9.4
2022-03-18 03:00:00,0.0,6.7,1020.9,80.0,10.0,0.533662,180.0,14.8
2022-03-18 04:00:00,0.0,6.7,1021.3,86.0,8.9,0.494674,210.0,11.2
2022-03-18 05:00:00,0.0,7.2,1021.5,86.0,9.4,0.44794,220.0,9.4
2022-03-18 06:00:00,0.0,7.2,1021.6,86.0,9.4,0.410435,180.0,9.4
2022-03-18 07:00:00,0.0,7.8,1021.4,93.0,8.9,0.379346,170.0,5.4
2022-03-18 08:00:00,0.0,7.8,1021.1,93.0,8.9,0.366652,210.0,7.6
2022-03-18 09:00:00,0.0,7.8,1021.3,93.0,8.9,0.356417,230.0,9.4
2022-03-18 10:00:00,0.0,7.8,1020.9,93.0,8.9,0.354546,200.0,11.2
2022-03-18 11:00:00,0.0,7.2,1020.4,93.0,8.3,0.374077,170.0,11.0
2022-03-18 12:00:00,0.0,7.2,1020.1,89.0,8.9,0.427567,180.0,7.6
2022-03-18 13:00:00,0.0,7.2,1020.4,93.0,8.3,0.474117,190.0,5.4
2022-03-18 14:00:00,0.0,7.2,1020.0,96.0,7.8,0.51793,0.0,0.0
2022-03-18 15:00:00,0.0,6.7,1019.7,93.0,7.8,0.516974,0.0,0.0
2022-03-18 16:00:00,0.0,7.8,1019.7,93.0,8.9,0.51333,0.0,0.0
2022-03-18 17:00:00,0.0,8.4,1019.5,86.0,10.6,0.49042,0.0,0.0
2022-03-18 18:00:00,0.0,7.2,1019.3,74.0,11.7,0.471326,200.0,18.4
2022-03-18 19:00:00,0.0,7.3,1019.0,72.0,12.2,0.478729,200.0,22.3
2022-03-18 20:00:00,0.0,7.9,1018.3,75.0,12.2,0.440968,190.0,13.0
2022-03-18 21:00:00,0.0,7.9,1017.8,72.0,12.8,0.438857,210.0,14.8
2022-03-18 22:00:00,0.0,8.3,1017.1,77.0,12.2,0.437442,270.0,11.2
2022-03-18 23:00:00,0.0,8.4,1016.5,80.0,11.7,0.450947,0.0,0.0
2022-03-19 00:00:00,0.0,8.3,1015.7,77.0,12.2,0.441456,210.0,9.4
2022-03-19 01:00:00,0.0,7.3,1015.1,72.0,12.2,0.463158,210.0,14.8
2022-03-19 02:00:00,0.0,7.2,1014.9,77.0,11.1,0.484668,220.0,9.4
2022-03-19 03:00:00,0.0,6.7,1014.3,77.0,10.6,0.48722,190.0,5.4
2022-03-19 04:00:00,0.0,6.7,1013.8,83.0,9.4,0.458377,170.0,9.4
2022-03-19 05:00:00,0.0,6.2,1013.3,83.0,8.9,0.41842,140.0,5.4
2022-03-19 06:00:00,0.0,6.7,1012.8,83.0,9.4,0.389364,170.0,9.4
2022-03-19 07:00:00,0.0,6.2,1012.4,74.0,10.6,0.359255,190.0,16.6
2022-03-19 08:00:00,0.0,6.7,1012.0,86.0,8.9,0.349101,260.0,7.6
2022-03-19 09:00:00,0.7,6.1,1011.4,80.0,9.4,0.337933,190.0,9.4
2022-03-19 10:00:00,0.8,6.7,1011.3,86.0,8.9,0.342569,190.0,13.0
2022-03-19 11:00:00,0.2,6.8,1010.7,90.0,8.3,0.353685,140.0,13.0
2022-03-19 12:00:00,0.5,7.2,1010.3,93.0,8.3,0.382198,150.0,14.8
2022-03-19 13:00:00,0.5,7.2,1010.9,93.0,8.3,0.418936,290.0,11.2
2022-03-19 14:00:00,0.6,7.2,1011.4,96.0,7.8,0.467095,230.0,11.2
2022-03-19 15:00:00,0.3,6.1,1012.6,89.0,7.8,0.523953,260.0,9.4
2022-03-19 16:00:00,0.1,4.0,1014.0,80.0,7.2,0.465471,270.0,16.6
2022-03-19 17:00:00,0.0,4.0,1014.9,69.0,9.4,0.400527,310.0,11.2
2022-03-19 18:00:00,0.0,4.4,1015.7,68.0,10.0,0.366537,280.0,11.2
2022-03-19 19:00:00,0.0,3.3,1016.5,63.0,10.0,0.428289,290.0,18.4
2022-03-19 20:00:00,0.3,4.0,1017.3,69.0,9.4,0.377947,250.0,13.0
2022-03-19 21:00:00,0.3,3.4,1017.6,61.0,10.6,0.294932,320.0,14.8
2022-03-19 22:00:00,0.0,1.6,1018.0,50.0,11.7,0.261567,270.0,24.1
2022-03-19 23:00:00,0.0,1.1,1018.7,52.0,10.6,0.328451,260.0,22.3
2022-03-20 00:00:00,0.0,0.6,1019.4,52.0,10.0,0.36039,280.0,24.1
2022-03-20 01:00:00,0.0,1.1,1020.2,56.0,9.4,0.450467,260.0,16.6
2022-03-20 02:00:00,0.0,0.0,1021.2,58.0,7.8,0.502305,260.0,13.0
2022-03-20 03:00:00,0.0,0.6,1022.1,70.0,5.6,0.500344,250.0,7.6
2022-03-20 04:00:00,0.0,0.6,1022.6,73.0,5.0,0.48879,260.0,5.4
2022-03-20 05:00:00,0.0,1.6,1023.1,73.0,6.1,0.47445,270.0,14.8
2022-03-20 06:00:00,0.0,1.8,1024.1,86.0,3.9,0.43624,240.0,11.2
2022-03-20 07:00:00,0.0,1.7,1024.4,89.0,3.3,0.422121,220.0,5.4
2022-03-20 08:00:00,0.4,2.3,1024.7,86.0,4.4,0.410781,260.0,11.2
2022-03-20 09:00:00,0.3,2.3,1024.8,93.0,3.3,0.40695,210.0,9.4
2022-03-20 10:00:00,0.0,2.3,1025.2,93.0,3.3,0.405011,170.0,5.4
2022-03-20 11:00:00,0.1,2.9,1025.5,93.0,3.9,0.422885,210.0,14.8
2022-03-20 12:00:00,0.0,1.8,1025.9,93.0,2.8,0.461889,220.0,5.4
2022-03-20 13:00:00,0.0,1.0,1026.1,92.0,2.2,0.503135,100.0,5.4
2022-03-20 14:00:00,0.0,1.8,1026.2,93.0,2.8,0.566437,0.0,0.0
2022-03-20 15:00:00,0.0,2.2,1026.6,96.0,2.8,0.587904,0.0,0.0
2022-03-20 16:00:00,0.0,2.7,1027.3,89.0,4.4,0.574711,0.0,0.0
2022-03-20 17:00:00,0.3,3.3,1027.5,89.0,5.0,0.520827,140.0,5.4
2022-03-20 18:00:00,0.0,3.8,1028.1,82.0,6.7,0.538796,140.0,5.4
2022-03-20 19:00:00,0.0,3.8,1028.2,76.0,7.8,0.524208,210.0,9.4
2022-03-20 20:00:00,0.0,3.8,1028.1,76.0,7.8,0.490153,210.0,16.6
2022-03-20 21:00:00,0.0,3.3,1027.5,68.0,8.9,0.472764,210.0,18.4
2022-03-20 22:00:00,0.0,4.0,1027.7,69.0,9.4,0.490337,200.0,20.5
2022-03-20 23:00:00,0.0,4.3,1028.0,73.0,8.9,0.531235,190.0,18.4
2022-03-21 00:00:00,0.3,4.4,1028.4,79.0,7.8,0.574592,0.0,0.0
2022-03-21 01:00:00,0.2,4.4,1028.1,79.0,7.8,0.574578,190.0,16.6
2022-03-21 02:00:00,0.1,4.3,1028.0,82.0,7.2,0.586524,200.0,9.4
2022-03-21 03:00:00,0.1,3.8,1027.9,82.0,6.7,0.572033,190.0,7.6
2022-03-21 04:00:00,0.0,3.8,1028.2,82.0,6.7,0.523042,0.0,0.0
2022-03-21 05:00:00,0.0,3.8,1028.1,82.0,6.7,0.460012,200.0,9.4
2022-03-21 06:00:00,0.0,3.9,1027.9,86.0,6.1,0.423484,190.0,9.4
2022-03-21 07:00:00,0.2,4.4,1028.1,89.0,6.1,0.394484,90.0,5.4
2022-03-21 08:00:00,0.3,3.9,1028.0,86.0,6.1,0.38618,200.0,7.0
2022-03-21 09:00:00,0.3,3.9,1028.2,86.0,6.1,0.391296,200.0,7.6
2022-03-21 10:00:00,0.3,5.1,1028.0,93.0,6.1,0.395302,130.0,5.4
2022-03-21 11:00:00,0.3,4.4,1027.5,89.0,6.1,0.414773,150.0,7.6
2022-03-21 12:00:00,0.5,4.4,1027.5,89.0,6.1,0.472656,160.0,7.6
2022-03-21 13:00:00,0.5,4.4,1027.4,89.0,6.1,0.532358,160.0,7.6
2022-03-21 14:00:00,0.8,4.4,1027.3,89.0,6.1,0.570883,150.0,9.4
2022-03-21 15:00:00,1.0,4.4,1027.1,89.0,6.1,0.584874,140.0,7.6
2022-03-21 16:00:00,1.0,5.0,1027.3,89.0,6.7,0.595349,170.0,13.0
2022-03-21 17:00:00,1.3,5.6,1027.4,93.0,6.7,0.592945,140.0,14.8
2022-03-21 18:00:00,0.7,6.1,1027.0,93.0,7.2,0.568553,160.0,20.5
2022-03-21 19:00:00,0.3,6.8,1027.6,90.0,8.3,0.544192,160.0,18.4
2022-03-21 20:00:00,0.3,7.8,1027.6,93.0,8.9,0.531087,160.0,20.5
2022-03-21 21:00:00,0.1,7.2,1027.6,86.0,9.4,0.512126,180.0,18.4
2022-03-21 22:00:00,0.1,8.3,1027.6,93.0,9.4,0.505651,180.0,13.0
2022-03-21 23:00:00,0.1,8.3,1027.7,89.0,10.0,0.534935,170.0,14.8
2022-03-22 00:00:00,0.0,8.9,1027.9,93.0,10.0,0.552456,160.0,14.8
2022-03-22 01:00:00,0.0,9.4,1028.0,92.0,10.6,0.548673,150.0,13.0
2022-03-22 02:00:00,0.3,9.4,1027.7,96.0,10.0,0.558904,160.0,11.2
2022-03-22 03:00:00,0.0,9.4,1027.8,96.0,10.0,0.512357,150.0,11.2
2022-03-22 04:00:00,0.0,9.4,1028.2,96.0,10.0,0.471428,0.0,0.0
2022-03-22 05:00:00,0.0,9.4,1028.7,92.0,10.6,0.414336,0.0,0.0
2022-03-22 06:00:00,0.0,9.4,1028.9,92.0,10.6,0.377431,190.0,7.6
2022-03-22 07:00:00,0.0,9.4,1029.3,92.0,10.6,0.358674,0.0,0.0
2022-03-22 08:00:00,0.0,9.4,1029.6,96.0,10.0,0.343303,0.0,0.0
2022-03-22 09:00:00,0.0,9.4,1030.0,96.0,10.0,0.336863,0.0,0.0
2022-03-22 10:00:00,0.0,9.4,1030.0,96.0,10.0,0.335883,220.0,7.6
2022-03-22 11:00:00,0.0,9.4,1029.9,96.0,10.0,0.35194,0.0,0.0
2022-03-22 12:00:00,0.0,9.4,1029.9,96.0,10.0,0.411804,0.0,0.0
2022-03-22 13:00:00,0.0,9.4,1030.0,96.0,10.0,0.448481,60.0,5.4
2022-03-22 14:00:00,0.0,9.4,1030.1,96.0,10.0,0.471804,340.0,5.4
2022-03-22 15:00:00,0.3,10.0,1029.9,96.0,10.6,0.485252,0.0,0.0
2022-03-22 16:00:00,0.0,10.0,1029.9,93.0,11.1,0.463534,20.0,5.4
2022-03-22 17:00:00,0.0,10.6,1029.5,90.0,12.2,0.445227,40.0,7.6
2022-03-22 18:00:00,0.0,10.6,1029.3,90.0,12.2,0.434513,350.0,9.4
2022-03-22 19:00:00,0.0,11.2,1028.9,87.0,13.3,0.385145,40.0,7.6
2022-03-22 20:00:00,0.0,11.8,1027.9,81.0,15.0,0.373496,20.0,11.2
2022-03-22 21:00:00,0.0,12.3,1027.1,78.0,16.1,0.342817,360.0,14.8
2022-03-22 22:00:00,0.0,12.8,1026.1,81.0,16.1,0.280786,330.0,11.2
2022-03-22 23:00:00,0.0,12.3,1025.1,70.0,17.8,0.300513,360.0,9.4
2022-03-23 00:00:00,0.0,12.7,1024.0,70.0,18.3,0.352182,350.0,7.6
2022-03-23 01:00:00,0.0,12.9,1023.2,68.0,18.9,0.41137,40.0,9.4
2022-03-23 02:00:00,0.0,12.7,1022.6,75.0,17.2,0.430901,340.0,5.4
2022-03-23 03:00:00,0.0,12.2,1021.9,75.0,16.7,0.445738,340.0,5.4
2022-03-23 04:00:00,0.0,11.7,1021.6,97.0,12.2,0.407192,0.0,0.0
2022-03-23 05:00:00,0.0,10.0,1021.7,96.0,10.6,0.361733,300.0,5.4
2022-03-23 06:00:00,0.0,11.1,1021.1,100.0,11.1,0.313328,0.0,0.0
2022-03-23 07:00:00,0.0,9.4,1021.0,96.0,10.0,0.300957,340.0,5.4
2022-03-23 08:00:00,0.0,9.4,1020.8,96.0,10.0,0.291226,310.0,9.4
2022-03-23 09:00:00,0.0,8.9,1020.7,93.0,10.0,0.282135,300.0,7.6
2022-03-23 10:00:00,0.0,8.3,1021.0,100.0,8.3,0.289473,0.0,0.0
2022-03-23 11:00:00,0.0,7.8,1020.9,100.0,7.8,0.30765,0.0,0.0
2022-03-23 12:00:00,0.0,8.9,1021.1,93.0,10.0,0.35131,240.0,11.2
2022-03-23 13:00:00,0.0,8.9,1021.3,89.0,10.6,0.404342,230.0,18.4
2022-03-23 14:00:00,0.0,8.9,1021.4,89.0,10.6,0.440509,250.0,9.4
2022-03-23 15:00:00,0.0,8.9,1021.8,89.0,10.6,0.459481,230.0,13.0
2022-03-23 16:00:00,0.0,8.8,1022.3,86.0,11.1,0.425074,230.0,13.0
2022-03-23 17:00:00,0.0,8.9,1022.6,80.0,12.2,0.371296,230.0,14.8
2022-03-23 18:00:00,0.0,7.9,1022.8,67.0,13.9,0.312595,240.0,18.4
2022-03-23 19:00:00,0.0,8.2,1023.2,64.0,15.0,0.394792,260.0,18.4
2022-03-23 20:00:00,0.0,7.9,1024.0,67.0,13.9,0.408102,260.0,20.5
2022-03-23 21:00:00,0.3,9.4,1024.4,80.0,12.8,0.345454,260.0,13.0
2022-03-23 22:00:00,0.3,9.4,1023.8,77.0,13.3,0.370955,200.0,13.0
2022-03-23 23:00:00,0.0,8.9,1023.7,72.0,13.9,0.426119,230.0,11.2
2022-03-24 00:00:00,0.0,8.9,1023.9,72.0,13.9,0.457894,250.0,18.4
2022-03-24 01:00:00,0.0,8.4,1024.1,72.0,13.3,0.459808,240.0,20.5
2022-03-24 02:00:00,0.0,8.9,1024.4,77.0,12.8,0.455328,250.0,13.0
2022-03-24 03:00:00,0.0,7.3,1024.9,80.0,10.6,0.474846,270.0,9.4
2022-03-24 04:00:00,0.0,6.2,1025.5,83.0,8.9,0.444368,0.0,0.0
2022-03-24 05:00:00,0.0,5.6,1026.2,83.0,8.3,0.417694,0.0,0.0
2022-03-24 06:00:00,0.0,5.1,1026.5,93.0,6.1,0.373468,0.0,0.0
2022-03-24 07:00:00,0.0,2.2,1026.6,76.0,6.1,0.357894,350.0,7.6
2022-03-24 08:00:00,0.0,1.7,1026.4,79.0,5.0,0.355272,0.0,0.0
2022-03-24 09:00:00,0.0,2.2,1026.6,100.0,2.2,0.377999,240.0,5.4
2022-03-24 10:00:00,0.0,1.0,1026.5,92.0,2.2,0.394747,340.0,11.2
2022-03-24 11:00:00,0.0,0.5,1026.2,92.0,1.7,0.426188,340.0,11.2
2022-03-24 12:00:00,0.0,-0.1,1025.6,92.0,1.1,0.505509,360.0,7.6
2022-03-24 13:00:00,0.0,-0.6,1025.4,92.0,0.6,0.562483,350.0,9.4
2022-03-24 14:00:00,0.0,-0.7,1025.1,88.0,1.1,0.61048,340.0,11.2
2022-03-24 15:00:00,0.0,-0.7,1024.5,88.0,1.1,0.593453,350.0,7.6
2022-03-24 16:00:00,0.0,2.3,1023.8,89.0,3.9,0.551263,10.0,9.4
2022-03-24 17:00:00,0.0,2.8,1023.7,82.0,5.6,0.465341,320.0,9.4
2022-03-24 18:00:00,0.0,3.8,1022.9,76.0,7.8,0.357974,330.0,14.8
2022-03-24 19:00:00,0.0,4.4,1021.9,68.0,10.0,0.309367,330.0,13.0
2022-03-24 20:00:00,0.0,5.1,1020.6,64.0,11.7,0.232588,350.0,9.4
2022-03-24 21:00:00,0.0,5.0,1020.1,59.0,12.8,0.19729,310.0,9.4
2022-03-24 22:00:00,0.0,6.0,1018.8,57.0,14.4,0.227054,310.0,7.6
2022-03-24 23:00:00,0.0,6.6,1018.1,55.0,15.6,0.326247,270.0,5.4
2022-03-25 00:00:00,0.0,6.6,1017.7,55.0,15.6,0.369843,210.0,5.4
2022-03-25 01:00:00,0.0,8.3,1017.0,62.0,15.6,0.421331,190.0,7.6
2022-03-25 02:00:00,0.0,7.9,1016.8,72.0,12.8,0.438226,170.0,9.4
2022-03-25 03:00:00,0.0,7.2,1016.8,74.0,11.7,0.443728,260.0,5.4
2022-03-25 04:00:00,0.0,7.8,1016.9,80.0,11.1,0.431859,0.0,0.0
2022-03-25 05:00:00,0.0,7.8,1017.0,86.0,10.0,0.379454,0.0,0.0
2022-03-25 06:00:00,0.0,7.2,1017.4,86.0,9.4,0.341654,0.0,0.0
2022-03-25 07:00:00,0.0,7.2,1017.5,89.0,8.9,0.323584,0.0,0.0
2022-03-25 08:00:00,0.0,6.1,1017.7,93.0,7.2,0.314205,0.0,0.0
2022-03-25 09:00:00,0.0,6.7,1017.4,93.0,7.8,0.312147,0.0,0.0
2022-03-25 10:00:00,0.0,4.0,1017.7,80.0,7.2,0.325402,240.0,9.4
2022-03-25 11:00:00,0.0,3.9,1017.7,86.0,6.1,0.344927,230.0,9.4
2022-03-25 12:00:00,0.0,3.8,1017.4,82.0,6.7,0.405251,0.0,0.0
2022-03-25 13:00:00,0.0,3.9,1018.0,86.0,6.1,0.456064,0.0,0.0
2022-03-25 14:00:00,0.0,3.3,1018.4,85.0,5.6,0.489991,0.0,0.0
2022-03-25 15:00:00,0.0,3.3,1018.7,89.0,5.0,0.500033,0.0,0.0
2022-03-25 16:00:00,0.0,4.0,1019.0,80.0,7.2,0.437317,0.0,0.0
2022-03-25 17:00:00,0.0,3.9,1019.5,71.0,8.9,0.364114,240.0,9.4
2022-03-25 18:00:00,0.0,4.5,1019.5,66.0,10.6,0.280616,230.0,14.8
2022-03-25 19:00:00,0.0,5.6,1019.7,69.0,11.1,0.219231,200.0,14.8
2022-03-25 20:00:00,0.0,5.0,1019.6,59.0,12.8,0.209796,170.0,7.6
2022-03-25 21:00:00,0.0,6.0,1018.8,57.0,14.4,0.203855,130.0,9.4
2022-03-25 22:00:00,0.0,0.8,1018.1,38.0,15.0,0.185825,270.0,5.4
2022-03-25 23:00:00,0.0,1.0,1017.6,36.0,16.1,0.282819,130.0,5.4
2022-03-26 00:00:00,0.0,4.3,1017.3,47.0,15.6,0.344882,190.0,9.4
2022-03-26 01:00:00,0.0,5.5,1017.1,53.0,15.0,0.400953,90.0,9.4
2022-03-26 02:00:00,0.0,6.7,1016.8,60.0,14.4,0.415195,0.0,0.0
2022-03-26 03:00:00,0.0,7.2,1016.5,74.0,11.7,0.430859,210.0,7.6
2022-03-26 04:00:00,0.0,7.2,1016.7,83.0,10.0,0.403871,230.0,13.0
2022-03-26 05:00:00,0.0,6.7,1016.7,83.0,9.4,0.371561,0.0,0.0
2022-03-26 06:00:00,0.0,6.2,1016.4,83.0,8.9,0.337032,250.0,5.4
2022-03-26 07:00:00,0.0,6.7,1016.5,86.0,8.9,0.310012,280.0,5.4
2022-03-26 08:00:00,0.0,6.7,1016.6,86.0,8.9,0.298034,270.0,5.4
2022-03-26 09:00:00,0.0,6.7,1016.4,86.0,8.9,0.292333,0.0,0.0
2022-03-26 10:00:00,0.0,7.2,1016.3,89.0,8.9,0.299477,0.0,0.0
2022-03-26 11:00:00,0.0,7.2,1015.9,89.0,8.9,0.299798,0.0,0.0
2022-03-26 12:00:00,0.0,7.8,1015.7,93.0,8.9,0.333166,50.0,5.4
2022-03-26 13:00:00,0.0,7.2,1015.4,89.0,8.9,0.376331,50.0,5.4
2022-03-26 14:00:00,0.0,7.2,1015.5,86.0,9.4,0.430939,0.0,0.0
2022-03-26 15:00:00,0.0,7.8,1015.5,90.0,9.4,0.445475,0.0,0.0
2022-03-26 16:00:00,0.0,8.4,1015.1,86.0,10.6,0.421083,0.0,0.0
2022-03-26 17:00:00,0.0,8.9,1014.5,83.0,11.7,0.326827,150.0,11.2
2022-03-26 18:00:00,0.0,9.4,1014.2,80.0,12.8,0.356052,310.0,5.4
2022-03-26 19:00:00,0.0,9.9,1013.7,77.0,13.9,0.246904,310.0,9.4
2022-03-26 20:00:00,0.0,10.0,1012.9,72.0,15.0,0.251125,0.0,0.0
2022-03-26 21:00:00,0.0,10.5,1012.2,67.0,16.7,0.24663,360.0,7.6
2022-03-26 22:00:00,0.0,10.6,1011.2,65.0,17.2,0.308268,360.0,9.4
2022-03-26 23:00:00,0.0,10.6,1010.4,65.0,17.2,0.320694,360.0,11.2
2022-03-27 00:00:00,0.0,10.6,1009.6,65.0,17.2,0.351573,350.0,9.4
2022-03-27 01:00:00,0.0,10.6,1009.1,65.0,17.2,0.374933,10.0,7.6
2022-03-27 02:00:00,0.0,11.1,1008.5,72.0,16.1,0.401359,360.0,9.4
2022-03-27 03:00:00,0.0,10.6,1008.0,78.0,14.4,0.396965,350.0,7.6
2022-03-27 04:00:00,0.0,10.7,1007.8,81.0,13.9,0.385878,340.0,9.4
2022-03-27 05:00:00,0.0,10.7,1007.0,81.0,13.9,0.362124,340.0,16.6
2022-03-27 06:00:00,0.0,9.9,1006.9,86.0,12.2,0.310616,350.0,5.4
2022-03-27 07:00:00,0.0,8.9,1006.7,93.0,10.0,0.286375,250.0,5.4
2022-03-27 08:00:00,0.0,8.9,1006.3,89.0,10.6,0.275056,0.0,0.0
2022-03-27 09:00:00,0.0,8.3,1006.2,89.0,10.0,0.262711,290.0,7.6
2022-03-27 10:00:00,0.0,8.9,1005.9,93.0,10.0,0.25925,270.0,5.4
2022-03-27 11:00:00,0.0,8.3,1005.9,93.0,9.4,0.26658,0.0,0.0
2022-03-27 12:00:00,0.0,7.2,1005.9,96.0,7.8,0.293835,0.0,0.0
2022-03-27 13:00:00,0.0,7.9,1005.9,97.0,8.3,0.331948,360.0,9.4
2022-03-27 14:00:00,0.0,7.9,1005.8,97.0,8.3,0.377222,0.0,0.0
2022-03-27 15:00:00,0.0,7.9,1006.0,97.0,8.3,0.421892,0.0,0.0
2022-03-27 16:00:00,0.0,8.9,1005.6,97.0,9.4,0.421535,0.0,0.0
2022-03-27 17:00:00,0.0,10.0,1005.6,93.0,11.1,0.372773,0.0,0.0
2022-03-27 18:00:00,0.0,10.7,1005.6,87.0,12.8,0.325382,0.0,0.0
2022-03-27 19:00:00,0.0,11.2,1005.3,78.0,15.0,0.287449,0.0,0.0
2022-03-27 20:00:00,0.0,10.6,1004.7,70.0,16.1,0.213397,0.0,0.0
2022-03-27 21:00:00,0.0,10.7,1004.1,63.0,17.8,0.224224,0.0,0.0
2022-03-27 22:00:00,0.0,11.8,1003.6,68.0,17.8,0.271983,198.0,5.4
2022-03-27 23:00:00,0.0,11.6,1003.2,65.0,18.3,0.353056,0.0,0.0
2022-03-28 00:00:00,0.0,12.2,1002.9,65.0,18.9,0.403459,0.0,0.0
2022-03-28 01:00:00,0.0,12.7,1002.4,70.0,18.3,0.419282,40.0,7.6
2022-03-28 02:00:00,0.0,13.2,1003.0,80.0,16.7,0.44053,190.0,5.4
2022-03-28 03:00:00,0.0,12.7,1002.9,83.0,15.6,0.457336,180.0,7.6
2022-03-28 04:00:00,0.0,11.2,1002.8,75.0,15.6,0.403945,330.0,11.2
2022-03-28 05:00:00,0.0,9.9,1002.8,80.0,13.3,0.343652,220.0,7.6
2022-03-28 06:00:00,0.0,9.4,1003.6,83.0,12.2,0.303181,240.0,16.6
2022-03-28 07:00:00,0.0,8.4,1004.0,80.0,11.7,0.276181,230.0,14.8
2022-03-28 08:00:00,0.0,7.8,1004.6,80.0,11.1,0.265008,0.0,0.0
2022-03-28 09:00:00,0.0,6.0,1004.8,66.0,12.2,0.254033,0.0,0.0
2022-03-28 10:00:00,0.0,6.7,1004.9,80.0,10.0,0.259566,230.0,9.4
2022-03-28 11:00:00,0.0,7.8,1005.3,83.0,10.6,0.273968,220.0,14.8
2022-03-28 12:00:00,0.0,7.8,1005.7,86.0,10.0,0.333189,260.0,9.4
2022-03-28 13:00:00,0.0,7.8,1006.3,86.0,10.0,0.404298,270.0,5.4
2022-03-28 14:00:00,0.0,7.8,1006.8,86.0,10.0,0.444843,0.0,0.0
2022-03-28 15:00:00,0.0,7.8,1007.3,86.0,10.0,0.42666,0.0,0.0
2022-03-28 16:00:00,0.0,8.4,1007.5,86.0,10.6,0.404048,0.0,0.0
2022-03-28 17:00:00,0.0,8.4,1007.9,80.0,11.7,0.352366,0.0,0.0
2022-03-28 18:00:00,0.0,8.9,1008.5,80.0,12.2,0.393328,220.0,7.6
2022-03-28 19:00:00,0.0,8.9,1008.7,72.0,13.9,0.377119,190.0,9.4
2022-03-28 20:00:00,0.0,8.3,1008.9,69.0,13.9,0.35756,230.0,7.6
2022-03-28 21:00:00,0.0,9.0,1009.0,70.0,14.4,0.369359,200.0,11.2
2022-03-28 22:00:00,0.1,9.9,1008.9,77.0,13.9,0.370749,210.0,11.2
2022-03-28 23:00:00,0.2,9.9,1009.2,80.0,13.3,0.415538,240.0,11.2
2022-03-29 00:00:00,0.2,10.6,1010.0,93.0,11.7,0.463352,10.0,7.6
2022-03-29 01:00:00,0.3,10.6,1010.0,90.0,12.2,0.466531,0.0,0.0
2022-03-29 02:00:00,0.3,11.1,1010.4,93.0,12.2,0.452125,230.0,9.4
2022-03-29 03:00:00,0.0,10.0,1011.0,93.0,11.1,0.45378,230.0,11.2
2022-03-29 04:00:00,0.0,8.9,1012.0,89.0,10.6,0.419251,220.0,13.0
2022-03-29 05:00:00,0.0,7.8,1013.1,90.0,9.4,0.373068,240.0,13.0
2022-03-29 06:00:00,0.0,6.8,1013.7,90.0,8.3,0.33586,230.0,11.2
2022-03-29 07:00:00,0.0,6.1,1014.5,93.0,7.2,0.326792,230.0,13.0
2022-03-29 08:00:00,0.0,5.1,1014.9,93.0,6.1,0.315327,240.0,9.4
2022-03-29 09:00:00,0.0,5.1,1015.4,93.0,6.1,0.308365,260.0,11.2
2022-03-29 10:00:00,0.0,4.4,1016.0,96.0,5.0,0.332287,250.0,7.6
2022-03-29 11:00:00,0.0,5.1,1015.9,93.0,6.1,0.37056,290.0,7.6
2022-03-29 12:00:00,0.0,5.1,1016.1,93.0,6.1,0.449124,290.0,5.4
2022-03-29 13:00:00,0.0,5.7,1016.4,97.0,6.1,0.518415,0.0,0.0
2022-03-29 14:00:00,0.0,5.7,1016.6,97.0,6.1,0.545505,270.0,5.4
2022-03-29 15:00:00,0.0,5.6,1017.2,93.0,6.7,0.535543,250.0,7.6
2022-03-29 16:00:00,0.0,5.6,1017.8,93.0,6.7,0.500538,250.0,5.4
2022-03-29 17:00:00,0.0,6.1,1018.0,86.0,8.3,0.4581,0.0,0.0
2022-03-29 18:00:00,0.0,7.2,1018.6,86.0,9.4,0.42139,0.0,0.0
2022-03-29 19:00:00,0.0,7.3,1019.0,80.0,10.6,0.370133,0.0,0.0
2022-03-29 20:00:00,0.0,7.8,1019.0,80.0,11.1,0.318274,0.0,0.0
2022-03-29 21:00:00,0.0,8.3,1019.0,74.0,12.8,0.285441,0.0,0.0
2022-03-29 22:00:00,0.0,9.3,1018.7,74.0,13.9,0.323366,230.0,9.4
2022-03-29 23:00:00,0.0,9.4,1018.3,72.0,14.4,0.326625,190.0,11.2
2022-03-30 00:00:00,0.0,10.0,1018.0,72.0,15.0,0.359979,180.0,9.4
2022-03-30 01:00:00,0.0,9.5,1017.8,67.0,15.6,0.436389,160.0,5.4
2022-03-30 02:00:00,0.0,8.4,1017.8,72.0,13.3,0.468269,240.0,13.0
2022-03-30 03:00:00,0.0,6.0,1018.5,71.0,11.1,0.481738,240.0,20.5
2022-03-30 04:00:00,0.0,5.0,1019.0,74.0,9.4,0.448454,240.0,27.7
2022-03-30 05:00:00,0.0,3.9,1019.6,74.0,8.3,0.39179,250.0,25.9
2022-03-30 06:00:00,0.0,3.8,1020.2,76.0,7.8,0.352581,240.0,24.1
2022-03-30 07:00:00,0.0,3.3,1020.7,79.0,6.7,0.338581,230.0,13.0
2022-03-30 08:00:00,0.0,3.3,1021.6,79.0,6.7,0.333313,250.0,11.2
2022-03-30 09:00:00,0.0,4.4,1022.5,79.0,7.8,0.331866,200.0,9.4
2022-03-30 10:00:00,0.0,3.8,1022.3,76.0,7.8,0.337581,190.0,11.2
2022-03-30 11:00:00,0.0,3.8,1023.0,76.0,7.8,0.364374,220.0,11.2
2022-03-30 12:00:00,0.0,4.0,1022.8,80.0,7.2,0.431564,220.0,11.2
2022-03-30 13:00:00,0.0,4.4,1022.7,79.0,7.8,0.494142,200.0,11.2
2022-03-30 14:00:00,0.0,4.3,1022.9,82.0,7.2,0.532616,200.0,11.2
2022-03-30 15:00:00,0.0,5.1,1023.2,83.0,7.8,0.530908,210.0,11.2
2022-03-30 16:00:00,0.0,5.6,1023.7,86.0,7.8,0.480022,200.0,16.6
2022-03-30 17:00:00,0.0,6.2,1024.1,83.0,8.9,0.399297,210.0,16.6
2022-03-30 18:00:00,0.0,6.2,1024.6,77.0,10.0,0.291043,230.0,14.8
2022-03-30 19:00:00,0.0,4.9,1024.7,68.0,10.6,0.243456,260.0,5.4
2022-03-30 20:00:00,0.0,3.9,1024.8,57.0,12.2,0.244244,260.0,9.4
2022-03-30 21:00:00,0.0,2.9,1024.6,53.0,12.2,0.173391,280.0,9.4
2022-03-30 22:00:00,0.0,2.2,1024.4,47.0,13.3,0.260371,250.0,18.4
2022-03-30 23:00:00,0.0,1.6,1024.2,45.0,13.3,0.268716,270.0,11.2
2022-03-31 00:00:00,0.0,1.2,1024.2,45.0,12.8,0.34121,310.0,22.3
2022-03-31 01:00:00,0.0,2.2,1024.2,52.0,11.7,0.427514,280.0,14.8
2022-03-31 02:00:00,0.0,2.2,1024.3,56.0,10.6,0.475095,280.0,16.6
2022-03-31 03:00:00,0.0,2.9,1024.6,71.0,7.8,0.501094,280.0,9.4
2022-03-31 04:00:00,0.0,2.2,1024.9,73.0,6.7,0.47382,250.0,11.2
2022-03-31 05:00:00,0.0,2.2,1024.9,73.0,6.7,0.416972,280.0,9.4
2022-03-31 06:00:00,0.0,1.8,1025.5,83.0,4.4,0.369902,240.0,14.8
2022-03-31 07:00:00,0.0,2.3,1025.4,89.0,3.9,0.360035,0.0,0.0
2022-03-31 08:00:00,0.0,2.3,1025.3,89.0,3.9,0.379131,280.0,5.4
2022-03-31 09:00:00,0.0,2.3,1025.1,89.0,3.9,0.401821,0.0,0.0
2022-03-31 10:00:00,0.0,2.9,1025.2,93.0,3.9,0.424512,0.0,0.0
2022-03-31 11:00:00,0.0,2.3,1025.1,89.0,3.9,0.447203,310.0,7.6
2022-03-31 12:00:00,0.0,2.3,1024.7,89.0,3.9,0.48461,310.0,5.4
2022-03-31 13:00:00,0.0,2.3,1024.5,89.0,3.9,0.560566,290.0,5.4
2022-03-31 14:00:00,0.0,1.2,1024.7,89.0,2.8,0.601636,320.0,7.6
2022-03-31 15:00:00,0.0,2.3,1024.9,89.0,3.9,0.552662,350.0,5.4
2022-03-31 16:00:00,0.0,3.3,1025.1,85.0,5.6,0.439088,270.0,5.4
2022-03-31 17:00:00,0.0,3.3,1025.1,76.0,7.2,0.343938,260.0,5.4
2022-03-31 18:00:00,0.0,2.7,1024.9,63.0,9.4,0.290935,320.0,7.6
2022-03-31 19:00:00,0.0,2.1,1024.2,54.0,11.1,0.32324,248.0,7.6
2022-03-31 20:00:00,0.0,1.1,1024.2,52.0,10.6,0.333092,0.0,0.0
2022-03-31 21:00:00,0.0,1.6,1023.7,50.0,11.7,0.304333,0.0,0.0
2022-03-31 22:00:00,0.0,2.9,1023.1,53.0,12.2,0.317132,293.0,5.4
2022-03-31 23:00:00,0.0,2.1,1022.7,50.0,12.2,0.374294,0.0,0.0
2022-04-01 00:00:00,0.0,3.2,1022.2,56.0,11.7,0.405022,0.0,0.0
2022-04-01 01:00:00,0.0,4.9,1021.9,68.0,10.6,0.457883,330.0,11.2
2022-04-01 02:00:00,0.0,3.9,1021.4,61.0,11.1,0.469487,340.0,5.4
2022-04-01 03:00:00,0.0,4.3,1021.3,73.0,8.9,0.469348,350.0,9.4
2022-04-01 04:00:00,0.0,5.1,1021.7,77.0,8.9,0.443221,330.0,9.4
2022-04-01 05:00:00,0.0,3.8,1021.8,82.0,6.7,0.397084,300.0,5.4
2022-04-01 06:00:00,0.0,3.3,1021.6,85.0,5.6,0.365723,0.0,0.0
2022-04-01 07:00:00,0.0,3.3,1021.5,89.0,5.0,0.352813,0.0,0.0
2022-04-01 08:00:00,0.0,2.3,1021.7,89.0,3.9,0.369225,290.0,7.6
2022-04-01 09:00:00,0.0,2.2,1021.8,96.0,2.8,0.36678,280.0,5.4
2022-04-01 10:00:00,0.0,2.3,1021.2,93.0,3.3,0.382483,0.0,0.0
2022-04-01 11:00:00,0.0,1.8,1021.4,93.0,2.8,0.422055,300.0,5.4
2022-04-01 12:00:00,0.0,1.0,1021.2,92.0,2.2,0.497343,0.0,0.0
2022-04-01 13:00:00,0.0,0.5,1021.0,92.0,1.7,0.568652,0.0,0.0
2022-04-01 14:00:00,0.0,0.5,1021.3,92.0,1.7,0.606115,310.0,7.6
2022-04-01 15:00:00,0.0,2.2,1021.2,96.0,2.8,0.567897,0.0,0.0
2022-04-01 16:00:00,0.0,3.4,1021.0,93.0,4.4,0.495858,0.0,0.0
2022-04-01 17:00:00,0.0,3.8,1020.9,82.0,6.7,0.356238,0.0,0.0
2022-04-01 18:00:00,0.0,3.9,1021.3,71.0,8.9,0.26026,320.0,5.4
2022-04-01 19:00:00,0.0,3.8,1020.5,63.0,10.6,0.209575,240.0,5.4
2022-04-01 20:00:00,0.0,6.2,1020.1,69.0,11.7,0.196331,0.0,0.0
2022-04-01 21:00:00,0.0,4.4,1019.4,55.0,13.3,0.200853,150.0,9.4
2022-04-01 22:00:00,0.0,6.0,1018.7,57.0,14.4,0.292258,100.0,11.2
2022-04-01 23:00:00,0.0,4.4,1018.1,51.0,14.4,0.3662,240.0,11.2
2022-04-02 00:00:00,0.0,5.5,1017.9,57.0,13.9,0.438535,220.0,18.4
2022-04-02 01:00:00,0.2,4.5,1018.7,66.0,10.6,0.449448,250.0,24.1
2022-04-02 02:00:00,0.0,5.1,1019.0,77.0,8.9,0.463615,220.0,13.0
2022-04-02 03:00:00,0.0,5.6,1019.0,83.0,8.3,0.462146,220.0,13.0
2022-04-02 04:00:00,0.0,5.1,1019.2,80.0,8.3,0.435049,220.0,11.2
2022-04-02 05:00:00,0.3,5.6,1019.8,83.0,8.3,0.404367,240.0,11.2
2022-04-02 06:00:00,0.8,6.1,1020.3,89.0,7.8,0.364825,250.0,11.2
2022-04-02 07:00:00,0.5,5.7,1020.9,90.0,7.2,0.346715,240.0,16.6
2022-04-02 08:00:00,0.0,5.0,1021.5,89.0,6.7,0.327711,230.0,16.6
2022-04-02 09:00:00,0.0,4.0,1022.2,93.0,5.0,0.335106,230.0,13.0
2022-04-02 10:00:00,0.0,3.9,1022.9,89.0,5.6,0.34256,240.0,16.6
2022-04-02 11:00:00,0.3,4.0,1023.4,93.0,5.0,0.36847,230.0,11.2
2022-04-02 12:00:00,0.0,2.9,1023.6,97.0,3.3,0.411142,210.0,11.2
2022-04-02 13:00:00,0.0,4.4,1024.0,92.0,5.6,0.452024,220.0,14.8
2022-04-02 14:00:00,0.0,5.0,1024.6,89.0,6.7,0.504347,230.0,14.8
2022-04-02 15:00:00,0.0,5.0,1025.4,89.0,6.7,0.521698,260.0,7.6
2022-04-02 16:00:00,0.0,5.1,1026.0,83.0,7.8,0.46604,240.0,5.4
2022-04-02 17:00:00,0.1,5.6,1026.2,80.0,8.9,0.37244,180.0,9.4
2022-04-02 18:00:00,0.0,5.0,1026.4,71.0,10.0,0.349254,230.0,7.6
2022-04-02 19:00:00,0.0,4.3,1026.4,63.0,11.1,0.223717,230.0,9.4
2022-04-02 20:00:00,0.0,5.7,1026.1,62.0,12.8,0.188246,150.0,11.2
2022-04-02 21:00:00,0.0,4.4,1025.5,55.0,13.3,0.209441,150.0,14.8
2022-04-02 22:00:00,0.0,3.9,1025.0,53.0,13.3,0.23846,160.0,11.2
2022-04-02 23:00:00,0.0,4.4,1024.4,55.0,13.3,0.263506,130.0,9.4
2022-04-03 00:00:00,0.0,2.2,1023.7,47.0,13.3,0.336906,0.0,0.0
2022-04-03 01:00:00,0.0,3.4,1023.2,49.0,13.9,0.377919,100.0,5.4
2022-04-03 02:00:00,0.0,3.2,1022.7,52.0,12.8,0.42422,50.0,5.4
2022-04-03 03:00:00,0.0,3.8,1022.2,63.0,10.6,0.42675,0.0,0.0
2022-04-03 04:00:00,0.0,3.9,1021.9,74.0,8.3,0.412446,150.0,7.6
2022-04-03 05:00:00,0.0,3.8,1021.9,76.0,7.8,0.38223,330.0,5.4
2022-04-03 06:00:00,0.0,4.0,1021.5,80.0,7.2,0.369116,340.0,5.4
2022-04-03 07:00:00,0.0,3.3,1021.0,89.0,5.0,0.336827,300.0,9.4
2022-04-03 08:00:00,0.0,3.3,1020.3,89.0,5.0,0.328785,330.0,7.6
2022-04-03 09:00:00,0.0,3.3,1019.9,85.0,5.6,0.325296,280.0,5.4
2022-04-03 10:00:00,0.0,3.3,1019.5,89.0,5.0,0.337332,0.0,0.0
2022-04-03 11:00:00,0.0,3.3,1019.2,89.0,5.0,0.348625,0.0,0.0
2022-04-03 12:00:00,0.0,4.0,1019.1,93.0,5.0,0.382158,0.0,0.0
2022-04-03 13:00:00,0.0,4.0,1018.7,93.0,5.0,0.424545,100.0,7.6
2022-04-03 14:00:00,0.0,4.0,1018.9,93.0,5.0,0.479276,0.0,0.0
2022-04-03 15:00:00,0.0,4.4,1018.9,89.0,6.1,0.516913,10.0,5.4
2022-04-03 16:00:00,0.0,5.0,1018.9,86.0,7.2,0.508061,150.0,7.6
2022-04-03 17:00:00,0.0,5.1,1018.6,80.0,8.3,0.429049,140.0,11.2
2022-04-03 18:00:00,0.0,6.2,1018.1,77.0,10.0,0.376852,180.0,13.0
2022-04-03 19:00:00,0.0,5.6,1018.1,69.0,11.1,0.339388,210.0,18.4
2022-04-03 20:00:00,0.0,5.6,1017.5,66.0,11.7,0.436289,190.0,22.3
2022-04-03 21:00:00,0.0,6.6,1016.8,71.0,11.7,0.458545,190.0,22.3
2022-04-03 22:00:00,0.0,6.6,1016.0,71.0,11.7,0.450249,200.0,20.5
2022-04-03 23:00:00,0.3,6.6,1015.1,71.0,11.7,0.479009,200.0,22.3
2022-04-04 00:00:00,0.0,7.2,1014.3,74.0,11.7,0.507334,200.0,14.8
2022-04-04 01:00:00,0.3,6.6,1013.1,71.0,11.7,0.525909,200.0,29.5
2022-04-04 02:00:00,0.0,6.0,1012.1,71.0,11.1,0.539476,210.0,27.7
2022-04-04 03:00:00,0.0,6.2,1011.5,74.0,10.6,0.525241,200.0,29.5
2022-04-04 04:00:00,0.3,6.7,1010.5,83.0,9.4,0.484669,190.0,27.7
2022-04-04 05:00:00,1.4,6.7,1009.2,83.0,9.4,0.4245,180.0,29.5
2022-04-04 06:00:00,0.8,6.7,1007.7,83.0,9.4,0.391934,180.0,29.5
2022-04-04 07:00:00,0.8,7.2,1006.4,86.0,9.4,0.365507,180.0,24.1
2022-04-04 08:00:00,1.0,7.2,1005.0,89.0,8.9,0.356993,180.0,29.5
2022-04-04 09:00:00,3.0,7.2,1003.8,89.0,8.9,0.350288,180.0,38.9
2022-04-04 10:00:00,4.6,7.8,1002.9,90.0,9.4,0.354781,180.0,33.5
2022-04-04 11:00:00,4.6,7.8,1002.5,90.0,9.4,0.375638,190.0,38.9
2022-04-04 12:00:00,3.6,8.3,1002.2,93.0,9.4,0.441544,190.0,35.3
2022-04-04 13:00:00,1.0,8.3,1003.0,89.0,10.0,0.517864,240.0,22.3
2022-04-04 14:00:00,0.8,6.7,1004.2,86.0,8.9,0.553048,250.0,25.9
2022-04-04 15:00:00,0.5,6.7,1004.8,93.0,7.8,0.516226,230.0,9.4
2022-04-04 16:00:00,0.3,6.8,1004.6,90.0,8.3,0.474027,190.0,13.0
2022-04-04 17:00:00,1.0,6.1,1005.8,80.0,9.4,0.365412,250.0,25.9
2022-04-04 18:00:00,0.0,6.0,1006.9,71.0,11.1,0.298483,260.0,35.3
2022-04-04 19:00:00,0.1,5.0,1008.2,66.0,11.1,0.237983,250.0,44.6
2022-04-04 20:00:00,0.0,4.3,1009.2,63.0,11.1,0.211786,250.0,38.9
2022-04-04 21:00:00,0.1,4.4,1010.0,59.0,12.2,0.219056,240.0,46.4
2022-04-04 22:00:00,0.0,2.9,1010.9,57.0,11.1,0.331152,270.0,37.1
2022-04-04 23:00:00,0.3,3.3,1012.9,73.0,7.8,0.395073,250.0,40.7
2022-04-05 00:00:00,0.3,3.4,1013.2,66.0,9.4,0.507496,240.0,37.1
2022-04-05 01:00:00,0.1,3.3,1013.9,73.0,7.8,0.562464,250.0,29.5
2022-04-05 02:00:00,0.0,1.6,1015.1,73.0,6.1,0.576963,230.0,25.9
2022-04-05 03:00:00,0.5,2.9,1016.4,86.0,5.0,0.558925,250.0,27.7
2022-04-05 04:00:00,0.0,2.3,1017.6,89.0,3.9,0.525311,200.0,14.8
2022-04-05 05:00:00,0.0,1.8,1018.4,86.0,3.9,0.473761,170.0,11.2
2022-04-05 06:00:00,0.0,2.8,1019.1,82.0,5.6,0.424204,200.0,18.4
2022-04-05 07:00:00,0.0,2.9,1020.0,86.0,5.0,0.40134,200.0,11.2
2022-04-05 08:00:00,0.5,1.7,1020.8,76.0,5.6,0.389374,220.0,18.4
2022-04-05 09:00:00,0.3,2.2,1021.6,82.0,5.0,0.387641,210.0,14.8
2022-04-05 10:00:00,0.0,1.8,1022.6,86.0,3.9,0.414605,190.0,14.8
2022-04-05 11:00:00,0.5,1.7,1023.6,79.0,5.0,0.445546,220.0,9.4
2022-04-05 12:00:00,0.0,1.7,1024.4,89.0,3.3,0.524918,180.0,13.0
2022-04-05 13:00:00,0.0,1.7,1025.3,89.0,3.3,0.612861,210.0,11.2
2022-04-05 14:00:00,0.0,1.2,1026.7,86.0,3.3,0.634999,250.0,16.6
2022-04-05 15:00:00,0.0,2.7,1027.7,89.0,4.4,0.564053,210.0,9.4
2022-04-05 16:00:00,0.0,3.3,1028.7,82.0,6.1,0.437715,190.0,7.6
2022-04-05 17:00:00,0.0,3.3,1029.5,71.0,8.3,0.357514,330.0,7.6
2022-04-05 18:00:00,2.0,2.2,1030.4,79.0,5.6,0.364463,330.0,25.9
2022-04-05 19:00:00,1.0,4.3,1030.3,76.0,8.3,0.330097,100.0,9.4
2022-04-05 20:00:00,0.8,4.4,1030.8,79.0,7.8,0.206077,60.0,9.4
2022-04-05 21:00:00,0.0,2.8,1030.3,61.0,10.0,0.206783,279.0,9.4
2022-04-05 22:00:00,0.0,2.1,1030.3,54.0,11.1,0.225419,281.0,5.4
2022-04-05 23:00:00,0.0,2.1,1029.9,50.0,12.2,0.303002,310.0,7.6
2022-04-06 00:00:00,0.0,1.2,1029.9,45.0,12.8,0.354323,310.0,9.4
2022-04-06 01:00:00,0.0,0.5,1029.8,48.0,11.1,0.434697,250.0,5.4
2022-04-06 02:00:00,0.0,0.0,1029.8,48.0,10.6,0.477783,310.0,11.2
2022-04-06 03:00:00,0.0,0.0,1030.1,56.0,8.3,0.495842,340.0,9.4
2022-04-06 04:00:00,0.0,0.0,1030.7,58.0,7.8,0.467202,0.0,0.0
2022-04-06 05:00:00,0.0,1.1,1031.2,73.0,5.6,0.422163,310.0,7.6
2022-04-06 06:00:00,0.0,0.6,1031.3,79.0,3.9,0.38087,310.0,7.6
2022-04-06 07:00:00,0.0,0.5,1031.5,85.0,2.8,0.367894,0.0,0.0
2022-04-06 08:00:00,0.0,0.0,1031.6,82.0,2.8,0.370187,340.0,11.2
2022-04-06 09:00:00,0.0,-0.1,1031.7,85.0,2.2,0.385276,340.0,11.2
2022-04-06 10:00:00,0.0,-0.6,1031.2,85.0,1.7,0.400432,350.0,9.4
2022-04-06 11:00:00,0.0,-1.1,1031.1,85.0,1.1,0.440942,350.0,9.4
2022-04-06 12:00:00,0.0,-1.1,1030.7,85.0,1.1,0.537144,340.0,9.4
2022-04-06 13:00:00,0.0,-1.1,1030.3,85.0,1.1,0.633009,350.0,11.2
2022-04-06 14:00:00,0.0,-1.0,1030.2,82.0,1.7,0.644653,350.0,11.2
2022-04-06 15:00:00,0.0,0.0,1030.4,82.0,2.8,0.546746,340.0,13.0
2022-04-06 16:00:00,0.0,1.1,1030.3,73.0,5.6,0.439066,350.0,16.6
2022-04-06 17:00:00,0.0,1.6,1030.1,65.0,7.8,0.337079,340.0,16.6
2022-04-06 18:00:00,0.0,1.7,1029.9,54.0,10.6,0.266709,360.0,13.0
2022-04-06 19:00:00,0.0,1.6,1029.5,50.0,11.7,0.224568,0.0,0.0
2022-04-06 20:00:00,0.0,2.8,1029.0,49.0,13.3,0.200933,340.0,11.2
2022-04-06 21:00:00,0.0,3.8,1028.4,49.0,14.4,0.179426,330.0,13.0
2022-04-06 22:00:00,0.0,3.8,1027.5,44.0,16.1,0.208887,340.0,9.4
2022-04-06 23:00:00,0.0,4.0,1026.8,40.0,17.8,0.251152,60.0,9.4
2022-04-07 00:00:00,0.0,2.7,1026.0,34.0,18.9,0.320116,10.0,13.0
2022-04-07 01:00:00,0.0,4.5,1025.6,40.0,18.3,0.400449,20.0,11.2
2022-04-07 02:00:00,0.0,5.5,1025.2,46.0,17.2,0.44666,10.0,11.2
2022-04-07 03:00:00,0.0,4.4,1024.9,55.0,13.3,0.453785,360.0,11.2
2022-04-07 04:00:00,0.0,4.3,1025.0,63.0,11.1,0.439046,350.0,11.2
2022-04-07 05:00:00,0.0,3.8,1025.2,63.0,10.6,0.368916,350.0,9.4
2022-04-07 06:00:00,0.0,2.8,1025.1,61.0,10.0,0.322324,350.0,11.2
2022-04-07 07:00:00,0.0,2.3,1024.9,61.0,9.4,0.317038,350.0,11.2
2022-04-07 08:00:00,0.0,2.2,1024.9,63.0,8.9,0.301209,350.0,11.2
2022-04-07 09:00:00,0.0,1.6,1024.9,65.0,7.8,0.300298,350.0,9.4
2022-04-07 10:00:00,0.0,1.1,1024.6,65.0,7.2,0.308006,350.0,9.4
2022-04-07 11:00:00,0.0,1.2,1024.3,68.0,6.7,0.343638,340.0,13.0
2022-04-07 12:00:00,0.0,1.0,1024.3,70.0,6.1,0.418653,350.0,11.2
2022-04-07 13:00:00,0.0,1.0,1024.0,70.0,6.1,0.504785,340.0,11.2
2022-04-07 14:00:00,0.0,1.1,1024.1,73.0,5.6,0.54955,350.0,11.2
2022-04-07 15:00:00,0.0,1.7,1024.2,63.0,8.3,0.483875,350.0,13.0
2022-04-07 16:00:00,0.0,2.9,1024.3,57.0,11.1,0.357555,360.0,13.0
2022-04-07 17:00:00,0.0,2.9,1023.9,46.0,14.4,0.27872,10.0,9.4
2022-04-07 18:00:00,0.0,3.4,1023.5,44.0,15.6,0.208886,356.0,5.4
2022-04-07 19:00:00,0.0,4.4,1023.0,41.0,17.8,0.159894,0.0,0.0
2022-04-07 20:00:00,0.0,5.1,1021.9,39.0,19.4,0.144224,350.0,5.4
2022-04-07 21:00:00,0.0,6.6,1021.0,39.0,21.1,0.169206,2.0,5.4
2022-04-07 22:00:00,0.0,6.5,1020.0,35.0,22.8,0.206848,0.0,0.0
2022-04-07 23:00:00,0.0,8.2,1018.9,42.0,21.7,0.259365,0.0,0.0
2022-04-08 00:00:00,0.0,9.3,1018.1,41.0,23.3,0.343341,0.0,0.0
2022-04-08 01:00:00,0.0,9.6,1017.2,43.0,22.8,0.379146,0.0,0.0
2022-04-08 02:00:00,0.0,9.0,1017.0,49.0,20.0,0.402839,220.0,7.6
2022-04-08 03:00:00,0.0,8.9,1017.0,58.0,17.2,0.392951,240.0,13.0
2022-04-08 04:00:00,0.0,7.3,1017.5,56.0,16.1,0.386767,230.0,16.6
2022-04-08 05:00:00,0.0,6.1,1018.2,53.0,15.6,0.339037,220.0,22.3
2022-04-08 06:00:00,0.0,4.4,1018.9,51.0,14.4,0.295567,230.0,22.3
2022-04-08 07:00:00,0.0,3.4,1019.5,51.0,13.3,0.276154,240.0,24.1
2022-04-08 08:00:00,0.0,-0.7,1020.5,41.0,12.2,0.266605,240.0,20.5
2022-04-08 09:00:00,0.0,-0.1,1021.6,46.0,11.1,0.266798,220.0,24.1
2022-04-08 10:00:00,0.4,7.2,1022.2,77.0,11.1,0.267482,220.0,22.3
2022-04-08 11:00:00,0.3,8.4,1022.8,86.0,10.6,0.284787,230.0,16.6
2022-04-08 12:00:00,0.0,8.3,1023.0,89.0,10.0,0.338475,210.0,14.8
2022-04-08 13:00:00,0.0,7.8,1023.8,86.0,10.0,0.385077,240.0,20.5
2022-04-08 14:00:00,0.0,3.9,1024.9,74.0,8.3,0.419917,240.0,20.5
2022-04-08 15:00:00,0.0,3.8,1025.7,76.0,7.8,0.409863,200.0,11.2
2022-04-08 16:00:00,0.0,5.6,1026.1,77.0,9.4,0.371715,200.0,14.8
2022-04-08 17:00:00,0.0,4.5,1026.6,66.0,10.6,0.367679,260.0,20.5
2022-04-08 18:00:00,0.0,4.4,1027.1,61.0,11.7,0.305005,240.0,25.9
2022-04-08 19:00:00,0.0,4.0,1027.1,55.0,12.8,0.18244,290.0,22.3
2022-04-08 20:00:00,0.0,3.2,1026.8,52.0,12.8,0.17831,240.0,24.1
2022-04-08 21:00:00,0.0,4.0,1026.7,55.0,12.8,0.307645,290.0,31.7
2022-04-08 22:00:00,0.3,4.4,1028.0,68.0,10.0,0.309781,280.0,31.7
2022-04-08 23:00:00,0.0,5.6,1027.6,71.0,10.6,0.293356,240.0,18.4
2022-04-09 00:00:00,0.0,4.9,1028.0,68.0,10.6,0.349894,280.0,22.3
2022-04-09 01:00:00,0.0,3.3,1028.0,63.0,10.0,0.391238,260.0,16.6
2022-04-09 02:00:00,0.0,3.3,1028.2,68.0,8.9,0.421087,240.0,20.5
2022-04-09 03:00:00,0.0,2.8,1028.4,76.0,6.7,0.439976,240.0,16.6
2022-04-09 04:00:00,0.0,2.2,1029.2,76.0,6.1,0.432855,240.0,11.2
2022-04-09 05:00:00,0.0,2.2,1030.0,82.0,5.0,0.408251,220.0,11.2
2022-04-09 06:00:00,0.0,2.3,1030.2,86.0,4.4,0.3785,220.0,13.0
2022-04-09 07:00:00,0.0,1.8,1030.1,86.0,3.9,0.360225,240.0,11.2
2022-04-09 08:00:00,0.0,1.8,1030.4,93.0,2.8,0.35815,240.0,9.4
2022-04-09 09:00:00,0.0,1.8,1030.3,93.0,2.8,0.353819,250.0,11.2
2022-04-09 10:00:00,0.0,1.8,1030.6,93.0,2.8,0.368559,240.0,9.4
2022-04-09 11:00:00,0.0,2.3,1030.5,93.0,3.3,0.392021,0.0,0.0
2022-04-09 12:00:00,0.0,1.7,1030.6,89.0,3.3,0.438827,0.0,0.0
2022-04-09 13:00:00,0.0,1.0,1030.6,92.0,2.2,0.483491,290.0,5.4
2022-04-09 14:00:00,0.0,-0.1,1030.6,92.0,1.1,0.544024,250.0,7.6
2022-04-09 15:00:00,0.0,2.3,1030.6,93.0,3.3,0.549043,0.0,0.0
2022-04-09 16:00:00,0.0,2.8,1030.4,82.0,5.6,0.438872,240.0,9.4
2022-04-09 17:00:00,0.0,3.3,1030.2,73.0,7.8,0.448019,240.0,9.4
2022-04-09 18:00:00,0.1,3.3,1030.0,73.0,7.8,0.320908,240.0,18.4
2022-04-09 19:00:00,0.1,2.3,1029.6,61.0,9.4,0.288297,290.0,9.4
2022-04-09 20:00:00,0.3,2.3,1029.1,61.0,9.4,0.22199,290.0,18.4
2022-04-09 21:00:00,0.0,1.6,1028.4,52.0,11.1,0.269387,270.0,22.3
2022-04-09 22:00:00,0.0,0.0,1028.1,48.0,10.6,0.288304,270.0,13.0
2022-04-09 23:00:00,0.0,0.6,1027.9,52.0,10.0,0.283006,300.0,24.1
2022-04-10 00:00:00,0.0,-1.0,1027.6,50.0,8.9,0.352862,260.0,24.1
2022-04-10 01:00:00,0.0,1.2,1027.3,63.0,7.8,0.444788,270.0,25.9
2022-04-10 02:00:00,0.0,1.1,1026.9,65.0,7.2,0.483879,270.0,16.6
2022-04-10 03:00:00,0.0,1.7,1026.1,79.0,5.0,0.502095,230.0,16.6
2022-04-10 04:00:00,0.1,2.2,1025.5,82.0,5.0,0.464294,220.0,16.6
2022-04-10 05:00:00,0.3,2.9,1024.5,86.0,5.0,0.44029,210.0,14.8
2022-04-10 06:00:00,0.8,2.9,1022.8,86.0,5.0,0.408332,190.0,20.5
2022-04-10 07:00:00,2.8,3.3,1022.6,89.0,5.0,0.39294,200.0,22.3
2022-04-10 08:00:00,0.5,3.3,1022.3,89.0,5.0,0.371365,230.0,16.6
2022-04-10 09:00:00,0.0,3.3,1022.2,89.0,5.0,0.362883,210.0,9.4
2022-04-10 10:00:00,0.0,2.2,1021.8,82.0,5.0,0.371214,200.0,13.0
2022-04-10 11:00:00,0.0,1.8,1021.9,83.0,4.4,0.384173,220.0,11.2
2022-04-10 12:00:00,0.0,1.8,1021.7,83.0,4.4,0.425028,220.0,14.8
2022-04-10 13:00:00,0.0,1.7,1021.7,79.0,5.0,0.471557,240.0,16.6
2022-04-10 14:00:00,0.1,2.3,1021.4,86.0,4.4,0.532323,220.0,13.0
2022-04-10 15:00:00,0.1,2.3,1021.2,86.0,4.4,0.553732,210.0,9.4
2022-04-10 16:00:00,0.3,2.2,1020.9,82.0,5.0,0.509569,210.0,9.4
2022-04-10 17:00:00,0.0,2.2,1020.8,79.0,5.6,0.521369,220.0,13.0
2022-04-10 18:00:00,0.0,2.3,1020.4,71.0,7.2,0.465184,240.0,14.8
2022-04-10 19:00:00,0.0,2.8,1020.0,76.0,6.7,0.458169,220.0,20.5
2022-04-10 20:00:00,0.1,2.8,1019.3,76.0,6.7,0.426093,220.0,16.6
2022-04-10 21:00:00,0.2,2.7,1018.7,79.0,6.1,0.454149,260.0,18.4
2022-04-10 22:00:00,0.2,2.8,1017.8,76.0,6.7,0.474908,240.0,18.4
2022-04-10 23:00:00,0.3,2.8,1016.6,76.0,6.7,0.533107,220.0,13.0
2022-04-11 00:00:00,0.5,3.3,1015.4,82.0,6.1,0.57656,240.0,7.6
2022-04-11 01:00:00,0.8,3.3,1013.8,85.0,5.6,0.604807,0.0,0.0
2022-04-11 02:00:00,2.0,3.3,1012.2,89.0,5.0,0.587883,60.0,5.4
2022-04-11 03:00:00,2.0,4.0,1009.9,93.0,5.0,0.605084,70.0,7.6
2022-04-11 04:00:00,2.0,4.0,1008.0,97.0,4.4,0.545559,50.0,9.4
2022-04-11 05:00:00,3.0,2.9,1006.1,93.0,3.9,0.489742,340.0,11.2
2022-04-11 06:00:00,3.6,0.7,1003.7,97.0,1.1,0.437941,330.0,18.4
2022-04-11 07:00:00,2.8,0.0,1000.6,96.0,0.6,0.426901,350.0,18.4
2022-04-11 08:00:00,2.5,0.7,997.3,97.0,1.1,0.420591,330.0,16.6
2022-04-11 09:00:00,3.8,0.0,995.5,96.0,0.6,0.436671,340.0,27.7
2022-04-11 10:00:00,1.5,0.0,995.1,96.0,0.6,0.454586,310.0,24.1
2022-04-11 11:00:00,0.8,0.5,996.2,92.0,1.7,0.494878,290.0,14.8
2022-04-11 12:00:00,0.3,1.0,996.9,92.0,2.2,0.565318,220.0,11.2
2022-04-11 13:00:00,0.3,0.6,998.0,89.0,2.2,0.65305,240.0,18.4
2022-04-11 14:00:00,0.0,0.6,999.4,89.0,2.2,0.696092,240.0,25.9
2022-04-11 15:00:00,0.0,0.5,1000.6,85.0,2.8,0.693191,240.0,14.8
2022-04-11 16:00:00,0.0,0.5,1001.6,85.0,2.8,0.653177,240.0,22.3
2022-04-11 17:00:00,0.0,1.7,1002.0,89.0,3.3,0.581919,230.0,22.3
2022-04-11 18:00:00,0.0,1.7,1002.9,79.0,5.0,0.583694,240.0,18.4
2022-04-11 19:00:00,0.1,2.2,1004.0,82.0,5.0,0.56247,260.0,18.4
2022-04-11 20:00:00,0.2,2.7,1004.9,79.0,6.1,0.455575,270.0,13.0
2022-04-11 21:00:00,0.3,2.3,1005.8,71.0,7.2,0.45755,330.0,16.6
2022-04-11 22:00:00,1.0,2.9,1007.0,74.0,7.2,0.533197,360.0,13.0
2022-04-11 23:00:00,0.1,2.9,1007.9,71.0,7.8,0.48141,300.0,16.6
2022-04-12 00:00:00,0.0,1.8,1008.3,61.0,8.9,0.482311,280.0,25.9
2022-04-12 01:00:00,0.0,0.1,1008.9,54.0,8.9,0.513145,300.0,16.6
2022-04-12 02:00:00,0.0,1.2,1009.7,61.0,8.3,0.563548,290.0,16.6
2022-04-12 03:00:00,0.0,0.6,1010.5,65.0,6.7,0.585158,270.0,18.4
2022-04-12 04:00:00,0.0,0.1,1011.5,76.0,3.9,0.546356,240.0,14.8
2022-04-12 05:00:00,0.0,0.1,1012.2,76.0,3.9,0.498983,270.0,13.0
2022-04-12 06:00:00,0.0,0.7,1013.0,83.0,3.3,0.444246,240.0,13.0
2022-04-12 07:00:00,0.5,0.5,1014.3,76.0,4.4,0.42664,270.0,13.0
2022-04-12 08:00:00,0.3,1.8,1014.4,93.0,2.8,0.425182,160.0,7.6
2022-04-12 09:00:00,0.0,1.2,1014.5,89.0,2.8,0.429974,190.0,13.0
2022-04-12 10:00:00,0.5,1.7,1014.8,89.0,3.3,0.444166,220.0,13.0
2022-04-12 11:00:00,0.3,1.8,1014.7,93.0,2.8,0.47608,180.0,11.2
2022-04-12 12:00:00,0.3,1.8,1015.1,93.0,2.8,0.571284,220.0,9.4
2022-04-12 13:00:00,0.8,1.0,1015.2,92.0,2.2,0.65265,200.0,9.4
2022-04-12 14:00:00,0.3,0.6,1015.5,89.0,2.2,0.683575,190.0,16.6
2022-04-12 15:00:00,0.5,1.2,1015.9,89.0,2.8,0.668866,170.0,14.8
2022-04-12 16:00:00,0.0,2.3,1016.1,86.0,4.4,0.586166,200.0,13.0
2022-04-12 17:00:00,0.0,1.7,1016.4,79.0,5.0,0.556178,170.0,16.6
2022-04-12 18:00:00,0.3,2.2,1016.5,79.0,5.6,0.533223,190.0,22.3
2022-04-12 19:00:00,1.0,2.2,1017.0,76.0,6.1,0.539771,200.0,22.3
2022-04-12 20:00:00,0.8,3.3,1017.0,85.0,5.6,0.533398,220.0,9.4
2022-04-12 21:00:00,0.3,2.2,1017.3,79.0,5.6,0.394815,220.0,29.5
2022-04-12 22:00:00,0.3,3.3,1017.3,82.0,6.1,0.371765,280.0,24.1
2022-04-12 23:00:00,0.4,2.2,1016.7,73.0,6.7,0.478094,250.0,29.5
2022-04-13 00:00:00,0.3,2.2,1016.5,79.0,5.6,0.542495,240.0,11.2
2022-04-13 01:00:00,0.0,2.2,1016.1,79.0,5.6,0.623086,270.0,5.4
2022-04-13 02:00:00,1.8,2.3,1016.3,89.0,3.9,0.622587,250.0,14.8
2022-04-13 03:00:00,0.5,1.7,1015.8,89.0,3.3,0.624679,190.0,13.0
2022-04-13 04:00:00,0.3,2.3,1015.8,89.0,3.9,0.582311,190.0,9.4
2022-04-13 05:00:00,1.5,1.8,1015.4,93.0,2.8,0.508284,0.0,0.0
2022-04-13 06:00:00,2.4,1.7,1014.8,89.0,3.3,0.472273,150.0,18.4
2022-04-13 07:00:00,0.3,1.8,1014.5,93.0,2.8,0.455112,150.0,9.4
2022-04-13 08:00:00,0.8,1.8,1014.0,93.0,2.8,0.451937,170.0,9.0
2022-04-13 09:00:00,1.0,1.8,1013.9,93.0,2.8,0.463016,170.0,9.4
2022-04-13 10:00:00,0.5,0.6,1013.5,89.0,2.2,0.474595,0.0,0.0
2022-04-13 11:00:00,0.1,1.0,1013.5,92.0,2.2,0.500143,0.0,0.0
2022-04-13 12:00:00,0.0,1.0,1014.0,92.0,2.2,0.59054,220.0,13.0
2022-04-13 13:00:00,0.2,0.0,1015.0,96.0,0.6,0.678839,210.0,11.2
2022-04-13 14:00:00,0.3,0.0,1014.5,96.0,0.6,0.725781,140.0,9.4
2022-04-13 15:00:00,0.5,0.5,1015.8,92.0,1.7,0.699077,180.0,7.6
2022-04-13 16:00:00,0.8,1.0,1016.0,92.0,2.2,0.610902,160.0,14.8
2022-04-13 17:00:00,0.1,2.3,1015.8,86.0,4.4,0.543019,160.0,18.4
2022-04-13 18:00:00,0.0,2.7,1016.0,79.0,6.1,0.528056,180.0,20.5
2022-04-13 19:00:00,0.2,2.2,1016.4,79.0,5.6,0.366378,270.0,16.6
2022-04-13 20:00:00,0.1,2.3,1016.1,68.0,7.8,0.304397,240.0,22.3
2022-04-13 21:00:00,0.1,2.1,1016.0,65.0,8.3,0.345155,270.0,20.5
2022-04-13 22:00:00,0.0,1.8,1015.5,59.0,9.4,0.398138,270.0,14.8
2022-04-13 23:00:00,0.0,2.3,1015.3,61.0,9.4,0.443541,200.0,22.3
2022-04-14 00:00:00,0.0,1.7,1014.9,63.0,8.3,0.512979,220.0,18.4
2022-04-14 01:00:00,0.0,2.1,1014.9,65.0,8.3,0.528163,230.0,14.8
2022-04-14 02:00:00,0.0,-1.8,1014.5,49.0,8.3,0.54237,280.0,14.8
2022-04-14 03:00:00,0.0,-1.1,1014.3,60.0,6.1,0.581009,280.0,11.2
2022-04-14 04:00:00,0.0,-0.5,1014.4,76.0,3.3,0.556366,210.0,5.4
2022-04-14 05:00:00,0.0,-1.1,1014.4,73.0,3.3,0.512593,0.0,0.0
2022-04-14 06:00:00,0.0,-1.1,1014.0,79.0,2.2,0.458434,0.0,0.0
2022-04-14 07:00:00,0.0,-1.1,1013.8,85.0,1.1,0.461537,0.0,0.0
2022-04-14 08:00:00,0.0,-1.8,1013.8,88.0,0.0,0.463134,270.0,7.6
2022-04-14 09:00:00,0.0,-1.8,1013.8,88.0,0.0,0.476649,270.0,5.4
2022-04-14 10:00:00,0.0,-2.2,1013.6,89.0,-0.6,0.508029,290.0,7.6
2022-04-14 11:00:00,0.0,-2.2,1013.4,89.0,-0.6,0.555406,0.0,0.0
2022-04-14 12:00:00,0.0,-1.7,1013.4,92.0,-0.6,0.651982,0.0,0.0
2022-04-14 13:00:00,0.0,-1.2,1013.6,96.0,-0.6,0.729702,0.0,0.0
2022-04-14 14:00:00,0.0,-2.2,1014.0,92.0,-1.1,0.763553,0.0,0.0
2022-04-14 15:00:00,0.0,-0.6,1014.2,96.0,0.0,0.712922,0.0,0.0
2022-04-14 16:00:00,0.0,1.2,1014.5,89.0,2.8,0.597613,310.0,5.4
2022-04-14 17:00:00,0.0,2.2,1014.6,82.0,5.0,0.442728,240.0,5.4
2022-04-14 18:00:00,0.0,2.8,1014.4,76.0,6.7,0.381598,240.0,11.2
2022-04-14 19:00:00,0.0,1.6,1014.2,65.0,7.8,0.306488,210.0,18.4
2022-04-14 20:00:00,0.1,2.7,1014.2,68.0,8.3,0.414522,210.0,13.0
2022-04-14 21:00:00,0.3,2.2,1014.4,79.0,5.6,0.394792,220.0,9.4
2022-04-14 22:00:00,0.0,1.6,1014.0,65.0,7.8,0.42688,220.0,13.0
2022-04-14 23:00:00,4.1,3.3,1014.0,73.0,7.8,0.427131,200.0,18.4
2022-04-15 00:00:00,0.5,1.6,1014.0,70.0,6.7,0.476855,210.0,13.0
2022-04-15 01:00:00,0.3,2.3,1014.1,68.0,7.8,0.490738,40.0,9.4
2022-04-15 02:00:00,0.0,2.3,1014.1,68.0,7.8,0.535449,20.0,18.4
2022-04-15 03:00:00,0.0,-0.6,1014.8,67.0,5.0,0.561793,290.0,16.6
2022-04-15 04:00:00,0.0,0.0,1015.8,79.0,3.3,0.541663,260.0,7.6
2022-04-15 05:00:00,0.0,0.6,1016.5,89.0,2.2,0.510568,130.0,9.4
2022-04-15 06:00:00,0.0,1.1,1017.0,96.0,1.7,0.479205,100.0,7.6
2022-04-15 07:00:00,0.0,0.5,1017.1,92.0,1.7,0.466449,0.0,0.0
2022-04-15 08:00:00,0.0,0.0,1017.6,96.0,0.6,0.469333,0.0,0.0
2022-04-15 09:00:00,0.0,-0.6,1017.9,92.0,0.6,0.477403,0.0,0.0
2022-04-15 10:00:00,0.0,-1.7,1018.2,96.0,-1.1,0.500333,0.0,0.0
2022-04-15 11:00:00,0.0,-1.2,1018.6,96.0,-0.6,0.535455,0.0,0.0
2022-04-15 12:00:00,0.0,-2.2,1018.8,92.0,-1.1,0.626893,0.0,0.0
2022-04-15 13:00:00,0.0,-2.8,1018.9,96.0,-2.2,0.698958,0.0,0.0
2022-04-15 14:00:00,0.0,-3.3,1019.4,92.0,-2.2,0.733404,0.0,0.0
2022-04-15 15:00:00,0.0,-1.7,1019.8,96.0,-1.1,0.688391,340.0,7.6
2022-04-15 16:00:00,0.0,0.6,1020.0,100.0,0.6,0.608307,0.0,0.0
2022-04-15 17:00:00,0.0,1.1,1020.6,100.0,1.1,0.523645,0.0,0.0
2022-04-15 18:00:00,0.0,1.7,1020.6,89.0,3.3,0.412668,0.0,0.0
2022-04-15 19:00:00,0.0,2.8,1020.3,76.0,6.7,0.305268,0.0,0.0
2022-04-15 20:00:00,0.0,0.6,1019.5,56.0,8.9,0.307405,0.0,0.0
2022-04-15 21:00:00,0.0,-0.5,1018.9,50.0,9.4,0.222024,160.0,7.6
2022-04-15 22:00:00,0.0,0.0,1018.7,48.0,10.6,0.294791,345.0,7.6
2022-04-15 23:00:00,0.0,-1.7,1017.7,41.0,11.1,0.302091,0.0,0.0
2022-04-16 00:00:00,0.0,-4.1,1016.7,33.0,11.7,0.349548,70.0,7.6
2022-04-16 01:00:00,0.0,-3.8,1015.7,35.0,11.1,0.415499,100.0,7.6
2022-04-16 02:00:00,0.0,-4.2,1015.1,34.0,11.1,0.452256,0.0,0.0
2022-04-16 03:00:00,0.0,-4.3,1014.6,39.0,8.9,0.497644,0.0,0.0
2022-04-16 04:00:00,0.0,-1.8,1014.7,57.0,6.1,0.494418,340.0,14.8
2022-04-16 05:00:00,0.0,-0.6,1014.6,67.0,5.0,0.473238,340.0,14.8
2022-04-16 06:00:00,0.0,-0.5,1014.2,73.0,3.9,0.434796,350.0,7.6
2022-04-16 07:00:00,0.0,-0.5,1013.6,76.0,3.3,0.413461,350.0,9.4
2022-04-16 08:00:00,0.0,-0.7,1012.7,78.0,2.8,0.407624,350.0,13.0
2022-04-16 09:00:00,0.0,-0.5,1011.9,76.0,3.3,0.403781,340.0,11.2
2022-04-16 10:00:00,0.0,-0.5,1011.0,76.0,3.3,0.395997,340.0,11.2
2022-04-16 11:00:00,0.0,-1.1,1010.5,79.0,2.2,0.426848,340.0,7.6
2022-04-16 12:00:00,0.0,-1.6,1010.3,85.0,0.6,0.498681,280.0,7.6
2022-04-16 13:00:00,0.0,-1.8,1010.0,88.0,0.0,0.559388,330.0,7.6
2022-04-16 14:00:00,0.0,-1.8,1010.3,88.0,0.0,0.602196,280.0,7.6
2022-04-16 15:00:00,0.0,-0.6,1010.9,92.0,0.6,0.567171,250.0,9.4
2022-04-16 16:00:00,0.0,0.5,1011.2,76.0,4.4,0.469741,0.0,0.0
2022-04-16 17:00:00,0.0,1.2,1011.8,68.0,6.7,0.353154,190.0,7.6
2022-04-16 18:00:00,0.0,0.6,1012.4,54.0,9.4,0.29708,190.0,13.0
2022-04-16 19:00:00,0.0,0.0,1012.8,50.0,10.0,0.482014,210.0,14.8
2022-04-16 20:00:00,0.0,1.0,1015.0,70.0,6.1,0.36544,250.0,37.1
2022-04-16 21:00:00,0.5,3.9,1015.8,74.0,8.3,0.271473,270.0,27.7
2022-04-16 22:00:00,0.0,2.3,1017.1,68.0,7.8,0.30923,260.0,31.7
2022-04-16 23:00:00,0.0,1.7,1017.7,63.0,8.3,0.382056,270.0,16.6
2022-04-17 00:00:00,0.0,2.3,1018.4,71.0,7.2,0.401054,260.0,20.5
2022-04-17 01:00:00,0.0,1.1,1019.1,58.0,8.9,0.481097,260.0,22.3
2022-04-17 02:00:00,0.0,1.6,1019.9,65.0,7.8,0.499812,270.0,14.8
2022-04-17 03:00:00,0.0,1.0,1020.8,70.0,6.1,0.523496,260.0,16.6
2022-04-17 04:00:00,0.0,1.1,1021.9,73.0,5.6,0.519647,270.0,11.2
2022-04-17 05:00:00,0.0,0.5,1022.8,85.0,2.8,0.483924,220.0,11.2
2022-04-17 06:00:00,0.0,1.2,1023.4,86.0,3.3,0.46066,220.0,11.2
2022-04-17 07:00:00,0.0,0.6,1024.1,89.0,2.2,0.431736,0.0,0.0
2022-04-17 08:00:00,0.0,1.7,1024.1,89.0,3.3,0.413425,0.0,0.0
2022-04-17 09:00:00,0.0,1.8,1024.4,86.0,3.9,0.407606,40.0,5.4
2022-04-17 10:00:00,0.0,1.7,1024.7,89.0,3.3,0.426063,10.0,5.4
2022-04-17 11:00:00,0.0,0.6,1024.8,89.0,2.2,0.451314,330.0,5.4
2022-04-17 12:00:00,0.0,-0.1,1024.6,92.0,1.1,0.515627,10.0,5.4
2022-04-17 13:00:00,0.0,-0.6,1024.5,92.0,0.6,0.579175,350.0,5.4
2022-04-17 14:00:00,0.0,-0.6,1024.9,96.0,0.0,0.640118,360.0,9.4
2022-04-17 15:00:00,0.0,1.0,1024.5,92.0,2.2,0.611625,340.0,7.6
2022-04-17 16:00:00,0.0,2.9,1024.8,86.0,5.0,0.562637,340.0,9.4
2022-04-17 17:00:00,0.0,2.7,1024.3,79.0,6.1,0.445891,340.0,9.4
2022-04-17 18:00:00,0.0,3.3,1024.0,71.0,8.3,0.391076,350.0,11.2
2022-04-17 19:00:00,0.0,1.6,1023.3,56.0,10.0,0.35399,90.0,7.6
2022-04-17 20:00:00,0.0,1.1,1022.6,50.0,11.1,0.313955,81.0,7.6
2022-04-17 21:00:00,0.0,-0.5,1021.9,43.0,11.7,0.342451,200.0,7.6
2022-04-17 22:00:00,0.0,0.0,1021.2,43.0,12.2,0.389597,200.0,7.6
2022-04-17 23:00:00,0.0,0.6,1020.2,45.0,12.2,0.433246,130.0,9.4
2022-04-18 00:00:00,0.0,0.6,1019.5,45.0,12.2,0.47666,220.0,9.4
2022-04-18 01:00:00,0.0,2.1,1019.0,54.0,11.1,0.494807,250.0,11.2
2022-04-18 02:00:00,0.0,0.6,1018.3,50.0,10.6,0.511196,280.0,9.4
2022-04-18 03:00:00,0.0,2.8,1017.8,61.0,10.0,0.531916,0.0,0.0
2022-04-18 04:00:00,0.0,2.1,1016.9,65.0,8.3,0.505336,340.0,13.0
2022-04-18 05:00:00,0.0,2.9,1016.7,71.0,7.8,0.432956,30.0,7.6
2022-04-18 06:00:00,0.0,2.3,1016.4,68.0,7.8,0.38286,340.0,7.6
2022-04-18 07:00:00,0.0,3.8,1015.8,82.0,6.7,0.365377,260.0,7.6
2022-04-18 08:00:00,0.0,3.3,1015.4,76.0,7.2,0.359087,0.0,0.0
2022-04-18 09:00:00,0.0,3.8,1014.6,82.0,6.7,0.35191,0.0,0.0
2022-04-18 10:00:00,0.0,3.9,1013.9,86.0,6.1,0.362334,0.0,0.0
2022-04-18 11:00:00,0.0,3.9,1012.9,86.0,6.1,0.396096,70.0,7.6
2022-04-18 12:00:00,0.0,3.9,1012.1,86.0,6.1,0.46493,0.0,0.0
2022-04-18 13:00:00,0.0,3.8,1011.3,82.0,6.7,0.53632,360.0,5.4
2022-04-18 14:00:00,0.5,4.4,1010.5,85.0,6.7,0.576116,360.0,7.6
2022-04-18 15:00:00,0.3,5.1,1009.8,93.0,6.1,0.562069,350.0,5.4
2022-04-18 16:00:00,0.3,5.6,1008.8,93.0,6.7,0.564228,350.0,9.4
2022-04-18 17:00:00,1.8,6.1,1007.8,93.0,7.2,0.569675,350.0,5.4
2022-04-18 18:00:00,1.3,6.7,1006.8,93.0,7.8,0.577511,0.0,0.0
2022-04-18 19:00:00,1.3,6.8,1005.6,90.0,8.3,0.533636,110.0,5.4
2022-04-18 20:00:00,0.3,7.2,1004.0,89.0,8.9,0.504881,300.0,5.4
2022-04-18 21:00:00,0.8,7.8,1003.2,90.0,9.4,0.500903,350.0,9.4
2022-04-18 22:00:00,0.8,8.4,1002.7,86.0,10.6,0.518648,160.0,13.0
2022-04-18 23:00:00,1.8,5.6,1004.5,83.0,8.3,0.577962,250.0,29.5
2022-04-19 00:00:00,0.0,4.0,1006.3,80.0,7.2,0.519783,230.0,24.1
2022-04-19 01:00:00,0.0,4.0,1008.1,80.0,7.2,0.51087,230.0,11.2
2022-04-19 02:00:00,0.0,3.3,1009.1,76.0,7.2,0.559697,230.0,22.3
2022-04-19 03:00:00,0.0,2.8,1009.3,82.0,5.6,0.56165,240.0,9.4
2022-04-19 04:00:00,0.0,3.3,1010.1,85.0,5.6,0.522229,200.0,9.4
2022-04-19 05:00:00,0.3,3.9,1010.5,86.0,6.1,0.465046,180.0,20.5
2022-04-19 06:00:00,0.5,4.4,1010.6,89.0,6.1,0.418404,190.0,11.2
2022-04-19 07:00:00,0.3,3.9,1010.6,89.0,5.6,0.406456,190.0,20.5
2022-04-19 08:00:00,0.0,3.3,1010.9,85.0,5.6,0.398148,180.0,22.3
2022-04-19 09:00:00,0.0,2.9,1011.3,86.0,5.0,0.39571,180.0,13.0
2022-04-19 10:00:00,0.0,2.3,1011.5,89.0,3.9,0.409636,0.0,0.0
2022-04-19 11:00:00,0.3,2.7,1011.4,89.0,4.4,0.435342,230.0,7.6
2022-04-19 12:00:00,0.5,3.3,1011.8,89.0,5.0,0.523695,190.0,9.4
2022-04-19 13:00:00,2.5,3.4,1011.6,93.0,4.4,0.588683,210.0,7.6
2022-04-19 14:00:00,0.5,3.3,1011.5,89.0,5.0,0.612938,0.0,0.0
2022-04-19 15:00:00,0.5,4.0,1011.5,93.0,5.0,0.602988,110.0,5.4
2022-04-19 16:00:00,1.3,4.4,1011.5,92.0,5.6,0.590762,0.0,0.0
2022-04-19 17:00:00,1.3,4.4,1011.5,92.0,5.6,0.587583,360.0,7.6
2022-04-19 18:00:00,1.8,5.1,1011.8,93.0,6.1,0.566126,40.0,5.4
2022-04-19 19:00:00,1.0,5.0,1011.9,89.0,6.7,0.538965,90.0,7.6
2022-04-19 20:00:00,0.5,5.0,1011.7,86.0,7.2,0.509272,160.0,11.2
2022-04-19 21:00:00,0.3,5.6,1011.6,86.0,7.8,0.443523,190.0,14.8
2022-04-19 22:00:00,0.3,5.1,1011.8,77.0,8.9,0.452296,200.0,16.6
2022-04-19 23:00:00,0.0,4.3,1012.0,73.0,8.9,0.438006,210.0,9.4
2022-04-20 00:00:00,0.0,5.6,1011.5,74.0,10.0,0.533167,220.0,7.6
2022-04-20 01:00:00,0.0,5.6,1011.9,77.0,9.4,0.525314,220.0,7.6
2022-04-20 02:00:00,0.0,6.1,1012.0,80.0,9.4,0.534108,0.0,0.0
2022-04-20 03:00:00,0.0,6.1,1011.8,89.0,7.8,0.531166,130.0,7.6
2022-04-20 04:00:00,0.2,6.1,1012.0,89.0,7.8,0.507556,160.0,7.6
2022-04-20 05:00:00,0.3,6.1,1012.0,93.0,7.2,0.452608,100.0,5.4
2022-04-20 06:00:00,0.0,6.8,1012.0,97.0,7.2,0.400567,120.0,9.4
2022-04-20 07:00:00,0.0,5.7,1011.6,97.0,6.1,0.38661,130.0,7.6
2022-04-20 08:00:00,0.0,4.4,1011.0,96.0,5.0,0.378133,120.0,5.4
2022-04-20 09:00:00,0.0,4.4,1010.9,96.0,5.0,0.38514,300.0,5.4
2022-04-20 10:00:00,0.0,4.0,1010.0,97.0,4.4,0.40274,60.0,5.4
2022-04-20 11:00:00,0.0,3.9,1009.0,100.0,3.9,0.428919,0.0,0.0
2022-04-20 12:00:00,0.0,3.3,1008.3,96.0,3.9,0.497508,0.0,0.0
2022-04-20 13:00:00,0.0,3.9,1006.0,100.0,3.9,0.581741,0.0,0.0
2022-04-20 14:00:00,0.0,4.0,1006.1,93.0,5.0,0.605204,350.0,9.4
2022-04-20 15:00:00,0.0,5.6,1005.2,100.0,5.6,0.606592,20.0,7.6
2022-04-20 16:00:00,0.5,5.1,1005.1,93.0,6.1,0.600637,39.0,6.5
2022-04-20 17:00:00,0.8,5.1,1004.7,93.0,6.1,0.588483,0.0,0.0
2022-04-20 18:00:00,2.0,5.0,1004.5,89.0,6.7,0.56906,0.0,0.0
2022-04-20 19:00:00,1.8,5.7,1004.0,90.0,7.2,0.537903,360.0,9.4
2022-04-20 20:00:00,0.5,6.1,1003.4,86.0,8.3,0.487524,60.0,7.6
2022-04-20 21:00:00,0.3,7.8,1003.1,86.0,10.0,0.433592,140.0,16.6
2022-04-20 22:00:00,0.0,6.6,1003.2,71.0,11.7,0.442515,190.0,29.5
2022-04-20 23:00:00,0.0,6.6,1003.7,71.0,11.7,0.482984,180.0,25.9
2022-04-21 00:00:00,0.6,7.2,1004.0,77.0,11.1,0.486223,180.0,20.5
2022-04-21 01:00:00,0.0,7.8,1004.0,77.0,11.7,0.513367,170.0,16.6
2022-04-21 02:00:00,0.0,7.2,1003.7,77.0,11.1,0.520567,150.0,16.6
2022-04-21 03:00:00,0.2,6.7,1003.0,80.0,10.0,0.532873,140.0,16.6
2022-04-21 04:00:00,0.0,6.2,1002.7,83.0,8.9,0.501649,0.0,0.0
2022-04-21 05:00:00,0.0,5.6,1002.2,80.0,8.9,0.428358,140.0,13.0
2022-04-21 06:00:00,0.5,6.1,1001.5,86.0,8.3,0.38951,90.0,11.2
2022-04-21 07:00:00,2.8,6.7,1002.0,93.0,7.8,0.367763,0.0,0.0
2022-04-21 08:00:00,1.8,6.1,1002.1,89.0,7.8,0.35933,130.0,13.0
2022-04-21 09:00:00,0.3,6.1,1002.6,89.0,7.8,0.361866,140.0,13.0
2022-04-21 10:00:00,0.1,5.6,1002.9,86.0,7.8,0.373649,160.0,14.8
2022-04-21 11:00:00,0.0,5.6,1003.7,86.0,7.8,0.402009,180.0,27.7
2022-04-21 12:00:00,0.0,5.0,1005.0,86.0,7.2,0.473215,190.0,20.5
2022-04-21 13:00:00,0.5,5.7,1005.5,90.0,7.2,0.550731,190.0,24.1
2022-04-21 14:00:00,0.3,5.6,1006.4,93.0,6.7,0.566664,100.0,7.6
2022-04-21 15:00:00,0.0,5.1,1007.3,83.0,7.8,0.49751,160.0,16.6
2022-04-21 16:00:00,0.0,5.6,1007.9,80.0,8.9,0.473729,170.0,22.3
2022-04-21 17:00:00,0.0,6.2,1008.6,77.0,10.0,0.480428,180.0,14.8
2022-04-21 18:00:00,0.0,5.0,1009.0,66.0,11.1,0.431585,170.0,27.7
2022-04-21 19:00:00,0.1,6.0,1009.1,66.0,12.2,0.477219,190.0,14.8
2022-04-21 20:00:00,0.1,4.9,1009.8,68.0,10.6,0.391321,250.0,25.9
2022-04-21 21:00:00,0.3,6.0,1009.6,71.0,11.1,0.369846,230.0,7.6
2022-04-21 22:00:00,1.0,7.2,1010.4,86.0,9.4,0.379638,270.0,11.2
2022-04-21 23:00:00,0.8,6.7,1010.9,80.0,10.0,0.447236,250.0,9.4
2022-04-22 00:00:00,0.0,6.2,1011.1,74.0,10.6,0.416243,250.0,7.6
2022-04-22 01:00:00,0.0,5.6,1011.1,69.0,11.1,0.46557,300.0,7.6
2022-04-22 02:00:00,0.0,6.2,1011.7,74.0,10.6,0.484619,50.0,7.6
2022-04-22 03:00:00,0.0,5.6,1011.9,77.0,9.4,0.516814,70.0,5.4
2022-04-22 04:00:00,1.8,5.6,1013.0,83.0,8.3,0.490505,210.0,20.5
2022-04-22 05:00:00,1.8,6.1,1013.3,89.0,7.8,0.421488,360.0,7.6
2022-04-22 06:00:00,0.0,6.7,1013.5,93.0,7.8,0.395014,350.0,7.6
2022-04-22 07:00:00,0.0,6.7,1014.0,93.0,7.8,0.371719,310.0,7.6
2022-04-22 08:00:00,0.0,6.1,1014.2,93.0,7.2,0.36503,330.0,7.6
2022-04-22 09:00:00,0.0,5.6,1014.4,93.0,6.7,0.362595,340.0,5.4
2022-04-22 10:00:00,0.0,4.4,1014.8,96.0,5.0,0.37283,0.0,0.0
2022-04-22 11:00:00,0.0,4.0,1015.6,97.0,4.4,0.395405,0.0,0.0
2022-04-22 12:00:00,0.0,4.4,1016.3,96.0,5.0,0.461783,0.0,0.0
2022-04-22 13:00:00,0.0,5.7,1016.7,97.0,6.1,0.515219,0.0,0.0
2022-04-22 14:00:00,0.0,4.4,1017.3,100.0,4.4,0.553656,0.0,0.0
2022-04-22 15:00:00,0.0,5.0,1018.1,96.0,5.6,0.525809,0.0,0.0
2022-04-22 16:00:00,0.0,5.7,1018.9,97.0,6.1,0.499531,230.0,5.4
2022-04-22 17:00:00,0.0,6.1,1019.2,96.0,6.7,0.380484,140.0,5.4
2022-04-22 18:00:00,0.0,6.7,1019.6,83.0,9.4,0.250101,0.0,0.0
2022-04-22 19:00:00,0.0,7.9,1020.0,75.0,12.2,0.19396,80.0,5.4
2022-04-22 20:00:00,0.0,7.2,1020.0,64.0,13.9,0.282799,80.0,5.4
2022-04-22 21:00:00,0.3,7.9,1020.2,72.0,12.8,0.314669,260.0,16.6
2022-04-22 22:00:00,1.3,8.9,1020.4,83.0,11.7,0.198468,200.0,11.2
2022-04-22 23:00:00,0.0,6.8,1020.6,58.0,15.0,0.229065,0.0,0.0
2022-04-23 00:00:00,0.0,7.3,1020.8,60.0,15.0,0.294749,0.0,0.0
2022-04-23 01:00:00,0.0,6.8,1021.1,58.0,15.0,0.378311,0.0,0.0
2022-04-23 02:00:00,0.0,4.9,1021.5,53.0,14.4,0.400939,300.0,13.0
2022-04-23 03:00:00,0.0,6.0,1022.0,71.0,11.1,0.41878,260.0,11.2
2022-04-23 04:00:00,0.0,5.0,1022.8,71.0,10.0,0.404947,250.0,7.6
2022-04-23 05:00:00,0.0,4.3,1023.7,76.0,8.3,0.373564,240.0,5.4
2022-04-23 06:00:00,0.0,5.1,1024.1,80.0,8.3,0.348176,300.0,5.4
2022-04-23 07:00:00,0.0,4.0,1024.5,93.0,5.0,0.322984,250.0,11.2
2022-04-23 08:00:00,0.0,4.4,1025.4,89.0,6.1,0.317009,300.0,5.4
2022-04-23 09:00:00,0.0,4.0,1025.9,93.0,5.0,0.318288,0.0,0.0
2022-04-23 10:00:00,0.0,2.9,1025.8,93.0,3.9,0.340869,340.0,7.6
2022-04-23 11:00:00,0.0,2.9,1026.4,93.0,3.9,0.364383,320.0,5.4
2022-04-23 12:00:00,0.0,2.2,1027.1,96.0,2.8,0.413008,350.0,9.4
2022-04-23 13:00:00,0.0,1.1,1027.1,96.0,1.7,0.464171,0.0,0.0
2022-04-23 14:00:00,0.0,1.1,1027.4,96.0,1.7,0.506682,0.0,0.0
2022-04-23 15:00:00,0.0,3.4,1028.1,93.0,4.4,0.517881,340.0,5.4
2022-04-23 16:00:00,0.0,4.4,1028.2,85.0,6.7,0.413297,0.0,0.0
2022-04-23 17:00:00,0.0,6.1,1028.3,86.0,8.3,0.320074,0.0,0.0
2022-04-23 18:00:00,0.0,7.2,1028.2,77.0,11.1,0.242696,0.0,0.0
2022-04-23 19:00:00,0.0,7.3,1028.0,69.0,12.8,0.200904,145.0,5.4
2022-04-23 20:00:00,0.0,6.7,1027.6,62.0,13.9,0.160904,0.0,0.0
2022-04-23 21:00:00,0.0,5.5,1027.0,51.0,15.6,0.164529,0.0,0.0
2022-04-23 22:00:00,0.0,3.2,1026.4,42.0,16.1,0.168681,0.0,0.0
2022-04-23 23:00:00,0.0,1.6,1025.7,35.0,17.2,0.231841,0.0,0.0
2022-04-24 00:00:00,0.0,2.4,1025.1,37.0,17.2,0.293161,110.0,5.4
2022-04-24 01:00:00,0.0,3.5,1024.5,40.0,17.2,0.358805,110.0,7.6
2022-04-24 02:00:00,0.0,4.5,1024.2,46.0,16.1,0.395752,120.0,7.6
2022-04-24 03:00:00,0.0,6.7,1024.1,60.0,14.4,0.414461,120.0,5.4
2022-04-24 04:00:00,0.0,4.0,1024.4,59.0,11.7,0.40407,0.0,0.0
2022-04-24 05:00:00,0.0,4.4,1024.6,71.0,9.4,0.362338,280.0,5.4
2022-04-24 06:00:00,0.0,5.0,1024.6,71.0,10.0,0.321748,320.0,7.6
2022-04-24 07:00:00,0.0,5.0,1024.2,86.0,7.2,0.306233,0.0,0.0
2022-04-24 08:00:00,0.0,4.4,1024.1,89.0,6.1,0.291392,360.0,5.4
2022-04-24 09:00:00,0.0,3.9,1024.0,89.0,5.6,0.287422,0.0,0.0
2022-04-24 10:00:00,0.0,2.9,1023.7,97.0,3.3,0.30252,280.0,5.4
2022-04-24 11:00:00,0.0,2.9,1023.3,93.0,3.9,0.324815,0.0,0.0
2022-04-24 12:00:00,0.0,2.2,1023.1,96.0,2.8,0.376604,0.0,0.0
2022-04-24 13:00:00,0.0,2.2,1022.9,96.0,2.8,0.424384,0.0,0.0
2022-04-24 14:00:00,0.0,2.9,1022.9,97.0,3.3,0.445085,0.0,0.0
2022-04-24 15:00:00,0.0,4.4,1023.0,96.0,5.0,0.422379,0.0,0.0
2022-04-24 16:00:00,0.0,6.1,1022.9,86.0,8.3,0.368867,0.0,0.0
2022-04-24 17:00:00,0.0,6.2,1022.6,77.0,10.0,0.292042,0.0,0.0
2022-04-24 18:00:00,0.0,6.6,1022.2,66.0,12.8,0.213347,30.0,5.4
2022-04-24 19:00:00,0.0,7.9,1022.1,67.0,13.9,0.184407,260.0,5.4
2022-04-24 20:00:00,0.0,7.9,1021.4,60.0,15.6,0.157628,0.0,0.0
2022-04-24 21:00:00,0.0,8.9,1020.8,56.0,17.8,0.15355,130.0,5.4
2022-04-24 22:00:00,0.0,8.8,1020.0,52.0,18.9,0.182074,130.0,5.4
2022-04-24 23:00:00,0.0,7.8,1019.2,47.0,19.4,0.26468,250.0,11.2
2022-04-25 00:00:00,0.0,9.0,1018.7,49.0,20.0,0.328751,240.0,9.4
2022-04-25 01:00:00,0.0,5.2,1018.4,42.0,18.3,0.404962,260.0,20.5
2022-04-25 02:00:00,0.0,3.2,1018.2,42.0,16.1,0.42973,250.0,20.5
2022-04-25 03:00:00,0.0,4.9,1018.2,53.0,14.4,0.463156,250.0,20.5
2022-04-25 04:00:00,0.0,6.6,1018.9,64.0,13.3,0.436085,260.0,18.4
2022-04-25 05:00:00,0.0,7.8,1019.2,77.0,11.7,0.370052,230.0,9.4
2022-04-25 06:00:00,0.0,7.8,1019.2,86.0,10.0,0.31736,200.0,11.2
2022-04-25 07:00:00,0.0,7.8,1019.2,80.0,11.1,0.29186,180.0,14.8
2022-04-25 08:00:00,0.0,7.2,1019.3,86.0,9.4,0.27538,200.0,11.2
2022-04-25 09:00:00,0.0,8.8,1019.1,86.0,11.1,0.26901,180.0,9.4
2022-04-25 10:00:00,0.2,8.8,1018.9,86.0,11.1,0.267452,210.0,11.2
2022-04-25 11:00:00,0.1,8.9,1018.8,89.0,10.6,0.292787,250.0,9.4
2022-04-25 12:00:00,0.0,9.4,1019.0,92.0,10.6,0.343621,210.0,11.2
2022-04-25 13:00:00,0.3,9.4,1018.9,92.0,10.6,0.416515,220.0,11.2
2022-04-25 14:00:00,0.0,8.9,1018.9,93.0,10.0,0.439733,190.0,9.4
2022-04-25 15:00:00,0.0,8.9,1019.0,89.0,10.6,0.454946,190.0,9.4
2022-04-25 16:00:00,0.0,8.9,1019.3,89.0,10.6,0.467583,210.0,13.0
2022-04-25 17:00:00,0.0,8.4,1019.5,86.0,10.6,0.446579,220.0,13.0
2022-04-25 18:00:00,0.0,7.8,1019.8,80.0,11.1,0.406457,230.0,9.4
2022-04-25 19:00:00,0.0,7.3,1019.9,72.0,12.2,0.36216,200.0,7.6
2022-04-25 20:00:00,0.0,5.0,1019.8,57.0,13.3,0.368196,240.0,16.6
2022-04-25 21:00:00,0.0,4.4,1019.5,51.0,14.4,0.341279,230.0,20.5
2022-04-25 22:00:00,0.0,5.5,1019.7,57.0,13.9,0.314048,240.0,14.8
2022-04-25 23:00:00,0.3,5.7,1019.2,56.0,14.4,0.332639,240.0,14.8
2022-04-26 00:00:00,0.0,4.5,1019.0,53.0,13.9,0.378667,250.0,20.5
2022-04-26 01:00:00,0.0,5.0,1018.8,59.0,12.8,0.446689,260.0,18.4
2022-04-26 02:00:00,0.0,4.4,1018.5,59.0,12.2,0.470681,280.0,18.4
2022-04-26 03:00:00,0.0,3.9,1018.5,61.0,11.1,0.482775,270.0,16.6
2022-04-26 04:00:00,0.0,3.9,1018.7,66.0,10.0,0.447228,270.0,7.6
2022-04-26 05:00:00,0.0,4.3,1018.9,76.0,8.3,0.388194,280.0,7.6
2022-04-26 06:00:00,0.0,3.9,1018.9,74.0,8.3,0.336553,262.0,5.4
2022-04-26 07:00:00,0.0,3.9,1018.8,86.0,6.1,0.324463,0.0,0.0
2022-04-26 08:00:00,0.0,3.9,1018.9,86.0,6.1,0.322432,250.0,7.6
2022-04-26 09:00:00,0.0,3.9,1018.8,86.0,6.1,0.322062,240.0,7.6
2022-04-26 10:00:00,0.0,4.4,1018.6,89.0,6.1,0.336104,280.0,5.4
2022-04-26 11:00:00,0.0,3.9,1018.7,89.0,5.6,0.363714,230.0,11.2
2022-04-26 12:00:00,0.0,5.1,1019.1,93.0,6.1,0.442566,250.0,9.4
2022-04-26 13:00:00,0.1,4.0,1019.0,93.0,5.0,0.509927,230.0,9.4
2022-04-26 14:00:00,0.0,4.4,1019.2,92.0,5.6,0.537503,250.0,9.4
2022-04-26 15:00:00,0.0,5.7,1019.4,90.0,7.2,0.474757,210.0,9.4
2022-04-26 16:00:00,0.0,5.6,1019.5,86.0,7.8,0.418947,240.0,9.4
2022-04-26 17:00:00,0.0,5.6,1019.6,74.0,10.0,0.469726,200.0,11.2
2022-04-26 18:00:00,1.0,5.6,1020.1,83.0,8.3,0.32777,230.0,9.4
2022-04-26 19:00:00,0.0,5.6,1020.2,74.0,10.0,0.312426,210.0,11.2
2022-04-26 20:00:00,0.2,6.6,1020.1,74.0,11.1,0.289051,250.0,20.5
2022-04-26 21:00:00,2.4,5.6,1019.9,64.0,12.2,0.319008,260.0,22.3
2022-04-26 22:00:00,0.0,5.0,1020.1,59.0,12.8,0.263299,270.0,14.8
2022-04-26 23:00:00,0.0,4.0,1020.2,55.0,12.8,0.288235,260.0,27.7
2022-04-27 00:00:00,0.0,3.9,1020.1,57.0,12.2,0.356455,260.0,24.1
2022-04-27 01:00:00,0.0,2.7,1020.2,54.0,11.7,0.429655,260.0,18.4
2022-04-27 02:00:00,0.0,2.8,1020.6,61.0,10.0,0.474618,270.0,16.6
2022-04-27 03:00:00,0.0,3.3,1020.9,68.0,8.9,0.485699,260.0,9.4
2022-04-27 04:00:00,0.0,3.3,1021.2,71.0,8.3,0.459799,280.0,9.4
2022-04-27 05:00:00,0.0,3.3,1021.3,73.0,7.8,0.399636,260.0,9.4
2022-04-27 06:00:00,0.0,4.0,1021.2,80.0,7.2,0.355065,0.0,0.0
2022-04-27 07:00:00,0.0,3.3,1020.9,79.0,6.7,0.348077,0.0,0.0
2022-04-27 08:00:00,0.0,4.4,1020.7,89.0,6.1,0.338189,0.0,0.0
2022-04-27 09:00:00,0.0,4.4,1020.4,89.0,6.1,0.339643,0.0,0.0
2022-04-27 10:00:00,0.0,4.4,1020.2,85.0,6.7,0.346516,0.0,0.0
2022-04-27 11:00:00,1.3,4.4,1020.3,89.0,6.1,0.379836,0.0,0.0
2022-04-27 12:00:00,0.1,5.1,1020.2,93.0,6.1,0.446845,0.0,0.0
2022-04-27 13:00:00,0.3,5.7,1020.1,97.0,6.1,0.529315,0.0,0.0
2022-04-27 14:00:00,0.3,5.7,1020.0,97.0,6.1,0.542568,0.0,0.0
2022-04-27 15:00:00,0.0,5.7,1020.0,90.0,7.2,0.502577,230.0,5.4
2022-04-27 16:00:00,0.0,5.7,1020.2,90.0,7.2,0.375772,230.0,5.4
2022-04-27 17:00:00,0.0,5.6,1020.3,77.0,9.4,0.282006,210.0,9.4
2022-04-27 18:00:00,0.0,4.9,1020.1,68.0,10.6,0.377195,210.0,9.4
2022-04-27 19:00:00,0.0,4.4,1020.1,61.0,11.7,0.295355,210.0,11.2
2022-04-27 20:00:00,0.0,4.5,1020.2,66.0,10.6,0.292459,280.0,9.4
2022-04-27 21:00:00,0.2,6.0,1019.9,71.0,11.1,0.269013,0.0,0.0
2022-04-27 22:00:00,0.0,4.4,1019.6,59.0,12.2,0.330422,230.0,17.0
2022-04-27 23:00:00,0.0,6.2,1019.5,69.0,11.7,0.293651,230.0,16.6
2022-04-28 00:00:00,0.3,4.9,1018.9,61.0,12.2,0.3927,0.0,0.0
2022-04-28 01:00:00,0.0,5.7,1018.7,60.0,13.3,0.434481,60.0,11.2
2022-04-28 02:00:00,0.0,6.2,1018.5,69.0,11.7,0.451571,90.0,7.6
2022-04-28 03:00:00,0.0,6.0,1018.3,71.0,11.1,0.483344,110.0,5.4
2022-04-28 04:00:00,0.0,5.6,1018.5,74.0,10.0,0.445283,340.0,11.2
2022-04-28 05:00:00,0.0,4.3,1018.8,73.0,8.9,0.395824,340.0,13.0
2022-04-28 06:00:00,0.0,5.6,1018.3,83.0,8.3,0.346956,350.0,13.0
2022-04-28 07:00:00,0.0,5.6,1017.8,83.0,8.3,0.334208,330.0,11.2
2022-04-28 08:00:00,0.0,5.1,1017.4,83.0,7.8,0.327927,340.0,9.4
2022-04-28 09:00:00,0.0,3.8,1017.3,76.0,7.8,0.331524,330.0,9.4
2022-04-28 10:00:00,0.0,4.0,1017.0,80.0,7.2,0.332451,330.0,7.6
2022-04-28 11:00:00,0.0,4.0,1016.8,80.0,7.2,0.366066,300.0,7.6
2022-04-28 12:00:00,0.0,3.8,1016.8,82.0,6.7,0.43726,290.0,5.4
2022-04-28 13:00:00,0.0,3.9,1016.8,86.0,6.1,0.527568,320.0,5.4
2022-04-28 14:00:00,0.0,5.0,1016.9,89.0,6.7,0.536467,260.0,5.4
2022-04-28 15:00:00,0.0,5.0,1017.3,86.0,7.2,0.49167,0.0,0.0
2022-04-28 16:00:00,0.0,5.1,1017.5,80.0,8.3,0.425663,0.0,0.0
2022-04-28 17:00:00,0.0,5.6,1017.6,74.0,10.0,0.309851,170.0,5.4
2022-04-28 18:00:00,0.0,4.9,1017.5,68.0,10.6,0.312492,170.0,7.6
2022-04-28 19:00:00,0.0,4.4,1017.4,59.0,12.2,0.295083,220.0,18.4
2022-04-28 20:00:00,0.0,4.9,1017.3,61.0,12.2,0.297284,190.0,24.1
2022-04-28 21:00:00,0.0,5.6,1017.5,64.0,12.2,0.271085,240.0,14.8
2022-04-28 22:00:00,0.0,5.0,1018.1,59.0,12.8,0.248006,260.0,20.5
2022-04-28 23:00:00,0.0,5.0,1018.4,59.0,12.8,0.281097,250.0,25.9
2022-04-29 00:00:00,0.0,4.9,1018.8,61.0,12.2,0.368061,260.0,16.6
2022-04-29 01:00:00,0.0,4.3,1019.2,63.0,11.1,0.415105,270.0,16.6
2022-04-29 02:00:00,0.0,4.3,1019.2,63.0,11.1,0.438443,270.0,13.0
2022-04-29 03:00:00,0.0,5.1,1019.6,77.0,8.9,0.463836,250.0,7.6
2022-04-29 04:00:00,0.0,5.0,1020.1,74.0,9.4,0.432164,290.0,5.4
2022-04-29 05:00:00,0.3,6.1,1020.8,86.0,8.3,0.394719,240.0,7.6
2022-04-29 06:00:00,0.0,6.1,1021.1,93.0,7.2,0.348563,220.0,5.4
2022-04-29 07:00:00,0.0,5.7,1021.4,90.0,7.2,0.33442,0.0,0.0
2022-04-29 08:00:00,0.0,5.7,1021.9,90.0,7.2,0.330468,0.0,0.0
2022-04-29 09:00:00,0.0,5.7,1022.1,90.0,7.2,0.321562,0.0,0.0
2022-04-29 10:00:00,0.0,6.1,1022.5,93.0,7.2,0.338698,0.0,0.0
2022-04-29 11:00:00,0.0,5.6,1022.5,93.0,6.7,0.36068,170.0,5.4
2022-04-29 12:00:00,0.0,4.4,1022.8,92.0,5.6,0.417504,0.0,0.0
2022-04-29 13:00:00,0.0,5.1,1022.8,93.0,6.1,0.480801,40.0,5.4
2022-04-29 14:00:00,0.0,5.7,1023.2,90.0,7.2,0.493082,0.0,0.0
2022-04-29 15:00:00,0.0,6.7,1023.6,93.0,7.8,0.453179,0.0,0.0
2022-04-29 16:00:00,0.0,7.2,1023.3,86.0,9.4,0.452707,160.0,11.2
2022-04-29 17:00:00,0.0,6.7,1023.5,77.0,10.6,0.431531,210.0,5.4
2022-04-29 18:00:00,0.0,6.6,1023.3,74.0,11.1,0.388128,150.0,13.0
2022-04-29 19:00:00,0.1,6.7,1023.0,69.0,12.2,0.349323,170.0,14.8
2022-04-29 20:00:00,0.0,6.2,1022.2,64.0,12.8,0.314144,180.0,11.2
2022-04-29 21:00:00,0.0,6.2,1021.4,62.0,13.3,0.351221,170.0,9.4
2022-04-29 22:00:00,0.0,5.7,1020.5,56.0,14.4,0.365147,210.0,11.2
2022-04-29 23:00:00,0.2,6.6,1019.8,64.0,13.3,0.3788,210.0,9.4
2022-04-30 00:00:00,0.3,8.3,1019.2,77.0,12.2,0.391876,210.0,11.2
2022-04-30 01:00:00,1.7,8.3,1018.5,74.0,12.8,0.441421,170.0,16.6
2022-04-30 02:00:00,0.3,8.4,1017.5,80.0,11.7,0.451674,160.0,7.6
2022-04-30 03:00:00,1.8,8.9,1016.9,93.0,10.0,0.443924,0.0,0.0
2022-04-30 04:00:00,2.0,8.9,1016.5,93.0,10.0,0.430891,0.0,0.0
2022-04-30 05:00:00,0.2,8.9,1015.0,93.0,10.0,0.38393,0.0,0.0
2022-04-30 06:00:00,0.3,9.4,1015.3,96.0,10.0,0.35091,140.0,11.2
2022-04-30 07:00:00,1.3,9.4,1014.8,92.0,10.6,0.330724,150.0,9.4
2022-04-30 08:00:00,1.0,10.0,1014.4,96.0,10.6,0.313686,140.0,7.6
2022-04-30 09:00:00,1.5,10.0,1013.8,96.0,10.6,0.304678,150.0,9.4
2022-04-30 10:00:00,0.8,10.0,1013.2,93.0,11.1,0.306945,150.0,11.2
2022-04-30 11:00:00,0.5,10.0,1012.9,93.0,11.1,0.315675,190.0,16.6
2022-04-30 12:00:00,0.8,9.4,1012.9,92.0,10.6,0.346111,230.0,11.2
2022-04-30 13:00:00,0.3,8.3,1013.1,89.0,10.0,0.380305,240.0,11.2
2022-04-30 14:00:00,0.0,7.2,1013.3,89.0,8.9,0.407494,230.0,5.4
2022-04-30 15:00:00,0.0,7.8,1014.2,86.0,10.0,0.383969,250.0,13.0
2022-04-30 16:00:00,0.0,7.2,1014.2,77.0,11.1,0.384267,240.0,14.8
2022-04-30 17:00:00,0.0,6.6,1014.9,71.0,11.7,0.412598,230.0,14.8
2022-04-30 18:00:00,0.0,6.7,1015.5,77.0,10.6,0.354543,250.0,13.0
2022-04-30 19:00:00,0.2,6.6,1015.6,64.0,13.3,0.383286,250.0,13.0
2022-04-30 20:00:00,0.2,7.3,1016.1,69.0,12.8,0.324843,240.0,22.3
2022-04-30 21:00:00,2.7,8.4,1016.1,72.0,13.3,0.327059,210.0,13.0
2022-04-30 22:00:00,0.3,7.3,1016.4,80.0,10.6,0.2592,260.0,18.4
2022-04-30 23:00:00,0.3,8.3,1016.3,77.0,12.2,0.267498,260.0,14.8
2022-05-01 00:00:00,0.0,7.9,1016.5,72.0,12.8,0.320232,250.0,14.8
2022-05-01 01:00:00,0.5,8.3,1017.0,74.0,12.8,0.372483,250.0,7.6
2022-05-01 02:00:00,0.0,7.3,1017.4,72.0,12.2,0.386301,250.0,9.4
2022-05-01 03:00:00,0.0,7.2,1017.6,74.0,11.7,0.40896,230.0,6.0
2022-05-01 04:00:00,0.0,6.7,1018.0,86.0,8.9,0.399247,230.0,5.4
2022-05-01 05:00:00,0.0,6.1,1018.7,89.0,7.8,0.385619,0.0,0.0
2022-05-01 06:00:00,0.0,6.8,1019.4,90.0,8.3,0.344911,0.0,0.0
2022-05-01 07:00:00,0.0,6.8,1019.5,90.0,8.3,0.332057,280.0,5.4
2022-05-01 08:00:00,0.0,6.7,1019.9,93.0,7.8,0.309837,230.0,9.4
2022-05-01 09:00:00,0.0,6.7,1019.9,93.0,7.8,0.317315,300.0,5.4
2022-05-01 10:00:00,0.0,6.1,1019.7,93.0,7.2,0.317605,0.0,0.0
2022-05-01 11:00:00,0.0,6.1,1019.9,96.0,6.7,0.330995,0.0,0.0
2022-05-01 12:00:00,0.0,6.1,1020.2,96.0,6.7,0.362555,290.0,7.6
2022-05-01 13:00:00,0.0,6.1,1020.1,96.0,6.7,0.407894,290.0,5.4
2022-05-01 14:00:00,0.0,6.1,1020.5,96.0,6.7,0.437998,270.0,5.4
2022-05-01 15:00:00,0.0,6.1,1020.7,93.0,7.2,0.457432,240.0,7.6
2022-05-01 16:00:00,0.0,6.7,1020.7,86.0,8.9,0.39721,10.0,6.0
2022-05-01 17:00:00,0.0,7.8,1020.3,80.0,11.1,0.27437,10.0,5.4
2022-05-01 18:00:00,0.0,7.9,1019.9,75.0,12.2,0.33281,0.0,0.0
2022-05-01 19:00:00,0.0,8.9,1019.4,72.0,13.9,0.271403,80.0,7.6
2022-05-01 20:00:00,0.0,7.9,1018.6,65.0,14.4,0.20545,120.0,7.6
2022-05-01 21:00:00,0.0,7.9,1017.7,60.0,15.6,0.177428,50.0,7.6
2022-05-01 22:00:00,0.0,7.3,1016.7,56.0,16.1,0.204962,50.0,5.4
2022-05-01 23:00:00,0.0,7.9,1015.7,56.0,16.7,0.318428,0.0,0.0
2022-05-02 00:00:00,0.0,8.4,1014.4,58.0,16.7,0.33521,110.0,5.4
2022-05-02 01:00:00,0.0,7.9,1013.3,56.0,16.7,0.388493,110.0,5.4
2022-05-02 02:00:00,0.0,9.5,1012.0,67.0,15.6,0.421587,110.0,7.6
2022-05-02 03:00:00,0.0,10.0,1010.6,72.0,15.0,0.45458,110.0,5.4
2022-05-02 04:00:00,0.0,9.3,1010.1,74.0,13.9,0.425753,0.0,0.0
2022-05-02 05:00:00,0.0,9.9,1009.7,89.0,11.7,0.349728,200.0,5.4
2022-05-02 06:00:00,0.0,8.9,1009.2,83.0,11.7,0.310765,230.0,22.3
2022-05-02 07:00:00,0.0,6.2,1009.4,74.0,10.6,0.285009,260.0,27.7
2022-05-02 08:00:00,0.0,6.2,1009.5,77.0,10.0,0.271265,260.0,14.8
2022-05-02 09:00:00,0.0,6.7,1009.4,83.0,9.4,0.274005,180.0,14.8
2022-05-02 10:00:00,0.5,6.7,1009.5,83.0,9.4,0.284496,190.0,22.3
2022-05-02 11:00:00,2.0,6.8,1009.1,90.0,8.3,0.312039,160.0,14.8
2022-05-02 12:00:00,0.3,6.8,1009.2,90.0,8.3,0.374835,170.0,20.5
2022-05-02 13:00:00,0.5,6.1,1009.4,89.0,7.8,0.439753,180.0,16.6
2022-05-02 14:00:00,0.2,6.8,1009.4,90.0,8.3,0.459309,170.0,11.2
2022-05-02 15:00:00,0.3,5.6,1009.9,80.0,8.9,0.45517,170.0,22.3
2022-05-02 16:00:00,0.2,6.1,1009.8,80.0,9.4,0.421466,180.0,25.9
2022-05-02 17:00:00,0.5,5.6,1010.0,80.0,8.9,0.38383,190.0,27.7
2022-05-02 18:00:00,0.0,7.8,1010.9,86.0,10.0,0.395731,200.0,24.1
2022-05-02 19:00:00,1.2,7.3,1012.1,72.0,12.2,0.386668,240.0,31.7
2022-05-02 20:00:00,0.0,7.2,1013.3,77.0,11.1,0.345151,240.0,25.9
2022-05-02 21:00:00,0.0,7.2,1014.1,74.0,11.7,0.366916,230.0,18.4
2022-05-02 22:00:00,0.0,7.2,1015.2,74.0,11.7,0.412451,210.0,22.3
2022-05-02 23:00:00,1.1,7.8,1015.8,77.0,11.7,0.362684,220.0,18.4
2022-05-03 00:00:00,0.0,8.3,1016.3,74.0,12.8,0.404145,220.0,18.4
2022-05-03 01:00:00,0.4,7.2,1017.2,74.0,11.7,0.45373,240.0,20.5
2022-05-03 02:00:00,0.0,7.3,1017.9,72.0,12.2,0.468154,240.0,18.4
2022-05-03 03:00:00,0.0,6.7,1018.9,77.0,10.6,0.478724,240.0,14.8
2022-05-03 04:00:00,0.0,6.7,1020.5,83.0,9.4,0.454584,230.0,13.0
2022-05-03 05:00:00,0.0,6.7,1021.6,83.0,9.4,0.409737,210.0,11.2
2022-05-03 06:00:00,0.0,6.1,1022.4,89.0,7.8,0.365679,230.0,13.0
2022-05-03 07:00:00,0.0,5.0,1023.0,89.0,6.7,0.340765,250.0,11.2
2022-05-03 08:00:00,0.0,6.1,1023.6,93.0,7.2,0.327021,230.0,9.4
2022-05-03 09:00:00,0.0,6.1,1023.9,93.0,7.2,0.324406,230.0,13.0
2022-05-03 10:00:00,0.0,5.7,1024.3,90.0,7.2,0.333185,230.0,11.2
2022-05-03 11:00:00,0.0,5.6,1025.2,93.0,6.7,0.369594,230.0,9.4
2022-05-03 12:00:00,0.0,6.1,1025.5,96.0,6.7,0.433302,280.0,5.4
2022-05-03 13:00:00,0.0,5.6,1025.7,93.0,6.7,0.487033,260.0,5.4
2022-05-03 14:00:00,0.0,6.1,1026.0,93.0,7.2,0.523111,240.0,7.6
2022-05-03 15:00:00,0.0,6.1,1026.5,86.0,8.3,0.429744,240.0,7.6
2022-05-03 16:00:00,0.0,6.1,1026.6,80.0,9.4,0.337977,230.0,5.4
2022-05-03 17:00:00,0.0,6.2,1026.5,69.0,11.7,0.365386,110.0,7.6
2022-05-03 18:00:00,0.0,5.0,1026.6,66.0,11.1,0.253448,0.0,0.0
2022-05-03 19:00:00,0.0,6.6,1026.4,64.0,13.3,0.145502,230.0,5.4
2022-05-03 20:00:00,0.0,6.7,1026.2,60.0,14.4,0.240892,260.0,11.2
2022-05-03 21:00:00,0.0,6.0,1025.9,59.0,13.9,0.174985,240.0,9.4
2022-05-03 22:00:00,0.0,7.1,1025.4,57.0,15.6,0.233503,170.0,7.6
2022-05-03 23:00:00,0.0,6.2,1024.8,52.0,16.1,0.272418,170.0,7.6
2022-05-04 00:00:00,0.0,6.1,1024.4,53.0,15.6,0.334284,0.0,0.0
2022-05-04 01:00:00,0.0,6.8,1023.9,58.0,15.0,0.401441,140.0,9.4
2022-05-04 02:00:00,0.0,6.0,1023.3,55.0,15.0,0.406224,0.0,0.0
2022-05-04 03:00:00,0.0,7.2,1023.2,64.0,13.9,0.417225,80.0,7.6
2022-05-04 04:00:00,0.0,7.3,1023.2,72.0,12.2,0.404993,60.0,7.6
2022-05-04 05:00:00,0.0,6.0,1023.3,71.0,11.1,0.358081,60.0,5.4
2022-05-04 06:00:00,0.0,5.6,1022.9,74.0,10.0,0.31281,340.0,13.0
2022-05-04 07:00:00,0.0,5.0,1022.2,74.0,9.4,0.29889,350.0,11.2
2022-05-04 08:00:00,0.0,5.1,1022.0,80.0,8.3,0.28789,340.0,9.4
2022-05-04 09:00:00,0.0,5.1,1021.4,83.0,7.8,0.296782,340.0,11.2
2022-05-04 10:00:00,0.0,5.1,1020.7,83.0,7.8,0.305078,340.0,7.6
2022-05-04 11:00:00,0.0,5.7,1020.0,90.0,7.2,0.338565,0.0,0.0
2022-05-04 12:00:00,0.0,5.7,1019.4,90.0,7.2,0.404965,0.0,0.0
2022-05-04 13:00:00,0.0,5.1,1019.0,93.0,6.1,0.474527,0.0,0.0
2022-05-04 14:00:00,0.0,5.6,1018.7,93.0,6.7,0.472399,240.0,5.4
2022-05-04 15:00:00,0.0,7.2,1018.6,93.0,8.3,0.406548,0.0,0.0
2022-05-04 16:00:00,0.0,6.7,1018.3,77.0,10.6,0.346318,300.0,5.4
2022-05-04 17:00:00,0.0,6.0,1017.7,66.0,12.2,0.271687,80.0,5.4
2022-05-04 18:00:00,0.0,7.3,1017.0,67.0,13.3,0.224615,0.0,0.0
2022-05-04 19:00:00,0.0,7.2,1016.6,62.0,14.4,0.173364,110.0,5.4
2022-05-04 20:00:00,0.0,7.9,1015.7,56.0,16.7,0.124891,0.0,0.0
2022-05-04 21:00:00,0.0,7.7,1015.1,50.0,18.3,0.161229,0.0,0.0
2022-05-04 22:00:00,0.0,9.3,1014.2,52.0,19.4,0.196226,205.0,7.6
2022-05-04 23:00:00,0.0,10.1,1013.4,51.0,20.6,0.267117,160.0,7.6
2022-05-05 00:00:00,0.0,10.6,1012.3,51.0,21.1,0.348503,160.0,11.2
2022-05-05 01:00:00,0.0,11.7,1011.6,61.0,19.4,0.394272,220.0,9.4
2022-05-05 02:00:00,0.0,10.7,1011.2,63.0,17.8,0.414128,230.0,13.0
2022-05-05 03:00:00,0.0,9.5,1011.1,67.0,15.6,0.412847,220.0,18.4
2022-05-05 04:00:00,0.0,6.7,1011.2,60.0,14.4,0.378333,220.0,18.4
2022-05-05 05:00:00,0.0,5.0,1011.3,59.0,12.8,0.336344,240.0,14.8
2022-05-05 06:00:00,0.0,4.0,1011.0,59.0,11.7,0.288713,230.0,22.3
2022-05-05 07:00:00,0.0,1.6,1011.1,52.0,11.1,0.284114,230.0,13.0
2022-05-05 08:00:00,0.0,1.7,1011.5,54.0,10.6,0.267406,170.0,9.4
2022-05-05 09:00:00,0.0,1.1,1010.8,54.0,10.0,0.267458,230.0,9.4
2022-05-05 10:00:00,0.0,2.3,1010.7,61.0,9.4,0.270535,220.0,9.4
2022-05-05 11:00:00,0.3,3.9,1009.2,71.0,8.9,0.301059,100.0,9.4
2022-05-05 12:00:00,0.5,5.1,1010.0,80.0,8.3,0.35858,210.0,11.2
2022-05-05 13:00:00,0.8,5.1,1009.1,83.0,7.8,0.44054,0.0,0.0
2022-05-05 14:00:00,1.8,5.7,1009.6,90.0,7.2,0.485698,170.0,13.0
2022-05-05 15:00:00,2.5,5.0,1009.1,86.0,7.2,0.481697,170.0,11.2
2022-05-05 16:00:00,1.3,5.7,1008.5,90.0,7.2,0.469214,150.0,7.6
2022-05-05 17:00:00,0.5,6.1,1007.9,89.0,7.8,0.471049,160.0,13.0
2022-05-05 18:00:00,0.5,7.2,1007.8,89.0,8.9,0.489178,180.0,20.5
2022-05-05 19:00:00,1.3,7.2,1007.3,89.0,8.9,0.428877,170.0,16.6
2022-05-05 20:00:00,0.8,7.8,1006.8,90.0,9.4,0.367367,150.0,13.0
2022-05-05 21:00:00,0.8,9.4,1007.0,92.0,10.6,0.390606,160.0,16.6
2022-05-05 22:00:00,0.0,11.2,1006.6,87.0,13.3,0.388621,190.0,27.7
2022-05-05 23:00:00,0.2,11.1,1006.9,83.0,13.9,0.336711,230.0,14.8
2022-05-06 00:00:00,0.1,8.9,1007.7,67.0,15.0,0.386964,250.0,25.9
2022-05-06 01:00:00,0.0,6.7,1009.5,69.0,12.2,0.415388,250.0,35.3
2022-05-06 02:00:00,0.0,7.2,1010.2,77.0,11.1,0.424994,4.0,25.9
2022-05-06 03:00:00,0.0,7.2,1010.2,77.0,11.1,0.450482,250.0,14.8
2022-05-06 04:00:00,0.0,6.7,1010.9,83.0,9.4,0.421162,250.0,7.6
2022-05-06 05:00:00,0.0,6.7,1010.8,83.0,9.4,0.390251,2.0,7.6
2022-05-06 06:00:00,0.0,7.2,1010.6,89.0,8.9,0.338569,270.0,5.4
2022-05-06 07:00:00,0.0,7.2,1010.6,89.0,8.9,0.317961,270.0,5.4
2022-05-06 08:00:00,0.0,7.8,1010.7,90.0,9.4,0.302798,0.0,0.0
2022-05-06 09:00:00,0.0,7.8,1009.4,93.0,8.9,0.301485,150.0,5.4
2022-05-06 10:00:00,0.0,7.8,1008.6,93.0,8.9,0.307079,40.0,5.4
2022-05-06 11:00:00,0.3,7.8,1008.6,93.0,8.9,0.323129,40.0,5.4
2022-05-06 12:00:00,0.0,7.8,1007.9,93.0,8.9,0.374318,0.0,0.0
2022-05-06 13:00:00,0.5,7.9,1007.3,97.0,8.3,0.43331,0.0,0.0
2022-05-06 14:00:00,0.8,7.9,1006.4,97.0,8.3,0.454462,0.0,0.0
2022-05-06 15:00:00,0.7,7.9,1006.1,97.0,8.3,0.456545,0.0,7.6
2022-05-06 16:00:00,1.3,8.3,1005.9,96.0,8.9,0.468811,0.0,0.0
2022-05-06 17:00:00,1.8,12.2,1005.7,93.0,13.3,0.384785,3.0,5.4
2022-05-06 18:00:00,0.5,12.2,1005.7,93.0,13.3,0.398693,250.0,11.2
2022-05-06 19:00:00,0.5,11.7,1004.7,90.0,13.3,0.431477,200.0,13.0
2022-05-06 20:00:00,0.8,11.7,1004.7,90.0,13.3,0.397426,200.0,13.0
2022-05-06 21:00:00,2.0,11.1,1004.9,96.0,11.7,0.355706,2.0,20.5
2022-05-06 22:00:00,3.6,12.3,1004.7,90.0,13.9,0.307523,250.0,13.0
2022-05-06 23:00:00,0.3,9.4,1005.0,86.0,11.7,0.421759,210.0,24.1
2022-05-07 00:00:00,2.8,9.4,1004.6,83.0,12.2,0.426091,210.0,16.6
2022-05-07 01:00:00,1.6,8.9,1004.8,83.0,11.7,0.434916,230.0,11.2
2022-05-07 02:00:00,0.3,8.9,1004.8,83.0,11.7,0.431678,230.0,11.2
2022-05-07 03:00:00,1.0,8.3,1005.1,89.0,10.0,0.438769,240.0,13.0
2022-05-07 04:00:00,0.8,7.8,1005.9,90.0,9.4,0.420412,160.0,5.4
2022-05-07 05:00:00,0.0,8.3,1005.8,89.0,10.0,0.382732,0.0,5.4
2022-05-07 06:00:00,0.0,8.3,1005.8,89.0,10.0,0.346253,0.0,0.0
2022-05-07 07:00:00,0.3,8.3,1005.6,89.0,10.0,0.335131,200.0,16.6
2022-05-07 08:00:00,1.3,8.3,1006.7,89.0,10.0,0.308301,200.0,14.8
2022-05-07 09:00:00,0.6,7.8,1007.5,90.0,9.4,0.303132,200.0,16.6
2022-05-07 10:00:00,0.3,8.3,1008.4,93.0,9.4,0.305404,210.0,16.6
2022-05-07 11:00:00,1.0,8.3,1009.6,93.0,9.4,0.318752,5.0,16.6
2022-05-07 12:00:00,0.4,8.3,1009.6,93.0,9.4,0.356172,230.0,16.6
2022-05-07 13:00:00,0.0,6.1,1012.4,86.0,8.3,0.394352,250.0,9.4
2022-05-07 14:00:00,0.0,5.6,1013.5,83.0,8.3,0.459035,250.0,14.8
2022-05-07 15:00:00,0.0,5.6,1014.8,80.0,8.9,0.487971,260.0,7.6
2022-05-07 16:00:00,0.0,5.0,1015.7,74.0,9.4,0.482267,260.0,16.6
2022-05-07 17:00:00,0.0,5.0,1015.7,74.0,9.4,0.420297,260.0,16.6
2022-05-07 18:00:00,0.0,5.0,1016.4,71.0,10.0,0.447459,230.0,18.4
2022-05-07 19:00:00,0.3,3.9,1016.5,66.0,10.0,0.33072,250.0,22.3
2022-05-07 20:00:00,0.1,4.4,1016.3,59.0,12.2,0.242378,6.0,25.9
2022-05-07 21:00:00,0.0,3.9,1016.5,61.0,11.1,0.216354,300.0,14.8
2022-05-07 22:00:00,0.0,3.9,1016.5,61.0,11.1,0.244562,300.0,14.8
2022-05-07 23:00:00,0.0,3.9,1016.4,66.0,10.0,0.288322,270.0,25.9
2022-05-08 00:00:00,0.0,3.9,1015.8,71.0,8.9,0.342217,250.0,20.5
2022-05-08 01:00:00,0.0,4.3,1015.6,76.0,8.3,0.397163,260.0,22.3
2022-05-08 02:00:00,0.0,4.4,1015.0,79.0,7.8,0.44197,230.0,13.0
2022-05-08 03:00:00,0.0,4.4,1015.0,79.0,7.8,0.455173,230.0,13.0
2022-05-08 04:00:00,0.0,3.9,1014.4,89.0,5.6,0.452398,230.0,11.2
2022-05-08 05:00:00,0.3,3.3,1014.0,89.0,5.0,0.429233,220.0,9.4
2022-05-08 06:00:00,0.0,3.3,1013.2,89.0,5.0,0.386142,0.0,0.0
2022-05-08 07:00:00,0.0,3.3,1012.7,89.0,5.0,0.368886,200.0,5.4
2022-05-08 08:00:00,0.0,3.3,1012.7,89.0,5.0,0.34988,200.0,5.4
2022-05-08 09:00:00,0.0,3.4,1010.8,93.0,4.4,0.355126,0.0,0.0
2022-05-08 10:00:00,0.0,4.0,1010.4,93.0,5.0,0.360345,180.0,7.6
2022-05-08 11:00:00,0.0,4.0,1010.4,93.0,5.0,0.371151,180.0,7.6
2022-05-08 12:00:00,0.0,4.0,1009.2,93.0,5.0,0.410842,70.0,5.4
2022-05-08 13:00:00,0.0,4.4,1007.9,92.0,5.6,0.44048,0.0,0.0
2022-05-08 14:00:00,0.3,4.4,1007.6,92.0,5.6,0.488107,0.0,9.4
2022-05-08 15:00:00,1.0,4.4,1007.6,92.0,5.6,0.524229,70.0,9.4
2022-05-08 16:00:00,1.0,3.9,1007.5,89.0,5.6,0.548223,110.0,7.6
2022-05-08 17:00:00,0.3,4.4,1007.5,89.0,6.1,0.53636,130.0,7.6
2022-05-08 18:00:00,1.3,5.1,1007.8,83.0,7.8,0.450253,0.0,0.0
2022-05-08 19:00:00,0.4,5.1,1007.8,83.0,7.8,0.346718,149.0,7.0
2022-05-08 20:00:00,0.8,5.6,1007.9,80.0,8.9,0.352766,310.0,7.6
2022-05-08 21:00:00,0.3,5.1,1008.1,80.0,8.3,0.370447,320.0,7.6
2022-05-08 22:00:00,0.1,5.1,1008.1,77.0,8.9,0.400117,210.0,7.6
2022-05-08 23:00:00,1.3,5.6,1008.4,83.0,8.3,0.459569,220.0,18.4
2022-05-09 00:00:00,0.5,6.1,1008.8,86.0,8.3,0.462185,230.0,13.0
2022-05-09 01:00:00,0.3,5.1,1009.0,83.0,7.8,0.519942,230.0,5.4
2022-05-09 02:00:00,0.1,5.1,1009.0,83.0,7.8,0.505841,230.0,5.4
2022-05-09 03:00:00,0.5,5.1,1009.7,93.0,6.1,0.509292,210.0,7.6
2022-05-09 04:00:00,0.0,3.4,1010.4,93.0,4.4,0.514766,230.0,7.6
2022-05-09 05:00:00,0.0,2.9,1011.1,93.0,3.9,0.474501,3.0,7.6
2022-05-09 06:00:00,0.0,2.3,1011.5,93.0,3.3,0.421845,280.0,5.4
2022-05-09 07:00:00,0.0,2.3,1011.5,93.0,3.3,0.402004,280.0,5.4
2022-05-09 08:00:00,0.0,1.8,1012.3,97.0,2.2,0.39024,0.0,0.0
2022-05-09 09:00:00,0.0,0.7,1012.6,97.0,1.1,0.393205,0.0,0.0
2022-05-09 10:00:00,0.0,0.7,1013.0,97.0,1.1,0.417977,0.0,0.0
2022-05-09 11:00:00,0.0,0.7,1013.0,97.0,1.1,0.448696,0.0,0.0
2022-05-09 12:00:00,0.0,1.8,1013.1,97.0,2.2,0.517459,0.0,0.0
2022-05-09 13:00:00,0.0,3.3,1014.0,96.0,3.9,0.600986,0.0,0.0
2022-05-09 14:00:00,0.0,4.0,1014.5,97.0,4.4,0.621008,140.0,5.4
2022-05-09 15:00:00,0.0,3.9,1014.9,89.0,5.6,0.55528,200.0,5.4
2022-05-09 16:00:00,0.0,3.9,1014.9,89.0,5.6,0.0,200.0,5.4
2022-05-09 17:00:00,0.0,5.1,1015.2,80.0,8.3,0.0238071,220.0,9.4
2022-05-09 18:00:00,0.0,5.0,1015.4,71.0,10.0,0.203707,190.0,18.4
2022-05-09 19:00:00,0.0,4.3,1015.8,63.0,11.1,0.412084,190.0,11.2
2022-05-09 20:00:00,0.0,4.9,1015.8,68.0,10.6,0.378591,3.0,11.2
2022-05-09 21:00:00,0.1,4.3,1016.0,63.0,11.1,0.371534,230.0,14.8
2022-05-09 22:00:00,0.0,4.3,1016.0,63.0,11.1,0.443225,230.0,14.8
2022-05-09 23:00:00,0.0,5.6,1016.4,74.0,10.0,0.433155,2.0,14.8
2022-05-10 00:00:00,0.0,3.9,1016.3,66.0,10.0,0.434549,340.0,9.4
2022-05-10 01:00:00,0.0,4.5,1016.5,66.0,10.6,0.490039,360.0,5.4
2022-05-10 02:00:00,0.0,4.5,1016.5,66.0,10.6,0.472466,360.0,5.4
2022-05-10 03:00:00,0.0,5.1,1017.4,80.0,8.3,0.480592,230.0,9.4
2022-05-10 04:00:00,0.0,4.3,1018.1,76.0,8.3,0.483964,290.0,5.4
2022-05-10 05:00:00,0.0,3.8,1018.5,82.0,6.7,0.438046,280.0,5.4
2022-05-10 06:00:00,0.0,3.9,1018.7,89.0,5.6,0.391818,0.0,0.0
2022-05-10 07:00:00,0.0,3.9,1018.7,89.0,5.6,0.371424,0.0,0.0
2022-05-10 08:00:00,0.0,4.4,1019.4,92.0,5.6,0.371263,240.0,5.4
2022-05-10 09:00:00,0.0,4.4,1019.8,92.0,5.6,0.365357,0.0,0.0
2022-05-10 10:00:00,0.3,4.0,1020.4,97.0,4.4,0.37261,330.0,5.4
2022-05-10 11:00:00,0.0,4.0,1020.4,97.0,4.4,0.410895,330.0,5.4
2022-05-10 12:00:00,0.0,4.0,1021.2,97.0,4.4,0.489874,280.0,5.4
2022-05-10 13:00:00,0.0,3.4,1021.7,93.0,4.4,0.568633,0.0,0.0
2022-05-10 14:00:00,0.0,3.9,1022.6,86.0,6.1,0.54419,0.0,5.4
2022-05-10 15:00:00,0.0,4.3,1023.1,82.0,7.2,0.437854,0.0,0.0
2022-05-10 16:00:00,0.0,4.3,1023.1,82.0,7.2,0.344906,0.0,0.0
2022-05-10 17:00:00,0.0,5.0,1023.5,66.0,11.1,0.2907,2.0,0.0
2022-05-10 18:00:00,0.0,4.4,1023.5,59.0,12.2,0.235929,0.0,0.0
2022-05-10 19:00:00,0.0,4.5,1023.5,57.0,12.8,0.244059,0.0,7.6
2022-05-10 20:00:00,0.0,3.9,1023.3,51.0,13.9,0.134054,240.0,13.0
2022-05-10 21:00:00,0.0,3.9,1023.3,51.0,13.9,0.181269,240.0,13.0
2022-05-10 22:00:00,0.0,4.0,1022.8,46.0,15.6,0.222897,250.0,7.6
2022-05-10 23:00:00,0.0,4.0,1022.7,46.0,15.6,0.310619,210.0,7.6
2022-05-11 00:00:00,0.3,4.4,1022.6,49.0,15.0,0.325504,210.0,5.4
2022-05-11 01:00:00,0.0,4.5,1022.7,53.0,13.9,0.405311,240.0,5.4
2022-05-11 02:00:00,0.0,4.5,1022.7,53.0,13.9,0.436125,240.0,18.4
2022-05-11 03:00:00,0.0,4.0,1024.1,69.0,9.4,0.44654,260.0,7.6
2022-05-11 04:00:00,0.0,3.3,1024.7,73.0,7.8,0.431933,250.0,9.4
2022-05-11 05:00:00,0.0,3.3,1025.1,85.0,5.6,0.391986,230.0,11.2
2022-05-11 06:00:00,0.0,3.3,1025.1,85.0,5.6,0.341952,230.0,11.2
2022-05-11 07:00:00,0.0,3.3,1025.3,89.0,5.0,0.328604,0.0,0.0
2022-05-11 08:00:00,0.0,2.9,1025.3,93.0,3.9,0.329017,280.0,5.4
2022-05-11 09:00:00,0.0,3.3,1025.3,89.0,5.0,0.333721,0.0,0.0
2022-05-11 10:00:00,0.0,2.9,1025.2,93.0,3.9,0.352317,0.0,0.0
2022-05-11 11:00:00,0.0,2.9,1025.2,93.0,3.9,0.389278,0.0,0.0
2022-05-11 12:00:00,0.0,1.0,1025.1,92.0,2.2,0.479454,240.0,5.4
2022-05-11 13:00:00,0.0,1.8,1025.3,93.0,2.8,0.553628,0.0,0.0
2022-05-11 14:00:00,0.0,4.0,1025.6,93.0,5.0,0.530133,0.0,0.0
2022-05-11 15:00:00,0.0,4.4,1025.2,79.0,7.8,0.438879,0.0,0.0
2022-05-11 16:00:00,0.0,4.4,1025.2,79.0,7.8,0.335042,0.0,0.0
2022-05-11 17:00:00,0.0,4.4,1024.4,59.0,12.2,0.243325,230.0,11.2
2022-05-11 18:00:00,0.0,4.5,1024.1,57.0,12.8,0.204132,230.0,9.4
2022-05-11 19:00:00,0.0,4.9,1023.5,53.0,14.4,0.292663,216.0,7.6
2022-05-11 20:00:00,0.0,4.9,1022.6,53.0,14.4,0.19162,230.0,11.2
2022-05-11 21:00:00,0.0,4.9,1022.6,53.0,14.4,0.238666,230.0,11.2
2022-05-11 22:00:00,0.0,2.9,1022.0,46.0,14.4,0.326124,270.0,13.0
2022-05-11 23:00:00,0.0,2.8,1022.2,49.0,13.3,0.344556,270.0,22.3
2022-05-12 00:00:00,0.0,4.5,1022.4,57.0,12.8,0.378351,260.0,18.4
2022-05-12 01:00:00,0.0,3.4,1022.5,59.0,11.1,0.451709,250.0,20.5
2022-05-12 02:00:00,0.0,3.4,1022.5,59.0,11.1,0.46809,250.0,20.5
2022-05-12 03:00:00,0.0,4.0,1023.2,69.0,9.4,0.47035,250.0,11.2
2022-05-12 04:00:00,0.0,4.3,1023.1,76.0,8.3,0.440164,200.0,7.6
2022-05-12 05:00:00,0.0,4.3,1022.8,73.0,8.9,0.39202,150.0,11.2
2022-05-12 06:00:00,0.2,4.3,1022.8,73.0,8.9,0.341739,150.0,11.2
2022-05-12 07:00:00,0.0,5.1,1022.2,77.0,8.9,0.319226,170.0,11.2
2022-05-12 08:00:00,0.0,4.0,1021.6,69.0,9.4,0.315766,190.0,16.6
2022-05-12 09:00:00,0.0,4.3,1021.1,73.0,8.9,0.306958,180.0,22.3
2022-05-12 10:00:00,0.0,4.3,1020.8,73.0,8.9,0.328707,180.0,16.6
2022-05-12 11:00:00,0.2,4.3,1020.8,73.0,8.9,0.348919,180.0,16.6
2022-05-12 12:00:00,0.0,4.3,1019.7,76.0,8.3,0.43185,170.0,22.3
2022-05-12 13:00:00,0.2,4.3,1019.7,76.0,8.3,0.502536,170.0,22.3
2022-05-12 14:00:00,0.0,5.1,1019.4,80.0,8.3,0.535738,170.0,20.5
2022-05-12 15:00:00,0.3,5.1,1019.4,80.0,8.3,0.531031,170.0,20.5
2022-05-12 16:00:00,0.9,5.6,1019.3,83.0,8.3,0.525632,170.0,22.3
2022-05-12 17:00:00,0.8,5.6,1018.8,83.0,8.3,0.525485,180.0,35.3
2022-05-12 18:00:00,0.8,6.1,1018.5,86.0,8.3,0.484247,170.0,25.9
2022-05-12 19:00:00,1.5,7.4,1019.3,97.0,7.8,0.416141,182.0,25.6
2022-05-12 20:00:00,2.4,7.3,1018.4,97.0,7.7,0.437917,182.0,25.6
2022-05-12 21:00:00,1.3,7.4,1018.8,97.0,7.8,0.46212,190.0,23.8
2022-05-12 22:00:00,1.9,7.7,1019.1,97.0,8.1,0.442866,195.0,22.3
2022-05-12 23:00:00,0.5,6.7,1018.6,83.0,9.4,0.348935,240.0,16.6
2022-05-13 00:00:00,0.1,5.6,1018.9,66.0,11.7,0.41012,250.0,29.5
2022-05-13 01:00:00,0.0,3.4,1019.5,61.0,10.6,0.443152,280.0,14.8
2022-05-13 02:00:00,0.0,3.8,1020.1,63.0,10.6,0.475977,270.0,20.5
2022-05-13 03:00:00,0.0,2.1,1020.6,65.0,8.3,0.468988,270.0,11.2
2022-05-13 04:00:00,0.0,2.9,1021.9,74.0,7.2,0.479957,260.0,11.2
2022-05-13 05:00:00,0.0,2.9,1022.7,86.0,5.0,0.44241,160.0,7.6
2022-05-13 06:00:00,0.0,2.3,1023.3,89.0,3.9,0.399718,210.0,5.4
2022-05-13 07:00:00,0.0,1.0,1024.2,92.0,2.2,0.393408,220.0,9.4
2022-05-13 08:00:00,0.0,1.8,1024.2,93.0,2.8,0.376159,0.0,9.4
2022-05-13 09:00:00,0.0,1.8,1025.0,97.0,2.2,0.37648,350.0,5.4
2022-05-13 10:00:00,0.0,0.5,1024.8,92.0,1.7,0.400703,0.0,0.0
2022-05-13 11:00:00,0.0,0.5,1024.8,92.0,1.7,0.441201,0.0,0.0
2022-05-13 12:00:00,0.0,-0.1,1025.0,92.0,1.1,0.515152,0.0,0.0
2022-05-13 13:00:00,0.0,2.2,1025.0,100.0,2.2,0.559341,0.0,0.0
2022-05-13 14:00:00,0.0,2.2,1025.0,100.0,2.2,0.563339,0.0,0.0
2022-05-13 15:00:00,0.0,4.4,1025.1,85.0,6.7,0.520903,360.0,5.4
2022-05-13 16:00:00,0.0,4.4,1025.1,85.0,6.7,0.470298,360.0,5.4
2022-05-13 17:00:00,0.0,5.6,1023.9,74.0,10.0,0.399844,2.0,0.0
2022-05-13 18:00:00,0.0,3.9,1023.7,61.0,11.1,0.309594,80.0,7.6
2022-05-13 19:00:00,0.0,4.3,1022.9,63.0,11.1,0.304356,160.0,9.4
2022-05-13 20:00:00,0.0,5.6,1022.3,66.0,11.7,0.321036,160.0,5.4
2022-05-13 21:00:00,0.0,5.6,1022.3,66.0,11.7,0.360853,170.0,5.4
2022-05-13 22:00:00,0.0,6.6,1021.3,71.0,11.7,0.373868,200.0,18.4
2022-05-13 23:00:00,0.3,7.8,1021.0,83.0,10.6,0.413582,3.0,18.4
2022-05-14 00:00:00,0.5,7.8,1020.2,86.0,10.0,0.456488,170.0,5.4
2022-05-14 01:00:00,1.3,7.8,1020.2,86.0,10.0,0.473415,170.0,5.4
2022-05-14 02:00:00,1.5,8.3,1019.4,89.0,10.0,0.469347,0.0,0.0
2022-05-14 03:00:00,2.5,8.9,1018.0,100.0,8.9,0.470336,230.0,5.4
2022-05-14 04:00:00,2.0,8.9,1018.0,100.0,8.9,0.440481,230.0,5.4
2022-05-14 05:00:00,0.5,8.9,1017.0,97.0,9.4,0.393704,0.0,0.0
2022-05-14 06:00:00,2.0,8.9,1017.0,97.0,9.4,0.355361,0.0,0.0
2022-05-14 07:00:00,0.3,8.3,1016.5,96.0,8.9,0.325963,350.0,5.4
2022-05-14 08:00:00,2.0,8.3,1016.1,96.0,8.9,0.312818,2.0,5.4
2022-05-14 09:00:00,1.3,8.3,1016.1,96.0,8.9,0.299955,350.0,7.6
2022-05-14 10:00:00,1.3,8.9,1015.5,97.0,9.4,0.301749,0.0,0.0
2022-05-14 11:00:00,0.8,8.9,1015.2,97.0,9.4,0.311381,0.0,0.0
2022-05-14 12:00:00,1.3,8.9,1015.2,97.0,9.4,0.346769,60.0,5.4
2022-05-14 13:00:00,0.5,10.6,1015.5,97.0,11.1,0.376351,240.0,9.4
2022-05-14 14:00:00,0.0,10.6,1015.5,97.0,11.1,0.390435,240.0,9.4
2022-05-14 15:00:00,0.0,11.7,1016.9,93.0,12.8,0.415782,190.0,7.6
2022-05-14 16:00:00,0.0,11.7,1016.9,93.0,12.8,0.418779,190.0,7.6
2022-05-14 17:00:00,0.0,12.2,1017.6,80.0,15.6,0.319711,200.0,18.4
2022-05-14 18:00:00,0.0,12.1,1018.3,72.0,17.2,0.280373,180.0,20.5
2022-05-14 19:00:00,0.0,11.2,1018.6,61.0,18.9,0.178679,180.0,20.5
2022-05-14 20:00:00,0.0,11.2,1018.6,59.0,19.4,0.13414,210.0,33.5
2022-05-14 21:00:00,0.0,11.2,1018.6,59.0,19.4,0.125808,210.0,27.7
2022-05-14 22:00:00,0.0,10.1,1019.2,53.0,20.0,0.146158,210.0,22.3
2022-05-14 23:00:00,0.0,11.2,1019.2,59.0,19.4,0.252495,5.0,27.7
2022-05-15 00:00:00,0.0,9.9,1019.3,58.0,18.3,0.271717,260.0,14.8
2022-05-15 01:00:00,0.0,9.9,1019.3,58.0,18.3,0.349169,260.0,14.8
2022-05-15 02:00:00,0.0,11.1,1019.1,72.0,16.1,0.387466,240.0,5.4
2022-05-15 03:00:00,0.0,11.2,1019.3,78.0,15.0,0.388749,220.0,7.6
2022-05-15 04:00:00,0.0,11.8,1019.7,81.0,15.0,0.376667,170.0,5.4
2022-05-15 05:00:00,0.0,11.8,1019.6,87.0,13.9,0.334178,230.0,5.4
2022-05-15 06:00:00,0.0,11.8,1019.6,87.0,13.9,0.302323,230.0,5.4
2022-05-15 07:00:00,0.0,11.8,1018.7,87.0,13.9,0.265164,0.0,0.0
2022-05-15 08:00:00,0.0,11.7,1018.0,90.0,13.3,0.249621,0.0,0.0
2022-05-15 09:00:00,0.0,12.2,1017.2,93.0,13.3,0.241151,0.0,0.0
2022-05-15 10:00:00,0.0,12.2,1017.2,93.0,13.3,0.239398,0.0,0.0
2022-05-15 11:00:00,0.0,11.7,1015.6,93.0,12.8,0.246783,0.0,0.0
2022-05-15 12:00:00,0.0,11.1,1015.2,93.0,12.2,0.266465,0.0,0.0
2022-05-15 13:00:00,0.0,11.1,1015.2,93.0,12.2,0.288437,0.0,0.0
2022-05-15 14:00:00,0.0,11.8,1014.2,87.0,13.9,0.318745,2.0,0.0
2022-05-15 15:00:00,0.0,11.8,1014.2,87.0,13.9,0.33899,350.0,5.4
2022-05-15 16:00:00,0.0,12.2,1013.3,80.0,15.6,0.36632,0.0,0.0
2022-05-15 17:00:00,0.0,12.8,1013.0,81.0,16.1,0.371481,2.0,0.0
2022-05-15 18:00:00,0.1,13.9,1013.0,93.0,15.0,0.396913,30.0,5.4
2022-05-15 19:00:00,0.3,13.9,1013.0,93.0,15.0,0.347552,30.0,5.4
2022-05-15 20:00:00,0.3,14.3,1012.7,86.0,16.7,0.345461,0.0,0.0
2022-05-15 21:00:00,0.0,15.0,1012.5,87.0,17.2,0.310694,0.0,0.0
2022-05-15 22:00:00,0.3,16.1,1012.8,87.0,18.3,0.295025,240.0,9.4
2022-05-15 23:00:00,0.0,11.2,1013.0,59.0,19.4,0.283843,250.0,20.5
2022-05-16 00:00:00,0.3,9.4,1013.3,60.0,17.2,0.378979,240.0,20.5
2022-05-16 01:00:00,0.0,9.4,1013.3,60.0,17.2,0.426665,240.0,20.5
2022-05-16 02:00:00,0.0,11.2,1014.0,75.0,15.6,0.433559,250.0,11.2
2022-05-16 03:00:00,0.0,11.2,1014.5,87.0,13.3,0.435678,210.0,11.2
2022-05-16 04:00:00,0.0,10.6,1015.3,78.0,14.4,0.405758,0.0,0.0
2022-05-16 05:00:00,0.0,10.7,1016.1,84.0,13.3,0.352564,190.0,9.4
2022-05-16 06:00:00,0.0,10.7,1016.1,84.0,13.3,0.299746,190.0,9.4
2022-05-16 07:00:00,0.0,9.4,1017.0,80.0,12.8,0.272285,210.0,11.2
2022-05-16 08:00:00,0.0,9.4,1017.0,83.0,12.2,0.251759,0.0,0.0
2022-05-16 09:00:00,0.0,9.4,1017.4,83.0,12.2,0.25046,190.0,9.4
2022-05-16 10:00:00,0.0,9.4,1017.4,83.0,12.2,0.253206,190.0,9.4
2022-05-16 11:00:00,0.0,8.8,1018.2,86.0,11.1,0.275468,230.0,14.8
2022-05-16 12:00:00,0.0,8.3,1018.7,93.0,9.4,0.323862,210.0,7.6
2022-05-16 13:00:00,0.0,8.4,1019.4,86.0,10.6,0.378801,210.0,14.8
2022-05-16 14:00:00,0.0,8.9,1019.9,80.0,12.2,0.385719,220.0,13.0
2022-05-16 15:00:00,0.0,8.9,1019.9,80.0,12.2,0.311546,220.0,13.0
2022-05-16 16:00:00,0.0,7.7,1020.4,69.0,13.3,0.358402,240.0,20.5
2022-05-16 17:00:00,0.0,6.2,1020.7,62.0,13.3,0.341198,260.0,18.4
2022-05-16 18:00:00,0.0,5.5,1021.6,57.0,13.9,0.31141,250.0,18.4
2022-05-16 19:00:00,0.0,5.5,1021.6,57.0,13.9,0.207643,250.0,18.4
2022-05-16 20:00:00,0.0,7.3,1021.6,56.0,16.1,0.194717,240.0,11.2
2022-05-16 21:00:00,0.0,6.1,1021.9,53.0,15.6,0.224092,240.0,18.4
2022-05-16 22:00:00,0.0,6.7,1021.8,50.0,17.2,0.170283,310.0,13.0
2022-05-16 23:00:00,0.0,7.3,1021.8,54.0,16.7,0.217543,2.0,13.0
2022-05-17 00:00:00,0.0,7.3,1021.8,54.0,16.7,0.300341,310.0,7.6
2022-05-17 01:00:00,0.0,5.7,1021.8,56.0,14.4,0.387375,280.0,16.6
2022-05-17 02:00:00,0.0,5.7,1022.2,60.0,13.3,0.417955,3.0,16.6
2022-05-17 03:00:00,0.0,5.6,1022.8,69.0,11.1,0.424187,300.0,7.6
2022-05-17 04:00:00,0.0,5.6,1023.3,80.0,8.9,0.396985,240.0,7.6
2022-05-17 05:00:00,0.0,5.6,1023.3,80.0,8.9,0.35702,240.0,7.6
2022-05-17 06:00:00,0.0,6.1,1023.7,86.0,8.3,0.299475,270.0,5.4
2022-05-17 07:00:00,0.0,5.7,1024.0,90.0,7.2,0.283641,290.0,7.6
2022-05-17 08:00:00,0.0,5.6,1024.0,93.0,6.7,0.277891,290.0,5.4
2022-05-17 09:00:00,0.0,6.1,1024.4,93.0,7.2,0.280568,270.0,9.4
2022-05-17 10:00:00,0.0,6.1,1024.4,93.0,7.2,0.289107,270.0,9.4
2022-05-17 11:00:00,0.0,5.1,1024.5,93.0,6.1,0.315734,2.0,0.0
2022-05-17 12:00:00,0.0,5.6,1024.7,93.0,6.7,0.388874,280.0,5.4
2022-05-17 13:00:00,0.0,5.6,1024.9,93.0,6.7,0.460307,340.0,5.4
2022-05-17 14:00:00,0.0,6.1,1025.2,89.0,7.8,0.464092,270.0,5.4
2022-05-17 15:00:00,0.0,6.1,1025.2,89.0,7.8,0.407146,270.0,5.4
2022-05-17 16:00:00,0.0,5.6,1025.6,66.0,11.7,0.285044,0.0,0.0
2022-05-17 17:00:00,0.0,5.0,1025.7,59.0,12.8,0.23421,0.0,0.0
2022-05-17 18:00:00,0.0,5.7,1026.1,56.0,14.4,0.16228,0.0,7.6
2022-05-17 19:00:00,0.0,6.1,1025.6,53.0,15.6,0.136519,240.0,7.6
2022-05-17 20:00:00,0.0,6.1,1025.6,53.0,15.6,0.157723,204.0,7.6
2022-05-17 21:00:00,0.0,5.0,1024.6,46.0,16.7,0.156931,0.0,0.0
2022-05-17 22:00:00,0.0,6.7,1024.0,50.0,17.2,0.199856,0.0,7.6
2022-05-17 23:00:00,0.0,7.2,1023.4,50.0,17.8,0.256386,190.0,9.4
2022-05-18 00:00:00,0.0,7.2,1023.4,50.0,17.8,0.323442,190.0,9.4
2022-05-18 01:00:00,0.0,8.8,1022.4,64.0,15.6,0.393017,220.0,13.0
2022-05-18 02:00:00,0.0,7.9,1022.3,67.0,13.9,0.404852,220.0,11.2
2022-05-18 03:00:00,0.0,6.6,1022.2,71.0,11.7,0.407228,220.0,13.0
2022-05-18 04:00:00,0.0,5.6,1022.1,69.0,11.1,0.40565,230.0,13.0
2022-05-18 05:00:00,0.0,5.6,1022.1,69.0,11.1,0.359825,230.0,13.0
2022-05-18 06:00:00,0.0,4.4,1021.8,71.0,9.4,0.306992,230.0,13.0
2022-05-18 07:00:00,0.0,3.3,1021.4,63.0,10.0,0.284383,210.0,11.2
2022-05-18 08:00:00,0.0,4.0,1021.2,69.0,9.4,0.278291,5.0,11.2
2022-05-18 09:00:00,0.0,4.4,1020.8,71.0,9.4,0.265267,240.0,14.8
2022-05-18 10:00:00,0.0,4.4,1020.8,71.0,9.4,0.275477,240.0,14.8
2022-05-18 11:00:00,0.1,5.6,1021.0,83.0,8.3,0.306234,190.0,11.2
2022-05-18 12:00:00,0.5,6.8,1020.8,90.0,8.3,0.370921,160.0,14.8
2022-05-18 13:00:00,1.0,6.8,1020.8,90.0,8.3,0.449514,160.0,14.8
2022-05-18 14:00:00,0.5,6.8,1020.9,90.0,8.3,0.497398,180.0,18.4
2022-05-18 15:00:00,0.3,6.8,1020.9,90.0,8.3,0.483313,180.0,18.4
2022-05-18 16:00:00,0.3,7.8,1021.3,90.0,9.4,0.463593,160.0,16.6
2022-05-18 17:00:00,0.0,8.8,1021.5,86.0,11.1,0.457092,170.0,18.4
2022-05-18 18:00:00,0.0,8.8,1021.5,86.0,11.1,0.455442,170.0,18.4
2022-05-18 19:00:00,0.4,11.2,1022.5,87.0,13.3,0.371702,190.0,16.6
2022-05-18 20:00:00,0.3,9.5,1023.0,67.0,15.6,0.263727,250.0,20.5
2022-05-18 21:00:00,0.0,7.9,1023.5,60.0,15.6,0.219163,250.0,20.5
2022-05-18 22:00:00,0.0,6.8,1023.7,58.0,15.0,0.233482,250.0,24.1
2022-05-18 23:00:00,0.0,6.0,1023.6,57.0,14.4,0.304509,250.0,24.1
2022-05-19 00:00:00,0.0,6.0,1023.6,57.0,14.4,0.370443,250.0,24.1
2022-05-19 01:00:00,0.0,5.7,1023.4,62.0,12.8,0.397687,260.0,16.6
2022-05-19 02:00:00,0.0,5.6,1023.9,66.0,11.7,0.42477,280.0,16.6
2022-05-19 03:00:00,0.0,4.9,1024.1,68.0,10.6,0.44651,280.0,16.6
2022-05-19 04:00:00,0.0,4.3,1024.0,73.0,8.9,0.417822,260.0,11.2
2022-05-19 05:00:00,0.0,4.3,1024.0,73.0,8.9,0.389475,260.0,11.2
2022-05-19 06:00:00,0.0,4.4,1023.9,89.0,6.1,0.332522,210.0,9.4
2022-05-19 07:00:00,0.0,5.6,1023.9,86.0,7.8,0.314446,0.0,0.0
2022-05-19 08:00:00,0.0,5.6,1023.9,86.0,7.8,0.310838,0.0,0.0
2022-05-19 09:00:00,0.0,6.1,1023.8,93.0,7.2,0.311166,110.0,7.6
2022-05-19 10:00:00,0.0,5.1,1024.0,93.0,6.1,0.31996,190.0,5.4
2022-05-19 11:00:00,0.0,5.1,1024.2,93.0,6.1,0.362913,4.0,5.4
2022-05-19 12:00:00,0.0,5.1,1024.2,93.0,6.1,0.444212,210.0,13.0
2022-05-19 13:00:00,0.0,5.0,1024.5,86.0,7.2,0.501578,230.0,11.2
2022-05-19 14:00:00,0.0,5.1,1024.7,77.0,8.9,0.500704,4.0,11.2
2022-05-19 15:00:00,0.0,5.0,1024.8,71.0,10.0,0.424171,230.0,5.4
2022-05-19 16:00:00,0.0,4.9,1024.8,68.0,10.6,0.406356,250.0,7.6
2022-05-19 17:00:00,0.3,4.9,1024.8,68.0,10.6,0.304396,250.0,7.6
2022-05-19 18:00:00,0.0,5.0,1024.3,57.0,13.3,0.225003,270.0,18.4
2022-05-19 19:00:00,0.1,5.0,1024.5,66.0,11.1,0.268604,290.0,20.5
2022-05-19 20:00:00,0.0,3.9,1024.2,57.0,12.2,0.294632,290.0,13.0
2022-05-19 21:00:00,0.0,4.0,1024.4,55.0,12.8,0.220289,300.0,13.0
2022-05-19 22:00:00,0.0,4.0,1024.4,55.0,12.8,0.193721,350.0,22.3
2022-05-19 23:00:00,0.0,3.4,1024.0,51.0,13.3,0.262224,290.0,24.1
2022-05-20 00:00:00,0.0,3.4,1024.0,51.0,13.3,0.348343,320.0,20.5
2022-05-20 01:00:00,0.0,3.4,1024.4,55.0,12.2,0.422698,300.0,16.6
2022-05-20 02:00:00,0.0,2.7,1024.8,54.0,11.7,0.426913,300.0,16.6
2022-05-20 03:00:00,0.0,2.7,1024.8,54.0,11.7,0.430387,320.0,16.6
2022-05-20 04:00:00,0.0,3.3,1025.8,71.0,8.3,0.415208,290.0,5.4
2022-05-20 05:00:00,0.0,3.3,1026.0,85.0,5.6,0.387726,240.0,7.6
2022-05-20 06:00:00,0.0,2.3,1026.0,89.0,3.9,0.330095,230.0,9.4
2022-05-20 07:00:00,0.0,2.3,1026.0,89.0,3.9,0.329657,230.0,9.4
2022-05-20 08:00:00,0.0,2.7,1025.8,89.0,4.4,0.333214,300.0,5.4
2022-05-20 09:00:00,0.0,1.7,1026.0,89.0,3.3,0.335763,0.0,0.0
2022-05-20 10:00:00,0.0,1.8,1026.0,93.0,2.8,0.343932,0.0,0.0
2022-05-20 11:00:00,0.0,1.1,1026.0,96.0,1.7,0.384939,0.0,0.0
2022-05-20 12:00:00,0.0,1.1,1026.0,96.0,1.7,0.461708,0.0,0.0
2022-05-20 13:00:00,0.0,2.2,1026.3,100.0,2.2,0.523954,0.0,0.0
2022-05-20 14:00:00,0.0,3.3,1026.5,85.0,5.6,0.498235,0.0,0.0
2022-05-20 15:00:00,0.0,5.1,1026.5,77.0,8.9,0.395173,0.0,0.0
2022-05-20 16:00:00,0.0,4.3,1025.8,63.0,11.1,0.311561,0.0,0.0
2022-05-20 17:00:00,0.0,4.3,1025.8,63.0,11.1,0.249399,0.0,0.0
2022-05-20 18:00:00,0.0,4.0,1024.6,55.0,12.8,0.237782,190.0,7.6
2022-05-20 19:00:00,0.0,3.9,1024.2,53.0,13.3,0.186437,0.0,0.0
2022-05-20 20:00:00,0.0,4.9,1023.8,53.0,14.4,0.237556,60.0,9.4
2022-05-20 21:00:00,0.0,4.9,1023.8,53.0,14.4,0.231019,60.0,9.4
2022-05-20 22:00:00,0.0,5.5,1022.9,53.0,15.0,0.247313,30.0,9.4
2022-05-20 23:00:00,0.0,4.9,1022.3,53.0,14.4,0.23631,20.0,9.4
2022-05-21 00:00:00,0.0,5.5,1021.8,53.0,15.0,0.293873,30.0,11.2
2022-05-21 01:00:00,0.0,5.5,1021.8,53.0,15.0,0.36993,30.0,11.2
2022-05-21 02:00:00,0.0,5.5,1021.5,53.0,15.0,0.380007,30.0,7.6
2022-05-21 03:00:00,0.0,5.6,1021.1,64.0,12.2,0.388132,340.0,7.6
2022-05-21 04:00:00,0.0,5.6,1021.4,86.0,7.8,0.390666,0.0,0.0
2022-05-21 05:00:00,0.0,6.1,1022.0,93.0,7.2,0.349856,0.0,0.0
2022-05-21 06:00:00,0.0,6.1,1022.0,93.0,7.2,0.318045,0.0,0.0
2022-05-21 07:00:00,0.0,5.1,1022.2,93.0,6.1,0.301529,0.0,0.0
2022-05-21 08:00:00,0.0,5.1,1022.0,93.0,6.1,0.290406,260.0,5.4
2022-05-21 09:00:00,0.0,4.4,1021.8,96.0,5.0,0.289105,300.0,7.6
2022-05-21 10:00:00,0.0,2.9,1021.8,93.0,3.9,0.300376,300.0,5.4
2022-05-21 11:00:00,0.0,2.9,1021.8,97.0,3.3,0.319439,2.0,5.4
2022-05-21 12:00:00,0.0,2.9,1021.8,97.0,3.3,0.365115,280.0,5.4
2022-05-21 13:00:00,0.0,5.0,1022.0,96.0,5.6,0.4057,0.0,0.0
2022-05-21 14:00:00,0.0,6.7,1022.4,93.0,7.8,0.426078,0.0,0.0
2022-05-21 15:00:00,0.0,6.6,1022.3,74.0,11.1,0.356199,360.0,5.4
2022-05-21 16:00:00,0.0,6.6,1022.3,74.0,11.1,0.280683,360.0,5.4
2022-05-21 17:00:00,0.0,7.8,1021.7,62.0,15.0,0.200548,14.0,9.4
2022-05-21 18:00:00,0.0,7.9,1021.6,56.0,16.7,0.152849,2.0,5.4
2022-05-21 19:00:00,0.0,8.3,1021.2,52.0,18.3,0.111077,350.0,9.4
2022-05-21 20:00:00,0.0,7.8,1020.8,47.0,19.4,0.0985575,350.0,9.4
2022-05-21 21:00:00,0.0,7.8,1020.8,47.0,19.4,0.0999644,350.0,9.4
2022-05-21 22:00:00,0.0,5.6,1019.8,35.0,21.7,0.15307,10.0,14.8
2022-05-21 23:00:00,0.0,2.9,1019.4,29.0,21.7,0.20719,10.0,5.4
2022-05-22 00:00:00,0.0,3.8,1019.5,30.0,22.2,0.311008,20.0,13.0
2022-05-22 01:00:00,0.0,3.8,1019.5,30.0,22.2,0.33792,20.0,13.0
2022-05-22 02:00:00,0.0,3.9,1019.7,37.0,18.9,0.355046,350.0,18.4
2022-05-22 03:00:00,0.0,6.1,1021.0,53.0,15.6,0.349786,340.0,13.0
2022-05-22 04:00:00,0.0,6.6,1021.8,64.0,13.3,0.362256,290.0,11.2
2022-05-22 05:00:00,0.0,7.2,1022.2,77.0,11.1,0.344663,270.0,11.2
2022-05-22 06:00:00,0.0,7.2,1022.4,86.0,9.4,0.297838,290.0,9.4
2022-05-22 07:00:00,0.0,7.2,1022.4,86.0,9.4,0.267424,290.0,9.4
2022-05-22 08:00:00,0.0,6.1,1022.8,86.0,8.3,0.249854,2.0,0.0
2022-05-22 09:00:00,0.0,5.1,1023.0,93.0,6.1,0.244563,0.0,0.0
2022-05-22 10:00:00,0.0,5.6,1023.1,93.0,6.7,0.250531,0.0,0.0
2022-05-22 11:00:00,0.0,5.6,1023.1,93.0,6.7,0.267255,0.0,0.0
2022-05-22 12:00:00,0.0,5.1,1023.7,93.0,6.1,0.297821,310.0,5.4
2022-05-22 13:00:00,0.0,6.1,1024.1,93.0,7.2,0.333347,0.0,0.0
2022-05-22 14:00:00,0.0,7.2,1024.5,86.0,9.4,0.330629,0.0,0.0
2022-05-22 15:00:00,0.0,7.9,1024.4,75.0,12.2,0.308375,0.0,0.0
2022-05-22 16:00:00,0.0,7.9,1024.4,75.0,12.2,0.254504,0.0,0.0
2022-05-22 17:00:00,0.0,8.8,1023.7,62.0,16.1,0.195292,0.0,0.0
2022-05-22 18:00:00,0.0,9.4,1023.7,54.0,18.9,0.17479,0.0,5.4
2022-05-22 19:00:00,0.0,10.1,1023.2,55.0,19.4,0.160308,0.0,0.0
2022-05-22 20:00:00,0.0,5.4,1022.7,36.0,21.1,0.135034,0.0,0.0
2022-05-22 21:00:00,0.0,5.4,1022.7,36.0,21.1,0.144467,0.0,0.0
2022-05-22 22:00:00,0.0,0.7,1021.5,24.0,22.2,0.181248,0.0,0.0
2022-05-22 23:00:00,0.0,1.2,1021.2,24.0,22.8,0.295336,0.0,0.0
2022-05-23 00:00:00,0.0,6.6,1021.1,39.0,21.1,0.358451,220.0,11.2
2022-05-23 01:00:00,0.0,6.6,1021.1,39.0,21.1,0.404805,220.0,11.2
2022-05-23 02:00:00,0.0,7.9,1020.9,56.0,16.7,0.428505,3.0,16.6
2022-05-23 03:00:00,0.0,7.1,1021.1,57.0,15.6,0.43277,300.0,5.4
2022-05-23 04:00:00,0.0,8.3,1021.5,69.0,13.9,0.39495,230.0,14.8
2022-05-23 05:00:00,0.0,7.7,1021.8,69.0,13.3,0.339658,4.0,14.8
2022-05-23 06:00:00,0.0,7.7,1021.8,69.0,13.3,0.284923,220.0,14.8
2022-05-23 07:00:00,0.0,7.8,1022.1,80.0,11.1,0.26518,0.0,0.0
2022-05-23 08:00:00,0.0,7.8,1022.3,86.0,10.0,0.249187,0.0,0.0
2022-05-23 09:00:00,0.0,7.8,1022.4,83.0,10.6,0.235522,250.0,9.4
2022-05-23 10:00:00,0.0,6.6,1022.2,74.0,11.1,0.23138,0.0,0.0
2022-05-23 11:00:00,0.0,6.6,1022.2,74.0,11.1,0.254474,0.0,0.0
2022-05-23 12:00:00,0.0,7.3,1022.7,80.0,10.6,0.315573,0.0,0.0
2022-05-23 13:00:00,0.0,7.8,1022.7,80.0,11.1,0.356045,280.0,5.4
2022-05-23 14:00:00,0.0,8.9,1022.8,77.0,12.8,0.353461,0.0,0.0
2022-05-23 15:00:00,0.0,8.3,1023.0,67.0,14.4,0.303601,250.0,5.4
2022-05-23 16:00:00,0.0,8.3,1023.0,67.0,14.4,0.236995,250.0,5.4
2022-05-23 17:00:00,0.0,6.1,1023.0,48.0,17.2,0.256145,210.0,5.4
2022-05-23 18:00:00,0.0,6.1,1022.6,48.0,17.2,0.176532,190.0,14.8
2022-05-23 19:00:00,0.0,8.0,1022.3,49.0,18.9,0.149985,190.0,9.4
2022-05-23 20:00:00,0.0,9.5,1021.7,49.0,20.6,0.162348,2.0,9.4
2022-05-23 21:00:00,0.0,9.5,1021.7,49.0,20.6,0.156115,281.0,7.6
2022-05-23 22:00:00,0.0,10.0,1020.8,49.0,21.1,0.174283,200.0,5.4
2022-05-23 23:00:00,0.0,10.7,1020.4,53.0,20.6,0.234672,0.0,0.0
2022-05-24 00:00:00,0.0,11.2,1020.0,59.0,19.4,0.311321,220.0,16.6
2022-05-24 01:00:00,0.0,11.2,1020.0,59.0,19.4,0.376742,220.0,16.6
2022-05-24 02:00:00,0.0,9.4,1020.4,58.0,17.8,0.40177,360.0,13.0
2022-05-24 03:00:00,0.0,9.0,1021.2,70.0,14.4,0.403229,360.0,9.4
2022-05-24 04:00:00,0.0,7.9,1021.5,72.0,12.8,0.385561,20.0,13.0
2022-05-24 05:00:00,0.0,7.3,1021.5,80.0,10.6,0.336473,2.0,13.0
2022-05-24 06:00:00,0.0,7.3,1021.5,80.0,10.6,0.281675,20.0,5.4
2022-05-24 07:00:00,0.0,6.1,1021.4,89.0,7.8,0.257363,280.0,5.4
2022-05-24 08:00:00,0.0,6.1,1021.2,93.0,7.2,0.249643,280.0,5.4
2022-05-24 09:00:00,0.0,5.7,1020.8,97.0,6.1,0.249255,250.0,7.6
2022-05-24 10:00:00,0.0,6.1,1020.7,93.0,7.2,0.250963,300.0,5.4
2022-05-24 11:00:00,0.0,6.1,1020.7,93.0,7.2,0.27444,300.0,5.4
2022-05-24 12:00:00,0.0,5.7,1020.6,97.0,6.1,0.330365,310.0,5.4
2022-05-24 13:00:00,0.0,6.7,1020.3,93.0,7.8,0.387402,0.0,0.0
2022-05-24 14:00:00,0.0,7.8,1020.2,83.0,10.6,0.382287,0.0,0.0
2022-05-24 15:00:00,0.0,7.8,1020.2,83.0,10.6,0.319926,0.0,0.0
2022-05-24 16:00:00,0.0,9.0,1020.0,70.0,14.4,0.301087,0.0,0.0
2022-05-24 17:00:00,0.0,9.0,1019.8,70.0,14.4,0.299718,0.0,0.0
2022-05-24 18:00:00,0.0,9.5,1019.6,67.0,15.6,0.284553,220.0,7.6
2022-05-24 19:00:00,0.0,10.1,1019.1,65.0,16.7,0.249347,0.0,0.0
2022-05-24 20:00:00,0.0,10.1,1019.1,65.0,16.7,0.233415,0.0,0.0
2022-05-24 21:00:00,0.0,10.6,1018.2,65.0,17.2,0.292363,0.0,0.0
2022-05-24 22:00:00,0.0,10.6,1017.2,61.0,18.3,0.310625,0.0,0.0
2022-05-24 23:00:00,0.0,10.7,1016.7,63.0,17.8,0.339277,3.0,18.4
2022-05-25 00:00:00,0.3,10.6,1016.3,61.0,18.3,0.348224,360.0,5.4
2022-05-25 01:00:00,0.0,10.6,1016.3,61.0,18.3,0.380584,360.0,5.4
2022-05-25 02:00:00,0.0,11.0,1016.1,67.0,17.2,0.392815,0.0,5.4
2022-05-25 03:00:00,0.0,9.9,1016.1,69.0,15.6,0.386726,0.0,0.0
2022-05-25 04:00:00,0.0,10.6,1016.1,75.0,15.0,0.381531,190.0,5.4
2022-05-25 05:00:00,0.0,10.6,1016.1,75.0,15.0,0.326377,190.0,5.4
2022-05-25 06:00:00,0.0,7.9,1016.2,67.0,13.9,0.280558,220.0,7.6
2022-05-25 07:00:00,0.0,7.9,1016.0,72.0,12.8,0.251664,180.0,7.6
2022-05-25 08:00:00,0.0,8.9,1015.9,77.0,12.8,0.249533,4.0,7.6
2022-05-25 09:00:00,0.0,9.4,1015.9,83.0,12.2,0.245446,190.0,5.4
2022-05-25 10:00:00,0.0,9.4,1015.9,83.0,12.2,0.242231,190.0,5.4
2022-05-25 11:00:00,0.0,10.6,1015.8,90.0,12.2,0.258129,2.0,9.4
2022-05-25 12:00:00,0.0,11.1,1016.3,93.0,12.2,0.301137,190.0,11.2
2022-05-25 13:00:00,0.0,11.1,1016.3,93.0,12.2,0.350005,190.0,11.2
2022-05-25 14:00:00,0.0,11.7,1016.9,84.0,14.4,0.374889,3.0,11.2
2022-05-25 15:00:00,0.0,11.7,1016.9,84.0,14.4,0.302683,210.0,9.4
2022-05-25 16:00:00,0.0,11.7,1017.3,75.0,16.1,0.302718,190.0,9.4
2022-05-25 17:00:00,0.0,12.3,1017.2,70.0,17.8,0.208804,190.0,11.2
2022-05-25 18:00:00,0.0,12.2,1016.8,65.0,18.9,0.187165,190.0,7.6
2022-05-25 19:00:00,0.0,11.8,1016.6,57.0,20.6,0.195648,220.0,5.4
2022-05-25 20:00:00,0.0,11.8,1016.6,57.0,20.6,0.141676,208.0,5.4
2022-05-25 21:00:00,0.0,11.6,1015.5,51.0,22.2,0.183314,90.0,13.0
2022-05-25 22:00:00,0.0,11.8,1014.9,50.0,22.8,0.209748,0.0,0.0
2022-05-25 23:00:00,0.0,11.8,1014.3,50.0,22.8,0.281753,2.0,0.0
2022-05-26 00:00:00,0.0,11.8,1013.8,50.0,22.8,0.315535,120.0,9.4
2022-05-26 01:00:00,0.0,11.8,1013.8,50.0,22.8,0.369467,120.0,9.4
2022-05-26 02:00:00,0.0,11.7,1012.9,61.0,19.4,0.398879,230.0,7.6
2022-05-26 03:00:00,0.0,11.7,1013.1,61.0,19.4,0.398698,230.0,5.4
2022-05-26 04:00:00,0.0,10.0,1013.3,67.0,16.1,0.384972,240.0,5.4
2022-05-26 05:00:00,0.0,10.0,1013.3,67.0,16.1,0.328708,240.0,5.4
2022-05-26 06:00:00,0.0,11.8,1013.1,78.0,15.6,0.280616,330.0,7.6
2022-05-26 07:00:00,0.0,11.8,1013.1,78.0,15.6,0.249781,330.0,7.6
2022-05-26 08:00:00,0.0,11.2,1012.7,87.0,13.3,0.240511,290.0,5.4
2022-05-26 09:00:00,0.0,11.8,1012.5,87.0,13.9,0.232366,300.0,5.4
2022-05-26 10:00:00,0.0,11.8,1012.5,87.0,13.9,0.232345,300.0,5.4
2022-05-26 11:00:00,0.0,11.1,1012.4,93.0,12.2,0.248986,270.0,5.4
2022-05-26 12:00:00,0.0,11.0,1012.5,89.0,12.8,0.28727,0.0,0.0
2022-05-26 13:00:00,0.0,11.8,1012.5,87.0,13.9,0.333707,350.0,5.4
2022-05-26 14:00:00,0.0,12.3,1012.1,87.0,14.4,0.365959,0.0,0.0
2022-05-26 15:00:00,0.0,12.3,1012.1,87.0,14.4,0.364134,0.0,0.0
2022-05-26 16:00:00,0.0,11.6,1011.9,72.0,16.7,0.360255,0.0,0.0
2022-05-26 17:00:00,0.0,14.0,1011.2,76.0,18.3,0.279927,2.0,0.0
2022-05-26 18:00:00,0.0,14.0,1010.8,71.0,19.4,0.244861,0.0,0.0
2022-05-26 19:00:00,0.0,12.8,1010.5,61.0,20.6,0.273159,0.0,0.0
2022-05-26 20:00:00,0.0,12.8,1010.5,61.0,20.6,0.299103,0.0,0.0
2022-05-26 21:00:00,0.0,15.6,1010.4,71.0,21.1,0.308145,240.0,7.6
2022-05-26 22:00:00,0.2,15.1,1010.3,66.0,21.7,0.332269,200.0,5.4
2022-05-26 23:00:00,0.0,14.4,1010.2,63.0,21.7,0.353652,2.0,5.4
2022-05-27 00:00:00,0.0,15.1,1010.8,76.0,19.4,0.38391,130.0,11.2
2022-05-27 01:00:00,0.5,15.1,1010.8,76.0,19.4,0.362274,130.0,11.2
2022-05-27 02:00:00,1.0,15.5,1010.3,90.0,17.2,0.360839,2.0,13.0
2022-05-27 03:00:00,0.0,14.5,1010.3,90.0,16.1,0.360217,180.0,5.4
2022-05-27 04:00:00,0.0,13.9,1010.6,93.0,15.0,0.354482,0.0,0.0
2022-05-27 05:00:00,0.0,13.9,1010.6,93.0,15.0,0.32186,0.0,0.0
2022-05-27 06:00:00,0.0,7.9,1011.2,65.0,14.4,0.269676,250.0,16.6
2022-05-27 07:00:00,0.0,7.9,1011.5,67.0,13.9,0.239713,220.0,11.2
2022-05-27 08:00:00,0.0,8.9,1012.0,77.0,12.8,0.231985,3.0,11.2
2022-05-27 09:00:00,0.0,8.9,1012.0,77.0,12.8,0.219573,170.0,11.2
2022-05-27 10:00:00,0.5,8.9,1012.8,77.0,12.8,0.22952,240.0,13.0
2022-05-27 11:00:00,0.0,9.9,1013.6,89.0,11.7,0.236867,3.0,11.2
2022-05-27 12:00:00,0.5,10.0,1014.2,93.0,11.1,0.283336,220.0,9.4
2022-05-27 13:00:00,0.0,8.8,1014.6,86.0,11.1,0.31294,240.0,11.2
2022-05-27 14:00:00,0.0,8.9,1015.0,83.0,11.7,0.345847,240.0,9.4
2022-05-27 15:00:00,0.0,8.9,1015.0,83.0,11.7,0.347629,240.0,9.4
2022-05-27 16:00:00,0.0,8.3,1015.8,74.0,12.8,0.366864,250.0,14.8
2022-05-27 17:00:00,0.0,8.3,1015.8,74.0,12.8,0.362046,250.0,14.8
2022-05-27 18:00:00,0.0,8.9,1016.3,77.0,12.8,0.326714,4.0,11.2
2022-05-27 19:00:00,0.0,9.0,1016.9,75.0,13.3,0.321685,200.0,9.4
2022-05-27 20:00:00,0.0,9.0,1016.6,70.0,14.4,0.302169,2.0,11.2
2022-05-27 21:00:00,0.0,8.8,1016.3,64.0,15.6,0.268576,180.0,11.2
2022-05-27 22:00:00,0.0,8.9,1016.0,67.0,15.0,0.331194,230.0,11.2
2022-05-27 23:00:00,0.0,8.3,1015.7,62.0,15.6,0.297189,240.0,13.0
2022-05-28 00:00:00,0.0,8.3,1015.7,62.0,15.6,0.293655,240.0,13.0
2022-05-28 01:00:00,0.0,7.8,1015.1,62.0,15.0,0.322731,260.0,11.2
2022-05-28 02:00:00,0.0,8.3,1015.0,69.0,13.9,0.353348,2.0,11.2
2022-05-28 03:00:00,0.0,7.9,1014.9,72.0,12.8,0.36306,270.0,9.4
2022-05-28 04:00:00,0.0,8.4,1014.9,80.0,11.7,0.363767,270.0,5.4
2022-05-28 05:00:00,0.0,8.4,1014.9,80.0,11.7,0.336031,270.0,5.4
2022-05-28 06:00:00,0.0,9.4,1014.2,92.0,10.6,0.284614,0.0,0.0
2022-05-28 07:00:00,0.0,8.4,1013.4,86.0,10.6,0.268302,0.0,0.0
2022-05-28 08:00:00,0.0,8.3,1012.8,96.0,8.9,0.248673,0.0,5.4
2022-05-28 09:00:00,0.0,8.3,1011.9,89.0,10.0,0.246388,0.0,0.0
2022-05-28 10:00:00,0.0,8.3,1011.9,89.0,10.0,0.250371,0.0,0.0
2022-05-28 11:00:00,0.0,7.8,1010.4,86.0,10.0,0.252437,2.0,0.0
2022-05-28 12:00:00,0.0,8.3,1009.8,89.0,10.0,0.276912,0.0,0.0
2022-05-28 13:00:00,0.3,8.3,1009.8,89.0,10.0,0.301025,0.0,0.0
2022-05-28 14:00:00,0.3,8.9,1009.0,93.0,10.0,0.339695,0.0,0.0
2022-05-28 15:00:00,0.0,10.0,1008.2,93.0,11.1,0.368173,0.0,0.0
2022-05-28 16:00:00,0.2,10.0,1006.6,83.0,12.8,0.329316,100.0,7.6
2022-05-28 17:00:00,0.0,10.7,1005.6,81.0,13.9,0.329054,3.0,7.6
2022-05-28 18:00:00,0.1,10.7,1005.6,81.0,13.9,0.396703,20.0,9.4
2022-05-28 19:00:00,1.3,11.7,1004.9,93.0,12.8,0.404617,150.0,9.4
2022-05-28 20:00:00,0.5,11.7,1003.3,97.0,12.2,0.384487,3.0,16.6
2022-05-28 21:00:00,2.5,12.2,1002.4,93.0,13.3,0.348975,110.0,14.8
2022-05-28 22:00:00,1.7,12.2,1002.4,93.0,13.3,0.334346,110.0,14.8
2022-05-28 23:00:00,0.5,12.2,1001.4,80.0,15.6,0.333392,130.0,16.6
2022-05-29 00:00:00,0.0,12.2,1001.4,80.0,15.6,0.356473,170.0,33.5
2022-05-29 01:00:00,0.0,8.9,1003.0,77.0,12.8,0.389605,180.0,22.3
2022-05-29 02:00:00,0.0,8.9,1004.0,83.0,11.7,0.382468,170.0,16.6
2022-05-29 03:00:00,0.0,8.9,1004.0,83.0,11.7,0.384938,170.0,16.6
2022-05-29 04:00:00,0.1,9.4,1005.0,89.0,11.1,0.37165,160.0,7.6
2022-05-29 05:00:00,0.0,9.4,1005.9,92.0,10.6,0.344196,160.0,5.4
2022-05-29 06:00:00,0.0,10.0,1006.8,93.0,11.1,0.319664,200.0,5.4
2022-05-29 07:00:00,0.5,10.0,1009.7,96.0,10.6,0.287463,250.0,9.4
2022-05-29 08:00:00,2.0,10.0,1009.7,96.0,10.6,0.270886,250.0,9.4
2022-05-29 09:00:00,1.3,9.4,1011.0,96.0,10.0,0.266889,250.0,13.0
2022-05-29 10:00:00,0.8,8.3,1013.2,89.0,10.0,0.268034,230.0,14.8
2022-05-29 11:00:00,0.4,7.8,1014.0,90.0,9.4,0.276654,230.0,14.8
2022-05-29 12:00:00,0.0,7.8,1014.7,90.0,9.4,0.298986,230.0,11.2
2022-05-29 13:00:00,0.0,7.8,1015.5,90.0,9.4,0.329512,230.0,11.2
2022-05-29 14:00:00,0.0,7.8,1015.5,90.0,9.4,0.366118,230.0,11.2
2022-05-29 15:00:00,0.0,7.8,1016.9,80.0,11.1,0.365099,230.0,13.0
2022-05-29 16:00:00,0.0,7.2,1017.1,77.0,11.1,0.295714,250.0,18.4
2022-05-29 17:00:00,0.0,7.3,1017.5,69.0,12.8,0.276282,7.0,18.4
2022-05-29 18:00:00,0.0,7.2,1017.8,64.0,13.9,0.312062,270.0,24.1
2022-05-29 19:00:00,0.0,7.2,1017.8,64.0,13.9,0.295898,250.0,25.9
2022-05-29 20:00:00,0.0,5.5,1018.5,57.0,13.9,0.217352,250.0,27.7
2022-05-29 21:00:00,0.0,5.0,1018.7,59.0,12.8,0.213818,300.0,20.5
2022-05-29 22:00:00,0.0,4.9,1019.1,61.0,12.2,0.192429,290.0,25.9
2022-05-29 23:00:00,0.0,5.5,1019.3,57.0,13.9,0.245941,5.0,25.9
2022-05-30 00:00:00,0.0,5.5,1019.3,57.0,13.9,0.318149,280.0,18.4
2022-05-30 01:00:00,0.0,6.6,1019.9,74.0,11.1,0.382685,250.0,11.2
2022-05-30 02:00:00,0.0,5.6,1020.3,74.0,10.0,0.399516,250.0,16.6
2022-05-30 03:00:00,0.0,6.1,1020.6,80.0,9.4,0.404102,240.0,13.0
2022-05-30 04:00:00,0.0,6.7,1021.0,86.0,8.9,0.395812,240.0,14.8
2022-05-30 05:00:00,0.0,6.7,1021.0,86.0,8.9,0.36757,240.0,14.8
2022-05-30 06:00:00,0.0,6.8,1021.2,90.0,8.3,0.319113,220.0,13.0
2022-05-30 07:00:00,0.0,6.1,1021.2,86.0,8.3,0.299173,230.0,14.8
2022-05-30 08:00:00,0.0,6.1,1021.1,86.0,8.3,0.289732,240.0,13.0
2022-05-30 09:00:00,0.0,6.1,1021.1,86.0,8.3,0.277375,240.0,13.0
2022-05-30 10:00:00,0.0,7.2,1021.0,93.0,8.3,0.288374,240.0,9.4
2022-05-30 11:00:00,0.0,6.8,1020.8,90.0,8.3,0.296406,230.0,7.6
2022-05-30 12:00:00,0.0,6.7,1021.1,93.0,7.8,0.322298,220.0,9.4
2022-05-30 13:00:00,0.0,6.7,1021.5,86.0,8.9,0.359133,220.0,11.2
2022-05-30 14:00:00,0.0,6.7,1021.5,86.0,8.9,0.383524,220.0,11.2
2022-05-30 15:00:00,0.0,7.2,1022.1,83.0,10.0,0.402054,240.0,9.4
2022-05-30 16:00:00,0.0,6.0,1022.2,71.0,11.1,0.408712,0.0,0.0
2022-05-30 17:00:00,0.0,6.6,1021.8,66.0,12.8,0.299307,2.0,0.0
2022-05-30 18:00:00,0.0,7.2,1021.6,64.0,13.9,0.275131,240.0,13.0
2022-05-30 19:00:00,0.0,7.2,1021.6,64.0,13.9,0.205353,240.0,13.0
2022-05-30 20:00:00,0.0,7.9,1021.4,56.0,16.7,0.230092,230.0,7.6
2022-05-30 21:00:00,0.0,7.7,1021.6,69.0,13.3,0.245165,320.0,14.8
2022-05-30 22:00:00,0.0,8.4,1021.2,58.0,16.7,0.261102,0.0,0.0
2022-05-30 23:00:00,0.0,7.3,1021.3,56.0,16.1,0.291409,330.0,16.6
2022-05-31 00:00:00,0.0,7.3,1021.3,56.0,16.1,0.329551,330.0,16.6
2022-05-31 01:00:00,0.1,7.3,1021.1,60.0,15.0,0.370234,300.0,9.4
2022-05-31 02:00:00,0.0,8.9,1021.3,72.0,13.9,0.40511,330.0,13.0
2022-05-31 03:00:00,0.0,8.3,1021.5,74.0,12.8,0.416397,320.0,9.4
2022-05-31 04:00:00,0.0,8.3,1021.5,74.0,12.8,0.408435,320.0,9.4
2022-05-31 05:00:00,0.0,7.8,1022.0,83.0,10.6,0.354206,0.0,0.0
2022-05-31 06:00:00,0.0,7.8,1021.9,93.0,8.9,0.302679,270.0,5.4
2022-05-31 07:00:00,0.0,6.7,1022.0,93.0,7.8,0.281599,280.0,7.6
2022-05-31 08:00:00,0.0,6.7,1022.0,93.0,7.8,0.27548,280.0,7.6
2022-05-31 09:00:00,0.0,6.7,1022.0,93.0,7.8,0.2615,280.0,7.6
2022-05-31 10:00:00,0.0,7.2,1021.7,93.0,8.3,0.26705,0.0,0.0
2022-05-31 11:00:00,0.0,7.9,1021.7,97.0,8.3,0.28534,0.0,0.0
2022-05-31 12:00:00,0.0,8.3,1021.4,93.0,9.4,0.34461,0.0,0.0
2022-05-31 13:00:00,0.0,8.3,1021.4,93.0,9.4,0.403226,0.0,0.0
2022-05-31 14:00:00,0.0,8.3,1021.5,74.0,12.8,0.401259,2.0,0.0
2022-05-31 15:00:00,0.0,9.0,1021.1,70.0,14.4,0.331077,360.0,7.6
2022-05-31 16:00:00,0.0,8.8,1020.9,64.0,15.6,0.243084,9.0,5.4
2022-05-31 17:00:00,0.0,10.1,1020.3,63.0,17.2,0.210123,2.0,5.4
2022-05-31 18:00:00,0.0,10.1,1020.3,63.0,17.2,0.156403,290.0,7.6
2022-05-31 19:00:00,0.0,10.7,1019.3,57.0,19.4,0.132988,290.0,9.4
2022-05-31 20:00:00,0.0,11.2,1018.6,55.0,20.6,0.139929,0.0,9.4
2022-05-31 21:00:00,0.0,11.8,1017.9,50.0,22.8,0.141388,0.0,7.6
2022-05-31 22:00:00,0.0,11.0,1017.4,46.0,23.3,0.191164,310.0,7.6
2022-05-31 23:00:00,0.0,11.0,1017.4,46.0,23.3,0.255394,308.0,7.6
2022-06-01 00:00:00,0.0,9.3,1016.4,41.0,23.3,0.313203,0.0,0.0
2022-06-01 01:00:00,0.0,9.8,1015.9,41.0,23.9,0.376733,360.0,7.6
2022-06-01 02:00:00,0.0,11.7,1015.5,55.0,21.1,0.413091,2.0,7.6
2022-06-01 03:00:00,0.0,11.7,1015.6,55.0,21.1,0.400654,240.0,14.8
2022-06-01 04:00:00,0.0,11.6,1015.6,72.0,16.7,0.393766,240.0,14.8
2022-06-01 05:00:00,0.0,11.2,1016.1,81.0,14.4,0.34831,2.0,7.6
2022-06-01 06:00:00,0.0,10.7,1016.0,81.0,13.9,0.287555,260.0,9.4
2022-06-01 07:00:00,0.0,10.7,1015.7,81.0,13.9,0.249686,290.0,5.4
2022-06-01 08:00:00,0.0,10.7,1015.5,84.0,13.3,0.235364,3.0,5.4
2022-06-01 09:00:00,0.0,10.7,1015.5,84.0,13.3,0.232002,280.0,9.4
2022-06-01 10:00:00,0.0,10.6,1015.3,90.0,12.2,0.23264,320.0,5.4
2022-06-01 11:00:00,0.0,9.9,1015.3,86.0,12.2,0.247572,0.0,5.4
2022-06-01 12:00:00,0.0,9.9,1015.7,89.0,11.7,0.280562,250.0,5.4
2022-06-01 13:00:00,0.0,10.7,1015.7,87.0,12.8,0.327989,0.0,0.0
2022-06-01 14:00:00,0.0,10.7,1015.7,87.0,12.8,0.345437,0.0,0.0
2022-06-01 15:00:00,0.0,11.8,1016.1,81.0,15.0,0.316872,220.0,5.4
2022-06-01 16:00:00,0.0,12.2,1016.2,75.0,16.7,0.296226,0.0,0.0
2022-06-01 17:00:00,0.0,12.7,1016.1,70.0,18.3,0.252584,0.0,5.4
2022-06-01 18:00:00,0.0,12.9,1015.6,66.0,19.4,0.210863,221.0,5.4
2022-06-01 19:00:00,0.0,12.9,1015.6,66.0,19.4,0.221028,210.0,5.4
2022-06-01 20:00:00,0.0,14.4,1014.9,63.0,21.7,0.163525,100.0,7.6
2022-06-01 21:00:00,0.0,14.4,1014.9,63.0,21.7,0.155862,100.0,7.6
2022-06-01 22:00:00,0.0,14.0,1014.0,56.0,23.3,0.225555,240.0,5.4
2022-06-01 23:00:00,0.0,14.0,1014.0,56.0,23.3,0.271639,240.0,5.4
2022-06-02 00:00:00,0.0,14.3,1012.8,55.0,23.9,0.338844,220.0,9.4
2022-06-02 01:00:00,0.0,15.1,1012.8,64.0,22.2,0.403942,210.0,14.8
2022-06-02 02:00:00,0.0,14.0,1012.9,71.0,19.4,0.427482,230.0,9.4
2022-06-02 03:00:00,0.0,12.2,1013.5,75.0,16.7,0.406793,230.0,9.4
2022-06-02 04:00:00,0.0,12.2,1013.5,75.0,16.7,0.392955,230.0,9.4
2022-06-02 05:00:00,0.0,11.2,1013.9,78.0,15.0,0.34066,240.0,13.0
2022-06-02 06:00:00,0.0,10.7,1014.1,84.0,13.3,0.282845,250.0,7.6
2022-06-02 07:00:00,0.0,10.7,1014.1,84.0,13.3,0.253339,250.0,7.6
2022-06-02 08:00:00,0.0,10.0,1013.7,93.0,11.1,0.243328,0.0,0.0
2022-06-02 09:00:00,0.0,10.0,1013.7,93.0,11.1,0.232232,0.0,0.0
2022-06-02 10:00:00,0.0,9.4,1013.3,92.0,10.6,0.232461,260.0,7.6
2022-06-02 11:00:00,0.0,9.4,1013.0,92.0,10.6,0.248645,2.0,7.6
2022-06-02 12:00:00,0.0,9.4,1012.8,92.0,10.6,0.291384,290.0,9.4
2022-06-02 13:00:00,0.0,10.0,1012.6,93.0,11.1,0.331958,200.0,5.4
2022-06-02 14:00:00,0.0,10.0,1012.6,93.0,11.1,0.344575,200.0,5.4
2022-06-02 15:00:00,0.0,11.8,1012.3,78.0,15.6,0.310804,0.0,0.0
2022-06-02 16:00:00,0.0,11.8,1012.3,78.0,15.6,0.319922,0.0,0.0
2022-06-02 17:00:00,0.0,12.2,1011.6,75.0,16.7,0.306851,0.0,0.0
2022-06-02 18:00:00,0.0,12.7,1011.6,75.0,17.2,0.261543,0.0,0.0
2022-06-02 19:00:00,0.0,13.9,1010.5,68.0,20.0,0.247113,0.0,0.0
2022-06-02 20:00:00,0.0,13.9,1010.5,68.0,20.0,0.244147,0.0,0.0
2022-06-02 21:00:00,0.0,14.9,1009.5,61.0,22.8,0.276299,180.0,9.4
2022-06-02 22:00:00,0.0,14.9,1008.7,61.0,22.8,0.328859,0.0,0.0
2022-06-02 23:00:00,0.0,14.9,1008.7,61.0,22.8,0.327823,0.0,0.0
2022-06-03 00:00:00,0.0,13.3,1008.1,55.0,22.8,0.366471,230.0,11.2
2022-06-03 01:00:00,0.0,13.3,1008.3,61.0,21.1,0.384292,240.0,14.8
2022-06-03 02:00:00,0.0,13.3,1008.3,68.0,19.4,0.398597,240.0,13.0
2022-06-03 03:00:00,0.0,12.3,1008.1,70.0,17.8,0.390369,230.0,13.0
2022-06-03 04:00:00,0.0,12.3,1008.1,70.0,17.8,0.369552,230.0,13.0
2022-06-03 05:00:00,0.0,10.6,1008.4,72.0,15.6,0.333129,230.0,13.0
2022-06-03 06:00:00,0.0,10.6,1008.4,75.0,15.0,0.288552,190.0,9.4
2022-06-03 07:00:00,0.0,10.6,1008.7,75.0,15.0,0.249484,210.0,16.6
2022-06-03 08:00:00,0.0,10.6,1008.4,78.0,14.4,0.232592,180.0,11.2
2022-06-03 09:00:00,0.0,10.6,1008.4,78.0,14.4,0.232522,180.0,11.2
2022-06-03 10:00:00,0.0,10.0,1008.7,83.0,12.8,0.23282,190.0,13.0
2022-06-03 11:00:00,0.0,10.0,1008.7,83.0,12.8,0.23682,190.0,13.0
2022-06-03 12:00:00,0.0,11.7,1008.4,90.0,13.3,0.280362,0.0,0.0
2022-06-03 13:00:00,0.0,12.3,1008.3,90.0,13.9,0.329106,150.0,5.4
2022-06-03 14:00:00,0.0,12.3,1008.3,90.0,13.9,0.358542,150.0,5.4
2022-06-03 15:00:00,0.0,12.9,1008.8,87.0,15.0,0.349105,220.0,5.4
2022-06-03 16:00:00,0.0,12.3,1008.9,78.0,16.1,0.342222,190.0,11.2
2022-06-03 17:00:00,0.0,12.3,1008.9,78.0,16.1,0.356235,190.0,11.2
2022-06-03 18:00:00,0.0,11.7,1009.3,70.0,17.2,0.285201,4.0,13.0
2022-06-03 19:00:00,0.0,11.2,1009.8,75.0,15.6,0.302812,260.0,13.0
2022-06-03 20:00:00,0.0,9.9,1010.1,69.0,15.6,0.313611,240.0,9.4
2022-06-03 21:00:00,0.0,10.6,1010.4,70.0,16.1,0.315054,240.0,9.4
2022-06-03 22:00:00,0.0,11.8,1010.8,78.0,15.6,0.328522,240.0,11.2
2022-06-03 23:00:00,0.1,11.8,1010.8,78.0,15.6,0.351269,240.0,11.2
2022-06-04 00:00:00,0.3,12.3,1011.0,87.0,14.4,0.371503,180.0,13.0
2022-06-04 01:00:00,0.3,11.7,1011.0,90.0,13.3,0.378328,160.0,14.8
2022-06-04 02:00:00,0.8,11.7,1010.8,90.0,13.3,0.372088,160.0,14.8
2022-06-04 03:00:00,0.3,11.7,1010.7,93.0,12.8,0.371585,160.0,13.0
2022-06-04 04:00:00,0.0,11.7,1010.7,93.0,12.8,0.359445,160.0,13.0
2022-06-04 05:00:00,0.0,11.1,1010.6,93.0,12.2,0.316869,190.0,5.4
2022-06-04 06:00:00,0.0,11.1,1010.4,93.0,12.2,0.29037,0.0,0.0
2022-06-04 07:00:00,0.0,11.1,1010.0,93.0,12.2,0.255824,0.0,0.0
2022-06-04 08:00:00,0.0,11.1,1009.9,93.0,12.2,0.240772,0.0,0.0
2022-06-04 09:00:00,0.1,11.1,1009.9,93.0,12.2,0.237218,0.0,0.0
2022-06-04 10:00:00,0.3,11.7,1009.2,97.0,12.2,0.232345,0.0,0.0
2022-06-04 11:00:00,0.0,11.7,1009.0,97.0,12.2,0.235251,0.0,0.0
2022-06-04 12:00:00,0.3,11.7,1009.0,97.0,12.2,0.265727,110.0,5.4
2022-06-04 13:00:00,0.8,11.7,1009.0,97.0,12.2,0.294963,110.0,5.4
2022-06-04 14:00:00,0.8,11.7,1008.4,93.0,12.8,0.338361,100.0,7.6
2022-06-04 15:00:00,0.5,11.7,1008.4,93.0,12.8,0.358391,90.0,7.6
2022-06-04 16:00:00,0.5,12.2,1008.2,93.0,13.3,0.35009,130.0,7.6
2022-06-04 17:00:00,0.3,12.3,1007.8,87.0,14.4,0.388842,130.0,5.4
2022-06-04 18:00:00,0.2,13.9,1008.0,93.0,15.0,0.366214,3.0,7.6
2022-06-04 19:00:00,1.3,14.0,1006.9,90.0,15.6,0.374627,150.0,14.8
2022-06-04 20:00:00,0.3,14.0,1006.9,90.0,15.6,0.365432,150.0,14.8
2022-06-04 21:00:00,0.3,14.0,1006.7,90.0,15.6,0.343483,150.0,9.4
2022-06-04 22:00:00,0.0,14.0,1006.3,84.0,16.7,0.349017,150.0,16.6
2022-06-04 23:00:00,0.2,15.1,1005.3,90.0,16.7,0.378018,0.0,0.0
2022-06-05 00:00:00,1.1,15.1,1005.3,90.0,16.7,0.391174,0.0,0.0
2022-06-05 01:00:00,2.3,15.0,1005.4,96.0,15.6,0.377996,130.0,7.6
2022-06-05 02:00:00,0.3,14.5,1004.1,93.0,15.6,0.379058,140.0,13.0
2022-06-05 03:00:00,3.7,13.9,1003.7,93.0,15.0,0.375178,140.0,11.2
2022-06-05 04:00:00,0.5,13.9,1003.7,93.0,15.0,0.357558,140.0,11.2
2022-06-05 05:00:00,0.5,13.9,1003.9,93.0,15.0,0.326013,150.0,7.6
2022-06-05 06:00:00,0.0,13.9,1003.2,93.0,15.0,0.294955,150.0,7.6
2022-06-05 07:00:00,1.3,13.9,1003.2,93.0,15.0,0.267538,160.0,22.3
2022-06-05 08:00:00,1.5,14.4,1003.5,96.0,15.0,0.252539,140.0,11.2
2022-06-05 09:00:00,0.3,14.4,1003.7,96.0,15.0,0.234431,150.0,14.8
2022-06-05 10:00:00,0.0,13.9,1003.8,93.0,15.0,0.232823,190.0,20.5
2022-06-05 11:00:00,0.0,13.3,1004.1,93.0,14.4,0.236182,5.0,20.5
2022-06-05 12:00:00,0.0,13.3,1004.1,93.0,14.4,0.255798,180.0,16.6
2022-06-05 13:00:00,0.0,13.9,1004.7,93.0,15.0,0.282506,210.0,14.8
2022-06-05 14:00:00,0.0,13.3,1005.9,93.0,14.4,0.307097,210.0,11.2
2022-06-05 15:00:00,0.3,13.4,1006.4,90.0,15.0,0.332154,230.0,11.2
2022-06-05 16:00:00,0.4,14.0,1006.6,84.0,16.7,0.313411,220.0,18.4
2022-06-05 17:00:00,0.0,14.0,1006.6,84.0,16.7,0.286727,220.0,18.4
2022-06-05 18:00:00,0.0,12.7,1008.0,75.0,17.2,0.285975,250.0,16.6
2022-06-05 19:00:00,0.0,12.9,1008.5,73.0,17.8,0.348667,230.0,14.8
2022-06-05 20:00:00,0.3,13.2,1009.3,80.0,16.7,0.281913,260.0,20.5
2022-06-05 21:00:00,0.8,13.3,1009.4,68.0,19.4,0.235341,260.0,13.0
2022-06-05 22:00:00,0.0,11.7,1010.0,70.0,17.2,0.309768,270.0,20.5
2022-06-05 23:00:00,2.0,11.7,1010.0,70.0,17.2,0.354945,270.0,20.5
2022-06-06 00:00:00,0.7,13.2,1010.8,80.0,16.7,0.393207,240.0,13.0
2022-06-06 01:00:00,0.4,12.2,1011.5,80.0,15.6,0.399101,220.0,14.8
2022-06-06 02:00:00,0.3,11.2,1012.4,81.0,14.4,0.418007,240.0,14.8
2022-06-06 03:00:00,0.0,11.2,1012.4,81.0,14.4,0.416208,240.0,14.8
2022-06-06 04:00:00,0.0,11.0,1014.3,89.0,12.8,0.388455,220.0,7.6
2022-06-06 05:00:00,0.0,11.1,1015.2,93.0,12.2,0.33736,220.0,9.4
2022-06-06 06:00:00,0.0,11.1,1015.9,93.0,12.2,0.287357,210.0,7.6
2022-06-06 07:00:00,0.0,10.6,1016.2,90.0,12.2,0.264997,220.0,9.4
2022-06-06 08:00:00,0.0,10.6,1016.6,90.0,12.2,0.251797,0.0,9.4
2022-06-06 09:00:00,0.0,11.1,1016.9,93.0,12.2,0.241342,0.0,0.0
2022-06-06 10:00:00,0.0,11.1,1016.9,93.0,12.2,0.241938,0.0,0.0
2022-06-06 11:00:00,0.3,11.1,1017.5,96.0,11.7,0.258102,0.0,0.0
2022-06-06 12:00:00,0.8,11.1,1017.5,96.0,11.7,0.312432,0.0,0.0
2022-06-06 13:00:00,0.5,11.1,1018.1,96.0,11.7,0.359144,0.0,0.0
2022-06-06 14:00:00,0.3,11.7,1018.9,93.0,12.8,0.387428,2.0,5.4
2022-06-06 15:00:00,0.0,11.7,1020.0,93.0,12.8,0.357904,250.0,7.6
2022-06-06 16:00:00,0.0,11.2,1020.5,81.0,14.4,0.346142,230.0,5.4
2022-06-06 17:00:00,0.0,10.6,1020.4,72.0,15.6,0.290365,230.0,5.4
2022-06-06 18:00:00,0.0,10.6,1020.4,72.0,15.6,0.30045,150.0,5.4
2022-06-06 19:00:00,0.0,11.2,1020.6,75.0,15.6,0.296598,150.0,9.4
2022-06-06 20:00:00,0.0,10.6,1020.8,65.0,17.2,0.231142,250.0,11.2
2022-06-06 21:00:00,0.0,8.9,1021.0,56.0,17.8,0.300279,0.0,0.0
2022-06-06 22:00:00,0.0,8.9,1021.0,56.0,17.8,0.31047,0.0,0.0
2022-06-06 23:00:00,0.0,9.5,1021.0,65.0,16.1,0.315669,300.0,18.4
2022-06-07 00:00:00,0.0,9.4,1020.8,62.0,16.7,0.337356,300.0,9.4
2022-06-07 01:00:00,0.0,8.9,1020.4,58.0,17.2,0.357471,330.0,13.0
2022-06-07 02:00:00,0.0,10.0,1020.2,67.0,16.1,0.386316,350.0,9.4
2022-06-07 03:00:00,0.0,10.0,1020.2,67.0,16.1,0.397239,350.0,9.4
2022-06-07 04:00:00,0.0,8.3,1020.0,74.0,12.8,0.38993,340.0,9.4
2022-06-07 05:00:00,0.0,9.4,1020.0,86.0,11.7,0.350232,340.0,9.4
2022-06-07 06:00:00,0.0,8.9,1020.3,89.0,10.6,0.291411,320.0,5.4
2022-06-07 07:00:00,0.0,8.9,1020.3,89.0,10.6,0.268753,320.0,5.4
2022-06-07 08:00:00,0.0,6.7,1019.1,93.0,7.8,0.254992,0.0,0.0
2022-06-07 09:00:00,0.0,6.7,1018.8,93.0,7.8,0.24997,0.0,0.0
2022-06-07 10:00:00,0.0,6.8,1018.2,97.0,7.2,0.249882,0.0,0.0
2022-06-07 11:00:00,0.0,6.8,1017.4,97.0,7.2,0.273984,0.0,0.0
2022-06-07 12:00:00,0.0,6.8,1016.6,97.0,7.2,0.333201,350.0,11.2
2022-06-07 13:00:00,0.0,7.8,1016.7,90.0,9.4,0.38863,0.0,0.0
2022-06-07 14:00:00,0.0,7.8,1016.7,90.0,9.4,0.375448,0.0,0.0
2022-06-07 15:00:00,0.0,9.3,1015.7,74.0,13.9,0.311082,330.0,7.6
2022-06-07 16:00:00,0.0,10.6,1015.0,70.0,16.1,0.236829,330.0,7.6
2022-06-07 17:00:00,0.0,10.6,1015.0,70.0,16.1,0.194186,100.0,7.6
2022-06-07 18:00:00,0.0,10.7,1013.4,59.0,18.9,0.168371,100.0,5.4
2022-06-07 19:00:00,0.0,10.7,1013.2,53.0,20.6,0.216747,0.0,0.0
2022-06-07 20:00:00,0.0,9.5,1013.0,49.0,20.6,0.287333,0.0,0.0
2022-06-07 21:00:00,0.0,10.6,1012.9,51.0,21.1,0.310759,0.0,0.0
2022-06-07 22:00:00,0.0,10.6,1012.9,51.0,21.1,0.309575,0.0,0.0
2022-06-07 23:00:00,0.0,13.3,1013.7,68.0,19.4,0.362131,3.0,7.6
2022-06-08 00:00:00,0.0,13.3,1013.4,68.0,19.4,0.374386,190.0,9.4
2022-06-08 01:00:00,0.0,13.3,1013.8,70.0,18.9,0.407423,190.0,13.0
2022-06-08 02:00:00,0.0,12.3,1014.1,68.0,18.3,0.403077,190.0,11.2
2022-06-08 03:00:00,0.0,12.3,1014.1,68.0,18.3,0.386521,180.0,11.2
2022-06-08 04:00:00,0.0,10.0,1014.5,67.0,16.1,0.369271,210.0,5.4
2022-06-08 05:00:00,0.0,11.2,1014.9,75.0,15.6,0.330874,2.0,5.4
2022-06-08 06:00:00,0.0,10.0,1015.3,72.0,15.0,0.276723,190.0,7.6
2022-06-08 07:00:00,0.0,10.0,1015.3,72.0,15.0,0.255314,190.0,7.6
2022-06-08 08:00:00,0.0,9.4,1015.5,77.0,13.3,0.243196,200.0,0.0
2022-06-08 09:00:00,0.0,9.4,1015.7,80.0,12.8,0.233244,190.0,9.4
2022-06-08 10:00:00,0.0,9.4,1015.7,80.0,12.8,0.246043,190.0,9.4
2022-06-08 11:00:00,0.0,8.9,1016.0,80.0,12.2,0.25218,2.0,9.4
2022-06-08 12:00:00,0.0,8.9,1016.0,80.0,12.2,0.303053,140.0,7.6
2022-06-08 13:00:00,0.0,10.7,1016.8,84.0,13.3,0.336423,180.0,5.4
2022-06-08 14:00:00,0.0,11.2,1017.1,81.0,14.4,0.350284,0.0,0.0
2022-06-08 15:00:00,0.0,11.2,1017.4,75.0,15.6,0.295248,220.0,11.2
2022-06-08 16:00:00,0.0,10.6,1017.2,65.0,17.2,0.22876,200.0,14.8
2022-06-08 17:00:00,0.0,10.6,1017.2,65.0,17.2,0.216003,200.0,14.8
2022-06-08 18:00:00,0.0,8.8,1017.1,54.0,18.3,0.174379,200.0,9.4
2022-06-08 19:00:00,0.0,8.4,1016.8,49.0,19.4,0.193936,200.0,9.4
2022-06-08 20:00:00,0.0,8.3,1016.4,45.0,20.6,0.171207,4.0,9.4
2022-06-08 21:00:00,0.0,8.3,1016.4,45.0,20.6,0.222147,180.0,13.0
2022-06-08 22:00:00,0.0,10.0,1015.7,49.0,21.1,0.287664,210.0,9.4
2022-06-08 23:00:00,0.0,11.0,1015.2,49.0,22.2,0.286108,3.0,9.4
2022-06-09 00:00:00,0.0,10.5,1014.6,49.0,21.7,0.303841,240.0,9.4
2022-06-09 01:00:00,0.0,11.1,1014.4,53.0,21.1,0.37312,220.0,11.2
2022-06-09 02:00:00,0.0,9.9,1014.7,56.0,18.9,0.406684,220.0,14.8
2022-06-09 03:00:00,0.0,8.8,1014.8,64.0,15.6,0.412668,220.0,14.8
2022-06-09 04:00:00,0.0,8.8,1014.8,64.0,15.6,0.387377,220.0,14.8
2022-06-09 05:00:00,0.0,7.7,1015.5,69.0,13.3,0.340209,4.0,13.0
2022-06-09 06:00:00,0.0,8.3,1015.6,69.0,13.9,0.290903,250.0,7.6
2022-06-09 07:00:00,0.0,8.3,1015.6,69.0,13.9,0.258337,250.0,7.6
2022-06-09 08:00:00,0.0,8.4,1014.6,80.0,11.7,0.233841,240.0,0.0
2022-06-09 09:00:00,0.0,7.8,1014.8,77.0,11.7,0.233149,260.0,5.4
2022-06-09 10:00:00,0.0,8.4,1015.0,86.0,10.6,0.232645,260.0,9.4
2022-06-09 11:00:00,0.0,8.8,1014.4,86.0,11.1,0.250336,0.0,0.0
2022-06-09 12:00:00,0.0,8.8,1014.4,86.0,11.1,0.298949,0.0,0.0
2022-06-09 13:00:00,0.0,9.4,1014.9,80.0,12.8,0.336886,0.0,0.0
2022-06-09 14:00:00,0.0,9.3,1015.1,74.0,13.9,0.370323,220.0,7.6
2022-06-09 15:00:00,0.0,9.9,1014.8,77.0,13.9,0.371609,120.0,7.6
2022-06-09 16:00:00,0.0,10.0,1014.5,75.0,14.4,0.368808,130.0,7.6
2022-06-09 17:00:00,0.0,10.0,1014.5,75.0,14.4,0.359081,130.0,7.6
2022-06-09 18:00:00,0.0,10.0,1013.8,67.0,16.1,0.38203,0.0,0.0
2022-06-09 19:00:00,0.0,10.0,1013.8,67.0,16.1,0.369941,0.0,0.0
2022-06-09 20:00:00,0.3,9.4,1012.9,56.0,18.3,0.272203,0.0,5.4
2022-06-09 21:00:00,0.0,12.3,1012.1,55.0,21.7,0.188669,210.0,13.0
2022-06-09 22:00:00,0.0,12.3,1012.1,55.0,21.7,0.337613,210.0,13.0
2022-06-09 23:00:00,0.0,13.3,1010.6,61.0,21.1,0.346231,3.0,13.0
2022-06-10 00:00:00,0.0,15.7,1009.8,79.0,19.4,0.367686,240.0,7.6
2022-06-10 01:00:00,0.5,15.7,1009.8,79.0,19.4,0.385665,240.0,7.6
2022-06-10 02:00:00,0.2,15.6,1013.0,93.0,16.7,0.39006,250.0,13.0
2022-06-10 03:00:00,2.0,15.6,1012.7,93.0,16.7,0.375926,220.0,11.2
2022-06-10 04:00:00,0.3,15.0,1013.1,93.0,16.1,0.366343,230.0,7.6
2022-06-10 05:00:00,0.3,15.0,1013.7,96.0,15.6,0.327186,2.0,7.6
2022-06-10 06:00:00,0.5,15.0,1013.7,96.0,15.6,0.280803,140.0,5.4
2022-06-10 07:00:00,0.0,15.0,1013.9,96.0,15.6,0.25243,190.0,5.4
2022-06-10 08:00:00,0.5,15.0,1013.7,96.0,15.6,0.234585,200.0,5.4
2022-06-10 09:00:00,1.0,14.4,1013.9,96.0,15.0,0.232241,230.0,5.4
2022-06-10 10:00:00,2.3,14.4,1013.9,96.0,15.0,0.235893,230.0,5.4
2022-06-10 11:00:00,2.5,15.0,1014.1,100.0,15.0,0.245988,210.0,5.4
2022-06-10 12:00:00,0.3,15.0,1014.0,100.0,15.0,0.28432,0.0,0.0
2022-06-10 13:00:00,0.3,15.0,1014.9,100.0,15.0,0.309069,220.0,7.6
2022-06-10 14:00:00,0.0,15.6,1014.8,93.0,16.7,0.332924,210.0,9.4
2022-06-10 15:00:00,0.0,15.6,1014.8,93.0,16.7,0.309029,210.0,9.4
2022-06-10 16:00:00,0.0,16.1,1015.0,87.0,18.3,0.294011,240.0,11.2
2022-06-10 17:00:00,0.0,16.1,1014.3,81.0,19.4,0.287752,200.0,14.8
2022-06-10 18:00:00,0.0,15.0,1014.6,78.0,18.9,0.331484,210.0,14.8
2022-06-10 19:00:00,0.0,16.6,1014.7,90.0,18.3,0.348541,190.0,5.4
2022-06-10 20:00:00,0.8,16.6,1014.7,90.0,18.3,0.355413,190.0,5.4
2022-06-10 21:00:00,0.8,15.1,1014.9,90.0,16.7,0.353681,3.0,14.8
2022-06-10 22:00:00,1.5,14.0,1014.9,90.0,15.6,0.333863,270.0,9.4
2022-06-10 23:00:00,1.0,14.0,1014.7,90.0,15.6,0.368675,2.0,9.4
2022-06-11 00:00:00,1.5,14.0,1014.7,90.0,15.6,0.376807,200.0,5.4
2022-06-11 01:00:00,2.3,13.9,1014.8,97.0,14.4,0.378397,0.0,0.0
2022-06-11 02:00:00,0.7,13.3,1015.0,96.0,13.9,0.36779,150.0,7.6
2022-06-11 03:00:00,3.0,13.3,1014.2,96.0,13.9,0.375053,140.0,5.4
2022-06-11 04:00:00,5.3,13.3,1014.2,96.0,13.9,0.348488,140.0,5.4
2022-06-11 05:00:00,2.8,13.3,1014.0,96.0,13.9,0.328762,100.0,5.4
2022-06-11 06:00:00,4.3,13.3,1014.0,96.0,13.9,0.308481,0.0,5.4
2022-06-11 07:00:00,1.5,13.9,1013.4,100.0,13.9,0.273834,0.0,0.0
2022-06-11 08:00:00,0.3,13.9,1013.4,100.0,13.9,0.25139,0.0,0.0
2022-06-11 09:00:00,0.2,13.9,1013.4,100.0,13.9,0.235176,0.0,0.0
2022-06-11 10:00:00,0.0,13.3,1013.5,96.0,13.9,0.233701,240.0,5.4
2022-06-11 11:00:00,0.0,13.3,1013.1,96.0,13.9,0.237484,0.0,0.0
2022-06-11 12:00:00,0.2,13.9,1013.7,100.0,13.9,0.259718,270.0,5.4
2022-06-11 13:00:00,0.0,13.9,1013.7,100.0,13.9,0.274678,270.0,5.4
2022-06-11 14:00:00,0.0,13.9,1013.7,100.0,13.9,0.313189,280.0,5.4
2022-06-11 15:00:00,0.0,13.9,1014.0,93.0,15.0,0.347563,210.0,5.4
2022-06-11 16:00:00,0.0,13.9,1014.0,93.0,15.0,0.351315,210.0,5.4
2022-06-11 17:00:00,0.0,13.9,1014.0,87.0,16.1,0.351001,220.0,7.6
2022-06-11 18:00:00,0.0,14.3,1014.0,86.0,16.7,0.343523,220.0,7.6
2022-06-11 19:00:00,0.1,14.5,1013.7,84.0,17.2,0.310591,220.0,7.6
2022-06-11 20:00:00,0.0,15.0,1013.7,78.0,18.9,0.256224,220.0,14.8
2022-06-11 21:00:00,0.0,15.0,1013.7,78.0,18.9,0.303533,220.0,14.8
2022-06-11 22:00:00,0.0,14.4,1013.3,73.0,19.4,0.283336,230.0,9.4
2022-06-11 23:00:00,0.0,14.5,1013.2,68.0,20.6,0.291974,230.0,16.6
2022-06-12 00:00:00,0.0,13.4,1013.2,73.0,18.3,0.319638,260.0,5.4
2022-06-12 01:00:00,0.0,12.3,1013.0,70.0,17.8,0.356274,230.0,11.2
2022-06-12 02:00:00,0.0,12.3,1013.0,70.0,17.8,0.355294,230.0,11.2
2022-06-12 03:00:00,0.0,11.2,1013.0,75.0,15.6,0.358435,240.0,7.6
2022-06-12 04:00:00,0.0,10.7,1013.2,81.0,13.9,0.350185,250.0,11.2
2022-06-12 05:00:00,0.0,9.9,1013.4,80.0,13.3,0.318917,0.0,0.0
2022-06-12 06:00:00,0.0,9.9,1013.4,80.0,13.3,0.297606,0.0,0.0
2022-06-12 07:00:00,0.0,10.6,1012.5,93.0,11.7,0.258812,310.0,5.4
2022-06-12 08:00:00,0.0,10.6,1012.1,93.0,11.7,0.244431,2.0,5.4
2022-06-12 09:00:00,0.0,9.9,1011.8,89.0,11.7,0.23166,330.0,5.4
2022-06-12 10:00:00,0.0,9.9,1011.8,89.0,11.7,0.232669,330.0,5.4
2022-06-12 11:00:00,0.0,9.4,1011.4,86.0,11.7,0.232594,320.0,5.4
2022-06-12 12:00:00,0.0,8.8,1010.8,86.0,11.1,0.253609,320.0,7.6
2022-06-12 13:00:00,0.0,9.4,1010.4,89.0,11.1,0.278833,330.0,9.4
2022-06-12 14:00:00,0.3,10.0,1010.1,93.0,11.1,0.321425,350.0,9.4
2022-06-12 15:00:00,1.0,9.9,1009.7,89.0,11.7,0.355952,350.0,7.6
2022-06-12 16:00:00,0.3,9.9,1009.7,89.0,11.7,0.384392,350.0,7.6
2022-06-12 17:00:00,0.4,10.6,1010.0,93.0,11.7,0.387066,200.0,9.4
2022-06-12 18:00:00,1.5,11.0,1010.3,89.0,12.8,0.351974,230.0,5.4
2022-06-12 19:00:00,0.5,11.0,1010.3,89.0,12.8,0.346107,230.0,5.4
2022-06-12 20:00:00,0.5,9.4,1011.0,83.0,12.2,0.347504,240.0,20.5
2022-06-12 21:00:00,0.3,9.4,1011.3,80.0,12.8,0.274848,6.0,16.6
2022-06-12 22:00:00,0.0,7.7,1012.2,69.0,13.3,0.291433,310.0,14.8
2022-06-12 23:00:00,0.0,6.6,1013.2,64.0,13.3,0.300317,310.0,14.8
2022-06-13 00:00:00,0.0,7.2,1013.6,64.0,13.9,0.3086,270.0,20.5
2022-06-13 01:00:00,0.0,7.2,1013.6,64.0,13.9,0.38254,270.0,20.5
2022-06-13 02:00:00,0.0,7.2,1015.1,77.0,11.1,0.413555,260.0,16.6
2022-06-13 03:00:00,0.0,7.3,1015.7,80.0,10.6,0.425158,250.0,11.2
2022-06-13 04:00:00,0.0,6.7,1016.4,86.0,8.9,0.407587,240.0,13.0
2022-06-13 05:00:00,0.0,7.8,1017.1,86.0,10.0,0.360636,240.0,14.8
2022-06-13 06:00:00,0.0,7.8,1017.1,86.0,10.0,0.319579,240.0,14.8
2022-06-13 07:00:00,0.0,7.8,1017.7,86.0,10.0,0.28753,230.0,13.0
2022-06-13 08:00:00,0.0,7.8,1017.9,90.0,9.4,0.269309,230.0,14.8
2022-06-13 09:00:00,0.0,7.2,1018.1,89.0,8.9,0.267123,230.0,14.8
2022-06-13 10:00:00,0.0,6.8,1018.5,90.0,8.3,0.26702,240.0,14.8
2022-06-13 11:00:00,0.0,6.8,1018.5,90.0,8.3,0.300002,240.0,14.8
2022-06-13 12:00:00,0.0,6.7,1019.3,93.0,7.8,0.36133,250.0,14.8
2022-06-13 13:00:00,0.0,7.2,1019.8,86.0,9.4,0.403978,230.0,13.0
2022-06-13 14:00:00,0.0,7.2,1020.6,83.0,10.0,0.407367,240.0,11.2
2022-06-13 15:00:00,0.0,7.8,1021.0,80.0,11.1,0.379519,230.0,18.4
2022-06-13 16:00:00,0.0,7.8,1021.0,80.0,11.1,0.392126,230.0,18.4
2022-06-13 17:00:00,0.0,7.9,1021.6,75.0,12.2,0.394296,200.0,18.4
2022-06-13 18:00:00,0.0,8.4,1022.2,80.0,11.7,0.400374,180.0,13.0
2022-06-13 19:00:00,0.0,8.9,1022.5,77.0,12.8,0.387358,210.0,11.2
2022-06-13 20:00:00,0.0,8.9,1022.5,77.0,12.8,0.331078,210.0,11.2
2022-06-13 21:00:00,0.0,9.0,1022.7,70.0,14.4,0.347569,250.0,18.4
2022-06-13 22:00:00,0.0,7.2,1023.2,64.0,13.9,0.310162,250.0,18.4
2022-06-13 23:00:00,0.0,7.9,1023.4,67.0,13.9,0.382318,230.0,22.3
2022-06-14 00:00:00,0.0,8.3,1023.6,69.0,13.9,0.309551,260.0,13.0
2022-06-14 01:00:00,0.0,8.3,1023.6,69.0,13.9,0.401708,260.0,13.0
2022-06-14 02:00:00,0.0,8.3,1024.2,77.0,12.2,0.426715,240.0,13.0
2022-06-14 03:00:00,0.0,7.2,1024.1,74.0,11.7,0.41627,250.0,13.0
2022-06-14 04:00:00,0.0,7.8,1024.2,83.0,10.6,0.408334,250.0,5.4
2022-06-14 05:00:00,0.0,8.3,1024.2,89.0,10.0,0.363103,240.0,9.4
2022-06-14 06:00:00,0.0,8.3,1024.2,89.0,10.0,0.316148,240.0,9.4
2022-06-14 07:00:00,0.0,8.4,1024.0,86.0,10.6,0.286853,240.0,13.0
2022-06-14 08:00:00,0.0,8.3,1024.0,89.0,10.0,0.268246,230.0,11.2
2022-06-14 09:00:00,0.0,8.9,1023.4,93.0,10.0,0.263966,210.0,11.2
2022-06-14 10:00:00,0.0,8.9,1023.2,97.0,9.4,0.273413,230.0,13.0
2022-06-14 11:00:00,0.0,8.9,1023.2,97.0,9.4,0.291077,230.0,13.0
2022-06-14 12:00:00,0.4,8.9,1023.3,93.0,10.0,0.346061,200.0,7.6
2022-06-14 13:00:00,0.3,8.9,1023.5,93.0,10.0,0.384783,230.0,9.4
2022-06-14 14:00:00,0.0,9.4,1023.9,89.0,11.1,0.417114,250.0,11.2
2022-06-14 15:00:00,0.0,9.4,1023.9,89.0,11.1,0.37339,250.0,11.2
2022-06-14 16:00:00,0.0,8.3,1024.2,74.0,12.8,0.316198,290.0,9.4
2022-06-14 17:00:00,0.0,8.9,1024.3,72.0,13.9,0.338275,0.0,0.0
2022-06-14 18:00:00,0.1,7.3,1024.2,60.0,15.0,0.236118,340.0,9.4
2022-06-14 19:00:00,0.0,7.1,1024.2,57.0,15.6,0.258501,340.0,5.4
2022-06-14 20:00:00,0.0,7.1,1024.2,57.0,15.6,0.216002,302.0,5.4
2022-06-14 21:00:00,0.0,6.7,1024.0,50.0,17.2,0.237337,300.0,7.6
2022-06-14 22:00:00,0.0,7.3,1023.6,52.0,17.2,0.229127,340.0,5.4
2022-06-14 23:00:00,0.0,6.7,1023.3,50.0,17.2,0.208799,3.0,5.4
2022-06-15 00:00:00,0.0,7.8,1022.7,54.0,17.2,0.268069,240.0,7.6
2022-06-15 01:00:00,0.0,7.8,1022.7,54.0,17.2,0.368708,240.0,7.6
2022-06-15 02:00:00,0.0,7.8,1022.0,54.0,17.2,0.394295,340.0,9.4
2022-06-15 03:00:00,0.0,8.3,1021.7,69.0,13.9,0.390388,340.0,11.2
2022-06-15 04:00:00,0.0,7.9,1021.8,72.0,12.8,0.387229,360.0,9.4
2022-06-15 05:00:00,0.0,7.2,1021.6,74.0,11.7,0.352415,3.0,9.4
2022-06-15 06:00:00,0.0,7.2,1021.6,74.0,11.7,0.298777,340.0,9.4
2022-06-15 07:00:00,0.0,7.2,1020.6,83.0,10.0,0.258934,330.0,7.6
2022-06-15 08:00:00,0.0,7.8,1020.0,86.0,10.0,0.249331,340.0,9.4
2022-06-15 09:00:00,0.0,7.8,1019.1,90.0,9.4,0.245893,350.0,7.6
2022-06-15 10:00:00,0.0,7.8,1019.1,90.0,9.4,0.250028,350.0,7.6
2022-06-15 11:00:00,0.0,7.2,1018.1,89.0,8.9,0.268339,330.0,5.4
2022-06-15 12:00:00,0.0,7.2,1017.2,89.0,8.9,0.321062,350.0,5.4
2022-06-15 13:00:00,0.0,7.8,1016.7,90.0,9.4,0.365437,0.0,0.0
2022-06-15 14:00:00,0.0,7.9,1016.2,75.0,12.2,0.367814,340.0,9.4
2022-06-15 15:00:00,0.0,7.9,1016.2,75.0,12.2,0.352749,340.0,9.4
2022-06-15 16:00:00,0.0,8.3,1015.8,74.0,12.8,0.366401,260.0,7.6
2022-06-15 17:00:00,0.0,8.9,1014.7,72.0,13.9,0.365374,260.0,5.4
2022-06-15 18:00:00,0.0,9.5,1014.4,67.0,15.6,0.288374,80.0,9.4
2022-06-15 19:00:00,0.0,8.8,1014.1,54.0,18.3,0.179047,0.0,0.0
2022-06-15 20:00:00,0.0,8.8,1014.1,54.0,18.3,0.232454,0.0,0.0
2022-06-15 21:00:00,0.0,9.4,1013.5,58.0,17.8,0.257471,32.0,5.4
2022-06-15 22:00:00,0.0,9.9,1012.3,56.0,18.9,0.235183,0.0,0.0
2022-06-15 23:00:00,0.0,9.4,1012.4,54.0,18.9,0.28482,3.0,0.0
2022-06-16 00:00:00,0.0,11.1,1012.4,63.0,18.3,0.314163,240.0,13.0
2022-06-16 01:00:00,0.0,11.1,1012.4,63.0,18.3,0.379752,240.0,13.0
2022-06-16 02:00:00,0.0,9.4,1012.4,58.0,17.8,0.370554,240.0,14.8
2022-06-16 03:00:00,0.0,9.4,1012.8,72.0,14.4,0.39119,220.0,7.6
2022-06-16 04:00:00,0.0,8.4,1012.8,72.0,13.3,0.38782,0.0,0.0
2022-06-16 05:00:00,0.0,8.4,1012.8,72.0,13.3,0.330048,0.0,0.0
2022-06-16 06:00:00,0.0,8.9,1013.2,77.0,12.8,0.283211,230.0,9.4
2022-06-16 07:00:00,0.0,9.4,1012.8,80.0,12.8,0.257867,200.0,9.4
2022-06-16 08:00:00,0.0,9.4,1012.7,83.0,12.2,0.23687,180.0,9.4
2022-06-16 09:00:00,0.0,9.4,1012.6,80.0,12.8,0.233129,0.0,0.0
2022-06-16 10:00:00,0.0,9.4,1012.6,80.0,12.8,0.232379,0.0,0.0
2022-06-16 11:00:00,0.0,9.4,1012.6,86.0,11.7,0.254879,160.0,7.6
2022-06-16 12:00:00,0.0,9.9,1012.7,86.0,12.2,0.301451,150.0,7.6
2022-06-16 13:00:00,0.0,10.0,1013.0,83.0,12.8,0.338841,0.0,0.0
2022-06-16 14:00:00,0.0,10.6,1013.1,78.0,14.4,0.361627,220.0,11.2
2022-06-16 15:00:00,0.0,10.6,1013.1,78.0,14.4,0.333331,220.0,11.2
2022-06-16 16:00:00,0.0,10.6,1013.5,75.0,15.0,0.297899,300.0,9.4
2022-06-16 17:00:00,0.0,10.0,1013.4,67.0,16.1,0.283917,300.0,5.4
2022-06-16 18:00:00,0.0,10.0,1013.4,67.0,16.1,0.286576,260.0,5.4
2022-06-16 19:00:00,0.0,9.5,1013.7,65.0,16.1,0.296588,260.0,13.0
2022-06-16 20:00:00,0.0,10.6,1013.5,61.0,18.3,0.13478,220.0,7.6
2022-06-16 21:00:00,0.0,9.4,1013.0,56.0,18.3,0.169761,0.0,0.0
2022-06-16 22:00:00,0.0,8.2,1012.5,50.0,18.9,0.1697,0.0,5.4
2022-06-16 23:00:00,0.0,8.0,1012.4,49.0,18.9,0.234117,120.0,5.4
2022-06-17 00:00:00,0.0,8.0,1012.4,49.0,18.9,0.266643,120.0,5.4
2022-06-17 01:00:00,0.0,8.3,1011.2,52.0,18.3,0.344539,220.0,9.4
2022-06-17 02:00:00,0.0,8.3,1011.5,60.0,16.1,0.379411,250.0,14.8
2022-06-17 03:00:00,0.0,8.9,1011.1,67.0,15.0,0.378686,270.0,7.6
2022-06-17 04:00:00,0.0,8.9,1011.3,72.0,13.9,0.370502,0.0,0.0
2022-06-17 05:00:00,0.0,8.9,1011.3,72.0,13.9,0.327245,0.0,0.0
2022-06-17 06:00:00,0.0,8.8,1010.6,86.0,11.1,0.275664,250.0,5.4
2022-06-17 07:00:00,0.0,8.9,1010.0,83.0,11.7,0.250258,250.0,7.6
2022-06-17 08:00:00,0.0,8.8,1009.5,86.0,11.1,0.239105,2.0,7.6
2022-06-17 09:00:00,0.0,8.9,1009.2,89.0,10.6,0.232496,230.0,7.6
2022-06-17 10:00:00,0.0,8.9,1009.2,89.0,10.6,0.232493,230.0,7.6
2022-06-17 11:00:00,0.0,8.4,1008.6,86.0,10.6,0.243568,270.0,7.6
2022-06-17 12:00:00,0.0,8.9,1008.8,89.0,10.6,0.287365,250.0,5.4
2022-06-17 13:00:00,0.0,8.9,1008.4,83.0,11.7,0.316116,0.0,0.0
2022-06-17 14:00:00,0.0,8.9,1008.4,83.0,11.7,0.363632,0.0,0.0
2022-06-17 15:00:00,0.3,9.4,1009.6,86.0,11.7,0.399677,170.0,14.8
2022-06-17 16:00:00,2.3,10.0,1009.9,93.0,11.1,0.412754,230.0,11.2
2022-06-17 17:00:00,2.0,10.6,1010.4,93.0,11.7,0.391858,220.0,11.2
2022-06-17 18:00:00,1.3,11.7,1010.6,93.0,12.8,0.344506,220.0,14.8
2022-06-17 19:00:00,0.5,11.7,1010.6,93.0,12.8,0.28234,220.0,14.8
2022-06-17 20:00:00,0.2,12.1,1011.2,83.0,15.0,0.299524,220.0,14.8
2022-06-17 21:00:00,0.5,11.8,1011.3,78.0,15.6,0.293911,220.0,16.6
2022-06-17 22:00:00,2.0,10.6,1011.6,70.0,16.1,0.301308,250.0,14.8
2022-06-17 23:00:00,1.0,10.6,1011.6,72.0,15.6,0.270621,240.0,13.0
2022-06-18 00:00:00,0.0,10.6,1011.6,72.0,15.6,0.309444,240.0,13.0
2022-06-18 01:00:00,0.0,8.8,1011.8,64.0,15.6,0.347922,250.0,16.6
2022-06-18 02:00:00,0.0,9.0,1012.5,70.0,14.4,0.381126,250.0,9.4
2022-06-18 03:00:00,0.0,8.4,1012.6,72.0,13.3,0.368464,220.0,7.6
2022-06-18 04:00:00,0.0,8.9,1013.3,83.0,11.7,0.366667,240.0,9.4
2022-06-18 05:00:00,0.0,8.9,1013.3,83.0,11.7,0.340728,240.0,9.4
2022-06-18 06:00:00,0.0,8.3,1013.7,89.0,10.0,0.293054,250.0,9.4
2022-06-18 07:00:00,0.0,8.9,1013.8,89.0,10.6,0.26636,240.0,7.6
2022-06-18 08:00:00,0.0,8.3,1013.9,89.0,10.0,0.257534,270.0,7.6
2022-06-18 09:00:00,0.0,8.3,1013.9,89.0,10.0,0.24994,270.0,7.6
2022-06-18 10:00:00,0.0,8.9,1014.3,93.0,10.0,0.250609,240.0,7.6
2022-06-18 11:00:00,0.0,8.3,1015.2,89.0,10.0,0.271563,0.0,0.0
2022-06-18 12:00:00,0.0,7.9,1015.5,97.0,8.3,0.292664,240.0,7.6
2022-06-18 13:00:00,0.0,7.9,1016.1,97.0,8.3,0.330258,0.0,0.0
2022-06-18 14:00:00,0.0,7.9,1016.1,97.0,8.3,0.351169,0.0,0.0
2022-06-18 15:00:00,0.0,8.4,1016.7,86.0,10.6,0.332911,280.0,11.2
2022-06-18 16:00:00,0.0,8.9,1016.5,72.0,13.9,0.249795,0.0,0.0
2022-06-18 17:00:00,0.0,9.5,1016.4,65.0,16.1,0.270681,2.0,0.0
2022-06-18 18:00:00,0.0,11.1,1016.6,83.0,13.9,0.304474,220.0,9.4
2022-06-18 19:00:00,0.5,11.1,1016.6,83.0,13.9,0.266358,220.0,9.4
2022-06-18 20:00:00,0.3,10.1,1017.1,65.0,16.7,0.286478,260.0,14.8
2022-06-18 21:00:00,0.4,10.6,1017.4,72.0,15.6,0.175792,5.0,14.8
2022-06-18 22:00:00,0.0,8.8,1017.7,62.0,16.1,0.241164,350.0,16.6
2022-06-18 23:00:00,0.3,8.3,1018.3,62.0,15.6,0.299713,250.0,20.5
2022-06-19 00:00:00,0.0,8.3,1018.3,62.0,15.6,0.34791,250.0,20.5
2022-06-19 01:00:00,0.0,9.4,1019.0,77.0,13.3,0.369448,260.0,14.8
2022-06-19 02:00:00,0.0,9.9,1019.3,86.0,12.2,0.372425,250.0,11.2
2022-06-19 03:00:00,0.3,9.4,1019.2,86.0,11.7,0.372981,240.0,14.8
2022-06-19 04:00:00,0.0,9.4,1019.2,86.0,11.7,0.357369,240.0,14.8
2022-06-19 05:00:00,0.0,9.4,1020.4,89.0,11.1,0.330571,3.0,0.0
2022-06-19 06:00:00,0.0,9.4,1020.6,89.0,11.1,0.293986,230.0,9.4
2022-06-19 07:00:00,0.0,9.4,1020.7,86.0,11.7,0.270297,240.0,9.4
2022-06-19 08:00:00,0.0,10.0,1020.6,93.0,11.1,0.251971,240.0,9.4
2022-06-19 09:00:00,0.0,10.0,1020.6,93.0,11.1,0.249461,230.0,9.4
2022-06-19 10:00:00,0.0,10.0,1021.0,93.0,11.1,0.242257,240.0,5.4
2022-06-19 11:00:00,0.0,10.0,1021.3,96.0,10.6,0.253143,2.0,5.4
2022-06-19 12:00:00,0.0,10.0,1021.8,96.0,10.6,0.281553,220.0,5.4
2022-06-19 13:00:00,0.5,10.0,1022.0,93.0,11.1,0.289251,0.0,0.0
2022-06-19 14:00:00,0.2,10.0,1022.0,93.0,11.1,0.337529,0.0,0.0
2022-06-19 15:00:00,0.0,10.6,1022.8,90.0,12.2,0.353116,230.0,13.0
2022-06-19 16:00:00,0.0,11.1,1022.9,83.0,13.9,0.328027,250.0,9.4
2022-06-19 17:00:00,0.0,9.9,1022.9,69.0,15.6,0.292717,260.0,5.4
2022-06-19 18:00:00,0.0,9.9,1022.9,69.0,15.6,0.248003,260.0,5.4
2022-06-19 19:00:00,0.0,11.2,1023.3,78.0,15.0,0.29814,280.0,16.6
2022-06-19 20:00:00,0.0,10.6,1023.5,65.0,17.2,0.296065,210.0,7.6
2022-06-19 21:00:00,0.0,11.7,1023.6,70.0,17.2,0.33756,240.0,14.8
2022-06-19 22:00:00,0.0,11.7,1023.8,70.0,17.2,0.306146,230.0,11.2
2022-06-19 23:00:00,0.0,11.7,1023.8,70.0,17.2,0.29994,230.0,11.2
2022-06-20 00:00:00,0.0,11.0,1023.4,67.0,17.2,0.28537,230.0,11.2
2022-06-20 01:00:00,0.0,11.2,1023.4,70.0,16.7,0.326452,250.0,14.8
2022-06-20 02:00:00,0.0,11.2,1023.6,75.0,15.6,0.371918,240.0,11.2
2022-06-20 03:00:00,0.0,10.7,1023.8,81.0,13.9,0.389816,230.0,13.0
2022-06-20 04:00:00,0.0,10.7,1023.8,81.0,13.9,0.379149,230.0,13.0
2022-06-20 05:00:00,0.0,9.4,1024.8,89.0,11.1,0.338486,0.0,0.0
2022-06-20 06:00:00,0.0,9.4,1024.9,89.0,11.1,0.293169,240.0,5.4
2022-06-20 07:00:00,0.0,8.9,1025.0,93.0,10.0,0.264704,220.0,9.4
2022-06-20 08:00:00,0.0,8.9,1025.0,93.0,10.0,0.248785,0.0,9.4
2022-06-20 09:00:00,0.0,8.9,1025.0,93.0,10.0,0.243866,0.0,0.0
2022-06-20 10:00:00,0.0,10.0,1025.2,93.0,11.1,0.240278,0.0,0.0
2022-06-20 11:00:00,0.0,10.0,1025.5,93.0,11.1,0.258287,0.0,0.0
2022-06-20 12:00:00,0.0,10.0,1025.5,93.0,11.1,0.291198,0.0,0.0
2022-06-20 13:00:00,0.0,9.9,1026.1,89.0,11.7,0.324422,0.0,0.0
2022-06-20 14:00:00,0.0,9.9,1026.1,89.0,11.7,0.346199,0.0,0.0
2022-06-20 15:00:00,0.0,9.9,1026.9,77.0,13.9,0.359197,10.0,9.4
2022-06-20 16:00:00,0.0,9.9,1026.9,77.0,13.9,0.318695,10.0,9.4
2022-06-20 17:00:00,0.0,9.5,1027.0,65.0,16.1,0.312782,2.0,11.2
2022-06-20 18:00:00,0.0,9.5,1027.0,65.0,16.1,0.22678,10.0,5.4
2022-06-20 19:00:00,0.0,8.9,1026.9,58.0,17.2,0.185008,30.0,9.4
2022-06-20 20:00:00,0.0,9.3,1026.5,52.0,19.4,0.176741,21.0,9.4
2022-06-20 21:00:00,0.0,10.7,1026.2,53.0,20.6,0.145999,30.0,13.0
2022-06-20 22:00:00,0.0,10.5,1025.6,49.0,21.7,0.188255,20.0,11.2
2022-06-20 23:00:00,0.0,10.5,1025.6,49.0,21.7,0.247724,20.0,11.2
2022-06-21 00:00:00,0.0,10.7,1025.0,48.0,22.2,0.291401,50.0,13.0
2022-06-21 01:00:00,0.0,10.0,1024.7,46.0,22.2,0.367051,10.0,16.6
2022-06-21 02:00:00,0.0,10.7,1024.8,53.0,20.6,0.409756,10.0,9.4
2022-06-21 03:00:00,0.0,10.7,1025.2,59.0,18.9,0.398818,10.0,13.0
2022-06-21 04:00:00,0.0,10.7,1025.2,59.0,18.9,0.384209,10.0,13.0
2022-06-21 05:00:00,0.0,10.6,1026.0,72.0,15.6,0.344705,2.0,9.4
2022-06-21 06:00:00,0.0,10.6,1026.2,78.0,14.4,0.288312,320.0,7.6
2022-06-21 07:00:00,0.0,10.6,1026.1,90.0,12.2,0.254408,0.0,0.0
2022-06-21 08:00:00,0.0,10.6,1026.1,90.0,12.2,0.245811,0.0,0.0
2022-06-21 09:00:00,0.0,10.6,1026.4,93.0,11.7,0.232538,290.0,5.4
2022-06-21 10:00:00,0.0,10.0,1026.4,93.0,11.1,0.233295,300.0,5.4
2022-06-21 11:00:00,0.0,10.0,1026.4,96.0,10.6,0.244463,0.0,0.0
2022-06-21 12:00:00,0.0,8.3,1027.7,96.0,8.9,0.279463,0.0,0.0
2022-06-21 13:00:00,0.0,11.1,1026.6,96.0,11.7,0.315773,0.0,0.0
2022-06-21 14:00:00,0.0,11.1,1026.6,96.0,11.7,0.316286,0.0,0.0
2022-06-21 15:00:00,0.0,11.8,1026.6,81.0,15.0,0.284021,0.0,0.0
2022-06-21 16:00:00,0.0,12.9,1026.3,73.0,17.8,0.241146,0.0,5.4
2022-06-21 17:00:00,0.0,13.3,1025.6,63.0,20.6,0.190689,0.0,5.4
2022-06-21 18:00:00,0.0,13.3,1025.0,55.0,22.8,0.176942,30.0,14.8
2022-06-21 19:00:00,0.0,13.3,1025.0,55.0,22.8,0.144338,30.0,14.8
2022-06-21 20:00:00,0.0,13.5,1023.5,47.0,25.6,0.152366,30.0,14.8
2022-06-21 21:00:00,0.0,13.2,1022.9,42.0,27.2,0.182472,10.0,18.4
2022-06-21 22:00:00,0.0,13.0,1022.3,40.0,27.8,0.235766,30.0,13.0
2022-06-21 23:00:00,0.0,12.2,1021.8,37.0,28.3,0.304772,5.0,13.0
2022-06-22 00:00:00,0.0,14.1,1021.4,43.0,27.8,0.351756,40.0,16.6
2022-06-22 01:00:00,0.0,14.1,1021.4,43.0,27.8,0.429908,40.0,16.6
2022-06-22 02:00:00,0.0,13.8,1021.2,48.0,25.6,0.469724,10.0,16.6
2022-06-22 03:00:00,0.0,13.8,1021.3,57.0,22.8,0.453984,360.0,11.2
2022-06-22 04:00:00,0.0,13.8,1021.3,57.0,22.8,0.41848,360.0,11.2
2022-06-22 05:00:00,0.0,12.9,1021.6,66.0,19.4,0.374269,3.0,13.0
2022-06-22 06:00:00,0.0,12.1,1021.6,72.0,17.2,0.308815,0.0,0.0
2022-06-22 07:00:00,0.0,12.2,1021.7,75.0,16.7,0.260426,0.0,5.4
2022-06-22 08:00:00,0.0,12.8,1021.7,93.0,13.9,0.248948,2.0,5.4
2022-06-22 09:00:00,0.0,12.8,1021.7,93.0,13.9,0.231983,250.0,7.6
2022-06-22 10:00:00,0.0,11.7,1021.6,97.0,12.2,0.232305,230.0,7.6
2022-06-22 11:00:00,0.0,11.1,1021.3,93.0,12.2,0.240997,0.0,7.6
2022-06-22 12:00:00,0.0,11.1,1021.4,96.0,11.7,0.270817,290.0,7.6
2022-06-22 13:00:00,0.0,11.1,1021.4,96.0,11.7,0.309124,290.0,7.6
2022-06-22 14:00:00,0.0,13.2,1021.4,80.0,16.7,0.299932,0.0,0.0
2022-06-22 15:00:00,0.0,14.0,1021.1,73.0,18.9,0.269626,0.0,0.0
2022-06-22 16:00:00,0.0,14.0,1020.7,66.0,20.6,0.237145,0.0,0.0
2022-06-22 17:00:00,0.0,14.9,1020.3,61.0,22.8,0.211832,0.0,0.0
2022-06-22 18:00:00,0.0,14.9,1020.3,61.0,22.8,0.204221,0.0,0.0
2022-06-22 19:00:00,0.0,15.7,1019.2,60.0,23.9,0.196173,0.0,0.0
2022-06-22 20:00:00,0.0,16.1,1018.7,60.0,24.4,0.194036,2.0,0.0
2022-06-22 21:00:00,0.0,16.2,1018.1,56.0,25.6,0.2788,0.0,0.0
2022-06-22 22:00:00,0.0,16.2,1018.1,56.0,25.6,0.32422,0.0,0.0
2022-06-22 23:00:00,0.0,16.1,1017.7,54.0,26.1,0.330539,40.0,5.4
2022-06-23 00:00:00,0.0,14.5,1017.1,52.0,25.0,0.418901,360.0,20.5
2022-06-23 01:00:00,0.0,12.1,1017.1,51.0,22.8,0.438645,10.0,24.1
2022-06-23 02:00:00,0.0,10.0,1017.4,49.0,21.1,0.474511,10.0,22.3
2022-06-23 03:00:00,0.0,10.0,1017.9,49.0,18.9,0.449391,350.0,13.0
2022-06-23 04:00:00,0.0,6.7,1017.9,45.0,18.9,0.405743,350.0,13.0
2022-06-23 05:00:00,0.0,7.2,1019.3,62.0,14.4,0.348925,2.0,7.6
2022-06-23 06:00:00,0.0,7.2,1019.7,77.0,11.1,0.297782,0.0,0.0
2022-06-23 07:00:00,0.0,7.3,1020.0,80.0,10.6,0.265484,250.0,5.4
2022-06-23 08:00:00,0.0,7.3,1020.0,80.0,10.6,0.244071,250.0,5.4
2022-06-23 09:00:00,0.0,6.7,1020.5,80.0,10.0,0.234262,340.0,7.6
2022-06-23 10:00:00,0.0,6.1,1020.5,93.0,7.2,0.235416,0.0,0.0
2022-06-23 11:00:00,0.0,6.1,1020.5,93.0,7.2,0.251715,0.0,0.0
2022-06-23 12:00:00,0.0,6.7,1021.1,100.0,6.7,0.288019,0.0,0.0
2022-06-23 13:00:00,0.0,6.7,1021.1,100.0,6.7,0.320369,0.0,0.0
2022-06-23 14:00:00,0.0,7.8,1021.5,80.0,11.1,0.315801,0.0,5.4
2022-06-23 15:00:00,0.0,7.7,1021.4,69.0,13.3,0.268078,0.0,0.0
2022-06-23 16:00:00,0.0,8.4,1021.0,58.0,16.7,0.229557,0.0,9.4
2022-06-23 17:00:00,0.0,7.2,1020.7,50.0,17.8,0.193941,5.0,9.4
2022-06-23 18:00:00,0.0,7.2,1020.7,50.0,17.8,0.158835,10.0,16.6
2022-06-23 19:00:00,0.0,7.9,1019.9,44.0,20.6,0.15865,40.0,13.0
2022-06-23 20:00:00,0.0,8.9,1019.6,44.0,21.7,0.15828,40.0,5.4
2022-06-23 21:00:00,0.0,8.2,1018.8,38.0,23.3,0.177673,14.0,5.4
2022-06-23 22:00:00,0.0,8.2,1018.8,38.0,23.3,0.219603,30.0,5.4
2022-06-23 23:00:00,0.0,6.6,1017.6,32.0,24.4,0.28723,0.0,7.6
2022-06-24 00:00:00,0.0,6.2,1017.2,31.0,24.4,0.348434,350.0,11.2
2022-06-24 01:00:00,0.0,7.1,1017.0,33.0,24.4,0.425663,10.0,13.0
2022-06-24 02:00:00,0.0,8.0,1017.2,40.0,22.2,0.446407,10.0,13.0
2022-06-24 03:00:00,0.0,8.0,1017.2,40.0,22.2,0.443822,10.0,13.0
2022-06-24 04:00:00,0.0,10.1,1018.2,65.0,16.7,0.417108,360.0,13.0
2022-06-24 05:00:00,0.0,8.8,1018.9,64.0,15.6,0.372965,4.0,13.0
2022-06-24 06:00:00,0.0,6.7,1019.2,62.0,13.9,0.306965,360.0,11.2
2022-06-24 07:00:00,0.0,5.6,1019.1,64.0,12.2,0.285573,360.0,5.4
2022-06-24 08:00:00,0.0,5.6,1019.1,64.0,12.2,0.263544,240.0,5.4
2022-06-24 09:00:00,0.0,7.8,1019.8,90.0,9.4,0.252666,0.0,0.0
2022-06-24 10:00:00,0.0,7.8,1019.8,93.0,8.9,0.250675,0.0,0.0
2022-06-24 11:00:00,0.0,7.2,1020.1,96.0,7.8,0.269929,0.0,0.0
2022-06-24 12:00:00,0.0,7.2,1020.6,96.0,7.8,0.296539,0.0,0.0
2022-06-24 13:00:00,0.0,7.2,1020.6,96.0,7.8,0.319377,0.0,0.0
2022-06-24 14:00:00,0.0,9.4,1020.5,83.0,12.2,0.338438,0.0,0.0
2022-06-24 15:00:00,0.0,7.3,1020.4,54.0,16.7,0.306051,350.0,9.4
2022-06-24 16:00:00,0.0,6.2,1020.4,45.0,18.3,0.249941,10.0,16.6
2022-06-24 17:00:00,0.0,7.4,1019.9,44.0,20.0,0.1998,5.0,16.6
2022-06-24 18:00:00,0.0,7.4,1019.9,44.0,20.0,0.170129,330.0,16.6
2022-06-24 19:00:00,0.0,8.3,1019.2,37.0,23.9,0.168309,20.0,14.8
2022-06-24 20:00:00,0.0,9.4,1018.6,36.0,25.6,0.176996,4.0,14.8
2022-06-24 21:00:00,0.0,7.7,1018.0,30.0,26.7,0.206659,360.0,24.1
2022-06-24 22:00:00,0.0,8.1,1017.4,28.0,28.3,0.246523,360.0,24.1
2022-06-24 23:00:00,0.0,8.1,1017.4,28.0,28.3,0.31089,10.0,24.1
2022-06-25 00:00:00,0.0,8.1,1016.6,28.0,28.3,0.372435,20.0,20.5
2022-06-25 01:00:00,0.0,8.1,1016.4,29.0,27.8,0.44595,20.0,22.3
2022-06-25 02:00:00,0.0,9.0,1016.5,34.0,26.1,0.460165,5.0,22.3
2022-06-25 03:00:00,0.0,9.0,1016.5,34.0,26.1,0.438172,360.0,16.6
2022-06-25 04:00:00,0.0,8.9,1017.0,44.0,21.7,0.424233,340.0,18.4
2022-06-25 05:00:00,0.0,7.9,1017.4,44.0,20.6,0.392425,5.0,18.4
2022-06-25 06:00:00,0.0,7.2,1017.4,45.0,19.4,0.331803,350.0,14.8
2022-06-25 07:00:00,0.0,7.8,1017.4,52.0,17.8,0.288472,360.0,14.8
2022-06-25 08:00:00,0.0,7.8,1017.4,52.0,17.8,0.249741,360.0,14.8
2022-06-25 09:00:00,0.0,7.3,1017.5,52.0,17.2,0.232627,350.0,14.8
2022-06-25 10:00:00,0.0,6.7,1017.3,50.0,17.2,0.227388,350.0,18.4
2022-06-25 11:00:00,0.0,6.8,1017.3,52.0,16.7,0.232714,5.0,18.4
2022-06-25 12:00:00,0.0,6.8,1017.3,52.0,16.7,0.2442,350.0,16.6
2022-06-25 13:00:00,0.0,7.7,1017.5,50.0,18.3,0.271557,350.0,18.4
2022-06-25 14:00:00,0.0,10.0,1017.6,49.0,21.1,0.320929,360.0,14.8
2022-06-25 15:00:00,0.0,9.8,1017.4,41.0,23.9,0.32311,360.0,18.4
2022-06-25 16:00:00,0.0,9.4,1017.2,36.0,25.6,0.288112,10.0,18.4
2022-06-25 17:00:00,0.0,11.2,1016.8,37.0,27.2,0.275638,360.0,20.5
2022-06-25 18:00:00,0.0,11.2,1016.8,37.0,27.2,0.264955,360.0,20.5
2022-06-25 19:00:00,0.0,11.1,1015.8,30.0,30.6,0.256168,70.0,20.5
2022-06-25 20:00:00,0.0,9.9,1015.1,26.0,31.7,0.26691,20.0,22.3
2022-06-25 21:00:00,0.0,10.2,1014.5,25.0,32.8,0.304718,40.0,16.6
2022-06-25 22:00:00,0.0,10.2,1014.5,25.0,32.8,0.340472,40.0,16.6
2022-06-25 23:00:00,0.0,10.2,1013.7,25.0,32.8,0.407041,30.0,22.3
2022-06-26 00:00:00,0.0,9.1,1013.4,24.0,32.2,0.467571,10.0,18.4
2022-06-26 01:00:00,0.0,9.3,1013.2,25.0,31.7,0.529736,360.0,16.6
2022-06-26 02:00:00,0.0,9.0,1013.2,27.0,30.0,0.548593,360.0,14.8
2022-06-26 03:00:00,0.0,9.0,1013.2,27.0,30.0,0.531105,360.0,14.8
2022-06-26 04:00:00,0.0,6.7,1013.8,28.0,26.7,0.496101,350.0,20.5
2022-06-26 05:00:00,0.0,6.6,1014.3,32.0,24.4,0.429651,340.0,16.6
2022-06-26 06:00:00,0.0,7.4,1014.4,37.0,22.8,0.38004,340.0,18.4
2022-06-26 07:00:00,0.0,7.2,1014.4,38.0,22.2,0.328269,350.0,16.6
2022-06-26 08:00:00,0.0,7.2,1014.4,38.0,22.2,0.295653,350.0,16.6
2022-06-26 09:00:00,0.0,6.0,1014.3,36.0,21.7,0.27432,340.0,16.6
2022-06-26 10:00:00,0.0,6.9,1014.3,41.0,20.6,0.260334,350.0,9.4
2022-06-26 11:00:00,0.0,6.2,1014.4,39.0,20.6,0.256929,350.0,13.0
2022-06-26 12:00:00,0.0,6.2,1014.4,39.0,20.6,0.262715,350.0,13.0
2022-06-26 13:00:00,0.0,7.9,1014.5,41.0,21.7,0.279732,350.0,11.2
2022-06-26 14:00:00,0.0,7.9,1014.6,41.0,21.7,0.313273,350.0,16.6
2022-06-26 15:00:00,0.0,9.9,1014.8,36.0,26.1,0.338369,350.0,13.0
2022-06-26 16:00:00,0.0,10.4,1014.4,35.0,27.2,0.332192,360.0,18.4
2022-06-26 17:00:00,0.0,10.4,1014.4,35.0,27.2,0.310068,360.0,18.4
2022-06-26 18:00:00,0.0,13.4,1014.0,35.0,30.6,0.309286,320.0,14.8
2022-06-26 19:00:00,0.0,13.9,1013.5,34.0,31.7,0.332746,330.0,14.8
2022-06-26 20:00:00,0.0,14.4,1013.0,33.0,32.8,0.353777,330.0,11.2
2022-06-26 21:00:00,0.0,13.9,1012.6,30.0,33.9,0.386193,330.0,16.6
2022-06-26 22:00:00,0.0,13.9,1012.6,30.0,33.9,0.43095,330.0,16.6
2022-06-26 23:00:00,0.0,14.3,1011.9,28.0,35.6,0.491799,3.0,14.8
2022-06-27 00:00:00,0.0,14.3,1011.6,29.0,35.0,0.56646,350.0,9.4
2022-06-27 01:00:00,0.0,14.8,1011.6,31.0,34.4,0.635001,340.0,9.4
2022-06-27 02:00:00,0.0,14.8,1011.6,31.0,34.4,0.650538,340.0,9.4
2022-06-27 03:00:00,0.0,20.7,1012.3,54.0,31.1,0.608149,230.0,16.6
2022-06-27 04:00:00,0.0,15.6,1012.8,58.0,24.4,0.547689,250.0,5.4
2022-06-27 05:00:00,0.0,12.3,1013.4,61.0,20.0,0.472931,4.0,5.4
2022-06-27 06:00:00,0.0,11.7,1013.5,63.0,18.9,0.383849,240.0,14.8
2022-06-27 07:00:00,0.0,11.7,1013.5,63.0,18.9,0.336942,240.0,14.8
2022-06-27 08:00:00,0.0,12.3,1014.3,78.0,16.1,0.305059,0.0,0.0
2022-06-27 09:00:00,0.0,10.5,1014.2,67.0,16.7,0.278881,270.0,7.6
2022-06-27 10:00:00,0.0,9.9,1014.1,69.0,15.6,0.272648,250.0,13.0
2022-06-27 11:00:00,0.0,10.0,1014.5,75.0,14.4,0.273791,2.0,13.0
2022-06-27 12:00:00,0.0,10.0,1014.5,75.0,14.4,0.294956,250.0,5.4
2022-06-27 13:00:00,0.0,10.0,1015.0,67.0,16.1,0.329909,280.0,9.4
2022-06-27 14:00:00,0.0,12.7,1015.0,70.0,18.3,0.353288,280.0,7.6
2022-06-27 15:00:00,0.0,13.3,1014.9,61.0,21.1,0.32433,0.0,0.0
2022-06-27 16:00:00,0.0,12.7,1014.8,53.0,22.8,0.317008,0.0,0.0
2022-06-27 17:00:00,0.0,13.2,1014.4,48.0,25.0,0.311293,240.0,5.4
2022-06-27 18:00:00,0.0,13.2,1014.4,48.0,25.0,0.330584,240.0,5.4
2022-06-27 19:00:00,0.0,16.1,1013.8,46.0,28.9,0.344245,0.0,7.6
2022-06-27 20:00:00,0.0,16.2,1013.5,42.0,30.6,0.359555,240.0,14.8
2022-06-27 21:00:00,0.0,17.3,1013.4,45.0,30.6,0.383817,240.0,14.8
2022-06-27 22:00:00,0.0,17.3,1013.4,45.0,30.6,0.436466,240.0,14.8
2022-06-27 23:00:00,0.0,12.4,1013.5,34.0,30.0,0.50131,250.0,14.8
2022-06-28 00:00:00,0.0,9.6,1013.6,30.0,28.9,0.529526,260.0,16.6
2022-06-28 01:00:00,0.0,9.1,1013.8,31.0,27.8,0.587987,260.0,9.4
2022-06-28 02:00:00,0.0,9.1,1013.8,31.0,27.8,0.60723,260.0,9.4
2022-06-28 03:00:00,0.0,10.1,1014.8,39.0,25.0,0.537902,250.0,14.8
2022-06-28 04:00:00,0.0,10.7,1015.2,63.0,17.8,0.480899,230.0,22.3
2022-06-28 05:00:00,0.0,10.0,1016.1,72.0,15.0,0.414191,230.0,22.3
2022-06-28 06:00:00,0.0,9.9,1016.8,77.0,13.9,0.342883,220.0,16.6
2022-06-28 07:00:00,0.0,9.9,1016.8,77.0,13.9,0.303729,220.0,16.6
2022-06-28 08:00:00,0.0,9.4,1017.6,83.0,12.2,0.284544,190.0,13.0
2022-06-28 09:00:00,0.0,9.4,1018.1,86.0,11.7,0.260551,180.0,11.2
2022-06-28 10:00:00,0.0,9.4,1018.3,89.0,11.1,0.254798,180.0,11.2
2022-06-28 11:00:00,0.0,8.9,1018.8,89.0,10.6,0.268451,170.0,11.2
2022-06-28 12:00:00,0.0,8.9,1018.8,89.0,10.6,0.281204,170.0,11.2
2022-06-28 13:00:00,0.0,10.7,1019.5,87.0,12.8,0.307937,130.0,9.4
2022-06-28 14:00:00,0.0,10.6,1020.1,78.0,14.4,0.326059,3.0,9.4
2022-06-28 15:00:00,0.0,11.6,1019.8,72.0,16.7,0.325374,150.0,20.5
2022-06-28 16:00:00,0.0,11.6,1019.8,72.0,16.7,0.33087,150.0,20.5
2022-06-28 17:00:00,0.0,11.8,1020.0,68.0,17.8,0.338721,180.0,16.6
2022-06-28 18:00:00,0.0,12.3,1020.5,68.0,18.3,0.320297,200.0,18.4
2022-06-28 19:00:00,0.0,12.7,1020.6,70.0,18.3,0.353172,210.0,18.4
2022-06-28 20:00:00,0.0,13.3,1020.8,68.0,19.4,0.289745,5.0,18.4
2022-06-28 21:00:00,0.0,13.3,1020.8,68.0,19.4,0.283225,250.0,16.6
2022-06-28 22:00:00,0.0,12.8,1020.6,59.0,21.1,0.222818,250.0,14.8
2022-06-28 23:00:00,0.0,12.3,1020.5,59.0,20.6,0.300109,3.0,14.8
2022-06-29 00:00:00,0.0,11.7,1020.3,59.0,20.0,0.332183,290.0,14.8
2022-06-29 01:00:00,0.0,11.7,1020.4,63.0,18.9,0.39789,250.0,11.2
2022-06-29 02:00:00,0.0,11.7,1020.4,63.0,18.9,0.431234,250.0,11.2
2022-06-29 03:00:00,0.0,10.6,1020.4,75.0,15.0,0.412868,250.0,14.8
2022-06-29 04:00:00,0.0,9.9,1020.8,80.0,13.3,0.387906,230.0,9.4
2022-06-29 05:00:00,0.0,9.9,1021.0,80.0,13.3,0.334817,280.0,5.4
2022-06-29 06:00:00,0.0,9.9,1021.0,80.0,13.3,0.283033,280.0,5.4
2022-06-29 07:00:00,0.0,9.4,1021.2,92.0,10.6,0.253107,210.0,5.4
2022-06-29 08:00:00,0.0,8.9,1021.2,89.0,10.6,0.231237,250.0,7.6
2022-06-29 09:00:00,0.0,9.4,1021.3,89.0,11.1,0.232683,320.0,5.4
2022-06-29 10:00:00,0.0,9.9,1021.2,89.0,11.7,0.233082,280.0,5.4
2022-06-29 11:00:00,0.0,10.6,1021.4,93.0,11.7,0.24271,240.0,7.6
2022-06-29 12:00:00,0.0,10.6,1021.4,93.0,11.7,0.260417,240.0,7.6
2022-06-29 13:00:00,0.0,11.0,1021.9,89.0,12.8,0.290641,0.0,0.0
2022-06-29 14:00:00,0.0,11.7,1022.1,84.0,14.4,0.310497,250.0,5.4
2022-06-29 15:00:00,0.0,10.6,1022.3,72.0,15.6,0.30865,0.0,0.0
2022-06-29 16:00:00,0.0,10.6,1022.3,72.0,15.6,0.314846,0.0,0.0
2022-06-29 17:00:00,0.0,10.6,1022.2,65.0,17.2,0.287145,2.0,7.6
2022-06-29 18:00:00,0.0,11.7,1021.7,63.0,18.9,0.206698,170.0,11.2
2022-06-29 19:00:00,0.0,10.7,1021.4,57.0,19.4,0.145755,0.0,0.0
2022-06-29 20:00:00,0.0,11.8,1020.9,57.0,20.6,0.161635,0.0,0.0
2022-06-29 21:00:00,0.0,11.8,1020.9,57.0,20.6,0.193503,0.0,0.0
2022-06-29 22:00:00,0.0,12.9,1019.7,52.0,23.3,0.234253,0.0,0.0
2022-06-29 23:00:00,0.0,13.4,1019.1,52.0,23.9,0.302973,2.0,0.0
2022-06-30 00:00:00,0.0,13.3,1018.7,50.0,24.4,0.366878,0.0,0.0
2022-06-30 01:00:00,0.0,12.7,1018.6,55.0,22.2,0.435021,230.0,20.5
2022-06-30 02:00:00,0.0,12.7,1018.6,55.0,22.2,0.452907,230.0,20.5
2022-06-30 03:00:00,0.0,11.7,1019.2,75.0,16.1,0.436204,240.0,16.6
2022-06-30 04:00:00,0.0,12.3,1019.9,78.0,16.1,0.412475,360.0,11.2
2022-06-30 05:00:00,0.0,11.2,1020.1,78.0,15.0,0.357631,3.0,11.2
2022-06-30 06:00:00,0.0,11.1,1020.1,83.0,13.9,0.286076,330.0,11.2
2022-06-30 07:00:00,0.0,11.1,1020.1,83.0,13.9,0.255081,330.0,11.2
2022-06-30 08:00:00,0.0,10.0,1020.2,93.0,11.1,0.244605,280.0,7.6
2022-06-30 09:00:00,0.0,9.4,1020.1,89.0,11.1,0.232631,0.0,0.0
2022-06-30 10:00:00,0.0,8.9,1020.3,93.0,10.0,0.235744,280.0,9.4
2022-06-30 11:00:00,0.0,8.9,1020.3,93.0,10.0,0.25151,280.0,9.4
2022-06-30 12:00:00,0.0,10.0,1020.2,93.0,11.1,0.27285,260.0,5.4
2022-06-30 13:00:00,0.0,10.6,1020.3,93.0,11.7,0.299225,0.0,0.0
2022-06-30 14:00:00,0.0,10.6,1020.4,78.0,14.4,0.298058,10.0,5.4
2022-06-30 15:00:00,0.0,10.6,1020.3,72.0,15.6,0.260752,10.0,7.6
2022-06-30 16:00:00,0.0,10.6,1020.3,72.0,15.6,0.244203,10.0,7.6
2022-06-30 17:00:00,0.0,11.7,1019.6,63.0,18.9,0.203922,2.0,0.0
2022-06-30 18:00:00,0.0,12.3,1019.1,61.0,20.0,0.179079,0.0,0.0
2022-06-30 19:00:00,0.0,11.7,1018.6,55.0,21.1,0.17515,0.0,11.2
2022-06-30 20:00:00,0.0,10.6,1017.9,43.0,23.9,0.185867,359.0,5.4
2022-06-30 21:00:00,0.0,10.6,1017.9,43.0,23.9,0.209074,340.0,5.4
2022-06-30 22:00:00,0.0,12.8,1016.9,45.0,25.6,0.272637,330.0,13.0
2022-06-30 23:00:00,0.0,12.8,1016.9,45.0,25.6,0.338531,330.0,13.0
2022-07-01 00:00:00,0.0,14.5,1016.0,47.0,26.7,0.396519,330.0,9.4
2022-07-01 01:00:00,0.0,14.5,1016.0,47.0,26.7,0.458057,330.0,9.4
2022-07-01 02:00:00,0.0,14.4,1016.1,70.0,20.0,0.463303,230.0,20.5
2022-07-01 03:00:00,0.0,13.3,1016.5,75.0,17.8,0.430401,230.0,18.4
2022-07-01 04:00:00,0.0,12.8,1017.0,81.0,16.1,0.404116,230.0,16.6
2022-07-01 05:00:00,0.0,12.1,1017.5,83.0,15.0,0.357308,5.0,16.6
2022-07-01 06:00:00,0.0,12.1,1017.5,83.0,15.0,0.308399,230.0,16.6
2022-07-01 07:00:00,0.0,11.7,1017.8,90.0,13.3,0.273992,230.0,13.0
2022-07-01 08:00:00,0.0,11.2,1018.0,87.0,13.3,0.254225,230.0,13.0
2022-07-01 09:00:00,0.0,11.0,1018.2,89.0,12.8,0.245683,230.0,9.4
2022-07-01 10:00:00,0.0,11.0,1018.4,89.0,12.8,0.233559,240.0,7.6
2022-07-01 11:00:00,0.0,11.0,1018.4,89.0,12.8,0.241067,240.0,7.6
2022-07-01 12:00:00,0.0,10.6,1018.7,93.0,11.7,0.266958,0.0,0.0
2022-07-01 13:00:00,0.0,11.7,1019.1,90.0,13.3,0.287148,0.0,0.0
2022-07-01 14:00:00,0.0,12.1,1019.4,83.0,15.0,0.305542,250.0,5.4
2022-07-01 15:00:00,0.0,12.8,1019.4,81.0,16.1,0.283248,0.0,0.0
2022-07-01 16:00:00,0.0,12.8,1019.4,81.0,16.1,0.294648,0.0,0.0
2022-07-01 17:00:00,0.0,13.3,1019.1,68.0,19.4,0.303427,2.0,5.4
2022-07-01 18:00:00,0.0,13.2,1018.7,65.0,20.0,0.287674,0.0,0.0
2022-07-01 19:00:00,0.0,13.9,1018.4,61.0,21.7,0.28114,60.0,7.6
2022-07-01 20:00:00,0.0,13.9,1018.4,61.0,21.7,0.233506,60.0,7.6
2022-07-01 21:00:00,0.0,15.7,1017.9,60.0,23.9,0.234525,0.0,0.0
2022-07-01 22:00:00,0.0,15.1,1017.2,58.0,23.9,0.272655,80.0,7.6
2022-07-01 23:00:00,0.0,15.0,1015.8,54.0,25.0,0.305119,3.0,9.0
2022-07-02 00:00:00,0.0,15.0,1015.8,54.0,25.0,0.370622,230.0,9.4
2022-07-02 01:00:00,0.0,16.1,1015.1,60.0,24.4,0.422684,230.0,16.6
2022-07-02 02:00:00,0.0,14.0,1014.7,71.0,19.4,0.435896,230.0,20.5
2022-07-02 03:00:00,0.0,12.7,1015.0,75.0,17.2,0.404809,260.0,11.2
2022-07-02 04:00:00,0.0,12.3,1015.6,87.0,14.4,0.394484,250.0,9.4
2022-07-02 05:00:00,0.0,11.7,1015.7,90.0,13.3,0.340139,240.0,13.0
2022-07-02 06:00:00,0.0,11.7,1015.7,90.0,13.3,0.297312,240.0,13.0
2022-07-02 07:00:00,0.0,11.0,1015.9,89.0,12.8,0.263153,280.0,7.6
2022-07-02 08:00:00,0.0,10.6,1015.9,93.0,11.7,0.246304,2.0,7.6
2022-07-02 09:00:00,0.0,10.0,1015.8,93.0,11.1,0.232668,280.0,7.6
2022-07-02 10:00:00,0.0,10.0,1015.7,93.0,11.1,0.234519,250.0,5.4
2022-07-02 11:00:00,0.0,10.0,1015.7,93.0,11.1,0.23433,250.0,5.4
2022-07-02 12:00:00,0.0,10.0,1015.7,96.0,10.6,0.246637,0.0,0.0
2022-07-02 13:00:00,0.0,10.6,1015.9,93.0,11.7,0.267242,0.0,0.0
2022-07-02 14:00:00,0.0,11.7,1015.8,93.0,12.8,0.306127,260.0,5.4
2022-07-02 15:00:00,0.0,11.2,1015.6,81.0,14.4,0.330761,340.0,9.4
2022-07-02 16:00:00,0.0,11.2,1015.6,81.0,14.4,0.319475,340.0,9.4
2022-07-02 17:00:00,0.0,11.8,1014.9,78.0,15.6,0.340019,200.0,5.4
2022-07-02 18:00:00,0.0,12.2,1014.7,75.0,16.7,0.282691,0.0,0.0
2022-07-02 19:00:00,0.0,12.2,1014.7,75.0,16.7,0.217716,0.0,0.0
2022-07-02 20:00:00,0.0,13.3,1014.1,70.0,18.9,0.19453,180.0,7.6
2022-07-02 21:00:00,0.0,14.0,1013.6,66.0,20.6,0.263052,210.0,7.6
2022-07-02 22:00:00,0.0,14.0,1013.1,66.0,20.6,0.284065,210.0,7.6
2022-07-02 23:00:00,0.0,14.5,1012.6,66.0,21.1,0.303439,230.0,11.2
2022-07-03 00:00:00,0.0,14.5,1012.6,66.0,21.1,0.351011,230.0,11.2
2022-07-03 01:00:00,0.0,14.0,1011.9,66.0,20.6,0.377776,240.0,9.4
2022-07-03 02:00:00,0.0,13.4,1012.5,73.0,18.3,0.402236,190.0,20.5
2022-07-03 03:00:00,0.0,12.2,1013.1,75.0,16.7,0.390015,220.0,18.4
2022-07-03 04:00:00,0.0,12.3,1013.6,78.0,16.1,0.367228,0.0,0.0
2022-07-03 05:00:00,0.0,12.3,1013.6,78.0,16.1,0.33388,0.0,0.0
2022-07-03 06:00:00,0.0,11.8,1013.5,87.0,13.9,0.301433,2.0,7.6
2022-07-03 07:00:00,0.0,11.1,1013.6,83.0,13.9,0.278187,240.0,5.4
2022-07-03 08:00:00,0.0,11.1,1013.7,83.0,13.9,0.247032,230.0,11.2
2022-07-03 09:00:00,0.0,11.1,1014.0,83.0,13.9,0.231047,220.0,7.6
2022-07-03 10:00:00,0.0,11.2,1014.2,87.0,13.3,0.23266,240.0,5.4
2022-07-03 11:00:00,0.0,10.7,1014.4,84.0,13.3,0.232193,2.0,5.4
2022-07-03 12:00:00,0.0,10.7,1014.4,84.0,13.3,0.238431,240.0,5.4
2022-07-03 13:00:00,0.0,11.1,1014.4,83.0,13.9,0.250495,0.0,0.0
2022-07-03 14:00:00,0.0,11.1,1014.6,83.0,13.9,0.283144,210.0,5.4
2022-07-03 15:00:00,0.0,11.1,1014.6,83.0,13.9,0.284766,210.0,5.4
2022-07-03 16:00:00,0.0,11.7,1014.5,75.0,16.1,0.304172,150.0,5.4
2022-07-03 17:00:00,0.0,11.7,1014.5,75.0,16.1,0.293661,90.0,5.4
2022-07-03 18:00:00,0.0,12.1,1014.5,72.0,17.2,0.278008,130.0,11.2
2022-07-03 19:00:00,0.0,11.6,1014.4,65.0,18.3,0.233666,130.0,7.6
2022-07-03 20:00:00,0.0,11.6,1014.4,65.0,18.3,0.176994,190.0,7.6
2022-07-03 21:00:00,0.0,11.7,1013.5,55.0,21.1,0.239333,100.0,9.4
2022-07-03 22:00:00,0.0,11.6,1013.0,51.0,22.2,0.255198,360.0,9.4
2022-07-03 23:00:00,0.0,12.3,1012.7,57.0,21.1,0.350418,2.0,9.4
2022-07-04 00:00:00,0.0,11.7,1012.5,55.0,21.1,0.368257,0.0,0.0
2022-07-04 01:00:00,0.0,11.7,1012.5,55.0,21.1,0.394184,0.0,0.0
2022-07-04 02:00:00,0.0,12.3,1012.5,59.0,20.6,0.406377,20.0,16.6
2022-07-04 03:00:00,0.0,11.6,1012.7,65.0,18.3,0.396372,10.0,9.4
2022-07-04 04:00:00,0.0,12.8,1013.3,78.0,16.7,0.376451,0.0,0.0
2022-07-04 05:00:00,0.0,12.8,1013.3,78.0,16.7,0.336401,0.0,0.0
2022-07-04 06:00:00,0.0,10.0,1013.9,75.0,14.4,0.292539,360.0,9.4
2022-07-04 07:00:00,0.0,9.9,1013.8,80.0,13.3,0.265694,340.0,7.6
2022-07-04 08:00:00,0.0,9.9,1013.8,86.0,12.2,0.249831,310.0,5.4
2022-07-04 09:00:00,0.0,9.4,1014.0,96.0,10.0,0.229812,250.0,9.4
2022-07-04 10:00:00,0.0,9.4,1014.0,96.0,10.0,0.232249,250.0,9.4
2022-07-04 11:00:00,0.0,9.4,1014.5,92.0,10.6,0.234543,2.0,7.6
2022-07-04 12:00:00,0.0,10.0,1014.7,96.0,10.6,0.25112,300.0,7.6
2022-07-04 13:00:00,0.0,10.6,1014.9,90.0,12.2,0.256397,0.0,0.0
2022-07-04 14:00:00,0.0,11.1,1014.9,83.0,13.9,0.270336,0.0,0.0
2022-07-04 15:00:00,0.0,11.1,1014.9,83.0,13.9,0.27636,0.0,0.0
2022-07-04 16:00:00,0.0,11.2,1014.8,70.0,16.7,0.30594,190.0,7.6
2022-07-04 17:00:00,0.0,11.2,1014.8,70.0,16.7,0.300211,190.0,7.6
2022-07-04 18:00:00,0.0,11.0,1014.6,67.0,17.2,0.255889,0.0,0.0
2022-07-04 19:00:00,0.0,11.7,1014.5,61.0,19.4,0.21676,220.0,5.4
2022-07-04 20:00:00,0.0,12.8,1014.0,59.0,21.1,0.189978,150.0,7.6
2022-07-04 21:00:00,0.0,12.2,1013.6,53.0,22.2,0.231329,0.0,0.0
2022-07-04 22:00:00,0.0,12.4,1013.1,47.0,24.4,0.272087,0.0,9.4
2022-07-04 23:00:00,0.0,9.8,1012.8,41.0,23.9,0.309615,0.0,9.4
2022-07-05 00:00:00,0.0,11.7,1012.6,45.0,24.4,0.368822,0.0,5.4
2022-07-05 01:00:00,0.0,11.7,1012.6,45.0,24.4,0.42057,165.0,5.4
2022-07-05 02:00:00,0.0,12.3,1012.3,50.0,23.3,0.44489,340.0,7.6
2022-07-05 03:00:00,0.0,12.8,1012.5,57.0,21.7,0.419451,160.0,5.4
2022-07-05 04:00:00,0.0,12.7,1013.1,70.0,18.3,0.3827,280.0,9.4
2022-07-05 05:00:00,0.0,12.2,1013.3,80.0,15.6,0.348175,270.0,7.6
2022-07-05 06:00:00,0.0,12.2,1013.3,80.0,15.6,0.320327,270.0,7.6
2022-07-05 07:00:00,0.0,12.2,1013.3,80.0,15.6,0.289733,280.0,9.4
2022-07-05 08:00:00,0.0,12.7,1013.1,83.0,15.6,0.256899,300.0,5.4
2022-07-05 09:00:00,0.0,12.3,1013.1,87.0,14.4,0.242178,240.0,5.4
2022-07-05 10:00:00,0.0,12.3,1013.1,87.0,14.4,0.235419,240.0,5.4
2022-07-05 11:00:00,0.0,12.3,1013.0,87.0,14.4,0.245496,0.0,5.4
2022-07-05 12:00:00,0.6,12.8,1013.1,93.0,13.9,0.273948,0.0,0.0
2022-07-05 13:00:00,0.0,12.9,1013.2,87.0,15.0,0.289182,0.0,0.0
2022-07-05 14:00:00,0.0,13.2,1013.2,80.0,16.7,0.307239,0.0,0.0
2022-07-05 15:00:00,0.0,13.2,1013.2,80.0,16.7,0.307783,0.0,0.0
2022-07-05 16:00:00,0.0,13.3,1013.0,70.0,18.9,0.344517,0.0,0.0
2022-07-05 17:00:00,1.6,14.5,1013.0,84.0,17.2,0.370837,2.0,0.0
2022-07-05 18:00:00,0.3,15.1,1013.2,84.0,17.8,0.324061,240.0,7.6
2022-07-05 19:00:00,0.3,15.1,1013.2,84.0,17.8,0.277216,240.0,7.6
2022-07-05 20:00:00,0.0,14.4,1012.7,63.0,21.7,0.306006,2.0,5.4
2022-07-05 21:00:00,0.0,15.1,1012.9,76.0,19.4,0.364362,280.0,7.6
2022-07-05 22:00:00,0.3,15.6,1012.3,71.0,21.1,0.326152,300.0,9.4
2022-07-05 23:00:00,0.3,15.6,1012.5,73.0,20.6,0.366258,0.0,9.4
2022-07-06 00:00:00,0.0,15.6,1012.5,73.0,20.6,0.404004,0.0,0.0
2022-07-06 01:00:00,0.0,15.0,1012.6,73.0,20.0,0.417152,230.0,5.4
2022-07-06 02:00:00,0.5,16.7,1012.8,93.0,17.8,0.416813,220.0,0.0
2022-07-06 03:00:00,0.3,16.7,1013.0,93.0,17.8,0.413246,150.0,7.6
2022-07-06 04:00:00,0.5,16.7,1013.0,93.0,17.8,0.393486,150.0,7.6
2022-07-06 05:00:00,0.0,16.1,1014.0,93.0,17.2,0.339262,0.0,0.0
2022-07-06 06:00:00,0.0,16.1,1013.6,93.0,17.2,0.294473,0.0,0.0
2022-07-06 07:00:00,0.0,16.1,1013.3,96.0,16.7,0.269941,230.0,7.6
2022-07-06 08:00:00,0.0,16.1,1013.3,96.0,16.7,0.251916,230.0,7.6
2022-07-06 09:00:00,0.0,15.6,1013.2,93.0,16.7,0.237501,240.0,7.6
2022-07-06 10:00:00,0.3,15.6,1013.2,93.0,16.7,0.239364,240.0,7.6
2022-07-06 11:00:00,0.0,15.6,1013.1,97.0,16.1,0.250645,0.0,0.0
2022-07-06 12:00:00,0.0,15.0,1013.3,93.0,16.1,0.276365,0.0,0.0
2022-07-06 13:00:00,0.0,15.0,1013.6,93.0,16.1,0.310884,0.0,0.0
2022-07-06 14:00:00,0.0,15.1,1013.8,90.0,16.7,0.314546,2.0,0.0
2022-07-06 15:00:00,0.0,15.1,1013.8,90.0,16.7,0.319911,200.0,7.6
2022-07-06 16:00:00,0.0,15.1,1014.1,76.0,19.4,0.313841,230.0,7.6
2022-07-06 17:00:00,0.0,14.5,1014.0,66.0,21.1,0.251388,0.0,7.6
2022-07-06 18:00:00,0.0,14.0,1014.0,64.0,21.1,0.322366,200.0,7.6
2022-07-06 19:00:00,0.0,14.0,1014.0,64.0,21.1,0.302162,200.0,7.6
2022-07-06 20:00:00,0.0,15.5,1013.6,68.0,21.7,0.357966,4.0,7.6
2022-07-06 21:00:00,0.0,15.1,1013.6,64.0,22.2,0.335204,130.0,7.6
2022-07-06 22:00:00,0.0,15.1,1013.6,64.0,22.2,0.402095,240.0,7.6
2022-07-06 23:00:00,0.0,14.3,1013.4,61.0,22.2,0.426963,3.0,11.2
2022-07-07 00:00:00,0.0,14.3,1013.4,61.0,22.2,0.427601,190.0,11.2
2022-07-07 01:00:00,0.0,14.5,1013.7,68.0,20.6,0.455961,250.0,13.0
2022-07-07 02:00:00,0.0,14.4,1013.9,73.0,19.4,0.449788,250.0,9.4
2022-07-07 03:00:00,0.0,14.5,1014.2,81.0,17.8,0.436155,240.0,9.4
2022-07-07 04:00:00,0.0,13.2,1014.7,80.0,16.7,0.424154,250.0,5.4
2022-07-07 05:00:00,0.0,13.2,1014.7,80.0,16.7,0.372462,250.0,5.4
2022-07-07 06:00:00,0.0,12.8,1015.0,93.0,13.9,0.317627,230.0,9.4
2022-07-07 07:00:00,0.0,12.2,1015.2,93.0,13.3,0.280042,250.0,11.2
2022-07-07 08:00:00,0.0,13.3,1015.4,93.0,14.4,0.264268,240.0,11.2
2022-07-07 09:00:00,0.0,13.4,1015.6,90.0,15.0,0.265416,240.0,9.4
2022-07-07 10:00:00,0.0,13.4,1015.6,90.0,15.0,0.269728,240.0,9.4
2022-07-07 11:00:00,0.0,13.3,1015.9,93.0,14.4,0.269277,2.0,7.6
2022-07-07 12:00:00,0.0,13.4,1016.3,90.0,15.0,0.29716,250.0,5.4
2022-07-07 13:00:00,0.0,13.4,1016.7,90.0,15.0,0.322208,260.0,5.4
2022-07-07 14:00:00,0.0,13.4,1017.0,84.0,16.1,0.342625,2.0,5.4
2022-07-07 15:00:00,0.0,13.4,1017.0,84.0,16.1,0.345259,270.0,5.4
2022-07-07 16:00:00,0.0,13.4,1017.4,73.0,18.3,0.344078,200.0,11.2
2022-07-07 17:00:00,0.0,13.3,1017.6,70.0,18.9,0.321455,0.0,11.2
2022-07-07 18:00:00,0.0,14.0,1017.6,71.0,19.4,0.284388,190.0,7.6
2022-07-07 19:00:00,0.0,14.0,1017.6,71.0,19.4,0.249644,190.0,7.6
2022-07-07 20:00:00,0.0,14.3,1017.1,61.0,22.2,0.213823,140.0,7.6
2022-07-07 21:00:00,0.0,14.3,1016.8,57.0,23.3,0.2636,227.0,11.2
2022-07-07 22:00:00,0.0,13.2,1016.9,53.0,23.3,0.356806,170.0,9.4
2022-07-07 23:00:00,0.0,13.2,1016.9,53.0,23.3,0.345567,170.0,9.4
2022-07-08 00:00:00,0.0,14.3,1016.5,55.0,23.9,0.40461,240.0,16.6
2022-07-08 01:00:00,0.0,14.3,1016.5,55.0,23.9,0.458802,240.0,16.6
2022-07-08 02:00:00,0.0,14.4,1016.6,59.0,22.8,0.475879,250.0,20.5
2022-07-08 03:00:00,0.0,13.3,1017.4,75.0,17.8,0.455253,240.0,14.8
2022-07-08 04:00:00,0.0,13.3,1017.4,75.0,17.8,0.433255,240.0,14.8
2022-07-08 05:00:00,0.0,12.3,1018.4,87.0,14.4,0.380016,3.0,5.4
2022-07-08 06:00:00,0.0,12.9,1018.4,87.0,15.0,0.310589,230.0,11.2
2022-07-08 07:00:00,0.0,12.9,1018.4,87.0,15.0,0.285434,230.0,11.2
2022-07-08 08:00:00,0.0,12.3,1018.6,87.0,14.4,0.263872,2.0,11.2
2022-07-08 09:00:00,0.0,12.3,1018.9,90.0,13.9,0.250057,240.0,9.4
2022-07-08 10:00:00,0.0,12.3,1018.9,90.0,13.9,0.246325,240.0,9.4
2022-07-08 11:00:00,0.0,12.3,1019.2,87.0,14.4,0.254049,2.0,5.4
2022-07-08 12:00:00,0.0,12.3,1019.4,90.0,13.9,0.276951,280.0,7.6
2022-07-08 13:00:00,0.0,12.3,1019.6,87.0,14.4,0.302368,260.0,5.4
2022-07-08 14:00:00,0.0,12.9,1019.8,87.0,15.0,0.318064,280.0,5.4
2022-07-08 15:00:00,0.0,12.9,1019.8,87.0,15.0,0.335903,280.0,5.4
2022-07-08 16:00:00,0.0,14.0,1019.9,71.0,19.4,0.282625,20.0,5.4
2022-07-08 17:00:00,0.0,13.3,1019.7,63.0,20.6,0.249591,0.0,5.4
2022-07-08 18:00:00,0.0,12.8,1019.4,57.0,21.7,0.290689,0.0,5.4
2022-07-08 19:00:00,0.0,12.8,1019.4,57.0,21.7,0.225922,180.0,5.4
2022-07-08 20:00:00,0.0,14.5,1019.1,54.0,24.4,0.232054,180.0,5.4
2022-07-08 21:00:00,0.0,13.9,1018.8,50.0,25.0,0.26128,130.0,9.4
2022-07-08 22:00:00,0.0,13.2,1018.4,45.0,26.1,0.310114,210.0,7.6
2022-07-08 23:00:00,0.0,13.2,1018.4,45.0,26.1,0.421363,210.0,7.6
2022-07-09 00:00:00,0.0,13.8,1017.9,45.0,26.7,0.440928,320.0,9.4
2022-07-09 01:00:00,0.0,13.8,1017.9,45.0,26.7,0.493716,320.0,9.4
2022-07-09 02:00:00,0.0,14.0,1017.9,54.0,23.9,0.496454,3.0,16.6
2022-07-09 03:00:00,0.0,12.8,1018.2,61.0,20.6,0.480829,230.0,16.6
2022-07-09 04:00:00,0.0,12.8,1018.2,61.0,20.6,0.451774,230.0,16.6
2022-07-09 05:00:00,0.0,12.3,1018.7,68.0,18.3,0.396757,280.0,7.6
2022-07-09 06:00:00,0.0,12.7,1019.1,83.0,15.6,0.333498,250.0,11.2
2022-07-09 07:00:00,0.0,12.1,1019.5,83.0,15.0,0.292871,270.0,5.4
2022-07-09 08:00:00,0.0,12.3,1019.5,87.0,14.4,0.271384,2.0,5.4
2022-07-09 09:00:00,0.0,12.3,1019.5,87.0,14.4,0.249599,290.0,7.6
2022-07-09 10:00:00,0.0,11.8,1019.5,87.0,13.9,0.249524,300.0,9.4
2022-07-09 11:00:00,0.0,11.7,1019.8,97.0,12.2,0.249944,2.0,9.4
2022-07-09 12:00:00,0.0,11.0,1020.1,89.0,12.8,0.25575,270.0,5.4
2022-07-09 13:00:00,0.0,12.3,1020.5,87.0,14.4,0.287309,270.0,7.6
2022-07-09 14:00:00,0.0,12.3,1020.5,87.0,14.4,0.3134,270.0,7.6
2022-07-09 15:00:00,0.0,12.3,1021.3,70.0,17.8,0.326463,270.0,7.6
2022-07-09 16:00:00,0.0,12.7,1021.6,63.0,20.0,0.296431,350.0,7.6
2022-07-09 17:00:00,0.0,13.3,1021.5,59.0,21.7,0.255483,20.0,7.6
2022-07-09 18:00:00,0.0,13.3,1021.5,59.0,21.7,0.243348,20.0,7.6
2022-07-09 19:00:00,0.0,13.9,1021.1,52.0,24.4,0.242355,202.0,5.4
2022-07-09 20:00:00,0.0,13.9,1021.1,52.0,24.4,0.275107,214.0,5.4
2022-07-09 21:00:00,0.0,13.8,1020.8,48.0,25.6,0.287286,210.0,5.4
2022-07-09 22:00:00,0.0,11.8,1020.7,41.0,26.1,0.329865,210.0,13.0
2022-07-09 23:00:00,0.0,12.8,1020.9,41.0,27.2,0.372247,270.0,13.0
2022-07-10 00:00:00,0.0,10.7,1021.4,38.0,26.1,0.423705,260.0,24.1
2022-07-10 01:00:00,0.0,10.7,1021.4,38.0,26.1,0.462524,260.0,24.1
2022-07-10 02:00:00,0.0,12.3,1022.6,57.0,21.1,0.460825,240.0,16.6
2022-07-10 03:00:00,0.0,11.6,1022.9,65.0,18.3,0.42008,220.0,20.5
2022-07-10 04:00:00,0.0,11.6,1022.9,65.0,18.3,0.38785,220.0,20.5
2022-07-10 05:00:00,0.0,11.2,1024.7,75.0,15.6,0.357038,220.0,9.4
2022-07-10 06:00:00,0.0,11.1,1024.9,83.0,13.9,0.318944,230.0,9.4
2022-07-10 07:00:00,0.0,11.0,1025.2,89.0,12.8,0.284601,250.0,7.6
2022-07-10 08:00:00,0.0,11.8,1025.4,87.0,13.9,0.264834,280.0,5.4
2022-07-10 09:00:00,0.0,11.8,1025.4,87.0,13.9,0.238297,280.0,5.4
2022-07-10 10:00:00,0.0,11.2,1026.1,87.0,13.3,0.23188,310.0,5.4
2022-07-10 11:00:00,0.0,11.1,1026.2,83.0,13.9,0.232559,0.0,0.0
2022-07-10 12:00:00,0.0,10.6,1026.8,90.0,12.2,0.24331,0.0,0.0
2022-07-10 13:00:00,0.0,10.6,1026.8,90.0,12.2,0.259524,0.0,0.0
2022-07-10 14:00:00,0.0,11.8,1027.2,78.0,15.6,0.270045,0.0,0.0
2022-07-10 15:00:00,0.0,11.7,1027.3,70.0,17.2,0.271811,0.0,0.0
2022-07-10 16:00:00,0.0,12.2,1027.2,65.0,18.9,0.241489,0.0,5.4
2022-07-10 17:00:00,0.0,12.3,1026.7,57.0,21.1,0.208468,70.0,11.2
2022-07-10 18:00:00,0.0,11.6,1026.5,51.0,22.2,0.190598,0.0,0.0
2022-07-10 19:00:00,0.0,11.6,1026.5,51.0,22.2,0.200419,0.0,0.0
2022-07-10 20:00:00,0.0,12.8,1026.2,50.0,23.9,0.221573,330.0,11.0
2022-07-10 21:00:00,0.0,12.7,1026.0,48.0,24.4,0.2566,330.0,11.2
2022-07-10 22:00:00,0.0,13.8,1025.0,45.0,26.7,0.30405,60.0,13.0
2022-07-10 23:00:00,0.0,13.8,1025.0,45.0,26.7,0.388084,60.0,13.0
2022-07-11 00:00:00,0.0,14.5,1024.6,47.0,26.7,0.466223,10.0,16.6
2022-07-11 01:00:00,0.0,14.5,1024.0,47.0,26.7,0.532042,30.0,13.0
2022-07-11 02:00:00,0.0,13.2,1023.4,48.0,25.0,0.544195,360.0,18.4
2022-07-11 03:00:00,0.0,12.7,1023.4,53.0,22.8,0.513213,360.0,11.2
2022-07-11 04:00:00,0.0,12.7,1023.4,53.0,22.8,0.470321,360.0,11.2
2022-07-11 05:00:00,0.0,13.3,1023.8,70.0,18.9,0.409148,20.0,11.2
2022-07-11 06:00:00,0.0,13.4,1023.3,73.0,18.3,0.333671,330.0,9.4
2022-07-11 07:00:00,0.0,13.4,1022.9,73.0,18.3,0.30394,340.0,7.6
2022-07-11 08:00:00,0.0,13.4,1022.9,73.0,18.3,0.269527,340.0,7.6
2022-07-11 09:00:00,0.0,12.3,1021.8,78.0,16.1,0.263679,340.0,5.4
2022-07-11 10:00:00,0.0,12.2,1021.3,75.0,16.7,0.249187,360.0,11.2
2022-07-11 11:00:00,0.0,12.2,1020.7,75.0,16.7,0.254211,360.0,7.6
2022-07-11 12:00:00,0.0,12.2,1020.2,75.0,16.7,0.287157,360.0,14.8
2022-07-11 13:00:00,0.0,12.2,1020.2,75.0,16.7,0.327306,360.0,14.8
2022-07-11 14:00:00,0.0,12.9,1019.6,68.0,18.9,0.344095,10.0,13.0
2022-07-11 15:00:00,0.0,13.3,1019.1,57.0,22.2,0.326369,10.0,13.0
2022-07-11 16:00:00,0.0,14.5,1018.7,54.0,24.4,0.299055,10.0,18.4
2022-07-11 17:00:00,0.0,14.5,1017.9,47.0,26.7,0.288387,10.0,18.4
2022-07-11 18:00:00,0.0,14.5,1017.9,47.0,26.7,0.303085,340.0,20.5
2022-07-11 19:00:00,0.0,15.5,1016.1,39.0,31.1,0.331401,10.0,13.0
2022-07-11 20:00:00,0.0,15.5,1016.1,39.0,31.1,0.361985,10.0,13.0
2022-07-11 21:00:00,0.0,14.3,1014.1,30.0,34.4,0.415354,30.0,24.1
2022-07-11 22:00:00,0.0,14.3,1014.1,30.0,34.4,0.486235,30.0,24.1
2022-07-11 23:00:00,0.0,13.8,1013.2,28.0,35.0,0.546015,30.0,22.3
2022-07-12 00:00:00,0.0,14.3,1012.5,29.0,35.0,0.606104,20.0,16.6
2022-07-12 01:00:00,0.0,13.8,1011.2,28.0,35.0,0.667139,20.0,16.6
2022-07-12 02:00:00,0.0,13.8,1011.2,28.0,35.0,0.688355,20.0,16.6
2022-07-12 03:00:00,0.0,15.1,1011.1,38.0,31.1,0.669313,360.0,18.4
2022-07-12 04:00:00,0.0,14.0,1011.2,39.0,29.4,0.624454,350.0,22.3
2022-07-12 05:00:00,0.0,12.8,1011.3,41.0,27.2,0.547594,6.0,20.5
2022-07-12 06:00:00,0.0,13.8,1011.0,45.0,26.7,0.451062,350.0,20.5
2022-07-12 07:00:00,0.0,13.9,1010.9,47.0,26.1,0.393845,350.0,22.3
2022-07-12 08:00:00,0.0,13.9,1010.9,47.0,26.1,0.360704,350.0,22.3
2022-07-12 09:00:00,0.0,13.2,1011.0,53.0,23.3,0.318728,360.0,5.4
2022-07-12 10:00:00,0.0,13.9,1011.0,81.0,17.2,0.31416,250.0,5.4
2022-07-12 11:00:00,0.0,13.9,1011.1,81.0,17.2,0.30237,250.0,5.4
2022-07-12 12:00:00,0.0,13.4,1011.4,84.0,16.1,0.323896,0.0,0.0
2022-07-12 13:00:00,0.0,13.4,1011.4,84.0,16.1,0.356506,0.0,0.0
2022-07-12 14:00:00,0.0,14.5,1012.2,66.0,21.1,0.377406,0.0,0.0
2022-07-12 15:00:00,0.0,15.6,1012.4,62.0,23.3,0.370433,0.0,0.0
2022-07-12 16:00:00,0.0,14.9,1012.0,50.0,26.1,0.359967,0.0,5.4
2022-07-12 17:00:00,0.0,13.2,1011.7,38.0,28.9,0.345779,3.0,5.4
2022-07-12 18:00:00,0.0,13.2,1011.7,38.0,28.9,0.378839,20.0,11.2
2022-07-12 19:00:00,0.0,12.0,1011.1,30.0,31.7,0.407577,30.0,16.6
2022-07-12 20:00:00,0.0,12.4,1010.7,29.0,32.8,0.416566,20.0,16.6
2022-07-12 21:00:00,0.0,12.4,1010.7,29.0,32.8,0.459463,20.0,16.6
2022-07-12 22:00:00,0.0,11.7,1010.2,26.0,33.9,0.525579,300.0,13.0
2022-07-12 23:00:00,0.0,16.2,1009.8,37.0,32.8,0.546668,220.0,18.4
2022-07-13 00:00:00,0.0,16.2,1009.9,48.0,28.3,0.576751,230.0,24.1
2022-07-13 01:00:00,0.0,15.0,1010.2,52.0,25.6,0.616376,220.0,22.3
2022-07-13 02:00:00,0.0,13.8,1011.1,59.0,22.2,0.588655,220.0,22.3
2022-07-13 03:00:00,0.0,13.8,1011.1,59.0,22.2,0.530218,220.0,22.3
2022-07-13 04:00:00,0.0,12.2,1013.1,75.0,16.7,0.489855,230.0,16.6
2022-07-13 05:00:00,0.0,11.8,1014.1,81.0,15.0,0.422552,240.0,14.8
2022-07-13 06:00:00,0.0,11.2,1014.5,81.0,14.4,0.345175,250.0,9.4
2022-07-13 07:00:00,0.0,10.7,1014.9,81.0,13.9,0.296726,270.0,11.2
2022-07-13 08:00:00,0.0,10.7,1014.9,81.0,13.9,0.280461,270.0,11.2
2022-07-13 09:00:00,0.0,10.7,1015.4,84.0,13.3,0.265793,0.0,0.0
2022-07-13 10:00:00,0.0,9.9,1015.9,86.0,12.2,0.262202,280.0,7.6
2022-07-13 11:00:00,0.0,9.9,1016.3,89.0,11.7,0.26865,2.0,7.6
2022-07-13 12:00:00,0.0,10.0,1016.8,93.0,11.1,0.299061,0.0,0.0
2022-07-13 13:00:00,0.0,10.0,1016.8,93.0,11.1,0.328746,0.0,0.0
2022-07-13 14:00:00,0.0,10.6,1017.6,78.0,14.4,0.33605,250.0,0.0
2022-07-13 15:00:00,0.0,10.0,1017.7,67.0,16.1,0.324184,0.0,5.4
2022-07-13 16:00:00,0.0,9.9,1017.6,60.0,17.8,0.296182,26.0,7.6
2022-07-13 17:00:00,0.0,10.7,1017.4,57.0,19.4,0.253624,0.0,7.6
2022-07-13 18:00:00,0.0,10.7,1017.4,57.0,19.4,0.245594,0.0,0.0
2022-07-13 19:00:00,0.0,11.2,1017.1,48.0,22.8,0.242297,330.0,14.8
2022-07-13 20:00:00,0.0,11.7,1016.6,45.0,24.4,0.252725,10.0,14.8
2022-07-13 21:00:00,0.0,11.7,1016.6,45.0,24.4,0.287089,10.0,14.8
2022-07-13 22:00:00,0.0,11.2,1015.8,38.0,26.7,0.329741,10.0,13.0
2022-07-13 23:00:00,0.0,11.2,1015.8,38.0,26.7,0.414887,10.0,13.0
2022-07-14 00:00:00,0.0,10.8,1015.1,37.0,26.7,0.481545,57.0,5.4
2022-07-14 01:00:00,0.0,10.8,1015.1,37.0,26.7,0.538926,10.0,5.4
2022-07-14 02:00:00,0.0,11.2,1015.2,42.0,25.0,0.544408,10.0,13.0
2022-07-14 03:00:00,0.0,11.2,1015.2,42.0,25.0,0.495636,360.0,13.0
2022-07-14 04:00:00,0.0,12.3,1016.3,70.0,17.8,0.460324,270.0,11.2
2022-07-14 05:00:00,0.0,11.8,1016.8,78.0,15.6,0.395504,4.0,11.2
2022-07-14 06:00:00,0.0,11.2,1017.0,81.0,14.4,0.33598,270.0,11.2
2022-07-14 07:00:00,0.0,11.1,1017.2,83.0,13.9,0.287008,250.0,7.6
2022-07-14 08:00:00,0.0,11.1,1017.2,83.0,13.9,0.268436,250.0,7.6
2022-07-14 09:00:00,0.0,10.7,1017.6,87.0,12.8,0.258951,0.0,0.0
2022-07-14 10:00:00,0.0,10.6,1017.6,90.0,12.2,0.25134,290.0,7.6
2022-07-14 11:00:00,0.0,9.9,1017.8,89.0,11.7,0.259047,0.0,7.6
2022-07-14 12:00:00,0.0,9.9,1017.8,89.0,11.7,0.285139,0.0,0.0
2022-07-14 13:00:00,0.0,10.6,1018.0,90.0,12.2,0.316563,0.0,0.0
2022-07-14 14:00:00,0.0,11.7,1018.3,84.0,14.4,0.338214,0.0,0.0
2022-07-14 15:00:00,0.0,11.7,1018.3,75.0,16.1,0.30821,0.0,0.0
2022-07-14 16:00:00,0.0,11.6,1017.8,65.0,18.3,0.260189,310.0,9.4
2022-07-14 17:00:00,0.0,11.6,1017.8,65.0,18.3,0.246433,310.0,9.4
2022-07-14 18:00:00,0.0,13.2,1016.6,53.0,23.3,0.231928,10.0,5.4
2022-07-14 19:00:00,0.0,12.8,1016.1,50.0,23.9,0.242,335.0,7.6
2022-07-14 20:00:00,0.0,12.8,1015.4,45.0,25.6,0.261377,340.0,9.4
2022-07-14 21:00:00,0.0,12.7,1014.8,42.0,26.7,0.296541,340.0,5.4
2022-07-14 22:00:00,0.0,12.7,1014.8,42.0,26.7,0.357693,200.0,5.4
2022-07-14 23:00:00,0.0,13.4,1013.9,40.0,28.3,0.422468,2.0,13.0
2022-07-15 00:00:00,0.0,14.1,1013.7,43.0,27.8,0.498624,210.0,20.5
2022-07-15 01:00:00,0.0,12.9,1013.8,44.0,26.1,0.54098,230.0,18.4
2022-07-15 02:00:00,0.0,11.7,1014.2,48.0,23.3,0.530238,220.0,18.4
2022-07-15 03:00:00,0.0,11.7,1014.2,48.0,23.3,0.500574,220.0,18.4
2022-07-15 04:00:00,0.0,11.1,1015.4,72.0,16.1,0.455371,220.0,20.5
2022-07-15 05:00:00,0.0,10.6,1015.8,75.0,15.0,0.392287,6.0,20.5
2022-07-15 06:00:00,0.0,9.9,1016.0,77.0,13.9,0.333652,220.0,18.4
2022-07-15 07:00:00,0.0,9.9,1016.0,77.0,13.9,0.299503,220.0,18.4
2022-07-15 08:00:00,0.0,10.0,1017.0,83.0,12.8,0.261841,220.0,16.6
2022-07-15 09:00:00,0.0,9.4,1017.6,86.0,11.7,0.249612,240.0,9.4
2022-07-15 10:00:00,0.0,8.3,1018.0,89.0,10.0,0.250168,190.0,9.4
2022-07-15 11:00:00,0.0,8.9,1018.5,89.0,10.6,0.254998,0.0,0.0
2022-07-15 12:00:00,0.0,8.9,1018.5,89.0,10.6,0.283907,0.0,0.0
2022-07-15 13:00:00,0.0,9.9,1018.8,89.0,11.7,0.304824,0.0,0.0
2022-07-15 14:00:00,0.0,9.9,1018.8,89.0,11.7,0.329793,0.0,0.0
2022-07-15 15:00:00,0.0,10.6,1019.3,75.0,15.0,0.317492,0.0,0.0
2022-07-15 16:00:00,0.0,11.2,1019.1,70.0,16.7,0.282835,0.0,5.4
2022-07-15 17:00:00,0.0,11.2,1019.1,70.0,16.7,0.246775,223.0,5.4
2022-07-15 18:00:00,0.0,11.2,1018.9,55.0,20.6,0.245873,210.0,7.6
2022-07-15 19:00:00,0.0,9.6,1018.5,43.0,22.8,0.240427,209.0,7.6
2022-07-15 20:00:00,0.0,9.9,1018.1,40.0,24.4,0.238201,200.0,13.0
2022-07-15 21:00:00,0.0,11.8,1017.8,41.0,26.1,0.273344,200.0,9.4
2022-07-15 22:00:00,0.0,11.8,1017.8,41.0,26.1,0.331822,210.0,9.4
2022-07-15 23:00:00,0.0,13.3,1016.9,41.0,27.8,0.405834,5.0,20.5
2022-07-16 00:00:00,0.0,12.2,1016.9,38.0,27.8,0.479627,230.0,18.4
2022-07-16 01:00:00,0.0,12.2,1016.8,42.0,26.1,0.538024,240.0,16.6
2022-07-16 02:00:00,0.0,12.2,1016.8,42.0,26.1,0.536265,240.0,16.6
2022-07-16 03:00:00,0.0,14.0,1017.1,64.0,21.1,0.50412,220.0,16.6
2022-07-16 04:00:00,0.0,14.0,1017.6,73.0,18.9,0.459625,220.0,18.4
2022-07-16 05:00:00,0.0,13.9,1017.9,78.0,17.8,0.414135,4.0,18.4
2022-07-16 06:00:00,0.0,14.0,1017.8,84.0,16.7,0.355513,230.0,13.0
2022-07-16 07:00:00,0.0,14.0,1017.8,84.0,16.7,0.321643,230.0,13.0
2022-07-16 08:00:00,0.0,14.0,1018.2,90.0,15.6,0.299918,240.0,9.4
2022-07-16 09:00:00,0.0,14.0,1018.2,90.0,15.6,0.283537,290.0,5.4
2022-07-16 10:00:00,0.0,14.0,1018.2,90.0,15.6,0.284217,290.0,5.4
2022-07-16 11:00:00,0.0,14.0,1018.5,90.0,15.6,0.284285,280.0,5.4
2022-07-16 12:00:00,0.0,14.0,1018.5,90.0,15.6,0.298979,280.0,5.4
2022-07-16 13:00:00,0.0,14.5,1018.7,90.0,16.1,0.32439,0.0,0.0
2022-07-16 14:00:00,0.0,14.5,1018.9,84.0,17.2,0.356316,250.0,5.4
2022-07-16 15:00:00,0.0,15.0,1019.0,87.0,17.2,0.371558,340.0,5.4
2022-07-16 16:00:00,0.0,15.0,1019.0,87.0,17.2,0.386017,340.0,5.4
2022-07-16 17:00:00,0.0,15.1,1019.1,84.0,17.8,0.371381,360.0,9.4
2022-07-16 18:00:00,0.0,15.5,1019.3,84.0,18.3,0.394811,20.0,5.4
2022-07-16 19:00:00,0.0,15.0,1019.3,78.0,18.9,0.334171,310.0,5.4
2022-07-16 20:00:00,0.0,15.0,1019.3,78.0,18.9,0.338715,310.0,5.4
2022-07-16 21:00:00,0.0,15.5,1018.9,68.0,21.7,0.326705,10.0,7.6
2022-07-16 22:00:00,0.0,15.7,1017.9,60.0,23.9,0.359553,350.0,7.6
2022-07-16 23:00:00,0.0,14.4,1017.2,59.0,22.8,0.381274,3.0,7.6
2022-07-17 00:00:00,0.0,14.3,1016.8,57.0,23.3,0.373458,330.0,5.4
2022-07-17 01:00:00,0.0,14.3,1016.5,57.0,23.3,0.442787,0.0,0.0
2022-07-17 02:00:00,0.0,13.3,1016.5,61.0,21.1,0.465334,0.0,0.0
2022-07-17 03:00:00,0.0,13.3,1016.5,61.0,21.1,0.424695,230.0,20.5
2022-07-17 04:00:00,0.0,11.2,1017.6,61.0,18.9,0.408882,330.0,9.4
2022-07-17 05:00:00,0.0,10.6,1017.8,65.0,17.2,0.369665,3.0,9.4
2022-07-17 06:00:00,0.0,11.2,1017.8,75.0,15.6,0.316789,230.0,11.2
2022-07-17 07:00:00,0.0,11.2,1017.8,75.0,15.6,0.270851,230.0,11.2
2022-07-17 08:00:00,0.0,11.2,1017.8,78.0,15.0,0.248806,250.0,7.6
2022-07-17 09:00:00,0.0,11.2,1017.9,75.0,15.6,0.241242,270.0,5.4
2022-07-17 10:00:00,0.0,11.2,1017.8,78.0,15.0,0.23131,260.0,5.4
2022-07-17 11:00:00,0.0,11.2,1017.9,75.0,15.6,0.235442,320.0,7.6
2022-07-17 12:00:00,0.0,11.2,1017.9,75.0,15.6,0.251086,320.0,7.6
2022-07-17 13:00:00,0.0,9.5,1018.1,67.0,15.6,0.263932,360.0,7.6
2022-07-17 14:00:00,0.0,8.3,1018.2,60.0,16.1,0.295599,360.0,9.4
2022-07-17 15:00:00,0.0,8.9,1018.0,58.0,17.2,0.305296,20.0,14.8
2022-07-17 16:00:00,0.0,8.9,1018.0,58.0,17.2,0.301036,20.0,14.8
2022-07-17 17:00:00,0.0,9.6,1017.7,51.0,20.0,0.265458,30.0,9.4
2022-07-17 18:00:00,0.0,9.5,1017.7,49.0,20.6,0.31946,3.0,9.4
2022-07-17 19:00:00,0.0,8.4,1017.4,44.0,21.1,0.261562,330.0,7.6
2022-07-17 20:00:00,0.0,9.6,1016.7,43.0,22.8,0.247215,330.0,11.2
2022-07-17 21:00:00,0.0,9.6,1016.7,43.0,22.8,0.324927,360.0,11.2
2022-07-17 22:00:00,0.0,10.0,1016.4,46.0,22.2,0.367453,360.0,16.6
2022-07-17 23:00:00,0.0,10.0,1016.2,46.0,22.2,0.413273,340.0,16.6
2022-07-18 00:00:00,0.0,9.9,1016.0,47.0,21.7,0.449781,30.0,16.6
2022-07-18 01:00:00,0.0,9.6,1016.1,51.0,20.0,0.483543,360.0,14.8
2022-07-18 02:00:00,0.0,9.6,1016.1,51.0,20.0,0.465288,360.0,14.8
2022-07-18 03:00:00,0.0,9.4,1016.7,56.0,18.3,0.460135,320.0,18.4
2022-07-18 04:00:00,0.0,9.5,1017.4,65.0,16.1,0.42943,340.0,9.4
2022-07-18 05:00:00,0.0,8.8,1018.0,64.0,15.6,0.380749,290.0,7.6
2022-07-18 06:00:00,0.0,8.9,1018.2,80.0,12.2,0.307824,250.0,7.6
2022-07-18 07:00:00,0.0,8.9,1018.2,80.0,12.2,0.270167,250.0,7.6
2022-07-18 08:00:00,0.0,8.9,1019.1,83.0,11.7,0.255025,0.0,0.0
2022-07-18 09:00:00,0.0,8.3,1019.3,93.0,9.4,0.244956,0.0,0.0
2022-07-18 10:00:00,0.0,8.3,1019.7,93.0,9.4,0.232349,0.0,0.0
2022-07-18 11:00:00,0.0,8.3,1019.7,93.0,9.4,0.251399,0.0,0.0
2022-07-18 12:00:00,0.0,6.8,1020.7,97.0,7.2,0.273002,0.0,0.0
2022-07-18 13:00:00,0.0,8.9,1021.3,93.0,10.0,0.316844,230.0,5.4
2022-07-18 14:00:00,0.0,9.9,1021.6,77.0,13.9,0.348049,10.0,7.6
2022-07-18 15:00:00,0.0,10.0,1021.7,67.0,16.1,0.313054,50.0,9.4
2022-07-18 16:00:00,0.0,10.0,1021.7,67.0,16.1,0.279052,50.0,9.4
2022-07-18 17:00:00,0.0,10.7,1021.3,59.0,18.9,0.247462,50.0,13.0
2022-07-18 18:00:00,0.0,10.7,1021.3,59.0,18.9,0.222881,50.0,13.0
2022-07-18 19:00:00,0.0,12.8,1020.6,57.0,21.7,0.214686,360.0,16.6
2022-07-18 20:00:00,0.0,12.1,1019.8,51.0,22.8,0.214323,40.0,18.4
2022-07-18 21:00:00,0.0,12.1,1019.8,51.0,22.8,0.233844,40.0,18.4
2022-07-18 22:00:00,0.0,12.9,1018.5,47.0,25.0,0.298531,10.0,18.4
2022-07-18 23:00:00,0.0,12.9,1018.5,47.0,25.0,0.373024,10.0,18.4
2022-07-19 00:00:00,0.0,13.2,1017.3,45.0,26.1,0.445682,20.0,14.8
2022-07-19 01:00:00,0.0,13.5,1016.3,47.0,25.6,0.52202,360.0,22.3
2022-07-19 02:00:00,0.0,13.5,1016.3,47.0,25.6,0.527936,360.0,22.3
2022-07-19 03:00:00,0.0,12.3,1016.1,55.0,21.7,0.487162,20.0,14.8
2022-07-19 04:00:00,0.0,12.3,1016.6,59.0,20.6,0.457628,360.0,11.2
2022-07-19 05:00:00,0.0,12.9,1016.5,66.0,19.4,0.394616,360.0,13.0
2022-07-19 06:00:00,0.0,12.9,1016.5,66.0,19.4,0.334013,360.0,13.0
2022-07-19 07:00:00,0.0,11.8,1016.6,81.0,15.0,0.296584,260.0,5.4
2022-07-19 08:00:00,0.0,11.7,1016.6,93.0,12.8,0.275545,260.0,7.6
2022-07-19 09:00:00,0.0,11.1,1016.6,93.0,12.2,0.267086,290.0,5.4
2022-07-19 10:00:00,0.0,10.6,1016.8,93.0,11.7,0.260365,0.0,0.0
2022-07-19 11:00:00,0.0,10.6,1016.8,93.0,11.7,0.265298,0.0,0.0
2022-07-19 12:00:00,0.0,10.0,1016.8,96.0,10.6,0.301468,0.0,0.0
2022-07-19 13:00:00,0.0,11.7,1017.1,93.0,12.8,0.322859,0.0,0.0
2022-07-19 14:00:00,0.0,12.7,1017.3,83.0,15.6,0.350122,0.0,0.0
2022-07-19 15:00:00,0.0,13.4,1017.2,73.0,18.3,0.33107,0.0,0.0
2022-07-19 16:00:00,0.0,13.4,1017.2,73.0,18.3,0.303488,0.0,0.0
2022-07-19 17:00:00,0.0,14.3,1016.5,57.0,23.3,0.270859,30.0,9.4
2022-07-19 18:00:00,0.0,15.0,1016.2,52.0,25.6,0.261213,30.0,9.4
2022-07-19 19:00:00,0.0,15.1,1015.7,46.0,27.8,0.265498,50.0,9.4
2022-07-19 20:00:00,0.0,15.1,1015.7,46.0,27.8,0.301816,50.0,9.4
2022-07-19 21:00:00,0.0,14.4,1014.6,40.0,29.4,0.345154,9.0,5.4
2022-07-19 22:00:00,0.0,13.8,1014.3,36.0,30.6,0.403861,280.0,5.4
2022-07-19 23:00:00,0.0,13.0,1013.9,32.0,31.7,0.477431,0.0,5.4
2022-07-20 00:00:00,0.0,11.0,1013.6,28.0,31.7,0.569048,330.0,7.6
2022-07-20 01:00:00,0.0,11.0,1013.6,28.0,31.7,0.641548,330.0,7.6
2022-07-20 02:00:00,0.0,16.8,1013.8,53.0,27.2,0.647199,4.0,0.0
2022-07-20 03:00:00,0.0,16.8,1014.2,53.0,27.2,0.584081,230.0,18.4
2022-07-20 04:00:00,0.0,15.0,1014.8,68.0,21.1,0.539057,250.0,13.0
2022-07-20 05:00:00,0.0,14.0,1015.2,71.0,19.4,0.455191,3.0,13.0
2022-07-20 06:00:00,0.0,14.0,1015.2,71.0,19.4,0.370415,280.0,11.2
2022-07-20 07:00:00,0.0,12.7,1015.8,75.0,17.2,0.334898,290.0,7.6
2022-07-20 08:00:00,0.0,12.8,1016.1,78.0,16.7,0.306181,280.0,5.4
2022-07-20 09:00:00,0.0,12.3,1016.3,78.0,16.1,0.297907,0.0,0.0
2022-07-20 10:00:00,0.0,12.3,1016.3,78.0,16.1,0.28318,0.0,0.0
2022-07-20 11:00:00,0.0,11.8,1017.2,87.0,13.9,0.285106,290.0,5.4
2022-07-20 12:00:00,0.0,11.8,1017.5,87.0,13.9,0.31465,290.0,5.4
2022-07-20 13:00:00,0.0,12.1,1017.8,83.0,15.0,0.344099,270.0,5.4
2022-07-20 14:00:00,0.0,13.3,1018.2,78.0,17.2,0.388393,0.0,0.0
2022-07-20 15:00:00,0.0,13.3,1018.2,78.0,17.2,0.370756,0.0,0.0
2022-07-20 16:00:00,0.0,14.4,1018.2,59.0,22.8,0.347494,0.0,0.0
2022-07-20 17:00:00,0.0,15.0,1017.9,54.0,25.0,0.322832,30.0,5.4
2022-07-20 18:00:00,0.0,15.0,1017.9,54.0,25.0,0.33522,30.0,5.4
2022-07-20 19:00:00,0.0,15.6,1017.2,46.0,28.3,0.353813,0.0,0.0
2022-07-20 20:00:00,0.0,15.6,1017.2,46.0,28.3,0.400552,0.0,0.0
2022-07-20 21:00:00,0.0,13.0,1016.4,32.0,31.7,0.44353,220.0,13.0
2022-07-20 22:00:00,0.0,13.9,1015.8,33.0,32.2,0.50742,220.0,5.4
2022-07-20 23:00:00,0.0,13.9,1015.8,33.0,32.2,0.570944,205.0,5.4
2022-07-21 00:00:00,0.0,16.8,1015.0,41.0,31.7,0.647882,230.0,14.8
2022-07-21 01:00:00,0.0,15.7,1014.8,42.0,30.0,0.705624,230.0,14.8
2022-07-21 02:00:00,0.0,16.2,1014.9,51.0,27.2,0.685205,230.0,18.4
2022-07-21 03:00:00,0.0,15.1,1015.1,60.0,23.3,0.619323,230.0,18.4
2022-07-21 04:00:00,0.0,15.1,1015.1,60.0,23.3,0.55588,230.0,18.4
2022-07-21 05:00:00,0.0,13.3,1016.2,70.0,18.9,0.467709,5.0,14.8
2022-07-21 06:00:00,0.0,12.7,1016.2,75.0,17.2,0.384209,240.0,18.4
2022-07-21 07:00:00,0.0,12.3,1016.7,78.0,16.1,0.338317,230.0,16.6
2022-07-21 08:00:00,0.0,12.3,1016.7,78.0,16.1,0.317346,230.0,16.6
2022-07-21 09:00:00,0.0,12.3,1017.1,90.0,13.9,0.30165,240.0,14.8
2022-07-21 10:00:00,0.0,11.8,1017.3,87.0,13.9,0.294879,230.0,11.2
2022-07-21 11:00:00,0.0,11.7,1017.7,93.0,12.8,0.300365,210.0,7.6
2022-07-21 12:00:00,0.0,11.7,1017.9,90.0,13.3,0.324036,220.0,13.0
2022-07-21 13:00:00,0.0,11.7,1017.9,90.0,13.3,0.336708,220.0,13.0
2022-07-21 14:00:00,0.0,12.2,1018.4,80.0,15.6,0.363407,210.0,13.0
2022-07-21 15:00:00,0.0,12.8,1018.4,78.0,16.7,0.354229,160.0,5.4
2022-07-21 16:00:00,0.0,13.3,1018.3,70.0,18.9,0.316135,140.0,9.4
2022-07-21 17:00:00,0.0,13.3,1018.3,70.0,18.9,0.307743,140.0,9.4
2022-07-21 18:00:00,0.0,14.3,1017.5,61.0,22.2,0.292007,0.0,5.4
2022-07-21 19:00:00,0.0,15.1,1016.8,58.0,23.9,0.297365,240.0,14.8
2022-07-21 20:00:00,0.0,15.0,1016.1,52.0,25.6,0.317559,4.0,14.8
2022-07-21 21:00:00,0.0,15.7,1015.5,51.0,26.7,0.368234,250.0,9.4
2022-07-21 22:00:00,0.0,16.1,1015.0,49.0,27.8,0.431413,250.0,14.8
2022-07-21 23:00:00,0.0,16.1,1015.0,49.0,27.8,0.489652,250.0,14.8
2022-07-22 00:00:00,0.0,15.1,1014.3,49.0,26.7,0.531768,220.0,20.5
2022-07-22 01:00:00,0.0,14.5,1014.2,54.0,24.4,0.58186,230.0,20.5
2022-07-22 02:00:00,0.0,13.3,1014.6,61.0,21.1,0.56474,230.0,24.1
2022-07-22 03:00:00,0.0,13.3,1014.6,61.0,21.1,0.50087,230.0,24.1
2022-07-22 04:00:00,0.0,11.8,1015.8,78.0,15.6,0.474755,230.0,20.5
2022-07-22 05:00:00,0.0,11.2,1016.3,78.0,15.0,0.412558,6.0,20.5
2022-07-22 06:00:00,0.0,11.2,1016.7,81.0,14.4,0.35448,220.0,18.4
2022-07-22 07:00:00,0.0,11.1,1017.3,83.0,13.9,0.315268,230.0,16.6
2022-07-22 08:00:00,0.0,11.1,1017.3,83.0,13.9,0.299568,230.0,16.6
2022-07-22 09:00:00,0.0,11.0,1018.1,89.0,12.8,0.284167,0.0,0.0
2022-07-22 10:00:00,0.0,10.6,1018.4,90.0,12.2,0.283558,0.0,0.0
2022-07-22 11:00:00,0.0,10.6,1018.4,90.0,12.2,0.287139,0.0,0.0
2022-07-22 12:00:00,0.0,12.3,1018.9,90.0,13.9,0.313935,0.0,0.0
2022-07-22 13:00:00,0.0,12.3,1018.9,90.0,13.9,0.340389,0.0,0.0
2022-07-22 14:00:00,0.0,12.9,1019.4,87.0,15.0,0.382905,230.0,5.4
2022-07-22 15:00:00,0.0,12.9,1019.4,87.0,15.0,0.386714,240.0,5.4
2022-07-22 16:00:00,0.0,12.1,1019.9,72.0,17.2,0.414055,0.0,0.0
2022-07-22 17:00:00,0.0,12.1,1019.9,72.0,17.2,0.392609,0.0,0.0
2022-07-22 18:00:00,0.0,11.7,1020.0,63.0,18.9,0.380317,170.0,7.6
2022-07-22 19:00:00,0.0,11.7,1019.7,55.0,21.1,0.324909,170.0,5.4
2022-07-22 20:00:00,0.0,11.7,1019.2,53.0,21.7,0.249382,310.0,9.4
2022-07-22 21:00:00,0.0,11.7,1019.2,53.0,21.7,0.271628,310.0,9.4
2022-07-22 22:00:00,0.0,12.2,1018.5,48.0,23.9,0.333034,120.0,7.6
2022-07-22 23:00:00,0.0,12.7,1017.9,48.0,24.4,0.403649,24.0,7.6
2022-07-23 00:00:00,0.0,12.8,1017.5,45.0,25.6,0.484163,0.0,0.0
2022-07-23 01:00:00,0.0,12.8,1017.3,45.0,25.6,0.533379,290.0,5.4
2022-07-23 02:00:00,0.0,14.5,1016.9,54.0,24.4,0.534051,240.0,11.2
2022-07-23 03:00:00,0.0,14.4,1017.1,59.0,22.8,0.491058,250.0,14.8
2022-07-23 04:00:00,0.0,12.7,1018.1,70.0,18.3,0.453457,340.0,7.6
2022-07-23 05:00:00,0.0,11.7,1018.4,70.0,17.2,0.389358,0.0,7.6
2022-07-23 06:00:00,0.0,10.6,1018.7,72.0,15.6,0.33729,310.0,5.4
2022-07-23 07:00:00,0.0,11.8,1019.0,87.0,13.9,0.302818,280.0,7.6
2022-07-23 08:00:00,0.0,11.8,1019.0,87.0,13.9,0.281396,280.0,7.6
2022-07-23 09:00:00,0.0,10.6,1019.3,90.0,12.2,0.257543,290.0,7.6
2022-07-23 10:00:00,0.0,9.9,1019.4,86.0,12.2,0.244888,300.0,7.6
2022-07-23 11:00:00,0.0,9.9,1019.6,86.0,12.2,0.248658,350.0,9.4
2022-07-23 12:00:00,0.0,9.9,1019.6,86.0,12.2,0.257474,350.0,9.4
2022-07-23 13:00:00,0.0,11.1,1020.3,93.0,12.2,0.303275,0.0,0.0
2022-07-23 14:00:00,0.0,11.1,1020.3,93.0,12.2,0.382121,0.0,0.0
2022-07-23 15:00:00,0.0,11.2,1020.9,78.0,15.0,0.415053,10.0,9.4
2022-07-23 16:00:00,0.0,10.6,1020.9,72.0,15.6,0.430334,330.0,11.2
2022-07-23 17:00:00,0.0,10.6,1020.9,72.0,15.6,0.415506,330.0,11.2
2022-07-23 18:00:00,0.0,10.5,1020.7,67.0,16.7,0.379396,340.0,5.4
2022-07-23 19:00:00,0.0,11.7,1020.5,61.0,19.4,0.259893,0.0,0.0
2022-07-23 20:00:00,0.0,11.7,1019.4,55.0,21.1,0.234504,0.0,0.0
2022-07-23 21:00:00,0.0,11.7,1019.4,55.0,21.1,0.254943,0.0,0.0
2022-07-23 22:00:00,0.0,12.3,1018.9,50.0,23.3,0.299407,25.0,7.6
2022-07-23 23:00:00,0.0,12.7,1018.2,48.0,24.4,0.362812,25.0,9.4
2022-07-24 00:00:00,0.0,13.5,1017.8,47.0,25.6,0.442506,0.0,0.0
2022-07-24 01:00:00,0.0,13.5,1017.3,47.0,25.6,0.4984,350.0,5.4
2022-07-24 02:00:00,0.0,13.5,1017.1,47.0,25.6,0.496453,0.0,0.0
2022-07-24 03:00:00,0.0,13.3,1017.2,50.0,24.4,0.460644,10.0,11.2
2022-07-24 04:00:00,0.0,12.7,1018.1,70.0,18.3,0.433079,250.0,5.4
2022-07-24 05:00:00,0.0,12.2,1018.1,65.0,18.9,0.396645,2.0,5.4
2022-07-24 06:00:00,0.0,12.3,1017.9,87.0,14.4,0.345076,210.0,9.4
2022-07-24 07:00:00,0.0,12.3,1017.9,87.0,14.4,0.30641,210.0,9.4
2022-07-24 08:00:00,0.0,11.7,1017.9,90.0,13.3,0.272983,290.0,7.6
2022-07-24 09:00:00,0.0,11.7,1017.9,90.0,13.3,0.260107,290.0,5.4
2022-07-24 10:00:00,0.0,11.1,1018.0,93.0,12.2,0.246126,0.0,0.0
2022-07-24 11:00:00,0.0,10.6,1018.0,93.0,11.7,0.249459,280.0,5.4
2022-07-24 12:00:00,0.0,10.6,1018.0,93.0,11.7,0.267305,280.0,5.4
2022-07-24 13:00:00,0.0,11.1,1018.5,96.0,11.7,0.288325,0.0,0.0
2022-07-24 14:00:00,0.0,12.3,1018.5,87.0,14.4,0.327733,290.0,5.4
2022-07-24 15:00:00,0.0,13.3,1018.4,75.0,17.8,0.323576,0.0,0.0
2022-07-24 16:00:00,0.0,14.0,1018.0,66.0,20.6,0.297242,0.0,9.4
2022-07-24 17:00:00,0.0,14.0,1018.0,66.0,20.6,0.270293,40.0,9.4
2022-07-24 18:00:00,0.0,15.0,1017.0,52.0,25.6,0.264432,40.0,13.0
2022-07-24 19:00:00,0.0,15.7,1016.1,51.0,26.7,0.262795,10.0,14.8
2022-07-24 20:00:00,0.0,16.2,1015.4,45.0,29.4,0.298753,5.0,14.8
2022-07-24 21:00:00,0.0,16.2,1015.4,45.0,29.4,0.356128,40.0,18.4
2022-07-24 22:00:00,0.0,16.3,1014.7,41.0,31.1,0.427482,360.0,11.2
2022-07-24 23:00:00,0.0,16.6,1013.5,37.0,33.3,0.514488,4.0,9.4
2022-07-25 00:00:00,0.0,16.6,1013.5,37.0,33.3,0.606562,30.0,14.8
2022-07-25 01:00:00,0.0,15.8,1013.0,35.0,33.3,0.668561,10.0,18.4
2022-07-25 02:00:00,0.0,14.4,1012.7,34.0,32.2,0.668969,20.0,18.4
2022-07-25 03:00:00,0.0,15.1,1012.8,39.0,30.6,0.623467,10.0,14.8
2022-07-25 04:00:00,0.0,13.2,1013.1,48.0,25.0,0.576136,30.0,5.4
2022-07-25 05:00:00,0.0,13.2,1013.1,48.0,25.0,0.489865,30.0,5.4
2022-07-25 06:00:00,0.0,10.6,1012.9,43.0,23.9,0.412623,350.0,9.4
2022-07-25 07:00:00,0.0,10.6,1012.9,43.0,23.9,0.368171,350.0,9.4
2022-07-25 08:00:00,0.0,12.3,1012.5,68.0,18.3,0.325984,350.0,5.4
2022-07-25 09:00:00,0.0,13.3,1012.6,86.0,15.6,0.304951,0.0,0.0
2022-07-25 10:00:00,0.0,13.3,1012.6,86.0,15.6,0.289416,0.0,0.0
2022-07-25 11:00:00,0.0,13.3,1012.6,86.0,15.6,0.293237,0.0,0.0
2022-07-25 12:00:00,0.0,12.8,1012.5,90.0,14.4,0.330974,0.0,0.0
2022-07-25 13:00:00,0.0,13.3,1013.0,75.0,17.8,0.369977,0.0,0.0
2022-07-25 14:00:00,0.0,15.0,1013.1,81.0,18.3,0.418545,0.0,0.0
2022-07-25 15:00:00,0.0,14.4,1013.1,63.0,21.7,0.411263,0.0,0.0
2022-07-25 16:00:00,0.0,13.8,1012.9,48.0,25.6,0.414499,0.0,0.0
2022-07-25 17:00:00,0.0,13.8,1012.9,48.0,25.6,0.397911,0.0,0.0
2022-07-25 18:00:00,0.0,14.9,1011.8,40.0,30.0,0.409608,0.0,0.0
2022-07-25 19:00:00,0.0,16.1,1011.1,39.0,31.7,0.429534,140.0,7.6
2022-07-25 20:00:00,0.0,16.2,1010.5,36.0,33.3,0.466262,140.0,5.4
2022-07-25 21:00:00,0.0,16.2,1010.5,36.0,33.3,0.513422,7.0,5.4
2022-07-25 22:00:00,0.0,16.3,1009.8,33.0,35.0,0.57207,0.0,0.0
2022-07-25 23:00:00,0.0,13.3,1008.5,24.0,37.2,0.639682,3.0,7.6
2022-07-26 00:00:00,0.0,16.3,1008.1,30.0,36.7,0.710906,0.0,0.0
2022-07-26 01:00:00,0.0,15.8,1007.5,30.0,36.1,0.775371,120.0,5.4
2022-07-26 02:00:00,0.0,15.8,1007.5,30.0,36.1,0.774742,120.0,5.4
2022-07-26 03:00:00,0.0,17.7,1007.5,36.0,35.0,0.729869,360.0,7.6
2022-07-26 04:00:00,0.0,18.2,1007.9,58.0,27.2,0.667906,210.0,9.4
2022-07-26 05:00:00,0.0,16.7,1008.7,64.0,23.9,0.57184,0.0,7.6
2022-07-26 06:00:00,0.0,15.6,1008.9,71.0,21.1,0.481324,0.0,5.4
2022-07-26 07:00:00,0.0,15.6,1008.9,71.0,21.1,0.426618,300.0,5.4
2022-07-26 08:00:00,0.0,15.7,1009.3,79.0,19.4,0.390003,0.0,0.0
2022-07-26 09:00:00,0.0,15.0,1009.6,78.0,18.9,0.359384,290.0,7.6
2022-07-26 10:00:00,0.0,14.5,1009.9,81.0,17.8,0.339384,0.0,0.0
2022-07-26 11:00:00,0.0,14.5,1009.9,81.0,17.8,0.334576,0.0,0.0
2022-07-26 12:00:00,0.0,14.5,1010.5,84.0,17.2,0.351296,290.0,5.4
2022-07-26 13:00:00,0.0,15.1,1010.8,84.0,17.8,0.394042,260.0,7.6
2022-07-26 14:00:00,0.0,15.6,1011.3,81.0,18.9,0.436761,2.0,7.6
2022-07-26 15:00:00,0.0,16.6,1011.7,73.0,21.7,0.42413,0.0,0.0
2022-07-26 16:00:00,0.0,16.6,1011.7,73.0,21.7,0.405199,0.0,0.0
2022-07-26 17:00:00,0.0,17.2,1011.5,51.0,28.3,0.405386,150.0,5.4
2022-07-26 18:00:00,0.0,17.1,1011.4,46.0,30.0,0.425736,0.0,0.0
2022-07-26 19:00:00,0.0,16.9,1011.0,40.0,32.2,0.457482,130.0,5.4
2022-07-26 20:00:00,0.0,16.7,1010.6,36.0,33.9,0.503361,130.0,7.6
2022-07-26 21:00:00,0.0,16.7,1010.6,36.0,33.9,0.552337,240.0,7.6
2022-07-26 22:00:00,0.0,16.3,1010.1,33.0,35.0,0.621066,240.0,7.6
2022-07-26 23:00:00,0.0,14.7,1009.4,27.0,36.7,0.671749,2.0,0.0
2022-07-27 00:00:00,0.0,14.7,1009.4,27.0,36.7,0.725415,240.0,5.4
2022-07-27 01:00:00,0.0,17.8,1009.3,34.0,36.1,0.763998,240.0,14.8
2022-07-27 02:00:00,0.0,18.4,1009.2,40.0,33.9,0.745793,230.0,16.6
2022-07-27 03:00:00,0.0,17.1,1009.6,49.0,28.9,0.708007,220.0,20.5
2022-07-27 04:00:00,0.0,14.4,1011.3,59.0,22.8,0.631678,240.0,20.5
2022-07-27 05:00:00,0.0,14.0,1011.9,66.0,20.6,0.531795,240.0,20.5
2022-07-27 06:00:00,0.0,13.3,1012.5,70.0,18.9,0.443538,240.0,9.4
2022-07-27 07:00:00,0.0,13.3,1012.5,70.0,18.9,0.391722,240.0,9.4
2022-07-27 08:00:00,0.0,12.7,1013.5,75.0,17.2,0.357047,0.0,13.0
2022-07-27 09:00:00,0.0,12.3,1013.9,78.0,16.1,0.339712,250.0,13.0
2022-07-27 10:00:00,0.0,12.1,1014.4,83.0,15.0,0.3185,260.0,7.6
2022-07-27 11:00:00,0.0,12.1,1014.4,83.0,15.0,0.316896,260.0,7.6
2022-07-27 12:00:00,0.0,12.1,1015.1,83.0,15.0,0.337317,270.0,5.4
2022-07-27 13:00:00,0.0,12.7,1015.6,83.0,15.6,0.373953,250.0,5.4
2022-07-27 14:00:00,0.0,13.3,1015.7,75.0,17.8,0.420464,0.0,5.4
2022-07-27 15:00:00,0.0,14.0,1015.8,71.0,19.4,0.403857,0.0,0.0
2022-07-27 16:00:00,0.0,14.0,1015.8,71.0,19.4,0.423984,0.0,0.0
2022-07-27 17:00:00,0.0,15.6,1015.5,56.0,25.0,0.382427,0.0,0.0
2022-07-27 18:00:00,0.0,16.8,1015.1,53.0,27.2,0.40163,0.0,0.0
2022-07-27 19:00:00,0.0,16.8,1015.1,53.0,27.2,0.430446,0.0,0.0
2022-07-27 20:00:00,0.0,16.1,1014.1,39.0,31.7,0.473318,0.0,5.4
2022-07-27 21:00:00,0.0,16.6,1013.6,38.0,32.8,0.526318,140.0,7.6
2022-07-27 22:00:00,0.0,16.6,1013.6,38.0,32.8,0.582588,140.0,7.6
2022-07-27 23:00:00,0.0,16.8,1012.7,34.0,35.0,0.640323,3.0,0.0
2022-07-28 00:00:00,0.0,16.9,1012.4,33.0,35.6,0.727249,240.0,7.6
2022-07-28 01:00:00,0.0,19.0,1012.1,50.0,30.6,0.767295,240.0,13.0
2022-07-28 02:00:00,0.0,19.0,1012.1,50.0,30.6,0.717727,240.0,13.0
2022-07-28 03:00:00,0.0,16.1,1012.6,54.0,26.1,0.66524,240.0,18.4
2022-07-28 04:00:00,0.0,15.7,1013.4,60.0,23.9,0.609564,250.0,7.6
2022-07-28 05:00:00,0.0,15.1,1013.4,64.0,22.2,0.529312,3.0,7.6
2022-07-28 06:00:00,0.0,15.1,1013.4,64.0,22.2,0.44155,270.0,9.4
2022-07-28 07:00:00,0.0,14.0,1013.8,71.0,19.4,0.380533,260.0,11.2
2022-07-28 08:00:00,0.0,13.4,1013.6,73.0,18.3,0.348352,2.0,11.2
2022-07-28 09:00:00,0.0,13.3,1013.9,78.0,17.2,0.325763,260.0,11.2
2022-07-28 10:00:00,0.0,12.8,1013.9,78.0,16.7,0.30992,280.0,7.6
2022-07-28 11:00:00,0.0,12.8,1013.9,81.0,16.1,0.310738,2.0,7.6
2022-07-28 12:00:00,0.0,12.8,1013.9,81.0,16.1,0.331808,300.0,7.6
2022-07-28 13:00:00,0.0,12.7,1014.0,83.0,15.6,0.371458,280.0,7.6
2022-07-28 14:00:00,0.0,14.0,1014.4,76.0,18.3,0.428532,2.0,7.6
2022-07-28 15:00:00,0.0,14.5,1014.5,66.0,21.1,0.426622,0.0,0.0
2022-07-28 16:00:00,0.0,14.5,1014.5,66.0,21.1,0.449251,0.0,0.0
2022-07-28 17:00:00,0.0,16.7,1014.0,58.0,25.6,0.421666,2.0,0.0
2022-07-28 18:00:00,0.0,16.2,1013.6,48.0,28.3,0.481123,273.0,5.4
2022-07-28 19:00:00,0.0,17.1,1013.0,46.0,30.0,0.434523,6.0,7.6
2022-07-28 20:00:00,0.0,17.1,1013.0,46.0,30.0,0.492553,270.0,7.6
2022-07-28 21:00:00,0.0,19.0,1011.6,43.0,33.3,0.541051,80.0,7.6
2022-07-28 22:00:00,0.0,19.0,1010.9,39.0,35.0,0.599717,30.0,7.6
2022-07-28 23:00:00,0.0,19.4,1010.4,40.0,35.0,0.662517,2.0,7.6
2022-07-29 00:00:00,0.0,19.4,1010.1,40.0,35.0,0.724967,50.0,5.4
2022-07-29 01:00:00,0.0,19.4,1010.1,40.0,35.0,0.786786,220.0,5.4
2022-07-29 02:00:00,0.0,21.1,1009.8,46.0,34.4,0.763425,220.0,9.4
2022-07-29 03:00:00,0.0,19.0,1010.1,61.0,27.2,0.717991,260.0,7.6
2022-07-29 04:00:00,0.0,18.2,1010.6,66.0,25.0,0.660682,280.0,7.6
2022-07-29 05:00:00,0.0,17.3,1010.8,69.0,23.3,0.560086,3.0,7.6
2022-07-29 06:00:00,0.0,17.3,1010.8,69.0,23.3,0.48061,280.0,9.4
2022-07-29 07:00:00,0.0,16.6,1011.3,73.0,21.7,0.427695,280.0,5.4
2022-07-29 08:00:00,0.0,16.0,1011.4,78.0,20.0,0.391522,280.0,5.4
2022-07-29 09:00:00,0.0,16.1,1011.6,81.0,19.4,0.36363,260.0,9.4
2022-07-29 10:00:00,0.0,15.5,1011.8,84.0,18.3,0.3475,270.0,7.6
2022-07-29 11:00:00,0.0,15.5,1011.8,84.0,18.3,0.347217,270.0,7.6
2022-07-29 12:00:00,0.0,14.3,1012.2,86.0,16.7,0.365422,290.0,9.4
2022-07-29 13:00:00,0.0,14.3,1012.5,86.0,16.7,0.386933,260.0,9.4
2022-07-29 14:00:00,0.0,14.3,1012.5,86.0,16.7,0.443736,260.0,9.4
2022-07-29 15:00:00,0.0,15.6,1012.6,81.0,18.9,0.44783,270.0,7.6
2022-07-29 16:00:00,0.0,18.3,1012.5,64.0,25.6,0.447689,0.0,0.0
2022-07-29 17:00:00,0.0,19.0,1012.1,57.0,28.3,0.44764,0.0,0.0
2022-07-29 18:00:00,0.0,19.0,1011.8,50.0,30.6,0.480374,0.0,0.0
2022-07-29 19:00:00,0.0,20.1,1010.9,46.0,33.3,0.499163,0.0,0.0
2022-07-29 20:00:00,0.0,20.1,1010.9,46.0,33.3,0.536662,0.0,0.0
2022-07-29 21:00:00,0.0,20.8,1009.5,41.0,36.1,0.575201,70.0,5.4
2022-07-29 22:00:00,0.0,20.1,1008.9,37.0,37.2,0.62952,80.0,5.4
2022-07-29 23:00:00,0.0,20.1,1008.6,37.0,37.2,0.689912,80.0,11.2
2022-07-30 00:00:00,0.0,20.1,1008.6,37.0,37.2,0.758169,80.0,11.2
2022-07-30 01:00:00,0.0,20.1,1008.2,38.0,36.7,0.806782,100.0,7.6
2022-07-30 02:00:00,0.0,20.6,1008.1,52.0,31.7,0.780856,240.0,13.0
2022-07-30 03:00:00,0.0,19.5,1008.6,59.0,28.3,0.729865,240.0,9.4
2022-07-30 04:00:00,0.0,18.3,1009.1,64.0,25.6,0.668361,250.0,7.6
2022-07-30 05:00:00,0.0,17.9,1009.6,69.0,23.9,0.583699,260.0,7.6
2022-07-30 06:00:00,0.0,17.9,1009.6,69.0,23.9,0.505973,260.0,7.6
2022-07-30 07:00:00,0.0,16.6,1009.8,73.0,21.7,0.43722,270.0,5.4
2022-07-30 08:00:00,0.0,16.0,1009.9,75.0,20.6,0.401207,270.0,5.4
2022-07-30 09:00:00,0.0,15.7,1010.2,79.0,19.4,0.366551,270.0,7.6
2022-07-30 10:00:00,0.0,15.0,1010.6,81.0,18.3,0.345751,280.0,9.4
2022-07-30 11:00:00,0.0,15.0,1010.6,81.0,18.3,0.335862,280.0,9.4
2022-07-30 12:00:00,0.0,14.5,1011.3,81.0,17.8,0.34815,260.0,9.4
2022-07-30 13:00:00,0.0,15.0,1011.5,81.0,18.3,0.367682,280.0,14.8
2022-07-30 14:00:00,0.0,15.7,1011.7,79.0,19.4,0.423911,0.0,0.0
2022-07-30 15:00:00,0.0,15.7,1011.7,79.0,19.4,0.471544,0.0,0.0
2022-07-30 16:00:00,0.0,17.7,1011.5,71.0,23.3,0.471755,0.0,0.0
2022-07-30 17:00:00,0.0,19.0,1011.1,67.0,25.6,0.483252,120.0,11.2
2022-07-30 18:00:00,0.0,18.8,1010.9,62.0,26.7,0.527885,110.0,5.4
2022-07-30 19:00:00,0.0,20.1,1010.5,63.0,27.8,0.519741,0.0,0.0
2022-07-30 20:00:00,0.0,20.0,1010.2,50.0,31.7,0.420004,2.0,0.0
2022-07-30 21:00:00,0.0,20.0,1010.2,50.0,31.7,0.488962,300.0,7.6
2022-07-30 22:00:00,0.0,18.3,1008.9,32.0,37.8,0.57099,30.0,13.0
2022-07-30 23:00:00,0.0,16.6,1008.6,28.0,38.3,0.659318,4.0,13.0
2022-07-31 00:00:00,0.0,13.5,1008.7,23.0,38.3,0.719215,20.0,13.0
2022-07-31 01:00:00,0.0,13.5,1008.7,23.0,38.3,0.770075,20.0,13.0
2022-07-31 02:00:00,0.0,14.4,1009.0,31.0,33.9,0.748258,2.0,16.6
2022-07-31 03:00:00,0.0,14.4,1009.5,31.0,33.9,0.69244,260.0,9.4
2022-07-31 04:00:00,0.0,16.2,1010.2,56.0,25.6,0.641802,270.0,5.4
2022-07-31 05:00:00,0.0,16.2,1010.2,56.0,25.6,0.556681,270.0,5.4
2022-07-31 06:00:00,0.0,14.0,1010.9,54.0,23.9,0.479383,280.0,11.2
2022-07-31 07:00:00,0.0,13.3,1011.1,59.0,21.7,0.420411,290.0,5.4
2022-07-31 08:00:00,0.0,13.3,1011.1,68.0,19.4,0.375111,0.0,0.0
2022-07-31 09:00:00,0.0,13.4,1011.2,73.0,18.3,0.342207,300.0,5.4
2022-07-31 10:00:00,0.0,13.4,1011.2,73.0,18.3,0.328678,300.0,5.4
2022-07-31 11:00:00,0.0,12.3,1011.6,70.0,17.8,0.317349,2.0,5.4
2022-07-31 12:00:00,0.0,12.7,1012.1,83.0,15.6,0.307197,260.0,5.4
2022-07-31 13:00:00,0.0,11.7,1012.4,70.0,17.2,0.321792,0.0,0.0
2022-07-31 14:00:00,0.0,12.2,1012.6,65.0,18.9,0.371213,300.0,9.4
2022-07-31 15:00:00,0.0,12.2,1012.6,65.0,18.9,0.403856,300.0,9.4
2022-07-31 16:00:00,0.0,15.1,1013.2,60.0,23.3,0.387639,0.0,0.0
2022-07-31 17:00:00,0.0,14.5,1012.8,47.0,26.7,0.377068,0.0,0.0
2022-07-31 18:00:00,0.0,14.4,1012.4,40.0,29.4,0.417927,0.0,5.4
2022-07-31 19:00:00,0.0,13.8,1012.0,36.0,30.6,0.477393,150.0,7.6
2022-07-31 20:00:00,0.0,13.8,1012.0,36.0,30.6,0.494394,150.0,7.6
2022-07-31 21:00:00,0.0,15.8,1011.3,35.0,33.3,0.526115,240.0,11.2
2022-07-31 22:00:00,0.0,14.8,1010.6,31.0,34.4,0.59035,220.0,7.6
2022-07-31 23:00:00,0.0,15.9,1010.1,32.0,35.0,0.660787,3.0,7.6
2022-08-01 00:00:00,0.0,15.9,1010.1,32.0,35.0,0.719517,210.0,9.4
2022-08-01 01:00:00,0.0,17.2,1010.0,36.0,34.4,0.73158,230.0,14.8
2022-08-01 02:00:00,0.0,16.2,1010.1,51.0,27.2,0.673027,220.0,16.6
2022-08-01 03:00:00,0.0,15.1,1010.9,58.0,23.9,0.629513,240.0,16.6
2022-08-01 04:00:00,0.0,14.3,1011.4,57.0,23.3,0.566831,280.0,9.4
2022-08-01 05:00:00,0.0,14.3,1011.4,57.0,23.3,0.479678,280.0,9.4
2022-08-01 06:00:00,0.0,14.0,1012.1,71.0,19.4,0.405383,250.0,9.4
2022-08-01 07:00:00,0.0,14.0,1012.6,76.0,18.3,0.359255,240.0,13.0
2022-08-01 08:00:00,0.0,13.2,1013.2,80.0,16.7,0.327396,240.0,13.0
2022-08-01 09:00:00,0.0,13.4,1013.5,84.0,16.1,0.307548,250.0,7.6
2022-08-01 10:00:00,0.0,13.4,1013.5,84.0,16.1,0.30108,250.0,7.6
2022-08-01 11:00:00,0.0,12.7,1014.1,83.0,15.6,0.304362,3.0,11.2
2022-08-01 12:00:00,0.0,12.9,1014.4,87.0,15.0,0.3442,240.0,13.0
2022-08-01 13:00:00,0.0,13.3,1014.9,86.0,15.6,0.375018,230.0,11.2
2022-08-01 14:00:00,0.0,13.2,1015.3,83.0,16.1,0.42288,230.0,7.6
2022-08-01 15:00:00,0.0,13.4,1015.3,84.0,16.1,0.42772,200.0,7.6
2022-08-01 16:00:00,0.0,14.4,1015.4,78.0,18.3,0.426805,0.0,0.0
2022-08-01 17:00:00,0.0,14.4,1015.5,73.0,19.4,0.437973,250.0,7.6
2022-08-01 18:00:00,0.0,15.6,1015.5,62.0,23.3,0.401737,250.0,7.6
2022-08-01 19:00:00,0.0,15.6,1015.0,56.0,25.0,0.364872,280.0,11.2
2022-08-01 20:00:00,0.0,15.6,1015.0,56.0,25.0,0.39534,280.0,11.2
2022-08-01 21:00:00,0.0,15.1,1014.1,46.0,27.8,0.44127,200.0,7.6
2022-08-01 22:00:00,0.0,16.7,1013.9,51.0,27.8,0.487967,220.0,13.0
2022-08-01 23:00:00,0.0,17.2,1013.8,51.0,28.3,0.541336,5.0,13.0
2022-08-02 00:00:00,0.0,17.2,1013.8,51.0,28.3,0.607432,220.0,16.6
2022-08-02 01:00:00,0.0,16.6,1013.4,56.0,26.1,0.667616,230.0,20.5
2022-08-02 02:00:00,0.0,15.5,1013.5,66.0,22.2,0.653415,230.0,20.5
2022-08-02 03:00:00,0.0,15.5,1013.8,66.0,22.2,0.58033,220.0,22.3
2022-08-02 04:00:00,0.0,14.5,1014.7,81.0,17.8,0.537132,230.0,16.6
2022-08-02 05:00:00,0.0,14.5,1014.7,81.0,17.8,0.454876,230.0,16.6
2022-08-02 06:00:00,0.0,13.9,1015.5,87.0,16.1,0.398137,230.0,5.4
2022-08-02 07:00:00,0.0,13.9,1015.9,87.0,16.1,0.363481,210.0,9.4
2022-08-02 08:00:00,0.0,13.9,1016.6,87.0,16.1,0.343018,3.0,9.4
2022-08-02 09:00:00,0.0,14.0,1016.9,90.0,15.6,0.325871,230.0,11.2
2022-08-02 10:00:00,0.0,14.0,1016.9,90.0,15.6,0.30086,230.0,11.2
2022-08-02 11:00:00,0.0,13.4,1017.1,90.0,15.0,0.317834,2.0,7.6
2022-08-02 12:00:00,0.0,13.4,1017.1,90.0,15.0,0.342272,310.0,5.4
2022-08-02 13:00:00,0.0,13.3,1017.6,93.0,14.4,0.366655,0.0,0.0
2022-08-02 14:00:00,0.0,13.3,1017.6,93.0,14.4,0.398869,0.0,0.0
2022-08-02 15:00:00,0.0,15.0,1017.7,81.0,18.3,0.405461,100.0,7.6
2022-08-02 16:00:00,0.0,15.0,1017.7,81.0,18.3,0.38217,100.0,7.6
2022-08-02 17:00:00,0.0,16.0,1017.5,68.0,22.2,0.345842,2.0,9.4
2022-08-02 18:00:00,0.0,16.2,1017.1,62.0,23.9,0.328517,120.0,7.6
2022-08-02 19:00:00,0.0,16.2,1017.1,62.0,23.9,0.347686,120.0,7.6
2022-08-02 20:00:00,0.0,16.8,1016.2,53.0,27.2,0.397335,0.0,0.0
2022-08-02 21:00:00,0.0,14.9,1015.6,44.0,28.3,0.432707,0.0,5.4
2022-08-02 22:00:00,0.0,13.7,1015.2,37.0,30.0,0.488518,198.0,7.6
2022-08-02 23:00:00,0.0,13.8,1014.5,36.0,30.6,0.564285,2.0,7.6
2022-08-03 00:00:00,0.0,13.8,1014.5,36.0,30.6,0.649397,270.0,5.4
2022-08-03 01:00:00,0.0,15.1,1013.7,39.0,30.6,0.718632,80.0,5.4
2022-08-03 02:00:00,0.0,17.1,1013.5,54.0,27.2,0.70022,3.0,5.4
2022-08-03 03:00:00,0.0,12.8,1013.7,50.0,23.9,0.646292,220.0,16.6
2022-08-03 04:00:00,0.0,12.8,1013.7,50.0,23.9,0.574572,220.0,16.6
2022-08-03 05:00:00,0.0,12.3,1014.5,59.0,20.6,0.489091,2.0,13.0
2022-08-03 06:00:00,0.0,12.3,1014.6,70.0,17.8,0.395425,260.0,7.6
2022-08-03 07:00:00,0.0,12.2,1014.9,75.0,16.7,0.360734,270.0,9.4
2022-08-03 08:00:00,0.0,11.8,1014.8,78.0,15.6,0.331562,2.0,9.4
2022-08-03 09:00:00,0.0,11.2,1014.9,78.0,15.0,0.311585,280.0,7.6
2022-08-03 10:00:00,0.0,11.2,1014.9,78.0,15.0,0.301225,280.0,7.6
2022-08-03 11:00:00,0.0,10.7,1014.8,81.0,13.9,0.305272,290.0,7.6
2022-08-03 12:00:00,0.0,10.7,1014.8,84.0,13.3,0.333108,290.0,7.6
2022-08-03 13:00:00,0.0,11.1,1015.1,83.0,13.9,0.371525,290.0,7.6
2022-08-03 14:00:00,0.0,11.1,1015.1,83.0,13.9,0.412143,290.0,7.6
2022-08-03 15:00:00,0.0,11.6,1015.2,72.0,16.7,0.387469,260.0,7.6
2022-08-03 16:00:00,0.0,12.9,1014.8,68.0,18.9,0.362806,0.0,0.0
2022-08-03 17:00:00,0.0,12.8,1014.5,59.0,21.1,0.322203,0.0,0.0
2022-08-03 18:00:00,0.0,12.2,1013.9,48.0,23.9,0.312814,200.0,9.4
2022-08-03 19:00:00,0.0,12.2,1013.9,48.0,23.9,0.307941,200.0,9.4
2022-08-03 20:00:00,0.0,12.7,1012.7,42.0,26.7,0.330318,4.0,13.0
2022-08-03 21:00:00,0.0,13.4,1012.2,40.0,28.3,0.36514,220.0,14.8
2022-08-03 22:00:00,0.0,12.0,1012.2,39.0,27.2,0.413696,220.0,22.3
2022-08-03 23:00:00,0.0,11.2,1012.2,38.0,26.7,0.477516,8.0,22.3
2022-08-04 00:00:00,0.0,11.2,1012.2,38.0,26.7,0.547323,250.0,27.7
2022-08-04 01:00:00,0.0,10.0,1012.2,43.0,23.3,0.59946,240.0,20.5
2022-08-04 02:00:00,0.0,11.2,1012.4,57.0,20.0,0.571322,240.0,20.5
2022-08-04 03:00:00,0.0,10.5,1013.0,67.0,16.7,0.52738,240.0,16.6
2022-08-04 04:00:00,0.0,10.6,1014.1,72.0,15.6,0.489114,230.0,14.8
2022-08-04 05:00:00,0.0,10.6,1014.1,72.0,15.6,0.416481,230.0,14.8
2022-08-04 06:00:00,0.0,10.7,1015.0,81.0,13.9,0.37107,0.0,0.0
2022-08-04 07:00:00,0.0,9.9,1015.4,86.0,12.2,0.336406,220.0,7.6
2022-08-04 08:00:00,0.0,9.9,1015.4,86.0,12.2,0.310716,220.0,7.6
2022-08-04 09:00:00,0.0,9.9,1015.5,89.0,11.7,0.305615,300.0,5.4
2022-08-04 10:00:00,0.0,9.9,1015.6,86.0,12.2,0.28664,0.0,0.0
2022-08-04 11:00:00,0.0,9.9,1015.6,86.0,12.2,0.285619,0.0,0.0
2022-08-04 12:00:00,0.0,10.6,1016.0,90.0,12.2,0.32143,0.0,0.0
2022-08-04 13:00:00,0.0,11.2,1016.5,87.0,13.3,0.357028,0.0,0.0
2022-08-04 14:00:00,0.0,11.2,1016.5,87.0,13.3,0.404273,0.0,0.0
2022-08-04 15:00:00,0.0,12.2,1017.0,80.0,15.6,0.384774,0.0,0.0
2022-08-04 16:00:00,0.0,11.8,1016.9,68.0,17.8,0.356218,0.0,0.0
2022-08-04 17:00:00,0.0,11.8,1016.9,68.0,17.8,0.328439,0.0,0.0
2022-08-04 18:00:00,0.0,11.8,1017.4,57.0,20.6,0.301874,350.0,9.4
2022-08-04 19:00:00,0.0,11.8,1017.4,57.0,20.6,0.403337,350.0,9.4
2022-08-04 20:00:00,0.0,11.6,1017.0,51.0,22.2,0.326019,10.0,9.4
2022-08-04 21:00:00,0.0,11.7,1016.4,45.0,24.4,0.340081,10.0,9.4
2022-08-04 22:00:00,0.0,11.7,1016.0,45.0,24.4,0.373702,20.0,11.2
2022-08-04 23:00:00,0.0,11.7,1016.0,45.0,24.4,0.430156,20.0,11.2
2022-08-05 00:00:00,0.0,11.0,1015.1,43.0,24.4,0.49676,20.0,11.2
2022-08-05 01:00:00,0.0,11.0,1014.7,46.0,23.3,0.565097,20.0,16.6
2022-08-05 02:00:00,0.0,10.5,1015.0,49.0,21.7,0.554381,20.0,22.3
2022-08-05 03:00:00,0.0,10.1,1015.5,55.0,19.4,0.505474,360.0,13.0
2022-08-05 04:00:00,0.0,10.1,1015.5,55.0,19.4,0.460799,360.0,13.0
2022-08-05 05:00:00,0.0,10.5,1016.3,67.0,16.7,0.409215,3.0,14.8
2022-08-05 06:00:00,0.0,10.6,1016.3,70.0,16.1,0.357562,350.0,13.0
2022-08-05 07:00:00,0.0,10.0,1016.3,75.0,14.4,0.315297,350.0,9.4
2022-08-05 08:00:00,0.0,9.4,1016.2,72.0,14.4,0.299633,350.0,5.4
2022-08-05 09:00:00,0.0,9.4,1016.2,72.0,14.4,0.283542,360.0,5.4
2022-08-05 10:00:00,0.0,9.4,1015.9,77.0,13.3,0.283712,20.0,9.4
2022-08-05 11:00:00,0.0,9.4,1015.6,80.0,12.8,0.287104,3.0,9.4
2022-08-05 12:00:00,0.0,8.3,1015.6,89.0,10.0,0.316817,320.0,7.6
2022-08-05 13:00:00,0.0,9.4,1016.1,92.0,10.6,0.331334,250.0,7.6
2022-08-05 14:00:00,0.0,9.4,1016.1,92.0,10.6,0.382806,250.0,7.6
2022-08-05 15:00:00,0.0,9.9,1016.0,58.0,18.3,0.382512,20.0,20.5
2022-08-05 16:00:00,0.0,10.1,1015.9,53.0,20.0,0.353868,20.0,20.5
2022-08-05 17:00:00,0.0,10.0,1015.7,49.0,21.1,0.322999,6.0,20.5
2022-08-05 18:00:00,0.0,10.6,1015.5,46.0,22.8,0.287515,340.0,14.8
2022-08-05 19:00:00,0.0,10.6,1015.5,46.0,22.8,0.266157,340.0,14.8
2022-08-05 20:00:00,0.0,9.4,1014.7,35.0,26.1,0.296497,360.0,22.3
2022-08-05 21:00:00,0.0,9.5,1014.1,33.0,27.2,0.323045,30.0,22.3
2022-08-05 22:00:00,0.0,9.5,1014.1,33.0,27.2,0.383456,30.0,22.3
2022-08-05 23:00:00,0.0,9.1,1013.6,30.0,28.3,0.442675,10.0,9.4
2022-08-06 00:00:00,0.0,8.1,1013.1,29.0,27.8,0.507767,350.0,18.4
2022-08-06 01:00:00,0.0,9.5,1013.0,33.0,27.2,0.559105,360.0,20.5
2022-08-06 02:00:00,0.0,9.3,1013.3,37.0,25.0,0.563595,360.0,14.8
2022-08-06 03:00:00,0.0,9.9,1013.9,44.0,22.8,0.532035,10.0,14.8
2022-08-06 04:00:00,0.0,9.9,1013.9,44.0,22.8,0.492719,10.0,14.8
2022-08-06 05:00:00,0.0,11.8,1015.0,68.0,17.8,0.437782,360.0,5.4
2022-08-06 06:00:00,0.0,11.8,1015.4,68.0,17.8,0.384596,0.0,0.0
2022-08-06 07:00:00,0.0,11.2,1015.5,75.0,15.6,0.344654,300.0,5.4
2022-08-06 08:00:00,0.0,11.0,1015.7,89.0,12.8,0.321811,250.0,5.4
2022-08-06 09:00:00,0.0,11.0,1015.7,89.0,12.8,0.307792,250.0,5.4
2022-08-06 10:00:00,0.0,10.0,1015.9,93.0,11.1,0.291204,0.0,0.0
2022-08-06 11:00:00,0.0,9.9,1015.9,86.0,12.2,0.285529,300.0,5.4
2022-08-06 12:00:00,0.0,10.6,1016.1,93.0,11.7,0.308533,280.0,5.4
2022-08-06 13:00:00,0.0,9.4,1016.6,92.0,10.6,0.337276,0.0,0.0
2022-08-06 14:00:00,0.0,9.4,1016.6,92.0,10.6,0.372717,0.0,0.0
2022-08-06 15:00:00,0.0,12.3,1016.9,70.0,17.8,0.370668,0.0,0.0
2022-08-06 16:00:00,0.0,12.3,1016.7,59.0,20.6,0.363268,0.0,5.4
2022-08-06 17:00:00,0.0,12.9,1016.4,52.0,23.3,0.330412,18.0,5.4
2022-08-06 18:00:00,0.0,12.9,1016.4,52.0,23.3,0.317953,15.0,5.4
2022-08-06 19:00:00,0.0,13.3,1015.5,41.0,27.8,0.314774,0.0,7.6
2022-08-06 20:00:00,0.0,12.3,1014.9,35.0,29.4,0.345093,0.0,0.0
2022-08-06 21:00:00,0.0,12.0,1014.6,31.0,31.1,0.382204,0.0,7.6
2022-08-06 22:00:00,0.0,10.3,1013.9,26.0,32.2,0.452702,348.0,5.4
2022-08-06 23:00:00,0.0,10.3,1013.9,26.0,32.2,0.528443,341.0,5.4
2022-08-07 00:00:00,0.0,8.3,1013.1,22.0,32.8,0.59822,340.0,11.2
2022-08-07 01:00:00,0.0,9.7,1012.7,25.0,32.2,0.644125,350.0,13.0
2022-08-07 02:00:00,0.0,10.5,1012.9,30.0,30.0,0.633705,350.0,5.4
2022-08-07 03:00:00,0.0,10.8,1013.5,37.0,26.7,0.576468,360.0,7.6
2022-08-07 04:00:00,0.0,10.8,1013.5,37.0,26.7,0.528419,360.0,7.6
2022-08-07 05:00:00,0.0,10.6,1014.3,43.0,23.9,0.451534,0.0,0.0
2022-08-07 06:00:00,0.0,11.7,1014.4,63.0,18.9,0.380257,0.0,0.0
2022-08-07 07:00:00,0.0,11.7,1014.6,63.0,18.9,0.340952,0.0,0.0
2022-08-07 08:00:00,0.0,11.8,1014.5,81.0,15.0,0.317481,0.0,5.4
2022-08-07 09:00:00,0.0,11.8,1014.5,81.0,15.0,0.295675,280.0,5.4
2022-08-07 10:00:00,0.0,12.3,1014.5,90.0,13.9,0.281945,300.0,5.4
2022-08-07 11:00:00,0.0,11.7,1014.7,90.0,13.3,0.273805,0.0,5.4
2022-08-07 12:00:00,0.0,12.2,1014.7,96.0,12.8,0.281227,0.0,0.0
2022-08-07 13:00:00,0.0,12.2,1014.7,96.0,12.8,0.296841,0.0,0.0
2022-08-07 14:00:00,0.0,13.4,1015.3,84.0,16.1,0.342229,230.0,5.4
2022-08-07 15:00:00,0.0,13.2,1015.3,65.0,20.0,0.3654,260.0,5.4
2022-08-07 16:00:00,0.0,13.2,1015.0,48.0,25.0,0.36286,20.0,5.4
2022-08-07 17:00:00,0.0,12.6,1014.8,38.0,28.3,0.340437,2.0,5.4
2022-08-07 18:00:00,0.0,12.6,1014.8,38.0,28.3,0.363225,13.0,5.4
2022-08-07 19:00:00,0.0,11.9,1013.8,28.0,32.8,0.387391,0.0,5.4
2022-08-07 20:00:00,0.0,10.9,1013.3,24.0,34.4,0.435903,13.0,11.2
2022-08-07 21:00:00,0.0,9.2,1012.7,20.0,35.6,0.48183,360.0,13.0
2022-08-07 22:00:00,0.0,8.5,1012.1,18.0,36.7,0.545584,350.0,11.2
2022-08-07 23:00:00,0.0,8.5,1012.1,18.0,36.7,0.630567,350.0,11.2
2022-08-08 00:00:00,0.0,5.9,1011.2,15.0,36.7,0.704128,10.0,13.0
2022-08-08 01:00:00,0.0,8.4,1010.8,19.0,35.6,0.731681,350.0,9.4
2022-08-08 02:00:00,0.0,8.4,1011.4,19.0,35.6,0.690843,5.0,9.4
2022-08-08 03:00:00,0.0,14.9,1012.1,44.0,28.3,0.628201,220.0,18.4
2022-08-08 04:00:00,0.0,13.9,1012.1,52.0,24.4,0.560036,240.0,22.3
2022-08-08 05:00:00,0.0,12.8,1013.3,61.0,20.6,0.466096,250.0,16.6
2022-08-08 06:00:00,0.0,12.2,1013.7,65.0,18.9,0.390614,250.0,13.0
2022-08-08 07:00:00,0.0,11.8,1013.5,68.0,17.8,0.34588,260.0,16.6
2022-08-08 08:00:00,0.0,11.8,1013.5,68.0,17.8,0.315506,260.0,16.6
2022-08-08 09:00:00,0.0,11.2,1013.9,78.0,15.0,0.299535,250.0,11.2
2022-08-08 10:00:00,0.0,11.2,1013.9,81.0,14.4,0.286079,270.0,13.0
2022-08-08 11:00:00,0.0,11.2,1014.2,87.0,13.3,0.284077,260.0,9.4
2022-08-08 12:00:00,0.0,11.0,1014.5,89.0,12.8,0.316867,220.0,5.4
2022-08-08 13:00:00,0.0,11.0,1014.5,89.0,12.8,0.349542,220.0,5.4
2022-08-08 14:00:00,0.0,12.1,1015.4,83.0,15.0,0.387343,230.0,11.2
2022-08-08 15:00:00,0.0,12.7,1015.8,75.0,17.2,0.378113,220.0,7.6
2022-08-08 16:00:00,0.0,13.3,1015.7,68.0,19.4,0.350773,220.0,7.6
2022-08-08 17:00:00,0.0,13.3,1015.3,63.0,20.6,0.34711,230.0,9.4
2022-08-08 18:00:00,0.0,13.3,1015.3,63.0,20.6,0.383953,230.0,9.4
2022-08-08 19:00:00,0.0,14.3,1014.8,55.0,23.9,0.384502,220.0,14.8
2022-08-08 20:00:00,0.0,14.3,1014.3,55.0,23.9,0.477294,5.0,14.8
2022-08-08 21:00:00,0.0,15.1,1014.3,58.0,23.9,0.382944,230.0,18.4
2022-08-08 22:00:00,0.0,15.1,1014.3,58.0,23.9,0.393292,230.0,18.4
2022-08-08 23:00:00,0.0,15.5,1012.7,47.0,27.8,0.490905,200.0,14.8
2022-08-09 00:00:00,0.0,15.6,1012.9,58.0,24.4,0.548182,210.0,25.9
2022-08-09 01:00:00,0.0,15.6,1012.9,58.0,24.4,0.583853,210.0,25.9
2022-08-09 02:00:00,0.0,14.0,1013.2,71.0,19.4,0.559187,220.0,24.1
2022-08-09 03:00:00,0.0,14.0,1013.2,71.0,19.4,0.522508,220.0,24.1
2022-08-09 04:00:00,0.0,13.4,1014.1,84.0,16.1,0.473229,220.0,22.3
2022-08-09 05:00:00,0.0,12.8,1014.5,81.0,16.1,0.392137,210.0,20.5
2022-08-09 06:00:00,0.0,12.7,1015.1,83.0,15.6,0.348327,210.0,18.4
2022-08-09 07:00:00,0.0,12.9,1014.6,87.0,15.0,0.325831,230.0,11.2
2022-08-09 08:00:00,0.0,12.9,1014.6,87.0,15.0,0.293097,230.0,11.2
2022-08-09 09:00:00,0.0,12.3,1015.2,90.0,13.9,0.27889,150.0,7.6
2022-08-09 10:00:00,0.0,12.9,1015.2,87.0,15.0,0.269167,240.0,7.6
2022-08-09 11:00:00,0.0,12.8,1014.7,90.0,14.4,0.285233,0.0,0.0
2022-08-09 12:00:00,0.0,12.8,1014.5,93.0,13.9,0.311746,0.0,0.0
2022-08-09 13:00:00,0.0,12.8,1014.5,93.0,13.9,0.34423,0.0,0.0
2022-08-09 14:00:00,0.0,13.4,1014.3,90.0,15.0,0.389207,0.0,7.6
2022-08-09 15:00:00,0.0,13.4,1014.3,90.0,15.0,0.399433,280.0,7.6
2022-08-09 16:00:00,0.0,14.0,1014.2,76.0,18.3,0.357796,0.0,0.0
2022-08-09 17:00:00,0.0,14.0,1014.2,76.0,18.3,0.332166,0.0,0.0
2022-08-09 18:00:00,0.0,15.1,1014.1,64.0,22.2,0.333719,0.0,0.0
2022-08-09 19:00:00,0.0,15.1,1013.2,58.0,23.9,0.333174,0.0,0.0
2022-08-09 20:00:00,0.0,16.2,1012.5,56.0,25.6,0.334926,0.0,9.4
2022-08-09 21:00:00,0.0,16.2,1012.5,56.0,25.6,0.387744,222.0,9.4
2022-08-09 22:00:00,0.0,16.8,1011.7,53.0,27.2,0.452035,0.0,0.0
2022-08-09 23:00:00,0.0,17.1,1010.4,49.0,28.9,0.53365,210.0,5.4
2022-08-10 00:00:00,0.0,16.8,1010.5,48.0,28.9,0.602398,200.0,5.4
2022-08-10 01:00:00,0.0,15.7,1010.3,60.0,23.9,0.623058,200.0,5.4
2022-08-10 02:00:00,0.0,15.0,1010.5,68.0,21.1,0.585228,6.0,25.9
2022-08-10 03:00:00,0.0,15.0,1010.5,68.0,21.1,0.525759,220.0,22.3
2022-08-10 04:00:00,0.0,14.0,1011.4,84.0,16.7,0.465167,290.0,13.0
2022-08-10 05:00:00,1.0,13.9,1013.1,87.0,16.1,0.39967,290.0,13.0
2022-08-10 06:00:00,0.0,13.3,1013.4,86.0,15.6,0.346885,200.0,20.5
2022-08-10 07:00:00,0.0,13.3,1013.4,86.0,15.6,0.316299,200.0,20.5
2022-08-10 08:00:00,0.0,13.4,1014.4,84.0,16.1,0.304483,210.0,22.3
2022-08-10 09:00:00,0.0,13.4,1015.0,84.0,16.1,0.297843,210.0,18.4
2022-08-10 10:00:00,0.0,13.4,1015.0,84.0,16.1,0.289197,210.0,18.4
2022-08-10 11:00:00,0.0,13.2,1015.4,80.0,16.7,0.30231,200.0,16.6
2022-08-10 12:00:00,0.0,13.4,1016.0,84.0,16.1,0.325008,4.0,14.8
2022-08-10 13:00:00,0.0,13.9,1016.9,87.0,16.1,0.353983,200.0,9.4
2022-08-10 14:00:00,0.0,14.0,1017.3,84.0,16.7,0.396491,190.0,11.2
2022-08-10 15:00:00,0.0,13.9,1017.5,81.0,17.2,0.416836,200.0,11.2
2022-08-10 16:00:00,0.0,13.9,1017.9,78.0,17.8,0.424604,210.0,9.4
2022-08-10 17:00:00,0.0,13.9,1017.9,78.0,17.8,0.420957,210.0,9.4
2022-08-10 18:00:00,0.0,14.0,1018.7,73.0,18.9,0.44224,240.0,13.0
2022-08-10 19:00:00,0.0,14.0,1018.9,73.0,18.9,0.434246,230.0,9.4
2022-08-10 20:00:00,0.0,13.2,1018.8,65.0,20.0,0.360519,2.0,9.4
2022-08-10 21:00:00,0.0,13.3,1018.8,57.0,22.2,0.372516,240.0,5.4
2022-08-10 22:00:00,0.0,13.3,1018.8,57.0,22.2,0.376449,220.0,5.4
2022-08-10 23:00:00,0.0,13.3,1018.7,55.0,22.8,0.429197,250.0,11.2
2022-08-11 00:00:00,0.0,13.3,1018.7,55.0,22.8,0.458067,250.0,11.2
2022-08-11 01:00:00,0.0,12.3,1018.6,50.0,23.3,0.533784,290.0,11.2
2022-08-11 02:00:00,0.0,12.8,1018.6,57.0,21.7,0.498429,0.0,11.2
2022-08-11 03:00:00,0.0,12.8,1018.6,57.0,21.7,0.493675,0.0,0.0
2022-08-11 04:00:00,0.0,12.1,1019.5,72.0,17.2,0.472588,0.0,0.0
2022-08-11 05:00:00,0.0,11.7,1019.7,75.0,16.1,0.399019,2.0,0.0
2022-08-11 06:00:00,0.0,12.3,1019.7,78.0,16.1,0.344352,310.0,7.6
2022-08-11 07:00:00,0.0,12.3,1019.7,78.0,16.1,0.316372,310.0,7.6
2022-08-11 08:00:00,0.0,11.7,1019.5,93.0,12.8,0.294423,0.0,0.0
2022-08-11 09:00:00,0.0,11.1,1019.2,96.0,11.7,0.283291,0.0,0.0
2022-08-11 10:00:00,0.0,11.1,1019.2,93.0,12.2,0.276998,290.0,5.4
2022-08-11 11:00:00,0.0,10.6,1019.1,93.0,11.7,0.282392,0.0,5.4
2022-08-11 12:00:00,0.0,10.6,1019.1,93.0,11.7,0.314772,0.0,0.0
2022-08-11 13:00:00,0.0,10.6,1019.1,93.0,11.7,0.339613,0.0,0.0
2022-08-11 14:00:00,0.0,12.3,1019.3,90.0,13.9,0.386248,0.0,0.0
2022-08-11 15:00:00,0.0,12.7,1018.9,75.0,17.2,0.375989,0.0,0.0
2022-08-11 16:00:00,0.0,14.0,1018.4,71.0,19.4,0.349848,0.0,0.0
2022-08-11 17:00:00,0.0,14.0,1018.4,71.0,19.4,0.318659,0.0,0.0
2022-08-11 18:00:00,0.0,15.1,1017.4,60.0,23.3,0.30884,0.0,0.0
2022-08-11 19:00:00,0.0,14.5,1016.8,52.0,25.0,0.312157,0.0,0.0
2022-08-11 20:00:00,0.0,14.5,1016.8,52.0,25.0,0.33389,0.0,0.0
2022-08-11 21:00:00,0.0,14.5,1016.3,47.0,26.7,0.383373,0.0,0.0
2022-08-11 22:00:00,0.0,13.0,1015.9,40.0,27.8,0.458684,0.0,0.0
2022-08-11 23:00:00,0.0,14.3,1014.7,41.0,28.9,0.523545,200.0,7.6
2022-08-12 00:00:00,0.0,15.6,1014.6,46.0,28.3,0.573377,230.0,24.1
2022-08-12 01:00:00,0.0,15.0,1014.9,52.0,25.6,0.618108,230.0,24.1
2022-08-12 02:00:00,0.0,14.4,1015.2,59.0,22.8,0.588803,230.0,22.3
2022-08-12 03:00:00,0.0,14.4,1015.2,59.0,22.8,0.551605,230.0,22.3
2022-08-12 04:00:00,0.0,12.9,1016.3,73.0,17.8,0.517803,220.0,20.5
2022-08-12 05:00:00,0.0,12.7,1016.4,75.0,17.2,0.438268,220.0,16.6
2022-08-12 06:00:00,0.0,12.3,1016.9,78.0,16.1,0.362192,230.0,13.0
2022-08-12 07:00:00,0.0,12.3,1016.9,78.0,16.1,0.32559,230.0,13.0
2022-08-12 08:00:00,0.0,12.3,1017.3,90.0,13.9,0.30017,230.0,9.4
2022-08-12 09:00:00,0.0,12.2,1017.2,93.0,13.3,0.283599,230.0,13.0
2022-08-12 10:00:00,0.0,11.7,1017.3,93.0,12.8,0.284705,220.0,7.6
2022-08-12 11:00:00,0.0,11.1,1017.2,93.0,12.2,0.279156,0.0,0.0
2022-08-12 12:00:00,0.0,11.1,1017.2,93.0,12.2,0.305838,0.0,0.0
2022-08-12 13:00:00,0.0,11.1,1017.3,93.0,12.2,0.334298,220.0,9.4
2022-08-12 14:00:00,0.0,11.7,1017.7,93.0,12.8,0.386903,200.0,7.6
2022-08-12 15:00:00,0.0,12.1,1018.4,83.0,15.0,0.383567,240.0,7.6
2022-08-12 16:00:00,0.0,12.8,1018.2,78.0,16.7,0.351108,240.0,5.4
2022-08-12 17:00:00,0.0,12.8,1018.2,78.0,16.7,0.309516,220.0,5.4
2022-08-12 18:00:00,0.0,12.8,1017.8,59.0,21.1,0.306192,0.0,0.0
2022-08-12 19:00:00,0.0,12.1,1017.5,51.0,22.8,0.351022,200.0,14.8
2022-08-12 20:00:00,0.0,12.1,1017.5,51.0,22.8,0.368737,200.0,14.8
2022-08-12 21:00:00,0.0,13.2,1017.2,48.0,25.0,0.390759,210.0,13.0
2022-08-12 22:00:00,0.0,13.2,1017.2,48.0,25.0,0.359859,210.0,13.0
2022-08-12 23:00:00,0.0,12.2,1017.3,48.0,23.9,0.428224,210.0,20.5
2022-08-13 00:00:00,0.0,12.2,1017.3,48.0,23.9,0.489256,210.0,20.5
2022-08-13 01:00:00,0.0,11.0,1017.3,46.0,23.3,0.527649,240.0,24.1
2022-08-13 02:00:00,0.0,10.6,1018.0,51.0,21.1,0.499483,240.0,22.3
2022-08-13 03:00:00,0.0,9.9,1018.8,56.0,18.9,0.48274,250.0,18.4
2022-08-13 04:00:00,0.0,10.0,1019.8,67.0,16.1,0.458607,280.0,11.2
2022-08-13 05:00:00,0.0,9.9,1020.2,80.0,13.3,0.402649,3.0,11.2
2022-08-13 06:00:00,0.0,9.9,1020.2,80.0,13.3,0.353706,210.0,9.4
2022-08-13 07:00:00,0.0,9.9,1020.3,80.0,13.3,0.322055,190.0,9.4
2022-08-13 08:00:00,0.0,9.9,1020.8,86.0,12.2,0.29308,2.0,9.4
2022-08-13 09:00:00,0.0,10.7,1021.1,84.0,13.3,0.269561,0.0,0.0
2022-08-13 10:00:00,0.0,11.1,1021.2,83.0,13.9,0.25572,0.0,0.0
2022-08-13 11:00:00,0.0,10.7,1021.4,81.0,13.9,0.249864,0.0,0.0
2022-08-13 12:00:00,0.0,10.7,1021.4,81.0,13.9,0.265503,0.0,0.0
2022-08-13 13:00:00,0.0,11.8,1022.0,81.0,15.0,0.303299,0.0,0.0
2022-08-13 14:00:00,0.0,11.8,1022.2,81.0,15.0,0.353576,0.0,5.4
2022-08-13 15:00:00,0.0,11.7,1022.4,75.0,16.1,0.383279,0.0,0.0
2022-08-13 16:00:00,0.0,11.7,1022.4,75.0,16.1,0.382583,0.0,0.0
2022-08-13 17:00:00,0.0,12.3,1022.6,59.0,20.6,0.365576,2.0,5.4
2022-08-13 18:00:00,0.0,12.3,1022.6,59.0,20.6,0.282939,306.0,7.6
2022-08-13 19:00:00,0.0,11.1,1022.3,53.0,21.1,0.265186,10.0,5.4
2022-08-13 20:00:00,0.0,11.8,1021.7,50.0,22.8,0.292276,10.0,11.2
2022-08-13 21:00:00,0.0,12.4,1021.3,47.0,24.4,0.315429,310.0,9.4
2022-08-13 22:00:00,0.0,12.2,1021.1,45.0,25.0,0.366287,310.0,14.8
2022-08-13 23:00:00,0.0,12.8,1020.6,45.0,25.6,0.424542,360.0,11.2
2022-08-14 00:00:00,0.0,12.1,1020.2,43.0,25.6,0.495723,330.0,11.2
2022-08-14 01:00:00,0.0,12.2,1019.4,45.0,25.0,0.555947,350.0,13.0
2022-08-14 02:00:00,0.0,12.2,1019.4,45.0,25.0,0.526112,350.0,13.0
2022-08-14 03:00:00,0.0,12.9,1019.6,52.0,23.3,0.500957,360.0,11.2
2022-08-14 04:00:00,0.0,12.8,1019.9,61.0,20.6,0.461448,360.0,14.8
2022-08-14 05:00:00,0.0,12.3,1020.1,70.0,17.8,0.405828,340.0,7.6
2022-08-14 06:00:00,0.0,12.3,1020.1,70.0,17.8,0.355615,340.0,7.6
2022-08-14 07:00:00,0.0,11.8,1020.2,87.0,13.9,0.320373,290.0,5.4
2022-08-14 08:00:00,0.0,11.7,1020.4,93.0,12.8,0.290017,290.0,0.0
2022-08-14 09:00:00,0.0,12.2,1020.5,93.0,13.3,0.276384,0.0,0.0
2022-08-14 10:00:00,0.0,11.7,1020.5,90.0,13.3,0.254041,0.0,0.0
2022-08-14 11:00:00,0.0,11.7,1020.5,90.0,13.3,0.249886,0.0,0.0
2022-08-14 12:00:00,0.0,11.7,1020.6,97.0,12.2,0.250165,0.0,0.0
2022-08-14 13:00:00,0.0,11.1,1021.0,93.0,12.2,0.270305,0.0,0.0
2022-08-14 14:00:00,0.0,12.8,1021.2,90.0,14.4,0.308637,0.0,0.0
2022-08-14 15:00:00,0.0,13.2,1021.3,80.0,16.7,0.316055,0.0,0.0
2022-08-14 16:00:00,0.0,13.2,1021.3,80.0,16.7,0.286762,0.0,0.0
2022-08-14 17:00:00,0.0,14.0,1020.6,64.0,21.1,0.274821,0.0,0.0
2022-08-14 18:00:00,0.0,14.0,1020.1,56.0,23.3,0.258786,0.0,0.0
2022-08-14 19:00:00,0.0,13.2,1019.6,48.0,25.0,0.272207,70.0,9.4
2022-08-14 20:00:00,0.0,13.4,1019.1,44.0,26.7,0.294383,0.0,0.0
2022-08-14 21:00:00,0.0,13.4,1019.1,44.0,26.7,0.339348,0.0,0.0
2022-08-14 22:00:00,0.0,12.2,1018.4,38.0,27.8,0.398098,0.0,0.0
2022-08-14 23:00:00,0.0,12.3,1017.7,36.0,28.9,0.484643,360.0,7.6
2022-08-15 00:00:00,0.0,12.9,1016.7,35.0,30.0,0.562639,0.0,0.0
2022-08-15 01:00:00,0.0,12.9,1016.7,35.0,30.0,0.608969,0.0,0.0
2022-08-15 02:00:00,0.0,12.8,1016.4,36.0,29.4,0.569874,300.0,5.4
2022-08-15 03:00:00,0.0,15.1,1016.5,56.0,24.4,0.516617,220.0,16.6
2022-08-15 04:00:00,0.0,14.0,1017.0,66.0,20.6,0.466035,240.0,7.6
2022-08-15 05:00:00,0.0,12.7,1017.5,70.0,18.3,0.388254,260.0,9.4
2022-08-15 06:00:00,0.0,12.7,1017.5,70.0,18.3,0.326113,260.0,9.4
2022-08-15 07:00:00,0.0,12.8,1017.8,81.0,16.1,0.30166,250.0,7.6
2022-08-15 08:00:00,0.0,12.3,1017.6,78.0,16.1,0.275868,250.0,5.4
2022-08-15 09:00:00,0.0,12.2,1017.6,80.0,15.6,0.261,0.0,0.0
2022-08-15 10:00:00,0.0,11.7,1017.8,84.0,14.4,0.253237,290.0,7.6
2022-08-15 11:00:00,0.0,11.7,1017.8,84.0,14.4,0.260052,290.0,7.6
2022-08-15 12:00:00,0.0,11.8,1017.6,87.0,13.9,0.294136,300.0,5.4
2022-08-15 13:00:00,0.0,11.2,1017.6,87.0,13.3,0.330065,290.0,5.4
2022-08-15 14:00:00,0.0,11.0,1018.0,89.0,12.8,0.393481,0.0,0.0
2022-08-15 15:00:00,0.0,13.4,1018.1,73.0,18.3,0.38463,0.0,0.0
2022-08-15 16:00:00,0.0,13.4,1018.1,73.0,18.3,0.366289,0.0,0.0
2022-08-15 17:00:00,0.0,14.0,1017.8,54.0,23.9,0.348548,3.0,7.6
2022-08-15 18:00:00,0.0,14.4,1017.1,50.0,25.6,0.347866,326.0,5.4
2022-08-15 19:00:00,0.0,13.8,1016.6,45.0,26.7,0.352586,300.0,9.4
2022-08-15 20:00:00,0.0,13.8,1016.6,45.0,26.7,0.381192,300.0,9.4
2022-08-15 21:00:00,0.0,13.2,1016.0,38.0,28.9,0.433935,80.0,9.0
2022-08-15 22:00:00,0.0,13.4,1015.6,35.0,30.6,0.484454,80.0,9.4
2022-08-15 23:00:00,0.0,13.4,1015.0,34.0,31.1,0.558956,0.0,0.0
2022-08-16 00:00:00,0.0,14.3,1014.4,37.0,30.6,0.622144,230.0,16.6
2022-08-16 01:00:00,0.0,14.3,1014.4,37.0,30.6,0.672837,230.0,16.6
2022-08-16 02:00:00,0.0,14.9,1014.4,44.0,28.3,0.626077,230.0,18.4
2022-08-16 03:00:00,0.0,13.3,1015.5,61.0,21.1,0.566019,250.0,13.0
2022-08-16 04:00:00,0.0,13.3,1015.9,70.0,18.9,0.508217,240.0,13.0
2022-08-16 05:00:00,0.0,12.7,1016.1,70.0,18.3,0.444113,3.0,13.0
2022-08-16 06:00:00,0.0,12.7,1016.1,70.0,18.3,0.373079,230.0,11.2
2022-08-16 07:00:00,0.0,12.8,1016.6,78.0,16.7,0.340801,0.0,0.0
2022-08-16 08:00:00,0.0,12.8,1016.7,78.0,16.7,0.309699,2.0,0.0
2022-08-16 09:00:00,0.0,13.3,1016.8,86.0,15.6,0.290909,290.0,9.4
2022-08-16 10:00:00,0.0,12.9,1017.2,87.0,15.0,0.285966,280.0,7.6
2022-08-16 11:00:00,0.0,12.9,1017.2,87.0,15.0,0.284192,280.0,7.6
2022-08-16 12:00:00,0.0,12.2,1017.4,93.0,13.3,0.319628,290.0,7.6
2022-08-16 13:00:00,0.0,12.8,1017.8,93.0,13.9,0.348187,280.0,5.4
2022-08-16 14:00:00,0.0,13.3,1017.9,86.0,15.6,0.386853,0.0,0.0
2022-08-16 15:00:00,0.0,13.4,1017.6,73.0,18.3,0.377484,330.0,7.6
2022-08-16 16:00:00,0.0,13.4,1017.6,73.0,18.3,0.338038,330.0,7.6
2022-08-16 17:00:00,0.0,12.2,1017.1,48.0,23.9,0.30689,0.0,9.4
2022-08-16 18:00:00,0.0,12.8,1016.4,41.0,27.2,0.318929,340.0,13.0
2022-08-16 19:00:00,0.0,10.9,1015.8,34.0,28.3,0.335991,320.0,9.4
2022-08-16 20:00:00,0.0,10.9,1015.8,34.0,28.3,0.366574,320.0,9.4
2022-08-16 21:00:00,0.0,9.9,1015.1,27.0,31.1,0.418018,360.0,14.8
2022-08-16 22:00:00,0.0,10.8,1013.6,27.0,32.2,0.476672,20.0,14.8
2022-08-16 23:00:00,0.0,10.8,1013.6,27.0,32.2,0.571603,20.0,14.8
2022-08-17 00:00:00,0.0,10.8,1012.7,26.0,32.8,0.644434,360.0,18.4
2022-08-17 01:00:00,0.0,10.8,1012.7,26.0,32.8,0.710196,10.0,22.3
2022-08-17 02:00:00,0.0,12.3,1012.3,36.0,28.9,0.670258,5.0,16.6
2022-08-17 03:00:00,0.0,12.2,1012.7,45.0,25.0,0.646217,20.0,9.4
2022-08-17 04:00:00,0.0,12.2,1013.1,48.0,23.9,0.59003,350.0,13.0
2022-08-17 05:00:00,0.0,12.2,1013.1,48.0,23.9,0.497382,350.0,13.0
2022-08-17 06:00:00,0.0,13.3,1013.1,55.0,22.8,0.419793,350.0,9.4
2022-08-17 07:00:00,0.0,13.9,1013.2,81.0,17.2,0.377785,280.0,5.4
2022-08-17 08:00:00,0.0,14.3,1013.1,86.0,16.7,0.35408,270.0,5.4
2022-08-17 09:00:00,0.0,12.8,1013.3,90.0,14.4,0.340394,210.0,7.6
2022-08-17 10:00:00,0.0,13.3,1013.5,93.0,14.4,0.334917,0.0,0.0
2022-08-17 11:00:00,0.0,13.3,1013.5,93.0,14.4,0.33352,0.0,0.0
2022-08-17 12:00:00,0.0,12.9,1013.5,87.0,15.0,0.343495,0.0,0.0
2022-08-17 13:00:00,0.0,13.3,1013.6,93.0,14.4,0.370748,0.0,0.0
2022-08-17 14:00:00,0.0,14.5,1013.6,84.0,17.2,0.426123,0.0,0.0
2022-08-17 15:00:00,0.0,14.5,1013.6,84.0,17.2,0.434146,0.0,0.0
2022-08-17 16:00:00,0.0,15.1,1013.0,58.0,23.9,0.423354,0.0,0.0
2022-08-17 17:00:00,0.0,14.9,1012.6,47.0,27.2,0.415351,3.0,0.0
2022-08-17 18:00:00,0.0,16.1,1012.1,46.0,28.9,0.416416,90.0,7.6
2022-08-17 19:00:00,0.0,16.6,1011.4,43.0,30.6,0.445015,90.0,9.4
2022-08-17 20:00:00,0.0,16.6,1011.4,43.0,30.6,0.523349,170.0,9.4
2022-08-17 21:00:00,0.0,16.7,1010.9,36.0,33.9,0.585652,0.0,0.0
2022-08-17 22:00:00,0.0,16.6,1010.3,37.0,33.3,0.627904,110.0,5.4
2022-08-17 23:00:00,0.0,16.6,1010.3,37.0,33.3,0.651458,110.0,5.4
2022-08-18 00:00:00,0.0,17.2,1009.6,36.0,34.4,0.741085,0.0,0.0
2022-08-18 01:00:00,0.0,17.2,1009.6,36.0,34.4,0.79421,0.0,0.0
2022-08-18 02:00:00,0.0,18.8,1009.9,51.0,30.0,0.778102,140.0,11.2
2022-08-18 03:00:00,0.0,17.9,1010.6,55.0,27.8,0.74839,230.0,11.2
2022-08-18 04:00:00,0.0,17.9,1010.6,55.0,27.8,0.687029,230.0,11.2
2022-08-18 05:00:00,0.0,17.7,1010.6,60.0,26.1,0.592287,2.0,0.0
2022-08-18 06:00:00,0.0,17.7,1010.6,60.0,26.1,0.509654,270.0,5.4
2022-08-18 07:00:00,0.0,17.9,1011.8,79.0,21.7,0.457907,0.0,0.0
2022-08-18 08:00:00,0.0,16.6,1011.9,73.0,21.7,0.421034,0.0,13.0
2022-08-18 09:00:00,0.0,16.6,1011.1,73.0,21.7,0.396455,0.0,0.0
2022-08-18 10:00:00,0.0,16.6,1011.1,73.0,21.7,0.384084,0.0,0.0
2022-08-18 11:00:00,0.0,16.1,1011.9,90.0,17.8,0.370111,0.0,0.0
2022-08-18 12:00:00,0.0,16.1,1012.1,87.0,18.3,0.388964,0.0,0.0
2022-08-18 13:00:00,0.0,16.1,1012.1,87.0,18.3,0.424803,0.0,0.0
2022-08-18 14:00:00,0.0,16.6,1013.1,81.0,20.0,0.476653,150.0,11.2
2022-08-18 15:00:00,0.0,16.6,1013.1,81.0,20.0,0.477054,150.0,11.2
2022-08-18 16:00:00,0.0,18.3,1012.9,64.0,25.6,0.482942,280.0,9.4
2022-08-18 17:00:00,0.0,19.0,1012.6,55.0,28.9,0.477039,40.0,5.4
2022-08-18 18:00:00,0.0,18.8,1012.5,53.0,29.4,0.578273,90.0,9.4
2022-08-18 19:00:00,0.0,18.8,1012.2,51.0,30.0,0.564923,0.0,0.0
2022-08-18 20:00:00,0.0,18.8,1012.2,51.0,30.0,0.617191,0.0,0.0
2022-08-18 21:00:00,0.0,18.8,1011.6,51.0,30.0,0.637437,70.0,9.4
2022-08-18 22:00:00,0.0,18.8,1011.6,51.0,30.0,0.638352,70.0,9.4
2022-08-18 23:00:00,0.0,18.4,1011.2,50.0,30.0,0.681526,2.0,13.0
2022-08-19 00:00:00,0.0,18.5,1010.7,47.0,31.1,0.680297,10.0,7.6
2022-08-19 01:00:00,0.0,18.5,1010.7,47.0,31.1,0.727855,10.0,7.6
2022-08-19 02:00:00,0.0,20.1,1010.8,63.0,27.8,0.666981,140.0,13.0
2022-08-19 03:00:00,0.0,18.3,1011.0,64.0,25.6,0.651863,240.0,11.2
2022-08-19 04:00:00,0.0,17.2,1011.3,66.0,23.9,0.598154,240.0,11.2
2022-08-19 05:00:00,0.0,17.2,1011.3,66.0,23.9,0.513881,220.0,25.9
2022-08-19 06:00:00,0.0,16.0,1011.8,78.0,20.0,0.44218,230.0,16.6
2022-08-19 07:00:00,0.0,15.6,1012.2,81.0,18.9,0.395734,210.0,20.5
2022-08-19 08:00:00,0.0,15.0,1012.6,81.0,18.3,0.366987,210.0,20.5
2022-08-19 09:00:00,0.0,15.0,1012.9,81.0,18.3,0.353191,210.0,18.4
2022-08-19 10:00:00,0.0,15.0,1012.9,81.0,18.3,0.342247,210.0,18.4
2022-08-19 11:00:00,0.0,15.0,1013.4,81.0,18.3,0.334473,5.0,14.8
2022-08-19 12:00:00,0.0,15.0,1013.8,81.0,18.3,0.355542,220.0,16.6
2022-08-19 13:00:00,0.0,15.0,1013.8,81.0,18.3,0.37844,220.0,16.6
2022-08-19 14:00:00,0.0,15.0,1014.9,78.0,18.9,0.430804,210.0,11.2
2022-08-19 15:00:00,0.0,15.0,1014.9,78.0,18.9,0.444541,210.0,11.2
2022-08-19 16:00:00,0.0,15.0,1015.3,73.0,20.0,0.449018,220.0,13.0
2022-08-19 17:00:00,0.0,15.6,1015.2,73.0,20.6,0.43965,190.0,5.4
2022-08-19 18:00:00,0.0,16.0,1014.8,68.0,22.2,0.407195,0.0,0.0
2022-08-19 19:00:00,0.0,16.6,1014.4,62.0,24.4,0.366579,50.0,5.4
2022-08-19 20:00:00,0.0,16.6,1014.4,62.0,24.4,0.384267,50.0,5.4
2022-08-19 21:00:00,0.0,16.0,1013.6,52.0,26.7,0.428664,210.0,20.5
2022-08-19 22:00:00,0.0,16.8,1013.0,53.0,27.2,0.484062,200.0,18.4
2022-08-19 23:00:00,0.0,16.8,1012.5,53.0,27.2,0.52293,220.0,20.5
2022-08-20 00:00:00,0.0,16.8,1012.5,53.0,27.2,0.568157,220.0,20.5
2022-08-20 01:00:00,0.0,16.6,1012.3,56.0,26.1,0.584411,230.0,20.5
2022-08-20 02:00:00,0.0,15.0,1012.8,68.0,21.1,0.537235,230.0,24.1
2022-08-20 03:00:00,0.0,15.0,1012.8,68.0,21.1,0.506458,230.0,24.1
2022-08-20 04:00:00,0.0,14.5,1013.8,81.0,17.8,0.470095,220.0,16.6
2022-08-20 05:00:00,0.0,14.5,1013.8,81.0,17.8,0.415684,220.0,16.6
2022-08-20 06:00:00,0.0,14.0,1014.3,84.0,16.7,0.373586,220.0,16.6
2022-08-20 07:00:00,0.0,14.0,1014.3,84.0,16.7,0.343653,220.0,16.6
2022-08-20 08:00:00,0.0,14.0,1014.4,84.0,16.7,0.323464,230.0,13.0
2022-08-20 09:00:00,0.0,14.0,1014.4,84.0,16.7,0.312597,230.0,13.0
2022-08-20 10:00:00,0.0,13.2,1014.4,80.0,16.7,0.298647,230.0,11.2
2022-08-20 11:00:00,0.0,12.8,1014.5,81.0,16.1,0.299005,220.0,5.4
2022-08-20 12:00:00,0.0,12.8,1014.6,78.0,16.7,0.310476,230.0,7.6
2022-08-20 13:00:00,0.0,13.2,1014.9,80.0,16.7,0.319582,210.0,5.4
2022-08-20 14:00:00,0.0,13.3,1015.1,78.0,17.2,0.37162,230.0,13.0
2022-08-20 15:00:00,0.0,13.3,1015.1,78.0,17.2,0.401168,230.0,13.0
2022-08-20 16:00:00,0.0,14.0,1015.5,73.0,18.9,0.399672,230.0,7.6
2022-08-20 17:00:00,0.0,13.9,1015.5,68.0,20.0,0.401941,210.0,11.2
2022-08-20 18:00:00,0.0,13.9,1015.3,68.0,20.0,0.399769,200.0,13.0
2022-08-20 19:00:00,0.0,13.9,1015.3,68.0,20.0,0.304769,200.0,13.0
2022-08-20 20:00:00,0.0,14.3,1014.8,57.0,23.3,0.279228,259.0,5.4
2022-08-20 21:00:00,0.0,14.3,1014.8,57.0,23.3,0.319231,100.0,5.4
2022-08-20 22:00:00,0.0,15.1,1014.3,56.0,24.4,0.382838,100.0,5.4
2022-08-20 23:00:00,0.0,15.6,1013.7,54.0,25.6,0.455422,100.0,7.6
2022-08-21 00:00:00,0.0,15.6,1013.4,54.0,25.6,0.500736,100.0,7.6
2022-08-21 01:00:00,0.0,15.6,1012.9,54.0,25.6,0.543103,150.0,5.4
2022-08-21 02:00:00,0.0,16.0,1013.1,68.0,22.2,0.51876,220.0,13.0
2022-08-21 03:00:00,0.0,15.0,1013.7,73.0,20.0,0.489542,220.0,13.0
2022-08-21 04:00:00,0.0,15.0,1013.7,73.0,20.0,0.452456,220.0,13.0
2022-08-21 05:00:00,0.0,15.0,1014.2,81.0,18.3,0.392615,240.0,11.2
2022-08-21 06:00:00,0.0,14.3,1014.9,86.0,16.7,0.349451,240.0,11.2
2022-08-21 07:00:00,0.0,14.3,1014.9,86.0,16.7,0.319217,240.0,11.2
2022-08-21 08:00:00,0.0,14.0,1015.3,90.0,15.6,0.292101,290.0,7.6
2022-08-21 09:00:00,0.0,14.0,1015.3,90.0,15.6,0.28046,290.0,7.6
2022-08-21 10:00:00,0.0,13.4,1015.5,90.0,15.0,0.265151,0.0,0.0
2022-08-21 11:00:00,0.0,12.2,1015.8,96.0,12.8,0.267369,0.0,0.0
2022-08-21 12:00:00,0.0,12.2,1015.8,96.0,12.8,0.269233,0.0,0.0
2022-08-21 13:00:00,0.0,11.1,1016.0,96.0,11.7,0.278156,0.0,0.0
2022-08-21 14:00:00,0.0,13.9,1016.3,93.0,15.0,0.333474,0.0,0.0
2022-08-21 15:00:00,0.0,13.9,1016.3,93.0,15.0,0.3662,0.0,0.0
2022-08-21 16:00:00,0.0,15.6,1016.8,76.0,20.0,0.366846,0.0,0.0
2022-08-21 17:00:00,0.0,16.2,1016.7,71.0,21.7,0.303476,0.0,0.0
2022-08-21 18:00:00,0.0,16.1,1016.3,66.0,22.8,0.272499,0.0,0.0
2022-08-21 19:00:00,0.0,16.1,1016.3,66.0,22.8,0.321313,0.0,0.0
2022-08-21 20:00:00,0.0,13.3,1015.2,41.0,27.8,0.368517,350.0,7.6
2022-08-21 21:00:00,0.0,13.3,1015.2,41.0,27.8,0.372514,350.0,7.6
2022-08-21 22:00:00,0.0,12.3,1015.1,35.0,29.4,0.431515,230.0,9.4
2022-08-21 23:00:00,0.0,11.6,1014.5,31.0,30.6,0.547626,0.0,0.0
2022-08-22 00:00:00,0.0,13.3,1014.0,36.0,30.0,0.615241,90.0,7.6
2022-08-22 01:00:00,0.0,13.3,1014.0,36.0,30.0,0.639188,90.0,7.6
2022-08-22 02:00:00,0.0,16.1,1013.8,54.0,26.1,0.581327,90.0,5.4
2022-08-22 03:00:00,0.0,14.3,1014.2,55.0,23.9,0.554411,260.0,9.4
2022-08-22 04:00:00,0.0,15.1,1014.4,64.0,22.2,0.495892,0.0,0.0
2022-08-22 05:00:00,0.0,15.1,1014.4,64.0,22.2,0.414165,0.0,0.0
2022-08-22 06:00:00,0.0,15.0,1015.5,68.0,21.1,0.362674,270.0,7.6
2022-08-22 07:00:00,0.0,14.5,1016.0,68.0,20.6,0.330962,0.0,0.0
2022-08-22 08:00:00,0.0,12.9,1016.3,66.0,19.4,0.302137,0.0,5.4
2022-08-22 09:00:00,0.0,13.3,1016.8,75.0,17.8,0.283389,0.0,0.0
2022-08-22 10:00:00,0.0,13.3,1016.8,75.0,17.8,0.277482,0.0,0.0
2022-08-22 11:00:00,0.0,11.7,1017.2,70.0,17.2,0.284376,0.0,0.0
2022-08-22 12:00:00,0.0,12.7,1017.4,83.0,15.6,0.313584,210.0,7.6
2022-08-22 13:00:00,0.0,12.7,1017.4,83.0,15.6,0.340438,210.0,7.6
2022-08-22 14:00:00,0.0,12.7,1018.1,83.0,15.6,0.390675,0.0,0.0
2022-08-22 15:00:00,0.0,14.0,1019.1,73.0,18.9,0.416048,250.0,9.4
2022-08-22 16:00:00,0.0,13.9,1019.2,68.0,20.0,0.38865,0.0,0.0
2022-08-22 17:00:00,0.0,13.3,1019.3,57.0,22.2,0.380702,0.0,0.0
2022-08-22 18:00:00,0.0,13.9,1019.1,52.0,24.4,0.373824,330.0,5.4
2022-08-22 19:00:00,0.0,12.9,1018.9,44.0,26.1,0.39165,330.0,5.4
2022-08-22 20:00:00,0.0,12.9,1018.9,44.0,26.1,0.420345,222.0,5.4
2022-08-22 21:00:00,0.0,14.1,1018.4,43.0,27.8,0.448257,213.0,7.6
2022-08-22 22:00:00,0.0,13.4,1017.8,40.0,28.3,0.542077,250.0,5.4
2022-08-22 23:00:00,0.0,15.2,1017.1,42.0,29.4,0.576601,250.0,7.6
2022-08-23 00:00:00,0.0,14.5,1016.7,39.0,30.0,0.634006,220.0,5.4
2022-08-23 01:00:00,0.0,15.1,1016.4,46.0,27.8,0.685606,240.0,13.0
2022-08-23 02:00:00,0.0,14.5,1016.8,54.0,24.4,0.650764,240.0,18.4
2022-08-23 03:00:00,0.0,15.1,1017.6,66.0,21.7,0.59609,230.0,14.8
2022-08-23 04:00:00,0.0,15.1,1017.6,66.0,21.7,0.520939,230.0,14.8
2022-08-23 05:00:00,0.0,14.4,1017.8,75.0,18.9,0.449694,5.0,14.8
2022-08-23 06:00:00,0.0,14.4,1018.0,78.0,18.3,0.384891,250.0,11.2
2022-08-23 07:00:00,0.0,14.4,1018.1,78.0,18.3,0.350076,250.0,5.4
2022-08-23 08:00:00,0.0,13.9,1017.9,81.0,17.2,0.330803,250.0,11.2
2022-08-23 09:00:00,0.0,13.9,1017.9,81.0,17.2,0.318091,230.0,11.2
2022-08-23 10:00:00,0.0,13.4,1017.7,84.0,16.1,0.302165,0.0,0.0
2022-08-23 11:00:00,0.0,13.4,1017.8,90.0,15.0,0.31695,290.0,7.6
2022-08-23 12:00:00,0.0,13.4,1017.8,90.0,15.0,0.325774,290.0,7.6
2022-08-23 13:00:00,0.0,13.4,1017.8,90.0,15.0,0.361383,0.0,0.0
2022-08-23 14:00:00,0.0,13.4,1017.8,90.0,15.0,0.414596,0.0,0.0
2022-08-23 15:00:00,0.0,14.4,1017.7,75.0,18.9,0.408833,0.0,0.0
2022-08-23 16:00:00,0.0,12.8,1017.3,61.0,20.6,0.384878,0.0,0.0
2022-08-23 17:00:00,0.0,13.3,1016.8,57.0,22.2,0.372292,0.0,0.0
2022-08-23 18:00:00,0.0,13.9,1016.2,52.0,24.4,0.365244,0.0,0.0
2022-08-23 19:00:00,0.0,13.9,1016.2,52.0,24.4,0.357315,0.0,0.0
2022-08-23 20:00:00,0.0,14.0,1014.4,40.0,28.9,0.397998,60.0,7.6
2022-08-23 21:00:00,0.0,14.0,1014.4,40.0,28.9,0.439198,60.0,7.6
2022-08-23 22:00:00,0.0,13.4,1013.0,35.0,30.6,0.498952,10.0,22.3
2022-08-23 23:00:00,0.0,13.4,1013.0,35.0,30.6,0.564308,350.0,22.3
2022-08-24 00:00:00,0.0,13.8,1012.6,36.0,30.6,0.619822,20.0,20.5
2022-08-24 01:00:00,0.0,14.3,1012.3,41.0,28.9,0.682974,30.0,18.4
2022-08-24 02:00:00,0.0,14.5,1012.8,47.0,26.7,0.644033,350.0,14.8
2022-08-24 03:00:00,0.0,13.9,1013.4,52.0,24.4,0.590533,350.0,11.2
2022-08-24 04:00:00,0.0,13.9,1013.4,52.0,24.4,0.543494,350.0,11.2
2022-08-24 05:00:00,0.0,14.4,1013.3,75.0,18.9,0.459807,270.0,7.6
2022-08-24 06:00:00,0.0,13.2,1013.1,80.0,16.7,0.382472,270.0,9.4
2022-08-24 07:00:00,0.0,13.2,1013.0,80.0,16.7,0.350055,270.0,7.6
2022-08-24 08:00:00,0.0,12.8,1012.8,81.0,16.1,0.329363,0.0,0.0
2022-08-24 09:00:00,0.0,12.8,1012.8,81.0,16.1,0.313582,0.0,0.0
2022-08-24 10:00:00,0.0,12.7,1012.6,83.0,15.6,0.301514,300.0,5.4
2022-08-24 11:00:00,0.0,12.9,1012.6,87.0,15.0,0.301243,290.0,5.4
2022-08-24 12:00:00,0.0,12.3,1012.7,90.0,13.9,0.32254,0.0,0.0
2022-08-24 13:00:00,0.0,12.8,1013.1,90.0,14.4,0.365533,290.0,5.4
2022-08-24 14:00:00,0.0,13.3,1013.2,86.0,15.6,0.418766,2.0,5.4
2022-08-24 15:00:00,0.0,13.3,1013.2,86.0,15.6,0.413426,280.0,5.4
2022-08-24 16:00:00,0.0,14.5,1012.5,68.0,20.6,0.390468,190.0,5.4
2022-08-24 17:00:00,0.0,14.5,1012.5,68.0,20.6,0.372016,190.0,5.4
2022-08-24 18:00:00,0.0,14.9,1012.1,61.0,22.8,0.376528,0.0,0.0
2022-08-24 19:00:00,0.0,16.8,1011.1,53.0,27.2,0.392088,200.0,5.4
2022-08-24 20:00:00,0.0,16.8,1011.1,53.0,27.2,0.413671,200.0,5.4
2022-08-24 21:00:00,0.0,16.3,1009.7,41.0,31.1,0.472776,2.0,5.4
2022-08-24 22:00:00,0.0,16.1,1009.1,38.0,32.2,0.537508,15.0,5.4
2022-08-24 23:00:00,0.0,16.1,1009.1,38.0,32.2,0.587711,24.0,5.4
2022-08-25 00:00:00,0.0,16.6,1008.7,38.0,32.8,0.657028,0.0,0.0
2022-08-25 01:00:00,0.0,17.8,1008.7,51.0,28.9,0.712031,210.0,18.4
2022-08-25 02:00:00,0.0,17.8,1009.3,51.0,28.9,0.63933,5.0,18.4
2022-08-25 03:00:00,0.0,16.1,1010.2,60.0,24.4,0.591973,240.0,14.8
2022-08-25 04:00:00,0.0,15.5,1010.2,66.0,22.2,0.53559,240.0,14.8
2022-08-25 05:00:00,0.0,15.0,1011.5,78.0,18.9,0.46705,250.0,13.0
2022-08-25 06:00:00,0.0,15.0,1011.7,81.0,18.3,0.386807,250.0,13.0
2022-08-25 07:00:00,0.0,15.0,1012.1,81.0,18.3,0.364632,250.0,11.2
2022-08-25 08:00:00,0.0,15.0,1012.1,81.0,18.3,0.338723,250.0,11.2
2022-08-25 09:00:00,0.0,14.3,1012.8,86.0,16.7,0.319087,260.0,7.6
2022-08-25 10:00:00,0.0,13.9,1013.4,87.0,16.1,0.304503,260.0,7.6
2022-08-25 11:00:00,0.0,13.9,1013.4,87.0,16.1,0.298807,260.0,7.6
2022-08-25 12:00:00,0.0,14.5,1014.1,93.0,15.6,0.330294,260.0,11.2
2022-08-25 13:00:00,0.0,14.5,1014.1,93.0,15.6,0.365818,260.0,11.2
2022-08-25 14:00:00,0.0,14.3,1015.4,86.0,16.7,0.40759,2.0,9.4
2022-08-25 15:00:00,0.0,15.0,1015.9,81.0,18.3,0.417938,250.0,5.4
2022-08-25 16:00:00,0.0,15.6,1015.7,76.0,20.0,0.40105,0.0,0.0
2022-08-25 17:00:00,0.0,16.2,1015.6,62.0,23.9,0.39263,0.0,0.0
2022-08-25 18:00:00,0.0,16.2,1015.6,62.0,23.9,0.398671,0.0,0.0
2022-08-25 19:00:00,0.0,16.6,1014.6,49.0,28.3,0.414346,290.0,9.4
2022-08-25 20:00:00,0.0,17.1,1014.0,46.0,30.0,0.457008,290.0,9.4
2022-08-25 21:00:00,0.0,17.1,1014.0,46.0,30.0,0.509649,220.0,9.4
2022-08-25 22:00:00,0.0,17.0,1012.9,39.0,32.8,0.569514,220.0,7.6
2022-08-25 23:00:00,0.0,17.0,1012.9,39.0,32.8,0.613193,230.0,7.6
2022-08-26 00:00:00,0.0,17.7,1012.4,46.0,30.6,0.662791,220.0,16.6
2022-08-26 01:00:00,0.0,16.8,1012.6,53.0,27.2,0.691144,220.0,20.5
2022-08-26 02:00:00,0.0,16.8,1013.2,53.0,27.2,0.639905,240.0,20.5
2022-08-26 03:00:00,0.0,15.0,1013.9,73.0,20.0,0.583985,240.0,16.6
2022-08-26 04:00:00,0.0,15.0,1013.9,73.0,20.0,0.517193,240.0,16.6
2022-08-26 05:00:00,0.0,14.5,1014.9,81.0,17.8,0.452253,230.0,22.3
2022-08-26 06:00:00,0.0,13.9,1015.2,81.0,17.2,0.384875,230.0,16.6
2022-08-26 07:00:00,0.0,14.0,1015.5,84.0,16.7,0.346009,230.0,16.6
2022-08-26 08:00:00,0.0,14.0,1016.0,84.0,16.7,0.33457,230.0,14.8
2022-08-26 09:00:00,0.0,14.0,1016.0,84.0,16.7,0.320561,230.0,14.8
2022-08-26 10:00:00,0.0,13.4,1016.9,90.0,15.0,0.301764,220.0,5.4
2022-08-26 11:00:00,0.0,13.4,1016.9,90.0,15.0,0.312174,220.0,5.4
2022-08-26 12:00:00,0.0,12.8,1017.1,90.0,14.4,0.331866,290.0,5.4
2022-08-26 13:00:00,0.0,12.8,1017.1,90.0,14.4,0.369829,290.0,5.4
2022-08-26 14:00:00,0.0,14.0,1017.8,90.0,15.6,0.424885,0.0,0.0
2022-08-26 15:00:00,0.0,14.5,1017.9,81.0,17.8,0.44309,0.0,0.0
2022-08-26 16:00:00,0.0,14.5,1017.9,81.0,17.8,0.456471,0.0,0.0
2022-08-26 17:00:00,0.0,14.4,1017.6,75.0,18.9,0.436756,110.0,5.4
2022-08-26 18:00:00,0.0,14.4,1017.6,75.0,18.9,0.325447,110.0,5.4
2022-08-26 19:00:00,0.0,15.5,1016.9,66.0,22.2,0.315653,120.0,9.4
2022-08-26 20:00:00,0.0,15.5,1016.9,66.0,22.2,0.350248,120.0,9.4
2022-08-26 21:00:00,0.0,15.6,1015.3,54.0,25.6,0.404538,150.0,5.4
2022-08-26 22:00:00,0.0,15.6,1015.3,54.0,25.6,0.469598,175.0,5.4
2022-08-26 23:00:00,0.0,15.6,1014.7,54.0,25.6,0.538796,0.0,0.0
2022-08-27 00:00:00,0.0,15.7,1014.7,60.0,23.9,0.576864,20.0,20.5
2022-08-27 01:00:00,0.0,15.6,1014.4,62.0,23.3,0.567095,20.0,14.8
2022-08-27 02:00:00,0.0,15.6,1014.4,64.0,22.8,0.512239,2.0,14.8
2022-08-27 03:00:00,0.0,15.6,1014.4,64.0,22.8,0.492068,10.0,7.6
2022-08-27 04:00:00,0.0,15.0,1015.0,68.0,21.1,0.455912,340.0,5.4
2022-08-27 05:00:00,0.0,14.4,1015.1,73.0,19.4,0.411286,2.0,5.4
2022-08-27 06:00:00,0.0,14.5,1015.2,84.0,17.2,0.36917,260.0,7.6
2022-08-27 07:00:00,0.0,13.9,1015.4,87.0,16.1,0.336647,240.0,7.6
2022-08-27 08:00:00,0.0,13.9,1015.4,87.0,16.1,0.318311,240.0,7.6
2022-08-27 09:00:00,0.0,12.8,1015.9,90.0,14.4,0.295255,230.0,7.6
2022-08-27 10:00:00,0.0,12.7,1016.2,83.0,15.6,0.289996,260.0,11.2
2022-08-27 11:00:00,0.0,12.7,1016.4,83.0,15.6,0.288463,250.0,7.6
2022-08-27 12:00:00,0.0,12.7,1016.4,83.0,15.6,0.301573,250.0,7.6
2022-08-27 13:00:00,0.0,12.8,1016.7,81.0,16.1,0.326559,0.0,0.0
2022-08-27 14:00:00,0.0,12.8,1017.2,81.0,16.1,0.375088,140.0,7.6
2022-08-27 15:00:00,0.0,11.7,1017.8,70.0,17.2,0.410888,360.0,5.4
2022-08-27 16:00:00,0.0,9.4,1017.7,54.0,18.9,0.407449,360.0,7.6
2022-08-27 17:00:00,0.0,9.4,1017.7,54.0,18.9,0.388622,336.0,7.6
2022-08-27 18:00:00,0.0,9.4,1017.5,56.0,18.3,0.415125,10.0,5.4
2022-08-27 19:00:00,0.0,10.1,1017.5,53.0,20.0,0.413074,0.0,0.0
2022-08-27 20:00:00,0.0,10.1,1017.5,53.0,20.0,0.352467,0.0,0.0
2022-08-27 21:00:00,0.0,10.6,1016.2,51.0,21.1,0.350562,110.0,11.2
2022-08-27 22:00:00,0.0,10.6,1016.2,51.0,21.1,0.3338,110.0,11.2
2022-08-27 23:00:00,0.0,10.7,1015.7,48.0,22.2,0.407263,317.0,9.4
2022-08-28 00:00:00,0.0,10.5,1014.7,49.0,21.7,0.414654,150.0,9.4
2022-08-28 01:00:00,0.0,11.1,1014.6,51.0,21.7,0.467442,130.0,13.0
2022-08-28 02:00:00,0.0,11.8,1014.8,57.0,20.6,0.442607,130.0,7.6
2022-08-28 03:00:00,0.0,11.8,1014.8,57.0,20.6,0.432531,60.0,7.6
2022-08-28 04:00:00,0.0,9.4,1015.6,54.0,18.9,0.407062,10.0,20.5
2022-08-28 05:00:00,0.0,8.8,1016.0,62.0,16.1,0.363731,330.0,7.6
2022-08-28 06:00:00,0.0,9.0,1016.1,70.0,14.4,0.320083,0.0,0.0
2022-08-28 07:00:00,0.0,8.3,1016.3,83.0,11.1,0.290713,0.0,0.0
2022-08-28 08:00:00,0.0,8.3,1016.3,83.0,11.1,0.261692,0.0,0.0
2022-08-28 09:00:00,0.0,9.4,1016.2,83.0,12.2,0.248713,310.0,9.4
2022-08-28 10:00:00,0.0,8.4,1015.9,86.0,10.6,0.250025,0.0,0.0
2022-08-28 11:00:00,0.0,7.8,1016.2,86.0,10.0,0.249277,0.0,0.0
2022-08-28 12:00:00,0.0,7.8,1016.2,86.0,10.0,0.252672,0.0,0.0
2022-08-28 13:00:00,0.0,8.3,1016.5,93.0,9.4,0.253755,0.0,0.0
2022-08-28 14:00:00,0.0,8.8,1016.7,86.0,11.1,0.281521,0.0,0.0
2022-08-28 15:00:00,0.0,9.9,1016.6,80.0,13.3,0.302869,0.0,0.0
2022-08-28 16:00:00,0.0,10.5,1016.2,67.0,16.7,0.290538,0.0,0.0
2022-08-28 17:00:00,0.0,10.5,1016.2,67.0,16.7,0.253295,0.0,0.0
2022-08-28 18:00:00,0.0,11.8,1015.4,57.0,20.6,0.201671,360.0,13.0
2022-08-28 19:00:00,0.0,11.6,1014.7,51.0,22.2,0.209327,340.0,13.0
2022-08-28 20:00:00,0.0,11.6,1014.7,51.0,22.2,0.211629,340.0,13.0
2022-08-28 21:00:00,0.0,11.0,1013.7,43.0,24.4,0.250543,30.0,9.4
2022-08-28 22:00:00,0.0,11.7,1013.0,42.0,25.6,0.303185,30.0,13.0
2022-08-28 23:00:00,0.0,11.2,1011.6,37.0,27.2,0.372018,6.0,22.3
2022-08-29 00:00:00,0.0,11.2,1011.2,37.0,27.2,0.446093,360.0,18.4
2022-08-29 01:00:00,0.0,11.2,1011.3,38.0,26.7,0.50829,360.0,13.0
2022-08-29 02:00:00,0.0,11.2,1011.6,45.0,23.9,0.504376,5.0,13.0
2022-08-29 03:00:00,0.0,11.2,1011.6,45.0,23.9,0.491183,360.0,16.6
2022-08-29 04:00:00,0.0,12.8,1012.6,59.0,21.1,0.431636,360.0,11.2
2022-08-29 05:00:00,0.0,12.9,1012.8,66.0,19.4,0.361836,330.0,11.2
2022-08-29 06:00:00,0.0,12.9,1012.9,66.0,19.4,0.309369,240.0,7.6
2022-08-29 07:00:00,0.0,11.2,1012.9,81.0,14.4,0.287619,240.0,7.6
2022-08-29 08:00:00,0.0,11.0,1013.3,89.0,12.8,0.265149,0.0,9.4
2022-08-29 09:00:00,0.0,11.8,1013.2,87.0,13.9,0.248876,300.0,5.4
2022-08-29 10:00:00,0.0,10.6,1013.2,90.0,12.2,0.250073,0.0,0.0
2022-08-29 11:00:00,0.0,11.1,1013.5,96.0,11.7,0.252878,0.0,0.0
2022-08-29 12:00:00,0.0,11.1,1013.5,96.0,11.7,0.281736,0.0,0.0
2022-08-29 13:00:00,0.0,11.1,1014.0,96.0,11.7,0.336046,0.0,0.0
2022-08-29 14:00:00,0.0,12.3,1014.2,87.0,14.4,0.392895,0.0,0.0
2022-08-29 15:00:00,0.0,12.9,1014.3,73.0,17.8,0.395202,0.0,0.0
2022-08-29 16:00:00,0.0,13.3,1014.2,63.0,20.6,0.374706,0.0,0.0
2022-08-29 17:00:00,0.0,13.3,1014.2,63.0,20.6,0.336972,0.0,0.0
2022-08-29 18:00:00,0.0,13.9,1013.6,44.0,27.2,0.327268,15.0,9.4
2022-08-29 19:00:00,0.0,13.2,1012.9,37.0,29.4,0.34235,40.0,5.4
2022-08-29 20:00:00,0.0,13.4,1012.1,35.0,30.6,0.376244,40.0,9.4
2022-08-29 21:00:00,0.0,11.9,1011.6,29.0,32.2,0.464437,140.0,5.4
2022-08-29 22:00:00,0.0,11.9,1011.6,29.0,32.2,0.51922,10.0,5.4
2022-08-29 23:00:00,0.0,11.7,1011.0,26.0,33.9,0.613363,10.0,11.2
2022-08-30 00:00:00,0.0,11.1,1010.4,25.0,33.9,0.668621,20.0,5.4
2022-08-30 01:00:00,0.0,13.0,1010.2,32.0,31.7,0.704803,0.0,0.0
2022-08-30 02:00:00,0.0,13.0,1010.2,32.0,31.7,0.673904,0.0,0.0
2022-08-30 03:00:00,0.0,14.5,1011.3,43.0,28.3,0.64137,0.0,0.0
2022-08-30 04:00:00,0.0,15.1,1011.3,58.0,23.9,0.580794,0.0,0.0
2022-08-30 05:00:00,0.0,15.6,1011.9,73.0,20.6,0.475645,290.0,7.6
2022-08-30 06:00:00,0.0,15.0,1011.8,81.0,18.3,0.406331,0.0,0.0
2022-08-30 07:00:00,0.0,15.0,1011.8,81.0,18.3,0.35898,0.0,0.0
2022-08-30 08:00:00,0.0,14.0,1012.3,76.0,18.3,0.337793,0.0,0.0
2022-08-30 09:00:00,0.0,13.4,1012.5,84.0,16.1,0.324607,290.0,5.4
2022-08-30 10:00:00,0.0,13.4,1012.5,84.0,16.1,0.318523,290.0,5.4
2022-08-30 11:00:00,0.0,12.9,1013.1,87.0,15.0,0.317585,0.0,0.0
2022-08-30 12:00:00,0.0,12.9,1013.1,87.0,15.0,0.337698,0.0,0.0
2022-08-30 13:00:00,0.0,12.2,1013.7,93.0,13.3,0.391168,0.0,0.0
2022-08-30 14:00:00,0.0,13.9,1013.9,81.0,17.2,0.436339,0.0,0.0
2022-08-30 15:00:00,0.0,14.4,1013.8,70.0,20.0,0.435671,0.0,0.0
2022-08-30 16:00:00,0.0,14.3,1013.6,55.0,23.9,0.416086,0.0,0.0
2022-08-30 17:00:00,0.0,14.3,1013.6,55.0,23.9,0.409883,0.0,0.0
2022-08-30 18:00:00,0.0,14.0,1013.3,40.0,28.9,0.418828,0.0,0.0
2022-08-30 19:00:00,0.0,13.7,1012.8,37.0,30.0,0.432808,0.0,5.4
2022-08-30 20:00:00,0.0,14.4,1012.2,33.0,32.8,0.479592,70.0,9.4
2022-08-30 21:00:00,0.0,14.4,1012.2,33.0,32.8,0.547999,70.0,9.4
2022-08-30 22:00:00,0.0,14.9,1011.5,33.0,33.3,0.601059,60.0,9.4
2022-08-30 23:00:00,0.0,14.9,1011.5,33.0,33.3,0.657728,60.0,9.4
2022-08-31 00:00:00,0.0,16.2,1011.1,36.0,33.3,0.686855,230.0,5.4
2022-08-31 01:00:00,0.0,13.7,1011.4,37.0,30.0,0.740039,210.0,14.8
2022-08-31 02:00:00,0.0,13.7,1011.4,37.0,30.0,0.685319,210.0,14.8
2022-08-31 03:00:00,0.0,14.5,1011.4,47.0,26.7,0.651788,220.0,22.3
2022-08-31 04:00:00,0.0,14.0,1012.6,56.0,23.3,0.59922,240.0,16.6
2022-08-31 05:00:00,0.0,13.9,1012.7,61.0,21.7,0.490848,3.0,16.6
2022-08-31 06:00:00,0.0,13.3,1013.1,68.0,19.4,0.41012,0.0,0.0
2022-08-31 07:00:00,0.0,13.3,1013.1,68.0,19.4,0.380054,0.0,0.0
2022-08-31 08:00:00,0.0,13.3,1012.9,78.0,17.2,0.356468,270.0,9.4
2022-08-31 09:00:00,0.0,12.8,1012.8,81.0,16.1,0.33173,260.0,5.4
2022-08-31 10:00:00,0.0,13.3,1012.8,86.0,15.6,0.312255,270.0,9.4
2022-08-31 11:00:00,0.0,13.3,1012.8,86.0,15.6,0.311143,270.0,9.4
2022-08-31 12:00:00,0.0,12.8,1013.1,90.0,14.4,0.344583,260.0,5.4
2022-08-31 13:00:00,0.0,12.3,1013.7,90.0,13.9,0.375547,0.0,0.0
2022-08-31 14:00:00,0.0,13.4,1014.4,84.0,16.1,0.434848,240.0,9.4
2022-08-31 15:00:00,0.0,13.3,1014.9,78.0,17.2,0.434607,240.0,9.4
2022-08-31 16:00:00,0.0,13.3,1014.9,78.0,17.2,0.416828,240.0,9.4
2022-08-31 17:00:00,0.0,14.4,1015.2,59.0,22.8,0.396296,260.0,13.0
2022-08-31 18:00:00,0.0,15.1,1015.0,56.0,24.4,0.397314,260.0,7.6
2022-08-31 19:00:00,0.0,14.6,1014.5,46.0,27.2,0.404059,230.0,11.2
2022-08-31 20:00:00,0.0,15.2,1014.5,42.0,29.4,0.448424,3.0,11.2
2022-08-31 21:00:00,0.0,15.2,1014.5,42.0,29.4,0.510886,270.0,11.2
2022-08-31 22:00:00,0.0,15.1,1014.2,39.0,30.6,0.566683,220.0,9.4
2022-08-31 23:00:00,0.0,14.3,1013.5,36.0,31.1,0.615574,220.0,18.4
2022-09-01 00:00:00,0.0,15.8,1013.3,45.0,28.9,0.643082,230.0,18.4
2022-09-01 01:00:00,0.0,15.8,1013.3,45.0,28.9,0.668908,230.0,18.4
2022-09-01 02:00:00,0.0,15.0,1013.5,54.0,25.0,0.605506,220.0,20.5
2022-09-01 03:00:00,0.0,13.9,1013.5,61.0,21.7,0.562445,230.0,22.3
2022-09-01 04:00:00,0.0,12.1,1014.5,72.0,17.2,0.495037,240.0,18.4
2022-09-01 05:00:00,0.0,12.1,1014.5,72.0,17.2,0.408481,240.0,18.4
2022-09-01 06:00:00,0.0,11.1,1015.2,83.0,13.9,0.357497,230.0,5.4
2022-09-01 07:00:00,0.0,11.8,1015.7,87.0,13.9,0.323989,250.0,11.2
2022-09-01 08:00:00,0.0,11.8,1015.7,87.0,13.9,0.312629,250.0,11.2
2022-09-01 09:00:00,0.0,11.0,1015.9,89.0,12.8,0.292754,280.0,7.6
2022-09-01 10:00:00,0.0,11.1,1016.0,93.0,12.2,0.289827,280.0,9.4
2022-09-01 11:00:00,0.0,11.1,1016.0,93.0,12.2,0.294249,280.0,9.4
2022-09-01 12:00:00,0.0,10.0,1015.9,93.0,11.1,0.308641,0.0,0.0
2022-09-01 13:00:00,0.0,9.4,1016.5,96.0,10.0,0.347593,290.0,5.4
2022-09-01 14:00:00,0.0,11.0,1016.8,89.0,12.8,0.385144,290.0,5.4
2022-09-01 15:00:00,0.0,11.8,1016.8,81.0,15.0,0.405888,270.0,5.4
2022-09-01 16:00:00,0.0,11.8,1016.8,81.0,15.0,0.38705,270.0,5.4
2022-09-01 17:00:00,0.0,13.9,1016.2,61.0,21.7,0.350517,0.0,7.6
2022-09-01 18:00:00,0.0,14.3,1015.5,55.0,23.9,0.335018,0.0,0.0
2022-09-01 19:00:00,0.0,15.1,1014.6,49.0,26.7,0.334624,20.0,5.4
2022-09-01 20:00:00,0.0,15.8,1013.9,45.0,28.9,0.381371,2.0,5.4
2022-09-01 21:00:00,0.0,15.8,1013.9,45.0,28.9,0.421037,50.0,5.4
2022-09-01 22:00:00,0.0,14.8,1012.0,35.0,32.2,0.490753,357.0,5.4
2022-09-01 23:00:00,0.0,11.8,1011.1,27.0,33.3,0.572783,3.0,5.4
2022-09-02 00:00:00,0.0,11.8,1010.6,27.0,33.3,0.617729,80.0,7.6
2022-09-02 01:00:00,0.0,12.0,1010.0,30.0,31.7,0.675645,60.0,5.4
2022-09-02 02:00:00,0.0,12.0,1010.0,30.0,31.7,0.629014,60.0,5.4
2022-09-02 03:00:00,0.0,14.4,1010.4,63.0,21.7,0.601873,250.0,11.2
2022-09-02 04:00:00,0.0,14.5,1010.4,66.0,21.1,0.542295,280.0,7.6
2022-09-02 05:00:00,0.0,14.4,1010.4,73.0,19.4,0.453327,2.0,7.6
2022-09-02 06:00:00,0.0,14.4,1010.4,73.0,19.4,0.385296,280.0,7.6
2022-09-02 07:00:00,0.0,13.9,1010.5,78.0,17.8,0.3522,300.0,7.6
2022-09-02 08:00:00,0.0,13.2,1010.6,80.0,16.7,0.32951,3.0,7.6
2022-09-02 09:00:00,0.0,13.3,1010.7,86.0,15.6,0.311285,300.0,7.6
2022-09-02 10:00:00,0.0,12.9,1010.8,87.0,15.0,0.301559,0.0,0.0
2022-09-02 11:00:00,0.0,12.9,1010.8,87.0,15.0,0.300836,0.0,0.0
2022-09-02 12:00:00,0.0,12.2,1010.6,93.0,13.3,0.324665,290.0,7.6
2022-09-02 13:00:00,0.0,12.2,1011.0,93.0,13.3,0.368635,290.0,5.4
2022-09-02 14:00:00,0.0,13.4,1011.2,90.0,15.0,0.407908,0.0,5.4
2022-09-02 15:00:00,0.0,14.0,1011.2,84.0,16.7,0.42572,0.0,0.0
2022-09-02 16:00:00,0.0,14.0,1011.2,84.0,16.7,0.392441,0.0,0.0
2022-09-02 17:00:00,0.0,15.1,1010.9,64.0,22.2,0.371268,0.0,0.0
2022-09-02 18:00:00,0.0,15.1,1010.3,56.0,24.4,0.368119,190.0,5.4
2022-09-02 19:00:00,0.0,14.6,1010.0,46.0,27.2,0.379123,220.0,9.4
2022-09-02 20:00:00,0.0,14.3,1009.6,41.0,28.9,0.408672,3.0,9.4
2022-09-02 21:00:00,0.0,14.3,1009.6,41.0,28.9,0.437848,230.0,9.4
2022-09-02 22:00:00,0.0,15.5,1009.4,43.0,29.4,0.475523,210.0,20.5
2022-09-02 23:00:00,0.0,14.5,1009.3,54.0,24.4,0.501029,9.0,27.7
2022-09-03 00:00:00,0.0,14.5,1009.3,54.0,24.4,0.488673,220.0,33.5
2022-09-03 01:00:00,0.0,13.8,1009.9,59.0,22.2,0.506972,220.0,33.5
2022-09-03 02:00:00,0.0,13.3,1010.5,68.0,19.4,0.46361,220.0,37.1
2022-09-03 03:00:00,0.0,12.3,1012.5,78.0,16.1,0.45069,230.0,29.5
2022-09-03 04:00:00,0.0,12.3,1012.5,78.0,16.1,0.421003,220.0,25.9
2022-09-03 05:00:00,0.0,12.3,1013.9,78.0,16.1,0.371039,220.0,22.3
2022-09-03 06:00:00,0.0,12.2,1014.7,80.0,15.6,0.318419,220.0,16.6
2022-09-03 07:00:00,0.0,12.1,1015.8,83.0,15.0,0.28886,0.0,0.0
2022-09-03 08:00:00,0.0,12.1,1015.8,83.0,15.0,0.266439,0.0,0.0
2022-09-03 09:00:00,0.0,12.8,1016.4,90.0,14.4,0.254194,0.0,0.0
2022-09-03 10:00:00,0.0,12.8,1016.4,90.0,14.4,0.240039,0.0,0.0
2022-09-03 11:00:00,0.0,12.7,1016.8,83.0,15.6,0.239847,0.0,0.0
2022-09-03 12:00:00,0.0,13.4,1017.6,90.0,15.0,0.253374,0.0,0.0
2022-09-03 13:00:00,0.0,12.9,1018.1,87.0,15.0,0.288819,0.0,0.0
2022-09-03 14:00:00,0.0,13.3,1018.8,86.0,15.6,0.343134,0.0,0.0
2022-09-03 15:00:00,0.0,13.2,1019.1,80.0,16.7,0.385225,210.0,5.4
2022-09-03 16:00:00,0.0,13.2,1019.1,80.0,16.7,0.379915,210.0,5.4
2022-09-03 17:00:00,0.0,13.9,1019.3,68.0,20.0,0.351269,190.0,9.4
2022-09-03 18:00:00,0.0,13.9,1019.3,68.0,20.0,0.378936,190.0,9.4
2022-09-03 19:00:00,0.0,13.8,1018.9,59.0,22.2,0.388108,140.0,13.0
2022-09-03 20:00:00,0.0,13.8,1018.9,59.0,22.2,0.375256,140.0,13.0
2022-09-03 21:00:00,0.0,14.0,1018.6,54.0,23.9,0.297294,0.0,0.0
2022-09-03 22:00:00,0.0,14.0,1018.6,54.0,23.9,0.317162,0.0,0.0
2022-09-03 23:00:00,0.0,13.2,1018.3,48.0,25.0,0.391853,180.0,9.4
2022-09-04 00:00:00,0.0,13.2,1018.3,48.0,25.0,0.455451,180.0,9.4
2022-09-04 01:00:00,0.0,13.2,1018.1,48.0,25.0,0.522815,110.0,7.6
2022-09-04 02:00:00,0.0,14.0,1017.8,54.0,23.9,0.494314,130.0,9.4
2022-09-04 03:00:00,0.0,14.0,1017.7,64.0,21.1,0.470422,190.0,7.6
2022-09-04 04:00:00,0.0,13.4,1018.0,73.0,18.3,0.423076,220.0,13.0
2022-09-04 05:00:00,0.0,13.4,1018.4,73.0,18.3,0.372623,260.0,7.6
2022-09-04 06:00:00,0.0,12.8,1018.5,78.0,16.7,0.320996,260.0,9.4
2022-09-04 07:00:00,0.0,12.7,1018.0,83.0,15.6,0.288165,280.0,7.6
2022-09-04 08:00:00,0.0,12.3,1018.0,87.0,14.4,0.263268,2.0,7.6
2022-09-04 09:00:00,0.0,12.3,1018.0,90.0,13.9,0.258819,0.0,0.0
2022-09-04 10:00:00,0.0,11.7,1018.1,93.0,12.8,0.249383,0.0,0.0
2022-09-04 11:00:00,0.0,11.7,1018.1,93.0,12.8,0.248777,0.0,0.0
2022-09-04 12:00:00,0.0,10.6,1018.5,93.0,11.7,0.251114,0.0,0.0
2022-09-04 13:00:00,0.0,10.0,1018.7,96.0,10.6,0.267415,0.0,0.0
2022-09-04 14:00:00,0.0,12.2,1019.0,93.0,13.3,0.293571,0.0,0.0
2022-09-04 15:00:00,0.0,12.2,1019.0,93.0,13.3,0.316642,0.0,0.0
2022-09-04 16:00:00,0.0,13.4,1019.0,73.0,18.3,0.29717,0.0,5.4
2022-09-04 17:00:00,0.0,13.3,1019.1,61.0,21.1,0.255798,2.0,5.4
2022-09-04 18:00:00,0.0,13.3,1018.4,55.0,22.8,0.250567,0.0,0.0
2022-09-04 19:00:00,0.0,12.9,1018.0,47.0,25.0,0.240986,180.0,13.0
2022-09-04 20:00:00,0.0,12.9,1018.0,47.0,25.0,0.267546,180.0,13.0
2022-09-04 21:00:00,0.0,12.8,1017.1,41.0,27.2,0.335316,220.0,11.2
2022-09-04 22:00:00,0.0,13.3,1016.5,41.0,27.8,0.395543,220.0,9.4
2022-09-04 23:00:00,0.0,14.9,1016.0,44.0,28.3,0.442595,240.0,20.5
2022-09-05 00:00:00,0.0,15.7,1016.1,51.0,26.7,0.503297,240.0,20.5
2022-09-05 01:00:00,0.0,15.7,1016.1,51.0,26.7,0.521859,240.0,22.3
2022-09-05 02:00:00,0.0,15.1,1016.3,56.0,24.4,0.499359,260.0,14.8
2022-09-05 03:00:00,0.0,14.9,1017.0,70.0,20.6,0.48088,290.0,14.8
2022-09-05 04:00:00,0.0,14.9,1017.0,70.0,20.6,0.428613,290.0,14.8
2022-09-05 05:00:00,0.0,14.4,1017.5,75.0,18.9,0.380281,250.0,7.6
2022-09-05 06:00:00,0.0,13.9,1018.0,81.0,17.2,0.334959,250.0,5.4
2022-09-05 07:00:00,0.0,12.8,1019.3,78.0,16.7,0.299851,330.0,5.4
2022-09-05 08:00:00,0.0,12.3,1019.3,78.0,16.1,0.282177,310.0,9.4
2022-09-05 09:00:00,0.0,12.3,1019.3,78.0,16.1,0.266534,310.0,9.4
2022-09-05 10:00:00,0.0,11.0,1020.0,89.0,12.8,0.257117,310.0,5.4
2022-09-05 11:00:00,0.0,11.0,1020.0,89.0,12.8,0.264474,310.0,5.4
2022-09-05 12:00:00,0.0,10.0,1020.5,96.0,10.6,0.267283,0.0,0.0
2022-09-05 13:00:00,0.0,9.4,1021.0,92.0,10.6,0.29738,250.0,7.6
2022-09-05 14:00:00,0.0,11.1,1021.4,93.0,12.2,0.336997,0.0,0.0
2022-09-05 15:00:00,0.0,11.1,1021.4,93.0,12.2,0.34771,0.0,0.0
2022-09-05 16:00:00,0.0,10.6,1021.6,72.0,15.6,0.328451,0.0,0.0
2022-09-05 17:00:00,0.0,9.5,1020.9,49.0,20.6,0.319216,350.0,7.6
2022-09-05 18:00:00,0.0,9.9,1020.3,44.0,22.8,0.282544,360.0,14.8
2022-09-05 19:00:00,0.0,9.9,1020.3,44.0,22.8,0.268583,360.0,14.8
2022-09-05 20:00:00,0.0,9.6,1019.6,39.0,24.4,0.294262,30.0,22.3
2022-09-05 21:00:00,0.0,9.1,1017.9,33.0,26.7,0.330185,20.0,11.2
2022-09-05 22:00:00,0.0,9.1,1017.9,33.0,26.7,0.385696,20.0,11.2
2022-09-05 23:00:00,0.0,8.1,1016.2,30.0,27.2,0.451905,6.0,20.5
2022-09-06 00:00:00,0.0,8.1,1016.2,30.0,27.2,0.514637,360.0,22.3
2022-09-06 01:00:00,0.0,6.7,1015.5,28.0,26.7,0.57336,10.0,27.7
2022-09-06 02:00:00,0.0,9.6,1014.9,46.0,21.7,0.55912,10.0,13.0
2022-09-06 03:00:00,0.0,9.6,1014.9,46.0,21.7,0.53244,10.0,13.0
2022-09-06 04:00:00,0.0,8.3,1015.1,45.0,20.6,0.478996,350.0,16.6
2022-09-06 05:00:00,0.0,8.3,1015.1,45.0,20.6,0.396993,350.0,16.6
2022-09-06 06:00:00,0.0,7.1,1014.9,48.0,18.3,0.337749,0.0,0.0
2022-09-06 07:00:00,0.0,7.7,1014.7,69.0,13.3,0.298564,0.0,0.0
2022-09-06 08:00:00,0.0,7.9,1014.6,67.0,13.9,0.279063,320.0,7.6
2022-09-06 09:00:00,0.0,8.9,1014.4,77.0,12.8,0.262809,0.0,0.0
2022-09-06 10:00:00,0.0,8.9,1014.4,77.0,12.8,0.255112,0.0,0.0
2022-09-06 11:00:00,0.0,7.2,1014.4,83.0,10.0,0.27005,0.0,0.0
2022-09-06 12:00:00,0.0,7.8,1014.4,90.0,9.4,0.305796,0.0,0.0
2022-09-06 13:00:00,0.0,8.3,1014.6,96.0,8.9,0.3592,0.0,0.0
2022-09-06 14:00:00,0.0,8.3,1014.6,96.0,8.9,0.409254,0.0,0.0
2022-09-06 15:00:00,0.0,9.4,1015.0,86.0,11.7,0.39361,0.0,0.0
2022-09-06 16:00:00,0.0,9.4,1014.8,54.0,18.9,0.35071,0.0,0.0
2022-09-06 17:00:00,0.0,10.0,1014.5,46.0,22.2,0.313169,330.0,5.4
2022-09-06 18:00:00,0.0,10.5,1014.0,40.0,25.0,0.300849,330.0,9.4
2022-09-06 19:00:00,0.0,11.1,1013.5,39.0,26.1,0.320007,16.0,5.4
2022-09-06 20:00:00,0.0,11.1,1013.5,39.0,26.1,0.330914,9.0,5.4
2022-09-06 21:00:00,0.0,11.0,1013.1,32.0,29.4,0.383576,20.0,5.4
2022-09-06 22:00:00,0.0,10.4,1012.5,28.0,31.1,0.44809,20.0,7.6
2022-09-06 23:00:00,0.0,10.8,1012.1,27.0,32.2,0.543959,100.0,9.4
2022-09-07 00:00:00,0.0,11.9,1011.8,29.0,32.2,0.632173,120.0,9.4
2022-09-07 01:00:00,0.0,11.0,1011.7,28.0,31.7,0.670049,150.0,9.4
2022-09-07 02:00:00,0.0,13.2,1012.0,37.0,29.4,0.626572,230.0,11.2
2022-09-07 03:00:00,0.0,12.8,1013.1,57.0,21.7,0.587198,260.0,11.2
2022-09-07 04:00:00,0.0,12.3,1013.6,61.0,20.0,0.509989,270.0,5.4
2022-09-07 05:00:00,0.0,12.3,1013.6,61.0,20.0,0.439177,270.0,5.4
2022-09-07 06:00:00,0.0,11.6,1014.0,65.0,18.3,0.36202,300.0,14.8
2022-09-07 07:00:00,0.0,11.2,1014.5,70.0,16.7,0.329848,290.0,5.4
2022-09-07 08:00:00,0.0,11.1,1014.8,72.0,16.1,0.313136,0.0,0.0
2022-09-07 09:00:00,0.0,11.1,1014.8,72.0,16.1,0.293585,0.0,0.0
2022-09-07 10:00:00,0.0,11.7,1015.1,75.0,16.1,0.284188,290.0,9.4
2022-09-07 11:00:00,0.0,11.1,1016.2,83.0,13.9,0.290311,0.0,0.0
2022-09-07 12:00:00,0.0,11.1,1016.6,83.0,13.9,0.32709,0.0,0.0
2022-09-07 13:00:00,0.0,9.9,1017.0,89.0,11.7,0.375139,0.0,0.0
2022-09-07 14:00:00,0.0,9.9,1017.0,89.0,11.7,0.406672,0.0,0.0
2022-09-07 15:00:00,0.0,11.7,1018.9,63.0,18.9,0.400731,0.0,0.0
2022-09-07 16:00:00,0.0,10.5,1019.4,49.0,21.7,0.365759,140.0,5.4
2022-09-07 17:00:00,0.0,9.8,1019.8,41.0,23.9,0.344649,2.0,5.4
2022-09-07 18:00:00,0.0,9.1,1019.5,32.0,27.2,0.324676,10.0,18.4
2022-09-07 19:00:00,0.0,9.1,1019.5,32.0,27.2,0.329756,10.0,18.4
2022-09-07 20:00:00,0.0,12.6,1019.1,38.0,28.3,0.366251,20.0,14.8
2022-09-07 21:00:00,0.0,12.6,1019.1,38.0,28.3,0.400943,20.0,14.8
2022-09-07 22:00:00,0.0,11.9,1018.7,34.0,29.4,0.46759,10.0,9.4
2022-09-07 23:00:00,0.0,11.9,1018.7,34.0,29.4,0.600056,360.0,22.3
2022-09-08 00:00:00,0.0,6.0,1019.4,25.0,27.8,0.600929,10.0,22.3
2022-09-08 01:00:00,0.0,6.2,1019.3,29.0,25.6,0.58996,10.0,24.1
2022-09-08 02:00:00,0.0,5.7,1019.5,29.0,25.0,0.558248,10.0,18.4
2022-09-08 03:00:00,0.0,4.6,1021.0,34.0,21.1,0.531931,0.0,0.0
2022-09-08 04:00:00,0.0,0.4,1021.6,31.0,17.8,0.456192,330.0,11.2
2022-09-08 05:00:00,0.0,0.4,1021.6,31.0,17.8,0.390629,330.0,11.2
2022-09-08 06:00:00,0.0,0.0,1022.2,36.0,15.0,0.336303,270.0,7.6
2022-09-08 07:00:00,0.0,6.2,1022.7,77.0,10.0,0.313238,0.0,0.0
2022-09-08 08:00:00,0.0,5.1,1023.0,80.0,8.3,0.284069,0.0,0.0
2022-09-08 09:00:00,0.0,5.1,1023.1,93.0,6.1,0.284239,0.0,0.0
2022-09-08 10:00:00,0.0,5.1,1023.1,93.0,6.1,0.280965,0.0,0.0
2022-09-08 11:00:00,0.0,4.4,1023.2,92.0,5.6,0.285592,0.0,0.0
2022-09-08 12:00:00,0.0,2.9,1023.6,86.0,5.0,0.324811,0.0,0.0
2022-09-08 13:00:00,0.0,2.9,1023.9,93.0,3.9,0.375374,0.0,0.0
2022-09-08 14:00:00,0.0,4.4,1024.2,79.0,7.8,0.414502,0.0,0.0
2022-09-08 15:00:00,0.0,4.4,1024.2,79.0,7.8,0.396006,0.0,0.0
2022-09-08 16:00:00,0.0,6.1,1023.3,53.0,15.6,0.35333,0.0,0.0
2022-09-08 17:00:00,0.0,7.3,1022.8,52.0,17.2,0.289527,2.0,0.0
2022-09-08 18:00:00,0.0,7.3,1022.8,52.0,17.2,0.267117,15.0,5.4
2022-09-08 19:00:00,0.0,8.3,1022.1,47.0,20.0,0.256452,0.0,0.0
2022-09-08 20:00:00,0.0,9.3,1020.9,41.0,23.3,0.266081,11.0,7.6
2022-09-08 21:00:00,0.0,6.2,1019.9,29.0,25.6,0.286885,40.0,18.4
2022-09-08 22:00:00,0.0,6.2,1018.8,27.0,26.7,0.333756,10.0,18.4
2022-09-08 23:00:00,0.0,6.0,1017.7,26.0,27.2,0.417207,360.0,14.8
2022-09-09 00:00:00,0.0,4.8,1016.6,23.0,27.8,0.491343,10.0,20.5
2022-09-09 01:00:00,0.0,5.2,1015.8,28.0,25.0,0.550976,10.0,13.0
2022-09-09 02:00:00,0.0,5.2,1015.8,28.0,25.0,0.519224,10.0,13.0
2022-09-09 03:00:00,0.0,6.8,1015.7,37.0,22.2,0.499385,360.0,16.6
2022-09-09 04:00:00,0.0,7.7,1015.9,45.0,20.0,0.441313,360.0,7.6
2022-09-09 05:00:00,0.0,6.0,1015.0,43.0,18.9,0.382219,350.0,18.4
2022-09-09 06:00:00,0.0,6.0,1015.0,43.0,18.9,0.326449,350.0,22.3
2022-09-09 07:00:00,0.0,6.2,1014.4,52.0,16.1,0.307358,0.0,0.0
2022-09-09 08:00:00,0.0,6.8,1013.7,52.0,16.7,0.287487,350.0,13.0
2022-09-09 09:00:00,0.0,6.8,1013.7,52.0,16.7,0.273278,350.0,13.0
2022-09-09 10:00:00,0.0,6.6,1012.8,55.0,15.6,0.266749,350.0,14.8
2022-09-09 11:00:00,0.0,6.8,1012.5,58.0,15.0,0.278145,340.0,11.2
2022-09-09 12:00:00,0.0,6.0,1012.2,55.0,15.0,0.312664,330.0,14.8
2022-09-09 13:00:00,0.0,5.5,1012.0,51.0,15.6,0.366446,330.0,13.0
2022-09-09 14:00:00,0.0,5.5,1012.0,51.0,15.6,0.42341,330.0,13.0
2022-09-09 15:00:00,0.0,5.0,1011.6,35.0,21.1,0.414299,350.0,18.4
2022-09-09 16:00:00,0.0,4.3,1011.0,28.0,23.9,0.363395,350.0,18.4
2022-09-09 17:00:00,0.0,5.1,1010.6,26.0,26.1,0.330051,30.0,25.9
2022-09-09 18:00:00,0.0,4.8,1009.8,23.0,27.8,0.313901,20.0,22.3
2022-09-09 19:00:00,0.0,4.8,1009.8,23.0,27.8,0.318247,20.0,22.3
2022-09-09 20:00:00,0.0,3.6,1008.1,18.0,30.6,0.339921,30.0,31.7
2022-09-09 21:00:00,0.0,3.6,1008.1,18.0,30.6,0.377973,40.0,31.7
2022-09-09 22:00:00,0.0,3.2,1006.6,17.0,31.1,0.425193,30.0,22.3
2022-09-09 23:00:00,0.0,3.2,1006.6,17.0,31.1,0.491789,50.0,31.7
2022-09-10 00:00:00,0.0,3.2,1005.8,17.0,31.1,0.543428,30.0,27.7
2022-09-10 01:00:00,0.0,1.3,1005.4,18.0,27.8,0.57162,30.0,24.1
2022-09-10 02:00:00,0.0,0.3,1005.6,19.0,25.6,0.548412,20.0,16.6
2022-09-10 03:00:00,0.0,0.3,1005.6,19.0,25.6,0.513313,20.0,16.6
2022-09-10 04:00:00,0.0,-0.2,1005.8,19.0,25.0,0.470159,30.0,18.4
2022-09-10 05:00:00,0.0,-0.3,1006.5,21.0,23.3,0.408996,5.0,20.5
2022-09-10 06:00:00,0.0,0.0,1006.5,22.0,22.8,0.355835,20.0,20.5
2022-09-10 07:00:00,0.0,1.4,1006.7,26.0,21.7,0.326169,360.0,14.8
2022-09-10 08:00:00,0.0,1.9,1006.4,27.0,21.7,0.301284,360.0,16.6
2022-09-10 09:00:00,0.0,1.9,1006.4,27.0,21.7,0.28397,360.0,16.6
2022-09-10 10:00:00,0.0,1.9,1006.4,29.0,20.6,0.278614,350.0,18.4
2022-09-10 11:00:00,0.0,1.9,1006.4,29.0,20.6,0.283186,350.0,18.4
2022-09-10 12:00:00,0.0,2.4,1006.3,30.0,20.6,0.289384,350.0,18.4
2022-09-10 13:00:00,0.0,2.9,1006.2,31.0,20.6,0.310038,350.0,18.4
2022-09-10 14:00:00,0.0,2.9,1006.2,31.0,20.6,0.362618,350.0,18.4
2022-09-10 15:00:00,0.0,3.8,1006.5,31.0,21.7,0.402371,340.0,18.4
2022-09-10 16:00:00,0.0,3.8,1006.8,27.0,23.9,0.398304,340.0,18.4
2022-09-10 17:00:00,0.0,4.7,1007.1,26.0,25.6,0.403298,340.0,20.5
2022-09-10 18:00:00,0.0,5.5,1007.2,25.0,27.2,0.401598,340.0,16.6
2022-09-10 19:00:00,0.0,5.5,1007.2,25.0,27.2,0.389163,340.0,16.6
2022-09-10 20:00:00,0.0,6.0,1007.1,22.0,30.0,0.410574,350.0,18.4
2022-09-10 21:00:00,0.0,6.0,1007.1,22.0,30.0,0.421932,350.0,18.4
2022-09-10 22:00:00,0.0,6.7,1007.2,21.0,31.7,0.455824,340.0,16.6
2022-09-10 23:00:00,0.0,6.7,1007.2,21.0,31.7,0.511145,340.0,16.6
2022-09-11 00:00:00,0.0,7.2,1007.6,24.0,30.0,0.573783,330.0,13.0
2022-09-11 01:00:00,0.0,7.2,1007.6,24.0,30.0,0.573205,330.0,13.0
2022-09-11 02:00:00,0.0,6.2,1008.5,30.0,25.0,0.532579,340.0,7.6
2022-09-11 03:00:00,0.0,8.9,1009.6,44.0,21.7,0.501744,250.0,13.0
2022-09-11 04:00:00,0.0,8.9,1009.6,44.0,21.7,0.449782,250.0,13.0
2022-09-11 05:00:00,0.0,10.7,1011.1,59.0,18.9,0.398904,3.0,5.4
2022-09-11 06:00:00,0.0,9.6,1011.9,51.0,20.0,0.338765,270.0,9.4
2022-09-11 07:00:00,0.0,9.9,1012.5,58.0,18.3,0.314149,350.0,7.6
2022-09-11 08:00:00,0.0,10.6,1013.4,65.0,17.2,0.29275,0.0,0.0
2022-09-11 09:00:00,0.0,10.6,1013.4,65.0,17.2,0.283642,0.0,0.0
2022-09-11 10:00:00,0.0,10.7,1014.2,63.0,17.8,0.270812,180.0,5.4
2022-09-11 11:00:00,0.0,11.1,1014.6,72.0,16.1,0.267027,300.0,7.6
2022-09-11 12:00:00,0.0,11.2,1015.0,75.0,15.6,0.267035,10.0,7.6
2022-09-11 13:00:00,0.0,11.8,1015.2,78.0,15.6,0.283138,30.0,5.4
2022-09-11 14:00:00,0.0,11.8,1015.2,78.0,15.6,0.314561,30.0,5.4
2022-09-11 15:00:00,0.0,12.1,1016.4,72.0,17.2,0.346166,0.0,0.0
2022-09-11 16:00:00,0.0,13.9,1016.4,68.0,20.0,0.352068,0.0,0.0
2022-09-11 17:00:00,0.0,14.4,1016.7,63.0,21.7,0.349647,250.0,7.6
2022-09-11 18:00:00,0.0,14.4,1016.7,63.0,21.7,0.346159,250.0,7.6
2022-09-11 19:00:00,0.0,13.2,1016.5,53.0,23.3,0.398546,260.0,5.4
2022-09-11 20:00:00,0.0,13.3,1016.2,50.0,24.4,0.426691,120.0,5.4
2022-09-11 21:00:00,0.0,13.3,1016.2,50.0,24.4,0.401315,120.0,5.4
2022-09-11 22:00:00,0.0,14.4,1015.7,50.0,25.6,0.464196,210.0,5.4
2022-09-11 23:00:00,0.0,14.4,1015.7,50.0,25.6,0.514615,210.0,5.4
2022-09-12 00:00:00,0.0,15.1,1015.6,56.0,24.4,0.529412,230.0,13.0
2022-09-12 01:00:00,0.0,14.9,1016.0,61.0,22.8,0.52102,200.0,16.6
2022-09-12 02:00:00,0.0,14.0,1016.3,71.0,19.4,0.495531,220.0,14.8
2022-09-12 03:00:00,0.0,15.0,1017.0,81.0,18.3,0.461731,220.0,14.8
2022-09-12 04:00:00,0.0,15.0,1017.0,81.0,18.3,0.414695,230.0,22.3
2022-09-12 05:00:00,0.0,15.6,1017.0,93.0,16.7,0.36842,230.0,7.6
2022-09-12 06:00:00,0.3,15.0,1017.0,87.0,17.2,0.305653,0.0,0.0
2022-09-12 07:00:00,0.0,15.1,1017.1,90.0,16.7,0.281524,240.0,13.0
2022-09-12 08:00:00,0.3,15.1,1017.1,90.0,16.7,0.265743,240.0,13.0
2022-09-12 09:00:00,0.0,14.0,1016.5,90.0,15.6,0.253512,270.0,7.6
2022-09-12 10:00:00,0.0,14.5,1016.7,93.0,15.6,0.256473,0.0,0.0
2022-09-12 11:00:00,0.0,13.9,1016.7,93.0,15.0,0.26819,0.0,0.0
2022-09-12 12:00:00,0.0,13.9,1016.7,93.0,15.0,0.292156,0.0,0.0
2022-09-12 13:00:00,0.0,13.3,1016.7,93.0,14.4,0.364295,270.0,7.6
2022-09-12 14:00:00,0.0,13.3,1017.3,86.0,15.6,0.405942,0.0,0.0
2022-09-12 15:00:00,0.0,13.4,1017.2,84.0,16.1,0.378436,0.0,0.0
2022-09-12 16:00:00,0.0,13.4,1017.2,84.0,16.1,0.351564,0.0,0.0
2022-09-12 17:00:00,0.0,14.4,1016.9,78.0,18.3,0.331363,30.0,5.4
2022-09-12 18:00:00,0.0,14.4,1016.5,78.0,18.3,0.358813,0.0,0.0
2022-09-12 19:00:00,0.0,13.3,1015.2,63.0,20.6,0.291436,190.0,5.4
2022-09-12 20:00:00,0.0,13.8,1014.5,59.0,22.2,0.282033,140.0,9.4
2022-09-12 21:00:00,0.0,13.8,1014.5,59.0,22.2,0.342272,140.0,9.4
2022-09-12 22:00:00,0.0,14.0,1014.0,54.0,23.9,0.454723,140.0,13.0
2022-09-12 23:00:00,0.0,14.0,1013.5,56.0,23.3,0.440362,140.0,13.0
2022-09-13 00:00:00,0.0,14.0,1013.0,54.0,23.9,0.517262,130.0,18.4
2022-09-13 01:00:00,0.0,12.7,1012.4,55.0,22.2,0.558776,230.0,11.2
2022-09-13 02:00:00,0.0,12.2,1012.5,65.0,18.9,0.51691,4.0,11.2
2022-09-13 03:00:00,0.0,11.7,1013.0,70.0,17.2,0.476846,230.0,16.6
2022-09-13 04:00:00,0.0,11.7,1013.0,70.0,17.2,0.431489,230.0,16.6
2022-09-13 05:00:00,0.0,12.2,1013.1,75.0,16.7,0.371607,230.0,11.2
2022-09-13 06:00:00,0.0,12.3,1013.1,78.0,16.1,0.327813,230.0,11.2
2022-09-13 07:00:00,0.0,11.7,1012.9,75.0,16.1,0.29827,240.0,9.4
2022-09-13 08:00:00,0.0,11.7,1012.9,75.0,16.1,0.287069,240.0,9.4
2022-09-13 09:00:00,0.0,12.2,1012.7,80.0,15.6,0.284099,0.0,0.0
2022-09-13 10:00:00,0.0,12.2,1012.7,80.0,15.6,0.270816,0.0,0.0
2022-09-13 11:00:00,0.0,12.2,1012.4,80.0,15.6,0.277447,290.0,5.4
2022-09-13 12:00:00,0.0,12.2,1012.4,80.0,15.6,0.319368,290.0,5.4
2022-09-13 13:00:00,0.0,12.2,1012.4,80.0,15.6,0.374261,270.0,5.4
2022-09-13 14:00:00,0.0,12.2,1012.4,80.0,15.6,0.401973,270.0,5.4
2022-09-13 15:00:00,0.0,12.3,1012.4,78.0,16.1,0.402138,0.0,0.0
2022-09-13 16:00:00,0.0,12.3,1012.4,70.0,17.8,0.402637,0.0,0.0
2022-09-13 17:00:00,0.0,12.2,1012.4,63.0,19.4,0.373118,0.0,7.6
2022-09-13 18:00:00,0.0,12.2,1012.4,63.0,19.4,0.355964,214.0,7.6
2022-09-13 19:00:00,0.0,11.6,1011.7,51.0,22.2,0.352942,350.0,7.6
2022-09-13 20:00:00,0.0,11.1,1011.4,51.0,21.7,0.410954,320.0,9.4
2022-09-13 21:00:00,0.0,10.5,1011.0,49.0,21.7,0.431091,230.0,11.2
2022-09-13 22:00:00,0.0,10.0,1010.7,46.0,22.2,0.433728,290.0,9.4
2022-09-13 23:00:00,0.0,10.0,1010.7,46.0,22.2,0.448184,290.0,9.4
2022-09-14 00:00:00,0.0,10.6,1010.8,51.0,21.1,0.480202,350.0,7.6
2022-09-14 01:00:00,0.0,10.6,1010.8,51.0,21.1,0.499449,350.0,7.6
2022-09-14 02:00:00,0.0,10.6,1011.3,61.0,18.3,0.484646,240.0,5.4
2022-09-14 03:00:00,0.0,10.6,1011.3,61.0,18.3,0.475281,260.0,5.4
2022-09-14 04:00:00,0.0,11.2,1011.6,70.0,16.7,0.41953,230.0,9.4
2022-09-14 05:00:00,0.0,11.6,1011.5,72.0,16.7,0.353151,0.0,0.0
2022-09-14 06:00:00,0.0,12.3,1011.4,78.0,16.1,0.312216,220.0,5.4
2022-09-14 07:00:00,0.0,12.3,1011.6,78.0,16.1,0.297464,280.0,5.4
2022-09-14 08:00:00,0.0,12.3,1011.6,78.0,16.1,0.283199,280.0,5.4
2022-09-14 09:00:00,0.0,12.8,1011.7,81.0,16.1,0.283816,290.0,5.4
2022-09-14 10:00:00,0.0,12.7,1011.7,83.0,15.6,0.266505,280.0,7.6
2022-09-14 11:00:00,0.0,12.2,1011.9,80.0,15.6,0.277531,2.0,7.6
2022-09-14 12:00:00,0.0,12.2,1012.1,80.0,15.6,0.317856,270.0,5.4
2022-09-14 13:00:00,0.0,12.2,1012.1,80.0,15.6,0.363739,270.0,5.4
2022-09-14 14:00:00,0.0,12.2,1012.7,80.0,15.6,0.38988,260.0,7.6
2022-09-14 15:00:00,0.0,12.8,1012.7,81.0,16.1,0.408941,0.0,0.0
2022-09-14 16:00:00,0.0,12.7,1013.2,75.0,17.2,0.417603,240.0,5.4
2022-09-14 17:00:00,0.0,12.7,1013.3,70.0,18.3,0.395058,190.0,5.4
2022-09-14 18:00:00,0.0,12.7,1013.3,70.0,18.3,0.339731,190.0,5.4
2022-09-14 19:00:00,0.0,11.2,1012.9,48.0,22.8,0.339209,0.0,0.0
2022-09-14 20:00:00,0.0,8.9,1012.6,44.0,21.7,0.346477,0.0,7.6
2022-09-14 21:00:00,0.0,8.9,1012.6,44.0,21.7,0.369551,340.0,7.6
2022-09-14 22:00:00,0.0,9.0,1012.4,43.0,22.2,0.409969,0.0,0.0
2022-09-14 23:00:00,0.0,8.9,1012.2,41.0,22.8,0.416767,283.0,5.4
2022-09-15 00:00:00,0.0,8.9,1012.2,41.0,22.8,0.453848,320.0,5.4
2022-09-15 01:00:00,0.0,11.1,1012.3,51.0,21.7,0.488016,320.0,14.8
2022-09-15 02:00:00,0.0,10.7,1013.2,55.0,20.0,0.48368,280.0,9.4
2022-09-15 03:00:00,0.0,11.2,1013.8,59.0,19.4,0.480712,300.0,7.6
2022-09-15 04:00:00,0.0,11.2,1013.8,59.0,19.4,0.413669,300.0,7.6
2022-09-15 05:00:00,0.0,12.1,1014.6,72.0,17.2,0.34549,240.0,13.0
2022-09-15 06:00:00,0.0,12.2,1014.9,75.0,16.7,0.318499,230.0,7.6
2022-09-15 07:00:00,0.0,12.2,1015.3,75.0,16.7,0.293717,240.0,9.4
2022-09-15 08:00:00,0.0,12.2,1015.3,75.0,16.7,0.284155,240.0,9.4
2022-09-15 09:00:00,0.0,11.7,1015.8,75.0,16.1,0.268006,260.0,9.4
2022-09-15 10:00:00,0.0,11.7,1016.0,75.0,16.1,0.267234,260.0,5.4
2022-09-15 11:00:00,0.0,11.7,1016.1,75.0,16.1,0.273199,0.0,0.0
2022-09-15 12:00:00,0.0,11.7,1016.4,75.0,16.1,0.312576,0.0,0.0
2022-09-15 13:00:00,0.0,11.7,1016.4,75.0,16.1,0.36111,0.0,0.0
2022-09-15 14:00:00,0.0,12.3,1017.4,78.0,16.1,0.411604,0.0,0.0
2022-09-15 15:00:00,0.0,11.6,1017.6,72.0,16.7,0.42081,0.0,0.0
2022-09-15 16:00:00,0.0,11.7,1018.0,70.0,17.2,0.419241,0.0,0.0
2022-09-15 17:00:00,0.0,11.7,1018.1,63.0,18.9,0.399538,0.0,5.4
2022-09-15 18:00:00,0.0,11.7,1018.1,63.0,18.9,0.375707,133.0,5.4
2022-09-15 19:00:00,0.0,10.6,1017.5,51.0,21.1,0.291879,0.0,0.0
2022-09-15 20:00:00,0.0,11.2,1017.2,48.0,22.8,0.279345,210.0,9.4
2022-09-15 21:00:00,0.0,10.7,1016.9,48.0,22.2,0.367536,280.0,5.4
2022-09-15 22:00:00,0.0,10.7,1016.9,48.0,22.2,0.467285,280.0,5.4
2022-09-15 23:00:00,0.0,10.7,1016.6,48.0,22.2,0.459713,250.0,11.2
2022-09-16 00:00:00,0.0,11.1,1016.7,51.0,21.7,0.471178,270.0,14.8
2022-09-16 01:00:00,0.0,11.2,1016.9,55.0,20.6,0.469232,330.0,11.2
2022-09-16 02:00:00,0.0,10.7,1017.3,57.0,19.4,0.448711,320.0,11.2
2022-09-16 03:00:00,0.0,10.7,1017.3,57.0,19.4,0.435244,320.0,11.2
2022-09-16 04:00:00,0.0,11.1,1018.1,72.0,16.1,0.397658,230.0,7.6
2022-09-16 05:00:00,0.0,11.2,1018.2,78.0,15.0,0.351539,250.0,7.6
2022-09-16 06:00:00,0.0,9.9,1018.4,80.0,13.3,0.302485,230.0,7.6
2022-09-16 07:00:00,0.0,10.7,1018.7,81.0,13.9,0.282196,290.0,5.4
2022-09-16 08:00:00,0.0,10.7,1018.7,81.0,13.9,0.271046,290.0,5.4
2022-09-16 09:00:00,0.0,10.7,1018.9,84.0,13.3,0.252615,280.0,5.4
2022-09-16 10:00:00,0.0,9.9,1019.1,77.0,13.9,0.250182,0.0,0.0
2022-09-16 11:00:00,0.0,9.9,1019.3,77.0,13.9,0.26301,300.0,9.4
2022-09-16 12:00:00,0.0,9.0,1019.4,75.0,13.3,0.300915,0.0,0.0
2022-09-16 13:00:00,0.0,9.0,1019.4,75.0,13.3,0.325341,0.0,0.0
2022-09-16 14:00:00,0.0,10.7,1020.2,87.0,12.8,0.375598,240.0,5.4
2022-09-16 15:00:00,0.0,9.9,1020.6,77.0,13.9,0.393206,250.0,5.4
2022-09-16 16:00:00,0.0,10.0,1020.5,67.0,16.1,0.367995,0.0,0.0
2022-09-16 17:00:00,0.0,10.0,1020.5,67.0,16.1,0.341816,0.0,0.0
2022-09-16 18:00:00,0.0,9.0,1019.8,51.0,19.4,0.280275,1.0,5.4
2022-09-16 19:00:00,0.0,8.2,1019.5,50.0,18.9,0.343212,310.0,5.4
2022-09-16 20:00:00,0.0,8.2,1019.5,50.0,18.9,0.342335,310.0,5.4
2022-09-16 21:00:00,0.0,8.9,1018.5,47.0,20.6,0.377076,50.0,9.4
2022-09-16 22:00:00,0.0,8.9,1018.5,47.0,20.6,0.401137,50.0,9.4
2022-09-16 23:00:00,0.0,8.9,1017.6,47.0,20.6,0.421801,280.0,7.6
2022-09-17 00:00:00,0.0,8.9,1017.6,47.0,20.6,0.433779,280.0,7.6
2022-09-17 01:00:00,0.0,10.1,1016.8,55.0,19.4,0.443957,320.0,14.8
2022-09-17 02:00:00,0.0,10.1,1016.7,63.0,17.2,0.416709,340.0,13.0
2022-09-17 03:00:00,0.0,10.1,1016.7,63.0,17.2,0.393244,340.0,13.0
2022-09-17 04:00:00,0.0,10.6,1016.1,72.0,15.6,0.371866,330.0,7.6
2022-09-17 05:00:00,0.0,9.9,1015.4,77.0,13.9,0.334563,360.0,9.4
2022-09-17 06:00:00,0.0,10.0,1014.9,75.0,14.4,0.295343,350.0,7.6
2022-09-17 07:00:00,0.0,10.0,1014.9,75.0,14.4,0.272155,350.0,7.6
2022-09-17 08:00:00,0.0,8.9,1013.8,83.0,11.7,0.2554,350.0,9.4
2022-09-17 09:00:00,0.0,8.9,1013.2,77.0,12.8,0.245693,340.0,9.4
2022-09-17 10:00:00,0.0,8.9,1012.5,80.0,12.2,0.249968,360.0,7.6
2022-09-17 11:00:00,0.0,8.4,1012.2,80.0,11.7,0.245674,0.0,7.6
2022-09-17 12:00:00,0.0,8.4,1012.2,80.0,11.7,0.256766,0.0,0.0
2022-09-17 13:00:00,0.0,6.7,1011.6,86.0,8.9,0.283001,0.0,0.0
2022-09-17 14:00:00,0.0,7.2,1011.4,86.0,9.4,0.344802,2.0,0.0
2022-09-17 15:00:00,0.0,7.7,1010.8,69.0,13.3,0.363877,10.0,13.0
2022-09-17 16:00:00,0.0,7.2,1010.3,62.0,14.4,0.352336,340.0,9.4
2022-09-17 17:00:00,0.0,7.2,1010.3,62.0,14.4,0.31557,340.0,9.4
2022-09-17 18:00:00,0.0,8.3,1008.7,52.0,18.3,0.289081,16.0,7.6
2022-09-17 19:00:00,0.0,8.2,1008.2,50.0,18.9,0.29702,0.0,0.0
2022-09-17 20:00:00,0.0,7.3,1007.3,41.0,21.1,0.26948,330.0,9.4
2022-09-17 21:00:00,0.0,7.3,1006.6,41.0,21.1,0.289636,330.0,5.4
2022-09-17 22:00:00,0.0,7.3,1006.6,41.0,21.1,0.31561,344.0,5.4
2022-09-17 23:00:00,0.0,6.8,1006.1,38.0,21.7,0.38351,350.0,5.4
2022-09-18 00:00:00,0.0,6.2,1005.2,39.0,20.6,0.409746,20.0,7.6
2022-09-18 01:00:00,0.0,6.2,1005.2,39.0,20.6,0.410075,20.0,7.6
2022-09-18 02:00:00,0.0,8.9,1005.9,58.0,17.2,0.394551,250.0,5.4
2022-09-18 03:00:00,0.0,8.9,1005.9,58.0,17.2,0.401202,250.0,5.4
2022-09-18 04:00:00,0.0,8.8,1006.1,62.0,16.1,0.367017,40.0,7.6
2022-09-18 05:00:00,0.0,7.9,1006.0,56.0,16.7,0.326283,10.0,9.4
2022-09-18 06:00:00,0.0,9.4,1005.5,69.0,15.0,0.292671,310.0,11.2
2022-09-18 07:00:00,0.0,9.4,1005.3,72.0,14.4,0.266757,340.0,11.2
2022-09-18 08:00:00,0.0,9.4,1005.3,72.0,14.4,0.253362,340.0,11.2
2022-09-18 09:00:00,0.0,8.4,1004.6,72.0,13.3,0.241987,360.0,13.0
2022-09-18 10:00:00,0.0,8.3,1004.6,77.0,12.2,0.247724,350.0,9.4
2022-09-18 11:00:00,0.0,9.3,1004.6,74.0,13.9,0.237834,4.0,9.4
2022-09-18 12:00:00,0.0,9.3,1004.6,74.0,13.9,0.246703,350.0,14.8
2022-09-18 13:00:00,0.0,8.9,1005.0,72.0,13.9,0.268418,350.0,13.0
2022-09-18 14:00:00,0.0,9.0,1005.3,70.0,14.4,0.292455,360.0,13.0
2022-09-18 15:00:00,0.0,8.8,1005.3,62.0,16.1,0.311527,350.0,14.8
2022-09-18 16:00:00,0.0,9.4,1005.4,58.0,17.8,0.321551,350.0,14.8
2022-09-18 17:00:00,0.0,9.4,1005.4,58.0,17.8,0.311195,340.0,18.4
2022-09-18 18:00:00,0.0,9.9,1005.4,47.0,21.7,0.342497,10.0,13.0
2022-09-18 19:00:00,0.0,10.7,1005.2,45.0,23.3,0.243407,20.0,18.4
2022-09-18 20:00:00,0.0,10.7,1005.2,45.0,23.3,0.268562,20.0,18.4
2022-09-18 21:00:00,0.0,9.9,1005.3,40.0,24.4,0.321305,0.0,0.0
2022-09-18 22:00:00,0.0,9.6,1005.2,39.0,24.4,0.389228,100.0,5.4
2022-09-18 23:00:00,0.0,8.4,1005.3,36.0,24.4,0.412349,0.0,0.0
2022-09-19 00:00:00,0.0,12.2,1005.5,53.0,22.2,0.448147,240.0,5.4
2022-09-19 01:00:00,0.0,12.2,1005.5,53.0,22.2,0.455026,240.0,5.4
2022-09-19 02:00:00,0.0,12.3,1006.1,57.0,21.1,0.449596,0.0,0.0
2022-09-19 03:00:00,0.0,12.3,1006.1,57.0,21.1,0.442412,0.0,0.0
2022-09-19 04:00:00,0.0,11.6,1006.9,65.0,18.3,0.387084,320.0,5.4
2022-09-19 05:00:00,0.0,11.8,1007.1,68.0,17.8,0.323037,360.0,11.2
2022-09-19 06:00:00,0.0,11.2,1007.3,78.0,15.0,0.284644,0.0,0.0
2022-09-19 07:00:00,0.0,11.2,1007.3,78.0,15.0,0.266583,0.0,0.0
2022-09-19 08:00:00,0.0,10.6,1007.5,78.0,14.4,0.245281,350.0,7.6
2022-09-19 09:00:00,0.0,9.4,1007.8,83.0,12.2,0.233466,330.0,5.4
2022-09-19 10:00:00,0.0,8.9,1007.9,89.0,10.6,0.234119,260.0,5.4
2022-09-19 11:00:00,0.0,8.9,1007.9,89.0,10.6,0.250913,0.0,5.4
2022-09-19 12:00:00,0.0,8.9,1007.9,89.0,10.6,0.290269,0.0,0.0
2022-09-19 13:00:00,0.0,8.9,1008.4,93.0,10.0,0.363165,310.0,5.4
2022-09-19 14:00:00,0.0,9.4,1009.2,92.0,10.6,0.425326,0.0,5.4
2022-09-19 15:00:00,0.0,10.6,1009.3,78.0,14.4,0.397359,0.0,0.0
2022-09-19 16:00:00,0.0,11.2,1009.3,61.0,18.9,0.345362,0.0,5.4
2022-09-19 17:00:00,0.0,11.2,1009.3,61.0,18.9,0.313026,42.0,5.4
2022-09-19 18:00:00,0.0,11.2,1009.6,48.0,22.8,0.295353,140.0,7.6
2022-09-19 19:00:00,0.0,11.0,1009.5,43.0,24.4,0.281035,140.0,9.4
2022-09-19 20:00:00,0.0,11.2,1009.4,42.0,25.0,0.306742,2.0,9.4
2022-09-19 21:00:00,0.0,11.2,1009.4,42.0,25.0,0.334666,150.0,5.4
2022-09-19 22:00:00,0.0,10.7,1009.1,38.0,26.1,0.383484,150.0,9.4
2022-09-19 23:00:00,0.0,10.4,1008.9,35.0,27.2,0.457894,140.0,9.4
2022-09-20 00:00:00,0.0,11.7,1009.0,38.0,27.2,0.532593,150.0,5.4
2022-09-20 01:00:00,0.0,11.6,1009.1,39.0,26.7,0.557584,200.0,5.4
2022-09-20 02:00:00,0.0,10.7,1010.2,53.0,20.6,0.526583,4.0,11.2
2022-09-20 03:00:00,0.0,10.7,1010.2,53.0,20.6,0.498163,210.0,14.8
2022-09-20 04:00:00,0.0,9.9,1011.0,60.0,17.8,0.442557,250.0,13.0
2022-09-20 05:00:00,0.0,10.1,1011.2,63.0,17.2,0.372273,0.0,13.0
2022-09-20 06:00:00,0.0,10.0,1011.1,72.0,15.0,0.3232,0.0,0.0
2022-09-20 07:00:00,0.0,10.0,1011.1,72.0,15.0,0.289013,0.0,0.0
2022-09-20 08:00:00,0.0,8.8,1011.2,86.0,11.1,0.284046,10.0,5.4
2022-09-20 09:00:00,0.0,8.8,1010.9,86.0,11.1,0.271373,0.0,0.0
2022-09-20 10:00:00,0.0,8.4,1011.1,86.0,10.6,0.266055,0.0,0.0
2022-09-20 11:00:00,0.0,8.4,1011.1,86.0,10.6,0.27246,0.0,0.0
2022-09-20 12:00:00,0.0,8.3,1011.9,93.0,9.4,0.308492,0.0,0.0
2022-09-20 13:00:00,0.0,7.8,1012.7,93.0,8.9,0.371215,0.0,0.0
2022-09-20 14:00:00,0.0,9.4,1013.4,86.0,11.7,0.420075,0.0,0.0
2022-09-20 15:00:00,0.0,9.4,1013.4,86.0,11.7,0.404585,0.0,0.0
2022-09-20 16:00:00,0.0,10.0,1013.6,75.0,14.4,0.352233,0.0,0.0
2022-09-20 17:00:00,0.0,10.1,1013.0,51.0,20.6,0.311592,350.0,9.4
2022-09-20 18:00:00,0.0,10.0,1012.8,43.0,23.3,0.299513,0.0,0.0
2022-09-20 19:00:00,0.0,10.0,1012.8,43.0,23.3,0.289038,0.0,0.0
2022-09-20 20:00:00,0.0,5.5,1012.3,25.0,27.2,0.290252,40.0,5.4
2022-09-20 21:00:00,0.0,5.5,1012.3,25.0,27.2,0.328888,40.0,5.4
2022-09-20 22:00:00,0.0,6.0,1011.9,25.0,27.8,0.396469,0.0,0.0
2022-09-20 23:00:00,0.0,5.7,1011.7,23.0,28.9,0.448711,360.0,9.4
2022-09-21 00:00:00,0.0,4.1,1011.6,22.0,27.8,0.518076,190.0,7.6
2022-09-21 01:00:00,0.0,4.9,1011.6,24.0,27.2,0.55523,240.0,7.6
2022-09-21 02:00:00,0.0,10.0,1011.6,46.0,22.2,0.52709,240.0,7.6
2022-09-21 03:00:00,0.0,11.1,1013.0,63.0,18.3,0.494289,180.0,5.4
2022-09-21 04:00:00,0.0,11.1,1013.3,65.0,17.8,0.435235,240.0,11.2
2022-09-21 05:00:00,0.0,10.0,1013.8,75.0,14.4,0.369649,0.0,0.0
2022-09-21 06:00:00,0.0,10.0,1013.8,75.0,14.4,0.323492,0.0,0.0
2022-09-21 07:00:00,0.0,11.2,1013.3,75.0,15.6,0.30671,250.0,5.4
2022-09-21 08:00:00,0.0,11.2,1013.4,81.0,14.4,0.282119,320.0,5.4
2022-09-21 09:00:00,0.0,9.9,1013.7,86.0,12.2,0.266478,0.0,0.0
2022-09-21 10:00:00,0.0,9.4,1013.6,86.0,11.7,0.26514,0.0,0.0
2022-09-21 11:00:00,0.0,9.4,1013.6,86.0,11.7,0.277026,0.0,0.0
2022-09-21 12:00:00,0.0,8.3,1013.8,93.0,9.4,0.304524,0.0,0.0
2022-09-21 13:00:00,0.0,8.9,1013.7,89.0,10.6,0.370819,0.0,0.0
2022-09-21 14:00:00,0.0,9.4,1014.4,89.0,11.1,0.407977,0.0,0.0
2022-09-21 15:00:00,0.0,9.9,1014.2,77.0,13.9,0.41382,0.0,0.0
2022-09-21 16:00:00,0.0,9.9,1014.2,77.0,13.9,0.343425,0.0,0.0
2022-09-21 17:00:00,0.0,12.3,1014.0,68.0,18.3,0.310325,0.0,0.0
2022-09-21 18:00:00,0.0,12.3,1013.8,59.0,20.6,0.30264,0.0,0.0
2022-09-21 19:00:00,0.0,11.1,1013.6,51.0,21.7,0.298553,0.0,0.0
2022-09-21 20:00:00,0.0,11.8,1013.3,50.0,22.8,0.336447,2.0,0.0
2022-09-21 21:00:00,0.0,11.8,1013.3,50.0,22.8,0.377041,260.0,7.6
2022-09-21 22:00:00,0.0,12.2,1012.7,48.0,23.9,0.430146,190.0,9.4
2022-09-21 23:00:00,0.0,11.7,1012.6,48.0,23.3,0.439713,190.0,14.8
2022-09-22 00:00:00,0.0,12.9,1012.7,52.0,23.3,0.476821,180.0,14.8
2022-09-22 01:00:00,0.0,12.9,1012.7,52.0,23.3,0.512268,180.0,14.8
2022-09-22 02:00:00,0.0,11.2,1014.1,61.0,18.9,0.493209,210.0,13.0
2022-09-22 03:00:00,0.0,11.1,1014.9,65.0,17.8,0.473447,230.0,16.6
2022-09-22 04:00:00,0.0,11.1,1015.3,72.0,16.1,0.425968,220.0,13.0
2022-09-22 05:00:00,0.0,11.2,1016.1,78.0,15.0,0.364635,4.0,13.0
2022-09-22 06:00:00,0.0,11.2,1016.5,81.0,14.4,0.310649,180.0,16.6
2022-09-22 07:00:00,0.0,11.2,1016.5,81.0,14.4,0.297773,180.0,16.6
2022-09-22 08:00:00,0.0,10.6,1016.9,90.0,12.2,0.283744,4.0,11.2
2022-09-22 09:00:00,0.0,10.6,1016.9,90.0,12.2,0.273823,230.0,13.0
2022-09-22 10:00:00,0.0,8.9,1017.6,89.0,10.6,0.269368,150.0,9.4
2022-09-22 11:00:00,0.0,8.9,1017.6,89.0,10.6,0.278592,150.0,9.4
2022-09-22 12:00:00,0.0,9.4,1018.8,96.0,10.0,0.313272,0.0,0.0
2022-09-22 13:00:00,0.0,9.4,1019.2,96.0,10.0,0.360637,0.0,0.0
2022-09-22 14:00:00,0.0,11.0,1019.3,89.0,12.8,0.412359,260.0,7.6
2022-09-22 15:00:00,0.0,11.8,1019.7,87.0,13.9,0.406875,0.0,0.0
2022-09-22 16:00:00,0.0,12.8,1020.2,81.0,16.1,0.414542,0.0,5.4
2022-09-22 17:00:00,0.0,12.8,1020.2,81.0,16.1,0.40813,200.0,5.4
2022-09-22 18:00:00,0.0,12.2,1020.2,65.0,18.9,0.383092,220.0,14.8
2022-09-22 19:00:00,0.0,12.3,1020.0,57.0,21.1,0.338516,200.0,16.6
2022-09-22 20:00:00,0.0,11.8,1019.5,50.0,22.8,0.255291,200.0,24.1
2022-09-22 21:00:00,0.0,11.8,1019.5,50.0,22.8,0.294523,180.0,24.1
2022-09-22 22:00:00,0.0,10.6,1019.1,46.0,22.8,0.327402,190.0,14.8
2022-09-22 23:00:00,0.0,8.9,1019.2,41.0,22.8,0.345448,7.0,18.4
2022-09-23 00:00:00,0.0,8.4,1019.1,44.0,21.1,0.410809,280.0,18.4
2022-09-23 01:00:00,0.0,8.4,1019.1,44.0,21.1,0.462265,280.0,18.4
2022-09-23 02:00:00,0.0,7.9,1019.6,60.0,15.6,0.446639,280.0,7.6
2022-09-23 03:00:00,0.0,7.9,1019.6,60.0,15.6,0.425272,210.0,7.6
2022-09-23 04:00:00,0.0,8.3,1020.5,77.0,12.2,0.395451,0.0,0.0
2022-09-23 05:00:00,0.0,8.9,1020.8,77.0,12.8,0.356496,0.0,0.0
2022-09-23 06:00:00,0.0,8.9,1020.8,77.0,12.8,0.305415,0.0,0.0
2022-09-23 07:00:00,0.0,7.8,1021.3,90.0,9.4,0.282441,350.0,5.4
2022-09-23 08:00:00,0.0,7.2,1021.3,93.0,8.3,0.267241,230.0,5.4
2022-09-23 09:00:00,0.0,6.7,1021.3,93.0,7.8,0.256462,0.0,0.0
2022-09-23 10:00:00,0.0,7.8,1021.1,90.0,9.4,0.267108,0.0,0.0
2022-09-23 11:00:00,0.0,7.8,1021.1,90.0,9.4,0.267022,0.0,0.0
2022-09-23 12:00:00,0.0,5.6,1021.3,93.0,6.7,0.310704,0.0,0.0
2022-09-23 13:00:00,0.0,5.6,1021.3,93.0,6.7,0.344397,0.0,0.0
2022-09-23 14:00:00,0.0,5.6,1022.0,100.0,5.6,0.400921,280.0,7.6
2022-09-23 15:00:00,0.0,8.9,1022.0,89.0,10.6,0.380615,0.0,0.0
2022-09-23 16:00:00,0.0,8.9,1022.0,89.0,10.6,0.344567,0.0,0.0
2022-09-23 17:00:00,0.0,10.1,1022.0,65.0,16.7,0.278657,0.0,0.0
2022-09-23 18:00:00,0.0,10.1,1021.7,55.0,19.4,0.254731,0.0,0.0
2022-09-23 19:00:00,0.0,10.1,1021.1,51.0,20.6,0.234766,0.0,0.0
2022-09-23 20:00:00,0.0,10.1,1021.1,51.0,20.6,0.241054,0.0,0.0
2022-09-23 21:00:00,0.0,8.3,1019.8,41.0,22.2,0.244466,0.0,0.0
2022-09-23 22:00:00,0.0,8.9,1019.4,40.0,23.3,0.292336,40.0,13.0
2022-09-23 23:00:00,0.0,8.9,1019.4,40.0,23.3,0.354208,40.0,13.0
2022-09-24 00:00:00,0.0,9.5,1019.0,40.0,23.9,0.421799,10.0,9.4
2022-09-24 01:00:00,0.0,9.5,1019.0,40.0,23.9,0.453432,10.0,9.4
2022-09-24 02:00:00,0.0,9.3,1019.2,47.0,21.1,0.433804,50.0,7.6
2022-09-24 03:00:00,0.0,10.1,1020.3,63.0,17.2,0.412982,20.0,5.4
2022-09-24 04:00:00,0.0,10.5,1020.7,67.0,16.7,0.377483,10.0,9.4
2022-09-24 05:00:00,0.0,9.9,1021.1,69.0,15.6,0.336931,2.0,9.4
2022-09-24 06:00:00,0.0,9.9,1021.1,69.0,15.6,0.303082,340.0,7.6
2022-09-24 07:00:00,0.0,9.4,1021.1,89.0,11.1,0.275282,0.0,0.0
2022-09-24 08:00:00,0.0,8.3,1021.2,89.0,10.0,0.25715,0.0,0.0
2022-09-24 09:00:00,0.0,8.3,1021.2,89.0,10.0,0.241062,0.0,0.0
2022-09-24 10:00:00,0.0,8.9,1021.5,93.0,10.0,0.238704,0.0,0.0
2022-09-24 11:00:00,0.0,8.9,1021.5,93.0,10.0,0.246694,0.0,0.0
2022-09-24 12:00:00,0.0,6.7,1021.6,93.0,7.8,0.264685,0.0,0.0
2022-09-24 13:00:00,0.0,6.8,1022.0,97.0,7.2,0.286516,250.0,5.4
2022-09-24 14:00:00,0.0,8.3,1022.4,89.0,10.0,0.328172,0.0,0.0
2022-09-24 15:00:00,0.0,10.7,1022.8,84.0,13.3,0.326251,0.0,0.0
2022-09-24 16:00:00,0.0,10.7,1022.8,84.0,13.3,0.312582,0.0,0.0
2022-09-24 17:00:00,0.0,12.2,1022.4,63.0,19.4,0.251427,0.0,0.0
2022-09-24 18:00:00,0.0,12.7,1022.0,55.0,22.2,0.241706,350.0,11.2
2022-09-24 19:00:00,0.0,12.2,1021.4,48.0,23.9,0.220335,350.0,9.4
2022-09-24 20:00:00,0.0,12.2,1021.4,48.0,23.9,0.215333,12.0,9.4
2022-09-24 21:00:00,0.0,10.6,1020.3,39.0,25.6,0.244611,100.0,5.4
2022-09-24 22:00:00,0.0,9.5,1019.7,34.0,26.7,0.301456,320.0,9.4
2022-09-24 23:00:00,0.0,6.6,1019.2,27.0,27.2,0.367475,10.0,9.4
2022-09-25 00:00:00,0.0,6.6,1019.2,27.0,27.2,0.442759,10.0,9.4
2022-09-25 01:00:00,0.0,7.7,1018.9,30.0,26.7,0.475589,360.0,9.4
2022-09-25 02:00:00,0.0,9.9,1019.6,47.0,21.7,0.460677,360.0,9.4
2022-09-25 03:00:00,0.0,9.6,1019.9,51.0,20.0,0.427223,320.0,9.4
2022-09-25 04:00:00,0.0,9.5,1020.3,67.0,15.6,0.384179,0.0,0.0
2022-09-25 05:00:00,0.0,9.5,1020.4,67.0,15.6,0.338331,2.0,0.0
2022-09-25 06:00:00,0.0,8.9,1020.4,80.0,12.2,0.302889,270.0,5.4
2022-09-25 07:00:00,0.0,8.9,1020.3,80.0,12.2,0.279946,0.0,0.0
2022-09-25 08:00:00,0.0,9.4,1020.2,89.0,11.1,0.263398,0.0,0.0
2022-09-25 09:00:00,0.0,8.9,1020.2,93.0,10.0,0.247298,310.0,5.4
2022-09-25 10:00:00,0.0,8.9,1020.2,93.0,10.0,0.242357,310.0,5.4
2022-09-25 11:00:00,0.0,8.3,1019.7,96.0,8.9,0.239063,0.0,0.0
2022-09-25 12:00:00,0.0,6.7,1019.7,93.0,7.8,0.247733,0.0,0.0
2022-09-25 13:00:00,0.0,7.2,1020.0,96.0,7.8,0.266441,0.0,0.0
2022-09-25 14:00:00,0.0,7.8,1020.1,90.0,9.4,0.295127,0.0,0.0
2022-09-25 15:00:00,0.0,7.8,1020.1,90.0,9.4,0.320803,0.0,0.0
2022-09-25 16:00:00,0.0,10.6,1020.1,70.0,16.1,0.295236,0.0,0.0
2022-09-25 17:00:00,0.0,11.8,1019.6,57.0,20.6,0.249068,0.0,0.0
2022-09-25 18:00:00,0.0,11.6,1018.8,46.0,23.9,0.208742,340.0,5.4
2022-09-25 19:00:00,0.0,11.8,1018.0,41.0,26.1,0.218417,60.0,5.4
2022-09-25 20:00:00,0.0,11.8,1018.0,41.0,26.1,0.242556,60.0,5.4
2022-09-25 21:00:00,0.0,11.9,1016.1,35.0,28.9,0.272355,0.0,0.0
2022-09-25 22:00:00,0.0,11.9,1016.1,35.0,28.9,0.351239,0.0,0.0
2022-09-25 23:00:00,0.0,11.0,1015.5,31.0,30.0,0.453162,0.0,0.0
2022-09-26 00:00:00,0.0,11.5,1014.5,32.0,30.0,0.52743,340.0,9.4
2022-09-26 01:00:00,0.0,11.5,1014.5,32.0,30.0,0.545158,340.0,9.4
2022-09-26 02:00:00,0.0,10.9,1014.4,35.0,27.8,0.527252,0.0,0.0
2022-09-26 03:00:00,0.0,13.3,1014.4,61.0,21.1,0.483665,0.0,0.0
2022-09-26 04:00:00,0.0,12.3,1014.5,59.0,20.6,0.41857,320.0,9.4
2022-09-26 05:00:00,0.0,12.3,1014.5,59.0,20.6,0.357826,320.0,9.4
2022-09-26 06:00:00,0.0,12.2,1014.6,63.0,19.4,0.308353,290.0,5.4
2022-09-26 07:00:00,0.0,11.2,1014.4,75.0,15.6,0.278385,0.0,0.0
2022-09-26 08:00:00,0.0,10.7,1014.5,84.0,13.3,0.262464,0.0,0.0
2022-09-26 09:00:00,0.0,10.7,1014.4,81.0,13.9,0.24952,0.0,0.0
2022-09-26 10:00:00,0.0,10.7,1014.4,81.0,13.9,0.249053,0.0,0.0
2022-09-26 11:00:00,0.0,9.4,1014.4,89.0,11.1,0.254651,0.0,0.0
2022-09-26 12:00:00,0.0,9.4,1014.5,86.0,11.7,0.300132,0.0,0.0
2022-09-26 13:00:00,0.0,9.4,1014.9,89.0,11.1,0.350345,310.0,5.4
2022-09-26 14:00:00,0.0,9.4,1015.5,89.0,11.1,0.406523,0.0,0.0
2022-09-26 15:00:00,0.0,9.4,1015.5,89.0,11.1,0.397375,0.0,0.0
2022-09-26 16:00:00,0.0,11.7,1015.6,84.0,14.4,0.366911,250.0,7.6
2022-09-26 17:00:00,0.0,12.8,1015.4,61.0,20.6,0.334736,190.0,3.2
2022-09-26 18:00:00,0.0,12.9,1015.0,52.0,23.3,0.315036,221.0,2.2
2022-09-26 19:00:00,0.0,12.2,1014.3,45.0,25.0,0.301048,0.0,0.0
2022-09-26 20:00:00,0.0,12.2,1014.3,45.0,25.0,0.323008,0.0,0.0
2022-09-26 21:00:00,0.0,10.5,1012.9,33.0,28.3,0.362486,200.0,5.4
2022-09-26 22:00:00,0.0,10.5,1012.9,33.0,28.3,0.437292,200.0,5.4
2022-09-26 23:00:00,0.0,11.5,1012.0,32.0,30.0,0.515574,0.0,0.0
2022-09-27 00:00:00,0.0,11.5,1012.0,32.0,30.0,0.583001,0.0,0.0
2022-09-27 01:00:00,0.0,14.5,1011.5,43.0,28.3,0.603412,220.0,14.8
2022-09-27 02:00:00,0.0,13.3,1011.9,61.0,21.1,0.561951,210.0,5.4
2022-09-27 03:00:00,0.0,13.3,1011.9,61.0,21.1,0.51433,210.0,5.4
2022-09-27 04:00:00,0.0,13.3,1012.0,70.0,18.9,0.442635,250.0,11.2
2022-09-27 05:00:00,0.0,12.9,1012.0,73.0,17.8,0.373364,290.0,7.6
2022-09-27 06:00:00,0.0,12.1,1011.9,83.0,15.0,0.313587,250.0,7.6
2022-09-27 07:00:00,0.0,11.7,1012.1,90.0,13.3,0.289652,270.0,5.4
2022-09-27 08:00:00,0.0,11.7,1011.8,90.0,13.3,0.274517,260.0,5.4
2022-09-27 09:00:00,0.0,11.7,1011.8,90.0,13.3,0.264305,260.0,5.4
2022-09-27 10:00:00,0.0,10.6,1011.6,93.0,11.7,0.253711,270.0,7.6
2022-09-27 11:00:00,0.0,11.1,1011.7,93.0,12.2,0.269789,2.0,9.4
2022-09-27 12:00:00,0.0,10.0,1011.9,96.0,10.6,0.308603,0.0,0.0
2022-09-27 13:00:00,0.0,9.4,1012.4,92.0,10.6,0.362019,0.0,0.0
2022-09-27 14:00:00,0.0,11.1,1012.6,93.0,12.2,0.418855,0.0,5.4
2022-09-27 15:00:00,0.0,11.1,1012.6,93.0,12.2,0.396742,310.0,5.4
2022-09-27 16:00:00,0.0,12.3,1012.9,78.0,16.1,0.363358,240.0,13.0
2022-09-27 17:00:00,0.0,12.7,1012.9,70.0,18.3,0.312008,4.0,13.0
2022-09-27 18:00:00,0.0,12.7,1012.5,63.0,20.0,0.288922,200.0,13.0
2022-09-27 19:00:00,0.0,12.7,1012.5,63.0,20.0,0.292336,200.0,13.0
2022-09-27 20:00:00,0.0,13.4,1012.0,52.0,23.9,0.294862,210.0,18.4
2022-09-27 21:00:00,0.0,13.4,1012.0,52.0,23.9,0.334852,230.0,18.4
2022-09-27 22:00:00,0.0,13.9,1011.8,52.0,24.4,0.351749,230.0,20.5
2022-09-27 23:00:00,0.0,13.3,1011.7,50.0,24.4,0.418955,230.0,16.6
2022-09-28 00:00:00,0.0,12.7,1011.5,48.0,24.4,0.488003,210.0,13.0
2022-09-28 01:00:00,0.0,12.7,1011.5,55.0,22.2,0.529938,200.0,14.8
2022-09-28 02:00:00,0.0,11.1,1011.9,65.0,17.8,0.500877,220.0,29.5
2022-09-28 03:00:00,0.0,10.7,1013.3,81.0,13.9,0.469442,240.0,16.6
2022-09-28 04:00:00,0.0,9.9,1014.0,77.0,13.9,0.417747,230.0,13.0
2022-09-28 05:00:00,0.0,9.9,1014.0,77.0,13.9,0.362084,230.0,13.0
2022-09-28 06:00:00,0.0,9.9,1014.4,80.0,13.3,0.311148,140.0,9.4
2022-09-28 07:00:00,0.0,9.9,1014.3,86.0,12.2,0.279635,110.0,7.6
2022-09-28 08:00:00,0.0,9.9,1014.1,86.0,12.2,0.266452,0.0,0.0
2022-09-28 09:00:00,0.0,9.4,1014.5,92.0,10.6,0.26663,230.0,5.4
2022-09-28 10:00:00,0.0,9.4,1014.5,92.0,10.6,0.26776,230.0,5.4
2022-09-28 11:00:00,0.0,10.0,1014.3,93.0,11.1,0.272383,80.0,5.4
2022-09-28 12:00:00,0.0,10.6,1014.4,93.0,11.7,0.316637,50.0,5.4
2022-09-28 13:00:00,0.6,10.6,1014.4,93.0,11.7,0.376198,50.0,5.4
2022-09-28 14:00:00,1.0,11.1,1015.0,96.0,11.7,0.410714,350.0,5.4
2022-09-28 15:00:00,0.2,12.2,1015.5,100.0,12.2,0.419823,0.0,0.0
2022-09-28 16:00:00,2.3,12.8,1016.4,100.0,12.8,0.421374,0.0,0.0
2022-09-28 17:00:00,1.0,12.8,1016.4,93.0,13.9,0.389086,0.0,0.0
2022-09-28 18:00:00,0.0,14.5,1015.9,84.0,17.2,0.3234,160.0,9.4
2022-09-28 19:00:00,0.0,14.5,1015.9,84.0,17.2,0.335482,160.0,9.4
2022-09-28 20:00:00,0.0,14.0,1015.3,71.0,19.4,0.29146,150.0,16.6
2022-09-28 21:00:00,0.0,13.2,1015.1,65.0,20.0,0.353715,170.0,20.5
2022-09-28 22:00:00,0.0,13.2,1015.2,65.0,20.0,0.398255,180.0,13.0
2022-09-28 23:00:00,0.0,13.2,1015.2,65.0,20.0,0.420338,180.0,13.0
2022-09-29 00:00:00,0.0,12.7,1015.2,63.0,20.0,0.45628,170.0,16.6
2022-09-29 01:00:00,0.9,12.7,1015.3,70.0,18.3,0.465147,190.0,9.4
2022-09-29 02:00:00,0.0,13.3,1016.0,86.0,15.6,0.464634,200.0,7.6
2022-09-29 03:00:00,1.0,13.3,1015.9,86.0,15.6,0.414589,120.0,7.6
2022-09-29 04:00:00,0.3,13.3,1015.9,86.0,15.6,0.384347,120.0,7.6
2022-09-29 05:00:00,0.0,13.4,1016.2,90.0,15.0,0.324571,140.0,11.2
2022-09-29 06:00:00,0.3,13.3,1016.1,86.0,15.6,0.285867,140.0,11.2
2022-09-29 07:00:00,0.0,13.3,1016.1,86.0,15.6,0.268048,140.0,11.2
2022-09-29 08:00:00,0.4,14.0,1016.0,90.0,15.6,0.259521,190.0,11.2
2022-09-29 09:00:00,0.0,13.4,1016.5,90.0,15.0,0.254673,160.0,16.6
2022-09-29 10:00:00,0.0,13.4,1016.5,90.0,15.0,0.252919,160.0,16.6
2022-09-29 11:00:00,0.5,13.3,1016.8,86.0,15.6,0.267039,160.0,14.8
2022-09-29 12:00:00,0.3,14.0,1016.8,90.0,15.6,0.307592,4.0,14.8
2022-09-29 13:00:00,0.5,14.5,1017.3,93.0,15.6,0.362833,190.0,20.5
2022-09-29 14:00:00,0.3,14.5,1017.7,93.0,15.6,0.405521,200.0,14.8
2022-09-29 15:00:00,0.0,15.0,1019.4,96.0,15.6,0.415629,200.0,14.8
2022-09-29 16:00:00,0.0,15.6,1020.1,93.0,16.7,0.405127,210.0,9.4
2022-09-29 17:00:00,0.0,15.5,1020.7,90.0,17.2,0.389175,220.0,16.6
2022-09-29 18:00:00,0.0,15.6,1020.8,81.0,18.9,0.349754,210.0,9.4
2022-09-29 19:00:00,0.0,15.6,1020.8,81.0,18.9,0.375157,210.0,9.4
2022-09-29 20:00:00,0.0,15.0,1020.9,73.0,20.0,0.400149,0.0,5.4
2022-09-29 21:00:00,0.0,15.0,1020.9,73.0,20.0,0.30536,210.0,5.4
2022-09-29 22:00:00,0.0,14.9,1020.9,70.0,20.6,0.349529,10.0,7.6
2022-09-29 23:00:00,0.0,15.0,1021.2,73.0,20.0,0.446747,350.0,9.4
2022-09-30 00:00:00,0.0,14.9,1021.4,70.0,20.6,0.444445,330.0,7.6
2022-09-30 01:00:00,0.0,15.0,1021.5,78.0,18.9,0.457418,0.0,0.0
2022-09-30 02:00:00,0.0,15.1,1022.0,90.0,16.7,0.452185,0.0,0.0
2022-09-30 03:00:00,0.0,14.5,1022.2,90.0,16.1,0.437157,320.0,5.4
2022-09-30 04:00:00,0.0,13.3,1022.4,93.0,14.4,0.414593,320.0,7.6
2022-09-30 05:00:00,0.0,13.3,1022.4,93.0,14.4,0.369582,320.0,7.6
2022-09-30 06:00:00,0.0,11.7,1022.4,97.0,12.2,0.318225,360.0,5.4
2022-09-30 07:00:00,0.0,11.7,1022.4,97.0,12.2,0.2908,360.0,5.4
2022-09-30 08:00:00,0.0,11.1,1022.0,96.0,11.7,0.268695,0.0,0.0
2022-09-30 09:00:00,0.0,10.6,1022.0,100.0,10.6,0.265634,0.0,5.4
2022-09-30 10:00:00,0.0,8.9,1022.5,100.0,8.9,0.267366,0.0,0.0
2022-09-30 11:00:00,0.0,8.9,1022.5,100.0,8.9,0.270701,0.0,0.0
2022-09-30 12:00:00,0.0,7.8,1022.0,100.0,7.8,0.303731,260.0,5.4
2022-09-30 13:00:00,0.0,8.9,1022.0,97.0,9.4,0.354707,0.0,0.0
2022-09-30 14:00:00,0.0,8.9,1022.0,100.0,8.9,0.394399,0.0,0.0
2022-09-30 15:00:00,0.0,10.0,1022.2,96.0,10.6,0.418867,310.0,5.4
2022-09-30 16:00:00,0.0,11.0,1022.0,89.0,12.8,0.427879,360.0,5.4
2022-09-30 17:00:00,0.0,12.3,1021.6,87.0,14.4,0.422764,340.0,7.6
2022-09-30 18:00:00,0.0,11.8,1020.9,78.0,15.6,0.400909,20.0,11.2
2022-09-30 19:00:00,0.0,11.8,1020.9,78.0,15.6,0.402656,20.0,11.2
2022-09-30 20:00:00,0.0,12.1,1020.2,72.0,17.2,0.255315,80.0,9.4
2022-09-30 21:00:00,0.0,13.2,1017.9,65.0,20.0,0.241822,70.0,5.4
2022-09-30 22:00:00,0.0,12.8,1017.0,57.0,21.7,0.289758,10.0,5.4
2022-09-30 23:00:00,0.0,12.7,1016.2,53.0,22.8,0.345345,2.0,5.4
2022-10-01 00:00:00,0.0,12.7,1016.2,53.0,22.8,0.409796,10.0,7.6
2022-10-01 01:00:00,0.0,14.0,1015.4,71.0,19.4,0.438817,0.0,0.0
2022-10-01 02:00:00,0.0,13.9,1015.6,81.0,17.2,0.428667,0.0,0.0
2022-10-01 03:00:00,0.0,12.7,1015.8,83.0,15.6,0.402015,0.0,0.0
2022-10-01 04:00:00,0.0,12.7,1015.8,83.0,15.6,0.374165,0.0,0.0
2022-10-01 05:00:00,0.0,12.7,1015.7,83.0,15.6,0.340763,340.0,11.2
2022-10-01 06:00:00,0.0,11.7,1016.0,84.0,14.4,0.31694,10.0,5.4
2022-10-01 07:00:00,0.0,10.6,1015.7,90.0,12.2,0.285141,280.0,5.4
2022-10-01 08:00:00,0.0,11.8,1015.2,87.0,13.9,0.260738,330.0,9.4
2022-10-01 09:00:00,0.0,11.8,1015.2,87.0,13.9,0.249812,330.0,9.4
2022-10-01 10:00:00,0.0,11.2,1014.8,81.0,14.4,0.240285,360.0,13.0
2022-10-01 11:00:00,0.0,11.2,1014.5,75.0,15.6,0.233043,350.0,16.6
2022-10-01 12:00:00,0.0,11.2,1014.6,75.0,15.6,0.255088,350.0,18.4
2022-10-01 13:00:00,0.0,11.2,1014.6,78.0,15.0,0.288379,20.0,18.4
2022-10-01 14:00:00,0.0,11.2,1014.6,78.0,15.0,0.344872,20.0,18.4
2022-10-01 15:00:00,0.0,12.2,1014.6,63.0,19.4,0.373259,10.0,16.6
2022-10-01 16:00:00,0.0,12.2,1014.2,63.0,19.4,0.350383,10.0,16.6
2022-10-01 17:00:00,0.0,12.3,1013.7,50.0,23.3,0.297362,20.0,18.4
2022-10-01 18:00:00,0.0,12.3,1013.7,50.0,23.3,0.27328,20.0,18.4
2022-10-01 19:00:00,0.0,11.6,1012.7,39.0,26.7,0.26505,30.0,20.5
2022-10-01 20:00:00,0.0,10.9,1011.9,35.0,27.8,0.261452,40.0,20.5
2022-10-01 21:00:00,0.0,11.0,1011.1,33.0,28.9,0.289735,20.0,24.1
2022-10-01 22:00:00,0.0,11.0,1010.5,32.0,29.4,0.336208,20.0,22.3
2022-10-01 23:00:00,0.0,10.6,1010.2,32.0,28.9,0.417261,7.0,22.3
2022-10-02 00:00:00,0.0,10.6,1010.2,32.0,28.9,0.47181,20.0,24.1
2022-10-02 01:00:00,0.0,10.9,1010.1,35.0,27.8,0.483349,20.0,18.4
2022-10-02 02:00:00,0.0,11.8,1010.5,50.0,22.8,0.453938,4.0,11.2
2022-10-02 03:00:00,0.0,11.8,1010.5,50.0,22.8,0.425893,360.0,13.0
2022-10-02 04:00:00,0.0,11.8,1010.8,57.0,20.6,0.408164,350.0,13.0
2022-10-02 05:00:00,0.0,12.3,1010.8,61.0,20.0,0.367843,4.0,13.0
2022-10-02 06:00:00,0.0,12.3,1010.9,68.0,18.3,0.315952,340.0,13.0
2022-10-02 07:00:00,0.0,12.3,1010.9,68.0,18.3,0.288838,330.0,14.8
2022-10-02 08:00:00,0.0,12.3,1010.9,68.0,18.3,0.266317,330.0,14.8
2022-10-02 09:00:00,0.0,11.7,1011.0,70.0,17.2,0.252699,350.0,13.0
2022-10-02 10:00:00,0.0,11.8,1011.1,78.0,15.6,0.244394,350.0,11.2
2022-10-02 11:00:00,0.0,10.6,1011.3,78.0,14.4,0.234955,2.0,11.2
2022-10-02 12:00:00,0.0,10.6,1011.8,90.0,12.2,0.254658,0.0,0.0
2022-10-02 13:00:00,0.0,10.6,1011.8,90.0,12.2,0.26705,0.0,0.0
2022-10-02 14:00:00,0.0,10.6,1012.9,97.0,11.1,0.301642,250.0,5.4
2022-10-02 15:00:00,0.0,12.1,1013.2,83.0,15.0,0.329846,240.0,5.4
2022-10-02 16:00:00,0.0,12.9,1013.6,66.0,19.4,0.296597,0.0,0.0
2022-10-02 17:00:00,0.0,13.3,1013.6,55.0,22.8,0.27442,0.0,0.0
2022-10-02 18:00:00,0.0,13.3,1013.6,55.0,22.8,0.259498,0.0,0.0
2022-10-02 19:00:00,0.0,13.2,1013.4,42.0,27.2,0.267269,0.0,5.4
2022-10-02 20:00:00,0.0,12.6,1013.1,38.0,28.3,0.287101,18.0,5.4
2022-10-02 21:00:00,0.0,12.6,1013.1,38.0,28.3,0.329924,353.0,5.4
2022-10-02 22:00:00,0.0,11.5,1012.5,32.0,30.0,0.384992,350.0,5.4
2022-10-02 23:00:00,0.0,11.5,1012.5,32.0,30.0,0.464622,1.0,5.4
2022-10-03 00:00:00,0.0,10.5,1012.4,29.0,30.6,0.527114,230.0,5.4
2022-10-03 01:00:00,0.0,14.4,1013.0,44.0,27.8,0.540036,240.0,14.8
2022-10-03 02:00:00,0.0,13.3,1013.6,70.0,18.9,0.521475,250.0,14.8
2022-10-03 03:00:00,0.0,13.3,1013.6,70.0,18.9,0.471824,250.0,14.8
2022-10-03 04:00:00,0.0,12.1,1014.6,83.0,15.0,0.414325,260.0,14.8
2022-10-03 05:00:00,0.0,11.7,1014.9,84.0,14.4,0.349817,270.0,13.0
2022-10-03 06:00:00,0.0,11.8,1015.3,87.0,13.9,0.295323,260.0,13.0
2022-10-03 07:00:00,0.0,11.1,1015.8,93.0,12.2,0.276674,250.0,9.4
2022-10-03 08:00:00,0.0,11.1,1015.8,93.0,12.2,0.261372,250.0,9.4
2022-10-03 09:00:00,0.0,11.1,1016.5,96.0,11.7,0.250247,260.0,11.2
2022-10-03 10:00:00,0.0,10.6,1016.6,93.0,11.7,0.249144,260.0,9.4
2022-10-03 11:00:00,0.0,10.6,1016.7,97.0,11.1,0.253215,0.0,9.4
2022-10-03 12:00:00,0.0,10.6,1016.7,97.0,11.1,0.306607,0.0,0.0
2022-10-03 13:00:00,0.0,8.3,1017.2,96.0,8.9,0.353117,0.0,0.0
2022-10-03 14:00:00,0.0,10.6,1018.3,100.0,10.6,0.402783,0.0,0.0
2022-10-03 15:00:00,0.0,11.1,1018.5,100.0,11.1,0.413275,240.0,11.2
2022-10-03 16:00:00,0.0,11.1,1018.5,100.0,11.1,0.413773,240.0,11.2
2022-10-03 17:00:00,0.0,12.3,1018.5,90.0,13.9,0.391825,0.0,0.0
2022-10-03 18:00:00,0.0,12.2,1018.5,80.0,15.6,0.272676,0.0,0.0
2022-10-03 19:00:00,0.0,13.2,1017.7,65.0,20.0,0.254976,0.0,0.0
2022-10-03 20:00:00,0.0,13.2,1017.0,53.0,23.3,0.263948,0.0,7.6
2022-10-03 21:00:00,0.0,13.2,1017.0,53.0,23.3,0.289179,320.0,7.6
2022-10-03 22:00:00,0.0,12.8,1015.8,45.0,25.6,0.344614,140.0,5.4
2022-10-03 23:00:00,0.0,12.8,1015.8,45.0,25.6,0.421352,140.0,5.4
2022-10-04 00:00:00,0.0,12.8,1015.6,45.0,25.6,0.495544,0.0,0.0
2022-10-04 01:00:00,0.0,13.8,1015.4,48.0,25.6,0.506857,0.0,0.0
2022-10-04 02:00:00,0.0,12.8,1016.2,81.0,16.1,0.489576,220.0,7.6
2022-10-04 03:00:00,0.0,12.8,1016.2,81.0,16.1,0.461048,230.0,7.6
2022-10-04 04:00:00,0.0,11.2,1017.2,87.0,13.3,0.406251,250.0,14.8
2022-10-04 05:00:00,0.0,11.0,1017.5,89.0,12.8,0.353956,3.0,14.8
2022-10-04 06:00:00,0.0,11.1,1017.6,93.0,12.2,0.306844,240.0,11.2
2022-10-04 07:00:00,0.0,10.6,1017.5,93.0,11.7,0.273001,240.0,7.6
2022-10-04 08:00:00,0.0,10.6,1017.5,93.0,11.7,0.252064,240.0,7.6
2022-10-04 09:00:00,0.0,10.0,1017.5,96.0,10.6,0.249563,250.0,7.6
2022-10-04 10:00:00,0.0,8.3,1017.5,93.0,9.4,0.249694,0.0,0.0
2022-10-04 11:00:00,0.0,8.3,1017.5,93.0,9.4,0.25315,0.0,0.0
2022-10-04 12:00:00,0.0,8.3,1017.6,96.0,8.9,0.30035,0.0,0.0
2022-10-04 13:00:00,0.0,9.4,1017.8,92.0,10.6,0.356415,0.0,0.0
2022-10-04 14:00:00,0.0,11.1,1018.5,100.0,11.1,0.401607,0.0,0.0
2022-10-04 15:00:00,0.0,11.1,1018.9,96.0,11.7,0.40994,0.0,0.0
2022-10-04 16:00:00,0.0,11.1,1018.9,96.0,11.7,0.425608,0.0,0.0
2022-10-04 17:00:00,0.0,11.0,1019.0,89.0,12.8,0.431269,0.0,0.0
2022-10-04 18:00:00,0.0,11.0,1019.0,89.0,12.8,0.425642,0.0,0.0
2022-10-04 19:00:00,0.0,11.8,1018.6,87.0,13.9,0.424673,200.0,9.4
2022-10-04 20:00:00,0.0,12.1,1018.2,83.0,15.0,0.399001,200.0,0.0
2022-10-04 21:00:00,0.0,12.1,1018.2,83.0,15.0,0.304986,0.0,0.0
2022-10-04 22:00:00,0.0,12.8,1017.6,78.0,16.7,0.295849,0.0,5.4
2022-10-04 23:00:00,0.0,13.3,1017.0,70.0,18.9,0.363659,0.0,0.0
2022-10-05 00:00:00,0.0,13.3,1016.9,68.0,19.4,0.434283,0.0,0.0
2022-10-05 01:00:00,0.0,13.4,1017.5,84.0,16.1,0.4609,190.0,9.4
2022-10-05 02:00:00,0.0,12.3,1018.2,87.0,14.4,0.459186,190.0,11.2
2022-10-05 03:00:00,0.0,12.3,1018.2,87.0,14.4,0.434322,220.0,11.2
2022-10-05 04:00:00,0.0,11.1,1019.2,93.0,12.2,0.392432,260.0,5.4
2022-10-05 05:00:00,0.0,11.1,1019.4,96.0,11.7,0.332914,250.0,5.4
2022-10-05 06:00:00,0.0,11.1,1019.6,93.0,12.2,0.289124,300.0,5.4
2022-10-05 07:00:00,0.0,11.1,1019.6,93.0,12.2,0.271167,300.0,5.4
2022-10-05 08:00:00,0.0,8.9,1020.1,93.0,10.0,0.262731,0.0,0.0
2022-10-05 09:00:00,0.0,8.9,1020.4,97.0,9.4,0.251015,0.0,0.0
2022-10-05 10:00:00,0.0,8.9,1020.4,97.0,9.4,0.249796,0.0,0.0
2022-10-05 11:00:00,0.0,11.1,1020.5,100.0,11.1,0.258966,0.0,0.0
2022-10-05 12:00:00,0.0,11.1,1020.5,100.0,11.1,0.310044,0.0,0.0
2022-10-05 13:00:00,0.0,11.7,1020.8,100.0,11.7,0.362106,0.0,0.0
2022-10-05 14:00:00,0.0,11.7,1020.8,100.0,11.7,0.414454,0.0,0.0
2022-10-05 15:00:00,0.0,11.7,1020.9,97.0,12.2,0.422472,300.0,7.6
2022-10-05 16:00:00,0.0,12.2,1021.2,96.0,12.8,0.44347,310.0,5.4
2022-10-05 17:00:00,0.0,13.3,1021.3,93.0,14.4,0.440708,340.0,7.6
2022-10-05 18:00:00,0.0,13.4,1021.2,84.0,16.1,0.432753,360.0,7.6
2022-10-05 19:00:00,0.0,13.4,1021.2,84.0,16.1,0.402413,360.0,7.6
2022-10-05 20:00:00,0.0,13.2,1020.0,80.0,16.7,0.305577,330.0,7.6
2022-10-05 21:00:00,0.0,14.4,1019.6,73.0,19.4,0.246757,140.0,5.4
2022-10-05 22:00:00,0.0,14.4,1019.6,73.0,19.4,0.283729,140.0,5.4
2022-10-05 23:00:00,0.0,14.4,1018.7,70.0,20.0,0.345554,150.0,9.4
2022-10-06 00:00:00,0.0,14.4,1018.5,70.0,20.0,0.425398,110.0,7.6
2022-10-06 01:00:00,0.0,13.9,1018.4,81.0,17.2,0.481871,120.0,11.2
2022-10-06 02:00:00,0.0,13.4,1018.9,90.0,15.0,0.466804,120.0,5.4
2022-10-06 03:00:00,0.0,13.4,1018.9,90.0,15.0,0.439967,120.0,5.4
2022-10-06 04:00:00,0.0,11.7,1019.5,100.0,11.7,0.390656,0.0,0.0
2022-10-06 05:00:00,0.0,11.7,1019.5,100.0,11.7,0.339665,0.0,0.0
2022-10-06 06:00:00,0.0,11.1,1019.5,96.0,11.7,0.282293,0.0,0.0
2022-10-06 07:00:00,0.0,10.6,1019.7,100.0,10.6,0.266393,0.0,0.0
2022-10-06 08:00:00,0.0,10.6,1019.7,100.0,10.6,0.254519,0.0,0.0
2022-10-06 09:00:00,0.0,10.6,1019.7,100.0,10.6,0.250148,0.0,0.0
2022-10-06 10:00:00,0.0,10.0,1020.0,100.0,10.0,0.251893,0.0,0.0
2022-10-06 11:00:00,0.0,11.1,1019.5,100.0,11.1,0.269497,0.0,0.0
2022-10-06 12:00:00,0.0,11.1,1019.5,100.0,11.1,0.306793,0.0,0.0
2022-10-06 13:00:00,0.0,11.7,1019.6,100.0,11.7,0.361253,0.0,0.0
2022-10-06 14:00:00,0.0,11.7,1019.6,100.0,11.7,0.412195,0.0,0.0
2022-10-06 15:00:00,0.0,12.2,1019.9,100.0,12.2,0.418487,0.0,5.4
2022-10-06 16:00:00,0.0,12.8,1020.1,100.0,12.8,0.430725,0.0,0.0
2022-10-06 17:00:00,0.0,12.8,1020.2,97.0,13.3,0.426294,0.0,0.0
2022-10-06 18:00:00,0.0,13.3,1019.8,86.0,15.6,0.385243,0.0,0.0
2022-10-06 19:00:00,0.0,14.0,1019.3,76.0,18.3,0.304464,0.0,0.0
2022-10-06 20:00:00,0.0,13.9,1018.5,68.0,20.0,0.251767,90.0,5.4
2022-10-06 21:00:00,0.0,13.9,1018.5,68.0,20.0,0.270625,90.0,5.4
2022-10-06 22:00:00,0.0,14.3,1017.1,57.0,23.3,0.323316,160.0,5.4
2022-10-06 23:00:00,0.0,14.3,1016.7,55.0,23.9,0.390212,0.0,0.0
2022-10-07 00:00:00,0.0,15.1,1016.5,64.0,22.2,0.466006,130.0,9.4
2022-10-07 01:00:00,0.0,15.1,1016.8,64.0,22.2,0.48833,110.0,9.4
2022-10-07 02:00:00,0.0,14.4,1016.8,78.0,18.3,0.467866,110.0,9.4
2022-10-07 03:00:00,0.0,13.9,1018.2,87.0,16.1,0.438256,90.0,9.4
2022-10-07 04:00:00,0.0,12.8,1018.7,93.0,13.9,0.395283,0.0,0.0
2022-10-07 05:00:00,0.0,12.8,1019.3,93.0,13.9,0.347662,0.0,0.0
2022-10-07 06:00:00,0.0,12.2,1019.7,93.0,13.3,0.313563,0.0,0.0
2022-10-07 07:00:00,0.0,12.2,1019.7,93.0,13.3,0.272883,0.0,0.0
2022-10-07 08:00:00,0.0,10.0,1020.4,100.0,10.0,0.256028,0.0,0.0
2022-10-07 09:00:00,0.0,10.0,1020.4,100.0,10.0,0.250344,0.0,0.0
2022-10-07 10:00:00,0.0,10.0,1020.7,96.0,10.6,0.24975,0.0,0.0
2022-10-07 11:00:00,0.0,10.0,1020.9,96.0,10.6,0.249566,0.0,0.0
2022-10-07 12:00:00,0.0,8.9,1021.2,97.0,9.4,0.295055,0.0,0.0
2022-10-07 13:00:00,0.0,10.0,1021.5,96.0,10.6,0.327642,0.0,0.0
2022-10-07 14:00:00,0.0,10.6,1022.5,100.0,10.6,0.393493,300.0,0.0
2022-10-07 15:00:00,0.0,11.1,1022.7,100.0,11.1,0.407344,0.0,0.0
2022-10-07 16:00:00,0.0,11.1,1022.7,100.0,11.1,0.425563,0.0,0.0
2022-10-07 17:00:00,0.0,12.8,1022.8,97.0,13.3,0.397823,0.0,0.0
2022-10-07 18:00:00,0.0,14.0,1022.2,84.0,16.7,0.334379,0.0,0.0
2022-10-07 19:00:00,0.0,14.5,1021.3,66.0,21.1,0.278578,0.0,0.0
2022-10-07 20:00:00,0.0,14.4,1020.2,59.0,22.8,0.272529,200.0,5.4
2022-10-07 21:00:00,0.0,14.4,1020.2,59.0,22.8,0.290224,200.0,5.4
2022-10-07 22:00:00,0.0,14.4,1018.9,50.0,25.6,0.353437,0.0,0.0
2022-10-07 23:00:00,0.0,14.9,1018.6,50.0,26.1,0.414651,2.0,0.0
2022-10-08 00:00:00,0.0,15.7,1018.3,60.0,23.9,0.469201,130.0,7.6
2022-10-08 01:00:00,0.0,15.7,1018.5,60.0,23.9,0.487331,0.0,0.0
2022-10-08 02:00:00,0.0,15.6,1018.5,73.0,20.6,0.454539,0.0,0.0
2022-10-08 03:00:00,0.0,13.9,1019.4,93.0,15.0,0.418935,0.0,0.0
2022-10-08 04:00:00,0.0,12.8,1019.6,90.0,14.4,0.391704,0.0,0.0
2022-10-08 05:00:00,0.0,13.3,1019.9,86.0,15.6,0.344047,3.0,0.0
2022-10-08 06:00:00,0.0,12.8,1020.2,90.0,14.4,0.296739,300.0,5.4
2022-10-08 07:00:00,0.0,12.8,1020.2,90.0,14.4,0.275644,300.0,5.4
2022-10-08 08:00:00,0.0,11.0,1020.2,89.0,12.8,0.254157,0.0,0.0
2022-10-08 09:00:00,0.0,10.6,1020.5,97.0,11.1,0.249259,0.0,0.0
2022-10-08 10:00:00,0.0,10.6,1020.5,97.0,11.1,0.245384,0.0,0.0
2022-10-08 11:00:00,0.0,10.6,1020.5,97.0,11.1,0.249831,0.0,0.0
2022-10-08 12:00:00,0.0,7.9,1021.0,97.0,8.3,0.264072,0.0,0.0
2022-10-08 13:00:00,0.0,7.2,1020.6,100.0,7.2,0.290424,0.0,0.0
2022-10-08 14:00:00,0.0,7.2,1020.7,93.0,8.3,0.345871,0.0,0.0
2022-10-08 15:00:00,0.0,10.6,1021.1,97.0,11.1,0.367752,0.0,0.0
2022-10-08 16:00:00,0.0,10.6,1021.1,97.0,11.1,0.337506,0.0,0.0
2022-10-08 17:00:00,0.0,13.3,1020.7,78.0,17.2,0.275245,0.0,0.0
2022-10-08 18:00:00,0.0,13.9,1020.0,68.0,20.0,0.24913,0.0,5.4
2022-10-08 19:00:00,0.0,13.9,1020.0,68.0,20.0,0.256817,16.0,5.4
2022-10-08 20:00:00,0.0,14.6,1018.3,49.0,26.1,0.264834,0.0,0.0
2022-10-08 21:00:00,0.0,14.6,1018.3,49.0,26.1,0.284995,0.0,0.0
2022-10-08 22:00:00,0.0,12.4,1016.8,34.0,30.0,0.35617,0.0,9.4
2022-10-08 23:00:00,0.0,12.9,1016.4,35.0,30.0,0.424154,70.0,5.4
2022-10-09 00:00:00,0.0,12.3,1016.2,36.0,28.9,0.492417,0.0,0.0
2022-10-09 01:00:00,0.0,12.3,1016.4,36.0,28.9,0.487184,90.0,5.4
2022-10-09 02:00:00,0.0,13.8,1016.4,59.0,22.2,0.475878,90.0,5.4
2022-10-09 03:00:00,0.0,13.3,1017.1,75.0,17.8,0.426119,0.0,0.0
2022-10-09 04:00:00,0.0,12.7,1017.5,83.0,15.6,0.395115,0.0,0.0
2022-10-09 05:00:00,0.0,12.3,1017.7,90.0,13.9,0.355747,2.0,0.0
2022-10-09 06:00:00,0.0,12.3,1017.7,90.0,13.9,0.311752,310.0,5.4
2022-10-09 07:00:00,0.0,11.0,1017.7,89.0,12.8,0.292635,0.0,0.0
2022-10-09 08:00:00,0.0,10.0,1017.8,93.0,11.1,0.27597,0.0,0.0
2022-10-09 09:00:00,0.0,10.0,1018.1,93.0,11.1,0.252457,0.0,0.0
2022-10-09 10:00:00,0.0,10.0,1018.1,93.0,11.1,0.251726,0.0,0.0
2022-10-09 11:00:00,0.0,8.9,1018.2,97.0,9.4,0.250062,0.0,0.0
2022-10-09 12:00:00,0.0,8.9,1019.0,100.0,8.9,0.249806,0.0,0.0
2022-10-09 13:00:00,0.0,8.3,1019.0,100.0,8.3,0.268883,0.0,0.0
2022-10-09 14:00:00,0.0,7.8,1019.0,100.0,7.8,0.307429,0.0,0.0
2022-10-09 15:00:00,0.0,8.3,1019.3,100.0,8.3,0.3451,0.0,0.0
2022-10-09 16:00:00,0.0,10.6,1019.7,97.0,11.1,0.327544,0.0,0.0
2022-10-09 17:00:00,0.0,12.3,1020.0,68.0,18.3,0.291694,0.0,0.0
2022-10-09 18:00:00,0.0,13.3,1019.5,61.0,21.1,0.26517,0.0,0.0
2022-10-09 19:00:00,0.0,12.7,1019.0,48.0,24.4,0.252467,0.0,5.4
2022-10-09 20:00:00,0.0,13.2,1018.3,45.0,26.1,0.281701,0.0,0.0
2022-10-09 21:00:00,0.0,13.2,1018.3,45.0,26.1,0.327562,0.0,0.0
2022-10-09 22:00:00,0.0,13.2,1017.0,38.0,28.9,0.36913,160.0,5.4
2022-10-09 23:00:00,0.0,13.2,1016.5,37.0,29.4,0.46355,0.0,5.4
2022-10-10 00:00:00,0.0,16.6,1016.2,56.0,26.1,0.520806,0.0,0.0
2022-10-10 01:00:00,0.0,16.6,1016.2,56.0,26.1,0.539795,0.0,0.0
2022-10-10 02:00:00,0.0,14.4,1016.8,63.0,21.7,0.516765,300.0,0.0
2022-10-10 03:00:00,0.0,14.0,1017.1,76.0,18.3,0.490489,0.0,0.0
2022-10-10 04:00:00,0.0,12.7,1017.2,83.0,15.6,0.431534,0.0,0.0
2022-10-10 05:00:00,0.0,12.8,1017.2,90.0,14.4,0.35754,0.0,0.0
2022-10-10 06:00:00,0.0,12.2,1017.6,93.0,13.3,0.321742,310.0,5.4
2022-10-10 07:00:00,0.0,10.5,1017.5,86.0,12.8,0.293814,320.0,5.4
2022-10-10 08:00:00,0.0,9.4,1017.6,89.0,11.1,0.267747,320.0,0.0
2022-10-10 09:00:00,0.0,8.8,1017.8,86.0,11.1,0.249471,0.0,0.0
2022-10-10 10:00:00,0.0,8.3,1018.0,96.0,8.9,0.250516,260.0,5.4
2022-10-10 11:00:00,0.0,8.3,1018.0,96.0,8.9,0.254801,260.0,5.4
2022-10-10 12:00:00,0.0,7.8,1018.2,93.0,8.9,0.295506,0.0,0.0
2022-10-10 13:00:00,0.0,7.8,1018.2,93.0,8.9,0.345589,0.0,0.0
2022-10-10 14:00:00,0.0,7.2,1019.1,96.0,7.8,0.420134,0.0,0.0
2022-10-10 15:00:00,0.0,10.6,1019.3,90.0,12.2,0.422552,340.0,5.4
2022-10-10 16:00:00,0.0,10.6,1019.3,90.0,12.2,0.39625,340.0,5.4
2022-10-10 17:00:00,0.0,12.3,1019.6,70.0,17.8,0.330972,2.0,5.4
2022-10-10 18:00:00,0.0,12.8,1018.8,61.0,20.6,0.312234,120.0,7.6
2022-10-10 19:00:00,0.0,13.2,1018.4,53.0,23.3,0.317751,220.0,5.4
2022-10-10 20:00:00,0.0,13.2,1018.4,53.0,23.3,0.360787,220.0,5.4
2022-10-10 21:00:00,0.0,12.8,1017.1,45.0,25.6,0.390221,100.0,5.4
2022-10-10 22:00:00,0.0,12.9,1016.7,44.0,26.1,0.428272,100.0,9.4
2022-10-10 23:00:00,0.0,12.2,1016.6,42.0,26.1,0.461301,0.0,9.4
2022-10-11 00:00:00,0.0,13.9,1016.6,52.0,24.4,0.52011,0.0,0.0
2022-10-11 01:00:00,0.0,13.9,1016.6,52.0,24.4,0.530339,0.0,0.0
2022-10-11 02:00:00,0.0,12.3,1017.7,57.0,21.1,0.499143,330.0,5.4
2022-10-11 03:00:00,0.0,12.9,1018.3,66.0,19.4,0.467377,330.0,11.2
2022-10-11 04:00:00,0.0,12.7,1018.6,83.0,15.6,0.417594,230.0,13.0
2022-10-11 05:00:00,0.0,12.1,1019.1,83.0,15.0,0.367502,250.0,11.2
2022-10-11 06:00:00,0.0,12.1,1019.1,83.0,15.0,0.305995,250.0,11.2
2022-10-11 07:00:00,0.0,12.2,1019.0,93.0,13.3,0.282064,270.0,7.6
2022-10-11 08:00:00,0.0,11.1,1019.2,96.0,11.7,0.266153,3.0,7.6
2022-10-11 09:00:00,0.0,11.1,1019.2,96.0,11.7,0.258796,250.0,9.4
2022-10-11 10:00:00,0.0,10.6,1020.0,93.0,11.7,0.240816,0.0,0.0
2022-10-11 11:00:00,0.0,9.9,1020.5,86.0,12.2,0.257319,310.0,11.2
2022-10-11 12:00:00,0.0,7.8,1021.4,83.0,10.6,0.296914,0.0,0.0
2022-10-11 13:00:00,0.0,7.8,1021.8,86.0,10.0,0.348441,0.0,0.0
2022-10-11 14:00:00,0.0,8.3,1022.3,89.0,10.0,0.419983,10.0,7.6
2022-10-11 15:00:00,0.0,8.3,1022.3,89.0,10.0,0.404433,10.0,7.6
2022-10-11 16:00:00,0.0,8.9,1022.5,72.0,13.9,0.365275,10.0,5.4
2022-10-11 17:00:00,0.0,8.8,1022.2,64.0,15.6,0.320777,3.0,5.4
2022-10-11 18:00:00,0.0,8.9,1022.0,60.0,16.7,0.282353,350.0,9.4
2022-10-11 19:00:00,0.0,8.8,1021.7,52.0,18.9,0.253219,350.0,9.4
2022-10-11 20:00:00,0.0,8.8,1021.7,52.0,18.9,0.267178,340.0,9.4
2022-10-11 21:00:00,0.0,7.7,1020.1,42.0,21.1,0.295323,340.0,11.2
2022-10-11 22:00:00,0.0,7.1,1019.6,39.0,21.7,0.349074,330.0,5.4
2022-10-11 23:00:00,0.0,8.0,1019.3,40.0,22.2,0.408317,20.0,13.0
2022-10-12 00:00:00,0.0,8.2,1019.2,42.0,21.7,0.479553,30.0,7.6
2022-10-12 01:00:00,0.0,8.2,1019.2,42.0,21.7,0.525588,30.0,7.6
2022-10-12 02:00:00,0.0,7.9,1019.8,65.0,14.4,0.489093,80.0,7.6
2022-10-12 03:00:00,0.0,8.9,1020.0,72.0,13.9,0.456899,0.0,0.0
2022-10-12 04:00:00,0.0,8.3,1020.4,77.0,12.2,0.402546,0.0,0.0
2022-10-12 05:00:00,0.0,7.2,1020.7,83.0,10.0,0.348109,0.0,0.0
2022-10-12 06:00:00,0.0,7.2,1020.7,83.0,10.0,0.295273,0.0,0.0
2022-10-12 07:00:00,0.0,8.3,1020.8,83.0,11.1,0.277918,0.0,0.0
2022-10-12 08:00:00,0.0,7.2,1020.8,89.0,8.9,0.266503,260.0,5.4
2022-10-12 09:00:00,0.0,6.1,1020.9,89.0,7.8,0.265479,0.0,0.0
2022-10-12 10:00:00,0.0,5.0,1020.8,89.0,6.7,0.268454,0.0,0.0
2022-10-12 11:00:00,0.0,5.0,1020.8,89.0,6.7,0.275463,0.0,0.0
2022-10-12 12:00:00,0.0,5.0,1021.1,96.0,5.6,0.320813,250.0,7.6
2022-10-12 13:00:00,0.0,5.7,1021.3,97.0,6.1,0.37441,0.0,0.0
2022-10-12 14:00:00,0.0,5.6,1021.4,93.0,6.7,0.42328,0.0,0.0
2022-10-12 15:00:00,0.0,5.6,1021.4,93.0,6.7,0.404145,0.0,0.0
2022-10-12 16:00:00,0.0,9.4,1022.1,80.0,12.8,0.366472,0.0,0.0
2022-10-12 17:00:00,0.0,10.0,1021.8,67.0,16.1,0.33211,0.0,0.0
2022-10-12 18:00:00,0.0,10.7,1021.3,59.0,18.9,0.294419,210.0,5.4
2022-10-12 19:00:00,0.0,11.1,1020.9,53.0,21.1,0.268312,210.0,5.4
2022-10-12 20:00:00,0.0,11.1,1020.9,53.0,21.1,0.267768,26.0,5.4
2022-10-12 21:00:00,0.0,10.7,1019.8,42.0,24.4,0.290302,0.0,0.0
2022-10-12 22:00:00,0.0,10.5,1019.3,40.0,25.0,0.348297,140.0,5.4
2022-10-12 23:00:00,0.0,11.0,1019.1,40.0,25.6,0.436963,120.0,5.4
2022-10-13 00:00:00,0.0,11.6,1019.0,46.0,23.9,0.505635,130.0,5.4
2022-10-13 01:00:00,0.0,11.6,1019.0,46.0,23.9,0.531219,130.0,5.4
2022-10-13 02:00:00,0.0,11.7,1019.3,61.0,19.4,0.506505,0.0,0.0
2022-10-13 03:00:00,0.0,11.2,1019.5,78.0,15.0,0.472057,0.0,0.0
2022-10-13 04:00:00,0.0,10.7,1019.9,84.0,13.3,0.410104,280.0,5.4
2022-10-13 05:00:00,0.0,8.9,1020.1,89.0,10.6,0.355462,0.0,0.0
2022-10-13 06:00:00,0.0,8.9,1020.1,89.0,10.6,0.310699,0.0,0.0
2022-10-13 07:00:00,0.0,7.9,1020.2,97.0,8.3,0.287304,0.0,0.0
2022-10-13 08:00:00,0.0,7.9,1020.2,97.0,8.3,0.278331,0.0,0.0
2022-10-13 09:00:00,0.0,7.2,1020.2,96.0,7.8,0.269248,0.0,0.0
2022-10-13 10:00:00,0.0,7.2,1020.2,96.0,7.8,0.268888,0.0,0.0
2022-10-13 11:00:00,0.0,6.1,1019.9,93.0,7.2,0.269485,0.0,0.0
2022-10-13 12:00:00,0.0,6.1,1019.9,93.0,7.2,0.309811,0.0,0.0
2022-10-13 13:00:00,0.0,5.7,1020.0,97.0,6.1,0.374592,0.0,0.0
2022-10-13 14:00:00,0.0,4.0,1020.4,97.0,4.4,0.452689,0.0,0.0
2022-10-13 15:00:00,0.0,6.1,1021.0,100.0,6.1,0.436452,0.0,0.0
2022-10-13 16:00:00,0.0,10.0,1020.9,83.0,12.8,0.384246,0.0,0.0
2022-10-13 17:00:00,0.0,10.0,1020.7,67.0,16.1,0.342827,0.0,0.0
2022-10-13 18:00:00,0.0,10.7,1020.2,53.0,20.6,0.306797,0.0,0.0
2022-10-13 19:00:00,0.0,10.7,1019.4,45.0,23.3,0.285961,0.0,0.0
2022-10-13 20:00:00,0.0,10.7,1019.4,45.0,23.3,0.299958,0.0,0.0
2022-10-13 21:00:00,0.0,11.2,1017.6,37.0,27.2,0.319866,90.0,5.4
2022-10-13 22:00:00,0.0,9.6,1016.8,30.0,28.9,0.37128,0.0,0.0
2022-10-13 23:00:00,0.0,9.5,1016.3,29.0,29.4,0.441662,2.0,0.0
2022-10-14 00:00:00,0.0,10.4,1015.7,35.0,27.2,0.4919,350.0,5.4
2022-10-14 01:00:00,0.0,10.4,1015.7,35.0,27.2,0.515869,350.0,5.4
2022-10-14 02:00:00,0.0,11.7,1016.1,63.0,18.9,0.480989,310.0,5.4
2022-10-14 03:00:00,0.0,9.4,1016.1,62.0,16.7,0.456192,0.0,0.0
2022-10-14 04:00:00,0.0,9.3,1016.3,74.0,13.9,0.400862,330.0,7.6
2022-10-14 05:00:00,0.0,9.3,1016.3,74.0,13.9,0.344466,330.0,7.6
2022-10-14 06:00:00,0.0,8.9,1016.2,89.0,10.6,0.305223,220.0,5.4
2022-10-14 07:00:00,0.0,8.9,1015.9,89.0,10.6,0.284023,0.0,0.0
2022-10-14 08:00:00,0.0,7.2,1016.1,89.0,8.9,0.267398,0.0,0.0
2022-10-14 09:00:00,0.0,7.8,1016.1,93.0,8.9,0.267388,0.0,0.0
2022-10-14 10:00:00,0.0,7.8,1016.1,93.0,8.9,0.266482,0.0,0.0
2022-10-14 11:00:00,0.0,5.1,1016.0,93.0,6.1,0.278629,0.0,0.0
2022-10-14 12:00:00,0.0,5.0,1015.9,100.0,5.0,0.322033,260.0,5.4
2022-10-14 13:00:00,0.0,5.1,1016.1,93.0,6.1,0.353395,0.0,0.0
2022-10-14 14:00:00,0.0,5.0,1016.0,96.0,5.6,0.422619,0.0,0.0
2022-10-14 15:00:00,0.0,5.0,1016.0,96.0,5.6,0.426073,0.0,0.0
2022-10-14 16:00:00,0.0,8.9,1015.9,72.0,13.9,0.3835,0.0,0.0
2022-10-14 17:00:00,0.0,9.4,1015.6,58.0,17.8,0.335142,0.0,0.0
2022-10-14 18:00:00,0.0,10.6,1015.0,51.0,21.1,0.318082,0.0,0.0
2022-10-14 19:00:00,0.0,10.6,1015.0,51.0,21.1,0.302569,0.0,0.0
2022-10-14 20:00:00,0.0,11.1,1013.3,39.0,26.1,0.309711,2.0,5.4
2022-10-14 21:00:00,0.0,10.4,1012.4,35.0,27.2,0.332455,100.0,7.6
2022-10-14 22:00:00,0.0,9.0,1011.8,28.0,29.4,0.384286,100.0,7.6
2022-10-14 23:00:00,0.0,8.6,1011.4,28.0,28.9,0.438922,5.0,18.4
2022-10-15 00:00:00,0.0,8.6,1011.4,28.0,28.9,0.478287,350.0,18.4
2022-10-15 01:00:00,0.0,7.8,1011.0,37.0,23.3,0.520905,20.0,13.0
2022-10-15 02:00:00,0.0,7.9,1011.2,41.0,21.7,0.472405,20.0,11.2
2022-10-15 03:00:00,0.0,7.7,1011.4,45.0,20.0,0.431388,360.0,11.2
2022-10-15 04:00:00,0.0,7.3,1011.5,52.0,17.2,0.398557,350.0,9.4
2022-10-15 05:00:00,0.0,7.3,1011.5,52.0,17.2,0.366148,350.0,9.4
2022-10-15 06:00:00,0.0,6.6,1011.6,64.0,13.3,0.319415,360.0,5.4
2022-10-15 07:00:00,0.0,7.2,1011.4,83.0,10.0,0.295045,0.0,0.0
2022-10-15 08:00:00,0.0,6.7,1011.3,77.0,10.6,0.273551,350.0,7.6
2022-10-15 09:00:00,0.0,6.6,1011.4,74.0,11.1,0.263651,340.0,7.6
2022-10-15 10:00:00,0.0,5.6,1011.3,66.0,11.7,0.258226,350.0,9.4
2022-10-15 11:00:00,0.0,5.6,1011.3,66.0,11.7,0.267128,350.0,9.4
2022-10-15 12:00:00,0.0,6.0,1011.3,55.0,15.0,0.275737,350.0,13.0
2022-10-15 13:00:00,0.0,6.0,1011.4,55.0,15.0,0.309441,350.0,11.2
2022-10-15 14:00:00,0.0,6.0,1011.4,55.0,15.0,0.359391,350.0,11.2
2022-10-15 15:00:00,0.0,6.2,1011.6,50.0,16.7,0.365111,350.0,13.0
2022-10-15 16:00:00,0.0,7.2,1011.7,45.0,19.4,0.357012,330.0,18.4
2022-10-15 17:00:00,0.0,7.6,1011.6,33.0,25.0,0.305532,350.0,14.8
2022-10-15 18:00:00,0.0,7.1,1011.4,27.0,27.8,0.276295,40.0,18.4
2022-10-15 19:00:00,0.0,7.1,1011.4,27.0,27.8,0.272998,40.0,18.4
2022-10-15 20:00:00,0.0,6.5,1010.2,22.0,30.6,0.289747,10.0,22.3
2022-10-15 21:00:00,0.0,7.5,1009.4,23.0,31.1,0.318115,40.0,22.3
2022-10-15 22:00:00,0.0,7.5,1009.3,23.0,31.1,0.388745,20.0,20.5
2022-10-15 23:00:00,0.0,7.7,1009.1,24.0,30.6,0.457539,5.0,20.5
2022-10-16 00:00:00,0.0,7.7,1009.1,24.0,30.6,0.516406,360.0,16.6
2022-10-16 01:00:00,0.0,7.1,1009.4,28.0,27.2,0.497033,360.0,14.8
2022-10-16 02:00:00,0.0,6.1,1009.9,33.0,23.3,0.477594,5.0,14.8
2022-10-16 03:00:00,0.0,6.0,1010.3,35.0,22.2,0.442481,340.0,18.4
2022-10-16 04:00:00,0.0,6.2,1010.5,38.0,21.1,0.422208,340.0,14.8
2022-10-16 05:00:00,0.0,6.2,1010.5,38.0,21.1,0.375797,340.0,14.8
2022-10-16 06:00:00,0.0,6.2,1010.9,42.0,19.4,0.337843,340.0,14.8
2022-10-16 07:00:00,0.0,6.0,1011.0,43.0,18.9,0.311463,340.0,16.6
2022-10-16 08:00:00,0.0,6.7,1011.1,45.0,18.9,0.284222,340.0,14.8
2022-10-16 09:00:00,0.0,6.7,1011.3,45.0,18.9,0.269479,350.0,14.8
2022-10-16 10:00:00,0.0,6.7,1011.3,45.0,18.9,0.249644,350.0,14.8
2022-10-16 11:00:00,0.0,6.8,1011.3,52.0,16.7,0.251208,4.0,13.0
2022-10-16 12:00:00,0.0,6.2,1011.4,52.0,16.1,0.266233,350.0,13.0
2022-10-16 13:00:00,0.0,6.2,1011.5,52.0,16.1,0.282854,330.0,11.2
2022-10-16 14:00:00,0.0,6.2,1011.5,52.0,16.1,0.307711,330.0,11.2
2022-10-16 15:00:00,0.0,7.9,1012.3,72.0,12.8,0.344543,250.0,7.6
2022-10-16 16:00:00,0.0,8.9,1012.7,60.0,16.7,0.334742,250.0,13.0
2022-10-16 17:00:00,0.0,10.1,1013.0,53.0,20.0,0.290016,260.0,13.0
2022-10-16 18:00:00,0.0,10.5,1013.1,49.0,21.7,0.261377,240.0,16.6
2022-10-16 19:00:00,0.0,10.5,1013.1,49.0,21.7,0.251208,240.0,16.6
2022-10-16 20:00:00,0.0,9.9,1012.8,40.0,24.4,0.277977,220.0,24.1
2022-10-16 21:00:00,0.0,11.6,1012.8,46.0,23.9,0.286872,220.0,24.1
2022-10-16 22:00:00,0.0,12.1,1013.1,51.0,22.8,0.342259,220.0,24.1
2022-10-16 23:00:00,0.0,11.7,1013.6,55.0,21.1,0.415428,220.0,24.1
2022-10-17 00:00:00,0.0,11.7,1013.6,55.0,21.1,0.479015,220.0,24.1
2022-10-17 01:00:00,0.0,11.2,1014.9,70.0,16.7,0.497226,220.0,20.5
2022-10-17 02:00:00,0.0,11.2,1016.0,75.0,15.6,0.512659,220.0,14.8
2022-10-17 03:00:00,0.0,10.6,1016.8,78.0,14.4,0.460574,220.0,9.4
2022-10-17 04:00:00,0.0,10.0,1017.2,83.0,12.8,0.40799,180.0,11.2
2022-10-17 05:00:00,0.0,10.0,1017.2,83.0,12.8,0.331773,180.0,11.2
2022-10-17 06:00:00,0.0,9.4,1017.9,89.0,11.1,0.297122,10.0,5.4
2022-10-17 07:00:00,0.0,9.4,1018.2,89.0,11.1,0.263988,0.0,0.0
2022-10-17 08:00:00,0.0,8.3,1018.8,93.0,9.4,0.248484,0.0,0.0
2022-10-17 09:00:00,0.0,8.3,1018.8,93.0,9.4,0.242816,0.0,0.0
2022-10-17 10:00:00,0.0,7.9,1019.0,97.0,8.3,0.249376,0.0,0.0
2022-10-17 11:00:00,0.0,6.7,1019.2,93.0,7.8,0.259922,0.0,0.0
2022-10-17 12:00:00,0.0,6.7,1019.2,93.0,7.8,0.295624,0.0,0.0
2022-10-17 13:00:00,0.0,7.2,1019.5,100.0,7.2,0.366316,0.0,0.0
2022-10-17 14:00:00,0.0,5.6,1019.8,100.0,5.6,0.44091,0.0,0.0
2022-10-17 15:00:00,0.0,9.4,1020.7,100.0,9.4,0.456906,0.0,0.0
2022-10-17 16:00:00,0.0,9.9,1020.8,89.0,11.7,0.46191,0.0,0.0
2022-10-17 17:00:00,0.0,11.0,1020.6,89.0,12.8,0.438546,0.0,0.0
2022-10-17 18:00:00,0.0,11.0,1020.6,89.0,12.8,0.429466,0.0,0.0
2022-10-17 19:00:00,0.0,11.2,1020.4,78.0,15.0,0.344758,0.0,0.0
2022-10-17 20:00:00,0.0,11.1,1019.3,63.0,18.3,0.316147,0.0,0.0
2022-10-17 21:00:00,0.0,11.7,1018.6,61.0,19.4,0.300061,100.0,5.4
2022-10-17 22:00:00,0.0,11.2,1018.2,57.0,20.0,0.349144,0.0,0.0
2022-10-17 23:00:00,0.0,11.2,1018.2,57.0,20.0,0.398651,0.0,0.0
2022-10-18 00:00:00,0.0,11.6,1018.1,65.0,18.3,0.467692,150.0,5.4
2022-10-18 01:00:00,0.0,11.6,1018.5,65.0,18.3,0.499544,0.0,0.0
2022-10-18 02:00:00,0.0,10.7,1018.8,87.0,12.8,0.474215,0.0,0.0
2022-10-18 03:00:00,0.0,10.7,1019.2,87.0,12.8,0.459657,300.0,5.4
2022-10-18 04:00:00,0.0,10.7,1019.2,87.0,12.8,0.397306,300.0,5.4
2022-10-18 05:00:00,0.0,10.0,1020.0,93.0,11.1,0.35059,0.0,0.0
2022-10-18 06:00:00,0.0,7.8,1019.9,93.0,8.9,0.309474,0.0,0.0
2022-10-18 07:00:00,0.0,6.8,1020.2,97.0,7.2,0.287514,270.0,7.6
2022-10-18 08:00:00,0.0,6.8,1020.2,97.0,7.2,0.284017,270.0,7.6
2022-10-18 09:00:00,0.0,6.1,1020.3,96.0,6.7,0.282565,0.0,0.0
2022-10-18 10:00:00,0.0,5.7,1020.0,97.0,6.1,0.284358,0.0,0.0
2022-10-18 11:00:00,0.0,5.7,1021.0,97.0,6.1,0.28877,0.0,0.0
2022-10-18 12:00:00,0.0,5.0,1021.0,96.0,5.6,0.330906,0.0,0.0
2022-10-18 13:00:00,0.0,5.0,1021.0,96.0,5.6,0.412488,0.0,0.0
2022-10-18 14:00:00,0.0,5.0,1021.7,96.0,5.6,0.45356,0.0,0.0
2022-10-18 15:00:00,0.0,5.6,1022.1,100.0,5.6,0.457446,0.0,0.0
2022-10-18 16:00:00,0.0,7.2,1022.9,96.0,7.8,0.425109,0.0,0.0
2022-10-18 17:00:00,0.0,8.3,1022.9,96.0,8.9,0.361328,130.0,7.6
2022-10-18 18:00:00,0.0,11.2,1022.8,75.0,15.6,0.323258,200.0,5.4
2022-10-18 19:00:00,0.0,11.2,1022.8,75.0,15.6,0.298282,200.0,5.4
2022-10-18 20:00:00,0.0,12.3,1021.7,61.0,20.0,0.287992,3.0,0.0
2022-10-18 21:00:00,0.0,12.3,1021.7,61.0,20.0,0.315484,0.0,0.0
2022-10-18 22:00:00,0.0,12.8,1021.3,59.0,21.1,0.356734,80.0,7.6
2022-10-18 23:00:00,0.0,12.8,1021.2,59.0,21.1,0.406002,0.0,0.0
2022-10-19 00:00:00,0.0,12.8,1021.1,59.0,21.1,0.469637,130.0,7.6
2022-10-19 01:00:00,0.0,12.3,1021.5,78.0,16.1,0.487043,0.0,0.0
2022-10-19 02:00:00,0.0,12.3,1022.3,78.0,16.1,0.483886,0.0,0.0
2022-10-19 03:00:00,0.0,10.0,1023.0,93.0,11.1,0.443932,0.0,0.0
2022-10-19 04:00:00,0.0,10.0,1023.0,93.0,11.1,0.394129,0.0,0.0
2022-10-19 05:00:00,0.0,9.9,1023.4,89.0,11.7,0.350939,0.0,0.0
2022-10-19 06:00:00,0.0,8.9,1023.5,97.0,9.4,0.309809,0.0,0.0
2022-10-19 07:00:00,0.0,8.9,1024.0,97.0,9.4,0.289144,0.0,0.0
2022-10-19 08:00:00,0.0,8.3,1023.6,100.0,8.3,0.271317,0.0,0.0
2022-10-19 09:00:00,0.0,7.8,1023.7,100.0,7.8,0.259367,0.0,0.0
2022-10-19 10:00:00,0.0,8.3,1024.1,96.0,8.9,0.262062,0.0,0.0
2022-10-19 11:00:00,0.0,5.6,1024.0,100.0,5.6,0.269289,0.0,0.0
2022-10-19 12:00:00,0.0,5.7,1024.3,97.0,6.1,0.331787,0.0,0.0
2022-10-19 13:00:00,0.0,5.6,1024.0,100.0,5.6,0.392424,0.0,0.0
2022-10-19 14:00:00,0.0,6.1,1024.5,100.0,6.1,0.448931,0.0,0.0
2022-10-19 15:00:00,0.0,6.1,1024.6,100.0,6.1,0.443809,0.0,0.0
2022-10-19 16:00:00,0.0,9.4,1024.9,100.0,9.4,0.442588,0.0,0.0
2022-10-19 17:00:00,0.0,11.7,1024.8,84.0,14.4,0.364041,0.0,0.0
2022-10-19 18:00:00,0.0,11.7,1024.5,70.0,17.2,0.292231,0.0,0.0
2022-10-19 19:00:00,0.0,11.7,1024.5,70.0,17.2,0.267481,0.0,0.0
2022-10-19 20:00:00,0.0,12.3,1023.0,57.0,21.1,0.155149,0.0,0.0
2022-10-19 21:00:00,0.0,12.3,1023.0,57.0,21.1,0.233248,0.0,0.0
2022-10-19 22:00:00,0.0,12.3,1022.2,50.0,23.3,0.42152,0.0,0.0
2022-10-19 23:00:00,0.0,12.3,1021.4,50.0,23.3,0.503117,100.0,5.4
2022-10-20 00:00:00,0.0,12.1,1020.9,51.0,22.8,0.485119,130.0,7.6
2022-10-20 01:00:00,0.0,12.3,1020.6,57.0,21.1,0.507471,0.0,0.0
2022-10-20 02:00:00,0.0,12.2,1020.6,80.0,15.6,0.478965,0.0,0.0
2022-10-20 03:00:00,0.0,9.4,1020.6,86.0,11.7,0.445935,250.0,5.4
2022-10-20 04:00:00,0.0,9.4,1020.6,86.0,11.7,0.400838,250.0,5.4
2022-10-20 05:00:00,0.0,9.4,1020.9,92.0,10.6,0.351046,0.0,0.0
2022-10-20 06:00:00,0.0,9.4,1021.0,96.0,10.0,0.307549,0.0,0.0
2022-10-20 07:00:00,0.0,8.9,1021.0,97.0,9.4,0.29578,0.0,0.0
2022-10-20 08:00:00,0.0,8.3,1020.7,96.0,8.9,0.28364,0.0,0.0
2022-10-20 09:00:00,0.0,7.2,1021.0,100.0,7.2,0.272776,0.0,0.0
2022-10-20 10:00:00,0.0,6.8,1021.0,97.0,7.2,0.268039,330.0,5.4
2022-10-20 11:00:00,0.0,4.4,1020.4,96.0,5.0,0.265717,0.0,0.0
2022-10-20 12:00:00,0.0,4.4,1020.4,96.0,5.0,0.311849,0.0,0.0
2022-10-20 13:00:00,0.0,4.4,1020.4,96.0,5.0,0.380404,0.0,0.0
2022-10-20 14:00:00,0.0,5.0,1020.0,96.0,5.6,0.450891,320.0,5.4
2022-10-20 15:00:00,0.0,7.8,1020.5,90.0,9.4,0.449905,0.0,0.0
2022-10-20 16:00:00,0.0,9.4,1020.5,89.0,11.1,0.403434,0.0,0.0
2022-10-20 17:00:00,0.0,10.6,1020.8,72.0,15.6,0.331989,150.0,7.6
2022-10-20 18:00:00,0.0,10.6,1020.8,72.0,15.6,0.347496,150.0,7.6
2022-10-20 19:00:00,0.0,11.1,1019.5,63.0,18.3,0.350892,0.0,0.0
2022-10-20 20:00:00,0.0,11.1,1019.5,63.0,18.3,0.350562,0.0,0.0
2022-10-20 21:00:00,0.0,11.2,1018.7,57.0,20.0,0.417236,0.0,0.0
2022-10-20 22:00:00,0.0,11.7,1017.8,59.0,20.0,0.396771,90.0,5.4
2022-10-20 23:00:00,0.0,12.2,1017.1,63.0,19.4,0.405572,90.0,5.4
2022-10-21 00:00:00,0.0,12.3,1016.7,61.0,20.0,0.425793,0.0,0.0
2022-10-21 01:00:00,0.0,12.2,1017.3,65.0,18.9,0.461695,0.0,0.0
2022-10-21 02:00:00,0.0,11.7,1017.2,75.0,16.1,0.445291,0.0,0.0
2022-10-21 03:00:00,0.0,11.2,1017.6,81.0,14.4,0.409823,290.0,5.4
2022-10-21 04:00:00,0.0,11.8,1017.6,87.0,13.9,0.385816,290.0,7.6
2022-10-21 05:00:00,0.0,10.6,1017.7,93.0,11.7,0.336888,2.0,0.0
2022-10-21 06:00:00,0.0,10.6,1017.7,93.0,11.7,0.291591,10.0,5.4
2022-10-21 07:00:00,0.0,6.7,1017.7,62.0,13.9,0.280653,10.0,7.6
2022-10-21 08:00:00,0.0,6.8,1017.8,90.0,8.3,0.258164,0.0,0.0
2022-10-21 09:00:00,0.0,6.8,1017.8,90.0,8.3,0.254699,0.0,0.0
2022-10-21 10:00:00,0.0,6.1,1017.8,89.0,7.8,0.267605,340.0,7.6
2022-10-21 11:00:00,0.0,4.4,1017.1,96.0,5.0,0.27688,0.0,0.0
2022-10-21 12:00:00,0.0,5.1,1016.4,93.0,6.1,0.31536,0.0,0.0
2022-10-21 13:00:00,0.0,5.1,1016.4,93.0,6.1,0.368514,0.0,0.0
2022-10-21 14:00:00,0.0,5.7,1016.0,90.0,7.2,0.445778,0.0,0.0
2022-10-21 15:00:00,0.0,6.1,1015.2,86.0,8.3,0.462073,0.0,0.0
2022-10-21 16:00:00,0.0,7.2,1014.4,89.0,8.9,0.45928,0.0,0.0
2022-10-21 17:00:00,0.0,7.2,1014.4,89.0,8.9,0.468999,0.0,0.0
2022-10-21 18:00:00,0.3,8.3,1012.8,89.0,10.0,0.472068,0.0,0.0
2022-10-21 19:00:00,0.7,9.4,1011.6,92.0,10.6,0.45882,0.0,0.0
2022-10-21 20:00:00,0.3,9.4,1011.6,92.0,10.6,0.470498,0.0,0.0
2022-10-21 21:00:00,1.8,8.3,1011.3,93.0,9.4,0.482425,0.0,7.6
2022-10-21 22:00:00,2.8,8.3,1009.4,93.0,9.4,0.466841,120.0,7.6
2022-10-21 23:00:00,1.0,8.3,1008.0,93.0,9.4,0.494526,110.0,7.6
2022-10-22 00:00:00,0.5,8.3,1007.2,93.0,9.4,0.511494,120.0,7.6
2022-10-22 01:00:00,0.8,8.3,1003.7,96.0,8.9,0.515744,150.0,11.2
2022-10-22 02:00:00,0.5,8.3,1003.7,96.0,8.9,0.469594,150.0,11.2
2022-10-22 03:00:00,1.4,8.9,1002.0,97.0,9.4,0.437423,190.0,9.4
2022-10-22 04:00:00,4.9,11.1,1002.0,93.0,12.2,0.410886,220.0,25.9
2022-10-22 05:00:00,0.0,10.7,1002.3,87.0,12.8,0.36287,220.0,18.4
2022-10-22 06:00:00,1.0,8.3,1004.0,89.0,10.0,0.332425,360.0,9.4
2022-10-22 07:00:00,2.2,7.9,1005.8,97.0,8.3,0.307075,290.0,5.4
2022-10-22 08:00:00,0.0,7.9,1005.8,97.0,8.3,0.294228,290.0,5.4
2022-10-22 09:00:00,0.0,8.3,1006.4,93.0,9.4,0.285646,0.0,0.0
2022-10-22 10:00:00,1.2,7.2,1006.6,86.0,9.4,0.285538,240.0,14.8
2022-10-22 11:00:00,0.9,7.2,1006.8,93.0,8.3,0.296611,240.0,7.6
2022-10-22 12:00:00,1.5,7.2,1006.9,93.0,8.3,0.323427,220.0,16.6
2022-10-22 13:00:00,0.5,7.2,1006.9,93.0,8.3,0.352524,220.0,16.6
2022-10-22 14:00:00,0.0,6.7,1008.1,93.0,7.8,0.418296,250.0,13.0
2022-10-22 15:00:00,0.0,7.8,1008.6,93.0,8.9,0.483574,250.0,11.2
2022-10-22 16:00:00,0.0,8.3,1009.2,89.0,10.0,0.462947,260.0,11.2
2022-10-22 17:00:00,0.0,7.3,1009.4,72.0,12.2,0.373184,0.0,0.0
2022-10-22 18:00:00,0.0,7.3,1009.4,72.0,12.2,0.309792,0.0,0.0
2022-10-22 19:00:00,0.0,4.9,1009.4,53.0,14.4,0.312089,300.0,14.8
2022-10-22 20:00:00,0.0,4.9,1009.4,53.0,14.4,0.302654,300.0,14.8
2022-10-22 21:00:00,0.0,1.2,1008.7,39.0,15.1,0.286195,300.0,14.8
2022-10-22 22:00:00,0.2,3.2,1008.9,48.0,14.0,0.369358,291.0,18.0
2022-10-22 23:00:00,0.0,5.5,1009.3,57.0,13.9,0.394671,260.0,14.8
2022-10-23 00:00:00,0.0,6.0,1010.0,66.0,12.2,0.425955,260.0,14.8
2022-10-23 01:00:00,0.0,5.6,1010.6,71.0,10.6,0.447754,240.0,13.0
2022-10-23 02:00:00,0.0,5.6,1011.1,71.0,10.6,0.450613,270.0,11.2
2022-10-23 03:00:00,0.0,5.6,1011.7,80.0,8.9,0.422174,250.0,13.0
2022-10-23 04:00:00,0.0,4.3,1012.1,82.0,7.2,0.40636,220.0,7.6
2022-10-23 05:00:00,0.0,5.0,1012.5,86.0,7.2,0.385881,240.0,9.4
2022-10-23 06:00:00,0.0,4.4,1013.0,89.0,6.1,0.341784,240.0,9.4
2022-10-23 07:00:00,0.0,6.1,1013.7,89.0,7.8,0.319588,240.0,7.6
2022-10-23 08:00:00,0.0,6.1,1014.0,89.0,7.8,0.31537,240.0,11.2
2022-10-23 09:00:00,0.0,5.6,1014.4,93.0,6.7,0.301162,0.0,0.0
2022-10-23 10:00:00,0.0,5.1,1015.0,93.0,6.1,0.309015,0.0,0.0
2022-10-23 11:00:00,0.0,4.0,1015.6,97.0,4.4,0.314415,260.0,5.4
2022-10-23 12:00:00,0.0,3.3,1016.4,96.0,3.9,0.3496,0.0,0.0
2022-10-23 13:00:00,0.0,3.9,1017.2,100.0,3.9,0.382888,0.0,0.0
2022-10-23 14:00:00,0.0,4.4,1018.4,92.0,5.6,0.419128,340.0,5.4
2022-10-23 15:00:00,0.0,5.1,1019.0,93.0,6.1,0.480329,0.0,0.0
2022-10-23 16:00:00,0.0,5.7,1020.0,97.0,6.1,0.488301,0.0,0.0
2022-10-23 17:00:00,0.0,6.1,1020.5,89.0,7.8,0.446701,0.0,0.0
2022-10-23 18:00:00,0.0,6.7,1021.5,83.0,9.4,0.302242,0.0,0.0
2022-10-23 19:00:00,0.0,7.3,1021.7,72.0,12.2,0.258173,187.0,5.4
2022-10-23 20:00:00,0.0,6.6,1021.6,64.0,13.3,0.250404,180.0,5.4
2022-10-23 21:00:00,0.0,6.0,1021.8,57.0,14.4,0.284336,120.0,9.4
2022-10-23 22:00:00,0.0,5.7,1021.9,56.0,14.4,0.307629,130.0,11.2
2022-10-23 23:00:00,0.0,5.0,1021.9,55.0,13.9,0.384595,110.0,7.6
2022-10-24 00:00:00,0.0,2.8,1022.2,47.0,13.9,0.450073,230.0,13.0
2022-10-24 01:00:00,0.0,4.0,1022.3,59.0,11.7,0.496992,250.0,9.4
2022-10-24 02:00:00,0.0,5.6,1022.4,74.0,10.0,0.503924,190.0,9.4
2022-10-24 03:00:00,0.0,5.1,1022.5,77.0,8.9,0.469636,240.0,5.4
2022-10-24 04:00:00,0.0,5.1,1022.3,83.0,7.8,0.436167,0.0,0.0
2022-10-24 05:00:00,0.0,6.2,1022.1,83.0,8.9,0.381584,210.0,11.2
2022-10-24 06:00:00,0.0,6.7,1021.9,86.0,8.9,0.305462,190.0,11.2
2022-10-24 07:00:00,0.0,6.2,1021.6,77.0,10.0,0.269737,140.0,7.6
2022-10-24 08:00:00,0.0,6.7,1021.2,83.0,9.4,0.271829,170.0,5.4
2022-10-24 09:00:00,0.0,6.7,1020.0,83.0,9.4,0.266703,160.0,13.0
2022-10-24 10:00:00,0.0,6.7,1019.2,77.0,10.6,0.273392,190.0,13.0
2022-10-24 11:00:00,0.3,6.2,1018.8,74.0,10.6,0.303846,170.0,16.6
2022-10-24 12:00:00,0.8,7.2,1018.3,86.0,9.4,0.371067,170.0,20.5
2022-10-24 13:00:00,0.3,7.2,1017.6,89.0,8.9,0.435126,170.0,14.8
2022-10-24 14:00:00,0.5,7.2,1017.1,89.0,8.9,0.505551,180.0,25.9
2022-10-24 15:00:00,0.3,7.9,1016.2,97.0,8.3,0.518307,170.0,25.9
2022-10-24 16:00:00,1.3,7.8,1016.4,93.0,8.9,0.534176,180.0,18.4
2022-10-24 17:00:00,0.5,7.8,1017.2,90.0,9.4,0.503201,0.0,0.0
2022-10-24 18:00:00,1.4,8.9,1017.2,93.0,10.0,0.503087,190.0,13.0
2022-10-24 19:00:00,0.0,9.4,1018.0,92.0,10.6,0.518082,200.0,13.0
2022-10-24 20:00:00,0.3,10.0,1019.2,93.0,11.1,0.438502,260.0,11.2
2022-10-24 21:00:00,0.3,11.0,1018.9,89.0,12.8,0.455644,220.0,11.2
2022-10-24 22:00:00,0.3,11.7,1019.2,84.0,14.4,0.435843,0.0,0.0
2022-10-24 23:00:00,0.5,10.7,1020.0,84.0,13.3,0.452649,260.0,13.0
2022-10-25 00:00:00,0.5,8.9,1020.3,77.0,12.8,0.534435,270.0,18.4
2022-10-25 01:00:00,0.3,9.4,1021.0,86.0,11.7,0.55476,240.0,14.8
2022-10-25 02:00:00,0.0,8.3,1022.4,89.0,10.0,0.526744,240.0,13.0
2022-10-25 03:00:00,0.0,8.3,1022.4,89.0,10.0,0.489584,240.0,13.0
2022-10-25 04:00:00,0.0,6.7,1023.6,93.0,7.8,0.456612,0.0,0.0
2022-10-25 05:00:00,0.0,7.2,1024.2,93.0,8.3,0.397782,0.0,0.0
2022-10-25 06:00:00,0.0,7.8,1024.6,93.0,8.9,0.349022,240.0,7.6
2022-10-25 07:00:00,0.5,7.8,1024.6,93.0,8.9,0.331681,240.0,7.6
2022-10-25 08:00:00,0.0,7.2,1024.8,96.0,7.8,0.311319,270.0,5.4
2022-10-25 09:00:00,0.0,7.2,1024.8,96.0,7.8,0.313936,270.0,5.4
2022-10-25 10:00:00,0.0,5.0,1025.0,96.0,5.6,0.320275,0.0,0.0
2022-10-25 11:00:00,0.0,5.7,1024.8,97.0,6.1,0.347396,360.0,5.4
2022-10-25 12:00:00,0.0,5.6,1024.8,100.0,5.6,0.399674,0.0,0.0
2022-10-25 13:00:00,0.0,5.7,1024.5,97.0,6.1,0.487008,230.0,5.4
2022-10-25 14:00:00,0.0,5.7,1024.5,97.0,6.1,0.5383,230.0,5.4
2022-10-25 15:00:00,0.0,5.7,1024.1,97.0,6.1,0.547754,0.0,0.0
2022-10-25 16:00:00,0.0,6.7,1024.1,100.0,6.7,0.528439,0.0,0.0
2022-10-25 17:00:00,0.0,8.3,1024.2,100.0,8.3,0.490591,200.0,5.4
2022-10-25 18:00:00,0.0,9.4,1023.0,96.0,10.0,0.485061,210.0,5.4
2022-10-25 19:00:00,0.0,9.4,1020.9,80.0,12.8,0.443252,210.0,20.5
2022-10-25 20:00:00,0.0,9.4,1020.9,80.0,12.8,0.470258,210.0,20.5
2022-10-25 21:00:00,0.0,8.9,1019.3,77.0,12.8,0.488091,190.0,22.3
2022-10-25 22:00:00,0.5,8.3,1017.9,77.0,12.2,0.50715,190.0,29.5
2022-10-25 23:00:00,0.3,8.9,1015.6,89.0,10.6,0.553814,180.0,13.0
2022-10-26 00:00:00,2.8,8.9,1015.6,89.0,10.6,0.593146,180.0,13.0
2022-10-26 01:00:00,0.7,6.1,1014.9,89.0,7.8,0.600256,210.0,16.6
2022-10-26 02:00:00,2.3,6.1,1014.9,89.0,7.8,0.546512,210.0,16.6
2022-10-26 03:00:00,0.0,5.7,1014.8,97.0,6.1,0.521799,190.0,7.6
2022-10-26 04:00:00,0.0,6.1,1015.5,89.0,7.8,0.479623,190.0,7.6
2022-10-26 05:00:00,2.0,5.7,1015.5,97.0,6.1,0.427072,180.0,5.4
2022-10-26 06:00:00,0.5,6.1,1015.8,89.0,7.8,0.376544,0.0,0.0
2022-10-26 07:00:00,2.0,6.1,1015.8,89.0,7.8,0.350712,0.0,0.0
2022-10-26 08:00:00,0.0,5.7,1016.3,90.0,7.2,0.348253,220.0,18.4
2022-10-26 09:00:00,0.3,5.7,1017.1,90.0,7.2,0.351167,230.0,14.8
2022-10-26 10:00:00,0.0,5.6,1017.7,93.0,6.7,0.354113,220.0,14.8
2022-10-26 11:00:00,0.0,5.6,1017.9,93.0,6.7,0.378137,4.0,14.8
2022-10-26 12:00:00,0.0,5.6,1017.9,93.0,6.7,0.429943,230.0,14.8
2022-10-26 13:00:00,0.0,4.4,1019.3,96.0,5.0,0.516644,110.0,5.4
2022-10-26 14:00:00,0.0,4.0,1020.0,97.0,4.4,0.572141,0.0,0.0
2022-10-26 15:00:00,0.0,4.0,1020.0,97.0,4.4,0.550612,0.0,0.0
2022-10-26 16:00:00,0.0,6.7,1021.3,93.0,7.8,0.491283,0.0,0.0
2022-10-26 17:00:00,0.0,6.7,1021.3,93.0,7.8,0.430156,0.0,0.0
2022-10-26 18:00:00,0.0,7.3,1022.2,72.0,12.2,0.355841,230.0,13.0
2022-10-26 19:00:00,0.0,8.3,1022.2,77.0,12.2,0.444586,230.0,9.4
2022-10-26 20:00:00,0.0,7.9,1021.9,72.0,12.8,0.371255,220.0,13.0
2022-10-26 21:00:00,0.0,7.9,1021.9,72.0,12.8,0.404714,220.0,13.0
2022-10-26 22:00:00,0.0,6.6,1021.7,66.0,12.8,0.429118,250.0,11.2
2022-10-26 23:00:00,0.0,6.0,1021.8,66.0,12.2,0.460836,3.0,11.2
2022-10-27 00:00:00,0.0,7.2,1022.1,77.0,11.1,0.521946,240.0,9.4
2022-10-27 01:00:00,0.0,6.1,1022.5,86.0,8.3,0.554257,180.0,11.2
2022-10-27 02:00:00,0.0,6.1,1022.5,86.0,8.3,0.52458,180.0,11.2
2022-10-27 03:00:00,0.0,6.1,1022.9,89.0,7.8,0.496175,140.0,7.6
2022-10-27 04:00:00,0.0,6.8,1022.9,90.0,8.3,0.461228,150.0,11.2
2022-10-27 05:00:00,0.0,6.1,1023.1,96.0,6.7,0.413053,120.0,5.4
2022-10-27 06:00:00,0.0,6.1,1023.5,93.0,7.2,0.355768,0.0,0.0
2022-10-27 07:00:00,0.0,6.1,1023.5,93.0,7.2,0.344538,0.0,0.0
2022-10-27 08:00:00,0.0,5.7,1022.8,97.0,6.1,0.335708,0.0,0.0
2022-10-27 09:00:00,0.0,5.7,1022.8,97.0,6.1,0.333016,0.0,0.0
2022-10-27 10:00:00,0.0,5.0,1022.6,96.0,5.6,0.344906,320.0,5.4
2022-10-27 11:00:00,0.0,4.4,1022.4,96.0,5.0,0.365614,10.0,7.6
2022-10-27 12:00:00,0.0,5.0,1022.0,100.0,5.0,0.428584,0.0,0.0
2022-10-27 13:00:00,0.0,2.9,1021.7,97.0,3.3,0.505939,0.0,0.0
2022-10-27 14:00:00,0.0,4.4,1021.6,92.0,5.6,0.56558,0.0,0.0
2022-10-27 15:00:00,0.0,4.4,1021.6,92.0,5.6,0.551629,0.0,0.0
2022-10-27 16:00:00,0.0,5.6,1021.6,100.0,5.6,0.540064,0.0,0.0
2022-10-27 17:00:00,0.0,6.1,1021.5,96.0,6.7,0.521694,0.0,0.0
2022-10-27 18:00:00,0.0,7.2,1021.3,96.0,7.8,0.455074,0.0,0.0
2022-10-27 19:00:00,0.0,7.8,1020.2,83.0,10.6,0.309245,0.0,5.4
2022-10-27 20:00:00,0.0,7.9,1019.5,72.0,12.8,0.271731,290.0,7.6
2022-10-27 21:00:00,0.0,7.9,1019.5,72.0,12.8,0.29143,290.0,7.6
2022-10-27 22:00:00,0.0,6.1,1017.7,53.0,15.6,0.33494,0.0,5.4
2022-10-27 23:00:00,0.0,6.1,1017.7,53.0,15.6,0.416051,185.0,5.4
2022-10-28 00:00:00,0.0,7.3,1017.2,63.0,14.2,0.462035,179.0,4.0
2022-10-28 01:00:00,0.0,5.0,1016.8,57.0,13.3,0.505255,0.0,0.0
2022-10-28 02:00:00,0.0,6.7,1016.7,77.0,10.6,0.481165,0.0,0.0
2022-10-28 03:00:00,0.0,5.6,1017.0,86.0,7.8,0.467797,0.0,0.0
2022-10-28 04:00:00,0.0,6.8,1017.2,90.0,8.3,0.428931,0.0,0.0
2022-10-28 05:00:00,0.0,6.1,1017.2,93.0,7.2,0.392467,0.0,0.0
2022-10-28 06:00:00,0.0,5.1,1017.3,93.0,6.1,0.353984,160.0,5.4
2022-10-28 07:00:00,0.0,6.1,1017.8,93.0,7.2,0.333721,0.0,0.0
2022-10-28 08:00:00,0.0,6.1,1017.2,96.0,6.7,0.321745,310.0,5.4
2022-10-28 09:00:00,0.0,6.7,1017.3,93.0,7.8,0.319943,0.0,0.0
2022-10-28 10:00:00,0.0,6.1,1017.2,93.0,7.2,0.322674,80.0,5.4
2022-10-28 11:00:00,0.0,5.6,1017.4,93.0,6.7,0.337123,320.0,7.6
2022-10-28 12:00:00,0.0,5.0,1017.3,96.0,5.6,0.379871,0.0,0.0
2022-10-28 13:00:00,0.0,5.7,1017.4,97.0,6.1,0.421996,0.0,0.0
2022-10-28 14:00:00,0.0,6.7,1018.1,93.0,7.8,0.476852,340.0,5.4
2022-10-28 15:00:00,0.0,7.2,1019.0,86.0,9.4,0.507991,350.0,7.6
2022-10-28 16:00:00,0.5,7.8,1019.9,93.0,8.9,0.528066,320.0,7.6
2022-10-28 17:00:00,2.3,8.9,1020.7,97.0,9.4,0.527673,0.0,0.0
2022-10-28 18:00:00,2.0,9.4,1021.0,96.0,10.0,0.531743,0.0,0.0
2022-10-28 19:00:00,0.8,9.4,1021.6,92.0,10.6,0.527316,0.0,0.0
2022-10-28 20:00:00,0.3,10.0,1021.7,96.0,10.6,0.511548,20.0,5.4
2022-10-28 21:00:00,0.3,10.0,1021.8,96.0,10.6,0.505168,340.0,11.2
2022-10-28 22:00:00,0.5,10.0,1021.5,96.0,10.6,0.491223,0.0,0.0
2022-10-28 23:00:00,0.3,10.0,1021.9,93.0,11.1,0.510756,30.0,5.4
2022-10-29 00:00:00,0.0,10.6,1022.0,93.0,11.7,0.535227,0.0,0.0
2022-10-29 01:00:00,0.0,10.6,1022.2,93.0,11.7,0.54131,10.0,5.4
2022-10-29 02:00:00,0.3,10.6,1022.5,97.0,11.1,0.481234,340.0,9.4
2022-10-29 03:00:00,0.5,10.6,1023.0,97.0,11.1,0.466881,350.0,5.4
2022-10-29 04:00:00,0.5,10.6,1023.4,97.0,11.1,0.428668,330.0,5.4
2022-10-29 05:00:00,0.5,10.6,1023.8,97.0,11.1,0.39199,0.0,0.0
2022-10-29 06:00:00,0.5,10.6,1024.6,97.0,11.1,0.3485,0.0,0.0
2022-10-29 07:00:00,0.0,10.6,1024.8,97.0,11.1,0.316424,310.0,5.4
2022-10-29 08:00:00,0.5,10.6,1024.9,97.0,11.1,0.301108,300.0,5.4
2022-10-29 09:00:00,0.5,10.6,1024.7,100.0,10.6,0.289112,0.0,0.0
2022-10-29 10:00:00,0.8,10.0,1025.1,96.0,10.6,0.290783,330.0,9.4
2022-10-29 11:00:00,1.5,10.6,1025.0,100.0,10.6,0.297038,340.0,7.6
2022-10-29 12:00:00,0.0,10.0,1024.9,96.0,10.6,0.323173,350.0,7.6
2022-10-29 13:00:00,0.0,10.6,1025.0,100.0,10.6,0.354929,350.0,5.4
2022-10-29 14:00:00,0.3,10.6,1024.8,100.0,10.6,0.391114,350.0,5.4
2022-10-29 15:00:00,0.5,10.0,1024.8,96.0,10.6,0.444341,10.0,7.6
2022-10-29 16:00:00,0.3,10.6,1025.5,100.0,10.6,0.469193,340.0,5.4
2022-10-29 17:00:00,0.5,10.6,1026.2,97.0,11.1,0.461071,360.0,7.6
2022-10-29 18:00:00,0.0,11.1,1026.0,96.0,11.7,0.475545,0.0,0.0
2022-10-29 19:00:00,0.5,11.1,1026.4,93.0,12.2,0.447612,0.0,0.0
2022-10-29 20:00:00,0.3,11.7,1026.1,93.0,12.8,0.42263,10.0,5.4
2022-10-29 21:00:00,0.3,11.7,1025.8,90.0,13.3,0.396237,0.0,0.0
2022-10-29 22:00:00,0.0,12.2,1025.2,93.0,13.3,0.406741,0.0,0.0
2022-10-29 23:00:00,0.0,11.8,1025.3,87.0,13.9,0.427118,0.0,0.0
2022-10-30 00:00:00,0.0,12.3,1025.0,90.0,13.9,0.43699,0.0,0.0
2022-10-30 01:00:00,0.0,12.3,1024.6,90.0,13.9,0.453026,0.0,0.0
2022-10-30 02:00:00,0.0,12.8,1025.0,97.0,13.3,0.436907,0.0,0.0
2022-10-30 03:00:00,0.0,12.8,1025.0,97.0,13.3,0.424037,0.0,0.0
2022-10-30 04:00:00,0.0,12.2,1024.8,96.0,12.8,0.400863,0.0,0.0
2022-10-30 05:00:00,0.0,12.2,1024.7,96.0,12.8,0.368174,250.0,5.4
2022-10-30 06:00:00,0.0,11.7,1024.9,97.0,12.2,0.336216,240.0,7.6
2022-10-30 07:00:00,0.0,11.7,1024.8,97.0,12.2,0.314099,0.0,0.0
2022-10-30 08:00:00,0.0,9.9,1024.8,89.0,11.7,0.298874,240.0,5.4
2022-10-30 09:00:00,0.0,10.0,1024.9,93.0,11.1,0.287896,250.0,5.4
2022-10-30 10:00:00,0.0,9.4,1025.3,89.0,11.1,0.286707,240.0,11.2
2022-10-30 11:00:00,0.0,8.3,1025.0,89.0,10.0,0.291335,240.0,11.2
2022-10-30 12:00:00,0.0,8.3,1025.1,89.0,10.0,0.310431,240.0,14.8
2022-10-30 13:00:00,0.0,7.8,1024.9,86.0,10.0,0.343566,240.0,7.6
2022-10-30 14:00:00,0.0,8.3,1024.9,89.0,10.0,0.378639,0.0,0.0
2022-10-30 15:00:00,0.0,8.3,1024.9,93.0,9.4,0.423926,180.0,9.4
2022-10-30 16:00:00,0.0,8.3,1025.0,89.0,10.0,0.460751,240.0,5.4
2022-10-30 17:00:00,0.0,8.9,1024.8,83.0,11.7,0.438302,210.0,9.4
2022-10-30 18:00:00,0.0,9.4,1024.8,86.0,11.7,0.460213,240.0,9.4
2022-10-30 19:00:00,0.0,8.9,1024.3,77.0,12.8,0.44361,200.0,11.2
2022-10-30 20:00:00,0.0,9.4,1023.4,77.0,13.3,0.45786,230.0,9.4
2022-10-30 21:00:00,0.0,9.3,1022.9,74.0,13.9,0.438157,250.0,9.4
2022-10-30 22:00:00,0.0,9.4,1021.9,72.0,14.4,0.446807,210.0,14.8
2022-10-30 23:00:00,0.0,9.9,1021.4,77.0,13.9,0.465943,220.0,11.2
2022-10-31 00:00:00,0.0,9.4,1020.8,77.0,13.3,0.500727,220.0,11.2
2022-10-31 01:00:00,0.0,9.4,1019.8,80.0,12.8,0.519118,190.0,11.2
2022-10-31 02:00:00,0.0,9.4,1019.3,83.0,12.2,0.511904,200.0,9.4
2022-10-31 03:00:00,0.0,9.4,1018.7,83.0,12.2,0.478038,0.0,0.0
2022-10-31 04:00:00,0.0,9.4,1018.6,80.0,12.8,0.434741,220.0,11.2
2022-10-31 05:00:00,0.0,8.9,1017.8,77.0,12.8,0.379275,200.0,18.4
2022-10-31 06:00:00,0.0,9.4,1017.8,80.0,12.8,0.328357,210.0,14.8
2022-10-31 07:00:00,0.0,9.4,1016.9,80.0,12.8,0.312604,190.0,16.6
2022-10-31 08:00:00,0.0,9.4,1016.3,80.0,12.8,0.287825,200.0,14.8
2022-10-31 09:00:00,0.0,9.4,1015.7,77.0,13.3,0.285036,190.0,18.4
2022-10-31 10:00:00,0.0,9.4,1015.4,77.0,13.3,0.300336,190.0,14.8
2022-10-31 11:00:00,0.0,9.4,1014.5,80.0,12.8,0.309988,170.0,18.4
2022-10-31 12:00:00,0.2,9.9,1013.8,80.0,13.3,0.359463,190.0,18.4
2022-10-31 13:00:00,0.0,9.4,1013.5,83.0,12.2,0.44534,160.0,22.3
2022-10-31 14:00:00,1.0,10.6,1013.3,93.0,11.7,0.470466,170.0,11.2
2022-10-31 15:00:00,1.5,10.6,1013.3,93.0,11.7,0.484009,220.0,13.0
2022-10-31 16:00:00,1.0,11.1,1013.3,96.0,11.7,0.489058,190.0,22.3
2022-10-31 17:00:00,0.5,11.7,1013.3,97.0,12.2,0.493844,190.0,14.8
2022-10-31 18:00:00,0.3,11.7,1013.1,93.0,12.8,0.480089,180.0,13.0
2022-10-31 19:00:00,1.6,11.7,1013.3,93.0,12.8,0.465941,210.0,9.4
2022-10-31 20:00:00,0.5,11.7,1012.9,93.0,12.8,0.468222,200.0,14.8
2022-10-31 21:00:00,0.5,12.2,1012.2,93.0,13.3,0.478274,220.0,9.4
2022-10-31 22:00:00,0.3,12.2,1012.2,93.0,13.3,0.477091,220.0,9.4
2022-10-31 23:00:00,0.3,10.0,1011.5,93.0,11.1,0.494929,220.0,7.6
2022-11-01 00:00:00,0.7,10.0,1011.5,93.0,11.1,0.494386,220.0,7.6
2022-11-01 01:00:00,0.5,10.0,1010.8,93.0,11.1,0.489151,190.0,5.4
2022-11-01 02:00:00,0.9,9.4,1010.6,92.0,10.6,0.438292,230.0,13.0
2022-11-01 03:00:00,0.8,9.4,1010.6,92.0,10.6,0.441511,230.0,13.0
2022-11-01 04:00:00,1.3,8.9,1010.3,97.0,9.4,0.426257,0.0,0.0
2022-11-01 05:00:00,1.0,9.4,1010.0,96.0,10.0,0.3744,0.0,0.0
2022-11-01 06:00:00,0.8,9.4,1010.0,96.0,10.0,0.342222,0.0,0.0
2022-11-01 07:00:00,1.2,7.8,1008.9,93.0,8.9,0.321953,330.0,14.8
2022-11-01 08:00:00,1.5,7.8,1008.9,93.0,8.9,0.311178,330.0,14.8
2022-11-01 09:00:00,0.8,7.2,1008.2,93.0,8.3,0.320932,360.0,11.2
2022-11-01 10:00:00,0.3,6.7,1008.1,93.0,7.8,0.317875,350.0,11.2
2022-11-01 11:00:00,0.4,5.7,1007.4,90.0,7.2,0.338836,0.0,0.0
2022-11-01 12:00:00,0.3,6.8,1007.4,97.0,7.2,0.393856,0.0,0.0
2022-11-01 13:00:00,0.0,6.8,1007.4,97.0,7.2,0.468614,0.0,0.0
2022-11-01 14:00:00,0.0,6.8,1007.4,97.0,7.2,0.53503,0.0,0.0
2022-11-01 15:00:00,0.1,6.7,1007.3,100.0,6.7,0.529639,0.0,0.0
2022-11-01 16:00:00,0.0,6.1,1007.4,93.0,7.2,0.542621,240.0,7.6
2022-11-01 17:00:00,0.0,6.1,1007.4,93.0,7.2,0.524548,240.0,7.6
2022-11-01 18:00:00,0.0,6.8,1007.2,90.0,8.3,0.497068,220.0,11.2
2022-11-01 19:00:00,0.0,6.1,1007.4,86.0,8.3,0.441944,210.0,9.4
2022-11-01 20:00:00,0.0,6.7,1007.2,83.0,9.4,0.395467,220.0,11.2
2022-11-01 21:00:00,0.0,6.2,1006.4,74.0,10.6,0.322653,220.0,7.6
2022-11-01 22:00:00,0.0,5.0,1007.1,86.0,7.2,0.482077,260.0,14.8
2022-11-01 23:00:00,0.5,5.7,1006.8,90.0,7.2,0.534987,3.0,0.0
2022-11-02 00:00:00,0.0,5.7,1007.1,90.0,7.2,0.55654,240.0,9.4
2022-11-02 01:00:00,0.0,5.0,1008.1,89.0,6.7,0.588744,240.0,9.4
2022-11-02 02:00:00,1.3,5.0,1008.1,89.0,6.7,0.558702,250.0,18.4
2022-11-02 03:00:00,0.3,3.9,1008.4,89.0,5.6,0.535177,200.0,11.2
2022-11-02 04:00:00,0.0,3.9,1008.4,89.0,5.6,0.493602,200.0,11.2
2022-11-02 05:00:00,1.0,4.4,1009.2,92.0,5.6,0.448349,230.0,22.3
2022-11-02 06:00:00,0.0,2.2,1009.5,96.0,2.8,0.412953,0.0,0.0
2022-11-02 07:00:00,0.0,2.2,1009.5,96.0,2.8,0.386866,0.0,0.0
2022-11-02 08:00:00,0.0,2.2,1010.0,96.0,2.8,0.390033,260.0,7.6
2022-11-02 09:00:00,0.0,3.3,1010.3,89.0,5.0,0.387925,0.0,14.8
2022-11-02 10:00:00,0.2,2.3,1011.3,89.0,3.9,0.400757,180.0,14.8
2022-11-02 11:00:00,0.0,2.3,1011.3,89.0,3.9,0.43692,180.0,14.8
2022-11-02 12:00:00,0.3,2.9,1012.2,93.0,3.9,0.498379,180.0,13.0
2022-11-02 13:00:00,1.3,2.3,1012.4,93.0,3.3,0.57069,160.0,7.6
2022-11-02 14:00:00,0.0,2.3,1012.4,93.0,3.3,0.630151,160.0,7.6
2022-11-02 15:00:00,0.0,3.4,1012.9,93.0,4.4,0.625542,100.0,5.4
2022-11-02 16:00:00,2.5,3.3,1013.9,89.0,5.0,0.610885,200.0,11.2
2022-11-02 17:00:00,1.3,3.9,1015.1,86.0,6.1,0.510929,4.0,11.2
2022-11-02 18:00:00,0.0,4.4,1015.8,89.0,6.1,0.55189,230.0,9.4
2022-11-02 19:00:00,0.5,4.3,1015.8,82.0,7.2,0.53992,200.0,16.6
2022-11-02 20:00:00,0.1,4.3,1015.8,82.0,7.2,0.533104,200.0,16.6
2022-11-02 21:00:00,0.2,4.3,1015.9,76.0,8.3,0.460585,220.0,11.2
2022-11-02 22:00:00,0.0,3.9,1016.6,71.0,8.9,0.519398,200.0,7.6
2022-11-02 23:00:00,0.0,4.3,1017.4,82.0,7.2,0.560789,3.0,7.6
2022-11-03 00:00:00,0.0,4.4,1018.3,85.0,6.7,0.622631,200.0,9.4
2022-11-03 01:00:00,0.0,4.4,1019.1,85.0,6.7,0.666718,200.0,7.6
2022-11-03 02:00:00,0.0,4.4,1019.1,85.0,6.7,0.621877,200.0,7.6
2022-11-03 03:00:00,0.0,3.3,1020.1,96.0,3.9,0.58207,190.0,7.6
2022-11-03 04:00:00,0.0,3.3,1020.1,96.0,3.9,0.547432,190.0,7.6
2022-11-03 05:00:00,0.0,2.8,1021.6,100.0,2.8,0.490634,2.0,0.0
2022-11-03 06:00:00,0.0,2.8,1021.6,100.0,2.8,0.438148,270.0,5.4
2022-11-03 07:00:00,0.0,2.9,1022.0,97.0,3.3,0.417359,310.0,5.4
2022-11-03 08:00:00,0.0,2.9,1022.4,93.0,3.9,0.40181,0.0,0.0
2022-11-03 09:00:00,0.0,4.0,1023.5,97.0,4.4,0.408308,250.0,5.4
2022-11-03 10:00:00,0.0,4.0,1023.5,97.0,4.4,0.419723,250.0,5.4
2022-11-03 11:00:00,0.0,2.9,1023.9,93.0,3.9,0.43972,280.0,11.2
2022-11-03 12:00:00,0.0,2.9,1024.4,93.0,3.9,0.505162,0.0,0.0
2022-11-03 13:00:00,0.0,2.9,1024.4,93.0,3.9,0.576292,0.0,0.0
2022-11-03 14:00:00,0.0,3.3,1024.7,96.0,3.9,0.634315,0.0,0.0
2022-11-03 15:00:00,0.0,3.3,1024.7,96.0,3.9,0.634175,0.0,0.0
2022-11-03 16:00:00,0.0,3.3,1025.6,96.0,3.9,0.643701,0.0,0.0
2022-11-03 17:00:00,0.0,4.0,1025.9,93.0,5.0,0.615316,0.0,0.0
2022-11-03 18:00:00,0.0,3.9,1025.6,86.0,6.1,0.572599,0.0,0.0
2022-11-03 19:00:00,0.0,5.0,1025.2,86.0,7.2,0.545567,220.0,5.4
2022-11-03 20:00:00,0.1,5.0,1025.2,86.0,7.2,0.46917,220.0,5.4
2022-11-03 21:00:00,0.0,5.1,1024.3,77.0,8.9,0.518151,170.0,13.0
2022-11-03 22:00:00,0.0,3.9,1022.9,71.0,8.9,0.550006,170.0,18.4
2022-11-03 23:00:00,0.0,4.4,1022.6,79.0,7.8,0.599385,5.0,18.4
2022-11-04 00:00:00,0.3,5.0,1022.0,86.0,7.2,0.609531,170.0,20.5
2022-11-04 01:00:00,0.3,4.0,1021.4,80.0,7.2,0.647805,170.0,18.4
2022-11-04 02:00:00,0.6,4.0,1021.4,80.0,7.2,0.600335,170.0,18.4
2022-11-04 03:00:00,0.0,4.3,1020.0,82.0,7.2,0.56531,190.0,27.7
2022-11-04 04:00:00,0.0,4.4,1019.5,79.0,7.8,0.527997,190.0,27.7
2022-11-04 05:00:00,0.0,4.4,1019.5,79.0,7.8,0.481662,190.0,31.7
2022-11-04 06:00:00,0.0,4.4,1019.0,79.0,7.8,0.439888,190.0,25.9
2022-11-04 07:00:00,0.3,6.1,1017.6,93.0,7.2,0.418038,170.0,14.8
2022-11-04 08:00:00,0.3,6.1,1017.6,93.0,7.2,0.395507,170.0,14.8
2022-11-04 09:00:00,1.6,6.7,1016.9,93.0,7.8,0.388122,170.0,25.9
2022-11-04 10:00:00,0.5,7.2,1015.7,89.0,8.9,0.39747,170.0,22.3
2022-11-04 11:00:00,0.5,7.2,1015.7,89.0,8.9,0.416495,170.0,22.3
2022-11-04 12:00:00,1.0,7.8,1015.1,93.0,8.9,0.45923,160.0,24.1
2022-11-04 13:00:00,3.3,9.4,1014.5,92.0,10.6,0.500338,190.0,22.3
2022-11-04 14:00:00,2.3,9.4,1014.0,89.0,11.1,0.556469,190.0,29.5
2022-11-04 15:00:00,2.5,9.4,1014.0,89.0,11.1,0.558078,190.0,29.5
2022-11-04 16:00:00,2.3,10.6,1014.2,93.0,11.7,0.563159,190.0,27.7
2022-11-04 17:00:00,3.0,11.7,1014.2,93.0,12.8,0.553451,190.0,31.7
2022-11-04 18:00:00,1.5,11.7,1013.2,90.0,13.3,0.568963,200.0,31.7
2022-11-04 19:00:00,0.3,11.7,1013.2,90.0,13.3,0.551631,200.0,31.7
2022-11-04 20:00:00,2.3,11.7,1012.9,90.0,13.3,0.554712,200.0,31.7
2022-11-04 21:00:00,5.3,12.3,1010.6,90.0,13.9,0.541809,190.0,37.1
2022-11-04 22:00:00,5.1,12.8,1010.7,93.0,13.9,0.51094,200.0,29.5
2022-11-04 23:00:00,2.3,12.8,1010.2,93.0,13.9,0.513071,4.0,29.5
2022-11-05 00:00:00,2.8,12.8,1010.2,93.0,13.9,0.51783,190.0,14.8
2022-11-05 01:00:00,0.5,12.8,1009.9,93.0,13.9,0.529267,200.0,22.3
2022-11-05 02:00:00,4.6,12.8,1008.6,93.0,13.9,0.509065,200.0,22.3
2022-11-05 03:00:00,6.1,12.2,1007.6,93.0,13.3,0.486917,200.0,18.4
2022-11-05 04:00:00,4.6,12.2,1007.6,93.0,13.3,0.433124,200.0,18.4
2022-11-05 05:00:00,0.2,12.2,1006.0,93.0,13.3,0.395637,200.0,24.1
2022-11-05 06:00:00,1.5,12.8,1006.4,90.0,14.4,0.3544,210.0,22.3
2022-11-05 07:00:00,0.5,10.6,1006.9,78.0,14.4,0.321981,270.0,18.4
2022-11-05 08:00:00,0.2,7.3,1008.8,69.0,12.8,0.301806,270.0,18.4
2022-11-05 09:00:00,0.0,5.0,1010.1,66.0,11.1,0.300244,300.0,24.1
2022-11-05 10:00:00,0.0,3.8,1011.7,63.0,10.6,0.311691,300.0,7.6
2022-11-05 11:00:00,0.0,3.8,1011.7,63.0,10.6,0.31793,270.0,7.6
2022-11-05 12:00:00,0.0,5.6,1013.6,83.0,8.3,0.349348,230.0,14.8
2022-11-05 13:00:00,0.3,5.6,1014.5,86.0,7.8,0.382017,210.0,11.2
2022-11-05 14:00:00,0.0,5.6,1015.1,83.0,8.3,0.442827,210.0,13.0
2022-11-05 15:00:00,0.0,5.6,1015.1,83.0,8.3,0.50864,210.0,13.0
2022-11-05 16:00:00,0.0,5.6,1016.2,80.0,8.9,0.534665,200.0,16.6
2022-11-05 17:00:00,0.0,6.2,1016.8,83.0,8.9,0.52652,220.0,16.6
2022-11-05 18:00:00,0.0,6.1,1017.2,80.0,9.4,0.531098,210.0,16.6
2022-11-05 19:00:00,0.0,6.1,1016.8,80.0,9.4,0.496351,240.0,16.6
2022-11-05 20:00:00,0.0,6.1,1016.8,80.0,9.4,0.46609,240.0,16.6
2022-11-05 21:00:00,0.0,5.6,1016.1,77.0,9.4,0.455777,230.0,16.6
2022-11-05 22:00:00,0.0,6.1,1016.4,80.0,9.4,0.476261,230.0,13.0
2022-11-05 23:00:00,0.0,5.6,1016.5,80.0,8.9,0.499142,230.0,9.4
2022-11-06 00:00:00,0.0,5.0,1016.1,86.0,7.2,0.520736,230.0,11.2
2022-11-06 01:00:00,0.0,5.0,1016.1,86.0,7.2,0.539325,230.0,11.2
2022-11-06 02:00:00,0.0,5.6,1016.2,93.0,6.7,0.523942,0.0,0.0
2022-11-06 03:00:00,0.0,5.7,1015.5,90.0,7.2,0.527402,0.0,0.0
2022-11-06 04:00:00,0.0,5.1,1014.9,93.0,6.1,0.493471,160.0,7.6
2022-11-06 05:00:00,0.0,5.1,1014.9,93.0,6.1,0.448901,160.0,7.6
2022-11-06 06:00:00,0.0,5.1,1013.3,83.0,7.8,0.411926,200.0,13.0
2022-11-06 07:00:00,0.1,5.6,1012.0,86.0,7.8,0.395947,190.0,13.0
2022-11-06 08:00:00,0.2,5.7,1010.8,90.0,7.2,0.380442,150.0,20.5
2022-11-06 09:00:00,0.0,5.1,1009.3,80.0,8.3,0.374273,180.0,24.1
2022-11-06 10:00:00,0.0,5.6,1008.2,83.0,8.3,0.367194,180.0,24.1
2022-11-06 11:00:00,0.3,5.6,1008.2,83.0,8.3,0.370877,180.0,24.1
2022-11-06 12:00:00,1.3,5.6,1004.9,86.0,7.8,0.403244,180.0,25.9
2022-11-06 13:00:00,1.3,5.7,1003.8,90.0,7.2,0.431538,180.0,27.7
2022-11-06 14:00:00,1.5,5.7,1003.8,90.0,7.2,0.47799,180.0,27.7
2022-11-06 15:00:00,0.7,3.8,1004.0,82.0,6.7,0.525345,280.0,11.2
2022-11-06 16:00:00,5.6,3.9,1004.1,89.0,5.6,0.572803,280.0,7.6
2022-11-06 17:00:00,1.8,5.0,1004.4,96.0,5.6,0.598208,180.0,5.4
2022-11-06 18:00:00,0.5,4.4,1003.3,96.0,5.0,0.599544,140.0,14.8
2022-11-06 19:00:00,0.5,4.4,1003.3,96.0,5.0,0.606663,140.0,14.8
2022-11-06 20:00:00,0.3,3.4,1002.9,93.0,4.4,0.611572,130.0,14.8
2022-11-06 21:00:00,0.5,3.3,1000.7,96.0,3.9,0.619106,150.0,7.6
2022-11-06 22:00:00,0.5,4.4,999.9,100.0,4.4,0.612323,0.0,0.0
2022-11-06 23:00:00,0.8,3.3,999.4,96.0,3.9,0.605207,320.0,7.6
2022-11-07 00:00:00,0.8,3.3,999.4,96.0,3.9,0.621538,320.0,7.6
2022-11-07 01:00:00,0.5,3.3,998.8,100.0,3.3,0.663772,310.0,5.4
2022-11-07 02:00:00,0.3,2.8,998.0,100.0,2.8,0.66169,0.0,0.0
2022-11-07 03:00:00,1.1,3.3,998.3,100.0,3.3,0.642715,220.0,7.6
2022-11-07 04:00:00,0.0,3.3,998.3,100.0,3.3,0.606501,220.0,7.6
2022-11-07 05:00:00,1.0,3.3,998.5,100.0,3.3,0.560649,200.0,7.6
2022-11-07 06:00:00,0.9,3.3,999.0,100.0,3.3,0.507195,200.0,9.4
2022-11-07 07:00:00,1.3,2.2,999.4,100.0,2.2,0.465883,210.0,5.4
2022-11-07 08:00:00,0.5,2.2,999.4,100.0,2.2,0.438669,210.0,5.4
2022-11-07 09:00:00,0.0,2.8,1000.1,100.0,2.8,0.441759,130.0,5.4
2022-11-07 10:00:00,0.0,2.8,1000.1,100.0,2.8,0.440394,130.0,5.4
2022-11-07 11:00:00,0.0,2.2,1000.0,96.0,2.8,0.45104,170.0,13.0
2022-11-07 12:00:00,0.3,2.3,1000.0,89.0,3.9,0.483952,170.0,16.6
2022-11-07 13:00:00,0.3,2.3,1000.3,89.0,3.9,0.560752,170.0,16.6
2022-11-07 14:00:00,0.0,2.3,1000.6,86.0,4.4,0.646709,170.0,18.4
2022-11-07 15:00:00,0.0,2.3,1000.6,86.0,4.4,0.696305,170.0,18.4
2022-11-07 16:00:00,0.0,2.3,1001.8,86.0,4.4,0.691179,170.0,27.7
2022-11-07 17:00:00,0.3,2.3,1001.8,86.0,4.4,0.650405,170.0,27.7
2022-11-07 18:00:00,0.0,2.8,1002.1,82.0,5.6,0.702074,160.0,29.5
2022-11-07 19:00:00,1.3,2.3,1002.8,86.0,4.4,0.709493,170.0,24.1
2022-11-07 20:00:00,0.3,3.3,1003.2,89.0,5.0,0.668084,160.0,18.4
2022-11-07 21:00:00,0.3,3.3,1003.7,82.0,6.1,0.655263,170.0,22.3
2022-11-07 22:00:00,0.1,3.3,1004.0,82.0,6.1,0.665218,160.0,24.1
2022-11-07 23:00:00,0.0,3.3,1004.7,85.0,5.6,0.66415,160.0,18.4
2022-11-08 00:00:00,0.3,3.3,1005.0,89.0,5.0,0.69992,170.0,13.0
2022-11-08 01:00:00,0.5,3.3,1005.0,89.0,5.0,0.738435,170.0,13.0
2022-11-08 02:00:00,0.0,2.7,1005.9,89.0,4.4,0.742077,140.0,14.8
2022-11-08 03:00:00,0.0,2.7,1005.9,89.0,4.4,0.683386,140.0,14.8
2022-11-08 04:00:00,0.0,2.9,1006.0,93.0,3.9,0.636679,90.0,9.4
2022-11-08 05:00:00,0.0,2.3,1006.3,93.0,3.3,0.573709,50.0,7.6
2022-11-08 06:00:00,0.0,2.9,1006.5,97.0,3.3,0.531585,70.0,5.4
2022-11-08 07:00:00,0.0,1.8,1007.0,97.0,2.2,0.487205,340.0,5.4
2022-11-08 08:00:00,0.0,2.2,1007.2,96.0,2.8,0.464458,340.0,5.4
2022-11-08 09:00:00,0.2,0.7,1007.2,97.0,1.1,0.468227,0.0,0.0
2022-11-08 10:00:00,0.0,0.7,1007.2,97.0,1.1,0.462735,0.0,0.0
2022-11-08 11:00:00,0.0,2.3,1007.5,93.0,3.3,0.462101,360.0,7.6
2022-11-08 12:00:00,0.0,2.2,1007.4,96.0,2.8,0.491622,360.0,7.6
2022-11-08 13:00:00,0.0,1.8,1007.7,97.0,2.2,0.561861,360.0,9.4
2022-11-08 14:00:00,0.0,1.7,1007.6,100.0,1.7,0.660096,340.0,7.6
2022-11-08 15:00:00,0.0,1.7,1007.6,100.0,1.7,0.70467,340.0,7.6
2022-11-08 16:00:00,0.0,2.3,1008.6,93.0,3.3,0.626734,350.0,14.8
2022-11-08 17:00:00,0.0,4.3,1007.9,82.0,7.2,0.518008,5.0,14.8
2022-11-08 18:00:00,0.0,4.3,1007.4,73.0,8.9,0.461062,350.0,14.8
2022-11-08 19:00:00,0.0,4.3,1007.4,73.0,8.9,0.42963,350.0,14.8
2022-11-08 20:00:00,0.0,3.9,1006.3,61.0,11.1,0.400949,10.0,20.5
2022-11-08 21:00:00,0.0,3.4,1006.2,59.0,11.1,0.398587,30.0,16.6
2022-11-08 22:00:00,0.0,2.1,1006.9,58.0,10.0,0.50227,30.0,16.6
2022-11-08 23:00:00,0.0,1.7,1007.0,63.0,8.3,0.544766,30.0,20.5
2022-11-09 00:00:00,0.0,1.7,1007.0,63.0,8.3,0.59898,30.0,20.5
2022-11-09 01:00:00,0.0,1.2,1007.6,68.0,6.7,0.659801,20.0,14.8
2022-11-09 02:00:00,0.0,0.6,1008.5,68.0,6.1,0.647798,5.0,14.8
2022-11-09 03:00:00,0.0,0.0,1008.6,70.0,5.0,0.619624,10.0,13.0
2022-11-09 04:00:00,0.0,-0.7,1008.6,64.0,5.6,0.591321,10.0,20.5
2022-11-09 05:00:00,0.0,-0.7,1008.6,64.0,5.6,0.553615,10.0,20.5
2022-11-09 06:00:00,0.0,0.6,1009.3,79.0,3.9,0.516221,10.0,14.8
2022-11-09 07:00:00,0.0,0.0,1009.9,79.0,3.3,0.472649,360.0,13.0
2022-11-09 08:00:00,0.0,0.0,1010.0,79.0,3.3,0.454027,360.0,16.6
2022-11-09 09:00:00,0.0,-0.5,1010.9,76.0,3.3,0.450762,350.0,14.8
2022-11-09 10:00:00,0.0,-0.5,1010.9,76.0,3.3,0.449716,350.0,14.8
2022-11-09 11:00:00,0.0,-1.6,1012.5,85.0,0.6,0.467952,340.0,5.4
2022-11-09 12:00:00,0.0,-2.2,1013.6,92.0,-1.1,0.513788,0.0,0.0
2022-11-09 13:00:00,0.0,-1.7,1014.4,96.0,-1.1,0.597502,0.0,0.0
2022-11-09 14:00:00,0.0,-1.7,1014.4,96.0,-1.1,0.684153,0.0,0.0
2022-11-09 15:00:00,0.0,-2.8,1016.8,92.0,-1.7,0.754283,0.0,0.0
2022-11-09 16:00:00,0.0,-0.1,1017.8,85.0,2.2,0.667833,150.0,7.6
2022-11-09 17:00:00,0.0,0.1,1018.7,76.0,3.9,0.561124,150.0,11.2
2022-11-09 18:00:00,0.0,0.6,1019.5,70.0,5.6,0.452195,120.0,9.4
2022-11-09 19:00:00,0.0,0.6,1019.5,70.0,5.6,0.428228,120.0,9.4
2022-11-09 20:00:00,0.0,1.2,1020.2,63.0,7.8,0.388562,2.0,9.4
2022-11-09 21:00:00,0.0,1.2,1020.7,61.0,8.3,0.368555,181.0,5.4
2022-11-09 22:00:00,0.0,1.8,1021.2,59.0,9.4,0.397346,160.0,9.4
2022-11-09 23:00:00,0.0,2.7,1021.8,63.0,9.4,0.478483,0.0,0.0
2022-11-10 00:00:00,0.0,2.7,1021.8,63.0,9.4,0.546121,0.0,0.0
2022-11-10 01:00:00,0.0,2.2,1023.2,79.0,5.6,0.640656,240.0,11.2
2022-11-10 02:00:00,0.0,0.6,1024.2,89.0,2.2,0.673987,240.0,9.4
2022-11-10 03:00:00,0.0,2.3,1024.9,89.0,3.9,0.631643,0.0,0.0
2022-11-10 04:00:00,0.0,1.0,1025.5,92.0,2.2,0.617391,0.0,0.0
2022-11-10 05:00:00,0.0,1.0,1025.5,92.0,2.2,0.581659,0.0,0.0
2022-11-10 06:00:00,0.0,-1.7,1026.5,92.0,-0.6,0.53313,30.0,5.4
2022-11-10 07:00:00,0.0,-1.7,1026.5,92.0,-0.6,0.504333,30.0,5.4
2022-11-10 08:00:00,0.0,-1.1,1027.3,92.0,0.0,0.490902,290.0,7.6
2022-11-10 09:00:00,0.0,-1.1,1027.3,92.0,0.0,0.488392,290.0,7.6
2022-11-10 10:00:00,0.0,-0.6,1027.9,96.0,0.0,0.493805,360.0,5.4
2022-11-10 11:00:00,0.0,0.0,1027.9,96.0,0.6,0.488091,0.0,0.0
2022-11-10 12:00:00,0.0,-0.1,1028.0,92.0,1.1,0.52354,0.0,0.0
2022-11-10 13:00:00,0.0,0.7,1028.3,97.0,1.1,0.573653,0.0,0.0
2022-11-10 14:00:00,0.0,0.7,1028.3,97.0,1.1,0.669973,0.0,0.0
2022-11-10 15:00:00,0.0,-0.6,1029.1,96.0,0.0,0.715343,0.0,0.0
2022-11-10 16:00:00,0.0,1.8,1029.3,93.0,2.8,0.696873,310.0,5.4
2022-11-10 17:00:00,0.0,1.8,1029.3,93.0,2.8,0.672079,310.0,5.4
2022-11-10 18:00:00,0.0,3.3,1029.2,82.0,6.1,0.588246,0.0,0.0
2022-11-10 19:00:00,0.0,3.3,1029.2,82.0,6.1,0.455239,0.0,0.0
2022-11-10 20:00:00,0.0,3.9,1027.9,71.0,8.9,0.388027,0.0,0.0
2022-11-10 21:00:00,0.0,4.0,1027.1,69.0,9.4,0.403458,130.0,5.4
2022-11-10 22:00:00,0.0,3.9,1026.8,66.0,10.0,0.443523,0.0,0.0
2022-11-10 23:00:00,0.0,3.3,1026.4,63.0,10.0,0.487934,0.0,0.0
2022-11-11 00:00:00,0.0,3.3,1026.4,63.0,10.0,0.545878,0.0,0.0
2022-11-11 01:00:00,0.0,2.9,1025.6,86.0,5.0,0.61162,320.0,5.4
2022-11-11 02:00:00,0.0,2.3,1025.1,89.0,3.9,0.628359,0.0,0.0
2022-11-11 03:00:00,0.0,2.7,1024.8,89.0,4.4,0.604398,350.0,11.2
2022-11-11 04:00:00,0.0,2.7,1024.8,89.0,4.4,0.596686,350.0,11.2
2022-11-11 05:00:00,0.0,1.0,1024.1,92.0,2.2,0.558162,0.0,0.0
2022-11-11 06:00:00,0.0,0.5,1023.7,92.0,1.7,0.525014,0.0,0.0
2022-11-11 07:00:00,0.0,-1.2,1023.4,96.0,-0.6,0.492499,270.0,5.4
2022-11-11 08:00:00,0.0,0.0,1022.7,100.0,0.0,0.482067,0.0,0.0
2022-11-11 09:00:00,0.0,0.0,1022.7,100.0,0.0,0.472854,0.0,0.0
2022-11-11 10:00:00,0.0,1.1,1021.9,96.0,1.7,0.468709,0.0,0.0
2022-11-11 11:00:00,0.0,1.1,1021.3,96.0,1.7,0.469043,0.0,0.0
2022-11-11 12:00:00,0.0,1.1,1021.3,96.0,1.7,0.501197,0.0,0.0
2022-11-11 13:00:00,0.0,1.8,1020.7,97.0,2.2,0.542238,0.0,0.0
2022-11-11 14:00:00,0.0,2.2,1020.4,100.0,2.2,0.599093,0.0,0.0
2022-11-11 15:00:00,0.0,1.8,1019.6,93.0,2.8,0.673429,70.0,5.4
2022-11-11 16:00:00,0.0,2.9,1018.9,97.0,3.3,0.670467,0.0,0.0
2022-11-11 17:00:00,0.0,3.3,1018.5,89.0,5.0,0.648177,360.0,5.4
2022-11-11 18:00:00,0.0,3.3,1018.5,89.0,5.0,0.607035,360.0,5.4
2022-11-11 19:00:00,0.0,1.7,1017.5,63.0,8.3,0.527133,340.0,7.6
2022-11-11 20:00:00,0.0,1.1,1017.5,58.0,8.9,0.608647,340.0,5.4
2022-11-11 21:00:00,0.0,1.1,1017.5,58.0,8.9,0.6062,348.0,5.4
2022-11-11 22:00:00,0.8,4.4,1017.7,89.0,6.1,0.619182,0.0,0.0
2022-11-11 23:00:00,2.0,4.4,1017.7,89.0,6.1,0.626183,0.0,0.0
2022-11-12 00:00:00,1.5,5.1,1017.8,93.0,6.1,0.644001,330.0,5.4
2022-11-12 01:00:00,0.3,4.4,1017.8,92.0,5.6,0.657407,10.0,7.6
2022-11-12 02:00:00,0.0,4.0,1017.8,93.0,5.0,0.645133,330.0,11.2
2022-11-12 03:00:00,0.0,4.4,1017.8,96.0,5.0,0.595518,360.0,5.4
2022-11-12 04:00:00,0.0,4.4,1017.8,96.0,5.0,0.558802,360.0,5.4
2022-11-12 05:00:00,0.0,3.3,1018.7,89.0,5.0,0.510253,310.0,7.6
2022-11-12 06:00:00,0.3,3.4,1019.1,93.0,4.4,0.490673,340.0,9.4
2022-11-12 07:00:00,0.0,2.7,1019.5,89.0,4.4,0.44699,350.0,13.0
2022-11-12 08:00:00,0.0,2.7,1019.8,89.0,4.4,0.42573,340.0,9.4
2022-11-12 09:00:00,0.5,2.7,1019.8,89.0,4.4,0.415453,340.0,9.4
2022-11-12 10:00:00,0.0,2.9,1020.1,93.0,3.9,0.417606,360.0,9.4
2022-11-12 11:00:00,0.6,2.9,1020.1,93.0,3.9,0.43047,360.0,9.4
2022-11-12 12:00:00,0.8,2.7,1020.9,89.0,4.4,0.442299,350.0,11.2
2022-11-12 13:00:00,0.0,2.3,1021.5,86.0,4.4,0.476189,350.0,9.4
2022-11-12 14:00:00,0.3,2.3,1021.5,86.0,4.4,0.523335,350.0,9.4
2022-11-12 15:00:00,0.0,2.3,1022.2,89.0,3.9,0.581688,10.0,5.4
2022-11-12 16:00:00,0.0,2.9,1022.4,86.0,5.0,0.615668,340.0,9.4
2022-11-12 17:00:00,0.0,2.2,1023.0,76.0,6.1,0.605994,360.0,11.2
2022-11-12 18:00:00,0.0,2.2,1023.0,76.0,6.1,0.539622,360.0,11.2
2022-11-12 19:00:00,0.0,2.1,1023.4,65.0,8.3,0.514022,340.0,5.4
2022-11-12 20:00:00,0.0,2.2,1023.2,63.0,8.9,0.427211,10.0,5.4
2022-11-12 21:00:00,0.0,2.3,1023.2,61.0,9.4,0.419556,0.0,0.0
2022-11-12 22:00:00,0.0,2.1,1023.1,58.0,10.0,0.386654,0.0,0.0
2022-11-12 23:00:00,0.0,2.1,1023.1,58.0,10.0,0.440704,0.0,0.0
2022-11-13 00:00:00,0.0,2.7,1023.7,79.0,6.1,0.508962,220.0,5.4
2022-11-13 01:00:00,0.0,2.3,1024.1,86.0,4.4,0.567119,0.0,0.0
2022-11-13 02:00:00,0.0,1.2,1024.5,89.0,2.8,0.575357,0.0,0.0
2022-11-13 03:00:00,0.0,2.3,1024.7,89.0,3.9,0.561446,320.0,5.4
2022-11-13 04:00:00,0.0,2.3,1024.7,89.0,3.9,0.565183,320.0,5.4
2022-11-13 05:00:00,0.0,0.7,1026.0,97.0,1.1,0.548982,0.0,0.0
2022-11-13 06:00:00,0.0,0.7,1026.0,97.0,1.1,0.529555,0.0,0.0
2022-11-13 07:00:00,0.0,-0.6,1026.2,100.0,-0.6,0.50009,0.0,0.0
2022-11-13 08:00:00,0.0,-1.7,1026.8,96.0,-1.1,0.472441,0.0,0.0
2022-11-13 09:00:00,0.0,-1.7,1026.8,96.0,-1.1,0.454738,0.0,0.0
2022-11-13 10:00:00,0.0,-0.6,1027.5,100.0,-0.6,0.453365,0.0,0.0
2022-11-13 11:00:00,0.0,0.0,1027.6,100.0,0.0,0.460618,0.0,0.0
2022-11-13 12:00:00,0.0,0.0,1027.6,100.0,0.0,0.480073,0.0,0.0
2022-11-13 13:00:00,0.0,0.0,1028.0,100.0,0.0,0.513919,0.0,0.0
2022-11-13 14:00:00,0.0,-0.6,1028.3,100.0,-0.6,0.570488,0.0,0.0
2022-11-13 15:00:00,0.0,-0.6,1028.3,100.0,-0.6,0.634151,0.0,0.0
2022-11-13 16:00:00,0.0,-1.2,1028.5,96.0,-0.6,0.688272,310.0,7.6
2022-11-13 17:00:00,0.0,0.7,1029.0,97.0,1.1,0.688253,0.0,0.0
2022-11-13 18:00:00,0.0,0.7,1029.0,97.0,1.1,0.639879,0.0,0.0
2022-11-13 19:00:00,0.0,1.8,1028.9,97.0,2.2,0.6281,0.0,0.0
2022-11-13 20:00:00,0.0,2.2,1028.5,96.0,2.8,0.547544,0.0,0.0
2022-11-13 21:00:00,0.0,3.3,1027.2,82.0,6.1,0.506114,0.0,0.0
2022-11-13 22:00:00,0.0,4.0,1026.7,80.0,7.2,0.519827,0.0,0.0
2022-11-13 23:00:00,0.0,4.0,1026.7,80.0,7.2,0.536964,0.0,0.0
2022-11-14 00:00:00,0.0,2.9,1026.5,86.0,5.0,0.611768,0.0,0.0
2022-11-14 01:00:00,0.0,2.2,1026.4,96.0,2.8,0.685524,0.0,0.0
2022-11-14 02:00:00,0.0,2.2,1026.4,96.0,2.8,0.690704,0.0,0.0
2022-11-14 03:00:00,0.0,2.3,1026.4,93.0,3.3,0.673081,340.0,5.4
2022-11-14 04:00:00,0.0,2.3,1026.4,93.0,3.3,0.652028,340.0,5.4
2022-11-14 05:00:00,0.0,1.8,1026.8,86.0,3.9,0.604297,3.0,9.4
2022-11-14 06:00:00,0.0,1.1,1026.6,79.0,4.4,0.550785,350.0,9.4
2022-11-14 07:00:00,0.0,0.0,1026.3,79.0,3.3,0.498839,320.0,11.2
2022-11-14 08:00:00,0.0,0.1,1026.4,76.0,3.9,0.485167,330.0,9.4
2022-11-14 09:00:00,0.0,0.1,1026.4,76.0,3.9,0.474041,330.0,9.4
2022-11-14 10:00:00,0.0,-0.5,1026.6,76.0,3.3,0.4821,360.0,16.6
2022-11-14 11:00:00,0.0,-0.5,1026.4,73.0,3.9,0.483053,360.0,16.6
2022-11-14 12:00:00,0.0,-1.1,1026.6,73.0,3.3,0.520033,340.0,16.6
2022-11-14 13:00:00,0.0,-1.1,1026.6,73.0,3.3,0.583325,340.0,16.6
2022-11-14 14:00:00,0.0,-1.6,1026.3,65.0,4.4,0.688146,6.0,13.0
2022-11-14 15:00:00,0.0,-1.7,1026.7,62.0,5.0,0.729119,350.0,16.6
2022-11-14 16:00:00,0.0,-0.1,1026.7,60.0,7.2,0.645482,10.0,14.8
2022-11-14 17:00:00,0.0,0.0,1026.9,52.0,9.4,0.524035,20.0,22.3
2022-11-14 18:00:00,0.0,0.0,1026.9,52.0,9.4,0.453752,20.0,22.3
2022-11-14 19:00:00,0.0,1.2,1026.0,47.0,12.2,0.403609,10.0,22.3
2022-11-14 20:00:00,0.0,1.0,1025.3,43.0,13.3,0.372922,7.0,22.3
2022-11-14 21:00:00,0.0,1.2,1025.2,42.0,13.9,0.361244,360.0,20.5
2022-11-14 22:00:00,0.0,1.0,1025.2,43.0,13.3,0.39897,30.0,20.5
2022-11-14 23:00:00,0.0,1.0,1025.2,43.0,13.3,0.495302,30.0,20.5
2022-11-15 00:00:00,0.0,-0.5,1026.0,50.0,9.4,0.55091,30.0,24.1
2022-11-15 01:00:00,0.0,-0.7,1026.4,55.0,7.8,0.610037,20.0,18.4
2022-11-15 02:00:00,0.0,-1.0,1026.9,56.0,7.2,0.637098,10.0,20.5
2022-11-15 03:00:00,0.0,-1.0,1026.9,56.0,7.2,0.625418,10.0,20.5
2022-11-15 04:00:00,0.0,-1.8,1028.1,59.0,5.6,0.582715,360.0,20.5
2022-11-15 05:00:00,0.0,-1.8,1028.7,59.0,5.6,0.553178,5.0,20.5
2022-11-15 06:00:00,0.0,-2.1,1028.9,60.0,5.0,0.504893,350.0,16.6
2022-11-15 07:00:00,0.0,-2.7,1029.0,60.0,4.4,0.456792,360.0,11.2
2022-11-15 08:00:00,0.0,-2.7,1029.0,60.0,4.4,0.440452,360.0,11.2
2022-11-15 09:00:00,0.0,-2.9,1029.0,64.0,3.3,0.440401,340.0,9.4
2022-11-15 10:00:00,0.0,-2.9,1029.4,64.0,3.3,0.459284,340.0,13.0
2022-11-15 11:00:00,0.0,-2.7,1029.9,62.0,3.9,0.480604,5.0,13.0
2022-11-15 12:00:00,0.0,-2.7,1030.5,62.0,3.9,0.5125,350.0,20.5
2022-11-15 13:00:00,0.0,-2.7,1030.5,62.0,3.9,0.584969,350.0,20.5
2022-11-15 14:00:00,0.0,-3.4,1030.9,59.0,3.9,0.680505,350.0,18.4
2022-11-15 15:00:00,0.0,-2.7,1031.3,62.0,3.9,0.721732,340.0,16.6
2022-11-15 16:00:00,0.0,-2.3,1031.9,55.0,6.1,0.647172,340.0,16.6
2022-11-15 17:00:00,0.0,-1.7,1032.3,51.0,7.8,0.552231,4.0,16.6
2022-11-15 18:00:00,0.0,-1.7,1032.3,51.0,7.8,0.456454,340.0,14.8
2022-11-15 19:00:00,0.0,-0.5,1031.8,43.0,11.7,0.416656,20.0,13.0
2022-11-15 20:00:00,0.0,-1.0,1031.6,40.0,12.2,0.379094,20.0,14.8
2022-11-15 21:00:00,0.0,-0.5,1031.4,40.0,12.8,0.376186,20.0,18.4
2022-11-15 22:00:00,0.0,-0.5,1031.4,40.0,12.8,0.406329,20.0,18.4
2022-11-15 23:00:00,0.0,-0.7,1031.8,44.0,11.1,0.470284,4.0,16.6
2022-11-16 00:00:00,0.0,-0.5,1032.1,54.0,8.3,0.547248,350.0,14.8
2022-11-16 01:00:00,0.0,-1.0,1032.2,56.0,7.2,0.612825,350.0,16.6
2022-11-16 02:00:00,0.0,-1.7,1032.5,55.0,6.7,0.642955,4.0,16.6
2022-11-16 03:00:00,0.0,-1.8,1032.9,59.0,5.6,0.613627,350.0,14.8
2022-11-16 04:00:00,0.0,-1.8,1032.9,59.0,5.6,0.593508,350.0,14.8
2022-11-16 05:00:00,0.0,-2.2,1033.8,67.0,3.3,0.545655,360.0,11.2
2022-11-16 06:00:00,0.0,-2.2,1033.9,67.0,3.3,0.501895,360.0,9.4
2022-11-16 07:00:00,0.0,-2.7,1034.2,70.0,2.2,0.467679,360.0,9.4
2022-11-16 08:00:00,0.0,-2.7,1034.2,70.0,2.2,0.447675,360.0,9.4
2022-11-16 09:00:00,0.0,-2.8,1034.2,72.0,1.7,0.454386,350.0,11.2
2022-11-16 10:00:00,0.0,-2.7,1034.2,70.0,2.2,0.450611,350.0,11.2
2022-11-16 11:00:00,0.0,-3.2,1034.0,73.0,1.1,0.47005,360.0,11.2
2022-11-16 12:00:00,0.0,-3.2,1034.0,73.0,1.1,0.502801,360.0,11.2
2022-11-16 13:00:00,0.0,-3.4,1033.9,69.0,1.7,0.576868,360.0,9.4
2022-11-16 14:00:00,0.0,-3.2,1033.8,79.0,0.0,0.663944,350.0,9.4
2022-11-16 15:00:00,0.0,-2.8,1034.1,75.0,1.1,0.732098,360.0,9.4
2022-11-16 16:00:00,0.0,-2.8,1034.3,75.0,1.1,0.665313,350.0,9.4
2022-11-16 17:00:00,0.0,-1.6,1034.3,65.0,4.4,0.546464,350.0,9.4
2022-11-16 18:00:00,0.0,-1.0,1033.6,52.0,8.3,0.460027,350.0,9.4
2022-11-16 19:00:00,0.0,-1.1,1032.7,46.0,10.0,0.403248,30.0,13.0
2022-11-16 20:00:00,0.0,-0.7,1031.8,44.0,11.1,0.374788,30.0,11.2
2022-11-16 21:00:00,0.0,-1.1,1030.9,41.0,11.7,0.372625,10.0,11.2
2022-11-16 22:00:00,0.0,-1.1,1030.9,41.0,11.7,0.398721,10.0,11.2
2022-11-16 23:00:00,0.0,-1.1,1030.1,46.0,10.0,0.471662,60.0,7.6
2022-11-17 00:00:00,0.0,-1.7,1029.7,53.0,7.2,0.567651,70.0,7.6
2022-11-17 01:00:00,0.0,-2.3,1029.4,55.0,6.1,0.62298,20.0,5.4
2022-11-17 02:00:00,0.0,-2.3,1029.4,55.0,6.1,0.636735,20.0,5.4
2022-11-17 03:00:00,0.0,-2.8,1029.4,72.0,1.7,0.632203,10.0,5.4
2022-11-17 04:00:00,0.0,-2.8,1029.1,78.0,0.6,0.63045,0.0,0.0
2022-11-17 05:00:00,0.0,-3.3,1029.4,89.0,-1.7,0.589544,0.0,0.0
2022-11-17 06:00:00,0.0,-3.3,1029.2,85.0,-1.1,0.536957,330.0,5.4
2022-11-17 07:00:00,0.0,-2.9,1029.2,81.0,0.0,0.498104,350.0,11.2
2022-11-17 08:00:00,0.0,-2.9,1029.2,81.0,0.0,0.477814,350.0,11.2
2022-11-17 09:00:00,0.0,-3.2,1029.3,79.0,0.0,0.490503,340.0,11.2
2022-11-17 10:00:00,0.0,-3.2,1029.4,79.0,0.0,0.50096,350.0,11.2
2022-11-17 11:00:00,0.0,-3.2,1029.1,79.0,0.0,0.52398,4.0,11.2
2022-11-17 12:00:00,0.0,-3.2,1029.1,79.0,0.0,0.562416,360.0,14.8
2022-11-17 13:00:00,0.0,-3.2,1028.4,73.0,1.1,0.632035,350.0,16.6
2022-11-17 14:00:00,0.0,-4.0,1028.5,69.0,1.1,0.746586,5.0,16.6
2022-11-17 15:00:00,0.0,-3.4,1029.2,69.0,1.7,0.782572,340.0,18.4
2022-11-17 16:00:00,0.0,-3.3,1029.5,64.0,2.8,0.743319,350.0,20.5
2022-11-17 17:00:00,0.0,-3.3,1029.5,64.0,2.8,0.649576,350.0,20.5
2022-11-17 18:00:00,0.0,-2.8,1029.9,47.0,7.8,0.590311,20.0,18.4
2022-11-17 19:00:00,0.0,-2.7,1029.3,46.0,8.3,0.47065,40.0,24.1
2022-11-17 20:00:00,0.0,-2.3,1029.0,42.0,10.0,0.429482,40.0,27.7
2022-11-17 21:00:00,0.0,-2.3,1029.0,42.0,10.0,0.426377,50.0,27.7
2022-11-17 22:00:00,0.0,-2.7,1028.6,41.0,10.0,0.460303,40.0,29.5
2022-11-17 23:00:00,0.0,-2.9,1028.3,42.0,9.4,0.525803,40.0,24.1
2022-11-18 00:00:00,0.0,-2.1,1029.0,46.0,8.9,0.61812,30.0,24.1
2022-11-18 01:00:00,0.0,-2.7,1029.6,51.0,6.7,0.685014,20.0,20.5
2022-11-18 02:00:00,0.0,-2.8,1029.7,57.0,5.0,0.676415,10.0,18.4
2022-11-18 03:00:00,0.0,-3.4,1029.8,57.0,4.4,0.661989,10.0,16.6
2022-11-18 04:00:00,0.0,-3.3,1030.0,62.0,3.3,0.634564,350.0,18.4
2022-11-18 05:00:00,0.0,-4.4,1030.3,57.0,3.3,0.601244,10.0,16.6
2022-11-18 06:00:00,0.0,-4.9,1030.8,55.0,3.3,0.543099,10.0,18.4
2022-11-18 07:00:00,0.0,-5.6,1030.9,54.0,2.8,0.511283,360.0,16.6
2022-11-18 08:00:00,0.0,-5.6,1030.9,54.0,2.8,0.498118,360.0,16.6
2022-11-18 09:00:00,0.0,-6.6,1030.4,50.0,2.8,0.492097,340.0,18.4
2022-11-18 10:00:00,0.0,-6.6,1030.5,50.0,2.8,0.50007,360.0,16.6
2022-11-18 11:00:00,0.0,-7.2,1030.3,50.0,2.2,0.50957,350.0,20.5
2022-11-18 12:00:00,0.0,-7.2,1030.3,50.0,2.2,0.548152,350.0,20.5
2022-11-18 13:00:00,0.0,-7.9,1030.2,49.0,1.7,0.620482,350.0,18.4
2022-11-18 14:00:00,0.0,-8.4,1030.4,47.0,1.7,0.691308,350.0,20.5
2022-11-18 15:00:00,0.0,-7.7,1030.9,48.0,2.2,0.758764,340.0,20.5
2022-11-18 16:00:00,0.0,-7.7,1030.9,48.0,2.2,0.723682,340.0,20.5
2022-11-18 17:00:00,0.0,-7.7,1030.7,41.0,4.4,0.60883,350.0,20.5
2022-11-18 18:00:00,0.0,-6.0,1030.7,37.0,7.8,0.495291,340.0,16.6
2022-11-18 19:00:00,0.0,-7.8,1029.8,29.0,9.4,0.442276,10.0,22.3
2022-11-18 20:00:00,0.0,-7.2,1029.0,28.0,10.6,0.411529,10.0,14.8
2022-11-18 21:00:00,0.0,-7.2,1028.4,27.0,11.1,0.415991,10.0,18.4
2022-11-18 22:00:00,0.0,-7.2,1027.9,28.0,10.6,0.441045,360.0,18.4
2022-11-18 23:00:00,0.0,-7.2,1027.9,28.0,10.6,0.50419,360.0,18.4
2022-11-19 00:00:00,0.0,-6.5,1027.7,33.0,8.9,0.59278,20.0,14.8
2022-11-19 01:00:00,0.0,-6.6,1027.6,41.0,5.6,0.642493,340.0,11.2
2022-11-19 02:00:00,0.0,-6.8,1027.5,44.0,4.4,0.663564,350.0,14.8
2022-11-19 03:00:00,0.0,-6.7,1027.4,48.0,3.3,0.64464,350.0,9.4
2022-11-19 04:00:00,0.0,-7.1,1027.6,48.0,2.8,0.617768,350.0,14.8
2022-11-19 05:00:00,0.0,-7.1,1027.6,48.0,2.8,0.589717,350.0,14.8
2022-11-19 06:00:00,0.0,-6.6,1028.2,50.0,2.8,0.556762,350.0,14.8
2022-11-19 07:00:00,0.0,-6.6,1028.2,50.0,2.8,0.525181,350.0,14.8
2022-11-19 08:00:00,0.0,-7.1,1028.0,52.0,1.7,0.497748,360.0,13.0
2022-11-19 09:00:00,0.0,-7.1,1027.5,52.0,1.7,0.488328,350.0,14.8
2022-11-19 10:00:00,0.0,-7.1,1027.5,52.0,1.7,0.49464,350.0,14.8
2022-11-19 11:00:00,0.0,-7.1,1026.8,52.0,1.7,0.511505,4.0,16.6
2022-11-19 12:00:00,0.0,-7.1,1026.8,52.0,1.7,0.535679,350.0,14.8
2022-11-19 13:00:00,0.0,-7.9,1026.4,53.0,0.6,0.576911,350.0,13.0
2022-11-19 14:00:00,0.0,-7.2,1025.8,54.0,1.1,0.640186,350.0,14.8
2022-11-19 15:00:00,0.0,-7.1,1025.9,52.0,1.7,0.686887,350.0,16.6
2022-11-19 16:00:00,0.0,-6.1,1025.8,50.0,3.3,0.673658,350.0,14.8
2022-11-19 17:00:00,0.0,-6.1,1025.8,50.0,3.3,0.595682,350.0,14.8
2022-11-19 18:00:00,0.0,-5.0,1025.3,45.0,6.1,0.498382,340.0,20.5
2022-11-19 19:00:00,0.0,-4.3,1024.8,42.0,7.8,0.444877,330.0,14.8
2022-11-19 20:00:00,0.0,-4.0,1024.2,40.0,8.9,0.414358,330.0,14.8
2022-11-19 21:00:00,0.0,-4.4,1023.9,36.0,10.0,0.40258,350.0,11.2
2022-11-19 22:00:00,0.0,-4.4,1023.9,36.0,10.0,0.429991,350.0,11.2
2022-11-19 23:00:00,0.0,-3.3,1023.8,44.0,8.3,0.514525,3.0,11.2
2022-11-20 00:00:00,0.0,-3.3,1023.8,44.0,8.3,0.574374,350.0,11.2
2022-11-20 01:00:00,0.0,-4.0,1024.2,50.0,5.6,0.634816,20.0,7.6
2022-11-20 02:00:00,0.0,-4.4,1024.5,57.0,3.3,0.631818,360.0,5.4
2022-11-20 03:00:00,0.0,-4.4,1025.3,69.0,0.6,0.631958,10.0,7.6
2022-11-20 04:00:00,0.0,-5.5,1025.5,72.0,-1.1,0.641001,360.0,7.6
2022-11-20 05:00:00,0.0,-5.0,1026.0,69.0,0.0,0.598273,2.0,7.6
2022-11-20 06:00:00,0.0,-5.5,1025.9,72.0,-1.1,0.571987,350.0,5.4
2022-11-20 07:00:00,0.0,-5.5,1025.9,72.0,-1.1,0.546562,350.0,5.4
2022-11-20 08:00:00,0.0,-5.5,1026.0,78.0,-2.2,0.53909,2.0,5.4
2022-11-20 09:00:00,0.0,-5.5,1026.2,78.0,-2.2,0.544041,310.0,5.4
2022-11-20 10:00:00,0.0,-5.6,1026.3,81.0,-2.8,0.550476,0.0,0.0
2022-11-20 11:00:00,0.0,-5.6,1026.3,81.0,-2.8,0.564877,0.0,0.0
2022-11-20 12:00:00,0.0,-6.1,1026.5,88.0,-4.4,0.587505,0.0,0.0
2022-11-20 13:00:00,0.0,-6.1,1027.0,88.0,-4.4,0.631534,0.0,0.0
2022-11-20 14:00:00,0.0,-6.7,1027.3,88.0,-5.0,0.705362,270.0,5.4
2022-11-20 15:00:00,0.0,-6.1,1027.6,92.0,-5.0,0.768556,0.0,0.0
2022-11-20 16:00:00,0.0,-6.1,1027.6,92.0,-5.0,0.770596,0.0,0.0
2022-11-20 17:00:00,0.0,-2.8,1028.1,72.0,1.7,0.661752,0.0,0.0
2022-11-20 18:00:00,0.0,-3.3,1027.9,62.0,3.3,0.554109,0.0,0.0
2022-11-20 19:00:00,0.0,-3.2,1027.3,53.0,5.6,0.489484,0.0,0.0
2022-11-20 20:00:00,0.0,-2.8,1026.7,53.0,6.1,0.440046,0.0,0.0
2022-11-20 21:00:00,0.0,-2.8,1026.7,53.0,6.1,0.433222,0.0,0.0
2022-11-20 22:00:00,0.0,-2.3,1026.1,49.0,7.8,0.503723,0.0,0.0
2022-11-20 23:00:00,0.0,-1.0,1025.5,58.0,6.7,0.569794,120.0,5.4
2022-11-21 00:00:00,0.0,-1.7,1025.6,62.0,5.0,0.642381,0.0,0.0
2022-11-21 01:00:00,0.0,-1.7,1025.6,62.0,5.0,0.671214,0.0,0.0
2022-11-21 02:00:00,0.0,-2.1,1025.8,79.0,1.1,0.692667,0.0,0.0
2022-11-21 03:00:00,0.0,-0.6,1025.8,82.0,2.2,0.681652,0.0,0.0
2022-11-21 04:00:00,0.0,-0.6,1025.8,82.0,2.2,0.646027,0.0,0.0
2022-11-21 05:00:00,0.0,-1.0,1025.7,82.0,1.7,0.591896,0.0,0.0
2022-11-21 06:00:00,0.0,-1.1,1026.0,85.0,1.1,0.54009,0.0,0.0
2022-11-21 07:00:00,0.0,-1.1,1026.0,85.0,1.1,0.49777,0.0,0.0
2022-11-21 08:00:00,0.0,-1.7,1026.0,92.0,-0.6,0.483498,0.0,0.0
2022-11-21 09:00:00,0.0,-2.2,1025.8,85.0,0.0,0.474208,0.0,0.0
2022-11-21 10:00:00,0.0,-1.7,1025.9,92.0,-0.6,0.484788,0.0,0.0
2022-11-21 11:00:00,0.0,-1.7,1025.9,92.0,-0.6,0.487801,0.0,0.0
2022-11-21 12:00:00,0.0,-0.6,1026.0,85.0,1.7,0.521273,0.0,0.0
2022-11-21 13:00:00,0.0,-0.1,1025.7,92.0,1.1,0.580581,0.0,0.0
2022-11-21 14:00:00,0.0,-0.7,1025.9,88.0,1.1,0.639834,0.0,0.0
2022-11-21 15:00:00,0.0,0.1,1025.8,89.0,1.7,0.703,120.0,5.4
2022-11-21 16:00:00,0.0,0.1,1025.8,89.0,1.7,0.692407,120.0,5.4
2022-11-21 17:00:00,0.0,0.0,1026.1,73.0,4.4,0.665284,0.0,0.0
2022-11-21 18:00:00,0.0,-1.1,1026.3,62.0,5.6,0.616841,0.0,0.0
2022-11-21 19:00:00,0.0,-0.5,1025.9,58.0,7.2,0.581967,0.0,0.0
2022-11-21 20:00:00,0.0,-0.7,1025.4,55.0,7.8,0.589358,0.0,0.0
2022-11-21 21:00:00,0.0,-0.7,1025.4,55.0,7.8,0.57862,0.0,0.0
2022-11-21 22:00:00,0.0,0.0,1024.7,56.0,8.3,0.58788,0.0,0.0
2022-11-21 23:00:00,0.0,1.2,1024.8,61.0,8.3,0.603728,290.0,5.4
2022-11-22 00:00:00,0.0,1.6,1024.3,65.0,7.8,0.634922,0.0,0.0
2022-11-22 01:00:00,0.0,2.8,1024.3,76.0,6.7,0.635877,0.0,0.0
2022-11-22 02:00:00,0.0,2.8,1024.3,76.0,6.7,0.653752,0.0,0.0
2022-11-22 03:00:00,0.0,1.1,1023.6,79.0,4.4,0.625268,0.0,0.0
2022-11-22 04:00:00,0.0,0.5,1023.4,85.0,2.8,0.587769,0.0,0.0
2022-11-22 05:00:00,0.0,0.6,1023.3,89.0,2.2,0.558367,0.0,0.0
2022-11-22 06:00:00,0.0,-0.6,1023.4,96.0,0.0,0.519824,0.0,0.0
2022-11-22 07:00:00,0.0,-0.6,1023.4,96.0,0.0,0.479102,0.0,0.0
2022-11-22 08:00:00,0.0,0.6,1022.7,89.0,2.2,0.459537,0.0,0.0
2022-11-22 09:00:00,0.0,1.2,1022.1,89.0,2.8,0.456706,150.0,5.4
2022-11-22 10:00:00,0.0,1.0,1021.5,92.0,2.2,0.454039,110.0,5.4
2022-11-22 11:00:00,0.0,1.0,1021.5,92.0,2.2,0.459904,110.0,5.4
2022-11-22 12:00:00,0.0,1.8,1020.1,93.0,2.8,0.487683,190.0,5.4
2022-11-22 13:00:00,0.0,1.8,1019.5,86.0,3.9,0.546406,0.0,0.0
2022-11-22 14:00:00,0.0,1.8,1019.0,86.0,3.9,0.597895,120.0,7.6
2022-11-22 15:00:00,0.0,1.8,1019.0,86.0,3.9,0.65185,120.0,7.6
2022-11-22 16:00:00,0.3,2.3,1017.6,89.0,3.9,0.65114,0.0,0.0
2022-11-22 17:00:00,0.8,2.3,1017.6,89.0,3.9,0.652461,0.0,0.0
2022-11-22 18:00:00,0.3,3.3,1013.9,85.0,5.6,0.632713,0.0,0.0
2022-11-22 19:00:00,0.4,3.3,1013.9,85.0,5.6,0.587117,0.0,0.0
2022-11-22 20:00:00,0.2,7.8,1013.0,90.0,9.4,0.630511,220.0,24.1
2022-11-22 21:00:00,4.3,8.9,1013.4,97.0,9.4,0.499064,210.0,20.5
2022-11-22 22:00:00,0.3,9.9,1015.4,77.0,13.9,0.472787,240.0,18.4
2022-11-22 23:00:00,0.0,7.9,1016.4,75.0,12.2,0.513383,230.0,22.3
2022-11-23 00:00:00,0.0,7.8,1017.8,83.0,10.6,0.571784,240.0,18.4
2022-11-23 01:00:00,0.0,7.2,1019.4,86.0,9.4,0.603798,230.0,18.4
2022-11-23 02:00:00,0.0,7.2,1019.4,86.0,9.4,0.610547,230.0,18.4
2022-11-23 03:00:00,0.0,7.2,1020.4,86.0,9.4,0.575476,210.0,13.0
2022-11-23 04:00:00,0.0,6.1,1022.3,86.0,8.3,0.556694,220.0,16.6
2022-11-23 05:00:00,0.0,5.0,1024.2,86.0,7.2,0.50775,240.0,14.8
2022-11-23 06:00:00,0.0,5.0,1024.2,86.0,7.2,0.480575,240.0,14.8
2022-11-23 07:00:00,0.0,3.3,1024.8,96.0,3.9,0.440491,30.0,5.4
2022-11-23 08:00:00,0.0,2.8,1025.2,100.0,2.8,0.420744,0.0,0.0
2022-11-23 09:00:00,0.0,1.7,1025.9,100.0,1.7,0.421273,340.0,5.4
2022-11-23 10:00:00,0.0,1.7,1025.9,100.0,1.7,0.433795,340.0,5.4
2022-11-23 11:00:00,0.0,0.7,1026.7,97.0,1.1,0.442638,330.0,5.4
2022-11-23 12:00:00,0.0,1.0,1027.5,92.0,2.2,0.454298,360.0,9.4
2022-11-23 13:00:00,0.0,1.0,1027.5,92.0,2.2,0.519843,360.0,9.4
2022-11-23 14:00:00,0.0,2.8,1028.6,100.0,2.8,0.572212,0.0,0.0
2022-11-23 15:00:00,0.0,2.9,1029.1,97.0,3.3,0.643751,350.0,7.6
2022-11-23 16:00:00,0.0,2.9,1029.1,97.0,3.3,0.657003,350.0,7.6
2022-11-23 17:00:00,0.0,4.0,1029.5,97.0,4.4,0.642226,160.0,5.4
2022-11-23 18:00:00,0.0,4.0,1029.5,97.0,4.4,0.627363,160.0,5.4
2022-11-23 19:00:00,0.0,5.6,1029.6,100.0,5.6,0.614078,0.0,0.0
2022-11-23 20:00:00,0.0,5.6,1029.4,100.0,5.6,0.603261,0.0,0.0
2022-11-23 21:00:00,0.0,5.7,1029.0,97.0,6.1,0.580314,270.0,5.4
2022-11-23 22:00:00,0.0,6.1,1028.7,96.0,6.7,0.545693,0.0,0.0
2022-11-23 23:00:00,0.0,6.7,1027.9,93.0,7.8,0.582662,120.0,5.4
2022-11-24 00:00:00,0.0,6.7,1028.3,100.0,6.7,0.628972,0.0,0.0
2022-11-24 01:00:00,0.0,6.1,1028.0,100.0,6.1,0.624259,0.0,0.0
2022-11-24 02:00:00,0.0,6.1,1028.0,100.0,6.1,0.647935,0.0,0.0
2022-11-24 03:00:00,0.0,6.1,1028.0,100.0,6.1,0.597599,0.0,0.0
2022-11-24 04:00:00,0.0,5.6,1027.6,100.0,5.6,0.584621,0.0,0.0
2022-11-24 05:00:00,0.0,5.6,1027.9,100.0,5.6,0.537696,0.0,0.0
2022-11-24 06:00:00,0.0,5.6,1027.9,100.0,5.6,0.496962,0.0,0.0
2022-11-24 07:00:00,0.0,3.9,1027.9,100.0,3.9,0.449415,0.0,0.0
2022-11-24 08:00:00,0.0,3.9,1027.9,100.0,3.9,0.423676,0.0,0.0
2022-11-24 09:00:00,0.0,3.3,1028.1,96.0,3.9,0.415385,320.0,5.4
2022-11-24 10:00:00,0.0,2.9,1028.3,97.0,3.3,0.406897,350.0,5.4
2022-11-24 11:00:00,0.0,2.9,1028.3,97.0,3.3,0.406121,350.0,5.4
2022-11-24 12:00:00,0.0,1.1,1027.8,96.0,1.7,0.420939,320.0,5.4
2022-11-24 13:00:00,0.0,0.6,1027.8,100.0,0.6,0.473321,0.0,0.0
2022-11-24 14:00:00,0.0,1.1,1027.7,100.0,1.1,0.514212,0.0,0.0
2022-11-24 15:00:00,0.0,0.7,1027.8,97.0,1.1,0.583776,10.0,5.4
2022-11-24 16:00:00,0.0,0.7,1027.8,97.0,1.1,0.644632,10.0,5.4
2022-11-24 17:00:00,0.0,2.2,1027.7,100.0,2.2,0.668504,0.0,7.6
2022-11-24 18:00:00,0.0,2.8,1027.2,100.0,2.8,0.66188,0.0,0.0
2022-11-24 19:00:00,0.0,2.8,1027.2,100.0,2.8,0.665657,0.0,0.0
2022-11-24 20:00:00,0.0,4.4,1026.2,100.0,4.4,0.628077,0.0,0.0
2022-11-24 21:00:00,0.0,4.4,1025.3,100.0,4.4,0.520527,0.0,0.0
2022-11-24 22:00:00,0.0,5.6,1024.0,86.0,7.8,0.504207,100.0,7.6
2022-11-24 23:00:00,0.0,5.0,1023.5,89.0,6.7,0.500118,100.0,7.6
2022-11-25 00:00:00,0.0,5.0,1023.5,89.0,6.7,0.52892,100.0,7.6
2022-11-25 01:00:00,0.0,3.3,1023.2,100.0,3.3,0.530183,0.0,0.0
2022-11-25 02:00:00,0.0,3.3,1023.6,100.0,3.3,0.521118,0.0,0.0
2022-11-25 03:00:00,0.0,3.9,1023.9,100.0,3.9,0.523022,0.0,0.0
2022-11-25 04:00:00,0.0,4.0,1024.1,97.0,4.4,0.528178,0.0,0.0
2022-11-25 05:00:00,0.0,3.3,1024.2,100.0,3.3,0.496029,3.0,0.0
2022-11-25 06:00:00,0.0,3.3,1024.2,100.0,3.3,0.475681,240.0,9.4
2022-11-25 07:00:00,0.0,3.3,1024.3,100.0,3.3,0.450217,0.0,0.0
2022-11-25 08:00:00,0.0,3.3,1024.3,100.0,3.3,0.434164,0.0,0.0
2022-11-25 09:00:00,0.0,2.9,1024.5,97.0,3.3,0.430548,190.0,7.6
2022-11-25 10:00:00,0.0,2.8,1024.6,100.0,2.8,0.428599,290.0,5.4
2022-11-25 11:00:00,0.0,2.8,1024.7,100.0,2.8,0.436873,0.0,5.4
2022-11-25 12:00:00,0.0,2.2,1024.6,100.0,2.2,0.455064,0.0,0.0
2022-11-25 13:00:00,0.0,2.2,1024.6,100.0,2.2,0.49236,0.0,0.0
2022-11-25 14:00:00,0.0,2.2,1024.4,100.0,2.2,0.529086,110.0,5.4
2022-11-25 15:00:00,0.0,1.8,1024.4,97.0,2.2,0.57231,110.0,5.4
2022-11-25 16:00:00,0.0,2.2,1024.6,96.0,2.8,0.620003,150.0,7.6
2022-11-25 17:00:00,0.0,2.2,1024.6,96.0,2.8,0.629987,150.0,7.6
2022-11-25 18:00:00,0.0,2.8,1024.7,100.0,2.8,0.630392,250.0,5.4
2022-11-25 19:00:00,0.0,3.3,1024.7,96.0,3.9,0.611285,310.0,7.6
2022-11-25 20:00:00,0.5,3.4,1024.8,93.0,4.4,0.621698,350.0,5.4
2022-11-25 21:00:00,0.3,3.4,1025.3,93.0,4.4,0.615796,0.0,0.0
2022-11-25 22:00:00,0.5,4.0,1026.1,97.0,4.4,0.62187,300.0,7.6
2022-11-25 23:00:00,1.3,4.0,1026.6,97.0,4.4,0.616619,0.0,0.0
2022-11-26 00:00:00,2.8,4.0,1026.6,97.0,4.4,0.623004,0.0,0.0
2022-11-26 01:00:00,1.5,4.0,1028.0,97.0,4.4,0.623678,260.0,7.6
2022-11-26 02:00:00,1.0,4.0,1028.3,93.0,5.0,0.611787,160.0,9.4
2022-11-26 03:00:00,1.8,4.0,1028.3,93.0,5.0,0.603131,160.0,9.4
2022-11-26 04:00:00,0.4,2.2,1029.6,96.0,2.8,0.568989,0.0,0.0
2022-11-26 05:00:00,0.0,2.2,1029.6,96.0,2.8,0.544389,0.0,0.0
2022-11-26 06:00:00,0.0,1.7,1030.5,100.0,1.7,0.519215,0.0,0.0
2022-11-26 07:00:00,0.0,1.7,1030.5,100.0,1.7,0.484648,0.0,0.0
2022-11-26 08:00:00,0.0,2.8,1031.0,100.0,2.8,0.456777,340.0,5.4
2022-11-26 09:00:00,0.0,2.2,1031.3,96.0,2.8,0.442016,210.0,5.4
2022-11-26 10:00:00,0.0,3.3,1031.3,100.0,3.3,0.431423,320.0,7.6
2022-11-26 11:00:00,0.0,3.3,1031.5,100.0,3.3,0.432498,0.0,0.0
2022-11-26 12:00:00,0.0,3.3,1031.5,100.0,3.3,0.446532,0.0,0.0
2022-11-26 13:00:00,0.0,2.9,1031.5,97.0,3.3,0.481576,240.0,7.6
2022-11-26 14:00:00,0.0,2.8,1032.1,100.0,2.8,0.528238,240.0,5.4
2022-11-26 15:00:00,0.0,2.2,1032.4,96.0,2.8,0.564822,250.0,5.4
2022-11-26 16:00:00,0.0,2.8,1032.6,100.0,2.8,0.61512,0.0,0.0
2022-11-26 17:00:00,0.0,3.9,1033.1,100.0,3.9,0.608514,0.0,0.0
2022-11-26 18:00:00,0.0,4.4,1032.8,96.0,5.0,0.589555,0.0,0.0
2022-11-26 19:00:00,0.0,4.4,1032.8,96.0,5.0,0.517965,0.0,0.0
2022-11-26 20:00:00,0.0,5.1,1031.3,83.0,7.8,0.442612,0.0,0.0
2022-11-26 21:00:00,0.0,5.1,1031.3,83.0,7.8,0.46613,0.0,0.0
2022-11-26 22:00:00,0.0,4.3,1029.8,76.0,8.3,0.506302,0.0,0.0
2022-11-26 23:00:00,0.0,3.8,1029.7,76.0,7.8,0.518916,0.0,0.0
2022-11-27 00:00:00,0.0,5.1,1029.4,83.0,7.8,0.54283,0.0,0.0
2022-11-27 01:00:00,0.0,5.1,1029.4,83.0,7.8,0.580861,0.0,0.0
2022-11-27 02:00:00,0.0,5.0,1027.9,89.0,6.7,0.576394,150.0,11.2
2022-11-27 03:00:00,0.0,5.0,1027.9,89.0,6.7,0.563694,160.0,11.2
2022-11-27 04:00:00,0.0,4.4,1026.6,89.0,6.1,0.544544,200.0,11.2
2022-11-27 05:00:00,0.0,4.4,1026.6,89.0,6.1,0.51379,200.0,11.2
2022-11-27 06:00:00,0.0,2.8,1025.2,76.0,6.7,0.475267,190.0,5.4
2022-11-27 07:00:00,0.0,2.8,1025.2,76.0,6.7,0.44824,190.0,5.4
2022-11-27 08:00:00,0.0,2.8,1023.9,76.0,6.7,0.421885,200.0,13.0
2022-11-27 09:00:00,0.0,2.8,1023.9,76.0,6.7,0.412893,200.0,13.0
2022-11-27 10:00:00,0.0,3.8,1021.8,82.0,6.7,0.413393,210.0,16.6
2022-11-27 11:00:00,0.0,4.4,1020.2,79.0,7.8,0.418582,190.0,27.7
2022-11-27 12:00:00,0.1,5.0,1019.2,86.0,7.2,0.429781,200.0,27.7
2022-11-27 13:00:00,0.6,5.7,1018.4,90.0,7.2,0.462674,200.0,27.7
2022-11-27 14:00:00,0.9,6.1,1018.1,89.0,7.8,0.489232,200.0,29.5
2022-11-27 15:00:00,1.2,6.1,1018.1,89.0,7.8,0.531451,200.0,29.5
2022-11-27 16:00:00,0.3,6.1,1019.0,93.0,7.2,0.571946,250.0,5.4
2022-11-27 17:00:00,0.3,6.1,1019.7,93.0,7.2,0.599097,230.0,9.4
2022-11-27 18:00:00,0.0,5.6,1019.3,83.0,8.3,0.615289,220.0,18.4
2022-11-27 19:00:00,0.0,5.6,1019.3,83.0,8.3,0.606427,220.0,18.4
2022-11-27 20:00:00,0.0,5.6,1018.3,80.0,8.9,0.591584,220.0,14.8
2022-11-27 21:00:00,0.3,4.3,1017.6,76.0,8.3,0.586078,260.0,14.8
2022-11-27 22:00:00,0.3,5.1,1017.0,83.0,7.8,0.578216,230.0,14.8
2022-11-27 23:00:00,0.0,4.0,1016.8,80.0,7.2,0.570643,230.0,11.2
2022-11-28 00:00:00,0.0,4.0,1016.8,80.0,7.2,0.621381,230.0,11.2
2022-11-28 01:00:00,0.0,4.4,1016.6,89.0,6.1,0.658441,220.0,7.6
2022-11-28 02:00:00,1.0,3.4,1015.8,93.0,4.4,0.663208,210.0,9.4
2022-11-28 03:00:00,0.6,3.9,1015.4,89.0,5.6,0.663177,200.0,7.6
2022-11-28 04:00:00,1.7,3.9,1015.0,89.0,5.6,0.631424,230.0,14.8
2022-11-28 05:00:00,0.0,3.9,1015.0,89.0,5.6,0.561854,230.0,14.8
2022-11-28 06:00:00,0.2,3.3,1013.6,89.0,5.0,0.500835,210.0,7.6
2022-11-28 07:00:00,0.0,1.8,1013.0,93.0,2.8,0.462488,180.0,9.4
2022-11-28 08:00:00,0.0,3.3,1012.8,89.0,5.0,0.444538,270.0,11.2
2022-11-28 09:00:00,1.3,2.9,1012.0,93.0,3.9,0.429317,230.0,11.2
2022-11-28 10:00:00,0.3,2.9,1012.0,93.0,3.9,0.433949,230.0,11.2
2022-11-28 11:00:00,0.3,2.9,1012.4,93.0,3.9,0.441112,310.0,13.0
2022-11-28 12:00:00,1.8,2.3,1012.1,93.0,3.3,0.464317,230.0,11.2
2022-11-28 13:00:00,0.8,1.1,1012.3,96.0,1.7,0.533767,250.0,13.0
2022-11-28 14:00:00,0.0,0.7,1012.3,97.0,1.1,0.621692,240.0,11.2
2022-11-28 15:00:00,0.0,0.7,1012.3,97.0,1.1,0.673282,240.0,11.2
2022-11-28 16:00:00,0.0,1.8,1013.4,93.0,2.8,0.644369,240.0,9.4
2022-11-28 17:00:00,0.0,2.3,1013.7,86.0,4.4,0.566013,250.0,13.0
2022-11-28 18:00:00,0.0,2.3,1013.7,86.0,4.4,0.530443,250.0,13.0
2022-11-28 19:00:00,0.0,3.3,1014.0,82.0,6.1,0.46539,230.0,13.0
2022-11-28 20:00:00,0.0,2.3,1013.6,68.0,7.8,0.519945,230.0,13.0
2022-11-28 21:00:00,0.0,1.0,1013.6,70.0,6.1,0.481758,320.0,14.8
2022-11-28 22:00:00,0.0,1.1,1013.6,73.0,5.6,0.559008,250.0,16.6
2022-11-28 23:00:00,0.0,1.8,1014.1,83.0,4.4,0.562692,230.0,14.8
2022-11-29 00:00:00,0.0,1.8,1014.1,83.0,4.4,0.645616,230.0,14.8
2022-11-29 01:00:00,0.0,0.7,1014.9,83.0,3.3,0.694903,220.0,13.0
2022-11-29 02:00:00,0.0,0.1,1015.1,89.0,1.7,0.736475,250.0,14.8
2022-11-29 03:00:00,0.0,0.1,1015.1,89.0,1.7,0.701471,250.0,14.8
2022-11-29 04:00:00,0.0,-0.1,1016.1,92.0,1.1,0.679685,260.0,5.4
2022-11-29 05:00:00,0.0,-0.1,1016.1,92.0,1.1,0.622633,260.0,5.4
2022-11-29 06:00:00,0.0,-2.8,1017.2,92.0,-1.7,0.566982,0.0,0.0
2022-11-29 07:00:00,0.0,-3.3,1017.5,92.0,-2.2,0.539232,0.0,0.0
2022-11-29 08:00:00,0.0,-3.3,1017.5,92.0,-2.2,0.519853,0.0,0.0
2022-11-29 09:00:00,0.0,-2.8,1017.7,96.0,-2.2,0.52209,0.0,0.0
2022-11-29 10:00:00,0.0,-2.3,1018.2,96.0,-1.7,0.516959,0.0,0.0
2022-11-29 11:00:00,0.0,-2.3,1018.0,96.0,-1.7,0.529048,0.0,0.0
2022-11-29 12:00:00,0.0,-0.6,1018.3,100.0,-0.6,0.560973,0.0,0.0
2022-11-29 13:00:00,0.0,-0.6,1018.3,100.0,-0.6,0.620075,0.0,0.0
2022-11-29 14:00:00,0.0,-0.6,1018.0,100.0,-0.6,0.699462,0.0,0.0
2022-11-29 15:00:00,0.0,-0.6,1017.7,96.0,0.0,0.749133,0.0,0.0
2022-11-29 16:00:00,0.0,-0.6,1017.3,96.0,0.0,0.735156,0.0,0.0
2022-11-29 17:00:00,0.0,1.0,1017.3,92.0,2.2,0.713189,10.0,5.4
2022-11-29 18:00:00,0.0,1.0,1017.3,92.0,2.2,0.697878,10.0,5.4
2022-11-29 19:00:00,0.3,2.2,1017.3,96.0,2.8,0.724352,0.0,0.0
2022-11-29 20:00:00,0.5,3.4,1016.1,93.0,4.4,0.707267,150.0,18.4
2022-11-29 21:00:00,0.5,3.4,1013.8,93.0,4.4,0.693646,150.0,18.4
2022-11-29 22:00:00,0.5,3.9,1012.8,89.0,5.6,0.669064,180.0,22.3
2022-11-29 23:00:00,0.3,4.0,1012.0,93.0,5.0,0.697402,170.0,18.4
2022-11-30 00:00:00,0.8,4.0,1012.0,93.0,5.0,0.746861,170.0,18.4
2022-11-30 01:00:00,0.5,3.3,1009.5,85.0,5.6,0.754013,180.0,25.9
2022-11-30 02:00:00,0.5,3.3,1009.5,85.0,5.6,0.732397,180.0,25.9
2022-11-30 03:00:00,0.3,5.0,1007.4,96.0,5.6,0.710252,180.0,31.7
2022-11-30 04:00:00,0.3,5.0,1007.4,96.0,5.6,0.668379,180.0,31.7
2022-11-30 05:00:00,1.4,3.9,1005.3,86.0,6.1,0.602228,180.0,29.5
2022-11-30 06:00:00,1.0,3.8,1004.3,82.0,6.7,0.542772,180.0,33.5
2022-11-30 07:00:00,1.4,3.8,1003.4,82.0,6.7,0.490496,180.0,33.5
2022-11-30 08:00:00,0.8,4.4,1002.3,85.0,6.7,0.469279,180.0,33.5
2022-11-30 09:00:00,2.0,4.4,1002.3,85.0,6.7,0.460577,180.0,33.5
2022-11-30 10:00:00,2.3,6.8,1000.0,97.0,7.2,0.468434,180.0,29.5
2022-11-30 11:00:00,3.3,7.2,1000.2,100.0,7.2,0.460221,190.0,33.5
2022-11-30 12:00:00,8.6,7.2,1000.7,100.0,7.2,0.47118,200.0,20.5
2022-11-30 13:00:00,5.8,7.2,1000.4,96.0,7.8,0.526831,200.0,24.1
2022-11-30 14:00:00,2.0,7.2,1000.4,96.0,7.8,0.581697,200.0,24.1
2022-11-30 15:00:00,0.2,6.1,1000.8,96.0,6.7,0.64939,210.0,13.0
2022-11-30 16:00:00,0.3,4.3,1001.4,82.0,7.2,0.62501,210.0,14.8
2022-11-30 17:00:00,0.0,5.1,1001.7,83.0,7.8,0.613068,210.0,14.8
2022-11-30 18:00:00,0.0,4.3,1001.5,76.0,8.3,0.614469,180.0,16.6
2022-11-30 19:00:00,0.1,4.3,1001.5,76.0,8.3,0.606463,180.0,16.6
2022-11-30 20:00:00,0.5,5.1,999.7,77.0,8.9,0.512126,180.0,18.4
2022-11-30 21:00:00,0.0,3.9,999.9,89.0,5.6,0.598613,200.0,9.4
2022-11-30 22:00:00,1.3,3.9,999.9,89.0,5.6,0.557045,200.0,9.4
2022-11-30 23:00:00,0.5,3.3,1000.0,85.0,5.6,0.610118,250.0,16.6
2022-12-01 00:00:00,0.5,4.4,999.9,92.0,5.6,0.653929,180.0,11.2
2022-12-01 01:00:00,0.8,2.3,1000.2,86.0,4.4,0.674664,200.0,16.6
2022-12-01 02:00:00,0.4,2.9,1000.1,86.0,5.0,0.689697,200.0,16.6
2022-12-01 03:00:00,0.0,2.9,1000.3,86.0,5.0,0.675958,200.0,18.4
2022-12-01 04:00:00,0.0,2.9,1000.3,86.0,5.0,0.648083,200.0,18.4
2022-12-01 05:00:00,0.0,2.3,1000.3,89.0,3.9,0.595388,120.0,11.2
2022-12-01 06:00:00,0.0,1.8,1000.3,86.0,3.9,0.526347,200.0,22.3
2022-12-01 07:00:00,0.3,1.8,1000.3,86.0,3.9,0.491666,200.0,22.3
2022-12-01 08:00:00,0.1,1.2,1001.6,86.0,3.3,0.475255,210.0,18.4
2022-12-01 09:00:00,0.5,1.2,1001.6,86.0,3.3,0.466609,210.0,18.4
2022-12-01 10:00:00,0.0,1.2,1002.0,89.0,2.8,0.468771,210.0,16.6
2022-12-01 11:00:00,0.0,1.2,1002.0,89.0,2.8,0.484125,210.0,16.6
2022-12-01 12:00:00,0.0,0.5,1002.3,92.0,1.7,0.517556,190.0,16.6
2022-12-01 13:00:00,1.3,0.6,1003.1,89.0,2.2,0.588569,200.0,13.0
2022-12-01 14:00:00,0.8,-0.1,1003.4,92.0,1.1,0.67814,180.0,14.8
2022-12-01 15:00:00,0.0,-0.6,1004.7,96.0,0.0,0.761662,200.0,7.6
2022-12-01 16:00:00,0.0,0.5,1005.5,85.0,2.8,0.720369,150.0,9.4
2022-12-01 17:00:00,0.0,0.5,1005.5,85.0,2.8,0.661651,150.0,9.4
2022-12-01 18:00:00,0.3,0.5,1006.4,85.0,2.8,0.654698,200.0,14.8
2022-12-01 19:00:00,0.0,-0.6,1007.6,85.0,1.7,0.672609,240.0,14.8
2022-12-01 20:00:00,0.3,1.1,1007.5,96.0,1.7,0.692447,230.0,9.4
2022-12-01 21:00:00,0.3,1.1,1007.5,96.0,1.7,0.605776,230.0,9.4
2022-12-01 22:00:00,0.0,1.7,1007.8,89.0,3.3,0.614157,260.0,14.8
2022-12-01 23:00:00,0.0,1.2,1008.2,86.0,3.3,0.617546,220.0,11.2
2022-12-02 00:00:00,0.0,-0.7,1009.9,88.0,1.1,0.705617,200.0,11.2
2022-12-02 01:00:00,0.0,-1.1,1011.0,92.0,0.0,0.748601,200.0,7.6
2022-12-02 02:00:00,0.0,-1.7,1012.1,92.0,-0.6,0.760444,200.0,7.6
2022-12-02 03:00:00,0.0,-2.2,1013.1,92.0,-1.1,0.731483,0.0,0.0
2022-12-02 04:00:00,0.0,-2.2,1013.1,92.0,-1.1,0.715378,0.0,0.0
2022-12-02 05:00:00,0.0,-1.7,1013.9,96.0,-1.1,0.660401,0.0,0.0
2022-12-02 06:00:00,0.0,-2.3,1014.5,96.0,-1.7,0.621926,0.0,0.0
2022-12-02 07:00:00,0.0,-2.3,1016.3,96.0,-1.7,0.582504,350.0,5.4
2022-12-02 08:00:00,0.0,-2.3,1016.9,96.0,-1.7,0.563823,0.0,0.0
2022-12-02 09:00:00,0.0,-2.3,1016.9,96.0,-1.7,0.564863,0.0,0.0
2022-12-02 10:00:00,0.0,-2.8,1017.6,92.0,-1.7,0.571281,0.0,0.0
2022-12-02 11:00:00,0.0,-3.3,1018.1,96.0,-2.8,0.580295,0.0,5.4
2022-12-02 12:00:00,0.0,-1.7,1018.5,100.0,-1.7,0.601278,350.0,5.4
2022-12-02 13:00:00,0.0,-1.7,1018.4,92.0,-0.6,0.654909,40.0,7.6
2022-12-02 14:00:00,0.0,-1.7,1018.4,92.0,-0.6,0.734486,40.0,7.6
2022-12-02 15:00:00,0.0,-0.6,1018.8,96.0,0.0,0.772043,0.0,0.0
2022-12-02 16:00:00,0.0,-0.6,1018.8,92.0,0.6,0.77133,40.0,7.6
2022-12-02 17:00:00,0.0,-0.1,1018.7,92.0,1.1,0.75124,0.0,7.6
2022-12-02 18:00:00,0.0,-0.1,1018.7,92.0,1.1,0.730182,0.0,0.0
2022-12-02 19:00:00,0.0,0.6,1017.9,79.0,3.9,0.660111,0.0,0.0
2022-12-02 20:00:00,0.0,1.2,1017.1,68.0,6.7,0.531092,160.0,9.4
2022-12-02 21:00:00,0.0,1.1,1016.4,65.0,7.2,0.601019,170.0,18.4
2022-12-02 22:00:00,0.0,1.1,1015.4,65.0,7.2,0.625822,160.0,7.6
2022-12-02 23:00:00,0.0,1.1,1015.4,65.0,7.2,0.663984,160.0,7.6
2022-12-03 00:00:00,0.0,-0.1,1014.5,62.0,6.7,0.707932,150.0,11.2
2022-12-03 01:00:00,0.0,-1.0,1014.1,56.0,7.2,0.713453,150.0,11.2
2022-12-03 02:00:00,0.0,-1.0,1014.1,56.0,7.2,0.661803,100.0,11.2
2022-12-03 03:00:00,0.0,-0.6,1013.7,62.0,6.1,0.634964,100.0,5.4
2022-12-03 04:00:00,0.3,-0.5,1014.0,60.0,6.7,0.621607,170.0,11.2
2022-12-03 05:00:00,0.3,-0.5,1013.3,60.0,6.7,0.570598,2.0,11.2
2022-12-03 06:00:00,0.0,-1.0,1013.8,58.0,6.7,0.526681,0.0,0.0
2022-12-03 07:00:00,0.0,1.8,1013.8,83.0,4.4,0.485798,360.0,7.6
2022-12-03 08:00:00,0.0,1.8,1013.8,83.0,4.4,0.451666,360.0,7.6
2022-12-03 09:00:00,0.0,1.8,1013.8,86.0,3.9,0.451651,340.0,11.2
2022-12-03 10:00:00,0.0,1.8,1014.1,86.0,3.9,0.447201,350.0,11.2
2022-12-03 11:00:00,0.0,1.1,1014.0,82.0,3.9,0.451267,350.0,7.6
2022-12-03 12:00:00,0.0,0.0,1014.3,79.0,3.3,0.477125,350.0,11.2
2022-12-03 13:00:00,0.0,0.0,1014.3,79.0,3.3,0.518782,350.0,11.2
2022-12-03 14:00:00,0.0,-2.8,1015.4,75.0,1.1,0.567677,360.0,13.0
2022-12-03 15:00:00,0.0,-3.2,1015.8,73.0,1.1,0.633816,360.0,18.4
2022-12-03 16:00:00,0.0,-3.3,1016.5,64.0,2.8,0.666662,350.0,20.5
2022-12-03 17:00:00,0.0,-3.3,1016.5,64.0,2.8,0.653852,350.0,20.5
2022-12-03 18:00:00,0.0,-4.0,1016.6,59.0,3.3,0.600707,350.0,20.5
2022-12-03 19:00:00,0.0,-2.7,1015.9,55.0,5.6,0.577523,340.0,16.6
2022-12-03 20:00:00,0.0,-2.7,1015.8,51.0,6.7,0.53494,6.0,22.3
2022-12-03 21:00:00,0.0,-2.7,1015.8,51.0,6.7,0.554357,340.0,22.3
2022-12-03 22:00:00,0.0,-2.2,1015.4,53.0,6.7,0.577051,350.0,16.6
2022-12-03 23:00:00,0.0,-2.3,1015.5,55.0,6.1,0.576936,350.0,14.8
2022-12-04 00:00:00,0.0,-2.8,1015.6,57.0,5.0,0.646411,350.0,16.6
2022-12-04 01:00:00,0.0,-3.4,1015.6,59.0,3.9,0.684887,350.0,16.6
2022-12-04 02:00:00,0.0,-4.0,1015.6,59.0,3.3,0.695027,350.0,18.4
2022-12-04 03:00:00,0.0,-4.4,1015.7,59.0,2.8,0.68531,350.0,20.5
2022-12-04 04:00:00,0.0,-4.3,1015.5,62.0,2.2,0.674866,350.0,20.5
2022-12-04 05:00:00,0.0,-4.3,1015.3,62.0,2.2,0.6368,350.0,20.5
2022-12-04 06:00:00,0.0,-4.4,1014.0,59.0,2.8,0.605453,340.0,20.5
2022-12-04 07:00:00,0.0,-4.4,1013.7,59.0,2.8,0.570518,340.0,20.5
2022-12-04 08:00:00,0.0,-4.4,1013.7,59.0,2.8,0.545841,350.0,22.3
2022-12-04 09:00:00,0.0,-4.9,1012.9,55.0,3.3,0.528039,340.0,20.5
2022-12-04 10:00:00,0.0,-4.4,1012.8,59.0,2.8,0.520746,340.0,20.5
2022-12-04 11:00:00,0.0,-4.0,1012.2,61.0,2.8,0.527137,340.0,20.5
2022-12-04 12:00:00,0.0,-4.0,1012.3,61.0,2.8,0.529157,330.0,18.4
2022-12-04 13:00:00,0.0,-4.0,1012.3,61.0,2.8,0.563204,330.0,18.4
2022-12-04 14:00:00,0.0,-4.0,1012.3,59.0,3.3,0.592576,340.0,18.4
2022-12-04 15:00:00,0.0,-4.0,1012.7,59.0,3.3,0.642979,330.0,13.0
2022-12-04 16:00:00,0.0,-4.0,1012.7,59.0,3.3,0.670172,330.0,13.0
2022-12-04 17:00:00,0.0,-3.3,1013.5,62.0,3.3,0.723583,360.0,9.4
2022-12-04 18:00:00,0.9,-0.6,1014.3,92.0,0.6,0.748028,2.0,5.4
2022-12-04 19:00:00,1.0,-0.6,1014.6,92.0,0.6,0.750651,350.0,9.4
2022-12-04 20:00:00,0.5,-0.6,1014.6,92.0,0.6,0.747205,350.0,9.4
2022-12-04 21:00:00,0.5,0.0,1014.5,96.0,0.6,0.748035,2.0,7.6
2022-12-04 22:00:00,0.5,0.7,1014.6,97.0,1.1,0.728209,350.0,7.6
2022-12-04 23:00:00,0.3,0.7,1014.7,97.0,1.1,0.738319,360.0,7.6
2022-12-05 00:00:00,0.0,0.5,1014.8,92.0,1.7,0.763594,10.0,7.6
2022-12-05 01:00:00,0.0,0.5,1015.1,92.0,1.7,0.80505,360.0,7.6
2022-12-05 02:00:00,0.0,0.5,1015.6,92.0,1.7,0.787547,350.0,5.4
2022-12-05 03:00:00,0.0,0.5,1015.6,92.0,1.7,0.752351,360.0,5.4
2022-12-05 04:00:00,0.0,1.1,1015.9,96.0,1.7,0.732937,0.0,0.0
2022-12-05 05:00:00,0.0,1.1,1015.9,96.0,1.7,0.674922,0.0,0.0
2022-12-05 06:00:00,0.0,0.5,1016.4,92.0,1.7,0.591096,320.0,7.6
2022-12-05 07:00:00,0.0,0.5,1016.5,92.0,1.7,0.543672,340.0,7.6
2022-12-05 08:00:00,0.0,0.5,1016.5,92.0,1.7,0.512769,340.0,7.6
2022-12-05 09:00:00,0.0,0.5,1015.9,92.0,1.7,0.506357,350.0,7.6
2022-12-05 10:00:00,0.0,0.5,1015.7,92.0,1.7,0.506303,350.0,7.6
2022-12-05 11:00:00,0.0,0.5,1016.0,92.0,1.7,0.509828,0.0,7.6
2022-12-05 12:00:00,0.0,1.1,1015.9,96.0,1.7,0.543784,0.0,0.0
2022-12-05 13:00:00,0.0,1.1,1015.9,96.0,1.7,0.621785,0.0,0.0
2022-12-05 14:00:00,0.0,0.5,1016.0,92.0,1.7,0.705439,320.0,5.4
2022-12-05 15:00:00,0.0,1.1,1016.0,100.0,1.1,0.750128,0.0,0.0
2022-12-05 16:00:00,0.0,0.0,1016.4,96.0,0.6,0.749016,70.0,5.4
2022-12-05 17:00:00,0.0,0.0,1016.4,96.0,0.6,0.685518,70.0,5.4
2022-12-05 18:00:00,0.0,1.1,1017.0,96.0,1.7,0.62082,0.0,0.0
2022-12-05 19:00:00,0.0,1.1,1017.0,96.0,1.7,0.596311,0.0,0.0
2022-12-05 20:00:00,0.0,1.8,1016.2,83.0,4.4,0.544717,130.0,5.4
2022-12-05 21:00:00,0.0,2.2,1016.0,79.0,5.6,0.489902,0.0,0.0
2022-12-05 22:00:00,0.0,2.2,1016.0,79.0,5.6,0.507664,0.0,0.0
2022-12-05 23:00:00,0.0,1.8,1016.4,86.0,3.9,0.589444,140.0,11.2
2022-12-06 00:00:00,0.0,1.8,1016.4,86.0,3.9,0.659193,140.0,11.2
2022-12-06 01:00:00,0.0,1.2,1017.2,89.0,2.8,0.716684,140.0,11.2
2022-12-06 02:00:00,0.0,0.6,1017.2,89.0,2.2,0.718162,130.0,11.2
2022-12-06 03:00:00,0.0,0.5,1017.4,92.0,1.7,0.675627,120.0,9.4
2022-12-06 04:00:00,0.0,1.0,1018.4,92.0,2.2,0.668896,100.0,5.4
2022-12-06 05:00:00,0.0,1.0,1018.4,92.0,2.2,0.602151,100.0,5.4
2022-12-06 06:00:00,0.0,1.0,1018.8,92.0,2.2,0.547128,0.0,0.0
2022-12-06 07:00:00,0.0,1.8,1019.2,97.0,2.2,0.499213,0.0,0.0
2022-12-06 08:00:00,0.0,1.8,1019.4,93.0,2.8,0.484511,0.0,0.0
2022-12-06 09:00:00,0.0,1.8,1019.6,97.0,2.2,0.476986,140.0,5.4
2022-12-06 10:00:00,0.0,1.8,1019.6,97.0,2.2,0.477742,140.0,5.4
2022-12-06 11:00:00,0.0,1.8,1020.0,97.0,2.2,0.496553,120.0,5.4
2022-12-06 12:00:00,0.0,1.8,1019.8,97.0,2.2,0.516087,0.0,5.4
2022-12-06 13:00:00,0.0,1.0,1020.1,92.0,2.2,0.585477,0.0,0.0
2022-12-06 14:00:00,0.0,1.0,1020.5,92.0,2.2,0.673456,0.0,0.0
2022-12-06 15:00:00,0.0,1.0,1020.5,92.0,2.2,0.732907,0.0,0.0
2022-12-06 16:00:00,0.0,1.8,1020.9,97.0,2.2,0.709908,0.0,0.0
2022-12-06 17:00:00,0.0,1.8,1021.3,97.0,2.2,0.699428,0.0,0.0
2022-12-06 18:00:00,0.0,1.7,1022.1,89.0,3.3,0.689609,0.0,0.0
2022-12-06 19:00:00,0.0,1.8,1022.0,86.0,3.9,0.645942,0.0,0.0
2022-12-06 20:00:00,0.0,2.3,1021.7,86.0,4.4,0.643319,0.0,0.0
2022-12-06 21:00:00,0.0,2.3,1021.7,86.0,4.4,0.642216,0.0,0.0
2022-12-06 22:00:00,0.0,2.2,1021.7,79.0,5.6,0.611382,0.0,0.0
2022-12-06 23:00:00,0.0,2.2,1021.7,82.0,5.0,0.617814,0.0,0.0
2022-12-07 00:00:00,0.0,2.2,1021.7,82.0,5.0,0.659221,0.0,0.0
2022-12-07 01:00:00,0.0,2.7,1022.1,89.0,4.4,0.686295,0.0,0.0
2022-12-07 02:00:00,0.0,2.7,1022.1,89.0,4.4,0.699267,0.0,0.0
2022-12-07 03:00:00,0.0,2.3,1022.1,89.0,3.9,0.661669,0.0,0.0
2022-12-07 04:00:00,0.0,2.9,1022.5,93.0,3.9,0.638002,0.0,0.0
2022-12-07 05:00:00,0.0,2.9,1022.8,97.0,3.3,0.582641,0.0,0.0
2022-12-07 06:00:00,0.0,2.9,1022.9,93.0,3.9,0.532548,0.0,0.0
2022-12-07 07:00:00,0.0,2.9,1022.9,93.0,3.9,0.480286,0.0,0.0
2022-12-07 08:00:00,0.0,3.4,1022.8,93.0,4.4,0.464983,0.0,0.0
2022-12-07 09:00:00,0.0,2.9,1022.7,93.0,3.9,0.449792,180.0,5.4
2022-12-07 10:00:00,0.0,2.9,1022.7,93.0,3.9,0.473154,240.0,5.4
2022-12-07 11:00:00,0.0,2.9,1022.7,93.0,3.9,0.468818,240.0,5.4
2022-12-07 12:00:00,0.0,2.2,1022.2,96.0,2.8,0.495665,160.0,9.4
2022-12-07 13:00:00,0.0,2.2,1022.1,96.0,2.8,0.562338,170.0,9.4
2022-12-07 14:00:00,0.0,1.6,1022.0,96.0,2.2,0.649417,180.0,9.4
2022-12-07 15:00:00,0.0,1.8,1022.2,97.0,2.2,0.713221,150.0,7.6
2022-12-07 16:00:00,0.0,1.8,1022.1,97.0,2.2,0.713761,130.0,7.6
2022-12-07 17:00:00,0.0,1.8,1022.2,97.0,2.2,0.691962,140.0,11.2
2022-12-07 18:00:00,0.0,1.8,1022.3,97.0,2.2,0.679844,160.0,11.2
2022-12-07 19:00:00,0.0,1.8,1022.1,97.0,2.2,0.684173,0.0,0.0
2022-12-07 20:00:00,0.0,2.2,1021.0,100.0,2.2,0.675473,0.0,0.0
2022-12-07 21:00:00,0.0,2.2,1020.9,96.0,2.8,0.67335,0.0,0.0
2022-12-07 22:00:00,0.0,1.7,1020.4,89.0,3.3,0.665178,150.0,13.0
2022-12-07 23:00:00,0.0,1.7,1020.2,89.0,3.3,0.675528,0.0,0.0
2022-12-08 00:00:00,0.0,1.7,1019.9,89.0,3.3,0.72556,0.0,0.0
2022-12-08 01:00:00,0.0,1.7,1019.6,89.0,3.3,0.734041,30.0,5.4
2022-12-08 02:00:00,0.0,1.7,1019.6,89.0,3.3,0.723539,50.0,5.4
2022-12-08 03:00:00,0.0,1.8,1019.3,93.0,2.8,0.712953,80.0,7.6
2022-12-08 04:00:00,0.0,2.3,1018.9,93.0,3.3,0.696404,0.0,0.0
2022-12-08 05:00:00,0.0,2.3,1018.9,93.0,3.3,0.623051,0.0,0.0
2022-12-08 06:00:00,0.1,2.9,1017.8,97.0,3.3,0.547338,0.0,0.0
2022-12-08 07:00:00,0.0,2.9,1017.8,97.0,3.3,0.502769,0.0,0.0
2022-12-08 08:00:00,0.0,2.7,1016.7,89.0,4.4,0.463957,100.0,5.4
2022-12-08 09:00:00,0.8,3.3,1016.5,82.0,6.1,0.457865,180.0,11.2
2022-12-08 10:00:00,0.5,3.9,1015.9,89.0,5.6,0.45168,150.0,13.0
2022-12-08 11:00:00,0.5,3.3,1015.1,76.0,7.2,0.463752,190.0,24.1
2022-12-08 12:00:00,0.3,3.3,1015.1,76.0,7.2,0.489341,190.0,24.1
2022-12-08 13:00:00,2.0,3.3,1014.7,76.0,7.2,0.541089,190.0,27.7
2022-12-08 14:00:00,2.5,3.3,1014.7,76.0,7.2,0.608799,190.0,22.3
2022-12-08 15:00:00,0.3,5.1,1015.4,93.0,6.1,0.674523,200.0,13.0
2022-12-08 16:00:00,0.5,5.1,1015.4,93.0,6.1,0.651169,200.0,13.0
2022-12-08 17:00:00,1.5,4.4,1016.0,92.0,5.6,0.643213,230.0,11.2
2022-12-08 18:00:00,0.5,4.4,1015.9,92.0,5.6,0.645048,240.0,9.4
2022-12-08 19:00:00,0.5,4.4,1015.9,92.0,5.6,0.63466,240.0,9.4
2022-12-08 20:00:00,0.3,5.1,1015.0,93.0,6.1,0.642825,220.0,7.6
2022-12-08 21:00:00,0.0,5.1,1015.0,93.0,6.1,0.629898,220.0,7.6
2022-12-08 22:00:00,0.0,4.4,1015.0,89.0,6.1,0.623629,230.0,7.6
2022-12-08 23:00:00,0.0,3.9,1015.1,86.0,6.1,0.623508,190.0,7.6
2022-12-09 00:00:00,0.0,4.4,1015.3,92.0,5.6,0.668254,180.0,11.2
2022-12-09 01:00:00,1.5,4.4,1015.3,92.0,5.6,0.686851,180.0,11.2
2022-12-09 02:00:00,0.4,4.0,1015.6,93.0,5.0,0.677589,210.0,13.0
2022-12-09 03:00:00,0.1,3.4,1016.0,93.0,4.4,0.6329,200.0,13.0
2022-12-09 04:00:00,0.3,3.4,1016.0,93.0,4.4,0.633972,200.0,13.0
2022-12-09 05:00:00,2.3,2.3,1016.8,93.0,3.3,0.59391,0.0,0.0
2022-12-09 06:00:00,0.3,2.3,1016.8,93.0,3.3,0.55665,0.0,0.0
2022-12-09 07:00:00,0.0,1.2,1016.8,89.0,2.8,0.508425,0.0,0.0
2022-12-09 08:00:00,0.0,1.8,1016.7,93.0,2.8,0.484127,160.0,7.6
2022-12-09 09:00:00,0.0,1.8,1016.7,93.0,2.8,0.473322,160.0,7.6
2022-12-09 10:00:00,0.3,2.3,1016.4,93.0,3.3,0.475331,140.0,9.4
2022-12-09 11:00:00,0.8,1.8,1015.7,93.0,2.8,0.487185,0.0,0.0
2022-12-09 12:00:00,0.0,1.8,1015.7,93.0,2.8,0.519954,0.0,0.0
2022-12-09 13:00:00,0.0,2.9,1015.4,93.0,3.9,0.572713,0.0,0.0
2022-12-09 14:00:00,0.0,2.9,1015.4,93.0,3.9,0.649707,0.0,0.0
2022-12-09 15:00:00,0.0,2.3,1015.0,89.0,3.9,0.694769,160.0,14.8
2022-12-09 16:00:00,0.0,2.3,1014.2,89.0,3.9,0.704957,160.0,13.0
2022-12-09 17:00:00,0.1,2.9,1012.8,86.0,5.0,0.714962,160.0,20.5
2022-12-09 18:00:00,0.3,2.9,1012.8,86.0,5.0,0.711436,160.0,20.5
2022-12-09 19:00:00,0.5,3.9,1009.6,89.0,5.6,0.698662,160.0,16.6
2022-12-09 20:00:00,0.3,3.9,1007.8,86.0,6.1,0.679835,160.0,14.8
2022-12-09 21:00:00,0.3,3.9,1007.8,86.0,6.1,0.673128,160.0,14.8
2022-12-09 22:00:00,0.8,3.9,1005.8,86.0,6.1,0.669627,170.0,18.4
2022-12-09 23:00:00,2.3,4.4,1004.2,89.0,6.1,0.688288,160.0,16.6
2022-12-10 00:00:00,1.3,4.4,1001.2,89.0,6.1,0.712985,150.0,13.0
2022-12-10 01:00:00,1.0,4.4,1001.2,89.0,6.1,0.706438,150.0,13.0
2022-12-10 02:00:00,1.0,4.4,999.7,89.0,6.1,0.692466,160.0,16.6
2022-12-10 03:00:00,0.5,5.7,998.4,90.0,7.2,0.661098,170.0,25.9
2022-12-10 04:00:00,1.3,6.1,996.4,86.0,8.3,0.620022,180.0,35.3
2022-12-10 05:00:00,0.8,5.1,996.2,77.0,8.9,0.600611,180.0,51.8
2022-12-10 06:00:00,0.5,5.1,996.0,77.0,8.9,0.551405,180.0,51.8
2022-12-10 07:00:00,0.5,5.1,996.0,77.0,8.9,0.503199,190.0,51.8
2022-12-10 08:00:00,0.3,5.1,995.1,77.0,8.9,0.465397,190.0,35.3
2022-12-10 09:00:00,0.3,4.3,994.8,73.0,8.9,0.45283,190.0,35.3
2022-12-10 10:00:00,0.3,5.1,994.2,80.0,8.3,0.451533,180.0,40.7
2022-12-10 11:00:00,0.5,5.1,994.2,80.0,8.3,0.430878,190.0,35.3
2022-12-10 12:00:00,1.7,5.1,993.7,80.0,8.3,0.456074,190.0,22.3
2022-12-10 13:00:00,0.5,4.3,993.4,73.0,8.9,0.484465,180.0,35.3
2022-12-10 14:00:00,0.3,5.1,993.8,80.0,8.3,0.522922,200.0,38.9
2022-12-10 15:00:00,0.8,3.9,994.0,71.0,8.9,0.568357,180.0,31.7
2022-12-10 16:00:00,0.0,3.9,994.0,71.0,8.9,0.608522,190.0,35.3
2022-12-10 17:00:00,0.0,3.4,994.2,66.0,9.4,0.587756,190.0,37.1
2022-12-10 18:00:00,1.8,3.4,994.2,66.0,9.4,0.606349,200.0,40.7
2022-12-10 19:00:00,0.6,3.9,994.3,66.0,10.0,0.563294,200.0,31.7
2022-12-10 20:00:00,0.0,4.9,994.3,68.0,10.6,0.5695,190.0,25.9
2022-12-10 21:00:00,0.0,4.9,994.3,68.0,10.6,0.564369,190.0,25.9
2022-12-10 22:00:00,0.0,5.0,994.8,71.0,10.0,0.55962,180.0,25.9
2022-12-10 23:00:00,0.0,5.1,995.6,77.0,8.9,0.56869,180.0,18.4
2022-12-11 00:00:00,0.0,5.1,996.5,77.0,8.9,0.6109,190.0,20.5
2022-12-11 01:00:00,0.3,5.0,996.6,86.0,7.2,0.619683,190.0,11.2
2022-12-11 02:00:00,0.0,3.8,998.2,82.0,6.7,0.604933,4.0,0.0
2022-12-11 03:00:00,0.0,3.8,998.2,82.0,6.7,0.591272,170.0,13.0
2022-12-11 04:00:00,0.0,3.3,998.4,85.0,5.6,0.588082,150.0,9.4
2022-12-11 05:00:00,0.0,3.9,999.2,86.0,6.1,0.557236,200.0,5.4
2022-12-11 06:00:00,0.0,2.2,1000.0,96.0,2.8,0.519858,0.0,0.0
2022-12-11 07:00:00,0.0,1.0,1001.4,92.0,2.2,0.489259,0.0,0.0
2022-12-11 08:00:00,0.0,1.0,1001.4,92.0,2.2,0.462082,0.0,0.0
2022-12-11 09:00:00,0.0,1.7,1001.6,100.0,1.7,0.456583,30.0,5.4
2022-12-11 10:00:00,0.0,1.8,1002.4,97.0,2.2,0.444192,290.0,9.4
2022-12-11 11:00:00,0.0,2.8,1003.0,100.0,2.8,0.457302,300.0,5.4
2022-12-11 12:00:00,0.0,2.8,1003.3,100.0,2.8,0.464063,350.0,7.6
2022-12-11 13:00:00,0.0,2.8,1004.7,100.0,2.8,0.503361,0.0,0.0
2022-12-11 14:00:00,0.1,2.8,1004.7,100.0,2.8,0.540415,0.0,0.0
2022-12-11 15:00:00,0.3,2.2,1005.0,96.0,2.8,0.597287,0.0,0.0
2022-12-11 16:00:00,0.0,0.7,1005.6,97.0,1.1,0.650587,260.0,7.6
2022-12-11 17:00:00,0.0,2.2,1007.3,96.0,2.8,0.664959,290.0,5.4
2022-12-11 18:00:00,0.0,2.2,1008.0,96.0,2.8,0.639833,270.0,5.4
2022-12-11 19:00:00,0.0,4.0,1007.5,97.0,4.4,0.642195,0.0,0.0
2022-12-11 20:00:00,0.0,4.4,1007.7,96.0,5.0,0.639408,250.0,9.4
2022-12-11 21:00:00,0.0,4.4,1007.7,96.0,5.0,0.614588,250.0,9.4
2022-12-11 22:00:00,0.0,5.0,1008.3,89.0,6.7,0.601664,240.0,9.4
2022-12-11 23:00:00,0.0,5.0,1008.3,89.0,6.7,0.615179,240.0,9.4
2022-12-12 00:00:00,0.0,5.0,1009.5,89.0,6.7,0.640204,260.0,5.4
2022-12-12 01:00:00,0.0,5.0,1009.5,89.0,6.7,0.691948,260.0,5.4
2022-12-12 02:00:00,0.0,5.1,1010.5,93.0,6.1,0.685467,240.0,7.6
2022-12-12 03:00:00,0.0,4.4,1011.1,92.0,5.6,0.676899,0.0,0.0
2022-12-12 04:00:00,0.0,4.4,1011.1,92.0,5.6,0.645121,0.0,0.0
2022-12-12 05:00:00,0.0,4.0,1011.9,93.0,5.0,0.585886,0.0,0.0
2022-12-12 06:00:00,0.0,2.9,1012.4,97.0,3.3,0.527263,0.0,0.0
2022-12-12 07:00:00,0.0,1.7,1013.1,100.0,1.7,0.488403,0.0,0.0
2022-12-12 08:00:00,0.0,1.7,1013.1,100.0,1.7,0.462161,0.0,0.0
2022-12-12 09:00:00,0.0,1.1,1013.8,100.0,1.1,0.456526,0.0,0.0
2022-12-12 10:00:00,0.0,1.1,1013.8,100.0,1.1,0.456558,0.0,0.0
2022-12-12 11:00:00,0.0,2.2,1015.1,96.0,2.8,0.468321,0.0,5.4
2022-12-12 12:00:00,0.0,1.8,1015.5,97.0,2.2,0.478147,0.0,0.0
2022-12-12 13:00:00,0.0,1.8,1015.9,97.0,2.2,0.560152,0.0,0.0
2022-12-12 14:00:00,0.0,1.8,1016.5,93.0,2.8,0.656592,360.0,5.4
2022-12-12 15:00:00,0.0,1.8,1016.5,93.0,2.8,0.702033,360.0,5.4
2022-12-12 16:00:00,0.0,2.2,1017.5,96.0,2.8,0.697304,240.0,5.4
2022-12-12 17:00:00,0.0,4.0,1018.3,97.0,4.4,0.66181,0.0,0.0
2022-12-12 18:00:00,0.0,3.9,1018.2,89.0,5.6,0.591414,0.0,0.0
2022-12-12 19:00:00,0.0,4.4,1018.2,85.0,6.7,0.551944,0.0,0.0
2022-12-12 20:00:00,0.0,4.4,1018.2,85.0,6.7,0.529387,0.0,0.0
2022-12-12 21:00:00,0.0,3.3,1018.3,68.0,8.9,0.53976,0.0,0.0
2022-12-12 22:00:00,0.0,3.3,1018.3,68.0,8.9,0.582085,0.0,0.0
2022-12-12 23:00:00,0.0,2.1,1018.5,65.0,8.3,0.592318,10.0,7.6
2022-12-13 00:00:00,0.0,3.3,1019.3,76.0,7.2,0.645067,0.0,0.0
2022-12-13 01:00:00,0.0,3.3,1019.6,79.0,6.7,0.674061,0.0,0.0
2022-12-13 02:00:00,0.0,3.3,1019.6,79.0,6.7,0.674439,0.0,0.0
2022-12-13 03:00:00,0.0,3.3,1020.6,89.0,5.0,0.63731,340.0,5.4
2022-12-13 04:00:00,0.0,2.2,1020.7,79.0,5.6,0.61446,10.0,5.4
2022-12-13 05:00:00,0.0,1.2,1021.0,89.0,2.8,0.576475,0.0,0.0
2022-12-13 06:00:00,0.0,1.2,1021.0,89.0,2.8,0.526639,0.0,0.0
2022-12-13 07:00:00,0.0,0.7,1021.4,97.0,1.1,0.4927,340.0,9.4
2022-12-13 08:00:00,0.0,-0.6,1021.7,92.0,0.6,0.483185,340.0,9.4
2022-12-13 09:00:00,0.0,-0.6,1021.9,100.0,-0.6,0.482172,0.0,0.0
2022-12-13 10:00:00,0.0,-1.1,1022.3,92.0,0.0,0.504239,280.0,7.6
2022-12-13 11:00:00,0.0,-1.1,1022.3,92.0,0.0,0.51632,280.0,7.6
2022-12-13 12:00:00,0.0,0.0,1022.5,96.0,0.6,0.565133,250.0,5.4
2022-12-13 13:00:00,0.0,-0.6,1022.7,96.0,0.0,0.634568,250.0,7.6
2022-12-13 14:00:00,0.0,-0.6,1023.0,92.0,0.6,0.713859,290.0,7.6
2022-12-13 15:00:00,0.0,-0.6,1023.0,92.0,0.6,0.759513,290.0,7.6
2022-12-13 16:00:00,0.0,0.0,1023.2,96.0,0.6,0.747775,0.0,0.0
2022-12-13 17:00:00,0.0,1.1,1024.2,96.0,1.7,0.735828,210.0,5.4
2022-12-13 18:00:00,0.0,1.8,1024.6,93.0,2.8,0.686606,260.0,5.4
2022-12-13 19:00:00,0.0,1.8,1024.5,86.0,3.9,0.67598,0.0,0.0
2022-12-13 20:00:00,0.0,1.7,1024.1,79.0,5.0,0.635841,0.0,0.0
2022-12-13 21:00:00,0.0,1.7,1024.1,79.0,5.0,0.609816,0.0,0.0
2022-12-13 22:00:00,0.0,1.0,1024.1,70.0,6.1,0.618983,0.0,0.0
2022-12-13 23:00:00,0.0,1.0,1024.1,70.0,6.1,0.625566,0.0,0.0
2022-12-14 00:00:00,0.0,2.2,1024.4,79.0,5.6,0.685204,0.0,0.0
2022-12-14 01:00:00,0.0,2.2,1024.7,82.0,5.0,0.709584,0.0,0.0
2022-12-14 02:00:00,0.0,2.3,1024.9,86.0,4.4,0.696355,0.0,0.0
2022-12-14 03:00:00,0.0,2.3,1025.1,89.0,3.9,0.666372,0.0,0.0
2022-12-14 04:00:00,0.0,2.9,1025.1,93.0,3.9,0.668472,0.0,0.0
2022-12-14 05:00:00,0.0,2.3,1025.6,93.0,3.3,0.610533,0.0,0.0
2022-12-14 06:00:00,0.0,2.3,1025.6,93.0,3.3,0.553918,0.0,0.0
2022-12-14 07:00:00,0.0,0.5,1025.5,92.0,1.7,0.507083,0.0,0.0
2022-12-14 08:00:00,0.0,0.5,1025.5,92.0,1.7,0.503973,0.0,0.0
2022-12-14 09:00:00,0.0,0.0,1025.8,96.0,0.6,0.501414,0.0,0.0
2022-12-14 10:00:00,0.0,-1.1,1026.8,100.0,-1.1,0.508737,0.0,0.0
2022-12-14 11:00:00,0.0,0.0,1026.8,96.0,0.6,0.531995,0.0,0.0
2022-12-14 12:00:00,0.0,0.7,1026.9,97.0,1.1,0.552655,0.0,0.0
2022-12-14 13:00:00,0.0,0.7,1026.9,97.0,1.1,0.623583,0.0,0.0
2022-12-14 14:00:00,0.0,-0.6,1027.4,96.0,0.0,0.719012,0.0,0.0
2022-12-14 15:00:00,0.0,-0.6,1027.4,96.0,0.0,0.777974,0.0,0.0
2022-12-14 16:00:00,0.0,0.0,1028.6,96.0,0.6,0.770117,250.0,5.4
2022-12-14 17:00:00,0.0,2.3,1028.7,93.0,3.3,0.673743,0.0,0.0
2022-12-14 18:00:00,0.0,2.3,1028.7,86.0,4.4,0.57091,120.0,5.4
2022-12-14 19:00:00,0.0,2.3,1028.7,86.0,4.4,0.502388,120.0,5.4
2022-12-14 20:00:00,0.0,1.6,1028.4,65.0,7.8,0.484784,50.0,11.2
2022-12-14 21:00:00,0.0,1.6,1028.4,65.0,7.8,0.476778,50.0,11.2
2022-12-14 22:00:00,0.0,1.2,1028.2,63.0,7.8,0.519045,20.0,7.6
2022-12-14 23:00:00,0.0,1.2,1028.3,68.0,6.7,0.556317,2.0,7.6
2022-12-15 00:00:00,0.0,0.6,1028.9,73.0,5.0,0.630003,350.0,5.4
2022-12-15 01:00:00,0.0,0.6,1028.9,73.0,5.0,0.71264,350.0,5.4
2022-12-15 02:00:00,0.0,0.7,1029.5,83.0,3.3,0.726025,340.0,9.4
2022-12-15 03:00:00,0.0,-0.6,1029.5,85.0,1.7,0.723256,360.0,9.4
2022-12-15 04:00:00,0.0,-1.1,1029.8,92.0,0.0,0.709013,0.0,0.0
2022-12-15 05:00:00,0.0,-1.2,1030.2,88.0,0.6,0.67331,340.0,7.6
2022-12-15 06:00:00,0.0,-1.2,1030.2,88.0,0.6,0.610648,340.0,7.6
2022-12-15 07:00:00,0.0,-2.8,1030.4,92.0,-1.7,0.575016,320.0,5.4
2022-12-15 08:00:00,0.0,-2.8,1030.4,92.0,-1.7,0.551958,320.0,5.4
2022-12-15 09:00:00,0.0,-2.8,1030.7,88.0,-1.1,0.565872,340.0,7.6
2022-12-15 10:00:00,0.0,-2.8,1030.7,88.0,-1.1,0.574629,340.0,7.6
2022-12-15 11:00:00,0.0,-2.2,1030.5,89.0,-0.6,0.584281,350.0,11.2
2022-12-15 12:00:00,0.0,-2.2,1030.4,89.0,-0.6,0.630125,360.0,11.2
2022-12-15 13:00:00,0.0,-2.2,1030.2,92.0,-1.1,0.710152,360.0,11.2
2022-12-15 14:00:00,0.0,-2.8,1030.0,88.0,-1.1,0.809507,360.0,9.4
2022-12-15 15:00:00,0.0,-2.8,1030.0,88.0,-1.1,0.877469,360.0,9.4
2022-12-15 16:00:00,0.0,-1.2,1030.5,88.0,0.6,0.821704,340.0,11.2
2022-12-15 17:00:00,0.0,-1.2,1030.9,88.0,0.6,0.711862,360.0,9.4
2022-12-15 18:00:00,0.0,0.6,1030.3,70.0,5.6,0.605951,360.0,14.8
2022-12-15 19:00:00,0.0,-0.1,1029.8,60.0,7.2,0.539363,350.0,13.0
2022-12-15 20:00:00,0.0,-0.1,1029.8,60.0,7.2,0.497555,350.0,13.0
2022-12-15 21:00:00,0.0,-1.8,1028.3,49.0,8.3,0.498693,10.0,14.8
2022-12-15 22:00:00,0.0,-1.0,1028.2,56.0,7.2,0.568066,330.0,9.4
2022-12-15 23:00:00,0.0,-1.0,1028.2,56.0,7.2,0.60867,330.0,9.4
2022-12-16 00:00:00,0.0,-2.3,1028.7,57.0,5.6,0.676961,330.0,9.4
2022-12-16 01:00:00,0.0,-2.3,1028.7,57.0,5.6,0.707404,330.0,9.4
2022-12-16 02:00:00,0.0,-1.6,1028.9,65.0,4.4,0.708099,320.0,9.4
2022-12-16 03:00:00,0.0,-2.1,1029.2,60.0,5.0,0.6778,10.0,13.0
2022-12-16 04:00:00,0.0,-2.1,1029.2,60.0,5.0,0.665595,10.0,13.0
2022-12-16 05:00:00,0.0,-2.3,1029.5,64.0,3.9,0.638936,340.0,16.6
2022-12-16 06:00:00,0.0,-3.3,1029.5,62.0,3.3,0.596188,360.0,20.5
2022-12-16 07:00:00,0.0,-3.3,1029.4,62.0,3.3,0.550326,340.0,16.6
2022-12-16 08:00:00,0.0,-3.4,1029.3,59.0,3.9,0.518172,5.0,16.6
2022-12-16 09:00:00,0.0,-3.9,1028.7,57.0,3.9,0.51968,20.0,25.9
2022-12-16 10:00:00,0.0,-3.9,1028.5,64.0,2.2,0.519446,10.0,13.0
2022-12-16 11:00:00,0.0,-3.9,1028.5,64.0,2.2,0.532821,10.0,13.0
2022-12-16 12:00:00,0.0,-4.0,1027.3,61.0,2.8,0.561532,10.0,22.3
2022-12-16 13:00:00,0.0,-3.9,1027.2,64.0,2.2,0.627868,350.0,18.4
2022-12-16 14:00:00,0.0,-3.9,1027.0,64.0,2.2,0.707437,350.0,18.4
2022-12-16 15:00:00,0.0,-3.9,1027.0,64.0,2.2,0.739836,350.0,18.4
2022-12-16 16:00:00,0.0,-4.0,1027.1,66.0,1.7,0.750548,10.0,14.8
2022-12-16 17:00:00,0.0,-3.4,1027.1,57.0,4.4,0.674054,350.0,16.6
2022-12-16 18:00:00,0.0,-3.3,1026.7,51.0,6.1,0.581499,360.0,16.6
2022-12-16 19:00:00,0.0,-3.3,1026.7,51.0,6.1,0.53193,360.0,16.6
2022-12-16 20:00:00,0.0,-3.3,1025.5,44.0,8.3,0.48446,350.0,14.8
2022-12-16 21:00:00,0.0,-3.9,1024.9,42.0,8.3,0.484781,20.0,16.6
2022-12-16 22:00:00,0.0,-3.3,1024.5,44.0,8.3,0.518277,20.0,9.4
2022-12-16 23:00:00,0.0,-3.3,1024.5,44.0,8.3,0.560799,20.0,9.4
2022-12-17 00:00:00,0.0,-2.2,1024.3,53.0,6.7,0.636302,20.0,13.0
2022-12-17 01:00:00,0.0,-4.0,1023.4,66.0,1.7,0.696423,0.0,0.0
2022-12-17 02:00:00,0.0,-4.0,1023.1,78.0,-0.6,0.685094,0.0,5.4
2022-12-17 03:00:00,0.0,-4.4,1022.9,78.0,-1.1,0.692798,0.0,0.0
2022-12-17 04:00:00,0.0,-4.4,1022.9,78.0,-1.1,0.681195,0.0,0.0
2022-12-17 05:00:00,0.0,-4.4,1023.4,85.0,-2.2,0.665175,0.0,0.0
2022-12-17 06:00:00,0.0,-5.0,1023.2,85.0,-2.8,0.634676,50.0,5.4
2022-12-17 07:00:00,0.0,-4.4,1023.1,92.0,-3.3,0.610318,0.0,0.0
2022-12-17 08:00:00,0.0,-5.6,1022.6,88.0,-3.9,0.591261,0.0,0.0
2022-12-17 09:00:00,0.0,-5.6,1022.6,88.0,-3.9,0.595921,0.0,0.0
2022-12-17 10:00:00,0.0,-5.6,1022.5,91.0,-4.4,0.607098,0.0,0.0
2022-12-17 11:00:00,0.0,-6.7,1022.2,88.0,-5.0,0.632752,0.0,0.0
2022-12-17 12:00:00,0.0,-6.1,1022.0,92.0,-5.0,0.666066,30.0,7.6
2022-12-17 13:00:00,0.0,-6.1,1021.7,88.0,-4.4,0.715641,0.0,0.0
2022-12-17 14:00:00,0.0,-6.1,1021.7,88.0,-4.4,0.777855,0.0,0.0
2022-12-17 15:00:00,0.0,-6.1,1021.9,92.0,-5.0,0.820147,0.0,0.0
2022-12-17 16:00:00,0.0,-4.4,1021.5,92.0,-3.3,0.855472,0.0,0.0
2022-12-17 17:00:00,0.0,-2.8,1022.0,88.0,-1.1,0.847085,0.0,0.0
2022-12-17 18:00:00,0.0,-1.7,1021.3,92.0,-0.6,0.838055,210.0,5.4
2022-12-17 19:00:00,0.0,-1.7,1021.3,92.0,-0.6,0.786594,210.0,5.4
2022-12-17 20:00:00,0.0,-1.8,1020.1,75.0,2.2,0.720918,2.0,5.4
2022-12-17 21:00:00,0.0,-1.1,1020.0,70.0,3.9,0.631525,0.0,0.0
2022-12-17 22:00:00,0.0,-1.7,1019.9,70.0,3.3,0.657391,0.0,0.0
2022-12-17 23:00:00,0.0,-1.7,1019.9,70.0,3.3,0.67574,0.0,0.0
2022-12-18 00:00:00,0.0,-1.8,1019.5,75.0,2.2,0.716418,0.0,0.0
2022-12-18 01:00:00,0.0,-0.6,1019.4,82.0,2.2,0.725977,0.0,0.0
2022-12-18 02:00:00,0.0,-0.6,1019.3,82.0,2.2,0.711941,0.0,7.6
2022-12-18 03:00:00,0.0,-0.6,1019.2,82.0,2.2,0.694588,0.0,0.0
2022-12-18 04:00:00,0.0,-0.6,1019.2,82.0,2.2,0.680762,0.0,0.0
2022-12-18 05:00:00,0.0,-0.6,1018.6,82.0,2.2,0.620869,2.0,0.0
2022-12-18 06:00:00,0.0,-0.1,1018.7,85.0,2.2,0.578589,0.0,0.0
2022-12-18 07:00:00,0.0,-0.7,1018.6,88.0,1.1,0.546734,160.0,9.4
2022-12-18 08:00:00,0.0,0.1,1018.2,89.0,1.7,0.513914,0.0,0.0
2022-12-18 09:00:00,0.0,0.1,1018.2,89.0,1.7,0.50739,0.0,0.0
2022-12-18 10:00:00,0.0,-0.7,1018.1,88.0,1.1,0.49327,0.0,0.0
2022-12-18 11:00:00,0.0,0.1,1017.6,89.0,1.7,0.487346,0.0,0.0
2022-12-18 12:00:00,0.0,1.2,1017.4,89.0,2.8,0.506987,0.0,0.0
2022-12-18 13:00:00,0.0,1.2,1017.4,89.0,2.8,0.547114,0.0,0.0
2022-12-18 14:00:00,0.0,2.3,1016.7,93.0,3.3,0.57804,210.0,14.8
2022-12-18 15:00:00,0.0,2.3,1016.7,93.0,3.3,0.629635,210.0,14.8
2022-12-18 16:00:00,0.3,2.9,1017.4,93.0,3.9,0.688402,200.0,11.2
2022-12-18 17:00:00,0.0,2.9,1017.4,93.0,3.9,0.682915,200.0,11.2
2022-12-18 18:00:00,0.0,3.3,1017.8,89.0,5.0,0.6429,200.0,18.4
2022-12-18 19:00:00,0.0,3.3,1017.2,85.0,5.6,0.609955,200.0,14.8
2022-12-18 20:00:00,0.0,3.8,1016.5,82.0,6.7,0.589068,210.0,18.4
2022-12-18 21:00:00,0.0,2.8,1016.2,76.0,6.7,0.607051,250.0,20.5
2022-12-18 22:00:00,0.0,2.8,1016.2,76.0,6.7,0.619397,250.0,20.5
2022-12-18 23:00:00,0.3,2.7,1016.4,79.0,6.1,0.653588,230.0,14.8
2022-12-19 00:00:00,0.0,2.9,1017.6,86.0,5.0,0.676781,230.0,14.8
2022-12-19 01:00:00,0.0,1.8,1018.2,86.0,3.9,0.716899,240.0,14.8
2022-12-19 02:00:00,0.0,2.3,1018.8,89.0,3.9,0.717872,230.0,11.2
2022-12-19 03:00:00,0.0,2.7,1019.2,89.0,4.4,0.698065,220.0,9.4
2022-12-19 04:00:00,0.0,2.7,1019.2,89.0,4.4,0.655972,220.0,9.4
2022-12-19 05:00:00,0.0,2.9,1020.2,93.0,3.9,0.602544,0.0,0.0
2022-12-19 06:00:00,0.0,1.7,1020.8,89.0,3.3,0.549156,220.0,13.0
2022-12-19 07:00:00,0.0,1.0,1021.2,92.0,2.2,0.507943,210.0,9.4
2022-12-19 08:00:00,0.0,1.0,1021.2,92.0,2.2,0.483747,210.0,9.4
2022-12-19 09:00:00,0.0,1.8,1022.1,93.0,2.8,0.472912,210.0,9.4
2022-12-19 10:00:00,0.0,2.2,1022.5,96.0,2.8,0.481096,200.0,11.2
2022-12-19 11:00:00,0.0,1.8,1022.9,97.0,2.2,0.487819,2.0,11.2
2022-12-19 12:00:00,0.0,1.8,1022.9,97.0,2.2,0.506804,270.0,7.6
2022-12-19 13:00:00,0.0,2.2,1023.1,96.0,2.8,0.567198,0.0,0.0
2022-12-19 14:00:00,0.0,1.8,1023.7,97.0,2.2,0.614392,0.0,0.0
2022-12-19 15:00:00,0.0,1.0,1024.1,92.0,2.2,0.669895,0.0,0.0
2022-12-19 16:00:00,0.0,1.0,1024.1,92.0,2.2,0.691962,0.0,0.0
2022-12-19 17:00:00,0.3,2.3,1025.1,93.0,3.3,0.69249,2.0,0.0
2022-12-19 18:00:00,0.0,2.3,1025.1,93.0,3.3,0.688132,350.0,5.4
2022-12-19 19:00:00,0.0,2.3,1024.5,86.0,4.4,0.686764,360.0,11.2
2022-12-19 20:00:00,0.0,2.3,1024.5,86.0,4.4,0.66973,360.0,11.2
2022-12-19 21:00:00,0.0,2.2,1024.6,82.0,5.0,0.653847,10.0,7.6
2022-12-19 22:00:00,0.0,2.8,1024.2,82.0,5.6,0.65657,30.0,5.4
2022-12-19 23:00:00,0.0,3.3,1024.3,89.0,5.0,0.658713,110.0,7.6
2022-12-20 00:00:00,0.0,2.7,1024.5,89.0,4.4,0.694318,0.0,0.0
2022-12-20 01:00:00,0.0,2.7,1024.5,89.0,4.4,0.714385,0.0,0.0
2022-12-20 02:00:00,0.0,2.3,1023.4,93.0,3.3,0.706149,330.0,5.4
2022-12-20 03:00:00,0.0,2.3,1023.4,93.0,3.3,0.687697,330.0,5.4
2022-12-20 04:00:00,0.0,1.8,1023.1,93.0,2.8,0.68188,0.0,0.0
2022-12-20 05:00:00,0.0,0.5,1023.3,92.0,1.7,0.623437,240.0,5.4
2022-12-20 06:00:00,0.0,0.0,1023.7,96.0,0.6,0.575229,250.0,5.4
2022-12-20 07:00:00,0.0,0.0,1023.7,96.0,0.6,0.532971,250.0,5.4
2022-12-20 08:00:00,0.0,1.8,1023.3,97.0,2.2,0.491086,2.0,5.4
2022-12-20 09:00:00,0.0,1.8,1023.1,93.0,2.8,0.486759,0.0,0.0
2022-12-20 10:00:00,0.0,1.8,1023.1,93.0,2.8,0.481238,0.0,0.0
2022-12-20 11:00:00,0.0,2.2,1022.7,96.0,2.8,0.500334,2.0,0.0
2022-12-20 12:00:00,0.3,2.2,1022.7,96.0,2.8,0.515521,330.0,5.4
2022-12-20 13:00:00,0.0,2.2,1022.0,96.0,2.8,0.56516,0.0,0.0
2022-12-20 14:00:00,0.0,2.2,1022.2,96.0,2.8,0.620402,0.0,0.0
2022-12-20 15:00:00,0.0,2.3,1021.9,93.0,3.3,0.681152,20.0,5.4
2022-12-20 16:00:00,0.0,3.3,1022.1,96.0,3.9,0.701123,0.0,0.0
2022-12-20 17:00:00,0.0,3.3,1022.1,96.0,3.9,0.705114,0.0,0.0
2022-12-20 18:00:00,0.3,5.6,1021.5,86.0,7.8,0.680799,190.0,22.3
2022-12-20 19:00:00,0.5,6.1,1020.8,89.0,7.8,0.692162,200.0,22.3
2022-12-20 20:00:00,0.3,7.2,1020.3,93.0,8.3,0.681248,5.0,22.3
2022-12-20 21:00:00,0.5,7.2,1020.3,93.0,8.3,0.652502,200.0,16.6
2022-12-20 22:00:00,1.0,7.8,1019.9,93.0,8.9,0.646485,190.0,20.5
2022-12-20 23:00:00,0.3,7.8,1019.8,90.0,9.4,0.643591,200.0,18.4
2022-12-21 00:00:00,1.0,7.8,1020.1,93.0,8.9,0.660398,4.0,18.4
2022-12-21 01:00:00,0.8,7.8,1020.4,93.0,8.9,0.663338,210.0,14.8
2022-12-21 02:00:00,0.5,7.8,1020.9,93.0,8.9,0.636884,220.0,14.8
2022-12-21 03:00:00,0.0,7.8,1021.7,93.0,8.9,0.622221,250.0,5.4
2022-12-21 04:00:00,0.3,7.8,1021.7,93.0,8.9,0.600994,250.0,5.4
2022-12-21 05:00:00,0.1,5.0,1023.2,89.0,6.7,0.561017,240.0,7.6
2022-12-21 06:00:00,0.0,4.0,1024.6,93.0,5.0,0.515177,360.0,5.4
2022-12-21 07:00:00,0.0,4.0,1025.5,97.0,4.4,0.484556,210.0,5.4
2022-12-21 08:00:00,0.0,4.0,1025.7,93.0,5.0,0.47113,210.0,0.0
2022-12-21 09:00:00,0.0,4.0,1025.7,93.0,5.0,0.469065,0.0,0.0
2022-12-21 10:00:00,0.0,3.3,1027.1,89.0,5.0,0.486043,0.0,0.0
2022-12-21 11:00:00,0.0,2.3,1027.2,89.0,3.9,0.489137,0.0,0.0
2022-12-21 12:00:00,0.0,1.0,1027.7,92.0,2.2,0.539626,320.0,5.4
2022-12-21 13:00:00,0.0,-0.1,1027.7,92.0,1.1,0.589385,340.0,9.4
2022-12-21 14:00:00,0.0,-0.1,1027.7,92.0,1.1,0.652749,340.0,9.4
2022-12-21 15:00:00,0.0,-0.6,1028.1,92.0,0.6,0.708177,300.0,7.6
2022-12-21 16:00:00,0.0,-0.7,1028.3,88.0,1.1,0.736142,350.0,7.6
2022-12-21 17:00:00,0.0,-0.7,1029.1,78.0,2.8,0.683555,330.0,7.6
2022-12-21 18:00:00,0.0,-0.7,1029.1,78.0,2.8,0.605407,330.0,7.6
2022-12-21 19:00:00,0.0,-1.7,1028.7,67.0,3.9,0.519653,340.0,13.0
2022-12-21 20:00:00,0.0,-2.8,1028.3,57.0,5.0,0.567771,350.0,11.2
2022-12-21 21:00:00,0.0,-3.3,1028.2,55.0,5.0,0.518258,360.0,11.2
2022-12-21 22:00:00,0.0,-3.2,1028.3,53.0,5.6,0.492972,10.0,7.6
2022-12-21 23:00:00,0.0,-3.2,1028.3,53.0,5.6,0.604383,10.0,7.6
2022-12-22 00:00:00,0.0,-4.0,1028.4,66.0,1.7,0.696255,10.0,7.6
2022-12-22 01:00:00,0.0,-4.4,1028.4,69.0,0.6,0.726304,10.0,7.6
2022-12-22 02:00:00,0.0,-6.6,1028.6,66.0,-1.1,0.748359,50.0,18.4
2022-12-22 03:00:00,0.0,-7.8,1029.2,63.0,-1.7,0.762641,40.0,14.8
2022-12-22 04:00:00,0.0,-8.9,1029.1,60.0,-2.2,0.771381,20.0,16.6
2022-12-22 05:00:00,0.0,-8.9,1029.1,60.0,-2.2,0.746373,20.0,16.6
2022-12-22 06:00:00,0.0,-10.6,1030.1,57.0,-3.3,0.706911,10.0,14.8
2022-12-22 07:00:00,0.0,-11.8,1030.1,52.0,-3.3,0.68368,10.0,22.3
2022-12-22 08:00:00,0.0,-11.6,1029.6,55.0,-3.9,0.680429,10.0,18.4
2022-12-22 09:00:00,0.0,-11.6,1029.6,55.0,-3.9,0.691707,10.0,18.4
2022-12-22 10:00:00,0.0,-12.8,1029.9,50.0,-3.9,0.688015,10.0,25.9
2022-12-22 11:00:00,0.0,-13.3,1029.1,50.0,-4.4,0.699321,30.0,22.3
2022-12-22 12:00:00,0.0,-13.8,1028.8,48.0,-4.4,0.752522,10.0,22.3
2022-12-22 13:00:00,0.0,-13.8,1028.6,48.0,-4.4,0.810568,10.0,27.7
2022-12-22 14:00:00,0.0,-13.8,1028.6,48.0,-4.4,0.898225,10.0,27.7
2022-12-22 15:00:00,0.0,-13.8,1028.1,48.0,-4.4,0.950398,10.0,20.5
2022-12-22 16:00:00,0.0,-13.8,1028.0,48.0,-4.4,0.985716,10.0,18.4
2022-12-22 17:00:00,0.0,-13.8,1028.0,48.0,-4.4,0.972685,10.0,18.4
2022-12-22 18:00:00,0.0,-13.8,1027.9,48.0,-4.4,0.969481,360.0,22.3
2022-12-22 19:00:00,0.0,-14.3,1027.3,46.0,-4.4,0.963816,20.0,22.3
2022-12-22 20:00:00,0.0,-14.4,1025.2,44.0,-3.9,0.945514,7.0,20.5
2022-12-22 21:00:00,0.0,-14.4,1025.2,44.0,-3.9,0.922307,360.0,24.1
2022-12-22 22:00:00,0.0,-14.4,1024.1,42.0,-3.3,0.93171,10.0,22.3
2022-12-22 23:00:00,0.0,-14.4,1024.1,42.0,-3.3,0.970219,10.0,22.3
2022-12-23 00:00:00,0.4,-11.8,1023.2,59.0,-5.0,1.0,10.0,14.8
2022-12-23 01:00:00,0.3,-10.6,1022.7,68.0,-5.6,0.988641,360.0,18.4
2022-12-23 02:00:00,0.3,-10.0,1022.2,71.0,-5.6,0.919763,360.0,14.8
2022-12-23 03:00:00,0.4,-10.0,1021.9,71.0,-5.6,0.942065,350.0,18.4
2022-12-23 04:00:00,0.4,-10.0,1021.9,71.0,-5.6,0.92782,350.0,18.4
2022-12-23 05:00:00,0.5,-8.8,1021.5,78.0,-5.6,0.86061,360.0,13.0
2022-12-23 06:00:00,0.5,-8.4,1021.3,84.0,-6.1,0.815419,360.0,18.4
2022-12-23 07:00:00,1.0,-8.4,1020.9,84.0,-6.1,0.783846,360.0,16.6
2022-12-23 08:00:00,0.3,-8.4,1020.4,84.0,-6.1,0.771183,360.0,16.6
2022-12-23 09:00:00,0.3,-7.1,1019.1,89.0,-5.6,0.769686,360.0,9.4
2022-12-23 10:00:00,0.8,-6.7,1019.1,92.0,-5.6,0.775115,350.0,11.2
2022-12-23 11:00:00,0.5,-6.7,1018.8,92.0,-5.6,0.772097,4.0,11.2
2022-12-23 12:00:00,0.5,-6.7,1018.8,92.0,-5.6,0.798485,350.0,13.0
2022-12-23 13:00:00,0.3,-6.1,1018.4,88.0,-4.4,0.829942,360.0,13.0
2022-12-23 14:00:00,0.5,-6.1,1018.7,92.0,-5.0,0.864198,360.0,11.2
2022-12-23 15:00:00,0.5,-5.6,1019.1,91.0,-4.4,0.909561,330.0,5.4
2022-12-23 16:00:00,0.0,-4.9,1020.1,96.0,-4.4,0.924668,0.0,0.0
2022-12-23 17:00:00,0.2,-4.9,1020.1,96.0,-4.4,0.920117,0.0,0.0
2022-12-23 18:00:00,0.0,-5.0,1020.9,88.0,-3.3,0.924334,0.0,0.0
2022-12-23 19:00:00,0.0,-4.4,1021.3,89.0,-2.8,0.938277,0.0,0.0
2022-12-23 20:00:00,0.0,-4.4,1021.3,89.0,-2.8,0.929643,0.0,0.0
2022-12-23 21:00:00,0.0,-4.4,1021.1,85.0,-2.2,0.906359,0.0,0.0
2022-12-23 22:00:00,0.0,-3.9,1021.4,88.0,-2.2,0.887456,0.0,0.0
2022-12-23 23:00:00,0.0,-3.9,1021.7,88.0,-2.2,0.877365,0.0,0.0
2022-12-24 00:00:00,0.0,-3.3,1022.6,89.0,-1.7,0.891015,0.0,0.0
2022-12-24 01:00:00,0.0,-2.8,1022.9,92.0,-1.7,0.910871,0.0,0.0
2022-12-24 02:00:00,0.3,-3.3,1022.8,89.0,-1.7,0.874818,70.0,5.4
2022-12-24 03:00:00,0.0,-2.8,1023.4,92.0,-1.7,0.842982,350.0,5.4
2022-12-24 04:00:00,0.0,-2.8,1023.2,92.0,-1.7,0.809055,0.0,0.0
2022-12-24 05:00:00,0.0,-2.8,1023.2,92.0,-1.7,0.765613,0.0,0.0
2022-12-24 06:00:00,0.0,-2.8,1023.4,92.0,-1.7,0.703866,0.0,5.4
2022-12-24 07:00:00,0.0,-2.3,1024.0,96.0,-1.7,0.667829,0.0,0.0
2022-12-24 08:00:00,0.0,-1.7,1024.1,96.0,-1.1,0.641161,0.0,0.0
2022-12-24 09:00:00,0.0,-1.7,1023.8,96.0,-1.1,0.624415,0.0,0.0
2022-12-24 10:00:00,0.0,-1.7,1024.1,96.0,-1.1,0.612995,0.0,0.0
2022-12-24 11:00:00,0.0,-1.7,1024.3,96.0,-1.1,0.631327,0.0,0.0
2022-12-24 12:00:00,0.0,-1.7,1024.0,92.0,-0.6,0.640546,0.0,0.0
2022-12-24 13:00:00,0.0,-1.2,1023.5,96.0,-0.6,0.682577,0.0,0.0
2022-12-24 14:00:00,0.0,-1.2,1022.3,96.0,-0.6,0.727709,0.0,0.0
2022-12-24 15:00:00,0.0,-1.2,1022.3,96.0,-0.6,0.769491,0.0,0.0
2022-12-24 16:00:00,0.0,-1.1,1022.0,92.0,0.0,0.814465,0.0,0.0
2022-12-24 17:00:00,0.0,-1.1,1022.0,92.0,0.0,0.838811,0.0,0.0
2022-12-24 18:00:00,0.3,-1.1,1022.1,92.0,0.0,0.880558,0.0,0.0
2022-12-24 19:00:00,2.8,-0.6,1022.7,96.0,0.0,0.835487,340.0,5.4
2022-12-24 20:00:00,3.3,-0.6,1022.7,92.0,0.6,0.820111,320.0,7.6
2022-12-24 21:00:00,1.8,0.5,1021.6,92.0,1.7,0.805577,2.0,5.4
2022-12-24 22:00:00,1.0,1.8,1021.4,97.0,2.2,0.761905,0.0,0.0
2022-12-24 23:00:00,0.3,2.2,1021.9,96.0,2.8,0.757459,0.0,0.0
2022-12-25 00:00:00,0.0,2.8,1023.5,100.0,2.8,0.734464,210.0,7.6
2022-12-25 01:00:00,0.0,3.3,1024.0,100.0,3.3,0.739007,120.0,5.4
2022-12-25 02:00:00,0.0,3.3,1023.8,100.0,3.3,0.708929,100.0,9.4
2022-12-25 03:00:00,0.0,3.3,1024.7,100.0,3.3,0.665545,310.0,5.4
2022-12-25 04:00:00,0.0,2.9,1025.3,97.0,3.3,0.659553,50.0,9.4
2022-12-25 05:00:00,0.0,1.8,1025.6,93.0,2.8,0.62932,300.0,5.4
2022-12-25 06:00:00,0.0,1.8,1025.3,97.0,2.2,0.602088,0.0,0.0
2022-12-25 07:00:00,0.0,1.8,1025.3,97.0,2.2,0.558344,0.0,0.0
2022-12-25 08:00:00,0.0,2.2,1025.2,100.0,2.2,0.517248,0.0,0.0
2022-12-25 09:00:00,0.0,2.8,1024.7,100.0,2.8,0.502928,0.0,0.0
2022-12-25 10:00:00,0.0,3.9,1025.0,100.0,3.9,0.488437,0.0,0.0
2022-12-25 11:00:00,0.0,3.9,1025.0,100.0,3.9,0.493463,0.0,0.0
2022-12-25 12:00:00,0.0,3.3,1024.4,100.0,3.3,0.498766,260.0,5.4
2022-12-25 13:00:00,0.5,3.9,1023.9,100.0,3.9,0.514213,0.0,0.0
2022-12-25 14:00:00,0.5,3.3,1024.0,96.0,3.9,0.557676,130.0,9.4
2022-12-25 15:00:00,0.3,3.3,1024.0,96.0,3.9,0.598203,110.0,5.4
2022-12-25 16:00:00,0.3,3.3,1023.9,100.0,3.3,0.648941,0.0,0.0
2022-12-25 17:00:00,0.5,5.7,1023.9,97.0,6.1,0.672643,0.0,0.0
2022-12-25 18:00:00,0.0,5.7,1023.9,97.0,6.1,0.670186,0.0,0.0
2022-12-25 19:00:00,0.0,6.7,1024.0,100.0,6.7,0.653279,0.0,0.0
2022-12-25 20:00:00,0.0,6.8,1023.6,97.0,7.2,0.620077,0.0,0.0
2022-12-25 21:00:00,0.0,8.3,1022.4,100.0,8.3,0.591196,0.0,0.0
2022-12-25 22:00:00,0.0,7.9,1020.2,97.0,8.3,0.585059,0.0,0.0
2022-12-25 23:00:00,0.0,7.9,1020.2,97.0,8.3,0.573853,0.0,0.0
2022-12-26 00:00:00,0.0,8.3,1019.7,100.0,8.3,0.591806,260.0,5.4
2022-12-26 01:00:00,0.2,7.8,1019.0,100.0,7.8,0.595807,0.0,0.0
2022-12-26 02:00:00,0.3,7.2,1019.0,100.0,7.2,0.580049,0.0,0.0
2022-12-26 03:00:00,0.0,7.2,1018.4,100.0,7.2,0.569421,110.0,5.4
2022-12-26 04:00:00,0.0,7.2,1018.1,96.0,7.8,0.548539,50.0,5.4
2022-12-26 05:00:00,0.0,7.2,1017.2,96.0,7.8,0.525563,0.0,0.0
2022-12-26 06:00:00,0.0,7.2,1016.7,100.0,7.2,0.495642,360.0,5.4
2022-12-26 07:00:00,0.0,6.8,1016.4,97.0,7.2,0.441233,0.0,0.0
2022-12-26 08:00:00,0.3,7.2,1015.6,100.0,7.2,0.417431,0.0,0.0
2022-12-26 09:00:00,3.2,6.8,1014.4,97.0,7.2,0.401014,130.0,11.2
2022-12-26 10:00:00,2.9,7.8,1013.1,100.0,7.8,0.396365,0.0,0.0
2022-12-26 11:00:00,0.8,7.2,1013.2,96.0,7.8,0.395164,100.0,5.4
2022-12-26 12:00:00,0.8,8.3,1012.3,100.0,8.3,0.390979,110.0,5.4
2022-12-26 13:00:00,0.0,11.7,1011.5,90.0,13.3,0.413737,200.0,22.3
2022-12-26 14:00:00,0.3,11.8,1011.1,87.0,13.9,0.432219,10.0,22.3
2022-12-26 15:00:00,0.3,11.1,1010.5,83.0,13.9,0.449915,190.0,27.7
2022-12-26 16:00:00,3.6,11.1,1010.5,83.0,13.9,0.488264,190.0,27.7
2022-12-26 17:00:00,1.5,12.2,1010.7,96.0,12.8,0.511251,4.0,16.6
2022-12-26 18:00:00,1.8,12.2,1009.9,93.0,13.3,0.522988,220.0,5.4
2022-12-26 19:00:00,1.0,12.2,1009.9,93.0,13.3,0.544629,220.0,5.4
2022-12-26 20:00:00,0.3,12.2,1008.5,96.0,12.8,0.556611,360.0,5.4
2022-12-26 21:00:00,0.3,12.2,1007.1,96.0,12.8,0.53659,0.0,0.0
2022-12-26 22:00:00,0.5,12.2,1004.9,96.0,12.8,0.537836,10.0,5.4
2022-12-26 23:00:00,2.5,11.7,1000.4,97.0,12.2,0.528053,70.0,5.4
2022-12-27 00:00:00,1.3,11.7,1000.4,97.0,12.2,0.554717,70.0,5.4
2022-12-27 01:00:00,3.6,11.1,997.2,100.0,11.1,0.569562,110.0,7.6
2022-12-27 02:00:00,4.3,10.6,991.7,100.0,10.6,0.559361,130.0,7.6
2022-12-27 03:00:00,4.8,10.6,991.7,100.0,10.6,0.55052,170.0,7.6
2022-12-27 04:00:00,4.1,11.7,989.3,97.0,12.2,0.522954,170.0,16.6
2022-12-27 05:00:00,2.0,12.8,987.7,90.0,14.4,0.487213,180.0,48.2
2022-12-27 06:00:00,3.8,12.3,987.6,90.0,13.9,0.447912,180.0,38.9
2022-12-27 07:00:00,7.6,11.7,986.4,90.0,13.3,0.410006,180.0,37.1
2022-12-27 08:00:00,0.3,11.7,984.6,90.0,13.3,0.37818,170.0,18.4
2022-12-27 09:00:00,0.3,11.8,983.5,87.0,13.9,0.368229,180.0,31.7
2022-12-27 10:00:00,1.8,11.8,983.5,87.0,13.9,0.355748,180.0,31.7
2022-12-27 11:00:00,4.8,11.1,982.9,93.0,12.2,0.3557,160.0,33.5
2022-12-27 12:00:00,1.5,7.3,982.3,72.0,12.2,0.37171,170.0,29.5
2022-12-27 13:00:00,1.4,7.8,982.3,77.0,11.7,0.411262,200.0,42.5
2022-12-27 14:00:00,0.3,7.8,982.3,80.0,11.1,0.460727,180.0,55.4
2022-12-27 15:00:00,1.3,7.8,983.6,83.0,10.6,0.488634,190.0,42.5
2022-12-27 16:00:00,1.3,6.7,984.1,83.0,9.4,0.528047,190.0,42.5
2022-12-27 17:00:00,0.8,6.7,984.1,83.0,9.4,0.297235,190.0,46.4
2022-12-27 18:00:00,1.8,6.7,984.0,86.0,8.9,0.0,190.0,51.8
2022-12-27 19:00:00,3.0,6.7,987.3,86.0,8.9,0.0,210.0,29.5
2022-12-27 20:00:00,3.6,6.7,988.5,86.0,8.9,0.0,220.0,33.5
2022-12-27 21:00:00,0.8,5.6,990.0,80.0,8.9,0.0,230.0,46.4
2022-12-27 22:00:00,2.3,5.6,993.0,83.0,8.3,0.674733,230.0,46.4
2022-12-27 23:00:00,4.3,5.1,996.6,83.0,7.8,0.706794,250.0,40.7
2022-12-28 00:00:00,1.3,4.4,1000.6,79.0,7.8,0.649453,240.0,22.3
2022-12-28 01:00:00,1.8,4.4,1000.6,79.0,7.8,0.626944,240.0,22.3
2022-12-28 02:00:00,1.0,6.1,1001.8,93.0,7.2,0.621476,220.0,20.5
2022-12-28 03:00:00,0.3,6.1,1002.6,96.0,6.7,0.592034,220.0,16.6
2022-12-28 04:00:00,0.2,6.7,1003.8,100.0,6.7,0.56235,210.0,18.4
2022-12-28 05:00:00,0.8,6.7,1003.8,100.0,6.7,0.532926,210.0,18.4
2022-12-28 06:00:00,1.3,5.6,1006.2,100.0,5.6,0.476645,230.0,11.2
2022-12-28 07:00:00,0.0,6.1,1006.9,100.0,6.1,0.442389,220.0,13.0
2022-12-28 08:00:00,0.5,5.6,1007.8,100.0,5.6,0.413713,220.0,13.0
2022-12-28 09:00:00,0.3,5.0,1008.5,96.0,5.6,0.400861,190.0,13.0
2022-12-28 10:00:00,0.0,5.0,1009.1,96.0,5.6,0.391649,210.0,16.6
2022-12-28 11:00:00,0.0,5.0,1009.1,96.0,5.6,0.399415,210.0,16.6
2022-12-28 12:00:00,0.0,3.4,1010.1,93.0,4.4,0.4117,190.0,14.8
2022-12-28 13:00:00,0.0,3.4,1010.1,93.0,4.4,0.456346,190.0,14.8
2022-12-28 14:00:00,0.0,4.0,1011.2,93.0,5.0,0.512382,180.0,13.0
2022-12-28 15:00:00,0.1,3.3,1011.2,89.0,5.0,0.555361,200.0,9.4
2022-12-28 16:00:00,0.0,5.0,1011.8,100.0,5.0,0.574007,0.0,0.0
2022-12-28 17:00:00,0.0,6.7,1012.2,100.0,6.7,0.567702,2.0,0.0
2022-12-28 18:00:00,0.0,6.7,1012.2,100.0,6.7,0.591533,40.0,5.4
2022-12-28 19:00:00,0.1,5.6,1011.7,86.0,7.8,0.584098,170.0,13.0
2022-12-28 20:00:00,0.0,5.6,1011.7,86.0,7.8,0.54959,170.0,13.0
2022-12-28 21:00:00,0.0,6.2,1011.0,83.0,8.9,0.563707,190.0,20.5
2022-12-28 22:00:00,0.0,6.2,1011.0,83.0,8.9,0.537964,190.0,20.5
2022-12-28 23:00:00,0.0,5.6,1010.6,83.0,8.3,0.561397,4.0,13.0
2022-12-29 00:00:00,0.0,5.6,1010.6,83.0,8.3,0.598488,160.0,14.8
2022-12-29 01:00:00,0.0,6.1,1010.0,93.0,7.2,0.607916,170.0,11.2
2022-12-29 02:00:00,0.0,6.1,1009.7,93.0,7.2,0.591536,4.0,16.6
2022-12-29 03:00:00,0.0,6.1,1009.4,93.0,7.2,0.576244,160.0,9.4
2022-12-29 04:00:00,0.0,5.6,1008.9,93.0,6.7,0.547822,140.0,7.6
2022-12-29 05:00:00,0.0,5.6,1008.9,93.0,6.7,0.518179,140.0,7.6
2022-12-29 06:00:00,0.0,4.4,1007.5,96.0,5.0,0.468342,0.0,0.0
2022-12-29 07:00:00,0.0,4.4,1006.9,96.0,5.0,0.429392,0.0,0.0
2022-12-29 08:00:00,0.0,4.0,1006.4,97.0,4.4,0.404541,0.0,0.0
2022-12-29 09:00:00,0.0,4.4,1006.1,96.0,5.0,0.3874,0.0,0.0
2022-12-29 10:00:00,0.0,4.4,1006.1,96.0,5.0,0.389503,0.0,0.0
2022-12-29 11:00:00,0.3,4.4,1005.1,96.0,5.0,0.392406,0.0,0.0
2022-12-29 12:00:00,0.5,4.4,1004.3,96.0,5.0,0.412761,70.0,5.4
2022-12-29 13:00:00,1.5,4.4,1004.3,96.0,5.0,0.455203,70.0,5.4
2022-12-29 14:00:00,2.8,5.0,1003.9,96.0,5.6,0.516298,0.0,0.0
2022-12-29 15:00:00,2.5,5.6,1003.9,100.0,5.6,0.540889,0.0,0.0
2022-12-29 16:00:00,1.3,5.6,1004.1,100.0,5.6,0.562244,0.0,0.0
2022-12-29 17:00:00,0.5,5.1,1004.4,93.0,6.1,0.608711,140.0,9.4
2022-12-29 18:00:00,0.3,5.1,1004.4,93.0,6.1,0.647121,140.0,9.4
2022-12-29 19:00:00,0.6,7.2,1004.3,96.0,7.8,0.658394,0.0,0.0
2022-12-29 20:00:00,0.0,7.2,1004.3,96.0,7.8,0.649863,0.0,0.0
2022-12-29 21:00:00,0.3,6.8,1003.8,90.0,8.3,0.645242,160.0,13.0
2022-12-29 22:00:00,0.4,7.8,1003.4,93.0,8.9,0.640294,180.0,11.2
2022-12-29 23:00:00,0.3,7.8,1003.1,90.0,9.4,0.622946,170.0,22.3
2022-12-30 00:00:00,0.0,7.8,1003.1,90.0,9.4,0.615905,160.0,22.3
2022-12-30 01:00:00,0.0,8.9,1002.0,93.0,10.0,0.640678,160.0,18.4
2022-12-30 02:00:00,0.5,8.9,1002.0,93.0,10.0,0.623402,180.0,29.5
2022-12-30 03:00:00,1.0,8.3,1001.0,93.0,9.4,0.592921,140.0,13.0
2022-12-30 04:00:00,1.8,8.3,999.0,96.0,8.9,0.572719,160.0,9.4
2022-12-30 05:00:00,2.3,8.3,999.0,96.0,8.9,0.537949,160.0,9.4
2022-12-30 06:00:00,1.8,8.9,996.7,100.0,8.9,0.48664,140.0,7.6
2022-12-30 07:00:00,1.5,8.9,996.7,100.0,8.9,0.434848,210.0,7.6
2022-12-30 08:00:00,0.8,8.9,997.2,97.0,9.4,0.40587,210.0,18.4
2022-12-30 09:00:00,0.0,8.3,999.0,96.0,8.9,0.389803,200.0,20.5
2022-12-30 10:00:00,0.0,8.9,998.9,93.0,10.0,0.384822,210.0,16.6
2022-12-30 11:00:00,0.0,7.2,1002.0,86.0,9.4,0.392513,5.0,22.3
2022-12-30 12:00:00,0.0,7.2,1002.0,86.0,9.4,0.405457,190.0,18.4
2022-12-30 13:00:00,0.0,6.7,1002.7,83.0,9.4,0.444735,170.0,14.8
2022-12-30 14:00:00,0.0,6.7,1002.7,86.0,8.9,0.491499,190.0,7.6
2022-12-30 15:00:00,0.0,6.1,1003.5,93.0,7.2,0.532868,100.0,5.4
2022-12-30 16:00:00,0.0,6.1,1003.5,93.0,7.2,0.554452,100.0,5.4
2022-12-30 17:00:00,0.0,7.2,1003.9,83.0,10.0,0.578036,190.0,14.8
2022-12-30 18:00:00,0.0,7.8,1003.9,86.0,10.0,0.593957,170.0,13.0
2022-12-30 19:00:00,0.0,7.8,1003.9,86.0,10.0,0.598658,170.0,13.0
2022-12-30 20:00:00,0.0,7.2,1002.8,83.0,10.0,0.592598,210.0,16.6
2022-12-30 21:00:00,0.3,7.8,1002.4,90.0,9.4,0.585167,200.0,13.0
2022-12-30 22:00:00,0.5,7.2,1002.3,89.0,8.9,0.570813,200.0,9.4
2022-12-30 23:00:00,0.3,7.2,1002.6,89.0,8.9,0.58228,200.0,5.4
2022-12-31 00:00:00,1.0,7.2,1002.6,89.0,8.9,0.603137,200.0,5.4
2022-12-31 01:00:00,1.5,7.2,1002.9,93.0,8.3,0.601054,160.0,11.2
2022-12-31 02:00:00,1.0,6.8,1003.5,97.0,7.2,0.578701,2.0,7.6
2022-12-31 03:00:00,0.8,6.8,1003.5,97.0,7.2,0.573686,130.0,7.6
2022-12-31 04:00:00,0.8,6.8,1005.0,97.0,7.2,0.561155,0.0,0.0
2022-12-31 05:00:00,0.3,6.1,1005.1,93.0,7.2,0.535573,220.0,11.2
2022-12-31 06:00:00,0.0,6.1,1006.8,93.0,7.2,0.502117,180.0,9.4
2022-12-31 07:00:00,0.0,6.1,1006.8,93.0,7.2,0.45468,180.0,9.4
2022-12-31 08:00:00,0.0,5.7,1007.7,97.0,6.1,0.430524,170.0,7.6
2022-12-31 09:00:00,0.0,5.7,1007.7,97.0,6.1,0.420966,170.0,7.6
2022-12-31 10:00:00,0.1,6.1,1009.3,93.0,7.2,0.399792,210.0,9.4
2022-12-31 11:00:00,0.0,5.1,1009.4,93.0,6.1,0.403226,90.0,7.6
2022-12-31 12:00:00,0.0,5.6,1009.5,93.0,6.7,0.410257,0.0,0.0
2022-12-31 13:00:00,0.0,5.6,1009.5,93.0,6.7,0.441238,0.0,0.0
2022-12-31 14:00:00,0.0,5.0,1011.0,96.0,5.6,0.473631,340.0,5.4
2022-12-31 15:00:00,0.0,6.1,1010.8,96.0,6.7,0.506827,170.0,5.4
2022-12-31 16:00:00,2.8,5.6,1011.2,93.0,6.7,0.554197,180.0,9.4
2022-12-31 17:00:00,0.8,5.6,1011.2,93.0,6.7,0.600138,180.0,9.4
2022-12-31 18:00:00,0.3,6.8,1012.0,97.0,7.2,0.596771,190.0,5.4
2022-12-31 19:00:00,0.0,6.7,1012.5,93.0,7.8,0.554496,260.0,9.4
2022-12-31 20:00:00,0.0,6.7,1012.0,86.0,8.9,0.473074,220.0,9.4
2022-12-31 21:00:00,0.0,6.7,1012.1,86.0,8.9,0.548982,3.0,13.0
2022-12-31 22:00:00,0.0,6.7,1012.1,83.0,9.4,0.452088,200.0,11.2
2022-12-31 23:00:00,1.5,6.7,1012.4,86.0,8.9,0.514395,190.0,5.4
2023-01-01 00:00:00,0.0,6.9,1014.0,93.0,8.0,0.565461,55.0,3.6
