DT,prcp,pres,dwpt,wdir,wspd,San_Antonio,rhum,temp
2022-05-30 16:00:00,0.0,1006.0,19.3,170.0,35.3,0.578838,45.0,32.8
2022-05-30 17:00:00,0.0,1005.8,18.9,160.0,22.3,0.606616,44.0,32.8
2022-05-30 18:00:00,0.0,1005.4,18.5,180.0,29.5,0.659866,39.0,34.4
2022-05-30 19:00:00,0.0,1005.4,18.5,180.0,29.5,0.668857,39.0,34.4
2022-05-30 20:00:00,0.0,1004.0,19.1,180.0,24.1,0.724931,38.0,35.6
2022-05-30 21:00:00,0.0,1004.1,17.6,150.0,29.5,0.733518,37.0,34.4
2022-05-30 22:00:00,0.0,1004.1,17.6,150.0,29.5,0.795586,37.0,34.4
2022-05-30 23:00:00,0.0,1003.8,18.3,130.0,33.5,0.846992,41.0,33.3
2022-05-31 00:00:00,0.0,1003.8,18.3,150.0,35.3,0.849239,41.0,33.3
2022-05-31 01:00:00,0.0,1005.6,20.0,130.0,37.1,0.834198,57.0,29.4
2022-05-31 02:00:00,0.0,1006.7,21.1,130.0,37.1,0.802386,67.0,27.8
2022-05-31 03:00:00,0.0,1006.7,21.1,140.0,31.7,0.72787,67.0,27.8
2022-05-31 04:00:00,0.0,1008.3,21.8,140.0,33.5,0.646554,77.0,26.1
2022-05-31 05:00:00,0.0,1008.5,22.2,140.0,25.9,0.570367,79.0,26.1
2022-05-31 06:00:00,0.0,1008.3,22.2,130.0,25.9,0.582815,79.0,26.1
2022-05-31 07:00:00,0.0,1008.3,22.2,130.0,25.9,0.542992,79.0,26.1
2022-05-31 08:00:00,0.0,1008.2,22.2,150.0,18.4,0.518845,79.0,26.1
2022-05-31 09:00:00,0.0,1008.4,21.7,150.0,16.6,0.497176,79.0,25.6
2022-05-31 10:00:00,0.0,1008.6,21.7,150.0,14.8,0.470493,79.0,25.6
2022-05-31 11:00:00,0.0,1009.0,22.3,150.0,20.5,0.497464,82.0,25.6
2022-05-31 12:00:00,0.0,1009.0,22.3,150.0,20.5,0.523974,82.0,25.6
2022-05-31 13:00:00,0.0,1009.0,22.9,150.0,25.9,0.505071,85.0,25.6
2022-05-31 14:00:00,0.0,1009.8,22.1,150.0,22.3,0.516252,65.0,29.4
2022-05-31 15:00:00,0.0,1009.8,21.7,150.0,22.3,0.555901,61.0,30.0
2022-05-31 16:00:00,0.0,1009.5,20.5,150.0,31.7,0.56178,50.0,32.2
2022-05-31 17:00:00,0.0,1009.5,20.5,150.0,33.5,0.60967,50.0,32.2
2022-05-31 18:00:00,0.0,1009.1,19.9,150.0,27.7,0.644306,44.0,33.9
2022-05-31 19:00:00,0.0,1007.9,18.2,150.0,25.9,0.694963,35.0,36.1
2022-05-31 20:00:00,0.0,1007.5,17.8,130.0,27.7,0.733114,34.0,36.1
2022-05-31 21:00:00,0.0,1007.2,17.8,130.0,27.7,0.792704,34.0,36.1
2022-05-31 22:00:00,0.0,1007.0,17.7,130.0,29.5,0.826418,36.0,35.0
2022-05-31 23:00:00,0.0,1007.0,17.7,130.0,29.5,0.866759,36.0,35.0
2022-06-01 00:00:00,0.0,1007.9,19.3,120.0,35.3,0.852063,48.0,31.7
2022-06-01 01:00:00,0.0,1008.6,20.0,130.0,27.7,0.805037,55.0,30.0
2022-06-01 02:00:00,0.0,1009.8,20.6,130.0,29.5,0.793684,63.0,28.3
2022-06-01 03:00:00,0.0,1009.8,20.6,130.0,29.5,0.72787,63.0,28.3
2022-06-01 04:00:00,0.0,1010.9,21.0,130.0,25.9,0.662575,71.0,26.7
2022-06-01 05:00:00,0.0,1011.1,21.7,140.0,22.3,0.590883,79.0,25.6
2022-06-01 06:00:00,0.0,1010.8,22.3,140.0,22.3,0.509509,82.0,25.6
2022-06-01 07:00:00,0.0,1010.8,22.3,150.0,24.1,0.487782,82.0,25.6
2022-06-01 08:00:00,0.0,1010.8,22.3,150.0,24.1,0.465307,82.0,25.6
2022-06-01 09:00:00,0.0,1011.0,22.3,150.0,16.6,0.448479,82.0,25.6
2022-06-01 10:00:00,0.0,1011.0,22.3,150.0,16.6,0.498041,82.0,25.6
2022-06-01 11:00:00,0.0,1011.3,22.3,140.0,16.6,0.52432,82.0,25.6
2022-06-01 12:00:00,0.0,1011.6,22.9,150.0,13.0,0.526049,85.0,25.6
2022-06-01 13:00:00,0.0,1011.6,22.9,150.0,13.0,0.523744,85.0,25.6
2022-06-01 14:00:00,0.0,1012.3,22.9,120.0,18.4,0.5219,70.0,28.9
2022-06-01 15:00:00,0.0,1012.2,22.1,160.0,13.0,0.537748,65.0,29.4
2022-06-01 16:00:00,0.0,1011.8,21.6,140.0,14.8,0.578492,57.0,31.1
2022-06-01 17:00:00,0.0,1011.8,21.6,140.0,14.8,0.571923,57.0,31.1
2022-06-01 18:00:00,0.0,1010.2,19.4,140.0,16.6,0.64494,40.0,35.0
2022-06-01 19:00:00,0.0,1009.3,18.2,130.0,20.5,0.66148,36.0,35.6
2022-06-01 20:00:00,0.0,1009.0,18.3,110.0,18.4,0.714615,34.0,36.7
2022-06-01 21:00:00,0.0,1009.3,22.3,110.0,18.4,0.791436,56.0,32.2
2022-06-01 22:00:00,0.0,1009.3,22.3,100.0,27.7,0.857019,56.0,32.2
2022-06-01 23:00:00,0.0,1007.6,21.1,100.0,35.3,0.882895,52.0,32.2
2022-06-02 00:00:00,0.0,1007.8,20.5,100.0,25.9,0.863301,55.0,30.6
2022-06-02 01:00:00,0.0,1009.6,19.4,100.0,25.9,0.838117,53.0,30.0
2022-06-02 02:00:00,0.0,1009.6,19.4,130.0,33.5,0.796508,53.0,30.0
2022-06-02 03:00:00,0.0,1012.6,20.1,140.0,18.4,0.72908,63.0,27.8
2022-06-02 04:00:00,0.0,1012.3,20.5,140.0,24.1,0.642059,69.0,26.7
2022-06-02 05:00:00,0.0,1012.3,20.5,140.0,24.1,0.564258,69.0,26.7
2022-06-02 06:00:00,0.0,1012.5,21.1,170.0,20.5,0.5287,74.0,26.1
2022-06-02 07:00:00,0.0,1012.6,21.1,170.0,14.8,0.472453,76.0,25.6
2022-06-02 08:00:00,0.0,1011.9,21.1,160.0,13.0,0.447268,79.0,25.0
2022-06-02 09:00:00,0.0,1011.6,21.1,170.0,13.0,0.437125,82.0,24.4
2022-06-02 10:00:00,0.0,1012.0,21.1,200.0,11.2,0.480809,82.0,24.4
2022-06-02 11:00:00,0.0,1012.0,21.1,200.0,11.2,0.47107,82.0,24.4
2022-06-02 12:00:00,0.0,1011.9,21.7,190.0,11.2,0.475507,85.0,24.4
2022-06-02 13:00:00,0.0,1013.2,21.7,0.0,0.0,0.468073,79.0,25.6
2022-06-02 14:00:00,0.0,1013.8,20.1,210.0,13.0,0.493718,65.0,27.2
2022-06-02 15:00:00,0.0,1013.9,20.1,210.0,7.6,0.498674,59.0,28.9
2022-06-02 16:00:00,0.0,1013.5,18.8,90.0,9.4,0.564373,48.0,31.1
2022-06-02 17:00:00,0.0,1013.5,18.8,90.0,9.4,0.593649,48.0,31.1
2022-06-02 18:00:00,0.0,1013.2,18.9,70.0,20.5,0.636353,44.0,32.8
2022-06-02 19:00:00,0.0,1011.6,20.1,60.0,7.6,0.725046,49.0,32.2
2022-06-02 20:00:00,0.0,1010.7,18.9,30.0,11.2,0.742047,40.0,34.4
2022-06-02 21:00:00,0.0,1009.9,18.5,30.0,7.6,0.77651,39.0,34.4
2022-06-02 22:00:00,0.0,1009.9,18.5,70.0,7.6,0.802444,39.0,34.4
2022-06-02 23:00:00,0.0,1009.0,18.0,80.0,14.8,0.850104,39.0,33.9
2022-06-03 00:00:00,0.0,1008.9,17.3,70.0,14.8,0.811837,41.0,32.2
2022-06-03 01:00:00,0.0,1009.0,17.7,80.0,22.3,0.814258,46.0,30.6
2022-06-03 02:00:00,0.0,1010.3,18.2,60.0,16.6,0.786883,51.0,29.4
2022-06-03 03:00:00,0.0,1010.3,18.2,60.0,16.6,0.751095,51.0,29.4
2022-06-03 04:00:00,0.0,1011.6,18.2,70.0,16.6,0.683379,58.0,27.2
2022-06-03 05:00:00,0.0,1012.7,18.8,80.0,16.6,0.616067,62.0,26.7
2022-06-03 06:00:00,0.0,1012.4,19.0,100.0,14.8,0.546277,65.0,26.1
2022-06-03 07:00:00,0.0,1011.5,19.0,90.0,11.2,0.482884,65.0,26.1
2022-06-03 08:00:00,0.0,1011.5,19.0,90.0,11.2,0.462828,65.0,26.1
2022-06-03 09:00:00,0.0,1011.4,19.5,50.0,5.4,0.43678,69.0,25.6
2022-06-03 10:00:00,0.0,1011.5,19.4,50.0,11.2,0.487148,71.0,25.0
2022-06-03 11:00:00,0.0,1011.7,19.5,70.0,9.4,0.471473,74.0,24.4
2022-06-03 12:00:00,0.0,1011.7,19.5,70.0,9.4,0.483114,74.0,24.4
2022-06-03 13:00:00,0.0,1012.3,20.1,90.0,11.2,0.491989,67.0,26.7
2022-06-03 14:00:00,0.0,1012.6,19.3,90.0,7.6,0.514004,60.0,27.8
2022-06-03 15:00:00,0.0,1012.5,19.4,80.0,11.2,0.548294,55.0,29.4
2022-06-03 16:00:00,0.0,1012.4,19.5,80.0,5.4,0.595436,50.0,31.1
2022-06-03 17:00:00,0.0,1011.8,19.5,10.0,11.2,0.656236,47.0,32.2
2022-06-03 18:00:00,0.0,1011.8,19.5,10.0,11.2,0.636872,47.0,32.2
2022-06-03 19:00:00,0.0,1010.1,19.0,360.0,11.2,0.698709,43.0,33.3
2022-06-03 20:00:00,0.0,1009.6,18.2,70.0,13.0,0.744583,42.0,32.8
2022-06-03 21:00:00,0.0,1008.9,17.1,50.0,11.2,0.753343,38.0,33.3
2022-06-03 22:00:00,0.0,1008.9,17.1,50.0,11.2,0.771323,38.0,33.3
2022-06-03 23:00:00,0.0,1007.9,17.1,80.0,20.5,0.825207,38.0,33.3
2022-06-04 00:00:00,0.0,1008.1,16.7,90.0,20.5,0.822787,42.0,31.1
2022-06-04 01:00:00,0.0,1008.6,16.2,100.0,16.6,0.797314,45.0,29.4
2022-06-04 02:00:00,0.0,1009.2,16.1,70.0,9.4,0.758414,46.0,28.9
2022-06-04 03:00:00,0.0,1009.2,16.1,70.0,9.4,0.713405,46.0,28.9
2022-06-04 04:00:00,0.0,1010.2,19.0,170.0,13.0,0.649723,61.0,27.2
2022-06-04 05:00:00,0.0,1010.5,17.8,150.0,7.6,0.577513,62.0,25.6
2022-06-04 06:00:00,0.0,1010.2,18.9,100.0,7.6,0.512448,69.0,25.0
2022-06-04 07:00:00,0.0,1010.2,18.9,100.0,7.6,0.470263,69.0,25.0
2022-06-04 08:00:00,0.0,1009.7,19.0,110.0,5.4,0.450784,74.0,23.9
2022-06-04 09:00:00,0.0,1010.3,19.0,200.0,5.4,0.434647,74.0,23.9
2022-06-04 10:00:00,0.0,1010.7,19.4,200.0,7.6,0.417819,71.0,25.0
2022-06-04 11:00:00,0.0,1012.1,19.4,340.0,7.6,0.419721,84.0,22.2
2022-06-04 12:00:00,2.5,1012.1,19.4,340.0,27.7,0.377132,84.0,22.2
2022-06-04 13:00:00,0.0,1011.4,17.7,0.0,0.0,0.385777,71.0,23.3
2022-06-04 14:00:00,0.0,1010.4,17.9,110.0,7.6,0.403873,69.0,23.9
2022-06-04 15:00:00,0.0,1010.1,17.2,280.0,7.6,0.420874,56.0,26.7
2022-06-04 16:00:00,0.0,1009.8,16.8,280.0,7.6,0.431362,45.0,30.0
2022-06-04 17:00:00,0.0,1009.8,16.8,170.0,7.6,0.512102,45.0,30.0
2022-06-04 18:00:00,0.0,1008.3,16.7,190.0,13.0,0.580798,36.0,33.9
2022-06-04 19:00:00,0.0,1007.3,16.3,190.0,7.6,0.632319,35.0,33.9
2022-06-04 20:00:00,0.0,1006.5,16.9,180.0,18.4,0.689373,33.0,35.6
2022-06-04 21:00:00,0.0,1005.6,15.9,180.0,9.4,0.754553,31.0,35.6
2022-06-04 22:00:00,0.0,1005.6,15.9,140.0,9.4,0.817888,31.0,35.6
2022-06-04 23:00:00,0.0,1004.5,15.9,0.0,0.0,0.835293,32.0,35.0
2022-06-05 00:00:00,0.0,1004.6,15.8,140.0,9.4,0.819156,33.0,34.4
2022-06-05 01:00:00,0.0,1005.2,16.9,120.0,18.4,0.810224,40.0,32.2
2022-06-05 02:00:00,0.0,1006.3,20.0,120.0,18.4,0.775818,57.0,29.4
2022-06-05 03:00:00,0.0,1006.3,20.0,120.0,33.5,0.742681,57.0,29.4
2022-06-05 04:00:00,0.0,1007.3,20.0,160.0,14.8,0.695424,69.0,26.1
2022-06-05 05:00:00,0.0,1007.1,20.0,140.0,13.0,0.627651,74.0,25.0
2022-06-05 06:00:00,0.0,1006.5,20.7,150.0,11.2,0.565929,77.0,25.0
2022-06-05 07:00:00,0.0,1006.5,20.7,150.0,11.2,0.49879,77.0,25.0
2022-06-05 08:00:00,0.0,1005.7,20.5,180.0,9.4,0.458103,79.0,24.4
2022-06-05 09:00:00,0.0,1005.9,20.6,160.0,11.2,0.425484,82.0,23.9
2022-06-05 10:00:00,0.0,1006.3,20.6,190.0,7.6,0.397994,85.0,23.3
2022-06-05 11:00:00,0.0,1006.7,20.6,170.0,9.4,0.389119,85.0,23.3
2022-06-05 12:00:00,0.0,1006.7,20.6,170.0,9.4,0.361342,85.0,23.3
2022-06-05 13:00:00,0.0,1007.1,20.0,170.0,11.2,0.379495,69.0,26.1
2022-06-05 14:00:00,0.0,1006.8,18.8,170.0,14.8,0.42704,58.0,27.8
2022-06-05 15:00:00,0.0,1006.8,18.8,150.0,20.5,0.489569,53.0,29.4
2022-06-05 16:00:00,0.0,1006.4,18.0,180.0,16.6,0.552098,44.0,31.7
2022-06-05 17:00:00,0.0,1006.4,18.0,180.0,16.6,0.59411,44.0,31.7
2022-06-05 18:00:00,0.0,1004.6,17.3,160.0,20.5,0.654391,33.0,36.1
2022-06-05 19:00:00,0.0,1003.9,16.8,180.0,18.4,0.700611,32.0,36.1
2022-06-05 20:00:00,0.0,1003.2,15.0,180.0,18.4,0.747522,26.0,37.8
2022-06-05 21:00:00,0.0,1003.2,15.0,170.0,25.9,0.789592,26.0,37.8
2022-06-05 22:00:00,0.0,1001.9,13.1,160.0,31.7,0.868834,23.0,37.8
2022-06-05 23:00:00,0.0,1001.7,14.5,160.0,24.1,0.889696,26.0,37.2
2022-06-06 00:00:00,0.0,1002.3,16.3,150.0,25.9,0.893615,33.0,35.0
2022-06-06 01:00:00,0.0,1003.0,16.2,150.0,25.9,0.895228,37.0,32.8
2022-06-06 02:00:00,0.0,1003.0,16.2,150.0,35.3,0.857192,37.0,32.8
2022-06-06 03:00:00,0.0,1004.2,17.8,140.0,29.5,0.811261,51.0,28.9
2022-06-06 04:00:00,0.0,1005.0,19.3,130.0,27.7,0.730348,64.0,26.7
2022-06-06 05:00:00,0.0,1005.3,20.6,140.0,24.1,0.639292,74.0,25.6
2022-06-06 06:00:00,0.0,1005.3,20.6,140.0,24.1,0.589673,74.0,25.6
2022-06-06 07:00:00,0.0,1005.0,21.1,130.0,18.4,0.517865,82.0,24.4
2022-06-06 08:00:00,0.0,1005.0,21.1,150.0,18.4,0.486745,79.0,25.0
2022-06-06 09:00:00,0.0,1004.5,21.1,160.0,25.9,0.466229,82.0,24.4
2022-06-06 10:00:00,0.0,1004.5,21.1,160.0,25.9,0.463578,82.0,24.4
2022-06-06 11:00:00,0.0,1004.8,21.1,160.0,16.6,0.474239,82.0,24.4
2022-06-06 12:00:00,0.0,1004.8,21.1,160.0,16.6,0.484094,82.0,24.4
2022-06-06 13:00:00,0.0,1005.8,20.7,180.0,22.3,0.478965,72.0,26.1
2022-06-06 14:00:00,0.0,1006.1,20.6,190.0,25.9,0.506455,65.0,27.8
2022-06-06 15:00:00,0.0,1005.7,20.0,160.0,22.3,0.535904,55.0,30.0
2022-06-06 16:00:00,0.0,1005.7,20.0,160.0,22.3,0.578147,55.0,30.0
2022-06-06 17:00:00,0.0,1005.3,19.5,160.0,20.5,0.649262,47.0,32.2
2022-06-06 18:00:00,0.0,1003.9,19.5,190.0,22.3,0.69698,39.0,35.6
2022-06-06 19:00:00,0.0,1002.8,18.8,170.0,27.7,0.736342,33.0,37.8
2022-06-06 20:00:00,0.0,1002.2,18.2,150.0,27.7,0.766482,30.0,38.9
2022-06-06 21:00:00,0.0,1002.2,18.2,150.0,27.7,0.801867,30.0,38.9
2022-06-06 22:00:00,0.0,1001.3,17.0,160.0,20.5,0.874885,27.0,39.4
2022-06-06 23:00:00,0.0,1001.3,17.7,160.0,20.5,0.937759,29.0,38.9
2022-06-07 00:00:00,0.0,1002.0,21.1,130.0,33.5,0.976544,43.0,35.6
2022-06-07 01:00:00,0.0,1003.1,21.1,130.0,31.7,0.940929,52.0,32.2
2022-06-07 02:00:00,0.0,1003.1,21.1,130.0,31.7,0.898513,52.0,32.2
2022-06-07 03:00:00,0.0,1005.1,21.6,130.0,29.5,0.845032,69.0,27.8
2022-06-07 04:00:00,0.0,1005.6,21.0,130.0,29.5,0.747176,71.0,26.7
2022-06-07 05:00:00,0.0,1005.6,21.0,160.0,25.9,0.663612,71.0,26.7
2022-06-07 06:00:00,0.0,1005.7,21.7,140.0,25.9,0.600795,79.0,25.6
2022-06-07 07:00:00,0.0,1006.1,21.7,160.0,16.6,0.546335,82.0,25.0
2022-06-07 08:00:00,0.0,1006.3,21.1,170.0,22.3,0.513774,79.0,25.0
2022-06-07 09:00:00,0.0,1006.5,21.1,160.0,22.3,0.489396,79.0,25.0
2022-06-07 10:00:00,0.0,1006.9,21.1,180.0,14.8,0.457642,76.0,25.6
2022-06-07 11:00:00,0.0,1007.4,21.1,170.0,20.5,0.484613,79.0,25.0
2022-06-07 12:00:00,0.0,1007.4,21.1,170.0,20.5,0.481962,79.0,25.0
2022-06-07 13:00:00,0.0,1007.5,21.1,170.0,25.9,0.479772,79.0,25.0
2022-06-07 14:00:00,0.0,1008.3,21.0,180.0,20.5,0.489915,71.0,26.7
2022-06-07 15:00:00,0.0,1008.5,20.0,160.0,18.4,0.532446,55.0,30.0
2022-06-07 16:00:00,0.0,1008.5,20.0,160.0,18.4,0.580798,55.0,30.0
2022-06-07 17:00:00,0.0,1007.9,18.8,170.0,24.1,0.623213,41.0,33.9
2022-06-07 18:00:00,0.0,1007.3,18.2,130.0,25.9,0.703781,36.0,35.6
2022-06-07 19:00:00,0.0,1006.8,16.6,160.0,20.5,0.763485,28.0,38.3
2022-06-07 20:00:00,0.0,1006.2,15.3,170.0,18.4,0.803654,25.0,38.9
2022-06-07 21:00:00,0.0,1006.2,15.3,170.0,18.4,0.799965,25.0,38.9
2022-06-07 22:00:00,0.0,1005.5,15.9,120.0,27.7,0.832008,26.0,38.9
2022-06-07 23:00:00,0.0,1005.5,17.8,120.0,27.7,0.875692,32.0,37.2
2022-06-08 00:00:00,0.0,1006.5,17.2,130.0,29.5,0.928481,36.0,34.4
2022-06-08 01:00:00,0.0,1006.5,17.2,130.0,29.5,0.90174,36.0,34.4
2022-06-08 02:00:00,0.0,1008.2,20.0,130.0,25.9,0.865894,57.0,29.4
2022-06-08 03:00:00,0.0,1009.4,21.1,140.0,31.7,0.807169,67.0,27.8
2022-06-08 04:00:00,0.0,1010.0,21.7,130.0,29.5,0.733114,74.0,26.7
2022-06-08 05:00:00,0.0,1009.8,21.8,150.0,27.7,0.635373,77.0,26.1
2022-06-08 06:00:00,0.0,1009.8,21.8,150.0,27.7,0.569156,77.0,26.1
2022-06-08 07:00:00,0.0,1009.5,21.1,180.0,18.4,0.507722,76.0,25.6
2022-06-08 08:00:00,0.0,1009.6,21.1,180.0,22.3,0.4747,76.0,25.6
2022-06-08 09:00:00,0.0,1010.0,21.1,170.0,24.1,0.454991,76.0,25.6
2022-06-08 10:00:00,0.0,1010.1,21.1,170.0,20.5,0.452974,76.0,25.6
2022-06-08 11:00:00,0.0,1010.1,21.1,170.0,20.5,0.498271,76.0,25.6
2022-06-08 12:00:00,0.0,1010.9,20.6,180.0,18.4,0.488935,74.0,25.6
2022-06-08 13:00:00,0.0,1011.4,20.7,190.0,20.5,0.483748,72.0,26.1
2022-06-08 14:00:00,0.0,1011.0,20.1,190.0,20.5,0.499539,61.0,28.3
2022-06-08 15:00:00,0.0,1010.5,20.0,160.0,16.6,0.529161,57.0,29.4
2022-06-08 16:00:00,0.0,1010.5,20.0,160.0,16.6,0.538497,57.0,29.4
2022-06-08 17:00:00,0.0,1010.9,19.0,210.0,14.8,0.603792,43.0,33.3
2022-06-08 18:00:00,0.0,1010.5,18.1,210.0,11.2,0.652259,37.0,35.0
2022-06-08 19:00:00,0.0,1009.7,16.8,140.0,14.8,0.695367,32.0,36.1
2022-06-08 20:00:00,0.0,1009.6,17.3,140.0,14.8,0.780659,31.0,37.2
2022-06-08 21:00:00,0.0,1009.6,17.3,110.0,20.5,0.854311,31.0,37.2
2022-06-08 22:00:00,0.0,1008.4,16.7,80.0,20.5,0.883587,29.0,37.8
2022-06-08 23:00:00,0.0,1008.4,16.8,80.0,18.4,0.926694,31.0,36.7
2022-06-09 00:00:00,0.0,1009.0,17.3,110.0,22.3,0.922545,35.0,35.0
2022-06-09 01:00:00,0.0,1009.6,17.8,100.0,14.8,0.88497,41.0,32.8
2022-06-09 02:00:00,0.0,1009.6,17.8,100.0,14.8,0.857596,41.0,32.8
2022-06-09 03:00:00,0.0,1011.6,21.7,150.0,24.1,0.812414,65.0,28.9
2022-06-09 04:00:00,0.0,1012.0,21.6,150.0,20.5,0.753631,69.0,27.8
2022-06-09 05:00:00,0.0,1012.0,21.8,150.0,20.5,0.666148,70.0,27.8
2022-06-09 06:00:00,0.0,1012.3,21.7,160.0,13.0,0.614281,74.0,26.7
2022-06-09 07:00:00,0.0,1012.3,22.1,180.0,18.4,0.556362,76.0,26.7
2022-06-09 08:00:00,0.0,1012.3,22.1,180.0,18.4,0.516886,76.0,26.7
2022-06-09 09:00:00,0.0,1012.9,21.7,180.0,13.0,0.489281,79.0,25.6
2022-06-09 10:00:00,0.0,1013.4,21.7,180.0,9.4,0.479541,79.0,25.6
2022-06-09 11:00:00,0.0,1013.4,21.7,180.0,9.4,0.48565,79.0,25.6
2022-06-09 12:00:00,0.0,1015.0,21.8,140.0,11.2,0.474066,77.0,26.1
2022-06-09 13:00:00,0.0,1015.7,21.7,130.0,9.4,0.470493,72.0,27.2
2022-06-09 14:00:00,0.0,1015.8,20.6,140.0,7.6,0.495735,65.0,27.8
2022-06-09 15:00:00,0.0,1015.5,20.0,130.0,14.8,0.517289,57.0,29.4
2022-06-09 16:00:00,0.0,1015.5,20.0,130.0,14.8,0.560281,57.0,29.4
2022-06-09 17:00:00,0.0,1014.9,19.3,170.0,9.4,0.64592,45.0,32.8
2022-06-09 18:00:00,0.0,1013.8,18.8,154.0,7.6,0.673813,41.0,33.9
2022-06-09 19:00:00,0.0,1013.8,18.8,120.0,7.6,0.72666,41.0,33.9
2022-06-09 20:00:00,0.0,1012.9,17.6,120.0,14.8,0.776452,37.0,34.4
2022-06-09 21:00:00,0.0,1011.0,17.3,130.0,13.0,0.81737,33.0,36.1
2022-06-09 22:00:00,0.0,1010.4,17.3,110.0,20.5,0.786077,32.0,36.7
2022-06-09 23:00:00,0.0,1009.9,16.8,150.0,20.5,0.823421,31.0,36.7
2022-06-10 00:00:00,0.0,1010.1,16.8,130.0,22.3,0.912114,34.0,35.0
2022-06-10 01:00:00,0.0,1010.1,16.8,130.0,22.3,0.881628,34.0,35.0
2022-06-10 02:00:00,0.0,1011.1,20.0,150.0,31.7,0.858806,50.0,31.7
2022-06-10 03:00:00,0.0,1011.7,20.6,150.0,29.5,0.823767,57.0,30.0
2022-06-10 04:00:00,0.0,1011.8,21.8,150.0,29.5,0.740606,68.0,28.3
2022-06-10 05:00:00,0.0,1011.9,22.8,160.0,18.4,0.655717,77.0,27.2
2022-06-10 06:00:00,0.0,1011.9,22.8,160.0,18.4,0.593361,77.0,27.2
2022-06-10 07:00:00,0.0,1012.1,22.2,180.0,11.2,0.526395,79.0,26.1
2022-06-10 08:00:00,0.0,1012.8,22.3,160.0,9.4,0.49441,82.0,25.6
2022-06-10 09:00:00,0.0,1012.8,22.3,160.0,9.4,0.458564,82.0,25.6
2022-06-10 10:00:00,0.0,1013.0,22.9,170.0,13.0,0.464096,88.0,25.0
2022-06-10 11:00:00,0.0,1012.3,22.3,190.0,11.2,0.472914,82.0,25.6
2022-06-10 12:00:00,0.0,1012.4,22.2,210.0,16.6,0.469053,79.0,26.1
2022-06-10 13:00:00,0.0,1012.4,22.2,210.0,14.8,0.483921,74.0,27.2
2022-06-10 14:00:00,0.0,1013.0,21.7,210.0,11.2,0.528527,65.0,28.9
2022-06-10 15:00:00,0.0,1013.0,21.7,210.0,11.2,0.560396,65.0,28.9
2022-06-10 16:00:00,0.0,1012.5,21.1,240.0,7.6,0.613128,52.0,32.2
2022-06-10 17:00:00,0.0,1012.0,21.0,0.0,0.0,0.6537,47.0,33.9
2022-06-10 18:00:00,0.0,1011.2,20.0,0.0,7.6,0.70234,43.0,34.4
2022-06-10 19:00:00,0.0,1011.2,20.0,190.0,7.6,0.749078,43.0,34.4
2022-06-10 20:00:00,0.0,1010.1,18.2,190.0,13.0,0.752881,36.0,35.6
2022-06-10 21:00:00,0.0,1008.2,16.7,210.0,13.0,0.797775,29.0,37.8
2022-06-10 22:00:00,0.0,1007.5,16.7,180.0,13.0,0.800023,29.0,37.8
2022-06-10 23:00:00,0.0,1007.2,15.6,200.0,9.4,0.849355,27.0,37.8
2022-06-11 00:00:00,0.0,1007.3,16.3,140.0,7.6,0.910443,30.0,36.7
2022-06-11 01:00:00,0.0,1007.3,16.3,140.0,7.6,0.897764,30.0,36.7
2022-06-11 02:00:00,0.0,1008.4,20.7,140.0,11.2,0.84532,49.0,32.8
2022-06-11 03:00:00,0.0,1009.8,22.7,140.0,25.9,0.825265,61.0,31.1
2022-06-11 04:00:00,0.0,1010.2,22.7,150.0,16.6,0.784578,65.0,30.0
2022-06-11 05:00:00,0.0,1010.2,22.7,150.0,16.6,0.717785,65.0,30.0
2022-06-11 06:00:00,0.0,1010.0,22.3,170.0,18.4,0.651164,70.0,28.3
2022-06-11 07:00:00,0.0,1009.8,21.7,170.0,11.2,0.578147,72.0,27.2
2022-06-11 08:00:00,0.0,1009.7,21.0,190.0,14.8,0.52772,71.0,26.7
2022-06-11 09:00:00,0.0,1009.9,21.1,180.0,9.4,0.479023,74.0,26.1
2022-06-11 10:00:00,0.0,1009.9,21.1,180.0,9.4,0.448479,74.0,26.1
2022-06-11 11:00:00,0.0,1010.1,21.1,180.0,11.2,0.422314,76.0,25.6
2022-06-11 12:00:00,0.0,1010.6,21.7,190.0,11.2,0.403815,74.0,26.7
2022-06-11 13:00:00,0.0,1010.8,21.1,190.0,16.6,0.426579,67.0,27.8
2022-06-11 14:00:00,0.0,1010.9,20.6,190.0,16.6,0.486226,59.0,29.4
2022-06-11 15:00:00,0.0,1010.9,20.6,190.0,16.6,0.545182,59.0,29.4
2022-06-11 16:00:00,0.0,1010.5,19.4,210.0,11.2,0.604714,44.0,33.3
2022-06-11 17:00:00,0.0,1009.8,18.1,200.0,9.4,0.657734,37.0,35.0
2022-06-11 18:00:00,0.0,1009.0,18.2,150.0,5.4,0.726717,35.0,36.1
2022-06-11 19:00:00,0.0,1009.0,18.2,150.0,5.4,0.770113,35.0,36.1
2022-06-11 20:00:00,0.0,1006.6,14.8,130.0,14.8,0.756512,22.0,40.6
2022-06-11 21:00:00,0.0,1006.5,15.3,174.0,9.4,0.810627,25.0,38.9
2022-06-11 22:00:00,0.0,1006.1,15.1,180.0,7.6,0.864223,24.0,39.4
2022-06-11 23:00:00,0.0,1005.7,14.7,130.0,24.1,0.889638,24.0,38.9
2022-06-12 00:00:00,0.0,1005.9,14.4,130.0,16.6,0.939142,25.0,37.8
2022-06-12 01:00:00,0.0,1005.9,14.4,130.0,16.6,0.940699,25.0,37.8
2022-06-12 02:00:00,0.0,1006.8,15.8,130.0,16.6,0.892231,34.0,33.9
2022-06-12 03:00:00,0.0,1008.1,23.2,140.0,27.7,0.835581,63.0,31.1
2022-06-12 04:00:00,0.0,1008.6,22.9,150.0,25.9,0.785731,68.0,29.4
2022-06-12 05:00:00,0.0,1008.6,22.9,150.0,25.9,0.708622,68.0,29.4
2022-06-12 06:00:00,0.0,1008.8,23.4,160.0,18.4,0.649147,77.0,27.8
2022-06-12 07:00:00,0.0,1009.0,22.8,170.0,11.2,0.584255,77.0,27.2
2022-06-12 08:00:00,0.0,1008.9,21.7,180.0,18.4,0.536365,74.0,26.7
2022-06-12 09:00:00,0.0,1009.1,21.7,180.0,13.0,0.495332,79.0,25.6
2022-06-12 10:00:00,0.0,1009.1,21.7,180.0,13.0,0.472971,79.0,25.6
2022-06-12 11:00:00,0.0,1009.5,21.7,180.0,11.2,0.446289,85.0,24.4
2022-06-12 12:00:00,0.0,1009.5,21.7,180.0,11.2,0.424159,85.0,24.4
2022-06-12 13:00:00,0.0,1010.9,21.7,200.0,18.4,0.41805,72.0,27.2
2022-06-12 14:00:00,0.0,1010.9,21.7,200.0,18.4,0.467093,72.0,27.2
2022-06-12 15:00:00,0.0,1010.8,21.1,170.0,24.1,0.512852,65.0,28.3
2022-06-12 16:00:00,0.0,1010.8,20.7,170.0,13.0,0.562125,49.0,32.8
2022-06-12 17:00:00,0.0,1010.8,20.7,170.0,13.0,0.658541,49.0,32.8
2022-06-12 18:00:00,0.0,1009.2,18.3,210.0,22.3,0.708103,34.0,36.7
2022-06-12 19:00:00,0.0,1008.3,16.6,160.0,13.0,0.763601,28.0,38.3
2022-06-12 20:00:00,0.0,1008.3,16.6,160.0,13.0,0.831489,28.0,38.3
2022-06-12 21:00:00,0.0,1007.1,14.0,170.0,13.0,0.838347,21.0,40.6
2022-06-12 22:00:00,0.0,1006.6,14.8,140.0,24.1,0.890157,22.0,40.6
2022-06-12 23:00:00,0.0,1006.3,15.1,140.0,24.1,0.920989,24.0,39.4
2022-06-13 00:00:00,0.0,1006.3,15.1,140.0,24.1,0.953723,24.0,39.4
2022-06-13 01:00:00,0.0,1007.4,19.0,140.0,24.1,0.935742,39.0,35.0
2022-06-13 02:00:00,0.0,1008.9,21.0,140.0,25.9,0.929576,50.0,32.8
2022-06-13 03:00:00,0.0,1010.0,21.1,140.0,29.5,0.88739,57.0,30.6
2022-06-13 04:00:00,0.0,1010.6,21.7,140.0,29.5,0.802501,65.0,28.9
2022-06-13 05:00:00,0.0,1010.6,21.7,160.0,29.5,0.72032,65.0,28.9
2022-06-13 06:00:00,0.0,1011.0,22.8,140.0,22.3,0.641425,79.0,26.7
2022-06-13 07:00:00,0.0,1011.1,22.2,170.0,11.2,0.593073,79.0,26.1
2022-06-13 08:00:00,0.0,1011.1,22.2,170.0,11.2,0.515099,79.0,26.1
2022-06-13 09:00:00,0.0,1011.2,22.9,160.0,14.8,0.480694,85.0,25.6
2022-06-13 10:00:00,0.0,1011.2,22.9,160.0,14.8,0.487437,85.0,25.6
2022-06-13 11:00:00,0.0,1012.1,22.3,160.0,18.4,0.490491,82.0,25.6
2022-06-13 12:00:00,0.0,1012.6,22.2,160.0,18.4,0.489627,79.0,26.1
2022-06-13 13:00:00,0.0,1013.1,21.1,160.0,20.5,0.503054,67.0,27.8
2022-06-13 14:00:00,0.0,1013.1,21.1,160.0,20.5,0.546104,67.0,27.8
2022-06-13 15:00:00,0.0,1012.6,18.4,160.0,27.7,0.592842,44.0,32.2
2022-06-13 16:00:00,0.0,1012.6,16.2,160.0,27.7,0.610247,36.0,33.3
2022-06-13 17:00:00,0.0,1011.8,16.3,150.0,25.9,0.665111,33.0,35.0
2022-06-13 18:00:00,0.0,1011.1,14.7,190.0,20.5,0.694675,27.0,36.7
2022-06-13 19:00:00,0.0,1011.1,14.7,190.0,20.5,0.721704,27.0,36.7
2022-06-13 20:00:00,0.0,1009.6,16.2,150.0,24.1,0.718591,28.0,37.8
2022-06-13 21:00:00,0.0,1009.1,16.7,150.0,24.1,0.750403,30.0,37.2
2022-06-13 22:00:00,0.0,1008.3,17.3,160.0,29.5,0.794203,31.0,37.2
2022-06-13 23:00:00,0.0,1008.3,19.5,130.0,33.5,0.900473,39.0,35.6
2022-06-14 00:00:00,0.0,1008.3,19.5,130.0,33.5,0.910154,39.0,35.6
2022-06-14 01:00:00,0.0,1009.4,21.6,150.0,38.9,0.886526,57.0,31.1
2022-06-14 02:00:00,0.0,1010.2,21.6,140.0,38.9,0.845032,63.0,29.4
2022-06-14 03:00:00,0.0,1011.1,22.3,150.0,31.7,0.803711,70.0,28.3
2022-06-14 04:00:00,0.0,1011.1,22.3,150.0,31.7,0.730521,70.0,28.3
2022-06-14 05:00:00,0.0,1012.0,22.3,160.0,27.7,0.667531,72.0,27.8
2022-06-14 06:00:00,0.0,1011.9,22.2,160.0,25.9,0.601602,74.0,27.2
2022-06-14 07:00:00,0.0,1011.7,22.1,170.0,31.7,0.562125,76.0,26.7
2022-06-14 08:00:00,0.0,1011.6,22.1,160.0,22.3,0.531293,76.0,26.7
2022-06-14 09:00:00,0.0,1011.6,22.1,160.0,22.3,0.497291,76.0,26.7
2022-06-14 10:00:00,0.0,1011.6,21.8,160.0,20.5,0.486572,77.0,26.1
2022-06-14 11:00:00,0.0,1011.6,21.8,160.0,20.5,0.488993,77.0,26.1
2022-06-14 12:00:00,0.0,1012.5,21.8,160.0,18.4,0.481385,77.0,26.1
2022-06-14 13:00:00,0.0,1012.5,21.8,160.0,18.4,0.49222,77.0,26.1
2022-06-14 14:00:00,0.0,1012.9,21.7,170.0,27.7,0.507031,74.0,26.7
2022-06-14 15:00:00,0.0,1013.0,21.1,170.0,25.9,0.560108,59.0,30.0
2022-06-14 16:00:00,0.0,1012.7,18.9,170.0,25.9,0.603273,44.0,32.8
2022-06-14 17:00:00,0.0,1012.3,18.8,140.0,35.3,0.665802,41.0,33.9
2022-06-14 18:00:00,0.0,1011.6,17.2,140.0,35.3,0.645689,36.0,34.4
2022-06-14 19:00:00,0.0,1011.6,17.2,160.0,37.1,0.705509,36.0,34.4
2022-06-14 20:00:00,0.0,1009.9,17.3,140.0,25.9,0.733806,32.0,36.7
2022-06-14 21:00:00,0.0,1009.2,16.7,150.0,35.3,0.775645,29.0,37.8
2022-06-14 22:00:00,0.0,1008.8,17.3,140.0,42.5,0.782734,33.0,36.1
2022-06-14 23:00:00,0.0,1008.7,18.9,130.0,46.4,0.799965,40.0,34.4
2022-06-15 00:00:00,0.0,1008.7,18.9,140.0,40.7,0.803481,40.0,34.4
2022-06-15 01:00:00,0.0,1009.7,21.7,130.0,37.1,0.797545,61.0,30.0
2022-06-15 02:00:00,0.0,1010.5,21.7,150.0,31.7,0.80083,65.0,28.9
2022-06-15 03:00:00,0.0,1010.5,21.7,150.0,33.5,0.770862,65.0,28.9
2022-06-15 04:00:00,0.0,1012.2,22.2,150.0,27.7,0.707008,74.0,27.2
2022-06-15 05:00:00,0.0,1012.2,22.2,150.0,27.7,0.640387,74.0,27.2
2022-06-15 06:00:00,0.0,1012.8,22.1,150.0,24.1,0.565295,76.0,26.7
2022-06-15 07:00:00,0.0,1012.8,22.2,160.0,25.9,0.535327,74.0,27.2
2022-06-15 08:00:00,0.0,1012.4,22.1,140.0,24.1,0.5068,76.0,26.7
2022-06-15 09:00:00,0.0,1012.4,22.1,140.0,24.1,0.480406,76.0,26.7
2022-06-15 10:00:00,0.0,1012.4,21.7,160.0,24.1,0.495851,74.0,26.7
2022-06-15 11:00:00,0.0,1012.8,21.7,170.0,22.3,0.517289,74.0,26.7
2022-06-15 12:00:00,0.0,1013.4,22.1,160.0,22.3,0.520977,76.0,26.7
2022-06-15 13:00:00,0.0,1013.8,22.3,160.0,22.3,0.526222,72.0,27.8
2022-06-15 14:00:00,0.0,1013.8,22.3,170.0,24.1,0.537633,72.0,27.8
2022-06-15 15:00:00,0.0,1014.2,21.0,160.0,25.9,0.562241,55.0,31.1
2022-06-15 16:00:00,0.0,1014.6,20.0,160.0,20.5,0.595954,57.0,29.4
2022-06-15 17:00:00,0.0,1014.5,20.0,170.0,24.1,0.581143,50.0,31.7
2022-06-15 18:00:00,0.0,1013.8,19.3,160.0,20.5,0.606385,45.0,32.8
2022-06-15 19:00:00,0.0,1013.8,19.3,160.0,20.5,0.586388,45.0,32.8
2022-06-15 20:00:00,0.0,1012.7,20.0,110.0,13.0,0.695655,47.0,32.8
2022-06-15 21:00:00,0.0,1012.1,20.0,130.0,27.7,0.732423,43.0,34.4
2022-06-15 22:00:00,0.0,1011.8,19.6,130.0,22.3,0.768787,43.0,33.9
2022-06-15 23:00:00,0.0,1011.3,18.4,140.0,24.1,0.817197,40.0,33.9
2022-06-16 00:00:00,0.0,1011.3,18.4,140.0,24.1,0.815756,40.0,33.9
2022-06-16 01:00:00,0.0,1012.2,20.1,140.0,18.4,0.804691,49.0,32.2
2022-06-16 02:00:00,0.0,1013.3,21.7,140.0,29.5,0.720147,61.0,30.0
2022-06-16 03:00:00,0.0,1014.1,22.3,130.0,25.9,0.755821,70.0,28.3
2022-06-16 04:00:00,0.0,1014.1,22.3,130.0,25.9,0.691217,70.0,28.3
2022-06-16 05:00:00,0.0,1015.3,22.1,160.0,18.4,0.630648,76.0,26.7
2022-06-16 06:00:00,0.0,1015.4,22.9,150.0,14.8,0.569733,85.0,25.6
2022-06-16 07:00:00,0.0,1015.5,22.9,160.0,18.4,0.51654,85.0,25.6
2022-06-16 08:00:00,0.0,1015.4,22.3,160.0,20.5,0.499827,82.0,25.6
2022-06-16 09:00:00,0.0,1015.4,22.3,160.0,20.5,0.464442,82.0,25.6
2022-06-16 10:00:00,0.0,1015.8,22.3,150.0,14.8,0.471242,85.0,25.0
2022-06-16 11:00:00,0.0,1015.8,22.3,150.0,14.8,0.458218,85.0,25.0
2022-06-16 12:00:00,0.0,1016.3,22.3,150.0,13.0,0.46669,85.0,25.0
2022-06-16 13:00:00,0.0,1017.4,21.7,150.0,14.8,0.473951,74.0,26.7
2022-06-16 14:00:00,0.0,1017.4,21.7,150.0,14.8,0.49758,74.0,26.7
2022-06-16 15:00:00,0.0,1017.3,19.0,180.0,18.4,0.524205,50.0,30.6
2022-06-16 16:00:00,0.0,1017.2,18.8,130.0,11.2,0.559878,48.0,31.1
2022-06-16 17:00:00,0.0,1016.8,18.3,120.0,11.2,0.597856,41.0,33.3
2022-06-16 18:00:00,0.0,1016.8,18.3,120.0,11.2,0.661999,41.0,33.3
2022-06-16 19:00:00,0.0,1015.8,15.3,170.0,11.2,0.716286,29.0,36.1
2022-06-16 20:00:00,0.0,1014.4,13.1,120.0,18.4,0.687068,23.0,37.8
2022-06-16 21:00:00,0.0,1013.9,12.6,160.0,22.3,0.752709,23.0,37.2
2022-06-16 22:00:00,0.0,1013.1,13.1,150.0,18.4,0.746139,23.0,37.8
2022-06-16 23:00:00,0.0,1013.1,13.1,150.0,18.4,0.824919,23.0,37.8
2022-06-17 00:00:00,0.0,1013.0,13.2,140.0,18.4,0.891482,26.0,35.6
2022-06-17 01:00:00,0.0,1013.6,15.8,140.0,18.4,0.855348,34.0,33.9
2022-06-17 02:00:00,0.0,1014.8,16.8,160.0,20.5,0.819099,41.0,31.7
2022-06-17 03:00:00,0.0,1015.8,18.8,160.0,25.9,0.76752,51.0,30.0
2022-06-17 04:00:00,0.0,1015.8,18.8,160.0,25.9,0.692773,51.0,30.0
2022-06-17 05:00:00,0.0,1016.5,18.8,170.0,13.0,0.598548,58.0,27.8
2022-06-17 06:00:00,0.0,1016.0,19.3,170.0,13.0,0.530313,64.0,26.7
2022-06-17 07:00:00,0.0,1015.7,20.0,180.0,13.0,0.479714,69.0,26.1
2022-06-17 08:00:00,0.0,1015.5,20.0,190.0,7.6,0.450265,74.0,25.0
2022-06-17 09:00:00,0.0,1015.5,20.0,190.0,7.6,0.430671,74.0,25.0
2022-06-17 10:00:00,0.0,1015.4,20.5,220.0,7.6,0.428366,79.0,24.4
2022-06-17 11:00:00,0.0,1015.7,20.6,250.0,7.6,0.428539,82.0,23.9
2022-06-17 12:00:00,0.0,1015.7,20.6,250.0,7.6,0.444041,82.0,23.9
2022-06-17 13:00:00,0.0,1016.2,21.7,210.0,11.2,0.466344,82.0,25.0
2022-06-17 14:00:00,0.0,1017.0,20.6,230.0,7.6,0.472741,65.0,27.8
2022-06-17 15:00:00,0.0,1016.9,20.1,210.0,5.4,0.504841,63.0,27.8
2022-06-17 16:00:00,0.0,1016.7,19.3,210.0,5.4,0.510316,51.0,30.6
2022-06-17 17:00:00,0.0,1016.2,18.9,120.0,16.6,0.559186,44.0,32.8
2022-06-17 18:00:00,0.0,1016.2,18.9,120.0,16.6,0.622176,44.0,32.8
2022-06-17 19:00:00,0.0,1014.1,18.5,130.0,16.6,0.665514,39.0,34.4
2022-06-17 20:00:00,0.0,1013.3,17.3,120.0,11.2,0.713866,34.0,35.6
2022-06-17 21:00:00,0.0,1012.6,17.3,120.0,16.6,0.723894,35.0,35.0
2022-06-17 22:00:00,0.0,1012.0,17.3,150.0,16.6,0.783253,34.0,35.6
2022-06-17 23:00:00,0.0,1012.0,17.3,150.0,16.6,0.841402,34.0,35.6
2022-06-18 00:00:00,0.0,1011.6,16.7,100.0,16.6,0.853792,35.0,34.4
2022-06-18 01:00:00,0.0,1011.8,16.6,100.0,11.2,0.824574,38.0,32.8
2022-06-18 02:00:00,0.0,1012.8,19.3,150.0,25.9,0.792531,48.0,31.7
2022-06-18 03:00:00,0.0,1014.0,19.3,140.0,29.5,0.795874,51.0,30.6
2022-06-18 04:00:00,0.0,1014.0,19.3,140.0,29.5,0.736918,51.0,30.6
2022-06-18 05:00:00,0.0,1013.9,20.6,150.0,20.5,0.663555,65.0,27.8
2022-06-18 06:00:00,0.0,1013.5,20.5,160.0,14.8,0.585177,69.0,26.7
2022-06-18 07:00:00,0.0,1013.6,20.0,170.0,18.4,0.531927,71.0,25.6
2022-06-18 08:00:00,0.0,1013.6,20.0,170.0,18.4,0.470436,71.0,25.6
2022-06-18 09:00:00,0.0,1014.3,20.5,160.0,14.8,0.429345,79.0,24.4
2022-06-18 10:00:00,0.0,1014.5,20.6,210.0,11.2,0.400645,82.0,23.9
2022-06-18 11:00:00,0.0,1015.1,20.6,0.0,0.0,0.396957,85.0,23.3
2022-06-18 12:00:00,0.0,1015.7,21.1,100.0,7.6,0.38278,79.0,25.0
2022-06-18 13:00:00,0.0,1015.7,21.1,100.0,7.6,0.409982,79.0,25.0
2022-06-18 14:00:00,0.0,1016.2,20.1,160.0,11.2,0.45597,65.0,27.2
2022-06-18 15:00:00,0.0,1016.0,19.5,180.0,16.6,0.493949,57.0,28.9
2022-06-18 16:00:00,0.0,1015.8,19.0,150.0,11.2,0.519191,50.0,30.6
2022-06-18 17:00:00,0.0,1015.2,18.3,150.0,9.4,0.571231,45.0,31.7
2022-06-18 18:00:00,0.0,1015.2,18.3,150.0,9.4,0.620505,45.0,31.7
2022-06-18 19:00:00,0.0,1013.6,17.3,0.0,0.0,0.67047,35.0,35.0
2022-06-18 20:00:00,0.0,1012.8,16.3,140.0,16.6,0.711272,31.0,36.1
2022-06-18 21:00:00,0.0,1012.2,15.8,140.0,16.6,0.76873,30.0,36.1
2022-06-18 22:00:00,0.0,1011.6,15.8,140.0,14.8,0.793857,29.0,36.7
2022-06-18 23:00:00,0.0,1011.6,15.8,140.0,14.8,0.85045,29.0,36.7
2022-06-19 00:00:00,0.0,1011.7,18.8,120.0,9.4,0.863416,41.0,33.9
2022-06-19 01:00:00,0.0,1012.3,19.3,150.0,24.1,0.828953,45.0,32.8
2022-06-19 02:00:00,0.0,1013.0,20.7,140.0,29.5,0.794951,54.0,31.1
2022-06-19 03:00:00,0.0,1013.0,20.7,140.0,29.5,0.758817,54.0,31.1
2022-06-19 04:00:00,0.0,1014.6,21.2,150.0,24.1,0.710811,63.0,28.9
2022-06-19 05:00:00,0.0,1014.8,21.1,160.0,18.4,0.656985,67.0,27.8
2022-06-19 06:00:00,0.0,1015.0,21.0,160.0,16.6,0.601775,71.0,26.7
2022-06-19 07:00:00,0.0,1014.6,21.8,170.0,11.2,0.539534,77.0,26.1
2022-06-19 08:00:00,0.0,1014.6,21.8,170.0,11.2,0.492566,77.0,26.1
2022-06-19 09:00:00,0.0,1014.8,21.7,180.0,11.2,0.458449,79.0,25.6
2022-06-19 10:00:00,0.0,1014.9,22.3,200.0,11.2,0.412402,85.0,25.0
2022-06-19 11:00:00,0.0,1015.3,22.3,180.0,9.4,0.42243,85.0,25.0
2022-06-19 12:00:00,0.0,1015.3,22.3,180.0,9.4,0.40491,85.0,25.0
2022-06-19 13:00:00,0.0,1015.9,22.2,190.0,7.6,0.424216,79.0,26.1
2022-06-19 14:00:00,0.0,1016.4,21.8,0.0,0.0,0.471704,68.0,28.3
2022-06-19 15:00:00,0.0,1016.4,19.9,0.0,11.2,0.520516,53.0,30.6
2022-06-19 16:00:00,0.0,1016.3,19.5,155.0,9.4,0.580048,47.0,32.2
2022-06-19 17:00:00,0.0,1015.8,18.0,160.0,16.6,0.628861,39.0,33.9
2022-06-19 18:00:00,0.0,1015.8,18.0,160.0,16.6,0.683264,39.0,33.9
2022-06-19 19:00:00,0.0,1014.2,17.3,120.0,14.8,0.723663,34.0,35.6
2022-06-19 20:00:00,0.0,1013.4,16.8,130.0,18.4,0.761007,31.0,36.7
2022-06-19 21:00:00,0.0,1012.6,16.2,130.0,18.4,0.799504,29.0,37.2
2022-06-19 22:00:00,0.0,1012.6,16.2,160.0,24.1,0.847049,29.0,37.2
2022-06-19 23:00:00,0.0,1011.7,15.8,130.0,24.1,0.870966,29.0,36.7
2022-06-20 00:00:00,0.0,1011.8,14.8,120.0,24.1,0.880244,30.0,35.0
2022-06-20 01:00:00,0.0,1012.3,18.3,120.0,24.1,0.853965,41.0,33.3
2022-06-20 02:00:00,0.0,1013.2,18.0,140.0,22.3,0.837252,44.0,31.7
2022-06-20 03:00:00,0.0,1013.2,18.0,140.0,22.3,0.797141,44.0,31.7
2022-06-20 04:00:00,0.0,1014.4,17.8,150.0,22.3,0.733172,51.0,28.9
2022-06-20 05:00:00,0.0,1014.8,18.2,140.0,14.8,0.647072,56.0,27.8
2022-06-20 06:00:00,0.0,1014.8,18.8,160.0,9.4,0.577397,62.0,26.7
2022-06-20 07:00:00,0.0,1015.0,20.0,160.0,9.4,0.52213,71.0,25.6
2022-06-20 08:00:00,0.0,1015.0,20.0,160.0,9.4,0.452628,71.0,25.6
2022-06-20 09:00:00,0.0,1015.8,20.5,0.0,0.0,0.418568,79.0,24.4
2022-06-20 10:00:00,0.0,1016.0,21.7,180.0,11.2,0.438509,85.0,24.4
2022-06-20 11:00:00,0.0,1016.6,21.7,180.0,7.6,0.474124,85.0,24.4
2022-06-20 12:00:00,0.0,1017.1,21.8,200.0,13.0,0.467785,77.0,26.1
2022-06-20 13:00:00,0.0,1017.1,21.8,200.0,13.0,0.486572,77.0,26.1
2022-06-20 14:00:00,0.0,1017.9,21.1,210.0,11.2,0.509394,65.0,28.3
2022-06-20 15:00:00,0.0,1017.9,20.0,210.0,9.4,0.528066,57.0,29.4
2022-06-20 16:00:00,0.0,1017.5,19.3,140.0,9.4,0.59313,48.0,31.7
2022-06-20 17:00:00,0.0,1017.0,18.9,170.0,13.0,0.622234,40.0,34.4
2022-06-20 18:00:00,0.0,1017.0,18.9,170.0,13.0,0.697499,40.0,34.4
2022-06-20 19:00:00,0.0,1015.7,17.8,160.0,13.0,0.772822,35.0,35.6
2022-06-20 20:00:00,0.0,1015.0,15.8,130.0,20.5,0.774262,30.0,36.1
2022-06-20 21:00:00,0.0,1014.1,16.8,130.0,7.6,0.785731,31.0,36.7
2022-06-20 22:00:00,0.0,1013.5,16.2,140.0,18.4,0.83973,29.0,37.2
2022-06-20 23:00:00,0.0,1013.5,16.2,140.0,18.4,0.886295,29.0,37.2
2022-06-21 00:00:00,0.0,1013.0,15.9,130.0,27.7,0.920009,31.0,35.6
2022-06-21 01:00:00,0.0,1013.2,16.3,130.0,18.4,0.91367,35.0,33.9
2022-06-21 02:00:00,0.0,1014.0,17.8,130.0,18.4,0.879726,41.0,32.8
2022-06-21 03:00:00,0.0,1014.0,17.8,140.0,31.7,0.818638,41.0,32.8
2022-06-21 04:00:00,0.0,1016.1,18.8,160.0,20.5,0.74464,51.0,30.0
2022-06-21 05:00:00,0.0,1016.3,20.1,140.0,14.8,0.671392,59.0,28.9
2022-06-21 06:00:00,0.0,1016.4,20.1,180.0,11.2,0.592554,63.0,27.8
2022-06-21 07:00:00,0.0,1016.7,21.0,160.0,14.8,0.548986,69.0,27.2
2022-06-21 08:00:00,0.0,1016.7,21.0,160.0,14.8,0.507031,69.0,27.2
2022-06-21 09:00:00,0.0,1017.3,21.1,160.0,13.0,0.483172,74.0,26.1
2022-06-21 10:00:00,0.0,1017.7,21.7,120.0,7.6,0.478792,79.0,25.6
2022-06-21 11:00:00,0.0,1018.1,22.3,130.0,7.6,0.474297,82.0,25.6
2022-06-21 12:00:00,0.0,1018.1,22.3,130.0,7.6,0.469686,82.0,25.6
2022-06-21 13:00:00,0.0,1019.0,22.3,100.0,11.2,0.474585,70.0,28.3
2022-06-21 14:00:00,0.0,1019.3,21.7,200.0,9.4,0.514523,65.0,28.9
2022-06-21 15:00:00,0.0,1018.7,21.3,160.0,13.0,0.548928,54.0,31.7
2022-06-21 16:00:00,0.0,1018.7,21.3,160.0,13.0,0.605521,54.0,31.7
2022-06-21 17:00:00,0.0,1018.6,20.0,100.0,9.4,0.652317,50.0,31.7
2022-06-21 18:00:00,0.0,1017.7,18.1,100.0,9.4,0.708391,37.0,35.0
2022-06-21 19:00:00,0.0,1016.9,17.7,90.0,13.0,0.748559,36.0,35.0
2022-06-21 20:00:00,0.0,1016.3,16.3,120.0,16.6,0.784405,31.0,36.1
2022-06-21 21:00:00,0.0,1015.5,16.2,110.0,20.5,0.827397,29.0,37.2
2022-06-21 22:00:00,0.0,1015.5,16.2,110.0,20.5,0.817139,29.0,37.2
2022-06-21 23:00:00,0.0,1014.7,15.9,110.0,20.5,0.914361,31.0,35.6
2022-06-22 00:00:00,0.0,1015.4,16.3,110.0,20.5,0.890272,34.0,34.4
2022-06-22 01:00:00,0.0,1016.0,17.8,130.0,31.7,0.883587,41.0,32.8
2022-06-22 02:00:00,0.0,1016.0,17.8,140.0,35.3,0.857596,41.0,32.8
2022-06-22 03:00:00,0.0,1018.0,20.0,150.0,16.6,0.816102,57.0,29.4
2022-06-22 04:00:00,0.0,1018.5,21.8,140.0,18.4,0.729253,68.0,28.3
2022-06-22 05:00:00,0.0,1018.5,21.6,140.0,18.4,0.660212,69.0,27.8
2022-06-22 06:00:00,0.0,1018.3,21.7,130.0,14.8,0.589269,74.0,26.7
2022-06-22 07:00:00,0.0,1018.3,21.7,130.0,14.8,0.540975,74.0,26.7
2022-06-22 08:00:00,0.0,1017.8,21.8,140.0,11.2,0.497176,77.0,26.1
2022-06-22 09:00:00,0.0,1017.6,22.3,90.0,5.4,0.452628,82.0,25.6
2022-06-22 10:00:00,0.0,1017.6,22.3,90.0,5.4,0.459774,82.0,25.6
2022-06-22 11:00:00,0.0,1017.7,22.3,120.0,5.4,0.479484,85.0,25.0
2022-06-22 12:00:00,0.0,1018.2,22.8,120.0,14.8,0.471704,82.0,26.1
2022-06-22 13:00:00,0.0,1019.3,22.2,160.0,13.0,0.505533,74.0,27.2
2022-06-22 14:00:00,0.0,1019.4,21.7,150.0,11.2,0.525127,65.0,28.9
2022-06-22 15:00:00,0.0,1019.4,19.9,150.0,14.8,0.545528,53.0,30.6
2022-06-22 16:00:00,0.0,1018.9,18.2,140.0,22.3,0.57976,42.0,32.8
2022-06-22 17:00:00,0.0,1018.9,18.2,140.0,22.3,0.635489,42.0,32.8
2022-06-22 18:00:00,0.0,1017.7,19.0,120.0,5.4,0.694502,43.0,33.3
2022-06-22 19:00:00,0.0,1016.8,18.1,148.0,11.2,0.735535,37.0,35.0
2022-06-22 20:00:00,0.0,1016.0,17.8,139.0,11.2,0.76896,35.0,35.6
2022-06-22 21:00:00,0.0,1015.1,16.8,135.0,9.4,0.782561,32.0,36.1
2022-06-22 22:00:00,0.0,1015.1,16.8,80.0,9.4,0.833564,32.0,36.1
2022-06-22 23:00:00,0.0,1013.8,16.3,90.0,7.6,0.893326,31.0,36.1
2022-06-23 00:00:00,0.0,1013.9,16.8,160.0,18.4,0.915399,34.0,35.0
2022-06-23 01:00:00,0.0,1014.2,16.7,160.0,16.6,0.897303,36.0,33.9
2022-06-23 02:00:00,0.0,1014.2,16.7,160.0,16.6,0.87621,36.0,33.9
2022-06-23 03:00:00,0.0,1015.2,19.5,170.0,22.3,0.831432,50.0,31.1
2022-06-23 04:00:00,0.0,1015.8,19.4,160.0,24.1,0.764926,53.0,30.0
2022-06-23 05:00:00,0.0,1015.8,19.5,180.0,16.6,0.69796,59.0,28.3
2022-06-23 06:00:00,0.0,1015.8,19.5,180.0,16.6,0.618603,59.0,28.3
2022-06-23 07:00:00,0.0,1015.6,18.8,190.0,11.2,0.544779,58.0,27.8
2022-06-23 08:00:00,0.0,1015.2,17.7,240.0,7.6,0.499827,60.0,26.1
2022-06-23 09:00:00,0.0,1015.2,17.7,240.0,7.6,0.464615,60.0,26.1
2022-06-23 10:00:00,0.0,1015.3,19.0,230.0,7.6,0.455164,65.0,26.1
2022-06-23 11:00:00,0.0,1015.3,19.0,230.0,7.6,0.465134,65.0,26.1
2022-06-23 12:00:00,0.0,1015.5,19.0,230.0,5.4,0.455337,67.0,25.6
2022-06-23 13:00:00,0.0,1016.0,19.0,190.0,11.2,0.484958,57.0,28.3
2022-06-23 14:00:00,0.0,1016.0,17.7,210.0,11.2,0.49124,46.0,30.6
2022-06-23 15:00:00,0.0,1015.4,16.1,0.0,0.0,0.546623,39.0,31.7
2022-06-23 16:00:00,0.0,1015.0,16.3,180.0,9.4,0.578319,35.0,33.9
2022-06-23 17:00:00,0.0,1015.0,16.3,180.0,9.4,0.646438,35.0,33.9
2022-06-23 18:00:00,0.0,1013.6,16.3,160.0,7.6,0.705394,33.0,35.0
2022-06-23 19:00:00,0.0,1012.4,15.8,160.0,11.2,0.758068,29.0,36.7
2022-06-23 20:00:00,0.0,1012.4,15.8,150.0,11.2,0.749942,29.0,36.7
2022-06-23 21:00:00,0.0,1010.9,13.9,120.0,13.0,0.837713,25.0,37.2
2022-06-23 22:00:00,0.0,1010.9,13.9,120.0,13.0,0.832238,25.0,37.2
2022-06-23 23:00:00,0.0,1009.9,13.5,130.0,13.0,0.902778,25.0,36.7
2022-06-24 00:00:00,0.0,1010.1,13.0,140.0,20.5,0.944733,25.0,36.1
2022-06-24 01:00:00,0.0,1010.1,13.0,140.0,20.5,0.922775,25.0,36.1
2022-06-24 02:00:00,0.0,1010.6,14.4,130.0,14.8,0.882088,34.0,32.2
2022-06-24 03:00:00,0.0,1011.6,18.5,140.0,29.5,0.835754,47.0,31.1
2022-06-24 04:00:00,0.0,1012.3,18.8,150.0,20.5,0.759682,51.0,30.0
2022-06-24 05:00:00,0.0,1012.4,19.0,180.0,14.8,0.685973,55.0,28.9
2022-06-24 06:00:00,0.0,1012.4,20.1,180.0,13.0,0.619525,63.0,27.8
2022-06-24 07:00:00,0.0,1012.4,20.1,180.0,13.0,0.588981,63.0,27.8
2022-06-24 08:00:00,0.0,1012.2,20.7,160.0,13.0,0.520689,72.0,26.1
2022-06-24 09:00:00,0.0,1012.2,21.1,190.0,13.0,0.486745,76.0,25.6
2022-06-24 10:00:00,0.0,1012.4,21.1,200.0,11.2,0.462771,79.0,25.0
2022-06-24 11:00:00,0.0,1012.7,21.1,180.0,11.2,0.453492,82.0,24.4
2022-06-24 12:00:00,0.0,1012.7,21.1,180.0,11.2,0.464327,82.0,24.4
2022-06-24 13:00:00,0.0,1013.5,21.0,220.0,13.0,0.495274,69.0,27.2
2022-06-24 14:00:00,0.0,1013.5,21.0,220.0,13.0,0.518038,69.0,27.2
2022-06-24 15:00:00,0.0,1013.3,17.7,200.0,13.0,0.543914,46.0,30.6
2022-06-24 16:00:00,0.0,1013.1,18.4,200.0,5.4,0.605348,44.0,32.2
2022-06-24 17:00:00,0.0,1013.1,18.4,169.0,5.4,0.648571,44.0,32.2
2022-06-24 18:00:00,0.0,1011.7,16.9,170.0,7.6,0.693811,33.0,35.6
2022-06-24 19:00:00,0.0,1010.8,16.3,170.0,18.4,0.748674,30.0,36.7
2022-06-24 20:00:00,0.0,1010.0,14.5,180.0,20.5,0.789765,26.0,37.2
2022-06-24 21:00:00,0.0,1010.0,14.5,180.0,20.5,0.816102,26.0,37.2
2022-06-24 22:00:00,0.0,1008.8,14.8,120.0,18.4,0.82832,25.0,38.3
2022-06-24 23:00:00,0.0,1008.5,13.9,130.0,20.5,0.889753,25.0,37.2
2022-06-25 00:00:00,0.0,1008.8,14.2,130.0,20.5,0.939488,27.0,36.1
2022-06-25 01:00:00,0.0,1009.3,17.2,150.0,24.1,0.913094,36.0,34.4
2022-06-25 02:00:00,0.0,1009.3,17.2,130.0,29.5,0.865203,36.0,34.4
2022-06-25 03:00:00,0.0,1011.4,17.8,140.0,25.9,0.82976,48.0,30.0
2022-06-25 04:00:00,0.0,1011.9,18.4,160.0,16.6,0.766194,53.0,28.9
2022-06-25 05:00:00,0.0,1012.4,18.8,150.0,22.3,0.694329,58.0,27.8
2022-06-25 06:00:00,0.0,1012.5,20.1,170.0,20.5,0.625634,67.0,26.7
2022-06-25 07:00:00,0.0,1012.5,20.1,170.0,20.5,0.562702,67.0,26.7
2022-06-25 08:00:00,0.0,1012.8,21.7,170.0,18.4,0.526279,79.0,25.6
2022-06-25 09:00:00,0.0,1012.8,21.7,170.0,18.4,0.48346,79.0,25.6
2022-06-25 10:00:00,0.0,1013.1,21.7,180.0,13.0,0.469975,82.0,25.0
2022-06-25 11:00:00,0.0,1013.4,21.1,170.0,16.6,0.432284,79.0,25.0
2022-06-25 12:00:00,0.0,1014.0,21.1,210.0,20.5,0.440987,76.0,25.6
2022-06-25 13:00:00,0.0,1014.6,20.5,200.0,22.3,0.423755,69.0,26.7
2022-06-25 14:00:00,0.0,1014.9,20.1,170.0,18.4,0.489338,61.0,28.3
2022-06-25 15:00:00,0.0,1014.7,19.3,150.0,20.5,0.544836,51.0,30.6
2022-06-25 16:00:00,0.0,1014.7,19.3,150.0,20.5,0.588347,51.0,30.6
2022-06-25 17:00:00,0.0,1014.1,16.6,170.0,14.8,0.626441,37.0,33.3
2022-06-25 18:00:00,0.0,1013.3,14.8,170.0,11.2,0.683898,30.0,35.0
2022-06-25 19:00:00,0.0,1012.7,14.2,161.0,11.2,0.717669,27.0,36.1
2022-06-25 20:00:00,0.0,1012.0,14.7,0.0,0.0,0.767347,27.0,36.7
2022-06-25 21:00:00,0.0,1012.0,14.7,0.0,0.0,0.815007,27.0,36.7
2022-06-25 22:00:00,0.0,1010.9,14.5,140.0,11.2,0.86843,26.0,37.2
2022-06-25 23:00:00,0.0,1010.8,13.5,120.0,20.5,0.893845,25.0,36.7
2022-06-26 00:00:00,0.0,1011.2,13.7,130.0,24.1,0.891309,27.0,35.6
2022-06-26 01:00:00,0.0,1012.2,13.4,130.0,24.1,0.881973,30.0,33.3
2022-06-26 02:00:00,0.0,1012.2,13.4,130.0,24.1,0.8395,30.0,33.3
2022-06-26 03:00:00,0.0,1014.6,17.8,150.0,27.7,0.806939,48.0,30.0
2022-06-26 04:00:00,0.0,1015.9,19.5,150.0,22.3,0.741586,59.0,28.3
2022-06-26 05:00:00,0.0,1016.2,21.0,170.0,18.4,0.676291,69.0,27.2
2022-06-26 06:00:00,0.0,1016.2,21.0,170.0,18.4,0.607826,69.0,27.2
2022-06-26 07:00:00,0.0,1016.1,22.2,170.0,14.8,0.555152,79.0,26.1
2022-06-26 08:00:00,0.0,1015.9,22.3,160.0,11.2,0.508817,82.0,25.6
2022-06-26 09:00:00,0.0,1016.1,22.3,160.0,11.2,0.473144,82.0,25.6
2022-06-26 10:00:00,0.0,1016.3,22.3,170.0,13.0,0.460523,82.0,25.6
2022-06-26 11:00:00,0.0,1016.6,22.3,180.0,7.6,0.451763,82.0,25.6
2022-06-26 12:00:00,0.0,1016.6,22.3,180.0,7.6,0.436319,82.0,25.6
2022-06-26 13:00:00,0.0,1017.2,21.7,190.0,7.6,0.459544,72.0,27.2
2022-06-26 14:00:00,0.0,1017.2,21.7,190.0,7.6,0.476775,72.0,27.2
2022-06-26 15:00:00,0.0,1017.8,20.0,140.0,9.4,0.515791,57.0,29.4
2022-06-26 16:00:00,0.0,1017.8,20.0,140.0,9.4,0.579242,57.0,29.4
2022-06-26 17:00:00,0.0,1017.1,19.0,140.0,14.8,0.651568,43.0,33.3
2022-06-26 18:00:00,0.0,1016.6,16.8,100.0,11.2,0.707354,34.0,35.0
2022-06-26 19:00:00,0.0,1016.0,16.3,120.0,14.8,0.764869,31.0,36.1
2022-06-26 20:00:00,0.0,1015.4,15.8,110.0,14.8,0.82198,29.0,36.7
2022-06-26 21:00:00,0.0,1015.4,15.8,110.0,14.8,0.865837,29.0,36.7
2022-06-26 22:00:00,0.0,1014.1,14.5,90.0,18.4,0.901279,26.0,37.2
2022-06-26 23:00:00,0.0,1013.9,14.1,100.0,20.5,0.940929,26.0,36.7
2022-06-27 00:00:00,0.0,1014.1,13.6,120.0,18.4,0.937414,26.0,36.1
2022-06-27 01:00:00,0.0,1014.5,13.9,100.0,14.8,0.928481,30.0,33.9
2022-06-27 02:00:00,0.0,1014.5,13.9,100.0,14.8,0.903412,30.0,33.9
2022-06-27 03:00:00,0.0,1016.8,17.7,150.0,16.6,0.842554,46.0,30.6
2022-06-27 04:00:00,0.0,1017.5,16.8,150.0,14.8,0.765502,45.0,30.0
2022-06-27 05:00:00,0.0,1017.9,17.1,160.0,11.2,0.667589,49.0,28.9
2022-06-27 06:00:00,0.0,1017.9,17.1,160.0,11.2,0.595263,49.0,28.9
2022-06-27 07:00:00,0.0,1017.8,19.3,180.0,7.6,0.54328,62.0,27.2
2022-06-27 08:00:00,0.0,1017.4,19.3,210.0,9.4,0.503746,64.0,26.7
2022-06-27 09:00:00,0.0,1017.4,19.5,250.0,5.4,0.473836,67.0,26.1
2022-06-27 10:00:00,0.0,1017.6,19.5,0.0,0.0,0.477236,69.0,25.6
2022-06-27 11:00:00,0.0,1017.6,19.5,0.0,0.0,0.497176,69.0,25.6
2022-06-27 12:00:00,0.0,1018.6,19.3,10.0,9.4,0.49562,64.0,26.7
2022-06-27 13:00:00,0.0,1019.1,19.0,0.0,0.0,0.513946,57.0,28.3
2022-06-27 14:00:00,0.0,1019.0,18.8,130.0,7.6,0.52651,51.0,30.0
2022-06-27 15:00:00,0.0,1018.4,16.6,50.0,5.4,0.581835,37.0,33.3
2022-06-27 16:00:00,0.0,1018.4,16.6,50.0,5.4,0.650357,37.0,33.3
2022-06-27 17:00:00,0.0,1017.6,15.8,30.0,5.4,0.702916,29.0,36.7
2022-06-27 18:00:00,0.0,1016.6,15.8,58.0,9.4,0.775069,29.0,36.7
2022-06-27 19:00:00,0.0,1016.6,15.8,160.0,9.4,0.821404,29.0,36.7
2022-06-27 20:00:00,0.0,1015.6,17.3,30.0,31.7,0.889523,35.0,35.0
2022-06-27 21:00:00,2.2,1015.9,17.2,360.0,25.9,0.852178,42.0,31.7
2022-06-27 22:00:00,0.0,1016.1,17.9,20.0,7.6,0.86042,55.0,27.8
2022-06-27 23:00:00,0.0,1015.5,18.2,30.0,20.5,0.833737,58.0,27.2
2022-06-28 00:00:00,0.0,1016.8,18.2,30.0,18.4,0.825841,58.0,27.2
2022-06-28 01:00:00,0.0,1017.4,19.5,80.0,18.4,0.776913,69.0,25.6
2022-06-28 02:00:00,0.0,1017.4,19.5,80.0,18.4,0.759336,69.0,25.6
2022-06-28 03:00:00,0.0,1017.8,18.2,100.0,9.4,0.716286,66.0,25.0
2022-06-28 04:00:00,0.0,1019.2,18.2,350.0,13.0,0.650645,66.0,25.0
2022-06-28 05:00:00,0.0,1018.8,19.0,300.0,9.4,0.582296,74.0,23.9
2022-06-28 06:00:00,0.0,1018.8,19.0,300.0,9.4,0.519537,74.0,23.9
2022-06-28 07:00:00,0.0,1018.0,19.5,320.0,13.0,0.475392,74.0,24.4
2022-06-28 08:00:00,0.0,1017.9,18.9,340.0,11.2,0.45574,69.0,25.0
2022-06-28 09:00:00,0.0,1017.6,17.7,360.0,11.2,0.431881,64.0,25.0
2022-06-28 10:00:00,0.0,1017.8,17.7,30.0,9.4,0.438047,64.0,25.0
2022-06-28 11:00:00,0.0,1017.8,17.7,30.0,9.4,0.448536,64.0,25.0
2022-06-28 12:00:00,0.0,1018.2,17.7,0.0,0.0,0.477294,64.0,25.0
2022-06-28 13:00:00,0.0,1018.9,18.3,50.0,11.2,0.488589,62.0,26.1
2022-06-28 14:00:00,0.0,1019.2,19.3,60.0,16.6,0.476948,64.0,26.7
2022-06-28 15:00:00,0.0,1018.9,21.1,50.0,16.6,0.553539,57.0,30.6
2022-06-28 16:00:00,0.0,1019.2,21.0,70.0,14.8,0.585293,55.0,31.1
2022-06-28 17:00:00,0.0,1019.2,21.0,70.0,14.8,0.610131,55.0,31.1
2022-06-28 18:00:00,2.5,1018.0,21.7,50.0,13.0,0.680844,52.0,32.8
2022-06-28 19:00:00,0.0,1018.0,21.7,50.0,13.0,0.545528,52.0,32.8
2022-06-28 20:00:00,0.0,1017.0,20.7,60.0,16.6,0.64932,54.0,31.1
2022-06-28 21:00:00,0.0,1017.8,21.0,90.0,7.6,0.605521,84.0,23.9
2022-06-28 22:00:00,4.3,1017.8,21.2,110.0,24.1,0.565814,94.0,22.2
2022-06-28 23:00:00,2.3,1019.1,20.7,280.0,9.4,0.570078,91.0,22.2
2022-06-29 00:00:00,2.8,1019.1,20.7,280.0,9.4,0.546335,91.0,22.2
2022-06-29 01:00:00,1.0,1018.2,21.1,0.0,0.0,0.560396,90.0,22.8
2022-06-29 02:00:00,0.5,1017.3,21.8,310.0,9.4,0.556766,94.0,22.8
2022-06-29 03:00:00,0.0,1017.3,21.8,310.0,7.6,0.530198,94.0,22.8
2022-06-29 04:00:00,0.0,1017.4,21.8,310.0,9.4,0.491932,94.0,22.8
2022-06-29 05:00:00,0.0,1017.7,21.1,310.0,9.4,0.459083,90.0,22.8
2022-06-29 06:00:00,0.0,1017.7,21.1,310.0,9.4,0.420758,90.0,22.8
2022-06-29 07:00:00,0.0,1017.2,20.5,300.0,7.6,0.402605,93.0,21.7
2022-06-29 08:00:00,0.0,1017.2,20.7,300.0,7.6,0.379092,94.0,21.7
2022-06-29 09:00:00,0.0,1017.9,20.7,300.0,5.4,0.36745,94.0,21.7
2022-06-29 10:00:00,0.0,1017.9,20.7,300.0,5.4,0.377536,94.0,21.7
2022-06-29 11:00:00,0.0,1017.8,19.9,320.0,5.4,0.382031,93.0,21.1
2022-06-29 12:00:00,0.0,1018.6,19.9,330.0,7.6,0.403008,87.0,22.2
2022-06-29 13:00:00,0.0,1019.1,18.3,10.0,9.4,0.428308,62.0,26.1
2022-06-29 14:00:00,0.0,1019.6,17.3,10.0,7.6,0.439488,53.0,27.8
2022-06-29 15:00:00,0.0,1019.0,15.5,20.0,11.2,0.464212,43.0,29.4
2022-06-29 16:00:00,0.0,1019.0,15.5,20.0,11.2,0.505129,43.0,29.4
2022-06-29 17:00:00,0.0,1018.5,14.4,90.0,7.6,0.541436,32.0,33.3
2022-06-29 18:00:00,0.0,1017.9,14.9,56.0,5.4,0.591171,34.0,32.8
2022-06-29 19:00:00,0.0,1017.3,14.9,80.0,13.0,0.61261,32.0,33.9
2022-06-29 20:00:00,0.0,1017.3,14.9,80.0,13.0,0.682861,32.0,33.9
2022-06-29 21:00:00,0.0,1015.7,14.2,40.0,16.6,0.720609,27.0,36.1
2022-06-29 22:00:00,0.0,1015.1,14.3,80.0,16.6,0.79328,28.0,35.6
2022-06-29 23:00:00,0.0,1014.4,15.9,100.0,18.4,0.822902,32.0,35.0
2022-06-30 00:00:00,0.0,1014.4,15.9,100.0,18.4,0.838347,32.0,35.0
2022-06-30 01:00:00,0.0,1014.4,15.8,90.0,13.0,0.818119,34.0,33.9
2022-06-30 02:00:00,0.0,1015.9,20.0,130.0,22.3,0.784578,57.0,29.4
2022-06-30 03:00:00,0.0,1016.6,20.1,140.0,9.4,0.741183,61.0,28.3
2022-06-30 04:00:00,0.0,1016.9,20.5,120.0,9.4,0.687471,67.0,27.2
2022-06-30 05:00:00,0.0,1016.9,20.6,110.0,7.6,0.597337,74.0,25.6
2022-06-30 06:00:00,0.0,1016.9,20.6,110.0,7.6,0.526856,74.0,25.6
2022-06-30 07:00:00,0.0,1016.5,20.7,0.0,0.0,0.478619,77.0,25.0
2022-06-30 08:00:00,0.0,1016.4,21.0,110.0,5.4,0.450438,84.0,23.9
2022-06-30 09:00:00,0.0,1016.4,21.0,120.0,9.4,0.423582,84.0,23.9
2022-06-30 10:00:00,0.0,1016.4,21.0,120.0,9.4,0.433495,84.0,23.9
2022-06-30 11:00:00,0.0,1016.3,21.2,310.0,5.4,0.435569,88.0,23.3
2022-06-30 12:00:00,0.0,1016.2,21.7,0.0,0.0,0.419145,79.0,25.6
2022-06-30 13:00:00,0.0,1016.2,21.1,330.0,7.6,0.434302,67.0,27.8
2022-06-30 14:00:00,0.0,1015.9,18.8,310.0,7.6,0.452686,53.0,29.4
2022-06-30 15:00:00,0.0,1015.9,18.8,310.0,7.6,0.503976,53.0,29.4
2022-06-30 16:00:00,0.0,1015.1,19.3,0.0,7.6,0.581835,45.0,32.8
2022-06-30 17:00:00,0.0,1014.6,18.9,50.0,20.5,0.642347,40.0,34.4
2022-06-30 18:00:00,0.0,1013.8,18.1,60.0,9.4,0.697614,37.0,35.0
2022-06-30 19:00:00,0.0,1013.1,18.0,100.0,13.0,0.745851,39.0,33.9
2022-06-30 20:00:00,0.0,1013.1,18.0,100.0,13.0,0.768845,39.0,33.9
2022-06-30 21:00:00,0.0,1012.1,17.3,110.0,20.5,0.804576,33.0,36.1
2022-06-30 22:00:00,0.0,1011.3,17.3,120.0,20.5,0.841805,33.0,36.1
2022-06-30 23:00:00,0.0,1010.8,16.8,70.0,18.4,0.876153,31.0,36.7
2022-07-01 00:00:00,0.0,1010.7,17.3,90.0,20.5,0.873617,34.0,35.6
2022-07-01 01:00:00,0.0,1010.9,18.0,100.0,16.6,0.85385,39.0,33.9
2022-07-01 02:00:00,0.0,1012.1,20.5,100.0,20.5,0.827513,55.0,30.6
2022-07-01 03:00:00,0.0,1012.8,20.6,130.0,20.5,0.796796,59.0,29.4
2022-07-01 04:00:00,0.0,1013.1,21.1,130.0,18.4,0.743488,65.0,28.3
2022-07-01 05:00:00,0.0,1013.1,21.1,130.0,18.4,0.659693,65.0,28.3
2022-07-01 06:00:00,0.0,1013.4,22.2,110.0,13.0,0.597914,79.0,26.1
2022-07-01 07:00:00,0.0,1013.5,21.7,120.0,11.2,0.530429,79.0,25.6
2022-07-01 08:00:00,0.0,1013.5,21.7,120.0,11.2,0.481443,79.0,25.6
2022-07-01 09:00:00,0.0,1013.5,22.3,120.0,14.8,0.449055,88.0,24.4
2022-07-01 10:00:00,0.0,1013.0,22.3,110.0,9.4,0.447153,85.0,25.0
2022-07-01 11:00:00,0.0,1013.0,22.3,110.0,5.4,0.443004,85.0,25.0
2022-07-01 12:00:00,0.0,1013.2,22.3,210.0,14.8,0.476948,82.0,25.6
2022-07-01 13:00:00,0.0,1013.4,21.8,210.0,9.4,0.475853,77.0,26.1
2022-07-01 14:00:00,0.0,1013.2,21.0,176.0,7.6,0.50317,69.0,27.2
2022-07-01 15:00:00,0.0,1013.2,21.0,169.0,7.6,0.550542,69.0,27.2
2022-07-01 16:00:00,0.0,1012.7,19.5,0.0,0.0,0.614742,47.0,32.2
2022-07-01 17:00:00,0.0,1012.2,19.3,0.0,9.4,0.676521,41.0,34.4
2022-07-01 18:00:00,0.0,1011.3,19.1,80.0,11.2,0.668626,38.0,35.6
2022-07-01 19:00:00,0.0,1010.6,18.3,70.0,14.8,0.757319,34.0,36.7
2022-07-01 20:00:00,0.0,1010.6,18.3,70.0,14.8,0.798294,34.0,36.7
2022-07-01 21:00:00,0.0,1009.1,17.8,100.0,16.6,0.865952,32.0,37.2
2022-07-01 22:00:00,0.0,1008.6,17.3,120.0,18.4,0.89252,30.0,37.8
2022-07-01 23:00:00,0.0,1008.6,17.3,120.0,18.4,0.918857,30.0,37.8
2022-07-02 00:00:00,0.0,1009.3,20.0,110.0,24.1,0.92606,43.0,34.4
2022-07-02 01:00:00,0.0,1009.3,20.0,110.0,24.1,0.864972,43.0,34.4
2022-07-02 02:00:00,0.0,1009.5,22.7,130.0,24.1,0.847798,59.0,31.7
2022-07-02 03:00:00,0.0,1010.0,22.2,120.0,18.4,0.806823,63.0,30.0
2022-07-02 04:00:00,0.0,1011.6,22.2,140.0,16.6,0.759855,67.0,28.9
2022-07-02 05:00:00,0.0,1011.6,22.2,140.0,16.6,0.713751,67.0,28.9
2022-07-02 06:00:00,0.0,1011.9,22.7,150.0,14.8,0.638658,74.0,27.8
2022-07-02 07:00:00,0.0,1011.6,22.8,140.0,14.8,0.581374,79.0,26.7
2022-07-02 08:00:00,0.0,1011.6,22.8,140.0,14.8,0.517404,79.0,26.7
2022-07-02 09:00:00,0.0,1011.6,23.4,150.0,16.6,0.47885,85.0,26.1
2022-07-02 10:00:00,0.0,1011.6,23.4,150.0,16.6,0.453781,85.0,26.1
2022-07-02 11:00:00,0.0,1012.1,22.9,150.0,16.6,0.43678,85.0,25.6
2022-07-02 12:00:00,0.0,1012.5,22.2,180.0,16.6,0.426291,79.0,26.1
2022-07-02 13:00:00,0.0,1012.5,22.2,180.0,16.6,0.442946,79.0,26.1
2022-07-02 14:00:00,0.0,1013.0,21.7,160.0,18.4,0.469456,65.0,28.9
2022-07-02 15:00:00,0.0,1013.0,21.7,160.0,18.4,0.523571,65.0,28.9
2022-07-02 16:00:00,0.0,1012.6,21.3,170.0,16.6,0.577743,54.0,31.7
2022-07-02 17:00:00,0.0,1012.2,20.7,170.0,11.2,0.633299,46.0,33.9
2022-07-02 18:00:00,0.0,1011.4,19.0,140.0,13.0,0.686088,39.0,35.0
2022-07-02 19:00:00,0.0,1011.4,19.0,140.0,13.0,0.73248,39.0,35.0
2022-07-02 20:00:00,0.0,1010.5,20.1,140.0,22.3,0.788324,38.0,36.7
2022-07-02 21:00:00,0.0,1009.8,17.8,110.0,11.2,0.833391,33.0,36.7
2022-07-02 22:00:00,0.0,1008.7,18.3,150.0,22.3,0.841459,32.0,37.8
2022-07-02 23:00:00,0.0,1008.7,18.3,150.0,22.3,0.881455,32.0,37.8
2022-07-03 00:00:00,0.0,1008.2,17.3,150.0,22.3,0.907734,31.0,37.2
2022-07-03 01:00:00,0.0,1010.0,21.1,150.0,27.7,0.897361,52.0,32.2
2022-07-03 02:00:00,0.0,1010.8,22.2,140.0,33.5,0.832815,61.0,30.6
2022-07-03 03:00:00,0.0,1012.0,22.9,150.0,20.5,0.788324,68.0,29.4
2022-07-03 04:00:00,0.0,1012.0,22.9,150.0,20.5,0.746024,68.0,29.4
2022-07-03 05:00:00,0.0,1012.6,23.2,140.0,24.1,0.687356,74.0,28.3
2022-07-03 06:00:00,0.0,1013.4,22.8,140.0,27.7,0.625461,77.0,27.2
2022-07-03 07:00:00,0.0,1013.9,22.8,170.0,18.4,0.550542,79.0,26.7
2022-07-03 08:00:00,0.0,1014.0,22.8,180.0,16.6,0.519479,79.0,26.7
2022-07-03 09:00:00,0.0,1013.5,22.8,180.0,9.4,0.487898,79.0,26.7
2022-07-03 10:00:00,0.0,1013.5,22.8,180.0,9.4,0.454184,79.0,26.7
2022-07-03 11:00:00,0.0,1014.5,22.1,190.0,18.4,0.443119,76.0,26.7
2022-07-03 12:00:00,0.0,1014.5,22.1,190.0,18.4,0.45257,76.0,26.7
2022-07-03 13:00:00,0.0,1014.5,22.8,160.0,14.8,0.471588,79.0,26.7
2022-07-03 14:00:00,0.0,1015.4,22.2,160.0,16.6,0.506973,67.0,28.9
2022-07-03 15:00:00,0.0,1015.4,22.2,160.0,16.6,0.551925,67.0,28.9
2022-07-03 16:00:00,0.0,1015.4,20.5,160.0,24.1,0.570885,50.0,32.2
2022-07-03 17:00:00,0.0,1014.9,20.7,160.0,18.4,0.613993,49.0,32.8
2022-07-03 18:00:00,0.0,1014.5,19.6,130.0,18.4,0.671162,43.0,33.9
2022-07-03 19:00:00,0.0,1014.5,19.6,130.0,18.4,0.734382,43.0,33.9
2022-07-03 20:00:00,0.0,1013.0,17.8,130.0,16.6,0.752248,34.0,36.1
2022-07-03 21:00:00,0.0,1012.2,17.8,140.0,16.6,0.811434,34.0,36.1
2022-07-03 22:00:00,0.0,1011.7,16.7,130.0,22.3,0.810973,30.0,37.2
2022-07-03 23:00:00,0.0,1011.5,18.3,130.0,27.7,0.859324,34.0,36.7
2022-07-04 00:00:00,0.0,1011.5,18.3,130.0,27.7,0.860823,34.0,36.7
2022-07-04 01:00:00,0.0,1012.8,20.1,140.0,25.9,0.822672,49.0,32.2
2022-07-04 02:00:00,0.0,1013.6,19.9,130.0,25.9,0.779334,53.0,30.6
2022-07-04 03:00:00,0.0,1014.7,21.7,130.0,25.9,0.755763,65.0,28.9
2022-07-04 04:00:00,0.0,1015.2,22.3,150.0,27.7,0.717785,72.0,27.8
2022-07-04 05:00:00,0.0,1015.2,22.3,160.0,25.9,0.664304,72.0,27.8
2022-07-04 06:00:00,0.0,1015.6,22.2,140.0,13.0,0.604023,79.0,26.1
2022-07-04 07:00:00,0.0,1015.6,22.2,140.0,13.0,0.54109,79.0,26.1
2022-07-04 08:00:00,0.0,1015.3,22.9,160.0,24.1,0.492739,85.0,25.6
2022-07-04 09:00:00,0.0,1015.3,22.9,160.0,24.1,0.453435,85.0,25.6
2022-07-04 10:00:00,0.0,1015.5,22.3,180.0,14.8,0.449977,82.0,25.6
2022-07-04 11:00:00,0.0,1015.5,22.3,160.0,14.8,0.438854,85.0,25.0
2022-07-04 12:00:00,0.0,1016.0,22.3,170.0,18.4,0.418165,82.0,25.6
2022-07-04 13:00:00,0.0,1016.1,22.2,150.0,24.1,0.427501,74.0,27.2
2022-07-04 14:00:00,0.0,1016.1,22.2,150.0,24.1,0.468592,74.0,27.2
2022-07-04 15:00:00,0.0,1016.3,21.1,180.0,22.3,0.527029,59.0,30.0
2022-07-04 16:00:00,0.0,1016.3,20.6,180.0,16.6,0.594398,52.0,31.7
2022-07-04 17:00:00,0.0,1015.9,20.1,180.0,16.6,0.643096,46.0,33.3
2022-07-04 18:00:00,0.0,1015.2,19.0,170.0,25.9,0.714615,39.0,35.0
2022-07-04 19:00:00,0.0,1014.1,17.8,180.0,24.1,0.723317,34.0,36.1
2022-07-04 20:00:00,0.0,1014.1,17.8,200.0,25.9,0.760201,34.0,36.1
2022-07-04 21:00:00,0.0,1012.4,17.3,170.0,16.6,0.789995,31.0,37.2
2022-07-04 22:00:00,0.0,1011.9,17.8,140.0,29.5,0.807112,32.0,37.2
2022-07-04 23:00:00,0.0,1011.7,19.1,130.0,27.7,0.920874,37.0,36.1
2022-07-05 00:00:00,0.0,1011.7,19.1,130.0,27.7,0.92168,37.0,36.1
2022-07-05 01:00:00,0.0,1012.7,20.0,130.0,27.7,0.894018,47.0,32.8
2022-07-05 02:00:00,0.0,1012.7,20.0,130.0,40.7,0.859555,47.0,32.8
2022-07-05 03:00:00,0.0,1014.8,21.6,130.0,27.7,0.804172,63.0,29.4
2022-07-05 04:00:00,0.0,1014.8,21.6,130.0,27.7,0.75778,63.0,29.4
2022-07-05 05:00:00,0.0,1015.6,21.8,150.0,22.3,0.692658,70.0,27.8
2022-07-05 06:00:00,0.0,1015.6,21.8,150.0,22.3,0.617393,70.0,27.8
2022-07-05 07:00:00,0.0,1015.4,21.7,160.0,18.4,0.546796,74.0,26.7
2022-07-05 08:00:00,0.0,1014.9,22.8,160.0,18.4,0.50876,82.0,26.1
2022-07-05 09:00:00,0.0,1014.9,22.8,160.0,18.4,0.489627,82.0,26.1
2022-07-05 10:00:00,0.0,1014.9,22.2,170.0,16.6,0.489742,79.0,26.1
2022-07-05 11:00:00,0.0,1015.0,22.3,170.0,14.8,0.492105,82.0,25.6
2022-07-05 12:00:00,0.0,1015.1,22.2,170.0,14.8,0.482769,79.0,26.1
2022-07-05 13:00:00,0.0,1015.7,22.2,160.0,25.9,0.474182,74.0,27.2
2022-07-05 14:00:00,0.0,1015.7,22.2,160.0,25.9,0.488704,74.0,27.2
2022-07-05 15:00:00,0.0,1015.6,21.6,180.0,14.8,0.514926,63.0,29.4
2022-07-05 16:00:00,0.0,1015.1,21.3,180.0,9.4,0.559244,54.0,31.7
2022-07-05 17:00:00,0.0,1014.5,20.5,140.0,13.0,0.646784,47.0,33.3
2022-07-05 18:00:00,0.0,1013.8,19.4,140.0,13.0,0.679288,40.0,35.0
2022-07-05 19:00:00,0.0,1013.8,19.4,160.0,24.1,0.735938,40.0,35.0
2022-07-05 20:00:00,0.0,1012.0,19.2,120.0,20.5,0.728734,36.0,36.7
2022-07-05 21:00:00,0.0,1012.0,19.2,120.0,20.5,0.769537,36.0,36.7
2022-07-05 22:00:00,0.0,1010.4,17.8,130.0,20.5,0.82175,32.0,37.2
2022-07-05 23:00:00,0.0,1010.4,17.8,130.0,20.5,0.864166,32.0,37.2
2022-07-06 00:00:00,0.0,1010.2,17.8,150.0,18.4,0.937183,35.0,35.6
2022-07-06 01:00:00,0.0,1010.8,20.1,130.0,25.9,0.920931,46.0,33.3
2022-07-06 02:00:00,0.0,1011.9,21.3,130.0,25.9,0.898859,54.0,31.7
2022-07-06 03:00:00,0.0,1012.9,21.1,140.0,27.7,0.863474,59.0,30.0
2022-07-06 04:00:00,0.0,1012.9,21.1,140.0,27.7,0.7855,59.0,30.0
2022-07-06 05:00:00,0.0,1013.6,22.2,150.0,20.5,0.704645,74.0,27.2
2022-07-06 06:00:00,0.0,1013.7,22.8,150.0,16.6,0.626383,79.0,26.7
2022-07-06 07:00:00,0.0,1013.5,22.2,170.0,24.1,0.557803,79.0,26.1
2022-07-06 08:00:00,0.0,1013.1,22.3,180.0,14.8,0.510777,82.0,25.6
2022-07-06 09:00:00,0.0,1013.1,22.3,180.0,14.8,0.479945,82.0,25.6
2022-07-06 10:00:00,0.0,1013.7,22.3,160.0,16.6,0.465998,82.0,25.6
2022-07-06 11:00:00,0.0,1013.9,22.3,190.0,14.8,0.476141,82.0,25.6
2022-07-06 12:00:00,0.0,1013.9,22.3,190.0,14.8,0.479023,82.0,25.6
2022-07-06 13:00:00,0.0,1014.5,21.8,190.0,18.4,0.478273,70.0,27.8
2022-07-06 14:00:00,0.0,1014.5,21.8,190.0,18.4,0.501498,70.0,27.8
2022-07-06 15:00:00,0.0,1014.4,20.7,200.0,14.8,0.554115,54.0,31.1
2022-07-06 16:00:00,0.0,1014.1,20.0,0.0,0.0,0.602409,47.0,32.8
2022-07-06 17:00:00,0.0,1013.5,18.4,180.0,14.8,0.657042,40.0,33.9
2022-07-06 18:00:00,0.0,1012.7,19.1,180.0,11.2,0.679922,38.0,35.6
2022-07-06 19:00:00,0.0,1012.7,19.1,162.0,11.2,0.737437,38.0,35.6
2022-07-06 20:00:00,0.0,1011.3,18.2,210.0,11.2,0.770113,33.0,37.2
2022-07-06 21:00:00,0.0,1010.8,17.3,160.0,14.8,0.838174,30.0,37.8
2022-07-06 22:00:00,0.0,1010.8,17.3,160.0,14.8,0.884509,30.0,37.8
2022-07-06 23:00:00,0.0,1010.4,17.8,170.0,14.8,0.934186,32.0,37.2
2022-07-07 00:00:00,0.0,1009.9,17.8,170.0,14.8,0.933149,33.0,36.7
2022-07-07 01:00:00,0.0,1010.4,19.6,150.0,22.3,0.91465,43.0,33.9
2022-07-07 02:00:00,0.0,1011.2,20.0,140.0,27.7,0.915802,50.0,31.7
2022-07-07 03:00:00,0.0,1012.1,21.1,140.0,27.7,0.857769,59.0,30.0
2022-07-07 04:00:00,0.0,1012.1,21.1,140.0,27.7,0.77674,59.0,30.0
2022-07-07 05:00:00,0.0,1013.3,21.6,150.0,20.5,0.69456,69.0,27.8
2022-07-07 06:00:00,0.0,1013.3,22.1,140.0,16.6,0.631051,76.0,26.7
2022-07-07 07:00:00,0.0,1013.5,22.1,170.0,13.0,0.571173,76.0,26.7
2022-07-07 08:00:00,0.0,1013.4,22.2,160.0,14.8,0.524205,79.0,26.1
2022-07-07 09:00:00,0.0,1013.4,22.2,160.0,14.8,0.493949,79.0,26.1
2022-07-07 10:00:00,0.0,1013.6,22.2,170.0,13.0,0.489281,79.0,26.1
2022-07-07 11:00:00,0.0,1014.2,22.3,170.0,14.8,0.493661,82.0,25.6
2022-07-07 12:00:00,0.0,1014.2,22.3,170.0,14.8,0.467151,82.0,25.6
2022-07-07 13:00:00,0.0,1014.9,22.3,160.0,16.6,0.470378,72.0,27.8
2022-07-07 14:00:00,0.0,1014.9,22.3,160.0,16.6,0.512218,72.0,27.8
2022-07-07 15:00:00,0.0,1014.6,21.1,150.0,22.3,0.536365,57.0,30.6
2022-07-07 16:00:00,0.0,1014.3,20.6,150.0,9.4,0.590018,52.0,31.7
2022-07-07 17:00:00,0.0,1014.0,19.6,150.0,18.4,0.638831,43.0,33.9
2022-07-07 18:00:00,0.0,1014.0,19.6,150.0,18.4,0.700092,43.0,33.9
2022-07-07 19:00:00,0.0,1012.4,17.3,110.0,13.0,0.731904,32.0,36.7
2022-07-07 20:00:00,0.0,1012.0,17.3,110.0,18.4,0.756685,30.0,37.8
2022-07-07 21:00:00,0.0,1012.0,17.3,110.0,18.4,0.827513,30.0,37.8
2022-07-07 22:00:00,0.0,1011.4,16.7,150.0,16.6,0.859728,30.0,37.2
2022-07-07 23:00:00,0.0,1010.9,15.6,110.0,16.6,0.911711,27.0,37.8
2022-07-08 00:00:00,0.0,1010.4,16.8,130.0,20.5,0.927905,32.0,36.1
2022-07-08 01:00:00,0.0,1010.4,16.8,130.0,20.5,0.91269,32.0,36.1
2022-07-08 02:00:00,0.0,1011.5,20.5,130.0,31.7,0.894825,50.0,32.2
2022-07-08 03:00:00,0.0,1011.5,20.5,130.0,31.7,0.854195,50.0,32.2
2022-07-08 04:00:00,0.0,1012.8,21.7,150.0,20.5,0.79743,59.0,30.6
2022-07-08 05:00:00,0.0,1013.7,22.3,140.0,20.5,0.716229,70.0,28.3
2022-07-08 06:00:00,0.0,1014.2,22.3,150.0,20.5,0.639984,72.0,27.8
2022-07-08 07:00:00,0.0,1014.4,22.8,160.0,14.8,0.591459,79.0,26.7
2022-07-08 08:00:00,0.0,1014.3,22.8,140.0,9.4,0.531005,79.0,26.7
2022-07-08 09:00:00,0.0,1014.3,22.8,140.0,9.4,0.486226,79.0,26.7
2022-07-08 10:00:00,0.0,1014.5,22.8,150.0,11.2,0.48127,82.0,26.1
2022-07-08 11:00:00,0.0,1015.3,22.8,160.0,14.8,0.491644,82.0,26.1
2022-07-08 12:00:00,0.0,1015.7,22.8,170.0,13.0,0.488532,79.0,26.7
2022-07-08 13:00:00,0.0,1015.7,22.8,170.0,13.0,0.514119,79.0,26.7
2022-07-08 14:00:00,0.0,1016.4,21.6,170.0,18.4,0.520632,63.0,29.4
2022-07-08 15:00:00,0.0,1016.4,21.6,170.0,18.4,0.564373,63.0,29.4
2022-07-08 16:00:00,0.0,1016.1,20.7,187.0,11.2,0.618603,49.0,32.8
2022-07-08 17:00:00,0.0,1015.5,21.3,130.0,13.0,0.666609,45.0,35.0
2022-07-08 18:00:00,0.0,1015.5,21.3,130.0,13.0,0.673006,45.0,35.0
2022-07-08 19:00:00,0.0,1014.6,19.2,169.0,11.2,0.731846,36.0,36.7
2022-07-08 20:00:00,0.0,1014.3,18.8,161.0,11.2,0.753631,33.0,37.8
2022-07-08 21:00:00,0.0,1014.3,18.8,170.0,11.2,0.801579,33.0,37.8
2022-07-08 22:00:00,0.0,1013.2,17.7,130.0,16.6,0.816332,30.0,38.3
2022-07-08 23:00:00,0.0,1013.2,17.7,130.0,16.6,0.87938,30.0,38.3
2022-07-09 00:00:00,0.0,1012.5,17.3,160.0,16.6,0.949574,32.0,36.7
2022-07-09 01:00:00,0.0,1012.4,17.3,130.0,18.4,0.955509,35.0,35.0
2022-07-09 02:00:00,0.0,1013.3,19.9,130.0,18.4,0.914707,44.0,33.9
2022-07-09 03:00:00,0.0,1013.3,19.9,140.0,29.5,0.870793,44.0,33.9
2022-07-09 04:00:00,0.0,1015.5,20.5,150.0,18.4,0.820251,55.0,30.6
2022-07-09 05:00:00,0.0,1015.7,20.1,170.0,18.4,0.753458,59.0,28.9
2022-07-09 06:00:00,0.0,1015.7,20.1,170.0,18.4,0.680095,59.0,28.9
2022-07-09 07:00:00,0.0,1016.0,22.3,170.0,20.5,0.590076,72.0,27.8
2022-07-09 08:00:00,0.0,1016.0,22.3,170.0,20.5,0.539534,72.0,27.8
2022-07-09 09:00:00,0.0,1016.1,21.7,170.0,11.2,0.511526,74.0,26.7
2022-07-09 10:00:00,0.0,1016.5,21.8,180.0,14.8,0.482826,77.0,26.1
2022-07-09 11:00:00,0.0,1016.8,21.8,180.0,13.0,0.471185,77.0,26.1
2022-07-09 12:00:00,0.0,1017.3,22.1,180.0,13.0,0.454011,76.0,26.7
2022-07-09 13:00:00,0.0,1017.3,22.1,180.0,13.0,0.450669,76.0,26.7
2022-07-09 14:00:00,0.0,1017.6,20.6,190.0,13.0,0.494467,59.0,29.4
2022-07-09 15:00:00,0.0,1017.4,19.3,210.0,9.4,0.551176,48.0,31.7
2022-07-09 16:00:00,0.0,1017.3,18.4,0.0,0.0,0.611976,40.0,33.9
2022-07-09 17:00:00,0.0,1017.3,18.4,0.0,0.0,0.680152,40.0,33.9
2022-07-09 18:00:00,0.0,1016.2,16.2,160.0,11.2,0.74222,29.0,37.2
2022-07-09 19:00:00,0.0,1015.0,16.3,200.0,9.4,0.787921,30.0,36.7
2022-07-09 20:00:00,0.0,1014.4,16.5,110.0,13.0,0.795931,27.0,38.9
2022-07-09 21:00:00,0.0,1014.4,16.5,110.0,13.0,0.837598,27.0,38.9
2022-07-09 22:00:00,0.0,1012.8,14.4,90.0,14.8,0.861053,23.0,39.4
2022-07-09 23:00:00,0.0,1012.8,14.4,90.0,14.8,0.879438,23.0,39.4
2022-07-10 00:00:00,0.0,1012.8,14.7,130.0,18.4,0.88474,24.0,38.9
2022-07-10 01:00:00,0.0,1012.9,13.8,150.0,16.6,0.905141,24.0,37.8
2022-07-10 02:00:00,0.0,1013.1,13.8,150.0,11.2,0.805671,28.0,35.0
2022-07-10 03:00:00,0.0,1014.4,18.2,150.0,11.2,0.819848,42.0,32.8
2022-07-10 04:00:00,0.0,1014.4,18.2,160.0,24.1,0.762448,42.0,32.8
2022-07-10 05:00:00,0.0,1014.7,18.4,180.0,11.2,0.709025,50.0,30.0
2022-07-10 06:00:00,0.0,1014.5,19.5,170.0,7.6,0.640618,57.0,28.9
2022-07-10 07:00:00,0.0,1014.6,19.0,230.0,7.6,0.598893,55.0,28.9
2022-07-10 08:00:00,0.0,1014.6,19.0,230.0,7.6,0.539995,55.0,28.9
2022-07-10 09:00:00,0.0,1014.3,20.1,220.0,7.6,0.477178,63.0,27.8
2022-07-10 10:00:00,0.0,1014.5,20.5,220.0,9.4,0.445482,67.0,27.2
2022-07-10 11:00:00,0.0,1014.6,21.0,210.0,7.6,0.425484,71.0,26.7
2022-07-10 12:00:00,0.0,1015.1,21.1,210.0,9.4,0.410904,67.0,27.8
2022-07-10 13:00:00,0.0,1015.1,21.1,210.0,9.4,0.434532,67.0,27.8
2022-07-10 14:00:00,0.0,1015.1,20.1,230.0,16.6,0.473202,49.0,32.2
2022-07-10 15:00:00,0.0,1014.9,20.1,270.0,13.0,0.578492,46.0,33.3
2022-07-10 16:00:00,0.0,1014.4,19.1,240.0,13.0,0.64834,37.0,36.1
2022-07-10 17:00:00,0.0,1014.4,19.1,240.0,13.0,0.712483,37.0,36.1
2022-07-10 18:00:00,0.0,1012.8,17.1,0.0,11.2,0.790226,29.0,38.3
2022-07-10 19:00:00,0.0,1011.6,17.5,166.0,11.2,0.843707,27.0,40.0
2022-07-10 20:00:00,0.0,1011.6,17.5,170.0,11.2,0.880187,27.0,40.0
2022-07-10 21:00:00,0.0,1010.6,17.0,170.0,14.8,0.898225,27.0,39.4
2022-07-10 22:00:00,0.0,1010.4,18.3,40.0,27.7,0.924274,32.0,37.8
2022-07-10 23:00:00,0.0,1008.6,17.0,60.0,11.2,0.965191,27.0,39.4
2022-07-11 00:00:00,0.0,1008.5,17.3,110.0,9.4,0.985477,31.0,37.2
2022-07-11 01:00:00,0.0,1008.5,17.3,110.0,9.4,0.938278,31.0,37.2
2022-07-11 02:00:00,0.0,1009.0,19.6,340.0,9.4,0.957584,43.0,33.9
2022-07-11 03:00:00,0.0,1009.0,19.6,340.0,9.4,0.892635,43.0,33.9
2022-07-11 04:00:00,0.0,1010.6,19.9,160.0,13.0,0.812759,44.0,33.9
2022-07-11 05:00:00,0.0,1010.5,20.5,180.0,9.4,0.727236,50.0,32.2
2022-07-11 06:00:00,0.0,1009.8,20.1,180.0,11.2,0.665802,52.0,31.1
2022-07-11 07:00:00,0.0,1009.8,20.1,180.0,11.2,0.622061,52.0,31.1
2022-07-11 08:00:00,0.0,1009.7,20.0,210.0,13.0,0.587771,55.0,30.0
2022-07-11 09:00:00,0.0,1009.9,20.1,200.0,16.6,0.549447,59.0,28.9
2022-07-11 10:00:00,0.0,1009.9,20.1,230.0,9.4,0.538612,61.0,28.3
2022-07-11 11:00:00,0.0,1009.9,20.6,200.0,7.6,0.546738,63.0,28.3
2022-07-11 12:00:00,0.0,1010.2,20.6,190.0,13.0,0.517865,61.0,28.9
2022-07-11 13:00:00,0.0,1010.2,20.6,190.0,13.0,0.234613,61.0,28.9
2022-07-11 14:00:00,0.0,1010.3,21.1,200.0,13.0,0.54184,52.0,32.2
2022-07-11 15:00:00,0.0,1010.3,20.0,250.0,13.0,0.622349,43.0,34.4
2022-07-11 16:00:00,0.0,1010.1,19.5,170.0,9.4,0.683552,38.0,36.1
2022-07-11 17:00:00,0.0,1010.1,19.5,170.0,9.4,0.75899,38.0,36.1
2022-07-11 18:00:00,0.0,1008.7,17.1,196.0,7.6,0.77334,28.0,38.9
2022-07-11 19:00:00,0.0,1007.6,16.9,210.0,7.6,0.827859,26.0,40.0
2022-07-11 20:00:00,0.0,1007.6,16.9,210.0,7.6,0.867681,26.0,40.0
2022-07-11 21:00:00,0.0,1006.1,14.8,185.0,7.6,0.874135,22.0,40.6
2022-07-11 22:00:00,0.0,1006.1,14.8,146.0,7.6,0.929115,22.0,40.6
2022-07-11 23:00:00,0.0,1005.3,17.0,60.0,13.0,1.0,27.0,39.4
2022-07-12 00:00:00,0.0,1005.3,17.0,60.0,13.0,0.996485,27.0,39.4
2022-07-12 01:00:00,0.0,1005.2,16.6,100.0,13.0,0.949458,28.0,38.3
2022-07-12 02:00:00,0.0,1005.4,16.2,140.0,18.4,0.94139,29.0,37.2
2022-07-12 03:00:00,0.0,1006.6,20.2,140.0,22.3,0.933149,42.0,35.0
2022-07-12 04:00:00,0.0,1008.8,19.3,150.0,22.3,0.863705,48.0,31.7
2022-07-12 05:00:00,0.0,1009.3,20.6,140.0,18.4,0.78112,57.0,30.0
2022-07-12 06:00:00,0.0,1009.4,20.0,150.0,16.6,0.701879,57.0,29.4
2022-07-12 07:00:00,0.0,1009.4,20.0,150.0,16.6,0.643269,57.0,29.4
2022-07-12 08:00:00,0.0,1009.2,20.6,180.0,11.2,0.580164,63.0,28.3
2022-07-12 09:00:00,0.0,1009.4,20.6,150.0,9.4,0.527893,63.0,28.3
2022-07-12 10:00:00,0.0,1009.6,21.0,140.0,9.4,0.518096,69.0,27.2
2022-07-12 11:00:00,0.0,1010.4,21.7,120.0,11.2,0.511007,72.0,27.2
2022-07-12 12:00:00,0.0,1010.4,21.7,120.0,11.2,0.510201,72.0,27.2
2022-07-12 13:00:00,0.0,1010.9,22.7,160.0,7.6,0.4932,74.0,27.8
2022-07-12 14:00:00,0.0,1011.0,22.9,260.0,5.4,0.533022,68.0,29.4
2022-07-12 15:00:00,0.0,1011.0,21.6,240.0,7.6,0.550657,57.0,31.1
2022-07-12 16:00:00,0.0,1011.3,18.3,160.0,9.4,0.590134,41.0,33.3
2022-07-12 17:00:00,0.0,1011.3,18.3,160.0,9.4,0.650415,41.0,33.3
2022-07-12 18:00:00,0.0,1010.3,16.2,150.0,13.0,0.740145,29.0,37.2
2022-07-12 19:00:00,0.0,1009.4,17.3,150.0,11.2,0.761123,30.0,37.8
2022-07-12 20:00:00,0.0,1008.6,19.2,160.0,11.2,0.760546,31.0,39.4
2022-07-12 21:00:00,0.0,1008.6,19.2,160.0,20.5,0.818292,31.0,39.4
2022-07-12 22:00:00,0.0,1007.8,17.0,130.0,22.3,0.883817,27.0,39.4
2022-07-12 23:00:00,0.0,1007.2,16.9,120.0,13.0,0.969744,26.0,40.0
2022-07-13 00:00:00,0.0,1007.3,17.0,120.0,11.2,0.976544,27.0,39.4
2022-07-13 01:00:00,0.0,1008.6,17.3,130.0,16.6,0.963289,33.0,36.1
2022-07-13 02:00:00,0.0,1008.6,17.3,130.0,16.6,0.88716,33.0,36.1
2022-07-13 03:00:00,0.0,1011.1,20.0,140.0,24.1,0.900934,47.0,32.8
2022-07-13 04:00:00,0.0,1011.8,20.0,180.0,18.4,0.83731,50.0,31.7
2022-07-13 05:00:00,0.0,1011.8,18.3,190.0,16.6,0.752593,48.0,30.6
2022-07-13 06:00:00,0.0,1011.8,19.4,160.0,14.8,0.686434,53.0,30.0
2022-07-13 07:00:00,0.0,1011.8,19.4,160.0,14.8,0.612148,53.0,30.0
2022-07-13 08:00:00,0.0,1012.1,22.8,170.0,11.2,0.569387,72.0,28.3
2022-07-13 09:00:00,0.0,1012.5,22.7,150.0,9.4,0.526856,74.0,27.8
2022-07-13 10:00:00,0.0,1012.6,22.2,190.0,9.4,0.516252,74.0,27.2
2022-07-13 11:00:00,0.0,1013.4,22.2,190.0,7.6,0.536883,74.0,27.2
2022-07-13 12:00:00,0.0,1013.4,22.2,190.0,7.6,0.512679,74.0,27.2
2022-07-13 13:00:00,0.0,1014.1,22.9,140.0,13.0,0.529622,68.0,29.4
2022-07-13 14:00:00,0.0,1014.3,22.1,120.0,9.4,0.560396,59.0,31.1
2022-07-13 15:00:00,0.0,1014.0,20.5,200.0,9.4,0.587598,50.0,32.2
2022-07-13 16:00:00,0.0,1014.3,18.9,200.0,9.4,0.643903,40.0,34.4
2022-07-13 17:00:00,0.0,1013.9,19.1,100.0,9.4,0.649378,37.0,36.1
2022-07-13 18:00:00,0.0,1013.9,19.1,100.0,9.4,0.699689,37.0,36.1
2022-07-13 19:00:00,0.0,1012.7,18.2,90.0,9.4,0.774378,30.0,38.9
2022-07-13 20:00:00,0.0,1012.1,17.1,130.0,16.6,0.858575,28.0,38.9
2022-07-13 21:00:00,0.0,1012.1,17.1,130.0,16.6,0.844687,28.0,38.9
2022-07-13 22:00:00,0.0,1011.5,16.5,120.0,16.6,0.9003,27.0,38.9
2022-07-13 23:00:00,0.0,1011.0,15.9,80.0,18.4,0.941275,26.0,38.9
2022-07-14 00:00:00,0.0,1010.7,16.8,130.0,20.5,0.916033,32.0,36.1
2022-07-14 01:00:00,0.0,1011.4,16.8,140.0,16.6,0.925138,34.0,35.0
2022-07-14 02:00:00,0.0,1011.4,16.8,140.0,16.6,0.885373,34.0,35.0
2022-07-14 03:00:00,0.0,1012.9,21.3,150.0,25.9,0.858979,54.0,31.7
2022-07-14 04:00:00,0.0,1013.3,19.3,160.0,16.6,0.798064,51.0,30.6
2022-07-14 05:00:00,0.0,1013.9,20.6,160.0,16.6,0.727236,59.0,29.4
2022-07-14 06:00:00,0.0,1013.9,20.6,160.0,16.6,0.663843,59.0,29.4
2022-07-14 07:00:00,0.0,1014.5,20.1,180.0,9.4,0.595493,63.0,27.8
2022-07-14 08:00:00,0.0,1014.4,20.1,190.0,13.0,0.550311,63.0,27.8
2022-07-14 09:00:00,0.0,1014.4,20.5,200.0,13.0,0.515272,67.0,27.2
2022-07-14 10:00:00,0.0,1014.4,20.7,180.0,11.2,0.482423,72.0,26.1
2022-07-14 11:00:00,0.0,1014.8,20.7,180.0,7.6,0.474239,72.0,26.1
2022-07-14 12:00:00,0.0,1014.8,20.7,180.0,7.6,0.465191,72.0,26.1
2022-07-14 13:00:00,0.0,1016.6,21.8,170.0,13.0,0.485708,70.0,27.8
2022-07-14 14:00:00,0.0,1016.5,22.2,140.0,9.4,0.529391,67.0,28.9
2022-07-14 15:00:00,0.0,1016.1,21.7,180.0,5.4,0.553884,59.0,30.6
2022-07-14 16:00:00,0.0,1016.1,21.7,180.0,5.4,0.622925,59.0,30.6
2022-07-14 17:00:00,0.0,1015.3,18.1,200.0,9.4,0.675311,37.0,35.0
2022-07-14 18:00:00,0.0,1014.7,18.2,200.0,11.2,0.747176,35.0,36.1
2022-07-14 19:00:00,0.0,1013.6,16.7,120.0,16.6,0.757838,29.0,37.8
2022-07-14 20:00:00,0.0,1012.9,17.8,150.0,9.4,0.830682,31.0,37.8
2022-07-14 21:00:00,0.0,1012.9,17.8,150.0,9.4,0.861687,31.0,37.8
2022-07-14 22:00:00,0.0,1011.8,17.3,130.0,18.4,0.951936,30.0,37.8
2022-07-14 23:00:00,0.0,1011.8,17.3,130.0,18.4,0.974585,30.0,37.8
2022-07-15 00:00:00,0.0,1015.4,20.0,360.0,13.0,0.891079,69.0,26.1
2022-07-15 01:00:00,0.0,1015.4,19.5,300.0,11.2,0.753112,67.0,26.1
2022-07-15 02:00:00,0.0,1015.4,19.5,300.0,11.2,0.704933,67.0,26.1
2022-07-15 03:00:00,0.0,1016.1,18.8,0.0,0.0,0.660731,62.0,26.7
2022-07-15 04:00:00,0.0,1015.9,19.0,0.0,0.0,0.610881,65.0,26.1
2022-07-15 05:00:00,0.0,1015.9,20.6,340.0,7.6,0.543684,74.0,25.6
2022-07-15 06:00:00,0.0,1015.7,20.0,330.0,5.4,0.519767,71.0,25.6
2022-07-15 07:00:00,0.0,1015.7,20.0,330.0,5.4,0.475738,71.0,25.6
2022-07-15 08:00:00,0.0,1015.0,19.5,10.0,5.4,0.441448,74.0,24.4
2022-07-15 09:00:00,0.0,1015.2,19.5,50.0,7.6,0.41828,74.0,24.4
2022-07-15 10:00:00,0.0,1015.7,19.4,70.0,5.4,0.408541,76.0,23.9
2022-07-15 11:00:00,0.0,1015.7,19.4,70.0,5.4,0.42583,76.0,23.9
2022-07-15 12:00:00,0.0,1016.7,20.0,70.0,9.4,0.425426,71.0,25.6
2022-07-15 13:00:00,0.0,1017.0,20.5,70.0,7.6,0.431017,69.0,26.7
2022-07-15 14:00:00,0.0,1017.0,21.1,158.0,9.4,0.44819,65.0,28.3
2022-07-15 15:00:00,0.0,1016.5,20.5,30.0,7.6,0.483287,55.0,30.6
2022-07-15 16:00:00,0.0,1016.5,20.5,30.0,7.6,0.528181,55.0,30.6
2022-07-15 17:00:00,0.0,1016.2,19.4,110.0,16.6,0.588001,44.0,33.3
2022-07-15 18:00:00,0.0,1015.7,18.5,130.0,14.8,0.671623,39.0,34.4
2022-07-15 19:00:00,0.0,1014.6,17.3,130.0,5.4,0.725219,34.0,35.6
2022-07-15 20:00:00,0.0,1014.5,21.7,120.0,5.4,0.762679,49.0,33.9
2022-07-15 21:00:00,0.0,1014.5,21.7,120.0,31.7,0.782042,49.0,33.9
2022-07-15 22:00:00,0.0,1017.0,20.0,140.0,27.7,0.779218,57.0,29.4
2022-07-15 23:00:00,0.0,1014.3,22.1,0.0,0.0,0.814834,76.0,26.7
2022-07-16 00:00:00,0.3,1014.1,22.1,120.0,13.0,0.805786,76.0,26.7
2022-07-16 01:00:00,0.0,1014.4,21.1,140.0,16.6,0.768326,65.0,28.3
2022-07-16 02:00:00,0.0,1014.4,21.1,140.0,16.6,0.751037,65.0,28.3
2022-07-16 03:00:00,0.0,1015.3,21.0,130.0,14.8,0.717842,71.0,26.7
2022-07-16 04:00:00,0.0,1015.7,21.8,140.0,18.4,0.671277,77.0,26.1
2022-07-16 05:00:00,0.0,1015.7,21.8,140.0,18.4,0.606616,77.0,26.1
2022-07-16 06:00:00,0.0,1015.7,22.3,160.0,18.4,0.560339,82.0,25.6
2022-07-16 07:00:00,0.0,1015.4,21.7,140.0,11.2,0.50559,82.0,25.0
2022-07-16 08:00:00,0.0,1015.4,22.1,160.0,9.4,0.449516,84.0,25.0
2022-07-16 09:00:00,0.0,1015.0,22.3,130.0,13.0,0.436261,85.0,25.0
2022-07-16 10:00:00,0.0,1015.0,22.1,150.0,13.0,0.416263,84.0,25.0
2022-07-16 11:00:00,0.0,1015.0,22.3,150.0,13.0,0.418626,85.0,25.0
2022-07-16 12:00:00,0.0,1015.8,22.3,180.0,11.2,0.421219,82.0,25.6
2022-07-16 13:00:00,0.0,1016.1,22.2,190.0,13.0,0.440756,79.0,26.1
2022-07-16 14:00:00,0.0,1016.2,21.7,180.0,7.6,0.470551,72.0,27.2
2022-07-16 15:00:00,0.0,1016.2,21.7,180.0,7.6,0.518153,72.0,27.2
2022-07-16 16:00:00,0.0,1015.8,21.1,0.0,0.0,0.571116,57.0,30.6
2022-07-16 17:00:00,0.0,1015.2,20.7,0.0,9.4,0.60725,49.0,32.8
2022-07-16 18:00:00,0.0,1014.4,20.0,172.0,7.6,0.662056,43.0,34.4
2022-07-16 19:00:00,0.0,1013.3,19.5,150.0,18.4,0.704818,39.0,35.6
2022-07-16 20:00:00,0.0,1013.3,19.5,150.0,18.4,0.801982,39.0,35.6
2022-07-16 21:00:00,0.0,1011.7,17.8,150.0,22.3,0.828492,33.0,36.7
2022-07-16 22:00:00,0.0,1011.3,17.3,150.0,22.3,0.856904,31.0,37.2
2022-07-16 23:00:00,0.0,1010.9,16.3,140.0,20.5,0.868257,30.0,36.7
2022-07-17 00:00:00,0.0,1010.7,17.3,140.0,20.5,0.86843,34.0,35.6
2022-07-17 01:00:00,0.0,1010.7,17.3,160.0,24.1,0.838117,34.0,35.6
2022-07-17 02:00:00,0.0,1011.8,20.7,150.0,29.5,0.818983,54.0,31.1
2022-07-17 03:00:00,0.0,1012.7,20.6,140.0,27.7,0.785673,57.0,30.0
2022-07-17 04:00:00,0.0,1013.5,19.5,140.0,25.9,0.74245,57.0,28.9
2022-07-17 05:00:00,0.0,1013.5,18.8,150.0,18.4,0.68361,58.0,27.8
2022-07-17 06:00:00,0.0,1013.5,18.8,150.0,18.4,0.61261,58.0,27.8
2022-07-17 07:00:00,0.0,1013.2,18.8,160.0,14.8,0.564431,62.0,26.7
2022-07-17 08:00:00,0.0,1013.4,19.5,180.0,9.4,0.495908,69.0,25.6
2022-07-17 09:00:00,0.0,1013.7,19.0,0.0,0.0,0.448997,67.0,25.6
2022-07-17 10:00:00,0.0,1013.7,18.9,180.0,7.6,0.415284,69.0,25.0
2022-07-17 11:00:00,0.0,1013.7,18.9,180.0,7.6,0.391828,69.0,25.0
2022-07-17 12:00:00,0.0,1014.3,19.5,210.0,14.8,0.377651,69.0,25.6
2022-07-17 13:00:00,0.0,1014.4,18.8,200.0,11.2,0.382434,62.0,26.7
2022-07-17 14:00:00,0.0,1014.3,19.0,160.0,13.0,0.425369,55.0,28.9
2022-07-17 15:00:00,0.0,1014.0,18.3,160.0,11.2,0.478677,48.0,30.6
2022-07-17 16:00:00,0.0,1014.0,18.3,190.0,11.2,0.526856,48.0,30.6
2022-07-17 17:00:00,0.0,1013.4,11.5,160.0,16.6,0.592151,25.0,34.4
2022-07-17 18:00:00,0.0,1012.5,10.3,190.0,14.8,0.643154,21.0,36.1
2022-07-17 19:00:00,0.0,1011.9,11.2,190.0,11.2,0.690641,21.0,37.2
2022-07-17 20:00:00,0.0,1011.9,11.2,190.0,11.2,0.766021,21.0,37.2
2022-07-17 21:00:00,0.0,1010.9,12.1,140.0,20.5,0.804979,21.0,38.3
2022-07-17 22:00:00,0.0,1010.5,11.4,140.0,20.5,0.873444,20.0,38.3
2022-07-17 23:00:00,0.0,1010.4,12.4,160.0,20.5,0.885201,22.0,37.8
2022-07-18 00:00:00,0.0,1010.6,13.0,130.0,20.5,0.878515,25.0,36.1
2022-07-18 01:00:00,0.0,1010.6,13.0,130.0,20.5,0.891943,25.0,36.1
2022-07-18 02:00:00,0.0,1011.6,17.7,140.0,16.6,0.839961,42.0,32.2
2022-07-18 03:00:00,0.0,1012.5,18.4,150.0,31.7,0.811031,50.0,30.0
2022-07-18 04:00:00,0.0,1012.9,20.1,150.0,20.5,0.733575,59.0,28.9
2022-07-18 05:00:00,0.0,1012.9,20.1,150.0,20.5,0.660558,59.0,28.9
2022-07-18 06:00:00,0.0,1013.1,21.0,170.0,14.8,0.615779,71.0,26.7
2022-07-18 07:00:00,0.0,1012.8,20.5,180.0,9.4,0.55302,69.0,26.7
2022-07-18 08:00:00,0.0,1013.0,20.7,180.0,9.4,0.5,72.0,26.1
2022-07-18 09:00:00,0.0,1013.2,21.1,180.0,9.4,0.474297,76.0,25.6
2022-07-18 10:00:00,0.0,1013.5,21.1,190.0,13.0,0.455567,76.0,25.6
2022-07-18 11:00:00,0.0,1013.5,21.1,190.0,13.0,0.451475,76.0,25.6
2022-07-18 12:00:00,0.0,1014.3,21.7,200.0,13.0,0.432573,79.0,25.6
2022-07-18 13:00:00,0.0,1014.7,22.1,190.0,11.2,0.433898,76.0,26.7
2022-07-18 14:00:00,0.0,1014.9,21.1,200.0,13.0,0.476083,65.0,28.3
2022-07-18 15:00:00,0.0,1014.9,21.1,200.0,13.0,0.533598,65.0,28.3
2022-07-18 16:00:00,0.0,1014.3,19.5,210.0,14.8,0.57198,47.0,32.2
2022-07-18 17:00:00,0.0,1013.9,18.4,230.0,7.6,0.631858,40.0,33.9
2022-07-18 18:00:00,0.0,1013.2,17.3,170.0,14.8,0.686952,33.0,36.1
2022-07-18 19:00:00,0.0,1012.5,16.8,210.0,14.8,0.75121,31.0,36.7
2022-07-18 20:00:00,0.0,1012.5,16.8,210.0,14.8,0.726833,31.0,36.7
2022-07-18 21:00:00,0.0,1011.1,15.0,100.0,9.4,0.793914,26.0,37.8
2022-07-18 22:00:00,0.0,1010.6,14.4,110.0,14.8,0.862667,25.0,37.8
2022-07-18 23:00:00,0.0,1010.2,15.1,140.0,20.5,0.890675,27.0,37.2
2022-07-19 00:00:00,0.0,1010.2,14.7,150.0,14.8,0.887506,27.0,36.7
2022-07-19 01:00:00,0.0,1010.2,14.7,150.0,14.8,0.886123,27.0,36.7
2022-07-19 02:00:00,0.0,1011.1,19.3,150.0,22.3,0.890618,45.0,32.8
2022-07-19 03:00:00,0.0,1012.1,18.3,160.0,31.7,0.851602,48.0,30.6
2022-07-19 04:00:00,0.0,1012.8,19.4,150.0,20.5,0.783944,55.0,29.4
2022-07-19 05:00:00,0.0,1012.8,19.4,150.0,20.5,0.710869,55.0,29.4
2022-07-19 06:00:00,0.0,1012.6,21.7,160.0,20.5,0.64494,72.0,27.2
2022-07-19 07:00:00,0.0,1012.4,21.7,160.0,16.6,0.561146,74.0,26.7
2022-07-19 08:00:00,0.0,1012.5,22.2,170.0,13.0,0.519191,79.0,26.1
2022-07-19 09:00:00,0.0,1012.6,22.2,180.0,13.0,0.487898,79.0,26.1
2022-07-19 10:00:00,0.0,1012.6,22.2,180.0,13.0,0.472626,79.0,26.1
2022-07-19 11:00:00,0.0,1013.3,22.3,170.0,7.6,0.464846,82.0,25.6
2022-07-19 12:00:00,0.0,1013.8,22.2,160.0,11.2,0.47349,79.0,26.1
2022-07-19 13:00:00,0.0,1014.0,21.8,180.0,13.0,0.480751,70.0,27.8
2022-07-19 14:00:00,0.0,1013.7,21.6,180.0,16.6,0.505936,63.0,29.4
2022-07-19 15:00:00,0.0,1013.7,21.6,180.0,16.6,0.535558,63.0,29.4
2022-07-19 16:00:00,0.0,1013.1,21.0,170.0,14.8,0.589673,50.0,32.8
2022-07-19 17:00:00,0.0,1012.4,20.8,170.0,18.4,0.662056,45.0,34.4
2022-07-19 18:00:00,0.0,1011.5,19.5,170.0,11.2,0.700438,38.0,36.1
2022-07-19 19:00:00,0.0,1010.7,16.7,170.0,11.2,0.763025,30.0,37.2
2022-07-19 20:00:00,0.0,1010.7,16.7,170.0,11.2,0.76118,30.0,37.2
2022-07-19 21:00:00,0.0,1009.2,16.5,190.0,11.2,0.828838,27.0,38.9
2022-07-19 22:00:00,0.0,1008.7,15.9,160.0,18.4,0.8682,26.0,38.9
2022-07-19 23:00:00,0.0,1008.5,16.6,160.0,16.6,0.933207,28.0,38.3
2022-07-20 00:00:00,0.0,1008.5,16.6,160.0,16.6,0.986457,28.0,38.3
2022-07-20 01:00:00,0.0,1009.6,22.7,140.0,33.5,0.956374,54.0,33.3
2022-07-20 02:00:00,0.0,1010.2,22.7,150.0,33.5,0.91707,59.0,31.7
2022-07-20 03:00:00,0.0,1011.1,22.7,140.0,29.5,0.873329,65.0,30.0
2022-07-20 04:00:00,0.0,1011.7,22.9,140.0,22.3,0.803539,70.0,28.9
2022-07-20 05:00:00,0.0,1011.7,22.9,140.0,22.3,0.735189,70.0,28.9
2022-07-20 06:00:00,0.0,1011.6,22.7,150.0,16.6,0.666436,74.0,27.8
2022-07-20 07:00:00,0.0,1011.4,22.2,140.0,22.3,0.605867,74.0,27.2
2022-07-20 08:00:00,0.0,1011.5,22.1,160.0,14.8,0.56737,76.0,26.7
2022-07-20 09:00:00,0.0,1011.4,22.3,140.0,11.2,0.529161,82.0,25.6
2022-07-20 10:00:00,0.0,1011.4,22.3,140.0,11.2,0.486687,82.0,25.6
2022-07-20 11:00:00,0.0,1011.9,22.9,160.0,11.2,0.484728,85.0,25.6
2022-07-20 12:00:00,0.0,1012.1,22.8,170.0,16.6,0.473548,79.0,26.7
2022-07-20 13:00:00,0.0,1012.4,22.7,160.0,20.5,0.472856,74.0,27.8
2022-07-20 14:00:00,0.0,1012.4,22.7,160.0,20.5,0.510316,74.0,27.8
2022-07-20 15:00:00,0.0,1012.2,22.1,180.0,11.2,0.533137,59.0,31.1
2022-07-20 16:00:00,0.0,1012.1,22.1,160.0,18.4,0.606328,52.0,33.3
2022-07-20 17:00:00,0.0,1012.0,21.8,160.0,9.4,0.656697,48.0,34.4
2022-07-20 18:00:00,0.0,1011.0,21.2,90.0,7.6,0.736226,42.0,36.1
2022-07-20 19:00:00,0.0,1011.0,21.2,90.0,7.6,0.81737,42.0,36.1
2022-07-20 20:00:00,0.0,1009.1,17.7,110.0,7.6,0.792762,30.0,38.3
2022-07-20 21:00:00,0.0,1009.1,17.7,110.0,7.6,0.838059,30.0,38.3
2022-07-20 22:00:00,0.0,1008.2,18.2,100.0,18.4,0.871715,30.0,38.9
2022-07-20 23:00:00,0.0,1008.2,18.2,110.0,24.1,0.915629,30.0,38.9
2022-07-21 00:00:00,0.0,1008.5,20.7,140.0,35.3,0.95136,42.0,35.6
2022-07-21 01:00:00,0.0,1009.8,22.3,140.0,35.3,0.962252,54.0,32.8
2022-07-21 02:00:00,0.0,1009.8,22.3,120.0,35.3,0.930728,54.0,32.8
2022-07-21 03:00:00,0.0,1011.6,22.1,130.0,29.5,0.886987,65.0,29.4
2022-07-21 04:00:00,0.0,1011.7,22.3,130.0,20.5,0.811434,70.0,28.3
2022-07-21 05:00:00,0.0,1012.0,22.7,130.0,16.6,0.725104,74.0,27.8
2022-07-21 06:00:00,0.0,1011.8,22.7,140.0,22.3,0.663036,74.0,27.8
2022-07-21 07:00:00,0.0,1011.8,22.7,140.0,22.3,0.597568,74.0,27.8
2022-07-21 08:00:00,0.0,1011.2,22.7,160.0,20.5,0.568061,74.0,27.8
2022-07-21 09:00:00,0.0,1011.2,22.7,150.0,16.6,0.527432,74.0,27.8
2022-07-21 10:00:00,0.0,1011.1,22.8,160.0,16.6,0.536538,77.0,27.2
2022-07-21 11:00:00,0.0,1011.5,23.2,140.0,20.5,0.552674,79.0,27.2
2022-07-21 12:00:00,0.0,1011.5,23.2,140.0,20.5,0.52432,79.0,27.2
2022-07-21 13:00:00,0.0,1012.7,22.7,150.0,20.5,0.537921,74.0,27.8
2022-07-21 14:00:00,0.0,1013.1,22.8,170.0,16.6,0.538843,72.0,28.3
2022-07-21 15:00:00,0.0,1013.3,22.2,150.0,16.6,0.570136,67.0,28.9
2022-07-21 16:00:00,0.0,1013.6,22.1,150.0,13.0,0.585177,65.0,29.4
2022-07-21 17:00:00,0.0,1013.6,22.1,150.0,13.0,0.622464,65.0,29.4
2022-07-21 18:00:00,0.0,1012.2,22.1,90.0,11.2,0.612379,52.0,33.3
2022-07-21 19:00:00,0.0,1011.2,21.1,150.0,16.6,0.678135,43.0,35.6
2022-07-21 20:00:00,0.0,1010.5,18.8,150.0,20.5,0.747464,33.0,37.8
2022-07-21 21:00:00,0.0,1009.7,17.7,140.0,24.1,0.844398,30.0,38.3
2022-07-21 22:00:00,0.0,1009.7,17.7,140.0,24.1,0.918568,30.0,38.3
2022-07-21 23:00:00,0.0,1009.0,18.3,120.0,29.5,0.941678,34.0,36.7
2022-07-22 00:00:00,0.0,1009.6,17.6,140.0,31.7,0.923294,37.0,34.4
2022-07-22 01:00:00,0.0,1010.4,18.9,130.0,31.7,0.889753,44.0,32.8
2022-07-22 02:00:00,0.0,1011.6,20.1,120.0,27.7,0.855982,52.0,31.1
2022-07-22 03:00:00,0.0,1011.6,20.1,120.0,27.7,0.823882,52.0,31.1
2022-07-22 04:00:00,0.0,1013.5,21.1,130.0,18.4,0.76337,65.0,28.3
2022-07-22 05:00:00,0.0,1013.4,21.0,150.0,20.5,0.670758,69.0,27.2
2022-07-22 06:00:00,0.0,1013.4,21.0,150.0,20.5,0.610996,69.0,27.2
2022-07-22 07:00:00,0.0,1013.3,22.2,150.0,16.6,0.550196,79.0,26.1
2022-07-22 08:00:00,0.0,1013.0,21.8,170.0,14.8,0.514926,77.0,26.1
2022-07-22 09:00:00,0.0,1013.5,22.2,180.0,11.2,0.488935,79.0,26.1
2022-07-22 10:00:00,0.0,1013.5,22.2,170.0,14.8,0.457527,79.0,26.1
2022-07-22 11:00:00,0.0,1014.1,22.2,160.0,13.0,0.484613,79.0,26.1
2022-07-22 12:00:00,0.0,1014.1,22.2,160.0,13.0,0.49003,79.0,26.1
2022-07-22 13:00:00,0.0,1014.9,22.3,180.0,22.3,0.481443,72.0,27.8
2022-07-22 14:00:00,0.0,1015.2,22.2,190.0,20.5,0.51533,67.0,28.9
2022-07-22 15:00:00,0.0,1015.2,22.2,190.0,20.5,0.543223,67.0,28.9
2022-07-22 16:00:00,0.0,1015.0,21.3,200.0,16.6,0.572441,54.0,31.7
2022-07-22 17:00:00,0.0,1015.0,21.3,200.0,16.6,0.635373,54.0,31.7
2022-07-22 18:00:00,0.0,1013.7,19.5,180.0,20.5,0.677444,39.0,35.6
2022-07-22 19:00:00,0.0,1013.7,19.5,180.0,20.5,0.736169,39.0,35.6
2022-07-22 20:00:00,0.0,1012.8,18.2,170.0,16.6,0.774781,35.0,36.1
2022-07-22 21:00:00,0.0,1012.3,17.3,120.0,11.2,0.825841,31.0,37.2
2022-07-22 22:00:00,0.0,1011.1,15.6,120.0,18.4,0.885834,27.0,37.8
2022-07-22 23:00:00,0.0,1011.1,15.6,120.0,18.4,0.910846,27.0,37.8
2022-07-23 00:00:00,0.0,1010.6,16.3,110.0,25.9,0.912633,30.0,36.7
2022-07-23 01:00:00,0.0,1011.9,18.9,130.0,27.7,0.884797,44.0,32.8
2022-07-23 02:00:00,0.0,1011.9,18.9,130.0,37.1,0.846185,44.0,32.8
2022-07-23 03:00:00,0.0,1014.0,20.0,130.0,29.5,0.811664,57.0,29.4
2022-07-23 04:00:00,0.0,1014.6,21.1,150.0,22.3,0.752766,67.0,27.8
2022-07-23 05:00:00,0.0,1014.6,22.2,160.0,18.4,0.684359,74.0,27.2
2022-07-23 06:00:00,0.0,1014.6,22.2,160.0,18.4,0.609267,74.0,27.2
2022-07-23 07:00:00,0.0,1014.8,22.1,160.0,20.5,0.550657,76.0,26.7
2022-07-23 08:00:00,0.0,1014.7,22.8,170.0,14.8,0.504034,79.0,26.7
2022-07-23 09:00:00,0.0,1014.8,22.8,140.0,13.0,0.4932,82.0,26.1
2022-07-23 10:00:00,0.0,1014.8,22.8,140.0,13.0,0.466863,82.0,26.1
2022-07-23 11:00:00,0.0,1014.9,22.8,160.0,14.8,0.462079,82.0,26.1
2022-07-23 12:00:00,0.0,1015.0,22.8,150.0,14.8,0.437414,82.0,26.1
2022-07-23 13:00:00,0.0,1016.2,22.3,180.0,13.0,0.433783,72.0,27.8
2022-07-23 14:00:00,0.0,1016.2,22.3,180.0,13.0,0.466113,72.0,27.8
2022-07-23 15:00:00,0.0,1015.9,20.7,170.0,14.8,0.509106,54.0,31.1
2022-07-23 16:00:00,0.0,1015.7,19.3,190.0,14.8,0.573997,48.0,31.7
2022-07-23 17:00:00,0.0,1015.7,19.3,190.0,14.8,0.633183,48.0,31.7
2022-07-23 18:00:00,0.0,1014.1,18.1,170.0,16.6,0.691448,37.0,35.0
2022-07-23 19:00:00,0.0,1014.1,18.1,170.0,16.6,0.740837,37.0,35.0
2022-07-23 20:00:00,0.0,1012.6,17.3,200.0,18.4,0.762736,31.0,37.2
2022-07-23 21:00:00,0.0,1012.6,17.3,200.0,18.4,0.786249,31.0,37.2
2022-07-23 22:00:00,0.0,1011.6,17.8,130.0,18.4,0.834371,32.0,37.2
2022-07-23 23:00:00,0.0,1011.8,20.2,120.0,25.9,0.868661,42.0,35.0
2022-07-24 00:00:00,0.0,1011.8,20.2,150.0,37.1,0.862667,42.0,35.0
2022-07-24 01:00:00,0.0,1012.1,18.8,140.0,33.5,0.833449,41.0,33.9
2022-07-24 02:00:00,0.0,1012.4,19.5,130.0,29.5,0.801176,47.0,32.2
2022-07-24 03:00:00,0.0,1014.0,21.1,140.0,27.7,0.777259,61.0,29.4
2022-07-24 04:00:00,0.0,1014.0,21.1,140.0,27.7,0.754092,61.0,29.4
2022-07-24 05:00:00,0.0,1014.8,21.8,140.0,20.5,0.697614,70.0,27.8
2022-07-24 06:00:00,0.0,1014.8,21.8,150.0,27.7,0.631051,70.0,27.8
2022-07-24 07:00:00,0.0,1015.0,22.2,170.0,25.9,0.576072,74.0,27.2
2022-07-24 08:00:00,0.0,1015.1,22.8,150.0,16.6,0.52553,79.0,26.7
2022-07-24 09:00:00,0.0,1015.2,22.8,170.0,18.4,0.481674,79.0,26.7
2022-07-24 10:00:00,0.0,1015.4,22.8,160.0,18.4,0.4645,79.0,26.7
2022-07-24 11:00:00,0.0,1015.4,22.8,160.0,18.4,0.455164,79.0,26.7
2022-07-24 12:00:00,0.0,1015.4,22.8,160.0,22.3,0.436203,79.0,26.7
2022-07-24 13:00:00,0.0,1016.1,22.8,170.0,20.5,0.439315,72.0,28.3
2022-07-24 14:00:00,0.0,1016.2,22.2,170.0,20.5,0.470897,63.0,30.0
2022-07-24 15:00:00,0.0,1016.0,21.3,160.0,20.5,0.530775,54.0,31.7
2022-07-24 16:00:00,0.0,1016.0,21.3,160.0,20.5,0.586849,54.0,31.7
2022-07-24 17:00:00,0.0,1015.2,20.0,120.0,16.6,0.658829,43.0,34.4
2022-07-24 18:00:00,0.0,1014.4,19.1,150.0,20.5,0.724585,37.0,36.1
2022-07-24 19:00:00,0.0,1013.7,18.2,160.0,22.3,0.774089,33.0,37.2
2022-07-24 20:00:00,0.0,1013.0,17.3,160.0,22.3,0.794721,32.0,36.7
2022-07-24 21:00:00,0.0,1013.0,17.3,140.0,27.7,0.850622,32.0,36.7
2022-07-24 22:00:00,0.0,1011.6,16.2,150.0,22.3,0.915111,29.0,37.2
2022-07-24 23:00:00,0.0,1011.3,16.8,150.0,18.4,0.931074,31.0,36.7
2022-07-25 00:00:00,0.0,1011.6,17.7,140.0,25.9,0.931074,36.0,35.0
2022-07-25 01:00:00,0.0,1012.3,17.1,140.0,33.5,0.911307,38.0,33.3
2022-07-25 02:00:00,0.0,1012.3,17.1,140.0,33.5,0.894133,38.0,33.3
2022-07-25 03:00:00,0.0,1013.1,19.3,150.0,33.5,0.828608,48.0,31.7
2022-07-25 04:00:00,0.0,1015.0,21.1,130.0,24.1,0.753631,65.0,28.3
2022-07-25 05:00:00,0.0,1015.0,21.1,130.0,24.1,0.690699,67.0,27.8
2022-07-25 06:00:00,0.0,1015.0,21.1,160.0,25.9,0.608172,67.0,27.8
2022-07-25 07:00:00,0.0,1015.1,22.8,160.0,16.6,0.559071,79.0,26.7
2022-07-25 08:00:00,0.0,1014.8,22.8,170.0,14.8,0.517693,82.0,26.1
2022-07-25 09:00:00,0.0,1014.8,22.8,180.0,14.8,0.485189,82.0,26.1
2022-07-25 10:00:00,0.0,1014.7,22.9,170.0,13.0,0.452282,85.0,25.6
2022-07-25 11:00:00,0.0,1014.7,22.9,170.0,13.0,0.467612,85.0,25.6
2022-07-25 12:00:00,0.0,1014.9,22.9,170.0,13.0,0.471588,85.0,25.6
2022-07-25 13:00:00,0.0,1015.7,22.2,160.0,18.4,0.493891,74.0,27.2
2022-07-25 14:00:00,0.0,1015.7,21.6,190.0,14.8,0.517462,63.0,29.4
2022-07-25 15:00:00,0.0,1015.4,21.1,180.0,16.6,0.563509,57.0,30.6
2022-07-25 16:00:00,0.0,1015.4,21.1,180.0,16.6,0.599297,57.0,30.6
2022-07-25 17:00:00,0.0,1015.1,19.3,190.0,18.4,0.679,41.0,34.4
2022-07-25 18:00:00,0.0,1014.2,17.8,150.0,24.1,0.701072,34.0,36.1
2022-07-25 19:00:00,0.0,1013.2,17.8,180.0,14.8,0.766021,32.0,37.2
2022-07-25 20:00:00,0.0,1013.2,17.8,180.0,14.8,0.779968,32.0,37.2
2022-07-25 21:00:00,0.0,1011.4,16.7,150.0,20.5,0.834544,29.0,37.8
2022-07-25 22:00:00,0.0,1011.4,16.7,150.0,20.5,0.891194,29.0,37.8
2022-07-25 23:00:00,0.0,1010.9,16.7,120.0,29.5,0.916321,30.0,37.2
2022-07-26 00:00:00,0.0,1010.7,17.8,140.0,22.3,0.948651,35.0,35.6
2022-07-26 01:00:00,0.0,1010.7,17.8,150.0,33.5,0.916494,35.0,35.6
2022-07-26 02:00:00,0.0,1012.4,19.3,140.0,27.7,0.87961,48.0,31.7
2022-07-26 03:00:00,0.0,1012.4,19.3,140.0,27.7,0.842093,48.0,31.7
2022-07-26 04:00:00,0.0,1014.1,21.1,130.0,24.1,0.754841,65.0,28.3
2022-07-26 05:00:00,0.0,1014.9,21.0,130.0,18.4,0.678366,69.0,27.2
2022-07-26 06:00:00,0.0,1014.9,21.0,130.0,18.4,0.601948,69.0,27.2
2022-07-26 07:00:00,0.0,1015.0,21.1,120.0,13.0,0.535558,76.0,25.6
2022-07-26 08:00:00,0.0,1015.0,21.1,90.0,7.6,0.505129,82.0,24.4
2022-07-26 09:00:00,0.0,1014.8,21.7,120.0,9.4,0.484325,85.0,24.4
2022-07-26 10:00:00,0.0,1014.8,21.7,120.0,9.4,0.470954,85.0,24.4
2022-07-26 11:00:00,0.0,1014.9,22.9,160.0,11.2,0.479945,88.0,25.0
2022-07-26 12:00:00,0.0,1015.0,22.9,170.0,16.6,0.461042,85.0,25.6
2022-07-26 13:00:00,0.0,1015.0,22.9,170.0,16.6,0.457699,85.0,25.6
2022-07-26 14:00:00,0.0,1015.6,21.2,170.0,11.2,0.459025,63.0,28.9
2022-07-26 15:00:00,0.0,1015.6,21.2,170.0,11.2,0.526049,63.0,28.9
2022-07-26 16:00:00,0.0,1015.5,19.3,220.0,11.2,0.572787,48.0,31.7
2022-07-26 17:00:00,0.0,1014.7,18.5,210.0,14.8,0.654218,39.0,34.4
2022-07-26 18:00:00,0.0,1014.0,17.3,160.0,20.5,0.698478,34.0,35.6
2022-07-26 19:00:00,0.0,1013.0,17.3,180.0,18.4,0.752363,32.0,36.7
2022-07-26 20:00:00,0.0,1013.0,17.3,180.0,18.4,0.795931,32.0,36.7
2022-07-26 21:00:00,0.0,1012.2,17.3,140.0,25.9,0.840883,30.0,37.8
2022-07-26 22:00:00,0.0,1010.8,16.7,130.0,22.3,0.870274,30.0,37.2
2022-07-26 23:00:00,0.0,1010.6,16.3,160.0,24.1,0.916724,30.0,36.7
2022-07-27 00:00:00,0.0,1010.4,15.9,160.0,22.3,0.940929,31.0,35.6
2022-07-27 01:00:00,0.0,1010.4,15.9,160.0,22.3,0.905544,31.0,35.6
2022-07-27 02:00:00,0.0,1011.4,18.3,150.0,35.3,0.909521,41.0,33.3
2022-07-27 03:00:00,0.0,1013.1,19.0,140.0,25.9,0.858921,50.0,30.6
2022-07-27 04:00:00,0.0,1013.9,20.0,140.0,25.9,0.783771,57.0,29.4
2022-07-27 05:00:00,0.0,1014.4,20.1,160.0,24.1,0.70672,63.0,27.8
2022-07-27 06:00:00,0.0,1014.4,20.1,160.0,24.1,0.640272,63.0,27.8
2022-07-27 07:00:00,0.0,1014.3,21.0,140.0,14.8,0.580337,71.0,26.7
2022-07-27 08:00:00,0.0,1014.4,21.7,160.0,7.6,0.527605,79.0,25.6
2022-07-27 09:00:00,0.0,1014.4,21.7,160.0,7.6,0.478734,79.0,25.6
2022-07-27 10:00:00,0.0,1014.4,22.2,150.0,11.2,0.464384,79.0,26.1
2022-07-27 11:00:00,0.0,1014.2,22.3,160.0,14.8,0.482999,82.0,25.6
2022-07-27 12:00:00,0.0,1014.2,22.8,160.0,16.6,0.477409,82.0,26.1
2022-07-27 13:00:00,0.0,1014.9,22.2,160.0,16.6,0.474182,74.0,27.2
2022-07-27 14:00:00,0.0,1015.2,21.6,150.0,18.4,0.50536,67.0,28.3
2022-07-27 15:00:00,0.0,1015.2,21.8,150.0,18.4,0.555095,68.0,28.3
2022-07-27 16:00:00,0.0,1014.7,20.5,170.0,16.6,0.582411,50.0,32.2
2022-07-27 17:00:00,0.0,1014.4,20.5,130.0,13.0,0.63376,47.0,33.3
2022-07-27 18:00:00,0.0,1013.9,18.9,160.0,14.8,0.707238,40.0,34.4
2022-07-27 19:00:00,0.0,1013.1,17.8,140.0,25.9,0.73346,35.0,35.6
2022-07-27 20:00:00,0.0,1013.1,17.8,140.0,25.9,0.753343,35.0,35.6
2022-07-27 21:00:00,0.0,1012.4,16.8,170.0,20.5,0.811952,32.0,36.1
2022-07-27 22:00:00,0.0,1011.5,16.2,170.0,24.1,0.852582,29.0,37.2
2022-07-27 23:00:00,0.0,1010.8,19.5,130.0,35.3,0.903412,38.0,36.1
2022-07-28 00:00:00,0.0,1010.8,19.5,150.0,27.7,0.894306,38.0,36.1
2022-07-28 01:00:00,0.0,1011.2,19.9,150.0,33.5,0.890675,44.0,33.9
2022-07-28 02:00:00,0.0,1012.0,18.8,140.0,16.6,0.865203,48.0,31.1
2022-07-28 03:00:00,0.0,1012.0,18.8,150.0,24.1,0.815295,48.0,31.1
2022-07-28 04:00:00,0.0,1013.1,19.9,140.0,25.9,0.756166,53.0,30.6
2022-07-28 05:00:00,0.0,1013.9,20.6,160.0,16.6,0.676233,63.0,28.3
2022-07-28 06:00:00,0.0,1013.9,20.6,160.0,16.6,0.612955,63.0,28.3
2022-07-28 07:00:00,0.0,1013.8,21.7,150.0,14.8,0.571692,74.0,26.7
2022-07-28 08:00:00,0.0,1013.7,21.8,150.0,14.8,0.517116,77.0,26.1
2022-07-28 09:00:00,0.0,1013.6,22.3,160.0,18.4,0.503285,82.0,25.6
2022-07-28 10:00:00,0.0,1013.6,22.3,160.0,18.4,0.479829,82.0,25.6
2022-07-28 11:00:00,0.0,1014.1,22.1,180.0,11.2,0.47251,84.0,25.0
2022-07-28 12:00:00,0.0,1014.1,22.3,180.0,11.2,0.4679,85.0,25.0
2022-07-28 13:00:00,0.0,1014.9,22.1,170.0,18.4,0.451994,76.0,26.7
2022-07-28 14:00:00,0.0,1014.9,22.1,170.0,18.4,0.481385,76.0,26.7
2022-07-28 15:00:00,0.0,1014.9,21.8,180.0,24.1,0.520516,68.0,28.3
2022-07-28 16:00:00,0.0,1015.1,20.7,190.0,14.8,0.580682,54.0,31.1
2022-07-28 17:00:00,0.0,1014.4,19.0,200.0,20.5,0.663094,43.0,33.3
2022-07-28 18:00:00,0.0,1013.6,19.0,150.0,16.6,0.702801,39.0,35.0
2022-07-28 19:00:00,0.0,1013.6,19.0,150.0,16.6,0.738993,39.0,35.0
2022-07-28 20:00:00,0.0,1012.0,17.8,180.0,18.4,0.795931,32.0,37.2
2022-07-28 21:00:00,0.0,1011.1,17.3,120.0,22.3,0.826187,30.0,37.8
2022-07-28 22:00:00,0.0,1011.1,17.3,120.0,22.3,0.875058,30.0,37.8
2022-07-28 23:00:00,0.0,1010.5,17.3,170.0,16.6,0.932918,33.0,36.1
2022-07-29 00:00:00,0.0,1010.5,17.3,170.0,20.5,0.936895,33.0,36.1
2022-07-29 01:00:00,0.0,1011.5,21.0,130.0,31.7,0.912114,53.0,31.7
2022-07-29 02:00:00,0.0,1012.5,20.5,130.0,31.7,0.877305,55.0,30.6
2022-07-29 03:00:00,0.0,1013.3,21.6,140.0,31.7,0.841344,63.0,29.4
2022-07-29 04:00:00,0.0,1013.9,21.6,140.0,20.5,0.773283,67.0,28.3
2022-07-29 05:00:00,0.0,1013.9,21.8,140.0,20.5,0.680671,68.0,28.3
2022-07-29 06:00:00,0.0,1014.1,22.2,150.0,14.8,0.610362,74.0,27.2
2022-07-29 07:00:00,0.0,1014.0,22.1,160.0,16.6,0.555383,76.0,26.7
2022-07-29 08:00:00,0.0,1014.2,22.8,160.0,14.8,0.515041,82.0,26.1
2022-07-29 09:00:00,0.0,1014.2,22.8,160.0,14.8,0.504149,82.0,26.1
2022-07-29 10:00:00,0.0,1014.6,22.8,160.0,13.0,0.486572,82.0,26.1
2022-07-29 11:00:00,0.0,1014.6,22.8,160.0,13.0,0.503976,82.0,26.1
2022-07-29 12:00:00,0.0,1015.3,22.8,170.0,13.0,0.512736,79.0,26.7
2022-07-29 13:00:00,0.0,1015.9,22.3,160.0,20.5,0.520228,72.0,27.8
2022-07-29 14:00:00,0.0,1015.9,22.3,160.0,20.5,0.5287,72.0,27.8
2022-07-29 15:00:00,0.0,1015.6,21.6,180.0,16.6,0.550657,57.0,31.1
2022-07-29 16:00:00,0.0,1015.5,20.7,170.0,16.6,0.588347,49.0,32.8
2022-07-29 17:00:00,0.0,1015.1,19.5,150.0,20.5,0.656178,39.0,35.6
2022-07-29 18:00:00,0.0,1014.4,19.1,140.0,20.5,0.718764,37.0,36.1
2022-07-29 19:00:00,0.0,1014.4,19.1,140.0,20.5,0.75559,37.0,36.1
2022-07-29 20:00:00,0.0,1012.6,17.8,130.0,20.5,0.833622,33.0,36.7
2022-07-29 21:00:00,0.0,1011.9,17.3,140.0,18.4,0.869122,32.0,36.7
2022-07-29 22:00:00,0.0,1011.5,17.8,100.0,20.5,0.915514,34.0,36.1
2022-07-29 23:00:00,0.0,1011.2,17.8,130.0,27.7,0.926118,34.0,36.1
2022-07-30 00:00:00,0.0,1011.2,17.8,130.0,27.7,0.918223,34.0,36.1
2022-07-30 01:00:00,0.0,1012.6,20.7,140.0,31.7,0.87719,49.0,32.8
2022-07-30 02:00:00,0.0,1014.0,20.1,140.0,31.7,0.863186,52.0,31.1
2022-07-30 03:00:00,0.0,1014.8,21.1,150.0,22.3,0.83754,59.0,30.0
2022-07-30 04:00:00,0.0,1015.5,21.2,150.0,24.1,0.778239,63.0,28.9
2022-07-30 05:00:00,0.0,1015.5,21.2,150.0,24.1,0.718361,63.0,28.9
2022-07-30 06:00:00,0.0,1016.0,21.0,140.0,16.6,0.650011,69.0,27.2
2022-07-30 07:00:00,0.0,1015.8,21.7,170.0,11.2,0.592381,74.0,26.7
2022-07-30 08:00:00,0.0,1015.8,21.8,160.0,13.0,0.5321,77.0,26.1
2022-07-30 09:00:00,0.0,1016.1,21.8,170.0,11.2,0.474585,77.0,26.1
2022-07-30 10:00:00,0.0,1016.1,21.8,170.0,11.2,0.465998,77.0,26.1
2022-07-30 11:00:00,0.0,1017.3,21.1,90.0,5.4,0.443119,82.0,24.4
2022-07-30 12:00:00,0.0,1017.7,21.1,140.0,11.2,0.429922,74.0,26.1
2022-07-30 13:00:00,0.0,1018.3,20.6,160.0,14.8,0.438105,65.0,27.8
2022-07-30 14:00:00,0.0,1018.3,20.6,160.0,14.8,0.479023,65.0,27.8
2022-07-30 15:00:00,0.0,1018.2,19.5,170.0,16.6,0.561837,50.0,31.1
2022-07-30 16:00:00,0.0,1017.9,19.0,160.0,24.1,0.613243,43.0,33.3
2022-07-30 17:00:00,0.0,1017.4,17.7,180.0,16.6,0.66586,36.0,35.0
2022-07-30 18:00:00,0.0,1016.7,17.3,180.0,9.4,0.711561,34.0,35.6
2022-07-30 19:00:00,0.0,1016.7,17.3,170.0,9.4,0.750634,34.0,35.6
2022-07-30 20:00:00,0.0,1014.8,16.2,130.0,11.2,0.785212,28.0,37.8
2022-07-30 21:00:00,0.0,1013.9,15.8,160.0,13.0,0.82855,29.0,36.7
2022-07-30 22:00:00,0.0,1013.5,15.1,180.0,13.0,0.853619,27.0,37.2
2022-07-30 23:00:00,0.0,1013.2,13.9,150.0,25.9,0.896784,25.0,37.2
2022-07-31 00:00:00,0.0,1013.2,13.9,150.0,25.9,0.906581,25.0,37.2
2022-07-31 01:00:00,0.0,1014.2,18.4,130.0,22.3,0.89373,40.0,33.9
2022-07-31 02:00:00,0.0,1015.3,17.2,140.0,35.3,0.864684,42.0,31.7
2022-07-31 03:00:00,0.0,1016.6,17.3,140.0,35.3,0.810685,45.0,30.6
2022-07-31 04:00:00,0.0,1017.2,17.1,150.0,24.1,0.765157,49.0,28.9
2022-07-31 05:00:00,0.0,1017.2,17.1,150.0,24.1,0.668511,49.0,28.9
2022-07-31 06:00:00,0.0,1017.9,21.0,170.0,16.6,0.603331,69.0,27.2
2022-07-31 07:00:00,0.0,1017.9,21.0,170.0,16.6,0.552674,69.0,27.2
2022-07-31 08:00:00,0.0,1017.7,22.1,160.0,18.4,0.500288,76.0,26.7
2022-07-31 09:00:00,0.0,1017.5,22.8,180.0,16.6,0.478562,82.0,26.1
2022-07-31 10:00:00,0.0,1017.0,22.8,190.0,20.5,0.467842,82.0,26.1
2022-07-31 11:00:00,0.0,1017.5,22.8,180.0,13.0,0.461503,82.0,26.1
2022-07-31 12:00:00,0.0,1017.8,22.8,190.0,14.8,0.440007,82.0,26.1
2022-07-31 13:00:00,0.0,1018.4,22.3,180.0,20.5,0.437875,72.0,27.8
2022-07-31 14:00:00,0.0,1018.4,22.3,180.0,20.5,0.479657,72.0,27.8
2022-07-31 15:00:00,0.0,1018.5,21.6,180.0,9.4,0.531178,63.0,29.4
2022-07-31 16:00:00,0.0,1018.3,20.0,210.0,13.0,0.547314,50.0,31.7
2022-07-31 17:00:00,0.0,1018.0,20.1,180.0,13.0,0.604484,49.0,32.2
2022-07-31 18:00:00,0.0,1017.1,19.3,150.0,18.4,0.705106,41.0,34.4
2022-07-31 19:00:00,0.0,1017.1,19.3,150.0,18.4,0.717035,41.0,34.4
2022-07-31 20:00:00,0.0,1015.1,15.8,90.0,9.4,0.782158,30.0,36.1
2022-07-31 21:00:00,0.0,1014.3,15.1,130.0,22.3,0.849758,27.0,37.2
2022-07-31 22:00:00,0.0,1014.1,15.0,130.0,11.2,0.868142,26.0,37.8
2022-07-31 23:00:00,0.0,1013.8,14.5,120.0,18.4,0.901222,26.0,37.2
2022-08-01 00:00:00,0.0,1013.8,14.5,120.0,18.4,0.924735,26.0,37.2
2022-08-01 01:00:00,0.0,1014.4,16.6,150.0,27.7,0.90491,37.0,33.3
2022-08-01 02:00:00,0.0,1015.5,18.3,150.0,27.7,0.874712,45.0,31.7
2022-08-01 03:00:00,0.0,1016.5,18.8,130.0,27.7,0.842324,51.0,30.0
2022-08-01 04:00:00,0.0,1016.5,18.8,130.0,27.7,0.774089,51.0,30.0
2022-08-01 05:00:00,0.0,1017.2,19.3,140.0,16.6,0.682515,60.0,27.8
2022-08-01 06:00:00,0.0,1017.0,20.5,130.0,13.0,0.613532,69.0,26.7
2022-08-01 07:00:00,0.0,1016.8,21.1,140.0,11.2,0.549504,74.0,26.1
2022-08-01 08:00:00,0.0,1016.8,21.1,140.0,11.2,0.506627,74.0,26.1
2022-08-01 09:00:00,0.0,1016.6,22.3,170.0,9.4,0.48225,82.0,25.6
2022-08-01 10:00:00,0.0,1016.4,21.7,110.0,5.4,0.452628,82.0,25.0
2022-08-01 11:00:00,0.0,1019.0,22.3,180.0,13.0,0.471761,82.0,25.6
2022-08-01 12:00:00,0.0,1016.8,22.2,210.0,11.2,0.448767,79.0,26.1
2022-08-01 13:00:00,0.0,1016.8,22.2,210.0,11.2,0.479484,79.0,26.1
2022-08-01 14:00:00,0.0,1017.2,21.7,170.0,16.6,0.513024,72.0,27.2
2022-08-01 15:00:00,0.0,1017.4,20.6,190.0,9.4,0.549447,59.0,29.4
2022-08-01 16:00:00,0.0,1017.2,20.1,200.0,16.6,0.596934,52.0,31.1
2022-08-01 17:00:00,0.0,1016.7,19.3,180.0,16.6,0.64615,45.0,32.8
2022-08-01 18:00:00,0.0,1016.7,19.3,180.0,16.6,0.668857,45.0,32.8
2022-08-01 19:00:00,0.0,1015.3,17.6,140.0,18.4,0.748329,37.0,34.4
2022-08-01 20:00:00,0.0,1014.5,17.3,130.0,22.3,0.761641,32.0,36.7
2022-08-01 21:00:00,0.0,1013.7,17.3,140.0,14.8,0.778181,34.0,35.6
2022-08-01 22:00:00,0.0,1012.9,16.8,130.0,22.3,0.807284,34.0,35.0
2022-08-01 23:00:00,0.0,1012.9,16.8,130.0,22.3,0.841113,34.0,35.0
2022-08-02 00:00:00,0.0,1012.6,15.9,140.0,18.4,0.89713,32.0,35.0
2022-08-02 01:00:00,0.0,1013.0,18.8,140.0,22.3,0.898225,41.0,33.9
2022-08-02 02:00:00,0.0,1014.1,21.3,140.0,22.3,0.879438,54.0,31.7
2022-08-02 03:00:00,0.0,1014.7,21.1,140.0,25.9,0.847626,59.0,30.0
2022-08-02 04:00:00,0.0,1014.7,21.1,140.0,25.9,0.793396,59.0,30.0
2022-08-02 05:00:00,0.0,1015.2,21.2,150.0,22.3,0.716747,63.0,28.9
2022-08-02 06:00:00,0.0,1015.2,20.5,150.0,16.6,0.636987,67.0,27.2
2022-08-02 07:00:00,0.0,1015.0,21.0,170.0,13.0,0.578031,71.0,26.7
2022-08-02 08:00:00,0.0,1015.3,21.1,170.0,20.5,0.527374,74.0,26.1
2022-08-02 09:00:00,0.0,1015.3,21.1,170.0,20.5,0.490549,74.0,26.1
2022-08-02 10:00:00,0.0,1015.5,21.7,170.0,14.8,0.474182,79.0,25.6
2022-08-02 11:00:00,0.0,1015.9,22.2,170.0,13.0,0.471358,79.0,26.1
2022-08-02 12:00:00,0.0,1015.9,22.2,170.0,13.0,0.471358,79.0,26.1
2022-08-02 13:00:00,0.0,1016.3,21.7,160.0,22.3,0.498041,74.0,26.7
2022-08-02 14:00:00,0.0,1016.4,21.1,170.0,24.1,0.528181,61.0,29.4
2022-08-02 15:00:00,0.0,1016.0,20.1,160.0,25.9,0.564142,49.0,32.2
2022-08-02 16:00:00,0.0,1015.5,19.4,160.0,20.5,0.607884,44.0,33.3
2022-08-02 17:00:00,0.0,1014.6,17.7,160.0,29.5,0.657446,36.0,35.0
2022-08-02 18:00:00,0.0,1013.5,17.8,160.0,24.1,0.684532,32.0,37.2
2022-08-02 19:00:00,0.0,1013.5,17.8,160.0,24.1,0.751729,32.0,37.2
2022-08-02 20:00:00,0.0,1011.7,17.3,170.0,20.5,0.776222,30.0,37.8
2022-08-02 21:00:00,0.0,1010.9,16.6,170.0,20.5,0.828723,28.0,38.3
2022-08-02 22:00:00,0.0,1010.4,15.6,140.0,22.3,0.884163,27.0,37.8
2022-08-02 23:00:00,0.0,1010.4,15.6,140.0,22.3,0.922948,27.0,37.8
2022-08-03 00:00:00,0.0,1009.9,15.2,150.0,22.3,0.962425,28.0,36.7
2022-08-03 01:00:00,0.0,1010.3,20.5,150.0,22.3,0.943349,47.0,33.3
2022-08-03 02:00:00,0.0,1011.1,21.3,130.0,40.7,0.889235,54.0,31.7
2022-08-03 03:00:00,0.0,1011.1,21.3,140.0,35.3,0.859786,54.0,31.7
2022-08-03 04:00:00,0.0,1012.2,20.6,140.0,31.7,0.787056,57.0,30.0
2022-08-03 05:00:00,0.0,1012.3,20.6,150.0,24.1,0.700726,65.0,27.8
2022-08-03 06:00:00,0.0,1012.5,21.0,160.0,14.8,0.638197,69.0,27.2
2022-08-03 07:00:00,0.0,1012.5,21.0,160.0,14.8,0.572556,69.0,27.2
2022-08-03 08:00:00,0.0,1012.0,22.1,150.0,18.4,0.541782,76.0,26.7
2022-08-03 09:00:00,0.0,1012.0,22.1,150.0,18.4,0.509855,76.0,26.7
2022-08-03 10:00:00,0.0,1012.0,22.8,150.0,20.5,0.504553,82.0,26.1
2022-08-03 11:00:00,0.0,1012.2,22.8,150.0,16.6,0.506166,82.0,26.1
2022-08-03 12:00:00,0.0,1012.7,22.8,160.0,18.4,0.503112,82.0,26.1
2022-08-03 13:00:00,0.0,1012.9,22.7,170.0,22.3,0.514638,74.0,27.8
2022-08-03 14:00:00,0.0,1012.9,22.7,170.0,22.3,0.538728,74.0,27.8
2022-08-03 15:00:00,0.0,1012.5,21.3,180.0,18.4,0.595493,54.0,31.7
2022-08-03 16:00:00,0.0,1011.9,19.9,190.0,24.1,0.631685,44.0,33.9
2022-08-03 17:00:00,0.0,1011.2,19.5,180.0,20.5,0.69894,39.0,35.6
2022-08-03 18:00:00,0.0,1011.2,19.5,180.0,20.5,0.717785,39.0,35.6
2022-08-03 19:00:00,0.0,1009.5,18.3,150.0,31.7,0.764523,32.0,37.8
2022-08-03 20:00:00,0.0,1008.6,18.2,170.0,27.7,0.834313,31.0,38.3
2022-08-03 21:00:00,0.0,1007.8,17.7,160.0,20.5,0.819502,30.0,38.3
2022-08-03 22:00:00,0.0,1007.5,16.6,150.0,20.5,0.864454,28.0,38.3
2022-08-03 23:00:00,0.0,1007.5,16.6,150.0,20.5,0.926406,28.0,38.3
2022-08-04 00:00:00,0.0,1007.7,20.8,130.0,20.5,0.992278,41.0,36.1
2022-08-04 01:00:00,0.0,1008.5,21.7,130.0,37.1,0.914189,49.0,33.9
2022-08-04 02:00:00,0.0,1009.4,22.1,130.0,29.5,0.934763,57.0,31.7
2022-08-04 03:00:00,0.0,1009.4,22.1,130.0,29.5,0.899262,57.0,31.7
2022-08-04 04:00:00,0.0,1011.2,21.6,140.0,22.3,0.829414,67.0,28.3
2022-08-04 05:00:00,0.0,1011.5,22.3,140.0,22.3,0.737955,72.0,27.8
2022-08-04 06:00:00,0.0,1012.0,22.2,140.0,22.3,0.660327,74.0,27.2
2022-08-04 07:00:00,0.0,1012.0,22.1,140.0,16.6,0.588001,76.0,26.7
2022-08-04 08:00:00,0.0,1011.7,22.1,150.0,16.6,0.550254,76.0,26.7
2022-08-04 09:00:00,0.0,1011.7,22.1,150.0,16.6,0.522591,76.0,26.7
2022-08-04 10:00:00,0.0,1012.2,22.8,110.0,13.0,0.557746,82.0,26.1
2022-08-04 11:00:00,0.0,1012.2,22.8,110.0,13.0,0.557457,82.0,26.1
2022-08-04 12:00:00,0.0,1012.6,22.8,150.0,14.8,0.55763,82.0,26.1
2022-08-04 13:00:00,0.0,1012.6,22.8,150.0,14.8,0.54985,82.0,26.1
2022-08-04 14:00:00,0.0,1013.0,22.1,170.0,20.5,0.535443,65.0,29.4
2022-08-04 15:00:00,0.0,1013.4,21.3,170.0,16.6,0.579414,54.0,31.7
2022-08-04 16:00:00,0.0,1013.2,19.6,170.0,27.7,0.615837,43.0,33.9
2022-08-04 17:00:00,0.0,1012.6,18.9,170.0,22.3,0.659809,40.0,34.4
2022-08-04 18:00:00,0.0,1012.6,18.9,170.0,22.3,0.704703,40.0,34.4
2022-08-04 19:00:00,0.0,1011.2,17.3,150.0,14.8,0.801694,30.0,37.8
2022-08-04 20:00:00,0.0,1010.2,16.6,210.0,14.8,0.878746,28.0,38.3
2022-08-04 21:00:00,0.0,1009.4,14.8,190.0,13.0,0.8682,25.0,38.3
2022-08-04 22:00:00,0.0,1009.4,14.8,190.0,13.0,0.936895,25.0,38.3
2022-08-04 23:00:00,0.0,1009.4,16.2,140.0,22.3,0.98127,29.0,37.2
2022-08-05 00:00:00,0.0,1009.3,18.2,140.0,20.5,0.97228,36.0,35.6
2022-08-05 01:00:00,0.0,1009.7,18.0,130.0,33.5,0.922603,39.0,33.9
2022-08-05 02:00:00,0.0,1011.4,21.0,140.0,27.7,0.905544,53.0,31.7
2022-08-05 03:00:00,0.0,1011.4,21.3,140.0,27.7,0.853562,54.0,31.7
2022-08-05 04:00:00,0.0,1013.2,21.2,140.0,22.3,0.816275,63.0,28.9
2022-08-05 05:00:00,0.0,1013.7,21.1,150.0,20.5,0.739742,67.0,27.8
2022-08-05 06:00:00,0.0,1013.3,21.7,140.0,18.4,0.665456,72.0,27.2
2022-08-05 07:00:00,0.0,1013.2,21.7,140.0,18.4,0.602121,74.0,26.7
2022-08-05 08:00:00,0.0,1013.2,21.7,140.0,18.4,0.543223,74.0,26.7
2022-08-05 09:00:00,0.0,1013.1,22.2,150.0,13.0,0.520574,79.0,26.1
2022-08-05 10:00:00,0.0,1013.0,22.2,160.0,20.5,0.525127,79.0,26.1
2022-08-05 11:00:00,0.0,1013.6,22.2,170.0,16.6,0.519076,79.0,26.1
2022-08-05 12:00:00,0.0,1014.4,21.7,160.0,16.6,0.514408,74.0,26.7
2022-08-05 13:00:00,0.0,1014.4,21.7,160.0,16.6,0.51337,74.0,26.7
2022-08-05 14:00:00,0.0,1015.0,21.7,200.0,14.8,0.531466,65.0,28.9
2022-08-05 15:00:00,0.0,1015.3,21.7,180.0,13.0,0.593303,61.0,30.0
2022-08-05 16:00:00,0.0,1014.8,20.5,160.0,20.5,0.605406,50.0,32.2
2022-08-05 17:00:00,0.0,1014.0,20.1,180.0,14.8,0.584428,46.0,33.3
2022-08-05 18:00:00,0.0,1014.0,20.1,180.0,14.8,0.718649,46.0,33.3
2022-08-05 19:00:00,0.0,1012.9,16.8,160.0,11.2,0.757665,32.0,36.1
2022-08-05 20:00:00,0.0,1012.1,14.5,180.0,14.8,0.811146,26.0,37.2
2022-08-05 21:00:00,0.0,1011.4,15.1,170.0,11.2,0.827455,27.0,37.2
2022-08-05 22:00:00,0.0,1011.4,15.1,170.0,11.2,0.896957,27.0,37.2
2022-08-05 23:00:00,0.0,1010.7,13.9,150.0,9.4,0.917012,25.0,37.2
2022-08-06 00:00:00,0.0,1011.2,14.8,150.0,9.4,0.923698,30.0,35.0
2022-08-06 01:00:00,0.0,1012.0,18.8,130.0,27.7,0.893384,48.0,31.1
2022-08-06 02:00:00,0.0,1012.8,17.7,150.0,18.4,0.848663,46.0,30.6
2022-08-06 03:00:00,0.0,1012.8,17.7,150.0,18.4,0.802155,46.0,30.6
2022-08-06 04:00:00,0.0,1013.7,19.5,140.0,18.4,0.71911,59.0,28.3
2022-08-06 05:00:00,0.0,1013.8,21.1,160.0,18.4,0.661538,67.0,27.8
2022-08-06 06:00:00,0.0,1014.0,21.0,140.0,14.8,0.589154,69.0,27.2
2022-08-06 07:00:00,0.0,1014.0,21.0,140.0,14.8,0.560281,69.0,27.2
2022-08-06 08:00:00,0.0,1013.9,22.2,170.0,16.6,0.542589,74.0,27.2
2022-08-06 09:00:00,0.0,1013.8,22.1,180.0,18.4,0.514811,76.0,26.7
2022-08-06 10:00:00,0.0,1014.0,22.2,190.0,9.4,0.491355,79.0,26.1
2022-08-06 11:00:00,0.0,1014.0,22.2,190.0,9.4,0.483806,79.0,26.1
2022-08-06 12:00:00,0.0,1015.4,22.1,160.0,11.2,0.446865,76.0,26.7
2022-08-06 13:00:00,0.0,1015.4,22.1,160.0,11.2,0.477006,76.0,26.7
2022-08-06 14:00:00,0.0,1016.4,22.3,180.0,13.0,0.484497,72.0,27.8
2022-08-06 15:00:00,0.0,1016.6,21.8,170.0,16.6,0.511238,68.0,28.3
2022-08-06 16:00:00,0.0,1016.2,20.5,170.0,7.6,0.555037,55.0,30.6
2022-08-06 17:00:00,0.0,1016.2,20.5,170.0,7.6,0.630936,55.0,30.6
2022-08-06 18:00:00,0.0,1014.5,19.0,170.0,11.2,0.663728,43.0,33.3
2022-08-06 19:00:00,0.0,1013.8,18.1,150.0,14.8,0.72447,37.0,35.0
2022-08-06 20:00:00,0.0,1013.5,18.5,150.0,14.8,0.801521,39.0,34.4
2022-08-06 21:00:00,0.0,1013.5,18.5,160.0,25.9,0.828781,39.0,34.4
2022-08-06 22:00:00,1.3,1013.1,19.5,270.0,5.4,0.787633,50.0,31.1
2022-08-06 23:00:00,0.0,1013.4,19.3,100.0,20.5,0.840191,48.0,31.7
2022-08-07 00:00:00,0.0,1013.7,17.7,150.0,25.9,0.809013,46.0,30.6
2022-08-07 01:00:00,0.0,1014.3,20.6,140.0,27.7,0.774089,59.0,29.4
2022-08-07 02:00:00,0.0,1015.1,21.2,130.0,20.5,0.748271,63.0,28.9
2022-08-07 03:00:00,0.0,1015.1,21.2,130.0,20.5,0.740145,63.0,28.9
2022-08-07 04:00:00,0.0,1016.2,21.8,140.0,18.4,0.718937,70.0,27.8
2022-08-07 05:00:00,0.0,1016.4,21.7,140.0,20.5,0.656351,74.0,26.7
2022-08-07 06:00:00,0.0,1016.6,22.1,160.0,22.3,0.607826,76.0,26.7
2022-08-07 07:00:00,0.0,1016.6,22.1,160.0,22.3,0.563681,76.0,26.7
2022-08-07 08:00:00,0.0,1016.4,22.8,150.0,13.0,0.52115,82.0,26.1
2022-08-07 09:00:00,0.0,1016.3,22.8,170.0,11.2,0.47032,82.0,26.1
2022-08-07 10:00:00,0.0,1016.4,22.9,170.0,14.8,0.459947,85.0,25.6
2022-08-07 11:00:00,0.0,1017.0,22.9,150.0,13.0,0.443868,85.0,25.6
2022-08-07 12:00:00,0.0,1017.0,22.9,150.0,13.0,0.436722,85.0,25.6
2022-08-07 13:00:00,0.0,1018.2,22.8,150.0,13.0,0.433322,79.0,26.7
2022-08-07 14:00:00,0.0,1018.3,22.3,180.0,13.0,0.464615,72.0,27.8
2022-08-07 15:00:00,0.0,1018.5,20.5,150.0,16.6,0.54743,55.0,30.6
2022-08-07 16:00:00,0.0,1018.3,20.6,140.0,14.8,0.583045,52.0,31.7
2022-08-07 17:00:00,0.0,1018.3,20.6,140.0,14.8,0.639696,52.0,31.7
2022-08-07 18:00:00,0.0,1016.4,18.9,160.0,16.6,0.679057,40.0,34.4
2022-08-07 19:00:00,0.0,1015.4,18.2,160.0,11.2,0.745447,36.0,35.6
2022-08-07 20:00:00,0.0,1014.5,17.8,150.0,29.5,0.786307,35.0,35.6
2022-08-07 21:00:00,0.0,1014.0,19.4,150.0,29.5,0.852928,40.0,35.0
2022-08-07 22:00:00,0.0,1014.0,19.4,110.0,27.7,0.868488,40.0,35.0
2022-08-07 23:00:00,0.0,1013.8,18.9,120.0,22.3,0.887506,40.0,34.4
2022-08-08 00:00:00,0.0,1014.2,19.5,140.0,20.5,0.869525,47.0,32.2
2022-08-08 01:00:00,0.0,1014.9,20.0,140.0,22.3,0.85944,50.0,31.7
2022-08-08 02:00:00,0.0,1014.9,20.0,140.0,22.3,0.855982,50.0,31.7
2022-08-08 03:00:00,0.0,1016.0,20.0,130.0,27.7,0.811895,57.0,29.4
2022-08-08 04:00:00,0.0,1016.5,20.6,150.0,18.4,0.749481,63.0,28.3
2022-08-08 05:00:00,0.0,1016.8,21.7,140.0,14.8,0.672257,72.0,27.2
2022-08-08 06:00:00,0.0,1016.8,22.1,150.0,16.6,0.609843,76.0,26.7
2022-08-08 07:00:00,0.0,1016.8,22.1,150.0,16.6,0.558956,76.0,26.7
2022-08-08 08:00:00,0.0,1016.6,22.8,140.0,11.2,0.506973,82.0,26.1
2022-08-08 09:00:00,0.0,1016.6,22.9,150.0,9.4,0.479541,85.0,25.6
2022-08-08 10:00:00,0.0,1016.6,22.9,150.0,9.4,0.455452,85.0,25.6
2022-08-08 11:00:00,0.0,1016.9,23.4,160.0,11.2,0.4713,85.0,26.1
2022-08-08 12:00:00,0.0,1016.9,23.4,160.0,11.2,0.488416,85.0,26.1
2022-08-08 13:00:00,0.0,1017.6,22.1,210.0,11.2,0.520632,76.0,26.7
2022-08-08 14:00:00,0.0,1017.6,21.7,140.0,11.2,0.548294,65.0,28.9
2022-08-08 15:00:00,0.0,1017.2,21.1,190.0,13.0,0.561261,59.0,30.0
2022-08-08 16:00:00,0.0,1017.2,21.1,190.0,13.0,0.617566,59.0,30.0
2022-08-08 17:00:00,0.0,1016.6,20.1,150.0,5.4,0.683034,49.0,32.2
2022-08-08 18:00:00,0.0,1015.8,19.4,143.0,5.4,0.748502,44.0,33.3
2022-08-08 19:00:00,0.0,1014.9,18.2,137.0,5.4,0.815641,36.0,35.6
2022-08-08 20:00:00,0.0,1013.7,17.7,131.0,5.4,0.756166,36.0,35.0
2022-08-08 21:00:00,0.0,1013.7,17.7,170.0,5.4,0.8716,36.0,35.0
2022-08-08 22:00:00,0.0,1012.6,18.8,170.0,16.6,0.913094,41.0,33.9
2022-08-08 23:00:00,0.0,1012.7,21.1,160.0,18.4,0.934301,59.0,30.0
2022-08-09 00:00:00,0.0,1013.4,21.6,130.0,16.6,0.91609,57.0,31.1
2022-08-09 01:00:00,0.0,1013.4,21.6,130.0,16.6,0.884451,57.0,31.1
2022-08-09 02:00:00,0.0,1014.3,20.6,130.0,13.0,0.840883,57.0,30.0
2022-08-09 03:00:00,0.0,1014.8,20.6,120.0,13.0,0.800772,59.0,29.4
2022-08-09 04:00:00,0.0,1016.0,20.6,130.0,14.8,0.740491,65.0,27.8
2022-08-09 05:00:00,0.0,1016.2,20.5,150.0,18.4,0.647994,67.0,27.2
2022-08-09 06:00:00,0.0,1015.7,21.0,160.0,14.8,0.602178,71.0,26.7
2022-08-09 07:00:00,0.0,1015.7,21.0,160.0,14.8,0.554403,71.0,26.7
2022-08-09 08:00:00,0.0,1015.1,21.7,150.0,14.8,0.512045,79.0,25.6
2022-08-09 09:00:00,0.0,1015.0,21.7,190.0,7.6,0.48248,82.0,25.0
2022-08-09 10:00:00,0.0,1015.0,21.7,190.0,7.6,0.470205,82.0,25.0
2022-08-09 11:00:00,0.0,1015.1,22.3,190.0,9.4,0.467842,85.0,25.0
2022-08-09 12:00:00,0.0,1015.9,22.9,190.0,7.6,0.461676,85.0,25.6
2022-08-09 13:00:00,0.0,1017.0,22.2,240.0,7.6,0.49879,74.0,27.2
2022-08-09 14:00:00,0.0,1017.2,21.7,240.0,5.4,0.51873,65.0,28.9
2022-08-09 15:00:00,0.0,1017.3,21.1,210.0,13.0,0.556478,59.0,30.0
2022-08-09 16:00:00,0.0,1017.3,20.6,170.0,11.2,0.60627,52.0,31.7
2022-08-09 17:00:00,0.0,1017.3,20.6,170.0,11.2,0.715537,52.0,31.7
2022-08-09 18:00:00,0.0,1016.0,19.0,80.0,5.4,0.644652,43.0,33.3
2022-08-09 19:00:00,0.0,1014.8,18.1,134.0,7.6,0.67825,37.0,35.0
2022-08-09 20:00:00,0.0,1013.5,17.3,200.0,13.0,0.732538,34.0,35.6
2022-08-09 21:00:00,0.0,1013.5,17.3,200.0,13.0,0.837944,34.0,35.6
2022-08-09 22:00:00,0.0,1012.7,17.3,190.0,7.6,0.890099,34.0,35.6
2022-08-09 23:00:00,0.0,1011.8,17.3,160.0,14.8,0.919145,33.0,36.1
2022-08-10 00:00:00,0.0,1011.8,17.3,160.0,14.8,0.936895,33.0,36.1
2022-08-10 01:00:00,0.0,1013.1,20.0,140.0,20.5,0.921508,47.0,32.8
2022-08-10 02:00:00,0.0,1013.1,20.0,140.0,20.5,0.898225,47.0,32.8
2022-08-10 03:00:00,0.0,1014.6,21.0,140.0,18.4,0.863877,55.0,31.1
2022-08-10 04:00:00,0.0,1015.1,20.0,160.0,22.3,0.780313,55.0,30.0
2022-08-10 05:00:00,0.0,1015.6,20.6,160.0,18.4,0.716402,61.0,28.9
2022-08-10 06:00:00,0.0,1015.8,20.6,180.0,13.0,0.632492,63.0,28.3
2022-08-10 07:00:00,0.0,1015.8,20.6,180.0,13.0,0.57319,63.0,28.3
2022-08-10 08:00:00,0.0,1016.1,21.7,170.0,11.2,0.539131,74.0,26.7
2022-08-10 09:00:00,0.0,1016.1,21.8,180.0,9.4,0.512102,77.0,26.1
2022-08-10 10:00:00,0.0,1016.4,21.8,170.0,9.4,0.497637,77.0,26.1
2022-08-10 11:00:00,0.0,1016.4,21.8,170.0,9.4,0.490779,77.0,26.1
2022-08-10 12:00:00,0.0,1017.1,22.2,170.0,9.4,0.487148,79.0,26.1
2022-08-10 13:00:00,0.0,1017.7,22.2,210.0,11.2,0.496254,74.0,27.2
2022-08-10 14:00:00,0.0,1017.8,20.6,220.0,14.8,0.545528,61.0,28.9
2022-08-10 15:00:00,0.0,1017.9,19.9,200.0,13.0,0.599066,53.0,30.6
2022-08-10 16:00:00,0.0,1017.9,19.9,200.0,13.0,0.609152,53.0,30.6
2022-08-10 17:00:00,0.0,1017.1,19.0,0.0,0.0,0.699112,43.0,33.3
2022-08-10 18:00:00,0.0,1016.1,18.2,0.0,7.6,0.702801,36.0,35.6
2022-08-10 19:00:00,0.0,1014.6,16.8,120.0,13.0,0.768269,31.0,36.7
2022-08-10 20:00:00,0.0,1013.8,16.7,180.0,13.0,0.855521,30.0,37.2
2022-08-10 21:00:00,0.0,1013.8,16.7,180.0,13.0,0.895516,30.0,37.2
2022-08-10 22:00:00,0.0,1012.8,17.3,170.0,7.6,0.927271,30.0,37.8
2022-08-10 23:00:00,0.0,1012.7,16.2,170.0,7.6,0.946519,29.0,37.2
2022-08-11 00:00:00,0.0,1013.6,18.9,20.0,7.6,0.966402,44.0,32.8
2022-08-11 01:00:00,0.0,1013.6,18.9,20.0,29.5,0.956662,44.0,32.8
2022-08-11 02:00:00,0.0,1015.4,21.2,70.0,9.4,0.889869,63.0,28.9
2022-08-11 03:00:00,0.0,1016.8,20.1,70.0,9.4,0.851948,61.0,28.3
2022-08-11 04:00:00,0.0,1016.6,20.5,100.0,20.5,0.783483,67.0,27.2
2022-08-11 05:00:00,0.0,1016.7,20.5,100.0,11.2,0.690814,69.0,26.7
2022-08-11 06:00:00,0.0,1016.7,20.5,100.0,11.2,0.645343,69.0,26.7
2022-08-11 07:00:00,0.0,1015.9,20.5,180.0,9.4,0.569905,69.0,26.7
2022-08-11 08:00:00,0.0,1015.6,20.7,190.0,9.4,0.510373,72.0,26.1
2022-08-11 09:00:00,0.0,1015.2,21.1,240.0,7.6,0.475622,76.0,25.6
2022-08-11 10:00:00,0.0,1014.9,21.1,270.0,7.6,0.483287,76.0,25.6
2022-08-11 11:00:00,0.0,1014.9,21.1,270.0,7.6,0.49539,76.0,25.6
2022-08-11 12:00:00,0.0,1014.9,21.1,280.0,5.4,0.470839,76.0,25.6
2022-08-11 13:00:00,0.0,1015.9,21.1,210.0,9.4,0.523052,67.0,27.8
2022-08-11 14:00:00,0.0,1016.1,21.1,220.0,7.6,0.548986,65.0,28.3
2022-08-11 15:00:00,0.0,1016.3,20.7,220.0,9.4,0.567946,54.0,31.1
2022-08-11 16:00:00,0.0,1016.3,20.7,311.0,9.4,0.626095,54.0,31.1
2022-08-11 17:00:00,0.0,1015.1,17.6,280.0,7.6,0.698651,37.0,34.4
2022-08-11 18:00:00,0.0,1013.9,18.5,0.0,0.0,0.789765,39.0,34.4
2022-08-11 19:00:00,0.0,1013.9,18.5,0.0,0.0,0.787172,39.0,34.4
2022-08-11 20:00:00,0.0,1012.8,18.1,280.0,11.2,0.863474,37.0,35.0
2022-08-11 21:00:00,0.0,1011.8,19.0,280.0,7.6,0.869467,43.0,33.3
2022-08-11 22:00:00,0.0,1011.7,22.3,290.0,37.1,0.751383,70.0,28.3
2022-08-11 23:00:00,0.0,1014.0,22.8,100.0,7.6,0.755763,82.0,26.1
2022-08-12 00:00:00,0.0,1012.3,22.1,290.0,13.0,0.688624,76.0,26.7
2022-08-12 01:00:00,0.0,1012.3,22.3,0.0,0.0,0.682457,72.0,27.8
2022-08-12 02:00:00,0.0,1013.8,21.7,0.0,0.0,0.67364,74.0,26.7
2022-08-12 03:00:00,0.0,1013.8,21.7,0.0,0.0,0.662172,74.0,26.7
2022-08-12 04:00:00,0.0,1014.2,21.8,0.0,0.0,0.631973,77.0,26.1
2022-08-12 05:00:00,0.0,1014.1,21.1,0.0,0.0,0.585466,74.0,26.1
2022-08-12 06:00:00,0.0,1014.1,21.1,0.0,0.0,0.524954,74.0,26.1
2022-08-12 07:00:00,0.0,1014.0,22.1,320.0,5.4,0.481501,84.0,25.0
2022-08-12 08:00:00,0.0,1013.9,22.3,310.0,5.4,0.459716,85.0,25.0
2022-08-12 09:00:00,0.0,1014.1,22.3,290.0,7.6,0.437068,88.0,24.4
2022-08-12 10:00:00,0.0,1014.4,21.8,300.0,7.6,0.422891,88.0,23.9
2022-08-12 11:00:00,0.0,1014.4,21.8,300.0,7.6,0.425542,88.0,23.9
2022-08-12 12:00:00,0.0,1015.1,21.7,0.0,0.0,0.425311,85.0,24.4
2022-08-12 13:00:00,0.0,1015.3,21.7,0.0,0.0,0.469975,72.0,27.2
2022-08-12 14:00:00,0.0,1015.3,21.2,210.0,7.6,0.508241,63.0,28.9
2022-08-12 15:00:00,0.0,1014.9,20.6,210.0,9.4,0.552905,52.0,31.7
2022-08-12 16:00:00,0.0,1014.9,20.6,310.0,9.4,0.60823,52.0,31.7
2022-08-12 17:00:00,0.0,1013.8,20.2,310.0,11.2,0.697153,42.0,35.0
2022-08-12 18:00:00,0.0,1013.0,19.1,110.0,14.8,0.745044,37.0,36.1
2022-08-12 19:00:00,0.0,1013.0,19.1,110.0,14.8,0.769652,37.0,36.1
2022-08-12 20:00:00,0.5,1013.0,21.1,110.0,24.1,0.804749,61.0,29.4
2022-08-12 21:00:00,0.0,1011.8,20.1,110.0,5.4,0.875634,46.0,33.3
2022-08-12 22:00:00,0.0,1011.1,18.7,90.0,16.6,0.874193,34.0,37.2
2022-08-12 23:00:00,0.0,1011.1,18.2,80.0,16.6,0.882953,36.0,35.6
2022-08-13 00:00:00,0.0,1010.7,18.1,110.0,20.5,0.871139,37.0,35.0
2022-08-13 01:00:00,0.0,1011.4,19.4,100.0,22.3,0.85725,44.0,33.3
2022-08-13 02:00:00,0.0,1013.3,21.1,140.0,22.3,0.81858,57.0,30.6
2022-08-13 03:00:00,0.0,1013.7,21.2,150.0,16.6,0.77749,63.0,28.9
2022-08-13 04:00:00,0.0,1013.7,21.2,150.0,16.6,0.729138,63.0,28.9
2022-08-13 05:00:00,0.0,1013.8,21.7,100.0,5.4,0.64615,72.0,27.2
2022-08-13 06:00:00,0.0,1013.8,21.7,100.0,5.4,0.583391,72.0,27.2
2022-08-13 07:00:00,0.0,1014.0,22.1,120.0,5.4,0.532619,76.0,26.7
2022-08-13 08:00:00,0.0,1014.0,22.8,0.0,0.0,0.520459,79.0,26.7
2022-08-13 09:00:00,0.0,1014.1,22.3,0.0,0.0,0.495217,82.0,25.6
2022-08-13 10:00:00,0.0,1014.0,22.9,0.0,0.0,0.478216,85.0,25.6
2022-08-13 11:00:00,0.0,1014.3,22.9,0.0,0.0,0.53112,85.0,25.6
2022-08-13 12:00:00,0.0,1014.3,22.9,0.0,0.0,0.511468,85.0,25.6
2022-08-13 13:00:00,0.0,1014.8,22.2,330.0,5.4,0.506512,67.0,28.9
2022-08-13 14:00:00,0.0,1015.0,20.7,70.0,5.4,0.548986,54.0,31.1
2022-08-13 15:00:00,0.0,1015.0,20.7,70.0,5.4,0.61405,54.0,31.1
2022-08-13 16:00:00,0.0,1014.8,20.7,50.0,9.4,0.661192,49.0,32.8
2022-08-13 17:00:00,0.0,1013.9,20.0,45.0,7.6,0.746254,43.0,34.4
2022-08-13 18:00:00,0.0,1013.9,20.0,60.0,7.6,0.781524,43.0,34.4
2022-08-13 19:00:00,0.0,1013.0,19.5,60.0,20.5,0.804,38.0,36.1
2022-08-13 20:00:00,0.0,1012.3,18.8,50.0,14.8,0.87719,33.0,37.8
2022-08-13 21:00:00,0.0,1011.5,18.3,70.0,24.1,0.918972,34.0,36.7
2022-08-13 22:00:00,0.0,1010.6,17.8,40.0,25.9,0.941563,31.0,37.8
2022-08-13 23:00:00,0.0,1010.2,17.8,90.0,25.9,0.909866,31.0,37.8
2022-08-14 00:00:00,0.0,1010.5,20.1,70.0,24.1,0.89396,46.0,33.3
2022-08-14 01:00:00,0.0,1010.5,20.1,120.0,27.7,0.873444,46.0,33.3
2022-08-14 02:00:00,0.0,1011.7,20.6,130.0,18.4,0.850968,57.0,30.0
2022-08-14 03:00:00,0.0,1012.3,22.3,140.0,13.0,0.802905,70.0,28.3
2022-08-14 04:00:00,0.0,1012.3,22.3,140.0,13.0,0.74539,70.0,28.3
2022-08-14 05:00:00,0.0,1012.9,21.0,130.0,9.4,0.673006,71.0,26.7
2022-08-14 06:00:00,0.0,1012.9,21.0,130.0,9.4,0.609497,71.0,26.7
2022-08-14 07:00:00,0.0,1012.3,21.7,0.0,0.0,0.553769,79.0,25.6
2022-08-14 08:00:00,0.0,1011.7,21.7,20.0,5.4,0.5068,79.0,25.6
2022-08-14 09:00:00,0.0,1011.6,21.7,40.0,11.2,0.460235,82.0,25.0
2022-08-14 10:00:00,0.0,1011.6,21.7,40.0,11.2,0.43701,82.0,25.0
2022-08-14 11:00:00,0.0,1011.9,21.7,30.0,11.2,0.426579,85.0,24.4
2022-08-14 12:00:00,0.0,1012.2,21.7,40.0,13.0,0.410154,79.0,25.6
2022-08-14 13:00:00,0.0,1012.2,21.7,40.0,13.0,0.426464,79.0,25.6
2022-08-14 14:00:00,0.0,1013.1,21.6,50.0,16.6,0.483806,67.0,28.3
2022-08-14 15:00:00,0.0,1013.1,21.8,50.0,16.6,0.55544,68.0,28.3
2022-08-14 16:00:00,0.0,1013.3,21.7,60.0,14.8,0.584083,61.0,30.0
2022-08-14 17:00:00,0.0,1013.5,21.7,90.0,24.1,0.622176,61.0,30.0
2022-08-14 18:00:00,0.5,1013.0,22.8,70.0,14.8,0.694329,72.0,28.3
2022-08-14 19:00:00,0.0,1012.4,22.2,120.0,16.6,0.594859,61.0,30.6
2022-08-14 20:00:00,0.0,1012.4,22.2,120.0,16.6,0.666321,61.0,30.6
2022-08-14 21:00:00,0.5,1011.9,21.7,110.0,29.5,0.674159,61.0,30.0
2022-08-14 22:00:00,0.0,1012.1,21.1,120.0,22.3,0.697787,57.0,30.6
2022-08-14 23:00:00,0.0,1011.5,20.6,100.0,22.3,0.734094,57.0,30.0
2022-08-15 00:00:00,0.0,1011.3,20.6,120.0,16.6,0.717727,59.0,29.4
2022-08-15 01:00:00,0.0,1011.6,19.5,120.0,25.9,0.710581,59.0,28.3
2022-08-15 02:00:00,0.0,1011.7,19.3,120.0,16.6,0.721358,60.0,27.8
2022-08-15 03:00:00,0.0,1012.7,21.1,120.0,16.6,0.69139,74.0,26.1
2022-08-15 04:00:00,0.0,1013.0,21.1,100.0,14.8,0.62402,76.0,25.6
2022-08-15 05:00:00,0.0,1013.0,21.1,100.0,14.8,0.554576,76.0,25.6
2022-08-15 06:00:00,0.0,1012.2,21.1,100.0,16.6,0.52553,79.0,25.0
2022-08-15 07:00:00,0.0,1012.2,21.1,100.0,11.2,0.498847,79.0,25.0
2022-08-15 08:00:00,0.0,1012.2,21.1,100.0,11.2,0.452858,79.0,25.0
2022-08-15 09:00:00,1.7,1011.9,22.9,120.0,16.6,0.442427,94.0,23.9
2022-08-15 10:00:00,3.8,1012.1,22.3,110.0,9.4,0.500346,94.0,23.3
2022-08-15 11:00:00,0.3,1012.1,22.3,110.0,9.4,0.510316,94.0,23.3
2022-08-15 12:00:00,0.3,1012.5,22.3,90.0,9.4,0.501671,94.0,23.3
2022-08-15 13:00:00,0.3,1012.5,22.3,110.0,7.6,0.497349,94.0,23.3
2022-08-15 14:00:00,0.0,1012.5,22.2,50.0,5.4,0.495678,90.0,23.9
2022-08-15 15:00:00,0.0,1013.0,22.8,50.0,9.4,0.504207,91.0,24.4
2022-08-15 16:00:00,0.0,1013.2,22.8,70.0,13.0,0.519998,77.0,27.2
2022-08-15 17:00:00,0.0,1013.2,22.8,120.0,27.7,0.549043,72.0,28.3
2022-08-15 18:00:00,0.0,1012.8,20.5,130.0,24.1,0.557688,55.0,30.6
2022-08-15 19:00:00,0.0,1012.2,21.0,160.0,20.5,0.577397,55.0,31.1
2022-08-15 20:00:00,0.0,1012.2,21.0,160.0,20.5,0.542301,55.0,31.1
2022-08-15 21:00:00,1.4,1011.9,21.6,150.0,18.4,0.550023,63.0,29.4
2022-08-15 22:00:00,0.0,1010.8,21.7,170.0,14.8,0.5861,61.0,30.0
2022-08-15 23:00:00,0.0,1010.0,21.1,160.0,18.4,0.621773,57.0,30.6
2022-08-16 00:00:00,0.0,1009.7,20.5,150.0,14.8,0.616644,55.0,30.6
2022-08-16 01:00:00,0.0,1010.0,20.6,170.0,14.8,0.645574,57.0,30.0
2022-08-16 02:00:00,0.0,1011.9,21.1,150.0,16.6,0.659521,67.0,27.8
2022-08-16 03:00:00,0.0,1012.7,21.7,150.0,20.5,0.621542,72.0,27.2
2022-08-16 04:00:00,0.0,1012.9,22.1,140.0,16.6,0.579933,76.0,26.7
2022-08-16 05:00:00,0.0,1012.9,22.1,140.0,16.6,0.497925,76.0,26.7
2022-08-16 06:00:00,0.0,1012.4,22.8,100.0,5.4,0.455798,91.0,24.4
2022-08-16 07:00:00,0.0,1011.9,22.9,110.0,5.4,0.423121,94.0,23.9
2022-08-16 08:00:00,0.0,1012.2,22.9,130.0,5.4,0.436491,94.0,23.9
2022-08-16 09:00:00,0.0,1012.2,22.9,110.0,5.4,0.414246,94.0,23.9
2022-08-16 10:00:00,0.0,1012.2,22.9,110.0,5.4,0.465422,94.0,23.9
2022-08-16 11:00:00,0.0,1012.3,23.4,100.0,7.6,0.47107,94.0,24.4
2022-08-16 12:00:00,0.0,1013.0,23.2,0.0,0.0,0.466113,90.0,25.0
2022-08-16 13:00:00,0.0,1013.0,23.2,0.0,0.0,0.468188,90.0,25.0
2022-08-16 14:00:00,0.0,1013.7,23.4,140.0,22.3,0.472049,77.0,27.8
2022-08-16 15:00:00,0.0,1013.7,23.4,140.0,22.3,0.496024,77.0,27.8
2022-08-16 16:00:00,0.0,1013.6,21.6,150.0,18.4,0.536595,57.0,31.1
2022-08-16 17:00:00,0.0,1013.3,21.6,190.0,13.0,0.600046,57.0,31.1
2022-08-16 18:00:00,0.0,1012.8,20.5,150.0,22.3,0.641482,47.0,33.3
2022-08-16 19:00:00,0.0,1012.2,19.0,140.0,13.0,0.69698,43.0,33.3
2022-08-16 20:00:00,0.0,1012.2,19.0,140.0,13.0,0.751787,43.0,33.3
2022-08-16 21:00:00,0.0,1010.9,19.1,150.0,16.6,0.81541,38.0,35.6
2022-08-16 22:00:00,0.0,1010.9,19.1,150.0,16.6,0.815929,38.0,35.6
2022-08-16 23:00:00,0.0,1010.1,19.0,140.0,13.0,0.914361,39.0,35.0
2022-08-17 00:00:00,0.0,1010.1,19.0,140.0,13.0,0.851199,39.0,35.0
2022-08-17 01:00:00,0.0,1010.7,21.3,160.0,20.5,0.827686,54.0,31.7
2022-08-17 02:00:00,0.0,1011.4,21.6,150.0,20.5,0.812586,57.0,31.1
2022-08-17 03:00:00,0.0,1012.3,22.9,150.0,20.5,0.78112,68.0,29.4
2022-08-17 04:00:00,0.0,1012.6,22.9,170.0,20.5,0.720032,70.0,28.9
2022-08-17 05:00:00,0.0,1012.6,22.9,170.0,20.5,0.635316,70.0,28.9
2022-08-17 06:00:00,0.0,1013.0,22.7,180.0,13.0,0.57515,74.0,27.8
2022-08-17 07:00:00,0.0,1013.2,23.4,180.0,9.4,0.520401,85.0,26.1
2022-08-17 08:00:00,0.0,1013.2,23.4,180.0,9.4,0.484728,85.0,26.1
2022-08-17 09:00:00,0.0,1013.5,22.9,160.0,7.6,0.466805,85.0,25.6
2022-08-17 10:00:00,0.0,1013.5,22.9,160.0,7.6,0.519018,85.0,25.6
2022-08-17 11:00:00,0.0,1014.2,22.9,220.0,11.2,0.522591,85.0,25.6
2022-08-17 12:00:00,0.0,1014.8,22.8,240.0,9.4,0.527086,82.0,26.1
2022-08-17 13:00:00,0.0,1015.2,22.8,220.0,9.4,0.499193,77.0,27.2
2022-08-17 14:00:00,0.0,1015.4,21.2,180.0,14.8,0.520113,63.0,28.9
2022-08-17 15:00:00,0.0,1015.4,21.2,180.0,14.8,0.555095,63.0,28.9
2022-08-17 16:00:00,0.0,1015.0,20.7,200.0,9.4,0.594225,54.0,31.1
2022-08-17 17:00:00,0.0,1014.4,20.5,140.0,9.4,0.641252,50.0,32.2
2022-08-17 18:00:00,0.0,1013.7,19.6,140.0,11.2,0.706835,43.0,33.9
2022-08-17 19:00:00,0.0,1013.7,19.6,186.0,11.2,0.768211,43.0,33.9
2022-08-17 20:00:00,0.0,1013.1,19.5,190.0,16.6,0.837137,39.0,35.6
2022-08-17 21:00:00,0.0,1011.8,18.2,178.0,9.4,0.835005,36.0,35.6
2022-08-17 22:00:00,0.0,1011.6,18.2,150.0,18.4,0.868545,35.0,36.1
2022-08-17 23:00:00,0.0,1011.3,17.8,150.0,14.8,0.941678,35.0,35.6
2022-08-18 00:00:00,0.0,1011.3,17.8,150.0,14.8,0.919779,35.0,35.6
2022-08-18 01:00:00,0.0,1011.4,18.8,130.0,14.8,0.899205,45.0,32.2
2022-08-18 02:00:00,0.0,1011.6,18.8,150.0,13.0,0.844225,45.0,32.2
2022-08-18 03:00:00,0.0,1012.3,22.1,170.0,18.4,0.807169,59.0,31.1
2022-08-18 04:00:00,0.0,1012.8,23.4,170.0,20.5,0.757088,70.0,29.4
2022-08-18 05:00:00,0.0,1012.8,23.4,170.0,20.5,0.680095,70.0,29.4
2022-08-18 06:00:00,0.0,1012.9,22.3,180.0,14.8,0.61745,72.0,27.8
2022-08-18 07:00:00,0.0,1013.2,22.2,190.0,11.2,0.569387,74.0,27.2
2022-08-18 08:00:00,0.0,1013.3,22.1,200.0,11.2,0.525011,76.0,26.7
2022-08-18 09:00:00,0.0,1013.3,22.1,200.0,11.2,0.486572,76.0,26.7
2022-08-18 10:00:00,0.0,1013.3,22.1,200.0,11.2,0.520516,76.0,26.7
2022-08-18 11:00:00,0.0,1013.2,22.8,200.0,13.0,0.512275,82.0,26.1
2022-08-18 12:00:00,0.0,1013.2,22.8,200.0,13.0,0.489684,82.0,26.1
2022-08-18 13:00:00,0.0,1013.3,23.4,220.0,11.2,0.485189,82.0,26.7
2022-08-18 14:00:00,0.0,1013.3,22.7,220.0,14.8,0.521554,74.0,27.8
2022-08-18 15:00:00,0.0,1013.5,21.3,270.0,7.6,0.567946,54.0,31.7
2022-08-18 16:00:00,0.0,1013.3,20.0,270.0,11.2,0.627132,47.0,32.8
2022-08-18 17:00:00,0.0,1012.8,18.9,160.0,9.4,0.679518,40.0,34.4
2022-08-18 18:00:00,0.0,1011.6,19.4,130.0,11.2,0.762679,40.0,35.0
2022-08-18 19:00:00,0.0,1011.6,19.4,130.0,11.2,0.804633,40.0,35.0
2022-08-18 20:00:00,0.0,1010.1,18.3,160.0,16.6,0.84313,34.0,36.7
2022-08-18 21:00:00,0.0,1010.1,18.3,160.0,16.6,0.908022,34.0,36.7
2022-08-18 22:00:00,0.0,1010.1,19.3,30.0,20.5,0.945943,45.0,32.8
2022-08-18 23:00:00,0.0,1009.9,20.6,70.0,20.5,0.939431,63.0,28.3
2022-08-19 00:00:00,0.0,1009.9,20.6,70.0,20.5,0.888831,63.0,28.3
2022-08-19 01:00:00,0.0,1011.8,19.3,40.0,14.8,0.829299,60.0,27.8
2022-08-19 02:00:00,0.0,1012.8,19.3,90.0,11.2,0.802847,60.0,27.8
2022-08-19 03:00:00,0.0,1012.4,20.1,100.0,16.6,0.751268,63.0,27.8
2022-08-19 04:00:00,0.0,1012.5,20.1,90.0,13.0,0.683379,65.0,27.2
2022-08-19 05:00:00,0.0,1012.5,20.1,90.0,13.0,0.612494,65.0,27.2
2022-08-19 06:00:00,0.0,1012.3,20.0,100.0,11.2,0.575438,69.0,26.1
2022-08-19 07:00:00,0.0,1012.2,20.7,0.0,0.0,0.540111,72.0,26.1
2022-08-19 08:00:00,0.0,1012.0,21.1,0.0,0.0,0.509567,74.0,26.1
2022-08-19 09:00:00,0.0,1012.0,21.1,0.0,0.0,0.486053,74.0,26.1
2022-08-19 10:00:00,0.0,1012.1,21.1,0.0,0.0,0.539419,74.0,26.1
2022-08-19 11:00:00,0.0,1012.3,22.2,230.0,7.6,0.535961,79.0,26.1
2022-08-19 12:00:00,0.0,1012.3,22.8,190.0,9.4,0.53089,79.0,26.7
2022-08-19 13:00:00,0.0,1012.3,22.7,190.0,11.2,0.500922,74.0,27.8
2022-08-19 14:00:00,0.0,1012.6,20.6,210.0,11.2,0.531293,57.0,30.0
2022-08-19 15:00:00,0.0,1012.6,20.6,210.0,11.2,0.569214,57.0,30.0
2022-08-19 16:00:00,0.0,1012.2,19.3,190.0,14.8,0.630648,45.0,32.8
2022-08-19 17:00:00,0.0,1011.3,18.8,190.0,20.5,0.686261,41.0,33.9
2022-08-19 18:00:00,0.0,1010.5,19.1,190.0,13.0,0.732769,38.0,35.6
2022-08-19 19:00:00,0.0,1010.5,19.1,190.0,13.0,0.801291,38.0,35.6
2022-08-19 20:00:00,0.0,1009.7,18.1,130.0,11.2,0.857307,37.0,35.0
2022-08-19 21:00:00,0.0,1008.7,17.3,90.0,11.2,0.82636,34.0,35.6
2022-08-19 22:00:00,0.0,1008.7,17.3,90.0,22.3,0.85408,34.0,35.6
2022-08-19 23:00:00,0.0,1009.0,20.5,100.0,25.9,0.807976,47.0,33.3
2022-08-20 00:00:00,0.0,1009.5,20.0,120.0,27.7,0.762967,47.0,32.8
2022-08-20 01:00:00,0.0,1010.6,21.1,130.0,25.9,0.758241,59.0,30.0
2022-08-20 02:00:00,0.0,1011.5,21.7,130.0,29.5,0.783022,65.0,28.9
2022-08-20 03:00:00,0.0,1011.5,21.7,130.0,29.5,0.769191,65.0,28.9
2022-08-20 04:00:00,0.0,1012.4,22.3,150.0,16.6,0.702282,72.0,27.8
2022-08-20 05:00:00,0.0,1012.3,22.1,150.0,16.6,0.630648,76.0,26.7
2022-08-20 06:00:00,0.0,1012.7,22.8,150.0,16.6,0.584313,79.0,26.7
2022-08-20 07:00:00,0.0,1012.7,22.8,150.0,16.6,0.520747,79.0,26.7
2022-08-20 08:00:00,0.0,1012.7,22.8,170.0,14.8,0.490491,79.0,26.7
2022-08-20 09:00:00,0.0,1012.7,22.8,170.0,14.8,0.471531,79.0,26.7
2022-08-20 10:00:00,0.0,1013.0,22.8,170.0,14.8,0.44819,82.0,26.1
2022-08-20 11:00:00,0.0,1013.9,23.4,170.0,16.6,0.504668,85.0,26.1
2022-08-20 12:00:00,0.0,1014.5,22.8,170.0,14.8,0.486111,82.0,26.1
2022-08-20 13:00:00,0.0,1015.2,23.2,170.0,14.8,0.499942,79.0,27.2
2022-08-20 14:00:00,0.0,1015.2,23.2,170.0,14.8,0.526222,79.0,27.2
2022-08-20 15:00:00,0.0,1015.3,21.1,150.0,16.6,0.556189,57.0,30.6
2022-08-20 16:00:00,0.0,1015.2,21.3,150.0,16.6,0.63958,54.0,31.7
2022-08-20 17:00:00,0.0,1014.3,20.1,190.0,16.6,0.684129,46.0,33.3
2022-08-20 18:00:00,0.0,1014.3,20.1,190.0,16.6,0.738186,46.0,33.3
2022-08-20 19:00:00,0.0,1012.6,19.0,140.0,20.5,0.761411,39.0,35.0
2022-08-20 20:00:00,0.0,1011.7,18.3,160.0,24.1,0.795758,34.0,36.7
2022-08-20 21:00:00,0.0,1011.7,18.3,160.0,24.1,0.846819,34.0,36.7
2022-08-20 22:00:00,0.0,1011.0,20.0,140.0,25.9,0.904968,39.0,36.1
2022-08-20 23:00:00,0.0,1011.0,19.5,140.0,25.9,0.895344,39.0,35.6
2022-08-21 00:00:00,0.0,1011.9,20.7,140.0,25.9,0.875346,49.0,32.8
2022-08-21 01:00:00,0.0,1012.6,20.7,130.0,24.1,0.849931,54.0,31.1
2022-08-21 02:00:00,0.0,1013.3,21.1,140.0,29.5,0.804979,59.0,30.0
2022-08-21 03:00:00,0.0,1014.1,21.7,130.0,22.3,0.748041,65.0,28.9
2022-08-21 04:00:00,0.0,1014.1,21.7,130.0,22.3,0.706662,65.0,28.9
2022-08-21 05:00:00,0.0,1014.3,22.7,140.0,22.3,0.642289,74.0,27.8
2022-08-21 06:00:00,0.0,1014.1,22.8,140.0,18.4,0.662921,77.0,27.2
2022-08-21 07:00:00,0.0,1014.1,22.8,140.0,18.4,0.609497,77.0,27.2
2022-08-21 08:00:00,0.0,1013.7,22.8,160.0,16.6,0.5574,82.0,26.1
2022-08-21 09:00:00,0.0,1013.5,22.8,150.0,16.6,0.534059,82.0,26.1
2022-08-21 10:00:00,0.0,1013.5,23.3,130.0,14.8,0.514753,87.0,25.6
2022-08-21 11:00:00,0.0,1014.0,23.4,120.0,13.0,0.492739,85.0,26.1
2022-08-21 12:00:00,0.0,1014.0,23.4,120.0,13.0,0.47908,85.0,26.1
2022-08-21 13:00:00,0.1,1014.2,23.8,120.0,13.0,0.482826,90.0,25.6
2022-08-21 14:00:00,0.0,1015.0,21.7,170.0,16.6,0.514004,72.0,27.2
2022-08-21 15:00:00,0.0,1015.3,22.2,130.0,22.3,0.555095,74.0,27.2
2022-08-21 16:00:00,0.0,1015.2,22.3,150.0,16.6,0.566332,72.0,27.8
2022-08-21 17:00:00,0.0,1015.2,22.3,150.0,16.6,0.619006,72.0,27.8
2022-08-21 18:00:00,0.0,1014.6,22.3,150.0,11.2,0.645228,70.0,28.3
2022-08-21 19:00:00,0.0,1012.9,21.8,140.0,16.6,0.716056,56.0,31.7
2022-08-21 20:00:00,0.0,1011.9,21.7,140.0,11.2,0.779795,52.0,32.8
2022-08-21 21:00:00,0.0,1011.9,21.7,140.0,11.2,0.826302,52.0,32.8
2022-08-21 22:00:00,0.0,1011.1,20.7,140.0,20.5,0.836791,49.0,32.8
2022-08-21 23:00:00,0.0,1010.6,21.7,150.0,18.4,0.896784,52.0,32.8
2022-08-22 00:00:00,0.0,1010.7,22.9,120.0,22.3,0.894998,58.0,32.2
2022-08-22 01:00:00,0.0,1011.1,23.2,120.0,24.1,0.895689,67.0,30.0
2022-08-22 02:00:00,0.0,1012.6,22.9,160.0,22.3,0.883645,70.0,28.9
2022-08-22 03:00:00,0.0,1012.6,22.9,160.0,22.3,0.835754,70.0,28.9
2022-08-22 04:00:00,0.0,1013.0,23.4,140.0,14.8,0.768672,77.0,27.8
2022-08-22 05:00:00,0.0,1012.8,23.2,160.0,18.4,0.665687,79.0,27.2
2022-08-22 06:00:00,0.0,1012.9,23.2,160.0,14.8,0.605636,79.0,27.2
2022-08-22 07:00:00,0.0,1012.4,22.8,140.0,11.2,0.567831,79.0,26.7
2022-08-22 08:00:00,0.0,1012.4,22.8,140.0,11.2,0.518787,79.0,26.7
2022-08-22 09:00:00,0.0,1012.1,23.4,170.0,9.4,0.496888,85.0,26.1
2022-08-22 10:00:00,0.0,1012.1,23.4,170.0,7.6,0.484728,85.0,26.1
2022-08-22 11:00:00,0.0,1012.1,23.4,170.0,16.6,0.516713,85.0,26.1
2022-08-22 12:00:00,0.0,1012.4,23.4,180.0,14.8,0.536134,82.0,26.7
2022-08-22 13:00:00,0.0,1012.4,23.4,180.0,14.8,0.53648,82.0,26.7
2022-08-22 14:00:00,0.0,1012.8,22.8,210.0,16.6,0.543453,72.0,28.3
2022-08-22 15:00:00,0.0,1012.6,22.9,190.0,14.8,0.563797,70.0,28.9
2022-08-22 16:00:00,0.0,1012.4,22.7,210.0,16.6,0.592958,65.0,30.0
2022-08-22 17:00:00,0.0,1011.5,22.7,180.0,13.0,0.597222,61.0,31.1
2022-08-22 18:00:00,0.0,1011.5,22.7,180.0,13.0,0.627536,61.0,31.1
2022-08-22 19:00:00,0.0,1009.2,22.8,180.0,11.2,0.695367,51.0,34.4
2022-08-22 20:00:00,0.0,1008.2,21.8,234.0,11.2,0.761584,48.0,34.4
2022-08-22 21:00:00,0.0,1008.2,21.8,242.0,11.2,0.874078,48.0,34.4
2022-08-22 22:00:00,0.0,1007.5,21.1,330.0,7.6,0.927328,46.0,34.4
2022-08-22 23:00:00,0.0,1009.4,22.8,330.0,11.2,0.797026,91.0,24.4
2022-08-23 00:00:00,3.0,1009.9,22.3,340.0,9.4,0.720205,88.0,24.4
2022-08-23 01:00:00,0.0,1009.9,22.3,340.0,9.4,0.671104,88.0,24.4
2022-08-23 02:00:00,0.0,1011.1,22.9,0.0,0.0,0.650184,88.0,25.0
2022-08-23 03:00:00,0.3,1012.0,22.8,0.0,0.0,0.619006,91.0,24.4
2022-08-23 04:00:00,0.0,1011.5,23.4,100.0,9.4,0.554288,94.0,24.4
2022-08-23 05:00:00,0.0,1010.9,22.2,70.0,5.4,0.512218,90.0,23.9
2022-08-23 06:00:00,0.0,1010.9,22.2,70.0,5.4,0.475334,90.0,23.9
2022-08-23 07:00:00,0.0,1013.0,22.3,0.0,0.0,0.455164,88.0,24.4
2022-08-23 08:00:00,0.0,1011.2,22.3,160.0,5.4,0.422545,88.0,24.4
2022-08-23 09:00:00,0.0,1010.9,22.9,0.0,0.0,0.405083,94.0,23.9
2022-08-23 10:00:00,0.0,1010.5,22.9,70.0,5.4,0.457757,94.0,23.9
2022-08-23 11:00:00,0.0,1010.8,22.3,30.0,5.4,0.471704,88.0,24.4
2022-08-23 12:00:00,0.0,1011.2,22.9,100.0,5.4,0.498271,94.0,23.9
2022-08-23 13:00:00,0.0,1011.2,22.9,100.0,5.4,0.478734,94.0,23.9
2022-08-23 14:00:00,0.0,1011.9,22.1,140.0,7.6,0.455452,84.0,25.0
2022-08-23 15:00:00,0.0,1012.0,21.8,0.0,0.0,0.503054,77.0,26.1
2022-08-23 16:00:00,0.0,1012.0,21.7,0.0,0.0,0.504726,74.0,26.7
2022-08-23 17:00:00,0.0,1011.7,21.7,0.0,0.0,0.554115,74.0,26.7
2022-08-23 18:00:00,0.5,1011.7,21.7,0.0,0.0,0.589154,74.0,26.7
2022-08-23 19:00:00,0.0,1010.6,22.8,90.0,7.6,0.539419,72.0,28.3
2022-08-23 20:00:00,0.0,1009.7,22.9,90.0,5.4,0.644882,68.0,29.4
2022-08-23 21:00:00,0.0,1008.8,23.2,70.0,7.6,0.698306,67.0,30.0
2022-08-23 22:00:00,0.0,1008.8,23.2,70.0,7.6,0.715479,67.0,30.0
2022-08-23 23:00:00,0.0,1008.1,21.1,20.0,11.2,0.786077,52.0,32.2
2022-08-24 00:00:00,0.0,1008.8,21.1,80.0,9.4,0.766309,59.0,30.0
2022-08-24 01:00:00,0.0,1009.7,21.6,100.0,7.6,0.725219,67.0,28.3
2022-08-24 02:00:00,0.0,1009.7,21.8,100.0,7.6,0.761584,68.0,28.3
2022-08-24 03:00:00,0.0,1010.3,23.4,110.0,7.6,0.700496,77.0,27.8
2022-08-24 04:00:00,0.0,1011.1,23.4,0.0,0.0,0.640675,77.0,27.8
2022-08-24 05:00:00,0.0,1011.1,23.4,190.0,5.4,0.579299,77.0,27.8
2022-08-24 06:00:00,0.0,1010.8,22.7,240.0,5.4,0.530602,74.0,27.8
2022-08-24 07:00:00,0.0,1010.9,22.8,290.0,9.4,0.478273,77.0,27.2
2022-08-24 08:00:00,0.0,1010.9,22.8,290.0,9.4,0.441448,77.0,27.2
2022-08-24 09:00:00,0.2,1010.5,23.4,0.0,0.0,0.424216,82.0,26.7
2022-08-24 10:00:00,0.0,1011.1,22.8,190.0,16.6,0.490491,82.0,26.1
2022-08-24 11:00:00,0.0,1011.1,22.8,190.0,16.6,0.523398,82.0,26.1
2022-08-24 12:00:00,6.1,1011.9,22.9,270.0,9.4,0.538382,88.0,25.0
2022-08-24 13:00:00,28.4,1012.9,22.9,220.0,14.8,0.505475,94.0,23.9
2022-08-24 14:00:00,1.8,1012.9,22.9,300.0,7.6,0.512563,88.0,25.0
2022-08-24 15:00:00,1.8,1013.1,24.0,300.0,7.6,0.497925,85.0,26.7
2022-08-24 16:00:00,0.0,1013.0,23.4,360.0,7.6,0.548006,70.0,29.4
2022-08-24 17:00:00,0.0,1012.6,22.7,0.0,0.0,0.592093,65.0,30.0
2022-08-24 18:00:00,0.0,1012.6,22.7,0.0,0.0,0.623156,65.0,30.0
2022-08-24 19:00:00,0.0,1011.4,22.2,120.0,7.6,0.714212,63.0,30.0
2022-08-24 20:00:00,0.0,1011.1,22.1,350.0,9.4,0.597453,65.0,29.4
2022-08-24 21:00:00,0.0,1011.1,22.1,200.0,9.4,0.603792,65.0,29.4
2022-08-24 22:00:00,0.3,1011.1,22.8,200.0,9.4,0.601833,72.0,28.3
2022-08-24 23:00:00,0.0,1010.4,23.4,0.0,0.0,0.621946,77.0,27.8
2022-08-25 00:00:00,0.0,1010.4,23.4,0.0,0.0,0.59607,77.0,27.8
2022-08-25 01:00:00,0.0,1011.4,23.8,0.0,0.0,0.626153,79.0,27.8
2022-08-25 02:00:00,0.0,1011.8,24.4,330.0,9.4,0.634163,87.0,26.7
2022-08-25 03:00:00,0.0,1011.8,24.4,330.0,9.4,0.608287,87.0,26.7
2022-08-25 04:00:00,0.0,1012.8,23.4,0.0,0.0,0.555095,85.0,26.1
2022-08-25 05:00:00,0.0,1012.9,23.4,0.0,0.0,0.506685,85.0,26.1
2022-08-25 06:00:00,0.0,1013.1,23.3,0.0,0.0,0.467036,87.0,25.6
2022-08-25 07:00:00,0.0,1012.9,23.4,20.0,5.4,0.441505,85.0,26.1
2022-08-25 08:00:00,0.0,1012.9,23.4,20.0,5.4,0.428942,85.0,26.1
2022-08-25 09:00:00,0.0,1012.8,23.3,0.0,0.0,0.409405,87.0,25.6
2022-08-25 10:00:00,0.0,1013.1,23.3,40.0,5.4,0.461676,87.0,25.6
2022-08-25 11:00:00,0.0,1013.6,23.3,0.0,0.0,0.478101,87.0,25.6
2022-08-25 12:00:00,0.0,1013.6,23.3,0.0,0.0,0.503688,87.0,25.6
2022-08-25 13:00:00,0.0,1014.2,22.3,20.0,9.4,0.484036,85.0,25.0
2022-08-25 14:00:00,0.0,1015.4,21.0,70.0,13.0,0.490203,71.0,26.7
2022-08-25 15:00:00,0.0,1015.9,21.0,50.0,9.4,0.518615,69.0,27.2
2022-08-25 16:00:00,0.0,1016.1,21.2,50.0,5.4,0.540341,63.0,28.9
2022-08-25 17:00:00,0.0,1016.1,21.2,70.0,5.4,0.582527,63.0,28.9
2022-08-25 18:00:00,0.0,1014.8,21.1,90.0,9.4,0.573767,57.0,30.6
2022-08-25 19:00:00,0.0,1014.0,20.7,110.0,13.0,0.597165,54.0,31.1
2022-08-25 20:00:00,0.0,1013.2,19.5,60.0,11.2,0.611572,47.0,32.2
2022-08-25 21:00:00,0.0,1013.2,19.5,60.0,11.2,0.693119,47.0,32.2
2022-08-25 22:00:00,0.0,1012.3,19.3,70.0,13.0,0.765214,45.0,32.8
2022-08-25 23:00:00,0.0,1011.4,19.0,0.0,0.0,0.798755,43.0,33.3
2022-08-26 00:00:00,0.0,1011.9,19.3,100.0,9.4,0.784636,48.0,31.7
2022-08-26 01:00:00,0.0,1012.3,22.2,210.0,16.6,0.726948,61.0,30.6
2022-08-26 02:00:00,0.0,1012.3,22.2,210.0,16.6,0.773456,61.0,30.6
2022-08-26 03:00:00,0.0,1013.3,23.3,220.0,16.6,0.732769,72.0,28.9
2022-08-26 04:00:00,0.0,1014.5,22.2,290.0,5.4,0.649032,74.0,27.2
2022-08-26 05:00:00,0.0,1014.4,22.2,250.0,5.4,0.567427,74.0,27.2
2022-08-26 06:00:00,0.0,1014.1,22.1,0.0,0.0,0.512275,76.0,26.7
2022-08-26 07:00:00,0.0,1014.1,22.1,0.0,0.0,0.468015,76.0,26.7
2022-08-26 08:00:00,0.0,1013.3,22.2,320.0,5.4,0.435224,79.0,26.1
2022-08-26 09:00:00,0.0,1013.1,22.2,290.0,5.4,0.421277,79.0,26.1
2022-08-26 10:00:00,0.0,1013.0,22.3,330.0,7.6,0.482826,82.0,25.6
2022-08-26 11:00:00,0.0,1013.4,21.7,320.0,7.6,0.482596,82.0,25.0
2022-08-26 12:00:00,0.0,1013.4,21.7,320.0,7.6,0.512275,82.0,25.0
2022-08-26 13:00:00,0.0,1014.3,21.0,0.0,0.0,0.511065,71.0,26.7
2022-08-26 14:00:00,0.0,1014.4,21.2,60.0,7.6,0.51654,63.0,28.9
2022-08-26 15:00:00,0.0,1014.1,21.7,60.0,5.4,0.557342,59.0,30.6
2022-08-26 16:00:00,0.0,1013.8,21.1,14.0,5.4,0.621254,52.0,32.2
2022-08-26 17:00:00,0.0,1013.8,21.1,23.0,5.4,0.663036,52.0,32.2
2022-08-26 18:00:00,0.0,1012.5,19.6,110.0,9.4,0.750922,43.0,33.9
2022-08-26 19:00:00,0.0,1012.1,19.5,60.0,24.1,0.706893,50.0,31.1
2022-08-26 20:00:00,0.0,1012.1,19.5,60.0,24.1,0.793223,50.0,31.1
2022-08-26 21:00:00,0.0,1011.2,18.3,90.0,11.2,0.680728,41.0,33.3
2022-08-26 22:00:00,0.0,1011.2,21.1,190.0,25.9,0.736226,59.0,30.0
2022-08-26 23:00:00,0.0,1011.0,21.1,170.0,9.4,0.786307,65.0,28.3
2022-08-27 00:00:00,0.0,1010.6,20.6,0.0,0.0,0.750115,59.0,29.4
2022-08-27 01:00:00,0.0,1011.0,21.2,60.0,7.6,0.71888,63.0,28.9
2022-08-27 02:00:00,0.0,1011.0,21.2,60.0,7.6,0.692082,63.0,28.9
2022-08-27 03:00:00,0.0,1012.5,22.2,160.0,9.4,0.645574,74.0,27.2
2022-08-27 04:00:00,0.0,1012.6,22.1,0.0,0.0,0.610247,76.0,26.7
2022-08-27 05:00:00,0.0,1012.6,22.1,0.0,0.0,0.569675,76.0,26.7
2022-08-27 06:00:00,0.0,1012.7,22.8,140.0,13.0,0.522303,82.0,26.1
2022-08-27 07:00:00,0.0,1012.7,22.8,140.0,13.0,0.480233,82.0,26.1
2022-08-27 08:00:00,0.0,1012.1,22.9,170.0,7.6,0.446173,85.0,25.6
2022-08-27 09:00:00,0.0,1012.1,22.9,170.0,7.6,0.436491,85.0,25.6
2022-08-27 10:00:00,0.0,1011.9,23.2,150.0,9.4,0.401222,90.0,25.0
2022-08-27 11:00:00,0.0,1011.9,23.2,150.0,9.4,0.405775,90.0,25.0
2022-08-27 12:00:00,0.0,1012.0,22.8,0.0,0.0,0.41684,91.0,24.4
2022-08-27 13:00:00,0.0,1012.8,23.4,150.0,7.6,0.421162,85.0,26.1
2022-08-27 14:00:00,0.0,1012.5,23.4,200.0,13.0,0.457469,77.0,27.8
2022-08-27 15:00:00,0.0,1012.2,22.9,180.0,9.4,0.492508,68.0,29.4
2022-08-27 16:00:00,0.0,1011.9,21.6,170.0,9.4,0.530486,63.0,29.4
2022-08-27 17:00:00,0.0,1011.9,21.6,170.0,9.4,0.59849,63.0,29.4
2022-08-27 18:00:00,0.0,1010.1,19.9,130.0,16.6,0.671335,44.0,33.9
2022-08-27 19:00:00,0.0,1009.3,20.0,130.0,11.2,0.728331,43.0,34.4
2022-08-27 20:00:00,0.0,1009.3,20.0,90.0,11.2,0.781005,43.0,34.4
2022-08-27 21:00:00,0.0,1008.0,19.4,90.0,7.6,0.794433,44.0,33.3
2022-08-27 22:00:00,0.0,1006.7,20.1,150.0,16.6,0.833852,46.0,33.3
2022-08-27 23:00:00,0.0,1006.7,20.1,150.0,14.8,0.851083,46.0,33.3
2022-08-28 00:00:00,0.0,1007.0,20.5,150.0,14.8,0.851544,50.0,32.2
2022-08-28 01:00:00,0.0,1007.5,21.0,150.0,25.9,0.821519,55.0,31.1
2022-08-28 02:00:00,0.0,1007.5,21.0,130.0,29.5,0.792531,55.0,31.1
2022-08-28 03:00:00,0.0,1009.1,21.6,160.0,22.3,0.760662,67.0,28.3
2022-08-28 04:00:00,0.0,1009.9,22.3,150.0,25.9,0.702225,72.0,27.8
2022-08-28 05:00:00,0.0,1009.6,22.1,160.0,14.8,0.635258,76.0,26.7
2022-08-28 06:00:00,0.0,1009.6,22.8,180.0,13.0,0.58172,82.0,26.1
2022-08-28 07:00:00,0.0,1009.6,22.8,180.0,13.0,0.516828,82.0,26.1
2022-08-28 08:00:00,0.0,1009.3,22.8,170.0,13.0,0.470032,82.0,26.1
2022-08-28 09:00:00,0.0,1009.0,22.9,170.0,11.2,0.449977,85.0,25.6
2022-08-28 10:00:00,0.0,1009.3,23.3,180.0,11.2,0.445136,87.0,25.6
2022-08-28 11:00:00,0.0,1009.5,23.3,180.0,9.4,0.438047,87.0,25.6
2022-08-28 12:00:00,0.0,1009.5,23.3,180.0,9.4,0.411653,87.0,25.6
2022-08-28 13:00:00,0.0,1010.3,23.4,130.0,14.8,0.427905,82.0,26.7
2022-08-28 14:00:00,0.0,1010.4,22.2,150.0,16.6,0.479714,67.0,28.9
2022-08-28 15:00:00,0.0,1010.2,21.6,150.0,22.3,0.510085,63.0,29.4
2022-08-28 16:00:00,0.0,1010.1,21.7,150.0,14.8,0.564027,59.0,30.6
2022-08-28 17:00:00,0.0,1010.1,21.7,150.0,14.8,0.627593,59.0,30.6
2022-08-28 18:00:00,0.0,1009.3,20.0,130.0,14.8,0.657158,47.0,32.8
2022-08-28 19:00:00,0.0,1008.4,19.3,150.0,16.6,0.717612,41.0,34.4
2022-08-28 20:00:00,0.0,1007.5,20.0,120.0,20.5,0.754899,43.0,34.4
2022-08-28 21:00:00,0.0,1007.5,20.0,120.0,20.5,0.800599,43.0,34.4
2022-08-28 22:00:00,0.0,1006.8,19.4,130.0,22.3,0.873329,40.0,35.0
2022-08-28 23:00:00,0.0,1006.2,19.9,120.0,22.3,0.909751,44.0,33.9
2022-08-29 00:00:00,0.0,1006.3,20.7,140.0,25.9,0.910154,49.0,32.8
2022-08-29 01:00:00,0.0,1007.0,21.6,140.0,27.7,0.888428,57.0,31.1
2022-08-29 02:00:00,0.0,1007.0,21.6,140.0,27.7,0.872464,57.0,31.1
2022-08-29 03:00:00,0.0,1008.8,22.3,140.0,24.1,0.803077,70.0,28.3
2022-08-29 04:00:00,0.0,1008.7,22.8,130.0,16.6,0.716171,77.0,27.2
2022-08-29 05:00:00,0.0,1008.9,22.8,140.0,13.0,0.626325,79.0,26.7
2022-08-29 06:00:00,0.0,1009.3,22.8,110.0,7.6,0.555728,82.0,26.1
2022-08-29 07:00:00,0.0,1009.3,22.8,110.0,7.6,0.50536,82.0,26.1
2022-08-29 08:00:00,0.0,1009.7,23.3,120.0,11.2,0.508183,87.0,25.6
2022-08-29 09:00:00,0.0,1009.7,23.3,120.0,11.2,0.480982,87.0,25.6
2022-08-29 10:00:00,0.0,1009.7,23.3,100.0,11.2,0.542358,87.0,25.6
2022-08-29 11:00:00,0.0,1012.0,23.2,110.0,7.6,0.57175,90.0,25.0
2022-08-29 12:00:00,0.3,1011.0,23.8,130.0,11.2,0.562932,90.0,25.6
2022-08-29 13:00:00,0.0,1011.5,24.0,150.0,13.0,0.539534,88.0,26.1
2022-08-29 14:00:00,0.0,1011.4,23.9,190.0,16.6,0.532619,77.0,28.3
2022-08-29 15:00:00,0.0,1011.6,23.4,130.0,13.0,0.558725,70.0,29.4
2022-08-29 16:00:00,0.0,1011.6,23.4,130.0,13.0,0.580048,70.0,29.4
2022-08-29 17:00:00,0.0,1011.2,21.7,0.0,7.6,0.640791,54.0,32.2
2022-08-29 18:00:00,0.0,1010.5,21.1,141.0,9.4,0.734094,49.0,33.3
2022-08-29 19:00:00,0.0,1009.6,20.0,130.0,9.4,0.780198,43.0,34.4
2022-08-29 20:00:00,0.0,1008.9,19.3,130.0,9.4,0.828492,41.0,34.4
2022-08-29 21:00:00,0.0,1008.9,19.3,120.0,9.4,0.840652,41.0,34.4
2022-08-29 22:00:00,0.0,1008.4,19.4,120.0,11.2,0.889753,40.0,35.0
2022-08-29 23:00:00,0.0,1008.2,19.1,100.0,16.6,0.907849,38.0,35.6
2022-08-30 00:00:00,0.0,1008.4,22.7,150.0,24.1,0.899896,65.0,30.0
2022-08-30 01:00:00,0.0,1008.4,22.7,150.0,24.1,0.864338,65.0,30.0
2022-08-30 02:00:00,0.0,1011.2,23.9,140.0,22.3,0.84169,77.0,28.3
2022-08-30 03:00:00,0.0,1011.2,23.9,140.0,22.3,0.79184,77.0,28.3
2022-08-30 04:00:00,0.0,1014.0,22.8,160.0,18.4,0.714961,77.0,27.2
2022-08-30 05:00:00,0.0,1011.8,22.8,110.0,13.0,0.62062,82.0,26.1
2022-08-30 06:00:00,0.0,1012.3,23.4,130.0,14.8,0.561607,82.0,26.7
2022-08-30 07:00:00,0.0,1012.3,23.4,130.0,14.8,0.53429,82.0,26.7
2022-08-30 08:00:00,0.0,1012.6,23.4,140.0,13.0,0.502075,82.0,26.7
2022-08-30 09:00:00,0.0,1012.4,24.0,140.0,11.2,0.481328,88.0,26.1
2022-08-30 10:00:00,0.0,1012.4,24.0,140.0,11.2,0.535616,88.0,26.1
2022-08-30 11:00:00,0.0,1012.6,24.0,140.0,14.8,0.555728,88.0,26.1
2022-08-30 12:00:00,0.0,1012.6,24.0,140.0,14.8,0.558783,88.0,26.1
2022-08-30 13:00:00,0.0,1013.7,23.4,170.0,14.8,0.549389,77.0,27.8
2022-08-30 14:00:00,0.0,1014.0,22.9,180.0,9.4,0.560108,70.0,28.9
2022-08-30 15:00:00,0.0,1014.3,22.2,220.0,13.0,0.57319,63.0,30.0
2022-08-30 16:00:00,0.0,1014.3,22.2,220.0,13.0,0.617681,63.0,30.0
2022-08-30 17:00:00,0.3,1013.6,21.3,210.0,14.8,0.65053,54.0,31.7
2022-08-30 18:00:00,0.0,1013.6,21.3,210.0,14.8,0.661307,54.0,31.7
2022-08-30 19:00:00,0.0,1013.4,21.8,90.0,18.4,0.696231,70.0,27.8
2022-08-30 20:00:00,0.0,1013.6,21.0,100.0,24.1,0.739569,69.0,27.2
2022-08-30 21:00:00,0.0,1013.6,21.0,100.0,24.1,0.723894,69.0,27.2
2022-08-30 22:00:00,0.0,1015.0,21.7,100.0,13.0,0.721531,74.0,26.7
2022-08-30 23:00:00,0.0,1013.4,21.7,140.0,14.8,0.685973,74.0,26.7
2022-08-31 00:00:00,0.0,1014.0,21.8,60.0,7.6,0.683207,77.0,26.1
2022-08-31 01:00:00,0.0,1014.0,21.8,60.0,7.6,0.684647,77.0,26.1
2022-08-31 02:00:00,0.0,1015.1,21.8,10.0,5.4,0.644421,77.0,26.1
2022-08-31 03:00:00,0.0,1015.1,21.8,10.0,5.4,0.604541,77.0,26.1
2022-08-31 04:00:00,0.0,1016.0,21.7,60.0,7.6,0.552386,79.0,25.6
2022-08-31 05:00:00,0.0,1015.8,22.3,60.0,11.2,0.524147,82.0,25.6
2022-08-31 06:00:00,0.0,1015.8,22.3,60.0,11.2,0.490779,82.0,25.6
2022-08-31 07:00:00,0.0,1015.6,23.3,90.0,13.0,0.475911,87.0,25.6
2022-08-31 08:00:00,0.0,1015.4,23.3,70.0,11.2,0.446,87.0,25.6
2022-08-31 09:00:00,0.0,1015.4,23.3,70.0,11.2,0.418626,87.0,25.6
2022-08-31 10:00:00,0.0,1015.6,22.9,100.0,9.4,0.494871,88.0,25.0
2022-08-31 11:00:00,0.0,1015.6,22.9,100.0,9.4,0.500922,88.0,25.0
2022-08-31 12:00:00,0.0,1016.1,22.3,0.0,0.0,0.526395,85.0,25.0
2022-08-31 13:00:00,0.0,1016.5,22.3,70.0,7.6,0.512333,82.0,25.6
2022-08-31 14:00:00,0.0,1016.5,22.3,70.0,7.6,0.526395,82.0,25.6
2022-08-31 15:00:00,0.0,1016.9,22.2,150.0,16.6,0.542704,67.0,28.9
2022-08-31 16:00:00,0.0,1016.9,22.2,150.0,16.6,0.549101,67.0,28.9
2022-08-31 17:00:00,0.0,1016.1,22.2,190.0,11.2,0.601314,67.0,28.9
2022-08-31 18:00:00,0.0,1016.1,22.2,190.0,11.2,0.664477,67.0,28.9
2022-08-31 19:00:00,0.0,1013.9,20.5,130.0,13.0,0.666609,50.0,32.2
2022-08-31 20:00:00,0.0,1013.3,20.5,120.0,20.5,0.740606,47.0,33.3
2022-08-31 21:00:00,0.0,1013.3,20.5,120.0,20.5,0.770401,47.0,33.3
2022-08-31 22:00:00,0.0,1012.7,20.1,130.0,18.4,0.758241,46.0,33.3
2022-08-31 23:00:00,0.0,1012.7,20.1,130.0,18.4,0.813739,46.0,33.3
2022-09-01 00:00:00,0.0,1012.9,20.7,140.0,20.5,0.792473,54.0,31.1
2022-09-01 01:00:00,0.0,1013.5,20.6,60.0,13.0,0.764408,63.0,28.3
2022-09-01 02:00:00,0.0,1015.0,21.7,60.0,9.4,0.770401,74.0,26.7
2022-09-01 03:00:00,0.0,1015.1,21.7,60.0,11.2,0.720782,79.0,25.6
2022-09-01 04:00:00,0.0,1015.1,21.7,60.0,11.2,0.642808,79.0,25.6
2022-09-01 05:00:00,0.0,1015.2,21.1,50.0,7.6,0.592958,79.0,25.0
2022-09-01 06:00:00,0.0,1014.7,21.1,50.0,5.4,0.531581,82.0,24.4
2022-09-01 07:00:00,0.0,1014.6,21.7,0.0,0.0,0.487379,85.0,24.4
2022-09-01 08:00:00,0.0,1014.6,21.7,0.0,0.0,0.462713,85.0,24.4
2022-09-01 09:00:00,0.0,1014.3,21.7,50.0,5.4,0.445078,85.0,24.4
2022-09-01 10:00:00,0.0,1014.3,21.7,50.0,5.4,0.486342,85.0,24.4
2022-09-01 11:00:00,0.0,1014.9,22.1,0.0,0.0,0.512679,84.0,25.0
2022-09-01 12:00:00,0.0,1015.5,22.3,10.0,5.4,0.537344,85.0,25.0
2022-09-01 13:00:00,0.0,1015.8,22.9,70.0,5.4,0.513716,85.0,25.6
2022-09-01 14:00:00,0.0,1016.0,22.8,0.0,0.0,0.530544,79.0,26.7
2022-09-01 15:00:00,0.0,1016.0,22.8,0.0,0.0,0.550542,79.0,26.7
2022-09-01 16:00:00,0.0,1015.9,21.6,130.0,11.2,0.563739,63.0,29.4
2022-09-01 17:00:00,0.0,1014.9,21.3,110.0,9.4,0.602351,54.0,31.7
2022-09-01 18:00:00,0.0,1014.2,20.7,110.0,11.2,0.583737,49.0,32.8
2022-09-01 19:00:00,0.0,1013.1,20.0,130.0,11.2,0.656178,47.0,32.8
2022-09-01 20:00:00,0.0,1013.1,20.0,130.0,11.2,0.700035,47.0,32.8
2022-09-01 21:00:00,0.0,1012.0,18.9,150.0,5.4,0.744986,44.0,32.8
2022-09-01 22:00:00,0.0,1010.7,19.3,0.0,0.0,0.767404,45.0,32.8
2022-09-01 23:00:00,0.0,1010.7,20.0,130.0,16.6,0.816448,47.0,32.8
2022-09-02 00:00:00,0.0,1011.2,20.6,160.0,18.4,0.840941,57.0,30.0
2022-09-02 01:00:00,0.0,1011.2,20.6,160.0,18.4,0.797084,57.0,30.0
2022-09-02 02:00:00,0.0,1012.6,21.8,130.0,11.2,0.768557,68.0,28.3
2022-09-02 03:00:00,0.0,1012.6,21.8,130.0,11.2,0.700438,68.0,28.3
2022-09-02 04:00:00,0.0,1013.1,21.8,140.0,14.8,0.642231,70.0,27.8
2022-09-02 05:00:00,0.0,1013.8,22.1,110.0,11.2,0.567197,76.0,26.7
2022-09-02 06:00:00,0.0,1013.8,22.1,110.0,11.2,0.507492,76.0,26.7
2022-09-02 07:00:00,0.0,1012.8,22.9,120.0,11.2,0.49245,85.0,25.6
2022-09-02 08:00:00,0.0,1012.6,22.9,170.0,7.6,0.469571,85.0,25.6
2022-09-02 09:00:00,0.0,1012.6,22.9,170.0,7.6,0.454299,85.0,25.6
2022-09-02 10:00:00,0.0,1012.8,22.9,130.0,9.4,0.508356,88.0,25.0
2022-09-02 11:00:00,0.0,1013.2,22.8,110.0,5.4,0.500173,91.0,24.4
2022-09-02 12:00:00,0.0,1014.0,23.2,100.0,7.6,0.5253,90.0,25.0
2022-09-02 13:00:00,0.0,1014.5,23.4,160.0,5.4,0.511641,85.0,26.1
2022-09-02 14:00:00,0.0,1014.5,23.4,160.0,5.4,0.502939,85.0,26.1
2022-09-02 15:00:00,0.0,1014.5,22.7,140.0,11.2,0.529968,74.0,27.8
2022-09-02 16:00:00,0.0,1014.4,21.7,0.0,5.4,0.565756,59.0,30.6
2022-09-02 17:00:00,0.0,1013.9,20.7,80.0,11.2,0.646208,54.0,31.1
2022-09-02 18:00:00,0.0,1013.2,19.5,80.0,7.6,0.69577,47.0,32.2
2022-09-02 19:00:00,0.0,1012.8,19.6,140.0,18.4,0.743834,43.0,33.9
2022-09-02 20:00:00,0.0,1012.8,19.6,140.0,18.4,0.711618,43.0,33.9
2022-09-02 21:00:00,0.0,1011.3,19.3,140.0,18.4,0.751556,41.0,34.4
2022-09-02 22:00:00,0.0,1011.3,19.3,140.0,18.4,0.782388,41.0,34.4
2022-09-02 23:00:00,0.0,1011.3,18.4,112.0,9.4,0.823075,40.0,33.9
2022-09-03 00:00:00,0.0,1011.4,18.9,130.0,16.6,0.831777,44.0,32.8
2022-09-03 01:00:00,0.0,1012.0,19.0,120.0,16.6,0.803308,47.0,31.7
2022-09-03 02:00:00,0.0,1013.1,21.7,140.0,20.5,0.777144,61.0,30.0
2022-09-03 03:00:00,0.0,1014.4,21.2,130.0,20.5,0.728273,63.0,28.9
2022-09-03 04:00:00,0.0,1015.0,22.8,130.0,14.8,0.695424,72.0,28.3
2022-09-03 05:00:00,0.0,1015.0,23.4,170.0,18.4,0.619813,77.0,27.8
2022-09-03 06:00:00,0.0,1015.5,22.8,150.0,14.8,0.550888,77.0,27.2
2022-09-03 07:00:00,0.0,1015.3,23.4,170.0,13.0,0.509394,85.0,26.1
2022-09-03 08:00:00,0.0,1015.3,23.4,170.0,13.0,0.486976,85.0,26.1
2022-09-03 09:00:00,0.0,1015.6,24.0,0.0,0.0,0.457181,88.0,26.1
2022-09-03 10:00:00,0.0,1015.4,23.3,100.0,5.4,0.445078,87.0,25.6
2022-09-03 11:00:00,0.0,1015.5,23.3,30.0,5.4,0.442024,87.0,25.6
2022-09-03 12:00:00,0.0,1016.2,24.0,0.0,0.0,0.421853,88.0,26.1
2022-09-03 13:00:00,0.0,1016.7,24.0,80.0,5.4,0.43603,85.0,26.7
2022-09-03 14:00:00,0.0,1016.7,24.0,80.0,5.4,0.453608,85.0,26.7
2022-09-03 15:00:00,0.0,1017.2,23.9,80.0,7.6,0.494813,82.0,27.2
2022-09-03 16:00:00,0.0,1017.7,22.1,110.0,7.6,0.531524,65.0,29.4
2022-09-03 17:00:00,0.0,1017.0,21.6,110.0,5.4,0.561203,57.0,31.1
2022-09-03 18:00:00,0.0,1015.5,19.5,80.0,13.0,0.570309,47.0,32.2
2022-09-03 19:00:00,0.0,1015.5,19.5,80.0,13.0,0.663382,47.0,32.2
2022-09-03 20:00:00,0.0,1014.4,20.1,70.0,16.6,0.695943,46.0,33.3
2022-09-03 21:00:00,0.0,1013.7,20.1,120.0,13.0,0.718764,49.0,32.2
2022-09-03 22:00:00,0.0,1013.7,20.1,120.0,13.0,0.69675,49.0,32.2
2022-09-03 23:00:00,14.7,1015.7,21.8,350.0,20.5,0.669606,94.0,22.8
2022-09-04 00:00:00,7.6,1016.0,22.3,20.0,16.6,0.597395,94.0,23.3
2022-09-04 01:00:00,1.0,1016.3,21.7,40.0,11.2,0.574458,91.0,23.3
2022-09-04 02:00:00,0.0,1016.6,21.7,0.0,0.0,0.578031,91.0,23.3
2022-09-04 03:00:00,0.0,1016.8,22.3,90.0,9.4,0.56299,94.0,23.3
2022-09-04 04:00:00,0.0,1017.2,22.3,140.0,11.2,0.543511,94.0,23.3
2022-09-04 05:00:00,0.0,1017.2,22.3,140.0,11.2,0.504841,94.0,23.3
2022-09-04 06:00:00,0.0,1017.0,22.2,200.0,5.4,0.467497,90.0,23.9
2022-09-04 07:00:00,0.0,1014.9,22.3,340.0,5.4,0.419145,94.0,23.3
2022-09-04 08:00:00,0.0,1015.5,22.3,0.0,0.0,0.391655,94.0,23.3
2022-09-04 09:00:00,0.0,1015.2,22.3,310.0,5.4,0.375173,94.0,23.3
2022-09-04 10:00:00,0.0,1015.2,22.3,310.0,5.4,0.375403,94.0,23.3
2022-09-04 11:00:00,0.0,1015.5,21.8,320.0,13.0,0.36503,94.0,22.8
2022-09-04 12:00:00,0.0,1016.1,21.8,320.0,7.6,0.363128,94.0,22.8
2022-09-04 13:00:00,0.0,1016.3,21.7,340.0,7.6,0.385085,91.0,23.3
2022-09-04 14:00:00,0.0,1016.4,21.8,290.0,7.6,0.415917,88.0,23.9
2022-09-04 15:00:00,0.0,1016.4,21.8,290.0,7.6,0.433956,88.0,23.9
2022-09-04 16:00:00,0.0,1016.8,22.2,320.0,5.4,0.446173,79.0,26.1
2022-09-04 17:00:00,0.0,1016.1,21.8,0.0,0.0,0.473778,70.0,27.8
2022-09-04 18:00:00,0.0,1016.1,21.8,0.0,0.0,0.530602,70.0,27.8
2022-09-04 19:00:00,0.0,1014.5,20.6,0.0,0.0,0.592439,59.0,29.4
2022-09-04 20:00:00,0.0,1014.5,20.6,0.0,0.0,0.613186,59.0,29.4
2022-09-04 21:00:00,0.0,1013.6,20.0,0.0,0.0,0.62938,57.0,29.4
2022-09-04 22:00:00,0.0,1012.7,20.1,0.0,0.0,0.677444,59.0,28.9
2022-09-04 23:00:00,0.0,1012.2,20.6,180.0,7.6,0.683034,61.0,28.9
2022-09-05 00:00:00,0.0,1012.2,20.6,180.0,7.6,0.677559,61.0,28.9
2022-09-05 01:00:00,0.0,1012.9,21.1,140.0,14.8,0.65589,67.0,27.8
2022-09-05 02:00:00,0.0,1013.3,21.8,170.0,16.6,0.647764,77.0,26.1
2022-09-05 03:00:00,0.0,1014.9,21.1,170.0,13.0,0.597222,76.0,25.6
2022-09-05 04:00:00,0.0,1014.4,21.8,270.0,5.4,0.555498,88.0,23.9
2022-09-05 05:00:00,0.0,1014.4,21.8,270.0,5.4,0.498041,88.0,23.9
2022-09-05 06:00:00,0.0,1012.6,21.7,230.0,9.4,0.451072,91.0,23.3
2022-09-05 07:00:00,0.0,1012.6,21.7,230.0,9.4,0.426118,91.0,23.3
2022-09-05 08:00:00,0.0,1012.7,21.1,250.0,9.4,0.40491,90.0,22.8
2022-09-05 09:00:00,0.0,1012.7,21.1,250.0,9.4,0.398744,90.0,22.8
2022-09-05 10:00:00,0.0,1015.0,21.1,250.0,9.4,0.391194,90.0,22.8
2022-09-05 11:00:00,0.0,1013.5,20.5,260.0,13.0,0.389638,87.0,22.8
2022-09-05 12:00:00,0.0,1014.3,20.5,220.0,5.4,0.366989,87.0,22.8
2022-09-05 13:00:00,0.0,1014.3,20.5,220.0,5.4,0.366816,87.0,22.8
2022-09-05 14:00:00,0.0,1014.7,21.1,260.0,5.4,0.392808,76.0,25.6
2022-09-05 15:00:00,0.0,1015.4,20.7,230.0,11.2,0.435858,72.0,26.1
2022-09-05 16:00:00,0.0,1015.3,20.6,210.0,9.4,0.474066,65.0,27.8
2022-09-05 17:00:00,0.0,1014.9,20.1,210.0,5.4,0.545758,59.0,28.9
2022-09-05 18:00:00,0.0,1014.3,19.9,260.0,9.4,0.605579,53.0,30.6
2022-09-05 19:00:00,0.0,1014.3,19.9,260.0,9.4,0.645113,53.0,30.6
2022-09-05 20:00:00,0.0,1013.5,20.0,270.0,11.2,0.6892,50.0,31.7
2022-09-05 21:00:00,0.0,1012.5,21.1,160.0,22.3,0.70672,57.0,30.6
2022-09-05 22:00:00,0.0,1012.5,21.1,160.0,22.3,0.739569,57.0,30.6
2022-09-05 23:00:00,0.0,1012.6,20.5,170.0,18.4,0.746715,55.0,30.6
2022-09-06 00:00:00,0.0,1012.7,20.6,170.0,16.6,0.791551,57.0,30.0
2022-09-06 01:00:00,0.0,1013.4,21.1,190.0,20.5,0.767289,67.0,27.8
2022-09-06 02:00:00,0.0,1014.4,21.7,190.0,18.4,0.75974,74.0,26.7
2022-09-06 03:00:00,0.0,1014.8,21.1,200.0,11.2,0.693292,76.0,25.6
2022-09-06 04:00:00,0.0,1014.8,21.1,200.0,11.2,0.595263,76.0,25.6
2022-09-06 05:00:00,0.0,1015.1,20.0,200.0,18.4,0.525127,74.0,25.0
2022-09-06 06:00:00,0.0,1015.3,21.0,230.0,9.4,0.539189,87.0,23.3
2022-09-06 07:00:00,0.0,1015.1,21.7,240.0,11.2,0.476775,91.0,23.3
2022-09-06 08:00:00,0.0,1014.9,21.7,230.0,13.0,0.459889,91.0,23.3
2022-09-06 09:00:00,0.0,1015.2,21.7,250.0,9.4,0.437932,91.0,23.3
2022-09-06 10:00:00,0.0,1015.2,21.7,250.0,9.4,0.435858,91.0,23.3
2022-09-06 11:00:00,0.0,1015.9,21.0,250.0,5.4,0.455452,87.0,23.3
2022-09-06 12:00:00,0.0,1016.4,21.7,260.0,5.4,0.484728,91.0,23.3
2022-09-06 13:00:00,0.0,1016.4,21.7,260.0,5.4,0.464384,91.0,23.3
2022-09-06 14:00:00,0.0,1016.8,21.1,260.0,14.8,0.477006,82.0,24.4
2022-09-06 15:00:00,0.0,1017.9,20.5,240.0,9.4,0.487725,67.0,27.2
2022-09-06 16:00:00,0.0,1017.8,20.6,180.0,9.4,0.502651,61.0,28.9
2022-09-06 17:00:00,0.0,1017.1,20.7,0.0,0.0,0.56178,54.0,31.1
2022-09-06 18:00:00,0.0,1016.6,18.9,0.0,0.0,0.610016,44.0,32.8
2022-09-06 19:00:00,0.0,1016.6,18.9,0.0,0.0,0.626902,44.0,32.8
2022-09-06 20:00:00,0.0,1014.5,18.3,140.0,11.2,0.666033,41.0,33.3
2022-09-06 21:00:00,0.0,1014.5,18.3,140.0,11.2,0.735477,41.0,33.3
2022-09-06 22:00:00,0.0,1013.8,18.3,120.0,5.4,0.765387,41.0,33.3
2022-09-06 23:00:00,0.0,1014.0,18.9,120.0,7.6,0.815295,44.0,32.8
2022-09-07 00:00:00,0.0,1014.1,18.8,150.0,18.4,0.800369,45.0,32.2
2022-09-07 01:00:00,0.0,1015.4,21.6,140.0,25.9,0.76435,63.0,29.4
2022-09-07 02:00:00,0.0,1016.5,21.1,170.0,14.8,0.777374,67.0,27.8
2022-09-07 03:00:00,0.0,1016.5,21.1,170.0,14.8,0.723894,67.0,27.8
2022-09-07 04:00:00,0.0,1016.9,22.1,180.0,18.4,0.648456,76.0,26.7
2022-09-07 05:00:00,0.0,1016.8,21.1,200.0,14.8,0.556766,76.0,25.6
2022-09-07 06:00:00,0.0,1016.4,21.1,210.0,14.8,0.498963,79.0,25.0
2022-09-07 07:00:00,0.0,1016.4,21.1,210.0,14.8,0.45597,79.0,25.0
2022-09-07 08:00:00,0.0,1016.2,21.1,230.0,9.4,0.421277,82.0,24.4
2022-09-07 09:00:00,0.0,1016.0,21.1,190.0,9.4,0.425715,82.0,24.4
2022-09-07 10:00:00,0.0,1015.6,21.7,190.0,7.6,0.473893,85.0,24.4
2022-09-07 11:00:00,0.0,1015.8,21.8,0.0,0.0,0.4747,88.0,23.9
2022-09-07 12:00:00,0.0,1016.2,22.2,0.0,0.0,0.50098,90.0,23.9
2022-09-07 13:00:00,0.0,1016.2,22.2,0.0,0.0,0.479945,79.0,26.1
2022-09-07 14:00:00,0.0,1016.2,22.2,0.0,0.0,0.451302,79.0,26.1
2022-09-07 15:00:00,0.0,1016.5,22.1,0.0,5.4,0.468649,65.0,29.4
2022-09-07 16:00:00,0.0,1016.4,21.6,0.0,0.0,0.509221,57.0,31.1
2022-09-07 17:00:00,0.0,1015.2,20.5,0.0,7.6,0.594744,47.0,33.3
2022-09-07 18:00:00,0.0,1015.2,20.5,346.0,7.6,0.653758,47.0,33.3
2022-09-07 19:00:00,0.0,1014.1,18.5,80.0,9.4,0.730117,39.0,34.4
2022-09-07 20:00:00,0.5,1013.7,21.7,100.0,5.4,0.799908,72.0,27.2
2022-09-07 21:00:00,0.0,1013.7,21.7,19.0,5.4,0.5895,72.0,27.2
2022-09-07 22:00:00,0.0,1012.7,20.6,200.0,13.0,0.649896,59.0,29.4
2022-09-07 23:00:00,0.0,1012.3,20.6,180.0,9.4,0.656351,57.0,30.0
2022-09-08 00:00:00,0.0,1012.1,20.5,200.0,11.2,0.673525,55.0,30.6
2022-09-08 01:00:00,0.0,1011.8,19.4,230.0,7.6,0.678711,55.0,29.4
2022-09-08 02:00:00,0.0,1013.0,20.1,0.0,0.0,0.669836,63.0,27.8
2022-09-08 03:00:00,0.0,1013.2,20.5,0.0,0.0,0.635085,67.0,27.2
2022-09-08 04:00:00,0.0,1013.2,20.5,0.0,0.0,0.575957,67.0,27.2
2022-09-08 05:00:00,0.0,1012.9,21.1,0.0,0.0,0.500692,74.0,26.1
2022-09-08 06:00:00,0.0,1012.8,21.7,300.0,7.6,0.463001,82.0,25.0
2022-09-08 07:00:00,0.0,1012.3,21.7,300.0,5.4,0.429979,85.0,24.4
2022-09-08 08:00:00,0.0,1011.8,21.8,310.0,7.6,0.39252,88.0,23.9
2022-09-08 09:00:00,0.0,1011.8,21.8,310.0,7.6,0.38935,88.0,23.9
2022-09-08 10:00:00,0.0,1011.2,20.1,340.0,5.4,0.432284,82.0,23.3
2022-09-08 11:00:00,0.0,1011.2,20.1,0.0,0.0,0.439431,82.0,23.3
2022-09-08 12:00:00,0.0,1011.2,20.1,320.0,5.4,0.474988,82.0,23.3
2022-09-08 13:00:00,0.0,1011.4,20.5,0.0,0.0,0.45672,69.0,26.7
2022-09-08 14:00:00,0.0,1011.4,20.5,0.0,0.0,0.453262,69.0,26.7
2022-09-08 15:00:00,0.0,1011.1,20.5,0.0,0.0,0.501902,55.0,30.6
2022-09-08 16:00:00,0.0,1011.1,20.5,0.0,0.0,0.554115,55.0,30.6
2022-09-08 17:00:00,0.0,1009.7,19.3,11.0,5.4,0.59411,45.0,32.8
2022-09-08 18:00:00,0.0,1009.7,19.3,110.0,5.4,0.669663,45.0,32.8
2022-09-08 19:00:00,0.0,1007.9,17.8,110.0,7.6,0.698421,41.0,32.8
2022-09-08 20:00:00,0.0,1007.9,17.8,34.0,7.6,0.750576,41.0,32.8
2022-09-08 21:00:00,0.0,1006.6,18.0,70.0,11.2,0.679403,39.0,33.9
2022-09-08 22:00:00,0.0,1005.6,17.2,70.0,5.4,0.717669,37.0,33.9
2022-09-08 23:00:00,0.0,1005.3,17.0,100.0,9.4,0.771842,39.0,32.8
2022-09-09 00:00:00,0.0,1005.2,16.6,80.0,13.0,0.797199,37.0,33.3
2022-09-09 01:00:00,0.0,1005.3,17.8,120.0,9.4,0.764465,48.0,30.0
2022-09-09 02:00:00,0.0,1006.5,17.3,90.0,13.0,0.759624,53.0,27.8
2022-09-09 03:00:00,0.0,1007.2,21.0,120.0,13.0,0.703262,71.0,26.7
2022-09-09 04:00:00,0.0,1007.2,21.0,120.0,13.0,0.634336,71.0,26.7
2022-09-09 05:00:00,0.0,1007.2,21.7,120.0,11.2,0.546047,82.0,25.0
2022-09-09 06:00:00,0.0,1007.2,21.7,120.0,11.2,0.491586,82.0,25.0
2022-09-09 07:00:00,0.0,1006.5,21.1,170.0,11.2,0.432227,79.0,25.0
2022-09-09 08:00:00,0.0,1006.5,21.1,170.0,11.2,0.410212,79.0,25.0
2022-09-09 09:00:00,0.0,1006.4,21.0,0.0,0.0,0.389119,84.0,23.9
2022-09-09 10:00:00,0.0,1006.0,20.6,0.0,0.0,0.448997,82.0,23.9
2022-09-09 11:00:00,0.0,1006.4,20.5,180.0,7.6,0.449804,79.0,24.4
2022-09-09 12:00:00,0.0,1006.8,20.6,190.0,9.4,0.484094,82.0,23.9
2022-09-09 13:00:00,0.0,1006.8,20.6,190.0,9.4,0.466978,82.0,23.9
2022-09-09 14:00:00,0.0,1007.7,19.3,180.0,7.6,0.489454,62.0,27.2
2022-09-09 15:00:00,0.0,1007.8,19.5,160.0,13.0,0.518326,57.0,28.9
2022-09-09 16:00:00,0.0,1007.7,20.0,160.0,5.4,0.540629,55.0,30.0
2022-09-09 17:00:00,0.0,1007.0,20.7,120.0,16.6,0.581835,54.0,31.1
2022-09-09 18:00:00,0.0,1007.0,20.7,120.0,16.6,0.635085,54.0,31.1
2022-09-09 19:00:00,0.0,1005.5,19.4,170.0,13.0,0.690353,44.0,33.3
2022-09-09 20:00:00,0.0,1005.0,18.2,260.0,11.2,0.810281,42.0,32.8
2022-09-09 21:00:00,0.0,1005.0,18.2,260.0,11.2,0.746024,42.0,32.8
2022-09-09 22:00:00,0.0,1004.4,19.0,250.0,16.6,0.692139,43.0,33.3
2022-09-09 23:00:00,0.0,1004.3,18.3,200.0,11.2,0.725507,41.0,33.3
2022-09-10 00:00:00,0.0,1004.7,17.3,200.0,14.8,0.711906,41.0,32.2
2022-09-10 01:00:00,0.0,1006.3,21.1,100.0,13.0,0.683091,74.0,26.1
2022-09-10 02:00:00,0.0,1007.4,21.7,80.0,11.2,0.679633,79.0,25.6
2022-09-10 03:00:00,0.0,1007.4,21.7,80.0,11.2,0.655659,79.0,25.6
2022-09-10 04:00:00,0.0,1008.8,21.7,90.0,7.6,0.599585,85.0,24.4
2022-09-10 05:00:00,0.0,1009.3,21.7,140.0,9.4,0.533253,82.0,25.0
2022-09-10 06:00:00,0.0,1009.6,21.7,150.0,11.2,0.480809,79.0,25.6
2022-09-10 07:00:00,0.0,1009.6,21.7,150.0,11.2,0.449574,79.0,25.6
2022-09-10 08:00:00,0.0,1009.5,21.7,180.0,11.2,0.436376,82.0,25.0
2022-09-10 09:00:00,0.0,1009.8,22.3,0.0,0.0,0.42923,88.0,24.4
2022-09-10 10:00:00,0.0,1010.1,22.2,110.0,5.4,0.423121,90.0,23.9
2022-09-10 11:00:00,0.0,1010.8,22.3,170.0,7.6,0.420528,85.0,25.0
2022-09-10 12:00:00,0.0,1011.6,22.3,220.0,11.2,0.40929,85.0,25.0
2022-09-10 13:00:00,0.0,1011.6,22.3,220.0,11.2,0.414995,85.0,25.0
2022-09-10 14:00:00,0.0,1012.7,21.7,170.0,14.8,0.446231,72.0,27.2
2022-09-10 15:00:00,0.0,1013.1,21.1,170.0,5.4,0.482077,65.0,28.3
2022-09-10 16:00:00,0.0,1013.3,19.0,140.0,13.0,0.521035,50.0,30.6
2022-09-10 17:00:00,0.0,1012.9,19.3,140.0,11.2,0.57077,48.0,31.7
2022-09-10 18:00:00,0.0,1012.9,19.3,140.0,11.2,0.634048,48.0,31.7
2022-09-10 19:00:00,0.0,1011.6,18.4,152.0,5.4,0.674447,40.0,33.9
2022-09-10 20:00:00,0.0,1010.8,17.9,140.0,5.4,0.719571,40.0,33.3
2022-09-10 21:00:00,0.0,1010.8,17.9,127.0,5.4,0.771208,40.0,33.3
2022-09-10 22:00:00,0.0,1010.7,17.7,90.0,11.2,0.803308,42.0,32.2
2022-09-10 23:00:00,0.0,1010.7,17.7,90.0,11.2,0.811837,42.0,32.2
2022-09-11 00:00:00,0.0,1011.6,18.5,140.0,16.6,0.78187,47.0,31.1
2022-09-11 01:00:00,0.0,1011.6,18.5,140.0,16.6,0.764984,47.0,31.1
2022-09-11 02:00:00,0.0,1012.5,18.4,140.0,14.8,0.764004,50.0,30.0
2022-09-11 03:00:00,0.0,1013.5,19.0,150.0,11.2,0.764004,55.0,28.9
2022-09-11 04:00:00,0.0,1014.9,19.3,160.0,16.6,0.764004,62.0,27.2
2022-09-11 05:00:00,0.0,1015.5,19.3,180.0,11.2,0.764004,64.0,26.7
2022-09-11 06:00:00,0.0,1015.6,19.0,180.0,14.8,0.764004,65.0,26.1
2022-09-11 07:00:00,0.0,1015.8,20.0,190.0,9.4,0.764004,71.0,25.6
2022-09-11 08:00:00,0.0,1015.8,20.0,190.0,9.4,0.764004,71.0,25.6
2022-09-11 09:00:00,0.0,1016.5,20.5,0.0,0.0,0.398744,79.0,24.4
2022-09-11 10:00:00,0.0,1016.5,20.5,0.0,0.0,0.386757,79.0,24.4
2022-09-11 11:00:00,0.0,1017.1,20.6,310.0,9.4,0.390157,85.0,23.3
2022-09-11 12:00:00,0.0,1017.7,20.6,290.0,7.6,0.383587,85.0,23.3
2022-09-11 13:00:00,0.0,1017.7,20.6,290.0,7.6,0.403354,85.0,23.3
2022-09-11 14:00:00,0.0,1018.6,21.1,270.0,9.4,0.441332,67.0,27.8
2022-09-11 15:00:00,0.0,1019.0,19.4,0.0,0.0,0.51337,53.0,30.0
2022-09-11 16:00:00,0.0,1019.0,19.4,0.0,0.0,0.531812,53.0,30.0
2022-09-11 17:00:00,0.0,1018.9,19.3,340.0,7.6,0.563912,51.0,30.6
2022-09-11 18:00:00,0.0,1018.6,19.5,10.0,11.2,0.594053,50.0,31.1
2022-09-11 19:00:00,0.0,1016.9,18.4,350.0,5.4,0.661134,40.0,33.9
2022-09-11 20:00:00,0.0,1016.1,17.1,360.0,14.8,0.740894,38.0,33.3
2022-09-11 21:00:00,0.0,1016.1,17.1,360.0,14.8,0.763313,38.0,33.3
2022-09-11 22:00:00,0.0,1015.5,17.2,10.0,20.5,0.812644,37.0,33.9
2022-09-11 23:00:00,0.0,1015.6,16.2,10.0,20.5,0.856328,36.0,33.3
2022-09-12 00:00:00,0.0,1016.0,14.3,40.0,13.0,0.790917,37.0,30.6
2022-09-12 01:00:00,0.0,1016.0,14.3,40.0,13.0,0.79086,37.0,30.6
2022-09-12 02:00:00,0.0,1017.7,16.1,50.0,7.6,0.729829,49.0,27.8
2022-09-12 03:00:00,0.0,1017.7,16.1,50.0,7.6,0.669433,49.0,27.8
2022-09-12 04:00:00,0.0,1017.7,16.2,20.0,5.4,0.580855,56.0,25.6
2022-09-12 05:00:00,0.0,1017.8,16.6,0.0,0.0,0.503746,62.0,24.4
2022-09-12 06:00:00,0.0,1017.6,16.7,30.0,5.4,0.455509,64.0,23.9
2022-09-12 07:00:00,0.0,1017.4,16.6,10.0,5.4,0.42047,66.0,23.3
2022-09-12 08:00:00,0.0,1017.4,16.8,10.0,5.4,0.384278,67.0,23.3
2022-09-12 09:00:00,0.0,1016.9,17.3,360.0,5.4,0.37817,71.0,22.8
2022-09-12 10:00:00,0.0,1017.0,17.1,0.0,0.0,0.434878,73.0,22.2
2022-09-12 11:00:00,0.0,1017.1,17.1,330.0,5.4,0.442543,78.0,21.1
2022-09-12 12:00:00,0.0,1017.4,17.1,0.0,0.0,0.462483,73.0,22.2
2022-09-12 13:00:00,0.0,1017.4,17.1,0.0,0.0,0.440295,73.0,22.2
2022-09-12 14:00:00,0.0,1017.7,16.6,50.0,14.8,0.441793,56.0,26.1
2022-09-12 15:00:00,0.0,1017.8,17.2,70.0,11.2,0.463635,51.0,28.3
2022-09-12 16:00:00,0.0,1017.3,17.1,70.0,9.4,0.497868,46.0,30.0
2022-09-12 17:00:00,0.0,1017.3,17.1,61.0,9.4,0.54962,46.0,30.0
2022-09-12 18:00:00,0.0,1015.4,16.8,66.0,11.2,0.578435,41.0,31.7
2022-09-12 19:00:00,0.0,1014.3,16.1,67.0,11.2,0.640733,38.0,32.2
2022-09-12 20:00:00,0.0,1013.1,15.8,160.0,11.2,0.685166,36.0,32.8
2022-09-12 21:00:00,0.0,1013.1,15.8,160.0,11.2,0.749712,36.0,32.8
2022-09-12 22:00:00,0.0,1012.4,14.9,220.0,7.6,0.801464,34.0,32.8
2022-09-12 23:00:00,0.0,1012.0,15.8,0.0,0.0,0.873502,35.0,33.3
2022-09-13 00:00:00,0.0,1011.7,15.7,100.0,9.4,0.854599,37.0,32.2
2022-09-13 01:00:00,0.0,1011.6,15.5,130.0,14.8,0.817946,40.0,30.6
2022-09-13 02:00:00,0.0,1012.7,16.7,110.0,9.4,0.761641,51.0,27.8
2022-09-13 03:00:00,0.0,1012.7,16.7,110.0,9.4,0.687241,51.0,27.8
2022-09-13 04:00:00,0.0,1012.9,17.1,150.0,13.0,0.580106,54.0,27.2
2022-09-13 05:00:00,0.0,1013.0,17.7,90.0,5.4,0.514004,60.0,26.1
2022-09-13 06:00:00,0.0,1012.9,19.0,170.0,7.6,0.449574,65.0,26.1
2022-09-13 07:00:00,0.0,1012.7,20.0,150.0,5.4,0.413958,69.0,26.1
2022-09-13 08:00:00,0.0,1012.7,20.0,150.0,5.4,0.405486,69.0,26.1
2022-09-13 09:00:00,0.0,1012.4,20.0,220.0,5.4,0.397245,74.0,25.0
2022-09-13 10:00:00,0.0,1012.5,19.5,0.0,0.0,0.452455,74.0,24.4
2022-09-13 11:00:00,0.0,1012.7,19.4,240.0,5.4,0.464212,71.0,25.0
2022-09-13 12:00:00,0.0,1012.7,19.4,240.0,5.4,0.467669,71.0,25.0
2022-09-13 13:00:00,0.0,1013.2,19.4,220.0,7.6,0.452225,71.0,25.0
2022-09-13 14:00:00,0.0,1013.7,19.3,210.0,5.4,0.441332,60.0,27.8
2022-09-13 15:00:00,0.0,1014.0,19.4,150.0,13.0,0.462252,55.0,29.4
2022-09-13 16:00:00,0.0,1013.9,19.0,150.0,11.2,0.512218,50.0,30.6
2022-09-13 17:00:00,0.0,1013.9,19.0,170.0,11.2,0.578838,50.0,30.6
2022-09-13 18:00:00,0.0,1012.8,18.2,170.0,9.4,0.629495,42.0,32.8
2022-09-13 19:00:00,0.0,1011.9,17.0,140.0,16.6,0.699112,39.0,32.8
2022-09-13 20:00:00,0.0,1010.9,18.0,150.0,18.4,0.730924,39.0,33.9
2022-09-13 21:00:00,0.0,1010.9,18.0,150.0,18.4,0.759567,39.0,33.9
2022-09-13 22:00:00,0.0,1010.2,17.2,160.0,14.8,0.793338,37.0,33.9
2022-09-13 23:00:00,0.0,1010.3,17.2,150.0,14.8,0.830164,42.0,31.7
2022-09-14 00:00:00,0.0,1010.3,17.2,150.0,14.8,0.808091,42.0,31.7
2022-09-14 01:00:00,0.0,1010.8,19.0,120.0,29.5,0.799331,57.0,28.3
2022-09-14 02:00:00,0.0,1011.7,17.2,120.0,14.8,0.759624,56.0,26.7
2022-09-14 03:00:00,0.0,1012.5,17.8,130.0,9.4,0.695482,62.0,25.6
2022-09-14 04:00:00,0.0,1012.9,17.7,0.0,0.0,0.600392,64.0,25.0
2022-09-14 05:00:00,0.0,1013.0,18.3,100.0,7.6,0.514869,71.0,23.9
2022-09-14 06:00:00,0.0,1012.8,19.0,80.0,7.6,0.461503,74.0,23.9
2022-09-14 07:00:00,0.0,1013.0,19.0,0.0,0.0,0.422833,79.0,22.8
2022-09-14 08:00:00,0.0,1013.0,19.0,0.0,0.0,0.396784,79.0,22.8
2022-09-14 09:00:00,0.0,1013.1,19.4,0.0,0.0,0.404564,81.0,22.8
2022-09-14 10:00:00,0.0,1013.1,19.4,0.0,0.0,0.455682,81.0,22.8
2022-09-14 11:00:00,0.0,1013.8,18.9,0.0,0.0,0.459947,84.0,21.7
2022-09-14 12:00:00,0.0,1014.3,20.0,90.0,5.4,0.483114,84.0,22.8
2022-09-14 13:00:00,0.0,1015.1,21.1,0.0,0.0,0.46911,79.0,25.0
2022-09-14 14:00:00,0.0,1015.4,21.8,100.0,9.4,0.436953,77.0,26.1
2022-09-14 15:00:00,0.0,1015.7,21.1,120.0,18.4,0.480809,67.0,27.8
2022-09-14 16:00:00,0.0,1015.3,20.1,140.0,9.4,0.520632,59.0,28.9
2022-09-14 17:00:00,0.0,1015.3,20.1,140.0,9.4,0.523917,59.0,28.9
2022-09-14 18:00:00,0.0,1014.3,15.8,130.0,16.6,0.598087,40.0,31.0
2022-09-14 19:00:00,0.0,1013.4,16.9,80.0,18.4,0.634394,40.0,32.2
2022-09-14 20:00:00,0.0,1013.4,16.9,80.0,18.4,0.639696,40.0,32.2
2022-09-14 21:00:00,0.0,1012.6,14.4,60.0,11.2,0.705106,34.0,32.2
2022-09-14 22:00:00,0.0,1012.2,14.4,60.0,13.0,0.736745,33.0,32.8
2022-09-14 23:00:00,0.0,1012.0,14.4,100.0,11.2,0.781466,35.0,31.7
2022-09-15 00:00:00,0.0,1012.2,14.0,130.0,18.4,0.756685,40.0,28.9
2022-09-15 01:00:00,0.0,1012.2,14.0,130.0,18.4,0.727928,40.0,28.9
2022-09-15 02:00:00,0.0,1013.2,14.5,140.0,22.3,0.680786,43.0,28.3
2022-09-15 03:00:00,0.0,1015.1,15.6,100.0,7.6,0.651971,56.0,25.0
2022-09-15 04:00:00,0.0,1015.1,15.6,100.0,7.6,0.590537,56.0,25.0
2022-09-15 05:00:00,0.0,1015.6,15.1,90.0,7.6,0.513601,64.0,22.2
2022-09-15 06:00:00,0.0,1015.7,15.5,80.0,5.4,0.453262,66.0,22.2
2022-09-15 07:00:00,0.0,1015.7,15.5,80.0,5.4,0.400012,66.0,22.2
2022-09-15 08:00:00,0.0,1015.1,16.6,0.0,0.0,0.352985,78.0,20.6
2022-09-15 09:00:00,0.0,1014.9,16.6,340.0,5.4,0.343015,81.0,20.0
2022-09-15 10:00:00,0.0,1015.1,17.2,0.0,0.0,0.392808,81.0,20.6
2022-09-15 11:00:00,0.0,1015.1,17.2,0.0,0.0,0.404795,81.0,20.6
2022-09-15 12:00:00,0.0,1015.5,18.9,10.0,7.6,0.417589,87.0,21.1
2022-09-15 13:00:00,0.0,1016.5,19.4,50.0,11.2,0.422199,81.0,22.8
2022-09-15 14:00:00,0.0,1016.5,19.4,50.0,11.2,0.440468,81.0,22.8
2022-09-15 15:00:00,0.0,1016.9,21.0,80.0,11.2,0.45038,71.0,26.7
2022-09-15 16:00:00,0.0,1016.9,21.0,120.0,11.2,0.494179,71.0,26.7
2022-09-15 17:00:00,0.0,1015.7,19.0,130.0,14.8,0.530083,50.0,30.6
2022-09-15 18:00:00,0.0,1015.0,16.8,160.0,14.8,0.568522,41.0,31.7
2022-09-15 19:00:00,0.0,1014.1,16.2,110.0,16.6,0.585177,37.0,32.8
2022-09-15 20:00:00,0.0,1014.1,16.2,110.0,16.6,0.60846,37.0,32.8
2022-09-15 21:00:00,0.0,1013.0,16.6,120.0,18.4,0.662805,38.0,32.8
2022-09-15 22:00:00,0.0,1013.0,16.6,120.0,18.4,0.740779,38.0,32.8
2022-09-15 23:00:00,0.0,1013.1,16.2,140.0,16.6,0.772533,37.0,32.8
2022-09-16 00:00:00,0.0,1013.3,15.1,150.0,18.4,0.772591,38.0,31.1
2022-09-16 01:00:00,0.0,1014.4,21.1,150.0,18.4,0.751902,65.0,28.3
2022-09-16 02:00:00,0.0,1014.4,21.1,120.0,29.5,0.711791,65.0,28.3
2022-09-16 03:00:00,0.0,1015.0,21.0,120.0,20.5,0.664361,69.0,27.2
2022-09-16 04:00:00,0.0,1015.6,21.1,100.0,18.4,0.621773,74.0,26.1
2022-09-16 05:00:00,0.0,1014.9,21.7,100.0,11.2,0.544952,79.0,25.6
2022-09-16 06:00:00,0.0,1014.5,22.1,110.0,13.0,0.483979,84.0,25.0
2022-09-16 07:00:00,0.0,1014.5,22.3,110.0,13.0,0.457642,85.0,25.0
2022-09-16 08:00:00,0.0,1014.1,22.8,120.0,13.0,0.416724,91.0,24.4
2022-09-16 09:00:00,0.0,1014.2,22.8,110.0,7.6,0.421796,91.0,24.4
2022-09-16 10:00:00,0.0,1014.5,22.8,110.0,11.2,0.489511,91.0,24.4
2022-09-16 11:00:00,0.0,1015.2,22.9,120.0,11.2,0.49562,94.0,23.9
2022-09-16 12:00:00,0.0,1015.2,22.9,120.0,11.2,0.512102,94.0,23.9
2022-09-16 13:00:00,0.0,1016.3,22.9,120.0,9.4,0.47787,88.0,25.0
2022-09-16 14:00:00,0.0,1016.3,22.9,120.0,9.4,0.481328,88.0,25.0
2022-09-16 15:00:00,0.0,1016.8,21.8,140.0,13.0,0.510201,68.0,28.3
2022-09-16 16:00:00,0.0,1016.8,21.8,140.0,13.0,0.556478,68.0,28.3
2022-09-16 17:00:00,0.0,1015.5,20.7,160.0,13.0,0.585235,54.0,31.1
2022-09-16 18:00:00,0.0,1014.6,19.5,160.0,16.6,0.653354,47.0,32.2
2022-09-16 19:00:00,0.0,1013.5,19.3,160.0,11.2,0.700726,45.0,32.8
2022-09-16 20:00:00,0.0,1012.7,18.8,160.0,13.0,0.739454,41.0,33.9
2022-09-16 21:00:00,0.0,1012.7,18.8,160.0,13.0,0.753631,41.0,33.9
2022-09-16 22:00:00,0.0,1012.3,18.9,120.0,7.6,0.744525,44.0,32.8
2022-09-16 23:00:00,0.0,1011.9,18.9,190.0,13.0,0.832238,44.0,32.8
2022-09-17 00:00:00,0.0,1011.9,18.9,190.0,13.0,0.815007,44.0,32.8
2022-09-17 01:00:00,0.0,1012.7,19.9,150.0,20.5,0.765387,53.0,30.6
2022-09-17 02:00:00,0.0,1012.7,19.9,150.0,20.5,0.740664,53.0,30.6
2022-09-17 03:00:00,0.0,1013.9,22.3,160.0,20.5,0.713462,70.0,28.3
2022-09-17 04:00:00,0.0,1014.1,22.2,150.0,20.5,0.684013,74.0,27.2
2022-09-17 05:00:00,0.0,1014.1,22.1,150.0,14.8,0.610362,76.0,26.7
2022-09-17 06:00:00,0.0,1014.1,22.1,150.0,14.8,0.560742,76.0,26.7
2022-09-17 07:00:00,0.0,1013.7,22.9,140.0,13.0,0.509048,85.0,25.6
2022-09-17 08:00:00,0.0,1013.7,22.9,160.0,9.4,0.460984,85.0,25.6
2022-09-17 09:00:00,0.0,1013.5,22.9,150.0,7.6,0.440814,85.0,25.6
2022-09-17 10:00:00,0.0,1013.5,22.9,150.0,7.6,0.423986,85.0,25.6
2022-09-17 11:00:00,0.0,1013.6,22.9,100.0,5.4,0.419375,88.0,25.0
2022-09-17 12:00:00,0.0,1014.5,22.9,90.0,5.4,0.433668,88.0,25.0
2022-09-17 13:00:00,0.0,1014.5,23.3,120.0,9.4,0.447556,87.0,25.6
2022-09-17 14:00:00,0.0,1017.0,23.3,120.0,9.4,0.465422,87.0,25.6
2022-09-17 15:00:00,0.0,1015.4,22.2,180.0,14.8,0.495908,63.0,30.0
2022-09-17 16:00:00,0.0,1015.4,22.2,180.0,14.8,0.536076,63.0,30.0
2022-09-17 17:00:00,0.0,1014.7,21.3,170.0,20.5,0.58535,54.0,31.7
2022-09-17 18:00:00,0.0,1013.8,20.5,180.0,13.0,0.612264,50.0,32.2
2022-09-17 19:00:00,0.0,1012.9,19.4,200.0,11.2,0.677616,44.0,33.3
2022-09-17 20:00:00,0.0,1012.0,19.3,170.0,11.2,0.727524,41.0,34.4
2022-09-17 21:00:00,0.0,1012.0,19.3,170.0,11.2,0.725104,41.0,34.4
2022-09-17 22:00:00,0.0,1011.4,19.4,140.0,25.9,0.758529,44.0,33.3
2022-09-17 23:00:00,0.0,1011.3,20.5,150.0,22.3,0.836849,47.0,33.3
2022-09-18 00:00:00,0.0,1011.4,19.5,140.0,29.5,0.797545,47.0,32.2
2022-09-18 01:00:00,0.0,1012.0,20.0,140.0,20.5,0.780486,55.0,30.0
2022-09-18 02:00:00,0.0,1012.0,20.0,140.0,20.5,0.732711,55.0,30.0
2022-09-18 03:00:00,0.0,1012.8,20.6,130.0,24.1,0.688163,61.0,28.9
2022-09-18 04:00:00,0.0,1013.5,22.1,140.0,22.3,0.652374,76.0,26.7
2022-09-18 05:00:00,0.0,1013.6,21.7,140.0,14.8,0.59826,79.0,25.6
2022-09-18 06:00:00,0.0,1013.6,21.7,140.0,14.8,0.559359,79.0,25.6
2022-09-18 07:00:00,0.0,1013.6,22.3,130.0,11.2,0.51556,85.0,25.0
2022-09-18 08:00:00,0.0,1013.3,22.3,130.0,7.6,0.477985,85.0,25.0
2022-09-18 09:00:00,0.0,1013.2,22.3,100.0,5.4,0.442312,85.0,25.0
2022-09-18 10:00:00,0.0,1013.2,22.3,100.0,5.4,0.436434,85.0,25.0
2022-09-18 11:00:00,0.0,1013.5,22.9,130.0,7.6,0.416551,88.0,25.0
2022-09-18 12:00:00,0.0,1014.7,22.8,130.0,9.4,0.406927,91.0,24.4
2022-09-18 13:00:00,0.0,1015.3,22.9,170.0,5.4,0.412172,88.0,25.0
2022-09-18 14:00:00,0.0,1015.3,22.9,170.0,5.4,0.439949,88.0,25.0
2022-09-18 15:00:00,0.0,1015.7,21.1,140.0,14.8,0.509106,61.0,29.4
2022-09-18 16:00:00,0.0,1015.7,21.1,140.0,14.8,0.55884,61.0,29.4
2022-09-18 17:00:00,0.0,1014.9,20.1,120.0,16.6,0.630014,49.0,32.2
2022-09-18 18:00:00,0.0,1014.0,19.0,130.0,9.4,0.691505,43.0,33.3
2022-09-18 19:00:00,0.0,1014.0,19.0,130.0,9.4,0.730809,43.0,33.3
2022-09-18 20:00:00,0.0,1013.2,18.0,110.0,14.8,0.769882,39.0,33.9
2022-09-18 21:00:00,0.0,1011.8,19.0,140.0,16.6,0.788151,43.0,33.3
2022-09-18 22:00:00,0.0,1011.7,18.3,130.0,20.5,0.808783,41.0,33.3
2022-09-18 23:00:00,0.0,1011.7,18.3,130.0,20.5,0.822268,41.0,33.3
2022-09-19 00:00:00,0.0,1011.7,18.3,130.0,14.8,0.864108,45.0,31.7
2022-09-19 01:00:00,0.0,1011.7,18.3,130.0,14.8,0.853331,45.0,31.7
2022-09-19 02:00:00,0.0,1013.1,21.2,130.0,18.4,0.82175,63.0,28.9
2022-09-19 03:00:00,0.0,1013.7,22.3,160.0,20.5,0.773744,70.0,28.3
2022-09-19 04:00:00,0.0,1014.2,21.7,160.0,14.8,0.692658,72.0,27.2
2022-09-19 05:00:00,0.0,1014.5,21.8,140.0,13.0,0.609843,77.0,26.1
2022-09-19 06:00:00,0.0,1014.5,21.8,140.0,13.0,0.523917,77.0,26.1
2022-09-19 07:00:00,0.0,1014.2,22.9,160.0,7.6,0.465883,85.0,25.6
2022-09-19 08:00:00,0.0,1014.2,22.9,120.0,7.6,0.457988,88.0,25.0
2022-09-19 09:00:00,0.0,1013.9,22.9,130.0,7.6,0.435512,88.0,25.0
2022-09-19 10:00:00,0.0,1013.9,22.9,130.0,7.6,0.513485,88.0,25.0
2022-09-19 11:00:00,0.0,1017.0,22.8,100.0,7.6,0.523456,91.0,24.4
2022-09-19 12:00:00,0.0,1015.2,22.8,100.0,5.4,0.549562,91.0,24.4
2022-09-19 13:00:00,0.0,1015.5,23.4,160.0,9.4,0.528008,85.0,26.1
2022-09-19 14:00:00,0.0,1015.9,22.8,160.0,5.4,0.52334,79.0,26.7
2022-09-19 15:00:00,0.0,1016.1,21.2,170.0,9.4,0.528585,63.0,28.9
2022-09-19 16:00:00,0.0,1016.1,21.2,170.0,9.4,0.565065,63.0,28.9
2022-09-19 17:00:00,0.0,1015.2,20.7,140.0,5.4,0.599585,54.0,31.1
2022-09-19 18:00:00,0.0,1014.4,19.4,138.0,7.6,0.671277,44.0,33.3
2022-09-19 19:00:00,0.0,1013.4,20.0,200.0,18.4,0.734209,43.0,34.4
2022-09-19 20:00:00,0.0,1012.5,19.6,200.0,5.4,0.814488,43.0,33.9
2022-09-19 21:00:00,0.0,1012.5,19.6,140.0,5.4,0.769825,43.0,33.9
2022-09-19 22:00:00,0.0,1012.0,19.4,140.0,14.8,0.81201,40.0,35.0
2022-09-19 23:00:00,0.0,1011.6,18.9,170.0,16.6,0.909117,40.0,34.4
2022-09-20 00:00:00,0.0,1011.9,19.6,140.0,14.8,0.884278,43.0,33.9
2022-09-20 01:00:00,0.0,1012.2,20.1,120.0,24.1,0.870908,49.0,32.2
2022-09-20 02:00:00,0.0,1013.0,19.9,130.0,25.9,0.824516,53.0,30.6
2022-09-20 03:00:00,0.0,1014.6,22.2,140.0,24.1,0.789304,67.0,28.9
2022-09-20 04:00:00,0.0,1015.0,22.7,150.0,18.4,0.715422,74.0,27.8
2022-09-20 05:00:00,0.0,1015.0,22.7,150.0,18.4,0.619352,74.0,27.8
2022-09-20 06:00:00,0.0,1015.1,22.8,150.0,25.9,0.559474,79.0,26.7
2022-09-20 07:00:00,0.0,1015.2,23.4,170.0,5.4,0.517635,85.0,26.1
2022-09-20 08:00:00,0.0,1015.0,23.3,160.0,9.4,0.484152,87.0,25.6
2022-09-20 09:00:00,0.0,1015.0,23.3,160.0,9.4,0.455452,87.0,25.6
2022-09-20 10:00:00,0.0,1017.0,23.3,180.0,5.4,0.51435,87.0,25.6
2022-09-20 11:00:00,0.0,1015.0,23.2,0.0,0.0,0.513946,90.0,25.0
2022-09-20 12:00:00,0.0,1015.5,23.3,180.0,7.6,0.548294,87.0,25.6
2022-09-20 13:00:00,0.0,1016.3,22.8,0.0,7.6,0.5287,79.0,26.7
2022-09-20 14:00:00,0.0,1016.3,22.8,188.0,7.6,0.527086,79.0,26.7
2022-09-20 15:00:00,0.0,1016.4,22.8,0.0,0.0,0.549043,77.0,27.2
2022-09-20 16:00:00,0.0,1016.4,21.1,250.0,7.6,0.604426,61.0,29.4
2022-09-20 17:00:00,0.0,1015.9,20.5,250.0,5.4,0.620908,50.0,32.2
2022-09-20 18:00:00,0.0,1015.9,20.5,138.0,5.4,0.674043,50.0,32.2
2022-09-20 19:00:00,0.0,1014.9,19.5,130.0,5.4,0.70234,47.0,32.2
2022-09-20 20:00:00,0.0,1014.0,19.4,130.0,7.6,0.714212,44.0,33.3
2022-09-20 21:00:00,0.0,1012.6,18.9,170.0,16.6,0.723894,40.0,34.4
2022-09-20 22:00:00,0.0,1012.6,18.9,170.0,16.6,0.786653,40.0,34.4
2022-09-20 23:00:00,0.0,1012.4,18.3,140.0,18.4,0.911941,41.0,33.3
2022-09-21 00:00:00,0.0,1012.8,18.4,150.0,16.6,0.854426,44.0,32.2
2022-09-21 01:00:00,0.0,1012.8,18.4,150.0,16.6,0.83633,44.0,32.2
2022-09-21 02:00:00,0.0,1014.3,20.6,160.0,16.6,0.812529,61.0,28.9
2022-09-21 03:00:00,0.0,1014.3,20.6,160.0,16.6,0.747868,61.0,28.9
2022-09-21 04:00:00,0.0,1014.6,20.6,150.0,18.4,0.669606,63.0,28.3
2022-09-21 05:00:00,0.0,1014.6,21.0,170.0,14.8,0.588059,71.0,26.7
2022-09-21 06:00:00,0.0,1014.6,21.0,170.0,14.8,0.527663,71.0,26.7
2022-09-21 07:00:00,0.0,1014.6,21.1,180.0,13.0,0.477812,76.0,25.6
2022-09-21 08:00:00,0.0,1014.8,21.7,200.0,11.2,0.452801,79.0,25.6
2022-09-21 09:00:00,0.0,1014.9,21.7,180.0,7.6,0.426118,85.0,24.4
2022-09-21 10:00:00,0.0,1014.5,21.7,290.0,5.4,0.461734,85.0,24.4
2022-09-21 11:00:00,0.0,1014.6,21.8,300.0,5.4,0.471531,88.0,23.9
2022-09-21 12:00:00,0.0,1015.5,21.8,300.0,5.4,0.480175,88.0,23.9
2022-09-21 13:00:00,0.0,1015.9,22.2,0.0,0.0,0.473951,79.0,26.1
2022-09-21 14:00:00,0.0,1016.1,21.7,0.0,0.0,0.471761,72.0,27.2
2022-09-21 15:00:00,0.0,1016.1,21.7,0.0,0.0,0.503227,72.0,27.2
2022-09-21 16:00:00,0.0,1016.0,18.8,0.0,5.4,0.54184,48.0,31.1
2022-09-21 17:00:00,0.0,1015.5,18.3,128.0,5.4,0.618142,45.0,31.7
2022-09-21 18:00:00,0.0,1014.5,17.9,129.0,11.2,0.650645,40.0,33.3
2022-09-21 19:00:00,0.0,1013.6,16.7,190.0,11.2,0.713289,36.0,33.9
2022-09-21 20:00:00,0.0,1013.6,16.7,190.0,11.2,0.753688,36.0,33.9
2022-09-21 21:00:00,0.0,1012.1,15.9,125.0,11.2,0.743776,32.0,35.0
2022-09-21 22:00:00,0.0,1012.1,15.9,130.0,11.2,0.756339,32.0,35.0
2022-09-21 23:00:00,0.0,1011.9,14.9,130.0,20.5,0.8682,32.0,33.9
2022-09-22 00:00:00,0.0,1012.4,15.6,150.0,20.5,0.831028,38.0,31.7
2022-09-22 01:00:00,0.0,1012.4,15.6,150.0,20.5,0.800599,38.0,31.7
2022-09-22 02:00:00,0.0,1013.1,16.1,150.0,16.6,0.746024,43.0,30.0
2022-09-22 03:00:00,0.0,1014.4,17.2,120.0,9.4,0.684013,58.0,26.1
2022-09-22 04:00:00,0.0,1014.6,20.5,160.0,14.8,0.598317,69.0,26.7
2022-09-22 05:00:00,0.0,1014.6,20.5,160.0,14.8,0.537978,69.0,26.7
2022-09-22 06:00:00,0.0,1014.9,20.7,190.0,7.6,0.481501,77.0,25.0
2022-09-22 07:00:00,0.0,1014.8,21.1,180.0,7.6,0.439027,82.0,24.4
2022-09-22 08:00:00,0.0,1014.7,20.6,290.0,5.4,0.401971,85.0,23.3
2022-09-22 09:00:00,0.0,1014.7,20.5,0.0,0.0,0.385777,87.0,22.8
2022-09-22 10:00:00,0.0,1014.7,20.5,0.0,0.0,0.418799,87.0,22.8
2022-09-22 11:00:00,0.0,1015.2,19.4,290.0,9.4,0.423467,90.0,21.1
2022-09-22 12:00:00,0.0,1015.7,19.4,310.0,7.6,0.440065,90.0,21.1
2022-09-22 13:00:00,0.0,1016.2,20.0,300.0,7.6,0.438681,79.0,23.9
2022-09-22 14:00:00,0.0,1016.4,20.5,280.0,7.6,0.451763,69.0,26.7
2022-09-22 15:00:00,0.0,1016.4,20.5,280.0,7.6,0.491644,69.0,26.7
2022-09-22 16:00:00,0.0,1016.1,18.3,0.0,0.0,0.518096,45.0,31.7
2022-09-22 17:00:00,0.0,1016.1,18.3,0.0,0.0,0.574746,45.0,31.7
2022-09-22 18:00:00,0.0,1014.3,13.8,120.0,16.6,0.619871,29.0,34.4
2022-09-22 19:00:00,0.0,1013.2,12.0,120.0,14.8,0.679172,25.0,35.0
2022-09-22 20:00:00,0.0,1013.2,12.0,120.0,14.8,0.744583,25.0,35.0
2022-09-22 21:00:00,0.0,1012.0,11.9,110.0,16.6,0.733057,24.0,35.6
2022-09-22 22:00:00,0.0,1012.0,11.9,90.0,20.5,0.789477,24.0,35.6
2022-09-22 23:00:00,0.0,1011.8,11.7,140.0,5.4,0.868776,26.0,33.9
2022-09-23 00:00:00,0.0,1011.9,12.4,140.0,14.8,0.832584,29.0,32.8
2022-09-23 01:00:00,0.0,1012.5,13.5,170.0,13.0,0.807054,33.0,31.7
2022-09-23 02:00:00,0.0,1013.2,14.5,170.0,11.2,0.761123,39.0,30.0
2022-09-23 03:00:00,0.0,1013.9,16.2,180.0,13.0,0.703492,45.0,29.4
2022-09-23 04:00:00,0.0,1014.2,17.2,160.0,16.6,0.610708,51.0,28.3
2022-09-23 05:00:00,0.0,1014.2,17.2,160.0,16.6,0.530313,51.0,28.3
2022-09-23 06:00:00,0.0,1014.4,17.8,180.0,5.4,0.472049,58.0,26.7
2022-09-23 07:00:00,0.0,1014.1,17.7,340.0,9.4,0.428423,64.0,25.0
2022-09-23 08:00:00,0.0,1014.2,17.9,0.0,0.0,0.432573,69.0,23.9
2022-09-23 09:00:00,0.0,1014.2,17.9,300.0,5.4,0.400012,69.0,23.9
2022-09-23 10:00:00,0.0,1014.2,17.9,300.0,5.4,0.451994,69.0,23.9
2022-09-23 11:00:00,0.0,1014.8,16.6,300.0,7.6,0.452397,73.0,21.7
2022-09-23 12:00:00,0.0,1015.3,16.7,310.0,5.4,0.463174,71.0,22.2
2022-09-23 13:00:00,0.0,1015.7,17.3,340.0,5.4,0.44041,60.0,25.6
2022-09-23 14:00:00,0.0,1016.1,16.6,290.0,7.6,0.445136,46.0,29.4
2022-09-23 15:00:00,0.0,1016.1,16.6,290.0,7.6,0.504783,46.0,29.4
2022-09-23 16:00:00,0.0,1015.8,16.6,100.0,9.4,0.559417,37.0,33.3
2022-09-23 17:00:00,0.0,1015.2,16.6,100.0,5.4,0.60045,37.0,33.3
2022-09-23 18:00:00,0.0,1014.3,16.3,140.0,13.0,0.661653,34.0,34.4
2022-09-23 19:00:00,0.0,1014.3,16.3,140.0,13.0,0.722453,34.0,34.4
2022-09-23 20:00:00,0.0,1012.6,15.8,120.0,7.6,0.763658,34.0,33.9
2022-09-23 21:00:00,0.0,1011.9,15.9,140.0,22.3,0.799216,32.0,35.0
2022-09-23 22:00:00,0.0,1011.8,15.8,140.0,24.1,0.756455,33.0,34.4
2022-09-23 23:00:00,0.0,1012.2,14.9,140.0,25.9,0.818061,33.0,33.3
2022-09-24 00:00:00,0.0,1012.2,14.9,140.0,25.9,0.793338,33.0,33.3
2022-09-24 01:00:00,0.0,1012.5,15.6,150.0,16.6,0.786595,38.0,31.7
2022-09-24 02:00:00,0.0,1013.0,16.6,150.0,14.8,0.724758,43.0,30.6
2022-09-24 03:00:00,0.0,1014.4,18.2,160.0,20.5,0.668165,56.0,27.8
2022-09-24 04:00:00,0.0,1014.6,18.2,160.0,14.8,0.628285,58.0,27.2
2022-09-24 05:00:00,0.0,1014.6,18.2,160.0,14.8,0.551118,58.0,27.2
2022-09-24 06:00:00,0.0,1014.8,19.5,170.0,7.6,0.500173,69.0,25.6
2022-09-24 07:00:00,0.0,1015.0,20.1,190.0,5.4,0.448421,77.0,24.4
2022-09-24 08:00:00,0.0,1014.8,19.4,170.0,5.4,0.415572,76.0,23.9
2022-09-24 09:00:00,0.0,1014.8,19.4,170.0,5.4,0.399666,76.0,23.9
2022-09-24 10:00:00,0.0,1014.8,19.4,120.0,5.4,0.382434,81.0,22.8
2022-09-24 11:00:00,0.0,1015.3,18.9,0.0,0.0,0.386987,87.0,21.1
2022-09-24 12:00:00,0.0,1015.6,19.4,0.0,0.0,0.371485,84.0,22.2
2022-09-24 13:00:00,0.0,1015.9,19.4,90.0,5.4,0.376383,84.0,22.2
2022-09-24 14:00:00,0.0,1015.9,20.0,90.0,5.4,0.393615,74.0,25.0
2022-09-24 15:00:00,0.0,1016.2,20.6,170.0,14.8,0.437529,63.0,28.3
2022-09-24 16:00:00,0.0,1016.2,20.6,170.0,14.8,0.511238,63.0,28.3
2022-09-24 17:00:00,0.0,1015.3,18.8,190.0,9.4,0.554172,48.0,31.1
2022-09-24 18:00:00,0.0,1014.4,19.3,110.0,13.0,0.595609,48.0,31.7
2022-09-24 19:00:00,0.0,1014.4,19.3,110.0,13.0,0.661307,48.0,31.7
2022-09-24 20:00:00,0.0,1012.5,20.0,170.0,16.6,0.691909,47.0,32.8
2022-09-24 21:00:00,0.0,1012.5,20.0,170.0,16.6,0.74026,47.0,32.8
2022-09-24 22:00:00,0.0,1011.8,19.0,160.0,16.6,0.776452,43.0,33.3
2022-09-24 23:00:00,0.0,1011.6,19.3,140.0,11.2,0.815814,45.0,32.8
2022-09-25 00:00:00,0.0,1011.6,19.9,90.0,16.6,0.79305,53.0,30.6
2022-09-25 01:00:00,0.0,1012.4,20.0,150.0,20.5,0.752824,55.0,30.0
2022-09-25 02:00:00,0.0,1012.4,20.0,150.0,20.5,0.715134,55.0,30.0
2022-09-25 03:00:00,0.0,1013.2,21.1,160.0,13.0,0.665572,67.0,27.8
2022-09-25 04:00:00,0.0,1013.2,21.1,160.0,13.0,0.631455,67.0,27.8
2022-09-25 05:00:00,0.0,1013.5,21.1,160.0,13.0,0.580452,74.0,26.1
2022-09-25 06:00:00,0.0,1013.2,21.1,160.0,9.4,0.520459,76.0,25.6
2022-09-25 07:00:00,0.0,1013.2,21.1,160.0,9.4,0.486976,76.0,25.6
2022-09-25 08:00:00,0.0,1013.0,21.7,190.0,9.4,0.429403,82.0,25.0
2022-09-25 09:00:00,0.0,1013.0,21.7,190.0,9.4,0.403066,82.0,25.0
2022-09-25 10:00:00,0.0,1013.1,21.7,0.0,0.0,0.406466,85.0,24.4
2022-09-25 11:00:00,0.0,1013.6,21.8,0.0,0.0,0.394479,88.0,23.9
2022-09-25 12:00:00,0.0,1013.9,21.7,0.0,0.0,0.385201,85.0,24.4
2022-09-25 13:00:00,0.0,1014.2,22.3,0.0,0.0,0.388024,82.0,25.6
2022-09-25 14:00:00,0.0,1014.2,22.3,0.0,0.0,0.41805,82.0,25.6
2022-09-25 15:00:00,0.0,1014.3,21.1,180.0,9.4,0.474758,67.0,27.8
2022-09-25 16:00:00,0.0,1014.4,18.8,0.0,0.0,0.549216,51.0,30.0
2022-09-25 17:00:00,0.0,1014.0,18.8,70.0,13.0,0.596358,45.0,32.2
2022-09-25 18:00:00,0.0,1013.2,18.2,70.0,9.4,0.640099,42.0,32.8
2022-09-25 19:00:00,0.0,1013.2,18.2,98.0,9.4,0.711791,42.0,32.8
2022-09-25 20:00:00,0.0,1011.7,16.7,90.0,14.8,0.757031,35.0,34.4
2022-09-25 21:00:00,0.0,1011.7,16.7,90.0,14.8,0.815699,35.0,34.4
2022-09-25 22:00:00,0.0,1011.0,15.8,110.0,11.2,0.877766,33.0,34.4
2022-09-25 23:00:00,0.0,1010.7,16.6,100.0,14.8,0.895228,37.0,33.3
2022-09-26 00:00:00,0.0,1010.7,16.6,100.0,14.8,0.888831,37.0,33.3
2022-09-26 01:00:00,0.0,1011.6,19.3,140.0,18.4,0.86964,51.0,30.6
2022-09-26 02:00:00,0.0,1013.6,20.0,160.0,9.4,0.791263,57.0,29.4
2022-09-26 03:00:00,0.0,1014.1,20.1,170.0,13.0,0.721012,61.0,28.3
2022-09-26 04:00:00,0.0,1014.1,20.1,170.0,13.0,0.646323,61.0,28.3
2022-09-26 05:00:00,0.0,1014.4,20.1,200.0,7.6,0.558207,67.0,26.7
2022-09-26 06:00:00,0.0,1014.1,20.0,210.0,9.4,0.503054,69.0,26.1
2022-09-26 07:00:00,0.0,1014.2,20.6,220.0,9.4,0.460696,74.0,25.6
2022-09-26 08:00:00,0.0,1013.8,20.5,0.0,0.0,0.426752,79.0,24.4
2022-09-26 09:00:00,0.0,1013.8,20.5,0.0,0.0,0.395343,79.0,24.4
2022-09-26 10:00:00,0.0,1014.7,20.0,310.0,7.6,0.457123,79.0,23.9
2022-09-26 11:00:00,0.0,1015.2,19.0,320.0,9.4,0.48225,74.0,23.9
2022-09-26 12:00:00,0.0,1015.2,19.0,320.0,9.4,0.505878,74.0,23.9
2022-09-26 13:00:00,0.0,1016.3,13.8,330.0,9.4,0.473548,45.0,26.7
2022-09-26 14:00:00,0.0,1017.0,11.8,30.0,22.3,0.47447,36.0,28.3
2022-09-26 15:00:00,0.0,1017.0,11.8,30.0,22.3,0.504438,36.0,28.3
2022-09-26 16:00:00,0.0,1017.2,10.4,50.0,18.4,0.529161,27.0,31.7
2022-09-26 17:00:00,0.0,1016.7,10.8,60.0,18.4,0.562125,26.0,32.8
2022-09-26 18:00:00,0.0,1015.8,10.6,30.0,20.5,0.601199,25.0,33.3
2022-09-26 19:00:00,0.0,1015.8,10.6,30.0,20.5,0.639177,25.0,33.3
2022-09-26 20:00:00,0.0,1013.9,10.8,50.0,14.8,0.678193,23.0,35.0
2022-09-26 21:00:00,0.0,1013.7,10.8,20.0,14.8,0.73029,23.0,35.0
2022-09-26 22:00:00,0.0,1013.6,9.2,30.0,20.5,0.765906,22.0,33.9
2022-09-26 23:00:00,0.0,1013.6,9.2,30.0,20.5,0.801637,22.0,33.9
2022-09-27 00:00:00,0.0,1014.0,7.1,10.0,16.6,0.789361,21.0,32.2
2022-09-27 01:00:00,0.0,1015.6,7.6,50.0,7.6,0.77092,28.0,27.8
2022-09-27 02:00:00,0.0,1016.4,7.2,30.0,9.4,0.705279,29.0,26.7
2022-09-27 03:00:00,0.0,1016.4,7.2,30.0,9.4,0.631512,29.0,26.7
2022-09-27 04:00:00,0.0,1017.2,7.2,40.0,9.4,0.563451,32.0,25.0
2022-09-27 05:00:00,0.0,1017.7,6.1,50.0,11.2,0.48663,33.0,23.3
2022-09-27 06:00:00,0.0,1017.8,6.0,20.0,5.4,0.425542,35.0,22.2
2022-09-27 07:00:00,0.0,1017.6,5.8,10.0,11.2,0.370217,38.0,20.6
2022-09-27 08:00:00,0.0,1017.4,6.2,20.0,11.2,0.342554,39.0,20.6
2022-09-27 09:00:00,0.0,1017.4,6.2,20.0,11.2,0.311953,39.0,20.6
2022-09-27 10:00:00,0.0,1017.9,6.7,310.0,5.4,0.340479,50.0,17.2
2022-09-27 11:00:00,0.0,1018.4,6.8,300.0,11.2,0.359267,52.0,16.7
2022-09-27 12:00:00,0.0,1019.1,6.0,310.0,11.2,0.394018,46.0,17.8
2022-09-27 13:00:00,0.0,1019.6,6.6,310.0,9.4,0.375231,39.0,21.1
2022-09-27 14:00:00,0.0,1019.6,6.6,310.0,9.4,0.364166,39.0,21.1
2022-09-27 15:00:00,0.0,1020.3,4.1,70.0,18.4,0.375173,22.0,27.8
2022-09-27 16:00:00,0.0,1020.2,3.7,50.0,20.5,0.404737,20.0,28.9
2022-09-27 17:00:00,0.0,1019.6,3.4,80.0,7.6,0.420297,19.0,29.4
2022-09-27 18:00:00,0.0,1018.8,2.3,80.0,5.4,0.443234,16.0,31.1
2022-09-27 19:00:00,0.0,1018.8,2.3,110.0,5.4,0.48346,16.0,31.1
2022-09-27 20:00:00,0.0,1017.2,1.9,130.0,16.6,0.533195,15.0,31.7
2022-09-27 21:00:00,0.0,1016.8,1.9,90.0,13.0,0.578031,15.0,31.7
2022-09-27 22:00:00,0.0,1016.9,2.3,70.0,20.5,0.661307,16.0,31.1
2022-09-27 23:00:00,0.0,1016.9,2.3,70.0,20.5,0.711618,16.0,31.1
2022-09-28 00:00:00,0.0,1017.2,1.0,90.0,11.2,0.688969,16.0,29.4
2022-09-28 01:00:00,0.0,1018.1,3.0,50.0,7.6,0.638889,24.0,25.0
2022-09-28 02:00:00,0.0,1019.0,3.0,40.0,7.6,0.598432,24.0,25.0
2022-09-28 03:00:00,0.0,1019.5,3.2,0.0,0.0,0.54743,27.0,23.3
2022-09-28 04:00:00,0.0,1019.5,3.2,0.0,0.0,0.476833,27.0,23.3
2022-09-28 05:00:00,0.0,1019.8,6.2,310.0,7.6,0.41269,42.0,19.4
2022-09-28 06:00:00,0.0,1019.7,6.2,300.0,9.4,0.352467,45.0,18.3
2022-09-28 07:00:00,0.0,1020.1,5.5,300.0,9.4,0.331086,46.0,17.2
2022-09-28 08:00:00,0.0,1020.1,5.5,300.0,9.4,0.306362,46.0,17.2
2022-09-28 09:00:00,0.0,1020.1,5.6,300.0,9.4,0.279219,48.0,16.7
2022-09-28 10:00:00,0.0,1020.7,6.2,310.0,7.6,0.313393,52.0,16.1
2022-09-28 11:00:00,0.0,1021.2,6.2,300.0,9.4,0.334083,52.0,16.1
2022-09-28 12:00:00,0.0,1022.0,6.7,0.0,0.0,0.363071,50.0,17.2
2022-09-28 13:00:00,0.0,1022.0,6.7,0.0,0.0,0.354195,50.0,17.2
2022-09-28 14:00:00,0.0,1023.3,7.9,90.0,7.6,0.36843,36.0,23.9
2022-09-28 15:00:00,0.0,1023.8,9.4,100.0,16.6,0.377536,35.0,26.1
2022-09-28 16:00:00,0.0,1023.8,8.1,100.0,5.4,0.387967,30.0,27.2
2022-09-28 17:00:00,0.0,1023.1,4.1,80.0,9.4,0.409809,20.0,29.4
2022-09-28 18:00:00,0.0,1023.1,4.1,80.0,9.4,0.446519,20.0,29.4
2022-09-28 19:00:00,0.0,1021.7,4.4,120.0,9.4,0.474355,19.0,30.6
2022-09-28 20:00:00,0.0,1020.8,4.8,120.0,9.4,0.51752,19.0,31.1
2022-09-28 21:00:00,0.0,1020.8,4.8,113.0,9.4,0.574458,19.0,31.1
2022-09-28 22:00:00,0.0,1020.5,5.5,160.0,18.4,0.629438,20.0,31.1
2022-09-28 23:00:00,0.0,1020.5,5.3,110.0,13.0,0.701302,21.0,30.0
2022-09-29 00:00:00,0.0,1020.5,5.3,110.0,13.0,0.69116,21.0,30.0
2022-09-29 01:00:00,0.0,1020.7,6.0,180.0,13.0,0.661941,25.0,27.8
2022-09-29 02:00:00,0.0,1021.3,6.7,170.0,11.2,0.631685,29.0,26.1
2022-09-29 03:00:00,0.0,1021.8,7.1,150.0,5.4,0.559532,34.0,23.9
2022-09-29 04:00:00,0.0,1021.8,7.1,150.0,5.4,0.488532,34.0,23.9
2022-09-29 05:00:00,0.0,1021.9,8.4,0.0,0.0,0.421738,44.0,21.1
2022-09-29 06:00:00,0.0,1021.6,9.0,310.0,5.4,0.371312,51.0,19.4
2022-09-29 07:00:00,0.0,1021.7,9.0,310.0,5.4,0.349585,51.0,19.4
2022-09-29 08:00:00,0.0,1021.4,9.4,310.0,5.4,0.322556,56.0,18.3
2022-09-29 09:00:00,0.0,1021.4,9.4,310.0,5.4,0.307112,56.0,18.3
2022-09-29 10:00:00,0.0,1021.0,10.1,310.0,5.4,0.340191,63.0,17.2
2022-09-29 11:00:00,0.0,1021.6,9.5,310.0,5.4,0.364799,67.0,15.6
2022-09-29 12:00:00,0.0,1022.1,10.1,300.0,5.4,0.377017,63.0,17.2
2022-09-29 13:00:00,0.0,1022.1,10.1,300.0,5.4,0.35068,63.0,17.2
2022-09-29 14:00:00,0.0,1022.2,10.5,320.0,7.6,0.351948,40.0,25.0
2022-09-29 15:00:00,0.0,1022.2,8.6,320.0,9.4,0.381916,29.0,28.3
2022-09-29 16:00:00,0.0,1021.8,9.0,300.0,7.6,0.418799,28.0,29.4
2022-09-29 17:00:00,0.0,1020.8,7.7,300.0,9.4,0.441909,24.0,30.6
2022-09-29 18:00:00,0.0,1020.8,7.7,157.0,9.4,0.481328,24.0,30.6
2022-09-29 19:00:00,0.0,1018.0,7.6,0.0,5.4,0.549793,21.0,32.8
2022-09-29 20:00:00,0.0,1017.2,7.8,190.0,9.4,0.578838,22.0,32.2
2022-09-29 21:00:00,0.0,1017.2,7.8,190.0,9.4,0.660961,22.0,32.2
2022-09-29 22:00:00,0.0,1016.7,7.6,190.0,9.4,0.704991,21.0,32.8
2022-09-29 23:00:00,0.0,1016.3,7.8,0.0,0.0,0.731385,22.0,32.2
2022-09-30 00:00:00,0.0,1016.1,7.5,130.0,11.2,0.746715,23.0,31.1
2022-09-30 01:00:00,0.0,1016.1,8.5,160.0,14.8,0.703089,27.0,29.4
2022-09-30 02:00:00,0.0,1016.5,9.5,190.0,11.2,0.661019,33.0,27.2
2022-09-30 03:00:00,0.0,1016.5,9.5,190.0,11.2,0.619813,33.0,27.2
2022-09-30 04:00:00,0.0,1016.6,10.6,0.0,0.0,0.539995,43.0,23.9
2022-09-30 05:00:00,0.0,1016.2,11.0,0.0,0.0,0.456604,49.0,22.2
2022-09-30 06:00:00,0.0,1015.9,11.1,0.0,0.0,0.394652,53.0,21.1
2022-09-30 07:00:00,0.0,1015.8,11.2,0.0,0.0,0.356904,57.0,20.0
2022-09-30 08:00:00,0.0,1015.8,11.2,0.0,0.0,0.32613,57.0,20.0
2022-09-30 09:00:00,0.0,1016.2,10.1,40.0,5.4,0.328031,55.0,19.4
2022-09-30 10:00:00,0.0,1016.5,9.9,10.0,7.6,0.358287,58.0,18.3
2022-09-30 11:00:00,0.0,1016.7,11.1,60.0,7.6,0.374942,63.0,18.3
2022-09-30 12:00:00,0.0,1016.7,11.1,60.0,7.6,0.40393,63.0,18.3
2022-09-30 13:00:00,0.0,1017.3,11.2,70.0,9.4,0.373502,59.0,19.4
2022-09-30 14:00:00,0.0,1017.2,8.9,100.0,11.2,0.37062,44.0,21.7
2022-09-30 15:00:00,0.0,1017.1,10.7,70.0,7.6,0.378631,45.0,23.3
2022-09-30 16:00:00,0.0,1016.5,11.2,70.0,5.4,0.397706,42.0,25.0
2022-09-30 17:00:00,0.0,1016.5,11.2,107.0,5.4,0.43459,42.0,25.0
2022-09-30 18:00:00,0.0,1014.6,11.0,180.0,9.4,0.483114,32.0,29.4
2022-09-30 19:00:00,0.0,1013.2,10.4,180.0,7.6,0.552271,28.0,31.1
2022-09-30 20:00:00,0.0,1012.3,10.3,120.0,16.6,0.612033,26.0,32.2
2022-09-30 21:00:00,0.0,1012.3,10.3,120.0,16.6,0.694617,26.0,32.2
2022-09-30 22:00:00,0.0,1011.7,9.7,90.0,14.8,0.707527,25.0,32.2
2022-09-30 23:00:00,0.0,1011.7,9.0,100.0,18.4,0.737091,28.0,29.4
2022-10-01 00:00:00,0.0,1011.7,9.0,100.0,18.4,0.695078,28.0,29.4
2022-10-01 01:00:00,0.0,1011.9,9.1,100.0,13.0,0.648283,32.0,27.2
2022-10-01 02:00:00,0.0,1012.6,9.0,80.0,11.2,0.626729,34.0,26.1
2022-10-01 03:00:00,0.0,1012.8,8.8,80.0,9.4,0.595609,37.0,24.4
2022-10-01 04:00:00,0.0,1013.6,8.3,70.0,9.4,0.528469,41.0,22.2
2022-10-01 05:00:00,0.0,1013.7,8.4,100.0,9.4,0.473202,44.0,21.1
2022-10-01 06:00:00,0.0,1013.7,9.0,0.0,0.0,0.397188,49.0,20.0
2022-10-01 07:00:00,0.0,1013.9,9.9,0.0,0.0,0.355002,56.0,18.9
2022-10-01 08:00:00,0.0,1013.9,9.9,0.0,0.0,0.329703,56.0,18.9
2022-10-01 09:00:00,0.0,1014.1,10.6,330.0,5.4,0.304,65.0,17.2
2022-10-01 10:00:00,0.0,1014.6,10.0,310.0,5.4,0.298698,67.0,16.1
2022-10-01 11:00:00,0.0,1015.2,9.9,310.0,5.4,0.30423,69.0,15.6
2022-10-01 12:00:00,0.0,1015.2,9.9,310.0,5.4,0.30959,69.0,15.6
2022-10-01 13:00:00,0.0,1016.5,10.6,60.0,7.6,0.321634,72.0,15.6
2022-10-01 14:00:00,0.0,1016.8,13.3,0.0,0.0,0.33731,59.0,21.7
2022-10-01 15:00:00,0.0,1016.9,13.3,0.0,5.4,0.346185,50.0,24.4
2022-10-01 16:00:00,0.0,1016.5,11.1,50.0,11.2,0.371715,39.0,26.1
2022-10-01 17:00:00,0.0,1016.5,11.1,50.0,11.2,0.410731,39.0,26.1
2022-10-01 18:00:00,0.0,1015.1,10.1,80.0,7.6,0.439258,31.0,28.9
2022-10-01 19:00:00,0.0,1014.1,9.5,140.0,9.4,0.49879,28.0,30.0
2022-10-01 20:00:00,0.0,1013.5,8.9,190.0,9.4,0.553077,26.0,30.6
2022-10-01 21:00:00,0.0,1013.5,8.9,190.0,9.4,0.615722,26.0,30.6
2022-10-01 22:00:00,0.0,1013.4,8.3,80.0,14.8,0.660212,25.0,30.6
2022-10-01 23:00:00,0.0,1013.8,6.9,90.0,14.8,0.669145,25.0,28.9
2022-10-02 00:00:00,0.0,1014.2,6.7,100.0,13.0,0.655775,29.0,26.1
2022-10-02 01:00:00,0.0,1014.2,6.7,100.0,13.0,0.610996,29.0,26.1
2022-10-02 02:00:00,0.0,1014.9,6.6,90.0,7.6,0.56541,33.0,23.9
2022-10-02 03:00:00,0.0,1015.6,6.0,120.0,9.4,0.522764,35.0,22.2
2022-10-02 04:00:00,0.0,1016.9,6.2,90.0,9.4,0.489857,39.0,20.6
2022-10-02 05:00:00,0.0,1016.9,6.7,0.0,0.0,0.437241,42.0,20.0
2022-10-02 06:00:00,0.0,1017.1,8.4,320.0,5.4,0.377536,54.0,17.8
2022-10-02 07:00:00,0.0,1017.1,8.4,320.0,5.4,0.336791,54.0,17.8
2022-10-02 08:00:00,0.0,1017.1,7.9,300.0,7.6,0.293107,60.0,15.6
2022-10-02 09:00:00,0.0,1017.1,7.9,300.0,7.6,0.281293,60.0,15.6
2022-10-02 10:00:00,0.0,1017.7,7.8,300.0,7.6,0.269306,62.0,15.0
2022-10-02 11:00:00,0.0,1018.5,8.3,300.0,11.2,0.269825,67.0,14.4
2022-10-02 12:00:00,0.0,1018.5,8.3,300.0,11.2,0.272188,67.0,14.4
2022-10-02 13:00:00,0.0,1020.0,10.1,310.0,7.6,0.282158,63.0,17.2
2022-10-02 14:00:00,0.0,1020.3,12.2,0.0,0.0,0.309013,53.0,22.2
2022-10-02 15:00:00,0.0,1020.7,13.4,120.0,9.4,0.349988,52.0,23.9
2022-10-02 16:00:00,0.0,1020.4,11.8,140.0,13.0,0.402432,41.0,26.1
2022-10-02 17:00:00,0.0,1020.4,11.8,140.0,13.0,0.399781,41.0,26.1
2022-10-02 18:00:00,0.0,1018.8,9.1,110.0,9.4,0.44675,31.0,27.8
2022-10-02 19:00:00,0.0,1018.1,9.1,140.0,16.6,0.566102,31.0,27.8
2022-10-02 20:00:00,0.0,1017.6,8.1,0.0,0.0,0.557573,28.0,28.3
2022-10-02 21:00:00,0.0,1017.6,8.1,0.0,0.0,0.574228,28.0,28.3
2022-10-02 22:00:00,0.0,1017.8,8.1,20.0,7.6,0.580625,28.0,28.3
2022-10-02 23:00:00,0.0,1017.9,8.1,30.0,9.4,0.616932,30.0,27.2
2022-10-03 00:00:00,0.0,1017.9,8.1,30.0,9.4,0.62402,30.0,27.2
2022-10-03 01:00:00,0.0,1018.5,8.4,70.0,7.6,0.626153,36.0,24.4
2022-10-03 02:00:00,0.0,1018.5,8.4,70.0,7.6,0.597049,36.0,24.4
2022-10-03 03:00:00,0.0,1019.3,7.8,0.0,0.0,0.54962,37.0,23.3
2022-10-03 04:00:00,0.0,1019.5,6.8,0.0,0.0,0.473432,37.0,22.2
2022-10-03 05:00:00,0.0,1019.2,7.9,0.0,0.0,0.376441,44.0,20.6
2022-10-03 06:00:00,0.0,1018.8,8.8,0.0,0.0,0.332238,52.0,18.9
2022-10-03 07:00:00,0.0,1018.8,8.8,0.0,0.0,0.303884,52.0,18.9
2022-10-03 08:00:00,0.0,1018.5,7.8,300.0,7.6,0.299908,54.0,17.2
2022-10-03 09:00:00,0.0,1018.3,7.9,330.0,7.6,0.283656,56.0,16.7
2022-10-03 10:00:00,0.0,1018.9,7.3,300.0,5.4,0.318465,52.0,17.2
2022-10-03 11:00:00,0.0,1019.4,7.3,310.0,7.6,0.359843,54.0,16.7
2022-10-03 12:00:00,0.0,1019.4,7.3,310.0,7.6,0.396208,54.0,16.7
2022-10-03 13:00:00,0.0,1020.3,7.8,0.0,0.0,0.400934,47.0,19.4
2022-10-03 14:00:00,0.0,1020.8,6.5,40.0,7.6,0.37258,35.0,22.8
2022-10-03 15:00:00,0.0,1020.7,7.2,50.0,9.4,0.399032,32.0,25.0
2022-10-03 16:00:00,0.0,1020.2,7.2,130.0,9.4,0.39033,30.0,26.1
2022-10-03 17:00:00,0.0,1020.2,7.2,130.0,9.4,0.373674,30.0,26.1
2022-10-03 18:00:00,0.0,1018.7,6.4,120.0,5.4,0.417358,25.0,28.3
2022-10-03 19:00:00,0.0,1017.7,5.7,0.0,0.0,0.46888,23.0,28.9
2022-10-03 20:00:00,0.0,1017.0,4.6,0.0,5.4,0.497464,20.0,30.0
2022-10-03 21:00:00,0.0,1017.0,4.6,130.0,5.4,0.588174,20.0,30.0
2022-10-03 22:00:00,0.0,1016.7,5.3,130.0,9.4,0.594398,21.0,30.0
2022-10-03 23:00:00,0.0,1016.5,3.9,0.0,0.0,0.640272,21.0,28.3
2022-10-04 00:00:00,0.0,1016.9,5.6,160.0,14.8,0.647879,26.0,26.7
2022-10-04 01:00:00,0.0,1017.3,5.7,160.0,7.6,0.60045,29.0,25.0
2022-10-04 02:00:00,0.0,1017.3,5.7,160.0,7.6,0.565468,29.0,25.0
2022-10-04 03:00:00,0.0,1017.7,6.2,0.0,0.0,0.520747,31.0,24.4
2022-10-04 04:00:00,0.0,1017.7,9.0,0.0,0.0,0.473317,43.0,22.2
2022-10-04 05:00:00,0.0,1017.4,9.3,310.0,7.6,0.406063,47.0,21.1
2022-10-04 06:00:00,0.0,1017.0,8.3,0.0,0.0,0.362091,45.0,20.6
2022-10-04 07:00:00,0.0,1017.0,8.3,0.0,0.0,0.336503,45.0,20.6
2022-10-04 08:00:00,0.0,1016.7,8.4,300.0,5.4,0.316621,49.0,19.4
2022-10-04 09:00:00,0.0,1016.6,8.2,310.0,7.6,0.29086,50.0,18.9
2022-10-04 10:00:00,0.0,1016.4,8.2,320.0,5.4,0.327974,50.0,18.9
2022-10-04 11:00:00,0.0,1017.0,7.6,310.0,7.6,0.35627,48.0,18.9
2022-10-04 12:00:00,0.0,1017.0,8.0,310.0,7.6,0.388889,49.0,18.9
2022-10-04 13:00:00,0.0,1017.9,8.3,0.0,0.0,0.377075,47.0,20.0
2022-10-04 14:00:00,0.0,1018.4,8.9,0.0,0.0,0.377939,41.0,22.8
2022-10-04 15:00:00,0.0,1018.6,8.5,70.0,5.4,0.3818,35.0,25.0
2022-10-04 16:00:00,0.0,1018.3,8.2,0.0,0.0,0.379668,31.0,26.7
2022-10-04 17:00:00,0.0,1018.3,8.2,0.0,0.0,0.426464,31.0,26.7
2022-10-04 18:00:00,0.0,1016.8,8.1,120.0,14.8,0.43142,29.0,27.8
2022-10-04 19:00:00,0.0,1015.6,8.0,140.0,14.8,0.462713,27.0,28.9
2022-10-04 20:00:00,0.0,1015.1,6.9,180.0,9.4,0.5,25.0,28.9
2022-10-04 21:00:00,0.0,1015.1,6.9,180.0,9.4,0.506455,25.0,28.9
2022-10-04 22:00:00,0.0,1014.7,8.0,140.0,18.4,0.580337,27.0,28.9
2022-10-04 23:00:00,0.0,1014.8,7.6,140.0,13.0,0.629092,28.0,27.8
2022-10-05 00:00:00,0.0,1015.1,7.2,90.0,5.4,0.607192,32.0,25.0
2022-10-05 01:00:00,0.0,1015.6,8.4,0.0,0.0,0.623559,36.0,24.4
2022-10-05 02:00:00,0.0,1015.6,8.4,0.0,0.0,0.599412,36.0,24.4
2022-10-05 03:00:00,0.0,1016.2,9.9,160.0,5.4,0.536826,40.0,24.4
2022-10-05 04:00:00,0.0,1016.4,10.1,310.0,7.6,0.469629,53.0,20.0
2022-10-05 05:00:00,0.0,1016.4,10.7,340.0,5.4,0.39811,59.0,18.9
2022-10-05 06:00:00,0.0,1016.4,9.9,300.0,5.4,0.347683,60.0,17.8
2022-10-05 07:00:00,0.0,1016.4,9.9,300.0,5.4,0.320136,60.0,17.8
2022-10-05 08:00:00,0.0,1016.3,10.1,300.0,9.4,0.300138,63.0,17.2
2022-10-05 09:00:00,0.0,1016.2,10.1,310.0,7.6,0.305671,65.0,16.7
2022-10-05 10:00:00,0.0,1016.7,10.1,0.0,0.0,0.336042,65.0,16.7
2022-10-05 11:00:00,0.0,1016.7,10.1,0.0,0.0,0.36405,65.0,16.7
2022-10-05 12:00:00,0.0,1017.7,10.5,280.0,5.4,0.386123,67.0,16.7
2022-10-05 13:00:00,0.0,1018.3,11.7,0.0,0.0,0.365779,59.0,20.0
2022-10-05 14:00:00,0.0,1018.3,11.7,0.0,0.0,0.3395,59.0,20.0
2022-10-05 15:00:00,0.0,1018.9,15.0,229.0,5.4,0.369295,54.0,25.0
2022-10-05 16:00:00,0.0,1018.9,15.0,138.0,5.4,0.407619,54.0,25.0
2022-10-05 17:00:00,0.0,1017.9,12.2,146.0,7.6,0.419375,37.0,28.3
2022-10-05 18:00:00,0.0,1017.0,11.9,0.0,0.0,0.472683,34.0,29.4
2022-10-05 19:00:00,0.0,1016.0,10.5,100.0,9.4,0.514062,30.0,30.0
2022-10-05 20:00:00,0.0,1015.2,10.5,110.0,9.4,0.574285,30.0,30.0
2022-10-05 21:00:00,0.0,1015.2,10.5,110.0,9.4,0.61503,30.0,30.0
2022-10-05 22:00:00,0.0,1015.1,10.5,120.0,11.2,0.665111,29.0,30.6
2022-10-05 23:00:00,0.0,1015.4,10.6,90.0,9.4,0.691793,32.0,28.9
2022-10-06 00:00:00,0.0,1016.0,9.9,110.0,9.4,0.672718,36.0,26.1
2022-10-06 01:00:00,0.0,1016.6,10.1,120.0,7.6,0.646957,39.0,25.0
2022-10-06 02:00:00,0.0,1016.6,10.1,120.0,7.6,0.610304,39.0,25.0
2022-10-06 03:00:00,0.0,1017.5,9.8,0.0,0.0,0.566332,41.0,23.9
2022-10-06 04:00:00,0.0,1018.3,10.7,130.0,7.6,0.504726,48.0,22.2
2022-10-06 05:00:00,0.0,1018.6,13.3,150.0,13.0,0.438105,57.0,22.2
2022-10-06 06:00:00,0.0,1018.6,13.3,150.0,13.0,0.384912,57.0,22.2
2022-10-06 07:00:00,0.0,1018.7,12.9,330.0,5.4,0.340134,68.0,18.9
2022-10-06 08:00:00,0.0,1018.7,12.9,300.0,7.6,0.310454,73.0,17.8
2022-10-06 09:00:00,0.0,1018.7,12.9,300.0,7.6,0.293511,73.0,17.8
2022-10-06 10:00:00,0.0,1018.7,11.7,300.0,9.4,0.321865,70.0,17.2
2022-10-06 11:00:00,0.0,1018.7,11.7,300.0,9.4,0.362552,70.0,17.2
2022-10-06 12:00:00,0.0,1019.8,12.1,300.0,7.6,0.393499,72.0,17.2
2022-10-06 13:00:00,0.0,1020.2,14.5,320.0,7.6,0.380129,68.0,20.6
2022-10-06 14:00:00,0.0,1020.7,16.1,310.0,5.4,0.376095,60.0,24.4
2022-10-06 15:00:00,0.0,1020.7,14.9,0.0,0.0,0.408195,50.0,26.1
2022-10-06 16:00:00,0.0,1020.7,14.9,0.0,0.0,0.4071,50.0,26.1
2022-10-06 17:00:00,0.0,1019.7,12.0,80.0,14.8,0.434532,32.0,30.6
2022-10-06 18:00:00,0.0,1019.0,11.0,0.0,0.0,0.47885,31.0,30.0
2022-10-06 19:00:00,0.0,1017.9,8.8,0.0,7.6,0.530486,25.0,31.1
2022-10-06 20:00:00,0.0,1017.5,9.3,100.0,16.6,0.574689,25.0,31.7
2022-10-06 21:00:00,0.0,1017.5,9.3,100.0,16.6,0.626729,25.0,31.7
2022-10-06 22:00:00,0.0,1017.0,7.5,60.0,7.6,0.634567,23.0,31.1
2022-10-06 23:00:00,0.0,1017.4,7.9,100.0,16.6,0.670067,26.0,29.4
2022-10-07 00:00:00,0.0,1018.0,9.1,100.0,9.4,0.707757,33.0,26.7
2022-10-07 01:00:00,0.0,1018.0,9.1,100.0,9.4,0.649608,33.0,26.7
2022-10-07 02:00:00,0.0,1019.0,9.9,0.0,0.0,0.604887,40.0,24.4
2022-10-07 03:00:00,0.0,1019.7,10.7,0.0,0.0,0.550369,42.0,24.4
2022-10-07 04:00:00,0.0,1020.3,12.4,170.0,11.2,0.497176,47.0,24.4
2022-10-07 05:00:00,0.0,1020.3,12.7,170.0,5.4,0.444617,53.0,22.8
2022-10-07 06:00:00,0.0,1020.3,12.7,170.0,5.4,0.400012,53.0,22.8
2022-10-07 07:00:00,0.0,1020.3,13.3,320.0,5.4,0.371081,63.0,20.6
2022-10-07 08:00:00,0.0,1020.1,13.8,0.0,0.0,0.340364,63.0,21.1
2022-10-07 09:00:00,0.0,1019.9,14.5,310.0,7.6,0.328953,68.0,20.6
2022-10-07 10:00:00,0.0,1020.5,13.9,310.0,7.6,0.349873,68.0,20.0
2022-10-07 11:00:00,0.0,1020.5,13.9,310.0,7.6,0.370159,68.0,20.0
2022-10-07 12:00:00,0.0,1021.6,14.0,300.0,7.6,0.408944,66.0,20.6
2022-10-07 13:00:00,0.0,1022.2,14.4,300.0,5.4,0.394364,63.0,21.7
2022-10-07 14:00:00,0.0,1022.7,15.1,0.0,0.0,0.411077,60.0,23.3
2022-10-07 15:00:00,0.0,1022.8,15.6,350.0,5.4,0.439776,56.0,25.0
2022-10-07 16:00:00,0.0,1022.8,15.6,350.0,5.4,0.45793,56.0,25.0
2022-10-07 17:00:00,0.0,1022.0,15.5,0.0,0.0,0.434935,47.0,27.8
2022-10-07 18:00:00,0.0,1021.2,13.8,50.0,7.6,0.487148,41.0,28.3
2022-10-07 19:00:00,0.0,1020.4,12.3,50.0,9.4,0.489972,36.0,28.9
2022-10-07 20:00:00,0.0,1020.4,12.3,60.0,9.4,0.496485,36.0,28.9
2022-10-07 21:00:00,0.0,1019.8,11.9,60.0,13.0,0.542877,35.0,28.9
2022-10-07 22:00:00,0.0,1019.7,10.5,70.0,11.2,0.547775,33.0,28.3
2022-10-07 23:00:00,0.0,1019.9,11.7,100.0,11.2,0.594917,38.0,27.2
2022-10-08 00:00:00,0.0,1020.6,9.9,130.0,11.2,0.572556,36.0,26.1
2022-10-08 01:00:00,0.0,1020.6,9.9,130.0,11.2,0.576014,36.0,26.1
2022-10-08 02:00:00,0.0,1021.9,12.4,190.0,7.6,0.54207,47.0,24.4
2022-10-08 03:00:00,0.0,1022.4,12.3,310.0,7.6,0.496254,55.0,21.7
2022-10-08 04:00:00,0.0,1022.5,12.3,320.0,5.4,0.461042,59.0,20.6
2022-10-08 05:00:00,0.0,1022.4,12.2,300.0,7.6,0.418626,63.0,19.4
2022-10-08 06:00:00,0.0,1022.4,12.2,300.0,7.6,0.365549,63.0,19.4
2022-10-08 07:00:00,0.0,1022.4,11.7,310.0,7.6,0.342439,63.0,18.9
2022-10-08 08:00:00,0.0,1022.1,12.2,290.0,5.4,0.326821,65.0,18.9
2022-10-08 09:00:00,0.0,1022.0,11.7,300.0,11.2,0.317024,61.0,19.4
2022-10-08 10:00:00,0.0,1022.5,11.7,320.0,9.4,0.299389,63.0,18.9
2022-10-08 11:00:00,0.0,1022.5,11.7,320.0,9.4,0.296853,63.0,18.9
2022-10-08 12:00:00,0.0,1023.5,10.7,0.0,0.0,0.320251,59.0,18.9
2022-10-08 13:00:00,0.0,1024.1,11.0,20.0,16.6,0.327109,49.0,22.2
2022-10-08 14:00:00,0.0,1024.5,11.7,50.0,11.2,0.347799,45.0,24.4
2022-10-08 15:00:00,0.0,1024.5,11.7,50.0,11.2,0.370851,45.0,24.4
2022-10-08 16:00:00,0.0,1024.1,10.9,80.0,22.3,0.406063,34.0,28.3
2022-10-08 17:00:00,0.0,1023.4,11.0,50.0,18.4,0.432227,32.0,29.4
2022-10-08 18:00:00,0.0,1022.4,9.5,90.0,14.8,0.463462,28.0,30.0
2022-10-08 19:00:00,0.0,1022.4,9.5,90.0,14.8,0.503631,28.0,30.0
2022-10-08 20:00:00,0.0,1020.9,8.2,80.0,7.6,0.55325,24.0,31.1
2022-10-08 21:00:00,0.0,1019.9,8.8,80.0,16.6,0.580279,25.0,31.1
2022-10-08 22:00:00,0.0,1019.7,8.4,80.0,16.6,0.63059,26.0,30.0
2022-10-08 23:00:00,0.0,1020.0,8.6,50.0,13.0,0.655832,28.0,28.9
2022-10-09 00:00:00,0.0,1020.4,9.1,30.0,9.4,0.63595,31.0,27.8
2022-10-09 01:00:00,0.0,1020.4,9.1,30.0,9.4,0.616413,31.0,27.8
2022-10-09 02:00:00,0.0,1021.5,9.4,50.0,11.2,0.592785,35.0,26.1
2022-10-09 03:00:00,0.0,1021.6,9.3,50.0,7.6,0.571865,37.0,25.0
2022-10-09 04:00:00,0.0,1022.0,9.8,70.0,7.6,0.526337,41.0,23.9
2022-10-09 05:00:00,0.0,1021.9,12.2,100.0,11.2,0.481962,53.0,22.2
2022-10-09 06:00:00,0.0,1021.9,12.2,100.0,11.2,0.423006,53.0,22.2
2022-10-09 07:00:00,0.0,1022.0,13.3,50.0,5.4,0.366298,61.0,21.1
2022-10-09 08:00:00,0.0,1021.8,13.3,0.0,0.0,0.331547,63.0,20.6
2022-10-09 09:00:00,0.0,1021.8,13.2,0.0,0.0,0.312183,65.0,20.0
2022-10-09 10:00:00,0.0,1021.8,13.2,0.0,0.0,0.294202,65.0,20.0
2022-10-09 11:00:00,0.0,1022.6,13.3,40.0,5.4,0.29645,68.0,19.4
2022-10-09 12:00:00,0.0,1023.0,13.3,0.0,0.0,0.309302,70.0,18.9
2022-10-09 13:00:00,0.0,1023.8,14.5,70.0,9.4,0.317485,68.0,20.6
2022-10-09 14:00:00,0.0,1024.4,15.6,70.0,11.2,0.347107,62.0,23.3
2022-10-09 15:00:00,0.0,1024.4,15.6,70.0,11.2,0.389753,62.0,23.3
2022-10-09 16:00:00,0.0,1023.7,14.9,106.0,11.2,0.408137,47.0,27.2
2022-10-09 17:00:00,0.0,1022.8,14.4,160.0,9.4,0.488474,44.0,27.8
2022-10-09 18:00:00,0.0,1021.8,13.2,170.0,11.2,0.495966,37.0,29.4
2022-10-09 19:00:00,0.0,1020.5,12.0,150.0,20.5,0.546219,32.0,30.6
2022-10-09 20:00:00,0.0,1020.5,12.0,150.0,20.5,0.586791,32.0,30.6
2022-10-09 21:00:00,0.0,1019.4,12.4,130.0,13.0,0.648225,34.0,30.0
2022-10-09 22:00:00,0.0,1018.9,10.6,130.0,14.8,0.681362,32.0,28.9
2022-10-09 23:00:00,0.0,1018.8,10.9,120.0,18.4,0.707123,34.0,28.3
2022-10-10 00:00:00,0.0,1019.4,10.6,120.0,13.0,0.701879,39.0,25.6
2022-10-10 01:00:00,0.0,1019.4,10.6,120.0,13.0,0.68263,39.0,25.6
2022-10-10 02:00:00,0.0,1020.3,15.0,100.0,9.4,0.640157,52.0,25.6
2022-10-10 03:00:00,0.0,1021.0,16.1,150.0,24.1,0.607423,60.0,24.4
2022-10-10 04:00:00,0.0,1021.2,16.8,150.0,20.5,0.528873,67.0,23.3
2022-10-10 05:00:00,0.0,1021.2,16.8,150.0,20.5,0.457872,67.0,23.3
2022-10-10 06:00:00,0.0,1020.9,16.7,120.0,7.6,0.403181,76.0,21.1
2022-10-10 07:00:00,0.0,1020.7,16.6,0.0,0.0,0.368257,78.0,20.6
2022-10-10 08:00:00,0.0,1020.3,16.6,0.0,0.0,0.338117,81.0,20.0
2022-10-10 09:00:00,0.0,1020.1,16.1,0.0,0.0,0.317946,84.0,18.9
2022-10-10 10:00:00,0.0,1020.1,16.1,0.0,0.0,0.372349,84.0,18.9
2022-10-10 11:00:00,0.0,1020.6,15.6,300.0,7.6,0.390503,87.0,17.8
2022-10-10 12:00:00,0.0,1020.9,15.5,300.0,5.4,0.398052,84.0,18.3
2022-10-10 13:00:00,0.0,1021.2,15.5,0.0,0.0,0.411999,84.0,18.3
2022-10-10 14:00:00,0.0,1021.6,17.3,110.0,9.4,0.408887,71.0,22.8
2022-10-10 15:00:00,0.0,1021.6,17.3,110.0,9.4,0.41488,71.0,22.8
2022-10-10 16:00:00,0.0,1021.5,14.1,150.0,13.0,0.429633,43.0,27.8
2022-10-10 17:00:00,0.0,1020.8,13.4,100.0,9.4,0.466286,40.0,28.3
2022-10-10 18:00:00,0.0,1019.6,12.3,100.0,9.4,0.523571,36.0,28.9
2022-10-10 19:00:00,0.0,1018.5,12.8,140.0,22.3,0.543223,36.0,29.4
2022-10-10 20:00:00,0.0,1018.5,12.8,140.0,22.3,0.59849,36.0,29.4
2022-10-10 21:00:00,0.0,1016.9,12.8,160.0,20.5,0.621485,36.0,29.4
2022-10-10 22:00:00,0.0,1016.6,13.2,150.0,22.3,0.653412,38.0,28.9
2022-10-10 23:00:00,0.0,1016.6,13.3,150.0,22.3,0.675945,41.0,27.8
2022-10-11 00:00:00,0.0,1016.6,13.3,140.0,27.7,0.651395,41.0,27.8
2022-10-11 01:00:00,0.0,1017.5,14.4,130.0,24.1,0.661249,50.0,25.6
2022-10-11 02:00:00,0.0,1018.1,15.6,140.0,24.1,0.630648,58.0,24.4
2022-10-11 03:00:00,0.0,1018.6,16.2,140.0,18.4,0.59411,62.0,23.9
2022-10-11 04:00:00,0.0,1018.7,16.1,130.0,18.4,0.535212,66.0,22.8
2022-10-11 05:00:00,0.0,1018.7,16.1,130.0,18.4,0.471473,66.0,22.8
2022-10-11 06:00:00,0.0,1017.9,16.0,130.0,13.0,0.410212,75.0,20.6
2022-10-11 07:00:00,0.0,1017.6,16.0,0.0,0.0,0.373963,78.0,20.0
2022-10-11 08:00:00,0.0,1017.6,16.0,0.0,0.0,0.347683,78.0,20.0
2022-10-11 09:00:00,0.0,1016.9,15.6,100.0,5.4,0.3108,81.0,18.9
2022-10-11 10:00:00,0.0,1016.9,15.6,100.0,5.4,0.368257,81.0,18.9
2022-10-11 11:00:00,0.0,1018.1,16.1,0.0,0.0,0.378861,81.0,19.4
2022-10-11 12:00:00,0.0,1018.6,16.1,0.0,0.0,0.408426,81.0,19.4
2022-10-11 13:00:00,0.0,1018.8,16.7,90.0,5.4,0.404046,76.0,21.1
2022-10-11 14:00:00,0.0,1019.0,17.3,90.0,11.2,0.416724,71.0,22.8
2022-10-11 15:00:00,0.0,1019.0,17.3,170.0,11.2,0.423121,71.0,22.8
2022-10-11 16:00:00,0.0,1017.7,17.3,170.0,18.4,0.459601,53.0,27.8
2022-10-11 17:00:00,0.0,1017.1,16.7,200.0,14.8,0.453781,51.0,27.8
2022-10-11 18:00:00,0.0,1015.8,16.2,200.0,14.8,0.475968,45.0,29.4
2022-10-11 19:00:00,0.0,1015.8,16.2,160.0,25.9,0.518096,45.0,29.4
2022-10-11 20:00:00,0.0,1013.7,15.7,180.0,18.4,0.564546,42.0,30.0
2022-10-11 21:00:00,0.0,1013.3,15.5,160.0,14.8,0.595839,40.0,30.6
2022-10-11 22:00:00,0.0,1013.0,15.2,150.0,14.8,0.656524,42.0,29.4
2022-10-11 23:00:00,0.0,1012.9,15.2,170.0,16.6,0.67825,42.0,29.4
2022-10-12 00:00:00,0.0,1012.9,15.2,170.0,16.6,0.679691,42.0,29.4
2022-10-12 01:00:00,0.0,1013.5,14.9,140.0,13.0,0.687932,47.0,27.2
2022-10-12 02:00:00,0.0,1014.0,16.0,150.0,18.4,0.648744,52.0,26.7
2022-10-12 03:00:00,0.0,1014.4,17.7,150.0,18.4,0.581547,64.0,25.0
2022-10-12 04:00:00,0.0,1014.5,19.0,160.0,16.6,0.5253,74.0,23.9
2022-10-12 05:00:00,0.0,1014.5,19.0,160.0,16.6,0.456143,74.0,23.9
2022-10-12 06:00:00,0.0,1013.8,19.4,170.0,9.4,0.414131,81.0,22.8
2022-10-12 07:00:00,0.0,1013.9,20.0,190.0,7.6,0.392174,84.0,22.8
2022-10-12 08:00:00,0.0,1013.9,20.6,150.0,7.6,0.373213,85.0,23.3
2022-10-12 09:00:00,0.0,1013.9,20.6,150.0,7.6,0.363013,85.0,23.3
2022-10-12 10:00:00,0.0,1013.6,21.0,200.0,9.4,0.415053,87.0,23.3
2022-10-12 11:00:00,0.0,1013.7,21.0,190.0,13.0,0.450323,87.0,23.3
2022-10-12 12:00:00,0.0,1013.9,21.2,190.0,11.2,0.458449,88.0,23.3
2022-10-12 13:00:00,0.0,1014.2,21.0,230.0,11.2,0.462656,84.0,23.9
2022-10-12 14:00:00,0.0,1014.2,21.0,230.0,11.2,0.447902,84.0,23.9
2022-10-12 15:00:00,0.0,1014.7,21.1,250.0,14.8,0.450726,67.0,27.8
2022-10-12 16:00:00,0.0,1014.0,20.1,230.0,18.4,0.486284,59.0,28.9
2022-10-12 17:00:00,0.0,1013.2,20.1,230.0,13.0,0.550657,52.0,31.1
2022-10-12 18:00:00,0.0,1012.2,18.8,250.0,13.0,0.608114,45.0,32.2
2022-10-12 19:00:00,0.0,1012.2,18.8,250.0,13.0,0.639119,45.0,32.2
2022-10-12 20:00:00,0.0,1010.1,17.1,250.0,16.6,0.694502,38.0,33.3
2022-10-12 21:00:00,0.0,1009.8,16.7,230.0,16.6,0.666609,35.0,34.4
2022-10-12 22:00:00,0.0,1009.5,16.7,220.0,13.0,0.731097,36.0,33.9
2022-10-12 23:00:00,0.0,1009.8,16.6,220.0,13.0,0.766136,38.0,32.8
2022-10-13 00:00:00,0.0,1009.8,16.6,220.0,13.0,0.742278,38.0,32.8
2022-10-13 01:00:00,0.0,1010.8,16.6,190.0,7.6,0.76873,43.0,30.6
2022-10-13 02:00:00,0.0,1011.3,16.8,180.0,7.6,0.719744,45.0,30.0
2022-10-13 03:00:00,0.0,1011.5,16.6,220.0,7.6,0.656639,46.0,29.4
2022-10-13 04:00:00,0.0,1011.9,18.2,180.0,16.6,0.600853,58.0,27.2
2022-10-13 05:00:00,0.0,1011.9,18.2,180.0,16.6,0.506455,58.0,27.2
2022-10-13 06:00:00,0.0,1012.3,18.8,340.0,9.4,0.454472,71.0,24.4
2022-10-13 07:00:00,0.0,1012.4,19.0,0.0,0.0,0.415284,74.0,23.9
2022-10-13 08:00:00,0.0,1012.0,17.9,310.0,5.4,0.385662,79.0,21.7
2022-10-13 09:00:00,0.0,1012.0,17.9,310.0,5.4,0.370966,79.0,21.7
2022-10-13 10:00:00,0.0,1012.1,12.8,320.0,9.4,0.417531,59.0,21.1
2022-10-13 11:00:00,0.0,1012.6,12.1,20.0,11.2,0.414534,51.0,22.8
2022-10-13 12:00:00,0.0,1013.1,11.6,360.0,16.6,0.440007,51.0,22.2
2022-10-13 13:00:00,0.0,1013.6,10.7,20.0,13.0,0.430844,45.0,23.3
2022-10-13 14:00:00,0.0,1013.6,10.7,20.0,13.0,0.389523,45.0,23.3
2022-10-13 15:00:00,0.0,1014.2,12.2,10.0,18.4,0.414823,38.0,27.8
2022-10-13 16:00:00,0.0,1014.0,13.3,60.0,13.0,0.442946,36.0,30.0
2022-10-13 17:00:00,0.0,1013.6,13.8,30.0,18.4,0.489166,35.0,31.1
2022-10-13 18:00:00,0.0,1012.6,13.0,20.0,5.4,0.522303,30.0,32.8
2022-10-13 19:00:00,0.0,1012.6,13.0,20.0,5.4,0.587656,30.0,32.8
2022-10-13 20:00:00,0.0,1010.9,12.8,60.0,14.8,0.651683,28.0,33.9
2022-10-13 21:00:00,0.0,1010.6,12.9,70.0,13.0,0.709832,29.0,33.3
2022-10-13 22:00:00,0.0,1010.6,11.9,50.0,18.4,0.733172,29.0,32.2
2022-10-13 23:00:00,0.0,1010.6,11.9,50.0,18.4,0.779334,29.0,32.2
2022-10-14 00:00:00,0.0,1011.7,12.2,50.0,11.2,0.689142,37.0,28.3
2022-10-14 01:00:00,0.0,1012.9,13.2,60.0,11.2,0.702916,42.0,27.2
2022-10-14 02:00:00,0.0,1013.5,12.9,40.0,11.2,0.694214,44.0,26.1
2022-10-14 03:00:00,0.0,1013.8,10.5,60.0,11.2,0.636468,40.0,25.0
2022-10-14 04:00:00,0.0,1013.8,10.5,60.0,11.2,0.578435,40.0,25.0
2022-10-14 05:00:00,0.0,1014.0,6.6,50.0,7.6,0.508702,34.0,23.3
2022-10-14 06:00:00,0.0,1013.8,5.7,50.0,7.6,0.426291,33.0,22.8
2022-10-14 07:00:00,0.0,1013.8,5.2,40.0,5.4,0.385201,34.0,21.7
2022-10-14 08:00:00,0.0,1013.6,4.3,60.0,7.6,0.364454,32.0,21.7
2022-10-14 09:00:00,0.0,1013.6,4.3,60.0,7.6,0.333621,32.0,21.7
2022-10-14 10:00:00,0.0,1013.7,3.8,30.0,7.6,0.372868,31.0,21.7
2022-10-14 11:00:00,0.0,1013.7,3.8,30.0,7.6,0.406985,31.0,21.7
2022-10-14 12:00:00,0.0,1014.6,6.6,360.0,5.4,0.426521,39.0,21.1
2022-10-14 13:00:00,0.0,1014.6,6.6,360.0,5.4,0.430267,39.0,21.1
2022-10-14 14:00:00,0.0,1015.0,7.4,40.0,7.6,0.415687,37.0,22.8
2022-10-14 15:00:00,0.0,1015.8,11.6,0.0,0.0,0.425657,46.0,23.9
2022-10-14 16:00:00,0.0,1015.2,17.3,110.0,13.0,0.460235,53.0,27.8
2022-10-14 17:00:00,0.0,1014.5,17.8,130.0,13.0,0.477236,51.0,28.9
2022-10-14 18:00:00,0.0,1014.5,17.8,130.0,13.0,0.537805,51.0,28.9
2022-10-14 19:00:00,0.0,1012.2,17.8,160.0,13.0,0.593995,45.0,31.1
2022-10-14 20:00:00,0.0,1011.3,16.8,160.0,9.4,0.646381,41.0,31.7
2022-10-14 21:00:00,0.0,1011.3,16.8,140.0,9.4,0.686952,41.0,31.7
2022-10-14 22:00:00,0.0,1010.6,14.3,140.0,14.8,0.673986,36.0,31.1
2022-10-14 23:00:00,0.0,1010.6,14.3,140.0,14.8,0.688739,36.0,31.1
2022-10-15 00:00:00,0.0,1011.2,15.8,130.0,16.6,0.669029,45.0,28.9
2022-10-15 01:00:00,0.0,1012.0,17.9,140.0,22.3,0.642923,57.0,27.2
2022-10-15 02:00:00,0.0,1012.8,18.3,140.0,20.5,0.603965,62.0,26.1
2022-10-15 03:00:00,0.0,1013.1,19.5,160.0,14.8,0.600046,69.0,25.6
2022-10-15 04:00:00,0.0,1013.1,19.5,160.0,14.8,0.580913,69.0,25.6
2022-10-15 05:00:00,0.0,1013.1,20.0,160.0,16.6,0.52432,79.0,23.9
2022-10-15 06:00:00,0.0,1013.1,20.0,160.0,16.6,0.456835,79.0,23.9
2022-10-15 07:00:00,0.0,1013.4,20.6,160.0,14.8,0.431074,82.0,23.9
2022-10-15 08:00:00,0.0,1013.2,21.2,160.0,9.4,0.4037,88.0,23.3
2022-10-15 09:00:00,0.0,1013.2,21.2,160.0,9.4,0.392347,88.0,23.3
2022-10-15 10:00:00,0.0,1013.7,21.0,150.0,16.6,0.382434,84.0,23.9
2022-10-15 11:00:00,0.0,1013.7,21.0,150.0,16.6,0.381743,84.0,23.9
2022-10-15 12:00:00,0.0,1014.3,21.0,170.0,16.6,0.402663,84.0,23.9
2022-10-15 13:00:00,0.0,1014.8,21.0,180.0,13.0,0.423294,84.0,23.9
2022-10-15 14:00:00,0.0,1015.4,21.1,180.0,14.8,0.446058,82.0,24.4
2022-10-15 15:00:00,0.0,1016.0,20.5,170.0,20.5,0.45672,67.0,27.2
2022-10-15 16:00:00,0.0,1015.4,19.4,150.0,22.3,0.468649,55.0,29.4
2022-10-15 17:00:00,0.0,1014.6,19.3,180.0,18.4,0.510719,51.0,30.6
2022-10-15 18:00:00,0.0,1014.6,19.3,180.0,18.4,0.543511,51.0,30.6
2022-10-15 19:00:00,0.0,1012.6,18.3,170.0,14.8,0.586676,45.0,31.7
2022-10-15 20:00:00,0.0,1011.8,17.3,170.0,16.6,0.663266,41.0,32.2
2022-10-15 21:00:00,0.0,1011.6,17.1,150.0,20.5,0.699862,38.0,33.3
2022-10-15 22:00:00,0.0,1011.5,16.1,160.0,18.4,0.736687,39.0,31.7
2022-10-15 23:00:00,0.0,1011.5,16.1,160.0,18.4,0.755705,39.0,31.7
2022-10-16 00:00:00,0.0,1011.8,15.4,140.0,13.0,0.677271,44.0,28.9
2022-10-16 01:00:00,0.0,1012.6,17.1,140.0,13.0,0.67243,49.0,28.9
2022-10-16 02:00:00,0.0,1013.2,17.9,150.0,22.3,0.638716,57.0,27.2
2022-10-16 03:00:00,0.0,1013.5,19.5,150.0,24.1,0.617969,69.0,25.6
2022-10-16 04:00:00,0.0,1013.5,19.5,150.0,24.1,0.570885,69.0,25.6
2022-10-16 05:00:00,0.0,1013.6,20.6,160.0,20.5,0.529103,82.0,23.9
2022-10-16 06:00:00,0.0,1013.4,20.6,150.0,13.0,0.474585,85.0,23.3
2022-10-16 07:00:00,0.0,1013.0,21.2,160.0,16.6,0.428827,88.0,23.3
2022-10-16 08:00:00,0.0,1012.6,21.0,160.0,16.6,0.410846,84.0,23.9
2022-10-16 09:00:00,0.0,1012.6,21.0,160.0,16.6,0.40393,84.0,23.9
2022-10-16 10:00:00,0.0,1012.8,21.0,180.0,13.0,0.384624,84.0,23.9
2022-10-16 11:00:00,0.0,1013.1,20.6,190.0,13.0,0.380129,85.0,23.3
2022-10-16 12:00:00,0.0,1013.1,20.6,190.0,13.0,0.382895,85.0,23.3
2022-10-16 13:00:00,0.0,1013.4,20.6,170.0,13.0,0.394825,85.0,23.3
2022-10-16 14:00:00,0.0,1014.2,20.6,150.0,11.2,0.441793,74.0,25.6
2022-10-16 15:00:00,0.0,1015.1,19.5,180.0,9.4,0.475565,69.0,25.6
2022-10-16 16:00:00,0.0,1014.7,19.0,200.0,16.6,0.50023,57.0,28.3
2022-10-16 17:00:00,0.0,1014.2,17.2,200.0,5.4,0.531639,48.0,29.4
2022-10-16 18:00:00,0.0,1014.2,17.2,148.0,5.4,0.55106,48.0,29.4
2022-10-16 19:00:00,0.0,1012.1,15.5,130.0,5.4,0.608402,40.0,30.6
2022-10-16 20:00:00,0.0,1011.4,13.9,210.0,9.4,0.645747,33.0,32.2
2022-10-16 21:00:00,0.0,1011.1,14.8,210.0,9.4,0.724758,35.0,32.2
2022-10-16 22:00:00,0.0,1010.7,14.8,117.0,9.4,0.758587,35.0,32.2
2022-10-16 23:00:00,0.0,1010.7,14.8,130.0,9.4,0.809013,35.0,32.2
2022-10-17 00:00:00,0.0,1011.5,14.5,110.0,18.4,0.802616,43.0,28.3
2022-10-17 01:00:00,0.0,1012.1,18.4,120.0,14.8,0.769882,55.0,28.3
2022-10-17 02:00:00,0.0,1012.3,19.0,110.0,13.0,0.727467,61.0,27.2
2022-10-17 03:00:00,0.0,1012.3,19.0,110.0,13.0,0.663555,61.0,27.2
2022-10-17 04:00:00,0.0,1014.1,19.5,50.0,22.3,0.598432,74.0,24.4
2022-10-17 05:00:00,0.0,1014.3,18.4,30.0,25.9,0.519306,74.0,23.3
2022-10-17 06:00:00,0.0,1014.2,17.8,20.0,22.3,0.465768,76.0,22.2
2022-10-17 07:00:00,0.0,1014.6,17.2,40.0,16.6,0.444387,84.0,20.0
2022-10-17 08:00:00,0.3,1015.0,17.2,10.0,13.0,0.393845,87.0,19.4
2022-10-17 09:00:00,1.5,1015.0,17.2,10.0,13.0,0.364281,87.0,19.4
2022-10-17 10:00:00,2.5,1015.2,17.2,10.0,16.6,0.42024,90.0,18.9
2022-10-17 11:00:00,0.3,1015.1,17.2,30.0,14.8,0.411422,90.0,18.9
2022-10-17 12:00:00,0.3,1015.1,17.2,30.0,14.8,0.422487,90.0,18.9
2022-10-17 13:00:00,1.0,1015.3,16.6,20.0,14.8,0.430383,90.0,18.3
2022-10-17 14:00:00,2.0,1017.6,16.7,30.0,13.0,0.413094,93.0,17.8
2022-10-17 15:00:00,4.1,1017.9,15.1,30.0,22.3,0.413728,90.0,16.7
2022-10-17 16:00:00,3.3,1017.9,15.1,30.0,22.3,0.402547,90.0,16.7
2022-10-17 17:00:00,1.0,1018.0,14.3,10.0,16.6,0.396611,86.0,16.7
2022-10-17 18:00:00,0.6,1018.1,14.5,20.0,16.6,0.434186,81.0,17.8
2022-10-17 19:00:00,0.5,1016.5,10.0,30.0,20.5,0.356213,49.0,21.1
2022-10-17 20:00:00,0.0,1016.5,9.0,30.0,27.7,0.381282,43.0,22.2
2022-10-17 21:00:00,0.0,1016.3,9.9,10.0,24.1,0.357135,47.0,21.7
2022-10-17 22:00:00,0.0,1016.3,8.3,30.0,18.4,0.414995,41.0,22.2
2022-10-17 23:00:00,0.0,1016.3,8.3,30.0,18.4,0.452974,41.0,22.2
2022-10-18 00:00:00,0.0,1016.9,8.3,20.0,14.8,0.449285,45.0,20.6
2022-10-18 01:00:00,0.0,1017.5,7.8,30.0,13.0,0.472337,47.0,19.4
2022-10-18 02:00:00,0.0,1018.1,7.1,20.0,14.8,0.494525,48.0,18.3
2022-10-18 03:00:00,0.0,1018.1,7.1,20.0,14.8,0.436434,48.0,18.3
2022-10-18 04:00:00,0.0,1018.9,5.7,20.0,16.6,0.38935,45.0,17.8
2022-10-18 05:00:00,0.0,1019.2,4.1,20.0,14.8,0.34192,43.0,16.7
2022-10-18 06:00:00,0.0,1019.7,2.7,10.0,14.8,0.318292,39.0,16.7
2022-10-18 07:00:00,0.0,1019.6,2.8,20.0,13.0,0.28965,41.0,16.1
2022-10-18 08:00:00,0.0,1019.6,2.8,20.0,13.0,0.256397,41.0,16.1
2022-10-18 09:00:00,0.0,1020.5,1.1,20.0,14.8,0.255878,39.0,15.0
2022-10-18 10:00:00,0.0,1021.0,1.6,30.0,14.8,0.283426,42.0,14.4
2022-10-18 11:00:00,0.0,1022.2,1.0,360.0,18.4,0.31518,40.0,14.4
2022-10-18 12:00:00,0.0,1023.0,1.2,10.0,14.8,0.362206,42.0,13.9
2022-10-18 13:00:00,0.0,1023.0,1.2,10.0,14.8,0.360189,42.0,13.9
2022-10-18 14:00:00,0.0,1024.7,-0.1,10.0,18.4,0.348605,37.0,14.4
2022-10-18 15:00:00,0.0,1024.9,-1.5,50.0,18.4,0.333794,30.0,16.1
2022-10-18 16:00:00,0.0,1024.5,-1.0,20.0,14.8,0.277547,28.0,17.8
2022-10-18 17:00:00,0.0,1024.0,-0.1,20.0,11.2,0.259163,26.0,20.0
2022-10-18 18:00:00,0.0,1024.0,-0.1,10.0,11.2,0.240088,26.0,20.0
2022-10-18 19:00:00,0.0,1022.1,-1.3,20.0,20.5,0.308495,23.0,20.6
2022-10-18 20:00:00,0.0,1021.8,-0.5,10.0,25.9,0.271611,22.0,22.2
2022-10-18 21:00:00,0.0,1021.8,-0.5,10.0,25.9,0.326936,22.0,22.2
2022-10-18 22:00:00,0.0,1021.8,-0.5,20.0,16.6,0.375231,22.0,22.2
2022-10-18 23:00:00,0.0,1022.2,-0.1,40.0,11.2,0.431535,27.0,19.4
2022-10-19 00:00:00,0.0,1022.2,-0.1,40.0,11.2,0.442946,27.0,19.4
2022-10-19 01:00:00,0.0,1023.1,1.3,40.0,7.6,0.442254,33.0,17.8
2022-10-19 02:00:00,0.0,1024.4,2.8,0.0,0.0,0.437471,44.0,15.0
2022-10-19 03:00:00,0.0,1024.4,2.8,0.0,0.0,0.396554,44.0,15.0
2022-10-19 04:00:00,0.0,1025.6,5.6,310.0,5.4,0.346992,69.0,11.1
2022-10-19 05:00:00,0.0,1025.5,5.0,320.0,7.6,0.320367,66.0,11.1
2022-10-19 06:00:00,0.0,1025.6,3.9,330.0,5.4,0.285385,61.0,11.1
2022-10-19 07:00:00,0.0,1025.6,1.8,20.0,9.4,0.276625,49.0,12.2
2022-10-19 08:00:00,0.0,1025.6,1.8,20.0,9.4,0.265503,49.0,12.2
2022-10-19 09:00:00,0.0,1025.5,4.0,320.0,9.4,0.266367,69.0,9.4
2022-10-19 10:00:00,0.0,1026.0,3.3,290.0,7.6,0.279391,71.0,8.3
2022-10-19 11:00:00,0.0,1026.5,3.3,290.0,9.4,0.318292,73.0,7.8
2022-10-19 12:00:00,0.0,1026.6,3.3,0.0,0.0,0.346646,71.0,8.3
2022-10-19 13:00:00,0.0,1026.6,3.3,0.0,0.0,0.34826,71.0,8.3
2022-10-19 14:00:00,0.0,1027.5,-0.6,70.0,9.4,0.331201,37.0,13.9
2022-10-19 15:00:00,0.0,1027.4,-1.0,0.0,0.0,0.299447,31.0,16.1
2022-10-19 16:00:00,0.0,1027.0,-1.9,160.0,9.4,0.282503,28.0,16.7
2022-10-19 17:00:00,0.0,1027.0,-1.9,160.0,9.4,0.268269,28.0,16.7
2022-10-19 18:00:00,0.0,1024.4,0.3,150.0,13.0,0.273686,25.0,21.1
2022-10-19 19:00:00,0.0,1022.8,1.2,170.0,11.2,0.265906,25.0,22.2
2022-10-19 20:00:00,0.0,1021.9,1.7,180.0,9.4,0.292416,25.0,22.8
2022-10-19 21:00:00,0.0,1021.9,1.7,180.0,9.4,0.314258,25.0,22.8
2022-10-19 22:00:00,0.0,1021.3,2.3,200.0,14.8,0.374942,26.0,22.8
2022-10-19 23:00:00,0.0,1021.3,2.3,200.0,14.8,0.424447,26.0,22.8
2022-10-20 00:00:00,0.0,1021.1,2.8,180.0,16.6,0.437644,28.0,22.2
2022-10-20 01:00:00,0.0,1021.5,3.2,180.0,11.2,0.47032,33.0,20.0
2022-10-20 02:00:00,0.0,1022.0,4.0,160.0,9.4,0.451072,40.0,17.8
2022-10-20 03:00:00,0.0,1022.0,4.0,160.0,9.4,0.422891,40.0,17.8
2022-10-20 04:00:00,0.0,1021.9,4.4,190.0,7.6,0.372407,44.0,16.7
2022-10-20 05:00:00,0.0,1021.9,4.4,190.0,7.6,0.327858,44.0,16.7
2022-10-20 06:00:00,0.0,1021.0,6.2,0.0,0.0,0.277835,64.0,12.8
2022-10-20 07:00:00,0.0,1021.0,6.2,0.0,0.0,0.265618,64.0,12.8
2022-10-20 08:00:00,0.0,1020.2,6.2,0.0,0.0,0.257319,69.0,11.7
2022-10-20 09:00:00,0.0,1020.2,6.2,0.0,0.0,0.243776,69.0,11.7
2022-10-20 10:00:00,0.0,1019.1,6.0,0.0,0.0,0.288324,71.0,11.1
2022-10-20 11:00:00,0.0,1019.1,6.0,0.0,0.0,0.327282,71.0,11.1
2022-10-20 12:00:00,0.0,1019.1,6.0,0.0,0.0,0.350565,71.0,11.1
2022-10-20 13:00:00,0.0,1019.3,8.9,0.0,0.0,0.342439,67.0,15.0
2022-10-20 14:00:00,0.0,1019.7,8.9,260.0,16.6,0.3142,67.0,15.0
2022-10-20 15:00:00,0.0,1019.5,6.8,250.0,16.6,0.286422,38.0,21.7
2022-10-20 16:00:00,0.0,1019.2,6.6,230.0,16.6,0.270113,34.0,23.3
2022-10-20 17:00:00,0.0,1018.3,6.6,250.0,14.8,0.268499,32.0,24.4
2022-10-20 18:00:00,0.0,1018.3,6.6,250.0,14.8,0.293741,32.0,24.4
2022-10-20 19:00:00,0.0,1015.8,6.7,200.0,11.2,0.321116,29.0,26.1
2022-10-20 20:00:00,0.0,1015.8,6.7,200.0,11.2,0.336503,29.0,26.1
2022-10-20 21:00:00,0.0,1014.5,6.7,210.0,18.4,0.388601,28.0,26.7
2022-10-20 22:00:00,0.0,1014.5,6.7,210.0,18.4,0.443753,28.0,26.7
2022-10-20 23:00:00,0.0,1014.0,6.7,210.0,22.3,0.486572,28.0,26.7
2022-10-21 00:00:00,0.0,1013.8,6.7,200.0,18.4,0.453838,31.0,25.0
2022-10-21 01:00:00,0.0,1014.5,7.4,210.0,11.2,0.446807,37.0,22.8
2022-10-21 02:00:00,0.0,1014.7,7.7,210.0,9.4,0.467151,42.0,21.1
2022-10-21 03:00:00,0.0,1014.7,7.7,210.0,9.4,0.435569,42.0,21.1
2022-10-21 04:00:00,0.0,1015.0,7.7,200.0,11.2,0.42047,42.0,21.1
2022-10-21 05:00:00,0.0,1015.0,7.7,0.0,0.0,0.366528,50.0,18.3
2022-10-21 06:00:00,0.0,1014.9,7.8,180.0,9.4,0.311261,54.0,17.2
2022-10-21 07:00:00,0.0,1014.9,7.8,180.0,9.4,0.289304,54.0,17.2
2022-10-21 08:00:00,0.0,1014.9,8.9,210.0,11.2,0.277259,60.0,16.7
2022-10-21 09:00:00,0.0,1014.7,9.4,230.0,9.4,0.250634,69.0,15.0
2022-10-21 10:00:00,0.0,1014.9,9.3,0.0,0.0,0.28429,74.0,13.9
2022-10-21 11:00:00,0.0,1015.3,9.4,250.0,5.4,0.303481,72.0,14.4
2022-10-21 12:00:00,0.0,1015.4,10.0,260.0,5.4,0.33754,72.0,15.0
2022-10-21 13:00:00,0.0,1015.4,10.0,260.0,5.4,0.354945,72.0,15.0
2022-10-21 14:00:00,0.0,1016.8,12.2,220.0,18.4,0.334774,63.0,19.4
2022-10-21 15:00:00,0.0,1016.8,12.3,220.0,18.4,0.31397,55.0,21.7
2022-10-21 16:00:00,0.0,1016.3,11.7,220.0,14.8,0.314546,48.0,23.3
2022-10-21 17:00:00,0.0,1016.3,11.7,220.0,14.8,0.317716,48.0,23.3
2022-10-21 18:00:00,0.0,1014.2,10.4,190.0,20.5,0.319963,35.0,27.2
2022-10-21 19:00:00,0.0,1013.0,10.5,240.0,16.6,0.357596,33.0,28.3
2022-10-21 20:00:00,0.0,1012.3,10.0,210.0,18.4,0.397533,32.0,28.3
2022-10-21 21:00:00,0.0,1012.3,10.0,210.0,18.4,0.461272,32.0,28.3
2022-10-21 22:00:00,0.0,1011.8,9.6,230.0,16.6,0.506627,30.0,28.9
2022-10-21 23:00:00,0.0,1011.7,9.6,180.0,18.4,0.562298,31.0,28.3
2022-10-22 00:00:00,0.0,1011.6,8.1,170.0,18.4,0.538728,30.0,27.2
2022-10-22 01:00:00,0.0,1012.1,9.0,170.0,14.8,0.527835,35.0,25.6
2022-10-22 02:00:00,0.0,1012.8,12.2,150.0,22.3,0.489223,53.0,22.2
2022-10-22 03:00:00,0.0,1012.8,12.2,150.0,22.3,0.453608,53.0,22.2
2022-10-22 04:00:00,0.0,1013.4,14.9,180.0,18.4,0.409866,70.0,20.6
2022-10-22 05:00:00,0.0,1013.4,14.9,180.0,18.4,0.371485,70.0,20.6
2022-10-22 06:00:00,0.0,1012.4,15.0,170.0,14.8,0.348778,78.0,18.9
2022-10-22 07:00:00,0.0,1012.4,15.0,170.0,14.8,0.310281,78.0,18.9
2022-10-22 08:00:00,0.0,1011.7,15.0,180.0,13.0,0.295758,81.0,18.3
2022-10-22 09:00:00,0.0,1011.7,15.0,180.0,13.0,0.282331,81.0,18.3
2022-10-22 10:00:00,0.0,1011.8,15.0,190.0,9.4,0.258414,81.0,18.3
2022-10-22 11:00:00,0.0,1012.3,15.5,180.0,11.2,0.26216,84.0,18.3
2022-10-22 12:00:00,0.0,1012.3,15.5,180.0,11.2,0.272879,84.0,18.3
2022-10-22 13:00:00,0.0,1012.9,16.1,160.0,14.8,0.298467,87.0,18.3
2022-10-22 14:00:00,0.0,1013.5,17.2,190.0,18.4,0.325092,81.0,20.6
2022-10-22 15:00:00,0.0,1013.5,17.1,180.0,13.0,0.318638,73.0,22.2
2022-10-22 16:00:00,0.0,1013.8,17.2,190.0,22.3,0.333391,66.0,23.9
2022-10-22 17:00:00,0.0,1012.3,16.2,190.0,24.1,0.361053,51.0,27.2
2022-10-22 18:00:00,0.0,1011.2,14.3,160.0,27.7,0.374078,41.0,28.9
2022-10-22 19:00:00,0.0,1009.8,14.0,170.0,20.5,0.416263,40.0,28.9
2022-10-22 20:00:00,0.0,1009.1,14.0,160.0,20.5,0.459083,39.0,29.4
2022-10-22 21:00:00,0.0,1009.1,14.0,160.0,20.5,0.493027,39.0,29.4
2022-10-22 22:00:00,0.0,1008.8,13.2,160.0,24.1,0.562471,37.0,29.4
2022-10-22 23:00:00,0.0,1008.8,13.2,160.0,24.1,0.579414,37.0,29.4
2022-10-23 00:00:00,0.0,1009.5,14.5,140.0,22.3,0.573479,47.0,26.7
2022-10-23 01:00:00,0.0,1010.3,16.7,140.0,22.3,0.582296,60.0,25.0
2022-10-23 02:00:00,0.0,1010.7,17.3,160.0,20.5,0.556132,69.0,23.3
2022-10-23 03:00:00,0.0,1010.7,17.3,160.0,20.5,0.526798,69.0,23.3
2022-10-23 04:00:00,0.0,1011.0,17.8,180.0,18.4,0.50121,76.0,22.2
2022-10-23 05:00:00,0.0,1010.3,17.9,170.0,18.4,0.415226,79.0,21.7
2022-10-23 06:00:00,0.0,1010.3,17.9,170.0,18.4,0.38278,79.0,21.7
2022-10-23 07:00:00,0.0,1009.8,17.9,180.0,16.6,0.346819,82.0,21.1
2022-10-23 08:00:00,0.0,1009.9,18.3,180.0,16.6,0.319444,84.0,21.1
2022-10-23 09:00:00,0.0,1009.6,18.4,170.0,16.6,0.29887,87.0,20.6
2022-10-23 10:00:00,0.0,1009.3,17.8,170.0,14.8,0.305267,84.0,20.6
2022-10-23 11:00:00,0.0,1009.3,17.8,170.0,14.8,0.307976,84.0,20.6
2022-10-23 12:00:00,0.0,1009.7,18.3,160.0,16.6,0.31541,90.0,20.0
2022-10-23 13:00:00,0.0,1010.7,18.9,160.0,13.0,0.340883,87.0,21.1
2022-10-23 14:00:00,0.0,1010.7,18.9,160.0,13.0,0.346473,87.0,21.1
2022-10-23 15:00:00,0.0,1011.8,18.3,180.0,22.3,0.348144,64.0,25.6
2022-10-23 16:00:00,0.0,1011.8,18.3,180.0,22.3,0.389753,64.0,25.6
2022-10-23 17:00:00,0.0,1010.1,16.7,160.0,25.9,0.443119,51.0,27.8
2022-10-23 18:00:00,0.0,1008.9,16.8,160.0,25.9,0.508817,48.0,28.9
2022-10-23 19:00:00,0.0,1007.9,16.8,160.0,33.5,0.498041,48.0,28.9
2022-10-23 20:00:00,0.0,1007.3,16.1,160.0,24.1,0.573536,43.0,30.0
2022-10-23 21:00:00,0.0,1007.3,16.1,160.0,24.1,0.580279,43.0,30.0
2022-10-23 22:00:00,0.0,1007.1,16.8,160.0,35.3,0.630244,45.0,30.0
2022-10-23 23:00:00,0.0,1007.3,17.1,160.0,33.5,0.625692,49.0,28.9
2022-10-24 00:00:00,0.0,1008.4,19.3,130.0,31.7,0.63595,64.0,26.7
2022-10-24 01:00:00,0.0,1008.4,19.3,130.0,31.7,0.659175,64.0,26.7
2022-10-24 02:00:00,0.0,1009.2,19.5,140.0,29.5,0.646035,69.0,25.6
2022-10-24 03:00:00,0.0,1009.4,20.0,150.0,31.7,0.602985,74.0,25.0
2022-10-24 04:00:00,0.0,1009.3,20.5,150.0,29.5,0.542589,79.0,24.4
2022-10-24 05:00:00,0.0,1009.4,20.6,170.0,20.5,0.481443,82.0,23.9
2022-10-24 06:00:00,0.0,1009.4,20.6,170.0,20.5,0.43384,82.0,23.9
2022-10-24 07:00:00,0.0,1008.8,20.0,170.0,27.7,0.386353,79.0,23.9
2022-10-24 08:00:00,0.0,1007.8,19.4,170.0,18.4,0.374366,76.0,23.9
2022-10-24 09:00:00,0.0,1007.8,19.4,170.0,20.5,0.369064,76.0,23.9
2022-10-24 10:00:00,0.0,1006.6,20.1,150.0,25.9,0.427155,82.0,23.3
2022-10-24 11:00:00,0.0,1006.6,20.1,150.0,25.9,0.445021,82.0,23.3
2022-10-24 12:00:00,0.0,1007.7,21.0,170.0,20.5,0.489627,93.0,22.2
2022-10-24 13:00:00,0.5,1007.7,21.2,170.0,20.5,0.485362,94.0,22.2
2022-10-24 14:00:00,0.3,1007.9,21.7,160.0,20.5,0.462195,91.0,23.3
2022-10-24 15:00:00,0.0,1007.9,21.1,160.0,20.5,0.468246,82.0,24.4
2022-10-24 16:00:00,0.0,1007.9,21.1,170.0,22.3,0.433898,82.0,24.4
2022-10-24 17:00:00,0.0,1006.8,20.5,180.0,27.7,0.492047,69.0,26.7
2022-10-24 18:00:00,0.0,1005.6,20.6,170.0,20.5,0.502709,65.0,27.8
2022-10-24 19:00:00,0.0,1004.1,20.6,160.0,18.4,0.494871,59.0,29.4
2022-10-24 20:00:00,0.0,1003.3,20.7,160.0,18.4,0.563566,54.0,31.1
2022-10-24 21:00:00,0.0,1003.3,20.7,130.0,22.3,0.633472,54.0,31.1
2022-10-24 22:00:00,0.0,1002.8,20.1,160.0,16.6,0.679115,52.0,31.1
2022-10-24 23:00:00,0.0,1002.8,19.5,180.0,18.4,0.757607,50.0,31.1
2022-10-25 00:00:00,0.0,1002.8,18.8,160.0,14.8,0.733806,51.0,30.0
2022-10-25 01:00:00,0.0,1004.2,21.8,140.0,27.7,0.689142,70.0,27.8
2022-10-25 02:00:00,0.0,1004.4,22.1,140.0,22.3,0.664189,76.0,26.7
2022-10-25 03:00:00,0.0,1009.2,11.7,340.0,14.8,0.564315,63.0,18.9
2022-10-25 04:00:00,0.0,1010.0,11.7,330.0,24.1,0.489972,63.0,20.6
2022-10-25 05:00:00,0.0,1010.4,-0.7,320.0,24.1,0.413728,24.0,20.6
2022-10-25 06:00:00,0.0,1010.4,-0.7,320.0,24.1,0.355521,24.0,20.6
2022-10-25 07:00:00,0.0,1010.9,-3.0,300.0,24.1,0.329645,21.0,20.0
2022-10-25 08:00:00,0.0,1011.3,-3.3,300.0,22.3,0.310742,22.0,18.9
2022-10-25 09:00:00,0.0,1011.9,-2.6,310.0,18.4,0.294433,24.0,18.3
2022-10-25 10:00:00,0.0,1013.1,-0.5,320.0,29.5,0.311837,29.0,17.8
2022-10-25 11:00:00,0.0,1013.1,-0.5,320.0,29.5,0.329587,29.0,17.8
2022-10-25 12:00:00,0.0,1015.3,1.8,340.0,20.5,0.35045,44.0,13.9
2022-10-25 13:00:00,0.0,1016.6,2.2,360.0,14.8,0.339903,42.0,15.0
2022-10-25 14:00:00,0.0,1017.6,2.3,350.0,18.4,0.335523,38.0,16.7
2022-10-25 15:00:00,0.0,1017.6,2.3,350.0,18.4,0.317427,38.0,16.7
2022-10-25 16:00:00,0.0,1017.9,1.7,330.0,18.4,0.319675,33.0,18.3
2022-10-25 17:00:00,0.0,1017.0,-0.9,350.0,18.4,0.320136,20.0,23.3
2022-10-25 18:00:00,0.0,1015.9,-1.1,350.0,11.2,0.324516,19.0,23.9
2022-10-25 19:00:00,0.0,1014.8,-1.8,0.0,0.0,0.34728,17.0,25.0
2022-10-25 20:00:00,0.0,1013.9,-2.6,0.0,7.6,0.361918,16.0,25.0
2022-10-25 21:00:00,0.0,1013.9,-2.6,280.0,7.6,0.400588,16.0,25.0
2022-10-25 22:00:00,0.0,1013.5,-2.6,280.0,13.0,0.45695,15.0,26.1
2022-10-25 23:00:00,0.0,1013.5,-1.3,350.0,9.4,0.503515,17.0,25.6
2022-10-26 00:00:00,0.0,1013.6,-0.5,90.0,9.4,0.465998,22.0,22.2
2022-10-26 01:00:00,0.0,1014.4,-0.7,110.0,5.4,0.493027,24.0,20.6
2022-10-26 02:00:00,0.0,1015.6,1.7,0.0,0.0,0.465941,34.0,17.8
2022-10-26 03:00:00,0.0,1015.6,1.7,0.0,0.0,0.43459,34.0,17.8
2022-10-26 04:00:00,0.0,1016.1,2.3,0.0,0.0,0.375403,44.0,14.4
2022-10-26 05:00:00,0.0,1016.0,3.9,320.0,5.4,0.322211,53.0,13.3
2022-10-26 06:00:00,0.0,1016.0,3.9,320.0,5.4,0.282273,53.0,13.3
2022-10-26 07:00:00,0.0,1015.9,3.8,320.0,5.4,0.26994,63.0,10.6
2022-10-26 08:00:00,0.0,1015.7,3.3,300.0,9.4,0.24879,63.0,10.0
2022-10-26 09:00:00,0.0,1015.7,3.3,310.0,9.4,0.247983,63.0,10.0
2022-10-26 10:00:00,0.0,1016.1,3.4,300.0,7.6,0.271842,66.0,9.4
2022-10-26 11:00:00,0.0,1016.1,3.4,300.0,7.6,0.314604,66.0,9.4
2022-10-26 12:00:00,0.0,1017.5,2.9,300.0,7.6,0.342151,66.0,8.9
2022-10-26 13:00:00,0.0,1018.3,2.9,0.0,0.0,0.338059,66.0,8.9
2022-10-26 14:00:00,0.0,1019.0,3.4,80.0,9.4,0.319905,41.0,16.7
2022-10-26 15:00:00,0.0,1018.9,2.7,100.0,16.6,0.306362,33.0,19.4
2022-10-26 16:00:00,0.0,1018.9,2.7,100.0,16.6,0.281639,33.0,19.4
2022-10-26 17:00:00,0.0,1017.4,2.8,100.0,16.6,0.279276,27.0,22.8
2022-10-26 18:00:00,0.0,1016.1,2.1,170.0,16.6,0.264869,24.0,23.9
2022-10-26 19:00:00,0.0,1014.6,1.9,120.0,11.2,0.285212,23.0,24.4
2022-10-26 20:00:00,0.0,1014.6,1.9,120.0,11.2,0.309705,23.0,24.4
2022-10-26 21:00:00,0.0,1013.3,2.4,170.0,14.8,0.347568,23.0,25.0
2022-10-26 22:00:00,0.0,1013.2,2.5,140.0,18.4,0.410327,24.0,24.4
2022-10-26 23:00:00,0.0,1013.2,2.5,140.0,18.4,0.472049,24.0,24.4
2022-10-27 00:00:00,0.0,1013.9,2.8,160.0,13.0,0.489915,30.0,21.1
2022-10-27 01:00:00,0.0,1013.9,2.8,160.0,13.0,0.49539,30.0,21.1
2022-10-27 02:00:00,0.0,1014.3,4.1,120.0,7.6,0.478504,43.0,16.7
2022-10-27 03:00:00,0.0,1014.3,4.1,120.0,7.6,0.447902,43.0,16.7
2022-10-27 04:00:00,0.0,1014.8,6.2,150.0,13.0,0.392116,50.0,16.7
2022-10-27 05:00:00,0.0,1014.8,6.2,150.0,13.0,0.331028,50.0,16.7
2022-10-27 06:00:00,0.0,1014.5,6.7,140.0,7.6,0.297026,60.0,14.4
2022-10-27 07:00:00,0.0,1013.8,7.7,0.0,0.0,0.280313,69.0,13.3
2022-10-27 08:00:00,0.0,1013.6,7.3,330.0,5.4,0.272245,72.0,12.2
2022-10-27 09:00:00,0.0,1013.4,7.8,0.0,0.0,0.278873,77.0,11.7
2022-10-27 10:00:00,0.0,1013.1,7.2,0.0,0.0,0.301233,77.0,11.1
2022-10-27 11:00:00,0.0,1013.1,7.2,0.0,0.0,0.338347,77.0,11.1
2022-10-27 12:00:00,0.0,1013.8,8.9,330.0,5.4,0.358864,83.0,11.7
2022-10-27 13:00:00,0.0,1014.2,10.6,60.0,5.4,0.354829,75.0,15.0
2022-10-27 14:00:00,0.0,1014.6,12.1,100.0,11.2,0.314604,72.0,17.2
2022-10-27 15:00:00,0.0,1014.6,12.1,100.0,11.2,0.299965,72.0,17.2
2022-10-27 16:00:00,0.0,1016.0,12.7,100.0,11.2,0.298409,63.0,20.0
2022-10-27 17:00:00,0.0,1013.0,14.3,170.0,18.4,0.316678,55.0,23.9
2022-10-27 18:00:00,0.0,1011.7,13.2,140.0,16.6,0.337944,48.0,25.0
2022-10-27 19:00:00,0.0,1010.7,13.8,180.0,18.4,0.373559,45.0,26.7
2022-10-27 20:00:00,0.0,1010.7,13.8,180.0,18.4,0.414016,45.0,26.7
2022-10-27 21:00:00,0.0,1010.2,13.9,130.0,22.3,0.469917,50.0,25.0
2022-10-27 22:00:00,0.0,1010.5,15.7,140.0,22.3,0.472971,60.0,23.9
2022-10-27 23:00:00,0.0,1010.5,15.7,140.0,22.3,0.492508,60.0,23.9
2022-10-28 00:00:00,0.0,1011.5,16.8,140.0,24.1,0.494467,69.0,22.8
2022-10-28 01:00:00,0.0,1011.5,16.7,140.0,24.1,0.518269,71.0,22.2
2022-10-28 02:00:00,0.0,1012.7,17.8,140.0,18.4,0.523513,84.0,20.6
2022-10-28 03:00:00,1.5,1013.4,17.7,90.0,9.4,0.482999,93.0,18.9
2022-10-28 04:00:00,0.0,1013.1,17.7,80.0,5.4,0.44018,93.0,18.9
2022-10-28 05:00:00,0.0,1013.1,17.7,80.0,5.4,0.410616,93.0,18.9
2022-10-28 06:00:00,0.0,1011.9,17.7,80.0,7.6,0.366125,93.0,18.9
2022-10-28 07:00:00,0.0,1011.4,17.2,90.0,9.4,0.323709,90.0,18.9
2022-10-28 08:00:00,0.0,1010.9,17.2,80.0,7.6,0.306362,90.0,18.9
2022-10-28 09:00:00,0.0,1010.1,17.2,100.0,7.6,0.293338,90.0,18.9
2022-10-28 10:00:00,0.2,1009.8,17.2,80.0,7.6,0.331028,90.0,18.9
2022-10-28 11:00:00,0.2,1009.8,17.2,80.0,7.6,0.360938,90.0,18.9
2022-10-28 12:00:00,0.1,1011.2,18.2,310.0,7.6,0.399378,96.0,18.9
2022-10-28 13:00:00,2.5,1011.2,15.6,310.0,7.6,0.417589,87.0,17.8
2022-10-28 14:00:00,1.9,1016.0,15.6,340.0,33.5,0.422199,87.0,17.8
2022-10-28 15:00:00,0.3,1014.4,14.3,340.0,25.9,0.398917,86.0,16.7
2022-10-28 16:00:00,0.0,1015.4,14.0,330.0,22.3,0.362264,73.0,18.9
2022-10-28 17:00:00,0.0,1015.3,14.0,320.0,22.3,0.309359,66.0,20.6
2022-10-28 18:00:00,0.0,1014.8,13.3,310.0,18.4,0.33074,59.0,21.7
2022-10-28 19:00:00,0.0,1014.4,12.8,310.0,18.4,0.380936,59.0,21.1
2022-10-28 20:00:00,0.0,1014.4,12.8,330.0,27.7,0.345897,59.0,21.1
2022-10-28 21:00:00,0.0,1015.1,10.5,320.0,29.5,0.361284,49.0,21.7
2022-10-28 22:00:00,0.0,1015.4,9.3,310.0,20.5,0.406524,47.0,21.1
2022-10-28 23:00:00,0.0,1016.1,9.0,330.0,11.2,0.433552,51.0,19.4
2022-10-29 00:00:00,0.0,1017.2,10.6,330.0,11.2,0.451187,61.0,18.3
2022-10-29 01:00:00,0.0,1017.2,10.6,350.0,16.6,0.441909,61.0,18.3
2022-10-29 02:00:00,0.0,1018.3,10.6,340.0,14.8,0.432688,70.0,16.1
2022-10-29 03:00:00,0.0,1018.9,10.6,330.0,9.4,0.389811,75.0,15.0
2022-10-29 04:00:00,0.0,1018.8,10.6,300.0,7.6,0.36722,78.0,14.4
2022-10-29 05:00:00,0.0,1018.8,10.6,300.0,7.6,0.325611,78.0,14.4
2022-10-29 06:00:00,0.0,1018.2,9.0,320.0,9.4,0.290745,75.0,13.3
2022-10-29 07:00:00,0.0,1018.3,9.0,310.0,13.0,0.270055,75.0,13.3
2022-10-29 08:00:00,0.0,1017.9,8.9,310.0,14.8,0.262736,72.0,13.9
2022-10-29 09:00:00,0.0,1018.0,8.3,320.0,16.6,0.256743,67.0,14.4
2022-10-29 10:00:00,0.0,1018.0,8.3,320.0,16.6,0.246139,67.0,14.4
2022-10-29 11:00:00,0.0,1018.0,7.9,320.0,5.4,0.251902,75.0,12.2
2022-10-29 12:00:00,0.0,1018.4,7.8,300.0,7.6,0.272245,77.0,11.7
2022-10-29 13:00:00,0.0,1018.7,8.4,300.0,14.8,0.287056,72.0,13.3
2022-10-29 14:00:00,0.0,1018.7,8.4,300.0,14.8,0.294375,72.0,13.3
2022-10-29 15:00:00,0.0,1019.5,8.8,320.0,20.5,0.292128,64.0,15.6
2022-10-29 16:00:00,0.0,1019.2,9.0,310.0,24.1,0.260546,51.0,19.4
2022-10-29 17:00:00,0.0,1018.4,8.3,310.0,24.1,0.257146,45.0,20.6
2022-10-29 18:00:00,0.0,1017.3,8.2,300.0,22.3,0.256973,42.0,21.7
2022-10-29 19:00:00,0.0,1017.3,8.2,300.0,22.3,0.278124,42.0,21.7
2022-10-29 20:00:00,0.0,1015.6,8.9,20.0,20.5,0.304633,41.0,22.8
2022-10-29 21:00:00,0.0,1015.3,8.9,340.0,13.0,0.366759,41.0,22.8
2022-10-29 22:00:00,0.0,1015.4,9.3,360.0,16.6,0.395286,47.0,21.1
2022-10-29 23:00:00,0.0,1015.8,9.3,10.0,13.0,0.43897,52.0,19.4
2022-10-30 00:00:00,0.0,1015.8,9.3,10.0,13.0,0.43897,52.0,19.4
2022-10-30 01:00:00,0.0,1016.9,9.4,0.0,0.0,0.43482,60.0,17.2
2022-10-30 02:00:00,0.0,1017.2,9.9,290.0,7.6,0.418684,69.0,15.6
2022-10-30 03:00:00,0.0,1017.4,9.4,300.0,9.4,0.394479,72.0,14.4
2022-10-30 04:00:00,0.0,1017.1,9.3,290.0,7.6,0.350046,74.0,13.9
2022-10-30 05:00:00,0.0,1017.1,9.3,290.0,7.6,0.324228,74.0,13.9
2022-10-30 06:00:00,0.0,1016.0,8.9,300.0,7.6,0.292992,80.0,12.2
2022-10-30 07:00:00,0.0,1016.2,8.9,260.0,5.4,0.276395,77.0,12.8
2022-10-30 08:00:00,0.0,1016.2,8.4,330.0,5.4,0.261699,86.0,10.6
2022-10-30 09:00:00,0.0,1015.9,8.8,320.0,5.4,0.259912,86.0,11.1
2022-10-30 10:00:00,0.0,1015.9,8.8,320.0,5.4,0.25098,86.0,11.1
2022-10-30 11:00:00,0.0,1016.5,8.4,310.0,7.6,0.265272,86.0,10.6
2022-10-30 12:00:00,0.0,1016.8,7.8,300.0,5.4,0.271381,86.0,10.0
2022-10-30 13:00:00,0.0,1017.1,8.9,330.0,5.4,0.283887,77.0,12.8
2022-10-30 14:00:00,0.0,1017.2,10.1,310.0,9.4,0.288555,63.0,17.2
2022-10-30 15:00:00,0.0,1017.2,10.1,310.0,9.4,0.270862,63.0,17.2
2022-10-30 16:00:00,0.0,1016.8,10.0,298.0,5.4,0.27651,46.0,22.2
2022-10-30 17:00:00,0.0,1015.9,9.3,0.0,0.0,0.282619,41.0,23.3
2022-10-30 18:00:00,0.0,1014.7,8.4,0.0,11.2,0.284809,36.0,24.4
2022-10-30 19:00:00,0.0,1014.7,8.4,311.0,11.2,0.331143,36.0,24.4
2022-10-30 20:00:00,0.0,1012.6,7.7,328.0,9.4,0.367796,32.0,25.6
2022-10-30 21:00:00,0.0,1012.4,7.2,40.0,7.6,0.429576,31.0,25.6
2022-10-30 22:00:00,0.0,1012.3,7.2,290.0,7.6,0.469168,31.0,25.6
2022-10-30 23:00:00,0.0,1012.9,7.7,90.0,5.4,0.517865,38.0,22.8
2022-10-31 00:00:00,0.0,1013.6,9.0,130.0,11.2,0.542358,49.0,20.0
2022-10-31 01:00:00,0.0,1013.6,9.0,130.0,11.2,0.531466,49.0,20.0
2022-10-31 02:00:00,0.0,1014.3,9.4,40.0,5.4,0.50536,56.0,18.3
2022-10-31 03:00:00,0.0,1014.8,9.4,0.0,0.0,0.451245,58.0,17.8
2022-10-31 04:00:00,0.0,1014.9,9.4,40.0,5.4,0.417531,62.0,16.7
2022-10-31 05:00:00,0.0,1014.9,9.4,40.0,5.4,0.345724,62.0,16.7
2022-10-31 06:00:00,0.0,1014.3,9.4,0.0,0.0,0.306305,72.0,14.4
2022-10-31 07:00:00,0.0,1014.4,9.4,300.0,5.4,0.293453,80.0,12.8
2022-10-31 08:00:00,0.0,1014.3,9.9,310.0,7.6,0.259163,80.0,13.3
2022-10-31 09:00:00,0.0,1014.3,9.4,290.0,7.6,0.255129,77.0,13.3
2022-10-31 10:00:00,0.0,1014.3,9.4,290.0,7.6,0.279622,77.0,13.3
2022-10-31 11:00:00,0.0,1014.9,9.4,310.0,5.4,0.316505,83.0,12.2
2022-10-31 12:00:00,0.0,1015.5,9.4,300.0,11.2,0.351602,83.0,12.2
2022-10-31 13:00:00,0.0,1016.1,9.9,310.0,5.4,0.353907,77.0,13.9
2022-10-31 14:00:00,0.0,1016.8,9.9,0.0,0.0,0.344398,77.0,13.9
2022-10-31 15:00:00,0.0,1016.8,12.2,0.0,0.0,0.289995,65.0,18.9
2022-10-31 16:00:00,0.0,1016.5,11.7,170.0,11.2,0.285961,48.0,23.3
2022-10-31 17:00:00,0.0,1015.7,12.4,110.0,11.2,0.332065,47.0,24.4
2022-10-31 18:00:00,0.0,1014.6,10.1,150.0,11.2,0.335927,39.0,25.0
2022-10-31 19:00:00,0.0,1014.6,10.1,150.0,11.2,0.363186,39.0,25.0
2022-10-31 20:00:00,0.0,1013.5,8.1,110.0,5.4,0.40929,32.0,26.1
2022-10-31 21:00:00,0.0,1013.2,8.1,80.0,13.0,0.466517,33.0,25.6
2022-10-31 22:00:00,0.0,1013.2,8.1,80.0,13.0,0.48565,33.0,25.6
2022-10-31 23:00:00,0.0,1014.1,9.5,100.0,14.8,0.507261,40.0,23.9
2022-11-01 00:00:00,0.0,1014.1,9.5,100.0,14.8,0.457699,40.0,23.9
2022-11-01 01:00:00,0.0,1014.7,10.0,130.0,22.3,0.482711,43.0,23.3
2022-11-01 02:00:00,0.0,1015.3,11.1,120.0,14.8,0.49758,51.0,21.7
2022-11-01 03:00:00,0.0,1015.9,11.1,130.0,14.8,0.474009,53.0,21.1
2022-11-01 04:00:00,0.5,1016.5,13.3,140.0,5.4,0.412978,70.0,18.9
2022-11-01 05:00:00,0.2,1017.6,14.5,0.0,0.0,0.365606,81.0,17.8
2022-11-01 06:00:00,0.0,1016.6,13.9,40.0,7.6,0.326475,78.0,17.8
2022-11-01 07:00:00,0.0,1016.6,14.5,0.0,0.0,0.309013,81.0,17.8
2022-11-01 08:00:00,0.0,1016.5,14.5,10.0,5.4,0.280198,84.0,17.2
2022-11-01 09:00:00,0.9,1016.5,14.5,10.0,5.4,0.273859,84.0,17.2
2022-11-01 10:00:00,0.0,1016.2,13.9,350.0,7.6,0.307227,81.0,17.2
2022-11-01 11:00:00,0.0,1016.8,13.3,50.0,7.6,0.33074,78.0,17.2
2022-11-01 12:00:00,0.0,1018.0,13.3,0.0,0.0,0.367162,78.0,17.2
2022-11-01 13:00:00,0.0,1018.6,14.0,50.0,7.6,0.374078,84.0,16.7
2022-11-01 14:00:00,0.0,1018.6,14.0,50.0,7.6,0.360477,84.0,16.7
2022-11-01 15:00:00,0.0,1019.5,14.0,110.0,20.5,0.340479,73.0,18.9
2022-11-01 16:00:00,0.0,1020.4,14.0,60.0,9.4,0.319387,71.0,19.4
2022-11-01 17:00:00,0.0,1019.6,13.8,50.0,5.4,0.326475,63.0,21.1
2022-11-01 18:00:00,0.0,1019.6,14.0,50.0,5.4,0.316678,64.0,21.1
2022-11-01 19:00:00,0.0,1019.1,12.1,110.0,13.0,0.344168,51.0,22.8
2022-11-01 20:00:00,0.0,1018.6,13.8,120.0,22.3,0.382146,57.0,22.8
2022-11-01 21:00:00,0.0,1018.6,13.8,120.0,22.3,0.428135,57.0,22.8
2022-11-01 22:00:00,0.0,1019.2,14.5,110.0,14.8,0.457872,66.0,21.1
2022-11-01 23:00:00,0.0,1019.6,15.0,100.0,13.0,0.510662,78.0,18.9
2022-11-02 00:00:00,0.0,1019.6,15.0,100.0,13.0,0.526798,78.0,18.9
2022-11-02 01:00:00,0.0,1020.2,15.1,100.0,14.8,0.530371,84.0,17.8
2022-11-02 02:00:00,0.0,1021.3,15.5,120.0,16.6,0.50242,84.0,18.3
2022-11-02 03:00:00,0.0,1021.5,15.5,90.0,7.6,0.469859,90.0,17.2
2022-11-02 04:00:00,0.0,1021.5,15.5,90.0,7.6,0.399147,90.0,17.2
2022-11-02 05:00:00,0.0,1021.3,15.0,0.0,0.0,0.335754,93.0,16.1
2022-11-02 06:00:00,0.0,1021.3,15.0,0.0,0.0,0.305037,93.0,16.1
2022-11-02 07:00:00,0.0,1020.9,14.5,0.0,0.0,0.282042,93.0,15.6
2022-11-02 08:00:00,0.0,1020.9,14.5,0.0,0.0,0.268269,93.0,15.6
2022-11-02 09:00:00,0.0,1020.7,13.9,20.0,5.4,0.286826,93.0,15.0
2022-11-02 10:00:00,0.0,1020.9,14.5,40.0,7.6,0.318119,93.0,15.6
2022-11-02 11:00:00,0.0,1020.9,14.5,40.0,7.6,0.349009,93.0,15.6
2022-11-02 12:00:00,0.0,1021.6,14.0,40.0,5.4,0.385258,90.0,15.6
2022-11-02 13:00:00,0.0,1022.1,14.5,60.0,11.2,0.386641,90.0,16.1
2022-11-02 14:00:00,0.0,1022.5,15.1,50.0,11.2,0.351717,90.0,16.7
2022-11-02 15:00:00,0.0,1022.5,15.1,50.0,11.2,0.329242,90.0,16.7
2022-11-02 16:00:00,0.0,1022.0,15.0,80.0,9.4,0.352409,78.0,18.9
2022-11-02 17:00:00,0.0,1021.3,15.5,90.0,14.8,0.330625,68.0,21.7
2022-11-02 18:00:00,0.0,1021.3,15.5,90.0,14.8,0.350911,68.0,21.7
2022-11-02 19:00:00,0.0,1019.2,16.1,120.0,16.6,0.412287,64.0,23.3
2022-11-02 20:00:00,0.0,1019.2,16.1,120.0,16.6,0.415514,64.0,23.3
2022-11-02 21:00:00,0.0,1018.3,16.6,110.0,9.4,0.412056,62.0,24.4
2022-11-02 22:00:00,0.0,1018.2,16.7,110.0,14.8,0.444329,64.0,23.9
2022-11-02 23:00:00,0.0,1018.3,17.3,130.0,13.0,0.519191,69.0,23.3
2022-11-03 00:00:00,0.0,1018.5,17.7,150.0,14.8,0.520689,73.0,22.8
2022-11-03 01:00:00,0.0,1018.5,17.7,150.0,14.8,0.532849,73.0,22.8
2022-11-03 02:00:00,0.0,1018.9,19.0,140.0,20.5,0.513485,82.0,22.2
2022-11-03 03:00:00,0.0,1019.0,18.9,140.0,14.8,0.498386,84.0,21.7
2022-11-03 04:00:00,0.0,1019.0,18.9,140.0,14.8,0.450726,84.0,21.7
2022-11-03 05:00:00,0.0,1018.8,19.4,170.0,13.0,0.400818,87.0,21.7
2022-11-03 06:00:00,0.0,1017.8,19.4,160.0,13.0,0.36941,90.0,21.1
2022-11-03 07:00:00,0.0,1017.7,19.9,160.0,13.0,0.343188,96.0,20.6
2022-11-03 08:00:00,0.0,1016.8,19.9,150.0,11.2,0.326994,96.0,20.6
2022-11-03 09:00:00,0.0,1016.2,19.9,150.0,9.4,0.314258,96.0,20.6
2022-11-03 10:00:00,0.0,1016.2,19.9,150.0,9.4,0.357538,96.0,20.6
2022-11-03 11:00:00,0.0,1016.2,19.9,160.0,13.0,0.38278,93.0,21.1
2022-11-03 12:00:00,0.0,1016.7,20.0,170.0,13.0,0.432746,90.0,21.7
2022-11-03 13:00:00,0.0,1016.9,20.0,160.0,16.6,0.427386,90.0,21.7
2022-11-03 14:00:00,0.0,1017.2,19.9,160.0,20.5,0.413555,87.0,22.2
2022-11-03 15:00:00,0.0,1017.2,19.9,160.0,20.5,0.446,87.0,22.2
2022-11-03 16:00:00,0.0,1016.8,19.5,160.0,20.5,0.41926,79.0,23.3
2022-11-03 17:00:00,0.0,1015.9,19.5,160.0,20.5,0.436664,74.0,24.4
2022-11-03 18:00:00,0.0,1015.0,19.5,150.0,22.3,0.458103,69.0,25.6
2022-11-03 19:00:00,0.0,1015.0,19.5,150.0,22.3,0.44139,69.0,25.6
2022-11-03 20:00:00,0.0,1012.6,19.0,160.0,24.1,0.445251,57.0,28.3
2022-11-03 21:00:00,0.0,1012.1,19.0,160.0,24.1,0.50876,57.0,28.3
2022-11-03 22:00:00,0.0,1011.7,17.3,150.0,22.3,0.531408,53.0,27.8
2022-11-03 23:00:00,0.0,1011.6,17.8,140.0,18.4,0.582411,58.0,26.7
2022-11-04 00:00:00,0.0,1011.6,17.8,140.0,18.4,0.57855,58.0,26.7
2022-11-04 01:00:00,0.0,1012.8,19.9,130.0,31.7,0.576936,76.0,24.4
2022-11-04 02:00:00,0.0,1013.1,20.0,140.0,25.9,0.566621,79.0,23.9
2022-11-04 03:00:00,0.0,1013.2,20.1,150.0,29.5,0.534924,82.0,23.3
2022-11-04 04:00:00,0.0,1012.9,20.1,150.0,29.5,0.494122,82.0,23.3
2022-11-04 05:00:00,0.0,1012.9,20.1,150.0,27.7,0.458449,82.0,23.3
2022-11-04 06:00:00,0.0,1011.8,19.5,160.0,20.5,0.420758,79.0,23.3
2022-11-04 07:00:00,0.0,1011.0,20.1,160.0,18.4,0.39615,82.0,23.3
2022-11-04 08:00:00,0.0,1010.1,20.6,170.0,16.6,0.387102,85.0,23.3
2022-11-04 09:00:00,0.0,1009.7,20.6,160.0,18.4,0.364684,82.0,23.9
2022-11-04 10:00:00,0.0,1009.7,20.6,160.0,18.4,0.40831,82.0,23.9
2022-11-04 11:00:00,0.0,1009.6,21.0,170.0,13.0,0.440526,84.0,23.9
2022-11-04 12:00:00,0.0,1009.6,21.8,170.0,11.2,0.45574,88.0,23.9
2022-11-04 13:00:00,0.3,1009.9,22.2,150.0,16.6,0.459371,90.0,23.9
2022-11-04 14:00:00,0.3,1009.8,22.1,150.0,20.5,0.453838,84.0,25.0
2022-11-04 15:00:00,0.0,1009.8,22.3,150.0,20.5,0.468361,85.0,25.0
2022-11-04 16:00:00,0.4,1008.8,22.2,170.0,27.7,0.490376,74.0,27.2
2022-11-04 17:00:00,0.6,1008.0,21.7,160.0,27.7,0.530083,74.0,26.7
2022-11-04 18:00:00,0.7,1006.6,21.7,160.0,27.7,0.493776,65.0,28.9
2022-11-04 19:00:00,0.7,1005.8,21.1,170.0,22.3,0.524839,59.0,30.0
2022-11-04 20:00:00,0.0,1005.8,21.1,170.0,22.3,0.515445,59.0,30.0
2022-11-04 21:00:00,0.0,1005.0,19.0,180.0,14.8,0.594975,50.0,30.6
2022-11-04 22:00:00,0.0,1005.4,18.5,220.0,14.8,0.639119,47.0,31.1
2022-11-04 23:00:00,0.0,1005.8,17.2,280.0,9.4,0.672084,51.0,28.3
2022-11-05 00:00:00,0.0,1005.8,17.2,280.0,9.4,0.639408,51.0,28.3
2022-11-05 01:00:00,0.0,1008.2,11.7,320.0,29.5,0.604887,38.0,24.4
2022-11-05 02:00:00,0.0,1010.0,1.6,340.0,25.9,0.551118,24.0,23.3
2022-11-05 03:00:00,0.0,1011.6,-4.0,360.0,14.8,0.497868,17.0,22.2
2022-11-05 04:00:00,0.0,1011.9,-6.6,350.0,22.3,0.448248,15.0,21.1
2022-11-05 05:00:00,0.0,1011.9,-6.6,350.0,22.3,0.385489,15.0,21.1
2022-11-05 06:00:00,0.0,1012.7,-6.3,350.0,11.2,0.331604,17.0,19.4
2022-11-05 07:00:00,0.0,1012.1,-4.8,320.0,11.2,0.323536,21.0,17.8
2022-11-05 08:00:00,0.0,1011.6,-4.5,320.0,13.0,0.30423,24.0,16.1
2022-11-05 09:00:00,0.0,1011.7,-5.1,0.0,0.0,0.293626,23.0,16.1
2022-11-05 10:00:00,0.0,1011.7,-5.1,0.0,0.0,0.282042,23.0,16.1
2022-11-05 11:00:00,0.0,1012.4,-3.0,0.0,0.0,0.289246,30.0,14.4
2022-11-05 12:00:00,0.0,1012.9,0.8,280.0,9.4,0.28089,47.0,11.7
2022-11-05 13:00:00,0.0,1013.6,0.6,320.0,11.2,0.3074,39.0,14.4
2022-11-05 14:00:00,0.0,1014.3,-1.5,340.0,7.6,0.302098,27.0,17.8
2022-11-05 15:00:00,0.0,1014.6,-3.0,90.0,9.4,0.288497,21.0,20.0
2022-11-05 16:00:00,0.0,1014.6,-3.0,90.0,9.4,0.287575,21.0,20.0
2022-11-05 17:00:00,0.0,1013.3,-2.9,0.0,9.4,0.29109,19.0,21.7
2022-11-05 18:00:00,0.0,1012.1,-1.6,0.0,0.0,0.33316,19.0,23.3
2022-11-05 19:00:00,0.0,1012.1,-1.6,0.0,0.0,0.359843,19.0,23.3
2022-11-05 20:00:00,0.0,1009.5,-2.6,180.0,14.8,0.390618,16.0,25.0
2022-11-05 21:00:00,0.0,1009.0,-3.0,170.0,14.8,0.426233,15.0,25.6
2022-11-05 22:00:00,0.0,1009.1,-1.5,170.0,16.6,0.482077,18.0,24.4
2022-11-05 23:00:00,0.0,1009.3,-0.5,150.0,18.4,0.481731,22.0,22.2
2022-11-06 00:00:00,0.0,1009.3,-0.5,150.0,18.4,0.489799,22.0,22.2
2022-11-06 01:00:00,0.0,1010.9,5.1,150.0,11.2,0.47009,39.0,19.4
2022-11-06 02:00:00,0.0,1011.2,6.7,150.0,14.8,0.44456,45.0,18.9
2022-11-06 03:00:00,0.0,1011.5,8.4,160.0,14.8,0.432342,54.0,17.8
2022-11-06 04:00:00,0.0,1011.5,9.4,170.0,11.2,0.405659,60.0,17.2
2022-11-06 05:00:00,0.0,1011.5,9.4,170.0,11.2,0.362552,60.0,17.2
2022-11-06 06:00:00,0.0,1011.2,10.0,0.0,0.0,0.331777,67.0,16.1
2022-11-06 07:00:00,0.0,1010.8,10.6,190.0,7.6,0.287921,72.0,15.6
2022-11-06 08:00:00,0.0,1010.6,9.4,300.0,7.6,0.275818,80.0,12.8
2022-11-06 09:00:00,0.0,1010.6,9.4,300.0,7.6,0.271842,80.0,12.8
2022-11-06 10:00:00,0.0,1010.5,9.4,0.0,0.0,0.25974,80.0,12.8
2022-11-06 11:00:00,0.0,1010.9,10.7,310.0,5.4,0.251902,81.0,13.9
2022-11-06 12:00:00,0.0,1011.4,11.2,300.0,9.4,0.264869,75.0,15.6
2022-11-06 13:00:00,0.0,1012.3,13.3,0.0,0.0,0.294318,78.0,17.2
2022-11-06 14:00:00,0.0,1012.3,13.3,0.0,0.0,0.325496,78.0,17.2
2022-11-06 15:00:00,0.0,1013.5,17.8,290.0,11.2,0.344744,84.0,20.6
2022-11-06 16:00:00,0.0,1013.5,17.8,190.0,11.2,0.349758,84.0,20.6
2022-11-06 17:00:00,0.0,1012.7,19.4,190.0,16.6,0.332181,71.0,25.0
2022-11-06 18:00:00,0.0,1011.9,19.3,180.0,20.5,0.339096,64.0,26.7
2022-11-06 19:00:00,0.0,1011.9,19.3,180.0,20.5,0.388658,64.0,26.7
2022-11-06 20:00:00,0.0,1010.8,19.5,180.0,9.4,0.462598,59.0,28.3
2022-11-06 21:00:00,0.0,1010.6,19.4,160.0,16.6,0.546738,55.0,29.4
2022-11-06 22:00:00,0.0,1011.1,19.5,160.0,18.4,0.613186,59.0,28.3
2022-11-06 23:00:00,0.0,1011.4,18.8,160.0,11.2,0.657619,62.0,26.7
2022-11-07 00:00:00,0.0,1011.4,18.8,160.0,11.2,0.612552,62.0,26.7
2022-11-07 01:00:00,0.0,1013.0,18.8,0.0,0.0,0.635835,71.0,24.4
2022-11-07 02:00:00,0.0,1013.0,18.8,0.0,0.0,0.612494,71.0,24.4
2022-11-07 03:00:00,0.0,1013.8,18.8,90.0,5.4,0.594744,76.0,23.3
2022-11-07 04:00:00,0.0,1014.5,20.6,140.0,11.2,0.555728,82.0,23.9
2022-11-07 05:00:00,0.0,1015.4,22.3,150.0,11.2,0.512967,88.0,24.4
2022-11-07 06:00:00,0.0,1015.5,22.3,140.0,13.0,0.460005,88.0,24.4
2022-11-07 07:00:00,0.0,1015.6,22.3,120.0,13.0,0.424331,88.0,24.4
2022-11-07 08:00:00,0.0,1015.6,22.2,120.0,9.4,0.39932,90.0,23.9
2022-11-07 09:00:00,0.0,1015.6,22.9,140.0,16.6,0.390675,94.0,23.9
2022-11-07 10:00:00,0.0,1015.6,22.9,140.0,16.6,0.374654,94.0,23.9
2022-11-07 11:00:00,0.0,1016.6,22.2,120.0,9.4,0.436491,90.0,23.9
2022-11-07 12:00:00,0.0,1017.3,22.9,130.0,14.8,0.453665,94.0,23.9
2022-11-07 13:00:00,0.0,1018.1,22.9,130.0,16.6,0.483518,94.0,23.9
2022-11-07 14:00:00,0.1,1018.1,22.9,130.0,16.6,0.497407,94.0,23.9
2022-11-07 15:00:00,0.5,1019.3,23.2,140.0,14.8,0.491298,90.0,25.0
2022-11-07 16:00:00,1.3,1019.2,22.2,140.0,18.4,0.500461,79.0,26.1
2022-11-07 17:00:00,0.0,1019.2,22.2,140.0,18.4,0.474527,79.0,26.1
2022-11-07 18:00:00,0.0,1017.6,21.1,130.0,25.9,0.497234,61.0,29.4
2022-11-07 19:00:00,0.0,1017.6,21.1,130.0,25.9,0.565756,61.0,29.4
2022-11-07 20:00:00,0.0,1016.7,21.1,170.0,14.8,0.56299,67.0,27.8
2022-11-07 21:00:00,0.2,1016.5,20.6,170.0,18.4,0.653239,65.0,27.8
2022-11-07 22:00:00,0.0,1016.6,19.5,160.0,18.4,0.646496,59.0,28.3
2022-11-07 23:00:00,0.5,1016.6,19.5,160.0,18.4,0.656985,59.0,28.3
2022-11-08 00:00:00,0.0,1017.9,18.3,130.0,14.8,0.677789,62.0,26.1
2022-11-08 01:00:00,0.0,1018.9,17.7,140.0,13.0,0.658944,64.0,25.0
2022-11-08 02:00:00,0.0,1019.6,18.8,130.0,14.8,0.627075,71.0,24.4
2022-11-08 03:00:00,0.0,1019.6,18.8,130.0,14.8,0.567888,71.0,24.4
2022-11-08 04:00:00,0.0,1020.3,19.0,120.0,13.0,0.521554,79.0,22.8
2022-11-08 05:00:00,0.0,1020.9,20.0,140.0,16.6,0.4747,84.0,22.8
2022-11-08 06:00:00,0.0,1020.6,20.0,130.0,11.2,0.414016,84.0,22.8
2022-11-08 07:00:00,0.0,1020.5,19.4,110.0,11.2,0.399666,90.0,21.1
2022-11-08 08:00:00,0.0,1020.5,19.4,110.0,11.2,0.380475,90.0,21.1
2022-11-08 09:00:00,0.0,1020.2,18.2,110.0,5.4,0.362782,93.0,19.4
2022-11-08 10:00:00,0.0,1020.2,18.2,110.0,5.4,0.353273,93.0,19.4
2022-11-08 11:00:00,0.0,1020.6,18.8,80.0,5.4,0.374712,93.0,20.0
2022-11-08 12:00:00,0.0,1020.6,18.8,80.0,5.4,0.402893,93.0,20.0
2022-11-08 13:00:00,0.0,1020.9,18.8,70.0,5.4,0.417243,93.0,20.0
2022-11-08 14:00:00,0.0,1022.1,19.0,80.0,13.0,0.400876,82.0,22.2
2022-11-08 15:00:00,0.0,1022.5,18.3,110.0,20.5,0.400127,71.0,23.9
2022-11-08 16:00:00,0.0,1022.3,18.3,120.0,18.4,0.426349,69.0,24.4
2022-11-08 17:00:00,0.0,1021.8,18.2,120.0,7.6,0.487667,66.0,25.0
2022-11-08 18:00:00,0.0,1021.8,18.2,110.0,7.6,0.487667,66.0,25.0
2022-11-08 19:00:00,0.0,1019.8,19.0,90.0,9.4,0.512621,65.0,26.1
2022-11-08 20:00:00,0.0,1019.3,19.0,110.0,14.8,0.509394,65.0,26.1
2022-11-08 21:00:00,0.0,1018.8,19.0,90.0,16.6,0.537344,61.0,27.2
2022-11-08 22:00:00,0.0,1019.2,19.0,90.0,13.0,0.560973,65.0,26.1
2022-11-08 23:00:00,0.0,1019.2,19.0,90.0,13.0,0.582411,65.0,26.1
2022-11-09 00:00:00,0.0,1020.0,19.4,100.0,16.6,0.609901,76.0,23.9
2022-11-09 01:00:00,0.0,1020.2,20.1,100.0,16.6,0.611284,82.0,23.3
2022-11-09 02:00:00,0.0,1020.2,20.1,100.0,16.6,0.59411,82.0,23.3
2022-11-09 03:00:00,0.0,1020.5,21.0,120.0,22.3,0.575957,87.0,23.3
2022-11-09 04:00:00,0.0,1020.5,21.2,120.0,22.3,0.517923,88.0,23.3
2022-11-09 05:00:00,0.0,1020.3,20.5,130.0,22.3,0.475795,87.0,22.8
2022-11-09 06:00:00,0.0,1019.9,19.9,130.0,25.9,0.417301,87.0,22.2
2022-11-09 07:00:00,0.0,1019.7,19.4,130.0,14.8,0.38278,84.0,22.2
2022-11-09 08:00:00,0.0,1019.7,19.4,130.0,14.8,0.377536,84.0,22.2
2022-11-09 09:00:00,0.0,1019.0,19.4,130.0,14.8,0.361803,87.0,21.7
2022-11-09 10:00:00,0.0,1019.1,19.4,120.0,14.8,0.35189,87.0,21.7
2022-11-09 11:00:00,0.0,1019.1,19.4,120.0,14.8,0.390848,87.0,21.7
2022-11-09 12:00:00,0.0,1019.2,20.0,110.0,13.0,0.415975,90.0,21.7
2022-11-09 13:00:00,0.0,1019.7,20.0,120.0,13.0,0.44917,90.0,21.7
2022-11-09 14:00:00,0.0,1019.7,20.0,120.0,13.0,0.433898,90.0,21.7
2022-11-09 15:00:00,0.0,1020.4,19.4,130.0,16.6,0.426233,76.0,23.9
2022-11-09 16:00:00,0.0,1019.9,19.0,130.0,16.6,0.468649,65.0,26.1
2022-11-09 17:00:00,0.0,1019.0,19.0,140.0,22.3,0.486918,67.0,25.6
2022-11-09 18:00:00,0.0,1019.0,19.0,140.0,22.3,0.413094,67.0,25.6
2022-11-09 19:00:00,0.3,1017.0,20.0,200.0,16.6,0.478792,74.0,25.0
2022-11-09 20:00:00,0.0,1016.0,20.0,150.0,7.6,0.518038,69.0,26.1
2022-11-09 21:00:00,0.0,1015.3,17.3,150.0,7.6,0.526337,53.0,27.8
2022-11-09 22:00:00,0.0,1014.7,16.2,130.0,24.1,0.545586,51.0,27.2
2022-11-09 23:00:00,0.0,1014.7,16.2,130.0,24.1,0.580279,51.0,27.2
2022-11-10 00:00:00,0.0,1015.1,15.6,140.0,22.3,0.598432,58.0,24.4
2022-11-10 01:00:00,0.0,1015.5,16.8,140.0,20.5,0.58973,67.0,23.3
2022-11-10 02:00:00,0.0,1015.9,17.7,130.0,16.6,0.570251,73.0,22.8
2022-11-10 03:00:00,0.0,1015.9,17.7,130.0,16.6,0.542935,73.0,22.8
2022-11-10 04:00:00,0.0,1015.7,19.4,150.0,20.5,0.511987,87.0,21.7
2022-11-10 05:00:00,0.0,1015.2,19.4,130.0,14.8,0.456662,87.0,21.7
2022-11-10 06:00:00,0.0,1015.2,19.4,130.0,14.8,0.410731,87.0,21.7
2022-11-10 07:00:00,0.0,1014.6,19.4,160.0,18.4,0.384336,87.0,21.7
2022-11-10 08:00:00,0.0,1014.2,19.4,160.0,14.8,0.348951,87.0,21.7
2022-11-10 09:00:00,0.0,1012.7,19.4,160.0,13.0,0.328781,90.0,21.1
2022-11-10 10:00:00,0.0,1012.3,19.4,160.0,11.2,0.319387,90.0,21.1
2022-11-10 11:00:00,0.0,1012.2,19.4,160.0,14.8,0.37258,90.0,21.1
2022-11-10 12:00:00,0.0,1012.2,19.4,160.0,14.8,0.386065,90.0,21.1
2022-11-10 13:00:00,0.0,1012.4,18.9,190.0,13.0,0.450207,90.0,20.6
2022-11-10 14:00:00,0.0,1012.8,19.0,170.0,20.5,0.42485,82.0,22.2
2022-11-10 15:00:00,0.0,1013.2,18.3,190.0,18.4,0.413555,76.0,22.8
2022-11-10 16:00:00,0.0,1012.7,17.7,180.0,22.3,0.388313,71.0,23.3
2022-11-10 17:00:00,0.0,1011.5,17.2,180.0,11.2,0.405256,62.0,25.0
2022-11-10 18:00:00,0.0,1011.5,17.2,200.0,11.2,0.450553,62.0,25.0
2022-11-10 19:00:00,0.0,1008.8,16.2,160.0,16.6,0.485938,51.0,27.2
2022-11-10 20:00:00,0.0,1008.2,16.1,190.0,18.4,0.509682,49.0,27.8
2022-11-10 21:00:00,0.0,1007.9,16.7,190.0,11.2,0.584774,51.0,27.8
2022-11-10 22:00:00,0.0,1007.8,16.0,140.0,16.6,0.577513,52.0,26.7
2022-11-10 23:00:00,0.0,1007.8,16.0,140.0,16.6,0.539189,52.0,26.7
2022-11-11 00:00:00,0.0,1007.8,16.1,130.0,13.0,0.572153,54.0,26.1
2022-11-11 01:00:00,0.0,1007.8,16.7,130.0,11.2,0.599239,60.0,25.0
2022-11-11 02:00:00,0.0,1008.1,16.1,140.0,11.2,0.570251,60.0,24.4
2022-11-11 03:00:00,0.0,1008.1,16.1,140.0,11.2,0.552616,60.0,24.4
2022-11-11 04:00:00,0.0,1008.6,19.0,170.0,13.0,0.515445,82.0,22.2
2022-11-11 05:00:00,0.0,1008.5,18.9,160.0,16.6,0.468073,84.0,21.7
2022-11-11 06:00:00,0.0,1008.5,18.9,160.0,16.6,0.430095,84.0,21.7
2022-11-11 07:00:00,0.0,1007.4,19.4,160.0,13.0,0.388601,87.0,21.7
2022-11-11 08:00:00,0.0,1007.4,19.4,160.0,13.0,0.370505,87.0,21.7
2022-11-11 09:00:00,0.0,1006.9,19.4,170.0,14.8,0.354023,87.0,21.7
2022-11-11 10:00:00,0.0,1007.0,19.4,170.0,13.0,0.337886,87.0,21.7
2022-11-11 11:00:00,0.0,1007.0,19.4,170.0,13.0,0.386295,87.0,21.7
2022-11-11 12:00:00,0.0,1008.0,18.9,160.0,9.4,0.409982,84.0,21.7
2022-11-11 13:00:00,0.0,1008.0,18.9,160.0,9.4,0.430383,84.0,21.7
2022-11-11 14:00:00,0.0,1008.6,19.4,200.0,13.0,0.435281,81.0,22.8
2022-11-11 15:00:00,0.0,1009.1,19.0,190.0,16.6,0.448363,74.0,23.9
2022-11-11 16:00:00,0.0,1008.2,19.0,190.0,20.5,0.485074,67.0,25.6
2022-11-11 17:00:00,0.0,1007.8,18.3,180.0,22.3,0.463001,60.0,26.7
2022-11-11 18:00:00,0.0,1007.8,18.3,180.0,22.3,0.485765,60.0,26.7
2022-11-11 19:00:00,0.0,1009.5,11.0,220.0,16.6,0.528181,67.0,17.2
2022-11-11 20:00:00,0.0,1010.1,10.0,360.0,29.5,0.423409,72.0,15.0
2022-11-11 21:00:00,1.6,1010.7,8.3,340.0,25.9,0.403642,69.0,13.9
2022-11-11 22:00:00,0.0,1010.7,8.3,340.0,25.9,0.385373,69.0,13.9
2022-11-11 23:00:00,0.0,1012.0,8.3,330.0,33.5,0.399205,74.0,12.8
2022-11-12 00:00:00,0.5,1014.2,5.6,340.0,37.1,0.412921,71.0,10.6
2022-11-12 01:00:00,0.0,1015.7,4.0,340.0,31.7,0.411365,69.0,9.4
2022-11-12 02:00:00,0.0,1017.1,1.8,360.0,27.7,0.403585,61.0,8.9
2022-11-12 03:00:00,0.0,1017.1,1.8,360.0,27.7,0.380244,61.0,8.9
2022-11-12 04:00:00,0.0,1018.6,0.5,350.0,20.5,0.362494,60.0,7.8
2022-11-12 05:00:00,0.0,1019.0,-1.2,350.0,20.5,0.335408,53.0,7.8
2022-11-12 06:00:00,0.0,1019.4,-2.3,360.0,25.9,0.313336,51.0,7.2
2022-11-12 07:00:00,0.0,1020.4,-2.7,350.0,27.7,0.301694,51.0,6.7
2022-11-12 08:00:00,0.0,1020.4,-2.7,360.0,22.3,0.30302,51.0,6.7
2022-11-12 09:00:00,0.0,1020.9,-2.2,360.0,18.4,0.290802,53.0,6.7
2022-11-12 10:00:00,0.0,1022.0,-2.3,340.0,16.6,0.290745,55.0,6.1
2022-11-12 11:00:00,0.0,1022.4,-2.3,340.0,16.6,0.29328,57.0,5.6
2022-11-12 12:00:00,0.0,1022.4,-2.3,350.0,22.3,0.297545,57.0,5.6
2022-11-12 13:00:00,0.0,1024.2,-2.8,360.0,22.3,0.321692,57.0,5.0
2022-11-12 14:00:00,0.0,1025.0,-2.3,350.0,24.1,0.324919,49.0,7.8
2022-11-12 15:00:00,0.0,1025.6,-1.1,350.0,22.3,0.320943,48.0,9.4
2022-11-12 16:00:00,0.0,1025.6,-0.7,10.0,27.7,0.288324,41.0,12.2
2022-11-12 17:00:00,0.0,1025.0,-1.9,20.0,22.3,0.281293,35.0,13.3
2022-11-12 18:00:00,0.0,1025.0,-1.9,20.0,22.3,0.268557,35.0,13.3
2022-11-12 19:00:00,0.0,1023.0,-4.4,40.0,24.1,0.258241,25.0,15.6
2022-11-12 20:00:00,0.0,1022.6,-3.9,20.0,16.6,0.252305,26.0,15.6
2022-11-12 21:00:00,0.0,1022.5,-3.9,20.0,22.3,0.266021,26.0,15.6
2022-11-12 22:00:00,0.0,1022.5,-3.9,20.0,22.3,0.299965,26.0,15.6
2022-11-12 23:00:00,0.0,1023.4,-3.1,10.0,13.0,0.338981,33.0,12.8
2022-11-13 00:00:00,0.0,1024.1,-3.8,20.0,11.2,0.39056,35.0,11.1
2022-11-13 01:00:00,0.0,1024.6,-4.0,20.0,5.4,0.410846,37.0,10.0
2022-11-13 02:00:00,0.0,1024.6,-4.0,20.0,5.4,0.409866,37.0,10.0
2022-11-13 03:00:00,0.0,1025.3,-2.7,20.0,9.4,0.394998,46.0,8.3
2022-11-13 04:00:00,0.0,1025.5,-2.8,40.0,9.4,0.377536,47.0,7.8
2022-11-13 05:00:00,0.0,1025.4,-2.2,10.0,9.4,0.353389,53.0,6.7
2022-11-13 06:00:00,0.0,1025.3,-2.8,10.0,7.6,0.329703,53.0,6.1
2022-11-13 07:00:00,0.0,1025.1,-2.7,20.0,7.6,0.317024,55.0,5.6
2022-11-13 08:00:00,0.0,1025.1,-2.7,20.0,7.6,0.303539,55.0,5.6
2022-11-13 09:00:00,0.0,1024.7,-3.3,30.0,7.6,0.313797,55.0,5.0
2022-11-13 10:00:00,0.0,1024.8,-3.4,30.0,9.4,0.321058,57.0,4.4
2022-11-13 11:00:00,0.0,1025.0,-3.3,10.0,5.4,0.325035,62.0,3.3
2022-11-13 12:00:00,0.0,1025.4,-3.3,10.0,7.6,0.341978,62.0,3.3
2022-11-13 13:00:00,0.0,1025.4,-3.3,10.0,7.6,0.346242,62.0,3.3
2022-11-13 14:00:00,0.0,1025.9,-5.0,60.0,13.0,0.353273,43.0,6.7
2022-11-13 15:00:00,0.0,1025.6,-5.8,80.0,14.8,0.323075,35.0,8.9
2022-11-13 16:00:00,0.0,1024.9,-6.0,80.0,9.4,0.302098,32.0,10.0
2022-11-13 17:00:00,0.0,1024.9,-6.0,80.0,9.4,0.270113,32.0,10.0
2022-11-13 18:00:00,0.0,1021.9,-7.3,120.0,7.6,0.266828,25.0,12.2
2022-11-13 19:00:00,0.0,1020.2,-7.1,120.0,9.4,0.269479,22.0,14.4
2022-11-13 20:00:00,0.0,1019.3,-7.2,120.0,14.8,0.28769,21.0,15.0
2022-11-13 21:00:00,0.0,1018.7,-8.0,120.0,14.8,0.311146,19.0,15.6
2022-11-13 22:00:00,0.0,1018.7,-8.0,120.0,14.8,0.349355,19.0,15.6
2022-11-13 23:00:00,0.0,1018.1,-5.8,110.0,13.0,0.389984,28.0,12.2
2022-11-14 00:00:00,0.0,1018.0,-5.2,120.0,9.4,0.440353,34.0,10.0
2022-11-14 01:00:00,0.0,1018.0,-5.2,120.0,9.4,0.451591,34.0,10.0
2022-11-14 02:00:00,0.0,1018.4,-4.2,130.0,14.8,0.452225,35.0,10.6
2022-11-14 03:00:00,0.0,1018.1,-2.1,120.0,13.0,0.430498,37.0,12.2
2022-11-14 04:00:00,0.0,1017.3,-1.7,130.0,14.8,0.410385,38.0,12.2
2022-11-14 05:00:00,0.0,1016.6,2.1,130.0,24.1,0.361745,50.0,12.2
2022-11-14 06:00:00,0.0,1016.2,5.6,130.0,14.8,0.325784,69.0,11.1
2022-11-14 07:00:00,0.0,1016.2,5.6,130.0,14.8,0.299793,69.0,11.1
2022-11-14 08:00:00,0.0,1014.8,7.8,90.0,7.6,0.275127,93.0,8.9
2022-11-14 09:00:00,0.2,1014.1,7.8,80.0,9.4,0.270228,93.0,8.9
2022-11-14 10:00:00,0.3,1013.6,8.3,40.0,9.4,0.272418,93.0,9.4
2022-11-14 11:00:00,0.5,1013.4,8.3,60.0,11.2,0.304691,93.0,9.4
2022-11-14 12:00:00,0.8,1013.4,8.3,60.0,11.2,0.35408,93.0,9.4
2022-11-14 13:00:00,0.8,1013.3,8.9,80.0,11.2,0.387621,93.0,10.0
2022-11-14 14:00:00,0.3,1013.5,8.9,90.0,13.0,0.403585,93.0,10.0
2022-11-14 15:00:00,0.8,1013.9,10.0,90.0,7.6,0.382722,96.0,10.6
2022-11-14 16:00:00,0.4,1013.9,10.0,90.0,7.6,0.383126,96.0,10.6
2022-11-14 17:00:00,0.3,1014.0,11.1,360.0,9.4,0.387967,96.0,11.7
2022-11-14 18:00:00,0.5,1013.0,12.2,330.0,11.2,0.384682,96.0,12.8
2022-11-14 19:00:00,0.2,1012.0,12.8,340.0,13.0,0.34751,93.0,13.9
2022-11-14 20:00:00,0.0,1011.6,13.3,340.0,11.2,0.314027,86.0,15.6
2022-11-14 21:00:00,0.0,1011.5,13.9,310.0,13.0,0.291724,78.0,17.8
2022-11-14 22:00:00,0.0,1011.5,13.9,310.0,13.0,0.327167,78.0,17.8
2022-11-14 23:00:00,0.0,1012.3,13.4,0.0,0.0,0.387563,84.0,16.1
2022-11-15 00:00:00,0.0,1013.7,12.8,30.0,7.6,0.429749,93.0,13.9
2022-11-15 01:00:00,0.0,1015.6,11.7,50.0,7.6,0.447614,93.0,12.8
2022-11-15 02:00:00,0.0,1015.6,11.7,50.0,7.6,0.42387,93.0,12.8
2022-11-15 03:00:00,0.0,1016.8,11.1,90.0,7.6,0.399896,96.0,11.7
2022-11-15 04:00:00,0.0,1017.9,5.0,20.0,18.4,0.36964,66.0,11.1
2022-11-15 05:00:00,0.0,1018.8,7.8,20.0,18.4,0.346127,80.0,11.1
2022-11-15 06:00:00,0.0,1018.8,7.8,360.0,16.6,0.303884,80.0,11.1
2022-11-15 07:00:00,0.0,1019.8,3.3,360.0,22.3,0.303481,68.0,8.9
2022-11-15 08:00:00,0.0,1021.1,-0.5,350.0,16.6,0.305556,60.0,6.7
2022-11-15 09:00:00,0.0,1022.2,-0.7,330.0,11.2,0.304749,64.0,5.6
2022-11-15 10:00:00,0.0,1023.2,-0.6,340.0,14.8,0.299389,67.0,5.0
2022-11-15 11:00:00,0.0,1024.5,-1.0,330.0,11.2,0.329414,68.0,4.4
2022-11-15 12:00:00,0.0,1024.5,-1.0,330.0,11.2,0.382261,68.0,4.4
2022-11-15 13:00:00,0.0,1025.9,-1.7,360.0,14.8,0.432169,67.0,3.9
2022-11-15 14:00:00,0.0,1027.3,-1.7,30.0,13.0,0.395574,62.0,5.0
2022-11-15 15:00:00,0.0,1027.0,-1.7,10.0,18.4,0.349988,53.0,7.2
2022-11-15 16:00:00,0.0,1026.8,-1.0,10.0,24.1,0.299793,50.0,8.9
2022-11-15 17:00:00,0.0,1026.8,-1.0,10.0,24.1,0.280544,50.0,8.9
2022-11-15 18:00:00,0.0,1025.5,0.0,20.0,14.8,0.275588,43.0,12.2
2022-11-15 19:00:00,0.0,1024.6,-0.5,350.0,11.2,0.307342,40.0,12.8
2022-11-15 20:00:00,0.0,1024.7,-0.1,10.0,18.4,0.308207,41.0,12.8
2022-11-15 21:00:00,0.0,1024.7,0.0,20.0,11.2,0.279622,43.0,12.2
2022-11-15 22:00:00,0.0,1024.7,0.0,20.0,11.2,0.337828,43.0,12.2
2022-11-15 23:00:00,0.0,1025.8,0.6,10.0,20.5,0.37062,52.0,10.0
2022-11-16 00:00:00,0.0,1026.6,0.6,20.0,13.0,0.434705,56.0,8.9
2022-11-16 01:00:00,0.0,1027.0,0.5,30.0,11.2,0.442773,60.0,7.8
2022-11-16 02:00:00,0.0,1027.0,0.5,30.0,11.2,0.446865,60.0,7.8
2022-11-16 03:00:00,0.0,1027.8,1.0,360.0,5.4,0.457699,67.0,6.7
2022-11-16 04:00:00,0.0,1028.2,1.0,20.0,5.4,0.41488,67.0,6.7
2022-11-16 05:00:00,0.0,1028.3,1.6,90.0,5.4,0.386007,73.0,6.1
2022-11-16 06:00:00,0.0,1028.4,1.6,50.0,7.6,0.353389,73.0,6.1
2022-11-16 07:00:00,0.0,1028.4,1.6,50.0,7.6,0.338174,73.0,6.1
2022-11-16 08:00:00,0.0,1028.4,1.6,50.0,11.2,0.316678,73.0,6.1
2022-11-16 09:00:00,0.0,1029.4,1.6,50.0,5.4,0.304518,73.0,6.1
2022-11-16 10:00:00,0.0,1029.4,1.6,50.0,14.8,0.322211,73.0,6.1
2022-11-16 11:00:00,0.0,1029.8,1.1,50.0,13.0,0.356443,73.0,5.6
2022-11-16 12:00:00,0.0,1029.8,1.1,50.0,13.0,0.414765,73.0,5.6
2022-11-16 13:00:00,0.0,1030.7,1.1,40.0,14.8,0.460293,73.0,5.6
2022-11-16 14:00:00,0.0,1031.9,1.0,80.0,9.4,0.449919,70.0,6.1
2022-11-16 15:00:00,0.0,1031.8,-0.5,80.0,9.4,0.375288,54.0,8.3
2022-11-16 16:00:00,0.0,1031.8,-0.5,70.0,24.1,0.292819,54.0,8.3
2022-11-16 17:00:00,0.0,1030.7,-1.7,40.0,20.5,0.263658,38.0,12.2
2022-11-16 18:00:00,0.0,1029.3,-2.2,30.0,14.8,0.244871,34.0,13.3
2022-11-16 19:00:00,0.0,1028.3,-2.1,60.0,14.8,0.244237,33.0,13.9
2022-11-16 20:00:00,0.0,1027.9,-2.0,70.0,16.6,0.273859,31.0,15.0
2022-11-16 21:00:00,0.0,1027.9,-2.0,70.0,16.6,0.278527,31.0,15.0
2022-11-16 22:00:00,0.0,1028.1,-2.7,60.0,11.2,0.344053,34.0,12.8
2022-11-16 23:00:00,0.0,1028.1,-2.7,60.0,11.2,0.38935,34.0,12.8
2022-11-17 00:00:00,0.0,1029.4,-2.3,40.0,11.2,0.384048,42.0,10.0
2022-11-17 01:00:00,0.0,1030.3,-2.9,30.0,9.4,0.385719,42.0,9.4
2022-11-17 02:00:00,0.0,1030.3,-2.9,30.0,9.4,0.426176,42.0,9.4
2022-11-17 03:00:00,0.0,1030.6,-1.7,20.0,7.6,0.420297,51.0,7.8
2022-11-17 04:00:00,0.0,1031.1,-1.7,10.0,11.2,0.400818,53.0,7.2
2022-11-17 05:00:00,0.0,1030.8,-1.2,20.0,9.4,0.394537,53.0,7.8
2022-11-17 06:00:00,0.0,1030.8,-1.2,20.0,9.4,0.368545,53.0,7.8
2022-11-17 07:00:00,0.0,1030.2,-0.7,20.0,11.2,0.344225,55.0,7.8
2022-11-17 08:00:00,0.0,1029.9,-0.5,360.0,13.0,0.331316,54.0,8.3
2022-11-17 09:00:00,0.0,1030.2,-0.5,350.0,5.4,0.308437,54.0,8.3
2022-11-17 10:00:00,0.0,1030.0,-0.7,330.0,5.4,0.303827,55.0,7.8
2022-11-17 11:00:00,0.0,1030.0,-0.7,330.0,5.4,0.332296,55.0,7.8
2022-11-17 12:00:00,0.0,1030.1,0.0,320.0,9.4,0.374193,58.0,7.8
2022-11-17 13:00:00,0.0,1030.6,0.5,290.0,5.4,0.429,58.0,8.3
2022-11-17 14:00:00,0.0,1031.2,-0.5,0.0,0.0,0.422257,48.0,10.0
2022-11-17 15:00:00,0.0,1031.5,-1.2,60.0,5.4,0.376671,44.0,10.6
2022-11-17 16:00:00,0.0,1031.5,-1.2,60.0,5.4,0.310915,44.0,10.6
2022-11-17 17:00:00,0.0,1029.9,-3.1,120.0,5.4,0.291321,33.0,12.8
2022-11-17 18:00:00,0.0,1029.9,-3.1,120.0,5.4,0.277086,33.0,12.8
2022-11-17 19:00:00,0.0,1027.2,-3.9,0.0,11.2,0.313912,29.0,13.9
2022-11-17 20:00:00,0.0,1026.5,-3.0,135.0,9.4,0.301464,30.0,14.4
2022-11-17 21:00:00,0.0,1026.5,-3.0,70.0,9.4,0.301579,30.0,14.4
2022-11-17 22:00:00,0.0,1025.9,-2.1,120.0,11.2,0.329991,33.0,13.9
2022-11-17 23:00:00,0.0,1025.9,-2.1,120.0,11.2,0.38157,33.0,13.9
2022-11-18 00:00:00,0.0,1026.6,-2.2,130.0,9.4,0.421335,34.0,13.3
2022-11-18 01:00:00,0.0,1026.9,-1.0,170.0,18.4,0.438681,40.0,12.2
2022-11-18 02:00:00,0.0,1026.9,-1.0,170.0,18.4,0.423467,40.0,12.2
2022-11-18 03:00:00,0.0,1027.2,-1.7,160.0,14.8,0.407561,41.0,11.1
2022-11-18 04:00:00,0.0,1027.1,-1.1,190.0,5.4,0.383011,46.0,10.0
2022-11-18 05:00:00,0.0,1026.9,-0.5,0.0,0.0,0.356328,50.0,9.4
2022-11-18 06:00:00,0.0,1026.9,-0.5,0.0,0.0,0.352755,50.0,9.4
2022-11-18 07:00:00,0.0,1025.8,0.6,120.0,5.4,0.327167,52.0,10.0
2022-11-18 08:00:00,0.0,1025.4,0.6,0.0,0.0,0.318349,52.0,10.0
2022-11-18 09:00:00,0.0,1025.2,1.1,0.0,0.0,0.306478,54.0,10.0
2022-11-18 10:00:00,0.0,1025.1,0.6,90.0,5.4,0.287056,52.0,10.0
2022-11-18 11:00:00,0.0,1025.1,0.6,90.0,5.4,0.318407,52.0,10.0
2022-11-18 12:00:00,0.0,1025.5,1.1,50.0,5.4,0.357826,54.0,10.0
2022-11-18 13:00:00,0.0,1025.9,1.1,60.0,7.6,0.387736,54.0,10.0
2022-11-18 14:00:00,0.0,1026.5,1.1,70.0,7.6,0.383529,50.0,11.1
2022-11-18 15:00:00,0.0,1026.8,0.2,120.0,14.8,0.368949,45.0,11.7
2022-11-18 16:00:00,0.0,1026.8,0.2,120.0,14.8,0.375807,45.0,11.7
2022-11-18 17:00:00,0.0,1026.0,0.0,90.0,16.6,0.374193,43.0,12.2
2022-11-18 18:00:00,0.0,1024.9,-0.5,80.0,20.5,0.291033,40.0,12.8
2022-11-18 19:00:00,0.0,1024.0,-0.1,30.0,14.8,0.324343,41.0,12.8
2022-11-18 20:00:00,0.0,1024.0,-0.1,30.0,14.8,0.346588,41.0,12.8
2022-11-18 21:00:00,0.0,1023.3,1.6,40.0,14.8,0.338405,50.0,11.7
2022-11-18 22:00:00,0.0,1023.7,1.0,70.0,16.6,0.36042,48.0,11.7
2022-11-18 23:00:00,0.0,1024.3,1.6,60.0,18.4,0.384394,52.0,11.1
2022-11-19 00:00:00,0.0,1025.0,2.8,70.0,18.4,0.411077,61.0,10.0
2022-11-19 01:00:00,0.0,1025.0,2.8,70.0,18.4,0.411422,61.0,10.0
2022-11-19 02:00:00,0.0,1025.6,0.6,30.0,11.2,0.422372,52.0,10.0
2022-11-19 03:00:00,0.0,1025.6,0.6,30.0,11.2,0.429691,52.0,10.0
2022-11-19 04:00:00,0.0,1025.7,2.7,40.0,11.2,0.41926,63.0,9.4
2022-11-19 05:00:00,0.0,1025.6,1.6,40.0,9.4,0.392231,56.0,10.0
2022-11-19 06:00:00,0.0,1025.6,1.1,30.0,7.6,0.366816,54.0,10.0
2022-11-19 07:00:00,0.0,1024.7,1.6,10.0,16.6,0.340883,56.0,10.0
2022-11-19 08:00:00,0.0,1024.7,2.7,10.0,22.3,0.3108,63.0,9.4
2022-11-19 09:00:00,0.0,1024.0,3.9,30.0,16.6,0.301003,71.0,8.9
2022-11-19 10:00:00,0.0,1024.0,3.9,30.0,16.6,0.298294,71.0,8.9
2022-11-19 11:00:00,0.0,1024.5,2.9,10.0,25.9,0.299274,71.0,7.8
2022-11-19 12:00:00,1.3,1025.5,3.8,20.0,14.8,0.308783,82.0,6.7
2022-11-19 13:00:00,0.0,1027.1,3.3,350.0,13.0,0.330048,82.0,6.1
2022-11-19 14:00:00,1.0,1027.1,3.3,350.0,13.0,0.357826,82.0,6.1
2022-11-19 15:00:00,4.8,1027.8,3.3,360.0,18.4,0.38255,89.0,5.0
2022-11-19 16:00:00,2.8,1028.8,3.3,10.0,14.8,0.410558,89.0,5.0
2022-11-19 17:00:00,0.8,1028.8,3.3,10.0,16.6,0.438047,89.0,5.0
2022-11-19 18:00:00,1.5,1028.2,3.3,360.0,20.5,0.456028,89.0,5.0
2022-11-19 19:00:00,0.5,1027.4,2.9,360.0,20.5,0.452628,86.0,5.0
2022-11-19 20:00:00,0.3,1027.0,2.9,360.0,25.9,0.433264,86.0,5.0
2022-11-19 21:00:00,0.4,1027.0,2.9,360.0,25.9,0.426637,86.0,5.0
2022-11-19 22:00:00,0.0,1027.4,2.9,350.0,24.1,0.430671,86.0,5.0
2022-11-19 23:00:00,0.0,1028.1,2.2,10.0,18.4,0.460408,82.0,5.0
2022-11-20 00:00:00,0.0,1028.1,2.2,10.0,18.4,0.48104,82.0,5.0
2022-11-20 01:00:00,0.0,1028.8,2.2,10.0,18.4,0.475392,82.0,5.0
2022-11-20 02:00:00,0.0,1029.6,2.2,10.0,18.4,0.487148,82.0,5.0
2022-11-20 03:00:00,0.0,1030.8,2.2,360.0,13.0,0.480175,82.0,5.0
2022-11-20 04:00:00,0.0,1030.7,1.7,350.0,18.4,0.475161,79.0,5.0
2022-11-20 05:00:00,0.0,1030.7,1.7,350.0,18.4,0.422775,79.0,5.0
2022-11-20 06:00:00,0.0,1030.5,0.6,360.0,13.0,0.403585,73.0,5.0
2022-11-20 07:00:00,0.0,1030.1,-0.7,360.0,11.2,0.374136,64.0,5.6
2022-11-20 08:00:00,0.0,1029.8,-0.7,20.0,11.2,0.354829,64.0,5.6
2022-11-20 09:00:00,0.0,1029.7,-1.1,20.0,16.6,0.345839,62.0,5.6
2022-11-20 10:00:00,0.0,1029.7,-1.1,20.0,16.6,0.33754,62.0,5.6
2022-11-20 11:00:00,0.0,1030.0,-1.8,10.0,11.2,0.353216,59.0,5.6
2022-11-20 12:00:00,0.0,1030.6,-2.3,20.0,13.0,0.366471,57.0,5.6
2022-11-20 13:00:00,0.0,1031.1,-2.3,30.0,11.2,0.379841,57.0,5.6
2022-11-20 14:00:00,0.0,1031.4,-2.3,40.0,13.0,0.413785,55.0,6.1
2022-11-20 15:00:00,0.0,1031.9,-3.3,60.0,14.8,0.410154,49.0,6.7
2022-11-20 16:00:00,0.0,1031.9,-3.3,60.0,14.8,0.424677,49.0,6.7
2022-11-20 17:00:00,0.0,1030.3,-3.4,70.0,16.6,0.422775,45.0,7.8
2022-11-20 18:00:00,0.0,1029.2,-3.3,50.0,13.0,0.378054,42.0,8.9
2022-11-20 19:00:00,0.0,1028.5,-2.7,0.0,0.0,0.410212,44.0,8.9
2022-11-20 20:00:00,0.0,1028.5,-2.7,0.0,0.0,0.430267,44.0,8.9
2022-11-20 21:00:00,0.0,1027.8,-2.1,360.0,11.2,0.439776,46.0,8.9
2022-11-20 22:00:00,0.0,1027.6,-2.1,20.0,9.4,0.45257,48.0,8.3
2022-11-20 23:00:00,0.0,1027.6,-2.1,20.0,9.4,0.47228,48.0,8.3
2022-11-21 00:00:00,0.0,1027.9,-1.0,20.0,7.6,0.488647,52.0,8.3
2022-11-21 01:00:00,0.0,1027.9,-1.0,20.0,7.6,0.479484,52.0,8.3
2022-11-21 02:00:00,0.0,1028.4,-1.0,40.0,11.2,0.471185,56.0,7.2
2022-11-21 03:00:00,0.0,1028.4,2.2,10.0,11.2,0.457699,79.0,5.6
2022-11-21 04:00:00,0.3,1028.4,2.8,20.0,11.2,0.437414,82.0,5.6
2022-11-21 05:00:00,0.0,1028.5,2.2,20.0,9.4,0.425887,79.0,5.6
2022-11-21 06:00:00,0.0,1028.5,2.2,20.0,9.4,0.386987,79.0,5.6
2022-11-21 07:00:00,0.0,1027.7,2.2,360.0,13.0,0.371946,79.0,5.6
2022-11-21 08:00:00,0.0,1027.7,2.2,350.0,7.6,0.360131,79.0,5.6
2022-11-21 09:00:00,0.0,1027.4,2.8,20.0,13.0,0.342093,82.0,5.6
2022-11-21 10:00:00,0.3,1027.7,3.3,40.0,5.4,0.329242,85.0,5.6
2022-11-21 11:00:00,0.3,1027.7,3.3,40.0,5.4,0.362148,85.0,5.6
2022-11-21 12:00:00,1.0,1027.7,3.3,60.0,5.4,0.38716,85.0,5.6
2022-11-21 13:00:00,0.3,1027.7,3.3,60.0,5.4,0.392404,85.0,5.6
2022-11-21 14:00:00,1.8,1028.8,2.2,40.0,11.2,0.420413,82.0,5.0
2022-11-21 15:00:00,0.3,1028.8,2.2,40.0,11.2,0.42704,82.0,5.0
2022-11-21 16:00:00,0.8,1029.5,3.9,30.0,7.6,0.433322,89.0,5.6
2022-11-21 17:00:00,0.5,1028.7,4.4,50.0,7.6,0.449862,89.0,6.1
2022-11-21 18:00:00,0.5,1028.0,5.0,60.0,7.6,0.441102,89.0,6.7
2022-11-21 19:00:00,0.3,1027.2,5.7,60.0,7.6,0.436146,90.0,7.2
2022-11-21 20:00:00,0.3,1027.2,5.7,60.0,7.6,0.446346,90.0,7.2
2022-11-21 21:00:00,0.8,1026.6,6.1,40.0,9.4,0.422775,89.0,7.8
2022-11-21 22:00:00,0.8,1026.7,6.1,30.0,7.6,0.428884,89.0,7.8
2022-11-21 23:00:00,0.3,1026.9,6.1,30.0,5.4,0.454126,89.0,7.8
2022-11-22 00:00:00,0.1,1026.9,6.1,50.0,5.4,0.465018,89.0,7.8
2022-11-22 01:00:00,0.0,1027.7,6.7,80.0,9.4,0.480348,93.0,7.8
2022-11-22 02:00:00,0.0,1028.0,6.7,50.0,7.6,0.486226,93.0,7.8
2022-11-22 03:00:00,0.0,1027.8,6.7,20.0,5.4,0.478331,93.0,7.8
2022-11-22 04:00:00,0.0,1027.9,6.7,0.0,0.0,0.446289,93.0,7.8
2022-11-22 05:00:00,0.0,1027.9,6.7,0.0,0.0,0.408137,93.0,7.8
2022-11-22 06:00:00,0.0,1026.9,7.2,0.0,0.0,0.371946,93.0,8.3
2022-11-22 07:00:00,0.0,1026.3,6.8,0.0,0.0,0.346242,90.0,8.3
2022-11-22 08:00:00,0.0,1025.8,6.8,0.0,0.0,0.331259,90.0,8.3
2022-11-22 09:00:00,0.0,1025.7,7.2,40.0,5.4,0.312356,93.0,8.3
2022-11-22 10:00:00,0.0,1025.7,7.2,40.0,5.4,0.310108,93.0,8.3
2022-11-22 11:00:00,0.0,1025.9,7.2,10.0,7.6,0.346012,89.0,8.9
2022-11-22 12:00:00,0.0,1026.4,7.2,70.0,5.4,0.371485,93.0,8.3
2022-11-22 13:00:00,0.0,1026.4,7.2,70.0,5.4,0.386641,93.0,8.3
2022-11-22 14:00:00,0.0,1027.1,7.2,50.0,7.6,0.379841,89.0,8.9
2022-11-22 15:00:00,0.0,1027.1,7.8,80.0,7.6,0.385604,93.0,8.9
2022-11-22 16:00:00,1.0,1027.3,8.3,70.0,7.6,0.39713,89.0,10.0
2022-11-22 17:00:00,0.8,1026.2,8.9,60.0,5.4,0.389523,89.0,10.6
2022-11-22 18:00:00,0.0,1025.0,8.8,70.0,7.6,0.38059,86.0,11.1
2022-11-22 19:00:00,0.0,1025.0,8.8,70.0,7.6,0.384451,86.0,11.1
2022-11-22 20:00:00,0.0,1023.6,9.4,70.0,5.4,0.379322,86.0,11.7
2022-11-22 21:00:00,0.0,1022.9,9.9,80.0,7.6,0.370562,89.0,11.7
2022-11-22 22:00:00,0.0,1022.9,9.9,80.0,7.6,0.399435,89.0,11.7
2022-11-22 23:00:00,0.0,1022.5,10.6,0.0,0.0,0.425369,97.0,11.1
2022-11-23 00:00:00,0.0,1022.5,10.6,0.0,0.0,0.43701,97.0,11.1
2022-11-23 01:00:00,0.0,1024.0,10.6,50.0,5.4,0.433552,97.0,11.1
2022-11-23 02:00:00,0.0,1023.4,10.0,100.0,11.2,0.439373,96.0,10.6
2022-11-23 03:00:00,0.1,1023.4,10.0,100.0,11.2,0.409924,96.0,10.6
2022-11-23 04:00:00,0.5,1023.5,9.4,140.0,7.6,0.413439,96.0,10.0
2022-11-23 05:00:00,0.5,1023.1,9.4,60.0,5.4,0.3818,96.0,10.0
2022-11-23 06:00:00,0.0,1022.1,8.9,0.0,0.0,0.344975,93.0,10.0
2022-11-23 07:00:00,0.2,1021.3,9.4,340.0,5.4,0.324631,96.0,10.0
2022-11-23 08:00:00,0.1,1021.3,9.4,340.0,5.4,0.305152,96.0,10.0
2022-11-23 09:00:00,0.1,1020.3,9.4,330.0,7.6,0.309763,92.0,10.6
2022-11-23 10:00:00,0.0,1020.3,9.4,330.0,7.6,0.304864,92.0,10.6
2022-11-23 11:00:00,0.1,1019.6,9.4,0.0,0.0,0.313681,92.0,10.6
2022-11-23 12:00:00,0.0,1020.2,10.0,310.0,5.4,0.31639,96.0,10.6
2022-11-23 13:00:00,0.1,1020.4,8.9,10.0,7.6,0.31979,89.0,10.6
2022-11-23 14:00:00,0.5,1020.4,8.9,10.0,7.6,0.350392,89.0,10.6
2022-11-23 15:00:00,0.3,1020.6,9.4,10.0,5.4,0.362321,89.0,11.1
2022-11-23 16:00:00,0.2,1019.7,10.0,10.0,11.2,0.375058,83.0,12.8
2022-11-23 17:00:00,0.0,1018.6,11.1,0.0,0.0,0.375634,83.0,13.9
2022-11-23 18:00:00,0.0,1017.0,11.8,90.0,9.4,0.379553,81.0,15.0
2022-11-23 19:00:00,0.0,1017.0,11.8,90.0,9.4,0.385546,81.0,15.0
2022-11-23 20:00:00,0.0,1014.8,12.2,0.0,0.0,0.378688,80.0,15.6
2022-11-23 21:00:00,0.0,1014.6,12.7,110.0,5.4,0.385143,83.0,15.6
2022-11-23 22:00:00,0.0,1014.6,12.7,120.0,9.4,0.385085,83.0,15.6
2022-11-23 23:00:00,0.0,1014.7,13.3,0.0,0.0,0.392635,86.0,15.6
2022-11-24 00:00:00,0.0,1014.7,13.3,0.0,0.0,0.423121,86.0,15.6
2022-11-24 01:00:00,0.0,1014.6,13.9,90.0,7.6,0.425311,93.0,15.0
2022-11-24 02:00:00,0.4,1014.6,13.9,90.0,7.6,0.420528,93.0,15.0
2022-11-24 03:00:00,0.0,1014.7,14.0,0.0,0.0,0.408483,90.0,15.6
2022-11-24 04:00:00,0.0,1013.9,15.0,0.0,0.0,0.41269,100.0,15.0
2022-11-24 05:00:00,0.2,1013.9,15.0,0.0,0.0,0.394882,100.0,15.0
2022-11-24 06:00:00,0.3,1013.6,15.6,170.0,5.4,0.358575,97.0,16.1
2022-11-24 07:00:00,0.2,1014.0,15.6,170.0,5.4,0.337195,97.0,16.1
2022-11-24 08:00:00,0.9,1011.8,15.6,0.0,0.0,0.278124,97.0,16.1
2022-11-24 09:00:00,0.2,1011.2,16.1,190.0,5.4,0.269594,100.0,16.1
2022-11-24 10:00:00,0.5,1011.2,16.1,190.0,5.4,0.269191,100.0,16.1
2022-11-24 11:00:00,0.2,1010.7,16.7,0.0,0.0,0.264926,100.0,16.7
2022-11-24 12:00:00,1.0,1010.7,16.7,40.0,5.4,0.276164,97.0,17.2
2022-11-24 13:00:00,1.5,1010.7,16.7,40.0,5.4,0.29547,97.0,17.2
2022-11-24 14:00:00,0.5,1011.6,17.2,0.0,0.0,0.3429,100.0,17.2
2022-11-24 15:00:00,0.0,1010.8,18.9,0.0,0.0,0.398513,97.0,19.4
2022-11-24 16:00:00,0.0,1010.6,20.0,140.0,7.6,0.434013,100.0,20.0
2022-11-24 17:00:00,0.0,1010.6,20.0,140.0,7.6,0.45453,100.0,20.0
2022-11-24 18:00:00,0.2,1010.5,19.9,0.0,0.0,0.456259,96.0,20.6
2022-11-24 19:00:00,0.3,1009.5,19.0,260.0,11.2,0.418223,82.0,22.2
2022-11-24 20:00:00,0.0,1009.6,18.3,280.0,5.4,0.467036,81.0,21.7
2022-11-24 21:00:00,1.5,1009.6,18.4,340.0,5.4,0.427789,74.0,23.3
2022-11-24 22:00:00,0.3,1009.3,18.3,300.0,9.4,0.430383,76.0,22.8
2022-11-24 23:00:00,0.0,1011.3,17.2,60.0,20.5,0.424447,87.0,19.4
2022-11-25 00:00:00,1.1,1011.3,17.2,60.0,20.5,0.42583,87.0,19.4
2022-11-25 01:00:00,0.3,1013.7,15.0,60.0,20.5,0.402374,87.0,17.2
2022-11-25 02:00:00,0.0,1014.9,14.5,50.0,16.6,0.397303,84.0,17.2
2022-11-25 03:00:00,0.0,1015.4,14.3,40.0,13.0,0.379092,86.0,16.7
2022-11-25 04:00:00,0.0,1015.4,14.3,40.0,13.0,0.357999,86.0,16.7
2022-11-25 05:00:00,0.0,1015.6,14.3,50.0,22.3,0.342669,86.0,16.7
2022-11-25 06:00:00,0.0,1016.3,14.0,50.0,18.4,0.316217,84.0,16.7
2022-11-25 07:00:00,0.0,1016.7,14.0,40.0,13.0,0.304115,84.0,16.7
2022-11-25 08:00:00,0.0,1016.7,14.0,40.0,13.0,0.285327,84.0,16.7
2022-11-25 09:00:00,0.0,1017.0,13.9,60.0,18.4,0.277259,87.0,16.1
2022-11-25 10:00:00,0.0,1015.7,14.0,40.0,13.0,0.265214,90.0,15.6
2022-11-25 11:00:00,0.0,1016.0,13.3,20.0,20.5,0.268096,86.0,15.6
2022-11-25 12:00:00,0.0,1016.0,13.3,20.0,20.5,0.275242,86.0,15.6
2022-11-25 13:00:00,0.0,1016.9,12.9,20.0,13.0,0.279507,87.0,15.0
2022-11-25 14:00:00,0.0,1017.7,12.3,40.0,18.4,0.289073,87.0,14.4
2022-11-25 15:00:00,0.0,1018.1,12.3,10.0,14.8,0.307861,87.0,14.4
2022-11-25 16:00:00,0.0,1018.5,12.1,20.0,16.6,0.325957,83.0,15.0
2022-11-25 17:00:00,0.0,1017.9,12.1,40.0,20.5,0.346012,83.0,15.0
2022-11-25 18:00:00,0.0,1017.1,12.1,20.0,16.6,0.361515,83.0,15.0
2022-11-25 19:00:00,0.0,1017.1,12.1,20.0,16.6,0.377363,83.0,15.0
2022-11-25 20:00:00,0.0,1015.9,12.1,40.0,22.3,0.355521,83.0,15.0
2022-11-25 21:00:00,0.0,1015.9,12.1,40.0,22.3,0.359325,83.0,15.0
2022-11-25 22:00:00,0.2,1015.9,12.3,40.0,18.4,0.368372,87.0,14.4
2022-11-25 23:00:00,0.0,1015.9,12.3,40.0,18.4,0.371081,87.0,14.4
2022-11-26 00:00:00,0.3,1016.0,12.3,40.0,16.6,0.403296,90.0,13.9
2022-11-26 01:00:00,0.0,1016.3,12.8,40.0,13.0,0.412172,93.0,13.9
2022-11-26 02:00:00,0.0,1016.1,12.8,340.0,11.2,0.400357,90.0,14.4
2022-11-26 03:00:00,0.8,1016.1,12.8,340.0,11.2,0.37938,90.0,14.4
2022-11-26 04:00:00,0.4,1017.0,12.8,330.0,13.0,0.36964,97.0,13.3
2022-11-26 05:00:00,1.7,1016.7,10.0,310.0,20.5,0.358633,93.0,11.1
2022-11-26 06:00:00,2.5,1016.7,8.3,310.0,20.5,0.33829,89.0,10.0
2022-11-26 07:00:00,0.5,1014.7,8.3,320.0,24.1,0.311607,89.0,10.0
2022-11-26 08:00:00,1.0,1014.7,8.3,320.0,24.1,0.296969,89.0,10.0
2022-11-26 09:00:00,3.8,1015.4,8.9,300.0,18.4,0.297199,93.0,10.0
2022-11-26 10:00:00,0.3,1014.1,8.3,340.0,14.8,0.303481,89.0,10.0
2022-11-26 11:00:00,0.5,1014.8,8.3,290.0,16.6,0.30544,89.0,10.0
2022-11-26 12:00:00,0.0,1015.0,7.8,270.0,14.8,0.323651,90.0,9.4
2022-11-26 13:00:00,0.0,1015.2,7.2,280.0,14.8,0.337483,89.0,8.9
2022-11-26 14:00:00,0.0,1015.0,5.0,280.0,14.8,0.306132,71.0,10.0
2022-11-26 15:00:00,0.0,1015.0,5.0,290.0,24.1,0.302962,71.0,10.0
2022-11-26 16:00:00,0.0,1014.5,3.9,270.0,27.7,0.288439,57.0,12.2
2022-11-26 17:00:00,0.0,1013.3,4.4,280.0,29.5,0.259567,49.0,15.0
2022-11-26 18:00:00,0.0,1013.3,4.4,280.0,29.5,0.258183,49.0,15.0
2022-11-26 19:00:00,0.0,1011.2,3.8,280.0,42.5,0.278239,47.0,15.0
2022-11-26 20:00:00,0.0,1010.5,3.8,280.0,31.7,0.280659,44.0,16.1
2022-11-26 21:00:00,0.0,1009.9,4.4,260.0,27.7,0.303481,44.0,16.7
2022-11-26 22:00:00,0.0,1009.4,4.4,270.0,24.1,0.32855,44.0,16.7
2022-11-26 23:00:00,0.0,1009.4,4.4,270.0,24.1,0.342958,44.0,16.7
2022-11-27 00:00:00,0.0,1010.0,4.9,220.0,9.4,0.389926,53.0,14.4
2022-11-27 01:00:00,0.0,1010.0,5.0,210.0,13.0,0.395632,57.0,13.3
2022-11-27 02:00:00,0.0,1010.6,5.6,230.0,7.6,0.393903,69.0,11.1
2022-11-27 03:00:00,0.0,1010.6,5.6,230.0,7.6,0.388082,69.0,11.1
2022-11-27 04:00:00,0.0,1010.8,4.4,240.0,11.2,0.385143,61.0,11.7
2022-11-27 05:00:00,0.0,1010.8,4.4,240.0,11.2,0.391482,61.0,11.7
2022-11-27 06:00:00,0.0,1011.2,5.1,280.0,9.4,0.377939,80.0,8.3
2022-11-27 07:00:00,0.0,1011.2,4.3,270.0,9.4,0.353331,82.0,7.2
2022-11-27 08:00:00,0.0,1011.1,4.4,0.0,0.0,0.326591,85.0,6.7
2022-11-27 09:00:00,0.0,1011.1,4.4,0.0,0.0,0.318868,85.0,6.7
2022-11-27 10:00:00,0.0,1011.2,3.9,320.0,5.4,0.31616,89.0,5.6
2022-11-27 11:00:00,0.0,1011.5,3.3,330.0,5.4,0.308956,89.0,5.0
2022-11-27 12:00:00,0.0,1011.8,4.0,0.0,0.0,0.334832,93.0,5.0
2022-11-27 13:00:00,0.0,1012.5,4.4,300.0,5.4,0.334486,89.0,6.1
2022-11-27 14:00:00,0.0,1013.1,7.2,0.0,0.0,0.327052,77.0,11.1
2022-11-27 15:00:00,0.0,1013.1,7.2,0.0,0.0,0.299677,77.0,11.1
2022-11-27 16:00:00,0.0,1013.6,8.8,200.0,7.6,0.276971,54.0,18.3
2022-11-27 17:00:00,0.0,1013.0,9.0,200.0,9.4,0.260719,46.0,21.1
2022-11-27 18:00:00,0.0,1011.2,7.7,160.0,14.8,0.281985,38.0,22.8
2022-11-27 19:00:00,0.0,1011.2,7.7,160.0,14.8,0.301406,38.0,22.8
2022-11-27 20:00:00,0.0,1010.4,4.2,230.0,11.2,0.319214,26.0,25.0
2022-11-27 21:00:00,0.0,1010.4,4.2,230.0,11.2,0.350622,26.0,25.0
2022-11-27 22:00:00,0.0,1010.8,5.7,210.0,9.4,0.370678,31.0,23.9
2022-11-27 23:00:00,0.0,1010.8,5.7,230.0,9.4,0.421047,31.0,23.9
2022-11-28 00:00:00,0.0,1012.3,7.3,0.0,0.0,0.454299,54.0,16.7
2022-11-28 01:00:00,0.0,1013.4,7.3,0.0,0.0,0.473721,56.0,16.1
2022-11-28 02:00:00,0.0,1014.2,7.3,290.0,7.6,0.462598,67.0,13.3
2022-11-28 03:00:00,0.0,1014.6,6.6,290.0,11.2,0.453377,71.0,11.7
2022-11-28 04:00:00,0.0,1014.6,6.6,290.0,11.2,0.412056,71.0,11.7
2022-11-28 05:00:00,0.0,1015.0,6.2,0.0,0.0,0.366586,77.0,10.0
2022-11-28 06:00:00,0.0,1014.7,5.6,0.0,0.0,0.316621,83.0,8.3
2022-11-28 07:00:00,0.0,1014.8,5.6,320.0,7.6,0.312356,80.0,8.9
2022-11-28 08:00:00,0.0,1014.6,5.0,330.0,5.4,0.303193,86.0,7.2
2022-11-28 09:00:00,0.0,1014.6,5.0,330.0,5.4,0.29766,86.0,7.2
2022-11-28 10:00:00,0.0,1014.2,5.0,300.0,7.6,0.313854,89.0,6.7
2022-11-28 11:00:00,0.0,1014.5,5.0,310.0,7.6,0.329703,89.0,6.7
2022-11-28 12:00:00,0.0,1015.1,4.4,300.0,11.2,0.388543,85.0,6.7
2022-11-28 13:00:00,0.0,1015.1,4.4,300.0,11.2,0.417012,85.0,6.7
2022-11-28 14:00:00,0.0,1015.8,7.7,0.0,0.0,0.377939,74.0,12.2
2022-11-28 15:00:00,0.0,1015.8,7.9,0.0,0.0,0.315814,75.0,12.2
2022-11-28 16:00:00,0.0,1015.5,8.9,70.0,7.6,0.276279,58.0,17.2
2022-11-28 17:00:00,0.0,1014.4,9.3,70.0,5.4,0.262506,52.0,19.4
2022-11-28 18:00:00,0.0,1014.4,9.3,170.0,5.4,0.273571,52.0,19.4
2022-11-28 19:00:00,0.0,1011.2,11.0,160.0,14.8,0.287575,46.0,23.3
2022-11-28 20:00:00,0.0,1011.2,11.0,160.0,14.8,0.300599,46.0,23.3
2022-11-28 21:00:00,0.0,1009.4,11.7,180.0,14.8,0.330509,45.0,24.4
2022-11-28 22:00:00,0.0,1009.3,13.8,160.0,14.8,0.364799,57.0,22.8
2022-11-28 23:00:00,0.0,1009.4,15.6,150.0,18.4,0.398859,71.0,21.1
2022-11-29 00:00:00,0.0,1009.4,15.6,150.0,18.4,0.451418,71.0,21.1
2022-11-29 01:00:00,0.0,1009.9,16.1,150.0,13.0,0.456662,81.0,19.4
2022-11-29 02:00:00,0.0,1009.9,16.1,150.0,13.0,0.453781,81.0,19.4
2022-11-29 03:00:00,0.0,1010.2,16.6,150.0,18.4,0.452167,84.0,19.4
2022-11-29 04:00:00,0.0,1009.9,17.7,170.0,14.8,0.430671,93.0,18.9
2022-11-29 05:00:00,0.0,1009.9,17.7,170.0,14.8,0.392001,93.0,18.9
2022-11-29 06:00:00,0.2,1008.4,18.3,170.0,7.6,0.357135,100.0,18.3
2022-11-29 07:00:00,0.2,1007.8,18.2,160.0,7.6,0.321231,96.0,18.9
2022-11-29 08:00:00,0.7,1007.1,18.9,170.0,9.4,0.287344,100.0,18.9
2022-11-29 09:00:00,0.0,1007.1,18.9,170.0,9.4,0.27674,100.0,18.9
2022-11-29 10:00:00,0.0,1007.0,18.9,190.0,16.6,0.270747,97.0,19.4
2022-11-29 11:00:00,0.0,1006.9,18.8,180.0,14.8,0.310224,93.0,20.0
2022-11-29 12:00:00,0.0,1007.3,18.8,200.0,13.0,0.334832,93.0,20.0
2022-11-29 13:00:00,0.0,1007.3,18.8,200.0,13.0,0.390157,93.0,20.0
2022-11-29 14:00:00,0.2,1008.0,19.4,200.0,11.2,0.375692,90.0,21.1
2022-11-29 15:00:00,0.2,1008.0,19.4,200.0,11.2,0.372695,90.0,21.1
2022-11-29 16:00:00,0.0,1008.4,19.4,200.0,11.2,0.370505,87.0,21.7
2022-11-29 17:00:00,0.0,1007.5,18.4,220.0,14.8,0.337022,74.0,23.3
2022-11-29 18:00:00,0.0,1007.5,18.4,220.0,14.8,0.343822,74.0,23.3
2022-11-29 19:00:00,0.0,1005.3,17.2,190.0,14.8,0.348202,58.0,26.1
2022-11-29 20:00:00,0.0,1005.5,16.0,250.0,7.6,0.380071,52.0,26.7
2022-11-29 21:00:00,0.0,1005.6,16.6,190.0,13.0,0.419087,54.0,26.7
2022-11-29 22:00:00,0.0,1006.0,16.1,200.0,11.2,0.481097,54.0,26.1
2022-11-29 23:00:00,0.0,1006.0,16.1,200.0,11.2,0.510201,54.0,26.1
2022-11-30 00:00:00,0.0,1008.0,16.2,230.0,7.6,0.543396,62.0,23.9
2022-11-30 01:00:00,0.0,1009.4,16.0,320.0,5.4,0.519652,78.0,20.0
2022-11-30 02:00:00,0.0,1010.7,15.0,320.0,7.6,0.498963,81.0,18.3
2022-11-30 03:00:00,0.0,1010.7,15.0,320.0,7.6,0.477006,81.0,18.3
2022-11-30 04:00:00,0.0,1012.6,13.4,310.0,9.4,0.43799,90.0,15.0
2022-11-30 05:00:00,0.0,1013.1,13.4,310.0,9.4,0.402778,90.0,15.0
2022-11-30 06:00:00,0.0,1013.6,13.4,300.0,11.2,0.356385,90.0,15.0
2022-11-30 07:00:00,0.0,1015.1,7.1,300.0,11.2,0.321807,53.0,16.7
2022-11-30 08:00:00,0.0,1015.1,7.3,360.0,29.5,0.302905,54.0,16.7
2022-11-30 09:00:00,0.0,1017.1,6.2,360.0,24.1,0.264753,64.0,12.8
2022-11-30 10:00:00,0.0,1019.6,1.1,360.0,18.4,0.258875,58.0,8.9
2022-11-30 11:00:00,0.0,1021.3,0.0,10.0,22.3,0.296853,58.0,7.8
2022-11-30 12:00:00,0.0,1021.3,0.0,10.0,22.3,0.336964,58.0,7.8
2022-11-30 13:00:00,0.0,1024.4,-1.8,20.0,22.3,0.37742,57.0,6.1
2022-11-30 14:00:00,0.0,1025.4,-2.3,10.0,27.7,0.366355,51.0,7.2
2022-11-30 15:00:00,0.0,1025.4,-2.3,10.0,27.7,0.330567,51.0,7.2
2022-11-30 16:00:00,0.0,1026.5,-2.8,20.0,25.9,0.310454,39.0,10.6
2022-11-30 17:00:00,0.0,1025.8,-2.7,20.0,22.3,0.285558,34.0,12.8
2022-11-30 18:00:00,0.0,1025.8,-2.7,20.0,22.3,0.273744,34.0,12.8
2022-11-30 19:00:00,0.0,1024.7,-3.4,30.0,22.3,0.276395,28.0,15.0
2022-11-30 20:00:00,0.0,1024.3,-4.4,30.0,24.1,0.253804,25.0,15.6
2022-11-30 21:00:00,0.0,1024.2,-4.4,30.0,24.1,0.273398,26.0,15.0
2022-11-30 22:00:00,0.0,1024.2,-4.4,30.0,24.1,0.302962,26.0,15.0
2022-11-30 23:00:00,0.0,1025.6,-4.5,40.0,13.0,0.364166,31.0,12.2
2022-12-01 00:00:00,0.0,1026.2,-4.2,50.0,14.8,0.374942,34.0,11.1
2022-12-01 01:00:00,0.0,1026.2,-4.2,50.0,14.8,0.437125,34.0,11.1
2022-12-01 02:00:00,0.0,1028.1,-4.0,20.0,7.6,0.442485,40.0,8.9
2022-12-01 03:00:00,0.0,1028.1,-4.0,20.0,7.6,0.461561,40.0,8.9
2022-12-01 04:00:00,0.0,1027.7,-3.4,10.0,7.6,0.441736,47.0,7.2
2022-12-01 05:00:00,0.0,1027.7,-3.4,10.0,7.6,0.404161,47.0,7.2
2022-12-01 06:00:00,0.0,1026.7,-3.3,10.0,11.2,0.384912,49.0,6.7
2022-12-01 07:00:00,0.0,1026.1,-3.4,40.0,9.4,0.361803,47.0,7.2
2022-12-01 08:00:00,0.0,1026.1,-3.4,40.0,9.4,0.334313,47.0,7.2
2022-12-01 09:00:00,0.0,1026.0,-2.8,10.0,7.6,0.328608,53.0,6.1
2022-12-01 10:00:00,0.0,1026.1,-1.8,310.0,7.6,0.328089,57.0,6.1
2022-12-01 11:00:00,0.0,1027.1,-0.7,330.0,9.4,0.349816,64.0,5.6
2022-12-01 12:00:00,0.0,1027.1,-0.7,330.0,9.4,0.398571,64.0,5.6
2022-12-01 13:00:00,0.0,1027.5,-2.3,50.0,11.2,0.444848,51.0,7.2
2022-12-01 14:00:00,0.0,1028.0,-1.8,70.0,9.4,0.427444,49.0,8.3
2022-12-01 15:00:00,0.0,1027.6,-1.0,40.0,11.2,0.422487,50.0,8.9
2022-12-01 16:00:00,0.0,1027.4,0.0,70.0,11.2,0.453665,52.0,9.4
2022-12-01 17:00:00,0.0,1027.4,0.0,70.0,11.2,0.415168,52.0,9.4
2022-12-01 18:00:00,0.0,1026.6,1.6,50.0,7.6,0.429518,56.0,10.0
2022-12-01 19:00:00,0.0,1024.5,5.6,0.0,0.0,0.419202,74.0,10.0
2022-12-01 20:00:00,0.0,1024.5,5.6,0.0,0.0,0.382953,74.0,10.0
2022-12-01 21:00:00,0.0,1023.5,7.2,50.0,11.2,0.393499,86.0,9.4
2022-12-01 22:00:00,0.3,1024.0,8.3,60.0,5.4,0.400876,96.0,8.9
2022-12-01 23:00:00,0.5,1022.9,8.3,90.0,5.4,0.428193,96.0,8.9
2022-12-02 00:00:00,0.0,1022.3,7.8,50.0,11.2,0.460293,93.0,8.9
2022-12-02 01:00:00,0.0,1022.7,8.3,360.0,7.6,0.466632,93.0,9.4
2022-12-02 02:00:00,0.0,1022.7,8.3,360.0,7.6,0.485131,93.0,9.4
2022-12-02 03:00:00,0.2,1022.8,8.3,0.0,0.0,0.465018,89.0,10.0
2022-12-02 04:00:00,0.0,1022.3,8.9,50.0,5.4,0.446173,93.0,10.0
2022-12-02 05:00:00,0.3,1021.6,9.4,0.0,0.0,0.388197,96.0,10.0
2022-12-02 06:00:00,0.3,1021.1,10.0,330.0,5.4,0.35166,96.0,10.6
2022-12-02 07:00:00,0.0,1021.1,10.0,330.0,5.4,0.323824,96.0,10.6
2022-12-02 08:00:00,0.5,1019.9,10.6,0.0,0.0,0.304518,97.0,11.1
2022-12-02 09:00:00,0.3,1019.9,10.6,320.0,5.4,0.315871,97.0,11.1
2022-12-02 10:00:00,0.3,1019.5,11.1,0.0,0.0,0.307918,96.0,11.7
2022-12-02 11:00:00,0.3,1019.5,11.1,0.0,0.0,0.332296,96.0,11.7
2022-12-02 12:00:00,0.0,1019.2,11.7,0.0,0.0,0.347856,100.0,11.7
2022-12-02 13:00:00,0.0,1019.9,12.2,0.0,0.0,0.383702,100.0,12.2
2022-12-02 14:00:00,0.0,1019.9,12.2,0.0,0.0,0.373847,100.0,12.2
2022-12-02 15:00:00,0.3,1020.1,12.8,0.0,0.0,0.364799,100.0,12.8
2022-12-02 16:00:00,0.0,1019.9,15.0,200.0,9.4,0.351429,100.0,15.0
2022-12-02 17:00:00,0.0,1019.9,15.0,200.0,9.4,0.357769,100.0,15.0
2022-12-02 18:00:00,0.0,1019.7,15.6,200.0,13.0,0.35189,97.0,16.1
2022-12-02 19:00:00,0.0,1018.1,16.1,210.0,14.8,0.382895,90.0,17.8
2022-12-02 20:00:00,0.0,1017.9,16.1,220.0,9.4,0.372061,87.0,18.3
2022-12-02 21:00:00,0.0,1017.9,16.1,220.0,9.4,0.379265,87.0,18.3
2022-12-02 22:00:00,0.0,1017.7,16.1,240.0,9.4,0.375231,87.0,18.3
2022-12-02 23:00:00,0.0,1018.8,16.1,170.0,5.4,0.387102,93.0,17.2
2022-12-03 00:00:00,0.0,1018.8,16.1,170.0,5.4,0.367278,93.0,17.2
2022-12-03 01:00:00,0.0,1019.3,16.7,0.0,0.0,0.411768,97.0,17.2
2022-12-03 02:00:00,0.0,1020.2,16.7,0.0,0.0,0.412863,97.0,17.2
2022-12-03 03:00:00,0.0,1020.8,16.7,180.0,9.4,0.410327,97.0,17.2
2022-12-03 04:00:00,0.0,1021.4,16.7,200.0,9.4,0.385719,97.0,17.2
2022-12-03 05:00:00,0.0,1021.4,16.7,200.0,9.4,0.395689,97.0,17.2
2022-12-03 06:00:00,0.0,1022.1,16.7,310.0,5.4,0.35944,97.0,17.2
2022-12-03 07:00:00,0.0,1022.1,16.7,310.0,5.4,0.338578,97.0,17.2
2022-12-03 08:00:00,0.0,1022.2,16.7,230.0,9.4,0.301867,97.0,17.2
2022-12-03 09:00:00,0.0,1022.2,16.7,210.0,5.4,0.278469,97.0,17.2
2022-12-03 10:00:00,0.0,1022.2,16.7,210.0,5.4,0.278412,97.0,17.2
2022-12-03 11:00:00,0.0,1022.1,16.1,0.0,0.0,0.277778,96.0,16.7
2022-12-03 12:00:00,0.0,1023.1,16.1,300.0,5.4,0.281812,96.0,16.7
2022-12-03 13:00:00,0.0,1025.8,15.6,360.0,13.0,0.299447,93.0,16.7
2022-12-03 14:00:00,0.2,1026.6,15.1,360.0,13.0,0.311088,90.0,16.7
2022-12-03 15:00:00,0.2,1027.1,14.5,10.0,14.8,0.358633,84.0,17.2
2022-12-03 16:00:00,0.0,1027.1,14.5,10.0,14.8,0.3716,84.0,17.2
2022-12-03 17:00:00,0.0,1027.5,11.7,360.0,22.3,0.385719,75.0,16.1
2022-12-03 18:00:00,0.0,1026.2,11.0,50.0,11.2,0.334716,67.0,17.2
2022-12-03 19:00:00,0.0,1025.6,9.9,50.0,13.0,0.328147,58.0,18.3
2022-12-03 20:00:00,0.0,1025.0,9.4,20.0,13.0,0.345148,54.0,18.9
2022-12-03 21:00:00,0.0,1025.0,8.8,60.0,9.4,0.368718,52.0,18.9
2022-12-03 22:00:00,0.0,1025.0,8.8,60.0,9.4,0.382377,52.0,18.9
2022-12-03 23:00:00,0.0,1025.5,10.7,60.0,9.4,0.379899,63.0,17.8
2022-12-04 00:00:00,0.0,1025.5,10.7,60.0,9.4,0.424101,63.0,17.8
2022-12-04 01:00:00,0.0,1026.2,8.9,30.0,18.4,0.432284,60.0,16.7
2022-12-04 02:00:00,0.0,1026.2,8.9,30.0,18.4,0.434532,60.0,16.7
2022-12-04 03:00:00,0.0,1026.5,8.3,30.0,18.4,0.418396,62.0,15.6
2022-12-04 04:00:00,0.0,1026.4,8.3,50.0,14.8,0.404507,67.0,14.4
2022-12-04 05:00:00,0.0,1026.4,8.3,50.0,14.8,0.375864,67.0,14.4
2022-12-04 06:00:00,0.0,1025.7,7.9,20.0,14.8,0.358575,67.0,13.9
2022-12-04 07:00:00,0.0,1025.7,7.9,20.0,14.8,0.332411,67.0,13.9
2022-12-04 08:00:00,0.0,1025.0,7.7,20.0,7.6,0.294087,69.0,13.3
2022-12-04 09:00:00,0.0,1024.3,7.7,40.0,7.6,0.286134,69.0,13.3
2022-12-04 10:00:00,0.0,1024.4,7.7,10.0,7.6,0.292473,69.0,13.3
2022-12-04 11:00:00,0.0,1024.4,7.7,10.0,7.6,0.292704,69.0,13.3
2022-12-04 12:00:00,0.0,1024.4,8.9,20.0,16.6,0.279564,77.0,12.8
2022-12-04 13:00:00,0.0,1024.4,8.9,20.0,16.6,0.295067,77.0,12.8
2022-12-04 14:00:00,0.5,1024.9,10.0,30.0,9.4,0.317197,93.0,11.1
2022-12-04 15:00:00,0.0,1024.9,10.6,30.0,7.6,0.350795,93.0,11.7
2022-12-04 16:00:00,0.5,1024.6,10.6,40.0,9.4,0.365145,90.0,12.2
2022-12-04 17:00:00,0.0,1024.6,10.6,40.0,9.4,0.379092,90.0,12.2
2022-12-04 18:00:00,0.0,1022.2,11.7,50.0,9.4,0.394421,93.0,12.8
2022-12-04 19:00:00,0.0,1020.9,11.7,110.0,7.6,0.385892,97.0,12.2
2022-12-04 20:00:00,0.0,1020.9,11.7,110.0,7.6,0.398974,97.0,12.2
2022-12-04 21:00:00,0.0,1019.8,11.7,90.0,9.4,0.41367,97.0,12.2
2022-12-04 22:00:00,0.3,1019.6,11.7,80.0,7.6,0.429461,97.0,12.2
2022-12-04 23:00:00,0.0,1019.6,11.7,90.0,9.4,0.452974,97.0,12.2
2022-12-05 00:00:00,0.0,1019.6,11.7,130.0,5.4,0.460408,97.0,12.2
2022-12-05 01:00:00,0.3,1019.1,11.7,0.0,0.0,0.474355,93.0,12.8
2022-12-05 02:00:00,0.0,1019.1,11.7,0.0,0.0,0.472049,93.0,12.8
2022-12-05 03:00:00,0.0,1018.7,11.7,0.0,0.0,0.474124,93.0,12.8
2022-12-05 04:00:00,0.0,1018.0,12.2,320.0,7.6,0.438854,93.0,13.3
2022-12-05 05:00:00,0.0,1018.0,12.2,320.0,7.6,0.388197,93.0,13.3
2022-12-05 06:00:00,0.0,1016.6,12.8,0.0,0.0,0.365549,97.0,13.3
2022-12-05 07:00:00,0.0,1016.6,12.8,0.0,0.0,0.330048,97.0,13.3
2022-12-05 08:00:00,0.0,1015.3,13.3,0.0,0.0,0.314776,96.0,13.9
2022-12-05 09:00:00,0.0,1015.3,13.3,0.0,0.0,0.281466,96.0,13.9
2022-12-05 10:00:00,0.0,1014.8,13.9,0.0,0.0,0.278181,100.0,13.9
2022-12-05 11:00:00,0.0,1015.0,13.9,0.0,0.0,0.315468,97.0,14.4
2022-12-05 12:00:00,0.0,1014.1,15.0,170.0,5.4,0.355521,100.0,15.0
2022-12-05 13:00:00,0.0,1014.9,15.6,0.0,0.0,0.389869,100.0,15.6
2022-12-05 14:00:00,0.0,1015.2,15.6,220.0,5.4,0.375461,97.0,16.1
2022-12-05 15:00:00,0.0,1015.2,15.6,220.0,5.4,0.394191,97.0,16.1
2022-12-05 16:00:00,0.0,1015.1,16.7,210.0,5.4,0.390618,97.0,17.2
2022-12-05 17:00:00,0.0,1013.9,17.8,200.0,20.5,0.381685,76.0,22.2
2022-12-05 18:00:00,0.0,1012.9,17.1,190.0,18.4,0.390848,73.0,22.2
2022-12-05 19:00:00,0.0,1011.5,17.8,190.0,22.3,0.39056,76.0,22.2
2022-12-05 20:00:00,0.0,1010.9,17.7,190.0,18.4,0.365664,73.0,22.8
2022-12-05 21:00:00,0.0,1010.9,17.7,190.0,18.4,0.372464,73.0,22.8
2022-12-05 22:00:00,0.0,1010.8,17.7,230.0,11.2,0.403758,73.0,22.8
2022-12-05 23:00:00,0.0,1011.0,17.8,220.0,11.2,0.420124,76.0,22.2
2022-12-06 00:00:00,0.0,1011.0,17.8,220.0,11.2,0.462944,76.0,22.2
2022-12-06 01:00:00,0.0,1011.2,17.8,230.0,7.6,0.472856,76.0,22.2
2022-12-06 02:00:00,0.0,1011.6,17.9,260.0,9.4,0.486169,91.0,19.4
2022-12-06 03:00:00,0.0,1011.9,17.9,260.0,5.4,0.478965,91.0,19.4
2022-12-06 04:00:00,0.0,1011.8,17.9,200.0,5.4,0.446807,91.0,19.4
2022-12-06 05:00:00,0.0,1011.8,17.9,200.0,5.4,0.386007,91.0,19.4
2022-12-06 06:00:00,0.0,1011.9,17.2,0.0,0.0,0.338751,96.0,17.8
2022-12-06 07:00:00,0.0,1011.6,16.7,0.0,0.0,0.301464,97.0,17.2
2022-12-06 08:00:00,0.0,1011.6,16.7,0.0,0.0,0.286768,97.0,17.2
2022-12-06 09:00:00,0.0,1011.5,16.7,0.0,0.0,0.283944,97.0,17.2
2022-12-06 10:00:00,0.0,1011.5,17.8,0.0,0.0,0.273456,97.0,18.3
2022-12-06 11:00:00,0.0,1011.6,17.7,0.0,0.0,0.33754,93.0,18.9
2022-12-06 12:00:00,0.0,1012.6,18.2,190.0,7.6,0.371485,96.0,18.9
2022-12-06 13:00:00,0.0,1012.6,18.9,200.0,7.6,0.403469,97.0,19.4
2022-12-06 14:00:00,0.0,1016.0,18.9,200.0,7.6,0.375058,97.0,19.4
2022-12-06 15:00:00,0.0,1014.1,19.3,190.0,11.2,0.387448,96.0,20.0
2022-12-06 16:00:00,0.0,1014.5,19.4,190.0,11.2,0.385777,90.0,21.1
2022-12-06 17:00:00,0.0,1014.3,19.0,200.0,13.0,0.393326,82.0,22.2
2022-12-06 18:00:00,0.0,1013.2,19.5,170.0,13.0,0.386929,74.0,24.4
2022-12-06 19:00:00,0.0,1012.3,19.0,180.0,11.2,0.378112,67.0,25.6
2022-12-06 20:00:00,0.0,1011.8,19.0,170.0,5.4,0.344225,65.0,26.1
2022-12-06 21:00:00,0.0,1011.8,19.0,170.0,5.4,0.412978,65.0,26.1
2022-12-06 22:00:00,0.0,1012.5,19.0,140.0,16.6,0.423755,67.0,25.6
2022-12-06 23:00:00,0.0,1012.9,19.0,130.0,11.2,0.45793,74.0,23.9
2022-12-07 00:00:00,0.0,1013.3,19.5,120.0,13.0,0.525991,79.0,23.3
2022-12-07 01:00:00,0.0,1013.3,19.5,120.0,13.0,0.534982,79.0,23.3
2022-12-07 02:00:00,0.0,1014.0,19.5,130.0,20.5,0.523571,79.0,23.3
2022-12-07 03:00:00,0.0,1014.8,20.5,140.0,25.9,0.529103,87.0,22.8
2022-12-07 04:00:00,0.0,1016.4,19.4,160.0,11.2,0.489223,84.0,22.2
2022-12-07 05:00:00,0.0,1016.9,19.4,160.0,16.6,0.447268,87.0,21.7
2022-12-07 06:00:00,0.0,1016.9,19.4,160.0,16.6,0.402835,87.0,21.7
2022-12-07 07:00:00,0.0,1017.1,18.9,160.0,9.4,0.365952,87.0,21.1
2022-12-07 08:00:00,0.0,1017.6,18.9,170.0,11.2,0.325784,87.0,21.1
2022-12-07 09:00:00,0.0,1017.7,18.9,140.0,13.0,0.30861,90.0,20.6
2022-12-07 10:00:00,0.0,1017.6,18.9,150.0,13.0,0.309302,90.0,20.6
2022-12-07 11:00:00,0.0,1017.6,18.9,150.0,13.0,0.356674,90.0,20.6
2022-12-07 12:00:00,0.0,1019.1,19.3,150.0,11.2,0.382434,96.0,20.0
2022-12-07 13:00:00,0.3,1019.1,19.3,150.0,11.2,0.426579,96.0,20.0
2022-12-07 14:00:00,0.1,1021.0,19.4,140.0,14.8,0.432284,93.0,20.6
2022-12-07 15:00:00,0.0,1020.3,19.4,150.0,14.8,0.430671,93.0,20.6
2022-12-07 16:00:00,0.0,1021.0,19.4,160.0,11.2,0.431535,90.0,21.1
2022-12-07 17:00:00,0.0,1020.2,18.2,170.0,16.6,0.365088,66.0,25.0
2022-12-07 18:00:00,0.0,1019.1,17.7,170.0,22.3,0.33535,60.0,26.1
2022-12-07 19:00:00,0.0,1018.2,17.7,170.0,18.4,0.43603,60.0,26.1
2022-12-07 20:00:00,0.0,1018.2,17.7,170.0,18.4,0.391597,60.0,26.1
2022-12-07 21:00:00,0.0,1018.0,17.8,150.0,22.3,0.444502,58.0,26.7
2022-12-07 22:00:00,0.0,1018.0,16.7,150.0,16.6,0.475161,58.0,25.6
2022-12-07 23:00:00,0.0,1018.0,16.7,150.0,16.6,0.493545,58.0,25.6
2022-12-08 00:00:00,0.0,1018.8,17.3,130.0,11.2,0.502363,71.0,22.8
2022-12-08 01:00:00,0.0,1018.8,17.3,130.0,11.2,0.55423,71.0,22.8
2022-12-08 02:00:00,0.0,1019.4,18.3,140.0,18.4,0.529795,76.0,22.8
2022-12-08 03:00:00,0.0,1020.1,19.0,150.0,22.3,0.525703,82.0,22.2
2022-12-08 04:00:00,0.0,1020.1,19.9,150.0,16.6,0.499136,87.0,22.2
2022-12-08 05:00:00,0.0,1020.1,19.9,150.0,16.6,0.452225,87.0,22.2
2022-12-08 06:00:00,0.0,1020.0,19.9,160.0,18.4,0.405429,87.0,22.2
2022-12-08 07:00:00,0.0,1019.6,19.9,170.0,14.8,0.360189,87.0,22.2
2022-12-08 08:00:00,0.0,1019.7,19.4,180.0,13.0,0.35506,84.0,22.2
2022-12-08 09:00:00,0.0,1019.6,20.0,170.0,16.6,0.344917,90.0,21.7
2022-12-08 10:00:00,0.0,1019.6,20.0,170.0,16.6,0.338693,90.0,21.7
2022-12-08 11:00:00,0.0,1019.7,19.4,170.0,7.6,0.373732,87.0,21.7
2022-12-08 12:00:00,0.0,1020.0,19.4,170.0,14.8,0.392865,87.0,21.7
2022-12-08 13:00:00,0.0,1020.4,20.0,180.0,13.0,0.436319,90.0,21.7
2022-12-08 14:00:00,0.0,1020.9,19.9,170.0,13.0,0.43822,87.0,22.2
2022-12-08 15:00:00,0.0,1020.9,19.9,170.0,13.0,0.413497,87.0,22.2
2022-12-08 16:00:00,0.0,1021.1,19.0,180.0,16.6,0.412633,74.0,23.9
2022-12-08 17:00:00,0.0,1020.2,18.9,190.0,18.4,0.449516,69.0,25.0
2022-12-08 18:00:00,0.0,1019.0,17.7,200.0,18.4,0.43822,64.0,25.0
2022-12-08 19:00:00,0.0,1018.0,17.2,190.0,18.4,0.444733,56.0,26.7
2022-12-08 20:00:00,0.0,1018.0,17.2,190.0,18.4,0.420989,56.0,26.7
2022-12-08 21:00:00,0.0,1017.4,16.6,150.0,18.4,0.456489,56.0,26.1
2022-12-08 22:00:00,0.0,1017.4,16.6,150.0,18.4,0.466286,56.0,26.1
2022-12-08 23:00:00,0.0,1017.6,17.2,150.0,13.0,0.494352,64.0,24.4
2022-12-09 00:00:00,0.0,1017.6,17.2,150.0,13.0,0.53187,64.0,24.4
2022-12-09 01:00:00,0.0,1018.0,17.3,130.0,13.0,0.552559,69.0,23.3
2022-12-09 02:00:00,0.0,1018.4,16.6,130.0,11.2,0.57198,73.0,21.7
2022-12-09 03:00:00,0.0,1019.1,18.3,160.0,13.0,0.54743,84.0,21.1
2022-12-09 04:00:00,0.0,1019.1,18.9,150.0,18.4,0.49758,87.0,21.1
2022-12-09 05:00:00,0.0,1019.2,18.9,160.0,18.4,0.452282,87.0,21.1
2022-12-09 06:00:00,0.0,1019.2,18.9,160.0,18.4,0.39252,87.0,21.1
2022-12-09 07:00:00,0.0,1018.8,18.9,170.0,14.8,0.355118,87.0,21.1
2022-12-09 08:00:00,0.0,1018.5,18.3,170.0,13.0,0.331374,84.0,21.1
2022-12-09 09:00:00,0.0,1018.4,18.4,170.0,11.2,0.318177,87.0,20.6
2022-12-09 10:00:00,0.0,1018.4,18.4,170.0,11.2,0.313624,87.0,20.6
2022-12-09 11:00:00,0.0,1018.1,18.2,0.0,0.0,0.376153,93.0,19.4
2022-12-09 12:00:00,0.0,1018.3,18.2,90.0,5.4,0.398974,96.0,18.9
2022-12-09 13:00:00,0.0,1019.1,18.2,0.0,0.0,0.431823,93.0,19.4
2022-12-09 14:00:00,0.0,1019.6,18.9,0.0,0.0,0.423121,90.0,20.6
2022-12-09 15:00:00,0.2,1019.6,18.9,0.0,0.0,0.398167,90.0,20.6
2022-12-09 16:00:00,0.0,1019.6,18.3,140.0,11.2,0.388255,76.0,22.8
2022-12-09 17:00:00,0.0,1018.4,18.3,170.0,14.8,0.409002,71.0,23.9
2022-12-09 18:00:00,0.0,1017.1,17.9,160.0,13.0,0.346934,69.0,23.9
2022-12-09 19:00:00,0.0,1017.1,17.9,160.0,13.0,0.393903,69.0,23.9
2022-12-09 20:00:00,0.0,1016.1,17.2,140.0,16.6,0.439719,62.0,25.0
2022-12-09 21:00:00,0.0,1015.0,16.2,150.0,16.6,0.445828,56.0,25.6
2022-12-09 22:00:00,0.0,1015.0,16.2,150.0,16.6,0.480579,56.0,25.6
2022-12-09 23:00:00,0.0,1014.8,16.6,140.0,20.5,0.506916,62.0,24.4
2022-12-10 00:00:00,0.0,1014.8,16.6,140.0,20.5,0.517693,62.0,24.4
2022-12-10 01:00:00,0.0,1015.4,16.8,140.0,14.8,0.518442,69.0,22.8
2022-12-10 02:00:00,0.0,1015.9,17.3,140.0,18.4,0.506916,76.0,21.7
2022-12-10 03:00:00,0.0,1016.1,17.9,150.0,22.3,0.475219,79.0,21.7
2022-12-10 04:00:00,0.0,1016.4,18.3,140.0,18.4,0.466632,84.0,21.1
2022-12-10 05:00:00,0.0,1016.6,18.9,160.0,22.3,0.434647,87.0,21.1
2022-12-10 06:00:00,0.0,1016.6,18.9,160.0,16.6,0.415341,90.0,20.6
2022-12-10 07:00:00,0.0,1015.9,18.4,150.0,13.0,0.386584,87.0,20.6
2022-12-10 08:00:00,0.0,1015.9,18.4,150.0,13.0,0.358864,87.0,20.6
2022-12-10 09:00:00,0.0,1015.4,18.4,170.0,18.4,0.323306,87.0,20.6
2022-12-10 10:00:00,0.0,1015.4,18.4,170.0,18.4,0.313739,87.0,20.6
2022-12-10 11:00:00,0.0,1015.6,18.3,150.0,20.5,0.319272,84.0,21.1
2022-12-10 12:00:00,0.0,1016.0,18.4,160.0,13.0,0.324458,87.0,20.6
2022-12-10 13:00:00,0.0,1016.6,18.3,150.0,13.0,0.339442,84.0,21.1
2022-12-10 14:00:00,0.0,1016.6,18.3,150.0,13.0,0.361169,84.0,21.1
2022-12-10 15:00:00,0.0,1017.0,17.9,180.0,16.6,0.374539,82.0,21.1
2022-12-10 16:00:00,0.0,1017.0,18.4,140.0,18.4,0.410443,79.0,22.2
2022-12-10 17:00:00,0.0,1016.3,18.4,130.0,18.4,0.422718,74.0,23.3
2022-12-10 18:00:00,0.0,1016.3,18.4,130.0,18.4,0.429691,74.0,23.3
2022-12-10 19:00:00,0.0,1015.4,17.9,170.0,13.0,0.382204,67.0,24.4
2022-12-10 20:00:00,0.0,1014.0,15.6,160.0,20.5,0.450899,54.0,25.6
2022-12-10 21:00:00,0.0,1013.6,16.2,150.0,22.3,0.44917,58.0,25.0
2022-12-10 22:00:00,0.0,1013.4,16.7,150.0,11.2,0.465134,60.0,25.0
2022-12-10 23:00:00,0.0,1014.0,16.8,140.0,5.4,0.495851,67.0,23.3
2022-12-11 00:00:00,0.0,1014.0,16.8,140.0,5.4,0.518442,67.0,23.3
2022-12-11 01:00:00,0.0,1014.6,17.3,0.0,0.0,0.516367,71.0,22.8
2022-12-11 02:00:00,0.0,1015.4,17.7,290.0,5.4,0.511641,73.0,22.8
2022-12-11 03:00:00,0.0,1015.5,17.3,0.0,0.0,0.476083,71.0,22.8
2022-12-11 04:00:00,0.0,1015.4,18.4,140.0,11.2,0.460869,79.0,22.2
2022-12-11 05:00:00,3.3,1015.7,19.4,130.0,7.6,0.429288,87.0,21.7
2022-12-11 06:00:00,9.5,1015.2,18.3,290.0,5.4,0.388082,90.0,20.0
2022-12-11 07:00:00,0.9,1014.8,17.2,350.0,7.6,0.352697,84.0,20.0
2022-12-11 08:00:00,0.0,1016.0,16.1,350.0,7.6,0.330279,81.0,19.4
2022-12-11 09:00:00,0.0,1016.0,16.1,30.0,22.3,0.333045,81.0,19.4
2022-12-11 10:00:00,0.0,1016.2,14.5,40.0,14.8,0.32319,81.0,17.8
2022-12-11 11:00:00,0.0,1016.7,13.9,30.0,9.4,0.322211,78.0,17.8
2022-12-11 12:00:00,0.0,1017.1,13.3,50.0,11.2,0.300254,78.0,17.2
2022-12-11 13:00:00,0.0,1017.4,13.3,30.0,14.8,0.306074,78.0,17.2
2022-12-11 14:00:00,0.0,1017.4,13.3,30.0,14.8,0.316563,78.0,17.2
2022-12-11 15:00:00,0.0,1018.6,13.9,40.0,16.6,0.30521,68.0,20.0
2022-12-11 16:00:00,0.0,1018.6,13.9,40.0,16.6,0.315468,68.0,20.0
2022-12-11 17:00:00,0.0,1017.7,13.8,50.0,16.6,0.342208,57.0,22.8
2022-12-11 18:00:00,0.0,1016.8,14.0,50.0,16.6,0.358575,54.0,23.9
2022-12-11 19:00:00,0.0,1016.8,14.0,20.0,24.1,0.389062,54.0,23.9
2022-12-11 20:00:00,0.0,1015.0,13.2,80.0,13.0,0.438912,53.0,23.3
2022-12-11 21:00:00,0.0,1015.0,13.2,80.0,13.0,0.474009,53.0,23.3
2022-12-11 22:00:00,0.0,1015.1,14.0,70.0,14.8,0.489511,56.0,23.3
2022-12-11 23:00:00,0.0,1015.3,14.0,90.0,14.8,0.527201,73.0,18.9
2022-12-12 00:00:00,0.0,1015.3,14.0,90.0,14.8,0.543223,73.0,18.9
2022-12-12 01:00:00,0.0,1016.2,13.4,70.0,11.2,0.545643,84.0,16.1
2022-12-12 02:00:00,0.0,1016.6,12.7,70.0,14.8,0.53965,83.0,15.6
2022-12-12 03:00:00,0.0,1017.1,12.8,50.0,9.4,0.506109,81.0,16.1
2022-12-12 04:00:00,0.0,1017.1,12.8,50.0,9.4,0.479657,81.0,16.1
2022-12-12 05:00:00,0.0,1016.6,13.4,50.0,7.6,0.429057,84.0,16.1
2022-12-12 06:00:00,0.0,1016.6,13.4,50.0,7.6,0.373732,84.0,16.1
2022-12-12 07:00:00,0.0,1015.6,13.3,60.0,13.0,0.312183,86.0,15.6
2022-12-12 08:00:00,0.0,1015.6,13.3,60.0,13.0,0.29086,86.0,15.6
2022-12-12 09:00:00,0.0,1014.5,14.4,40.0,9.4,0.283714,96.0,15.0
2022-12-12 10:00:00,0.0,1014.5,14.5,80.0,11.2,0.281236,93.0,15.6
2022-12-12 11:00:00,0.0,1013.8,15.0,80.0,9.4,0.336272,96.0,15.6
2022-12-12 12:00:00,0.0,1013.9,15.0,110.0,9.4,0.381109,96.0,15.6
2022-12-12 13:00:00,0.0,1013.9,15.0,110.0,9.4,0.419375,96.0,15.6
2022-12-12 14:00:00,0.0,1013.9,15.0,100.0,11.2,0.400876,96.0,15.6
2022-12-12 15:00:00,0.0,1014.1,15.6,100.0,9.4,0.368257,97.0,16.1
2022-12-12 16:00:00,0.2,1013.5,17.2,120.0,13.0,0.36163,100.0,17.2
2022-12-12 17:00:00,1.1,1013.5,17.2,120.0,13.0,0.380187,100.0,17.2
2022-12-12 18:00:00,0.0,1012.3,18.3,130.0,13.0,0.382434,100.0,18.3
2022-12-12 19:00:00,0.0,1010.9,19.3,150.0,16.6,0.386123,96.0,20.0
2022-12-12 20:00:00,0.2,1008.6,19.0,150.0,18.4,0.385892,79.0,22.8
2022-12-12 21:00:00,0.0,1007.7,19.5,140.0,18.4,0.409117,79.0,23.3
2022-12-12 22:00:00,0.0,1007.7,19.5,140.0,18.4,0.421219,79.0,23.3
2022-12-12 23:00:00,0.0,1006.3,18.3,150.0,22.3,0.454876,76.0,22.8
2022-12-13 00:00:00,0.0,1006.3,18.3,150.0,22.3,0.525184,76.0,22.8
2022-12-13 01:00:00,0.0,1007.6,18.9,130.0,24.1,0.5219,84.0,21.7
2022-12-13 02:00:00,0.0,1007.6,18.9,150.0,29.5,0.532388,84.0,21.7
2022-12-13 03:00:00,0.0,1007.8,18.9,130.0,22.3,0.51314,84.0,21.7
2022-12-13 04:00:00,0.0,1007.5,18.9,140.0,24.1,0.475277,84.0,21.7
2022-12-13 05:00:00,0.0,1007.5,18.9,140.0,24.1,0.457065,84.0,21.7
2022-12-13 06:00:00,0.0,1005.8,18.9,140.0,22.3,0.40053,87.0,21.1
2022-12-13 07:00:00,0.0,1005.6,18.9,150.0,24.1,0.371715,84.0,21.7
2022-12-13 08:00:00,0.0,1005.3,18.9,150.0,20.5,0.338578,87.0,21.1
2022-12-13 09:00:00,0.0,1005.0,18.9,140.0,16.6,0.30642,87.0,21.1
2022-12-13 10:00:00,0.2,1005.0,18.9,140.0,16.6,0.304518,87.0,21.1
2022-12-13 11:00:00,0.2,1004.5,18.9,140.0,14.8,0.360592,87.0,21.1
2022-12-13 12:00:00,0.2,1004.4,18.9,160.0,18.4,0.374308,87.0,21.1
2022-12-13 13:00:00,0.2,1005.0,18.9,160.0,14.8,0.421565,87.0,21.1
2022-12-13 14:00:00,0.2,1005.0,18.9,160.0,14.8,0.432284,87.0,21.1
2022-12-13 15:00:00,0.3,1005.4,18.9,160.0,16.6,0.422314,84.0,21.7
2022-12-13 16:00:00,0.0,1005.5,18.8,180.0,20.5,0.405198,76.0,23.3
2022-12-13 17:00:00,0.0,1004.9,19.0,180.0,16.6,0.426464,74.0,23.9
2022-12-13 18:00:00,0.0,1003.6,17.9,210.0,14.8,0.387448,67.0,24.4
2022-12-13 19:00:00,0.0,1003.6,17.9,210.0,14.8,0.420874,67.0,24.4
2022-12-13 20:00:00,0.0,1002.6,16.2,220.0,7.6,0.436491,56.0,25.6
2022-12-13 21:00:00,0.0,1002.5,15.5,260.0,7.6,0.466747,52.0,26.1
2022-12-13 22:00:00,0.0,1003.3,10.5,260.0,7.6,0.481904,49.0,21.7
2022-12-13 23:00:00,0.0,1003.3,10.5,350.0,16.6,0.485592,49.0,21.7
2022-12-14 00:00:00,0.0,1004.2,7.7,10.0,11.2,0.513024,45.0,20.0
2022-12-14 01:00:00,0.0,1004.9,6.7,350.0,14.8,0.500807,42.0,20.0
2022-12-14 02:00:00,0.0,1005.7,4.3,360.0,14.8,0.501844,38.0,18.9
2022-12-14 03:00:00,0.0,1006.2,4.3,360.0,16.6,0.466747,38.0,18.9
2022-12-14 04:00:00,0.0,1006.5,5.2,40.0,7.6,0.430844,42.0,18.3
2022-12-14 05:00:00,0.0,1006.5,5.2,40.0,7.6,0.378746,42.0,18.3
2022-12-14 06:00:00,0.0,1005.9,4.4,10.0,7.6,0.338578,41.0,17.8
2022-12-14 07:00:00,0.0,1006.0,2.1,360.0,11.2,0.306766,35.0,17.8
2022-12-14 08:00:00,0.0,1005.9,1.7,350.0,14.8,0.313047,34.0,17.8
2022-12-14 09:00:00,0.0,1006.5,1.6,340.0,14.8,0.301867,35.0,17.2
2022-12-14 10:00:00,0.0,1006.5,1.6,340.0,14.8,0.289938,35.0,17.2
2022-12-14 11:00:00,0.0,1007.9,-1.0,320.0,16.6,0.301464,31.0,16.1
2022-12-14 12:00:00,0.0,1008.4,-1.5,340.0,24.1,0.338693,31.0,15.6
2022-12-14 13:00:00,0.0,1009.4,-1.6,340.0,18.4,0.361111,32.0,15.0
2022-12-14 14:00:00,0.0,1009.4,-1.6,340.0,18.4,0.357884,32.0,15.0
2022-12-14 15:00:00,0.0,1011.2,-3.0,320.0,22.3,0.305671,25.0,17.2
2022-12-14 16:00:00,0.0,1011.1,-3.3,320.0,22.3,0.288728,22.0,18.9
2022-12-14 17:00:00,0.0,1010.2,-1.9,310.0,29.5,0.265503,22.0,20.6
2022-12-14 18:00:00,0.0,1009.3,-4.9,310.0,29.5,0.268038,17.0,21.1
2022-12-14 19:00:00,0.0,1009.3,-4.9,300.0,29.5,0.264177,17.0,21.1
2022-12-14 20:00:00,0.0,1008.4,-7.9,300.0,27.7,0.277374,14.0,20.6
2022-12-14 21:00:00,0.0,1009.0,-8.3,300.0,22.3,0.294779,14.0,20.0
2022-12-14 22:00:00,0.0,1009.0,-8.3,300.0,22.3,0.3429,14.0,20.0
2022-12-14 23:00:00,0.0,1009.8,-8.3,300.0,22.3,0.380705,15.0,18.9
2022-12-15 00:00:00,0.0,1010.8,-6.3,320.0,11.2,0.434186,21.0,16.1
2022-12-15 01:00:00,0.0,1012.8,-4.5,300.0,5.4,0.441851,31.0,12.2
2022-12-15 02:00:00,0.0,1013.6,-4.9,0.0,0.0,0.465364,31.0,11.7
2022-12-15 03:00:00,0.0,1013.8,-4.4,0.0,0.0,0.452282,36.0,10.0
2022-12-15 04:00:00,0.0,1013.8,-4.4,0.0,0.0,0.425772,36.0,10.0
2022-12-15 05:00:00,0.0,1014.4,-2.8,320.0,5.4,0.390042,47.0,7.8
2022-12-15 06:00:00,0.0,1014.4,-2.3,310.0,5.4,0.339154,51.0,7.2
2022-12-15 07:00:00,0.0,1014.6,-1.7,310.0,7.6,0.323306,62.0,5.0
2022-12-15 08:00:00,0.0,1014.6,-2.3,260.0,5.4,0.316736,64.0,3.9
2022-12-15 09:00:00,0.0,1015.6,-2.2,310.0,7.6,0.321692,62.0,4.4
2022-12-15 10:00:00,0.0,1015.6,-2.2,310.0,7.6,0.310339,62.0,4.4
2022-12-15 11:00:00,0.0,1017.1,-1.8,310.0,7.6,0.345954,75.0,2.2
2022-12-15 12:00:00,0.0,1017.1,-1.8,310.0,7.6,0.402029,75.0,2.2
2022-12-15 13:00:00,0.0,1017.8,-1.1,300.0,9.4,0.458852,73.0,3.3
2022-12-15 14:00:00,0.0,1017.8,-1.1,300.0,9.4,0.431189,73.0,3.3
2022-12-15 15:00:00,0.0,1018.5,-1.0,130.0,9.4,0.381628,43.0,11.1
2022-12-15 16:00:00,0.0,1018.1,-2.2,130.0,9.4,0.320885,34.0,13.3
2022-12-15 17:00:00,0.0,1017.4,-2.1,0.0,0.0,0.288439,32.0,14.4
2022-12-15 18:00:00,0.0,1017.4,-2.1,0.0,0.0,0.28769,32.0,14.4
2022-12-15 19:00:00,0.0,1015.9,-2.0,170.0,13.0,0.278642,29.0,16.1
2022-12-15 20:00:00,0.0,1014.0,-1.5,220.0,13.0,0.294375,26.0,18.3
2022-12-15 21:00:00,0.0,1013.8,-2.1,180.0,14.8,0.292589,25.0,18.3
2022-12-15 22:00:00,0.0,1013.7,-2.5,200.0,9.4,0.326648,25.0,17.8
2022-12-15 23:00:00,0.0,1013.7,-2.5,200.0,9.4,0.36065,25.0,17.8
2022-12-16 00:00:00,0.0,1013.8,-2.4,170.0,9.4,0.425369,27.0,16.7
2022-12-16 01:00:00,0.0,1014.9,-0.1,0.0,0.0,0.448594,41.0,12.8
2022-12-16 02:00:00,0.0,1015.3,1.1,290.0,5.4,0.450265,56.0,9.4
2022-12-16 03:00:00,0.0,1015.5,1.1,0.0,0.0,0.440929,58.0,8.9
2022-12-16 04:00:00,0.0,1015.5,1.1,0.0,0.0,0.417762,58.0,8.9
2022-12-16 05:00:00,0.0,1015.6,5.6,140.0,7.6,0.385085,71.0,10.6
2022-12-16 06:00:00,0.0,1015.3,3.3,340.0,5.4,0.364857,76.0,7.2
2022-12-16 07:00:00,0.0,1014.9,3.3,310.0,7.6,0.337195,79.0,6.7
2022-12-16 08:00:00,0.0,1014.7,3.3,300.0,7.6,0.326879,79.0,6.7
2022-12-16 09:00:00,0.0,1014.7,3.3,300.0,7.6,0.312817,79.0,6.7
2022-12-16 10:00:00,0.0,1014.7,4.4,310.0,7.6,0.308725,89.0,6.1
2022-12-16 11:00:00,0.0,1015.0,4.4,0.0,0.0,0.347856,85.0,6.7
2022-12-16 12:00:00,0.0,1015.7,6.1,300.0,5.4,0.381051,86.0,8.3
2022-12-16 13:00:00,0.0,1015.7,6.1,300.0,5.4,0.428193,86.0,8.3
2022-12-16 14:00:00,0.0,1016.3,7.9,40.0,7.6,0.42704,75.0,12.2
2022-12-16 15:00:00,0.0,1016.6,8.2,20.0,5.4,0.357711,64.0,15.0
2022-12-16 16:00:00,0.0,1016.6,9.5,0.0,0.0,0.324285,67.0,15.6
2022-12-16 17:00:00,0.0,1015.6,10.7,200.0,11.2,0.313278,59.0,18.9
2022-12-16 18:00:00,0.0,1015.6,10.7,200.0,11.2,0.28187,59.0,18.9
2022-12-16 19:00:00,0.0,1014.1,11.2,200.0,11.2,0.270401,57.0,20.0
2022-12-16 20:00:00,0.0,1013.7,9.9,30.0,11.2,0.293684,58.0,18.3
2022-12-16 21:00:00,0.0,1013.7,9.9,30.0,18.4,0.30325,58.0,18.3
2022-12-16 22:00:00,0.0,1015.0,6.2,10.0,25.9,0.355809,52.0,16.1
2022-12-16 23:00:00,0.0,1016.1,4.0,360.0,31.7,0.369064,55.0,12.8
2022-12-17 00:00:00,0.0,1017.8,1.8,20.0,20.5,0.415802,59.0,9.4
2022-12-17 01:00:00,0.0,1017.8,1.8,20.0,20.5,0.422026,59.0,9.4
2022-12-17 02:00:00,0.0,1018.7,0.5,20.0,22.3,0.422948,58.0,8.3
2022-12-17 03:00:00,0.0,1019.5,-1.2,10.0,24.1,0.412863,53.0,7.8
2022-12-17 04:00:00,0.0,1020.4,-2.8,20.0,18.4,0.406178,47.0,7.8
2022-12-17 05:00:00,0.0,1020.4,-4.3,20.0,18.4,0.409809,44.0,7.2
2022-12-17 06:00:00,0.0,1019.9,-4.3,20.0,11.2,0.390906,44.0,7.2
2022-12-17 07:00:00,0.0,1020.0,-4.4,10.0,13.0,0.370966,45.0,6.7
2022-12-17 08:00:00,0.0,1020.0,-4.4,10.0,13.0,0.341574,45.0,6.7
2022-12-17 09:00:00,0.0,1019.9,-4.4,10.0,16.6,0.333737,45.0,6.7
2022-12-17 10:00:00,0.0,1020.0,-4.4,20.0,16.6,0.328089,45.0,6.7
2022-12-17 11:00:00,0.0,1020.0,-6.2,360.0,16.6,0.336964,38.0,7.2
2022-12-17 12:00:00,0.0,1021.1,-5.0,20.0,11.2,0.338635,43.0,6.7
2022-12-17 13:00:00,0.0,1021.1,-5.0,20.0,11.2,0.357941,43.0,6.7
2022-12-17 14:00:00,0.0,1023.5,-4.0,0.0,0.0,0.336906,43.0,7.8
2022-12-17 15:00:00,0.0,1024.4,-3.9,310.0,7.6,0.412344,39.0,9.4
2022-12-17 16:00:00,0.0,1023.8,-5.0,60.0,13.0,0.397649,32.0,11.1
2022-12-17 17:00:00,0.0,1023.1,-6.2,60.0,7.6,0.399608,28.0,11.7
2022-12-17 18:00:00,0.0,1023.1,-6.2,340.0,7.6,0.297257,28.0,11.7
2022-12-17 19:00:00,0.0,1020.7,-4.9,340.0,9.4,0.285154,26.0,14.4
2022-12-17 20:00:00,0.0,1020.1,-4.9,0.0,0.0,0.274435,25.0,15.0
2022-12-17 21:00:00,0.0,1020.0,-6.0,0.0,7.6,0.304806,23.0,15.0
2022-12-17 22:00:00,0.0,1020.0,-6.0,40.0,7.6,0.329011,23.0,15.0
2022-12-17 23:00:00,0.0,1020.2,-5.4,40.0,7.6,0.372464,25.0,14.4
2022-12-18 00:00:00,0.0,1021.5,-3.2,150.0,13.0,0.425887,41.0,9.4
2022-12-18 01:00:00,0.0,1022.2,-3.3,90.0,5.4,0.439776,42.0,8.9
2022-12-18 02:00:00,0.0,1022.2,-3.3,90.0,5.4,0.433725,42.0,8.9
2022-12-18 03:00:00,0.0,1022.8,-2.8,0.0,0.0,0.42704,49.0,7.2
2022-12-18 04:00:00,0.0,1023.2,-2.8,0.0,0.0,0.451187,49.0,7.2
2022-12-18 05:00:00,0.0,1023.7,-1.7,310.0,5.4,0.445021,67.0,3.9
2022-12-18 06:00:00,0.0,1023.3,-2.2,340.0,5.4,0.442427,67.0,3.3
2022-12-18 07:00:00,0.0,1023.0,-2.7,320.0,5.4,0.386814,70.0,2.2
2022-12-18 08:00:00,0.0,1023.0,-2.7,320.0,5.4,0.372464,70.0,2.2
2022-12-18 09:00:00,0.0,1023.2,-3.4,280.0,5.4,0.370851,69.0,1.7
2022-12-18 10:00:00,0.0,1023.3,-3.4,300.0,5.4,0.366355,69.0,1.7
2022-12-18 11:00:00,0.0,1023.3,-4.3,0.0,0.0,0.377363,62.0,2.2
2022-12-18 12:00:00,0.0,1023.3,-4.3,0.0,0.0,0.393557,62.0,2.2
2022-12-18 13:00:00,0.0,1024.3,-4.0,360.0,7.6,0.404161,61.0,2.8
2022-12-18 14:00:00,0.0,1025.1,-5.7,90.0,9.4,0.419721,44.0,5.6
2022-12-18 15:00:00,0.0,1025.8,-5.5,80.0,7.6,0.44041,40.0,7.2
2022-12-18 16:00:00,0.0,1025.3,-5.0,80.0,7.6,0.445136,37.0,8.9
2022-12-18 17:00:00,0.0,1025.3,-5.0,80.0,7.6,0.445424,37.0,8.9
2022-12-18 18:00:00,0.0,1023.0,-8.6,120.0,11.2,0.421623,25.0,10.6
2022-12-18 19:00:00,0.0,1021.9,-7.7,120.0,11.2,0.382953,26.0,11.1
2022-12-18 20:00:00,0.0,1021.3,-7.2,90.0,13.0,0.417877,27.0,11.1
2022-12-18 21:00:00,0.0,1021.3,-7.2,90.0,13.0,0.409117,27.0,11.1
2022-12-18 22:00:00,0.0,1021.1,-7.7,90.0,16.6,0.431017,26.0,11.1
2022-12-18 23:00:00,0.0,1021.1,-7.2,90.0,14.8,0.445539,28.0,10.6
2022-12-19 00:00:00,0.0,1021.1,-7.2,90.0,14.8,0.474297,28.0,10.6
2022-12-19 01:00:00,0.0,1021.8,-5.0,100.0,14.8,0.489569,33.0,10.6
2022-12-19 02:00:00,0.0,1021.8,-5.0,100.0,14.8,0.493834,33.0,10.6
2022-12-19 03:00:00,0.0,1022.2,-4.0,100.0,11.2,0.475565,37.0,10.0
2022-12-19 04:00:00,0.0,1021.8,-1.7,90.0,11.2,0.455221,44.0,10.0
2022-12-19 05:00:00,0.0,1021.1,-0.5,70.0,9.4,0.450899,48.0,10.0
2022-12-19 06:00:00,0.0,1020.6,1.8,70.0,9.4,0.408656,59.0,9.4
2022-12-19 07:00:00,0.0,1020.6,1.8,70.0,9.4,0.381685,59.0,9.4
2022-12-19 08:00:00,0.4,1019.7,5.0,40.0,13.0,0.349355,89.0,6.7
2022-12-19 09:00:00,0.3,1019.8,5.6,10.0,9.4,0.344053,93.0,6.7
2022-12-19 10:00:00,0.8,1019.0,6.1,30.0,13.0,0.340134,93.0,7.2
2022-12-19 11:00:00,1.3,1019.0,6.1,30.0,13.0,0.35846,93.0,7.2
2022-12-19 12:00:00,1.0,1018.4,6.8,40.0,11.2,0.372695,97.0,7.2
2022-12-19 13:00:00,2.3,1019.7,6.7,340.0,16.6,0.386295,93.0,7.8
2022-12-19 14:00:00,0.5,1019.7,6.7,340.0,16.6,0.407273,93.0,7.8
2022-12-19 15:00:00,1.0,1019.3,7.2,10.0,14.8,0.404161,93.0,8.3
2022-12-19 16:00:00,0.3,1020.4,7.8,20.0,11.2,0.415687,93.0,8.9
2022-12-19 17:00:00,0.3,1020.4,7.8,20.0,11.2,0.403873,93.0,8.9
2022-12-19 18:00:00,0.3,1018.7,7.8,30.0,14.8,0.403181,90.0,9.4
2022-12-19 19:00:00,0.2,1017.7,8.3,20.0,14.8,0.404507,89.0,10.0
2022-12-19 20:00:00,0.0,1017.8,8.3,40.0,11.2,0.397418,89.0,10.0
2022-12-19 21:00:00,0.0,1017.8,8.3,40.0,11.2,0.395055,89.0,10.0
2022-12-19 22:00:00,0.0,1018.4,8.3,30.0,11.2,0.397072,89.0,10.0
2022-12-19 23:00:00,0.0,1018.4,8.3,30.0,11.2,0.420528,89.0,10.0
2022-12-20 00:00:00,0.0,1018.7,8.3,20.0,16.6,0.471242,89.0,10.0
2022-12-20 01:00:00,0.0,1019.4,8.3,20.0,9.4,0.463347,93.0,9.4
2022-12-20 02:00:00,0.0,1020.1,7.8,50.0,7.6,0.470551,90.0,9.4
2022-12-20 03:00:00,0.0,1021.3,7.8,50.0,14.8,0.449919,90.0,9.4
2022-12-20 04:00:00,0.0,1021.8,8.3,20.0,9.4,0.451648,93.0,9.4
2022-12-20 05:00:00,0.0,1021.8,8.3,20.0,9.4,0.428077,93.0,9.4
2022-12-20 06:00:00,0.0,1021.9,7.8,30.0,11.2,0.392693,93.0,8.9
2022-12-20 07:00:00,0.0,1021.9,7.9,30.0,7.6,0.3497,97.0,8.3
2022-12-20 08:00:00,0.0,1022.0,7.9,10.0,7.6,0.325553,97.0,8.3
2022-12-20 09:00:00,0.0,1022.0,7.9,10.0,7.6,0.32636,97.0,8.3
2022-12-20 10:00:00,0.0,1022.3,7.2,280.0,9.4,0.324343,96.0,7.8
2022-12-20 11:00:00,0.0,1025.0,7.2,280.0,9.4,0.322038,96.0,7.8
2022-12-20 12:00:00,0.0,1023.8,7.2,350.0,5.4,0.350334,96.0,7.8
2022-12-20 13:00:00,0.0,1025.7,6.1,340.0,16.6,0.366298,93.0,7.2
2022-12-20 14:00:00,0.0,1026.9,6.7,350.0,18.4,0.383414,93.0,7.8
2022-12-20 15:00:00,0.0,1026.9,6.7,350.0,18.4,0.388716,93.0,7.8
2022-12-20 16:00:00,0.0,1027.6,7.8,360.0,18.4,0.395632,90.0,9.4
2022-12-20 17:00:00,0.0,1027.9,8.3,10.0,11.2,0.408253,83.0,11.1
2022-12-20 18:00:00,0.0,1027.2,7.8,360.0,20.5,0.406408,77.0,11.7
2022-12-20 19:00:00,0.0,1026.2,7.8,40.0,20.5,0.39494,77.0,11.7
2022-12-20 20:00:00,0.0,1026.0,7.2,30.0,18.4,0.382895,77.0,11.1
2022-12-20 21:00:00,0.0,1026.0,7.2,30.0,18.4,0.392635,77.0,11.1
2022-12-20 22:00:00,0.0,1026.1,7.2,20.0,16.6,0.40468,74.0,11.7
2022-12-20 23:00:00,0.0,1026.4,7.2,40.0,14.8,0.436607,77.0,11.1
2022-12-21 00:00:00,0.0,1027.0,7.3,30.0,9.4,0.457411,80.0,10.6
2022-12-21 01:00:00,0.0,1027.7,6.2,30.0,13.0,0.461272,74.0,10.6
2022-12-21 02:00:00,0.0,1027.7,6.2,30.0,13.0,0.451533,74.0,10.6
2022-12-21 03:00:00,0.0,1027.8,5.6,40.0,9.4,0.465018,80.0,8.9
2022-12-21 04:00:00,0.0,1028.0,5.1,20.0,7.6,0.457411,83.0,7.8
2022-12-21 05:00:00,0.0,1027.3,5.0,10.0,9.4,0.436319,89.0,6.7
2022-12-21 06:00:00,0.0,1026.5,4.4,360.0,5.4,0.393557,89.0,6.1
2022-12-21 07:00:00,0.0,1025.8,3.4,300.0,11.2,0.371196,93.0,4.4
2022-12-21 08:00:00,0.0,1025.8,3.4,300.0,11.2,0.364281,93.0,4.4
2022-12-21 09:00:00,0.0,1024.5,2.3,0.0,0.0,0.358114,93.0,3.3
2022-12-21 10:00:00,0.0,1024.7,2.7,310.0,5.4,0.358172,89.0,4.4
2022-12-21 11:00:00,0.0,1024.3,2.9,340.0,5.4,0.3716,93.0,3.9
2022-12-21 12:00:00,0.0,1024.4,2.3,0.0,0.0,0.401279,93.0,3.3
2022-12-21 13:00:00,0.0,1024.4,2.3,0.0,0.0,0.431189,93.0,3.3
2022-12-21 14:00:00,0.0,1024.6,1.8,100.0,5.4,0.445367,93.0,2.8
2022-12-21 15:00:00,0.0,1025.4,3.4,60.0,9.4,0.427098,93.0,4.4
2022-12-21 16:00:00,0.0,1025.4,3.3,60.0,7.6,0.435339,96.0,3.9
2022-12-21 17:00:00,0.0,1024.0,4.4,0.0,0.0,0.421623,96.0,5.0
2022-12-21 18:00:00,0.0,1023.4,4.4,190.0,5.4,0.41828,92.0,5.6
2022-12-21 19:00:00,0.0,1020.4,4.4,0.0,0.0,0.417358,79.0,7.8
2022-12-21 20:00:00,0.0,1019.4,5.1,0.0,5.4,0.405083,77.0,8.9
2022-12-21 21:00:00,0.0,1019.0,5.0,180.0,7.6,0.403066,74.0,9.4
2022-12-21 22:00:00,0.0,1018.3,5.0,190.0,11.2,0.413209,74.0,9.4
2022-12-21 23:00:00,0.0,1018.3,5.0,190.0,11.2,0.432342,74.0,9.4
2022-12-22 00:00:00,0.0,1017.5,4.3,190.0,7.6,0.46669,82.0,7.2
2022-12-22 01:00:00,0.0,1017.6,4.3,200.0,5.4,0.481904,82.0,7.2
2022-12-22 02:00:00,0.0,1017.5,5.0,200.0,7.6,0.500288,89.0,6.7
2022-12-22 03:00:00,0.0,1017.5,5.0,200.0,7.6,0.488013,89.0,6.7
2022-12-22 04:00:00,0.0,1017.4,4.4,250.0,5.4,0.498041,89.0,6.1
2022-12-22 05:00:00,0.0,1017.4,4.4,250.0,5.4,0.468707,89.0,6.1
2022-12-22 06:00:00,0.0,1016.2,5.0,200.0,7.6,0.425484,86.0,7.2
2022-12-22 07:00:00,0.0,1015.4,5.0,200.0,9.4,0.386411,86.0,7.2
2022-12-22 08:00:00,0.0,1015.4,5.0,200.0,9.4,0.363301,86.0,7.2
2022-12-22 09:00:00,0.0,1014.3,5.6,200.0,9.4,0.356731,83.0,8.3
2022-12-22 10:00:00,0.0,1013.8,6.1,0.0,0.0,0.346876,86.0,8.3
2022-12-22 11:00:00,0.0,1013.9,6.2,220.0,7.6,0.35627,83.0,8.9
2022-12-22 12:00:00,0.0,1014.1,6.7,240.0,5.4,0.371715,83.0,9.4
2022-12-22 13:00:00,0.0,1014.1,6.7,240.0,5.4,0.384048,83.0,9.4
2022-12-22 14:00:00,0.0,1014.6,7.8,250.0,11.2,0.385834,83.0,10.6
2022-12-22 15:00:00,0.0,1014.6,7.8,250.0,11.2,0.391021,83.0,10.6
2022-12-22 16:00:00,0.0,1015.0,8.9,260.0,13.0,0.381743,77.0,12.8
2022-12-22 17:00:00,0.0,1014.9,10.0,240.0,25.9,0.366759,75.0,14.4
2022-12-22 18:00:00,0.0,1015.9,9.3,310.0,24.1,0.388774,74.0,13.9
2022-12-22 19:00:00,0.0,1014.7,10.1,360.0,24.1,0.280198,65.0,16.7
2022-12-22 20:00:00,0.0,1017.8,-1.1,360.0,38.9,0.310281,62.0,5.6
2022-12-22 21:00:00,0.0,1017.8,-1.1,360.0,40.7,0.292646,62.0,5.6
2022-12-22 22:00:00,0.0,1019.8,-5.7,350.0,42.5,0.343246,58.0,1.7
2022-12-22 23:00:00,0.0,1021.9,-7.9,340.0,37.1,0.44796,60.0,-1.1
2022-12-23 00:00:00,0.0,1025.6,-10.0,360.0,38.9,0.56322,60.0,-3.3
2022-12-23 01:00:00,0.0,1027.8,-11.8,360.0,40.7,0.609901,59.0,-5.0
2022-12-23 02:00:00,0.0,1027.8,-11.8,360.0,44.6,0.646611,59.0,-5.0
2022-12-23 03:00:00,0.0,1031.3,-13.8,350.0,38.9,0.682688,57.0,-6.7
2022-12-23 04:00:00,0.0,1032.3,-14.9,360.0,24.1,0.703089,52.0,-6.7
2022-12-23 05:00:00,0.0,1032.3,-14.9,360.0,29.5,0.66707,52.0,-6.7
2022-12-23 06:00:00,0.0,1034.8,-17.2,360.0,31.7,0.638601,47.0,-7.8
2022-12-23 07:00:00,0.0,1035.8,-17.7,10.0,29.5,0.634106,45.0,-7.8
2022-12-23 08:00:00,0.0,1035.8,-17.7,10.0,29.5,0.614857,45.0,-7.8
2022-12-23 09:00:00,0.0,1036.6,-18.4,360.0,25.9,0.631455,44.0,-8.3
2022-12-23 10:00:00,0.0,1037.8,-18.2,340.0,22.3,0.624942,47.0,-8.9
2022-12-23 11:00:00,0.0,1038.1,-19.0,360.0,18.4,0.63059,44.0,-8.9
2022-12-23 12:00:00,0.0,1038.1,-19.0,360.0,18.4,0.612898,44.0,-8.9
2022-12-23 13:00:00,0.0,1039.4,-19.5,340.0,20.5,0.642462,42.0,-8.9
2022-12-23 14:00:00,0.0,1040.1,-19.4,340.0,20.5,0.641713,37.0,-7.2
2022-12-23 15:00:00,0.0,1040.1,-19.4,360.0,25.9,0.627075,37.0,-7.2
2022-12-23 16:00:00,0.0,1040.8,-20.1,350.0,31.7,0.584601,32.0,-6.1
2022-12-23 17:00:00,0.0,1039.9,-18.8,350.0,22.3,0.530429,28.0,-2.8
2022-12-23 18:00:00,0.0,1038.3,-18.7,350.0,22.3,0.512852,26.0,-1.7
2022-12-23 19:00:00,0.0,1036.9,-18.7,10.0,25.9,0.478331,24.0,-0.6
2022-12-23 20:00:00,0.0,1035.9,-18.2,360.0,24.1,0.45597,23.0,0.6
2022-12-23 21:00:00,0.0,1035.9,-18.2,360.0,24.1,0.442716,23.0,0.6
2022-12-23 22:00:00,0.0,1035.5,-17.7,30.0,18.4,0.463693,25.0,0.0
2022-12-23 23:00:00,0.0,1035.5,-17.7,30.0,18.4,0.528124,25.0,0.0
2022-12-24 00:00:00,0.0,1035.7,-17.9,30.0,13.0,0.559878,28.0,-1.7
2022-12-24 01:00:00,0.0,1036.2,-17.0,350.0,11.2,0.580855,30.0,-1.7
2022-12-24 02:00:00,0.0,1037.2,-16.7,360.0,13.0,0.596012,32.0,-2.2
2022-12-24 03:00:00,0.0,1037.3,-16.2,20.0,7.6,0.616817,35.0,-2.8
2022-12-24 04:00:00,0.0,1037.6,-17.1,10.0,14.8,0.639062,31.0,-2.2
2022-12-24 05:00:00,0.0,1037.6,-17.1,10.0,14.8,0.596704,31.0,-2.2
2022-12-24 06:00:00,0.0,1037.4,-16.5,350.0,16.6,0.586157,34.0,-2.8
2022-12-24 07:00:00,0.0,1037.3,-17.1,20.0,7.6,0.568465,35.0,-3.9
2022-12-24 08:00:00,0.0,1037.5,-16.8,360.0,11.2,0.55959,39.0,-5.0
2022-12-24 09:00:00,0.0,1037.2,-16.2,360.0,5.4,0.570309,43.0,-5.6
2022-12-24 10:00:00,0.0,1036.6,-16.8,10.0,7.6,0.56858,41.0,-5.6
2022-12-24 11:00:00,0.0,1036.6,-16.8,10.0,7.6,0.587252,41.0,-5.6
2022-12-24 12:00:00,0.0,1036.9,-13.9,330.0,9.4,0.607596,59.0,-7.2
2022-12-24 13:00:00,0.0,1037.2,-13.8,330.0,9.4,0.604484,57.0,-6.7
2022-12-24 14:00:00,0.0,1037.7,-16.2,350.0,14.8,0.616586,38.0,-3.9
2022-12-24 15:00:00,0.0,1038.3,-17.9,40.0,13.0,0.569617,29.0,-2.2
2022-12-24 16:00:00,0.0,1037.7,-17.8,0.0,0.0,0.521554,27.0,-1.1
2022-12-24 17:00:00,0.0,1037.7,-17.8,0.0,0.0,0.491413,27.0,-1.1
2022-12-24 18:00:00,0.0,1034.9,-17.3,160.0,7.6,0.440065,24.0,1.1
2022-12-24 19:00:00,0.0,1033.6,-18.5,160.0,5.4,0.40831,20.0,2.2
2022-12-24 20:00:00,0.0,1033.1,-18.0,0.0,0.0,0.388889,20.0,2.8
2022-12-24 21:00:00,0.0,1033.1,-18.0,0.0,0.0,0.413612,20.0,2.8
2022-12-24 22:00:00,0.0,1032.2,-19.0,0.0,0.0,0.440468,17.0,3.9
2022-12-24 23:00:00,0.0,1031.7,-19.0,130.0,7.6,0.493834,17.0,3.9
2022-12-25 00:00:00,0.0,1031.9,-15.9,130.0,11.2,0.553942,27.0,1.1
2022-12-25 01:00:00,0.0,1032.3,-15.1,130.0,9.4,0.579184,31.0,0.0
2022-12-25 02:00:00,0.0,1032.8,-14.6,100.0,5.4,0.549216,34.0,-0.6
2022-12-25 03:00:00,0.0,1032.9,-15.4,0.0,0.0,0.560454,29.0,0.6
2022-12-25 04:00:00,0.0,1033.0,-11.8,300.0,5.4,0.560396,44.0,-1.1
2022-12-25 05:00:00,0.0,1033.1,-10.6,310.0,5.4,0.562644,55.0,-2.8
2022-12-25 06:00:00,0.0,1032.8,-10.0,300.0,9.4,0.541148,60.0,-3.3
2022-12-25 07:00:00,0.0,1031.8,-11.8,310.0,7.6,0.539707,52.0,-3.3
2022-12-25 08:00:00,0.0,1031.5,-11.6,310.0,7.6,0.536941,57.0,-4.4
2022-12-25 09:00:00,0.0,1031.3,-11.0,300.0,9.4,0.536999,60.0,-4.4
2022-12-25 10:00:00,0.0,1031.3,-11.0,300.0,9.4,0.522994,60.0,-4.4
2022-12-25 11:00:00,0.0,1031.5,-11.8,300.0,7.6,0.539131,59.0,-5.0
2022-12-25 12:00:00,0.0,1032.1,-11.7,310.0,11.2,0.539189,62.0,-5.6
2022-12-25 13:00:00,0.0,1032.1,-11.7,310.0,11.2,0.556766,62.0,-5.6
2022-12-25 14:00:00,0.0,1032.4,-12.2,0.0,0.0,0.545528,41.0,-0.6
2022-12-25 15:00:00,0.0,1032.4,-12.2,0.0,0.0,0.509451,41.0,-0.6
2022-12-25 16:00:00,0.0,1032.5,-16.5,0.0,0.0,0.440814,18.0,6.1
2022-12-25 17:00:00,0.0,1031.1,-18.1,0.0,0.0,0.392635,14.0,7.8
2022-12-25 18:00:00,0.0,1029.2,-19.5,130.0,9.4,0.36042,12.0,8.3
2022-12-25 19:00:00,0.0,1027.7,-18.6,130.0,11.2,0.341863,12.0,9.4
2022-12-25 20:00:00,0.0,1027.7,-18.6,190.0,11.2,0.325207,12.0,9.4
2022-12-25 21:00:00,0.0,1026.3,-13.3,190.0,7.6,0.319099,18.0,10.0
2022-12-25 22:00:00,0.0,1026.3,-13.3,220.0,7.6,0.363474,18.0,10.0
2022-12-25 23:00:00,0.0,1025.8,-11.1,190.0,11.2,0.401395,24.0,8.3
2022-12-26 00:00:00,0.0,1025.8,-11.1,190.0,11.2,0.454242,24.0,8.3
2022-12-26 01:00:00,0.0,1025.9,-10.6,200.0,7.6,0.464096,27.0,7.2
2022-12-26 02:00:00,0.0,1025.0,-11.1,200.0,7.6,0.473951,29.0,5.6
2022-12-26 03:00:00,0.0,1025.0,-11.1,200.0,7.6,0.478158,29.0,5.6
2022-12-26 04:00:00,0.0,1025.2,-11.2,200.0,7.6,0.477178,30.0,5.0
2022-12-26 05:00:00,0.0,1025.1,-9.0,0.0,0.0,0.474643,45.0,1.7
2022-12-26 06:00:00,0.0,1024.8,-7.7,320.0,7.6,0.463232,56.0,0.0
2022-12-26 07:00:00,0.0,1023.6,-7.3,0.0,0.0,0.447556,63.0,-1.1
2022-12-26 08:00:00,0.0,1023.4,-7.1,270.0,5.4,0.445021,69.0,-2.2
2022-12-26 09:00:00,0.0,1023.4,-7.7,310.0,7.6,0.453319,66.0,-2.2
2022-12-26 10:00:00,0.0,1023.4,-7.7,310.0,7.6,0.450841,66.0,-2.2
2022-12-26 11:00:00,0.0,1022.0,-8.3,230.0,5.4,0.466747,58.0,-1.1
2022-12-26 12:00:00,0.0,1022.1,-9.0,270.0,7.6,0.486572,55.0,-1.1
2022-12-26 13:00:00,0.0,1022.8,-9.0,300.0,11.2,0.494525,55.0,-1.1
2022-12-26 14:00:00,0.0,1023.3,-8.8,300.0,9.4,0.486342,39.0,3.9
2022-12-26 15:00:00,0.0,1023.3,-8.8,240.0,9.4,0.437298,39.0,3.9
2022-12-26 16:00:00,0.0,1024.0,-8.6,260.0,14.8,0.402951,25.0,10.6
2022-12-26 17:00:00,0.0,1023.4,-2.6,250.0,18.4,0.361226,33.0,13.3
2022-12-26 18:00:00,0.0,1022.5,-2.1,230.0,11.2,0.322441,32.0,14.4
2022-12-26 19:00:00,0.0,1021.9,-3.4,220.0,9.4,0.309763,26.0,16.1
2022-12-26 20:00:00,0.0,1021.9,-3.4,220.0,9.4,0.304057,26.0,16.1
2022-12-26 21:00:00,0.0,1022.0,-6.7,350.0,11.2,0.308091,17.0,18.9
2022-12-26 22:00:00,0.0,1022.0,-6.7,350.0,11.2,0.330048,17.0,18.9
2022-12-26 23:00:00,0.0,1023.1,-6.1,20.0,9.4,0.356328,22.0,15.6
2022-12-27 00:00:00,0.0,1023.1,-6.1,20.0,9.4,0.413036,22.0,15.6
2022-12-27 01:00:00,0.0,1025.3,-5.2,300.0,7.6,0.442312,34.0,10.0
2022-12-27 02:00:00,0.0,1025.9,-4.3,310.0,9.4,0.447441,44.0,7.2
2022-12-27 03:00:00,0.0,1025.9,-4.3,310.0,9.4,0.444041,44.0,7.2
2022-12-27 04:00:00,0.0,1026.7,-4.0,320.0,11.2,0.431132,50.0,5.6
2022-12-27 05:00:00,0.0,1027.2,-4.0,320.0,11.2,0.417185,50.0,5.6
2022-12-27 06:00:00,0.0,1026.3,-3.2,340.0,11.2,0.386872,53.0,5.6
2022-12-27 07:00:00,0.0,1026.3,-3.4,290.0,7.6,0.367393,59.0,3.9
2022-12-27 08:00:00,0.0,1026.5,-3.4,320.0,7.6,0.371139,69.0,1.7
2022-12-27 09:00:00,0.0,1026.5,-3.4,320.0,7.6,0.367969,69.0,1.7
2022-12-27 10:00:00,0.0,1026.6,-3.4,320.0,7.6,0.374193,69.0,1.7
2022-12-27 11:00:00,0.0,1027.1,-3.3,330.0,11.2,0.400069,75.0,0.6
2022-12-27 12:00:00,0.0,1027.2,-3.3,0.0,0.0,0.408887,75.0,0.6
2022-12-27 13:00:00,0.0,1027.5,-2.8,0.0,0.0,0.458737,78.0,0.6
2022-12-27 14:00:00,0.0,1027.5,-2.8,0.0,0.0,0.462771,78.0,0.6
2022-12-27 15:00:00,0.0,1027.5,-1.8,0.0,0.0,0.408426,57.0,6.1
2022-12-27 16:00:00,0.0,1026.9,-1.6,130.0,9.4,0.350104,46.0,9.4
2022-12-27 17:00:00,0.0,1026.9,-1.6,130.0,9.4,0.304749,46.0,9.4
2022-12-27 18:00:00,0.0,1026.1,-1.7,160.0,9.4,0.284924,41.0,11.1
2022-12-27 19:00:00,0.0,1024.2,-1.7,170.0,13.0,0.266194,38.0,12.2
2022-12-27 20:00:00,0.0,1022.7,-1.7,210.0,14.8,0.289073,34.0,13.9
2022-12-27 21:00:00,0.0,1021.1,-1.6,160.0,14.8,0.287517,32.0,15.0
2022-12-27 22:00:00,0.0,1020.4,-2.4,160.0,14.8,0.326245,29.0,15.6
2022-12-27 23:00:00,0.0,1019.3,-2.6,150.0,14.8,0.360823,33.0,13.3
2022-12-28 00:00:00,0.0,1019.3,-2.6,150.0,14.8,0.423237,33.0,13.3
2022-12-28 01:00:00,0.0,1019.2,-2.3,150.0,9.4,0.437241,39.0,11.1
2022-12-28 02:00:00,0.0,1018.6,-2.1,140.0,11.2,0.444156,46.0,8.9
2022-12-28 03:00:00,0.0,1017.9,-2.1,160.0,14.8,0.440237,41.0,10.6
2022-12-28 04:00:00,0.0,1017.9,-2.1,160.0,14.8,0.430498,41.0,10.6
2022-12-28 05:00:00,0.0,1017.4,-2.7,190.0,11.2,0.396266,44.0,8.9
2022-12-28 06:00:00,0.0,1016.6,-2.3,190.0,5.4,0.373329,49.0,7.8
2022-12-28 07:00:00,0.0,1016.1,-0.5,250.0,5.4,0.361399,58.0,7.2
2022-12-28 08:00:00,0.0,1015.2,0.5,0.0,0.0,0.356731,60.0,7.8
2022-12-28 09:00:00,0.0,1015.2,0.5,0.0,0.0,0.355924,60.0,7.8
2022-12-28 10:00:00,0.0,1014.3,1.1,280.0,7.6,0.351544,76.0,5.0
2022-12-28 11:00:00,0.0,1014.1,0.7,310.0,7.6,0.374308,83.0,3.3
2022-12-28 12:00:00,0.0,1013.9,0.6,310.0,5.4,0.380994,79.0,3.9
2022-12-28 13:00:00,0.0,1013.8,0.6,300.0,5.4,0.425772,79.0,3.9
2022-12-28 14:00:00,0.0,1013.8,0.6,300.0,5.4,0.414592,79.0,3.9
2022-12-28 15:00:00,0.0,1014.2,8.4,190.0,14.8,0.361226,72.0,13.3
2022-12-28 16:00:00,0.0,1013.5,10.6,190.0,18.4,0.335927,70.0,16.1
2022-12-28 17:00:00,0.0,1012.4,10.6,180.0,18.4,0.295643,61.0,18.3
2022-12-28 18:00:00,0.0,1011.0,10.7,160.0,16.6,0.263543,57.0,19.4
2022-12-28 19:00:00,0.0,1011.0,10.7,160.0,16.6,0.247522,57.0,19.4
2022-12-28 20:00:00,0.0,1009.5,10.7,190.0,20.5,0.257492,48.0,22.2
2022-12-28 21:00:00,0.0,1008.8,10.7,180.0,16.6,0.276798,45.0,23.3
2022-12-28 22:00:00,0.0,1008.9,10.0,150.0,18.4,0.305786,43.0,23.3
2022-12-28 23:00:00,0.0,1008.9,10.0,150.0,18.4,0.355694,43.0,23.3
2022-12-29 00:00:00,0.0,1009.3,9.0,140.0,11.2,0.404219,51.0,19.4
2022-12-29 01:00:00,0.0,1010.1,8.9,110.0,5.4,0.423294,60.0,16.7
2022-12-29 02:00:00,0.0,1010.6,12.2,120.0,5.4,0.419894,80.0,15.6
2022-12-29 03:00:00,0.0,1011.0,15.1,140.0,14.8,0.403124,90.0,16.7
2022-12-29 04:00:00,0.0,1011.0,15.1,140.0,14.8,0.390675,90.0,16.7
2022-12-29 05:00:00,0.0,1011.7,13.9,120.0,5.4,0.363186,97.0,14.4
2022-12-29 06:00:00,0.0,1011.3,14.4,0.0,0.0,0.335408,100.0,14.4
2022-12-29 07:00:00,0.0,1011.3,14.4,0.0,0.0,0.311895,100.0,14.4
2022-12-29 08:00:00,0.0,1010.9,15.6,170.0,11.2,0.290802,93.0,16.7
2022-12-29 09:00:00,0.0,1010.9,15.6,170.0,11.2,0.282158,93.0,16.7
2022-12-29 10:00:00,0.0,1011.0,15.0,0.0,0.0,0.263601,93.0,16.1
2022-12-29 11:00:00,0.0,1011.0,15.0,0.0,0.0,0.26677,93.0,16.1
2022-12-29 12:00:00,0.0,1011.7,15.0,0.0,0.0,0.301118,93.0,16.1
2022-12-29 13:00:00,0.0,1011.7,15.0,0.0,0.0,0.312471,93.0,16.1
2022-12-29 14:00:00,0.0,1013.0,16.1,0.0,0.0,0.318522,87.0,18.3
2022-12-29 15:00:00,0.0,1013.0,16.1,0.0,0.0,0.322441,87.0,18.3
2022-12-29 16:00:00,0.0,1013.6,16.6,110.0,5.4,0.318465,81.0,20.0
2022-12-29 17:00:00,0.0,1012.7,16.0,150.0,7.6,0.320712,75.0,20.6
2022-12-29 18:00:00,0.0,1011.7,16.0,0.0,0.0,0.30204,70.0,21.7
2022-12-29 19:00:00,0.0,1011.7,16.2,0.0,0.0,0.312644,71.0,21.7
2022-12-29 20:00:00,0.0,1011.0,14.9,310.0,11.2,0.332469,61.0,22.8
2022-12-29 21:00:00,0.0,1010.4,13.8,360.0,18.4,0.351948,59.0,22.2
2022-12-29 22:00:00,0.0,1010.8,12.8,330.0,13.0,0.364799,59.0,21.1
2022-12-29 23:00:00,0.0,1010.8,12.8,330.0,13.0,0.394421,59.0,21.1
2022-12-30 00:00:00,0.0,1011.8,6.6,0.0,0.0,0.423582,48.0,17.8
2022-12-30 01:00:00,0.0,1011.8,6.6,0.0,0.0,0.432457,48.0,17.8
2022-12-30 02:00:00,0.0,1012.8,7.3,90.0,5.4,0.424043,60.0,15.0
2022-12-30 03:00:00,0.0,1012.8,7.3,300.0,7.6,0.418684,60.0,15.0
2022-12-30 04:00:00,0.0,1012.8,7.3,300.0,7.6,0.396208,60.0,15.0
2022-12-30 05:00:00,0.0,1013.7,6.6,300.0,7.6,0.371427,64.0,13.3
2022-12-30 06:00:00,0.0,1013.1,6.2,300.0,7.6,0.333852,69.0,11.7
2022-12-30 07:00:00,0.0,1013.4,6.0,0.0,0.0,0.303711,71.0,11.1
2022-12-30 08:00:00,0.0,1013.4,6.0,0.0,0.0,0.300023,71.0,11.1
2022-12-30 09:00:00,0.0,1013.4,6.2,320.0,7.6,0.290111,74.0,10.6
2022-12-30 10:00:00,0.0,1013.2,5.6,310.0,14.8,0.301233,64.0,12.2
2022-12-30 11:00:00,0.0,1013.6,6.0,0.0,0.0,0.300715,66.0,12.2
2022-12-30 12:00:00,0.0,1013.9,6.0,320.0,9.4,0.302098,66.0,12.2
2022-12-30 13:00:00,0.0,1013.9,6.0,320.0,9.4,0.305901,66.0,12.2
2022-12-30 14:00:00,0.0,1014.9,3.8,340.0,5.4,0.330221,44.0,16.1
2022-12-30 15:00:00,0.0,1015.2,2.9,10.0,11.2,0.335466,37.0,17.8
2022-12-30 16:00:00,0.0,1015.4,3.5,10.0,16.6,0.32319,36.0,18.9
2022-12-30 17:00:00,0.0,1014.5,4.1,50.0,14.8,0.328723,35.0,20.0
2022-12-30 18:00:00,0.0,1014.5,4.1,50.0,14.8,0.320539,35.0,20.0
2022-12-30 19:00:00,0.0,1012.6,0.8,30.0,13.0,0.255763,26.0,21.1
2022-12-30 20:00:00,0.0,1012.4,0.8,330.0,7.6,0.331259,25.0,21.7
2022-12-30 21:00:00,0.0,1012.4,1.9,340.0,11.2,0.353216,29.0,20.6
2022-12-30 22:00:00,0.0,1012.7,2.3,330.0,11.2,0.352985,32.0,19.4
2022-12-30 23:00:00,0.0,1012.7,2.3,330.0,11.2,0.373041,32.0,19.4
2022-12-31 00:00:00,0.0,1014.0,5.2,330.0,13.0,0.396093,45.0,17.2
2022-12-31 01:00:00,0.0,1014.0,5.2,330.0,13.0,0.417819,45.0,17.2
2022-12-31 02:00:00,0.0,1014.7,6.0,310.0,5.4,0.412172,59.0,13.9
2022-12-31 03:00:00,0.0,1014.7,6.0,310.0,5.4,0.421623,59.0,13.9
2022-12-31 04:00:00,0.0,1014.8,6.2,300.0,7.6,0.398974,77.0,10.0
2022-12-31 05:00:00,0.0,1014.7,6.2,310.0,7.6,0.380763,77.0,10.0
2022-12-31 06:00:00,0.0,1014.4,5.6,310.0,7.6,0.353734,80.0,8.9
2022-12-31 07:00:00,0.0,1014.5,6.2,310.0,7.6,0.344398,83.0,8.9
2022-12-31 08:00:00,0.0,1014.5,6.2,310.0,7.6,0.315641,83.0,8.9
2022-12-31 09:00:00,0.0,1014.5,6.1,280.0,7.6,0.314604,89.0,7.8
2022-12-31 10:00:00,0.0,1014.4,5.7,270.0,5.4,0.296162,90.0,7.2
2022-12-31 11:00:00,0.0,1014.5,5.0,340.0,5.4,0.304,89.0,6.7
2022-12-31 12:00:00,0.0,1014.6,6.8,300.0,13.0,0.311203,90.0,8.3
2022-12-31 13:00:00,0.0,1014.6,6.8,300.0,13.0,0.331835,90.0,8.3
2022-12-31 14:00:00,0.0,1015.2,7.7,0.0,0.0,0.337022,74.0,12.2
2022-12-31 15:00:00,0.0,1015.6,8.9,230.0,14.8,0.318695,60.0,16.7
2022-12-31 16:00:00,0.0,1015.6,8.9,230.0,14.8,0.302559,60.0,16.7
2022-12-31 17:00:00,0.0,1015.3,8.8,220.0,18.4,0.275184,52.0,18.9
2022-12-31 18:00:00,0.0,1014.4,7.9,210.0,22.3,0.267289,44.0,20.6
2022-12-31 19:00:00,0.0,1013.2,8.0,230.0,20.5,0.273974,40.0,22.2
2022-12-31 20:00:00,0.0,1011.3,7.1,220.0,16.6,0.298698,34.0,23.9
2022-12-31 21:00:00,0.0,1011.3,7.1,220.0,16.6,0.332008,34.0,23.9
2022-12-31 22:00:00,0.0,1010.9,6.2,200.0,16.6,0.378919,31.0,24.4
2022-12-31 23:00:00,0.0,1011.0,6.2,200.0,13.0,0.427098,31.0,24.4
2023-01-01 00:00:00,0.0,1011.1,5.7,200.0,9.4,0.472337,33.0,22.8
2023-01-01 01:00:00,0.0,1011.0,6.0,180.0,7.6,0.469398,35.0,22.2
2023-01-01 02:00:00,0.0,1011.5,6.8,290.0,7.6,0.439085,58.0,15.0
2023-01-01 03:00:00,0.0,1011.5,6.8,290.0,7.6,0.406005,58.0,15.0
2023-01-01 04:00:00,0.0,1012.3,7.8,180.0,13.0,0.392635,52.0,17.8
2023-01-01 05:00:00,0.0,1012.3,7.8,180.0,13.0,0.376153,52.0,17.8
2023-01-01 06:00:00,0.0,1012.3,8.4,200.0,9.4,0.362033,58.0,16.7
2023-01-01 07:00:00,0.0,1011.6,8.4,200.0,11.2,0.357769,58.0,16.7
2023-01-01 08:00:00,0.0,1011.6,7.8,270.0,5.4,0.3429,62.0,15.0
2023-01-01 09:00:00,0.0,1011.6,7.2,340.0,5.4,0.29524,74.0,11.7
2023-01-01 10:00:00,0.0,1011.7,7.3,0.0,0.0,0.282792,80.0,10.6
2023-01-01 11:00:00,0.0,1011.7,7.3,0.0,0.0,0.283541,80.0,10.6
2023-01-01 12:00:00,0.0,1012.1,6.2,0.0,0.0,0.284982,83.0,8.9
2023-01-01 13:00:00,0.0,1013.5,9.4,0.0,0.0,0.295758,96.0,10.0
2023-01-01 14:00:00,0.0,1014.0,11.7,0.0,0.0,0.300023,100.0,11.7
2023-01-01 15:00:00,0.0,1014.0,11.7,0.0,0.0,0.298121,100.0,11.7
2023-01-01 16:00:00,0.0,1016.0,14.4,150.0,5.4,0.323479,96.0,15.0
2023-01-01 17:00:00,0.0,1013.5,15.0,0.0,0.0,0.325899,81.0,18.3
2023-01-01 18:00:00,0.0,1013.5,15.0,0.0,0.0,0.292358,81.0,18.3
2023-01-01 19:00:00,0.0,1010.7,15.1,220.0,14.8,0.269998,58.0,23.9
2023-01-01 20:00:00,0.0,1010.1,15.0,170.0,14.8,0.310166,52.0,25.6
2023-01-01 21:00:00,0.0,1009.6,15.0,160.0,14.8,0.331604,52.0,25.6
2023-01-01 22:00:00,0.0,1009.6,15.0,160.0,14.8,0.381973,52.0,25.6
2023-01-01 23:00:00,0.0,1009.5,15.0,150.0,14.8,0.405602,54.0,25.0
2023-01-02 00:00:00,0.0,1009.8,14.5,130.0,14.8,0.442831,68.0,20.6
2023-01-02 01:00:00,0.0,1009.8,14.5,130.0,14.8,0.454126,68.0,20.6
2023-01-02 02:00:00,0.0,1010.3,14.0,100.0,5.4,0.435569,76.0,18.3
2023-01-02 03:00:00,0.0,1010.4,13.2,120.0,13.0,0.432227,80.0,16.7
2023-01-02 04:00:00,0.0,1010.3,16.1,140.0,14.8,0.416609,84.0,18.9
2023-01-02 05:00:00,0.0,1010.3,18.3,150.0,18.4,0.407503,90.0,20.0
2023-01-02 06:00:00,0.0,1009.0,18.4,150.0,22.3,0.372003,87.0,20.6
2023-01-02 07:00:00,0.0,1009.0,18.4,150.0,22.3,0.356674,87.0,20.6
2023-01-02 08:00:00,0.0,1008.8,17.9,170.0,14.8,0.325553,82.0,21.1
2023-01-02 09:00:00,0.0,1008.4,17.9,150.0,18.4,0.314315,82.0,21.1
2023-01-02 10:00:00,0.0,1007.9,18.3,150.0,20.5,0.304345,84.0,21.1
2023-01-02 11:00:00,0.0,1007.9,18.3,150.0,20.5,0.297142,84.0,21.1
2023-01-02 12:00:00,0.0,1007.8,18.3,140.0,22.3,0.313278,84.0,21.1
2023-01-02 13:00:00,0.0,1007.7,18.3,130.0,16.6,0.337483,84.0,21.1
2023-01-02 14:00:00,0.0,1009.2,19.4,150.0,14.8,0.337252,90.0,21.1
2023-01-02 15:00:00,0.3,1009.2,19.4,150.0,14.8,0.365894,90.0,21.1
2023-01-02 16:00:00,0.0,1008.4,19.4,150.0,24.1,0.386699,81.0,22.8
2023-01-02 17:00:00,0.0,1008.4,19.4,150.0,24.1,0.425081,81.0,22.8
2023-01-02 18:00:00,0.0,1006.2,18.3,190.0,14.8,0.419836,69.0,24.4
2023-01-02 19:00:00,0.0,1005.0,17.8,210.0,14.8,0.411595,62.0,25.6
2023-01-02 20:00:00,0.0,1003.8,17.1,170.0,14.8,0.421853,54.0,27.2
2023-01-02 21:00:00,0.0,1003.8,17.1,170.0,14.8,0.454587,54.0,27.2
2023-01-02 22:00:00,0.0,1003.4,14.1,210.0,16.6,0.485074,43.0,27.8
2023-01-02 23:00:00,0.0,1003.4,14.1,210.0,16.6,0.521669,43.0,27.8
2023-01-03 00:00:00,0.0,1004.4,13.3,310.0,5.4,0.533253,57.0,22.2
2023-01-03 01:00:00,0.0,1004.4,13.3,310.0,5.4,0.53988,57.0,22.2
2023-01-03 02:00:00,0.0,1005.0,14.0,310.0,9.4,0.528642,66.0,20.6
2023-01-03 03:00:00,0.0,1006.1,13.3,0.0,0.0,0.497983,68.0,19.4
2023-01-03 04:00:00,0.0,1006.8,16.1,0.0,0.0,0.467842,90.0,17.8
2023-01-03 05:00:00,0.0,1006.8,16.1,0.0,0.0,0.407561,90.0,17.8
2023-01-03 06:00:00,0.0,1007.0,17.8,120.0,7.6,0.356097,97.0,18.3
2023-01-03 07:00:00,0.0,1007.9,11.7,350.0,16.6,0.29864,61.0,18.9
2023-01-03 08:00:00,0.0,1008.3,1.3,350.0,18.4,0.271554,32.0,18.3
2023-01-03 09:00:00,0.0,1008.8,-1.0,330.0,20.5,0.257089,26.0,18.9
2023-01-03 10:00:00,0.0,1009.2,-2.7,330.0,14.8,0.254841,23.0,18.9
2023-01-03 11:00:00,0.0,1009.3,-3.1,330.0,18.4,0.287114,24.0,17.8
2023-01-03 12:00:00,0.0,1009.3,-3.1,330.0,18.4,0.324574,24.0,17.8
2023-01-03 13:00:00,0.0,1011.1,-2.9,320.0,16.6,0.358633,26.0,16.7
2023-01-03 14:00:00,0.0,1011.8,-1.9,320.0,7.6,0.334025,28.0,16.7
2023-01-03 15:00:00,0.0,1012.1,-1.1,340.0,13.0,0.284751,25.0,19.4
2023-01-03 16:00:00,0.0,1012.1,-1.1,340.0,13.0,0.267289,25.0,19.4
2023-01-03 17:00:00,0.0,1011.0,-0.3,10.0,16.6,0.318292,21.0,23.3
2023-01-03 18:00:00,0.0,1009.9,1.2,340.0,13.0,0.263601,21.0,25.0
2023-01-03 19:00:00,0.0,1009.1,1.2,330.0,9.4,0.285154,21.0,25.0
2023-01-03 20:00:00,0.0,1008.8,1.7,320.0,7.6,0.292243,21.0,25.6
2023-01-03 21:00:00,0.0,1008.8,1.7,320.0,7.6,0.343303,21.0,25.6
2023-01-03 22:00:00,0.0,1008.7,1.8,280.0,7.6,0.380129,22.0,25.0
2023-01-03 23:00:00,0.0,1009.9,2.3,330.0,13.0,0.429576,27.0,22.2
2023-01-04 00:00:00,0.0,1011.3,2.8,300.0,9.4,0.47251,32.0,20.0
2023-01-04 01:00:00,0.0,1011.3,2.8,300.0,9.4,0.469859,32.0,20.0
2023-01-04 02:00:00,0.0,1012.3,3.4,290.0,9.4,0.457411,37.0,18.3
2023-01-04 03:00:00,0.0,1013.4,3.8,340.0,5.4,0.429576,44.0,16.1
2023-01-04 04:00:00,0.0,1013.4,3.8,340.0,5.4,0.408598,44.0,16.1
2023-01-04 05:00:00,0.0,1014.1,4.4,290.0,7.6,0.357653,61.0,11.7
2023-01-04 06:00:00,0.0,1014.6,3.4,310.0,9.4,0.307918,59.0,11.1
2023-01-04 07:00:00,0.0,1014.6,3.4,310.0,9.4,0.274262,59.0,11.1
2023-01-04 08:00:00,0.0,1015.3,2.3,290.0,11.2,0.260028,61.0,9.4
2023-01-04 09:00:00,0.0,1014.5,1.7,320.0,14.8,0.261641,54.0,10.6
2023-01-04 10:00:00,0.0,1014.4,0.2,310.0,20.5,0.265387,39.0,13.9
2023-01-04 11:00:00,0.0,1015.7,-1.1,310.0,5.4,0.290111,37.0,13.3
2023-01-04 12:00:00,0.0,1015.7,-1.1,313.0,5.4,0.317888,37.0,13.3
2023-01-04 13:00:00,0.0,1017.6,-0.1,280.0,5.4,0.363359,41.0,12.8
2023-01-04 14:00:00,0.0,1018.8,0.8,200.0,7.6,0.350738,38.0,15.0
2023-01-04 15:00:00,0.0,1019.3,0.4,320.0,22.3,0.307457,27.0,20.0
2023-01-04 16:00:00,0.0,1019.3,0.4,320.0,22.3,0.274205,27.0,20.0
2023-01-04 17:00:00,0.0,1019.1,-0.3,320.0,24.1,0.248617,23.0,21.7
2023-01-04 18:00:00,0.0,1018.0,-1.3,300.0,14.8,0.24124,20.0,22.8
2023-01-04 19:00:00,0.0,1017.0,-1.1,270.0,18.4,0.256109,19.0,23.9
2023-01-04 20:00:00,0.0,1016.2,-1.5,250.0,20.5,0.254726,18.0,24.4
2023-01-04 21:00:00,0.0,1016.2,-1.5,250.0,20.5,0.282561,18.0,24.4
2023-01-04 22:00:00,0.0,1016.0,-3.5,270.0,14.8,0.334428,16.0,23.9
2023-01-04 23:00:00,0.0,1016.0,-3.5,270.0,14.8,0.372176,16.0,23.9
2023-01-05 00:00:00,0.0,1017.0,-3.0,270.0,7.6,0.42024,21.0,20.0
2023-01-05 01:00:00,0.0,1017.0,-3.0,270.0,7.6,0.437068,21.0,20.0
2023-01-05 02:00:00,0.0,1018.0,-2.4,290.0,9.4,0.446,29.0,15.6
2023-01-05 03:00:00,0.0,1019.6,-1.8,0.0,0.0,0.422314,39.0,11.7
2023-01-05 04:00:00,0.0,1019.6,-1.8,0.0,0.0,0.396266,39.0,11.7
2023-01-05 05:00:00,0.0,1019.9,-1.1,310.0,9.4,0.360074,46.0,10.0
2023-01-05 06:00:00,0.0,1019.9,-1.1,310.0,9.4,0.295989,46.0,10.0
2023-01-05 07:00:00,0.0,1020.5,-1.8,0.0,0.0,0.281985,47.0,8.9
2023-01-05 08:00:00,0.0,1020.8,-1.7,0.0,5.4,0.261757,51.0,7.8
2023-01-05 09:00:00,0.0,1021.7,-1.7,0.0,0.0,0.264984,51.0,7.8
2023-01-05 10:00:00,0.0,1021.6,-1.7,300.0,9.4,0.268384,55.0,6.7
2023-01-05 11:00:00,0.0,1021.6,-1.7,300.0,9.4,0.304288,55.0,6.7
2023-01-05 12:00:00,0.0,1022.8,-1.7,300.0,14.8,0.346646,55.0,6.7
2023-01-05 13:00:00,0.0,1023.9,-2.3,310.0,14.8,0.383011,51.0,7.2
2023-01-05 14:00:00,0.0,1024.5,-1.8,320.0,13.0,0.365318,39.0,11.7
2023-01-05 15:00:00,0.0,1024.9,-1.8,330.0,9.4,0.316736,39.0,11.7
2023-01-05 16:00:00,0.0,1024.9,-1.0,330.0,9.4,0.287114,28.0,17.8
2023-01-05 17:00:00,0.0,1024.1,-2.9,0.0,0.0,0.247349,19.0,21.7
2023-01-05 18:00:00,0.0,1023.1,-2.3,100.0,9.4,0.246888,20.0,21.7
2023-01-05 19:00:00,0.0,1023.1,-2.3,100.0,9.4,0.244929,20.0,21.7
2023-01-05 20:00:00,0.0,1021.6,-0.9,110.0,9.4,0.272015,20.0,23.3
2023-01-05 21:00:00,0.0,1021.6,-0.9,120.0,9.4,0.293626,20.0,23.3
2023-01-05 22:00:00,0.0,1021.4,0.7,110.0,13.0,0.328089,24.0,22.2
2023-01-05 23:00:00,0.0,1021.4,0.7,110.0,13.0,0.372637,24.0,22.2
2023-01-06 00:00:00,0.0,1021.9,1.2,80.0,9.4,0.425369,34.0,17.2
2023-01-06 01:00:00,0.0,1021.9,1.2,80.0,9.4,0.431996,34.0,17.2
2023-01-06 02:00:00,0.0,1022.5,1.8,60.0,5.4,0.432803,38.0,16.1
2023-01-06 03:00:00,0.0,1022.4,2.8,40.0,5.4,0.41609,49.0,13.3
2023-01-06 04:00:00,0.0,1022.7,2.9,0.0,0.0,0.379956,53.0,12.2
2023-01-06 05:00:00,0.0,1022.5,2.9,330.0,7.6,0.349182,59.0,10.6
2023-01-06 06:00:00,0.0,1022.5,2.9,330.0,7.6,0.314085,59.0,10.6
2023-01-06 07:00:00,0.0,1021.7,2.7,310.0,5.4,0.267001,68.0,8.3
2023-01-06 08:00:00,0.0,1021.7,2.7,310.0,5.4,0.266367,68.0,8.3
2023-01-06 09:00:00,0.0,1021.1,3.9,300.0,5.4,0.254553,66.0,10.0
2023-01-06 10:00:00,0.0,1021.1,3.9,300.0,5.4,0.271381,66.0,10.0
2023-01-06 11:00:00,0.0,1020.5,3.9,290.0,5.4,0.292646,66.0,10.0
2023-01-06 12:00:00,0.0,1020.6,5.1,300.0,5.4,0.328319,64.0,11.7
2023-01-06 13:00:00,0.0,1021.0,6.6,0.0,0.0,0.363762,64.0,13.3
2023-01-06 14:00:00,0.0,1021.5,11.8,190.0,7.6,0.36941,81.0,15.0
2023-01-06 15:00:00,0.0,1021.5,13.9,210.0,13.0,0.339903,81.0,17.2
2023-01-06 16:00:00,0.0,1023.0,13.9,210.0,13.0,0.331259,81.0,17.2
2023-01-06 17:00:00,0.0,1020.7,15.6,180.0,18.4,0.339788,73.0,20.6
2023-01-06 18:00:00,0.0,1019.2,14.9,180.0,22.3,0.293453,61.0,22.8
2023-01-06 19:00:00,0.0,1017.6,14.5,180.0,20.5,0.284232,52.0,25.0
2023-01-06 20:00:00,0.0,1017.6,14.5,180.0,20.5,0.282734,52.0,25.0
2023-01-06 21:00:00,0.0,1016.3,13.4,160.0,27.7,0.311895,44.0,26.7
2023-01-06 22:00:00,0.0,1016.1,12.9,150.0,27.7,0.348836,44.0,26.1
2023-01-06 23:00:00,0.0,1016.1,12.4,150.0,16.6,0.394825,47.0,24.4
2023-01-07 00:00:00,0.0,1016.6,12.3,130.0,22.3,0.42825,55.0,21.7
2023-01-07 01:00:00,0.0,1016.6,12.3,130.0,22.3,0.422257,55.0,21.7
2023-01-07 02:00:00,0.0,1017.7,15.6,150.0,18.4,0.427271,76.0,20.0
2023-01-07 03:00:00,0.0,1018.1,15.7,160.0,14.8,0.418972,79.0,19.4
2023-01-07 04:00:00,0.0,1018.1,15.6,160.0,16.6,0.397764,81.0,18.9
2023-01-07 05:00:00,0.0,1017.8,15.6,150.0,11.2,0.373041,87.0,17.8
2023-01-07 06:00:00,0.0,1017.8,15.6,150.0,11.2,0.349527,87.0,17.8
2023-01-07 07:00:00,0.0,1017.2,16.6,160.0,7.6,0.316736,90.0,18.3
2023-01-07 08:00:00,0.0,1016.9,16.6,160.0,5.4,0.275242,90.0,18.3
2023-01-07 09:00:00,0.0,1016.9,17.2,150.0,7.6,0.265042,90.0,18.9
2023-01-07 10:00:00,0.0,1016.9,17.2,150.0,7.6,0.260143,90.0,18.9
2023-01-07 11:00:00,0.0,1017.4,16.6,0.0,0.0,0.256858,90.0,18.3
2023-01-07 12:00:00,0.0,1018.2,17.2,0.0,0.0,0.265042,90.0,18.9
2023-01-07 13:00:00,0.0,1018.2,17.2,0.0,0.0,0.276452,90.0,18.9
2023-01-07 14:00:00,0.0,1019.8,17.7,50.0,5.4,0.292819,93.0,18.9
2023-01-07 15:00:00,0.1,1019.8,17.7,50.0,5.4,0.317888,93.0,18.9
2023-01-07 16:00:00,0.2,1020.7,17.8,90.0,11.2,0.340479,84.0,20.6
2023-01-07 17:00:00,0.0,1020.2,17.9,100.0,7.6,0.361687,82.0,21.1
2023-01-07 18:00:00,0.0,1019.0,17.9,110.0,11.2,0.376556,79.0,21.7
2023-01-07 19:00:00,0.0,1019.0,17.9,110.0,11.2,0.343073,79.0,21.7
2023-01-07 20:00:00,0.0,1018.2,17.3,0.0,0.0,0.355982,71.0,22.8
2023-01-07 21:00:00,0.0,1017.8,17.3,30.0,9.4,0.377593,69.0,23.3
2023-01-07 22:00:00,0.0,1018.3,17.3,40.0,9.4,0.390503,69.0,23.3
2023-01-07 23:00:00,0.0,1018.5,17.1,40.0,7.6,0.402144,73.0,22.2
2023-01-08 00:00:00,0.0,1018.5,17.1,40.0,7.6,0.436088,73.0,22.2
2023-01-08 01:00:00,0.0,1019.0,17.1,20.0,11.2,0.444963,78.0,21.1
2023-01-08 02:00:00,0.0,1020.5,13.4,360.0,18.4,0.433437,73.0,18.3
2023-01-08 03:00:00,0.0,1020.5,13.4,360.0,18.4,0.424677,73.0,18.3
2023-01-08 04:00:00,0.0,1021.7,8.9,20.0,18.4,0.399032,56.0,17.8
2023-01-08 05:00:00,0.0,1022.1,4.4,10.0,14.8,0.370447,44.0,16.7
2023-01-08 06:00:00,0.0,1022.1,4.4,10.0,14.8,0.334544,44.0,16.7
2023-01-08 07:00:00,0.0,1021.9,2.4,360.0,24.1,0.296277,41.0,15.6
2023-01-08 08:00:00,0.0,1021.8,1.1,350.0,18.4,0.289477,39.0,15.0
2023-01-08 09:00:00,0.0,1021.6,1.8,360.0,20.5,0.274723,41.0,15.0
2023-01-08 10:00:00,0.0,1022.4,0.5,350.0,14.8,0.253343,40.0,13.9
2023-01-08 11:00:00,0.0,1022.4,0.5,350.0,14.8,0.252305,40.0,13.9
2023-01-08 12:00:00,0.0,1022.2,0.6,50.0,11.2,0.259336,45.0,12.2
2023-01-08 13:00:00,0.0,1023.5,1.1,50.0,11.2,0.266309,50.0,11.1
2023-01-08 14:00:00,0.0,1024.2,1.0,10.0,18.4,0.281754,48.0,11.7
2023-01-08 15:00:00,0.0,1024.2,1.0,10.0,18.4,0.281927,48.0,11.7
2023-01-08 16:00:00,0.0,1024.8,1.8,20.0,18.4,0.26775,38.0,16.1
2023-01-08 17:00:00,0.0,1024.3,1.7,360.0,18.4,0.259912,34.0,17.8
2023-01-08 18:00:00,0.0,1023.2,1.8,30.0,18.4,0.264638,31.0,19.4
2023-01-08 19:00:00,0.0,1022.2,2.4,40.0,16.6,0.268615,30.0,20.6
2023-01-08 20:00:00,0.0,1022.2,2.4,40.0,16.6,0.294894,30.0,20.6
2023-01-08 21:00:00,0.0,1021.3,2.4,360.0,9.4,0.319156,28.0,21.7
2023-01-08 22:00:00,0.0,1021.6,1.9,50.0,11.2,0.367854,29.0,20.6
2023-01-08 23:00:00,0.0,1022.0,1.3,60.0,11.2,0.406351,32.0,18.3
2023-01-09 00:00:00,0.0,1022.3,0.6,80.0,5.4,0.441966,36.0,15.6
2023-01-09 01:00:00,0.0,1022.3,0.6,80.0,5.4,0.465076,36.0,15.6
2023-01-09 02:00:00,0.0,1023.5,1.6,0.0,0.0,0.45695,45.0,13.3
2023-01-09 03:00:00,0.0,1023.4,2.3,10.0,5.4,0.438509,49.0,12.8
2023-01-09 04:00:00,0.0,1023.2,1.8,360.0,5.4,0.4071,49.0,12.2
2023-01-09 05:00:00,0.0,1023.2,1.8,360.0,5.4,0.357596,49.0,12.2
2023-01-09 06:00:00,0.0,1022.6,2.3,350.0,5.4,0.314258,61.0,9.4
2023-01-09 07:00:00,0.0,1022.3,2.2,320.0,7.6,0.285558,63.0,8.9
2023-01-09 08:00:00,0.0,1022.0,2.3,320.0,5.4,0.265675,68.0,7.8
2023-01-09 09:00:00,0.0,1021.8,2.2,350.0,5.4,0.257204,63.0,8.9
2023-01-09 10:00:00,0.0,1021.8,2.2,350.0,5.4,0.261123,63.0,8.9
2023-01-09 11:00:00,0.0,1021.7,2.3,0.0,0.0,0.307342,61.0,9.4
2023-01-09 12:00:00,0.0,1022.6,2.7,300.0,7.6,0.349412,68.0,8.3
2023-01-09 13:00:00,0.0,1023.2,2.9,290.0,9.4,0.381916,66.0,8.9
2023-01-09 14:00:00,0.0,1023.4,3.9,310.0,7.6,0.359901,61.0,11.1
2023-01-09 15:00:00,0.0,1023.4,3.9,310.0,7.6,0.338174,61.0,11.1
2023-01-09 16:00:00,0.0,1023.1,7.3,130.0,11.2,0.283368,52.0,17.2
2023-01-09 17:00:00,0.0,1021.9,8.3,150.0,11.2,0.26533,52.0,18.3
2023-01-09 18:00:00,0.0,1021.2,8.3,0.0,0.0,0.250288,45.0,20.6
2023-01-09 19:00:00,0.0,1021.2,8.3,0.0,0.0,0.254899,45.0,20.6
2023-01-09 20:00:00,0.0,1018.8,9.0,210.0,13.0,0.258126,43.0,22.2
2023-01-09 21:00:00,0.0,1018.5,9.0,130.0,13.0,0.293741,43.0,22.2
2023-01-09 22:00:00,0.0,1018.8,10.0,180.0,11.2,0.337656,46.0,22.2
2023-01-09 23:00:00,0.0,1018.8,9.5,170.0,14.8,0.389235,49.0,20.6
2023-01-10 00:00:00,0.0,1018.8,9.5,170.0,14.8,0.440929,49.0,20.6
2023-01-10 01:00:00,0.0,1019.5,12.7,160.0,11.2,0.448133,70.0,18.3
2023-01-10 02:00:00,0.0,1019.8,12.8,170.0,9.4,0.431017,78.0,16.7
2023-01-10 03:00:00,0.0,1019.9,13.2,180.0,7.6,0.419202,80.0,16.7
2023-01-10 04:00:00,0.0,1020.0,14.0,190.0,7.6,0.381455,84.0,16.7
2023-01-10 05:00:00,0.0,1020.0,14.0,190.0,7.6,0.328492,84.0,16.7
2023-01-10 06:00:00,0.0,1019.1,11.2,0.0,0.0,0.296104,87.0,13.3
2023-01-10 07:00:00,0.0,1018.8,15.0,210.0,11.2,0.265272,96.0,15.6
2023-01-10 08:00:00,0.0,1018.4,15.0,230.0,7.6,0.254956,96.0,15.6
2023-01-10 09:00:00,0.0,1018.0,15.6,250.0,13.0,0.245735,100.0,15.6
2023-01-10 10:00:00,0.0,1018.0,15.6,250.0,13.0,0.244179,100.0,15.6
2023-01-10 11:00:00,0.0,1017.8,13.9,250.0,9.4,0.275876,97.0,14.4
2023-01-10 12:00:00,0.0,1018.1,12.8,230.0,11.2,0.32175,93.0,13.9
2023-01-10 13:00:00,0.0,1018.2,12.2,270.0,9.4,0.355982,96.0,12.8
2023-01-10 14:00:00,0.0,1018.2,12.2,270.0,9.4,0.355233,96.0,12.8
2023-01-10 15:00:00,0.0,1018.6,12.7,230.0,7.6,0.306305,70.0,18.3
2023-01-10 16:00:00,0.0,1018.6,12.7,220.0,7.6,0.283426,70.0,18.3
2023-01-10 17:00:00,0.0,1017.7,13.8,240.0,22.3,0.257665,59.0,22.2
2023-01-10 18:00:00,0.0,1016.2,14.0,240.0,20.5,0.257204,54.0,23.9
2023-01-10 19:00:00,0.0,1016.2,14.0,240.0,20.5,0.272015,54.0,23.9
2023-01-10 20:00:00,0.0,1013.9,13.2,210.0,22.3,0.290572,45.0,26.1
2023-01-10 21:00:00,0.0,1013.5,12.9,200.0,18.4,0.329414,44.0,26.1
2023-01-10 22:00:00,0.0,1013.5,12.9,200.0,18.4,0.379265,44.0,26.1
2023-01-10 23:00:00,0.0,1013.4,12.8,210.0,18.4,0.426291,45.0,25.6
2023-01-11 00:00:00,0.0,1013.7,12.8,190.0,14.8,0.475277,50.0,23.9
2023-01-11 01:00:00,0.0,1014.4,12.8,180.0,7.6,0.47251,59.0,21.1
2023-01-11 02:00:00,0.0,1014.6,12.7,190.0,9.4,0.455855,63.0,20.0
2023-01-11 03:00:00,0.0,1014.8,12.3,0.0,0.0,0.448363,70.0,17.8
2023-01-11 04:00:00,0.0,1014.8,12.3,0.0,0.0,0.408253,70.0,17.8
2023-01-11 05:00:00,0.0,1014.4,11.2,0.0,0.0,0.355406,81.0,14.4
2023-01-11 06:00:00,0.0,1014.1,13.9,200.0,9.4,0.30302,81.0,17.2
2023-01-11 07:00:00,0.0,1013.9,12.3,0.0,0.0,0.275127,87.0,14.4
2023-01-11 08:00:00,0.0,1013.7,11.2,0.0,0.0,0.261468,87.0,13.3
2023-01-11 09:00:00,0.0,1013.7,11.2,0.0,0.0,0.248156,87.0,13.3
2023-01-11 10:00:00,0.0,1013.4,12.3,280.0,7.6,0.24902,90.0,13.9
2023-01-11 11:00:00,0.0,1013.4,12.8,240.0,7.6,0.281178,93.0,13.9
2023-01-11 12:00:00,0.0,1013.5,11.7,0.0,0.0,0.32175,97.0,12.2
2023-01-11 13:00:00,0.0,1014.0,11.1,0.0,0.0,0.361342,93.0,12.2
2023-01-11 14:00:00,0.0,1014.0,11.1,0.0,0.0,0.347453,93.0,12.2
2023-01-11 15:00:00,0.0,1014.6,15.0,200.0,11.2,0.326187,93.0,16.1
2023-01-11 16:00:00,0.0,1014.6,15.0,200.0,11.2,0.315987,93.0,16.1
2023-01-11 17:00:00,0.0,1016.0,15.5,230.0,13.0,0.30544,90.0,17.2
2023-01-11 18:00:00,0.0,1014.2,16.1,190.0,13.0,0.279795,81.0,19.4
2023-01-11 19:00:00,0.0,1011.3,16.1,200.0,20.5,0.289131,66.0,22.8
2023-01-11 20:00:00,0.0,1010.3,16.2,190.0,22.3,0.292819,62.0,23.9
2023-01-11 21:00:00,0.0,1010.0,16.1,180.0,9.4,0.323882,60.0,24.4
2023-01-11 22:00:00,0.0,1010.0,16.1,180.0,9.4,0.361457,60.0,24.4
2023-01-11 23:00:00,0.0,1009.7,15.6,220.0,13.0,0.425715,54.0,25.6
2023-01-12 00:00:00,0.0,1009.7,15.6,0.0,0.0,0.469686,56.0,25.0
2023-01-12 01:00:00,0.0,1010.4,14.4,320.0,5.4,0.476602,75.0,18.9
2023-01-12 02:00:00,0.0,1010.4,14.4,320.0,5.4,0.46352,75.0,18.9
2023-01-12 03:00:00,0.0,1011.0,13.9,0.0,0.0,0.438912,81.0,17.2
2023-01-12 04:00:00,0.0,1011.0,13.9,0.0,0.0,0.397591,81.0,17.2
2023-01-12 05:00:00,0.0,1012.7,12.7,290.0,5.4,0.353619,83.0,15.6
2023-01-12 06:00:00,0.0,1013.3,12.7,0.0,0.0,0.307112,75.0,17.2
2023-01-12 07:00:00,0.0,1014.1,8.4,330.0,5.4,0.280429,58.0,16.7
2023-01-12 08:00:00,0.0,1014.6,-0.5,340.0,14.8,0.261584,31.0,16.7
2023-01-12 09:00:00,0.0,1014.6,-0.5,340.0,14.8,0.254207,31.0,16.7
2023-01-12 10:00:00,0.0,1016.5,-5.8,340.0,20.5,0.255705,21.0,16.7
2023-01-12 11:00:00,0.0,1017.4,-6.1,340.0,20.5,0.28187,22.0,15.6
2023-01-12 12:00:00,0.0,1019.5,-4.9,340.0,16.6,0.313624,26.0,14.4
2023-01-12 13:00:00,0.0,1019.5,-4.9,340.0,16.6,0.351948,26.0,14.4
2023-01-12 14:00:00,0.0,1022.9,-1.2,360.0,38.9,0.330625,38.0,12.8
2023-01-12 15:00:00,0.0,1024.6,-0.6,340.0,29.5,0.297603,37.0,13.9
2023-01-12 16:00:00,0.0,1025.8,0.0,340.0,24.1,0.265099,40.0,13.3
2023-01-12 17:00:00,0.0,1026.0,0.6,340.0,24.1,0.218592,39.0,14.4
2023-01-12 18:00:00,0.0,1026.0,0.6,330.0,33.5,0.257319,39.0,14.4
2023-01-12 19:00:00,0.0,1024.3,1.0,320.0,24.1,0.291263,36.0,16.1
2023-01-12 20:00:00,0.0,1023.8,0.4,320.0,24.1,0.229311,31.0,17.8
2023-01-12 21:00:00,0.0,1023.8,0.4,340.0,27.7,0.308207,31.0,17.8
2023-01-12 22:00:00,0.0,1024.8,-1.5,330.0,29.5,0.30861,28.0,17.2
2023-01-12 23:00:00,0.0,1024.8,-1.5,330.0,25.9,0.349758,28.0,17.2
2023-01-13 00:00:00,0.0,1026.4,-3.4,340.0,14.8,0.408426,29.0,14.4
2023-01-13 01:00:00,0.0,1026.9,-3.4,320.0,9.4,0.41609,36.0,11.1
2023-01-13 02:00:00,0.0,1026.9,-3.4,320.0,9.4,0.431939,36.0,11.1
2023-01-13 03:00:00,0.0,1027.7,-3.3,320.0,7.6,0.425945,39.0,10.0
2023-01-13 04:00:00,0.0,1028.5,-2.7,320.0,9.4,0.383875,46.0,8.3
2023-01-13 05:00:00,0.0,1028.8,-2.8,320.0,9.4,0.346358,49.0,7.2
2023-01-13 06:00:00,0.0,1029.0,-3.4,290.0,7.6,0.3142,47.0,7.2
2023-01-13 07:00:00,0.0,1029.2,-3.3,310.0,13.0,0.292877,62.0,3.3
2023-01-13 08:00:00,0.0,1029.2,-3.3,310.0,13.0,0.295816,62.0,3.3
2023-01-13 09:00:00,0.0,1029.6,-3.3,320.0,9.4,0.29766,67.0,2.2
2023-01-13 10:00:00,0.0,1029.3,-3.3,300.0,14.8,0.304979,62.0,3.3
2023-01-13 11:00:00,0.0,1029.8,-3.9,310.0,9.4,0.332181,64.0,2.2
2023-01-13 12:00:00,0.0,1029.8,-3.3,300.0,5.4,0.395689,62.0,3.3
2023-01-13 13:00:00,0.0,1029.8,-3.3,300.0,5.4,0.439315,62.0,3.3
2023-01-13 14:00:00,0.0,1031.1,-2.8,320.0,11.2,0.440526,49.0,7.2
2023-01-13 15:00:00,0.0,1031.5,-2.7,320.0,7.6,0.365145,38.0,11.1
2023-01-13 16:00:00,0.0,1031.3,-3.4,10.0,11.2,0.303711,30.0,13.9
2023-01-13 17:00:00,0.0,1031.3,-3.4,10.0,11.2,0.272361,30.0,13.9
2023-01-13 18:00:00,0.0,1030.3,-3.9,310.0,7.6,0.262102,27.0,15.0
2023-01-13 19:00:00,0.0,1027.7,-4.1,360.0,5.4,0.24758,23.0,17.2
2023-01-13 20:00:00,0.0,1026.5,-3.1,0.0,0.0,0.256224,24.0,17.8
2023-01-13 21:00:00,0.0,1026.2,-3.8,30.0,7.6,0.275761,22.0,18.3
2023-01-13 22:00:00,0.0,1026.2,-3.8,30.0,7.6,0.295528,22.0,18.3
2023-01-13 23:00:00,0.0,1026.1,-3.6,100.0,5.4,0.335408,23.0,17.8
2023-01-14 00:00:00,0.0,1026.7,-4.1,140.0,9.4,0.379092,33.0,11.7
2023-01-14 01:00:00,0.0,1026.7,-4.1,140.0,9.4,0.39154,33.0,11.7
2023-01-14 02:00:00,0.0,1026.6,-2.8,0.0,0.0,0.386123,39.0,10.6
2023-01-14 03:00:00,0.0,1026.6,-2.8,0.0,0.0,0.401452,39.0,10.6
2023-01-14 04:00:00,0.0,1026.7,-2.2,0.0,0.0,0.387679,44.0,9.4
2023-01-14 05:00:00,0.0,1026.4,-2.2,300.0,5.4,0.359325,62.0,4.4
2023-01-14 06:00:00,0.0,1026.3,-2.2,300.0,9.4,0.330913,62.0,4.4
2023-01-14 07:00:00,0.0,1026.1,-2.7,310.0,5.4,0.320943,62.0,3.9
2023-01-14 08:00:00,0.0,1026.1,-2.7,310.0,5.4,0.313105,62.0,3.9
2023-01-14 09:00:00,0.0,1025.4,-3.3,300.0,9.4,0.315295,67.0,2.2
2023-01-14 10:00:00,0.0,1025.3,-3.4,310.0,9.4,0.314027,69.0,1.7
2023-01-14 11:00:00,0.0,1025.3,-4.0,300.0,9.4,0.336734,69.0,1.1
2023-01-14 12:00:00,0.0,1025.6,-4.0,300.0,7.6,0.348375,69.0,1.1
2023-01-14 13:00:00,0.0,1025.6,-4.0,300.0,7.6,0.380994,69.0,1.1
2023-01-14 14:00:00,0.0,1026.1,-3.3,0.0,0.0,0.397822,51.0,6.1
2023-01-14 15:00:00,0.0,1026.3,-3.3,160.0,9.4,0.369871,39.0,10.0
2023-01-14 16:00:00,0.0,1026.0,-4.4,160.0,18.4,0.328723,30.0,12.8
2023-01-14 17:00:00,0.0,1024.8,-4.9,140.0,18.4,0.299562,26.0,14.4
2023-01-14 18:00:00,0.0,1024.8,-4.9,140.0,18.4,0.266194,26.0,14.4
2023-01-14 19:00:00,0.0,1021.5,-4.1,170.0,20.5,0.239799,23.0,17.2
2023-01-14 20:00:00,0.0,1020.5,-3.2,180.0,13.0,0.246657,23.0,18.3
2023-01-14 21:00:00,0.0,1020.5,-3.2,180.0,13.0,0.248444,23.0,18.3
2023-01-14 22:00:00,0.0,1019.7,-5.1,160.0,13.0,0.295009,20.0,18.3
2023-01-14 23:00:00,0.0,1019.5,-3.8,160.0,18.4,0.329645,22.0,18.3
2023-01-15 00:00:00,0.0,1019.3,-2.4,150.0,16.6,0.367854,27.0,16.7
2023-01-15 01:00:00,0.0,1019.1,-1.7,150.0,14.8,0.387679,34.0,13.9
2023-01-15 02:00:00,0.0,1019.3,3.4,150.0,24.1,0.388831,49.0,13.9
2023-01-15 03:00:00,0.0,1019.3,3.4,150.0,24.1,0.390503,49.0,13.9
2023-01-15 04:00:00,0.0,1019.4,5.7,160.0,18.4,0.391886,60.0,13.3
2023-01-15 05:00:00,0.0,1018.6,6.7,170.0,13.0,0.359325,69.0,12.2
2023-01-15 06:00:00,0.0,1017.6,7.2,170.0,16.6,0.330394,74.0,11.7
2023-01-15 07:00:00,0.0,1016.9,7.8,180.0,14.8,0.311837,77.0,11.7
2023-01-15 08:00:00,0.0,1016.9,7.8,180.0,14.8,0.295297,77.0,11.7
2023-01-15 09:00:00,0.0,1016.1,7.2,190.0,11.2,0.313105,77.0,11.1
2023-01-15 10:00:00,0.0,1015.3,7.2,210.0,5.4,0.30763,83.0,10.0
2023-01-15 11:00:00,0.0,1015.0,7.2,0.0,0.0,0.298409,83.0,10.0
2023-01-15 12:00:00,0.0,1015.0,7.2,0.0,0.0,0.306708,83.0,10.0
2023-01-15 13:00:00,0.0,1015.1,7.2,0.0,0.0,0.317543,86.0,9.4
2023-01-15 14:00:00,0.0,1015.3,9.4,190.0,13.0,0.334371,83.0,12.2
2023-01-15 15:00:00,0.0,1015.1,11.2,190.0,24.1,0.309935,78.0,15.0
2023-01-15 16:00:00,0.0,1014.8,11.6,190.0,24.1,0.289477,65.0,18.3
2023-01-15 17:00:00,0.0,1014.8,11.6,180.0,29.5,0.259221,65.0,18.3
2023-01-15 18:00:00,0.0,1011.2,11.2,170.0,24.1,0.285731,55.0,20.6
2023-01-15 19:00:00,0.0,1009.2,11.0,160.0,22.3,0.25219,49.0,22.2
2023-01-15 20:00:00,0.0,1007.9,10.0,160.0,22.3,0.268326,43.0,23.3
2023-01-15 21:00:00,0.0,1007.6,9.9,150.0,24.1,0.321404,44.0,22.8
2023-01-15 22:00:00,0.0,1007.6,9.9,150.0,24.1,0.364684,44.0,22.8
2023-01-15 23:00:00,0.0,1006.8,10.5,150.0,11.2,0.377132,49.0,21.7
2023-01-16 00:00:00,0.0,1007.7,11.2,130.0,18.4,0.39056,59.0,19.4
2023-01-16 01:00:00,0.0,1007.7,11.2,130.0,18.4,0.421104,59.0,19.4
2023-01-16 02:00:00,0.0,1008.3,12.2,150.0,22.3,0.423813,63.0,19.4
2023-01-16 03:00:00,0.0,1008.3,12.3,140.0,18.4,0.414419,68.0,18.3
2023-01-16 04:00:00,0.0,1008.9,12.7,150.0,14.8,0.386468,75.0,17.2
2023-01-16 05:00:00,0.0,1007.9,13.2,150.0,13.0,0.356097,80.0,16.7
2023-01-16 06:00:00,0.0,1007.9,13.2,150.0,13.0,0.314258,80.0,16.7
2023-01-16 07:00:00,0.0,1007.8,13.4,150.0,9.4,0.287921,84.0,16.1
2023-01-16 08:00:00,0.0,1007.3,14.5,150.0,14.8,0.268442,84.0,17.2
2023-01-16 09:00:00,0.0,1007.2,14.5,180.0,20.5,0.25755,84.0,17.2
2023-01-16 10:00:00,0.0,1007.4,14.5,170.0,14.8,0.255071,84.0,17.2
2023-01-16 11:00:00,0.0,1007.2,15.0,170.0,16.6,0.260085,87.0,17.2
2023-01-16 12:00:00,0.0,1007.2,15.0,170.0,16.6,0.264235,87.0,17.2
2023-01-16 13:00:00,0.0,1009.0,15.5,200.0,11.2,0.285039,90.0,17.2
2023-01-16 14:00:00,0.0,1009.6,15.6,230.0,7.6,0.302155,87.0,17.8
2023-01-16 15:00:00,0.0,1009.6,15.6,230.0,7.6,0.319848,87.0,17.8
2023-01-16 16:00:00,0.0,1010.1,14.4,300.0,5.4,0.339039,78.0,18.3
2023-01-16 17:00:00,0.0,1010.1,14.4,300.0,5.4,0.363877,78.0,18.3
2023-01-16 18:00:00,0.0,1008.2,13.8,0.0,0.0,0.266425,59.0,22.2
2023-01-16 19:00:00,0.0,1007.1,13.3,0.0,5.4,0.299331,57.0,22.2
2023-01-16 20:00:00,0.0,1006.2,12.7,0.0,0.0,0.288843,53.0,22.8
2023-01-16 21:00:00,0.0,1006.0,12.2,170.0,7.6,0.36624,48.0,23.9
2023-01-16 22:00:00,0.0,1006.0,12.2,170.0,7.6,0.391194,48.0,23.9
2023-01-16 23:00:00,0.0,1005.9,12.2,140.0,11.2,0.422718,48.0,23.9
2023-01-17 00:00:00,0.0,1007.0,11.7,160.0,9.4,0.47666,63.0,18.9
2023-01-17 01:00:00,0.0,1007.0,11.7,160.0,9.4,0.486457,63.0,18.9
2023-01-17 02:00:00,0.0,1007.8,12.2,0.0,0.0,0.471934,65.0,18.9
2023-01-17 03:00:00,0.0,1008.3,11.2,0.0,0.0,0.445597,75.0,15.6
2023-01-17 04:00:00,0.0,1008.5,10.7,340.0,7.6,0.40053,81.0,13.9
2023-01-17 05:00:00,0.0,1008.5,10.7,340.0,7.6,0.353792,81.0,13.9
2023-01-17 06:00:00,0.0,1007.8,9.4,0.0,0.0,0.304403,86.0,11.7
2023-01-17 07:00:00,0.0,1007.3,8.8,320.0,5.4,0.273283,86.0,11.1
2023-01-17 08:00:00,0.0,1007.3,8.8,320.0,5.4,0.255878,86.0,11.1
2023-01-17 09:00:00,0.0,1007.6,8.9,300.0,9.4,0.250692,89.0,10.6
2023-01-17 10:00:00,0.0,1007.6,8.9,300.0,9.4,0.253343,89.0,10.6
2023-01-17 11:00:00,0.0,1007.6,8.3,310.0,7.6,0.285673,89.0,10.0
2023-01-17 12:00:00,0.0,1008.0,8.3,300.0,7.6,0.328435,89.0,10.0
2023-01-17 13:00:00,0.0,1009.2,9.4,290.0,11.2,0.370159,89.0,11.1
2023-01-17 14:00:00,0.0,1009.3,10.7,310.0,7.6,0.357596,81.0,13.9
2023-01-17 15:00:00,0.0,1009.8,11.6,320.0,5.4,0.309071,65.0,18.3
2023-01-17 16:00:00,0.0,1009.5,13.3,0.0,0.0,0.293857,59.0,21.7
2023-01-17 17:00:00,0.0,1009.5,13.3,0.0,0.0,0.310858,59.0,21.7
2023-01-17 18:00:00,0.0,1006.7,12.8,150.0,16.6,0.259394,45.0,25.6
2023-01-17 19:00:00,0.0,1005.1,13.8,130.0,20.5,0.273628,48.0,25.6
2023-01-17 20:00:00,0.0,1004.4,13.9,130.0,22.3,0.29985,50.0,25.0
2023-01-17 21:00:00,0.0,1004.4,13.9,130.0,22.3,0.33391,50.0,25.0
2023-01-17 22:00:00,0.0,1004.1,14.5,140.0,20.5,0.38497,52.0,25.0
2023-01-17 23:00:00,0.0,1004.7,14.9,120.0,18.4,0.443522,61.0,22.8
2023-01-18 00:00:00,0.0,1004.5,14.0,110.0,9.4,0.469514,71.0,19.4
2023-01-18 01:00:00,0.0,1004.5,14.0,110.0,9.4,0.482423,71.0,19.4
2023-01-18 02:00:00,0.0,1005.4,16.1,130.0,18.4,0.456893,81.0,19.4
2023-01-18 03:00:00,0.0,1005.9,16.6,150.0,16.6,0.439373,84.0,19.4
2023-01-18 04:00:00,0.0,1005.7,16.6,140.0,13.0,0.412863,84.0,19.4
2023-01-18 05:00:00,0.0,1005.7,16.6,140.0,13.0,0.37598,84.0,19.4
2023-01-18 06:00:00,0.0,1004.8,17.2,140.0,20.5,0.329299,84.0,20.0
2023-01-18 07:00:00,0.0,1004.5,17.9,180.0,9.4,0.288612,91.0,19.4
2023-01-18 08:00:00,0.0,1004.0,17.8,170.0,13.0,0.273167,87.0,20.0
2023-01-18 09:00:00,0.0,1004.1,17.8,190.0,7.6,0.269537,87.0,20.0
2023-01-18 10:00:00,0.0,1004.1,17.8,190.0,7.6,0.264465,87.0,20.0
2023-01-18 11:00:00,0.0,1004.8,17.8,0.0,0.0,0.305959,87.0,20.0
2023-01-18 12:00:00,0.0,1005.9,17.9,320.0,5.4,0.339615,91.0,19.4
2023-01-18 13:00:00,0.0,1006.4,17.2,0.0,0.0,0.382838,90.0,18.9
2023-01-18 14:00:00,1.4,1006.4,17.2,0.0,0.0,0.366067,90.0,18.9
2023-01-18 15:00:00,0.0,1009.7,11.2,340.0,22.3,0.332008,55.0,20.6
2023-01-18 16:00:00,0.0,1009.7,11.2,340.0,22.3,0.29766,55.0,20.6
2023-01-18 17:00:00,0.0,1008.8,4.3,330.0,24.1,0.285154,29.0,23.3
2023-01-18 18:00:00,0.0,1007.9,3.0,340.0,22.3,0.296738,24.0,25.0
2023-01-18 19:00:00,0.0,1007.2,1.8,300.0,22.3,0.290917,22.0,25.0
2023-01-18 20:00:00,0.0,1007.2,1.8,300.0,22.3,0.31397,22.0,25.0
2023-01-18 21:00:00,0.0,1006.9,0.3,290.0,24.1,0.343534,19.0,25.6
2023-01-18 22:00:00,0.0,1006.7,-1.3,290.0,22.3,0.383817,17.0,25.6
2023-01-18 23:00:00,0.0,1007.2,-0.2,290.0,14.8,0.420009,19.0,25.0
2023-01-19 00:00:00,0.0,1007.9,-0.7,320.0,13.0,0.464039,21.0,22.8
2023-01-19 01:00:00,0.0,1009.1,-0.1,300.0,7.6,0.46329,26.0,20.0
2023-01-19 02:00:00,0.0,1011.2,-1.0,320.0,7.6,0.45672,30.0,16.7
2023-01-19 03:00:00,0.0,1012.4,-1.7,300.0,9.4,0.430267,33.0,14.4
2023-01-19 04:00:00,0.0,1012.4,-1.7,300.0,9.4,0.389062,33.0,14.4
2023-01-19 05:00:00,0.0,1013.5,-2.2,310.0,9.4,0.34169,34.0,13.3
2023-01-19 06:00:00,0.0,1013.8,-3.2,320.0,11.2,0.306939,34.0,12.2
2023-01-19 07:00:00,0.0,1014.3,-4.0,260.0,5.4,0.281985,32.0,12.2
2023-01-19 08:00:00,0.0,1014.3,-3.3,290.0,7.6,0.281581,39.0,10.0
2023-01-19 09:00:00,0.0,1014.3,-3.3,290.0,7.6,0.273859,39.0,10.0
2023-01-19 10:00:00,0.0,1015.2,-5.6,310.0,9.4,0.251844,33.0,10.0
2023-01-19 11:00:00,0.0,1016.2,-4.9,0.0,0.0,0.281812,39.0,8.3
2023-01-19 12:00:00,0.0,1017.4,-5.4,0.0,0.0,0.326648,32.0,10.6
2023-01-19 13:00:00,0.0,1018.1,-4.9,0.0,0.0,0.371081,36.0,9.4
2023-01-19 14:00:00,0.0,1018.1,-4.9,0.0,0.0,0.364338,36.0,9.4
2023-01-19 15:00:00,0.0,1020.3,-4.4,10.0,14.8,0.316793,26.0,15.0
2023-01-19 16:00:00,0.0,1020.6,-4.1,20.0,16.6,0.284636,23.0,17.2
2023-01-19 17:00:00,0.0,1020.0,-3.8,50.0,14.8,0.249942,22.0,18.3
2023-01-19 18:00:00,0.0,1020.0,-3.8,50.0,14.8,0.230579,22.0,18.3
2023-01-19 19:00:00,0.0,1018.1,-4.6,40.0,5.4,0.225853,18.0,20.6
2023-01-19 20:00:00,0.0,1018.1,-4.6,40.0,5.4,0.249078,18.0,20.6
2023-01-19 21:00:00,0.0,1017.2,-4.2,50.0,11.2,0.272764,18.0,21.1
2023-01-19 22:00:00,0.0,1017.1,-3.8,70.0,11.2,0.298064,19.0,20.6
2023-01-19 23:00:00,0.0,1017.1,-3.8,70.0,11.2,0.343764,19.0,20.6
2023-01-20 00:00:00,0.0,1018.6,-2.9,100.0,11.2,0.409751,28.0,15.6
2023-01-20 01:00:00,0.0,1019.1,-2.9,80.0,9.4,0.426464,28.0,15.6
2023-01-20 02:00:00,0.0,1019.7,-2.4,80.0,11.2,0.437125,29.0,15.6
2023-01-20 03:00:00,0.0,1019.7,-2.4,80.0,11.2,0.394594,29.0,15.6
2023-01-20 04:00:00,0.0,1020.1,-1.9,70.0,5.4,0.377939,35.0,13.3
2023-01-20 05:00:00,0.0,1020.2,-1.2,60.0,5.4,0.334025,38.0,12.8
2023-01-20 06:00:00,0.0,1019.4,-1.0,50.0,5.4,0.291033,40.0,12.2
2023-01-20 07:00:00,0.0,1019.4,-0.5,40.0,7.6,0.274089,40.0,12.8
2023-01-20 08:00:00,0.0,1019.4,-0.5,40.0,7.6,0.260143,40.0,12.8
2023-01-20 09:00:00,0.0,1019.5,-1.2,60.0,5.4,0.258645,38.0,12.8
2023-01-20 10:00:00,0.0,1019.0,-1.2,60.0,9.4,0.251844,38.0,12.8
2023-01-20 11:00:00,0.0,1019.4,-1.2,80.0,11.2,0.286249,38.0,12.8
2023-01-20 12:00:00,0.0,1020.5,-1.1,70.0,9.4,0.321692,37.0,13.3
2023-01-20 13:00:00,0.0,1020.5,-1.1,70.0,9.4,0.360881,37.0,13.3
2023-01-20 14:00:00,0.0,1021.5,-1.1,60.0,11.2,0.36722,37.0,13.3
2023-01-20 15:00:00,0.0,1021.8,-0.7,70.0,16.6,0.353504,38.0,13.3
2023-01-20 16:00:00,0.0,1022.3,-0.7,70.0,24.1,0.356558,38.0,13.3
2023-01-20 17:00:00,0.0,1021.5,0.0,90.0,20.5,0.341229,36.0,15.0
2023-01-20 18:00:00,0.0,1021.5,0.0,90.0,20.5,0.34169,36.0,15.0
2023-01-20 19:00:00,0.0,1019.4,0.2,70.0,16.6,0.315122,34.0,16.1
2023-01-20 20:00:00,0.0,1018.7,0.2,90.0,18.4,0.348605,35.0,15.6
2023-01-20 21:00:00,0.0,1018.7,0.2,90.0,18.4,0.352409,35.0,15.6
2023-01-20 22:00:00,0.0,1018.3,1.0,50.0,13.0,0.366989,40.0,14.4
2023-01-20 23:00:00,0.0,1018.3,1.0,50.0,13.0,0.365145,40.0,14.4
2023-01-21 00:00:00,0.0,1018.6,1.8,70.0,14.8,0.392001,44.0,13.9
2023-01-21 01:00:00,0.0,1018.7,2.2,80.0,14.8,0.399608,47.0,13.3
2023-01-21 02:00:00,0.0,1018.9,2.3,70.0,14.8,0.391252,49.0,12.8
2023-01-21 03:00:00,0.0,1018.9,2.3,70.0,14.8,0.380014,49.0,12.8
2023-01-21 04:00:00,0.0,1018.9,2.9,90.0,11.2,0.368372,51.0,12.8
2023-01-21 05:00:00,0.0,1018.2,2.9,80.0,11.2,0.356501,53.0,12.2
2023-01-21 06:00:00,0.0,1018.2,2.9,80.0,11.2,0.326994,53.0,12.2
2023-01-21 07:00:00,0.0,1016.9,4.0,80.0,9.4,0.300542,59.0,11.7
2023-01-21 08:00:00,0.0,1016.9,4.0,80.0,9.4,0.280198,59.0,11.7
2023-01-21 09:00:00,0.0,1015.6,3.9,100.0,13.0,0.267981,61.0,11.1
2023-01-21 10:00:00,0.0,1015.2,5.0,100.0,16.6,0.273628,66.0,11.1
2023-01-21 11:00:00,0.0,1015.2,5.6,110.0,9.4,0.26873,69.0,11.1
2023-01-21 12:00:00,0.0,1015.6,6.6,110.0,7.6,0.27553,74.0,11.1
2023-01-21 13:00:00,0.0,1015.6,6.6,110.0,7.6,0.29184,74.0,11.1
2023-01-21 14:00:00,0.0,1016.7,7.8,360.0,13.0,0.316448,80.0,11.1
2023-01-21 15:00:00,0.1,1016.9,7.8,360.0,13.0,0.336272,80.0,11.1
2023-01-21 16:00:00,0.4,1016.8,8.3,340.0,11.2,0.357307,77.0,12.2
2023-01-21 17:00:00,0.0,1015.6,8.9,30.0,7.6,0.361399,80.0,12.2
2023-01-21 18:00:00,0.0,1015.6,8.9,30.0,7.6,0.370505,80.0,12.2
2023-01-21 19:00:00,0.0,1012.4,9.5,100.0,7.6,0.2821,65.0,16.1
2023-01-21 20:00:00,0.0,1012.4,9.5,359.0,7.6,0.263197,65.0,16.1
2023-01-21 21:00:00,0.0,1011.3,9.9,0.0,0.0,0.26873,60.0,17.8
2023-01-21 22:00:00,0.0,1010.9,9.9,100.0,9.4,0.293453,58.0,18.3
2023-01-21 23:00:00,0.0,1010.8,9.4,140.0,13.0,0.352812,60.0,17.2
2023-01-22 00:00:00,0.0,1011.8,8.9,130.0,9.4,0.37258,72.0,13.9
2023-01-22 01:00:00,0.0,1012.5,9.4,0.0,0.0,0.399435,77.0,13.3
2023-01-22 02:00:00,0.0,1013.0,8.9,0.0,0.0,0.389926,83.0,11.7
2023-01-22 03:00:00,0.0,1013.0,8.9,0.0,0.0,0.385143,83.0,11.7
2023-01-22 04:00:00,0.0,1013.7,7.2,310.0,7.6,0.363704,89.0,8.9
2023-01-22 05:00:00,0.0,1013.7,7.2,310.0,7.6,0.345551,89.0,8.9
2023-01-22 06:00:00,0.0,1013.7,5.6,300.0,9.4,0.320655,86.0,7.8
2023-01-22 07:00:00,0.0,1014.6,1.6,300.0,7.6,0.307054,70.0,6.7
2023-01-22 08:00:00,0.0,1014.6,1.6,300.0,7.6,0.291263,70.0,6.7
2023-01-22 09:00:00,0.0,1015.0,-3.9,330.0,13.0,0.28746,39.0,9.4
2023-01-22 10:00:00,0.0,1015.0,-3.9,330.0,13.0,0.282792,39.0,9.4
2023-01-22 11:00:00,0.0,1015.3,-4.0,330.0,24.1,0.298006,43.0,7.8
2023-01-22 12:00:00,0.0,1016.0,-3.3,330.0,24.1,0.306996,49.0,6.7
2023-01-22 13:00:00,0.0,1016.0,-3.3,330.0,24.1,0.326763,49.0,6.7
2023-01-22 14:00:00,0.0,1017.3,-2.8,350.0,18.4,0.336849,47.0,7.8
2023-01-22 15:00:00,0.0,1018.0,-2.7,330.0,25.9,0.324746,41.0,10.0
2023-01-22 16:00:00,0.0,1018.1,-2.1,330.0,25.9,0.310512,37.0,12.2
2023-01-22 17:00:00,0.0,1018.1,-2.1,360.0,22.3,0.288324,37.0,12.2
2023-01-22 18:00:00,0.0,1015.9,-3.3,290.0,11.2,0.27115,27.0,15.6
2023-01-22 19:00:00,0.0,1014.7,-4.1,310.0,18.4,0.273052,23.0,17.2
2023-01-22 20:00:00,0.0,1014.0,-4.4,330.0,22.3,0.281236,21.0,18.3
2023-01-22 21:00:00,0.0,1013.6,-4.4,340.0,13.0,0.302905,21.0,18.3
2023-01-22 22:00:00,0.0,1013.6,-4.4,340.0,13.0,0.315929,21.0,18.3
2023-01-22 23:00:00,0.0,1014.0,-5.7,330.0,14.8,0.365779,19.0,18.3
2023-01-23 00:00:00,0.0,1015.5,-4.3,20.0,11.2,0.372291,28.0,13.9
2023-01-23 01:00:00,0.0,1016.4,-4.1,40.0,11.2,0.436146,33.0,11.7
2023-01-23 02:00:00,0.0,1017.3,-3.9,50.0,5.4,0.431305,36.0,10.6
2023-01-23 03:00:00,0.0,1017.3,-3.9,50.0,5.4,0.441736,36.0,10.6
2023-01-23 04:00:00,0.0,1017.7,-4.0,40.0,11.2,0.40151,40.0,8.9
2023-01-23 05:00:00,0.0,1018.2,-4.0,70.0,9.4,0.371081,43.0,7.8
2023-01-23 06:00:00,0.0,1018.7,-3.8,0.0,0.0,0.337079,47.0,6.7
2023-01-23 07:00:00,0.0,1019.0,-3.8,40.0,5.4,0.324458,49.0,6.1
2023-01-23 08:00:00,0.0,1019.0,-3.8,40.0,5.4,0.316217,49.0,6.1
2023-01-23 09:00:00,0.0,1019.9,-3.2,0.0,0.0,0.323306,53.0,5.6
2023-01-23 10:00:00,0.0,1021.0,-3.3,360.0,5.4,0.312125,62.0,3.3
2023-01-23 11:00:00,0.0,1021.7,-2.7,60.0,7.6,0.346819,60.0,4.4
2023-01-23 12:00:00,0.0,1021.7,-2.7,60.0,7.6,0.409405,60.0,4.4
2023-01-23 13:00:00,0.0,1022.2,-2.8,60.0,5.4,0.45476,57.0,5.0
2023-01-23 14:00:00,0.0,1023.0,-2.3,80.0,13.0,0.433379,51.0,7.2
2023-01-23 15:00:00,0.0,1023.4,-2.7,80.0,22.3,0.362264,41.0,10.0
2023-01-23 16:00:00,0.0,1023.8,-2.8,110.0,22.3,0.339442,35.0,12.2
2023-01-23 17:00:00,0.0,1023.8,-2.8,110.0,22.3,0.334544,35.0,12.2
2023-01-23 18:00:00,0.0,1021.3,-3.9,100.0,22.3,0.333103,30.0,13.3
2023-01-23 19:00:00,0.0,1019.8,-3.0,100.0,24.1,0.248386,30.0,14.4
2023-01-23 20:00:00,0.0,1018.8,-3.9,100.0,20.5,0.305267,28.0,14.4
2023-01-23 21:00:00,0.0,1019.0,-3.4,110.0,18.4,0.320194,30.0,13.9
2023-01-23 22:00:00,0.0,1019.0,-3.4,110.0,18.4,0.361687,30.0,13.9
2023-01-23 23:00:00,0.0,1018.1,-3.9,100.0,22.3,0.379092,29.0,13.9
2023-01-24 00:00:00,0.0,1018.1,-3.5,100.0,22.3,0.436319,31.0,13.3
2023-01-24 01:00:00,0.0,1018.2,-2.7,100.0,22.3,0.441909,34.0,12.8
2023-01-24 02:00:00,0.0,1018.2,-2.7,100.0,24.1,0.456028,34.0,12.8
2023-01-24 03:00:00,0.0,1018.9,0.6,90.0,20.5,0.44479,45.0,12.2
2023-01-24 04:00:00,0.0,1017.4,-0.1,100.0,25.9,0.422199,46.0,11.1
2023-01-24 05:00:00,0.0,1016.5,1.1,90.0,20.5,0.37719,52.0,10.6
2023-01-24 06:00:00,0.0,1015.3,2.9,80.0,13.0,0.332988,59.0,10.6
2023-01-24 07:00:00,0.0,1015.3,2.9,80.0,13.0,0.301003,59.0,10.6
2023-01-24 08:00:00,0.0,1013.2,6.7,60.0,20.5,0.293741,86.0,8.9
2023-01-24 09:00:00,0.2,1012.3,7.2,70.0,16.6,0.285673,93.0,8.3
2023-01-24 10:00:00,0.5,1012.3,7.2,70.0,16.6,0.295009,93.0,8.3
2023-01-24 11:00:00,2.0,1011.0,7.9,70.0,20.5,0.322614,97.0,8.3
2023-01-24 12:00:00,2.5,1009.6,7.8,20.0,7.6,0.367796,93.0,8.9
2023-01-24 13:00:00,1.4,1008.4,8.9,60.0,9.4,0.399435,97.0,9.4
2023-01-24 14:00:00,0.8,1008.6,9.4,320.0,14.8,0.391425,96.0,10.0
2023-01-24 15:00:00,2.5,1008.6,9.4,320.0,14.8,0.384221,96.0,10.0
2023-01-24 16:00:00,0.5,1011.0,8.9,10.0,20.5,0.38278,93.0,10.0
2023-01-24 17:00:00,3.8,1009.1,8.9,320.0,27.7,0.386584,89.0,10.6
2023-01-24 18:00:00,0.3,1009.1,8.9,330.0,22.3,0.36382,89.0,10.6
2023-01-24 19:00:00,0.0,1008.2,7.9,330.0,25.9,0.283598,72.0,12.8
2023-01-24 20:00:00,0.0,1008.5,7.3,300.0,18.4,0.239396,60.0,15.0
2023-01-24 21:00:00,0.0,1008.5,7.3,300.0,18.4,0.319387,60.0,15.0
2023-01-24 22:00:00,0.0,1010.0,5.1,290.0,27.7,0.300369,48.0,16.1
2023-01-24 23:00:00,0.0,1010.0,5.1,290.0,27.7,0.328435,48.0,16.1
2023-01-25 00:00:00,0.0,1012.8,1.2,300.0,33.5,0.404795,45.0,12.8
2023-01-25 01:00:00,0.0,1014.4,1.1,310.0,29.5,0.441966,52.0,10.6
2023-01-25 02:00:00,0.0,1014.4,1.1,310.0,29.5,0.442831,52.0,10.6
2023-01-25 03:00:00,0.0,1015.0,0.6,310.0,33.5,0.44116,54.0,9.4
2023-01-25 04:00:00,0.0,1015.9,0.5,300.0,22.3,0.444099,58.0,8.3
2023-01-25 05:00:00,0.0,1015.8,-0.1,320.0,25.9,0.404103,60.0,7.2
2023-01-25 06:00:00,0.0,1015.8,-0.1,320.0,25.9,0.372176,60.0,7.2
2023-01-25 07:00:00,0.0,1015.5,-0.1,320.0,20.5,0.341229,62.0,6.7
2023-01-25 08:00:00,0.0,1015.3,0.0,340.0,22.3,0.335581,70.0,5.0
2023-01-25 09:00:00,0.0,1016.7,-0.6,320.0,7.6,0.333506,70.0,4.4
2023-01-25 10:00:00,0.0,1017.8,-0.5,290.0,9.4,0.331432,76.0,3.3
2023-01-25 11:00:00,0.0,1018.7,-0.7,290.0,11.2,0.377017,78.0,2.8
2023-01-25 12:00:00,0.0,1018.7,-0.7,290.0,11.2,0.437932,78.0,2.8
2023-01-25 13:00:00,0.0,1021.0,-1.1,290.0,5.4,0.481731,79.0,2.2
2023-01-25 14:00:00,0.0,1021.8,0.0,300.0,9.4,0.452801,70.0,5.0
2023-01-25 15:00:00,0.0,1022.3,-0.1,0.0,0.0,0.396611,60.0,7.2
2023-01-25 16:00:00,0.0,1022.3,-0.1,0.0,0.0,0.327513,60.0,7.2
2023-01-25 17:00:00,0.0,1022.2,-0.1,330.0,20.5,0.280602,46.0,11.1
2023-01-25 18:00:00,0.0,1020.6,0.5,310.0,20.5,0.262909,43.0,12.8
2023-01-25 19:00:00,0.0,1019.5,-0.1,290.0,24.1,0.239454,37.0,14.4
2023-01-25 20:00:00,0.0,1019.3,-2.0,300.0,24.1,0.247349,31.0,15.0
2023-01-25 21:00:00,0.0,1019.3,-2.0,300.0,24.1,0.250807,31.0,15.0
2023-01-25 22:00:00,0.0,1019.5,-1.5,320.0,31.7,0.27991,31.0,15.6
2023-01-25 23:00:00,0.0,1019.9,-2.1,310.0,24.1,0.329357,32.0,14.4
2023-01-26 00:00:00,0.0,1020.7,-2.3,330.0,22.3,0.394018,35.0,12.8
2023-01-26 01:00:00,0.0,1022.1,-1.7,340.0,14.8,0.426233,41.0,11.1
2023-01-26 02:00:00,0.0,1023.0,-1.0,0.0,0.0,0.447038,52.0,8.3
2023-01-26 03:00:00,0.0,1024.6,-0.6,290.0,9.4,0.449746,62.0,6.1
2023-01-26 04:00:00,0.0,1024.6,-0.6,290.0,9.4,0.444502,62.0,6.1
2023-01-26 05:00:00,0.0,1024.9,-1.2,10.0,14.8,0.399896,53.0,7.8
2023-01-26 06:00:00,0.0,1025.4,-1.1,0.0,0.0,0.359209,62.0,5.6
2023-01-26 07:00:00,0.0,1025.4,-1.1,0.0,0.0,0.343246,62.0,5.6
2023-01-26 08:00:00,0.0,1025.8,-1.1,280.0,7.6,0.338635,73.0,3.3
2023-01-26 09:00:00,0.0,1026.4,-1.0,280.0,5.4,0.348317,76.0,2.8
2023-01-26 10:00:00,0.0,1027.2,-1.1,310.0,7.6,0.36065,79.0,2.2
2023-01-26 11:00:00,0.0,1027.2,-1.1,310.0,7.6,0.399205,79.0,2.2
2023-01-26 12:00:00,0.0,1028.3,-1.7,310.0,11.2,0.449631,78.0,1.7
2023-01-26 13:00:00,0.0,1029.2,-1.8,310.0,9.4,0.496139,75.0,2.2
2023-01-26 14:00:00,0.0,1030.4,-0.7,320.0,9.4,0.460235,64.0,5.6
2023-01-26 15:00:00,0.0,1031.0,-1.0,30.0,13.0,0.393384,50.0,8.9
2023-01-26 16:00:00,0.0,1031.0,-1.0,30.0,13.0,0.326591,50.0,8.9
2023-01-26 17:00:00,0.0,1030.3,-1.8,360.0,5.4,0.29887,39.0,11.7
2023-01-26 18:00:00,0.0,1028.6,-3.1,31.0,11.2,0.298121,33.0,12.8
2023-01-26 19:00:00,0.0,1027.6,-3.9,0.0,0.0,0.245908,30.0,13.3
2023-01-26 20:00:00,0.0,1026.9,-4.8,0.0,7.6,0.245447,27.0,13.9
2023-01-26 21:00:00,0.0,1026.9,-4.8,340.0,7.6,0.254092,27.0,13.9
2023-01-26 22:00:00,0.0,1026.8,-4.8,60.0,7.6,0.274896,27.0,13.9
2023-01-26 23:00:00,0.0,1026.9,-4.5,70.0,9.4,0.322499,31.0,12.2
2023-01-27 00:00:00,0.0,1027.2,-4.0,0.0,0.0,0.385489,37.0,10.0
2023-01-27 01:00:00,0.0,1027.7,-2.1,110.0,5.4,0.434013,46.0,8.9
2023-01-27 02:00:00,0.0,1027.7,-2.1,110.0,5.4,0.431535,46.0,8.9
2023-01-27 03:00:00,0.0,1028.2,-1.1,0.0,0.0,0.437298,60.0,6.1
2023-01-27 04:00:00,0.0,1028.2,-1.1,0.0,0.0,0.418396,60.0,6.1
2023-01-27 05:00:00,0.0,1027.6,-1.7,290.0,5.4,0.395747,70.0,3.3
2023-01-27 06:00:00,0.0,1027.4,-1.7,290.0,7.6,0.365145,72.0,2.8
2023-01-27 07:00:00,0.0,1027.4,-1.7,290.0,7.6,0.354426,72.0,2.8
2023-01-27 08:00:00,0.0,1026.7,-1.7,300.0,7.6,0.342554,72.0,2.8
2023-01-27 09:00:00,0.0,1026.6,-1.7,300.0,9.4,0.3395,72.0,2.8
2023-01-27 10:00:00,0.0,1026.3,-1.0,300.0,5.4,0.344629,76.0,2.8
2023-01-27 11:00:00,0.0,1026.2,-1.1,300.0,7.6,0.379495,73.0,3.3
2023-01-27 12:00:00,0.0,1026.2,-1.1,300.0,7.6,0.424101,73.0,3.3
2023-01-27 13:00:00,0.0,1027.0,0.0,310.0,7.6,0.461561,73.0,4.4
2023-01-27 14:00:00,0.0,1027.2,0.6,0.0,0.0,0.460984,65.0,6.7
2023-01-27 15:00:00,0.0,1027.6,1.8,200.0,7.6,0.411019,59.0,9.4
2023-01-27 16:00:00,0.0,1027.6,1.8,200.0,7.6,0.397418,59.0,9.4
2023-01-27 17:00:00,0.0,1026.5,1.6,130.0,5.4,0.38935,52.0,11.1
2023-01-27 18:00:00,0.0,1024.9,0.0,190.0,14.8,0.375519,43.0,12.2
2023-01-27 19:00:00,0.0,1023.6,-0.5,200.0,16.6,0.36624,40.0,12.8
2023-01-27 20:00:00,0.0,1022.8,1.2,160.0,9.4,0.362264,45.0,12.8
2023-01-27 21:00:00,0.0,1022.8,1.2,160.0,9.4,0.359325,45.0,12.8
2023-01-27 22:00:00,0.0,1022.3,2.1,150.0,13.0,0.364108,48.0,12.8
2023-01-27 23:00:00,0.0,1022.3,2.9,150.0,16.6,0.395804,53.0,12.2
2023-01-28 00:00:00,0.0,1022.3,3.2,120.0,16.6,0.427789,56.0,11.7
2023-01-28 01:00:00,0.0,1022.5,3.4,130.0,16.6,0.42606,59.0,11.1
2023-01-28 02:00:00,0.0,1022.5,3.4,130.0,16.6,0.409463,59.0,11.1
2023-01-28 03:00:00,0.0,1022.6,6.7,130.0,11.2,0.406408,83.0,9.4
2023-01-28 04:00:00,0.0,1022.0,7.8,120.0,9.4,0.401683,93.0,8.9
2023-01-28 05:00:00,0.5,1022.0,7.8,120.0,9.4,0.377305,93.0,8.9
2023-01-28 06:00:00,0.3,1021.4,8.3,90.0,5.4,0.348836,93.0,9.4
2023-01-28 07:00:00,0.3,1019.9,8.9,0.0,0.0,0.330798,97.0,9.4
2023-01-28 08:00:00,1.0,1018.9,8.9,70.0,5.4,0.311319,97.0,9.4
2023-01-28 09:00:00,0.3,1018.4,8.9,0.0,0.0,0.30642,97.0,9.4
2023-01-28 10:00:00,0.1,1017.8,8.9,0.0,0.0,0.309935,97.0,9.4
2023-01-28 11:00:00,0.3,1017.8,9.4,0.0,0.0,0.308783,96.0,10.0
2023-01-28 12:00:00,0.3,1017.8,9.4,0.0,0.0,0.31103,96.0,10.0
2023-01-28 13:00:00,0.0,1017.6,9.4,0.0,0.0,0.322211,96.0,10.0
2023-01-28 14:00:00,0.3,1017.8,10.0,0.0,0.0,0.347222,96.0,10.6
2023-01-28 15:00:00,0.0,1017.9,10.6,0.0,0.0,0.358114,100.0,10.6
2023-01-28 16:00:00,0.0,1018.5,10.6,0.0,0.0,0.379899,97.0,11.1
2023-01-28 17:00:00,0.0,1017.5,12.8,150.0,5.4,0.390964,97.0,13.3
2023-01-28 18:00:00,0.0,1017.5,12.8,150.0,5.4,0.379207,97.0,13.3
2023-01-28 19:00:00,0.0,1015.1,13.9,190.0,7.6,0.377132,97.0,14.4
2023-01-28 20:00:00,0.0,1015.1,13.9,190.0,7.6,0.364915,97.0,14.4
2023-01-28 21:00:00,0.0,1014.6,13.9,220.0,7.6,0.369929,93.0,15.0
2023-01-28 22:00:00,0.0,1014.4,13.9,220.0,11.2,0.376556,93.0,15.0
2023-01-28 23:00:00,0.0,1014.9,13.9,0.0,0.0,0.383068,93.0,15.0
2023-01-29 00:00:00,0.0,1014.7,14.4,0.0,0.0,0.394882,100.0,14.4
2023-01-29 01:00:00,0.0,1014.7,14.4,0.0,0.0,0.399435,100.0,14.4
2023-01-29 02:00:00,0.0,1016.3,13.9,0.0,0.0,0.390503,97.0,14.4
2023-01-29 03:00:00,0.0,1016.0,14.4,0.0,0.0,0.384912,100.0,14.4
2023-01-29 04:00:00,0.0,1016.0,14.4,0.0,0.0,0.372061,100.0,14.4
2023-01-29 05:00:00,0.0,1015.9,14.4,110.0,5.4,0.356789,96.0,15.0
2023-01-29 06:00:00,0.3,1015.5,14.4,110.0,5.4,0.314488,96.0,15.0
2023-01-29 07:00:00,0.0,1014.3,15.0,0.0,0.0,0.296047,100.0,15.0
2023-01-29 08:00:00,0.0,1013.6,15.6,0.0,0.0,0.276395,100.0,15.6
2023-01-29 09:00:00,0.0,1013.5,17.2,170.0,5.4,0.27991,100.0,17.2
2023-01-29 10:00:00,0.2,1013.3,17.2,180.0,7.6,0.273052,96.0,17.8
2023-01-29 11:00:00,0.0,1013.3,17.2,180.0,7.6,0.277605,96.0,17.8
2023-01-29 12:00:00,0.3,1014.1,17.2,290.0,5.4,0.254034,96.0,17.8
2023-01-29 13:00:00,1.3,1014.1,17.2,330.0,5.4,0.268326,96.0,17.8
2023-01-29 14:00:00,0.0,1016.0,17.2,330.0,5.4,0.295643,96.0,17.8
2023-01-29 15:00:00,0.3,1014.9,17.8,0.0,0.0,0.314431,100.0,17.8
2023-01-29 16:00:00,3.1,1015.6,18.3,300.0,7.6,0.325726,84.0,21.1
2023-01-29 17:00:00,0.0,1015.6,17.8,0.0,0.0,0.269364,76.0,22.2
2023-01-29 18:00:00,0.0,1013.4,15.6,110.0,7.6,0.265618,64.0,22.8
2023-01-29 19:00:00,0.0,1011.5,15.6,60.0,14.8,0.344398,58.0,24.4
2023-01-29 20:00:00,0.0,1011.5,15.6,60.0,14.8,0.322384,58.0,24.4
2023-01-29 21:00:00,0.0,1011.4,13.9,100.0,7.6,0.35725,50.0,25.0
2023-01-29 22:00:00,0.0,1012.0,14.5,70.0,16.6,0.409693,54.0,24.4
2023-01-29 23:00:00,0.0,1013.0,14.9,90.0,16.6,0.442773,61.0,22.8
2023-01-30 00:00:00,0.0,1013.0,15.1,90.0,16.6,0.483806,76.0,19.4
2023-01-30 01:00:00,0.0,1017.0,15.1,40.0,29.5,0.519594,76.0,19.4
2023-01-30 02:00:00,0.0,1017.3,8.4,50.0,16.6,0.506512,80.0,11.7
2023-01-30 03:00:00,0.0,1017.3,8.4,30.0,27.7,0.463578,80.0,11.7
2023-01-30 04:00:00,0.0,1017.7,6.1,10.0,22.3,0.417531,86.0,8.3
2023-01-30 05:00:00,0.0,1017.8,6.1,30.0,20.5,0.348721,89.0,7.8
2023-01-30 06:00:00,0.0,1017.8,6.1,30.0,20.5,0.297314,89.0,7.8
2023-01-30 07:00:00,0.0,1017.2,5.0,20.0,20.5,0.266943,86.0,7.2
2023-01-30 08:00:00,0.0,1017.2,5.0,30.0,13.0,0.254726,89.0,6.7
2023-01-30 09:00:00,0.0,1017.4,5.0,30.0,13.0,0.261929,89.0,6.7
2023-01-30 10:00:00,0.0,1017.7,4.4,10.0,18.4,0.25121,85.0,6.7
2023-01-30 11:00:00,0.0,1017.7,4.4,10.0,18.4,0.295067,85.0,6.7
2023-01-30 12:00:00,0.0,1019.2,3.3,10.0,22.3,0.345839,89.0,5.0
2023-01-30 13:00:00,0.0,1020.1,2.3,10.0,22.3,0.39592,89.0,3.9
2023-01-30 14:00:00,0.0,1020.1,1.7,20.0,22.3,0.397822,89.0,3.3
2023-01-30 15:00:00,0.2,1021.4,1.7,20.0,20.5,0.404795,89.0,3.3
2023-01-30 16:00:00,0.3,1022.9,1.0,20.0,29.5,0.381339,92.0,2.2
2023-01-30 17:00:00,0.4,1022.2,0.6,10.0,25.9,0.387506,89.0,2.2
2023-01-30 18:00:00,0.4,1021.5,1.0,10.0,25.9,0.434474,92.0,2.2
2023-01-30 19:00:00,0.3,1020.6,0.6,10.0,24.1,0.445539,89.0,2.2
2023-01-30 20:00:00,0.5,1020.6,0.6,360.0,20.5,0.459716,89.0,2.2
2023-01-30 21:00:00,0.3,1020.2,1.0,360.0,16.6,0.469744,92.0,2.2
2023-01-30 22:00:00,0.1,1020.4,0.5,10.0,20.5,0.455337,92.0,1.7
2023-01-30 23:00:00,0.4,1021.1,0.1,360.0,24.1,0.54207,89.0,1.7
2023-01-31 00:00:00,0.3,1021.7,-0.1,360.0,14.8,0.494122,88.0,1.7
2023-01-31 01:00:00,0.3,1021.7,0.1,360.0,14.8,0.530832,89.0,1.7
2023-01-31 02:00:00,0.3,1022.7,-0.1,20.0,20.5,0.582815,92.0,1.1
2023-01-31 03:00:00,0.1,1022.6,-0.6,20.0,16.6,0.560166,92.0,0.6
2023-01-31 04:00:00,0.0,1022.1,-0.6,20.0,14.8,0.54109,92.0,0.6
2023-01-31 05:00:00,0.0,1022.1,-0.6,10.0,18.4,0.49003,92.0,0.6
2023-01-31 06:00:00,0.0,1022.1,-0.6,10.0,18.4,0.451475,92.0,0.6
2023-01-31 07:00:00,0.2,1021.8,-1.1,20.0,16.6,0.431362,92.0,0.0
2023-01-31 08:00:00,0.5,1021.8,-0.6,30.0,13.0,0.428596,96.0,0.0
2023-01-31 09:00:00,0.5,1021.5,-1.1,20.0,16.6,0.425657,92.0,0.0
2023-01-31 10:00:00,0.4,1021.5,-1.1,20.0,16.6,0.434129,92.0,0.0
2023-01-31 11:00:00,0.3,1021.8,-1.8,10.0,22.3,0.455855,88.0,0.0
2023-01-31 12:00:00,0.0,1022.4,-1.8,350.0,22.3,0.499597,88.0,0.0
2023-01-31 13:00:00,0.6,1022.4,-1.8,350.0,22.3,0.505936,88.0,0.0
2023-01-31 14:00:00,0.6,1024.1,-1.6,10.0,20.5,0.535846,85.0,0.6
2023-01-31 15:00:00,0.3,1024.1,-1.6,10.0,20.5,0.540975,85.0,0.6
2023-01-31 16:00:00,0.3,1025.4,-0.6,20.0,16.6,0.54086,92.0,0.6
2023-01-31 17:00:00,0.5,1025.1,-0.7,360.0,16.6,0.556939,88.0,1.1
2023-01-31 18:00:00,0.2,1024.4,-0.7,350.0,22.3,0.552962,88.0,1.1
2023-01-31 19:00:00,0.3,1024.4,-0.7,350.0,22.3,0.578031,88.0,1.1
2023-01-31 20:00:00,0.2,1023.8,-0.7,350.0,18.4,0.538555,88.0,1.1
2023-01-31 21:00:00,0.1,1023.2,-0.6,10.0,20.5,0.535327,85.0,1.7
2023-01-31 22:00:00,0.0,1023.2,-0.6,10.0,20.5,0.554864,85.0,1.7
2023-01-31 23:00:00,0.0,1024.2,-2.1,10.0,18.4,0.563854,82.0,0.6
2023-02-01 00:00:00,0.0,1024.2,-2.1,10.0,18.4,0.586388,82.0,0.6
2023-02-01 01:00:00,0.0,1025.0,-2.1,10.0,22.3,0.582699,82.0,0.6
2023-02-01 02:00:00,0.0,1025.5,-2.9,10.0,20.5,0.598893,81.0,0.0
2023-02-01 03:00:00,0.0,1025.5,-2.9,20.0,14.8,0.586042,81.0,0.0
2023-02-01 04:00:00,0.0,1025.5,-2.9,30.0,14.8,0.561953,81.0,0.0
2023-02-01 05:00:00,0.0,1025.5,-2.9,30.0,14.8,0.516655,81.0,0.0
2023-02-01 06:00:00,0.2,1025.8,-1.8,360.0,20.5,0.480579,88.0,0.0
2023-02-01 07:00:00,1.0,1025.9,-1.8,340.0,18.4,0.482769,88.0,0.0
2023-02-01 08:00:00,1.8,1025.9,-1.8,340.0,18.4,0.493315,88.0,0.0
2023-02-01 09:00:00,2.5,1025.6,-1.2,20.0,18.4,0.494583,88.0,0.6
2023-02-01 10:00:00,4.1,1025.1,-1.8,10.0,14.8,0.483172,88.0,0.0
2023-02-01 11:00:00,1.5,1024.7,-1.2,10.0,14.8,0.367278,88.0,0.6
2023-02-01 12:00:00,0.2,1024.8,-1.2,10.0,16.6,0.485938,88.0,0.6
2023-02-01 13:00:00,0.3,1024.8,-1.2,10.0,16.6,0.528642,88.0,0.6
2023-02-01 14:00:00,0.2,1026.2,-0.7,340.0,14.8,0.532503,88.0,1.1
2023-02-01 15:00:00,1.0,1026.2,-0.7,340.0,14.8,0.545355,88.0,1.1
2023-02-01 16:00:00,0.3,1026.3,-1.2,10.0,9.4,0.572556,88.0,0.6
2023-02-01 17:00:00,0.0,1026.3,-0.7,360.0,13.0,0.586964,88.0,1.1
2023-02-01 18:00:00,0.3,1025.1,-0.1,40.0,7.6,0.547141,92.0,1.1
2023-02-01 19:00:00,0.3,1024.3,-0.6,10.0,16.6,0.567024,92.0,0.6
2023-02-01 20:00:00,0.3,1024.3,-0.6,10.0,16.6,0.521035,92.0,0.6
2023-02-01 21:00:00,0.2,1023.6,-0.7,360.0,14.8,0.544202,88.0,1.1
2023-02-01 22:00:00,0.1,1023.5,-0.7,360.0,20.5,0.551925,88.0,1.1
2023-02-01 23:00:00,0.0,1023.4,-0.7,360.0,14.8,0.570539,88.0,1.1
2023-02-02 00:00:00,0.0,1023.4,-0.7,360.0,14.8,0.586272,88.0,1.1
2023-02-02 01:00:00,0.0,1023.6,-0.1,10.0,13.0,0.606443,92.0,1.1
2023-02-02 02:00:00,0.0,1023.6,-0.1,10.0,13.0,0.599527,92.0,1.1
2023-02-02 03:00:00,0.0,1023.8,0.1,360.0,11.2,0.5861,89.0,1.7
2023-02-02 04:00:00,0.0,1023.8,0.1,360.0,11.2,0.525184,89.0,1.7
2023-02-02 05:00:00,0.0,1024.2,0.1,360.0,13.0,0.502132,89.0,1.7
2023-02-02 06:00:00,0.3,1023.4,-0.1,10.0,7.6,0.463751,92.0,1.1
2023-02-02 07:00:00,0.3,1023.0,0.1,30.0,11.2,0.45891,89.0,1.7
2023-02-02 08:00:00,0.4,1023.0,0.1,30.0,11.2,0.430728,89.0,1.7
2023-02-02 09:00:00,0.5,1022.5,0.5,340.0,11.2,0.435685,92.0,1.7
2023-02-02 10:00:00,0.3,1022.3,0.5,330.0,7.6,0.432284,92.0,1.7
2023-02-02 11:00:00,0.0,1022.8,0.5,330.0,11.2,0.454242,92.0,1.7
2023-02-02 12:00:00,0.0,1022.8,0.5,10.0,13.0,0.487955,92.0,1.7
2023-02-02 13:00:00,0.0,1022.8,0.5,10.0,13.0,0.506051,92.0,1.7
2023-02-02 14:00:00,0.0,1023.8,0.6,360.0,7.6,0.523283,89.0,2.2
2023-02-02 15:00:00,0.0,1024.9,1.2,330.0,16.6,0.493372,86.0,3.3
2023-02-02 16:00:00,0.1,1025.6,1.8,340.0,16.6,0.45113,83.0,4.4
2023-02-02 17:00:00,0.0,1025.8,1.1,340.0,18.4,0.431823,79.0,4.4
2023-02-02 18:00:00,0.0,1025.3,1.8,330.0,24.1,0.476775,83.0,4.4
2023-02-02 19:00:00,0.0,1025.3,1.8,330.0,24.1,0.454126,83.0,4.4
2023-02-02 20:00:00,0.0,1024.5,3.3,330.0,18.4,0.347741,79.0,6.7
2023-02-02 21:00:00,0.0,1025.3,3.3,320.0,24.1,0.412344,79.0,6.7
2023-02-02 22:00:00,0.0,1025.9,3.3,330.0,16.6,0.390157,79.0,6.7
2023-02-02 23:00:00,0.0,1025.9,3.3,330.0,16.6,0.427098,79.0,6.7
2023-02-03 00:00:00,0.0,1026.2,2.7,350.0,22.3,0.473432,79.0,6.1
2023-02-03 01:00:00,0.0,1027.7,2.7,340.0,18.4,0.5,79.0,6.1
2023-02-03 02:00:00,0.0,1027.7,2.7,340.0,18.4,0.485938,79.0,6.1
2023-02-03 03:00:00,0.0,1029.1,2.8,340.0,11.2,0.483287,82.0,5.6
2023-02-03 04:00:00,0.0,1029.1,2.8,340.0,11.2,0.468534,82.0,5.6
2023-02-03 05:00:00,0.0,1029.9,2.2,340.0,18.4,0.458218,79.0,5.6
2023-02-03 06:00:00,0.0,1029.9,1.7,350.0,16.6,0.418107,79.0,5.0
2023-02-03 07:00:00,0.0,1030.7,1.1,330.0,5.4,0.391482,82.0,3.9
2023-02-03 08:00:00,0.0,1030.7,0.1,340.0,7.6,0.403008,89.0,1.7
2023-02-03 09:00:00,0.0,1030.7,0.1,340.0,7.6,0.396323,89.0,1.7
2023-02-03 10:00:00,0.0,1030.6,0.1,310.0,11.2,0.418568,89.0,1.7
2023-02-03 11:00:00,0.0,1031.5,0.6,270.0,5.4,0.442197,89.0,2.2
2023-02-03 12:00:00,0.0,1032.0,-0.6,340.0,7.6,0.500692,92.0,0.6
2023-02-03 13:00:00,0.0,1032.2,-0.7,0.0,0.0,0.538439,88.0,1.1
2023-02-03 14:00:00,0.0,1033.3,0.6,360.0,16.6,0.523859,70.0,5.6
2023-02-03 15:00:00,0.0,1033.3,0.6,360.0,16.6,0.422775,70.0,5.6
2023-02-03 16:00:00,0.0,1034.3,0.0,20.0,20.5,0.360823,58.0,7.8
2023-02-03 17:00:00,0.0,1034.7,1.1,30.0,18.4,0.303769,56.0,9.4
2023-02-03 18:00:00,0.0,1034.2,1.7,10.0,18.4,0.267865,54.0,10.6
2023-02-03 19:00:00,0.0,1033.2,3.2,20.0,7.6,0.24683,56.0,11.7
2023-02-03 20:00:00,0.0,1032.3,4.0,31.0,5.4,0.233057,55.0,12.8
2023-02-03 21:00:00,0.0,1031.8,3.9,50.0,14.8,0.243834,51.0,13.9
2023-02-03 22:00:00,0.0,1031.4,3.9,80.0,7.6,0.272476,51.0,13.9
2023-02-03 23:00:00,0.0,1031.5,3.9,110.0,5.4,0.311434,53.0,13.3
2023-02-04 00:00:00,0.0,1031.4,5.1,70.0,14.8,0.381973,64.0,11.7
2023-02-04 01:00:00,0.0,1031.9,4.3,90.0,13.0,0.402317,73.0,8.9
2023-02-04 02:00:00,0.0,1032.3,3.8,60.0,11.2,0.403008,76.0,7.8
2023-02-04 03:00:00,0.0,1032.3,3.3,40.0,5.4,0.404737,82.0,6.1
2023-02-04 04:00:00,0.0,1032.0,2.9,0.0,0.0,0.421335,86.0,5.0
2023-02-04 05:00:00,0.0,1031.9,2.9,30.0,5.4,0.39955,86.0,5.0
2023-02-04 06:00:00,0.0,1031.5,3.9,0.0,0.0,0.391482,89.0,5.6
2023-02-04 07:00:00,0.0,1031.1,3.9,30.0,5.4,0.364281,89.0,5.6
2023-02-04 08:00:00,0.0,1030.4,3.4,340.0,5.4,0.37039,93.0,4.4
2023-02-04 09:00:00,0.0,1030.4,3.4,340.0,5.4,0.374308,93.0,4.4
2023-02-04 10:00:00,0.0,1029.3,2.9,340.0,5.4,0.376498,97.0,3.3
2023-02-04 11:00:00,0.0,1029.3,3.3,0.0,0.0,0.365664,96.0,3.9
2023-02-04 12:00:00,0.0,1029.3,2.8,0.0,0.0,0.372637,100.0,2.8
2023-02-04 13:00:00,0.0,1029.3,2.8,0.0,0.0,0.39471,100.0,2.8
2023-02-04 14:00:00,0.0,1029.6,4.0,330.0,5.4,0.417416,97.0,4.4
2023-02-04 15:00:00,0.0,1029.8,5.1,130.0,5.4,0.408137,80.0,8.3
2023-02-04 16:00:00,0.0,1029.5,4.9,110.0,5.4,0.376902,68.0,10.6
2023-02-04 17:00:00,0.0,1028.2,6.2,160.0,18.4,0.313624,64.0,12.8
2023-02-04 18:00:00,0.0,1026.3,6.7,200.0,18.4,0.258875,60.0,14.4
2023-02-04 19:00:00,0.0,1026.3,6.7,200.0,18.4,0.233057,60.0,14.4
2023-02-04 20:00:00,0.0,1023.9,7.3,200.0,16.6,0.296335,56.0,16.1
2023-02-04 21:00:00,0.0,1023.5,6.8,210.0,16.6,0.290629,54.0,16.1
2023-02-04 22:00:00,0.0,1023.0,7.3,170.0,18.4,0.309013,56.0,16.1
2023-02-04 23:00:00,0.0,1023.0,7.3,170.0,18.4,0.325841,56.0,16.1
2023-02-05 00:00:00,0.0,1023.0,6.6,170.0,14.8,0.372464,55.0,15.6
2023-02-05 01:00:00,0.0,1023.2,6.7,180.0,5.4,0.397533,69.0,12.2
2023-02-05 02:00:00,0.0,1023.4,6.7,0.0,0.0,0.388716,77.0,10.6
2023-02-05 03:00:00,0.0,1023.5,6.1,300.0,7.6,0.390618,80.0,9.4
2023-02-05 04:00:00,0.0,1023.5,6.1,300.0,7.6,0.378631,80.0,9.4
2023-02-05 05:00:00,0.0,1023.4,5.6,0.0,0.0,0.367047,86.0,7.8
2023-02-05 06:00:00,0.0,1023.0,5.0,300.0,7.6,0.337944,89.0,6.7
2023-02-05 07:00:00,0.0,1022.4,4.4,300.0,5.4,0.334198,92.0,5.6
2023-02-05 08:00:00,0.0,1022.3,4.4,300.0,7.6,0.332065,92.0,5.6
2023-02-05 09:00:00,0.0,1022.3,4.4,300.0,7.6,0.320424,92.0,5.6
2023-02-05 10:00:00,0.0,1022.1,4.0,0.0,0.0,0.320136,93.0,5.0
2023-02-05 11:00:00,0.0,1022.2,4.0,0.0,0.0,0.326475,93.0,5.0
2023-02-05 12:00:00,0.0,1022.5,4.0,0.0,0.0,0.338578,93.0,5.0
2023-02-05 13:00:00,0.0,1023.1,4.4,310.0,5.4,0.35967,96.0,5.0
2023-02-05 14:00:00,0.0,1023.1,4.4,310.0,5.4,0.356558,96.0,5.0
2023-02-05 15:00:00,0.0,1023.3,9.9,0.0,0.0,0.330048,80.0,13.3
2023-02-05 16:00:00,0.0,1023.2,11.7,190.0,9.4,0.281754,70.0,17.2
2023-02-05 17:00:00,0.0,1022.5,12.2,220.0,18.4,0.256512,65.0,18.9
2023-02-05 18:00:00,0.0,1022.5,12.2,220.0,18.4,0.233518,65.0,18.9
2023-02-05 19:00:00,0.0,1019.9,11.7,220.0,16.6,0.232019,55.0,21.1
2023-02-05 20:00:00,0.0,1019.1,11.7,190.0,11.2,0.239338,53.0,21.7
2023-02-05 21:00:00,0.0,1018.6,10.6,170.0,16.6,0.288151,46.0,22.8
2023-02-05 22:00:00,0.0,1018.4,10.6,160.0,18.4,0.332354,46.0,22.8
2023-02-05 23:00:00,0.0,1018.4,10.6,160.0,18.4,0.362321,46.0,22.8
2023-02-06 00:00:00,0.0,1018.6,10.1,160.0,9.4,0.422257,55.0,19.4
2023-02-06 01:00:00,0.0,1019.0,9.4,0.0,0.0,0.44041,60.0,17.2
2023-02-06 02:00:00,0.0,1018.7,10.0,0.0,0.0,0.45257,72.0,15.0
2023-02-06 03:00:00,0.0,1018.7,9.4,0.0,0.0,0.425945,77.0,13.3
2023-02-06 04:00:00,0.0,1018.7,9.4,0.0,0.0,0.388255,77.0,13.3
2023-02-06 05:00:00,0.0,1018.8,12.1,170.0,11.2,0.338059,83.0,15.0
2023-02-06 06:00:00,0.0,1018.2,12.8,170.0,9.4,0.293338,90.0,14.4
2023-02-06 07:00:00,0.0,1018.2,12.8,170.0,9.4,0.276452,90.0,14.4
2023-02-06 08:00:00,0.0,1019.0,13.4,190.0,9.4,0.259797,90.0,15.0
2023-02-06 09:00:00,0.0,1017.2,13.9,180.0,9.4,0.256397,93.0,15.0
2023-02-06 10:00:00,0.0,1016.4,13.9,210.0,11.2,0.262045,97.0,14.4
2023-02-06 11:00:00,0.0,1016.0,14.4,200.0,16.6,0.283368,96.0,15.0
2023-02-06 12:00:00,0.0,1016.6,14.4,210.0,13.0,0.32538,96.0,15.0
2023-02-06 13:00:00,0.0,1016.6,14.4,210.0,13.0,0.361169,96.0,15.0
2023-02-06 14:00:00,0.0,1016.9,15.0,180.0,16.6,0.354138,93.0,16.1
2023-02-06 15:00:00,0.0,1017.2,15.1,180.0,20.5,0.351141,90.0,16.7
2023-02-06 16:00:00,0.0,1017.1,15.1,180.0,25.9,0.368257,84.0,17.8
2023-02-06 17:00:00,0.0,1017.1,15.1,180.0,25.9,0.360362,84.0,17.8
2023-02-06 18:00:00,0.0,1016.3,15.0,180.0,20.5,0.376153,81.0,18.3
2023-02-06 19:00:00,0.0,1013.0,14.3,180.0,24.1,0.334255,61.0,22.2
2023-02-06 20:00:00,0.0,1011.9,13.8,150.0,27.7,0.268903,59.0,22.2
2023-02-06 21:00:00,0.0,1011.1,13.4,150.0,25.9,0.264408,52.0,23.9
2023-02-06 22:00:00,0.0,1010.4,13.4,140.0,27.7,0.306881,52.0,23.9
2023-02-06 23:00:00,0.0,1010.4,13.4,140.0,27.7,0.347395,52.0,23.9
2023-02-07 00:00:00,0.0,1010.8,14.0,140.0,27.7,0.405314,64.0,21.1
2023-02-07 01:00:00,0.0,1011.1,13.3,130.0,22.3,0.42047,68.0,19.4
2023-02-07 02:00:00,0.0,1011.1,13.3,130.0,22.3,0.442543,68.0,19.4
2023-02-07 03:00:00,0.0,1011.4,13.9,120.0,16.6,0.426233,78.0,17.8
2023-02-07 04:00:00,0.0,1011.8,15.5,150.0,27.7,0.382722,84.0,18.3
2023-02-07 05:00:00,0.0,1011.8,16.1,160.0,18.4,0.343764,87.0,18.3
2023-02-07 06:00:00,0.0,1011.2,16.1,140.0,18.4,0.302905,87.0,18.3
2023-02-07 07:00:00,0.0,1011.2,16.1,140.0,18.4,0.2753,87.0,18.3
2023-02-07 08:00:00,0.0,1010.8,16.1,130.0,18.4,0.261699,90.0,17.8
2023-02-07 09:00:00,0.0,1010.3,16.7,130.0,11.2,0.27651,93.0,17.8
2023-02-07 10:00:00,0.0,1010.3,16.7,130.0,11.2,0.269364,93.0,17.8
2023-02-07 11:00:00,0.0,1010.7,16.6,130.0,14.8,0.290802,90.0,18.3
2023-02-07 12:00:00,0.0,1010.7,16.6,130.0,14.8,0.326072,90.0,18.3
2023-02-07 13:00:00,0.0,1011.3,17.2,150.0,18.4,0.359497,90.0,18.9
2023-02-07 14:00:00,0.0,1012.3,17.2,150.0,22.3,0.356097,87.0,19.4
2023-02-07 15:00:00,0.0,1012.6,17.2,140.0,24.1,0.344168,81.0,20.6
2023-02-07 16:00:00,0.0,1013.3,17.8,160.0,13.0,0.341402,87.0,20.0
2023-02-07 17:00:00,0.2,1013.7,17.1,170.0,5.4,0.353331,78.0,21.1
2023-02-07 18:00:00,0.4,1013.7,17.1,170.0,5.4,0.359901,78.0,21.1
2023-02-07 19:00:00,0.3,1012.3,17.9,210.0,9.4,0.372118,82.0,21.1
2023-02-07 20:00:00,0.3,1011.7,18.4,180.0,7.6,0.36624,87.0,20.6
2023-02-07 21:00:00,1.3,1011.6,18.4,0.0,0.0,0.346531,79.0,22.2
2023-02-07 22:00:00,0.5,1011.6,18.4,0.0,0.0,0.354714,79.0,22.2
2023-02-07 23:00:00,0.5,1012.0,18.3,110.0,14.8,0.366125,84.0,21.1
2023-02-08 00:00:00,0.0,1012.6,18.4,120.0,14.8,0.400357,87.0,20.6
2023-02-08 01:00:00,0.0,1013.0,18.4,110.0,13.0,0.432976,87.0,20.6
2023-02-08 02:00:00,0.3,1013.0,18.4,110.0,13.0,0.435742,87.0,20.6
2023-02-08 03:00:00,0.0,1013.5,12.9,110.0,9.4,0.412114,87.0,15.0
2023-02-08 04:00:00,1.5,1014.4,11.0,340.0,18.4,0.382377,89.0,12.8
2023-02-08 05:00:00,4.8,1014.9,10.6,340.0,18.4,0.350161,93.0,11.7
2023-02-08 06:00:00,0.3,1014.9,10.6,340.0,18.4,0.315007,93.0,11.7
2023-02-08 07:00:00,1.0,1014.2,10.0,350.0,24.1,0.295586,93.0,11.1
2023-02-08 08:00:00,0.5,1014.0,9.4,350.0,18.4,0.265675,89.0,11.1
2023-02-08 09:00:00,1.1,1013.6,8.9,340.0,16.6,0.267808,93.0,10.0
2023-02-08 10:00:00,0.5,1013.7,8.3,330.0,24.1,0.264465,93.0,9.4
2023-02-08 11:00:00,0.5,1014.8,7.8,330.0,22.3,0.300254,93.0,8.9
2023-02-08 12:00:00,0.3,1014.8,7.8,330.0,22.3,0.339212,93.0,8.9
2023-02-08 13:00:00,0.2,1015.4,6.8,320.0,18.4,0.380648,90.0,8.3
2023-02-08 14:00:00,1.0,1016.6,6.8,360.0,20.5,0.382838,90.0,8.3
2023-02-08 15:00:00,0.2,1018.5,6.8,320.0,25.9,0.379668,90.0,8.3
2023-02-08 16:00:00,3.3,1019.1,6.7,310.0,18.4,0.376671,83.0,9.4
2023-02-08 17:00:00,0.0,1019.2,7.2,310.0,16.6,0.380821,83.0,10.0
2023-02-08 18:00:00,0.3,1019.2,7.2,310.0,16.6,0.336157,83.0,10.0
2023-02-08 19:00:00,0.0,1017.9,7.3,300.0,13.0,0.327455,72.0,12.2
2023-02-08 20:00:00,0.0,1016.8,7.3,310.0,13.0,0.311953,60.0,15.0
2023-02-08 21:00:00,0.0,1015.9,7.8,280.0,13.0,0.246427,52.0,17.8
2023-02-08 22:00:00,0.0,1015.9,7.8,280.0,13.0,0.274493,52.0,17.8
2023-02-08 23:00:00,0.0,1015.9,1.6,290.0,13.0,0.320539,35.0,17.2
2023-02-09 00:00:00,0.0,1016.4,2.2,0.0,0.0,0.372637,42.0,15.0
2023-02-09 01:00:00,0.0,1017.3,4.0,0.0,0.0,0.414304,59.0,11.7
2023-02-09 02:00:00,0.0,1018.3,4.4,290.0,9.4,0.445482,68.0,10.0
2023-02-09 03:00:00,0.0,1018.3,4.4,290.0,9.4,0.442888,68.0,10.0
2023-02-09 04:00:00,0.0,1018.2,3.3,290.0,13.0,0.391713,76.0,7.2
2023-02-09 05:00:00,0.0,1018.4,2.7,290.0,11.2,0.369871,79.0,6.1
2023-02-09 06:00:00,0.0,1018.6,2.2,0.0,0.0,0.340998,76.0,6.1
2023-02-09 07:00:00,0.0,1018.6,2.2,0.0,0.0,0.322845,76.0,6.1
2023-02-09 08:00:00,0.0,1018.2,2.3,320.0,5.4,0.319214,89.0,3.9
2023-02-09 09:00:00,0.0,1018.3,1.7,320.0,5.4,0.319963,89.0,3.3
2023-02-09 10:00:00,0.0,1018.5,2.3,310.0,7.6,0.325496,93.0,3.3
2023-02-09 11:00:00,0.0,1018.7,2.3,290.0,11.2,0.368084,93.0,3.3
2023-02-09 12:00:00,0.0,1018.7,2.3,290.0,11.2,0.42583,93.0,3.3
2023-02-09 13:00:00,0.0,1019.2,2.3,300.0,9.4,0.478619,89.0,3.9
2023-02-09 14:00:00,0.0,1019.7,6.2,320.0,5.4,0.438509,83.0,8.9
2023-02-09 15:00:00,0.0,1019.7,6.7,0.0,0.0,0.35529,62.0,13.9
2023-02-09 16:00:00,0.0,1019.8,4.0,200.0,13.0,0.300023,46.0,15.6
2023-02-09 17:00:00,0.0,1019.8,4.0,200.0,13.0,0.249712,46.0,15.6
2023-02-09 18:00:00,0.0,1018.2,2.4,230.0,16.6,0.230118,31.0,20.0
2023-02-09 19:00:00,0.0,1017.1,3.3,200.0,13.0,0.216459,31.0,21.1
2023-02-09 20:00:00,0.0,1016.2,2.4,200.0,22.3,0.223432,29.0,21.1
2023-02-09 21:00:00,0.0,1015.7,2.4,190.0,14.8,0.233287,28.0,21.7
2023-02-09 22:00:00,0.0,1015.7,2.4,190.0,14.8,0.281005,28.0,21.7
2023-02-09 23:00:00,0.0,1015.8,2.4,190.0,14.8,0.326302,28.0,21.7
2023-02-10 00:00:00,0.0,1017.2,4.3,140.0,13.0,0.375346,47.0,15.6
2023-02-10 01:00:00,0.0,1017.5,4.0,0.0,0.0,0.409578,46.0,15.6
2023-02-10 02:00:00,0.0,1018.1,3.2,0.0,0.0,0.412978,47.0,14.4
2023-02-10 03:00:00,0.0,1018.1,3.2,0.0,0.0,0.399954,47.0,14.4
2023-02-10 04:00:00,0.0,1018.8,3.9,220.0,5.4,0.370332,53.0,13.3
2023-02-10 05:00:00,0.0,1021.0,3.9,340.0,18.4,0.334083,53.0,13.3
2023-02-10 06:00:00,0.0,1021.8,3.9,340.0,18.4,0.303077,57.0,12.2
2023-02-10 07:00:00,0.0,1022.3,3.9,350.0,27.7,0.282273,61.0,11.1
2023-02-10 08:00:00,0.0,1022.3,3.9,350.0,27.7,0.280717,61.0,11.1
2023-02-10 09:00:00,0.0,1022.8,3.4,350.0,25.9,0.279103,61.0,10.6
2023-02-10 10:00:00,0.0,1023.6,2.1,350.0,27.7,0.287575,58.0,10.0
2023-02-10 11:00:00,0.0,1023.6,2.1,350.0,27.7,0.30325,58.0,10.0
2023-02-10 12:00:00,0.0,1024.2,1.6,350.0,31.7,0.361572,56.0,10.0
2023-02-10 13:00:00,0.0,1025.9,0.6,340.0,35.3,0.397649,56.0,8.9
2023-02-10 14:00:00,0.0,1026.8,1.1,340.0,33.5,0.385316,58.0,8.9
2023-02-10 15:00:00,0.0,1027.8,1.6,340.0,35.3,0.335005,56.0,10.0
2023-02-10 16:00:00,0.0,1028.6,0.6,340.0,25.9,0.376844,54.0,9.4
2023-02-10 17:00:00,0.0,1028.6,0.6,340.0,25.9,0.375864,54.0,9.4
2023-02-10 18:00:00,0.0,1027.8,0.5,340.0,22.3,0.340883,43.0,12.8
2023-02-10 19:00:00,0.0,1027.2,-0.7,320.0,18.4,0.262275,41.0,12.2
2023-02-10 20:00:00,0.0,1026.5,-2.3,320.0,18.4,0.238474,35.0,12.8
2023-02-10 21:00:00,0.0,1026.0,-3.4,340.0,29.5,0.243315,30.0,13.9
2023-02-10 22:00:00,0.0,1026.0,-3.4,340.0,22.3,0.257146,30.0,13.9
2023-02-10 23:00:00,0.0,1026.8,-4.5,330.0,20.5,0.309071,32.0,11.7
2023-02-11 00:00:00,0.0,1027.8,-4.4,340.0,16.6,0.377248,36.0,10.0
2023-02-11 01:00:00,0.0,1028.7,-4.3,340.0,20.5,0.412517,39.0,8.9
2023-02-11 02:00:00,0.0,1029.2,-3.8,320.0,9.4,0.434532,47.0,6.7
2023-02-11 03:00:00,0.0,1029.2,-3.8,320.0,9.4,0.433091,47.0,6.7
2023-02-11 04:00:00,0.0,1029.4,-3.4,290.0,11.2,0.430671,59.0,3.9
2023-02-11 05:00:00,0.0,1029.2,-3.3,300.0,7.6,0.405256,62.0,3.3
2023-02-11 06:00:00,0.0,1028.7,-3.3,290.0,9.4,0.381973,67.0,2.2
2023-02-11 07:00:00,0.0,1028.7,-3.3,290.0,9.4,0.367162,67.0,2.2
2023-02-11 08:00:00,0.0,1027.8,-4.3,270.0,7.6,0.370735,62.0,2.2
2023-02-11 09:00:00,0.0,1027.6,-4.4,270.0,9.4,0.378976,64.0,1.7
2023-02-11 10:00:00,0.0,1027.4,-5.0,270.0,11.2,0.383299,61.0,1.7
2023-02-11 11:00:00,0.0,1027.7,-5.6,0.0,0.0,0.386468,61.0,1.1
2023-02-11 12:00:00,0.0,1027.7,-5.6,0.0,0.0,0.406754,61.0,1.1
2023-02-11 13:00:00,0.0,1028.8,-5.6,300.0,11.2,0.430728,61.0,1.1
2023-02-11 14:00:00,0.0,1028.6,-7.2,320.0,16.6,0.440756,38.0,6.1
2023-02-11 15:00:00,0.0,1028.7,-8.6,340.0,24.1,0.388428,28.0,8.9
2023-02-11 16:00:00,0.0,1028.6,-8.6,330.0,25.9,0.346646,25.0,10.6
2023-02-11 17:00:00,0.0,1028.6,-8.6,330.0,25.9,0.303884,25.0,10.6
2023-02-11 18:00:00,0.0,1026.8,-9.4,350.0,24.1,0.274205,19.0,13.9
2023-02-11 19:00:00,0.0,1025.6,-8.5,350.0,24.1,0.254034,19.0,15.0
2023-02-11 20:00:00,0.0,1024.4,-7.6,340.0,18.4,0.245966,19.0,16.1
2023-02-11 21:00:00,0.0,1023.8,-5.8,330.0,16.6,0.257377,21.0,16.7
2023-02-11 22:00:00,0.0,1023.8,-5.8,330.0,16.6,0.271669,21.0,16.7
2023-02-11 23:00:00,0.0,1023.6,-6.1,340.0,14.8,0.305383,22.0,15.6
2023-02-12 00:00:00,0.0,1023.9,-6.3,40.0,5.4,0.316966,26.0,12.8
2023-02-12 01:00:00,0.0,1024.7,-4.0,340.0,5.4,0.388428,40.0,8.9
2023-02-12 02:00:00,0.0,1024.7,-4.0,340.0,5.4,0.393499,40.0,8.9
2023-02-12 03:00:00,0.0,1024.7,-3.4,0.0,0.0,0.39373,45.0,7.8
2023-02-12 04:00:00,0.0,1024.4,-2.8,0.0,0.0,0.394998,49.0,7.2
2023-02-12 05:00:00,0.0,1024.3,-2.3,280.0,7.6,0.380532,55.0,6.1
2023-02-12 06:00:00,0.0,1023.6,-2.3,300.0,7.6,0.356962,57.0,5.6
2023-02-12 07:00:00,0.0,1023.6,-2.3,300.0,7.6,0.355636,57.0,5.6
2023-02-12 08:00:00,0.0,1023.0,-2.3,290.0,5.4,0.341863,64.0,3.9
2023-02-12 09:00:00,0.0,1022.4,-2.2,300.0,9.4,0.33754,67.0,3.3
2023-02-12 10:00:00,0.0,1022.6,-2.8,300.0,5.4,0.341632,72.0,1.7
2023-02-12 11:00:00,0.0,1022.5,-2.8,320.0,7.6,0.357423,75.0,1.1
2023-02-12 12:00:00,0.0,1022.5,-2.8,320.0,7.6,0.37039,75.0,1.1
2023-02-12 13:00:00,0.0,1023.2,-2.3,310.0,9.4,0.392174,75.0,1.7
2023-02-12 14:00:00,0.0,1023.2,-1.0,330.0,5.4,0.401337,58.0,6.7
2023-02-12 15:00:00,0.0,1023.7,0.0,200.0,11.2,0.391482,50.0,10.0
2023-02-12 16:00:00,0.0,1023.7,0.0,200.0,11.2,0.41269,50.0,10.0
2023-02-12 17:00:00,0.0,1022.4,-0.1,170.0,11.2,0.375807,41.0,12.8
2023-02-12 18:00:00,0.0,1021.4,-1.3,220.0,9.4,0.328492,34.0,14.4
2023-02-12 19:00:00,0.0,1019.8,-2.4,210.0,11.2,0.345781,29.0,15.6
2023-02-12 20:00:00,0.0,1019.0,-4.0,190.0,14.8,0.290053,24.0,16.7
2023-02-12 21:00:00,0.0,1019.0,-4.0,190.0,14.8,0.366125,24.0,16.7
2023-02-12 22:00:00,0.0,1018.2,-4.0,170.0,14.8,0.40808,25.0,16.1
2023-02-12 23:00:00,0.0,1018.3,-4.9,180.0,11.2,0.404219,24.0,15.6
2023-02-13 00:00:00,0.0,1018.3,-4.9,180.0,11.2,0.420067,24.0,15.6
2023-02-13 01:00:00,0.0,1018.1,-2.8,150.0,5.4,0.412863,35.0,12.2
2023-02-13 02:00:00,0.0,1018.1,-2.8,150.0,5.4,0.415341,35.0,12.2
2023-02-13 03:00:00,0.0,1018.6,0.1,0.0,0.0,0.425196,54.0,8.9
2023-02-13 04:00:00,0.0,1018.6,0.1,0.0,0.0,0.417819,54.0,8.9
2023-02-13 05:00:00,0.0,1018.7,0.5,0.0,0.0,0.382895,60.0,7.8
2023-02-13 06:00:00,0.0,1017.9,0.6,290.0,5.4,0.33754,68.0,6.1
2023-02-13 07:00:00,0.0,1017.8,1.0,0.0,0.0,0.328147,70.0,6.1
2023-02-13 08:00:00,0.0,1017.1,1.6,340.0,5.4,0.314892,70.0,6.7
2023-02-13 09:00:00,0.0,1017.1,1.6,340.0,5.4,0.318926,70.0,6.7
2023-02-13 10:00:00,0.0,1016.5,2.7,310.0,5.4,0.303942,79.0,6.1
2023-02-13 11:00:00,0.0,1016.8,2.7,300.0,5.4,0.331489,79.0,6.1
2023-02-13 12:00:00,0.0,1017.1,3.3,300.0,7.6,0.380475,82.0,6.1
2023-02-13 13:00:00,0.0,1017.1,3.3,300.0,7.6,0.430844,82.0,6.1
2023-02-13 14:00:00,0.0,1017.6,5.6,0.0,0.0,0.43044,74.0,10.0
2023-02-13 15:00:00,0.0,1017.9,8.4,140.0,7.6,0.35529,72.0,13.3
2023-02-13 16:00:00,0.0,1017.4,9.4,120.0,14.8,0.35748,69.0,15.0
2023-02-13 17:00:00,0.0,1016.3,10.1,150.0,20.5,0.296508,63.0,17.2
2023-02-13 18:00:00,0.0,1016.3,10.1,150.0,20.5,0.316217,63.0,17.2
2023-02-13 19:00:00,0.0,1013.0,10.7,130.0,22.3,0.236169,55.0,20.0
2023-02-13 20:00:00,0.0,1011.5,11.7,150.0,22.3,0.301579,55.0,21.1
2023-02-13 21:00:00,0.0,1010.4,11.1,120.0,27.7,0.308495,51.0,21.7
2023-02-13 22:00:00,0.0,1010.4,11.1,120.0,27.7,0.320424,51.0,21.7
2023-02-13 23:00:00,0.0,1010.1,11.7,140.0,31.7,0.358114,59.0,20.0
2023-02-14 00:00:00,0.0,1010.1,12.2,120.0,27.7,0.394652,65.0,18.9
2023-02-14 01:00:00,0.0,1010.1,12.2,120.0,27.7,0.417128,65.0,18.9
2023-02-14 02:00:00,0.0,1009.5,13.3,130.0,27.7,0.418396,75.0,17.8
2023-02-14 03:00:00,0.0,1008.9,13.9,140.0,27.7,0.408656,78.0,17.8
2023-02-14 04:00:00,0.0,1008.9,13.9,140.0,27.7,0.378515,78.0,17.8
2023-02-14 05:00:00,0.0,1007.2,14.5,150.0,27.7,0.3395,81.0,17.8
2023-02-14 06:00:00,0.0,1007.2,14.5,150.0,27.7,0.328665,81.0,17.8
2023-02-14 07:00:00,0.0,1005.0,15.5,160.0,25.9,0.299735,90.0,17.2
2023-02-14 08:00:00,0.2,1004.1,15.5,160.0,16.6,0.287056,90.0,17.2
2023-02-14 09:00:00,0.0,1004.1,15.1,170.0,20.5,0.249424,84.0,17.8
2023-02-14 10:00:00,0.4,1003.9,15.0,190.0,14.8,0.250288,81.0,18.3
2023-02-14 11:00:00,0.0,1003.9,15.0,190.0,14.8,0.283771,81.0,18.3
2023-02-14 12:00:00,0.3,1004.7,15.5,190.0,11.2,0.32198,90.0,17.2
2023-02-14 13:00:00,0.0,1004.7,15.5,190.0,11.2,0.359152,90.0,17.2
2023-02-14 14:00:00,0.0,1007.5,15.5,240.0,20.5,0.340307,84.0,18.3
2023-02-14 15:00:00,0.0,1007.8,13.3,270.0,16.6,0.297372,63.0,20.6
2023-02-14 16:00:00,0.0,1007.8,13.3,270.0,16.6,0.257204,63.0,20.6
2023-02-14 17:00:00,0.0,1007.4,1.6,260.0,18.4,0.232826,24.0,23.3
2023-02-14 18:00:00,0.0,1006.4,-3.1,250.0,20.5,0.22666,16.0,24.4
2023-02-14 19:00:00,0.0,1005.3,-8.3,240.0,25.9,0.23248,10.0,25.6
2023-02-14 20:00:00,0.0,1005.0,-7.9,240.0,25.9,0.246657,10.0,26.1
2023-02-14 21:00:00,0.0,1005.0,-7.9,240.0,31.7,0.25657,10.0,26.1
2023-02-14 22:00:00,0.0,1005.5,-8.3,270.0,24.1,0.307284,10.0,25.6
2023-02-14 23:00:00,0.0,1006.0,-9.2,250.0,18.4,0.35627,10.0,24.4
2023-02-15 00:00:00,0.0,1006.9,-9.7,230.0,7.6,0.414246,11.0,22.2
2023-02-15 01:00:00,0.0,1006.9,-9.7,230.0,7.6,0.428308,11.0,22.2
2023-02-15 02:00:00,0.0,1008.0,-3.9,310.0,7.6,0.426925,27.0,15.0
2023-02-15 03:00:00,0.0,1008.1,-2.1,320.0,7.6,0.403181,37.0,12.2
2023-02-15 04:00:00,0.0,1008.3,-1.1,300.0,7.6,0.381282,41.0,11.7
2023-02-15 05:00:00,0.0,1007.7,-0.7,0.0,0.0,0.341056,44.0,11.1
2023-02-15 06:00:00,0.0,1007.7,-0.7,0.0,0.0,0.301464,44.0,11.1
2023-02-15 07:00:00,0.0,1007.8,0.1,270.0,9.4,0.283887,54.0,8.9
2023-02-15 08:00:00,0.0,1007.8,0.6,320.0,7.6,0.263774,56.0,8.9
2023-02-15 09:00:00,0.0,1007.2,1.8,330.0,5.4,0.253688,59.0,9.4
2023-02-15 10:00:00,0.0,1007.2,1.8,330.0,5.4,0.255071,59.0,9.4
2023-02-15 11:00:00,0.0,1007.4,4.3,0.0,0.0,0.289765,63.0,11.1
2023-02-15 12:00:00,0.0,1007.4,4.3,0.0,0.0,0.334889,63.0,11.1
2023-02-15 13:00:00,0.0,1009.0,10.7,0.0,0.0,0.361457,87.0,12.8
2023-02-15 14:00:00,0.0,1007.8,13.9,0.0,0.0,0.356789,97.0,14.4
2023-02-15 15:00:00,0.0,1008.3,15.6,100.0,11.2,0.334198,93.0,16.7
2023-02-15 16:00:00,0.0,1008.3,16.6,160.0,18.4,0.339384,84.0,19.4
2023-02-15 17:00:00,0.0,1007.8,17.1,170.0,22.3,0.313681,78.0,21.1
2023-02-15 18:00:00,0.0,1007.8,17.1,170.0,22.3,0.258414,78.0,21.1
2023-02-15 19:00:00,0.0,1004.5,17.2,140.0,22.3,0.280486,62.0,25.0
2023-02-15 20:00:00,0.0,1004.5,17.2,140.0,22.3,0.296969,62.0,25.0
2023-02-15 21:00:00,0.0,1002.9,16.6,140.0,27.7,0.323248,54.0,26.7
2023-02-15 22:00:00,0.0,1002.9,16.6,140.0,27.7,0.352236,54.0,26.7
2023-02-15 23:00:00,0.0,1002.9,16.7,130.0,18.4,0.410731,58.0,25.6
2023-02-16 00:00:00,0.0,1003.6,16.8,110.0,13.0,0.476141,69.0,22.8
2023-02-16 01:00:00,0.0,1003.6,16.8,110.0,13.0,0.475046,69.0,22.8
2023-02-16 02:00:00,0.0,1005.0,18.9,100.0,16.6,0.443695,84.0,21.7
2023-02-16 03:00:00,0.0,1005.0,18.9,100.0,16.6,0.468476,84.0,21.7
2023-02-16 04:00:00,0.0,1005.7,19.4,120.0,16.6,0.431823,90.0,21.1
2023-02-16 05:00:00,0.0,1006.1,19.4,140.0,14.8,0.400069,90.0,21.1
2023-02-16 06:00:00,0.0,1006.1,19.4,140.0,14.8,0.349297,90.0,21.1
2023-02-16 07:00:00,0.0,1009.7,19.4,330.0,20.5,0.323479,90.0,15.0
2023-02-16 08:00:00,0.3,1009.4,6.8,10.0,14.8,0.291667,58.0,15.0
2023-02-16 09:00:00,0.0,1010.0,0.0,10.0,14.8,0.269421,36.0,15.0
2023-02-16 10:00:00,0.0,1010.0,0.0,360.0,27.7,0.252997,36.0,15.0
2023-02-16 11:00:00,0.0,1012.2,-7.4,340.0,27.7,0.282503,23.0,13.3
2023-02-16 12:00:00,0.0,1013.1,-6.9,350.0,22.3,0.319444,24.0,13.3
2023-02-16 13:00:00,0.0,1014.6,-6.3,350.0,22.3,0.352121,27.0,12.2
2023-02-16 14:00:00,0.0,1016.4,-4.1,360.0,29.5,0.354599,33.0,11.7
2023-02-16 15:00:00,0.0,1016.4,-4.1,360.0,29.5,0.345897,33.0,11.7
2023-02-16 16:00:00,0.0,1018.5,-4.0,350.0,25.9,0.343937,37.0,10.0
2023-02-16 17:00:00,0.0,1019.0,-3.9,10.0,37.1,0.303366,36.0,10.6
2023-02-16 18:00:00,0.0,1018.8,-4.5,350.0,31.7,0.318638,31.0,12.2
2023-02-16 19:00:00,0.0,1018.3,-5.8,360.0,29.5,0.274781,28.0,12.2
2023-02-16 20:00:00,0.0,1018.3,-5.8,360.0,29.5,0.300196,28.0,12.2
2023-02-16 21:00:00,0.0,1018.1,-7.3,350.0,31.7,0.330394,25.0,12.2
2023-02-16 22:00:00,0.0,1019.3,-7.2,340.0,22.3,0.346876,26.0,11.7
2023-02-16 23:00:00,0.0,1020.4,-8.7,340.0,22.3,0.378919,24.0,11.1
2023-02-17 00:00:00,0.0,1021.6,-7.7,350.0,18.4,0.41926,28.0,10.0
2023-02-17 01:00:00,0.0,1021.6,-7.7,350.0,18.4,0.443983,28.0,10.0
2023-02-17 02:00:00,0.0,1024.4,-7.9,340.0,22.3,0.458103,31.0,8.3
2023-02-17 03:00:00,0.0,1025.7,-8.3,340.0,22.3,0.471992,31.0,7.8
2023-02-17 04:00:00,0.0,1026.7,-8.5,350.0,24.1,0.447268,33.0,6.7
2023-02-17 05:00:00,0.0,1027.2,-8.3,350.0,16.6,0.386526,36.0,5.6
2023-02-17 06:00:00,0.0,1027.2,-8.3,350.0,16.6,0.363532,36.0,5.6
2023-02-17 07:00:00,0.0,1027.8,-8.4,350.0,22.3,0.363071,39.0,4.4
2023-02-17 08:00:00,0.0,1028.4,-7.9,340.0,18.4,0.363243,42.0,3.9
2023-02-17 09:00:00,0.0,1028.7,-7.8,340.0,18.4,0.370447,44.0,3.3
2023-02-17 10:00:00,0.0,1028.7,-7.8,350.0,18.4,0.353446,44.0,3.3
2023-02-17 11:00:00,0.0,1030.6,-7.2,350.0,16.6,0.394133,50.0,2.2
2023-02-17 12:00:00,0.0,1031.5,-7.1,360.0,14.8,0.446923,52.0,1.7
2023-02-17 13:00:00,0.0,1031.5,-7.1,360.0,14.8,0.50657,52.0,1.7
2023-02-17 14:00:00,0.0,1033.3,-6.7,10.0,20.5,0.478792,48.0,3.3
2023-02-17 15:00:00,0.0,1033.3,-6.7,10.0,20.5,0.413958,48.0,3.3
2023-02-17 16:00:00,0.0,1033.8,-6.5,20.0,25.9,0.360592,37.0,7.2
2023-02-17 17:00:00,0.0,1033.4,-6.1,10.0,20.5,0.30423,34.0,8.9
2023-02-17 18:00:00,0.0,1032.2,-6.8,30.0,16.6,0.266713,30.0,10.0
2023-02-17 19:00:00,0.0,1032.2,-6.8,30.0,16.6,0.249942,30.0,10.0
2023-02-17 20:00:00,0.0,1030.4,-7.3,10.0,16.6,0.240837,25.0,12.2
2023-02-17 21:00:00,0.0,1029.9,-7.3,10.0,5.4,0.262102,24.0,12.8
2023-02-17 22:00:00,0.0,1029.9,-8.9,20.0,16.6,0.275876,22.0,12.2
2023-02-17 23:00:00,0.0,1030.1,-8.1,30.0,13.0,0.322614,26.0,10.6
2023-02-18 00:00:00,0.0,1030.1,-8.1,30.0,13.0,0.410616,26.0,10.6
2023-02-18 01:00:00,0.0,1030.8,-6.5,50.0,5.4,0.431305,32.0,9.4
2023-02-18 02:00:00,0.0,1031.5,-6.7,60.0,9.4,0.442139,34.0,8.3
2023-02-18 03:00:00,0.0,1031.8,-6.5,60.0,5.4,0.436376,37.0,7.2
2023-02-18 04:00:00,0.0,1031.8,-6.0,0.0,0.0,0.42387,45.0,5.0
2023-02-18 05:00:00,0.0,1031.8,-6.0,0.0,0.0,0.406524,45.0,5.0
2023-02-18 06:00:00,0.0,1031.3,-5.6,0.0,0.0,0.38837,50.0,3.9
2023-02-18 07:00:00,0.0,1031.3,-5.6,350.0,5.4,0.369756,50.0,3.9
2023-02-18 08:00:00,0.0,1030.4,-5.6,30.0,5.4,0.372752,54.0,2.8
2023-02-18 09:00:00,0.0,1029.9,-5.7,20.0,7.6,0.367047,56.0,2.2
2023-02-18 10:00:00,0.0,1029.9,-5.7,20.0,7.6,0.372118,56.0,2.2
2023-02-18 11:00:00,0.0,1029.8,-5.7,40.0,5.4,0.388774,56.0,2.2
2023-02-18 12:00:00,0.0,1030.1,-5.0,30.0,5.4,0.403412,59.0,2.2
2023-02-18 13:00:00,0.0,1030.0,-4.9,50.0,5.4,0.423121,57.0,2.8
2023-02-18 14:00:00,0.0,1030.0,-4.9,50.0,5.4,0.440065,57.0,2.8
2023-02-18 15:00:00,0.0,1030.6,-4.3,110.0,14.8,0.424677,42.0,7.8
2023-02-18 16:00:00,0.0,1030.8,-5.8,110.0,16.6,0.353446,35.0,8.9
2023-02-18 17:00:00,0.0,1030.6,-4.2,110.0,11.2,0.374136,38.0,9.4
2023-02-18 18:00:00,0.0,1029.7,-5.2,0.0,0.0,0.361745,34.0,10.0
2023-02-18 19:00:00,0.0,1029.7,-5.2,0.0,0.0,0.317773,34.0,10.0
2023-02-18 20:00:00,0.0,1027.3,-4.9,210.0,11.2,0.339846,31.0,11.7
2023-02-18 21:00:00,0.0,1025.2,-3.9,180.0,16.6,0.326245,30.0,13.3
2023-02-18 22:00:00,0.0,1024.2,-0.5,180.0,24.1,0.320424,40.0,12.8
2023-02-18 23:00:00,0.0,1024.0,1.2,170.0,16.6,0.376614,47.0,12.2
2023-02-19 00:00:00,0.0,1024.0,1.2,170.0,16.6,0.407792,47.0,12.2
2023-02-19 01:00:00,0.0,1024.8,1.0,0.0,0.0,0.422257,48.0,11.7
2023-02-19 02:00:00,0.0,1025.2,1.0,210.0,7.6,0.417358,48.0,11.7
2023-02-19 03:00:00,0.0,1025.2,1.0,210.0,7.6,0.421911,48.0,11.7
2023-02-19 04:00:00,0.0,1025.3,2.1,0.0,0.0,0.406466,58.0,10.0
2023-02-19 05:00:00,0.0,1025.0,3.8,160.0,11.2,0.391597,63.0,10.6
2023-02-19 06:00:00,0.0,1025.0,3.8,160.0,11.2,0.357826,63.0,10.6
2023-02-19 07:00:00,0.0,1024.7,5.6,190.0,7.6,0.341978,71.0,10.6
2023-02-19 08:00:00,0.0,1023.2,6.7,200.0,5.4,0.334486,80.0,10.0
2023-02-19 09:00:00,0.0,1022.3,6.7,200.0,5.4,0.323594,80.0,10.0
2023-02-19 10:00:00,0.0,1022.2,6.7,260.0,5.4,0.325323,80.0,10.0
2023-02-19 11:00:00,0.0,1022.5,4.4,300.0,5.4,0.328319,79.0,7.8
2023-02-19 12:00:00,0.0,1022.5,4.4,300.0,5.4,0.342093,79.0,7.8
2023-02-19 13:00:00,0.0,1022.7,4.4,310.0,5.4,0.362321,79.0,7.8
2023-02-19 14:00:00,0.0,1023.2,9.4,250.0,11.2,0.370274,80.0,12.8
2023-02-19 15:00:00,0.0,1023.7,10.6,220.0,16.6,0.325611,72.0,15.6
2023-02-19 16:00:00,0.0,1023.7,10.6,220.0,16.6,0.311664,72.0,15.6
2023-02-19 17:00:00,0.0,1023.1,10.1,230.0,16.6,0.285961,63.0,17.2
2023-02-19 18:00:00,0.0,1021.5,7.9,190.0,22.3,0.258529,44.0,20.6
2023-02-19 19:00:00,0.0,1020.0,8.3,190.0,16.6,0.225334,41.0,22.2
2023-02-19 20:00:00,0.0,1019.3,8.0,190.0,7.6,0.249827,40.0,22.2
2023-02-19 21:00:00,0.0,1018.9,7.7,190.0,14.8,0.259567,38.0,22.8
2023-02-19 22:00:00,0.0,1018.9,7.7,190.0,14.8,0.335581,38.0,22.8
2023-02-19 23:00:00,0.0,1018.6,8.9,210.0,5.4,0.360304,44.0,21.7
2023-02-20 00:00:00,0.0,1018.9,9.0,60.0,5.4,0.403988,51.0,19.4
2023-02-20 01:00:00,0.0,1019.2,8.9,0.0,0.0,0.430498,56.0,17.8
2023-02-20 02:00:00,0.0,1019.2,8.9,0.0,0.0,0.438854,56.0,17.8
2023-02-20 03:00:00,0.0,1019.8,8.8,300.0,5.4,0.412229,64.0,15.6
2023-02-20 04:00:00,0.0,1019.8,8.8,170.0,5.4,0.39373,64.0,15.6
2023-02-20 05:00:00,0.0,1020.0,13.4,0.0,0.0,0.358864,73.0,18.3
2023-02-20 06:00:00,0.0,1019.6,13.2,180.0,7.6,0.315814,80.0,16.7
2023-02-20 07:00:00,0.0,1019.6,13.2,180.0,7.6,0.287517,80.0,16.7
2023-02-20 08:00:00,0.0,1018.8,14.0,180.0,7.6,0.271669,84.0,16.7
2023-02-20 09:00:00,0.0,1018.7,12.2,300.0,7.6,0.264753,80.0,15.6
2023-02-20 10:00:00,0.0,1018.7,12.2,300.0,7.6,0.268038,80.0,15.6
2023-02-20 11:00:00,0.0,1018.3,12.8,0.0,0.0,0.293684,81.0,16.1
2023-02-20 12:00:00,0.0,1018.3,12.8,0.0,0.0,0.310858,81.0,16.1
2023-02-20 13:00:00,0.0,1018.6,15.5,230.0,5.4,0.328492,90.0,17.2
2023-02-20 14:00:00,0.0,1018.7,16.1,280.0,11.2,0.335696,87.0,18.3
2023-02-20 15:00:00,0.0,1019.1,16.6,260.0,11.2,0.332008,84.0,19.4
2023-02-20 16:00:00,0.0,1019.1,16.6,260.0,11.2,0.341229,84.0,19.4
2023-02-20 17:00:00,0.0,1017.9,16.6,200.0,14.8,0.351833,73.0,21.7
2023-02-20 18:00:00,0.0,1016.0,16.8,210.0,18.4,0.356674,67.0,23.3
2023-02-20 19:00:00,0.0,1014.7,16.6,190.0,16.6,0.329357,62.0,24.4
2023-02-20 20:00:00,0.0,1013.4,16.7,220.0,22.3,0.349931,58.0,25.6
2023-02-20 21:00:00,0.0,1013.4,16.7,220.0,22.3,0.373674,58.0,25.6
2023-02-20 22:00:00,0.0,1011.3,16.1,190.0,18.4,0.406927,54.0,26.1
2023-02-20 23:00:00,0.0,1011.1,16.2,180.0,18.4,0.462886,56.0,25.6
2023-02-21 00:00:00,0.0,1011.2,16.1,190.0,11.2,0.510719,60.0,24.4
2023-02-21 01:00:00,0.0,1011.2,16.1,0.0,0.0,0.518442,66.0,22.8
2023-02-21 02:00:00,0.0,1011.2,16.1,0.0,0.0,0.510431,66.0,22.8
2023-02-21 03:00:00,0.0,1011.6,16.0,0.0,0.0,0.490606,78.0,20.0
2023-02-21 04:00:00,0.0,1011.7,15.0,0.0,0.0,0.448997,81.0,18.3
2023-02-21 05:00:00,0.0,1011.4,16.6,190.0,11.2,0.395401,78.0,20.6
2023-02-21 06:00:00,0.0,1011.0,16.7,190.0,7.6,0.346185,87.0,18.9
2023-02-21 07:00:00,0.0,1011.0,16.7,190.0,7.6,0.309129,87.0,18.9
2023-02-21 08:00:00,0.0,1010.0,16.6,210.0,7.6,0.264811,90.0,18.3
2023-02-21 09:00:00,0.0,1009.6,15.0,230.0,5.4,0.253458,93.0,16.1
2023-02-21 10:00:00,0.0,1009.6,15.0,230.0,5.4,0.252478,93.0,16.1
2023-02-21 11:00:00,0.0,1009.8,14.5,0.0,0.0,0.2821,93.0,15.6
2023-02-21 12:00:00,0.0,1010.1,13.3,310.0,5.4,0.316217,93.0,14.4
2023-02-21 13:00:00,0.0,1010.5,13.9,0.0,0.0,0.358979,93.0,15.0
2023-02-21 14:00:00,0.0,1010.7,15.5,90.0,5.4,0.318177,90.0,17.2
2023-02-21 15:00:00,0.0,1010.8,16.7,200.0,16.6,0.297257,76.0,21.1
2023-02-21 16:00:00,0.0,1010.8,16.7,200.0,16.6,0.270977,76.0,21.1
2023-02-21 17:00:00,0.0,1010.2,16.8,200.0,16.6,0.286941,69.0,22.8
2023-02-21 18:00:00,0.0,1007.1,17.3,160.0,16.6,0.279161,60.0,25.6
2023-02-21 19:00:00,0.0,1005.2,16.6,160.0,24.1,0.285904,56.0,26.1
2023-02-21 20:00:00,0.0,1003.5,16.7,150.0,25.9,0.340018,51.0,27.8
2023-02-21 21:00:00,0.0,1003.5,16.7,150.0,25.9,0.393384,51.0,27.8
2023-02-21 22:00:00,0.0,1001.4,15.2,150.0,24.1,0.438854,42.0,29.4
2023-02-21 23:00:00,0.0,1001.1,14.0,160.0,22.3,0.509336,40.0,28.9
2023-02-22 00:00:00,0.0,1001.2,18.2,130.0,33.5,0.557918,66.0,25.0
2023-02-22 01:00:00,0.0,1001.9,18.4,140.0,27.7,0.566563,74.0,23.3
2023-02-22 02:00:00,0.0,1001.9,18.4,140.0,27.7,0.555267,74.0,23.3
2023-02-22 03:00:00,0.0,1002.1,18.3,140.0,22.3,0.541955,84.0,21.1
2023-02-22 04:00:00,0.0,1001.6,17.8,140.0,25.9,0.485881,84.0,20.6
2023-02-22 05:00:00,0.0,1001.6,17.8,140.0,25.9,0.417185,84.0,20.6
2023-02-22 06:00:00,0.0,1000.8,17.9,170.0,25.9,0.364627,82.0,21.1
2023-02-22 07:00:00,0.0,1000.8,17.9,170.0,25.9,0.332411,82.0,21.1
2023-02-22 08:00:00,0.0,1000.0,17.1,170.0,31.7,0.305267,78.0,21.1
2023-02-22 09:00:00,0.0,999.4,17.1,170.0,31.7,0.290284,78.0,21.1
2023-02-22 10:00:00,0.0,999.6,17.1,180.0,16.6,0.285154,78.0,21.1
2023-02-22 11:00:00,0.0,999.6,17.1,180.0,16.6,0.320367,78.0,21.1
2023-02-22 12:00:00,0.0,1002.5,17.1,260.0,11.2,0.357884,78.0,21.1
2023-02-22 13:00:00,0.0,1002.9,17.8,200.0,5.4,0.384163,84.0,20.6
2023-02-22 14:00:00,0.0,1003.0,17.9,180.0,11.2,0.379553,79.0,21.7
2023-02-22 15:00:00,0.0,1003.4,17.7,190.0,9.4,0.334255,71.0,23.3
2023-02-22 16:00:00,0.0,1003.4,17.7,190.0,9.4,0.329703,71.0,23.3
2023-02-22 17:00:00,0.0,1003.5,10.5,250.0,18.4,0.34192,33.0,28.3
2023-02-22 18:00:00,0.0,1002.8,5.3,260.0,24.1,0.35944,21.0,30.0
2023-02-22 19:00:00,0.0,1001.8,1.4,260.0,24.1,0.394076,15.0,31.1
2023-02-22 20:00:00,0.0,1001.6,1.4,240.0,33.5,0.399262,15.0,31.1
2023-02-22 21:00:00,0.0,1001.6,1.4,240.0,33.5,0.429115,15.0,31.1
2023-02-22 22:00:00,0.0,1001.4,3.2,220.0,11.2,0.479195,17.0,31.1
2023-02-22 23:00:00,0.0,1002.2,3.1,220.0,14.8,0.541494,18.0,30.0
2023-02-23 00:00:00,0.0,1002.9,3.7,210.0,5.4,0.597914,20.0,28.9
2023-02-23 01:00:00,0.0,1002.9,3.7,210.0,5.4,0.567139,20.0,28.9
2023-02-23 02:00:00,0.0,1004.3,12.4,150.0,14.8,0.535327,47.0,24.4
2023-02-23 03:00:00,0.0,1005.3,16.2,140.0,18.4,0.51533,62.0,23.9
2023-02-23 04:00:00,0.0,1005.9,17.3,120.0,9.4,0.482423,76.0,21.7
2023-02-23 05:00:00,0.0,1006.3,17.1,110.0,5.4,0.417473,78.0,21.1
2023-02-23 06:00:00,0.0,1006.6,17.2,120.0,5.4,0.359901,81.0,20.6
2023-02-23 07:00:00,0.0,1006.6,17.2,120.0,5.4,0.332757,81.0,20.6
2023-02-23 08:00:00,0.0,1007.5,16.1,0.0,0.0,0.307227,90.0,17.8
2023-02-23 09:00:00,0.0,1007.9,15.6,0.0,0.0,0.282273,93.0,16.7
2023-02-23 10:00:00,0.0,1007.9,15.6,0.0,0.0,0.270343,93.0,16.7
2023-02-23 11:00:00,0.0,1008.4,16.1,80.0,5.4,0.304864,96.0,16.7
2023-02-23 12:00:00,0.0,1010.3,17.2,20.0,7.6,0.332123,100.0,17.2
2023-02-23 13:00:00,0.0,1011.4,16.7,30.0,16.6,0.361745,97.0,17.2
2023-02-23 14:00:00,0.0,1011.4,16.7,30.0,16.6,0.344456,97.0,17.2
2023-02-23 15:00:00,0.0,1012.9,16.6,30.0,16.6,0.320136,73.0,21.7
2023-02-23 16:00:00,0.0,1012.9,16.6,30.0,16.6,0.342842,73.0,21.7
2023-02-23 17:00:00,0.0,1013.3,16.6,40.0,18.4,0.296969,56.0,26.1
2023-02-23 18:00:00,0.0,1012.9,16.2,30.0,20.5,0.343764,56.0,25.6
2023-02-23 19:00:00,0.0,1012.5,11.8,20.0,22.3,0.346531,41.0,26.1
2023-02-23 20:00:00,0.0,1012.5,11.8,20.0,22.3,0.38837,41.0,26.1
2023-02-23 21:00:00,0.0,1012.4,11.7,70.0,20.5,0.363013,42.0,25.6
2023-02-23 22:00:00,0.0,1013.0,9.3,30.0,22.3,0.422545,37.0,25.0
2023-02-23 23:00:00,0.0,1013.5,8.3,30.0,22.3,0.474988,37.0,23.9
2023-02-24 00:00:00,0.0,1014.5,6.8,20.0,20.5,0.480233,37.0,22.2
2023-02-24 01:00:00,0.0,1014.5,6.8,20.0,20.5,0.501844,37.0,22.2
2023-02-24 02:00:00,0.0,1016.2,4.9,50.0,18.4,0.485535,37.0,20.0
2023-02-24 03:00:00,0.0,1017.0,5.1,40.0,14.8,0.47545,39.0,19.4
2023-02-24 04:00:00,0.0,1017.3,4.1,30.0,14.8,0.42364,39.0,18.3
2023-02-24 05:00:00,0.0,1017.7,2.9,20.0,18.4,0.387967,37.0,17.8
2023-02-24 06:00:00,0.0,1017.7,2.9,20.0,18.4,0.343764,37.0,17.8
2023-02-24 07:00:00,0.0,1017.8,2.8,20.0,16.6,0.293453,41.0,16.1
2023-02-24 08:00:00,0.0,1017.4,2.7,30.0,13.0,0.275934,42.0,15.6
2023-02-24 09:00:00,0.0,1017.6,2.8,20.0,18.4,0.259336,44.0,15.0
2023-02-24 10:00:00,0.0,1017.5,3.8,50.0,14.8,0.253343,49.0,14.4
2023-02-24 11:00:00,0.0,1017.5,3.8,50.0,14.8,0.284924,49.0,14.4
2023-02-24 12:00:00,0.0,1018.8,4.4,30.0,16.6,0.318465,51.0,14.4
2023-02-24 13:00:00,0.0,1019.7,5.0,20.0,16.6,0.347222,55.0,13.9
2023-02-24 14:00:00,0.0,1020.3,5.7,30.0,20.5,0.346646,56.0,14.4
2023-02-24 15:00:00,0.0,1020.3,5.7,30.0,20.5,0.332065,56.0,14.4
2023-02-24 16:00:00,0.0,1020.9,7.9,10.0,14.8,0.34728,60.0,15.6
2023-02-24 17:00:00,0.0,1021.1,8.8,30.0,14.8,0.326936,64.0,15.6
2023-02-24 18:00:00,0.0,1020.8,8.8,360.0,18.4,0.345032,64.0,15.6
2023-02-24 19:00:00,0.0,1020.0,9.9,50.0,20.5,0.333103,69.0,15.6
2023-02-24 20:00:00,0.0,1020.0,9.9,50.0,20.5,0.339903,69.0,15.6
2023-02-24 21:00:00,0.0,1019.6,8.9,20.0,18.4,0.342497,60.0,16.7
2023-02-24 22:00:00,0.0,1019.9,8.8,30.0,18.4,0.359843,62.0,16.1
2023-02-24 23:00:00,0.0,1020.2,8.8,40.0,16.6,0.370735,64.0,15.6
2023-02-25 00:00:00,0.0,1020.8,8.3,40.0,16.6,0.371485,67.0,14.4
2023-02-25 01:00:00,0.0,1020.8,8.3,20.0,22.3,0.404276,67.0,14.4
2023-02-25 02:00:00,0.0,1022.1,7.3,360.0,18.4,0.399666,67.0,13.3
2023-02-25 03:00:00,0.0,1022.6,7.7,10.0,13.0,0.390099,69.0,13.3
2023-02-25 04:00:00,0.0,1022.5,8.3,30.0,16.6,0.363301,77.0,12.2
2023-02-25 05:00:00,0.0,1022.5,8.3,30.0,16.6,0.319099,77.0,12.2
2023-02-25 06:00:00,0.0,1022.1,8.4,20.0,16.6,0.31397,80.0,11.7
2023-02-25 07:00:00,0.0,1022.2,8.3,10.0,14.8,0.289073,83.0,11.1
2023-02-25 08:00:00,0.0,1021.9,8.8,350.0,13.0,0.26654,86.0,11.1
2023-02-25 09:00:00,0.0,1021.5,8.8,50.0,11.2,0.266598,86.0,11.1
2023-02-25 10:00:00,0.0,1021.5,8.8,50.0,11.2,0.255936,86.0,11.1
2023-02-25 11:00:00,0.0,1022.0,7.8,20.0,18.4,0.248963,83.0,10.6
2023-02-25 12:00:00,0.0,1022.6,7.8,10.0,14.8,0.263889,86.0,10.0
2023-02-25 13:00:00,0.0,1023.2,7.8,10.0,16.6,0.273974,86.0,10.0
2023-02-25 14:00:00,0.0,1023.9,7.8,10.0,16.6,0.292646,83.0,10.6
2023-02-25 15:00:00,0.0,1023.9,7.8,10.0,16.6,0.319329,83.0,10.6
2023-02-25 16:00:00,0.0,1024.0,8.9,30.0,14.8,0.322384,77.0,12.8
2023-02-25 17:00:00,0.0,1023.6,9.4,360.0,13.0,0.345148,72.0,14.4
2023-02-25 18:00:00,0.0,1022.4,11.2,20.0,13.0,0.310569,70.0,16.7
2023-02-25 19:00:00,0.0,1021.1,12.9,80.0,13.0,0.28867,68.0,18.9
2023-02-25 20:00:00,0.0,1021.1,12.9,80.0,13.0,0.301406,68.0,18.9
2023-02-25 21:00:00,0.0,1019.3,13.8,100.0,14.8,0.317543,65.0,20.6
2023-02-25 22:00:00,0.0,1018.4,14.4,90.0,16.6,0.297026,70.0,20.0
2023-02-25 23:00:00,0.0,1018.3,14.0,90.0,11.2,0.351083,71.0,19.4
2023-02-26 00:00:00,0.0,1018.2,14.0,80.0,11.2,0.374481,73.0,18.9
2023-02-26 01:00:00,0.0,1018.2,14.0,80.0,11.2,0.395171,73.0,18.9
2023-02-26 02:00:00,0.0,1018.4,13.3,50.0,9.4,0.410097,78.0,17.2
2023-02-26 03:00:00,0.0,1018.4,13.3,50.0,9.4,0.392577,78.0,17.2
2023-02-26 04:00:00,0.0,1018.8,13.9,40.0,7.6,0.383414,81.0,17.2
2023-02-26 05:00:00,0.0,1018.2,15.1,50.0,9.4,0.354829,84.0,17.8
2023-02-26 06:00:00,0.0,1018.2,15.1,50.0,9.4,0.332181,84.0,17.8
2023-02-26 07:00:00,0.0,1017.4,16.1,40.0,5.4,0.302501,90.0,17.8
2023-02-26 08:00:00,0.0,1016.8,16.1,50.0,5.4,0.279564,87.0,18.3
2023-02-26 09:00:00,0.0,1015.8,16.1,0.0,0.0,0.268903,90.0,17.8
2023-02-26 10:00:00,0.0,1015.8,16.1,0.0,0.0,0.261987,90.0,17.8
2023-02-26 11:00:00,0.0,1015.4,16.7,80.0,5.4,0.252075,93.0,17.8
2023-02-26 12:00:00,0.0,1015.4,16.7,80.0,5.4,0.268211,93.0,17.8
2023-02-26 13:00:00,0.0,1015.7,17.8,100.0,9.4,0.270343,97.0,18.3
2023-02-26 14:00:00,0.2,1015.7,17.8,100.0,9.4,0.295297,97.0,18.3
2023-02-26 15:00:00,0.4,1015.5,18.9,160.0,16.6,0.322384,90.0,20.6
2023-02-26 16:00:00,0.0,1014.5,18.3,170.0,29.5,0.362148,71.0,23.9
2023-02-26 17:00:00,0.0,1013.4,17.2,180.0,25.9,0.350853,66.0,23.9
2023-02-26 18:00:00,0.0,1011.9,17.2,170.0,33.5,0.38618,62.0,25.0
2023-02-26 19:00:00,0.0,1010.7,17.8,170.0,25.9,0.432342,62.0,25.6
2023-02-26 20:00:00,0.0,1010.7,17.8,170.0,25.9,0.42145,62.0,25.6
2023-02-26 21:00:00,0.0,1008.0,17.8,150.0,29.5,0.432457,58.0,26.7
2023-02-26 22:00:00,0.0,1007.4,17.2,150.0,29.5,0.445828,58.0,26.1
2023-02-26 23:00:00,0.0,1006.9,18.2,140.0,38.9,0.484497,66.0,25.0
2023-02-27 00:00:00,0.0,1006.0,17.7,150.0,29.5,0.521208,71.0,23.3
2023-02-27 01:00:00,0.0,1006.0,17.7,150.0,29.5,0.548006,71.0,23.3
2023-02-27 02:00:00,0.0,1006.8,17.9,140.0,27.7,0.546392,79.0,21.7
2023-02-27 03:00:00,0.0,1006.3,17.8,140.0,27.7,0.512506,84.0,20.6
2023-02-27 04:00:00,0.0,1006.3,17.8,160.0,29.5,0.468419,84.0,20.6
2023-02-27 05:00:00,0.0,1006.6,17.8,180.0,16.6,0.407042,84.0,20.6
2023-02-27 06:00:00,0.0,1006.6,17.8,180.0,16.6,0.353331,84.0,20.6
2023-02-27 07:00:00,0.0,1006.2,18.4,180.0,13.0,0.312586,87.0,20.6
2023-02-27 08:00:00,0.0,1005.9,18.4,200.0,13.0,0.301003,87.0,20.6
2023-02-27 09:00:00,0.0,1007.7,18.4,310.0,11.2,0.278642,87.0,20.6
2023-02-27 10:00:00,0.0,1007.7,18.4,310.0,11.2,0.277086,87.0,20.6
2023-02-27 11:00:00,0.0,1007.4,17.8,330.0,18.4,0.309763,84.0,20.6
2023-02-27 12:00:00,0.0,1009.7,17.8,350.0,11.2,0.340076,87.0,18.3
2023-02-27 13:00:00,0.0,1010.8,2.2,330.0,11.2,0.36186,34.0,18.3
2023-02-27 14:00:00,0.0,1011.7,-1.5,350.0,14.8,0.33535,26.0,19.4
2023-02-27 15:00:00,0.0,1011.7,-4.8,350.0,14.8,0.300311,19.0,19.4
2023-02-27 16:00:00,0.0,1012.4,-3.9,340.0,16.6,0.277432,16.0,23.3
2023-02-27 17:00:00,0.0,1011.9,-3.1,330.0,5.4,0.264696,16.0,24.4
2023-02-27 18:00:00,0.0,1011.0,-3.0,330.0,5.4,0.277893,14.0,26.7
2023-02-27 19:00:00,0.0,1009.5,-1.8,270.0,13.0,0.301406,14.0,28.3
2023-02-27 20:00:00,0.0,1009.5,-1.8,270.0,13.0,0.338693,14.0,28.3
2023-02-27 21:00:00,0.0,1007.7,-3.7,290.0,16.6,0.387448,11.0,30.0
2023-02-27 22:00:00,0.0,1007.7,-3.7,290.0,16.6,0.451533,11.0,30.0
2023-02-27 23:00:00,0.0,1007.5,-2.8,170.0,14.8,0.518269,13.0,28.3
2023-02-28 00:00:00,0.0,1007.5,-2.8,170.0,14.8,0.597856,13.0,28.3
2023-02-28 01:00:00,0.0,1008.9,-1.2,100.0,5.4,0.576763,21.0,22.2
2023-02-28 02:00:00,0.0,1009.7,-0.8,0.0,0.0,0.537402,23.0,21.1
2023-02-28 03:00:00,0.0,1010.0,1.7,0.0,0.0,0.477812,34.0,17.8
2023-02-28 04:00:00,0.0,1010.6,2.8,290.0,9.4,0.425542,44.0,15.0
2023-02-28 05:00:00,0.0,1010.6,2.8,290.0,9.4,0.365722,44.0,15.0
2023-02-28 06:00:00,0.0,1010.3,3.9,0.0,0.0,0.310858,53.0,13.3
2023-02-28 07:00:00,0.0,1010.1,3.9,300.0,9.4,0.280947,53.0,13.3
2023-02-28 08:00:00,0.0,1009.9,4.4,300.0,9.4,0.262563,59.0,12.2
2023-02-28 09:00:00,0.0,1009.3,4.4,300.0,11.2,0.248444,59.0,12.2
2023-02-28 10:00:00,0.0,1009.3,4.9,300.0,11.2,0.245793,61.0,12.2
2023-02-28 11:00:00,0.0,1009.7,8.3,0.0,0.0,0.279795,77.0,12.2
2023-02-28 12:00:00,0.0,1009.7,9.4,0.0,0.0,0.313451,80.0,12.8
2023-02-28 13:00:00,0.0,1011.2,10.6,340.0,5.4,0.336791,75.0,15.0
2023-02-28 14:00:00,0.0,1011.2,10.6,340.0,5.4,0.32077,75.0,15.0
2023-02-28 15:00:00,0.0,1011.6,15.0,110.0,7.6,0.329242,81.0,18.3
2023-02-28 16:00:00,0.0,1011.6,15.0,110.0,7.6,0.328089,81.0,18.3
2023-02-28 17:00:00,0.0,1010.8,15.1,151.0,5.4,0.317773,66.0,21.7
2023-02-28 18:00:00,0.0,1009.9,15.1,130.0,7.6,0.263082,58.0,23.9
2023-02-28 19:00:00,0.0,1008.3,14.4,150.0,11.2,0.289016,50.0,25.6
2023-02-28 20:00:00,0.0,1008.3,14.4,150.0,11.2,0.29547,50.0,25.6
2023-02-28 21:00:00,0.0,1006.7,11.8,110.0,11.2,0.359901,36.0,28.3
2023-02-28 22:00:00,0.0,1005.9,11.8,120.0,14.8,0.407331,36.0,28.3
2023-02-28 23:00:00,0.0,1006.1,13.9,150.0,16.6,0.490145,44.0,27.2
2023-03-01 00:00:00,0.0,1006.1,13.9,150.0,16.6,0.559647,44.0,27.2
2023-03-01 01:00:00,0.0,1006.8,15.6,110.0,13.0,0.555844,62.0,23.3
2023-03-01 02:00:00,0.0,1007.5,18.4,130.0,24.1,0.549793,74.0,23.3
2023-03-01 03:00:00,0.0,1008.0,19.0,130.0,14.8,0.523917,82.0,22.2
2023-03-01 04:00:00,0.0,1008.0,19.0,130.0,14.8,0.480694,82.0,22.2
2023-03-01 05:00:00,0.0,1007.9,18.9,130.0,16.6,0.43384,84.0,21.7
2023-03-01 06:00:00,0.0,1007.7,18.9,140.0,14.8,0.379265,84.0,21.7
2023-03-01 07:00:00,0.0,1007.7,18.9,140.0,14.8,0.338232,84.0,21.7
2023-03-01 08:00:00,0.0,1006.0,19.4,140.0,22.3,0.314315,87.0,21.7
2023-03-01 09:00:00,0.0,1006.0,19.4,140.0,22.3,0.30204,87.0,21.7
2023-03-01 10:00:00,0.0,1006.3,19.4,170.0,11.2,0.297487,84.0,22.2
2023-03-01 11:00:00,0.0,1005.7,19.4,120.0,14.8,0.346185,87.0,21.7
2023-03-01 12:00:00,0.0,1006.1,19.4,170.0,11.2,0.381166,87.0,21.7
2023-03-01 13:00:00,0.0,1006.1,19.4,160.0,16.6,0.404507,84.0,22.2
2023-03-01 14:00:00,0.0,1006.1,19.4,160.0,16.6,0.420009,84.0,22.2
2023-03-01 15:00:00,0.0,1007.0,19.4,170.0,14.8,0.411134,81.0,22.8
2023-03-01 16:00:00,0.0,1007.3,19.5,190.0,18.4,0.410097,79.0,23.3
2023-03-01 17:00:00,0.0,1006.6,19.4,190.0,11.2,0.387506,71.0,25.0
2023-03-01 18:00:00,0.0,1006.6,19.4,188.0,11.2,0.377132,71.0,25.0
2023-03-01 19:00:00,0.0,1005.6,19.3,340.0,11.2,0.364108,64.0,26.7
2023-03-01 20:00:00,0.0,1003.8,20.1,120.0,11.2,0.436607,59.0,28.9
2023-03-01 21:00:00,0.0,1003.5,19.5,90.0,5.4,0.470378,50.0,31.1
2023-03-01 22:00:00,0.0,1003.1,19.4,110.0,5.4,0.531005,53.0,30.0
2023-03-01 23:00:00,0.0,1003.7,18.8,80.0,5.4,0.599585,53.0,29.4
2023-03-02 00:00:00,0.0,1003.7,18.8,80.0,5.4,0.636526,53.0,29.4
2023-03-02 01:00:00,0.0,1004.7,20.7,100.0,9.4,0.625692,72.0,26.1
2023-03-02 02:00:00,0.0,1004.7,20.7,110.0,22.3,0.599066,72.0,26.1
2023-03-02 03:00:00,0.0,1006.0,20.6,110.0,22.3,0.596819,82.0,23.9
2023-03-02 04:00:00,0.0,1006.0,20.1,120.0,13.0,0.538036,82.0,23.3
2023-03-02 05:00:00,0.0,1006.7,20.7,120.0,16.6,0.47349,91.0,22.2
2023-03-02 06:00:00,0.0,1006.0,20.5,70.0,7.6,0.421565,87.0,22.8
2023-03-02 07:00:00,0.0,1006.0,20.5,70.0,7.6,0.38036,87.0,22.8
2023-03-02 08:00:00,0.0,1005.8,20.7,110.0,14.8,0.349239,91.0,22.2
2023-03-02 09:00:00,0.0,1003.9,19.9,70.0,9.4,0.329818,87.0,22.2
2023-03-02 10:00:00,0.0,1002.3,19.4,80.0,18.4,0.308149,87.0,21.7
2023-03-02 11:00:00,0.0,1002.3,19.4,80.0,18.4,0.359094,87.0,21.7
2023-03-02 12:00:00,0.0,1001.9,18.9,110.0,16.6,0.388082,87.0,21.1
2023-03-02 13:00:00,0.0,1002.6,19.4,130.0,20.5,0.415687,90.0,21.1
2023-03-02 14:00:00,0.0,1002.6,19.4,130.0,20.5,0.396727,90.0,21.1
2023-03-02 15:00:00,0.0,1001.7,19.4,130.0,18.4,0.401279,87.0,21.7
2023-03-02 16:00:00,0.0,1001.0,19.5,150.0,24.1,0.39811,79.0,23.3
2023-03-02 17:00:00,0.0,999.7,18.9,150.0,24.1,0.386699,69.0,25.0
2023-03-02 18:00:00,0.0,997.7,19.0,140.0,27.7,0.380014,67.0,25.6
2023-03-02 19:00:00,0.0,997.7,19.0,140.0,27.7,0.369179,67.0,25.6
2023-03-02 20:00:00,0.0,994.7,19.0,140.0,18.4,0.380187,57.0,28.3
2023-03-02 21:00:00,0.0,993.6,18.2,140.0,24.1,0.450899,56.0,27.8
2023-03-02 22:00:00,0.0,992.6,19.3,140.0,24.1,0.531985,60.0,27.8
2023-03-02 23:00:00,0.0,991.7,20.1,120.0,31.7,0.54086,67.0,26.7
2023-03-03 00:00:00,0.0,991.7,20.1,120.0,31.7,0.599585,67.0,26.7
2023-03-03 01:00:00,0.0,991.9,19.4,130.0,22.3,0.600507,71.0,25.0
2023-03-03 02:00:00,0.0,999.0,8.9,330.0,22.3,0.510777,72.0,13.9
2023-03-03 03:00:00,4.1,1000.7,2.7,320.0,27.7,0.463001,42.0,15.6
2023-03-03 04:00:00,0.0,1000.7,2.7,320.0,27.7,0.421104,42.0,15.6
2023-03-03 05:00:00,0.0,1004.1,-4.4,300.0,37.1,0.363243,26.0,15.0
2023-03-03 06:00:00,0.0,1003.9,-5.8,300.0,24.1,0.305152,26.0,13.3
2023-03-03 07:00:00,0.0,1003.3,-6.3,300.0,16.6,0.277201,29.0,11.1
2023-03-03 08:00:00,0.0,1002.6,-8.0,300.0,16.6,0.261411,22.0,13.3
2023-03-03 09:00:00,0.0,1002.6,-8.0,300.0,53.6,0.259278,22.0,13.3
2023-03-03 10:00:00,0.0,1005.0,-7.3,270.0,24.1,0.24879,25.0,12.2
2023-03-03 11:00:00,0.0,1005.8,-6.3,270.0,16.6,0.280544,29.0,11.1
2023-03-03 12:00:00,0.0,1006.2,-4.4,270.0,18.4,0.325611,36.0,10.0
2023-03-03 13:00:00,0.0,1007.0,-2.9,300.0,18.4,0.362667,36.0,11.7
2023-03-03 14:00:00,0.0,1007.0,-2.9,300.0,18.4,0.334544,36.0,11.7
2023-03-03 15:00:00,0.0,1008.2,-0.5,310.0,22.3,0.282964,29.0,17.8
2023-03-03 16:00:00,0.0,1007.7,-3.0,310.0,22.3,0.247983,21.0,20.0
2023-03-03 17:00:00,0.0,1007.7,-3.7,320.0,29.5,0.227697,18.0,21.7
2023-03-03 18:00:00,0.0,1007.1,-1.6,300.0,24.1,0.21254,19.0,23.3
2023-03-03 19:00:00,0.0,1006.2,0.9,320.0,18.4,0.215941,22.0,23.9
2023-03-03 20:00:00,0.0,1006.2,0.9,320.0,18.4,0.246773,22.0,23.9
2023-03-03 21:00:00,0.0,1005.8,1.2,340.0,16.6,0.276049,21.0,25.0
2023-03-03 22:00:00,0.0,1005.1,0.5,50.0,7.6,0.314315,20.0,25.0
2023-03-03 23:00:00,0.0,1005.2,0.9,330.0,9.4,0.378227,22.0,23.9
2023-03-04 00:00:00,0.0,1005.2,0.9,330.0,9.4,0.436146,22.0,23.9
2023-03-04 01:00:00,0.0,1007.0,2.8,90.0,7.6,0.426291,38.0,17.2
2023-03-04 02:00:00,0.0,1007.9,3.5,80.0,9.4,0.429518,40.0,17.2
2023-03-04 03:00:00,0.0,1008.8,3.8,50.0,9.4,0.403642,44.0,16.1
2023-03-04 04:00:00,0.0,1008.8,3.8,50.0,9.4,0.381397,44.0,16.1
2023-03-04 05:00:00,0.0,1009.3,5.0,100.0,11.2,0.345378,57.0,13.3
2023-03-04 06:00:00,0.0,1009.8,4.5,0.0,0.0,0.318983,57.0,12.8
2023-03-04 07:00:00,0.0,1010.3,4.4,0.0,0.0,0.280371,61.0,11.7
2023-03-04 08:00:00,0.0,1010.3,4.5,320.0,5.4,0.267404,66.0,10.6
2023-03-04 09:00:00,0.0,1010.3,4.5,320.0,5.4,0.251268,66.0,10.6
2023-03-04 10:00:00,0.0,1011.1,4.3,290.0,7.6,0.244295,76.0,8.3
2023-03-04 11:00:00,0.0,1011.6,3.8,320.0,7.6,0.249885,76.0,7.8
2023-03-04 12:00:00,0.0,1012.6,3.8,310.0,7.6,0.26314,76.0,7.8
2023-03-04 13:00:00,0.0,1013.2,5.6,300.0,7.6,0.284578,74.0,10.0
2023-03-04 14:00:00,0.0,1013.2,5.6,300.0,7.6,0.285846,74.0,10.0
2023-03-04 15:00:00,0.0,1014.6,7.7,170.0,7.6,0.271323,50.0,18.3
2023-03-04 16:00:00,0.0,1014.7,6.6,160.0,20.5,0.254092,39.0,21.1
2023-03-04 17:00:00,0.0,1014.1,6.1,190.0,16.6,0.245044,34.0,22.8
2023-03-04 18:00:00,0.0,1014.1,6.1,190.0,16.6,0.245101,34.0,22.8
2023-03-04 19:00:00,0.0,1012.7,5.2,180.0,18.4,0.247868,27.0,25.6
2023-03-04 20:00:00,0.0,1012.2,4.5,230.0,14.8,0.257204,25.0,26.1
2023-03-04 21:00:00,0.0,1011.8,4.5,190.0,16.6,0.294375,24.0,26.7
2023-03-04 22:00:00,0.0,1011.5,3.9,180.0,18.4,0.372522,23.0,26.7
2023-03-04 23:00:00,0.0,1011.5,3.9,180.0,18.4,0.438278,23.0,26.7
2023-03-05 00:00:00,0.0,1012.5,4.5,130.0,16.6,0.474527,25.0,26.1
2023-03-05 01:00:00,0.0,1012.5,5.0,130.0,16.6,0.477985,35.0,21.1
2023-03-05 02:00:00,0.0,1013.9,8.3,110.0,7.6,0.451591,45.0,20.6
2023-03-05 03:00:00,0.0,1015.0,8.8,140.0,18.4,0.440814,52.0,18.9
2023-03-05 04:00:00,0.0,1015.0,8.8,140.0,18.4,0.407273,52.0,18.9
2023-03-05 05:00:00,0.0,1015.3,8.9,160.0,16.6,0.375,60.0,16.7
2023-03-05 06:00:00,0.0,1015.2,9.9,160.0,13.0,0.333737,69.0,15.6
2023-03-05 07:00:00,0.0,1015.4,11.7,150.0,13.0,0.297084,84.0,14.4
2023-03-05 08:00:00,0.0,1015.5,11.1,0.0,0.0,0.289131,83.0,13.9
2023-03-05 09:00:00,0.0,1015.5,11.1,0.0,0.0,0.27311,83.0,13.9
2023-03-05 10:00:00,0.0,1015.2,9.9,0.0,0.0,0.246427,89.0,11.7
2023-03-05 11:00:00,0.0,1015.7,8.9,0.0,0.0,0.249251,89.0,10.6
2023-03-05 12:00:00,0.0,1016.1,7.8,310.0,5.4,0.246024,90.0,9.4
2023-03-05 13:00:00,0.0,1016.1,7.8,310.0,5.4,0.262736,90.0,9.4
2023-03-05 14:00:00,0.0,1017.4,12.1,0.0,0.0,0.267289,83.0,15.0
2023-03-05 15:00:00,0.0,1017.8,13.9,160.0,5.4,0.283829,81.0,17.2
2023-03-05 16:00:00,0.0,1017.8,13.9,160.0,5.4,0.262045,81.0,17.2
2023-03-05 17:00:00,0.0,1016.8,14.5,150.0,13.0,0.25317,66.0,21.1
2023-03-05 18:00:00,0.0,1016.8,14.5,150.0,13.0,0.241644,66.0,21.1
2023-03-05 19:00:00,0.0,1014.6,12.2,130.0,16.6,0.271727,45.0,25.0
2023-03-05 20:00:00,0.0,1013.3,11.1,150.0,18.4,0.312125,39.0,26.1
2023-03-05 21:00:00,0.0,1013.0,12.4,130.0,24.1,0.388831,41.0,26.7
2023-03-05 22:00:00,0.0,1012.7,11.2,140.0,24.1,0.435685,38.0,26.7
2023-03-05 23:00:00,0.0,1012.7,11.2,140.0,24.1,0.49464,38.0,26.7
2023-03-06 00:00:00,0.0,1013.3,11.0,120.0,14.8,0.537056,49.0,22.2
2023-03-06 01:00:00,0.0,1013.8,10.7,120.0,14.8,0.562759,53.0,20.6
2023-03-06 02:00:00,0.0,1014.5,11.0,120.0,20.5,0.567312,54.0,20.6
2023-03-06 03:00:00,0.0,1014.8,10.7,130.0,20.5,0.514926,59.0,18.9
2023-03-06 04:00:00,0.0,1014.8,10.7,130.0,20.5,0.460062,59.0,18.9
2023-03-06 05:00:00,0.0,1015.2,13.2,150.0,18.4,0.38958,80.0,16.7
2023-03-06 06:00:00,0.0,1015.0,15.0,160.0,11.2,0.328435,87.0,17.2
2023-03-06 07:00:00,0.0,1014.8,15.1,180.0,9.4,0.29109,84.0,17.8
2023-03-06 08:00:00,0.0,1014.8,15.1,180.0,9.4,0.275588,84.0,17.8
2023-03-06 09:00:00,0.0,1014.7,15.5,180.0,11.2,0.266713,84.0,18.3
2023-03-06 10:00:00,0.0,1014.4,16.7,170.0,9.4,0.259682,93.0,17.8
2023-03-06 11:00:00,0.0,1014.5,17.2,150.0,7.6,0.294318,96.0,17.8
2023-03-06 12:00:00,0.0,1014.5,17.2,150.0,7.6,0.330337,96.0,17.8
2023-03-06 13:00:00,0.0,1015.0,17.2,170.0,5.4,0.364223,96.0,17.8
2023-03-06 14:00:00,0.0,1016.3,17.7,160.0,7.6,0.363416,93.0,18.9
2023-03-06 15:00:00,0.0,1016.3,18.9,210.0,7.6,0.354426,87.0,21.1
2023-03-06 16:00:00,0.0,1016.1,18.3,140.0,16.6,0.365837,76.0,22.8
2023-03-06 17:00:00,0.0,1016.1,18.3,140.0,16.6,0.356962,76.0,22.8
2023-03-06 18:00:00,0.0,1015.8,17.9,200.0,11.2,0.400357,69.0,23.9
2023-03-06 19:00:00,0.0,1013.6,17.2,240.0,5.4,0.383529,62.0,25.0
2023-03-06 20:00:00,0.0,1013.3,17.2,210.0,11.2,0.363416,58.0,26.1
2023-03-06 21:00:00,0.0,1013.3,17.2,210.0,11.2,0.398974,58.0,26.1
2023-03-06 22:00:00,0.0,1012.0,16.1,170.0,9.4,0.450611,49.0,27.8
2023-03-06 23:00:00,0.0,1012.0,16.1,170.0,9.4,0.514696,49.0,27.8
2023-03-07 00:00:00,0.0,1012.3,16.2,100.0,9.4,0.575207,62.0,23.9
2023-03-07 01:00:00,0.0,1012.6,16.0,70.0,5.4,0.551982,68.0,22.2
2023-03-07 02:00:00,0.0,1013.1,16.0,0.0,0.0,0.550023,68.0,22.2
2023-03-07 03:00:00,0.0,1013.1,16.0,0.0,0.0,0.540226,68.0,22.2
2023-03-07 04:00:00,0.0,1013.8,18.4,130.0,13.0,0.485938,87.0,20.6
2023-03-07 05:00:00,0.0,1013.7,18.2,140.0,11.2,0.424735,93.0,19.4
2023-03-07 06:00:00,0.0,1013.8,18.2,120.0,5.4,0.361976,93.0,19.4
2023-03-07 07:00:00,0.0,1013.7,17.1,90.0,5.4,0.320539,93.0,18.3
2023-03-07 08:00:00,0.0,1013.7,17.1,90.0,5.4,0.294836,93.0,18.3
2023-03-07 09:00:00,0.0,1013.3,17.8,0.0,0.0,0.274032,100.0,17.8
2023-03-07 10:00:00,0.0,1013.2,18.2,140.0,5.4,0.267174,96.0,18.9
2023-03-07 11:00:00,0.0,1013.4,18.9,160.0,14.8,0.336272,97.0,19.4
2023-03-07 12:00:00,0.0,1013.4,18.9,160.0,14.8,0.370966,97.0,19.4
2023-03-07 13:00:00,0.0,1013.4,19.3,160.0,9.4,0.404219,96.0,20.0
2023-03-07 14:00:00,0.0,1014.8,19.4,150.0,5.4,0.374885,90.0,21.1
2023-03-07 15:00:00,0.0,1014.8,19.4,150.0,5.4,0.383414,90.0,21.1
2023-03-07 16:00:00,0.2,1014.9,19.9,140.0,13.0,0.378285,87.0,22.2
2023-03-07 17:00:00,0.0,1014.5,20.0,130.0,14.8,0.328377,74.0,25.0
2023-03-07 18:00:00,0.0,1014.5,20.0,130.0,14.8,0.384797,74.0,25.0
2023-03-07 19:00:00,0.0,1013.0,20.0,120.0,16.6,0.398801,71.0,25.6
2023-03-07 20:00:00,0.0,1012.2,19.5,120.0,16.6,0.447845,69.0,25.6
2023-03-07 21:00:00,0.0,1011.7,20.1,110.0,14.8,0.448767,67.0,26.7
2023-03-07 22:00:00,0.0,1011.7,20.1,110.0,14.8,0.479311,67.0,26.7
2023-03-07 23:00:00,0.0,1011.3,19.3,90.0,16.6,0.493834,64.0,26.7
2023-03-08 00:00:00,0.0,1011.3,19.3,90.0,16.6,0.56979,64.0,26.7
2023-03-08 01:00:00,0.0,1012.5,19.4,70.0,14.8,0.567312,71.0,25.0
2023-03-08 02:00:00,0.0,1013.4,18.8,120.0,22.3,0.58414,76.0,23.3
2023-03-08 03:00:00,0.0,1013.4,18.8,120.0,22.3,0.554633,76.0,23.3
2023-03-08 04:00:00,0.0,1014.1,18.9,130.0,16.6,0.517693,87.0,21.1
2023-03-08 05:00:00,0.0,1014.1,18.9,130.0,16.6,0.464212,87.0,21.1
2023-03-08 06:00:00,0.0,1014.1,18.4,120.0,14.8,0.396669,87.0,20.6
2023-03-08 07:00:00,0.0,1014.0,18.2,120.0,14.8,0.329357,93.0,19.4
2023-03-08 08:00:00,0.0,1014.0,18.3,140.0,13.0,0.303827,90.0,20.0
2023-03-08 09:00:00,0.0,1014.4,17.8,150.0,22.3,0.28746,84.0,20.6
2023-03-08 10:00:00,0.0,1014.5,17.8,160.0,14.8,0.28648,84.0,20.6
2023-03-08 11:00:00,0.0,1015.0,17.8,60.0,7.6,0.316563,87.0,20.0
2023-03-08 12:00:00,0.0,1015.0,17.8,60.0,7.6,0.356097,87.0,20.0
2023-03-08 13:00:00,0.0,1015.8,17.8,100.0,11.2,0.385258,87.0,20.0
2023-03-08 14:00:00,0.0,1016.5,18.3,100.0,16.6,0.360131,81.0,21.7
2023-03-08 15:00:00,0.0,1016.8,17.7,140.0,22.3,0.33829,73.0,22.8
2023-03-08 16:00:00,0.0,1016.8,17.9,130.0,18.4,0.371369,69.0,23.9
2023-03-08 17:00:00,0.0,1016.8,17.9,130.0,18.4,0.393038,69.0,23.9
2023-03-08 18:00:00,0.0,1015.7,16.7,160.0,13.0,0.389062,58.0,25.6
2023-03-08 19:00:00,0.0,1014.6,16.8,160.0,9.4,0.361572,53.0,27.2
2023-03-08 20:00:00,0.0,1013.8,16.7,120.0,22.3,0.421969,51.0,27.8
2023-03-08 21:00:00,0.0,1013.8,16.7,120.0,22.3,0.470839,51.0,27.8
2023-03-08 22:00:00,0.0,1012.7,15.1,120.0,24.1,0.503054,43.0,28.9
2023-03-08 23:00:00,0.0,1012.7,15.1,120.0,24.1,0.549504,43.0,28.9
2023-03-09 00:00:00,0.0,1013.7,16.2,130.0,25.9,0.582008,56.0,25.6
2023-03-09 01:00:00,0.0,1013.9,16.6,130.0,25.9,0.579645,62.0,24.4
2023-03-09 02:00:00,0.0,1014.5,16.8,130.0,25.9,0.582469,67.0,23.3
2023-03-09 03:00:00,0.0,1014.5,16.8,130.0,27.7,0.54864,67.0,23.3
2023-03-09 04:00:00,0.0,1015.1,18.3,140.0,20.5,0.506627,81.0,21.7
2023-03-09 05:00:00,0.0,1015.2,18.3,140.0,20.5,0.445655,81.0,21.7
2023-03-09 06:00:00,0.0,1015.2,18.3,140.0,20.5,0.386065,81.0,21.7
2023-03-09 07:00:00,0.0,1015.3,18.3,140.0,16.6,0.34388,81.0,21.7
2023-03-09 08:00:00,0.0,1014.7,18.3,160.0,16.6,0.32175,84.0,21.1
2023-03-09 09:00:00,0.0,1014.3,18.3,150.0,13.0,0.32319,84.0,21.1
2023-03-09 10:00:00,0.0,1014.0,18.4,140.0,13.0,0.306708,87.0,20.6
2023-03-09 11:00:00,0.0,1014.1,18.4,170.0,11.2,0.346473,87.0,20.6
2023-03-09 12:00:00,0.0,1014.1,18.4,170.0,11.2,0.358691,87.0,20.6
2023-03-09 13:00:00,0.0,1014.9,18.9,150.0,13.0,0.344802,87.0,21.1
2023-03-09 14:00:00,0.0,1014.9,18.9,170.0,14.8,0.388658,84.0,21.7
2023-03-09 15:00:00,0.0,1015.2,18.4,190.0,18.4,0.36843,74.0,23.3
2023-03-09 16:00:00,0.0,1015.2,17.7,190.0,18.4,0.335466,64.0,25.0
2023-03-09 17:00:00,0.0,1015.2,17.7,190.0,18.4,0.359094,64.0,25.0
2023-03-09 18:00:00,0.0,1013.6,16.2,170.0,22.3,0.385892,51.0,27.2
2023-03-09 19:00:00,0.0,1012.7,16.1,150.0,18.4,0.395171,46.0,28.9
2023-03-09 20:00:00,0.0,1012.2,16.2,170.0,16.6,0.48905,45.0,29.4
2023-03-09 21:00:00,0.0,1011.8,15.5,120.0,16.6,0.49539,43.0,29.4
2023-03-09 22:00:00,0.0,1011.8,15.5,120.0,16.6,0.523686,43.0,29.4
2023-03-09 23:00:00,0.0,1011.9,14.9,140.0,20.5,0.566909,44.0,28.3
2023-03-10 00:00:00,0.0,1012.7,16.6,120.0,18.4,0.585293,54.0,26.7
2023-03-10 01:00:00,0.0,1013.4,16.7,130.0,20.5,0.584371,60.0,25.0
2023-03-10 02:00:00,0.0,1013.4,16.7,130.0,20.5,0.585177,60.0,25.0
2023-03-10 03:00:00,0.0,1015.0,17.3,130.0,9.4,0.576879,71.0,22.8
2023-03-10 04:00:00,0.0,1015.2,17.1,120.0,7.6,0.524954,78.0,21.1
2023-03-10 05:00:00,0.0,1015.4,17.2,120.0,11.2,0.459371,84.0,20.0
2023-03-10 06:00:00,0.0,1015.6,17.8,40.0,5.4,0.377248,87.0,20.0
2023-03-10 07:00:00,0.0,1015.6,17.8,40.0,5.4,0.332584,87.0,20.0
2023-03-10 08:00:00,0.0,1016.1,17.8,40.0,7.6,0.307342,84.0,20.6
2023-03-10 09:00:00,0.0,1016.8,15.0,40.0,11.2,0.290975,81.0,18.3
2023-03-10 10:00:00,0.0,1016.7,13.9,10.0,11.2,0.288266,78.0,17.8
2023-03-10 11:00:00,0.0,1016.7,13.9,10.0,11.2,0.316332,78.0,17.8
2023-03-10 12:00:00,0.0,1017.1,13.2,30.0,14.8,0.34411,80.0,16.7
2023-03-10 13:00:00,0.0,1018.0,12.2,20.0,14.8,0.371254,80.0,15.6
2023-03-10 14:00:00,0.0,1018.0,12.2,20.0,14.8,0.36941,80.0,15.6
2023-03-10 15:00:00,0.0,1019.5,11.8,20.0,18.4,0.339269,81.0,15.0
2023-03-10 16:00:00,0.0,1019.5,11.8,20.0,18.4,0.331028,81.0,15.0
2023-03-10 17:00:00,0.0,1019.9,12.2,10.0,13.0,0.328608,65.0,18.9
2023-03-10 18:00:00,0.0,1017.7,13.8,100.0,9.4,0.317658,59.0,22.2
2023-03-10 19:00:00,0.0,1016.2,15.1,100.0,7.6,0.34728,56.0,24.4
2023-03-10 20:00:00,0.0,1015.0,15.0,45.0,9.4,0.344168,54.0,25.0
2023-03-10 21:00:00,0.0,1013.7,14.4,180.0,9.4,0.37742,50.0,25.6
2023-03-10 22:00:00,0.0,1013.7,14.4,180.0,9.4,0.439085,50.0,25.6
2023-03-10 23:00:00,0.0,1012.3,14.5,170.0,13.0,0.483345,52.0,25.0
2023-03-11 00:00:00,0.0,1012.2,14.4,120.0,11.2,0.531754,59.0,22.8
2023-03-11 01:00:00,0.0,1012.2,14.5,120.0,11.2,0.510834,68.0,20.6
2023-03-11 02:00:00,0.0,1012.5,14.4,90.0,5.4,0.494986,70.0,20.0
2023-03-11 03:00:00,0.0,1012.5,14.4,90.0,5.4,0.476487,70.0,20.0
2023-03-11 04:00:00,0.0,1012.6,14.4,100.0,5.4,0.446289,75.0,18.9
2023-03-11 05:00:00,0.0,1012.1,14.5,110.0,7.6,0.414246,81.0,17.8
2023-03-11 06:00:00,0.0,1012.1,14.5,110.0,7.6,0.363532,81.0,17.8
2023-03-11 07:00:00,0.0,1011.2,16.1,150.0,16.6,0.328896,81.0,19.4
2023-03-11 08:00:00,0.0,1010.0,17.8,160.0,18.4,0.304,87.0,20.0
2023-03-11 09:00:00,0.0,1009.3,17.8,180.0,11.2,0.30181,87.0,20.0
2023-03-11 10:00:00,0.0,1009.5,17.8,180.0,14.8,0.299274,87.0,20.0
2023-03-11 11:00:00,0.0,1009.5,17.2,180.0,18.4,0.280083,84.0,20.0
2023-03-11 12:00:00,0.0,1009.2,17.8,180.0,14.8,0.282042,87.0,20.0
2023-03-11 13:00:00,0.0,1009.7,17.8,210.0,16.6,0.295297,84.0,20.6
2023-03-11 14:00:00,0.0,1009.6,18.3,190.0,14.8,0.309993,81.0,21.7
2023-03-11 15:00:00,0.0,1009.7,17.7,200.0,18.4,0.30642,71.0,23.3
2023-03-11 16:00:00,0.0,1008.8,17.8,210.0,25.9,0.32417,62.0,25.6
2023-03-11 17:00:00,0.0,1008.8,17.8,210.0,25.9,0.350104,62.0,25.6
2023-03-11 18:00:00,0.0,1006.6,17.7,210.0,22.3,0.408426,46.0,30.6
2023-03-11 19:00:00,0.0,1005.1,18.0,200.0,24.1,0.45355,44.0,31.7
2023-03-11 20:00:00,0.0,1003.7,17.3,210.0,24.1,0.500692,41.0,32.2
2023-03-11 21:00:00,0.0,1003.7,17.3,210.0,24.1,0.547718,41.0,32.2
2023-03-11 22:00:00,0.0,1002.6,16.1,210.0,22.3,0.60385,38.0,32.2
2023-03-11 23:00:00,0.0,1002.6,15.6,200.0,14.8,0.651683,38.0,31.7
2023-03-12 00:00:00,0.0,1003.1,16.2,180.0,13.0,0.6605,42.0,30.6
2023-03-12 01:00:00,0.0,1003.6,16.2,160.0,5.4,0.654391,48.0,28.3
2023-03-12 02:00:00,0.0,1003.6,16.2,160.0,5.4,0.605175,48.0,28.3
2023-03-12 03:00:00,0.0,1004.4,19.0,170.0,22.3,0.551694,67.0,25.6
2023-03-12 04:00:00,0.0,1004.3,18.8,170.0,18.4,0.540053,71.0,24.4
2023-03-12 05:00:00,0.0,1004.4,19.0,160.0,11.2,0.480406,79.0,22.8
2023-03-12 06:00:00,0.0,1004.3,18.4,180.0,7.6,0.429115,79.0,22.2
2023-03-12 07:00:00,0.0,1004.3,18.4,180.0,7.6,0.366298,79.0,22.2
2023-03-12 08:00:00,0.0,1005.0,18.3,300.0,13.0,0.339557,84.0,21.1
2023-03-12 09:00:00,0.0,1004.2,17.8,0.0,0.0,0.311146,84.0,20.6
2023-03-12 10:00:00,0.0,1004.6,17.2,0.0,0.0,0.301579,90.0,18.9
2023-03-12 11:00:00,0.0,1005.3,16.7,290.0,9.4,0.287229,93.0,17.8
2023-03-12 12:00:00,0.0,1005.3,16.7,290.0,9.4,0.289822,93.0,17.8
2023-03-12 13:00:00,0.0,1007.6,15.1,320.0,9.4,0.292473,90.0,18.9
2023-03-12 14:00:00,0.0,1008.2,9.3,340.0,24.1,0.287978,50.0,20.0
2023-03-12 15:00:00,0.0,1008.9,10.0,340.0,24.1,0.306132,46.0,22.2
2023-03-12 16:00:00,0.0,1009.3,9.9,360.0,22.3,0.31103,40.0,24.4
2023-03-12 17:00:00,0.0,1009.3,9.9,350.0,25.9,0.31956,40.0,24.4
2023-03-12 18:00:00,0.0,1008.6,10.1,360.0,18.4,0.359843,33.0,27.8
2023-03-12 19:00:00,0.0,1007.9,9.1,360.0,16.6,0.403066,29.0,28.9
2023-03-12 20:00:00,0.0,1007.5,9.1,360.0,16.6,0.463117,29.0,28.9
2023-03-12 21:00:00,0.0,1007.5,9.1,10.0,22.3,0.481155,29.0,28.9
2023-03-12 22:00:00,0.0,1008.7,7.6,350.0,18.4,0.521957,29.0,27.2
2023-03-12 23:00:00,0.0,1009.2,7.7,350.0,18.4,0.590825,32.0,25.6
2023-03-13 00:00:00,0.0,1010.5,8.5,10.0,25.9,0.560166,40.0,22.8
2023-03-13 01:00:00,0.0,1011.9,8.9,30.0,16.6,0.55521,47.0,20.6
2023-03-13 02:00:00,0.0,1011.9,8.9,30.0,16.6,0.532215,47.0,20.6
2023-03-13 03:00:00,0.0,1014.4,7.2,30.0,24.1,0.482192,50.0,17.8
2023-03-13 04:00:00,0.0,1014.9,6.1,60.0,13.0,0.435166,48.0,17.2
2023-03-13 05:00:00,0.0,1015.2,5.1,40.0,24.1,0.366355,48.0,16.1
2023-03-13 06:00:00,0.0,1015.9,4.3,40.0,13.0,0.312529,47.0,15.6
2023-03-13 07:00:00,0.0,1015.9,4.3,40.0,13.0,0.284693,47.0,15.6
2023-03-13 08:00:00,0.0,1016.4,3.2,20.0,16.6,0.266482,47.0,14.4
2023-03-13 09:00:00,0.0,1016.7,2.8,20.0,18.4,0.256282,49.0,13.3
2023-03-13 10:00:00,0.0,1017.3,3.4,20.0,18.4,0.275473,51.0,13.3
2023-03-13 11:00:00,0.0,1017.3,3.4,20.0,18.4,0.291321,51.0,13.3
2023-03-13 12:00:00,0.0,1019.9,3.9,30.0,13.0,0.279276,57.0,12.2
2023-03-13 13:00:00,0.0,1020.7,3.9,20.0,18.4,0.297603,57.0,12.2
2023-03-13 14:00:00,0.0,1020.4,3.9,30.0,24.1,0.297257,57.0,12.2
2023-03-13 15:00:00,0.0,1020.1,2.2,50.0,25.9,0.297718,45.0,13.9
2023-03-13 16:00:00,0.0,1020.8,1.0,40.0,20.5,0.273571,36.0,16.1
2023-03-13 17:00:00,0.0,1020.8,1.0,40.0,20.5,0.292301,36.0,16.1
2023-03-13 18:00:00,0.0,1019.8,1.3,60.0,25.9,0.280313,32.0,18.3
2023-03-13 19:00:00,0.0,1018.3,0.4,70.0,13.0,0.203089,27.0,20.0
2023-03-13 20:00:00,0.0,1017.4,0.4,90.0,22.3,0.220148,27.0,20.0
2023-03-13 21:00:00,0.0,1017.4,0.4,90.0,22.3,0.249597,27.0,20.0
2023-03-13 22:00:00,0.0,1017.0,0.4,50.0,16.6,0.305095,27.0,20.0
2023-03-13 23:00:00,0.0,1017.4,0.9,60.0,16.6,0.395632,30.0,18.9
2023-03-14 00:00:00,0.0,1018.0,1.3,90.0,13.0,0.394479,33.0,17.8
2023-03-14 01:00:00,0.0,1018.8,1.6,70.0,11.2,0.42364,35.0,17.2
2023-03-14 02:00:00,0.0,1018.8,1.6,70.0,11.2,0.417877,35.0,17.2
2023-03-14 03:00:00,0.0,1019.3,2.8,70.0,13.0,0.396496,41.0,16.1
2023-03-14 04:00:00,0.0,1019.5,2.8,130.0,14.8,0.365549,44.0,15.0
2023-03-14 05:00:00,0.0,1019.5,2.8,130.0,14.8,0.320251,44.0,15.0
2023-03-14 06:00:00,0.0,1019.9,3.4,120.0,7.6,0.282734,51.0,13.3
2023-03-14 07:00:00,0.0,1019.7,3.9,40.0,9.4,0.26118,57.0,12.2
2023-03-14 08:00:00,0.0,1019.7,3.9,40.0,9.4,0.247522,57.0,12.2
2023-03-14 09:00:00,0.0,1019.7,2.2,40.0,9.4,0.247752,56.0,10.6
2023-03-14 10:00:00,0.0,1020.3,1.6,40.0,11.2,0.256397,56.0,10.0
2023-03-14 11:00:00,0.0,1020.3,1.6,40.0,11.2,0.277259,56.0,10.0
2023-03-14 12:00:00,0.0,1021.8,2.3,30.0,11.2,0.298986,61.0,9.4
2023-03-14 13:00:00,0.0,1022.1,2.9,50.0,16.6,0.310627,57.0,11.1
2023-03-14 14:00:00,0.0,1022.1,3.4,70.0,20.5,0.306189,49.0,13.9
2023-03-14 15:00:00,0.0,1022.5,4.0,90.0,16.6,0.260489,46.0,15.6
2023-03-14 16:00:00,0.0,1022.6,5.1,90.0,16.6,0.239569,43.0,17.8
2023-03-14 17:00:00,0.0,1021.9,6.0,90.0,22.3,0.248675,43.0,18.9
2023-03-14 18:00:00,0.0,1021.9,6.0,100.0,24.1,0.261353,43.0,18.9
2023-03-14 19:00:00,0.0,1020.5,6.7,110.0,16.6,0.254899,42.0,20.0
2023-03-14 20:00:00,0.0,1020.5,6.7,110.0,16.6,0.267462,42.0,20.0
2023-03-14 21:00:00,0.0,1020.0,6.2,110.0,20.5,0.315641,39.0,20.6
2023-03-14 22:00:00,0.0,1020.9,5.1,90.0,11.2,0.340883,39.0,19.4
2023-03-14 23:00:00,0.0,1021.4,4.5,100.0,16.6,0.352409,40.0,18.3
2023-03-15 00:00:00,0.0,1021.5,3.3,100.0,16.6,0.371196,38.0,17.8
2023-03-15 01:00:00,0.0,1021.5,3.3,100.0,16.6,0.38958,38.0,17.8
2023-03-15 02:00:00,0.0,1022.2,3.2,110.0,16.6,0.391597,42.0,16.1
2023-03-15 03:00:00,0.0,1022.6,2.4,100.0,14.8,0.37961,41.0,15.6
2023-03-15 04:00:00,0.0,1022.7,2.2,100.0,14.8,0.352697,42.0,15.0
2023-03-15 05:00:00,0.0,1022.5,3.8,130.0,16.6,0.328319,47.0,15.0
2023-03-15 06:00:00,0.0,1022.5,3.8,130.0,16.6,0.293338,47.0,15.0
2023-03-15 07:00:00,0.0,1022.1,4.4,120.0,14.8,0.278239,51.0,14.4
2023-03-15 08:00:00,0.0,1022.1,4.4,120.0,14.8,0.24464,51.0,14.4
2023-03-15 09:00:00,0.0,1021.6,5.0,120.0,16.6,0.244583,57.0,13.3
2023-03-15 10:00:00,0.0,1021.6,5.0,120.0,16.6,0.251153,57.0,13.3
2023-03-15 11:00:00,0.0,1021.1,4.5,110.0,13.0,0.270401,57.0,12.8
2023-03-15 12:00:00,0.0,1021.4,4.5,110.0,11.2,0.281927,57.0,12.8
2023-03-15 13:00:00,0.0,1021.4,4.5,110.0,11.2,0.296738,57.0,12.8
2023-03-15 14:00:00,0.0,1022.2,6.7,100.0,16.6,0.295124,60.0,14.4
2023-03-15 15:00:00,0.0,1022.2,6.7,100.0,16.6,0.295528,60.0,14.4
2023-03-15 16:00:00,0.0,1021.5,9.4,120.0,20.5,0.279968,56.0,18.3
2023-03-15 17:00:00,0.0,1021.5,9.4,120.0,20.5,0.30544,56.0,18.3
2023-03-15 18:00:00,0.0,1020.5,10.7,110.0,20.5,0.295701,55.0,20.0
2023-03-15 19:00:00,0.0,1017.9,11.8,140.0,22.3,0.337944,57.0,20.6
2023-03-15 20:00:00,0.0,1016.7,12.8,140.0,22.3,0.290284,57.0,21.7
2023-03-15 21:00:00,0.0,1016.7,12.8,160.0,24.1,0.329933,57.0,21.7
2023-03-15 22:00:00,0.0,1015.4,12.7,150.0,24.1,0.355175,55.0,22.2
2023-03-15 23:00:00,0.0,1015.4,12.7,150.0,24.1,0.378515,55.0,22.2
2023-03-16 00:00:00,0.0,1015.0,13.3,150.0,25.9,0.405083,59.0,21.7
2023-03-16 01:00:00,0.0,1014.9,13.3,140.0,31.7,0.428366,61.0,21.1
2023-03-16 02:00:00,0.0,1017.0,13.2,140.0,35.3,0.429115,65.0,20.0
2023-03-16 03:00:00,0.0,1015.6,14.0,140.0,24.1,0.402259,71.0,19.4
2023-03-16 04:00:00,0.0,1014.6,14.0,130.0,20.5,0.371542,73.0,18.9
2023-03-16 05:00:00,0.0,1014.6,14.0,130.0,20.5,0.341286,73.0,18.9
2023-03-16 06:00:00,0.0,1013.6,14.4,140.0,20.5,0.302732,78.0,18.3
2023-03-16 07:00:00,0.3,1012.5,15.0,150.0,20.5,0.274147,78.0,18.9
2023-03-16 08:00:00,0.0,1011.3,16.1,150.0,20.5,0.266079,84.0,18.9
2023-03-16 09:00:00,0.0,1011.3,16.1,150.0,20.5,0.258817,84.0,18.9
2023-03-16 10:00:00,0.0,1009.7,16.6,150.0,14.8,0.265675,90.0,18.3
2023-03-16 11:00:00,0.0,1009.7,16.6,150.0,14.8,0.278757,90.0,18.3
2023-03-16 12:00:00,0.2,1010.1,17.8,150.0,16.6,0.289246,97.0,18.3
2023-03-16 13:00:00,0.3,1009.9,17.7,160.0,14.8,0.307227,93.0,18.9
2023-03-16 14:00:00,0.5,1009.5,18.2,160.0,20.5,0.317024,93.0,19.4
2023-03-16 15:00:00,0.3,1010.3,18.8,170.0,20.5,0.326994,93.0,20.0
2023-03-16 16:00:00,0.5,1010.3,18.8,170.0,20.5,0.344514,93.0,20.0
2023-03-16 17:00:00,0.3,1009.6,19.9,170.0,22.3,0.35166,93.0,21.1
2023-03-16 18:00:00,0.0,1009.1,19.9,180.0,20.5,0.356385,87.0,22.2
2023-03-16 19:00:00,0.0,1006.5,19.0,170.0,13.0,0.302789,65.0,26.1
2023-03-16 20:00:00,0.0,1006.5,19.0,170.0,13.0,0.319272,65.0,26.1
2023-03-16 21:00:00,0.0,1004.7,17.8,180.0,16.6,0.406408,53.0,28.3
2023-03-16 22:00:00,0.0,1004.5,17.2,190.0,9.4,0.455798,51.0,28.3
2023-03-16 23:00:00,0.0,1004.5,17.2,190.0,9.4,0.547487,51.0,28.3
2023-03-17 00:00:00,0.0,1004.7,16.6,170.0,5.4,0.550426,49.0,28.3
2023-03-17 01:00:00,0.0,1005.1,18.3,120.0,9.4,0.541148,69.0,24.4
2023-03-17 02:00:00,0.0,1005.9,20.1,130.0,16.6,0.522879,82.0,23.3
2023-03-17 03:00:00,0.0,1005.9,20.1,130.0,16.6,0.494467,82.0,23.3
2023-03-17 04:00:00,0.0,1006.3,19.4,0.0,0.0,0.445367,81.0,22.8
2023-03-17 05:00:00,1.7,1009.1,9.4,360.0,46.4,0.398744,80.0,12.8
2023-03-17 06:00:00,0.2,1011.6,10.0,360.0,31.7,0.326072,83.0,12.8
2023-03-17 07:00:00,1.8,1012.4,6.6,360.0,35.3,0.283368,74.0,11.1
2023-03-17 08:00:00,0.8,1014.5,3.9,360.0,24.1,0.260662,71.0,8.9
2023-03-17 09:00:00,0.3,1014.5,1.7,350.0,27.7,0.254207,63.0,8.3
2023-03-17 10:00:00,0.0,1014.5,1.7,360.0,33.5,0.255302,63.0,8.3
2023-03-17 11:00:00,0.0,1017.0,2.2,360.0,25.9,0.272822,76.0,6.1
2023-03-17 12:00:00,0.5,1018.3,1.2,360.0,25.9,0.306017,68.0,6.7
2023-03-17 13:00:00,0.0,1020.4,1.1,350.0,18.4,0.326533,65.0,7.2
2023-03-17 14:00:00,0.0,1020.4,1.1,350.0,18.4,0.327974,65.0,7.2
2023-03-17 15:00:00,0.0,1021.4,-2.2,350.0,24.1,0.330164,44.0,9.4
2023-03-17 16:00:00,0.0,1021.8,-3.3,350.0,27.7,0.309878,39.0,10.0
2023-03-17 17:00:00,0.0,1021.8,-4.4,360.0,20.5,0.32198,36.0,10.0
2023-03-17 18:00:00,0.0,1021.0,-5.0,360.0,20.5,0.353043,32.0,11.1
2023-03-17 19:00:00,0.0,1021.0,-5.0,360.0,25.9,0.300772,32.0,11.1
2023-03-17 20:00:00,0.0,1019.2,-4.3,360.0,22.3,0.285904,28.0,13.9
2023-03-17 21:00:00,0.0,1018.2,-5.5,330.0,24.1,0.271035,23.0,15.6
2023-03-17 22:00:00,0.0,1017.9,-5.4,20.0,24.1,0.30181,25.0,14.4
2023-03-17 23:00:00,0.0,1017.7,-4.8,20.0,16.6,0.339846,27.0,13.9
2023-03-18 00:00:00,0.0,1017.7,-4.8,20.0,16.6,0.364799,27.0,13.9
2023-03-18 01:00:00,0.0,1019.2,-5.8,20.0,13.0,0.383241,28.0,12.2
2023-03-18 02:00:00,0.0,1020.6,-4.9,10.0,9.4,0.385892,31.0,11.7
2023-03-18 03:00:00,0.0,1020.6,-4.9,10.0,9.4,0.372176,31.0,11.7
2023-03-18 04:00:00,0.0,1020.8,-3.9,20.0,14.8,0.346704,36.0,10.6
2023-03-18 05:00:00,0.0,1020.8,-3.9,20.0,14.8,0.329357,36.0,10.6
2023-03-18 06:00:00,1.0,1022.7,1.1,10.0,13.0,0.312068,65.0,7.2
2023-03-18 07:00:00,0.5,1023.6,2.2,50.0,5.4,0.29426,73.0,6.7
2023-03-18 08:00:00,1.0,1024.7,1.2,50.0,5.4,0.287978,68.0,6.7
2023-03-18 09:00:00,0.8,1024.4,2.2,20.0,18.4,0.285327,79.0,5.6
2023-03-18 10:00:00,1.0,1024.4,2.2,20.0,18.4,0.293107,79.0,5.6
2023-03-18 11:00:00,1.5,1023.5,2.9,10.0,11.2,0.301521,86.0,5.0
2023-03-18 12:00:00,1.3,1024.7,3.3,0.0,0.0,0.313509,85.0,5.6
2023-03-18 13:00:00,1.3,1025.6,2.2,40.0,16.6,0.33414,76.0,6.1
2023-03-18 14:00:00,0.5,1026.2,2.7,0.0,0.0,0.355002,79.0,6.1
2023-03-18 15:00:00,0.2,1026.2,2.7,0.0,0.0,0.391367,79.0,6.1
2023-03-18 16:00:00,0.0,1027.7,1.8,0.0,0.0,0.411999,61.0,8.9
2023-03-18 17:00:00,0.0,1028.0,2.9,0.0,5.4,0.394825,66.0,8.9
2023-03-18 18:00:00,0.0,1027.8,3.3,280.0,5.4,0.386411,68.0,8.9
2023-03-18 19:00:00,0.0,1027.8,3.3,280.0,5.4,0.396784,68.0,8.9
2023-03-18 20:00:00,0.1,1027.3,-1.1,50.0,20.5,0.397879,46.0,10.0
2023-03-18 21:00:00,0.3,1027.9,1.2,20.0,16.6,0.41488,61.0,8.3
2023-03-18 22:00:00,0.4,1027.9,1.2,100.0,9.4,0.415629,61.0,8.3
2023-03-18 23:00:00,0.3,1028.5,1.2,340.0,16.6,0.404795,63.0,7.8
2023-03-19 00:00:00,0.0,1028.5,1.2,340.0,16.6,0.41684,63.0,7.8
2023-03-19 01:00:00,0.0,1029.3,2.9,270.0,7.6,0.455106,74.0,7.2
2023-03-19 02:00:00,0.0,1029.7,2.8,280.0,9.4,0.441275,76.0,6.7
2023-03-19 03:00:00,0.0,1030.2,2.8,290.0,9.4,0.436722,76.0,6.7
2023-03-19 04:00:00,0.0,1030.1,2.8,300.0,13.0,0.409982,76.0,6.7
2023-03-19 05:00:00,0.0,1030.1,2.8,300.0,13.0,0.383414,76.0,6.7
2023-03-19 06:00:00,0.0,1030.5,2.8,310.0,9.4,0.362437,76.0,6.7
2023-03-19 07:00:00,0.0,1030.5,3.3,310.0,7.6,0.3395,79.0,6.7
2023-03-19 08:00:00,0.0,1030.7,2.8,320.0,9.4,0.335869,76.0,6.7
2023-03-19 09:00:00,0.0,1030.7,2.8,320.0,9.4,0.321058,76.0,6.7
2023-03-19 10:00:00,0.0,1030.9,2.7,300.0,7.6,0.322845,79.0,6.1
2023-03-19 11:00:00,0.0,1031.2,2.7,320.0,5.4,0.326706,79.0,6.1
2023-03-19 12:00:00,0.0,1031.9,2.7,330.0,9.4,0.343188,79.0,6.1
2023-03-19 13:00:00,0.0,1032.5,3.3,330.0,9.4,0.360477,79.0,6.7
2023-03-19 14:00:00,0.0,1032.5,3.3,330.0,9.4,0.372695,79.0,6.7
2023-03-19 15:00:00,0.0,1033.9,0.0,120.0,9.4,0.376556,50.0,10.0
2023-03-19 16:00:00,0.0,1033.8,-0.5,120.0,5.4,0.3361,46.0,10.6
2023-03-19 17:00:00,0.0,1033.1,0.2,141.0,7.6,0.275415,45.0,11.7
2023-03-19 18:00:00,0.0,1031.9,0.0,200.0,9.4,0.231674,43.0,12.2
2023-03-19 19:00:00,0.0,1031.9,0.0,200.0,9.4,0.248444,43.0,12.2
2023-03-19 20:00:00,0.0,1028.9,-1.3,190.0,13.0,0.250864,34.0,14.4
2023-03-19 21:00:00,0.0,1028.4,-0.5,160.0,11.2,0.271266,36.0,14.4
2023-03-19 22:00:00,0.0,1028.1,0.2,220.0,9.4,0.310051,39.0,13.9
2023-03-19 23:00:00,0.0,1027.9,0.2,180.0,14.8,0.353619,39.0,13.9
2023-03-20 00:00:00,0.0,1027.9,0.2,180.0,14.8,0.403296,39.0,13.9
2023-03-20 01:00:00,0.0,1027.4,0.0,170.0,16.6,0.442197,43.0,12.2
2023-03-20 02:00:00,0.0,1027.6,1.6,200.0,20.5,0.445885,52.0,11.1
2023-03-20 03:00:00,0.0,1027.6,1.6,200.0,20.5,0.429633,52.0,11.1
2023-03-20 04:00:00,0.0,1028.2,2.1,200.0,18.4,0.379956,58.0,10.0
2023-03-20 05:00:00,0.0,1027.2,1.7,200.0,9.4,0.33633,63.0,8.3
2023-03-20 06:00:00,0.0,1026.9,1.7,0.0,0.0,0.308379,68.0,7.2
2023-03-20 07:00:00,0.0,1026.7,2.3,290.0,5.4,0.309417,71.0,7.2
2023-03-20 08:00:00,0.0,1025.9,2.9,0.0,0.0,0.299159,74.0,7.2
2023-03-20 09:00:00,0.0,1025.0,2.3,230.0,5.4,0.298352,68.0,7.8
2023-03-20 10:00:00,0.0,1025.0,2.3,230.0,5.4,0.336676,68.0,7.8
2023-03-20 11:00:00,0.0,1025.0,1.7,220.0,7.6,0.368488,63.0,8.3
2023-03-20 12:00:00,0.0,1024.5,1.7,180.0,13.0,0.417589,63.0,8.3
2023-03-20 13:00:00,0.0,1024.6,2.2,160.0,14.8,0.416436,63.0,8.9
2023-03-20 14:00:00,0.0,1024.6,2.2,160.0,14.8,0.404507,63.0,8.9
2023-03-20 15:00:00,0.0,1025.3,1.1,150.0,22.3,0.38716,52.0,10.6
2023-03-20 16:00:00,0.0,1025.5,2.1,150.0,18.4,0.392462,54.0,11.1
2023-03-20 17:00:00,0.0,1024.9,2.7,150.0,18.4,0.39252,54.0,11.7
2023-03-20 18:00:00,0.0,1024.9,2.7,150.0,18.4,0.39177,54.0,11.7
2023-03-20 19:00:00,0.0,1022.2,4.0,150.0,16.6,0.373329,55.0,12.8
2023-03-20 20:00:00,0.0,1020.8,5.0,150.0,16.6,0.380763,59.0,12.8
2023-03-20 21:00:00,0.0,1020.8,5.0,160.0,24.1,0.371888,59.0,12.8
2023-03-20 22:00:00,0.0,1020.1,5.7,130.0,29.5,0.391655,62.0,12.8
2023-03-20 23:00:00,0.0,1019.2,6.6,140.0,25.9,0.417762,66.0,12.8
2023-03-21 00:00:00,0.0,1018.8,7.3,130.0,20.5,0.434763,69.0,12.8
2023-03-21 01:00:00,0.1,1018.9,8.9,140.0,13.0,0.443695,83.0,11.7
2023-03-21 02:00:00,0.0,1018.1,9.9,130.0,16.6,0.443234,89.0,11.7
2023-03-21 03:00:00,0.0,1019.4,11.1,130.0,11.2,0.400184,96.0,11.7
2023-03-21 04:00:00,0.3,1018.0,11.1,130.0,14.8,0.363243,96.0,11.7
2023-03-21 05:00:00,0.3,1017.8,11.1,130.0,13.0,0.326763,96.0,11.7
2023-03-21 06:00:00,0.0,1017.8,11.1,130.0,13.0,0.294548,96.0,11.7
2023-03-21 07:00:00,0.0,1017.1,11.1,110.0,9.4,0.279622,96.0,11.7
2023-03-21 08:00:00,0.0,1016.1,12.8,0.0,0.0,0.285154,100.0,12.8
2023-03-21 09:00:00,0.0,1016.1,13.9,160.0,13.0,0.284521,100.0,13.9
2023-03-21 10:00:00,0.0,1015.2,13.9,150.0,13.0,0.301464,97.0,14.4
2023-03-21 11:00:00,0.3,1015.3,14.4,150.0,16.6,0.333045,96.0,15.0
2023-03-21 12:00:00,0.3,1015.3,14.4,150.0,16.6,0.375692,96.0,15.0
2023-03-21 13:00:00,0.5,1015.9,15.0,160.0,11.2,0.365664,96.0,15.6
2023-03-21 14:00:00,0.5,1016.4,15.6,160.0,16.6,0.365779,97.0,16.1
2023-03-21 15:00:00,0.5,1016.4,15.6,160.0,16.6,0.355924,97.0,16.1
2023-03-21 16:00:00,0.3,1016.7,16.1,170.0,11.2,0.344168,96.0,16.7
2023-03-21 17:00:00,0.2,1016.1,17.8,170.0,16.6,0.337771,97.0,18.3
2023-03-21 18:00:00,0.5,1016.1,17.8,170.0,16.6,0.340307,97.0,18.3
2023-03-21 19:00:00,0.2,1016.0,18.2,200.0,13.0,0.332584,96.0,18.9
2023-03-21 20:00:00,0.3,1013.3,18.9,170.0,18.4,0.33852,90.0,20.6
2023-03-21 21:00:00,0.0,1013.3,18.9,170.0,18.4,0.31616,90.0,20.6
2023-03-21 22:00:00,0.1,1012.6,19.0,140.0,16.6,0.277432,82.0,22.2
2023-03-21 23:00:00,0.0,1012.6,19.0,140.0,16.6,0.380129,82.0,22.2
2023-03-22 00:00:00,0.0,1012.7,18.9,140.0,22.3,0.410097,87.0,21.1
2023-03-22 01:00:00,0.0,1014.1,18.8,150.0,18.4,0.4392,93.0,20.0
2023-03-22 02:00:00,0.0,1014.1,18.8,150.0,18.4,0.448421,93.0,20.0
2023-03-22 03:00:00,0.0,1015.2,18.8,150.0,18.4,0.432803,93.0,20.0
2023-03-22 04:00:00,0.0,1015.5,18.8,160.0,14.8,0.386353,93.0,20.0
2023-03-22 05:00:00,0.0,1015.6,19.3,160.0,13.0,0.338405,96.0,20.0
2023-03-22 06:00:00,0.0,1015.9,18.9,170.0,16.6,0.32198,90.0,20.6
2023-03-22 07:00:00,0.0,1015.9,18.9,170.0,16.6,0.299447,90.0,20.6
2023-03-22 08:00:00,0.0,1014.8,18.8,150.0,13.0,0.269594,93.0,20.0
2023-03-22 09:00:00,0.0,1014.5,19.3,160.0,11.2,0.264984,96.0,20.0
2023-03-22 10:00:00,0.0,1014.6,18.8,150.0,9.4,0.310396,93.0,20.0
2023-03-22 11:00:00,0.0,1015.3,19.3,160.0,11.2,0.337252,96.0,20.0
2023-03-22 12:00:00,0.0,1015.3,19.3,160.0,11.2,0.373041,96.0,20.0
2023-03-22 13:00:00,0.0,1016.3,19.4,150.0,13.0,0.374539,93.0,20.6
2023-03-22 14:00:00,0.0,1016.3,19.4,150.0,13.0,0.374078,93.0,20.6
2023-03-22 15:00:00,0.2,1016.7,19.4,150.0,16.6,0.386987,90.0,21.1
2023-03-22 16:00:00,0.0,1017.0,18.9,170.0,18.4,0.379092,87.0,21.1
2023-03-22 17:00:00,0.0,1016.6,18.8,170.0,16.6,0.384682,76.0,23.3
2023-03-22 18:00:00,0.0,1016.6,18.8,170.0,16.6,0.349182,76.0,23.3
2023-03-22 19:00:00,0.0,1015.1,18.4,150.0,22.3,0.37183,74.0,23.3
2023-03-22 20:00:00,0.0,1013.9,18.3,160.0,20.5,0.34751,69.0,24.4
2023-03-22 21:00:00,0.0,1013.9,18.3,160.0,20.5,0.362667,69.0,24.4
2023-03-22 22:00:00,0.0,1012.6,18.3,130.0,14.8,0.374424,62.0,26.1
2023-03-22 23:00:00,0.0,1012.6,18.2,140.0,24.1,0.473202,66.0,25.0
2023-03-23 00:00:00,0.0,1012.6,18.2,140.0,24.1,0.495851,66.0,25.0
2023-03-23 01:00:00,0.0,1012.8,18.8,120.0,24.1,0.53648,76.0,23.3
2023-03-23 02:00:00,0.0,1013.9,19.0,130.0,27.7,0.538094,82.0,22.2
2023-03-23 03:00:00,0.0,1014.3,19.4,130.0,18.4,0.521554,84.0,22.2
2023-03-23 04:00:00,0.0,1014.3,19.4,130.0,18.4,0.473663,84.0,22.2
2023-03-23 05:00:00,0.0,1014.4,19.4,160.0,25.9,0.422199,87.0,21.7
2023-03-23 06:00:00,0.0,1014.4,19.4,160.0,25.9,0.356155,87.0,21.7
2023-03-23 07:00:00,0.0,1013.3,19.4,150.0,16.6,0.316448,87.0,21.7
2023-03-23 08:00:00,0.0,1012.8,19.4,150.0,20.5,0.300599,87.0,21.7
2023-03-23 09:00:00,0.0,1012.5,18.9,150.0,16.6,0.299043,84.0,21.7
2023-03-23 10:00:00,0.0,1012.5,18.9,160.0,18.4,0.340422,84.0,21.7
2023-03-23 11:00:00,0.0,1012.5,18.9,160.0,18.4,0.377939,84.0,21.7
2023-03-23 12:00:00,0.0,1013.3,18.9,150.0,18.4,0.415745,87.0,21.1
2023-03-23 13:00:00,0.0,1013.6,18.9,150.0,24.1,0.405083,84.0,21.7
2023-03-23 14:00:00,0.0,1013.7,19.0,150.0,24.1,0.397937,82.0,22.2
2023-03-23 15:00:00,0.0,1013.5,18.8,160.0,31.7,0.393442,76.0,23.3
2023-03-23 16:00:00,0.0,1013.5,18.8,160.0,27.7,0.38399,76.0,23.3
2023-03-23 17:00:00,0.0,1012.4,19.0,160.0,33.5,0.393154,67.0,25.6
2023-03-23 18:00:00,0.0,1012.4,19.0,150.0,37.1,0.423352,67.0,25.6
2023-03-23 19:00:00,0.0,1010.3,19.3,160.0,31.7,0.413324,64.0,26.7
2023-03-23 20:00:00,0.0,1009.2,20.1,140.0,25.9,0.452743,65.0,27.2
2023-03-23 21:00:00,0.0,1009.2,20.1,140.0,25.9,0.460005,65.0,27.2
2023-03-23 22:00:00,0.0,1007.5,20.1,120.0,22.3,0.502651,61.0,28.3
2023-03-23 23:00:00,0.0,1007.1,20.1,120.0,22.3,0.576648,63.0,27.8
2023-03-24 00:00:00,0.0,1007.3,19.5,130.0,24.1,0.606328,69.0,25.6
2023-03-24 01:00:00,0.0,1007.3,19.5,130.0,24.1,0.601775,69.0,25.6
2023-03-24 02:00:00,0.0,1007.7,19.5,120.0,20.5,0.601372,74.0,24.4
2023-03-24 03:00:00,0.0,1008.4,20.0,120.0,25.9,0.550138,84.0,22.8
2023-03-24 04:00:00,0.0,1008.4,20.0,140.0,22.3,0.482941,84.0,22.8
2023-03-24 05:00:00,0.0,1007.6,20.0,140.0,22.3,0.424101,84.0,22.8
2023-03-24 06:00:00,0.0,1007.6,20.0,140.0,22.3,0.378515,84.0,22.8
2023-03-24 07:00:00,0.0,1006.6,19.4,150.0,18.4,0.352582,84.0,22.2
2023-03-24 08:00:00,0.0,1006.6,19.4,160.0,25.9,0.323594,84.0,22.2
2023-03-24 09:00:00,0.0,1005.5,18.9,160.0,16.6,0.32636,84.0,21.7
2023-03-24 10:00:00,0.0,1004.9,18.9,170.0,22.3,0.357192,84.0,21.7
2023-03-24 11:00:00,0.0,1004.9,18.9,170.0,22.3,0.372637,84.0,21.7
2023-03-24 12:00:00,0.0,1005.6,18.9,170.0,11.2,0.411077,87.0,21.1
2023-03-24 13:00:00,0.0,1006.2,19.4,200.0,9.4,0.405544,90.0,21.1
2023-03-24 14:00:00,0.3,1006.2,19.4,200.0,9.4,0.42024,90.0,21.1
2023-03-24 15:00:00,1.8,1007.0,19.0,330.0,9.4,0.417589,82.0,22.2
2023-03-24 16:00:00,1.5,1007.0,19.0,330.0,9.4,0.353965,82.0,22.2
2023-03-24 17:00:00,0.0,1006.8,12.6,320.0,25.9,0.329414,38.0,28.3
2023-03-24 18:00:00,0.0,1005.9,11.0,340.0,14.8,0.346012,32.0,29.4
2023-03-24 19:00:00,0.0,1005.2,5.1,340.0,14.8,0.378112,20.0,30.6
2023-03-24 20:00:00,0.0,1005.2,5.1,280.0,33.5,0.422603,20.0,30.6
2023-03-24 21:00:00,0.0,1003.7,-0.6,260.0,20.5,0.473317,13.0,31.1
2023-03-24 22:00:00,0.0,1003.5,-0.6,250.0,18.4,0.483345,13.0,31.1
2023-03-24 23:00:00,0.0,1003.9,-2.5,250.0,18.4,0.5608,12.0,30.0
2023-03-25 00:00:00,0.0,1003.9,-2.5,280.0,22.3,0.573997,12.0,30.0
2023-03-25 01:00:00,0.0,1004.9,-1.7,290.0,13.0,0.542185,16.0,26.1
2023-03-25 02:00:00,0.0,1007.0,1.9,290.0,7.6,0.514869,28.0,21.1
2023-03-25 03:00:00,0.0,1007.7,5.6,310.0,9.4,0.468592,48.0,16.7
2023-03-25 04:00:00,0.0,1008.4,3.8,300.0,11.2,0.428884,47.0,15.0
2023-03-25 05:00:00,0.0,1008.5,2.8,310.0,14.8,0.368603,44.0,15.0
2023-03-25 06:00:00,0.0,1008.5,2.8,310.0,14.8,0.320424,44.0,15.0
2023-03-25 07:00:00,0.0,1008.9,-3.9,320.0,16.6,0.30204,21.0,18.9
2023-03-25 08:00:00,0.0,1009.9,-2.9,310.0,11.2,0.292531,26.0,16.7
2023-03-25 09:00:00,0.0,1010.1,-1.1,300.0,14.8,0.288728,37.0,13.3
2023-03-25 10:00:00,0.0,1010.1,-1.1,300.0,14.8,0.280313,37.0,13.3
2023-03-25 11:00:00,0.0,1011.8,0.5,310.0,9.4,0.26533,48.0,11.1
2023-03-25 12:00:00,0.0,1012.2,1.6,300.0,9.4,0.278815,56.0,10.0
2023-03-25 13:00:00,0.0,1012.6,3.4,300.0,9.4,0.297603,51.0,13.3
2023-03-25 14:00:00,0.0,1012.8,0.9,320.0,11.2,0.277201,29.0,19.4
2023-03-25 15:00:00,0.0,1012.8,0.9,320.0,11.2,0.264753,29.0,19.4
2023-03-25 16:00:00,0.0,1013.0,0.2,360.0,11.2,0.25876,21.0,23.9
2023-03-25 17:00:00,0.0,1012.3,-1.0,30.0,14.8,0.236111,18.0,25.0
2023-03-25 18:00:00,0.0,1011.2,-2.6,30.0,7.6,0.245908,15.0,26.1
2023-03-25 19:00:00,0.0,1010.2,-1.7,280.0,5.4,0.275184,15.0,27.2
2023-03-25 20:00:00,0.0,1010.2,-1.7,280.0,5.4,0.312875,15.0,27.2
2023-03-25 21:00:00,0.0,1008.5,-0.8,30.0,11.2,0.376441,15.0,28.3
2023-03-25 22:00:00,0.0,1008.5,-0.8,30.0,11.2,0.432803,15.0,28.3
2023-03-25 23:00:00,0.0,1008.2,0.7,140.0,22.3,0.499308,19.0,26.1
2023-03-26 00:00:00,0.0,1008.2,2.4,120.0,14.8,0.522591,28.0,21.7
2023-03-26 01:00:00,0.0,1008.2,2.4,120.0,14.8,0.454933,28.0,21.7
2023-03-26 02:00:00,0.0,1009.5,2.8,0.0,0.0,0.43603,32.0,20.0
2023-03-26 03:00:00,0.0,1009.5,2.8,0.0,0.0,0.403066,32.0,20.0
2023-03-26 04:00:00,0.0,1009.1,3.4,0.0,0.0,0.406063,37.0,18.3
2023-03-26 05:00:00,0.0,1009.0,4.5,0.0,0.0,0.36284,46.0,16.1
2023-03-26 06:00:00,0.0,1009.0,4.5,0.0,0.0,0.338117,46.0,16.1
2023-03-26 07:00:00,0.0,1008.8,6.2,330.0,7.6,0.304864,64.0,12.8
2023-03-26 08:00:00,0.0,1008.4,6.2,330.0,9.4,0.289189,69.0,11.7
2023-03-26 09:00:00,0.0,1008.4,6.2,330.0,9.4,0.256685,69.0,11.7
2023-03-26 10:00:00,0.0,1008.1,6.0,290.0,11.2,0.24441,71.0,11.1
2023-03-26 11:00:00,0.0,1008.4,7.3,320.0,7.6,0.249193,69.0,12.8
2023-03-26 12:00:00,0.0,1009.2,7.8,310.0,7.6,0.261757,62.0,15.0
2023-03-26 13:00:00,0.0,1009.6,8.9,320.0,5.4,0.277374,60.0,16.7
2023-03-26 14:00:00,0.0,1009.6,8.9,320.0,5.4,0.302444,60.0,16.7
2023-03-26 15:00:00,0.0,1009.6,14.4,0.0,0.0,0.299101,78.0,18.3
2023-03-26 16:00:00,0.0,1009.5,16.1,130.0,7.6,0.32319,73.0,21.1
2023-03-26 17:00:00,0.0,1009.1,17.3,160.0,7.6,0.332123,69.0,23.3
2023-03-26 18:00:00,0.0,1008.8,16.7,60.0,5.4,0.304806,60.0,25.0
2023-03-26 19:00:00,0.0,1007.7,16.6,60.0,5.4,0.317485,54.0,26.7
2023-03-26 20:00:00,0.0,1007.7,16.6,170.0,5.4,0.369698,54.0,26.7
2023-03-26 21:00:00,0.0,1006.5,15.1,0.0,0.0,0.446519,43.0,28.9
2023-03-26 22:00:00,0.0,1006.5,15.1,0.0,0.0,0.539592,43.0,28.9
2023-03-26 23:00:00,0.0,1006.5,13.8,195.0,7.6,0.625231,41.0,28.3
2023-03-27 00:00:00,0.0,1006.5,13.8,170.0,7.6,0.607308,41.0,28.3
2023-03-27 01:00:00,0.0,1007.0,14.6,170.0,14.8,0.613705,46.0,27.2
2023-03-27 02:00:00,0.0,1007.7,16.1,120.0,13.0,0.619295,66.0,22.8
2023-03-27 03:00:00,0.0,1009.4,17.3,90.0,7.6,0.559244,76.0,21.7
2023-03-27 04:00:00,0.0,1010.0,18.4,0.0,0.0,0.479195,87.0,20.6
2023-03-27 05:00:00,0.0,1010.0,18.4,0.0,0.0,0.404737,87.0,20.6
2023-03-27 06:00:00,0.0,1010.4,18.9,30.0,13.0,0.343995,84.0,21.7
2023-03-27 07:00:00,0.0,1010.3,19.4,60.0,13.0,0.323306,87.0,21.7
2023-03-27 08:00:00,0.0,1010.3,19.4,60.0,13.0,0.306535,87.0,21.7
2023-03-27 09:00:00,0.0,1010.2,18.9,60.0,16.6,0.30302,90.0,20.6
2023-03-27 10:00:00,0.0,1010.2,18.9,60.0,16.6,0.359555,90.0,20.6
2023-03-27 11:00:00,0.0,1012.3,16.6,40.0,20.5,0.371196,81.0,20.0
2023-03-27 12:00:00,0.0,1013.4,11.6,10.0,13.0,0.420701,65.0,18.3
2023-03-27 13:00:00,0.0,1014.3,10.6,20.0,11.2,0.408022,61.0,18.3
2023-03-27 14:00:00,0.0,1014.3,9.4,20.0,13.0,0.372407,54.0,18.9
2023-03-27 15:00:00,0.0,1014.6,10.7,10.0,14.8,0.335408,55.0,20.0
2023-03-27 16:00:00,0.0,1014.6,10.7,10.0,14.8,0.365779,55.0,20.0
2023-03-27 17:00:00,0.0,1013.6,13.9,50.0,18.4,0.313681,50.0,25.0
2023-03-27 18:00:00,0.0,1013.4,15.6,100.0,13.0,0.319675,54.0,25.6
2023-03-27 19:00:00,0.0,1012.8,15.6,120.0,13.0,0.340941,54.0,25.6
2023-03-27 20:00:00,0.0,1012.8,15.6,120.0,13.0,0.420586,54.0,25.6
2023-03-27 21:00:00,0.0,1011.4,16.0,90.0,20.5,0.457008,52.0,26.7
2023-03-27 22:00:00,0.0,1011.4,16.0,90.0,20.5,0.531754,52.0,26.7
2023-03-27 23:00:00,0.0,1011.7,16.2,70.0,18.4,0.515214,58.0,25.0
2023-03-28 00:00:00,0.0,1011.7,16.2,70.0,18.4,0.515387,58.0,25.0
2023-03-28 01:00:00,0.0,1012.7,16.1,80.0,13.0,0.549562,60.0,24.4
2023-03-28 02:00:00,0.0,1013.6,16.2,70.0,13.0,0.580452,62.0,23.9
2023-03-28 03:00:00,0.0,1015.6,16.8,60.0,11.2,0.527144,67.0,23.3
2023-03-28 04:00:00,0.0,1015.5,16.8,60.0,9.4,0.470839,67.0,23.3
2023-03-28 05:00:00,0.0,1015.5,16.8,60.0,9.4,0.407388,67.0,23.3
2023-03-28 06:00:00,0.0,1016.1,14.3,20.0,14.8,0.359843,61.0,22.2
2023-03-28 07:00:00,0.0,1016.5,12.8,20.0,14.8,0.324516,57.0,21.7
2023-03-28 08:00:00,0.0,1016.2,10.1,20.0,20.5,0.311319,53.0,20.0
2023-03-28 09:00:00,0.0,1016.2,10.1,20.0,20.5,0.290226,53.0,20.0
2023-03-28 10:00:00,0.0,1016.9,9.3,20.0,24.1,0.332757,52.0,19.4
2023-03-28 11:00:00,0.0,1018.9,9.4,10.0,20.5,0.351256,54.0,18.9
2023-03-28 12:00:00,0.0,1019.9,8.4,10.0,27.7,0.380475,54.0,17.8
2023-03-28 13:00:00,0.0,1022.1,3.4,10.0,27.7,0.395747,41.0,16.7
2023-03-28 14:00:00,0.0,1022.6,1.8,20.0,35.3,0.359325,38.0,16.1
2023-03-28 15:00:00,0.0,1022.6,1.8,10.0,29.5,0.351083,38.0,16.1
2023-03-28 16:00:00,0.0,1023.6,1.7,360.0,37.1,0.30423,33.0,18.3
2023-03-28 17:00:00,0.0,1023.0,0.9,30.0,31.7,0.263658,28.0,20.0
2023-03-28 18:00:00,0.0,1022.7,-2.1,30.0,33.5,0.300599,24.0,18.9
2023-03-28 19:00:00,0.0,1021.9,-1.9,30.0,24.1,0.295816,22.0,20.6
2023-03-28 20:00:00,0.0,1021.9,-1.9,30.0,24.1,0.302386,22.0,20.6
2023-03-28 21:00:00,0.0,1021.4,-1.6,40.0,24.1,0.333852,21.0,21.7
2023-03-28 22:00:00,0.0,1021.8,-1.7,30.0,18.4,0.365318,24.0,19.4
2023-03-28 23:00:00,0.0,1021.8,-1.7,30.0,18.4,0.405083,24.0,19.4
2023-03-29 00:00:00,0.0,1023.4,-2.1,10.0,20.5,0.415975,24.0,18.9
2023-03-29 01:00:00,0.3,1022.9,2.7,40.0,13.0,0.416148,42.0,15.6
2023-03-29 02:00:00,0.0,1023.2,3.8,30.0,9.4,0.446,49.0,14.4
2023-03-29 03:00:00,0.0,1023.2,3.8,30.0,9.4,0.412978,49.0,14.4
2023-03-29 04:00:00,0.0,1022.0,5.0,340.0,11.2,0.357884,57.0,13.3
2023-03-29 05:00:00,0.0,1021.7,4.4,20.0,5.4,0.308034,55.0,13.3
2023-03-29 06:00:00,0.0,1021.7,4.4,20.0,5.4,0.276913,55.0,13.3
2023-03-29 07:00:00,0.0,1021.4,4.4,0.0,0.0,0.258126,55.0,13.3
2023-03-29 08:00:00,0.0,1021.2,3.4,310.0,5.4,0.252536,51.0,13.3
2023-03-29 09:00:00,0.0,1021.6,3.4,330.0,11.2,0.246485,51.0,13.3
2023-03-29 10:00:00,0.0,1021.6,3.4,330.0,11.2,0.276913,51.0,13.3
2023-03-29 11:00:00,0.0,1020.9,1.8,20.0,14.8,0.320597,44.0,13.9
2023-03-29 12:00:00,0.0,1021.5,2.2,20.0,9.4,0.347568,45.0,13.9
2023-03-29 13:00:00,0.0,1021.4,2.9,40.0,13.0,0.344917,46.0,14.4
2023-03-29 14:00:00,0.0,1021.6,2.1,40.0,14.8,0.316275,39.0,16.1
2023-03-29 15:00:00,0.0,1021.6,2.1,40.0,14.8,0.348087,39.0,16.1
2023-03-29 16:00:00,0.0,1021.5,4.4,80.0,13.0,0.337079,44.0,16.7
2023-03-29 17:00:00,0.0,1021.0,6.6,100.0,16.6,0.327167,48.0,17.8
2023-03-29 18:00:00,0.0,1020.3,8.4,120.0,14.8,0.300945,54.0,17.8
2023-03-29 19:00:00,0.0,1020.3,8.4,120.0,14.8,0.332988,54.0,17.8
2023-03-29 20:00:00,0.0,1018.4,9.4,120.0,13.0,0.340479,56.0,18.3
2023-03-29 21:00:00,0.0,1018.4,9.4,120.0,13.0,0.346473,56.0,18.3
2023-03-29 22:00:00,0.0,1017.6,9.9,140.0,5.4,0.367739,60.0,17.8
2023-03-29 23:00:00,0.0,1017.2,9.9,120.0,11.2,0.356846,58.0,18.3
2023-03-30 00:00:00,0.0,1017.0,9.9,100.0,11.2,0.394594,60.0,17.8
2023-03-30 01:00:00,0.0,1017.0,9.9,100.0,11.2,0.405775,60.0,17.8
2023-03-30 02:00:00,0.0,1017.7,11.1,120.0,11.2,0.410846,63.0,18.3
2023-03-30 03:00:00,0.0,1017.8,11.6,120.0,13.0,0.394249,65.0,18.3
2023-03-30 04:00:00,0.0,1017.7,11.1,130.0,11.2,0.3463,63.0,18.3
2023-03-30 05:00:00,0.0,1017.7,11.1,130.0,11.2,0.328147,63.0,18.3
2023-03-30 06:00:00,0.0,1016.5,12.8,120.0,16.6,0.301291,78.0,16.7
2023-03-30 07:00:00,0.2,1016.5,14.0,130.0,16.6,0.283541,84.0,16.7
2023-03-30 08:00:00,0.1,1015.0,12.8,80.0,13.0,0.256051,78.0,16.7
2023-03-30 09:00:00,0.0,1015.0,12.8,80.0,13.0,0.256685,78.0,16.7
2023-03-30 10:00:00,0.3,1013.9,15.6,100.0,11.2,0.285212,97.0,16.1
2023-03-30 11:00:00,0.0,1013.9,16.1,100.0,7.6,0.326475,100.0,16.1
2023-03-30 12:00:00,0.5,1013.9,16.7,100.0,9.4,0.352582,97.0,17.2
2023-03-30 13:00:00,0.2,1014.0,17.2,140.0,9.4,0.35408,100.0,17.2
2023-03-30 14:00:00,0.5,1014.0,17.2,140.0,9.4,0.347337,100.0,17.2
2023-03-30 15:00:00,0.3,1013.9,19.9,150.0,20.5,0.365491,93.0,21.1
2023-03-30 16:00:00,0.0,1013.9,19.9,150.0,20.5,0.322499,93.0,21.1
2023-03-30 17:00:00,0.0,1013.1,20.5,160.0,20.5,0.364454,87.0,22.8
2023-03-30 18:00:00,0.3,1012.2,20.0,160.0,20.5,0.365722,79.0,23.9
2023-03-30 19:00:00,0.3,1013.0,20.0,160.0,22.3,0.381512,79.0,23.9
2023-03-30 20:00:00,0.0,1010.4,19.4,170.0,18.4,0.270574,71.0,25.0
2023-03-30 21:00:00,0.0,1009.7,20.0,150.0,29.5,0.391886,74.0,25.0
2023-03-30 22:00:00,0.0,1009.4,19.5,140.0,20.5,0.412056,69.0,25.6
2023-03-30 23:00:00,0.0,1009.9,19.5,150.0,18.4,0.447614,74.0,24.4
2023-03-31 00:00:00,0.0,1009.9,19.5,150.0,18.4,0.489627,74.0,24.4
2023-03-31 01:00:00,0.0,1011.0,19.4,150.0,22.3,0.492969,76.0,23.9
2023-03-31 02:00:00,0.0,1010.5,19.4,130.0,25.9,0.521323,81.0,22.8
2023-03-31 03:00:00,0.0,1011.0,19.4,150.0,24.1,0.495966,84.0,22.2
2023-03-31 04:00:00,0.0,1011.0,19.4,150.0,24.1,0.44698,84.0,22.2
2023-03-31 05:00:00,0.0,1011.3,19.4,140.0,18.4,0.384855,87.0,21.7
2023-03-31 06:00:00,0.0,1011.3,19.4,140.0,11.2,0.338578,90.0,21.1
2023-03-31 07:00:00,0.0,1011.3,18.8,130.0,7.6,0.314776,93.0,20.0
2023-03-31 08:00:00,0.0,1010.6,19.4,150.0,13.0,0.295701,90.0,21.1
2023-03-31 09:00:00,0.0,1010.2,19.4,170.0,13.0,0.292589,87.0,21.7
2023-03-31 10:00:00,0.0,1010.2,19.4,170.0,13.0,0.330625,87.0,21.7
2023-03-31 11:00:00,0.0,1009.9,18.9,160.0,18.4,0.360016,90.0,20.6
2023-03-31 12:00:00,0.0,1009.9,18.9,160.0,18.4,0.38716,90.0,20.6
2023-03-31 13:00:00,0.0,1011.2,19.4,170.0,16.6,0.394652,90.0,21.1
2023-03-31 14:00:00,0.0,1011.5,19.4,190.0,14.8,0.385085,87.0,21.7
2023-03-31 15:00:00,0.0,1012.4,18.8,200.0,20.5,0.397188,76.0,23.3
2023-03-31 16:00:00,0.0,1012.6,19.4,190.0,22.3,0.394133,76.0,23.9
2023-03-31 17:00:00,0.0,1012.6,19.5,200.0,24.1,0.369986,69.0,25.6
2023-03-31 18:00:00,0.0,1012.3,19.5,230.0,16.6,0.415745,67.0,26.1
2023-03-31 19:00:00,0.0,1012.3,19.5,230.0,16.6,0.421104,67.0,26.1
2023-03-31 20:00:00,0.0,1010.4,18.4,0.0,0.0,0.411595,53.0,28.9
2023-03-31 21:00:00,0.0,1010.0,18.4,140.0,14.8,0.504783,50.0,30.0
2023-03-31 22:00:00,0.0,1010.0,18.4,140.0,14.8,0.543741,50.0,30.0
2023-03-31 23:00:00,0.0,1009.7,17.8,130.0,13.0,0.635201,48.0,30.0
2023-04-01 00:00:00,0.0,1010.8,17.3,150.0,11.2,0.645401,53.0,27.8
2023-04-01 01:00:00,0.0,1012.1,17.2,320.0,5.4,0.623847,58.0,26.1
2023-04-01 02:00:00,0.0,1013.3,17.9,0.0,0.0,0.588117,67.0,24.4
2023-04-01 03:00:00,0.0,1014.5,17.7,0.0,7.6,0.54645,73.0,22.8
2023-04-01 04:00:00,0.0,1014.5,17.7,11.0,7.6,0.476314,73.0,22.8
2023-04-01 05:00:00,0.0,1015.7,17.8,0.0,0.0,0.408944,87.0,20.0
2023-04-01 06:00:00,0.0,1016.0,16.7,320.0,7.6,0.356443,87.0,18.9
2023-04-01 07:00:00,0.0,1015.5,15.0,310.0,5.4,0.314142,87.0,17.2
2023-04-01 08:00:00,0.0,1016.1,9.4,300.0,9.4,0.282734,62.0,16.7
2023-04-01 09:00:00,0.0,1016.1,9.4,300.0,9.4,0.264753,62.0,16.7
2023-04-01 10:00:00,0.0,1017.3,4.4,320.0,9.4,0.261526,55.0,13.3
2023-04-01 11:00:00,0.0,1017.8,4.0,300.0,9.4,0.252997,55.0,12.8
2023-04-01 12:00:00,0.0,1018.6,2.9,300.0,5.4,0.269018,46.0,14.4
2023-04-01 13:00:00,0.0,1019.1,5.2,0.0,0.0,0.294663,42.0,18.3
2023-04-01 14:00:00,0.0,1019.1,5.2,0.0,0.0,0.299504,42.0,18.3
2023-04-01 15:00:00,0.0,1019.6,-1.7,40.0,14.8,0.269076,15.0,27.2
2023-04-01 16:00:00,0.0,1019.9,-6.2,90.0,24.1,0.324977,10.0,28.3
2023-04-01 17:00:00,0.0,1019.9,-6.2,90.0,24.1,0.326072,10.0,28.3
2023-04-01 18:00:00,0.0,1019.2,-5.8,50.0,20.5,0.34313,10.0,28.9
2023-04-01 19:00:00,0.0,1017.6,-2.0,70.0,20.5,0.320309,12.0,30.6
2023-04-01 20:00:00,0.0,1016.8,-0.4,90.0,22.3,0.430267,14.0,30.0
2023-04-01 21:00:00,0.0,1016.6,-0.8,60.0,16.6,0.483575,16.0,27.2
2023-04-01 22:00:00,0.0,1016.0,0.8,50.0,18.4,0.46035,18.0,27.2
2023-04-01 23:00:00,0.0,1016.0,0.8,50.0,18.4,0.506973,18.0,27.2
2023-04-02 00:00:00,0.0,1015.8,2.4,60.0,11.2,0.521669,23.0,25.0
2023-04-02 01:00:00,0.0,1016.1,2.7,70.0,9.4,0.517923,25.0,23.9
2023-04-02 02:00:00,0.0,1016.5,2.2,70.0,9.4,0.503458,25.0,23.3
2023-04-02 03:00:00,0.0,1016.5,2.2,70.0,9.4,0.481731,25.0,23.3
2023-04-02 04:00:00,0.0,1016.8,5.6,80.0,7.6,0.453665,34.0,22.2
2023-04-02 05:00:00,0.0,1016.3,6.9,50.0,7.6,0.405314,41.0,20.6
2023-04-02 06:00:00,0.0,1016.3,6.9,50.0,7.6,0.35604,41.0,20.6
2023-04-02 07:00:00,0.0,1014.5,7.2,0.0,0.0,0.335811,45.0,19.4
2023-04-02 08:00:00,0.0,1013.5,9.3,0.0,0.0,0.312817,52.0,19.4
2023-04-02 09:00:00,0.0,1013.5,9.3,0.0,0.0,0.304576,52.0,19.4
2023-04-02 10:00:00,0.0,1013.4,13.9,120.0,9.4,0.283771,68.0,20.0
2023-04-02 11:00:00,0.0,1012.9,16.6,120.0,7.6,0.283368,81.0,20.0
2023-04-02 12:00:00,0.0,1012.9,16.6,120.0,7.6,0.301349,81.0,20.0
2023-04-02 13:00:00,0.0,1012.9,18.9,160.0,9.4,0.323248,87.0,21.1
2023-04-02 14:00:00,0.0,1012.9,18.9,160.0,9.4,0.355982,87.0,21.1
2023-04-02 15:00:00,0.0,1012.9,20.0,180.0,14.8,0.388716,79.0,23.9
2023-04-02 16:00:00,0.0,1012.2,19.5,180.0,18.4,0.394018,69.0,25.6
2023-04-02 17:00:00,0.0,1010.9,20.1,170.0,20.5,0.414361,63.0,27.8
2023-04-02 18:00:00,0.0,1010.9,20.1,170.0,20.5,0.376383,63.0,27.8
2023-04-02 19:00:00,0.0,1008.3,18.4,190.0,24.1,0.417012,50.0,30.0
2023-04-02 20:00:00,0.0,1007.4,18.5,190.0,24.1,0.51677,47.0,31.1
2023-04-02 21:00:00,0.0,1006.5,18.3,170.0,24.1,0.526452,45.0,31.7
2023-04-02 22:00:00,0.0,1006.1,17.7,170.0,20.5,0.593419,46.0,30.6
2023-04-02 23:00:00,0.0,1006.1,17.7,170.0,20.5,0.651049,46.0,30.6
2023-04-03 00:00:00,0.0,1005.8,17.1,150.0,16.6,0.691448,49.0,28.9
2023-04-03 01:00:00,0.0,1006.0,17.3,140.0,18.4,0.682745,53.0,27.8
2023-04-03 02:00:00,0.0,1006.9,20.0,150.0,18.4,0.667473,71.0,25.6
2023-04-03 03:00:00,0.0,1006.9,20.0,150.0,18.4,0.621369,71.0,25.6
2023-04-03 04:00:00,0.0,1007.3,20.1,150.0,14.8,0.54766,82.0,23.3
2023-04-03 05:00:00,0.0,1007.3,19.4,160.0,13.0,0.458621,81.0,22.8
2023-04-03 06:00:00,0.0,1006.9,19.9,150.0,7.6,0.399954,87.0,22.2
2023-04-03 07:00:00,0.0,1006.9,19.9,150.0,7.6,0.356674,87.0,22.2
2023-04-03 08:00:00,0.0,1006.3,19.9,130.0,7.6,0.330855,93.0,21.1
2023-04-03 09:00:00,0.0,1005.6,20.0,160.0,7.6,0.312241,90.0,21.7
2023-04-03 10:00:00,0.0,1005.8,20.0,190.0,9.4,0.368142,90.0,21.7
2023-04-03 11:00:00,0.0,1005.8,20.0,190.0,9.4,0.383414,90.0,21.7
2023-04-03 12:00:00,0.0,1006.9,19.9,170.0,7.6,0.415917,87.0,22.2
2023-04-03 13:00:00,0.0,1006.9,19.9,170.0,7.6,0.410039,87.0,22.2
2023-04-03 14:00:00,0.0,1007.6,20.5,100.0,9.4,0.407964,79.0,24.4
2023-04-03 15:00:00,0.0,1007.4,20.6,100.0,9.4,0.414131,74.0,25.6
2023-04-03 16:00:00,0.0,1007.1,20.5,80.0,11.2,0.408771,67.0,27.2
2023-04-03 17:00:00,0.0,1006.3,20.6,160.0,18.4,0.444156,57.0,30.0
2023-04-03 18:00:00,0.0,1006.3,20.6,160.0,18.4,0.481155,57.0,30.0
2023-04-03 19:00:00,0.0,1004.4,20.5,130.0,22.3,0.540111,55.0,30.6
2023-04-03 20:00:00,0.0,1002.9,20.7,140.0,29.5,0.590479,49.0,32.8
2023-04-03 21:00:00,0.0,1002.4,20.1,140.0,29.5,0.660904,46.0,33.3
2023-04-03 22:00:00,0.0,1002.4,20.1,150.0,31.7,0.728101,46.0,33.3
2023-04-03 23:00:00,0.0,1002.2,20.5,160.0,22.3,0.769133,50.0,32.2
2023-04-04 00:00:00,0.0,1002.0,21.1,130.0,22.3,0.780313,61.0,29.4
2023-04-04 01:00:00,0.0,1002.7,21.1,130.0,24.1,0.771727,67.0,27.8
2023-04-04 02:00:00,0.0,1003.6,20.0,130.0,24.1,0.755648,69.0,26.1
2023-04-04 03:00:00,0.0,1004.3,20.7,130.0,18.4,0.685858,77.0,25.0
2023-04-04 04:00:00,0.0,1004.3,20.7,130.0,18.4,0.600853,77.0,25.0
2023-04-04 05:00:00,0.0,1003.6,21.2,140.0,20.5,0.521554,88.0,23.3
2023-04-04 06:00:00,0.0,1003.3,21.1,130.0,14.8,0.461272,90.0,22.8
2023-04-04 07:00:00,0.0,1002.9,20.6,130.0,14.8,0.394998,85.0,23.3
2023-04-04 08:00:00,0.0,1002.9,20.6,160.0,25.9,0.381685,85.0,23.3
2023-04-04 09:00:00,0.0,1002.4,20.5,160.0,14.8,0.369122,87.0,22.8
2023-04-04 10:00:00,0.0,1002.4,20.7,150.0,16.6,0.425369,91.0,22.2
2023-04-04 11:00:00,0.0,1001.7,20.7,160.0,18.4,0.436491,91.0,22.2
2023-04-04 12:00:00,0.0,1002.3,19.9,160.0,22.3,0.458621,87.0,22.2
2023-04-04 13:00:00,0.0,1002.3,19.9,160.0,22.3,0.450323,87.0,22.2
2023-04-04 14:00:00,0.0,1002.9,19.5,150.0,24.1,0.423928,79.0,23.3
2023-04-04 15:00:00,0.0,1002.8,19.5,150.0,24.1,0.425196,69.0,25.6
2023-04-04 16:00:00,0.0,1002.8,19.5,170.0,31.7,0.387736,69.0,25.6
2023-04-04 17:00:00,0.0,1002.5,19.3,160.0,25.9,0.433379,60.0,27.8
2023-04-04 18:00:00,0.0,1001.8,19.5,150.0,27.7,0.483691,57.0,28.9
2023-04-04 19:00:00,0.0,1000.7,19.4,180.0,18.4,0.543799,55.0,29.4
2023-04-04 20:00:00,0.0,1000.0,19.4,160.0,16.6,0.58172,53.0,30.0
2023-04-04 21:00:00,0.0,1000.0,19.4,160.0,16.6,0.68044,53.0,30.0
2023-04-04 22:00:00,0.0,999.7,19.4,150.0,20.5,0.694963,53.0,30.0
2023-04-04 23:00:00,0.0,999.8,19.4,160.0,14.8,0.705221,53.0,30.0
2023-04-05 00:00:00,0.0,1000.6,20.1,120.0,16.6,0.703896,59.0,28.9
2023-04-05 01:00:00,0.0,1002.2,22.1,130.0,13.0,0.698709,76.0,26.7
2023-04-05 02:00:00,0.0,1003.4,22.2,100.0,11.2,0.690064,79.0,26.1
2023-04-05 03:00:00,0.0,1003.4,22.2,100.0,11.2,0.645113,79.0,26.1
2023-04-05 04:00:00,0.0,1003.3,21.7,120.0,13.0,0.582123,82.0,25.0
2023-04-05 05:00:00,0.0,1003.9,21.7,80.0,9.4,0.507607,85.0,24.4
2023-04-05 06:00:00,0.0,1003.5,21.8,110.0,16.6,0.447095,88.0,23.9
2023-04-05 07:00:00,0.0,1004.0,21.0,140.0,11.2,0.420643,84.0,23.9
2023-04-05 08:00:00,0.0,1004.3,21.0,150.0,16.6,0.379899,84.0,23.9
2023-04-05 09:00:00,0.0,1004.3,21.0,150.0,16.6,0.383414,84.0,23.9
2023-04-05 10:00:00,0.0,1004.4,20.6,140.0,22.3,0.421853,82.0,23.9
2023-04-05 11:00:00,0.0,1005.1,21.2,150.0,20.5,0.443926,88.0,23.3
2023-04-05 12:00:00,0.0,1005.1,21.2,130.0,27.7,0.47349,88.0,23.3
2023-04-05 13:00:00,3.3,1008.5,8.4,320.0,24.1,0.462252,54.0,17.8
2023-04-05 14:00:00,4.8,1011.8,4.5,350.0,24.1,0.386468,40.0,18.3
2023-04-05 15:00:00,0.0,1012.4,-1.9,350.0,24.1,0.352755,22.0,20.6
2023-04-05 16:00:00,0.0,1013.1,-4.2,20.0,25.9,0.374424,18.0,21.1
2023-04-05 17:00:00,0.0,1013.4,-5.2,20.0,25.9,0.35385,16.0,21.7
2023-04-05 18:00:00,0.0,1013.4,-5.2,10.0,31.7,0.349182,16.0,21.7
2023-04-05 19:00:00,0.0,1013.4,-4.8,20.0,25.9,0.31518,15.0,23.3
2023-04-05 20:00:00,0.0,1012.8,-1.8,20.0,29.5,0.251556,17.0,25.0
2023-04-05 21:00:00,0.0,1012.5,-1.8,30.0,29.5,0.347453,17.0,25.0
2023-04-05 22:00:00,0.0,1012.5,-1.2,30.0,29.5,0.350219,16.0,26.7
2023-04-05 23:00:00,0.0,1012.7,-1.3,30.0,25.9,0.398052,17.0,25.6
2023-04-06 00:00:00,0.0,1012.7,-1.3,30.0,27.7,0.418107,17.0,25.6
2023-04-06 01:00:00,0.0,1015.4,-1.0,40.0,27.7,0.447326,18.0,25.0
2023-04-06 02:00:00,0.0,1016.0,-0.8,30.0,20.5,0.459659,23.0,21.1
2023-04-06 03:00:00,0.0,1016.0,-0.8,30.0,20.5,0.42825,23.0,21.1
2023-04-06 04:00:00,0.0,1017.7,-0.2,50.0,13.0,0.378688,19.0,25.0
2023-04-06 05:00:00,0.0,1017.7,0.4,30.0,18.4,0.341402,28.0,19.4
2023-04-06 06:00:00,0.0,1017.4,1.3,10.0,25.9,0.305671,33.0,17.8
2023-04-06 07:00:00,0.3,1016.6,8.3,10.0,13.0,0.285327,66.0,14.6
2023-04-06 08:00:00,2.8,1016.6,8.3,10.0,13.0,0.257722,67.0,14.4
2023-04-06 09:00:00,0.0,1015.6,8.8,20.0,18.4,0.250922,86.0,11.1
2023-04-06 10:00:00,0.0,1016.6,8.3,30.0,14.8,0.273801,77.0,12.2
2023-04-06 11:00:00,0.0,1017.3,9.4,30.0,24.1,0.323421,86.0,11.7
2023-04-06 12:00:00,13.2,1018.4,7.8,30.0,24.1,0.361169,86.0,10.0
2023-04-06 13:00:00,8.9,1018.4,7.8,20.0,27.7,0.352236,86.0,10.0
2023-04-06 14:00:00,2.0,1019.8,6.7,30.0,20.5,0.341805,77.0,10.6
2023-04-06 15:00:00,0.5,1020.4,6.7,10.0,29.5,0.35287,80.0,10.0
2023-04-06 16:00:00,0.5,1020.2,8.9,350.0,29.5,0.362667,89.0,10.6
2023-04-06 17:00:00,0.3,1020.2,8.9,10.0,27.7,0.361803,89.0,10.6
2023-04-06 18:00:00,0.0,1019.7,9.4,360.0,25.9,0.363128,89.0,11.1
2023-04-06 19:00:00,0.0,1019.1,8.8,360.0,25.9,0.355233,86.0,11.1
2023-04-06 20:00:00,2.5,1019.1,8.8,360.0,22.3,0.340307,86.0,11.1
2023-04-06 21:00:00,0.4,1018.3,9.4,10.0,24.1,0.348029,86.0,11.7
2023-04-06 22:00:00,0.0,1018.3,9.4,10.0,24.1,0.371485,89.0,11.1
2023-04-06 23:00:00,0.0,1019.5,8.3,360.0,14.8,0.408541,83.0,11.1
2023-04-07 00:00:00,0.0,1019.5,8.3,360.0,14.8,0.403758,83.0,11.1
2023-04-07 01:00:00,0.0,1019.1,8.3,10.0,20.5,0.405544,83.0,11.1
2023-04-07 02:00:00,0.0,1020.0,8.3,10.0,22.3,0.401971,83.0,11.1
2023-04-07 03:00:00,0.0,1020.0,8.3,10.0,24.1,0.401683,83.0,11.1
2023-04-07 04:00:00,0.0,1021.0,8.8,10.0,20.5,0.368834,86.0,11.1
2023-04-07 05:00:00,0.0,1021.2,8.8,10.0,14.8,0.336618,86.0,11.1
2023-04-07 06:00:00,0.3,1020.2,8.9,10.0,22.3,0.295701,89.0,10.6
2023-04-07 07:00:00,0.0,1019.7,8.9,360.0,16.6,0.285673,89.0,10.6
2023-04-07 08:00:00,5.4,1019.7,8.9,360.0,16.6,0.270516,89.0,10.6
2023-04-07 09:00:00,0.5,1019.3,8.9,350.0,14.8,0.266194,89.0,10.6
2023-04-07 10:00:00,0.0,1019.9,8.9,20.0,16.6,0.279737,89.0,10.6
2023-04-07 11:00:00,0.0,1020.6,8.9,360.0,20.5,0.296335,89.0,10.6
2023-04-07 12:00:00,0.0,1020.8,8.9,360.0,20.5,0.317831,89.0,10.6
2023-04-07 13:00:00,0.2,1020.8,8.9,360.0,20.5,0.318061,89.0,10.6
2023-04-07 14:00:00,0.3,1021.6,9.4,10.0,24.1,0.338923,92.0,10.6
2023-04-07 15:00:00,0.3,1021.4,9.4,10.0,24.1,0.344341,92.0,10.6
2023-04-07 16:00:00,1.3,1021.3,9.4,360.0,25.9,0.347453,86.0,11.7
2023-04-07 17:00:00,0.0,1021.3,9.4,10.0,18.4,0.369756,86.0,11.7
2023-04-07 18:00:00,0.3,1020.8,10.0,20.0,11.2,0.368545,93.0,11.1
2023-04-07 19:00:00,2.8,1020.8,10.0,20.0,11.2,0.359497,93.0,11.1
2023-04-07 20:00:00,7.1,1019.6,10.0,20.0,20.5,0.345839,93.0,11.1
2023-04-07 21:00:00,0.0,1019.2,11.1,20.0,18.4,0.336906,93.0,12.2
2023-04-07 22:00:00,0.0,1019.0,11.1,20.0,18.4,0.353677,93.0,12.2
2023-04-07 23:00:00,0.3,1018.0,11.1,10.0,14.8,0.37258,93.0,12.2
2023-04-08 00:00:00,0.0,1018.4,11.7,20.0,9.4,0.38278,93.0,12.8
2023-04-08 01:00:00,0.0,1018.9,11.7,20.0,11.2,0.394306,93.0,12.8
2023-04-08 02:00:00,2.0,1019.3,11.1,10.0,13.0,0.390157,93.0,12.2
2023-04-08 03:00:00,1.3,1019.3,11.1,10.0,13.0,0.369929,93.0,12.2
2023-04-08 04:00:00,0.0,1020.2,11.1,30.0,13.0,0.356962,93.0,12.2
2023-04-08 05:00:00,0.0,1020.2,11.1,40.0,13.0,0.328319,93.0,12.2
2023-04-08 06:00:00,0.0,1020.2,11.1,40.0,13.0,0.306478,93.0,12.2
2023-04-08 07:00:00,0.0,1019.4,10.6,50.0,7.6,0.295874,90.0,12.2
2023-04-08 08:00:00,0.0,1018.9,11.1,20.0,5.4,0.295067,93.0,12.2
2023-04-08 09:00:00,0.0,1018.9,11.1,20.0,5.4,0.285097,93.0,12.2
2023-04-08 10:00:00,0.0,1018.4,11.1,350.0,14.8,0.272591,93.0,12.2
2023-04-08 11:00:00,0.0,1019.7,11.1,40.0,9.4,0.278642,93.0,12.2
2023-04-08 12:00:00,0.0,1019.7,11.1,40.0,9.4,0.286768,93.0,12.2
2023-04-08 13:00:00,0.0,1020.7,11.2,290.0,7.6,0.2889,87.0,13.3
2023-04-08 14:00:00,0.0,1020.9,12.2,0.0,0.0,0.31322,80.0,15.6
2023-04-08 15:00:00,0.0,1020.7,14.0,20.0,5.4,0.304979,76.0,18.3
2023-04-08 16:00:00,0.0,1020.7,14.0,20.0,5.4,0.241471,76.0,18.3
2023-04-08 17:00:00,0.0,1020.5,13.9,80.0,9.4,0.299677,68.0,20.0
2023-04-08 18:00:00,0.0,1019.1,14.4,0.0,0.0,0.291724,63.0,21.7
2023-04-08 19:00:00,0.0,1018.4,14.4,60.0,7.6,0.298121,59.0,22.8
2023-04-08 20:00:00,0.0,1017.6,14.4,90.0,9.4,0.280947,59.0,22.8
2023-04-08 21:00:00,0.0,1017.6,14.4,90.0,9.4,0.3142,59.0,22.8
2023-04-08 22:00:00,0.0,1017.0,15.1,90.0,11.2,0.355982,64.0,22.2
2023-04-08 23:00:00,0.0,1017.0,14.5,120.0,14.8,0.408368,68.0,20.6
2023-04-09 00:00:00,0.0,1017.0,14.5,120.0,14.8,0.441966,68.0,20.6
2023-04-09 01:00:00,0.0,1017.7,13.9,110.0,16.6,0.439949,78.0,17.8
2023-04-09 02:00:00,0.0,1018.5,12.7,100.0,14.8,0.44456,83.0,15.6
2023-04-09 03:00:00,0.0,1019.7,12.9,80.0,11.2,0.413266,87.0,15.0
2023-04-09 04:00:00,0.0,1019.8,12.3,70.0,11.2,0.38399,87.0,14.4
2023-04-09 05:00:00,0.0,1019.8,12.3,70.0,11.2,0.34849,87.0,14.4
2023-04-09 06:00:00,0.0,1019.2,12.3,360.0,11.2,0.31541,87.0,14.4
2023-04-09 07:00:00,0.0,1019.2,12.3,360.0,11.2,0.286134,87.0,14.4
2023-04-09 08:00:00,0.0,1019.0,12.3,30.0,11.2,0.265503,90.0,13.9
2023-04-09 09:00:00,0.0,1018.7,12.2,50.0,9.4,0.261757,93.0,13.3
2023-04-09 10:00:00,0.0,1019.0,12.2,50.0,9.4,0.262218,93.0,13.3
2023-04-09 11:00:00,0.0,1019.0,12.2,50.0,9.4,0.256109,93.0,13.3
2023-04-09 12:00:00,0.0,1021.2,12.2,30.0,7.6,0.262218,93.0,13.3
2023-04-09 13:00:00,0.0,1021.9,12.3,70.0,9.4,0.30204,90.0,13.9
2023-04-09 14:00:00,0.0,1022.3,12.9,0.0,0.0,0.321519,87.0,15.0
2023-04-09 15:00:00,0.0,1022.3,13.2,0.0,5.4,0.322326,80.0,16.7
2023-04-09 16:00:00,0.0,1021.9,13.9,0.0,0.0,0.324285,81.0,17.2
2023-04-09 17:00:00,0.0,1021.9,13.9,0.0,0.0,0.313566,81.0,17.2
2023-04-09 18:00:00,0.0,1020.4,14.4,0.0,7.6,0.361399,70.0,20.0
2023-04-09 19:00:00,0.0,1020.4,14.4,110.0,7.6,0.340652,70.0,20.0
2023-04-09 20:00:00,0.0,1019.7,14.5,130.0,7.6,0.355924,68.0,20.6
2023-04-09 21:00:00,0.0,1019.7,14.5,130.0,7.6,0.349066,68.0,20.6
2023-04-09 22:00:00,0.0,1019.2,14.9,160.0,9.4,0.385892,70.0,20.6
2023-04-09 23:00:00,0.0,1019.0,14.9,130.0,5.4,0.405947,70.0,20.6
2023-04-10 00:00:00,0.0,1019.3,15.0,100.0,11.2,0.426406,73.0,20.0
2023-04-10 01:00:00,0.0,1019.8,15.6,100.0,7.6,0.448824,81.0,18.9
2023-04-10 02:00:00,0.0,1019.8,15.6,100.0,7.6,0.465422,81.0,18.9
2023-04-10 03:00:00,0.0,1021.0,15.6,90.0,7.6,0.436088,81.0,18.9
2023-04-10 04:00:00,0.0,1021.1,15.0,90.0,9.4,0.383414,81.0,18.3
2023-04-10 05:00:00,0.0,1021.3,15.0,70.0,11.2,0.356789,81.0,18.3
2023-04-10 06:00:00,0.0,1021.0,14.5,100.0,13.0,0.318811,81.0,17.8
2023-04-10 07:00:00,0.0,1021.0,14.5,100.0,13.0,0.297142,81.0,17.8
2023-04-10 08:00:00,0.0,1020.4,14.3,50.0,5.4,0.266943,86.0,16.7
2023-04-10 09:00:00,0.0,1020.4,14.5,0.0,0.0,0.272937,90.0,16.1
2023-04-10 10:00:00,0.0,1020.4,14.5,0.0,0.0,0.307746,90.0,16.1
2023-04-10 11:00:00,0.0,1020.6,13.9,30.0,7.6,0.329587,87.0,16.1
2023-04-10 12:00:00,0.0,1021.4,14.3,80.0,9.4,0.355118,86.0,16.7
2023-04-10 13:00:00,0.0,1021.8,15.5,90.0,13.0,0.349873,90.0,17.2
2023-04-10 14:00:00,0.0,1021.8,15.5,90.0,13.0,0.352755,90.0,17.2
2023-04-10 15:00:00,0.0,1023.5,15.0,60.0,7.6,0.360477,81.0,18.3
2023-04-10 16:00:00,0.0,1023.5,15.0,60.0,7.6,0.374597,81.0,18.3
2023-04-10 17:00:00,0.0,1022.9,16.0,140.0,7.6,0.351141,75.0,20.6
2023-04-10 18:00:00,0.0,1022.6,15.6,80.0,7.6,0.345436,73.0,20.6
2023-04-10 19:00:00,0.2,1022.2,15.6,120.0,5.4,0.37719,73.0,20.6
2023-04-10 20:00:00,0.0,1022.2,15.6,120.0,5.4,0.348778,73.0,20.6
2023-04-10 21:00:00,0.0,1021.6,15.5,0.0,0.0,0.383414,68.0,21.7
2023-04-10 22:00:00,0.0,1021.0,14.3,70.0,14.8,0.36601,61.0,22.2
2023-04-10 23:00:00,0.0,1020.9,15.0,110.0,18.4,0.448421,68.0,21.1
2023-04-11 00:00:00,0.0,1020.8,14.4,80.0,13.0,0.467727,73.0,19.4
2023-04-11 01:00:00,0.0,1021.2,14.4,60.0,9.4,0.479599,73.0,19.4
2023-04-11 02:00:00,0.0,1021.2,14.4,60.0,9.4,0.487552,73.0,19.4
2023-04-11 03:00:00,0.0,1022.4,14.5,0.0,0.0,0.464788,84.0,17.2
2023-04-11 04:00:00,0.0,1022.2,14.0,0.0,0.0,0.395286,84.0,16.7
2023-04-11 05:00:00,0.0,1022.8,13.3,60.0,9.4,0.348144,86.0,15.6
2023-04-11 06:00:00,0.0,1022.8,13.4,30.0,7.6,0.292185,90.0,15.0
2023-04-11 07:00:00,0.0,1022.8,13.4,30.0,7.6,0.263082,90.0,15.0
2023-04-11 08:00:00,0.0,1021.9,12.8,300.0,5.4,0.27334,93.0,13.9
2023-04-11 09:00:00,0.0,1021.9,13.3,0.0,0.0,0.265675,93.0,14.4
2023-04-11 10:00:00,0.0,1021.9,13.3,0.0,0.0,0.284809,93.0,14.4
2023-04-11 11:00:00,0.0,1021.7,12.8,30.0,9.4,0.325092,90.0,14.4
2023-04-11 12:00:00,0.0,1022.2,12.8,30.0,5.4,0.352351,90.0,14.4
2023-04-11 13:00:00,0.0,1022.5,13.2,20.0,7.6,0.331604,80.0,16.7
2023-04-11 14:00:00,0.0,1022.9,12.7,30.0,13.0,0.297948,70.0,18.3
2023-04-11 15:00:00,0.0,1022.9,13.3,30.0,5.4,0.336676,63.0,20.6
2023-04-11 16:00:00,0.0,1022.9,13.3,90.0,5.4,0.292358,63.0,20.6
2023-04-11 17:00:00,0.0,1022.0,12.9,40.0,13.0,0.25657,52.0,23.3
2023-04-11 18:00:00,0.0,1021.0,11.0,360.0,13.0,0.2821,43.0,24.4
2023-04-11 19:00:00,0.0,1020.3,11.0,10.0,14.8,0.290399,43.0,24.4
2023-04-11 20:00:00,0.0,1020.0,11.7,90.0,18.4,0.319963,45.0,24.4
2023-04-11 21:00:00,0.0,1020.0,11.7,90.0,18.4,0.350334,45.0,24.4
2023-04-11 22:00:00,0.0,1018.8,10.6,90.0,24.1,0.400761,43.0,23.9
2023-04-11 23:00:00,0.0,1018.7,9.9,100.0,16.6,0.467093,44.0,22.8
2023-04-12 00:00:00,0.0,1018.5,10.0,80.0,18.4,0.486226,49.0,21.1
2023-04-12 01:00:00,0.0,1019.0,9.9,90.0,7.6,0.505533,56.0,18.9
2023-04-12 02:00:00,0.0,1019.0,9.9,90.0,7.6,0.495447,56.0,18.9
2023-04-12 03:00:00,0.0,1020.0,10.1,50.0,9.4,0.450265,63.0,17.2
2023-04-12 04:00:00,0.0,1020.0,9.9,60.0,7.6,0.392635,69.0,15.6
2023-04-12 05:00:00,0.0,1020.0,10.0,0.0,0.0,0.330682,72.0,15.0
2023-04-12 06:00:00,0.0,1020.0,10.0,0.0,0.0,0.288382,72.0,15.0
2023-04-12 07:00:00,0.0,1019.1,9.4,0.0,0.0,0.264523,77.0,13.3
2023-04-12 08:00:00,0.0,1018.4,9.4,300.0,9.4,0.261353,86.0,11.7
2023-04-12 09:00:00,0.0,1018.0,8.9,300.0,9.4,0.270574,83.0,11.7
2023-04-12 10:00:00,0.0,1017.8,8.9,290.0,9.4,0.29864,83.0,11.7
2023-04-12 11:00:00,0.0,1017.8,8.9,290.0,9.4,0.31322,83.0,11.7
2023-04-12 12:00:00,0.0,1018.0,9.4,300.0,9.4,0.348432,86.0,11.7
2023-04-12 13:00:00,0.0,1018.1,9.4,290.0,5.4,0.329472,86.0,11.7
2023-04-12 14:00:00,0.0,1018.3,13.3,0.0,0.0,0.284924,68.0,19.4
2023-04-12 15:00:00,0.0,1018.0,12.3,0.0,9.4,0.272072,57.0,21.1
2023-04-12 16:00:00,0.0,1018.0,12.3,120.0,9.4,0.253458,57.0,21.1
2023-04-12 17:00:00,0.0,1016.6,10.6,130.0,7.6,0.250864,46.0,22.8
2023-04-12 18:00:00,0.0,1015.4,9.9,0.0,0.0,0.264638,40.0,24.4
2023-04-12 19:00:00,0.0,1014.3,9.3,150.0,9.4,0.319905,37.0,25.0
2023-04-12 20:00:00,0.0,1014.3,9.3,150.0,9.4,0.335062,37.0,25.0
2023-04-12 21:00:00,0.0,1012.7,8.1,0.0,7.6,0.361457,33.0,25.6
2023-04-12 22:00:00,0.0,1012.1,8.5,100.0,13.0,0.442773,35.0,25.0
2023-04-12 23:00:00,0.0,1012.1,8.4,90.0,18.4,0.520574,36.0,24.4
2023-04-13 00:00:00,0.0,1011.9,8.3,100.0,13.0,0.534232,41.0,22.2
2023-04-13 01:00:00,0.0,1011.9,8.3,100.0,13.0,0.530659,41.0,22.2
2023-04-13 02:00:00,0.0,1012.4,9.9,120.0,13.0,0.519882,58.0,18.3
2023-04-13 03:00:00,0.0,1012.4,9.4,110.0,5.4,0.471127,56.0,18.3
2023-04-13 04:00:00,0.0,1012.0,9.4,90.0,5.4,0.402951,60.0,17.2
2023-04-13 05:00:00,0.0,1012.0,11.2,90.0,9.4,0.337656,70.0,16.7
2023-04-13 06:00:00,0.0,1012.0,11.2,90.0,9.4,0.295297,70.0,16.7
2023-04-13 07:00:00,0.0,1011.3,11.7,0.0,0.0,0.267404,84.0,14.4
2023-04-13 08:00:00,0.0,1010.8,11.1,290.0,5.4,0.265445,83.0,13.9
2023-04-13 09:00:00,0.0,1010.7,11.2,0.0,0.0,0.263485,87.0,13.3
2023-04-13 10:00:00,0.0,1010.5,10.7,330.0,5.4,0.28527,87.0,12.8
2023-04-13 11:00:00,0.0,1010.5,10.7,330.0,5.4,0.316102,87.0,12.8
2023-04-13 12:00:00,0.0,1010.9,11.0,280.0,5.4,0.340018,89.0,12.8
2023-04-13 13:00:00,0.0,1011.3,13.2,0.0,0.0,0.318811,80.0,16.7
2023-04-13 14:00:00,0.0,1011.2,14.0,130.0,9.4,0.298698,73.0,18.9
2023-04-13 15:00:00,0.0,1011.2,14.0,130.0,9.4,0.289131,73.0,18.9
2023-04-13 16:00:00,0.0,1010.5,13.9,210.0,11.2,0.271035,61.0,21.7
2023-04-13 17:00:00,0.0,1009.7,13.2,180.0,13.0,0.273225,53.0,23.3
2023-04-13 18:00:00,0.0,1008.8,12.2,120.0,16.6,0.259394,48.0,23.9
2023-04-13 19:00:00,0.0,1008.0,11.6,140.0,18.4,0.285212,43.0,25.0
2023-04-13 20:00:00,0.0,1007.0,9.4,120.0,7.6,0.323075,36.0,25.6
2023-04-13 21:00:00,0.0,1007.0,9.4,120.0,7.6,0.370332,36.0,25.6
2023-04-13 22:00:00,0.0,1005.8,9.0,150.0,18.4,0.424159,34.0,26.1
2023-04-13 23:00:00,0.0,1005.9,8.5,140.0,18.4,0.469225,35.0,25.0
2023-04-14 00:00:00,0.0,1006.0,9.6,130.0,13.0,0.510028,43.0,22.8
2023-04-14 01:00:00,0.0,1006.0,9.6,130.0,13.0,0.513197,43.0,22.8
2023-04-14 02:00:00,0.0,1006.8,11.7,110.0,11.2,0.514638,53.0,21.7
2023-04-14 03:00:00,0.0,1007.4,12.3,150.0,24.1,0.482941,59.0,20.6
2023-04-14 04:00:00,0.0,1007.6,12.9,160.0,20.5,0.435973,66.0,19.4
2023-04-14 05:00:00,0.0,1007.6,12.7,160.0,14.8,0.375692,70.0,18.3
2023-04-14 06:00:00,0.0,1007.6,12.7,160.0,14.8,0.331777,70.0,18.3
2023-04-14 07:00:00,0.0,1007.1,13.9,150.0,13.0,0.300887,78.0,17.8
2023-04-14 08:00:00,0.0,1006.5,15.1,160.0,13.0,0.281581,84.0,17.8
2023-04-14 09:00:00,0.0,1006.1,15.6,160.0,16.6,0.276279,87.0,17.8
2023-04-14 10:00:00,0.0,1006.1,15.6,160.0,16.6,0.304979,87.0,17.8
2023-04-14 11:00:00,0.0,1005.8,16.1,150.0,14.8,0.334198,84.0,18.9
2023-04-14 12:00:00,0.0,1006.2,16.7,170.0,16.6,0.372349,87.0,18.9
2023-04-14 13:00:00,0.0,1006.7,17.2,170.0,9.4,0.379265,90.0,18.9
2023-04-14 14:00:00,0.0,1007.1,17.9,180.0,11.2,0.368603,91.0,19.4
2023-04-14 15:00:00,0.0,1007.1,17.9,180.0,11.2,0.436549,91.0,19.4
2023-04-14 16:00:00,0.0,1007.0,18.9,170.0,13.0,0.0,87.0,21.1
2023-04-14 17:00:00,0.0,1006.7,19.0,180.0,13.0,0.382434,82.0,22.2
2023-04-14 18:00:00,0.0,1006.1,18.8,190.0,11.2,0.402432,76.0,23.3
2023-04-14 19:00:00,0.0,1005.6,18.8,170.0,11.2,0.355233,71.0,24.4
2023-04-14 20:00:00,0.0,1005.6,18.8,170.0,11.2,0.381109,71.0,24.4
2023-04-14 21:00:00,0.0,1004.3,18.8,160.0,16.6,0.427444,58.0,27.8
2023-04-14 22:00:00,0.0,1004.4,18.3,150.0,13.0,0.507895,60.0,26.7
2023-04-14 23:00:00,0.0,1004.1,18.3,140.0,22.3,0.550888,62.0,26.1
2023-04-15 00:00:00,0.0,1004.1,18.3,140.0,22.3,0.543626,62.0,26.1
2023-04-15 01:00:00,0.0,1005.2,19.9,120.0,16.6,0.53965,76.0,24.4
2023-04-15 02:00:00,0.0,1006.1,20.6,130.0,20.5,0.545067,85.0,23.3
2023-04-15 03:00:00,0.0,1007.2,20.6,150.0,16.6,0.531812,85.0,23.3
2023-04-15 04:00:00,0.0,1007.1,20.5,130.0,14.8,0.490549,87.0,22.8
2023-04-15 05:00:00,0.0,1007.1,20.5,130.0,14.8,0.446807,87.0,22.8
2023-04-15 06:00:00,0.0,1008.2,14.5,270.0,5.4,0.398225,81.0,17.8
2023-04-15 07:00:00,0.2,1008.0,14.5,70.0,7.6,0.335869,84.0,17.2
2023-04-15 08:00:00,0.8,1007.0,15.1,0.0,0.0,0.302501,90.0,16.7
2023-04-15 09:00:00,0.0,1007.0,15.1,0.0,0.0,0.28527,90.0,16.7
2023-04-15 10:00:00,0.0,1007.1,15.5,0.0,0.0,0.276856,90.0,17.2
2023-04-15 11:00:00,0.0,1007.8,16.6,0.0,0.0,0.28527,90.0,18.3
2023-04-15 12:00:00,0.0,1008.9,17.2,0.0,0.0,0.299965,87.0,19.4
2023-04-15 13:00:00,0.0,1010.0,18.3,0.0,0.0,0.326187,90.0,20.0
2023-04-15 14:00:00,0.0,1010.3,19.4,180.0,5.4,0.344975,87.0,21.7
2023-04-15 15:00:00,0.0,1010.3,19.4,180.0,5.4,0.337195,87.0,21.7
2023-04-15 16:00:00,0.0,1010.8,20.1,250.0,9.4,0.325265,77.0,24.4
2023-04-15 17:00:00,0.0,1010.8,20.5,250.0,9.4,0.36065,69.0,26.7
2023-04-15 18:00:00,0.0,1009.5,17.1,350.0,14.8,0.397245,46.0,30.0
2023-04-15 19:00:00,0.0,1009.5,17.1,350.0,14.8,0.470263,46.0,30.0
2023-04-15 20:00:00,0.0,1008.3,16.1,360.0,5.4,0.521957,38.0,32.2
2023-04-15 21:00:00,0.0,1008.1,9.2,340.0,18.4,0.599124,22.0,33.9
2023-04-15 22:00:00,0.0,1008.3,5.4,340.0,18.4,0.644882,18.0,32.8
2023-04-15 23:00:00,0.0,1009.2,3.7,340.0,24.1,0.694733,17.0,31.7
2023-04-16 00:00:00,0.0,1009.2,3.7,350.0,25.9,0.686952,17.0,31.7
2023-04-16 01:00:00,0.0,1010.3,4.1,20.0,14.8,0.630475,22.0,27.8
2023-04-16 02:00:00,0.0,1014.0,4.2,50.0,11.2,0.59411,26.0,25.0
2023-04-16 03:00:00,0.0,1015.4,5.7,30.0,11.2,0.547199,32.0,23.3
2023-04-16 04:00:00,0.0,1015.6,5.6,20.0,13.0,0.496312,35.0,21.7
2023-04-16 05:00:00,0.0,1015.6,5.6,20.0,13.0,0.419433,35.0,21.7
2023-04-16 06:00:00,0.0,1017.3,5.6,30.0,18.4,0.37598,39.0,20.0
2023-04-16 07:00:00,0.0,1017.7,6.0,20.0,16.6,0.330452,43.0,18.9
2023-04-16 08:00:00,0.0,1018.1,6.0,20.0,16.6,0.304691,46.0,17.8
2023-04-16 09:00:00,0.0,1018.9,6.2,20.0,11.2,0.279103,50.0,16.7
2023-04-16 10:00:00,0.0,1018.9,6.2,20.0,11.2,0.261814,50.0,16.7
2023-04-16 11:00:00,0.0,1020.6,4.4,30.0,13.0,0.266079,51.0,14.4
2023-04-16 12:00:00,0.0,1022.3,3.8,20.0,20.5,0.261353,47.0,15.0
2023-04-16 13:00:00,0.0,1023.2,3.8,20.0,20.5,0.265733,44.0,16.1
2023-04-16 14:00:00,0.0,1025.0,3.3,60.0,20.5,0.267404,38.0,17.8
2023-04-16 15:00:00,0.0,1025.0,3.3,60.0,20.5,0.269882,38.0,17.8
2023-04-16 16:00:00,0.0,1024.8,2.8,40.0,24.1,0.260604,32.0,20.0
2023-04-16 17:00:00,0.0,1024.1,2.8,30.0,14.8,0.256109,28.0,22.2
2023-04-16 18:00:00,0.0,1023.5,1.2,50.0,22.3,0.282792,24.0,22.8
2023-04-16 19:00:00,0.0,1023.5,1.2,50.0,22.3,0.285212,24.0,22.8
2023-04-16 20:00:00,0.0,1021.8,1.9,40.0,7.6,0.321346,23.0,24.4
2023-04-16 21:00:00,0.0,1021.0,1.8,0.0,0.0,0.377478,22.0,25.0
2023-04-16 22:00:00,0.0,1020.9,2.7,90.0,16.6,0.439431,25.0,23.9
2023-04-16 23:00:00,0.0,1020.6,3.8,110.0,18.4,0.494122,30.0,22.2
2023-04-17 00:00:00,0.0,1020.6,3.8,110.0,18.4,0.520055,30.0,22.2
2023-04-17 01:00:00,0.0,1020.8,4.1,100.0,13.0,0.495101,39.0,18.3
2023-04-17 02:00:00,0.0,1021.4,4.4,100.0,7.6,0.521438,44.0,16.7
2023-04-17 03:00:00,0.0,1021.4,4.5,100.0,5.4,0.480694,46.0,16.1
2023-04-17 04:00:00,0.0,1021.2,4.5,0.0,0.0,0.39834,46.0,16.1
2023-04-17 05:00:00,0.0,1021.2,4.5,0.0,0.0,0.343188,46.0,16.1
2023-04-17 06:00:00,0.0,1020.4,6.6,0.0,0.0,0.323824,64.0,13.3
2023-04-17 07:00:00,0.0,1019.4,5.0,0.0,0.0,0.29207,57.0,13.3
2023-04-17 08:00:00,0.0,1018.9,5.0,0.0,0.0,0.281178,57.0,13.3
2023-04-17 09:00:00,0.0,1018.8,6.0,320.0,5.4,0.254899,71.0,11.1
2023-04-17 10:00:00,0.0,1018.8,6.0,320.0,5.4,0.280832,71.0,11.1
2023-04-17 11:00:00,0.0,1018.9,5.1,360.0,5.4,0.318465,64.0,11.7
2023-04-17 12:00:00,0.0,1019.7,5.0,50.0,5.4,0.340249,57.0,13.3
2023-04-17 13:00:00,0.0,1020.1,6.2,110.0,5.4,0.324574,52.0,16.1
2023-04-17 14:00:00,0.0,1020.1,6.2,110.0,5.4,0.289534,52.0,16.1
2023-04-17 15:00:00,0.0,1020.7,5.0,130.0,24.1,0.265272,35.0,21.1
2023-04-17 16:00:00,0.0,1020.4,4.3,110.0,22.3,0.247522,31.0,22.2
2023-04-17 17:00:00,0.0,1019.4,5.2,110.0,22.3,0.249597,31.0,23.3
2023-04-17 18:00:00,0.0,1017.8,3.6,140.0,24.1,0.260719,25.0,25.0
2023-04-17 19:00:00,0.0,1016.4,4.1,120.0,22.3,0.251268,25.0,25.6
2023-04-17 20:00:00,0.0,1016.4,4.1,120.0,22.3,0.293223,25.0,25.6
2023-04-17 21:00:00,0.0,1013.9,5.6,140.0,29.5,0.376037,26.0,26.7
2023-04-17 22:00:00,0.0,1013.3,6.7,130.0,25.9,0.376441,29.0,26.1
2023-04-17 23:00:00,0.0,1013.0,7.9,130.0,25.9,0.462022,35.0,24.4
2023-04-18 00:00:00,0.0,1013.0,7.9,140.0,29.5,0.512333,35.0,24.4
2023-04-18 01:00:00,0.0,1013.6,10.5,140.0,29.5,0.516713,49.0,21.7
2023-04-18 02:00:00,0.0,1014.0,11.8,150.0,24.1,0.508472,57.0,20.6
2023-04-18 03:00:00,0.0,1014.1,12.2,150.0,20.5,0.474009,63.0,19.4
2023-04-18 04:00:00,0.0,1014.4,13.4,130.0,13.0,0.410443,73.0,18.3
2023-04-18 05:00:00,0.0,1014.4,13.4,130.0,13.0,0.363243,73.0,18.3
2023-04-18 06:00:00,0.0,1012.5,14.0,150.0,25.9,0.321923,73.0,18.9
2023-04-18 07:00:00,0.0,1011.3,14.4,150.0,18.4,0.297026,75.0,18.9
2023-04-18 08:00:00,0.0,1010.9,15.0,160.0,22.3,0.277144,78.0,18.9
2023-04-18 09:00:00,0.0,1010.9,15.0,160.0,22.3,0.281466,78.0,18.9
2023-04-18 10:00:00,0.0,1009.6,15.6,120.0,11.2,0.325957,81.0,18.9
2023-04-18 11:00:00,0.0,1010.4,16.1,160.0,9.4,0.367105,81.0,19.4
2023-04-18 12:00:00,0.0,1009.7,16.1,130.0,16.6,0.392231,81.0,19.4
2023-04-18 13:00:00,0.0,1010.6,16.6,130.0,13.0,0.367796,81.0,20.0
2023-04-18 14:00:00,0.0,1010.6,16.6,130.0,13.0,0.343246,81.0,20.0
2023-04-18 15:00:00,0.0,1010.8,17.1,110.0,14.8,0.375288,78.0,21.1
2023-04-18 16:00:00,0.0,1011.8,17.9,150.0,11.2,0.39494,79.0,21.7
2023-04-18 17:00:00,0.0,1011.3,18.3,160.0,20.5,0.381282,71.0,23.9
2023-04-18 18:00:00,0.0,1009.1,18.3,160.0,24.1,0.345839,64.0,25.6
2023-04-18 19:00:00,0.0,1009.1,18.3,160.0,24.1,0.330048,64.0,25.6
2023-04-18 20:00:00,0.0,1008.3,18.3,150.0,20.5,0.411538,60.0,26.7
2023-04-18 21:00:00,0.0,1007.8,18.3,150.0,20.5,0.464096,62.0,26.1
2023-04-18 22:00:00,0.3,1007.9,17.8,160.0,31.7,0.485016,62.0,25.6
2023-04-18 23:00:00,0.0,1008.9,17.2,140.0,29.5,0.555556,66.0,23.9
2023-04-19 00:00:00,0.0,1009.6,17.3,150.0,22.3,0.542358,71.0,22.8
2023-04-19 01:00:00,0.0,1009.6,17.3,150.0,22.3,0.538958,71.0,22.8
2023-04-19 02:00:00,0.0,1010.8,17.9,130.0,24.1,0.535904,82.0,21.1
2023-04-19 03:00:00,0.0,1011.4,17.9,120.0,22.3,0.519248,79.0,21.7
2023-04-19 04:00:00,0.0,1011.1,17.7,130.0,20.5,0.45672,81.0,21.1
2023-04-19 05:00:00,0.0,1011.1,17.9,130.0,20.5,0.410558,82.0,21.1
2023-04-19 06:00:00,0.0,1010.2,18.3,150.0,27.7,0.350219,84.0,21.1
2023-04-19 07:00:00,0.0,1009.5,18.9,160.0,20.5,0.329876,87.0,21.1
2023-04-19 08:00:00,0.0,1009.0,18.9,170.0,20.5,0.309647,84.0,21.7
2023-04-19 09:00:00,0.0,1009.0,18.9,170.0,20.5,0.307861,84.0,21.7
2023-04-19 10:00:00,0.0,1009.3,18.9,160.0,16.6,0.354599,84.0,21.7
2023-04-19 11:00:00,0.0,1009.8,19.4,150.0,18.4,0.374539,93.0,20.6
2023-04-19 12:00:00,0.0,1009.8,19.4,150.0,18.4,0.414016,93.0,20.6
2023-04-19 13:00:00,0.3,1010.8,19.4,150.0,14.8,0.396957,90.0,21.1
2023-04-19 14:00:00,0.0,1010.8,19.4,150.0,14.8,0.39834,90.0,21.1
2023-04-19 15:00:00,0.0,1011.1,19.4,160.0,18.4,0.408887,87.0,21.7
2023-04-19 16:00:00,0.0,1011.4,19.4,150.0,18.4,0.403008,81.0,22.8
2023-04-19 17:00:00,0.0,1011.4,19.4,160.0,25.9,0.396611,76.0,23.9
2023-04-19 18:00:00,0.0,1011.2,19.5,160.0,24.1,0.409693,67.0,26.1
2023-04-19 19:00:00,0.0,1010.1,19.5,150.0,29.5,0.395862,69.0,25.6
2023-04-19 20:00:00,0.0,1009.5,19.5,150.0,25.9,0.390618,67.0,26.1
2023-04-19 21:00:00,0.0,1008.6,19.3,140.0,31.7,0.467036,64.0,26.7
2023-04-19 22:00:00,0.0,1008.7,19.5,140.0,27.7,0.491701,67.0,26.1
2023-04-19 23:00:00,0.0,1008.7,19.5,140.0,27.7,0.555325,67.0,26.1
2023-04-20 00:00:00,0.0,1008.9,18.8,150.0,33.5,0.550945,71.0,24.4
2023-04-20 01:00:00,0.0,1009.3,19.0,140.0,29.5,0.554288,74.0,23.9
2023-04-20 02:00:00,0.0,1009.3,19.0,140.0,29.5,0.55642,74.0,23.9
2023-04-20 03:00:00,0.0,1011.1,19.4,130.0,24.1,0.542243,81.0,22.8
2023-04-20 04:00:00,0.0,1011.1,19.4,150.0,25.9,0.475795,81.0,22.8
2023-04-20 05:00:00,0.0,1011.8,19.4,150.0,14.8,0.416609,84.0,22.2
2023-04-20 06:00:00,0.0,1011.7,19.4,160.0,20.5,0.376844,84.0,22.2
2023-04-20 07:00:00,0.0,1010.9,19.4,150.0,18.4,0.351717,84.0,22.2
2023-04-20 08:00:00,0.0,1010.3,19.4,150.0,20.5,0.323018,87.0,21.7
2023-04-20 09:00:00,0.0,1010.3,19.4,150.0,20.5,0.320021,87.0,21.7
2023-04-20 10:00:00,0.0,1010.2,19.9,150.0,14.8,0.371024,87.0,22.2
2023-04-20 11:00:00,0.0,1010.7,20.7,150.0,13.0,0.400242,91.0,22.2
2023-04-20 12:00:00,0.0,1011.4,20.7,160.0,14.8,0.445021,91.0,22.2
2023-04-20 13:00:00,0.0,1011.9,21.2,150.0,14.8,0.427847,88.0,23.3
2023-04-20 14:00:00,0.0,1011.9,21.2,150.0,14.8,0.438854,88.0,23.3
2023-04-20 15:00:00,0.0,1012.2,21.1,160.0,16.6,0.409578,79.0,25.0
2023-04-20 16:00:00,0.0,1012.2,21.1,160.0,16.6,0.447672,79.0,25.0
2023-04-20 17:00:00,0.3,1012.4,21.8,170.0,20.5,0.408714,70.0,27.8
2023-04-20 18:00:00,0.0,1011.0,20.6,160.0,18.4,0.424159,59.0,29.4
2023-04-20 19:00:00,0.0,1011.0,20.6,160.0,18.4,0.471992,59.0,29.4
2023-04-20 20:00:00,0.8,1009.4,20.1,160.0,18.4,0.569329,52.0,31.1
2023-04-20 21:00:00,0.0,1007.8,19.4,150.0,22.3,0.532619,55.0,29.4
2023-04-20 22:00:00,0.0,1007.8,19.4,150.0,22.3,0.647303,55.0,29.4
2023-04-20 23:00:00,0.0,1007.3,21.0,130.0,22.3,0.647015,69.0,27.2
2023-04-21 00:00:00,0.5,1009.0,21.1,140.0,16.6,0.562298,74.0,26.1
2023-04-21 01:00:00,16.5,1008.5,16.7,170.0,9.4,0.50438,76.0,21.1
2023-04-21 02:00:00,0.0,1008.5,16.7,200.0,9.4,0.503112,76.0,21.1
2023-04-21 03:00:00,0.0,1009.8,19.4,190.0,11.2,0.493949,87.0,21.7
2023-04-21 04:00:00,0.0,1010.3,19.4,40.0,18.4,0.442427,90.0,21.1
2023-04-21 05:00:00,4.1,1012.1,17.1,20.0,11.2,0.385489,93.0,18.3
2023-04-21 06:00:00,6.4,1009.9,16.7,310.0,16.6,0.340768,87.0,18.9
2023-04-21 07:00:00,12.2,1010.4,16.1,0.0,0.0,0.302962,93.0,17.2
2023-04-21 08:00:00,0.0,1010.4,16.1,0.0,0.0,0.280775,93.0,17.2
2023-04-21 09:00:00,0.0,1010.4,17.2,0.0,0.0,0.273225,96.0,17.8
2023-04-21 10:00:00,0.0,1010.4,17.8,320.0,7.6,0.30763,97.0,18.3
2023-04-21 11:00:00,0.0,1010.4,17.8,320.0,7.6,0.33316,97.0,18.3
2023-04-21 12:00:00,0.0,1011.8,17.9,340.0,5.4,0.363243,91.0,19.4
2023-04-21 13:00:00,0.0,1011.8,17.9,340.0,5.4,0.36745,91.0,19.4
2023-04-21 14:00:00,0.0,1016.0,18.3,10.0,16.6,0.362379,84.0,21.1
2023-04-21 15:00:00,0.0,1015.3,17.2,20.0,16.6,0.337656,84.0,20.0
2023-04-21 16:00:00,0.1,1015.3,17.3,20.0,16.6,0.345205,76.0,21.7
2023-04-21 17:00:00,0.0,1014.9,17.2,20.0,16.6,0.293396,66.0,23.9
2023-04-21 18:00:00,0.0,1014.9,17.2,360.0,20.5,0.296969,66.0,23.9
2023-04-21 19:00:00,0.0,1013.2,14.9,20.0,16.6,0.338808,47.0,27.2
2023-04-21 20:00:00,0.0,1013.2,14.9,20.0,16.6,0.398225,47.0,27.2
2023-04-21 21:00:00,0.0,1011.8,11.8,10.0,14.8,0.471012,37.0,27.8
2023-04-21 22:00:00,0.0,1011.0,10.5,340.0,9.4,0.500519,34.0,27.8
2023-04-21 23:00:00,0.0,1011.0,10.5,340.0,9.4,0.558495,34.0,27.8
2023-04-22 00:00:00,0.0,1010.6,9.1,320.0,11.2,0.570367,33.0,26.7
2023-04-22 01:00:00,0.0,1010.8,8.9,30.0,11.2,0.504438,36.0,25.0
2023-04-22 02:00:00,0.0,1012.5,14.5,90.0,11.2,0.523167,68.0,20.6
2023-04-22 03:00:00,0.0,1013.2,15.7,90.0,7.6,0.490722,79.0,19.4
2023-04-22 04:00:00,0.0,1013.2,15.7,90.0,7.6,0.454876,79.0,19.4
2023-04-22 05:00:00,0.0,1013.2,15.0,0.0,0.0,0.388658,87.0,17.2
2023-04-22 06:00:00,0.0,1013.0,14.3,0.0,0.0,0.350334,86.0,16.7
2023-04-22 07:00:00,0.0,1012.7,14.0,0.0,0.0,0.30861,84.0,16.7
2023-04-22 08:00:00,0.0,1012.7,14.0,0.0,0.0,0.286365,84.0,16.7
2023-04-22 09:00:00,0.0,1012.1,13.4,0.0,0.0,0.271899,90.0,15.0
2023-04-22 10:00:00,0.0,1012.1,13.4,0.0,0.0,0.265503,90.0,15.0
2023-04-22 11:00:00,0.0,1012.0,13.9,20.0,5.4,0.263082,93.0,15.0
2023-04-22 12:00:00,0.0,1012.0,13.4,20.0,5.4,0.278527,90.0,15.0
2023-04-22 13:00:00,0.0,1013.0,14.5,110.0,5.4,0.27772,90.0,16.1
2023-04-22 14:00:00,0.0,1013.3,12.2,110.0,18.4,0.283426,63.0,19.4
2023-04-22 15:00:00,0.0,1013.3,12.8,120.0,22.3,0.289016,61.0,20.6
2023-04-22 16:00:00,0.0,1013.3,12.8,120.0,22.3,0.280832,61.0,20.6
2023-04-22 17:00:00,0.0,1012.9,13.8,130.0,22.3,0.313278,57.0,22.8
2023-04-22 18:00:00,0.0,1012.4,14.0,160.0,24.1,0.318983,54.0,23.9
2023-04-22 19:00:00,0.0,1010.6,16.2,150.0,25.9,0.366759,56.0,25.6
2023-04-22 20:00:00,0.0,1010.6,16.2,150.0,25.9,0.434359,56.0,25.6
2023-04-22 21:00:00,0.0,1009.9,16.7,150.0,24.1,0.479138,60.0,25.0
2023-04-22 22:00:00,0.0,1008.4,17.2,110.0,20.5,0.484267,64.0,24.4
2023-04-22 23:00:00,0.0,1008.4,17.2,110.0,20.5,0.514696,64.0,24.4
2023-04-23 00:00:00,0.0,1008.5,17.2,100.0,22.3,0.541955,66.0,23.9
2023-04-23 01:00:00,0.0,1008.8,17.3,90.0,22.3,0.536941,69.0,23.3
2023-04-23 02:00:00,0.0,1010.8,15.5,100.0,24.1,0.523744,68.0,21.7
2023-04-23 03:00:00,0.0,1010.8,15.5,90.0,25.9,0.502824,68.0,21.7
2023-04-23 04:00:00,0.8,1012.0,15.6,120.0,31.7,0.461791,71.0,21.1
2023-04-23 05:00:00,2.6,1011.3,13.9,90.0,18.4,0.419491,68.0,20.0
2023-04-23 06:00:00,0.0,1011.3,13.2,100.0,25.9,0.392231,65.0,20.0
2023-04-23 07:00:00,0.0,1009.8,12.9,100.0,18.4,0.349124,68.0,18.9
2023-04-23 08:00:00,0.0,1009.8,12.9,100.0,18.4,0.306132,68.0,18.9
2023-04-23 09:00:00,0.0,1011.6,12.3,40.0,11.2,0.284175,70.0,17.8
2023-04-23 10:00:00,0.3,1011.6,12.3,40.0,11.2,0.279334,70.0,17.8
2023-04-23 11:00:00,3.6,1011.8,11.2,80.0,14.8,0.269767,87.0,13.3
2023-04-23 12:00:00,5.3,1011.8,11.2,80.0,14.8,0.0,87.0,13.3
2023-04-23 13:00:00,2.3,1011.8,10.7,30.0,16.6,0.030544,84.0,13.3
2023-04-23 14:00:00,0.1,1012.8,8.9,40.0,18.4,0.0189603,80.0,12.2
2023-04-23 15:00:00,0.0,1013.7,7.9,20.0,20.5,0.0201706,75.0,12.2
2023-04-23 16:00:00,0.0,1014.0,8.3,20.0,20.5,0.0192485,77.0,12.2
2023-04-23 17:00:00,0.0,1014.0,8.3,20.0,25.9,0.0,77.0,12.2
2023-04-23 18:00:00,0.0,1014.1,8.3,40.0,18.4,0.320136,69.0,13.9
2023-04-23 19:00:00,0.0,1013.8,9.5,40.0,24.1,0.330798,65.0,16.1
2023-04-23 20:00:00,0.0,1014.1,10.1,50.0,18.4,0.271611,65.0,16.7
2023-04-23 21:00:00,0.0,1014.1,10.1,50.0,18.4,0.325438,65.0,16.7
2023-04-23 22:00:00,0.0,1013.5,9.5,60.0,20.5,0.364166,65.0,16.1
2023-04-23 23:00:00,0.0,1013.8,10.0,30.0,14.8,0.389638,67.0,16.1
2023-04-24 00:00:00,0.0,1014.9,9.4,20.0,20.5,0.408253,72.0,14.4
2023-04-24 01:00:00,0.0,1015.8,9.4,10.0,16.6,0.427501,77.0,13.3
2023-04-24 02:00:00,0.0,1016.6,9.0,10.0,16.6,0.44675,75.0,13.3
2023-04-24 03:00:00,0.0,1016.6,9.0,10.0,22.3,0.419548,75.0,13.3
2023-04-24 04:00:00,0.0,1017.1,9.0,30.0,16.6,0.371657,75.0,13.3
2023-04-24 05:00:00,0.0,1017.5,9.4,50.0,20.5,0.325496,77.0,13.3
2023-04-24 06:00:00,0.0,1017.3,10.0,40.0,13.0,0.277086,83.0,12.8
2023-04-24 07:00:00,0.0,1017.3,10.0,40.0,13.0,0.263889,83.0,12.8
2023-04-24 08:00:00,0.0,1018.0,10.6,20.0,11.2,0.256397,90.0,12.2
2023-04-24 09:00:00,0.0,1017.2,10.6,30.0,7.6,0.247868,90.0,12.2
2023-04-24 10:00:00,0.0,1017.5,10.7,30.0,9.4,0.282215,87.0,12.8
2023-04-24 11:00:00,0.0,1018.0,10.6,20.0,7.6,0.311434,90.0,12.2
2023-04-24 12:00:00,0.1,1018.3,10.6,20.0,5.4,0.364338,90.0,12.2
2023-04-24 13:00:00,0.2,1018.3,10.6,20.0,5.4,0.369122,90.0,12.2
2023-04-24 14:00:00,0.0,1018.2,10.6,40.0,11.2,0.354195,78.0,14.4
2023-04-24 15:00:00,0.0,1017.7,10.6,60.0,16.6,0.288382,72.0,15.6
2023-04-24 16:00:00,0.0,1017.7,10.6,60.0,16.6,0.27674,72.0,15.6
2023-04-24 17:00:00,0.0,1015.2,12.3,30.0,16.6,0.256166,61.0,20.0
2023-04-24 18:00:00,0.0,1015.2,12.3,30.0,16.6,0.239396,61.0,20.0
2023-04-24 19:00:00,0.0,1014.8,13.2,120.0,16.6,0.287402,65.0,20.0
2023-04-24 20:00:00,0.0,1014.0,13.3,120.0,9.4,0.329126,63.0,20.6
2023-04-24 21:00:00,0.0,1014.0,13.3,120.0,9.4,0.387621,63.0,20.6
2023-04-24 22:00:00,0.0,1013.2,14.0,120.0,11.2,0.409693,66.0,20.6
2023-04-24 23:00:00,0.0,1012.9,14.0,130.0,18.4,0.450553,71.0,19.4
2023-04-25 00:00:00,0.0,1012.9,14.0,130.0,18.4,0.443811,71.0,19.4
2023-04-25 01:00:00,0.0,1012.9,14.0,110.0,14.8,0.463001,71.0,19.4
2023-04-25 02:00:00,0.0,1013.1,14.4,120.0,14.8,0.455682,75.0,18.9
2023-04-25 03:00:00,0.0,1013.9,14.4,120.0,13.0,0.418165,75.0,18.9
2023-04-25 04:00:00,0.0,1013.8,14.4,130.0,14.8,0.378285,78.0,18.3
2023-04-25 05:00:00,0.0,1013.4,15.0,140.0,20.5,0.346415,81.0,18.3
2023-04-25 06:00:00,0.0,1012.6,15.0,140.0,11.2,0.314546,87.0,17.2
2023-04-25 07:00:00,0.0,1011.6,15.5,120.0,11.2,0.28746,90.0,17.2
2023-04-25 08:00:00,0.0,1011.6,15.5,120.0,11.2,0.260489,90.0,17.2
2023-04-25 09:00:00,0.0,1011.0,15.5,130.0,16.6,0.26435,90.0,17.2
2023-04-25 10:00:00,0.0,1011.3,15.5,120.0,9.4,0.299331,90.0,17.2
2023-04-25 11:00:00,0.0,1011.4,15.5,100.0,7.6,0.327628,90.0,17.2
2023-04-25 12:00:00,0.3,1011.4,15.5,100.0,7.6,0.359209,90.0,17.2
2023-04-25 13:00:00,0.0,1011.9,16.1,100.0,14.8,0.374539,90.0,17.8
2023-04-25 14:00:00,0.0,1012.2,16.6,120.0,20.5,0.352178,90.0,18.3
2023-04-25 15:00:00,0.0,1011.6,17.2,130.0,18.4,0.325496,87.0,19.4
2023-04-25 16:00:00,0.0,1011.6,17.2,130.0,18.4,0.341171,87.0,19.4
2023-04-25 17:00:00,0.0,1013.0,17.8,120.0,14.8,0.366644,87.0,20.0
2023-04-25 18:00:00,0.0,1011.0,18.4,140.0,7.6,0.367969,79.0,22.2
2023-04-25 19:00:00,0.6,1009.9,18.3,170.0,9.4,0.385489,76.0,22.8
2023-04-25 20:00:00,0.0,1009.9,18.3,170.0,9.4,0.290629,76.0,22.8
2023-04-25 21:00:00,0.0,1008.8,18.3,170.0,13.0,0.41609,69.0,24.4
2023-04-25 22:00:00,0.0,1008.0,18.2,140.0,16.6,0.428942,66.0,25.0
2023-04-25 23:00:00,0.0,1007.7,19.0,150.0,11.2,0.497695,67.0,25.6
2023-04-26 00:00:00,0.7,1008.0,20.0,100.0,11.2,0.512909,79.0,23.9
2023-04-26 01:00:00,0.0,1008.6,19.0,150.0,18.4,0.559993,79.0,22.8
2023-04-26 02:00:00,0.0,1008.6,19.0,150.0,18.4,0.555037,79.0,22.8
2023-04-26 03:00:00,0.0,1009.3,19.4,130.0,14.8,0.523052,87.0,21.7
2023-04-26 04:00:00,0.0,1010.8,19.4,120.0,18.4,0.443234,87.0,21.7
2023-04-26 05:00:00,0.0,1010.8,19.4,120.0,18.4,0.39033,87.0,21.7
2023-04-26 06:00:00,0.0,1010.3,18.9,140.0,20.5,0.343764,87.0,21.1
2023-04-26 07:00:00,0.0,1009.8,19.4,130.0,14.8,0.323479,90.0,21.1
2023-04-26 08:00:00,0.0,1008.2,19.4,150.0,14.8,0.308207,90.0,21.1
2023-04-26 09:00:00,0.0,1008.4,19.4,170.0,16.6,0.300945,90.0,21.1
2023-04-26 10:00:00,0.0,1008.3,19.4,150.0,14.8,0.349182,90.0,21.1
2023-04-26 11:00:00,0.3,1008.2,19.9,150.0,14.8,0.368603,93.0,21.1
2023-04-26 12:00:00,0.1,1008.2,19.9,150.0,14.8,0.410961,93.0,21.1
2023-04-26 13:00:00,0.1,1008.9,19.9,170.0,18.4,0.406985,87.0,22.2
2023-04-26 14:00:00,0.0,1008.5,20.0,150.0,20.5,0.383126,79.0,23.9
2023-04-26 15:00:00,0.0,1008.5,20.0,150.0,20.5,0.402663,79.0,23.9
2023-04-26 16:00:00,0.0,1008.9,19.5,180.0,22.3,0.449631,69.0,25.6
2023-04-26 17:00:00,0.0,1008.9,19.5,180.0,22.3,0.402547,69.0,25.6
2023-04-26 18:00:00,0.0,1007.0,20.1,160.0,14.8,0.429922,65.0,27.2
2023-04-26 19:00:00,0.0,1006.5,20.0,150.0,20.5,0.443522,57.0,29.4
2023-04-26 20:00:00,0.0,1005.6,20.1,150.0,18.4,0.545816,61.0,28.3
2023-04-26 21:00:00,0.0,1004.9,20.1,150.0,22.3,0.558207,61.0,28.3
2023-04-26 22:00:00,0.0,1004.9,20.1,150.0,22.3,0.583103,61.0,28.3
2023-04-26 23:00:00,0.0,1004.8,19.5,170.0,20.5,0.618661,59.0,28.3
2023-04-27 00:00:00,0.0,1004.4,19.3,160.0,20.5,0.639235,62.0,27.2
2023-04-27 01:00:00,0.0,1005.0,19.3,170.0,16.6,0.645459,64.0,26.7
2023-04-27 02:00:00,0.0,1006.2,19.5,160.0,20.5,0.637563,69.0,25.6
2023-04-27 03:00:00,0.0,1006.2,19.5,160.0,20.5,0.610074,69.0,25.6
2023-04-27 04:00:00,0.0,1005.8,20.1,170.0,20.5,0.531408,82.0,23.3
2023-04-27 05:00:00,0.0,1006.8,19.9,160.0,9.4,0.459601,87.0,22.2
2023-04-27 06:00:00,0.0,1006.8,19.9,160.0,9.4,0.389004,87.0,22.2
2023-04-27 07:00:00,0.8,1008.3,17.2,320.0,18.4,0.358575,81.0,20.6
2023-04-27 08:00:00,2.0,1008.8,16.1,330.0,14.8,0.319905,90.0,17.8
2023-04-27 09:00:00,0.5,1008.7,15.6,10.0,16.6,0.303711,87.0,17.8
2023-04-27 10:00:00,0.0,1009.3,15.0,360.0,18.4,0.335005,87.0,17.2
2023-04-27 11:00:00,0.0,1009.9,14.5,10.0,16.6,0.361399,84.0,17.2
2023-04-27 12:00:00,0.0,1010.5,14.5,360.0,14.8,0.375864,81.0,17.8
2023-04-27 13:00:00,0.0,1010.5,14.5,360.0,14.8,0.348548,81.0,17.8
2023-04-27 14:00:00,0.0,1011.3,13.9,350.0,18.4,0.343361,68.0,20.0
2023-04-27 15:00:00,0.0,1011.9,14.4,330.0,18.4,0.315237,63.0,21.7
2023-04-27 16:00:00,0.0,1012.2,13.3,330.0,11.2,0.315065,55.0,22.8
2023-04-27 17:00:00,0.0,1012.2,13.3,335.0,11.2,0.317946,55.0,22.8
2023-04-27 18:00:00,0.0,1010.9,11.7,342.0,7.6,0.333794,42.0,25.6
2023-04-27 19:00:00,0.0,1009.8,11.2,338.0,5.4,0.341459,38.0,26.7
2023-04-27 20:00:00,0.0,1008.5,10.5,320.0,9.4,0.397361,34.0,27.8
2023-04-27 21:00:00,0.0,1008.5,10.5,320.0,9.4,0.433783,34.0,27.8
2023-04-27 22:00:00,0.0,1006.7,9.6,270.0,5.4,0.499769,31.0,28.3
2023-04-27 23:00:00,0.0,1006.7,9.6,120.0,5.4,0.581489,31.0,28.3
2023-04-28 00:00:00,0.0,1006.7,10.5,120.0,5.4,0.604426,34.0,27.8
2023-04-28 01:00:00,0.0,1007.1,12.2,130.0,14.8,0.583391,48.0,23.9
2023-04-28 02:00:00,0.0,1008.3,12.8,100.0,9.4,0.562875,59.0,21.1
2023-04-28 03:00:00,0.0,1008.3,12.8,100.0,9.4,0.513831,59.0,21.1
2023-04-28 04:00:00,0.0,1008.4,14.0,100.0,5.4,0.452743,71.0,19.4
2023-04-28 05:00:00,0.0,1008.4,14.4,140.0,9.4,0.387045,78.0,18.3
2023-04-28 06:00:00,0.0,1008.0,16.6,180.0,9.4,0.330682,84.0,19.4
2023-04-28 07:00:00,0.0,1008.0,16.6,180.0,9.4,0.309244,84.0,19.4
2023-04-28 08:00:00,0.0,1007.3,14.3,0.0,0.0,0.281466,86.0,16.7
2023-04-28 09:00:00,0.0,1007.0,17.9,190.0,13.0,0.276107,91.0,19.4
2023-04-28 10:00:00,0.0,1006.8,18.2,190.0,14.8,0.281812,93.0,19.4
2023-04-28 11:00:00,0.0,1007.4,17.9,220.0,13.0,0.309013,91.0,19.4
2023-04-28 12:00:00,0.0,1007.4,17.9,220.0,13.0,0.313624,91.0,19.4
2023-04-28 13:00:00,0.0,1008.4,18.9,210.0,18.4,0.334947,90.0,20.6
2023-04-28 14:00:00,0.0,1008.4,18.9,210.0,18.4,0.338808,90.0,20.6
2023-04-28 15:00:00,0.0,1007.7,19.4,180.0,20.5,0.337656,76.0,23.9
2023-04-28 16:00:00,0.0,1007.2,19.5,200.0,11.2,0.341978,69.0,25.6
2023-04-28 17:00:00,0.0,1007.2,19.5,200.0,11.2,0.35967,69.0,25.6
2023-04-28 18:00:00,0.0,1006.2,19.3,180.0,24.1,0.375576,62.0,27.2
2023-04-28 19:00:00,0.0,1005.0,20.1,180.0,24.1,0.406639,61.0,28.3
2023-04-28 20:00:00,0.0,1003.7,20.0,170.0,25.9,0.469341,57.0,29.4
2023-04-28 21:00:00,0.0,1003.7,20.0,170.0,25.9,0.538151,57.0,29.4
2023-04-28 22:00:00,0.0,1000.9,20.0,170.0,38.9,0.673121,55.0,30.0
2023-04-28 23:00:00,0.0,1001.9,16.1,180.0,20.5,0.657503,90.0,17.8
2023-04-29 00:00:00,2.5,1008.6,16.1,290.0,25.9,0.551521,90.0,17.8
2023-04-29 01:00:00,4.1,1006.7,16.7,340.0,24.1,0.499712,87.0,18.9
2023-04-29 02:00:00,0.0,1008.9,15.1,340.0,25.9,0.481789,76.0,19.4
2023-04-29 03:00:00,0.0,1008.9,12.3,330.0,33.5,0.434417,70.0,17.8
2023-04-29 04:00:00,0.0,1013.0,11.1,350.0,24.1,0.398167,72.0,16.1
2023-04-29 05:00:00,0.0,1014.0,9.0,350.0,24.1,0.346704,70.0,14.4
2023-04-29 06:00:00,0.0,1014.0,9.0,350.0,24.1,0.303481,70.0,14.4
2023-04-29 07:00:00,0.0,1013.8,8.1,320.0,33.5,0.276395,72.0,13.0
2023-04-29 08:00:00,0.0,1013.6,7.0,320.0,25.9,0.273513,67.0,13.0
2023-04-29 09:00:00,0.0,1014.7,7.3,320.0,20.5,0.272072,72.0,12.2
2023-04-29 10:00:00,0.0,1014.9,6.9,300.0,14.8,0.254841,76.0,11.0
2023-04-29 11:00:00,0.0,1015.4,6.6,300.0,16.6,0.261468,71.0,11.7
2023-04-29 12:00:00,0.0,1015.4,6.6,300.0,16.6,0.263024,71.0,11.7
2023-04-29 13:00:00,0.0,1017.2,6.0,310.0,16.6,0.271957,55.0,15.0
2023-04-29 14:00:00,0.0,1017.1,5.5,310.0,16.6,0.252939,46.0,17.2
2023-04-29 15:00:00,0.0,1017.6,4.5,320.0,31.7,0.250115,40.0,18.3
2023-04-29 16:00:00,0.0,1017.6,4.5,330.0,37.1,0.225565,40.0,18.3
2023-04-29 17:00:00,0.0,1016.8,3.8,340.0,31.7,0.206201,32.0,21.1
2023-04-29 18:00:00,0.0,1015.7,3.8,320.0,37.1,0.208852,30.0,22.2
2023-04-29 19:00:00,0.0,1015.2,4.3,310.0,33.5,0.209832,29.0,23.3
2023-04-29 20:00:00,0.0,1014.4,3.2,310.0,33.5,0.229311,26.0,23.9
2023-04-29 21:00:00,0.0,1014.4,3.2,310.0,29.5,0.272245,26.0,23.9
2023-04-29 22:00:00,0.0,1013.4,3.1,310.0,31.7,0.330394,25.0,24.4
2023-04-29 23:00:00,0.0,1012.8,1.2,330.0,24.1,0.397303,21.0,25.0
2023-04-30 00:00:00,0.0,1012.8,2.3,340.0,13.0,0.440237,26.0,22.8
2023-04-30 01:00:00,0.0,1012.8,2.3,340.0,13.0,0.458564,26.0,22.8
2023-04-30 02:00:00,0.0,1013.1,4.5,300.0,5.4,0.415399,36.0,20.0
2023-04-30 03:00:00,0.0,1013.9,6.8,310.0,7.6,0.432746,52.0,16.7
2023-04-30 04:00:00,0.0,1014.3,6.2,310.0,7.6,0.37402,50.0,16.7
2023-04-30 05:00:00,0.0,1014.3,7.2,310.0,7.6,0.335927,62.0,14.4
2023-04-30 06:00:00,0.0,1014.4,6.7,300.0,7.6,0.301752,62.0,13.9
2023-04-30 07:00:00,0.0,1013.7,6.0,300.0,11.2,0.277201,66.0,12.2
2023-04-30 08:00:00,0.0,1013.5,6.2,290.0,9.4,0.268326,69.0,11.7
2023-04-30 09:00:00,0.0,1013.6,6.0,270.0,7.6,0.260028,71.0,11.1
2023-04-30 10:00:00,0.0,1013.6,6.0,270.0,7.6,0.258933,71.0,11.1
2023-04-30 11:00:00,0.0,1013.8,6.7,310.0,7.6,0.25461,80.0,10.0
2023-04-30 12:00:00,0.0,1014.3,7.3,320.0,7.6,0.264177,67.0,13.3
2023-04-30 13:00:00,0.0,1014.3,6.2,260.0,9.4,0.256051,42.0,19.4
2023-04-30 14:00:00,0.0,1014.2,6.1,240.0,11.2,0.255763,34.0,22.8
2023-04-30 15:00:00,0.0,1014.2,6.7,240.0,13.0,0.259797,31.0,25.0
2023-04-30 16:00:00,0.0,1014.2,6.7,240.0,13.0,0.25778,31.0,25.0
2023-04-30 17:00:00,0.0,1013.2,7.1,230.0,16.6,0.281985,27.0,27.8
2023-04-30 18:00:00,0.0,1012.2,6.9,220.0,16.6,0.30302,25.0,28.9
2023-04-30 19:00:00,0.0,1011.1,6.7,180.0,22.3,0.363589,24.0,29.4
2023-04-30 20:00:00,0.0,1011.1,6.7,180.0,22.3,0.408541,24.0,29.4
2023-04-30 21:00:00,0.0,1010.1,6.6,190.0,20.5,0.480348,23.0,30.0
2023-04-30 22:00:00,0.0,1008.8,6.6,200.0,16.6,0.553596,23.0,30.0
2023-04-30 23:00:00,0.0,1008.2,6.1,180.0,20.5,0.64373,23.0,29.4
2023-05-01 00:00:00,0.0,1008.2,6.1,180.0,20.5,0.678827,23.0,29.4
2023-05-01 01:00:00,0.0,1008.0,6.6,160.0,16.6,0.675657,27.0,27.2
2023-05-01 02:00:00,0.0,1008.2,7.6,160.0,13.0,0.634106,33.0,25.0
2023-05-01 03:00:00,0.0,1008.9,8.9,170.0,22.3,0.573824,40.0,23.3
2023-05-01 04:00:00,0.0,1008.9,8.9,170.0,22.3,0.487898,40.0,23.3
2023-05-01 05:00:00,0.0,1008.4,6.2,180.0,16.6,0.404276,38.0,21.1
2023-05-01 06:00:00,0.0,1008.4,6.2,180.0,16.6,0.342554,38.0,21.1
2023-05-01 07:00:00,0.0,1008.0,8.0,210.0,9.4,0.300599,49.0,18.9
2023-05-01 08:00:00,0.0,1007.6,8.8,210.0,7.6,0.285788,52.0,18.9
2023-05-01 09:00:00,0.0,1007.6,10.1,200.0,7.6,0.271842,63.0,17.2
2023-05-01 10:00:00,0.0,1007.8,10.0,0.0,0.0,0.301349,67.0,16.1
2023-05-01 11:00:00,0.0,1007.8,10.0,0.0,0.0,0.325611,67.0,16.1
2023-05-01 12:00:00,0.0,1009.8,10.6,70.0,9.4,0.349931,65.0,17.2
2023-05-01 13:00:00,0.0,1010.5,11.2,50.0,14.8,0.345897,57.0,20.0
2023-05-01 14:00:00,0.0,1011.2,10.7,80.0,16.6,0.33512,48.0,22.2
2023-05-01 15:00:00,0.0,1011.0,10.0,110.0,13.0,0.297084,43.0,23.3
2023-05-01 16:00:00,0.0,1011.0,10.0,110.0,13.0,0.316621,43.0,23.3
2023-05-01 17:00:00,0.0,1010.0,11.2,110.0,13.0,0.322268,38.0,26.7
2023-05-01 18:00:00,0.0,1009.5,13.4,90.0,14.8,0.390503,44.0,26.7
2023-05-01 19:00:00,0.0,1008.8,14.9,100.0,13.0,0.390042,47.0,27.2
2023-05-01 20:00:00,0.0,1008.8,14.9,100.0,13.0,0.416782,47.0,27.2
2023-05-01 21:00:00,0.0,1008.3,16.1,110.0,18.4,0.460293,49.0,27.8
2023-05-01 22:00:00,0.0,1007.7,16.6,110.0,22.3,0.52674,49.0,28.3
2023-05-01 23:00:00,0.0,1007.3,17.1,110.0,16.6,0.576936,54.0,27.2
2023-05-02 00:00:00,0.0,1007.4,16.7,90.0,16.6,0.66148,58.0,25.6
2023-05-02 01:00:00,0.0,1007.4,16.7,90.0,16.6,0.588751,58.0,25.6
2023-05-02 02:00:00,0.0,1007.7,17.2,100.0,14.8,0.633241,66.0,23.9
2023-05-02 03:00:00,0.0,1008.6,17.7,100.0,13.0,0.58172,71.0,23.3
2023-05-02 04:00:00,0.0,1009.7,17.9,140.0,20.5,0.503458,82.0,21.1
2023-05-02 05:00:00,0.0,1009.5,17.8,120.0,13.0,0.424677,87.0,20.0
2023-05-02 06:00:00,0.0,1009.5,17.8,120.0,13.0,0.395055,87.0,20.0
2023-05-02 07:00:00,0.0,1009.1,18.3,100.0,11.2,0.367739,90.0,20.0
2023-05-02 08:00:00,0.0,1009.2,18.2,120.0,11.2,0.336849,93.0,19.4
2023-05-02 09:00:00,0.0,1009.1,18.3,160.0,13.0,0.314604,90.0,20.0
2023-05-02 10:00:00,0.0,1009.1,18.3,160.0,13.0,0.365664,90.0,20.0
2023-05-02 11:00:00,0.0,1009.3,18.3,100.0,14.8,0.369525,90.0,20.0
2023-05-02 12:00:00,0.0,1010.9,18.9,80.0,11.2,0.400127,90.0,20.6
2023-05-02 13:00:00,0.0,1011.2,18.9,90.0,11.2,0.394882,87.0,21.1
2023-05-02 14:00:00,0.0,1011.5,18.3,120.0,22.3,0.376095,81.0,21.7
2023-05-02 15:00:00,0.0,1011.5,18.3,120.0,22.3,0.374251,81.0,21.7
2023-05-02 16:00:00,0.0,1011.7,17.9,120.0,18.4,0.395862,69.0,23.9
2023-05-02 17:00:00,0.0,1011.9,18.3,100.0,16.6,0.390099,71.0,23.9
2023-05-02 18:00:00,0.0,1011.7,18.4,100.0,16.6,0.452743,74.0,23.3
2023-05-02 19:00:00,0.0,1011.7,17.9,120.0,9.4,0.468476,69.0,23.9
2023-05-02 20:00:00,0.0,1010.8,17.9,90.0,5.4,0.455682,67.0,24.4
2023-05-02 21:00:00,0.0,1010.8,17.9,90.0,5.4,0.434705,67.0,24.4
2023-05-02 22:00:00,0.0,1009.9,17.7,130.0,15.0,0.485765,60.0,26.1
2023-05-02 23:00:00,0.0,1009.3,17.8,120.0,16.6,0.496888,62.0,25.6
2023-05-03 00:00:00,0.0,1009.6,17.9,90.0,14.8,0.555383,69.0,23.9
2023-05-03 01:00:00,0.0,1009.6,17.9,90.0,14.8,0.54985,69.0,23.9
2023-05-03 02:00:00,0.0,1011.8,17.1,110.0,5.4,0.55544,73.0,22.2
2023-05-03 03:00:00,0.0,1011.8,17.9,120.0,11.2,0.522591,82.0,21.1
2023-05-03 04:00:00,0.0,1012.2,17.9,160.0,9.4,0.454011,82.0,21.1
2023-05-03 05:00:00,0.0,1012.0,17.8,150.0,13.0,0.395171,84.0,20.6
2023-05-03 06:00:00,0.0,1012.0,17.8,150.0,13.0,0.344053,84.0,20.6
2023-05-03 07:00:00,0.0,1012.7,18.3,0.0,0.0,0.324574,90.0,20.0
2023-05-03 08:00:00,0.0,1012.3,18.3,140.0,9.4,0.3108,90.0,20.0
2023-05-03 09:00:00,0.0,1012.3,18.3,140.0,9.4,0.29985,90.0,20.0
2023-05-03 10:00:00,0.0,1012.1,18.3,160.0,5.4,0.343188,90.0,20.0
2023-05-03 11:00:00,0.0,1013.2,17.2,340.0,5.4,0.35846,90.0,18.9
2023-05-03 12:00:00,0.0,1013.9,17.9,70.0,7.6,0.396438,91.0,19.4
2023-05-03 13:00:00,0.0,1013.9,18.3,90.0,7.6,0.373905,81.0,21.7
2023-05-03 14:00:00,0.0,1013.7,17.7,80.0,9.4,0.364281,73.0,22.8
2023-05-03 15:00:00,0.0,1013.7,17.7,80.0,9.4,0.356385,73.0,22.8
2023-05-03 16:00:00,0.0,1013.7,17.7,90.0,14.8,0.371657,64.0,25.0
2023-05-03 17:00:00,0.0,1013.6,17.8,100.0,13.0,0.377248,62.0,25.6
2023-05-03 18:00:00,0.0,1012.8,16.6,110.0,11.2,0.416379,56.0,26.1
2023-05-03 19:00:00,0.0,1012.0,16.7,110.0,18.4,0.433034,51.0,27.8
2023-05-03 20:00:00,0.0,1010.4,14.3,130.0,16.6,0.48225,41.0,28.9
2023-05-03 21:00:00,0.0,1010.0,13.0,110.0,14.8,0.583564,40.0,27.8
2023-05-03 22:00:00,0.0,1010.0,13.0,110.0,14.8,0.564834,40.0,27.8
2023-05-03 23:00:00,0.0,1009.7,13.3,120.0,13.0,0.606097,41.0,27.8
2023-05-04 00:00:00,0.0,1010.5,15.1,120.0,13.0,0.627363,56.0,24.4
2023-05-04 01:00:00,0.0,1010.8,15.6,100.0,7.6,0.620562,64.0,22.8
2023-05-04 02:00:00,0.0,1010.8,15.6,100.0,7.6,0.623041,64.0,22.8
2023-05-04 03:00:00,0.0,1011.6,18.3,140.0,20.5,0.583449,76.0,22.8
2023-05-04 04:00:00,0.0,1011.6,18.3,140.0,20.5,0.502017,76.0,22.8
2023-05-04 05:00:00,0.0,1012.0,18.4,140.0,20.5,0.43021,79.0,22.2
2023-05-04 06:00:00,0.0,1011.0,18.4,130.0,13.0,0.374078,87.0,20.6
2023-05-04 07:00:00,0.0,1011.0,18.4,130.0,13.0,0.354829,87.0,20.6
2023-05-04 08:00:00,0.0,1010.8,18.9,170.0,13.0,0.326821,90.0,20.6
2023-05-04 09:00:00,0.0,1010.2,18.9,160.0,9.4,0.325669,87.0,21.1
2023-05-04 10:00:00,0.0,1010.2,18.9,160.0,9.4,0.369525,87.0,21.1
2023-05-04 11:00:00,0.0,1010.5,19.4,160.0,7.6,0.397015,90.0,21.1
2023-05-04 12:00:00,0.0,1011.7,19.4,170.0,5.4,0.414707,87.0,21.7
2023-05-04 13:00:00,0.0,1011.9,19.9,160.0,14.8,0.410327,87.0,22.2
2023-05-04 14:00:00,0.0,1011.9,19.9,160.0,14.8,0.400991,87.0,22.2
2023-05-04 15:00:00,0.0,1012.4,20.1,170.0,9.4,0.423179,82.0,23.3
2023-05-04 16:00:00,0.0,1012.7,20.7,180.0,13.0,0.426349,77.0,25.0
2023-05-04 17:00:00,0.0,1012.3,20.7,180.0,13.0,0.424504,77.0,25.0
2023-05-04 18:00:00,0.0,1011.3,20.5,170.0,13.0,0.429633,69.0,26.7
2023-05-04 19:00:00,0.0,1010.5,21.1,150.0,13.0,0.453665,67.0,27.8
2023-05-04 20:00:00,0.0,1010.5,21.1,150.0,13.0,0.488589,67.0,27.8
2023-05-04 21:00:00,0.0,1008.1,20.6,150.0,20.5,0.568349,63.0,28.3
2023-05-04 22:00:00,0.0,1007.7,20.6,130.0,18.4,0.593303,61.0,28.9
2023-05-04 23:00:00,0.0,1007.7,20.6,130.0,18.4,0.638831,61.0,28.9
2023-05-05 00:00:00,0.0,1008.3,20.6,150.0,20.5,0.6318,65.0,27.8
2023-05-05 01:00:00,0.0,1008.5,20.5,150.0,22.3,0.58316,69.0,26.7
2023-05-05 02:00:00,0.0,1008.6,21.1,170.0,22.3,0.591978,74.0,26.1
2023-05-05 03:00:00,0.0,1008.6,21.1,170.0,22.3,0.60189,74.0,26.1
2023-05-05 04:00:00,0.0,1009.8,21.1,190.0,9.4,0.555095,76.0,25.6
2023-05-05 05:00:00,0.0,1009.8,21.1,190.0,5.4,0.485881,79.0,25.0
2023-05-05 06:00:00,0.0,1010.0,21.7,180.0,13.0,0.440641,85.0,24.4
2023-05-05 07:00:00,0.0,1008.6,21.7,150.0,11.2,0.421796,85.0,24.4
2023-05-05 08:00:00,0.0,1008.6,21.7,150.0,11.2,0.40249,85.0,24.4
2023-05-05 09:00:00,0.0,1008.0,21.7,0.0,0.0,0.374366,91.0,23.3
2023-05-05 10:00:00,0.0,1008.7,21.8,170.0,7.6,0.394479,94.0,22.8
2023-05-05 11:00:00,0.0,1009.0,22.2,180.0,7.6,0.409232,90.0,23.9
2023-05-05 12:00:00,0.0,1010.0,21.7,150.0,7.6,0.439027,91.0,23.3
2023-05-05 13:00:00,0.0,1010.6,22.3,180.0,13.0,0.419433,88.0,24.4
2023-05-05 14:00:00,0.0,1011.1,21.7,190.0,5.4,0.409809,79.0,25.6
2023-05-05 15:00:00,0.0,1011.1,21.7,200.0,13.0,0.416782,65.0,28.9
2023-05-05 16:00:00,0.0,1011.1,21.7,200.0,13.0,0.467151,65.0,28.9
2023-05-05 17:00:00,0.0,1010.4,22.2,210.0,14.8,0.510316,61.0,30.6
2023-05-05 18:00:00,0.0,1009.5,21.7,210.0,9.4,0.553135,54.0,32.2
2023-05-05 19:00:00,0.0,1009.5,21.7,160.0,9.4,0.615664,54.0,32.2
2023-05-05 20:00:00,0.0,1008.2,20.7,150.0,16.6,0.706374,46.0,33.9
2023-05-05 21:00:00,0.0,1007.3,21.0,150.0,16.6,0.724527,47.0,33.9
2023-05-05 22:00:00,0.0,1006.8,20.7,140.0,24.1,0.808783,46.0,33.9
2023-05-05 23:00:00,0.0,1006.5,21.0,140.0,29.5,0.842093,50.0,32.8
2023-05-06 00:00:00,0.0,1006.5,21.0,140.0,29.5,0.834025,50.0,32.8
2023-05-06 01:00:00,0.0,1007.8,21.6,160.0,24.1,0.789246,63.0,29.4
2023-05-06 02:00:00,0.0,1007.8,22.3,130.0,27.7,0.750576,70.0,28.3
2023-05-06 03:00:00,0.0,1010.1,22.8,130.0,22.3,0.697902,79.0,26.7
2023-05-06 04:00:00,0.0,1010.9,22.9,100.0,14.8,0.65808,85.0,25.6
2023-05-06 05:00:00,0.0,1010.9,22.9,100.0,14.8,0.577916,85.0,25.6
2023-05-06 06:00:00,0.0,1012.7,22.8,100.0,20.5,0.528585,91.0,24.4
2023-05-06 07:00:00,0.0,1012.3,19.4,60.0,18.4,0.492796,87.0,21.7
2023-05-06 08:00:00,0.3,1012.0,17.9,50.0,7.6,0.457815,82.0,21.1
2023-05-06 09:00:00,0.0,1011.6,18.9,80.0,7.6,0.416609,84.0,21.7
2023-05-06 10:00:00,0.0,1011.6,18.9,80.0,7.6,0.388774,84.0,21.7
2023-05-06 11:00:00,0.0,1011.3,20.5,0.0,0.0,0.389696,87.0,22.8
2023-05-06 12:00:00,0.0,1011.8,21.7,0.0,0.0,0.392923,85.0,24.4
2023-05-06 13:00:00,0.0,1011.8,21.7,150.0,20.5,0.416206,85.0,24.4
2023-05-06 14:00:00,0.0,1012.1,21.7,150.0,18.4,0.442082,79.0,25.6
2023-05-06 15:00:00,0.0,1012.1,21.7,150.0,18.4,0.474758,79.0,25.6
2023-05-06 16:00:00,0.0,1012.4,22.1,150.0,18.4,0.469053,76.0,26.7
2023-05-06 17:00:00,0.0,1012.4,22.7,170.0,13.0,0.512909,74.0,27.8
2023-05-06 18:00:00,0.0,1011.7,22.7,150.0,16.6,0.489338,65.0,30.0
2023-05-06 19:00:00,0.0,1011.7,21.6,180.0,16.6,0.600795,63.0,29.4
2023-05-06 20:00:00,0.0,1011.7,21.6,180.0,16.6,0.64252,63.0,29.4
2023-05-06 21:00:00,0.8,1009.5,23.2,140.0,29.5,0.57976,67.0,30.0
2023-05-06 22:00:00,0.5,1009.6,22.9,140.0,20.5,0.673755,70.0,28.9
2023-05-06 23:00:00,0.0,1008.7,23.3,120.0,20.5,0.644594,72.0,28.9
2023-05-07 00:00:00,0.0,1008.7,23.3,120.0,20.5,0.69018,72.0,28.9
2023-05-07 01:00:00,0.6,1009.6,22.1,140.0,20.5,0.694733,76.0,26.7
2023-05-07 02:00:00,1.1,1010.9,22.3,130.0,25.9,0.676521,82.0,25.6
2023-05-07 03:00:00,0.1,1012.1,22.3,130.0,25.9,0.649608,82.0,25.6
2023-05-07 04:00:00,0.0,1012.9,21.7,140.0,22.3,0.58195,82.0,25.0
2023-05-07 05:00:00,0.1,1012.9,21.7,140.0,22.3,0.533483,82.0,25.0
2023-05-07 06:00:00,0.0,1012.4,21.0,130.0,20.5,0.483691,84.0,23.9
2023-05-07 07:00:00,0.0,1012.6,21.0,130.0,18.4,0.446807,84.0,23.9
2023-05-07 08:00:00,0.0,1012.3,21.2,120.0,18.4,0.412805,88.0,23.3
2023-05-07 09:00:00,0.0,1014.0,21.5,90.0,9.0,0.383875,91.0,23.0
2023-05-07 10:00:00,0.0,1012.3,21.7,60.0,9.4,0.369929,91.0,23.3
2023-05-07 11:00:00,0.0,1015.0,21.5,110.0,9.0,0.371139,91.0,23.0
2023-05-07 12:00:00,0.0,1015.0,21.7,90.0,13.0,0.381455,91.0,23.3
2023-05-07 13:00:00,0.0,1015.0,22.2,90.0,5.4,0.385777,90.0,23.9
2023-05-07 14:00:00,0.1,1015.0,22.3,140.0,18.4,0.42047,94.0,23.3
2023-05-07 15:00:00,0.0,1012.4,21.7,140.0,33.0,0.417416,91.0,23.3
2023-05-07 16:00:00,0.2,1013.7,19.4,120.0,16.6,0.45453,81.0,22.8
2023-05-07 17:00:00,0.1,1013.0,19.4,90.0,9.4,0.473317,84.0,22.2
2023-05-07 18:00:00,0.0,1015.0,19.5,140.0,24.0,0.487609,76.0,24.0
2023-05-07 19:00:00,2.0,1014.0,18.9,180.0,22.0,0.528873,69.0,25.0
2023-05-07 20:00:00,0.0,1011.9,16.6,160.0,28.0,0.508126,56.0,26.1
2023-05-07 21:00:00,0.0,1011.1,18.3,160.0,20.5,0.539131,60.0,26.7
2023-05-07 22:00:00,0.0,1010.1,18.2,150.0,18.4,0.564315,58.0,27.2
2023-05-07 23:00:00,0.0,1009.9,16.0,160.0,20.5,0.570655,52.0,26.7
2023-05-08 00:00:00,0.0,1012.0,17.6,170.0,22.0,0.623963,60.0,26.0
2023-05-08 01:00:00,0.0,1010.1,17.9,180.0,11.2,0.636872,67.0,24.4
2023-05-08 02:00:00,0.0,1011.7,18.8,260.0,7.6,0.636699,76.0,23.3
2023-05-08 03:00:00,0.0,1015.0,19.5,190.0,7.0,0.590595,76.0,24.0
2023-05-08 04:00:00,0.0,1013.0,20.1,180.0,11.2,0.521957,82.0,23.3
2023-05-08 05:00:00,0.0,1014.0,19.8,160.0,13.0,0.458506,82.0,23.0
2023-05-08 06:00:00,0.0,1010.6,20.5,100.0,13.0,0.392059,87.0,22.8
2023-05-08 07:00:00,0.0,1009.5,20.7,140.0,16.6,0.379899,91.0,22.2
2023-05-08 08:00:00,0.0,1009.7,20.5,100.0,7.6,0.355636,93.0,21.7
2023-05-08 09:00:00,0.0,1012.0,19.8,360.0,7.0,0.341286,93.0,21.0
2023-05-08 10:00:00,0.0,1010.5,20.7,30.0,13.0,0.386411,91.0,22.2
2023-05-08 11:00:00,0.0,1010.6,20.7,50.0,9.4,0.412287,91.0,22.2
2023-05-08 12:00:00,0.0,1011.2,20.5,70.0,7.6,0.441563,87.0,22.8
2023-05-08 13:00:00,0.0,1011.7,21.7,110.0,9.4,0.422603,91.0,23.3
2023-05-08 14:00:00,0.2,1013.0,22.1,130.0,11.0,0.426637,79.0,26.0
2023-05-08 15:00:00,0.1,1011.2,21.8,170.0,14.8,0.428654,70.0,27.8
2023-05-08 16:00:00,0.0,1011.4,21.6,150.0,20.5,0.437702,63.0,29.4
2023-05-08 17:00:00,0.0,1011.2,22.1,180.0,20.5,0.488071,59.0,31.1
2023-05-08 18:00:00,0.0,1010.9,21.8,150.0,20.5,0.549389,56.0,31.7
2023-05-08 19:00:00,0.0,1012.0,21.5,130.0,19.0,0.616644,57.0,31.0
2023-05-08 20:00:00,0.0,1009.7,21.0,160.0,22.3,0.670758,55.0,31.1
2023-05-08 21:00:00,0.9,1008.4,20.6,140.0,18.4,0.690929,52.0,31.7
2023-05-08 22:00:00,0.0,1008.2,21.0,150.0,24.1,0.731616,55.0,31.1
2023-05-08 23:00:00,0.0,1008.5,22.2,130.0,22.3,0.7821,63.0,30.0
2023-05-09 00:00:00,0.0,1011.0,22.3,110.0,32.0,0.797084,67.0,29.0
2023-05-09 01:00:00,0.0,1010.1,21.7,110.0,25.9,0.755533,74.0,26.7
2023-05-09 02:00:00,0.0,1011.2,21.1,150.0,32.0,0.755705,74.0,26.1
2023-05-09 03:00:00,0.0,1012.7,21.1,130.0,27.7,0.719917,79.0,25.0
2023-05-09 04:00:00,0.0,1014.0,21.1,110.0,22.0,0.624308,84.0,24.0
2023-05-09 05:00:00,0.0,1012.5,21.0,110.0,18.4,0.553366,84.0,23.9
2023-05-09 06:00:00,0.0,1015.0,21.0,150.0,18.4,0.473144,84.0,23.9
2023-05-09 07:00:00,0.0,1016.0,15.7,300.0,41.0,0.43044,81.0,19.0
2023-05-09 08:00:00,0.0,1011.4,16.1,300.0,22.3,0.343937,84.0,18.9
2023-05-09 09:00:00,0.0,1012.0,15.3,320.0,11.0,0.32077,84.0,18.0
2023-05-09 10:00:00,0.0,1008.9,16.1,120.0,11.2,0.354311,84.0,18.9
2023-05-09 11:00:00,0.0,1012.0,15.8,120.0,17.0,0.370793,87.0,18.0
2023-05-09 12:00:00,0.0,1008.0,16.6,0.0,0.0,0.389235,90.0,18.3
2023-05-09 13:00:00,0.0,1011.0,17.2,350.0,14.8,0.389696,90.0,18.9
2023-05-09 14:00:00,0.0,1014.0,17.2,290.0,6.0,0.367681,84.0,20.0
2023-05-09 15:00:00,0.2,1011.6,17.8,300.0,11.2,0.360535,87.0,20.0
2023-05-09 16:00:00,0.1,1014.0,17.8,200.0,7.0,0.350507,82.0,21.0
2023-05-09 17:00:00,0.1,1012.8,19.0,300.0,13.0,0.343419,82.0,22.2
2023-05-09 18:00:00,0.3,1015.0,19.2,100.0,11.0,0.398398,84.0,22.0
2023-05-09 19:00:00,0.3,1014.0,19.4,180.0,7.6,0.429,87.0,21.7
2023-05-09 20:00:00,2.0,1011.2,19.9,70.0,9.4,0.400184,93.0,21.1
2023-05-09 21:00:00,3.7,1012.0,19.4,0.0,0.0,0.414765,93.0,20.6
2023-05-09 22:00:00,0.0,1013.0,19.8,160.0,6.0,0.428308,93.0,21.0
2023-05-09 23:00:00,0.8,1013.0,19.4,180.0,13.0,0.45453,90.0,21.1
2023-05-10 00:00:00,0.6,1010.9,19.9,170.0,9.4,0.432746,93.0,21.1
2023-05-10 01:00:00,0.4,1011.5,19.4,340.0,11.2,0.486918,90.0,21.1
2023-05-10 02:00:00,0.1,1012.0,19.4,0.0,0.0,0.501498,93.0,20.6
2023-05-10 03:00:00,0.0,1011.6,19.3,0.0,0.0,0.475968,96.0,20.0
2023-05-10 04:00:00,0.0,1013.0,18.5,90.0,6.0,0.415687,97.0,19.0
2023-05-10 05:00:00,0.0,1011.8,19.3,0.0,0.0,0.368545,96.0,20.0
2023-05-10 06:00:00,0.0,1011.3,19.3,70.0,5.4,0.328089,96.0,20.0
2023-05-10 07:00:00,0.0,1010.3,19.3,70.0,7.6,0.300484,96.0,20.0
2023-05-10 08:00:00,0.0,1010.1,19.3,50.0,5.4,0.288785,96.0,20.0
2023-05-10 09:00:00,0.0,1012.0,18.8,60.0,6.0,0.290687,93.0,20.0
2023-05-10 10:00:00,0.0,1010.0,18.8,70.0,7.6,0.33172,93.0,20.0
2023-05-10 11:00:00,0.5,1010.3,18.8,70.0,11.2,0.350277,93.0,20.0
2023-05-10 12:00:00,1.5,1010.7,18.8,40.0,9.4,0.394882,93.0,20.0
2023-05-10 13:00:00,1.0,1011.2,18.9,50.0,7.6,0.384163,90.0,20.6
2023-05-10 14:00:00,0.0,1013.0,19.3,30.0,11.0,0.384336,90.0,21.0
2023-05-10 15:00:00,0.0,1011.3,19.0,50.0,11.2,0.328031,82.0,22.2
2023-05-10 16:00:00,0.2,1011.0,20.0,30.0,11.2,0.341805,79.0,23.9
2023-05-10 17:00:00,0.1,1010.3,20.1,40.0,5.4,0.350507,77.0,24.4
2023-05-10 18:00:00,0.0,1011.0,20.8,113.0,9.0,0.345666,69.0,27.0
2023-05-10 19:00:00,0.0,1009.3,21.1,110.0,11.2,0.448997,74.0,26.1
2023-05-10 20:00:00,0.0,1008.6,20.5,110.0,18.4,0.434878,69.0,26.7
2023-05-10 21:00:00,0.0,1007.8,21.0,110.0,14.8,0.446865,71.0,26.7
2023-05-10 22:00:00,0.0,1007.0,20.1,110.0,14.8,0.502881,63.0,27.8
2023-05-10 23:00:00,0.0,1009.0,20.8,110.0,15.0,0.562702,69.0,27.0
2023-05-11 00:00:00,0.0,1006.7,20.6,100.0,18.4,0.576994,74.0,25.6
2023-05-11 01:00:00,0.0,1007.2,21.1,100.0,22.3,0.583794,79.0,25.0
2023-05-11 02:00:00,0.0,1007.8,22.3,100.0,20.5,0.579818,88.0,24.4
2023-05-11 03:00:00,0.0,1008.1,21.8,110.0,22.3,0.543453,88.0,23.9
2023-05-11 04:00:00,0.0,1010.0,20.9,120.0,19.0,0.499712,88.0,23.0
2023-05-11 05:00:00,0.0,1007.8,21.2,120.0,13.0,0.435685,88.0,23.3
2023-05-11 06:00:00,0.0,1007.5,21.2,130.0,14.8,0.383472,88.0,23.3
2023-05-11 07:00:00,0.0,1007.2,21.7,130.0,13.0,0.351026,91.0,23.3
2023-05-11 08:00:00,0.0,1006.9,21.7,130.0,13.0,0.333852,91.0,23.3
2023-05-11 09:00:00,0.1,1009.0,21.5,120.0,13.0,0.321634,91.0,23.0
2023-05-11 10:00:00,0.0,1006.5,21.8,130.0,14.8,0.359555,94.0,22.8
2023-05-11 11:00:00,0.0,1006.9,21.8,130.0,13.0,0.376383,94.0,22.8
2023-05-11 12:00:00,0.0,1007.7,21.7,160.0,9.4,0.409175,91.0,23.3
2023-05-11 13:00:00,0.0,1010.0,22.3,150.0,15.0,0.393211,90.0,24.0
2023-05-11 14:00:00,0.0,1008.9,22.8,160.0,7.6,0.398225,91.0,24.4
2023-05-11 15:00:00,0.4,1009.2,22.8,154.0,9.4,0.406524,82.0,26.1
2023-05-11 16:00:00,0.3,1008.9,21.8,190.0,11.2,0.412978,70.0,27.8
2023-05-11 17:00:00,0.1,1008.2,22.1,170.0,20.5,0.376498,65.0,29.4
2023-05-11 18:00:00,0.1,1010.0,22.5,150.0,24.0,0.433495,68.0,29.0
2023-05-11 19:00:00,0.2,1007.1,22.8,150.0,16.6,0.499769,63.0,30.6
2023-05-11 20:00:00,1.5,1006.5,22.7,170.0,18.4,0.565987,61.0,31.1
2023-05-11 21:00:00,0.0,1005.8,22.7,160.0,20.5,0.545528,61.0,31.1
2023-05-11 22:00:00,0.0,1008.0,22.1,140.0,20.0,0.591863,59.0,31.0
2023-05-11 23:00:00,0.0,1005.7,22.2,140.0,18.4,0.64373,63.0,30.0
2023-05-12 00:00:00,0.0,1005.9,22.7,130.0,28.0,0.665802,74.0,27.8
2023-05-12 01:00:00,0.0,1006.6,22.8,130.0,20.5,0.603734,79.0,26.7
2023-05-12 02:00:00,0.0,1007.7,22.8,130.0,20.5,0.601026,82.0,26.1
2023-05-12 03:00:00,0.0,1010.0,23.3,140.0,22.0,0.597222,85.0,26.0
2023-05-12 04:00:00,0.0,1008.4,22.9,130.0,20.5,0.54305,88.0,25.0
2023-05-12 05:00:00,0.0,1008.4,22.3,130.0,24.1,0.47787,88.0,24.4
2023-05-12 06:00:00,0.0,1008.3,22.3,130.0,18.4,0.428539,88.0,24.4
2023-05-12 07:00:00,0.0,1008.5,22.3,150.0,16.6,0.386929,88.0,24.4
2023-05-12 08:00:00,0.0,1011.0,21.9,120.0,17.0,0.385028,88.0,24.0
2023-05-12 09:00:00,0.0,1008.8,22.8,140.0,18.4,0.373559,91.0,24.4
2023-05-12 10:00:00,0.0,1011.0,22.8,160.0,13.0,0.429461,91.0,24.4
2023-05-12 11:00:00,0.0,1009.5,22.8,120.0,11.2,0.425023,91.0,24.4
2023-05-12 12:00:00,0.0,1012.0,23.0,120.0,13.0,0.441448,94.0,24.0
2023-05-12 13:00:00,0.0,1012.0,23.2,120.0,13.0,0.443177,90.0,25.0
2023-05-12 14:00:00,0.2,1010.8,23.2,130.0,26.0,0.427962,79.0,27.2
2023-05-12 15:00:00,0.1,1011.0,23.4,140.0,18.4,0.440698,77.0,27.8
2023-05-12 16:00:00,0.5,1011.1,22.3,140.0,25.9,0.454069,70.0,28.3
2023-05-12 17:00:00,0.4,1010.8,22.9,130.0,30.0,0.483345,70.0,28.9
2023-05-12 18:00:00,0.9,1013.0,22.5,120.0,28.0,0.528412,68.0,29.0
2023-05-12 19:00:00,0.5,1010.4,23.2,120.0,24.1,0.51752,74.0,28.3
2023-05-12 20:00:00,0.6,1009.4,22.7,110.0,25.9,0.557457,65.0,30.0
2023-05-12 21:00:00,5.1,1008.3,22.7,120.0,30.0,0.544606,65.0,30.0
2023-05-12 22:00:00,0.2,1010.0,22.3,110.0,32.0,0.585696,67.0,29.0
2023-05-12 23:00:00,0.0,1007.8,21.8,120.0,31.7,0.651683,68.0,28.3
2023-05-13 00:00:00,12.8,1007.5,21.0,110.0,29.5,0.602236,69.0,27.2
2023-05-13 01:00:00,2.9,1009.1,21.0,120.0,18.4,0.589615,71.0,26.7
2023-05-13 02:00:00,0.4,1013.0,21.7,130.0,19.0,0.563451,77.0,26.0
2023-05-13 03:00:00,0.0,1013.0,22.2,130.0,20.5,0.548237,79.0,26.1
2023-05-13 04:00:00,0.0,1011.3,22.3,90.0,11.2,0.506858,82.0,25.6
2023-05-13 05:00:00,0.0,1013.0,23.3,50.0,15.0,0.475219,85.0,26.0
2023-05-13 06:00:00,0.0,1017.0,16.9,300.0,22.0,0.364569,93.0,18.0
2023-05-13 07:00:00,0.2,1015.0,16.7,360.0,20.0,0.318638,93.0,17.8
2023-05-13 08:00:00,0.8,1014.0,17.1,310.0,18.4,0.290168,93.0,18.3
2023-05-13 09:00:00,1.1,1010.9,17.1,40.0,24.1,0.283022,93.0,18.3
2023-05-13 10:00:00,1.7,1011.0,17.1,340.0,9.4,0.266079,93.0,18.3
2023-05-13 11:00:00,8.0,1011.1,16.6,60.0,11.2,0.263601,90.0,18.3
2023-05-13 12:00:00,2.1,1014.0,16.3,60.0,7.0,0.276222,90.0,18.0
2023-05-13 13:00:00,1.9,1014.0,17.1,80.0,7.6,0.297372,93.0,18.3
2023-05-13 14:00:00,0.2,1013.2,17.1,340.0,13.0,0.315526,93.0,18.3
2023-05-13 15:00:00,0.0,1012.9,17.8,320.0,11.2,0.318638,87.0,20.0
2023-05-13 16:00:00,1.4,1013.0,18.4,10.0,11.2,0.306996,79.0,22.2
2023-05-13 17:00:00,2.2,1013.2,17.7,90.0,13.0,0.317485,71.0,23.3
2023-05-13 18:00:00,0.2,1015.0,17.3,122.0,7.0,0.339788,66.0,24.0
2023-05-13 19:00:00,0.2,1013.0,17.9,0.0,0.0,0.358691,67.0,24.4
2023-05-13 20:00:00,0.0,1013.8,17.3,120.0,5.4,0.351544,60.0,25.6
2023-05-13 21:00:00,0.2,1013.2,17.9,130.0,11.2,0.458679,67.0,24.4
2023-05-13 22:00:00,0.1,1012.9,17.2,110.0,5.4,0.436146,64.0,24.4
2023-05-13 23:00:00,0.0,1015.0,18.0,120.0,11.0,0.424562,69.0,24.0
2023-05-14 00:00:00,0.0,1013.2,18.3,90.0,7.6,0.456028,76.0,22.8
2023-05-14 01:00:00,0.0,1013.2,18.4,0.0,0.0,0.459659,79.0,22.2
2023-05-14 02:00:00,0.0,1014.3,18.3,0.0,0.0,0.44675,81.0,21.7
2023-05-14 03:00:00,0.0,1018.0,18.2,93.0,13.0,0.432284,84.0,21.0
2023-05-14 04:00:00,0.0,1015.5,17.8,0.0,0.0,0.407849,87.0,20.0
2023-05-14 05:00:00,0.0,1015.8,17.9,330.0,5.4,0.366701,91.0,19.4
2023-05-14 06:00:00,0.0,1015.6,17.7,0.0,0.0,0.323997,90.0,19.4
2023-05-14 07:00:00,0.0,1015.0,17.1,320.0,7.6,0.292128,93.0,18.3
2023-05-14 08:00:00,0.0,1016.0,16.9,320.0,7.0,0.268326,93.0,18.0
2023-05-14 09:00:00,0.0,1014.7,16.6,0.0,0.0,0.255129,90.0,18.3
2023-05-14 10:00:00,0.0,1014.7,17.2,330.0,7.6,0.252478,96.0,17.8
2023-05-14 11:00:00,0.0,1015.0,17.7,360.0,5.4,0.250346,93.0,18.9
2023-05-14 12:00:00,0.0,1018.0,17.8,310.0,11.0,0.258414,93.0,19.0
2023-05-14 13:00:00,0.0,1017.5,18.8,320.0,11.2,0.268787,93.0,20.0
2023-05-14 14:00:00,0.0,1018.5,19.4,360.0,7.6,0.281351,87.0,21.7
2023-05-14 15:00:00,0.0,1018.4,20.1,330.0,11.2,0.298525,77.0,24.4
2023-05-14 16:00:00,0.0,1018.3,19.0,330.0,7.6,0.343937,67.0,25.6
2023-05-14 17:00:00,0.0,1019.0,18.4,10.0,11.0,0.343188,56.0,28.0
2023-05-14 18:00:00,0.0,1016.7,18.4,17.0,5.4,0.390272,55.0,28.3
2023-05-14 19:00:00,0.0,1016.5,18.2,0.0,0.0,0.450496,51.0,29.4
2023-05-14 20:00:00,0.0,1016.1,18.2,40.0,7.6,0.4713,51.0,29.4
2023-05-14 21:00:00,0.0,1015.5,18.4,30.0,7.6,0.528412,50.0,30.0
2023-05-14 22:00:00,0.0,1017.0,20.2,100.0,11.0,0.581316,59.0,29.0
2023-05-14 23:00:00,0.0,1015.6,20.6,100.0,13.0,0.636468,65.0,27.8
2023-05-15 00:00:00,0.0,1016.5,20.0,120.0,16.6,0.625922,69.0,26.1
2023-05-15 01:00:00,0.0,1017.1,19.4,100.0,13.0,0.63157,71.0,25.0
2023-05-15 02:00:00,0.0,1019.0,19.1,90.0,9.0,0.605579,74.0,24.0
2023-05-15 03:00:00,0.0,1020.0,19.8,110.0,7.0,0.576763,82.0,23.0
2023-05-15 04:00:00,0.0,1018.5,20.1,100.0,7.6,0.517174,82.0,23.3
2023-05-15 05:00:00,0.0,1018.6,19.4,110.0,7.6,0.442716,84.0,22.2
2023-05-15 06:00:00,0.0,1018.7,20.0,120.0,5.4,0.376556,84.0,22.8
2023-05-15 07:00:00,0.0,1020.0,19.8,70.0,6.0,0.346992,82.0,23.0
2023-05-15 08:00:00,0.0,1020.0,20.1,70.0,5.4,0.322153,82.0,23.3
2023-05-15 09:00:00,0.2,1018.4,20.0,0.0,0.0,0.315295,90.0,21.7
2023-05-15 10:00:00,0.1,1018.6,19.4,0.0,0.0,0.38059,90.0,21.1
2023-05-15 11:00:00,0.3,1021.0,20.5,336.0,7.4,0.377305,91.0,22.0
2023-05-15 12:00:00,1.3,1021.0,20.7,10.0,7.6,0.396842,91.0,22.2
2023-05-15 13:00:00,3.8,1020.0,20.5,0.0,0.0,0.406812,79.0,24.4
2023-05-15 14:00:00,0.0,1020.8,20.5,130.0,9.4,0.394594,79.0,24.4
2023-05-15 15:00:00,0.0,1021.5,20.6,160.0,14.8,0.419952,82.0,23.9
2023-05-15 16:00:00,0.0,1023.0,18.2,54.0,9.0,0.431535,84.0,21.0
2023-05-15 17:00:00,0.1,1021.0,18.9,170.0,5.4,0.403758,87.0,21.1
2023-05-15 18:00:00,0.8,1022.0,19.4,340.0,11.0,0.384336,67.0,26.0
2023-05-15 19:00:00,0.2,1019.4,17.2,0.0,0.0,0.322441,56.0,26.7
2023-05-15 20:00:00,0.0,1018.9,18.3,160.0,9.4,0.362667,62.0,26.1
2023-05-15 21:00:00,0.3,1017.8,19.5,130.0,16.6,0.448479,67.0,26.1
2023-05-15 22:00:00,3.3,1020.0,20.3,160.0,7.0,0.550772,71.0,26.0
2023-05-15 23:00:00,2.3,1018.5,19.4,230.0,20.5,0.542819,76.0,23.9
2023-05-16 00:00:00,0.0,1018.9,19.5,240.0,11.2,0.512506,79.0,23.3
2023-05-16 01:00:00,0.0,1020.0,19.7,300.0,15.0,0.492969,87.0,22.0
2023-05-16 02:00:00,0.0,1019.0,18.3,50.0,11.2,0.499827,81.0,21.7
2023-05-16 03:00:00,0.0,1021.0,18.2,100.0,11.0,0.474988,84.0,21.0
2023-05-16 04:00:00,0.0,1019.3,17.8,0.0,0.0,0.432342,84.0,20.6
2023-05-16 05:00:00,0.0,1018.9,18.3,300.0,7.6,0.350161,90.0,20.0
2023-05-16 06:00:00,0.0,1018.0,18.3,0.0,0.0,0.313451,90.0,20.0
2023-05-16 07:00:00,0.0,1019.0,18.3,300.0,7.0,0.282734,90.0,20.0
2023-05-16 08:00:00,0.0,1017.3,18.3,320.0,7.6,0.271323,90.0,20.0
2023-05-16 09:00:00,0.0,1017.5,17.7,290.0,5.4,0.267923,90.0,19.4
2023-05-16 10:00:00,0.8,1017.2,17.2,300.0,7.6,0.307112,90.0,18.9
2023-05-16 11:00:00,0.0,1017.2,17.7,290.0,5.4,0.332354,93.0,18.9
2023-05-16 12:00:00,0.0,1019.0,18.8,294.0,7.4,0.352812,87.0,21.0
2023-05-16 13:00:00,0.0,1018.2,19.0,305.0,7.6,0.349412,79.0,22.8
2023-05-16 14:00:00,0.0,1018.0,19.4,313.0,5.4,0.347971,76.0,23.9
2023-05-16 15:00:00,0.0,1019.0,18.9,321.0,7.0,0.336503,65.0,26.0
2023-05-16 16:00:00,0.0,1017.2,17.9,0.0,0.0,0.339154,57.0,27.2
2023-05-16 17:00:00,0.1,1018.0,17.8,336.0,13.0,0.364915,51.0,29.0
2023-05-16 18:00:00,0.1,1014.9,17.9,339.0,7.6,0.439892,50.0,29.4
2023-05-16 19:00:00,0.0,1017.0,19.1,230.0,20.0,0.434474,74.0,24.0
2023-05-16 20:00:00,0.0,1015.1,18.3,50.0,16.6,0.505417,81.0,21.7
2023-05-16 21:00:00,5.3,1015.0,18.8,5.0,13.0,0.491125,87.0,21.0
2023-05-16 22:00:00,0.7,1013.4,18.9,10.0,7.6,0.485131,90.0,20.6
2023-05-16 23:00:00,0.0,1013.4,18.9,50.0,5.4,0.49245,90.0,20.6
2023-05-17 00:00:00,0.0,1015.0,19.8,100.0,6.0,0.493372,93.0,21.0
2023-05-17 01:00:00,0.0,1014.1,19.4,140.0,14.8,0.497291,93.0,20.6
2023-05-17 02:00:00,0.0,1016.0,18.8,63.0,7.4,0.488071,93.0,20.0
2023-05-17 03:00:00,0.0,1013.7,18.3,340.0,5.4,0.455221,90.0,20.0
2023-05-17 04:00:00,0.0,1013.4,18.2,330.0,5.4,0.41171,93.0,19.4
2023-05-17 05:00:00,0.0,1012.7,18.2,300.0,9.4,0.346358,93.0,19.4
2023-05-17 06:00:00,0.0,1012.6,17.7,290.0,5.4,0.303193,93.0,18.9
2023-05-17 07:00:00,0.0,1014.0,17.8,300.0,7.0,0.279046,93.0,19.0
2023-05-17 08:00:00,0.0,1012.5,17.1,0.0,0.0,0.261699,93.0,18.3
2023-05-17 09:00:00,0.0,1012.3,16.6,0.0,0.0,0.266079,90.0,18.3
2023-05-17 10:00:00,0.0,1012.6,17.1,0.0,0.0,0.293799,93.0,18.3
2023-05-17 11:00:00,0.0,1014.0,16.9,296.0,5.5,0.31858,93.0,18.0
2023-05-17 12:00:00,0.0,1015.0,17.5,301.0,5.5,0.34509,91.0,19.0
2023-05-17 13:00:00,0.0,1013.4,18.3,0.0,0.0,0.331143,81.0,21.7
2023-05-17 14:00:00,0.0,1013.3,18.9,0.0,0.0,0.325496,69.0,25.0
2023-05-17 15:00:00,0.0,1013.1,17.3,301.0,5.4,0.330048,60.0,25.6
2023-05-17 16:00:00,0.0,1012.7,17.9,0.0,0.0,0.34192,57.0,27.2
2023-05-17 17:00:00,0.1,1012.2,16.8,0.0,0.0,0.388255,53.0,27.2
2023-05-17 18:00:00,0.0,1013.0,16.0,60.0,7.0,0.445885,48.0,28.0
2023-05-17 19:00:00,0.0,1010.6,16.2,0.0,0.0,0.516021,45.0,29.4
2023-05-17 20:00:00,0.0,1010.1,16.1,64.0,5.4,0.519076,46.0,28.9
2023-05-17 21:00:00,0.0,1009.2,16.3,60.0,11.2,0.547372,41.0,31.1
2023-05-17 22:00:00,0.0,1010.0,15.4,90.0,15.0,0.575035,39.0,31.0
2023-05-17 23:00:00,0.0,1008.4,17.9,110.0,16.6,0.636757,50.0,29.4
2023-05-18 00:00:00,0.0,1008.7,17.1,120.0,16.6,0.655659,54.0,27.2
2023-05-18 01:00:00,0.0,1009.1,18.2,130.0,13.0,0.655602,66.0,25.0
2023-05-18 02:00:00,0.0,1011.0,17.5,120.0,7.0,0.6182,67.0,24.0
2023-05-18 03:00:00,0.0,1010.0,17.9,0.0,0.0,0.564488,69.0,23.9
2023-05-18 04:00:00,0.0,1010.8,17.9,0.0,0.0,0.491874,69.0,23.9
2023-05-18 05:00:00,0.0,1010.7,17.9,0.0,0.0,0.431247,79.0,21.7
2023-05-18 06:00:00,0.0,1010.4,17.2,340.0,5.4,0.37402,81.0,20.6
2023-05-18 07:00:00,0.0,1012.0,18.2,201.0,5.5,0.335062,84.0,21.0
2023-05-18 08:00:00,0.0,1009.8,17.2,280.0,7.6,0.292243,87.0,19.4
2023-05-18 09:00:00,0.0,1010.0,17.2,330.0,5.4,0.293107,90.0,18.9
2023-05-18 10:00:00,0.0,1009.9,17.2,320.0,5.4,0.312759,90.0,18.9
2023-05-18 11:00:00,0.0,1010.7,16.7,0.0,0.0,0.329299,87.0,18.9
2023-05-18 12:00:00,0.0,1014.0,18.2,255.0,5.5,0.355175,84.0,21.0
2023-05-18 13:00:00,0.0,1012.1,19.4,0.0,0.0,0.358691,76.0,23.9
2023-05-18 14:00:00,0.0,1012.6,20.0,191.0,7.6,0.35725,69.0,26.1
2023-05-18 15:00:00,0.0,1013.0,19.3,150.0,18.4,0.364396,60.0,27.8
2023-05-18 16:00:00,0.0,1015.0,18.1,130.0,9.0,0.389869,55.0,28.0
2023-05-18 17:00:00,0.0,1013.3,19.0,153.0,7.6,0.429345,55.0,28.9
2023-05-18 18:00:00,0.0,1012.6,18.8,158.0,7.6,0.443119,51.0,30.0
2023-05-18 19:00:00,0.0,1011.8,18.3,130.0,16.6,0.491586,48.0,30.6
2023-05-18 20:00:00,0.0,1010.9,18.3,110.0,14.8,0.505071,48.0,30.6
2023-05-18 21:00:00,0.0,1013.0,19.4,120.0,19.0,0.566332,53.0,30.0
2023-05-18 22:00:00,0.0,1010.5,17.9,160.0,22.0,0.627824,50.0,29.4
2023-05-18 23:00:00,0.0,1011.6,18.4,150.0,16.6,0.669491,53.0,28.9
2023-05-19 00:00:00,0.0,1011.8,18.2,130.0,16.6,0.644594,56.0,27.8
2023-05-19 01:00:00,0.0,1012.1,19.0,130.0,13.0,0.636238,65.0,26.1
2023-05-19 02:00:00,0.0,1013.0,19.4,100.0,15.0,0.601833,67.0,26.0
2023-05-19 03:00:00,0.0,1011.8,18.3,110.0,11.2,0.567716,64.0,25.6
2023-05-19 04:00:00,0.0,1012.9,18.2,140.0,16.6,0.497176,66.0,25.0
2023-05-19 05:00:00,0.0,1013.6,19.0,170.0,14.8,0.436434,74.0,23.9
2023-05-19 06:00:00,0.0,1013.0,19.5,180.0,14.8,0.383472,79.0,23.3
2023-05-19 07:00:00,0.0,1014.0,19.2,170.0,15.0,0.366759,79.0,23.0
2023-05-19 08:00:00,0.0,1012.9,19.9,180.0,11.2,0.324977,87.0,22.2
2023-05-19 09:00:00,0.0,1012.7,19.9,200.0,9.4,0.318407,87.0,22.2
2023-05-19 10:00:00,0.0,1013.1,20.5,160.0,7.6,0.360765,87.0,22.8
2023-05-19 11:00:00,0.0,1015.0,20.5,170.0,11.0,0.36624,91.0,22.0
2023-05-19 12:00:00,0.0,1014.4,21.1,180.0,13.0,0.405775,90.0,22.8
2023-05-19 13:00:00,0.0,1015.4,21.8,170.0,11.2,0.39713,94.0,22.8
2023-05-19 14:00:00,0.0,1017.0,21.9,150.0,15.0,0.397822,88.0,24.0
2023-05-19 15:00:00,0.0,1017.0,21.7,160.0,13.0,0.386814,85.0,24.4
2023-05-19 16:00:00,0.1,1017.0,21.7,160.0,13.0,0.381973,82.0,25.0
2023-05-19 17:00:00,0.2,1015.5,22.2,190.0,14.8,0.449516,74.0,27.2
2023-05-19 18:00:00,0.0,1014.8,21.7,140.0,14.8,0.448997,65.0,28.9
2023-05-19 19:00:00,0.0,1013.9,21.1,171.0,7.6,0.452052,57.0,30.6
2023-05-19 20:00:00,0.0,1013.0,20.5,180.0,13.0,0.524262,55.0,30.6
2023-05-19 21:00:00,0.0,1015.0,20.9,180.0,15.0,0.572268,52.0,32.0
2023-05-19 22:00:00,0.0,1012.5,19.3,120.0,14.8,0.618315,51.0,30.6
2023-05-19 23:00:00,0.0,1012.5,19.4,140.0,16.6,0.672026,53.0,30.0
2023-05-20 00:00:00,0.0,1012.3,19.4,150.0,16.6,0.668511,55.0,29.4
2023-05-20 01:00:00,0.0,1015.0,19.1,120.0,13.0,0.661768,62.0,27.0
2023-05-20 02:00:00,0.0,1014.6,19.5,130.0,7.6,0.628343,67.0,26.1
2023-05-20 03:00:00,0.0,1014.7,21.0,160.0,20.5,0.601026,71.0,26.7
2023-05-20 04:00:00,1.6,1016.1,22.3,70.0,9.4,0.531293,82.0,25.6
2023-05-20 05:00:00,0.3,1017.1,22.3,30.0,5.4,0.480982,82.0,25.6
2023-05-20 06:00:00,0.0,1018.0,21.9,80.0,11.0,0.43361,88.0,24.0
2023-05-20 07:00:00,0.0,1016.1,20.5,30.0,18.4,0.371139,87.0,22.8
2023-05-20 08:00:00,0.0,1017.8,18.3,40.0,5.4,0.333794,84.0,21.1
2023-05-20 09:00:00,0.0,1017.1,18.4,70.0,9.4,0.329876,87.0,20.6
2023-05-20 10:00:00,1.1,1018.0,18.8,100.0,11.0,0.31541,93.0,20.0
2023-05-20 11:00:00,1.1,1019.0,19.4,340.0,13.0,0.326648,93.0,20.6
2023-05-20 12:00:00,0.0,1017.3,18.9,360.0,13.0,0.300542,90.0,20.6
2023-05-20 13:00:00,0.0,1018.5,19.4,360.0,7.6,0.302732,84.0,22.2
2023-05-20 14:00:00,0.0,1021.0,18.8,10.0,22.0,0.324919,82.0,22.0
2023-05-20 15:00:00,0.0,1019.7,19.0,10.0,18.4,0.349182,79.0,22.8
2023-05-20 16:00:00,0.0,1021.0,17.6,360.0,24.0,0.363128,76.0,22.0
2023-05-20 17:00:00,0.0,1019.8,18.3,350.0,24.0,0.367796,76.0,22.8
2023-05-20 18:00:00,0.0,1020.4,17.7,330.0,14.8,0.386987,71.0,23.3
2023-05-20 19:00:00,0.0,1022.0,18.0,350.0,9.0,0.3429,69.0,24.0
2023-05-20 20:00:00,0.0,1019.2,17.8,10.0,20.5,0.338981,62.0,25.6
2023-05-20 21:00:00,0.0,1020.0,18.2,340.0,15.0,0.414477,62.0,26.0
2023-05-20 22:00:00,0.0,1017.8,17.8,25.0,5.4,0.433783,58.0,26.7
2023-05-20 23:00:00,0.0,1017.8,17.7,20.0,9.4,0.498963,60.0,26.1
2023-05-21 00:00:00,0.0,1020.0,18.2,340.0,6.0,0.514004,66.0,25.0
2023-05-21 01:00:00,0.0,1020.0,18.4,300.0,6.0,0.516425,71.0,24.0
2023-05-21 02:00:00,0.0,1018.8,19.0,320.0,7.6,0.505417,79.0,22.8
2023-05-21 03:00:00,0.0,1019.0,18.4,310.0,9.4,0.496542,79.0,22.2
2023-05-21 04:00:00,0.0,1019.0,18.4,350.0,7.6,0.456604,79.0,22.2
2023-05-21 05:00:00,0.0,1018.8,18.4,270.0,5.4,0.41488,79.0,22.2
2023-05-21 06:00:00,0.0,1020.0,18.8,330.0,7.0,0.358921,82.0,22.0
2023-05-21 07:00:00,0.0,1018.0,18.4,10.0,9.4,0.333506,79.0,22.2
2023-05-21 08:00:00,0.2,1017.9,17.1,0.0,0.0,0.315583,78.0,21.1
2023-05-21 09:00:00,0.1,1017.9,18.4,350.0,7.6,0.297948,87.0,20.6
2023-05-21 10:00:00,0.0,1017.9,17.2,0.0,0.0,0.284002,84.0,20.0
2023-05-21 11:00:00,0.0,1020.0,16.2,10.0,11.0,0.2787,84.0,19.0
2023-05-21 12:00:00,0.4,1019.3,15.7,0.0,0.0,0.282388,79.0,19.4
2023-05-21 13:00:00,0.2,1019.1,15.7,20.0,11.2,0.28331,79.0,19.4
2023-05-21 14:00:00,1.0,1018.9,16.6,20.0,9.4,0.308437,84.0,19.4
2023-05-21 15:00:00,1.9,1021.0,17.6,40.0,7.0,0.293799,81.0,21.0
2023-05-21 16:00:00,4.3,1018.7,17.9,80.0,9.4,0.343937,82.0,21.1
2023-05-21 17:00:00,4.5,1018.1,17.7,0.0,0.0,0.364569,73.0,22.8
2023-05-21 18:00:00,5.9,1018.4,17.3,20.0,9.4,0.391655,76.0,21.7
2023-05-21 19:00:00,1.0,1020.0,16.8,360.0,9.0,0.401107,87.0,19.0
2023-05-21 20:00:00,0.0,1019.0,17.7,330.0,11.2,0.388197,93.0,18.9
2023-05-21 21:00:00,0.0,1016.3,18.3,100.0,9.4,0.368891,84.0,21.1
2023-05-21 22:00:00,0.0,1016.2,17.9,60.0,7.6,0.367911,82.0,21.1
2023-05-21 23:00:00,0.0,1016.0,17.9,350.0,5.4,0.421277,82.0,21.1
2023-05-22 00:00:00,0.0,1018.0,17.8,73.0,11.1,0.458276,82.0,21.0
2023-05-22 01:00:00,0.0,1018.0,17.7,0.0,0.0,0.473836,81.0,21.1
2023-05-22 02:00:00,0.0,1016.1,17.8,40.0,5.4,0.495274,84.0,20.6
2023-05-22 03:00:00,0.0,1016.2,17.8,30.0,7.6,0.449458,87.0,20.0
2023-05-22 04:00:00,0.0,1016.3,17.2,0.0,0.0,0.414534,81.0,20.6
2023-05-22 05:00:00,0.0,1015.8,17.8,0.0,0.0,0.358345,87.0,20.0
2023-05-22 06:00:00,0.0,1017.0,18.3,330.0,6.0,0.298582,90.0,20.0
2023-05-22 07:00:00,0.0,1015.0,17.9,0.0,0.0,0.279046,91.0,19.4
2023-05-22 08:00:00,0.0,1014.9,17.8,310.0,7.6,0.274205,97.0,18.3
2023-05-22 09:00:00,0.0,1015.0,17.1,320.0,5.4,0.262736,93.0,18.3
2023-05-22 10:00:00,0.0,1017.0,16.9,340.0,6.0,0.312125,93.0,18.0
2023-05-22 11:00:00,0.0,1015.4,16.1,290.0,5.4,0.332699,93.0,17.2
2023-05-22 12:00:00,0.0,1015.8,17.2,0.0,0.0,0.347914,87.0,19.4
2023-05-22 13:00:00,0.0,1017.0,16.9,70.0,6.0,0.340018,73.0,22.0
2023-05-22 14:00:00,0.0,1016.0,16.8,0.0,0.0,0.337079,67.0,23.3
2023-05-22 15:00:00,0.0,1017.0,16.3,124.0,7.4,0.325092,62.0,24.0
2023-05-22 16:00:00,0.0,1014.9,16.7,138.0,5.4,0.335466,58.0,25.6
2023-05-22 17:00:00,0.0,1014.4,17.9,153.0,5.4,0.372752,57.0,27.2
2023-05-22 18:00:00,0.0,1013.9,17.9,156.0,5.4,0.408771,55.0,27.8
2023-05-22 19:00:00,0.0,1013.5,17.1,0.0,0.0,0.452801,54.0,27.2
2023-05-22 20:00:00,0.0,1015.0,18.5,80.0,13.0,0.499193,53.0,29.0
2023-05-22 21:00:00,0.0,1012.2,18.4,70.0,11.2,0.525934,53.0,28.9
2023-05-22 22:00:00,0.0,1011.8,18.4,70.0,9.4,0.562414,53.0,28.9
2023-05-22 23:00:00,0.0,1011.6,17.8,140.0,14.8,0.615491,53.0,28.3
2023-05-23 00:00:00,0.0,1011.5,17.8,130.0,14.8,0.645343,58.0,26.7
2023-05-23 01:00:00,0.0,1014.0,18.2,130.0,13.0,0.635431,66.0,25.0
2023-05-23 02:00:00,0.0,1012.6,18.3,110.0,7.6,0.602063,71.0,23.9
2023-05-23 03:00:00,0.0,1013.7,17.9,0.0,0.0,0.538036,67.0,24.4
2023-05-23 04:00:00,0.0,1013.5,17.9,0.0,0.0,0.490779,69.0,23.9
2023-05-23 05:00:00,0.0,1015.0,18.2,155.0,7.4,0.417646,79.0,22.0
2023-05-23 06:00:00,0.0,1012.9,19.0,140.0,9.4,0.355636,82.0,22.2
2023-05-23 07:00:00,0.0,1012.3,20.0,170.0,16.6,0.333045,84.0,22.8
2023-05-23 08:00:00,0.0,1012.6,19.9,70.0,5.4,0.30763,87.0,22.2
2023-05-23 09:00:00,0.0,1012.6,19.4,0.0,0.0,0.295355,90.0,21.1
2023-05-23 10:00:00,0.0,1015.0,20.3,318.0,5.5,0.344341,90.0,22.0
2023-05-23 11:00:00,0.0,1012.7,20.7,0.0,0.0,0.358633,94.0,21.7
2023-05-23 12:00:00,0.0,1013.2,20.6,0.0,0.0,0.385892,85.0,23.3
2023-05-23 13:00:00,0.0,1013.9,20.5,160.0,5.4,0.366471,79.0,24.4
2023-05-23 14:00:00,0.0,1013.5,20.7,180.0,9.4,0.350046,72.0,26.1
2023-05-23 15:00:00,0.0,1013.5,20.5,184.0,7.6,0.376671,67.0,27.2
2023-05-23 16:00:00,0.0,1015.0,20.3,150.0,11.0,0.390964,63.0,28.0
2023-05-23 17:00:00,0.0,1012.7,20.0,160.0,19.0,0.431478,57.0,29.4
2023-05-23 18:00:00,0.0,1012.1,20.0,160.0,22.0,0.499481,57.0,29.4
2023-05-23 19:00:00,0.2,1013.0,20.9,180.0,7.0,0.522994,55.0,31.0
2023-05-23 20:00:00,0.2,1013.0,22.1,154.0,11.0,0.574631,56.0,32.0
2023-05-23 21:00:00,0.7,1010.5,20.5,140.0,7.6,0.613301,55.0,30.6
2023-05-23 22:00:00,0.2,1009.7,20.7,140.0,16.6,0.663497,54.0,31.1
2023-05-23 23:00:00,0.1,1009.5,19.4,140.0,16.6,0.697326,53.0,30.0
2023-05-24 00:00:00,0.3,1012.0,20.2,130.0,19.0,0.69796,59.0,29.0
2023-05-24 01:00:00,0.0,1010.0,20.1,130.0,18.4,0.683091,63.0,27.8
2023-05-24 02:00:00,13.5,1010.0,20.5,130.0,14.8,0.662921,69.0,26.7
2023-05-24 03:00:00,0.0,1010.9,20.5,150.0,16.6,0.603389,69.0,26.7
2023-05-24 04:00:00,0.0,1011.1,20.7,150.0,16.6,0.540572,77.0,25.0
2023-05-24 05:00:00,0.0,1014.0,20.1,160.0,17.0,0.474009,79.0,24.0
2023-05-24 06:00:00,0.0,1011.7,20.0,110.0,9.4,0.407446,84.0,22.8
2023-05-24 07:00:00,0.0,1011.4,20.0,130.0,9.4,0.372349,84.0,22.8
2023-05-24 08:00:00,0.0,1015.0,15.8,360.0,33.0,0.347971,68.0,22.2
2023-05-24 09:00:00,0.0,1014.6,17.1,40.0,13.0,0.334832,93.0,18.3
2023-05-24 10:00:00,0.0,1015.0,16.9,90.0,7.0,0.364108,93.0,18.0
2023-05-24 11:00:00,0.0,1012.6,17.2,170.0,11.2,0.366183,90.0,18.9
2023-05-24 12:00:00,0.0,1011.5,17.1,140.0,11.2,0.373559,93.0,18.3
2023-05-24 13:00:00,0.0,1013.0,17.8,360.0,14.8,0.352178,87.0,20.0
2023-05-24 14:00:00,0.0,1013.7,16.8,0.0,0.0,0.355406,67.0,23.3
2023-05-24 15:00:00,0.0,1016.0,18.2,310.0,6.0,0.370562,62.0,26.0
2023-05-24 16:00:00,0.0,1013.1,17.3,97.0,7.6,0.373386,53.0,27.8
2023-05-24 17:00:00,0.0,1013.3,17.9,0.0,0.0,0.397533,50.0,29.4
2023-05-24 18:00:00,0.0,1012.7,17.7,340.0,22.0,0.446807,46.0,30.6
2023-05-24 19:00:00,0.0,1011.5,14.5,20.0,24.0,0.490722,39.0,30.0
2023-05-24 20:00:00,0.0,1013.0,15.2,92.0,13.0,0.531005,43.0,29.0
2023-05-24 21:00:00,7.2,1011.1,15.5,30.0,7.6,0.567946,40.0,30.6
2023-05-24 22:00:00,0.0,1010.6,18.2,50.0,20.5,0.632434,51.0,29.4
2023-05-24 23:00:00,0.0,1010.1,18.2,80.0,20.5,0.659578,58.0,27.2
2023-05-25 00:00:00,0.0,1013.0,17.1,60.0,13.0,0.663555,58.0,26.0
2023-05-25 01:00:00,0.0,1011.0,17.2,60.0,9.4,0.633011,62.0,25.0
2023-05-25 02:00:00,0.0,1011.4,17.2,30.0,7.6,0.602928,66.0,23.9
2023-05-25 03:00:00,0.0,1011.7,17.3,0.0,0.0,0.560166,69.0,23.3
2023-05-25 04:00:00,0.0,1011.6,17.1,50.0,7.6,0.482941,73.0,22.2
2023-05-25 05:00:00,0.0,1014.0,17.6,30.0,6.0,0.421623,76.0,22.0
2023-05-25 06:00:00,0.0,1011.6,17.8,60.0,5.4,0.369871,76.0,22.2
2023-05-25 07:00:00,0.0,1011.2,17.9,60.0,5.4,0.346242,79.0,21.7
2023-05-25 08:00:00,0.0,1011.1,17.8,30.0,5.4,0.332872,84.0,20.6
2023-05-25 09:00:00,0.0,1011.2,17.2,60.0,7.6,0.30423,81.0,20.6
2023-05-25 10:00:00,0.0,1013.0,18.2,70.0,6.0,0.347568,84.0,21.0
2023-05-25 11:00:00,0.0,1011.5,17.9,50.0,9.4,0.355867,82.0,21.1
2023-05-25 12:00:00,0.0,1011.9,18.4,70.0,11.2,0.381051,79.0,22.2
2023-05-25 13:00:00,0.0,1012.6,19.0,40.0,13.0,0.372291,79.0,22.8
2023-05-25 14:00:00,0.0,1015.0,19.5,80.0,9.0,0.361342,76.0,24.0
2023-05-25 15:00:00,0.0,1013.1,19.3,70.0,11.2,0.363013,64.0,26.7
2023-05-25 16:00:00,0.0,1013.4,19.5,110.0,11.2,0.393442,59.0,28.3
2023-05-25 17:00:00,0.0,1013.3,18.4,76.0,11.2,0.429979,53.0,28.9
2023-05-25 18:00:00,0.0,1015.0,18.1,20.0,13.0,0.509509,55.0,28.0
2023-05-25 19:00:00,0.0,1015.0,17.5,10.0,17.0,0.552271,53.0,28.0
2023-05-25 20:00:00,0.0,1011.0,18.2,80.0,5.4,0.539707,56.0,27.8
2023-05-25 21:00:00,0.0,1009.1,18.4,100.0,20.5,0.486457,53.0,28.9
2023-05-25 22:00:00,0.0,1009.6,17.8,0.0,0.0,0.454991,51.0,28.9
2023-05-25 23:00:00,0.0,1009.9,17.8,90.0,14.8,0.53308,53.0,28.3
2023-05-26 00:00:00,0.0,1013.0,18.0,90.0,11.0,0.574055,58.0,27.0
2023-05-26 01:00:00,0.0,1011.2,18.2,100.0,7.6,0.580221,66.0,25.0
2023-05-26 02:00:00,0.0,1011.9,18.2,90.0,9.4,0.569272,66.0,25.0
2023-05-26 03:00:00,0.0,1012.9,19.0,90.0,7.6,0.51971,74.0,23.9
2023-05-26 04:00:00,0.0,1013.4,18.8,90.0,5.4,0.461445,71.0,24.4
2023-05-26 05:00:00,0.0,1015.0,18.5,50.0,7.0,0.422545,76.0,23.0
2023-05-26 06:00:00,0.0,1015.0,18.5,100.0,9.0,0.365664,76.0,23.0
2023-05-26 07:00:00,0.0,1012.7,19.4,100.0,7.6,0.335177,81.0,22.8
2023-05-26 08:00:00,0.0,1012.5,20.0,100.0,7.6,0.317831,84.0,22.8
2023-05-26 09:00:00,0.0,1012.8,20.5,100.0,5.4,0.302559,87.0,22.8
2023-05-26 10:00:00,0.0,1015.0,20.5,80.0,6.0,0.360189,91.0,22.0
2023-05-26 11:00:00,0.0,1013.7,20.7,40.0,5.4,0.380878,94.0,21.7
2023-05-26 12:00:00,0.0,1014.4,21.1,0.0,0.0,0.403354,90.0,22.8
2023-05-26 13:00:00,0.0,1014.5,20.1,110.0,7.6,0.397015,77.0,24.4
2023-05-26 14:00:00,0.0,1017.0,20.3,110.0,11.0,0.396323,71.0,26.0
2023-05-26 15:00:00,0.0,1014.9,19.0,100.0,14.8,0.419663,65.0,26.1
2023-05-26 16:00:00,0.0,1014.9,18.8,100.0,13.0,0.43044,62.0,26.7
2023-05-26 17:00:00,0.0,1014.9,18.2,120.0,7.6,0.447038,56.0,27.8
2023-05-26 18:00:00,0.0,1015.3,17.9,80.0,5.4,0.495332,55.0,27.8
2023-05-26 19:00:00,0.0,1017.0,17.8,80.0,7.0,0.545528,51.0,29.0
2023-05-26 20:00:00,0.1,1013.9,17.9,0.0,0.0,0.538785,50.0,29.4
2023-05-26 21:00:00,0.0,1013.6,17.2,60.0,13.0,0.545758,51.0,28.3
2023-05-26 22:00:00,0.0,1012.8,17.9,100.0,16.6,0.549216,50.0,29.4
2023-05-26 23:00:00,0.0,1012.6,17.2,90.0,16.6,0.613416,51.0,28.3
2023-05-27 00:00:00,0.0,1015.0,16.9,100.0,11.0,0.608575,54.0,27.0
2023-05-27 01:00:00,0.0,1013.1,17.2,90.0,9.4,0.598029,62.0,25.0
2023-05-27 02:00:00,0.0,1013.5,17.2,100.0,9.4,0.555267,64.0,24.4
2023-05-27 03:00:00,0.0,1014.2,17.9,80.0,5.4,0.524608,69.0,23.9
2023-05-27 04:00:00,0.0,1016.0,17.9,90.0,6.0,0.471415,73.0,23.0
2023-05-27 05:00:00,0.0,1014.9,17.7,0.0,0.0,0.436953,73.0,22.8
2023-05-27 06:00:00,0.0,1014.7,17.7,0.0,0.0,0.395977,73.0,22.8
2023-05-27 07:00:00,0.0,1014.5,18.4,0.0,0.0,0.385489,79.0,22.2
2023-05-27 08:00:00,0.0,1014.5,18.4,0.0,0.0,0.342842,79.0,22.2
2023-05-27 09:00:00,0.0,1014.5,18.3,0.0,0.0,0.304518,81.0,21.7
2023-05-27 10:00:00,0.0,1016.0,18.2,78.0,3.7,0.297026,84.0,21.0
2023-05-27 11:00:00,0.0,1014.8,18.3,0.0,0.0,0.301637,84.0,21.1
2023-05-27 12:00:00,0.0,1015.1,19.4,50.0,5.4,0.294779,84.0,22.2
2023-05-27 13:00:00,0.0,1015.2,20.6,130.0,7.6,0.30544,85.0,23.3
2023-05-27 14:00:00,0.0,1017.0,20.3,160.0,15.0,0.332296,71.0,26.0
2023-05-27 15:00:00,0.0,1015.4,17.9,150.0,18.4,0.34532,57.0,27.2
2023-05-27 16:00:00,0.0,1015.7,18.2,180.0,13.0,0.367278,56.0,27.8
2023-05-27 17:00:00,0.0,1015.5,17.8,160.0,20.5,0.419491,51.0,28.9
2023-05-27 18:00:00,0.0,1015.1,17.1,150.0,13.0,0.49222,49.0,28.9
2023-05-27 19:00:00,0.0,1016.0,17.8,130.0,17.0,0.497925,51.0,29.0
2023-05-27 20:00:00,0.0,1013.8,17.2,130.0,14.8,0.491355,51.0,28.3
2023-05-27 21:00:00,0.0,1013.4,17.8,120.0,20.5,0.482769,53.0,28.3
2023-05-27 22:00:00,0.0,1013.0,17.8,120.0,16.6,0.555095,51.0,28.9
2023-05-27 23:00:00,0.1,1012.4,17.2,120.0,16.6,0.548467,51.0,28.3
2023-05-28 00:00:00,0.0,1015.0,16.9,120.0,17.0,0.571404,54.0,27.0
2023-05-28 01:00:00,0.0,1013.3,17.8,100.0,9.4,0.574516,62.0,25.6
2023-05-28 02:00:00,0.0,1013.1,17.7,120.0,14.8,0.55642,64.0,25.0
2023-05-28 03:00:00,0.0,1014.5,17.8,170.0,14.8,0.533656,62.0,25.6
2023-05-28 04:00:00,0.0,1017.0,17.5,160.0,19.0,0.484267,67.0,24.0
2023-05-28 05:00:00,0.0,1014.6,17.9,150.0,13.0,0.437068,69.0,23.9
2023-05-28 06:00:00,0.0,1014.1,17.7,160.0,18.4,0.393615,71.0,23.3
2023-05-28 07:00:00,0.0,1014.0,18.3,160.0,11.2,0.35068,76.0,22.8
2023-05-28 08:00:00,0.0,1013.7,17.7,190.0,14.8,0.334659,73.0,22.8
2023-05-28 09:00:00,0.0,1016.0,18.2,180.0,13.0,0.3142,79.0,22.0
2023-05-28 10:00:00,0.0,1012.3,18.4,130.0,14.8,0.305556,79.0,22.2
2023-05-28 11:00:00,0.0,1011.9,18.3,110.0,13.0,0.291378,81.0,21.7
2023-05-28 12:00:00,0.0,1011.4,18.3,110.0,20.5,0.296104,81.0,21.7
2023-05-28 13:00:00,0.0,1013.1,19.0,160.0,11.2,0.308956,82.0,22.2
2023-05-28 14:00:00,0.0,1016.0,18.5,210.0,19.0,0.30884,76.0,23.0
2023-05-28 15:00:00,0.0,1015.0,17.9,210.0,11.2,0.328896,67.0,24.4
2023-05-28 16:00:00,0.0,1014.3,17.7,160.0,16.6,0.321461,60.0,26.1
2023-05-28 17:00:00,0.0,1013.6,17.8,120.0,22.3,0.391079,62.0,25.6
2023-05-28 18:00:00,0.0,1013.2,17.2,120.0,20.5,0.406005,58.0,26.1
2023-05-28 19:00:00,0.0,1014.0,18.1,130.0,22.0,0.384106,55.0,28.0
2023-05-28 20:00:00,0.0,1011.7,18.4,150.0,24.1,0.408714,55.0,28.3
2023-05-28 21:00:00,0.0,1011.8,17.3,180.0,16.6,0.457872,53.0,27.8
2023-05-28 22:00:00,0.0,1011.9,17.1,140.0,14.8,0.532215,54.0,27.2
2023-05-28 23:00:00,0.0,1014.0,18.0,150.0,15.0,0.552905,58.0,27.0
2023-05-29 00:00:00,0.1,1012.3,17.2,140.0,16.6,0.534809,58.0,26.1
2023-05-29 01:00:00,0.7,1012.4,17.7,160.0,14.8,0.521496,64.0,25.0
2023-05-29 02:00:00,0.8,1013.0,17.7,110.0,9.4,0.507319,71.0,23.3
2023-05-29 03:00:00,0.0,1013.4,18.3,110.0,7.6,0.492739,81.0,21.7
2023-05-29 04:00:00,0.0,1015.0,18.2,100.0,6.0,0.44917,84.0,21.0
2023-05-29 05:00:00,0.0,1012.6,18.3,110.0,7.6,0.402605,81.0,21.7
2023-05-29 06:00:00,0.0,1015.0,19.0,190.0,9.4,0.363186,82.0,22.2
2023-05-29 07:00:00,0.0,1012.7,18.9,180.0,7.6,0.343995,84.0,21.7
2023-05-29 08:00:00,0.0,1014.0,18.9,180.0,5.4,0.306132,84.0,21.7
2023-05-29 09:00:00,0.0,1014.0,19.2,212.0,5.5,0.301637,84.0,22.0
2023-05-29 10:00:00,0.0,1012.2,18.8,0.0,0.0,0.290687,93.0,20.0
2023-05-29 11:00:00,0.0,1013.0,18.9,360.0,5.4,0.28988,90.0,20.6
2023-05-29 12:00:00,0.0,1013.3,20.0,0.0,0.0,0.299447,90.0,21.7
2023-05-29 13:00:00,0.0,1015.0,19.6,171.0,6.0,0.293453,81.0,23.0
2023-05-29 14:00:00,0.0,1013.5,20.0,140.0,7.6,0.328492,79.0,23.9
2023-05-29 15:00:00,0.0,1015.0,20.3,160.0,9.0,0.371946,71.0,26.0
2023-05-29 16:00:00,0.0,1012.6,18.8,160.0,14.8,0.392981,62.0,26.7
2023-05-29 17:00:00,0.4,1012.2,17.8,180.0,14.8,0.467439,53.0,28.3
2023-05-29 18:00:00,0.3,1014.0,17.8,129.0,7.4,0.494525,51.0,29.0
2023-05-29 19:00:00,0.3,1011.1,18.2,180.0,18.4,0.543857,51.0,29.4
2023-05-29 20:00:00,0.1,1010.3,18.4,120.0,16.6,0.568407,55.0,28.3
2023-05-29 21:00:00,5.2,1009.8,18.2,110.0,18.4,0.508126,58.0,27.2
2023-05-29 22:00:00,1.7,1010.5,19.4,300.0,27.7,0.584428,84.0,22.2
2023-05-29 23:00:00,0.0,1013.0,18.8,220.0,17.0,0.315526,87.0,21.0
2023-05-30 00:00:00,0.3,1011.0,18.9,60.0,7.6,0.45113,90.0,20.6
